time_utc,liquid_mm,showers_frac,snowfall_cm,snow_depth_m,temperature_c,wind_ms,gust_ms,wind_dir_deg,cloud_cover,visibility_m,is_day,soil_moisture,cape,pbl_m,cin_missing,thunder_score,weather_code,audible,rain_field_only,event_id,run_elapsed,run_remaining,gap_to_next,burstiness,character
2026-01-14T00:00,0.0,0.0,0.0,0.0,6.8,0.9,2.0,177,0,9960.0,1,0.463,0.0,15.0,1,0.0,0,0,0.0,-1,-1,-1,-1,0.0,0.0
2026-01-14T01:00,0.0,0.0,0.0,0.0,12.4,0.29,2.6,301,0,14100.0,1,0.463,0.0,40.0,1,0.0,0,0,0.0,-1,-1,-1,-1,0.0,0.0
2026-01-14T02:00,0.0,0.0,0.0,0.0,17.3,1.05,4.1,301,0,15100.0,1,0.462,0.0,195.0,1,0.0,0,0,0.0,-1,-1,-1,-1,0.0,0.0
2026-01-14T03:00,0.0,0.0,0.0,0.0,20.9,1.46,4.9,232,0,15980.0,1,0.461,0.0,1005.0,1,0.0,0,0,0.0,-1,-1,-1,-1,0.0,0.0
2026-01-14T04:00,0.0,0.0,0.0,0.0,22.9,3.37,8.3,195,0,17760.0,1,0.459,0.0,1490.0,1,0.0,0,0,0.0,-1,-1,-1,-1,0.0,0.0
2026-01-14T05:00,0.0,0.0,0.0,0.0,23.4,3.83,9.5,200,0,17760.0,1,0.458,0.0,1620.0,1,0.0,0,0,0.0,-1,-1,-1,-1,0.0,0.0
2026-01-14T06:00,0.0,0.0,0.0,0.0,23.4,2.37,9.4,224,0,17760.0,1,0.448,0.0,1855.0,1,0.0,0,0,0.0,-1,-1,-1,-1,0.0,0.0
2026-01-14T07:00,0.0,0.0,0.0,0.0,24.1,1.99,6.5,205,0,17760.0,1,0.447,0.0,2015.0,1,0.0,0,0,0.0,-1,-1,-1,-1,0.0,0.0
2026-01-14T08:00,0.0,0.0,0.0,0.0,23.9,2.15,5.6,216,2,17780.0,1,0.446,0.0,2090.0,1,0.0,0,0,0.0,-1,-1,-1,-1,0.0,0.0
2026-01-14T09:00,0.0,0.0,0.0,0.0,21.8,1.17,5.3,230,5,17780.0,1,0.445,0.0,180.0,1,0.0,0,0,0.0,-1,-1,-1,-1,0.0,0.0
2026-01-14T10:00,0.0,0.0,0.0,0.0,18.9,0.27,2.0,202,15,17780.0,0,0.446,0.0,15.0,1,0.0,0,0,0.0,-1,-1,-1,-1,0.0,0.0
2026-01-14T11:00,0.0,0.0,0.0,0.0,17.1,0.11,0.7,153,15,16000.0,0,0.446,0.0,10.0,1,0.0,0,0,0.0,-1,-1,-1,-1,0.0,0.0
2026-01-14T12:00,0.0,0.0,0.0,0.0,15.8,0.56,1.5,170,45,15140.0,0,0.453,0.0,15.0,1,0.0,1,0,0.0,-1,-1,-1,-1,0.0,0.0
2026-01-14T13:00,0.0,0.0,0.0,0.0,15.3,0.85,1.5,152,32,15140.0,0,0.453,0.0,20.0,1,0.0,1,0,0.0,-1,-1,-1,-1,0.0,0.0
2026-01-14T14:00,0.0,0.0,0.0,0.0,15.0,0.54,1.5,158,36,15140.0,0,0.453,10.0,15.0,1,0.0,1,0,0.0,-1,-1,-1,-1,0.0,0.0
2026-01-14T15:00,0.0,0.0,0.0,0.0,14.2,0.73,1.3,164,35,14140.0,0,0.453,10.0,20.0,1,0.0,1,0,0.0,-1,-1,-1,-1,0.0,0.0
2026-01-14T16:00,0.0,0.0,0.0,0.0,14.5,0.11,1.3,117,100,15160.0,0,0.453,0.0,10.0,1,0.0,3,0,0.0,-1,-1,-1,-1,0.0,0.0
2026-01-14T17:00,0.0,0.0,0.0,0.0,14.6,0.28,0.6,135,76,15160.0,0,0.453,0.0,35.0,1,0.0,2,0,0.0,-1,-1,-1,-1,0.0,0.0
2026-01-14T18:00,0.0,0.0,0.0,0.0,13.9,0.58,1.0,211,88,14140.0,0,0.453,0.0,45.0,1,0.0,3,0,0.0,-1,-1,-1,-1,0.0,0.0
2026-01-14T19:00,0.0,0.0,0.0,0.0,13.5,0.7,1.4,201,55,14140.0,0,0.453,10.0,40.0,1,0.0,2,0,0.0,-1,-1,-1,-1,0.0,0.0
2026-01-14T20:00,0.0,0.0,0.0,0.0,13.5,0.45,1.3,174,42,14160.0,0,0.453,10.0,30.0,1,0.0,1,0,0.0,-1,-1,-1,-1,0.0,0.0
2026-01-14T21:00,0.0,0.0,0.0,0.0,13.6,0.3,0.9,171,98,14160.0,0,0.453,10.0,20.0,1,0.0,3,0,0.0,-1,-1,-1,-1,0.0,0.0
2026-01-14T22:00,0.0,0.0,0.0,0.0,13.1,0.16,0.7,252,99,14160.0,0,0.453,10.0,15.0,1,0.0,3,0,0.0,-1,-1,-1,-1,0.0,0.0
2026-01-14T23:00,0.0,0.0,0.0,0.0,12.2,0.21,0.5,284,4,12980.0,0,0.453,0.0,15.0,1,0.0,0,0,0.0,-1,-1,-1,-1,0.0,0.0
2026-01-15T00:00,0.0,0.0,0.0,0.0,12.0,0.64,0.9,231,0,12980.0,1,0.453,0.0,20.0,1,0.0,0,0,0.0,-1,-1,-1,-1,0.0,0.0
2026-01-15T01:00,0.0,0.0,0.0,0.0,14.9,0.95,3.2,288,2,14160.0,1,0.452,0.0,105.0,1,0.0,0,0,0.0,-1,-1,-1,-1,0.0,0.0
2026-01-15T02:00,0.0,0.0,0.0,0.0,17.8,0.61,3.4,325,4,15180.0,1,0.452,0.0,235.0,1,0.0,0,0,0.0,-1,-1,-1,-1,0.0,0.0
2026-01-15T03:00,0.0,0.0,0.0,0.0,20.2,1.15,4.7,326,2,16060.0,1,0.451,0.0,505.0,1,0.0,0,0,0.0,-1,-1,-1,-1,0.0,0.0
2026-01-15T04:00,0.0,0.0,0.0,0.0,21.8,1.47,5.6,305,1,16060.0,1,0.449,0.0,820.0,1,0.0,0,0,0.0,-1,-1,-1,-1,0.0,0.0
2026-01-15T05:00,0.0,0.0,0.0,0.0,22.9,1.46,5.6,286,0,17860.0,1,0.448,10.0,1290.0,1,0.0,0,0,0.0,-1,-1,-1,-1,0.0,0.0
2026-01-15T06:00,0.0,0.0,0.0,0.0,23.4,1.12,5.5,291,0,17880.0,1,0.447,10.0,1635.0,0,0.0,0,0,0.0,-1,-1,-1,-1,0.0,0.0
2026-01-15T07:00,0.0,0.0,0.0,0.0,24.1,1.05,4.7,295,2,17880.0,1,0.445,0.0,1950.0,1,0.0,0,0,0.0,-1,-1,-1,-1,0.0,0.0
2026-01-15T08:00,0.0,0.0,0.0,0.0,23.9,1.18,4.3,306,2,17880.0,1,0.444,0.0,2045.0,1,0.0,0,0,0.0,-1,-1,-1,-1,0.0,0.0
2026-01-15T09:00,0.0,0.0,0.0,0.0,22.1,0.89,3.9,344,24,17880.0,1,0.444,0.0,95.0,1,0.0,1,0,0.0,-1,-1,-1,-1,0.0,0.0
2026-01-15T10:00,0.0,0.0,0.0,0.0,18.7,0.97,1.5,55,9,16100.0,0,0.444,0.0,50.0,1,0.0,0,0,0.0,-1,-1,-1,-1,0.0,0.0
2026-01-15T11:00,0.0,0.0,0.0,0.0,16.8,1.27,2.1,116,4,16100.0,0,0.444,0.0,45.0,1,0.0,0,0,0.0,-1,-1,-1,-1,0.0,0.0
2026-01-15T12:00,0.0,0.0,0.0,0.0,17.0,0.38,2.4,157,34,16100.0,0,0.446,0.0,20.0,1,0.0,1,0,0.0,-1,-1,-1,-1,0.0,0.0
2026-01-15T13:00,0.0,0.0,0.0,0.0,16.5,0.43,1.0,144,9,15220.0,0,0.446,0.0,20.0,1,0.0,0,0,0.0,-1,-1,-1,-1,0.0,0.0
2026-01-15T14:00,0.0,0.0,0.0,0.0,15.0,0.18,0.9,146,20,15220.0,0,0.446,0.0,10.0,1,0.0,1,0,0.0,-1,-1,-1,-1,0.0,0.0
2026-01-15T15:00,0.0,0.0,0.0,0.0,14.3,0.43,0.9,159,14,14220.0,0,0.446,0.0,15.0,1,0.0,0,0,0.0,-1,-1,-1,-1,0.0,0.0
2026-01-15T16:00,0.0,0.0,0.0,0.0,13.7,0.34,1.0,153,21,14220.0,0,0.446,0.0,15.0,1,0.0,1,0,0.0,-1,-1,-1,-1,0.0,0.0
2026-01-15T17:00,0.0,0.0,0.0,0.0,13.1,0.29,0.9,149,29,14220.0,0,0.446,0.0,15.0,1,0.0,1,0,0.0,-1,-1,-1,-1,0.0,0.0
2026-01-15T18:00,0.0,0.0,0.0,0.0,12.8,0.5,0.9,180,63,14220.0,0,0.446,0.0,15.0,0,0.0,2,0,0.0,-1,-1,-1,-1,0.0,0.0
2026-01-15T19:00,0.0,0.0,0.0,0.0,13.0,0.62,1.2,166,100,14220.0,0,0.446,0.0,20.0,1,0.0,3,0,0.0,-1,-1,-1,-1,0.0,0.0
2026-01-15T20:00,0.0,0.0,0.0,0.0,14.3,0.14,1.3,135,100,14220.0,0,0.446,10.0,10.0,1,0.0,3,0,0.0,-1,-1,-1,-1,0.0,0.0
2026-01-15T21:00,0.0,0.0,0.0,0.0,14.3,0.32,0.7,129,100,14220.0,0,0.446,20.0,15.0,1,0.0,3,0,0.0,-1,-1,-1,-1,0.0,0.0
2026-01-15T22:00,0.0,0.0,0.0,0.0,14.1,0.63,1.5,162,95,14240.0,0,0.446,10.0,15.0,1,0.0,3,0,0.0,-1,-1,-1,-1,0.0,0.0
2026-01-15T23:00,0.0,0.0,0.0,0.0,13.9,0.59,1.3,160,73,14240.0,0,0.446,10.0,15.0,1,0.0,2,0,0.0,-1,-1,-1,-1,0.0,0.0
2026-01-16T00:00,0.0,0.0,0.0,0.0,14.1,0.15,1.3,180,12,14240.0,1,0.443,0.0,10.0,0,0.0,0,0,0.0,-1,-1,-1,-1,0.0,0.0
2026-01-16T01:00,0.0,0.0,0.0,0.0,17.6,0.79,2.6,288,89,14240.0,1,0.442,0.0,75.0,1,0.0,3,0,0.0,-1,-1,-1,-1,0.0,0.0
2026-01-16T02:00,0.0,0.0,0.0,0.0,19.3,1.49,4.4,284,100,11580.0,1,0.442,20.0,215.0,1,0.0,3,0,0.0,-1,-1,-1,-1,0.0,0.0
2026-01-16T03:00,0.0,0.0,0.0,0.0,20.0,1.41,4.5,253,98,15280.0,1,0.442,0.0,380.0,1,0.0,3,0,0.0,-1,-1,-1,-1,0.0,0.0
2026-01-16T04:00,0.0,0.0,0.0,0.0,20.7,1.25,4.5,254,100,15280.0,1,0.441,10.0,400.0,1,0.0,3,0,0.0,-1,-1,-1,-1,0.0,0.0
2026-01-16T05:00,0.0,0.0,0.0,0.0,21.2,1.25,4.0,275,100,12080.0,1,0.441,0.0,430.0,1,0.0,3,0,0.0,-1,-1,-1,-1,0.0,0.0
2026-01-16T06:00,0.0,0.0,0.0,0.0,21.2,1.24,3.9,317,100,15280.0,1,0.448,0.0,340.0,1,0.0,3,0,0.0,-1,-1,-1,-1,0.0,0.0
2026-01-16T07:00,0.0,0.0,0.0,0.0,21.5,2.23,5.6,344,37,15280.0,1,0.447,0.0,365.0,1,0.0,1,0,0.0,-1,-1,-1,-1,0.0,0.0
2026-01-16T08:00,0.0,0.0,0.0,0.0,20.9,2.28,5.9,9,30,15280.0,1,0.446,0.0,400.0,1,0.0,1,0,0.0,-1,-1,-1,-1,0.0,0.0
2026-01-16T09:00,0.0,0.0,0.0,0.0,20.3,1.42,5.3,42,17,15300.0,1,0.446,0.0,290.0,1,0.0,0,0,0.0,-1,-1,-1,-1,0.0,0.0
2026-01-16T10:00,0.0,0.0,0.0,0.0,18.4,0.54,2.7,34,66,15300.0,0,0.446,0.0,50.0,1,0.0,2,0,0.0,-1,-1,-1,-1,0.0,0.0
2026-01-16T11:00,0.0,0.0,0.0,0.0,17.8,0.56,0.9,63,100,15300.0,0,0.446,20.0,40.0,1,0.0,3,0,0.0,-1,-1,-1,-1,0.0,0.0
2026-01-16T12:00,0.0,0.0,0.0,0.0,17.4,1.07,1.6,79,31,14280.0,0,0.436,30.0,55.0,0,0.0,1,0,0.0,-1,-1,-1,-1,0.0,0.0
2026-01-16T13:00,0.0,0.0,0.0,0.0,15.8,1.16,1.7,7,16,13080.0,0,0.436,30.0,50.0,0,0.0,0,0,0.0,-1,-1,-1,-1,0.0,0.0
2026-01-16T14:00,0.0,0.0,0.0,0.0,15.2,0.63,1.7,18,30,13080.0,0,0.436,30.0,45.0,0,0.0,1,0,0.0,-1,-1,-1,-1,0.0,0.0
2026-01-16T15:00,0.0,0.0,0.0,0.0,14.8,0.2,1.0,90,38,13080.0,0,0.437,30.0,20.0,0,0.0,1,0,0.0,-1,-1,-1,-1,0.0,0.0
2026-01-16T16:00,0.0,0.0,0.0,0.0,14.2,0.4,0.8,270,46,11260.0,0,0.437,0.0,25.0,0,0.0,1,0,0.0,-1,-1,-1,-1,0.0,0.0
2026-01-16T17:00,0.0,0.0,0.0,0.0,13.9,0.18,0.7,214,99,10060.0,0,0.437,40.0,15.0,0,0.0,3,0,0.0,-1,-1,-1,-1,0.0,0.0
2026-01-16T18:00,0.1,0.0,0.0,0.0,13.9,0.36,1.8,34,80,6200.0,0,0.437,0.0,25.0,0,0.0,51,0,0.1,-1,-1,-1,-1,0.0,0.0
2026-01-16T19:00,0.1,0.0,0.0,0.0,13.6,0.22,0.7,153,78,4740.0,0,0.438,0.0,15.0,1,0.0,51,0,0.1,-1,-1,-1,-1,0.0,0.0
2026-01-16T20:00,0.4,0.5,0.0,0.0,14.0,0.15,0.4,360,73,4900.0,0,0.443,10.0,15.0,1,0.0,51,1,0.2,0,0,3,62,0.976,0.56
2026-01-16T21:00,1.7,0.882,0.0,0.0,13.6,0.07,0.5,225,87,5440.0,0,0.466,0.0,10.0,1,0.0,80,1,0.2,0,1,2,62,0.976,0.79
2026-01-16T22:00,0.3,1.0,0.0,0.0,13.3,0.54,1.1,34,70,6340.0,0,0.47,0.0,40.0,1,0.0,51,1,0.0,0,2,1,62,0.976,0.86
2026-01-16T23:00,0.1,0.0,0.0,0.0,13.3,0.14,1.0,225,100,4140.0,0,0.471,0.0,15.0,1,0.0,51,0,0.1,-1,-1,-1,-1,0.0,0.0
2026-01-17T00:00,0.1,0.0,0.0,0.0,13.4,0.21,0.5,256,43,6580.0,1,0.458,0.0,15.0,0,0.0,51,0,0.1,-1,-1,-1,-1,0.0,0.0
2026-01-17T01:00,0.0,0.0,0.0,0.0,14.7,1.15,3.4,358,80,2260.0,1,0.458,0.0,105.0,1,0.0,3,0,0.0,-1,-1,-1,-1,0.0,0.0
2026-01-17T02:00,0.0,0.0,0.0,0.0,16.5,1.63,4.7,27,100,9160.0,1,0.457,0.0,330.0,1,0.0,3,0,0.0,-1,-1,-1,-1,0.0,0.0
2026-01-17T03:00,0.0,0.0,0.0,0.0,17.3,1.83,5.3,11,100,8820.0,1,0.457,0.0,460.0,1,0.0,3,0,0.0,-1,-1,-1,-1,0.0,0.0
2026-01-17T04:00,0.0,0.0,0.0,0.0,17.9,2.4,6.6,356,100,11700.0,1,0.456,0.0,550.0,1,0.0,3,0,0.0,-1,-1,-1,-1,0.0,0.0
2026-01-17T05:00,0.0,0.0,0.0,0.0,18.5,2.41,6.9,6,100,13080.0,1,0.456,10.0,595.0,1,0.0,3,0,0.0,-1,-1,-1,-1,0.0,0.0
2026-01-17T06:00,0.0,0.0,0.0,0.0,18.9,2.3,7.2,1,40,10140.0,1,0.464,20.0,700.0,0,0.0,1,0,0.0,-1,-1,-1,-1,0.0,0.0
2026-01-17T07:00,0.0,0.0,0.0,0.0,20.0,2.34,6.8,11,47,14280.0,1,0.463,10.0,895.0,1,0.0,1,0,0.0,-1,-1,-1,-1,0.0,0.0
2026-01-17T08:00,0.0,0.0,0.0,0.0,19.9,2.61,6.7,12,31,14280.0,1,0.462,0.0,905.0,1,0.0,1,0,0.0,-1,-1,-1,-1,0.0,0.0
2026-01-17T09:00,0.0,0.0,0.0,0.0,19.0,2.75,6.8,16,27,14280.0,1,0.461,0.0,790.0,1,0.0,1,0,0.0,-1,-1,-1,-1,0.0,0.0
2026-01-17T10:00,0.0,0.0,0.0,0.0,16.4,1.35,6.0,15,22,13100.0,0,0.46,0.0,130.0,1,0.0,1,0,0.0,-1,-1,-1,-1,0.0,0.0
2026-01-17T11:00,0.0,0.0,0.0,0.0,15.0,1.03,2.3,39,19,13100.0,0,0.46,0.0,55.0,1,0.0,0,0,0.0,-1,-1,-1,-1,0.0,0.0
2026-01-17T12:00,0.0,0.0,0.0,0.0,14.5,1.14,1.7,67,10,11180.0,0,0.449,0.0,50.0,0,0.0,0,0,0.0,-1,-1,-1,-1,0.0,0.0
2026-01-17T13:00,0.0,0.0,0.0,0.0,14.1,1.28,2.1,69,11,11180.0,0,0.449,0.0,75.0,0,0.0,0,0,0.0,-1,-1,-1,-1,0.0,0.0
2026-01-17T14:00,0.0,0.0,0.0,0.0,13.9,0.74,2.2,62,6,11200.0,0,0.449,0.0,60.0,0,0.0,0,0,0.0,-1,-1,-1,-1,0.0,0.0
2026-01-17T15:00,0.0,0.0,0.0,0.0,13.5,0.35,1.3,45,0,10080.0,0,0.449,0.0,45.0,0,0.0,0,0,0.0,-1,-1,-1,-1,0.0,0.0
2026-01-17T16:00,0.0,0.0,0.0,0.0,12.8,0.11,0.7,207,20,10080.0,0,0.449,0.0,15.0,0,0.0,1,0,0.0,-1,-1,-1,-1,0.0,0.0
2026-01-17T17:00,0.0,0.0,0.0,0.0,12.2,0.1,0.5,180,52,8600.0,0,0.449,0.0,15.0,0,0.0,2,0,0.0,-1,-1,-1,-1,0.0,0.0
2026-01-17T18:00,0.0,0.0,0.0,0.0,11.6,0.28,0.5,225,96,5860.0,0,0.448,0.0,20.0,0,0.0,3,0,0.0,-1,-1,-1,-1,0.0,0.0
2026-01-17T19:00,0.0,0.0,0.0,0.0,11.6,0.21,0.8,194,89,8600.0,0,0.448,0.0,15.0,0,0.0,3,0,0.0,-1,-1,-1,-1,0.0,0.0
2026-01-17T20:00,0.0,0.0,0.0,0.0,11.6,0.27,0.6,68,46,8600.0,0,0.448,0.0,25.0,0,0.0,1,0,0.0,-1,-1,-1,-1,0.0,0.0
2026-01-17T21:00,0.0,0.0,0.0,0.0,11.6,0.38,0.5,23,100,2560.0,0,0.448,0.0,45.0,0,0.0,3,0,0.0,-1,-1,-1,-1,0.0,0.0
2026-01-17T22:00,0.0,0.0,0.0,0.0,11.2,0.78,1.0,15,100,200.0,0,0.448,0.0,60.0,0,0.0,3,0,0.0,-1,-1,-1,-1,0.0,0.0
2026-01-17T23:00,0.0,0.0,0.0,0.0,11.1,0.67,1.1,13,100,80.0,0,0.448,0.0,70.0,0,0.0,3,0,0.0,-1,-1,-1,-1,0.0,0.0
2026-01-18T00:00,0.0,0.0,0.0,0.0,12.0,0.81,2.1,300,100,60.0,1,0.449,0.0,40.0,0,0.0,3,0,0.0,-1,-1,-1,-1,0.0,0.0
2026-01-18T01:00,0.0,0.0,0.0,0.0,13.1,1.24,3.5,317,100,140.0,1,0.449,0.0,60.0,0,0.0,3,0,0.0,-1,-1,-1,-1,0.0,0.0
2026-01-18T02:00,0.0,0.0,0.0,0.0,15.0,1.58,4.6,325,98,2000.0,1,0.449,0.0,135.0,0,0.0,3,0,0.0,-1,-1,-1,-1,0.0,0.0
2026-01-18T03:00,0.0,0.0,0.0,0.0,18.0,1.81,5.7,336,30,13100.0,1,0.448,0.0,210.0,0,0.0,1,0,0.0,-1,-1,-1,-1,0.0,0.0
2026-01-18T04:00,0.0,0.0,0.0,0.0,20.9,1.7,5.9,346,5,13240.0,1,0.447,0.0,380.0,0,0.0,0,0,0.0,-1,-1,-1,-1,0.0,0.0
2026-01-18T05:00,0.0,0.0,0.0,0.0,22.9,1.47,6.0,342,6,15320.0,1,0.446,30.0,550.0,0,0.0,0,0,0.0,-1,-1,-1,-1,0.0,0.0
2026-01-18T06:00,0.0,0.0,0.0,0.0,23.3,1.07,5.5,307,13,15320.0,1,0.445,60.0,890.0,0,0.0,0,0,0.0,-1,-1,-1,-1,0.0,0.0
2026-01-18T07:00,0.0,0.0,0.0,0.0,24.3,0.81,4.4,300,18,16220.0,1,0.444,50.0,1070.0,0,0.0,0,0,0.0,-1,-1,-1,-1,0.0,0.0
2026-01-18T08:00,0.0,0.0,0.0,0.0,24.3,0.75,3.8,323,9,16460.0,1,0.443,30.0,905.0,0,0.0,0,0,0.0,-1,-1,-1,-1,0.0,0.0
2026-01-18T09:00,0.0,0.0,0.0,0.0,22.9,0.78,3.2,345,3,15440.0,1,0.443,20.0,75.0,0,0.0,0,0,0.0,-1,-1,-1,-1,0.0,0.0
2026-01-18T10:00,0.0,0.0,0.0,0.0,19.8,0.7,1.6,69,1,15320.0,1,0.443,0.0,35.0,0,0.0,0,0,0.0,-1,-1,-1,-1,0.0,0.0
2026-01-18T11:00,0.0,0.0,0.0,0.0,18.3,0.58,1.1,149,2,14300.0,0,0.443,0.0,20.0,0,0.0,0,0,0.0,-1,-1,-1,-1,0.0,0.0
2026-01-18T12:00,0.0,0.0,0.0,0.0,16.0,0.81,1.1,137,0,13100.0,0,0.442,0.0,15.0,0,0.0,0,0,0.0,-1,-1,-1,-1,0.0,0.0
2026-01-18T13:00,0.0,0.0,0.0,0.0,14.4,0.43,2.0,111,0,13100.0,0,0.442,20.0,10.0,0,0.0,0,0,0.0,-1,-1,-1,-1,0.0,0.0
2026-01-18T14:00,0.0,0.0,0.0,0.0,14.7,0.36,1.1,106,11,13100.0,0,0.442,20.0,10.0,0,0.0,0,0,0.0,-1,-1,-1,-1,0.0,0.0
2026-01-18T15:00,0.0,0.0,0.0,0.0,15.2,0.25,0.7,217,23,13100.0,0,0.442,20.0,35.0,0,0.0,1,0,0.0,-1,-1,-1,-1,0.0,0.0
2026-01-18T16:00,0.0,0.0,0.0,0.0,14.2,0.96,1.3,332,45,10080.0,0,0.442,30.0,95.0,0,0.0,1,0,0.0,-1,-1,-1,-1,0.0,0.0
2026-01-18T17:00,0.1,1.0,0.0,0.0,13.8,2.15,3.6,12,50,5860.0,0,0.443,30.0,210.0,0,0.0,51,0,0.0,-1,-1,-1,-1,0.0,0.0
2026-01-18T18:00,0.0,0.0,0.0,0.0,13.0,2.68,5.2,14,100,200.0,0,0.443,40.0,255.0,0,0.0,3,0,0.0,-1,-1,-1,-1,0.0,0.0
2026-01-18T19:00,0.0,0.0,0.0,0.0,11.9,2.8,5.8,1,100,200.0,0,0.443,30.0,270.0,0,0.0,3,0,0.0,-1,-1,-1,-1,0.0,0.0
2026-01-18T20:00,0.0,0.0,0.0,0.0,11.0,2.45,5.6,358,100,340.0,0,0.443,30.0,280.0,0,0.0,3,0,0.0,-1,-1,-1,-1,0.0,0.0
2026-01-18T21:00,0.0,0.0,0.0,0.0,10.4,2.45,5.0,2,100,5020.0,0,0.443,20.0,275.0,0,0.0,3,0,0.0,-1,-1,-1,-1,0.0,0.0
2026-01-18T22:00,0.0,0.0,0.0,0.0,9.9,2.8,5.9,1,100,6920.0,0,0.444,10.0,310.0,1,0.0,3,0,0.0,-1,-1,-1,-1,0.0,0.0
2026-01-18T23:00,0.0,0.0,0.0,0.0,9.4,2.71,6.0,4,100,7040.0,0,0.444,10.0,350.0,0,0.0,3,0,0.0,-1,-1,-1,-1,0.0,0.0
2026-01-19T00:00,0.0,0.0,0.0,0.0,9.1,2.89,6.1,14,100,820.0,1,0.444,10.0,400.0,1,0.0,3,0,0.0,-1,-1,-1,-1,0.0,0.0
2026-01-19T01:00,0.0,0.0,0.0,0.0,9.2,3.29,7.2,9,100,1120.0,1,0.444,10.0,435.0,1,0.0,3,0,0.0,-1,-1,-1,-1,0.0,0.0
2026-01-19T02:00,0.0,0.0,0.0,0.0,9.2,3.2,7.4,10,100,7380.0,1,0.444,20.0,475.0,1,0.0,3,0,0.0,-1,-1,-1,-1,0.0,0.0
2026-01-19T03:00,0.1,0.0,0.0,0.0,9.3,2.95,7.3,11,100,7320.0,1,0.445,10.0,480.0,1,0.0,51,0,0.1,-1,-1,-1,-1,0.0,0.0
2026-01-19T04:00,0.0,0.0,0.0,0.0,9.7,2.81,7.2,12,100,9240.0,1,0.445,10.0,530.0,1,0.0,3,0,0.0,-1,-1,-1,-1,0.0,0.0
2026-01-19T05:00,0.0,0.0,0.0,0.0,9.8,2.73,7.1,8,100,10000.0,1,0.445,10.0,560.0,1,0.0,3,0,0.0,-1,-1,-1,-1,0.0,0.0
2026-01-19T06:00,0.0,0.0,0.0,0.0,8.7,2.84,7.2,14,100,11800.0,1,0.447,0.0,610.0,0,0.0,3,0,0.0,-1,-1,-1,-1,0.0,0.0
2026-01-19T07:00,0.0,0.0,0.0,0.0,8.8,3.13,7.6,13,100,13120.0,1,0.446,0.0,580.0,1,0.0,3,0,0.0,-1,-1,-1,-1,0.0,0.0
2026-01-19T08:00,0.0,0.0,0.0,0.0,8.6,3.28,7.7,16,100,13120.0,1,0.446,10.0,585.0,1,0.0,3,0,0.0,-1,-1,-1,-1,0.0,0.0
2026-01-19T09:00,0.0,0.0,0.0,0.0,8.0,3.46,7.7,20,100,7460.0,1,0.446,10.0,595.0,1,0.0,3,0,0.0,-1,-1,-1,-1,0.0,0.0
2026-01-19T10:00,0.2,0.0,0.0,0.0,7.2,3.4,7.8,20,100,5180.0,1,0.447,20.0,560.0,1,0.0,51,0,0.2,-1,-1,-1,-1,0.0,0.0
2026-01-19T11:00,0.2,0.0,0.0,0.0,6.7,2.94,7.1,21,100,5480.0,0,0.448,20.0,545.0,0,0.0,51,0,0.2,-1,-1,-1,-1,0.0,0.0
2026-01-19T12:00,0.1,0.0,0.0,0.0,5.3,3.15,6.9,18,100,3580.0,0,0.467,30.0,550.0,0,0.0,51,0,0.1,-1,-1,-1,-1,0.0,0.0
2026-01-19T13:00,0.3,0.0,0.0,0.0,4.9,3.46,7.3,18,100,5280.0,0,0.47,40.0,560.0,0,0.0,51,1,0.3,1,0,1,11,0.0,0
2026-01-19T14:00,0.1,0.0,0.0,0.0,4.5,3.29,7.7,20,100,7200.0,0,0.47,40.0,545.0,0,0.0,51,0,0.1,-1,-1,-1,-1,0.0,0.0
2026-01-19T15:00,0.1,0.0,0.0,0.0,4.1,3.32,7.4,16,100,2300.0,0,0.469,30.0,560.0,0,0.0,51,0,0.1,-1,-1,-1,-1,0.0,0.0
2026-01-19T16:00,0.1,0.0,0.0,0.0,3.8,3.36,7.5,15,100,7300.0,0,0.469,20.0,555.0,0,0.0,51,0,0.1,-1,-1,-1,-1,0.0,0.0
2026-01-19T17:00,0.0,0.0,0.0,0.0,3.5,3.47,7.6,15,100,11300.0,0,0.469,10.0,550.0,0,0.0,3,0,0.0,-1,-1,-1,-1,0.0,0.0
2026-01-19T18:00,0.0,0.0,0.0,0.0,3.3,3.84,7.8,18,100,9480.0,0,0.468,10.0,615.0,0,0.0,3,0,0.0,-1,-1,-1,-1,0.0,0.0
2026-01-19T19:00,0.0,0.0,0.0,0.0,3.0,4.16,9.0,18,100,7760.0,0,0.468,0.0,650.0,0,0.0,3,0,0.0,-1,-1,-1,-1,0.0,0.0
2026-01-19T20:00,0.1,0.0,0.0,0.0,2.8,3.83,9.0,17,100,6660.0,0,0.468,0.0,680.0,0,0.0,51,0,0.1,-1,-1,-1,-1,0.0,0.0
2026-01-19T21:00,0.1,0.0,0.0,0.0,2.6,3.53,8.2,18,100,6760.0,0,0.468,0.0,635.0,0,0.0,51,0,0.1,-1,-1,-1,-1,0.0,0.0
2026-01-19T22:00,0.1,0.0,0.0,0.0,2.2,3.61,7.9,17,100,6080.0,0,0.468,0.0,620.0,0,0.0,51,0,0.1,-1,-1,-1,-1,0.0,0.0
2026-01-19T23:00,0.1,0.0,0.0,0.0,2.0,3.58,8.2,15,100,5980.0,0,0.469,0.0,590.0,0,0.0,51,0,0.1,-1,-1,-1,-1,0.0,0.0
2026-01-20T00:00,0.1,0.0,0.0,0.0,2.0,3.63,8.1,12,100,5400.0,1,0.471,20.0,675.0,0,0.0,51,0,0.1,-1,-1,-1,-1,0.0,0.0
2026-01-20T01:00,0.3,0.0,0.0,0.0,2.0,3.63,8.5,8,100,4900.0,1,0.472,10.0,615.0,0,0.0,51,1,0.3,2,0,1,2,0.0,0
2026-01-20T02:00,0.2,0.0,0.0,0.0,2.2,3.66,8.7,10,100,5740.0,1,0.473,0.0,575.0,0,0.0,51,0,0.2,-1,-1,-1,-1,0.0,0.0
2026-01-20T03:00,0.2,0.0,0.0,0.0,2.7,3.72,8.4,6,100,5940.0,1,0.473,0.0,665.0,0,0.0,51,0,0.2,-1,-1,-1,-1,0.0,0.0
2026-01-20T04:00,0.3,0.333,0.0,0.0,2.6,3.86,8.7,4,100,5140.0,1,0.474,10.0,715.0,0,0.0,51,1,0.2,3,0,1,11,0.0,0.2
2026-01-20T05:00,0.2,0.333,0.07,0.0,2.4,3.85,8.7,1,100,5400.0,1,0.475,10.0,740.0,0,0.0,85,0,0.1,-1,-1,-1,-1,0.0,0.0
2026-01-20T06:00,0.1,0.5,0.07,0.0,1.4,3.55,8.9,10,100,6340.0,1,0.494,10.0,745.0,0,0.0,85,0,0.0,-1,-1,-1,-1,0.0,0.0
2026-01-20T07:00,0.0,1.0,0.07,0.0,1.5,3.73,8.5,8,100,6760.0,1,0.491,10.0,750.0,0,0.0,85,0,0.0,-1,-1,-1,-1,0.0,0.0
2026-01-20T08:00,0.1,0.0,0.0,0.0,1.5,3.42,8.4,12,100,8480.0,1,0.489,0.0,695.0,0,0.0,51,0,0.1,-1,-1,-1,-1,0.0,0.0
2026-01-20T09:00,0.0,0.0,0.0,0.0,1.5,3.52,7.8,15,100,9720.0,1,0.487,0.0,665.0,0,0.0,3,0,0.0,-1,-1,-1,-1,0.0,0.0
2026-01-20T10:00,0.0,0.0,0.0,0.0,1.3,3.69,8.1,13,100,7300.0,1,0.485,0.0,660.0,0,0.0,3,0,0.0,-1,-1,-1,-1,0.0,0.0
2026-01-20T11:00,0.1,0.0,0.07,0.0,0.9,3.56,8.2,11,100,5080.0,0,0.485,10.0,665.0,0,0.0,71,0,0.1,-1,-1,-1,-1,0.0,0.0
2026-01-20T12:00,0.1,0.0,0.07,0.0,0.3,3.37,7.8,7,100,4620.0,0,0.493,10.0,675.0,0,0.0,71,0,0.1,-1,-1,-1,-1,0.0,0.0
2026-01-20T13:00,0.1,0.5,0.07,0.0,0.3,3.52,8.0,7,100,5920.0,0,0.491,10.0,605.0,0,0.0,85,0,0.0,-1,-1,-1,-1,0.0,0.0
2026-01-20T14:00,0.0,1.0,0.07,0.0,0.2,3.59,7.9,9,100,6080.0,0,0.489,30.0,585.0,0,0.0,85,0,0.0,-1,-1,-1,-1,0.0,0.0
2026-01-20T15:00,0.1,0.5,0.07,0.0,-0.0,3.59,7.9,9,100,3840.0,0,0.488,30.0,595.0,0,0.0,85,0,0.0,-1,-1,-1,-1,0.0,0.0
2026-01-20T16:00,0.4,0.2,0.07,0.0,-0.3,3.38,7.9,8,100,3480.0,0,0.49,10.0,550.0,0,0.0,85,1,0.3,4,0,5,4,1.019,0.392
2026-01-20T17:00,0.1,0.5,0.07,0.0,-0.3,2.92,7.4,6,100,5580.0,0,0.489,10.0,545.0,0,0.0,85,0,0.0,4,1,4,4,1.019,0.572
2026-01-20T18:00,0.4,0.2,0.07,0.0,-0.8,3.01,6.8,4,100,2100.0,0,0.488,10.0,505.0,0,0.0,85,1,0.3,4,2,3,4,1.019,0.392
2026-01-20T19:00,1.5,0.062,0.07,0.0,-0.7,3.42,7.3,18,100,2500.0,0,0.504,10.0,515.0,0,0.0006,85,1,1.4,4,3,2,4,1.019,0.309
2026-01-20T20:00,0.3,0.0,0.07,0.0,-0.7,3.14,7.6,14,100,4280.0,0,0.502,10.0,475.0,0,0.0,71,1,0.3,4,4,1,4,1.019,0.272
2026-01-20T21:00,0.0,1.0,0.07,0.0,-0.7,3.02,7.0,16,100,4580.0,0,0.498,0.0,425.0,0,0.0,85,0,0.0,-1,-1,-1,-1,0.0,0.0
2026-01-20T22:00,0.1,0.0,0.0,0.0,-0.6,2.59,6.7,10,100,2480.0,0,0.495,20.0,355.0,0,0.0,51,0,0.1,-1,-1,-1,-1,0.0,0.0
2026-01-20T23:00,0.1,0.5,0.07,0.0,-0.5,2.9,6.5,359,100,4760.0,0,0.493,0.0,440.0,0,0.0,85,0,0.0,-1,-1,-1,-1,0.0,0.0
2026-01-21T00:00,0.1,0.5,0.07,0.0,-0.8,3.0,6.5,359,100,2500.0,1,0.499,20.0,465.0,0,0.0,85,0,0.0,-1,-1,-1,-1,0.0,0.0
2026-01-21T01:00,0.8,0.111,0.07,0.0,-0.6,2.61,6.8,4,100,4440.0,1,0.504,10.0,405.0,0,0.0,85,1,0.7,5,0,1,12,0.0,0.067
2026-01-21T02:00,0.2,0.333,0.07,0.0,-0.1,2.82,6.5,6,100,4320.0,1,0.501,10.0,450.0,0,0.0,85,0,0.1,-1,-1,-1,-1,0.0,0.0
2026-01-21T03:00,0.1,0.5,0.07,0.0,0.3,2.98,6.9,9,100,6080.0,1,0.498,10.0,480.0,0,0.0,85,0,0.0,-1,-1,-1,-1,0.0,0.0
2026-01-21T04:00,0.1,0.5,0.07,0.01,0.4,3.12,7.3,6,100,4960.0,1,0.496,10.0,600.0,0,0.0,85,0,0.0,-1,-1,-1,-1,0.0,0.0
2026-01-21T05:00,0.2,0.333,0.07,0.01,0.5,3.15,7.3,10,100,5460.0,1,0.495,10.0,555.0,0,0.0,85,0,0.1,-1,-1,-1,-1,0.0,0.0
2026-01-21T06:00,0.1,0.0,0.0,0.01,-0.1,3.03,7.5,13,100,8020.0,1,0.52,10.0,685.0,0,0.0,51,0,0.1,-1,-1,-1,-1,0.0,0.0
2026-01-21T07:00,0.0,0.0,0.07,0.01,0.7,3.35,7.8,14,100,9320.0,1,0.497,10.0,730.0,0,0.0,71,0,0.0,-1,-1,-1,-1,0.0,0.0
2026-01-21T08:00,0.0,0.0,0.0,0.01,0.7,3.17,7.8,16,100,7840.0,1,0.496,0.0,710.0,0,0.0,3,0,0.0,-1,-1,-1,-1,0.0,0.0
2026-01-21T09:00,0.1,0.0,0.0,0.01,0.8,3.17,7.1,21,100,7600.0,1,0.495,20.0,705.0,0,0.0,51,0,0.1,-1,-1,-1,-1,0.0,0.0
2026-01-21T10:00,0.1,0.0,0.0,0.01,0.6,2.75,7.1,19,100,7500.0,1,0.494,20.0,635.0,0,0.0,51,0,0.1,-1,-1,-1,-1,0.0,0.0
2026-01-21T11:00,0.0,0.0,0.0,0.01,0.5,3.02,6.3,12,100,7960.0,0,0.493,20.0,635.0,0,0.0,3,0,0.0,-1,-1,-1,-1,0.0,0.0
2026-01-21T12:00,0.0,0.0,0.0,0.0,-0.6,2.41,6.3,6,100,5720.0,0,0.516,10.0,500.0,0,0.0,3,0,0.0,-1,-1,-1,-1,0.0,0.0
2026-01-21T13:00,0.1,0.5,0.07,0.0,-0.7,3.38,7.3,19,100,4120.0,0,0.507,20.0,545.0,0,0.0,85,0,0.0,-1,-1,-1,-1,0.0,0.0
2026-01-21T14:00,0.3,0.0,0.0,0.0,-0.9,2.75,7.1,2,100,5200.0,0,0.504,10.0,510.0,0,0.0,51,1,0.3,6,0,4,2,0.471,0.126
2026-01-21T15:00,0.1,0.5,0.07,0.0,-1.1,2.87,6.2,7,100,4120.0,0,0.501,10.0,475.0,0,0.0,85,0,0.0,6,1,3,2,0.471,0.426
2026-01-21T16:00,0.4,0.0,0.07,0.01,-1.1,2.17,6.6,19,100,3080.0,0,0.503,20.0,385.0,0,0.0,71,1,0.4,6,2,2,2,0.471,0.126
2026-01-21T17:00,0.4,0.0,0.0,0.01,-1.1,2.04,5.1,17,100,4580.0,0,0.503,10.0,345.0,0,0.0,51,1,0.4,6,3,1,2,0.471,0.126
2026-01-21T18:00,0.2,0.0,0.0,0.01,-1.4,2.07,4.9,7,100,3440.0,0,0.501,10.0,280.0,0,0.0,51,0,0.2,-1,-1,-1,-1,0.0,0.0
2026-01-21T19:00,0.2,0.0,0.07,0.01,-1.4,2.41,5.7,6,100,2420.0,0,0.501,20.0,315.0,0,0.0,71,0,0.2,-1,-1,-1,-1,0.0,0.0
2026-01-21T20:00,0.5,0.0,0.21,0.01,-1.3,2.51,5.7,17,100,2920.0,0,0.504,20.0,315.0,0,0.0,73,1,0.5,7,0,1,119,0.0,0
2026-01-21T21:00,0.0,0.5,0.14,0.01,-1.2,2.47,5.8,7,100,4320.0,0,0.501,10.0,330.0,0,0.0,85,0,0.0,-1,-1,-1,-1,0.0,0.0
2026-01-21T22:00,0.0,1.0,0.07,0.01,-1.2,2.28,5.6,9,100,4200.0,0,0.499,0.0,300.0,0,0.0,85,0,0.0,-1,-1,-1,-1,0.0,0.0
2026-01-21T23:00,0.0,1.0,0.07,0.01,-1.3,2.21,5.1,5,100,4180.0,0,0.497,0.0,305.0,0,0.0,85,0,0.0,-1,-1,-1,-1,0.0,0.0
2026-01-22T00:00,0.0,0.0,0.0,0.0,-1.5,2.33,5.0,350,100,5540.0,1,0.5,10.0,330.0,0,0.0,3,0,0.0,-1,-1,-1,-1,0.0,0.0
2026-01-22T01:00,0.1,0.0,0.0,0.01,-1.1,2.38,5.4,15,100,4500.0,1,0.498,10.0,355.0,0,0.0,51,0,0.1,-1,-1,-1,-1,0.0,0.0
2026-01-22T02:00,0.1,0.0,0.07,0.01,-0.5,2.87,6.8,13,100,5620.0,1,0.497,10.0,520.0,0,0.0,71,0,0.1,-1,-1,-1,-1,0.0,0.0
2026-01-22T03:00,0.1,0.0,0.0,0.01,0.1,2.41,6.7,6,100,7560.0,1,0.496,10.0,600.0,0,0.0,51,0,0.1,-1,-1,-1,-1,0.0,0.0
2026-01-22T04:00,0.0,0.0,0.07,0.01,0.9,2.33,6.4,10,100,11480.0,1,0.494,10.0,685.0,0,0.0,71,0,0.0,-1,-1,-1,-1,0.0,0.0
2026-01-22T05:00,0.0,0.0,0.0,0.01,1.5,2.25,6.2,17,100,12740.0,1,0.493,0.0,715.0,0,0.0,3,0,0.0,-1,-1,-1,-1,0.0,0.0
2026-01-22T06:00,0.0,0.0,0.0,0.01,0.3,1.94,6.2,18,100,12400.0,1,0.513,10.0,700.0,0,0.0,3,0,0.0,-1,-1,-1,-1,0.0,0.0
2026-01-22T07:00,0.0,0.0,0.0,0.01,0.6,2.29,5.8,20,100,12820.0,1,0.507,0.0,695.0,0,0.0,3,0,0.0,-1,-1,-1,-1,0.0,0.0
2026-01-22T08:00,0.0,0.0,0.0,0.01,0.8,2.27,5.7,22,100,12840.0,1,0.503,0.0,695.0,0,0.0,3,0,0.0,-1,-1,-1,-1,0.0,0.0
2026-01-22T09:00,0.0,0.0,0.0,0.01,0.7,1.98,5.5,34,100,12880.0,1,0.501,0.0,625.0,0,0.0,3,0,0.0,-1,-1,-1,-1,0.0,0.0
2026-01-22T10:00,0.0,0.0,0.0,0.01,0.7,1.52,4.6,46,97,12880.0,1,0.499,0.0,545.0,0,0.0,3,0,0.0,-1,-1,-1,-1,0.0,0.0
2026-01-22T11:00,0.0,0.0,0.0,0.01,0.7,1.27,3.4,45,91,13080.0,0,0.498,0.0,560.0,0,0.0,3,0,0.0,-1,-1,-1,-1,0.0,0.0
2026-01-22T12:00,0.0,0.0,0.0,0.0,0.1,1.31,2.5,50,100,12420.0,0,0.494,0.0,495.0,0,0.0,3,0,0.0,-1,-1,-1,-1,0.0,0.0
2026-01-22T13:00,0.0,0.0,0.0,0.0,0.1,1.7,3.5,47,100,12680.0,0,0.492,0.0,495.0,0,0.0,3,0,0.0,-1,-1,-1,-1,0.0,0.0
2026-01-22T14:00,0.0,0.0,0.0,0.0,0.2,1.66,3.9,44,100,12540.0,0,0.491,0.0,485.0,0,0.0,3,0,0.0,-1,-1,-1,-1,0.0,0.0
2026-01-22T15:00,0.0,0.0,0.0,0.0,0.2,1.4,3.6,35,100,12940.0,0,0.491,0.0,470.0,0,0.0,3,0,0.0,-1,-1,-1,-1,0.0,0.0
2026-01-22T16:00,0.0,0.0,0.0,0.0,0.3,1.07,3.2,28,100,13040.0,0,0.49,0.0,435.0,0,0.0,3,0,0.0,-1,-1,-1,-1,0.0,0.0
2026-01-22T17:00,0.0,0.0,0.0,0.0,0.4,0.54,2.5,22,93,13160.0,0,0.489,0.0,415.0,0,0.0,3,0,0.0,-1,-1,-1,-1,0.0,0.0
2026-01-22T18:00,0.0,0.0,0.0,0.0,0.5,0.34,1.7,243,85,13120.0,0,0.489,0.0,345.0,0,0.0,3,0,0.0,-1,-1,-1,-1,0.0,0.0
2026-01-22T19:00,0.0,0.0,0.0,0.0,0.3,0.75,2.0,270,82,11340.0,0,0.488,0.0,330.0,0,0.0,3,0,0.0,-1,-1,-1,-1,0.0,0.0
2026-01-22T20:00,0.0,0.0,0.0,0.0,-0.4,0.54,2.0,304,74,11340.0,0,0.488,0.0,95.0,0,0.0,2,0,0.0,-1,-1,-1,-1,0.0,0.0
2026-01-22T21:00,0.0,0.0,0.0,0.0,-0.8,0.4,1.1,360,92,10140.0,0,0.487,0.0,50.0,0,0.0,3,0,0.0,-1,-1,-1,-1,0.0,0.0
2026-01-22T22:00,0.0,0.0,0.0,0.0,-0.3,0.5,1.4,37,100,11300.0,0,0.487,0.0,120.0,0,0.0,3,0,0.0,-1,-1,-1,-1,0.0,0.0
2026-01-22T23:00,0.0,0.0,0.0,0.0,-0.1,0.81,1.5,30,100,11280.0,0,0.486,0.0,290.0,0,0.0,3,0,0.0,-1,-1,-1,-1,0.0,0.0
2026-01-23T00:00,0.0,0.0,0.0,0.0,-0.1,1.1,3.1,66,100,11300.0,1,0.483,0.0,345.0,0,0.0,3,0,0.0,-1,-1,-1,-1,0.0,0.0
2026-01-23T01:00,0.0,0.0,0.0,0.0,0.7,0.86,3.1,54,100,13160.0,1,0.482,0.0,400.0,0,0.0,3,0,0.0,-1,-1,-1,-1,0.0,0.0
2026-01-23T02:00,0.0,0.0,0.0,0.0,2.0,0.76,3.6,349,84,13160.0,1,0.482,0.0,440.0,0,0.0,3,0,0.0,-1,-1,-1,-1,0.0,0.0
2026-01-23T03:00,0.0,0.0,0.0,0.0,3.8,1.03,4.2,321,55,14340.0,1,0.482,0.0,515.0,0,0.0,2,0,0.0,-1,-1,-1,-1,0.0,0.0
2026-01-23T04:00,0.0,0.0,0.0,0.0,6.3,1.2,5.3,312,42,15360.0,1,0.482,0.0,490.0,0,0.0,1,0,0.0,-1,-1,-1,-1,0.0,0.0
2026-01-23T05:00,0.0,0.0,0.0,0.0,8.8,1.14,5.5,308,6,15360.0,1,0.482,0.0,515.0,0,0.0,0,0,0.0,-1,-1,-1,-1,0.0,0.0
2026-01-23T06:00,0.0,0.0,0.0,0.0,9.1,1.24,5.4,320,1,15360.0,1,0.488,0.0,570.0,0,0.0,0,0,0.0,-1,-1,-1,-1,0.0,0.0
2026-01-23T07:00,0.0,0.0,0.0,0.0,10.9,1.22,5.3,351,8,16240.0,1,0.488,0.0,565.0,0,0.0,0,0,0.0,-1,-1,-1,-1,0.0,0.0
2026-01-23T08:00,0.0,0.0,0.0,0.0,11.2,1.5,5.1,358,10,16240.0,1,0.487,0.0,565.0,0,0.0,0,0,0.0,-1,-1,-1,-1,0.0,0.0
2026-01-23T09:00,0.0,0.0,0.0,0.0,10.4,1.39,4.9,15,49,16240.0,1,0.487,0.0,435.0,0,0.0,1,0,0.0,-1,-1,-1,-1,0.0,0.0
2026-01-23T10:00,0.0,0.0,0.0,0.0,7.6,1.12,3.5,58,100,15360.0,1,0.486,0.0,65.0,0,0.0,3,0,0.0,-1,-1,-1,-1,0.0,0.0
2026-01-23T11:00,0.0,0.0,0.0,0.0,6.9,1.39,2.5,69,100,14340.0,0,0.486,0.0,60.0,0,0.0,3,0,0.0,-1,-1,-1,-1,0.0,0.0
2026-01-23T12:00,0.0,0.0,0.0,0.0,6.8,0.9,2.8,90,100,14340.0,0,0.49,0.0,30.0,0,0.0,3,0,0.0,-1,-1,-1,-1,0.0,0.0
2026-01-23T13:00,0.0,0.0,0.0,0.0,6.7,1.53,2.7,32,100,14340.0,0,0.489,0.0,205.0,0,0.0,3,0,0.0,-1,-1,-1,-1,0.0,0.0
2026-01-23T14:00,0.0,0.0,0.0,0.0,6.1,1.42,3.2,32,100,13160.0,0,0.488,0.0,175.0,0,0.0,3,0,0.0,-1,-1,-1,-1,0.0,0.0
2026-01-23T15:00,0.0,0.0,0.0,0.0,5.8,0.88,2.7,43,100,13160.0,0,0.487,0.0,70.0,0,0.0,3,0,0.0,-1,-1,-1,-1,0.0,0.0
2026-01-23T16:00,0.0,0.0,0.0,0.0,5.5,1.05,1.9,31,100,13160.0,0,0.486,0.0,100.0,0,0.0,3,0,0.0,-1,-1,-1,-1,0.0,0.0
2026-01-23T17:00,0.0,0.0,0.0,0.0,5.5,0.72,2.0,25,100,13160.0,0,0.485,0.0,70.0,0,0.0,3,0,0.0,-1,-1,-1,-1,0.0,0.0
2026-01-23T18:00,0.0,0.0,0.0,0.0,5.1,0.74,1.4,28,100,13160.0,0,0.477,0.0,65.0,0,0.0,3,0,0.0,-1,-1,-1,-1,0.0,0.0
2026-01-23T19:00,0.0,0.0,0.0,0.0,4.9,0.71,1.5,39,100,13180.0,0,0.477,0.0,85.0,0,0.0,3,0,0.0,-1,-1,-1,-1,0.0,0.0
2026-01-23T20:00,0.0,0.0,0.0,0.0,5.0,0.07,1.1,45,100,13180.0,0,0.476,0.0,10.0,0,0.0,3,0,0.0,-1,-1,-1,-1,0.0,0.0
2026-01-23T21:00,0.0,0.0,0.0,0.0,4.6,0.8,1.3,4,100,13180.0,0,0.476,0.0,120.0,0,0.0,3,0,0.0,-1,-1,-1,-1,0.0,0.0
2026-01-23T22:00,0.0,0.0,0.0,0.0,4.1,0.35,1.4,45,100,13180.0,0,0.476,0.0,65.0,0,0.0,3,0,0.0,-1,-1,-1,-1,0.0,0.0
2026-01-23T23:00,0.0,0.0,0.0,0.0,4.3,0.11,0.7,333,95,13180.0,0,0.476,0.0,20.0,0,0.0,3,0,0.0,-1,-1,-1,-1,0.0,0.0
2026-01-24T00:00,0.0,0.0,0.0,0.0,4.3,0.83,1.8,237,29,13180.0,1,0.472,0.0,35.0,0,0.0,1,0,0.0,-1,-1,-1,-1,0.0,0.0
2026-01-24T01:00,0.0,0.0,0.0,0.0,6.1,0.61,3.1,305,64,13180.0,1,0.472,0.0,210.0,0,0.0,2,0,0.0,-1,-1,-1,-1,0.0,0.0
2026-01-24T02:00,0.0,0.0,0.0,0.0,8.3,0.85,4.0,320,88,14340.0,1,0.472,0.0,315.0,0,0.0,3,0,0.0,-1,-1,-1,-1,0.0,0.0
2026-01-24T03:00,0.0,0.0,0.0,0.0,10.7,1.12,4.8,333,72,15360.0,1,0.471,0.0,405.0,0,0.0,2,0,0.0,-1,-1,-1,-1,0.0,0.0
2026-01-24T04:00,0.0,0.0,0.0,0.0,13.0,1.35,5.5,345,96,15360.0,1,0.47,0.0,520.0,0,0.0,3,0,0.0,-1,-1,-1,-1,0.0,0.0
2026-01-24T05:00,0.0,0.0,0.0,0.0,14.7,1.36,5.6,343,30,16240.0,1,0.469,0.0,610.0,0,0.0,1,0,0.0,-1,-1,-1,-1,0.0,0.0
2026-01-24T06:00,0.0,0.0,0.0,0.0,14.7,1.25,5.5,344,13,16240.0,1,0.495,0.0,625.0,0,0.0,0,0,0.0,-1,-1,-1,-1,0.0,0.0
2026-01-24T07:00,0.0,0.0,0.0,0.0,16.1,1.16,5.0,7,24,16240.0,1,0.492,0.0,595.0,0,0.0,1,0,0.0,-1,-1,-1,-1,0.0,0.0
2026-01-24T08:00,0.0,0.0,0.0,0.0,16.3,0.81,4.7,30,31,16240.0,1,0.49,0.0,475.0,0,0.0,1,0,0.0,-1,-1,-1,-1,0.0,0.0
2026-01-24T09:00,0.0,0.0,0.0,0.0,15.6,0.43,3.5,54,11,16240.0,1,0.488,0.0,30.0,0,0.0,0,0,0.0,-1,-1,-1,-1,0.0,0.0
2026-01-24T10:00,0.0,0.0,0.0,0.0,11.7,0.6,1.3,132,5,15360.0,1,0.487,0.0,15.0,0,0.0,0,0,0.0,-1,-1,-1,-1,0.0,0.0
2026-01-24T11:00,0.0,0.0,0.0,0.0,9.2,0.9,2.5,146,4,13180.0,0,0.487,0.0,15.0,0,0.0,0,0,0.0,-1,-1,-1,-1,0.0,0.0
2026-01-24T12:00,0.0,0.0,0.0,0.0,7.3,1.14,3.7,165,7,8700.0,0,0.471,0.0,15.0,0,0.0,0,0,0.0,-1,-1,-1,-1,0.0,0.0
2026-01-24T13:00,0.0,0.0,0.0,0.0,5.8,1.75,4.1,156,8,5940.0,0,0.471,0.0,15.0,0,0.0,0,0,0.0,-1,-1,-1,-1,0.0,0.0
2026-01-24T14:00,0.0,0.0,0.0,0.0,4.8,1.14,4.0,157,8,5940.0,0,0.471,0.0,10.0,0,0.0,0,0,0.0,-1,-1,-1,-1,0.0,0.0
2026-01-24T15:00,0.0,0.0,0.0,0.0,4.3,0.58,3.3,149,9,5940.0,0,0.471,0.0,10.0,0,0.0,0,0,0.0,-1,-1,-1,-1,0.0,0.0
2026-01-24T16:00,0.0,0.0,0.0,0.0,3.9,0.21,2.4,135,16,5940.0,0,0.47,0.0,10.0,0,0.0,0,0,0.0,-1,-1,-1,-1,0.0,0.0
2026-01-24T17:00,0.0,0.0,0.0,0.0,3.4,0.32,2.4,141,31,5940.0,0,0.47,0.0,10.0,0,0.0,1,0,0.0,-1,-1,-1,-1,0.0,0.0
2026-01-24T18:00,0.0,0.0,0.0,0.0,4.0,1.27,3.0,154,95,1260.0,0,0.47,10.0,15.0,0,0.0,3,0,0.0,-1,-1,-1,-1,0.0,0.0
2026-01-24T19:00,0.0,0.0,0.0,0.0,4.3,1.14,3.7,142,69,2160.0,0,0.47,0.0,15.0,0,0.0,2,0,0.0,-1,-1,-1,-1,0.0,0.0
2026-01-24T20:00,0.0,0.0,0.0,0.0,4.3,0.96,3.1,141,48,2800.0,0,0.47,0.0,15.0,0,0.0,1,0,0.0,-1,-1,-1,-1,0.0,0.0
2026-01-24T21:00,0.0,0.0,0.0,0.0,4.3,0.92,2.7,131,27,3440.0,0,0.47,0.0,15.0,0,0.0,1,0,0.0,-1,-1,-1,-1,0.0,0.0
2026-01-24T22:00,0.0,0.0,0.0,0.0,4.3,0.75,2.5,127,17,4240.0,0,0.47,0.0,15.0,0,0.0,0,0,0.0,-1,-1,-1,-1,0.0,0.0
2026-01-24T23:00,0.0,0.0,0.0,0.0,4.5,0.74,2.1,132,27,5120.0,0,0.47,0.0,15.0,0,0.0,1,0,0.0,-1,-1,-1,-1,0.0,0.0
2026-01-25T00:00,0.0,0.0,0.0,0.0,6.6,1.31,2.3,173,57,8700.0,1,0.466,0.0,20.0,0,0.0,2,0,0.0,-1,-1,-1,-1,0.0,0.0
2026-01-25T01:00,0.0,0.0,0.0,0.0,11.2,0.15,3.1,360,38,13180.0,1,0.466,0.0,50.0,0,0.0,1,0,0.0,-1,-1,-1,-1,0.0,0.0
2026-01-25T02:00,0.0,0.0,0.0,0.0,16.6,0.4,2.9,60,36,14360.0,1,0.465,0.0,490.0,0,0.0,1,0,0.0,-1,-1,-1,-1,0.0,0.0
2026-01-25T03:00,0.0,0.0,0.0,0.0,20.3,2.12,5.7,165,33,15380.0,1,0.465,0.0,890.0,0,0.0,1,0,0.0,-1,-1,-1,-1,0.0,0.0
2026-01-25T04:00,0.0,0.0,0.0,0.0,22.0,3.34,8.3,193,52,16240.0,1,0.463,0.0,1520.0,0,0.0,2,0,0.0,-1,-1,-1,-1,0.0,0.0
2026-01-25T05:00,0.0,0.0,0.0,0.0,22.0,4.37,10.3,202,64,16240.0,1,0.462,0.0,1410.0,0,0.0,2,0,0.0,-1,-1,-1,-1,0.0,0.0
2026-01-25T06:00,0.0,0.0,0.0,0.0,22.1,4.09,10.4,205,58,16240.0,1,0.481,0.0,1630.0,0,0.0,2,0,0.0,-1,-1,-1,-1,0.0,0.0
2026-01-25T07:00,0.0,0.0,0.0,0.0,22.9,4.43,10.1,212,95,16240.0,1,0.479,10.0,1905.0,0,0.0,3,0,0.0,-1,-1,-1,-1,0.0,0.0
2026-01-25T08:00,0.0,0.0,0.0,0.0,21.8,3.33,9.9,206,71,16240.0,1,0.478,0.0,1400.0,0,0.0,2,0,0.0,-1,-1,-1,-1,0.0,0.0
2026-01-25T09:00,0.0,0.0,0.0,0.0,20.8,3.11,7.4,175,11,16240.0,1,0.476,0.0,730.0,0,0.0,0,0,0.0,-1,-1,-1,-1,0.0,0.0
2026-01-25T10:00,0.0,0.0,0.0,0.0,18.1,3.41,6.9,176,2,15380.0,1,0.476,0.0,325.0,0,0.0,0,0,0.0,-1,-1,-1,-1,0.0,0.0
2026-01-25T11:00,0.0,0.0,0.0,0.0,15.7,2.15,6.4,162,2,14360.0,0,0.475,0.0,65.0,0,0.0,0,0,0.0,-1,-1,-1,-1,0.0,0.0
2026-01-25T12:00,0.0,0.0,0.0,0.0,11.5,0.87,3.9,156,3,8700.0,0,0.468,0.0,15.0,0,0.0,0,0,0.0,-1,-1,-1,-1,0.0,0.0
2026-01-25T13:00,0.0,0.0,0.0,0.0,10.4,0.93,2.9,144,4,8700.0,0,0.468,0.0,15.0,0,0.0,0,0,0.0,-1,-1,-1,-1,0.0,0.0
2026-01-25T14:00,0.0,0.0,0.0,0.0,9.6,0.39,2.5,130,2,8700.0,0,0.468,0.0,10.0,0,0.0,0,0,0.0,-1,-1,-1,-1,0.0,0.0
2026-01-25T15:00,0.0,0.0,0.0,0.0,10.5,0.57,1.8,128,5,11380.0,0,0.468,0.0,15.0,0,0.0,0,0,0.0,-1,-1,-1,-1,0.0,0.0
2026-01-25T16:00,0.0,0.0,0.0,0.0,10.8,0.4,1.0,7,19,11380.0,0,0.468,0.0,50.0,0,0.0,0,0,0.0,-1,-1,-1,-1,0.0,0.0
2026-01-25T17:00,0.0,0.0,0.0,0.0,9.8,1.01,1.4,20,14,8720.0,0,0.468,0.0,100.0,0,0.0,0,0,0.0,-1,-1,-1,-1,0.0,0.0
2026-01-25T18:00,0.0,0.0,0.0,0.0,10.3,2.47,3.4,21,99,5900.0,0,0.463,0.0,270.0,0,0.0,3,0,0.0,-1,-1,-1,-1,0.0,0.0
2026-01-25T19:00,0.0,0.0,0.0,0.0,9.4,2.14,4.7,16,100,420.0,0,0.463,10.0,225.0,0,0.0,3,0,0.0,-1,-1,-1,-1,0.0,0.0
2026-01-25T20:00,0.0,0.0,0.0,0.0,8.9,2.76,5.5,12,100,840.0,0,0.463,10.0,265.0,0,0.0,3,0,0.0,-1,-1,-1,-1,0.0,0.0
2026-01-25T21:00,0.0,0.0,0.0,0.0,8.7,2.27,5.3,14,100,360.0,0,0.463,10.0,245.0,0,0.0,3,0,0.0,-1,-1,-1,-1,0.0,0.0
2026-01-25T22:00,0.0,0.0,0.0,0.0,8.6,2.32,4.8,7,100,380.0,0,0.463,10.0,255.0,0,0.0,3,0,0.0,-1,-1,-1,-1,0.0,0.0
2026-01-25T23:00,0.0,0.0,0.0,0.0,8.6,2.17,4.8,26,100,340.0,0,0.464,0.0,275.0,0,0.0,3,0,0.0,-1,-1,-1,-1,0.0,0.0
2026-01-26T00:00,0.0,0.0,0.0,0.0,8.6,2.21,4.6,28,100,340.0,1,0.465,0.0,310.0,0,0.0,3,0,0.0,-1,-1,-1,-1,0.0,0.0
2026-01-26T01:00,0.0,0.0,0.0,0.0,8.7,2.66,6.0,20,100,480.0,1,0.465,0.0,380.0,0,0.0,3,0,0.0,-1,-1,-1,-1,0.0,0.0
2026-01-26T02:00,0.0,0.0,0.0,0.0,9.0,2.74,6.3,21,100,620.0,1,0.466,0.0,390.0,0,0.0,3,0,0.0,-1,-1,-1,-1,0.0,0.0
2026-01-26T03:00,0.0,0.0,0.0,0.0,9.5,2.95,7.1,15,100,2240.0,1,0.466,0.0,470.0,0,0.0,3,0,0.0,-1,-1,-1,-1,0.0,0.0
2026-01-26T04:00,0.0,0.0,0.0,0.0,10.1,2.8,7.1,10,100,11360.0,1,0.465,0.0,570.0,0,0.0,3,0,0.0,-1,-1,-1,-1,0.0,0.0
2026-01-26T05:00,0.0,0.0,0.0,0.0,10.4,2.75,6.9,10,100,13200.0,1,0.465,0.0,635.0,0,0.0,3,0,0.0,-1,-1,-1,-1,0.0,0.0
2026-01-26T06:00,0.0,0.0,0.0,0.0,9.6,2.79,7.0,15,100,13200.0,1,0.476,0.0,655.0,0,0.0,3,0,0.0,-1,-1,-1,-1,0.0,0.0
2026-01-26T07:00,0.0,0.0,0.0,0.0,9.1,3.03,7.3,22,100,11380.0,1,0.475,0.0,590.0,0,0.0,3,0,0.0,-1,-1,-1,-1,0.0,0.0
2026-01-26T08:00,0.0,0.0,0.0,0.0,8.4,2.75,7.0,25,100,13200.0,1,0.475,0.0,525.0,0,0.0,3,0,0.0,-1,-1,-1,-1,0.0,0.0
2026-01-26T09:00,0.0,0.0,0.0,0.0,8.0,3.05,6.8,23,100,13200.0,1,0.474,0.0,520.0,0,0.0,3,0,0.0,-1,-1,-1,-1,0.0,0.0
2026-01-26T10:00,0.0,0.0,0.0,0.0,7.5,3.18,7.0,22,100,11400.0,1,0.474,0.0,490.0,0,0.0,3,0,0.0,-1,-1,-1,-1,0.0,0.0
2026-01-26T11:00,0.0,0.0,0.0,0.0,7.2,3.16,6.9,29,100,11400.0,0,0.473,0.0,500.0,0,0.0,3,0,0.0,-1,-1,-1,-1,0.0,0.0
2026-01-26T12:00,0.0,0.0,0.0,0.0,7.5,2.77,6.8,20,100,9520.0,0,0.482,0.0,470.0,0,0.0,3,0,0.0,-1,-1,-1,-1,0.0,0.0
2026-01-26T13:00,0.0,0.0,0.0,0.0,7.2,2.75,6.3,19,100,8520.0,0,0.481,0.0,440.0,0,0.0,3,0,0.0,-1,-1,-1,-1,0.0,0.0
2026-01-26T14:00,0.0,0.0,0.0,0.0,6.9,2.39,6.0,16,100,7740.0,0,0.481,10.0,390.0,0,0.0,3,0,0.0,-1,-1,-1,-1,0.0,0.0
2026-01-26T15:00,0.0,0.0,0.0,0.0,6.7,2.11,5.2,14,100,7720.0,0,0.48,10.0,355.0,0,0.0,3,0,0.0,-1,-1,-1,-1,0.0,0.0
2026-01-26T16:00,0.0,0.0,0.0,0.0,6.6,2.07,4.7,15,100,7800.0,0,0.48,10.0,360.0,0,0.0,3,0,0.0,-1,-1,-1,-1,0.0,0.0
2026-01-26T17:00,0.1,0.0,0.0,0.0,6.5,2.09,4.7,21,100,6100.0,0,0.48,10.0,385.0,0,0.0,51,0,0.1,-1,-1,-1,-1,0.0,0.0
2026-01-26T18:00,0.1,0.0,0.0,0.0,6.7,2.36,4.8,17,100,7660.0,0,0.473,30.0,385.0,0,0.0,51,0,0.1,-1,-1,-1,-1,0.0,0.0
2026-01-26T19:00,0.1,0.0,0.0,0.0,6.5,2.38,5.4,15,100,4240.0,0,0.474,30.0,415.0,0,0.0,51,0,0.1,-1,-1,-1,-1,0.0,0.0
2026-01-26T20:00,0.3,0.0,0.0,0.0,6.1,2.33,5.4,10,100,6240.0,0,0.476,30.0,380.0,0,0.0,51,1,0.3,8,0,1,5,0.0,0
2026-01-26T21:00,0.0,0.0,0.0,0.0,5.9,1.81,5.1,355,100,7020.0,0,0.476,10.0,390.0,0,0.0,3,0,0.0,-1,-1,-1,-1,0.0,0.0
2026-01-26T22:00,0.1,0.0,0.0,0.0,5.7,1.65,4.1,2,100,4960.0,0,0.476,20.0,325.0,0,0.0,51,0,0.1,-1,-1,-1,-1,0.0,0.0
2026-01-26T23:00,0.1,0.0,0.0,0.0,5.6,2.24,4.4,27,100,4460.0,0,0.477,0.0,310.0,0,0.0,51,0,0.1,-1,-1,-1,-1,0.0,0.0
2026-01-27T00:00,0.1,0.0,0.0,0.0,5.9,2.07,5.2,32,100,5300.0,1,0.475,0.0,305.0,0,0.0,51,0,0.1,-1,-1,-1,-1,0.0,0.0
2026-01-27T01:00,0.1,0.0,0.0,0.0,6.2,2.4,5.6,4,100,3220.0,1,0.476,10.0,365.0,0,0.0,51,0,0.1,-1,-1,-1,-1,0.0,0.0
2026-01-27T02:00,0.6,0.0,0.0,0.0,5.9,2.5,6.0,2,100,4640.0,1,0.482,10.0,385.0,0,0.0,53,1,0.6,9,0,1,88,0.0,0
2026-01-27T03:00,0.2,0.5,0.0,0.0,6.8,2.56,6.2,6,100,6740.0,1,0.482,10.0,465.0,0,0.0,51,0,0.1,-1,-1,-1,-1,0.0,0.0
2026-01-27T04:00,0.0,0.0,0.0,0.0,8.3,2.7,7.4,11,100,13220.0,1,0.482,0.0,665.0,0,0.0,3,0,0.0,-1,-1,-1,-1,0.0,0.0
2026-01-27T05:00,0.0,0.0,0.0,0.0,9.1,2.79,7.1,15,100,14380.0,1,0.481,0.0,780.0,0,0.0,3,0,0.0,-1,-1,-1,-1,0.0,0.0
2026-01-27T06:00,0.0,0.0,0.0,0.0,8.5,2.39,7.0,26,98,13220.0,1,0.508,30.0,695.0,0,0.0,3,0,0.0,-1,-1,-1,-1,0.0,0.0
2026-01-27T07:00,0.0,0.0,0.0,0.0,9.2,2.73,6.7,14,90,14380.0,1,0.502,0.0,745.0,0,0.0,3,0,0.0,-1,-1,-1,-1,0.0,0.0
2026-01-27T08:00,0.0,0.0,0.0,0.0,9.5,3.0,7.2,15,99,14380.0,1,0.498,0.0,800.0,0,0.0,3,0,0.0,-1,-1,-1,-1,0.0,0.0
2026-01-27T09:00,0.0,0.0,0.0,0.0,9.0,2.83,7.2,17,100,14380.0,1,0.496,0.0,770.0,0,0.0,3,0,0.0,-1,-1,-1,-1,0.0,0.0
2026-01-27T10:00,0.0,0.0,0.0,0.0,8.2,2.3,6.4,13,98,13220.0,1,0.493,0.0,695.0,0,0.0,3,0,0.0,-1,-1,-1,-1,0.0,0.0
2026-01-27T11:00,0.0,0.0,0.0,0.0,7.5,1.87,4.9,20,92,13220.0,0,0.492,0.0,530.0,0,0.0,3,0,0.0,-1,-1,-1,-1,0.0,0.0
2026-01-27T12:00,0.0,0.0,0.0,0.0,7.1,2.62,4.3,18,100,13220.0,0,0.484,10.0,525.0,0,0.0,3,0,0.0,-1,-1,-1,-1,0.0,0.0
2026-01-27T13:00,0.0,0.0,0.0,0.0,6.6,2.77,6.1,17,100,11420.0,0,0.483,0.0,495.0,0,0.0,3,0,0.0,-1,-1,-1,-1,0.0,0.0
2026-01-27T14:00,0.0,0.0,0.0,0.0,6.3,2.45,6.1,20,100,11420.0,0,0.482,0.0,465.0,0,0.0,3,0,0.0,-1,-1,-1,-1,0.0,0.0
2026-01-27T15:00,0.0,0.0,0.0,0.0,6.1,2.01,5.4,19,100,11420.0,0,0.482,0.0,440.0,0,0.0,3,0,0.0,-1,-1,-1,-1,0.0,0.0
2026-01-27T16:00,0.0,0.0,0.0,0.0,6.1,2.08,4.7,24,100,11420.0,0,0.481,0.0,425.0,0,0.0,3,0,0.0,-1,-1,-1,-1,0.0,0.0
2026-01-27T17:00,0.0,0.0,0.0,0.0,6.0,2.08,4.7,27,100,10700.0,0,0.48,0.0,415.0,0,0.0,3,0,0.0,-1,-1,-1,-1,0.0,0.0
2026-01-27T18:00,0.0,0.0,0.0,0.0,6.0,2.04,4.6,25,100,8160.0,0,0.478,0.0,370.0,0,0.0,3,0,0.0,-1,-1,-1,-1,0.0,0.0
2026-01-27T19:00,0.0,0.0,0.0,0.0,6.2,2.04,4.9,22,100,7860.0,0,0.478,0.0,395.0,0,0.0,3,0,0.0,-1,-1,-1,-1,0.0,0.0
2026-01-27T20:00,0.0,0.0,0.0,0.0,6.1,1.73,4.6,22,100,7960.0,0,0.478,0.0,375.0,0,0.0,3,0,0.0,-1,-1,-1,-1,0.0,0.0
2026-01-27T21:00,0.0,0.0,0.0,0.0,6.1,1.66,3.9,16,100,8000.0,0,0.478,0.0,380.0,0,0.0,3,0,0.0,-1,-1,-1,-1,0.0,0.0
2026-01-27T22:00,0.0,0.0,0.0,0.0,6.0,2.04,4.6,11,100,7920.0,0,0.478,0.0,415.0,0,0.0,3,0,0.0,-1,-1,-1,-1,0.0,0.0
2026-01-27T23:00,0.0,0.0,0.0,0.0,5.9,2.17,4.8,15,100,7500.0,0,0.478,0.0,400.0,0,0.0,3,0,0.0,-1,-1,-1,-1,0.0,0.0
2026-01-28T00:00,0.1,0.0,0.0,0.0,5.7,2.33,4.9,9,100,6960.0,1,0.472,0.0,380.0,0,0.0,51,0,0.1,-1,-1,-1,-1,0.0,0.0
2026-01-28T01:00,0.1,1.0,0.0,0.0,6.0,2.7,6.3,11,100,6440.0,1,0.473,0.0,435.0,0,0.0,51,0,0.0,-1,-1,-1,-1,0.0,0.0
2026-01-28T02:00,0.1,0.0,0.0,0.0,6.5,2.13,6.4,41,100,7820.0,1,0.473,0.0,410.0,0,0.0,51,0,0.1,-1,-1,-1,-1,0.0,0.0
2026-01-28T03:00,0.0,0.0,0.0,0.0,7.8,1.18,5.2,36,100,13220.0,1,0.473,0.0,560.0,0,0.0,3,0,0.0,-1,-1,-1,-1,0.0,0.0
2026-01-28T04:00,0.0,0.0,0.0,0.0,9.3,1.0,4.4,342,100,13220.0,1,0.472,0.0,670.0,0,0.0,3,0,0.0,-1,-1,-1,-1,0.0,0.0
2026-01-28T05:00,0.0,0.0,0.0,0.0,10.2,1.31,4.9,320,94,14380.0,1,0.472,0.0,695.0,0,0.0,3,0,0.0,-1,-1,-1,-1,0.0,0.0
2026-01-28T06:00,0.0,0.0,0.0,0.0,10.9,0.72,5.1,335,78,14400.0,1,0.478,0.0,790.0,0,0.0,2,0,0.0,-1,-1,-1,-1,0.0,0.0
2026-01-28T07:00,0.0,0.0,0.0,0.0,12.7,1.45,5.2,333,95,15400.0,1,0.477,0.0,900.0,0,0.0,3,0,0.0,-1,-1,-1,-1,0.0,0.0
2026-01-28T08:00,0.0,0.0,0.0,0.0,12.9,1.91,5.5,354,4,15400.0,1,0.476,0.0,730.0,0,0.0,0,0,0.0,-1,-1,-1,-1,0.0,0.0
2026-01-28T09:00,0.0,0.0,0.0,0.0,12.2,2.62,7.1,13,2,14400.0,1,0.475,0.0,505.0,0,0.0,0,0,0.0,-1,-1,-1,-1,0.0,0.0
2026-01-28T10:00,0.0,0.0,0.0,0.0,9.4,1.38,6.0,19,2,14400.0,1,0.475,0.0,200.0,0,0.0,0,0,0.0,-1,-1,-1,-1,0.0,0.0
2026-01-28T11:00,0.0,0.0,0.0,0.0,8.1,0.97,2.2,21,9,13220.0,0,0.475,0.0,110.0,0,0.0,0,0,0.0,-1,-1,-1,-1,0.0,0.0
2026-01-28T12:00,0.0,0.0,0.0,0.0,6.7,1.08,1.6,34,15,11420.0,0,0.469,0.0,115.0,0,0.0,0,0,0.0,-1,-1,-1,-1,0.0,0.0
2026-01-28T13:00,0.0,0.0,0.0,0.0,6.7,0.63,1.9,18,11,11420.0,0,0.469,0.0,70.0,0,0.0,0,0,0.0,-1,-1,-1,-1,0.0,0.0
2026-01-28T14:00,0.0,0.0,0.0,0.0,6.5,0.29,1.0,329,24,10220.0,0,0.469,0.0,35.0,0,0.0,1,0,0.0,-1,-1,-1,-1,0.0,0.0
2026-01-28T15:00,0.0,0.0,0.0,0.0,6.2,0.16,0.5,198,95,10220.0,0,0.469,0.0,20.0,0,0.0,3,0,0.0,-1,-1,-1,-1,0.0,0.0
2026-01-28T16:00,0.0,0.0,0.0,0.0,6.4,0.18,0.5,124,100,10220.0,0,0.469,0.0,15.0,0,0.0,3,0,0.0,-1,-1,-1,-1,0.0,0.0
2026-01-28T17:00,0.0,0.0,0.0,0.0,6.9,0.68,0.9,36,100,10220.0,0,0.469,0.0,40.0,0,0.0,3,0,0.0,-1,-1,-1,-1,0.0,0.0
2026-01-28T18:00,0.0,0.0,0.0,0.0,7.3,0.81,1.3,313,100,10220.0,0,0.463,10.0,60.0,0,0.0,3,0,0.0,-1,-1,-1,-1,0.0,0.0
2026-01-28T19:00,0.0,0.0,0.0,0.0,7.4,0.97,2.4,305,90,10220.0,0,0.463,10.0,105.0,0,0.0,3,0,0.0,-1,-1,-1,-1,0.0,0.0
2026-01-28T20:00,0.0,0.0,0.0,0.0,7.1,0.59,1.9,340,12,10200.0,0,0.464,0.0,55.0,0,0.0,0,0,0.0,-1,-1,-1,-1,0.0,0.0
2026-01-28T21:00,0.0,0.0,0.0,0.0,6.1,0.58,1.1,31,23,10120.0,0,0.464,0.0,30.0,0,0.0,1,0,0.0,-1,-1,-1,-1,0.0,0.0
2026-01-28T22:00,0.0,0.0,0.0,0.0,5.5,0.5,1.0,37,41,8760.0,0,0.464,0.0,20.0,0,0.0,1,0,0.0,-1,-1,-1,-1,0.0,0.0
2026-01-28T23:00,0.0,0.0,0.0,0.0,5.8,0.32,1.1,321,73,8760.0,0,0.464,10.0,15.0,0,0.0,2,0,0.0,-1,-1,-1,-1,0.0,0.0
2026-01-29T00:00,0.0,0.0,0.0,0.0,6.9,0.9,1.9,360,62,6000.0,1,0.463,10.0,20.0,0,0.0,2,0,0.0,-1,-1,-1,-1,0.0,0.0
2026-01-29T01:00,0.0,0.0,0.0,0.0,9.4,1.14,3.5,331,70,8720.0,1,0.464,10.0,80.0,0,0.0,2,0,0.0,-1,-1,-1,-1,0.0,0.0
2026-01-29T02:00,0.1,1.0,0.0,0.0,12.6,1.5,4.7,339,60,13240.0,1,0.464,10.0,150.0,0,0.0,51,0,0.0,-1,-1,-1,-1,0.0,0.0
2026-01-29T03:00,0.0,0.0,0.0,0.0,16.7,0.82,4.9,308,73,14400.0,1,0.464,10.0,650.0,0,0.0,2,0,0.0,-1,-1,-1,-1,0.0,0.0
2026-01-29T04:00,0.0,0.0,0.0,0.0,19.7,1.95,5.8,222,7,15400.0,1,0.463,0.0,1055.0,0,0.0,0,0,0.0,-1,-1,-1,-1,0.0,0.0
2026-01-29T05:00,0.0,0.0,0.0,0.0,21.6,3.91,9.6,201,2,16280.0,1,0.461,0.0,1390.0,0,0.0,0,0,0.0,-1,-1,-1,-1,0.0,0.0
2026-01-29T06:00,0.0,0.0,0.0,0.0,21.5,4.69,11.1,191,35,16280.0,1,0.465,0.0,1705.0,0,0.0,1,0,0.0,-1,-1,-1,-1,0.0,0.0
2026-01-29T07:00,0.0,0.0,0.0,0.0,22.7,4.42,10.7,190,35,18020.0,1,0.464,0.0,1895.0,0,0.0,1,0,0.0,-1,-1,-1,-1,0.0,0.0
2026-01-29T08:00,0.0,0.0,0.0,0.0,22.2,4.65,10.5,189,34,16280.0,1,0.462,0.0,1775.0,0,0.0,1,0,0.0,-1,-1,-1,-1,0.0,0.0
2026-01-29T09:00,0.0,0.0,0.0,0.0,21.4,3.2,10.0,182,23,16280.0,1,0.462,0.0,1695.0,0,0.0,1,0,0.0,-1,-1,-1,-1,0.0,0.0
2026-01-29T10:00,0.0,0.0,0.0,0.0,18.6,2.62,6.4,156,20,15420.0,1,0.461,0.0,135.0,0,0.0,1,0,0.0,-1,-1,-1,-1,0.0,0.0
2026-01-29T11:00,0.0,0.0,0.0,0.0,16.6,3.11,5.8,143,21,14400.0,0,0.461,0.0,120.0,0,0.0,1,0,0.0,-1,-1,-1,-1,0.0,0.0
2026-01-29T12:00,0.0,0.0,0.0,0.0,15.3,1.61,5.5,144,68,14400.0,0,0.473,0.0,35.0,0,0.0,2,0,0.0,-1,-1,-1,-1,0.0,0.0
2026-01-29T13:00,0.0,0.0,0.0,0.0,13.7,1.46,3.3,149,34,13240.0,0,0.473,0.0,25.0,0,0.0,1,0,0.0,-1,-1,-1,-1,0.0,0.0
2026-01-29T14:00,0.0,0.0,0.0,0.0,12.5,1.54,3.2,144,98,11440.0,0,0.473,0.0,20.0,0,0.0,3,0,0.0,-1,-1,-1,-1,0.0,0.0
2026-01-29T15:00,0.0,0.0,0.0,0.0,12.4,0.83,3.3,65,100,11440.0,0,0.472,0.0,15.0,0,0.0,3,0,0.0,-1,-1,-1,-1,0.0,0.0
2026-01-29T16:00,0.0,0.0,0.0,0.0,12.7,3.65,7.0,17,100,8200.0,0,0.472,0.0,250.0,0,0.0,3,0,0.0,-1,-1,-1,-1,0.0,0.0
2026-01-29T17:00,0.0,0.0,0.0,0.0,12.3,1.1,6.7,43,100,11440.0,0,0.472,0.0,115.0,0,0.0,3,0,0.0,-1,-1,-1,-1,0.0,0.0
2026-01-29T18:00,0.0,0.0,0.0,0.0,12.1,1.21,1.9,353,100,11440.0,0,0.472,0.0,65.0,0,0.0,3,0,0.0,-1,-1,-1,-1,0.0,0.0
2026-01-29T19:00,0.0,0.0,0.0,0.0,11.0,2.46,4.1,13,30,10240.0,0,0.472,0.0,160.0,0,0.0,1,0,0.0,-1,-1,-1,-1,0.0,0.0
2026-01-29T20:00,0.0,0.0,0.0,0.0,8.8,3.2,5.9,20,5,8560.0,0,0.471,0.0,190.0,0,0.0,0,0,0.0,-1,-1,-1,-1,0.0,0.0
2026-01-29T21:00,0.0,0.0,0.0,0.0,7.4,2.82,6.0,30,43,5920.0,0,0.471,0.0,205.0,0,0.0,1,0,0.0,-1,-1,-1,-1,0.0,0.0
2026-01-29T22:00,0.0,0.0,0.0,0.0,7.2,2.64,5.3,29,100,5960.0,0,0.471,0.0,190.0,0,0.0,3,0,0.0,-1,-1,-1,-1,0.0,0.0
2026-01-29T23:00,0.0,0.0,0.0,0.0,7.1,2.98,5.7,14,100,8600.0,0,0.471,0.0,275.0,0,0.0,3,0,0.0,-1,-1,-1,-1,0.0,0.0
2026-01-30T00:00,0.0,0.0,0.0,0.0,7.6,2.85,6.9,18,100,460.0,1,0.469,0.0,405.0,0,0.0,3,0,0.0,-1,-1,-1,-1,0.0,0.0
2026-01-30T01:00,0.0,0.0,0.0,0.0,7.8,2.98,6.7,23,100,460.0,1,0.469,0.0,395.0,0,0.0,3,0,0.0,-1,-1,-1,-1,0.0,0.0
2026-01-30T02:00,0.0,0.0,0.0,0.0,8.1,3.28,7.6,16,100,1100.0,1,0.469,0.0,425.0,0,0.0,3,0,0.0,-1,-1,-1,-1,0.0,0.0
2026-01-30T03:00,0.0,0.0,0.0,0.0,8.4,3.34,7.8,19,100,8500.0,1,0.468,0.0,530.0,0,0.0,3,0,0.0,-1,-1,-1,-1,0.0,0.0
2026-01-30T04:00,0.0,0.0,0.0,0.0,8.7,3.26,7.9,15,100,10020.0,1,0.468,0.0,625.0,0,0.0,3,0,0.0,-1,-1,-1,-1,0.0,0.0
2026-01-30T05:00,0.0,0.0,0.0,0.0,8.6,3.35,7.9,20,100,10980.0,1,0.468,0.0,635.0,0,0.0,3,0,0.0,-1,-1,-1,-1,0.0,0.0
2026-01-30T06:00,0.0,0.0,0.0,0.0,8.2,3.69,8.6,16,100,10640.0,1,0.467,0.0,680.0,0,0.0,3,0,0.0,-1,-1,-1,-1,0.0,0.0
2026-01-30T07:00,0.0,0.0,0.0,0.0,8.2,3.83,8.9,17,100,12060.0,1,0.467,0.0,690.0,0,0.0,3,0,0.0,-1,-1,-1,-1,0.0,0.0
2026-01-30T08:00,0.0,0.0,0.0,0.0,7.5,3.97,8.9,17,100,11040.0,1,0.467,0.0,650.0,0,0.0,3,0,0.0,-1,-1,-1,-1,0.0,0.0
2026-01-30T09:00,0.0,0.0,0.0,0.0,6.9,3.87,8.9,17,100,9780.0,1,0.467,0.0,620.0,0,0.0,3,0,0.0,-1,-1,-1,-1,0.0,0.0
2026-01-30T10:00,0.0,0.0,0.0,0.0,6.5,3.5,8.5,14,100,9880.0,1,0.466,0.0,645.0,0,0.0,3,0,0.0,-1,-1,-1,-1,0.0,0.0
2026-01-30T11:00,0.0,0.0,0.0,0.0,6.0,3.71,8.0,14,100,9840.0,0,0.466,0.0,660.0,0,0.0,3,0,0.0,-1,-1,-1,-1,0.0,0.0
2026-01-30T12:00,0.0,0.0,0.0,0.0,5.4,3.36,8.0,15,100,7300.0,0,0.47,0.0,625.0,0,0.0,3,0,0.0,-1,-1,-1,-1,0.0,0.0
2026-01-30T13:00,0.1,0.0,0.0,0.0,4.9,3.5,7.8,17,100,6840.0,0,0.47,0.0,625.0,0,0.0,51,0,0.1,-1,-1,-1,-1,0.0,0.0
2026-01-30T14:00,0.1,0.0,0.0,0.0,4.7,3.59,7.5,16,100,7900.0,0,0.47,0.0,585.0,0,0.0,51,0,0.1,-1,-1,-1,-1,0.0,0.0
2026-01-30T15:00,0.1,0.0,0.0,0.0,4.7,3.44,7.8,9,100,7580.0,0,0.47,0.0,600.0,0,0.0,51,0,0.1,-1,-1,-1,-1,0.0,0.0
2026-01-30T16:00,0.1,0.0,0.0,0.0,4.5,3.12,7.9,12,100,7080.0,0,0.471,0.0,590.0,0,0.0,51,0,0.1,-1,-1,-1,-1,0.0,0.0
2026-01-30T17:00,0.1,0.0,0.0,0.0,4.4,2.85,6.9,22,100,8860.0,0,0.471,0.0,545.0,0,0.0,51,0,0.1,-1,-1,-1,-1,0.0,0.0
2026-01-30T18:00,0.0,0.0,0.0,0.0,4.4,2.98,6.5,29,100,5620.0,0,0.466,0.0,540.0,0,0.0,3,0,0.0,-1,-1,-1,-1,0.0,0.0
2026-01-30T19:00,0.6,0.0,0.0,0.0,4.0,2.57,6.9,24,100,2740.0,0,0.472,10.0,435.0,0,0.0,53,1,0.6,10,0,3,143,0.353,0.094
2026-01-30T20:00,1.2,0.0,0.0,0.0,4.0,2.89,6.5,14,100,2360.0,0,0.488,10.0,465.0,0,0.0002,55,1,1.2,10,1,2,143,0.353,0.094
2026-01-30T21:00,0.8,0.125,0.0,0.0,3.9,2.93,6.6,9,100,3700.0,0,0.495,10.0,535.0,0,0.0,53,1,0.7,10,2,1,143,0.353,0.169
2026-01-30T22:00,0.2,0.5,0.0,0.0,3.7,3.45,7.2,17,100,4660.0,0,0.495,10.0,555.0,0,0.0,51,0,0.1,-1,-1,-1,-1,0.0,0.0
2026-01-30T23:00,0.1,1.0,0.0,0.0,3.6,3.38,7.3,24,100,4760.0,0,0.494,10.0,565.0,0,0.0,51,0,0.0,-1,-1,-1,-1,0.0,0.0
2026-01-31T00:00,0.0,0.0,0.0,0.0,3.5,3.15,6.8,15,100,4960.0,1,0.471,10.0,525.0,0,0.0,3,0,0.0,-1,-1,-1,-1,0.0,0.0
2026-01-31T01:00,0.1,0.0,0.0,0.0,3.7,3.58,8.1,7,100,5780.0,1,0.472,0.0,570.0,0,0.0,51,0,0.1,-1,-1,-1,-1,0.0,0.0
2026-01-31T02:00,0.1,0.0,0.0,0.0,4.1,3.26,8.0,15,100,7280.0,1,0.472,10.0,555.0,0,0.0,51,0,0.1,-1,-1,-1,-1,0.0,0.0
2026-01-31T03:00,0.1,0.0,0.0,0.0,4.8,3.15,7.5,20,100,10720.0,1,0.472,10.0,615.0,0,0.0,51,0,0.1,-1,-1,-1,-1,0.0,0.0
2026-01-31T04:00,0.0,0.0,0.0,0.0,5.6,2.88,7.9,26,100,13260.0,1,0.472,0.0,660.0,0,0.0,3,0,0.0,-1,-1,-1,-1,0.0,0.0
2026-01-31T05:00,0.0,0.0,0.0,0.0,7.2,3.06,7.9,28,100,14420.0,1,0.471,0.0,780.0,0,0.0,3,0,0.0,-1,-1,-1,-1,0.0,0.0
2026-01-31T06:00,0.0,0.0,0.0,0.0,6.5,2.51,7.9,23,98,14420.0,1,0.508,0.0,800.0,0,0.0,3,0,0.0,-1,-1,-1,-1,0.0,0.0
2026-01-31T07:00,0.0,0.0,0.0,0.0,7.6,2.75,7.1,10,88,14420.0,1,0.502,0.0,815.0,0,0.0,3,0,0.0,-1,-1,-1,-1,0.0,0.0
2026-01-31T08:00,0.0,0.0,0.0,0.0,8.3,3.2,7.8,10,91,14420.0,1,0.498,0.0,875.0,0,0.0,3,0,0.0,-1,-1,-1,-1,0.0,0.0
2026-01-31T09:00,0.0,0.0,0.0,0.0,7.9,3.49,8.1,9,100,14420.0,1,0.495,0.0,890.0,0,0.0,3,0,0.0,-1,-1,-1,-1,0.0,0.0
2026-01-31T10:00,0.0,0.0,0.0,0.0,7.2,3.17,8.0,6,100,14420.0,1,0.493,0.0,900.0,0,0.0,3,0,0.0,-1,-1,-1,-1,0.0,0.0
2026-01-31T11:00,0.0,0.0,0.0,0.0,6.8,3.16,6.7,5,100,14420.0,0,0.491,0.0,935.0,0,0.0,3,0,0.0,-1,-1,-1,-1,0.0,0.0
2026-01-31T12:00,0.0,0.0,0.0,0.0,5.5,2.79,6.7,9,100,13260.0,0,0.475,0.0,700.0,0,0.0,3,0,0.0,-1,-1,-1,-1,0.0,0.0
2026-01-31T13:00,0.0,0.0,0.0,0.0,5.3,2.69,5.9,15,100,13260.0,0,0.474,0.0,660.0,0,0.0,3,0,0.0,-1,-1,-1,-1,0.0,0.0
2026-01-31T14:00,0.0,0.0,0.0,0.0,5.3,2.62,6.1,24,100,13260.0,0,0.474,0.0,635.0,0,0.0,3,0,0.0,-1,-1,-1,-1,0.0,0.0
2026-01-31T15:00,0.0,0.0,0.0,0.0,5.3,2.24,5.6,27,100,13260.0,0,0.473,0.0,640.0,0,0.0,3,0,0.0,-1,-1,-1,-1,0.0,0.0
2026-01-31T16:00,0.0,0.0,0.0,0.0,5.4,1.81,5.1,24,100,13260.0,0,0.473,0.0,610.0,0,0.0,3,0,0.0,-1,-1,-1,-1,0.0,0.0
2026-01-31T17:00,0.0,0.0,0.0,0.0,5.3,1.56,4.2,7,98,13260.0,0,0.473,0.0,570.0,0,0.0,3,0,0.0,-1,-1,-1,-1,0.0,0.0
2026-01-31T18:00,0.0,0.0,0.0,0.0,5.2,1.5,3.7,2,100,13260.0,0,0.467,0.0,495.0,0,0.0,3,0,0.0,-1,-1,-1,-1,0.0,0.0
2026-01-31T19:00,0.0,0.0,0.0,0.0,5.2,1.96,4.6,6,100,13280.0,0,0.466,0.0,500.0,0,0.0,3,0,0.0,-1,-1,-1,-1,0.0,0.0
2026-01-31T20:00,0.0,0.0,0.0,0.0,4.9,1.66,4.6,353,100,13280.0,0,0.466,0.0,455.0,0,0.0,3,0,0.0,-1,-1,-1,-1,0.0,0.0
2026-01-31T21:00,0.0,0.0,0.0,0.0,4.7,1.69,4.2,341,100,11480.0,0,0.466,0.0,360.0,0,0.0,3,0,0.0,-1,-1,-1,-1,0.0,0.0
2026-01-31T22:00,0.0,0.0,0.0,0.0,4.6,1.82,4.1,352,100,11480.0,0,0.466,0.0,355.0,0,0.0,3,0,0.0,-1,-1,-1,-1,0.0,0.0
2026-01-31T23:00,0.0,0.0,0.0,0.0,4.5,2.21,5.0,5,100,11480.0,0,0.466,0.0,435.0,0,0.0,3,0,0.0,-1,-1,-1,-1,0.0,0.0
2026-02-01T00:00,0.0,0.0,0.0,0.0,4.1,2.44,5.0,26,100,9680.0,1,0.457,0.0,455.0,0,0.0,3,0,0.0,-1,-1,-1,-1,0.0,0.0
2026-02-01T01:00,0.0,0.0,0.0,0.0,4.6,2.3,5.9,34,100,10200.0,1,0.457,0.0,530.0,0,0.0,3,0,0.0,-1,-1,-1,-1,0.0,0.0
2026-02-01T02:00,0.0,0.0,0.0,0.0,5.2,2.17,5.8,26,100,11400.0,1,0.457,0.0,625.0,0,0.0,3,0,0.0,-1,-1,-1,-1,0.0,0.0
2026-02-01T03:00,0.0,0.0,0.0,0.0,6.3,1.89,5.9,32,100,13280.0,1,0.457,0.0,670.0,0,0.0,3,0,0.0,-1,-1,-1,-1,0.0,0.0
2026-02-01T04:00,0.0,0.0,0.0,0.0,7.6,1.8,5.7,3,100,14420.0,1,0.457,0.0,760.0,0,0.0,3,0,0.0,-1,-1,-1,-1,0.0,0.0
2026-02-01T05:00,0.0,0.0,0.0,0.0,8.5,2.45,6.8,360,100,14440.0,1,0.456,0.0,790.0,0,0.0,3,0,0.0,-1,-1,-1,-1,0.0,0.0
2026-02-01T06:00,0.0,0.0,0.0,0.0,7.4,2.52,7.6,8,100,14440.0,1,0.484,0.0,790.0,0,0.0,3,0,0.0,-1,-1,-1,-1,0.0,0.0
2026-02-01T07:00,0.0,0.0,0.0,0.0,7.8,2.64,6.7,29,100,14440.0,1,0.482,0.0,710.0,0,0.0,3,0,0.0,-1,-1,-1,-1,0.0,0.0
2026-02-01T08:00,0.0,0.0,0.0,0.0,8.2,2.42,6.6,18,99,14440.0,1,0.481,0.0,715.0,0,0.0,3,0,0.0,-1,-1,-1,-1,0.0,0.0
2026-02-01T09:00,0.0,0.0,0.0,0.0,8.6,2.36,6.1,17,69,14440.0,1,0.48,0.0,705.0,0,0.0,2,0,0.0,-1,-1,-1,-1,0.0,0.0
2026-02-01T10:00,0.0,0.0,0.0,0.0,8.2,1.84,5.6,13,83,14440.0,1,0.479,0.0,625.0,0,0.0,3,0,0.0,-1,-1,-1,-1,0.0,0.0
2026-02-01T11:00,0.0,0.0,0.0,0.0,7.7,1.37,3.8,10,100,14440.0,0,0.478,0.0,510.0,0,0.0,3,0,0.0,-1,-1,-1,-1,0.0,0.0
2026-02-01T12:00,0.0,0.0,0.0,0.0,7.4,1.38,2.9,13,100,13280.0,0,0.454,10.0,595.0,0,0.0,3,0,0.0,-1,-1,-1,-1,0.0,0.0
2026-02-01T13:00,0.0,0.0,0.0,0.0,7.3,1.81,3.6,6,100,13280.0,0,0.454,0.0,565.0,0,0.0,3,0,0.0,-1,-1,-1,-1,0.0,0.0
2026-02-01T14:00,0.0,0.0,0.0,0.0,6.9,1.58,3.6,11,100,13280.0,0,0.454,0.0,290.0,0,0.0,3,0,0.0,-1,-1,-1,-1,0.0,0.0
2026-02-01T15:00,0.0,0.0,0.0,0.0,6.8,1.41,3.0,17,98,13280.0,0,0.454,0.0,395.0,0,0.0,3,0,0.0,-1,-1,-1,-1,0.0,0.0
2026-02-01T16:00,0.0,0.0,0.0,0.0,6.7,1.42,3.0,10,100,13280.0,0,0.454,0.0,440.0,0,0.0,3,0,0.0,-1,-1,-1,-1,0.0,0.0
2026-02-01T17:00,0.0,0.0,0.0,0.0,6.0,0.78,2.9,40,34,13280.0,0,0.454,0.0,110.0,0,0.0,1,0,0.0,-1,-1,-1,-1,0.0,0.0
2026-02-01T18:00,0.0,0.0,0.0,0.0,5.2,0.68,1.4,73,41,13280.0,0,0.455,0.0,30.0,0,0.0,1,0,0.0,-1,-1,-1,-1,0.0,0.0
2026-02-01T19:00,0.0,0.0,0.0,0.0,5.3,0.4,1.3,60,9,13280.0,0,0.455,0.0,20.0,0,0.0,0,0,0.0,-1,-1,-1,-1,0.0,0.0
2026-02-01T20:00,0.0,0.0,0.0,0.0,4.8,0.21,1.0,104,35,11480.0,0,0.455,0.0,15.0,0,0.0,1,0,0.0,-1,-1,-1,-1,0.0,0.0
2026-02-01T21:00,0.0,0.0,0.0,0.0,4.6,0.11,0.7,207,91,11480.0,0,0.455,0.0,10.0,0,0.0,3,0,0.0,-1,-1,-1,-1,0.0,0.0
2026-02-01T22:00,0.0,0.0,0.0,0.0,5.3,0.07,0.7,135,91,11500.0,0,0.455,10.0,10.0,0,0.0,3,0,0.0,-1,-1,-1,-1,0.0,0.0
2026-02-01T23:00,0.0,0.0,0.0,0.0,5.1,0.11,0.6,153,34,11500.0,0,0.455,0.0,10.0,0,0.0,1,0,0.0,-1,-1,-1,-1,0.0,0.0
2026-02-02T00:00,0.0,0.0,0.0,0.0,5.8,0.95,1.0,18,95,11500.0,1,0.453,0.0,105.0,0,0.0,3,0,0.0,-1,-1,-1,-1,0.0,0.0
2026-02-02T01:00,0.0,0.0,0.0,0.0,7.3,1.3,4.0,360,98,13280.0,1,0.453,0.0,625.0,0,0.0,3,0,0.0,-1,-1,-1,-1,0.0,0.0
2026-02-02T02:00,0.0,0.0,0.0,0.0,8.8,1.76,5.3,20,91,14440.0,1,0.453,0.0,740.0,0,0.0,3,0,0.0,-1,-1,-1,-1,0.0,0.0
2026-02-02T03:00,0.0,0.0,0.0,0.0,10.2,2.13,6.2,24,88,15440.0,1,0.452,0.0,840.0,0,0.0,3,0,0.0,-1,-1,-1,-1,0.0,0.0
2026-02-02T04:00,0.0,0.0,0.0,0.0,11.9,1.81,6.6,14,70,15440.0,1,0.451,0.0,900.0,0,0.0,2,0,0.0,-1,-1,-1,-1,0.0,0.0
2026-02-02T05:00,0.0,0.0,0.0,0.0,13.4,1.7,6.1,358,61,15440.0,1,0.451,0.0,960.0,0,0.0,2,0,0.0,-1,-1,-1,-1,0.0,0.0
2026-02-02T06:00,0.0,0.0,0.0,0.0,14.0,2.1,6.5,3,96,16300.0,1,0.459,0.0,1095.0,0,0.0,3,0,0.0,-1,-1,-1,-1,0.0,0.0
2026-02-02T07:00,0.0,0.0,0.0,0.0,14.8,2.19,6.5,11,62,16300.0,1,0.458,0.0,1110.0,0,0.0,2,0,0.0,-1,-1,-1,-1,0.0,0.0
2026-02-02T08:00,0.0,0.0,0.0,0.0,15.1,2.4,6.4,12,86,16300.0,1,0.458,0.0,1130.0,0,0.0,3,0,0.0,-1,-1,-1,-1,0.0,0.0
2026-02-02T09:00,0.0,0.0,0.0,0.0,14.7,2.29,6.3,10,81,16300.0,1,0.457,0.0,1170.0,0,0.0,3,0,0.0,-1,-1,-1,-1,0.0,0.0
2026-02-02T10:00,0.0,0.0,0.0,0.0,13.1,1.37,5.1,10,53,16300.0,1,0.457,0.0,265.0,0,0.0,2,0,0.0,-1,-1,-1,-1,0.0,0.0
2026-02-02T11:00,0.0,0.0,0.0,0.0,11.1,0.94,2.4,25,48,15440.0,0,0.457,0.0,60.0,0,0.0,1,0,0.0,-1,-1,-1,-1,0.0,0.0
2026-02-02T12:00,0.0,0.0,0.0,0.0,9.9,0.29,1.7,59,31,15440.0,0,0.442,0.0,20.0,0,0.0,1,0,0.0,-1,-1,-1,-1,0.0,0.0
2026-02-02T13:00,0.0,0.0,0.0,0.0,9.5,0.15,0.8,180,27,15440.0,0,0.442,0.0,15.0,0,0.0,1,0,0.0,-1,-1,-1,-1,0.0,0.0
2026-02-02T14:00,0.0,0.0,0.0,0.0,8.6,0.2,0.6,180,34,14440.0,0,0.442,0.0,20.0,0,0.0,1,0,0.0,-1,-1,-1,-1,0.0,0.0
2026-02-02T15:00,0.0,0.0,0.0,0.0,7.7,0.55,0.9,180,33,14440.0,0,0.443,0.0,25.0,0,0.0,1,0,0.0,-1,-1,-1,-1,0.0,0.0
2026-02-02T16:00,0.0,0.0,0.0,0.0,7.1,0.35,0.9,172,23,14440.0,0,0.443,0.0,15.0,0,0.0,1,0,0.0,-1,-1,-1,-1,0.0,0.0
2026-02-02T17:00,0.0,0.0,0.0,0.0,6.6,0.15,0.7,180,63,13300.0,0,0.443,0.0,10.0,0,0.0,2,0,0.0,-1,-1,-1,-1,0.0,0.0
2026-02-02T18:00,0.0,0.0,0.0,0.0,7.3,0.11,0.4,207,86,13300.0,0,0.439,0.0,10.0,0,0.0,3,0,0.0,-1,-1,-1,-1,0.0,0.0
2026-02-02T19:00,0.0,0.0,0.0,0.0,7.3,0.05,0.3,180,63,13300.0,0,0.44,0.0,10.0,0,0.0,2,0,0.0,-1,-1,-1,-1,0.0,0.0
2026-02-02T20:00,0.0,0.0,0.0,0.0,6.9,0.1,0.4,180,54,13300.0,0,0.44,0.0,10.0,0,0.0,2,0,0.0,-1,-1,-1,-1,0.0,0.0
2026-02-02T21:00,0.0,0.0,0.0,0.0,6.0,0.57,1.0,195,97,13300.0,0,0.44,0.0,25.0,0,0.0,3,0,0.0,-1,-1,-1,-1,0.0,0.0
2026-02-02T22:00,0.0,0.0,0.0,0.0,6.0,0.81,1.7,187,98,13300.0,0,0.441,0.0,25.0,0,0.0,3,0,0.0,-1,-1,-1,-1,0.0,0.0
2026-02-02T23:00,0.0,0.0,0.0,0.0,5.9,0.45,1.5,180,86,13300.0,0,0.441,0.0,15.0,0,0.0,3,0,0.0,-1,-1,-1,-1,0.0,0.0
2026-02-03T00:00,0.0,0.0,0.0,0.0,6.8,0.45,0.9,186,89,13300.0,1,0.446,0.0,15.0,0,0.0,3,0,0.0,-1,-1,-1,-1,0.0,0.0
2026-02-03T01:00,0.0,0.0,0.0,0.0,10.0,0.47,2.7,302,98,14440.0,1,0.446,0.0,190.0,0,0.0,3,0,0.0,-1,-1,-1,-1,0.0,0.0
2026-02-03T02:00,0.0,0.0,0.0,0.0,12.8,1.27,4.6,315,98,15460.0,1,0.445,0.0,350.0,0,0.0,3,0,0.0,-1,-1,-1,-1,0.0,0.0
2026-02-03T03:00,0.0,0.0,0.0,0.0,15.7,1.19,5.1,303,95,16300.0,1,0.445,0.0,565.0,0,0.0,3,0,0.0,-1,-1,-1,-1,0.0,0.0
2026-02-03T04:00,0.0,0.0,0.0,0.0,18.8,1.41,5.5,278,76,18020.0,1,0.443,0.0,765.0,0,0.0,2,0,0.0,-1,-1,-1,-1,0.0,0.0
2026-02-03T05:00,0.0,0.0,0.0,0.0,21.0,1.65,5.9,268,86,18020.0,1,0.442,0.0,960.0,0,0.0,3,0,0.0,-1,-1,-1,-1,0.0,0.0
2026-02-03T06:00,0.0,0.0,0.0,0.0,21.8,1.59,6.0,283,45,18020.0,1,0.442,0.0,1230.0,0,0.0,1,0,0.0,-1,-1,-1,-1,0.0,0.0
2026-02-03T07:00,0.0,0.0,0.0,0.0,22.3,1.86,6.1,297,56,18020.0,1,0.44,0.0,1320.0,0,0.0,2,0,0.0,-1,-1,-1,-1,0.0,0.0
2026-02-03T08:00,0.0,0.0,0.0,0.0,21.8,1.81,5.9,312,89,18020.0,1,0.439,0.0,1265.0,0,0.0,3,0,0.0,-1,-1,-1,-1,0.0,0.0
2026-02-03T09:00,0.0,0.0,0.0,0.0,20.4,1.81,5.3,332,72,18020.0,1,0.439,0.0,400.0,0,0.0,2,0,0.0,-1,-1,-1,-1,0.0,0.0
2026-02-03T10:00,0.0,0.0,0.0,0.0,17.0,0.43,4.2,69,29,16320.0,1,0.439,0.0,25.0,0,0.0,1,0,0.0,-1,-1,-1,-1,0.0,0.0
2026-02-03T11:00,0.0,0.0,0.0,0.0,14.2,1.8,2.4,2,12,15460.0,0,0.439,0.0,190.0,0,0.0,0,0,0.0,-1,-1,-1,-1,0.0,0.0
2026-02-03T12:00,0.0,0.0,0.0,0.0,12.7,1.56,3.3,7,30,15460.0,0,0.426,0.0,180.0,0,0.0,1,0,0.0,-1,-1,-1,-1,0.0,0.0
2026-02-03T13:00,0.0,0.0,0.0,0.0,12.0,0.99,2.3,60,18,15460.0,0,0.426,0.0,105.0,0,0.0,0,0,0.0,-1,-1,-1,-1,0.0,0.0
2026-02-03T14:00,0.0,0.0,0.0,0.0,11.5,0.57,1.6,52,5,15460.0,0,0.427,0.0,65.0,0,0.0,0,0,0.0,-1,-1,-1,-1,0.0,0.0
2026-02-03T15:00,0.0,0.0,0.0,0.0,10.9,0.15,0.9,180,5,14460.0,0,0.427,0.0,15.0,0,0.0,0,0,0.0,-1,-1,-1,-1,0.0,0.0
2026-02-03T16:00,0.0,0.0,0.0,0.0,10.3,0.15,0.5,180,6,14460.0,0,0.428,0.0,15.0,0,0.0,0,0,0.0,-1,-1,-1,-1,0.0,0.0
2026-02-03T17:00,0.0,0.0,0.0,0.0,9.8,0.05,0.5,180,5,14460.0,0,0.428,0.0,15.0,0,0.0,0,0,0.0,-1,-1,-1,-1,0.0,0.0
2026-02-03T18:00,0.0,0.0,0.0,0.0,9.8,0.11,0.5,153,6,14460.0,0,0.423,0.0,10.0,0,0.0,0,0,0.0,-1,-1,-1,-1,0.0,0.0
2026-02-03T19:00,0.0,0.0,0.0,0.0,9.7,0.29,0.6,239,5,14460.0,0,0.424,0.0,45.0,0,0.0,0,0,0.0,-1,-1,-1,-1,0.0,0.0
2026-02-03T20:00,0.0,0.0,0.0,0.0,9.6,0.22,0.7,207,2,14460.0,0,0.424,0.0,45.0,0,0.0,0,0,0.0,-1,-1,-1,-1,0.0,0.0
2026-02-03T21:00,0.0,0.0,0.0,0.0,9.3,0.3,0.6,9,2,14460.0,0,0.425,0.0,65.0,0,0.0,0,0,0.0,-1,-1,-1,-1,0.0,0.0
2026-02-03T22:00,0.0,0.0,0.0,0.0,9.1,0.25,0.7,11,2,14460.0,0,0.425,0.0,60.0,0,0.0,0,0,0.0,-1,-1,-1,-1,0.0,0.0
2026-02-03T23:00,0.0,0.0,0.0,0.0,8.9,0.22,0.8,207,2,14460.0,0,0.426,0.0,15.0,0,0.0,0,0,0.0,-1,-1,-1,-1,0.0,0.0
2026-02-04T00:00,0.0,0.0,0.0,0.0,8.7,0.85,0.8,230,2,13320.0,1,0.424,0.0,25.0,0,0.0,0,0,0.0,-1,-1,-1,-1,0.0,0.0
2026-02-04T01:00,0.0,0.0,0.0,0.0,13.0,0.99,3.1,319,1,14460.0,1,0.424,0.0,90.0,0,0.0,0,0,0.0,-1,-1,-1,-1,0.0,0.0
2026-02-04T02:00,0.0,0.0,0.0,0.0,16.8,1.21,4.6,308,5,15460.0,1,0.424,0.0,225.0,0,0.0,0,0,0.0,-1,-1,-1,-1,0.0,0.0
2026-02-04T03:00,0.0,0.0,0.0,0.0,20.4,1.19,4.8,255,5,16320.0,1,0.424,0.0,755.0,0,0.0,0,0,0.0,-1,-1,-1,-1,0.0,0.0
2026-02-04T04:00,0.0,0.0,0.0,0.0,22.7,2.69,7.4,215,31,16320.0,1,0.423,0.0,1390.0,0,0.0,1,0,0.0,-1,-1,-1,-1,0.0,0.0
2026-02-04T05:00,0.0,0.0,0.0,0.0,24.0,3.92,9.3,214,74,18020.0,1,0.422,0.0,1825.0,0,0.0,2,0,0.0,-1,-1,-1,-1,0.0,0.0
2026-02-04T06:00,0.0,0.0,0.0,0.0,23.5,3.85,10.1,210,78,18020.0,1,0.422,0.0,1950.0,0,0.0,2,0,0.0,-1,-1,-1,-1,0.0,0.0
2026-02-04T07:00,0.0,0.0,0.0,0.0,24.1,4.36,10.1,222,100,18020.0,1,0.421,0.0,2005.0,0,0.0,3,0,0.0,-1,-1,-1,-1,0.0,0.0
2026-02-04T08:00,0.0,0.0,0.0,0.0,23.1,3.92,10.1,210,100,16320.0,1,0.421,0.0,1850.0,0,0.0,3,0,0.0,-1,-1,-1,-1,0.0,0.0
2026-02-04T09:00,0.0,0.0,0.0,0.0,22.2,2.9,8.7,212,62,16320.0,1,0.42,0.0,1280.0,0,0.0,2,0,0.0,-1,-1,-1,-1,0.0,0.0
2026-02-04T10:00,0.0,0.0,0.0,0.0,19.5,1.8,6.0,214,16,15460.0,1,0.421,0.0,135.0,0,0.0,0,0,0.0,-1,-1,-1,-1,0.0,0.0
2026-02-04T11:00,0.0,0.0,0.0,0.0,16.5,1.81,3.3,166,5,14460.0,0,0.421,0.0,45.0,0,0.0,0,0,0.0,-1,-1,-1,-1,0.0,0.0
2026-02-04T12:00,0.0,0.0,0.0,0.0,14.6,1.5,4.3,159,12,13320.0,0,0.425,0.0,25.0,0,0.0,0,0,0.0,-1,-1,-1,-1,0.0,0.0
2026-02-04T13:00,0.0,0.0,0.0,0.0,13.9,1.79,3.8,157,20,11520.0,0,0.426,0.0,20.0,0,0.0,1,0,0.0,-1,-1,-1,-1,0.0,0.0
2026-02-04T14:00,0.0,0.0,0.0,0.0,12.7,1.5,3.6,154,25,8860.0,0,0.426,0.0,15.0,0,0.0,1,0,0.0,-1,-1,-1,-1,0.0,0.0
2026-02-04T15:00,0.0,0.0,0.0,0.0,12.0,1.66,3.5,151,21,8860.0,0,0.427,0.0,20.0,0,0.0,1,0,0.0,-1,-1,-1,-1,0.0,0.0
2026-02-04T16:00,0.0,0.0,0.0,0.0,11.6,1.39,3.5,150,100,8860.0,0,0.427,0.0,15.0,0,0.0,3,0,0.0,-1,-1,-1,-1,0.0,0.0
2026-02-04T17:00,0.0,0.0,0.0,0.0,12.4,0.64,3.1,135,100,8860.0,0,0.427,0.0,15.0,0,0.0,3,0,0.0,-1,-1,-1,-1,0.0,0.0
2026-02-04T18:00,0.0,0.0,0.0,0.0,13.8,0.45,1.8,153,100,10320.0,0,0.426,10.0,15.0,0,0.0,3,0,0.0,-1,-1,-1,-1,0.0,0.0
2026-02-04T19:00,0.0,0.0,0.0,0.0,14.5,0.27,1.0,68,100,10680.0,0,0.426,10.0,15.0,0,0.0,3,0,0.0,-1,-1,-1,-1,0.0,0.0
2026-02-04T20:00,0.0,0.0,0.0,0.0,14.4,0.85,1.9,62,100,11540.0,0,0.427,0.0,35.0,0,0.0,3,0,0.0,-1,-1,-1,-1,0.0,0.0
2026-02-04T21:00,0.0,0.0,0.0,0.0,14.7,0.35,1.2,360,100,10900.0,0,0.427,10.0,30.0,0,0.0,3,0,0.0,-1,-1,-1,-1,0.0,0.0
2026-02-04T22:00,0.0,0.0,0.0,0.0,14.7,0.2,0.8,90,100,11540.0,0,0.427,0.0,15.0,0,0.0,3,0,0.0,-1,-1,-1,-1,0.0,0.0
2026-02-04T23:00,0.0,0.0,0.0,0.0,14.4,0.05,0.9,90,100,6420.0,0,0.428,0.0,10.0,0,0.0,3,0,0.0,-1,-1,-1,-1,0.0,0.0
2026-02-05T00:00,0.1,0.0,0.0,0.0,14.8,0.29,1.0,31,99,11480.0,1,0.422,20.0,15.0,0,0.0,51,0,0.1,-1,-1,-1,-1,0.0,0.0
2026-02-05T01:00,0.0,0.0,0.0,0.0,16.8,1.06,3.1,341,94,13320.0,1,0.422,20.0,95.0,0,0.0,3,0,0.0,-1,-1,-1,-1,0.0,0.0
2026-02-05T02:00,0.0,0.0,0.0,0.0,18.5,0.57,3.5,315,94,9960.0,1,0.423,10.0,265.0,0,0.0,3,0,0.0,-1,-1,-1,-1,0.0,0.0
2026-02-05T03:00,0.0,0.0,0.0,0.0,21.1,1.15,3.9,182,50,13460.0,1,0.423,0.0,605.0,0,0.0,2,0,0.0,-1,-1,-1,-1,0.0,0.0
2026-02-05T04:00,0.0,0.0,0.0,0.0,24.5,2.57,7.1,209,62,15460.0,1,0.422,10.0,1585.0,0,0.0,2,0,0.0,-1,-1,-1,-1,0.0,0.0
2026-02-05T05:00,0.0,0.0,0.0,0.0,24.9,3.54,8.8,211,100,16320.0,1,0.421,10.0,1640.0,0,0.0,3,0,0.0,-1,-1,-1,-1,0.0,0.0
2026-02-05T06:00,0.0,0.0,0.0,0.0,23.2,2.66,8.8,230,98,15460.0,1,0.432,10.0,1395.0,0,0.0,3,0,0.0,-1,-1,-1,-1,0.0,0.0
2026-02-05T07:00,0.0,0.0,0.0,0.0,24.0,2.34,6.9,228,96,16320.0,1,0.431,10.0,1465.0,0,0.0,3,0,0.0,-1,-1,-1,-1,0.0,0.0
2026-02-05T08:00,0.0,0.0,0.0,0.0,24.1,2.28,6.0,218,91,16320.0,1,0.431,10.0,1495.0,0,0.0,3,0,0.0,-1,-1,-1,-1,0.0,0.0
2026-02-05T09:00,0.0,0.0,0.0,0.0,23.4,1.68,5.5,210,85,15460.0,1,0.43,0.0,915.0,0,0.0,3,0,0.0,-1,-1,-1,-1,0.0,0.0
2026-02-05T10:00,0.0,0.0,0.0,0.0,21.0,1.1,3.4,185,74,15480.0,1,0.431,10.0,65.0,0,0.0,2,0,0.0,-1,-1,-1,-1,0.0,0.0
2026-02-05T11:00,0.0,0.0,0.0,0.0,18.9,0.57,1.8,38,97,14480.0,0,0.431,0.0,30.0,0,0.0,3,0,0.0,-1,-1,-1,-1,0.0,0.0
2026-02-05T12:00,0.0,0.0,0.0,0.0,17.1,1.15,4.5,34,86,13340.0,0,0.425,10.0,50.0,0,0.0,3,0,0.0,-1,-1,-1,-1,0.0,0.0
2026-02-05T13:00,0.0,0.0,0.0,0.0,16.8,2.35,4.3,24,98,13320.0,0,0.426,10.0,180.0,0,0.0,3,0,0.0,-1,-1,-1,-1,0.0,0.0
2026-02-05T14:00,0.0,0.0,0.0,0.0,15.6,2.32,4.6,33,84,11260.0,0,0.426,10.0,215.0,0,0.0,3,0,0.0,-1,-1,-1,-1,0.0,0.0
2026-02-05T15:00,0.0,0.0,0.0,0.0,14.3,1.61,4.4,26,45,9640.0,0,0.426,10.0,130.0,0,0.0,1,0,0.0,-1,-1,-1,-1,0.0,0.0
2026-02-05T16:00,0.0,0.0,0.0,0.0,13.6,1.96,3.5,19,100,8860.0,0,0.427,10.0,170.0,0,0.0,3,0,0.0,-1,-1,-1,-1,0.0,0.0
2026-02-05T17:00,0.0,0.0,0.0,0.0,13.5,2.17,4.3,23,100,9080.0,0,0.427,10.0,250.0,0,0.0,3,0,0.0,-1,-1,-1,-1,0.0,0.0
2026-02-05T18:00,0.0,0.0,0.0,0.0,13.1,1.87,4.5,16,100,7980.0,0,0.421,10.0,250.0,0,0.0,3,0,0.0,-1,-1,-1,-1,0.0,0.0
2026-02-05T19:00,0.0,0.0,0.0,0.0,12.8,1.8,4.2,357,100,6180.0,0,0.421,10.0,245.0,0,0.0,3,0,0.0,-1,-1,-1,-1,0.0,0.0
2026-02-05T20:00,0.2,0.0,0.0,0.0,12.1,2.2,4.5,1,100,4280.0,0,0.423,10.0,270.0,0,0.0,51,0,0.2,-1,-1,-1,-1,0.0,0.0
2026-02-05T21:00,0.4,0.0,0.0,0.0,11.2,2.31,4.9,5,100,3040.0,0,0.428,10.0,260.0,0,0.0,51,1,0.4,11,0,2,10,0.0,0
2026-02-05T22:00,0.4,0.0,0.0,0.0,10.9,2.03,4.7,10,100,4080.0,0,0.433,10.0,240.0,0,0.0,51,1,0.4,11,1,1,10,0.0,0
2026-02-05T23:00,0.1,0.0,0.0,0.0,10.7,1.71,4.2,355,100,4900.0,0,0.434,20.0,215.0,0,0.0,51,0,0.1,-1,-1,-1,-1,0.0,0.0
2026-02-06T00:00,0.2,0.0,0.0,0.0,11.1,1.76,3.7,7,100,5560.0,1,0.426,10.0,205.0,0,0.0,51,0,0.2,-1,-1,-1,-1,0.0,0.0
2026-02-06T01:00,0.0,0.0,0.0,0.0,11.4,1.7,4.2,360,100,6660.0,1,0.426,20.0,220.0,0,0.0,3,0,0.0,-1,-1,-1,-1,0.0,0.0
2026-02-06T02:00,0.0,0.0,0.0,0.0,12.0,2.82,6.4,6,100,7780.0,1,0.426,0.0,310.0,0,0.0,3,0,0.0,-1,-1,-1,-1,0.0,0.0
2026-02-06T03:00,0.1,0.0,0.0,0.0,13.1,3.0,7.7,357,100,8100.0,1,0.427,0.0,520.0,0,0.0,51,0,0.1,-1,-1,-1,-1,0.0,0.0
2026-02-06T04:00,0.1,0.0,0.0,0.0,13.2,3.1,7.4,3,100,7960.0,1,0.427,0.0,565.0,0,0.0,51,0,0.1,-1,-1,-1,-1,0.0,0.0
2026-02-06T05:00,0.1,0.0,0.0,0.0,13.7,3.22,7.7,6,100,8520.0,1,0.427,10.0,655.0,0,0.0,51,0,0.1,-1,-1,-1,-1,0.0,0.0
2026-02-06T06:00,0.1,1.0,0.0,0.0,12.3,3.23,8.3,13,100,6660.0,1,0.434,20.0,650.0,0,0.0,51,0,0.0,-1,-1,-1,-1,0.0,0.0
2026-02-06T07:00,0.2,0.0,0.0,0.0,11.9,3.15,7.3,15,100,5280.0,1,0.436,10.0,540.0,0,0.0,51,0,0.2,-1,-1,-1,-1,0.0,0.0
2026-02-06T08:00,0.2,0.0,0.0,0.0,11.6,3.1,7.2,15,100,5480.0,1,0.437,10.0,480.0,0,0.0,51,0,0.2,-1,-1,-1,-1,0.0,0.0
2026-02-06T09:00,0.5,0.2,0.0,0.0,10.9,2.46,6.8,13,100,3060.0,1,0.442,10.0,390.0,0,0.0,53,1,0.4,12,0,2,11,0.354,0.214
2026-02-06T10:00,0.3,0.333,0.0,0.0,10.7,2.33,5.3,35,100,4700.0,1,0.446,10.0,390.0,0,0.0,51,1,0.2,12,1,1,11,0.354,0.294
2026-02-06T11:00,0.1,0.0,0.0,0.0,10.6,2.37,4.9,28,100,5380.0,0,0.446,10.0,420.0,0,0.0,51,0,0.1,-1,-1,-1,-1,0.0,0.0
2026-02-06T12:00,0.1,1.0,0.0,0.0,10.6,3.48,5.5,12,100,5200.0,0,0.443,10.0,395.0,0,0.0,51,0,0.0,-1,-1,-1,-1,0.0,0.0
2026-02-06T13:00,0.1,1.0,0.0,0.0,10.4,3.51,7.4,17,100,5120.0,0,0.444,10.0,460.0,0,0.0,51,0,0.0,-1,-1,-1,-1,0.0,0.0
2026-02-06T14:00,0.1,1.0,0.0,0.0,10.2,3.34,7.2,24,100,5200.0,0,0.446,10.0,495.0,0,0.0,51,0,0.0,-1,-1,-1,-1,0.0,0.0
2026-02-06T15:00,0.1,1.0,0.0,0.0,9.9,3.08,6.6,17,100,5200.0,0,0.446,10.0,465.0,0,0.0,51,0,0.0,-1,-1,-1,-1,0.0,0.0
2026-02-06T16:00,0.0,0.0,0.0,0.0,9.6,2.82,6.0,17,100,5260.0,0,0.447,0.0,395.0,0,0.0,3,0,0.0,-1,-1,-1,-1,0.0,0.0
2026-02-06T17:00,0.0,0.0,0.0,0.0,9.6,2.62,5.6,18,100,5400.0,0,0.447,0.0,385.0,0,0.0,3,0,0.0,-1,-1,-1,-1,0.0,0.0
2026-02-06T18:00,0.0,0.0,0.0,0.0,10.1,2.51,5.3,5,100,4980.0,0,0.428,10.0,410.0,0,0.0,3,0,0.0,-1,-1,-1,-1,0.0,0.0
2026-02-06T19:00,0.1,1.0,0.0,0.0,10.2,2.46,5.5,5,100,5900.0,0,0.429,10.0,460.0,0,0.0,51,0,0.0,-1,-1,-1,-1,0.0,0.0
2026-02-06T20:00,0.1,0.0,0.0,0.0,10.0,2.21,5.0,6,100,5260.0,0,0.43,0.0,440.0,0,0.0,51,0,0.1,-1,-1,-1,-1,0.0,0.0
2026-02-06T21:00,0.2,0.0,0.0,0.0,9.6,1.87,4.5,8,100,4340.0,0,0.432,0.0,460.0,0,0.0,51,0,0.2,-1,-1,-1,-1,0.0,0.0
2026-02-06T22:00,0.4,0.0,0.0,0.0,9.4,1.97,4.0,7,100,3320.0,0,0.437,10.0,470.0,0,0.0,51,1,0.4,13,0,4,13,0.365,0.097
2026-02-06T23:00,0.7,0.0,0.0,0.0,9.1,2.22,4.3,8,100,2780.0,0,0.447,0.0,460.0,0,0.0,53,1,0.7,13,1,3,13,0.365,0.097
2026-02-07T00:00,0.6,0.0,0.0,0.0,9.2,1.76,4.4,5,100,4160.0,1,0.448,10.0,480.0,0,0.0,53,1,0.6,13,2,2,13,0.365,0.097
2026-02-07T01:00,0.3,0.333,0.0,0.0,9.5,2.9,6.0,3,100,4980.0,1,0.451,10.0,555.0,0,0.0,51,1,0.2,13,3,1,13,0.365,0.297
2026-02-07T02:00,0.1,0.0,0.0,0.0,10.0,3.61,8.3,10,100,9040.0,1,0.451,10.0,630.0,0,0.0,51,0,0.1,-1,-1,-1,-1,0.0,0.0
2026-02-07T03:00,0.0,0.0,0.0,0.0,11.2,4.19,9.4,12,100,13340.0,1,0.451,0.0,790.0,0,0.0,3,0,0.0,-1,-1,-1,-1,0.0,0.0
2026-02-07T04:00,0.0,0.0,0.0,0.0,11.8,4.31,9.6,9,100,7000.0,1,0.451,0.0,925.0,0,0.0,3,0,0.0,-1,-1,-1,-1,0.0,0.0
2026-02-07T05:00,0.2,0.0,0.0,0.0,11.5,4.07,9.7,5,100,7260.0,1,0.452,10.0,970.0,0,0.0,51,0,0.2,-1,-1,-1,-1,0.0,0.0
2026-02-07T06:00,0.0,0.0,0.0,0.0,10.4,3.85,9.1,359,100,10500.0,1,0.476,10.0,875.0,0,0.0,3,0,0.0,-1,-1,-1,-1,0.0,0.0
2026-02-07T07:00,0.0,0.0,0.0,0.0,10.1,3.8,8.6,360,100,9180.0,1,0.474,0.0,830.0,0,0.0,3,0,0.0,-1,-1,-1,-1,0.0,0.0
2026-02-07T08:00,0.0,0.0,0.0,0.0,10.2,4.04,8.8,8,100,14460.0,1,0.473,0.0,900.0,0,0.0,3,0,0.0,-1,-1,-1,-1,0.0,0.0
2026-02-07T09:00,0.0,0.0,0.0,0.0,10.6,4.46,9.7,4,100,14460.0,1,0.472,0.0,1045.0,0,0.0,3,0,0.0,-1,-1,-1,-1,0.0,0.0
2026-02-07T10:00,0.0,0.0,0.0,0.0,10.0,3.6,9.6,346,100,14460.0,1,0.471,0.0,1035.0,0,0.0,3,0,0.0,-1,-1,-1,-1,0.0,0.0
2026-02-07T11:00,0.0,0.0,0.0,0.0,9.5,3.3,7.6,350,100,14460.0,0,0.47,0.0,900.0,0,0.0,3,0,0.0,-1,-1,-1,-1,0.0,0.0
2026-02-07T12:00,0.0,0.0,0.0,0.0,7.9,3.5,7.7,10,100,6120.0,0,0.486,0.0,670.0,0,0.0,3,0,0.0,-1,-1,-1,-1,0.0,0.0
2026-02-07T13:00,0.0,0.0,0.0,0.0,7.9,3.55,7.3,358,100,10080.0,0,0.484,10.0,710.0,0,0.0,3,0,0.0,-1,-1,-1,-1,0.0,0.0
2026-02-07T14:00,0.1,1.0,0.0,0.0,7.5,3.36,7.5,355,100,9740.0,0,0.483,0.0,710.0,0,0.0,51,0,0.0,-1,-1,-1,-1,0.0,0.0
2026-02-07T15:00,0.3,1.0,0.0,0.0,6.9,3.14,7.2,346,99,7840.0,0,0.483,0.0,640.0,0,0.0,51,1,0.0,14,0,1,32,0.0,0.6
2026-02-07T16:00,0.0,0.0,0.0,0.0,6.6,3.18,6.7,353,97,9460.0,0,0.482,0.0,640.0,0,0.0,3,0,0.0,-1,-1,-1,-1,0.0,0.0
2026-02-07T17:00,0.1,1.0,0.0,0.0,6.4,2.9,6.7,349,98,9720.0,0,0.481,10.0,680.0,0,0.0,51,0,0.0,-1,-1,-1,-1,0.0,0.0
2026-02-07T18:00,0.0,0.0,0.0,0.0,5.9,3.08,6.2,347,100,6040.0,0,0.474,20.0,650.0,0,0.0,3,0,0.0,-1,-1,-1,-1,0.0,0.0
2026-02-07T19:00,0.1,1.0,0.0,0.0,5.9,3.0,6.9,357,93,6400.0,0,0.474,10.0,715.0,0,0.0,51,0,0.0,-1,-1,-1,-1,0.0,0.0
2026-02-07T20:00,0.1,0.0,0.0,0.0,6.0,2.71,6.6,5,100,5380.0,0,0.474,20.0,725.0,0,0.0,51,0,0.1,-1,-1,-1,-1,0.0,0.0
2026-02-07T21:00,0.0,0.0,0.0,0.0,6.1,3.4,7.0,17,70,9640.0,0,0.473,0.0,730.0,0,0.0,2,0,0.0,-1,-1,-1,-1,0.0,0.0
2026-02-07T22:00,0.0,0.0,0.0,0.0,5.8,3.27,6.9,7,30,13180.0,0,0.472,0.0,780.0,0,0.0,1,0,0.0,-1,-1,-1,-1,0.0,0.0
2026-02-07T23:00,0.0,0.0,0.0,0.0,5.3,3.12,6.8,12,38,13320.0,0,0.471,0.0,825.0,0,0.0,1,0,0.0,-1,-1,-1,-1,0.0,0.0
2026-02-08T00:00,0.0,0.0,0.0,0.0,6.3,4.13,7.0,7,100,10280.0,1,0.481,20.0,925.0,0,0.0,3,0,0.0,-1,-1,-1,-1,0.0,0.0
2026-02-08T01:00,0.0,0.0,0.0,0.0,6.9,3.49,9.5,9,100,13220.0,1,0.48,0.0,920.0,0,0.0,3,0,0.0,-1,-1,-1,-1,0.0,0.0
2026-02-08T02:00,0.0,0.0,0.0,0.0,7.2,3.51,8.3,11,98,14460.0,1,0.479,0.0,905.0,0,0.0,3,0,0.0,-1,-1,-1,-1,0.0,0.0
2026-02-08T03:00,0.0,0.0,0.0,0.0,8.1,2.97,8.1,7,97,15440.0,1,0.477,0.0,890.0,0,0.0,3,0,0.0,-1,-1,-1,-1,0.0,0.0
2026-02-08T04:00,0.0,0.0,0.0,0.0,10.1,3.15,8.3,360,69,16280.0,1,0.475,0.0,1055.0,0,0.0,2,0,0.0,-1,-1,-1,-1,0.0,0.0
2026-02-08T05:00,0.0,0.0,0.0,0.0,10.7,4.11,10.1,4,51,17960.0,1,0.473,0.0,1155.0,0,0.0,2,0,0.0,-1,-1,-1,-1,0.0,0.0
2026-02-08T06:00,0.0,0.0,0.0,0.0,8.4,3.7,10.6,2,100,16280.0,1,0.492,0.0,985.0,0,0.0,3,0,0.0,-1,-1,-1,-1,0.0,0.0
2026-02-08T07:00,0.0,0.0,0.0,0.0,8.8,3.07,8.9,19,53,16280.0,1,0.489,0.0,960.0,0,0.0,2,0,0.0,-1,-1,-1,-1,0.0,0.0
2026-02-08T08:00,0.0,0.0,0.0,0.0,9.9,2.11,7.6,31,31,17960.0,1,0.486,0.0,940.0,0,0.0,1,0,0.0,-1,-1,-1,-1,0.0,0.0
2026-02-08T09:00,0.0,0.0,0.0,0.0,10.6,2.25,5.8,32,46,17960.0,1,0.483,0.0,910.0,0,0.0,1,0,0.0,-1,-1,-1,-1,0.0,0.0
2026-02-08T10:00,0.0,0.0,0.0,0.0,9.1,1.23,5.5,32,22,17960.0,1,0.481,0.0,370.0,0,0.0,1,0,0.0,-1,-1,-1,-1,0.0,0.0
2026-02-08T11:00,0.0,0.0,0.0,0.0,7.2,1.24,2.2,50,1,17960.0,0,0.48,0.0,345.0,0,0.0,0,0,0.0,-1,-1,-1,-1,0.0,0.0
2026-02-08T12:00,0.0,0.0,0.0,0.0,5.3,1.05,2.8,155,1,14440.0,0,0.47,0.0,20.0,0,0.0,0,0,0.0,-1,-1,-1,-1,0.0,0.0
2026-02-08T13:00,0.0,0.0,0.0,0.0,4.7,0.36,2.3,164,0,14440.0,0,0.469,0.0,15.0,0,0.0,0,0,0.0,-1,-1,-1,-1,0.0,0.0
2026-02-08T14:00,0.0,0.0,0.0,0.0,4.4,0.82,2.0,166,1,13320.0,0,0.469,0.0,15.0,0,0.0,0,0,0.0,-1,-1,-1,-1,0.0,0.0
2026-02-08T15:00,0.0,0.0,0.0,0.0,3.8,0.84,2.2,163,0,14440.0,0,0.468,0.0,20.0,0,0.0,0,0,0.0,-1,-1,-1,-1,0.0,0.0
2026-02-08T16:00,0.0,0.0,0.0,0.0,2.9,0.54,1.9,158,0,14440.0,0,0.468,0.0,15.0,0,0.0,0,0,0.0,-1,-1,-1,-1,0.0,0.0
2026-02-08T17:00,0.0,0.0,0.0,0.0,2.4,0.5,1.4,180,1,14440.0,0,0.467,0.0,10.0,0,0.0,0,0,0.0,-1,-1,-1,-1,0.0,0.0
2026-02-08T18:00,0.0,0.0,0.0,0.0,2.8,0.85,1.6,201,1,14440.0,0,0.479,0.0,20.0,0,0.0,0,0,0.0,-1,-1,-1,-1,0.0,0.0
2026-02-08T19:00,0.0,0.0,0.0,0.0,2.6,0.4,1.5,180,0,14440.0,0,0.478,0.0,10.0,0,0.0,0,0,0.0,-1,-1,-1,-1,0.0,0.0
2026-02-08T20:00,0.0,0.0,0.0,0.0,2.4,0.11,0.9,153,34,14440.0,0,0.477,0.0,10.0,0,0.0,1,0,0.0,-1,-1,-1,-1,0.0,0.0
2026-02-08T21:00,0.0,0.0,0.0,0.0,2.3,0.16,0.8,162,100,14440.0,0,0.476,0.0,10.0,0,0.0,3,0,0.0,-1,-1,-1,-1,0.0,0.0
2026-02-08T22:00,0.0,0.0,0.0,0.0,3.4,0.46,0.9,103,100,14440.0,0,0.475,0.0,10.0,0,0.0,3,0,0.0,-1,-1,-1,-1,0.0,0.0
2026-02-08T23:00,0.0,0.0,0.0,0.0,3.9,1.21,1.9,246,100,13320.0,0,0.474,0.0,35.0,0,0.0,3,0,0.0,-1,-1,-1,-1,0.0,0.0
2026-02-09T00:00,0.4,0.0,0.0,0.0,4.0,1.01,3.0,9,100,2740.0,1,0.482,0.0,35.0,0,0.0,51,1,0.4,15,0,2,3,0.283,0.075
2026-02-09T01:00,0.6,0.0,0.0,0.0,4.5,1.36,3.0,278,66,6060.0,1,0.488,20.0,115.0,0,0.0,53,1,0.6,15,1,1,3,0.283,0.075
2026-02-09T02:00,0.0,0.0,0.0,0.0,7.1,1.32,4.4,331,86,13320.0,1,0.486,20.0,230.0,0,0.0,3,0,0.0,-1,-1,-1,-1,0.0,0.0
2026-02-09T03:00,0.0,0.0,0.0,0.0,9.5,1.71,5.6,322,99,14440.0,1,0.484,50.0,550.0,0,0.0,3,0,0.0,-1,-1,-1,-1,0.0,0.0
2026-02-09T04:00,0.0,0.0,0.0,0.0,10.1,0.72,5.7,348,99,7540.0,1,0.482,20.0,625.0,0,0.0,3,0,0.0,-1,-1,-1,-1,0.0,0.0
2026-02-09T05:00,0.5,0.8,0.0,0.0,11.5,1.79,6.6,337,100,15420.0,1,0.485,0.0,685.0,0,0.0,53,1,0.1,16,0,1,29,0.0,0.48
2026-02-09T06:00,0.0,0.0,0.0,0.0,11.0,2.19,6.4,336,96,15420.0,1,0.501,0.0,690.0,0,0.0,3,0,0.0,-1,-1,-1,-1,0.0,0.0
2026-02-09T07:00,0.0,0.0,0.0,0.0,11.7,2.2,6.0,330,100,15420.0,1,0.496,0.0,590.0,0,0.0,3,0,0.0,-1,-1,-1,-1,0.0,0.0
2026-02-09T08:00,0.0,0.0,0.0,0.0,11.3,1.85,6.2,360,78,15420.0,1,0.493,0.0,435.0,0,0.0,2,0,0.0,-1,-1,-1,-1,0.0,0.0
2026-02-09T09:00,0.0,0.0,0.0,0.0,11.4,1.01,4.9,70,98,15420.0,1,0.49,0.0,380.0,0,0.0,3,0,0.0,-1,-1,-1,-1,0.0,0.0
2026-02-09T10:00,0.0,0.0,0.0,0.0,11.0,0.54,2.9,124,100,14440.0,1,0.488,10.0,105.0,0,0.0,3,0,0.0,-1,-1,-1,-1,0.0,0.0
2026-02-09T11:00,0.0,0.0,0.0,0.0,10.5,1.09,1.5,16,100,14440.0,0,0.486,10.0,135.0,0,0.0,3,0,0.0,-1,-1,-1,-1,0.0,0.0
2026-02-09T12:00,0.0,0.0,0.0,0.0,7.6,2.29,4.7,350,100,13300.0,0,0.498,30.0,200.0,0,0.0,3,0,0.0,-1,-1,-1,-1,0.0,0.0
2026-02-09T13:00,0.0,0.0,0.0,0.0,7.2,1.75,4.5,360,100,9840.0,0,0.495,30.0,150.0,0,0.0,3,0,0.0,-1,-1,-1,-1,0.0,0.0
2026-02-09T14:00,0.0,0.0,0.0,0.0,7.2,1.08,3.6,13,73,10420.0,0,0.493,30.0,115.0,0,0.0,2,0,0.0,-1,-1,-1,-1,0.0,0.0
2026-02-09T15:00,0.0,0.0,0.0,0.0,7.2,1.62,3.1,351,100,11440.0,0,0.491,20.0,110.0,0,0.0,3,0,0.0,-1,-1,-1,-1,0.0,0.0
2026-02-09T16:00,0.0,0.0,0.0,0.0,7.4,1.06,3.2,8,91,11360.0,0,0.49,20.0,95.0,0,0.0,3,0,0.0,-1,-1,-1,-1,0.0,0.0
2026-02-09T17:00,0.0,0.0,0.0,0.0,7.5,1.5,2.9,356,20,10260.0,0,0.488,0.0,95.0,0,0.0,1,0,0.0,-1,-1,-1,-1,0.0,0.0
2026-02-09T18:00,0.0,0.0,0.0,0.0,6.0,0.96,3.0,9,96,8840.0,0,0.484,10.0,80.0,0,0.0,3,0,0.0,-1,-1,-1,-1,0.0,0.0
2026-02-09T19:00,0.0,0.0,0.0,0.0,6.5,1.2,2.0,2,33,8660.0,0,0.483,10.0,55.0,0,0.0,1,0,0.0,-1,-1,-1,-1,0.0,0.0
2026-02-09T20:00,0.0,0.0,0.0,0.0,5.8,0.89,2.0,16,61,8760.0,0,0.482,0.0,55.0,0,0.0,2,0,0.0,-1,-1,-1,-1,0.0,0.0
2026-02-09T21:00,0.0,0.0,0.0,0.0,6.3,1.3,2.2,4,97,8860.0,0,0.482,0.0,65.0,0,0.0,3,0,0.0,-1,-1,-1,-1,0.0,0.0
2026-02-09T22:00,0.0,0.0,0.0,0.0,6.7,1.4,2.6,358,100,8260.0,0,0.481,10.0,85.0,0,0.0,3,0,0.0,-1,-1,-1,-1,0.0,0.0
2026-02-09T23:00,0.0,0.0,0.0,0.0,6.8,1.65,3.0,2,100,6560.0,0,0.481,10.0,105.0,0,0.0,3,0,0.0,-1,-1,-1,-1,0.0,0.0
2026-02-10T00:00,0.1,0.0,0.0,0.0,7.6,0.89,3.1,322,100,8600.0,1,0.488,20.0,75.0,0,0.0,51,0,0.1,-1,-1,-1,-1,0.0,0.0
2026-02-10T01:00,0.0,0.0,0.0,0.0,9.5,1.32,3.5,335,100,13300.0,1,0.487,10.0,95.0,0,0.0,3,0,0.0,-1,-1,-1,-1,0.0,0.0
2026-02-10T02:00,0.0,0.0,0.0,0.0,11.7,2.17,5.8,341,32,11620.0,1,0.486,10.0,205.0,0,0.0,1,0,0.0,-1,-1,-1,-1,0.0,0.0
2026-02-10T03:00,0.0,0.0,0.0,0.0,14.1,2.39,6.9,340,52,14420.0,1,0.484,0.0,375.0,0,0.0,2,0,0.0,-1,-1,-1,-1,0.0,0.0
2026-02-10T04:00,0.0,0.0,0.0,0.0,15.4,2.47,7.3,353,48,14420.0,1,0.482,10.0,430.0,0,0.0,1,0,0.0,-1,-1,-1,-1,0.0,0.0
2026-02-10T05:00,0.0,0.0,0.0,0.0,16.6,2.21,7.1,4,74,15400.0,1,0.481,0.0,540.0,0,0.0,2,0,0.0,-1,-1,-1,-1,0.0,0.0
2026-02-10T06:00,0.0,0.0,0.0,0.0,14.4,3.95,8.1,359,100,14420.0,1,0.494,0.0,570.0,0,0.0,3,0,0.0,-1,-1,-1,-1,0.0,0.0
2026-02-10T07:00,0.0,0.0,0.0,0.0,11.1,4.05,10.6,16,100,13300.0,1,0.492,10.0,470.0,0,0.0,3,0,0.0,-1,-1,-1,-1,0.0,0.0
2026-02-10T08:00,0.0,0.0,0.0,0.0,10.9,3.53,9.4,25,100,13300.0,1,0.49,0.0,505.0,0,0.0,3,0,0.0,-1,-1,-1,-1,0.0,0.0
2026-02-10T09:00,0.0,0.0,0.0,0.0,9.8,3.0,8.4,30,100,7140.0,1,0.489,0.0,420.0,0,0.0,3,0,0.0,-1,-1,-1,-1,0.0,0.0
2026-02-10T10:00,0.1,0.0,0.0,0.0,9.7,1.89,6.7,37,100,7560.0,1,0.488,10.0,345.0,0,0.0,51,0,0.1,-1,-1,-1,-1,0.0,0.0
2026-02-10T11:00,0.4,0.0,0.0,0.0,9.1,1.55,4.5,15,100,3700.0,0,0.491,10.0,315.0,0,0.0,51,1,0.4,17,0,2,3,0.157,0.042
2026-02-10T12:00,0.5,0.0,0.0,0.0,8.1,1.6,4.0,14,100,4680.0,0,0.479,10.0,185.0,0,0.0,53,1,0.5,17,1,1,3,0.157,0.042
2026-02-10T13:00,0.0,0.0,0.0,0.0,7.7,2.5,5.1,12,100,2100.0,0,0.479,0.0,245.0,0,0.0,3,0,0.0,-1,-1,-1,-1,0.0,0.0
2026-02-10T14:00,0.1,0.0,0.0,0.0,7.2,2.45,5.7,17,100,1680.0,0,0.479,0.0,270.0,0,0.0,51,0,0.1,-1,-1,-1,-1,0.0,0.0
2026-02-10T15:00,0.1,0.0,0.0,0.0,7.2,1.89,5.0,12,100,1040.0,0,0.479,0.0,225.0,0,0.0,51,0,0.1,-1,-1,-1,-1,0.0,0.0
2026-02-10T16:00,0.3,0.0,0.0,0.0,7.1,1.8,4.1,13,100,2220.0,0,0.482,20.0,240.0,0,0.0,51,1,0.3,18,0,1,33,0.0,0
2026-02-10T17:00,0.2,0.0,0.0,0.0,7.0,1.46,3.8,22,100,3960.0,0,0.485,20.0,205.0,0,0.0,51,0,0.2,-1,-1,-1,-1,0.0,0.0
2026-02-10T18:00,0.1,0.0,0.0,0.0,7.0,1.64,3.7,31,100,4660.0,0,0.482,10.0,205.0,0,0.0,51,0,0.1,-1,-1,-1,-1,0.0,0.0
2026-02-10T19:00,0.0,0.0,0.0,0.0,6.9,1.77,3.9,25,100,5380.0,0,0.482,0.0,200.0,0,0.0,3,0,0.0,-1,-1,-1,-1,0.0,0.0
2026-02-10T20:00,0.0,0.0,0.0,0.0,6.9,1.78,3.6,32,100,3960.0,0,0.482,10.0,190.0,0,0.0,3,0,0.0,-1,-1,-1,-1,0.0,0.0
2026-02-10T21:00,0.1,0.0,0.0,0.0,6.8,1.87,4.1,20,100,5360.0,0,0.482,0.0,185.0,0,0.0,51,0,0.1,-1,-1,-1,-1,0.0,0.0
2026-02-10T22:00,0.0,0.0,0.0,0.0,6.6,1.6,3.7,20,100,5780.0,0,0.482,0.0,165.0,0,0.0,3,0,0.0,-1,-1,-1,-1,0.0,0.0
2026-02-10T23:00,0.0,0.0,0.0,0.0,6.5,2.28,4.6,23,100,1040.0,0,0.481,0.0,205.0,0,0.0,3,0,0.0,-1,-1,-1,-1,0.0,0.0
2026-02-11T00:00,0.0,0.0,0.0,0.0,6.6,1.61,4.6,334,100,5400.0,1,0.481,0.0,150.0,0,0.0,3,0,0.0,-1,-1,-1,-1,0.0,0.0
2026-02-11T01:00,0.0,0.0,0.0,0.0,7.1,1.58,4.1,35,100,2420.0,1,0.481,0.0,235.0,0,0.0,3,0,0.0,-1,-1,-1,-1,0.0,0.0
2026-02-11T02:00,0.0,0.0,0.0,0.0,7.7,1.58,4.2,35,100,9960.0,1,0.48,0.0,265.0,0,0.0,3,0,0.0,-1,-1,-1,-1,0.0,0.0
2026-02-11T03:00,0.0,0.0,0.0,0.0,9.0,1.59,4.9,13,100,11540.0,1,0.48,0.0,400.0,0,0.0,3,0,0.0,-1,-1,-1,-1,0.0,0.0
2026-02-11T04:00,0.0,0.0,0.0,0.0,9.7,1.41,4.7,352,100,13300.0,1,0.479,0.0,460.0,0,0.0,3,0,0.0,-1,-1,-1,-1,0.0,0.0
2026-02-11T05:00,0.0,0.0,0.0,0.0,10.4,1.66,5.1,5,100,13280.0,1,0.479,0.0,510.0,0,0.0,3,0,0.0,-1,-1,-1,-1,0.0,0.0
2026-02-11T06:00,0.0,0.0,0.0,0.0,9.2,1.46,5.3,6,100,13300.0,1,0.491,0.0,490.0,0,0.0,3,0,0.0,-1,-1,-1,-1,0.0,0.0
2026-02-11T07:00,0.0,0.0,0.0,0.0,9.7,1.77,4.8,16,100,13280.0,1,0.489,0.0,440.0,0,0.0,3,0,0.0,-1,-1,-1,-1,0.0,0.0
2026-02-11T08:00,0.0,0.0,0.0,0.0,9.7,1.88,4.8,25,100,13280.0,1,0.488,0.0,390.0,0,0.0,3,0,0.0,-1,-1,-1,-1,0.0,0.0
2026-02-11T09:00,0.0,0.0,0.0,0.0,9.7,1.61,4.7,26,100,13280.0,1,0.487,0.0,350.0,0,0.0,3,0,0.0,-1,-1,-1,-1,0.0,0.0
2026-02-11T10:00,0.0,0.0,0.0,0.0,9.5,1.23,4.0,27,41,13280.0,1,0.486,0.0,260.0,0,0.0,1,0,0.0,-1,-1,-1,-1,0.0,0.0
2026-02-11T11:00,0.0,0.0,0.0,0.0,8.3,0.47,2.8,328,71,11180.0,0,0.485,0.0,55.0,0,0.0,2,0,0.0,-1,-1,-1,-1,0.0,0.0
2026-02-11T12:00,0.0,0.0,0.0,0.0,9.1,0.87,0.9,24,100,11520.0,0,0.474,0.0,295.0,0,0.0,3,0,0.0,-1,-1,-1,-1,0.0,0.0
2026-02-11T13:00,0.0,0.0,0.0,0.0,7.6,0.27,2.1,338,34,11200.0,0,0.474,0.0,25.0,0,0.0,1,0,0.0,-1,-1,-1,-1,0.0,0.0
2026-02-11T14:00,0.0,0.0,0.0,0.0,7.0,0.18,0.6,56,23,6900.0,0,0.474,0.0,20.0,0,0.0,1,0,0.0,-1,-1,-1,-1,0.0,0.0
2026-02-11T15:00,0.0,0.0,0.0,0.0,6.3,0.1,0.4,180,14,6380.0,0,0.474,0.0,10.0,0,0.0,0,0,0.0,-1,-1,-1,-1,0.0,0.0
2026-02-11T16:00,0.0,0.0,0.0,0.0,5.8,0.3,0.8,189,11,3340.0,0,0.473,0.0,15.0,0,0.0,0,0,0.0,-1,-1,-1,-1,0.0,0.0
2026-02-11T17:00,0.0,0.0,0.0,0.0,5.6,0.15,0.7,180,16,2400.0,0,0.473,0.0,10.0,0,0.0,0,0,0.0,-1,-1,-1,-1,0.0,0.0
2026-02-11T18:00,0.0,0.0,0.0,0.0,5.6,0.47,0.8,198,100,1860.0,0,0.473,0.0,20.0,0,0.0,3,0,0.0,-1,-1,-1,-1,0.0,0.0
2026-02-11T19:00,0.0,0.0,0.0,0.0,7.3,0.38,2.1,203,97,7160.0,0,0.473,0.0,25.0,0,0.0,3,0,0.0,-1,-1,-1,-1,0.0,0.0
2026-02-11T20:00,0.0,0.0,0.0,0.0,7.2,0.85,1.6,62,5,5980.0,0,0.473,0.0,25.0,0,0.0,0,0,0.0,-1,-1,-1,-1,0.0,0.0
2026-02-11T21:00,0.0,0.0,0.0,0.0,6.0,0.25,1.6,307,100,5140.0,0,0.473,0.0,20.0,0,0.0,3,0,0.0,-1,-1,-1,-1,0.0,0.0
2026-02-11T22:00,0.0,0.0,0.0,0.0,6.9,0.83,1.8,205,70,2140.0,0,0.472,10.0,30.0,0,0.0,2,0,0.0,-1,-1,-1,-1,0.0,0.0
2026-02-11T23:00,0.0,0.0,0.0,0.0,6.6,0.54,1.6,202,99,2740.0,0,0.472,10.0,35.0,0,0.0,3,0,0.0,-1,-1,-1,-1,0.0,0.0
2026-02-12T00:00,0.0,0.0,0.0,0.0,7.3,0.34,1.7,207,97,2940.0,1,0.474,20.0,10.0,0,0.0,3,0,0.0,-1,-1,-1,-1,0.0,0.0
2026-02-12T01:00,0.0,0.0,0.0,0.0,10.0,2.19,5.3,317,100,1880.0,1,0.474,10.0,165.0,0,0.0,3,0,0.0,-1,-1,-1,-1,0.0,0.0
2026-02-12T02:00,0.4,0.0,0.0,0.0,8.8,0.53,5.4,311,100,2240.0,1,0.478,20.0,75.0,0,0.0,51,1,0.4,19,0,2,14,0.202,0.054
2026-02-12T03:00,0.3,0.0,0.0,0.0,9.9,1.82,4.3,328,100,4600.0,1,0.48,20.0,105.0,0,0.0,51,1,0.3,19,1,1,14,0.202,0.054
2026-02-12T04:00,0.1,0.0,0.0,0.0,11.3,1.13,4.9,319,99,6740.0,1,0.48,20.0,170.0,0,0.0,51,0,0.1,-1,-1,-1,-1,0.0,0.0
2026-02-12T05:00,0.0,0.0,0.0,0.0,12.8,0.71,3.9,315,100,13280.0,1,0.479,10.0,240.0,0,0.0,3,0,0.0,-1,-1,-1,-1,0.0,0.0
2026-02-12T06:00,0.0,0.0,0.0,0.0,16.4,1.41,4.6,337,27,12340.0,1,0.486,0.0,405.0,0,0.0,1,0,0.0,-1,-1,-1,-1,0.0,0.0
2026-02-12T07:00,0.0,0.0,0.0,0.0,18.6,1.41,5.5,343,74,15360.0,1,0.484,0.0,550.0,0,0.0,2,0,0.0,-1,-1,-1,-1,0.0,0.0
2026-02-12T08:00,0.0,0.0,0.0,0.0,18.7,1.53,5.1,341,57,15360.0,1,0.482,0.0,555.0,0,0.0,2,0,0.0,-1,-1,-1,-1,0.0,0.0
2026-02-12T09:00,0.0,0.0,0.0,0.0,18.0,1.46,4.6,354,41,14380.0,1,0.481,0.0,290.0,0,0.0,1,0,0.0,-1,-1,-1,-1,0.0,0.0
2026-02-12T10:00,0.0,0.0,0.0,0.0,16.5,0.57,3.6,15,99,14380.0,1,0.481,10.0,40.0,0,0.0,3,0,0.0,-1,-1,-1,-1,0.0,0.0
2026-02-12T11:00,0.0,0.0,0.0,0.0,14.9,1.41,2.2,17,100,13280.0,0,0.48,0.0,110.0,0,0.0,3,0,0.0,-1,-1,-1,-1,0.0,0.0
2026-02-12T12:00,0.0,0.0,0.0,0.0,11.4,0.64,3.3,39,52,4600.0,0,0.478,0.0,40.0,0,0.0,2,0,0.0,-1,-1,-1,-1,0.0,0.0
2026-02-12T13:00,0.0,0.0,0.0,0.0,11.4,0.57,1.1,345,98,1260.0,0,0.478,0.0,40.0,0,0.0,3,0,0.0,-1,-1,-1,-1,0.0,0.0
2026-02-12T14:00,0.0,0.0,0.0,0.0,11.9,1.33,2.0,20,23,2280.0,0,0.478,0.0,70.0,0,0.0,1,0,0.0,-1,-1,-1,-1,0.0,0.0
2026-02-12T15:00,0.0,0.0,0.0,0.0,10.4,0.9,2.5,341,99,2040.0,0,0.477,0.0,65.0,0,0.0,3,0,0.0,-1,-1,-1,-1,0.0,0.0
2026-02-12T16:00,0.0,0.0,0.0,0.0,11.1,0.64,1.4,45,100,2940.0,0,0.477,10.0,55.0,0,0.0,3,0,0.0,-1,-1,-1,-1,0.0,0.0
2026-02-12T17:00,0.1,0.0,0.0,0.0,10.9,0.7,1.1,356,100,2340.0,0,0.478,20.0,55.0,0,0.0,51,0,0.1,-1,-1,-1,-1,0.0,0.0
2026-02-12T18:00,0.6,0.0,0.0,0.0,11.2,0.79,1.0,72,100,5260.0,0,0.475,30.0,55.0,0,0.0,53,1,0.6,20,0,1,15,0.0,0
2026-02-12T19:00,0.2,0.5,0.0,0.0,11.1,0.97,1.8,339,98,5220.0,0,0.477,30.0,70.0,0,0.0,51,0,0.1,-1,-1,-1,-1,0.0,0.0
2026-02-12T20:00,0.2,1.0,0.0,0.0,10.8,0.67,1.6,13,92,6060.0,0,0.48,20.0,60.0,0,0.0,51,0,0.0,-1,-1,-1,-1,0.0,0.0
2026-02-12T21:00,0.0,0.0,0.0,0.0,10.8,1.1,2.2,355,98,2960.0,0,0.479,0.0,60.0,0,0.0,3,0,0.0,-1,-1,-1,-1,0.0,0.0
2026-02-12T22:00,0.0,0.0,0.0,0.0,10.8,1.32,2.4,335,100,1260.0,0,0.479,0.0,65.0,0,0.0,3,0,0.0,-1,-1,-1,-1,0.0,0.0
2026-02-12T23:00,0.0,0.0,0.0,0.0,10.6,0.22,2.4,153,100,1080.0,0,0.479,0.0,15.0,0,0.0,3,0,0.0,-1,-1,-1,-1,0.0,0.0
2026-02-13T00:00,0.0,0.0,0.0,0.0,11.8,0.56,1.9,190,36,1160.0,1,0.477,0.0,15.0,0,0.0,1,0,0.0,-1,-1,-1,-1,0.0,0.0
2026-02-13T01:00,0.0,0.0,0.0,0.0,14.6,1.38,3.7,319,72,8880.0,1,0.477,0.0,85.0,0,0.0,2,0,0.0,-1,-1,-1,-1,0.0,0.0
2026-02-13T02:00,0.0,0.0,0.0,0.0,16.5,1.4,5.1,305,59,12680.0,1,0.476,0.0,205.0,0,0.0,2,0,0.0,-1,-1,-1,-1,0.0,0.0
2026-02-13T03:00,0.0,0.0,0.0,0.0,18.5,2.06,6.1,288,98,13260.0,1,0.475,0.0,360.0,0,0.0,3,0,0.0,-1,-1,-1,-1,0.0,0.0
2026-02-13T04:00,0.0,0.0,0.0,0.0,18.6,1.5,6.1,296,98,10120.0,1,0.474,0.0,320.0,0,0.0,3,0,0.0,-1,-1,-1,-1,0.0,0.0
2026-02-13T05:00,0.1,0.0,0.0,0.0,18.4,1.58,4.8,305,60,11540.0,1,0.474,10.0,250.0,0,0.0,51,0,0.1,-1,-1,-1,-1,0.0,0.0
2026-02-13T06:00,0.0,0.0,0.0,0.0,19.6,1.3,5.7,293,81,13260.0,1,0.482,0.0,590.0,0,0.0,3,0,0.0,-1,-1,-1,-1,0.0,0.0
2026-02-13T07:00,0.0,0.0,0.0,0.0,21.3,0.53,4.8,319,24,14080.0,1,0.48,0.0,525.0,0,0.0,1,0,0.0,-1,-1,-1,-1,0.0,0.0
2026-02-13T08:00,0.0,0.0,0.0,0.0,22.1,1.46,4.9,322,30,14380.0,1,0.479,0.0,645.0,0,0.0,1,0,0.0,-1,-1,-1,-1,0.0,0.0
2026-02-13T09:00,0.0,0.0,0.0,0.0,21.3,0.97,4.9,339,48,14380.0,1,0.478,20.0,415.0,0,0.0,1,0,0.0,-1,-1,-1,-1,0.0,0.0
2026-02-13T10:00,0.3,1.0,0.0,0.0,18.8,0.83,2.9,155,86,13260.0,1,0.48,30.0,40.0,0,0.0,51,1,0.0,21,0,1,54,0.0,0.6
2026-02-13T11:00,0.2,1.0,0.0,0.0,17.7,0.25,1.3,79,47,13260.0,0,0.481,0.0,15.0,0,0.0,51,0,0.0,-1,-1,-1,-1,0.0,0.0
2026-02-13T12:00,0.0,0.0,0.0,0.0,15.8,0.2,0.9,90,18,8620.0,0,0.488,20.0,10.0,0,0.0,0,0,0.0,-1,-1,-1,-1,0.0,0.0
2026-02-13T13:00,0.0,0.0,0.0,0.0,14.3,0.82,1.0,38,18,8120.0,0,0.487,30.0,30.0,0,0.0,0,0,0.0,-1,-1,-1,-1,0.0,0.0
2026-02-13T14:00,0.0,0.0,0.0,0.0,13.7,0.57,1.2,52,55,7280.0,0,0.486,40.0,30.0,0,0.0,2,0,0.0,-1,-1,-1,-1,0.0,0.0
2026-02-13T15:00,0.0,0.0,0.0,0.0,13.7,0.74,1.2,20,83,7620.0,0,0.485,30.0,50.0,0,0.0,3,0,0.0,-1,-1,-1,-1,0.0,0.0
2026-02-13T16:00,0.0,0.0,0.0,0.0,13.8,0.61,1.3,351,74,7420.0,0,0.485,30.0,55.0,0,0.0,2,0,0.0,-1,-1,-1,-1,0.0,0.0
2026-02-13T17:00,0.1,0.0,0.0,0.0,13.8,0.2,1.3,270,41,4600.0,0,0.485,30.0,35.0,0,0.0,51,0,0.1,-1,-1,-1,-1,0.0,0.0
2026-02-13T18:00,0.1,0.0,0.0,0.0,14.6,0.4,1.0,180,45,6720.0,0,0.48,50.0,55.0,0,0.0,51,0,0.1,-1,-1,-1,-1,0.0,0.0
2026-02-13T19:00,0.0,0.0,0.0,0.0,14.1,0.18,1.1,56,29,7820.0,0,0.48,40.0,25.0,0,0.0,1,0,0.0,-1,-1,-1,-1,0.0,0.0
2026-02-13T20:00,0.0,0.0,0.0,0.0,14.0,0.16,0.9,162,2,8600.0,0,0.48,0.0,10.0,0,0.0,0,0,0.0,-1,-1,-1,-1,0.0,0.0
2026-02-13T21:00,0.0,0.0,0.0,0.0,13.6,0.16,0.8,162,13,6120.0,0,0.479,0.0,10.0,0,0.0,0,0,0.0,-1,-1,-1,-1,0.0,0.0
2026-02-13T22:00,0.0,0.0,0.0,0.0,13.4,0.22,0.8,153,5,8860.0,0,0.479,0.0,15.0,0,0.0,0,0,0.0,-1,-1,-1,-1,0.0,0.0
2026-02-13T23:00,0.0,0.0,0.0,0.0,13.4,0.11,0.8,153,12,8880.0,0,0.479,0.0,10.0,0,0.0,0,0,0.0,-1,-1,-1,-1,0.0,0.0
2026-02-14T00:00,0.0,0.0,0.0,0.0,14.5,0.71,0.6,225,47,10300.0,1,0.481,0.0,55.0,0,0.0,1,0,0.0,-1,-1,-1,-1,0.0,0.0
2026-02-14T01:00,0.0,0.0,0.0,0.0,16.5,0.83,3.3,237,45,8880.0,1,0.48,0.0,100.0,0,0.0,1,0,0.0,-1,-1,-1,-1,0.0,0.0
2026-02-14T02:00,0.0,0.0,0.0,0.0,19.8,1.01,4.2,297,18,13260.0,1,0.479,0.0,290.0,0,0.0,0,0,0.0,-1,-1,-1,-1,0.0,0.0
2026-02-14T03:00,0.0,0.0,0.0,0.0,22.3,1.32,5.2,307,2,14360.0,1,0.478,0.0,550.0,0,0.0,0,0,0.0,-1,-1,-1,-1,0.0,0.0
2026-02-14T04:00,0.0,0.0,0.0,0.0,24.4,1.85,6.3,289,1,15320.0,1,0.476,10.0,945.0,0,0.0,0,0,0.0,-1,-1,-1,-1,0.0,0.0
2026-02-14T05:00,0.0,0.0,0.0,0.0,25.8,2.41,7.1,276,15,15320.0,1,0.474,20.0,1150.0,0,0.0,0,0,0.0,-1,-1,-1,-1,0.0,0.0
2026-02-14T06:00,0.0,0.0,0.0,0.0,25.7,2.26,7.2,275,16,12620.0,1,0.475,10.0,1220.0,0,0.0,0,0,0.0,-1,-1,-1,-1,0.0,0.0
2026-02-14T07:00,0.0,0.0,0.0,0.0,26.4,2.01,6.6,274,21,16160.0,1,0.473,10.0,1400.0,0,0.0,1,0,0.0,-1,-1,-1,-1,0.0,0.0
2026-02-14T08:00,0.0,0.0,0.0,0.0,26.0,2.02,6.2,250,21,15320.0,1,0.472,10.0,1335.0,0,0.0,1,0,0.0,-1,-1,-1,-1,0.0,0.0
2026-02-14T09:00,0.0,0.0,0.0,0.0,24.9,1.83,5.7,244,20,15320.0,1,0.471,0.0,530.0,0,0.0,1,0,0.0,-1,-1,-1,-1,0.0,0.0
2026-02-14T10:00,0.0,0.0,0.0,0.0,22.1,0.83,4.5,205,13,15320.0,1,0.47,0.0,60.0,0,0.0,0,0,0.0,-1,-1,-1,-1,0.0,0.0
2026-02-14T11:00,0.0,0.0,0.0,0.0,19.7,1.1,2.0,133,23,14360.0,0,0.47,0.0,30.0,0,0.0,1,0,0.0,-1,-1,-1,-1,0.0,0.0
2026-02-14T12:00,0.0,0.0,0.0,0.0,19.1,1.17,2.6,133,12,13260.0,0,0.468,0.0,20.0,0,0.0,0,0,0.0,-1,-1,-1,-1,0.0,0.0
2026-02-14T13:00,0.0,0.0,0.0,0.0,18.3,1.19,2.8,147,10,11520.0,0,0.468,0.0,15.0,0,0.0,0,0,0.0,-1,-1,-1,-1,0.0,0.0
2026-02-14T14:00,0.0,0.0,0.0,0.0,17.1,1.52,3.3,157,5,10300.0,0,0.468,0.0,20.0,0,0.0,0,0,0.0,-1,-1,-1,-1,0.0,0.0
2026-02-14T15:00,0.0,0.0,0.0,0.0,16.5,2.15,4.3,155,4,10300.0,0,0.468,0.0,25.0,0,0.0,0,0,0.0,-1,-1,-1,-1,0.0,0.0
2026-02-14T16:00,0.0,0.0,0.0,0.0,16.7,2.2,4.3,159,0,10300.0,0,0.468,0.0,35.0,0,0.0,0,0,0.0,-1,-1,-1,-1,0.0,0.0
2026-02-14T17:00,0.0,0.0,0.0,0.0,17.2,2.06,4.2,157,0,11520.0,0,0.468,0.0,40.0,0,0.0,0,0,0.0,-1,-1,-1,-1,0.0,0.0
2026-02-14T18:00,0.0,0.0,0.0,0.0,17.5,2.01,3.9,174,0,13260.0,0,0.468,0.0,60.0,0,0.0,0,0,0.0,-1,-1,-1,-1,0.0,0.0
2026-02-14T19:00,0.0,0.0,0.0,0.0,16.8,1.35,3.7,180,2,13260.0,0,0.468,0.0,40.0,0,0.0,0,0,0.0,-1,-1,-1,-1,0.0,0.0
2026-02-14T20:00,0.0,0.0,0.0,0.0,16.7,1.13,2.5,193,2,13260.0,0,0.468,0.0,35.0,0,0.0,0,0,0.0,-1,-1,-1,-1,0.0,0.0
2026-02-14T21:00,0.0,0.0,0.0,0.0,16.7,0.75,2.2,180,3,13260.0,0,0.468,0.0,25.0,0,0.0,0,0,0.0,-1,-1,-1,-1,0.0,0.0
2026-02-14T22:00,0.0,0.0,0.0,0.0,16.3,0.57,1.9,165,12,11520.0,0,0.468,0.0,20.0,0,0.0,0,0,0.0,-1,-1,-1,-1,0.0,0.0
2026-02-14T23:00,0.0,0.0,0.0,0.0,15.5,0.71,1.7,172,9,11520.0,0,0.468,0.0,20.0,0,0.0,0,0,0.0,-1,-1,-1,-1,0.0,0.0
2026-02-15T00:00,0.0,0.0,0.0,0.0,17.0,1.61,2.2,185,23,11520.0,1,0.468,0.0,40.0,0,0.0,1,0,0.0,-1,-1,-1,-1,0.0,0.0
2026-02-15T01:00,0.0,0.0,0.0,0.0,21.1,1.0,3.3,276,22,13260.0,1,0.468,0.0,165.0,0,0.0,1,0,0.0,-1,-1,-1,-1,0.0,0.0
2026-02-15T02:00,0.0,0.0,0.0,0.0,24.4,1.15,4.3,252,12,15320.0,1,0.467,30.0,610.0,0,0.0,0,0,0.0,-1,-1,-1,-1,0.0,0.0
2026-02-15T03:00,0.0,0.0,0.0,0.0,26.8,2.91,7.3,209,13,16140.0,1,0.466,30.0,1180.0,0,0.0,0,0,0.0,-1,-1,-1,-1,0.0,0.0
2026-02-15T04:00,0.0,0.0,0.0,0.0,27.7,4.74,10.9,198,18,11220.0,1,0.464,40.0,1410.0,0,0.0,0,0,0.0,-1,-1,-1,-1,0.0,0.0
2026-02-15T05:00,0.1,0.0,0.0,0.0,28.2,4.44,11.1,197,30,8060.0,1,0.463,40.0,1600.0,0,0.0,51,0,0.1,-1,-1,-1,-1,0.0,0.0
2026-02-15T06:00,0.1,0.0,0.0,0.0,28.4,3.95,10.6,215,27,9480.0,1,0.462,30.0,1605.0,0,0.0,51,0,0.1,-1,-1,-1,-1,0.0,0.0
2026-02-15T07:00,0.0,0.0,0.0,0.0,28.9,4.06,9.9,218,26,11140.0,1,0.46,30.0,1600.0,0,0.0,1,0,0.0,-1,-1,-1,-1,0.0,0.0
2026-02-15T08:00,0.0,0.0,0.0,0.0,28.5,3.92,9.6,214,48,8140.0,1,0.459,20.0,1660.0,0,0.0,1,0,0.0,-1,-1,-1,-1,0.0,0.0
2026-02-15T09:00,0.0,0.0,0.0,0.0,27.6,3.33,9.0,208,21,16160.0,1,0.458,40.0,1305.0,0,0.0,1,0,0.0,-1,-1,-1,-1,0.0,0.0
2026-02-15T10:00,0.0,0.0,0.0,0.0,25.8,2.53,6.9,205,15,15340.0,1,0.458,30.0,485.0,0,0.0,0,0,0.0,-1,-1,-1,-1,0.0,0.0
2026-02-15T11:00,0.0,0.0,0.0,0.0,22.6,1.76,4.9,175,14,15340.0,0,0.458,10.0,95.0,0,0.0,0,0,0.0,-1,-1,-1,-1,0.0,0.0
2026-02-15T12:00,0.0,0.0,0.0,0.0,21.7,2.38,4.4,170,14,14380.0,0,0.458,0.0,70.0,0,0.0,0,0,0.0,-1,-1,-1,-1,0.0,0.0
2026-02-15T13:00,0.0,0.0,0.0,0.0,21.1,1.52,4.6,171,9,14380.0,0,0.458,0.0,45.0,0,0.0,0,0,0.0,-1,-1,-1,-1,0.0,0.0
2026-02-15T14:00,0.0,0.0,0.0,0.0,19.4,1.31,3.7,173,15,14400.0,0,0.458,0.0,30.0,0,0.0,0,0,0.0,-1,-1,-1,-1,0.0,0.0
2026-02-15T15:00,0.0,0.0,0.0,0.0,18.8,3.4,4.4,3,53,8700.0,0,0.458,40.0,170.0,0,0.0,2,0,0.0,-1,-1,-1,-1,0.0,0.0
2026-02-15T16:00,0.1,0.0,0.0,0.0,18.0,1.63,8.0,40,81,7440.0,0,0.459,30.0,355.0,0,0.0,51,0,0.1,-1,-1,-1,-1,0.0,0.0
2026-02-15T17:00,0.3,0.0,0.0,0.0,15.8,4.29,8.7,343,100,3540.0,0,0.461,0.0,400.0,0,0.0,51,1,0.3,22,0,3,35,0.217,0.058
2026-02-15T18:00,0.2,0.0,0.0,0.0,13.6,3.35,8.9,360,100,4340.0,0,0.465,0.0,475.0,0,0.0,51,0,0.2,22,1,2,35,0.217,0.058
2026-02-15T19:00,0.3,0.0,0.0,0.0,12.4,3.78,7.9,8,100,5360.0,0,0.467,0.0,515.0,0,0.0,51,1,0.3,22,2,1,35,0.217,0.058
2026-02-15T20:00,0.1,0.0,0.0,0.0,11.2,3.88,8.2,7,100,8000.0,0,0.467,0.0,525.0,0,0.0,51,0,0.1,-1,-1,-1,-1,0.0,0.0
2026-02-15T21:00,0.0,0.0,0.0,0.0,9.9,3.84,8.9,8,100,8940.0,0,0.467,0.0,555.0,0,0.0,3,0,0.0,-1,-1,-1,-1,0.0,0.0
2026-02-15T22:00,0.0,0.0,0.0,0.0,8.8,3.51,8.3,4,100,8360.0,0,0.467,0.0,550.0,0,0.0,3,0,0.0,-1,-1,-1,-1,0.0,0.0
2026-02-15T23:00,0.1,0.0,0.0,0.0,8.0,3.36,7.8,4,100,6660.0,0,0.467,0.0,535.0,0,0.0,51,0,0.1,-1,-1,-1,-1,0.0,0.0
2026-02-16T00:00,0.1,0.0,0.0,0.0,7.8,4.19,7.5,20,100,6820.0,1,0.464,0.0,570.0,0,0.0,51,0,0.1,-1,-1,-1,-1,0.0,0.0
2026-02-16T01:00,0.1,0.0,0.0,0.0,7.4,4.37,9.9,20,100,7280.0,1,0.465,0.0,655.0,0,0.0,51,0,0.1,-1,-1,-1,-1,0.0,0.0
2026-02-16T02:00,0.1,0.0,0.0,0.0,7.6,4.11,9.5,21,100,9120.0,1,0.465,0.0,645.0,0,0.0,51,0,0.1,-1,-1,-1,-1,0.0,0.0
2026-02-16T03:00,0.0,0.0,0.0,0.0,7.8,3.7,9.3,16,100,9880.0,1,0.465,0.0,665.0,0,0.0,3,0,0.0,-1,-1,-1,-1,0.0,0.0
2026-02-16T04:00,0.0,0.0,0.0,0.0,8.3,3.88,9.2,12,100,10400.0,1,0.465,0.0,705.0,0,0.0,3,0,0.0,-1,-1,-1,-1,0.0,0.0
2026-02-16T05:00,0.0,0.0,0.0,0.0,8.4,3.79,9.2,8,100,12560.0,1,0.464,0.0,735.0,0,0.0,3,0,0.0,-1,-1,-1,-1,0.0,0.0
2026-02-16T06:00,0.0,0.0,0.0,0.0,6.5,4.05,9.8,16,100,9460.0,1,0.476,0.0,745.0,0,0.0,3,0,0.0,-1,-1,-1,-1,0.0,0.0
2026-02-16T07:00,0.0,0.0,0.0,0.0,6.8,4.26,9.7,16,100,13340.0,1,0.475,0.0,740.0,0,0.0,3,0,0.0,-1,-1,-1,-1,0.0,0.0
2026-02-16T08:00,0.0,0.0,0.0,0.0,6.5,4.14,9.7,12,100,11460.0,1,0.474,0.0,725.0,0,0.0,3,0,0.0,-1,-1,-1,-1,0.0,0.0
2026-02-16T09:00,0.0,0.0,0.0,0.0,6.3,4.22,9.4,17,100,10880.0,1,0.474,0.0,705.0,0,0.0,3,0,0.0,-1,-1,-1,-1,0.0,0.0
2026-02-16T10:00,0.0,0.0,0.0,0.0,5.9,4.05,9.2,16,100,10960.0,1,0.474,0.0,695.0,0,0.0,3,0,0.0,-1,-1,-1,-1,0.0,0.0
2026-02-16T11:00,0.0,0.0,0.0,0.0,5.6,3.72,8.8,15,100,11380.0,0,0.473,0.0,705.0,0,0.0,3,0,0.0,-1,-1,-1,-1,0.0,0.0
2026-02-16T12:00,0.0,0.0,0.0,0.0,6.0,3.97,8.3,17,100,13360.0,0,0.482,20.0,700.0,0,0.0,3,0,0.0,-1,-1,-1,-1,0.0,0.0
2026-02-16T13:00,0.0,0.0,0.0,0.0,5.7,3.83,8.7,17,100,9040.0,0,0.481,20.0,710.0,0,0.0,3,0,0.0,-1,-1,-1,-1,0.0,0.0
2026-02-16T14:00,0.0,0.0,0.0,0.0,5.5,3.77,8.2,15,100,8700.0,0,0.481,10.0,720.0,0,0.0,3,0,0.0,-1,-1,-1,-1,0.0,0.0
2026-02-16T15:00,0.1,0.0,0.0,0.0,5.1,3.61,8.2,19,100,8580.0,0,0.48,10.0,695.0,0,0.0,51,0,0.1,-1,-1,-1,-1,0.0,0.0
2026-02-16T16:00,0.1,0.0,0.0,0.0,5.0,3.32,7.6,21,100,8640.0,0,0.48,10.0,670.0,0,0.0,51,0,0.1,-1,-1,-1,-1,0.0,0.0
2026-02-16T17:00,0.0,0.0,0.0,0.0,4.8,2.89,7.0,23,100,9540.0,0,0.479,0.0,605.0,0,0.0,3,0,0.0,-1,-1,-1,-1,0.0,0.0
2026-02-16T18:00,0.0,0.0,0.0,0.0,4.5,2.71,6.5,23,100,9620.0,0,0.48,40.0,545.0,0,0.0,3,0,0.0,-1,-1,-1,-1,0.0,0.0
2026-02-16T19:00,0.0,0.0,0.0,0.0,4.4,3.62,8.0,18,100,9580.0,0,0.479,0.0,575.0,0,0.0,3,0,0.0,-1,-1,-1,-1,0.0,0.0
2026-02-16T20:00,0.1,1.0,0.0,0.0,4.2,3.78,8.2,15,100,7340.0,0,0.479,0.0,645.0,0,0.0,51,0,0.0,-1,-1,-1,-1,0.0,0.0
2026-02-16T21:00,0.1,1.0,0.0,0.0,4.0,3.34,8.2,19,100,6320.0,0,0.479,0.0,655.0,0,0.0,51,0,0.0,-1,-1,-1,-1,0.0,0.0
2026-02-16T22:00,0.1,0.0,0.0,0.0,4.0,3.1,7.3,21,100,6960.0,0,0.479,0.0,575.0,0,0.0,51,0,0.1,-1,-1,-1,-1,0.0,0.0
2026-02-16T23:00,0.1,0.0,0.0,0.0,4.0,2.77,7.0,34,100,8420.0,0,0.479,0.0,475.0,0,0.0,51,0,0.1,-1,-1,-1,-1,0.0,0.0
2026-02-17T00:00,0.0,0.0,0.0,0.0,4.0,2.08,6.0,30,100,8880.0,1,0.487,0.0,425.0,0,0.0,3,0,0.0,-1,-1,-1,-1,0.0,0.0
2026-02-17T01:00,0.1,0.0,0.0,0.0,4.3,2.46,5.8,29,100,5380.0,1,0.487,0.0,510.0,0,0.0,51,0,0.1,-1,-1,-1,-1,0.0,0.0
2026-02-17T02:00,0.1,0.0,0.0,0.0,5.3,2.55,6.5,26,100,8980.0,1,0.487,0.0,605.0,0,0.0,51,0,0.1,-1,-1,-1,-1,0.0,0.0
2026-02-17T03:00,0.0,0.0,0.0,0.0,5.8,2.01,6.4,14,100,11140.0,1,0.485,0.0,635.0,0,0.0,3,0,0.0,-1,-1,-1,-1,0.0,0.0
2026-02-17T04:00,0.1,1.0,0.0,0.0,5.9,1.98,5.5,10,100,7020.0,1,0.485,30.0,665.0,0,0.0,51,0,0.0,-1,-1,-1,-1,0.0,0.0
2026-02-17T05:00,0.1,0.0,0.0,0.0,5.6,2.28,5.7,15,100,6140.0,1,0.485,10.0,600.0,0,0.0,51,0,0.1,-1,-1,-1,-1,0.0,0.0
2026-02-17T06:00,0.1,0.0,0.0,0.0,5.0,2.09,5.9,21,100,4980.0,1,0.519,0.0,580.0,0,0.0,51,0,0.1,-1,-1,-1,-1,0.0,0.0
2026-02-17T07:00,0.3,0.0,0.0,0.0,5.1,2.31,5.5,22,100,3480.0,1,0.508,10.0,570.0,0,0.0,51,1,0.3,23,0,2,41,0.643,0.171
2026-02-17T08:00,0.8,0.0,0.0,0.0,4.7,2.44,5.8,26,100,3860.0,1,0.51,10.0,515.0,0,0.0,53,1,0.8,23,1,1,41,0.643,0.171
2026-02-17T09:00,0.2,0.0,0.0,0.0,5.0,2.58,5.9,18,100,6760.0,1,0.506,10.0,505.0,0,0.0,51,0,0.2,-1,-1,-1,-1,0.0,0.0
2026-02-17T10:00,0.0,0.0,0.0,0.0,4.9,2.34,5.9,20,100,7820.0,1,0.502,10.0,500.0,0,0.0,3,0,0.0,-1,-1,-1,-1,0.0,0.0
2026-02-17T11:00,0.0,0.0,0.0,0.0,4.7,1.96,5.3,19,100,7900.0,0,0.499,10.0,475.0,0,0.0,3,0,0.0,-1,-1,-1,-1,0.0,0.0
2026-02-17T12:00,0.0,0.0,0.0,0.0,3.5,1.87,4.5,16,100,3520.0,0,0.501,0.0,280.0,0,0.0,3,0,0.0,-1,-1,-1,-1,0.0,0.0
2026-02-17T13:00,0.0,0.0,0.0,0.0,3.7,1.93,4.3,31,100,820.0,0,0.499,0.0,335.0,0,0.0,3,0,0.0,-1,-1,-1,-1,0.0,0.0
2026-02-17T14:00,0.0,0.0,0.0,0.0,4.0,1.69,4.4,34,100,760.0,0,0.497,0.0,370.0,0,0.0,3,0,0.0,-1,-1,-1,-1,0.0,0.0
2026-02-17T15:00,0.0,0.0,0.0,0.0,4.1,1.61,3.8,26,100,1480.0,0,0.494,0.0,390.0,0,0.0,3,0,0.0,-1,-1,-1,-1,0.0,0.0
2026-02-17T16:00,0.0,0.0,0.0,0.0,4.1,1.93,4.4,17,99,10460.0,0,0.493,0.0,420.0,0,0.0,3,0,0.0,-1,-1,-1,-1,0.0,0.0
2026-02-17T17:00,0.0,0.0,0.0,0.0,3.9,1.99,4.5,25,100,9860.0,0,0.491,0.0,430.0,0,0.0,3,0,0.0,-1,-1,-1,-1,0.0,0.0
2026-02-17T18:00,0.0,0.0,0.0,0.0,4.3,1.6,4.4,32,100,9540.0,0,0.478,0.0,370.0,0,0.0,3,0,0.0,-1,-1,-1,-1,0.0,0.0
2026-02-17T19:00,0.0,0.0,0.0,0.0,4.5,1.92,4.4,28,100,9340.0,0,0.478,0.0,410.0,0,0.0,3,0,0.0,-1,-1,-1,-1,0.0,0.0
2026-02-17T20:00,0.0,0.0,0.0,0.0,4.5,1.99,4.7,28,100,9120.0,0,0.477,0.0,430.0,0,0.0,3,0,0.0,-1,-1,-1,-1,0.0,0.0
2026-02-17T21:00,0.0,0.0,0.0,0.0,4.5,1.92,4.5,25,100,9280.0,0,0.477,0.0,435.0,0,0.0,3,0,0.0,-1,-1,-1,-1,0.0,0.0
2026-02-17T22:00,0.0,0.0,0.0,0.0,4.5,1.99,4.4,28,100,9560.0,0,0.477,0.0,430.0,0,0.0,3,0,0.0,-1,-1,-1,-1,0.0,0.0
2026-02-17T23:00,0.0,0.0,0.0,0.0,4.6,1.84,4.5,33,100,11080.0,0,0.477,0.0,435.0,0,0.0,3,0,0.0,-1,-1,-1,-1,0.0,0.0
2026-02-18T00:00,0.0,0.0,0.0,0.0,4.6,1.74,4.2,39,100,10920.0,1,0.479,0.0,455.0,0,0.0,3,0,0.0,-1,-1,-1,-1,0.0,0.0
2026-02-18T01:00,0.0,0.0,0.0,0.0,5.2,1.74,4.6,41,99,11700.0,1,0.478,0.0,490.0,0,0.0,3,0,0.0,-1,-1,-1,-1,0.0,0.0
2026-02-18T02:00,0.0,0.0,0.0,0.0,6.2,1.49,4.7,40,100,13480.0,1,0.478,0.0,505.0,0,0.0,3,0,0.0,-1,-1,-1,-1,0.0,0.0
2026-02-18T03:00,0.0,0.0,0.0,0.0,7.5,1.84,5.6,13,95,13480.0,1,0.477,0.0,575.0,0,0.0,3,0,0.0,-1,-1,-1,-1,0.0,0.0
2026-02-18T04:00,0.0,0.0,0.0,0.0,9.0,2.0,6.3,3,72,14580.0,1,0.476,0.0,650.0,0,0.0,2,0,0.0,-1,-1,-1,-1,0.0,0.0
2026-02-18T05:00,0.0,0.0,0.0,0.0,10.7,2.3,7.0,360,82,14580.0,1,0.475,0.0,750.0,0,0.0,3,0,0.0,-1,-1,-1,-1,0.0,0.0
2026-02-18T06:00,0.0,0.0,0.0,0.0,10.7,1.75,7.3,13,84,15560.0,1,0.488,0.0,835.0,0,0.0,3,0,0.0,-1,-1,-1,-1,0.0,0.0
2026-02-18T07:00,0.0,0.0,0.0,0.0,12.5,1.95,6.2,13,72,15580.0,1,0.486,0.0,915.0,0,0.0,2,0,0.0,-1,-1,-1,-1,0.0,0.0
2026-02-18T08:00,0.0,0.0,0.0,0.0,12.6,2.23,6.4,16,93,15580.0,1,0.485,0.0,720.0,0,0.0,3,0,0.0,-1,-1,-1,-1,0.0,0.0
2026-02-18T09:00,0.0,0.0,0.0,0.0,12.7,2.01,6.3,19,45,15580.0,1,0.483,0.0,675.0,0,0.0,1,0,0.0,-1,-1,-1,-1,0.0,0.0
2026-02-18T10:00,0.0,0.0,0.0,0.0,11.5,1.51,5.2,8,91,15580.0,1,0.482,0.0,280.0,0,0.0,3,0,0.0,-1,-1,-1,-1,0.0,0.0
2026-02-18T11:00,0.0,0.0,0.0,0.0,10.6,1.36,3.1,17,76,14600.0,0,0.482,0.0,235.0,0,0.0,2,0,0.0,-1,-1,-1,-1,0.0,0.0
2026-02-18T12:00,0.0,0.0,0.0,0.0,7.4,1.23,2.5,27,21,13500.0,0,0.472,0.0,145.0,0,0.0,1,0,0.0,-1,-1,-1,-1,0.0,0.0
2026-02-18T13:00,0.0,0.0,0.0,0.0,6.4,1.39,2.6,52,100,11740.0,0,0.472,0.0,115.0,0,0.0,3,0,0.0,-1,-1,-1,-1,0.0,0.0
2026-02-18T14:00,0.0,0.0,0.0,0.0,7.3,1.65,3.2,76,100,11740.0,0,0.472,10.0,165.0,0,0.0,3,0,0.0,-1,-1,-1,-1,0.0,0.0
2026-02-18T15:00,0.0,0.0,0.0,0.0,7.9,1.2,3.3,48,100,13520.0,0,0.471,20.0,195.0,0,0.0,3,0,0.0,-1,-1,-1,-1,0.0,0.0
2026-02-18T16:00,0.0,0.0,0.0,0.0,7.7,1.1,2.5,360,100,13520.0,0,0.471,0.0,180.0,0,0.0,3,0,0.0,-1,-1,-1,-1,0.0,0.0
2026-02-18T17:00,0.0,0.0,0.0,0.0,7.0,0.49,2.1,315,50,10540.0,0,0.471,20.0,100.0,0,0.0,2,0,0.0,-1,-1,-1,-1,0.0,0.0
2026-02-18T18:00,0.0,0.0,0.0,0.0,7.0,0.22,0.9,117,67,13360.0,0,0.47,0.0,70.0,0,0.0,2,0,0.0,-1,-1,-1,-1,0.0,0.0
2026-02-18T19:00,0.0,0.0,0.0,0.0,7.3,1.51,2.8,124,94,6240.0,0,0.47,0.0,120.0,0,0.0,3,0,0.0,-1,-1,-1,-1,0.0,0.0
2026-02-18T20:00,0.1,0.0,0.0,0.0,7.6,0.93,2.9,306,19,7020.0,0,0.471,0.0,45.0,1,0.0,51,0,0.1,-1,-1,-1,-1,0.0,0.0
2026-02-18T21:00,0.0,0.0,0.0,0.0,6.5,0.47,2.3,302,78,8820.0,0,0.471,0.0,135.0,1,0.0,2,0,0.0,-1,-1,-1,-1,0.0,0.0
2026-02-18T22:00,0.0,0.0,0.0,0.0,6.5,0.29,0.8,31,23,10480.0,0,0.471,0.0,110.0,1,0.0,1,0,0.0,-1,-1,-1,-1,0.0,0.0
2026-02-18T23:00,0.0,0.0,0.0,0.0,6.6,0.21,0.6,14,100,10480.0,0,0.471,0.0,90.0,1,0.0,3,0,0.0,-1,-1,-1,-1,0.0,0.0
2026-02-19T00:00,0.0,0.0,0.0,0.0,6.8,1.01,1.7,20,100,8840.0,1,0.482,0.0,165.0,0,0.0,3,0,0.0,-1,-1,-1,-1,0.0,0.0
2026-02-19T01:00,0.0,0.0,0.0,0.0,8.3,1.78,4.8,10,100,4140.0,1,0.481,0.0,355.0,1,0.0,3,0,0.0,-1,-1,-1,-1,0.0,0.0
2026-02-19T02:00,1.8,0.611,0.0,0.0,7.9,1.91,4.9,355,100,2640.0,1,0.502,10.0,360.0,1,0.001,80,1,0.7,24,0,7,107,0.829,0.588
2026-02-19T03:00,1.1,0.091,0.0,0.0,8.2,1.52,4.3,23,100,3300.0,1,0.511,10.0,230.0,1,0.0001,55,1,1.0,24,1,6,107,0.829,0.276
2026-02-19T04:00,0.4,0.0,0.0,0.0,8.5,1.21,3.6,60,100,4120.0,1,0.507,0.0,160.0,1,0.0,51,1,0.4,24,2,5,107,0.829,0.221
2026-02-19T05:00,0.3,0.0,0.0,0.0,9.6,0.82,3.0,194,100,4980.0,1,0.505,0.0,145.0,1,0.0,51,1,0.3,24,3,4,107,0.829,0.221
2026-02-19T06:00,0.1,0.0,0.0,0.0,9.3,1.67,5.6,309,100,4560.0,1,0.511,10.0,390.0,0,0.0,51,0,0.1,24,4,3,107,0.829,0.221
2026-02-19T07:00,0.5,0.0,0.0,0.0,8.7,1.86,5.6,336,100,2880.0,1,0.51,0.0,295.0,1,0.0,53,1,0.5,24,5,2,107,0.829,0.221
2026-02-19T08:00,0.7,0.0,0.0,0.0,8.7,1.29,4.4,13,100,4080.0,1,0.511,0.0,190.0,1,0.0,53,1,0.7,24,6,1,107,0.829,0.221
2026-02-19T09:00,0.2,0.0,0.0,0.0,9.0,0.68,2.7,54,100,5860.0,1,0.507,0.0,80.0,1,0.0,51,0,0.2,-1,-1,-1,-1,0.0,0.0
2026-02-19T10:00,0.2,0.0,0.0,0.0,8.9,0.29,1.9,329,100,4080.0,1,0.505,10.0,30.0,1,0.0,51,0,0.2,-1,-1,-1,-1,0.0,0.0
2026-02-19T11:00,0.1,0.0,0.0,0.0,8.6,1.7,3.4,346,97,5820.0,0,0.503,0.0,225.0,1,0.0,51,0,0.1,-1,-1,-1,-1,0.0,0.0
2026-02-19T12:00,0.0,0.0,0.0,0.0,8.3,0.72,3.2,25,100,5280.0,0,0.487,0.0,140.0,0,0.0,3,0,0.0,-1,-1,-1,-1,0.0,0.0
2026-02-19T13:00,0.0,0.0,0.0,0.0,8.1,0.49,1.4,45,99,5740.0,0,0.486,0.0,90.0,1,0.0,3,0,0.0,-1,-1,-1,-1,0.0,0.0
2026-02-19T14:00,0.0,0.0,0.0,0.0,8.0,0.2,1.0,180,99,6200.0,0,0.486,0.0,60.0,1,0.0,3,0,0.0,-1,-1,-1,-1,0.0,0.0
2026-02-19T15:00,0.0,0.0,0.0,0.0,7.6,0.21,0.6,225,100,6280.0,0,0.485,0.0,55.0,1,0.0,3,0,0.0,-1,-1,-1,-1,0.0,0.0
2026-02-19T16:00,0.0,0.0,0.0,0.0,7.0,0.11,0.6,243,100,6320.0,0,0.484,0.0,30.0,1,0.0,3,0,0.0,-1,-1,-1,-1,0.0,0.0
2026-02-19T17:00,0.0,0.0,0.0,0.0,6.2,0.45,0.7,180,100,420.0,0,0.483,0.0,30.0,1,0.0,3,0,0.0,-1,-1,-1,-1,0.0,0.0
2026-02-19T18:00,0.0,0.0,0.0,0.0,6.9,0.5,0.7,143,100,240.0,0,0.456,0.0,30.0,0,0.0,3,0,0.0,-1,-1,-1,-1,0.0,0.0
2026-02-19T19:00,0.0,0.0,0.0,0.0,7.4,0.49,2.0,135,98,540.0,0,0.457,0.0,50.0,1,0.0,3,0,0.0,-1,-1,-1,-1,0.0,0.0
2026-02-19T20:00,0.0,0.0,0.0,0.0,7.4,0.65,1.4,176,91,720.0,0,0.457,0.0,50.0,1,0.0,3,0,0.0,-1,-1,-1,-1,0.0,0.0
2026-02-19T21:00,0.0,0.0,0.0,0.0,6.6,0.4,1.5,187,100,500.0,0,0.458,0.0,20.0,1,0.0,3,0,0.0,-1,-1,-1,-1,0.0,0.0
2026-02-19T22:00,0.0,0.0,0.0,0.0,6.2,1.02,2.2,169,99,560.0,0,0.458,0.0,20.0,1,0.0,3,0,0.0,-1,-1,-1,-1,0.0,0.0
2026-02-19T23:00,0.0,0.0,0.0,0.0,5.7,0.92,2.2,167,100,600.0,1,0.458,0.0,20.0,1,0.0,3,0,0.0,-1,-1,-1,-1,0.0,0.0
2026-02-20T00:00,0.0,0.0,0.0,0.0,5.7,0.75,2.3,176,74,600.0,1,0.46,0.0,30.0,0,0.0,2,0,0.0,-1,-1,-1,-1,0.0,0.0
2026-02-20T01:00,0.0,0.0,0.0,0.0,8.5,0.98,3.7,246,67,5480.0,1,0.461,0.0,195.0,0,0.0,2,0,0.0,-1,-1,-1,-1,0.0,0.0
2026-02-20T02:00,0.0,0.0,0.0,0.0,11.5,1.11,4.7,262,60,13620.0,1,0.46,0.0,400.0,0,0.0,2,0,0.0,-1,-1,-1,-1,0.0,0.0
2026-02-20T03:00,0.0,0.0,0.0,0.0,14.1,1.19,5.2,285,8,14740.0,1,0.46,0.0,500.0,0,0.0,0,0,0.0,-1,-1,-1,-1,0.0,0.0
2026-02-20T04:00,0.0,0.0,0.0,0.0,16.5,1.19,5.5,285,27,15720.0,1,0.459,0.0,605.0,0,0.0,1,0,0.0,-1,-1,-1,-1,0.0,0.0
2026-02-20T05:00,0.0,0.0,0.0,0.0,18.6,1.08,5.5,292,26,16560.0,1,0.458,0.0,730.0,0,0.0,1,0,0.0,-1,-1,-1,-1,0.0,0.0
2026-02-20T06:00,0.0,0.0,0.0,0.0,18.9,0.81,5.3,281,10,16580.0,1,0.487,0.0,850.0,0,0.0,0,0,0.0,-1,-1,-1,-1,0.0,0.0
2026-02-20T07:00,0.0,0.0,0.0,0.0,20.6,0.62,4.4,284,81,16580.0,1,0.484,0.0,935.0,1,0.0,3,0,0.0,-1,-1,-1,-1,0.0,0.0
2026-02-20T08:00,0.0,0.0,0.0,0.0,20.7,0.59,4.2,290,79,16580.0,1,0.482,0.0,895.0,1,0.0,2,0,0.0,-1,-1,-1,-1,0.0,0.0
2026-02-20T09:00,0.0,0.0,0.0,0.0,20.1,0.65,3.5,337,2,16580.0,1,0.481,0.0,600.0,1,0.0,0,0,0.0,-1,-1,-1,-1,0.0,0.0
2026-02-20T10:00,0.0,0.0,0.0,0.0,16.9,0.85,2.4,69,0,16580.0,1,0.48,0.0,60.0,1,0.0,0,0,0.0,-1,-1,-1,-1,0.0,0.0
2026-02-20T11:00,0.0,0.0,0.0,0.0,13.7,1.39,2.3,105,0,15740.0,0,0.48,0.0,40.0,1,0.0,0,0,0.0,-1,-1,-1,-1,0.0,0.0
2026-02-20T12:00,0.0,0.0,0.0,0.0,12.0,0.85,2.7,135,0,13640.0,0,0.469,0.0,15.0,0,0.0,0,0,0.0,-1,-1,-1,-1,0.0,0.0
2026-02-20T13:00,0.0,0.0,0.0,0.0,10.6,0.34,1.7,153,0,11860.0,0,0.469,0.0,10.0,0,0.0,0,0,0.0,-1,-1,-1,-1,0.0,0.0
2026-02-20T14:00,0.0,0.0,0.0,0.0,9.6,0.4,1.8,150,0,9160.0,0,0.469,0.0,10.0,0,0.0,0,0,0.0,-1,-1,-1,-1,0.0,0.0
2026-02-20T15:00,0.0,0.0,0.0,0.0,8.5,0.54,2.1,158,0,9160.0,0,0.469,0.0,10.0,0,0.0,0,0,0.0,-1,-1,-1,-1,0.0,0.0
2026-02-20T16:00,0.0,0.0,0.0,0.0,7.7,0.85,2.5,159,0,6360.0,0,0.469,0.0,10.0,0,0.0,0,0,0.0,-1,-1,-1,-1,0.0,0.0
2026-02-20T17:00,0.0,0.0,0.0,0.0,7.5,1.15,2.9,162,0,6380.0,0,0.469,0.0,15.0,0,0.0,0,0,0.0,-1,-1,-1,-1,0.0,0.0
2026-02-20T18:00,0.0,0.0,0.0,0.0,7.9,1.25,2.8,175,0,9160.0,0,0.468,0.0,20.0,0,0.0,0,0,0.0,-1,-1,-1,-1,0.0,0.0
2026-02-20T19:00,0.0,0.0,0.0,0.0,8.0,0.93,2.6,164,0,9180.0,0,0.468,0.0,15.0,0,0.0,0,0,0.0,-1,-1,-1,-1,0.0,0.0
2026-02-20T20:00,0.0,0.0,0.0,0.0,7.8,0.81,1.9,173,0,9180.0,0,0.468,0.0,15.0,0,0.0,0,0,0.0,-1,-1,-1,-1,0.0,0.0
2026-02-20T21:00,0.0,0.0,0.0,0.0,7.8,1.05,2.2,175,0,6380.0,0,0.468,0.0,15.0,0,0.0,0,0,0.0,-1,-1,-1,-1,0.0,0.0
2026-02-20T22:00,0.0,0.0,0.0,0.0,8.0,1.05,2.3,180,0,9180.0,0,0.468,0.0,15.0,0,0.0,0,0,0.0,-1,-1,-1,-1,0.0,0.0
2026-02-20T23:00,0.0,0.0,0.0,0.0,8.1,0.86,2.2,187,0,9180.0,1,0.468,0.0,15.0,0,0.0,0,0,0.0,-1,-1,-1,-1,0.0,0.0
2026-02-21T00:00,0.0,0.0,0.0,0.0,11.2,1.14,1.9,203,6,10660.0,1,0.468,0.0,35.0,0,0.0,0,0,0.0,-1,-1,-1,-1,0.0,0.0
2026-02-21T01:00,0.0,0.0,0.0,0.0,15.8,1.05,3.6,275,10,13680.0,1,0.468,0.0,180.0,1,0.0,0,0,0.0,-1,-1,-1,-1,0.0,0.0
2026-02-21T02:00,0.0,0.0,0.0,0.0,20.0,1.23,4.4,249,38,15800.0,1,0.467,80.0,460.0,0,0.0,1,0,0.0,-1,-1,-1,-1,0.0,0.0
2026-02-21T03:00,0.0,0.0,0.0,0.0,22.6,2.36,6.5,216,100,15800.0,1,0.466,110.0,755.0,0,0.0,3,0,0.0,-1,-1,-1,-1,0.0,0.0
2026-02-21T04:00,0.0,0.0,0.0,0.0,23.2,3.19,7.6,197,98,15800.0,1,0.465,150.0,950.0,0,0.0,3,0,0.0,-1,-1,-1,-1,0.0,0.0
2026-02-21T05:00,0.0,0.0,0.0,0.0,23.7,3.77,8.8,195,91,15800.0,1,0.464,170.0,1235.0,0,0.0,3,0,0.0,-1,-1,-1,-1,0.0,0.0
2026-02-21T06:00,0.0,0.0,0.0,0.0,24.2,4.01,8.9,213,79,16660.0,1,0.463,200.0,1585.0,0,0.0,2,0,0.0,-1,-1,-1,-1,0.0,0.0
2026-02-21T07:00,0.0,0.0,0.0,0.0,25.1,4.36,10.2,222,100,16660.0,1,0.461,150.0,1715.0,0,0.0,3,0,0.0,-1,-1,-1,-1,0.0,0.0
2026-02-21T08:00,0.0,0.0,0.0,0.0,24.2,4.07,10.2,225,100,15820.0,1,0.46,110.0,1515.0,0,0.0,3,0,0.0,-1,-1,-1,-1,0.0,0.0
2026-02-21T09:00,0.0,0.0,0.0,0.0,22.9,2.8,8.9,204,99,15820.0,1,0.46,130.0,915.0,0,0.0,3,0,0.0,-1,-1,-1,-1,0.0,0.0
2026-02-21T10:00,0.0,0.0,0.0,0.0,21.3,2.85,5.8,181,99,14840.0,1,0.459,140.0,405.0,0,0.0,3,0,0.0,-1,-1,-1,-1,0.0,0.0
2026-02-21T11:00,0.0,0.0,0.0,0.0,20.0,2.82,5.5,173,8,14840.0,0,0.459,140.0,290.0,0,0.0,0,0,0.0,-1,-1,-1,-1,0.0,0.0
2026-02-21T12:00,0.0,0.0,0.0,0.0,18.8,2.01,5.3,166,4,13720.0,0,0.477,190.0,115.0,0,0.0,0,0,0.0,-1,-1,-1,-1,0.0,0.0
2026-02-21T13:00,0.0,0.0,0.0,0.0,17.8,2.03,3.8,170,13,13720.0,0,0.477,170.0,65.0,0,0.0,0,0,0.0,-1,-1,-1,-1,0.0,0.0
2026-02-21T14:00,0.0,0.0,0.0,0.0,17.0,2.01,3.7,174,5,11940.0,0,0.476,180.0,50.0,0,0.0,0,0,0.0,-1,-1,-1,-1,0.0,0.0
2026-02-21T15:00,0.0,0.0,0.0,0.0,16.2,2.25,4.1,176,32,11940.0,0,0.476,0.0,55.0,0,0.0,1,0,0.0,-1,-1,-1,-1,0.0,0.0
2026-02-21T16:00,0.0,0.0,0.0,0.0,16.8,2.31,4.3,175,16,11880.0,0,0.476,180.0,85.0,0,0.0,0,0,0.0,-1,-1,-1,-1,0.0,0.0
2026-02-21T17:00,0.0,0.0,0.0,0.0,16.4,1.8,4.2,183,9,11940.0,0,0.475,150.0,95.0,0,0.0,0,0,0.0,-1,-1,-1,-1,0.0,0.0
2026-02-21T18:00,0.0,0.0,0.0,0.0,15.0,1.35,3.2,180,17,10660.0,0,0.462,170.0,30.0,0,0.0,0,0,0.0,-1,-1,-1,-1,0.0,0.0
2026-02-21T19:00,0.0,0.0,0.0,0.0,14.4,1.19,2.3,165,13,9220.0,0,0.462,210.0,25.0,0,0.0,0,0,0.0,-1,-1,-1,-1,0.0,0.0
2026-02-21T20:00,0.0,0.0,0.0,0.0,14.1,0.7,2.1,159,11,9220.0,0,0.462,210.0,15.0,0,0.0,0,0,0.0,-1,-1,-1,-1,0.0,0.0
2026-02-21T21:00,0.0,0.0,0.0,0.0,14.4,0.22,1.4,153,13,8860.0,0,0.462,220.0,10.0,0,0.0,0,0,0.0,-1,-1,-1,-1,0.0,0.0
2026-02-21T22:00,0.0,0.0,0.0,0.0,14.3,0.21,0.7,166,14,8980.0,0,0.462,240.0,10.0,0,0.0,0,0,0.0,-1,-1,-1,-1,0.0,0.0
2026-02-21T23:00,0.0,0.0,0.0,0.0,14.4,0.3,0.7,180,24,10560.0,1,0.462,240.0,15.0,0,0.0,1,0,0.0,-1,-1,-1,-1,0.0,0.0
2026-02-22T00:00,0.0,0.0,0.0,0.0,16.4,0.55,0.7,185,25,10520.0,1,0.47,260.0,35.0,0,0.0,1,0,0.0,-1,-1,-1,-1,0.0,0.0
2026-02-22T01:00,0.0,0.0,0.0,0.0,19.1,0.57,2.8,308,2,13620.0,1,0.47,280.0,130.0,0,0.0,0,0,0.0,-1,-1,-1,-1,0.0,0.0
2026-02-22T02:00,0.0,0.0,0.0,0.0,21.9,0.92,4.2,331,0,14900.0,1,0.469,300.0,445.0,0,0.0,0,0,0.0,-1,-1,-1,-1,0.0,0.0
2026-02-22T03:00,0.0,0.0,0.0,0.0,23.9,1.12,4.9,328,13,13020.0,1,0.468,380.0,910.0,0,0.0,0,0,0.0,-1,-1,-1,-1,0.0,0.0
2026-02-22T04:00,0.0,0.0,0.0,0.0,24.9,0.85,5.0,315,16,13520.0,1,0.467,360.0,1075.0,0,0.0,0,0,0.0,-1,-1,-1,-1,0.0,0.0
2026-02-22T05:00,0.0,0.0,0.0,0.0,25.7,1.13,5.0,347,11,12260.0,1,0.465,340.0,1135.0,0,0.0,0,0,0.0,-1,-1,-1,-1,0.0,0.0
2026-02-22T06:00,0.0,0.0,0.0,0.0,25.6,1.4,5.6,358,4,16740.0,1,0.463,340.0,1290.0,0,0.0,0,0,0.0,-1,-1,-1,-1,0.0,0.0
2026-02-22T07:00,0.0,0.0,0.0,0.0,26.3,1.56,5.5,7,12,14600.0,1,0.462,340.0,1320.0,0,0.0,0,0,0.0,-1,-1,-1,-1,0.0,0.0
2026-02-22T08:00,0.0,0.0,0.0,0.0,26.1,1.86,5.5,6,14,16760.0,1,0.46,310.0,1230.0,0,0.0,0,0,0.0,-1,-1,-1,-1,0.0,0.0
2026-02-22T09:00,0.0,0.0,0.0,0.0,25.3,2.25,5.5,4,21,16760.0,1,0.459,350.0,960.0,0,0.0,1,0,0.0,-1,-1,-1,-1,0.0,0.0
2026-02-22T10:00,0.0,0.0,0.0,0.0,22.8,1.77,5.2,338,7,15900.0,1,0.459,330.0,180.0,0,0.0,0,0,0.0,-1,-1,-1,-1,0.0,0.0
2026-02-22T11:00,0.0,0.0,0.0,0.0,20.7,0.68,3.2,17,2,15920.0,0,0.459,230.0,65.0,0,0.0,0,0,0.0,-1,-1,-1,-1,0.0,0.0
2026-02-22T12:00,0.0,0.0,0.0,0.0,20.3,1.75,1.3,103,11,14920.0,0,0.452,270.0,60.0,0,0.0,0,0,0.0,-1,-1,-1,-1,0.0,0.0
2026-02-22T13:00,0.0,0.0,0.0,0.0,20.1,0.46,3.3,103,22,14920.0,0,0.452,270.0,20.0,0,0.0,1,0,0.0,-1,-1,-1,-1,0.0,0.0
2026-02-22T14:00,0.0,0.0,0.0,0.0,19.6,0.3,0.9,9,25,14940.0,0,0.453,240.0,25.0,0,0.0,1,0,0.0,-1,-1,-1,-1,0.0,0.0
2026-02-22T15:00,0.0,0.0,0.0,0.0,18.8,0.32,0.7,198,24,14940.0,0,0.453,250.0,35.0,0,0.0,1,0,0.0,-1,-1,-1,-1,0.0,0.0
2026-02-22T16:00,0.0,0.0,0.0,0.0,17.7,0.38,0.9,157,17,14940.0,0,0.453,240.0,15.0,0,0.0,0,0,0.0,-1,-1,-1,-1,0.0,0.0
2026-02-22T17:00,0.0,0.0,0.0,0.0,16.8,0.32,0.9,162,8,13820.0,0,0.454,200.0,10.0,0,0.0,0,0,0.0,-1,-1,-1,-1,0.0,0.0
2026-02-22T18:00,0.0,0.0,0.0,0.0,17.1,0.76,1.5,157,10,13720.0,0,0.452,230.0,20.0,0,0.0,0,0,0.0,-1,-1,-1,-1,0.0,0.0
2026-02-22T19:00,0.0,0.0,0.0,0.0,16.0,0.6,1.8,156,16,12020.0,0,0.452,190.0,15.0,0,0.0,0,0,0.0,-1,-1,-1,-1,0.0,0.0
2026-02-22T20:00,0.0,0.0,0.0,0.0,15.1,1.17,2.6,170,7,9280.0,0,0.453,160.0,20.0,0,0.0,0,0,0.0,-1,-1,-1,-1,0.0,0.0
2026-02-22T21:00,0.0,0.0,0.0,0.0,14.8,1.16,2.6,155,6,9280.0,0,0.453,160.0,20.0,0,0.0,0,0,0.0,-1,-1,-1,-1,0.0,0.0
2026-02-22T22:00,0.0,0.0,0.0,0.0,14.6,1.43,3.2,144,95,9280.0,0,0.453,120.0,20.0,0,0.0,3,0,0.0,-1,-1,-1,-1,0.0,0.0
2026-02-22T23:00,0.0,0.0,0.0,0.0,14.4,1.21,3.2,150,59,9280.0,1,0.454,0.0,15.0,0,0.0,2,0,0.0,-1,-1,-1,-1,0.0,0.0
2026-02-23T00:00,0.0,0.0,0.0,0.0,17.0,1.31,3.4,173,16,12040.0,1,0.463,0.0,30.0,0,0.0,0,0,0.0,-1,-1,-1,-1,0.0,0.0
2026-02-23T01:00,0.0,0.0,0.0,0.0,22.1,1.12,3.5,238,26,14960.0,1,0.462,50.0,330.0,0,0.0,1,0,0.0,-1,-1,-1,-1,0.0,0.0
2026-02-23T02:00,0.0,0.0,0.0,0.0,25.2,3.25,7.5,194,23,15960.0,1,0.461,130.0,1400.0,0,0.0,1,0,0.0,-1,-1,-1,-1,0.0,0.0
2026-02-23T03:00,0.0,0.0,0.0,0.0,26.1,5.3,12.1,182,60,15960.0,1,0.46,180.0,1355.0,0,0.0,2,0,0.0,-1,-1,-1,-1,0.0,0.0
2026-02-23T04:00,0.0,0.0,0.0,0.0,26.1,4.55,12.0,181,59,15980.0,1,0.458,170.0,1300.0,0,0.0,2,0,0.0,-1,-1,-1,-1,0.0,0.0
2026-02-23T05:00,0.0,0.0,0.0,0.0,27.5,5.41,12.0,189,23,16820.0,1,0.457,160.0,1610.0,0,0.0,1,0,0.0,-1,-1,-1,-1,0.0,0.0
2026-02-23T06:00,0.0,0.0,0.0,0.0,27.2,4.89,13.3,188,27,16840.0,1,0.469,40.0,1640.0,0,0.0,1,0,0.0,-1,-1,-1,-1,0.0,0.0
2026-02-23T07:00,0.0,0.0,0.0,0.0,27.6,5.32,12.0,185,39,16840.0,1,0.467,0.0,1590.0,0,0.0,1,0,0.0,-1,-1,-1,-1,0.0,0.0
2026-02-23T08:00,0.0,0.0,0.0,0.0,28.0,4.5,12.0,188,67,18480.0,1,0.465,0.0,1750.0,0,0.0,2,0,0.0,-1,-1,-1,-1,0.0,0.0
2026-02-23T09:00,0.0,0.0,0.0,0.0,27.0,4.57,10.0,185,47,16840.0,1,0.464,10.0,1605.0,0,0.0,1,0,0.0,-1,-1,-1,-1,0.0,0.0
2026-02-23T10:00,0.0,0.0,0.0,0.0,25.5,4.27,9.5,190,41,16840.0,1,0.463,10.0,1140.0,0,0.0,1,0,0.0,-1,-1,-1,-1,0.0,0.0
2026-02-23T11:00,0.0,0.0,0.0,0.0,24.0,4.31,8.9,185,69,16000.0,0,0.462,0.0,795.0,0,0.0,2,0,0.0,-1,-1,-1,-1,0.0,0.0
2026-02-23T12:00,0.0,0.0,0.0,0.0,23.0,2.21,8.6,184,100,16000.0,0,0.44,0.0,580.0,0,0.0,3,0,0.0,-1,-1,-1,-1,0.0,0.0
2026-02-23T13:00,0.0,0.0,0.0,0.0,22.8,2.36,4.1,201,99,16000.0,0,0.441,0.0,460.0,0,0.0,3,0,0.0,-1,-1,-1,-1,0.0,0.0
2026-02-23T14:00,0.0,0.0,0.0,0.0,22.4,2.75,6.1,182,92,15000.0,0,0.441,0.0,505.0,0,0.0,3,0,0.0,-1,-1,-1,-1,0.0,0.0
2026-02-23T15:00,0.0,0.0,0.0,0.0,21.6,2.1,5.3,180,54,15020.0,0,0.441,0.0,415.0,0,0.0,2,0,0.0,-1,-1,-1,-1,0.0,0.0
2026-02-23T16:00,0.0,0.0,0.0,0.0,20.3,1.05,4.0,183,76,15020.0,0,0.441,0.0,135.0,0,0.0,2,0,0.0,-1,-1,-1,-1,0.0,0.0
2026-02-23T17:00,0.0,0.0,0.0,0.0,19.6,0.22,2.2,297,41,13880.0,0,0.442,0.0,15.0,0,0.0,1,0,0.0,-1,-1,-1,-1,0.0,0.0
2026-02-23T18:00,0.0,0.0,0.0,0.0,19.7,1.0,1.0,6,100,12140.0,0,0.435,20.0,100.0,0,0.0,3,0,0.0,-1,-1,-1,-1,0.0,0.0
2026-02-23T19:00,0.2,0.5,0.0,0.0,18.4,2.77,6.1,347,100,3560.0,0,0.437,10.0,320.0,0,0.0,51,0,0.1,-1,-1,-1,-1,0.0,0.0
2026-02-23T20:00,1.4,0.071,0.0,0.0,16.2,5.46,10.4,348,100,2580.0,0,0.455,0.0,475.0,0,0.0,80,1,1.3,25,0,6,5,0.801,0.256
2026-02-23T21:00,0.4,0.25,0.0,0.0,14.5,3.68,10.4,8,100,3780.0,0,0.46,10.0,420.0,0,0.0,51,1,0.3,25,1,5,5,0.801,0.364
2026-02-23T22:00,0.4,0.25,0.0,0.0,13.5,2.95,7.3,1,100,3540.0,0,0.464,0.0,325.0,0,0.0,51,1,0.3,25,2,4,5,0.801,0.364
2026-02-23T23:00,0.3,0.333,0.0,0.0,12.4,3.61,7.7,355,100,3640.0,1,0.468,0.0,375.0,0,0.0,51,1,0.2,25,3,3,5,0.801,0.413
2026-02-24T00:00,0.4,0.0,0.0,0.0,12.0,3.13,7.3,8,100,4100.0,1,0.478,0.0,355.0,0,0.0,51,1,0.4,25,4,2,5,0.801,0.214
2026-02-24T01:00,0.3,0.667,0.0,0.0,11.7,2.81,6.6,12,100,5300.0,1,0.48,10.0,415.0,0,0.0,51,1,0.1,25,5,1,5,0.801,0.614
2026-02-24T02:00,0.1,1.0,0.0,0.0,11.8,3.54,8.1,351,100,5980.0,1,0.48,0.0,450.0,0,0.0,51,0,0.0,-1,-1,-1,-1,0.0,0.0
2026-02-24T03:00,0.2,0.0,0.0,0.0,12.2,3.5,8.3,10,100,6340.0,1,0.48,0.0,530.0,0,0.0,51,0,0.2,-1,-1,-1,-1,0.0,0.0
2026-02-24T04:00,0.1,0.0,0.0,0.0,12.8,2.97,8.3,20,100,11880.0,1,0.48,0.0,570.0,0,0.0,51,0,0.1,-1,-1,-1,-1,0.0,0.0
2026-02-24T05:00,0.0,0.0,0.0,0.0,13.3,2.67,7.6,17,100,13400.0,1,0.479,0.0,610.0,0,0.0,3,0,0.0,-1,-1,-1,-1,0.0,0.0
2026-02-24T06:00,0.1,0.0,0.0,0.0,9.6,2.59,7.0,10,100,3200.0,1,0.479,10.0,390.0,0,0.0,51,0,0.1,-1,-1,-1,-1,0.0,0.0
2026-02-24T07:00,0.5,0.0,0.0,0.0,10.2,3.03,7.1,13,100,5540.0,1,0.483,0.0,395.0,0,0.0,53,1,0.5,26,0,1,27,0.0,0
2026-02-24T08:00,0.1,0.0,0.0,0.0,10.8,2.94,7.1,21,100,10060.0,1,0.482,0.0,510.0,0,0.0,51,0,0.1,-1,-1,-1,-1,0.0,0.0
2026-02-24T09:00,0.0,0.0,0.0,0.0,11.1,2.82,7.0,25,100,13940.0,1,0.481,0.0,535.0,0,0.0,3,0,0.0,-1,-1,-1,-1,0.0,0.0
2026-02-24T10:00,0.0,0.0,0.0,0.0,10.7,2.93,6.7,25,100,12080.0,1,0.48,0.0,510.0,0,0.0,3,0,0.0,-1,-1,-1,-1,0.0,0.0
2026-02-24T11:00,0.0,0.0,0.0,0.0,10.4,2.87,6.5,31,100,12060.0,0,0.479,0.0,480.0,0,0.0,3,0,0.0,-1,-1,-1,-1,0.0,0.0
2026-02-24T12:00,0.0,0.0,0.0,0.0,9.7,2.1,6.3,25,100,1100.0,0,0.505,0.0,355.0,0,0.0,3,0,0.0,-1,-1,-1,-1,0.0,0.0
2026-02-24T13:00,0.1,0.0,0.0,0.0,9.8,2.2,5.0,30,100,1780.0,0,0.501,30.0,380.0,0,0.0,51,0,0.1,-1,-1,-1,-1,0.0,0.0
2026-02-24T14:00,0.1,0.0,0.0,0.0,9.7,1.93,4.8,31,100,7740.0,0,0.498,30.0,365.0,0,0.0,51,0,0.1,-1,-1,-1,-1,0.0,0.0
2026-02-24T15:00,0.0,0.0,0.0,0.0,9.8,2.1,4.7,38,100,8440.0,0,0.496,10.0,365.0,0,0.0,3,0,0.0,-1,-1,-1,-1,0.0,0.0
2026-02-24T16:00,0.0,0.0,0.0,0.0,9.9,1.74,4.7,39,100,9760.0,0,0.494,0.0,330.0,0,0.0,3,0,0.0,-1,-1,-1,-1,0.0,0.0
2026-02-24T17:00,0.0,0.0,0.0,0.0,9.8,1.35,3.8,15,100,10760.0,0,0.492,0.0,320.0,0,0.0,3,0,0.0,-1,-1,-1,-1,0.0,0.0
2026-02-24T18:00,0.0,0.0,0.0,0.0,9.8,1.44,3.2,34,100,10580.0,0,0.484,0.0,315.0,0,0.0,3,0,0.0,-1,-1,-1,-1,0.0,0.0
2026-02-24T19:00,0.0,0.0,0.0,0.0,10.0,1.17,3.3,40,100,9280.0,0,0.484,0.0,310.0,0,0.0,3,0,0.0,-1,-1,-1,-1,0.0,0.0
2026-02-24T20:00,0.0,0.0,0.0,0.0,10.0,1.41,3.2,17,100,8480.0,0,0.483,0.0,330.0,0,0.0,3,0,0.0,-1,-1,-1,-1,0.0,0.0
2026-02-24T21:00,0.0,0.0,0.0,0.0,9.9,1.8,3.9,34,100,8860.0,0,0.482,0.0,310.0,0,0.0,3,0,0.0,-1,-1,-1,-1,0.0,0.0
2026-02-24T22:00,0.0,0.0,0.0,0.0,10.1,1.84,4.0,41,100,9760.0,0,0.482,0.0,290.0,0,0.0,3,0,0.0,-1,-1,-1,-1,0.0,0.0
2026-02-24T23:00,0.0,0.0,0.0,0.0,10.1,1.25,4.1,16,100,10660.0,1,0.481,0.0,275.0,0,0.0,3,0,0.0,-1,-1,-1,-1,0.0,0.0
2026-02-25T00:00,0.0,0.0,0.0,0.0,10.2,1.22,3.6,19,100,12160.0,1,0.486,0.0,320.0,0,0.0,3,0,0.0,-1,-1,-1,-1,0.0,0.0
2026-02-25T01:00,0.0,0.0,0.0,0.0,11.1,1.16,4.0,353,100,13780.0,1,0.485,0.0,355.0,0,0.0,3,0,0.0,-1,-1,-1,-1,0.0,0.0
2026-02-25T02:00,0.0,0.0,0.0,0.0,13.0,1.2,4.4,358,100,14000.0,1,0.484,0.0,425.0,0,0.0,3,0,0.0,-1,-1,-1,-1,0.0,0.0
2026-02-25T03:00,0.0,0.0,0.0,0.0,14.5,1.61,5.2,344,100,15140.0,1,0.483,0.0,420.0,0,0.0,3,0,0.0,-1,-1,-1,-1,0.0,0.0
2026-02-25T04:00,0.0,0.0,0.0,0.0,16.3,2.01,6.1,341,100,15140.0,1,0.481,0.0,410.0,0,0.0,3,0,0.0,-1,-1,-1,-1,0.0,0.0
2026-02-25T05:00,0.0,0.0,0.0,0.0,17.2,2.07,6.4,328,100,10340.0,1,0.48,0.0,305.0,0,0.0,3,0,0.0,-1,-1,-1,-1,0.0,0.0
2026-02-25T06:00,0.0,0.0,0.0,0.0,14.9,0.98,5.8,336,100,6320.0,1,0.493,30.0,180.0,0,0.0,3,0,0.0,-1,-1,-1,-1,0.0,0.0
2026-02-25T07:00,0.1,0.0,0.0,0.0,15.3,0.82,3.2,322,100,6620.0,1,0.492,60.0,150.0,0,0.0,51,0,0.1,-1,-1,-1,-1,0.0,0.0
2026-02-25T08:00,0.1,0.0,0.0,0.0,15.5,0.3,3.0,9,100,6800.0,1,0.491,80.0,135.0,0,0.0,51,0,0.1,-1,-1,-1,-1,0.0,0.0
2026-02-25T09:00,0.1,0.0,0.0,0.0,15.0,0.66,2.1,351,100,5600.0,1,0.491,100.0,75.0,0,0.0,51,0,0.1,-1,-1,-1,-1,0.0,0.0
2026-02-25T10:00,0.2,0.0,0.0,0.0,14.3,0.72,1.9,295,100,4520.0,1,0.491,80.0,45.0,0,0.0,51,0,0.2,-1,-1,-1,-1,0.0,0.0
2026-02-25T11:00,0.3,0.0,0.0,0.0,14.1,0.21,1.6,225,100,4320.0,0,0.493,50.0,15.0,0,0.0,51,1,0.3,27,0,27,29,1.029,0.275
2026-02-25T12:00,0.4,0.0,0.0,0.0,14.5,0.96,0.8,227,100,3660.0,0,0.478,0.0,35.0,0,0.0,51,1,0.4,27,1,26,29,1.029,0.275
2026-02-25T13:00,0.3,0.0,0.0,0.0,14.7,0.68,2.1,306,100,7640.0,0,0.481,0.0,30.0,0,0.0,51,1,0.3,27,2,25,29,1.029,0.275
2026-02-25T14:00,0.1,0.0,0.0,0.0,14.2,0.85,1.7,315,100,3800.0,0,0.482,0.0,60.0,0,0.0,51,0,0.1,27,3,24,29,1.029,0.275
2026-02-25T15:00,0.6,0.0,0.0,0.0,14.3,0.74,1.5,228,100,3480.0,0,0.489,0.0,35.0,0,0.0,53,1,0.6,27,4,23,29,1.029,0.275
2026-02-25T16:00,0.4,0.0,0.0,0.0,14.6,0.28,1.7,315,100,6920.0,0,0.493,0.0,20.0,0,0.0,51,1,0.4,27,5,22,29,1.029,0.275
2026-02-25T17:00,0.0,0.0,0.0,0.0,14.4,0.62,1.4,284,100,5700.0,0,0.492,0.0,25.0,0,0.0,3,0,0.0,27,6,21,29,1.029,0.275
2026-02-25T18:00,0.3,1.0,0.0,0.0,14.4,0.34,1.5,297,100,4140.0,0,0.488,0.0,25.0,0,0.0,51,1,0.0,27,7,20,29,1.029,0.875
2026-02-25T19:00,0.0,0.0,0.0,0.0,14.6,0.36,1.1,236,100,2320.0,0,0.487,0.0,20.0,0,0.0,3,0,0.0,27,8,19,29,1.029,0.275
2026-02-25T20:00,1.2,0.917,0.0,0.0,14.7,0.34,1.4,243,100,1900.0,0,0.502,0.0,20.0,0,0.0,55,1,0.1,27,9,18,29,1.029,0.825
2026-02-25T21:00,0.4,1.0,0.0,0.0,14.7,0.45,1.3,27,100,2780.0,0,0.504,10.0,20.0,0,0.0,51,1,0.0,27,10,17,29,1.029,0.875
2026-02-25T22:00,0.7,0.429,0.0,0.0,14.6,0.81,4.0,43,100,2420.0,0,0.509,10.0,40.0,0,0.0,53,1,0.4,27,11,16,29,1.029,0.532
2026-02-25T23:00,0.5,0.2,0.0,0.0,15.0,0.22,1.5,27,100,3760.0,1,0.509,20.0,20.0,0,0.0,53,1,0.4,27,12,15,29,1.029,0.395
2026-02-26T00:00,0.3,0.667,0.0,0.0,14.9,0.15,1.1,360,98,5480.0,1,0.519,10.0,10.0,0,0.0,51,1,0.1,27,13,14,29,1.029,0.675
2026-02-26T01:00,3.0,0.967,0.0,0.0,16.4,0.93,4.5,344,100,4620.0,1,0.498,10.0,45.0,0,0.0025,81,1,0.1,27,14,13,29,1.029,0.855
2026-02-26T02:00,2.6,0.885,0.0,0.0,16.8,0.92,4.5,299,100,2600.0,1,0.508,40.0,60.0,0,0.008,81,1,0.3,27,15,12,29,1.029,0.806
2026-02-26T03:00,3.1,0.871,0.0,0.0,17.4,1.13,3.9,315,100,3720.0,1,0.498,30.0,80.0,0,0.0079,81,1,0.4,27,16,11,29,1.029,0.797
2026-02-26T04:00,1.2,0.167,0.0,0.0,17.3,1.32,5.0,349,100,1880.0,1,0.511,30.0,90.0,0,0.0007,55,1,1.0,27,17,10,29,1.029,0.375
2026-02-26T05:00,2.7,0.074,0.0,0.0,17.0,1.4,6.2,358,100,2480.0,1,0.508,20.0,120.0,0,0.0043,81,1,2.5,27,18,9,29,1.029,0.319
2026-02-26T06:00,2.3,0.13,0.0,0.0,16.5,1.14,6.4,331,100,1980.0,1,0.497,40.0,120.0,0,0.0065,80,1,2.0,27,19,8,29,1.029,0.353
2026-02-26T07:00,3.5,0.2,0.0,0.0,16.5,1.06,6.2,45,100,1720.0,1,0.502,30.0,130.0,0,0.0094,81,1,2.8,27,20,7,29,1.029,0.395
2026-02-26T08:00,2.0,0.0,0.0,0.0,16.6,1.1,3.3,39,100,3260.0,1,0.493,30.0,85.0,0,0.0037,61,1,2.0,27,21,6,29,1.029,0.275
2026-02-26T09:00,0.4,0.0,0.0,0.0,16.3,2.94,5.4,10,100,3140.0,1,0.499,30.0,215.0,0,0.0,51,1,0.4,27,22,5,29,1.029,0.275
2026-02-26T10:00,0.6,0.0,0.0,0.0,15.1,3.21,6.4,15,100,2800.0,1,0.504,50.0,245.0,0,0.0,53,1,0.6,27,23,4,29,1.029,0.275
2026-02-26T11:00,0.6,0.167,0.0,0.0,14.3,2.9,6.4,11,100,4460.0,0,0.509,40.0,230.0,0,0.0,53,1,0.5,27,24,3,29,1.029,0.375
2026-02-26T12:00,0.3,1.0,0.0,0.0,13.1,2.02,5.6,9,100,1980.0,0,0.514,0.0,205.0,0,0.0,51,1,0.0,27,25,2,29,1.029,0.875
2026-02-26T13:00,0.6,0.0,0.0,0.0,12.8,3.21,6.1,4,100,2900.0,0,0.516,0.0,305.0,0,0.0,53,1,0.6,27,26,1,29,1.029,0.275
2026-02-26T14:00,0.2,0.0,0.0,0.0,12.4,3.43,6.6,8,100,1740.0,0,0.513,0.0,350.0,0,0.0,51,0,0.2,-1,-1,-1,-1,0.0,0.0
2026-02-26T15:00,0.2,0.0,0.0,0.0,12.0,2.97,6.8,6,100,2280.0,0,0.511,0.0,370.0,0,0.0,51,0,0.2,-1,-1,-1,-1,0.0,0.0
2026-02-26T16:00,0.2,0.0,0.0,0.0,11.8,3.26,6.6,15,100,4300.0,0,0.51,0.0,385.0,0,0.0,51,0,0.2,-1,-1,-1,-1,0.0,0.0
2026-02-26T17:00,0.2,0.0,0.0,0.0,11.3,2.8,6.4,16,100,3480.0,0,0.509,0.0,340.0,0,0.0,51,0,0.2,-1,-1,-1,-1,0.0,0.0
2026-02-26T18:00,0.2,0.0,0.0,0.0,11.3,2.44,5.7,11,100,4780.0,0,0.506,0.0,300.0,0,0.0,51,0,0.2,-1,-1,-1,-1,0.0,0.0
2026-02-26T19:00,0.1,0.0,0.0,0.0,11.0,2.6,5.5,11,100,4760.0,0,0.505,0.0,305.0,0,0.0,51,0,0.1,-1,-1,-1,-1,0.0,0.0
2026-02-26T20:00,0.1,0.0,0.0,0.0,10.8,2.26,5.4,355,100,5060.0,0,0.504,0.0,290.0,0,0.0,51,0,0.1,-1,-1,-1,-1,0.0,0.0
2026-02-26T21:00,0.1,0.0,0.0,0.0,10.7,2.38,4.8,8,100,5080.0,0,0.502,0.0,285.0,0,0.0,51,0,0.1,-1,-1,-1,-1,0.0,0.0
2026-02-26T22:00,0.1,1.0,0.0,0.0,10.7,2.39,5.2,11,100,5300.0,0,0.502,0.0,285.0,0,0.0,51,0,0.0,-1,-1,-1,-1,0.0,0.0
2026-02-26T23:00,0.1,0.0,0.0,0.0,10.7,1.76,4.9,15,100,2560.0,1,0.501,0.0,215.0,0,0.0,51,0,0.1,-1,-1,-1,-1,0.0,0.0
2026-02-27T00:00,0.0,0.0,0.0,0.0,10.7,2.17,4.3,19,100,5380.0,1,0.502,10.0,305.0,0,0.0,3,0,0.0,-1,-1,-1,-1,0.0,0.0
2026-02-27T01:00,0.1,1.0,0.0,0.0,11.2,2.93,6.5,14,100,6700.0,1,0.501,0.0,385.0,0,0.0,51,0,0.0,-1,-1,-1,-1,0.0,0.0
2026-02-27T02:00,0.1,1.0,0.0,0.0,11.6,2.95,6.8,15,100,7260.0,1,0.501,0.0,460.0,0,0.0,51,0,0.0,-1,-1,-1,-1,0.0,0.0
2026-02-27T03:00,0.1,0.0,0.0,0.0,12.0,2.82,7.0,27,100,8800.0,1,0.5,0.0,465.0,0,0.0,51,0,0.1,-1,-1,-1,-1,0.0,0.0
2026-02-27T04:00,0.0,0.0,0.0,0.0,13.3,2.66,6.8,28,100,11960.0,1,0.498,0.0,560.0,0,0.0,3,0,0.0,-1,-1,-1,-1,0.0,0.0
2026-02-27T05:00,0.0,0.0,0.0,0.0,14.3,2.3,6.8,24,100,14160.0,1,0.496,0.0,580.0,0,0.0,3,0,0.0,-1,-1,-1,-1,0.0,0.0
2026-02-27T06:00,0.0,0.0,0.0,0.0,14.1,2.28,6.4,15,100,14160.0,1,0.525,0.0,650.0,0,0.0,3,0,0.0,-1,-1,-1,-1,0.0,0.0
2026-02-27T07:00,0.0,0.0,0.0,0.0,14.5,2.25,6.5,12,100,6280.0,1,0.505,0.0,675.0,0,0.0,3,0,0.0,-1,-1,-1,-1,0.0,0.0
2026-02-27T08:00,0.1,0.0,0.0,0.0,14.1,2.39,6.1,20,100,13960.0,1,0.503,80.0,505.0,0,0.0,51,0,0.1,-1,-1,-1,-1,0.0,0.0
2026-02-27T09:00,0.0,0.0,0.0,0.0,14.0,2.91,6.6,35,100,14180.0,1,0.501,50.0,475.0,0,0.0,3,0,0.0,-1,-1,-1,-1,0.0,0.0
2026-02-27T10:00,0.0,0.0,0.0,0.0,13.4,2.75,6.7,29,100,12340.0,1,0.5,0.0,485.0,0,0.0,3,0,0.0,-1,-1,-1,-1,0.0,0.0
2026-02-27T11:00,0.0,0.0,0.0,0.0,12.7,2.26,6.0,18,99,12340.0,0,0.498,0.0,445.0,0,0.0,3,0,0.0,-1,-1,-1,-1,0.0,0.0
2026-02-27T12:00,0.0,0.0,0.0,0.0,12.2,2.69,4.9,10,100,9200.0,0,0.491,40.0,415.0,0,0.0,3,0,0.0,-1,-1,-1,-1,0.0,0.0
2026-02-27T13:00,0.0,0.0,0.0,0.0,11.8,2.53,5.5,25,100,8340.0,0,0.491,0.0,345.0,0,0.0,3,0,0.0,-1,-1,-1,-1,0.0,0.0
2026-02-27T14:00,0.0,0.0,0.0,0.0,11.5,2.17,5.3,29,100,8740.0,0,0.49,0.0,275.0,0,0.0,3,0,0.0,-1,-1,-1,-1,0.0,0.0
2026-02-27T15:00,0.0,0.0,0.0,0.0,11.5,2.1,4.6,18,100,8900.0,0,0.49,0.0,250.0,0,0.0,3,0,0.0,-1,-1,-1,-1,0.0,0.0
2026-02-27T16:00,0.0,0.0,0.0,0.0,11.3,2.21,4.7,13,100,8660.0,0,0.489,0.0,250.0,0,0.0,3,0,0.0,-1,-1,-1,-1,0.0,0.0
2026-02-27T17:00,0.0,0.0,0.0,0.0,11.1,2.25,4.7,17,100,1060.0,0,0.489,0.0,255.0,0,0.0,3,0,0.0,-1,-1,-1,-1,0.0,0.0
2026-02-27T18:00,0.0,0.0,0.0,0.0,10.7,1.92,5.0,15,100,520.0,0,0.489,70.0,240.0,0,0.0,3,0,0.0,-1,-1,-1,-1,0.0,0.0
2026-02-27T19:00,0.4,0.0,0.0,0.0,10.4,1.51,4.0,6,100,1320.0,0,0.491,60.0,200.0,0,0.0,51,1,0.4,28,0,1,19,0.0,0
2026-02-27T20:00,0.2,0.0,0.0,0.0,10.4,1.54,3.5,25,100,1920.0,0,0.492,60.0,180.0,0,0.0,51,0,0.2,-1,-1,-1,-1,0.0,0.0
2026-02-27T21:00,0.0,0.0,0.0,0.0,10.4,2.09,4.2,17,100,1920.0,0,0.492,0.0,200.0,0,0.0,3,0,0.0,-1,-1,-1,-1,0.0,0.0
2026-02-27T22:00,0.0,0.0,0.0,0.0,10.4,2.04,4.4,25,100,1860.0,0,0.491,0.0,180.0,0,0.0,3,0,0.0,-1,-1,-1,-1,0.0,0.0
2026-02-27T23:00,0.0,0.0,0.0,0.0,10.4,1.46,4.1,352,100,6140.0,1,0.49,110.0,130.0,0,0.0,3,0,0.0,-1,-1,-1,-1,0.0,0.0
2026-02-28T00:00,0.0,0.0,0.0,0.0,10.1,1.88,3.4,22,100,5580.0,1,0.496,40.0,210.0,0,0.0,3,0,0.0,-1,-1,-1,-1,0.0,0.0
2026-02-28T01:00,0.0,0.0,0.0,0.0,11.5,1.81,4.7,24,100,8000.0,1,0.496,40.0,190.0,0,0.0,3,0,0.0,-1,-1,-1,-1,0.0,0.0
2026-02-28T02:00,0.0,0.0,0.0,0.0,11.8,2.03,4.7,344,100,9000.0,1,0.495,40.0,210.0,0,0.0,3,0,0.0,-1,-1,-1,-1,0.0,0.0
2026-02-28T03:00,0.0,0.0,0.0,0.0,12.6,1.68,5.7,350,100,10540.0,1,0.494,60.0,285.0,0,0.0,3,0,0.0,-1,-1,-1,-1,0.0,0.0
2026-02-28T04:00,0.0,0.0,0.0,0.0,14.0,2.1,5.7,357,96,11560.0,1,0.493,70.0,365.0,0,0.0,3,0,0.0,-1,-1,-1,-1,0.0,0.0
2026-02-28T05:00,0.0,0.0,0.0,0.0,14.9,2.45,6.4,4,74,14240.0,1,0.492,0.0,410.0,0,0.0,2,0,0.0,-1,-1,-1,-1,0.0,0.0
2026-02-28T06:00,0.0,0.0,0.0,0.0,15.0,2.73,7.7,8,100,14240.0,1,0.511,0.0,450.0,0,0.0,3,0,0.0,-1,-1,-1,-1,0.0,0.0
2026-02-28T07:00,0.0,0.0,0.0,0.0,15.6,3.0,7.6,11,100,14140.0,1,0.507,0.0,385.0,0,0.0,3,0,0.0,-1,-1,-1,-1,0.0,0.0
2026-02-28T08:00,0.0,0.0,0.0,0.0,15.9,2.37,7.4,25,95,14260.0,1,0.504,40.0,315.0,0,0.0,3,0,0.0,-1,-1,-1,-1,0.0,0.0
2026-02-28T09:00,0.0,0.0,0.0,0.0,16.3,2.37,5.8,25,81,11000.0,1,0.502,50.0,285.0,0,0.0,3,0,0.0,-1,-1,-1,-1,0.0,0.0
2026-02-28T10:00,0.0,0.0,0.0,0.0,15.3,2.42,5.9,24,100,14260.0,1,0.5,60.0,235.0,0,0.0,3,0,0.0,-1,-1,-1,-1,0.0,0.0
2026-02-28T11:00,0.0,0.0,0.0,0.0,14.5,2.33,4.9,25,96,12420.0,0,0.499,80.0,175.0,0,0.0,3,0,0.0,-1,-1,-1,-1,0.0,0.0
2026-02-28T12:00,0.0,0.0,0.0,0.0,10.8,3.15,4.7,2,100,220.0,0,0.497,0.0,180.0,0,0.0,3,0,0.0,-1,-1,-1,-1,0.0,0.0
2026-02-28T13:00,0.0,0.0,0.0,0.0,10.5,1.92,5.7,15,100,160.0,0,0.496,0.0,120.0,0,0.0,3,0,0.0,-1,-1,-1,-1,0.0,0.0
2026-02-28T14:00,0.1,0.0,0.0,0.0,10.9,2.8,5.2,27,100,360.0,0,0.496,30.0,145.0,0,0.0,51,0,0.1,-1,-1,-1,-1,0.0,0.0
2026-02-28T15:00,1.1,0.0,0.0,0.0,11.0,2.58,5.3,22,100,780.0,0,0.508,10.0,150.0,0,0.0001,55,1,1.1,29,0,10,15,0.779,0.208
2026-02-28T16:00,2.4,0.0,0.0,0.0,11.4,2.21,4.8,6,100,2240.0,0,0.517,10.0,110.0,0,0.0017,61,1,2.4,29,1,9,15,0.779,0.208
2026-02-28T17:00,0.9,0.222,0.0,0.0,11.3,2.64,8.2,335,100,920.0,0,0.506,0.0,145.0,0,0.0,53,1,0.7,29,2,8,15,0.779,0.341
2026-02-28T18:00,0.2,0.0,0.0,0.0,11.1,1.72,6.3,60,100,340.0,0,0.508,0.0,130.0,0,0.0,51,0,0.2,29,3,7,15,0.779,0.208
2026-02-28T19:00,0.9,0.778,0.0,0.0,11.4,2.33,7.2,62,100,960.0,0,0.517,50.0,150.0,0,0.0,53,1,0.2,29,4,6,15,0.779,0.674
2026-02-28T20:00,0.5,0.2,0.0,0.0,11.6,2.1,7.3,12,100,1360.0,0,0.515,60.0,160.0,0,0.0,53,1,0.4,29,5,5,15,0.779,0.328
2026-02-28T21:00,3.5,0.486,0.0,0.0,11.5,1.63,7.2,349,100,820.0,0,0.516,50.0,185.0,0,0.0156,81,1,1.8,29,6,4,15,0.779,0.499
2026-02-28T22:00,1.5,0.0,0.0,0.0,11.5,1.25,3.2,355,100,2220.0,0,0.515,90.0,85.0,0,0.0056,61,1,1.5,29,7,3,15,0.779,0.208
2026-02-28T23:00,0.4,0.0,0.0,0.0,11.3,1.6,3.9,32,100,2780.0,1,0.514,40.0,145.0,0,0.0,51,1,0.4,29,8,2,15,0.779,0.208
2026-03-01T00:00,2.6,0.846,0.0,0.0,10.4,1.97,4.6,30,100,300.0,1,0.501,0.0,120.0,0,0.0,81,1,0.4,29,9,1,15,0.779,0.715
2026-03-01T01:00,0.0,0.0,0.0,0.0,11.6,2.35,5.2,360,100,600.0,1,0.5,0.0,140.0,0,0.0,3,0,0.0,-1,-1,-1,-1,0.0,0.0
2026-03-01T02:00,0.0,0.0,0.0,0.0,12.1,2.22,5.3,8,100,1440.0,1,0.499,50.0,145.0,0,0.0,3,0,0.0,-1,-1,-1,-1,0.0,0.0
2026-03-01T03:00,0.0,0.0,0.0,0.0,13.7,2.27,5.7,14,100,9540.0,1,0.498,80.0,230.0,0,0.0,3,0,0.0,-1,-1,-1,-1,0.0,0.0
2026-03-01T04:00,0.0,0.0,0.0,0.0,15.0,2.39,6.9,349,100,7060.0,1,0.496,0.0,335.0,0,0.0,3,0,0.0,-1,-1,-1,-1,0.0,0.0
2026-03-01T05:00,0.1,0.0,0.0,0.0,15.2,2.15,6.1,22,99,10300.0,1,0.496,0.0,340.0,0,0.0,51,0,0.1,-1,-1,-1,-1,0.0,0.0
2026-03-01T06:00,0.0,0.0,0.0,0.0,16.0,1.37,5.9,33,98,14340.0,1,0.499,30.0,415.0,0,0.0,3,0,0.0,-1,-1,-1,-1,0.0,0.0
2026-03-01T07:00,0.0,0.0,0.0,0.0,17.3,2.21,5.8,28,88,15500.0,1,0.497,40.0,395.0,0,0.0,3,0,0.0,-1,-1,-1,-1,0.0,0.0
2026-03-01T08:00,0.0,0.0,0.0,0.0,17.4,2.83,6.9,17,73,15500.0,1,0.495,30.0,510.0,0,0.0,2,0,0.0,-1,-1,-1,-1,0.0,0.0
2026-03-01T09:00,0.0,0.0,0.0,0.0,16.7,3.1,7.1,15,43,14340.0,1,0.494,0.0,465.0,0,0.0,1,0,0.0,-1,-1,-1,-1,0.0,0.0
2026-03-01T10:00,0.0,0.0,0.0,0.0,15.9,2.82,7.1,25,55,14340.0,1,0.493,0.0,510.0,0,0.0,2,0,0.0,-1,-1,-1,-1,0.0,0.0
2026-03-01T11:00,0.0,0.0,0.0,0.0,15.1,2.87,5.7,41,99,12500.0,0,0.492,40.0,500.0,0,0.0,3,0,0.0,-1,-1,-1,-1,0.0,0.0
2026-03-01T12:00,0.0,0.0,0.0,0.0,14.7,3.0,6.7,24,100,12500.0,0,0.496,60.0,510.0,0,0.0,3,0,0.0,-1,-1,-1,-1,0.0,0.0
2026-03-01T13:00,0.0,0.0,0.0,0.0,14.2,3.36,6.8,37,100,9280.0,0,0.495,0.0,505.0,0,0.0,3,0,0.0,-1,-1,-1,-1,0.0,0.0
2026-03-01T14:00,0.0,0.0,0.0,0.0,13.7,3.59,7.1,19,100,8240.0,0,0.494,0.0,505.0,0,0.0,3,0,0.0,-1,-1,-1,-1,0.0,0.0
2026-03-01T15:00,0.1,1.0,0.0,0.0,13.0,3.59,8.1,19,100,4400.0,0,0.494,0.0,550.0,0,0.0,51,0,0.0,-1,-1,-1,-1,0.0,0.0
2026-03-01T16:00,0.6,0.0,0.0,0.0,11.7,3.13,7.3,17,100,3460.0,0,0.499,70.0,530.0,0,0.0,53,1,0.6,30,0,2,13,0.471,0.126
2026-03-01T17:00,0.3,0.0,0.0,0.0,10.8,3.65,7.0,23,100,4840.0,0,0.501,70.0,500.0,0,0.0,51,1,0.3,30,1,1,13,0.471,0.126
2026-03-01T18:00,0.1,0.0,0.0,0.0,10.7,3.19,7.4,346,100,4320.0,0,0.503,10.0,475.0,0,0.0,51,0,0.1,-1,-1,-1,-1,0.0,0.0
2026-03-01T19:00,0.2,0.5,0.0,0.0,10.3,2.93,6.3,25,100,4880.0,0,0.503,10.0,460.0,0,0.0,51,0,0.1,-1,-1,-1,-1,0.0,0.0
2026-03-01T20:00,0.1,1.0,0.0,0.0,10.0,3.04,6.3,20,100,5240.0,0,0.502,10.0,460.0,0,0.0,51,0,0.0,-1,-1,-1,-1,0.0,0.0
2026-03-01T21:00,0.1,1.0,0.0,0.0,9.5,2.55,6.1,360,100,4960.0,0,0.502,10.0,400.0,0,0.0,51,0,0.0,-1,-1,-1,-1,0.0,0.0
2026-03-01T22:00,0.1,1.0,0.0,0.0,9.2,2.76,5.6,356,100,5160.0,0,0.501,10.0,395.0,0,0.0,51,0,0.0,-1,-1,-1,-1,0.0,0.0
2026-03-01T23:00,0.1,1.0,0.0,0.0,8.8,3.14,6.0,9,100,5140.0,1,0.501,10.0,430.0,0,0.0,51,0,0.0,-1,-1,-1,-1,0.0,0.0
2026-03-02T00:00,0.1,0.0,0.0,0.0,9.3,3.03,6.3,13,100,5220.0,1,0.487,10.0,435.0,0,0.0,51,0,0.1,-1,-1,-1,-1,0.0,0.0
2026-03-02T01:00,0.1,1.0,0.0,0.0,9.5,3.42,7.6,15,100,6720.0,1,0.488,10.0,480.0,0,0.0,51,0,0.0,-1,-1,-1,-1,0.0,0.0
2026-03-02T02:00,0.1,1.0,0.0,0.0,9.7,3.52,7.9,15,100,7860.0,1,0.488,10.0,530.0,0,0.0,51,0,0.0,-1,-1,-1,-1,0.0,0.0
2026-03-02T03:00,0.1,1.0,0.0,0.0,10.3,3.35,8.2,9,100,9840.0,1,0.489,0.0,585.0,0,0.0,51,0,0.0,-1,-1,-1,-1,0.0,0.0
2026-03-02T04:00,0.1,0.0,0.0,0.0,10.9,3.41,8.2,11,100,12640.0,1,0.488,0.0,650.0,0,0.0,51,0,0.1,-1,-1,-1,-1,0.0,0.0
2026-03-02T05:00,0.0,0.0,0.0,0.0,10.8,3.21,8.1,11,100,12860.0,1,0.488,0.0,670.0,0,0.0,3,0,0.0,-1,-1,-1,-1,0.0,0.0
2026-03-02T06:00,0.0,0.0,0.0,0.0,8.4,3.54,7.9,19,100,4300.0,1,0.526,10.0,515.0,0,0.0,3,0,0.0,-1,-1,-1,-1,0.0,0.0
2026-03-02T07:00,0.3,0.0,0.0,0.0,8.5,3.93,8.5,15,100,4840.0,1,0.507,20.0,485.0,0,0.0,51,1,0.3,31,0,1,2,0.0,0
2026-03-02T08:00,0.2,0.0,0.0,0.0,8.1,3.21,8.3,18,100,5860.0,1,0.506,30.0,505.0,0,0.0,51,0,0.2,-1,-1,-1,-1,0.0,0.0
2026-03-02T09:00,0.1,0.0,0.0,0.0,8.1,3.38,7.3,27,100,4580.0,1,0.505,30.0,560.0,0,0.0,51,0,0.1,-1,-1,-1,-1,0.0,0.0
2026-03-02T10:00,0.3,0.0,0.0,0.0,7.9,2.87,7.2,29,100,4960.0,1,0.505,10.0,560.0,0,0.0,51,1,0.3,32,0,3,12,0.619,0.165
2026-03-02T11:00,0.3,0.0,0.0,0.0,7.3,2.8,6.0,22,100,3380.0,0,0.506,10.0,520.0,0,0.0,51,1,0.3,32,1,2,12,0.619,0.165
2026-03-02T12:00,0.8,0.0,0.0,0.0,8.2,2.72,5.6,20,100,7520.0,0,0.487,0.0,535.0,0,0.0,53,1,0.8,32,2,1,12,0.619,0.165
2026-03-02T13:00,0.1,1.0,0.0,0.0,7.9,2.79,5.7,15,100,6560.0,0,0.488,10.0,555.0,0,0.0,51,0,0.0,-1,-1,-1,-1,0.0,0.0
2026-03-02T14:00,0.1,1.0,0.0,0.0,7.7,2.66,5.8,12,100,6040.0,0,0.488,10.0,555.0,0,0.0,51,0,0.0,-1,-1,-1,-1,0.0,0.0
2026-03-02T15:00,0.1,0.0,0.0,0.0,7.5,2.55,5.4,20,100,6720.0,0,0.489,10.0,505.0,0,0.0,51,0,0.1,-1,-1,-1,-1,0.0,0.0
2026-03-02T16:00,0.1,0.0,0.0,0.0,7.4,2.24,5.2,27,100,6680.0,0,0.489,10.0,485.0,0,0.0,51,0,0.1,-1,-1,-1,-1,0.0,0.0
2026-03-02T17:00,0.1,0.0,0.0,0.0,7.4,2.37,4.8,18,100,6820.0,0,0.489,10.0,470.0,0,0.0,51,0,0.1,-1,-1,-1,-1,0.0,0.0
2026-03-02T18:00,0.1,0.0,0.0,0.0,7.1,2.03,5.0,16,100,5360.0,0,0.489,10.0,460.0,0,0.0,51,0,0.1,-1,-1,-1,-1,0.0,0.0
2026-03-02T19:00,0.2,0.0,0.0,0.0,7.1,2.17,4.8,8,100,4940.0,0,0.49,10.0,455.0,0,0.0,51,0,0.2,-1,-1,-1,-1,0.0,0.0
2026-03-02T20:00,0.2,0.0,0.0,0.0,7.1,2.3,4.9,1,100,4360.0,0,0.491,10.0,455.0,0,0.0,51,0,0.2,-1,-1,-1,-1,0.0,0.0
2026-03-02T21:00,0.2,0.0,0.0,0.0,7.0,2.2,4.8,17,100,4740.0,0,0.491,10.0,435.0,0,0.0,51,0,0.2,-1,-1,-1,-1,0.0,0.0
2026-03-02T22:00,0.1,0.0,0.0,0.0,6.9,2.69,5.4,24,100,5140.0,0,0.491,10.0,445.0,0,0.0,51,0,0.1,-1,-1,-1,-1,0.0,0.0
2026-03-02T23:00,0.1,0.0,0.0,0.0,6.8,2.09,5.4,21,100,4740.0,1,0.491,10.0,420.0,0,0.0,51,0,0.1,-1,-1,-1,-1,0.0,0.0
2026-03-03T00:00,0.1,0.0,0.0,0.0,7.2,2.59,4.7,25,100,2900.0,1,0.498,10.0,465.0,0,0.0,51,0,0.1,-1,-1,-1,-1,0.0,0.0
2026-03-03T01:00,0.5,0.2,0.0,0.0,7.2,2.92,6.5,22,100,3760.0,1,0.502,10.0,385.0,0,0.0,53,1,0.4,33,0,4,2,0.387,0.223
2026-03-03T02:00,0.2,0.0,0.0,0.0,7.7,2.78,6.4,23,100,5080.0,1,0.502,0.0,330.0,0,0.0,51,0,0.2,33,1,3,2,0.387,0.103
2026-03-03T03:00,0.3,0.333,0.0,0.0,8.1,2.24,6.6,10,100,4900.0,1,0.502,0.0,260.0,0,0.0,51,1,0.2,33,2,2,2,0.387,0.303
2026-03-03T04:00,0.3,0.333,0.0,0.0,9.2,2.74,6.4,9,100,6560.0,1,0.502,0.0,460.0,0,0.0,51,1,0.2,33,3,1,2,0.387,0.303
2026-03-03T05:00,0.1,1.0,0.0,0.0,10.3,3.19,7.8,17,100,9680.0,1,0.501,0.0,595.0,0,0.0,51,0,0.0,-1,-1,-1,-1,0.0,0.0
2026-03-03T06:00,0.1,0.0,0.0,0.0,9.3,2.74,7.7,9,100,7960.0,1,0.528,0.0,605.0,0,0.0,51,0,0.1,-1,-1,-1,-1,0.0,0.0
2026-03-03T07:00,0.3,0.333,0.0,0.0,8.9,2.85,6.4,1,100,4780.0,1,0.508,10.0,550.0,0,0.0,51,1,0.2,34,0,2,106,0.0,0.2
2026-03-03T08:00,0.3,0.333,0.0,0.0,8.6,2.55,6.0,16,100,5500.0,1,0.507,20.0,505.0,0,0.0,51,1,0.2,34,1,1,106,0.0,0.2
2026-03-03T09:00,0.2,0.0,0.0,0.0,9.0,2.2,5.8,17,100,6340.0,1,0.506,10.0,510.0,0,0.0,51,0,0.2,-1,-1,-1,-1,0.0,0.0
2026-03-03T10:00,0.1,0.0,0.0,0.0,8.9,2.17,4.7,23,100,6640.0,1,0.504,10.0,510.0,0,0.0,51,0,0.1,-1,-1,-1,-1,0.0,0.0
2026-03-03T11:00,0.1,0.0,0.0,0.0,8.7,1.78,4.2,32,100,5160.0,0,0.504,10.0,435.0,0,0.0,51,0,0.1,-1,-1,-1,-1,0.0,0.0
2026-03-03T12:00,0.2,0.0,0.0,0.0,7.9,1.81,3.8,14,100,3940.0,0,0.507,10.0,310.0,0,0.0,51,0,0.2,-1,-1,-1,-1,0.0,0.0
2026-03-03T13:00,0.2,0.5,0.0,0.0,7.8,2.16,4.0,13,100,4680.0,0,0.506,10.0,390.0,0,0.0,51,0,0.1,-1,-1,-1,-1,0.0,0.0
2026-03-03T14:00,0.1,0.0,0.0,0.0,7.8,2.02,4.5,9,100,5220.0,0,0.505,10.0,420.0,0,0.0,51,0,0.1,-1,-1,-1,-1,0.0,0.0
2026-03-03T15:00,0.1,0.0,0.0,0.0,7.8,1.46,3.9,22,100,5440.0,0,0.503,10.0,325.0,0,0.0,51,0,0.1,-1,-1,-1,-1,0.0,0.0
2026-03-03T16:00,0.1,0.0,0.0,0.0,7.8,1.44,3.1,14,100,5640.0,0,0.502,10.0,300.0,0,0.0,51,0,0.1,-1,-1,-1,-1,0.0,0.0
2026-03-03T17:00,0.0,0.0,0.0,0.0,7.8,1.24,3.1,14,100,5900.0,0,0.5,10.0,235.0,0,0.0,3,0,0.0,-1,-1,-1,-1,0.0,0.0
2026-03-03T18:00,0.0,0.0,0.0,0.0,8.0,1.34,2.6,27,100,2920.0,0,0.499,10.0,235.0,0,0.0,3,0,0.0,-1,-1,-1,-1,0.0,0.0
2026-03-03T19:00,0.2,0.5,0.0,0.0,7.9,1.49,3.5,14,100,4460.0,0,0.5,10.0,325.0,0,0.0,51,0,0.1,-1,-1,-1,-1,0.0,0.0
2026-03-03T20:00,0.1,0.0,0.0,0.0,7.8,1.36,3.4,36,100,3760.0,0,0.5,10.0,295.0,0,0.0,51,0,0.1,-1,-1,-1,-1,0.0,0.0
2026-03-03T21:00,0.1,0.0,0.0,0.0,7.8,1.27,3.2,26,100,5220.0,0,0.499,10.0,230.0,0,0.0,51,0,0.1,-1,-1,-1,-1,0.0,0.0
2026-03-03T22:00,0.1,0.0,0.0,0.0,7.8,1.05,3.0,5,100,5140.0,0,0.499,10.0,230.0,0,0.0,51,0,0.1,-1,-1,-1,-1,0.0,0.0
2026-03-03T23:00,0.1,0.0,0.0,0.0,7.8,0.86,2.2,36,100,3460.0,1,0.499,0.0,155.0,0,0.0,51,0,0.1,-1,-1,-1,-1,0.0,0.0
2026-03-04T00:00,0.1,0.0,0.0,0.0,7.7,0.94,2.6,58,100,5060.0,1,0.498,0.0,130.0,0,0.0,51,0,0.1,-1,-1,-1,-1,0.0,0.0
2026-03-04T01:00,0.1,1.0,0.0,0.0,8.4,1.46,3.8,38,100,6960.0,1,0.497,10.0,265.0,0,0.0,51,0,0.0,-1,-1,-1,-1,0.0,0.0
2026-03-04T02:00,0.1,0.0,0.0,0.0,8.8,1.52,3.9,44,100,8640.0,1,0.497,0.0,325.0,0,0.0,51,0,0.1,-1,-1,-1,-1,0.0,0.0
2026-03-04T03:00,0.0,0.0,0.0,0.0,10.0,1.79,4.9,27,100,10920.0,1,0.496,0.0,485.0,0,0.0,3,0,0.0,-1,-1,-1,-1,0.0,0.0
2026-03-04T04:00,0.0,0.0,0.0,0.0,10.6,1.99,5.5,18,100,14620.0,1,0.495,0.0,580.0,0,0.0,3,0,0.0,-1,-1,-1,-1,0.0,0.0
2026-03-04T05:00,0.0,0.0,0.0,0.0,11.3,1.97,5.6,27,100,14620.0,1,0.494,0.0,650.0,0,0.0,3,0,0.0,-1,-1,-1,-1,0.0,0.0
2026-03-04T06:00,0.0,0.0,0.0,0.0,10.9,1.82,5.2,37,100,14620.0,1,0.514,0.0,680.0,0,0.0,3,0,0.0,-1,-1,-1,-1,0.0,0.0
2026-03-04T07:00,0.0,0.0,0.0,0.0,11.7,1.53,5.2,58,100,15800.0,1,0.508,0.0,680.0,0,0.0,3,0,0.0,-1,-1,-1,-1,0.0,0.0
2026-03-04T08:00,0.0,0.0,0.0,0.0,12.2,1.04,4.5,55,100,15800.0,1,0.504,0.0,675.0,0,0.0,3,0,0.0,-1,-1,-1,-1,0.0,0.0
2026-03-04T09:00,0.0,0.0,0.0,0.0,12.1,1.5,4.0,4,91,15820.0,1,0.502,0.0,630.0,0,0.0,3,0,0.0,-1,-1,-1,-1,0.0,0.0
2026-03-04T10:00,0.0,0.0,0.0,0.0,11.6,1.33,4.4,20,50,14640.0,1,0.5,0.0,355.0,0,0.0,2,0,0.0,-1,-1,-1,-1,0.0,0.0
2026-03-04T11:00,0.0,0.0,0.0,0.0,10.2,0.94,2.9,58,86,14640.0,0,0.499,0.0,100.0,0,0.0,3,0,0.0,-1,-1,-1,-1,0.0,0.0
2026-03-04T12:00,0.0,0.0,0.0,0.0,10.3,0.92,1.4,112,82,12200.0,0,0.486,0.0,90.0,0,0.0,3,0,0.0,-1,-1,-1,-1,0.0,0.0
2026-03-04T13:00,0.0,0.0,0.0,0.0,8.5,0.63,1.6,119,35,8360.0,0,0.485,0.0,20.0,0,0.0,1,0,0.0,-1,-1,-1,-1,0.0,0.0
2026-03-04T14:00,0.0,0.0,0.0,0.0,7.9,0.32,1.0,141,41,3620.0,0,0.485,0.0,15.0,0,0.0,1,0,0.0,-1,-1,-1,-1,0.0,0.0
2026-03-04T15:00,0.0,0.0,0.0,0.0,7.7,0.41,0.8,104,75,8240.0,0,0.485,0.0,15.0,0,0.0,2,0,0.0,-1,-1,-1,-1,0.0,0.0
2026-03-04T16:00,0.0,0.0,0.0,0.0,7.7,0.55,1.1,85,91,10580.0,0,0.485,10.0,25.0,0,0.0,3,0,0.0,-1,-1,-1,-1,0.0,0.0
2026-03-04T17:00,0.0,0.0,0.0,0.0,7.8,0.34,1.1,117,25,8140.0,0,0.484,40.0,15.0,0,0.0,1,0,0.0,-1,-1,-1,-1,0.0,0.0
2026-03-04T18:00,0.0,0.0,0.0,0.0,8.0,0.61,0.8,55,100,8080.0,0,0.484,40.0,40.0,0,0.0,3,0,0.0,-1,-1,-1,-1,0.0,0.0
2026-03-04T19:00,0.0,0.0,0.0,0.0,8.4,0.61,1.5,99,100,9180.0,0,0.484,20.0,55.0,0,0.0,3,0,0.0,-1,-1,-1,-1,0.0,0.0
2026-03-04T20:00,0.0,0.0,0.0,0.0,8.4,0.61,1.4,189,91,9900.0,0,0.484,0.0,30.0,0,0.0,3,0,0.0,-1,-1,-1,-1,0.0,0.0
2026-03-04T21:00,0.0,0.0,0.0,0.0,7.9,0.45,0.9,270,61,9820.0,0,0.484,0.0,20.0,0,0.0,2,0,0.0,-1,-1,-1,-1,0.0,0.0
2026-03-04T22:00,0.0,0.0,0.0,0.0,7.5,0.16,0.8,72,45,6900.0,0,0.483,0.0,10.0,0,0.0,1,0,0.0,-1,-1,-1,-1,0.0,0.0
2026-03-04T23:00,0.0,0.0,0.0,0.0,7.4,0.4,0.7,97,87,6920.0,1,0.483,0.0,20.0,0,0.0,3,0,0.0,-1,-1,-1,-1,0.0,0.0
2026-03-05T00:00,0.0,0.0,0.0,0.0,8.9,0.8,2.5,90,83,9920.0,1,0.488,0.0,140.0,0,0.0,3,0,0.0,-1,-1,-1,-1,0.0,0.0
2026-03-05T01:00,0.0,0.0,0.0,0.0,10.6,1.46,4.3,22,98,12820.0,1,0.487,0.0,390.0,0,0.0,3,0,0.0,-1,-1,-1,-1,0.0,0.0
2026-03-05T02:00,0.0,0.0,0.0,0.0,11.9,1.82,5.3,9,100,14700.0,1,0.486,0.0,530.0,0,0.0,3,0,0.0,-1,-1,-1,-1,0.0,0.0
2026-03-05T03:00,0.0,0.0,0.0,0.0,13.3,1.97,5.9,7,99,14720.0,1,0.485,0.0,655.0,0,0.0,3,0,0.0,-1,-1,-1,-1,0.0,0.0
2026-03-05T04:00,0.0,0.0,0.0,0.0,14.7,2.19,6.3,11,100,15900.0,1,0.484,0.0,810.0,0,0.0,3,0,0.0,-1,-1,-1,-1,0.0,0.0
2026-03-05T05:00,0.0,0.0,0.0,0.0,15.9,2.23,6.6,9,100,15900.0,1,0.483,0.0,925.0,0,0.0,3,0,0.0,-1,-1,-1,-1,0.0,0.0
2026-03-05T06:00,0.0,0.0,0.0,0.0,15.2,2.72,7.3,7,100,15900.0,1,0.5,0.0,945.0,0,0.0,3,0,0.0,-1,-1,-1,-1,0.0,0.0
2026-03-05T07:00,0.0,0.0,0.0,0.0,15.6,3.21,7.9,4,100,15900.0,1,0.497,0.0,1020.0,0,0.0,3,0,0.0,-1,-1,-1,-1,0.0,0.0
2026-03-05T08:00,0.0,0.0,0.0,0.0,15.2,3.46,8.0,3,100,15920.0,1,0.496,0.0,985.0,0,0.0,3,0,0.0,-1,-1,-1,-1,0.0,0.0
2026-03-05T09:00,0.0,0.0,0.0,0.0,14.8,3.44,8.0,9,100,15920.0,1,0.494,0.0,905.0,0,0.0,3,0,0.0,-1,-1,-1,-1,0.0,0.0
2026-03-05T10:00,0.0,0.0,0.0,0.0,14.3,2.77,7.4,7,100,15920.0,1,0.493,0.0,720.0,0,0.0,3,0,0.0,-1,-1,-1,-1,0.0,0.0
2026-03-05T11:00,0.0,0.0,0.0,0.0,13.6,1.99,5.7,12,94,14740.0,0,0.492,0.0,480.0,0,0.0,3,0,0.0,-1,-1,-1,-1,0.0,0.0
2026-03-05T12:00,0.0,0.0,0.0,0.0,12.4,1.71,3.9,15,88,14760.0,0,0.476,0.0,300.0,0,0.0,3,0,0.0,-1,-1,-1,-1,0.0,0.0
2026-03-05T13:00,0.0,0.0,0.0,0.0,11.5,1.08,3.2,13,91,12860.0,0,0.476,0.0,155.0,0,0.0,3,0,0.0,-1,-1,-1,-1,0.0,0.0
2026-03-05T14:00,0.0,0.0,0.0,0.0,11.5,1.41,2.9,6,100,12860.0,0,0.476,0.0,195.0,0,0.0,3,0,0.0,-1,-1,-1,-1,0.0,0.0
2026-03-05T15:00,0.0,0.0,0.0,0.0,11.4,1.16,2.7,83,100,12500.0,0,0.476,0.0,145.0,0,0.0,3,0,0.0,-1,-1,-1,-1,0.0,0.0
2026-03-05T16:00,0.0,0.0,0.0,0.0,11.5,1.49,2.7,130,100,12620.0,0,0.476,0.0,80.0,0,0.0,3,0,0.0,-1,-1,-1,-1,0.0,0.0
2026-03-05T17:00,0.0,0.0,0.0,0.0,11.2,1.33,2.7,160,100,11540.0,0,0.476,0.0,40.0,0,0.0,3,0,0.0,-1,-1,-1,-1,0.0,0.0
2026-03-05T18:00,0.0,0.0,0.0,0.0,11.2,0.55,2.1,175,100,11540.0,0,0.476,0.0,20.0,0,0.0,3,0,0.0,-1,-1,-1,-1,0.0,0.0
2026-03-05T19:00,0.1,1.0,0.0,0.0,11.6,0.14,1.4,135,100,9900.0,0,0.476,0.0,10.0,0,0.0,51,0,0.0,-1,-1,-1,-1,0.0,0.0
2026-03-05T20:00,0.0,0.0,0.0,0.0,11.5,0.99,1.9,131,100,9940.0,0,0.476,0.0,35.0,0,0.0,3,0,0.0,-1,-1,-1,-1,0.0,0.0
2026-03-05T21:00,0.0,0.0,0.0,0.0,11.4,0.63,1.7,61,100,11540.0,0,0.476,0.0,45.0,0,0.0,3,0,0.0,-1,-1,-1,-1,0.0,0.0
2026-03-05T22:00,0.0,0.0,0.0,0.0,11.2,0.95,1.8,3,100,11540.0,0,0.476,0.0,285.0,0,0.0,3,0,0.0,-1,-1,-1,-1,0.0,0.0
2026-03-05T23:00,0.0,0.0,0.0,0.0,10.7,0.9,2.0,34,60,10840.0,1,0.476,0.0,160.0,0,0.0,2,0,0.0,-1,-1,-1,-1,0.0,0.0
2026-03-06T00:00,0.0,0.0,0.0,0.0,11.4,1.18,2.7,12,100,12900.0,1,0.48,0.0,250.0,0,0.0,3,0,0.0,-1,-1,-1,-1,0.0,0.0
2026-03-06T01:00,0.0,0.0,0.0,0.0,12.5,1.11,3.8,8,100,14800.0,1,0.479,0.0,510.0,0,0.0,3,0,0.0,-1,-1,-1,-1,0.0,0.0
2026-03-06T02:00,0.0,0.0,0.0,0.0,13.6,2.61,6.7,12,98,14820.0,1,0.479,0.0,695.0,0,0.0,3,0,0.0,-1,-1,-1,-1,0.0,0.0
2026-03-06T03:00,0.0,0.0,0.0,0.0,14.9,2.83,7.3,32,100,16000.0,1,0.478,0.0,870.0,0,0.0,3,0,0.0,-1,-1,-1,-1,0.0,0.0
2026-03-06T04:00,0.0,0.0,0.0,0.0,16.1,2.62,7.4,26,100,16000.0,1,0.477,0.0,1095.0,0,0.0,3,0,0.0,-1,-1,-1,-1,0.0,0.0
2026-03-06T05:00,0.0,0.0,0.0,0.0,16.9,2.56,7.1,17,90,17060.0,1,0.476,0.0,1160.0,0,0.0,3,0,0.0,-1,-1,-1,-1,0.0,0.0
2026-03-06T06:00,0.0,0.0,0.0,0.0,17.2,1.47,6.9,18,100,17060.0,1,0.492,0.0,1235.0,0,0.0,3,0,0.0,-1,-1,-1,-1,0.0,0.0
2026-03-06T07:00,0.0,0.0,0.0,0.0,18.6,1.97,6.0,351,71,17060.0,1,0.49,0.0,1305.0,0,0.0,2,0,0.0,-1,-1,-1,-1,0.0,0.0
2026-03-06T08:00,0.0,0.0,0.0,0.0,18.9,2.44,6.9,334,6,17960.0,1,0.488,0.0,1215.0,0,0.0,0,0,0.0,-1,-1,-1,-1,0.0,0.0
2026-03-06T09:00,0.0,0.0,0.0,0.0,19.1,1.97,6.7,9,2,17960.0,1,0.486,0.0,1055.0,0,0.0,0,0,0.0,-1,-1,-1,-1,0.0,0.0
2026-03-06T10:00,0.0,0.0,0.0,0.0,17.6,1.68,4.9,23,9,17980.0,1,0.485,0.0,260.0,0,0.0,0,0,0.0,-1,-1,-1,-1,0.0,0.0
2026-03-06T11:00,0.0,0.0,0.0,0.0,15.3,2.12,4.5,15,5,17080.0,0,0.484,0.0,255.0,0,0.0,0,0,0.0,-1,-1,-1,-1,0.0,0.0
2026-03-06T12:00,0.0,0.0,0.0,0.0,13.1,1.29,3.8,54,2,16040.0,0,0.466,0.0,65.0,0,0.0,0,0,0.0,-1,-1,-1,-1,0.0,0.0
2026-03-06T13:00,0.0,0.0,0.0,0.0,12.9,0.6,2.2,48,0,16040.0,0,0.466,0.0,40.0,0,0.0,0,0,0.0,-1,-1,-1,-1,0.0,0.0
2026-03-06T14:00,0.0,0.0,0.0,0.0,12.2,0.57,1.2,75,0,16040.0,0,0.467,0.0,40.0,0,0.0,0,0,0.0,-1,-1,-1,-1,0.0,0.0
2026-03-06T15:00,0.0,0.0,0.0,0.0,11.7,0.27,1.1,22,11,14860.0,0,0.467,0.0,25.0,0,0.0,0,0,0.0,-1,-1,-1,-1,0.0,0.0
2026-03-06T16:00,0.0,0.0,0.0,0.0,10.9,0.25,0.6,191,14,14880.0,0,0.467,0.0,15.0,0,0.0,0,0,0.0,-1,-1,-1,-1,0.0,0.0
2026-03-06T17:00,0.0,0.0,0.0,0.0,10.6,0.2,0.6,180,5,14880.0,0,0.467,0.0,15.0,0,0.0,0,0,0.0,-1,-1,-1,-1,0.0,0.0
2026-03-06T18:00,0.0,0.0,0.0,0.0,10.8,1.51,1.3,84,40,12960.0,0,0.467,0.0,70.0,0,0.0,1,0,0.0,-1,-1,-1,-1,0.0,0.0
2026-03-06T19:00,0.0,0.0,0.0,0.0,10.5,0.92,3.7,151,9,12980.0,0,0.467,0.0,30.0,0,0.0,0,0,0.0,-1,-1,-1,-1,0.0,0.0
2026-03-06T20:00,0.0,0.0,0.0,0.0,9.7,0.28,1.4,225,16,11620.0,0,0.467,0.0,15.0,0,0.0,0,0,0.0,-1,-1,-1,-1,0.0,0.0
2026-03-06T21:00,0.0,0.0,0.0,0.0,9.6,0.22,0.6,207,18,11620.0,0,0.467,0.0,15.0,0,0.0,0,0,0.0,-1,-1,-1,-1,0.0,0.0
2026-03-06T22:00,0.0,0.0,0.0,0.0,9.3,0.21,0.7,194,84,11640.0,0,0.467,0.0,20.0,0,0.0,3,0,0.0,-1,-1,-1,-1,0.0,0.0
2026-03-06T23:00,0.0,0.0,0.0,0.0,9.9,0.25,0.4,127,100,11640.0,1,0.467,30.0,35.0,0,0.0,3,0,0.0,-1,-1,-1,-1,0.0,0.0
2026-03-07T00:00,0.0,0.0,0.0,0.0,10.9,0.25,1.6,11,96,13000.0,1,0.478,0.0,60.0,0,0.0,3,0,0.0,-1,-1,-1,-1,0.0,0.0
2026-03-07T01:00,0.0,0.0,0.0,0.0,12.5,1.36,4.4,343,48,14920.0,1,0.477,0.0,330.0,0,0.0,1,0,0.0,-1,-1,-1,-1,0.0,0.0
2026-03-07T02:00,0.0,0.0,0.0,0.0,14.9,1.24,4.9,346,59,16100.0,1,0.476,0.0,475.0,0,0.0,2,0,0.0,-1,-1,-1,-1,0.0,0.0
2026-03-07T03:00,0.0,0.0,0.0,0.0,16.7,1.78,6.1,350,66,16100.0,1,0.475,0.0,575.0,0,0.0,2,0,0.0,-1,-1,-1,-1,0.0,0.0
2026-03-07T04:00,0.0,0.0,0.0,0.0,18.0,1.91,6.4,354,9,17160.0,1,0.473,0.0,670.0,0,0.0,0,0,0.0,-1,-1,-1,-1,0.0,0.0
2026-03-07T05:00,0.0,0.0,0.0,0.0,19.5,2.89,8.0,346,34,17160.0,1,0.471,0.0,680.0,0,0.0,1,0,0.0,-1,-1,-1,-1,0.0,0.0
2026-03-07T06:00,0.0,0.0,0.0,0.0,19.2,3.06,9.7,349,21,17180.0,1,0.486,0.0,665.0,0,0.0,1,0,0.0,-1,-1,-1,-1,0.0,0.0
2026-03-07T07:00,0.0,0.0,0.0,0.0,20.8,1.51,7.4,8,7,18080.0,1,0.484,0.0,655.0,0,0.0,0,0,0.0,-1,-1,-1,-1,0.0,0.0
2026-03-07T08:00,0.0,0.0,0.0,0.0,21.7,1.39,5.4,38,45,18080.0,1,0.482,0.0,725.0,0,0.0,1,0,0.0,-1,-1,-1,-1,0.0,0.0
2026-03-07T09:00,0.0,0.0,0.0,0.0,21.2,2.86,6.5,16,74,18080.0,1,0.48,0.0,915.0,0,0.0,2,0,0.0,-1,-1,-1,-1,0.0,0.0
2026-03-07T10:00,0.0,0.0,0.0,0.0,19.6,3.02,6.7,12,92,17180.0,1,0.479,0.0,650.0,0,0.0,3,0,0.0,-1,-1,-1,-1,0.0,0.0
2026-03-07T11:00,0.0,0.0,0.0,0.0,17.8,3.32,6.7,23,53,17200.0,0,0.479,0.0,460.0,0,0.0,2,0,0.0,-1,-1,-1,-1,0.0,0.0
2026-03-07T12:00,0.0,0.0,0.0,0.0,15.6,2.48,6.7,42,22,16140.0,0,0.466,0.0,365.0,0,0.0,1,0,0.0,-1,-1,-1,-1,0.0,0.0
2026-03-07T13:00,0.0,0.0,0.0,0.0,14.5,1.18,4.6,36,36,16160.0,0,0.466,0.0,335.0,0,0.0,1,0,0.0,-1,-1,-1,-1,0.0,0.0
2026-03-07T14:00,0.0,0.0,0.0,0.0,14.1,0.65,2.2,32,63,16160.0,0,0.465,0.0,365.0,0,0.0,2,0,0.0,-1,-1,-1,-1,0.0,0.0
2026-03-07T15:00,0.0,0.0,0.0,0.0,13.7,0.82,1.4,346,62,16160.0,0,0.465,0.0,405.0,0,0.0,2,0,0.0,-1,-1,-1,-1,0.0,0.0
2026-03-07T16:00,0.0,0.0,0.0,0.0,12.8,1.36,2.3,352,99,14980.0,0,0.465,0.0,355.0,0,0.0,3,0,0.0,-1,-1,-1,-1,0.0,0.0
2026-03-07T17:00,0.0,0.0,0.0,0.0,12.4,2.06,4.0,356,100,14980.0,0,0.466,0.0,380.0,0,0.0,3,0,0.0,-1,-1,-1,-1,0.0,0.0
2026-03-07T18:00,0.0,0.0,0.0,0.0,12.2,2.31,4.2,5,100,13060.0,0,0.466,0.0,430.0,0,0.0,3,0,0.0,-1,-1,-1,-1,0.0,0.0
2026-03-07T19:00,0.3,0.0,0.0,0.0,11.6,2.29,4.8,10,100,3780.0,0,0.468,0.0,445.0,0,0.0,51,1,0.3,35,0,1,2,0.0,0
2026-03-07T20:00,0.2,0.0,0.0,0.0,11.1,2.04,4.4,31,100,5740.0,0,0.469,10.0,395.0,0,0.0,51,0,0.2,-1,-1,-1,-1,0.0,0.0
2026-03-07T21:00,0.1,0.0,0.0,0.0,10.9,1.8,4.1,19,100,4460.0,0,0.47,10.0,395.0,0,0.0,51,0,0.1,-1,-1,-1,-1,0.0,0.0
2026-03-07T22:00,0.4,0.5,0.0,0.0,10.7,1.61,4.0,16,100,3880.0,0,0.475,10.0,385.0,0,0.0,51,1,0.2,36,0,2,10,0.606,0.462
2026-03-07T23:00,1.0,0.8,0.0,0.0,10.7,1.37,3.6,33,100,5200.0,1,0.488,10.0,295.0,0,0.0,55,1,0.2,36,1,1,10,0.606,0.642
2026-03-08T00:00,0.0,0.0,0.0,0.0,11.0,0.83,2.9,65,100,5940.0,1,0.499,0.0,250.0,0,0.0,3,0,0.0,-1,-1,-1,-1,0.0,0.0
2026-03-08T01:00,0.1,0.0,0.0,0.0,11.4,0.75,2.5,4,100,6140.0,1,0.497,0.0,225.0,0,0.0,51,0,0.1,-1,-1,-1,-1,0.0,0.0
2026-03-08T02:00,0.2,0.5,0.0,0.0,12.5,1.1,3.8,5,100,6140.0,1,0.495,0.0,340.0,0,0.0,51,0,0.1,-1,-1,-1,-1,0.0,0.0
2026-03-08T03:00,0.1,0.0,0.0,0.0,13.9,1.86,5.3,355,100,8020.0,1,0.494,0.0,505.0,0,0.0,51,0,0.1,-1,-1,-1,-1,0.0,0.0
2026-03-08T04:00,0.0,0.0,0.0,0.0,15.4,2.4,6.8,1,100,15020.0,1,0.492,0.0,645.0,0,0.0,3,0,0.0,-1,-1,-1,-1,0.0,0.0
2026-03-08T05:00,0.0,0.0,0.0,0.0,14.5,2.6,6.9,16,100,11040.0,1,0.49,0.0,570.0,0,0.0,3,0,0.0,-1,-1,-1,-1,0.0,0.0
2026-03-08T06:00,0.0,0.0,0.0,0.0,14.4,2.28,7.2,15,100,15040.0,1,0.517,10.0,570.0,0,0.0,3,0,0.0,-1,-1,-1,-1,0.0,0.0
2026-03-08T07:00,0.0,0.0,0.0,0.0,14.2,2.83,6.6,17,100,10860.0,1,0.506,0.0,525.0,0,0.0,3,0,0.0,-1,-1,-1,-1,0.0,0.0
2026-03-08T08:00,0.1,0.0,0.0,0.0,12.9,3.13,7.5,13,100,6260.0,1,0.503,30.0,510.0,0,0.0,51,0,0.1,-1,-1,-1,-1,0.0,0.0
2026-03-08T09:00,0.2,0.0,0.0,0.0,12.3,2.57,7.0,8,100,4580.0,1,0.501,0.0,410.0,0,0.0,51,0,0.2,-1,-1,-1,-1,0.0,0.0
2026-03-08T10:00,1.1,0.091,0.0,0.0,11.7,2.6,5.4,2,100,2420.0,1,0.51,10.0,385.0,0,0.0001,55,1,1.0,37,0,29,202,0.767,0.259
2026-03-08T11:00,0.8,0.125,0.0,0.0,11.4,2.64,5.7,15,100,2740.0,0,0.511,10.0,390.0,0,0.0,53,1,0.7,37,1,28,202,0.767,0.279
2026-03-08T12:00,0.4,0.0,0.0,0.0,11.2,1.95,5.2,13,100,5120.0,0,0.494,0.0,290.0,0,0.0,51,1,0.4,37,2,27,202,0.767,0.204
2026-03-08T13:00,0.1,0.0,0.0,0.0,11.0,2.1,4.3,1,100,3500.0,0,0.493,0.0,260.0,0,0.0,51,0,0.1,37,3,26,202,0.767,0.204
2026-03-08T14:00,0.7,0.286,0.0,0.0,10.8,2.15,4.6,360,100,3060.0,0,0.5,0.0,325.0,0,0.0,53,1,0.5,37,4,25,202,0.767,0.376
2026-03-08T15:00,0.7,0.286,0.0,0.0,10.7,2.46,4.8,13,100,3240.0,0,0.505,0.0,330.0,0,0.0,53,1,0.5,37,5,24,202,0.767,0.376
2026-03-08T16:00,0.7,0.143,0.0,0.0,10.4,2.34,4.9,11,100,3040.0,0,0.509,0.0,350.0,0,0.0,53,1,0.6,37,6,23,202,0.767,0.29
2026-03-08T17:00,0.9,0.111,0.0,0.0,10.1,2.71,5.4,355,100,2360.0,0,0.512,0.0,350.0,0,0.0,53,1,0.8,37,7,22,202,0.767,0.271
2026-03-08T18:00,2.0,0.0,0.0,0.0,9.9,2.3,5.7,2,100,1720.0,0,0.507,0.0,350.0,0,0.0,61,1,2.0,37,8,21,202,0.767,0.204
2026-03-08T19:00,4.3,0.349,0.0,0.0,9.7,2.2,4.6,3,100,2020.0,0,0.516,0.0,350.0,0,0.0,81,1,2.8,37,9,20,202,0.767,0.414
2026-03-08T20:00,1.5,0.067,0.0,0.0,9.4,2.96,5.9,355,100,2460.0,0,0.519,0.0,360.0,0,0.0,80,1,1.4,37,10,19,202,0.767,0.245
2026-03-08T21:00,1.9,0.105,0.0,0.0,9.2,2.19,6.0,11,100,2020.0,0,0.515,0.0,400.0,0,0.0,80,1,1.7,37,11,18,202,0.767,0.267
2026-03-08T22:00,3.4,0.471,0.0,0.0,9.2,1.79,4.6,18,100,2020.0,0,0.516,10.0,375.0,0,0.003,81,1,1.8,37,12,17,202,0.767,0.487
2026-03-08T23:00,1.6,0.0,0.0,0.0,9.1,1.6,3.8,14,100,3000.0,1,0.516,0.0,280.0,0,0.0,61,1,1.6,37,13,16,202,0.767,0.204
2026-03-09T00:00,0.7,0.0,0.0,0.0,9.6,1.92,3.8,9,100,3060.0,1,0.517,0.0,315.0,0,0.0,53,1,0.7,37,14,15,202,0.767,0.204
2026-03-09T01:00,0.7,0.0,0.0,0.0,9.7,2.15,4.9,357,100,2620.0,1,0.516,0.0,305.0,0,0.0,53,1,0.7,37,15,14,202,0.767,0.204
2026-03-09T02:00,1.2,0.0,0.0,0.0,9.9,2.35,5.1,360,100,2640.0,1,0.519,0.0,320.0,0,0.0,55,1,1.2,37,16,13,202,0.767,0.204
2026-03-09T03:00,0.9,0.111,0.0,0.0,10.1,2.45,5.6,4,100,2880.0,1,0.518,0.0,295.0,0,0.0,53,1,0.8,37,17,12,202,0.767,0.271
2026-03-09T04:00,1.0,0.1,0.0,0.0,10.4,2.68,5.9,351,100,2600.0,1,0.519,0.0,285.0,0,0.0,55,1,0.9,37,18,11,202,0.767,0.264
2026-03-09T05:00,1.0,0.1,0.0,0.0,10.5,2.83,5.6,347,100,2840.0,1,0.517,0.0,340.0,0,0.0,55,1,0.9,37,19,10,202,0.767,0.264
2026-03-09T06:00,0.9,0.111,0.0,0.0,10.4,3.92,7.3,346,100,2960.0,1,0.516,0.0,395.0,0,0.0,53,1,0.8,37,20,9,202,0.767,0.271
2026-03-09T07:00,1.2,0.167,0.0,0.0,10.4,3.3,7.3,346,100,2920.0,1,0.516,0.0,455.0,0,0.0,55,1,1.0,37,21,8,202,0.767,0.305
2026-03-09T08:00,0.6,0.333,0.0,0.0,10.5,4.04,7.6,348,100,4160.0,1,0.515,10.0,480.0,0,0.0,53,1,0.4,37,22,7,202,0.767,0.404
2026-03-09T09:00,0.4,0.5,0.0,0.0,10.5,4.1,8.0,358,100,4100.0,1,0.514,0.0,520.0,0,0.0,51,1,0.2,37,23,6,202,0.767,0.504
2026-03-09T10:00,0.7,0.286,0.0,0.0,10.5,3.4,7.6,3,100,1300.0,1,0.515,0.0,475.0,0,0.0,53,1,0.5,37,24,5,202,0.767,0.376
2026-03-09T11:00,0.9,0.444,0.0,0.0,10.3,3.2,7.1,358,100,3520.0,0,0.514,0.0,400.0,0,0.0,53,1,0.5,37,25,4,202,0.767,0.471
2026-03-09T12:00,1.0,0.1,0.0,0.0,9.9,2.49,6.3,350,100,1840.0,0,0.512,10.0,375.0,0,0.0,55,1,0.9,37,26,3,202,0.767,0.264
2026-03-09T13:00,2.7,0.037,0.0,0.0,9.9,2.57,4.9,7,100,2380.0,0,0.513,10.0,390.0,0,0.0021,81,1,2.6,37,27,2,202,0.767,0.227
2026-03-09T14:00,0.6,0.0,0.0,0.0,9.7,2.15,5.1,357,100,1480.0,0,0.512,0.0,295.0,0,0.0,53,1,0.6,37,28,1,202,0.767,0.204
2026-03-09T15:00,0.1,0.0,0.0,0.0,9.7,2.16,4.1,353,100,780.0,0,0.51,0.0,310.0,0,0.0,51,0,0.1,-1,-1,-1,-1,0.0,0.0
2026-03-09T16:00,0.1,0.0,0.0,0.0,9.6,2.86,5.3,348,100,1940.0,0,0.507,0.0,390.0,0,0.0,51,0,0.1,-1,-1,-1,-1,0.0,0.0
2026-03-09T17:00,0.0,0.0,0.0,0.0,9.4,2.82,5.8,354,100,1260.0,0,0.505,0.0,360.0,0,0.0,3,0,0.0,-1,-1,-1,-1,0.0,0.0
2026-03-09T18:00,0.0,0.0,0.0,0.0,9.1,2.91,5.5,355,100,1000.0,0,0.5,0.0,310.0,0,0.0,3,0,0.0,-1,-1,-1,-1,0.0,0.0
2026-03-09T19:00,0.1,0.0,0.0,0.0,9.1,2.52,5.6,353,100,5540.0,0,0.499,0.0,305.0,0,0.0,51,0,0.1,-1,-1,-1,-1,0.0,0.0
2026-03-09T20:00,0.1,0.0,0.0,0.0,9.1,1.97,5.3,351,100,1500.0,0,0.499,0.0,270.0,0,0.0,51,0,0.1,-1,-1,-1,-1,0.0,0.0
2026-03-09T21:00,0.1,1.0,0.0,0.0,9.1,2.11,4.7,353,100,2520.0,0,0.5,0.0,260.0,0,0.0,51,0,0.0,-1,-1,-1,-1,0.0,0.0
2026-03-09T22:00,0.1,1.0,0.0,0.0,9.0,2.09,4.6,349,100,5280.0,0,0.5,0.0,265.0,0,0.0,51,0,0.0,-1,-1,-1,-1,0.0,0.0
2026-03-09T23:00,0.1,0.0,0.0,0.0,9.0,1.92,4.1,353,100,5440.0,1,0.499,0.0,255.0,0,0.0,51,0,0.1,-1,-1,-1,-1,0.0,0.0
2026-03-10T00:00,0.1,0.0,0.0,0.0,9.0,1.4,4.1,358,100,5160.0,1,0.507,0.0,210.0,0,0.0,51,0,0.1,-1,-1,-1,-1,0.0,0.0
2026-03-10T01:00,0.1,0.0,0.0,0.0,9.6,1.38,3.7,13,100,5000.0,1,0.505,10.0,215.0,0,0.0,51,0,0.1,-1,-1,-1,-1,0.0,0.0
2026-03-10T02:00,0.2,0.5,0.0,0.0,10.3,1.93,5.0,21,100,6340.0,1,0.505,10.0,300.0,0,0.0,51,0,0.1,-1,-1,-1,-1,0.0,0.0
2026-03-10T03:00,0.2,0.5,0.0,0.0,11.4,1.93,5.5,17,100,7660.0,1,0.504,10.0,385.0,0,0.0,51,0,0.1,-1,-1,-1,-1,0.0,0.0
2026-03-10T04:00,0.1,0.0,0.0,0.0,12.4,1.72,5.4,17,100,11940.0,1,0.502,0.0,585.0,0,0.0,51,0,0.1,-1,-1,-1,-1,0.0,0.0
2026-03-10T05:00,0.1,1.0,0.0,0.0,13.9,1.77,5.6,25,100,16460.0,1,0.501,0.0,850.0,0,0.0,51,0,0.0,-1,-1,-1,-1,0.0,0.0
2026-03-10T06:00,0.0,0.0,0.0,0.0,13.9,1.5,5.7,360,100,16460.0,1,0.528,0.0,945.0,0,0.0,3,0,0.0,-1,-1,-1,-1,0.0,0.0
2026-03-10T07:00,0.0,0.0,0.0,0.0,15.0,1.15,5.2,5,98,16480.0,1,0.504,0.0,1055.0,0,0.0,3,0,0.0,-1,-1,-1,-1,0.0,0.0
2026-03-10T08:00,0.0,0.0,0.0,0.0,15.2,1.16,4.6,7,97,17540.0,1,0.501,0.0,1060.0,0,0.0,3,0,0.0,-1,-1,-1,-1,0.0,0.0
2026-03-10T09:00,0.0,0.0,0.0,0.0,15.2,0.7,4.2,21,55,17540.0,1,0.499,0.0,1060.0,0,0.0,2,0,0.0,-1,-1,-1,-1,0.0,0.0
2026-03-10T10:00,0.0,0.0,0.0,0.0,14.0,0.43,2.8,291,17,16480.0,1,0.498,0.0,45.0,0,0.0,0,0,0.0,-1,-1,-1,-1,0.0,0.0
2026-03-10T11:00,0.0,0.0,0.0,0.0,11.7,0.11,0.7,153,27,16500.0,0,0.497,0.0,10.0,0,0.0,1,0,0.0,-1,-1,-1,-1,0.0,0.0
2026-03-10T12:00,0.0,0.0,0.0,0.0,9.9,1.03,1.4,157,31,13340.0,0,0.489,0.0,35.0,0,0.0,1,0,0.0,-1,-1,-1,-1,0.0,0.0
2026-03-10T13:00,0.0,0.0,0.0,0.0,9.2,0.81,2.0,169,47,11960.0,0,0.489,0.0,20.0,0,0.0,1,0,0.0,-1,-1,-1,-1,0.0,0.0
2026-03-10T14:00,0.0,0.0,0.0,0.0,8.3,0.67,1.6,167,20,10340.0,0,0.489,0.0,20.0,0,0.0,1,0,0.0,-1,-1,-1,-1,0.0,0.0
2026-03-10T15:00,0.0,0.0,0.0,0.0,7.9,0.93,2.2,164,5,10340.0,0,0.488,0.0,20.0,0,0.0,0,0,0.0,-1,-1,-1,-1,0.0,0.0
2026-03-10T16:00,0.0,0.0,0.0,0.0,7.2,0.74,2.2,160,0,10360.0,0,0.488,0.0,15.0,0,0.0,0,0,0.0,-1,-1,-1,-1,0.0,0.0
2026-03-10T17:00,0.0,0.0,0.0,0.0,6.6,0.49,1.9,156,0,10360.0,0,0.488,0.0,15.0,0,0.0,0,0,0.0,-1,-1,-1,-1,0.0,0.0
2026-03-10T18:00,0.0,0.0,0.0,0.0,7.3,0.51,1.6,169,0,11980.0,0,0.487,0.0,20.0,0,0.0,0,0,0.0,-1,-1,-1,-1,0.0,0.0
2026-03-10T19:00,0.0,0.0,0.0,0.0,7.4,0.55,1.3,175,0,11980.0,0,0.487,0.0,30.0,0,0.0,0,0,0.0,-1,-1,-1,-1,0.0,0.0
2026-03-10T20:00,0.0,0.0,0.0,0.0,7.3,0.4,1.1,173,0,11980.0,0,0.487,0.0,25.0,0,0.0,0,0,0.0,-1,-1,-1,-1,0.0,0.0
2026-03-10T21:00,0.0,0.0,0.0,0.0,7.1,0.35,0.9,172,2,11980.0,0,0.487,0.0,20.0,0,0.0,0,0,0.0,-1,-1,-1,-1,0.0,0.0
2026-03-10T22:00,0.0,0.0,0.0,0.0,7.0,0.35,0.9,172,0,11980.0,0,0.486,0.0,25.0,0,0.0,0,0,0.0,-1,-1,-1,-1,0.0,0.0
2026-03-10T23:00,0.0,0.0,0.0,0.0,7.1,0.3,0.8,180,0,13380.0,1,0.486,0.0,30.0,0,0.0,0,0,0.0,-1,-1,-1,-1,0.0,0.0
2026-03-11T00:00,0.0,0.0,0.0,0.0,9.2,1.02,2.2,259,33,4560.0,1,0.486,0.0,75.0,0,0.0,1,0,0.0,-1,-1,-1,-1,0.0,0.0
2026-03-11T01:00,0.0,0.0,0.0,0.0,12.1,0.89,3.9,297,4,15360.0,1,0.485,0.0,195.0,0,0.0,0,0,0.0,-1,-1,-1,-1,0.0,0.0
2026-03-11T02:00,0.0,0.0,0.0,0.0,15.1,0.67,4.1,283,0,16580.0,1,0.484,0.0,440.0,0,0.0,0,0,0.0,-1,-1,-1,-1,0.0,0.0
2026-03-11T03:00,0.0,0.0,0.0,0.0,17.6,0.91,4.8,279,0,17640.0,1,0.483,0.0,740.0,0,0.0,0,0,0.0,-1,-1,-1,-1,0.0,0.0
2026-03-11T04:00,0.0,0.0,0.0,0.0,19.5,1.41,5.7,247,0,17660.0,1,0.481,0.0,935.0,0,0.0,0,0,0.0,-1,-1,-1,-1,0.0,0.0
2026-03-11T05:00,0.0,0.0,0.0,0.0,21.1,1.44,6.0,250,0,18580.0,1,0.479,0.0,1025.0,0,0.0,0,0,0.0,-1,-1,-1,-1,0.0,0.0
2026-03-11T06:00,0.0,0.0,0.0,0.0,21.6,1.06,5.8,278,0,18580.0,1,0.477,0.0,1105.0,0,0.0,0,0,0.0,-1,-1,-1,-1,0.0,0.0
2026-03-11T07:00,0.0,0.0,0.0,0.0,22.8,1.14,5.0,331,0,20320.0,1,0.476,0.0,1190.0,0,0.0,0,0,0.0,-1,-1,-1,-1,0.0,0.0
2026-03-11T08:00,0.0,0.0,0.0,0.0,22.8,1.6,5.1,2,0,20320.0,1,0.474,0.0,1210.0,0,0.0,0,0,0.0,-1,-1,-1,-1,0.0,0.0
2026-03-11T09:00,0.0,0.0,0.0,0.0,21.9,2.06,5.2,23,0,18600.0,1,0.473,0.0,915.0,0,0.0,0,0,0.0,-1,-1,-1,-1,0.0,0.0
2026-03-11T10:00,0.0,0.0,0.0,0.0,19.4,1.79,5.1,60,0,18600.0,1,0.473,0.0,160.0,0,0.0,0,0,0.0,-1,-1,-1,-1,0.0,0.0
2026-03-11T11:00,0.0,0.0,0.0,0.0,16.2,1.54,3.3,77,0,17700.0,0,0.473,0.0,50.0,0,0.0,0,0,0.0,-1,-1,-1,-1,0.0,0.0
2026-03-11T12:00,0.0,0.0,0.0,0.0,15.2,1.1,2.5,60,0,17700.0,0,0.473,0.0,40.0,0,0.0,0,0,0.0,-1,-1,-1,-1,0.0,0.0
2026-03-11T13:00,0.0,0.0,0.0,0.0,14.6,1.21,2.1,83,0,16620.0,0,0.473,0.0,60.0,0,0.0,0,0,0.0,-1,-1,-1,-1,0.0,0.0
2026-03-11T14:00,0.0,0.0,0.0,0.0,14.4,0.72,2.1,124,0,16640.0,0,0.474,0.0,35.0,0,0.0,0,0,0.0,-1,-1,-1,-1,0.0,0.0
2026-03-11T15:00,0.0,0.0,0.0,0.0,14.2,0.32,1.3,39,0,16640.0,0,0.474,0.0,35.0,0,0.0,0,0,0.0,-1,-1,-1,-1,0.0,0.0
2026-03-11T16:00,0.0,0.0,0.0,0.0,13.5,0.2,0.9,90,0,16640.0,0,0.474,0.0,30.0,0,0.0,0,0,0.0,-1,-1,-1,-1,0.0,0.0
2026-03-11T17:00,0.0,0.0,0.0,0.0,12.6,0.15,0.8,180,0,16640.0,0,0.474,0.0,15.0,0,0.0,0,0,0.0,-1,-1,-1,-1,0.0,0.0
2026-03-11T18:00,0.0,0.0,0.0,0.0,11.6,0.21,0.6,194,0,15440.0,0,0.474,0.0,15.0,0,0.0,0,0,0.0,-1,-1,-1,-1,0.0,0.0
2026-03-11T19:00,0.0,0.0,0.0,0.0,11.0,0.34,0.7,207,0,15440.0,0,0.474,0.0,15.0,0,0.0,0,0,0.0,-1,-1,-1,-1,0.0,0.0
2026-03-11T20:00,0.0,0.0,0.0,0.0,10.8,0.1,0.6,180,0,15440.0,0,0.474,0.0,10.0,0,0.0,0,0,0.0,-1,-1,-1,-1,0.0,0.0
2026-03-11T21:00,0.0,0.0,0.0,0.0,10.7,0.21,0.7,135,0,15460.0,0,0.474,0.0,30.0,0,0.0,0,0,0.0,-1,-1,-1,-1,0.0,0.0
2026-03-11T22:00,0.0,0.0,0.0,0.0,10.0,0.11,0.7,333,0,13480.0,0,0.474,0.0,35.0,0,0.0,0,0,0.0,-1,-1,-1,-1,0.0,0.0
2026-03-11T23:00,0.0,0.0,0.0,0.0,9.3,0.36,0.7,196,0,13500.0,1,0.474,0.0,35.0,0,0.0,0,0,0.0,-1,-1,-1,-1,0.0,0.0
2026-03-12T00:00,0.0,0.0,0.0,0.0,11.1,0.38,2.5,157,0,12100.0,1,0.474,0.0,40.0,0,0.0,0,0,0.0,-1,-1,-1,-1,0.0,0.0
2026-03-12T01:00,0.0,0.0,0.0,0.0,14.4,0.96,3.7,9,0,15480.0,1,0.474,0.0,335.0,0,0.0,0,0,0.0,-1,-1,-1,-1,0.0,0.0
2026-03-12T02:00,0.0,0.0,0.0,0.0,16.4,1.91,6.0,5,0,16700.0,1,0.473,0.0,490.0,0,0.0,0,0,0.0,-1,-1,-1,-1,0.0,0.0
2026-03-12T03:00,0.0,0.0,0.0,0.0,18.5,2.11,6.6,5,0,17780.0,1,0.472,0.0,620.0,0,0.0,0,0,0.0,-1,-1,-1,-1,0.0,0.0
2026-03-12T04:00,0.0,0.0,0.0,0.0,20.5,2.4,7.3,4,0,18720.0,1,0.47,0.0,750.0,0,0.0,0,0,0.0,-1,-1,-1,-1,0.0,0.0
2026-03-12T05:00,0.0,0.0,0.0,0.0,22.4,3.45,9.0,360,0,18720.0,1,0.468,0.0,1210.0,0,0.0,0,0,0.0,-1,-1,-1,-1,0.0,0.0
2026-03-12T06:00,0.0,0.0,0.0,0.0,23.0,3.89,10.3,8,0,20460.0,1,0.466,0.0,1525.0,0,0.0,0,0,0.0,-1,-1,-1,-1,0.0,0.0
2026-03-12T07:00,0.0,0.0,0.0,0.0,23.6,4.19,10.2,12,2,20460.0,1,0.464,0.0,1755.0,0,0.0,0,0,0.0,-1,-1,-1,-1,0.0,0.0
2026-03-12T08:00,0.0,0.0,0.0,0.0,23.4,4.3,10.2,23,1,20480.0,1,0.462,0.0,1695.0,0,0.0,0,0,0.0,-1,-1,-1,-1,0.0,0.0
2026-03-12T09:00,0.0,0.0,0.0,0.0,22.0,4.71,10.2,31,0,20480.0,1,0.461,0.0,1140.0,0,0.0,0,0,0.0,-1,-1,-1,-1,0.0,0.0
2026-03-12T10:00,0.0,0.0,0.0,0.0,19.9,4.16,10.2,24,0,18740.0,1,0.46,0.0,735.0,0,0.0,0,0,0.0,-1,-1,-1,-1,0.0,0.0
2026-03-12T11:00,0.0,0.0,0.0,0.0,18.0,3.42,8.6,18,0,18760.0,0,0.46,0.0,410.0,0,0.0,0,0,0.0,-1,-1,-1,-1,0.0,0.0
2026-03-12T12:00,0.0,0.0,0.0,0.0,16.9,3.27,6.6,23,1,17840.0,0,0.459,0.0,280.0,0,0.0,0,0,0.0,-1,-1,-1,-1,0.0,0.0
2026-03-12T13:00,0.0,0.0,0.0,0.0,15.9,2.3,6.1,44,0,17840.0,0,0.459,0.0,175.0,0,0.0,0,0,0.0,-1,-1,-1,-1,0.0,0.0
2026-03-12T14:00,0.0,0.0,0.0,0.0,13.8,0.86,4.4,54,0,17840.0,0,0.459,0.0,35.0,0,0.0,0,0,0.0,-1,-1,-1,-1,0.0,0.0
2026-03-12T15:00,0.0,0.0,0.0,0.0,13.2,0.29,1.7,329,0,16760.0,0,0.46,0.0,20.0,0,0.0,0,0,0.0,-1,-1,-1,-1,0.0,0.0
2026-03-12T16:00,0.0,0.0,0.0,0.0,12.4,0.25,0.8,191,0,16780.0,0,0.46,0.0,15.0,0,0.0,0,0,0.0,-1,-1,-1,-1,0.0,0.0
2026-03-12T17:00,0.0,0.0,0.0,0.0,11.3,0.74,1.2,228,0,16780.0,0,0.46,0.0,40.0,0,0.0,0,0,0.0,-1,-1,-1,-1,0.0,0.0
2026-03-12T18:00,0.0,0.0,0.0,0.0,11.1,0.97,1.3,235,0,16780.0,0,0.461,0.0,70.0,0,0.0,0,0,0.0,-1,-1,-1,-1,0.0,0.0
2026-03-12T19:00,0.0,0.0,0.0,0.0,10.6,0.57,1.6,218,0,16780.0,0,0.461,0.0,35.0,0,0.0,0,0,0.0,-1,-1,-1,-1,0.0,0.0
2026-03-12T20:00,0.0,0.0,0.0,0.0,9.9,0.51,1.0,241,0,16800.0,0,0.461,0.0,35.0,0,0.0,0,0,0.0,-1,-1,-1,-1,0.0,0.0
2026-03-12T21:00,0.0,0.0,0.0,0.0,9.5,0.18,0.9,146,0,16800.0,0,0.461,0.0,15.0,0,0.0,0,0,0.0,-1,-1,-1,-1,0.0,0.0
2026-03-12T22:00,0.0,0.0,0.0,0.0,8.9,0.11,0.4,153,0,16800.0,0,0.461,0.0,10.0,0,0.0,0,0,0.0,-1,-1,-1,-1,0.0,0.0
2026-03-12T23:00,0.0,0.0,0.0,0.0,8.6,0.4,0.8,187,0,16800.0,1,0.462,0.0,25.0,0,0.0,0,0,0.0,-1,-1,-1,-1,0.0,0.0
2026-03-13T00:00,0.0,0.0,0.0,0.0,10.5,1.14,2.2,241,0,15580.0,1,0.462,0.0,85.0,0,0.0,0,0,0.0,-1,-1,-1,-1,0.0,0.0
2026-03-13T01:00,0.0,0.0,0.0,0.0,13.5,0.85,3.6,320,0,17900.0,1,0.461,0.0,245.0,0,0.0,0,0,0.0,-1,-1,-1,-1,0.0,0.0
2026-03-13T02:00,0.0,0.0,0.0,0.0,16.3,1.46,5.2,322,0,17920.0,1,0.461,0.0,380.0,0,0.0,0,0,0.0,-1,-1,-1,-1,0.0,0.0
2026-03-13T03:00,0.0,0.0,0.0,0.0,18.8,1.91,6.3,319,0,18840.0,1,0.459,0.0,550.0,0,0.0,0,0,0.0,-1,-1,-1,-1,0.0,0.0
2026-03-13T04:00,0.0,0.0,0.0,0.0,21.1,2.04,6.6,329,0,20600.0,1,0.458,0.0,795.0,0,0.0,0,0,0.0,-1,-1,-1,-1,0.0,0.0
2026-03-13T05:00,0.0,0.0,0.0,0.0,22.7,2.24,7.0,331,0,20600.0,1,0.455,0.0,1095.0,0,0.0,0,0,0.0,-1,-1,-1,-1,0.0,0.0
2026-03-13T06:00,0.0,0.0,0.0,0.0,23.2,2.71,7.4,330,0,20620.0,1,0.453,0.0,1620.0,0,0.0,0,0,0.0,-1,-1,-1,-1,0.0,0.0
2026-03-13T07:00,0.0,0.0,0.0,0.0,24.0,3.09,8.1,337,0,20620.0,1,0.451,0.0,1740.0,0,0.0,0,0,0.0,-1,-1,-1,-1,0.0,0.0
2026-03-13T08:00,0.0,0.0,0.0,0.0,23.8,3.23,8.1,344,0,20620.0,1,0.45,0.0,950.0,0,0.0,0,0,0.0,-1,-1,-1,-1,0.0,0.0
2026-03-13T09:00,0.0,0.0,0.0,0.0,23.0,3.04,7.9,346,0,20640.0,1,0.449,0.0,575.0,0,0.0,0,0,0.0,-1,-1,-1,-1,0.0,0.0
2026-03-13T10:00,0.0,0.0,0.0,0.0,20.2,0.96,6.6,6,0,20640.0,1,0.448,0.0,135.0,0,0.0,0,0,0.0,-1,-1,-1,-1,0.0,0.0
2026-03-13T11:00,0.0,0.0,0.0,0.0,17.3,1.72,2.7,73,0,20640.0,0,0.449,0.0,145.0,0,0.0,0,0,0.0,-1,-1,-1,-1,0.0,0.0
2026-03-13T12:00,0.0,0.0,0.0,0.0,16.0,1.35,3.3,112,0,18900.0,0,0.445,0.0,25.0,0,0.0,0,0,0.0,-1,-1,-1,-1,0.0,0.0
2026-03-13T13:00,0.0,0.0,0.0,0.0,15.0,0.14,2.2,135,0,17980.0,0,0.445,0.0,10.0,1,0.0,0,0,0.0,-1,-1,-1,-1,0.0,0.0
2026-03-13T14:00,0.0,0.0,0.0,0.0,13.7,0.11,0.7,153,0,16880.0,0,0.445,0.0,10.0,1,0.0,0,0,0.0,-1,-1,-1,-1,0.0,0.0
2026-03-13T15:00,0.0,0.0,0.0,0.0,12.3,0.28,1.6,135,0,15660.0,0,0.446,0.0,10.0,1,0.0,0,0,0.0,-1,-1,-1,-1,0.0,0.0
2026-03-13T16:00,0.0,0.0,0.0,0.0,11.2,0.39,1.8,140,0,15680.0,0,0.446,0.0,10.0,1,0.0,0,0,0.0,-1,-1,-1,-1,0.0,0.0
2026-03-13T17:00,0.0,0.0,0.0,0.0,9.8,0.46,2.1,139,0,13680.0,0,0.446,0.0,10.0,1,0.0,0,0,0.0,-1,-1,-1,-1,0.0,0.0
2026-03-13T18:00,0.0,0.0,0.0,0.0,9.7,1.0,2.7,162,0,15680.0,0,0.447,0.0,15.0,0,0.0,0,0,0.0,-1,-1,-1,-1,0.0,0.0
2026-03-13T19:00,0.0,0.0,0.0,0.0,9.6,1.3,3.1,152,2,15680.0,0,0.447,0.0,20.0,0,0.0,0,0,0.0,-1,-1,-1,-1,0.0,0.0
2026-03-13T20:00,0.0,0.0,0.0,0.0,9.6,1.32,3.0,151,0,15700.0,0,0.447,0.0,20.0,0,0.0,0,0,0.0,-1,-1,-1,-1,0.0,0.0
2026-03-13T21:00,0.0,0.0,0.0,0.0,9.6,1.43,3.0,151,0,15700.0,0,0.448,0.0,20.0,0,0.0,0,0,0.0,-1,-1,-1,-1,0.0,0.0
2026-03-13T22:00,0.0,0.0,0.0,0.0,9.7,1.6,3.4,148,0,15700.0,0,0.448,0.0,20.0,0,0.0,0,0,0.0,-1,-1,-1,-1,0.0,0.0
2026-03-13T23:00,0.0,0.0,0.0,0.0,9.8,1.68,3.4,153,0,15700.0,1,0.448,0.0,20.0,0,0.0,0,0,0.0,-1,-1,-1,-1,0.0,0.0
2026-03-14T00:00,0.0,0.0,0.0,0.0,13.6,1.98,4.1,170,0,16940.0,1,0.442,0.0,45.0,0,0.0,0,0,0.0,-1,-1,-1,-1,0.0,0.0
2026-03-14T01:00,0.0,0.0,0.0,0.0,19.4,1.27,4.1,206,0,18980.0,1,0.442,0.0,410.0,0,0.0,0,0,0.0,-1,-1,-1,-1,0.0,0.0
2026-03-14T02:00,0.0,0.0,0.0,0.0,22.3,2.07,5.7,195,0,20740.0,1,0.441,0.0,835.0,0,0.0,0,0,0.0,-1,-1,-1,-1,0.0,0.0
2026-03-14T03:00,0.0,0.0,0.0,0.0,23.9,2.7,7.3,199,0,20740.0,1,0.439,0.0,1685.0,0,0.0,0,0,0.0,-1,-1,-1,-1,0.0,0.0
2026-03-14T04:00,0.0,0.0,0.0,0.0,24.9,3.37,8.7,201,0,21280.0,1,0.438,0.0,1870.0,0,0.0,0,0,0.0,-1,-1,-1,-1,0.0,0.0
2026-03-14T05:00,0.0,0.0,0.0,0.0,25.6,3.58,9.1,203,0,21280.0,1,0.435,0.0,1885.0,0,0.0,0,0,0.0,-1,-1,-1,-1,0.0,0.0
2026-03-14T06:00,0.0,0.0,0.0,0.0,25.8,2.77,9.1,214,0,21280.0,1,0.433,0.0,1895.0,0,0.0,0,0,0.0,-1,-1,-1,-1,0.0,0.0
2026-03-14T07:00,0.0,0.0,0.0,0.0,26.3,2.87,7.6,209,0,21300.0,1,0.431,0.0,1850.0,0,0.0,0,0,0.0,-1,-1,-1,-1,0.0,0.0
2026-03-14T08:00,0.0,0.0,0.0,0.0,25.9,3.16,7.5,203,0,21300.0,1,0.429,0.0,1805.0,0,0.0,0,0,0.0,-1,-1,-1,-1,0.0,0.0
2026-03-14T09:00,0.0,0.0,0.0,0.0,24.9,3.46,7.7,198,0,21300.0,1,0.428,0.0,1245.0,0,0.0,0,0,0.0,-1,-1,-1,-1,0.0,0.0
2026-03-14T10:00,0.0,0.0,0.0,0.0,22.4,2.65,7.3,183,0,19040.0,1,0.428,0.0,275.0,0,0.0,0,0,0.0,-1,-1,-1,-1,0.0,0.0
2026-03-14T11:00,0.0,0.0,0.0,0.0,20.1,3.3,5.8,170,0,19040.0,0,0.428,0.0,150.0,0,0.0,0,0,0.0,-1,-1,-1,-1,0.0,0.0
2026-03-14T12:00,0.0,0.0,0.0,0.0,18.7,3.21,6.1,169,0,18100.0,0,0.429,0.0,105.0,0,0.0,0,0,0.0,-1,-1,-1,-1,0.0,0.0
2026-03-14T13:00,0.0,0.0,0.0,0.0,18.9,3.68,6.6,168,0,19040.0,0,0.429,0.0,185.0,0,0.0,0,0,0.0,-1,-1,-1,-1,0.0,0.0
2026-03-14T14:00,0.0,0.0,0.0,0.0,18.7,3.43,6.9,161,0,19060.0,0,0.429,0.0,215.0,0,0.0,0,0,0.0,-1,-1,-1,-1,0.0,0.0
2026-03-14T15:00,0.0,0.0,0.0,0.0,17.5,2.25,6.2,163,0,19060.0,0,0.429,0.0,85.0,0,0.0,0,0,0.0,-1,-1,-1,-1,0.0,0.0
2026-03-14T16:00,0.0,0.0,0.0,0.0,15.2,0.62,4.0,194,2,18120.0,0,0.429,0.0,20.0,0,0.0,0,0,0.0,-1,-1,-1,-1,0.0,0.0
2026-03-14T17:00,0.0,0.0,0.0,0.0,13.8,0.38,1.3,157,0,18140.0,0,0.43,0.0,10.0,0,0.0,0,0,0.0,-1,-1,-1,-1,0.0,0.0
2026-03-14T18:00,0.0,0.0,0.0,0.0,13.3,0.6,1.7,156,0,17040.0,0,0.43,0.0,15.0,0,0.0,0,0,0.0,-1,-1,-1,-1,0.0,0.0
2026-03-14T19:00,0.0,0.0,0.0,0.0,12.7,0.89,2.2,164,42,17040.0,0,0.431,0.0,20.0,0,0.0,1,0,0.0,-1,-1,-1,-1,0.0,0.0
2026-03-14T20:00,0.0,0.0,0.0,0.0,12.3,0.92,2.0,167,34,17060.0,0,0.431,0.0,20.0,0,0.0,1,0,0.0,-1,-1,-1,-1,0.0,0.0
2026-03-14T21:00,0.0,0.0,0.0,0.0,11.7,0.76,2.0,157,0,15820.0,0,0.431,0.0,15.0,0,0.0,0,0,0.0,-1,-1,-1,-1,0.0,0.0
2026-03-14T22:00,0.0,0.0,0.0,0.0,12.0,0.07,2.0,135,5,15820.0,0,0.432,0.0,10.0,0,0.0,0,0,0.0,-1,-1,-1,-1,0.0,0.0
2026-03-14T23:00,0.0,0.0,0.0,0.0,12.0,1.45,2.3,27,10,15840.0,1,0.432,0.0,75.0,0,0.0,0,0,0.0,-1,-1,-1,-1,0.0,0.0
2026-03-15T00:00,0.0,0.0,0.0,0.0,14.9,1.87,4.1,20,5,15840.0,1,0.433,0.0,255.0,0,0.0,0,0,0.0,-1,-1,-1,-1,0.0,0.0
2026-03-15T01:00,0.0,0.0,0.0,0.0,16.6,1.91,5.4,6,1,15840.0,1,0.432,0.0,425.0,0,0.0,0,0,0.0,-1,-1,-1,-1,0.0,0.0
2026-03-15T02:00,0.0,0.0,0.0,0.0,18.0,2.26,6.7,355,10,17080.0,1,0.432,0.0,565.0,0,0.0,0,0,0.0,-1,-1,-1,-1,0.0,0.0
2026-03-15T03:00,0.0,0.0,0.0,0.0,19.5,2.3,7.1,356,52,18200.0,1,0.431,0.0,650.0,0,0.0,2,0,0.0,-1,-1,-1,-1,0.0,0.0
2026-03-15T04:00,0.0,0.0,0.0,0.0,21.1,2.1,7.0,3,93,18200.0,1,0.429,0.0,775.0,0,0.0,3,0,0.0,-1,-1,-1,-1,0.0,0.0
2026-03-15T05:00,0.0,0.0,0.0,0.0,22.3,2.12,6.9,15,95,19140.0,1,0.428,0.0,905.0,0,0.0,3,0,0.0,-1,-1,-1,-1,0.0,0.0
2026-03-15T06:00,0.0,0.0,0.0,0.0,22.1,2.25,6.9,12,46,19160.0,1,0.427,0.0,1125.0,0,0.0,1,0,0.0,-1,-1,-1,-1,0.0,0.0
2026-03-15T07:00,0.0,0.0,0.0,0.0,22.4,2.55,7.2,2,100,19160.0,1,0.425,0.0,1030.0,1,0.0,3,0,0.0,-1,-1,-1,-1,0.0,0.0
2026-03-15T08:00,0.0,0.0,0.0,0.0,21.9,2.91,7.2,356,100,18220.0,1,0.425,0.0,1010.0,1,0.0,3,0,0.0,-1,-1,-1,-1,0.0,0.0
2026-03-15T09:00,0.1,1.0,0.0,0.0,19.0,3.63,8.0,8,85,10920.0,1,0.425,0.0,570.0,1,0.0,51,0,0.0,-1,-1,-1,-1,0.0,0.0
2026-03-15T10:00,0.0,0.0,0.0,0.0,17.9,2.18,7.8,37,25,15880.0,1,0.425,0.0,450.0,1,0.0,1,0,0.0,-1,-1,-1,-1,0.0,0.0
2026-03-15T11:00,0.0,0.0,0.0,0.0,16.5,2.11,4.4,76,30,15900.0,0,0.425,0.0,135.0,1,0.0,1,0,0.0,-1,-1,-1,-1,0.0,0.0
2026-03-15T12:00,0.0,0.0,0.0,0.0,15.4,2.72,4.1,20,24,15900.0,0,0.429,0.0,360.0,0,0.0,1,0,0.0,-1,-1,-1,-1,0.0,0.0
2026-03-15T13:00,0.0,0.0,0.0,0.0,14.3,1.97,5.2,27,36,15800.0,0,0.43,0.0,335.0,1,0.0,1,0,0.0,-1,-1,-1,-1,0.0,0.0
2026-03-15T14:00,0.0,0.0,0.0,0.0,13.7,1.77,3.7,8,44,13900.0,0,0.43,0.0,365.0,1,0.0,1,0,0.0,-1,-1,-1,-1,0.0,0.0
2026-03-15T15:00,0.0,0.0,0.0,0.0,13.2,1.8,3.6,358,62,13900.0,0,0.43,0.0,365.0,1,0.0,2,0,0.0,-1,-1,-1,-1,0.0,0.0
2026-03-15T16:00,0.0,0.0,0.0,0.0,12.7,1.61,3.6,7,49,13900.0,0,0.43,0.0,360.0,1,0.0,1,0,0.0,-1,-1,-1,-1,0.0,0.0
2026-03-15T17:00,0.0,0.0,0.0,0.0,12.4,1.75,3.6,3,46,12460.0,0,0.431,0.0,355.0,1,0.0,1,0,0.0,-1,-1,-1,-1,0.0,0.0
2026-03-15T18:00,0.0,0.0,0.0,0.0,12.1,1.9,3.8,14,45,12460.0,0,0.418,0.0,310.0,1,0.0,1,0,0.0,-1,-1,-1,-1,0.0,0.0
2026-03-15T19:00,0.0,0.0,0.0,0.0,11.8,2.01,4.2,4,71,12480.0,0,0.419,0.0,320.0,1,0.0,2,0,0.0,-1,-1,-1,-1,0.0,0.0
2026-03-15T20:00,0.0,0.0,0.0,0.0,11.3,2.1,4.7,360,100,12480.0,0,0.419,0.0,355.0,1,0.0,3,0,0.0,-1,-1,-1,-1,0.0,0.0
2026-03-15T21:00,0.0,0.0,0.0,0.0,11.1,1.94,4.5,18,100,12480.0,0,0.419,0.0,330.0,1,0.0,3,0,0.0,-1,-1,-1,-1,0.0,0.0
2026-03-15T22:00,0.0,0.0,0.0,0.0,11.0,2.02,4.4,20,100,12480.0,0,0.42,0.0,320.0,1,0.0,3,0,0.0,-1,-1,-1,-1,0.0,0.0
2026-03-15T23:00,0.0,0.0,0.0,0.0,10.9,1.72,4.5,36,100,12480.0,1,0.42,0.0,280.0,1,0.0,3,0,0.0,-1,-1,-1,-1,0.0,0.0
2026-03-16T00:00,0.0,0.0,0.0,0.0,10.9,1.47,4.3,35,100,12020.0,1,0.429,0.0,270.0,1,0.0,3,0,0.0,-1,-1,-1,-1,0.0,0.0
2026-03-16T01:00,0.0,0.0,0.0,0.0,12.0,1.81,4.9,6,100,13940.0,1,0.429,0.0,290.0,1,0.0,3,0,0.0,-1,-1,-1,-1,0.0,0.0
2026-03-16T02:00,0.0,0.0,0.0,0.0,14.1,2.22,6.2,346,95,15860.0,1,0.429,0.0,400.0,1,0.0,3,0,0.0,-1,-1,-1,-1,0.0,0.0
2026-03-16T03:00,0.0,0.0,0.0,0.0,16.0,2.52,6.9,352,100,17220.0,1,0.428,0.0,430.0,1,0.0,3,0,0.0,-1,-1,-1,-1,0.0,0.0
2026-03-16T04:00,0.0,0.0,0.0,0.0,18.1,2.67,7.4,6,74,17240.0,1,0.427,0.0,490.0,1,0.0,2,0,0.0,-1,-1,-1,-1,0.0,0.0
2026-03-16T05:00,0.0,0.0,0.0,0.0,19.5,2.9,7.8,11,31,18340.0,1,0.427,0.0,620.0,1,0.0,1,0,0.0,-1,-1,-1,-1,0.0,0.0
2026-03-16T06:00,0.0,0.0,0.0,0.0,20.3,2.42,7.9,18,42,15580.0,1,0.426,0.0,800.0,0,0.0,1,0,0.0,-1,-1,-1,-1,0.0,0.0
2026-03-16T07:00,0.0,0.0,0.0,0.0,21.6,2.78,7.6,8,52,18360.0,1,0.425,0.0,935.0,1,0.0,2,0,0.0,-1,-1,-1,-1,0.0,0.0
2026-03-16T08:00,0.0,0.0,0.0,0.0,21.2,3.8,9.1,358,60,18360.0,1,0.424,0.0,795.0,1,0.0,2,0,0.0,-1,-1,-1,-1,0.0,0.0
2026-03-16T09:00,0.0,0.0,0.0,0.0,18.3,4.17,9.4,6,36,17260.0,1,0.424,0.0,595.0,1,0.0,1,0,0.0,-1,-1,-1,-1,0.0,0.0
2026-03-16T10:00,0.0,0.0,0.0,0.0,16.8,3.48,9.2,21,96,17260.0,1,0.424,0.0,510.0,1,0.0,3,0,0.0,-1,-1,-1,-1,0.0,0.0
2026-03-16T11:00,0.0,0.0,0.0,0.0,15.5,2.93,7.4,33,100,16020.0,0,0.424,0.0,460.0,1,0.0,3,0,0.0,-1,-1,-1,-1,0.0,0.0
2026-03-16T12:00,0.0,0.0,0.0,0.0,14.4,2.62,6.1,24,100,13140.0,0,0.42,0.0,340.0,0,0.0,3,0,0.0,-1,-1,-1,-1,0.0,0.0
2026-03-16T13:00,0.0,0.0,0.0,0.0,13.6,2.17,5.5,15,77,12540.0,0,0.421,0.0,350.0,1,0.0,2,0,0.0,-1,-1,-1,-1,0.0,0.0
2026-03-16T14:00,0.0,0.0,0.0,0.0,12.9,2.05,4.5,13,48,12240.0,0,0.421,0.0,330.0,1,0.0,1,0,0.0,-1,-1,-1,-1,0.0,0.0
2026-03-16T15:00,0.0,0.0,0.0,0.0,11.7,1.7,4.2,28,63,3680.0,0,0.421,0.0,250.0,1,0.0,2,0,0.0,-1,-1,-1,-1,0.0,0.0
2026-03-16T16:00,0.0,0.0,0.0,0.0,11.2,2.37,4.7,18,100,3740.0,0,0.422,0.0,245.0,1,0.0,3,0,0.0,-1,-1,-1,-1,0.0,0.0
2026-03-16T17:00,0.0,0.0,0.0,0.0,10.6,2.42,5.1,18,100,1040.0,0,0.422,0.0,200.0,1,0.0,3,0,0.0,-1,-1,-1,-1,0.0,0.0
2026-03-16T18:00,0.0,0.0,0.0,0.0,10.6,1.9,4.7,30,100,180.0,0,0.415,0.0,185.0,1,0.0,3,0,0.0,-1,-1,-1,-1,0.0,0.0
2026-03-16T19:00,0.0,0.0,0.0,0.0,10.6,1.41,4.0,23,100,160.0,0,0.416,0.0,130.0,1,0.0,3,0,0.0,-1,-1,-1,-1,0.0,0.0
2026-03-16T20:00,0.0,0.0,0.0,0.0,10.4,1.46,3.2,6,100,180.0,0,0.416,0.0,80.0,1,0.0,3,0,0.0,-1,-1,-1,-1,0.0,0.0
2026-03-16T21:00,0.0,0.0,0.0,0.0,10.2,1.65,3.3,3,100,180.0,0,0.417,0.0,70.0,1,0.0,3,0,0.0,-1,-1,-1,-1,0.0,0.0
2026-03-16T22:00,0.0,0.0,0.0,0.0,10.1,1.61,3.4,355,100,140.0,0,0.417,0.0,55.0,1,0.0,3,0,0.0,-1,-1,-1,-1,0.0,0.0
2026-03-16T23:00,0.0,0.0,0.0,0.0,10.2,1.25,3.2,355,100,160.0,1,0.417,0.0,35.0,1,0.0,3,0,0.0,-1,-1,-1,-1,0.0,0.0
2026-03-17T00:00,0.0,0.0,0.0,0.0,11.1,1.75,3.7,336,98,1360.0,1,0.424,0.0,85.0,1,0.0,3,0,0.0,-1,-1,-1,-1,0.0,0.0
2026-03-17T01:00,0.0,0.0,0.0,0.0,14.1,1.78,4.8,328,55,1380.0,1,0.424,0.0,135.0,1,0.0,2,0,0.0,-1,-1,-1,-1,0.0,0.0
2026-03-17T02:00,0.0,0.0,0.0,0.0,18.0,1.33,5.1,304,31,1920.0,1,0.423,0.0,235.0,1,0.0,1,0,0.0,-1,-1,-1,-1,0.0,0.0
2026-03-17T03:00,0.0,0.0,0.0,0.0,22.9,1.32,4.9,217,5,18440.0,1,0.422,0.0,1040.0,1,0.0,0,0,0.0,-1,-1,-1,-1,0.0,0.0
2026-03-17T04:00,0.0,0.0,0.0,0.0,26.1,5.48,12.0,193,48,9780.0,1,0.42,0.0,1725.0,1,0.0,1,0,0.0,-1,-1,-1,-1,0.0,0.0
2026-03-17T05:00,0.0,0.0,0.0,0.0,26.1,6.02,14.4,195,68,19380.0,1,0.419,0.0,1770.0,1,0.0,2,0,0.0,-1,-1,-1,-1,0.0,0.0
2026-03-17T06:00,0.0,0.0,0.0,0.0,25.5,5.5,13.5,199,89,19380.0,1,0.423,0.0,1815.0,1,0.0,3,0,0.0,-1,-1,-1,-1,0.0,0.0
2026-03-17T07:00,0.0,0.0,0.0,0.0,25.7,5.24,11.8,201,65,19400.0,1,0.422,10.0,1790.0,1,0.0,2,0,0.0,-1,-1,-1,-1,0.0,0.0
2026-03-17T08:00,0.0,0.0,0.0,0.0,25.6,4.62,11.4,200,76,19400.0,1,0.421,20.0,1765.0,1,0.0,2,0,0.0,-1,-1,-1,-1,0.0,0.0
2026-03-17T09:00,0.0,0.0,0.0,0.0,25.0,4.04,9.9,202,31,19400.0,1,0.42,20.0,1375.0,1,0.0,1,0,0.0,-1,-1,-1,-1,0.0,0.0
2026-03-17T10:00,0.0,0.0,0.0,0.0,23.6,2.85,8.4,195,23,18460.0,1,0.419,0.0,920.0,1,0.0,1,0,0.0,-1,-1,-1,-1,0.0,0.0
2026-03-17T11:00,0.0,0.0,0.0,0.0,20.3,1.46,5.7,188,49,18460.0,0,0.419,0.0,125.0,1,0.0,1,0,0.0,-1,-1,-1,-1,0.0,0.0
2026-03-17T12:00,0.0,0.0,0.0,0.0,19.4,1.41,2.6,174,38,17340.0,0,0.423,30.0,40.0,0,0.0,1,0,0.0,-1,-1,-1,-1,0.0,0.0
2026-03-17T13:00,0.0,0.0,0.0,0.0,18.4,1.19,2.6,152,31,16100.0,0,0.424,20.0,25.0,1,0.0,1,0,0.0,-1,-1,-1,-1,0.0,0.0
2026-03-17T14:00,0.0,0.0,0.0,0.0,17.3,0.25,2.5,90,42,14060.0,0,0.424,20.0,10.0,1,0.0,1,0,0.0,-1,-1,-1,-1,0.0,0.0
2026-03-17T15:00,0.0,0.0,0.0,0.0,17.4,1.59,2.8,41,44,11900.0,0,0.424,0.0,50.0,1,0.0,1,0,0.0,-1,-1,-1,-1,0.0,0.0
2026-03-17T16:00,0.0,0.0,0.0,0.0,16.8,1.81,2.9,39,39,9580.0,0,0.424,0.0,70.0,1,0.0,1,0,0.0,-1,-1,-1,-1,0.0,0.0
2026-03-17T17:00,0.0,0.0,0.0,0.0,15.0,3.85,7.2,9,100,400.0,0,0.425,0.0,215.0,0,0.0,3,0,0.0,-1,-1,-1,-1,0.0,0.0
2026-03-17T18:00,0.0,0.0,0.0,0.0,13.8,2.81,7.4,12,77,860.0,0,0.422,10.0,250.0,0,0.0,2,0,0.0,-1,-1,-1,-1,0.0,0.0
2026-03-17T19:00,0.1,0.0,0.0,0.0,13.0,2.7,5.7,2,95,5660.0,0,0.423,0.0,265.0,1,0.0,51,0,0.1,-1,-1,-1,-1,0.0,0.0
2026-03-17T20:00,0.0,0.0,0.0,0.0,12.6,2.41,5.5,5,98,6460.0,0,0.423,0.0,230.0,1,0.0,3,0,0.0,-1,-1,-1,-1,0.0,0.0
2026-03-17T21:00,0.0,0.0,0.0,0.0,12.5,1.76,5.0,15,95,3740.0,0,0.424,0.0,170.0,1,0.0,3,0,0.0,-1,-1,-1,-1,0.0,0.0
2026-03-17T22:00,0.0,0.0,0.0,0.0,12.6,1.81,3.9,6,81,9780.0,0,0.424,0.0,195.0,1,0.0,3,0,0.0,-1,-1,-1,-1,0.0,0.0
2026-03-17T23:00,0.0,0.0,0.0,0.0,12.3,2.17,4.7,8,100,9540.0,1,0.424,0.0,205.0,1,0.0,3,0,0.0,-1,-1,-1,-1,0.0,0.0
2026-03-18T00:00,0.0,0.0,0.0,0.0,12.0,2.7,5.6,1,100,8740.0,1,0.424,0.0,245.0,1,0.0,3,0,0.0,-1,-1,-1,-1,0.0,0.0
2026-03-18T01:00,0.3,0.0,0.0,0.0,12.1,2.91,6.6,24,100,4640.0,1,0.426,20.0,265.0,0,0.0,51,1,0.3,38,0,1,39,0.0,0
2026-03-18T02:00,0.1,0.0,0.0,0.0,13.1,3.52,8.0,6,100,10100.0,1,0.427,0.0,380.0,1,0.0,51,0,0.1,-1,-1,-1,-1,0.0,0.0
2026-03-18T03:00,0.0,0.0,0.0,0.0,13.6,3.99,9.2,8,100,7580.0,1,0.427,0.0,530.0,1,0.0,3,0,0.0,-1,-1,-1,-1,0.0,0.0
2026-03-18T04:00,0.2,0.0,0.0,0.0,12.4,3.94,9.3,8,100,6460.0,1,0.428,0.0,550.0,1,0.0,51,0,0.2,-1,-1,-1,-1,0.0,0.0
2026-03-18T05:00,0.1,0.0,0.0,0.0,13.1,3.91,8.6,13,100,7880.0,1,0.429,0.0,585.0,1,0.0,51,0,0.1,-1,-1,-1,-1,0.0,0.0
2026-03-18T06:00,0.1,0.0,0.0,0.0,12.7,3.92,9.1,17,100,11620.0,1,0.433,0.0,715.0,0,0.0,51,0,0.1,-1,-1,-1,-1,0.0,0.0
2026-03-18T07:00,0.0,0.0,0.0,0.0,12.8,3.73,8.9,18,100,16140.0,1,0.433,0.0,705.0,1,0.0,3,0,0.0,-1,-1,-1,-1,0.0,0.0
2026-03-18T08:00,0.0,0.0,0.0,0.0,13.3,3.64,8.4,18,100,16140.0,1,0.433,0.0,760.0,1,0.0,3,0,0.0,-1,-1,-1,-1,0.0,0.0
2026-03-18T09:00,0.0,0.0,0.0,0.0,12.5,2.9,8.2,21,100,8100.0,1,0.433,0.0,620.0,0,0.0,3,0,0.0,-1,-1,-1,-1,0.0,0.0
2026-03-18T10:00,0.1,0.0,0.0,0.0,11.9,2.89,6.5,14,100,10280.0,1,0.433,0.0,530.0,0,0.0,51,0,0.1,-1,-1,-1,-1,0.0,0.0
2026-03-18T11:00,0.0,0.0,0.0,0.0,11.7,2.58,6.3,18,100,14120.0,0,0.433,0.0,500.0,0,0.0,3,0,0.0,-1,-1,-1,-1,0.0,0.0
2026-03-18T12:00,0.0,0.0,0.0,0.0,11.6,2.36,5.5,13,99,10540.0,0,0.429,0.0,445.0,0,0.0,3,0,0.0,-1,-1,-1,-1,0.0,0.0
2026-03-18T13:00,0.0,0.0,0.0,0.0,11.6,2.72,5.6,17,100,9900.0,0,0.429,0.0,485.0,0,0.0,3,0,0.0,-1,-1,-1,-1,0.0,0.0
2026-03-18T14:00,0.1,0.0,0.0,0.0,11.3,2.55,5.8,26,100,9240.0,0,0.43,10.0,515.0,0,0.0,51,0,0.1,-1,-1,-1,-1,0.0,0.0
2026-03-18T15:00,0.0,0.0,0.0,0.0,11.1,2.57,5.6,53,49,10020.0,0,0.43,0.0,400.0,0,0.0,1,0,0.0,-1,-1,-1,-1,0.0,0.0
2026-03-18T16:00,0.0,0.0,0.0,0.0,10.8,1.43,5.4,25,51,10720.0,0,0.43,0.0,310.0,0,0.0,2,0,0.0,-1,-1,-1,-1,0.0,0.0
2026-03-18T17:00,0.0,0.0,0.0,0.0,10.5,1.2,2.9,360,49,10320.0,0,0.43,0.0,185.0,0,0.0,1,0,0.0,-1,-1,-1,-1,0.0,0.0
2026-03-18T18:00,0.0,0.0,0.0,0.0,11.2,1.43,2.3,29,64,7620.0,0,0.43,10.0,145.0,0,0.0,2,0,0.0,-1,-1,-1,-1,0.0,0.0
2026-03-18T19:00,0.0,0.0,0.0,0.0,10.7,0.72,2.6,25,82,7260.0,0,0.431,10.0,125.0,0,0.0,3,0,0.0,-1,-1,-1,-1,0.0,0.0
2026-03-18T20:00,0.0,0.0,0.0,0.0,10.7,0.78,1.6,63,57,7480.0,0,0.431,10.0,120.0,0,0.0,2,0,0.0,-1,-1,-1,-1,0.0,0.0
2026-03-18T21:00,0.0,0.0,0.0,0.0,10.6,0.65,1.6,90,38,7680.0,0,0.431,10.0,115.0,0,0.0,1,0,0.0,-1,-1,-1,-1,0.0,0.0
2026-03-18T22:00,0.0,0.0,0.0,0.0,10.5,0.15,1.1,90,54,11000.0,0,0.431,0.0,55.0,0,0.0,2,0,0.0,-1,-1,-1,-1,0.0,0.0
2026-03-18T23:00,0.0,0.0,0.0,0.0,10.3,0.71,1.5,309,45,7720.0,1,0.431,0.0,40.0,0,0.0,1,0,0.0,-1,-1,-1,-1,0.0,0.0
2026-03-19T00:00,0.0,0.0,0.0,0.0,10.9,2.14,3.1,37,100,11440.0,1,0.432,0.0,380.0,0,0.0,3,0,0.0,-1,-1,-1,-1,0.0,0.0
2026-03-19T01:00,0.0,0.0,0.0,0.0,12.3,2.15,6.0,18,100,14160.0,1,0.432,0.0,495.0,0,0.0,3,0,0.0,-1,-1,-1,-1,0.0,0.0
2026-03-19T02:00,0.0,0.0,0.0,0.0,12.9,1.92,5.8,15,95,16200.0,1,0.431,0.0,505.0,0,0.0,3,0,0.0,-1,-1,-1,-1,0.0,0.0
2026-03-19T03:00,0.0,0.0,0.0,0.0,14.7,1.25,5.8,16,97,17460.0,1,0.431,0.0,660.0,0,0.0,3,0,0.0,-1,-1,-1,-1,0.0,0.0
2026-03-19T04:00,0.0,0.0,0.0,0.0,16.7,1.54,5.4,306,99,17460.0,1,0.43,0.0,855.0,0,0.0,3,0,0.0,-1,-1,-1,-1,0.0,0.0
2026-03-19T05:00,0.0,0.0,0.0,0.0,17.5,1.74,6.4,319,51,17460.0,1,0.429,0.0,710.0,0,0.0,2,0,0.0,-1,-1,-1,-1,0.0,0.0
2026-03-19T06:00,0.0,0.0,0.0,0.0,17.5,2.08,6.4,10,85,17460.0,1,0.47,0.0,730.0,0,0.0,3,0,0.0,-1,-1,-1,-1,0.0,0.0
2026-03-19T07:00,0.0,0.0,0.0,0.0,18.6,2.5,6.7,33,79,18580.0,1,0.468,0.0,640.0,0,0.0,2,0,0.0,-1,-1,-1,-1,0.0,0.0
2026-03-19T08:00,0.0,0.0,0.0,0.0,19.3,2.33,6.8,35,71,18580.0,1,0.466,0.0,595.0,0,0.0,2,0,0.0,-1,-1,-1,-1,0.0,0.0
2026-03-19T09:00,0.0,0.0,0.0,0.0,18.5,3.15,7.3,25,100,17480.0,1,0.465,0.0,575.0,0,0.0,3,0,0.0,-1,-1,-1,-1,0.0,0.0
2026-03-19T10:00,0.0,0.0,0.0,0.0,17.4,2.91,7.3,24,92,17480.0,1,0.464,0.0,495.0,0,0.0,3,0,0.0,-1,-1,-1,-1,0.0,0.0
2026-03-19T11:00,0.0,0.0,0.0,0.0,16.4,2.99,5.9,18,100,17480.0,0,0.463,0.0,580.0,0,0.0,3,0,0.0,-1,-1,-1,-1,0.0,0.0
2026-03-19T12:00,0.0,0.0,0.0,0.0,13.4,2.68,6.6,14,41,12020.0,0,0.425,0.0,340.0,0,0.0,1,0,0.0,-1,-1,-1,-1,0.0,0.0
2026-03-19T13:00,0.0,0.0,0.0,0.0,12.7,1.77,5.3,22,100,12220.0,0,0.425,30.0,275.0,0,0.0,3,0,0.0,-1,-1,-1,-1,0.0,0.0
2026-03-19T14:00,0.0,0.0,0.0,0.0,12.8,1.45,3.9,27,100,10660.0,0,0.425,50.0,260.0,0,0.0,3,0,0.0,-1,-1,-1,-1,0.0,0.0
2026-03-19T15:00,0.0,0.0,0.0,0.0,12.8,1.15,3.0,34,98,10220.0,0,0.425,80.0,190.0,0,0.0,3,0,0.0,-1,-1,-1,-1,0.0,0.0
2026-03-19T16:00,0.0,0.0,0.0,0.0,12.9,1.28,2.4,21,91,8380.0,0,0.425,110.0,170.0,0,0.0,3,0,0.0,-1,-1,-1,-1,0.0,0.0
2026-03-19T17:00,0.7,1.0,0.0,0.0,12.6,2.2,4.8,3,100,7880.0,0,0.434,0.0,260.0,0,0.0,53,1,0.0,39,0,1,2,0.0,0.6
2026-03-19T18:00,0.1,0.0,0.0,0.0,12.0,2.41,4.5,21,100,800.0,0,0.427,0.0,265.0,0,0.0,51,0,0.1,-1,-1,-1,-1,0.0,0.0
2026-03-19T19:00,0.2,0.0,0.0,0.0,11.5,2.77,5.5,17,100,620.0,0,0.428,0.0,290.0,0,0.0,51,0,0.2,-1,-1,-1,-1,0.0,0.0
2026-03-19T20:00,0.3,0.0,0.0,0.0,11.2,2.27,6.0,14,100,940.0,0,0.431,0.0,250.0,0,0.0,51,1,0.3,40,0,1,9,0.0,0
2026-03-19T21:00,0.1,0.0,0.0,0.0,11.1,1.57,4.8,37,100,820.0,0,0.432,0.0,165.0,0,0.0,51,0,0.1,-1,-1,-1,-1,0.0,0.0
2026-03-19T22:00,0.0,0.0,0.0,0.0,11.4,1.11,3.2,54,100,700.0,0,0.432,0.0,70.0,0,0.0,3,0,0.0,-1,-1,-1,-1,0.0,0.0
2026-03-19T23:00,0.0,0.0,0.0,0.0,11.7,1.08,2.3,13,100,900.0,1,0.432,50.0,70.0,0,0.0,3,0,0.0,-1,-1,-1,-1,0.0,0.0
2026-03-20T00:00,0.0,0.0,0.0,0.0,11.2,1.15,3.5,342,100,1560.0,1,0.426,0.0,125.0,0,0.0,3,0,0.0,-1,-1,-1,-1,0.0,0.0
2026-03-20T01:00,0.0,0.0,0.0,0.0,12.4,1.22,3.8,341,100,8120.0,1,0.426,0.0,175.0,0,0.0,3,0,0.0,-1,-1,-1,-1,0.0,0.0
2026-03-20T02:00,0.0,0.0,0.0,0.0,13.4,1.92,5.3,335,100,9860.0,1,0.426,0.0,260.0,0,0.0,3,0,0.0,-1,-1,-1,-1,0.0,0.0
2026-03-20T03:00,0.0,0.0,0.0,0.0,14.5,2.4,5.9,360,100,11080.0,1,0.426,0.0,375.0,0,0.0,3,0,0.0,-1,-1,-1,-1,0.0,0.0
2026-03-20T04:00,0.0,0.0,0.0,0.0,15.4,3.2,7.6,10,100,11080.0,1,0.426,0.0,570.0,0,0.0,3,0,0.0,-1,-1,-1,-1,0.0,0.0
2026-03-20T05:00,0.2,0.0,0.0,0.0,14.4,3.74,8.7,8,100,4560.0,1,0.427,0.0,580.0,0,0.0,51,0,0.2,-1,-1,-1,-1,0.0,0.0
2026-03-20T06:00,0.4,0.0,0.0,0.0,11.9,2.94,8.4,21,100,5340.0,1,0.454,10.0,495.0,0,0.0,51,1,0.4,41,0,2,39,0.0,0
2026-03-20T07:00,0.4,0.5,0.0,0.0,13.0,3.81,8.6,17,100,7140.0,1,0.457,10.0,585.0,0,0.0,51,1,0.2,41,1,1,39,0.0,0.3
2026-03-20T08:00,0.1,1.0,0.0,0.0,12.9,3.6,8.7,25,100,8580.0,1,0.457,0.0,515.0,0,0.0,51,0,0.0,-1,-1,-1,-1,0.0,0.0
2026-03-20T09:00,0.0,0.0,0.0,0.0,12.6,2.91,7.8,35,100,7260.0,1,0.457,0.0,425.0,0,0.0,3,0,0.0,-1,-1,-1,-1,0.0,0.0
2026-03-20T10:00,0.1,0.0,0.0,0.0,12.2,2.35,6.2,29,100,7380.0,1,0.458,0.0,355.0,0,0.0,51,0,0.1,-1,-1,-1,-1,0.0,0.0
2026-03-20T11:00,0.1,1.0,0.0,0.0,11.9,2.38,4.8,15,100,5260.0,0,0.459,10.0,360.0,0,0.0,51,0,0.0,-1,-1,-1,-1,0.0,0.0
2026-03-20T12:00,0.1,0.0,0.0,0.0,11.7,1.77,4.8,8,100,4560.0,0,0.447,10.0,360.0,0,0.0,51,0,0.1,-1,-1,-1,-1,0.0,0.0
2026-03-20T13:00,0.1,0.0,0.0,0.0,11.7,1.49,4.0,20,100,6160.0,0,0.448,10.0,230.0,0,0.0,51,0,0.1,-1,-1,-1,-1,0.0,0.0
2026-03-20T14:00,0.1,0.0,0.0,0.0,11.7,1.5,3.1,26,100,3240.0,0,0.448,10.0,205.0,0,0.0,51,0,0.1,-1,-1,-1,-1,0.0,0.0
2026-03-20T15:00,0.1,0.0,0.0,0.0,11.6,1.13,2.9,45,100,1640.0,0,0.448,10.0,115.0,0,0.0,51,0,0.1,-1,-1,-1,-1,0.0,0.0
2026-03-20T16:00,0.0,0.0,0.0,0.0,11.6,0.85,2.3,357,100,7040.0,0,0.448,10.0,75.0,0,0.0,3,0,0.0,-1,-1,-1,-1,0.0,0.0
2026-03-20T17:00,0.0,0.0,0.0,0.0,11.3,1.32,3.2,335,100,6140.0,0,0.449,10.0,130.0,0,0.0,3,0,0.0,-1,-1,-1,-1,0.0,0.0
2026-03-20T18:00,0.1,0.0,0.0,0.0,11.4,2.13,3.9,24,100,5620.0,0,0.444,10.0,260.0,0,0.0,51,0,0.1,-1,-1,-1,-1,0.0,0.0
2026-03-20T19:00,0.1,0.0,0.0,0.0,11.3,2.24,5.0,10,100,5200.0,0,0.445,10.0,330.0,0,0.0,51,0,0.1,-1,-1,-1,-1,0.0,0.0
2026-03-20T20:00,0.1,0.0,0.0,0.0,11.2,2.2,4.6,12,100,2360.0,0,0.447,10.0,340.0,0,0.0,51,0,0.1,-1,-1,-1,-1,0.0,0.0
2026-03-20T21:00,0.1,0.0,0.0,0.0,11.1,1.8,4.5,19,100,2120.0,0,0.448,10.0,305.0,0,0.0,51,0,0.1,-1,-1,-1,-1,0.0,0.0
2026-03-20T22:00,0.1,0.0,0.0,0.0,11.1,1.57,3.7,22,100,2520.0,0,0.448,10.0,240.0,0,0.0,51,0,0.1,-1,-1,-1,-1,0.0,0.0
2026-03-20T23:00,0.1,0.0,0.0,0.0,11.2,1.24,3.0,43,100,1700.0,1,0.448,10.0,150.0,0,0.0,51,0,0.1,-1,-1,-1,-1,0.0,0.0
2026-03-21T00:00,0.0,0.0,0.0,0.0,11.2,1.05,2.7,31,100,3460.0,1,0.462,0.0,130.0,0,0.0,3,0,0.0,-1,-1,-1,-1,0.0,0.0
2026-03-21T01:00,0.0,0.0,0.0,0.0,12.1,1.15,3.5,358,100,7920.0,1,0.462,0.0,320.0,0,0.0,3,0,0.0,-1,-1,-1,-1,0.0,0.0
2026-03-21T02:00,0.0,0.0,0.0,0.0,13.0,1.01,3.7,9,100,10300.0,1,0.462,0.0,385.0,0,0.0,3,0,0.0,-1,-1,-1,-1,0.0,0.0
2026-03-21T03:00,0.0,0.0,0.0,0.0,13.9,0.72,3.7,348,100,14280.0,1,0.461,0.0,460.0,0,0.0,3,0,0.0,-1,-1,-1,-1,0.0,0.0
2026-03-21T04:00,0.0,0.0,0.0,0.0,15.7,0.38,3.7,337,100,16340.0,1,0.46,0.0,575.0,0,0.0,3,0,0.0,-1,-1,-1,-1,0.0,0.0
2026-03-21T05:00,0.0,0.0,0.0,0.0,18.6,0.65,4.2,302,77,17600.0,1,0.458,0.0,825.0,0,0.0,2,0,0.0,-1,-1,-1,-1,0.0,0.0
2026-03-21T06:00,0.0,0.0,0.0,0.0,18.6,1.03,4.6,331,99,17600.0,1,0.466,0.0,950.0,0,0.0,3,0,0.0,-1,-1,-1,-1,0.0,0.0
2026-03-21T07:00,0.0,0.0,0.0,0.0,20.0,2.26,6.4,335,90,17620.0,1,0.464,0.0,980.0,0,0.0,3,0,0.0,-1,-1,-1,-1,0.0,0.0
2026-03-21T08:00,0.0,0.0,0.0,0.0,19.0,2.29,7.0,350,68,17620.0,1,0.463,0.0,570.0,0,0.0,2,0,0.0,-1,-1,-1,-1,0.0,0.0
2026-03-21T09:00,0.0,0.0,0.0,0.0,18.6,1.05,5.9,31,91,17620.0,1,0.462,0.0,350.0,0,0.0,3,0,0.0,-1,-1,-1,-1,0.0,0.0
2026-03-21T10:00,0.0,0.0,0.0,0.0,17.7,0.65,3.3,67,100,17620.0,1,0.461,0.0,140.0,0,0.0,3,0,0.0,-1,-1,-1,-1,0.0,0.0
2026-03-21T11:00,0.0,0.0,0.0,0.0,16.7,0.74,1.4,110,91,16360.0,0,0.46,0.0,35.0,0,0.0,3,0,0.0,-1,-1,-1,-1,0.0,0.0
2026-03-21T12:00,0.0,0.0,0.0,0.0,14.6,0.65,1.3,23,21,14320.0,0,0.477,0.0,30.0,0,0.0,1,0,0.0,-1,-1,-1,-1,0.0,0.0
2026-03-21T13:00,0.0,0.0,0.0,0.0,14.0,0.15,1.1,180,77,14320.0,0,0.476,10.0,10.0,0,0.0,2,0,0.0,-1,-1,-1,-1,0.0,0.0
2026-03-21T14:00,0.0,0.0,0.0,0.0,14.1,0.35,0.9,98,100,14320.0,0,0.475,0.0,15.0,0,0.0,3,0,0.0,-1,-1,-1,-1,0.0,0.0
2026-03-21T15:00,0.0,0.0,0.0,0.0,14.4,0.76,1.2,67,98,14320.0,0,0.474,0.0,30.0,0,0.0,3,0,0.0,-1,-1,-1,-1,0.0,0.0
2026-03-21T16:00,0.0,0.0,0.0,0.0,14.9,0.25,1.6,101,89,14320.0,0,0.473,0.0,10.0,0,0.0,3,0,0.0,-1,-1,-1,-1,0.0,0.0
2026-03-21T17:00,0.0,0.0,0.0,0.0,14.6,0.16,0.9,198,100,12860.0,0,0.472,0.0,10.0,0,0.0,3,0,0.0,-1,-1,-1,-1,0.0,0.0
2026-03-21T18:00,0.0,0.0,0.0,0.0,14.2,0.9,1.4,199,99,12860.0,0,0.472,0.0,30.0,0,0.0,3,0,0.0,-1,-1,-1,-1,0.0,0.0
2026-03-21T19:00,0.0,0.0,0.0,0.0,15.0,0.78,2.4,165,43,12860.0,0,0.471,0.0,20.0,0,0.0,1,0,0.0,-1,-1,-1,-1,0.0,0.0
2026-03-21T20:00,0.0,0.0,0.0,0.0,14.5,0.66,1.8,189,38,11120.0,0,0.47,0.0,20.0,0,0.0,1,0,0.0,-1,-1,-1,-1,0.0,0.0
2026-03-21T21:00,0.0,0.0,0.0,0.0,14.0,1.11,1.7,8,48,11160.0,0,0.47,0.0,40.0,0,0.0,1,0,0.0,-1,-1,-1,-1,0.0,0.0
2026-03-21T22:00,0.0,0.0,0.0,0.0,14.3,0.64,1.6,129,53,8820.0,0,0.469,0.0,25.0,0,0.0,2,0,0.0,-1,-1,-1,-1,0.0,0.0
2026-03-21T23:00,0.3,0.667,0.0,0.0,14.6,1.14,1.7,322,77,6440.0,1,0.471,0.0,45.0,0,0.0,51,1,0.1,42,0,1,32,0.0,0.4
2026-03-22T00:00,0.2,1.0,0.0,0.0,15.9,1.6,2.7,2,85,11160.0,1,0.471,0.0,110.0,0,0.0,51,0,0.0,-1,-1,-1,-1,0.0,0.0
2026-03-22T01:00,0.0,0.0,0.0,0.0,15.9,2.35,5.6,1,100,9320.0,1,0.47,0.0,180.0,0,0.0,3,0,0.0,-1,-1,-1,-1,0.0,0.0
2026-03-22T02:00,0.1,0.0,0.0,0.0,16.8,2.16,5.6,4,92,9200.0,1,0.47,0.0,230.0,0,0.0,51,0,0.1,-1,-1,-1,-1,0.0,0.0
2026-03-22T03:00,0.0,0.0,0.0,0.0,19.8,1.15,5.7,5,58,16400.0,1,0.469,0.0,415.0,0,0.0,2,0,0.0,-1,-1,-1,-1,0.0,0.0
2026-03-22T04:00,0.0,0.0,0.0,0.0,22.0,1.92,5.9,353,45,17680.0,1,0.467,0.0,505.0,0,0.0,1,0,0.0,-1,-1,-1,-1,0.0,0.0
2026-03-22T05:00,0.0,0.0,0.0,0.0,23.3,2.47,7.2,353,28,17680.0,1,0.465,0.0,615.0,0,0.0,1,0,0.0,-1,-1,-1,-1,0.0,0.0
2026-03-22T06:00,0.0,0.0,0.0,0.0,22.5,2.93,7.8,352,34,17680.0,1,0.5,0.0,785.0,0,0.0,1,0,0.0,-1,-1,-1,-1,0.0,0.0
2026-03-22T07:00,0.0,0.0,0.0,0.0,23.1,3.13,8.4,352,54,17680.0,1,0.494,0.0,800.0,0,0.0,2,0,0.0,-1,-1,-1,-1,0.0,0.0
2026-03-22T08:00,0.0,0.0,0.0,0.0,22.7,2.69,8.3,10,43,17680.0,1,0.49,0.0,680.0,0,0.0,1,0,0.0,-1,-1,-1,-1,0.0,0.0
2026-03-22T09:00,0.0,0.0,0.0,0.0,22.0,2.81,7.0,12,19,17680.0,1,0.487,0.0,600.0,0,0.0,0,0,0.0,-1,-1,-1,-1,0.0,0.0
2026-03-22T10:00,0.0,0.0,0.0,0.0,20.8,2.55,6.7,16,32,16420.0,1,0.485,0.0,515.0,0,0.0,1,0,0.0,-1,-1,-1,-1,0.0,0.0
2026-03-22T11:00,0.0,0.0,0.0,0.0,18.8,2.39,5.2,20,16,15660.0,0,0.483,0.0,315.0,0,0.0,0,0,0.0,-1,-1,-1,-1,0.0,0.0
2026-03-22T12:00,0.0,0.0,0.0,0.0,16.3,1.93,4.6,21,74,10060.0,0,0.477,0.0,255.0,0,0.0,2,0,0.0,-1,-1,-1,-1,0.0,0.0
2026-03-22T13:00,0.0,0.0,0.0,0.0,15.5,2.0,3.9,359,77,10600.0,0,0.476,0.0,195.0,0,0.0,2,0,0.0,-1,-1,-1,-1,0.0,0.0
2026-03-22T14:00,0.0,0.0,0.0,0.0,15.1,1.87,4.2,20,98,920.0,0,0.475,0.0,185.0,0,0.0,3,0,0.0,-1,-1,-1,-1,0.0,0.0
2026-03-22T15:00,0.0,0.0,0.0,0.0,15.0,1.35,3.6,42,100,540.0,0,0.474,140.0,125.0,0,0.0,3,0,0.0,-1,-1,-1,-1,0.0,0.0
2026-03-22T16:00,0.0,0.0,0.0,0.0,14.9,1.8,3.5,357,98,620.0,0,0.474,150.0,125.0,0,0.0,3,0,0.0,-1,-1,-1,-1,0.0,0.0
2026-03-22T17:00,0.0,0.0,0.0,0.0,14.3,1.49,3.6,20,100,620.0,0,0.473,170.0,115.0,0,0.0,3,0,0.0,-1,-1,-1,-1,0.0,0.0
2026-03-22T18:00,0.0,0.0,0.0,0.0,14.8,1.77,3.5,16,100,140.0,0,0.472,180.0,120.0,0,0.0,3,0,0.0,-1,-1,-1,-1,0.0,0.0
2026-03-22T19:00,0.0,0.0,0.0,0.0,14.7,1.99,4.1,18,100,140.0,0,0.472,0.0,145.0,0,0.0,3,0,0.0,-1,-1,-1,-1,0.0,0.0
2026-03-22T20:00,0.0,0.0,0.0,0.0,14.7,1.66,4.0,25,100,140.0,0,0.471,200.0,140.0,0,0.0,3,0,0.0,-1,-1,-1,-1,0.0,0.0
2026-03-22T21:00,0.0,0.0,0.0,0.0,14.7,1.73,3.5,33,100,200.0,0,0.47,210.0,130.0,0,0.0,3,0,0.0,-1,-1,-1,-1,0.0,0.0
2026-03-22T22:00,0.0,0.0,0.0,0.0,14.7,2.08,4.0,24,100,460.0,0,0.47,190.0,135.0,0,0.0,3,0,0.0,-1,-1,-1,-1,0.0,0.0
2026-03-22T23:00,0.0,0.0,0.0,0.0,14.7,1.68,4.0,27,100,7660.0,1,0.469,160.0,110.0,0,0.0,3,0,0.0,-1,-1,-1,-1,0.0,0.0
2026-03-23T00:00,0.0,0.0,0.0,0.0,15.5,1.46,3.4,352,95,11100.0,1,0.471,150.0,105.0,0,0.0,3,0,0.0,-1,-1,-1,-1,0.0,0.0
2026-03-23T01:00,0.0,0.0,0.0,0.0,17.8,1.57,4.4,343,93,14420.0,1,0.47,120.0,175.0,0,0.0,3,0,0.0,-1,-1,-1,-1,0.0,0.0
2026-03-23T02:00,0.0,0.0,0.0,0.0,20.0,1.57,5.1,343,76,16460.0,1,0.469,0.0,245.0,0,0.0,2,0,0.0,-1,-1,-1,-1,0.0,0.0
2026-03-23T03:00,0.0,0.0,0.0,0.0,21.9,1.8,5.4,341,80,16480.0,1,0.467,0.0,285.0,0,0.0,3,0,0.0,-1,-1,-1,-1,0.0,0.0
2026-03-23T04:00,0.0,0.0,0.0,0.0,23.9,1.21,5.8,322,73,14720.0,1,0.466,0.0,405.0,0,0.0,2,0,0.0,-1,-1,-1,-1,0.0,0.0
2026-03-23T05:00,0.0,0.0,0.0,0.0,25.5,1.11,4.7,288,72,17740.0,1,0.464,340.0,570.0,0,0.0,2,0,0.0,-1,-1,-1,-1,0.0,0.0
2026-03-23T06:00,0.0,0.0,0.0,0.0,25.7,0.96,4.9,321,51,17760.0,1,0.479,260.0,805.0,0,0.0,2,0,0.0,-1,-1,-1,-1,0.0,0.0
2026-03-23T07:00,0.0,0.0,0.0,0.0,27.0,2.15,7.8,329,75,18860.0,1,0.476,310.0,1120.0,0,0.0,2,0,0.0,-1,-1,-1,-1,0.0,0.0
2026-03-23T08:00,0.3,0.333,0.0,0.0,22.2,3.3,9.6,1,98,5320.0,1,0.477,310.0,455.0,0,0.0,51,1,0.2,43,0,2,13,0.354,0.294
2026-03-23T09:00,0.5,0.8,0.0,0.0,21.1,2.64,8.3,25,70,5840.0,1,0.48,330.0,380.0,0,0.0,53,1,0.1,43,1,1,13,0.354,0.574
2026-03-23T10:00,0.1,0.0,0.0,0.0,20.0,2.92,5.7,13,66,8620.0,1,0.48,340.0,310.0,0,0.0,51,0,0.1,-1,-1,-1,-1,0.0,0.0
2026-03-23T11:00,0.1,0.0,0.0,0.0,18.2,2.42,5.7,18,73,6100.0,0,0.479,290.0,260.0,0,0.0,51,0,0.1,-1,-1,-1,-1,0.0,0.0
2026-03-23T12:00,0.1,0.0,0.0,0.0,17.3,2.17,4.5,19,100,5000.0,0,0.483,0.0,245.0,0,0.0,51,0,0.1,-1,-1,-1,-1,0.0,0.0
2026-03-23T13:00,0.0,0.0,0.0,0.0,17.4,1.54,4.4,29,99,1440.0,0,0.482,210.0,180.0,0,0.0,3,0,0.0,-1,-1,-1,-1,0.0,0.0
2026-03-23T14:00,0.0,0.0,0.0,0.0,17.1,2.18,4.3,9,90,1560.0,0,0.481,260.0,210.0,0,0.0,3,0,0.0,-1,-1,-1,-1,0.0,0.0
2026-03-23T15:00,0.0,0.0,0.0,0.0,16.6,2.53,5.1,22,72,1380.0,0,0.48,0.0,210.0,0,0.0,2,0,0.0,-1,-1,-1,-1,0.0,0.0
2026-03-23T16:00,0.0,0.0,0.0,0.0,16.3,2.08,5.1,27,99,820.0,0,0.479,200.0,215.0,0,0.0,3,0,0.0,-1,-1,-1,-1,0.0,0.0
2026-03-23T17:00,0.0,0.0,0.0,0.0,16.4,2.18,4.5,20,100,580.0,0,0.478,0.0,190.0,0,0.0,3,0,0.0,-1,-1,-1,-1,0.0,0.0
2026-03-23T18:00,0.0,0.0,0.0,0.0,16.4,1.25,4.4,37,100,280.0,0,0.473,0.0,135.0,0,0.0,3,0,0.0,-1,-1,-1,-1,0.0,0.0
2026-03-23T19:00,0.0,0.0,0.0,0.0,16.2,1.69,3.6,19,100,340.0,0,0.472,0.0,155.0,0,0.0,3,0,0.0,-1,-1,-1,-1,0.0,0.0
2026-03-23T20:00,0.0,0.0,0.0,0.0,16.0,2.16,4.2,353,100,480.0,0,0.472,0.0,160.0,0,0.0,3,0,0.0,-1,-1,-1,-1,0.0,0.0
2026-03-23T21:00,0.0,0.0,0.0,0.0,15.6,2.3,4.6,13,100,780.0,0,0.471,0.0,150.0,0,0.0,3,0,0.0,-1,-1,-1,-1,0.0,0.0
2026-03-23T22:00,0.0,0.0,0.0,0.0,15.5,2.2,4.5,12,100,820.0,0,0.471,30.0,130.0,0,0.0,3,0,0.0,-1,-1,-1,-1,0.0,0.0
2026-03-23T23:00,0.3,0.333,0.0,0.0,15.1,3.0,5.9,342,100,580.0,1,0.473,0.0,225.0,0,0.0,51,1,0.2,44,0,3,44,0.217,0.258
2026-03-24T00:00,0.2,0.0,0.0,0.0,15.1,1.12,5.5,63,100,3340.0,1,0.478,0.0,245.0,0,0.0,51,0,0.2,44,1,2,44,0.217,0.058
2026-03-24T01:00,0.3,0.0,0.0,0.0,16.4,1.78,4.6,52,100,9480.0,1,0.479,0.0,230.0,0,0.0,51,1,0.3,44,2,1,44,0.217,0.058
2026-03-24T02:00,0.1,1.0,0.0,0.0,18.2,1.16,4.4,25,100,12540.0,1,0.479,0.0,485.0,0,0.0,51,0,0.0,-1,-1,-1,-1,0.0,0.0
2026-03-24T03:00,0.0,0.0,0.0,0.0,19.7,2.21,6.3,4,99,16540.0,1,0.477,0.0,645.0,0,0.0,3,0,0.0,-1,-1,-1,-1,0.0,0.0
2026-03-24T04:00,0.0,0.0,0.0,0.0,21.0,2.23,6.9,351,100,17820.0,1,0.475,0.0,805.0,0,0.0,3,0,0.0,-1,-1,-1,-1,0.0,0.0
2026-03-24T05:00,0.0,0.0,0.0,0.0,21.5,2.39,6.7,349,66,17820.0,1,0.474,0.0,800.0,0,0.0,2,0,0.0,-1,-1,-1,-1,0.0,0.0
2026-03-24T06:00,0.0,0.0,0.0,0.0,20.2,2.16,6.9,353,87,17820.0,1,0.472,0.0,740.0,0,0.0,3,0,0.0,-1,-1,-1,-1,0.0,0.0
2026-03-24T07:00,0.0,0.0,0.0,0.0,21.2,2.67,7.4,347,99,17820.0,1,0.47,0.0,850.0,0,0.0,3,0,0.0,-1,-1,-1,-1,0.0,0.0
2026-03-24T08:00,0.0,0.0,0.0,0.0,21.1,2.6,7.4,357,99,17820.0,1,0.469,0.0,840.0,0,0.0,3,0,0.0,-1,-1,-1,-1,0.0,0.0
2026-03-24T09:00,0.0,0.0,0.0,0.0,20.6,2.88,6.9,8,100,17840.0,1,0.468,0.0,825.0,0,0.0,3,0,0.0,-1,-1,-1,-1,0.0,0.0
2026-03-24T10:00,0.0,0.0,0.0,0.0,19.9,2.69,6.7,29,100,17840.0,1,0.467,0.0,755.0,0,0.0,3,0,0.0,-1,-1,-1,-1,0.0,0.0
2026-03-24T11:00,0.0,0.0,0.0,0.0,18.7,2.53,5.8,52,24,16560.0,0,0.466,0.0,385.0,0,0.0,1,0,0.0,-1,-1,-1,-1,0.0,0.0
2026-03-24T12:00,0.0,0.0,0.0,0.0,17.7,1.76,4.9,70,88,14420.0,0,0.49,0.0,185.0,0,0.0,3,0,0.0,-1,-1,-1,-1,0.0,0.0
2026-03-24T13:00,0.0,0.0,0.0,0.0,17.1,1.05,3.2,31,100,13040.0,0,0.489,0.0,155.0,0,0.0,3,0,0.0,-1,-1,-1,-1,0.0,0.0
2026-03-24T14:00,0.0,0.0,0.0,0.0,16.7,1.12,2.0,10,99,13040.0,0,0.488,0.0,115.0,0,0.0,3,0,0.0,-1,-1,-1,-1,0.0,0.0
2026-03-24T15:00,0.0,0.0,0.0,0.0,16.4,1.38,2.5,13,95,11320.0,0,0.487,0.0,155.0,0,0.0,3,0,0.0,-1,-1,-1,-1,0.0,0.0
2026-03-24T16:00,0.0,0.0,0.0,0.0,16.0,1.14,2.6,29,66,11220.0,0,0.486,0.0,195.0,0,0.0,2,0,0.0,-1,-1,-1,-1,0.0,0.0
2026-03-24T17:00,0.0,0.0,0.0,0.0,15.8,1.2,2.2,48,64,11300.0,0,0.486,0.0,265.0,0,0.0,2,0,0.0,-1,-1,-1,-1,0.0,0.0
2026-03-24T18:00,0.0,0.0,0.0,0.0,16.2,1.82,3.5,58,100,13060.0,0,0.484,0.0,350.0,0,0.0,3,0,0.0,-1,-1,-1,-1,0.0,0.0
2026-03-24T19:00,0.0,0.0,0.0,0.0,16.0,1.59,3.4,62,98,13060.0,0,0.483,0.0,240.0,0,0.0,3,0,0.0,-1,-1,-1,-1,0.0,0.0
2026-03-24T20:00,0.0,0.0,0.0,0.0,15.6,1.52,3.0,44,80,13060.0,0,0.483,0.0,170.0,0,0.0,3,0,0.0,-1,-1,-1,-1,0.0,0.0
2026-03-24T21:00,0.0,0.0,0.0,0.0,14.6,0.97,2.8,35,88,11340.0,0,0.482,0.0,95.0,0,0.0,3,0,0.0,-1,-1,-1,-1,0.0,0.0
2026-03-24T22:00,0.0,0.0,0.0,0.0,14.5,1.06,2.0,45,73,11340.0,0,0.482,0.0,95.0,0,0.0,2,0,0.0,-1,-1,-1,-1,0.0,0.0
2026-03-24T23:00,0.0,0.0,0.0,0.0,14.5,0.99,2.0,49,59,11340.0,1,0.481,0.0,70.0,0,0.0,2,0,0.0,-1,-1,-1,-1,0.0,0.0
2026-03-25T00:00,0.0,0.0,0.0,0.0,15.7,1.02,2.8,11,98,12900.0,1,0.482,0.0,230.0,0,0.0,3,0,0.0,-1,-1,-1,-1,0.0,0.0
2026-03-25T01:00,0.0,0.0,0.0,0.0,17.5,1.35,4.4,358,9,16520.0,1,0.481,0.0,375.0,0,0.0,0,0,0.0,-1,-1,-1,-1,0.0,0.0
2026-03-25T02:00,0.0,0.0,0.0,0.0,19.5,1.78,5.7,350,7,16600.0,1,0.479,0.0,490.0,0,0.0,0,0,0.0,-1,-1,-1,-1,0.0,0.0
2026-03-25T03:00,0.0,0.0,0.0,0.0,21.4,2.12,6.6,341,5,17880.0,1,0.478,0.0,545.0,0,0.0,0,0,0.0,-1,-1,-1,-1,0.0,0.0
2026-03-25T04:00,0.0,0.0,0.0,0.0,22.9,2.1,6.6,359,9,19000.0,1,0.475,0.0,645.0,0,0.0,0,0,0.0,-1,-1,-1,-1,0.0,0.0
2026-03-25T05:00,0.0,0.0,0.0,0.0,24.3,2.5,7.2,1,17,19000.0,1,0.473,0.0,770.0,0,0.0,0,0,0.0,-1,-1,-1,-1,0.0,0.0
2026-03-25T06:00,0.0,0.0,0.0,0.0,24.1,2.01,7.2,356,50,19020.0,1,0.471,0.0,640.0,0,0.0,2,0,0.0,-1,-1,-1,-1,0.0,0.0
2026-03-25T07:00,0.0,0.0,0.0,0.0,25.2,0.78,5.5,45,28,19020.0,1,0.469,0.0,680.0,0,0.0,1,0,0.0,-1,-1,-1,-1,0.0,0.0
2026-03-25T08:00,0.0,0.0,0.0,0.0,25.3,0.6,3.8,24,18,19020.0,1,0.467,0.0,645.0,0,0.0,0,0,0.0,-1,-1,-1,-1,0.0,0.0
2026-03-25T09:00,0.0,0.0,0.0,0.0,24.6,1.31,3.5,18,51,19020.0,1,0.467,0.0,345.0,0,0.0,2,0,0.0,-1,-1,-1,-1,0.0,0.0
2026-03-25T10:00,0.0,0.0,0.0,0.0,23.3,2.33,4.5,15,92,17900.0,1,0.466,170.0,230.0,0,0.0,3,0,0.0,-1,-1,-1,-1,0.0,0.0
2026-03-25T11:00,0.0,0.0,0.0,0.0,21.4,2.49,5.1,10,45,17900.0,0,0.466,290.0,210.0,0,0.0,1,0,0.0,-1,-1,-1,-1,0.0,0.0
2026-03-25T12:00,0.0,0.0,0.0,0.0,20.0,0.68,4.5,73,4,16640.0,0,0.471,0.0,25.0,0,0.0,0,0,0.0,-1,-1,-1,-1,0.0,0.0
2026-03-25T13:00,0.0,0.0,0.0,0.0,19.2,0.61,1.1,55,9,16640.0,0,0.471,400.0,30.0,0,0.0,0,0,0.0,-1,-1,-1,-1,0.0,0.0
2026-03-25T14:00,0.0,0.0,0.0,0.0,18.8,0.45,1.0,360,8,16640.0,0,0.471,410.0,25.0,0,0.0,0,0,0.0,-1,-1,-1,-1,0.0,0.0
2026-03-25T15:00,0.0,0.0,0.0,0.0,18.1,0.65,1.1,23,15,16640.0,0,0.471,440.0,40.0,0,0.0,0,0,0.0,-1,-1,-1,-1,0.0,0.0
2026-03-25T16:00,0.0,0.0,0.0,0.0,17.4,0.81,1.4,43,38,14580.0,0,0.471,570.0,50.0,0,0.0,1,0,0.0,-1,-1,-1,-1,0.0,0.0
2026-03-25T17:00,0.0,0.0,0.0,0.0,16.8,1.21,1.8,7,73,12520.0,0,0.471,640.0,80.0,0,0.0,2,0,0.0,-1,-1,-1,-1,0.0,0.0
2026-03-25T18:00,0.0,0.0,0.0,0.0,16.8,0.55,1.8,270,55,12780.0,0,0.471,450.0,30.0,0,0.0,2,0,0.0,-1,-1,-1,-1,0.0,0.0
2026-03-25T19:00,0.0,0.0,0.0,0.0,16.7,0.55,1.5,355,40,11980.0,0,0.47,520.0,25.0,0,0.0,1,0,0.0,-1,-1,-1,-1,0.0,0.0
2026-03-25T20:00,0.0,0.0,0.0,0.0,16.4,0.73,1.8,344,57,13100.0,0,0.47,630.0,30.0,0,0.0,2,0,0.0,-1,-1,-1,-1,0.0,0.0
2026-03-25T21:00,0.0,0.0,0.0,0.0,16.9,0.16,1.6,288,56,13140.0,0,0.47,750.0,15.0,0,0.0,2,0,0.0,-1,-1,-1,-1,0.0,0.0
2026-03-25T22:00,2.0,1.0,0.0,0.0,16.5,1.06,4.3,19,85,5680.0,0,0.496,720.0,55.0,0,0.09,95,1,0.0,45,0,4,10,0.808,0.816
2026-03-25T23:00,7.8,1.0,0.0,0.0,15.9,2.42,7.8,22,100,1700.0,1,0.52,530.0,120.0,0,0.265,95,1,0.0,45,1,3,10,0.808,0.816
2026-03-26T00:00,11.7,0.897,0.0,0.0,16.0,2.06,8.8,39,87,4220.0,1,0.504,250.0,145.0,0,0.125,82,1,1.2,45,2,2,10,0.808,0.754
2026-03-26T01:00,2.0,0.95,0.0,0.0,17.3,2.28,7.5,9,73,10140.0,1,0.512,370.0,185.0,0,0.0462,95,1,0.1,45,3,1,10,0.808,0.786
2026-03-26T02:00,0.0,0.0,0.0,0.0,19.1,1.66,5.5,5,97,12940.0,1,0.508,290.0,340.0,0,0.0,3,0,0.0,-1,-1,-1,-1,0.0,0.0
2026-03-26T03:00,0.0,0.0,0.0,0.0,20.5,2.43,6.6,351,81,16680.0,1,0.504,410.0,405.0,0,0.0,3,0,0.0,-1,-1,-1,-1,0.0,0.0
2026-03-26T04:00,0.0,0.0,0.0,0.0,22.1,2.0,6.5,347,97,6520.0,1,0.501,450.0,465.0,0,0.0,3,0,0.0,-1,-1,-1,-1,0.0,0.0
2026-03-26T05:00,0.1,0.0,0.0,0.0,23.5,1.46,6.7,338,67,17960.0,1,0.499,560.0,510.0,0,0.0,51,0,0.1,-1,-1,-1,-1,0.0,0.0
2026-03-26T06:00,0.0,0.0,0.0,0.0,24.1,0.69,6.1,330,15,17700.0,1,0.528,0.0,750.0,0,0.0,0,0,0.0,-1,-1,-1,-1,0.0,0.0
2026-03-26T07:00,0.0,0.0,0.0,0.0,25.4,2.4,6.6,337,98,17980.0,1,0.506,240.0,1110.0,0,0.0,3,0,0.0,-1,-1,-1,-1,0.0,0.0
2026-03-26T08:00,0.0,0.0,0.0,0.0,23.8,3.62,8.3,354,98,17980.0,1,0.503,350.0,985.0,0,0.0,3,0,0.0,-1,-1,-1,-1,0.0,0.0
2026-03-26T09:00,0.0,0.0,0.0,0.0,22.3,3.74,8.5,8,50,17980.0,1,0.5,300.0,715.0,0,0.0,2,0,0.0,-1,-1,-1,-1,0.0,0.0
2026-03-26T10:00,0.0,0.0,0.0,0.0,20.8,3.58,8.3,12,90,16700.0,1,0.499,330.0,575.0,0,0.0,3,0,0.0,-1,-1,-1,-1,0.0,0.0
2026-03-26T11:00,0.0,0.0,0.0,0.0,18.8,2.66,7.7,4,79,9100.0,0,0.497,330.0,430.0,0,0.0,2,0,0.0,-1,-1,-1,-1,0.0,0.0
2026-03-26T12:00,1.4,1.0,0.0,0.0,17.7,2.15,5.3,31,59,10160.0,0,0.491,190.0,325.0,0,0.0095,80,1,0.0,46,0,1,18,0.0,0.6
2026-03-26T13:00,0.0,0.0,0.0,0.0,17.4,2.01,4.1,19,54,10520.0,0,0.49,130.0,335.0,0,0.0,2,0,0.0,-1,-1,-1,-1,0.0,0.0
2026-03-26T14:00,0.0,0.0,0.0,0.0,17.4,1.1,3.9,47,63,10220.0,0,0.49,0.0,255.0,0,0.0,2,0,0.0,-1,-1,-1,-1,0.0,0.0
2026-03-26T15:00,0.0,0.0,0.0,0.0,16.9,0.81,2.0,11,37,7520.0,0,0.49,0.0,95.0,0,0.0,1,0,0.0,-1,-1,-1,-1,0.0,0.0
2026-03-26T16:00,0.0,0.0,0.0,0.0,16.4,1.56,3.1,6,100,7420.0,0,0.49,0.0,225.0,0,0.0,3,0,0.0,-1,-1,-1,-1,0.0,0.0
2026-03-26T17:00,0.0,0.0,0.0,0.0,16.4,2.02,4.1,33,100,780.0,0,0.49,90.0,265.0,0,0.0,3,0,0.0,-1,-1,-1,-1,0.0,0.0
2026-03-26T18:00,0.0,0.0,0.0,0.0,16.5,1.57,4.0,31,100,1020.0,0,0.489,0.0,315.0,0,0.0,3,0,0.0,-1,-1,-1,-1,0.0,0.0
2026-03-26T19:00,0.1,0.0,0.0,0.0,16.4,1.88,4.1,29,100,5760.0,0,0.489,10.0,370.0,0,0.0,51,0,0.1,-1,-1,-1,-1,0.0,0.0
2026-03-26T20:00,0.0,0.0,0.0,0.0,16.3,1.39,3.8,38,100,7100.0,0,0.489,0.0,310.0,0,0.0,3,0,0.0,-1,-1,-1,-1,0.0,0.0
2026-03-26T21:00,0.0,0.0,0.0,0.0,16.1,0.97,2.9,35,100,7460.0,0,0.489,20.0,125.0,0,0.0,3,0,0.0,-1,-1,-1,-1,0.0,0.0
2026-03-26T22:00,0.0,0.0,0.0,0.0,16.0,0.68,2.1,36,95,6180.0,0,0.488,0.0,70.0,0,0.0,3,0,0.0,-1,-1,-1,-1,0.0,0.0
2026-03-26T23:00,0.0,0.0,0.0,0.0,15.8,1.66,3.2,7,88,7340.0,1,0.488,0.0,155.0,0,0.0,3,0,0.0,-1,-1,-1,-1,0.0,0.0
2026-03-27T00:00,0.0,0.0,0.0,0.0,16.2,2.17,4.5,29,72,6280.0,1,0.485,0.0,205.0,0,0.0,2,0,0.0,-1,-1,-1,-1,0.0,0.0
2026-03-27T01:00,0.0,0.0,0.0,0.0,17.8,1.39,5.2,15,100,11880.0,1,0.485,0.0,340.0,0,0.0,3,0,0.0,-1,-1,-1,-1,0.0,0.0
2026-03-27T02:00,0.0,0.0,0.0,0.0,18.5,2.25,5.9,360,100,13680.0,1,0.484,0.0,430.0,0,0.0,3,0,0.0,-1,-1,-1,-1,0.0,0.0
2026-03-27T03:00,0.0,0.0,0.0,0.0,19.7,2.5,7.0,360,99,16760.0,1,0.483,0.0,555.0,0,0.0,3,0,0.0,-1,-1,-1,-1,0.0,0.0
2026-03-27T04:00,0.0,0.0,0.0,0.0,20.3,2.63,7.0,14,98,16760.0,1,0.482,0.0,590.0,0,0.0,3,0,0.0,-1,-1,-1,-1,0.0,0.0
2026-03-27T05:00,0.0,0.0,0.0,0.0,21.7,2.78,7.4,30,99,18040.0,1,0.481,0.0,725.0,0,0.0,3,0,0.0,-1,-1,-1,-1,0.0,0.0
2026-03-27T06:00,0.0,0.0,0.0,0.0,17.5,1.82,7.6,16,100,4260.0,1,0.507,20.0,535.0,0,0.0,3,0,0.0,-1,-1,-1,-1,0.0,0.0
2026-03-27T07:00,0.9,0.556,0.0,0.0,17.6,2.25,5.9,356,100,3700.0,1,0.512,30.0,495.0,0,0.0,53,1,0.4,47,0,2,4,0.404,0.441
2026-03-27T08:00,0.5,0.4,0.0,0.0,17.2,2.2,6.1,360,100,4240.0,1,0.511,20.0,450.0,0,0.0,53,1,0.3,47,1,1,4,0.404,0.348
2026-03-27T09:00,0.2,0.5,0.0,0.0,16.8,2.01,5.7,6,100,6460.0,1,0.508,10.0,335.0,0,0.0,51,0,0.1,-1,-1,-1,-1,0.0,0.0
2026-03-27T10:00,0.0,0.0,0.0,0.0,16.4,1.45,4.9,4,100,6180.0,1,0.505,10.0,320.0,0,0.0,3,0,0.0,-1,-1,-1,-1,0.0,0.0
2026-03-27T11:00,0.1,0.0,0.0,0.0,16.2,1.53,3.3,19,100,4300.0,0,0.504,10.0,305.0,0,0.0,51,0,0.1,-1,-1,-1,-1,0.0,0.0
2026-03-27T12:00,0.2,0.0,0.0,0.0,15.2,1.15,3.4,34,100,5860.0,0,0.514,0.0,100.0,0,0.0,51,0,0.2,-1,-1,-1,-1,0.0,0.0
2026-03-27T13:00,0.4,0.75,0.0,0.0,15.3,0.93,2.7,74,100,4960.0,0,0.514,0.0,85.0,0,0.0,51,1,0.1,48,0,1,11,0.0,0.45
2026-03-27T14:00,0.2,0.0,0.0,0.0,15.3,1.14,2.5,75,100,5620.0,0,0.512,170.0,95.0,0,0.0,51,0,0.2,-1,-1,-1,-1,0.0,0.0
2026-03-27T15:00,0.0,0.0,0.0,0.0,15.4,0.96,2.1,354,100,5860.0,0,0.509,190.0,80.0,0,0.0,3,0,0.0,-1,-1,-1,-1,0.0,0.0
2026-03-27T16:00,0.0,0.0,0.0,0.0,15.3,0.78,2.0,27,100,6200.0,0,0.506,210.0,65.0,0,0.0,3,0,0.0,-1,-1,-1,-1,0.0,0.0
2026-03-27T17:00,0.0,0.0,0.0,0.0,15.4,0.87,1.8,66,100,1460.0,0,0.504,180.0,65.0,0,0.0,3,0,0.0,-1,-1,-1,-1,0.0,0.0
2026-03-27T18:00,0.0,0.0,0.0,0.0,15.7,1.15,1.7,92,100,1980.0,0,0.497,0.0,85.0,0,0.0,3,0,0.0,-1,-1,-1,-1,0.0,0.0
2026-03-27T19:00,0.0,0.0,0.0,0.0,15.7,0.76,2.1,79,100,2560.0,0,0.496,0.0,65.0,0,0.0,3,0,0.0,-1,-1,-1,-1,0.0,0.0
2026-03-27T20:00,0.0,0.0,0.0,0.0,15.6,1.17,2.1,43,100,2220.0,0,0.496,0.0,125.0,0,0.0,3,0,0.0,-1,-1,-1,-1,0.0,0.0
2026-03-27T21:00,0.0,0.0,0.0,0.0,15.6,1.21,2.4,24,100,820.0,0,0.495,0.0,130.0,0,0.0,3,0,0.0,-1,-1,-1,-1,0.0,0.0
2026-03-27T22:00,0.0,0.0,0.0,0.0,15.6,1.1,2.4,47,100,640.0,0,0.494,0.0,130.0,0,0.0,3,0,0.0,-1,-1,-1,-1,0.0,0.0
2026-03-27T23:00,0.0,0.0,0.0,0.0,15.6,0.69,2.1,60,100,520.0,1,0.494,0.0,60.0,0,0.0,3,0,0.0,-1,-1,-1,-1,0.0,0.0
2026-03-28T00:00,0.0,0.0,0.0,0.0,15.2,1.18,2.7,12,100,2020.0,1,0.496,0.0,130.0,0,0.0,3,0,0.0,-1,-1,-1,-1,0.0,0.0
2026-03-28T01:00,2.4,0.917,0.0,0.0,15.9,1.24,5.6,346,100,4140.0,1,0.504,0.0,165.0,0,0.0,80,1,0.2,49,0,6,26,1.062,0.833
2026-03-28T02:00,0.5,0.0,0.0,0.0,16.9,1.0,4.4,354,100,3020.0,1,0.505,50.0,100.0,0,0.0,53,1,0.5,49,1,5,26,1.062,0.283
2026-03-28T03:00,0.7,0.0,0.0,0.0,16.7,1.7,4.1,317,100,4200.0,1,0.509,90.0,195.0,0,0.0,53,1,0.7,49,2,4,26,1.062,0.283
2026-03-28T04:00,5.7,0.93,0.0,0.0,18.4,2.36,7.6,328,100,4840.0,1,0.509,0.0,415.0,0,0.0,81,1,0.4,49,3,3,26,1.062,0.841
2026-03-28T05:00,7.3,0.918,0.0,0.0,17.8,1.08,7.7,326,99,4000.0,1,0.509,0.0,240.0,0,0.0,81,1,0.6,49,4,2,26,1.062,0.834
2026-03-28T06:00,0.3,0.0,0.0,0.0,17.3,1.07,4.4,28,100,10800.0,1,0.545,0.0,280.0,0,0.0,51,1,0.3,49,5,1,26,1.062,0.283
2026-03-28T07:00,0.0,0.0,0.0,0.0,19.7,1.27,4.5,9,98,16840.0,1,0.494,0.0,555.0,0,0.0,3,0,0.0,-1,-1,-1,-1,0.0,0.0
2026-03-28T08:00,0.0,0.0,0.0,0.0,20.1,2.11,5.8,356,100,16840.0,1,0.493,0.0,585.0,0,0.0,3,0,0.0,-1,-1,-1,-1,0.0,0.0
2026-03-28T09:00,0.0,0.0,0.0,0.0,19.2,2.15,5.9,3,100,16840.0,1,0.493,0.0,505.0,0,0.0,3,0,0.0,-1,-1,-1,-1,0.0,0.0
2026-03-28T10:00,0.0,0.0,0.0,0.0,18.7,1.82,5.3,32,100,14820.0,1,0.492,0.0,365.0,0,0.0,3,0,0.0,-1,-1,-1,-1,0.0,0.0
2026-03-28T11:00,0.0,0.0,0.0,0.0,18.1,1.77,3.9,61,100,14780.0,0,0.492,0.0,195.0,0,0.0,3,0,0.0,-1,-1,-1,-1,0.0,0.0
2026-03-28T12:00,0.0,0.0,0.0,0.0,16.5,1.55,3.7,111,59,2680.0,0,0.508,0.0,65.0,0,0.0,2,0,0.0,-1,-1,-1,-1,0.0,0.0
2026-03-28T13:00,0.0,0.0,0.0,0.0,16.2,0.69,2.5,120,65,13040.0,0,0.506,0.0,35.0,0,0.0,2,0,0.0,-1,-1,-1,-1,0.0,0.0
2026-03-28T14:00,0.0,0.0,0.0,0.0,16.3,0.35,1.2,90,63,13140.0,0,0.504,0.0,25.0,0,0.0,2,0,0.0,-1,-1,-1,-1,0.0,0.0
2026-03-28T15:00,0.0,0.0,0.0,0.0,16.1,0.1,0.6,180,34,13120.0,0,0.502,0.0,10.0,0,0.0,1,0,0.0,-1,-1,-1,-1,0.0,0.0
2026-03-28T16:00,0.0,0.0,0.0,0.0,15.6,0.16,0.6,252,34,11480.0,0,0.5,0.0,15.0,0,0.0,1,0,0.0,-1,-1,-1,-1,0.0,0.0
2026-03-28T17:00,0.0,0.0,0.0,0.0,15.1,0.18,0.6,236,100,11560.0,0,0.499,0.0,15.0,0,0.0,3,0,0.0,-1,-1,-1,-1,0.0,0.0
2026-03-28T18:00,0.0,0.0,0.0,0.0,16.4,0.46,0.6,139,100,11580.0,0,0.494,0.0,35.0,0,0.0,3,0,0.0,-1,-1,-1,-1,0.0,0.0
2026-03-28T19:00,0.0,0.0,0.0,0.0,16.4,0.32,1.0,162,100,9500.0,0,0.494,0.0,30.0,0,0.0,3,0,0.0,-1,-1,-1,-1,0.0,0.0
2026-03-28T20:00,0.0,0.0,0.0,0.0,16.6,0.05,0.6,180,100,6260.0,0,0.493,0.0,10.0,0,0.0,3,0,0.0,-1,-1,-1,-1,0.0,0.0
2026-03-28T21:00,0.0,0.0,0.0,0.0,16.5,0.32,0.6,252,39,5760.0,0,0.492,0.0,25.0,0,0.0,1,0,0.0,-1,-1,-1,-1,0.0,0.0
2026-03-28T22:00,0.0,0.0,0.0,0.0,15.6,0.3,0.9,279,20,4900.0,0,0.492,0.0,25.0,0,0.0,1,0,0.0,-1,-1,-1,-1,0.0,0.0
2026-03-28T23:00,0.0,0.0,0.0,0.0,15.4,0.7,0.8,21,10,5480.0,1,0.491,0.0,35.0,0,0.0,0,0,0.0,-1,-1,-1,-1,0.0,0.0
2026-03-29T00:00,0.0,0.0,0.0,0.0,16.0,1.46,3.1,344,100,8020.0,1,0.495,0.0,110.0,0,0.0,3,0,0.0,-1,-1,-1,-1,0.0,0.0
2026-03-29T01:00,0.0,0.0,0.0,0.0,19.0,1.14,4.3,331,67,14260.0,1,0.494,350.0,260.0,0,0.0,2,0,0.0,-1,-1,-1,-1,0.0,0.0
2026-03-29T02:00,0.0,0.0,0.0,0.0,21.9,2.15,6.5,306,47,16900.0,1,0.492,460.0,360.0,0,0.0,1,0,0.0,-1,-1,-1,-1,0.0,0.0
2026-03-29T03:00,0.0,0.0,0.0,0.0,25.2,1.13,6.4,315,61,10940.0,1,0.49,410.0,590.0,0,0.0,2,0,0.0,-1,-1,-1,-1,0.0,0.0
2026-03-29T04:00,0.0,0.0,0.0,0.0,27.0,1.93,6.4,280,100,19300.0,1,0.488,550.0,1170.0,0,0.0,3,0,0.0,-1,-1,-1,-1,0.0,0.0
2026-03-29T05:00,0.0,0.0,0.0,0.0,28.3,1.97,6.4,243,30,18580.0,1,0.485,580.0,1240.0,0,0.0,1,0,0.0,-1,-1,-1,-1,0.0,0.0
2026-03-29T06:00,0.0,0.0,0.0,0.0,27.3,1.86,7.9,216,94,13740.0,1,0.515,490.0,1165.0,0,0.0,3,0,0.0,-1,-1,-1,-1,0.0,0.0
2026-03-29T07:00,0.0,0.0,0.0,0.0,28.9,3.85,8.8,210,100,19320.0,1,0.507,710.0,1470.0,0,0.0,3,0,0.0,-1,-1,-1,-1,0.0,0.0
2026-03-29T08:00,0.0,0.0,0.0,0.0,28.1,2.78,9.0,218,100,19320.0,1,0.503,820.0,1290.0,0,0.0,3,0,0.0,-1,-1,-1,-1,0.0,0.0
2026-03-29T09:00,1.1,0.909,0.0,0.0,23.9,3.68,7.2,202,100,9120.0,1,0.511,720.0,330.0,0,0.009,55,1,0.1,50,0,4,20,1.389,0.916
2026-03-29T10:00,1.6,1.0,0.0,0.0,22.6,4.92,10.4,190,100,13360.0,1,0.52,480.0,640.0,0,0.036,95,1,0.0,50,1,3,20,1.389,0.97
2026-03-29T11:00,11.0,0.991,0.0,0.0,21.1,1.47,9.9,260,100,6100.0,0,0.514,580.0,70.0,0,0.29,95,1,0.1,50,2,2,20,1.389,0.965
2026-03-29T12:00,0.6,0.833,0.0,0.0,20.2,1.36,5.7,163,100,11120.0,0,0.496,320.0,295.0,0,0.0,53,1,0.1,50,3,1,20,1.389,0.87
2026-03-29T13:00,0.0,0.0,0.0,0.0,19.3,1.08,2.6,146,96,13300.0,0,0.495,240.0,45.0,0,0.0,3,0,0.0,-1,-1,-1,-1,0.0,0.0
2026-03-29T14:00,0.0,0.0,0.0,0.0,19.1,1.68,3.2,190,8,14860.0,0,0.494,320.0,85.0,0,0.0,0,0,0.0,-1,-1,-1,-1,0.0,0.0
2026-03-29T15:00,0.0,0.0,0.0,0.0,19.9,2.78,5.5,188,84,14860.0,0,0.493,230.0,380.0,0,0.0,3,0,0.0,-1,-1,-1,-1,0.0,0.0
2026-03-29T16:00,0.0,0.0,0.0,0.0,19.8,2.86,5.2,213,100,12780.0,0,0.492,460.0,355.0,0,0.0,3,0,0.0,-1,-1,-1,-1,0.0,0.0
2026-03-29T17:00,0.0,0.0,0.0,0.0,19.6,3.09,6.2,205,38,13380.0,0,0.492,500.0,385.0,0,0.0,1,0,0.0,-1,-1,-1,-1,0.0,0.0
2026-03-29T18:00,0.0,0.0,0.0,0.0,18.7,1.33,5.8,214,93,14860.0,0,0.485,30.0,50.0,0,0.0,3,0,0.0,-1,-1,-1,-1,0.0,0.0
2026-03-29T19:00,0.0,0.0,0.0,0.0,18.8,1.7,3.4,194,26,14880.0,0,0.485,320.0,315.0,0,0.0,1,0,0.0,-1,-1,-1,-1,0.0,0.0
2026-03-29T20:00,0.0,0.0,0.0,0.0,18.6,1.6,3.4,194,68,16960.0,0,0.485,410.0,375.0,0,0.0,2,0,0.0,-1,-1,-1,-1,0.0,0.0
2026-03-29T21:00,0.0,0.0,0.0,0.0,20.3,2.96,5.2,192,100,14880.0,0,0.485,500.0,480.0,0,0.0,3,0,0.0,-1,-1,-1,-1,0.0,0.0
2026-03-29T22:00,0.0,0.0,0.0,0.0,20.9,4.1,7.6,198,100,14880.0,0,0.484,500.0,555.0,0,0.0,3,0,0.0,-1,-1,-1,-1,0.0,0.0
2026-03-29T23:00,0.0,0.0,0.0,0.0,21.4,4.19,8.6,211,100,14880.0,1,0.484,670.0,615.0,0,0.0,3,0,0.0,-1,-1,-1,-1,0.0,0.0
2026-03-30T00:00,0.0,0.0,0.0,0.0,21.4,2.91,8.3,215,100,14880.0,1,0.49,660.0,490.0,0,0.0,3,0,0.0,-1,-1,-1,-1,0.0,0.0
2026-03-30T01:00,0.0,0.0,0.0,0.0,22.1,4.41,9.0,189,100,12620.0,1,0.49,580.0,605.0,0,0.0,3,0,0.0,-1,-1,-1,-1,0.0,0.0
2026-03-30T02:00,0.0,0.0,0.0,0.0,23.8,3.18,9.3,208,100,16080.0,1,0.489,610.0,605.0,0,0.0,3,0,0.0,-1,-1,-1,-1,0.0,0.0
2026-03-30T03:00,0.0,0.0,0.0,0.0,24.8,3.34,7.7,204,100,18260.0,1,0.487,760.0,845.0,0,0.0,3,0,0.0,-1,-1,-1,-1,0.0,0.0
2026-03-30T04:00,0.1,1.0,0.0,0.0,26.2,4.82,13.3,222,100,18260.0,1,0.486,1190.0,1215.0,0,0.0,51,0,0.0,-1,-1,-1,-1,0.0,0.0
2026-03-30T05:00,0.0,0.0,0.0,0.0,27.4,4.39,13.3,223,70,19380.0,1,0.484,1120.0,1245.0,0,0.0,2,0,0.0,-1,-1,-1,-1,0.0,0.0
2026-03-30T06:00,0.0,0.0,0.0,0.0,27.8,3.43,12.6,226,88,19380.0,1,0.516,1000.0,1655.0,0,0.0,3,0,0.0,-1,-1,-1,-1,0.0,0.0
2026-03-30T07:00,0.1,1.0,0.0,0.0,28.0,4.08,10.8,237,100,16580.0,1,0.507,1090.0,1510.0,0,0.0,51,0,0.0,-1,-1,-1,-1,0.0,0.0
2026-03-30T08:00,0.0,0.0,0.0,0.0,26.5,3.04,10.5,243,98,7340.0,1,0.503,680.0,965.0,0,0.0,3,0,0.0,-1,-1,-1,-1,0.0,0.0
2026-03-30T09:00,4.9,0.939,0.0,0.0,21.3,2.21,8.0,6,68,7460.0,1,0.506,510.0,380.0,0,0.2486,95,1,0.3,51,0,3,5,1.222,0.889
2026-03-30T10:00,0.7,0.286,0.0,0.0,20.3,2.35,5.3,356,100,2980.0,1,0.51,500.0,400.0,0,0.0,53,1,0.5,51,1,2,5,1.222,0.497
2026-03-30T11:00,0.5,0.2,0.0,0.0,19.6,3.7,7.0,19,100,5560.0,0,0.512,400.0,510.0,0,0.0,53,1,0.4,51,2,1,5,1.222,0.446
2026-03-30T12:00,0.0,0.0,0.0,0.0,18.7,3.2,8.0,14,100,6580.0,0,0.501,10.0,460.0,0,0.0,3,0,0.0,-1,-1,-1,-1,0.0,0.0
2026-03-30T13:00,0.0,0.0,0.0,0.0,18.1,2.8,6.4,29,100,6140.0,0,0.5,10.0,480.0,0,0.0,3,0,0.0,-1,-1,-1,-1,0.0,0.0
2026-03-30T14:00,0.0,0.0,0.0,0.0,17.8,2.33,5.4,28,100,8500.0,0,0.499,10.0,475.0,0,0.0,3,0,0.0,-1,-1,-1,-1,0.0,0.0
2026-03-30T15:00,0.0,0.0,0.0,0.0,17.5,2.2,4.6,17,100,9600.0,0,0.498,10.0,485.0,0,0.0,3,0,0.0,-1,-1,-1,-1,0.0,0.0
2026-03-30T16:00,0.0,0.0,0.0,0.0,17.2,2.05,4.6,45,100,7380.0,0,0.497,0.0,445.0,0,0.0,3,0,0.0,-1,-1,-1,-1,0.0,0.0
2026-03-30T17:00,0.3,0.667,0.0,0.0,17.0,1.87,4.1,8,100,5880.0,0,0.498,10.0,445.0,0,0.0,51,1,0.1,52,0,2,5,0.566,0.551
2026-03-30T18:00,0.7,0.429,0.0,0.0,16.8,1.8,3.9,2,100,5160.0,0,0.5,10.0,350.0,0,0.0,53,1,0.4,52,1,1,5,0.566,0.408
2026-03-30T19:00,0.1,0.0,0.0,0.0,16.7,1.43,3.4,36,100,7280.0,0,0.499,10.0,370.0,0,0.0,51,0,0.1,-1,-1,-1,-1,0.0,0.0
2026-03-30T20:00,0.0,0.0,0.0,0.0,16.4,1.24,3.0,47,91,7960.0,0,0.498,0.0,285.0,0,0.0,3,0,0.0,-1,-1,-1,-1,0.0,0.0
2026-03-30T21:00,0.0,0.0,0.0,0.0,16.2,0.47,2.2,18,100,8060.0,0,0.497,0.0,25.0,0,0.0,3,0,0.0,-1,-1,-1,-1,0.0,0.0
2026-03-30T22:00,0.0,0.0,0.0,0.0,15.9,1.49,2.7,320,100,5980.0,0,0.496,210.0,155.0,0,0.0,3,0,0.0,-1,-1,-1,-1,0.0,0.0
2026-03-30T23:00,0.2,0.5,0.0,0.0,16.0,1.46,3.4,344,100,8180.0,1,0.496,410.0,225.0,0,0.0,51,0,0.1,-1,-1,-1,-1,0.0,0.0
2026-03-31T00:00,7.4,1.0,0.0,0.0,14.6,2.07,6.8,352,100,2360.0,1,0.488,10.0,425.0,0,0.005,81,1,0.0,53,0,9,45,0.84,0.824
2026-03-31T01:00,4.7,0.298,0.0,0.0,14.5,2.23,5.3,16,100,1320.0,1,0.515,120.0,535.0,0,0.0555,81,1,3.3,53,1,8,45,0.84,0.403
2026-03-31T02:00,6.4,0.125,0.0,0.0,14.4,2.33,5.2,35,100,2640.0,1,0.513,170.0,470.0,0,0.085,81,1,5.6,53,2,7,45,0.84,0.299
2026-03-31T03:00,1.7,0.471,0.0,0.0,15.2,3.0,6.9,332,100,2040.0,1,0.511,260.0,595.0,0,0.0227,80,1,0.9,53,3,6,45,0.84,0.507
2026-03-31T04:00,3.6,0.472,0.0,0.0,15.0,2.82,7.5,330,100,3100.0,1,0.511,20.0,440.0,0,0.0065,81,1,1.9,53,4,5,45,0.84,0.507
2026-03-31T05:00,0.7,0.429,0.0,0.0,16.6,2.95,6.9,11,97,9020.0,1,0.51,10.0,515.0,0,0.0,53,1,0.4,53,5,4,45,0.84,0.481
2026-03-31T06:00,0.2,1.0,0.0,0.0,16.2,1.81,7.8,14,100,10040.0,1,0.544,0.0,655.0,0,0.0,51,0,0.0,53,6,3,45,0.84,0.824
2026-03-31T07:00,1.3,0.538,0.0,0.0,15.2,1.82,6.4,9,100,3160.0,1,0.499,20.0,540.0,0,0.0008,80,1,0.6,53,7,2,45,0.84,0.547
2026-03-31T08:00,1.7,0.706,0.0,0.0,15.3,1.41,5.0,17,100,5940.0,1,0.501,20.0,220.0,0,0.0017,80,1,0.5,53,8,1,45,0.84,0.648
2026-03-31T09:00,0.2,0.5,0.0,0.0,15.4,2.29,4.5,16,100,7060.0,1,0.501,30.0,420.0,0,0.0,51,0,0.1,-1,-1,-1,-1,0.0,0.0
2026-03-31T10:00,0.2,1.0,0.0,0.0,15.3,2.44,5.3,11,99,6780.0,1,0.501,40.0,515.0,0,0.0,51,0,0.0,-1,-1,-1,-1,0.0,0.0
2026-03-31T11:00,0.2,1.0,0.0,0.0,15.1,1.66,4.9,25,100,5820.0,0,0.502,40.0,500.0,0,0.0,51,0,0.0,-1,-1,-1,-1,0.0,0.0
2026-03-31T12:00,0.1,1.0,0.0,0.0,15.2,1.12,3.1,27,100,8020.0,0,0.497,10.0,445.0,0,0.0,51,0,0.0,-1,-1,-1,-1,0.0,0.0
2026-03-31T13:00,0.0,0.0,0.0,0.0,15.1,0.92,2.3,49,99,13440.0,0,0.496,10.0,270.0,0,0.0,3,0,0.0,-1,-1,-1,-1,0.0,0.0
2026-03-31T14:00,0.0,0.0,0.0,0.0,15.0,0.35,1.9,98,81,13440.0,0,0.496,10.0,80.0,0,0.0,3,0,0.0,-1,-1,-1,-1,0.0,0.0
2026-03-31T15:00,0.0,0.0,0.0,0.0,14.5,0.54,1.0,158,97,13520.0,0,0.495,10.0,50.0,0,0.0,3,0,0.0,-1,-1,-1,-1,0.0,0.0
2026-03-31T16:00,0.0,0.0,0.0,0.0,14.1,0.67,0.9,167,38,11680.0,0,0.494,0.0,40.0,0,0.0,1,0,0.0,-1,-1,-1,-1,0.0,0.0
2026-03-31T17:00,0.0,0.0,0.0,0.0,13.3,0.25,0.9,180,10,11640.0,0,0.493,0.0,15.0,0,0.0,0,0,0.0,-1,-1,-1,-1,0.0,0.0
2026-03-31T18:00,0.0,0.0,0.0,0.0,13.3,0.11,0.7,153,41,8280.0,0,0.493,0.0,10.0,0,0.0,1,0,0.0,-1,-1,-1,-1,0.0,0.0
2026-03-31T19:00,0.1,1.0,0.0,0.0,13.0,0.18,0.6,146,66,7280.0,0,0.493,10.0,15.0,0,0.0,51,0,0.0,-1,-1,-1,-1,0.0,0.0
2026-03-31T20:00,0.1,1.0,0.0,0.0,13.1,0.32,0.8,141,70,7360.0,0,0.493,10.0,20.0,0,0.0,51,0,0.0,-1,-1,-1,-1,0.0,0.0
2026-03-31T21:00,0.0,0.0,0.0,0.0,13.0,0.35,0.8,135,98,7500.0,0,0.493,10.0,25.0,0,0.0,3,0,0.0,-1,-1,-1,-1,0.0,0.0
2026-03-31T22:00,0.0,0.0,0.0,0.0,12.8,0.41,0.8,166,99,10840.0,0,0.492,10.0,30.0,0,0.0,3,0,0.0,-1,-1,-1,-1,0.0,0.0
2026-03-31T23:00,0.0,0.0,0.0,0.0,13.3,0.87,0.9,193,80,6240.0,1,0.492,10.0,35.0,0,0.0,3,0,0.0,-1,-1,-1,-1,0.0,0.0
2026-04-01T00:00,0.0,0.0,0.0,0.0,14.2,0.21,2.5,135,59,11660.0,1,0.49,10.0,145.0,0,0.0,2,0,0.0,-1,-1,-1,-1,0.0,0.0
2026-04-01T01:00,0.0,0.0,0.0,0.0,16.5,1.19,4.3,15,73,17120.0,1,0.49,0.0,645.0,0,0.0,2,0,0.0,-1,-1,-1,-1,0.0,0.0
2026-04-01T02:00,0.0,0.0,0.0,0.0,18.2,1.58,5.3,18,75,18400.0,1,0.489,0.0,870.0,0,0.0,2,0,0.0,-1,-1,-1,-1,0.0,0.0
2026-04-01T03:00,0.0,0.0,0.0,0.0,19.8,2.15,6.5,12,81,19540.0,1,0.487,0.0,1010.0,0,0.0,3,0,0.0,-1,-1,-1,-1,0.0,0.0
2026-04-01T04:00,0.0,0.0,0.0,0.0,20.9,2.55,7.6,2,31,19540.0,1,0.485,0.0,950.0,0,0.0,1,0,0.0,-1,-1,-1,-1,0.0,0.0
2026-04-01T05:00,0.0,0.0,0.0,0.0,21.9,2.57,7.7,8,9,19540.0,1,0.482,0.0,915.0,0,0.0,0,0,0.0,-1,-1,-1,-1,0.0,0.0
2026-04-01T06:00,0.0,0.0,0.0,0.0,22.1,2.17,7.6,15,85,20500.0,1,0.48,0.0,940.0,0,0.0,3,0,0.0,-1,-1,-1,-1,0.0,0.0
2026-04-01T07:00,0.0,0.0,0.0,0.0,22.6,2.03,6.3,10,27,20500.0,1,0.478,0.0,895.0,0,0.0,1,0,0.0,-1,-1,-1,-1,0.0,0.0
2026-04-01T08:00,0.0,0.0,0.0,0.0,22.6,2.45,6.9,360,12,20500.0,1,0.477,0.0,880.0,0,0.0,0,0,0.0,-1,-1,-1,-1,0.0,0.0
2026-04-01T09:00,0.0,0.0,0.0,0.0,22.0,2.05,6.5,360,9,19560.0,1,0.476,0.0,730.0,0,0.0,0,0,0.0,-1,-1,-1,-1,0.0,0.0
2026-04-01T10:00,0.0,0.0,0.0,0.0,20.4,1.48,5.0,28,4,19560.0,1,0.476,0.0,295.0,0,0.0,0,0,0.0,-1,-1,-1,-1,0.0,0.0
2026-04-01T11:00,0.0,0.0,0.0,0.0,17.7,1.46,2.8,68,2,19560.0,0,0.476,0.0,80.0,0,0.0,0,0,0.0,-1,-1,-1,-1,0.0,0.0
2026-04-01T12:00,0.0,0.0,0.0,0.0,17.0,1.2,2.6,88,88,18440.0,0,0.476,0.0,45.0,0,0.0,3,0,0.0,-1,-1,-1,-1,0.0,0.0
2026-04-01T13:00,0.0,0.0,0.0,0.0,16.7,0.83,2.1,115,100,18440.0,0,0.477,0.0,20.0,0,0.0,3,0,0.0,-1,-1,-1,-1,0.0,0.0
2026-04-01T14:00,0.0,0.0,0.0,0.0,16.0,0.16,1.4,162,100,17160.0,0,0.477,0.0,10.0,0,0.0,3,0,0.0,-1,-1,-1,-1,0.0,0.0
2026-04-01T15:00,0.0,0.0,0.0,0.0,15.1,0.27,1.0,158,98,13600.0,0,0.477,0.0,10.0,0,0.0,3,0,0.0,-1,-1,-1,-1,0.0,0.0
2026-04-01T16:00,0.0,0.0,0.0,0.0,14.7,0.21,1.1,135,91,11820.0,0,0.477,0.0,10.0,0,0.0,3,0,0.0,-1,-1,-1,-1,0.0,0.0
2026-04-01T17:00,0.0,0.0,0.0,0.0,14.5,0.42,1.5,135,48,11820.0,0,0.477,0.0,10.0,0,0.0,1,0,0.0,-1,-1,-1,-1,0.0,0.0
2026-04-01T18:00,0.0,0.0,0.0,0.0,15.7,0.6,1.2,185,46,11820.0,0,0.477,0.0,15.0,0,0.0,1,0,0.0,-1,-1,-1,-1,0.0,0.0
2026-04-01T19:00,0.0,0.0,0.0,0.0,14.9,0.63,1.6,162,27,11820.0,0,0.477,270.0,15.0,0,0.0,1,0,0.0,-1,-1,-1,-1,0.0,0.0
2026-04-01T20:00,0.0,0.0,0.0,0.0,14.3,0.5,1.9,174,99,11820.0,0,0.477,0.0,15.0,0,0.0,3,0,0.0,-1,-1,-1,-1,0.0,0.0
2026-04-01T21:00,0.0,0.0,0.0,0.0,15.0,1.13,2.5,131,100,11840.0,0,0.477,80.0,25.0,0,0.0,3,0,0.0,-1,-1,-1,-1,0.0,0.0
2026-04-01T22:00,0.0,0.0,0.0,0.0,15.8,0.35,2.6,135,100,13620.0,0,0.477,110.0,20.0,0,0.0,3,0,0.0,-1,-1,-1,-1,0.0,0.0
2026-04-01T23:00,0.0,0.0,0.0,0.0,16.3,0.67,1.7,117,100,15100.0,1,0.477,0.0,30.0,0,0.0,3,0,0.0,-1,-1,-1,-1,0.0,0.0
2026-04-02T00:00,0.0,0.0,0.0,0.0,17.9,0.76,2.2,169,47,17180.0,1,0.477,0.0,60.0,0,0.0,1,0,0.0,-1,-1,-1,-1,0.0,0.0
2026-04-02T01:00,0.0,0.0,0.0,0.0,21.3,1.81,5.2,332,100,18480.0,1,0.476,0.0,285.0,0,0.0,3,0,0.0,-1,-1,-1,-1,0.0,0.0
2026-04-02T02:00,0.0,0.0,0.0,0.0,22.5,0.97,5.4,339,46,19600.0,1,0.475,0.0,805.0,0,0.0,1,0,0.0,-1,-1,-1,-1,0.0,0.0
2026-04-02T03:00,0.0,0.0,0.0,0.0,26.0,2.04,5.7,208,66,20560.0,1,0.473,0.0,1245.0,0,0.0,2,0,0.0,-1,-1,-1,-1,0.0,0.0
2026-04-02T04:00,0.0,0.0,0.0,0.0,25.6,4.35,9.9,182,56,12860.0,1,0.471,0.0,1035.0,0,0.0,2,0,0.0,-1,-1,-1,-1,0.0,0.0
2026-04-02T05:00,0.0,0.0,0.0,0.0,25.8,3.82,10.4,186,41,10040.0,1,0.469,0.0,1145.0,0,0.0,1,0,0.0,-1,-1,-1,-1,0.0,0.0
2026-04-02T06:00,2.1,1.0,0.0,0.0,25.4,3.7,11.6,203,72,19620.0,1,0.469,0.0,1215.0,0,0.0,80,1,0.0,54,0,3,8,0.793,0.811
2026-04-02T07:00,0.7,0.714,0.0,0.0,23.4,1.81,7.9,219,91,7400.0,1,0.474,0.0,390.0,0,0.0,53,1,0.2,54,1,2,8,0.793,0.64
2026-04-02T08:00,0.5,0.8,0.0,0.0,22.8,0.97,4.3,258,100,7640.0,1,0.478,440.0,120.0,0,0.0,53,1,0.1,54,2,1,8,0.793,0.691
2026-04-02T09:00,0.0,0.0,0.0,0.0,22.5,0.64,3.2,315,92,13320.0,1,0.478,450.0,45.0,0,0.0,3,0,0.0,-1,-1,-1,-1,0.0,0.0
2026-04-02T10:00,0.0,0.0,0.0,0.0,22.0,0.94,2.9,335,100,11860.0,1,0.478,530.0,65.0,0,0.0,3,0,0.0,-1,-1,-1,-1,0.0,0.0
2026-04-02T11:00,0.0,0.0,0.0,0.0,21.0,0.5,2.1,6,84,11700.0,0,0.478,550.0,35.0,0,0.0,3,0,0.0,-1,-1,-1,-1,0.0,0.0
2026-04-02T12:00,0.0,0.0,0.0,0.0,18.7,0.15,1.5,360,56,5320.0,0,0.504,320.0,15.0,0,0.0,2,0,0.0,-1,-1,-1,-1,0.0,0.0
2026-04-02T13:00,0.0,0.0,0.0,0.0,18.4,0.41,1.5,76,55,7820.0,0,0.501,350.0,15.0,0,0.0,2,0,0.0,-1,-1,-1,-1,0.0,0.0
2026-04-02T14:00,0.0,0.0,0.0,0.0,18.3,0.1,1.6,360,94,8400.0,0,0.499,520.0,10.0,0,0.0,3,0,0.0,-1,-1,-1,-1,0.0,0.0
2026-04-02T15:00,0.0,0.0,0.0,0.0,18.3,0.8,2.1,266,100,11880.0,0,0.497,450.0,35.0,0,0.0,3,0,0.0,-1,-1,-1,-1,0.0,0.0
2026-04-02T16:00,0.0,0.0,0.0,0.0,18.5,1.33,2.2,326,100,5280.0,0,0.496,720.0,55.0,0,0.0,3,0,0.0,-1,-1,-1,-1,0.0,0.0
2026-04-02T17:00,2.5,0.92,0.0,0.0,17.9,0.9,5.4,87,100,4260.0,0,0.508,730.0,35.0,0,0.1369,95,1,0.2,55,0,3,4,0.678,0.733
2026-04-02T18:00,0.6,0.833,0.0,0.0,18.7,0.57,5.3,345,95,7960.0,0,0.512,710.0,25.0,0,0.0,53,1,0.1,55,1,2,4,0.678,0.68
2026-04-02T19:00,1.2,0.917,0.0,0.0,18.2,0.49,5.3,336,98,7920.0,0,0.506,700.0,25.0,0,0.0175,55,1,0.1,55,2,1,4,0.678,0.731
2026-04-02T20:00,0.0,0.0,0.0,0.0,18.5,0.25,1.7,11,100,8100.0,0,0.504,640.0,15.0,0,0.0,3,0,0.0,-1,-1,-1,-1,0.0,0.0
2026-04-02T21:00,0.0,0.0,0.0,0.0,18.5,1.74,3.5,198,100,13680.0,0,0.502,500.0,125.0,0,0.0,3,0,0.0,-1,-1,-1,-1,0.0,0.0
2026-04-02T22:00,0.0,0.0,0.0,0.0,19.5,0.38,3.8,247,100,9160.0,0,0.501,540.0,25.0,0,0.0,3,0,0.0,-1,-1,-1,-1,0.0,0.0
2026-04-02T23:00,0.1,0.0,0.0,0.0,18.8,1.41,2.8,262,100,6500.0,1,0.5,530.0,60.0,0,0.0,51,0,0.1,-1,-1,-1,-1,0.0,0.0
2026-04-03T00:00,0.8,0.875,0.0,0.0,19.7,2.66,10.5,298,100,2900.0,1,0.51,710.0,170.0,0,0.0,53,1,0.1,56,0,6,52,0.834,0.747
2026-04-03T01:00,5.7,0.719,0.0,0.0,19.2,1.32,8.6,351,100,1920.0,1,0.51,700.0,205.0,0,0.35,95,1,1.6,56,1,5,52,0.834,0.654
2026-04-03T02:00,10.2,0.735,0.0,0.0,18.2,2.86,8.8,4,100,1860.0,1,0.51,790.0,345.0,0,0.395,95,1,2.7,56,2,4,52,0.834,0.663
2026-04-03T03:00,4.7,0.553,0.0,0.0,17.7,1.8,7.6,358,100,1320.0,1,0.51,350.0,320.0,0,0.1619,95,1,2.1,56,3,3,52,0.834,0.554
2026-04-03T04:00,13.1,0.031,0.0,0.0,18.0,1.72,5.1,352,100,1720.0,1,0.509,10.0,505.0,0,0.005,82,1,12.7,56,4,2,52,0.834,0.241
2026-04-03T05:00,1.0,0.1,0.0,0.0,18.8,2.43,6.1,8,100,8020.0,1,0.509,10.0,450.0,0,0.0,55,1,0.9,56,5,1,52,0.834,0.282
2026-04-03T06:00,0.1,1.0,0.0,0.0,18.2,2.87,7.4,6,100,8540.0,1,0.507,60.0,470.0,0,0.0,51,0,0.0,-1,-1,-1,-1,0.0,0.0
2026-04-03T07:00,0.2,0.0,0.0,0.0,18.7,3.07,6.7,24,100,4780.0,1,0.506,0.0,520.0,0,0.0,51,0,0.2,-1,-1,-1,-1,0.0,0.0
2026-04-03T08:00,0.2,0.0,0.0,0.0,18.2,2.13,6.7,51,100,11200.0,1,0.505,0.0,390.0,0,0.0,51,0,0.2,-1,-1,-1,-1,0.0,0.0
2026-04-03T09:00,0.0,0.0,0.0,0.0,18.2,2.62,6.6,55,73,15200.0,1,0.503,0.0,515.0,0,0.0,2,0,0.0,-1,-1,-1,-1,0.0,0.0
2026-04-03T10:00,0.0,0.0,0.0,0.0,18.4,1.6,5.7,51,96,15200.0,1,0.501,0.0,535.0,0,0.0,3,0,0.0,-1,-1,-1,-1,0.0,0.0
2026-04-03T11:00,0.0,0.0,0.0,0.0,17.5,1.52,3.5,131,38,13680.0,0,0.499,0.0,100.0,0,0.0,1,0,0.0,-1,-1,-1,-1,0.0,0.0
2026-04-03T12:00,0.0,0.0,0.0,0.0,16.5,1.96,3.5,128,99,13460.0,0,0.5,0.0,65.0,0,0.0,3,0,0.0,-1,-1,-1,-1,0.0,0.0
2026-04-03T13:00,0.0,0.0,0.0,0.0,16.2,1.5,3.3,143,98,13720.0,0,0.499,0.0,25.0,0,0.0,3,0,0.0,-1,-1,-1,-1,0.0,0.0
2026-04-03T14:00,0.0,0.0,0.0,0.0,15.7,0.9,2.6,146,100,15220.0,0,0.498,0.0,20.0,0,0.0,3,0,0.0,-1,-1,-1,-1,0.0,0.0
2026-04-03T15:00,0.0,0.0,0.0,0.0,15.2,0.57,1.7,165,100,15220.0,0,0.497,0.0,15.0,0,0.0,3,0,0.0,-1,-1,-1,-1,0.0,0.0
2026-04-03T16:00,0.0,0.0,0.0,0.0,15.1,0.3,1.0,189,100,15220.0,0,0.496,0.0,10.0,0,0.0,3,0,0.0,-1,-1,-1,-1,0.0,0.0
2026-04-03T17:00,0.0,0.0,0.0,0.0,14.7,0.1,0.6,180,53,15220.0,0,0.495,0.0,10.0,0,0.0,2,0,0.0,-1,-1,-1,-1,0.0,0.0
2026-04-03T18:00,0.0,0.0,0.0,0.0,14.7,0.11,0.6,207,100,13740.0,0,0.494,0.0,10.0,0,0.0,3,0,0.0,-1,-1,-1,-1,0.0,0.0
2026-04-03T19:00,0.0,0.0,0.0,0.0,14.3,1.26,2.1,162,100,13740.0,0,0.494,0.0,35.0,0,0.0,3,0,0.0,-1,-1,-1,-1,0.0,0.0
2026-04-03T20:00,0.0,0.0,0.0,0.0,13.6,0.47,2.5,162,100,13740.0,0,0.493,0.0,15.0,0,0.0,3,0,0.0,-1,-1,-1,-1,0.0,0.0
2026-04-03T21:00,0.0,0.0,0.0,0.0,13.6,0.58,1.1,149,100,13740.0,0,0.492,0.0,25.0,0,0.0,3,0,0.0,-1,-1,-1,-1,0.0,0.0
2026-04-03T22:00,0.0,0.0,0.0,0.0,13.4,0.66,1.1,189,100,13760.0,0,0.492,0.0,30.0,0,0.0,3,0,0.0,-1,-1,-1,-1,0.0,0.0
2026-04-03T23:00,0.0,0.0,0.0,0.0,14.1,0.65,1.7,157,100,13760.0,1,0.491,0.0,30.0,0,0.0,3,0,0.0,-1,-1,-1,-1,0.0,0.0
2026-04-04T00:00,0.0,0.0,0.0,0.0,15.3,1.31,1.8,137,100,13760.0,1,0.491,0.0,80.0,0,0.0,3,0,0.0,-1,-1,-1,-1,0.0,0.0
2026-04-04T01:00,0.0,0.0,0.0,0.0,17.7,0.34,3.2,207,100,17340.0,1,0.49,0.0,280.0,0,0.0,3,0,0.0,-1,-1,-1,-1,0.0,0.0
2026-04-04T02:00,0.0,0.0,0.0,0.0,19.9,0.7,3.9,249,100,18640.0,1,0.489,0.0,485.0,0,0.0,3,0,0.0,-1,-1,-1,-1,0.0,0.0
2026-04-04T03:00,0.0,0.0,0.0,0.0,21.0,0.61,3.8,325,100,18640.0,1,0.487,0.0,495.0,0,0.0,3,0,0.0,-1,-1,-1,-1,0.0,0.0
2026-04-04T04:00,0.0,0.0,0.0,0.0,21.1,1.57,4.5,329,100,18640.0,1,0.486,0.0,440.0,0,0.0,3,0,0.0,-1,-1,-1,-1,0.0,0.0
2026-04-04T05:00,0.0,0.0,0.0,0.0,21.5,1.96,5.8,341,90,19780.0,1,0.485,0.0,405.0,0,0.0,3,0,0.0,-1,-1,-1,-1,0.0,0.0
2026-04-04T06:00,0.0,0.0,0.0,0.0,24.1,1.76,5.5,340,21,19780.0,1,0.483,0.0,590.0,0,0.0,1,0,0.0,-1,-1,-1,-1,0.0,0.0
2026-04-04T07:00,0.0,0.0,0.0,0.0,25.6,2.21,6.3,322,3,20740.0,1,0.481,0.0,705.0,0,0.0,0,0,0.0,-1,-1,-1,-1,0.0,0.0
2026-04-04T08:00,0.0,0.0,0.0,0.0,25.5,2.33,6.7,325,1,20740.0,1,0.479,0.0,630.0,0,0.0,0,0,0.0,-1,-1,-1,-1,0.0,0.0
2026-04-04T09:00,0.0,0.0,0.0,0.0,24.9,1.83,5.9,334,2,20740.0,1,0.478,0.0,400.0,0,0.0,0,0,0.0,-1,-1,-1,-1,0.0,0.0
2026-04-04T10:00,0.0,0.0,0.0,0.0,22.6,0.91,4.3,354,0,19800.0,1,0.478,0.0,60.0,0,0.0,0,0,0.0,-1,-1,-1,-1,0.0,0.0
2026-04-04T11:00,0.0,0.0,0.0,0.0,20.4,0.11,1.3,153,0,19800.0,0,0.478,0.0,10.0,0,0.0,0,0,0.0,-1,-1,-1,-1,0.0,0.0
2026-04-04T12:00,0.0,0.0,0.0,0.0,19.3,0.85,1.6,130,0,19800.0,0,0.478,0.0,20.0,0,0.0,0,0,0.0,-1,-1,-1,-1,0.0,0.0
2026-04-04T13:00,0.0,0.0,0.0,0.0,17.7,1.37,3.0,156,0,17380.0,0,0.478,0.0,15.0,0,0.0,0,0,0.0,-1,-1,-1,-1,0.0,0.0
2026-04-04T14:00,0.0,0.0,0.0,0.0,15.6,1.64,3.6,160,51,15280.0,0,0.478,0.0,20.0,0,0.0,2,0,0.0,-1,-1,-1,-1,0.0,0.0
2026-04-04T15:00,0.0,0.0,0.0,0.0,14.6,1.66,3.6,155,57,13800.0,0,0.478,0.0,20.0,0,0.0,2,0,0.0,-1,-1,-1,-1,0.0,0.0
2026-04-04T16:00,0.0,0.0,0.0,0.0,14.0,1.36,3.6,152,24,13800.0,0,0.478,0.0,15.0,0,0.0,1,0,0.0,-1,-1,-1,-1,0.0,0.0
2026-04-04T17:00,0.0,0.0,0.0,0.0,13.3,1.08,3.1,146,2,13800.0,0,0.478,0.0,15.0,0,0.0,0,0,0.0,-1,-1,-1,-1,0.0,0.0
2026-04-04T18:00,0.0,0.0,0.0,0.0,13.0,1.03,2.9,166,4,13820.0,0,0.478,0.0,15.0,0,0.0,0,0,0.0,-1,-1,-1,-1,0.0,0.0
2026-04-04T19:00,0.0,0.0,0.0,0.0,13.0,0.65,2.5,157,2,15300.0,0,0.478,0.0,15.0,0,0.0,0,0,0.0,-1,-1,-1,-1,0.0,0.0
2026-04-04T20:00,0.0,0.0,0.0,0.0,12.9,0.74,2.0,160,20,15300.0,0,0.478,0.0,15.0,0,0.0,1,0,0.0,-1,-1,-1,-1,0.0,0.0
2026-04-04T21:00,0.0,0.0,0.0,0.0,12.8,0.5,2.0,143,6,15300.0,0,0.478,0.0,10.0,0,0.0,0,0,0.0,-1,-1,-1,-1,0.0,0.0
2026-04-04T22:00,0.0,0.0,0.0,0.0,12.3,0.45,1.9,153,99,15320.0,0,0.477,0.0,10.0,0,0.0,3,0,0.0,-1,-1,-1,-1,0.0,0.0
2026-04-04T23:00,0.0,0.0,0.0,0.0,13.5,1.05,2.6,155,100,15320.0,1,0.477,0.0,15.0,0,0.0,3,0,0.0,-1,-1,-1,-1,0.0,0.0
2026-04-05T00:00,0.0,0.0,0.0,0.0,18.4,0.68,3.0,197,52,18720.0,1,0.477,0.0,45.0,0,0.0,2,0,0.0,-1,-1,-1,-1,0.0,0.0
2026-04-05T01:00,0.0,0.0,0.0,0.0,23.1,0.74,3.3,290,22,19840.0,1,0.476,0.0,300.0,0,0.0,1,0,0.0,-1,-1,-1,-1,0.0,0.0
2026-04-05T02:00,0.0,0.0,0.0,0.0,26.1,0.81,4.0,292,12,19840.0,1,0.475,0.0,650.0,0,0.0,0,0,0.0,-1,-1,-1,-1,0.0,0.0
2026-04-05T03:00,0.0,0.0,0.0,0.0,28.3,1.59,5.2,229,14,20800.0,1,0.472,90.0,1050.0,0,0.0,0,0,0.0,-1,-1,-1,-1,0.0,0.0
2026-04-05T04:00,0.0,0.0,0.0,0.0,29.7,3.54,8.7,199,12,20800.0,1,0.47,410.0,1420.0,0,0.0,0,0,0.0,-1,-1,-1,-1,0.0,0.0
2026-04-05T05:00,0.0,0.0,0.0,0.0,30.3,4.27,10.2,196,16,20800.0,1,0.467,540.0,1470.0,0,0.0,0,0,0.0,-1,-1,-1,-1,0.0,0.0
2026-04-05T06:00,0.0,0.0,0.0,0.0,30.1,3.0,10.1,195,57,20800.0,1,0.464,510.0,1685.0,0,0.0,2,0,0.0,-1,-1,-1,-1,0.0,0.0
2026-04-05T07:00,0.2,1.0,0.0,0.0,30.4,2.85,8.1,211,69,20820.0,1,0.464,280.0,1700.0,0,0.0,51,0,0.0,-1,-1,-1,-1,0.0,0.0
2026-04-05T08:00,0.2,1.0,0.0,0.0,29.4,3.05,7.8,183,75,20840.0,1,0.464,310.0,1200.0,0,0.0,51,0,0.0,-1,-1,-1,-1,0.0,0.0
2026-04-05T09:00,0.2,0.0,0.0,0.0,26.5,2.83,6.5,238,96,3880.0,1,0.465,160.0,555.0,0,0.0,51,0,0.2,-1,-1,-1,-1,0.0,0.0
2026-04-05T10:00,1.6,0.75,0.0,0.0,22.3,2.02,7.7,300,88,1720.0,1,0.483,380.0,105.0,0,0.0285,80,1,0.4,57,0,1,8,0.0,0.45
2026-04-05T11:00,0.1,0.0,0.0,0.0,21.4,1.3,3.8,62,95,2560.0,0,0.483,500.0,85.0,0,0.0,51,0,0.1,-1,-1,-1,-1,0.0,0.0
2026-04-05T12:00,0.2,0.0,0.0,0.0,21.9,0.18,2.4,146,63,4000.0,0,0.477,1070.0,10.0,0,0.0,51,0,0.2,-1,-1,-1,-1,0.0,0.0
2026-04-05T13:00,0.0,0.0,0.0,0.0,20.9,0.85,1.7,177,100,5420.0,0,0.477,720.0,20.0,0,0.0,3,0,0.0,-1,-1,-1,-1,0.0,0.0
2026-04-05T14:00,0.1,0.0,0.0,0.0,20.7,1.22,2.2,161,99,9340.0,0,0.477,560.0,30.0,0,0.0,51,0,0.1,-1,-1,-1,-1,0.0,0.0
2026-04-05T15:00,0.0,0.0,0.0,0.0,20.6,1.48,3.1,168,48,12080.0,0,0.477,560.0,30.0,0,0.0,1,0,0.0,-1,-1,-1,-1,0.0,0.0
2026-04-05T16:00,0.0,0.0,0.0,0.0,20.0,0.98,2.8,165,52,6960.0,0,0.477,690.0,20.0,0,0.0,2,0,0.0,-1,-1,-1,-1,0.0,0.0
2026-04-05T17:00,0.2,0.5,0.0,0.0,19.5,0.49,1.9,114,78,8640.0,0,0.479,600.0,15.0,0,0.0,51,0,0.1,-1,-1,-1,-1,0.0,0.0
2026-04-05T18:00,0.2,0.5,0.0,0.0,19.7,0.76,1.2,32,100,2440.0,0,0.47,450.0,35.0,0,0.0,51,0,0.1,-1,-1,-1,-1,0.0,0.0
2026-04-05T19:00,1.1,0.091,0.0,0.0,20.1,0.22,1.7,153,100,2840.0,0,0.484,300.0,25.0,0,0.0038,55,1,1.0,58,0,4,5,0.167,0.099
2026-04-05T20:00,0.8,0.0,0.0,0.0,19.9,1.0,3.4,127,97,3040.0,0,0.494,0.0,65.0,0,0.0,53,1,0.8,58,1,3,5,0.167,0.044
2026-04-05T21:00,1.2,0.083,0.0,0.0,19.9,0.91,3.1,174,97,2800.0,0,0.508,300.0,45.0,0,0.0075,55,1,1.1,58,2,2,5,0.167,0.094
2026-04-05T22:00,1.0,0.2,0.0,0.0,19.7,1.05,2.8,185,99,4660.0,0,0.512,230.0,50.0,0,0.0,55,1,0.8,58,3,1,5,0.167,0.164
2026-04-05T23:00,0.1,0.0,0.0,0.0,20.2,0.82,1.8,142,95,10120.0,1,0.507,160.0,30.0,0,0.0,51,0,0.1,-1,-1,-1,-1,0.0,0.0
2026-04-06T00:00,0.0,0.0,0.0,0.0,21.7,0.25,2.8,360,66,8220.0,1,0.496,130.0,50.0,0,0.0,2,0,0.0,-1,-1,-1,-1,0.0,0.0
2026-04-06T01:00,0.0,0.0,0.0,0.0,24.0,1.01,3.8,303,90,13680.0,1,0.494,380.0,210.0,0,0.0,3,0,0.0,-1,-1,-1,-1,0.0,0.0
2026-04-06T02:00,0.0,0.0,0.0,0.0,26.0,0.71,3.9,315,100,17500.0,1,0.492,710.0,515.0,0,0.0,3,0,0.0,-1,-1,-1,-1,0.0,0.0
2026-04-06T03:00,0.0,0.0,0.0,0.0,26.9,0.78,3.8,333,80,11580.0,1,0.49,860.0,590.0,0,0.0,3,0,0.0,-1,-1,-1,-1,0.0,0.0
2026-04-06T04:00,1.9,0.947,0.0,0.0,28.3,2.04,7.8,324,96,18800.0,1,0.51,880.0,805.0,0,0.099,95,1,0.1,59,0,9,17,0.807,0.783
2026-04-06T05:00,1.7,0.941,0.0,0.0,25.6,0.91,7.5,354,86,6400.0,1,0.505,680.0,300.0,0,0.0595,95,1,0.1,59,1,8,17,0.807,0.78
2026-04-06T06:00,0.5,0.4,0.0,0.0,24.2,2.47,5.8,32,100,6680.0,1,0.517,720.0,490.0,0,0.0,53,1,0.3,59,2,7,17,0.807,0.455
2026-04-06T07:00,0.5,0.6,0.0,0.0,24.3,3.77,9.6,22,100,4860.0,1,0.51,620.0,535.0,0,0.0,53,1,0.2,59,3,6,17,0.807,0.575
2026-04-06T08:00,0.9,0.222,0.0,0.0,22.4,2.95,8.8,11,100,3360.0,1,0.511,300.0,420.0,0,0.0,53,1,0.7,59,4,5,17,0.807,0.348
2026-04-06T09:00,0.4,0.0,0.0,0.0,22.1,2.44,6.2,23,100,3720.0,1,0.51,280.0,395.0,0,0.0,51,1,0.4,59,5,4,17,0.807,0.215
2026-04-06T10:00,0.5,0.2,0.0,0.0,21.8,1.75,5.1,358,100,4400.0,1,0.51,120.0,355.0,0,0.0,53,1,0.4,59,6,3,17,0.807,0.335
2026-04-06T11:00,0.2,0.0,0.0,0.0,21.2,2.16,4.1,356,100,5100.0,0,0.508,10.0,325.0,0,0.0,51,0,0.2,59,7,2,17,0.807,0.215
2026-04-06T12:00,0.3,0.333,0.0,0.0,20.9,1.95,4.7,13,77,7940.0,0,0.502,0.0,200.0,0,0.0,51,1,0.2,59,8,1,17,0.807,0.415
2026-04-06T13:00,0.0,0.0,0.0,0.0,20.6,1.86,3.6,14,100,8220.0,0,0.5,0.0,300.0,0,0.0,3,0,0.0,-1,-1,-1,-1,0.0,0.0
2026-04-06T14:00,0.0,0.0,0.0,0.0,20.2,1.94,3.8,18,100,7520.0,0,0.499,0.0,325.0,0,0.0,3,0,0.0,-1,-1,-1,-1,0.0,0.0
2026-04-06T15:00,0.0,0.0,0.0,0.0,20.2,1.32,3.9,25,100,6840.0,0,0.498,0.0,300.0,0,0.0,3,0,0.0,-1,-1,-1,-1,0.0,0.0
2026-04-06T16:00,0.1,0.0,0.0,0.0,20.1,0.85,2.5,21,100,5720.0,0,0.497,0.0,250.0,0,0.0,51,0,0.1,-1,-1,-1,-1,0.0,0.0
2026-04-06T17:00,0.1,0.0,0.0,0.0,19.8,1.6,2.9,340,100,4720.0,0,0.498,0.0,265.0,0,0.0,51,0,0.1,-1,-1,-1,-1,0.0,0.0
2026-04-06T18:00,0.2,0.0,0.0,0.0,19.6,2.36,3.4,355,100,7460.0,0,0.495,0.0,280.0,0,0.0,51,0,0.2,-1,-1,-1,-1,0.0,0.0
2026-04-06T19:00,0.0,0.0,0.0,0.0,19.4,2.25,4.7,359,100,7180.0,0,0.494,0.0,255.0,0,0.0,3,0,0.0,-1,-1,-1,-1,0.0,0.0
2026-04-06T20:00,0.0,0.0,0.0,0.0,19.3,1.6,4.4,360,100,7060.0,0,0.494,0.0,180.0,0,0.0,3,0,0.0,-1,-1,-1,-1,0.0,0.0
2026-04-06T21:00,0.0,0.0,0.0,0.0,19.1,1.73,3.3,350,100,7140.0,0,0.493,0.0,190.0,0,0.0,3,0,0.0,-1,-1,-1,-1,0.0,0.0
2026-04-06T22:00,0.0,0.0,0.0,0.0,19.0,1.57,3.2,9,100,6500.0,0,0.493,0.0,195.0,0,0.0,3,0,0.0,-1,-1,-1,-1,0.0,0.0
2026-04-06T23:00,0.1,0.0,0.0,0.0,19.1,1.5,3.0,30,100,1780.0,1,0.493,0.0,170.0,0,0.0,51,0,0.1,-1,-1,-1,-1,0.0,0.0
2026-04-07T00:00,0.0,0.0,0.0,0.0,19.1,1.98,3.6,45,100,540.0,1,0.495,0.0,200.0,0,0.0,3,0,0.0,-1,-1,-1,-1,0.0,0.0
2026-04-07T01:00,0.0,0.0,0.0,0.0,20.5,1.85,5.2,38,100,680.0,1,0.495,0.0,275.0,0,0.0,3,0,0.0,-1,-1,-1,-1,0.0,0.0
2026-04-07T02:00,0.0,0.0,0.0,0.0,21.7,0.76,4.7,352,100,3760.0,1,0.494,0.0,365.0,0,0.0,3,0,0.0,-1,-1,-1,-1,0.0,0.0
2026-04-07T03:00,0.0,0.0,0.0,0.0,23.3,1.57,4.6,329,100,17580.0,1,0.492,0.0,535.0,0,0.0,3,0,0.0,-1,-1,-1,-1,0.0,0.0
2026-04-07T04:00,0.0,0.0,0.0,0.0,25.0,3.06,7.8,345,100,17580.0,1,0.491,0.0,705.0,0,0.0,3,0,0.0,-1,-1,-1,-1,0.0,0.0
2026-04-07T05:00,0.0,0.0,0.0,0.0,24.9,2.12,8.0,15,99,15160.0,1,0.489,460.0,520.0,0,0.0,3,0,0.0,-1,-1,-1,-1,0.0,0.0
2026-04-07T06:00,1.6,1.0,0.0,0.0,24.0,2.9,7.0,357,100,7360.0,1,0.521,670.0,505.0,0,0.0503,95,1,0.0,60,0,1,4,0.0,0.6
2026-04-07T07:00,0.2,0.5,0.0,0.0,24.3,2.89,6.8,10,100,8940.0,1,0.502,980.0,600.0,0,0.0,51,0,0.1,-1,-1,-1,-1,0.0,0.0
2026-04-07T08:00,0.1,0.0,0.0,0.0,23.0,2.56,7.2,356,100,8480.0,1,0.501,800.0,510.0,0,0.0,51,0,0.1,-1,-1,-1,-1,0.0,0.0
2026-04-07T09:00,0.1,0.0,0.0,0.0,22.6,1.78,5.8,350,100,8020.0,1,0.5,890.0,460.0,0,0.0,51,0,0.1,-1,-1,-1,-1,0.0,0.0
2026-04-07T10:00,0.0,0.0,0.0,0.0,22.1,1.61,4.3,16,100,9980.0,1,0.499,910.0,385.0,0,0.0,3,0,0.0,-1,-1,-1,-1,0.0,0.0
2026-04-07T11:00,1.4,0.929,0.0,0.0,21.4,1.01,3.4,351,100,4680.0,0,0.513,690.0,205.0,0,0.0345,80,1,0.1,61,0,2,74,0.534,0.7
2026-04-07T12:00,3.1,0.839,0.0,0.0,19.7,1.32,1.7,349,98,5680.0,0,0.51,790.0,130.0,0,0.2074,95,1,0.5,61,1,1,74,0.534,0.646
2026-04-07T13:00,0.0,0.0,0.0,0.0,19.5,0.74,2.4,42,92,1040.0,0,0.508,910.0,85.0,0,0.0,3,0,0.0,-1,-1,-1,-1,0.0,0.0
2026-04-07T14:00,0.0,0.0,0.0,0.0,19.3,0.66,1.2,9,100,920.0,0,0.505,940.0,55.0,0,0.0,3,0,0.0,-1,-1,-1,-1,0.0,0.0
2026-04-07T15:00,0.0,0.0,0.0,0.0,19.4,0.87,1.5,336,100,960.0,0,0.503,770.0,75.0,0,0.0,3,0,0.0,-1,-1,-1,-1,0.0,0.0
2026-04-07T16:00,0.0,0.0,0.0,0.0,19.2,0.74,1.8,318,100,220.0,0,0.502,980.0,65.0,0,0.0,3,0,0.0,-1,-1,-1,-1,0.0,0.0
2026-04-07T17:00,0.0,0.0,0.0,0.0,19.3,0.59,1.9,20,100,200.0,0,0.5,1090.0,45.0,0,0.0,3,0,0.0,-1,-1,-1,-1,0.0,0.0
2026-04-07T18:00,0.0,0.0,0.0,0.0,19.1,1.07,1.9,11,100,220.0,0,0.499,960.0,60.0,0,0.0,3,0,0.0,-1,-1,-1,-1,0.0,0.0
2026-04-07T19:00,0.0,0.0,0.0,0.0,19.1,1.22,3.0,9,100,200.0,0,0.498,830.0,70.0,0,0.0,3,0,0.0,-1,-1,-1,-1,0.0,0.0
2026-04-07T20:00,0.0,0.0,0.0,0.0,19.2,1.13,2.8,13,100,240.0,0,0.497,770.0,55.0,0,0.0,3,0,0.0,-1,-1,-1,-1,0.0,0.0
2026-04-07T21:00,0.0,0.0,0.0,0.0,19.2,0.85,2.5,357,100,220.0,0,0.497,880.0,50.0,0,0.0,3,0,0.0,-1,-1,-1,-1,0.0,0.0
2026-04-07T22:00,0.0,0.0,0.0,0.0,19.2,0.72,1.9,335,100,200.0,0,0.496,940.0,40.0,0,0.0,3,0,0.0,-1,-1,-1,-1,0.0,0.0
2026-04-07T23:00,0.0,0.0,0.0,0.0,19.8,0.75,2.0,323,100,200.0,1,0.495,660.0,30.0,0,0.0,3,0,0.0,-1,-1,-1,-1,0.0,0.0
2026-04-08T00:00,0.0,0.0,0.0,0.0,21.5,0.74,3.0,290,100,340.0,1,0.494,540.0,35.0,0,0.0,3,0,0.0,-1,-1,-1,-1,0.0,0.0
2026-04-08T01:00,0.0,0.0,0.0,0.0,24.6,0.85,3.7,298,95,15540.0,1,0.493,830.0,125.0,0,0.0,3,0,0.0,-1,-1,-1,-1,0.0,0.0
2026-04-08T02:00,0.0,0.0,0.0,0.0,28.3,2.33,5.6,189,91,18960.0,1,0.491,1620.0,1125.0,0,0.0,3,0,0.0,-1,-1,-1,-1,0.0,0.0
2026-04-08T03:00,0.0,0.0,0.0,0.0,30.0,5.78,12.2,186,67,20100.0,1,0.489,1430.0,1380.0,0,0.0,2,0,0.0,-1,-1,-1,-1,0.0,0.0
2026-04-08T04:00,0.0,0.0,0.0,0.0,30.1,5.95,13.1,181,69,13000.0,1,0.487,1530.0,1345.0,0,0.0,2,0,0.0,-1,-1,-1,-1,0.0,0.0
2026-04-08T05:00,0.0,0.0,0.0,0.0,31.0,6.25,13.5,180,95,20100.0,1,0.484,1780.0,1345.0,0,0.0,3,0,0.0,-1,-1,-1,-1,0.0,0.0
2026-04-08T06:00,0.0,0.0,0.0,0.0,29.8,5.82,13.9,176,87,20100.0,1,0.481,1000.0,1220.0,0,0.0,3,0,0.0,-1,-1,-1,-1,0.0,0.0
2026-04-08T07:00,0.0,0.0,0.0,0.0,29.7,6.22,13.2,175,55,20100.0,1,0.48,1150.0,1230.0,0,0.0,2,0,0.0,-1,-1,-1,-1,0.0,0.0
2026-04-08T08:00,0.0,0.0,0.0,0.0,29.4,6.33,14.1,174,95,18980.0,1,0.478,1200.0,1185.0,0,0.0,3,0,0.0,-1,-1,-1,-1,0.0,0.0
2026-04-08T09:00,0.0,0.0,0.0,0.0,28.1,4.96,13.4,171,86,18020.0,1,0.477,1250.0,1000.0,0,0.0,3,0,0.0,-1,-1,-1,-1,0.0,0.0
2026-04-08T10:00,0.0,0.0,0.0,0.0,27.2,6.95,14.3,170,92,19000.0,1,0.477,1190.0,920.0,0,0.0,3,0,0.0,-1,-1,-1,-1,0.0,0.0
2026-04-08T11:00,0.0,0.0,0.0,0.0,26.7,6.92,14.7,172,100,17960.0,0,0.477,1150.0,885.0,0,0.0,3,0,0.0,-1,-1,-1,-1,0.0,0.0
2026-04-08T12:00,0.0,0.0,0.0,0.0,26.3,6.65,14.9,173,100,15660.0,0,0.476,950.0,940.0,0,0.0,3,0,0.0,-1,-1,-1,-1,0.0,0.0
2026-04-08T13:00,0.0,0.0,0.0,0.0,26.1,6.03,13.8,174,98,17700.0,0,0.476,790.0,980.0,0,0.0,3,0,0.0,-1,-1,-1,-1,0.0,0.0
2026-04-08T14:00,0.0,0.0,0.0,0.0,25.8,6.22,13.1,175,93,17700.0,0,0.476,740.0,960.0,0,0.0,3,0,0.0,-1,-1,-1,-1,0.0,0.0
2026-04-08T15:00,0.0,0.0,0.0,0.0,25.8,6.95,14.7,173,100,17700.0,0,0.475,750.0,960.0,0,0.0,3,0,0.0,-1,-1,-1,-1,0.0,0.0
2026-04-08T16:00,0.0,0.0,0.0,0.0,25.9,6.94,14.9,174,82,17700.0,0,0.475,600.0,970.0,0,0.0,3,0,0.0,-1,-1,-1,-1,0.0,0.0
2026-04-08T17:00,0.0,0.0,0.0,0.0,25.5,7.03,14.9,175,98,17700.0,0,0.475,530.0,905.0,0,0.0,3,0,0.0,-1,-1,-1,-1,0.0,0.0
2026-04-08T18:00,0.0,0.0,0.0,0.0,25.6,6.08,15.2,174,40,17720.0,0,0.474,550.0,840.0,0,0.0,1,0,0.0,-1,-1,-1,-1,0.0,0.0
2026-04-08T19:00,0.0,0.0,0.0,0.0,25.3,6.63,14.2,171,80,17720.0,0,0.473,460.0,840.0,0,0.0,3,0,0.0,-1,-1,-1,-1,0.0,0.0
2026-04-08T20:00,0.0,0.0,0.0,0.0,25.0,5.37,14.1,175,88,17720.0,0,0.473,350.0,840.0,0,0.0,3,0,0.0,-1,-1,-1,-1,0.0,0.0
2026-04-08T21:00,0.0,0.0,0.0,0.0,24.3,2.03,11.5,196,84,17720.0,0,0.473,280.0,790.0,0,0.0,3,0,0.0,-1,-1,-1,-1,0.0,0.0
2026-04-08T22:00,0.0,0.0,0.0,0.0,24.5,3.0,5.5,181,88,14260.0,0,0.473,240.0,795.0,0,0.0,3,0,0.0,-1,-1,-1,-1,0.0,0.0
2026-04-08T23:00,0.0,0.0,0.0,0.0,24.9,4.11,8.5,185,86,17740.0,1,0.473,240.0,810.0,0,0.0,3,0,0.0,-1,-1,-1,-1,0.0,0.0
2026-04-09T00:00,0.0,0.0,0.0,0.0,26.1,4.15,8.6,181,73,17740.0,1,0.468,490.0,845.0,0,0.0,2,0,0.0,-1,-1,-1,-1,0.0,0.0
2026-04-09T01:00,0.0,0.0,0.0,0.0,27.7,6.11,13.0,178,45,19040.0,1,0.467,620.0,875.0,0,0.0,1,0,0.0,-1,-1,-1,-1,0.0,0.0
2026-04-09T02:00,0.0,0.0,0.0,0.0,29.3,6.42,14.0,184,58,20180.0,1,0.465,790.0,1065.0,0,0.0,2,0,0.0,-1,-1,-1,-1,0.0,0.0
2026-04-09T03:00,0.0,0.0,0.0,0.0,30.2,6.45,14.4,181,30,20180.0,1,0.463,910.0,1265.0,0,0.0,1,0,0.0,-1,-1,-1,-1,0.0,0.0
2026-04-09T04:00,0.0,0.0,0.0,0.0,31.5,6.71,14.8,183,13,20180.0,1,0.461,960.0,1710.0,0,0.0,0,0,0.0,-1,-1,-1,-1,0.0,0.0
2026-04-09T05:00,0.0,0.0,0.0,0.0,32.5,6.98,15.5,185,14,21140.0,1,0.458,1160.0,1750.0,0,0.0,0,0,0.0,-1,-1,-1,-1,0.0,0.0
2026-04-09T06:00,0.0,0.0,0.0,0.0,32.4,6.74,15.8,192,16,21140.0,1,0.461,1130.0,1725.0,0,0.0,0,0,0.0,-1,-1,-1,-1,0.0,0.0
2026-04-09T07:00,0.0,0.0,0.0,0.0,32.8,6.84,14.9,192,23,21140.0,1,0.458,1150.0,1600.0,0,0.0,1,0,0.0,-1,-1,-1,-1,0.0,0.0
2026-04-09T08:00,0.0,0.0,0.0,0.0,31.4,7.51,16.8,183,19,20160.0,1,0.456,1080.0,1205.0,0,0.0,0,0,0.0,-1,-1,-1,-1,0.0,0.0
2026-04-09T09:00,0.0,0.0,0.0,0.0,30.2,6.35,15.9,180,15,16640.0,1,0.454,1380.0,1110.0,0,0.0,0,0,0.0,-1,-1,-1,-1,0.0,0.0
2026-04-09T10:00,0.0,0.0,0.0,0.0,29.0,6.8,14.3,178,18,18980.0,1,0.454,1080.0,1035.0,0,0.0,0,0,0.0,-1,-1,-1,-1,0.0,0.0
2026-04-09T11:00,0.0,0.0,0.0,0.0,28.1,6.81,14.4,177,45,19000.0,0,0.453,840.0,960.0,0,0.0,1,0,0.0,-1,-1,-1,-1,0.0,0.0
2026-04-09T12:00,0.0,0.0,0.0,0.0,27.5,6.4,15.1,180,11,19080.0,0,0.443,580.0,835.0,0,0.0,0,0,0.0,-1,-1,-1,-1,0.0,0.0
2026-04-09T13:00,0.0,0.0,0.0,0.0,26.9,5.75,13.5,181,10,19080.0,0,0.444,350.0,775.0,0,0.0,0,0,0.0,-1,-1,-1,-1,0.0,0.0
2026-04-09T14:00,0.0,0.0,0.0,0.0,26.4,4.93,12.1,186,18,19080.0,0,0.444,440.0,705.0,0,0.0,0,0,0.0,-1,-1,-1,-1,0.0,0.0
2026-04-09T15:00,0.0,0.0,0.0,0.0,26.1,4.76,10.3,183,38,19100.0,0,0.444,480.0,660.0,0,0.0,1,0,0.0,-1,-1,-1,-1,0.0,0.0
2026-04-09T16:00,0.0,0.0,0.0,0.0,25.9,4.19,9.8,188,38,17780.0,0,0.445,450.0,585.0,0,0.0,1,0,0.0,-1,-1,-1,-1,0.0,0.0
2026-04-09T17:00,0.0,0.0,0.0,0.0,25.4,3.75,8.6,189,27,17780.0,0,0.445,420.0,535.0,0,0.0,1,0,0.0,-1,-1,-1,-1,0.0,0.0
2026-04-09T18:00,0.0,0.0,0.0,0.0,25.5,2.69,7.7,190,20,17800.0,0,0.427,420.0,430.0,0,0.0,1,0,0.0,-1,-1,-1,-1,0.0,0.0
2026-04-09T19:00,0.0,0.0,0.0,0.0,24.3,1.15,5.3,146,20,17580.0,0,0.428,380.0,365.0,0,0.0,1,0,0.0,-1,-1,-1,-1,0.0,0.0
2026-04-09T20:00,0.0,0.0,0.0,0.0,23.8,0.36,2.4,196,22,17720.0,0,0.429,500.0,45.0,0,0.0,1,0,0.0,-1,-1,-1,-1,0.0,0.0
2026-04-09T21:00,0.0,0.0,0.0,0.0,23.3,0.27,1.7,292,43,17540.0,0,0.431,580.0,20.0,0,0.0,1,0,0.0,-1,-1,-1,-1,0.0,0.0
2026-04-09T22:00,0.0,0.0,0.0,0.0,23.0,1.43,2.2,144,5,12800.0,0,0.432,630.0,70.0,0,0.0,0,0,0.0,-1,-1,-1,-1,0.0,0.0
2026-04-09T23:00,0.0,0.0,0.0,0.0,23.6,1.82,3.0,159,5,15700.0,1,0.433,490.0,245.0,0,0.0,0,0,0.0,-1,-1,-1,-1,0.0,0.0
2026-04-10T00:00,0.0,0.0,0.0,0.0,26.0,2.35,6.3,178,6,19120.0,1,0.427,480.0,355.0,0,0.0,0,0,0.0,-1,-1,-1,-1,0.0,0.0
2026-04-10T01:00,0.0,0.0,0.0,0.0,28.3,3.27,7.4,174,2,19120.0,1,0.426,720.0,530.0,0,0.0,0,0,0.0,-1,-1,-1,-1,0.0,0.0
2026-04-10T02:00,0.0,0.0,0.0,0.0,29.9,4.45,10.0,179,5,20260.0,1,0.425,860.0,730.0,0,0.0,0,0,0.0,-1,-1,-1,-1,0.0,0.0
2026-04-10T03:00,0.0,0.0,0.0,0.0,30.9,5.1,11.6,181,2,20260.0,1,0.423,880.0,1105.0,0,0.0,0,0,0.0,-1,-1,-1,-1,0.0,0.0
2026-04-10T04:00,0.0,0.0,0.0,0.0,32.2,5.16,11.8,183,2,21220.0,1,0.421,1010.0,1395.0,0,0.0,0,0,0.0,-1,-1,-1,-1,0.0,0.0
2026-04-10T05:00,0.0,0.0,0.0,0.0,33.1,5.11,11.8,189,8,21220.0,1,0.419,1190.0,1610.0,0,0.0,0,0,0.0,-1,-1,-1,-1,0.0,0.0
2026-04-10T06:00,0.0,0.0,0.0,0.0,33.4,4.68,12.1,198,24,21220.0,1,0.43,1060.0,1920.0,0,0.0,1,0,0.0,-1,-1,-1,-1,0.0,0.0
2026-04-10T07:00,0.0,0.0,0.0,0.0,32.6,4.7,11.3,201,41,21220.0,1,0.428,570.0,1440.0,0,0.0,1,0,0.0,-1,-1,-1,-1,0.0,0.0
2026-04-10T08:00,0.0,0.0,0.0,0.0,32.8,4.64,10.5,196,15,21220.0,1,0.426,790.0,1965.0,0,0.0,0,0,0.0,-1,-1,-1,-1,0.0,0.0
2026-04-10T09:00,0.0,0.0,0.0,0.0,31.7,4.41,11.0,193,15,21220.0,1,0.425,1150.0,1095.0,0,0.0,0,0,0.0,-1,-1,-1,-1,0.0,0.0
2026-04-10T10:00,0.0,0.0,0.0,0.0,30.3,4.0,9.5,181,30,20280.0,1,0.425,950.0,900.0,0,0.0,1,0,0.0,-1,-1,-1,-1,0.0,0.0
2026-04-10T11:00,0.0,0.0,0.0,0.0,28.8,3.93,8.2,165,13,20280.0,0,0.425,790.0,745.0,0,0.0,0,0,0.0,-1,-1,-1,-1,0.0,0.0
2026-04-10T12:00,0.0,0.0,0.0,0.0,27.9,3.85,8.5,167,5,19160.0,0,0.413,730.0,570.0,0,0.0,0,0,0.0,-1,-1,-1,-1,0.0,0.0
2026-04-10T13:00,0.0,0.0,0.0,0.0,28.0,5.44,10.9,169,59,19160.0,0,0.413,520.0,645.0,0,0.0,2,0,0.0,-1,-1,-1,-1,0.0,0.0
2026-04-10T14:00,0.0,0.0,0.0,0.0,28.0,5.61,11.8,172,30,19180.0,0,0.414,870.0,720.0,0,0.0,1,0,0.0,-1,-1,-1,-1,0.0,0.0
2026-04-10T15:00,1.0,1.0,0.0,0.0,24.7,3.3,11.7,342,91,10920.0,0,0.426,750.0,260.0,0,0.0,55,1,0.0,62,0,2,2,0.629,0.768
2026-04-10T16:00,2.6,1.0,0.0,0.0,22.3,0.58,10.4,149,100,2800.0,0,0.46,780.0,45.0,0,0.156,81,1,0.0,62,1,1,2,0.629,0.768
2026-04-10T17:00,0.1,0.0,0.0,0.0,23.3,1.04,3.8,343,100,11200.0,0,0.46,720.0,45.0,0,0.0,51,0,0.1,-1,-1,-1,-1,0.0,0.0
2026-04-10T18:00,0.0,0.0,0.0,0.0,22.6,1.88,2.4,312,85,5440.0,0,0.434,650.0,85.0,0,0.0,3,0,0.0,-1,-1,-1,-1,0.0,0.0
2026-04-10T19:00,2.2,0.864,0.0,0.0,22.3,1.35,5.5,274,95,2660.0,0,0.464,600.0,140.0,0,0.09,95,1,0.3,63,0,2,15,1.075,0.805
2026-04-10T20:00,0.3,0.0,0.0,0.0,22.2,1.25,3.0,360,86,2120.0,0,0.467,480.0,90.0,0,0.0,51,1,0.3,63,1,1,15,1.075,0.287
2026-04-10T21:00,0.1,0.0,0.0,0.0,22.0,1.08,2.6,22,68,3100.0,0,0.469,320.0,70.0,0,0.0,51,0,0.1,-1,-1,-1,-1,0.0,0.0
2026-04-10T22:00,0.0,0.0,0.0,0.0,21.6,0.35,1.8,262,63,2680.0,0,0.468,240.0,25.0,0,0.0,2,0,0.0,-1,-1,-1,-1,0.0,0.0
2026-04-10T23:00,0.0,0.0,0.0,0.0,22.4,1.27,2.8,279,38,4060.0,1,0.468,180.0,50.0,0,0.0,1,0,0.0,-1,-1,-1,-1,0.0,0.0
2026-04-11T00:00,0.0,0.0,0.0,0.0,25.8,1.57,3.5,202,16,17340.0,1,0.408,310.0,305.0,0,0.0,0,0,0.0,-1,-1,-1,-1,0.0,0.0
2026-04-11T01:00,0.0,0.0,0.0,0.0,27.8,1.43,4.5,205,20,19200.0,1,0.408,490.0,650.0,0,0.0,1,0,0.0,-1,-1,-1,-1,0.0,0.0
2026-04-11T02:00,0.0,0.0,0.0,0.0,29.2,2.37,6.2,208,85,20340.0,1,0.407,420.0,1050.0,0,0.0,3,0,0.0,-1,-1,-1,-1,0.0,0.0
2026-04-11T03:00,0.0,0.0,0.0,0.0,29.9,4.2,9.4,189,38,20340.0,1,0.406,540.0,1350.0,0,0.0,1,0,0.0,-1,-1,-1,-1,0.0,0.0
2026-04-11T04:00,0.0,0.0,0.0,0.0,30.9,5.6,12.6,221,79,10120.0,1,0.405,640.0,1630.0,0,0.0,2,0,0.0,-1,-1,-1,-1,0.0,0.0
2026-04-11T05:00,0.2,1.0,0.0,0.0,29.6,2.88,13.0,219,16,10760.0,1,0.406,980.0,1065.0,0,0.0,51,0,0.0,-1,-1,-1,-1,0.0,0.0
2026-04-11T06:00,0.0,0.0,0.0,0.0,30.9,2.83,11.4,225,67,19720.0,1,0.41,630.0,1585.0,0,0.0,2,0,0.0,-1,-1,-1,-1,0.0,0.0
2026-04-11T07:00,0.0,0.0,0.0,0.0,29.7,3.95,10.6,181,77,20360.0,1,0.409,440.0,935.0,0,0.0,2,0,0.0,-1,-1,-1,-1,0.0,0.0
2026-04-11T08:00,0.0,0.0,0.0,0.0,30.2,5.22,11.1,189,19,13680.0,1,0.408,740.0,1315.0,0,0.0,0,0,0.0,-1,-1,-1,-1,0.0,0.0
2026-04-11T09:00,0.0,0.0,0.0,0.0,28.4,2.9,11.4,179,36,17600.0,1,0.407,460.0,765.0,0,0.0,1,0,0.0,-1,-1,-1,-1,0.0,0.0
2026-04-11T10:00,0.0,0.0,0.0,0.0,28.1,3.2,6.7,182,24,19240.0,1,0.407,420.0,750.0,0,0.0,1,0,0.0,-1,-1,-1,-1,0.0,0.0
2026-04-11T11:00,0.0,0.0,0.0,0.0,26.8,2.25,7.1,184,100,19240.0,0,0.407,260.0,665.0,0,0.0,3,0,0.0,-1,-1,-1,-1,0.0,0.0
2026-04-11T12:00,0.5,1.0,0.0,0.0,27.1,4.5,4.5,179,87,19240.0,0,0.409,300.0,495.0,0,0.0,53,1,0.0,64,0,1,3,0.0,0.6
2026-04-11T13:00,0.0,0.0,0.0,0.0,26.8,1.0,9.3,183,18,19260.0,0,0.409,330.0,450.0,0,0.0,0,0,0.0,-1,-1,-1,-1,0.0,0.0
2026-04-11T14:00,0.0,0.0,0.0,0.0,23.8,4.53,8.1,354,76,7580.0,0,0.41,260.0,355.0,0,0.0,2,0,0.0,-1,-1,-1,-1,0.0,0.0
2026-04-11T15:00,0.2,0.5,0.0,0.0,22.0,2.71,9.1,38,98,6120.0,0,0.412,190.0,310.0,0,0.0,51,0,0.1,-1,-1,-1,-1,0.0,0.0
2026-04-11T16:00,2.1,0.905,0.0,0.0,21.7,2.44,6.6,35,100,4300.0,0,0.438,210.0,325.0,0,0.0289,80,1,0.2,65,0,1,2,0.0,0.543
2026-04-11T17:00,0.1,0.0,0.0,0.0,21.7,2.52,5.4,39,98,4460.0,0,0.439,240.0,230.0,0,0.0,51,0,0.1,-1,-1,-1,-1,0.0,0.0
2026-04-11T18:00,0.2,0.0,0.0,0.0,21.8,1.32,4.8,37,100,2480.0,0,0.411,230.0,190.0,0,0.0,51,0,0.2,-1,-1,-1,-1,0.0,0.0
2026-04-11T19:00,1.5,0.067,0.0,0.0,22.0,1.4,5.0,35,100,2520.0,0,0.431,170.0,210.0,0,0.0106,80,1,1.4,66,0,11,13,1.043,0.318
2026-04-11T20:00,1.1,0.091,0.0,0.0,22.0,1.5,3.7,37,100,3340.0,0,0.445,150.0,165.0,0,0.0019,55,1,1.0,66,1,10,13,1.043,0.333
2026-04-11T21:00,2.3,0.217,0.0,0.0,21.7,2.02,4.4,337,100,1580.0,0,0.477,170.0,215.0,0,0.0276,80,1,1.8,66,2,9,13,1.043,0.408
2026-04-11T22:00,2.9,0.103,0.0,0.0,21.2,2.15,4.6,348,100,2320.0,0,0.51,130.0,305.0,0,0.0309,81,1,2.6,66,3,8,13,1.043,0.34
2026-04-11T23:00,6.9,0.246,0.0,0.0,20.8,2.77,6.0,347,100,1380.0,1,0.512,110.0,370.0,0,0.055,81,1,5.2,66,4,7,13,1.043,0.426
2026-04-12T00:00,1.8,0.111,0.0,0.0,21.3,0.92,5.8,13,100,2600.0,1,0.503,70.0,120.0,0,0.007,80,1,1.6,66,5,6,13,1.043,0.345
2026-04-12T01:00,1.3,0.0,0.0,0.0,21.0,1.66,5.3,25,95,4020.0,1,0.515,60.0,230.0,0,0.0023,61,1,1.3,66,6,5,13,1.043,0.278
2026-04-12T02:00,0.2,0.5,0.0,0.0,22.3,3.14,7.3,346,100,5480.0,1,0.511,80.0,305.0,0,0.0,51,0,0.1,66,7,4,13,1.043,0.578
2026-04-12T03:00,1.3,0.692,0.0,0.0,21.7,2.35,8.4,356,99,7180.0,1,0.503,0.0,245.0,0,0.0,80,1,0.4,66,8,3,13,1.043,0.693
2026-04-12T04:00,0.2,0.5,0.0,0.0,22.5,3.4,8.4,343,100,4380.0,1,0.502,140.0,380.0,0,0.0,51,0,0.1,66,9,2,13,1.043,0.578
2026-04-12T05:00,0.4,0.0,0.0,0.0,22.1,2.35,8.3,1,65,5560.0,1,0.503,210.0,295.0,0,0.0,51,1,0.4,66,10,1,13,1.043,0.278
2026-04-12T06:00,0.1,0.0,0.0,0.0,22.9,2.87,6.7,353,84,16560.0,1,0.529,170.0,475.0,0,0.0,51,0,0.1,-1,-1,-1,-1,0.0,0.0
2026-04-12T07:00,0.0,0.0,0.0,0.0,23.8,2.71,7.6,4,100,13700.0,1,0.507,220.0,560.0,0,0.0,3,0,0.0,-1,-1,-1,-1,0.0,0.0
2026-04-12T08:00,0.0,0.0,0.0,0.0,23.4,2.82,7.1,7,90,18000.0,1,0.503,190.0,475.0,0,0.0,3,0,0.0,-1,-1,-1,-1,0.0,0.0
2026-04-12T09:00,0.0,0.0,0.0,0.0,23.6,2.62,6.8,7,61,16420.0,1,0.501,240.0,470.0,0,0.0,2,0,0.0,-1,-1,-1,-1,0.0,0.0
2026-04-12T10:00,0.0,0.0,0.0,0.0,23.0,2.17,7.3,15,100,18020.0,1,0.499,170.0,400.0,0,0.0,3,0,0.0,-1,-1,-1,-1,0.0,0.0
2026-04-12T11:00,0.0,0.0,0.0,0.0,22.2,1.3,4.7,23,30,12700.0,0,0.498,140.0,270.0,0,0.0,1,0,0.0,-1,-1,-1,-1,0.0,0.0
2026-04-12T12:00,0.0,0.0,0.0,0.0,20.5,2.35,3.0,356,46,8180.0,0,0.493,120.0,190.0,0,0.0,1,0,0.0,-1,-1,-1,-1,0.0,0.0
2026-04-12T13:00,0.0,0.0,0.0,0.0,20.1,2.3,5.5,358,83,7860.0,0,0.492,120.0,210.0,0,0.0,3,0,0.0,-1,-1,-1,-1,0.0,0.0
2026-04-12T14:00,0.0,0.0,0.0,0.0,19.8,1.98,4.5,21,88,8440.0,0,0.491,240.0,185.0,0,0.0,3,0,0.0,-1,-1,-1,-1,0.0,0.0
2026-04-12T15:00,0.0,0.0,0.0,0.0,19.9,1.77,3.8,16,98,8100.0,0,0.491,220.0,140.0,0,0.0,3,0,0.0,-1,-1,-1,-1,0.0,0.0
2026-04-12T16:00,0.0,0.0,0.0,0.0,19.7,1.91,3.4,6,90,7100.0,0,0.49,270.0,130.0,0,0.0,3,0,0.0,-1,-1,-1,-1,0.0,0.0
2026-04-12T17:00,0.0,0.0,0.0,0.0,19.5,1.96,3.8,354,100,8480.0,0,0.49,220.0,130.0,0,0.0,3,0,0.0,-1,-1,-1,-1,0.0,0.0
2026-04-12T18:00,0.0,0.0,0.0,0.0,19.7,2.5,4.8,3,100,4420.0,0,0.478,140.0,205.0,0,0.0,3,0,0.0,-1,-1,-1,-1,0.0,0.0
2026-04-12T19:00,0.4,0.0,0.0,0.0,19.3,2.45,5.1,360,100,5180.0,0,0.483,140.0,215.0,0,0.0,51,1,0.4,67,0,1,14,0.0,0
2026-04-12T20:00,0.1,0.0,0.0,0.0,19.3,2.1,4.6,1,100,6340.0,0,0.483,180.0,180.0,0,0.0,51,0,0.1,-1,-1,-1,-1,0.0,0.0
2026-04-12T21:00,0.1,0.0,0.0,0.0,19.2,2.58,5.1,32,100,880.0,0,0.484,160.0,215.0,0,0.0,51,0,0.1,-1,-1,-1,-1,0.0,0.0
2026-04-12T22:00,0.0,0.0,0.0,0.0,19.4,2.0,5.1,32,100,540.0,0,0.484,70.0,130.0,0,0.0,3,0,0.0,-1,-1,-1,-1,0.0,0.0
2026-04-12T23:00,0.0,0.0,0.0,0.0,19.5,1.68,3.9,30,100,580.0,1,0.484,20.0,100.0,0,0.0,3,0,0.0,-1,-1,-1,-1,0.0,0.0
2026-04-13T00:00,0.0,0.0,0.0,0.0,20.0,1.34,3.6,315,95,900.0,1,0.501,20.0,65.0,0,0.0,3,0,0.0,-1,-1,-1,-1,0.0,0.0
2026-04-13T01:00,0.0,0.0,0.0,0.0,20.5,2.47,6.9,328,100,1700.0,1,0.5,30.0,220.0,0,0.0,3,0,0.0,-1,-1,-1,-1,0.0,0.0
2026-04-13T02:00,0.0,0.0,0.0,0.0,22.3,0.81,5.6,330,91,15940.0,1,0.498,0.0,255.0,0,0.0,3,0,0.0,-1,-1,-1,-1,0.0,0.0
2026-04-13T03:00,0.0,0.0,0.0,0.0,25.6,1.73,5.6,327,31,9880.0,1,0.496,40.0,475.0,0,0.0,1,0,0.0,-1,-1,-1,-1,0.0,0.0
2026-04-13T04:00,0.0,0.0,0.0,0.0,27.8,1.28,6.4,329,23,11960.0,1,0.493,370.0,725.0,0,0.0,1,0,0.0,-1,-1,-1,-1,0.0,0.0
2026-04-13T05:00,0.0,0.0,0.0,0.0,30.4,1.45,8.1,274,11,16440.0,1,0.49,1290.0,1450.0,0,0.0,0,0,0.0,-1,-1,-1,-1,0.0,0.0
2026-04-13T06:00,0.0,0.0,0.0,0.0,29.7,2.16,8.4,228,95,20520.0,1,0.525,850.0,1305.0,0,0.0,3,0,0.0,-1,-1,-1,-1,0.0,0.0
2026-04-13T07:00,0.1,0.0,0.0,0.0,29.5,4.12,9.1,209,34,10240.0,1,0.503,760.0,1050.0,0,0.0,51,0,0.1,-1,-1,-1,-1,0.0,0.0
2026-04-13T08:00,0.0,0.0,0.0,0.0,30.2,3.22,9.3,224,12,20540.0,1,0.5,920.0,1140.0,0,0.0,0,0,0.0,-1,-1,-1,-1,0.0,0.0
2026-04-13T09:00,0.0,0.0,0.0,0.0,30.6,2.55,7.9,222,70,12200.0,1,0.497,1210.0,1435.0,0,0.0,2,0,0.0,-1,-1,-1,-1,0.0,0.0
2026-04-13T10:00,0.8,0.75,0.0,0.0,25.6,2.6,5.9,300,55,3720.0,1,0.502,890.0,150.0,0,0.0,53,1,0.2,68,0,12,55,0.699,0.636
2026-04-13T11:00,0.4,0.25,0.0,0.0,23.2,2.05,6.3,1,92,3840.0,0,0.503,530.0,155.0,0,0.0,51,1,0.3,68,1,11,55,0.699,0.336
2026-04-13T12:00,0.8,0.25,0.0,0.0,23.6,2.5,4.5,110,20,9860.0,0,0.496,960.0,105.0,0,0.0,53,1,0.6,68,2,10,55,0.699,0.336
2026-04-13T13:00,0.1,1.0,0.0,0.0,23.3,1.64,4.3,322,66,11220.0,0,0.496,780.0,60.0,0,0.0,51,0,0.0,68,3,9,55,0.699,0.786
2026-04-13T14:00,0.6,0.667,0.0,0.0,21.8,2.34,7.0,11,100,3400.0,0,0.502,460.0,355.0,0,0.0,53,1,0.2,68,4,8,55,0.699,0.586
2026-04-13T15:00,1.4,0.5,0.0,0.0,21.5,2.29,5.4,20,100,3400.0,0,0.515,370.0,330.0,0,0.0185,80,1,0.7,68,5,7,55,0.699,0.486
2026-04-13T16:00,1.9,0.526,0.0,0.0,21.5,2.16,4.5,4,100,3300.0,0,0.513,360.0,310.0,0,0.0405,80,1,0.9,68,6,6,55,0.699,0.502
2026-04-13T17:00,0.6,0.167,0.0,0.0,20.8,3.6,7.2,358,100,4320.0,0,0.514,230.0,375.0,0,0.0,53,1,0.5,68,7,5,55,0.699,0.286
2026-04-13T18:00,0.3,0.333,0.0,0.0,19.9,3.44,7.4,9,100,3360.0,0,0.514,10.0,400.0,0,0.0,51,1,0.2,68,8,4,55,0.699,0.386
2026-04-13T19:00,0.6,0.167,0.0,0.0,19.5,2.83,7.3,17,100,3720.0,0,0.515,10.0,370.0,0,0.0,53,1,0.5,68,9,3,55,0.699,0.286
2026-04-13T20:00,0.8,0.125,0.0,0.0,19.1,2.0,5.8,13,100,3540.0,0,0.517,180.0,295.0,0,0.0,53,1,0.7,68,10,2,55,0.699,0.261
2026-04-13T21:00,0.3,0.0,0.0,0.0,18.8,1.39,3.9,345,100,4840.0,0,0.514,0.0,175.0,0,0.0,51,1,0.3,68,11,1,55,0.699,0.186
2026-04-13T22:00,0.2,0.0,0.0,0.0,18.6,1.44,3.5,340,100,5640.0,0,0.511,0.0,180.0,0,0.0,51,0,0.2,-1,-1,-1,-1,0.0,0.0
2026-04-13T23:00,0.1,0.0,0.0,0.0,18.5,2.2,4.7,357,100,5680.0,1,0.509,200.0,250.0,0,0.0,51,0,0.1,-1,-1,-1,-1,0.0,0.0
2026-04-14T00:00,0.1,0.0,0.0,0.0,18.1,2.44,5.1,31,100,1020.0,1,0.498,140.0,265.0,0,0.0,51,0,0.1,-1,-1,-1,-1,0.0,0.0
2026-04-14T01:00,0.0,0.0,0.0,0.0,18.7,2.48,5.9,25,100,700.0,1,0.498,250.0,225.0,0,0.0,3,0,0.0,-1,-1,-1,-1,0.0,0.0
2026-04-14T02:00,0.0,0.0,0.0,0.0,19.5,2.4,6.7,359,100,1340.0,1,0.497,280.0,295.0,0,0.0,3,0,0.0,-1,-1,-1,-1,0.0,0.0
2026-04-14T03:00,0.0,0.0,0.0,0.0,20.1,2.04,6.0,25,100,2580.0,1,0.496,440.0,310.0,0,0.0,3,0,0.0,-1,-1,-1,-1,0.0,0.0
2026-04-14T04:00,0.0,0.0,0.0,0.0,21.5,2.27,6.1,14,83,3680.0,1,0.494,640.0,450.0,0,0.0,3,0,0.0,-1,-1,-1,-1,0.0,0.0
2026-04-14T05:00,0.0,0.0,0.0,0.0,23.0,2.29,6.3,10,74,5180.0,1,0.492,710.0,600.0,0,0.0,2,0,0.0,-1,-1,-1,-1,0.0,0.0
2026-04-14T06:00,0.0,0.0,0.0,0.0,22.0,2.24,6.5,10,51,19480.0,1,0.515,450.0,645.0,0,0.0,2,0,0.0,-1,-1,-1,-1,0.0,0.0
2026-04-14T07:00,0.0,0.0,0.0,0.0,23.7,2.86,7.4,356,100,19480.0,1,0.509,560.0,825.0,0,0.0,3,0,0.0,-1,-1,-1,-1,0.0,0.0
2026-04-14T08:00,0.0,0.0,0.0,0.0,23.4,2.98,7.5,8,98,19500.0,1,0.505,560.0,815.0,0,0.0,3,0,0.0,-1,-1,-1,-1,0.0,0.0
2026-04-14T09:00,0.0,0.0,0.0,0.0,22.7,3.11,7.7,11,40,18180.0,1,0.502,670.0,730.0,0,0.0,1,0,0.0,-1,-1,-1,-1,0.0,0.0
2026-04-14T10:00,0.0,0.0,0.0,0.0,22.0,2.65,7.1,22,37,18180.0,1,0.5,680.0,630.0,0,0.0,1,0,0.0,-1,-1,-1,-1,0.0,0.0
2026-04-14T11:00,0.0,0.0,0.0,0.0,20.9,2.26,5.8,31,78,18180.0,0,0.499,680.0,485.0,0,0.0,2,0,0.0,-1,-1,-1,-1,0.0,0.0
2026-04-14T12:00,0.0,0.0,0.0,0.0,19.4,2.11,4.5,14,100,11120.0,0,0.485,490.0,385.0,0,0.0,3,0,0.0,-1,-1,-1,-1,0.0,0.0
2026-04-14T13:00,0.0,0.0,0.0,0.0,19.3,2.23,4.8,16,98,13880.0,0,0.485,400.0,395.0,0,0.0,3,0,0.0,-1,-1,-1,-1,0.0,0.0
2026-04-14T14:00,0.0,0.0,0.0,0.0,19.0,2.26,5.1,28,100,13740.0,0,0.485,470.0,425.0,0,0.0,3,0,0.0,-1,-1,-1,-1,0.0,0.0
2026-04-14T15:00,0.0,0.0,0.0,0.0,18.8,2.13,4.7,39,100,13440.0,0,0.485,460.0,385.0,0,0.0,3,0,0.0,-1,-1,-1,-1,0.0,0.0
2026-04-14T16:00,0.0,0.0,0.0,0.0,18.5,2.15,4.6,31,100,11200.0,0,0.485,510.0,390.0,0,0.0,3,0,0.0,-1,-1,-1,-1,0.0,0.0
2026-04-14T17:00,0.0,0.0,0.0,0.0,18.2,1.67,4.5,39,100,8440.0,0,0.485,570.0,320.0,0,0.0,3,0,0.0,-1,-1,-1,-1,0.0,0.0
2026-04-14T18:00,0.1,0.0,0.0,0.0,18.6,2.17,4.1,23,100,3400.0,0,0.485,410.0,350.0,0,0.0,51,0,0.1,-1,-1,-1,-1,0.0,0.0
2026-04-14T19:00,0.1,0.0,0.0,0.0,18.5,1.42,4.4,42,100,1900.0,0,0.485,580.0,260.0,0,0.0,51,0,0.1,-1,-1,-1,-1,0.0,0.0
2026-04-14T20:00,0.0,0.0,0.0,0.0,18.5,1.06,3.0,45,100,11060.0,0,0.485,560.0,185.0,0,0.0,3,0,0.0,-1,-1,-1,-1,0.0,0.0
2026-04-14T21:00,0.0,0.0,0.0,0.0,18.5,1.22,2.8,9,100,11780.0,0,0.485,590.0,180.0,0,0.0,3,0,0.0,-1,-1,-1,-1,0.0,0.0
2026-04-14T22:00,0.0,0.0,0.0,0.0,18.2,1.92,4.1,7,100,8160.0,0,0.485,560.0,190.0,0,0.0,3,0,0.0,-1,-1,-1,-1,0.0,0.0
2026-04-14T23:00,0.0,0.0,0.0,0.0,18.1,1.67,4.1,9,100,7860.0,1,0.485,530.0,175.0,0,0.0,3,0,0.0,-1,-1,-1,-1,0.0,0.0
2026-04-15T00:00,0.0,0.0,0.0,0.0,17.8,1.87,4.7,344,100,9940.0,1,0.491,380.0,230.0,0,0.0,3,0,0.0,-1,-1,-1,-1,0.0,0.0
2026-04-15T01:00,0.0,0.0,0.0,0.0,18.1,2.3,5.5,4,100,6580.0,1,0.49,330.0,260.0,0,0.0,3,0,0.0,-1,-1,-1,-1,0.0,0.0
2026-04-15T02:00,0.1,0.0,0.0,0.0,18.8,2.11,5.6,22,100,6140.0,1,0.49,250.0,260.0,0,0.0,51,0,0.1,-1,-1,-1,-1,0.0,0.0
2026-04-15T03:00,0.1,0.0,0.0,0.0,19.1,2.18,5.8,16,97,10120.0,1,0.491,330.0,255.0,0,0.0,51,0,0.1,-1,-1,-1,-1,0.0,0.0
2026-04-15T04:00,0.0,0.0,0.0,0.0,21.9,1.83,6.0,349,95,18240.0,1,0.489,530.0,440.0,0,0.0,3,0,0.0,-1,-1,-1,-1,0.0,0.0
2026-04-15T05:00,0.0,0.0,0.0,0.0,25.8,1.64,5.8,308,72,19560.0,1,0.487,650.0,730.0,0,0.0,2,0,0.0,-1,-1,-1,-1,0.0,0.0
2026-04-15T06:00,0.0,0.0,0.0,0.0,22.2,2.9,7.6,2,98,18240.0,1,0.508,630.0,575.0,0,0.0,3,0,0.0,-1,-1,-1,-1,0.0,0.0
2026-04-15T07:00,0.0,0.0,0.0,0.0,22.9,2.04,7.3,11,48,18260.0,1,0.503,720.0,580.0,0,0.0,1,0,0.0,-1,-1,-1,-1,0.0,0.0
2026-04-15T08:00,0.0,0.0,0.0,0.0,23.7,2.55,6.6,3,83,19580.0,1,0.5,780.0,750.0,0,0.0,3,0,0.0,-1,-1,-1,-1,0.0,0.0
2026-04-15T09:00,0.0,0.0,0.0,0.0,22.7,2.64,6.7,19,55,15240.0,1,0.497,790.0,515.0,0,0.0,2,0,0.0,-1,-1,-1,-1,0.0,0.0
2026-04-15T10:00,0.0,0.0,0.0,0.0,22.1,2.14,6.3,21,70,18260.0,1,0.496,750.0,360.0,0,0.0,2,0,0.0,-1,-1,-1,-1,0.0,0.0
2026-04-15T11:00,0.0,0.0,0.0,0.0,20.9,1.5,4.7,37,54,15480.0,0,0.494,720.0,200.0,0,0.0,2,0,0.0,-1,-1,-1,-1,0.0,0.0
2026-04-15T12:00,0.0,0.0,0.0,0.0,19.9,1.68,3.5,30,17,12320.0,0,0.476,600.0,110.0,0,0.0,0,0,0.0,-1,-1,-1,-1,0.0,0.0
2026-04-15T13:00,0.0,0.0,0.0,0.0,19.3,1.52,3.1,27,13,8980.0,0,0.476,530.0,130.0,0,0.0,0,0,0.0,-1,-1,-1,-1,0.0,0.0
2026-04-15T14:00,0.0,0.0,0.0,0.0,18.8,1.99,3.7,39,4,9020.0,0,0.476,640.0,160.0,0,0.0,0,0,0.0,-1,-1,-1,-1,0.0,0.0
2026-04-15T15:00,0.0,0.0,0.0,0.0,18.3,1.96,3.7,15,22,9040.0,0,0.476,830.0,155.0,0,0.0,1,0,0.0,-1,-1,-1,-1,0.0,0.0
2026-04-15T16:00,0.0,0.0,0.0,0.0,18.0,1.38,3.8,49,94,1840.0,0,0.476,790.0,130.0,0,0.0,3,0,0.0,-1,-1,-1,-1,0.0,0.0
2026-04-15T17:00,0.0,0.0,0.0,0.0,18.1,1.17,2.5,20,55,2160.0,0,0.476,720.0,65.0,0,0.0,2,0,0.0,-1,-1,-1,-1,0.0,0.0
2026-04-15T18:00,0.0,0.0,0.0,0.0,19.4,0.93,3.2,36,80,8900.0,0,0.476,660.0,120.0,0,0.0,3,0,0.0,-1,-1,-1,-1,0.0,0.0
2026-04-15T19:00,0.0,0.0,0.0,0.0,19.0,0.96,2.0,332,74,9080.0,0,0.476,630.0,90.0,0,0.0,2,0,0.0,-1,-1,-1,-1,0.0,0.0
2026-04-15T20:00,0.0,0.0,0.0,0.0,18.9,1.11,2.2,8,74,9060.0,0,0.476,640.0,80.0,0,0.0,2,0,0.0,-1,-1,-1,-1,0.0,0.0
2026-04-15T21:00,0.0,0.0,0.0,0.0,18.5,1.05,2.4,357,66,9120.0,0,0.476,650.0,55.0,0,0.0,2,0,0.0,-1,-1,-1,-1,0.0,0.0
2026-04-15T22:00,0.0,0.0,0.0,0.0,18.3,1.07,1.8,349,59,1020.0,0,0.476,690.0,45.0,0,0.0,2,0,0.0,-1,-1,-1,-1,0.0,0.0
2026-04-15T23:00,0.0,0.0,0.0,0.0,19.1,0.22,1.6,333,57,4740.0,1,0.476,570.0,10.0,0,0.0,2,0,0.0,-1,-1,-1,-1,0.0,0.0
2026-04-16T00:00,0.0,0.0,0.0,0.0,21.0,0.87,3.4,347,96,2600.0,1,0.482,350.0,80.0,0,0.0,3,0,0.0,-1,-1,-1,-1,0.0,0.0
2026-04-16T01:00,0.0,0.0,0.0,0.0,23.1,2.19,5.9,325,88,8640.0,1,0.481,440.0,220.0,0,0.0,3,0,0.0,-1,-1,-1,-1,0.0,0.0
2026-04-16T02:00,0.0,0.0,0.0,0.0,24.9,1.95,5.9,337,100,18320.0,1,0.479,550.0,445.0,0,0.0,3,0,0.0,-1,-1,-1,-1,0.0,0.0
2026-04-16T03:00,0.0,0.0,0.0,0.0,24.8,2.25,6.2,323,93,8240.0,1,0.478,470.0,555.0,0,0.0,3,0,0.0,-1,-1,-1,-1,0.0,0.0
2026-04-16T04:00,0.2,0.5,0.0,0.0,23.9,1.32,6.5,259,98,7560.0,1,0.479,670.0,410.0,0,0.0,51,0,0.1,-1,-1,-1,-1,0.0,0.0
2026-04-16T05:00,11.3,0.982,0.0,0.0,23.1,0.39,6.0,310,100,3720.0,1,0.52,400.0,275.0,0,0.2,95,1,0.2,69,0,4,3,1.103,0.883
2026-04-16T06:00,13.8,0.964,0.0,0.0,23.4,1.71,4.8,275,97,6260.0,1,0.538,660.0,370.0,0,0.33,95,1,0.5,69,1,3,3,1.103,0.873
2026-04-16T07:00,0.3,0.667,0.0,0.0,22.4,0.79,5.6,288,98,5760.0,1,0.499,400.0,195.0,0,0.0,51,1,0.1,69,2,2,3,1.103,0.694
2026-04-16T08:00,0.4,0.25,0.0,0.0,22.6,1.96,4.7,19,100,7880.0,1,0.5,350.0,505.0,0,0.0,51,1,0.3,69,3,1,3,1.103,0.444
2026-04-16T09:00,0.0,0.0,0.0,0.0,22.7,2.8,6.1,10,99,18300.0,1,0.499,340.0,580.0,0,0.0,3,0,0.0,-1,-1,-1,-1,0.0,0.0
2026-04-16T10:00,0.0,0.0,0.0,0.0,22.4,2.48,5.8,19,100,18300.0,1,0.498,490.0,640.0,0,0.0,3,0,0.0,-1,-1,-1,-1,0.0,0.0
2026-04-16T11:00,0.2,0.0,0.0,0.0,21.3,2.33,5.1,43,100,4180.0,0,0.498,450.0,320.0,0,0.0,51,0,0.2,-1,-1,-1,-1,0.0,0.0
2026-04-16T12:00,0.3,0.0,0.0,0.0,20.9,2.32,4.6,57,92,7620.0,0,0.509,50.0,240.0,0,0.0,51,1,0.3,70,0,1,3,0.0,0
2026-04-16T13:00,0.0,0.0,0.0,0.0,20.1,0.57,4.1,75,100,12000.0,0,0.506,270.0,50.0,0,0.0,3,0,0.0,-1,-1,-1,-1,0.0,0.0
2026-04-16T14:00,0.0,0.0,0.0,0.0,19.8,1.03,1.9,51,100,12520.0,0,0.504,340.0,70.0,0,0.0,3,0,0.0,-1,-1,-1,-1,0.0,0.0
2026-04-16T15:00,0.0,0.0,0.0,0.0,19.7,0.6,1.8,24,100,12280.0,0,0.502,370.0,50.0,0,0.0,3,0,0.0,-1,-1,-1,-1,0.0,0.0
2026-04-16T16:00,0.4,0.0,0.0,0.0,19.6,0.85,1.5,360,100,2680.0,0,0.506,370.0,65.0,0,0.0,51,1,0.4,71,0,9,6,0.901,0.24
2026-04-16T17:00,1.9,0.0,0.0,0.0,19.4,1.76,3.5,353,100,2220.0,0,0.505,350.0,260.0,0,0.0394,61,1,1.9,71,1,8,6,0.901,0.24
2026-04-16T18:00,2.4,0.0,0.0,0.0,19.8,1.75,3.6,37,100,2020.0,0,0.504,50.0,270.0,0,0.0087,61,1,2.4,71,2,7,6,0.901,0.24
2026-04-16T19:00,1.5,0.0,0.0,0.0,19.4,0.83,3.6,65,100,3080.0,0,0.508,10.0,110.0,0,0.0006,61,1,1.5,71,3,6,6,0.901,0.24
2026-04-16T20:00,0.3,0.0,0.0,0.0,19.3,0.21,1.3,45,100,3140.0,0,0.507,160.0,30.0,0,0.0,51,1,0.3,71,4,5,6,0.901,0.24
2026-04-16T21:00,0.1,1.0,0.0,0.0,19.1,0.41,0.8,346,100,2560.0,0,0.507,10.0,35.0,0,0.0,51,0,0.0,71,5,4,6,0.901,0.84
2026-04-16T22:00,0.3,0.0,0.0,0.0,18.8,0.7,0.8,4,100,2240.0,0,0.508,10.0,55.0,0,0.0,51,1,0.3,71,6,3,6,0.901,0.24
2026-04-16T23:00,0.3,0.0,0.0,0.0,19.0,1.25,2.9,16,100,1440.0,1,0.509,10.0,125.0,0,0.0,51,1,0.3,71,7,2,6,0.901,0.24
2026-04-17T00:00,2.2,0.864,0.0,0.0,18.1,1.95,3.4,26,100,1280.0,1,0.511,0.0,190.0,0,0.0,80,1,0.3,71,8,1,6,0.901,0.759
2026-04-17T01:00,0.1,0.0,0.0,0.0,19.6,1.35,4.8,358,100,3300.0,1,0.508,0.0,270.0,0,0.0,51,0,0.1,-1,-1,-1,-1,0.0,0.0
2026-04-17T02:00,0.1,0.0,0.0,0.0,20.3,1.35,4.4,329,100,11860.0,1,0.506,0.0,315.0,0,0.0,51,0,0.1,-1,-1,-1,-1,0.0,0.0
2026-04-17T03:00,0.1,0.0,0.0,0.0,21.5,0.71,4.3,321,100,10600.0,1,0.504,0.0,600.0,0,0.0,51,0,0.1,-1,-1,-1,-1,0.0,0.0
2026-04-17T04:00,0.2,0.0,0.0,0.0,21.5,0.54,3.4,338,100,7140.0,1,0.502,0.0,405.0,0,0.0,51,0,0.2,-1,-1,-1,-1,0.0,0.0
2026-04-17T05:00,0.1,0.0,0.0,0.0,22.7,1.29,4.7,347,100,9560.0,1,0.501,0.0,565.0,0,0.0,51,0,0.1,-1,-1,-1,-1,0.0,0.0
2026-04-17T06:00,0.1,0.0,0.0,0.0,21.0,1.49,5.3,340,100,6200.0,1,0.53,10.0,460.0,0,0.0,51,0,0.1,-1,-1,-1,-1,0.0,0.0
2026-04-17T07:00,0.3,0.0,0.0,0.0,20.8,1.46,3.8,38,100,6420.0,1,0.503,20.0,390.0,0,0.0,51,1,0.3,72,0,1,68,0.0,0
2026-04-17T08:00,0.2,0.0,0.0,0.0,21.1,2.4,6.0,1,100,7600.0,1,0.502,10.0,525.0,0,0.0,51,0,0.2,-1,-1,-1,-1,0.0,0.0
2026-04-17T09:00,0.1,0.0,0.0,0.0,20.5,1.85,6.1,19,100,12460.0,1,0.5,20.0,320.0,0,0.0,51,0,0.1,-1,-1,-1,-1,0.0,0.0
2026-04-17T10:00,0.0,0.0,0.0,0.0,20.6,1.3,4.4,62,98,16160.0,1,0.499,10.0,270.0,0,0.0,3,0,0.0,-1,-1,-1,-1,0.0,0.0
2026-04-17T11:00,0.0,0.0,0.0,0.0,19.9,1.32,3.0,119,99,14680.0,0,0.498,10.0,90.0,0,0.0,3,0,0.0,-1,-1,-1,-1,0.0,0.0
2026-04-17T12:00,0.0,0.0,0.0,0.0,18.9,1.18,3.1,144,100,5960.0,0,0.499,0.0,55.0,0,0.0,3,0,0.0,-1,-1,-1,-1,0.0,0.0
2026-04-17T13:00,0.0,0.0,0.0,0.0,19.2,0.57,2.2,195,13,9880.0,0,0.498,0.0,45.0,0,0.0,0,0,0.0,-1,-1,-1,-1,0.0,0.0
2026-04-17T14:00,0.0,0.0,0.0,0.0,18.2,0.64,1.5,219,23,8440.0,0,0.497,0.0,40.0,0,0.0,1,0,0.0,-1,-1,-1,-1,0.0,0.0
2026-04-17T15:00,0.0,0.0,0.0,0.0,18.1,0.87,1.7,156,21,8800.0,0,0.496,0.0,35.0,0,0.0,1,0,0.0,-1,-1,-1,-1,0.0,0.0
2026-04-17T16:00,0.0,0.0,0.0,0.0,17.3,0.8,1.6,180,27,8920.0,0,0.495,90.0,25.0,0,0.0,1,0,0.0,-1,-1,-1,-1,0.0,0.0
2026-04-17T17:00,0.0,0.0,0.0,0.0,16.9,0.93,1.9,164,41,9000.0,0,0.495,70.0,25.0,0,0.0,1,0,0.0,-1,-1,-1,-1,0.0,0.0
2026-04-17T18:00,0.0,0.0,0.0,0.0,17.1,1.25,2.6,151,39,860.0,0,0.494,0.0,25.0,0,0.0,1,0,0.0,-1,-1,-1,-1,0.0,0.0
2026-04-17T19:00,0.0,0.0,0.0,0.0,17.1,1.1,2.5,150,48,740.0,0,0.493,0.0,30.0,0,0.0,1,0,0.0,-1,-1,-1,-1,0.0,0.0
2026-04-17T20:00,0.0,0.0,0.0,0.0,17.0,0.47,2.2,148,100,740.0,0,0.493,0.0,15.0,0,0.0,3,0,0.0,-1,-1,-1,-1,0.0,0.0
2026-04-17T21:00,0.1,1.0,0.0,0.0,17.5,0.56,1.4,170,100,680.0,0,0.493,0.0,25.0,0,0.0,51,0,0.0,-1,-1,-1,-1,0.0,0.0
2026-04-17T22:00,0.1,1.0,0.0,0.0,18.0,0.87,1.5,204,100,580.0,0,0.493,0.0,65.0,0,0.0,51,0,0.0,-1,-1,-1,-1,0.0,0.0
2026-04-17T23:00,0.1,0.0,0.0,0.0,18.2,1.38,2.7,199,100,500.0,1,0.493,0.0,90.0,0,0.0,51,0,0.1,-1,-1,-1,-1,0.0,0.0
2026-04-18T00:00,0.0,0.0,0.0,0.0,18.4,0.91,3.1,189,100,7200.0,1,0.491,0.0,75.0,0,0.0,3,0,0.0,-1,-1,-1,-1,0.0,0.0
2026-04-18T01:00,0.0,0.0,0.0,0.0,19.3,0.76,2.7,247,100,7280.0,1,0.49,0.0,140.0,0,0.0,3,0,0.0,-1,-1,-1,-1,0.0,0.0
2026-04-18T02:00,0.1,0.0,0.0,0.0,21.1,1.39,4.6,322,100,13800.0,1,0.49,10.0,460.0,0,0.0,51,0,0.1,-1,-1,-1,-1,0.0,0.0
2026-04-18T03:00,0.0,0.0,0.0,0.0,22.5,1.27,4.8,351,98,18260.0,1,0.489,50.0,650.0,0,0.0,3,0,0.0,-1,-1,-1,-1,0.0,0.0
2026-04-18T04:00,0.0,0.0,0.0,0.0,24.2,1.25,5.0,344,100,19580.0,1,0.488,100.0,920.0,0,0.0,3,0,0.0,-1,-1,-1,-1,0.0,0.0
2026-04-18T05:00,0.0,0.0,0.0,0.0,25.8,1.24,5.0,320,100,20680.0,1,0.485,180.0,1195.0,0,0.0,3,0,0.0,-1,-1,-1,-1,0.0,0.0
2026-04-18T06:00,0.0,0.0,0.0,0.0,25.2,1.46,5.0,352,96,20680.0,1,0.484,70.0,1175.0,0,0.0,3,0,0.0,-1,-1,-1,-1,0.0,0.0
2026-04-18T07:00,0.0,0.0,0.0,0.0,25.6,1.56,5.0,353,100,20680.0,1,0.482,110.0,1010.0,0,0.0,3,0,0.0,-1,-1,-1,-1,0.0,0.0
2026-04-18T08:00,0.0,0.0,0.0,0.0,26.1,1.15,5.0,2,100,20680.0,1,0.48,210.0,1110.0,0,0.0,3,0,0.0,-1,-1,-1,-1,0.0,0.0
2026-04-18T09:00,0.0,0.0,0.0,0.0,25.8,1.66,4.2,16,87,20680.0,1,0.479,200.0,925.0,0,0.0,3,0,0.0,-1,-1,-1,-1,0.0,0.0
2026-04-18T10:00,0.0,0.0,0.0,0.0,24.4,1.58,4.4,18,0,19560.0,1,0.479,170.0,235.0,0,0.0,0,0,0.0,-1,-1,-1,-1,0.0,0.0
2026-04-18T11:00,0.0,0.0,0.0,0.0,21.9,1.03,3.0,47,0,19560.0,0,0.479,20.0,70.0,0,0.0,0,0,0.0,-1,-1,-1,-1,0.0,0.0
2026-04-18T12:00,0.0,0.0,0.0,0.0,21.2,0.87,1.6,121,0,19560.0,0,0.479,70.0,35.0,0,0.0,0,0,0.0,-1,-1,-1,-1,0.0,0.0
2026-04-18T13:00,0.0,0.0,0.0,0.0,20.3,0.96,1.9,133,0,18260.0,0,0.479,10.0,20.0,0,0.0,0,0,0.0,-1,-1,-1,-1,0.0,0.0
2026-04-18T14:00,0.0,0.0,0.0,0.0,19.4,0.39,1.8,140,0,18260.0,0,0.479,0.0,10.0,0,0.0,0,0,0.0,-1,-1,-1,-1,0.0,0.0
2026-04-18T15:00,0.0,0.0,0.0,0.0,18.5,0.36,1.1,164,0,16160.0,0,0.479,0.0,15.0,0,0.0,0,0,0.0,-1,-1,-1,-1,0.0,0.0
2026-04-18T16:00,0.0,0.0,0.0,0.0,18.0,0.81,2.0,169,0,14680.0,0,0.479,0.0,15.0,0,0.0,0,0,0.0,-1,-1,-1,-1,0.0,0.0
2026-04-18T17:00,0.0,0.0,0.0,0.0,17.2,0.47,2.1,162,0,12820.0,0,0.479,0.0,10.0,0,0.0,0,0,0.0,-1,-1,-1,-1,0.0,0.0
2026-04-18T18:00,0.0,0.0,0.0,0.0,18.4,0.4,1.9,173,1,16160.0,0,0.479,290.0,15.0,0,0.0,0,0,0.0,-1,-1,-1,-1,0.0,0.0
2026-04-18T19:00,0.0,0.0,0.0,0.0,18.3,0.45,1.0,174,0,16160.0,0,0.479,230.0,20.0,0,0.0,0,0,0.0,-1,-1,-1,-1,0.0,0.0
2026-04-18T20:00,0.0,0.0,0.0,0.0,18.1,0.27,1.0,158,0,16160.0,0,0.478,0.0,15.0,0,0.0,0,0,0.0,-1,-1,-1,-1,0.0,0.0
2026-04-18T21:00,0.0,0.0,0.0,0.0,18.1,0.11,0.7,153,0,16160.0,0,0.478,0.0,10.0,0,0.0,0,0,0.0,-1,-1,-1,-1,0.0,0.0
2026-04-18T22:00,0.0,0.0,0.0,0.0,17.7,0.25,0.6,180,0,16160.0,0,0.478,0.0,15.0,0,0.0,0,0,0.0,-1,-1,-1,-1,0.0,0.0
2026-04-18T23:00,0.0,0.0,0.0,0.0,19.1,0.51,0.8,169,0,16160.0,1,0.478,0.0,15.0,0,0.0,0,0,0.0,-1,-1,-1,-1,0.0,0.0
2026-04-19T00:00,0.0,0.0,0.0,0.0,21.2,0.6,2.6,312,0,18260.0,1,0.494,0.0,85.0,0,0.0,0,0,0.0,-1,-1,-1,-1,0.0,0.0
2026-04-19T01:00,0.0,0.0,0.0,0.0,24.2,1.17,4.1,320,1,19560.0,1,0.492,80.0,245.0,0,0.0,0,0,0.0,-1,-1,-1,-1,0.0,0.0
2026-04-19T02:00,0.0,0.0,0.0,0.0,26.7,1.42,4.9,302,38,19540.0,1,0.489,670.0,500.0,0,0.0,1,0,0.0,-1,-1,-1,-1,0.0,0.0
2026-04-19T03:00,0.0,0.0,0.0,0.0,28.6,1.55,5.5,285,92,20660.0,1,0.486,890.0,1120.0,0,0.0,3,0,0.0,-1,-1,-1,-1,0.0,0.0
2026-04-19T04:00,0.0,0.0,0.0,0.0,29.8,1.1,5.4,300,51,21580.0,1,0.483,950.0,1320.0,0,0.0,2,0,0.0,-1,-1,-1,-1,0.0,0.0
2026-04-19T05:00,0.0,0.0,0.0,0.0,30.6,0.78,4.7,320,62,21580.0,1,0.479,1050.0,1525.0,0,0.0,2,0,0.0,-1,-1,-1,-1,0.0,0.0
2026-04-19T06:00,0.0,0.0,0.0,0.0,30.9,0.68,4.1,287,98,21580.0,1,0.469,810.0,1675.0,0,0.0,3,0,0.0,-1,-1,-1,-1,0.0,0.0
2026-04-19T07:00,0.0,0.0,0.0,0.0,31.2,1.3,4.4,274,100,21580.0,1,0.466,840.0,1690.0,0,0.0,3,0,0.0,-1,-1,-1,-1,0.0,0.0
2026-04-19T08:00,0.0,0.0,0.0,0.0,31.0,1.51,4.8,262,100,21560.0,1,0.464,900.0,1675.0,0,0.0,3,0,0.0,-1,-1,-1,-1,0.0,0.0
2026-04-19T09:00,0.0,0.0,0.0,0.0,30.3,1.06,4.4,262,99,21560.0,1,0.463,550.0,1415.0,0,0.0,3,0,0.0,-1,-1,-1,-1,0.0,0.0
2026-04-19T10:00,0.0,0.0,0.0,0.0,28.6,0.05,2.8,90,100,20640.0,1,0.463,1070.0,10.0,0,0.0,3,0,0.0,-1,-1,-1,-1,0.0,0.0
2026-04-19T11:00,0.0,0.0,0.0,0.0,25.3,1.03,1.7,141,100,20640.0,0,0.463,960.0,35.0,0,0.0,3,0,0.0,-1,-1,-1,-1,0.0,0.0
2026-04-19T12:00,0.0,0.0,0.0,0.0,24.3,1.35,3.4,149,99,18240.0,0,0.437,1090.0,25.0,0,0.0,3,0,0.0,-1,-1,-1,-1,0.0,0.0
2026-04-19T13:00,0.0,0.0,0.0,0.0,23.2,1.99,3.9,152,78,16140.0,0,0.438,640.0,25.0,0,0.0,2,0,0.0,-1,-1,-1,-1,0.0,0.0
2026-04-19T14:00,0.0,0.0,0.0,0.0,21.8,1.95,4.1,157,98,16140.0,0,0.439,460.0,20.0,0,0.0,3,0,0.0,-1,-1,-1,-1,0.0,0.0
2026-04-19T15:00,0.0,0.0,0.0,0.0,21.2,1.94,4.1,162,100,16140.0,0,0.44,480.0,25.0,0,0.0,3,0,0.0,-1,-1,-1,-1,0.0,0.0
2026-04-19T16:00,0.0,0.0,0.0,0.0,21.5,1.95,4.0,151,100,18240.0,0,0.441,450.0,25.0,0,0.0,3,0,0.0,-1,-1,-1,-1,0.0,0.0
2026-04-19T17:00,0.0,0.0,0.0,0.0,21.3,1.68,3.7,150,100,18240.0,0,0.442,320.0,25.0,0,0.0,3,0,0.0,-1,-1,-1,-1,0.0,0.0
2026-04-19T18:00,0.0,0.0,0.0,0.0,21.5,2.02,3.4,157,100,18240.0,0,0.427,420.0,35.0,0,0.0,3,0,0.0,-1,-1,-1,-1,0.0,0.0
2026-04-19T19:00,0.0,0.0,0.0,0.0,22.4,1.73,4.0,158,100,19540.0,0,0.428,460.0,45.0,0,0.0,3,0,0.0,-1,-1,-1,-1,0.0,0.0
2026-04-19T20:00,0.0,0.0,0.0,0.0,22.0,1.55,3.2,165,89,19540.0,0,0.429,480.0,40.0,0,0.0,3,0,0.0,-1,-1,-1,-1,0.0,0.0
2026-04-19T21:00,0.0,0.0,0.0,0.0,20.8,1.2,2.7,163,100,18240.0,0,0.43,470.0,25.0,0,0.0,3,0,0.0,-1,-1,-1,-1,0.0,0.0
2026-04-19T22:00,0.0,0.0,0.0,0.0,20.3,0.98,2.2,156,100,16140.0,0,0.431,480.0,20.0,0,0.0,3,0,0.0,-1,-1,-1,-1,0.0,0.0
2026-04-19T23:00,0.0,0.0,0.0,0.0,21.7,1.14,2.2,157,80,16140.0,1,0.432,520.0,25.0,0,0.0,3,0,0.0,-1,-1,-1,-1,0.0,0.0
2026-04-20T00:00,0.0,0.0,0.0,0.0,25.0,1.03,2.5,219,100,18240.0,1,0.468,510.0,105.0,0,0.0,3,0,0.0,-1,-1,-1,-1,0.0,0.0
2026-04-20T01:00,0.0,0.0,0.0,0.0,25.9,1.37,3.5,280,95,9840.0,1,0.467,1010.0,175.0,0,0.0,3,0,0.0,-1,-1,-1,-1,0.0,0.0
2026-04-20T02:00,0.0,0.0,0.0,0.0,27.1,2.43,6.2,279,97,19520.0,1,0.466,1200.0,390.0,0,0.0,3,0,0.0,-1,-1,-1,-1,0.0,0.0
2026-04-20T03:00,0.1,0.0,0.0,0.0,25.5,1.38,7.6,283,99,9680.0,1,0.466,820.0,340.0,0,0.0,51,0,0.1,-1,-1,-1,-1,0.0,0.0
2026-04-20T04:00,2.8,1.0,0.0,0.0,26.8,2.59,8.9,341,100,18220.0,1,0.499,1000.0,725.0,0,0.225,96,1,0.0,73,0,11,4,1.386,0.97
2026-04-20T05:00,7.0,0.986,0.0,0.0,23.8,0.76,8.9,349,100,6140.0,1,0.514,700.0,180.0,0,0.35,95,1,0.1,73,1,10,4,1.386,0.961
2026-04-20T06:00,0.3,0.667,0.0,0.0,22.1,2.46,7.9,24,99,4660.0,1,0.51,220.0,320.0,0,0.0,51,1,0.1,73,2,9,4,1.386,0.77
2026-04-20T07:00,0.2,0.0,0.0,0.0,24.7,2.48,6.6,28,98,5720.0,1,0.507,310.0,590.0,0,0.0,51,0,0.2,73,3,8,4,1.386,0.37
2026-04-20T08:00,0.4,0.0,0.0,0.0,24.9,2.57,6.6,8,99,5900.0,1,0.506,360.0,520.0,0,0.0,51,1,0.4,73,4,7,4,1.386,0.37
2026-04-20T09:00,0.2,0.0,0.0,0.0,23.8,2.35,6.1,336,94,7660.0,1,0.504,430.0,300.0,0,0.0,51,0,0.2,73,5,6,4,1.386,0.37
2026-04-20T10:00,0.4,0.75,0.0,0.0,22.5,2.11,7.6,353,100,5940.0,1,0.505,470.0,205.0,0,0.0,51,1,0.1,73,6,5,4,1.386,0.82
2026-04-20T11:00,1.4,0.857,0.0,0.0,21.6,1.19,5.5,327,100,4940.0,0,0.518,360.0,120.0,0,0.018,80,1,0.2,73,7,4,4,1.386,0.884
2026-04-20T12:00,7.0,0.957,0.0,0.0,21.1,2.6,3.6,337,100,2820.0,0,0.502,250.0,305.0,0,0.125,81,1,0.3,73,8,3,4,1.386,0.944
2026-04-20T13:00,0.8,0.0,0.0,0.0,18.7,3.28,8.6,339,100,3520.0,0,0.508,270.0,310.0,0,0.0,53,1,0.8,73,9,2,4,1.386,0.37
2026-04-20T14:00,0.4,0.0,0.0,0.0,17.8,2.35,7.7,12,100,3820.0,0,0.507,0.0,260.0,0,0.0,51,1,0.4,73,10,1,4,1.386,0.37
2026-04-20T15:00,0.2,0.0,0.0,0.0,17.5,2.5,5.1,357,100,5140.0,0,0.505,0.0,265.0,0,0.0,51,0,0.2,-1,-1,-1,-1,0.0,0.0
2026-04-20T16:00,0.2,0.0,0.0,0.0,16.9,2.75,5.8,344,100,4560.0,0,0.504,0.0,285.0,0,0.0,51,0,0.2,-1,-1,-1,-1,0.0,0.0
2026-04-20T17:00,0.2,0.0,0.0,0.0,16.5,2.7,5.4,2,100,5780.0,0,0.503,0.0,275.0,0,0.0,51,0,0.2,-1,-1,-1,-1,0.0,0.0
2026-04-20T18:00,0.1,0.0,0.0,0.0,16.5,2.4,6.1,31,100,2040.0,0,0.5,0.0,330.0,0,0.0,51,0,0.1,-1,-1,-1,-1,0.0,0.0
2026-04-20T19:00,0.4,0.0,0.0,0.0,16.1,2.78,5.8,23,100,1680.0,0,0.503,0.0,340.0,0,0.0,51,1,0.4,74,0,5,17,0.283,0.076
2026-04-20T20:00,0.8,0.0,0.0,0.0,15.8,2.5,5.8,12,100,3260.0,0,0.509,70.0,320.0,0,0.0,53,1,0.8,74,1,4,17,0.283,0.076
2026-04-20T21:00,0.5,0.0,0.0,0.0,15.7,1.68,5.1,10,100,2280.0,0,0.511,100.0,265.0,0,0.0,53,1,0.5,74,2,3,17,0.283,0.076
2026-04-20T22:00,0.5,0.0,0.0,0.0,15.6,1.55,3.7,356,100,2220.0,1,0.512,0.0,255.0,0,0.0,53,1,0.5,74,3,2,17,0.283,0.076
2026-04-20T23:00,0.7,0.0,0.0,0.0,15.6,1.5,3.9,26,100,2060.0,1,0.513,0.0,230.0,0,0.0,53,1,0.7,74,4,1,17,0.283,0.076
2026-04-21T00:00,0.2,0.0,0.0,0.0,15.1,2.02,3.5,23,100,1800.0,1,0.509,0.0,290.0,0,0.0,51,0,0.2,-1,-1,-1,-1,0.0,0.0
2026-04-21T01:00,0.1,0.0,0.0,0.0,15.7,2.01,4.9,35,100,1400.0,1,0.507,0.0,170.0,0,0.0,51,0,0.1,-1,-1,-1,-1,0.0,0.0
2026-04-21T02:00,0.0,0.0,0.0,0.0,16.8,2.4,5.8,360,100,1860.0,1,0.505,0.0,255.0,0,0.0,3,0,0.0,-1,-1,-1,-1,0.0,0.0
2026-04-21T03:00,0.0,0.0,0.0,0.0,17.2,2.77,6.5,354,98,9600.0,1,0.503,0.0,250.0,0,0.0,3,0,0.0,-1,-1,-1,-1,0.0,0.0
2026-04-21T04:00,0.1,0.0,0.0,0.0,20.5,1.98,6.8,344,66,9340.0,1,0.501,0.0,400.0,0,0.0,51,0,0.1,-1,-1,-1,-1,0.0,0.0
2026-04-21T05:00,0.0,0.0,0.0,0.0,23.4,2.43,7.4,352,52,10680.0,1,0.498,0.0,465.0,0,0.0,2,0,0.0,-1,-1,-1,-1,0.0,0.0
2026-04-21T06:00,0.1,1.0,0.0,0.0,23.8,2.4,6.9,360,63,8680.0,1,0.538,0.0,505.0,0,0.0,51,0,0.0,-1,-1,-1,-1,0.0,0.0
2026-04-21T07:00,0.1,0.0,0.0,0.0,25.0,1.65,6.9,14,38,9880.0,1,0.51,0.0,550.0,0,0.0,51,0,0.1,-1,-1,-1,-1,0.0,0.0
2026-04-21T08:00,0.0,0.0,0.0,0.0,25.7,1.61,5.2,330,44,9240.0,1,0.506,110.0,490.0,0,0.0,1,0,0.0,-1,-1,-1,-1,0.0,0.0
2026-04-21T09:00,0.1,0.0,0.0,0.0,24.9,2.11,5.2,355,96,8780.0,1,0.504,0.0,345.0,0,0.0,51,0,0.1,-1,-1,-1,-1,0.0,0.0
2026-04-21T10:00,0.0,0.0,0.0,0.0,23.4,2.47,5.3,18,38,15360.0,1,0.502,0.0,240.0,0,0.0,1,0,0.0,-1,-1,-1,-1,0.0,0.0
2026-04-21T11:00,0.0,0.0,0.0,0.0,21.8,2.65,4.9,11,20,13700.0,0,0.5,0.0,210.0,0,0.0,1,0,0.0,-1,-1,-1,-1,0.0,0.0
2026-04-21T12:00,0.0,0.0,0.0,0.0,19.5,2.07,5.1,8,35,11400.0,0,0.48,0.0,115.0,0,0.0,1,0,0.0,-1,-1,-1,-1,0.0,0.0
2026-04-21T13:00,0.0,0.0,0.0,0.0,18.5,2.12,3.9,15,45,4620.0,0,0.481,0.0,110.0,0,0.0,1,0,0.0,-1,-1,-1,-1,0.0,0.0
2026-04-21T14:00,0.0,0.0,0.0,0.0,17.8,2.78,5.2,18,78,12700.0,0,0.481,0.0,145.0,0,0.0,2,0,0.0,-1,-1,-1,-1,0.0,0.0
2026-04-21T15:00,0.0,0.0,0.0,0.0,17.1,3.13,6.4,13,100,10120.0,0,0.481,0.0,170.0,0,0.0,3,0,0.0,-1,-1,-1,-1,0.0,0.0
2026-04-21T16:00,0.0,0.0,0.0,0.0,16.6,3.08,6.4,8,100,6200.0,0,0.481,0.0,175.0,0,0.0,3,0,0.0,-1,-1,-1,-1,0.0,0.0
2026-04-21T17:00,0.4,0.25,0.0,0.0,16.2,3.17,7.1,16,100,3640.0,0,0.484,140.0,215.0,0,0.0,51,1,0.3,75,0,11,11,0.998,0.416
2026-04-21T18:00,0.7,0.143,0.0,0.0,16.1,2.84,6.7,14,100,1860.0,0,0.48,80.0,340.0,0,0.0,53,1,0.6,75,1,10,11,0.998,0.352
2026-04-21T19:00,0.5,0.0,0.0,0.0,15.6,3.36,6.6,11,100,1980.0,0,0.487,110.0,345.0,0,0.0,53,1,0.5,75,2,9,11,0.998,0.266
2026-04-21T20:00,0.5,0.0,0.0,0.0,15.0,3.59,7.1,19,100,1320.0,0,0.492,0.0,330.0,0,0.0,53,1,0.5,75,3,8,11,0.998,0.266
2026-04-21T21:00,0.3,0.0,0.0,0.0,14.5,3.08,7.0,20,100,800.0,0,0.494,90.0,300.0,0,0.0,51,1,0.3,75,4,7,11,0.998,0.266
2026-04-21T22:00,0.4,0.0,0.0,0.0,14.3,3.26,6.6,21,100,880.0,1,0.499,110.0,355.0,0,0.0,51,1,0.4,75,5,6,11,0.998,0.266
2026-04-21T23:00,0.8,0.25,0.0,0.0,14.2,2.93,6.7,14,100,1500.0,1,0.506,200.0,385.0,0,0.0,53,1,0.6,75,6,5,11,0.998,0.416
2026-04-22T00:00,1.0,0.2,0.0,0.0,13.4,3.3,6.6,360,100,2660.0,1,0.508,90.0,475.0,0,0.0,55,1,0.8,75,7,4,11,0.998,0.386
2026-04-22T01:00,1.9,0.368,0.0,0.0,13.7,3.18,7.3,22,100,3300.0,1,0.51,10.0,565.0,0,0.0011,80,1,1.2,75,8,3,11,0.998,0.487
2026-04-22T02:00,3.4,0.706,0.0,0.0,13.9,3.09,6.7,23,100,3460.0,1,0.51,150.0,540.0,0,0.045,81,1,1.0,75,9,2,11,0.998,0.69
2026-04-22T03:00,0.4,0.0,0.0,0.0,14.4,3.34,7.5,35,100,6980.0,1,0.509,10.0,435.0,0,0.0,51,1,0.4,75,10,1,11,0.998,0.266
2026-04-22T04:00,0.1,0.0,0.0,0.0,15.1,3.69,8.5,21,100,9280.0,1,0.507,120.0,535.0,0,0.0,51,0,0.1,-1,-1,-1,-1,0.0,0.0
2026-04-22T05:00,0.0,0.0,0.0,0.0,15.5,3.21,8.2,18,100,10540.0,1,0.505,130.0,570.0,0,0.0,3,0,0.0,-1,-1,-1,-1,0.0,0.0
2026-04-22T06:00,0.0,0.0,0.0,0.0,13.0,2.82,7.8,20,100,8760.0,1,0.531,10.0,430.0,0,0.0,3,0,0.0,-1,-1,-1,-1,0.0,0.0
2026-04-22T07:00,0.0,0.0,0.0,0.0,13.8,3.1,7.0,18,100,8840.0,1,0.496,10.0,470.0,0,0.0,3,0,0.0,-1,-1,-1,-1,0.0,0.0
2026-04-22T08:00,0.1,0.0,0.0,0.0,13.7,3.04,7.1,17,100,8940.0,1,0.495,0.0,480.0,0,0.0,51,0,0.1,-1,-1,-1,-1,0.0,0.0
2026-04-22T09:00,0.0,0.0,0.0,0.0,13.8,2.69,6.7,24,100,12400.0,1,0.495,0.0,495.0,0,0.0,3,0,0.0,-1,-1,-1,-1,0.0,0.0
2026-04-22T10:00,0.0,0.0,0.0,0.0,13.9,2.62,6.1,26,100,16120.0,1,0.494,0.0,475.0,0,0.0,3,0,0.0,-1,-1,-1,-1,0.0,0.0
2026-04-22T11:00,0.0,0.0,0.0,0.0,13.5,2.38,5.9,22,100,11300.0,0,0.494,0.0,390.0,0,0.0,3,0,0.0,-1,-1,-1,-1,0.0,0.0
2026-04-22T12:00,0.0,0.0,0.0,0.0,14.2,1.78,5.1,52,100,14120.0,0,0.498,0.0,345.0,0,0.0,3,0,0.0,-1,-1,-1,-1,0.0,0.0
2026-04-22T13:00,0.0,0.0,0.0,0.0,14.1,1.83,3.7,73,99,14080.0,0,0.497,70.0,255.0,0,0.0,3,0,0.0,-1,-1,-1,-1,0.0,0.0
2026-04-22T14:00,0.0,0.0,0.0,0.0,14.1,1.14,3.6,67,100,13580.0,0,0.496,90.0,185.0,0,0.0,3,0,0.0,-1,-1,-1,-1,0.0,0.0
2026-04-22T15:00,0.7,0.429,0.0,0.0,13.9,1.19,2.6,68,100,3460.0,0,0.5,50.0,120.0,0,0.0,53,1,0.4,76,0,3,2,0.386,0.36
2026-04-22T16:00,1.2,0.417,0.0,0.0,13.8,1.51,3.0,34,100,3280.0,0,0.511,10.0,405.0,0,0.0002,55,1,0.7,76,1,2,2,0.386,0.353
2026-04-22T17:00,0.6,0.333,0.0,0.0,13.7,1.91,3.9,43,100,5700.0,0,0.512,20.0,485.0,0,0.0,53,1,0.4,76,2,1,2,0.386,0.303
2026-04-22T18:00,0.2,0.0,0.0,0.0,13.4,2.41,4.6,48,100,6860.0,0,0.51,20.0,575.0,0,0.0,51,0,0.2,-1,-1,-1,-1,0.0,0.0
2026-04-22T19:00,0.0,0.0,0.0,0.0,13.1,1.88,4.9,48,100,5980.0,0,0.508,20.0,575.0,0,0.0,3,0,0.0,-1,-1,-1,-1,0.0,0.0
2026-04-22T20:00,0.4,0.0,0.0,0.0,12.8,1.31,3.5,43,99,3000.0,0,0.509,20.0,465.0,0,0.0,51,1,0.4,77,0,5,101,0.374,0.1
2026-04-22T21:00,0.7,0.143,0.0,0.0,12.6,1.77,3.6,29,100,5080.0,0,0.51,120.0,385.0,0,0.0,53,1,0.6,77,1,4,101,0.374,0.186
2026-04-22T22:00,0.3,0.0,0.0,0.0,12.5,1.82,4.0,32,100,4720.0,1,0.509,20.0,325.0,0,0.0,51,1,0.3,77,2,3,101,0.374,0.1
2026-04-22T23:00,0.4,0.0,0.0,0.0,12.4,1.66,4.4,29,100,2420.0,1,0.509,20.0,280.0,0,0.0,51,1,0.4,77,3,2,101,0.374,0.1
2026-04-23T00:00,0.7,0.0,0.0,0.0,12.5,1.95,4.5,50,100,8960.0,1,0.497,10.0,410.0,0,0.0,53,1,0.7,77,4,1,101,0.374,0.1
2026-04-23T01:00,0.1,1.0,0.0,0.0,13.8,2.73,6.5,35,98,12200.0,1,0.497,0.0,565.0,0,0.0,51,0,0.0,-1,-1,-1,-1,0.0,0.0
2026-04-23T02:00,0.1,1.0,0.0,0.0,14.9,2.82,7.3,23,100,12440.0,1,0.496,0.0,610.0,0,0.0,51,0,0.0,-1,-1,-1,-1,0.0,0.0
2026-04-23T03:00,0.0,0.0,0.0,0.0,15.7,2.55,7.1,16,100,18180.0,1,0.494,0.0,710.0,0,0.0,3,0,0.0,-1,-1,-1,-1,0.0,0.0
2026-04-23T04:00,0.0,0.0,0.0,0.0,17.3,2.76,7.4,12,100,19440.0,1,0.493,0.0,925.0,0,0.0,3,0,0.0,-1,-1,-1,-1,0.0,0.0
2026-04-23T05:00,0.0,0.0,0.0,0.0,18.0,2.57,7.4,13,100,19440.0,1,0.491,0.0,1000.0,0,0.0,3,0,0.0,-1,-1,-1,-1,0.0,0.0
2026-04-23T06:00,0.0,0.0,0.0,0.0,18.2,2.61,6.9,17,84,19440.0,1,0.489,0.0,1015.0,0,0.0,3,0,0.0,-1,-1,-1,-1,0.0,0.0
2026-04-23T07:00,0.0,0.0,0.0,0.0,19.2,3.32,8.2,12,85,20500.0,1,0.487,0.0,1110.0,0,0.0,3,0,0.0,-1,-1,-1,-1,0.0,0.0
2026-04-23T08:00,0.0,0.0,0.0,0.0,19.3,3.3,8.3,14,95,20500.0,1,0.485,0.0,1130.0,0,0.0,3,0,0.0,-1,-1,-1,-1,0.0,0.0
2026-04-23T09:00,0.0,0.0,0.0,0.0,18.9,3.31,7.8,15,84,20500.0,1,0.484,0.0,1100.0,0,0.0,3,0,0.0,-1,-1,-1,-1,0.0,0.0
2026-04-23T10:00,0.0,0.0,0.0,0.0,18.4,1.88,7.2,29,27,19440.0,1,0.483,0.0,620.0,0,0.0,1,0,0.0,-1,-1,-1,-1,0.0,0.0
2026-04-23T11:00,0.0,0.0,0.0,0.0,16.5,0.56,3.8,63,21,19440.0,0,0.483,0.0,45.0,0,0.0,1,0,0.0,-1,-1,-1,-1,0.0,0.0
2026-04-23T12:00,0.0,0.0,0.0,0.0,16.5,0.87,2.2,31,63,19440.0,0,0.481,0.0,80.0,0,0.0,2,0,0.0,-1,-1,-1,-1,0.0,0.0
2026-04-23T13:00,0.0,0.0,0.0,0.0,15.8,1.13,2.0,45,10,18160.0,0,0.481,0.0,115.0,0,0.0,0,0,0.0,-1,-1,-1,-1,0.0,0.0
2026-04-23T14:00,0.0,0.0,0.0,0.0,14.7,1.03,2.0,67,1,18160.0,0,0.481,0.0,60.0,0,0.0,0,0,0.0,-1,-1,-1,-1,0.0,0.0
2026-04-23T15:00,0.0,0.0,0.0,0.0,14.5,0.46,1.9,103,0,18160.0,0,0.481,0.0,25.0,0,0.0,0,0,0.0,-1,-1,-1,-1,0.0,0.0
2026-04-23T16:00,0.0,0.0,0.0,0.0,13.8,0.15,1.1,180,0,18160.0,0,0.481,0.0,15.0,0,0.0,0,0,0.0,-1,-1,-1,-1,0.0,0.0
2026-04-23T17:00,0.0,0.0,0.0,0.0,12.9,0.45,0.7,180,59,18160.0,0,0.481,0.0,20.0,0,0.0,2,0,0.0,-1,-1,-1,-1,0.0,0.0
2026-04-23T18:00,0.0,0.0,0.0,0.0,13.0,0.38,1.1,157,85,18160.0,0,0.481,0.0,20.0,0,0.0,3,0,0.0,-1,-1,-1,-1,0.0,0.0
2026-04-23T19:00,0.0,0.0,0.0,0.0,12.9,0.58,1.0,149,98,18160.0,0,0.481,0.0,30.0,0,0.0,3,0,0.0,-1,-1,-1,-1,0.0,0.0
2026-04-23T20:00,0.0,0.0,0.0,0.0,13.0,0.61,1.2,171,100,16100.0,0,0.481,0.0,25.0,0,0.0,3,0,0.0,-1,-1,-1,-1,0.0,0.0
2026-04-23T21:00,0.0,0.0,0.0,0.0,12.9,0.11,0.9,153,100,16100.0,0,0.48,0.0,10.0,0,0.0,3,0,0.0,-1,-1,-1,-1,0.0,0.0
2026-04-23T22:00,0.0,0.0,0.0,0.0,12.8,0.16,0.7,162,100,16100.0,1,0.48,0.0,15.0,0,0.0,3,0,0.0,-1,-1,-1,-1,0.0,0.0
2026-04-23T23:00,0.0,0.0,0.0,0.0,14.0,0.99,1.8,120,96,16100.0,1,0.48,0.0,45.0,0,0.0,3,0,0.0,-1,-1,-1,-1,0.0,0.0
2026-04-24T00:00,0.0,0.0,0.0,0.0,15.4,0.36,2.9,16,100,18160.0,1,0.497,0.0,160.0,0,0.0,3,0,0.0,-1,-1,-1,-1,0.0,0.0
2026-04-24T01:00,0.0,0.0,0.0,0.0,16.7,1.68,4.8,23,100,18160.0,1,0.495,0.0,470.0,0,0.0,3,0,0.0,-1,-1,-1,-1,0.0,0.0
2026-04-24T02:00,0.0,0.0,0.0,0.0,18.1,1.67,5.2,9,100,19420.0,1,0.493,0.0,650.0,0,0.0,3,0,0.0,-1,-1,-1,-1,0.0,0.0
2026-04-24T03:00,0.0,0.0,0.0,0.0,20.1,2.47,7.0,7,100,19420.0,1,0.49,0.0,1115.0,0,0.0,3,0,0.0,-1,-1,-1,-1,0.0,0.0
2026-04-24T04:00,0.0,0.0,0.0,0.0,21.1,2.3,7.2,356,93,20480.0,1,0.488,0.0,1245.0,0,0.0,3,0,0.0,-1,-1,-1,-1,0.0,0.0
2026-04-24T05:00,0.0,0.0,0.0,0.0,21.6,2.35,6.9,2,100,20480.0,1,0.485,0.0,1220.0,0,0.0,3,0,0.0,-1,-1,-1,-1,0.0,0.0
2026-04-24T06:00,0.0,0.0,0.0,0.0,20.8,2.47,7.0,14,100,20480.0,1,0.485,0.0,1230.0,0,0.0,3,0,0.0,-1,-1,-1,-1,0.0,0.0
2026-04-24T07:00,0.0,0.0,0.0,0.0,20.7,2.22,6.0,14,98,20480.0,1,0.483,0.0,1115.0,0,0.0,3,0,0.0,-1,-1,-1,-1,0.0,0.0
2026-04-24T08:00,0.0,0.0,0.0,0.0,21.2,2.0,5.6,360,29,20480.0,1,0.482,0.0,1150.0,0,0.0,1,0,0.0,-1,-1,-1,-1,0.0,0.0
2026-04-24T09:00,0.0,0.0,0.0,0.0,21.7,1.97,5.6,351,16,20480.0,1,0.48,0.0,1150.0,0,0.0,0,0,0.0,-1,-1,-1,-1,0.0,0.0
2026-04-24T10:00,0.0,0.0,0.0,0.0,20.5,0.73,4.9,16,2,20480.0,1,0.479,0.0,140.0,0,0.0,0,0,0.0,-1,-1,-1,-1,0.0,0.0
2026-04-24T11:00,0.0,0.0,0.0,0.0,18.1,0.85,1.4,62,0,19400.0,0,0.479,0.0,50.0,0,0.0,0,0,0.0,-1,-1,-1,-1,0.0,0.0
2026-04-24T12:00,0.0,0.0,0.0,0.0,15.9,2.05,1.9,146,0,14660.0,0,0.465,0.0,35.0,0,0.0,0,0,0.0,-1,-1,-1,-1,0.0,0.0
2026-04-24T13:00,0.0,0.0,0.0,0.0,14.7,1.48,4.0,156,0,9220.0,0,0.466,0.0,20.0,0,0.0,0,0,0.0,-1,-1,-1,-1,0.0,0.0
2026-04-24T14:00,0.0,0.0,0.0,0.0,13.8,1.03,3.1,166,2,9220.0,0,0.466,0.0,15.0,0,0.0,0,0,0.0,-1,-1,-1,-1,0.0,0.0
2026-04-24T15:00,0.0,0.0,0.0,0.0,13.3,1.3,3.2,157,0,9220.0,0,0.466,0.0,20.0,0,0.0,0,0,0.0,-1,-1,-1,-1,0.0,0.0
2026-04-24T16:00,0.0,0.0,0.0,0.0,12.8,0.34,3.1,153,0,9220.0,0,0.466,0.0,10.0,0,0.0,0,0,0.0,-1,-1,-1,-1,0.0,0.0
2026-04-24T17:00,0.0,0.0,0.0,0.0,12.9,0.71,1.8,141,2,14660.0,0,0.466,0.0,20.0,0,0.0,0,0,0.0,-1,-1,-1,-1,0.0,0.0
2026-04-24T18:00,0.0,0.0,0.0,0.0,13.8,0.16,2.0,198,0,18140.0,0,0.466,0.0,10.0,0,0.0,0,0,0.0,-1,-1,-1,-1,0.0,0.0
2026-04-24T19:00,0.0,0.0,0.0,0.0,13.2,0.47,1.0,198,0,16100.0,0,0.467,0.0,15.0,0,0.0,0,0,0.0,-1,-1,-1,-1,0.0,0.0
2026-04-24T20:00,0.0,0.0,0.0,0.0,13.0,0.22,0.8,153,27,16100.0,0,0.467,0.0,15.0,0,0.0,1,0,0.0,-1,-1,-1,-1,0.0,0.0
2026-04-24T21:00,0.0,0.0,0.0,0.0,12.9,0.65,1.1,122,6,16100.0,0,0.467,0.0,30.0,0,0.0,0,0,0.0,-1,-1,-1,-1,0.0,0.0
2026-04-24T22:00,0.0,0.0,0.0,0.0,12.9,0.41,1.1,166,32,16100.0,1,0.467,0.0,20.0,0,0.0,1,0,0.0,-1,-1,-1,-1,0.0,0.0
2026-04-24T23:00,0.0,0.0,0.0,0.0,14.7,0.82,1.4,194,64,16100.0,1,0.467,0.0,30.0,0,0.0,2,0,0.0,-1,-1,-1,-1,0.0,0.0
2026-04-25T00:00,0.0,0.0,0.0,0.0,16.5,0.85,2.6,273,100,15620.0,1,0.486,0.0,125.0,0,0.0,3,0,0.0,-1,-1,-1,-1,0.0,0.0
2026-04-25T01:00,0.0,0.0,0.0,0.0,19.1,0.98,4.0,285,38,19400.0,1,0.484,0.0,300.0,0,0.0,1,0,0.0,-1,-1,-1,-1,0.0,0.0
2026-04-25T02:00,0.0,0.0,0.0,0.0,21.2,0.88,4.4,313,100,19380.0,1,0.482,0.0,625.0,0,0.0,3,0,0.0,-1,-1,-1,-1,0.0,0.0
2026-04-25T03:00,0.0,0.0,0.0,0.0,22.9,0.96,4.6,313,96,20440.0,1,0.479,0.0,790.0,0,0.0,3,0,0.0,-1,-1,-1,-1,0.0,0.0
2026-04-25T04:00,0.0,0.0,0.0,0.0,24.5,0.96,4.7,321,100,21340.0,1,0.476,0.0,875.0,0,0.0,3,0,0.0,-1,-1,-1,-1,0.0,0.0
2026-04-25T05:00,0.0,0.0,0.0,0.0,25.9,1.23,5.0,339,100,21320.0,1,0.473,0.0,955.0,0,0.0,3,0,0.0,-1,-1,-1,-1,0.0,0.0
2026-04-25T06:00,0.0,0.0,0.0,0.0,26.3,1.4,5.3,356,100,23060.0,1,0.468,0.0,960.0,0,0.0,3,0,0.0,-1,-1,-1,-1,0.0,0.0
2026-04-25T07:00,0.0,0.0,0.0,0.0,27.0,1.4,5.1,2,98,23440.0,1,0.465,0.0,890.0,0,0.0,3,0,0.0,-1,-1,-1,-1,0.0,0.0
2026-04-25T08:00,0.0,0.0,0.0,0.0,26.8,1.36,4.7,8,98,23420.0,1,0.462,0.0,800.0,0,0.0,3,0,0.0,-1,-1,-1,-1,0.0,0.0
2026-04-25T09:00,0.0,0.0,0.0,0.0,26.0,1.15,4.1,34,16,23420.0,1,0.461,0.0,575.0,0,0.0,0,0,0.0,-1,-1,-1,-1,0.0,0.0
2026-04-25T10:00,0.0,0.0,0.0,0.0,23.5,1.37,3.0,100,7,21320.0,1,0.46,0.0,95.0,0,0.0,0,0,0.0,-1,-1,-1,-1,0.0,0.0
2026-04-25T11:00,0.0,0.0,0.0,0.0,20.8,1.88,3.5,130,8,20440.0,0,0.46,0.0,30.0,0,0.0,0,0,0.0,-1,-1,-1,-1,0.0,0.0
2026-04-25T12:00,0.0,0.0,0.0,0.0,18.6,1.19,3.5,147,7,20440.0,0,0.409,0.0,20.0,0,0.0,0,0,0.0,-1,-1,-1,-1,0.0,0.0
2026-04-25T13:00,0.0,0.0,0.0,0.0,18.0,0.79,3.0,162,2,19380.0,0,0.41,0.0,15.0,0,0.0,0,0,0.0,-1,-1,-1,-1,0.0,0.0
2026-04-25T14:00,0.0,0.0,0.0,0.0,16.7,0.7,2.3,159,0,19380.0,0,0.411,0.0,15.0,0,0.0,0,0,0.0,-1,-1,-1,-1,0.0,0.0
2026-04-25T15:00,0.0,0.0,0.0,0.0,15.1,1.28,3.1,159,0,18120.0,0,0.412,0.0,15.0,0,0.0,0,0,0.0,-1,-1,-1,-1,0.0,0.0
2026-04-25T16:00,0.0,0.0,0.0,0.0,14.2,1.66,3.7,155,0,16100.0,0,0.413,0.0,15.0,0,0.0,0,0,0.0,-1,-1,-1,-1,0.0,0.0
2026-04-25T17:00,0.0,0.0,0.0,0.0,14.1,1.57,3.8,158,0,14660.0,0,0.414,0.0,20.0,0,0.0,0,0,0.0,-1,-1,-1,-1,0.0,0.0
2026-04-25T18:00,0.0,0.0,0.0,0.0,13.9,0.95,3.4,162,0,14660.0,0,0.409,0.0,15.0,0,0.0,0,0,0.0,-1,-1,-1,-1,0.0,0.0
2026-04-25T19:00,0.0,0.0,0.0,0.0,13.9,0.89,2.6,164,0,14660.0,0,0.41,0.0,15.0,0,0.0,0,0,0.0,-1,-1,-1,-1,0.0,0.0
2026-04-25T20:00,0.0,0.0,0.0,0.0,13.8,0.87,2.0,167,0,14660.0,0,0.411,0.0,15.0,0,0.0,0,0,0.0,-1,-1,-1,-1,0.0,0.0
2026-04-25T21:00,0.0,0.0,0.0,0.0,13.7,0.98,2.0,165,0,16080.0,0,0.412,0.0,20.0,0,0.0,0,0,0.0,-1,-1,-1,-1,0.0,0.0
2026-04-25T22:00,0.0,0.0,0.0,0.0,13.5,0.65,2.0,157,0,16080.0,1,0.413,0.0,15.0,0,0.0,0,0,0.0,-1,-1,-1,-1,0.0,0.0
2026-04-25T23:00,0.0,0.0,0.0,0.0,15.9,0.69,1.8,150,0,16080.0,1,0.414,0.0,15.0,0,0.0,0,0,0.0,-1,-1,-1,-1,0.0,0.0
2026-04-26T00:00,0.0,0.0,0.0,0.0,19.8,0.7,2.2,270,2,18120.0,1,0.423,0.0,80.0,0,0.0,0,0,0.0,-1,-1,-1,-1,0.0,0.0
2026-04-26T01:00,0.0,0.0,0.0,0.0,23.3,1.46,4.5,254,48,20420.0,1,0.423,0.0,240.0,0,0.0,1,0,0.0,-1,-1,-1,-1,0.0,0.0
2026-04-26T02:00,0.0,0.0,0.0,0.0,26.2,1.81,5.4,242,16,21300.0,1,0.422,0.0,715.0,0,0.0,0,0,0.0,-1,-1,-1,-1,0.0,0.0
2026-04-26T03:00,0.0,0.0,0.0,0.0,28.4,1.85,5.6,232,64,23020.0,1,0.42,0.0,1165.0,0,0.0,2,0,0.0,-1,-1,-1,-1,0.0,0.0
2026-04-26T04:00,0.0,0.0,0.0,0.0,29.8,2.03,5.9,232,88,23380.0,1,0.418,0.0,1505.0,0,0.0,3,0,0.0,-1,-1,-1,-1,0.0,0.0
2026-04-26T05:00,0.0,0.0,0.0,0.0,31.0,2.34,6.4,220,57,23380.0,1,0.416,0.0,1740.0,0,0.0,2,0,0.0,-1,-1,-1,-1,0.0,0.0
2026-04-26T06:00,0.0,0.0,0.0,0.0,31.6,2.46,7.5,218,78,23640.0,1,0.41,0.0,1860.0,0,0.0,2,0,0.0,-1,-1,-1,-1,0.0,0.0
2026-04-26T07:00,0.0,0.0,0.0,0.0,31.3,3.49,8.0,207,100,23640.0,1,0.408,0.0,1940.0,0,0.0,3,0,0.0,-1,-1,-1,-1,0.0,0.0
2026-04-26T08:00,0.0,0.0,0.0,0.0,30.3,4.19,9.3,197,100,23380.0,1,0.406,0.0,1115.0,0,0.0,3,0,0.0,-1,-1,-1,-1,0.0,0.0
2026-04-26T09:00,0.0,0.0,0.0,0.0,29.0,3.19,9.3,194,100,23000.0,1,0.405,0.0,705.0,0,0.0,3,0,0.0,-1,-1,-1,-1,0.0,0.0
2026-04-26T10:00,0.0,0.0,0.0,0.0,27.0,2.85,6.7,178,52,21280.0,1,0.404,0.0,265.0,0,0.0,2,0,0.0,-1,-1,-1,-1,0.0,0.0
2026-04-26T11:00,0.0,0.0,0.0,0.0,24.4,2.53,5.4,162,5,21280.0,0,0.405,0.0,65.0,0,0.0,0,0,0.0,-1,-1,-1,-1,0.0,0.0
2026-04-26T12:00,0.0,0.0,0.0,0.0,21.9,2.6,5.0,157,91,20400.0,0,0.408,0.0,35.0,0,0.0,3,0,0.0,-1,-1,-1,-1,0.0,0.0
2026-04-26T13:00,0.0,0.0,0.0,0.0,21.7,2.95,5.5,165,97,20400.0,0,0.408,0.0,45.0,0,0.0,3,0,0.0,-1,-1,-1,-1,0.0,0.0
2026-04-26T14:00,0.0,0.0,0.0,0.0,21.4,3.02,5.6,156,100,20400.0,0,0.409,0.0,45.0,0,0.0,3,0,0.0,-1,-1,-1,-1,0.0,0.0
2026-04-26T15:00,0.0,0.0,0.0,0.0,21.1,2.61,5.6,160,100,20400.0,0,0.409,0.0,40.0,0,0.0,3,0,0.0,-1,-1,-1,-1,0.0,0.0
2026-04-26T16:00,0.0,0.0,0.0,0.0,20.3,1.57,4.8,163,100,20400.0,0,0.409,0.0,30.0,0,0.0,3,0,0.0,-1,-1,-1,-1,0.0,0.0
2026-04-26T17:00,0.0,0.0,0.0,0.0,19.5,1.31,2.8,162,100,20400.0,0,0.41,0.0,30.0,0,0.0,3,0,0.0,-1,-1,-1,-1,0.0,0.0
2026-04-26T18:00,0.0,0.0,0.0,0.0,19.8,1.48,2.4,156,100,20400.0,0,0.411,0.0,35.0,0,0.0,3,0,0.0,-1,-1,-1,-1,0.0,0.0
2026-04-26T19:00,0.0,0.0,0.0,0.0,20.2,1.5,2.7,159,100,19340.0,0,0.411,0.0,35.0,0,0.0,3,0,0.0,-1,-1,-1,-1,0.0,0.0
2026-04-26T20:00,0.0,0.0,0.0,0.0,20.0,1.22,2.6,161,100,19340.0,0,0.412,0.0,25.0,0,0.0,3,0,0.0,-1,-1,-1,-1,0.0,0.0
2026-04-26T21:00,0.0,0.0,0.0,0.0,19.8,0.88,2.2,137,99,19340.0,0,0.412,0.0,20.0,0,0.0,3,0,0.0,-1,-1,-1,-1,0.0,0.0
2026-04-26T22:00,0.0,0.0,0.0,0.0,19.4,0.41,1.6,166,100,18100.0,1,0.413,0.0,15.0,0,0.0,3,0,0.0,-1,-1,-1,-1,0.0,0.0
2026-04-26T23:00,0.1,0.0,0.0,0.0,19.8,1.21,2.4,210,100,17780.0,1,0.414,0.0,30.0,0,0.0,51,0,0.1,-1,-1,-1,-1,0.0,0.0
2026-04-27T00:00,0.0,0.0,0.0,0.0,22.1,0.81,2.3,191,100,18100.0,1,0.415,0.0,40.0,0,0.0,3,0,0.0,-1,-1,-1,-1,0.0,0.0
2026-04-27T01:00,0.0,0.0,0.0,0.0,23.4,0.8,2.3,270,41,19340.0,1,0.415,0.0,85.0,0,0.0,1,0,0.0,-1,-1,-1,-1,0.0,0.0
2026-04-27T02:00,0.0,0.0,0.0,0.0,27.9,1.68,4.9,207,21,21260.0,1,0.414,70.0,960.0,0,0.0,1,0,0.0,-1,-1,-1,-1,0.0,0.0
2026-04-27T03:00,0.0,0.0,0.0,0.0,29.4,3.2,7.8,203,76,21260.0,1,0.411,190.0,1370.0,0,0.0,2,0,0.0,-1,-1,-1,-1,0.0,0.0
2026-04-27T04:00,0.0,0.0,0.0,0.0,29.6,3.44,8.6,193,98,21240.0,1,0.409,310.0,1185.0,0,0.0,3,0,0.0,-1,-1,-1,-1,0.0,0.0
2026-04-27T05:00,0.0,0.0,0.0,0.0,30.4,3.66,9.6,202,99,20380.0,1,0.407,700.0,1520.0,0,0.0,3,0,0.0,-1,-1,-1,-1,0.0,0.0
2026-04-27T06:00,0.8,1.0,0.0,0.0,26.6,1.16,9.7,187,82,11100.0,1,0.419,320.0,500.0,0,0.0,53,1,0.0,78,0,1,21,0.0,0.6
2026-04-27T07:00,0.0,0.0,0.0,0.0,28.3,1.07,5.3,242,95,20380.0,1,0.418,840.0,1375.0,0,0.0,3,0,0.0,-1,-1,-1,-1,0.0,0.0
2026-04-27T08:00,0.0,0.0,0.0,0.0,28.9,1.24,5.6,194,100,20380.0,1,0.417,590.0,1485.0,0,0.0,3,0,0.0,-1,-1,-1,-1,0.0,0.0
2026-04-27T09:00,0.0,0.0,0.0,0.0,28.1,1.5,4.8,210,100,20380.0,1,0.416,440.0,1150.0,0,0.0,3,0,0.0,-1,-1,-1,-1,0.0,0.0
2026-04-27T10:00,0.0,0.0,0.0,0.0,26.4,0.63,3.5,209,100,19320.0,1,0.416,500.0,30.0,0,0.0,3,0,0.0,-1,-1,-1,-1,0.0,0.0
2026-04-27T11:00,0.0,0.0,0.0,0.0,25.0,0.4,1.2,180,100,19320.0,0,0.417,420.0,35.0,0,0.0,3,0,0.0,-1,-1,-1,-1,0.0,0.0
2026-04-27T12:00,0.0,0.0,0.0,0.0,22.3,0.32,1.2,231,100,9080.0,0,0.429,1900.0,20.0,0,0.0,3,0,0.0,-1,-1,-1,-1,0.0,0.0
2026-04-27T13:00,0.0,0.0,0.0,0.0,21.4,0.32,1.2,162,100,420.0,0,0.429,1600.0,10.0,0,0.0,3,0,0.0,-1,-1,-1,-1,0.0,0.0
2026-04-27T14:00,0.0,0.0,0.0,0.0,21.2,0.57,1.7,142,49,9000.0,0,0.429,810.0,15.0,0,0.0,1,0,0.0,-1,-1,-1,-1,0.0,0.0
2026-04-27T15:00,0.0,0.0,0.0,0.0,20.2,0.9,2.1,161,14,9220.0,0,0.429,340.0,15.0,0,0.0,0,0,0.0,-1,-1,-1,-1,0.0,0.0
2026-04-27T16:00,0.0,0.0,0.0,0.0,19.5,1.39,2.8,159,41,8920.0,0,0.43,10.0,20.0,0,0.0,1,0,0.0,-1,-1,-1,-1,0.0,0.0
2026-04-27T17:00,0.0,0.0,0.0,0.0,19.6,1.66,3.1,175,8,12860.0,0,0.43,0.0,35.0,0,0.0,0,0,0.0,-1,-1,-1,-1,0.0,0.0
2026-04-27T18:00,0.0,0.0,0.0,0.0,20.4,2.18,3.2,171,15,12840.0,0,0.419,270.0,50.0,0,0.0,0,0,0.0,-1,-1,-1,-1,0.0,0.0
2026-04-27T19:00,0.0,0.0,0.0,0.0,20.9,2.01,4.0,176,45,13740.0,0,0.42,240.0,85.0,0,0.0,1,0,0.0,-1,-1,-1,-1,0.0,0.0
2026-04-27T20:00,0.0,0.0,0.0,0.0,21.1,1.71,3.6,165,16,14460.0,0,0.42,190.0,70.0,0,0.0,0,0,0.0,-1,-1,-1,-1,0.0,0.0
2026-04-27T21:00,0.0,0.0,0.0,0.0,20.5,1.3,3.1,178,100,15800.0,0,0.42,140.0,50.0,0,0.0,3,0,0.0,-1,-1,-1,-1,0.0,0.0
2026-04-27T22:00,0.0,0.0,0.0,0.0,20.3,0.72,2.5,168,100,14440.0,1,0.421,90.0,30.0,0,0.0,3,0,0.0,-1,-1,-1,-1,0.0,0.0
2026-04-27T23:00,0.0,0.0,0.0,0.0,21.6,1.03,1.7,203,100,14540.0,1,0.421,20.0,35.0,0,0.0,3,0,0.0,-1,-1,-1,-1,0.0,0.0
2026-04-28T00:00,0.0,0.0,0.0,0.0,23.3,0.52,2.9,253,100,14660.0,1,0.423,290.0,120.0,0,0.0,3,0,0.0,-1,-1,-1,-1,0.0,0.0
2026-04-28T01:00,0.0,0.0,0.0,0.0,25.6,0.54,3.5,292,100,18080.0,1,0.422,620.0,890.0,0,0.0,3,0,0.0,-1,-1,-1,-1,0.0,0.0
2026-04-28T02:00,0.0,0.0,0.0,0.0,27.1,2.08,7.5,207,100,20340.0,1,0.421,270.0,1155.0,0,0.0,3,0,0.0,-1,-1,-1,-1,0.0,0.0
2026-04-28T03:00,0.0,0.0,0.0,0.0,28.2,3.25,8.4,190,98,20340.0,1,0.42,280.0,1400.0,0,0.0,3,0,0.0,-1,-1,-1,-1,0.0,0.0
2026-04-28T04:00,0.4,1.0,0.0,0.0,27.1,4.02,9.3,185,99,5500.0,1,0.422,260.0,1055.0,0,0.0,51,1,0.0,79,0,6,2,1.2,0.92
2026-04-28T05:00,2.4,0.625,0.0,0.0,24.7,1.81,8.8,228,100,6100.0,1,0.446,960.0,535.0,0,0.168,95,1,0.9,79,1,5,2,1.2,0.695
2026-04-28T06:00,0.0,0.0,0.0,0.0,23.9,0.99,4.5,139,100,5160.0,1,0.46,830.0,470.0,0,0.0,3,0,0.0,79,2,4,2,1.2,0.32
2026-04-28T07:00,0.3,0.0,0.0,0.0,23.7,1.17,3.2,10,100,3620.0,1,0.462,1220.0,80.0,0,0.0,51,1,0.3,79,3,3,2,1.2,0.32
2026-04-28T08:00,1.0,0.3,0.0,0.0,22.7,1.56,5.0,7,100,4360.0,1,0.472,860.0,120.0,0,0.0,55,1,0.7,79,4,2,2,1.2,0.5
2026-04-28T09:00,0.3,0.0,0.0,0.0,22.6,1.54,4.0,29,100,4540.0,1,0.475,930.0,145.0,0,0.0,51,1,0.3,79,5,1,2,1.2,0.32
2026-04-28T10:00,0.2,0.5,0.0,0.0,22.8,1.97,4.1,9,100,6140.0,1,0.475,1040.0,145.0,0,0.0,51,0,0.1,-1,-1,-1,-1,0.0,0.0
2026-04-28T11:00,0.2,0.5,0.0,0.0,21.9,1.95,5.9,3,100,5780.0,0,0.476,580.0,160.0,0,0.0,51,0,0.1,-1,-1,-1,-1,0.0,0.0
2026-04-28T12:00,1.1,0.727,0.0,0.0,21.4,1.85,7.0,357,100,600.0,0,0.509,340.0,150.0,0,0.0043,55,1,0.3,80,0,19,81,0.773,0.642
2026-04-28T13:00,1.0,0.1,0.0,0.0,21.0,1.89,5.7,348,100,580.0,0,0.514,140.0,170.0,0,0.0,55,1,0.9,80,1,18,81,0.773,0.266
2026-04-28T14:00,1.9,0.263,0.0,0.0,19.9,2.71,7.6,337,100,2780.0,0,0.513,160.0,260.0,0,0.018,80,1,1.4,80,2,17,81,0.773,0.364
2026-04-28T15:00,1.7,0.353,0.0,0.0,18.8,2.38,7.6,345,100,2840.0,0,0.513,100.0,295.0,0,0.0087,80,1,1.1,80,3,16,81,0.773,0.418
2026-04-28T16:00,1.8,0.222,0.0,0.0,18.1,2.41,7.0,347,100,2320.0,0,0.513,100.0,390.0,0,0.01,80,1,1.4,80,4,15,81,0.773,0.339
2026-04-28T17:00,2.6,0.038,0.0,0.0,17.6,2.16,5.5,318,100,2340.0,0,0.512,50.0,530.0,0,0.01,81,1,2.5,80,5,14,81,0.773,0.229
2026-04-28T18:00,1.8,0.111,0.0,0.0,17.3,1.67,4.0,351,100,1800.0,0,0.509,10.0,555.0,0,0.001,80,1,1.6,80,6,13,81,0.773,0.273
2026-04-28T19:00,4.0,0.05,0.0,0.0,16.8,2.87,4.8,353,100,1820.0,0,0.512,30.0,640.0,0,0.0112,81,1,3.8,80,7,12,81,0.773,0.236
2026-04-28T20:00,3.6,0.056,0.0,0.0,15.6,4.08,7.8,353,100,1740.0,0,0.512,20.0,650.0,0,0.0065,81,1,3.4,80,8,11,81,0.773,0.24
2026-04-28T21:00,3.8,0.026,0.0,0.0,14.9,3.81,7.5,357,100,1420.0,0,0.511,20.0,650.0,0,0.007,81,1,3.7,80,9,10,81,0.773,0.222
2026-04-28T22:00,5.8,0.0,0.0,0.0,14.1,3.51,7.6,3,100,1300.0,1,0.511,20.0,635.0,0,0.01,63,1,5.8,80,10,9,81,0.773,0.206
2026-04-28T23:00,6.2,0.032,0.0,0.0,13.8,2.34,7.2,326,100,1480.0,1,0.511,10.0,535.0,0,0.005,81,1,6.0,80,11,8,81,0.773,0.225
2026-04-29T00:00,3.1,0.032,0.0,0.0,13.8,3.08,5.5,7,100,2420.0,1,0.502,20.0,625.0,0,0.0053,81,1,3.0,80,12,7,81,0.773,0.225
2026-04-29T01:00,1.3,0.154,0.0,0.0,13.8,3.0,6.8,1,100,3760.0,1,0.511,10.0,545.0,0,0.0004,80,1,1.1,80,13,6,81,0.773,0.299
2026-04-29T02:00,1.0,0.3,0.0,0.0,13.8,4.22,7.5,341,100,3280.0,1,0.511,0.0,405.0,0,0.0,55,1,0.7,80,14,5,81,0.773,0.386
2026-04-29T03:00,0.9,0.222,0.0,0.0,14.0,3.88,8.9,345,100,4120.0,1,0.51,10.0,435.0,0,0.0,53,1,0.7,80,15,4,81,0.773,0.339
2026-04-29T04:00,0.5,0.4,0.0,0.0,14.8,4.57,9.9,355,100,5180.0,1,0.51,10.0,515.0,0,0.0,53,1,0.3,80,16,3,81,0.773,0.446
2026-04-29T05:00,0.3,0.333,0.0,0.0,15.1,4.41,9.6,355,100,7380.0,1,0.509,30.0,555.0,0,0.0,51,1,0.2,80,17,2,81,0.773,0.406
2026-04-29T06:00,0.4,0.25,0.0,0.0,15.1,4.11,8.8,356,100,7540.0,1,0.528,0.0,650.0,0,0.0,51,1,0.3,80,18,1,81,0.773,0.356
2026-04-29T07:00,0.2,0.0,0.0,0.0,15.2,3.35,8.3,357,100,5500.0,1,0.496,0.0,705.0,0,0.0,51,0,0.2,-1,-1,-1,-1,0.0,0.0
2026-04-29T08:00,0.2,0.0,0.0,0.0,15.3,3.09,7.1,14,100,12780.0,1,0.496,10.0,690.0,0,0.0,51,0,0.2,-1,-1,-1,-1,0.0,0.0
2026-04-29T09:00,0.0,0.0,0.0,0.0,16.1,3.07,6.6,16,100,18040.0,1,0.496,10.0,900.0,0,0.0,3,0,0.0,-1,-1,-1,-1,0.0,0.0
2026-04-29T10:00,0.0,0.0,0.0,0.0,16.1,2.5,6.4,2,100,18040.0,1,0.495,10.0,925.0,0,0.0,3,0,0.0,-1,-1,-1,-1,0.0,0.0
2026-04-29T11:00,0.0,0.0,0.0,0.0,15.7,2.9,5.9,359,100,18040.0,0,0.494,0.0,790.0,0,0.0,3,0,0.0,-1,-1,-1,-1,0.0,0.0
2026-04-29T12:00,0.1,1.0,0.0,0.0,15.1,2.33,6.0,351,100,16060.0,0,0.5,0.0,620.0,0,0.0,51,0,0.0,-1,-1,-1,-1,0.0,0.0
2026-04-29T13:00,0.0,0.0,0.0,0.0,15.0,2.26,5.0,354,100,18040.0,0,0.499,0.0,660.0,0,0.0,3,0,0.0,-1,-1,-1,-1,0.0,0.0
2026-04-29T14:00,0.0,0.0,0.0,0.0,14.9,2.01,4.7,6,100,18040.0,0,0.498,0.0,605.0,0,0.0,3,0,0.0,-1,-1,-1,-1,0.0,0.0
2026-04-29T15:00,0.0,0.0,0.0,0.0,14.8,1.72,4.2,26,100,16060.0,0,0.497,0.0,575.0,0,0.0,3,0,0.0,-1,-1,-1,-1,0.0,0.0
2026-04-29T16:00,0.0,0.0,0.0,0.0,14.8,1.25,3.5,16,100,16060.0,0,0.496,0.0,465.0,0,0.0,3,0,0.0,-1,-1,-1,-1,0.0,0.0
2026-04-29T17:00,0.0,0.0,0.0,0.0,14.4,0.87,2.5,13,100,16060.0,0,0.495,0.0,450.0,0,0.0,3,0,0.0,-1,-1,-1,-1,0.0,0.0
2026-04-29T18:00,0.0,0.0,0.0,0.0,14.5,1.76,1.9,7,100,13500.0,0,0.494,10.0,465.0,0,0.0,3,0,0.0,-1,-1,-1,-1,0.0,0.0
2026-04-29T19:00,0.2,1.0,0.0,0.0,14.3,2.59,4.9,10,98,14660.0,0,0.495,20.0,485.0,0,0.0,51,0,0.0,-1,-1,-1,-1,0.0,0.0
2026-04-29T20:00,0.0,0.0,0.0,0.0,13.7,2.48,5.3,19,99,12880.0,0,0.494,20.0,425.0,0,0.0,3,0,0.0,-1,-1,-1,-1,0.0,0.0
2026-04-29T21:00,0.0,0.0,0.0,0.0,12.7,1.5,4.8,30,89,12880.0,0,0.493,10.0,260.0,0,0.0,3,0,0.0,-1,-1,-1,-1,0.0,0.0
2026-04-29T22:00,0.0,0.0,0.0,0.0,11.4,1.1,2.9,30,97,12880.0,1,0.493,0.0,105.0,0,0.0,3,0,0.0,-1,-1,-1,-1,0.0,0.0
2026-04-29T23:00,0.0,0.0,0.0,0.0,12.9,0.78,2.4,15,88,12880.0,1,0.492,0.0,260.0,0,0.0,3,0,0.0,-1,-1,-1,-1,0.0,0.0
2026-04-30T00:00,0.0,0.0,0.0,0.0,14.1,1.33,4.1,20,100,18040.0,1,0.49,0.0,600.0,0,0.0,3,0,0.0,-1,-1,-1,-1,0.0,0.0
2026-04-30T01:00,0.0,0.0,0.0,0.0,16.0,2.48,6.5,19,98,19260.0,1,0.489,0.0,865.0,0,0.0,3,0,0.0,-1,-1,-1,-1,0.0,0.0
2026-04-30T02:00,0.0,0.0,0.0,0.0,17.7,3.2,8.3,20,100,20280.0,1,0.487,0.0,1110.0,0,0.0,3,0,0.0,-1,-1,-1,-1,0.0,0.0
2026-04-30T03:00,0.0,0.0,0.0,0.0,18.6,2.85,8.3,15,100,20280.0,1,0.485,0.0,1210.0,0,0.0,3,0,0.0,-1,-1,-1,-1,0.0,0.0
2026-04-30T04:00,0.0,0.0,0.0,0.0,20.0,2.05,7.5,357,100,21140.0,1,0.483,0.0,1270.0,0,0.0,3,0,0.0,-1,-1,-1,-1,0.0,0.0
2026-04-30T05:00,0.0,0.0,0.0,0.0,21.2,1.96,6.4,6,98,21120.0,1,0.481,0.0,1400.0,0,0.0,3,0,0.0,-1,-1,-1,-1,0.0,0.0
2026-04-30T06:00,0.0,0.0,0.0,0.0,21.0,2.05,6.7,3,99,21120.0,1,0.478,0.0,1410.0,0,0.0,3,0,0.0,-1,-1,-1,-1,0.0,0.0
2026-04-30T07:00,0.0,0.0,0.0,0.0,21.6,1.92,6.4,7,93,21120.0,1,0.476,0.0,1335.0,0,0.0,3,0,0.0,-1,-1,-1,-1,0.0,0.0
2026-04-30T08:00,0.0,0.0,0.0,0.0,21.5,1.81,6.0,14,45,21120.0,1,0.475,0.0,1100.0,0,0.0,1,0,0.0,-1,-1,-1,-1,0.0,0.0
2026-04-30T09:00,0.0,0.0,0.0,0.0,21.0,1.77,5.3,22,4,21120.0,1,0.473,0.0,825.0,0,0.0,0,0,0.0,-1,-1,-1,-1,0.0,0.0
2026-04-30T10:00,0.0,0.0,0.0,0.0,19.9,1.1,4.6,47,2,20260.0,1,0.473,0.0,310.0,0,0.0,0,0,0.0,-1,-1,-1,-1,0.0,0.0
2026-04-30T11:00,0.0,0.0,0.0,0.0,17.6,0.9,2.1,109,0,20260.0,0,0.473,0.0,45.0,0,0.0,0,0,0.0,-1,-1,-1,-1,0.0,0.0
2026-04-30T12:00,0.0,0.0,0.0,0.0,16.5,0.63,1.4,151,58,19240.0,0,0.473,0.0,20.0,0,0.0,2,0,0.0,-1,-1,-1,-1,0.0,0.0
2026-04-30T13:00,0.0,0.0,0.0,0.0,15.7,0.25,1.2,169,92,19240.0,0,0.473,0.0,10.0,0,0.0,3,0,0.0,-1,-1,-1,-1,0.0,0.0
2026-04-30T14:00,0.0,0.0,0.0,0.0,15.3,0.16,0.7,162,9,19240.0,0,0.473,0.0,10.0,0,0.0,0,0,0.0,-1,-1,-1,-1,0.0,0.0
2026-04-30T15:00,0.0,0.0,0.0,0.0,14.7,0.22,0.7,153,11,19240.0,0,0.473,0.0,10.0,0,0.0,0,0,0.0,-1,-1,-1,-1,0.0,0.0
2026-04-30T16:00,0.0,0.0,0.0,0.0,14.3,0.16,0.6,162,31,19240.0,0,0.474,0.0,10.0,0,0.0,1,0,0.0,-1,-1,-1,-1,0.0,0.0
2026-04-30T17:00,0.0,0.0,0.0,0.0,13.4,0.25,0.7,169,100,18020.0,0,0.474,0.0,10.0,0,0.0,3,0,0.0,-1,-1,-1,-1,0.0,0.0
2026-04-30T18:00,0.0,0.0,0.0,0.0,13.1,0.65,1.6,180,100,18020.0,0,0.474,0.0,15.0,0,0.0,3,0,0.0,-1,-1,-1,-1,0.0,0.0
2026-04-30T19:00,0.0,0.0,0.0,0.0,12.8,0.67,1.8,167,74,16040.0,0,0.474,0.0,15.0,0,0.0,2,0,0.0,-1,-1,-1,-1,0.0,0.0
2026-04-30T20:00,0.0,0.0,0.0,0.0,12.0,0.6,1.8,156,66,14660.0,0,0.474,0.0,15.0,0,0.0,2,0,0.0,-1,-1,-1,-1,0.0,0.0
2026-04-30T21:00,0.0,0.0,0.0,0.0,11.5,0.4,1.7,150,18,12880.0,0,0.474,0.0,10.0,0,0.0,0,0,0.0,-1,-1,-1,-1,0.0,0.0
2026-04-30T22:00,0.0,0.0,0.0,0.0,11.0,0.43,1.7,144,0,12880.0,1,0.474,0.0,10.0,0,0.0,0,0,0.0,-1,-1,-1,-1,0.0,0.0
2026-04-30T23:00,0.0,0.0,0.0,0.0,13.4,0.5,2.2,143,3,14660.0,1,0.474,0.0,10.0,0,0.0,0,0,0.0,-1,-1,-1,-1,0.0,0.0
2026-05-01T00:00,0.0,0.0,0.0,0.0,17.2,0.67,2.5,297,5,18020.0,1,0.48,0.0,130.0,0,0.0,0,0,0.0,-1,-1,-1,-1,0.0,0.0
2026-05-01T01:00,0.0,0.0,0.0,0.0,20.2,1.25,4.4,307,6,19240.0,1,0.479,0.0,385.0,0,0.0,0,0,0.0,-1,-1,-1,-1,0.0,0.0
2026-05-01T02:00,0.0,0.0,0.0,0.0,22.7,1.1,4.7,273,9,20240.0,1,0.477,0.0,820.0,0,0.0,0,0,0.0,-1,-1,-1,-1,0.0,0.0
2026-05-01T03:00,0.0,0.0,0.0,0.0,25.0,1.67,5.5,231,7,21100.0,1,0.475,0.0,1185.0,0,0.0,0,0,0.0,-1,-1,-1,-1,0.0,0.0
2026-05-01T04:00,0.0,0.0,0.0,0.0,26.5,2.31,6.6,210,27,21100.0,1,0.471,0.0,1390.0,0,0.0,1,0,0.0,-1,-1,-1,-1,0.0,0.0
2026-05-01T05:00,0.0,0.0,0.0,0.0,27.5,2.98,7.7,203,66,22760.0,1,0.468,0.0,1460.0,0,0.0,2,0,0.0,-1,-1,-1,-1,0.0,0.0
2026-05-01T06:00,0.0,0.0,0.0,0.0,27.8,2.61,8.1,212,69,22740.0,1,0.464,0.0,1440.0,0,0.0,2,0,0.0,-1,-1,-1,-1,0.0,0.0
2026-05-01T07:00,0.0,0.0,0.0,0.0,28.0,3.06,7.6,208,100,22740.0,1,0.461,0.0,1450.0,0,0.0,3,0,0.0,-1,-1,-1,-1,0.0,0.0
2026-05-01T08:00,0.0,0.0,0.0,0.0,27.7,4.01,8.7,184,100,21080.0,1,0.459,0.0,1510.0,0,0.0,3,0,0.0,-1,-1,-1,-1,0.0,0.0
2026-05-01T09:00,0.0,0.0,0.0,0.0,26.8,3.92,9.1,175,97,21080.0,1,0.458,0.0,1325.0,0,0.0,3,0,0.0,-1,-1,-1,-1,0.0,0.0
2026-05-01T10:00,0.0,0.0,0.0,0.0,25.8,2.63,7.9,166,89,20240.0,1,0.457,0.0,990.0,0,0.0,3,0,0.0,-1,-1,-1,-1,0.0,0.0
2026-05-01T11:00,0.0,0.0,0.0,0.0,23.8,3.56,7.2,154,72,20240.0,0,0.457,0.0,475.0,0,0.0,2,0,0.0,-1,-1,-1,-1,0.0,0.0
2026-05-01T12:00,0.0,0.0,0.0,0.0,22.8,2.82,6.9,174,77,20240.0,0,0.458,0.0,475.0,0,0.0,2,0,0.0,-1,-1,-1,-1,0.0,0.0
2026-05-01T13:00,0.0,0.0,0.0,0.0,22.6,2.38,5.4,195,91,20240.0,0,0.458,0.0,510.0,0,0.0,3,0,0.0,-1,-1,-1,-1,0.0,0.0
2026-05-01T14:00,0.0,0.0,0.0,0.0,22.1,2.45,4.7,168,80,20220.0,0,0.458,0.0,445.0,0,0.0,3,0,0.0,-1,-1,-1,-1,0.0,0.0
2026-05-01T15:00,0.0,0.0,0.0,0.0,21.8,2.28,4.7,189,85,20220.0,0,0.458,0.0,460.0,0,0.0,3,0,0.0,-1,-1,-1,-1,0.0,0.0
2026-05-01T16:00,0.0,0.0,0.0,0.0,22.0,2.71,5.2,184,99,20220.0,0,0.458,0.0,480.0,0,0.0,3,0,0.0,-1,-1,-1,-1,0.0,0.0
2026-05-01T17:00,0.0,0.0,0.0,0.0,22.3,2.42,5.6,187,47,20220.0,0,0.458,0.0,515.0,0,0.0,1,0,0.0,-1,-1,-1,-1,0.0,0.0
2026-05-01T18:00,0.0,0.0,0.0,0.0,22.3,3.07,4.8,187,100,19220.0,0,0.458,0.0,505.0,0,0.0,3,0,0.0,-1,-1,-1,-1,0.0,0.0
2026-05-01T19:00,0.0,0.0,0.0,0.0,22.4,1.9,6.5,194,99,19220.0,0,0.458,0.0,540.0,0,0.0,3,0,0.0,-1,-1,-1,-1,0.0,0.0
2026-05-01T20:00,0.0,0.0,0.0,0.0,22.3,2.92,5.6,193,85,19220.0,0,0.458,0.0,450.0,0,0.0,3,0,0.0,-1,-1,-1,-1,0.0,0.0
2026-05-01T21:00,0.0,0.0,0.0,0.0,22.1,4.06,8.1,184,45,19200.0,0,0.458,0.0,470.0,0,0.0,1,0,0.0,-1,-1,-1,-1,0.0,0.0
2026-05-01T22:00,0.0,0.0,0.0,0.0,22.1,3.36,8.3,191,84,19200.0,1,0.458,0.0,495.0,0,0.0,3,0,0.0,-1,-1,-1,-1,0.0,0.0
2026-05-01T23:00,0.0,0.0,0.0,0.0,22.6,3.2,6.9,180,72,19200.0,1,0.458,0.0,500.0,0,0.0,2,0,0.0,-1,-1,-1,-1,0.0,0.0
2026-05-02T00:00,0.0,0.0,0.0,0.0,24.1,3.31,7.6,185,88,19200.0,1,0.446,0.0,695.0,0,0.0,3,0,0.0,-1,-1,-1,-1,0.0,0.0
2026-05-02T01:00,0.0,0.0,0.0,0.0,25.7,4.9,10.7,181,100,19200.0,1,0.445,20.0,945.0,0,0.0,3,0,0.0,-1,-1,-1,-1,0.0,0.0
2026-05-02T02:00,0.0,0.0,0.0,0.0,27.1,6.03,13.1,189,100,20220.0,1,0.444,70.0,1275.0,0,0.0,3,0,0.0,-1,-1,-1,-1,0.0,0.0
2026-05-02T03:00,0.1,0.0,0.0,0.0,25.3,5.35,13.3,182,100,19200.0,1,0.444,0.0,770.0,0,0.0,51,0,0.1,-1,-1,-1,-1,0.0,0.0
2026-05-02T04:00,0.0,0.0,0.0,0.0,26.9,5.8,13.3,180,100,19200.0,1,0.442,160.0,1125.0,0,0.0,3,0,0.0,-1,-1,-1,-1,0.0,0.0
2026-05-02T05:00,0.0,0.0,0.0,0.0,29.5,6.86,14.7,213,100,20200.0,1,0.441,480.0,1690.0,0,0.0,3,0,0.0,-1,-1,-1,-1,0.0,0.0
2026-05-02T06:00,0.0,0.0,0.0,0.0,29.1,5.57,14.6,220,100,20200.0,1,0.458,170.0,1650.0,0,0.0,3,0,0.0,-1,-1,-1,-1,0.0,0.0
2026-05-02T07:00,0.0,0.0,0.0,0.0,28.7,5.01,11.8,212,100,11600.0,1,0.456,200.0,1535.0,0,0.0,3,0,0.0,-1,-1,-1,-1,0.0,0.0
2026-05-02T08:00,0.0,0.0,0.0,0.0,28.1,3.69,10.8,196,100,20200.0,1,0.455,390.0,1500.0,0,0.0,3,0,0.0,-1,-1,-1,-1,0.0,0.0
2026-05-02T09:00,0.0,0.0,0.0,0.0,28.2,3.22,8.4,192,100,20200.0,1,0.453,440.0,1325.0,0,0.0,3,0,0.0,-1,-1,-1,-1,0.0,0.0
2026-05-02T10:00,0.0,0.0,0.0,0.0,26.8,2.55,6.7,180,100,19200.0,1,0.453,480.0,420.0,0,0.0,3,0,0.0,-1,-1,-1,-1,0.0,0.0
2026-05-02T11:00,0.0,0.0,0.0,0.0,26.1,3.2,6.0,181,100,19200.0,0,0.453,280.0,395.0,0,0.0,3,0,0.0,-1,-1,-1,-1,0.0,0.0
2026-05-02T12:00,0.0,0.0,0.0,0.0,25.3,2.83,6.0,188,100,19200.0,0,0.431,330.0,295.0,0,0.0,3,0,0.0,-1,-1,-1,-1,0.0,0.0
2026-05-02T13:00,0.0,0.0,0.0,0.0,24.8,1.64,5.3,211,98,17980.0,0,0.432,350.0,255.0,0,0.0,3,0,0.0,-1,-1,-1,-1,0.0,0.0
2026-05-02T14:00,0.0,0.0,0.0,0.0,23.1,0.89,3.2,322,96,14260.0,0,0.432,330.0,45.0,0,0.0,3,0,0.0,-1,-1,-1,-1,0.0,0.0
2026-05-02T15:00,0.2,1.0,0.0,0.0,21.0,1.9,7.6,23,100,3280.0,0,0.435,270.0,285.0,0,0.0,51,0,0.0,-1,-1,-1,-1,0.0,0.0
2026-05-02T16:00,1.2,0.25,0.0,0.0,21.1,0.96,3.6,99,100,2140.0,0,0.446,210.0,95.0,0,0.0052,55,1,0.9,81,0,9,99,0.63,0.318
2026-05-02T17:00,2.8,0.179,0.0,0.0,20.6,2.95,5.4,334,100,2080.0,0,0.484,220.0,530.0,0,0.0495,81,1,2.3,81,1,8,99,0.63,0.275
2026-05-02T18:00,2.7,0.259,0.0,0.0,18.5,2.84,7.4,26,100,1580.0,0,0.498,180.0,575.0,0,0.0382,81,1,2.0,81,2,7,99,0.63,0.323
2026-05-02T19:00,5.6,0.089,0.0,0.0,17.9,2.9,6.3,2,100,1400.0,0,0.517,100.0,430.0,0,0.05,81,1,5.1,81,3,6,99,0.63,0.221
2026-05-02T20:00,4.6,0.022,0.0,0.0,17.4,3.4,6.9,3,100,1780.0,0,0.52,130.0,485.0,0,0.0585,81,1,4.5,81,4,5,99,0.63,0.181
2026-05-02T21:00,5.8,0.138,0.0,0.0,16.9,3.66,7.7,14,100,1380.0,0,0.516,10.0,535.0,0,0.005,81,1,5.0,81,5,4,99,0.63,0.251
2026-05-02T22:00,4.7,0.021,0.0,0.0,16.8,2.32,7.2,341,100,2180.0,1,0.514,20.0,375.0,0,0.0093,81,1,4.6,81,6,3,99,0.63,0.181
2026-05-02T23:00,1.2,0.0,0.0,0.0,16.8,2.15,4.7,357,100,3840.0,1,0.513,30.0,510.0,0,0.0007,55,1,1.2,81,7,2,99,0.63,0.168
2026-05-03T00:00,0.4,0.25,0.0,0.0,16.5,0.5,4.7,323,100,7020.0,1,0.509,10.0,190.0,0,0.0,51,1,0.3,81,8,1,99,0.63,0.318
2026-05-03T01:00,0.2,0.5,0.0,0.0,17.5,2.21,5.2,356,100,9560.0,1,0.507,10.0,450.0,0,0.0,51,0,0.1,-1,-1,-1,-1,0.0,0.0
2026-05-03T02:00,0.1,1.0,0.0,0.0,17.8,2.12,5.7,8,100,13360.0,1,0.505,10.0,445.0,0,0.0,51,0,0.0,-1,-1,-1,-1,0.0,0.0
2026-05-03T03:00,0.1,1.0,0.0,0.0,20.0,3.2,8.0,14,100,17980.0,1,0.502,10.0,835.0,0,0.0,51,0,0.0,-1,-1,-1,-1,0.0,0.0
2026-05-03T04:00,0.0,0.0,0.0,0.0,20.4,3.42,8.1,21,100,19180.0,1,0.5,0.0,910.0,0,0.0,3,0,0.0,-1,-1,-1,-1,0.0,0.0
2026-05-03T05:00,0.0,0.0,0.0,0.0,22.3,3.24,8.4,13,100,20180.0,1,0.497,0.0,1210.0,0,0.0,3,0,0.0,-1,-1,-1,-1,0.0,0.0
2026-05-03T06:00,0.0,0.0,0.0,0.0,22.7,4.33,9.0,17,98,20180.0,1,0.494,10.0,1550.0,0,0.0,3,0,0.0,-1,-1,-1,-1,0.0,0.0
2026-05-03T07:00,0.0,0.0,0.0,0.0,23.3,4.5,10.4,15,100,21000.0,1,0.491,0.0,1635.0,0,0.0,3,0,0.0,-1,-1,-1,-1,0.0,0.0
2026-05-03T08:00,0.0,0.0,0.0,0.0,22.3,3.49,10.3,8,100,20180.0,1,0.49,0.0,1305.0,0,0.0,3,0,0.0,-1,-1,-1,-1,0.0,0.0
2026-05-03T09:00,0.0,0.0,0.0,0.0,21.9,3.35,7.7,360,100,20180.0,1,0.489,0.0,1105.0,0,0.0,3,0,0.0,-1,-1,-1,-1,0.0,0.0
2026-05-03T10:00,0.0,0.0,0.0,0.0,20.9,2.16,7.1,4,100,19160.0,1,0.488,0.0,740.0,0,0.0,3,0,0.0,-1,-1,-1,-1,0.0,0.0
2026-05-03T11:00,0.0,0.0,0.0,0.0,20.0,1.23,4.4,21,100,19160.0,0,0.488,0.0,370.0,0,0.0,3,0,0.0,-1,-1,-1,-1,0.0,0.0
2026-05-03T12:00,0.0,0.0,0.0,0.0,19.4,0.65,2.3,67,100,7260.0,0,0.487,0.0,55.0,0,0.0,3,0,0.0,-1,-1,-1,-1,0.0,0.0
2026-05-03T13:00,0.0,0.0,0.0,0.0,19.0,0.98,1.9,105,100,14880.0,0,0.487,0.0,50.0,0,0.0,3,0,0.0,-1,-1,-1,-1,0.0,0.0
2026-05-03T14:00,0.0,0.0,0.0,0.0,18.7,0.49,1.9,114,100,17880.0,0,0.487,0.0,35.0,0,0.0,3,0,0.0,-1,-1,-1,-1,0.0,0.0
2026-05-03T15:00,0.0,0.0,0.0,0.0,18.6,0.18,1.1,146,100,17960.0,0,0.487,0.0,30.0,0,0.0,3,0,0.0,-1,-1,-1,-1,0.0,0.0
2026-05-03T16:00,0.0,0.0,0.0,0.0,18.4,0.35,0.6,188,100,15980.0,0,0.487,0.0,30.0,0,0.0,3,0,0.0,-1,-1,-1,-1,0.0,0.0
2026-05-03T17:00,0.0,0.0,0.0,0.0,17.9,0.7,1.1,184,100,15820.0,0,0.487,0.0,35.0,0,0.0,3,0,0.0,-1,-1,-1,-1,0.0,0.0
2026-05-03T18:00,0.0,0.0,0.0,0.0,18.0,0.51,1.4,151,100,14500.0,0,0.486,30.0,25.0,0,0.0,3,0,0.0,-1,-1,-1,-1,0.0,0.0
2026-05-03T19:00,0.0,0.0,0.0,0.0,18.0,0.14,1.0,135,100,12880.0,0,0.486,40.0,10.0,0,0.0,3,0,0.0,-1,-1,-1,-1,0.0,0.0
2026-05-03T20:00,0.2,0.0,0.0,0.0,17.8,0.32,0.7,129,100,5640.0,0,0.487,30.0,20.0,0,0.0,51,0,0.2,-1,-1,-1,-1,0.0,0.0
2026-05-03T21:00,0.1,0.0,0.0,0.0,17.8,0.11,0.9,207,100,10260.0,0,0.488,30.0,10.0,0,0.0,51,0,0.1,-1,-1,-1,-1,0.0,0.0
2026-05-03T22:00,0.0,0.0,0.0,0.0,17.6,0.56,1.0,207,100,4800.0,1,0.487,20.0,30.0,0,0.0,3,0,0.0,-1,-1,-1,-1,0.0,0.0
2026-05-03T23:00,0.0,0.0,0.0,0.0,18.0,0.95,1.9,183,82,12840.0,1,0.487,20.0,50.0,0,0.0,3,0,0.0,-1,-1,-1,-1,0.0,0.0
2026-05-04T00:00,0.0,0.0,0.0,0.0,18.7,0.47,2.6,108,100,14640.0,1,0.487,20.0,125.0,0,0.0,3,0,0.0,-1,-1,-1,-1,0.0,0.0
2026-05-04T01:00,0.0,0.0,0.0,0.0,20.7,0.95,3.8,3,100,17960.0,1,0.486,10.0,645.0,0,0.0,3,0,0.0,-1,-1,-1,-1,0.0,0.0
2026-05-04T02:00,0.0,0.0,0.0,0.0,21.6,1.71,5.3,5,100,19140.0,1,0.484,0.0,780.0,0,0.0,3,0,0.0,-1,-1,-1,-1,0.0,0.0
2026-05-04T03:00,0.0,0.0,0.0,0.0,22.9,1.86,5.9,6,77,20140.0,1,0.482,0.0,995.0,0,0.0,2,0,0.0,-1,-1,-1,-1,0.0,0.0
2026-05-04T04:00,0.0,0.0,0.0,0.0,23.9,2.17,6.4,23,49,20140.0,1,0.479,0.0,1115.0,0,0.0,1,0,0.0,-1,-1,-1,-1,0.0,0.0
2026-05-04T05:00,0.0,0.0,0.0,0.0,24.7,2.22,6.8,14,100,20980.0,1,0.477,0.0,1110.0,0,0.0,3,0,0.0,-1,-1,-1,-1,0.0,0.0
2026-05-04T06:00,0.0,0.0,0.0,0.0,24.5,2.2,6.6,360,88,20960.0,1,0.474,0.0,895.0,0,0.0,3,0,0.0,-1,-1,-1,-1,0.0,0.0
2026-05-04T07:00,0.0,0.0,0.0,0.0,25.1,0.76,5.8,23,54,20960.0,1,0.472,0.0,750.0,0,0.0,2,0,0.0,-1,-1,-1,-1,0.0,0.0
2026-05-04T08:00,0.0,0.0,0.0,0.0,25.6,0.38,3.4,113,48,20960.0,1,0.47,0.0,800.0,0,0.0,1,0,0.0,-1,-1,-1,-1,0.0,0.0
2026-05-04T09:00,0.0,0.0,0.0,0.0,24.9,0.94,2.4,155,23,20960.0,1,0.469,0.0,380.0,0,0.0,1,0,0.0,-1,-1,-1,-1,0.0,0.0
2026-05-04T10:00,0.0,0.0,0.0,0.0,23.6,1.05,2.7,177,90,20140.0,1,0.469,0.0,85.0,0,0.0,3,0,0.0,-1,-1,-1,-1,0.0,0.0
2026-05-04T11:00,0.0,0.0,0.0,0.0,21.5,0.27,2.0,158,98,19140.0,1,0.469,0.0,15.0,0,0.0,3,0,0.0,-1,-1,-1,-1,0.0,0.0
2026-05-04T12:00,0.0,0.0,0.0,0.0,20.5,1.34,1.2,153,59,17940.0,0,0.448,0.0,25.0,0,0.0,2,0,0.0,-1,-1,-1,-1,0.0,0.0
2026-05-04T13:00,0.0,0.0,0.0,0.0,19.8,0.64,2.6,141,24,17940.0,0,0.449,0.0,15.0,0,0.0,1,0,0.0,-1,-1,-1,-1,0.0,0.0
2026-05-04T14:00,0.0,0.0,0.0,0.0,19.0,0.64,1.6,141,54,17940.0,0,0.45,0.0,15.0,0,0.0,2,0,0.0,-1,-1,-1,-1,0.0,0.0
2026-05-04T15:00,0.0,0.0,0.0,0.0,18.8,0.78,1.9,140,70,16020.0,0,0.452,0.0,15.0,0,0.0,2,0,0.0,-1,-1,-1,-1,0.0,0.0
2026-05-04T16:00,0.0,0.0,0.0,0.0,18.2,0.94,2.4,148,45,14640.0,0,0.452,0.0,15.0,0,0.0,1,0,0.0,-1,-1,-1,-1,0.0,0.0
2026-05-04T17:00,0.0,0.0,0.0,0.0,17.2,1.37,2.9,156,59,14640.0,0,0.453,0.0,20.0,0,0.0,2,0,0.0,-1,-1,-1,-1,0.0,0.0
2026-05-04T18:00,0.0,0.0,0.0,0.0,17.2,1.32,3.1,171,7,14640.0,0,0.446,0.0,25.0,0,0.0,0,0,0.0,-1,-1,-1,-1,0.0,0.0
2026-05-04T19:00,0.0,0.0,0.0,0.0,17.1,1.08,2.9,167,52,16000.0,0,0.447,0.0,30.0,0,0.0,2,0,0.0,-1,-1,-1,-1,0.0,0.0
2026-05-04T20:00,0.0,0.0,0.0,0.0,16.7,0.84,2.2,163,6,16000.0,0,0.448,0.0,20.0,0,0.0,0,0,0.0,-1,-1,-1,-1,0.0,0.0
2026-05-04T21:00,0.0,0.0,0.0,0.0,15.9,0.86,1.8,173,2,16000.0,0,0.449,0.0,20.0,0,0.0,0,0,0.0,-1,-1,-1,-1,0.0,0.0
2026-05-04T22:00,0.0,0.0,0.0,0.0,15.4,0.81,1.8,169,0,16000.0,1,0.45,0.0,20.0,0,0.0,0,0,0.0,-1,-1,-1,-1,0.0,0.0
2026-05-04T23:00,0.0,0.0,0.0,0.0,17.7,1.07,2.5,169,5,16000.0,1,0.45,0.0,30.0,0,0.0,0,0,0.0,-1,-1,-1,-1,0.0,0.0
2026-05-05T00:00,0.0,0.0,0.0,0.0,21.0,0.78,2.9,255,0,19120.0,1,0.457,0.0,130.0,0,0.0,0,0,0.0,-1,-1,-1,-1,0.0,0.0
2026-05-05T01:00,0.0,0.0,0.0,0.0,23.2,1.14,4.3,285,2,20120.0,1,0.457,10.0,410.0,0,0.0,0,0,0.0,-1,-1,-1,-1,0.0,0.0
2026-05-05T02:00,0.0,0.0,0.0,0.0,24.9,1.42,4.9,252,0,20120.0,1,0.455,0.0,835.0,0,0.0,0,0,0.0,-1,-1,-1,-1,0.0,0.0
2026-05-05T03:00,0.0,0.0,0.0,0.0,26.1,1.39,5.2,255,1,20940.0,1,0.453,0.0,1145.0,0,0.0,0,0,0.0,-1,-1,-1,-1,0.0,0.0
2026-05-05T04:00,0.0,0.0,0.0,0.0,27.0,1.3,5.2,268,10,20940.0,1,0.45,0.0,1245.0,0,0.0,0,0,0.0,-1,-1,-1,-1,0.0,0.0
2026-05-05T05:00,0.0,0.0,0.0,0.0,27.9,1.2,5.1,265,6,22540.0,1,0.448,0.0,1320.0,0,0.0,0,0,0.0,-1,-1,-1,-1,0.0,0.0
2026-05-05T06:00,0.0,0.0,0.0,0.0,28.2,1.03,4.9,231,13,22540.0,1,0.44,0.0,1630.0,0,0.0,0,0,0.0,-1,-1,-1,-1,0.0,0.0
2026-05-05T07:00,0.0,0.0,0.0,0.0,28.3,1.34,4.5,225,9,22540.0,1,0.438,0.0,1330.0,0,0.0,0,0,0.0,-1,-1,-1,-1,0.0,0.0
2026-05-05T08:00,0.0,0.0,0.0,0.0,28.1,1.52,4.5,221,9,22540.0,1,0.436,0.0,965.0,0,0.0,0,0,0.0,-1,-1,-1,-1,0.0,0.0
2026-05-05T09:00,0.0,0.0,0.0,0.0,27.4,1.31,4.3,223,10,22540.0,1,0.435,0.0,665.0,0,0.0,0,0,0.0,-1,-1,-1,-1,0.0,0.0
2026-05-05T10:00,0.0,0.0,0.0,0.0,25.4,0.96,3.4,208,4,20920.0,1,0.435,0.0,85.0,0,0.0,0,0,0.0,-1,-1,-1,-1,0.0,0.0
2026-05-05T11:00,0.0,0.0,0.0,0.0,23.1,1.15,1.9,175,1,20920.0,1,0.436,0.0,40.0,0,0.0,0,0,0.0,-1,-1,-1,-1,0.0,0.0
2026-05-05T12:00,0.0,0.0,0.0,0.0,21.7,1.46,3.4,149,0,19120.0,0,0.431,0.0,25.0,0,0.0,0,0,0.0,-1,-1,-1,-1,0.0,0.0
2026-05-05T13:00,0.0,0.0,0.0,0.0,20.7,2.45,4.5,160,0,17920.0,0,0.432,0.0,30.0,0,0.0,0,0,0.0,-1,-1,-1,-1,0.0,0.0
2026-05-05T14:00,0.0,0.0,0.0,0.0,20.1,2.66,5.1,164,0,17920.0,0,0.432,0.0,45.0,0,0.0,0,0,0.0,-1,-1,-1,-1,0.0,0.0
2026-05-05T15:00,0.0,0.0,0.0,0.0,19.5,2.45,4.9,163,0,17920.0,0,0.433,0.0,45.0,0,0.0,0,0,0.0,-1,-1,-1,-1,0.0,0.0
2026-05-05T16:00,0.0,0.0,0.0,0.0,19.0,2.33,4.6,165,0,17920.0,0,0.434,0.0,50.0,0,0.0,0,0,0.0,-1,-1,-1,-1,0.0,0.0
2026-05-05T17:00,0.0,0.0,0.0,0.0,18.7,2.14,4.3,159,0,16000.0,0,0.434,0.0,50.0,0,0.0,0,0,0.0,-1,-1,-1,-1,0.0,0.0
2026-05-05T18:00,0.0,0.0,0.0,0.0,19.0,2.36,4.0,175,0,17920.0,0,0.432,0.0,90.0,0,0.0,0,0,0.0,-1,-1,-1,-1,0.0,0.0
2026-05-05T19:00,0.0,0.0,0.0,0.0,18.9,1.8,4.4,177,3,17920.0,0,0.432,0.0,80.0,0,0.0,0,0,0.0,-1,-1,-1,-1,0.0,0.0
2026-05-05T20:00,0.0,0.0,0.0,0.0,17.9,1.4,3.3,176,2,17920.0,0,0.433,0.0,50.0,0,0.0,0,0,0.0,-1,-1,-1,-1,0.0,0.0
2026-05-05T21:00,0.0,0.0,0.0,0.0,17.3,1.3,2.6,176,0,16000.0,0,0.434,0.0,40.0,0,0.0,0,0,0.0,-1,-1,-1,-1,0.0,0.0
2026-05-05T22:00,0.0,0.0,0.0,0.0,16.9,1.27,2.4,191,0,14640.0,1,0.434,0.0,40.0,0,0.0,0,0,0.0,-1,-1,-1,-1,0.0,0.0
2026-05-05T23:00,0.0,0.0,0.0,0.0,19.2,1.77,3.4,188,2,16000.0,1,0.435,0.0,60.0,0,0.0,0,0,0.0,-1,-1,-1,-1,0.0,0.0
2026-05-06T00:00,0.0,0.0,0.0,0.0,22.0,1.65,3.8,194,2,17920.0,1,0.44,0.0,355.0,0,0.0,0,0,0.0,-1,-1,-1,-1,0.0,0.0
2026-05-06T01:00,0.0,0.0,0.0,0.0,24.7,2.47,6.2,188,8,19100.0,1,0.439,0.0,595.0,0,0.0,0,0,0.0,-1,-1,-1,-1,0.0,0.0
2026-05-06T02:00,0.0,0.0,0.0,0.0,26.5,3.31,8.1,191,2,20080.0,1,0.438,0.0,895.0,0,0.0,0,0,0.0,-1,-1,-1,-1,0.0,0.0
2026-05-06T03:00,0.0,0.0,0.0,0.0,27.6,3.72,9.0,191,59,20080.0,1,0.435,0.0,1260.0,0,0.0,2,0,0.0,-1,-1,-1,-1,0.0,0.0
2026-05-06T04:00,0.0,0.0,0.0,0.0,28.8,3.59,9.1,188,59,20900.0,1,0.433,0.0,1525.0,0,0.0,2,0,0.0,-1,-1,-1,-1,0.0,0.0
2026-05-06T05:00,0.0,0.0,0.0,0.0,30.0,3.87,9.0,204,90,20900.0,1,0.43,10.0,1920.0,0,0.0,3,0,0.0,-1,-1,-1,-1,0.0,0.0
2026-05-06T06:00,0.0,0.0,0.0,0.0,29.8,4.18,9.7,201,92,20900.0,1,0.429,10.0,1925.0,0,0.0,3,0,0.0,-1,-1,-1,-1,0.0,0.0
2026-05-06T07:00,0.0,0.0,0.0,0.0,30.0,4.55,10.2,199,90,20900.0,1,0.427,0.0,1905.0,0,0.0,3,0,0.0,-1,-1,-1,-1,0.0,0.0
2026-05-06T08:00,0.0,0.0,0.0,0.0,29.4,4.68,11.2,198,53,20880.0,1,0.425,0.0,1605.0,0,0.0,2,0,0.0,-1,-1,-1,-1,0.0,0.0
2026-05-06T09:00,0.0,0.0,0.0,0.0,28.5,3.4,10.3,190,27,20080.0,1,0.424,10.0,1260.0,0,0.0,1,0,0.0,-1,-1,-1,-1,0.0,0.0
2026-05-06T10:00,0.0,0.0,0.0,0.0,27.3,3.11,7.1,169,16,20080.0,1,0.423,50.0,800.0,0,0.0,0,0,0.0,-1,-1,-1,-1,0.0,0.0
2026-05-06T11:00,0.0,0.0,0.0,0.0,25.6,2.77,6.3,167,4,19080.0,1,0.423,0.0,410.0,0,0.0,0,0,0.0,-1,-1,-1,-1,0.0,0.0
2026-05-06T12:00,0.0,0.0,0.0,0.0,25.6,2.83,5.3,167,38,19080.0,0,0.399,10.0,355.0,0,0.0,1,0,0.0,-1,-1,-1,-1,0.0,0.0
2026-05-06T13:00,0.0,0.0,0.0,0.0,25.1,2.91,5.6,175,57,19080.0,0,0.399,0.0,350.0,0,0.0,2,0,0.0,-1,-1,-1,-1,0.0,0.0
2026-05-06T14:00,0.0,0.0,0.0,0.0,24.2,2.72,5.6,173,3,17900.0,0,0.4,0.0,290.0,0,0.0,0,0,0.0,-1,-1,-1,-1,0.0,0.0
2026-05-06T15:00,0.0,0.0,0.0,0.0,23.6,2.55,5.2,169,8,17900.0,0,0.401,0.0,280.0,0,0.0,0,0,0.0,-1,-1,-1,-1,0.0,0.0
2026-05-06T16:00,0.0,0.0,0.0,0.0,23.2,2.62,4.9,173,99,17900.0,0,0.402,0.0,285.0,0,0.0,3,0,0.0,-1,-1,-1,-1,0.0,0.0
2026-05-06T17:00,0.0,0.0,0.0,0.0,23.2,3.15,5.9,182,84,17900.0,0,0.403,0.0,320.0,0,0.0,3,0,0.0,-1,-1,-1,-1,0.0,0.0
2026-05-06T18:00,0.0,0.0,0.0,0.0,23.7,3.35,6.1,183,77,17900.0,0,0.382,0.0,275.0,0,0.0,2,0,0.0,-1,-1,-1,-1,0.0,0.0
2026-05-06T19:00,0.0,0.0,0.0,0.0,23.8,2.6,6.4,181,40,17900.0,0,0.383,20.0,300.0,0,0.0,1,0,0.0,-1,-1,-1,-1,0.0,0.0
2026-05-06T20:00,0.0,0.0,0.0,0.0,23.2,1.9,5.0,178,84,17900.0,0,0.384,20.0,285.0,0,0.0,3,0,0.0,-1,-1,-1,-1,0.0,0.0
2026-05-06T21:00,0.0,0.0,0.0,0.0,22.9,2.0,3.9,179,100,17900.0,0,0.385,10.0,270.0,0,0.0,3,0,0.0,-1,-1,-1,-1,0.0,0.0
2026-05-06T22:00,0.0,0.0,0.0,0.0,22.9,1.96,3.8,184,100,17620.0,1,0.386,0.0,325.0,0,0.0,3,0,0.0,-1,-1,-1,-1,0.0,0.0
2026-05-06T23:00,0.0,0.0,0.0,0.0,23.7,2.38,4.9,190,100,17700.0,1,0.387,10.0,365.0,0,0.0,3,0,0.0,-1,-1,-1,-1,0.0,0.0
2026-05-07T00:00,0.0,0.0,0.0,0.0,26.1,1.34,4.9,225,100,17900.0,1,0.419,330.0,505.0,0,0.0,3,0,0.0,-1,-1,-1,-1,0.0,0.0
2026-05-07T01:00,0.0,0.0,0.0,0.0,27.3,2.17,5.6,209,100,19080.0,1,0.419,550.0,745.0,0,0.0,3,0,0.0,-1,-1,-1,-1,0.0,0.0
2026-05-07T02:00,0.0,0.0,0.0,0.0,28.3,2.44,7.5,211,100,19080.0,1,0.418,650.0,1060.0,0,0.0,3,0,0.0,-1,-1,-1,-1,0.0,0.0
2026-05-07T03:00,0.0,0.0,0.0,0.0,28.7,1.66,7.4,201,100,19080.0,1,0.417,790.0,1260.0,0,0.0,3,0,0.0,-1,-1,-1,-1,0.0,0.0
2026-05-07T04:00,1.8,1.0,0.0,0.0,28.0,2.64,6.8,260,98,8080.0,1,0.436,810.0,525.0,0,0.081,95,1,0.0,82,0,25,8,0.829,0.821
2026-05-07T05:00,0.1,0.0,0.0,0.0,26.9,1.5,6.4,143,98,13720.0,1,0.436,760.0,385.0,0,0.0,51,0,0.1,82,1,24,8,0.829,0.221
2026-05-07T06:00,1.0,0.6,0.0,0.0,25.5,1.15,5.8,272,100,3280.0,1,0.493,270.0,545.0,0,0.0,55,1,0.4,82,2,23,8,0.829,0.581
2026-05-07T07:00,4.4,0.705,0.0,0.0,23.3,0.89,3.9,333,100,3240.0,1,0.514,170.0,215.0,0,0.0723,81,1,1.3,82,3,22,8,0.829,0.644
2026-05-07T08:00,1.2,0.083,0.0,0.0,23.1,0.57,3.4,52,100,3440.0,1,0.513,180.0,145.0,0,0.0045,55,1,1.1,82,4,21,8,0.829,0.271
2026-05-07T09:00,1.2,0.417,0.0,0.0,23.1,1.13,3.8,13,100,3560.0,1,0.512,130.0,150.0,0,0.0032,55,1,0.7,82,5,20,8,0.829,0.471
2026-05-07T10:00,0.9,0.333,0.0,0.0,22.7,2.08,4.1,27,100,3880.0,1,0.51,180.0,290.0,0,0.0,53,1,0.6,82,6,19,8,0.829,0.421
2026-05-07T11:00,0.5,0.2,0.0,0.0,22.2,2.08,4.1,10,100,3260.0,1,0.509,190.0,320.0,0,0.0,53,1,0.4,82,7,18,8,0.829,0.341
2026-05-07T12:00,0.8,0.125,0.0,0.0,22.0,3.2,6.4,350,100,2920.0,0,0.514,130.0,425.0,0,0.0,53,1,0.7,82,8,17,8,0.829,0.296
2026-05-07T13:00,1.2,0.25,0.0,0.0,21.4,4.35,8.9,357,100,4080.0,0,0.514,20.0,565.0,0,0.0005,55,1,0.9,82,9,16,8,0.829,0.371
2026-05-07T14:00,0.3,0.333,0.0,0.0,20.7,3.67,8.7,355,100,4400.0,0,0.509,10.0,550.0,0,0.0,51,1,0.2,82,10,15,8,0.829,0.421
2026-05-07T15:00,0.6,0.167,0.0,0.0,20.2,3.37,7.5,354,100,3680.0,0,0.509,10.0,525.0,0,0.0,53,1,0.5,82,11,14,8,0.829,0.321
2026-05-07T16:00,0.6,0.167,0.0,0.0,19.8,2.67,6.6,352,100,3520.0,0,0.51,10.0,475.0,0,0.0,53,1,0.5,82,12,13,8,0.829,0.321
2026-05-07T17:00,0.8,0.25,0.0,0.0,19.5,1.78,5.2,350,100,3280.0,0,0.513,10.0,460.0,0,0.0,53,1,0.6,82,13,12,8,0.829,0.371
2026-05-07T18:00,1.2,0.333,0.0,0.0,19.2,1.48,3.8,348,100,3040.0,0,0.516,10.0,430.0,0,0.0002,55,1,0.8,82,14,11,8,0.829,0.421
2026-05-07T19:00,1.0,0.1,0.0,0.0,18.9,2.0,4.1,347,100,3240.0,0,0.516,10.0,420.0,0,0.0,55,1,0.9,82,15,10,8,0.829,0.281
2026-05-07T20:00,0.9,0.111,0.0,0.0,18.7,1.16,4.0,335,100,2780.0,0,0.516,0.0,415.0,0,0.0,53,1,0.8,82,16,9,8,0.829,0.288
2026-05-07T21:00,1.3,0.077,0.0,0.0,18.7,0.82,2.5,308,100,2660.0,0,0.518,0.0,360.0,0,0.0,80,1,1.2,82,17,8,8,0.829,0.267
2026-05-07T22:00,1.2,0.083,0.0,0.0,18.5,0.85,2.1,291,100,2900.0,1,0.518,0.0,345.0,0,0.0,55,1,1.1,82,18,7,8,0.829,0.271
2026-05-07T23:00,0.8,0.0,0.0,0.0,18.5,0.6,2.1,270,100,3700.0,1,0.516,0.0,315.0,0,0.0,53,1,0.8,82,19,6,8,0.829,0.221
2026-05-08T00:00,0.5,0.0,0.0,0.0,18.7,0.6,2.9,5,100,3340.0,1,0.519,0.0,350.0,0,0.0,53,1,0.5,82,20,5,8,0.829,0.221
2026-05-08T01:00,0.7,0.143,0.0,0.0,19.0,2.34,4.9,349,100,3720.0,1,0.513,0.0,255.0,0,0.0,53,1,0.6,82,21,4,8,0.829,0.307
2026-05-08T02:00,0.6,0.333,0.0,0.0,19.8,2.39,5.9,344,100,4540.0,1,0.513,0.0,265.0,0,0.0,53,1,0.4,82,22,3,8,0.829,0.421
2026-05-08T03:00,0.4,0.5,0.0,0.0,20.9,2.94,6.5,350,100,6900.0,1,0.512,10.0,385.0,0,0.0,51,1,0.2,82,23,2,8,0.829,0.521
2026-05-08T04:00,0.4,0.75,0.0,0.0,22.0,3.35,7.3,357,99,12920.0,1,0.511,20.0,490.0,0,0.0,51,1,0.1,82,24,1,8,0.829,0.671
2026-05-08T05:00,0.1,1.0,0.0,0.0,24.1,3.1,7.9,1,100,17880.0,1,0.507,10.0,710.0,0,0.0,51,0,0.0,-1,-1,-1,-1,0.0,0.0
2026-05-08T06:00,0.0,0.0,0.0,0.0,22.3,4.16,9.3,350,100,10940.0,1,0.526,10.0,695.0,0,0.0,3,0,0.0,-1,-1,-1,-1,0.0,0.0
2026-05-08T07:00,0.2,0.5,0.0,0.0,21.6,3.83,9.2,353,100,11460.0,1,0.5,10.0,690.0,0,0.0,51,0,0.1,-1,-1,-1,-1,0.0,0.0
2026-05-08T08:00,0.2,0.5,0.0,0.0,21.6,3.9,9.2,1,100,9860.0,1,0.499,10.0,760.0,0,0.0,51,0,0.1,-1,-1,-1,-1,0.0,0.0
2026-05-08T09:00,0.2,1.0,0.0,0.0,20.9,3.31,9.1,11,100,14960.0,1,0.499,10.0,775.0,0,0.0,51,0,0.0,-1,-1,-1,-1,0.0,0.0
2026-05-08T10:00,0.0,0.0,0.0,0.0,20.5,2.8,7.0,10,100,17880.0,1,0.498,0.0,765.0,0,0.0,3,0,0.0,-1,-1,-1,-1,0.0,0.0
2026-05-08T11:00,0.0,0.0,0.0,0.0,20.0,2.1,5.7,360,100,16380.0,1,0.497,0.0,650.0,0,0.0,3,0,0.0,-1,-1,-1,-1,0.0,0.0
2026-05-08T12:00,0.2,0.5,0.0,0.0,19.6,2.67,4.3,347,100,6080.0,0,0.499,10.0,570.0,0,0.0,51,0,0.1,-1,-1,-1,-1,0.0,0.0
2026-05-08T13:00,0.6,0.333,0.0,0.0,18.6,3.26,6.4,349,100,4700.0,0,0.501,0.0,535.0,0,0.0,53,1,0.4,83,0,2,5,0.283,0.275
2026-05-08T14:00,0.4,0.25,0.0,0.0,17.8,3.21,6.4,355,100,5400.0,0,0.503,10.0,480.0,0,0.0,51,1,0.3,83,1,1,5,0.283,0.225
2026-05-08T15:00,0.1,0.0,0.0,0.0,17.2,2.03,6.2,10,100,7320.0,0,0.502,10.0,405.0,0,0.0,51,0,0.1,-1,-1,-1,-1,0.0,0.0
2026-05-08T16:00,0.0,0.0,0.0,0.0,16.9,1.68,4.1,350,100,7760.0,0,0.501,10.0,365.0,0,0.0,3,0,0.0,-1,-1,-1,-1,0.0,0.0
2026-05-08T17:00,0.1,0.0,0.0,0.0,16.6,1.4,3.4,360,100,6300.0,0,0.5,10.0,370.0,0,0.0,51,0,0.1,-1,-1,-1,-1,0.0,0.0
2026-05-08T18:00,0.0,0.0,0.0,0.0,16.4,0.87,2.9,24,100,6640.0,0,0.499,0.0,305.0,0,0.0,3,0,0.0,-1,-1,-1,-1,0.0,0.0
2026-05-08T19:00,0.2,0.0,0.0,0.0,16.4,1.58,3.6,349,100,4020.0,0,0.499,0.0,370.0,0,0.0,51,0,0.2,-1,-1,-1,-1,0.0,0.0
2026-05-08T20:00,0.5,0.0,0.0,0.0,16.1,1.2,3.6,2,100,3760.0,0,0.502,0.0,405.0,0,0.0,53,1,0.5,84,0,7,25,0.403,0.107
2026-05-08T21:00,0.5,0.0,0.0,0.0,15.9,0.75,2.6,4,100,4440.0,0,0.506,0.0,355.0,0,0.0,53,1,0.5,84,1,6,25,0.403,0.107
2026-05-08T22:00,0.4,0.25,0.0,0.0,15.9,1.1,2.7,357,100,4460.0,1,0.509,10.0,355.0,0,0.0,51,1,0.3,84,2,5,25,0.403,0.257
2026-05-08T23:00,0.3,0.0,0.0,0.0,15.9,1.25,3.1,5,100,5040.0,1,0.509,10.0,330.0,0,0.0,51,1,0.3,84,3,4,25,0.403,0.107
2026-05-09T00:00,0.1,0.0,0.0,0.0,15.9,1.05,3.4,31,100,3520.0,1,0.516,10.0,300.0,0,0.0,51,0,0.1,84,4,3,25,0.403,0.107
2026-05-09T01:00,0.5,0.2,0.0,0.0,16.4,2.05,4.7,1,100,5040.0,1,0.513,0.0,190.0,0,0.0,53,1,0.4,84,5,2,25,0.403,0.227
2026-05-09T02:00,0.3,0.333,0.0,0.0,17.1,2.24,5.5,350,100,6520.0,1,0.51,10.0,230.0,0,0.0,51,1,0.2,84,6,1,25,0.403,0.307
2026-05-09T03:00,0.2,0.5,0.0,0.0,17.7,2.15,5.4,12,100,9380.0,1,0.509,0.0,305.0,0,0.0,51,0,0.1,-1,-1,-1,-1,0.0,0.0
2026-05-09T04:00,0.1,1.0,0.0,0.0,18.5,1.76,5.5,20,100,8680.0,1,0.507,0.0,435.0,0,0.0,51,0,0.0,-1,-1,-1,-1,0.0,0.0
2026-05-09T05:00,0.1,0.0,0.0,0.0,19.0,1.44,4.9,14,100,8140.0,1,0.505,0.0,475.0,0,0.0,51,0,0.1,-1,-1,-1,-1,0.0,0.0
2026-05-09T06:00,0.1,0.0,0.0,0.0,18.8,1.3,4.8,16,100,11700.0,1,0.524,0.0,575.0,0,0.0,51,0,0.1,-1,-1,-1,-1,0.0,0.0
2026-05-09T07:00,0.0,0.0,0.0,0.0,19.3,1.48,4.3,28,100,17860.0,1,0.503,0.0,580.0,0,0.0,3,0,0.0,-1,-1,-1,-1,0.0,0.0
2026-05-09T08:00,0.0,0.0,0.0,0.0,19.9,1.45,4.6,41,100,17860.0,1,0.501,0.0,635.0,0,0.0,3,0,0.0,-1,-1,-1,-1,0.0,0.0
2026-05-09T09:00,0.0,0.0,0.0,0.0,20.3,1.43,4.3,29,96,17860.0,1,0.499,0.0,665.0,0,0.0,3,0,0.0,-1,-1,-1,-1,0.0,0.0
2026-05-09T10:00,0.0,0.0,0.0,0.0,20.0,1.22,4.1,35,78,17860.0,1,0.497,0.0,575.0,0,0.0,2,0,0.0,-1,-1,-1,-1,0.0,0.0
2026-05-09T11:00,0.0,0.0,0.0,0.0,19.1,0.64,3.0,45,100,17860.0,1,0.496,0.0,185.0,0,0.0,3,0,0.0,-1,-1,-1,-1,0.0,0.0
2026-05-09T12:00,0.0,0.0,0.0,0.0,18.2,0.79,1.0,108,100,12160.0,0,0.495,0.0,70.0,0,0.0,3,0,0.0,-1,-1,-1,-1,0.0,0.0
2026-05-09T13:00,0.0,0.0,0.0,0.0,17.7,0.36,1.1,164,100,14480.0,0,0.494,0.0,20.0,0,0.0,3,0,0.0,-1,-1,-1,-1,0.0,0.0
2026-05-09T14:00,0.0,0.0,0.0,0.0,16.9,0.61,1.2,171,100,14640.0,0,0.494,0.0,25.0,0,0.0,3,0,0.0,-1,-1,-1,-1,0.0,0.0
2026-05-09T15:00,0.1,0.0,0.0,0.0,17.1,1.0,2.0,162,100,8280.0,0,0.493,0.0,25.0,0,0.0,51,0,0.1,-1,-1,-1,-1,0.0,0.0
2026-05-09T16:00,0.0,0.0,0.0,0.0,16.2,0.56,2.1,190,44,6520.0,0,0.493,0.0,15.0,0,0.0,1,0,0.0,-1,-1,-1,-1,0.0,0.0
2026-05-09T17:00,0.0,0.0,0.0,0.0,16.0,0.07,1.1,135,73,8120.0,0,0.492,0.0,10.0,0,0.0,2,0,0.0,-1,-1,-1,-1,0.0,0.0
2026-05-09T18:00,0.0,0.0,0.0,0.0,16.8,0.54,1.5,158,99,12840.0,0,0.491,0.0,25.0,0,0.0,3,0,0.0,-1,-1,-1,-1,0.0,0.0
2026-05-09T19:00,0.0,0.0,0.0,0.0,16.8,0.76,1.4,203,95,10520.0,0,0.491,0.0,30.0,0,0.0,3,0,0.0,-1,-1,-1,-1,0.0,0.0
2026-05-09T20:00,0.0,0.0,0.0,0.0,16.4,0.63,1.4,209,100,12180.0,0,0.49,0.0,40.0,0,0.0,3,0,0.0,-1,-1,-1,-1,0.0,0.0
2026-05-09T21:00,0.0,0.0,0.0,0.0,16.1,0.8,1.5,176,95,12320.0,0,0.49,0.0,35.0,0,0.0,3,0,0.0,-1,-1,-1,-1,0.0,0.0
2026-05-09T22:00,0.0,0.0,0.0,0.0,16.2,0.25,1.3,180,85,12600.0,1,0.49,0.0,20.0,0,0.0,3,0,0.0,-1,-1,-1,-1,0.0,0.0
2026-05-09T23:00,0.0,0.0,0.0,0.0,18.1,0.43,1.6,144,100,14400.0,1,0.489,0.0,60.0,0,0.0,3,0,0.0,-1,-1,-1,-1,0.0,0.0
2026-05-10T00:00,0.0,0.0,0.0,0.0,18.6,0.27,1.7,292,100,14440.0,1,0.492,0.0,105.0,0,0.0,3,0,0.0,-1,-1,-1,-1,0.0,0.0
2026-05-10T01:00,0.0,0.0,0.0,0.0,19.8,0.76,2.9,247,100,8580.0,1,0.491,0.0,180.0,0,0.0,3,0,0.0,-1,-1,-1,-1,0.0,0.0
2026-05-10T02:00,0.1,0.0,0.0,0.0,20.5,1.17,3.7,250,100,6420.0,1,0.491,0.0,225.0,0,0.0,51,0,0.1,-1,-1,-1,-1,0.0,0.0
2026-05-10T03:00,0.2,0.0,0.0,0.0,22.2,1.46,4.7,264,100,5460.0,1,0.491,0.0,395.0,0,0.0,51,0,0.2,-1,-1,-1,-1,0.0,0.0
2026-05-10T04:00,0.5,0.2,0.0,0.0,21.2,1.26,4.8,277,100,4960.0,1,0.494,0.0,225.0,0,0.0,53,1,0.4,85,0,9,42,0.485,0.249
2026-05-10T05:00,0.4,0.0,0.0,0.0,21.1,0.81,3.8,263,100,5080.0,1,0.496,0.0,210.0,0,0.0,51,1,0.4,85,1,8,42,0.485,0.129
2026-05-10T06:00,0.4,0.0,0.0,0.0,21.2,0.55,3.1,270,100,10380.0,1,0.497,0.0,280.0,0,0.0,51,1,0.4,85,2,7,42,0.485,0.129
2026-05-10T07:00,0.1,0.0,0.0,0.0,21.3,0.5,2.7,264,100,5500.0,1,0.497,0.0,255.0,0,0.0,51,0,0.1,85,3,6,42,0.485,0.129
2026-05-10T08:00,0.4,0.0,0.0,0.0,20.9,0.29,2.4,239,100,4160.0,1,0.499,0.0,35.0,0,0.0,51,1,0.4,85,4,5,42,0.485,0.129
2026-05-10T09:00,0.8,0.0,0.0,0.0,21.0,0.71,2.0,219,100,2640.0,1,0.504,0.0,90.0,0,0.0,53,1,0.8,85,5,4,42,0.485,0.129
2026-05-10T10:00,0.9,0.0,0.0,0.0,20.3,1.19,2.3,195,100,3860.0,1,0.512,0.0,85.0,0,0.0,53,1,0.9,85,6,3,42,0.485,0.129
2026-05-10T11:00,0.4,0.0,0.0,0.0,19.8,0.89,2.3,196,100,4300.0,1,0.511,0.0,45.0,0,0.0,51,1,0.4,85,7,2,42,0.485,0.129
2026-05-10T12:00,0.5,0.6,0.0,0.0,20.1,0.43,2.5,159,100,5780.0,0,0.469,0.0,20.0,0,0.0,53,1,0.2,85,8,1,42,0.485,0.489
2026-05-10T13:00,0.2,0.0,0.0,0.0,20.0,0.25,0.9,180,100,7540.0,0,0.471,0.0,15.0,0,0.0,51,0,0.2,-1,-1,-1,-1,0.0,0.0
2026-05-10T14:00,0.1,0.0,0.0,0.0,20.0,0.18,0.7,236,100,7860.0,0,0.472,0.0,20.0,0,0.0,51,0,0.1,-1,-1,-1,-1,0.0,0.0
2026-05-10T15:00,0.0,0.0,0.0,0.0,19.6,0.34,0.7,207,100,12200.0,0,0.473,0.0,30.0,0,0.0,3,0,0.0,-1,-1,-1,-1,0.0,0.0
2026-05-10T16:00,0.0,0.0,0.0,0.0,18.8,1.04,1.7,197,100,9160.0,0,0.474,0.0,60.0,0,0.0,3,0,0.0,-1,-1,-1,-1,0.0,0.0
2026-05-10T17:00,0.0,0.0,0.0,0.0,18.7,1.35,2.6,184,95,12520.0,0,0.474,0.0,65.0,0,0.0,3,0,0.0,-1,-1,-1,-1,0.0,0.0
2026-05-10T18:00,0.0,0.0,0.0,0.0,18.7,1.48,2.6,168,98,9300.0,0,0.457,0.0,50.0,0,0.0,3,0,0.0,-1,-1,-1,-1,0.0,0.0
2026-05-10T19:00,0.0,0.0,0.0,0.0,19.0,1.82,3.4,171,100,9400.0,0,0.458,0.0,50.0,0,0.0,3,0,0.0,-1,-1,-1,-1,0.0,0.0
2026-05-10T20:00,0.0,0.0,0.0,0.0,18.7,0.78,3.4,165,100,9400.0,0,0.46,0.0,20.0,0,0.0,3,0,0.0,-1,-1,-1,-1,0.0,0.0
2026-05-10T21:00,0.0,0.0,0.0,0.0,18.3,0.52,1.6,163,100,3740.0,0,0.461,0.0,15.0,0,0.0,3,0,0.0,-1,-1,-1,-1,0.0,0.0
2026-05-10T22:00,0.0,0.0,0.0,0.0,18.6,0.4,1.3,173,100,4940.0,1,0.462,0.0,15.0,0,0.0,3,0,0.0,-1,-1,-1,-1,0.0,0.0
2026-05-10T23:00,0.0,0.0,0.0,0.0,19.9,0.7,1.8,176,100,7560.0,1,0.463,0.0,25.0,0,0.0,3,0,0.0,-1,-1,-1,-1,0.0,0.0
2026-05-11T00:00,0.0,0.0,0.0,0.0,20.2,1.15,2.6,236,100,6960.0,1,0.468,0.0,70.0,0,0.0,3,0,0.0,-1,-1,-1,-1,0.0,0.0
2026-05-11T01:00,0.0,0.0,0.0,0.0,22.3,1.21,4.1,246,100,11400.0,1,0.469,0.0,225.0,0,0.0,3,0,0.0,-1,-1,-1,-1,0.0,0.0
2026-05-11T02:00,0.0,0.0,0.0,0.0,23.8,1.35,4.3,239,100,15300.0,1,0.469,0.0,370.0,0,0.0,3,0,0.0,-1,-1,-1,-1,0.0,0.0
2026-05-11T03:00,0.0,0.0,0.0,0.0,24.9,1.66,4.9,241,100,17820.0,1,0.468,0.0,555.0,0,0.0,3,0,0.0,-1,-1,-1,-1,0.0,0.0
2026-05-11T04:00,0.0,0.0,0.0,0.0,27.5,2.34,6.6,254,100,18960.0,1,0.466,20.0,1000.0,0,0.0,3,0,0.0,-1,-1,-1,-1,0.0,0.0
2026-05-11T05:00,0.0,0.0,0.0,0.0,28.5,2.72,7.2,263,100,19920.0,1,0.464,50.0,1100.0,0,0.0,3,0,0.0,-1,-1,-1,-1,0.0,0.0
2026-05-11T06:00,0.0,0.0,0.0,0.0,26.8,2.21,7.6,276,100,7060.0,1,0.459,10.0,845.0,0,0.0,3,0,0.0,-1,-1,-1,-1,0.0,0.0
2026-05-11T07:00,0.2,0.0,0.0,0.0,26.2,2.22,6.2,278,100,9640.0,1,0.46,10.0,705.0,0,0.0,51,0,0.2,-1,-1,-1,-1,0.0,0.0
2026-05-11T08:00,0.0,0.0,0.0,0.0,26.1,1.24,5.5,284,100,18960.0,1,0.459,10.0,635.0,0,0.0,3,0,0.0,-1,-1,-1,-1,0.0,0.0
2026-05-11T09:00,0.0,0.0,0.0,0.0,26.3,0.29,3.7,329,100,18960.0,1,0.459,10.0,675.0,0,0.0,3,0,0.0,-1,-1,-1,-1,0.0,0.0
2026-05-11T10:00,0.0,0.0,0.0,0.0,25.6,0.41,2.0,14,100,18960.0,1,0.459,0.0,45.0,0,0.0,3,0,0.0,-1,-1,-1,-1,0.0,0.0
2026-05-11T11:00,0.0,0.0,0.0,0.0,24.1,0.43,1.4,69,100,17820.0,1,0.459,0.0,30.0,0,0.0,3,0,0.0,-1,-1,-1,-1,0.0,0.0
2026-05-11T12:00,0.0,0.0,0.0,0.0,23.8,1.37,0.8,170,100,17820.0,0,0.428,0.0,45.0,0,0.0,3,0,0.0,-1,-1,-1,-1,0.0,0.0
2026-05-11T13:00,0.0,0.0,0.0,0.0,23.3,1.12,2.6,170,100,17820.0,0,0.43,0.0,35.0,0,0.0,3,0,0.0,-1,-1,-1,-1,0.0,0.0
2026-05-11T14:00,0.0,0.0,0.0,0.0,23.1,1.05,2.0,177,100,17820.0,0,0.431,0.0,30.0,0,0.0,3,0,0.0,-1,-1,-1,-1,0.0,0.0
2026-05-11T15:00,0.0,0.0,0.0,0.0,22.2,1.02,2.1,169,100,15940.0,0,0.432,0.0,30.0,0,0.0,3,0,0.0,-1,-1,-1,-1,0.0,0.0
2026-05-11T16:00,0.0,0.0,0.0,0.0,21.5,0.81,1.9,169,100,15940.0,0,0.434,0.0,20.0,0,0.0,3,0,0.0,-1,-1,-1,-1,0.0,0.0
2026-05-11T17:00,0.0,0.0,0.0,0.0,21.2,0.45,1.5,174,100,15940.0,0,0.435,0.0,15.0,0,0.0,3,0,0.0,-1,-1,-1,-1,0.0,0.0
2026-05-11T18:00,0.0,0.0,0.0,0.0,22.0,0.62,1.3,166,100,15940.0,0,0.423,0.0,30.0,0,0.0,3,0,0.0,-1,-1,-1,-1,0.0,0.0
2026-05-11T19:00,0.0,0.0,0.0,0.0,22.4,0.45,1.2,180,99,15940.0,0,0.425,0.0,25.0,0,0.0,3,0,0.0,-1,-1,-1,-1,0.0,0.0
2026-05-11T20:00,0.0,0.0,0.0,0.0,21.9,0.7,1.3,201,100,15940.0,0,0.426,0.0,30.0,0,0.0,3,0,0.0,-1,-1,-1,-1,0.0,0.0
2026-05-11T21:00,0.0,0.0,0.0,0.0,21.8,0.45,1.2,174,100,13800.0,0,0.427,0.0,25.0,0,0.0,3,0,0.0,-1,-1,-1,-1,0.0,0.0
2026-05-11T22:00,0.0,0.0,0.0,0.0,21.7,0.34,0.8,153,100,15240.0,1,0.428,0.0,15.0,0,0.0,3,0,0.0,-1,-1,-1,-1,0.0,0.0
2026-05-11T23:00,0.0,0.0,0.0,0.0,23.2,0.46,1.2,167,100,15940.0,1,0.43,0.0,20.0,0,0.0,3,0,0.0,-1,-1,-1,-1,0.0,0.0
2026-05-12T00:00,0.0,0.0,0.0,0.0,23.4,0.92,2.6,257,100,12920.0,1,0.45,20.0,70.0,0,0.0,3,0,0.0,-1,-1,-1,-1,0.0,0.0
2026-05-12T01:00,0.0,0.0,0.0,0.0,24.5,0.87,3.1,246,100,15940.0,1,0.45,330.0,145.0,0,0.0,3,0,0.0,-1,-1,-1,-1,0.0,0.0
2026-05-12T02:00,0.0,0.0,0.0,0.0,26.8,0.82,3.8,256,100,17800.0,1,0.45,360.0,455.0,0,0.0,3,0,0.0,-1,-1,-1,-1,0.0,0.0
2026-05-12T03:00,0.0,0.0,0.0,0.0,28.1,1.12,5.6,249,100,18940.0,1,0.449,340.0,840.0,0,0.0,3,0,0.0,-1,-1,-1,-1,0.0,0.0
2026-05-12T04:00,0.0,0.0,0.0,0.0,28.0,1.35,5.7,248,100,9680.0,1,0.448,270.0,775.0,0,0.0,3,0,0.0,-1,-1,-1,-1,0.0,0.0
2026-05-12T05:00,0.0,0.0,0.0,0.0,28.4,1.03,5.6,256,100,8920.0,1,0.447,400.0,1010.0,0,0.0,3,0,0.0,-1,-1,-1,-1,0.0,0.0
2026-05-12T06:00,0.1,0.0,0.0,0.0,26.3,0.9,6.0,251,100,3480.0,1,0.459,340.0,500.0,0,0.0,51,0,0.1,-1,-1,-1,-1,0.0,0.0
2026-05-12T07:00,0.3,0.0,0.0,0.0,25.3,0.35,3.3,360,100,6820.0,1,0.461,400.0,230.0,0,0.0,51,1,0.3,86,0,3,3,0.333,0.089
2026-05-12T08:00,0.2,0.0,0.0,0.0,25.8,0.78,2.9,40,100,4700.0,1,0.462,420.0,320.0,0,0.0,51,0,0.2,86,1,2,3,0.333,0.089
2026-05-12T09:00,0.4,0.0,0.0,0.0,24.9,1.08,3.2,13,100,4120.0,1,0.464,670.0,255.0,0,0.0,51,1,0.4,86,2,1,3,0.333,0.089
2026-05-12T10:00,0.2,0.0,0.0,0.0,24.3,1.3,3.2,16,99,4480.0,1,0.466,610.0,200.0,0,0.0,51,0,0.2,-1,-1,-1,-1,0.0,0.0
2026-05-12T11:00,0.1,0.0,0.0,0.0,23.5,1.22,2.9,9,100,4280.0,1,0.466,680.0,140.0,0,0.0,51,0,0.1,-1,-1,-1,-1,0.0,0.0
2026-05-12T12:00,0.0,0.0,0.0,0.0,23.5,1.52,2.3,23,100,2880.0,0,0.469,860.0,140.0,0,0.0,3,0,0.0,-1,-1,-1,-1,0.0,0.0
2026-05-12T13:00,0.5,0.8,0.0,0.0,23.1,0.46,3.3,13,100,3440.0,0,0.476,560.0,75.0,0,0.0,53,1,0.1,87,0,3,2,0.624,0.647
2026-05-12T14:00,0.1,0.0,0.0,0.0,22.8,0.46,0.7,311,100,2880.0,0,0.476,490.0,70.0,0,0.0,51,0,0.1,87,1,2,2,0.624,0.167
2026-05-12T15:00,0.4,0.0,0.0,0.0,22.7,0.22,0.8,333,92,3120.0,0,0.481,560.0,20.0,0,0.0,51,1,0.4,87,2,1,2,0.624,0.167
2026-05-12T16:00,0.1,0.0,0.0,0.0,22.3,0.07,1.1,135,100,1540.0,0,0.482,620.0,10.0,0,0.0,51,0,0.1,-1,-1,-1,-1,0.0,0.0
2026-05-12T17:00,0.1,0.0,0.0,0.0,22.1,0.16,1.0,162,100,2600.0,0,0.483,480.0,10.0,0,0.0,51,0,0.1,-1,-1,-1,-1,0.0,0.0
2026-05-12T18:00,0.4,0.0,0.0,0.0,22.6,0.21,1.4,166,100,3400.0,0,0.48,570.0,10.0,0,0.0,51,1,0.4,88,0,3,5,0.573,0.153
2026-05-12T19:00,0.1,0.0,0.0,0.0,22.1,0.34,1.2,153,98,2420.0,0,0.481,490.0,15.0,0,0.0,51,0,0.1,88,1,2,5,0.573,0.153
2026-05-12T20:00,0.3,0.0,0.0,0.0,21.7,0.58,1.5,149,61,3460.0,0,0.485,320.0,15.0,0,0.0,51,1,0.3,88,2,1,5,0.573,0.153
2026-05-12T21:00,0.0,0.0,0.0,0.0,21.7,0.8,2.0,180,41,6000.0,0,0.485,350.0,25.0,0,0.0,1,0,0.0,-1,-1,-1,-1,0.0,0.0
2026-05-12T22:00,0.0,0.0,0.0,0.0,21.6,1.21,2.4,173,55,5580.0,1,0.484,280.0,40.0,0,0.0,2,0,0.0,-1,-1,-1,-1,0.0,0.0
2026-05-12T23:00,0.0,0.0,0.0,0.0,23.2,2.23,4.1,189,31,4860.0,1,0.483,220.0,95.0,0,0.0,1,0,0.0,-1,-1,-1,-1,0.0,0.0
2026-05-13T00:00,0.0,0.0,0.0,0.0,24.9,1.53,6.5,218,84,8320.0,1,0.475,910.0,385.0,0,0.0,3,0,0.0,-1,-1,-1,-1,0.0,0.0
2026-05-13T01:00,0.0,0.0,0.0,0.0,27.3,1.76,6.3,235,74,9060.0,1,0.474,1620.0,795.0,0,0.0,2,0,0.0,-1,-1,-1,-1,0.0,0.0
2026-05-13T02:00,1.1,1.0,0.0,0.0,27.3,3.5,8.6,197,95,10660.0,1,0.482,1570.0,895.0,0,0.0196,95,1,0.0,89,0,2,2,0.442,0.718
2026-05-13T03:00,2.1,1.0,0.0,0.0,28.9,4.21,10.9,196,94,8560.0,1,0.502,1570.0,1280.0,0,0.2159,96,1,0.0,89,1,1,2,0.442,0.718
2026-05-13T04:00,0.2,1.0,0.0,0.0,29.3,4.46,11.8,210,87,6680.0,1,0.499,1500.0,1280.0,0,0.0,95,0,0.0,-1,-1,-1,-1,0.0,0.0
2026-05-13T05:00,0.1,0.0,0.0,0.0,31.4,4.16,12.3,209,97,14020.0,1,0.494,1870.0,1880.0,0,0.0,51,0,0.1,-1,-1,-1,-1,0.0,0.0
2026-05-13T06:00,2.2,0.818,0.0,0.0,28.2,1.77,11.0,223,98,5080.0,1,0.51,1200.0,1060.0,0,0.18,95,1,0.4,90,0,2,3,0.89,0.728
2026-05-13T07:00,0.5,0.4,0.0,0.0,26.6,1.56,7.7,277,66,8940.0,1,0.506,1430.0,280.0,0,0.0,53,1,0.3,90,1,1,3,0.89,0.477
2026-05-13T08:00,0.0,0.0,0.0,0.0,28.0,0.54,6.8,124,39,9980.0,1,0.5,1530.0,560.0,0,0.0,1,0,0.0,-1,-1,-1,-1,0.0,0.0
2026-05-13T09:00,0.1,1.0,0.0,0.0,28.5,0.75,4.5,217,78,10340.0,1,0.498,1210.0,645.0,0,0.0,51,0,0.0,-1,-1,-1,-1,0.0,0.0
2026-05-13T10:00,0.0,0.0,0.0,0.0,27.0,0.79,2.8,288,100,10380.0,1,0.495,1200.0,60.0,0,0.0,3,0,0.0,-1,-1,-1,-1,0.0,0.0
2026-05-13T11:00,0.6,0.0,0.0,0.0,24.7,0.47,2.4,108,99,2180.0,1,0.498,1220.0,25.0,0,0.0,53,1,0.6,91,0,2,3,0.354,0.094
2026-05-13T12:00,1.0,0.0,0.0,0.0,24.3,1.12,1.7,148,76,6980.0,0,0.49,750.0,40.0,0,0.0,55,1,1.0,91,1,1,3,0.354,0.094
2026-05-13T13:00,0.0,0.0,0.0,0.0,23.9,2.09,3.5,169,6,8020.0,0,0.489,750.0,60.0,0,0.0,0,0,0.0,-1,-1,-1,-1,0.0,0.0
2026-05-13T14:00,0.0,0.0,0.0,0.0,23.7,2.29,4.6,169,6,6960.0,0,0.488,600.0,185.0,0,0.0,0,0,0.0,-1,-1,-1,-1,0.0,0.0
2026-05-13T15:00,0.0,0.0,0.0,0.0,23.2,1.87,4.0,164,44,5840.0,0,0.487,600.0,235.0,0,0.0,1,0,0.0,-1,-1,-1,-1,0.0,0.0
2026-05-13T16:00,0.4,0.0,0.0,0.0,23.2,1.05,3.8,175,55,4840.0,0,0.489,530.0,70.0,0,0.0,51,1,0.4,92,0,3,2,0.799,0.213
2026-05-13T17:00,1.6,0.688,0.0,0.0,22.1,1.37,3.3,57,72,1800.0,0,0.507,430.0,80.0,0,0.0323,80,1,0.5,92,1,2,2,0.799,0.626
2026-05-13T18:00,0.5,0.0,0.0,0.0,22.5,0.92,3.1,77,42,4440.0,0,0.502,540.0,45.0,0,0.0,53,1,0.5,92,2,1,2,0.799,0.213
2026-05-13T19:00,0.2,0.0,0.0,0.0,22.2,0.25,1.3,323,76,2300.0,0,0.502,370.0,25.0,0,0.0,51,0,0.2,-1,-1,-1,-1,0.0,0.0
2026-05-13T20:00,0.1,0.0,0.0,0.0,21.9,0.3,0.7,360,77,2760.0,0,0.501,440.0,30.0,0,0.0,51,0,0.1,-1,-1,-1,-1,0.0,0.0
2026-05-13T21:00,1.0,0.0,0.0,0.0,21.4,0.58,1.9,239,100,580.0,0,0.511,480.0,45.0,0,0.0,55,1,1.0,93,0,4,4,0.153,0.041
2026-05-13T22:00,0.8,0.0,0.0,0.0,21.2,0.47,1.1,108,88,2500.0,1,0.513,500.0,20.0,0,0.0,53,1,0.8,93,1,3,4,0.153,0.041
2026-05-13T23:00,0.7,0.0,0.0,0.0,21.9,1.22,3.1,9,59,2480.0,1,0.513,380.0,95.0,0,0.0,53,1,0.7,93,2,2,4,0.153,0.041
2026-05-14T00:00,0.8,0.125,0.0,0.0,24.1,0.3,3.1,9,27,3500.0,1,0.513,1290.0,130.0,0,0.0,53,1,0.7,93,3,1,4,0.153,0.116
2026-05-14T01:00,0.2,0.5,0.0,0.0,25.6,1.39,5.5,334,70,7420.0,1,0.51,590.0,355.0,0,0.0,51,0,0.1,-1,-1,-1,-1,0.0,0.0
2026-05-14T02:00,0.0,0.0,0.0,0.0,26.9,1.13,5.7,319,42,9680.0,1,0.506,1250.0,510.0,0,0.0,1,0,0.0,-1,-1,-1,-1,0.0,0.0
2026-05-14T03:00,0.0,0.0,0.0,0.0,28.9,1.42,5.4,318,34,9000.0,1,0.502,1390.0,1055.0,0,0.0,1,0,0.0,-1,-1,-1,-1,0.0,0.0
2026-05-14T04:00,0.1,0.0,0.0,0.0,30.2,1.39,5.4,339,100,11080.0,1,0.499,1530.0,1305.0,0,0.0,51,0,0.1,-1,-1,-1,-1,0.0,0.0
2026-05-14T05:00,0.6,0.333,0.0,0.0,28.7,1.05,5.1,360,91,4380.0,1,0.501,1120.0,635.0,0,0.0,53,1,0.4,94,0,2,22,0.283,0.275
2026-05-14T06:00,0.4,0.25,0.0,0.0,30.0,2.03,4.0,10,97,8300.0,1,0.5,1420.0,1100.0,0,0.0,51,1,0.3,94,1,1,22,0.283,0.225
2026-05-14T07:00,0.1,1.0,0.0,0.0,29.4,2.36,6.7,13,85,4180.0,1,0.497,1380.0,935.0,0,0.0,51,0,0.0,-1,-1,-1,-1,0.0,0.0
2026-05-14T08:00,0.2,0.5,0.0,0.0,29.2,2.22,6.3,8,91,8880.0,1,0.496,1390.0,840.0,0,0.0,51,0,0.1,-1,-1,-1,-1,0.0,0.0
2026-05-14T09:00,0.0,0.0,0.0,0.0,29.1,2.21,6.1,356,99,7980.0,1,0.494,1370.0,830.0,0,0.0,3,0,0.0,-1,-1,-1,-1,0.0,0.0
2026-05-14T10:00,0.0,0.0,0.0,0.0,27.5,1.36,5.4,54,95,11060.0,1,0.493,1520.0,90.0,0,0.0,3,0,0.0,-1,-1,-1,-1,0.0,0.0
2026-05-14T11:00,0.0,0.0,0.0,0.0,25.7,1.31,2.6,140,25,7780.0,1,0.492,1500.0,35.0,0,0.0,1,0,0.0,-1,-1,-1,-1,0.0,0.0
2026-05-14T12:00,0.0,0.0,0.0,0.0,25.4,1.25,2.8,23,24,10920.0,0,0.495,1600.0,210.0,0,0.0,1,0,0.0,-1,-1,-1,-1,0.0,0.0
2026-05-14T13:00,0.0,0.0,0.0,0.0,24.2,1.1,2.5,39,34,7980.0,0,0.494,1240.0,145.0,0,0.0,1,0,0.0,-1,-1,-1,-1,0.0,0.0
2026-05-14T14:00,0.0,0.0,0.0,0.0,23.8,0.21,1.8,104,41,6300.0,0,0.493,1060.0,20.0,0,0.0,1,0,0.0,-1,-1,-1,-1,0.0,0.0
2026-05-14T15:00,0.1,0.0,0.0,0.0,23.0,1.0,1.8,180,34,4640.0,0,0.494,930.0,30.0,0,0.0,51,0,0.1,-1,-1,-1,-1,0.0,0.0
2026-05-14T16:00,0.1,0.0,0.0,0.0,22.5,0.86,2.2,187,23,3880.0,0,0.494,1050.0,25.0,0,0.0,51,0,0.1,-1,-1,-1,-1,0.0,0.0
2026-05-14T17:00,0.0,0.0,0.0,0.0,22.1,0.36,1.7,164,17,6420.0,0,0.493,1040.0,15.0,0,0.0,0,0,0.0,-1,-1,-1,-1,0.0,0.0
2026-05-14T18:00,0.0,0.0,0.0,0.0,22.0,0.45,0.7,180,49,3520.0,0,0.492,660.0,15.0,0,0.0,1,0,0.0,-1,-1,-1,-1,0.0,0.0
2026-05-14T19:00,0.0,0.0,0.0,0.0,21.8,0.36,0.9,164,38,4220.0,0,0.492,510.0,15.0,0,0.0,1,0,0.0,-1,-1,-1,-1,0.0,0.0
2026-05-14T20:00,0.0,0.0,0.0,0.0,21.8,0.21,0.9,166,89,6620.0,0,0.492,530.0,10.0,0,0.0,3,0,0.0,-1,-1,-1,-1,0.0,0.0
2026-05-14T21:00,0.0,0.0,0.0,0.0,21.9,0.1,0.3,180,98,6700.0,0,0.491,530.0,15.0,0,0.0,3,0,0.0,-1,-1,-1,-1,0.0,0.0
2026-05-14T22:00,0.0,0.0,0.0,0.0,22.1,0.11,0.3,63,100,5040.0,1,0.491,520.0,15.0,0,0.0,3,0,0.0,-1,-1,-1,-1,0.0,0.0
2026-05-14T23:00,0.0,0.0,0.0,0.0,22.4,1.03,2.6,29,99,700.0,1,0.49,470.0,85.0,0,0.0,3,0,0.0,-1,-1,-1,-1,0.0,0.0
2026-05-15T00:00,0.0,0.0,0.0,0.0,23.9,1.7,3.7,14,100,1860.0,1,0.491,880.0,185.0,0,0.0,3,0,0.0,-1,-1,-1,-1,0.0,0.0
2026-05-15T01:00,0.1,0.0,0.0,0.0,24.7,1.95,5.1,13,98,3680.0,1,0.49,1130.0,275.0,0,0.0,51,0,0.1,-1,-1,-1,-1,0.0,0.0
2026-05-15T02:00,0.1,0.0,0.0,0.0,26.9,1.5,5.2,360,98,7600.0,1,0.49,1210.0,520.0,0,0.0,51,0,0.1,-1,-1,-1,-1,0.0,0.0
2026-05-15T03:00,0.0,0.0,0.0,0.0,29.0,2.05,5.9,1,99,11420.0,1,0.488,1710.0,765.0,0,0.0,3,0,0.0,-1,-1,-1,-1,0.0,0.0
2026-05-15T04:00,0.2,0.5,0.0,0.0,28.9,1.76,6.8,325,100,3900.0,1,0.487,1760.0,780.0,0,0.0,51,0,0.1,-1,-1,-1,-1,0.0,0.0
2026-05-15T05:00,0.6,0.667,0.0,0.0,28.5,0.68,5.5,163,100,3740.0,1,0.49,1940.0,600.0,0,0.0,95,1,0.2,95,0,3,2,0.57,0.552
2026-05-15T06:00,1.6,0.938,0.0,0.0,29.0,2.28,6.7,9,100,9480.0,1,0.506,1610.0,620.0,0,0.1208,95,1,0.1,95,1,2,2,0.57,0.715
2026-05-15T07:00,0.7,0.429,0.0,0.0,28.2,1.84,6.5,57,93,5820.0,1,0.506,1220.0,590.0,0,0.0,53,1,0.4,95,2,1,2,0.57,0.409
2026-05-15T08:00,0.1,0.0,0.0,0.0,29.5,1.33,4.9,13,65,9580.0,1,0.502,1070.0,755.0,0,0.0,51,0,0.1,-1,-1,-1,-1,0.0,0.0
2026-05-15T09:00,0.1,0.0,0.0,0.0,28.7,1.25,5.4,331,73,4400.0,1,0.5,1060.0,565.0,0,0.0,51,0,0.1,-1,-1,-1,-1,0.0,0.0
2026-05-15T10:00,0.5,0.2,0.0,0.0,26.2,0.5,3.6,270,73,3260.0,1,0.502,1240.0,20.0,0,0.0,53,1,0.4,96,0,4,2,0.525,0.26
2026-05-15T11:00,0.4,0.0,0.0,0.0,25.2,0.25,1.9,169,60,2100.0,1,0.503,1520.0,15.0,0,0.0,51,1,0.4,96,1,3,2,0.525,0.14
2026-05-15T12:00,0.1,0.0,0.0,0.0,25.7,0.65,0.6,23,99,3600.0,0,0.473,1340.0,105.0,0,0.0,51,0,0.1,96,2,2,2,0.525,0.14
2026-05-15T13:00,0.3,0.0,0.0,0.0,25.4,0.14,1.0,135,100,5580.0,0,0.478,1170.0,35.0,0,0.0,51,1,0.3,96,3,1,2,0.525,0.14
2026-05-15T14:00,0.0,0.0,0.0,0.0,25.1,0.07,0.4,135,100,8400.0,0,0.479,1090.0,10.0,0,0.0,3,0,0.0,-1,-1,-1,-1,0.0,0.0
2026-05-15T15:00,0.1,0.0,0.0,0.0,24.5,0.76,1.4,212,97,3460.0,0,0.48,1110.0,40.0,0,0.0,51,0,0.1,-1,-1,-1,-1,0.0,0.0
2026-05-15T16:00,0.3,0.0,0.0,0.0,23.9,0.83,1.5,205,82,4580.0,0,0.485,920.0,35.0,0,0.0,51,1,0.3,97,0,1,4,0.0,0
2026-05-15T17:00,0.0,0.0,0.0,0.0,23.8,0.11,1.6,153,39,4040.0,0,0.485,720.0,10.0,0,0.0,1,0,0.0,-1,-1,-1,-1,0.0,0.0
2026-05-15T18:00,0.0,0.0,0.0,0.0,23.7,0.41,0.6,14,59,3920.0,0,0.47,1160.0,20.0,0,0.0,2,0,0.0,-1,-1,-1,-1,0.0,0.0
2026-05-15T19:00,0.0,0.0,0.0,0.0,23.1,0.25,0.8,180,58,3620.0,0,0.471,1190.0,15.0,0,0.0,2,0,0.0,-1,-1,-1,-1,0.0,0.0
2026-05-15T20:00,0.0,0.0,0.0,0.0,22.6,0.11,1.0,153,41,3900.0,0,0.473,1080.0,10.0,0,0.0,1,0,0.0,-1,-1,-1,-1,0.0,0.0
2026-05-15T21:00,1.0,1.0,0.0,0.0,22.0,0.51,3.2,119,91,2640.0,0,0.487,880.0,15.0,0,0.0,55,1,0.0,98,0,1,3,0.0,0.6
2026-05-15T22:00,0.1,0.0,0.0,0.0,22.0,0.32,1.4,141,46,4020.0,1,0.488,730.0,10.0,0,0.0,51,0,0.1,-1,-1,-1,-1,0.0,0.0
2026-05-15T23:00,0.0,0.0,0.0,0.0,23.1,0.11,1.6,243,48,4140.0,1,0.488,770.0,30.0,0,0.0,1,0,0.0,-1,-1,-1,-1,0.0,0.0
2026-05-16T00:00,0.0,0.0,0.0,0.0,25.1,0.81,3.3,317,72,1240.0,1,0.494,1600.0,115.0,0,0.0,2,0,0.0,-1,-1,-1,-1,0.0,0.0
2026-05-16T01:00,2.4,0.917,0.0,0.0,25.7,1.42,5.5,302,84,4840.0,1,0.514,890.0,300.0,0,0.1557,95,1,0.2,99,0,1,75,0.0,0.55
2026-05-16T02:00,0.2,1.0,0.0,0.0,28.7,0.85,6.4,267,77,7400.0,1,0.51,1410.0,940.0,0,0.0,51,0,0.0,-1,-1,-1,-1,0.0,0.0
2026-05-16T03:00,0.1,1.0,0.0,0.0,29.4,2.17,6.5,172,84,8800.0,1,0.506,1000.0,1180.0,0,0.0,51,0,0.0,-1,-1,-1,-1,0.0,0.0
2026-05-16T04:00,0.1,1.0,0.0,0.0,28.8,2.39,7.7,147,82,12360.0,1,0.502,260.0,930.0,0,0.0,51,0,0.0,-1,-1,-1,-1,0.0,0.0
2026-05-16T05:00,0.0,0.0,0.0,0.0,29.6,1.9,6.7,153,92,12800.0,1,0.498,390.0,1100.0,0,0.0,3,0,0.0,-1,-1,-1,-1,0.0,0.0
2026-05-16T06:00,0.0,0.0,0.0,0.0,30.3,3.2,6.9,178,61,6100.0,1,0.51,230.0,1165.0,0,0.0,2,0,0.0,-1,-1,-1,-1,0.0,0.0
2026-05-16T07:00,0.1,1.0,0.0,0.0,30.3,2.58,7.5,171,87,7380.0,1,0.506,310.0,1175.0,0,0.0,51,0,0.0,-1,-1,-1,-1,0.0,0.0
2026-05-16T08:00,0.1,0.0,0.0,0.0,30.2,2.43,7.3,171,74,14160.0,1,0.502,390.0,1245.0,0,0.0,51,0,0.1,-1,-1,-1,-1,0.0,0.0
2026-05-16T09:00,0.0,0.0,0.0,0.0,29.6,1.41,6.8,172,86,7980.0,1,0.499,450.0,1090.0,0,0.0,3,0,0.0,-1,-1,-1,-1,0.0,0.0
2026-05-16T10:00,0.1,0.0,0.0,0.0,26.7,0.46,4.5,13,87,11060.0,1,0.498,520.0,20.0,0,0.0,51,0,0.1,-1,-1,-1,-1,0.0,0.0
2026-05-16T11:00,0.0,0.0,0.0,0.0,25.6,0.05,2.0,270,91,8400.0,1,0.497,870.0,10.0,0,0.0,3,0,0.0,-1,-1,-1,-1,0.0,0.0
2026-05-16T12:00,0.0,0.0,0.0,0.0,25.7,0.15,0.6,270,100,9220.0,0,0.479,930.0,20.0,0,0.0,3,0,0.0,-1,-1,-1,-1,0.0,0.0
2026-05-16T13:00,0.0,0.0,0.0,0.0,25.0,0.0,0.8,270,100,7860.0,0,0.479,780.0,10.0,0,0.0,3,0,0.0,-1,-1,-1,-1,0.0,0.0
2026-05-16T14:00,0.0,0.0,0.0,0.0,24.2,0.61,1.2,325,100,6420.0,0,0.479,730.0,35.0,0,0.0,3,0,0.0,-1,-1,-1,-1,0.0,0.0
2026-05-16T15:00,0.0,0.0,0.0,0.0,23.9,0.96,2.1,354,100,6740.0,0,0.479,590.0,50.0,0,0.0,3,0,0.0,-1,-1,-1,-1,0.0,0.0
2026-05-16T16:00,0.0,0.0,0.0,0.0,23.7,0.45,1.7,354,99,6720.0,0,0.479,490.0,30.0,0,0.0,3,0,0.0,-1,-1,-1,-1,0.0,0.0
2026-05-16T17:00,0.0,0.0,0.0,0.0,23.5,0.27,1.0,338,72,6760.0,0,0.48,440.0,20.0,0,0.0,2,0,0.0,-1,-1,-1,-1,0.0,0.0
2026-05-16T18:00,0.0,0.0,0.0,0.0,24.0,0.25,1.3,349,63,6280.0,0,0.475,620.0,15.0,0,0.0,2,0,0.0,-1,-1,-1,-1,0.0,0.0
2026-05-16T19:00,0.0,0.0,0.0,0.0,23.1,0.46,1.1,319,82,6680.0,0,0.475,520.0,20.0,0,0.0,3,0,0.0,-1,-1,-1,-1,0.0,0.0
2026-05-16T20:00,0.0,0.0,0.0,0.0,23.1,0.47,1.2,302,88,6560.0,0,0.475,410.0,25.0,0,0.0,3,0,0.0,-1,-1,-1,-1,0.0,0.0
2026-05-16T21:00,0.0,0.0,0.0,0.0,22.9,0.29,1.2,301,63,6480.0,0,0.475,300.0,15.0,0,0.0,2,0,0.0,-1,-1,-1,-1,0.0,0.0
2026-05-16T22:00,0.0,0.0,0.0,0.0,22.6,0.45,1.1,333,58,6400.0,1,0.476,230.0,20.0,0,0.0,2,0,0.0,-1,-1,-1,-1,0.0,0.0
2026-05-16T23:00,0.0,0.0,0.0,0.0,23.8,0.63,2.5,288,39,6640.0,1,0.476,190.0,55.0,0,0.0,1,0,0.0,-1,-1,-1,-1,0.0,0.0
2026-05-17T00:00,0.0,0.0,0.0,0.0,25.5,0.85,2.8,310,43,9580.0,1,0.478,490.0,795.0,0,0.0,1,0,0.0,-1,-1,-1,-1,0.0,0.0
2026-05-17T01:00,0.0,0.0,0.0,0.0,27.2,1.75,4.6,183,58,11440.0,1,0.477,190.0,1085.0,0,0.0,2,0,0.0,-1,-1,-1,-1,0.0,0.0
2026-05-17T02:00,0.0,0.0,0.0,0.0,28.5,3.7,8.2,182,48,12840.0,1,0.475,60.0,1245.0,0,0.0,1,0,0.0,-1,-1,-1,-1,0.0,0.0
2026-05-17T03:00,0.0,0.0,0.0,0.0,29.0,3.91,8.9,176,42,14220.0,1,0.473,50.0,1160.0,0,0.0,1,0,0.0,-1,-1,-1,-1,0.0,0.0
2026-05-17T04:00,0.0,0.0,0.0,0.0,30.1,3.67,9.1,174,48,14240.0,1,0.47,110.0,1255.0,0,0.0,1,0,0.0,-1,-1,-1,-1,0.0,0.0
2026-05-17T05:00,0.0,0.0,0.0,0.0,31.2,3.95,9.8,181,45,14240.0,1,0.467,150.0,1375.0,0,0.0,1,0,0.0,-1,-1,-1,-1,0.0,0.0
2026-05-17T06:00,0.0,0.0,0.0,0.0,30.4,4.02,9.7,186,40,14240.0,1,0.464,40.0,1270.0,0,0.0,1,0,0.0,-1,-1,-1,-1,0.0,0.0
2026-05-17T07:00,0.0,0.0,0.0,0.0,30.4,4.15,9.6,183,55,14240.0,1,0.462,80.0,1180.0,0,0.0,2,0,0.0,-1,-1,-1,-1,0.0,0.0
2026-05-17T08:00,0.0,0.0,0.0,0.0,30.1,4.15,9.5,178,69,14260.0,1,0.46,120.0,1135.0,0,0.0,2,0,0.0,-1,-1,-1,-1,0.0,0.0
2026-05-17T09:00,0.0,0.0,0.0,0.0,29.0,3.73,9.2,188,52,14260.0,1,0.458,90.0,1005.0,0,0.0,2,0,0.0,-1,-1,-1,-1,0.0,0.0
2026-05-17T10:00,0.0,0.0,0.0,0.0,27.9,2.71,8.0,192,49,12880.0,1,0.458,60.0,985.0,0,0.0,1,0,0.0,-1,-1,-1,-1,0.0,0.0
2026-05-17T11:00,0.0,0.0,0.0,0.0,26.7,2.91,6.2,176,90,12880.0,1,0.458,0.0,875.0,0,0.0,3,0,0.0,-1,-1,-1,-1,0.0,0.0
2026-05-17T12:00,0.0,0.0,0.0,0.0,26.1,3.3,5.8,182,66,12880.0,0,0.447,0.0,870.0,0,0.0,2,0,0.0,-1,-1,-1,-1,0.0,0.0
2026-05-17T13:00,0.0,0.0,0.0,0.0,25.8,2.7,6.5,182,80,12900.0,0,0.447,0.0,865.0,0,0.0,3,0,0.0,-1,-1,-1,-1,0.0,0.0
2026-05-17T14:00,0.0,0.0,0.0,0.0,25.2,2.14,5.4,191,86,12900.0,0,0.448,0.0,850.0,0,0.0,3,0,0.0,-1,-1,-1,-1,0.0,0.0
2026-05-17T15:00,0.0,0.0,0.0,0.0,24.4,1.59,4.3,208,52,11480.0,0,0.448,0.0,840.0,0,0.0,2,0,0.0,-1,-1,-1,-1,0.0,0.0
2026-05-17T16:00,0.0,0.0,0.0,0.0,24.0,1.32,3.3,191,31,11480.0,0,0.449,0.0,735.0,0,0.0,1,0,0.0,-1,-1,-1,-1,0.0,0.0
2026-05-17T17:00,0.0,0.0,0.0,0.0,23.7,1.25,2.8,196,23,11500.0,0,0.449,0.0,715.0,0,0.0,1,0,0.0,-1,-1,-1,-1,0.0,0.0
2026-05-17T18:00,0.0,0.0,0.0,0.0,24.1,1.95,2.9,203,66,11500.0,0,0.445,0.0,845.0,0,0.0,2,0,0.0,-1,-1,-1,-1,0.0,0.0
2026-05-17T19:00,0.0,0.0,0.0,0.0,23.9,2.39,5.0,191,69,11500.0,0,0.446,0.0,780.0,0,0.0,2,0,0.0,-1,-1,-1,-1,0.0,0.0
2026-05-17T20:00,0.0,0.0,0.0,0.0,23.6,1.32,4.7,191,63,11500.0,0,0.446,0.0,735.0,0,0.0,2,0,0.0,-1,-1,-1,-1,0.0,0.0
2026-05-17T21:00,0.0,0.0,0.0,0.0,23.5,1.0,2.7,183,86,11500.0,0,0.447,0.0,575.0,0,0.0,3,0,0.0,-1,-1,-1,-1,0.0,0.0
2026-05-17T22:00,0.0,0.0,0.0,0.0,23.5,0.73,2.2,196,73,11520.0,1,0.447,0.0,50.0,0,0.0,2,0,0.0,-1,-1,-1,-1,0.0,0.0
2026-05-17T23:00,0.0,0.0,0.0,0.0,24.8,1.18,2.9,216,90,11520.0,1,0.448,0.0,745.0,0,0.0,3,0,0.0,-1,-1,-1,-1,0.0,0.0
2026-05-18T00:00,0.0,0.0,0.0,0.0,26.5,1.41,3.4,186,82,12940.0,1,0.448,0.0,860.0,0,0.0,3,0,0.0,-1,-1,-1,-1,0.0,0.0
2026-05-18T01:00,0.0,0.0,0.0,0.0,27.8,2.67,6.1,186,65,12940.0,1,0.448,0.0,1045.0,0,0.0,2,0,0.0,-1,-1,-1,-1,0.0,0.0
2026-05-18T02:00,0.0,0.0,0.0,0.0,28.6,3.7,8.5,179,59,14340.0,1,0.446,0.0,1080.0,0,0.0,2,0,0.0,-1,-1,-1,-1,0.0,0.0
2026-05-18T03:00,0.0,0.0,0.0,0.0,29.5,4.53,10.5,186,77,14340.0,1,0.444,30.0,1205.0,0,0.0,2,0,0.0,-1,-1,-1,-1,0.0,0.0
2026-05-18T04:00,0.0,0.0,0.0,0.0,29.3,4.22,10.6,185,84,14340.0,1,0.442,30.0,1100.0,0,0.0,3,0,0.0,-1,-1,-1,-1,0.0,0.0
2026-05-18T05:00,0.0,0.0,0.0,0.0,29.9,4.17,9.7,186,91,14340.0,1,0.439,50.0,1245.0,0,0.0,3,0,0.0,-1,-1,-1,-1,0.0,0.0
2026-05-18T06:00,0.0,0.0,0.0,0.0,28.6,3.49,10.4,188,63,6860.0,1,0.438,70.0,1065.0,0,0.0,2,0,0.0,-1,-1,-1,-1,0.0,0.0
2026-05-18T07:00,0.1,0.0,0.0,0.0,28.5,4.31,9.7,183,65,8440.0,1,0.437,70.0,1015.0,0,0.0,51,0,0.1,-1,-1,-1,-1,0.0,0.0
2026-05-18T08:00,0.0,0.0,0.0,0.0,28.7,3.7,9.7,179,73,12980.0,1,0.436,80.0,930.0,0,0.0,2,0,0.0,-1,-1,-1,-1,0.0,0.0
2026-05-18T09:00,0.0,0.0,0.0,0.0,28.4,3.95,8.5,178,75,12980.0,1,0.435,80.0,855.0,0,0.0,2,0,0.0,-1,-1,-1,-1,0.0,0.0
2026-05-18T10:00,0.0,0.0,0.0,0.0,27.5,3.43,8.6,172,89,12980.0,1,0.434,40.0,710.0,0,0.0,3,0,0.0,-1,-1,-1,-1,0.0,0.0
2026-05-18T11:00,0.0,0.0,0.0,0.0,26.5,2.77,7.0,197,91,12980.0,1,0.434,0.0,690.0,0,0.0,3,0,0.0,-1,-1,-1,-1,0.0,0.0
2026-05-18T12:00,0.0,0.0,0.0,0.0,26.1,2.72,5.7,186,59,12980.0,0,0.415,20.0,655.0,0,0.0,2,0,0.0,-1,-1,-1,-1,0.0,0.0
2026-05-18T13:00,0.0,0.0,0.0,0.0,25.7,2.66,5.4,200,52,11560.0,0,0.416,0.0,575.0,0,0.0,2,0,0.0,-1,-1,-1,-1,0.0,0.0
2026-05-18T14:00,0.0,0.0,0.0,0.0,25.4,2.53,5.3,195,50,11580.0,0,0.417,0.0,555.0,0,0.0,2,0,0.0,-1,-1,-1,-1,0.0,0.0
2026-05-18T15:00,0.0,0.0,0.0,0.0,25.1,2.17,5.2,206,30,11580.0,0,0.417,0.0,535.0,0,0.0,1,0,0.0,-1,-1,-1,-1,0.0,0.0
2026-05-18T16:00,0.0,0.0,0.0,0.0,24.3,1.68,4.4,240,48,11580.0,0,0.418,0.0,500.0,0,0.0,1,0,0.0,-1,-1,-1,-1,0.0,0.0
2026-05-18T17:00,0.0,0.0,0.0,0.0,23.9,1.35,3.5,202,70,11580.0,0,0.419,0.0,400.0,0,0.0,2,0,0.0,-1,-1,-1,-1,0.0,0.0
2026-05-18T18:00,0.0,0.0,0.0,0.0,24.6,1.46,2.7,186,61,11580.0,0,0.407,0.0,440.0,0,0.0,2,0,0.0,-1,-1,-1,-1,0.0,0.0
2026-05-18T19:00,0.0,0.0,0.0,0.0,24.2,1.77,3.5,196,60,11600.0,0,0.408,0.0,450.0,0,0.0,2,0,0.0,-1,-1,-1,-1,0.0,0.0
2026-05-18T20:00,0.0,0.0,0.0,0.0,23.9,1.45,3.4,184,69,11600.0,0,0.409,0.0,395.0,0,0.0,2,0,0.0,-1,-1,-1,-1,0.0,0.0
2026-05-18T21:00,0.0,0.0,0.0,0.0,23.6,1.47,3.2,198,54,11600.0,0,0.41,0.0,365.0,0,0.0,2,0,0.0,-1,-1,-1,-1,0.0,0.0
2026-05-18T22:00,0.0,0.0,0.0,0.0,23.7,1.15,2.9,198,61,9900.0,1,0.411,0.0,95.0,0,0.0,2,0,0.0,-1,-1,-1,-1,0.0,0.0
2026-05-18T23:00,0.0,0.0,0.0,0.0,25.3,1.54,3.2,205,70,11600.0,1,0.411,0.0,445.0,0,0.0,2,0,0.0,-1,-1,-1,-1,0.0,0.0
2026-05-19T00:00,0.0,0.0,0.0,0.0,26.9,1.93,4.8,190,37,11600.0,1,0.416,130.0,655.0,0,0.0,1,0,0.0,-1,-1,-1,-1,0.0,0.0
2026-05-19T01:00,0.0,0.0,0.0,0.0,28.4,3.34,7.6,193,36,13040.0,1,0.415,190.0,1010.0,0,0.0,1,0,0.0,-1,-1,-1,-1,0.0,0.0
2026-05-19T02:00,0.0,0.0,0.0,0.0,29.8,4.29,9.8,188,47,13040.0,1,0.414,290.0,1170.0,0,0.0,1,0,0.0,-1,-1,-1,-1,0.0,0.0
2026-05-19T03:00,0.0,0.0,0.0,0.0,30.1,4.09,10.1,188,85,14460.0,1,0.412,360.0,1125.0,0,0.0,3,0,0.0,-1,-1,-1,-1,0.0,0.0
2026-05-19T04:00,0.1,0.0,0.0,0.0,29.6,4.64,11.0,187,95,4160.0,1,0.412,390.0,885.0,0,0.0,51,0,0.1,-1,-1,-1,-1,0.0,0.0
2026-05-19T05:00,2.8,0.429,0.0,0.0,26.4,3.81,10.8,184,100,1420.0,1,0.439,1100.0,560.0,0,0.2475,95,1,1.6,100,0,3,11,0.724,0.45
2026-05-19T06:00,4.9,0.388,0.0,0.0,25.9,2.14,7.9,159,100,2240.0,1,0.503,1200.0,565.0,0,0.585,95,1,3.0,100,1,2,11,0.724,0.426
2026-05-19T07:00,0.8,0.625,0.0,0.0,26.0,2.0,4.6,179,98,8980.0,1,0.504,750.0,665.0,0,0.0,53,1,0.3,100,2,1,11,0.724,0.568
2026-05-19T08:00,0.0,0.0,0.0,0.0,28.7,1.25,5.0,175,88,11640.0,1,0.499,1010.0,920.0,0,0.0,3,0,0.0,-1,-1,-1,-1,0.0,0.0
2026-05-19T09:00,0.0,0.0,0.0,0.0,28.1,1.95,4.5,181,84,9440.0,1,0.494,730.0,840.0,0,0.0,3,0,0.0,-1,-1,-1,-1,0.0,0.0
2026-05-19T10:00,0.0,0.0,0.0,0.0,27.7,2.76,5.8,185,77,10460.0,1,0.491,610.0,770.0,0,0.0,2,0,0.0,-1,-1,-1,-1,0.0,0.0
2026-05-19T11:00,0.0,0.0,0.0,0.0,26.6,3.0,6.5,181,94,11340.0,1,0.489,280.0,575.0,0,0.0,3,0,0.0,-1,-1,-1,-1,0.0,0.0
2026-05-19T12:00,0.0,0.0,0.0,0.0,25.4,1.27,6.1,189,86,11160.0,0,0.473,320.0,355.0,0,0.0,3,0,0.0,-1,-1,-1,-1,0.0,0.0
2026-05-19T13:00,0.0,0.0,0.0,0.0,24.7,1.45,2.7,176,97,9860.0,0,0.472,190.0,250.0,0,0.0,3,0,0.0,-1,-1,-1,-1,0.0,0.0
2026-05-19T14:00,0.0,0.0,0.0,0.0,24.6,1.9,3.5,180,80,10120.0,0,0.472,70.0,190.0,0,0.0,3,0,0.0,-1,-1,-1,-1,0.0,0.0
2026-05-19T15:00,0.0,0.0,0.0,0.0,24.6,2.5,4.5,180,96,9540.0,0,0.471,20.0,315.0,0,0.0,3,0,0.0,-1,-1,-1,-1,0.0,0.0
2026-05-19T16:00,0.0,0.0,0.0,0.0,24.8,2.75,5.2,182,99,9680.0,0,0.47,80.0,385.0,0,0.0,3,0,0.0,-1,-1,-1,-1,0.0,0.0
2026-05-19T17:00,0.0,0.0,0.0,0.0,24.7,2.45,5.3,179,100,10120.0,0,0.47,110.0,340.0,0,0.0,3,0,0.0,-1,-1,-1,-1,0.0,0.0
2026-05-19T18:00,0.0,0.0,0.0,0.0,25.4,2.32,4.7,173,99,7120.0,0,0.459,280.0,325.0,0,0.0,3,0,0.0,-1,-1,-1,-1,0.0,0.0
2026-05-19T19:00,0.4,0.0,0.0,0.0,24.6,2.95,5.4,179,98,2740.0,0,0.462,170.0,350.0,0,0.0,51,1,0.4,101,0,6,4,0.71,0.189
2026-05-19T20:00,3.6,0.944,0.0,0.0,23.4,1.21,6.0,187,98,1860.0,0,0.506,350.0,85.0,0,0.1137,95,1,0.2,101,1,5,4,0.71,0.756
2026-05-19T21:00,1.9,0.368,0.0,0.0,23.3,1.08,3.3,214,98,2420.0,0,0.514,460.0,50.0,0,0.0517,80,1,1.2,101,2,4,4,0.71,0.41
2026-05-19T22:00,2.7,0.963,0.0,0.0,23.0,0.55,3.6,270,98,1840.0,1,0.506,450.0,40.0,0,0.0956,95,1,0.1,101,3,3,4,0.71,0.767
2026-05-19T23:00,7.5,1.0,0.0,0.0,23.5,1.06,3.6,109,99,1840.0,1,0.52,450.0,80.0,0,0.225,95,1,0.0,101,4,2,4,0.71,0.789
2026-05-20T00:00,4.6,1.0,0.0,0.0,24.8,0.8,4.8,184,85,3420.0,1,0.498,1100.0,165.0,0,0.495,95,1,0.0,101,5,1,4,0.71,0.789
2026-05-20T01:00,0.0,0.0,0.0,0.0,26.7,0.62,3.3,194,99,9840.0,1,0.495,1590.0,440.0,0,0.0,3,0,0.0,-1,-1,-1,-1,0.0,0.0
2026-05-20T02:00,0.0,0.0,0.0,0.0,29.2,1.64,5.9,211,99,12520.0,1,0.492,1210.0,945.0,0,0.0,3,0,0.0,-1,-1,-1,-1,0.0,0.0
2026-05-20T03:00,0.0,0.0,0.0,0.0,30.1,2.55,7.2,206,99,8460.0,1,0.489,1040.0,970.0,0,0.0,3,0,0.0,-1,-1,-1,-1,0.0,0.0
2026-05-20T04:00,0.1,1.0,0.0,0.0,29.6,2.57,7.4,173,91,10800.0,1,0.487,890.0,890.0,0,0.0,51,0,0.0,-1,-1,-1,-1,0.0,0.0
2026-05-20T05:00,1.3,0.923,0.0,0.0,27.8,1.22,6.8,305,98,2560.0,1,0.496,1310.0,260.0,0,0.0491,95,1,0.1,102,0,9,6,0.952,0.808
2026-05-20T06:00,6.0,0.967,0.0,0.0,27.0,1.48,6.1,237,95,1820.0,1,0.506,1330.0,405.0,0,0.665,96,1,0.2,102,1,8,6,0.952,0.834
2026-05-20T07:00,7.6,0.882,0.0,0.0,25.9,1.13,5.4,311,100,3080.0,1,0.51,1170.0,215.0,0,0.585,96,1,0.9,102,2,7,6,0.952,0.783
2026-05-20T08:00,1.3,0.462,0.0,0.0,25.3,0.89,3.6,297,100,1860.0,1,0.519,1240.0,110.0,0,0.0465,80,1,0.7,102,3,6,6,0.952,0.531
2026-05-20T09:00,2.0,0.0,0.0,0.0,25.0,0.6,2.7,5,100,1960.0,1,0.509,1380.0,60.0,0,0.1725,80,1,2.0,102,4,5,6,0.952,0.254
2026-05-20T10:00,1.0,0.0,0.0,0.0,25.0,1.32,2.4,11,100,2080.0,1,0.514,1500.0,100.0,0,0.0,55,1,1.0,102,5,4,6,0.952,0.254
2026-05-20T11:00,1.8,0.111,0.0,0.0,24.5,1.45,4.8,333,100,1720.0,1,0.514,1060.0,145.0,0,0.106,80,1,1.6,102,6,3,6,0.952,0.321
2026-05-20T12:00,2.1,0.095,0.0,0.0,24.5,1.22,4.9,9,100,2940.0,0,0.514,1080.0,115.0,0,0.1485,80,1,1.9,102,7,2,6,0.952,0.311
2026-05-20T13:00,0.3,0.0,0.0,0.0,24.2,0.8,2.3,356,100,3020.0,0,0.513,970.0,75.0,0,0.0,51,1,0.3,102,8,1,6,0.952,0.254
2026-05-20T14:00,0.1,0.0,0.0,0.0,24.0,1.45,2.4,2,100,540.0,0,0.51,860.0,115.0,0,0.0,51,0,0.1,-1,-1,-1,-1,0.0,0.0
2026-05-20T15:00,0.1,0.0,0.0,0.0,23.5,1.4,6.6,4,100,360.0,0,0.508,650.0,145.0,0,0.0,51,0,0.1,-1,-1,-1,-1,0.0,0.0
2026-05-20T16:00,0.1,0.0,0.0,0.0,23.5,1.08,2.6,22,100,580.0,0,0.507,390.0,85.0,0,0.0,51,0,0.1,-1,-1,-1,-1,0.0,0.0
2026-05-20T17:00,0.1,0.0,0.0,0.0,23.4,1.4,2.5,360,100,900.0,0,0.505,360.0,85.0,0,0.0,51,0,0.1,-1,-1,-1,-1,0.0,0.0
2026-05-20T18:00,0.2,0.0,0.0,0.0,23.7,0.65,2.5,360,100,300.0,0,0.503,600.0,60.0,0,0.0,51,0,0.2,-1,-1,-1,-1,0.0,0.0
2026-05-20T19:00,0.1,0.0,0.0,0.0,23.6,1.12,2.1,339,100,300.0,0,0.502,580.0,85.0,0,0.0,51,0,0.1,-1,-1,-1,-1,0.0,0.0
2026-05-20T20:00,0.5,1.0,0.0,0.0,23.4,1.28,4.6,339,100,680.0,0,0.507,380.0,120.0,0,0.0,53,1,0.0,103,0,28,2,1.161,0.91
2026-05-20T21:00,0.7,0.571,0.0,0.0,23.2,1.2,4.3,5,100,840.0,0,0.513,250.0,120.0,0,0.0,53,1,0.3,103,1,27,2,1.161,0.652
2026-05-20T22:00,0.2,0.5,0.0,0.0,23.1,1.0,3.4,6,100,760.0,1,0.512,300.0,100.0,0,0.0,51,0,0.1,103,2,26,2,1.161,0.61
2026-05-20T23:00,0.7,0.286,0.0,0.0,23.1,0.85,2.4,357,100,1780.0,1,0.514,80.0,85.0,0,0.0,53,1,0.5,103,3,25,2,1.161,0.481
2026-05-21T00:00,0.3,0.333,0.0,0.0,23.4,1.39,3.3,345,100,2240.0,1,0.513,170.0,155.0,0,0.0,51,1,0.2,103,4,24,2,1.161,0.509
2026-05-21T01:00,0.2,0.0,0.0,0.0,23.7,1.35,4.0,345,100,2180.0,1,0.511,220.0,145.0,0,0.0,51,0,0.2,103,5,23,2,1.161,0.31
2026-05-21T02:00,0.3,0.667,0.0,0.0,23.7,1.2,3.8,343,100,660.0,1,0.51,250.0,160.0,0,0.0,51,1,0.1,103,6,22,2,1.161,0.71
2026-05-21T03:00,0.6,0.667,0.0,0.0,24.0,1.6,6.3,328,100,1600.0,1,0.512,430.0,210.0,0,0.0,53,1,0.2,103,7,21,2,1.161,0.71
2026-05-21T04:00,1.0,0.6,0.0,0.0,24.6,0.92,6.7,315,100,1200.0,1,0.512,680.0,260.0,0,0.0,55,1,0.4,103,8,20,2,1.161,0.67
2026-05-21T05:00,5.1,0.51,0.0,0.0,24.3,0.45,4.6,264,100,1320.0,1,0.512,170.0,140.0,0,0.085,81,1,2.5,103,9,19,2,1.161,0.616
2026-05-21T06:00,3.4,0.235,0.0,0.0,24.0,0.5,2.0,360,100,1620.0,1,0.511,270.0,90.0,0,0.081,81,1,2.6,103,10,18,2,1.161,0.451
2026-05-21T07:00,2.4,0.25,0.0,0.0,24.5,0.05,2.4,270,100,2040.0,1,0.511,580.0,115.0,0,0.1015,80,1,1.8,103,11,17,2,1.161,0.46
2026-05-21T08:00,0.9,0.0,0.0,0.0,24.8,0.11,1.7,243,100,1880.0,1,0.511,970.0,15.0,0,0.0,53,1,0.9,103,12,16,2,1.161,0.31
2026-05-21T09:00,1.1,0.0,0.0,0.0,25.1,0.34,1.4,27,100,3260.0,1,0.511,1490.0,35.0,0,0.0186,55,1,1.1,103,13,15,2,1.161,0.31
2026-05-21T10:00,0.8,0.0,0.0,0.0,24.9,0.32,1.4,18,100,1640.0,1,0.511,1290.0,35.0,0,0.0,53,1,0.8,103,14,14,2,1.161,0.31
2026-05-21T11:00,2.0,0.0,0.0,0.0,24.6,0.21,1.1,76,100,2880.0,1,0.51,1330.0,15.0,0,0.1663,80,1,2.0,103,15,13,2,1.161,0.31
2026-05-21T12:00,0.4,0.0,0.0,0.0,24.9,1.31,1.2,198,100,2460.0,0,0.51,1200.0,45.0,0,0.0,51,1,0.4,103,16,12,2,1.161,0.31
2026-05-21T13:00,0.4,0.0,0.0,0.0,24.5,1.86,3.6,186,100,5500.0,0,0.51,460.0,230.0,0,0.0,51,1,0.4,103,17,11,2,1.161,0.31
2026-05-21T14:00,0.2,0.0,0.0,0.0,24.3,1.01,4.0,207,100,3180.0,0,0.51,220.0,50.0,0,0.0,51,0,0.2,103,18,10,2,1.161,0.31
2026-05-21T15:00,0.3,0.0,0.0,0.0,24.4,0.41,2.1,194,100,8100.0,0,0.509,190.0,25.0,0,0.0,51,1,0.3,103,19,9,2,1.161,0.31
2026-05-21T16:00,0.0,0.0,0.0,0.0,23.9,0.99,2.1,229,100,3580.0,0,0.507,270.0,45.0,0,0.0,3,0,0.0,103,20,8,2,1.161,0.31
2026-05-21T17:00,0.5,0.0,0.0,0.0,23.8,1.27,2.6,191,100,3080.0,0,0.51,310.0,60.0,0,0.0,53,1,0.5,103,21,7,2,1.161,0.31
2026-05-21T18:00,0.6,0.0,0.0,0.0,24.1,1.86,2.6,194,100,3520.0,0,0.51,370.0,245.0,0,0.0,53,1,0.6,103,22,6,2,1.161,0.31
2026-05-21T19:00,1.1,0.545,0.0,0.0,23.6,1.82,4.3,196,100,2060.0,0,0.51,150.0,255.0,0,0.0019,55,1,0.5,103,23,5,2,1.161,0.637
2026-05-21T20:00,2.0,0.9,0.0,0.0,23.9,0.49,4.6,204,100,3280.0,0,0.51,320.0,25.0,0,0.04,80,1,0.2,103,24,4,2,1.161,0.85
2026-05-21T21:00,0.8,0.0,0.0,0.0,23.3,1.48,3.8,237,97,3540.0,0,0.509,270.0,90.0,0,0.0,53,1,0.8,103,25,3,2,1.161,0.31
2026-05-21T22:00,0.2,0.0,0.0,0.0,23.5,0.4,3.1,173,98,3420.0,1,0.509,380.0,25.0,0,0.0,51,0,0.2,103,26,2,2,1.161,0.31
2026-05-21T23:00,0.3,0.0,0.0,0.0,24.5,0.89,2.5,232,100,3880.0,1,0.509,320.0,45.0,0,0.0,51,1,0.3,103,27,1,2,1.161,0.31
2026-05-22T00:00,0.0,0.0,0.0,0.0,25.2,1.1,3.2,210,100,3940.0,1,0.506,1270.0,135.0,0,0.0,3,0,0.0,-1,-1,-1,-1,0.0,0.0
2026-05-22T01:00,0.1,0.0,0.0,0.0,26.7,2.14,5.0,201,100,4220.0,1,0.504,1140.0,585.0,0,0.0,51,0,0.1,-1,-1,-1,-1,0.0,0.0
2026-05-22T02:00,0.7,0.571,0.0,0.0,26.6,3.31,6.9,191,82,3820.0,1,0.507,1460.0,570.0,0,0.0,53,1,0.3,104,0,1,2,0.0,0.343
2026-05-22T03:00,0.1,0.0,0.0,0.0,29.3,2.92,7.1,193,98,11900.0,1,0.505,1640.0,940.0,0,0.0,51,0,0.1,-1,-1,-1,-1,0.0,0.0
2026-05-22T04:00,0.0,0.0,0.0,0.0,29.9,3.64,7.9,189,97,4580.0,1,0.502,1350.0,1125.0,0,0.0,3,0,0.0,-1,-1,-1,-1,0.0,0.0
2026-05-22T05:00,0.8,0.0,0.0,0.0,28.8,3.61,9.0,197,88,7060.0,1,0.505,1680.0,930.0,0,0.0,53,1,0.8,105,0,1,2,0.0,0
2026-05-22T06:00,0.0,0.0,0.0,0.0,28.7,2.9,10.6,177,34,8200.0,1,0.5,1430.0,965.0,0,0.0,1,0,0.0,-1,-1,-1,-1,0.0,0.0
2026-05-22T07:00,0.0,0.0,0.0,0.0,30.9,4.68,12.5,194,67,6680.0,1,0.497,1220.0,1315.0,0,0.0,2,0,0.0,-1,-1,-1,-1,0.0,0.0
2026-05-22T08:00,0.5,0.4,0.0,0.0,30.1,5.17,13.0,184,45,5620.0,1,0.498,1560.0,1050.0,0,0.0,53,1,0.3,106,0,2,21,0.354,0.334
2026-05-22T09:00,0.3,0.0,0.0,0.0,29.1,4.5,11.3,181,54,8920.0,1,0.498,1590.0,835.0,0,0.0,51,1,0.3,106,1,1,21,0.354,0.094
2026-05-22T10:00,0.0,0.0,0.0,0.0,28.8,4.01,9.5,184,34,10940.0,1,0.496,1580.0,785.0,0,0.0,1,0,0.0,-1,-1,-1,-1,0.0,0.0
2026-05-22T11:00,0.0,0.0,0.0,0.0,27.8,3.91,8.7,184,23,9200.0,1,0.494,1190.0,625.0,0,0.0,1,0,0.0,-1,-1,-1,-1,0.0,0.0
2026-05-22T12:00,0.0,0.0,0.0,0.0,26.5,3.41,8.0,177,32,11720.0,0,0.494,1000.0,385.0,0,0.0,1,0,0.0,-1,-1,-1,-1,0.0,0.0
2026-05-22T13:00,0.0,0.0,0.0,0.0,26.3,4.31,8.3,175,35,10640.0,0,0.493,570.0,520.0,0,0.0,1,0,0.0,-1,-1,-1,-1,0.0,0.0
2026-05-22T14:00,0.0,0.0,0.0,0.0,26.5,4.35,8.8,181,18,11620.0,0,0.492,530.0,585.0,0,0.0,0,0,0.0,-1,-1,-1,-1,0.0,0.0
2026-05-22T15:00,0.0,0.0,0.0,0.0,26.6,3.96,8.7,184,40,11940.0,0,0.492,590.0,590.0,0,0.0,1,0,0.0,-1,-1,-1,-1,0.0,0.0
2026-05-22T16:00,0.0,0.0,0.0,0.0,26.5,2.49,8.0,195,38,11940.0,0,0.491,710.0,540.0,0,0.0,1,0,0.0,-1,-1,-1,-1,0.0,0.0
2026-05-22T17:00,0.0,0.0,0.0,0.0,26.0,2.12,5.0,195,20,11600.0,0,0.49,700.0,445.0,0,0.0,1,0,0.0,-1,-1,-1,-1,0.0,0.0
2026-05-22T18:00,0.0,0.0,0.0,0.0,26.1,2.5,5.1,182,15,11300.0,0,0.49,860.0,280.0,0,0.0,0,0,0.0,-1,-1,-1,-1,0.0,0.0
2026-05-22T19:00,0.0,0.0,0.0,0.0,26.3,3.45,6.7,181,5,11660.0,0,0.49,860.0,375.0,0,0.0,0,0,0.0,-1,-1,-1,-1,0.0,0.0
2026-05-22T20:00,0.0,0.0,0.0,0.0,26.2,2.95,6.7,181,9,11380.0,0,0.489,840.0,405.0,0,0.0,0,0,0.0,-1,-1,-1,-1,0.0,0.0
2026-05-22T21:00,0.0,0.0,0.0,0.0,25.6,2.05,5.8,179,38,11760.0,0,0.489,810.0,345.0,0,0.0,1,0,0.0,-1,-1,-1,-1,0.0,0.0
2026-05-22T22:00,0.0,0.0,0.0,0.0,25.6,2.72,4.9,173,60,11760.0,1,0.488,660.0,355.0,0,0.0,2,0,0.0,-1,-1,-1,-1,0.0,0.0
2026-05-22T23:00,0.0,0.0,0.0,0.0,27.3,3.26,6.7,176,70,11840.0,1,0.488,810.0,470.0,0,0.0,2,0,0.0,-1,-1,-1,-1,0.0,0.0
2026-05-23T00:00,0.0,0.0,0.0,0.0,28.7,3.47,7.0,174,35,7780.0,1,0.487,1190.0,645.0,0,0.0,1,0,0.0,-1,-1,-1,-1,0.0,0.0
2026-05-23T01:00,0.0,0.0,0.0,0.0,29.7,4.31,9.6,176,27,13460.0,1,0.485,1160.0,780.0,0,0.0,1,0,0.0,-1,-1,-1,-1,0.0,0.0
2026-05-23T02:00,0.0,0.0,0.0,0.0,31.1,4.39,10.0,188,50,13460.0,1,0.482,1470.0,1010.0,0,0.0,2,0,0.0,-1,-1,-1,-1,0.0,0.0
2026-05-23T03:00,0.0,0.0,0.0,0.0,32.3,4.38,11.1,187,45,14920.0,1,0.479,1660.0,1405.0,0,0.0,1,0,0.0,-1,-1,-1,-1,0.0,0.0
2026-05-23T04:00,0.1,1.0,0.0,0.0,32.7,4.58,11.0,191,51,8560.0,1,0.477,1370.0,1410.0,0,0.0,51,0,0.0,-1,-1,-1,-1,0.0,0.0
2026-05-23T05:00,0.1,1.0,0.0,0.0,33.3,3.54,11.0,211,58,6660.0,1,0.475,1870.0,1560.0,0,0.0,51,0,0.0,-1,-1,-1,-1,0.0,0.0
2026-05-23T06:00,0.0,0.0,0.0,0.0,33.6,2.94,9.6,201,70,8240.0,1,0.475,2080.0,1820.0,0,0.0,2,0,0.0,-1,-1,-1,-1,0.0,0.0
2026-05-23T07:00,1.3,0.846,0.0,0.0,30.1,3.41,8.8,194,25,7840.0,1,0.483,1740.0,660.0,0,0.0653,80,1,0.2,107,0,2,84,0.884,0.743
2026-05-23T08:00,0.3,0.333,0.0,0.0,31.4,4.15,9.0,181,24,4820.0,1,0.483,1510.0,1020.0,0,0.0,51,1,0.2,107,1,1,84,0.884,0.436
2026-05-23T09:00,0.1,0.0,0.0,0.0,30.7,4.41,9.5,184,14,11800.0,1,0.482,1600.0,760.0,0,0.0,51,0,0.1,-1,-1,-1,-1,0.0,0.0
2026-05-23T10:00,0.0,0.0,0.0,0.0,29.7,4.25,9.5,178,80,13500.0,1,0.48,1540.0,730.0,0,0.0,3,0,0.0,-1,-1,-1,-1,0.0,0.0
2026-05-23T11:00,0.0,0.0,0.0,0.0,28.4,2.93,9.1,172,98,10780.0,1,0.479,1190.0,545.0,0,0.0,3,0,0.0,-1,-1,-1,-1,0.0,0.0
2026-05-23T12:00,0.0,0.0,0.0,0.0,26.1,2.66,6.0,175,95,10200.0,0,0.475,600.0,375.0,0,0.0,3,0,0.0,-1,-1,-1,-1,0.0,0.0
2026-05-23T13:00,0.0,0.0,0.0,0.0,26.3,3.09,6.0,194,96,11580.0,0,0.475,750.0,535.0,0,0.0,3,0,0.0,-1,-1,-1,-1,0.0,0.0
2026-05-23T14:00,0.0,0.0,0.0,0.0,26.4,2.16,6.0,193,97,11380.0,0,0.475,960.0,490.0,0,0.0,3,0,0.0,-1,-1,-1,-1,0.0,0.0
2026-05-23T15:00,0.0,0.0,0.0,0.0,26.1,2.19,4.3,204,88,9700.0,0,0.475,1100.0,515.0,0,0.0,3,0,0.0,-1,-1,-1,-1,0.0,0.0
2026-05-23T16:00,0.0,0.0,0.0,0.0,26.0,1.43,4.4,205,95,9480.0,0,0.475,1130.0,465.0,0,0.0,3,0,0.0,-1,-1,-1,-1,0.0,0.0
2026-05-23T17:00,0.0,0.0,0.0,0.0,26.0,2.38,4.3,188,59,9300.0,0,0.475,1210.0,450.0,0,0.0,2,0,0.0,-1,-1,-1,-1,0.0,0.0
2026-05-23T18:00,0.0,0.0,0.0,0.0,26.6,3.05,5.0,178,80,9240.0,0,0.466,1230.0,520.0,0,0.0,3,0,0.0,-1,-1,-1,-1,0.0,0.0
2026-05-23T19:00,0.0,0.0,0.0,0.0,26.8,3.4,6.6,178,73,12060.0,0,0.467,1100.0,635.0,0,0.0,2,0,0.0,-1,-1,-1,-1,0.0,0.0
2026-05-23T20:00,0.0,0.0,0.0,0.0,26.9,3.46,7.0,177,77,3160.0,0,0.467,1070.0,645.0,0,0.0,2,0,0.0,-1,-1,-1,-1,0.0,0.0
2026-05-23T21:00,0.0,0.0,0.0,0.0,26.8,3.36,6.9,177,51,11660.0,0,0.467,920.0,615.0,0,0.0,2,0,0.0,-1,-1,-1,-1,0.0,0.0
2026-05-23T22:00,0.0,0.0,0.0,0.0,26.7,3.1,6.7,182,52,12020.0,1,0.467,760.0,595.0,0,0.0,2,0,0.0,-1,-1,-1,-1,0.0,0.0
2026-05-23T23:00,0.0,0.0,0.0,0.0,27.7,2.84,6.2,190,39,10900.0,1,0.467,860.0,730.0,0,0.0,1,0,0.0,-1,-1,-1,-1,0.0,0.0
2026-05-24T00:00,0.0,0.0,0.0,0.0,29.3,3.6,7.2,181,55,10160.0,1,0.462,1460.0,965.0,0,0.0,2,0,0.0,-1,-1,-1,-1,0.0,0.0
2026-05-24T01:00,0.0,0.0,0.0,0.0,30.7,4.85,10.6,182,26,11820.0,1,0.46,1510.0,1055.0,0,0.0,1,0,0.0,-1,-1,-1,-1,0.0,0.0
2026-05-24T02:00,0.0,0.0,0.0,0.0,31.7,5.44,12.0,187,46,11040.0,1,0.458,1520.0,1175.0,0,0.0,1,0,0.0,-1,-1,-1,-1,0.0,0.0
2026-05-24T03:00,0.0,0.0,0.0,0.0,32.9,5.57,12.5,192,81,15040.0,1,0.456,1730.0,1350.0,0,0.0,3,0,0.0,-1,-1,-1,-1,0.0,0.0
2026-05-24T04:00,0.0,0.0,0.0,0.0,33.4,5.74,12.8,193,48,15040.0,1,0.453,2090.0,1450.0,0,0.0,1,0,0.0,-1,-1,-1,-1,0.0,0.0
2026-05-24T05:00,0.1,1.0,0.0,0.0,33.3,5.88,14.3,192,69,15060.0,1,0.45,2060.0,1335.0,0,0.0,51,0,0.0,-1,-1,-1,-1,0.0,0.0
2026-05-24T06:00,0.1,1.0,0.0,0.0,32.9,5.36,14.0,189,87,15060.0,1,0.449,1600.0,1265.0,0,0.0,51,0,0.0,-1,-1,-1,-1,0.0,0.0
2026-05-24T07:00,0.0,0.0,0.0,0.0,33.5,5.04,11.9,187,92,15060.0,1,0.446,1790.0,1375.0,0,0.0,3,0,0.0,-1,-1,-1,-1,0.0,0.0
2026-05-24T08:00,0.0,0.0,0.0,0.0,33.0,4.95,11.2,181,52,15060.0,1,0.444,1870.0,1145.0,0,0.0,2,0,0.0,-1,-1,-1,-1,0.0,0.0
2026-05-24T09:00,0.0,0.0,0.0,0.0,32.4,4.61,10.7,184,65,15080.0,1,0.443,1840.0,1115.0,0,0.0,2,0,0.0,-1,-1,-1,-1,0.0,0.0
2026-05-24T10:00,0.0,0.0,0.0,0.0,31.8,4.38,9.9,187,60,15080.0,1,0.442,1730.0,1045.0,0,0.0,2,0,0.0,-1,-1,-1,-1,0.0,0.0
2026-05-24T11:00,0.0,0.0,0.0,0.0,31.0,4.45,9.2,178,42,13620.0,1,0.441,1460.0,1035.0,0,0.0,1,0,0.0,-1,-1,-1,-1,0.0,0.0
2026-05-24T12:00,0.0,0.0,0.0,0.0,30.2,2.72,9.7,173,99,13620.0,0,0.444,2070.0,930.0,0,0.0,3,0,0.0,-1,-1,-1,-1,0.0,0.0
2026-05-24T13:00,0.0,0.0,0.0,0.0,29.9,3.41,7.0,175,35,13620.0,0,0.444,1680.0,910.0,0,0.0,1,0,0.0,-1,-1,-1,-1,0.0,0.0
2026-05-24T14:00,0.0,0.0,0.0,0.0,29.2,3.31,7.0,184,41,12140.0,0,0.444,1450.0,840.0,0,0.0,1,0,0.0,-1,-1,-1,-1,0.0,0.0
2026-05-24T15:00,0.0,0.0,0.0,0.0,28.8,3.18,6.7,188,54,12140.0,0,0.444,1380.0,815.0,0,0.0,2,0,0.0,-1,-1,-1,-1,0.0,0.0
2026-05-24T16:00,0.0,0.0,0.0,0.0,28.6,3.57,7.2,186,47,12140.0,0,0.445,1360.0,825.0,0,0.0,1,0,0.0,-1,-1,-1,-1,0.0,0.0
2026-05-24T17:00,0.0,0.0,0.0,0.0,28.3,3.71,7.6,184,38,12140.0,0,0.445,1380.0,800.0,0,0.0,1,0,0.0,-1,-1,-1,-1,0.0,0.0
2026-05-24T18:00,0.0,0.0,0.0,0.0,28.8,4.35,8.7,182,38,11920.0,0,0.437,1930.0,940.0,0,0.0,1,0,0.0,-1,-1,-1,-1,0.0,0.0
2026-05-24T19:00,0.0,0.0,0.0,0.0,28.6,4.65,9.7,182,47,12160.0,0,0.438,1730.0,920.0,0,0.0,1,0,0.0,-1,-1,-1,-1,0.0,0.0
2026-05-24T20:00,0.0,0.0,0.0,0.0,28.5,4.65,9.8,182,56,12160.0,0,0.438,1350.0,905.0,0,0.0,2,0,0.0,-1,-1,-1,-1,0.0,0.0
2026-05-24T21:00,0.0,0.0,0.0,0.0,28.3,4.5,9.8,181,38,11280.0,0,0.438,1200.0,910.0,0,0.0,1,0,0.0,-1,-1,-1,-1,0.0,0.0
2026-05-24T22:00,0.0,0.0,0.0,0.0,28.2,4.7,9.9,181,55,12160.0,1,0.438,1050.0,865.0,0,0.0,2,0,0.0,-1,-1,-1,-1,0.0,0.0
2026-05-24T23:00,0.0,0.0,0.0,0.0,28.8,5.35,11.8,182,71,11800.0,1,0.438,1180.0,885.0,0,0.0,2,0,0.0,-1,-1,-1,-1,0.0,0.0
2026-05-25T00:00,0.0,0.0,0.0,0.0,30.1,4.7,12.5,178,19,10680.0,1,0.434,1690.0,960.0,0,0.0,0,0,0.0,-1,-1,-1,-1,0.0,0.0
2026-05-25T01:00,0.0,0.0,0.0,0.0,31.2,5.9,12.7,180,80,11100.0,1,0.433,1600.0,1065.0,0,0.0,3,0,0.0,-1,-1,-1,-1,0.0,0.0
2026-05-25T02:00,0.0,0.0,0.0,0.0,32.3,6.47,14.1,184,96,12800.0,1,0.431,1600.0,1210.0,0,0.0,3,0,0.0,-1,-1,-1,-1,0.0,0.0
2026-05-25T03:00,0.0,0.0,0.0,0.0,32.6,6.22,14.1,185,98,14540.0,1,0.429,1900.0,1190.0,0,0.0,3,0,0.0,-1,-1,-1,-1,0.0,0.0
2026-05-25T04:00,0.0,0.0,0.0,0.0,32.4,5.86,13.6,183,88,15180.0,1,0.427,1860.0,1090.0,0,0.0,3,0,0.0,-1,-1,-1,-1,0.0,0.0
2026-05-25T05:00,0.0,0.0,0.0,0.0,33.5,5.71,12.9,188,62,15180.0,1,0.425,1920.0,1215.0,0,0.0,2,0,0.0,-1,-1,-1,-1,0.0,0.0
2026-05-25T06:00,0.0,0.0,0.0,0.0,34.0,5.59,13.5,190,34,15180.0,1,0.424,1710.0,1500.0,0,0.0,1,0,0.0,-1,-1,-1,-1,0.0,0.0
2026-05-25T07:00,0.0,0.0,0.0,0.0,34.5,5.63,12.7,192,24,15180.0,1,0.421,1840.0,1605.0,0,0.0,1,0,0.0,-1,-1,-1,-1,0.0,0.0
2026-05-25T08:00,0.0,0.0,0.0,0.0,34.2,5.14,12.4,191,49,15200.0,1,0.418,1900.0,1445.0,0,0.0,1,0,0.0,-1,-1,-1,-1,0.0,0.0
2026-05-25T09:00,0.0,0.0,0.0,0.0,33.6,4.9,11.2,194,51,15200.0,1,0.417,1870.0,1390.0,0,0.0,2,0,0.0,-1,-1,-1,-1,0.0,0.0
2026-05-25T10:00,0.0,0.0,0.0,0.0,32.6,3.51,10.4,197,100,15200.0,1,0.416,2080.0,1285.0,0,0.0,3,0,0.0,-1,-1,-1,-1,0.0,0.0
2026-05-25T11:00,0.0,0.0,0.0,0.0,31.3,2.97,7.4,193,100,13740.0,1,0.416,2000.0,1035.0,0,0.0,3,0,0.0,-1,-1,-1,-1,0.0,0.0
2026-05-25T12:00,0.0,0.0,0.0,0.0,30.9,3.1,6.0,180,98,13740.0,0,0.407,2070.0,880.0,0,0.0,3,0,0.0,-1,-1,-1,-1,0.0,0.0
2026-05-25T13:00,0.0,0.0,0.0,0.0,30.2,3.21,6.3,175,99,13740.0,0,0.408,2300.0,645.0,0,0.0,3,0,0.0,-1,-1,-1,-1,0.0,0.0
2026-05-25T14:00,0.0,0.0,0.0,0.0,29.9,3.67,7.4,174,92,12240.0,0,0.408,2050.0,635.0,0,0.0,3,0,0.0,-1,-1,-1,-1,0.0,0.0
2026-05-25T15:00,0.0,0.0,0.0,0.0,29.6,3.4,7.5,182,83,12240.0,0,0.409,1740.0,620.0,0,0.0,3,0,0.0,-1,-1,-1,-1,0.0,0.0
2026-05-25T16:00,0.0,0.0,0.0,0.0,29.1,2.75,6.9,190,38,12240.0,0,0.409,1730.0,555.0,0,0.0,1,0,0.0,-1,-1,-1,-1,0.0,0.0
2026-05-25T17:00,0.0,0.0,0.0,0.0,28.8,3.15,6.2,182,83,12060.0,0,0.41,1730.0,520.0,0,0.0,3,0,0.0,-1,-1,-1,-1,0.0,0.0
2026-05-25T18:00,0.0,0.0,0.0,0.0,28.9,3.3,6.9,177,53,11100.0,0,0.398,2100.0,520.0,0,0.0,2,0,0.0,-1,-1,-1,-1,0.0,0.0
2026-05-25T19:00,0.0,0.0,0.0,0.0,29.1,3.95,8.0,179,73,11040.0,0,0.399,2070.0,630.0,0,0.0,2,0,0.0,-1,-1,-1,-1,0.0,0.0
2026-05-25T20:00,0.0,0.0,0.0,0.0,28.8,4.25,8.7,181,98,11520.0,0,0.4,1930.0,635.0,0,0.0,3,0,0.0,-1,-1,-1,-1,0.0,0.0
2026-05-25T21:00,0.0,0.0,0.0,0.0,28.6,4.15,8.8,181,98,11280.0,0,0.4,1750.0,585.0,0,0.0,3,0,0.0,-1,-1,-1,-1,0.0,0.0
2026-05-25T22:00,0.0,0.0,0.0,0.0,28.3,3.81,8.5,183,96,11160.0,1,0.401,1610.0,560.0,0,0.0,3,0,0.0,-1,-1,-1,-1,0.0,0.0
2026-05-25T23:00,0.0,0.0,0.0,0.0,29.1,3.9,8.5,181,94,11680.0,1,0.401,1850.0,625.0,0,0.0,3,0,0.0,-1,-1,-1,-1,0.0,0.0
2026-05-26T00:00,0.0,0.0,0.0,0.0,30.6,4.25,9.4,179,89,13800.0,1,0.396,1920.0,825.0,0,0.0,3,0,0.0,-1,-1,-1,-1,0.0,0.0
2026-05-26T01:00,0.0,0.0,0.0,0.0,31.9,4.95,10.8,179,71,13800.0,1,0.394,1740.0,1095.0,0,0.0,2,0,0.0,-1,-1,-1,-1,0.0,0.0
2026-05-26T02:00,0.0,0.0,0.0,0.0,33.1,4.87,11.1,185,94,15280.0,1,0.393,1880.0,1365.0,0,0.0,3,0,0.0,-1,-1,-1,-1,0.0,0.0
2026-05-26T03:00,0.0,0.0,0.0,0.0,34.3,4.71,10.9,189,99,15300.0,1,0.39,2130.0,1555.0,0,0.0,3,0,0.0,-1,-1,-1,-1,0.0,0.0
2026-05-26T04:00,0.0,0.0,0.0,0.0,35.3,4.33,12.2,202,98,9580.0,1,0.388,2040.0,1665.0,0,0.0,3,0,0.0,-1,-1,-1,-1,0.0,0.0
2026-05-26T05:00,0.0,0.0,0.0,0.0,36.1,3.65,11.2,209,84,17820.0,1,0.385,2240.0,1755.0,0,0.0,3,0,0.0,-1,-1,-1,-1,0.0,0.0
2026-05-26T06:00,0.0,0.0,0.0,0.0,35.9,3.14,9.9,233,59,14060.0,1,0.383,1610.0,1665.0,0,0.0,2,0,0.0,-1,-1,-1,-1,0.0,0.0
2026-05-26T07:00,0.0,0.0,0.0,0.0,36.0,3.15,8.8,226,55,10120.0,1,0.381,1840.0,1615.0,0,0.0,2,0,0.0,-1,-1,-1,-1,0.0,0.0
2026-05-26T08:00,0.1,0.0,0.0,0.0,35.6,3.0,8.2,210,78,11100.0,1,0.38,2020.0,1575.0,0,0.0,51,0,0.1,-1,-1,-1,-1,0.0,0.0
2026-05-26T09:00,0.0,0.0,0.0,0.0,35.1,2.38,7.0,202,88,17840.0,1,0.378,2300.0,1450.0,0,0.0,3,0,0.0,-1,-1,-1,-1,0.0,0.0
2026-05-26T10:00,0.0,0.0,0.0,0.0,33.7,1.75,5.4,183,84,15340.0,1,0.378,2850.0,485.0,0,0.0,3,0,0.0,-1,-1,-1,-1,0.0,0.0
2026-05-26T11:00,0.0,0.0,0.0,0.0,31.7,2.25,4.0,168,66,13840.0,1,0.378,2540.0,230.0,0,0.0,2,0,0.0,-1,-1,-1,-1,0.0,0.0
2026-05-26T12:00,0.0,0.0,0.0,0.0,30.7,2.04,4.1,155,47,13860.0,0,0.365,2000.0,100.0,0,0.0,1,0,0.0,-1,-1,-1,-1,0.0,0.0
2026-05-26T13:00,0.0,0.0,0.0,0.0,30.0,2.17,3.8,151,91,13860.0,0,0.366,1390.0,70.0,0,0.0,3,0,0.0,-1,-1,-1,-1,0.0,0.0
2026-05-26T14:00,0.0,0.0,0.0,0.0,29.6,2.05,4.1,167,97,13860.0,0,0.366,1630.0,75.0,0,0.0,3,0,0.0,-1,-1,-1,-1,0.0,0.0
2026-05-26T15:00,0.0,0.0,0.0,0.0,28.7,1.9,3.7,166,99,12340.0,0,0.367,1730.0,50.0,0,0.0,3,0,0.0,-1,-1,-1,-1,0.0,0.0
2026-05-26T16:00,0.0,0.0,0.0,0.0,28.6,2.54,4.4,170,91,12340.0,0,0.367,1940.0,105.0,0,0.0,3,0,0.0,-1,-1,-1,-1,0.0,0.0
2026-05-26T17:00,0.0,0.0,0.0,0.0,28.9,2.46,4.8,174,91,12340.0,0,0.368,2160.0,265.0,0,0.0,3,0,0.0,-1,-1,-1,-1,0.0,0.0
2026-05-26T18:00,0.0,0.0,0.0,0.0,29.0,1.61,4.6,173,90,13880.0,0,0.35,2010.0,135.0,0,0.0,3,0,0.0,-1,-1,-1,-1,0.0,0.0
2026-05-26T19:00,0.0,0.0,0.0,0.0,28.5,1.92,3.6,187,93,12360.0,0,0.35,2120.0,215.0,0,0.0,3,0,0.0,-1,-1,-1,-1,0.0,0.0
2026-05-26T20:00,0.0,0.0,0.0,0.0,28.2,1.38,3.6,193,43,12320.0,0,0.351,2350.0,270.0,0,0.0,1,0,0.0,-1,-1,-1,-1,0.0,0.0
2026-05-26T21:00,0.5,0.4,0.0,0.0,27.7,0.93,2.6,196,56,3640.0,0,0.355,1910.0,235.0,0,0.0,53,1,0.3,108,0,4,2,0.286,0.316
2026-05-26T22:00,1.0,0.5,0.0,0.0,26.8,0.81,1.9,11,84,2740.0,1,0.366,1450.0,45.0,0,0.0,55,1,0.5,108,1,3,2,0.286,0.376
2026-05-26T23:00,0.9,0.111,0.0,0.0,26.9,2.02,6.1,23,96,2240.0,1,0.378,2780.0,150.0,0,0.0,53,1,0.8,108,2,2,2,0.286,0.143
2026-05-27T00:00,0.7,0.571,0.0,0.0,27.5,0.81,6.9,43,54,6280.0,1,0.47,2820.0,135.0,0,0.0,95,1,0.3,108,3,1,2,0.286,0.419
2026-05-27T01:00,0.0,0.0,0.0,0.0,29.1,0.96,6.3,351,46,7840.0,1,0.469,2980.0,360.0,0,0.0,1,0,0.0,-1,-1,-1,-1,0.0,0.0
2026-05-27T02:00,0.1,1.0,0.0,0.0,31.1,0.35,5.8,8,20,4680.0,1,0.467,3160.0,710.0,0,0.0,51,0,0.0,-1,-1,-1,-1,0.0,0.0
2026-05-27T03:00,0.3,0.333,0.0,0.0,33.0,1.06,6.3,229,63,5840.0,1,0.465,2680.0,1100.0,0,0.0,95,1,0.2,109,0,1,6,0.0,0.2
2026-05-27T04:00,0.2,0.0,0.0,0.0,34.3,1.46,6.4,239,67,8440.0,1,0.462,2730.0,1510.0,0,0.0,51,0,0.2,-1,-1,-1,-1,0.0,0.0
2026-05-27T05:00,0.0,0.0,0.0,0.0,35.3,1.61,6.4,265,84,15440.0,1,0.458,3240.0,1725.0,0,0.0,3,0,0.0,-1,-1,-1,-1,0.0,0.0
2026-05-27T06:00,0.0,0.0,0.0,0.0,34.6,1.19,6.0,285,80,12120.0,1,0.46,2970.0,1545.0,0,0.0,3,0,0.0,-1,-1,-1,-1,0.0,0.0
2026-05-27T07:00,0.0,0.0,0.0,0.0,34.6,0.69,4.9,240,98,15440.0,1,0.456,2990.0,1460.0,0,0.0,3,0,0.0,-1,-1,-1,-1,0.0,0.0
2026-05-27T08:00,0.0,0.0,0.0,0.0,34.6,0.51,3.9,259,66,12620.0,1,0.453,3010.0,1420.0,0,0.0,2,0,0.0,-1,-1,-1,-1,0.0,0.0
2026-05-27T09:00,0.1,0.0,0.0,0.0,33.4,0.85,3.0,159,41,5260.0,1,0.451,2780.0,575.0,0,0.0,51,0,0.1,-1,-1,-1,-1,0.0,0.0
2026-05-27T10:00,0.3,0.333,0.0,0.0,31.9,1.8,3.4,124,32,8680.0,1,0.452,3280.0,170.0,0,0.0,51,1,0.2,110,0,1,12,0.0,0.2
2026-05-27T11:00,0.0,0.0,0.0,0.0,30.1,1.28,3.4,111,89,12420.0,1,0.451,3440.0,50.0,0,0.0,3,0,0.0,-1,-1,-1,-1,0.0,0.0
2026-05-27T12:00,0.0,0.0,0.0,0.0,29.2,1.51,2.3,34,100,9040.0,0,0.432,4030.0,120.0,0,0.0,3,0,0.0,-1,-1,-1,-1,0.0,0.0
2026-05-27T13:00,0.0,0.0,0.0,0.0,28.5,2.11,4.1,14,98,10400.0,0,0.432,3370.0,315.0,0,0.0,3,0,0.0,-1,-1,-1,-1,0.0,0.0
2026-05-27T14:00,0.0,0.0,0.0,0.0,27.7,1.69,4.0,19,95,9100.0,0,0.432,2940.0,280.0,0,0.0,3,0,0.0,-1,-1,-1,-1,0.0,0.0
2026-05-27T15:00,0.0,0.0,0.0,0.0,26.9,1.32,3.3,25,94,7400.0,0,0.432,2980.0,260.0,0,0.0,3,0,0.0,-1,-1,-1,-1,0.0,0.0
2026-05-27T16:00,0.0,0.0,0.0,0.0,26.4,1.32,2.6,11,98,940.0,0,0.432,3030.0,295.0,0,0.0,3,0,0.0,-1,-1,-1,-1,0.0,0.0
2026-05-27T17:00,0.0,0.0,0.0,0.0,26.0,1.56,3.5,7,99,860.0,0,0.431,2750.0,320.0,0,0.0,3,0,0.0,-1,-1,-1,-1,0.0,0.0
2026-05-27T18:00,0.0,0.0,0.0,0.0,26.5,1.23,3.3,339,97,9060.0,0,0.431,2310.0,395.0,0,0.0,3,0,0.0,-1,-1,-1,-1,0.0,0.0
2026-05-27T19:00,0.0,0.0,0.0,0.0,25.9,1.71,4.2,353,99,8320.0,0,0.43,2240.0,270.0,0,0.0,3,0,0.0,-1,-1,-1,-1,0.0,0.0
2026-05-27T20:00,0.0,0.0,0.0,0.0,25.6,1.12,3.7,328,100,5220.0,0,0.43,2120.0,270.0,0,0.0,3,0,0.0,-1,-1,-1,-1,0.0,0.0
2026-05-27T21:00,0.0,0.0,0.0,0.0,25.4,1.19,2.8,327,95,6560.0,0,0.43,1860.0,245.0,0,0.0,3,0,0.0,-1,-1,-1,-1,0.0,0.0
2026-05-27T22:00,0.1,1.0,0.0,0.0,25.1,1.2,4.3,265,100,6940.0,1,0.431,1690.0,180.0,0,0.0,51,0,0.0,-1,-1,-1,-1,0.0,0.0
2026-05-27T23:00,2.1,0.952,0.0,0.0,24.6,0.75,5.6,233,90,2940.0,1,0.454,1110.0,120.0,0,0.1526,95,1,0.1,111,0,1,7,0.0,0.571
2026-05-28T00:00,0.2,0.0,0.0,0.0,26.7,1.15,5.6,360,100,6920.0,1,0.427,930.0,355.0,0,0.0,51,0,0.2,-1,-1,-1,-1,0.0,0.0
2026-05-28T01:00,0.0,0.0,0.0,0.0,27.6,1.35,4.7,360,100,9220.0,1,0.427,1150.0,465.0,0,0.0,3,0,0.0,-1,-1,-1,-1,0.0,0.0
2026-05-28T02:00,0.0,0.0,0.0,0.0,29.4,0.65,4.3,360,100,12480.0,1,0.425,1510.0,770.0,0,0.0,3,0,0.0,-1,-1,-1,-1,0.0,0.0
2026-05-28T03:00,0.0,0.0,0.0,0.0,30.8,0.87,3.9,301,95,14040.0,1,0.423,1430.0,885.0,0,0.0,3,0,0.0,-1,-1,-1,-1,0.0,0.0
2026-05-28T04:00,0.0,0.0,0.0,0.0,32.0,1.2,6.4,318,77,14040.0,1,0.421,2050.0,1015.0,0,0.0,2,0,0.0,-1,-1,-1,-1,0.0,0.0
2026-05-28T05:00,0.0,0.0,0.0,0.0,33.0,1.63,6.9,342,55,9780.0,1,0.418,2520.0,1230.0,0,0.0,2,0,0.0,-1,-1,-1,-1,0.0,0.0
2026-05-28T06:00,0.0,0.0,0.0,0.0,32.2,1.96,7.0,4,66,8500.0,1,0.433,2530.0,785.0,0,0.0,2,0,0.0,-1,-1,-1,-1,0.0,0.0
2026-05-28T07:00,1.0,0.8,0.0,0.0,30.9,2.48,7.7,351,88,3160.0,1,0.439,1430.0,480.0,0,0.0,95,1,0.2,112,0,2,15,0.25,0.547
2026-05-28T08:00,0.7,0.571,0.0,0.0,30.5,1.78,6.6,10,96,7140.0,1,0.443,2430.0,710.0,0,0.0,95,1,0.3,112,1,1,15,0.25,0.409
2026-05-28T09:00,0.1,0.0,0.0,0.0,30.8,2.37,5.5,18,100,10700.0,1,0.442,2170.0,785.0,0,0.0,51,0,0.1,-1,-1,-1,-1,0.0,0.0
2026-05-28T10:00,0.0,0.0,0.0,0.0,30.0,2.18,5.6,16,100,10980.0,1,0.441,2160.0,595.0,0,0.0,3,0,0.0,-1,-1,-1,-1,0.0,0.0
2026-05-28T11:00,0.0,0.0,0.0,0.0,28.9,1.65,4.5,14,100,12520.0,1,0.44,2180.0,420.0,0,0.0,3,0,0.0,-1,-1,-1,-1,0.0,0.0
2026-05-28T12:00,0.0,0.0,0.0,0.0,28.1,1.68,3.2,30,100,12400.0,0,0.423,1960.0,365.0,0,0.0,3,0,0.0,-1,-1,-1,-1,0.0,0.0
2026-05-28T13:00,0.0,0.0,0.0,0.0,27.4,1.32,3.2,37,100,10800.0,0,0.423,1830.0,330.0,0,0.0,3,0,0.0,-1,-1,-1,-1,0.0,0.0
2026-05-28T14:00,0.0,0.0,0.0,0.0,26.9,1.17,2.4,43,100,10760.0,0,0.423,1730.0,355.0,0,0.0,3,0,0.0,-1,-1,-1,-1,0.0,0.0
2026-05-28T15:00,0.0,0.0,0.0,0.0,26.5,1.65,3.2,14,100,9200.0,0,0.422,1560.0,445.0,0,0.0,3,0,0.0,-1,-1,-1,-1,0.0,0.0
2026-05-28T16:00,0.0,0.0,0.0,0.0,26.2,1.53,3.2,19,100,9280.0,0,0.422,1210.0,490.0,0,0.0,3,0,0.0,-1,-1,-1,-1,0.0,0.0
2026-05-28T17:00,0.0,0.0,0.0,0.0,26.0,1.55,3.1,33,100,9240.0,0,0.422,1230.0,515.0,0,0.0,3,0,0.0,-1,-1,-1,-1,0.0,0.0
2026-05-28T18:00,0.0,0.0,0.0,0.0,26.2,1.69,3.4,12,97,9240.0,0,0.409,1130.0,550.0,0,0.0,3,0,0.0,-1,-1,-1,-1,0.0,0.0
2026-05-28T19:00,0.0,0.0,0.0,0.0,25.7,2.04,4.6,28,99,8840.0,0,0.409,1050.0,455.0,0,0.0,3,0,0.0,-1,-1,-1,-1,0.0,0.0
2026-05-28T20:00,0.0,0.0,0.0,0.0,25.3,1.92,4.5,7,100,8160.0,0,0.409,1040.0,395.0,0,0.0,3,0,0.0,-1,-1,-1,-1,0.0,0.0
2026-05-28T21:00,0.1,1.0,0.0,0.0,24.8,1.19,4.1,338,81,4780.0,0,0.411,960.0,330.0,0,0.0,51,0,0.0,-1,-1,-1,-1,0.0,0.0
2026-05-28T22:00,0.1,0.0,0.0,0.0,24.3,1.36,3.4,354,98,6040.0,1,0.411,1130.0,270.0,0,0.0,51,0,0.1,-1,-1,-1,-1,0.0,0.0
2026-05-28T23:00,0.0,0.0,0.0,0.0,24.6,1.56,4.0,6,100,5580.0,1,0.411,1010.0,350.0,0,0.0,3,0,0.0,-1,-1,-1,-1,0.0,0.0
2026-05-29T00:00,1.1,0.818,0.0,0.0,25.4,2.16,4.1,5,100,8100.0,1,0.407,1080.0,405.0,0,0.0135,55,1,0.2,113,0,1,5,0.0,0.491
2026-05-29T01:00,0.0,0.0,0.0,0.0,25.9,2.2,5.7,359,100,9900.0,1,0.407,1030.0,460.0,0,0.0,3,0,0.0,-1,-1,-1,-1,0.0,0.0
2026-05-29T02:00,0.0,0.0,0.0,0.0,26.6,2.11,5.9,4,100,8260.0,1,0.406,960.0,535.0,0,0.0,3,0,0.0,-1,-1,-1,-1,0.0,0.0
2026-05-29T03:00,0.0,0.0,0.0,0.0,27.1,2.28,5.9,9,100,7860.0,1,0.406,860.0,585.0,0,0.0,3,0,0.0,-1,-1,-1,-1,0.0,0.0
2026-05-29T04:00,0.1,1.0,0.0,0.0,28.1,2.14,6.2,11,100,7460.0,1,0.405,790.0,690.0,0,0.0,51,0,0.0,-1,-1,-1,-1,0.0,0.0
2026-05-29T05:00,0.2,0.5,0.0,0.0,28.9,2.12,5.8,15,98,4580.0,1,0.405,1240.0,700.0,0,0.0,51,0,0.1,-1,-1,-1,-1,0.0,0.0
2026-05-29T06:00,0.3,0.667,0.0,0.0,28.5,2.9,7.1,358,100,5100.0,1,0.423,1580.0,450.0,0,0.0,51,1,0.1,114,0,6,7,0.699,0.587
2026-05-29T07:00,1.5,0.4,0.0,0.0,25.8,2.95,6.8,2,100,2440.0,1,0.434,1090.0,485.0,0,0.0681,80,1,0.9,114,1,5,7,0.699,0.427
2026-05-29T08:00,2.1,0.429,0.0,0.0,25.4,2.96,6.1,356,100,2420.0,1,0.459,890.0,535.0,0,0.1224,80,1,1.2,114,2,4,7,0.699,0.444
2026-05-29T09:00,1.7,0.471,0.0,0.0,25.2,2.52,6.2,14,100,2700.0,1,0.478,840.0,560.0,0,0.0735,80,1,0.9,114,3,3,7,0.699,0.469
2026-05-29T10:00,0.7,0.286,0.0,0.0,25.1,1.55,5.3,33,100,3360.0,1,0.482,750.0,420.0,0,0.0,53,1,0.5,114,4,2,7,0.699,0.358
2026-05-29T11:00,0.3,0.0,0.0,0.0,24.9,1.68,3.2,17,100,4660.0,1,0.482,1010.0,530.0,0,0.0,51,1,0.3,114,5,1,7,0.699,0.187
2026-05-29T12:00,0.2,0.5,0.0,0.0,24.9,2.2,5.9,17,100,6640.0,0,0.448,380.0,515.0,0,0.0,51,0,0.1,-1,-1,-1,-1,0.0,0.0
2026-05-29T13:00,0.1,0.0,0.0,0.0,24.5,2.41,5.0,6,100,6140.0,0,0.448,230.0,490.0,0,0.0,51,0,0.1,-1,-1,-1,-1,0.0,0.0
2026-05-29T14:00,0.1,0.0,0.0,0.0,23.9,2.85,6.0,360,100,5740.0,0,0.449,150.0,480.0,0,0.0,51,0,0.1,-1,-1,-1,-1,0.0,0.0
2026-05-29T15:00,0.1,0.0,0.0,0.0,23.3,2.5,6.1,2,100,7480.0,0,0.449,130.0,455.0,0,0.0,51,0,0.1,-1,-1,-1,-1,0.0,0.0
2026-05-29T16:00,0.0,0.0,0.0,0.0,22.9,2.21,5.4,354,100,6960.0,0,0.448,130.0,435.0,0,0.0,3,0,0.0,-1,-1,-1,-1,0.0,0.0
2026-05-29T17:00,0.0,0.0,0.0,0.0,22.3,2.03,4.8,344,100,5880.0,0,0.448,80.0,415.0,0,0.0,3,0,0.0,-1,-1,-1,-1,0.0,0.0
2026-05-29T18:00,0.2,0.0,0.0,0.0,22.1,2.21,4.8,354,100,3980.0,0,0.449,250.0,425.0,0,0.0,51,0,0.2,-1,-1,-1,-1,0.0,0.0
2026-05-29T19:00,0.3,0.0,0.0,0.0,21.5,2.05,4.8,1,100,4320.0,0,0.452,240.0,440.0,0,0.0,51,1,0.3,115,0,2,107,0.0,0
2026-05-29T20:00,0.3,0.0,0.0,0.0,21.1,2.2,4.4,12,100,4360.0,0,0.453,200.0,445.0,0,0.0,51,1,0.3,115,1,1,107,0.0,0
2026-05-29T21:00,0.2,0.0,0.0,0.0,20.9,2.14,4.6,16,100,4720.0,0,0.454,210.0,460.0,0,0.0,51,0,0.2,-1,-1,-1,-1,0.0,0.0
2026-05-29T22:00,0.2,0.0,0.0,0.0,20.8,1.97,4.3,7,100,4860.0,1,0.455,10.0,455.0,0,0.0,51,0,0.2,-1,-1,-1,-1,0.0,0.0
2026-05-29T23:00,0.1,0.0,0.0,0.0,20.8,1.96,4.4,6,100,6140.0,1,0.455,10.0,450.0,0,0.0,51,0,0.1,-1,-1,-1,-1,0.0,0.0
2026-05-30T00:00,0.1,0.0,0.0,0.0,20.9,1.72,4.6,8,100,4520.0,1,0.466,10.0,405.0,0,0.0,51,0,0.1,-1,-1,-1,-1,0.0,0.0
2026-05-30T01:00,0.2,0.5,0.0,0.0,21.0,2.08,5.2,10,100,4700.0,1,0.467,10.0,410.0,0,0.0,51,0,0.1,-1,-1,-1,-1,0.0,0.0
2026-05-30T02:00,0.2,0.0,0.0,0.0,21.6,2.23,5.7,9,100,5260.0,1,0.467,10.0,450.0,0,0.0,51,0,0.2,-1,-1,-1,-1,0.0,0.0
2026-05-30T03:00,0.2,0.0,0.0,0.0,22.6,2.33,6.0,9,100,6520.0,1,0.467,0.0,550.0,0,0.0,51,0,0.2,-1,-1,-1,-1,0.0,0.0
2026-05-30T04:00,0.1,0.0,0.0,0.0,23.2,2.14,6.1,11,100,8880.0,1,0.465,0.0,610.0,0,0.0,51,0,0.1,-1,-1,-1,-1,0.0,0.0
2026-05-30T05:00,0.1,0.0,0.0,0.0,24.0,2.12,5.9,8,100,9740.0,1,0.464,0.0,690.0,0,0.0,51,0,0.1,-1,-1,-1,-1,0.0,0.0
2026-05-30T06:00,0.0,0.0,0.0,0.0,23.9,2.4,6.1,17,100,9140.0,1,0.464,0.0,675.0,0,0.0,3,0,0.0,-1,-1,-1,-1,0.0,0.0
2026-05-30T07:00,0.0,0.0,0.0,0.0,23.4,2.8,6.9,16,100,9500.0,1,0.462,0.0,660.0,0,0.0,3,0,0.0,-1,-1,-1,-1,0.0,0.0
2026-05-30T08:00,0.0,0.0,0.0,0.0,23.8,2.66,6.9,20,100,9900.0,1,0.461,0.0,680.0,0,0.0,3,0,0.0,-1,-1,-1,-1,0.0,0.0
2026-05-30T09:00,0.0,0.0,0.0,0.0,23.5,2.57,6.5,24,100,12740.0,1,0.459,0.0,615.0,0,0.0,3,0,0.0,-1,-1,-1,-1,0.0,0.0
2026-05-30T10:00,0.0,0.0,0.0,0.0,23.2,1.92,6.0,28,97,12740.0,1,0.458,0.0,530.0,0,0.0,3,0,0.0,-1,-1,-1,-1,0.0,0.0
2026-05-30T11:00,0.0,0.0,0.0,0.0,23.0,1.74,4.4,39,100,11040.0,1,0.457,0.0,420.0,0,0.0,3,0,0.0,-1,-1,-1,-1,0.0,0.0
2026-05-30T12:00,0.0,0.0,0.0,0.0,22.9,1.52,3.5,63,65,11040.0,0,0.449,0.0,220.0,0,0.0,2,0,0.0,-1,-1,-1,-1,0.0,0.0
2026-05-30T13:00,0.0,0.0,0.0,0.0,22.3,0.76,2.8,79,43,10960.0,0,0.449,0.0,90.0,0,0.0,1,0,0.0,-1,-1,-1,-1,0.0,0.0
2026-05-30T14:00,0.0,0.0,0.0,0.0,22.5,0.57,1.3,75,100,11060.0,0,0.448,0.0,110.0,0,0.0,3,0,0.0,-1,-1,-1,-1,0.0,0.0
2026-05-30T15:00,0.0,0.0,0.0,0.0,22.3,0.67,1.2,48,100,9440.0,0,0.448,0.0,110.0,0,0.0,3,0,0.0,-1,-1,-1,-1,0.0,0.0
2026-05-30T16:00,0.0,0.0,0.0,0.0,22.2,0.56,1.2,63,98,9460.0,0,0.448,0.0,105.0,0,0.0,3,0,0.0,-1,-1,-1,-1,0.0,0.0
2026-05-30T17:00,0.0,0.0,0.0,0.0,22.1,0.45,1.1,96,98,9460.0,0,0.448,0.0,125.0,0,0.0,3,0,0.0,-1,-1,-1,-1,0.0,0.0
2026-05-30T18:00,0.0,0.0,0.0,0.0,22.5,0.97,0.7,55,100,9460.0,0,0.435,0.0,155.0,0,0.0,3,0,0.0,-1,-1,-1,-1,0.0,0.0
2026-05-30T19:00,0.0,0.0,0.0,0.0,22.1,0.47,1.9,18,100,9460.0,0,0.435,0.0,80.0,0,0.0,3,0,0.0,-1,-1,-1,-1,0.0,0.0
2026-05-30T20:00,0.0,0.0,0.0,0.0,21.8,0.42,0.9,315,100,9460.0,0,0.435,0.0,65.0,0,0.0,3,0,0.0,-1,-1,-1,-1,0.0,0.0
2026-05-30T21:00,0.0,0.0,0.0,0.0,21.9,0.21,0.9,315,95,9460.0,0,0.435,0.0,65.0,0,0.0,3,0,0.0,-1,-1,-1,-1,0.0,0.0
2026-05-30T22:00,0.0,0.0,0.0,0.0,21.9,0.16,0.6,72,66,9140.0,1,0.435,0.0,25.0,0,0.0,2,0,0.0,-1,-1,-1,-1,0.0,0.0
2026-05-30T23:00,0.0,0.0,0.0,0.0,22.4,0.4,1.7,7,61,10700.0,1,0.435,0.0,295.0,0,0.0,2,0,0.0,-1,-1,-1,-1,0.0,0.0
2026-05-31T00:00,0.0,0.0,0.0,0.0,23.6,0.75,3.3,360,94,12800.0,1,0.441,0.0,485.0,0,0.0,3,0,0.0,-1,-1,-1,-1,0.0,0.0
2026-05-31T01:00,0.0,0.0,0.0,0.0,24.2,0.65,3.1,356,90,12800.0,1,0.44,0.0,580.0,0,0.0,3,0,0.0,-1,-1,-1,-1,0.0,0.0
2026-05-31T02:00,0.0,0.0,0.0,0.0,25.3,0.25,3.2,349,99,12800.0,1,0.439,0.0,685.0,0,0.0,3,0,0.0,-1,-1,-1,-1,0.0,0.0
2026-05-31T03:00,0.0,0.0,0.0,0.0,26.4,0.46,2.9,311,98,12820.0,1,0.438,0.0,800.0,0,0.0,3,0,0.0,-1,-1,-1,-1,0.0,0.0
2026-05-31T04:00,0.0,0.0,0.0,0.0,28.4,0.85,4.0,310,55,14400.0,1,0.436,0.0,995.0,0,0.0,2,0,0.0,-1,-1,-1,-1,0.0,0.0
2026-05-31T05:00,0.0,0.0,0.0,0.0,29.8,1.43,5.0,299,55,14420.0,1,0.433,40.0,1210.0,0,0.0,2,0,0.0,-1,-1,-1,-1,0.0,0.0
2026-05-31T06:00,0.0,0.0,0.0,0.0,30.3,2.26,5.5,301,99,15980.0,1,0.431,20.0,1410.0,0,0.0,3,0,0.0,-1,-1,-1,-1,0.0,0.0
2026-05-31T07:00,0.0,0.0,0.0,0.0,30.2,2.41,6.7,320,99,15980.0,1,0.428,50.0,1390.0,0,0.0,3,0,0.0,-1,-1,-1,-1,0.0,0.0
2026-05-31T08:00,0.0,0.0,0.0,0.0,30.2,2.14,6.6,344,48,15980.0,1,0.426,60.0,1305.0,0,0.0,1,0,0.0,-1,-1,-1,-1,0.0,0.0
2026-05-31T09:00,0.0,0.0,0.0,0.0,29.4,1.78,5.7,11,42,14440.0,1,0.424,50.0,1070.0,0,0.0,1,0,0.0,-1,-1,-1,-1,0.0,0.0
2026-05-31T10:00,0.0,0.0,0.0,0.0,28.4,2.32,5.0,37,10,14440.0,1,0.423,60.0,565.0,0,0.0,0,0,0.0,-1,-1,-1,-1,0.0,0.0
2026-05-31T11:00,0.0,0.0,0.0,0.0,26.3,2.27,5.3,49,1,12860.0,1,0.422,20.0,215.0,0,0.0,0,0,0.0,-1,-1,-1,-1,0.0,0.0
2026-05-31T12:00,0.0,0.0,0.0,0.0,25.6,1.98,4.2,80,2,12860.0,0,0.433,0.0,105.0,0,0.0,0,0,0.0,-1,-1,-1,-1,0.0,0.0
2026-05-31T13:00,0.0,0.0,0.0,0.0,24.6,1.25,3.6,74,1,12860.0,0,0.433,0.0,60.0,0,0.0,0,0,0.0,-1,-1,-1,-1,0.0,0.0
2026-05-31T14:00,0.0,0.0,0.0,0.0,24.2,0.4,2.0,90,0,12860.0,0,0.433,0.0,20.0,0,0.0,0,0,0.0,-1,-1,-1,-1,0.0,0.0
2026-05-31T15:00,0.0,0.0,0.0,0.0,23.8,0.15,0.8,180,1,11160.0,0,0.433,0.0,15.0,0,0.0,0,0,0.0,-1,-1,-1,-1,0.0,0.0
2026-05-31T16:00,0.0,0.0,0.0,0.0,23.2,0.35,0.7,188,0,11160.0,0,0.433,0.0,25.0,0,0.0,0,0,0.0,-1,-1,-1,-1,0.0,0.0
2026-05-31T17:00,0.0,0.0,0.0,0.0,22.6,0.75,1.4,184,0,9540.0,0,0.433,0.0,25.0,0,0.0,0,0,0.0,-1,-1,-1,-1,0.0,0.0
2026-05-31T18:00,0.0,0.0,0.0,0.0,23.2,0.2,1.5,180,2,9540.0,0,0.432,0.0,15.0,0,0.0,0,0,0.0,-1,-1,-1,-1,0.0,0.0
2026-05-31T19:00,0.0,0.0,0.0,0.0,22.8,0.15,0.5,180,3,9540.0,0,0.432,0.0,15.0,0,0.0,0,0,0.0,-1,-1,-1,-1,0.0,0.0
2026-05-31T20:00,0.0,0.0,0.0,0.0,22.6,0.35,0.6,172,0,9560.0,0,0.432,0.0,25.0,0,0.0,0,0,0.0,-1,-1,-1,-1,0.0,0.0
2026-05-31T21:00,0.0,0.0,0.0,0.0,22.3,0.4,0.8,187,0,9560.0,0,0.432,0.0,20.0,0,0.0,0,0,0.0,-1,-1,-1,-1,0.0,0.0
2026-05-31T22:00,0.0,0.0,0.0,0.0,22.4,0.15,0.8,180,2,9560.0,1,0.432,0.0,15.0,0,0.0,0,0,0.0,-1,-1,-1,-1,0.0,0.0
2026-05-31T23:00,0.0,0.0,0.0,0.0,24.2,0.32,1.7,18,2,9560.0,1,0.432,0.0,100.0,0,0.0,0,0,0.0,-1,-1,-1,-1,0.0,0.0
2026-06-01T00:00,0.0,0.0,0.0,0.0,26.3,1.05,3.2,360,2,11180.0,1,0.432,150.0,250.0,0,0.0,0,0,0.0,-1,-1,-1,-1,0.0,0.0
2026-06-01T01:00,0.0,0.0,0.0,0.0,27.9,0.85,3.9,357,3,12920.0,1,0.43,260.0,485.0,0,0.0,0,0,0.0,-1,-1,-1,-1,0.0,0.0
2026-06-01T02:00,0.0,0.0,0.0,0.0,29.7,0.76,3.9,349,2,14520.0,1,0.428,240.0,890.0,0,0.0,0,0,0.0,-1,-1,-1,-1,0.0,0.0
2026-06-01T03:00,0.0,0.0,0.0,0.0,31.1,0.58,3.9,329,9,16100.0,1,0.425,380.0,1240.0,0,0.0,0,0,0.0,-1,-1,-1,-1,0.0,0.0
2026-06-01T04:00,0.1,0.0,0.0,0.0,32.2,1.14,4.8,299,90,16100.0,1,0.423,370.0,1580.0,0,0.0,51,0,0.1,-1,-1,-1,-1,0.0,0.0
2026-06-01T05:00,0.0,0.0,0.0,0.0,33.0,1.45,4.9,333,38,18760.0,1,0.419,400.0,1615.0,0,0.0,1,0,0.0,-1,-1,-1,-1,0.0,0.0
2026-06-01T06:00,0.0,0.0,0.0,0.0,32.8,2.34,6.3,16,16,8620.0,1,0.415,450.0,1390.0,0,0.0,0,0,0.0,-1,-1,-1,-1,0.0,0.0
2026-06-01T07:00,0.1,0.0,0.0,0.0,32.3,2.5,6.7,33,35,12380.0,1,0.413,480.0,1360.0,0,0.0,51,0,0.1,-1,-1,-1,-1,0.0,0.0
2026-06-01T08:00,0.0,0.0,0.0,0.0,32.5,2.51,6.6,46,40,16120.0,1,0.41,360.0,1435.0,0,0.0,1,0,0.0,-1,-1,-1,-1,0.0,0.0
2026-06-01T09:00,0.0,0.0,0.0,0.0,31.8,2.82,6.3,33,29,16140.0,1,0.408,290.0,1320.0,0,0.0,1,0,0.0,-1,-1,-1,-1,0.0,0.0
2026-06-01T10:00,0.0,0.0,0.0,0.0,30.1,2.98,7.0,23,7,14560.0,1,0.407,330.0,500.0,0,0.0,0,0,0.0,-1,-1,-1,-1,0.0,0.0
2026-06-01T11:00,0.0,0.0,0.0,0.0,28.0,1.14,6.1,67,5,14580.0,1,0.407,200.0,105.0,0,0.0,0,0,0.0,-1,-1,-1,-1,0.0,0.0
2026-06-01T12:00,0.0,0.0,0.0,0.0,27.3,1.31,1.9,83,3,14580.0,0,0.41,80.0,70.0,0,0.0,0,0,0.0,-1,-1,-1,-1,0.0,0.0
2026-06-01T13:00,0.0,0.0,0.0,0.0,26.9,0.76,2.3,113,2,14580.0,0,0.41,30.0,45.0,0,0.0,0,0,0.0,-1,-1,-1,-1,0.0,0.0
2026-06-01T14:00,0.0,0.0,0.0,0.0,26.5,0.65,1.2,157,2,14580.0,0,0.411,0.0,30.0,0,0.0,0,0,0.0,-1,-1,-1,-1,0.0,0.0
2026-06-01T15:00,0.0,0.0,0.0,0.0,25.8,0.5,1.0,180,2,12980.0,0,0.411,0.0,20.0,0,0.0,0,0,0.0,-1,-1,-1,-1,0.0,0.0
2026-06-01T16:00,0.0,0.0,0.0,0.0,25.3,0.35,0.9,180,2,12980.0,0,0.411,0.0,15.0,0,0.0,0,0,0.0,-1,-1,-1,-1,0.0,0.0
2026-06-01T17:00,0.0,0.0,0.0,0.0,24.4,0.91,1.7,171,6,13000.0,0,0.411,0.0,25.0,0,0.0,0,0,0.0,-1,-1,-1,-1,0.0,0.0
2026-06-01T18:00,0.0,0.0,0.0,0.0,24.5,0.74,1.9,200,2,13000.0,0,0.411,0.0,25.0,0,0.0,0,0,0.0,-1,-1,-1,-1,0.0,0.0
2026-06-01T19:00,0.0,0.0,0.0,0.0,24.2,0.36,1.2,164,2,13000.0,0,0.411,0.0,20.0,0,0.0,0,0,0.0,-1,-1,-1,-1,0.0,0.0
2026-06-01T20:00,0.0,0.0,0.0,0.0,24.0,0.68,1.2,144,1,13000.0,0,0.411,0.0,20.0,0,0.0,0,0,0.0,-1,-1,-1,-1,0.0,0.0
2026-06-01T21:00,0.0,0.0,0.0,0.0,24.0,0.3,1.2,171,0,13000.0,0,0.411,0.0,15.0,0,0.0,0,0,0.0,-1,-1,-1,-1,0.0,0.0
2026-06-01T22:00,0.0,0.0,0.0,0.0,24.0,0.35,0.7,172,0,13020.0,1,0.412,0.0,15.0,0,0.0,0,0,0.0,-1,-1,-1,-1,0.0,0.0
2026-06-01T23:00,0.0,0.0,0.0,0.0,26.0,0.38,1.6,157,0,13020.0,1,0.412,0.0,40.0,0,0.0,0,0,0.0,-1,-1,-1,-1,0.0,0.0
2026-06-02T00:00,0.0,0.0,0.0,0.0,28.4,0.6,2.3,312,0,14640.0,1,0.412,50.0,210.0,0,0.0,0,0,0.0,-1,-1,-1,-1,0.0,0.0
2026-06-02T01:00,0.0,0.0,0.0,0.0,30.0,0.99,3.9,315,2,14640.0,1,0.41,270.0,500.0,0,0.0,0,0,0.0,-1,-1,-1,-1,0.0,0.0
2026-06-02T02:00,0.0,0.0,0.0,0.0,31.4,1.0,4.2,307,1,16240.0,1,0.408,580.0,880.0,0,0.0,0,0,0.0,-1,-1,-1,-1,0.0,0.0
2026-06-02T03:00,0.0,0.0,0.0,0.0,32.6,1.22,4.7,279,2,16240.0,1,0.405,930.0,1145.0,0,0.0,0,0,0.0,-1,-1,-1,-1,0.0,0.0
2026-06-02T04:00,0.0,0.0,0.0,0.0,33.6,1.51,6.0,264,4,11720.0,1,0.402,1210.0,1340.0,0,0.0,0,0,0.0,-1,-1,-1,-1,0.0,0.0
2026-06-02T05:00,0.0,0.0,0.0,0.0,34.4,1.29,6.1,257,6,16300.0,1,0.399,1360.0,1495.0,0,0.0,0,0,0.0,-1,-1,-1,-1,0.0,0.0
2026-06-02T06:00,0.0,0.0,0.0,0.0,34.6,1.4,5.3,270,22,15240.0,1,0.394,1140.0,1515.0,0,0.0,1,0,0.0,-1,-1,-1,-1,0.0,0.0
2026-06-02T07:00,0.0,0.0,0.0,0.0,34.7,1.25,5.2,275,32,12320.0,1,0.391,1090.0,1555.0,0,0.0,1,0,0.0,-1,-1,-1,-1,0.0,0.0
2026-06-02T08:00,0.0,0.0,0.0,0.0,34.4,1.08,4.6,283,46,13920.0,1,0.389,1210.0,1510.0,0,0.0,1,0,0.0,-1,-1,-1,-1,0.0,0.0
2026-06-02T09:00,0.0,0.0,0.0,0.0,33.8,1.25,3.8,299,40,18940.0,1,0.388,960.0,1370.0,0,0.0,1,0,0.0,-1,-1,-1,-1,0.0,0.0
2026-06-02T10:00,0.0,0.0,0.0,0.0,32.7,1.08,3.5,304,42,16280.0,1,0.387,1950.0,105.0,0,0.0,1,0,0.0,-1,-1,-1,-1,0.0,0.0
2026-06-02T11:00,0.0,0.0,0.0,0.0,30.8,0.43,2.5,159,52,14700.0,1,0.387,2340.0,20.0,0,0.0,2,0,0.0,-1,-1,-1,-1,0.0,0.0
2026-06-02T12:00,0.0,0.0,0.0,0.0,29.5,1.06,3.3,172,84,7540.0,0,0.386,3060.0,35.0,0,0.0,3,0,0.0,-1,-1,-1,-1,0.0,0.0
2026-06-02T13:00,0.0,0.0,0.0,0.0,28.6,1.1,2.6,175,92,4380.0,0,0.386,3330.0,25.0,0,0.0,3,0,0.0,-1,-1,-1,-1,0.0,0.0
2026-06-02T14:00,0.0,0.0,0.0,0.0,28.0,0.51,2.1,151,97,4440.0,0,0.386,3220.0,15.0,0,0.0,3,0,0.0,-1,-1,-1,-1,0.0,0.0
2026-06-02T15:00,0.0,0.0,0.0,0.0,27.4,0.75,1.8,143,84,4820.0,0,0.386,2490.0,20.0,0,0.0,3,0,0.0,-1,-1,-1,-1,0.0,0.0
2026-06-02T16:00,0.0,0.0,0.0,0.0,26.9,1.17,2.4,160,84,5980.0,0,0.386,1640.0,25.0,0,0.0,3,0,0.0,-1,-1,-1,-1,0.0,0.0
2026-06-02T17:00,0.0,0.0,0.0,0.0,26.5,1.53,2.9,169,92,7320.0,0,0.387,1470.0,40.0,0,0.0,3,0,0.0,-1,-1,-1,-1,0.0,0.0
2026-06-02T18:00,0.0,0.0,0.0,0.0,27.4,1.1,3.1,180,53,13100.0,0,0.386,1680.0,45.0,0,0.0,2,0,0.0,-1,-1,-1,-1,0.0,0.0
2026-06-02T19:00,0.0,0.0,0.0,0.0,26.8,0.95,1.9,180,37,13120.0,0,0.386,1350.0,40.0,0,0.0,1,0,0.0,-1,-1,-1,-1,0.0,0.0
2026-06-02T20:00,0.0,0.0,0.0,0.0,26.2,1.45,2.6,176,38,11360.0,0,0.386,1030.0,45.0,0,0.0,1,0,0.0,-1,-1,-1,-1,0.0,0.0
2026-06-02T21:00,0.0,0.0,0.0,0.0,26.3,1.96,3.5,174,65,13120.0,0,0.386,1000.0,80.0,0,0.0,2,0,0.0,-1,-1,-1,-1,0.0,0.0
2026-06-02T22:00,0.0,0.0,0.0,0.0,26.5,2.0,3.8,177,88,13120.0,1,0.386,1250.0,120.0,0,0.0,3,0,0.0,-1,-1,-1,-1,0.0,0.0
2026-06-02T23:00,0.0,0.0,0.0,0.0,28.3,1.81,3.7,185,89,13140.0,1,0.386,1490.0,170.0,0,0.0,3,0,0.0,-1,-1,-1,-1,0.0,0.0
2026-06-03T00:00,0.0,0.0,0.0,0.0,30.4,1.87,4.1,188,72,14780.0,1,0.384,2340.0,465.0,0,0.0,2,0,0.0,-1,-1,-1,-1,0.0,0.0
2026-06-03T01:00,0.0,0.0,0.0,0.0,32.0,2.39,5.9,196,78,16380.0,1,0.382,1690.0,1070.0,0,0.0,2,0,0.0,-1,-1,-1,-1,0.0,0.0
2026-06-03T02:00,0.0,0.0,0.0,0.0,33.0,2.62,7.2,209,88,10980.0,1,0.38,1860.0,1235.0,0,0.0,3,0,0.0,-1,-1,-1,-1,0.0,0.0
2026-06-03T03:00,0.0,0.0,0.0,0.0,34.0,2.65,7.5,212,91,9720.0,1,0.378,2190.0,1370.0,0,0.0,3,0,0.0,-1,-1,-1,-1,0.0,0.0
2026-06-03T04:00,0.1,0.0,0.0,0.0,34.9,2.66,7.5,220,72,7260.0,1,0.375,2150.0,1535.0,0,0.0,51,0,0.1,-1,-1,-1,-1,0.0,0.0
2026-06-03T05:00,0.1,0.0,0.0,0.0,35.6,2.97,8.0,243,76,10140.0,1,0.373,2340.0,1790.0,0,0.0,51,0,0.1,-1,-1,-1,-1,0.0,0.0
2026-06-03T06:00,0.0,0.0,0.0,0.0,33.6,3.92,8.3,253,99,5040.0,1,0.361,1450.0,845.0,0,0.0,3,0,0.0,-1,-1,-1,-1,0.0,0.0
2026-06-03T07:00,0.1,0.0,0.0,0.0,33.7,2.48,9.2,223,96,8980.0,1,0.36,2060.0,1110.0,0,0.0,51,0,0.1,-1,-1,-1,-1,0.0,0.0
2026-06-03T08:00,0.9,0.778,0.0,0.0,32.2,2.41,7.1,214,97,4460.0,1,0.366,2180.0,1010.0,0,0.0,95,1,0.2,116,0,1,12,0.0,0.467
2026-06-03T09:00,0.1,0.0,0.0,0.0,32.5,1.4,5.1,182,93,6940.0,1,0.366,2640.0,670.0,0,0.0,51,0,0.1,-1,-1,-1,-1,0.0,0.0
2026-06-03T10:00,0.2,0.0,0.0,0.0,31.3,1.23,4.1,192,89,10120.0,1,0.368,3160.0,135.0,0,0.0,51,0,0.2,-1,-1,-1,-1,0.0,0.0
2026-06-03T11:00,0.0,0.0,0.0,0.0,29.7,0.6,2.4,138,91,11420.0,1,0.368,3670.0,20.0,0,0.0,3,0,0.0,-1,-1,-1,-1,0.0,0.0
2026-06-03T12:00,0.0,0.0,0.0,0.0,29.4,2.3,1.8,153,100,14840.0,0,0.316,1620.0,125.0,0,0.0,3,0,0.0,-1,-1,-1,-1,0.0,0.0
2026-06-03T13:00,0.0,0.0,0.0,0.0,28.5,2.52,4.3,159,99,13200.0,0,0.317,1600.0,70.0,0,0.0,3,0,0.0,-1,-1,-1,-1,0.0,0.0
2026-06-03T14:00,0.0,0.0,0.0,0.0,29.0,3.35,6.1,166,97,14840.0,0,0.317,1370.0,230.0,0,0.0,3,0,0.0,-1,-1,-1,-1,0.0,0.0
2026-06-03T15:00,0.0,0.0,0.0,0.0,28.9,2.65,6.1,181,95,14860.0,0,0.318,1140.0,230.0,0,0.0,3,0,0.0,-1,-1,-1,-1,0.0,0.0
2026-06-03T16:00,0.0,0.0,0.0,0.0,28.4,2.35,4.9,182,96,13220.0,0,0.318,1700.0,215.0,0,0.0,3,0,0.0,-1,-1,-1,-1,0.0,0.0
2026-06-03T17:00,0.0,0.0,0.0,0.0,28.0,1.95,4.3,180,93,13220.0,0,0.318,1610.0,185.0,0,0.0,3,0,0.0,-1,-1,-1,-1,0.0,0.0
2026-06-03T18:00,0.0,0.0,0.0,0.0,28.1,0.07,3.7,45,85,13220.0,0,0.301,1660.0,10.0,0,0.0,3,0,0.0,-1,-1,-1,-1,0.0,0.0
2026-06-03T19:00,0.0,0.0,0.0,0.0,26.9,0.72,0.9,295,100,7600.0,0,0.301,1660.0,40.0,0,0.0,3,0,0.0,-1,-1,-1,-1,0.0,0.0
2026-06-03T20:00,0.0,0.0,0.0,0.0,25.9,0.61,2.2,81,99,4180.0,0,0.302,2090.0,45.0,0,0.0,3,0,0.0,-1,-1,-1,-1,0.0,0.0
2026-06-03T21:00,0.9,0.444,0.0,0.0,25.0,2.11,4.5,306,100,1500.0,0,0.311,1670.0,115.0,0,0.0,53,1,0.5,117,0,3,5,0.741,0.464
2026-06-03T22:00,2.2,0.136,0.0,0.0,24.4,2.89,5.9,194,95,2540.0,1,0.341,770.0,250.0,0,0.1155,80,1,1.9,117,1,2,5,0.741,0.279
2026-06-03T23:00,0.5,0.0,0.0,0.0,24.5,1.99,6.5,208,99,3820.0,1,0.346,510.0,140.0,0,0.0,53,1,0.5,117,2,1,5,0.741,0.198
2026-06-04T00:00,0.0,0.0,0.0,0.0,27.2,1.0,4.4,342,100,6280.0,1,0.305,1790.0,180.0,0,0.0,3,0,0.0,-1,-1,-1,-1,0.0,0.0
2026-06-04T01:00,0.2,1.0,0.0,0.0,29.3,0.75,5.7,53,98,10960.0,1,0.307,2030.0,610.0,0,0.0,95,0,0.0,-1,-1,-1,-1,0.0,0.0
2026-06-04T02:00,0.0,0.0,0.0,0.0,30.9,0.7,6.7,356,95,13180.0,1,0.307,2290.0,1025.0,0,0.0,3,0,0.0,-1,-1,-1,-1,0.0,0.0
2026-06-04T03:00,0.0,0.0,0.0,0.0,32.7,1.06,6.9,289,97,14920.0,1,0.305,2340.0,1560.0,0,0.0,3,0,0.0,-1,-1,-1,-1,0.0,0.0
2026-06-04T04:00,0.2,0.5,0.0,0.0,30.9,2.76,7.3,328,100,4060.0,1,0.306,1550.0,610.0,0,0.0,51,0,0.1,-1,-1,-1,-1,0.0,0.0
2026-06-04T05:00,1.0,0.3,0.0,0.0,27.5,1.74,8.2,49,97,3980.0,1,0.313,2040.0,295.0,0,0.0,95,1,0.7,118,0,6,16,1.063,0.464
2026-06-04T06:00,0.3,0.333,0.0,0.0,29.8,1.46,6.0,352,100,3120.0,1,0.346,2020.0,450.0,0,0.0,51,1,0.2,118,1,5,16,1.063,0.483
2026-06-04T07:00,1.4,0.714,0.0,0.0,28.1,1.35,6.0,2,95,2720.0,1,0.357,1740.0,545.0,0,0.087,95,1,0.4,118,2,4,16,1.063,0.712
2026-06-04T08:00,4.3,0.953,0.0,0.0,26.7,2.55,7.1,1,98,1800.0,1,0.407,1440.0,305.0,0,0.594,96,1,0.2,118,3,3,16,1.063,0.855
2026-06-04T09:00,1.1,0.0,0.0,0.0,26.7,1.31,6.3,47,88,4700.0,1,0.418,1510.0,320.0,0,0.0189,55,1,1.1,118,4,2,16,1.063,0.284
2026-06-04T10:00,0.3,0.0,0.0,0.0,26.9,0.38,3.9,23,91,4580.0,1,0.42,1810.0,145.0,0,0.0,51,1,0.3,118,5,1,16,1.063,0.284
2026-06-04T11:00,0.2,0.0,0.0,0.0,26.3,0.32,2.1,288,82,3840.0,1,0.422,1920.0,15.0,0,0.0,51,0,0.2,-1,-1,-1,-1,0.0,0.0
2026-06-04T12:00,0.1,0.0,0.0,0.0,25.8,0.93,1.3,344,65,4280.0,0,0.317,1950.0,95.0,0,0.0,51,0,0.1,-1,-1,-1,-1,0.0,0.0
2026-06-04T13:00,0.0,0.0,0.0,0.0,25.3,0.64,1.9,321,88,5000.0,0,0.317,1670.0,70.0,0,0.0,3,0,0.0,-1,-1,-1,-1,0.0,0.0
2026-06-04T14:00,0.0,0.0,0.0,0.0,25.1,0.42,1.1,315,74,5160.0,0,0.318,1380.0,55.0,0,0.0,2,0,0.0,-1,-1,-1,-1,0.0,0.0
2026-06-04T15:00,0.0,0.0,0.0,0.0,24.9,0.65,1.9,4,91,5280.0,0,0.318,1120.0,100.0,0,0.0,3,0,0.0,-1,-1,-1,-1,0.0,0.0
2026-06-04T16:00,0.0,0.0,0.0,0.0,24.7,0.68,1.4,17,88,5320.0,0,0.318,960.0,105.0,0,0.0,3,0,0.0,-1,-1,-1,-1,0.0,0.0
2026-06-04T17:00,0.0,0.0,0.0,0.0,24.4,0.57,1.6,15,99,460.0,0,0.319,800.0,55.0,0,0.0,3,0,0.0,-1,-1,-1,-1,0.0,0.0
2026-06-04T18:00,0.0,0.0,0.0,0.0,24.6,0.05,1.3,270,99,5220.0,0,0.311,910.0,15.0,0,0.0,3,0,0.0,-1,-1,-1,-1,0.0,0.0
2026-06-04T19:00,0.0,0.0,0.0,0.0,24.1,0.59,0.9,340,100,540.0,0,0.311,1020.0,65.0,0,0.0,3,0,0.0,-1,-1,-1,-1,0.0,0.0
2026-06-04T20:00,0.0,0.0,0.0,0.0,24.0,0.15,1.2,270,100,500.0,0,0.312,780.0,35.0,0,0.0,3,0,0.0,-1,-1,-1,-1,0.0,0.0
2026-06-04T21:00,0.0,0.0,0.0,0.0,23.9,0.1,0.4,180,100,520.0,0,0.312,720.0,15.0,0,0.0,3,0,0.0,-1,-1,-1,-1,0.0,0.0
2026-06-04T22:00,0.0,0.0,0.0,0.0,23.9,0.82,1.6,232,95,600.0,1,0.312,690.0,85.0,0,0.0,3,0,0.0,-1,-1,-1,-1,0.0,0.0
2026-06-04T23:00,0.0,0.0,0.0,0.0,24.4,0.94,2.7,245,75,800.0,1,0.313,650.0,105.0,0,0.0,2,0,0.0,-1,-1,-1,-1,0.0,0.0
2026-06-05T00:00,0.1,0.0,0.0,0.0,26.0,1.35,3.2,42,99,8600.0,1,0.327,500.0,400.0,0,0.0,51,0,0.1,-1,-1,-1,-1,0.0,0.0
2026-06-05T01:00,0.0,0.0,0.0,0.0,27.4,1.01,4.1,340,99,10680.0,1,0.327,540.0,550.0,0,0.0,3,0,0.0,-1,-1,-1,-1,0.0,0.0
2026-06-05T02:00,0.0,0.0,0.0,0.0,28.4,0.98,4.1,336,100,10240.0,1,0.326,730.0,745.0,0,0.0,3,0,0.0,-1,-1,-1,-1,0.0,0.0
2026-06-05T03:00,0.3,0.667,0.0,0.0,28.2,1.17,5.4,280,99,3260.0,1,0.328,800.0,600.0,0,0.0,51,1,0.1,119,0,8,9,0.631,0.569
2026-06-05T04:00,0.6,0.333,0.0,0.0,28.7,0.91,5.3,171,99,9600.0,1,0.332,1200.0,525.0,0,0.0,53,1,0.4,119,1,7,9,0.631,0.368
2026-06-05T05:00,0.4,0.75,0.0,0.0,28.5,0.81,5.2,150,100,3080.0,1,0.334,1450.0,425.0,0,0.0,51,1,0.1,119,2,6,9,0.631,0.618
2026-06-05T06:00,1.7,0.059,0.0,0.0,26.1,0.81,4.1,317,99,1920.0,1,0.339,2050.0,115.0,0,0.175,80,1,1.6,119,3,5,9,0.631,0.204
2026-06-05T07:00,1.5,0.533,0.0,0.0,26.2,0.74,4.3,340,100,2340.0,1,0.356,2370.0,165.0,0,0.125,95,1,0.7,119,4,4,9,0.631,0.488
2026-06-05T08:00,1.5,0.4,0.0,0.0,25.4,1.23,4.4,339,100,2660.0,1,0.374,900.0,125.0,0,0.0563,80,1,0.9,119,5,3,9,0.631,0.408
2026-06-05T09:00,0.7,0.0,0.0,0.0,25.1,1.04,3.2,17,100,2920.0,1,0.382,760.0,115.0,0,0.0,53,1,0.7,119,6,2,9,0.631,0.168
2026-06-05T10:00,0.5,0.4,0.0,0.0,25.1,0.84,3.2,17,97,4140.0,1,0.386,510.0,100.0,0,0.0,53,1,0.3,119,7,1,9,0.631,0.408
2026-06-05T11:00,0.2,0.0,0.0,0.0,24.9,0.65,2.2,356,94,4020.0,1,0.388,780.0,60.0,0,0.0,51,0,0.2,-1,-1,-1,-1,0.0,0.0
2026-06-05T12:00,0.1,0.0,0.0,0.0,24.5,0.55,1.6,90,100,4220.0,0,0.381,530.0,30.0,0,0.0,51,0,0.1,-1,-1,-1,-1,0.0,0.0
2026-06-05T13:00,0.1,0.0,0.0,0.0,24.6,0.07,0.9,135,100,1080.0,0,0.381,580.0,15.0,0,0.0,51,0,0.1,-1,-1,-1,-1,0.0,0.0
2026-06-05T14:00,0.0,0.0,0.0,0.0,24.3,0.18,0.7,214,100,540.0,0,0.381,610.0,20.0,0,0.0,3,0,0.0,-1,-1,-1,-1,0.0,0.0
2026-06-05T15:00,0.0,0.0,0.0,0.0,24.4,0.32,0.9,219,100,640.0,0,0.382,630.0,20.0,0,0.0,3,0,0.0,-1,-1,-1,-1,0.0,0.0
2026-06-05T16:00,0.0,0.0,0.0,0.0,24.3,0.47,1.4,198,80,740.0,0,0.382,630.0,25.0,0,0.0,3,0,0.0,-1,-1,-1,-1,0.0,0.0
2026-06-05T17:00,0.0,0.0,0.0,0.0,23.7,0.62,1.3,194,90,1020.0,0,0.382,520.0,25.0,0,0.0,3,0,0.0,-1,-1,-1,-1,0.0,0.0
2026-06-05T18:00,0.0,0.0,0.0,0.0,24.2,0.67,1.7,207,100,340.0,0,0.374,820.0,25.0,0,0.0,3,0,0.0,-1,-1,-1,-1,0.0,0.0
2026-06-05T19:00,0.1,0.0,0.0,0.0,23.8,1.42,2.4,219,99,340.0,0,0.376,590.0,90.0,0,0.0,51,0,0.1,-1,-1,-1,-1,0.0,0.0
2026-06-05T20:00,0.3,0.0,0.0,0.0,23.6,1.79,3.3,216,61,2720.0,0,0.38,380.0,145.0,0,0.0,51,1,0.3,120,0,5,5,0.579,0.154
2026-06-05T21:00,0.8,0.125,0.0,0.0,23.6,1.31,5.9,223,45,2560.0,0,0.391,440.0,105.0,0,0.0,53,1,0.7,120,1,4,5,0.579,0.229
2026-06-05T22:00,1.7,0.353,0.0,0.0,23.4,1.32,4.8,205,64,2160.0,1,0.415,50.0,115.0,0,0.0044,80,1,1.1,120,2,3,5,0.579,0.366
2026-06-05T23:00,0.9,0.667,0.0,0.0,24.0,0.74,4.5,208,95,1640.0,1,0.427,150.0,110.0,0,0.0,53,1,0.3,120,3,2,5,0.579,0.554
2026-06-06T00:00,1.8,0.444,0.0,0.0,25.2,1.3,5.3,196,65,7880.0,1,0.408,470.0,170.0,0,0.047,80,1,1.0,120,4,1,5,0.579,0.421
2026-06-06T01:00,0.0,0.0,0.0,0.0,27.7,1.17,4.3,227,56,7680.0,1,0.408,660.0,440.0,0,0.0,2,0,0.0,-1,-1,-1,-1,0.0,0.0
2026-06-06T02:00,0.0,0.0,0.0,0.0,29.2,1.28,5.7,231,16,9340.0,1,0.406,1040.0,840.0,0,0.0,0,0,0.0,-1,-1,-1,-1,0.0,0.0
2026-06-06T03:00,0.0,0.0,0.0,0.0,31.1,1.65,6.5,268,5,8200.0,1,0.404,1420.0,1150.0,0,0.0,0,0,0.0,-1,-1,-1,-1,0.0,0.0
2026-06-06T04:00,0.1,0.0,0.0,0.0,32.2,2.77,8.1,264,41,7860.0,1,0.402,1870.0,1520.0,0,0.0,51,0,0.1,-1,-1,-1,-1,0.0,0.0
2026-06-06T05:00,0.1,0.0,0.0,0.0,32.8,2.64,8.2,260,23,7400.0,1,0.399,1860.0,1495.0,0,0.0,51,0,0.1,-1,-1,-1,-1,0.0,0.0
2026-06-06T06:00,0.3,0.333,0.0,0.0,32.5,1.9,8.3,272,13,10040.0,1,0.403,1620.0,1190.0,0,0.0,51,1,0.2,121,0,3,20,0.157,0.242
2026-06-06T07:00,0.4,0.75,0.0,0.0,32.4,1.55,6.7,272,44,5720.0,1,0.403,1450.0,1165.0,0,0.0,51,1,0.1,121,1,2,20,0.157,0.492
2026-06-06T08:00,0.4,0.5,0.0,0.0,32.0,0.96,5.5,261,15,7420.0,1,0.404,1260.0,1035.0,0,0.0,51,1,0.2,121,2,1,20,0.157,0.342
2026-06-06T09:00,0.0,0.0,0.0,0.0,31.9,0.89,3.8,207,7,16880.0,1,0.403,1450.0,815.0,0,0.0,0,0,0.0,-1,-1,-1,-1,0.0,0.0
2026-06-06T10:00,0.0,0.0,0.0,0.0,31.4,0.85,3.0,230,21,15240.0,1,0.401,1360.0,460.0,0,0.0,1,0,0.0,-1,-1,-1,-1,0.0,0.0
2026-06-06T11:00,0.0,0.0,0.0,0.0,29.5,1.03,2.0,194,20,15240.0,1,0.401,1630.0,65.0,0,0.0,1,0,0.0,-1,-1,-1,-1,0.0,0.0
2026-06-06T12:00,0.0,0.0,0.0,0.0,27.5,0.82,2.3,166,31,8120.0,0,0.382,2180.0,20.0,0,0.0,1,0,0.0,-1,-1,-1,-1,0.0,0.0
2026-06-06T13:00,0.0,0.0,0.0,0.0,26.7,1.59,2.7,167,36,8180.0,0,0.382,2070.0,30.0,0,0.0,1,0,0.0,-1,-1,-1,-1,0.0,0.0
2026-06-06T14:00,0.0,0.0,0.0,0.0,26.5,2.18,3.9,160,41,10060.0,0,0.382,1420.0,60.0,0,0.0,1,0,0.0,-1,-1,-1,-1,0.0,0.0
2026-06-06T15:00,0.0,0.0,0.0,0.0,26.1,2.01,4.0,166,61,10080.0,0,0.382,970.0,50.0,0,0.0,2,0,0.0,-1,-1,-1,-1,0.0,0.0
2026-06-06T16:00,0.0,0.0,0.0,0.0,25.5,1.81,3.6,174,77,10080.0,0,0.382,860.0,40.0,0,0.0,2,0,0.0,-1,-1,-1,-1,0.0,0.0
2026-06-06T17:00,0.0,0.0,0.0,0.0,25.4,1.77,3.3,172,37,10080.0,0,0.382,990.0,50.0,0,0.0,1,0,0.0,-1,-1,-1,-1,0.0,0.0
2026-06-06T18:00,0.0,0.0,0.0,0.0,25.6,1.01,3.2,171,64,9740.0,0,0.367,1250.0,30.0,0,0.0,2,0,0.0,-1,-1,-1,-1,0.0,0.0
2026-06-06T19:00,0.0,0.0,0.0,0.0,25.3,1.23,2.5,168,66,9760.0,0,0.367,1140.0,35.0,0,0.0,2,0,0.0,-1,-1,-1,-1,0.0,0.0
2026-06-06T20:00,0.0,0.0,0.0,0.0,25.1,0.89,2.3,164,67,10020.0,0,0.367,1060.0,25.0,0,0.0,2,0,0.0,-1,-1,-1,-1,0.0,0.0
2026-06-06T21:00,0.0,0.0,0.0,0.0,25.0,0.49,1.5,156,62,9920.0,0,0.367,920.0,20.0,0,0.0,2,0,0.0,-1,-1,-1,-1,0.0,0.0
2026-06-06T22:00,0.0,0.0,0.0,0.0,24.8,0.6,1.2,175,58,7760.0,1,0.367,790.0,20.0,0,0.0,2,0,0.0,-1,-1,-1,-1,0.0,0.0
2026-06-06T23:00,0.0,0.0,0.0,0.0,26.8,0.76,2.3,169,78,9400.0,1,0.367,1120.0,70.0,0,0.0,2,0,0.0,-1,-1,-1,-1,0.0,0.0
2026-06-07T00:00,0.0,0.0,0.0,0.0,29.0,0.57,2.4,218,95,13360.0,1,0.377,1670.0,355.0,0,0.0,3,0,0.0,-1,-1,-1,-1,0.0,0.0
2026-06-07T01:00,0.0,0.0,0.0,0.0,30.4,0.75,3.7,270,74,15320.0,1,0.375,1480.0,755.0,0,0.0,2,0,0.0,-1,-1,-1,-1,0.0,0.0
2026-06-07T02:00,0.0,0.0,0.0,0.0,31.6,1.23,4.7,297,69,15320.0,1,0.374,1740.0,1060.0,0,0.0,2,0,0.0,-1,-1,-1,-1,0.0,0.0
2026-06-07T03:00,0.0,0.0,0.0,0.0,32.4,1.22,4.9,305,79,15340.0,1,0.371,1990.0,1250.0,0,0.0,2,0,0.0,-1,-1,-1,-1,0.0,0.0
2026-06-07T04:00,0.0,0.0,0.0,0.0,32.3,1.55,4.8,57,94,11280.0,1,0.369,1710.0,1110.0,0,0.0,3,0,0.0,-1,-1,-1,-1,0.0,0.0
2026-06-07T05:00,0.7,0.714,0.0,0.0,32.5,0.92,5.0,135,98,2760.0,1,0.373,1830.0,795.0,0,0.0,95,1,0.2,122,0,4,3,0.963,0.685
2026-06-07T06:00,2.3,0.87,0.0,0.0,32.2,1.61,5.7,16,96,6620.0,1,0.427,1750.0,1100.0,0,0.2844,96,1,0.3,122,1,3,3,0.963,0.779
2026-06-07T07:00,0.3,0.333,0.0,0.0,31.5,2.45,6.4,360,95,4540.0,1,0.426,930.0,950.0,0,0.0,51,1,0.2,122,2,2,3,0.963,0.457
2026-06-07T08:00,0.5,0.4,0.0,0.0,30.8,1.35,6.8,356,98,6640.0,1,0.428,1360.0,725.0,0,0.0,53,1,0.3,122,3,1,3,0.963,0.497
2026-06-07T09:00,0.2,0.5,0.0,0.0,29.1,0.74,4.1,200,97,6380.0,1,0.428,2260.0,220.0,0,0.0,51,0,0.1,-1,-1,-1,-1,0.0,0.0
2026-06-07T10:00,0.1,0.0,0.0,0.0,28.5,0.91,3.4,186,99,7280.0,1,0.428,2130.0,110.0,0,0.0,51,0,0.1,-1,-1,-1,-1,0.0,0.0
2026-06-07T11:00,0.2,0.0,0.0,0.0,27.3,1.2,2.4,360,98,4980.0,1,0.429,2460.0,65.0,0,0.0,51,0,0.2,-1,-1,-1,-1,0.0,0.0
2026-06-07T12:00,4.1,0.927,0.0,0.0,26.4,1.59,4.7,24,96,2340.0,0,0.429,2170.0,90.0,0,0.775,96,1,0.3,123,0,40,43,0.81,0.772
2026-06-07T13:00,3.8,1.0,0.0,0.0,24.5,2.64,6.0,53,100,1320.0,0,0.479,650.0,235.0,0,0.2275,95,1,0.0,123,1,39,43,0.81,0.816
2026-06-07T14:00,2.0,0.6,0.0,0.0,24.4,0.25,5.1,270,100,1300.0,0,0.5,410.0,15.0,0,0.0512,80,1,0.8,123,2,38,43,0.81,0.576
2026-06-07T15:00,2.9,0.379,0.0,0.0,24.4,0.22,2.0,333,100,1980.0,0,0.513,240.0,15.0,0,0.057,81,1,1.8,123,3,37,43,0.81,0.443
2026-06-07T16:00,1.7,0.471,0.0,0.0,24.3,0.74,2.6,228,100,1220.0,0,0.511,350.0,80.0,0,0.0306,80,1,0.9,123,4,36,43,0.81,0.499
2026-06-07T17:00,2.0,0.45,0.0,0.0,24.1,0.7,2.6,274,100,1760.0,0,0.515,270.0,75.0,0,0.0338,80,1,1.1,123,5,35,43,0.81,0.486
2026-06-07T18:00,1.5,0.0,0.0,0.0,24.8,1.62,1.7,9,100,600.0,0,0.501,1000.0,175.0,0,0.0625,80,1,1.5,123,6,34,43,0.81,0.216
2026-06-07T19:00,1.8,0.611,0.0,0.0,24.3,1.5,4.7,30,100,2040.0,0,0.51,750.0,120.0,0,0.075,80,1,0.7,123,7,33,43,0.81,0.583
2026-06-07T20:00,0.3,0.333,0.0,0.0,24.3,1.7,4.8,24,100,2700.0,0,0.501,640.0,170.0,0,0.0,51,1,0.2,123,8,32,43,0.81,0.416
2026-06-07T21:00,0.7,0.143,0.0,0.0,24.1,1.57,3.4,333,100,2100.0,0,0.503,590.0,115.0,0,0.0,53,1,0.6,123,9,31,43,0.81,0.302
2026-06-07T22:00,2.9,0.103,0.0,0.0,23.8,2.46,4.8,299,100,820.0,1,0.518,460.0,305.0,0,0.1092,81,1,2.6,123,10,30,43,0.81,0.278
2026-06-07T23:00,2.9,0.31,0.0,0.0,22.0,2.58,5.9,324,100,2220.0,1,0.515,250.0,345.0,0,0.0594,81,1,2.0,123,11,29,43,0.81,0.402
2026-06-08T00:00,0.8,0.0,0.0,0.0,21.1,1.45,5.1,44,100,2220.0,1,0.489,200.0,400.0,0,0.0,53,1,0.8,123,12,28,43,0.81,0.216
2026-06-08T01:00,0.8,0.0,0.0,0.0,20.9,1.31,3.8,18,100,2420.0,1,0.493,150.0,445.0,0,0.0,53,1,0.8,123,13,27,43,0.81,0.216
2026-06-08T02:00,0.8,0.125,0.0,0.0,20.6,1.58,4.5,11,100,3120.0,1,0.494,100.0,435.0,0,0.0,53,1,0.7,123,14,26,43,0.81,0.291
2026-06-08T03:00,0.7,0.143,0.0,0.0,20.9,2.3,6.3,359,100,3400.0,1,0.494,60.0,405.0,0,0.0,53,1,0.6,123,15,25,43,0.81,0.302
2026-06-08T04:00,0.5,0.2,0.0,0.0,21.0,2.91,7.1,344,100,4300.0,1,0.492,100.0,420.0,0,0.0,53,1,0.4,123,16,24,43,0.81,0.336
2026-06-08T05:00,0.4,0.25,0.0,0.0,20.7,2.63,7.3,346,100,3360.0,1,0.49,10.0,445.0,0,0.0,51,1,0.3,123,17,23,43,0.81,0.366
2026-06-08T06:00,0.6,0.167,0.0,0.0,20.2,2.62,6.9,352,100,3540.0,1,0.49,10.0,440.0,0,0.0,53,1,0.5,123,18,22,43,0.81,0.316
2026-06-08T07:00,0.5,0.2,0.0,0.0,20.2,2.71,6.3,355,100,3560.0,1,0.489,10.0,495.0,0,0.0,53,1,0.4,123,19,21,43,0.81,0.336
2026-06-08T08:00,0.8,0.125,0.0,0.0,20.0,2.89,6.4,351,100,2800.0,1,0.492,20.0,560.0,0,0.0,53,1,0.7,123,20,20,43,0.81,0.291
2026-06-08T09:00,1.0,0.1,0.0,0.0,19.6,2.38,6.1,350,100,2300.0,1,0.497,50.0,545.0,0,0.0,55,1,0.9,123,21,19,43,0.81,0.276
2026-06-08T10:00,1.9,0.053,0.0,0.0,19.2,2.0,5.2,1,100,1480.0,1,0.512,10.0,525.0,0,0.0011,80,1,1.8,123,22,18,43,0.81,0.248
2026-06-08T11:00,4.8,0.021,0.0,0.0,19.5,0.76,3.6,352,100,1460.0,1,0.52,10.0,460.0,0,0.0047,81,1,4.7,123,23,17,43,0.81,0.229
2026-06-08T12:00,3.2,0.0,0.0,0.0,19.1,0.51,2.7,79,100,1540.0,0,0.518,130.0,540.0,0,0.0358,63,1,3.2,123,24,16,43,0.81,0.216
2026-06-08T13:00,5.3,0.547,0.0,0.0,18.7,0.16,1.6,162,100,1600.0,0,0.52,70.0,475.0,0,0.035,81,1,2.4,123,25,15,43,0.81,0.544
2026-06-08T14:00,4.4,0.273,0.0,0.0,18.6,0.45,1.5,186,100,1400.0,0,0.51,100.0,460.0,0,0.0425,81,1,3.2,123,26,14,43,0.81,0.38
2026-06-08T15:00,3.7,0.486,0.0,0.0,18.6,0.76,1.9,191,100,1660.0,0,0.502,50.0,380.0,0,0.0169,81,1,1.9,123,27,13,43,0.81,0.508
2026-06-08T16:00,3.0,0.533,0.0,0.0,18.5,0.82,2.2,232,100,1820.0,0,0.506,30.0,405.0,0,0.0075,81,1,1.4,123,28,12,43,0.81,0.536
2026-06-08T17:00,2.1,0.095,0.0,0.0,18.4,1.24,2.7,313,100,2100.0,0,0.497,40.0,440.0,0,0.0055,80,1,1.9,123,29,11,43,0.81,0.273
2026-06-08T18:00,1.1,0.0,0.0,0.0,18.4,1.38,5.8,316,100,1720.0,0,0.519,30.0,480.0,0,0.0004,55,1,1.1,123,30,10,43,0.81,0.216
2026-06-08T19:00,1.2,0.083,0.0,0.0,18.3,2.64,5.2,333,100,600.0,0,0.52,40.0,475.0,0,0.001,55,1,1.1,123,31,9,43,0.81,0.266
2026-06-08T20:00,1.1,0.0,0.0,0.0,18.3,3.31,6.3,335,100,2560.0,0,0.502,40.0,495.0,0,0.0005,55,1,1.1,123,32,8,43,0.81,0.216
2026-06-08T21:00,0.8,0.125,0.0,0.0,18.0,3.91,8.1,347,100,2560.0,0,0.51,40.0,510.0,0,0.0,53,1,0.7,123,33,7,43,0.81,0.291
2026-06-08T22:00,0.8,0.125,0.0,0.0,18.1,3.74,8.1,352,100,2700.0,1,0.516,30.0,560.0,0,0.0,53,1,0.7,123,34,6,43,0.81,0.291
2026-06-08T23:00,0.7,0.143,0.0,0.0,18.2,3.88,7.9,353,100,2860.0,1,0.517,10.0,585.0,0,0.0,53,1,0.6,123,35,5,43,0.81,0.302
2026-06-09T00:00,0.5,0.2,0.0,0.0,18.6,3.65,7.8,358,100,3180.0,1,0.515,20.0,585.0,0,0.0,53,1,0.4,123,36,4,43,0.81,0.336
2026-06-09T01:00,0.2,0.5,0.0,0.0,18.7,3.51,8.5,355,100,3820.0,1,0.512,20.0,525.0,0,0.0,51,0,0.1,123,37,3,43,0.81,0.516
2026-06-09T02:00,0.4,0.75,0.0,0.0,19.0,3.85,8.2,347,100,3560.0,1,0.511,10.0,425.0,0,0.0,51,1,0.1,123,38,2,43,0.81,0.666
2026-06-09T03:00,0.5,0.6,0.0,0.0,19.7,4.24,9.2,348,100,4840.0,1,0.512,10.0,460.0,0,0.0,53,1,0.2,123,39,1,43,0.81,0.576
2026-06-09T04:00,0.1,1.0,0.0,0.0,20.9,3.78,9.2,352,100,10180.0,1,0.509,10.0,645.0,0,0.0,51,0,0.0,-1,-1,-1,-1,0.0,0.0
2026-06-09T05:00,0.1,1.0,0.0,0.0,22.6,3.2,8.6,357,100,9980.0,1,0.506,10.0,855.0,0,0.0,51,0,0.0,-1,-1,-1,-1,0.0,0.0
2026-06-09T06:00,0.0,0.0,0.0,0.0,22.6,3.18,7.7,8,100,11240.0,1,0.503,10.0,845.0,0,0.0,3,0,0.0,-1,-1,-1,-1,0.0,0.0
2026-06-09T07:00,0.0,0.0,0.0,0.0,23.0,3.41,7.8,11,100,13480.0,1,0.501,10.0,870.0,0,0.0,3,0,0.0,-1,-1,-1,-1,0.0,0.0
2026-06-09T08:00,0.0,0.0,0.0,0.0,22.9,3.68,8.2,7,100,15640.0,1,0.498,10.0,915.0,0,0.0,3,0,0.0,-1,-1,-1,-1,0.0,0.0
2026-06-09T09:00,0.0,0.0,0.0,0.0,22.6,3.18,8.1,7,100,13920.0,1,0.497,10.0,840.0,0,0.0,3,0,0.0,-1,-1,-1,-1,0.0,0.0
2026-06-09T10:00,0.0,0.0,0.0,0.0,22.3,2.1,6.8,12,100,13920.0,1,0.495,10.0,725.0,0,0.0,3,0,0.0,-1,-1,-1,-1,0.0,0.0
2026-06-09T11:00,0.0,0.0,0.0,0.0,21.7,1.22,4.4,19,100,13920.0,1,0.494,0.0,385.0,0,0.0,3,0,0.0,-1,-1,-1,-1,0.0,0.0
2026-06-09T12:00,0.0,0.0,0.0,0.0,21.4,1.13,2.3,49,100,13760.0,0,0.494,0.0,280.0,0,0.0,3,0,0.0,-1,-1,-1,-1,0.0,0.0
2026-06-09T13:00,0.0,0.0,0.0,0.0,21.0,0.63,2.1,72,99,11980.0,0,0.493,0.0,60.0,0,0.0,3,0,0.0,-1,-1,-1,-1,0.0,0.0
2026-06-09T14:00,0.0,0.0,0.0,0.0,21.0,0.45,1.2,90,65,12080.0,0,0.493,0.0,40.0,0,0.0,2,0,0.0,-1,-1,-1,-1,0.0,0.0
2026-06-09T15:00,0.0,0.0,0.0,0.0,20.7,0.36,1.0,106,52,12080.0,0,0.492,0.0,30.0,0,0.0,2,0,0.0,-1,-1,-1,-1,0.0,0.0
2026-06-09T16:00,0.0,0.0,0.0,0.0,20.2,0.1,0.9,180,70,11520.0,0,0.491,0.0,10.0,0,0.0,2,0,0.0,-1,-1,-1,-1,0.0,0.0
2026-06-09T17:00,0.0,0.0,0.0,0.0,19.7,0.15,0.5,180,48,10060.0,0,0.491,0.0,15.0,0,0.0,1,0,0.0,-1,-1,-1,-1,0.0,0.0
2026-06-09T18:00,0.0,0.0,0.0,0.0,19.9,0.05,0.5,180,98,10360.0,0,0.49,0.0,10.0,0,0.0,3,0,0.0,-1,-1,-1,-1,0.0,0.0
2026-06-09T19:00,0.0,0.0,0.0,0.0,19.8,0.21,0.5,166,98,7180.0,0,0.49,0.0,20.0,0,0.0,3,0,0.0,-1,-1,-1,-1,0.0,0.0
2026-06-09T20:00,0.0,0.0,0.0,0.0,19.8,0.27,0.6,158,99,7460.0,0,0.49,0.0,20.0,0,0.0,3,0,0.0,-1,-1,-1,-1,0.0,0.0
2026-06-09T21:00,0.0,0.0,0.0,0.0,19.6,0.16,0.6,162,98,7160.0,0,0.49,0.0,10.0,0,0.0,3,0,0.0,-1,-1,-1,-1,0.0,0.0
2026-06-09T22:00,0.0,0.0,0.0,0.0,19.8,0.27,0.8,158,79,6920.0,1,0.489,0.0,10.0,0,0.0,2,0,0.0,-1,-1,-1,-1,0.0,0.0
2026-06-09T23:00,0.0,0.0,0.0,0.0,20.3,0.55,2.2,360,68,7760.0,1,0.489,10.0,310.0,0,0.0,2,0,0.0,-1,-1,-1,-1,0.0,0.0
2026-06-10T00:00,0.0,0.0,0.0,0.0,21.5,1.05,4.1,357,98,9740.0,1,0.488,10.0,475.0,0,0.0,3,0,0.0,-1,-1,-1,-1,0.0,0.0
2026-06-10T01:00,0.0,0.0,0.0,0.0,22.0,1.6,4.6,358,91,11500.0,1,0.487,10.0,565.0,0,0.0,3,0,0.0,-1,-1,-1,-1,0.0,0.0
2026-06-10T02:00,0.0,0.0,0.0,0.0,23.0,1.97,5.6,9,98,14000.0,1,0.486,10.0,710.0,0,0.0,3,0,0.0,-1,-1,-1,-1,0.0,0.0
2026-06-10T03:00,0.0,0.0,0.0,0.0,23.6,1.88,5.6,17,98,14020.0,1,0.484,0.0,755.0,0,0.0,3,0,0.0,-1,-1,-1,-1,0.0,0.0
2026-06-10T04:00,0.0,0.0,0.0,0.0,24.3,1.11,5.4,36,97,15780.0,1,0.483,0.0,725.0,0,0.0,3,0,0.0,-1,-1,-1,-1,0.0,0.0
2026-06-10T05:00,0.0,0.0,0.0,0.0,25.0,1.08,4.0,34,88,15780.0,1,0.481,0.0,700.0,0,0.0,3,0,0.0,-1,-1,-1,-1,0.0,0.0
2026-06-10T06:00,0.0,0.0,0.0,0.0,25.9,1.56,4.7,45,27,15780.0,1,0.479,0.0,775.0,0,0.0,1,0,0.0,-1,-1,-1,-1,0.0,0.0
2026-06-10T07:00,0.0,0.0,0.0,0.0,26.0,1.68,4.9,53,66,15800.0,1,0.477,0.0,885.0,0,0.0,2,0,0.0,-1,-1,-1,-1,0.0,0.0
2026-06-10T08:00,0.0,0.0,0.0,0.0,26.2,2.01,5.1,35,50,17520.0,1,0.475,0.0,970.0,0,0.0,2,0,0.0,-1,-1,-1,-1,0.0,0.0
2026-06-10T09:00,0.0,0.0,0.0,0.0,26.1,1.84,5.3,41,89,17520.0,1,0.474,0.0,740.0,0,0.0,3,0,0.0,-1,-1,-1,-1,0.0,0.0
2026-06-10T10:00,0.0,0.0,0.0,0.0,25.7,1.15,4.5,72,99,15800.0,1,0.473,0.0,370.0,0,0.0,3,0,0.0,-1,-1,-1,-1,0.0,0.0
2026-06-10T11:00,0.0,0.0,0.0,0.0,24.2,1.35,2.1,149,48,14060.0,1,0.473,0.0,55.0,0,0.0,1,0,0.0,-1,-1,-1,-1,0.0,0.0
2026-06-10T12:00,0.0,0.0,0.0,0.0,25.1,0.28,2.4,135,100,15820.0,0,0.472,10.0,15.0,0,0.0,3,0,0.0,-1,-1,-1,-1,0.0,0.0
2026-06-10T13:00,0.0,0.0,0.0,0.0,24.6,0.15,0.6,180,99,15820.0,0,0.472,0.0,15.0,0,0.0,3,0,0.0,-1,-1,-1,-1,0.0,0.0
2026-06-10T14:00,0.0,0.0,0.0,0.0,23.9,0.25,0.6,233,97,14080.0,0,0.472,0.0,20.0,0,0.0,3,0,0.0,-1,-1,-1,-1,0.0,0.0
2026-06-10T15:00,0.0,0.0,0.0,0.0,23.1,0.21,0.6,166,60,14080.0,0,0.473,0.0,15.0,0,0.0,2,0,0.0,-1,-1,-1,-1,0.0,0.0
2026-06-10T16:00,0.0,0.0,0.0,0.0,22.3,0.55,0.9,175,77,14080.0,0,0.473,0.0,20.0,0,0.0,2,0,0.0,-1,-1,-1,-1,0.0,0.0
2026-06-10T17:00,0.0,0.0,0.0,0.0,21.8,0.45,0.9,186,35,12200.0,0,0.473,0.0,20.0,0,0.0,1,0,0.0,-1,-1,-1,-1,0.0,0.0
2026-06-10T18:00,0.0,0.0,0.0,0.0,21.2,0.4,0.6,173,35,12200.0,0,0.473,0.0,20.0,0,0.0,1,0,0.0,-1,-1,-1,-1,0.0,0.0
2026-06-10T19:00,0.0,0.0,0.0,0.0,21.2,0.63,0.6,162,34,12220.0,0,0.473,0.0,30.0,0,0.0,1,0,0.0,-1,-1,-1,-1,0.0,0.0
2026-06-10T20:00,0.0,0.0,0.0,0.0,20.8,0.25,0.7,191,84,12220.0,0,0.473,0.0,15.0,0,0.0,3,0,0.0,-1,-1,-1,-1,0.0,0.0
2026-06-10T21:00,0.0,0.0,0.0,0.0,20.5,0.16,0.4,198,63,11800.0,0,0.473,0.0,15.0,0,0.0,2,0,0.0,-1,-1,-1,-1,0.0,0.0
2026-06-10T22:00,0.2,0.5,0.0,0.0,20.5,0.35,0.6,188,46,10460.0,1,0.475,0.0,20.0,0,0.0,51,0,0.1,-1,-1,-1,-1,0.0,0.0
2026-06-10T23:00,0.5,0.2,0.0,0.0,21.5,0.89,2.0,164,73,10500.0,1,0.479,0.0,50.0,0,0.0,53,1,0.4,124,0,1,52,0.0,0.12
2026-06-11T00:00,0.0,0.0,0.0,0.0,24.5,0.05,2.6,270,8,14120.0,1,0.472,10.0,495.0,0,0.0,0,0,0.0,-1,-1,-1,-1,0.0,0.0
2026-06-11T01:00,0.0,0.0,0.0,0.0,25.7,0.86,3.7,353,12,15900.0,1,0.471,10.0,840.0,0,0.0,0,0,0.0,-1,-1,-1,-1,0.0,0.0
2026-06-11T02:00,0.0,0.0,0.0,0.0,26.8,1.09,4.5,344,2,15900.0,1,0.469,10.0,1075.0,0,0.0,0,0,0.0,-1,-1,-1,-1,0.0,0.0
2026-06-11T03:00,0.0,0.0,0.0,0.0,28.0,1.21,4.9,336,3,17640.0,1,0.466,0.0,1275.0,0,0.0,0,0,0.0,-1,-1,-1,-1,0.0,0.0
2026-06-11T04:00,0.0,0.0,0.0,0.0,29.1,1.29,5.1,347,9,20540.0,1,0.463,0.0,1475.0,0,0.0,0,0,0.0,-1,-1,-1,-1,0.0,0.0
2026-06-11T05:00,0.0,0.0,0.0,0.0,29.5,1.56,5.4,353,50,20560.0,1,0.459,0.0,1405.0,0,0.0,2,0,0.0,-1,-1,-1,-1,0.0,0.0
2026-06-11T06:00,0.0,0.0,0.0,0.0,29.5,1.76,5.4,15,61,20560.0,1,0.456,0.0,1115.0,0,0.0,2,0,0.0,-1,-1,-1,-1,0.0,0.0
2026-06-11T07:00,0.0,0.0,0.0,0.0,29.7,1.5,5.4,30,77,20580.0,1,0.454,0.0,1220.0,0,0.0,2,0,0.0,-1,-1,-1,-1,0.0,0.0
2026-06-11T08:00,0.0,0.0,0.0,0.0,30.0,1.66,4.7,46,65,20580.0,1,0.451,0.0,1395.0,0,0.0,2,0,0.0,-1,-1,-1,-1,0.0,0.0
2026-06-11T09:00,0.0,0.0,0.0,0.0,29.5,2.45,5.5,73,74,20600.0,1,0.449,0.0,710.0,0,0.0,2,0,0.0,-1,-1,-1,-1,0.0,0.0
2026-06-11T10:00,0.0,0.0,0.0,0.0,28.1,2.16,5.8,86,89,17700.0,1,0.448,10.0,280.0,0,0.0,3,0,0.0,-1,-1,-1,-1,0.0,0.0
2026-06-11T11:00,0.0,0.0,0.0,0.0,26.4,0.81,4.2,68,96,15960.0,1,0.448,10.0,40.0,0,0.0,3,0,0.0,-1,-1,-1,-1,0.0,0.0
2026-06-11T12:00,0.0,0.0,0.0,0.0,26.0,0.3,1.4,360,98,15980.0,0,0.423,0.0,20.0,0,0.0,3,0,0.0,-1,-1,-1,-1,0.0,0.0
2026-06-11T13:00,0.0,0.0,0.0,0.0,24.8,0.46,0.8,257,98,15980.0,0,0.424,0.0,30.0,0,0.0,3,0,0.0,-1,-1,-1,-1,0.0,0.0
2026-06-11T14:00,0.0,0.0,0.0,0.0,24.0,0.42,0.9,225,92,14200.0,0,0.426,0.0,25.0,0,0.0,3,0,0.0,-1,-1,-1,-1,0.0,0.0
2026-06-11T15:00,0.0,0.0,0.0,0.0,23.5,0.7,1.3,180,79,14220.0,0,0.427,0.0,30.0,0,0.0,2,0,0.0,-1,-1,-1,-1,0.0,0.0
2026-06-11T16:00,0.0,0.0,0.0,0.0,22.8,0.9,1.6,180,87,14220.0,0,0.428,0.0,25.0,0,0.0,3,0,0.0,-1,-1,-1,-1,0.0,0.0
2026-06-11T17:00,0.0,0.0,0.0,0.0,22.0,0.91,1.7,174,81,14220.0,0,0.429,0.0,20.0,0,0.0,3,0,0.0,-1,-1,-1,-1,0.0,0.0
2026-06-11T18:00,0.0,0.0,0.0,0.0,22.4,0.66,2.0,171,68,14240.0,0,0.424,0.0,20.0,0,0.0,2,0,0.0,-1,-1,-1,-1,0.0,0.0
2026-06-11T19:00,0.0,0.0,0.0,0.0,21.7,0.71,1.4,172,15,12320.0,0,0.425,0.0,20.0,0,0.0,0,0,0.0,-1,-1,-1,-1,0.0,0.0
2026-06-11T20:00,0.0,0.0,0.0,0.0,21.4,0.54,1.3,158,88,12340.0,0,0.426,0.0,15.0,0,0.0,3,0,0.0,-1,-1,-1,-1,0.0,0.0
2026-06-11T21:00,0.0,0.0,0.0,0.0,21.2,0.65,1.4,157,96,12340.0,0,0.427,0.0,20.0,0,0.0,3,0,0.0,-1,-1,-1,-1,0.0,0.0
2026-06-11T22:00,0.0,0.0,0.0,0.0,21.4,0.35,1.3,172,55,12340.0,1,0.428,0.0,15.0,0,0.0,2,0,0.0,-1,-1,-1,-1,0.0,0.0
2026-06-11T23:00,0.0,0.0,0.0,0.0,23.6,0.32,1.6,162,35,14260.0,1,0.429,0.0,45.0,0,0.0,1,0,0.0,-1,-1,-1,-1,0.0,0.0
2026-06-12T00:00,0.0,0.0,0.0,0.0,26.0,0.81,2.7,300,66,14260.0,1,0.439,0.0,205.0,0,0.0,2,0,0.0,-1,-1,-1,-1,0.0,0.0
2026-06-12T01:00,0.0,0.0,0.0,0.0,27.6,1.0,4.0,288,71,16060.0,1,0.438,30.0,495.0,0,0.0,2,0,0.0,-1,-1,-1,-1,0.0,0.0
2026-06-12T02:00,0.0,0.0,0.0,0.0,29.3,1.05,4.3,265,84,17800.0,1,0.437,40.0,1015.0,0,0.0,3,0,0.0,-1,-1,-1,-1,0.0,0.0
2026-06-12T03:00,0.0,0.0,0.0,0.0,30.5,1.33,4.7,257,95,9680.0,1,0.435,30.0,1285.0,0,0.0,3,0,0.0,-1,-1,-1,-1,0.0,0.0
2026-06-12T04:00,0.0,0.0,0.0,0.0,30.9,1.69,5.3,251,99,11700.0,1,0.433,30.0,1345.0,0,0.0,3,0,0.0,-1,-1,-1,-1,0.0,0.0
2026-06-12T05:00,0.0,0.0,0.0,0.0,31.6,1.72,5.7,240,73,14180.0,1,0.43,20.0,1465.0,0,0.0,2,0,0.0,-1,-1,-1,-1,0.0,0.0
2026-06-12T06:00,0.0,0.0,0.0,0.0,31.6,1.25,5.5,241,77,20760.0,1,0.437,10.0,1695.0,0,0.0,2,0,0.0,-1,-1,-1,-1,0.0,0.0
2026-06-12T07:00,0.0,0.0,0.0,0.0,31.9,1.2,4.7,253,76,20780.0,1,0.434,0.0,1735.0,0,0.0,2,0,0.0,-1,-1,-1,-1,0.0,0.0
2026-06-12T08:00,0.0,0.0,0.0,0.0,31.9,1.2,4.3,265,59,20780.0,1,0.432,0.0,1635.0,0,0.0,2,0,0.0,-1,-1,-1,-1,0.0,0.0
2026-06-12T09:00,0.0,0.0,0.0,0.0,31.3,1.43,4.2,258,59,20800.0,1,0.43,0.0,1305.0,0,0.0,2,0,0.0,-1,-1,-1,-1,0.0,0.0
2026-06-12T10:00,0.0,0.0,0.0,0.0,30.0,1.0,4.0,233,97,17860.0,1,0.429,0.0,180.0,0,0.0,3,0,0.0,-1,-1,-1,-1,0.0,0.0
2026-06-12T11:00,0.0,0.0,0.0,0.0,28.1,0.85,2.3,177,55,16120.0,1,0.43,0.0,45.0,0,0.0,2,0,0.0,-1,-1,-1,-1,0.0,0.0
2026-06-12T12:00,0.0,0.0,0.0,0.0,26.9,0.58,1.5,149,100,4700.0,0,0.424,770.0,20.0,0,0.0,3,0,0.0,-1,-1,-1,-1,0.0,0.0
2026-06-12T13:00,0.1,0.0,0.0,0.0,27.1,0.16,1.2,162,84,13620.0,0,0.426,540.0,10.0,0,0.0,51,0,0.1,-1,-1,-1,-1,0.0,0.0
2026-06-12T14:00,0.0,0.0,0.0,0.0,26.3,0.27,0.7,158,44,14340.0,0,0.427,290.0,15.0,0,0.0,1,0,0.0,-1,-1,-1,-1,0.0,0.0
2026-06-12T15:00,0.0,0.0,0.0,0.0,24.8,0.6,1.4,156,60,10680.0,0,0.427,190.0,15.0,0,0.0,2,0,0.0,-1,-1,-1,-1,0.0,0.0
2026-06-12T16:00,0.0,0.0,0.0,0.0,23.9,1.25,2.6,164,95,5940.0,0,0.428,250.0,20.0,0,0.0,3,0,0.0,-1,-1,-1,-1,0.0,0.0
2026-06-12T17:00,0.0,0.0,0.0,0.0,23.7,1.87,3.4,164,59,5940.0,0,0.428,130.0,35.0,0,0.0,2,0,0.0,-1,-1,-1,-1,0.0,0.0
2026-06-12T18:00,0.0,0.0,0.0,0.0,24.3,1.97,4.5,171,88,8340.0,0,0.429,280.0,45.0,0,0.0,3,0,0.0,-1,-1,-1,-1,0.0,0.0
2026-06-12T19:00,0.0,0.0,0.0,0.0,24.4,2.71,4.8,175,98,9380.0,0,0.429,340.0,155.0,0,0.0,3,0,0.0,-1,-1,-1,-1,0.0,0.0
2026-06-12T20:00,0.0,0.0,0.0,0.0,24.5,2.25,4.7,177,94,11800.0,0,0.43,340.0,170.0,0,0.0,3,0,0.0,-1,-1,-1,-1,0.0,0.0
2026-06-12T21:00,0.0,0.0,0.0,0.0,24.5,1.96,4.1,184,81,8400.0,0,0.43,430.0,260.0,0,0.0,3,0,0.0,-1,-1,-1,-1,0.0,0.0
2026-06-12T22:00,0.0,0.0,0.0,0.0,24.7,2.23,3.9,189,94,8120.0,1,0.431,410.0,325.0,0,0.0,3,0,0.0,-1,-1,-1,-1,0.0,0.0
2026-06-12T23:00,0.0,0.0,0.0,0.0,25.5,2.43,4.5,189,98,11760.0,1,0.432,620.0,380.0,0,0.0,3,0,0.0,-1,-1,-1,-1,0.0,0.0
2026-06-13T00:00,0.0,0.0,0.0,0.0,28.0,2.28,5.4,195,98,14400.0,1,0.421,960.0,745.0,0,0.0,3,0,0.0,-1,-1,-1,-1,0.0,0.0
2026-06-13T01:00,0.0,0.0,0.0,0.0,28.9,3.14,7.1,202,100,16220.0,1,0.42,960.0,870.0,0,0.0,3,0,0.0,-1,-1,-1,-1,0.0,0.0
2026-06-13T02:00,0.0,0.0,0.0,0.0,28.8,2.96,7.3,199,100,9840.0,1,0.42,1080.0,770.0,0,0.0,3,0,0.0,-1,-1,-1,-1,0.0,0.0
2026-06-13T03:00,0.1,0.0,0.0,0.0,29.3,2.58,7.9,202,100,6500.0,1,0.42,1050.0,775.0,0,0.0,51,0,0.1,-1,-1,-1,-1,0.0,0.0
2026-06-13T04:00,0.3,0.667,0.0,0.0,29.4,2.11,7.9,216,100,4820.0,1,0.421,1220.0,815.0,0,0.0,51,1,0.1,125,0,17,78,1.035,0.676
2026-06-13T05:00,0.6,0.333,0.0,0.0,28.8,1.91,7.4,200,100,3880.0,1,0.426,1600.0,675.0,0,0.0,53,1,0.4,125,1,16,78,1.035,0.476
2026-06-13T06:00,0.6,0.0,0.0,0.0,29.3,3.15,5.1,205,100,4640.0,1,0.444,1100.0,825.0,0,0.0,53,1,0.6,125,2,15,78,1.035,0.276
2026-06-13T07:00,0.5,0.0,0.0,0.0,27.8,2.55,6.9,196,100,3960.0,1,0.447,1330.0,610.0,0,0.0,53,1,0.5,125,3,14,78,1.035,0.276
2026-06-13T08:00,1.2,0.25,0.0,0.0,26.7,1.67,5.4,219,100,2020.0,1,0.457,1370.0,360.0,0,0.0342,55,1,0.9,125,4,13,78,1.035,0.426
2026-06-13T09:00,2.6,0.346,0.0,0.0,26.2,1.31,5.5,220,100,2040.0,1,0.489,1790.0,170.0,0,0.358,95,1,1.7,125,5,12,78,1.035,0.484
2026-06-13T10:00,1.7,0.0,0.0,0.0,25.6,1.45,3.5,226,100,2260.0,1,0.507,1680.0,140.0,0,0.147,80,1,1.7,125,6,11,78,1.035,0.276
2026-06-13T11:00,1.8,0.556,0.0,0.0,25.3,1.17,3.1,227,100,2500.0,1,0.515,1330.0,170.0,0,0.133,95,1,0.8,125,7,10,78,1.035,0.61
2026-06-13T12:00,3.0,0.6,0.0,0.0,24.8,1.31,6.1,263,100,1980.0,0,0.512,1280.0,90.0,0,0.32,95,1,1.2,125,8,9,78,1.035,0.636
2026-06-13T13:00,4.3,0.86,0.0,0.0,23.8,2.13,6.1,321,100,2340.0,0,0.51,450.0,250.0,0,0.1856,95,1,0.6,125,9,8,78,1.035,0.792
2026-06-13T14:00,1.5,0.133,0.0,0.0,23.2,2.25,4.8,357,100,2200.0,0,0.519,440.0,325.0,0,0.0275,80,1,1.3,125,10,7,78,1.035,0.356
2026-06-13T15:00,2.3,0.565,0.0,0.0,22.8,2.2,5.7,3,100,1620.0,0,0.52,360.0,410.0,0,0.0585,80,1,1.0,125,11,6,78,1.035,0.615
2026-06-13T16:00,3.6,0.639,0.0,0.0,22.5,2.48,5.1,34,100,1480.0,0,0.514,350.0,375.0,0,0.1137,95,1,1.3,125,12,5,78,1.035,0.659
2026-06-13T17:00,9.9,0.848,0.0,0.0,22.3,1.59,5.0,28,100,1520.0,0,0.52,290.0,345.0,0,0.145,82,1,1.5,125,13,4,78,1.035,0.785
2026-06-13T18:00,2.1,0.524,0.0,0.0,22.6,1.88,3.8,29,100,1980.0,0,0.518,30.0,400.0,0,0.0041,80,1,1.0,125,14,3,78,1.035,0.59
2026-06-13T19:00,1.4,0.357,0.0,0.0,22.3,1.75,3.9,13,100,2960.0,0,0.503,20.0,340.0,0,0.001,80,1,0.9,125,15,2,78,1.035,0.49
2026-06-13T20:00,0.3,0.333,0.0,0.0,22.0,1.1,3.5,39,100,5340.0,0,0.503,20.0,255.0,0,0.0,51,1,0.2,125,16,1,78,1.035,0.476
2026-06-13T21:00,0.0,0.0,0.0,0.0,22.0,0.81,2.4,22,99,5320.0,0,0.502,20.0,200.0,0,0.0,3,0,0.0,-1,-1,-1,-1,0.0,0.0
2026-06-13T22:00,0.1,1.0,0.0,0.0,21.9,1.31,2.8,353,100,4520.0,1,0.501,30.0,235.0,0,0.0,51,0,0.0,-1,-1,-1,-1,0.0,0.0
2026-06-13T23:00,0.1,1.0,0.0,0.0,21.8,1.57,3.6,27,100,4740.0,1,0.5,20.0,285.0,0,0.0,51,0,0.0,-1,-1,-1,-1,0.0,0.0
2026-06-14T00:00,0.1,1.0,0.0,0.0,21.9,0.72,3.7,65,85,5380.0,1,0.502,10.0,155.0,0,0.0,51,0,0.0,-1,-1,-1,-1,0.0,0.0
2026-06-14T01:00,0.0,0.0,0.0,0.0,22.7,0.93,3.5,306,88,6640.0,1,0.501,10.0,155.0,0,0.0,3,0,0.0,-1,-1,-1,-1,0.0,0.0
2026-06-14T02:00,0.1,1.0,0.0,0.0,23.9,1.14,4.0,331,100,7860.0,1,0.5,10.0,475.0,0,0.0,51,0,0.0,-1,-1,-1,-1,0.0,0.0
2026-06-14T03:00,0.1,1.0,0.0,0.0,25.0,1.12,4.2,350,100,9760.0,1,0.499,10.0,665.0,0,0.0,51,0,0.0,-1,-1,-1,-1,0.0,0.0
2026-06-14T04:00,0.1,1.0,0.0,0.0,26.4,1.66,5.2,353,100,9840.0,1,0.496,10.0,850.0,0,0.0,51,0,0.0,-1,-1,-1,-1,0.0,0.0
2026-06-14T05:00,0.1,1.0,0.0,0.0,26.9,1.8,5.6,3,100,8720.0,1,0.494,10.0,940.0,0,0.0,51,0,0.0,-1,-1,-1,-1,0.0,0.0
2026-06-14T06:00,0.0,0.0,0.0,0.0,26.0,2.11,5.5,22,100,14580.0,1,0.503,10.0,835.0,0,0.0,3,0,0.0,-1,-1,-1,-1,0.0,0.0
2026-06-14T07:00,0.0,0.0,0.0,0.0,26.8,1.35,5.4,2,75,16420.0,1,0.5,10.0,1005.0,0,0.0,2,0,0.0,-1,-1,-1,-1,0.0,0.0
2026-06-14T08:00,0.0,0.0,0.0,0.0,27.1,1.8,4.6,3,95,16420.0,1,0.497,10.0,1145.0,0,0.0,3,0,0.0,-1,-1,-1,-1,0.0,0.0
2026-06-14T09:00,0.0,0.0,0.0,0.0,26.9,2.8,7.1,10,70,16420.0,1,0.494,10.0,975.0,0,0.0,2,0,0.0,-1,-1,-1,-1,0.0,0.0
2026-06-14T10:00,0.0,0.0,0.0,0.0,26.1,1.74,6.5,18,24,16440.0,1,0.492,10.0,595.0,0,0.0,1,0,0.0,-1,-1,-1,-1,0.0,0.0
2026-06-14T11:00,0.0,0.0,0.0,0.0,25.0,0.85,3.6,62,17,14600.0,1,0.491,0.0,115.0,0,0.0,0,0,0.0,-1,-1,-1,-1,0.0,0.0
2026-06-14T12:00,0.0,0.0,0.0,0.0,23.9,1.05,2.2,59,7,14620.0,0,0.483,0.0,65.0,0,0.0,0,0,0.0,-1,-1,-1,-1,0.0,0.0
2026-06-14T13:00,0.0,0.0,0.0,0.0,23.3,0.7,1.6,86,6,14520.0,0,0.483,0.0,35.0,0,0.0,0,0,0.0,-1,-1,-1,-1,0.0,0.0
2026-06-14T14:00,0.0,0.0,0.0,0.0,23.0,0.43,1.2,126,9,14180.0,0,0.483,0.0,25.0,0,0.0,0,0,0.0,-1,-1,-1,-1,0.0,0.0
2026-06-14T15:00,0.0,0.0,0.0,0.0,22.4,0.41,0.8,166,15,14360.0,0,0.483,0.0,20.0,0,0.0,0,0,0.0,-1,-1,-1,-1,0.0,0.0
2026-06-14T16:00,0.0,0.0,0.0,0.0,21.7,0.47,0.9,198,12,12560.0,0,0.483,0.0,20.0,0,0.0,0,0,0.0,-1,-1,-1,-1,0.0,0.0
2026-06-14T17:00,0.0,0.0,0.0,0.0,21.2,0.25,0.9,191,6,10880.0,0,0.482,0.0,15.0,0,0.0,0,0,0.0,-1,-1,-1,-1,0.0,0.0
2026-06-14T18:00,0.0,0.0,0.0,0.0,21.4,0.18,0.7,146,9,10920.0,0,0.482,0.0,15.0,0,0.0,0,0,0.0,-1,-1,-1,-1,0.0,0.0
2026-06-14T19:00,0.0,0.0,0.0,0.0,20.8,0.3,0.6,171,7,8940.0,0,0.482,0.0,15.0,0,0.0,0,0,0.0,-1,-1,-1,-1,0.0,0.0
2026-06-14T20:00,0.0,0.0,0.0,0.0,20.5,0.11,0.6,207,27,8940.0,0,0.482,0.0,10.0,0,0.0,1,0,0.0,-1,-1,-1,-1,0.0,0.0
2026-06-14T21:00,0.0,0.0,0.0,0.0,20.3,0.25,0.4,169,35,8400.0,0,0.482,0.0,15.0,0,0.0,1,0,0.0,-1,-1,-1,-1,0.0,0.0
2026-06-14T22:00,0.0,0.0,0.0,0.0,20.5,0.5,0.8,180,92,8500.0,1,0.482,0.0,25.0,0,0.0,3,0,0.0,-1,-1,-1,-1,0.0,0.0
2026-06-14T23:00,0.0,0.0,0.0,0.0,22.3,0.41,2.1,194,99,10100.0,1,0.482,10.0,110.0,0,0.0,3,0,0.0,-1,-1,-1,-1,0.0,0.0
2026-06-15T00:00,0.0,0.0,0.0,0.0,24.2,0.16,2.9,252,100,10940.0,1,0.481,10.0,400.0,0,0.0,3,0,0.0,-1,-1,-1,-1,0.0,0.0
2026-06-15T01:00,0.1,0.0,0.0,0.0,25.5,0.99,4.0,330,100,9420.0,1,0.48,20.0,575.0,0,0.0,51,0,0.1,-1,-1,-1,-1,0.0,0.0
2026-06-15T02:00,0.1,1.0,0.0,0.0,27.0,1.12,4.6,333,31,11600.0,1,0.479,30.0,775.0,0,0.0,51,0,0.0,-1,-1,-1,-1,0.0,0.0
2026-06-15T03:00,0.0,0.0,0.0,0.0,28.2,1.07,4.6,323,52,16540.0,1,0.477,20.0,945.0,0,0.0,2,0,0.0,-1,-1,-1,-1,0.0,0.0
2026-06-15T04:00,0.0,0.0,0.0,0.0,29.4,1.36,5.0,332,55,18360.0,1,0.474,20.0,1265.0,0,0.0,2,0,0.0,-1,-1,-1,-1,0.0,0.0
2026-06-15T05:00,0.0,0.0,0.0,0.0,29.9,0.87,5.0,347,74,18360.0,1,0.472,20.0,1360.0,0,0.0,2,0,0.0,-1,-1,-1,-1,0.0,0.0
2026-06-15T06:00,0.0,0.0,0.0,0.0,29.5,2.01,5.2,354,69,9480.0,1,0.469,0.0,1275.0,0,0.0,2,0,0.0,-1,-1,-1,-1,0.0,0.0
2026-06-15T07:00,0.0,0.0,0.0,0.0,28.9,2.35,6.2,348,91,18380.0,1,0.468,10.0,1250.0,0,0.0,3,0,0.0,-1,-1,-1,-1,0.0,0.0
2026-06-15T08:00,0.0,0.0,0.0,0.0,29.5,2.53,6.4,338,100,18380.0,1,0.466,10.0,1270.0,0,0.0,3,0,0.0,-1,-1,-1,-1,0.0,0.0
2026-06-15T09:00,0.1,0.0,0.0,0.0,29.2,2.49,6.5,345,100,9540.0,1,0.465,20.0,1140.0,0,0.0,51,0,0.1,-1,-1,-1,-1,0.0,0.0
2026-06-15T10:00,0.0,0.0,0.0,0.0,28.6,1.69,5.8,12,70,16600.0,1,0.465,40.0,1165.0,0,0.0,2,0,0.0,-1,-1,-1,-1,0.0,0.0
2026-06-15T11:00,0.0,0.0,0.0,0.0,26.8,1.18,3.6,36,59,16600.0,1,0.465,50.0,155.0,0,0.0,2,0,0.0,-1,-1,-1,-1,0.0,0.0
2026-06-15T12:00,0.0,0.0,0.0,0.0,25.6,1.98,2.1,56,8,14280.0,0,0.449,20.0,155.0,0,0.0,0,0,0.0,-1,-1,-1,-1,0.0,0.0
2026-06-15T13:00,0.0,0.0,0.0,0.0,24.8,0.98,3.6,75,16,14720.0,0,0.45,10.0,60.0,0,0.0,0,0,0.0,-1,-1,-1,-1,0.0,0.0
2026-06-15T14:00,0.0,0.0,0.0,0.0,24.6,0.1,1.6,180,51,14760.0,0,0.451,20.0,10.0,0,0.0,2,0,0.0,-1,-1,-1,-1,0.0,0.0
2026-06-15T15:00,0.0,0.0,0.0,0.0,24.1,0.32,0.4,198,81,12780.0,0,0.452,20.0,15.0,0,0.0,3,0,0.0,-1,-1,-1,-1,0.0,0.0
2026-06-15T16:00,0.0,0.0,0.0,0.0,23.5,0.81,1.5,210,88,10880.0,0,0.453,30.0,35.0,0,0.0,3,0,0.0,-1,-1,-1,-1,0.0,0.0
2026-06-15T17:00,0.0,0.0,0.0,0.0,23.3,1.04,2.0,197,43,8120.0,0,0.453,40.0,45.0,0,0.0,1,0,0.0,-1,-1,-1,-1,0.0,0.0
2026-06-15T18:00,0.1,0.0,0.0,0.0,23.3,0.9,2.1,177,67,10300.0,0,0.451,40.0,40.0,0,0.0,51,0,0.1,-1,-1,-1,-1,0.0,0.0
2026-06-15T19:00,0.0,0.0,0.0,0.0,23.2,0.8,1.9,180,92,10340.0,0,0.451,30.0,35.0,0,0.0,3,0,0.0,-1,-1,-1,-1,0.0,0.0
2026-06-15T20:00,0.0,0.0,0.0,0.0,22.9,0.5,1.5,186,92,8200.0,0,0.452,20.0,20.0,0,0.0,3,0,0.0,-1,-1,-1,-1,0.0,0.0
2026-06-15T21:00,0.0,0.0,0.0,0.0,22.8,0.49,0.8,225,88,7220.0,0,0.453,20.0,30.0,0,0.0,3,0,0.0,-1,-1,-1,-1,0.0,0.0
2026-06-15T22:00,0.0,0.0,0.0,0.0,23.0,0.89,1.6,207,45,7420.0,1,0.454,30.0,40.0,0,0.0,1,0,0.0,-1,-1,-1,-1,0.0,0.0
2026-06-15T23:00,0.0,0.0,0.0,0.0,23.9,0.53,2.1,221,72,8620.0,1,0.455,30.0,90.0,0,0.0,2,0,0.0,-1,-1,-1,-1,0.0,0.0
2026-06-16T00:00,0.0,0.0,0.0,0.0,25.8,0.72,2.6,295,46,11180.0,1,0.466,60.0,415.0,0,0.0,1,0,0.0,-1,-1,-1,-1,0.0,0.0
2026-06-16T01:00,0.0,0.0,0.0,0.0,27.1,0.54,3.3,338,12,9480.0,1,0.465,40.0,585.0,0,0.0,0,0,0.0,-1,-1,-1,-1,0.0,0.0
2026-06-16T02:00,0.0,0.0,0.0,0.0,28.6,0.91,4.2,354,23,9540.0,1,0.464,30.0,805.0,0,0.0,1,0,0.0,-1,-1,-1,-1,0.0,0.0
2026-06-16T03:00,0.1,1.0,0.0,0.0,29.7,0.81,4.2,338,36,6980.0,1,0.462,30.0,975.0,0,0.0,51,0,0.0,-1,-1,-1,-1,0.0,0.0
2026-06-16T04:00,0.2,0.0,0.0,0.0,30.6,0.65,4.2,356,23,10020.0,1,0.461,50.0,1110.0,0,0.0,51,0,0.2,-1,-1,-1,-1,0.0,0.0
2026-06-16T05:00,0.0,0.0,0.0,0.0,31.5,1.25,4.7,2,25,12940.0,1,0.458,70.0,1265.0,0,0.0,1,0,0.0,-1,-1,-1,-1,0.0,0.0
2026-06-16T06:00,0.0,0.0,0.0,0.0,31.7,1.45,5.5,4,32,18520.0,1,0.449,60.0,1325.0,0,0.0,1,0,0.0,-1,-1,-1,-1,0.0,0.0
2026-06-16T07:00,0.0,0.0,0.0,0.0,31.8,1.81,5.5,6,7,18520.0,1,0.446,70.0,1440.0,0,0.0,0,0,0.0,-1,-1,-1,-1,0.0,0.0
2026-06-16T08:00,0.0,0.0,0.0,0.0,31.4,2.17,5.9,26,5,18520.0,1,0.444,30.0,1155.0,0,0.0,0,0,0.0,-1,-1,-1,-1,0.0,0.0
2026-06-16T09:00,0.0,0.0,0.0,0.0,31.0,1.92,5.6,51,7,18520.0,1,0.442,20.0,845.0,0,0.0,0,0,0.0,-1,-1,-1,-1,0.0,0.0
2026-06-16T10:00,0.0,0.0,0.0,0.0,30.1,1.77,4.7,68,8,18540.0,1,0.441,120.0,415.0,0,0.0,0,0,0.0,-1,-1,-1,-1,0.0,0.0
2026-06-16T11:00,0.0,0.0,0.0,0.0,28.3,1.5,3.6,88,9,16720.0,1,0.441,220.0,155.0,0,0.0,0,0,0.0,-1,-1,-1,-1,0.0,0.0
2026-06-16T12:00,0.0,0.0,0.0,0.0,27.4,1.04,2.8,107,2,16720.0,0,0.444,30.0,35.0,0,0.0,0,0,0.0,-1,-1,-1,-1,0.0,0.0
2026-06-16T13:00,0.0,0.0,0.0,0.0,26.8,0.18,1.6,146,7,16720.0,0,0.445,10.0,10.0,0,0.0,0,0,0.0,-1,-1,-1,-1,0.0,0.0
2026-06-16T14:00,0.0,0.0,0.0,0.0,26.4,0.25,0.6,101,29,16720.0,0,0.445,50.0,15.0,0,0.0,1,0,0.0,-1,-1,-1,-1,0.0,0.0
2026-06-16T15:00,0.0,0.0,0.0,0.0,26.1,0.25,0.7,270,77,14860.0,0,0.446,50.0,40.0,0,0.0,2,0,0.0,-1,-1,-1,-1,0.0,0.0
2026-06-16T16:00,0.0,0.0,0.0,0.0,25.1,0.39,0.6,220,84,14860.0,0,0.446,40.0,25.0,0,0.0,3,0,0.0,-1,-1,-1,-1,0.0,0.0
2026-06-16T17:00,0.0,0.0,0.0,0.0,24.4,0.68,1.3,197,45,14860.0,0,0.447,50.0,30.0,0,0.0,1,0,0.0,-1,-1,-1,-1,0.0,0.0
2026-06-16T18:00,0.0,0.0,0.0,0.0,24.7,0.56,1.4,190,24,12860.0,0,0.446,160.0,25.0,0,0.0,1,0,0.0,-1,-1,-1,-1,0.0,0.0
2026-06-16T19:00,0.0,0.0,0.0,0.0,23.9,0.55,1.3,185,20,12860.0,0,0.446,250.0,20.0,0,0.0,1,0,0.0,-1,-1,-1,-1,0.0,0.0
2026-06-16T20:00,0.0,0.0,0.0,0.0,23.4,0.6,1.5,175,86,11080.0,0,0.447,340.0,15.0,0,0.0,3,0,0.0,-1,-1,-1,-1,0.0,0.0
2026-06-16T21:00,0.0,0.0,0.0,0.0,23.0,0.41,1.5,166,95,11080.0,0,0.447,360.0,10.0,0,0.0,3,0,0.0,-1,-1,-1,-1,0.0,0.0
2026-06-16T22:00,0.0,0.0,0.0,0.0,23.4,0.21,1.1,135,99,11080.0,1,0.447,240.0,10.0,0,0.0,3,0,0.0,-1,-1,-1,-1,0.0,0.0
2026-06-16T23:00,0.0,0.0,0.0,0.0,25.4,0.43,1.8,36,99,12880.0,1,0.448,260.0,90.0,0,0.0,3,0,0.0,-1,-1,-1,-1,0.0,0.0
2026-06-17T00:00,0.0,0.0,0.0,0.0,27.3,0.89,2.8,333,94,14880.0,1,0.443,690.0,215.0,0,0.0,3,0,0.0,-1,-1,-1,-1,0.0,0.0
2026-06-17T01:00,0.0,0.0,0.0,0.0,29.2,1.12,4.3,328,70,12140.0,1,0.442,1150.0,675.0,0,0.0,2,0,0.0,-1,-1,-1,-1,0.0,0.0
2026-06-17T02:00,0.2,0.5,0.0,0.0,31.1,1.1,4.4,317,91,4880.0,1,0.442,860.0,995.0,0,0.0,51,0,0.1,-1,-1,-1,-1,0.0,0.0
2026-06-17T03:00,0.4,0.25,0.0,0.0,32.3,1.24,5.5,313,47,6900.0,1,0.443,820.0,1240.0,0,0.0,51,1,0.3,126,0,1,5,0.0,0.15
2026-06-17T04:00,0.2,0.5,0.0,0.0,32.6,0.63,5.6,18,36,6480.0,1,0.441,920.0,1280.0,0,0.0,51,0,0.1,-1,-1,-1,-1,0.0,0.0
2026-06-17T05:00,0.2,0.5,0.0,0.0,32.2,0.47,4.9,238,41,10320.0,1,0.441,940.0,1175.0,0,0.0,51,0,0.1,-1,-1,-1,-1,0.0,0.0
2026-06-17T06:00,0.0,0.0,0.0,0.0,32.3,1.36,4.8,186,95,18580.0,1,0.426,1000.0,965.0,0,0.0,3,0,0.0,-1,-1,-1,-1,0.0,0.0
2026-06-17T07:00,0.0,0.0,0.0,0.0,33.0,0.95,4.8,252,54,18580.0,1,0.424,1180.0,1365.0,0,0.0,2,0,0.0,-1,-1,-1,-1,0.0,0.0
2026-06-17T08:00,0.0,0.0,0.0,0.0,32.8,1.68,5.6,247,79,6600.0,1,0.422,1540.0,1235.0,0,0.0,2,0,0.0,-1,-1,-1,-1,0.0,0.0
2026-06-17T09:00,5.4,1.0,0.0,0.0,28.6,2.17,5.4,151,100,1940.0,1,0.484,2780.0,355.0,0,1.0,96,1,0.0,127,0,4,9,0.703,0.788
2026-06-17T10:00,4.0,0.95,0.0,0.0,27.6,0.22,4.9,117,66,2360.0,1,0.505,3200.0,20.0,0,0.75,96,1,0.2,127,1,3,9,0.703,0.758
2026-06-17T11:00,1.6,0.812,0.0,0.0,27.1,0.96,3.4,186,60,4780.0,1,0.512,2430.0,85.0,0,0.15,96,1,0.3,127,2,2,9,0.703,0.675
2026-06-17T12:00,0.9,0.111,0.0,0.0,27.4,1.36,2.7,197,24,8100.0,0,0.489,3060.0,120.0,0,0.0,53,1,0.8,127,3,1,9,0.703,0.254
2026-06-17T13:00,0.0,0.0,0.0,0.0,26.4,1.46,3.3,211,37,12580.0,0,0.488,1040.0,370.0,0,0.0,1,0,0.0,-1,-1,-1,-1,0.0,0.0
2026-06-17T14:00,0.0,0.0,0.0,0.0,26.1,1.03,2.7,223,52,13400.0,0,0.487,420.0,70.0,0,0.0,2,0,0.0,-1,-1,-1,-1,0.0,0.0
2026-06-17T15:00,0.0,0.0,0.0,0.0,26.1,0.64,2.0,225,46,13400.0,0,0.486,180.0,40.0,0,0.0,1,0,0.0,-1,-1,-1,-1,0.0,0.0
2026-06-17T16:00,0.0,0.0,0.0,0.0,25.6,0.78,1.6,220,34,14900.0,0,0.486,90.0,45.0,0,0.0,1,0,0.0,-1,-1,-1,-1,0.0,0.0
2026-06-17T17:00,0.0,0.0,0.0,0.0,25.1,1.01,1.9,207,64,12900.0,0,0.485,70.0,55.0,0,0.0,2,0,0.0,-1,-1,-1,-1,0.0,0.0
2026-06-17T18:00,0.0,0.0,0.0,0.0,25.4,1.15,3.0,175,84,1840.0,0,0.471,680.0,40.0,0,0.0,3,0,0.0,-1,-1,-1,-1,0.0,0.0
2026-06-17T19:00,0.0,0.0,0.0,0.0,24.9,1.65,3.0,177,97,10660.0,0,0.471,500.0,75.0,0,0.0,3,0,0.0,-1,-1,-1,-1,0.0,0.0
2026-06-17T20:00,0.0,0.0,0.0,0.0,24.9,2.09,3.6,169,91,12860.0,0,0.471,330.0,220.0,0,0.0,3,0,0.0,-1,-1,-1,-1,0.0,0.0
2026-06-17T21:00,0.0,0.0,0.0,0.0,24.8,2.03,3.7,170,99,6200.0,0,0.471,310.0,245.0,0,0.0,3,0,0.0,-1,-1,-1,-1,0.0,0.0
2026-06-17T22:00,1.0,0.4,0.0,0.0,24.6,1.51,3.9,174,99,4040.0,1,0.481,240.0,280.0,0,0.0,55,1,0.6,128,0,1,3,0.0,0.24
2026-06-17T23:00,0.2,0.0,0.0,0.0,25.2,2.76,4.6,168,41,5620.0,1,0.483,440.0,350.0,0,0.0,51,0,0.2,-1,-1,-1,-1,0.0,0.0
2026-06-18T00:00,0.2,0.5,0.0,0.0,28.6,2.41,6.6,174,20,14920.0,1,0.473,830.0,580.0,0,0.0,51,0,0.1,-1,-1,-1,-1,0.0,0.0
2026-06-18T01:00,0.0,0.0,0.0,0.0,30.3,2.02,5.5,187,32,13640.0,1,0.471,1140.0,865.0,0,0.0,1,0,0.0,-1,-1,-1,-1,0.0,0.0
2026-06-18T02:00,2.6,0.654,0.0,0.0,28.1,3.16,7.6,184,79,1600.0,1,0.497,1010.0,655.0,0,0.202,95,1,0.9,129,0,4,2,0.967,0.65
2026-06-18T03:00,7.1,0.606,0.0,0.0,27.1,0.51,7.0,259,100,1700.0,1,0.52,2540.0,470.0,0,1.0,96,1,2.8,129,1,3,2,0.967,0.622
2026-06-18T04:00,2.0,0.8,0.0,0.0,27.8,1.8,4.9,183,88,4440.0,1,0.514,2840.0,620.0,0,0.25,96,1,0.4,129,2,2,2,0.967,0.738
2026-06-18T05:00,0.3,0.0,0.0,0.0,29.5,3.3,7.5,179,89,6720.0,1,0.51,1370.0,940.0,0,0.0,51,1,0.3,129,3,1,2,0.967,0.258
2026-06-18T06:00,0.1,0.0,0.0,0.0,29.7,4.25,9.8,171,85,8940.0,1,0.484,850.0,815.0,0,0.0,51,0,0.1,-1,-1,-1,-1,0.0,0.0
2026-06-18T07:00,0.1,0.0,0.0,0.0,29.9,4.41,10.3,171,88,8980.0,1,0.483,660.0,885.0,0,0.0,51,0,0.1,-1,-1,-1,-1,0.0,0.0
2026-06-18T08:00,0.4,0.0,0.0,0.0,28.4,3.76,9.9,176,100,3680.0,1,0.485,790.0,975.0,0,0.0,51,1,0.4,130,0,5,5,0.829,0.221
2026-06-18T09:00,1.0,0.0,0.0,0.0,26.1,4.25,8.3,180,100,4180.0,1,0.492,630.0,640.0,0,0.0,55,1,1.0,130,1,4,5,0.829,0.221
2026-06-18T10:00,0.7,0.286,0.0,0.0,25.6,4.4,8.6,181,100,3160.0,1,0.496,470.0,680.0,0,0.0,53,1,0.5,130,2,3,5,0.829,0.393
2026-06-18T11:00,1.2,0.083,0.0,0.0,24.6,3.5,8.7,179,100,2400.0,1,0.507,10.0,605.0,0,0.0002,55,1,1.1,130,3,2,5,0.829,0.271
2026-06-18T12:00,3.1,0.387,0.0,0.0,25.6,3.86,7.1,176,100,11960.0,0,0.482,480.0,635.0,0,0.126,81,1,1.9,130,4,1,5,0.829,0.453
2026-06-18T13:00,0.0,0.0,0.0,0.0,25.7,4.25,8.3,183,100,13760.0,0,0.482,110.0,675.0,0,0.0,3,0,0.0,-1,-1,-1,-1,0.0,0.0
2026-06-18T14:00,0.0,0.0,0.0,0.0,25.9,4.46,9.0,183,100,14120.0,0,0.481,20.0,680.0,0,0.0,3,0,0.0,-1,-1,-1,-1,0.0,0.0
2026-06-18T15:00,0.0,0.0,0.0,0.0,25.9,3.08,8.9,193,98,14280.0,0,0.48,0.0,640.0,0,0.0,3,0,0.0,-1,-1,-1,-1,0.0,0.0
2026-06-18T16:00,0.0,0.0,0.0,0.0,25.6,2.5,6.3,200,96,14940.0,0,0.48,20.0,670.0,0,0.0,3,0,0.0,-1,-1,-1,-1,0.0,0.0
2026-06-18T17:00,0.0,0.0,0.0,0.0,25.9,3.18,6.4,199,100,6600.0,0,0.479,40.0,720.0,0,0.0,3,0,0.0,-1,-1,-1,-1,0.0,0.0
2026-06-18T18:00,0.4,0.0,0.0,0.0,26.4,3.4,7.8,190,100,14960.0,0,0.477,220.0,695.0,0,0.0,51,1,0.4,131,0,1,5,0.0,0
2026-06-18T19:00,0.0,0.0,0.0,0.0,26.5,4.1,8.3,183,100,13580.0,0,0.476,110.0,710.0,0,0.0,3,0,0.0,-1,-1,-1,-1,0.0,0.0
2026-06-18T20:00,0.0,0.0,0.0,0.0,26.6,3.49,8.5,189,100,14960.0,0,0.476,70.0,665.0,0,0.0,3,0,0.0,-1,-1,-1,-1,0.0,0.0
2026-06-18T21:00,0.0,0.0,0.0,0.0,26.6,3.22,7.3,187,100,13780.0,0,0.475,140.0,640.0,0,0.0,3,0,0.0,-1,-1,-1,-1,0.0,0.0
2026-06-18T22:00,0.0,0.0,0.0,0.0,26.5,3.27,7.1,186,100,13600.0,1,0.475,130.0,630.0,0,0.0,3,0,0.0,-1,-1,-1,-1,0.0,0.0
2026-06-18T23:00,0.2,0.0,0.0,0.0,26.4,3.68,7.4,187,100,4420.0,1,0.476,180.0,685.0,0,0.0,51,0,0.2,-1,-1,-1,-1,0.0,0.0
2026-06-19T00:00,1.1,0.0,0.0,0.0,25.5,3.75,7.7,180,100,2640.0,1,0.48,920.0,545.0,0,0.0115,55,1,1.1,132,0,5,16,1.3,0.347
2026-06-19T01:00,0.4,0.0,0.0,0.0,26.2,5.3,10.1,182,100,8020.0,1,0.484,970.0,655.0,0,0.0,51,1,0.4,132,1,4,16,1.3,0.347
2026-06-19T02:00,0.0,0.0,0.0,0.0,28.2,5.15,11.3,180,92,9280.0,1,0.483,1400.0,935.0,0,0.0,3,0,0.0,132,2,3,16,1.3,0.347
2026-06-19T03:00,0.7,0.429,0.0,0.0,28.1,5.67,11.9,185,98,2020.0,1,0.487,1250.0,1095.0,0,0.0,53,1,0.4,132,3,2,16,1.3,0.604
2026-06-19T04:00,4.1,0.244,0.0,0.0,26.6,4.3,11.7,179,100,3600.0,1,0.507,1370.0,705.0,0,0.5309,95,1,3.1,132,4,1,16,1.3,0.493
2026-06-19T05:00,0.1,0.0,0.0,0.0,28.7,4.18,10.0,187,100,8740.0,1,0.503,1640.0,1150.0,0,0.0,51,0,0.1,-1,-1,-1,-1,0.0,0.0
2026-06-19T06:00,0.0,0.0,0.0,0.0,28.9,4.37,9.8,186,98,13380.0,1,0.501,1270.0,1065.0,0,0.0,3,0,0.0,-1,-1,-1,-1,0.0,0.0
2026-06-19T07:00,0.0,0.0,0.0,0.0,30.1,4.77,10.9,185,100,15500.0,1,0.497,1100.0,1140.0,0,0.0,3,0,0.0,-1,-1,-1,-1,0.0,0.0
2026-06-19T08:00,0.0,0.0,0.0,0.0,29.6,3.96,10.5,183,100,14360.0,1,0.493,1060.0,1020.0,0,0.0,3,0,0.0,-1,-1,-1,-1,0.0,0.0
2026-06-19T09:00,0.0,0.0,0.0,0.0,28.7,3.62,8.7,174,99,14260.0,1,0.491,970.0,785.0,0,0.0,3,0,0.0,-1,-1,-1,-1,0.0,0.0
2026-06-19T10:00,0.0,0.0,0.0,0.0,28.5,4.15,8.7,179,100,14980.0,1,0.489,770.0,745.0,0,0.0,3,0,0.0,-1,-1,-1,-1,0.0,0.0
2026-06-19T11:00,0.0,0.0,0.0,0.0,28.1,3.17,8.9,186,100,14980.0,1,0.488,570.0,620.0,0,0.0,3,0,0.0,-1,-1,-1,-1,0.0,0.0
2026-06-19T12:00,0.1,0.0,0.0,0.0,28.2,3.3,7.0,180,100,14980.0,0,0.481,910.0,630.0,0,0.0,51,0,0.1,-1,-1,-1,-1,0.0,0.0
2026-06-19T13:00,0.0,0.0,0.0,0.0,28.0,3.51,7.4,176,100,11380.0,0,0.481,910.0,655.0,0,0.0,3,0,0.0,-1,-1,-1,-1,0.0,0.0
2026-06-19T14:00,0.0,0.0,0.0,0.0,27.7,3.2,7.2,183,99,15000.0,0,0.481,750.0,645.0,0,0.0,3,0,0.0,-1,-1,-1,-1,0.0,0.0
2026-06-19T15:00,0.0,0.0,0.0,0.0,27.5,3.82,7.9,185,97,15000.0,0,0.481,780.0,615.0,0,0.0,3,0,0.0,-1,-1,-1,-1,0.0,0.0
2026-06-19T16:00,0.0,0.0,0.0,0.0,27.3,3.76,8.0,185,89,15000.0,0,0.48,630.0,615.0,0,0.0,3,0,0.0,-1,-1,-1,-1,0.0,0.0
2026-06-19T17:00,0.0,0.0,0.0,0.0,27.2,3.47,7.9,187,81,12420.0,0,0.48,640.0,595.0,0,0.0,3,0,0.0,-1,-1,-1,-1,0.0,0.0
2026-06-19T18:00,0.0,0.0,0.0,0.0,27.3,3.32,7.6,187,91,13760.0,0,0.469,850.0,545.0,0,0.0,3,0,0.0,-1,-1,-1,-1,0.0,0.0
2026-06-19T19:00,0.0,0.0,0.0,0.0,26.9,3.32,6.9,187,93,15000.0,0,0.469,500.0,505.0,0,0.0,3,0,0.0,-1,-1,-1,-1,0.0,0.0
2026-06-19T20:00,0.0,0.0,0.0,0.0,26.3,3.31,7.1,195,99,9640.0,0,0.47,450.0,455.0,0,0.0,3,0,0.0,-1,-1,-1,-1,0.0,0.0
2026-06-19T21:00,0.5,0.0,0.0,0.0,25.6,2.83,6.9,212,98,3320.0,0,0.474,450.0,450.0,0,0.0,53,1,0.5,133,0,4,3,0.837,0.223
2026-06-19T22:00,2.3,0.565,0.0,0.0,24.7,2.69,5.7,228,100,1820.0,1,0.501,490.0,230.0,0,0.0796,80,1,1.0,133,1,3,3,0.837,0.562
2026-06-19T23:00,2.6,0.462,0.0,0.0,24.8,2.41,6.4,185,100,3860.0,1,0.51,550.0,275.0,0,0.11,81,1,1.4,133,2,2,3,0.837,0.5
2026-06-20T00:00,0.3,0.333,0.0,0.0,27.9,1.72,5.8,206,91,11200.0,1,0.508,1920.0,540.0,0,0.0,51,1,0.2,133,3,1,3,0.837,0.423
2026-06-20T01:00,0.1,1.0,0.0,0.0,29.4,1.64,6.2,200,98,15020.0,1,0.504,1970.0,760.0,0,0.0,51,0,0.0,-1,-1,-1,-1,0.0,0.0
2026-06-20T02:00,0.0,0.0,0.0,0.0,30.3,3.1,8.7,195,98,16900.0,1,0.5,1690.0,1020.0,0,0.0,3,0,0.0,-1,-1,-1,-1,0.0,0.0
2026-06-20T03:00,0.1,1.0,0.0,0.0,30.9,3.23,9.7,196,98,9640.0,1,0.497,1660.0,1165.0,0,0.0,51,0,0.0,-1,-1,-1,-1,0.0,0.0
2026-06-20T04:00,0.8,0.875,0.0,0.0,30.0,4.45,11.3,188,98,9420.0,1,0.5,1610.0,885.0,0,0.0,95,1,0.1,134,0,1,2,0.0,0.525
2026-06-20T05:00,0.0,0.0,0.0,0.0,30.4,4.05,9.7,177,99,7640.0,1,0.497,1930.0,870.0,0,0.0,3,0,0.0,-1,-1,-1,-1,0.0,0.0
2026-06-20T06:00,0.0,0.0,0.0,0.0,31.3,3.89,10.2,200,66,6320.0,1,0.49,1820.0,1115.0,0,0.0,2,0,0.0,-1,-1,-1,-1,0.0,0.0
2026-06-20T07:00,0.7,0.571,0.0,0.0,31.3,4.04,10.9,195,80,5700.0,1,0.492,1720.0,1150.0,0,0.0,95,1,0.3,135,0,1,47,0.0,0.343
2026-06-20T08:00,0.1,0.0,0.0,0.0,31.2,4.35,10.7,181,95,16920.0,1,0.49,1450.0,875.0,0,0.0,51,0,0.1,-1,-1,-1,-1,0.0,0.0
2026-06-20T09:00,0.0,0.0,0.0,0.0,30.9,3.85,9.5,178,99,16920.0,1,0.487,1520.0,760.0,0,0.0,3,0,0.0,-1,-1,-1,-1,0.0,0.0
2026-06-20T10:00,0.0,0.0,0.0,0.0,30.1,2.71,8.2,176,100,16920.0,1,0.486,1650.0,630.0,0,0.0,3,0,0.0,-1,-1,-1,-1,0.0,0.0
2026-06-20T11:00,0.0,0.0,0.0,0.0,29.3,2.62,5.6,188,100,16920.0,1,0.485,1580.0,605.0,0,0.0,3,0,0.0,-1,-1,-1,-1,0.0,0.0
2026-06-20T12:00,0.0,0.0,0.0,0.0,28.5,1.66,5.4,185,100,16920.0,0,0.473,1060.0,410.0,0,0.0,3,0,0.0,-1,-1,-1,-1,0.0,0.0
2026-06-20T13:00,0.0,0.0,0.0,0.0,27.7,1.2,3.2,185,99,15040.0,0,0.473,1280.0,125.0,0,0.0,3,0,0.0,-1,-1,-1,-1,0.0,0.0
2026-06-20T14:00,0.0,0.0,0.0,0.0,27.0,1.15,2.4,180,100,14900.0,0,0.473,1260.0,45.0,0,0.0,3,0,0.0,-1,-1,-1,-1,0.0,0.0
2026-06-20T15:00,0.0,0.0,0.0,0.0,26.6,1.4,2.8,182,100,14700.0,0,0.474,1100.0,65.0,0,0.0,3,0,0.0,-1,-1,-1,-1,0.0,0.0
2026-06-20T16:00,0.0,0.0,0.0,0.0,26.4,1.31,2.8,173,100,15000.0,0,0.474,900.0,70.0,0,0.0,3,0,0.0,-1,-1,-1,-1,0.0,0.0
2026-06-20T17:00,0.0,0.0,0.0,0.0,26.4,1.31,2.6,198,94,15040.0,0,0.474,960.0,110.0,0,0.0,3,0,0.0,-1,-1,-1,-1,0.0,0.0
2026-06-20T18:00,0.0,0.0,0.0,0.0,26.9,1.77,3.1,188,99,14700.0,0,0.466,1050.0,470.0,0,0.0,3,0,0.0,-1,-1,-1,-1,0.0,0.0
2026-06-20T19:00,0.0,0.0,0.0,0.0,26.5,2.0,3.9,183,98,12900.0,0,0.467,800.0,470.0,0,0.0,3,0,0.0,-1,-1,-1,-1,0.0,0.0
2026-06-20T20:00,0.0,0.0,0.0,0.0,26.4,2.02,4.1,187,81,14620.0,0,0.467,600.0,485.0,0,0.0,3,0,0.0,-1,-1,-1,-1,0.0,0.0
2026-06-20T21:00,0.0,0.0,0.0,0.0,25.9,2.01,4.0,194,82,13940.0,0,0.467,380.0,440.0,0,0.0,3,0,0.0,-1,-1,-1,-1,0.0,0.0
2026-06-20T22:00,0.0,0.0,0.0,0.0,26.2,2.41,4.7,186,80,14440.0,1,0.468,210.0,450.0,0,0.0,3,0,0.0,-1,-1,-1,-1,0.0,0.0
2026-06-20T23:00,0.0,0.0,0.0,0.0,27.4,2.4,4.8,197,90,15060.0,1,0.468,330.0,565.0,0,0.0,3,0,0.0,-1,-1,-1,-1,0.0,0.0
2026-06-21T00:00,0.0,0.0,0.0,0.0,29.4,2.46,5.5,193,94,16960.0,1,0.462,880.0,785.0,0,0.0,3,0,0.0,-1,-1,-1,-1,0.0,0.0
2026-06-21T01:00,0.0,0.0,0.0,0.0,30.7,3.59,8.1,188,97,16960.0,1,0.46,830.0,1035.0,0,0.0,3,0,0.0,-1,-1,-1,-1,0.0,0.0
2026-06-21T02:00,0.0,0.0,0.0,0.0,31.8,4.3,9.8,189,99,18820.0,1,0.458,1110.0,1160.0,0,0.0,3,0,0.0,-1,-1,-1,-1,0.0,0.0
2026-06-21T03:00,0.0,0.0,0.0,0.0,32.8,4.49,10.5,188,98,18820.0,1,0.456,1350.0,1310.0,0,0.0,3,0,0.0,-1,-1,-1,-1,0.0,0.0
2026-06-21T04:00,0.0,0.0,0.0,0.0,33.6,4.39,11.6,188,81,18820.0,1,0.453,1580.0,1440.0,0,0.0,3,0,0.0,-1,-1,-1,-1,0.0,0.0
2026-06-21T05:00,0.0,0.0,0.0,0.0,34.5,4.38,11.3,187,84,18820.0,1,0.45,1700.0,1545.0,0,0.0,3,0,0.0,-1,-1,-1,-1,0.0,0.0
2026-06-21T06:00,0.0,0.0,0.0,0.0,34.2,4.15,11.2,195,76,10160.0,1,0.456,1360.0,1565.0,0,0.0,2,0,0.0,-1,-1,-1,-1,0.0,0.0
2026-06-21T07:00,0.1,0.0,0.0,0.0,34.2,4.11,10.7,193,98,9740.0,1,0.454,1180.0,1515.0,0,0.0,51,0,0.1,-1,-1,-1,-1,0.0,0.0
2026-06-21T08:00,0.1,1.0,0.0,0.0,34.0,3.87,10.3,197,42,7500.0,1,0.452,1420.0,1495.0,0,0.0,51,0,0.0,-1,-1,-1,-1,0.0,0.0
2026-06-21T09:00,0.0,0.0,0.0,0.0,33.5,3.45,8.7,190,80,18840.0,1,0.451,1340.0,1340.0,0,0.0,3,0,0.0,-1,-1,-1,-1,0.0,0.0
2026-06-21T10:00,0.0,0.0,0.0,0.0,32.4,2.67,7.5,186,100,18840.0,1,0.449,1620.0,995.0,0,0.0,3,0,0.0,-1,-1,-1,-1,0.0,0.0
2026-06-21T11:00,0.0,0.0,0.0,0.0,30.4,1.75,5.6,182,100,16980.0,1,0.449,1680.0,245.0,0,0.0,3,0,0.0,-1,-1,-1,-1,0.0,0.0
2026-06-21T12:00,0.0,0.0,0.0,0.0,29.5,1.66,3.3,175,61,16980.0,0,0.436,1390.0,85.0,0,0.0,2,0,0.0,-1,-1,-1,-1,0.0,0.0
2026-06-21T13:00,0.0,0.0,0.0,0.0,28.4,1.72,3.5,172,23,15080.0,0,0.437,1350.0,70.0,0,0.0,1,0,0.0,-1,-1,-1,-1,0.0,0.0
2026-06-21T14:00,0.0,0.0,0.0,0.0,27.8,1.75,3.3,167,22,15080.0,0,0.438,1310.0,65.0,0,0.0,1,0,0.0,-1,-1,-1,-1,0.0,0.0
2026-06-21T15:00,0.0,0.0,0.0,0.0,27.6,2.21,4.1,167,63,15080.0,0,0.438,1060.0,235.0,0,0.0,2,0,0.0,-1,-1,-1,-1,0.0,0.0
2026-06-21T16:00,0.0,0.0,0.0,0.0,27.7,2.35,4.5,179,98,16980.0,0,0.439,810.0,360.0,0,0.0,3,0,0.0,-1,-1,-1,-1,0.0,0.0
2026-06-21T17:00,0.0,0.0,0.0,0.0,27.8,2.46,4.7,185,98,17000.0,0,0.44,830.0,410.0,0,0.0,3,0,0.0,-1,-1,-1,-1,0.0,0.0
2026-06-21T18:00,0.0,0.0,0.0,0.0,28.3,2.84,5.7,190,73,15100.0,0,0.432,1180.0,455.0,0,0.0,2,0,0.0,-1,-1,-1,-1,0.0,0.0
2026-06-21T19:00,0.0,0.0,0.0,0.0,28.1,3.27,6.5,186,41,15100.0,0,0.433,1290.0,485.0,0,0.0,1,0,0.0,-1,-1,-1,-1,0.0,0.0
2026-06-21T20:00,0.0,0.0,0.0,0.0,28.0,3.6,7.2,180,18,15020.0,0,0.434,1060.0,550.0,0,0.0,0,0,0.0,-1,-1,-1,-1,0.0,0.0
2026-06-21T21:00,0.0,0.0,0.0,0.0,27.9,3.9,7.9,180,6,14620.0,0,0.434,880.0,565.0,0,0.0,0,0,0.0,-1,-1,-1,-1,0.0,0.0
2026-06-21T22:00,0.0,0.0,0.0,0.0,27.9,3.65,8.0,182,30,14820.0,1,0.435,760.0,575.0,0,0.0,1,0,0.0,-1,-1,-1,-1,0.0,0.0
2026-06-21T23:00,0.0,0.0,0.0,0.0,28.6,3.13,7.4,187,80,15100.0,1,0.435,1110.0,645.0,0,0.0,3,0,0.0,-1,-1,-1,-1,0.0,0.0
2026-06-22T00:00,0.0,0.0,0.0,0.0,30.1,2.8,7.2,190,90,17000.0,1,0.441,1090.0,890.0,0,0.0,3,0,0.0,-1,-1,-1,-1,0.0,0.0
2026-06-22T01:00,0.0,0.0,0.0,0.0,31.3,3.81,8.5,184,88,15400.0,1,0.439,1120.0,1300.0,0,0.0,3,0,0.0,-1,-1,-1,-1,0.0,0.0
2026-06-22T02:00,0.0,0.0,0.0,0.0,32.3,4.39,10.0,192,95,13960.0,1,0.437,1320.0,1425.0,0,0.0,3,0,0.0,-1,-1,-1,-1,0.0,0.0
2026-06-22T03:00,0.1,0.0,0.0,0.0,33.0,4.48,10.4,202,96,6820.0,1,0.436,1370.0,1480.0,0,0.0,51,0,0.1,-1,-1,-1,-1,0.0,0.0
2026-06-22T04:00,0.1,0.0,0.0,0.0,33.7,3.99,11.0,200,89,18880.0,1,0.435,1550.0,1505.0,0,0.0,51,0,0.1,-1,-1,-1,-1,0.0,0.0
2026-06-22T05:00,0.0,0.0,0.0,0.0,34.3,3.84,10.4,198,86,18880.0,1,0.432,1610.0,1600.0,0,0.0,3,0,0.0,-1,-1,-1,-1,0.0,0.0
2026-06-22T06:00,0.0,0.0,0.0,0.0,34.3,3.44,10.0,221,90,22020.0,1,0.43,1180.0,1605.0,0,0.0,3,0,0.0,-1,-1,-1,-1,0.0,0.0
2026-06-22T07:00,0.4,1.0,0.0,0.0,34.1,3.59,9.5,220,72,22020.0,1,0.43,880.0,1520.0,0,0.0,51,1,0.0,136,0,1,13,0.0,0.6
2026-06-22T08:00,0.0,0.0,0.0,0.0,34.2,3.02,8.9,209,41,10980.0,1,0.428,1110.0,1480.0,0,0.0,1,0,0.0,-1,-1,-1,-1,0.0,0.0
2026-06-22T09:00,0.0,0.0,0.0,0.0,33.9,2.44,6.9,208,61,18900.0,1,0.427,1450.0,1300.0,0,0.0,2,0,0.0,-1,-1,-1,-1,0.0,0.0
2026-06-22T10:00,0.0,0.0,0.0,0.0,33.0,1.48,5.6,208,94,18900.0,1,0.426,1880.0,960.0,0,0.0,3,0,0.0,-1,-1,-1,-1,0.0,0.0
2026-06-22T11:00,0.0,0.0,0.0,0.0,31.0,0.97,3.2,192,87,17040.0,1,0.426,2260.0,55.0,0,0.0,3,0,0.0,-1,-1,-1,-1,0.0,0.0
2026-06-22T12:00,0.0,0.0,0.0,0.0,29.9,1.44,1.8,160,38,17040.0,0,0.411,1390.0,80.0,0,0.0,1,0,0.0,-1,-1,-1,-1,0.0,0.0
2026-06-22T13:00,0.0,0.0,0.0,0.0,29.0,2.1,3.8,162,32,17040.0,0,0.411,910.0,100.0,0,0.0,1,0,0.0,-1,-1,-1,-1,0.0,0.0
2026-06-22T14:00,0.0,0.0,0.0,0.0,28.5,1.99,3.8,162,28,17040.0,0,0.412,720.0,80.0,0,0.0,1,0,0.0,-1,-1,-1,-1,0.0,0.0
2026-06-22T15:00,0.0,0.0,0.0,0.0,28.0,1.55,3.7,180,40,17040.0,0,0.413,720.0,55.0,0,0.0,1,0,0.0,-1,-1,-1,-1,0.0,0.0
2026-06-22T16:00,0.0,0.0,0.0,0.0,27.4,1.45,3.0,180,47,15140.0,0,0.414,820.0,40.0,0,0.0,1,0,0.0,-1,-1,-1,-1,0.0,0.0
2026-06-22T17:00,0.0,0.0,0.0,0.0,27.0,1.05,2.9,177,52,15140.0,0,0.414,1140.0,30.0,0,0.0,2,0,0.0,-1,-1,-1,-1,0.0,0.0
2026-06-22T18:00,0.0,0.0,0.0,0.0,27.9,1.15,2.1,178,95,15140.0,0,0.399,1190.0,40.0,0,0.0,3,0,0.0,-1,-1,-1,-1,0.0,0.0
2026-06-22T19:00,0.0,0.0,0.0,0.0,27.2,1.6,2.9,176,99,15060.0,0,0.4,1550.0,70.0,0,0.0,3,0,0.0,-1,-1,-1,-1,0.0,0.0
2026-06-22T20:00,0.0,0.0,0.0,0.0,27.3,1.46,3.1,164,98,15140.0,0,0.401,1470.0,155.0,0,0.0,3,0,0.0,-1,-1,-1,-1,0.0,0.0
2026-06-22T21:00,0.8,0.75,0.0,0.0,25.2,3.52,6.1,309,91,2440.0,0,0.408,850.0,220.0,0,0.0,53,1,0.2,137,0,2,3,0.283,0.525
2026-06-22T22:00,1.2,0.667,0.0,0.0,24.7,0.9,9.9,124,31,5420.0,1,0.423,1000.0,55.0,0,0.025,55,1,0.4,137,1,1,3,0.283,0.476
2026-06-22T23:00,0.0,0.0,0.0,0.0,26.1,0.27,2.1,338,89,9260.0,1,0.423,1470.0,80.0,0,0.0,3,0,0.0,-1,-1,-1,-1,0.0,0.0
2026-06-23T00:00,0.0,0.0,0.0,0.0,29.1,1.03,3.3,227,97,12180.0,1,0.418,2660.0,565.0,0,0.0,3,0,0.0,-1,-1,-1,-1,0.0,0.0
2026-06-23T01:00,0.0,0.0,0.0,0.0,31.1,1.49,6.0,220,98,5920.0,1,0.417,1960.0,1195.0,0,0.0,3,0,0.0,-1,-1,-1,-1,0.0,0.0
2026-06-23T02:00,0.7,0.429,0.0,0.0,31.8,2.48,6.6,242,98,4360.0,1,0.421,1470.0,1150.0,0,0.0,95,1,0.4,138,0,1,2,0.0,0.257
2026-06-23T03:00,0.2,0.5,0.0,0.0,33.1,2.33,8.2,245,97,18940.0,1,0.421,1860.0,1600.0,0,0.0,51,0,0.1,-1,-1,-1,-1,0.0,0.0
2026-06-23T04:00,0.2,1.0,0.0,0.0,32.9,3.66,9.1,248,99,3440.0,1,0.42,1510.0,1230.0,0,0.0,95,0,0.0,-1,-1,-1,-1,0.0,0.0
2026-06-23T05:00,0.6,0.833,0.0,0.0,33.4,1.31,9.3,288,96,12660.0,1,0.423,2240.0,1250.0,0,0.0,95,1,0.1,139,0,1,2,0.0,0.5
2026-06-23T06:00,0.0,0.0,0.0,0.0,34.0,1.34,6.5,297,98,18960.0,1,0.428,2270.0,1635.0,0,0.0,3,0,0.0,-1,-1,-1,-1,0.0,0.0
2026-06-23T07:00,0.1,1.0,0.0,0.0,32.2,0.46,5.7,311,100,2760.0,1,0.427,1510.0,805.0,0,0.0,51,0,0.0,-1,-1,-1,-1,0.0,0.0
2026-06-23T08:00,3.8,0.763,0.0,0.0,27.8,0.81,4.9,120,98,5040.0,1,0.467,2080.0,180.0,0,0.7,96,1,0.9,140,0,8,3,1.213,0.781
2026-06-23T09:00,2.0,0.75,0.0,0.0,27.2,0.63,4.2,331,98,2940.0,1,0.488,2170.0,250.0,0,0.25,96,1,0.5,140,1,7,3,1.213,0.773
2026-06-23T10:00,1.3,0.538,0.0,0.0,26.4,1.05,3.7,360,99,4700.0,1,0.5,1230.0,170.0,0,0.0461,80,1,0.6,140,2,6,3,1.213,0.646
2026-06-23T11:00,0.3,0.0,0.0,0.0,26.9,0.43,3.0,21,98,3740.0,1,0.498,1930.0,35.0,0,0.0,51,1,0.3,140,3,5,3,1.213,0.323
2026-06-23T12:00,0.3,0.667,0.0,0.0,26.8,2.04,2.7,17,89,3060.0,0,0.473,2710.0,270.0,0,0.0,95,1,0.1,140,4,4,3,1.213,0.724
2026-06-23T13:00,0.0,0.0,0.0,0.0,26.1,1.76,3.9,5,96,3640.0,0,0.473,2060.0,305.0,0,0.0,3,0,0.0,140,5,3,3,1.213,0.323
2026-06-23T14:00,0.5,0.2,0.0,0.0,25.2,2.06,4.4,346,100,1080.0,0,0.478,1110.0,235.0,0,0.0,53,1,0.4,140,6,2,3,1.213,0.443
2026-06-23T15:00,0.3,0.0,0.0,0.0,24.5,1.18,4.4,324,100,2400.0,0,0.48,880.0,195.0,0,0.0,51,1,0.3,140,7,1,3,1.213,0.323
2026-06-23T16:00,0.2,0.0,0.0,0.0,24.3,1.46,3.0,322,100,4460.0,0,0.481,660.0,235.0,0,0.0,51,0,0.2,-1,-1,-1,-1,0.0,0.0
2026-06-23T17:00,0.1,0.0,0.0,0.0,23.7,2.37,4.8,335,100,4800.0,0,0.48,390.0,280.0,0,0.0,51,0,0.1,-1,-1,-1,-1,0.0,0.0
2026-06-23T18:00,0.1,0.0,0.0,0.0,23.5,2.11,5.0,356,100,4040.0,0,0.474,190.0,280.0,0,0.0,51,0,0.1,-1,-1,-1,-1,0.0,0.0
2026-06-23T19:00,0.3,0.0,0.0,0.0,23.2,2.05,4.5,1,100,3900.0,0,0.477,190.0,265.0,0,0.0,51,1,0.3,141,0,2,4,0.0,0
2026-06-23T20:00,0.3,0.0,0.0,0.0,22.9,1.54,4.3,347,100,3780.0,0,0.479,150.0,200.0,0,0.0,51,1,0.3,141,1,1,4,0.0,0
2026-06-23T21:00,0.2,0.0,0.0,0.0,22.9,1.54,3.6,347,100,4240.0,0,0.479,220.0,170.0,0,0.0,51,0,0.2,-1,-1,-1,-1,0.0,0.0
2026-06-23T22:00,0.1,0.0,0.0,0.0,22.8,1.36,3.3,8,100,4480.0,1,0.479,270.0,150.0,0,0.0,51,0,0.1,-1,-1,-1,-1,0.0,0.0
2026-06-23T23:00,0.1,0.0,0.0,0.0,23.0,1.4,3.5,358,100,4800.0,1,0.479,200.0,110.0,0,0.0,51,0,0.1,-1,-1,-1,-1,0.0,0.0
2026-06-24T00:00,0.1,0.0,0.0,0.0,23.7,1.35,4.0,2,100,2780.0,1,0.505,290.0,155.0,0,0.0,51,0,0.1,-1,-1,-1,-1,0.0,0.0
2026-06-24T01:00,0.6,0.0,0.0,0.0,24.3,1.65,4.4,357,100,4420.0,1,0.504,190.0,160.0,0,0.0,53,1,0.6,142,0,1,4,0.0,0
2026-06-24T02:00,0.2,0.0,0.0,0.0,25.4,1.68,4.8,350,100,6260.0,1,0.501,200.0,250.0,0,0.0,51,0,0.2,-1,-1,-1,-1,0.0,0.0
2026-06-24T03:00,0.1,0.0,0.0,0.0,26.4,1.82,5.4,352,100,9020.0,1,0.497,210.0,445.0,0,0.0,51,0,0.1,-1,-1,-1,-1,0.0,0.0
2026-06-24T04:00,0.0,0.0,0.0,0.0,27.7,1.45,5.4,2,100,15200.0,1,0.493,210.0,590.0,0,0.0,3,0,0.0,-1,-1,-1,-1,0.0,0.0
2026-06-24T05:00,0.1,0.0,0.0,0.0,29.1,1.95,5.7,1,88,6840.0,1,0.49,330.0,665.0,0,0.0,51,0,0.1,-1,-1,-1,-1,0.0,0.0
2026-06-24T06:00,0.3,0.333,0.0,0.0,29.6,2.5,6.3,358,68,5440.0,1,0.495,530.0,840.0,0,0.0,51,1,0.2,143,0,1,14,0.0,0.2
2026-06-24T07:00,0.1,0.0,0.0,0.0,29.4,2.91,7.7,12,64,11420.0,1,0.491,490.0,895.0,0,0.0,51,0,0.1,-1,-1,-1,-1,0.0,0.0
2026-06-24T08:00,0.1,0.0,0.0,0.0,30.0,2.98,7.3,9,100,9160.0,1,0.488,580.0,1010.0,0,0.0,51,0,0.1,-1,-1,-1,-1,0.0,0.0
2026-06-24T09:00,0.0,0.0,0.0,0.0,29.0,2.95,8.0,11,97,15220.0,1,0.485,280.0,805.0,0,0.0,3,0,0.0,-1,-1,-1,-1,0.0,0.0
2026-06-24T10:00,0.0,0.0,0.0,0.0,28.7,2.59,6.8,10,78,12960.0,1,0.483,270.0,750.0,0,0.0,2,0,0.0,-1,-1,-1,-1,0.0,0.0
2026-06-24T11:00,0.0,0.0,0.0,0.0,27.6,1.82,5.7,351,79,15220.0,1,0.482,240.0,555.0,0,0.0,2,0,0.0,-1,-1,-1,-1,0.0,0.0
2026-06-24T12:00,0.0,0.0,0.0,0.0,26.6,2.02,3.8,7,97,13160.0,0,0.486,190.0,460.0,0,0.0,3,0,0.0,-1,-1,-1,-1,0.0,0.0
2026-06-24T13:00,0.0,0.0,0.0,0.0,26.0,1.68,3.9,17,98,12920.0,0,0.484,80.0,430.0,0,0.0,3,0,0.0,-1,-1,-1,-1,0.0,0.0
2026-06-24T14:00,0.0,0.0,0.0,0.0,25.4,1.68,3.3,30,97,10980.0,0,0.483,50.0,400.0,0,0.0,3,0,0.0,-1,-1,-1,-1,0.0,0.0
2026-06-24T15:00,0.0,0.0,0.0,0.0,24.8,0.78,3.3,27,76,11140.0,0,0.482,10.0,265.0,0,0.0,2,0,0.0,-1,-1,-1,-1,0.0,0.0
2026-06-24T16:00,0.0,0.0,0.0,0.0,24.5,0.74,1.6,42,59,6800.0,0,0.482,0.0,205.0,0,0.0,2,0,0.0,-1,-1,-1,-1,0.0,0.0
2026-06-24T17:00,0.0,0.0,0.0,0.0,24.3,0.61,1.7,351,95,6420.0,0,0.481,0.0,145.0,0,0.0,3,0,0.0,-1,-1,-1,-1,0.0,0.0
2026-06-24T18:00,0.1,0.0,0.0,0.0,24.7,1.39,2.9,15,96,6640.0,0,0.482,90.0,310.0,0,0.0,51,0,0.1,-1,-1,-1,-1,0.0,0.0
2026-06-24T19:00,0.0,0.0,0.0,0.0,24.2,1.31,2.8,353,100,7240.0,0,0.481,40.0,260.0,0,0.0,3,0,0.0,-1,-1,-1,-1,0.0,0.0
2026-06-24T20:00,0.2,0.5,0.0,0.0,24.1,1.4,3.3,358,100,4440.0,0,0.482,50.0,300.0,0,0.0,51,0,0.1,-1,-1,-1,-1,0.0,0.0
2026-06-24T21:00,0.6,0.833,0.0,0.0,23.8,1.4,3.0,4,100,3480.0,0,0.486,80.0,250.0,0,0.0,53,1,0.1,144,0,1,6,0.0,0.5
2026-06-24T22:00,0.2,0.0,0.0,0.0,23.6,1.78,3.6,10,100,4380.0,1,0.487,20.0,270.0,0,0.0,51,0,0.2,-1,-1,-1,-1,0.0,0.0
2026-06-24T23:00,0.1,0.0,0.0,0.0,23.8,1.66,3.8,5,100,4740.0,1,0.487,20.0,300.0,0,0.0,51,0,0.1,-1,-1,-1,-1,0.0,0.0
2026-06-25T00:00,0.1,1.0,0.0,0.0,24.2,1.41,4.2,17,100,4760.0,1,0.511,60.0,220.0,0,0.0,51,0,0.0,-1,-1,-1,-1,0.0,0.0
2026-06-25T01:00,0.1,0.0,0.0,0.0,24.9,1.15,3.6,34,86,7660.0,1,0.508,30.0,245.0,0,0.0,51,0,0.1,-1,-1,-1,-1,0.0,0.0
2026-06-25T02:00,0.0,0.0,0.0,0.0,26.6,0.97,3.9,12,59,11120.0,1,0.505,60.0,555.0,0,0.0,2,0,0.0,-1,-1,-1,-1,0.0,0.0
2026-06-25T03:00,0.1,1.0,0.0,0.0,29.1,0.95,4.2,342,100,6320.0,1,0.502,170.0,815.0,0,0.0,51,0,0.0,-1,-1,-1,-1,0.0,0.0
2026-06-25T04:00,0.3,0.333,0.0,0.0,28.6,2.04,5.6,335,51,4920.0,1,0.502,300.0,735.0,0,0.0,51,1,0.2,145,0,2,12,0.202,0.254
2026-06-25T05:00,0.4,0.25,0.0,0.0,29.1,2.84,7.6,350,56,6540.0,1,0.501,460.0,745.0,0,0.0,51,1,0.3,145,1,1,12,0.202,0.204
2026-06-25T06:00,0.1,0.0,0.0,0.0,29.0,2.9,7.7,1,42,10580.0,1,0.5,370.0,825.0,0,0.0,51,0,0.1,-1,-1,-1,-1,0.0,0.0
2026-06-25T07:00,0.1,0.0,0.0,0.0,29.5,3.54,8.6,8,48,9140.0,1,0.497,330.0,915.0,0,0.0,51,0,0.1,-1,-1,-1,-1,0.0,0.0
2026-06-25T08:00,0.1,0.0,0.0,0.0,28.9,3.81,8.6,10,63,10500.0,1,0.495,320.0,835.0,0,0.0,51,0,0.1,-1,-1,-1,-1,0.0,0.0
2026-06-25T09:00,0.0,0.0,0.0,0.0,29.1,3.26,9.1,11,62,11340.0,1,0.492,270.0,870.0,0,0.0,2,0,0.0,-1,-1,-1,-1,0.0,0.0
2026-06-25T10:00,0.0,0.0,0.0,0.0,28.4,2.8,7.4,24,64,15260.0,1,0.491,220.0,785.0,0,0.0,2,0,0.0,-1,-1,-1,-1,0.0,0.0
2026-06-25T11:00,0.0,0.0,0.0,0.0,27.5,1.93,5.9,37,81,14720.0,1,0.49,340.0,555.0,0,0.0,3,0,0.0,-1,-1,-1,-1,0.0,0.0
2026-06-25T12:00,0.0,0.0,0.0,0.0,26.8,2.09,3.8,17,100,15260.0,0,0.474,40.0,525.0,0,0.0,3,0,0.0,-1,-1,-1,-1,0.0,0.0
2026-06-25T13:00,0.0,0.0,0.0,0.0,26.5,1.5,4.1,2,100,7480.0,0,0.475,60.0,500.0,0,0.0,3,0,0.0,-1,-1,-1,-1,0.0,0.0
2026-06-25T14:00,0.1,0.0,0.0,0.0,25.9,1.07,3.1,37,98,8560.0,0,0.476,70.0,310.0,0,0.0,51,0,0.1,-1,-1,-1,-1,0.0,0.0
2026-06-25T15:00,0.0,0.0,0.0,0.0,25.4,0.76,2.1,32,100,9840.0,0,0.476,70.0,100.0,0,0.0,3,0,0.0,-1,-1,-1,-1,0.0,0.0
2026-06-25T16:00,0.0,0.0,0.0,0.0,25.4,0.54,1.5,338,100,9320.0,0,0.476,170.0,100.0,0,0.0,3,0,0.0,-1,-1,-1,-1,0.0,0.0
2026-06-25T17:00,0.0,0.0,0.0,0.0,25.3,0.47,1.2,328,100,7520.0,0,0.477,210.0,75.0,0,0.0,3,0,0.0,-1,-1,-1,-1,0.0,0.0
2026-06-25T18:00,0.3,0.333,0.0,0.0,25.2,1.77,1.8,8,100,4780.0,0,0.474,200.0,435.0,0,0.0,51,1,0.2,146,0,11,8,0.574,0.353
2026-06-25T19:00,0.3,0.333,0.0,0.0,24.7,2.15,4.2,1,100,4800.0,0,0.477,130.0,385.0,0,0.0,51,1,0.2,146,1,10,8,0.574,0.353
2026-06-25T20:00,0.2,0.5,0.0,0.0,24.5,2.01,4.3,4,100,5400.0,0,0.478,30.0,355.0,0,0.0,51,0,0.1,146,2,9,8,0.574,0.453
2026-06-25T21:00,0.3,0.667,0.0,0.0,24.3,1.78,4.0,350,100,4000.0,0,0.48,30.0,285.0,0,0.0,51,1,0.1,146,3,8,8,0.574,0.553
2026-06-25T22:00,0.4,0.5,0.0,0.0,24.1,1.46,3.4,344,100,3700.0,1,0.483,80.0,250.0,0,0.0,51,1,0.2,146,4,7,8,0.574,0.453
2026-06-25T23:00,0.2,0.5,0.0,0.0,24.2,1.53,3.4,349,100,4220.0,1,0.485,60.0,245.0,0,0.0,51,0,0.1,146,5,6,8,0.574,0.453
2026-06-26T00:00,0.3,1.0,0.0,0.0,24.3,2.02,4.0,353,100,2880.0,1,0.49,100.0,300.0,0,0.0,51,1,0.0,146,6,5,8,0.574,0.753
2026-06-26T01:00,0.6,0.0,0.0,0.0,24.4,2.04,4.5,349,100,3000.0,1,0.495,110.0,275.0,0,0.0,53,1,0.6,146,7,4,8,0.574,0.153
2026-06-26T02:00,0.9,0.333,0.0,0.0,24.6,1.59,4.5,347,100,2620.0,1,0.503,150.0,290.0,0,0.0,53,1,0.6,146,8,3,8,0.574,0.353
2026-06-26T03:00,0.8,0.25,0.0,0.0,24.7,1.28,3.7,339,100,3520.0,1,0.508,170.0,260.0,0,0.0,53,1,0.6,146,9,2,8,0.574,0.303
2026-06-26T04:00,0.3,0.333,0.0,0.0,24.9,1.05,3.7,360,100,3980.0,1,0.506,220.0,265.0,0,0.0,51,1,0.2,146,10,1,8,0.574,0.353
2026-06-26T05:00,0.1,1.0,0.0,0.0,25.7,1.1,4.0,3,98,6120.0,1,0.504,370.0,345.0,0,0.0,51,0,0.0,-1,-1,-1,-1,0.0,0.0
2026-06-26T06:00,0.1,0.0,0.0,0.0,26.0,1.0,4.1,18,61,7140.0,1,0.51,160.0,430.0,0,0.0,51,0,0.1,-1,-1,-1,-1,0.0,0.0
2026-06-26T07:00,0.1,0.0,0.0,0.0,27.3,1.63,4.7,23,98,8880.0,1,0.505,110.0,660.0,0,0.0,51,0,0.1,-1,-1,-1,-1,0.0,0.0
2026-06-26T08:00,0.1,0.0,0.0,0.0,28.2,2.4,6.2,31,59,9180.0,1,0.502,250.0,630.0,0,0.0,51,0,0.1,-1,-1,-1,-1,0.0,0.0
2026-06-26T09:00,0.1,0.0,0.0,0.0,28.6,2.53,6.2,25,30,9660.0,1,0.499,270.0,650.0,0,0.0,51,0,0.1,-1,-1,-1,-1,0.0,0.0
2026-06-26T10:00,0.0,0.0,0.0,0.0,28.1,2.06,6.2,18,21,13120.0,1,0.497,330.0,630.0,0,0.0,1,0,0.0,-1,-1,-1,-1,0.0,0.0
2026-06-26T11:00,0.0,0.0,0.0,0.0,27.1,1.05,4.5,357,23,15280.0,1,0.496,480.0,215.0,0,0.0,1,0,0.0,-1,-1,-1,-1,0.0,0.0
2026-06-26T12:00,0.0,0.0,0.0,0.0,24.8,2.12,2.5,19,100,2600.0,0,0.502,370.0,340.0,0,0.0,3,0,0.0,-1,-1,-1,-1,0.0,0.0
2026-06-26T13:00,0.7,0.143,0.0,0.0,24.6,1.68,4.1,17,100,3280.0,0,0.509,340.0,310.0,0,0.0,53,1,0.6,147,0,2,7,0.236,0.149
2026-06-26T14:00,0.5,0.4,0.0,0.0,24.4,1.51,3.3,8,82,3320.0,0,0.512,260.0,195.0,0,0.0,53,1,0.3,147,1,1,7,0.236,0.303
2026-06-26T15:00,0.2,0.0,0.0,0.0,24.3,1.05,3.0,360,99,5120.0,0,0.51,230.0,215.0,0,0.0,51,0,0.2,-1,-1,-1,-1,0.0,0.0
2026-06-26T16:00,0.1,0.0,0.0,0.0,24.2,0.9,2.1,360,97,5320.0,0,0.508,270.0,150.0,0,0.0,51,0,0.1,-1,-1,-1,-1,0.0,0.0
2026-06-26T17:00,0.0,0.0,0.0,0.0,24.0,0.99,2.3,330,67,5160.0,0,0.506,230.0,110.0,0,0.0,2,0,0.0,-1,-1,-1,-1,0.0,0.0
2026-06-26T18:00,0.1,1.0,0.0,0.0,24.3,1.03,2.6,321,42,4740.0,0,0.499,370.0,105.0,0,0.0,51,0,0.0,-1,-1,-1,-1,0.0,0.0
2026-06-26T19:00,0.1,1.0,0.0,0.0,23.9,1.33,2.4,347,93,5140.0,0,0.499,310.0,150.0,0,0.0,51,0,0.0,-1,-1,-1,-1,0.0,0.0
2026-06-26T20:00,0.1,1.0,0.0,0.0,23.7,1.94,3.9,348,100,4620.0,0,0.499,160.0,260.0,0,0.0,51,0,0.0,-1,-1,-1,-1,0.0,0.0
2026-06-26T21:00,0.2,0.5,0.0,0.0,23.6,1.89,4.0,348,100,3600.0,0,0.5,60.0,310.0,0,0.0,51,0,0.1,-1,-1,-1,-1,0.0,0.0
2026-06-26T22:00,0.3,0.333,0.0,0.0,23.6,1.73,3.7,350,100,1480.0,1,0.503,50.0,310.0,0,0.0,51,1,0.2,148,0,3,2,0.333,0.289
2026-06-26T23:00,0.2,0.5,0.0,0.0,23.7,1.41,3.6,343,100,2140.0,1,0.504,80.0,285.0,0,0.0,51,0,0.1,148,1,2,2,0.333,0.389
2026-06-27T00:00,0.4,0.5,0.0,0.0,24.0,2.36,3.8,347,100,3260.0,1,0.506,130.0,370.0,0,0.0,51,1,0.2,148,2,1,2,0.333,0.389
2026-06-27T01:00,0.2,0.0,0.0,0.0,24.0,2.16,5.4,356,100,4140.0,1,0.505,160.0,360.0,0,0.0,51,0,0.2,-1,-1,-1,-1,0.0,0.0
2026-06-27T02:00,0.2,0.5,0.0,0.0,24.3,2.0,5.1,360,100,5500.0,1,0.505,140.0,275.0,0,0.0,51,0,0.1,-1,-1,-1,-1,0.0,0.0
2026-06-27T03:00,0.5,0.6,0.0,0.0,25.4,2.12,5.6,15,76,5420.0,1,0.506,220.0,410.0,0,0.0,53,1,0.2,149,0,1,28,0.0,0.36
2026-06-27T04:00,0.1,0.0,0.0,0.0,26.2,2.11,5.9,7,100,11660.0,1,0.504,70.0,515.0,0,0.0,51,0,0.1,-1,-1,-1,-1,0.0,0.0
2026-06-27T05:00,0.0,0.0,0.0,0.0,27.9,1.38,5.7,13,100,15360.0,1,0.501,20.0,690.0,0,0.0,3,0,0.0,-1,-1,-1,-1,0.0,0.0
2026-06-27T06:00,0.0,0.0,0.0,0.0,27.1,1.96,5.1,19,96,15360.0,1,0.498,20.0,760.0,0,0.0,3,0,0.0,-1,-1,-1,-1,0.0,0.0
2026-06-27T07:00,0.0,0.0,0.0,0.0,28.4,1.96,5.6,19,74,15500.0,1,0.496,0.0,980.0,0,0.0,2,0,0.0,-1,-1,-1,-1,0.0,0.0
2026-06-27T08:00,0.0,0.0,0.0,0.0,29.1,2.51,6.4,6,75,17300.0,1,0.493,0.0,1075.0,0,0.0,2,0,0.0,-1,-1,-1,-1,0.0,0.0
2026-06-27T09:00,0.0,0.0,0.0,0.0,28.8,2.11,6.5,4,19,17300.0,1,0.49,0.0,915.0,0,0.0,0,0,0.0,-1,-1,-1,-1,0.0,0.0
2026-06-27T10:00,0.0,0.0,0.0,0.0,28.2,1.6,5.3,2,20,17300.0,1,0.488,0.0,665.0,0,0.0,1,0,0.0,-1,-1,-1,-1,0.0,0.0
2026-06-27T11:00,0.0,0.0,0.0,0.0,27.1,0.57,3.7,38,8,15360.0,1,0.488,0.0,45.0,0,0.0,0,0,0.0,-1,-1,-1,-1,0.0,0.0
2026-06-27T12:00,0.0,0.0,0.0,0.0,26.6,0.59,1.1,110,9,17320.0,0,0.463,0.0,30.0,0,0.0,0,0,0.0,-1,-1,-1,-1,0.0,0.0
2026-06-27T13:00,0.0,0.0,0.0,0.0,25.6,1.42,2.6,148,13,15360.0,0,0.464,0.0,30.0,0,0.0,0,0,0.0,-1,-1,-1,-1,0.0,0.0
2026-06-27T14:00,0.0,0.0,0.0,0.0,24.6,0.97,2.6,159,19,13300.0,0,0.465,0.0,20.0,0,0.0,0,0,0.0,-1,-1,-1,-1,0.0,0.0
2026-06-27T15:00,0.0,0.0,0.0,0.0,23.9,0.27,2.1,158,3,11480.0,0,0.466,0.0,10.0,0,0.0,0,0,0.0,-1,-1,-1,-1,0.0,0.0
2026-06-27T16:00,0.0,0.0,0.0,0.0,23.6,0.27,0.9,158,2,11480.0,0,0.466,0.0,15.0,0,0.0,0,0,0.0,-1,-1,-1,-1,0.0,0.0
2026-06-27T17:00,0.0,0.0,0.0,0.0,23.4,0.52,1.4,163,12,11480.0,0,0.467,0.0,15.0,0,0.0,0,0,0.0,-1,-1,-1,-1,0.0,0.0
2026-06-27T18:00,0.0,0.0,0.0,0.0,24.5,0.69,1.6,150,100,13300.0,0,0.467,0.0,30.0,0,0.0,3,0,0.0,-1,-1,-1,-1,0.0,0.0
2026-06-27T19:00,0.0,0.0,0.0,0.0,24.3,0.54,1.4,158,84,13300.0,0,0.468,0.0,15.0,0,0.0,3,0,0.0,-1,-1,-1,-1,0.0,0.0
2026-06-27T20:00,0.0,0.0,0.0,0.0,24.2,0.11,1.2,153,98,13180.0,0,0.468,0.0,10.0,0,0.0,3,0,0.0,-1,-1,-1,-1,0.0,0.0
2026-06-27T21:00,0.0,0.0,0.0,0.0,24.2,0.11,0.4,153,99,13200.0,0,0.469,0.0,10.0,0,0.0,3,0,0.0,-1,-1,-1,-1,0.0,0.0
2026-06-27T22:00,0.0,0.0,0.0,0.0,24.2,0.05,0.4,180,99,13260.0,1,0.469,0.0,10.0,0,0.0,3,0,0.0,-1,-1,-1,-1,0.0,0.0
2026-06-27T23:00,0.0,0.0,0.0,0.0,25.5,0.21,1.4,315,98,13300.0,1,0.469,0.0,105.0,0,0.0,3,0,0.0,-1,-1,-1,-1,0.0,0.0
2026-06-28T00:00,0.0,0.0,0.0,0.0,26.9,0.71,3.6,352,100,15260.0,1,0.467,170.0,335.0,0,0.0,3,0,0.0,-1,-1,-1,-1,0.0,0.0
2026-06-28T01:00,0.0,0.0,0.0,0.0,27.9,0.98,3.8,336,99,14300.0,1,0.467,360.0,530.0,0,0.0,3,0,0.0,-1,-1,-1,-1,0.0,0.0
2026-06-28T02:00,0.0,0.0,0.0,0.0,29.6,1.19,4.5,338,97,14140.0,1,0.465,650.0,740.0,0,0.0,3,0,0.0,-1,-1,-1,-1,0.0,0.0
2026-06-28T03:00,0.0,0.0,0.0,0.0,30.7,1.5,5.4,345,88,12640.0,1,0.463,850.0,860.0,0,0.0,3,0,0.0,-1,-1,-1,-1,0.0,0.0
2026-06-28T04:00,0.0,0.0,0.0,0.0,31.9,1.61,5.6,355,91,11380.0,1,0.46,910.0,1055.0,0,0.0,3,0,0.0,-1,-1,-1,-1,0.0,0.0
2026-06-28T05:00,0.0,0.0,0.0,0.0,32.6,1.12,5.7,32,99,10060.0,1,0.457,910.0,1240.0,0,0.0,3,0,0.0,-1,-1,-1,-1,0.0,0.0
2026-06-28T06:00,0.0,0.0,0.0,0.0,33.2,1.35,4.6,22,99,14760.0,1,0.455,1100.0,1335.0,0,0.0,3,0,0.0,-1,-1,-1,-1,0.0,0.0
2026-06-28T07:00,0.0,0.0,0.0,0.0,33.7,2.14,5.9,11,63,19280.0,1,0.452,1030.0,1540.0,0,0.0,2,0,0.0,-1,-1,-1,-1,0.0,0.0
2026-06-28T08:00,0.3,0.333,0.0,0.0,32.0,2.71,6.7,28,67,5000.0,1,0.452,510.0,970.0,0,0.0,51,1,0.2,150,0,3,10,0.635,0.369
2026-06-28T09:00,1.4,0.286,0.0,0.0,28.4,2.87,6.5,130,90,2440.0,1,0.463,1690.0,275.0,0,0.0845,80,1,1.0,150,1,2,10,0.635,0.341
2026-06-28T10:00,0.9,0.0,0.0,0.0,27.7,1.36,6.3,163,86,3860.0,1,0.47,3010.0,120.0,0,0.0,53,1,0.9,150,2,1,10,0.635,0.169
2026-06-28T11:00,0.1,0.0,0.0,0.0,27.7,1.15,3.6,175,63,5160.0,1,0.471,3480.0,65.0,0,0.0,51,0,0.1,-1,-1,-1,-1,0.0,0.0
2026-06-28T12:00,0.0,0.0,0.0,0.0,26.9,0.5,2.2,186,90,6160.0,0,0.471,3170.0,30.0,0,0.0,3,0,0.0,-1,-1,-1,-1,0.0,0.0
2026-06-28T13:00,0.0,0.0,0.0,0.0,26.3,1.4,2.6,182,73,6360.0,0,0.471,2380.0,50.0,0,0.0,2,0,0.0,-1,-1,-1,-1,0.0,0.0
2026-06-28T14:00,0.0,0.0,0.0,0.0,25.8,1.1,2.5,180,72,4340.0,0,0.471,1630.0,40.0,0,0.0,2,0,0.0,-1,-1,-1,-1,0.0,0.0
2026-06-28T15:00,0.0,0.0,0.0,0.0,25.4,0.91,2.1,171,78,6480.0,0,0.471,1180.0,30.0,0,0.0,2,0,0.0,-1,-1,-1,-1,0.0,0.0
2026-06-28T16:00,0.0,0.0,0.0,0.0,25.0,0.82,1.8,166,88,6480.0,0,0.471,890.0,25.0,0,0.0,3,0,0.0,-1,-1,-1,-1,0.0,0.0
2026-06-28T17:00,0.0,0.0,0.0,0.0,24.7,1.18,2.2,168,84,6400.0,0,0.471,480.0,30.0,0,0.0,3,0,0.0,-1,-1,-1,-1,0.0,0.0
2026-06-28T18:00,0.0,0.0,0.0,0.0,26.2,0.61,2.3,171,100,7820.0,0,0.439,2440.0,20.0,0,0.0,3,0,0.0,-1,-1,-1,-1,0.0,0.0
2026-06-28T19:00,0.0,0.0,0.0,0.0,25.8,0.56,1.3,170,100,8400.0,0,0.44,2230.0,20.0,0,0.0,3,0,0.0,-1,-1,-1,-1,0.0,0.0
2026-06-28T20:00,0.0,0.0,0.0,0.0,25.3,0.42,1.0,135,100,4000.0,0,0.441,1890.0,20.0,0,0.0,3,0,0.0,-1,-1,-1,-1,0.0,0.0
2026-06-28T21:00,1.2,0.333,0.0,0.0,24.8,1.3,2.2,88,100,2880.0,0,0.451,1260.0,35.0,0,0.0315,55,1,0.8,151,0,16,9,0.599,0.36
2026-06-28T22:00,0.6,0.5,0.0,0.0,24.7,1.71,2.9,83,100,4580.0,1,0.46,860.0,55.0,0,0.0,53,1,0.3,151,1,15,9,0.599,0.46
2026-06-28T23:00,2.7,1.0,0.0,0.0,25.2,0.66,3.4,81,100,2380.0,1,0.495,680.0,50.0,0,0.1445,95,1,0.0,151,2,14,9,0.599,0.76
2026-06-29T00:00,0.9,0.778,0.0,0.0,28.4,0.3,2.2,171,96,3900.0,1,0.438,790.0,265.0,0,0.0,53,1,0.2,151,3,13,9,0.599,0.627
2026-06-29T01:00,1.3,0.615,0.0,0.0,26.5,1.35,3.7,219,97,2660.0,1,0.452,1630.0,280.0,0,0.0611,95,1,0.5,151,4,12,9,0.599,0.529
2026-06-29T02:00,2.9,0.897,0.0,0.0,26.0,1.79,4.9,243,100,2200.0,1,0.488,920.0,245.0,0,0.2185,95,1,0.3,151,5,11,9,0.599,0.698
2026-06-29T03:00,2.0,0.55,0.0,0.0,27.1,1.12,5.0,238,100,3920.0,1,0.506,1820.0,270.0,0,0.2275,95,1,0.9,151,6,10,9,0.599,0.49
2026-06-29T04:00,0.6,0.5,0.0,0.0,28.8,1.14,5.1,255,100,3540.0,1,0.504,1910.0,550.0,0,0.0,95,1,0.3,151,7,9,9,0.599,0.46
2026-06-29T05:00,1.1,0.727,0.0,0.0,29.8,0.96,5.3,227,100,3940.0,1,0.506,2690.0,775.0,0,0.025,96,1,0.3,151,8,8,9,0.599,0.596
2026-06-29T06:00,1.9,0.947,0.0,0.0,28.2,0.78,5.8,255,99,3080.0,1,0.517,2400.0,405.0,0,0.225,96,1,0.1,151,9,7,9,0.599,0.728
2026-06-29T07:00,0.9,0.444,0.0,0.0,28.4,0.34,4.0,117,91,3840.0,1,0.511,2620.0,330.0,0,0.0,95,1,0.5,151,10,6,9,0.599,0.426
2026-06-29T08:00,0.5,0.4,0.0,0.0,28.5,0.43,3.2,216,98,5340.0,1,0.508,2680.0,425.0,0,0.0,95,1,0.3,151,11,5,9,0.599,0.4
2026-06-29T09:00,0.2,0.0,0.0,0.0,28.2,0.4,2.9,7,100,6080.0,1,0.504,3230.0,100.0,0,0.0,51,0,0.2,151,12,4,9,0.599,0.16
2026-06-29T10:00,1.1,0.727,0.0,0.0,27.8,0.25,2.9,323,100,3220.0,1,0.509,2700.0,40.0,0,0.025,95,1,0.3,151,13,3,9,0.599,0.596
2026-06-29T11:00,2.6,0.769,0.0,0.0,26.9,0.07,1.9,135,100,580.0,1,0.517,3150.0,10.0,0,0.4,96,1,0.6,151,14,2,9,0.599,0.621
2026-06-29T12:00,2.1,0.333,0.0,0.0,27.2,0.67,1.2,42,100,320.0,0,0.508,3610.0,35.0,0,0.275,95,1,1.4,151,15,1,9,0.599,0.36
2026-06-29T13:00,0.0,0.0,0.0,0.0,26.6,0.47,1.4,72,100,580.0,0,0.504,3390.0,30.0,0,0.0,3,0,0.0,-1,-1,-1,-1,0.0,0.0
2026-06-29T14:00,0.0,0.0,0.0,0.0,26.5,0.07,0.8,135,100,1160.0,0,0.501,3290.0,10.0,0,0.0,3,0,0.0,-1,-1,-1,-1,0.0,0.0
2026-06-29T15:00,0.0,0.0,0.0,0.0,26.0,0.34,1.0,153,100,2800.0,0,0.499,3160.0,15.0,0,0.0,3,0,0.0,-1,-1,-1,-1,0.0,0.0
2026-06-29T16:00,0.0,0.0,0.0,0.0,25.6,0.36,1.1,164,100,3860.0,0,0.497,2580.0,15.0,0,0.0,3,0,0.0,-1,-1,-1,-1,0.0,0.0
2026-06-29T17:00,0.0,0.0,0.0,0.0,25.4,0.46,1.3,193,100,4880.0,0,0.495,1910.0,15.0,0,0.0,3,0,0.0,-1,-1,-1,-1,0.0,0.0
2026-06-29T18:00,0.0,0.0,0.0,0.0,26.0,0.4,1.4,150,100,2040.0,0,0.492,2680.0,15.0,0,0.0,3,0,0.0,-1,-1,-1,-1,0.0,0.0
2026-06-29T19:00,0.0,0.0,0.0,0.0,25.5,0.32,1.1,162,100,2780.0,0,0.492,2310.0,15.0,0,0.0,3,0,0.0,-1,-1,-1,-1,0.0,0.0
2026-06-29T20:00,0.1,0.0,0.0,0.0,25.1,0.61,1.5,145,100,4500.0,0,0.492,1900.0,20.0,0,0.0,51,0,0.1,-1,-1,-1,-1,0.0,0.0
2026-06-29T21:00,0.1,0.0,0.0,0.0,24.8,0.78,1.8,153,99,5100.0,0,0.492,1350.0,20.0,0,0.0,51,0,0.1,-1,-1,-1,-1,0.0,0.0
2026-06-29T22:00,0.8,0.875,0.0,0.0,24.9,1.25,2.7,180,100,3920.0,1,0.502,970.0,35.0,0,0.0,53,1,0.1,152,0,3,8,0.417,0.636
2026-06-29T23:00,1.0,0.8,0.0,0.0,25.2,1.45,3.1,180,100,3520.0,1,0.512,880.0,55.0,0,0.0,55,1,0.2,152,1,2,8,0.417,0.591
2026-06-30T00:00,0.4,0.0,0.0,0.0,26.9,1.32,3.3,233,100,5280.0,1,0.518,2000.0,265.0,0,0.0,51,1,0.4,152,2,1,8,0.417,0.111
2026-06-30T01:00,0.1,0.0,0.0,0.0,27.5,1.17,3.7,220,100,7340.0,1,0.509,2100.0,350.0,0,0.0,51,0,0.1,-1,-1,-1,-1,0.0,0.0
2026-06-30T02:00,0.0,0.0,0.0,0.0,29.2,1.52,4.3,203,100,15500.0,1,0.505,1880.0,600.0,0,0.0,3,0,0.0,-1,-1,-1,-1,0.0,0.0
2026-06-30T03:00,0.0,0.0,0.0,0.0,29.8,1.71,4.6,201,100,10360.0,1,0.501,1170.0,780.0,0,0.0,3,0,0.0,-1,-1,-1,-1,0.0,0.0
2026-06-30T04:00,0.0,0.0,0.0,0.0,30.8,1.57,4.9,207,99,10740.0,1,0.498,1020.0,945.0,0,0.0,3,0,0.0,-1,-1,-1,-1,0.0,0.0
2026-06-30T05:00,0.1,0.0,0.0,0.0,32.4,1.7,6.0,220,95,7680.0,1,0.495,980.0,1215.0,0,0.0,51,0,0.1,-1,-1,-1,-1,0.0,0.0
2026-06-30T06:00,0.2,0.0,0.0,0.0,32.1,0.97,5.3,258,100,10780.0,1,0.492,1090.0,1280.0,0,0.0,51,0,0.2,-1,-1,-1,-1,0.0,0.0
2026-06-30T07:00,0.0,0.0,0.0,0.0,32.2,0.66,5.9,279,98,9600.0,1,0.49,1030.0,1130.0,0,0.0,3,0,0.0,-1,-1,-1,-1,0.0,0.0
2026-06-30T08:00,0.0,0.0,0.0,0.0,32.2,0.47,5.2,288,100,19400.0,1,0.487,1350.0,1250.0,0,0.0,3,0,0.0,-1,-1,-1,-1,0.0,0.0
2026-06-30T09:00,0.8,0.75,0.0,0.0,28.8,1.43,4.3,282,99,3820.0,1,0.491,1990.0,165.0,0,0.0,95,1,0.2,153,0,5,18,0.643,0.621
2026-06-30T10:00,0.3,0.0,0.0,0.0,27.6,1.01,3.9,351,100,3380.0,1,0.493,2750.0,200.0,0,0.0,51,1,0.3,153,1,4,18,0.643,0.171
2026-06-30T11:00,1.4,0.357,0.0,0.0,26.7,0.16,2.6,198,100,2220.0,1,0.506,2800.0,15.0,0,0.1,95,1,0.9,153,2,3,18,0.643,0.386
2026-06-30T12:00,2.5,0.92,0.0,0.0,26.5,0.56,2.1,10,100,2440.0,0,0.504,2740.0,45.0,0,0.375,96,1,0.2,153,3,2,18,0.643,0.723
2026-06-30T13:00,1.4,0.857,0.0,0.0,26.2,1.25,3.8,29,100,2780.0,0,0.516,2590.0,95.0,0,0.1,96,1,0.2,153,4,1,18,0.643,0.686
2026-06-30T14:00,0.2,0.5,0.0,0.0,25.9,0.58,3.4,59,100,3160.0,0,0.513,1830.0,60.0,0,0.0,51,0,0.1,-1,-1,-1,-1,0.0,0.0
2026-06-30T15:00,0.1,0.0,0.0,0.0,25.8,0.29,1.3,31,100,4940.0,0,0.51,1890.0,25.0,0,0.0,51,0,0.1,-1,-1,-1,-1,0.0,0.0
2026-06-30T16:00,0.1,0.0,0.0,0.0,25.4,1.1,2.3,204,100,4280.0,0,0.508,1780.0,45.0,0,0.0,51,0,0.1,-1,-1,-1,-1,0.0,0.0
2026-06-30T17:00,0.1,0.0,0.0,0.0,25.1,1.26,2.4,173,100,6400.0,0,0.506,1270.0,40.0,0,0.0,51,0,0.1,-1,-1,-1,-1,0.0,0.0
2026-06-30T18:00,0.0,0.0,0.0,0.0,25.5,0.9,2.6,177,100,1180.0,0,0.498,1750.0,35.0,0,0.0,3,0,0.0,-1,-1,-1,-1,0.0,0.0
2026-06-30T19:00,0.0,0.0,0.0,0.0,25.1,1.06,2.3,188,100,6640.0,0,0.497,1140.0,50.0,0,0.0,3,0,0.0,-1,-1,-1,-1,0.0,0.0
2026-06-30T20:00,0.0,0.0,0.0,0.0,24.9,0.76,2.1,203,100,6740.0,0,0.496,710.0,35.0,0,0.0,3,0,0.0,-1,-1,-1,-1,0.0,0.0
2026-06-30T21:00,0.1,0.0,0.0,0.0,24.6,0.84,1.7,197,100,7700.0,0,0.496,520.0,40.0,0,0.0,51,0,0.1,-1,-1,-1,-1,0.0,0.0
2026-06-30T22:00,0.0,0.0,0.0,0.0,24.5,0.7,1.7,184,84,8680.0,1,0.495,440.0,30.0,0,0.0,3,0,0.0,-1,-1,-1,-1,0.0,0.0
2026-06-30T23:00,0.0,0.0,0.0,0.0,25.4,1.0,2.7,198,95,5680.0,1,0.494,900.0,65.0,0,0.0,3,0,0.0,-1,-1,-1,-1,0.0,0.0
2026-07-01T00:00,0.0,0.0,0.0,0.0,27.6,0.72,3.3,214,90,11600.0,1,0.485,1720.0,415.0,0,0.0,3,0,0.0,-1,-1,-1,-1,0.0,0.0
2026-07-01T01:00,0.0,0.0,0.0,0.0,29.3,1.52,4.7,229,95,15540.0,1,0.484,1300.0,695.0,0,0.0,3,0,0.0,-1,-1,-1,-1,0.0,0.0
2026-07-01T02:00,0.1,0.0,0.0,0.0,30.7,1.62,5.0,236,79,11360.0,1,0.483,1050.0,985.0,0,0.0,51,0,0.1,-1,-1,-1,-1,0.0,0.0
2026-07-01T03:00,0.0,0.0,0.0,0.0,31.5,1.86,5.4,216,92,19460.0,1,0.481,980.0,1075.0,0,0.0,3,0,0.0,-1,-1,-1,-1,0.0,0.0
2026-07-01T04:00,0.0,0.0,0.0,0.0,32.0,2.31,6.1,210,100,19460.0,1,0.479,1030.0,1165.0,0,0.0,3,0,0.0,-1,-1,-1,-1,0.0,0.0
2026-07-01T05:00,0.0,0.0,0.0,0.0,32.1,2.23,6.2,220,100,19460.0,1,0.476,1150.0,1175.0,0,0.0,3,0,0.0,-1,-1,-1,-1,0.0,0.0
2026-07-01T06:00,0.1,1.0,0.0,0.0,29.3,0.53,6.8,311,100,6160.0,1,0.473,1250.0,90.0,0,0.0,51,0,0.0,-1,-1,-1,-1,0.0,0.0
2026-07-01T07:00,0.0,0.0,0.0,0.0,30.1,1.96,5.5,6,95,12200.0,1,0.472,1630.0,575.0,0,0.0,3,0,0.0,-1,-1,-1,-1,0.0,0.0
2026-07-01T08:00,0.3,0.0,0.0,0.0,28.4,1.93,6.1,10,97,3660.0,1,0.474,1830.0,400.0,0,0.0,51,1,0.3,154,0,2,21,0.354,0.094
2026-07-01T09:00,0.5,0.0,0.0,0.0,27.8,2.11,5.2,36,99,7360.0,1,0.477,1970.0,330.0,0,0.0,53,1,0.5,154,1,1,21,0.354,0.094
2026-07-01T10:00,0.0,0.0,0.0,0.0,27.9,1.66,4.9,29,100,8460.0,1,0.477,2260.0,265.0,0,0.0,3,0,0.0,-1,-1,-1,-1,0.0,0.0
2026-07-01T11:00,0.1,0.0,0.0,0.0,27.3,1.11,3.8,8,100,7480.0,1,0.478,2430.0,195.0,0,0.0,51,0,0.1,-1,-1,-1,-1,0.0,0.0
2026-07-01T12:00,0.0,0.0,0.0,0.0,27.7,0.49,2.1,24,98,10480.0,0,0.477,2530.0,40.0,0,0.0,3,0,0.0,-1,-1,-1,-1,0.0,0.0
2026-07-01T13:00,0.0,0.0,0.0,0.0,27.0,0.45,0.7,63,95,11520.0,0,0.478,2460.0,25.0,0,0.0,3,0,0.0,-1,-1,-1,-1,0.0,0.0
2026-07-01T14:00,0.0,0.0,0.0,0.0,26.7,0.15,0.7,180,87,11560.0,0,0.478,2480.0,15.0,0,0.0,3,0,0.0,-1,-1,-1,-1,0.0,0.0
2026-07-01T15:00,0.0,0.0,0.0,0.0,26.3,0.21,0.6,194,98,9400.0,0,0.478,2670.0,20.0,0,0.0,3,0,0.0,-1,-1,-1,-1,0.0,0.0
2026-07-01T16:00,0.0,0.0,0.0,0.0,25.7,0.18,0.6,124,92,9520.0,0,0.479,2820.0,10.0,0,0.0,3,0,0.0,-1,-1,-1,-1,0.0,0.0
2026-07-01T17:00,0.0,0.0,0.0,0.0,25.4,0.18,0.6,146,97,5620.0,0,0.479,2940.0,10.0,0,0.0,3,0,0.0,-1,-1,-1,-1,0.0,0.0
2026-07-01T18:00,0.0,0.0,0.0,0.0,25.7,0.64,0.7,45,100,460.0,0,0.475,3180.0,25.0,0,0.0,3,0,0.0,-1,-1,-1,-1,0.0,0.0
2026-07-01T19:00,0.0,0.0,0.0,0.0,25.3,0.45,1.0,63,100,160.0,0,0.476,3150.0,25.0,0,0.0,3,0,0.0,-1,-1,-1,-1,0.0,0.0
2026-07-01T20:00,0.0,0.0,0.0,0.0,25.2,0.54,1.0,68,100,120.0,0,0.476,3180.0,25.0,0,0.0,3,0,0.0,-1,-1,-1,-1,0.0,0.0
2026-07-01T21:00,0.0,0.0,0.0,0.0,25.2,0.4,1.1,83,100,180.0,0,0.476,3080.0,15.0,0,0.0,3,0,0.0,-1,-1,-1,-1,0.0,0.0
2026-07-01T22:00,0.0,0.0,0.0,0.0,25.2,0.22,1.0,117,100,200.0,1,0.476,3010.0,10.0,0,0.0,3,0,0.0,-1,-1,-1,-1,0.0,0.0
2026-07-01T23:00,0.0,0.0,0.0,0.0,26.3,0.2,1.6,90,100,900.0,1,0.476,2880.0,35.0,0,0.0,3,0,0.0,-1,-1,-1,-1,0.0,0.0
2026-07-02T00:00,0.0,0.0,0.0,0.0,28.5,0.53,2.8,311,29,2660.0,1,0.473,3580.0,245.0,0,0.0,1,0,0.0,-1,-1,-1,-1,0.0,0.0
2026-07-02T01:00,0.1,1.0,0.0,0.0,30.5,0.9,5.3,270,28,9740.0,1,0.474,3330.0,985.0,0,0.0,51,0,0.0,-1,-1,-1,-1,0.0,0.0
2026-07-02T02:00,0.1,0.0,0.0,0.0,32.3,1.57,6.1,211,43,7600.0,1,0.472,2200.0,1305.0,0,0.0,51,0,0.1,-1,-1,-1,-1,0.0,0.0
2026-07-02T03:00,0.0,0.0,0.0,0.0,33.7,2.23,7.3,200,52,22800.0,1,0.47,1040.0,1455.0,0,0.0,2,0,0.0,-1,-1,-1,-1,0.0,0.0
2026-07-02T04:00,0.0,0.0,0.0,0.0,34.6,2.79,7.7,201,60,9280.0,1,0.467,1040.0,1610.0,0,0.0,2,0,0.0,-1,-1,-1,-1,0.0,0.0
2026-07-02T05:00,0.0,0.0,0.0,0.0,35.3,3.15,8.2,195,47,22800.0,1,0.463,1400.0,1670.0,0,0.0,1,0,0.0,-1,-1,-1,-1,0.0,0.0
2026-07-02T06:00,0.1,0.0,0.0,0.0,32.8,2.23,8.7,189,76,3260.0,1,0.464,840.0,1565.0,0,0.0,51,0,0.1,-1,-1,-1,-1,0.0,0.0
2026-07-02T07:00,0.8,0.125,0.0,0.0,34.4,3.0,7.0,191,85,5820.0,1,0.469,1280.0,1355.0,0,0.0,53,1,0.7,155,0,3,44,0.6,0.235
2026-07-02T08:00,0.2,0.5,0.0,0.0,34.4,2.4,7.3,203,90,9400.0,1,0.468,1350.0,1410.0,0,0.0,51,0,0.1,155,1,2,44,0.6,0.46
2026-07-02T09:00,0.5,0.6,0.0,0.0,33.3,1.94,5.9,192,71,5920.0,1,0.469,1630.0,1060.0,0,0.0,95,1,0.2,155,2,1,44,0.6,0.52
2026-07-02T10:00,0.1,0.0,0.0,0.0,31.7,2.15,5.0,180,64,17600.0,1,0.47,2930.0,395.0,0,0.0,51,0,0.1,-1,-1,-1,-1,0.0,0.0
2026-07-02T11:00,0.0,0.0,0.0,0.0,30.2,1.6,4.0,176,96,14520.0,1,0.469,2460.0,185.0,0,0.0,3,0,0.0,-1,-1,-1,-1,0.0,0.0
2026-07-02T12:00,0.0,0.0,0.0,0.0,28.8,0.56,3.9,153,98,17600.0,0,0.468,650.0,25.0,0,0.0,3,0,0.0,-1,-1,-1,-1,0.0,0.0
2026-07-02T13:00,0.0,0.0,0.0,0.0,27.8,0.81,1.7,137,98,15620.0,0,0.468,570.0,35.0,0,0.0,3,0,0.0,-1,-1,-1,-1,0.0,0.0
2026-07-02T14:00,0.0,0.0,0.0,0.0,26.9,0.73,1.7,164,99,15620.0,0,0.468,610.0,20.0,0,0.0,3,0,0.0,-1,-1,-1,-1,0.0,0.0
2026-07-02T15:00,0.0,0.0,0.0,0.0,26.4,1.27,2.5,171,100,15620.0,0,0.469,470.0,40.0,0,0.0,3,0,0.0,-1,-1,-1,-1,0.0,0.0
2026-07-02T16:00,0.0,0.0,0.0,0.0,26.9,1.82,3.5,171,100,17600.0,0,0.468,760.0,225.0,0,0.0,3,0,0.0,-1,-1,-1,-1,0.0,0.0
2026-07-02T17:00,0.0,0.0,0.0,0.0,27.3,2.02,4.0,187,99,17600.0,0,0.468,900.0,495.0,0,0.0,3,0,0.0,-1,-1,-1,-1,0.0,0.0
2026-07-02T18:00,0.0,0.0,0.0,0.0,27.5,1.8,3.9,177,70,15620.0,0,0.468,930.0,460.0,0,0.0,2,0,0.0,-1,-1,-1,-1,0.0,0.0
2026-07-02T19:00,0.0,0.0,0.0,0.0,26.6,1.4,3.5,180,76,15620.0,0,0.468,700.0,365.0,0,0.0,2,0,0.0,-1,-1,-1,-1,0.0,0.0
2026-07-02T20:00,0.0,0.0,0.0,0.0,26.1,1.15,2.7,180,63,15620.0,0,0.468,500.0,65.0,0,0.0,2,0,0.0,-1,-1,-1,-1,0.0,0.0
2026-07-02T21:00,0.0,0.0,0.0,0.0,25.1,1.0,2.3,183,77,13520.0,0,0.468,320.0,35.0,0,0.0,2,0,0.0,-1,-1,-1,-1,0.0,0.0
2026-07-02T22:00,0.0,0.0,0.0,0.0,24.5,1.2,2.5,182,21,13520.0,1,0.468,160.0,35.0,0,0.0,1,0,0.0,-1,-1,-1,-1,0.0,0.0
2026-07-02T23:00,0.0,0.0,0.0,0.0,26.8,1.6,3.3,200,46,15640.0,1,0.468,260.0,105.0,0,0.0,1,0,0.0,-1,-1,-1,-1,0.0,0.0
2026-07-03T00:00,0.0,0.0,0.0,0.0,29.5,1.72,4.1,216,5,17620.0,1,0.463,1080.0,935.0,0,0.0,0,0,0.0,-1,-1,-1,-1,0.0,0.0
2026-07-03T01:00,0.0,0.0,0.0,0.0,31.0,2.47,6.1,198,3,17620.0,1,0.462,940.0,1215.0,0,0.0,0,0,0.0,-1,-1,-1,-1,0.0,0.0
2026-07-03T02:00,0.0,0.0,0.0,0.0,32.3,2.55,6.6,200,5,19580.0,1,0.459,990.0,1400.0,0,0.0,0,0,0.0,-1,-1,-1,-1,0.0,0.0
2026-07-03T03:00,0.0,0.0,0.0,0.0,33.5,2.95,7.5,195,9,19600.0,1,0.456,930.0,1605.0,0,0.0,0,0,0.0,-1,-1,-1,-1,0.0,0.0
2026-07-03T04:00,0.0,0.0,0.0,0.0,34.4,3.36,9.1,191,5,22880.0,1,0.452,990.0,1735.0,0,0.0,0,0,0.0,-1,-1,-1,-1,0.0,0.0
2026-07-03T05:00,0.1,1.0,0.0,0.0,34.5,3.55,9.5,194,20,7460.0,1,0.45,1030.0,1555.0,0,0.0,51,0,0.0,-1,-1,-1,-1,0.0,0.0
2026-07-03T06:00,0.1,1.0,0.0,0.0,33.8,3.09,9.5,194,23,7220.0,1,0.45,850.0,590.0,0,0.0,51,0,0.0,-1,-1,-1,-1,0.0,0.0
2026-07-03T07:00,0.1,0.0,0.0,0.0,34.4,3.98,8.8,187,48,8060.0,1,0.448,720.0,1515.0,0,0.0,51,0,0.1,-1,-1,-1,-1,0.0,0.0
2026-07-03T08:00,0.1,0.0,0.0,0.0,32.8,4.1,9.7,189,26,8100.0,1,0.446,1030.0,1015.0,0,0.0,51,0,0.1,-1,-1,-1,-1,0.0,0.0
2026-07-03T09:00,0.1,0.0,0.0,0.0,32.1,3.25,9.1,181,34,8240.0,1,0.445,1530.0,1010.0,0,0.0,51,0,0.1,-1,-1,-1,-1,0.0,0.0
2026-07-03T10:00,0.1,0.0,0.0,0.0,30.9,2.43,7.1,188,38,15780.0,1,0.445,1770.0,745.0,0,0.0,51,0,0.1,-1,-1,-1,-1,0.0,0.0
2026-07-03T11:00,0.0,0.0,0.0,0.0,29.4,2.1,5.0,208,92,15660.0,1,0.444,1720.0,485.0,0,0.0,3,0,0.0,-1,-1,-1,-1,0.0,0.0
2026-07-03T12:00,0.0,0.0,0.0,0.0,28.3,1.21,4.3,204,100,8360.0,0,0.421,1030.0,110.0,0,0.0,3,0,0.0,-1,-1,-1,-1,0.0,0.0
2026-07-03T13:00,0.1,1.0,0.0,0.0,26.9,1.24,3.4,227,90,8020.0,0,0.422,1030.0,60.0,0,0.0,51,0,0.0,-1,-1,-1,-1,0.0,0.0
2026-07-03T14:00,0.1,1.0,0.0,0.0,26.4,0.85,2.5,140,48,2460.0,0,0.424,1260.0,35.0,0,0.0,51,0,0.0,-1,-1,-1,-1,0.0,0.0
2026-07-03T15:00,0.0,0.0,0.0,0.0,26.1,0.6,2.1,185,24,6280.0,0,0.425,1380.0,20.0,0,0.0,1,0,0.0,-1,-1,-1,-1,0.0,0.0
2026-07-03T16:00,0.0,0.0,0.0,0.0,26.0,0.18,1.5,236,47,7320.0,0,0.426,1240.0,15.0,0,0.0,1,0,0.0,-1,-1,-1,-1,0.0,0.0
2026-07-03T17:00,0.0,0.0,0.0,0.0,25.7,0.43,1.4,216,82,11540.0,0,0.427,990.0,20.0,0,0.0,3,0,0.0,-1,-1,-1,-1,0.0,0.0
2026-07-03T18:00,0.0,0.0,0.0,0.0,25.8,0.27,1.3,68,95,5700.0,0,0.423,1870.0,10.0,0,0.0,3,0,0.0,-1,-1,-1,-1,0.0,0.0
2026-07-03T19:00,0.0,0.0,0.0,0.0,25.0,0.11,1.0,153,100,6700.0,0,0.424,1670.0,10.0,0,0.0,3,0,0.0,-1,-1,-1,-1,0.0,0.0
2026-07-03T20:00,0.0,0.0,0.0,0.0,24.9,0.36,1.3,164,96,5800.0,0,0.425,1130.0,15.0,0,0.0,3,0,0.0,-1,-1,-1,-1,0.0,0.0
2026-07-03T21:00,0.0,0.0,0.0,0.0,24.5,0.18,1.2,146,67,6300.0,0,0.426,740.0,10.0,0,0.0,2,0,0.0,-1,-1,-1,-1,0.0,0.0
2026-07-03T22:00,0.0,0.0,0.0,0.0,24.3,0.52,1.5,163,70,6300.0,1,0.427,830.0,15.0,0,0.0,2,0,0.0,-1,-1,-1,-1,0.0,0.0
2026-07-03T23:00,0.0,0.0,0.0,0.0,25.8,0.22,1.9,333,82,10320.0,1,0.428,720.0,45.0,0,0.0,3,0,0.0,-1,-1,-1,-1,0.0,0.0
2026-07-04T00:00,0.0,0.0,0.0,0.0,28.4,0.9,2.8,304,98,10740.0,1,0.429,1510.0,255.0,0,0.0,3,0,0.0,-1,-1,-1,-1,0.0,0.0
2026-07-04T01:00,0.1,0.0,0.0,0.0,28.9,1.2,3.5,228,52,6340.0,1,0.429,1660.0,975.0,0,0.0,51,0,0.1,-1,-1,-1,-1,0.0,0.0
2026-07-04T02:00,0.1,0.0,0.0,0.0,30.8,2.5,6.4,178,77,10920.0,1,0.429,1310.0,1115.0,0,0.0,51,0,0.1,-1,-1,-1,-1,0.0,0.0
2026-07-04T03:00,0.0,0.0,0.0,0.0,32.1,2.85,8.8,191,77,14260.0,1,0.428,1280.0,1295.0,0,0.0,2,0,0.0,-1,-1,-1,-1,0.0,0.0
2026-07-04T04:00,0.0,0.0,0.0,0.0,32.7,3.5,9.6,194,60,8800.0,1,0.426,1070.0,1325.0,0,0.0,2,0,0.0,-1,-1,-1,-1,0.0,0.0
2026-07-04T05:00,0.1,1.0,0.0,0.0,33.2,3.28,9.5,188,48,13240.0,1,0.424,1270.0,1395.0,0,0.0,51,0,0.0,-1,-1,-1,-1,0.0,0.0
2026-07-04T06:00,6.2,1.0,0.0,0.0,28.7,4.25,11.6,177,100,2080.0,1,0.437,1470.0,595.0,0,0.735,96,1,0.0,156,0,4,11,0.958,0.856
2026-07-04T07:00,2.1,0.571,0.0,0.0,26.8,3.37,9.4,186,90,5040.0,1,0.46,1700.0,545.0,0,0.2338,95,1,0.9,156,1,3,11,0.958,0.598
2026-07-04T08:00,0.5,0.6,0.0,0.0,29.6,0.75,7.8,233,100,3280.0,1,0.464,1930.0,900.0,0,0.0,95,1,0.2,156,2,2,11,0.958,0.616
2026-07-04T09:00,1.6,0.437,0.0,0.0,28.4,1.3,4.7,178,100,11300.0,1,0.48,1800.0,715.0,0,0.135,95,1,0.9,156,3,1,11,0.958,0.518
2026-07-04T10:00,0.2,0.0,0.0,0.0,27.0,1.57,5.8,171,100,5840.0,1,0.48,870.0,665.0,0,0.0,51,0,0.2,-1,-1,-1,-1,0.0,0.0
2026-07-04T11:00,0.1,0.0,0.0,0.0,26.5,2.47,4.5,172,100,8480.0,1,0.479,510.0,695.0,0,0.0,51,0,0.1,-1,-1,-1,-1,0.0,0.0
2026-07-04T12:00,0.0,0.0,0.0,0.0,27.5,1.5,5.1,184,100,14840.0,0,0.478,670.0,705.0,0,0.0,3,0,0.0,-1,-1,-1,-1,0.0,0.0
2026-07-04T13:00,0.0,0.0,0.0,0.0,27.1,1.26,3.1,173,100,13680.0,0,0.478,360.0,790.0,0,0.0,3,0,0.0,-1,-1,-1,-1,0.0,0.0
2026-07-04T14:00,0.0,0.0,0.0,0.0,26.8,1.9,3.8,183,100,15720.0,0,0.477,200.0,705.0,0,0.0,3,0,0.0,-1,-1,-1,-1,0.0,0.0
2026-07-04T15:00,0.0,0.0,0.0,0.0,26.4,1.59,3.9,204,99,11820.0,0,0.476,130.0,640.0,0,0.0,3,0,0.0,-1,-1,-1,-1,0.0,0.0
2026-07-04T16:00,0.0,0.0,0.0,0.0,26.1,1.87,3.7,200,100,15720.0,0,0.476,240.0,570.0,0,0.0,3,0,0.0,-1,-1,-1,-1,0.0,0.0
2026-07-04T17:00,0.0,0.0,0.0,0.0,26.1,2.18,4.3,189,100,15720.0,0,0.475,220.0,555.0,0,0.0,3,0,0.0,-1,-1,-1,-1,0.0,0.0
2026-07-04T18:00,0.0,0.0,0.0,0.0,26.4,1.26,4.5,198,81,15720.0,0,0.468,470.0,530.0,0,0.0,3,0,0.0,-1,-1,-1,-1,0.0,0.0
2026-07-04T19:00,0.0,0.0,0.0,0.0,25.7,1.47,4.1,190,73,9240.0,0,0.468,170.0,510.0,0,0.0,2,0,0.0,-1,-1,-1,-1,0.0,0.0
2026-07-04T20:00,0.0,0.0,0.0,0.0,25.9,1.39,4.1,195,89,15720.0,0,0.468,160.0,570.0,0,0.0,3,0,0.0,-1,-1,-1,-1,0.0,0.0
2026-07-04T21:00,0.3,1.0,0.0,0.0,25.5,1.76,5.3,187,100,9080.0,0,0.47,160.0,520.0,0,0.0,51,1,0.0,157,0,1,27,0.0,0.6
2026-07-04T22:00,0.0,0.0,0.0,0.0,25.7,1.26,3.5,214,89,15740.0,1,0.47,260.0,510.0,0,0.0,3,0,0.0,-1,-1,-1,-1,0.0,0.0
2026-07-04T23:00,0.0,0.0,0.0,0.0,26.7,1.41,3.0,207,94,13320.0,1,0.469,410.0,580.0,0,0.0,3,0,0.0,-1,-1,-1,-1,0.0,0.0
2026-07-05T00:00,0.0,0.0,0.0,0.0,28.5,1.27,4.1,225,84,15740.0,1,0.461,960.0,865.0,0,0.0,3,0,0.0,-1,-1,-1,-1,0.0,0.0
2026-07-05T01:00,0.0,0.0,0.0,0.0,29.8,2.25,5.6,184,42,8740.0,1,0.46,1000.0,1160.0,0,0.0,1,0,0.0,-1,-1,-1,-1,0.0,0.0
2026-07-05T02:00,0.1,0.0,0.0,0.0,31.1,3.16,7.7,185,71,8220.0,1,0.459,940.0,1355.0,0,0.0,51,0,0.1,-1,-1,-1,-1,0.0,0.0
2026-07-05T03:00,0.1,0.0,0.0,0.0,31.6,4.19,9.4,188,84,9780.0,1,0.457,1210.0,1415.0,0,0.0,51,0,0.1,-1,-1,-1,-1,0.0,0.0
2026-07-05T04:00,0.1,0.0,0.0,0.0,31.9,4.5,12.6,179,97,11340.0,1,0.454,1230.0,1400.0,0,0.0,51,0,0.1,-1,-1,-1,-1,0.0,0.0
2026-07-05T05:00,0.0,0.0,0.0,0.0,30.3,3.06,12.6,174,64,12040.0,1,0.453,870.0,1075.0,0,0.0,2,0,0.0,-1,-1,-1,-1,0.0,0.0
2026-07-05T06:00,0.1,0.0,0.0,0.0,32.4,4.16,9.2,185,95,19740.0,1,0.454,680.0,1510.0,0,0.0,51,0,0.1,-1,-1,-1,-1,0.0,0.0
2026-07-05T07:00,0.0,0.0,0.0,0.0,32.7,4.9,11.1,181,97,10800.0,1,0.45,650.0,1555.0,0,0.0,3,0,0.0,-1,-1,-1,-1,0.0,0.0
2026-07-05T08:00,0.1,0.0,0.0,0.0,32.1,4.35,11.0,180,96,19740.0,1,0.448,750.0,1390.0,0,0.0,51,0,0.1,-1,-1,-1,-1,0.0,0.0
2026-07-05T09:00,0.0,0.0,0.0,0.0,31.3,4.2,9.8,179,98,19740.0,1,0.447,540.0,1460.0,0,0.0,3,0,0.0,-1,-1,-1,-1,0.0,0.0
2026-07-05T10:00,0.0,0.0,0.0,0.0,30.0,2.97,9.0,186,98,17760.0,1,0.446,630.0,1220.0,0,0.0,3,0,0.0,-1,-1,-1,-1,0.0,0.0
2026-07-05T11:00,0.0,0.0,0.0,0.0,29.2,2.59,6.2,170,100,17780.0,1,0.445,430.0,1120.0,0,0.0,3,0,0.0,-1,-1,-1,-1,0.0,0.0
2026-07-05T12:00,0.0,0.0,0.0,0.0,28.6,2.7,5.3,177,100,13620.0,0,0.446,550.0,1065.0,0,0.0,3,0,0.0,-1,-1,-1,-1,0.0,0.0
2026-07-05T13:00,0.0,0.0,0.0,0.0,27.8,1.5,5.4,184,99,17460.0,0,0.446,430.0,960.0,0,0.0,3,0,0.0,-1,-1,-1,-1,0.0,0.0
2026-07-05T14:00,0.0,0.0,0.0,0.0,27.5,1.0,3.1,174,94,17140.0,0,0.446,310.0,950.0,0,0.0,3,0,0.0,-1,-1,-1,-1,0.0,0.0
2026-07-05T15:00,0.0,0.0,0.0,0.0,27.0,1.9,3.6,178,79,15440.0,0,0.446,260.0,935.0,0,0.0,2,0,0.0,-1,-1,-1,-1,0.0,0.0
2026-07-05T16:00,0.0,0.0,0.0,0.0,27.0,2.23,4.7,160,95,13680.0,0,0.446,190.0,950.0,0,0.0,3,0,0.0,-1,-1,-1,-1,0.0,0.0
2026-07-05T17:00,0.0,0.0,0.0,0.0,27.2,2.73,5.6,172,93,17780.0,0,0.446,180.0,1030.0,0,0.0,3,0,0.0,-1,-1,-1,-1,0.0,0.0
2026-07-05T18:00,0.0,0.0,0.0,0.0,27.2,3.25,5.9,178,98,5020.0,0,0.434,250.0,975.0,0,0.0,3,0,0.0,-1,-1,-1,-1,0.0,0.0
2026-07-05T19:00,0.1,0.0,0.0,0.0,26.8,2.52,6.6,166,100,8620.0,0,0.436,410.0,915.0,0,0.0,51,0,0.1,-1,-1,-1,-1,0.0,0.0
2026-07-05T20:00,0.2,0.0,0.0,0.0,26.3,2.7,5.4,180,100,7840.0,0,0.438,630.0,815.0,0,0.0,51,0,0.2,-1,-1,-1,-1,0.0,0.0
2026-07-05T21:00,0.1,0.0,0.0,0.0,26.4,3.92,7.9,161,100,10200.0,0,0.438,550.0,845.0,0,0.0,51,0,0.1,-1,-1,-1,-1,0.0,0.0
2026-07-05T22:00,0.0,0.0,0.0,0.0,26.7,3.63,8.2,165,100,15780.0,1,0.438,420.0,885.0,0,0.0,3,0,0.0,-1,-1,-1,-1,0.0,0.0
2026-07-05T23:00,0.0,0.0,0.0,0.0,27.4,4.22,8.7,161,98,15780.0,1,0.438,490.0,945.0,0,0.0,3,0,0.0,-1,-1,-1,-1,0.0,0.0
2026-07-06T00:00,0.0,0.0,0.0,0.0,28.4,3.44,9.4,172,98,5220.0,1,0.439,1080.0,1090.0,0,0.0,3,0,0.0,-1,-1,-1,-1,0.0,0.0
2026-07-06T01:00,0.3,0.0,0.0,0.0,28.7,3.59,9.2,164,98,8900.0,1,0.441,900.0,1115.0,0,0.0,51,1,0.3,158,0,1,4,0.0,0
2026-07-06T02:00,0.0,0.0,0.0,0.0,30.6,5.08,10.9,161,87,17340.0,1,0.439,880.0,1350.0,0,0.0,3,0,0.0,-1,-1,-1,-1,0.0,0.0
2026-07-06T03:00,0.0,0.0,0.0,0.0,30.8,5.36,11.4,166,94,14420.0,1,0.437,960.0,1395.0,0,0.0,3,0,0.0,-1,-1,-1,-1,0.0,0.0
2026-07-06T04:00,0.2,0.0,0.0,0.0,31.9,5.73,13.3,174,66,7160.0,1,0.436,1180.0,1470.0,0,0.0,51,0,0.2,-1,-1,-1,-1,0.0,0.0
2026-07-06T05:00,0.2,0.0,0.0,0.0,30.5,4.94,13.5,169,80,5320.0,1,0.436,1180.0,1380.0,0,0.0,51,0,0.2,-1,-1,-1,-1,0.0,0.0
2026-07-06T06:00,0.5,0.0,0.0,0.0,29.8,4.45,11.5,183,98,3980.0,1,0.439,1260.0,1350.0,0,0.0,53,1,0.5,159,0,2,5,0.129,0.034
2026-07-06T07:00,0.6,0.0,0.0,0.0,28.3,4.55,11.9,171,100,6260.0,1,0.443,1420.0,1035.0,0,0.0,53,1,0.6,159,1,1,5,0.129,0.034
2026-07-06T08:00,0.2,0.0,0.0,0.0,27.8,5.13,12.4,167,100,7840.0,1,0.443,860.0,955.0,0,0.0,51,0,0.2,-1,-1,-1,-1,0.0,0.0
2026-07-06T09:00,0.1,0.0,0.0,0.0,28.0,4.34,10.5,173,100,7800.0,1,0.443,1230.0,990.0,0,0.0,51,0,0.1,-1,-1,-1,-1,0.0,0.0
2026-07-06T10:00,0.2,0.0,0.0,0.0,27.2,4.41,10.6,185,99,14120.0,1,0.445,730.0,845.0,0,0.0,51,0,0.2,-1,-1,-1,-1,0.0,0.0
2026-07-06T11:00,0.2,0.0,0.0,0.0,26.8,3.75,8.9,179,100,10540.0,1,0.446,550.0,820.0,0,0.0,51,0,0.2,-1,-1,-1,-1,0.0,0.0
2026-07-06T12:00,0.0,0.0,0.0,0.0,26.7,3.2,7.6,177,100,5340.0,0,0.416,360.0,655.0,0,0.0,3,0,0.0,-1,-1,-1,-1,0.0,0.0
2026-07-06T13:00,0.7,0.0,0.0,0.0,25.6,3.31,6.6,183,100,3400.0,0,0.422,330.0,670.0,0,0.0,53,1,0.7,160,0,2,2,0.236,0.063
2026-07-06T14:00,0.5,0.0,0.0,0.0,25.2,3.67,6.7,174,87,7280.0,0,0.427,300.0,650.0,0,0.0,53,1,0.5,160,1,1,2,0.236,0.063
2026-07-06T15:00,0.1,0.0,0.0,0.0,25.1,3.81,7.4,185,55,8020.0,0,0.428,260.0,640.0,0,0.0,51,0,0.1,-1,-1,-1,-1,0.0,0.0
2026-07-06T16:00,0.1,0.0,0.0,0.0,25.2,3.35,7.3,189,97,7740.0,0,0.428,290.0,575.0,0,0.0,51,0,0.1,-1,-1,-1,-1,0.0,0.0
2026-07-06T17:00,0.7,0.0,0.0,0.0,24.6,3.93,7.6,187,100,2080.0,0,0.435,270.0,525.0,0,0.0,53,1,0.7,161,0,2,8,0.893,0.238
2026-07-06T18:00,3.1,0.0,0.0,0.0,25.2,3.5,7.3,182,100,11820.0,0,0.464,380.0,455.0,0,0.0998,63,1,3.1,161,1,1,8,0.893,0.238
2026-07-06T19:00,0.0,0.0,0.0,0.0,25.4,3.55,7.0,182,100,13380.0,0,0.464,400.0,500.0,0,0.0,3,0,0.0,-1,-1,-1,-1,0.0,0.0
2026-07-06T20:00,0.0,0.0,0.0,0.0,25.7,3.51,6.9,184,60,13580.0,0,0.463,320.0,560.0,0,0.0,2,0,0.0,-1,-1,-1,-1,0.0,0.0
2026-07-06T21:00,0.0,0.0,0.0,0.0,25.5,3.18,7.0,188,60,13520.0,0,0.463,220.0,465.0,0,0.0,2,0,0.0,-1,-1,-1,-1,0.0,0.0
2026-07-06T22:00,0.0,0.0,0.0,0.0,25.6,2.84,6.2,190,40,15260.0,1,0.462,180.0,440.0,0,0.0,1,0,0.0,-1,-1,-1,-1,0.0,0.0
2026-07-06T23:00,0.0,0.0,0.0,0.0,26.5,2.53,5.6,189,64,15540.0,1,0.462,300.0,535.0,0,0.0,2,0,0.0,-1,-1,-1,-1,0.0,0.0
2026-07-07T00:00,0.0,0.0,0.0,0.0,28.0,2.75,6.3,190,94,15740.0,1,0.429,510.0,650.0,0,0.0,3,0,0.0,-1,-1,-1,-1,0.0,0.0
2026-07-07T01:00,0.0,0.0,0.0,0.0,29.1,2.89,6.6,189,97,17860.0,1,0.429,630.0,925.0,0,0.0,3,0,0.0,-1,-1,-1,-1,0.0,0.0
2026-07-07T02:00,0.1,0.0,0.0,0.0,30.4,3.97,9.0,185,92,5280.0,1,0.427,710.0,1130.0,0,0.0,51,0,0.1,-1,-1,-1,-1,0.0,0.0
2026-07-07T03:00,0.5,0.0,0.0,0.0,29.8,4.32,10.0,186,92,3920.0,1,0.43,1090.0,905.0,0,0.0,53,1,0.5,162,0,2,16,0.129,0.034
2026-07-07T04:00,0.6,0.0,0.0,0.0,30.3,4.77,10.4,170,77,7060.0,1,0.433,1320.0,920.0,0,0.0,53,1,0.6,162,1,1,16,0.129,0.034
2026-07-07T05:00,0.1,0.0,0.0,0.0,31.8,5.01,11.2,177,61,17540.0,1,0.431,1070.0,1190.0,0,0.0,51,0,0.1,-1,-1,-1,-1,0.0,0.0
2026-07-07T06:00,0.0,0.0,0.0,0.0,31.8,4.66,12.3,177,77,19880.0,1,0.419,740.0,1160.0,0,0.0,2,0,0.0,-1,-1,-1,-1,0.0,0.0
2026-07-07T07:00,0.0,0.0,0.0,0.0,32.1,5.45,12.1,181,93,19500.0,1,0.416,520.0,1195.0,0,0.0,3,0,0.0,-1,-1,-1,-1,0.0,0.0
2026-07-07T08:00,0.0,0.0,0.0,0.0,31.3,5.11,12.3,177,66,15900.0,1,0.414,490.0,1130.0,0,0.0,2,0,0.0,-1,-1,-1,-1,0.0,0.0
2026-07-07T09:00,0.0,0.0,0.0,0.0,30.1,4.2,11.3,181,92,16080.0,1,0.412,490.0,1020.0,0,0.0,3,0,0.0,-1,-1,-1,-1,0.0,0.0
2026-07-07T10:00,0.0,0.0,0.0,0.0,29.0,3.03,9.1,189,97,9600.0,1,0.411,440.0,880.0,0,0.0,3,0,0.0,-1,-1,-1,-1,0.0,0.0
2026-07-07T11:00,0.0,0.0,0.0,0.0,28.0,2.5,6.2,192,100,15520.0,1,0.411,290.0,800.0,0,0.0,3,0,0.0,-1,-1,-1,-1,0.0,0.0
2026-07-07T12:00,0.0,0.0,0.0,0.0,27.5,2.63,5.6,201,100,17420.0,0,0.409,220.0,705.0,0,0.0,3,0,0.0,-1,-1,-1,-1,0.0,0.0
2026-07-07T13:00,0.0,0.0,0.0,0.0,27.4,3.0,6.1,198,100,17900.0,0,0.409,60.0,705.0,0,0.0,3,0,0.0,-1,-1,-1,-1,0.0,0.0
2026-07-07T14:00,0.0,0.0,0.0,0.0,27.1,3.08,6.4,193,92,15860.0,0,0.409,50.0,640.0,0,0.0,3,0,0.0,-1,-1,-1,-1,0.0,0.0
2026-07-07T15:00,0.0,0.0,0.0,0.0,26.8,2.65,6.3,191,45,14700.0,0,0.409,70.0,560.0,0,0.0,1,0,0.0,-1,-1,-1,-1,0.0,0.0
2026-07-07T16:00,0.0,0.0,0.0,0.0,26.3,2.4,5.3,197,55,13580.0,0,0.41,110.0,515.0,0,0.0,2,0,0.0,-1,-1,-1,-1,0.0,0.0
2026-07-07T17:00,0.0,0.0,0.0,0.0,26.0,2.19,5.0,191,94,13280.0,0,0.41,150.0,460.0,0,0.0,3,0,0.0,-1,-1,-1,-1,0.0,0.0
2026-07-07T18:00,0.0,0.0,0.0,0.0,26.1,1.08,4.4,214,99,15880.0,0,0.405,340.0,175.0,0,0.0,3,0,0.0,-1,-1,-1,-1,0.0,0.0
2026-07-07T19:00,0.0,0.0,0.0,0.0,26.0,1.17,2.3,211,100,15380.0,0,0.406,350.0,165.0,0,0.0,3,0,0.0,-1,-1,-1,-1,0.0,0.0
2026-07-07T20:00,0.0,0.0,0.0,0.0,26.0,1.19,2.5,195,98,6880.0,0,0.406,210.0,405.0,0,0.0,3,0,0.0,-1,-1,-1,-1,0.0,0.0
2026-07-07T21:00,0.5,0.0,0.0,0.0,25.4,1.5,2.8,178,100,3680.0,0,0.41,30.0,170.0,0,0.0,53,1,0.5,163,0,2,7,0.0,0
2026-07-07T22:00,0.5,0.0,0.0,0.0,25.1,1.08,3.0,193,91,13160.0,1,0.414,110.0,90.0,0,0.0,53,1,0.5,163,1,1,7,0.0,0
2026-07-07T23:00,0.0,0.0,0.0,0.0,25.5,1.1,2.5,246,96,11660.0,1,0.415,300.0,50.0,0,0.0,3,0,0.0,-1,-1,-1,-1,0.0,0.0
2026-07-08T00:00,0.0,0.0,0.0,0.0,28.1,1.26,3.3,214,84,15880.0,1,0.417,600.0,720.0,0,0.0,3,0,0.0,-1,-1,-1,-1,0.0,0.0
2026-07-08T01:00,0.0,0.0,0.0,0.0,29.3,2.35,5.5,192,98,17920.0,1,0.416,740.0,880.0,0,0.0,3,0,0.0,-1,-1,-1,-1,0.0,0.0
2026-07-08T02:00,0.0,0.0,0.0,0.0,30.4,3.3,7.6,190,85,17920.0,1,0.415,950.0,1015.0,0,0.0,3,0,0.0,-1,-1,-1,-1,0.0,0.0
2026-07-08T03:00,0.0,0.0,0.0,0.0,30.2,3.45,7.8,178,89,16120.0,1,0.413,990.0,890.0,0,0.0,3,0,0.0,-1,-1,-1,-1,0.0,0.0
2026-07-08T04:00,0.1,1.0,0.0,0.0,31.7,3.31,9.3,183,41,5360.0,1,0.412,1170.0,1360.0,0,0.0,51,0,0.0,-1,-1,-1,-1,0.0,0.0
2026-07-08T05:00,0.2,0.5,0.0,0.0,32.4,3.15,9.5,195,41,14900.0,1,0.411,970.0,1360.0,0,0.0,51,0,0.1,-1,-1,-1,-1,0.0,0.0
2026-07-08T06:00,0.6,0.333,0.0,0.0,32.5,3.28,10.3,192,85,19940.0,1,0.424,1340.0,1600.0,0,0.0,95,1,0.4,164,0,7,7,0.628,0.367
2026-07-08T07:00,0.7,0.714,0.0,0.0,29.7,4.65,10.0,179,95,4420.0,1,0.427,1180.0,735.0,0,0.0,53,1,0.2,164,1,6,7,0.628,0.596
2026-07-08T08:00,0.3,0.0,0.0,0.0,28.8,3.05,10.0,182,100,6440.0,1,0.429,1120.0,695.0,0,0.0,51,1,0.3,164,2,5,7,0.628,0.167
2026-07-08T09:00,0.8,0.75,0.0,0.0,28.8,1.46,6.9,188,100,4760.0,1,0.435,1600.0,740.0,0,0.0,95,1,0.2,164,3,4,7,0.628,0.617
2026-07-08T10:00,0.5,0.6,0.0,0.0,27.9,1.29,3.9,193,100,6120.0,1,0.438,1430.0,565.0,0,0.0,53,1,0.2,164,4,3,7,0.628,0.527
2026-07-08T11:00,0.5,0.0,0.0,0.0,27.0,1.0,3.0,198,100,2860.0,1,0.442,1180.0,485.0,0,0.0,53,1,0.5,164,5,2,7,0.628,0.167
2026-07-08T12:00,1.7,0.471,0.0,0.0,26.2,1.73,2.9,190,95,14560.0,0,0.46,460.0,490.0,0,0.0403,80,1,0.9,164,6,1,7,0.628,0.45
2026-07-08T13:00,0.1,0.0,0.0,0.0,26.0,1.59,3.3,208,98,9340.0,0,0.46,270.0,485.0,0,0.0,51,0,0.1,-1,-1,-1,-1,0.0,0.0
2026-07-08T14:00,0.0,0.0,0.0,0.0,26.2,1.17,3.1,211,98,15920.0,0,0.46,200.0,455.0,0,0.0,3,0,0.0,-1,-1,-1,-1,0.0,0.0
2026-07-08T15:00,0.0,0.0,0.0,0.0,25.9,2.28,4.0,189,92,15920.0,0,0.459,220.0,630.0,0,0.0,3,0,0.0,-1,-1,-1,-1,0.0,0.0
2026-07-08T16:00,0.0,0.0,0.0,0.0,25.8,2.29,4.7,200,91,13000.0,0,0.458,270.0,565.0,0,0.0,3,0,0.0,-1,-1,-1,-1,0.0,0.0
2026-07-08T17:00,0.0,0.0,0.0,0.0,25.7,1.72,4.4,197,100,15420.0,0,0.458,280.0,540.0,0,0.0,3,0,0.0,-1,-1,-1,-1,0.0,0.0
2026-07-08T18:00,0.0,0.0,0.0,0.0,25.2,1.55,3.4,195,96,6260.0,0,0.455,260.0,510.0,0,0.0,3,0,0.0,-1,-1,-1,-1,0.0,0.0
2026-07-08T19:00,0.2,0.0,0.0,0.0,25.0,1.25,3.4,203,100,5400.0,0,0.457,130.0,410.0,0,0.0,51,0,0.2,-1,-1,-1,-1,0.0,0.0
2026-07-08T20:00,0.5,0.0,0.0,0.0,25.4,0.21,2.5,194,100,5580.0,0,0.463,40.0,20.0,0,0.0,53,1,0.5,165,0,1,9,0.0,0
2026-07-08T21:00,0.2,0.0,0.0,0.0,24.8,0.6,1.5,246,100,6620.0,0,0.465,60.0,40.0,0,0.0,51,0,0.2,-1,-1,-1,-1,0.0,0.0
2026-07-08T22:00,0.1,0.0,0.0,0.0,24.6,0.56,1.6,297,100,7560.0,1,0.466,90.0,35.0,0,0.0,51,0,0.1,-1,-1,-1,-1,0.0,0.0
2026-07-08T23:00,0.0,0.0,0.0,0.0,24.9,0.7,2.1,291,100,9700.0,1,0.465,460.0,40.0,0,0.0,3,0,0.0,-1,-1,-1,-1,0.0,0.0
2026-07-09T00:00,0.0,0.0,0.0,0.0,26.9,0.66,2.3,261,99,9780.0,1,0.462,1740.0,100.0,0,0.0,3,0,0.0,-1,-1,-1,-1,0.0,0.0
2026-07-09T01:00,0.0,0.0,0.0,0.0,28.9,0.92,3.7,221,82,14840.0,1,0.461,1780.0,710.0,0,0.0,3,0,0.0,-1,-1,-1,-1,0.0,0.0
2026-07-09T02:00,0.0,0.0,0.0,0.0,31.5,1.55,6.4,201,81,17980.0,1,0.459,1190.0,1150.0,0,0.0,3,0,0.0,-1,-1,-1,-1,0.0,0.0
2026-07-09T03:00,0.0,0.0,0.0,0.0,32.8,2.69,7.8,202,95,17100.0,1,0.455,1070.0,1425.0,0,0.0,3,0,0.0,-1,-1,-1,-1,0.0,0.0
2026-07-09T04:00,0.1,0.0,0.0,0.0,33.3,3.26,7.9,195,96,8880.0,1,0.452,950.0,1340.0,0,0.0,51,0,0.1,-1,-1,-1,-1,0.0,0.0
2026-07-09T05:00,0.2,0.0,0.0,0.0,33.1,3.41,8.3,194,93,6800.0,1,0.45,950.0,1230.0,0,0.0,51,0,0.2,-1,-1,-1,-1,0.0,0.0
2026-07-09T06:00,0.4,0.25,0.0,0.0,33.4,2.48,8.0,205,98,20000.0,1,0.439,1250.0,1360.0,0,0.0,51,1,0.3,166,0,1,21,0.0,0.15
2026-07-09T07:00,0.1,0.0,0.0,0.0,33.2,2.28,6.6,199,75,7780.0,1,0.437,1170.0,1240.0,0,0.0,51,0,0.1,-1,-1,-1,-1,0.0,0.0
2026-07-09T08:00,0.2,0.5,0.0,0.0,32.6,2.27,6.4,194,98,20020.0,1,0.435,1310.0,1105.0,0,0.0,51,0,0.1,-1,-1,-1,-1,0.0,0.0
2026-07-09T09:00,0.0,0.0,0.0,0.0,31.8,2.65,5.8,181,94,20020.0,1,0.434,1310.0,895.0,0,0.0,3,0,0.0,-1,-1,-1,-1,0.0,0.0
2026-07-09T10:00,0.0,0.0,0.0,0.0,30.2,2.4,6.0,192,95,18000.0,1,0.432,1320.0,555.0,0,0.0,3,0,0.0,-1,-1,-1,-1,0.0,0.0
2026-07-09T11:00,0.0,0.0,0.0,0.0,29.1,2.21,5.2,205,98,15960.0,1,0.432,1650.0,595.0,0,0.0,3,0,0.0,-1,-1,-1,-1,0.0,0.0
2026-07-09T12:00,0.0,0.0,0.0,0.0,29.1,2.29,4.5,196,75,15960.0,0,0.419,1550.0,505.0,0,0.0,2,0,0.0,-1,-1,-1,-1,0.0,0.0
2026-07-09T13:00,0.0,0.0,0.0,0.0,28.1,1.36,4.5,208,55,15960.0,0,0.419,1270.0,350.0,0,0.0,2,0,0.0,-1,-1,-1,-1,0.0,0.0
2026-07-09T14:00,0.0,0.0,0.0,0.0,27.4,1.01,2.6,207,63,15980.0,0,0.419,1060.0,60.0,0,0.0,2,0,0.0,-1,-1,-1,-1,0.0,0.0
2026-07-09T15:00,0.0,0.0,0.0,0.0,26.7,0.83,2.0,205,30,15980.0,0,0.42,860.0,40.0,0,0.0,1,0,0.0,-1,-1,-1,-1,0.0,0.0
2026-07-09T16:00,0.0,0.0,0.0,0.0,26.2,1.1,2.2,204,31,15980.0,0,0.42,720.0,50.0,0,0.0,1,0,0.0,-1,-1,-1,-1,0.0,0.0
2026-07-09T17:00,0.0,0.0,0.0,0.0,26.0,1.04,2.2,197,32,15980.0,0,0.42,680.0,55.0,0,0.0,1,0,0.0,-1,-1,-1,-1,0.0,0.0
2026-07-09T18:00,0.0,0.0,0.0,0.0,26.3,0.95,2.2,183,19,15980.0,0,0.416,690.0,50.0,0,0.0,0,0,0.0,-1,-1,-1,-1,0.0,0.0
2026-07-09T19:00,0.0,0.0,0.0,0.0,25.7,1.2,2.2,182,23,13740.0,0,0.416,690.0,50.0,0,0.0,1,0,0.0,-1,-1,-1,-1,0.0,0.0
2026-07-09T20:00,0.0,0.0,0.0,0.0,25.2,1.27,2.5,169,22,13700.0,0,0.416,600.0,45.0,0,0.0,1,0,0.0,-1,-1,-1,-1,0.0,0.0
2026-07-09T21:00,0.0,0.0,0.0,0.0,24.8,1.15,2.5,180,16,11640.0,0,0.416,530.0,40.0,0,0.0,0,0,0.0,-1,-1,-1,-1,0.0,0.0
2026-07-09T22:00,0.0,0.0,0.0,0.0,24.6,0.76,2.2,172,26,11740.0,1,0.416,480.0,25.0,0,0.0,1,0,0.0,-1,-1,-1,-1,0.0,0.0
2026-07-09T23:00,0.0,0.0,0.0,0.0,26.7,1.0,2.6,180,34,13600.0,1,0.416,820.0,75.0,0,0.0,1,0,0.0,-1,-1,-1,-1,0.0,0.0
2026-07-10T00:00,0.0,0.0,0.0,0.0,29.5,0.94,2.8,205,16,16000.0,1,0.42,1520.0,435.0,0,0.0,0,0,0.0,-1,-1,-1,-1,0.0,0.0
2026-07-10T01:00,0.0,0.0,0.0,0.0,31.1,1.24,4.2,227,11,16720.0,1,0.419,1650.0,865.0,0,0.0,0,0,0.0,-1,-1,-1,-1,0.0,0.0
2026-07-10T02:00,0.0,0.0,0.0,0.0,32.4,1.84,6.0,225,31,10840.0,1,0.417,1690.0,1310.0,0,0.0,1,0,0.0,-1,-1,-1,-1,0.0,0.0
2026-07-10T03:00,0.1,1.0,0.0,0.0,33.1,2.29,6.6,212,27,6320.0,1,0.415,1650.0,1360.0,0,0.0,51,0,0.0,-1,-1,-1,-1,0.0,0.0
2026-07-10T04:00,0.4,0.25,0.0,0.0,33.2,2.93,7.4,194,31,5220.0,1,0.416,1510.0,1250.0,0,0.0,51,1,0.3,167,0,3,43,0.217,0.208
2026-07-10T05:00,0.6,0.667,0.0,0.0,33.3,2.91,7.5,229,48,5400.0,1,0.417,1700.0,1230.0,0,0.0,53,1,0.2,167,1,2,43,0.217,0.458
2026-07-10T06:00,0.6,0.667,0.0,0.0,34.0,1.57,7.4,217,41,7860.0,1,0.417,1820.0,1260.0,0,0.0,53,1,0.2,167,2,1,43,0.217,0.458
2026-07-10T07:00,0.2,0.5,0.0,0.0,34.3,1.5,5.5,240,44,10500.0,1,0.416,1830.0,1320.0,0,0.0,51,0,0.1,-1,-1,-1,-1,0.0,0.0
2026-07-10T08:00,0.1,0.0,0.0,0.0,34.4,1.23,5.1,238,30,16360.0,1,0.414,1820.0,1365.0,0,0.0,51,0,0.1,-1,-1,-1,-1,0.0,0.0
2026-07-10T09:00,0.0,0.0,0.0,0.0,34.2,0.97,4.0,249,37,21460.0,1,0.412,1780.0,1340.0,0,0.0,1,0,0.0,-1,-1,-1,-1,0.0,0.0
2026-07-10T10:00,0.0,0.0,0.0,0.0,33.4,0.41,3.1,256,41,20100.0,1,0.41,1830.0,85.0,0,0.0,1,0,0.0,-1,-1,-1,-1,0.0,0.0
2026-07-10T11:00,0.0,0.0,0.0,0.0,31.0,0.25,1.7,143,23,16020.0,1,0.41,2180.0,10.0,0,0.0,1,0,0.0,-1,-1,-1,-1,0.0,0.0
2026-07-10T12:00,0.0,0.0,0.0,0.0,29.9,0.51,1.3,101,15,15920.0,0,0.387,3330.0,15.0,0,0.0,0,0,0.0,-1,-1,-1,-1,0.0,0.0
2026-07-10T13:00,0.0,0.0,0.0,0.0,29.1,0.22,0.8,117,13,13780.0,0,0.387,3430.0,10.0,0,0.0,0,0,0.0,-1,-1,-1,-1,0.0,0.0
2026-07-10T14:00,0.0,0.0,0.0,0.0,28.4,0.39,1.1,140,14,10280.0,0,0.388,3230.0,15.0,0,0.0,0,0,0.0,-1,-1,-1,-1,0.0,0.0
2026-07-10T15:00,0.0,0.0,0.0,0.0,27.9,0.18,1.0,146,7,13440.0,0,0.388,2960.0,10.0,0,0.0,0,0,0.0,-1,-1,-1,-1,0.0,0.0
2026-07-10T16:00,0.0,0.0,0.0,0.0,27.4,0.38,1.0,157,2,13840.0,0,0.388,2820.0,15.0,0,0.0,0,0,0.0,-1,-1,-1,-1,0.0,0.0
2026-07-10T17:00,0.0,0.0,0.0,0.0,26.7,0.6,1.7,156,1,11980.0,0,0.388,2560.0,15.0,0,0.0,0,0,0.0,-1,-1,-1,-1,0.0,0.0
2026-07-10T18:00,0.0,0.0,0.0,0.0,26.7,0.18,1.7,146,2,11920.0,0,0.386,2730.0,10.0,0,0.0,0,0,0.0,-1,-1,-1,-1,0.0,0.0
2026-07-10T19:00,0.0,0.0,0.0,0.0,26.0,0.47,1.2,162,4,11940.0,0,0.386,2510.0,15.0,0,0.0,0,0,0.0,-1,-1,-1,-1,0.0,0.0
2026-07-10T20:00,0.0,0.0,0.0,0.0,25.8,0.47,1.4,162,77,11980.0,0,0.386,2000.0,15.0,0,0.0,2,0,0.0,-1,-1,-1,-1,0.0,0.0
2026-07-10T21:00,0.0,0.0,0.0,0.0,25.8,0.22,1.2,153,26,13860.0,0,0.386,1770.0,10.0,0,0.0,1,0,0.0,-1,-1,-1,-1,0.0,0.0
2026-07-10T22:00,0.0,0.0,0.0,0.0,25.9,0.35,0.7,172,74,13860.0,1,0.386,1710.0,15.0,0,0.0,2,0,0.0,-1,-1,-1,-1,0.0,0.0
2026-07-10T23:00,0.0,0.0,0.0,0.0,27.5,0.92,2.2,193,35,13860.0,1,0.386,1590.0,65.0,0,0.0,1,0,0.0,-1,-1,-1,-1,0.0,0.0
2026-07-11T00:00,0.0,0.0,0.0,0.0,29.5,0.46,3.1,257,6,16040.0,1,0.394,2250.0,210.0,0,0.0,0,0,0.0,-1,-1,-1,-1,0.0,0.0
2026-07-11T01:00,0.0,0.0,0.0,0.0,31.2,0.58,3.3,301,3,18100.0,1,0.393,2140.0,565.0,0,0.0,0,0,0.0,-1,-1,-1,-1,0.0,0.0
2026-07-11T02:00,0.0,0.0,0.0,0.0,32.5,0.9,4.0,326,23,18120.0,1,0.39,2130.0,900.0,0,0.0,1,0,0.0,-1,-1,-1,-1,0.0,0.0
2026-07-11T03:00,0.0,0.0,0.0,0.0,33.7,1.45,4.9,358,13,20140.0,1,0.388,2100.0,1155.0,0,0.0,0,0,0.0,-1,-1,-1,-1,0.0,0.0
2026-07-11T04:00,0.0,0.0,0.0,0.0,34.6,2.09,6.0,17,9,20140.0,1,0.385,1880.0,1285.0,0,0.0,0,0,0.0,-1,-1,-1,-1,0.0,0.0
2026-07-11T05:00,0.0,0.0,0.0,0.0,35.3,2.41,6.7,13,9,23580.0,1,0.381,1820.0,1400.0,0,0.0,0,0,0.0,-1,-1,-1,-1,0.0,0.0
2026-07-11T06:00,0.0,0.0,0.0,0.0,35.6,2.69,6.9,10,7,23580.0,1,0.378,1280.0,1360.0,0,0.0,0,0,0.0,-1,-1,-1,-1,0.0,0.0
2026-07-11T07:00,0.0,0.0,0.0,0.0,36.0,2.43,6.8,8,26,23580.0,1,0.375,1020.0,1525.0,0,0.0,1,0,0.0,-1,-1,-1,-1,0.0,0.0
2026-07-11T08:00,0.0,0.0,0.0,0.0,35.8,2.86,6.9,12,23,23580.0,1,0.372,900.0,1465.0,0,0.0,1,0,0.0,-1,-1,-1,-1,0.0,0.0
2026-07-11T09:00,0.0,0.0,0.0,0.0,35.0,2.67,6.8,23,35,23600.0,1,0.37,920.0,1275.0,0,0.0,1,0,0.0,-1,-1,-1,-1,0.0,0.0
2026-07-11T10:00,0.0,0.0,0.0,0.0,33.8,1.97,6.3,36,15,20160.0,1,0.368,1550.0,770.0,0,0.0,0,0,0.0,-1,-1,-1,-1,0.0,0.0
2026-07-11T11:00,0.0,0.0,0.0,0.0,31.5,1.32,4.2,53,3,18140.0,1,0.368,1900.0,130.0,0,0.0,0,0,0.0,-1,-1,-1,-1,0.0,0.0
2026-07-11T12:00,0.0,0.0,0.0,0.0,30.5,1.45,2.4,46,2,18140.0,0,0.356,1520.0,105.0,0,0.0,0,0,0.0,-1,-1,-1,-1,0.0,0.0
2026-07-11T13:00,0.0,0.0,0.0,0.0,30.0,0.91,2.5,99,5,18140.0,0,0.356,1350.0,55.0,0,0.0,0,0,0.0,-1,-1,-1,-1,0.0,0.0
2026-07-11T14:00,0.0,0.0,0.0,0.0,29.5,0.36,1.5,164,1,18140.0,0,0.356,1020.0,25.0,0,0.0,0,0,0.0,-1,-1,-1,-1,0.0,0.0
2026-07-11T15:00,0.0,0.0,0.0,0.0,28.7,0.59,0.8,200,10,18140.0,0,0.356,810.0,25.0,0,0.0,0,0,0.0,-1,-1,-1,-1,0.0,0.0
2026-07-11T16:00,0.0,0.0,0.0,0.0,27.9,0.86,1.3,187,37,16080.0,0,0.357,1080.0,30.0,0,0.0,1,0,0.0,-1,-1,-1,-1,0.0,0.0
2026-07-11T17:00,0.0,0.0,0.0,0.0,27.6,1.05,1.9,175,41,16080.0,0,0.357,1540.0,35.0,0,0.0,1,0,0.0,-1,-1,-1,-1,0.0,0.0
2026-07-11T18:00,0.0,0.0,0.0,0.0,27.8,1.46,2.9,174,29,16080.0,0,0.354,1640.0,50.0,0,0.0,1,0,0.0,-1,-1,-1,-1,0.0,0.0
2026-07-11T19:00,0.0,0.0,0.0,0.0,27.1,1.57,3.1,171,48,16080.0,0,0.354,1500.0,45.0,0,0.0,1,0,0.0,-1,-1,-1,-1,0.0,0.0
2026-07-11T20:00,0.0,0.0,0.0,0.0,26.9,1.3,2.8,176,24,16080.0,0,0.354,1240.0,45.0,0,0.0,1,0,0.0,-1,-1,-1,-1,0.0,0.0
2026-07-11T21:00,0.0,0.0,0.0,0.0,27.0,1.65,2.8,182,37,15500.0,0,0.354,1020.0,75.0,0,0.0,1,0,0.0,-1,-1,-1,-1,0.0,0.0
2026-07-11T22:00,0.1,0.0,0.0,0.0,27.0,2.05,3.5,183,27,9200.0,1,0.355,1050.0,110.0,0,0.0,51,0,0.1,-1,-1,-1,-1,0.0,0.0
2026-07-11T23:00,0.0,0.0,0.0,0.0,28.5,2.01,3.8,186,14,12600.0,1,0.355,1160.0,165.0,0,0.0,0,0,0.0,-1,-1,-1,-1,0.0,0.0
2026-07-12T00:00,0.1,1.0,0.0,0.0,30.3,1.77,4.7,202,18,16100.0,1,0.363,1490.0,280.0,0,0.0,51,0,0.0,-1,-1,-1,-1,0.0,0.0
2026-07-12T01:00,0.1,1.0,0.0,0.0,31.6,1.46,4.7,239,39,7600.0,1,0.363,1970.0,755.0,0,0.0,51,0,0.0,-1,-1,-1,-1,0.0,0.0
2026-07-12T02:00,0.3,0.667,0.0,0.0,32.2,1.43,4.9,299,40,5940.0,1,0.364,2030.0,875.0,0,0.0,51,1,0.1,168,0,2,48,0.0,0.4
2026-07-12T03:00,0.3,0.667,0.0,0.0,33.4,1.45,5.2,314,49,7520.0,1,0.365,2310.0,1070.0,0,0.0,95,1,0.1,168,1,1,48,0.0,0.4
2026-07-12T04:00,0.2,0.5,0.0,0.0,34.8,1.63,5.6,315,44,9740.0,1,0.364,2190.0,1340.0,0,0.0,51,0,0.1,-1,-1,-1,-1,0.0,0.0
2026-07-12T05:00,0.0,0.0,0.0,0.0,35.8,1.74,5.6,309,16,10800.0,1,0.361,1990.0,1585.0,0,0.0,0,0,0.0,-1,-1,-1,-1,0.0,0.0
2026-07-12T06:00,0.0,0.0,0.0,0.0,36.6,2.2,6.2,321,10,14960.0,1,0.352,1170.0,1770.0,0,0.0,0,0,0.0,-1,-1,-1,-1,0.0,0.0
2026-07-12T07:00,0.0,0.0,0.0,0.0,36.6,1.98,6.4,315,25,12520.0,1,0.349,1200.0,1780.0,0,0.0,1,0,0.0,-1,-1,-1,-1,0.0,0.0
2026-07-12T08:00,0.1,0.0,0.0,0.0,36.2,1.9,5.9,330,14,10520.0,1,0.347,1120.0,1670.0,0,0.0,51,0,0.1,-1,-1,-1,-1,0.0,0.0
2026-07-12T09:00,0.0,0.0,0.0,0.0,35.6,1.58,5.4,349,12,18280.0,1,0.346,780.0,1520.0,0,0.0,0,0,0.0,-1,-1,-1,-1,0.0,0.0
2026-07-12T10:00,0.0,0.0,0.0,0.0,34.7,1.32,4.2,11,45,20240.0,1,0.345,1550.0,1325.0,0,0.0,1,0,0.0,-1,-1,-1,-1,0.0,0.0
2026-07-12T11:00,0.0,0.0,0.0,0.0,32.4,1.43,3.1,61,96,18200.0,1,0.344,2250.0,125.0,0,0.0,3,0,0.0,-1,-1,-1,-1,0.0,0.0
2026-07-12T12:00,0.0,0.0,0.0,0.0,31.6,1.37,3.0,80,76,18200.0,0,0.319,2210.0,70.0,0,0.0,2,0,0.0,-1,-1,-1,-1,0.0,0.0
2026-07-12T13:00,0.0,0.0,0.0,0.0,30.4,1.2,2.4,107,43,18200.0,0,0.319,1720.0,50.0,0,0.0,1,0,0.0,-1,-1,-1,-1,0.0,0.0
2026-07-12T14:00,0.0,0.0,0.0,0.0,29.7,0.72,1.9,146,29,18200.0,0,0.32,1180.0,20.0,0,0.0,1,0,0.0,-1,-1,-1,-1,0.0,0.0
2026-07-12T15:00,0.0,0.0,0.0,0.0,28.8,0.56,1.3,170,44,16140.0,0,0.32,1090.0,15.0,0,0.0,1,0,0.0,-1,-1,-1,-1,0.0,0.0
2026-07-12T16:00,0.0,0.0,0.0,0.0,28.1,0.63,1.3,162,27,16140.0,0,0.32,970.0,15.0,0,0.0,1,0,0.0,-1,-1,-1,-1,0.0,0.0
2026-07-12T17:00,0.0,0.0,0.0,0.0,27.6,0.52,1.2,163,22,16140.0,0,0.32,1030.0,20.0,0,0.0,1,0,0.0,-1,-1,-1,-1,0.0,0.0
2026-07-12T18:00,0.0,0.0,0.0,0.0,28.8,0.25,1.2,169,78,18220.0,0,0.308,1530.0,20.0,0,0.0,2,0,0.0,-1,-1,-1,-1,0.0,0.0
2026-07-12T19:00,0.0,0.0,0.0,0.0,28.3,0.68,1.1,163,98,18220.0,0,0.308,1450.0,35.0,0,0.0,3,0,0.0,-1,-1,-1,-1,0.0,0.0
2026-07-12T20:00,0.0,0.0,0.0,0.0,28.4,0.46,1.2,167,100,18220.0,0,0.308,1200.0,25.0,0,0.0,3,0,0.0,-1,-1,-1,-1,0.0,0.0
2026-07-12T21:00,0.0,0.0,0.0,0.0,28.3,0.5,0.8,174,100,18220.0,0,0.309,1100.0,30.0,0,0.0,3,0,0.0,-1,-1,-1,-1,0.0,0.0
2026-07-12T22:00,0.0,0.0,0.0,0.0,28.1,0.51,0.9,169,100,18220.0,1,0.309,1130.0,25.0,0,0.0,3,0,0.0,-1,-1,-1,-1,0.0,0.0
2026-07-12T23:00,0.0,0.0,0.0,0.0,29.0,0.36,1.1,164,99,16140.0,1,0.309,1160.0,20.0,0,0.0,3,0,0.0,-1,-1,-1,-1,0.0,0.0
2026-07-13T00:00,0.0,0.0,0.0,0.0,31.3,0.34,1.8,297,80,18220.0,1,0.319,1320.0,115.0,0,0.0,3,0,0.0,-1,-1,-1,-1,0.0,0.0
2026-07-13T01:00,0.0,0.0,0.0,0.0,32.9,0.78,3.2,310,5,20280.0,1,0.318,1730.0,480.0,0,0.0,0,0,0.0,-1,-1,-1,-1,0.0,0.0
2026-07-13T02:00,0.0,0.0,0.0,0.0,34.6,0.99,4.0,330,37,20280.0,1,0.317,1760.0,1155.0,0,0.0,1,0,0.0,-1,-1,-1,-1,0.0,0.0
2026-07-13T03:00,0.0,0.0,0.0,0.0,35.5,1.41,4.9,333,34,23740.0,1,0.315,1680.0,1355.0,0,0.0,1,0,0.0,-1,-1,-1,-1,0.0,0.0
2026-07-13T04:00,0.0,0.0,0.0,0.0,36.4,1.43,5.1,335,18,9720.0,1,0.313,960.0,1505.0,0,0.0,0,0,0.0,-1,-1,-1,-1,0.0,0.0
2026-07-13T05:00,0.0,0.0,0.0,0.0,36.9,1.31,5.0,342,39,23760.0,1,0.31,610.0,1430.0,0,0.0,1,0,0.0,-1,-1,-1,-1,0.0,0.0
2026-07-13T06:00,0.0,0.0,0.0,0.0,37.6,1.35,5.3,22,60,26080.0,1,0.309,250.0,1770.0,0,0.0,2,0,0.0,-1,-1,-1,-1,0.0,0.0
2026-07-13T07:00,0.0,0.0,0.0,0.0,37.9,1.5,4.6,15,47,26080.0,1,0.307,110.0,1940.0,0,0.0,1,0,0.0,-1,-1,-1,-1,0.0,0.0
2026-07-13T08:00,0.0,0.0,0.0,0.0,38.0,1.63,4.7,11,66,26080.0,1,0.305,50.0,2075.0,0,0.0,2,0,0.0,-1,-1,-1,-1,0.0,0.0
2026-07-13T09:00,0.0,0.0,0.0,0.0,37.4,1.3,4.4,28,80,26100.0,1,0.303,40.0,1990.0,0,0.0,3,0,0.0,-1,-1,-1,-1,0.0,0.0
2026-07-13T10:00,0.0,0.0,0.0,0.0,36.0,0.32,3.6,18,63,23780.0,1,0.303,330.0,30.0,0,0.0,2,0,0.0,-1,-1,-1,-1,0.0,0.0
2026-07-13T11:00,0.0,0.0,0.0,0.0,33.1,2.51,4.3,167,55,20300.0,1,0.302,1630.0,330.0,0,0.0,2,0,0.0,-1,-1,-1,-1,0.0,0.0
2026-07-13T12:00,0.0,0.0,0.0,0.0,31.0,1.53,6.1,191,98,16180.0,0,0.279,3040.0,100.0,0,0.0,3,0,0.0,-1,-1,-1,-1,0.0,0.0
2026-07-13T13:00,0.0,0.0,0.0,0.0,30.2,1.55,3.4,180,95,16060.0,0,0.279,2610.0,90.0,0,0.0,3,0,0.0,-1,-1,-1,-1,0.0,0.0
2026-07-13T14:00,0.0,0.0,0.0,0.0,29.5,1.32,2.9,169,98,15080.0,0,0.279,2350.0,45.0,0,0.0,3,0,0.0,-1,-1,-1,-1,0.0,0.0
2026-07-13T15:00,0.0,0.0,0.0,0.0,28.8,1.56,2.9,174,2,13980.0,0,0.279,2220.0,45.0,0,0.0,0,0,0.0,-1,-1,-1,-1,0.0,0.0
2026-07-13T16:00,0.0,0.0,0.0,0.0,28.2,1.36,2.9,174,15,13980.0,0,0.279,2080.0,40.0,0,0.0,0,0,0.0,-1,-1,-1,-1,0.0,0.0
2026-07-13T17:00,0.0,0.0,0.0,0.0,27.8,1.05,2.6,180,38,13980.0,0,0.28,1920.0,35.0,0,0.0,1,0,0.0,-1,-1,-1,-1,0.0,0.0
2026-07-13T18:00,0.0,0.0,0.0,0.0,27.8,0.75,2.1,180,10,12100.0,0,0.269,2050.0,25.0,0,0.0,0,0,0.0,-1,-1,-1,-1,0.0,0.0
2026-07-13T19:00,0.0,0.0,0.0,0.0,27.1,0.81,1.8,173,26,12100.0,0,0.269,1880.0,25.0,0,0.0,1,0,0.0,-1,-1,-1,-1,0.0,0.0
2026-07-13T20:00,0.0,0.0,0.0,0.0,26.8,0.63,1.7,162,99,11760.0,0,0.27,1800.0,20.0,0,0.0,3,0,0.0,-1,-1,-1,-1,0.0,0.0
2026-07-13T21:00,0.0,0.0,0.0,0.0,26.8,0.65,1.4,157,50,11380.0,0,0.27,1700.0,20.0,0,0.0,2,0,0.0,-1,-1,-1,-1,0.0,0.0
2026-07-13T22:00,0.0,0.0,0.0,0.0,26.6,0.83,1.7,155,23,9460.0,1,0.27,1650.0,20.0,0,0.0,1,0,0.0,-1,-1,-1,-1,0.0,0.0
2026-07-13T23:00,0.0,0.0,0.0,0.0,28.8,0.8,2.3,180,27,13360.0,1,0.27,2000.0,65.0,0,0.0,1,0,0.0,-1,-1,-1,-1,0.0,0.0
2026-07-14T00:00,0.0,0.0,0.0,0.0,30.8,0.1,3.1,270,13,13440.0,1,0.281,2270.0,460.0,0,0.0,0,0,0.0,-1,-1,-1,-1,0.0,0.0
2026-07-14T01:00,0.0,0.0,0.0,0.0,32.3,0.5,3.2,264,18,18300.0,1,0.281,2520.0,805.0,0,0.0,0,0,0.0,-1,-1,-1,-1,0.0,0.0
2026-07-14T02:00,0.1,1.0,0.0,0.0,33.9,1.0,4.5,264,27,10440.0,1,0.281,2780.0,1405.0,0,0.0,51,0,0.0,-1,-1,-1,-1,0.0,0.0
2026-07-14T03:00,0.1,1.0,0.0,0.0,35.3,1.05,5.0,295,100,20360.0,1,0.28,2440.0,1750.0,0,0.0,95,0,0.0,-1,-1,-1,-1,0.0,0.0
2026-07-14T04:00,0.4,0.75,0.0,0.0,35.4,1.32,5.4,299,100,4420.0,1,0.282,2210.0,1630.0,0,0.0,95,1,0.1,169,0,9,38,0.836,0.673
2026-07-14T05:00,2.1,0.762,0.0,0.0,29.0,3.42,8.6,243,82,3460.0,1,0.3,2440.0,225.0,0,0.275,96,1,0.5,169,1,8,38,0.836,0.68
2026-07-14T06:00,0.6,0.0,0.0,0.0,32.9,1.63,8.1,333,33,5780.0,1,0.302,2690.0,625.0,0,0.0,53,1,0.6,169,2,7,38,0.836,0.223
2026-07-14T07:00,1.1,0.818,0.0,0.0,35.4,0.11,6.7,153,73,3700.0,1,0.31,2740.0,1380.0,0,0.025,96,1,0.2,169,3,6,38,0.836,0.714
2026-07-14T08:00,0.6,0.333,0.0,0.0,32.3,0.92,4.8,68,77,7520.0,1,0.315,2550.0,625.0,0,0.0,95,1,0.4,169,4,5,38,0.836,0.423
2026-07-14T09:00,0.6,0.667,0.0,0.0,32.5,0.96,5.6,62,41,8140.0,1,0.318,2450.0,785.0,0,0.0,53,1,0.2,169,5,4,38,0.836,0.623
2026-07-14T10:00,0.0,0.0,0.0,0.0,31.7,0.85,3.2,267,48,12560.0,1,0.318,2650.0,550.0,0,0.0,1,0,0.0,169,6,3,38,0.836,0.223
2026-07-14T11:00,0.6,0.833,0.0,0.0,29.9,1.01,3.8,213,99,4040.0,1,0.323,2890.0,45.0,0,0.0,95,1,0.1,169,7,2,38,0.836,0.723
2026-07-14T12:00,0.4,0.0,0.0,0.0,29.2,0.62,2.1,194,78,4680.0,0,0.304,4190.0,25.0,0,0.0,51,1,0.4,169,8,1,38,0.836,0.223
2026-07-14T13:00,0.1,0.0,0.0,0.0,28.5,0.61,1.3,261,69,3680.0,0,0.305,4080.0,40.0,0,0.0,51,0,0.1,-1,-1,-1,-1,0.0,0.0
2026-07-14T14:00,0.0,0.0,0.0,0.0,28.0,0.6,1.2,265,36,2760.0,0,0.305,3460.0,45.0,0,0.0,1,0,0.0,-1,-1,-1,-1,0.0,0.0
2026-07-14T15:00,0.0,0.0,0.0,0.0,27.4,0.65,1.4,270,24,2620.0,0,0.305,2870.0,45.0,0,0.0,1,0,0.0,-1,-1,-1,-1,0.0,0.0
2026-07-14T16:00,0.0,0.0,0.0,0.0,26.8,0.63,1.3,288,35,3740.0,0,0.306,2350.0,40.0,0,0.0,1,0,0.0,-1,-1,-1,-1,0.0,0.0
2026-07-14T17:00,0.0,0.0,0.0,0.0,26.6,1.08,2.3,283,49,6880.0,0,0.306,1820.0,50.0,0,0.0,1,0,0.0,-1,-1,-1,-1,0.0,0.0
2026-07-14T18:00,0.0,0.0,0.0,0.0,26.8,1.17,2.3,260,46,9660.0,0,0.282,1870.0,70.0,0,0.0,1,0,0.0,-1,-1,-1,-1,0.0,0.0
2026-07-14T19:00,0.0,0.0,0.0,0.0,26.4,0.76,2.5,259,23,10960.0,0,0.282,850.0,60.0,0,0.0,1,0,0.0,-1,-1,-1,-1,0.0,0.0
2026-07-14T20:00,0.0,0.0,0.0,0.0,26.0,0.98,2.0,246,20,11480.0,0,0.282,220.0,75.0,0,0.0,1,0,0.0,-1,-1,-1,-1,0.0,0.0
2026-07-14T21:00,0.0,0.0,0.0,0.0,25.6,0.85,2.1,242,24,13240.0,0,0.282,10.0,65.0,0,0.0,1,0,0.0,-1,-1,-1,-1,0.0,0.0
2026-07-14T22:00,0.0,0.0,0.0,0.0,25.5,0.56,1.8,280,30,14040.0,1,0.283,0.0,35.0,0,0.0,1,0,0.0,-1,-1,-1,-1,0.0,0.0
2026-07-14T23:00,0.0,0.0,0.0,0.0,26.7,0.7,2.5,270,70,14040.0,1,0.283,0.0,90.0,0,0.0,2,0,0.0,-1,-1,-1,-1,0.0,0.0
2026-07-15T00:00,0.0,0.0,0.0,0.0,28.7,0.34,3.2,297,62,16260.0,1,0.306,90.0,1100.0,0,0.0,2,0,0.0,-1,-1,-1,-1,0.0,0.0
2026-07-15T01:00,0.0,0.0,0.0,0.0,30.0,1.72,4.7,188,74,18360.0,1,0.306,40.0,1190.0,0,0.0,2,0,0.0,-1,-1,-1,-1,0.0,0.0
2026-07-15T02:00,0.0,0.0,0.0,0.0,31.4,3.0,7.3,183,73,20420.0,1,0.304,0.0,1290.0,0,0.0,2,0,0.0,-1,-1,-1,-1,0.0,0.0
2026-07-15T03:00,0.0,0.0,0.0,0.0,31.6,3.7,8.9,181,93,20420.0,1,0.303,10.0,1160.0,0,0.0,3,0,0.0,-1,-1,-1,-1,0.0,0.0
2026-07-15T04:00,0.0,0.0,0.0,0.0,32.7,3.19,8.8,189,58,14920.0,1,0.301,380.0,1245.0,0,0.0,2,0,0.0,-1,-1,-1,-1,0.0,0.0
2026-07-15T05:00,0.0,0.0,0.0,0.0,33.5,4.0,9.8,178,46,20440.0,1,0.299,500.0,1255.0,0,0.0,1,0,0.0,-1,-1,-1,-1,0.0,0.0
2026-07-15T06:00,0.0,0.0,0.0,0.0,33.5,3.76,10.2,190,21,17420.0,1,0.295,220.0,1350.0,0,0.0,1,0,0.0,-1,-1,-1,-1,0.0,0.0
2026-07-15T07:00,0.0,0.0,0.0,0.0,33.3,4.18,9.8,191,23,20440.0,1,0.293,270.0,1330.0,0,0.0,1,0,0.0,-1,-1,-1,-1,0.0,0.0
2026-07-15T08:00,0.0,0.0,0.0,0.0,33.1,4.13,9.8,187,19,20440.0,1,0.292,310.0,1240.0,0,0.0,0,0,0.0,-1,-1,-1,-1,0.0,0.0
2026-07-15T09:00,0.0,0.0,0.0,0.0,32.8,3.38,9.4,193,12,20440.0,1,0.291,330.0,1270.0,0,0.0,0,0,0.0,-1,-1,-1,-1,0.0,0.0
2026-07-15T10:00,0.0,0.0,0.0,0.0,31.9,3.56,7.8,183,41,20440.0,1,0.29,260.0,1190.0,0,0.0,1,0,0.0,-1,-1,-1,-1,0.0,0.0
2026-07-15T11:00,0.0,0.0,0.0,0.0,30.3,2.82,7.6,174,59,18380.0,1,0.289,170.0,670.0,0,0.0,2,0,0.0,-1,-1,-1,-1,0.0,0.0
2026-07-15T12:00,0.0,0.0,0.0,0.0,29.5,2.23,5.7,196,38,18380.0,0,0.287,310.0,680.0,0,0.0,1,0,0.0,-1,-1,-1,-1,0.0,0.0
2026-07-15T13:00,0.0,0.0,0.0,0.0,29.0,2.14,4.5,191,34,18380.0,0,0.286,190.0,680.0,0,0.0,1,0,0.0,-1,-1,-1,-1,0.0,0.0
2026-07-15T14:00,0.0,0.0,0.0,0.0,28.7,2.2,4.3,183,39,18380.0,0,0.286,130.0,765.0,0,0.0,1,0,0.0,-1,-1,-1,-1,0.0,0.0
2026-07-15T15:00,0.0,0.0,0.0,0.0,28.4,1.96,4.5,176,34,18400.0,0,0.286,100.0,665.0,0,0.0,1,0,0.0,-1,-1,-1,-1,0.0,0.0
2026-07-15T16:00,0.0,0.0,0.0,0.0,27.9,1.9,3.8,178,34,18400.0,0,0.286,70.0,625.0,0,0.0,1,0,0.0,-1,-1,-1,-1,0.0,0.0
2026-07-15T17:00,0.0,0.0,0.0,0.0,27.7,2.08,4.1,190,40,16300.0,0,0.286,100.0,630.0,0,0.0,1,0,0.0,-1,-1,-1,-1,0.0,0.0
2026-07-15T18:00,0.0,0.0,0.0,0.0,27.7,2.5,5.4,192,24,16300.0,0,0.286,80.0,695.0,0,0.0,1,0,0.0,-1,-1,-1,-1,0.0,0.0
2026-07-15T19:00,0.0,0.0,0.0,0.0,27.3,2.11,5.0,202,44,16300.0,0,0.286,70.0,690.0,0,0.0,1,0,0.0,-1,-1,-1,-1,0.0,0.0
2026-07-15T20:00,0.0,0.0,0.0,0.0,26.7,1.64,4.3,211,38,16300.0,0,0.286,70.0,670.0,0,0.0,1,0,0.0,-1,-1,-1,-1,0.0,0.0
2026-07-15T21:00,0.0,0.0,0.0,0.0,26.4,1.15,3.3,214,58,16300.0,0,0.286,50.0,570.0,0,0.0,2,0,0.0,-1,-1,-1,-1,0.0,0.0
2026-07-15T22:00,0.0,0.0,0.0,0.0,26.3,1.45,2.9,221,40,12000.0,1,0.286,40.0,445.0,0,0.0,1,0,0.0,-1,-1,-1,-1,0.0,0.0
2026-07-15T23:00,0.0,0.0,0.0,0.0,27.6,2.04,5.0,197,38,16320.0,1,0.286,40.0,610.0,0,0.0,1,0,0.0,-1,-1,-1,-1,0.0,0.0
2026-07-16T00:00,0.0,0.0,0.0,0.0,29.5,2.57,5.5,187,28,18420.0,1,0.284,300.0,770.0,0,0.0,1,0,0.0,-1,-1,-1,-1,0.0,0.0
2026-07-16T01:00,0.0,0.0,0.0,0.0,30.7,3.27,7.7,191,82,18420.0,1,0.284,300.0,965.0,0,0.0,3,0,0.0,-1,-1,-1,-1,0.0,0.0
2026-07-16T02:00,0.0,0.0,0.0,0.0,32.1,3.53,8.6,198,25,7860.0,1,0.283,280.0,1105.0,0,0.0,1,0,0.0,-1,-1,-1,-1,0.0,0.0
2026-07-16T03:00,0.4,0.0,0.0,0.0,32.3,3.62,8.7,206,51,3940.0,1,0.285,330.0,1140.0,0,0.0,51,1,0.4,170,0,2,26,0.283,0.075
2026-07-16T04:00,0.6,0.167,0.0,0.0,32.8,3.3,8.6,212,27,7920.0,1,0.289,680.0,1195.0,0,0.0,53,1,0.5,170,1,1,26,0.283,0.176
2026-07-16T05:00,0.2,0.5,0.0,0.0,34.0,3.28,8.6,218,13,7940.0,1,0.289,720.0,1375.0,0,0.0,51,0,0.1,-1,-1,-1,-1,0.0,0.0
2026-07-16T06:00,0.1,1.0,0.0,0.0,34.6,2.68,8.9,213,15,7280.0,1,0.29,360.0,1575.0,0,0.0,51,0,0.0,-1,-1,-1,-1,0.0,0.0
2026-07-16T07:00,0.1,1.0,0.0,0.0,34.8,3.43,8.5,196,3,11860.0,1,0.289,290.0,1665.0,0,0.0,51,0,0.0,-1,-1,-1,-1,0.0,0.0
2026-07-16T08:00,0.1,0.0,0.0,0.0,34.5,3.84,9.0,188,13,7900.0,1,0.288,350.0,1545.0,0,0.0,51,0,0.1,-1,-1,-1,-1,0.0,0.0
2026-07-16T09:00,0.1,0.0,0.0,0.0,33.6,3.65,8.8,182,82,18220.0,1,0.287,570.0,1190.0,0,0.0,51,0,0.1,-1,-1,-1,-1,0.0,0.0
2026-07-16T10:00,0.0,0.0,0.0,0.0,32.6,3.15,8.1,178,63,20520.0,1,0.286,540.0,850.0,0,0.0,2,0,0.0,-1,-1,-1,-1,0.0,0.0
2026-07-16T11:00,0.0,0.0,0.0,0.0,31.2,2.26,6.6,186,51,20520.0,1,0.286,560.0,555.0,0,0.0,2,0,0.0,-1,-1,-1,-1,0.0,0.0
2026-07-16T12:00,0.0,0.0,0.0,0.0,30.2,2.7,5.2,179,37,18440.0,0,0.276,690.0,565.0,0,0.0,1,0,0.0,-1,-1,-1,-1,0.0,0.0
2026-07-16T13:00,0.0,0.0,0.0,0.0,29.5,2.42,5.4,187,18,18440.0,0,0.276,670.0,465.0,0,0.0,0,0,0.0,-1,-1,-1,-1,0.0,0.0
2026-07-16T14:00,0.0,0.0,0.0,0.0,28.9,2.31,4.8,186,10,18440.0,0,0.276,460.0,440.0,0,0.0,0,0,0.0,-1,-1,-1,-1,0.0,0.0
2026-07-16T15:00,0.0,0.0,0.0,0.0,28.3,1.89,4.5,192,17,18420.0,0,0.276,360.0,435.0,0,0.0,0,0,0.0,-1,-1,-1,-1,0.0,0.0
2026-07-16T16:00,0.0,0.0,0.0,0.0,27.9,2.09,4.0,197,23,16320.0,0,0.276,230.0,505.0,0,0.0,1,0,0.0,-1,-1,-1,-1,0.0,0.0
2026-07-16T17:00,0.0,0.0,0.0,0.0,27.9,2.67,5.3,197,67,15500.0,0,0.276,80.0,560.0,0,0.0,2,0,0.0,-1,-1,-1,-1,0.0,0.0
2026-07-16T18:00,0.0,0.0,0.0,0.0,27.9,2.47,5.5,194,79,15660.0,0,0.273,90.0,525.0,0,0.0,2,0,0.0,-1,-1,-1,-1,0.0,0.0
2026-07-16T19:00,0.0,0.0,0.0,0.0,27.2,1.95,4.8,193,79,16300.0,0,0.273,60.0,465.0,0,0.0,2,0,0.0,-1,-1,-1,-1,0.0,0.0
2026-07-16T20:00,0.0,0.0,0.0,0.0,26.5,1.5,3.8,184,94,16020.0,0,0.273,30.0,395.0,0,0.0,3,0,0.0,-1,-1,-1,-1,0.0,0.0
2026-07-16T21:00,0.0,0.0,0.0,0.0,26.3,2.0,3.8,181,63,16020.0,0,0.273,20.0,410.0,0,0.0,2,0,0.0,-1,-1,-1,-1,0.0,0.0
2026-07-16T22:00,0.0,0.0,0.0,0.0,26.2,2.14,4.4,191,18,16120.0,1,0.273,10.0,370.0,0,0.0,0,0,0.0,-1,-1,-1,-1,0.0,0.0
2026-07-16T23:00,0.0,0.0,0.0,0.0,27.6,2.45,5.4,184,82,16000.0,1,0.273,20.0,495.0,0,0.0,3,0,0.0,-1,-1,-1,-1,0.0,0.0
2026-07-17T00:00,0.0,0.0,0.0,0.0,29.8,2.56,6.3,192,20,18360.0,1,0.274,370.0,740.0,0,0.0,1,0,0.0,-1,-1,-1,-1,0.0,0.0
2026-07-17T01:00,0.0,0.0,0.0,0.0,31.3,3.01,7.4,191,15,18360.0,1,0.273,560.0,1020.0,0,0.0,0,0,0.0,-1,-1,-1,-1,0.0,0.0
2026-07-17T02:00,0.0,0.0,0.0,0.0,32.5,3.57,9.6,198,59,17440.0,1,0.272,830.0,1225.0,0,0.0,2,0,0.0,-1,-1,-1,-1,0.0,0.0
2026-07-17T03:00,0.0,0.0,0.0,0.0,33.5,3.54,9.6,199,41,9140.0,1,0.271,1010.0,1375.0,0,0.0,1,0,0.0,-1,-1,-1,-1,0.0,0.0
2026-07-17T04:00,0.1,0.0,0.0,0.0,34.6,3.13,9.1,205,8,13980.0,1,0.27,1310.0,1600.0,0,0.0,51,0,0.1,-1,-1,-1,-1,0.0,0.0
2026-07-17T05:00,0.0,0.0,0.0,0.0,35.3,3.65,9.0,213,18,10820.0,1,0.269,1730.0,1770.0,0,0.0,0,0,0.0,-1,-1,-1,-1,0.0,0.0
2026-07-17T06:00,0.2,0.5,0.0,0.0,34.8,2.22,9.3,234,30,8420.0,1,0.268,1520.0,1565.0,0,0.0,51,0,0.1,-1,-1,-1,-1,0.0,0.0
2026-07-17T07:00,0.4,0.5,0.0,0.0,34.9,1.67,6.9,219,80,9100.0,1,0.27,1540.0,1635.0,0,0.0,95,1,0.2,171,0,2,23,0.157,0.342
2026-07-17T08:00,0.5,0.4,0.0,0.0,31.9,3.43,8.1,228,93,5040.0,1,0.274,1340.0,680.0,0,0.0,53,1,0.3,171,1,1,23,0.157,0.282
2026-07-17T09:00,0.1,0.0,0.0,0.0,32.5,1.82,7.9,212,90,20380.0,1,0.274,1490.0,720.0,0,0.0,51,0,0.1,-1,-1,-1,-1,0.0,0.0
2026-07-17T10:00,0.0,0.0,0.0,0.0,32.9,2.55,5.4,191,98,20360.0,1,0.273,1240.0,1115.0,0,0.0,3,0,0.0,-1,-1,-1,-1,0.0,0.0
2026-07-17T11:00,0.0,0.0,0.0,0.0,31.3,3.21,6.8,176,98,15200.0,1,0.273,1010.0,610.0,0,0.0,3,0,0.0,-1,-1,-1,-1,0.0,0.0
2026-07-17T12:00,0.0,0.0,0.0,0.0,29.3,1.95,6.5,167,89,16200.0,0,0.246,1750.0,230.0,0,0.0,3,0,0.0,-1,-1,-1,-1,0.0,0.0
2026-07-17T13:00,0.0,0.0,0.0,0.0,29.5,2.76,4.9,168,84,18280.0,0,0.246,960.0,380.0,0,0.0,3,0,0.0,-1,-1,-1,-1,0.0,0.0
2026-07-17T14:00,0.0,0.0,0.0,0.0,29.3,2.51,5.3,175,94,18280.0,0,0.246,1030.0,335.0,0,0.0,3,0,0.0,-1,-1,-1,-1,0.0,0.0
2026-07-17T15:00,0.0,0.0,0.0,0.0,28.4,2.02,4.6,189,92,16060.0,0,0.246,1020.0,125.0,0,0.0,3,0,0.0,-1,-1,-1,-1,0.0,0.0
2026-07-17T16:00,0.0,0.0,0.0,0.0,27.8,1.96,3.8,186,91,16140.0,0,0.246,830.0,140.0,0,0.0,3,0,0.0,-1,-1,-1,-1,0.0,0.0
2026-07-17T17:00,0.0,0.0,0.0,0.0,27.6,2.21,4.1,186,99,16180.0,0,0.246,600.0,280.0,0,0.0,3,0,0.0,-1,-1,-1,-1,0.0,0.0
2026-07-17T18:00,0.0,0.0,0.0,0.0,28.5,2.36,4.7,186,97,16160.0,0,0.226,730.0,320.0,0,0.0,3,0,0.0,-1,-1,-1,-1,0.0,0.0
2026-07-17T19:00,0.0,0.0,0.0,0.0,27.8,2.37,4.5,187,100,15960.0,0,0.227,710.0,355.0,0,0.0,3,0,0.0,-1,-1,-1,-1,0.0,0.0
2026-07-17T20:00,0.0,0.0,0.0,0.0,27.7,2.71,5.3,185,100,14720.0,0,0.227,740.0,385.0,0,0.0,3,0,0.0,-1,-1,-1,-1,0.0,0.0
2026-07-17T21:00,0.0,0.0,0.0,0.0,27.4,2.16,5.3,187,99,15240.0,0,0.227,570.0,360.0,0,0.0,3,0,0.0,-1,-1,-1,-1,0.0,0.0
2026-07-17T22:00,0.0,0.0,0.0,0.0,27.0,1.6,4.3,184,98,15620.0,1,0.227,480.0,310.0,0,0.0,3,0,0.0,-1,-1,-1,-1,0.0,0.0
2026-07-17T23:00,0.0,0.0,0.0,0.0,28.5,2.16,4.8,187,83,15940.0,1,0.227,570.0,425.0,0,0.0,3,0,0.0,-1,-1,-1,-1,0.0,0.0
2026-07-18T00:00,0.0,0.0,0.0,0.0,30.3,2.17,5.9,199,100,18220.0,1,0.242,690.0,735.0,0,0.0,3,0,0.0,-1,-1,-1,-1,0.0,0.0
2026-07-18T01:00,0.0,0.0,0.0,0.0,31.6,2.74,6.7,198,100,20260.0,1,0.242,710.0,1115.0,0,0.0,3,0,0.0,-1,-1,-1,-1,0.0,0.0
2026-07-18T02:00,0.0,0.0,0.0,0.0,32.5,3.09,8.2,205,100,20260.0,1,0.242,690.0,1205.0,0,0.0,3,0,0.0,-1,-1,-1,-1,0.0,0.0
2026-07-18T03:00,0.0,0.0,0.0,0.0,33.8,2.69,8.5,204,99,20240.0,1,0.241,1090.0,1480.0,0,0.0,3,0,0.0,-1,-1,-1,-1,0.0,0.0
2026-07-18T04:00,0.0,0.0,0.0,0.0,34.8,2.66,7.9,206,99,20240.0,1,0.241,1440.0,1735.0,0,0.0,3,0,0.0,-1,-1,-1,-1,0.0,0.0
2026-07-18T05:00,0.0,0.0,0.0,0.0,34.7,2.35,7.6,180,99,19960.0,1,0.241,1160.0,1640.0,0,0.0,3,0,0.0,-1,-1,-1,-1,0.0,0.0
2026-07-18T06:00,0.0,0.0,0.0,0.0,35.3,2.22,6.8,188,91,23700.0,1,0.24,1340.0,1605.0,0,0.0,3,0,0.0,-1,-1,-1,-1,0.0,0.0
2026-07-18T07:00,0.0,0.0,0.0,0.0,35.2,2.5,6.7,200,91,9340.0,1,0.239,1100.0,1605.0,0,0.0,3,0,0.0,-1,-1,-1,-1,0.0,0.0
2026-07-18T08:00,0.3,1.0,0.0,0.0,34.0,3.35,7.7,190,94,7660.0,1,0.242,740.0,1220.0,0,0.0,51,1,0.0,172,0,1,22,0.0,0.6
2026-07-18T09:00,0.2,0.5,0.0,0.0,33.1,3.56,8.1,175,93,15840.0,1,0.243,850.0,910.0,0,0.0,51,0,0.1,-1,-1,-1,-1,0.0,0.0
2026-07-18T10:00,0.0,0.0,0.0,0.0,32.5,3.4,7.9,181,87,20200.0,1,0.243,1400.0,760.0,0,0.0,3,0,0.0,-1,-1,-1,-1,0.0,0.0
2026-07-18T11:00,0.0,0.0,0.0,0.0,31.5,3.4,7.7,181,95,18140.0,1,0.243,1370.0,620.0,0,0.0,3,0,0.0,-1,-1,-1,-1,0.0,0.0
2026-07-18T12:00,0.0,0.0,0.0,0.0,31.1,2.15,7.2,183,97,20180.0,0,0.233,860.0,385.0,0,0.0,3,0,0.0,-1,-1,-1,-1,0.0,0.0
2026-07-18T13:00,0.0,0.0,0.0,0.0,30.3,2.5,4.6,180,99,18140.0,0,0.233,920.0,325.0,0,0.0,3,0,0.0,-1,-1,-1,-1,0.0,0.0
2026-07-18T14:00,0.0,0.0,0.0,0.0,30.1,2.66,5.3,175,98,14120.0,0,0.233,810.0,425.0,0,0.0,3,0,0.0,-1,-1,-1,-1,0.0,0.0
2026-07-18T15:00,0.0,0.0,0.0,0.0,29.1,1.97,5.2,189,100,17100.0,0,0.233,850.0,305.0,0,0.0,3,0,0.0,-1,-1,-1,-1,0.0,0.0
2026-07-18T16:00,0.0,0.0,0.0,0.0,28.4,2.14,4.0,191,99,16040.0,0,0.234,740.0,315.0,0,0.0,3,0,0.0,-1,-1,-1,-1,0.0,0.0
2026-07-18T17:00,0.0,0.0,0.0,0.0,28.5,1.87,4.5,200,98,16040.0,0,0.234,780.0,365.0,0,0.0,3,0,0.0,-1,-1,-1,-1,0.0,0.0
2026-07-18T18:00,0.0,0.0,0.0,0.0,29.2,2.51,3.8,185,98,18100.0,0,0.211,880.0,365.0,0,0.0,3,0,0.0,-1,-1,-1,-1,0.0,0.0
2026-07-18T19:00,0.0,0.0,0.0,0.0,28.5,2.36,5.0,186,99,16020.0,0,0.211,740.0,355.0,0,0.0,3,0,0.0,-1,-1,-1,-1,0.0,0.0
2026-07-18T20:00,0.1,1.0,0.0,0.0,27.9,2.22,5.0,166,100,11200.0,0,0.212,570.0,330.0,0,0.0,51,0,0.0,-1,-1,-1,-1,0.0,0.0
2026-07-18T21:00,0.0,0.0,0.0,0.0,27.4,1.96,4.3,199,100,12660.0,0,0.212,580.0,390.0,0,0.0,3,0,0.0,-1,-1,-1,-1,0.0,0.0
2026-07-18T22:00,0.1,0.0,0.0,0.0,27.1,2.42,5.0,202,100,7900.0,1,0.213,550.0,410.0,0,0.0,51,0,0.1,-1,-1,-1,-1,0.0,0.0
2026-07-18T23:00,0.1,0.0,0.0,0.0,27.1,2.77,5.7,186,100,6260.0,1,0.214,560.0,480.0,0,0.0,51,0,0.1,-1,-1,-1,-1,0.0,0.0
2026-07-19T00:00,0.1,0.0,0.0,0.0,28.2,1.7,6.4,182,100,11660.0,1,0.256,1140.0,375.0,0,0.0,51,0,0.1,-1,-1,-1,-1,0.0,0.0
2026-07-19T01:00,0.0,0.0,0.0,0.0,29.8,2.8,6.5,183,100,18060.0,1,0.256,1180.0,610.0,0,0.0,3,0,0.0,-1,-1,-1,-1,0.0,0.0
2026-07-19T02:00,0.0,0.0,0.0,0.0,31.3,3.08,7.4,197,99,12160.0,1,0.255,840.0,1095.0,0,0.0,3,0,0.0,-1,-1,-1,-1,0.0,0.0
2026-07-19T03:00,0.0,0.0,0.0,0.0,32.9,2.66,8.6,208,76,20080.0,1,0.255,810.0,1305.0,0,0.0,2,0,0.0,-1,-1,-1,-1,0.0,0.0
2026-07-19T04:00,0.0,0.0,0.0,0.0,34.0,2.58,8.2,223,76,20080.0,1,0.254,1130.0,1565.0,0,0.0,2,0,0.0,-1,-1,-1,-1,0.0,0.0
2026-07-19T05:00,0.0,0.0,0.0,0.0,34.5,2.61,8.1,212,60,10140.0,1,0.253,1230.0,1670.0,0,0.0,2,0,0.0,-1,-1,-1,-1,0.0,0.0
2026-07-19T06:00,0.0,0.0,0.0,0.0,35.6,1.71,7.9,238,72,7860.0,1,0.281,950.0,1890.0,0,0.0,2,0,0.0,-1,-1,-1,-1,0.0,0.0
2026-07-19T07:00,0.4,0.5,0.0,0.0,34.0,3.14,7.6,211,99,3160.0,1,0.283,800.0,1315.0,0,0.0,51,1,0.2,173,0,18,3,0.971,0.559
2026-07-19T08:00,3.2,0.844,0.0,0.0,28.4,1.99,8.2,168,100,4120.0,1,0.315,2010.0,290.0,0,0.55,96,1,0.5,173,1,17,3,0.971,0.765
2026-07-19T09:00,0.2,0.0,0.0,0.0,30.0,1.55,4.8,165,100,13080.0,1,0.316,2940.0,200.0,0,0.0,51,0,0.2,173,2,16,3,0.971,0.259
2026-07-19T10:00,0.8,0.75,0.0,0.0,28.5,1.52,3.8,316,100,3820.0,1,0.322,2840.0,145.0,0,0.0,95,1,0.2,173,3,15,3,0.971,0.709
2026-07-19T11:00,1.2,0.75,0.0,0.0,26.8,1.11,3.9,98,100,3880.0,1,0.336,2770.0,100.0,0,0.05,96,1,0.3,173,4,14,3,0.971,0.709
2026-07-19T12:00,0.5,0.0,0.0,0.0,28.4,2.26,2.8,175,100,5300.0,0,0.293,370.0,160.0,0,0.0,53,1,0.5,173,5,13,3,0.971,0.259
2026-07-19T13:00,3.9,0.615,0.0,0.0,25.2,2.93,6.0,233,100,1740.0,0,0.34,490.0,270.0,0,0.1776,95,1,1.5,173,6,12,3,0.971,0.628
2026-07-19T14:00,2.4,0.25,0.0,0.0,25.2,1.95,5.9,181,98,2480.0,0,0.373,500.0,305.0,0,0.0875,80,1,1.8,173,7,11,3,0.971,0.409
2026-07-19T15:00,4.4,0.955,0.0,0.0,25.3,0.46,3.6,347,100,2020.0,0,0.434,740.0,35.0,0,0.3145,95,1,0.2,173,8,10,3,0.971,0.832
2026-07-19T16:00,1.6,0.125,0.0,0.0,25.5,0.51,2.0,259,100,2380.0,0,0.455,980.0,25.0,0,0.0735,80,1,1.4,173,9,9,3,0.971,0.334
2026-07-19T17:00,0.7,0.429,0.0,0.0,25.3,0.32,1.8,141,98,4340.0,0,0.462,1100.0,15.0,0,0.0,53,1,0.4,173,10,8,3,0.971,0.516
2026-07-19T18:00,0.1,0.0,0.0,0.0,26.2,0.82,1.8,166,100,2580.0,0,0.442,1630.0,30.0,0,0.0,51,0,0.1,173,11,7,3,0.971,0.259
2026-07-19T19:00,1.6,0.25,0.0,0.0,25.9,0.61,1.7,215,100,2240.0,0,0.462,1280.0,35.0,0,0.096,80,1,1.2,173,12,6,3,0.971,0.409
2026-07-19T20:00,1.1,0.0,0.0,0.0,25.5,1.2,2.4,180,100,3720.0,0,0.474,860.0,110.0,0,0.0108,55,1,1.1,173,13,5,3,0.971,0.259
2026-07-19T21:00,0.5,0.0,0.0,0.0,25.1,1.63,3.2,191,100,3640.0,0,0.476,550.0,210.0,0,0.0,53,1,0.5,173,14,4,3,0.971,0.259
2026-07-19T22:00,0.7,0.0,0.0,0.0,24.8,1.8,3.8,183,100,3240.0,1,0.481,410.0,255.0,0,0.0,53,1,0.7,173,15,3,3,0.971,0.259
2026-07-19T23:00,0.5,0.0,0.0,0.0,25.2,1.42,3.5,190,100,4860.0,1,0.482,420.0,220.0,0,0.0,53,1,0.5,173,16,2,3,0.971,0.259
2026-07-20T00:00,0.3,0.0,0.0,0.0,26.3,1.86,4.0,186,100,4320.0,1,0.441,660.0,235.0,0,0.0,51,1,0.3,173,17,1,3,0.971,0.259
2026-07-20T01:00,0.2,0.0,0.0,0.0,27.2,2.02,4.8,189,100,5860.0,1,0.441,940.0,315.0,0,0.0,51,0,0.2,-1,-1,-1,-1,0.0,0.0
2026-07-20T02:00,0.1,0.0,0.0,0.0,28.8,1.49,4.7,194,100,7460.0,1,0.441,1380.0,515.0,0,0.0,51,0,0.1,-1,-1,-1,-1,0.0,0.0
2026-07-20T03:00,0.1,0.0,0.0,0.0,29.1,1.21,4.4,218,100,5640.0,1,0.44,1160.0,595.0,0,0.0,51,0,0.1,-1,-1,-1,-1,0.0,0.0
2026-07-20T04:00,0.3,0.0,0.0,0.0,29.7,0.99,3.8,229,100,4800.0,1,0.44,1200.0,555.0,0,0.0,51,1,0.3,174,0,10,2,1.352,0.361
2026-07-20T05:00,0.4,0.0,0.0,0.0,29.2,0.47,3.5,302,100,5780.0,1,0.44,1740.0,355.0,0,0.0,51,1,0.4,174,1,9,2,1.352,0.361
2026-07-20T06:00,0.2,0.0,0.0,0.0,28.9,1.57,4.7,329,100,4580.0,1,0.436,2820.0,265.0,0,0.0,51,0,0.2,174,2,8,2,1.352,0.361
2026-07-20T07:00,0.7,0.571,0.0,0.0,28.4,0.96,5.4,6,99,4000.0,1,0.44,2640.0,395.0,0,0.0,95,1,0.3,174,3,7,2,1.352,0.703
2026-07-20T08:00,3.0,0.967,0.0,0.0,27.5,0.74,4.9,290,100,2220.0,1,0.472,2710.0,195.0,0,0.5,96,1,0.1,174,4,6,2,1.352,0.941
2026-07-20T09:00,6.9,0.783,0.0,0.0,26.6,1.36,4.0,242,100,2140.0,1,0.509,1630.0,205.0,0,0.815,96,1,1.5,174,5,5,2,1.352,0.83
2026-07-20T10:00,1.7,0.0,0.0,0.0,26.3,0.58,3.1,239,100,2560.0,1,0.507,2060.0,45.0,0,0.175,80,1,1.7,174,6,4,2,1.352,0.361
2026-07-20T11:00,1.0,0.0,0.0,0.0,26.3,0.25,1.9,259,100,2560.0,1,0.504,2490.0,35.0,0,0.0,55,1,1.0,174,7,3,2,1.352,0.361
2026-07-20T12:00,0.7,0.0,0.0,0.0,26.8,0.43,1.3,36,100,3360.0,0,0.504,3260.0,30.0,0,0.0,53,1,0.7,174,8,2,2,1.352,0.361
2026-07-20T13:00,0.4,0.25,0.0,0.0,26.6,0.79,1.7,342,100,720.0,0,0.497,3160.0,50.0,0,0.0,51,1,0.3,174,9,1,2,1.352,0.511
2026-07-20T14:00,0.1,0.0,0.0,0.0,26.4,0.21,2.5,315,100,1060.0,0,0.49,2810.0,15.0,0,0.0,51,0,0.1,-1,-1,-1,-1,0.0,0.0
2026-07-20T15:00,0.0,0.0,0.0,0.0,26.1,0.35,0.9,98,98,1900.0,0,0.485,2470.0,20.0,0,0.0,3,0,0.0,-1,-1,-1,-1,0.0,0.0
2026-07-20T16:00,0.5,1.0,0.0,0.0,25.9,0.9,2.0,177,100,5320.0,0,0.487,1910.0,55.0,0,0.0,95,1,0.0,175,0,1,3,0.0,0.6
2026-07-20T17:00,0.1,0.0,0.0,0.0,25.6,1.69,3.2,199,99,7000.0,0,0.483,1220.0,125.0,0,0.0,51,0,0.1,-1,-1,-1,-1,0.0,0.0
2026-07-20T18:00,0.1,1.0,0.0,0.0,25.9,1.35,3.2,178,100,6760.0,0,0.475,1380.0,135.0,0,0.0,51,0,0.0,-1,-1,-1,-1,0.0,0.0
2026-07-20T19:00,0.1,0.0,0.0,0.0,25.5,1.37,2.8,190,100,4580.0,0,0.474,920.0,140.0,0,0.0,51,0,0.1,-1,-1,-1,-1,0.0,0.0
2026-07-20T20:00,0.5,0.0,0.0,0.0,25.2,1.11,3.0,188,100,5160.0,0,0.477,470.0,75.0,0,0.0,53,1,0.5,176,0,1,10,0.0,0
2026-07-20T21:00,0.1,0.0,0.0,0.0,24.7,1.23,2.5,201,88,9580.0,0,0.475,310.0,50.0,0,0.0,51,0,0.1,-1,-1,-1,-1,0.0,0.0
2026-07-20T22:00,0.0,0.0,0.0,0.0,24.7,0.86,2.4,187,70,9580.0,1,0.472,310.0,40.0,0,0.0,2,0,0.0,-1,-1,-1,-1,0.0,0.0
2026-07-20T23:00,0.0,0.0,0.0,0.0,25.7,1.01,2.6,207,65,11480.0,1,0.47,630.0,50.0,0,0.0,2,0,0.0,-1,-1,-1,-1,0.0,0.0
2026-07-21T00:00,0.0,0.0,0.0,0.0,26.6,0.78,3.1,220,88,9680.0,1,0.482,1460.0,90.0,0,0.0,3,0,0.0,-1,-1,-1,-1,0.0,0.0
2026-07-21T01:00,0.0,0.0,0.0,0.0,28.6,0.41,2.9,284,71,9760.0,1,0.479,1490.0,725.0,0,0.0,2,0,0.0,-1,-1,-1,-1,0.0,0.0
2026-07-21T02:00,0.0,0.0,0.0,0.0,30.3,2.0,5.1,183,76,9600.0,1,0.475,980.0,1005.0,0,0.0,2,0,0.0,-1,-1,-1,-1,0.0,0.0
2026-07-21T03:00,0.1,0.0,0.0,0.0,31.5,3.22,9.0,187,64,9000.0,1,0.471,1030.0,1190.0,0,0.0,51,0,0.1,-1,-1,-1,-1,0.0,0.0
2026-07-21T04:00,0.1,1.0,0.0,0.0,32.0,4.25,9.8,183,52,9260.0,1,0.467,1120.0,1145.0,0,0.0,51,0,0.0,-1,-1,-1,-1,0.0,0.0
2026-07-21T05:00,0.2,0.5,0.0,0.0,32.1,4.75,11.0,182,66,8360.0,1,0.464,1120.0,1050.0,0,0.0,51,0,0.1,-1,-1,-1,-1,0.0,0.0
2026-07-21T06:00,0.0,0.0,0.0,0.0,32.4,3.24,10.7,189,31,19740.0,1,0.452,1180.0,1225.0,0,0.0,1,0,0.0,-1,-1,-1,-1,0.0,0.0
2026-07-21T07:00,0.3,0.667,0.0,0.0,31.2,4.13,9.9,191,62,2960.0,1,0.45,820.0,840.0,0,0.0,51,1,0.1,177,0,2,24,0.0,0.4
2026-07-21T08:00,0.3,0.667,0.0,0.0,32.3,3.75,9.6,181,73,8960.0,1,0.449,1230.0,1300.0,0,0.0,51,1,0.1,177,1,1,24,0.0,0.4
2026-07-21T09:00,0.0,0.0,0.0,0.0,30.6,3.31,9.0,176,70,10500.0,1,0.447,970.0,840.0,0,0.0,2,0,0.0,-1,-1,-1,-1,0.0,0.0
2026-07-21T10:00,0.2,0.0,0.0,0.0,29.3,3.55,7.6,194,99,5700.0,1,0.447,1060.0,775.0,0,0.0,51,0,0.2,-1,-1,-1,-1,0.0,0.0
2026-07-21T11:00,0.1,0.0,0.0,0.0,28.1,1.71,7.6,212,92,15400.0,1,0.446,1230.0,390.0,0,0.0,51,0,0.1,-1,-1,-1,-1,0.0,0.0
2026-07-21T12:00,0.0,0.0,0.0,0.0,28.3,1.34,3.4,207,99,15680.0,0,0.448,780.0,470.0,0,0.0,3,0,0.0,-1,-1,-1,-1,0.0,0.0
2026-07-21T13:00,0.0,0.0,0.0,0.0,27.6,2.32,4.2,187,98,13660.0,0,0.447,660.0,470.0,0,0.0,3,0,0.0,-1,-1,-1,-1,0.0,0.0
2026-07-21T14:00,0.0,0.0,0.0,0.0,27.4,2.05,4.5,179,98,15660.0,0,0.446,480.0,410.0,0,0.0,3,0,0.0,-1,-1,-1,-1,0.0,0.0
2026-07-21T15:00,0.0,0.0,0.0,0.0,27.0,1.97,4.0,189,81,14540.0,0,0.445,370.0,405.0,0,0.0,3,0,0.0,-1,-1,-1,-1,0.0,0.0
2026-07-21T16:00,0.0,0.0,0.0,0.0,26.4,2.06,3.9,186,66,15600.0,0,0.445,280.0,325.0,0,0.0,2,0,0.0,-1,-1,-1,-1,0.0,0.0
2026-07-21T17:00,0.0,0.0,0.0,0.0,26.1,2.46,4.6,185,99,15640.0,0,0.444,230.0,355.0,0,0.0,3,0,0.0,-1,-1,-1,-1,0.0,0.0
2026-07-21T18:00,0.0,0.0,0.0,0.0,26.5,2.16,4.9,184,100,15640.0,0,0.435,310.0,410.0,0,0.0,3,0,0.0,-1,-1,-1,-1,0.0,0.0
2026-07-21T19:00,0.0,0.0,0.0,0.0,26.3,2.3,4.4,180,100,15460.0,0,0.435,190.0,465.0,0,0.0,3,0,0.0,-1,-1,-1,-1,0.0,0.0
2026-07-21T20:00,0.0,0.0,0.0,0.0,26.4,2.15,4.4,177,99,15580.0,0,0.434,80.0,480.0,0,0.0,3,0,0.0,-1,-1,-1,-1,0.0,0.0
2026-07-21T21:00,0.0,0.0,0.0,0.0,26.0,1.91,4.2,185,99,15620.0,0,0.434,30.0,415.0,0,0.0,3,0,0.0,-1,-1,-1,-1,0.0,0.0
2026-07-21T22:00,0.0,0.0,0.0,0.0,25.7,1.95,3.8,179,99,15620.0,1,0.434,20.0,400.0,0,0.0,3,0,0.0,-1,-1,-1,-1,0.0,0.0
2026-07-21T23:00,0.0,0.0,0.0,0.0,26.9,2.51,4.8,186,99,15620.0,1,0.433,50.0,580.0,0,0.0,3,0,0.0,-1,-1,-1,-1,0.0,0.0
2026-07-22T00:00,0.0,0.0,0.0,0.0,28.5,2.3,6.1,193,98,17640.0,1,0.433,190.0,775.0,0,0.0,3,0,0.0,-1,-1,-1,-1,0.0,0.0
2026-07-22T01:00,0.0,0.0,0.0,0.0,29.8,3.61,8.0,185,99,19620.0,1,0.431,230.0,1070.0,0,0.0,3,0,0.0,-1,-1,-1,-1,0.0,0.0
2026-07-22T02:00,0.0,0.0,0.0,0.0,31.0,4.29,9.7,187,92,19620.0,1,0.429,350.0,1205.0,0,0.0,3,0,0.0,-1,-1,-1,-1,0.0,0.0
2026-07-22T03:00,0.0,0.0,0.0,0.0,32.2,4.61,10.5,189,87,19600.0,1,0.425,750.0,1370.0,0,0.0,3,0,0.0,-1,-1,-1,-1,0.0,0.0
2026-07-22T04:00,0.0,0.0,0.0,0.0,33.1,4.44,11.6,188,17,19600.0,1,0.421,1000.0,1465.0,0,0.0,0,0,0.0,-1,-1,-1,-1,0.0,0.0
2026-07-22T05:00,0.0,0.0,0.0,0.0,33.6,4.3,11.5,192,22,22980.0,1,0.417,1010.0,1505.0,0,0.0,1,0,0.0,-1,-1,-1,-1,0.0,0.0
2026-07-22T06:00,0.0,0.0,0.0,0.0,33.8,3.88,11.0,195,48,12460.0,1,0.412,750.0,1600.0,0,0.0,1,0,0.0,-1,-1,-1,-1,0.0,0.0
2026-07-22T07:00,0.2,0.5,0.0,0.0,33.8,3.49,10.5,199,27,12600.0,1,0.409,540.0,1580.0,0,0.0,51,0,0.1,-1,-1,-1,-1,0.0,0.0
2026-07-22T08:00,0.0,0.0,0.0,0.0,34.1,3.12,9.2,202,27,22940.0,1,0.406,950.0,1745.0,0,0.0,1,0,0.0,-1,-1,-1,-1,0.0,0.0
2026-07-22T09:00,0.6,0.667,0.0,0.0,31.2,2.83,8.0,225,58,19580.0,1,0.409,1050.0,765.0,0,0.0,53,1,0.2,178,0,1,88,0.0,0.4
2026-07-22T10:00,0.0,0.0,0.0,0.0,31.0,2.04,6.0,191,75,19560.0,1,0.408,1400.0,775.0,0,0.0,2,0,0.0,-1,-1,-1,-1,0.0,0.0
2026-07-22T11:00,0.0,0.0,0.0,0.0,29.6,1.71,4.1,185,65,17560.0,1,0.407,1340.0,450.0,0,0.0,2,0,0.0,-1,-1,-1,-1,0.0,0.0
2026-07-22T12:00,0.0,0.0,0.0,0.0,28.7,2.39,3.3,164,99,10500.0,0,0.389,1630.0,465.0,0,0.0,3,0,0.0,-1,-1,-1,-1,0.0,0.0
2026-07-22T13:00,0.1,0.0,0.0,0.0,27.6,1.97,4.8,187,76,8720.0,0,0.389,1040.0,350.0,0,0.0,51,0,0.1,-1,-1,-1,-1,0.0,0.0
2026-07-22T14:00,0.0,0.0,0.0,0.0,26.5,1.54,3.9,193,74,13400.0,0,0.389,1000.0,75.0,0,0.0,2,0,0.0,-1,-1,-1,-1,0.0,0.0
2026-07-22T15:00,0.0,0.0,0.0,0.0,26.1,1.96,3.7,186,38,11180.0,0,0.389,1080.0,95.0,0,0.0,1,0,0.0,-1,-1,-1,-1,0.0,0.0
2026-07-22T16:00,0.0,0.0,0.0,0.0,26.2,2.35,4.5,181,24,12700.0,0,0.389,950.0,325.0,0,0.0,1,0,0.0,-1,-1,-1,-1,0.0,0.0
2026-07-22T17:00,0.0,0.0,0.0,0.0,26.3,2.47,4.9,187,77,13060.0,0,0.389,1000.0,350.0,0,0.0,2,0,0.0,-1,-1,-1,-1,0.0,0.0
2026-07-22T18:00,0.0,0.0,0.0,0.0,26.5,2.36,5.0,185,77,8820.0,0,0.385,950.0,380.0,0,0.0,2,0,0.0,-1,-1,-1,-1,0.0,0.0
2026-07-22T19:00,0.1,0.0,0.0,0.0,26.1,2.61,5.2,184,91,6280.0,0,0.385,570.0,400.0,0,0.0,51,0,0.1,-1,-1,-1,-1,0.0,0.0
2026-07-22T20:00,0.1,0.0,0.0,0.0,25.9,2.53,5.2,189,91,15120.0,0,0.386,630.0,405.0,0,0.0,51,0,0.1,-1,-1,-1,-1,0.0,0.0
2026-07-22T21:00,0.0,0.0,0.0,0.0,25.7,2.39,5.0,191,96,10960.0,0,0.386,610.0,375.0,0,0.0,3,0,0.0,-1,-1,-1,-1,0.0,0.0
2026-07-22T22:00,0.0,0.0,0.0,0.0,25.7,1.91,4.7,186,98,12500.0,1,0.386,630.0,325.0,0,0.0,3,0,0.0,-1,-1,-1,-1,0.0,0.0
2026-07-22T23:00,0.0,0.0,0.0,0.0,26.8,2.35,4.5,180,98,14440.0,1,0.386,780.0,420.0,0,0.0,3,0,0.0,-1,-1,-1,-1,0.0,0.0
2026-07-23T00:00,0.0,0.0,0.0,0.0,27.3,1.41,5.5,197,100,13360.0,1,0.403,1300.0,395.0,0,0.0,3,0,0.0,-1,-1,-1,-1,0.0,0.0
2026-07-23T01:00,0.0,0.0,0.0,0.0,28.3,1.95,4.7,193,98,15480.0,1,0.402,1410.0,575.0,0,0.0,3,0,0.0,-1,-1,-1,-1,0.0,0.0
2026-07-23T02:00,0.0,0.0,0.0,0.0,30.1,2.79,6.6,195,100,17480.0,1,0.401,1110.0,885.0,0,0.0,3,0,0.0,-1,-1,-1,-1,0.0,0.0
2026-07-23T03:00,0.0,0.0,0.0,0.0,31.4,3.13,7.8,209,100,13840.0,1,0.398,1010.0,1050.0,0,0.0,3,0,0.0,-1,-1,-1,-1,0.0,0.0
2026-07-23T04:00,0.0,0.0,0.0,0.0,31.5,2.77,7.9,214,100,19440.0,1,0.396,1370.0,990.0,0,0.0,3,0,0.0,-1,-1,-1,-1,0.0,0.0
2026-07-23T05:00,0.0,0.0,0.0,0.0,32.0,2.35,7.3,218,100,12260.0,1,0.394,1530.0,1075.0,0,0.0,3,0,0.0,-1,-1,-1,-1,0.0,0.0
2026-07-23T06:00,0.0,0.0,0.0,0.0,32.5,1.57,6.1,239,100,14840.0,1,0.395,1250.0,1205.0,0,0.0,3,0,0.0,-1,-1,-1,-1,0.0,0.0
2026-07-23T07:00,0.0,0.0,0.0,0.0,32.8,1.76,5.6,215,99,19420.0,1,0.392,1330.0,1235.0,0,0.0,3,0,0.0,-1,-1,-1,-1,0.0,0.0
2026-07-23T08:00,0.0,0.0,0.0,0.0,32.8,2.44,5.8,195,99,19420.0,1,0.39,1420.0,1285.0,0,0.0,3,0,0.0,-1,-1,-1,-1,0.0,0.0
2026-07-23T09:00,0.0,0.0,0.0,0.0,32.3,2.7,5.9,182,99,19420.0,1,0.388,1440.0,1080.0,0,0.0,3,0,0.0,-1,-1,-1,-1,0.0,0.0
2026-07-23T10:00,0.0,0.0,0.0,0.0,31.4,2.3,5.9,182,100,19420.0,1,0.387,1700.0,645.0,0,0.0,3,0,0.0,-1,-1,-1,-1,0.0,0.0
2026-07-23T11:00,0.0,0.0,0.0,0.0,29.9,1.9,4.7,180,100,17420.0,1,0.387,1620.0,285.0,0,0.0,3,0,0.0,-1,-1,-1,-1,0.0,0.0
2026-07-23T12:00,0.0,0.0,0.0,0.0,29.4,1.6,3.6,176,82,17420.0,0,0.379,1780.0,105.0,0,0.0,3,0,0.0,-1,-1,-1,-1,0.0,0.0
2026-07-23T13:00,0.0,0.0,0.0,0.0,28.3,1.71,3.2,165,2,15420.0,0,0.379,1570.0,55.0,0,0.0,0,0,0.0,-1,-1,-1,-1,0.0,0.0
2026-07-23T14:00,0.0,0.0,0.0,0.0,27.3,1.52,3.2,163,21,15400.0,0,0.379,1400.0,35.0,0,0.0,1,0,0.0,-1,-1,-1,-1,0.0,0.0
2026-07-23T15:00,0.0,0.0,0.0,0.0,26.5,1.51,3.0,174,70,13280.0,0,0.379,1220.0,30.0,0,0.0,2,0,0.0,-1,-1,-1,-1,0.0,0.0
2026-07-23T16:00,0.0,0.0,0.0,0.0,26.0,1.5,3.0,180,14,13280.0,0,0.379,980.0,35.0,0,0.0,0,0,0.0,-1,-1,-1,-1,0.0,0.0
2026-07-23T17:00,0.0,0.0,0.0,0.0,25.5,1.68,3.1,170,20,13280.0,0,0.379,730.0,35.0,0,0.0,1,0,0.0,-1,-1,-1,-1,0.0,0.0
2026-07-23T18:00,0.0,0.0,0.0,0.0,25.7,1.62,3.5,171,0,15380.0,0,0.379,500.0,45.0,0,0.0,0,0,0.0,-1,-1,-1,-1,0.0,0.0
2026-07-23T19:00,0.0,0.0,0.0,0.0,25.2,1.78,3.3,170,1,15380.0,0,0.379,290.0,55.0,0,0.0,0,0,0.0,-1,-1,-1,-1,0.0,0.0
2026-07-23T20:00,0.0,0.0,0.0,0.0,25.0,1.68,3.2,170,0,15380.0,0,0.379,750.0,50.0,0,0.0,0,0,0.0,-1,-1,-1,-1,0.0,0.0
2026-07-23T21:00,0.0,0.0,0.0,0.0,25.0,1.72,3.2,172,2,15380.0,0,0.379,780.0,60.0,0,0.0,0,0,0.0,-1,-1,-1,-1,0.0,0.0
2026-07-23T22:00,0.0,0.0,0.0,0.0,25.0,1.81,3.3,174,13,15360.0,1,0.379,780.0,85.0,0,0.0,0,0,0.0,-1,-1,-1,-1,0.0,0.0
2026-07-23T23:00,0.0,0.0,0.0,0.0,27.0,2.25,4.2,177,18,15360.0,1,0.379,800.0,240.0,0,0.0,0,0,0.0,-1,-1,-1,-1,0.0,0.0
2026-07-24T00:00,0.0,0.0,0.0,0.0,29.8,2.61,5.2,192,32,17360.0,1,0.377,1610.0,620.0,0,0.0,1,0,0.0,-1,-1,-1,-1,0.0,0.0
2026-07-24T01:00,0.0,0.0,0.0,0.0,31.3,2.86,6.8,196,23,19320.0,1,0.375,1400.0,885.0,0,0.0,1,0,0.0,-1,-1,-1,-1,0.0,0.0
2026-07-24T02:00,0.0,0.0,0.0,0.0,32.6,2.82,7.1,205,59,19300.0,1,0.373,1360.0,1200.0,0,0.0,2,0,0.0,-1,-1,-1,-1,0.0,0.0
2026-07-24T03:00,0.0,0.0,0.0,0.0,33.6,2.49,7.2,210,17,22620.0,1,0.37,1160.0,1430.0,0,0.0,0,0,0.0,-1,-1,-1,-1,0.0,0.0
2026-07-24T04:00,0.0,0.0,0.0,0.0,34.7,2.26,6.6,215,32,22620.0,1,0.367,900.0,1685.0,0,0.0,1,0,0.0,-1,-1,-1,-1,0.0,0.0
2026-07-24T05:00,0.0,0.0,0.0,0.0,35.2,2.3,6.5,221,11,12900.0,1,0.363,850.0,1775.0,0,0.0,0,0,0.0,-1,-1,-1,-1,0.0,0.0
2026-07-24T06:00,0.0,0.0,0.0,0.0,35.6,1.35,6.5,270,7,24880.0,1,0.36,1050.0,1805.0,0,0.0,0,0,0.0,-1,-1,-1,-1,0.0,0.0
2026-07-24T07:00,0.1,1.0,0.0,0.0,35.6,1.58,4.9,281,9,24860.0,1,0.358,850.0,1875.0,0,0.0,51,0,0.0,-1,-1,-1,-1,0.0,0.0
2026-07-24T08:00,0.0,0.0,0.0,0.0,35.2,2.16,5.9,304,8,22600.0,1,0.355,970.0,1835.0,0,0.0,0,0,0.0,-1,-1,-1,-1,0.0,0.0
2026-07-24T09:00,0.0,0.0,0.0,0.0,34.5,1.58,5.9,325,5,22580.0,1,0.353,1020.0,1640.0,0,0.0,0,0,0.0,-1,-1,-1,-1,0.0,0.0
2026-07-24T10:00,0.0,0.0,0.0,0.0,33.2,1.12,4.2,21,5,19260.0,1,0.352,1340.0,400.0,0,0.0,0,0,0.0,-1,-1,-1,-1,0.0,0.0
2026-07-24T11:00,0.0,0.0,0.0,0.0,31.1,1.1,2.6,66,2,19260.0,1,0.352,1650.0,85.0,0,0.0,0,0,0.0,-1,-1,-1,-1,0.0,0.0
2026-07-24T12:00,0.0,0.0,0.0,0.0,30.6,1.0,1.8,90,4,19240.0,0,0.347,1380.0,50.0,0,0.0,0,0,0.0,-1,-1,-1,-1,0.0,0.0
2026-07-24T13:00,0.0,0.0,0.0,0.0,29.8,0.87,1.5,59,2,19240.0,0,0.347,1550.0,75.0,0,0.0,0,0,0.0,-1,-1,-1,-1,0.0,0.0
2026-07-24T14:00,0.0,0.0,0.0,0.0,29.1,0.55,1.6,85,1,17280.0,0,0.347,2120.0,70.0,0,0.0,0,0,0.0,-1,-1,-1,-1,0.0,0.0
2026-07-24T15:00,0.0,0.0,0.0,0.0,28.5,0.35,1.1,180,1,17260.0,0,0.347,2080.0,25.0,0,0.0,0,0,0.0,-1,-1,-1,-1,0.0,0.0
2026-07-24T16:00,0.0,0.0,0.0,0.0,27.6,0.32,0.7,198,0,17260.0,0,0.347,1860.0,15.0,0,0.0,0,0,0.0,-1,-1,-1,-1,0.0,0.0
2026-07-24T17:00,0.0,0.0,0.0,0.0,26.8,0.5,0.9,186,0,15280.0,0,0.347,1900.0,20.0,0,0.0,0,0,0.0,-1,-1,-1,-1,0.0,0.0
2026-07-24T18:00,0.0,0.0,0.0,0.0,26.5,0.76,1.7,169,0,15260.0,0,0.347,2230.0,25.0,0,0.0,0,0,0.0,-1,-1,-1,-1,0.0,0.0
2026-07-24T19:00,0.0,0.0,0.0,0.0,25.9,0.71,1.4,172,0,15260.0,0,0.348,2180.0,25.0,0,0.0,0,0,0.0,-1,-1,-1,-1,0.0,0.0
2026-07-24T20:00,0.0,0.0,0.0,0.0,25.5,0.72,1.4,168,0,15260.0,0,0.348,2120.0,25.0,0,0.0,0,0,0.0,-1,-1,-1,-1,0.0,0.0
2026-07-24T21:00,0.0,0.0,0.0,0.0,25.1,0.76,1.5,172,0,15260.0,0,0.348,2040.0,30.0,0,0.0,0,0,0.0,-1,-1,-1,-1,0.0,0.0
2026-07-24T22:00,0.0,0.0,0.0,0.0,25.1,0.72,1.4,168,0,15240.0,1,0.348,1960.0,35.0,0,0.0,0,0,0.0,-1,-1,-1,-1,0.0,0.0
2026-07-24T23:00,0.0,0.0,0.0,0.0,26.9,0.86,2.1,170,0,15240.0,1,0.348,1880.0,60.0,0,0.0,0,0,0.0,-1,-1,-1,-1,0.0,0.0
2026-07-25T00:00,0.0,0.0,0.0,0.0,29.0,0.29,2.2,329,0,15240.0,1,0.349,1880.0,210.0,0,0.0,0,0,0.0,-1,-1,-1,-1,0.0,0.0
2026-07-25T01:00,0.0,0.0,0.0,0.0,30.7,0.95,3.9,342,1,17220.0,1,0.348,2470.0,560.0,0,0.0,0,0,0.0,-1,-1,-1,-1,0.0,0.0
2026-07-25T02:00,0.0,0.0,0.0,0.0,32.2,1.55,5.2,358,4,17200.0,1,0.346,2430.0,780.0,0,0.0,0,0,0.0,-1,-1,-1,-1,0.0,0.0
2026-07-25T03:00,0.0,0.0,0.0,0.0,33.4,1.92,5.8,7,7,16240.0,1,0.344,2090.0,1065.0,0,0.0,0,0,0.0,-1,-1,-1,-1,0.0,0.0
2026-07-25T04:00,0.0,0.0,0.0,0.0,34.5,2.04,6.1,17,6,22440.0,1,0.341,1760.0,1230.0,0,0.0,0,0,0.0,-1,-1,-1,-1,0.0,0.0
2026-07-25T05:00,0.0,0.0,0.0,0.0,35.2,2.06,6.1,26,38,15820.0,1,0.338,1620.0,1365.0,0,0.0,1,0,0.0,-1,-1,-1,-1,0.0,0.0
2026-07-25T06:00,0.1,1.0,0.0,0.0,35.7,2.58,6.2,9,55,10860.0,1,0.335,1870.0,1485.0,0,0.0,51,0,0.0,-1,-1,-1,-1,0.0,0.0
2026-07-25T07:00,0.1,1.0,0.0,0.0,35.2,2.56,6.8,4,91,6380.0,1,0.333,1520.0,1555.0,0,0.0,51,0,0.0,-1,-1,-1,-1,0.0,0.0
2026-07-25T08:00,0.2,0.5,0.0,0.0,34.1,1.72,6.7,30,98,13880.0,1,0.332,1620.0,1060.0,0,0.0,51,0,0.1,-1,-1,-1,-1,0.0,0.0
2026-07-25T09:00,0.1,0.0,0.0,0.0,33.6,1.79,4.4,67,96,7720.0,1,0.332,1640.0,890.0,0,0.0,51,0,0.1,-1,-1,-1,-1,0.0,0.0
2026-07-25T10:00,0.1,0.0,0.0,0.0,31.8,1.84,4.3,112,100,17160.0,1,0.332,2710.0,140.0,0,0.0,51,0,0.1,-1,-1,-1,-1,0.0,0.0
2026-07-25T11:00,0.0,0.0,0.0,0.0,30.3,1.1,3.4,114,99,15180.0,1,0.331,3030.0,60.0,0,0.0,3,0,0.0,-1,-1,-1,-1,0.0,0.0
2026-07-25T12:00,0.0,0.0,0.0,0.0,29.8,1.07,2.1,101,100,15120.0,0,0.303,3250.0,55.0,0,0.0,3,0,0.0,-1,-1,-1,-1,0.0,0.0
2026-07-25T13:00,0.0,0.0,0.0,0.0,28.3,0.67,2.0,138,94,13080.0,0,0.304,2960.0,25.0,0,0.0,3,0,0.0,-1,-1,-1,-1,0.0,0.0
2026-07-25T14:00,0.0,0.0,0.0,0.0,27.7,0.49,1.4,156,98,11300.0,0,0.304,2790.0,15.0,0,0.0,3,0,0.0,-1,-1,-1,-1,0.0,0.0
2026-07-25T15:00,0.0,0.0,0.0,0.0,27.1,0.29,1.1,149,99,11300.0,0,0.304,2740.0,10.0,0,0.0,3,0,0.0,-1,-1,-1,-1,0.0,0.0
2026-07-25T16:00,0.0,0.0,0.0,0.0,27.1,0.14,0.9,135,100,11300.0,0,0.304,2760.0,10.0,0,0.0,3,0,0.0,-1,-1,-1,-1,0.0,0.0
2026-07-25T17:00,0.0,0.0,0.0,0.0,26.5,0.14,0.6,135,99,11280.0,0,0.305,2860.0,10.0,0,0.0,3,0,0.0,-1,-1,-1,-1,0.0,0.0
2026-07-25T18:00,0.0,0.0,0.0,0.0,26.0,0.11,0.9,153,77,6840.0,0,0.286,2550.0,10.0,0,0.0,2,0,0.0,-1,-1,-1,-1,0.0,0.0
2026-07-25T19:00,0.0,0.0,0.0,0.0,25.5,0.59,1.6,160,77,9320.0,0,0.286,2300.0,15.0,0,0.0,2,0,0.0,-1,-1,-1,-1,0.0,0.0
2026-07-25T20:00,0.0,0.0,0.0,0.0,25.6,0.3,1.6,171,100,11280.0,0,0.286,2130.0,15.0,0,0.0,3,0,0.0,-1,-1,-1,-1,0.0,0.0
2026-07-25T21:00,0.0,0.0,0.0,0.0,26.2,0.21,1.1,104,100,11280.0,0,0.287,2180.0,10.0,0,0.0,3,0,0.0,-1,-1,-1,-1,0.0,0.0
2026-07-25T22:00,0.0,0.0,0.0,0.0,26.1,0.68,1.6,54,95,11280.0,1,0.287,1860.0,60.0,0,0.0,3,0,0.0,-1,-1,-1,-1,0.0,0.0
2026-07-25T23:00,0.0,0.0,0.0,0.0,26.7,0.64,1.9,45,96,9020.0,1,0.287,1910.0,95.0,0,0.0,3,0,0.0,-1,-1,-1,-1,0.0,0.0
2026-07-26T00:00,0.0,0.0,0.0,0.0,29.6,0.74,3.4,20,100,15020.0,1,0.3,2650.0,155.0,0,0.0,3,0,0.0,-1,-1,-1,-1,0.0,0.0
2026-07-26T01:00,0.0,0.0,0.0,0.0,30.8,3.05,6.5,55,99,7300.0,1,0.299,1420.0,1205.0,0,0.0,3,0,0.0,-1,-1,-1,-1,0.0,0.0
2026-07-26T02:00,0.5,0.0,0.0,0.0,29.2,3.73,8.3,40,100,3600.0,1,0.302,920.0,805.0,0,0.0,53,1,0.5,179,0,12,2,0.616,0.164
2026-07-26T03:00,0.4,0.0,0.0,0.0,28.0,2.62,7.9,31,100,10840.0,1,0.306,1560.0,460.0,0,0.0,51,1,0.4,179,1,11,2,0.616,0.164
2026-07-26T04:00,0.1,0.0,0.0,0.0,28.7,2.05,5.7,47,100,4800.0,1,0.307,1530.0,645.0,0,0.0,51,0,0.1,179,2,10,2,0.616,0.164
2026-07-26T05:00,0.5,0.0,0.0,0.0,30.5,3.78,8.9,46,100,4020.0,1,0.31,750.0,1355.0,0,0.0,53,1,0.5,179,3,9,2,0.616,0.164
2026-07-26T06:00,0.7,0.0,0.0,0.0,30.0,3.94,8.9,50,100,4020.0,1,0.303,400.0,1425.0,0,0.0,53,1,0.7,179,4,8,2,0.616,0.164
2026-07-26T07:00,1.1,0.0,0.0,0.0,28.0,4.2,9.2,25,100,2980.0,1,0.312,580.0,1245.0,0,0.0073,55,1,1.1,179,5,7,2,0.616,0.164
2026-07-26T08:00,1.3,0.0,0.0,0.0,26.5,4.02,8.7,21,100,2800.0,1,0.322,1110.0,600.0,0,0.0416,80,1,1.3,179,6,6,2,0.616,0.164
2026-07-26T09:00,1.2,0.0,0.0,0.0,25.9,3.94,8.1,15,100,2880.0,1,0.334,1440.0,595.0,0,0.036,55,1,1.2,179,7,5,2,0.616,0.164
2026-07-26T10:00,0.9,0.0,0.0,0.0,25.8,4.14,8.4,25,100,2100.0,1,0.344,1670.0,630.0,0,0.0,53,1,0.9,179,8,4,2,0.616,0.164
2026-07-26T11:00,1.9,0.316,0.0,0.0,25.0,4.05,11.4,9,100,2540.0,1,0.369,1130.0,435.0,0,0.1271,80,1,1.3,179,9,3,2,0.616,0.354
2026-07-26T12:00,0.7,0.143,0.0,0.0,24.9,2.75,8.6,19,100,2880.0,0,0.388,800.0,310.0,0,0.0,53,1,0.6,179,10,2,2,0.616,0.25
2026-07-26T13:00,0.4,0.0,0.0,0.0,24.5,2.7,5.8,360,100,1560.0,0,0.393,590.0,255.0,0,0.0,51,1,0.4,179,11,1,2,0.616,0.164
2026-07-26T14:00,0.2,0.0,0.0,0.0,24.3,2.43,7.9,8,99,2120.0,0,0.395,380.0,230.0,0,0.0,51,0,0.2,-1,-1,-1,-1,0.0,0.0
2026-07-26T15:00,0.1,0.0,0.0,0.0,24.1,2.6,5.3,359,100,3180.0,0,0.396,290.0,220.0,0,0.0,51,0,0.1,-1,-1,-1,-1,0.0,0.0
2026-07-26T16:00,0.9,0.889,0.0,0.0,23.9,2.3,5.2,2,100,480.0,0,0.409,230.0,245.0,0,0.0,53,1,0.1,180,0,12,4,0.782,0.742
2026-07-26T17:00,1.4,0.357,0.0,0.0,23.6,2.31,5.1,5,100,1320.0,0,0.428,60.0,230.0,0,0.003,80,1,0.9,180,1,11,4,0.782,0.423
2026-07-26T18:00,3.5,0.4,0.0,0.0,23.5,2.36,4.6,6,100,1280.0,0,0.469,70.0,255.0,0,0.0219,81,1,2.1,180,2,10,4,0.782,0.449
2026-07-26T19:00,2.1,0.667,0.0,0.0,23.5,0.99,4.6,45,100,2180.0,0,0.493,70.0,135.0,0,0.0096,80,1,0.7,180,3,9,4,0.782,0.609
2026-07-26T20:00,1.1,0.455,0.0,0.0,23.8,0.6,1.9,138,100,2960.0,0,0.499,70.0,65.0,0,0.0009,55,1,0.6,180,4,8,4,0.782,0.482
2026-07-26T21:00,0.5,0.6,0.0,0.0,23.6,0.99,2.8,225,100,2120.0,0,0.496,120.0,80.0,0,0.0,53,1,0.2,180,5,7,4,0.782,0.569
2026-07-26T22:00,0.4,0.75,0.0,0.0,23.5,2.12,4.4,236,100,1400.0,1,0.493,100.0,160.0,0,0.0,51,1,0.1,180,6,6,4,0.782,0.659
2026-07-26T23:00,0.8,0.875,0.0,0.0,23.7,2.26,4.4,227,100,3700.0,1,0.496,100.0,250.0,0,0.0,53,1,0.1,180,7,5,4,0.782,0.734
2026-07-27T00:00,0.7,0.571,0.0,0.0,24.1,1.85,4.4,199,100,2500.0,1,0.51,190.0,310.0,0,0.0,53,1,0.3,180,8,4,4,0.782,0.551
2026-07-27T01:00,0.8,0.25,0.0,0.0,24.7,1.31,3.5,230,100,3040.0,1,0.507,400.0,160.0,0,0.0,53,1,0.6,180,9,3,4,0.782,0.359
2026-07-27T02:00,0.8,0.125,0.0,0.0,25.6,1.42,4.2,231,100,3280.0,1,0.506,140.0,270.0,0,0.0,53,1,0.7,180,10,2,4,0.782,0.284
2026-07-27T03:00,0.5,0.0,0.0,0.0,25.9,1.23,3.5,212,100,5760.0,1,0.502,760.0,350.0,0,0.0,53,1,0.5,180,11,1,4,0.782,0.209
2026-07-27T04:00,0.0,0.0,0.0,0.0,27.0,1.38,4.0,193,100,12920.0,1,0.497,630.0,465.0,0,0.0,3,0,0.0,-1,-1,-1,-1,0.0,0.0
2026-07-27T05:00,0.0,0.0,0.0,0.0,28.6,1.56,4.6,187,99,14980.0,1,0.492,340.0,685.0,0,0.0,3,0,0.0,-1,-1,-1,-1,0.0,0.0
2026-07-27T06:00,0.1,0.0,0.0,0.0,28.8,1.61,6.1,210,65,9120.0,1,0.489,1060.0,755.0,0,0.0,51,0,0.1,-1,-1,-1,-1,0.0,0.0
2026-07-27T07:00,0.1,0.0,0.0,0.0,28.8,1.85,5.3,182,67,4800.0,1,0.486,890.0,595.0,0,0.0,51,0,0.1,-1,-1,-1,-1,0.0,0.0
2026-07-27T08:00,0.7,0.143,0.0,0.0,27.7,1.88,6.1,197,65,6240.0,1,0.488,840.0,260.0,0,0.0,53,1,0.6,181,0,1,22,0.0,0.086
2026-07-27T09:00,0.1,0.0,0.0,0.0,29.1,0.85,4.7,177,70,12360.0,1,0.485,1130.0,410.0,0,0.0,51,0,0.1,-1,-1,-1,-1,0.0,0.0
2026-07-27T10:00,0.0,0.0,0.0,0.0,29.3,1.06,3.0,188,59,14940.0,1,0.483,1040.0,515.0,0,0.0,2,0,0.0,-1,-1,-1,-1,0.0,0.0
2026-07-27T11:00,0.0,0.0,0.0,0.0,27.9,0.46,2.5,167,100,14940.0,1,0.481,910.0,20.0,0,0.0,3,0,0.0,-1,-1,-1,-1,0.0,0.0
2026-07-27T12:00,0.0,0.0,0.0,0.0,27.4,0.56,1.8,153,41,6400.0,0,0.477,3360.0,25.0,0,0.0,1,0,0.0,-1,-1,-1,-1,0.0,0.0
2026-07-27T13:00,0.0,0.0,0.0,0.0,26.7,1.15,2.2,185,70,11100.0,0,0.476,1980.0,65.0,0,0.0,2,0,0.0,-1,-1,-1,-1,0.0,0.0
2026-07-27T14:00,0.0,0.0,0.0,0.0,26.3,0.91,2.2,174,100,12860.0,0,0.475,910.0,45.0,0,0.0,3,0,0.0,-1,-1,-1,-1,0.0,0.0
2026-07-27T15:00,0.0,0.0,0.0,0.0,26.2,0.83,1.7,205,100,11800.0,0,0.475,580.0,50.0,0,0.0,3,0,0.0,-1,-1,-1,-1,0.0,0.0
2026-07-27T16:00,0.0,0.0,0.0,0.0,26.3,0.87,1.8,211,84,14420.0,0,0.474,430.0,75.0,0,0.0,3,0,0.0,-1,-1,-1,-1,0.0,0.0
2026-07-27T17:00,0.0,0.0,0.0,0.0,26.2,1.04,2.0,215,95,14880.0,0,0.474,320.0,405.0,0,0.0,3,0,0.0,-1,-1,-1,-1,0.0,0.0
2026-07-27T18:00,0.0,0.0,0.0,0.0,26.1,2.2,2.1,183,71,14440.0,0,0.463,310.0,450.0,0,0.0,2,0,0.0,-1,-1,-1,-1,0.0,0.0
2026-07-27T19:00,0.0,0.0,0.0,0.0,25.5,1.35,4.2,195,62,14700.0,0,0.463,370.0,360.0,0,0.0,2,0,0.0,-1,-1,-1,-1,0.0,0.0
2026-07-27T20:00,0.0,0.0,0.0,0.0,25.3,0.74,2.6,250,96,14160.0,0,0.463,420.0,50.0,0,0.0,3,0,0.0,-1,-1,-1,-1,0.0,0.0
2026-07-27T21:00,0.0,0.0,0.0,0.0,24.7,1.15,2.1,236,99,12780.0,0,0.463,410.0,80.0,0,0.0,3,0,0.0,-1,-1,-1,-1,0.0,0.0
2026-07-27T22:00,0.0,0.0,0.0,0.0,24.8,1.62,3.0,189,99,10580.0,1,0.463,250.0,370.0,0,0.0,3,0,0.0,-1,-1,-1,-1,0.0,0.0
2026-07-27T23:00,0.0,0.0,0.0,0.0,26.0,2.29,4.4,190,99,13200.0,1,0.462,260.0,445.0,0,0.0,3,0,0.0,-1,-1,-1,-1,0.0,0.0
2026-07-28T00:00,0.0,0.0,0.0,0.0,28.1,1.61,4.5,196,75,14880.0,1,0.466,650.0,530.0,0,0.0,2,0,0.0,-1,-1,-1,-1,0.0,0.0
2026-07-28T01:00,0.0,0.0,0.0,0.0,29.4,1.72,4.8,197,84,16820.0,1,0.464,890.0,850.0,0,0.0,3,0,0.0,-1,-1,-1,-1,0.0,0.0
2026-07-28T02:00,0.0,0.0,0.0,0.0,30.6,2.4,6.9,197,77,16820.0,1,0.462,930.0,1115.0,0,0.0,2,0,0.0,-1,-1,-1,-1,0.0,0.0
2026-07-28T03:00,0.0,0.0,0.0,0.0,30.6,3.17,7.8,196,73,16800.0,1,0.46,700.0,890.0,0,0.0,2,0,0.0,-1,-1,-1,-1,0.0,0.0
2026-07-28T04:00,0.0,0.0,0.0,0.0,31.2,2.96,8.0,192,52,7960.0,1,0.458,1030.0,995.0,0,0.0,2,0,0.0,-1,-1,-1,-1,0.0,0.0
2026-07-28T05:00,0.0,0.0,0.0,0.0,31.8,3.04,7.7,163,61,13720.0,1,0.455,770.0,1050.0,0,0.0,2,0,0.0,-1,-1,-1,-1,0.0,0.0
2026-07-28T06:00,0.0,0.0,0.0,0.0,31.5,3.11,8.5,186,87,2620.0,1,0.415,1450.0,1005.0,0,0.0,3,0,0.0,-1,-1,-1,-1,0.0,0.0
2026-07-28T07:00,1.7,0.353,0.0,0.0,28.0,3.64,9.2,207,95,3260.0,1,0.43,2100.0,420.0,0,0.175,95,1,1.1,182,0,2,28,0.676,0.392
2026-07-28T08:00,0.6,0.0,0.0,0.0,28.6,2.87,7.7,203,97,5760.0,1,0.435,2520.0,575.0,0,0.0,53,1,0.6,182,1,1,28,0.676,0.18
2026-07-28T09:00,0.1,0.0,0.0,0.0,29.1,2.3,6.3,176,99,10600.0,1,0.436,1500.0,630.0,0,0.0,51,0,0.1,-1,-1,-1,-1,0.0,0.0
2026-07-28T10:00,0.0,0.0,0.0,0.0,28.7,1.61,5.1,187,98,14840.0,1,0.436,1270.0,595.0,0,0.0,3,0,0.0,-1,-1,-1,-1,0.0,0.0
2026-07-28T11:00,0.0,0.0,0.0,0.0,27.4,1.19,3.5,202,98,14820.0,1,0.436,960.0,430.0,0,0.0,3,0,0.0,-1,-1,-1,-1,0.0,0.0
2026-07-28T12:00,0.0,0.0,0.0,0.0,27.5,0.81,2.4,191,98,12780.0,0,0.479,2030.0,55.0,0,0.0,3,0,0.0,-1,-1,-1,-1,0.0,0.0
2026-07-28T13:00,0.0,0.0,0.0,0.0,26.5,1.0,1.9,198,98,12760.0,0,0.479,1300.0,50.0,0,0.0,3,0,0.0,-1,-1,-1,-1,0.0,0.0
2026-07-28T14:00,0.0,0.0,0.0,0.0,25.9,1.11,2.1,198,99,12700.0,0,0.478,710.0,50.0,0,0.0,3,0,0.0,-1,-1,-1,-1,0.0,0.0
2026-07-28T15:00,0.0,0.0,0.0,0.0,25.6,1.22,2.4,199,100,12460.0,0,0.477,450.0,50.0,0,0.0,3,0,0.0,-1,-1,-1,-1,0.0,0.0
2026-07-28T16:00,0.0,0.0,0.0,0.0,25.1,1.21,2.4,204,100,12240.0,0,0.477,370.0,55.0,0,0.0,3,0,0.0,-1,-1,-1,-1,0.0,0.0
2026-07-28T17:00,0.0,0.0,0.0,0.0,25.0,1.39,2.6,201,100,12760.0,0,0.476,350.0,70.0,0,0.0,3,0,0.0,-1,-1,-1,-1,0.0,0.0
2026-07-28T18:00,0.0,0.0,0.0,0.0,25.7,1.16,2.9,205,100,10580.0,0,0.468,440.0,85.0,0,0.0,3,0,0.0,-1,-1,-1,-1,0.0,0.0
2026-07-28T19:00,0.0,0.0,0.0,0.0,25.4,1.12,2.3,212,100,12220.0,0,0.468,360.0,70.0,0,0.0,3,0,0.0,-1,-1,-1,-1,0.0,0.0
2026-07-28T20:00,0.0,0.0,0.0,0.0,25.2,1.19,2.5,195,100,12200.0,0,0.468,300.0,80.0,0,0.0,3,0,0.0,-1,-1,-1,-1,0.0,0.0
2026-07-28T21:00,0.0,0.0,0.0,0.0,25.2,0.81,2.4,210,100,12740.0,0,0.468,210.0,50.0,0,0.0,3,0,0.0,-1,-1,-1,-1,0.0,0.0
2026-07-28T22:00,0.0,0.0,0.0,0.0,25.0,0.68,1.8,234,97,12740.0,1,0.468,150.0,40.0,0,0.0,3,0,0.0,-1,-1,-1,-1,0.0,0.0
2026-07-28T23:00,0.0,0.0,0.0,0.0,25.8,1.19,2.5,242,98,10640.0,1,0.468,240.0,80.0,0,0.0,3,0,0.0,-1,-1,-1,-1,0.0,0.0
2026-07-29T00:00,0.0,0.0,0.0,0.0,27.4,0.81,3.0,263,100,11000.0,1,0.469,1410.0,270.0,0,0.0,3,0,0.0,-1,-1,-1,-1,0.0,0.0
2026-07-29T01:00,0.0,0.0,0.0,0.0,28.5,0.86,3.8,263,100,14620.0,1,0.468,1610.0,850.0,0,0.0,3,0,0.0,-1,-1,-1,-1,0.0,0.0
2026-07-29T02:00,0.0,0.0,0.0,0.0,30.1,1.89,7.5,192,97,16680.0,1,0.466,1080.0,1145.0,0,0.0,3,0,0.0,-1,-1,-1,-1,0.0,0.0
2026-07-29T03:00,0.0,0.0,0.0,0.0,31.1,2.61,8.2,185,88,18580.0,1,0.463,910.0,1245.0,0,0.0,3,0,0.0,-1,-1,-1,-1,0.0,0.0
2026-07-29T04:00,0.0,0.0,0.0,0.0,31.9,3.76,9.9,183,70,18580.0,1,0.46,570.0,1350.0,0,0.0,2,0,0.0,-1,-1,-1,-1,0.0,0.0
2026-07-29T05:00,0.0,0.0,0.0,0.0,32.1,3.28,9.9,188,90,18560.0,1,0.457,580.0,1340.0,0,0.0,3,0,0.0,-1,-1,-1,-1,0.0,0.0
2026-07-29T06:00,0.0,0.0,0.0,0.0,32.0,3.58,9.9,192,88,12080.0,1,0.454,380.0,1315.0,0,0.0,3,0,0.0,-1,-1,-1,-1,0.0,0.0
2026-07-29T07:00,0.0,0.0,0.0,0.0,31.6,3.36,10.1,184,92,18560.0,1,0.452,350.0,1165.0,0,0.0,3,0,0.0,-1,-1,-1,-1,0.0,0.0
2026-07-29T08:00,0.0,0.0,0.0,0.0,32.0,3.1,7.8,177,95,18540.0,1,0.449,300.0,1355.0,0,0.0,3,0,0.0,-1,-1,-1,-1,0.0,0.0
2026-07-29T09:00,0.0,0.0,0.0,0.0,31.3,3.22,7.7,186,95,14560.0,1,0.447,360.0,1190.0,0,0.0,3,0,0.0,-1,-1,-1,-1,0.0,0.0
2026-07-29T10:00,0.0,0.0,0.0,0.0,29.8,3.09,7.2,194,91,13780.0,1,0.446,600.0,930.0,0,0.0,3,0,0.0,-1,-1,-1,-1,0.0,0.0
2026-07-29T11:00,0.0,0.0,0.0,0.0,28.5,2.46,6.7,204,92,16640.0,1,0.445,710.0,680.0,0,0.0,3,0,0.0,-1,-1,-1,-1,0.0,0.0
2026-07-29T12:00,0.0,0.0,0.0,0.0,27.4,1.27,5.1,191,100,3240.0,0,0.44,320.0,705.0,0,0.0,3,0,0.0,-1,-1,-1,-1,0.0,0.0
2026-07-29T13:00,0.9,0.0,0.0,0.0,25.9,1.6,2.9,194,100,2640.0,0,0.448,450.0,40.0,0,0.0,53,1,0.9,183,0,3,10,0.543,0.145
2026-07-29T14:00,1.1,0.0,0.0,0.0,25.7,1.05,3.1,185,100,3280.0,0,0.464,560.0,30.0,0,0.007,55,1,1.1,183,1,2,10,0.543,0.145
2026-07-29T15:00,0.3,0.0,0.0,0.0,25.6,0.72,2.3,236,100,9700.0,0,0.467,490.0,45.0,0,0.0,51,1,0.3,183,2,1,10,0.543,0.145
2026-07-29T16:00,0.0,0.0,0.0,0.0,25.2,0.92,2.2,225,99,9800.0,0,0.467,360.0,50.0,0,0.0,3,0,0.0,-1,-1,-1,-1,0.0,0.0
2026-07-29T17:00,0.0,0.0,0.0,0.0,24.9,0.81,2.0,240,100,10520.0,0,0.467,300.0,45.0,0,0.0,3,0,0.0,-1,-1,-1,-1,0.0,0.0
2026-07-29T18:00,0.0,0.0,0.0,0.0,25.5,0.99,2.2,240,100,8820.0,0,0.46,600.0,45.0,0,0.0,3,0,0.0,-1,-1,-1,-1,0.0,0.0
2026-07-29T19:00,0.0,0.0,0.0,0.0,24.5,1.14,2.3,195,100,8200.0,0,0.46,490.0,50.0,0,0.0,3,0,0.0,-1,-1,-1,-1,0.0,0.0
2026-07-29T20:00,0.0,0.0,0.0,0.0,24.3,1.15,2.4,178,98,9000.0,0,0.46,370.0,50.0,0,0.0,3,0,0.0,-1,-1,-1,-1,0.0,0.0
2026-07-29T21:00,0.0,0.0,0.0,0.0,24.3,0.6,2.3,204,99,8960.0,0,0.46,300.0,25.0,0,0.0,3,0,0.0,-1,-1,-1,-1,0.0,0.0
2026-07-29T22:00,0.0,0.0,0.0,0.0,24.0,0.72,1.5,205,100,8820.0,1,0.46,310.0,35.0,0,0.0,3,0,0.0,-1,-1,-1,-1,0.0,0.0
2026-07-29T23:00,0.0,0.0,0.0,0.0,24.6,0.85,2.2,177,100,8960.0,1,0.46,480.0,45.0,0,0.0,3,0,0.0,-1,-1,-1,-1,0.0,0.0
2026-07-30T00:00,0.0,0.0,0.0,0.0,25.4,0.66,2.7,279,100,9000.0,1,0.474,1230.0,90.0,0,0.0,3,0,0.0,-1,-1,-1,-1,0.0,0.0
2026-07-30T01:00,0.0,0.0,0.0,0.0,27.2,1.01,3.7,290,100,10900.0,1,0.473,1730.0,430.0,0,0.0,3,0,0.0,-1,-1,-1,-1,0.0,0.0
2026-07-30T02:00,0.5,1.0,0.0,0.0,29.6,0.62,3.9,284,99,12660.0,1,0.475,1790.0,845.0,0,0.0,95,1,0.0,184,0,1,52,0.0,0.6
2026-07-30T03:00,0.0,0.0,0.0,0.0,29.2,0.53,5.0,229,100,14640.0,1,0.474,1560.0,920.0,0,0.0,3,0,0.0,-1,-1,-1,-1,0.0,0.0
2026-07-30T04:00,0.0,0.0,0.0,0.0,29.4,0.69,4.3,210,100,16540.0,1,0.472,1110.0,930.0,0,0.0,3,0,0.0,-1,-1,-1,-1,0.0,0.0
2026-07-30T05:00,0.0,0.0,0.0,0.0,30.0,1.04,3.6,235,97,16540.0,1,0.47,880.0,1020.0,0,0.0,3,0,0.0,-1,-1,-1,-1,0.0,0.0
2026-07-30T06:00,0.0,0.0,0.0,0.0,30.9,0.79,3.8,162,98,18420.0,1,0.448,890.0,1200.0,0,0.0,3,0,0.0,-1,-1,-1,-1,0.0,0.0
2026-07-30T07:00,0.0,0.0,0.0,0.0,31.9,0.94,5.4,205,100,18420.0,1,0.446,870.0,1395.0,0,0.0,3,0,0.0,-1,-1,-1,-1,0.0,0.0
2026-07-30T08:00,0.0,0.0,0.0,0.0,32.6,1.97,6.2,187,100,18420.0,1,0.444,740.0,1570.0,0,0.0,3,0,0.0,-1,-1,-1,-1,0.0,0.0
2026-07-30T09:00,0.1,1.0,0.0,0.0,31.5,3.1,6.8,182,94,18400.0,1,0.443,550.0,1295.0,0,0.0,51,0,0.0,-1,-1,-1,-1,0.0,0.0
2026-07-30T10:00,0.0,0.0,0.0,0.0,29.7,3.71,7.5,177,100,16520.0,1,0.442,530.0,860.0,0,0.0,3,0,0.0,-1,-1,-1,-1,0.0,0.0
2026-07-30T11:00,0.0,0.0,0.0,0.0,28.3,2.05,7.7,193,100,16520.0,1,0.442,660.0,650.0,0,0.0,3,0,0.0,-1,-1,-1,-1,0.0,0.0
2026-07-30T12:00,0.0,0.0,0.0,0.0,28.0,2.21,4.3,186,100,16500.0,0,0.47,140.0,640.0,0,0.0,3,0,0.0,-1,-1,-1,-1,0.0,0.0
2026-07-30T13:00,0.0,0.0,0.0,0.0,26.8,1.24,4.4,227,100,12180.0,0,0.47,30.0,470.0,0,0.0,3,0,0.0,-1,-1,-1,-1,0.0,0.0
2026-07-30T14:00,0.0,0.0,0.0,0.0,26.2,1.22,3.3,215,100,14220.0,0,0.47,20.0,255.0,0,0.0,3,0,0.0,-1,-1,-1,-1,0.0,0.0
2026-07-30T15:00,0.0,0.0,0.0,0.0,25.8,1.43,2.8,205,100,14580.0,0,0.47,20.0,170.0,0,0.0,3,0,0.0,-1,-1,-1,-1,0.0,0.0
2026-07-30T16:00,0.0,0.0,0.0,0.0,25.8,1.93,3.7,201,99,14580.0,0,0.47,10.0,415.0,0,0.0,3,0,0.0,-1,-1,-1,-1,0.0,0.0
2026-07-30T17:00,0.0,0.0,0.0,0.0,25.1,1.42,3.8,228,77,14540.0,0,0.47,0.0,140.0,0,0.0,2,0,0.0,-1,-1,-1,-1,0.0,0.0
2026-07-30T18:00,0.0,0.0,0.0,0.0,25.2,1.06,2.8,225,100,14400.0,0,0.464,180.0,80.0,0,0.0,3,0,0.0,-1,-1,-1,-1,0.0,0.0
2026-07-30T19:00,0.0,0.0,0.0,0.0,24.5,0.96,2.3,227,99,12520.0,0,0.464,330.0,65.0,0,0.0,3,0,0.0,-1,-1,-1,-1,0.0,0.0
2026-07-30T20:00,0.0,0.0,0.0,0.0,24.1,0.75,2.0,184,98,10200.0,0,0.464,320.0,40.0,0,0.0,3,0,0.0,-1,-1,-1,-1,0.0,0.0
2026-07-30T21:00,0.0,0.0,0.0,0.0,23.9,0.88,1.8,223,93,10800.0,0,0.464,290.0,50.0,0,0.0,3,0,0.0,-1,-1,-1,-1,0.0,0.0
2026-07-30T22:00,0.0,0.0,0.0,0.0,23.6,0.9,2.1,183,81,10820.0,1,0.464,260.0,45.0,0,0.0,3,0,0.0,-1,-1,-1,-1,0.0,0.0
2026-07-30T23:00,0.0,0.0,0.0,0.0,25.0,1.06,2.5,188,88,10820.0,1,0.464,320.0,70.0,0,0.0,3,0,0.0,-1,-1,-1,-1,0.0,0.0
2026-07-31T00:00,0.0,0.0,0.0,0.0,27.5,0.18,3.1,304,80,14520.0,1,0.46,840.0,420.0,0,0.0,3,0,0.0,-1,-1,-1,-1,0.0,0.0
2026-07-31T01:00,0.0,0.0,0.0,0.0,28.5,0.32,2.6,321,100,14120.0,1,0.459,1140.0,640.0,0,0.0,3,0,0.0,-1,-1,-1,-1,0.0,0.0
2026-07-31T02:00,0.0,0.0,0.0,0.0,29.2,0.4,2.6,263,100,16440.0,1,0.458,1360.0,770.0,0,0.0,3,0,0.0,-1,-1,-1,-1,0.0,0.0
2026-07-31T03:00,0.0,0.0,0.0,0.0,29.5,0.72,2.8,245,100,16420.0,1,0.458,1280.0,835.0,0,0.0,3,0,0.0,-1,-1,-1,-1,0.0,0.0
2026-07-31T04:00,0.0,0.0,0.0,0.0,30.8,1.57,4.3,197,98,16420.0,1,0.456,1380.0,1145.0,0,0.0,3,0,0.0,-1,-1,-1,-1,0.0,0.0
2026-07-31T05:00,0.1,0.0,0.0,0.0,31.8,2.23,7.0,189,66,6860.0,1,0.454,1310.0,1350.0,0,0.0,51,0,0.1,-1,-1,-1,-1,0.0,0.0
2026-07-31T06:00,0.2,0.5,0.0,0.0,33.0,2.18,8.4,212,48,12760.0,1,0.454,1580.0,1710.0,0,0.0,51,0,0.1,-1,-1,-1,-1,0.0,0.0
2026-07-31T07:00,0.1,0.0,0.0,0.0,32.8,3.22,8.2,210,49,7900.0,1,0.452,1330.0,1400.0,0,0.0,51,0,0.1,-1,-1,-1,-1,0.0,0.0
2026-07-31T08:00,0.1,1.0,0.0,0.0,31.5,3.34,8.3,193,53,18280.0,1,0.45,1460.0,725.0,0,0.0,51,0,0.0,-1,-1,-1,-1,0.0,0.0
2026-07-31T09:00,0.0,0.0,0.0,0.0,31.6,2.09,7.7,201,31,18280.0,1,0.449,1570.0,770.0,0,0.0,1,0,0.0,-1,-1,-1,-1,0.0,0.0
2026-07-31T10:00,0.0,0.0,0.0,0.0,30.9,1.78,5.1,218,60,16400.0,1,0.448,1880.0,700.0,0,0.0,2,0,0.0,-1,-1,-1,-1,0.0,0.0
2026-07-31T11:00,0.0,0.0,0.0,0.0,28.9,1.84,4.1,221,43,14080.0,1,0.448,1950.0,195.0,0,0.0,1,0,0.0,-1,-1,-1,-1,0.0,0.0
2026-07-31T12:00,0.0,0.0,0.0,0.0,28.3,2.26,3.7,186,45,16380.0,0,0.438,1330.0,205.0,0,0.0,1,0,0.0,-1,-1,-1,-1,0.0,0.0
2026-07-31T13:00,0.0,0.0,0.0,0.0,27.6,2.54,4.8,190,52,14480.0,0,0.438,1120.0,225.0,0,0.0,2,0,0.0,-1,-1,-1,-1,0.0,0.0
2026-07-31T14:00,0.0,0.0,0.0,0.0,26.7,2.11,4.7,173,85,14360.0,0,0.438,850.0,155.0,0,0.0,3,0,0.0,-1,-1,-1,-1,0.0,0.0
2026-07-31T15:00,0.0,0.0,0.0,0.0,26.2,1.9,4.0,178,96,14480.0,0,0.439,570.0,100.0,0,0.0,3,0,0.0,-1,-1,-1,-1,0.0,0.0
2026-07-31T16:00,0.0,0.0,0.0,0.0,25.7,1.62,3.6,189,100,14480.0,0,0.439,290.0,85.0,0,0.0,3,0,0.0,-1,-1,-1,-1,0.0,0.0
2026-07-31T17:00,0.0,0.0,0.0,0.0,25.4,1.31,3.1,187,100,14460.0,0,0.44,160.0,65.0,0,0.0,3,0,0.0,-1,-1,-1,-1,0.0,0.0
2026-07-31T18:00,0.0,0.0,0.0,0.0,25.9,1.3,2.9,178,100,14460.0,0,0.436,140.0,90.0,0,0.0,3,0,0.0,-1,-1,-1,-1,0.0,0.0
2026-07-31T19:00,0.2,1.0,0.0,0.0,25.4,1.75,3.2,183,99,14460.0,0,0.438,80.0,255.0,0,0.0,51,0,0.0,-1,-1,-1,-1,0.0,0.0
2026-07-31T20:00,0.0,0.0,0.0,0.0,25.4,1.2,3.4,182,99,14460.0,0,0.438,60.0,155.0,0,0.0,3,0,0.0,-1,-1,-1,-1,0.0,0.0
2026-07-31T21:00,0.0,0.0,0.0,0.0,24.7,0.63,2.3,209,99,14440.0,0,0.439,150.0,30.0,0,0.0,3,0,0.0,-1,-1,-1,-1,0.0,0.0
2026-07-31T22:00,0.0,0.0,0.0,0.0,23.9,0.63,1.6,198,94,14440.0,1,0.439,0.0,25.0,0,0.0,3,0,0.0,-1,-1,-1,-1,0.0,0.0
2026-07-31T23:00,0.0,0.0,0.0,0.0,24.9,0.73,2.1,196,90,10740.0,1,0.439,40.0,45.0,0,0.0,3,0,0.0,-1,-1,-1,-1,0.0,0.0
2026-08-01T00:00,0.0,0.0,0.0,0.0,27.6,0.57,3.0,255,77,13720.0,1,0.44,660.0,305.0,0,0.0,2,0,0.0,-1,-1,-1,-1,0.0,0.0
2026-08-01T01:00,0.0,0.0,0.0,0.0,29.4,0.96,3.8,242,77,16320.0,1,0.439,960.0,985.0,0,0.0,2,0,0.0,-1,-1,-1,-1,0.0,0.0
2026-08-01T02:00,0.0,0.0,0.0,0.0,31.1,1.6,5.0,219,84,18180.0,1,0.438,1000.0,1380.0,0,0.0,3,0,0.0,-1,-1,-1,-1,0.0,0.0
2026-08-01T03:00,0.0,0.0,0.0,0.0,32.3,1.73,6.8,213,85,18160.0,1,0.435,800.0,1485.0,0,0.0,3,0,0.0,-1,-1,-1,-1,0.0,0.0
2026-08-01T04:00,0.0,0.0,0.0,0.0,33.4,1.88,6.7,191,92,21300.0,1,0.433,1040.0,1735.0,0,0.0,3,0,0.0,-1,-1,-1,-1,0.0,0.0
2026-08-01T05:00,0.0,0.0,0.0,0.0,34.3,2.11,6.6,194,98,21300.0,1,0.429,1370.0,1930.0,0,0.0,3,0,0.0,-1,-1,-1,-1,0.0,0.0
2026-08-01T06:00,0.0,0.0,0.0,0.0,34.1,1.35,6.5,176,100,5820.0,1,0.427,810.0,1885.0,0,0.0,3,0,0.0,-1,-1,-1,-1,0.0,0.0
2026-08-01T07:00,0.3,0.0,0.0,0.0,33.8,1.75,4.7,178,98,6920.0,1,0.427,650.0,1795.0,0,0.0,51,1,0.3,185,0,1,21,0.0,0
2026-08-01T08:00,0.1,0.0,0.0,0.0,33.5,2.3,6.0,178,98,21280.0,1,0.426,500.0,1685.0,0,0.0,51,0,0.1,-1,-1,-1,-1,0.0,0.0
2026-08-01T09:00,0.0,0.0,0.0,0.0,32.9,2.37,6.2,187,69,13340.0,1,0.424,440.0,1465.0,0,0.0,2,0,0.0,-1,-1,-1,-1,0.0,0.0
2026-08-01T10:00,0.0,0.0,0.0,0.0,31.6,1.58,5.5,191,14,16980.0,1,0.423,840.0,1070.0,0,0.0,0,0,0.0,-1,-1,-1,-1,0.0,0.0
2026-08-01T11:00,0.0,0.0,0.0,0.0,29.2,1.14,3.6,209,19,16260.0,1,0.423,1000.0,145.0,0,0.0,0,0,0.0,-1,-1,-1,-1,0.0,0.0
2026-08-01T12:00,0.0,0.0,0.0,0.0,27.3,0.72,2.7,236,88,6680.0,0,0.403,1840.0,30.0,0,0.0,3,0,0.0,-1,-1,-1,-1,0.0,0.0
2026-08-01T13:00,0.0,0.0,0.0,0.0,26.4,1.0,1.9,252,99,11180.0,0,0.404,1520.0,50.0,0,0.0,3,0,0.0,-1,-1,-1,-1,0.0,0.0
2026-08-01T14:00,0.0,0.0,0.0,0.0,26.3,1.3,2.6,208,98,11980.0,0,0.405,1160.0,80.0,0,0.0,3,0,0.0,-1,-1,-1,-1,0.0,0.0
2026-08-01T15:00,0.0,0.0,0.0,0.0,25.8,0.85,2.6,220,91,12380.0,0,0.406,820.0,50.0,0,0.0,3,0,0.0,-1,-1,-1,-1,0.0,0.0
2026-08-01T16:00,0.0,0.0,0.0,0.0,25.4,0.72,1.7,205,95,12280.0,0,0.406,640.0,40.0,0,0.0,3,0,0.0,-1,-1,-1,-1,0.0,0.0
2026-08-01T17:00,0.0,0.0,0.0,0.0,25.1,0.76,1.6,212,95,11720.0,0,0.407,650.0,45.0,0,0.0,3,0,0.0,-1,-1,-1,-1,0.0,0.0
2026-08-01T18:00,0.0,0.0,0.0,0.0,25.1,0.35,1.8,188,93,8500.0,0,0.398,980.0,25.0,0,0.0,3,0,0.0,-1,-1,-1,-1,0.0,0.0
2026-08-01T19:00,0.0,0.0,0.0,0.0,24.7,0.45,1.2,174,99,7740.0,0,0.399,880.0,30.0,0,0.0,3,0,0.0,-1,-1,-1,-1,0.0,0.0
2026-08-01T20:00,0.0,0.0,0.0,0.0,24.3,0.41,1.3,194,98,5880.0,0,0.4,890.0,20.0,0,0.0,3,0,0.0,-1,-1,-1,-1,0.0,0.0
2026-08-01T21:00,0.0,0.0,0.0,0.0,23.9,0.74,1.5,208,93,5840.0,0,0.4,700.0,30.0,0,0.0,3,0,0.0,-1,-1,-1,-1,0.0,0.0
2026-08-01T22:00,0.0,0.0,0.0,0.0,23.6,0.83,1.7,213,99,8520.0,1,0.401,430.0,40.0,0,0.0,3,0,0.0,-1,-1,-1,-1,0.0,0.0
2026-08-01T23:00,0.0,0.0,0.0,0.0,24.9,0.86,2.5,234,96,10300.0,1,0.402,510.0,80.0,0,0.0,3,0,0.0,-1,-1,-1,-1,0.0,0.0
2026-08-02T00:00,0.0,0.0,0.0,0.0,26.9,0.61,2.7,279,98,13560.0,1,0.409,870.0,235.0,0,0.0,3,0,0.0,-1,-1,-1,-1,0.0,0.0
2026-08-02T01:00,0.0,0.0,0.0,0.0,28.3,0.59,3.3,290,95,9840.0,1,0.408,1030.0,750.0,0,0.0,3,0,0.0,-1,-1,-1,-1,0.0,0.0
2026-08-02T02:00,0.0,0.0,0.0,0.0,30.0,0.21,5.1,284,100,16200.0,1,0.407,1470.0,1055.0,0,0.0,3,0,0.0,-1,-1,-1,-1,0.0,0.0
2026-08-02T03:00,0.0,0.0,0.0,0.0,31.5,0.63,5.5,241,100,16180.0,1,0.406,1590.0,1405.0,0,0.0,3,0,0.0,-1,-1,-1,-1,0.0,0.0
2026-08-02T04:00,0.0,0.0,0.0,0.0,31.9,1.06,5.2,262,100,7740.0,1,0.404,1350.0,1355.0,0,0.0,3,0,0.0,-1,-1,-1,-1,0.0,0.0
2026-08-02T05:00,0.4,0.5,0.0,0.0,32.1,1.42,5.1,212,100,2360.0,1,0.406,1010.0,1210.0,0,0.0,51,1,0.2,186,0,3,20,1.591,0.7
2026-08-02T06:00,15.7,0.975,0.0,0.0,32.3,1.64,7.9,142,73,11540.0,1,0.483,1410.0,1365.0,0,0.705,96,1,0.4,186,1,2,20,1.591,0.985
2026-08-02T07:00,0.5,0.4,0.0,0.0,31.2,2.01,5.8,104,88,4980.0,1,0.483,1120.0,920.0,0,0.0,53,1,0.3,186,2,1,20,1.591,0.64
2026-08-02T08:00,0.1,1.0,0.0,0.0,31.2,1.48,5.6,147,66,18020.0,1,0.48,980.0,915.0,0,0.0,51,0,0.0,-1,-1,-1,-1,0.0,0.0
2026-08-02T09:00,0.0,0.0,0.0,0.0,31.2,0.86,4.0,190,95,18000.0,1,0.477,930.0,1075.0,0,0.0,3,0,0.0,-1,-1,-1,-1,0.0,0.0
2026-08-02T10:00,0.0,0.0,0.0,0.0,30.2,0.45,3.0,270,100,16160.0,1,0.474,1040.0,935.0,0,0.0,3,0,0.0,-1,-1,-1,-1,0.0,0.0
2026-08-02T11:00,0.0,0.0,0.0,0.0,28.9,0.69,1.8,240,100,16140.0,1,0.473,1120.0,75.0,0,0.0,3,0,0.0,-1,-1,-1,-1,0.0,0.0
2026-08-02T12:00,0.0,0.0,0.0,0.0,26.7,0.71,1.5,278,73,5760.0,0,0.457,3270.0,35.0,0,0.0,2,0,0.0,-1,-1,-1,-1,0.0,0.0
2026-08-02T13:00,0.2,1.0,0.0,0.0,25.9,0.98,1.9,246,64,6320.0,0,0.458,2230.0,45.0,0,0.0,95,0,0.0,-1,-1,-1,-1,0.0,0.0
2026-08-02T14:00,0.0,0.0,0.0,0.0,25.4,1.01,2.0,237,66,5760.0,0,0.458,1170.0,50.0,0,0.0,2,0,0.0,-1,-1,-1,-1,0.0,0.0
2026-08-02T15:00,0.1,0.0,0.0,0.0,25.2,0.96,1.9,223,98,8400.0,0,0.458,630.0,50.0,0,0.0,51,0,0.1,-1,-1,-1,-1,0.0,0.0
2026-08-02T16:00,0.0,0.0,0.0,0.0,25.0,0.83,1.9,213,100,10560.0,0,0.457,400.0,40.0,0,0.0,3,0,0.0,-1,-1,-1,-1,0.0,0.0
2026-08-02T17:00,0.0,0.0,0.0,0.0,24.8,0.75,1.7,217,100,10580.0,0,0.457,260.0,35.0,0,0.0,3,0,0.0,-1,-1,-1,-1,0.0,0.0
2026-08-02T18:00,0.0,0.0,0.0,0.0,25.2,0.25,1.7,233,77,10580.0,0,0.45,250.0,15.0,0,0.0,2,0,0.0,-1,-1,-1,-1,0.0,0.0
2026-08-02T19:00,0.0,0.0,0.0,0.0,24.8,0.49,1.3,225,82,10580.0,0,0.45,160.0,25.0,0,0.0,3,0,0.0,-1,-1,-1,-1,0.0,0.0
2026-08-02T20:00,0.0,0.0,0.0,0.0,24.8,0.25,1.2,259,98,10580.0,0,0.45,110.0,20.0,0,0.0,3,0,0.0,-1,-1,-1,-1,0.0,0.0
2026-08-02T21:00,0.0,0.0,0.0,0.0,24.7,0.32,1.0,219,99,10580.0,0,0.45,100.0,20.0,0,0.0,3,0,0.0,-1,-1,-1,-1,0.0,0.0
2026-08-02T22:00,0.0,0.0,0.0,0.0,24.5,0.3,1.0,261,100,8720.0,1,0.45,110.0,15.0,0,0.0,3,0,0.0,-1,-1,-1,-1,0.0,0.0
2026-08-02T23:00,0.0,0.0,0.0,0.0,24.6,0.39,1.6,320,100,5820.0,1,0.45,90.0,20.0,0,0.0,3,0,0.0,-1,-1,-1,-1,0.0,0.0
2026-08-03T00:00,0.0,0.0,0.0,0.0,27.0,0.6,2.6,318,99,12240.0,1,0.459,990.0,250.0,0,0.0,3,0,0.0,-1,-1,-1,-1,0.0,0.0
2026-08-03T01:00,0.0,0.0,0.0,0.0,28.5,0.34,3.1,333,99,14200.0,1,0.457,1180.0,695.0,0,0.0,3,0,0.0,-1,-1,-1,-1,0.0,0.0
2026-08-03T02:00,0.1,1.0,0.0,0.0,29.7,0.3,3.5,261,100,14220.0,1,0.456,1560.0,935.0,0,0.0,51,0,0.0,-1,-1,-1,-1,0.0,0.0
2026-08-03T03:00,0.1,1.0,0.0,0.0,31.4,1.24,5.1,230,100,16080.0,1,0.454,1560.0,1290.0,0,0.0,51,0,0.0,-1,-1,-1,-1,0.0,0.0
2026-08-03T04:00,1.1,1.0,0.0,0.0,29.1,2.5,6.3,213,100,3080.0,1,0.462,1220.0,570.0,0,0.0153,95,1,0.0,187,0,5,19,0.727,0.794
2026-08-03T05:00,4.4,0.932,0.0,0.0,26.7,0.87,6.3,301,100,2540.0,1,0.51,1300.0,160.0,0,0.5525,96,1,0.3,187,1,4,19,0.727,0.753
2026-08-03T06:00,1.3,0.385,0.0,0.0,32.3,1.32,4.5,279,98,8000.0,1,0.511,1260.0,1230.0,0,0.0473,95,1,0.8,187,2,3,19,0.727,0.425
2026-08-03T07:00,2.7,0.963,0.0,0.0,31.6,2.09,5.5,107,97,2520.0,1,0.52,2070.0,530.0,0,0.425,96,1,0.1,187,3,2,19,0.727,0.772
2026-08-03T08:00,0.8,0.0,0.0,0.0,30.0,1.14,6.3,105,99,5940.0,1,0.499,2210.0,185.0,0,0.0,53,1,0.8,187,4,1,19,0.727,0.194
2026-08-03T09:00,0.1,0.0,0.0,0.0,30.2,0.36,3.7,106,99,6920.0,1,0.495,2220.0,265.0,0,0.0,51,0,0.1,-1,-1,-1,-1,0.0,0.0
2026-08-03T10:00,0.1,0.0,0.0,0.0,29.0,0.85,2.3,62,98,7880.0,1,0.492,2410.0,75.0,0,0.0,51,0,0.1,-1,-1,-1,-1,0.0,0.0
2026-08-03T11:00,0.0,0.0,0.0,0.0,27.9,0.45,2.4,117,100,9980.0,1,0.49,2810.0,20.0,0,0.0,3,0,0.0,-1,-1,-1,-1,0.0,0.0
2026-08-03T12:00,0.0,0.0,0.0,0.0,27.0,0.76,1.2,157,100,5980.0,0,0.486,2650.0,15.0,0,0.0,3,0,0.0,-1,-1,-1,-1,0.0,0.0
2026-08-03T13:00,0.0,0.0,0.0,0.0,26.7,0.9,1.6,177,100,6020.0,0,0.486,2400.0,30.0,0,0.0,3,0,0.0,-1,-1,-1,-1,0.0,0.0
2026-08-03T14:00,0.0,0.0,0.0,0.0,26.4,1.36,2.4,186,100,8660.0,0,0.485,1800.0,50.0,0,0.0,3,0,0.0,-1,-1,-1,-1,0.0,0.0
2026-08-03T15:00,0.0,0.0,0.0,0.0,25.9,1.2,2.4,182,100,8620.0,0,0.485,1230.0,40.0,0,0.0,3,0,0.0,-1,-1,-1,-1,0.0,0.0
2026-08-03T16:00,0.0,0.0,0.0,0.0,25.6,1.11,2.1,188,98,8660.0,0,0.484,970.0,40.0,0,0.0,3,0,0.0,-1,-1,-1,-1,0.0,0.0
2026-08-03T17:00,0.0,0.0,0.0,0.0,25.4,0.91,2.1,186,99,8660.0,0,0.484,850.0,30.0,0,0.0,3,0,0.0,-1,-1,-1,-1,0.0,0.0
2026-08-03T18:00,0.0,0.0,0.0,0.0,25.9,1.14,2.2,195,100,8660.0,0,0.472,1300.0,40.0,0,0.0,3,0,0.0,-1,-1,-1,-1,0.0,0.0
2026-08-03T19:00,0.0,0.0,0.0,0.0,25.6,0.85,2.1,183,100,8660.0,0,0.472,1220.0,30.0,0,0.0,3,0,0.0,-1,-1,-1,-1,0.0,0.0
2026-08-03T20:00,0.0,0.0,0.0,0.0,25.4,0.65,1.6,176,100,8220.0,0,0.472,1160.0,25.0,0,0.0,3,0,0.0,-1,-1,-1,-1,0.0,0.0
2026-08-03T21:00,0.1,0.0,0.0,0.0,25.3,0.6,1.4,180,100,5500.0,0,0.472,1100.0,20.0,0,0.0,51,0,0.1,-1,-1,-1,-1,0.0,0.0
2026-08-03T22:00,0.1,0.0,0.0,0.0,25.1,0.22,1.2,153,93,5320.0,1,0.473,1060.0,10.0,0,0.0,51,0,0.1,-1,-1,-1,-1,0.0,0.0
2026-08-03T23:00,0.1,0.0,0.0,0.0,25.7,0.11,1.3,117,98,6060.0,1,0.474,1290.0,25.0,0,0.0,51,0,0.1,-1,-1,-1,-1,0.0,0.0
2026-08-04T00:00,0.0,0.0,0.0,0.0,27.6,0.5,2.5,6,95,10400.0,1,0.471,2150.0,190.0,0,0.0,3,0,0.0,-1,-1,-1,-1,0.0,0.0
2026-08-04T01:00,0.1,1.0,0.0,0.0,29.4,0.54,3.2,304,96,14120.0,1,0.47,2040.0,630.0,0,0.0,51,0,0.0,-1,-1,-1,-1,0.0,0.0
2026-08-04T02:00,0.1,1.0,0.0,0.0,30.7,0.95,4.5,270,92,7620.0,1,0.469,2150.0,975.0,0,0.0,51,0,0.0,-1,-1,-1,-1,0.0,0.0
2026-08-04T03:00,0.2,1.0,0.0,0.0,31.6,1.45,5.7,272,96,12860.0,1,0.468,2200.0,1150.0,0,0.0,95,0,0.0,-1,-1,-1,-1,0.0,0.0
2026-08-04T04:00,0.3,1.0,0.0,0.0,32.6,1.79,6.3,293,99,4280.0,1,0.468,2250.0,1295.0,0,0.0,95,1,0.0,188,0,6,-1,1.047,0.879
2026-08-04T05:00,5.3,0.943,0.0,0.0,29.7,1.96,6.4,96,91,1700.0,1,0.52,3530.0,310.0,0,1.0,96,1,0.3,188,1,5,-1,1.047,0.845
2026-08-04T06:00,10.6,0.934,0.0,0.0,29.5,1.95,6.7,77,80,3520.0,1,0.515,3220.0,535.0,0,1.0,96,1,0.7,188,2,4,-1,1.047,0.84
2026-08-04T07:00,2.5,0.64,0.0,0.0,32.1,0.84,5.6,343,84,5600.0,1,0.505,2560.0,390.0,0,0.375,96,1,0.9,188,3,3,-1,1.047,0.663
2026-08-04T08:00,1.6,0.938,0.0,0.0,31.2,0.45,4.4,243,91,2940.0,1,0.517,2740.0,540.0,0,0.15,96,1,0.1,188,4,2,-1,1.047,0.842
2026-08-04T09:00,1.5,0.733,0.0,0.0,28.5,1.11,4.1,262,94,6060.0,1,0.502,3040.0,270.0,0,0.125,96,1,0.4,188,5,1,-1,1.047,0.719
2026-08-04T10:00,0.0,0.0,0.0,0.0,28.4,0.86,4.0,277,88,10460.0,1,0.5,2830.0,125.0,0,0.0,3,0,0.0,-1,-1,-1,-1,0.0,0.0
2026-08-04T11:00,0.0,0.0,0.0,0.0,27.4,0.79,2.8,288,92,8600.0,1,0.498,2990.0,45.0,0,0.0,3,0,0.0,-1,-1,-1,-1,0.0,0.0
2026-08-04T12:00,0.0,0.0,0.0,0.0,27.2,0.72,1.7,146,100,660.0,0,0.493,3530.0,25.0,0,0.0,3,0,0.0,-1,-1,-1,-1,0.0,0.0
2026-08-04T13:00,0.0,0.0,0.0,0.0,26.9,0.8,1.4,180,100,3880.0,0,0.492,3160.0,30.0,0,0.0,3,0,0.0,-1,-1,-1,-1,0.0,0.0
2026-08-04T14:00,0.0,0.0,0.0,0.0,26.7,0.54,1.5,158,83,8600.0,0,0.492,2910.0,20.0,0,0.0,3,0,0.0,-1,-1,-1,-1,0.0,0.0
2026-08-04T15:00,0.0,0.0,0.0,0.0,26.0,0.29,1.0,149,70,8600.0,0,0.492,2680.0,15.0,0,0.0,2,0,0.0,-1,-1,-1,-1,0.0,0.0
2026-08-04T16:00,0.0,0.0,0.0,0.0,25.5,0.25,0.8,169,91,8600.0,0,0.491,2350.0,15.0,0,0.0,3,0,0.0,-1,-1,-1,-1,0.0,0.0
2026-08-04T17:00,0.0,0.0,0.0,0.0,25.0,0.47,1.0,162,62,7420.0,0,0.491,1910.0,15.0,0,0.0,2,0,0.0,-1,-1,-1,-1,0.0,0.0
2026-08-04T18:00,0.0,0.0,0.0,0.0,25.2,0.25,1.1,169,20,8580.0,0,0.487,2430.0,10.0,0,0.0,1,0,0.0,-1,-1,-1,-1,0.0,0.0
2026-08-04T19:00,0.0,0.0,0.0,0.0,24.7,0.45,0.8,174,84,8420.0,0,0.487,2170.0,25.0,0,0.0,3,0,0.0,-1,-1,-1,-1,0.0,0.0
2026-08-04T20:00,0.0,0.0,0.0,0.0,24.5,0.75,1.2,176,74,9980.0,0,0.486,1680.0,35.0,0,0.0,2,0,0.0,-1,-1,-1,-1,0.0,0.0
2026-08-04T21:00,0.0,0.0,0.0,0.0,24.3,0.86,1.5,173,27,10160.0,0,0.486,1190.0,40.0,0,0.0,1,0,0.0,-1,-1,-1,-1,0.0,0.0
2026-08-04T22:00,0.0,0.0,0.0,0.0,24.1,0.65,1.5,148,30,9180.0,1,0.486,900.0,35.0,0,0.0,1,0,0.0,-1,-1,-1,-1,0.0,0.0
2026-08-04T23:00,0.0,0.0,0.0,0.0,25.4,0.4,1.5,120,52,9640.0,1,0.486,890.0,25.0,0,0.0,2,0,0.0,-1,-1,-1,-1,0.0,0.0
