time_utc,liquid_mm,showers_frac,snowfall_cm,snow_depth_m,temperature_c,wind_ms,gust_ms,wind_dir_deg,cloud_cover,visibility_m,is_day,soil_moisture,cape,pbl_m,cin_missing,thunder_score,weather_code,audible,rain_field_only,event_id,run_elapsed,run_remaining,gap_to_next,burstiness,character
2026-01-14T00:00,0.0,0.0,0.0,0.0,-3.5,1.55,1.9,21,99,11160.0,1,0.156,0.0,60.0,1,0.0,3,0,0.0,-1,-1,-1,-1,0.0,0.0
2026-01-14T01:00,0.0,0.0,0.0,0.0,-2.2,0.82,2.8,346,100,12600.0,1,0.156,0.0,85.0,1,0.0,3,0,0.0,-1,-1,-1,-1,0.0,0.0
2026-01-14T02:00,0.0,0.0,0.0,0.0,-0.3,0.63,3.1,342,99,13500.0,1,0.156,0.0,125.0,1,0.0,3,0,0.0,-1,-1,-1,-1,0.0,0.0
2026-01-14T03:00,0.0,0.0,0.0,0.0,1.5,0.4,3.0,270,100,14260.0,1,0.157,0.0,175.0,1,0.0,3,0,0.0,-1,-1,-1,-1,0.0,0.0
2026-01-14T04:00,0.0,0.0,0.0,0.0,2.6,1.07,3.7,242,100,14880.0,1,0.157,0.0,230.0,1,0.0,3,0,0.0,-1,-1,-1,-1,0.0,0.0
2026-01-14T05:00,0.0,0.0,0.0,0.0,4.2,1.71,4.5,201,100,14860.0,1,0.157,0.0,275.0,1,0.0,3,0,0.0,-1,-1,-1,-1,0.0,0.0
2026-01-14T06:00,0.0,0.0,0.0,0.0,5.2,2.38,5.8,195,100,16160.0,1,0.157,0.0,335.0,1,0.0,3,0,0.0,-1,-1,-1,-1,0.0,0.0
2026-01-14T07:00,0.0,0.0,0.0,0.0,5.3,1.4,5.0,215,100,16160.0,1,0.157,0.0,325.0,1,0.0,3,0,0.0,-1,-1,-1,-1,0.0,0.0
2026-01-14T08:00,0.0,0.0,0.0,0.0,4.5,1.96,3.3,195,98,14860.0,1,0.157,0.0,235.0,1,0.0,3,0,0.0,-1,-1,-1,-1,0.0,0.0
2026-01-14T09:00,0.0,0.0,0.0,0.0,2.7,2.45,4.1,184,0,14860.0,1,0.157,0.0,120.0,1,0.0,0,0,0.0,-1,-1,-1,-1,0.0,0.0
2026-01-14T10:00,0.0,0.0,0.0,0.0,1.3,2.49,4.5,202,0,14860.0,0,0.158,0.0,110.0,1,0.0,0,0,0.0,-1,-1,-1,-1,0.0,0.0
2026-01-14T11:00,0.0,0.0,0.0,0.0,2.1,3.24,6.0,218,0,14860.0,0,0.158,0.0,135.0,1,0.0,0,0,0.0,-1,-1,-1,-1,0.0,0.0
2026-01-14T12:00,0.0,0.0,0.0,0.0,-0.2,3.18,5.5,344,0,14240.0,0,0.157,0.0,110.0,1,0.0,0,0,0.0,-1,-1,-1,-1,0.0,0.0
2026-01-14T13:00,0.0,0.0,0.0,0.0,-1.9,2.03,5.4,16,0,13500.0,0,0.158,0.0,70.0,1,0.0,0,0,0.0,-1,-1,-1,-1,0.0,0.0
2026-01-14T14:00,0.0,0.0,0.0,0.0,-3.1,1.21,3.4,30,0,13500.0,0,0.158,0.0,40.0,1,0.0,0,0,0.0,-1,-1,-1,-1,0.0,0.0
2026-01-14T15:00,0.0,0.0,0.0,0.0,-3.2,0.25,1.6,79,0,13480.0,0,0.158,0.0,15.0,1,0.0,0,0,0.0,-1,-1,-1,-1,0.0,0.0
2026-01-14T16:00,0.0,0.0,0.0,0.0,-3.5,0.3,0.6,189,0,13480.0,0,0.158,0.0,15.0,1,0.0,0,0,0.0,-1,-1,-1,-1,0.0,0.0
2026-01-14T17:00,0.0,0.0,0.0,0.0,-3.5,0.05,0.6,180,0,13480.0,0,0.158,0.0,10.0,1,0.0,0,0,0.0,-1,-1,-1,-1,0.0,0.0
2026-01-14T18:00,0.0,0.0,0.0,0.0,-3.6,0.4,0.9,187,0,13480.0,0,0.158,0.0,15.0,1,0.0,0,0,0.0,-1,-1,-1,-1,0.0,0.0
2026-01-14T19:00,0.0,0.0,0.0,0.0,-4.5,1.08,1.3,167,0,13480.0,0,0.158,0.0,20.0,1,0.0,0,0,0.0,-1,-1,-1,-1,0.0,0.0
2026-01-14T20:00,0.0,0.0,0.0,0.0,-5.0,1.31,1.7,187,0,12560.0,0,0.159,0.0,25.0,1,0.0,0,0,0.0,-1,-1,-1,-1,0.0,0.0
2026-01-14T21:00,0.0,0.0,0.0,0.0,-5.2,1.51,1.9,186,0,12560.0,0,0.159,0.0,30.0,1,0.0,0,0,0.0,-1,-1,-1,-1,0.0,0.0
2026-01-14T22:00,0.0,0.0,0.0,0.0,-5.0,1.96,3.1,165,0,12560.0,0,0.159,0.0,40.0,1,0.0,0,0,0.0,-1,-1,-1,-1,0.0,0.0
2026-01-14T23:00,0.0,0.0,0.0,0.0,-3.9,2.24,3.7,153,0,13480.0,0,0.159,0.0,55.0,1,0.0,0,0,0.0,-1,-1,-1,-1,0.0,0.0
2026-01-15T00:00,0.0,0.0,0.0,0.0,-2.1,2.8,4.2,153,0,12560.0,1,0.159,0.0,80.0,1,0.0,0,0,0.0,-1,-1,-1,-1,0.0,0.0
2026-01-15T01:00,0.0,0.0,0.0,0.0,1.1,3.52,5.9,173,0,14220.0,1,0.159,0.0,125.0,1,0.0,0,0,0.0,-1,-1,-1,-1,0.0,0.0
2026-01-15T02:00,0.0,0.0,0.0,0.0,4.2,2.9,6.0,182,0,14840.0,1,0.159,0.0,190.0,1,0.0,0,0,0.0,-1,-1,-1,-1,0.0,0.0
2026-01-15T03:00,0.0,0.0,0.0,0.0,7.4,3.01,6.4,169,0,14840.0,1,0.16,0.0,235.0,1,0.0,0,0,0.0,-1,-1,-1,-1,0.0,0.0
2026-01-15T04:00,0.0,0.0,0.0,0.0,10.1,2.92,6.7,173,0,16140.0,1,0.16,0.0,335.0,1,0.0,0,0,0.0,-1,-1,-1,-1,0.0,0.0
2026-01-15T05:00,0.0,0.0,0.0,0.0,12.2,3.2,6.7,180,0,16300.0,1,0.16,0.0,495.0,1,0.0,0,0,0.0,-1,-1,-1,-1,0.0,0.0
2026-01-15T06:00,0.0,0.0,0.0,0.0,13.5,3.32,7.2,168,0,16300.0,1,0.16,0.0,455.0,1,0.0,0,0,0.0,-1,-1,-1,-1,0.0,0.0
2026-01-15T07:00,0.0,0.0,0.0,0.0,13.1,3.44,6.4,154,0,16120.0,1,0.159,0.0,380.0,1,0.0,0,0,0.0,-1,-1,-1,-1,0.0,0.0
2026-01-15T08:00,0.0,0.0,0.0,0.0,11.1,3.18,5.9,150,0,16120.0,1,0.159,0.0,295.0,1,0.0,0,0,0.0,-1,-1,-1,-1,0.0,0.0
2026-01-15T09:00,0.0,0.0,0.0,0.0,7.4,2.55,5.4,164,0,14840.0,1,0.159,0.0,195.0,1,0.0,0,0,0.0,-1,-1,-1,-1,0.0,0.0
2026-01-15T10:00,0.0,0.0,0.0,0.0,5.5,1.25,3.7,175,0,14840.0,0,0.159,0.0,80.0,1,0.0,0,0,0.0,-1,-1,-1,-1,0.0,0.0
2026-01-15T11:00,0.0,0.0,0.0,0.0,5.5,0.29,1.6,329,0,14820.0,0,0.159,0.0,15.0,1,0.0,0,0,0.0,-1,-1,-1,-1,0.0,0.0
2026-01-15T12:00,0.0,0.0,0.0,0.0,5.0,0.35,0.7,98,0,14820.0,0,0.159,0.0,15.0,1,0.0,0,0,0.0,-1,-1,-1,-1,0.0,0.0
2026-01-15T13:00,0.0,0.0,0.0,0.0,4.5,0.11,0.7,63,0,14820.0,0,0.159,0.0,10.0,1,0.0,0,0,0.0,-1,-1,-1,-1,0.0,0.0
2026-01-15T14:00,0.0,0.0,0.0,0.0,3.4,0.81,1.1,120,0,14820.0,0,0.159,0.0,20.0,1,0.0,0,0,0.0,-1,-1,-1,-1,0.0,0.0
2026-01-15T15:00,0.0,0.0,0.0,0.0,3.4,0.99,2.2,135,0,14820.0,0,0.16,0.0,25.0,1,0.0,0,0,0.0,-1,-1,-1,-1,0.0,0.0
2026-01-15T16:00,0.0,0.0,0.0,0.0,0.7,4.18,6.8,349,0,12540.0,0,0.16,0.0,100.0,1,0.0,0,0,0.0,-1,-1,-1,-1,0.0,0.0
2026-01-15T17:00,0.0,0.0,0.0,0.0,-1.2,3.56,7.4,4,0,11100.0,0,0.16,0.0,115.0,1,0.0,0,0,0.0,-1,-1,-1,-1,0.0,0.0
2026-01-15T18:00,0.0,0.0,0.0,0.0,-1.4,4.76,8.1,4,0,11080.0,0,0.16,0.0,205.0,1,0.0,0,0,0.0,-1,-1,-1,-1,0.0,0.0
2026-01-15T19:00,0.0,0.0,0.0,0.0,-1.5,4.75,8.6,15,63,8820.0,0,0.16,0.0,255.0,1,0.0,2,0,0.0,-1,-1,-1,-1,0.0,0.0
2026-01-15T20:00,0.0,0.0,0.0,0.0,-0.8,6.18,11.1,12,100,6120.0,0,0.16,0.0,405.0,1,0.0,3,0,0.0,-1,-1,-1,-1,0.0,0.0
2026-01-15T21:00,0.0,0.0,0.0,0.0,-0.4,6.34,11.7,19,100,8720.0,0,0.16,0.0,455.0,1,0.0,3,0,0.0,-1,-1,-1,-1,0.0,0.0
2026-01-15T22:00,0.0,0.0,0.0,0.0,-0.8,5.68,11.8,28,95,11040.0,0,0.16,0.0,445.0,1,0.0,3,0,0.0,-1,-1,-1,-1,0.0,0.0
2026-01-15T23:00,0.0,0.0,0.0,0.0,-1.8,5.12,11.0,26,53,11080.0,0,0.16,0.0,425.0,1,0.0,2,0,0.0,-1,-1,-1,-1,0.0,0.0
2026-01-16T00:00,0.0,0.0,0.0,0.0,-2.2,4.2,9.2,27,55,11080.0,1,0.166,0.0,405.0,1,0.0,2,0,0.0,-1,-1,-1,-1,0.0,0.0
2026-01-16T01:00,0.0,0.0,0.0,0.0,-1.7,4.34,8.4,21,0,12520.0,1,0.166,0.0,410.0,1,0.0,0,0,0.0,-1,-1,-1,-1,0.0,0.0
2026-01-16T02:00,0.0,0.0,0.0,0.0,-0.5,3.89,8.4,20,0,13440.0,1,0.166,0.0,420.0,1,0.0,0,0,0.0,-1,-1,-1,-1,0.0,0.0
2026-01-16T03:00,0.0,0.0,0.0,0.0,1.3,3.55,8.1,22,0,14180.0,1,0.165,0.0,635.0,1,0.0,0,0,0.0,-1,-1,-1,-1,0.0,0.0
2026-01-16T04:00,0.0,0.0,0.0,0.0,2.9,4.04,8.6,31,0,14800.0,1,0.165,0.0,805.0,1,0.0,0,0,0.0,-1,-1,-1,-1,0.0,0.0
2026-01-16T05:00,0.0,0.0,0.0,0.0,4.0,5.23,10.6,44,0,16100.0,1,0.164,0.0,875.0,1,0.0,0,0,0.0,-1,-1,-1,-1,0.0,0.0
2026-01-16T06:00,0.0,0.0,0.0,0.0,4.3,4.78,10.9,47,0,16100.0,1,0.172,0.0,880.0,1,0.0,0,0,0.0,-1,-1,-1,-1,0.0,0.0
2026-01-16T07:00,0.0,0.0,0.0,0.0,4.2,4.73,9.8,54,2,16100.0,1,0.172,0.0,900.0,1,0.0,0,0,0.0,-1,-1,-1,-1,0.0,0.0
2026-01-16T08:00,0.0,0.0,0.0,0.0,3.5,4.2,9.5,63,0,16100.0,1,0.171,0.0,875.0,1,0.0,0,0,0.0,-1,-1,-1,-1,0.0,0.0
2026-01-16T09:00,0.0,0.0,0.0,0.0,2.0,3.21,7.9,72,1,14800.0,1,0.171,0.0,715.0,1,0.0,0,0,0.0,-1,-1,-1,-1,0.0,0.0
2026-01-16T10:00,0.0,0.0,0.0,0.0,-0.2,2.8,5.8,74,0,14180.0,0,0.171,0.0,290.0,1,0.0,0,0,0.0,-1,-1,-1,-1,0.0,0.0
2026-01-16T11:00,0.0,0.0,0.0,0.0,-1.3,2.92,5.0,77,0,14180.0,0,0.171,0.0,320.0,1,0.0,0,0,0.0,-1,-1,-1,-1,0.0,0.0
2026-01-16T12:00,0.0,0.0,0.0,0.0,-1.5,3.4,5.8,88,0,14180.0,0,0.169,0.0,295.0,1,0.0,0,0,0.0,-1,-1,-1,-1,0.0,0.0
2026-01-16T13:00,0.0,0.0,0.0,0.0,-2.2,2.8,6.0,88,0,14180.0,0,0.169,0.0,255.0,1,0.0,0,0,0.0,-1,-1,-1,-1,0.0,0.0
2026-01-16T14:00,0.0,0.0,0.0,0.0,-3.0,2.25,4.9,90,0,13420.0,0,0.169,0.0,215.0,1,0.0,0,0,0.0,-1,-1,-1,-1,0.0,0.0
2026-01-16T15:00,0.0,0.0,0.0,0.0,-3.6,1.85,4.0,92,0,12500.0,0,0.169,0.0,185.0,1,0.0,0,0,0.0,-1,-1,-1,-1,0.0,0.0
2026-01-16T16:00,0.0,0.0,0.0,0.0,-3.9,1.8,3.3,92,0,12500.0,0,0.169,0.0,170.0,1,0.0,0,0,0.0,-1,-1,-1,-1,0.0,0.0
2026-01-16T17:00,0.0,0.0,0.0,0.0,-4.2,1.7,3.3,76,0,11060.0,0,0.169,0.0,165.0,1,0.0,0,0,0.0,-1,-1,-1,-1,0.0,0.0
2026-01-16T18:00,0.0,0.0,0.0,0.0,-4.0,2.6,4.0,90,0,10100.0,0,0.169,0.0,265.0,1,0.0,0,0,0.0,-1,-1,-1,-1,0.0,0.0
2026-01-16T19:00,0.0,0.0,0.0,0.0,-4.1,3.01,5.4,86,0,11040.0,0,0.17,0.0,355.0,1,0.0,0,0,0.0,-1,-1,-1,-1,0.0,0.0
2026-01-16T20:00,0.0,0.0,0.0,0.0,-4.2,2.74,5.6,72,0,11040.0,0,0.17,0.0,375.0,1,0.0,0,0,0.0,-1,-1,-1,-1,0.0,0.0
2026-01-16T21:00,0.0,0.0,0.0,0.0,-4.3,2.76,5.2,85,0,11040.0,0,0.17,0.0,435.0,1,0.0,0,0,0.0,-1,-1,-1,-1,0.0,0.0
2026-01-16T22:00,0.0,0.0,0.0,0.0,-4.3,3.15,5.8,90,0,11040.0,0,0.17,0.0,505.0,1,0.0,0,0,0.0,-1,-1,-1,-1,0.0,0.0
2026-01-16T23:00,0.0,0.0,0.0,0.0,-4.4,3.05,5.9,91,0,12480.0,0,0.17,0.0,525.0,1,0.0,0,0,0.0,-1,-1,-1,-1,0.0,0.0
2026-01-17T00:00,0.0,0.0,0.0,0.0,-4.2,3.63,6.1,98,0,11040.0,1,0.17,0.0,580.0,1,0.0,0,0,0.0,-1,-1,-1,-1,0.0,0.0
2026-01-17T01:00,0.0,0.0,0.0,0.0,-3.3,3.78,7.3,101,3,12480.0,1,0.17,0.0,645.0,1,0.0,0,0,0.0,-1,-1,-1,-1,0.0,0.0
2026-01-17T02:00,0.0,0.0,0.0,0.0,-2.2,4.45,9.1,102,0,14140.0,1,0.171,0.0,720.0,1,0.0,0,0,0.0,-1,-1,-1,-1,0.0,0.0
2026-01-17T03:00,0.0,0.0,0.0,0.0,-1.1,4.26,9.2,99,0,14140.0,1,0.171,0.0,785.0,1,0.0,0,0,0.0,-1,-1,-1,-1,0.0,0.0
2026-01-17T04:00,0.0,0.0,0.0,0.0,-0.1,3.97,9.1,95,0,14760.0,1,0.171,0.0,880.0,1,0.0,0,0,0.0,-1,-1,-1,-1,0.0,0.0
2026-01-17T05:00,0.0,0.0,0.0,0.0,0.6,4.05,8.9,89,4,14760.0,1,0.171,0.0,995.0,1,0.0,0,0,0.0,-1,-1,-1,-1,0.0,0.0
2026-01-17T06:00,0.0,0.0,0.0,0.0,0.5,4.33,9.1,101,48,14760.0,1,0.171,0.0,1140.0,1,0.0,1,0,0.0,-1,-1,-1,-1,0.0,0.0
2026-01-17T07:00,0.0,0.0,0.0,0.0,0.6,3.74,9.1,106,59,14760.0,1,0.171,0.0,1160.0,1,0.0,2,0,0.0,-1,-1,-1,-1,0.0,0.0
2026-01-17T08:00,0.0,0.0,0.0,0.0,0.3,3.24,7.9,110,68,14760.0,1,0.171,0.0,1145.0,1,0.0,2,0,0.0,-1,-1,-1,-1,0.0,0.0
2026-01-17T09:00,0.0,0.0,0.0,0.0,-0.9,2.7,6.5,93,83,14760.0,1,0.171,0.0,875.0,1,0.0,3,0,0.0,-1,-1,-1,-1,0.0,0.0
2026-01-17T10:00,0.0,0.0,0.0,0.0,-1.1,3.18,5.8,74,99,14760.0,0,0.172,0.0,745.0,1,0.0,3,0,0.0,-1,-1,-1,-1,0.0,0.0
2026-01-17T11:00,0.0,0.0,0.0,0.0,-1.5,4.1,7.5,72,100,14140.0,0,0.172,0.0,685.0,1,0.0,3,0,0.0,-1,-1,-1,-1,0.0,0.0
2026-01-17T12:00,0.0,0.0,0.0,0.0,-2.1,4.01,7.9,76,100,13880.0,0,0.171,0.0,745.0,1,0.0,3,0,0.0,-1,-1,-1,-1,0.0,0.0
2026-01-17T13:00,0.0,0.0,0.0,0.0,-2.5,3.81,7.8,76,100,12660.0,0,0.171,0.0,680.0,1,0.0,3,0,0.0,-1,-1,-1,-1,0.0,0.0
2026-01-17T14:00,0.0,0.0,0.0,0.0,-2.8,3.89,7.4,72,100,11240.0,0,0.171,0.0,630.0,1,0.0,3,0,0.0,-1,-1,-1,-1,0.0,0.0
2026-01-17T15:00,0.0,0.0,0.0,0.0,-3.1,3.97,7.7,69,100,10940.0,0,0.171,0.0,565.0,1,0.0,3,0,0.0,-1,-1,-1,-1,0.0,0.0
2026-01-17T16:00,0.0,0.0,0.0,0.0,-3.2,3.72,7.6,61,100,11280.0,0,0.172,0.0,545.0,1,0.0,3,0,0.0,-1,-1,-1,-1,0.0,0.0
2026-01-17T17:00,0.0,0.0,0.0,0.0,-3.2,3.61,7.1,59,100,11880.0,0,0.172,0.0,535.0,1,0.0,3,0,0.0,-1,-1,-1,-1,0.0,0.0
2026-01-17T18:00,0.0,0.0,0.0,0.0,-3.4,3.08,6.9,54,100,12080.0,0,0.172,0.0,480.0,1,0.0,3,0,0.0,-1,-1,-1,-1,0.0,0.0
2026-01-17T19:00,0.0,0.0,0.0,0.0,-3.4,2.93,6.1,53,100,11440.0,0,0.172,0.0,490.0,1,0.0,3,0,0.0,-1,-1,-1,-1,0.0,0.0
2026-01-17T20:00,0.0,0.0,0.0,0.0,-3.2,2.97,5.8,27,100,10940.0,0,0.172,0.0,475.0,1,0.0,3,0,0.0,-1,-1,-1,-1,0.0,0.0
2026-01-17T21:00,0.0,0.0,0.0,0.0,-3.0,3.67,6.9,26,100,9880.0,0,0.172,0.0,545.0,1,0.0,3,0,0.0,-1,-1,-1,-1,0.0,0.0
2026-01-17T22:00,0.0,0.0,0.0,0.0,-2.9,3.98,7.8,35,100,9700.0,0,0.172,0.0,560.0,1,0.0,3,0,0.0,-1,-1,-1,-1,0.0,0.0
2026-01-17T23:00,0.0,0.0,0.0,0.0,-2.9,3.72,7.6,22,100,10660.0,0,0.173,0.0,550.0,1,0.0,3,0,0.0,-1,-1,-1,-1,0.0,0.0
2026-01-18T00:00,0.0,0.0,0.0,0.0,-3.2,3.97,7.4,14,100,1560.0,1,0.173,0.0,535.0,1,0.0,3,0,0.0,-1,-1,-1,-1,0.0,0.0
2026-01-18T01:00,0.0,0.0,0.07,0.0,-3.7,4.39,8.5,12,100,5960.0,1,0.173,0.0,460.0,1,0.0,71,0,0.0,-1,-1,-1,-1,0.0,0.0
2026-01-18T02:00,0.0,0.0,0.07,0.0,-3.9,4.44,8.7,14,100,8560.0,1,0.173,0.0,450.0,1,0.0,71,0,0.0,-1,-1,-1,-1,0.0,0.0
2026-01-18T03:00,0.0,0.0,0.0,0.0,-3.6,4.1,8.6,13,100,9480.0,1,0.173,0.0,440.0,1,0.0,3,0,0.0,-1,-1,-1,-1,0.0,0.0
2026-01-18T04:00,0.0,0.0,0.0,0.0,-3.3,4.3,8.6,9,100,8260.0,1,0.173,0.0,490.0,1,0.0,3,0,0.0,-1,-1,-1,-1,0.0,0.0
2026-01-18T05:00,0.0,0.0,0.07,0.0,-3.2,4.51,9.1,13,100,8240.0,1,0.174,0.0,540.0,1,0.0,71,0,0.0,-1,-1,-1,-1,0.0,0.0
2026-01-18T06:00,0.0,0.0,0.0,0.0,-4.0,4.52,9.0,18,100,9300.0,1,0.174,0.0,510.0,1,0.0,3,0,0.0,-1,-1,-1,-1,0.0,0.0
2026-01-18T07:00,0.0,0.0,0.0,0.0,-3.7,4.63,9.2,20,100,10360.0,1,0.174,0.0,580.0,1,0.0,3,0,0.0,-1,-1,-1,-1,0.0,0.0
2026-01-18T08:00,0.0,0.0,0.0,0.0,-3.9,4.67,9.1,17,100,11620.0,1,0.174,0.0,595.0,1,0.0,3,0,0.0,-1,-1,-1,-1,0.0,0.0
2026-01-18T09:00,0.0,0.0,0.0,0.0,-3.9,4.29,9.1,19,100,12400.0,1,0.174,0.0,605.0,1,0.0,3,0,0.0,-1,-1,-1,-1,0.0,0.0
2026-01-18T10:00,0.0,0.0,0.0,0.0,-4.2,3.92,8.2,23,100,13080.0,0,0.174,0.0,565.0,1,0.0,3,0,0.0,-1,-1,-1,-1,0.0,0.0
2026-01-18T11:00,0.0,0.0,0.0,0.0,-4.4,3.43,7.3,31,100,13540.0,0,0.174,0.0,510.0,1,0.0,3,0,0.0,-1,-1,-1,-1,0.0,0.0
2026-01-18T12:00,0.0,0.0,0.0,0.0,-4.3,3.05,6.5,23,100,13580.0,0,0.175,0.0,510.0,1,0.0,3,0,0.0,-1,-1,-1,-1,0.0,0.0
2026-01-18T13:00,0.0,0.0,0.0,0.0,-4.3,3.04,5.8,25,100,13280.0,0,0.175,0.0,490.0,1,0.0,3,0,0.0,-1,-1,-1,-1,0.0,0.0
2026-01-18T14:00,0.0,0.0,0.0,0.0,-4.5,2.55,5.9,23,98,14080.0,0,0.175,0.0,460.0,1,0.0,3,0,0.0,-1,-1,-1,-1,0.0,0.0
2026-01-18T15:00,0.0,0.0,0.0,0.0,-5.4,2.18,4.8,16,100,14080.0,0,0.175,0.0,305.0,1,0.0,3,0,0.0,-1,-1,-1,-1,0.0,0.0
2026-01-18T16:00,0.0,0.0,0.0,0.0,-5.9,2.33,4.2,15,90,14080.0,0,0.175,0.0,250.0,1,0.0,3,0,0.0,-1,-1,-1,-1,0.0,0.0
2026-01-18T17:00,0.0,0.0,0.0,0.0,-6.3,2.43,4.4,9,52,14080.0,0,0.175,0.0,235.0,1,0.0,2,0,0.0,-1,-1,-1,-1,0.0,0.0
2026-01-18T18:00,0.0,0.0,0.0,0.0,-6.0,2.45,5.0,17,38,14080.0,0,0.175,0.0,245.0,1,0.0,1,0,0.0,-1,-1,-1,-1,0.0,0.0
2026-01-18T19:00,0.0,0.0,0.0,0.0,-6.3,3.44,6.3,33,91,14080.0,0,0.176,0.0,545.0,1,0.0,3,0,0.0,-1,-1,-1,-1,0.0,0.0
2026-01-18T20:00,0.0,0.0,0.0,0.0,-6.3,3.63,6.6,34,98,16000.0,0,0.176,0.0,705.0,1,0.0,3,0,0.0,-1,-1,-1,-1,0.0,0.0
2026-01-18T21:00,0.0,0.0,0.0,0.0,-6.6,3.91,7.3,39,97,16160.0,0,0.176,0.0,695.0,1,0.0,3,0,0.0,-1,-1,-1,-1,0.0,0.0
2026-01-18T22:00,0.0,0.0,0.0,0.0,-6.8,4.65,8.4,39,100,16160.0,0,0.176,0.0,705.0,1,0.0,3,0,0.0,-1,-1,-1,-1,0.0,0.0
2026-01-18T23:00,0.0,0.0,0.0,0.0,-7.1,5.5,10.1,40,100,16160.0,0,0.176,0.0,705.0,1,0.0,3,0,0.0,-1,-1,-1,-1,0.0,0.0
2026-01-19T00:00,0.0,0.0,0.0,0.0,-7.0,4.99,10.2,47,100,16160.0,1,0.176,0.0,680.0,1,0.0,3,0,0.0,-1,-1,-1,-1,0.0,0.0
2026-01-19T01:00,0.0,0.0,0.0,0.0,-6.8,4.85,9.6,53,91,16160.0,1,0.176,0.0,755.0,1,0.0,3,0,0.0,-1,-1,-1,-1,0.0,0.0
2026-01-19T02:00,0.0,0.0,0.0,0.0,-6.0,4.74,9.7,55,100,16280.0,1,0.176,0.0,840.0,1,0.0,3,0,0.0,-1,-1,-1,-1,0.0,0.0
2026-01-19T03:00,0.0,0.0,0.0,0.0,-5.3,4.45,9.8,57,63,16280.0,1,0.177,0.0,940.0,1,0.0,2,0,0.0,-1,-1,-1,-1,0.0,0.0
2026-01-19T04:00,0.0,0.0,0.0,0.0,-4.8,3.89,9.6,53,93,16280.0,1,0.177,0.0,1030.0,1,0.0,3,0,0.0,-1,-1,-1,-1,0.0,0.0
2026-01-19T05:00,0.0,0.0,0.0,0.0,-4.4,3.62,8.7,49,77,16280.0,1,0.177,0.0,1060.0,1,0.0,2,0,0.0,-1,-1,-1,-1,0.0,0.0
2026-01-19T06:00,0.0,0.0,0.0,0.0,-4.5,3.5,8.4,46,100,16280.0,1,0.177,0.0,1150.0,1,0.0,3,0,0.0,-1,-1,-1,-1,0.0,0.0
2026-01-19T07:00,0.0,0.0,0.0,0.0,-4.9,3.33,7.9,49,99,16280.0,1,0.177,0.0,1140.0,1,0.0,3,0,0.0,-1,-1,-1,-1,0.0,0.0
2026-01-19T08:00,0.0,0.0,0.0,0.0,-5.1,2.74,7.4,52,85,16280.0,1,0.177,0.0,1115.0,1,0.0,3,0,0.0,-1,-1,-1,-1,0.0,0.0
2026-01-19T09:00,0.0,0.0,0.0,0.0,-5.7,2.73,6.1,49,100,16280.0,1,0.177,0.0,830.0,1,0.0,3,0,0.0,-1,-1,-1,-1,0.0,0.0
2026-01-19T10:00,0.0,0.0,0.0,0.0,-6.3,2.0,5.5,37,100,16280.0,0,0.177,0.0,520.0,1,0.0,3,0,0.0,-1,-1,-1,-1,0.0,0.0
2026-01-19T11:00,0.0,0.0,0.0,0.0,-6.5,2.05,3.9,45,100,16140.0,0,0.177,0.0,410.0,1,0.0,3,0,0.0,-1,-1,-1,-1,0.0,0.0
2026-01-19T12:00,0.0,0.0,0.0,0.0,-6.5,2.19,4.0,43,100,16140.0,0,0.177,0.0,420.0,1,0.0,3,0,0.0,-1,-1,-1,-1,0.0,0.0
2026-01-19T13:00,0.0,0.0,0.0,0.0,-7.1,1.65,4.1,55,100,16140.0,0,0.177,0.0,335.0,1,0.0,3,0,0.0,-1,-1,-1,-1,0.0,0.0
2026-01-19T14:00,0.0,0.0,0.0,0.0,-7.4,1.57,3.1,73,100,16140.0,0,0.178,0.0,285.0,1,0.0,3,0,0.0,-1,-1,-1,-1,0.0,0.0
2026-01-19T15:00,0.0,0.0,0.0,0.0,-7.8,1.3,2.9,74,100,16140.0,0,0.178,0.0,225.0,1,0.0,3,0,0.0,-1,-1,-1,-1,0.0,0.0
2026-01-19T16:00,0.0,0.0,0.0,0.0,-9.0,0.92,2.5,68,100,16140.0,0,0.178,0.0,135.0,1,0.0,3,0,0.0,-1,-1,-1,-1,0.0,0.0
2026-01-19T17:00,0.0,0.0,0.0,0.0,-9.2,0.56,1.5,63,80,16140.0,0,0.178,0.0,70.0,1,0.0,3,0,0.0,-1,-1,-1,-1,0.0,0.0
2026-01-19T18:00,0.0,0.0,0.0,0.0,-8.6,0.07,0.8,225,100,16140.0,0,0.178,0.0,30.0,1,0.0,3,0,0.0,-1,-1,-1,-1,0.0,0.0
2026-01-19T19:00,0.0,0.0,0.0,0.0,-9.1,0.1,0.3,270,40,16120.0,0,0.178,0.0,30.0,1,0.0,1,0,0.0,-1,-1,-1,-1,0.0,0.0
2026-01-19T20:00,0.0,0.0,0.0,0.0,-9.3,0.29,0.5,59,1,16120.0,0,0.178,0.0,45.0,1,0.0,0,0,0.0,-1,-1,-1,-1,0.0,0.0
2026-01-19T21:00,0.0,0.0,0.0,0.0,-10.2,1.34,2.2,63,0,16120.0,0,0.178,0.0,90.0,1,0.0,0,0,0.0,-1,-1,-1,-1,0.0,0.0
2026-01-19T22:00,0.0,0.0,0.0,0.0,-10.0,2.11,3.8,68,0,16120.0,0,0.178,0.0,140.0,1,0.0,0,0,0.0,-1,-1,-1,-1,0.0,0.0
2026-01-19T23:00,0.0,0.0,0.0,0.0,-10.5,2.25,4.1,73,0,16120.0,0,0.179,0.0,145.0,1,0.0,0,0,0.0,-1,-1,-1,-1,0.0,0.0
2026-01-20T00:00,0.0,0.0,0.0,0.0,-10.3,2.41,4.3,69,34,16120.0,1,0.179,0.0,165.0,1,0.0,1,0,0.0,-1,-1,-1,-1,0.0,0.0
2026-01-20T01:00,0.0,0.0,0.0,0.0,-9.1,2.58,5.4,72,2,16120.0,1,0.179,0.0,250.0,1,0.0,0,0,0.0,-1,-1,-1,-1,0.0,0.0
2026-01-20T02:00,0.0,0.0,0.0,0.0,-7.7,2.13,5.7,81,0,16240.0,1,0.179,0.0,345.0,1,0.0,0,0,0.0,-1,-1,-1,-1,0.0,0.0
2026-01-20T03:00,0.0,0.0,0.0,0.0,-6.1,1.9,5.7,87,0,16240.0,1,0.179,0.0,600.0,1,0.0,0,0,0.0,-1,-1,-1,-1,0.0,0.0
2026-01-20T04:00,0.0,0.0,0.0,0.0,-5.0,1.1,5.6,87,0,16240.0,1,0.179,0.0,860.0,1,0.0,0,0,0.0,-1,-1,-1,-1,0.0,0.0
2026-01-20T05:00,0.0,0.0,0.0,0.0,-4.1,0.5,4.6,90,0,16240.0,1,0.179,0.0,980.0,1,0.0,0,0,0.0,-1,-1,-1,-1,0.0,0.0
2026-01-20T06:00,0.0,0.0,0.0,0.0,-3.9,0.15,3.9,90,7,16240.0,1,0.179,0.0,1075.0,1,0.0,0,0,0.0,-1,-1,-1,-1,0.0,0.0
2026-01-20T07:00,0.0,0.0,0.0,0.0,-3.2,0.46,3.2,131,41,16240.0,1,0.179,0.0,1095.0,1,0.0,1,0,0.0,-1,-1,-1,-1,0.0,0.0
2026-01-20T08:00,0.0,0.0,0.0,0.0,-3.5,1.06,3.3,139,2,16240.0,1,0.179,0.0,1035.0,1,0.0,0,0,0.0,-1,-1,-1,-1,0.0,0.0
2026-01-20T09:00,0.0,0.0,0.0,0.0,-4.8,0.96,3.3,129,1,16240.0,1,0.179,0.0,155.0,1,0.0,0,0,0.0,-1,-1,-1,-1,0.0,0.0
2026-01-20T10:00,0.0,0.0,0.0,0.0,-6.5,1.18,2.1,102,11,16100.0,0,0.18,0.0,55.0,1,0.0,0,0,0.0,-1,-1,-1,-1,0.0,0.0
2026-01-20T11:00,0.0,0.0,0.0,0.0,-6.8,1.16,2.1,97,48,16100.0,0,0.18,0.0,45.0,1,0.0,1,0,0.0,-1,-1,-1,-1,0.0,0.0
2026-01-20T12:00,0.0,0.0,0.0,0.0,-6.9,1.09,2.0,74,100,16100.0,0,0.18,0.0,40.0,1,0.0,3,0,0.0,-1,-1,-1,-1,0.0,0.0
2026-01-20T13:00,0.0,0.0,0.0,0.0,-7.9,1.13,2.1,103,73,16100.0,0,0.18,0.0,40.0,1,0.0,2,0,0.0,-1,-1,-1,-1,0.0,0.0
2026-01-20T14:00,0.0,0.0,0.0,0.0,-8.3,1.06,1.8,139,0,16100.0,0,0.18,0.0,45.0,1,0.0,0,0,0.0,-1,-1,-1,-1,0.0,0.0
2026-01-20T15:00,0.0,0.0,0.0,0.0,-8.7,1.14,2.0,157,0,16100.0,0,0.18,0.0,45.0,1,0.0,0,0,0.0,-1,-1,-1,-1,0.0,0.0
2026-01-20T16:00,0.0,0.0,0.0,0.0,-8.6,0.76,1.7,148,0,16100.0,0,0.18,0.0,30.0,1,0.0,0,0,0.0,-1,-1,-1,-1,0.0,0.0
2026-01-20T17:00,0.0,0.0,0.0,0.0,-8.9,0.76,1.1,148,0,16100.0,0,0.18,0.0,25.0,1,0.0,0,0,0.0,-1,-1,-1,-1,0.0,0.0
2026-01-20T18:00,0.0,0.0,0.0,0.0,-9.3,1.31,1.5,198,0,15920.0,0,0.18,0.0,30.0,1,0.0,0,0,0.0,-1,-1,-1,-1,0.0,0.0
2026-01-20T19:00,0.0,0.0,0.0,0.0,-10.1,1.69,2.7,214,0,15920.0,0,0.18,0.0,50.0,1,0.0,0,0,0.0,-1,-1,-1,-1,0.0,0.0
2026-01-20T20:00,0.0,0.0,0.0,0.0,-10.0,0.85,2.7,208,0,15920.0,0,0.18,0.0,40.0,1,0.0,0,0,0.0,-1,-1,-1,-1,0.0,0.0
2026-01-20T21:00,0.0,0.0,0.0,0.0,-10.0,0.54,1.2,202,0,15900.0,0,0.181,0.0,30.0,1,0.0,0,0,0.0,-1,-1,-1,-1,0.0,0.0
2026-01-20T22:00,0.0,0.0,0.0,0.0,-10.2,0.51,0.8,209,1,15900.0,0,0.181,0.0,25.0,1,0.0,0,0,0.0,-1,-1,-1,-1,0.0,0.0
2026-01-20T23:00,0.0,0.0,0.0,0.0,-10.4,0.67,1.0,228,0,14600.0,0,0.181,0.0,35.0,1,0.0,0,0,0.0,-1,-1,-1,-1,0.0,0.0
2026-01-21T00:00,0.0,0.0,0.0,0.0,-9.9,1.34,1.0,243,0,14600.0,1,0.181,0.0,60.0,1,0.0,0,0,0.0,-1,-1,-1,-1,0.0,0.0
2026-01-21T01:00,0.0,0.0,0.0,0.0,-7.8,1.38,3.3,257,0,14600.0,1,0.181,0.0,95.0,1,0.0,0,0,0.0,-1,-1,-1,-1,0.0,0.0
2026-01-21T02:00,0.0,0.0,0.0,0.0,-5.4,0.97,3.6,282,0,15900.0,1,0.181,0.0,205.0,1,0.0,0,0,0.0,-1,-1,-1,-1,0.0,0.0
2026-01-21T03:00,0.0,0.0,0.0,0.0,-3.2,0.74,3.9,318,0,16080.0,1,0.181,0.0,400.0,1,0.0,0,0,0.0,-1,-1,-1,-1,0.0,0.0
2026-01-21T04:00,0.0,0.0,0.0,0.0,-1.6,0.56,3.8,280,10,16080.0,1,0.181,0.0,770.0,1,0.0,0,0,0.0,-1,-1,-1,-1,0.0,0.0
2026-01-21T05:00,0.0,0.0,0.0,0.0,-0.6,0.78,4.1,243,1,16060.0,1,0.181,0.0,940.0,1,0.0,0,0,0.0,-1,-1,-1,-1,0.0,0.0
2026-01-21T06:00,0.0,0.0,0.0,0.0,-0.2,1.38,4.1,224,2,16200.0,1,0.181,0.0,1115.0,1,0.0,0,0,0.0,-1,-1,-1,-1,0.0,0.0
2026-01-21T07:00,0.0,0.0,0.0,0.0,0.1,1.75,4.8,217,8,16200.0,1,0.181,0.0,1080.0,1,0.0,0,0,0.0,-1,-1,-1,-1,0.0,0.0
2026-01-21T08:00,0.0,0.0,0.0,0.0,-0.3,1.61,4.7,206,45,16200.0,1,0.181,0.0,880.0,1,0.0,1,0,0.0,-1,-1,-1,-1,0.0,0.0
2026-01-21T09:00,0.0,0.0,0.0,0.0,-2.2,0.6,3.5,185,16,16060.0,1,0.181,0.0,70.0,1,0.0,0,0,0.0,-1,-1,-1,-1,0.0,0.0
2026-01-21T10:00,0.0,0.0,0.0,0.0,-3.4,0.73,1.0,164,17,16060.0,0,0.181,0.0,35.0,1,0.0,0,0,0.0,-1,-1,-1,-1,0.0,0.0
2026-01-21T11:00,0.0,0.0,0.0,0.0,-4.4,1.43,2.0,155,36,16060.0,0,0.181,0.0,50.0,1,0.0,1,0,0.0,-1,-1,-1,-1,0.0,0.0
2026-01-21T12:00,0.0,0.0,0.0,0.0,-4.4,1.53,2.5,161,99,15880.0,0,0.181,0.0,60.0,1,0.0,3,0,0.0,-1,-1,-1,-1,0.0,0.0
2026-01-21T13:00,0.0,0.0,0.0,0.0,-4.9,1.74,2.8,168,27,15880.0,0,0.181,0.0,85.0,1,0.0,1,0,0.0,-1,-1,-1,-1,0.0,0.0
2026-01-21T14:00,0.0,0.0,0.0,0.0,-4.9,1.9,3.2,177,28,15880.0,0,0.181,0.0,105.0,1,0.0,1,0,0.0,-1,-1,-1,-1,0.0,0.0
2026-01-21T15:00,0.0,0.0,0.0,0.0,-5.1,1.91,3.3,174,5,16060.0,0,0.181,0.0,125.0,1,0.0,0,0,0.0,-1,-1,-1,-1,0.0,0.0
2026-01-21T16:00,0.0,0.0,0.0,0.0,-5.2,1.97,3.5,171,6,16060.0,0,0.181,0.0,135.0,1,0.0,0,0,0.0,-1,-1,-1,-1,0.0,0.0
2026-01-21T17:00,0.0,0.0,0.0,0.0,-5.3,2.16,3.8,175,13,16040.0,0,0.181,0.0,160.0,1,0.0,0,0,0.0,-1,-1,-1,-1,0.0,0.0
2026-01-21T18:00,0.0,0.0,0.0,0.0,-5.6,1.95,3.9,183,0,15880.0,0,0.181,0.0,165.0,1,0.0,0,0,0.0,-1,-1,-1,-1,0.0,0.0
2026-01-21T19:00,0.0,0.0,0.0,0.0,-7.0,1.95,3.3,177,0,15880.0,0,0.181,0.0,130.0,1,0.0,0,0,0.0,-1,-1,-1,-1,0.0,0.0
2026-01-21T20:00,0.0,0.0,0.0,0.0,-7.4,1.91,3.3,174,0,15860.0,0,0.182,0.0,115.0,1,0.0,0,0,0.0,-1,-1,-1,-1,0.0,0.0
2026-01-21T21:00,0.0,0.0,0.0,0.0,-7.7,1.77,3.1,172,0,14560.0,0,0.182,0.0,100.0,1,0.0,0,0,0.0,-1,-1,-1,-1,0.0,0.0
2026-01-21T22:00,0.0,0.0,0.0,0.0,-8.0,1.65,2.8,177,0,14560.0,0,0.182,0.0,85.0,1,0.0,0,0,0.0,-1,-1,-1,-1,0.0,0.0
2026-01-21T23:00,0.0,0.0,0.0,0.0,-8.1,1.75,2.8,178,0,14560.0,0,0.182,0.0,105.0,1,0.0,0,0,0.0,-1,-1,-1,-1,0.0,0.0
2026-01-22T00:00,0.0,0.0,0.0,0.0,-7.3,2.0,3.1,183,0,13180.0,1,0.182,0.0,125.0,1,0.0,0,0,0.0,-1,-1,-1,-1,0.0,0.0
2026-01-22T01:00,0.0,0.0,0.0,0.0,-5.6,2.05,4.4,181,0,13940.0,1,0.182,0.0,220.0,1,0.0,0,0,0.0,-1,-1,-1,-1,0.0,0.0
2026-01-22T02:00,0.0,0.0,0.0,0.0,-3.5,2.01,5.1,199,28,14560.0,1,0.182,0.0,375.0,1,0.0,1,0,0.0,-1,-1,-1,-1,0.0,0.0
2026-01-22T03:00,0.0,0.0,0.0,0.0,-1.9,1.86,5.4,204,58,14560.0,1,0.182,0.0,485.0,1,0.0,2,0,0.0,-1,-1,-1,-1,0.0,0.0
2026-01-22T04:00,0.0,0.0,0.0,0.0,-0.6,1.63,5.3,207,62,14540.0,1,0.182,0.0,580.0,1,0.0,2,0,0.0,-1,-1,-1,-1,0.0,0.0
2026-01-22T05:00,0.0,0.0,0.0,0.0,0.4,1.6,5.2,212,72,14540.0,1,0.182,0.0,655.0,1,0.0,2,0,0.0,-1,-1,-1,-1,0.0,0.0
2026-01-22T06:00,0.0,0.0,0.0,0.0,0.9,1.61,5.1,210,94,14540.0,1,0.182,0.0,665.0,1,0.0,3,0,0.0,-1,-1,-1,-1,0.0,0.0
2026-01-22T07:00,0.0,0.0,0.0,0.0,1.3,1.69,4.7,199,94,15840.0,1,0.182,0.0,660.0,1,0.0,3,0,0.0,-1,-1,-1,-1,0.0,0.0
2026-01-22T08:00,0.0,0.0,0.0,0.0,1.2,1.95,4.6,206,93,14540.0,1,0.182,0.0,675.0,1,0.0,3,0,0.0,-1,-1,-1,-1,0.0,0.0
2026-01-22T09:00,0.0,0.0,0.0,0.0,-0.6,0.51,4.0,209,92,14540.0,1,0.182,0.0,90.0,1,0.0,3,0,0.0,-1,-1,-1,-1,0.0,0.0
2026-01-22T10:00,0.0,0.0,0.0,0.0,-1.5,0.16,0.7,252,5,14540.0,0,0.182,0.0,15.0,1,0.0,0,0,0.0,-1,-1,-1,-1,0.0,0.0
2026-01-22T11:00,0.0,0.0,0.0,0.0,-2.0,0.18,0.3,124,8,14540.0,0,0.182,0.0,15.0,1,0.0,0,0,0.0,-1,-1,-1,-1,0.0,0.0
2026-01-22T12:00,0.0,0.0,0.0,0.0,-3.0,0.21,0.5,76,11,14540.0,0,0.183,0.0,10.0,1,0.0,0,0,0.0,-1,-1,-1,-1,0.0,0.0
2026-01-22T13:00,0.0,0.0,0.0,0.0,-3.7,0.29,0.6,59,2,13920.0,0,0.183,0.0,15.0,1,0.0,0,0,0.0,-1,-1,-1,-1,0.0,0.0
2026-01-22T14:00,0.0,0.0,0.0,0.0,-4.2,0.38,0.7,67,0,13900.0,0,0.183,0.0,15.0,1,0.0,0,0,0.0,-1,-1,-1,-1,0.0,0.0
2026-01-22T15:00,0.0,0.0,0.0,0.0,-4.5,0.81,1.2,97,0,13900.0,0,0.183,0.0,20.0,1,0.0,0,0,0.0,-1,-1,-1,-1,0.0,0.0
2026-01-22T16:00,0.0,0.0,0.0,0.0,-4.9,1.51,2.4,146,0,13900.0,0,0.183,0.0,50.0,1,0.0,0,0,0.0,-1,-1,-1,-1,0.0,0.0
2026-01-22T17:00,0.0,0.0,0.0,0.0,-5.0,1.79,2.9,198,0,13900.0,0,0.183,0.0,105.0,1,0.0,0,0,0.0,-1,-1,-1,-1,0.0,0.0
2026-01-22T18:00,0.0,0.0,0.0,0.0,-5.3,1.72,3.0,210,0,13160.0,0,0.183,0.0,115.0,1,0.0,0,0,0.0,-1,-1,-1,-1,0.0,0.0
2026-01-22T19:00,0.0,0.0,0.0,0.0,-6.5,1.79,3.0,198,0,13160.0,0,0.183,0.0,90.0,1,0.0,0,0,0.0,-1,-1,-1,-1,0.0,0.0
2026-01-22T20:00,0.0,0.0,0.0,0.0,-7.0,1.66,3.0,196,0,13160.0,0,0.183,0.0,80.0,1,0.0,0,0,0.0,-1,-1,-1,-1,0.0,0.0
2026-01-22T21:00,0.0,0.0,0.0,0.0,-7.2,1.5,2.6,201,0,13140.0,0,0.183,0.0,75.0,1,0.0,0,0,0.0,-1,-1,-1,-1,0.0,0.0
2026-01-22T22:00,0.0,0.0,0.0,0.0,-7.3,1.01,2.2,213,0,13140.0,0,0.183,0.0,65.0,1,0.0,0,0,0.0,-1,-1,-1,-1,0.0,0.0
2026-01-22T23:00,0.0,0.0,0.0,0.0,-7.5,0.81,1.4,202,0,13140.0,0,0.183,0.0,50.0,1,0.0,0,0,0.0,-1,-1,-1,-1,0.0,0.0
2026-01-23T00:00,0.0,0.0,0.0,0.0,-7.5,0.82,1.1,218,0,12220.0,1,0.183,0.0,45.0,1,0.0,0,0,0.0,-1,-1,-1,-1,0.0,0.0
2026-01-23T01:00,0.0,0.0,0.0,0.0,-5.7,0.61,2.3,235,0,13140.0,1,0.183,0.0,75.0,1,0.0,0,0,0.0,-1,-1,-1,-1,0.0,0.0
2026-01-23T02:00,0.0,0.0,0.0,0.0,-3.0,0.25,2.8,233,0,13880.0,1,0.183,0.0,145.0,1,0.0,0,0,0.0,-1,-1,-1,-1,0.0,0.0
2026-01-23T03:00,0.0,0.0,0.0,0.0,-0.4,0.32,3.2,51,0,14500.0,1,0.183,0.0,270.0,1,0.0,0,0,0.0,-1,-1,-1,-1,0.0,0.0
2026-01-23T04:00,0.0,0.0,0.0,0.0,1.7,1.17,4.3,47,0,14500.0,1,0.183,0.0,500.0,1,0.0,0,0,0.0,-1,-1,-1,-1,0.0,0.0
2026-01-23T05:00,0.0,0.0,0.0,0.0,3.0,1.82,5.4,58,0,15820.0,1,0.184,0.0,650.0,1,0.0,0,0,0.0,-1,-1,-1,-1,0.0,0.0
2026-01-23T06:00,0.0,0.0,0.0,0.0,3.7,1.7,5.4,88,0,15820.0,1,0.184,0.0,690.0,1,0.0,0,0,0.0,-1,-1,-1,-1,0.0,0.0
2026-01-23T07:00,0.0,0.0,0.0,0.0,3.9,1.73,4.9,112,0,15800.0,1,0.184,0.0,685.0,1,0.0,0,0,0.0,-1,-1,-1,-1,0.0,0.0
2026-01-23T08:00,0.0,0.0,0.0,0.0,3.3,2.03,4.6,128,0,15800.0,1,0.184,0.0,610.0,1,0.0,0,0,0.0,-1,-1,-1,-1,0.0,0.0
2026-01-23T09:00,0.0,0.0,0.0,0.0,0.0,1.73,3.7,136,0,14500.0,1,0.184,0.0,105.0,1,0.0,0,0,0.0,-1,-1,-1,-1,0.0,0.0
2026-01-23T10:00,0.0,0.0,0.0,0.0,-1.9,1.92,3.0,141,0,14500.0,0,0.184,0.0,65.0,1,0.0,0,0,0.0,-1,-1,-1,-1,0.0,0.0
2026-01-23T11:00,0.0,0.0,0.0,0.0,-2.4,1.59,2.9,156,0,14500.0,0,0.184,0.0,50.0,1,0.0,0,0,0.0,-1,-1,-1,-1,0.0,0.0
2026-01-23T12:00,0.0,0.0,0.0,0.0,-2.8,1.82,2.4,159,0,13880.0,0,0.184,0.0,60.0,1,0.0,0,0,0.0,-1,-1,-1,-1,0.0,0.0
2026-01-23T13:00,0.0,0.0,0.0,0.0,-3.1,1.01,2.6,153,0,13860.0,0,0.184,0.0,50.0,1,0.0,0,0,0.0,-1,-1,-1,-1,0.0,0.0
2026-01-23T14:00,0.0,0.0,0.0,0.0,-3.4,1.1,1.4,141,0,13860.0,0,0.184,0.0,45.0,1,0.0,0,0,0.0,-1,-1,-1,-1,0.0,0.0
2026-01-23T15:00,0.0,0.0,0.0,0.0,-3.8,1.5,2.1,154,0,13860.0,0,0.184,0.0,50.0,1,0.0,0,0,0.0,-1,-1,-1,-1,0.0,0.0
2026-01-23T16:00,0.0,0.0,0.0,0.0,-4.0,1.46,2.3,158,0,13860.0,0,0.184,0.0,55.0,1,0.0,0,0,0.0,-1,-1,-1,-1,0.0,0.0
2026-01-23T17:00,0.0,0.0,0.0,0.0,-4.2,1.5,2.3,150,0,13120.0,0,0.184,0.0,55.0,1,0.0,0,0,0.0,-1,-1,-1,-1,0.0,0.0
2026-01-23T18:00,0.0,0.0,0.0,0.0,-4.2,1.5,2.5,150,0,13100.0,0,0.184,0.0,55.0,1,0.0,0,0,0.0,-1,-1,-1,-1,0.0,0.0
2026-01-23T19:00,0.0,0.0,0.0,0.0,-5.2,1.17,2.1,140,0,13100.0,0,0.184,0.0,45.0,1,0.0,0,0,0.0,-1,-1,-1,-1,0.0,0.0
2026-01-23T20:00,0.0,0.0,0.0,0.0,-5.8,1.77,2.7,158,0,12180.0,0,0.184,0.0,60.0,1,0.0,0,0,0.0,-1,-1,-1,-1,0.0,0.0
2026-01-23T21:00,0.0,0.0,0.0,0.0,-6.0,1.78,2.8,169,0,12180.0,0,0.184,0.0,65.0,1,0.0,0,0,0.0,-1,-1,-1,-1,0.0,0.0
2026-01-23T22:00,0.0,0.0,0.0,0.0,-6.1,1.19,2.8,165,0,12180.0,0,0.184,0.0,60.0,1,0.0,0,0,0.0,-1,-1,-1,-1,0.0,0.0
2026-01-23T23:00,0.0,0.0,0.0,0.0,-6.4,1.1,1.6,150,0,12180.0,0,0.184,0.0,50.0,1,0.0,0,0,0.0,-1,-1,-1,-1,0.0,0.0
2026-01-24T00:00,0.0,0.0,0.0,0.0,-6.3,0.98,1.6,156,0,10740.0,1,0.184,0.0,40.0,1,0.0,0,0,0.0,-1,-1,-1,-1,0.0,0.0
2026-01-24T01:00,0.0,0.0,0.0,0.0,-4.1,1.62,3.3,146,0,12180.0,1,0.184,0.0,85.0,1,0.0,0,0,0.0,-1,-1,-1,-1,0.0,0.0
2026-01-24T02:00,0.0,0.0,0.0,0.0,-1.3,0.9,3.5,146,0,13100.0,1,0.184,0.0,140.0,1,0.0,0,0,0.0,-1,-1,-1,-1,0.0,0.0
2026-01-24T03:00,0.0,0.0,0.0,0.0,1.5,1.29,4.3,167,0,13840.0,1,0.184,0.0,255.0,1,0.0,0,0,0.0,-1,-1,-1,-1,0.0,0.0
2026-01-24T04:00,0.0,0.0,0.0,0.0,3.4,1.75,5.1,180,0,14460.0,1,0.184,0.0,490.0,1,0.0,0,0,0.0,-1,-1,-1,-1,0.0,0.0
2026-01-24T05:00,0.0,0.0,0.0,0.0,4.4,0.97,5.2,192,0,14460.0,1,0.184,0.0,660.0,1,0.0,0,0,0.0,-1,-1,-1,-1,0.0,0.0
2026-01-24T06:00,0.0,0.0,0.0,0.0,4.6,1.21,4.1,187,0,14460.0,1,0.185,0.0,700.0,1,0.0,0,0,0.0,-1,-1,-1,-1,0.0,0.0
2026-01-24T07:00,0.0,0.0,0.0,0.0,4.9,0.69,4.1,150,0,14460.0,1,0.185,0.0,710.0,1,0.0,0,0,0.0,-1,-1,-1,-1,0.0,0.0
2026-01-24T08:00,0.0,0.0,0.0,0.0,4.5,1.0,3.0,108,0,14460.0,1,0.185,0.0,545.0,1,0.0,0,0,0.0,-1,-1,-1,-1,0.0,0.0
2026-01-24T09:00,0.0,0.0,0.0,0.0,1.6,0.91,1.8,96,0,14460.0,1,0.185,0.0,50.0,1,0.0,0,0,0.0,-1,-1,-1,-1,0.0,0.0
2026-01-24T10:00,0.0,0.0,0.0,0.0,-0.3,1.07,1.4,62,0,13840.0,0,0.185,0.0,30.0,1,0.0,0,0,0.0,-1,-1,-1,-1,0.0,0.0
2026-01-24T11:00,0.0,0.0,0.0,0.0,-1.8,2.02,3.2,44,0,13840.0,0,0.185,0.0,45.0,1,0.0,0,0,0.0,-1,-1,-1,-1,0.0,0.0
2026-01-24T12:00,0.0,0.0,0.0,0.0,-1.1,3.38,5.5,52,1,13820.0,0,0.185,0.0,155.0,1,0.0,0,0,0.0,-1,-1,-1,-1,0.0,0.0
2026-01-24T13:00,0.0,0.0,0.0,0.0,-1.1,2.88,5.9,56,75,13820.0,0,0.185,0.0,160.0,1,0.0,2,0,0.0,-1,-1,-1,-1,0.0,0.0
2026-01-24T14:00,0.0,0.0,0.0,0.0,-1.4,3.07,5.3,53,100,13820.0,0,0.185,0.0,155.0,1,0.0,3,0,0.0,-1,-1,-1,-1,0.0,0.0
2026-01-24T15:00,0.0,0.0,0.0,0.0,-2.0,2.06,5.5,49,100,13820.0,0,0.185,0.0,135.0,1,0.0,3,0,0.0,-1,-1,-1,-1,0.0,0.0
2026-01-24T16:00,0.0,0.0,0.0,0.0,-2.2,2.72,5.0,46,100,13820.0,0,0.185,0.0,175.0,1,0.0,3,0,0.0,-1,-1,-1,-1,0.0,0.0
2026-01-24T17:00,0.0,0.0,0.0,0.0,-2.5,2.89,5.2,53,100,13820.0,0,0.185,0.0,215.0,1,0.0,3,0,0.0,-1,-1,-1,-1,0.0,0.0
2026-01-24T18:00,0.0,0.0,0.0,0.0,-2.8,2.87,5.2,50,100,13820.0,0,0.185,0.0,220.0,1,0.0,3,0,0.0,-1,-1,-1,-1,0.0,0.0
2026-01-24T19:00,0.0,0.0,0.0,0.0,-2.7,2.81,5.3,51,100,13820.0,0,0.185,0.0,245.0,1,0.0,3,0,0.0,-1,-1,-1,-1,0.0,0.0
2026-01-24T20:00,0.0,0.0,0.0,0.0,-2.9,2.55,5.1,47,100,13060.0,0,0.185,0.0,225.0,1,0.0,3,0,0.0,-1,-1,-1,-1,0.0,0.0
2026-01-24T21:00,0.0,0.0,0.0,0.0,-3.0,2.74,4.9,38,99,13060.0,0,0.185,0.0,220.0,1,0.0,3,0,0.0,-1,-1,-1,-1,0.0,0.0
2026-01-24T22:00,0.0,0.0,0.0,0.0,-3.3,2.93,5.3,30,100,12140.0,0,0.185,0.0,215.0,1,0.0,3,0,0.0,-1,-1,-1,-1,0.0,0.0
2026-01-24T23:00,0.0,0.0,0.0,0.0,-3.3,3.2,5.8,29,96,12140.0,0,0.185,0.0,240.0,1,0.0,3,0,0.0,-1,-1,-1,-1,0.0,0.0
2026-01-25T00:00,0.0,0.0,0.0,0.0,-3.5,3.55,6.3,35,34,10700.0,1,0.185,0.0,230.0,1,0.0,1,0,0.0,-1,-1,-1,-1,0.0,0.0
2026-01-25T01:00,0.0,0.0,0.0,0.0,-2.1,3.23,6.4,35,57,12140.0,1,0.185,0.0,335.0,1,0.0,2,0,0.0,-1,-1,-1,-1,0.0,0.0
2026-01-25T02:00,0.0,0.0,0.0,0.0,-0.1,3.61,7.5,46,100,12140.0,1,0.185,0.0,525.0,1,0.0,3,0,0.0,-1,-1,-1,-1,0.0,0.0
2026-01-25T03:00,0.0,0.0,0.0,0.0,0.6,3.32,7.6,45,100,13060.0,1,0.185,0.0,610.0,1,0.0,3,0,0.0,-1,-1,-1,-1,0.0,0.0
2026-01-25T04:00,0.0,0.0,0.0,0.0,1.2,3.41,7.4,58,100,13060.0,1,0.185,0.0,720.0,1,0.0,3,0,0.0,-1,-1,-1,-1,0.0,0.0
2026-01-25T05:00,0.0,0.0,0.0,0.0,2.0,2.95,7.1,62,100,13760.0,1,0.185,0.0,840.0,1,0.0,3,0,0.0,-1,-1,-1,-1,0.0,0.0
2026-01-25T06:00,0.0,0.0,0.0,0.0,1.4,2.57,6.2,61,100,12720.0,1,0.185,0.0,840.0,1,0.0,3,0,0.0,-1,-1,-1,-1,0.0,0.0
2026-01-25T07:00,0.0,0.0,0.0,0.0,1.7,1.88,5.2,68,100,10780.0,1,0.185,0.0,905.0,1,0.0,3,0,0.0,-1,-1,-1,-1,0.0,0.0
2026-01-25T08:00,0.0,0.0,0.0,0.0,1.1,1.51,4.1,56,100,11180.0,1,0.185,0.0,520.0,1,0.0,3,0,0.0,-1,-1,-1,-1,0.0,0.0
2026-01-25T09:00,0.0,0.0,0.0,0.0,0.7,1.38,2.8,71,100,12780.0,1,0.185,0.0,395.0,1,0.0,3,0,0.0,-1,-1,-1,-1,0.0,0.0
2026-01-25T10:00,0.0,0.0,0.0,0.0,-1.2,1.48,2.4,57,100,13780.0,0,0.185,0.0,125.0,1,0.0,3,0,0.0,-1,-1,-1,-1,0.0,0.0
2026-01-25T11:00,0.0,0.0,0.0,0.0,-1.2,2.8,4.7,71,100,13780.0,0,0.185,0.0,260.0,1,0.0,3,0,0.0,-1,-1,-1,-1,0.0,0.0
2026-01-25T12:00,0.0,0.0,0.0,0.0,-1.9,2.85,5.9,92,95,13040.0,0,0.186,0.0,280.0,1,0.0,3,0,0.0,-1,-1,-1,-1,0.0,0.0
2026-01-25T13:00,0.0,0.0,0.0,0.0,-3.0,1.87,4.9,99,99,13040.0,0,0.186,0.0,200.0,1,0.0,3,0,0.0,-1,-1,-1,-1,0.0,0.0
2026-01-25T14:00,0.0,0.0,0.0,0.0,-3.7,1.26,3.4,72,100,13040.0,0,0.186,0.0,90.0,1,0.0,3,0,0.0,-1,-1,-1,-1,0.0,0.0
2026-01-25T15:00,0.0,0.0,0.0,0.0,-3.6,1.14,2.0,67,100,13020.0,0,0.186,0.0,85.0,1,0.0,3,0,0.0,-1,-1,-1,-1,0.0,0.0
2026-01-25T16:00,0.0,0.0,0.0,0.0,-2.8,1.15,2.5,72,100,12440.0,0,0.186,0.0,100.0,1,0.0,3,0,0.0,-1,-1,-1,-1,0.0,0.0
2026-01-25T17:00,0.0,0.0,0.0,0.0,-2.6,1.42,2.9,42,100,12400.0,0,0.186,0.0,120.0,1,0.0,3,0,0.0,-1,-1,-1,-1,0.0,0.0
2026-01-25T18:00,0.0,0.0,0.0,0.0,-2.8,0.7,2.7,86,100,12900.0,0,0.186,0.0,125.0,1,0.0,3,0,0.0,-1,-1,-1,-1,0.0,0.0
2026-01-25T19:00,0.0,0.0,0.0,0.0,-3.6,1.03,1.8,129,100,13020.0,0,0.186,0.0,120.0,1,0.0,3,0,0.0,-1,-1,-1,-1,0.0,0.0
2026-01-25T20:00,0.0,0.0,0.0,0.0,-3.9,0.74,1.9,138,98,13020.0,0,0.187,0.0,80.0,1,0.0,3,0,0.0,-1,-1,-1,-1,0.0,0.0
2026-01-25T21:00,0.0,0.0,0.0,0.0,-4.0,0.65,1.0,122,42,13020.0,0,0.187,0.0,50.0,1,0.0,1,0,0.0,-1,-1,-1,-1,0.0,0.0
2026-01-25T22:00,0.0,0.0,0.0,0.0,-4.7,0.2,1.0,270,63,12100.0,0,0.187,0.0,15.0,1,0.0,2,0,0.0,-1,-1,-1,-1,0.0,0.0
2026-01-25T23:00,0.0,0.0,0.0,0.0,-5.1,0.07,0.4,45,66,12100.0,0,0.187,0.0,10.0,1,0.0,2,0,0.0,-1,-1,-1,-1,0.0,0.0
2026-01-26T00:00,0.0,0.0,0.0,0.0,-4.3,0.41,0.8,256,33,10680.0,1,0.187,0.0,15.0,1,0.0,1,0,0.0,-1,-1,-1,-1,0.0,0.0
2026-01-26T01:00,0.0,0.0,0.0,0.0,-2.6,0.92,2.7,319,49,12100.0,1,0.187,0.0,105.0,1,0.0,1,0,0.0,-1,-1,-1,-1,0.0,0.0
2026-01-26T02:00,0.0,0.0,0.0,0.0,-0.7,1.4,4.2,325,93,13020.0,1,0.187,0.0,250.0,1,0.0,3,0,0.0,-1,-1,-1,-1,0.0,0.0
2026-01-26T03:00,0.0,0.0,0.0,0.0,0.9,0.97,4.2,325,100,13760.0,1,0.187,0.0,415.0,1,0.0,3,0,0.0,-1,-1,-1,-1,0.0,0.0
2026-01-26T04:00,0.0,0.0,0.0,0.0,2.3,1.28,4.5,339,84,13760.0,1,0.187,0.0,590.0,1,0.0,3,0,0.0,-1,-1,-1,-1,0.0,0.0
2026-01-26T05:00,0.0,0.0,0.0,0.0,3.4,1.25,4.7,355,34,14380.0,1,0.187,0.0,665.0,1,0.0,1,0,0.0,-1,-1,-1,-1,0.0,0.0
2026-01-26T06:00,0.0,0.0,0.0,0.0,3.8,0.74,4.6,20,21,14380.0,1,0.187,0.0,655.0,1,0.0,1,0,0.0,-1,-1,-1,-1,0.0,0.0
2026-01-26T07:00,0.0,0.0,0.0,0.0,4.3,0.61,3.6,81,0,14380.0,1,0.187,0.0,655.0,1,0.0,0,0,0.0,-1,-1,-1,-1,0.0,0.0
2026-01-26T08:00,0.0,0.0,0.0,0.0,4.0,1.39,3.0,150,0,14380.0,1,0.187,0.0,560.0,1,0.0,0,0,0.0,-1,-1,-1,-1,0.0,0.0
2026-01-26T09:00,0.0,0.0,0.0,0.0,1.3,2.1,3.6,162,0,13740.0,1,0.187,0.0,110.0,1,0.0,0,0,0.0,-1,-1,-1,-1,0.0,0.0
2026-01-26T10:00,0.0,0.0,0.0,0.0,-1.6,1.87,3.8,172,0,13740.0,0,0.187,0.0,60.0,1,0.0,0,0,0.0,-1,-1,-1,-1,0.0,0.0
2026-01-26T11:00,0.0,0.0,0.0,0.0,-2.0,1.85,2.8,182,0,13740.0,0,0.187,0.0,60.0,1,0.0,0,0,0.0,-1,-1,-1,-1,0.0,0.0
2026-01-26T12:00,0.0,0.0,0.0,0.0,-2.0,1.86,3.0,185,0,13740.0,0,0.187,0.0,55.0,1,0.0,0,0,0.0,-1,-1,-1,-1,0.0,0.0
2026-01-26T13:00,0.0,0.0,0.0,0.0,-2.3,1.34,2.4,207,0,13000.0,0,0.187,0.0,45.0,1,0.0,0,0,0.0,-1,-1,-1,-1,0.0,0.0
2026-01-26T14:00,0.0,0.0,0.0,0.0,-2.8,1.38,1.9,221,0,13000.0,0,0.188,0.0,40.0,1,0.0,0,0,0.0,-1,-1,-1,-1,0.0,0.0
2026-01-26T15:00,0.0,0.0,0.0,0.0,-3.1,1.23,2.0,201,0,12080.0,0,0.188,0.0,40.0,1,0.0,0,0,0.0,-1,-1,-1,-1,0.0,0.0
2026-01-26T16:00,0.0,0.0,0.0,0.0,-3.2,1.29,1.9,193,0,12080.0,0,0.188,0.0,40.0,1,0.0,0,0,0.0,-1,-1,-1,-1,0.0,0.0
2026-01-26T17:00,0.0,0.0,0.0,0.0,-3.2,1.1,1.8,185,0,12060.0,0,0.188,0.0,35.0,1,0.0,0,0,0.0,-1,-1,-1,-1,0.0,0.0
2026-01-26T18:00,0.0,0.0,0.0,0.0,-3.2,0.93,1.5,216,3,12060.0,0,0.188,0.0,25.0,1,0.0,0,0,0.0,-1,-1,-1,-1,0.0,0.0
2026-01-26T19:00,0.0,0.0,0.0,0.0,-4.1,0.78,1.2,220,2,12060.0,0,0.188,0.0,25.0,1,0.0,0,0,0.0,-1,-1,-1,-1,0.0,0.0
2026-01-26T20:00,0.0,0.0,0.0,0.0,-4.6,0.75,1.1,233,0,12060.0,0,0.188,0.0,20.0,1,0.0,0,0,0.0,-1,-1,-1,-1,0.0,0.0
2026-01-26T21:00,0.0,0.0,0.0,0.0,-4.8,0.46,1.1,193,0,12060.0,0,0.188,0.0,15.0,1,0.0,0,0,0.0,-1,-1,-1,-1,0.0,0.0
2026-01-26T22:00,0.0,0.0,0.0,0.0,-5.2,0.43,0.7,144,2,10640.0,0,0.188,0.0,15.0,1,0.0,0,0,0.0,-1,-1,-1,-1,0.0,0.0
2026-01-26T23:00,0.0,0.0,0.0,0.0,-5.8,1.06,1.4,131,74,10640.0,0,0.188,0.0,20.0,1,0.0,2,0,0.0,-1,-1,-1,-1,0.0,0.0
2026-01-27T00:00,0.0,0.0,0.0,0.0,-5.2,0.92,2.4,77,32,9700.0,1,0.188,0.0,25.0,1,0.0,1,0,0.0,-1,-1,-1,-1,0.0,0.0
2026-01-27T01:00,0.0,0.0,0.0,0.0,-2.9,1.8,3.6,93,35,10620.0,1,0.188,0.0,55.0,1,0.0,1,0,0.0,-1,-1,-1,-1,0.0,0.0
2026-01-27T02:00,0.0,0.0,0.0,0.0,0.3,1.3,3.9,118,100,12980.0,1,0.188,0.0,115.0,1,0.0,3,0,0.0,-1,-1,-1,-1,0.0,0.0
2026-01-27T03:00,0.0,0.0,0.0,0.0,2.9,1.67,4.7,139,91,13720.0,1,0.188,0.0,260.0,1,0.0,3,0,0.0,-1,-1,-1,-1,0.0,0.0
2026-01-27T04:00,0.0,0.0,0.0,0.0,4.9,2.08,5.6,156,46,14340.0,1,0.188,0.0,665.0,1,0.0,1,0,0.0,-1,-1,-1,-1,0.0,0.0
2026-01-27T05:00,0.0,0.0,0.0,0.0,5.9,2.51,6.2,163,98,15660.0,1,0.188,0.0,905.0,1,0.0,3,0,0.0,-1,-1,-1,-1,0.0,0.0
2026-01-27T06:00,0.0,0.0,0.0,0.0,6.3,2.89,6.3,171,100,15640.0,1,0.188,0.0,1080.0,1,0.0,3,0,0.0,-1,-1,-1,-1,0.0,0.0
2026-01-27T07:00,0.0,0.0,0.0,0.0,6.5,2.72,6.4,167,100,15820.0,1,0.188,0.0,1175.0,1,0.0,3,0,0.0,-1,-1,-1,-1,0.0,0.0
2026-01-27T08:00,0.0,0.0,0.0,0.0,5.9,2.15,5.8,149,100,15820.0,1,0.188,0.0,830.0,1,0.0,3,0,0.0,-1,-1,-1,-1,0.0,0.0
2026-01-27T09:00,0.0,0.0,0.0,0.0,3.3,1.82,3.8,122,9,15640.0,1,0.188,0.0,105.0,1,0.0,0,0,0.0,-1,-1,-1,-1,0.0,0.0
2026-01-27T10:00,0.0,0.0,0.0,0.0,-0.3,2.13,3.3,120,91,14320.0,0,0.188,0.0,60.0,1,0.0,3,0,0.0,-1,-1,-1,-1,0.0,0.0
2026-01-27T11:00,0.0,0.0,0.0,0.0,-0.4,2.24,3.8,129,99,14320.0,0,0.188,0.0,70.0,1,0.0,3,0,0.0,-1,-1,-1,-1,0.0,0.0
2026-01-27T12:00,0.0,0.0,0.0,0.0,0.0,2.34,4.0,132,100,14320.0,0,0.188,0.0,80.0,1,0.0,3,0,0.0,-1,-1,-1,-1,0.0,0.0
2026-01-27T13:00,0.0,0.0,0.0,0.0,-0.1,2.38,4.2,139,80,13700.0,0,0.188,0.0,85.0,1,0.0,3,0,0.0,-1,-1,-1,-1,0.0,0.0
2026-01-27T14:00,0.0,0.0,0.0,0.0,-0.6,2.22,4.1,149,41,13700.0,0,0.188,0.0,90.0,1,0.0,1,0,0.0,-1,-1,-1,-1,0.0,0.0
2026-01-27T15:00,0.0,0.0,0.0,0.0,-0.9,2.42,4.1,153,9,13700.0,0,0.188,0.0,100.0,1,0.0,0,0,0.0,-1,-1,-1,-1,0.0,0.0
2026-01-27T16:00,0.0,0.0,0.0,0.0,-1.1,2.71,4.6,155,20,13700.0,0,0.188,0.0,120.0,1,0.0,1,0,0.0,-1,-1,-1,-1,0.0,0.0
2026-01-27T17:00,0.0,0.0,0.0,0.0,-1.7,1.96,4.6,165,2,13700.0,0,0.188,0.0,105.0,1,0.0,0,0,0.0,-1,-1,-1,-1,0.0,0.0
2026-01-27T18:00,0.0,0.0,0.0,0.0,-2.4,1.48,3.3,204,0,12940.0,0,0.188,0.0,80.0,1,0.0,0,0,0.0,-1,-1,-1,-1,0.0,0.0
2026-01-27T19:00,0.0,0.0,0.0,0.0,-2.8,1.3,1.8,178,0,12940.0,0,0.188,0.0,60.0,1,0.0,0,0,0.0,-1,-1,-1,-1,0.0,0.0
2026-01-27T20:00,0.0,0.0,0.0,0.0,-3.1,1.57,2.5,158,0,12020.0,0,0.188,0.0,60.0,1,0.0,0,0,0.0,-1,-1,-1,-1,0.0,0.0
2026-01-27T21:00,0.0,0.0,0.0,0.0,-3.0,1.73,3.0,158,0,12020.0,0,0.188,0.0,80.0,1,0.0,0,0,0.0,-1,-1,-1,-1,0.0,0.0
2026-01-27T22:00,0.0,0.0,0.0,0.0,-3.1,1.68,3.0,163,6,10600.0,0,0.188,0.0,95.0,1,0.0,0,0,0.0,-1,-1,-1,-1,0.0,0.0
2026-01-27T23:00,0.0,0.0,0.0,0.0,-3.4,1.06,2.8,172,21,10600.0,0,0.188,0.0,70.0,1,0.0,1,0,0.0,-1,-1,-1,-1,0.0,0.0
2026-01-28T00:00,0.0,0.0,0.0,0.0,-2.8,0.4,1.5,180,100,8340.0,1,0.188,0.0,40.0,1,0.0,3,0,0.0,-1,-1,-1,-1,0.0,0.0
2026-01-28T01:00,0.0,0.0,0.0,0.0,-1.3,0.11,1.8,117,100,10500.0,1,0.188,0.0,120.0,1,0.0,3,0,0.0,-1,-1,-1,-1,0.0,0.0
2026-01-28T02:00,0.0,0.0,0.0,0.0,0.3,0.29,2.4,121,100,10440.0,1,0.189,0.0,285.0,1,0.0,3,0,0.0,-1,-1,-1,-1,0.0,0.0
2026-01-28T03:00,0.0,0.0,0.0,0.0,1.4,0.57,3.1,75,100,11800.0,1,0.189,0.0,445.0,1,0.0,3,0,0.0,-1,-1,-1,-1,0.0,0.0
2026-01-28T04:00,0.0,0.0,0.0,0.0,2.0,0.79,3.4,35,100,12000.0,1,0.188,0.0,530.0,1,0.0,3,0,0.0,-1,-1,-1,-1,0.0,0.0
2026-01-28T05:00,0.0,0.0,0.0,0.0,2.5,1.3,4.1,23,100,12000.0,1,0.188,0.0,625.0,1,0.0,3,0,0.0,-1,-1,-1,-1,0.0,0.0
2026-01-28T06:00,0.0,0.0,0.0,0.0,2.8,2.04,4.9,36,100,12000.0,1,0.188,0.0,700.0,1,0.0,3,0,0.0,-1,-1,-1,-1,0.0,0.0
2026-01-28T07:00,0.0,0.0,0.0,0.0,2.9,2.44,5.7,46,100,12920.0,1,0.188,0.0,765.0,1,0.0,3,0,0.0,-1,-1,-1,-1,0.0,0.0
2026-01-28T08:00,0.0,0.0,0.0,0.0,2.4,2.25,5.7,58,100,12000.0,1,0.188,0.0,690.0,1,0.0,3,0,0.0,-1,-1,-1,-1,0.0,0.0
2026-01-28T09:00,0.0,0.0,0.0,0.0,1.8,1.93,4.9,73,100,12000.0,1,0.188,0.0,550.0,1,0.0,3,0,0.0,-1,-1,-1,-1,0.0,0.0
2026-01-28T10:00,0.0,0.0,0.0,0.0,0.9,1.46,3.6,52,100,12000.0,0,0.188,10.0,145.0,1,0.0,3,0,0.0,-1,-1,-1,-1,0.0,0.0
2026-01-28T11:00,0.0,0.0,0.0,0.0,0.4,1.84,3.1,29,100,10300.0,0,0.188,10.0,150.0,1,0.0,3,0,0.0,-1,-1,-1,-1,0.0,0.0
2026-01-28T12:00,0.0,0.0,0.0,0.0,0.2,2.39,4.6,37,100,10560.0,0,0.189,10.0,210.0,1,0.0,3,0,0.0,-1,-1,-1,-1,0.0,0.0
2026-01-28T13:00,0.0,0.0,0.0,0.0,0.3,2.6,4.6,30,100,11960.0,0,0.189,10.0,235.0,1,0.0,3,0,0.0,-1,-1,-1,-1,0.0,0.0
2026-01-28T14:00,0.0,0.0,0.0,0.0,0.1,2.58,4.7,36,100,11940.0,0,0.189,0.0,250.0,1,0.0,3,0,0.0,-1,-1,-1,-1,0.0,0.0
2026-01-28T15:00,0.0,0.0,0.0,0.0,-0.1,2.62,4.9,31,100,10440.0,0,0.189,0.0,290.0,1,0.0,3,0,0.0,-1,-1,-1,-1,0.0,0.0
2026-01-28T16:00,0.0,0.0,0.0,0.0,-0.4,2.59,4.9,28,100,8580.0,0,0.189,10.0,300.0,1,0.0,3,0,0.0,-1,-1,-1,-1,0.0,0.0
2026-01-28T17:00,0.0,0.0,0.0,0.0,-0.5,2.74,5.0,21,100,7840.0,0,0.189,10.0,320.0,1,0.0,3,0,0.0,-1,-1,-1,-1,0.0,0.0
2026-01-28T18:00,0.0,0.0,0.0,0.0,-0.9,3.07,5.3,19,100,6840.0,0,0.189,10.0,335.0,1,0.0,3,0,0.0,-1,-1,-1,-1,0.0,0.0
2026-01-28T19:00,0.0,0.0,0.0,0.0,-1.0,2.87,5.8,23,100,4200.0,0,0.189,0.0,380.0,1,0.0,3,0,0.0,-1,-1,-1,-1,0.0,0.0
2026-01-28T20:00,0.0,0.0,0.0,0.0,-1.2,2.82,5.5,17,100,2480.0,0,0.19,0.0,385.0,1,0.0,3,0,0.0,-1,-1,-1,-1,0.0,0.0
2026-01-28T21:00,0.0,0.0,0.0,0.0,-1.2,3.11,5.9,24,100,1660.0,0,0.19,0.0,390.0,1,0.0,3,0,0.0,-1,-1,-1,-1,0.0,0.0
2026-01-28T22:00,0.0,0.0,0.0,0.0,-1.1,3.09,6.1,27,100,2000.0,0,0.19,0.0,415.0,1,0.0,3,0,0.0,-1,-1,-1,-1,0.0,0.0
2026-01-28T23:00,0.0,0.0,0.0,0.0,-1.2,3.33,6.3,26,100,1340.0,0,0.19,0.0,445.0,1,0.0,3,0,0.0,-1,-1,-1,-1,0.0,0.0
2026-01-29T00:00,0.0,0.0,0.0,0.0,-1.1,3.72,6.6,29,100,5280.0,1,0.19,0.0,475.0,1,0.0,3,0,0.0,-1,-1,-1,-1,0.0,0.0
2026-01-29T01:00,0.0,0.0,0.0,0.0,-0.9,3.54,7.0,33,100,4740.0,1,0.19,0.0,480.0,1,0.0,3,0,0.0,-1,-1,-1,-1,0.0,0.0
2026-01-29T02:00,0.0,0.0,0.0,0.0,-0.5,3.82,7.5,42,100,2100.0,1,0.191,0.0,505.0,1,0.0,3,0,0.0,-1,-1,-1,-1,0.0,0.0
2026-01-29T03:00,0.0,0.0,0.0,0.0,0.1,4.21,8.6,48,100,1560.0,1,0.191,0.0,565.0,1,0.0,3,0,0.0,-1,-1,-1,-1,0.0,0.0
2026-01-29T04:00,0.0,0.0,0.0,0.0,0.7,4.14,8.4,48,100,2320.0,1,0.191,0.0,630.0,1,0.0,3,0,0.0,-1,-1,-1,-1,0.0,0.0
2026-01-29T05:00,0.0,0.0,0.0,0.0,1.0,4.04,8.4,48,100,4560.0,1,0.19,0.0,705.0,1,0.0,3,0,0.0,-1,-1,-1,-1,0.0,0.0
2026-01-29T06:00,0.0,0.0,0.0,0.0,0.9,3.75,8.1,47,100,11220.0,1,0.19,0.0,755.0,1,0.0,3,0,0.0,-1,-1,-1,-1,0.0,0.0
2026-01-29T07:00,0.0,0.0,0.0,0.0,0.8,3.39,7.1,45,100,11880.0,1,0.19,0.0,765.0,1,0.0,3,0,0.0,-1,-1,-1,-1,0.0,0.0
2026-01-29T08:00,0.0,0.0,0.0,0.0,1.1,3.48,7.0,50,100,12300.0,1,0.19,0.0,805.0,1,0.0,3,0,0.0,-1,-1,-1,-1,0.0,0.0
2026-01-29T09:00,0.0,0.0,0.0,0.0,0.9,2.64,6.7,53,100,12540.0,1,0.19,0.0,790.0,1,0.0,3,0,0.0,-1,-1,-1,-1,0.0,0.0
2026-01-29T10:00,0.0,0.0,0.0,0.0,0.5,2.2,4.8,51,100,12800.0,0,0.19,0.0,530.0,1,0.0,3,0,0.0,-1,-1,-1,-1,0.0,0.0
2026-01-29T11:00,0.0,0.0,0.0,0.0,0.3,1.98,3.9,45,100,12860.0,0,0.19,0.0,365.0,1,0.0,3,0,0.0,-1,-1,-1,-1,0.0,0.0
2026-01-29T12:00,0.0,0.0,0.0,0.0,-0.3,2.13,4.3,39,100,12880.0,0,0.19,0.0,400.0,1,0.0,3,0,0.0,-1,-1,-1,-1,0.0,0.0
2026-01-29T13:00,0.0,0.0,0.0,0.0,-0.6,1.87,3.8,46,100,12840.0,0,0.19,0.0,325.0,1,0.0,3,0,0.0,-1,-1,-1,-1,0.0,0.0
2026-01-29T14:00,0.0,0.0,0.0,0.0,-0.9,2.22,3.9,59,100,12040.0,0,0.189,0.0,345.0,1,0.0,3,0,0.0,-1,-1,-1,-1,0.0,0.0
2026-01-29T15:00,0.0,0.0,0.0,0.0,-1.4,2.18,4.1,70,100,11520.0,0,0.189,0.0,265.0,1,0.0,3,0,0.0,-1,-1,-1,-1,0.0,0.0
2026-01-29T16:00,0.0,0.0,0.0,0.0,-1.7,2.12,3.9,63,100,10740.0,0,0.189,0.0,220.0,1,0.0,3,0,0.0,-1,-1,-1,-1,0.0,0.0
2026-01-29T17:00,0.0,0.0,0.0,0.0,-1.9,1.91,4.0,70,100,9620.0,0,0.189,0.0,210.0,1,0.0,3,0,0.0,-1,-1,-1,-1,0.0,0.0
2026-01-29T18:00,0.0,0.0,0.0,0.0,-2.2,1.6,3.5,90,100,9040.0,0,0.189,0.0,205.0,1,0.0,3,0,0.0,-1,-1,-1,-1,0.0,0.0
2026-01-29T19:00,0.0,0.0,0.0,0.0,-2.4,1.55,3.0,92,100,8800.0,0,0.189,0.0,205.0,1,0.0,3,0,0.0,-1,-1,-1,-1,0.0,0.0
2026-01-29T20:00,0.0,0.0,0.0,0.0,-2.6,1.2,3.0,95,100,8320.0,0,0.189,0.0,195.0,1,0.0,3,0,0.0,-1,-1,-1,-1,0.0,0.0
2026-01-29T21:00,0.1,0.0,0.0,0.0,-2.7,1.5,3.2,111,100,8620.0,0,0.189,0.0,205.0,1,0.0,51,0,0.1,-1,-1,-1,-1,0.0,0.0
2026-01-29T22:00,0.0,0.0,0.0,0.0,-3.1,0.47,2.8,32,100,9060.0,0,0.19,0.0,95.0,1,0.0,3,0,0.0,-1,-1,-1,-1,0.0,0.0
2026-01-29T23:00,0.0,0.0,0.07,0.0,-2.8,1.71,3.3,111,100,8180.0,0,0.19,0.0,205.0,1,0.0,71,0,0.0,-1,-1,-1,-1,0.0,0.0
2026-01-30T00:00,0.0,0.0,0.0,0.0,-2.8,0.74,3.4,28,42,10800.0,1,0.19,0.0,110.0,1,0.0,1,0,0.0,-1,-1,-1,-1,0.0,0.0
2026-01-30T01:00,0.0,0.0,0.0,0.0,-2.1,0.72,2.7,34,100,11420.0,1,0.19,0.0,185.0,1,0.0,3,0,0.0,-1,-1,-1,-1,0.0,0.0
2026-01-30T02:00,0.0,0.0,0.0,0.0,-1.0,1.12,3.6,80,100,11600.0,1,0.19,0.0,280.0,1,0.0,3,0,0.0,-1,-1,-1,-1,0.0,0.0
2026-01-30T03:00,0.0,0.0,0.0,0.0,0.8,1.14,4.3,113,39,13500.0,1,0.189,0.0,550.0,1,0.0,1,0,0.0,-1,-1,-1,-1,0.0,0.0
2026-01-30T04:00,0.0,0.0,0.0,0.0,1.9,0.67,4.2,167,59,13600.0,1,0.189,0.0,765.0,1,0.0,2,0,0.0,-1,-1,-1,-1,0.0,0.0
2026-01-30T05:00,0.0,0.0,0.0,0.0,2.5,0.96,4.0,231,100,13040.0,1,0.189,0.0,845.0,1,0.0,3,0,0.0,-1,-1,-1,-1,0.0,0.0
2026-01-30T06:00,0.0,0.0,0.0,0.0,1.8,0.54,4.1,248,6,11340.0,1,0.189,0.0,815.0,1,0.0,0,0,0.0,-1,-1,-1,-1,0.0,0.0
2026-01-30T07:00,0.0,0.0,0.0,0.0,3.0,1.08,3.6,214,91,13580.0,1,0.188,0.0,995.0,1,0.0,3,0,0.0,-1,-1,-1,-1,0.0,0.0
2026-01-30T08:00,0.0,0.0,0.0,0.0,2.8,1.35,3.7,195,55,13580.0,1,0.188,0.0,985.0,1,0.0,2,0,0.0,-1,-1,-1,-1,0.0,0.0
2026-01-30T09:00,0.0,0.0,0.0,0.0,0.8,1.25,3.2,143,76,13580.0,1,0.188,0.0,100.0,1,0.0,2,0,0.0,-1,-1,-1,-1,0.0,0.0
2026-01-30T10:00,0.0,0.0,0.0,0.0,-1.0,2.25,3.7,148,2,12840.0,0,0.188,0.0,110.0,1,0.0,0,0,0.0,-1,-1,-1,-1,0.0,0.0
2026-01-30T11:00,0.0,0.0,0.0,0.0,-1.3,2.01,4.1,153,67,12840.0,0,0.188,0.0,100.0,1,0.0,2,0,0.0,-1,-1,-1,-1,0.0,0.0
2026-01-30T12:00,0.0,0.0,0.0,0.0,-2.0,1.0,3.4,174,95,11920.0,0,0.188,0.0,35.0,1,0.0,3,0,0.0,-1,-1,-1,-1,0.0,0.0
2026-01-30T13:00,0.0,0.0,0.0,0.0,-2.2,0.79,1.2,162,38,11920.0,0,0.188,0.0,30.0,1,0.0,1,0,0.0,-1,-1,-1,-1,0.0,0.0
2026-01-30T14:00,0.0,0.0,0.0,0.0,-2.5,1.01,1.4,160,52,11920.0,0,0.188,0.0,30.0,1,0.0,2,0,0.0,-1,-1,-1,-1,0.0,0.0
2026-01-30T15:00,0.0,0.0,0.0,0.0,-2.7,1.2,1.7,178,56,11900.0,0,0.188,0.0,35.0,1,0.0,2,0,0.0,-1,-1,-1,-1,0.0,0.0
2026-01-30T16:00,0.0,0.0,0.0,0.0,-2.9,1.59,2.5,193,66,10480.0,0,0.189,0.0,60.0,1,0.0,2,0,0.0,-1,-1,-1,-1,0.0,0.0
2026-01-30T17:00,0.0,0.0,0.0,0.0,-3.0,1.24,2.5,194,13,10480.0,0,0.189,0.0,55.0,1,0.0,0,0,0.0,-1,-1,-1,-1,0.0,0.0
2026-01-30T18:00,0.0,0.0,0.0,0.0,-3.3,1.17,1.9,227,0,9560.0,0,0.189,0.0,55.0,1,0.0,0,0,0.0,-1,-1,-1,-1,0.0,0.0
2026-01-30T19:00,0.0,0.0,0.0,0.0,-3.9,0.81,1.5,223,0,8300.0,0,0.189,0.0,40.0,1,0.0,0,0,0.0,-1,-1,-1,-1,0.0,0.0
2026-01-30T20:00,0.0,0.0,0.0,0.0,-4.0,0.35,1.1,225,0,8300.0,0,0.189,0.0,20.0,1,0.0,0,0,0.0,-1,-1,-1,-1,0.0,0.0
2026-01-30T21:00,0.0,0.0,0.0,0.0,-4.1,0.15,0.5,270,2,8300.0,0,0.189,0.0,10.0,1,0.0,0,0,0.0,-1,-1,-1,-1,0.0,0.0
2026-01-30T22:00,0.0,0.0,0.0,0.0,-4.3,0.36,0.6,344,14,8300.0,0,0.189,0.0,15.0,1,0.0,0,0,0.0,-1,-1,-1,-1,0.0,0.0
2026-01-30T23:00,0.0,0.0,0.0,0.0,-4.5,0.67,1.0,27,2,8300.0,0,0.189,0.0,25.0,1,0.0,0,0,0.0,-1,-1,-1,-1,0.0,0.0
2026-01-31T00:00,0.0,0.0,0.0,0.0,-4.3,1.07,2.0,28,95,460.0,1,0.189,0.0,40.0,1,0.0,3,0,0.0,-1,-1,-1,-1,0.0,0.0
2026-01-31T01:00,0.0,0.0,0.0,0.0,-3.0,1.21,3.1,24,66,8280.0,1,0.189,0.0,70.0,1,0.0,2,0,0.0,-1,-1,-1,-1,0.0,0.0
2026-01-31T02:00,0.0,0.0,0.0,0.0,-0.5,0.71,3.3,45,0,11900.0,1,0.189,0.0,145.0,1,0.0,0,0,0.0,-1,-1,-1,-1,0.0,0.0
2026-01-31T03:00,0.0,0.0,0.0,0.0,2.2,1.61,4.8,60,1,12800.0,1,0.189,0.0,385.0,1,0.0,0,0,0.0,-1,-1,-1,-1,0.0,0.0
2026-01-31T04:00,0.0,0.0,0.0,0.0,3.8,1.86,5.3,84,48,12800.0,1,0.189,0.0,800.0,1,0.0,1,0,0.0,-1,-1,-1,-1,0.0,0.0
2026-01-31T05:00,0.0,0.0,0.0,0.0,4.6,1.68,5.5,107,54,13560.0,1,0.189,0.0,970.0,1,0.0,2,0,0.0,-1,-1,-1,-1,0.0,0.0
2026-01-31T06:00,0.0,0.0,0.0,0.0,4.6,1.24,5.0,133,41,13560.0,1,0.189,0.0,1020.0,1,0.0,1,0,0.0,-1,-1,-1,-1,0.0,0.0
2026-01-31T07:00,0.0,0.0,0.0,0.0,4.7,1.34,4.2,153,1,13540.0,1,0.189,0.0,945.0,1,0.0,0,0,0.0,-1,-1,-1,-1,0.0,0.0
2026-01-31T08:00,0.0,0.0,0.0,0.0,4.3,1.79,4.1,153,1,13540.0,1,0.189,0.0,705.0,1,0.0,0,0,0.0,-1,-1,-1,-1,0.0,0.0
2026-01-31T09:00,0.0,0.0,0.0,0.0,1.3,1.65,3.6,166,0,12800.0,1,0.189,0.0,100.0,1,0.0,0,0,0.0,-1,-1,-1,-1,0.0,0.0
2026-01-31T10:00,0.0,0.0,0.0,0.0,-0.5,2.31,3.8,175,0,11880.0,0,0.189,0.0,105.0,1,0.0,0,0,0.0,-1,-1,-1,-1,0.0,0.0
2026-01-31T11:00,0.0,0.0,0.0,0.0,-0.7,2.85,4.9,202,0,11880.0,0,0.189,0.0,140.0,1,0.0,0,0,0.0,-1,-1,-1,-1,0.0,0.0
2026-01-31T12:00,0.0,0.0,0.0,0.0,-1.1,3.25,5.1,203,0,9520.0,0,0.19,0.0,205.0,1,0.0,0,0,0.0,-1,-1,-1,-1,0.0,0.0
2026-01-31T13:00,0.0,0.0,0.0,0.0,-1.4,2.69,5.6,204,0,9520.0,0,0.19,0.0,210.0,1,0.0,0,0,0.0,-1,-1,-1,-1,0.0,0.0
2026-01-31T14:00,0.0,0.0,0.0,0.0,-2.0,2.03,4.6,196,0,8280.0,0,0.19,0.0,170.0,1,0.0,0,0,0.0,-1,-1,-1,-1,0.0,0.0
2026-01-31T15:00,0.0,0.0,0.0,0.0,-2.6,1.71,3.5,187,0,8280.0,0,0.19,0.0,120.0,1,0.0,0,0,0.0,-1,-1,-1,-1,0.0,0.0
2026-01-31T16:00,0.0,0.0,0.0,0.0,-2.7,1.78,3.1,190,0,8260.0,0,0.19,0.0,110.0,1,0.0,0,0,0.0,-1,-1,-1,-1,0.0,0.0
2026-01-31T17:00,0.0,0.0,0.0,0.0,-2.8,1.74,3.1,207,0,8260.0,0,0.19,0.0,110.0,1,0.0,0,0,0.0,-1,-1,-1,-1,0.0,0.0
2026-01-31T18:00,0.0,0.0,0.0,0.0,-2.6,2.78,4.5,210,0,8260.0,0,0.19,0.0,145.0,1,0.0,0,0,0.0,-1,-1,-1,-1,0.0,0.0
2026-01-31T19:00,0.0,0.0,0.0,0.0,-2.8,2.33,4.8,215,0,8260.0,0,0.19,0.0,150.0,1,0.0,0,0,0.0,-1,-1,-1,-1,0.0,0.0
2026-01-31T20:00,0.0,0.0,0.0,0.0,-3.1,1.98,4.1,227,0,8260.0,0,0.19,0.0,150.0,1,0.0,0,0,0.0,-1,-1,-1,-1,0.0,0.0
2026-01-31T21:00,0.0,0.0,0.0,0.0,-3.0,2.16,4.0,230,0,8260.0,0,0.19,0.0,145.0,1,0.0,0,0,0.0,-1,-1,-1,-1,0.0,0.0
2026-01-31T22:00,0.0,0.0,0.0,0.0,-3.2,1.84,3.8,237,0,8260.0,0,0.19,0.0,125.0,1,0.0,0,0,0.0,-1,-1,-1,-1,0.0,0.0
2026-01-31T23:00,0.0,0.0,0.0,0.0,-3.7,1.6,3.3,238,0,8260.0,0,0.191,0.0,95.0,1,0.0,0,0,0.0,-1,-1,-1,-1,0.0,0.0
2026-02-01T00:00,0.0,0.0,0.0,0.0,-2.4,2.61,2.8,238,100,5680.0,1,0.19,0.0,115.0,1,0.0,3,0,0.0,-1,-1,-1,-1,0.0,0.0
2026-02-01T01:00,0.0,0.0,0.0,0.0,-1.8,1.56,4.4,263,93,860.0,1,0.19,0.0,85.0,1,0.0,3,0,0.0,-1,-1,-1,-1,0.0,0.0
2026-02-01T02:00,0.0,0.0,0.0,0.0,0.2,1.3,4.2,344,8,9500.0,1,0.191,0.0,165.0,1,0.0,0,0,0.0,-1,-1,-1,-1,0.0,0.0
2026-02-01T03:00,0.0,0.0,0.0,0.0,2.7,0.85,4.0,332,1,11840.0,1,0.191,0.0,245.0,1,0.0,0,0,0.0,-1,-1,-1,-1,0.0,0.0
2026-02-01T04:00,0.0,0.0,0.0,0.0,4.8,0.68,3.9,306,0,13520.0,1,0.191,0.0,355.0,1,0.0,0,0,0.0,-1,-1,-1,-1,0.0,0.0
2026-02-01T05:00,0.0,0.0,0.0,0.0,6.5,0.62,3.8,284,0,14140.0,1,0.191,0.0,415.0,1,0.0,0,0,0.0,-1,-1,-1,-1,0.0,0.0
2026-02-01T06:00,0.0,0.0,0.0,0.0,7.3,0.79,3.7,235,0,14140.0,1,0.191,0.0,470.0,1,0.0,0,0,0.0,-1,-1,-1,-1,0.0,0.0
2026-02-01T07:00,0.0,0.0,0.0,0.0,8.1,0.98,3.5,285,0,15440.0,1,0.191,0.0,800.0,1,0.0,0,0,0.0,-1,-1,-1,-1,0.0,0.0
2026-02-01T08:00,0.0,0.0,0.0,0.0,7.3,0.67,3.2,347,0,15440.0,1,0.191,0.0,75.0,1,0.0,0,0,0.0,-1,-1,-1,-1,0.0,0.0
2026-02-01T09:00,0.0,0.0,0.0,0.0,3.0,1.87,2.7,70,0,14120.0,1,0.191,0.0,55.0,1,0.0,0,0,0.0,-1,-1,-1,-1,0.0,0.0
2026-02-01T10:00,0.0,0.0,0.0,0.0,0.1,1.97,2.7,81,0,12760.0,0,0.191,0.0,55.0,1,0.0,0,0,0.0,-1,-1,-1,-1,0.0,0.0
2026-02-01T11:00,0.0,0.0,0.0,0.0,-0.1,2.3,4.0,92,4,12760.0,0,0.191,0.0,70.0,1,0.0,0,0,0.0,-1,-1,-1,-1,0.0,0.0
2026-02-01T12:00,0.0,0.0,0.0,0.0,-0.9,2.01,4.0,94,9,11840.0,0,0.191,0.0,60.0,1,0.0,0,0,0.0,-1,-1,-1,-1,0.0,0.0
2026-02-01T13:00,0.0,0.0,0.0,0.0,-1.3,1.77,3.2,112,1,11840.0,0,0.191,0.0,45.0,1,0.0,0,0,0.0,-1,-1,-1,-1,0.0,0.0
2026-02-01T14:00,0.0,0.0,0.0,0.0,-1.7,1.81,2.9,84,2,11840.0,0,0.191,0.0,40.0,1,0.0,0,0,0.0,-1,-1,-1,-1,0.0,0.0
2026-02-01T15:00,0.0,0.0,0.0,0.0,-1.3,2.49,4.5,80,0,11840.0,0,0.191,0.0,85.0,1,0.0,0,0,0.0,-1,-1,-1,-1,0.0,0.0
2026-02-01T16:00,0.0,0.0,0.0,0.0,-2.0,1.71,4.4,111,0,11820.0,0,0.191,0.0,55.0,1,0.0,0,0,0.0,-1,-1,-1,-1,0.0,0.0
2026-02-01T17:00,0.0,0.0,0.0,0.0,-1.9,1.08,2.5,103,0,11820.0,0,0.191,0.0,35.0,1,0.0,0,0,0.0,-1,-1,-1,-1,0.0,0.0
2026-02-01T18:00,0.0,0.0,0.0,0.0,-1.9,0.63,1.4,108,0,11820.0,0,0.191,0.0,20.0,1,0.0,0,0,0.0,-1,-1,-1,-1,0.0,0.0
2026-02-01T19:00,0.0,0.0,0.0,0.0,-2.6,0.57,0.8,38,0,11820.0,0,0.191,0.0,15.0,1,0.0,0,0,0.0,-1,-1,-1,-1,0.0,0.0
2026-02-01T20:00,0.0,0.0,0.0,0.0,-3.3,1.82,3.1,21,0,10400.0,0,0.191,0.0,50.0,1,0.0,0,0,0.0,-1,-1,-1,-1,0.0,0.0
2026-02-01T21:00,0.0,0.0,0.0,0.0,-4.0,1.63,3.1,18,0,10400.0,0,0.191,0.0,65.0,1,0.0,0,0,0.0,-1,-1,-1,-1,0.0,0.0
2026-02-01T22:00,0.0,0.0,0.0,0.0,-4.0,1.86,3.2,54,0,11820.0,0,0.191,0.0,90.0,1,0.0,0,0,0.0,-1,-1,-1,-1,0.0,0.0
2026-02-01T23:00,0.0,0.0,0.0,0.0,-3.9,2.32,4.1,76,0,11820.0,0,0.191,0.0,115.0,1,0.0,0,0,0.0,-1,-1,-1,-1,0.0,0.0
2026-02-02T00:00,0.0,0.0,0.0,0.0,-3.8,2.13,4.1,81,0,12720.0,1,0.191,0.0,80.0,1,0.0,0,0,0.0,-1,-1,-1,-1,0.0,0.0
2026-02-02T01:00,0.0,0.0,0.0,0.0,-1.7,2.7,4.6,87,0,13480.0,1,0.191,0.0,125.0,1,0.0,0,0,0.0,-1,-1,-1,-1,0.0,0.0
2026-02-02T02:00,0.0,0.0,0.0,0.0,1.0,2.03,5.0,106,0,14100.0,1,0.191,0.0,190.0,1,0.0,0,0,0.0,-1,-1,-1,-1,0.0,0.0
2026-02-02T03:00,0.0,0.0,0.0,0.0,3.6,2.2,5.5,120,0,15420.0,1,0.191,0.0,325.0,1,0.0,0,0,0.0,-1,-1,-1,-1,0.0,0.0
2026-02-02T04:00,0.0,0.0,0.0,0.0,5.5,2.3,6.1,138,0,15580.0,1,0.191,0.0,585.0,1,0.0,0,0,0.0,-1,-1,-1,-1,0.0,0.0
2026-02-02T05:00,0.0,0.0,0.0,0.0,6.6,2.01,5.9,166,0,15580.0,1,0.192,0.0,885.0,1,0.0,0,0,0.0,-1,-1,-1,-1,0.0,0.0
2026-02-02T06:00,0.0,0.0,0.0,0.0,7.9,1.94,5.5,192,0,15580.0,1,0.192,0.0,1210.0,1,0.0,0,0,0.0,-1,-1,-1,-1,0.0,0.0
2026-02-02T07:00,0.0,0.0,0.0,0.0,7.8,1.77,4.9,188,0,15580.0,1,0.191,0.0,1125.0,1,0.0,0,0,0.0,-1,-1,-1,-1,0.0,0.0
2026-02-02T08:00,0.0,0.0,0.0,0.0,7.1,1.25,4.3,164,0,15400.0,1,0.191,0.0,185.0,1,0.0,0,0,0.0,-1,-1,-1,-1,0.0,0.0
2026-02-02T09:00,0.0,0.0,0.0,0.0,3.8,1.01,2.1,117,0,15400.0,1,0.191,0.0,35.0,1,0.0,0,0,0.0,-1,-1,-1,-1,0.0,0.0
2026-02-02T10:00,0.0,0.0,0.0,0.0,0.9,1.88,2.4,130,0,15400.0,0,0.191,0.0,45.0,1,0.0,0,0,0.0,-1,-1,-1,-1,0.0,0.0
2026-02-02T11:00,0.0,0.0,0.0,0.0,-0.1,2.24,3.5,151,0,14080.0,0,0.191,0.0,50.0,1,0.0,0,0,0.0,-1,-1,-1,-1,0.0,0.0
2026-02-02T12:00,0.0,0.0,0.0,0.0,-0.3,2.29,3.8,160,0,14080.0,0,0.19,0.0,70.0,1,0.0,0,0,0.0,-1,-1,-1,-1,0.0,0.0
2026-02-02T13:00,0.0,0.0,0.0,0.0,-0.4,2.39,4.0,169,0,14080.0,0,0.19,0.0,80.0,1,0.0,0,0,0.0,-1,-1,-1,-1,0.0,0.0
2026-02-02T14:00,0.0,0.0,0.0,0.0,-0.5,2.53,4.3,171,0,13460.0,0,0.19,0.0,85.0,1,0.0,0,0,0.0,-1,-1,-1,-1,0.0,0.0
2026-02-02T15:00,0.0,0.0,0.0,0.0,-0.7,2.5,4.4,177,55,13460.0,0,0.19,0.0,90.0,1,0.0,2,0,0.0,-1,-1,-1,-1,0.0,0.0
2026-02-02T16:00,0.0,0.0,0.0,0.0,-0.7,2.51,4.3,174,17,13460.0,0,0.19,0.0,90.0,1,0.0,0,0,0.0,-1,-1,-1,-1,0.0,0.0
2026-02-02T17:00,0.0,0.0,0.0,0.0,-0.6,2.75,4.6,180,16,13440.0,0,0.19,0.0,100.0,1,0.0,0,0,0.0,-1,-1,-1,-1,0.0,0.0
2026-02-02T18:00,0.0,0.0,0.0,0.0,-0.7,2.8,4.9,183,0,13440.0,0,0.19,0.0,115.0,1,0.0,0,0,0.0,-1,-1,-1,-1,0.0,0.0
2026-02-02T19:00,0.0,0.0,0.0,0.0,-1.1,2.57,4.8,187,0,13440.0,0,0.19,0.0,125.0,1,0.0,0,0,0.0,-1,-1,-1,-1,0.0,0.0
2026-02-02T20:00,0.0,0.0,0.0,0.0,-1.1,2.62,4.5,188,0,13440.0,0,0.19,0.0,140.0,1,0.0,0,0,0.0,-1,-1,-1,-1,0.0,0.0
2026-02-02T21:00,0.0,0.0,0.0,0.0,-1.1,2.74,4.7,195,0,13440.0,0,0.19,0.0,145.0,1,0.0,0,0,0.0,-1,-1,-1,-1,0.0,0.0
2026-02-02T22:00,0.0,0.0,0.0,0.0,-1.0,3.07,5.2,199,9,13440.0,0,0.19,0.0,165.0,1,0.0,0,0,0.0,-1,-1,-1,-1,0.0,0.0
2026-02-02T23:00,0.0,0.0,0.0,0.0,-1.0,3.15,5.5,198,73,12700.0,0,0.19,0.0,180.0,1,0.0,2,0,0.0,-1,-1,-1,-1,0.0,0.0
2026-02-03T00:00,0.0,0.0,0.0,0.0,-0.4,3.28,5.7,196,98,12700.0,1,0.191,0.0,205.0,1,0.0,3,0,0.0,-1,-1,-1,-1,0.0,0.0
2026-02-03T01:00,0.0,0.0,0.0,0.0,1.5,3.66,6.0,194,14,12680.0,1,0.191,0.0,265.0,1,0.0,0,0,0.0,-1,-1,-1,-1,0.0,0.0
2026-02-03T02:00,0.0,0.0,0.0,0.0,4.1,3.21,6.6,201,38,13440.0,1,0.191,0.0,400.0,1,0.0,1,0,0.0,-1,-1,-1,-1,0.0,0.0
2026-02-03T03:00,0.0,0.0,0.0,0.0,6.7,3.76,7.9,199,93,13440.0,1,0.191,0.0,535.0,1,0.0,3,0,0.0,-1,-1,-1,-1,0.0,0.0
2026-02-03T04:00,0.0,0.0,0.0,0.0,8.8,4.52,9.3,200,70,13440.0,1,0.191,0.0,655.0,1,0.0,2,0,0.0,-1,-1,-1,-1,0.0,0.0
2026-02-03T05:00,0.0,0.0,0.0,0.0,10.2,4.97,10.0,201,0,14060.0,1,0.191,0.0,740.0,1,0.0,0,0,0.0,-1,-1,-1,-1,0.0,0.0
2026-02-03T06:00,0.0,0.0,0.0,0.0,10.8,4.93,10.1,198,82,14040.0,1,0.191,0.0,780.0,1,0.0,3,0,0.0,-1,-1,-1,-1,0.0,0.0
2026-02-03T07:00,0.0,0.0,0.0,0.0,10.8,4.64,9.5,187,98,14040.0,1,0.19,0.0,730.0,1,0.0,3,0,0.0,-1,-1,-1,-1,0.0,0.0
2026-02-03T08:00,0.0,0.0,0.0,0.0,9.9,4.02,8.9,186,91,13420.0,1,0.19,0.0,690.0,1,0.0,3,0,0.0,-1,-1,-1,-1,0.0,0.0
2026-02-03T09:00,0.0,0.0,0.0,0.0,7.3,3.3,7.1,181,66,13420.0,1,0.19,0.0,320.0,1,0.0,2,0,0.0,-1,-1,-1,-1,0.0,0.0
2026-02-03T10:00,0.0,0.0,0.0,0.0,4.8,3.6,6.0,178,81,12680.0,0,0.19,0.0,210.0,1,0.0,3,0,0.0,-1,-1,-1,-1,0.0,0.0
2026-02-03T11:00,0.0,0.0,0.0,0.0,4.4,4.21,7.2,184,23,12680.0,0,0.19,0.0,280.0,1,0.0,1,0,0.0,-1,-1,-1,-1,0.0,0.0
2026-02-03T12:00,0.0,0.0,0.0,0.0,3.6,3.55,7.4,190,10,12680.0,0,0.19,0.0,245.0,1,0.0,0,0,0.0,-1,-1,-1,-1,0.0,0.0
2026-02-03T13:00,0.0,0.0,0.0,0.0,3.4,2.97,6.3,193,8,11760.0,0,0.19,0.0,215.0,1,0.0,0,0,0.0,-1,-1,-1,-1,0.0,0.0
2026-02-03T14:00,0.0,0.0,0.0,0.0,2.4,2.43,5.1,189,19,11760.0,0,0.19,0.0,160.0,1,0.0,0,0,0.0,-1,-1,-1,-1,0.0,0.0
2026-02-03T15:00,0.0,0.0,0.0,0.0,1.8,2.42,4.1,187,80,11760.0,0,0.19,0.0,135.0,1,0.0,3,0,0.0,-1,-1,-1,-1,0.0,0.0
2026-02-03T16:00,0.0,0.0,0.0,0.0,1.6,2.44,4.2,191,100,11740.0,0,0.19,0.0,125.0,1,0.0,3,0,0.0,-1,-1,-1,-1,0.0,0.0
2026-02-03T17:00,0.0,0.0,0.0,0.0,1.6,2.56,4.4,192,100,11740.0,0,0.19,0.0,120.0,1,0.0,3,0,0.0,-1,-1,-1,-1,0.0,0.0
2026-02-03T18:00,0.0,0.0,0.0,0.0,0.5,2.0,4.5,202,99,11740.0,0,0.19,0.0,80.0,1,0.0,3,0,0.0,-1,-1,-1,-1,0.0,0.0
2026-02-03T19:00,0.0,0.0,0.0,0.0,-0.2,1.92,3.0,205,99,11740.0,0,0.19,0.0,80.0,1,0.0,3,0,0.0,-1,-1,-1,-1,0.0,0.0
2026-02-03T20:00,0.0,0.0,0.0,0.0,-0.5,1.87,3.1,214,0,10320.0,0,0.19,0.0,75.0,1,0.0,0,0,0.0,-1,-1,-1,-1,0.0,0.0
2026-02-03T21:00,0.0,0.0,0.0,0.0,-1.2,1.52,3.0,226,0,9400.0,0,0.191,0.0,60.0,1,0.0,0,0,0.0,-1,-1,-1,-1,0.0,0.0
2026-02-03T22:00,0.0,0.0,0.0,0.0,-1.8,1.53,2.2,232,0,9400.0,0,0.191,0.0,50.0,1,0.0,0,0,0.0,-1,-1,-1,-1,0.0,0.0
2026-02-03T23:00,0.0,0.0,0.0,0.0,-2.2,1.39,2.4,240,0,8160.0,0,0.191,0.0,45.0,1,0.0,0,0,0.0,-1,-1,-1,-1,0.0,0.0
2026-02-04T00:00,0.0,0.0,0.0,0.0,-1.4,1.2,2.0,268,0,8160.0,1,0.191,0.0,40.0,1,0.0,0,0,0.0,-1,-1,-1,-1,0.0,0.0
2026-02-04T01:00,0.0,0.0,0.0,0.0,0.7,1.27,3.0,315,12,9400.0,1,0.191,0.0,60.0,1,0.0,0,0,0.0,-1,-1,-1,-1,0.0,0.0
2026-02-04T02:00,0.0,0.0,0.0,0.0,3.4,1.1,3.7,321,100,11740.0,1,0.191,0.0,120.0,1,0.0,3,0,0.0,-1,-1,-1,-1,0.0,0.0
2026-02-04T03:00,0.0,0.0,0.0,0.0,6.1,0.78,3.7,315,99,13400.0,1,0.191,0.0,170.0,1,0.0,3,0,0.0,-1,-1,-1,-1,0.0,0.0
2026-02-04T04:00,0.0,0.0,0.0,0.0,8.5,1.17,4.1,290,100,14020.0,1,0.19,0.0,230.0,1,0.0,3,0,0.0,-1,-1,-1,-1,0.0,0.0
2026-02-04T05:00,0.0,0.0,0.0,0.0,10.1,1.06,4.2,315,100,15340.0,1,0.19,0.0,255.0,1,0.0,3,0,0.0,-1,-1,-1,-1,0.0,0.0
2026-02-04T06:00,0.0,0.0,0.0,0.0,11.5,0.82,3.8,322,94,15340.0,1,0.189,0.0,270.0,1,0.0,3,0,0.0,-1,-1,-1,-1,0.0,0.0
2026-02-04T07:00,0.0,0.0,0.0,0.0,12.2,0.51,2.8,151,79,15340.0,1,0.188,0.0,320.0,1,0.0,2,0,0.0,-1,-1,-1,-1,0.0,0.0
2026-02-04T08:00,0.0,0.0,0.0,0.0,11.2,1.32,2.9,155,26,15340.0,1,0.188,0.0,130.0,1,0.0,1,0,0.0,-1,-1,-1,-1,0.0,0.0
2026-02-04T09:00,0.0,0.0,0.0,0.0,7.7,1.49,2.1,138,0,14000.0,1,0.188,0.0,50.0,1,0.0,0,0,0.0,-1,-1,-1,-1,0.0,0.0
2026-02-04T10:00,0.0,0.0,0.0,0.0,4.3,2.19,2.8,153,0,13380.0,0,0.188,0.0,45.0,1,0.0,0,0,0.0,-1,-1,-1,-1,0.0,0.0
2026-02-04T11:00,0.0,0.0,0.0,0.0,3.3,2.5,3.9,168,0,13380.0,0,0.188,0.0,50.0,1,0.0,0,0,0.0,-1,-1,-1,-1,0.0,0.0
2026-02-04T12:00,0.0,0.0,0.0,0.0,3.1,2.4,4.0,179,4,13380.0,0,0.18,0.0,50.0,1,0.0,0,0,0.0,-1,-1,-1,-1,0.0,0.0
2026-02-04T13:00,0.0,0.0,0.0,0.0,2.6,2.39,3.7,200,51,13380.0,0,0.18,0.0,55.0,1,0.0,2,0,0.0,-1,-1,-1,-1,0.0,0.0
2026-02-04T14:00,0.0,0.0,0.0,0.0,2.3,2.44,3.9,206,3,13380.0,0,0.18,0.0,65.0,1,0.0,0,0,0.0,-1,-1,-1,-1,0.0,0.0
2026-02-04T15:00,0.0,0.0,0.0,0.0,1.5,2.37,3.9,215,96,13380.0,0,0.18,0.0,65.0,1,0.0,3,0,0.0,-1,-1,-1,-1,0.0,0.0
2026-02-04T16:00,0.0,0.0,0.0,0.0,0.8,1.95,3.7,228,100,12620.0,0,0.18,0.0,60.0,1,0.0,3,0,0.0,-1,-1,-1,-1,0.0,0.0
2026-02-04T17:00,0.0,0.0,0.0,0.0,0.3,1.79,2.6,240,100,12620.0,0,0.18,0.0,60.0,1,0.0,3,0,0.0,-1,-1,-1,-1,0.0,0.0
2026-02-04T18:00,0.0,0.0,0.0,0.0,-0.1,1.95,2.8,269,100,12620.0,0,0.18,0.0,55.0,1,0.0,3,0,0.0,-1,-1,-1,-1,0.0,0.0
2026-02-04T19:00,0.0,0.0,0.0,0.0,-0.3,2.03,3.2,280,100,11700.0,0,0.18,0.0,50.0,1,0.0,3,0,0.0,-1,-1,-1,-1,0.0,0.0
2026-02-04T20:00,0.0,0.0,0.0,0.0,-0.4,2.09,3.0,303,100,12620.0,0,0.18,0.0,55.0,1,0.0,3,0,0.0,-1,-1,-1,-1,0.0,0.0
2026-02-04T21:00,0.0,0.0,0.0,0.0,0.4,2.46,4.0,331,99,12620.0,0,0.18,0.0,65.0,1,0.0,3,0,0.0,-1,-1,-1,-1,0.0,0.0
2026-02-04T22:00,0.0,0.0,0.0,0.0,0.8,2.86,4.8,4,100,12620.0,0,0.18,0.0,90.0,1,0.0,3,0,0.0,-1,-1,-1,-1,0.0,0.0
2026-02-04T23:00,0.0,0.0,0.0,0.0,0.9,3.77,6.9,32,66,13360.0,0,0.18,0.0,310.0,1,0.0,2,0,0.0,-1,-1,-1,-1,0.0,0.0
2026-02-05T00:00,0.0,0.0,0.0,0.0,3.3,4.67,9.2,52,93,13980.0,1,0.187,0.0,420.0,1,0.0,3,0,0.0,-1,-1,-1,-1,0.0,0.0
2026-02-05T01:00,0.0,0.0,0.0,0.0,5.4,5.88,10.4,52,29,15300.0,1,0.186,0.0,570.0,1,0.0,1,0,0.0,-1,-1,-1,-1,0.0,0.0
2026-02-05T02:00,0.0,0.0,0.0,0.0,6.6,6.97,12.6,47,70,15460.0,1,0.186,0.0,735.0,1,0.0,2,0,0.0,-1,-1,-1,-1,0.0,0.0
2026-02-05T03:00,0.0,0.0,0.0,0.0,7.0,7.53,14.6,46,74,15460.0,1,0.184,0.0,890.0,1,0.0,2,0,0.0,-1,-1,-1,-1,0.0,0.0
2026-02-05T04:00,0.0,0.0,0.0,0.0,7.1,7.66,15.0,50,98,15460.0,1,0.183,0.0,955.0,1,0.0,3,0,0.0,-1,-1,-1,-1,0.0,0.0
2026-02-05T05:00,0.0,0.0,0.0,0.0,6.9,7.27,15.1,52,95,15460.0,1,0.182,0.0,1020.0,1,0.0,3,0,0.0,-1,-1,-1,-1,0.0,0.0
2026-02-05T06:00,0.0,0.0,0.0,0.0,8.4,6.69,14.3,54,100,15460.0,1,0.185,0.0,1150.0,1,0.0,3,0,0.0,-1,-1,-1,-1,0.0,0.0
2026-02-05T07:00,0.0,0.0,0.0,0.0,8.2,6.4,13.0,65,97,15460.0,1,0.184,0.0,1310.0,1,0.0,3,0,0.0,-1,-1,-1,-1,0.0,0.0
2026-02-05T08:00,0.0,0.0,0.0,0.0,6.2,6.78,13.0,79,56,15580.0,1,0.183,0.0,1165.0,1,0.0,2,0,0.0,-1,-1,-1,-1,0.0,0.0
2026-02-05T09:00,0.0,0.0,0.0,0.0,4.3,5.85,12.8,73,56,15460.0,1,0.182,0.0,1065.0,1,0.0,2,0,0.0,-1,-1,-1,-1,0.0,0.0
2026-02-05T10:00,0.0,0.0,0.0,0.0,2.3,5.57,10.8,71,88,15280.0,0,0.182,0.0,880.0,1,0.0,3,0,0.0,-1,-1,-1,-1,0.0,0.0
2026-02-05T11:00,0.0,0.0,0.0,0.0,0.7,4.98,10.1,77,100,13960.0,0,0.181,0.0,835.0,1,0.0,3,0,0.0,-1,-1,-1,-1,0.0,0.0
2026-02-05T12:00,0.0,0.0,0.0,0.0,-0.7,3.72,9.0,73,100,13340.0,0,0.179,0.0,580.0,1,0.0,3,0,0.0,-1,-1,-1,-1,0.0,0.0
2026-02-05T13:00,0.0,0.0,0.0,0.0,-1.5,3.28,6.7,78,100,12580.0,0,0.179,0.0,515.0,1,0.0,3,0,0.0,-1,-1,-1,-1,0.0,0.0
2026-02-05T14:00,0.0,0.0,0.0,0.0,-2.4,2.63,5.9,76,100,12580.0,0,0.179,0.0,430.0,1,0.0,3,0,0.0,-1,-1,-1,-1,0.0,0.0
2026-02-05T15:00,0.0,0.0,0.0,0.0,-2.9,2.49,4.7,75,100,12580.0,0,0.179,0.0,400.0,1,0.0,3,0,0.0,-1,-1,-1,-1,0.0,0.0
2026-02-05T16:00,0.0,0.0,0.0,0.0,-3.4,2.44,4.5,62,98,11680.0,0,0.179,0.0,355.0,1,0.0,3,0,0.0,-1,-1,-1,-1,0.0,0.0
2026-02-05T17:00,0.0,0.0,0.0,0.0,-3.6,2.8,4.9,47,99,11660.0,0,0.179,0.0,345.0,1,0.0,3,0,0.0,-1,-1,-1,-1,0.0,0.0
2026-02-05T18:00,0.0,0.0,0.0,0.0,-3.3,3.05,5.2,55,91,11660.0,0,0.179,0.0,420.0,1,0.0,3,0,0.0,-1,-1,-1,-1,0.0,0.0
2026-02-05T19:00,0.0,0.0,0.0,0.0,-3.5,2.73,5.4,62,89,11660.0,0,0.179,0.0,510.0,1,0.0,3,0,0.0,-1,-1,-1,-1,0.0,0.0
2026-02-05T20:00,0.0,0.0,0.0,0.0,-3.9,2.69,5.0,47,6,11660.0,0,0.179,0.0,395.0,1,0.0,0,0,0.0,-1,-1,-1,-1,0.0,0.0
2026-02-05T21:00,0.0,0.0,0.0,0.0,-4.2,2.77,5.0,39,18,10260.0,0,0.179,0.0,445.0,1,0.0,0,0,0.0,-1,-1,-1,-1,0.0,0.0
2026-02-05T22:00,0.0,0.0,0.0,0.0,-4.4,3.19,5.7,41,18,13320.0,0,0.179,0.0,465.0,1,0.0,0,0,0.0,-1,-1,-1,-1,0.0,0.0
2026-02-05T23:00,0.0,0.0,0.0,0.0,-5.0,3.48,6.3,39,85,15240.0,0,0.179,0.0,445.0,1,0.0,3,0,0.0,-1,-1,-1,-1,0.0,0.0
2026-02-06T00:00,0.0,0.0,0.0,0.0,-5.1,3.76,7.0,36,100,14140.0,1,0.179,0.0,505.0,1,0.0,3,0,0.0,-1,-1,-1,-1,0.0,0.0
2026-02-06T01:00,0.0,0.0,0.0,0.0,-4.5,3.44,7.6,40,99,13360.0,1,0.179,10.0,535.0,1,0.0,3,0,0.0,-1,-1,-1,-1,0.0,0.0
2026-02-06T02:00,0.0,0.0,0.0,0.0,-4.0,3.61,7.6,47,100,13700.0,1,0.179,10.0,625.0,1,0.0,3,0,0.0,-1,-1,-1,-1,0.0,0.0
2026-02-06T03:00,0.0,0.0,0.0,0.0,-3.0,3.22,7.6,62,100,13820.0,1,0.178,0.0,1130.0,1,0.0,3,0,0.0,-1,-1,-1,-1,0.0,0.0
2026-02-06T04:00,0.0,0.0,0.0,0.0,-2.4,3.26,7.5,72,100,12760.0,1,0.178,0.0,1240.0,1,0.0,3,0,0.0,-1,-1,-1,-1,0.0,0.0
2026-02-06T05:00,0.0,0.0,0.0,0.0,-2.2,3.15,7.3,72,100,11100.0,1,0.178,0.0,1275.0,1,0.0,3,0,0.0,-1,-1,-1,-1,0.0,0.0
2026-02-06T06:00,0.0,0.0,0.0,0.0,-3.1,3.47,7.2,63,100,7200.0,1,0.177,0.0,1025.0,1,0.0,3,0,0.0,-1,-1,-1,-1,0.0,0.0
2026-02-06T07:00,0.0,0.0,0.14,0.0,-3.4,3.28,7.1,78,100,4080.0,1,0.177,0.0,905.0,1,0.0,71,0,0.0,-1,-1,-1,-1,0.0,0.0
2026-02-06T08:00,0.0,0.0,0.21,0.0,-3.7,3.2,6.9,92,100,5340.0,1,0.177,0.0,850.0,1,0.0,73,0,0.0,-1,-1,-1,-1,0.0,0.0
2026-02-06T09:00,0.0,0.0,0.07,0.0,-3.8,2.89,6.6,99,100,10620.0,1,0.177,0.0,830.0,1,0.0,71,0,0.0,-1,-1,-1,-1,0.0,0.0
2026-02-06T10:00,0.0,0.0,0.0,0.0,-4.0,2.44,5.9,101,100,11960.0,0,0.177,0.0,755.0,1,0.0,3,0,0.0,-1,-1,-1,-1,0.0,0.0
2026-02-06T11:00,0.0,0.0,0.0,0.0,-4.2,2.66,5.1,106,97,11340.0,0,0.177,0.0,710.0,1,0.0,3,0,0.0,-1,-1,-1,-1,0.0,0.0
2026-02-06T12:00,0.0,0.0,0.0,0.0,-4.3,1.96,5.1,109,100,9000.0,0,0.177,0.0,670.0,1,0.0,3,0,0.0,-1,-1,-1,-1,0.0,0.0
2026-02-06T13:00,0.0,0.0,0.0,0.0,-4.4,1.63,3.9,113,100,10960.0,0,0.177,0.0,590.0,1,0.0,3,0,0.0,-1,-1,-1,-1,0.0,0.0
2026-02-06T14:00,0.0,0.0,0.0,0.0,-4.6,1.14,3.3,128,83,11500.0,0,0.178,0.0,470.0,1,0.0,3,0,0.0,-1,-1,-1,-1,0.0,0.0
2026-02-06T15:00,0.0,0.0,0.0,0.0,-4.8,0.94,2.3,148,73,11880.0,0,0.178,0.0,300.0,1,0.0,2,0,0.0,-1,-1,-1,-1,0.0,0.0
2026-02-06T16:00,0.0,0.0,0.0,0.0,-5.9,0.82,2.0,166,41,12500.0,0,0.178,0.0,145.0,1,0.0,1,0,0.0,-1,-1,-1,-1,0.0,0.0
2026-02-06T17:00,0.0,0.0,0.0,0.0,-6.2,0.85,1.5,180,53,12520.0,0,0.178,0.0,130.0,1,0.0,2,0,0.0,-1,-1,-1,-1,0.0,0.0
2026-02-06T18:00,0.0,0.0,0.0,0.0,-6.0,0.67,1.6,207,24,11600.0,0,0.178,0.0,95.0,1,0.0,1,0,0.0,-1,-1,-1,-1,0.0,0.0
2026-02-06T19:00,0.0,0.0,0.0,0.0,-7.0,0.74,1.1,200,1,11620.0,0,0.178,0.0,60.0,1,0.0,0,0,0.0,-1,-1,-1,-1,0.0,0.0
2026-02-06T20:00,0.0,0.0,0.0,0.0,-7.6,0.9,1.3,199,0,10220.0,0,0.178,0.0,50.0,1,0.0,0,0,0.0,-1,-1,-1,-1,0.0,0.0
2026-02-06T21:00,0.0,0.0,0.0,0.0,-7.9,0.7,1.3,201,0,10220.0,0,0.178,0.0,35.0,1,0.0,0,0,0.0,-1,-1,-1,-1,0.0,0.0
2026-02-06T22:00,0.0,0.0,0.0,0.0,-8.2,0.63,1.0,198,0,10220.0,0,0.178,0.0,30.0,1,0.0,0,0,0.0,-1,-1,-1,-1,0.0,0.0
2026-02-06T23:00,0.0,0.0,0.0,0.0,-8.6,0.87,1.2,211,0,9300.0,0,0.179,0.0,35.0,1,0.0,0,0,0.0,-1,-1,-1,-1,0.0,0.0
2026-02-07T00:00,0.0,0.0,0.0,0.0,-7.7,1.38,1.9,224,1,8060.0,1,0.179,0.0,55.0,1,0.0,0,0,0.0,-1,-1,-1,-1,0.0,0.0
2026-02-07T01:00,0.0,0.0,0.0,0.0,-5.6,1.39,3.5,240,1,10220.0,1,0.179,0.0,130.0,1,0.0,0,0,0.0,-1,-1,-1,-1,0.0,0.0
2026-02-07T02:00,0.0,0.0,0.0,0.0,-3.3,1.8,4.7,267,2,11620.0,1,0.179,0.0,410.0,1,0.0,0,0,0.0,-1,-1,-1,-1,0.0,0.0
2026-02-07T03:00,0.0,0.0,0.0,0.0,-1.4,1.8,5.3,272,0,13280.0,1,0.179,0.0,1120.0,1,0.0,0,0,0.0,-1,-1,-1,-1,0.0,0.0
2026-02-07T04:00,0.0,0.0,0.0,0.0,0.4,2.7,6.6,310,0,15220.0,1,0.179,0.0,1785.0,1,0.0,0,0,0.0,-1,-1,-1,-1,0.0,0.0
2026-02-07T05:00,0.0,0.0,0.0,0.0,1.6,4.74,10.0,334,0,15500.0,1,0.179,0.0,2010.0,1,0.0,0,0,0.0,-1,-1,-1,-1,0.0,0.0
2026-02-07T06:00,0.0,0.0,0.0,0.0,1.7,5.04,11.4,349,2,15500.0,1,0.179,0.0,2210.0,1,0.0,0,0,0.0,-1,-1,-1,-1,0.0,0.0
2026-02-07T07:00,0.0,0.0,0.0,0.0,2.7,5.12,10.1,334,55,15500.0,1,0.179,0.0,2690.0,1,0.0,2,0,0.0,-1,-1,-1,-1,0.0,0.0
2026-02-07T08:00,0.0,0.0,0.0,0.0,2.6,5.23,10.7,292,64,15500.0,1,0.179,0.0,2705.0,1,0.0,2,0,0.0,-1,-1,-1,-1,0.0,0.0
2026-02-07T09:00,0.0,0.0,0.0,0.0,0.7,4.26,10.0,22,0,15500.0,1,0.18,0.0,605.0,1,0.0,0,0,0.0,-1,-1,-1,-1,0.0,0.0
2026-02-07T10:00,0.0,0.0,0.0,0.0,-2.3,2.18,8.1,74,0,15500.0,0,0.18,0.0,170.0,1,0.0,0,0,0.0,-1,-1,-1,-1,0.0,0.0
2026-02-07T11:00,0.0,0.0,0.0,0.0,-3.0,2.8,5.1,61,0,15380.0,0,0.18,0.0,215.0,1,0.0,0,0,0.0,-1,-1,-1,-1,0.0,0.0
2026-02-07T12:00,0.0,0.0,0.0,0.0,-3.4,2.68,4.9,76,0,15380.0,0,0.18,0.0,175.0,1,0.0,0,0,0.0,-1,-1,-1,-1,0.0,0.0
2026-02-07T13:00,0.0,0.0,0.0,0.0,-4.8,1.36,4.7,144,0,15200.0,0,0.18,0.0,70.0,1,0.0,0,0,0.0,-1,-1,-1,-1,0.0,0.0
2026-02-07T14:00,0.0,0.0,0.0,0.0,-5.0,1.53,2.5,191,0,13880.0,0,0.18,0.0,65.0,1,0.0,0,0,0.0,-1,-1,-1,-1,0.0,0.0
2026-02-07T15:00,0.0,0.0,0.0,0.0,-4.9,1.05,2.4,155,0,15200.0,0,0.18,0.0,45.0,1,0.0,0,0,0.0,-1,-1,-1,-1,0.0,0.0
2026-02-07T16:00,0.0,0.0,0.0,0.0,-5.2,1.19,1.6,152,0,13880.0,0,0.18,0.0,45.0,1,0.0,0,0,0.0,-1,-1,-1,-1,0.0,0.0
2026-02-07T17:00,0.0,0.0,0.0,0.0,-5.5,1.51,2.5,174,0,13880.0,0,0.18,0.0,60.0,1,0.0,0,0,0.0,-1,-1,-1,-1,0.0,0.0
2026-02-07T18:00,0.0,0.0,0.0,0.0,-5.2,1.57,2.7,189,0,13880.0,0,0.18,0.0,80.0,1,0.0,0,0,0.0,-1,-1,-1,-1,0.0,0.0
2026-02-07T19:00,0.0,0.0,0.0,0.0,-6.3,1.67,2.7,189,0,13860.0,0,0.18,0.0,75.0,1,0.0,0,0,0.0,-1,-1,-1,-1,0.0,0.0
2026-02-07T20:00,0.0,0.0,0.0,0.0,-6.4,1.89,3.1,192,0,13860.0,0,0.18,0.0,85.0,1,0.0,0,0,0.0,-1,-1,-1,-1,0.0,0.0
2026-02-07T21:00,0.0,0.0,0.0,0.0,-6.4,1.97,3.4,187,0,13860.0,0,0.18,0.0,90.0,1,0.0,0,0,0.0,-1,-1,-1,-1,0.0,0.0
2026-02-07T22:00,0.0,0.0,0.0,0.0,-6.5,2.01,3.5,186,0,13860.0,0,0.18,0.0,100.0,1,0.0,0,0,0.0,-1,-1,-1,-1,0.0,0.0
2026-02-07T23:00,0.0,0.0,0.0,0.0,-6.5,2.18,3.8,189,0,13860.0,0,0.18,0.0,115.0,1,0.0,0,0,0.0,-1,-1,-1,-1,0.0,0.0
2026-02-08T00:00,0.0,0.0,0.0,0.0,-5.7,2.67,4.3,197,0,13860.0,1,0.181,0.0,130.0,1,0.0,0,0,0.0,-1,-1,-1,-1,0.0,0.0
2026-02-08T01:00,0.0,0.0,0.0,0.0,-3.8,2.34,4.9,200,0,13860.0,1,0.181,0.0,185.0,1,0.0,0,0,0.0,-1,-1,-1,-1,0.0,0.0
2026-02-08T02:00,0.0,0.0,0.0,0.0,-1.3,2.53,5.7,210,0,13860.0,1,0.181,0.0,335.0,1,0.0,0,0,0.0,-1,-1,-1,-1,0.0,0.0
2026-02-08T03:00,0.0,0.0,0.0,0.0,1.2,2.76,6.7,212,0,15180.0,1,0.181,0.0,380.0,1,0.0,0,0,0.0,-1,-1,-1,-1,0.0,0.0
2026-02-08T04:00,0.0,0.0,0.0,0.0,3.3,2.64,6.7,207,0,15180.0,1,0.181,0.0,420.0,1,0.0,0,0,0.0,-1,-1,-1,-1,0.0,0.0
2026-02-08T05:00,0.0,0.0,0.0,0.0,5.2,2.88,7.0,206,0,15340.0,1,0.181,0.0,690.0,1,0.0,0,0,0.0,-1,-1,-1,-1,0.0,0.0
2026-02-08T06:00,0.0,0.0,0.0,0.0,6.9,3.41,7.2,202,0,15340.0,1,0.182,0.0,925.0,1,0.0,0,0,0.0,-1,-1,-1,-1,0.0,0.0
2026-02-08T07:00,0.0,0.0,0.0,0.0,7.2,3.31,7.4,200,0,15340.0,1,0.181,0.0,925.0,1,0.0,0,0,0.0,-1,-1,-1,-1,0.0,0.0
2026-02-08T08:00,0.0,0.0,0.0,0.0,6.9,2.86,6.9,196,0,15340.0,1,0.181,0.0,785.0,1,0.0,0,0,0.0,-1,-1,-1,-1,0.0,0.0
2026-02-08T09:00,0.0,0.0,0.0,0.0,3.4,1.91,5.0,175,0,15340.0,1,0.181,0.0,130.0,1,0.0,0,0,0.0,-1,-1,-1,-1,0.0,0.0
2026-02-08T10:00,0.0,0.0,0.0,0.0,0.8,2.53,4.1,165,0,15180.0,0,0.181,0.0,100.0,1,0.0,0,0,0.0,-1,-1,-1,-1,0.0,0.0
2026-02-08T11:00,0.0,0.0,0.0,0.0,1.0,3.05,5.1,182,0,15180.0,0,0.181,0.0,130.0,1,0.0,0,0,0.0,-1,-1,-1,-1,0.0,0.0
2026-02-08T12:00,0.0,0.0,0.0,0.0,0.7,3.47,5.9,186,0,15160.0,0,0.181,0.0,200.0,1,0.0,0,0,0.0,-1,-1,-1,-1,0.0,0.0
2026-02-08T13:00,0.0,0.0,0.0,0.0,0.6,3.67,6.4,191,0,13840.0,0,0.18,0.0,245.0,1,0.0,0,0,0.0,-1,-1,-1,-1,0.0,0.0
2026-02-08T14:00,0.0,0.0,0.0,0.0,0.2,3.56,6.4,191,0,13840.0,0,0.18,0.0,250.0,1,0.0,0,0,0.0,-1,-1,-1,-1,0.0,0.0
2026-02-08T15:00,0.0,0.0,0.0,0.0,-0.1,3.55,6.2,190,0,13220.0,0,0.18,0.0,250.0,1,0.0,0,0,0.0,-1,-1,-1,-1,0.0,0.0
2026-02-08T16:00,0.0,0.0,0.0,0.0,-0.4,3.63,6.3,192,0,13220.0,0,0.18,0.0,270.0,1,0.0,0,0,0.0,-1,-1,-1,-1,0.0,0.0
2026-02-08T17:00,0.0,0.0,0.0,0.0,-0.7,3.82,6.6,191,0,13220.0,0,0.18,0.0,285.0,1,0.0,0,0,0.0,-1,-1,-1,-1,0.0,0.0
2026-02-08T18:00,0.0,0.0,0.0,0.0,-1.1,3.82,7.0,194,0,13220.0,0,0.18,0.0,310.0,1,0.0,0,0,0.0,-1,-1,-1,-1,0.0,0.0
2026-02-08T19:00,0.0,0.0,0.0,0.0,-1.1,3.98,7.1,192,7,12460.0,0,0.18,0.0,340.0,1,0.0,0,0,0.0,-1,-1,-1,-1,0.0,0.0
2026-02-08T20:00,0.0,0.0,0.0,0.0,-1.3,3.78,7.1,195,94,12460.0,0,0.18,0.0,350.0,1,0.0,3,0,0.0,-1,-1,-1,-1,0.0,0.0
2026-02-08T21:00,0.0,0.0,0.0,0.0,-1.4,3.59,6.6,196,17,12460.0,0,0.18,0.0,330.0,1,0.0,0,0,0.0,-1,-1,-1,-1,0.0,0.0
2026-02-08T22:00,0.0,0.0,0.0,0.0,-1.6,3.7,6.5,193,98,11540.0,0,0.18,0.0,340.0,1,0.0,3,0,0.0,-1,-1,-1,-1,0.0,0.0
2026-02-08T23:00,0.0,0.0,0.0,0.0,-1.5,3.97,7.1,191,92,11540.0,0,0.181,0.0,375.0,1,0.0,3,0,0.0,-1,-1,-1,-1,0.0,0.0
2026-02-09T00:00,0.0,0.0,0.0,0.0,-0.7,4.8,7.8,188,100,12460.0,1,0.181,0.0,440.0,1,0.0,3,0,0.0,-1,-1,-1,-1,0.0,0.0
2026-02-09T01:00,0.0,0.0,0.0,0.0,1.0,4.0,9.0,181,100,13200.0,1,0.181,0.0,500.0,1,0.0,3,0,0.0,-1,-1,-1,-1,0.0,0.0
2026-02-09T02:00,0.0,0.0,0.0,0.0,2.8,4.83,9.5,186,100,13200.0,1,0.181,0.0,560.0,1,0.0,3,0,0.0,-1,-1,-1,-1,0.0,0.0
2026-02-09T03:00,0.0,0.0,0.0,0.0,4.6,5.0,10.0,188,100,13820.0,1,0.181,0.0,625.0,1,0.0,3,0,0.0,-1,-1,-1,-1,0.0,0.0
2026-02-09T04:00,0.0,0.0,0.0,0.0,6.0,5.22,10.5,189,100,15140.0,1,0.181,0.0,720.0,1,0.0,3,0,0.0,-1,-1,-1,-1,0.0,0.0
2026-02-09T05:00,0.0,0.0,0.0,0.0,7.1,5.23,10.6,187,100,15140.0,1,0.182,0.0,820.0,1,0.0,3,0,0.0,-1,-1,-1,-1,0.0,0.0
2026-02-09T06:00,0.0,0.0,0.0,0.0,7.0,5.18,10.5,190,100,15140.0,1,0.182,0.0,925.0,1,0.0,3,0,0.0,-1,-1,-1,-1,0.0,0.0
2026-02-09T07:00,0.0,0.0,0.0,0.0,7.3,5.23,9.8,190,100,15140.0,1,0.182,0.0,975.0,1,0.0,3,0,0.0,-1,-1,-1,-1,0.0,0.0
2026-02-09T08:00,0.0,0.0,0.0,0.0,6.7,4.64,9.8,194,100,15140.0,1,0.182,0.0,950.0,1,0.0,3,0,0.0,-1,-1,-1,-1,0.0,0.0
2026-02-09T09:00,0.0,0.0,0.0,0.0,5.4,3.61,8.4,197,100,15140.0,1,0.182,0.0,715.0,1,0.0,3,0,0.0,-1,-1,-1,-1,0.0,0.0
2026-02-09T10:00,0.0,0.0,0.0,0.0,3.8,2.88,6.4,188,100,13800.0,0,0.182,0.0,305.0,1,0.0,3,0,0.0,-1,-1,-1,-1,0.0,0.0
2026-02-09T11:00,0.0,0.0,0.0,0.0,3.5,3.43,5.9,188,100,13800.0,0,0.182,0.0,350.0,1,0.0,3,0,0.0,-1,-1,-1,-1,0.0,0.0
2026-02-09T12:00,0.0,0.0,0.0,0.0,3.1,3.02,6.0,199,100,13800.0,0,0.181,0.0,265.0,1,0.0,3,0,0.0,-1,-1,-1,-1,0.0,0.0
2026-02-09T13:00,0.0,0.0,0.0,0.0,3.3,3.05,5.5,201,100,11140.0,0,0.181,0.0,265.0,1,0.0,3,0,0.0,-1,-1,-1,-1,0.0,0.0
2026-02-09T14:00,0.0,0.0,0.0,0.0,3.1,3.0,5.2,204,100,8600.0,0,0.181,0.0,285.0,1,0.0,3,0,0.0,-1,-1,-1,-1,0.0,0.0
2026-02-09T15:00,0.0,0.0,0.0,0.0,3.1,3.36,5.8,203,100,8560.0,0,0.181,0.0,345.0,1,0.0,3,0,0.0,-1,-1,-1,-1,0.0,0.0
2026-02-09T16:00,0.0,0.0,0.0,0.0,2.8,3.15,5.8,195,100,9820.0,0,0.182,0.0,320.0,1,0.0,3,0,0.0,-1,-1,-1,-1,0.0,0.0
2026-02-09T17:00,0.0,0.0,0.0,0.0,2.5,3.59,6.2,193,81,9120.0,0,0.182,0.0,335.0,1,0.0,3,0,0.0,-1,-1,-1,-1,0.0,0.0
2026-02-09T18:00,0.0,0.0,0.0,0.0,1.6,3.65,6.7,197,14,7980.0,0,0.182,0.0,335.0,1,0.0,0,0,0.0,-1,-1,-1,-1,0.0,0.0
2026-02-09T19:00,0.0,0.0,0.0,0.0,1.2,3.81,6.7,203,67,7960.0,0,0.182,0.0,355.0,1,0.0,2,0,0.0,-1,-1,-1,-1,0.0,0.0
2026-02-09T20:00,0.0,0.0,0.0,0.0,0.9,3.21,6.8,211,100,5560.0,0,0.182,0.0,345.0,1,0.0,3,0,0.0,-1,-1,-1,-1,0.0,0.0
2026-02-09T21:00,0.0,0.0,0.0,0.0,1.3,2.48,5.6,214,100,5540.0,0,0.182,0.0,320.0,1,0.0,3,0,0.0,-1,-1,-1,-1,0.0,0.0
2026-02-09T22:00,0.0,0.0,0.0,0.0,1.0,2.09,4.3,201,100,5540.0,0,0.182,0.0,240.0,1,0.0,3,0,0.0,-1,-1,-1,-1,0.0,0.0
2026-02-09T23:00,0.0,0.0,0.0,0.0,0.7,2.29,4.1,196,100,5540.0,0,0.182,0.0,215.0,1,0.0,3,0,0.0,-1,-1,-1,-1,0.0,0.0
2026-02-10T00:00,0.0,0.0,0.0,0.0,0.8,2.5,4.1,206,100,460.0,1,0.181,0.0,235.0,1,0.0,3,0,0.0,-1,-1,-1,-1,0.0,0.0
2026-02-10T01:00,0.0,0.0,0.0,0.0,1.2,1.8,5.1,226,100,3960.0,1,0.181,0.0,150.0,1,0.0,3,0,0.0,-1,-1,-1,-1,0.0,0.0
2026-02-10T02:00,0.0,0.0,0.0,0.0,2.2,1.86,4.6,243,100,7920.0,1,0.181,0.0,215.0,1,0.0,3,0,0.0,-1,-1,-1,-1,0.0,0.0
2026-02-10T03:00,0.0,0.0,0.0,0.0,4.3,1.29,5.0,234,100,11460.0,1,0.181,0.0,330.0,1,0.0,3,0,0.0,-1,-1,-1,-1,0.0,0.0
2026-02-10T04:00,0.0,0.0,0.0,0.0,6.2,1.57,5.0,248,100,12420.0,1,0.181,0.0,440.0,1,0.0,3,0,0.0,-1,-1,-1,-1,0.0,0.0
2026-02-10T05:00,0.0,0.0,0.0,0.0,7.8,1.49,5.1,284,100,13160.0,1,0.18,0.0,500.0,1,0.0,3,0,0.0,-1,-1,-1,-1,0.0,0.0
2026-02-10T06:00,0.0,0.0,0.0,0.0,8.7,1.31,4.9,320,100,13780.0,1,0.18,0.0,585.0,1,0.0,3,0,0.0,-1,-1,-1,-1,0.0,0.0
2026-02-10T07:00,0.0,0.0,0.0,0.0,9.5,1.53,4.5,349,98,13780.0,1,0.179,0.0,725.0,1,0.0,3,0,0.0,-1,-1,-1,-1,0.0,0.0
2026-02-10T08:00,0.0,0.0,0.0,0.0,9.2,1.45,4.4,41,97,13780.0,1,0.178,0.0,600.0,1,0.0,3,0,0.0,-1,-1,-1,-1,0.0,0.0
2026-02-10T09:00,0.0,0.0,0.0,0.0,7.2,0.97,3.4,69,26,13760.0,1,0.178,0.0,65.0,1,0.0,1,0,0.0,-1,-1,-1,-1,0.0,0.0
2026-02-10T10:00,0.0,0.0,0.0,0.0,3.9,1.55,2.0,94,0,13140.0,0,0.178,0.0,45.0,1,0.0,0,0,0.0,-1,-1,-1,-1,0.0,0.0
2026-02-10T11:00,0.0,0.0,0.0,0.0,2.2,2.21,3.7,77,0,12400.0,0,0.178,0.0,65.0,1,0.0,0,0,0.0,-1,-1,-1,-1,0.0,0.0
2026-02-10T12:00,0.0,0.0,0.0,0.0,1.2,2.05,4.2,77,0,12400.0,0,0.177,0.0,60.0,1,0.0,0,0,0.0,-1,-1,-1,-1,0.0,0.0
2026-02-10T13:00,0.0,0.0,0.0,0.0,0.6,1.6,3.2,88,0,12400.0,0,0.177,0.0,45.0,1,0.0,0,0,0.0,-1,-1,-1,-1,0.0,0.0
2026-02-10T14:00,0.0,0.0,0.0,0.0,0.3,0.85,2.1,130,0,12400.0,0,0.177,0.0,25.0,1,0.0,0,0,0.0,-1,-1,-1,-1,0.0,0.0
2026-02-10T15:00,0.0,0.0,0.0,0.0,-0.1,0.76,1.2,172,0,12400.0,0,0.177,0.0,15.0,1,0.0,0,0,0.0,-1,-1,-1,-1,0.0,0.0
2026-02-10T16:00,0.0,0.0,0.0,0.0,-0.5,0.54,1.1,214,0,12400.0,0,0.177,0.0,15.0,1,0.0,0,0,0.0,-1,-1,-1,-1,0.0,0.0
2026-02-10T17:00,0.0,0.0,0.0,0.0,-1.3,0.57,0.9,255,0,11480.0,0,0.177,0.0,15.0,1,0.0,0,0,0.0,-1,-1,-1,-1,0.0,0.0
2026-02-10T18:00,0.0,0.0,0.0,0.0,-1.7,1.0,0.9,307,0,11480.0,0,0.177,0.0,25.0,1,0.0,0,0,0.0,-1,-1,-1,-1,0.0,0.0
2026-02-10T19:00,0.0,0.0,0.0,0.0,-2.3,1.88,3.5,29,0,10080.0,0,0.177,0.0,50.0,1,0.0,0,0,0.0,-1,-1,-1,-1,0.0,0.0
2026-02-10T20:00,0.0,0.0,0.0,0.0,-2.4,0.6,3.1,312,0,11480.0,0,0.177,0.0,20.0,1,0.0,0,0,0.0,-1,-1,-1,-1,0.0,0.0
2026-02-10T21:00,0.0,0.0,0.0,0.0,-3.0,0.96,1.3,6,0,11480.0,0,0.178,0.0,25.0,1,0.0,0,0,0.0,-1,-1,-1,-1,0.0,0.0
2026-02-10T22:00,0.0,0.0,0.0,0.0,-2.9,0.62,1.4,14,0,11480.0,0,0.178,0.0,15.0,1,0.0,0,0,0.0,-1,-1,-1,-1,0.0,0.0
2026-02-10T23:00,0.0,0.0,0.0,0.0,-2.7,0.2,0.8,360,0,11480.0,0,0.178,0.0,10.0,1,0.0,0,0,0.0,-1,-1,-1,-1,0.0,0.0
2026-02-11T00:00,0.0,0.0,0.0,0.0,-1.9,0.84,0.4,253,0,10060.0,1,0.179,0.0,15.0,1,0.0,0,0,0.0,-1,-1,-1,-1,0.0,0.0
2026-02-11T01:00,0.0,0.0,0.0,0.0,1.1,1.38,3.1,221,0,12380.0,1,0.179,0.0,35.0,1,0.0,0,0,0.0,-1,-1,-1,-1,0.0,0.0
2026-02-11T02:00,0.0,0.0,0.0,0.0,4.9,1.27,3.7,189,0,13120.0,1,0.179,0.0,130.0,1,0.0,0,0,0.0,-1,-1,-1,-1,0.0,0.0
2026-02-11T03:00,0.0,0.0,0.0,0.0,7.7,2.26,5.4,186,0,13740.0,1,0.179,0.0,530.0,1,0.0,0,0,0.0,-1,-1,-1,-1,0.0,0.0
2026-02-11T04:00,0.0,0.0,0.0,0.0,9.4,3.63,7.8,195,0,15060.0,1,0.179,0.0,680.0,1,0.0,0,0,0.0,-1,-1,-1,-1,0.0,0.0
2026-02-11T05:00,0.0,0.0,0.0,0.0,10.4,4.24,8.8,199,0,15220.0,1,0.178,0.0,870.0,1,0.0,0,0,0.0,-1,-1,-1,-1,0.0,0.0
2026-02-11T06:00,0.0,0.0,0.0,0.0,11.5,4.38,9.0,197,0,15220.0,1,0.176,0.0,1060.0,1,0.0,0,0,0.0,-1,-1,-1,-1,0.0,0.0
2026-02-11T07:00,0.0,0.0,0.0,0.0,12.0,4.35,8.9,193,0,15220.0,1,0.175,0.0,1000.0,1,0.0,0,0,0.0,-1,-1,-1,-1,0.0,0.0
2026-02-11T08:00,0.0,0.0,0.0,0.0,11.6,3.72,8.4,186,0,15220.0,1,0.175,0.0,915.0,1,0.0,0,0,0.0,-1,-1,-1,-1,0.0,0.0
2026-02-11T09:00,0.0,0.0,0.0,0.0,9.0,2.55,6.5,177,0,15060.0,1,0.174,0.0,225.0,1,0.0,0,0,0.0,-1,-1,-1,-1,0.0,0.0
2026-02-11T10:00,0.0,0.0,0.0,0.0,5.2,2.56,4.3,174,0,15060.0,0,0.174,0.0,100.0,1,0.0,0,0,0.0,-1,-1,-1,-1,0.0,0.0
2026-02-11T11:00,0.0,0.0,0.0,0.0,4.6,2.85,4.6,182,0,13720.0,0,0.174,0.0,100.0,1,0.0,0,0,0.0,-1,-1,-1,-1,0.0,0.0
2026-02-11T12:00,0.0,0.0,0.0,0.0,4.4,3.04,5.3,189,0,13720.0,0,0.173,0.0,130.0,1,0.0,0,0,0.0,-1,-1,-1,-1,0.0,0.0
2026-02-11T13:00,0.0,0.0,0.0,0.0,4.6,3.23,5.5,193,0,13720.0,0,0.173,0.0,150.0,1,0.0,0,0,0.0,-1,-1,-1,-1,0.0,0.0
2026-02-11T14:00,0.0,0.0,0.0,0.0,4.3,3.48,5.9,198,0,13720.0,0,0.173,0.0,175.0,1,0.0,0,0,0.0,-1,-1,-1,-1,0.0,0.0
2026-02-11T15:00,0.0,0.0,0.0,0.0,3.7,3.43,5.9,199,0,13720.0,0,0.173,0.0,170.0,1,0.0,0,0,0.0,-1,-1,-1,-1,0.0,0.0
2026-02-11T16:00,0.0,0.0,0.0,0.0,3.0,3.09,5.8,205,0,13100.0,0,0.173,0.0,145.0,1,0.0,0,0,0.0,-1,-1,-1,-1,0.0,0.0
2026-02-11T17:00,0.0,0.0,0.0,0.0,2.1,2.73,5.2,208,0,13100.0,0,0.173,0.0,120.0,1,0.0,0,0,0.0,-1,-1,-1,-1,0.0,0.0
2026-02-11T18:00,0.0,0.0,0.0,0.0,0.6,2.25,4.6,212,0,13100.0,0,0.173,0.0,80.0,1,0.0,0,0,0.0,-1,-1,-1,-1,0.0,0.0
2026-02-11T19:00,0.0,0.0,0.0,0.0,-0.3,2.2,3.6,210,0,13100.0,0,0.173,0.0,70.0,1,0.0,0,0,0.0,-1,-1,-1,-1,0.0,0.0
2026-02-11T20:00,0.0,0.0,0.0,0.0,-0.9,2.09,3.4,213,0,13100.0,0,0.173,0.0,65.0,1,0.0,0,0,0.0,-1,-1,-1,-1,0.0,0.0
2026-02-11T21:00,0.0,0.0,0.0,0.0,-1.3,1.95,3.3,209,0,12340.0,0,0.173,0.0,60.0,1,0.0,0,0,0.0,-1,-1,-1,-1,0.0,0.0
2026-02-11T22:00,0.0,0.0,0.0,0.0,-1.5,1.2,3.0,222,0,12340.0,0,0.173,0.0,45.0,1,0.0,0,0,0.0,-1,-1,-1,-1,0.0,0.0
2026-02-11T23:00,0.0,0.0,0.0,0.0,-1.7,0.69,1.5,240,0,12340.0,0,0.174,0.0,35.0,1,0.0,0,0,0.0,-1,-1,-1,-1,0.0,0.0
2026-02-12T00:00,0.0,0.0,0.0,0.0,-0.6,1.24,1.2,230,0,12340.0,1,0.174,0.0,45.0,1,0.0,0,0,0.0,-1,-1,-1,-1,0.0,0.0
2026-02-12T01:00,0.0,0.0,0.0,0.0,1.8,1.35,3.2,211,0,12340.0,1,0.174,0.0,65.0,1,0.0,0,0,0.0,-1,-1,-1,-1,0.0,0.0
2026-02-12T02:00,0.0,0.0,0.0,0.0,4.5,0.74,3.3,228,0,12340.0,1,0.174,0.0,110.0,1,0.0,0,0,0.0,-1,-1,-1,-1,0.0,0.0
2026-02-12T03:00,0.0,0.0,0.0,0.0,7.1,0.75,3.6,233,0,13080.0,1,0.173,0.0,175.0,1,0.0,0,0,0.0,-1,-1,-1,-1,0.0,0.0
2026-02-12T04:00,0.0,0.0,0.0,0.0,9.4,0.76,3.8,238,0,13700.0,1,0.173,0.0,250.0,1,0.0,0,0,0.0,-1,-1,-1,-1,0.0,0.0
2026-02-12T05:00,0.0,0.0,0.0,0.0,11.2,0.65,3.9,247,0,15020.0,1,0.172,0.0,370.0,1,0.0,0,0,0.0,-1,-1,-1,-1,0.0,0.0
2026-02-12T06:00,0.0,0.0,0.0,0.0,13.1,0.85,3.7,225,0,15020.0,1,0.171,0.0,460.0,1,0.0,0,0,0.0,-1,-1,-1,-1,0.0,0.0
2026-02-12T07:00,0.0,0.0,0.0,0.0,13.7,0.74,3.6,208,0,15180.0,1,0.17,0.0,440.0,1,0.0,0,0,0.0,-1,-1,-1,-1,0.0,0.0
2026-02-12T08:00,0.0,0.0,0.0,0.0,13.5,0.89,3.2,164,0,15180.0,1,0.169,0.0,335.0,1,0.0,0,0,0.0,-1,-1,-1,-1,0.0,0.0
2026-02-12T09:00,0.0,0.0,0.0,0.0,11.1,0.43,2.2,144,0,15020.0,1,0.169,0.0,25.0,1,0.0,0,0,0.0,-1,-1,-1,-1,0.0,0.0
2026-02-12T10:00,0.0,0.0,0.0,0.0,8.5,0.36,0.7,124,0,15020.0,0,0.169,0.0,15.0,1,0.0,0,0,0.0,-1,-1,-1,-1,0.0,0.0
2026-02-12T11:00,0.0,0.0,0.0,0.0,6.7,0.75,1.0,127,0,13680.0,0,0.17,0.0,20.0,1,0.0,0,0,0.0,-1,-1,-1,-1,0.0,0.0
2026-02-12T12:00,0.0,0.0,0.0,0.0,5.2,1.21,1.7,173,0,15020.0,0,0.162,0.0,20.0,1,0.0,0,0,0.0,-1,-1,-1,-1,0.0,0.0
2026-02-12T13:00,0.0,0.0,0.0,0.0,4.5,1.12,1.8,190,9,13680.0,0,0.162,0.0,20.0,1,0.0,0,0,0.0,-1,-1,-1,-1,0.0,0.0
2026-02-12T14:00,0.0,0.0,0.0,0.0,4.0,0.6,1.4,180,99,13680.0,0,0.162,0.0,15.0,1,0.0,3,0,0.0,-1,-1,-1,-1,0.0,0.0
2026-02-12T15:00,0.0,0.0,0.0,0.0,3.3,0.16,0.9,72,98,13680.0,0,0.162,0.0,10.0,1,0.0,3,0,0.0,-1,-1,-1,-1,0.0,0.0
2026-02-12T16:00,0.0,0.0,0.0,0.0,1.9,0.72,1.0,56,98,13060.0,0,0.163,0.0,15.0,1,0.0,3,0,0.0,-1,-1,-1,-1,0.0,0.0
2026-02-12T17:00,0.0,0.0,0.0,0.0,0.9,1.07,1.6,62,98,13060.0,0,0.163,0.0,20.0,1,0.0,3,0,0.0,-1,-1,-1,-1,0.0,0.0
2026-02-12T18:00,0.0,0.0,0.0,0.0,0.7,0.62,1.6,76,66,13060.0,0,0.163,0.0,15.0,1,0.0,2,0,0.0,-1,-1,-1,-1,0.0,0.0
2026-02-12T19:00,0.0,0.0,0.0,0.0,0.2,0.65,0.9,148,41,13060.0,0,0.163,0.0,15.0,1,0.0,1,0,0.0,-1,-1,-1,-1,0.0,0.0
2026-02-12T20:00,0.0,0.0,0.0,0.0,-0.3,0.55,1.0,180,5,12320.0,0,0.163,0.0,15.0,1,0.0,0,0,0.0,-1,-1,-1,-1,0.0,0.0
2026-02-12T21:00,0.0,0.0,0.0,0.0,-0.5,0.32,0.8,231,41,12300.0,0,0.163,0.0,10.0,1,0.0,1,0,0.0,-1,-1,-1,-1,0.0,0.0
2026-02-12T22:00,0.0,0.0,0.0,0.0,-0.8,0.25,0.5,259,58,12300.0,0,0.163,0.0,10.0,1,0.0,2,0,0.0,-1,-1,-1,-1,0.0,0.0
2026-02-12T23:00,0.0,0.0,0.0,0.0,-1.1,0.4,0.6,240,98,12300.0,0,0.164,0.0,15.0,1,0.0,3,0,0.0,-1,-1,-1,-1,0.0,0.0
2026-02-13T00:00,0.0,0.0,0.0,0.0,-0.1,0.6,0.6,228,5,11400.0,1,0.164,0.0,15.0,1,0.0,0,0,0.0,-1,-1,-1,-1,0.0,0.0
2026-02-13T01:00,0.0,0.0,0.0,0.0,2.8,0.81,2.5,169,1,11400.0,1,0.164,0.0,35.0,1,0.0,0,0,0.0,-1,-1,-1,-1,0.0,0.0
2026-02-13T02:00,0.0,0.0,0.0,0.0,6.5,1.25,3.9,178,0,12300.0,1,0.164,0.0,95.0,1,0.0,0,0,0.0,-1,-1,-1,-1,0.0,0.0
2026-02-13T03:00,0.0,0.0,0.0,0.0,9.6,1.52,4.6,197,0,13040.0,1,0.163,0.0,165.0,1,0.0,0,0,0.0,-1,-1,-1,-1,0.0,0.0
2026-02-13T04:00,0.0,0.0,0.0,0.0,12.3,1.57,4.9,207,0,13660.0,1,0.162,0.0,265.0,1,0.0,0,0,0.0,-1,-1,-1,-1,0.0,0.0
2026-02-13T05:00,0.0,0.0,0.0,0.0,14.0,1.4,5.0,215,0,15000.0,1,0.161,0.0,425.0,1,0.0,0,0,0.0,-1,-1,-1,-1,0.0,0.0
2026-02-13T06:00,0.0,0.0,0.0,0.0,15.6,1.27,4.7,206,0,14980.0,1,0.16,0.0,595.0,1,0.0,0,0,0.0,-1,-1,-1,-1,0.0,0.0
2026-02-13T07:00,0.0,0.0,0.0,0.0,16.1,1.5,4.2,176,0,14980.0,1,0.159,0.0,575.0,1,0.0,0,0,0.0,-1,-1,-1,-1,0.0,0.0
2026-02-13T08:00,0.0,0.0,0.0,0.0,15.9,2.0,4.3,167,0,14980.0,1,0.158,0.0,505.0,1,0.0,0,0,0.0,-1,-1,-1,-1,0.0,0.0
2026-02-13T09:00,0.0,0.0,0.0,0.0,13.1,1.61,4.0,154,0,13040.0,1,0.158,0.0,105.0,1,0.0,0,0,0.0,-1,-1,-1,-1,0.0,0.0
2026-02-13T10:00,0.0,0.0,0.0,0.0,9.6,2.03,2.7,164,0,13040.0,0,0.158,0.0,60.0,1,0.0,0,0,0.0,-1,-1,-1,-1,0.0,0.0
2026-02-13T11:00,0.0,0.0,0.0,0.0,8.2,1.9,2.7,178,0,12280.0,0,0.158,0.0,45.0,1,0.0,0,0,0.0,-1,-1,-1,-1,0.0,0.0
2026-02-13T12:00,0.0,0.0,0.0,0.0,6.7,2.15,2.9,183,0,12280.0,0,0.15,0.0,45.0,1,0.0,0,0,0.0,-1,-1,-1,-1,0.0,0.0
2026-02-13T13:00,0.0,0.0,0.0,0.0,6.0,2.24,3.3,190,0,12280.0,0,0.15,0.0,55.0,1,0.0,0,0,0.0,-1,-1,-1,-1,0.0,0.0
2026-02-13T14:00,0.0,0.0,0.0,0.0,5.9,2.42,3.9,198,0,12280.0,0,0.15,0.0,70.0,1,0.0,0,0,0.0,-1,-1,-1,-1,0.0,0.0
2026-02-13T15:00,0.0,0.0,0.0,0.0,5.0,2.28,3.9,203,0,12280.0,0,0.15,0.0,65.0,1,0.0,0,0,0.0,-1,-1,-1,-1,0.0,0.0
2026-02-13T16:00,0.0,0.0,0.0,0.0,4.4,2.34,3.7,196,0,11360.0,0,0.15,0.0,60.0,1,0.0,0,0,0.0,-1,-1,-1,-1,0.0,0.0
2026-02-13T17:00,0.0,0.0,0.0,0.0,4.8,2.75,4.7,196,0,11360.0,0,0.15,0.0,75.0,1,0.0,0,0,0.0,-1,-1,-1,-1,0.0,0.0
2026-02-13T18:00,0.0,0.0,0.0,0.0,3.1,2.12,4.6,207,0,11360.0,0,0.15,0.0,55.0,1,0.0,0,0,0.0,-1,-1,-1,-1,0.0,0.0
2026-02-13T19:00,0.0,0.0,0.0,0.0,2.8,2.17,3.4,206,0,11360.0,0,0.15,0.0,65.0,1,0.0,0,0,0.0,-1,-1,-1,-1,0.0,0.0
2026-02-13T20:00,0.0,0.0,0.0,0.0,2.7,2.26,3.7,205,0,11360.0,0,0.15,0.0,75.0,1,0.0,0,0,0.0,-1,-1,-1,-1,0.0,0.0
2026-02-13T21:00,0.0,0.0,0.0,0.0,2.7,2.62,4.4,193,0,11360.0,0,0.15,0.0,90.0,1,0.0,0,0,0.0,-1,-1,-1,-1,0.0,0.0
2026-02-13T22:00,0.0,0.0,0.0,0.0,2.1,2.28,4.5,199,0,11360.0,0,0.15,0.0,90.0,1,0.0,0,0,0.0,-1,-1,-1,-1,0.0,0.0
2026-02-13T23:00,0.0,0.0,0.0,0.0,1.5,2.21,3.7,193,0,11360.0,0,0.151,0.0,85.0,1,0.0,0,0,0.0,-1,-1,-1,-1,0.0,0.0
2026-02-14T00:00,0.0,0.0,0.0,0.0,2.9,1.92,3.6,187,0,12260.0,1,0.15,0.0,70.0,1,0.0,0,0,0.0,-1,-1,-1,-1,0.0,0.0
2026-02-14T01:00,0.0,0.0,0.0,0.0,5.7,0.85,3.0,270,0,12260.0,1,0.15,0.0,55.0,1,0.0,0,0,0.0,-1,-1,-1,-1,0.0,0.0
2026-02-14T02:00,0.0,0.0,0.0,0.0,8.2,0.81,3.3,120,0,13000.0,1,0.15,0.0,130.0,1,0.0,0,0,0.0,-1,-1,-1,-1,0.0,0.0
2026-02-14T03:00,0.0,0.0,0.0,0.0,10.8,0.6,3.6,114,0,13620.0,1,0.15,0.0,215.0,1,0.0,0,0,0.0,-1,-1,-1,-1,0.0,0.0
2026-02-14T04:00,0.0,0.0,0.0,0.0,13.2,1.49,4.7,50,0,13620.0,1,0.149,0.0,340.0,1,0.0,0,0,0.0,-1,-1,-1,-1,0.0,0.0
2026-02-14T05:00,0.0,0.0,0.0,0.0,14.8,3.05,7.1,40,0,14960.0,1,0.147,0.0,520.0,1,0.0,0,0,0.0,-1,-1,-1,-1,0.0,0.0
2026-02-14T06:00,0.0,0.0,0.0,0.0,17.0,3.45,7.9,60,0,14960.0,1,0.146,0.0,610.0,1,0.0,0,0,0.0,-1,-1,-1,-1,0.0,0.0
2026-02-14T07:00,0.0,0.0,0.0,0.0,17.4,4.44,8.9,51,0,14960.0,1,0.145,0.0,760.0,1,0.0,0,0,0.0,-1,-1,-1,-1,0.0,0.0
2026-02-14T08:00,0.0,0.0,0.0,0.0,16.8,4.91,9.4,45,0,14940.0,1,0.144,0.0,910.0,1,0.0,0,0,0.0,-1,-1,-1,-1,0.0,0.0
2026-02-14T09:00,0.0,0.0,0.0,0.0,15.2,4.85,9.2,43,0,15100.0,1,0.144,0.0,870.0,1,0.0,0,0,0.0,-1,-1,-1,-1,0.0,0.0
2026-02-14T10:00,0.0,0.0,0.0,0.0,12.8,5.03,8.8,37,0,15100.0,0,0.143,0.0,730.0,1,0.0,0,0,0.0,-1,-1,-1,-1,0.0,0.0
2026-02-14T11:00,0.0,0.0,0.0,0.0,11.8,6.39,11.3,33,0,15100.0,0,0.143,0.0,755.0,1,0.0,0,0,0.0,-1,-1,-1,-1,0.0,0.0
2026-02-14T12:00,0.0,0.0,0.0,0.0,11.2,6.29,12.6,37,0,15100.0,0,0.128,0.0,730.0,1,0.0,0,0,0.0,-1,-1,-1,-1,0.0,0.0
2026-02-14T13:00,0.0,0.0,0.0,0.0,10.2,7.39,13.0,29,0,14940.0,0,0.127,0.0,800.0,1,0.0,0,0,0.0,-1,-1,-1,-1,0.0,0.0
2026-02-14T14:00,0.0,0.0,0.0,0.0,9.0,8.35,15.2,33,13,15100.0,0,0.127,0.0,850.0,1,0.0,0,0,0.0,-1,-1,-1,-1,0.0,0.0
2026-02-14T15:00,0.0,0.0,0.0,0.0,7.4,8.37,15.7,36,30,15100.0,0,0.127,0.0,840.0,1,0.0,1,0,0.0,-1,-1,-1,-1,0.0,0.0
2026-02-14T16:00,0.0,0.0,0.0,0.0,6.0,8.11,15.4,38,41,15220.0,0,0.126,0.0,865.0,1,0.0,1,0,0.0,-1,-1,-1,-1,0.0,0.0
2026-02-14T17:00,0.0,0.0,0.0,0.0,4.7,7.91,14.9,38,0,15220.0,0,0.126,0.0,810.0,1,0.0,0,0,0.0,-1,-1,-1,-1,0.0,0.0
2026-02-14T18:00,0.0,0.0,0.0,0.0,4.5,7.36,14.5,37,20,15220.0,0,0.119,0.0,750.0,1,0.0,1,0,0.0,-1,-1,-1,-1,0.0,0.0
2026-02-14T19:00,0.0,0.0,0.0,0.0,3.9,7.48,13.7,36,29,15220.0,0,0.118,0.0,750.0,1,0.0,1,0,0.0,-1,-1,-1,-1,0.0,0.0
2026-02-14T20:00,0.0,0.0,0.0,0.0,2.9,7.34,13.7,33,40,15200.0,0,0.118,0.0,725.0,1,0.0,1,0,0.0,-1,-1,-1,-1,0.0,0.0
2026-02-14T21:00,0.0,0.0,0.0,0.0,2.1,6.93,13.4,35,4,15200.0,0,0.118,0.0,695.0,1,0.0,0,0,0.0,-1,-1,-1,-1,0.0,0.0
2026-02-14T22:00,0.0,0.0,0.0,0.0,1.2,6.66,12.7,36,100,15200.0,0,0.118,0.0,670.0,1,0.0,3,0,0.0,-1,-1,-1,-1,0.0,0.0
2026-02-14T23:00,0.0,0.0,0.0,0.0,0.7,6.55,12.3,34,100,15200.0,0,0.117,0.0,670.0,1,0.0,3,0,0.0,-1,-1,-1,-1,0.0,0.0
2026-02-15T00:00,0.0,0.0,0.0,0.0,0.9,6.55,12.0,33,100,15200.0,1,0.12,0.0,695.0,1,0.0,3,0,0.0,-1,-1,-1,-1,0.0,0.0
2026-02-15T01:00,0.0,0.0,0.0,0.0,1.5,6.3,12.0,36,100,15200.0,1,0.12,0.0,770.0,1,0.0,3,0,0.0,-1,-1,-1,-1,0.0,0.0
2026-02-15T02:00,0.0,0.0,0.0,0.0,2.2,6.13,12.0,41,100,15200.0,1,0.119,0.0,810.0,1,0.0,3,0,0.0,-1,-1,-1,-1,0.0,0.0
2026-02-15T03:00,0.0,0.0,0.0,0.0,2.7,5.92,12.0,41,100,15200.0,1,0.119,0.0,770.0,1,0.0,3,0,0.0,-1,-1,-1,-1,0.0,0.0
2026-02-15T04:00,0.0,0.0,0.0,0.0,2.6,5.05,11.8,39,100,15200.0,1,0.118,0.0,730.0,1,0.0,3,0,0.0,-1,-1,-1,-1,0.0,0.0
2026-02-15T05:00,0.0,0.0,0.0,0.0,3.4,4.6,9.9,41,100,15200.0,1,0.118,0.0,820.0,1,0.0,3,0,0.0,-1,-1,-1,-1,0.0,0.0
2026-02-15T06:00,0.0,0.0,0.0,0.0,4.0,5.01,9.3,34,100,15200.0,1,0.117,0.0,1000.0,1,0.0,3,0,0.0,-1,-1,-1,-1,0.0,0.0
2026-02-15T07:00,0.0,0.0,0.0,0.0,4.0,4.95,9.9,30,100,15200.0,1,0.117,0.0,1060.0,1,0.0,3,0,0.0,-1,-1,-1,-1,0.0,0.0
2026-02-15T08:00,0.0,0.0,0.0,0.0,3.7,4.85,9.9,28,100,15200.0,1,0.116,0.0,995.0,1,0.0,3,0,0.0,-1,-1,-1,-1,0.0,0.0
2026-02-15T09:00,0.0,0.0,0.0,0.0,3.2,4.27,9.5,26,100,15200.0,1,0.116,0.0,970.0,1,0.0,3,0,0.0,-1,-1,-1,-1,0.0,0.0
2026-02-15T10:00,0.0,0.0,0.0,0.0,2.2,3.02,7.9,29,100,15100.0,0,0.116,0.0,805.0,1,0.0,3,0,0.0,-1,-1,-1,-1,0.0,0.0
2026-02-15T11:00,0.0,0.0,0.0,0.0,1.4,2.44,5.5,23,100,15100.0,0,0.116,0.0,525.0,1,0.0,3,0,0.0,-1,-1,-1,-1,0.0,0.0
2026-02-15T12:00,0.0,0.0,0.0,0.0,0.6,1.45,4.4,4,100,15100.0,0,0.115,0.0,90.0,1,0.0,3,0,0.0,-1,-1,-1,-1,0.0,0.0
2026-02-15T13:00,0.0,0.0,0.0,0.0,-0.3,1.39,2.1,330,100,15100.0,0,0.115,0.0,50.0,1,0.0,3,0,0.0,-1,-1,-1,-1,0.0,0.0
2026-02-15T14:00,0.0,0.0,0.0,0.0,-1.0,1.1,2.2,313,100,14940.0,0,0.115,0.0,35.0,1,0.0,3,0,0.0,-1,-1,-1,-1,0.0,0.0
2026-02-15T15:00,0.0,0.0,0.0,0.0,-1.8,1.03,1.5,309,100,14940.0,0,0.115,0.0,30.0,1,0.0,3,0,0.0,-1,-1,-1,-1,0.0,0.0
2026-02-15T16:00,0.0,0.0,0.0,0.0,-2.6,1.24,1.8,317,100,14940.0,0,0.115,0.0,30.0,1,0.0,3,0,0.0,-1,-1,-1,-1,0.0,0.0
2026-02-15T17:00,0.0,0.0,0.0,0.0,-2.9,1.2,1.7,355,100,14940.0,0,0.115,0.0,30.0,1,0.0,3,0,0.0,-1,-1,-1,-1,0.0,0.0
2026-02-15T18:00,0.0,0.0,0.0,0.0,-2.9,1.75,2.6,358,99,14940.0,0,0.115,0.0,55.0,1,0.0,3,0,0.0,-1,-1,-1,-1,0.0,0.0
2026-02-15T19:00,0.0,0.0,0.0,0.0,-2.8,2.51,4.4,17,94,14940.0,0,0.115,0.0,120.0,1,0.0,3,0,0.0,-1,-1,-1,-1,0.0,0.0
2026-02-15T20:00,0.0,0.0,0.0,0.0,-3.0,2.35,4.5,24,100,14940.0,0,0.115,0.0,145.0,1,0.0,3,0,0.0,-1,-1,-1,-1,0.0,0.0
2026-02-15T21:00,0.0,0.0,0.0,0.0,-3.3,2.07,4.1,37,26,14940.0,0,0.115,0.0,140.0,1,0.0,1,0,0.0,-1,-1,-1,-1,0.0,0.0
2026-02-15T22:00,0.0,0.0,0.0,0.0,-3.5,2.02,3.9,40,0,14940.0,0,0.115,0.0,150.0,1,0.0,0,0,0.0,-1,-1,-1,-1,0.0,0.0
2026-02-15T23:00,0.0,0.0,0.0,0.0,-3.8,2.12,3.8,34,0,14940.0,0,0.115,0.0,170.0,1,0.0,0,0,0.0,-1,-1,-1,-1,0.0,0.0
2026-02-16T00:00,0.0,0.0,0.0,0.0,-2.3,2.69,4.1,24,2,14940.0,1,0.115,0.0,205.0,1,0.0,0,0,0.0,-1,-1,-1,-1,0.0,0.0
2026-02-16T01:00,0.0,0.0,0.0,0.0,-0.4,2.17,4.7,29,75,14940.0,1,0.115,0.0,265.0,1,0.0,2,0,0.0,-1,-1,-1,-1,0.0,0.0
2026-02-16T02:00,0.0,0.0,0.0,0.0,1.7,1.88,5.1,42,63,15100.0,1,0.115,0.0,305.0,1,0.0,2,0,0.0,-1,-1,-1,-1,0.0,0.0
2026-02-16T03:00,0.0,0.0,0.0,0.0,3.7,1.49,5.0,50,81,15100.0,1,0.114,0.0,465.0,1,0.0,3,0,0.0,-1,-1,-1,-1,0.0,0.0
2026-02-16T04:00,0.0,0.0,0.0,0.0,5.2,0.92,4.8,49,98,15220.0,1,0.114,0.0,745.0,1,0.0,3,0,0.0,-1,-1,-1,-1,0.0,0.0
2026-02-16T05:00,0.0,0.0,0.0,0.0,6.2,0.55,4.3,355,100,15220.0,1,0.113,0.0,1120.0,1,0.0,3,0,0.0,-1,-1,-1,-1,0.0,0.0
2026-02-16T06:00,0.0,0.0,0.0,0.0,6.2,0.72,3.8,326,100,15220.0,1,0.113,0.0,1100.0,1,0.0,3,0,0.0,-1,-1,-1,-1,0.0,0.0
2026-02-16T07:00,0.0,0.0,0.0,0.0,6.5,0.5,3.4,307,100,15220.0,1,0.112,0.0,1040.0,1,0.0,3,0,0.0,-1,-1,-1,-1,0.0,0.0
2026-02-16T08:00,0.0,0.0,0.0,0.0,6.6,0.67,3.1,228,100,15220.0,1,0.112,0.0,1040.0,1,0.0,3,0,0.0,-1,-1,-1,-1,0.0,0.0
2026-02-16T09:00,0.0,0.0,0.0,0.0,5.7,1.33,2.8,200,62,15220.0,1,0.112,0.0,175.0,1,0.0,2,0,0.0,-1,-1,-1,-1,0.0,0.0
2026-02-16T10:00,0.0,0.0,0.0,0.0,2.8,2.06,3.5,194,88,15100.0,0,0.112,0.0,85.0,1,0.0,3,0,0.0,-1,-1,-1,-1,0.0,0.0
2026-02-16T11:00,0.0,0.0,0.0,0.0,1.5,1.75,3.8,193,3,15100.0,0,0.112,0.0,55.0,1,0.0,0,0,0.0,-1,-1,-1,-1,0.0,0.0
2026-02-16T12:00,0.0,0.0,0.0,0.0,0.4,1.5,2.6,195,1,15100.0,0,0.108,0.0,40.0,1,0.0,0,0,0.0,-1,-1,-1,-1,0.0,0.0
2026-02-16T13:00,0.0,0.0,0.0,0.0,-0.8,2.2,3.5,210,1,14940.0,0,0.108,0.0,65.0,1,0.0,0,0,0.0,-1,-1,-1,-1,0.0,0.0
2026-02-16T14:00,0.0,0.0,0.0,0.0,-1.7,2.02,3.8,213,33,14940.0,0,0.108,0.0,60.0,1,0.0,1,0,0.0,-1,-1,-1,-1,0.0,0.0
2026-02-16T15:00,0.0,0.0,0.0,0.0,-2.1,1.97,3.1,210,16,14940.0,0,0.108,0.0,60.0,1,0.0,0,0,0.0,-1,-1,-1,-1,0.0,0.0
2026-02-16T16:00,0.0,0.0,0.0,0.0,-2.3,1.95,3.1,209,30,14940.0,0,0.108,0.0,60.0,1,0.0,1,0,0.0,-1,-1,-1,-1,0.0,0.0
2026-02-16T17:00,0.0,0.0,0.0,0.0,-2.6,1.95,3.0,206,0,14940.0,0,0.108,0.0,60.0,1,0.0,0,0,0.0,-1,-1,-1,-1,0.0,0.0
2026-02-16T18:00,0.0,0.0,0.0,0.0,-2.4,1.91,3.3,213,0,13620.0,0,0.108,0.0,65.0,1,0.0,0,0,0.0,-1,-1,-1,-1,0.0,0.0
2026-02-16T19:00,0.0,0.0,0.0,0.0,-2.6,2.01,3.4,215,0,13620.0,0,0.108,0.0,75.0,1,0.0,0,0,0.0,-1,-1,-1,-1,0.0,0.0
2026-02-16T20:00,0.0,0.0,0.0,0.0,-2.7,2.02,3.5,210,0,13620.0,0,0.108,0.0,80.0,1,0.0,0,0,0.0,-1,-1,-1,-1,0.0,0.0
2026-02-16T21:00,0.0,0.0,0.0,0.0,-3.2,1.81,3.5,208,2,13620.0,0,0.108,0.0,80.0,1,0.0,0,0,0.0,-1,-1,-1,-1,0.0,0.0
2026-02-16T22:00,0.0,0.0,0.0,0.0,-3.5,1.71,2.9,212,10,13620.0,0,0.108,0.0,80.0,1,0.0,0,0,0.0,-1,-1,-1,-1,0.0,0.0
2026-02-16T23:00,0.0,0.0,0.0,0.0,-3.7,1.74,2.9,207,67,13620.0,0,0.108,0.0,80.0,1,0.0,2,0,0.0,-1,-1,-1,-1,0.0,0.0
2026-02-17T00:00,0.0,0.0,0.0,0.0,-1.8,2.42,4.2,207,100,13620.0,1,0.108,0.0,95.0,1,0.0,3,0,0.0,-1,-1,-1,-1,0.0,0.0
2026-02-17T01:00,0.0,0.0,0.0,0.0,0.3,2.0,4.5,202,100,14940.0,1,0.109,0.0,140.0,1,0.0,3,0,0.0,-1,-1,-1,-1,0.0,0.0
2026-02-17T02:00,0.0,0.0,0.0,0.0,2.7,1.78,4.7,218,99,14940.0,1,0.109,0.0,190.0,1,0.0,3,0,0.0,-1,-1,-1,-1,0.0,0.0
2026-02-17T03:00,0.0,0.0,0.0,0.0,5.3,1.59,4.9,224,100,15100.0,1,0.109,0.0,240.0,1,0.0,3,0,0.0,-1,-1,-1,-1,0.0,0.0
2026-02-17T04:00,0.0,0.0,0.0,0.0,7.4,1.7,5.0,225,4,15100.0,1,0.109,0.0,325.0,1,0.0,0,0,0.0,-1,-1,-1,-1,0.0,0.0
2026-02-17T05:00,0.0,0.0,0.0,0.0,9.1,1.95,5.4,228,0,15220.0,1,0.109,0.0,420.0,1,0.0,0,0,0.0,-1,-1,-1,-1,0.0,0.0
2026-02-17T06:00,0.0,0.0,0.0,0.0,10.3,2.34,5.5,230,0,15220.0,1,0.109,0.0,520.0,1,0.0,0,0,0.0,-1,-1,-1,-1,0.0,0.0
2026-02-17T07:00,0.0,0.0,0.0,0.0,11.1,2.51,5.7,227,0,15220.0,1,0.108,0.0,725.0,1,0.0,0,0,0.0,-1,-1,-1,-1,0.0,0.0
2026-02-17T08:00,0.0,0.0,0.0,0.0,10.9,2.66,5.7,220,0,15220.0,1,0.108,0.0,645.0,1,0.0,0,0,0.0,-1,-1,-1,-1,0.0,0.0
2026-02-17T09:00,0.0,0.0,0.0,0.0,7.8,1.79,4.8,203,0,15120.0,1,0.108,0.0,120.0,1,0.0,0,0,0.0,-1,-1,-1,-1,0.0,0.0
2026-02-17T10:00,0.0,0.0,0.0,0.0,4.3,2.64,4.3,205,0,14940.0,0,0.107,0.0,85.0,1,0.0,0,0,0.0,-1,-1,-1,-1,0.0,0.0
2026-02-17T11:00,0.0,0.0,0.0,0.0,3.7,2.93,5.1,213,0,14960.0,0,0.107,0.0,95.0,1,0.0,0,0,0.0,-1,-1,-1,-1,0.0,0.0
2026-02-17T12:00,0.0,0.0,0.0,0.0,4.6,3.22,5.4,222,0,15120.0,0,0.101,0.0,115.0,1,0.0,0,0,0.0,-1,-1,-1,-1,0.0,0.0
2026-02-17T13:00,0.0,0.0,0.0,0.0,5.1,3.48,6.0,230,0,15120.0,0,0.101,0.0,130.0,1,0.0,0,0,0.0,-1,-1,-1,-1,0.0,0.0
2026-02-17T14:00,0.0,0.0,0.0,0.0,4.8,3.69,6.2,229,0,15120.0,0,0.101,0.0,145.0,1,0.0,0,0,0.0,-1,-1,-1,-1,0.0,0.0
2026-02-17T15:00,0.0,0.0,0.0,0.0,4.1,3.93,6.8,229,0,15120.0,0,0.101,0.0,165.0,1,0.0,0,0,0.0,-1,-1,-1,-1,0.0,0.0
2026-02-17T16:00,0.0,0.0,0.0,0.0,3.3,3.63,6.7,236,0,14960.0,0,0.101,0.0,150.0,1,0.0,0,0,0.0,-1,-1,-1,-1,0.0,0.0
2026-02-17T17:00,0.0,0.0,0.0,0.0,2.5,3.24,6.2,245,0,14960.0,0,0.101,0.0,130.0,1,0.0,0,0,0.0,-1,-1,-1,-1,0.0,0.0
2026-02-17T18:00,0.0,0.0,0.0,0.0,1.5,2.5,5.6,268,0,14960.0,0,0.101,0.0,90.0,1,0.0,0,0,0.0,-1,-1,-1,-1,0.0,0.0
2026-02-17T19:00,0.0,0.0,0.0,0.0,0.5,2.27,4.2,292,0,14960.0,0,0.101,0.0,75.0,1,0.0,0,0,0.0,-1,-1,-1,-1,0.0,0.0
2026-02-17T20:00,0.0,0.0,0.0,0.0,0.6,2.43,4.1,323,0,15120.0,0,0.101,0.0,100.0,1,0.0,0,0,0.0,-1,-1,-1,-1,0.0,0.0
2026-02-17T21:00,0.0,0.0,0.0,0.0,0.6,2.7,5.2,359,0,15120.0,0,0.101,0.0,115.0,1,0.0,0,0,0.0,-1,-1,-1,-1,0.0,0.0
2026-02-17T22:00,0.0,0.0,0.0,0.0,-1.1,2.16,4.5,356,0,15120.0,0,0.101,0.0,65.0,1,0.0,0,0,0.0,-1,-1,-1,-1,0.0,0.0
2026-02-17T23:00,0.0,0.0,0.0,0.0,-1.4,2.11,3.5,4,0,15120.0,0,0.101,0.0,60.0,1,0.0,0,0,0.0,-1,-1,-1,-1,0.0,0.0
2026-02-18T00:00,0.0,0.0,0.0,0.0,0.9,1.73,3.3,10,0,14960.0,1,0.106,0.0,40.0,1,0.0,0,0,0.0,-1,-1,-1,-1,0.0,0.0
2026-02-18T01:00,0.0,0.0,0.0,0.0,4.7,2.62,4.7,61,0,15120.0,1,0.106,0.0,255.0,1,0.0,0,0,0.0,-1,-1,-1,-1,0.0,0.0
2026-02-18T02:00,0.0,0.0,0.0,0.0,7.2,2.85,6.3,79,0,15120.0,1,0.105,0.0,515.0,1,0.0,0,0,0.0,-1,-1,-1,-1,0.0,0.0
2026-02-18T03:00,0.0,0.0,0.0,0.0,9.1,2.33,6.6,100,0,15120.0,1,0.105,0.0,565.0,1,0.0,0,0,0.0,-1,-1,-1,-1,0.0,0.0
2026-02-18T04:00,0.0,0.0,0.0,0.0,10.7,1.9,5.9,117,0,15240.0,1,0.105,0.0,655.0,1,0.0,0,0,0.0,-1,-1,-1,-1,0.0,0.0
2026-02-18T05:00,0.0,0.0,0.0,0.0,11.8,1.72,5.6,120,0,15240.0,1,0.104,0.0,790.0,1,0.0,0,0,0.0,-1,-1,-1,-1,0.0,0.0
2026-02-18T06:00,0.0,0.0,0.0,0.0,12.5,1.81,5.4,138,0,15240.0,1,0.104,0.0,1055.0,1,0.0,0,0,0.0,-1,-1,-1,-1,0.0,0.0
2026-02-18T07:00,0.0,0.0,0.0,0.0,12.9,1.68,5.2,153,0,15240.0,1,0.103,0.0,1170.0,1,0.0,0,0,0.0,-1,-1,-1,-1,0.0,0.0
2026-02-18T08:00,0.0,0.0,0.0,0.0,12.7,1.85,4.8,177,0,15240.0,1,0.103,0.0,1110.0,1,0.0,0,0,0.0,-1,-1,-1,-1,0.0,0.0
2026-02-18T09:00,0.0,0.0,0.0,0.0,10.8,1.17,4.3,170,0,15120.0,1,0.102,0.0,125.0,1,0.0,0,0,0.0,-1,-1,-1,-1,0.0,0.0
2026-02-18T10:00,0.0,0.0,0.0,0.0,7.2,1.81,2.3,156,0,15120.0,0,0.102,0.0,60.0,1,0.0,0,0,0.0,-1,-1,-1,-1,0.0,0.0
2026-02-18T11:00,0.0,0.0,0.0,0.0,5.6,2.06,3.3,157,0,15120.0,0,0.102,0.0,50.0,1,0.0,0,0,0.0,-1,-1,-1,-1,0.0,0.0
2026-02-18T12:00,0.0,0.0,0.0,0.0,4.4,2.2,3.1,163,0,14960.0,0,0.093,0.0,45.0,1,0.0,0,0,0.0,-1,-1,-1,-1,0.0,0.0
2026-02-18T13:00,0.0,0.0,0.0,0.0,3.8,2.4,3.9,168,0,14960.0,0,0.093,0.0,60.0,1,0.0,0,0,0.0,-1,-1,-1,-1,0.0,0.0
2026-02-18T14:00,0.0,0.0,0.0,0.0,3.6,2.59,4.3,170,0,14960.0,0,0.093,0.0,80.0,1,0.0,0,0,0.0,-1,-1,-1,-1,0.0,0.0
2026-02-18T15:00,0.0,0.0,0.0,0.0,3.1,2.76,4.8,168,2,14960.0,0,0.093,0.0,95.0,1,0.0,0,0,0.0,-1,-1,-1,-1,0.0,0.0
2026-02-18T16:00,0.0,0.0,0.0,0.0,2.3,2.61,4.8,175,79,14960.0,0,0.093,0.0,90.0,1,0.0,2,0,0.0,-1,-1,-1,-1,0.0,0.0
2026-02-18T17:00,0.0,0.0,0.0,0.0,2.1,2.45,4.5,192,66,14960.0,0,0.093,0.0,85.0,1,0.0,2,0,0.0,-1,-1,-1,-1,0.0,0.0
2026-02-18T18:00,0.0,0.0,0.0,0.0,1.8,2.59,4.5,205,65,14960.0,0,0.093,0.0,100.0,1,0.0,2,0,0.0,-1,-1,-1,-1,0.0,0.0
2026-02-18T19:00,0.0,0.0,0.0,0.0,1.0,2.13,4.3,231,0,14960.0,0,0.093,0.0,100.0,1,0.0,0,0,0.0,-1,-1,-1,-1,0.0,0.0
2026-02-18T20:00,0.0,0.0,0.0,0.0,-0.7,2.06,3.5,231,0,14960.0,0,0.093,0.0,85.0,1,0.0,0,0,0.0,-1,-1,-1,-1,0.0,0.0
2026-02-18T21:00,0.0,0.0,0.0,0.0,-1.2,2.02,3.3,220,0,13640.0,0,0.093,0.0,65.0,1,0.0,0,0,0.0,-1,-1,-1,-1,0.0,0.0
2026-02-18T22:00,0.0,0.0,0.0,0.0,-1.6,1.91,3.3,237,0,14960.0,0,0.093,0.0,50.0,1,0.0,0,0,0.0,-1,-1,-1,-1,0.0,0.0
2026-02-18T23:00,0.0,0.0,0.0,0.0,-0.9,2.21,3.6,242,0,14960.0,0,0.093,0.0,70.0,1,0.0,0,0,0.0,-1,-1,-1,-1,0.0,0.0
2026-02-19T00:00,0.0,0.0,0.0,0.0,1.7,2.95,5.1,244,0,14960.0,1,0.099,0.0,90.0,1,0.0,0,0,0.0,-1,-1,-1,-1,0.0,0.0
2026-02-19T01:00,0.0,0.0,0.0,0.0,4.9,3.22,5.7,244,0,15120.0,1,0.099,0.0,130.0,1,0.0,0,0,0.0,-1,-1,-1,-1,0.0,0.0
2026-02-19T02:00,0.0,0.0,0.0,0.0,8.3,2.44,5.6,244,0,15140.0,1,0.099,0.0,280.0,1,0.0,0,0,0.0,-1,-1,-1,-1,0.0,0.0
2026-02-19T03:00,0.0,0.0,0.0,0.0,11.5,3.01,6.7,265,0,15240.0,1,0.098,0.0,370.0,1,0.0,0,0,0.0,-1,-1,-1,-1,0.0,0.0
2026-02-19T04:00,0.0,0.0,0.0,0.0,13.8,2.57,6.9,283,0,15240.0,1,0.098,0.0,565.0,1,0.0,0,0,0.0,-1,-1,-1,-1,0.0,0.0
2026-02-19T05:00,0.0,0.0,0.0,0.0,15.2,2.27,6.4,310,0,15240.0,1,0.097,0.0,820.0,1,0.0,0,0,0.0,-1,-1,-1,-1,0.0,0.0
2026-02-19T06:00,0.0,0.0,0.0,0.0,16.2,1.33,6.0,290,0,15240.0,1,0.097,0.0,1130.0,1,0.0,0,0,0.0,-1,-1,-1,-1,0.0,0.0
2026-02-19T07:00,0.0,0.0,0.0,0.0,16.5,1.53,4.4,232,0,15240.0,1,0.096,0.0,1050.0,1,0.0,0,0,0.0,-1,-1,-1,-1,0.0,0.0
2026-02-19T08:00,0.0,0.0,0.0,0.0,16.1,1.86,4.4,207,0,15260.0,1,0.096,0.0,850.0,1,0.0,0,0,0.0,-1,-1,-1,-1,0.0,0.0
2026-02-19T09:00,0.0,0.0,0.0,0.0,13.6,1.63,4.1,169,0,15260.0,1,0.096,0.0,105.0,1,0.0,0,0,0.0,-1,-1,-1,-1,0.0,0.0
2026-02-19T10:00,0.0,0.0,0.0,0.0,9.8,2.35,3.7,153,0,15140.0,0,0.096,0.0,70.0,1,0.0,0,0,0.0,-1,-1,-1,-1,0.0,0.0
2026-02-19T11:00,0.0,0.0,0.0,0.0,8.7,2.36,4.2,174,0,15140.0,0,0.096,0.0,70.0,1,0.0,0,0,0.0,-1,-1,-1,-1,0.0,0.0
2026-02-19T12:00,0.0,0.0,0.0,0.0,8.6,2.74,4.3,162,0,15140.0,0,0.081,0.0,95.0,1,0.0,0,0,0.0,-1,-1,-1,-1,0.0,0.0
2026-02-19T13:00,0.0,0.0,0.0,0.0,8.3,3.16,5.4,184,0,15140.0,0,0.081,0.0,125.0,1,0.0,0,0,0.0,-1,-1,-1,-1,0.0,0.0
2026-02-19T14:00,0.0,0.0,0.0,0.0,7.2,2.83,5.4,212,0,15140.0,0,0.081,0.0,120.0,1,0.0,0,0,0.0,-1,-1,-1,-1,0.0,0.0
2026-02-19T15:00,0.0,0.0,0.0,0.0,5.8,2.44,4.8,227,0,15140.0,0,0.081,0.0,100.0,1,0.0,0,0,0.0,-1,-1,-1,-1,0.0,0.0
2026-02-19T16:00,0.0,0.0,0.0,0.0,5.2,2.48,4.1,222,0,15140.0,0,0.081,0.0,95.0,1,0.0,0,0,0.0,-1,-1,-1,-1,0.0,0.0
2026-02-19T17:00,0.0,0.0,0.0,0.0,4.9,2.52,4.4,221,0,15140.0,0,0.081,0.0,85.0,1,0.0,0,0,0.0,-1,-1,-1,-1,0.0,0.0
2026-02-19T18:00,0.0,0.0,0.0,0.0,4.1,2.33,4.2,223,1,15140.0,0,0.081,0.0,65.0,1,0.0,0,0,0.0,-1,-1,-1,-1,0.0,0.0
2026-02-19T19:00,0.0,0.0,0.0,0.0,3.7,2.41,4.1,220,0,14980.0,0,0.081,0.0,70.0,1,0.0,0,0,0.0,-1,-1,-1,-1,0.0,0.0
2026-02-19T20:00,0.0,0.0,0.0,0.0,3.3,2.46,4.2,218,0,14980.0,0,0.082,0.0,80.0,1,0.0,0,0,0.0,-1,-1,-1,-1,0.0,0.0
2026-02-19T21:00,0.0,0.0,0.0,0.0,2.8,2.28,4.2,218,0,14980.0,0,0.082,0.0,80.0,1,0.0,0,0,0.0,-1,-1,-1,-1,0.0,0.0
2026-02-19T22:00,0.0,0.0,0.0,0.0,2.3,2.26,3.8,215,0,14980.0,0,0.082,0.0,80.0,1,0.0,0,0,0.0,-1,-1,-1,-1,0.0,0.0
2026-02-19T23:00,0.0,0.0,0.0,0.0,2.2,2.27,3.8,221,0,14980.0,0,0.082,0.0,90.0,1,0.0,0,0,0.0,-1,-1,-1,-1,0.0,0.0
2026-02-20T00:00,0.0,0.0,0.0,0.0,5.1,2.64,4.2,217,3,14980.0,1,0.083,0.0,100.0,1,0.0,0,0,0.0,-1,-1,-1,-1,0.0,0.0
2026-02-20T01:00,0.0,0.0,0.0,0.0,8.6,3.61,5.9,197,27,14980.0,1,0.083,0.0,190.0,1,0.0,1,0,0.0,-1,-1,-1,-1,0.0,0.0
2026-02-20T02:00,0.0,0.0,0.0,0.0,12.0,3.18,6.8,196,13,15140.0,1,0.083,0.0,280.0,1,0.0,0,0,0.0,-1,-1,-1,-1,0.0,0.0
2026-02-20T03:00,0.0,0.0,0.0,0.0,15.2,3.64,7.8,198,3,15140.0,1,0.083,0.0,350.0,1,0.0,0,0,0.0,-1,-1,-1,-1,0.0,0.0
2026-02-20T04:00,0.0,0.0,0.0,0.0,17.8,4.06,8.6,202,0,15260.0,1,0.083,0.0,450.0,1,0.0,0,0,0.0,-1,-1,-1,-1,0.0,0.0
2026-02-20T05:00,0.0,0.0,0.0,0.0,19.8,3.87,8.7,205,0,15260.0,1,0.083,0.0,530.0,1,0.0,0,0,0.0,-1,-1,-1,-1,0.0,0.0
2026-02-20T06:00,0.0,0.0,0.0,0.0,21.6,4.29,8.7,195,0,15260.0,1,0.081,0.0,1045.0,1,0.0,0,0,0.0,-1,-1,-1,-1,0.0,0.0
2026-02-20T07:00,0.0,0.0,0.0,0.0,22.3,5.0,9.9,196,0,15260.0,1,0.081,0.0,1235.0,1,0.0,0,0,0.0,-1,-1,-1,-1,0.0,0.0
2026-02-20T08:00,0.0,0.0,0.0,0.0,22.1,5.08,10.0,201,0,15260.0,1,0.081,0.0,905.0,1,0.0,0,0,0.0,-1,-1,-1,-1,0.0,0.0
2026-02-20T09:00,0.0,0.0,0.0,0.0,20.3,3.87,9.6,194,0,15260.0,1,0.081,0.0,635.0,1,0.0,0,0,0.0,-1,-1,-1,-1,0.0,0.0
2026-02-20T10:00,0.0,0.0,0.0,0.0,17.3,4.04,6.9,188,0,15140.0,1,0.081,0.0,360.0,1,0.0,0,0,0.0,-1,-1,-1,-1,0.0,0.0
2026-02-20T11:00,0.0,0.0,0.0,0.0,16.1,4.38,7.7,187,0,15140.0,0,0.081,0.0,300.0,1,0.0,0,0,0.0,-1,-1,-1,-1,0.0,0.0
2026-02-20T12:00,0.0,0.0,0.0,0.0,15.1,4.34,7.6,187,0,15140.0,0,0.07,0.0,290.0,1,0.0,0,0,0.0,-1,-1,-1,-1,0.0,0.0
2026-02-20T13:00,0.0,0.0,0.0,0.0,14.6,4.32,7.6,191,0,15140.0,0,0.07,0.0,270.0,1,0.0,0,0,0.0,-1,-1,-1,-1,0.0,0.0
2026-02-20T14:00,0.0,0.0,0.0,0.0,14.0,4.66,8.1,195,5,15140.0,0,0.07,0.0,265.0,1,0.0,0,0,0.0,-1,-1,-1,-1,0.0,0.0
2026-02-20T15:00,0.0,0.0,0.0,0.0,13.0,4.22,8.1,199,42,15140.0,0,0.07,0.0,200.0,1,0.0,1,0,0.0,-1,-1,-1,-1,0.0,0.0
2026-02-20T16:00,0.0,0.0,0.0,0.0,11.6,2.94,7.3,223,95,15140.0,0,0.07,0.0,150.0,1,0.0,3,0,0.0,-1,-1,-1,-1,0.0,0.0
2026-02-20T17:00,0.0,0.0,0.0,0.0,11.2,3.2,5.6,219,62,14980.0,0,0.07,0.0,140.0,1,0.0,2,0,0.0,-1,-1,-1,-1,0.0,0.0
2026-02-20T18:00,0.0,0.0,0.0,0.0,9.9,2.47,5.5,216,27,14980.0,0,0.062,0.0,110.0,1,0.0,1,0,0.0,-1,-1,-1,-1,0.0,0.0
2026-02-20T19:00,0.0,0.0,0.0,0.0,8.9,2.53,4.4,205,66,14980.0,0,0.062,0.0,95.0,1,0.0,2,0,0.0,-1,-1,-1,-1,0.0,0.0
2026-02-20T20:00,0.0,0.0,0.0,0.0,7.5,2.1,4.3,208,98,14980.0,0,0.062,0.0,80.0,1,0.0,3,0,0.0,-1,-1,-1,-1,0.0,0.0
2026-02-20T21:00,0.0,0.0,0.0,0.0,6.8,1.9,3.4,207,94,13660.0,0,0.062,0.0,70.0,1,0.0,3,0,0.0,-1,-1,-1,-1,0.0,0.0
2026-02-20T22:00,0.0,0.0,0.0,0.0,6.3,1.96,3.2,199,88,13660.0,0,0.062,0.0,65.0,1,0.0,3,0,0.0,-1,-1,-1,-1,0.0,0.0
2026-02-20T23:00,0.0,0.0,0.0,0.0,6.3,2.29,3.9,196,98,13660.0,0,0.063,0.0,70.0,1,0.0,3,0,0.0,-1,-1,-1,-1,0.0,0.0
2026-02-21T00:00,0.0,0.0,0.0,0.0,8.3,2.44,4.4,195,98,13660.0,1,0.065,0.0,65.0,1,0.0,3,0,0.0,-1,-1,-1,-1,0.0,0.0
2026-02-21T01:00,0.0,0.0,0.0,0.0,10.7,2.55,4.8,206,90,14980.0,1,0.065,0.0,100.0,1,0.0,3,0,0.0,-1,-1,-1,-1,0.0,0.0
2026-02-21T02:00,0.0,0.0,0.0,0.0,14.1,2.43,5.4,212,99,14980.0,1,0.065,0.0,155.0,1,0.0,3,0,0.0,-1,-1,-1,-1,0.0,0.0
2026-02-21T03:00,0.0,0.0,0.0,0.0,17.3,2.51,5.6,227,91,15140.0,1,0.065,0.0,240.0,1,0.0,3,0,0.0,-1,-1,-1,-1,0.0,0.0
2026-02-21T04:00,0.0,0.0,0.0,0.0,20.7,3.41,7.3,219,94,15160.0,1,0.065,0.0,535.0,1,0.0,3,0,0.0,-1,-1,-1,-1,0.0,0.0
2026-02-21T05:00,0.0,0.0,0.0,0.0,24.4,4.89,9.6,250,73,15260.0,1,0.065,0.0,1235.0,1,0.0,2,0,0.0,-1,-1,-1,-1,0.0,0.0
2026-02-21T06:00,0.0,0.0,0.0,0.0,27.0,5.13,10.8,248,0,15440.0,1,0.07,0.0,3705.0,1,0.0,0,0,0.0,-1,-1,-1,-1,0.0,0.0
2026-02-21T07:00,0.0,0.0,0.0,0.0,26.3,6.45,12.6,269,0,15440.0,1,0.07,0.0,3510.0,1,0.0,0,0,0.0,-1,-1,-1,-1,0.0,0.0
2026-02-21T08:00,0.0,0.0,0.0,0.0,25.8,6.81,12.8,273,0,15440.0,1,0.07,0.0,3775.0,1,0.0,0,0,0.0,-1,-1,-1,-1,0.0,0.0
2026-02-21T09:00,0.0,0.0,0.0,0.0,23.7,5.67,13.0,275,0,15440.0,1,0.07,0.0,1715.0,1,0.0,0,0,0.0,-1,-1,-1,-1,0.0,0.0
2026-02-21T10:00,0.0,0.0,0.0,0.0,20.8,5.76,10.5,253,0,15440.0,1,0.07,0.0,940.0,1,0.0,0,0,0.0,-1,-1,-1,-1,0.0,0.0
2026-02-21T11:00,0.0,0.0,0.0,0.0,20.3,8.31,15.1,261,0,15440.0,0,0.07,0.0,1475.0,1,0.0,0,0,0.0,-1,-1,-1,-1,0.0,0.0
2026-02-21T12:00,0.0,0.0,0.0,0.0,20.5,9.86,19.0,261,0,15440.0,0,0.06,0.0,2735.0,1,0.0,0,0,0.0,-1,-1,-1,-1,0.0,0.0
2026-02-21T13:00,0.0,0.0,0.0,0.0,18.9,8.58,18.3,275,0,15440.0,0,0.06,0.0,2775.0,1,0.0,0,0,0.0,-1,-1,-1,-1,0.0,0.0
2026-02-21T14:00,0.0,0.0,0.0,0.0,18.0,9.05,17.4,281,0,15440.0,0,0.06,0.0,3020.0,1,0.0,0,0,0.0,-1,-1,-1,-1,0.0,0.0
2026-02-21T15:00,0.0,0.0,0.0,0.0,14.4,7.32,16.6,342,0,15440.0,0,0.06,0.0,1085.0,1,0.0,0,0,0.0,-1,-1,-1,-1,0.0,0.0
2026-02-21T16:00,0.0,0.0,0.0,0.0,11.8,8.0,14.3,343,0,15280.0,0,0.06,0.0,1240.0,1,0.0,0,0,0.0,-1,-1,-1,-1,0.0,0.0
2026-02-21T17:00,0.0,0.0,0.0,0.0,10.3,8.46,15.5,336,0,15280.0,0,0.06,0.0,1320.0,1,0.0,0,0,0.0,-1,-1,-1,-1,0.0,0.0
2026-02-21T18:00,0.0,0.0,0.0,0.0,10.2,5.91,15.7,335,0,15280.0,0,0.048,0.0,1115.0,1,0.0,0,0,0.0,-1,-1,-1,-1,0.0,0.0
2026-02-21T19:00,0.0,0.0,0.0,0.0,9.1,5.14,10.8,342,0,15280.0,0,0.049,0.0,900.0,1,0.0,0,0,0.0,-1,-1,-1,-1,0.0,0.0
2026-02-21T20:00,0.0,0.0,0.0,0.0,7.2,1.87,9.3,351,0,15160.0,0,0.049,0.0,305.0,1,0.0,0,0,0.0,-1,-1,-1,-1,0.0,0.0
2026-02-21T21:00,0.0,0.0,0.0,0.0,4.5,1.72,3.1,54,0,15160.0,0,0.049,0.0,155.0,1,0.0,0,0,0.0,-1,-1,-1,-1,0.0,0.0
2026-02-21T22:00,0.0,0.0,0.0,0.0,3.4,1.64,3.0,78,0,15160.0,0,0.049,0.0,105.0,1,0.0,0,0,0.0,-1,-1,-1,-1,0.0,0.0
2026-02-21T23:00,0.0,0.0,0.0,0.0,2.6,1.79,3.0,67,0,15160.0,1,0.049,0.0,90.0,1,0.0,0,0,0.0,-1,-1,-1,-1,0.0,0.0
2026-02-22T00:00,0.0,0.0,0.0,0.0,3.9,1.68,3.1,100,0,15000.0,1,0.048,0.0,50.0,1,0.0,0,0,0.0,-1,-1,-1,-1,0.0,0.0
2026-02-22T01:00,0.0,0.0,0.0,0.0,6.6,1.25,3.7,74,0,15160.0,1,0.048,0.0,145.0,1,0.0,0,0,0.0,-1,-1,-1,-1,0.0,0.0
2026-02-22T02:00,0.0,0.0,0.0,0.0,8.3,0.78,3.6,15,0,15160.0,1,0.049,0.0,925.0,1,0.0,0,0,0.0,-1,-1,-1,-1,0.0,0.0
2026-02-22T03:00,0.0,0.0,0.0,0.0,9.6,1.06,4.3,319,0,15280.0,1,0.049,0.0,1880.0,1,0.0,0,0,0.0,-1,-1,-1,-1,0.0,0.0
2026-02-22T04:00,0.0,0.0,0.0,0.0,10.8,2.09,5.9,287,0,15280.0,1,0.049,0.0,2335.0,1,0.0,0,0,0.0,-1,-1,-1,-1,0.0,0.0
2026-02-22T05:00,0.0,0.0,0.0,0.0,11.6,3.1,7.6,288,3,15280.0,1,0.049,0.0,2380.0,1,0.0,0,0,0.0,-1,-1,-1,-1,0.0,0.0
2026-02-22T06:00,0.0,0.0,0.0,0.0,12.0,3.28,7.7,291,0,15280.0,1,0.051,0.0,2385.0,1,0.0,0,0,0.0,-1,-1,-1,-1,0.0,0.0
2026-02-22T07:00,0.0,0.0,0.0,0.0,12.5,3.5,7.9,301,1,15280.0,1,0.051,0.0,2355.0,1,0.0,0,0,0.0,-1,-1,-1,-1,0.0,0.0
2026-02-22T08:00,0.0,0.0,0.0,0.0,12.2,3.03,7.9,329,12,15280.0,1,0.051,0.0,2345.0,1,0.0,0,0,0.0,-1,-1,-1,-1,0.0,0.0
2026-02-22T09:00,0.0,0.0,0.0,0.0,11.2,2.62,6.7,8,0,15280.0,1,0.051,0.0,1565.0,1,0.0,0,0,0.0,-1,-1,-1,-1,0.0,0.0
2026-02-22T10:00,0.0,0.0,0.0,0.0,9.0,2.3,5.3,41,0,15280.0,1,0.051,0.0,250.0,1,0.0,0,0,0.0,-1,-1,-1,-1,0.0,0.0
2026-02-22T11:00,0.0,0.0,0.0,0.0,7.6,2.87,5.0,61,25,15280.0,0,0.051,0.0,185.0,1,0.0,1,0,0.0,-1,-1,-1,-1,0.0,0.0
2026-02-22T12:00,0.0,0.0,0.0,0.0,6.9,2.82,5.7,63,100,15280.0,0,0.058,0.0,170.0,1,0.0,3,0,0.0,-1,-1,-1,-1,0.0,0.0
2026-02-22T13:00,0.0,0.0,0.0,0.0,6.0,2.62,5.0,66,76,15280.0,0,0.058,0.0,180.0,1,0.0,2,0,0.0,-1,-1,-1,-1,0.0,0.0
2026-02-22T14:00,0.0,0.0,0.0,0.0,5.1,3.76,6.1,63,4,15280.0,0,0.058,0.0,315.0,1,0.0,0,0,0.0,-1,-1,-1,-1,0.0,0.0
2026-02-22T15:00,0.0,0.0,0.0,0.0,3.6,5.13,9.2,75,5,15160.0,0,0.058,0.0,385.0,1,0.0,0,0,0.0,-1,-1,-1,-1,0.0,0.0
2026-02-22T16:00,0.0,0.0,0.0,0.0,2.6,5.05,9.8,89,13,15000.0,0,0.058,0.0,460.0,1,0.0,0,0,0.0,-1,-1,-1,-1,0.0,0.0
2026-02-22T17:00,0.0,0.0,0.0,0.0,1.9,4.56,9.2,86,2,15160.0,0,0.058,0.0,450.0,1,0.0,0,0,0.0,-1,-1,-1,-1,0.0,0.0
2026-02-22T18:00,0.0,0.0,0.0,0.0,1.5,4.4,8.3,88,50,15160.0,0,0.068,0.0,465.0,1,0.0,2,0,0.0,-1,-1,-1,-1,0.0,0.0
2026-02-22T19:00,0.0,0.0,0.0,0.0,1.1,4.2,8.0,88,35,15160.0,0,0.068,0.0,445.0,1,0.0,1,0,0.0,-1,-1,-1,-1,0.0,0.0
2026-02-22T20:00,0.0,0.0,0.0,0.0,0.7,4.27,7.7,85,58,15000.0,0,0.068,0.0,440.0,1,0.0,2,0,0.0,-1,-1,-1,-1,0.0,0.0
2026-02-22T21:00,0.0,0.0,0.0,0.0,0.4,4.07,7.7,85,83,15000.0,0,0.068,0.0,430.0,1,0.0,3,0,0.0,-1,-1,-1,-1,0.0,0.0
2026-02-22T22:00,0.0,0.0,0.0,0.0,-0.1,3.44,7.3,82,83,15000.0,0,0.068,0.0,400.0,1,0.0,3,0,0.0,-1,-1,-1,-1,0.0,0.0
2026-02-22T23:00,0.0,0.0,0.0,0.0,-0.7,2.27,6.2,68,38,15000.0,1,0.068,0.0,355.0,1,0.0,1,0,0.0,-1,-1,-1,-1,0.0,0.0
2026-02-23T00:00,0.0,0.0,0.0,0.0,-0.2,2.37,4.3,42,84,15000.0,1,0.065,0.0,235.0,1,0.0,3,0,0.0,-1,-1,-1,-1,0.0,0.0
2026-02-23T01:00,0.0,0.0,0.0,0.0,1.9,1.87,4.6,56,99,15160.0,1,0.065,0.0,435.0,1,0.0,3,0,0.0,-1,-1,-1,-1,0.0,0.0
2026-02-23T02:00,0.0,0.0,0.0,0.0,3.5,1.86,5.1,66,100,15160.0,1,0.065,0.0,515.0,1,0.0,3,0,0.0,-1,-1,-1,-1,0.0,0.0
2026-02-23T03:00,0.0,0.0,0.0,0.0,4.9,1.52,5.1,67,100,15180.0,1,0.065,0.0,560.0,1,0.0,3,0,0.0,-1,-1,-1,-1,0.0,0.0
2026-02-23T04:00,0.0,0.0,0.0,0.0,6.4,1.19,4.8,105,100,15180.0,1,0.065,0.0,670.0,1,0.0,3,0,0.0,-1,-1,-1,-1,0.0,0.0
2026-02-23T05:00,0.0,0.0,0.0,0.0,7.6,1.26,4.7,162,100,15180.0,1,0.065,0.0,860.0,1,0.0,3,0,0.0,-1,-1,-1,-1,0.0,0.0
2026-02-23T06:00,0.0,0.0,0.0,0.0,7.6,1.35,4.8,184,100,15180.0,1,0.066,0.0,935.0,1,0.0,3,0,0.0,-1,-1,-1,-1,0.0,0.0
2026-02-23T07:00,0.0,0.0,0.0,0.0,8.1,1.67,4.9,189,100,15180.0,1,0.066,0.0,960.0,1,0.0,3,0,0.0,-1,-1,-1,-1,0.0,0.0
2026-02-23T08:00,0.0,0.0,0.0,0.0,8.1,2.29,5.4,190,100,15180.0,1,0.066,0.0,940.0,1,0.0,3,0,0.0,-1,-1,-1,-1,0.0,0.0
2026-02-23T09:00,0.0,0.0,0.0,0.0,7.7,2.27,5.4,188,100,15180.0,1,0.066,0.0,835.0,1,0.0,3,0,0.0,-1,-1,-1,-1,0.0,0.0
2026-02-23T10:00,0.0,0.0,0.0,0.0,6.1,0.84,4.7,197,100,15180.0,1,0.066,0.0,145.0,1,0.0,3,0,0.0,-1,-1,-1,-1,0.0,0.0
2026-02-23T11:00,0.0,0.0,0.0,0.0,5.3,1.23,2.0,258,100,15000.0,0,0.066,0.0,95.0,1,0.0,3,0,0.0,-1,-1,-1,-1,0.0,0.0
2026-02-23T12:00,0.0,0.0,0.0,0.0,4.9,1.32,2.4,281,100,15180.0,0,0.065,0.0,80.0,1,0.0,3,0,0.0,-1,-1,-1,-1,0.0,0.0
2026-02-23T13:00,0.0,0.0,0.0,0.0,4.3,0.86,2.1,263,100,15180.0,0,0.065,0.0,45.0,1,0.0,3,0,0.0,-1,-1,-1,-1,0.0,0.0
2026-02-23T14:00,0.0,0.0,0.0,0.0,3.8,0.49,1.2,225,100,15000.0,0,0.065,0.0,25.0,1,0.0,3,0,0.0,-1,-1,-1,-1,0.0,0.0
2026-02-23T15:00,0.0,0.0,0.0,0.0,3.0,1.05,1.5,211,100,15000.0,0,0.065,0.0,40.0,1,0.0,3,0,0.0,-1,-1,-1,-1,0.0,0.0
2026-02-23T16:00,0.0,0.0,0.0,0.0,2.0,1.35,1.9,219,99,15020.0,0,0.066,0.0,45.0,1,0.0,3,0,0.0,-1,-1,-1,-1,0.0,0.0
2026-02-23T17:00,0.0,0.0,0.0,0.0,1.1,1.62,2.6,236,55,13700.0,0,0.066,0.0,55.0,1,0.0,2,0,0.0,-1,-1,-1,-1,0.0,0.0
2026-02-23T18:00,0.0,0.0,0.0,0.0,0.6,1.52,2.6,247,7,15020.0,0,0.061,0.0,45.0,1,0.0,0,0,0.0,-1,-1,-1,-1,0.0,0.0
2026-02-23T19:00,0.0,0.0,0.0,0.0,0.2,1.0,2.2,276,46,13700.0,0,0.061,0.0,30.0,1,0.0,1,0,0.0,-1,-1,-1,-1,0.0,0.0
2026-02-23T20:00,0.0,0.0,0.0,0.0,-0.2,0.45,1.4,276,95,13700.0,0,0.062,0.0,20.0,1,0.0,3,0,0.0,-1,-1,-1,-1,0.0,0.0
2026-02-23T21:00,0.0,0.0,0.0,0.0,0.1,0.11,0.6,333,100,13700.0,0,0.062,0.0,10.0,1,0.0,3,0,0.0,-1,-1,-1,-1,0.0,0.0
2026-02-23T22:00,0.0,0.0,0.0,0.0,1.0,0.25,0.6,169,100,13700.0,0,0.062,0.0,10.0,1,0.0,3,0,0.0,-1,-1,-1,-1,0.0,0.0
2026-02-23T23:00,0.0,0.0,0.0,0.0,1.5,0.96,1.6,171,100,13700.0,1,0.062,0.0,35.0,1,0.0,3,0,0.0,-1,-1,-1,-1,0.0,0.0
2026-02-24T00:00,0.0,0.0,0.0,0.0,2.0,1.38,2.6,193,54,13100.0,1,0.066,0.0,75.0,1,0.0,2,0,0.0,-1,-1,-1,-1,0.0,0.0
2026-02-24T01:00,0.0,0.0,0.0,0.0,4.0,0.97,3.1,201,4,13100.0,1,0.066,0.0,150.0,1,0.0,0,0,0.0,-1,-1,-1,-1,0.0,0.0
2026-02-24T02:00,0.0,0.0,0.0,0.0,6.5,1.29,4.2,216,3,13100.0,1,0.066,0.0,425.0,1,0.0,0,0,0.0,-1,-1,-1,-1,0.0,0.0
2026-02-24T03:00,0.0,0.0,0.0,0.0,8.5,2.09,5.7,220,5,13100.0,1,0.066,0.0,825.0,1,0.0,0,0,0.0,-1,-1,-1,-1,0.0,0.0
2026-02-24T04:00,0.0,0.0,0.0,0.0,10.4,3.19,7.4,215,73,13100.0,1,0.066,0.0,1095.0,1,0.0,2,0,0.0,-1,-1,-1,-1,0.0,0.0
2026-02-24T05:00,0.0,0.0,0.0,0.0,11.4,3.18,8.0,208,58,13700.0,1,0.066,0.0,1230.0,1,0.0,2,0,0.0,-1,-1,-1,-1,0.0,0.0
2026-02-24T06:00,0.0,0.0,0.0,0.0,11.9,3.1,7.5,198,99,13700.0,1,0.066,0.0,1330.0,1,0.0,3,0,0.0,-1,-1,-1,-1,0.0,0.0
2026-02-24T07:00,0.0,0.0,0.0,0.0,12.3,2.85,7.2,183,25,13700.0,1,0.066,0.0,1280.0,1,0.0,1,0,0.0,-1,-1,-1,-1,0.0,0.0
2026-02-24T08:00,0.0,0.0,0.0,0.0,12.4,3.12,6.8,174,1,13700.0,1,0.066,0.0,1215.0,1,0.0,0,0,0.0,-1,-1,-1,-1,0.0,0.0
2026-02-24T09:00,0.0,0.0,0.0,0.0,12.0,2.98,6.7,172,1,13720.0,1,0.066,0.0,1200.0,1,0.0,0,0,0.0,-1,-1,-1,-1,0.0,0.0
2026-02-24T10:00,0.0,0.0,0.0,0.0,9.2,1.71,5.5,173,0,13720.0,1,0.067,0.0,220.0,1,0.0,0,0,0.0,-1,-1,-1,-1,0.0,0.0
2026-02-24T11:00,0.0,0.0,0.0,0.0,7.5,1.78,2.7,170,0,13100.0,0,0.067,0.0,95.0,1,0.0,0,0,0.0,-1,-1,-1,-1,0.0,0.0
2026-02-24T12:00,0.0,0.0,0.0,0.0,7.4,2.36,3.1,167,5,13100.0,0,0.068,0.0,150.0,1,0.0,0,0,0.0,-1,-1,-1,-1,0.0,0.0
2026-02-24T13:00,0.0,0.0,0.0,0.0,7.2,2.75,4.8,170,12,12360.0,0,0.068,0.0,195.0,1,0.0,0,0,0.0,-1,-1,-1,-1,0.0,0.0
2026-02-24T14:00,0.0,0.0,0.0,0.0,6.8,3.21,5.6,185,27,12360.0,0,0.068,0.0,300.0,1,0.0,1,0,0.0,-1,-1,-1,-1,0.0,0.0
2026-02-24T15:00,0.0,0.0,0.0,0.0,6.4,3.42,5.8,192,0,12360.0,0,0.068,0.0,350.0,1,0.0,0,0,0.0,-1,-1,-1,-1,0.0,0.0
2026-02-24T16:00,0.0,0.0,0.0,0.0,5.9,3.54,6.2,199,0,11460.0,0,0.069,0.0,325.0,1,0.0,0,0,0.0,-1,-1,-1,-1,0.0,0.0
2026-02-24T17:00,0.0,0.0,0.0,0.0,5.3,4.15,7.2,193,1,11460.0,0,0.069,0.0,420.0,1,0.0,0,0,0.0,-1,-1,-1,-1,0.0,0.0
2026-02-24T18:00,0.0,0.0,0.0,0.0,4.8,4.24,7.8,187,6,10080.0,0,0.059,0.0,500.0,1,0.0,0,0,0.0,-1,-1,-1,-1,0.0,0.0
2026-02-24T19:00,0.0,0.0,0.0,0.0,5.0,4.26,7.8,193,9,10080.0,0,0.059,0.0,555.0,1,0.0,0,0,0.0,-1,-1,-1,-1,0.0,0.0
2026-02-24T20:00,0.0,0.0,0.0,0.0,4.9,4.14,7.7,192,5,10080.0,0,0.059,0.0,580.0,1,0.0,0,0,0.0,-1,-1,-1,-1,0.0,0.0
2026-02-24T21:00,0.0,0.0,0.0,0.0,4.9,3.99,7.5,188,63,11460.0,0,0.059,0.0,645.0,1,0.0,2,0,0.0,-1,-1,-1,-1,0.0,0.0
2026-02-24T22:00,0.0,0.0,0.0,0.0,5.3,4.04,7.3,195,100,11460.0,0,0.059,0.0,855.0,1,0.0,3,0,0.0,-1,-1,-1,-1,0.0,0.0
2026-02-24T23:00,0.0,0.0,0.0,0.0,5.7,5.01,8.9,194,55,11460.0,1,0.059,0.0,860.0,1,0.0,2,0,0.0,-1,-1,-1,-1,0.0,0.0
2026-02-25T00:00,0.0,0.0,0.0,0.0,6.0,5.22,10.4,192,80,11460.0,1,0.052,0.0,885.0,1,0.0,3,0,0.0,-1,-1,-1,-1,0.0,0.0
2026-02-25T01:00,0.0,0.0,0.0,0.0,7.8,8.14,14.0,192,69,12380.0,1,0.052,0.0,925.0,1,0.0,2,0,0.0,-1,-1,-1,-1,0.0,0.0
2026-02-25T02:00,0.0,0.0,0.0,0.0,8.8,7.62,15.8,197,73,12380.0,1,0.052,0.0,980.0,1,0.0,2,0,0.0,-1,-1,-1,-1,0.0,0.0
2026-02-25T03:00,0.0,0.0,0.0,0.0,9.7,6.76,14.5,201,77,13100.0,1,0.052,0.0,1020.0,1,0.0,2,0,0.0,-1,-1,-1,-1,0.0,0.0
2026-02-25T04:00,0.0,0.0,0.0,0.0,10.8,6.14,13.2,201,73,13100.0,1,0.052,0.0,1110.0,1,0.0,2,0,0.0,-1,-1,-1,-1,0.0,0.0
2026-02-25T05:00,0.0,0.0,0.0,0.0,11.9,5.69,12.2,197,86,13100.0,1,0.052,0.0,1200.0,1,0.0,3,0,0.0,-1,-1,-1,-1,0.0,0.0
2026-02-25T06:00,0.0,0.0,0.0,0.0,10.5,5.24,11.6,193,100,13100.0,1,0.07,0.0,1190.0,1,0.0,3,0,0.0,-1,-1,-1,-1,0.0,0.0
2026-02-25T07:00,0.0,0.0,0.0,0.0,11.0,4.67,10.3,186,88,13100.0,1,0.07,0.0,1225.0,1,0.0,3,0,0.0,-1,-1,-1,-1,0.0,0.0
2026-02-25T08:00,0.0,0.0,0.0,0.0,11.2,4.11,9.3,176,95,13120.0,1,0.07,0.0,1265.0,1,0.0,3,0,0.0,-1,-1,-1,-1,0.0,0.0
2026-02-25T09:00,0.0,0.0,0.0,0.0,11.0,3.56,8.3,177,100,13120.0,1,0.071,0.0,1255.0,1,0.0,3,0,0.0,-1,-1,-1,-1,0.0,0.0
2026-02-25T10:00,0.0,0.0,0.0,0.0,10.4,2.02,6.9,171,100,13120.0,1,0.071,0.0,910.0,1,0.0,3,0,0.0,-1,-1,-1,-1,0.0,0.0
2026-02-25T11:00,0.0,0.0,0.0,0.0,9.5,1.18,3.6,144,100,13120.0,0,0.071,0.0,105.0,1,0.0,3,0,0.0,-1,-1,-1,-1,0.0,0.0
2026-02-25T12:00,0.0,0.0,0.0,0.0,9.3,1.88,2.9,132,100,13120.0,0,0.053,0.0,215.0,1,0.0,3,0,0.0,-1,-1,-1,-1,0.0,0.0
2026-02-25T13:00,0.0,0.0,0.0,0.0,8.6,1.96,3.5,122,100,12380.0,0,0.053,0.0,205.0,1,0.0,3,0,0.0,-1,-1,-1,-1,0.0,0.0
2026-02-25T14:00,0.0,0.0,0.0,0.0,8.5,1.61,3.5,126,100,12380.0,0,0.053,0.0,275.0,1,0.0,3,0,0.0,-1,-1,-1,-1,0.0,0.0
2026-02-25T15:00,0.7,1.0,0.0,0.0,8.1,1.11,2.9,162,100,12380.0,0,0.061,0.0,195.0,1,0.0,53,1,0.0,0,0,4,379,0.408,0.709
2026-02-25T16:00,0.4,0.5,0.0,0.0,7.4,1.1,1.8,177,100,4560.0,0,0.066,0.0,110.0,1,0.0,51,1,0.2,0,1,3,379,0.408,0.409
2026-02-25T17:00,0.4,0.0,0.0,0.0,7.1,1.54,2.5,167,100,4520.0,0,0.071,0.0,85.0,1,0.0,51,1,0.4,0,2,2,379,0.408,0.109
2026-02-25T18:00,0.9,0.778,0.0,0.0,6.9,2.26,3.5,145,100,4740.0,0,0.091,0.0,130.0,0,0.0,53,1,0.2,0,3,1,379,0.408,0.576
2026-02-25T19:00,0.2,0.0,0.0,0.0,6.8,0.85,3.9,130,100,5200.0,0,0.093,0.0,80.0,0,0.0,51,0,0.2,-1,-1,-1,-1,0.0,0.0
2026-02-25T20:00,0.1,0.0,0.0,0.0,6.6,0.39,1.1,130,100,7980.0,0,0.094,0.0,50.0,0,0.0,51,0,0.1,-1,-1,-1,-1,0.0,0.0
2026-02-25T21:00,0.0,0.0,0.0,0.0,6.6,0.21,0.5,45,100,9180.0,0,0.094,0.0,25.0,1,0.0,3,0,0.0,-1,-1,-1,-1,0.0,0.0
2026-02-25T22:00,0.0,0.0,0.0,0.0,6.3,0.85,1.4,62,100,9200.0,0,0.094,0.0,60.0,1,0.0,3,0,0.0,-1,-1,-1,-1,0.0,0.0
2026-02-25T23:00,0.0,0.0,0.0,0.0,6.2,1.68,2.7,10,100,4600.0,1,0.095,0.0,140.0,1,0.0,3,0,0.0,-1,-1,-1,-1,0.0,0.0
2026-02-26T00:00,0.1,0.0,0.0,0.0,6.3,1.91,3.1,45,100,5500.0,1,0.118,0.0,205.0,1,0.0,51,0,0.1,-1,-1,-1,-1,0.0,0.0
2026-02-26T01:00,0.0,0.0,0.0,0.0,6.7,2.35,4.5,29,100,7060.0,1,0.119,0.0,275.0,1,0.0,3,0,0.0,-1,-1,-1,-1,0.0,0.0
2026-02-26T02:00,0.0,0.0,0.0,0.0,7.7,3.09,6.4,39,100,10100.0,1,0.119,0.0,395.0,1,0.0,3,0,0.0,-1,-1,-1,-1,0.0,0.0
2026-02-26T03:00,0.0,0.0,0.0,0.0,8.5,2.95,6.5,34,100,11480.0,1,0.119,0.0,705.0,1,0.0,3,0,0.0,-1,-1,-1,-1,0.0,0.0
2026-02-26T04:00,0.0,0.0,0.0,0.0,9.7,4.08,8.4,40,100,12380.0,1,0.118,0.0,975.0,1,0.0,3,0,0.0,-1,-1,-1,-1,0.0,0.0
2026-02-26T05:00,0.1,1.0,0.0,0.0,9.7,4.36,8.7,42,100,12380.0,1,0.119,10.0,980.0,1,0.0,51,0,0.0,-1,-1,-1,-1,0.0,0.0
2026-02-26T06:00,0.0,0.0,0.0,0.0,8.1,4.78,10.0,53,100,11480.0,1,0.126,0.0,865.0,1,0.0,3,0,0.0,-1,-1,-1,-1,0.0,0.0
2026-02-26T07:00,0.0,0.0,0.0,0.0,7.3,4.75,9.8,60,100,11480.0,1,0.126,0.0,760.0,1,0.0,3,0,0.0,-1,-1,-1,-1,0.0,0.0
2026-02-26T08:00,0.0,0.0,0.0,0.0,6.5,4.02,9.4,55,100,11500.0,1,0.126,0.0,680.0,1,0.0,3,0,0.0,-1,-1,-1,-1,0.0,0.0
2026-02-26T09:00,0.0,0.0,0.0,0.0,5.9,3.98,8.0,57,100,11480.0,1,0.125,0.0,625.0,1,0.0,3,0,0.0,-1,-1,-1,-1,0.0,0.0
2026-02-26T10:00,0.0,0.0,0.0,0.0,5.1,3.48,7.9,55,100,11500.0,1,0.125,0.0,540.0,1,0.0,3,0,0.0,-1,-1,-1,-1,0.0,0.0
2026-02-26T11:00,0.0,0.0,0.0,0.0,4.6,3.44,6.7,57,100,11500.0,0,0.125,0.0,505.0,1,0.0,3,0,0.0,-1,-1,-1,-1,0.0,0.0
2026-02-26T12:00,0.0,0.0,0.0,0.0,3.8,3.76,6.7,54,100,7560.0,0,0.146,0.0,490.0,1,0.0,3,0,0.0,-1,-1,-1,-1,0.0,0.0
2026-02-26T13:00,0.0,0.0,0.0,0.0,3.3,3.59,7.3,50,100,6680.0,0,0.146,0.0,445.0,1,0.0,3,0,0.0,-1,-1,-1,-1,0.0,0.0
2026-02-26T14:00,0.1,0.0,0.0,0.0,3.0,3.22,6.9,64,100,7040.0,0,0.146,0.0,425.0,1,0.0,51,0,0.1,-1,-1,-1,-1,0.0,0.0
2026-02-26T15:00,0.0,0.0,0.0,0.0,2.8,2.59,6.1,56,100,6360.0,0,0.147,0.0,385.0,1,0.0,3,0,0.0,-1,-1,-1,-1,0.0,0.0
2026-02-26T16:00,0.1,0.0,0.0,0.0,2.7,2.67,5.1,77,100,6060.0,0,0.148,0.0,370.0,1,0.0,51,0,0.1,-1,-1,-1,-1,0.0,0.0
2026-02-26T17:00,0.0,0.0,0.0,0.0,2.6,2.55,5.3,50,100,7740.0,0,0.148,0.0,330.0,1,0.0,3,0,0.0,-1,-1,-1,-1,0.0,0.0
2026-02-26T18:00,0.0,0.0,0.0,0.0,2.5,2.55,5.0,43,100,8600.0,0,0.153,0.0,320.0,1,0.0,3,0,0.0,-1,-1,-1,-1,0.0,0.0
2026-02-26T19:00,0.0,0.0,0.0,0.0,2.4,2.67,5.2,52,100,8960.0,0,0.153,0.0,330.0,1,0.0,3,0,0.0,-1,-1,-1,-1,0.0,0.0
2026-02-26T20:00,0.0,0.0,0.0,0.0,2.2,2.57,5.2,37,100,9200.0,0,0.153,0.0,350.0,1,0.0,3,0,0.0,-1,-1,-1,-1,0.0,0.0
2026-02-26T21:00,0.0,0.0,0.0,0.0,2.2,2.37,5.0,44,100,8980.0,0,0.153,0.0,365.0,1,0.0,3,0,0.0,-1,-1,-1,-1,0.0,0.0
2026-02-26T22:00,0.0,0.0,0.0,0.0,2.0,2.32,4.6,53,100,9080.0,0,0.153,0.0,345.0,1,0.0,3,0,0.0,-1,-1,-1,-1,0.0,0.0
2026-02-26T23:00,0.0,0.0,0.0,0.0,1.9,2.22,4.5,59,100,9040.0,1,0.153,0.0,335.0,1,0.0,3,0,0.0,-1,-1,-1,-1,0.0,0.0
2026-02-27T00:00,0.0,0.0,0.0,0.0,2.3,2.41,4.4,56,100,9480.0,1,0.169,0.0,345.0,1,0.0,3,0,0.0,-1,-1,-1,-1,0.0,0.0
2026-02-27T01:00,0.0,0.0,0.0,0.0,2.9,2.44,5.3,67,100,11240.0,1,0.169,0.0,380.0,1,0.0,3,0,0.0,-1,-1,-1,-1,0.0,0.0
2026-02-27T02:00,0.0,0.0,0.0,0.0,4.1,2.17,5.5,71,100,11500.0,1,0.168,0.0,515.0,1,0.0,3,0,0.0,-1,-1,-1,-1,0.0,0.0
2026-02-27T03:00,0.0,0.0,0.0,0.0,5.1,1.39,5.3,75,100,11500.0,1,0.168,0.0,635.0,1,0.0,3,0,0.0,-1,-1,-1,-1,0.0,0.0
2026-02-27T04:00,0.0,0.0,0.0,0.0,5.9,0.67,4.4,42,100,12400.0,1,0.167,0.0,770.0,1,0.0,3,0,0.0,-1,-1,-1,-1,0.0,0.0
2026-02-27T05:00,0.0,0.0,0.0,0.0,6.4,0.96,3.8,9,100,12400.0,1,0.167,0.0,830.0,1,0.0,3,0,0.0,-1,-1,-1,-1,0.0,0.0
2026-02-27T06:00,0.0,0.0,0.0,0.0,6.1,1.81,4.5,48,100,12400.0,1,0.188,0.0,815.0,1,0.0,3,0,0.0,-1,-1,-1,-1,0.0,0.0
2026-02-27T07:00,0.0,0.0,0.0,0.0,7.0,1.74,5.4,51,92,12400.0,1,0.187,0.0,900.0,1,0.0,3,0,0.0,-1,-1,-1,-1,0.0,0.0
2026-02-27T08:00,0.0,0.0,0.0,0.0,7.3,1.48,4.9,62,100,12400.0,1,0.187,0.0,985.0,1,0.0,3,0,0.0,-1,-1,-1,-1,0.0,0.0
2026-02-27T09:00,0.0,0.0,0.0,0.0,7.1,1.56,4.1,84,100,12400.0,1,0.186,0.0,960.0,1,0.0,3,0,0.0,-1,-1,-1,-1,0.0,0.0
2026-02-27T10:00,0.0,0.0,0.0,0.0,6.4,0.86,3.7,80,79,12400.0,1,0.186,0.0,250.0,1,0.0,2,0,0.0,-1,-1,-1,-1,0.0,0.0
2026-02-27T11:00,0.0,0.0,0.0,0.0,5.7,0.46,1.5,49,75,12400.0,0,0.186,0.0,40.0,1,0.0,2,0,0.0,-1,-1,-1,-1,0.0,0.0
2026-02-27T12:00,0.0,0.0,0.0,0.0,4.3,1.14,0.7,331,19,12400.0,0,0.171,0.0,40.0,1,0.0,0,0,0.0,-1,-1,-1,-1,0.0,0.0
2026-02-27T13:00,0.0,0.0,0.0,0.0,3.2,1.7,2.7,3,17,11500.0,0,0.171,0.0,55.0,1,0.0,0,0,0.0,-1,-1,-1,-1,0.0,0.0
2026-02-27T14:00,0.0,0.0,0.0,0.0,2.3,1.64,2.7,31,42,11500.0,0,0.171,0.0,65.0,1,0.0,1,0,0.0,-1,-1,-1,-1,0.0,0.0
2026-02-27T15:00,0.0,0.0,0.0,0.0,2.6,2.53,4.3,75,28,10120.0,0,0.17,0.0,190.0,1,0.0,1,0,0.0,-1,-1,-1,-1,0.0,0.0
2026-02-27T16:00,0.0,0.0,0.0,0.0,2.0,2.57,4.7,77,100,11500.0,0,0.17,0.0,200.0,1,0.0,3,0,0.0,-1,-1,-1,-1,0.0,0.0
2026-02-27T17:00,0.0,0.0,0.0,0.0,2.0,3.0,5.4,79,100,11500.0,0,0.17,0.0,220.0,1,0.0,3,0,0.0,-1,-1,-1,-1,0.0,0.0
2026-02-27T18:00,0.0,0.0,0.0,0.0,1.9,2.56,5.8,78,100,11520.0,0,0.167,0.0,235.0,1,0.0,3,0,0.0,-1,-1,-1,-1,0.0,0.0
2026-02-27T19:00,0.0,0.0,0.0,0.0,1.7,2.74,5.3,75,100,9440.0,0,0.167,10.0,235.0,1,0.0,3,0,0.0,-1,-1,-1,-1,0.0,0.0
2026-02-27T20:00,0.0,0.0,0.0,0.0,1.7,2.67,5.2,84,100,8280.0,0,0.167,10.0,245.0,1,0.0,3,0,0.0,-1,-1,-1,-1,0.0,0.0
2026-02-27T21:00,0.0,0.0,0.0,0.0,1.8,2.98,5.6,82,100,10700.0,0,0.167,0.0,270.0,1,0.0,3,0,0.0,-1,-1,-1,-1,0.0,0.0
2026-02-27T22:00,0.0,0.0,0.0,0.0,1.9,2.88,5.5,73,100,11520.0,0,0.167,0.0,295.0,1,0.0,3,0,0.0,-1,-1,-1,-1,0.0,0.0
2026-02-27T23:00,0.0,0.0,0.0,0.0,1.9,2.85,5.6,59,100,11520.0,1,0.167,0.0,305.0,1,0.0,3,0,0.0,-1,-1,-1,-1,0.0,0.0
2026-02-28T00:00,0.0,0.0,0.0,0.0,2.2,3.34,5.6,81,100,11520.0,1,0.168,0.0,425.0,1,0.0,3,0,0.0,-1,-1,-1,-1,0.0,0.0
2026-02-28T01:00,0.0,0.0,0.0,0.0,2.9,3.53,7.6,72,100,12420.0,1,0.168,0.0,425.0,1,0.0,3,0,0.0,-1,-1,-1,-1,0.0,0.0
2026-02-28T02:00,0.0,0.0,0.0,0.0,3.8,3.36,7.1,75,100,12420.0,1,0.168,0.0,505.0,1,0.0,3,0,0.0,-1,-1,-1,-1,0.0,0.0
2026-02-28T03:00,0.0,0.0,0.0,0.0,4.5,3.08,7.2,73,100,9600.0,1,0.167,0.0,575.0,1,0.0,3,0,0.0,-1,-1,-1,-1,0.0,0.0
2026-02-28T04:00,0.0,0.0,0.0,0.0,4.7,3.5,7.3,59,100,11900.0,1,0.167,0.0,605.0,1,0.0,3,0,0.0,-1,-1,-1,-1,0.0,0.0
2026-02-28T05:00,0.0,0.0,0.0,0.0,5.4,2.89,7.3,37,100,13140.0,1,0.167,0.0,700.0,1,0.0,3,0,0.0,-1,-1,-1,-1,0.0,0.0
2026-02-28T06:00,0.0,0.0,0.0,0.0,4.5,3.73,7.1,26,100,6260.0,1,0.173,0.0,730.0,1,0.0,3,0,0.0,-1,-1,-1,-1,0.0,0.0
2026-02-28T07:00,0.1,0.0,0.0,0.0,4.1,4.28,8.2,30,100,5820.0,1,0.174,0.0,695.0,1,0.0,51,0,0.1,-1,-1,-1,-1,0.0,0.0
2026-02-28T08:00,0.1,0.0,0.0,0.0,3.5,4.36,8.6,37,100,6320.0,1,0.175,0.0,610.0,1,0.0,51,0,0.1,-1,-1,-1,-1,0.0,0.0
2026-02-28T09:00,0.1,0.0,0.0,0.0,2.9,3.87,8.3,50,100,7020.0,1,0.176,0.0,525.0,1,0.0,51,0,0.1,-1,-1,-1,-1,0.0,0.0
2026-02-28T10:00,0.0,0.0,0.0,0.0,2.4,3.19,7.4,42,100,8640.0,1,0.176,0.0,480.0,1,0.0,3,0,0.0,-1,-1,-1,-1,0.0,0.0
2026-02-28T11:00,0.0,0.0,0.0,0.0,2.2,3.2,6.2,29,100,7580.0,0,0.176,0.0,465.0,1,0.0,3,0,0.0,-1,-1,-1,-1,0.0,0.0
2026-02-28T12:00,0.0,0.0,0.0,0.0,1.3,3.65,7.6,17,100,3340.0,0,0.192,0.0,445.0,1,0.0,3,0,0.0,-1,-1,-1,-1,0.0,0.0
2026-02-28T13:00,0.0,0.0,0.14,0.0,1.0,3.11,7.0,28,100,4920.0,0,0.193,0.0,445.0,1,0.0,71,0,0.0,-1,-1,-1,-1,0.0,0.0
2026-02-28T14:00,0.1,0.0,0.0,0.0,0.8,3.19,6.3,41,100,1300.0,0,0.193,0.0,395.0,1,0.0,51,0,0.1,-1,-1,-1,-1,0.0,0.0
2026-02-28T15:00,0.0,0.0,0.07,0.0,0.6,2.85,6.1,38,100,4300.0,0,0.194,0.0,340.0,1,0.0,71,0,0.0,-1,-1,-1,-1,0.0,0.0
2026-02-28T16:00,0.0,0.0,0.07,0.0,0.5,2.71,5.4,38,100,5340.0,0,0.194,0.0,325.0,1,0.0,71,0,0.0,-1,-1,-1,-1,0.0,0.0
2026-02-28T17:00,0.0,0.0,0.07,0.0,0.5,2.53,5.2,15,100,7080.0,0,0.194,0.0,345.0,1,0.0,71,0,0.0,-1,-1,-1,-1,0.0,0.0
2026-02-28T18:00,0.0,0.0,0.0,0.0,0.4,3.15,5.7,15,100,5980.0,0,0.193,0.0,385.0,1,0.0,3,0,0.0,-1,-1,-1,-1,0.0,0.0
2026-02-28T19:00,0.0,0.0,0.0,0.0,0.4,3.09,6.2,23,100,7960.0,0,0.193,0.0,390.0,1,0.0,3,0,0.0,-1,-1,-1,-1,0.0,0.0
2026-02-28T20:00,0.0,0.0,0.0,0.0,0.3,2.82,5.9,27,100,8640.0,0,0.193,0.0,380.0,1,0.0,3,0,0.0,-1,-1,-1,-1,0.0,0.0
2026-02-28T21:00,0.0,0.0,0.0,0.0,0.2,3.08,5.8,20,100,9860.0,0,0.193,0.0,395.0,1,0.0,3,0,0.0,-1,-1,-1,-1,0.0,0.0
2026-02-28T22:00,0.0,0.0,0.0,0.0,0.2,3.39,6.5,9,100,10080.0,0,0.194,0.0,405.0,1,0.0,3,0,0.0,-1,-1,-1,-1,0.0,0.0
2026-02-28T23:00,0.0,0.0,0.0,0.0,0.1,3.05,6.5,21,100,9640.0,1,0.194,0.0,390.0,1,0.0,3,0,0.0,-1,-1,-1,-1,0.0,0.0
2026-03-01T00:00,0.0,0.0,0.0,0.0,0.4,3.23,6.5,22,100,8940.0,1,0.193,0.0,420.0,1,0.0,3,0,0.0,-1,-1,-1,-1,0.0,0.0
2026-03-01T01:00,0.0,0.0,0.0,0.0,0.7,2.97,6.3,27,100,10320.0,1,0.193,0.0,440.0,1,0.0,3,0,0.0,-1,-1,-1,-1,0.0,0.0
2026-03-01T02:00,0.0,0.0,0.0,0.0,1.2,2.59,5.9,34,100,10120.0,1,0.192,0.0,435.0,1,0.0,3,0,0.0,-1,-1,-1,-1,0.0,0.0
2026-03-01T03:00,0.0,0.0,0.0,0.0,1.8,3.06,6.2,15,100,7700.0,1,0.192,0.0,455.0,1,0.0,3,0,0.0,-1,-1,-1,-1,0.0,0.0
2026-03-01T04:00,0.0,0.0,0.0,0.0,2.1,3.73,7.5,18,100,7960.0,1,0.192,0.0,475.0,1,0.0,3,0,0.0,-1,-1,-1,-1,0.0,0.0
2026-03-01T05:00,0.0,0.0,0.0,0.0,2.2,3.98,7.8,18,100,9460.0,1,0.192,0.0,480.0,1,0.0,3,0,0.0,-1,-1,-1,-1,0.0,0.0
2026-03-01T06:00,0.0,0.0,0.0,0.0,1.9,4.29,8.3,19,100,6820.0,1,0.193,0.0,555.0,1,0.0,3,0,0.0,-1,-1,-1,-1,0.0,0.0
2026-03-01T07:00,0.1,0.0,0.0,0.0,2.4,4.45,8.9,25,100,6940.0,1,0.193,0.0,625.0,1,0.0,51,0,0.1,-1,-1,-1,-1,0.0,0.0
2026-03-01T08:00,0.0,0.0,0.07,0.0,2.5,4.13,8.7,35,100,5780.0,1,0.193,0.0,635.0,1,0.0,71,0,0.0,-1,-1,-1,-1,0.0,0.0
2026-03-01T09:00,0.0,0.0,0.14,0.0,2.2,3.71,8.0,37,100,4580.0,1,0.193,0.0,620.0,1,0.0,71,0,0.0,-1,-1,-1,-1,0.0,0.0
2026-03-01T10:00,0.0,0.0,0.21,0.0,1.6,3.14,7.1,31,100,3420.0,1,0.193,0.0,580.0,1,0.0,73,0,0.0,-1,-1,-1,-1,0.0,0.0
2026-03-01T11:00,0.0,0.0,0.35,0.01,1.2,3.31,6.1,20,100,2820.0,0,0.193,0.0,560.0,1,0.0,73,0,0.0,-1,-1,-1,-1,0.0,0.0
2026-03-01T12:00,0.0,0.0,0.56,0.01,1.0,3.29,6.3,20,100,2420.0,0,0.193,0.0,515.0,1,0.0,73,0,0.0,-1,-1,-1,-1,0.0,0.0
2026-03-01T13:00,0.0,0.0,0.7,0.02,0.5,3.38,6.3,19,100,1800.0,0,0.193,0.0,510.0,1,0.0,73,0,0.0,-1,-1,-1,-1,0.0,0.0
2026-03-01T14:00,0.0,0.0,0.98,0.03,0.3,3.45,6.6,22,100,1500.0,0,0.194,0.0,495.0,1,0.0,75,0,0.0,-1,-1,-1,-1,0.0,0.0
2026-03-01T15:00,0.0,0.0,1.19,0.04,0.1,3.31,6.3,20,100,1340.0,0,0.194,0.0,450.0,1,0.0,75,0,0.0,-1,-1,-1,-1,0.0,0.0
2026-03-01T16:00,0.0,0.0,1.4,0.05,-0.2,3.34,6.0,17,100,1200.0,0,0.194,0.0,420.0,1,0.0,75,0,0.0,-1,-1,-1,-1,0.0,0.0
2026-03-01T17:00,0.0,0.0,1.26,0.06,-0.4,3.64,6.4,21,100,1440.0,0,0.194,0.0,420.0,1,0.0,75,0,0.0,-1,-1,-1,-1,0.0,0.0
2026-03-01T18:00,0.0,0.0,0.91,0.07,-0.4,3.76,6.5,14,100,1680.0,0,0.195,0.0,435.0,1,0.0,75,0,0.0,-1,-1,-1,-1,0.0,0.0
2026-03-01T19:00,0.0,0.0,0.77,0.08,-0.5,3.58,6.6,7,100,1640.0,0,0.195,0.0,435.0,1,0.0,73,0,0.0,-1,-1,-1,-1,0.0,0.0
2026-03-01T20:00,0.0,0.0,0.77,0.09,-0.8,3.56,6.4,11,100,1780.0,0,0.195,0.0,425.0,1,0.0,73,0,0.0,-1,-1,-1,-1,0.0,0.0
2026-03-01T21:00,0.0,0.0,0.63,0.09,-0.9,3.64,6.3,27,100,2260.0,0,0.195,0.0,425.0,1,0.0,73,0,0.0,-1,-1,-1,-1,0.0,0.0
2026-03-01T22:00,0.0,0.0,0.28,0.09,-1.1,3.73,6.5,35,100,3300.0,0,0.195,0.0,430.0,1,0.0,73,0,0.0,-1,-1,-1,-1,0.0,0.0
2026-03-01T23:00,0.0,0.0,0.07,0.1,-1.3,2.97,6.5,45,21,6000.0,1,0.195,0.0,400.0,1,0.0,71,0,0.0,-1,-1,-1,-1,0.0,0.0
2026-03-02T00:00,0.0,0.0,0.0,0.08,-0.6,2.88,5.0,8,100,7200.0,1,0.194,0.0,330.0,1,0.0,3,0,0.0,-1,-1,-1,-1,0.0,0.0
2026-03-02T01:00,0.0,0.0,0.0,0.08,-0.3,3.11,5.6,356,100,7620.0,1,0.194,0.0,350.0,1,0.0,3,0,0.0,-1,-1,-1,-1,0.0,0.0
2026-03-02T02:00,0.0,0.0,0.0,0.08,0.0,3.16,5.9,5,100,7740.0,1,0.194,0.0,370.0,1,0.0,3,0,0.0,-1,-1,-1,-1,0.0,0.0
2026-03-02T03:00,0.0,0.0,0.0,0.08,0.3,2.97,5.9,20,100,7420.0,1,0.197,0.0,405.0,1,0.0,3,0,0.0,-1,-1,-1,-1,0.0,0.0
2026-03-02T04:00,0.0,0.0,0.0,0.07,0.5,2.15,5.5,12,100,8660.0,1,0.2,0.0,375.0,1,0.0,3,0,0.0,-1,-1,-1,-1,0.0,0.0
2026-03-02T05:00,0.0,0.0,0.0,0.07,0.8,2.1,3.9,25,100,9080.0,1,0.206,0.0,315.0,1,0.0,3,0,0.0,-1,-1,-1,-1,0.0,0.0
2026-03-02T06:00,0.0,0.0,0.0,0.07,0.8,2.26,4.3,13,100,10160.0,1,0.216,0.0,370.0,1,0.0,3,0,0.0,-1,-1,-1,-1,0.0,0.0
2026-03-02T07:00,0.0,0.0,0.0,0.06,0.9,2.25,4.3,53,89,10160.0,1,0.222,0.0,385.0,1,0.0,3,0,0.0,-1,-1,-1,-1,0.0,0.0
2026-03-02T08:00,0.0,0.0,0.0,0.06,1.1,2.02,4.7,60,74,10160.0,1,0.227,0.0,480.0,1,0.0,2,0,0.0,-1,-1,-1,-1,0.0,0.0
2026-03-02T09:00,0.0,0.0,0.0,0.06,0.8,1.67,3.7,81,77,9260.0,1,0.229,0.0,430.0,1,0.0,2,0,0.0,-1,-1,-1,-1,0.0,0.0
2026-03-02T10:00,0.0,0.0,0.0,0.06,-0.9,1.54,3.1,115,97,9260.0,1,0.229,0.0,160.0,1,0.0,3,0,0.0,-1,-1,-1,-1,0.0,0.0
2026-03-02T11:00,0.0,0.0,0.0,0.06,-1.4,1.49,2.4,132,100,9260.0,0,0.229,0.0,105.0,1,0.0,3,0,0.0,-1,-1,-1,-1,0.0,0.0
2026-03-02T12:00,0.0,0.0,0.0,0.06,-0.6,0.65,2.0,157,100,5600.0,0,0.222,0.0,55.0,1,0.0,3,0,0.0,-1,-1,-1,-1,0.0,0.0
2026-03-02T13:00,0.0,0.0,0.0,0.06,-0.3,0.39,0.9,140,100,5560.0,0,0.222,0.0,45.0,1,0.0,3,0,0.0,-1,-1,-1,-1,0.0,0.0
2026-03-02T14:00,0.0,0.0,0.0,0.06,-0.1,0.51,0.8,169,100,5540.0,0,0.222,0.0,50.0,1,0.0,3,0,0.0,-1,-1,-1,-1,0.0,0.0
2026-03-02T15:00,0.0,0.0,0.0,0.06,-0.1,0.57,1.0,225,100,7720.0,0,0.222,0.0,40.0,1,0.0,3,0,0.0,-1,-1,-1,-1,0.0,0.0
2026-03-02T16:00,0.0,0.0,0.0,0.06,0.1,0.18,0.9,124,100,7680.0,0,0.222,0.0,20.0,1,0.0,3,0,0.0,-1,-1,-1,-1,0.0,0.0
2026-03-02T17:00,0.0,0.0,0.0,0.06,-0.1,0.82,1.4,128,100,5460.0,0,0.222,0.0,80.0,1,0.0,3,0,0.0,-1,-1,-1,-1,0.0,0.0
2026-03-02T18:00,0.0,0.0,0.0,0.06,0.4,0.2,1.5,180,100,5440.0,0,0.222,0.0,30.0,0,0.0,3,0,0.0,-1,-1,-1,-1,0.0,0.0
2026-03-02T19:00,0.0,0.0,0.0,0.06,0.2,0.28,0.6,225,100,2180.0,0,0.223,0.0,50.0,1,0.0,3,0,0.0,-1,-1,-1,-1,0.0,0.0
2026-03-02T20:00,0.0,0.0,0.0,0.06,0.2,0.52,1.2,197,100,980.0,0,0.224,0.0,65.0,1,0.0,3,0,0.0,-1,-1,-1,-1,0.0,0.0
2026-03-02T21:00,0.0,0.0,0.0,0.05,0.2,0.67,1.1,207,100,800.0,0,0.225,0.0,75.0,1,0.0,3,0,0.0,-1,-1,-1,-1,0.0,0.0
2026-03-02T22:00,0.0,0.0,0.0,0.05,0.2,0.65,1.8,176,100,700.0,0,0.227,0.0,85.0,1,0.0,3,0,0.0,-1,-1,-1,-1,0.0,0.0
2026-03-02T23:00,0.0,0.0,0.0,0.05,0.2,0.4,1.4,360,100,900.0,1,0.228,0.0,35.0,1,0.0,3,0,0.0,-1,-1,-1,-1,0.0,0.0
2026-03-03T00:00,0.0,0.0,0.0,0.01,0.4,1.33,1.7,160,100,5500.0,1,0.221,0.0,140.0,1,0.0,3,0,0.0,-1,-1,-1,-1,0.0,0.0
2026-03-03T01:00,0.0,0.0,0.0,0.01,1.2,1.19,3.3,195,100,7720.0,1,0.222,0.0,195.0,1,0.0,3,0,0.0,-1,-1,-1,-1,0.0,0.0
2026-03-03T02:00,0.0,0.0,0.0,0.01,2.1,0.22,3.5,297,100,8840.0,1,0.225,0.0,285.0,1,0.0,3,0,0.0,-1,-1,-1,-1,0.0,0.0
2026-03-03T03:00,0.0,0.0,0.0,0.01,3.1,1.42,4.4,32,100,9620.0,1,0.229,0.0,425.0,1,0.0,3,0,0.0,-1,-1,-1,-1,0.0,0.0
2026-03-03T04:00,0.0,0.0,0.0,0.01,3.7,1.7,4.7,62,100,10180.0,1,0.232,0.0,505.0,1,0.0,3,0,0.0,-1,-1,-1,-1,0.0,0.0
2026-03-03T05:00,0.0,0.0,0.0,0.01,4.4,1.41,5.0,82,100,11560.0,1,0.236,0.0,565.0,1,0.0,3,0,0.0,-1,-1,-1,-1,0.0,0.0
2026-03-03T06:00,0.0,0.0,0.0,0.01,3.7,0.61,4.6,99,100,11560.0,1,0.239,0.0,565.0,1,0.0,3,0,0.0,-1,-1,-1,-1,0.0,0.0
2026-03-03T07:00,0.0,0.0,0.0,0.01,5.0,1.82,5.0,74,70,12460.0,1,0.241,0.0,605.0,1,0.0,2,0,0.0,-1,-1,-1,-1,0.0,0.0
2026-03-03T08:00,0.0,0.0,0.0,0.0,5.8,2.0,5.7,90,18,12460.0,1,0.243,0.0,625.0,1,0.0,0,0,0.0,-1,-1,-1,-1,0.0,0.0
2026-03-03T09:00,0.0,0.0,0.0,0.0,5.6,1.93,5.0,107,5,12460.0,1,0.244,0.0,600.0,1,0.0,0,0,0.0,-1,-1,-1,-1,0.0,0.0
2026-03-03T10:00,0.0,0.0,0.0,0.0,2.9,1.52,3.8,139,4,11560.0,1,0.244,0.0,150.0,1,0.0,0,0,0.0,-1,-1,-1,-1,0.0,0.0
2026-03-03T11:00,0.0,0.0,0.0,0.0,1.5,1.66,2.8,155,5,10180.0,0,0.245,0.0,80.0,1,0.0,0,0,0.0,-1,-1,-1,-1,0.0,0.0
2026-03-03T12:00,0.0,0.0,0.0,0.0,1.5,1.38,2.8,199,3,9280.0,0,0.262,0.0,60.0,1,0.0,0,0,0.0,-1,-1,-1,-1,0.0,0.0
2026-03-03T13:00,0.0,0.0,0.0,0.0,1.4,1.24,2.0,223,1,8060.0,0,0.262,0.0,55.0,1,0.0,0,0,0.0,-1,-1,-1,-1,0.0,0.0
2026-03-03T14:00,0.0,0.0,0.0,0.0,0.1,1.22,1.9,261,2,8060.0,0,0.261,0.0,45.0,1,0.0,0,0,0.0,-1,-1,-1,-1,0.0,0.0
2026-03-03T15:00,0.0,0.0,0.0,0.0,-0.8,1.25,1.7,275,1,5660.0,0,0.261,0.0,35.0,1,0.0,0,0,0.0,-1,-1,-1,-1,0.0,0.0
2026-03-03T16:00,0.0,0.0,0.0,0.0,-1.3,1.57,2.5,279,1,5660.0,0,0.261,0.0,40.0,1,0.0,0,0,0.0,-1,-1,-1,-1,0.0,0.0
2026-03-03T17:00,0.0,0.0,0.0,0.0,-1.4,1.17,2.5,280,70,5660.0,0,0.26,0.0,35.0,1,0.0,2,0,0.0,-1,-1,-1,-1,0.0,0.0
2026-03-03T18:00,0.0,0.0,0.0,0.0,-1.1,0.74,1.6,222,84,5660.0,0,0.26,0.0,25.0,1,0.0,3,0,0.0,-1,-1,-1,-1,0.0,0.0
2026-03-03T19:00,0.0,0.0,0.0,0.0,-1.0,0.2,1.0,360,9,5660.0,0,0.26,0.0,10.0,1,0.0,0,0,0.0,-1,-1,-1,-1,0.0,0.0
2026-03-03T20:00,0.0,0.0,0.0,0.0,-1.6,0.56,0.6,170,98,720.0,0,0.26,0.0,20.0,1,0.0,3,0,0.0,-1,-1,-1,-1,0.0,0.0
2026-03-03T21:00,0.0,0.0,0.0,0.0,-1.9,1.06,1.8,161,100,280.0,0,0.259,0.0,20.0,1,0.0,3,0,0.0,-1,-1,-1,-1,0.0,0.0
2026-03-03T22:00,0.0,0.0,0.0,0.0,-1.6,0.96,1.9,174,100,220.0,0,0.259,0.0,30.0,1,0.0,3,0,0.0,-1,-1,-1,-1,0.0,0.0
2026-03-03T23:00,0.0,0.0,0.0,0.0,-0.5,1.13,2.6,135,100,320.0,1,0.259,0.0,40.0,1,0.0,3,0,0.0,-1,-1,-1,-1,0.0,0.0
2026-03-04T00:00,0.0,0.0,0.0,0.02,0.1,0.82,2.4,38,100,620.0,1,0.26,0.0,50.0,1,0.0,3,0,0.0,-1,-1,-1,-1,0.0,0.0
2026-03-04T01:00,0.0,0.0,0.0,0.02,0.4,1.53,2.8,101,100,2420.0,1,0.26,0.0,70.0,1,0.0,3,0,0.0,-1,-1,-1,-1,0.0,0.0
2026-03-04T02:00,0.0,0.0,0.0,0.02,1.0,2.31,4.4,120,100,1600.0,1,0.263,0.0,180.0,1,0.0,3,0,0.0,-1,-1,-1,-1,0.0,0.0
2026-03-04T03:00,0.0,0.0,0.0,0.01,1.7,2.58,5.4,136,100,7240.0,1,0.267,0.0,295.0,1,0.0,3,0,0.0,-1,-1,-1,-1,0.0,0.0
2026-03-04T04:00,0.0,0.0,0.0,0.01,3.3,3.04,6.3,136,100,8000.0,1,0.271,0.0,380.0,1,0.0,3,0,0.0,-1,-1,-1,-1,0.0,0.0
2026-03-04T05:00,0.0,0.0,0.0,0.01,3.9,2.69,6.4,135,100,7880.0,1,0.275,0.0,415.0,1,0.0,3,0,0.0,-1,-1,-1,-1,0.0,0.0
2026-03-04T06:00,0.0,0.0,0.0,0.01,2.3,2.09,5.6,123,100,6260.0,1,0.285,0.0,305.0,1,0.0,3,0,0.0,-1,-1,-1,-1,0.0,0.0
2026-03-04T07:00,0.1,0.0,0.0,0.01,2.8,2.09,4.5,107,100,6700.0,1,0.287,0.0,330.0,1,0.0,51,0,0.1,-1,-1,-1,-1,0.0,0.0
2026-03-04T08:00,0.0,0.0,0.0,0.0,3.0,1.48,4.6,114,100,6560.0,1,0.289,0.0,325.0,1,0.0,3,0,0.0,-1,-1,-1,-1,0.0,0.0
2026-03-04T09:00,0.1,0.0,0.0,0.0,3.0,0.96,3.4,51,100,5720.0,1,0.29,10.0,280.0,1,0.0,51,0,0.1,-1,-1,-1,-1,0.0,0.0
2026-03-04T10:00,0.1,0.0,0.0,0.0,2.7,0.81,2.3,47,100,6700.0,1,0.29,10.0,130.0,1,0.0,51,0,0.1,-1,-1,-1,-1,0.0,0.0
2026-03-04T11:00,0.0,0.0,0.0,0.0,2.5,0.78,1.4,45,100,6200.0,0,0.291,10.0,95.0,1,0.0,3,0,0.0,-1,-1,-1,-1,0.0,0.0
2026-03-04T12:00,0.0,0.0,0.0,0.01,2.2,0.43,1.3,306,100,5460.0,0,0.27,0.0,45.0,1,0.0,3,0,0.0,-1,-1,-1,-1,0.0,0.0
2026-03-04T13:00,0.1,0.0,0.0,0.01,2.1,0.76,1.2,328,100,4300.0,0,0.271,0.0,65.0,1,0.0,51,0,0.1,-1,-1,-1,-1,0.0,0.0
2026-03-04T14:00,0.1,0.0,0.0,0.01,2.0,1.03,2.5,331,100,4760.0,0,0.272,0.0,85.0,1,0.0,51,0,0.1,-1,-1,-1,-1,0.0,0.0
2026-03-04T15:00,0.0,0.0,0.0,0.01,1.9,1.39,2.0,322,100,4320.0,0,0.273,0.0,85.0,1,0.0,3,0,0.0,-1,-1,-1,-1,0.0,0.0
2026-03-04T16:00,0.1,0.0,0.0,0.01,1.7,2.44,4.3,334,100,4340.0,0,0.274,0.0,185.0,1,0.0,51,0,0.1,-1,-1,-1,-1,0.0,0.0
2026-03-04T17:00,0.0,0.0,0.0,0.01,1.6,2.0,4.2,328,100,5280.0,0,0.275,0.0,185.0,1,0.0,3,0,0.0,-1,-1,-1,-1,0.0,0.0
2026-03-04T18:00,0.0,0.0,0.0,0.01,1.4,1.57,3.4,338,100,5480.0,0,0.276,0.0,165.0,1,0.0,3,0,0.0,-1,-1,-1,-1,0.0,0.0
2026-03-04T19:00,0.0,0.0,0.0,0.01,1.4,1.68,3.2,337,100,5580.0,0,0.276,0.0,165.0,1,0.0,3,0,0.0,-1,-1,-1,-1,0.0,0.0
2026-03-04T20:00,0.0,0.0,0.0,0.01,1.4,1.65,3.0,3,100,4520.0,0,0.276,0.0,170.0,1,0.0,3,0,0.0,-1,-1,-1,-1,0.0,0.0
2026-03-04T21:00,0.0,0.0,0.0,0.01,1.2,2.17,3.8,19,100,5460.0,0,0.276,0.0,205.0,1,0.0,3,0,0.0,-1,-1,-1,-1,0.0,0.0
2026-03-04T22:00,0.0,0.0,0.0,0.0,1.0,2.67,4.7,13,100,5400.0,0,0.277,0.0,250.0,1,0.0,3,0,0.0,-1,-1,-1,-1,0.0,0.0
2026-03-04T23:00,0.0,0.0,0.0,0.0,0.7,2.67,5.5,17,100,5480.0,1,0.277,0.0,280.0,1,0.0,3,0,0.0,-1,-1,-1,-1,0.0,0.0
2026-03-05T00:00,0.0,0.0,0.0,0.02,1.2,2.15,4.8,28,100,5520.0,1,0.282,0.0,245.0,1,0.0,3,0,0.0,-1,-1,-1,-1,0.0,0.0
2026-03-05T01:00,0.0,0.0,0.0,0.02,1.0,1.9,5.0,27,100,7860.0,1,0.283,0.0,235.0,1,0.0,3,0,0.0,-1,-1,-1,-1,0.0,0.0
2026-03-05T02:00,0.0,0.0,0.0,0.02,1.4,1.27,3.9,26,100,7940.0,1,0.287,0.0,235.0,1,0.0,3,0,0.0,-1,-1,-1,-1,0.0,0.0
2026-03-05T03:00,0.0,0.0,0.0,0.02,3.1,2.09,3.6,17,100,9300.0,1,0.291,0.0,350.0,1,0.0,3,0,0.0,-1,-1,-1,-1,0.0,0.0
2026-03-05T04:00,0.0,0.0,0.0,0.02,4.3,2.02,5.8,23,99,11600.0,1,0.297,0.0,540.0,1,0.0,3,0,0.0,-1,-1,-1,-1,0.0,0.0
2026-03-05T05:00,0.0,0.0,0.0,0.01,5.1,1.47,5.5,18,100,11600.0,1,0.302,0.0,695.0,1,0.0,3,0,0.0,-1,-1,-1,-1,0.0,0.0
2026-03-05T06:00,0.0,0.0,0.0,0.01,4.6,1.44,4.8,34,100,12480.0,1,0.314,0.0,770.0,1,0.0,3,0,0.0,-1,-1,-1,-1,0.0,0.0
2026-03-05T07:00,0.0,0.0,0.0,0.01,5.2,1.86,4.8,27,100,12480.0,1,0.316,0.0,770.0,1,0.0,3,0,0.0,-1,-1,-1,-1,0.0,0.0
2026-03-05T08:00,0.0,0.0,0.0,0.01,5.3,2.12,5.0,19,100,12480.0,1,0.318,0.0,740.0,1,0.0,3,0,0.0,-1,-1,-1,-1,0.0,0.0
2026-03-05T09:00,0.0,0.0,0.0,0.01,4.7,2.62,5.3,13,43,12480.0,1,0.318,0.0,630.0,1,0.0,1,0,0.0,-1,-1,-1,-1,0.0,0.0
2026-03-05T10:00,0.0,0.0,0.0,0.01,4.1,2.53,5.1,25,84,12480.0,1,0.318,0.0,395.0,1,0.0,3,0,0.0,-1,-1,-1,-1,0.0,0.0
2026-03-05T11:00,0.0,0.0,0.0,0.01,3.3,3.01,5.1,36,100,11600.0,0,0.318,0.0,345.0,1,0.0,3,0,0.0,-1,-1,-1,-1,0.0,0.0
2026-03-05T12:00,0.0,0.0,0.0,0.01,1.6,2.45,5.8,20,78,10220.0,0,0.333,0.0,280.0,1,0.0,2,0,0.0,-1,-1,-1,-1,0.0,0.0
2026-03-05T13:00,0.0,0.0,0.0,0.01,1.0,2.13,4.3,49,3,9200.0,0,0.332,0.0,195.0,1,0.0,0,0,0.0,-1,-1,-1,-1,0.0,0.0
2026-03-05T14:00,0.0,0.0,0.0,0.01,-0.6,2.38,4.1,51,4,8080.0,0,0.33,0.0,160.0,1,0.0,0,0,0.0,-1,-1,-1,-1,0.0,0.0
2026-03-05T15:00,0.0,0.0,0.0,0.01,-1.2,2.34,4.1,48,13,8080.0,0,0.329,0.0,165.0,1,0.0,0,0,0.0,-1,-1,-1,-1,0.0,0.0
2026-03-05T16:00,0.0,0.0,0.0,0.01,-1.8,1.72,4.1,54,0,8080.0,0,0.327,0.0,110.0,1,0.0,0,0,0.0,-1,-1,-1,-1,0.0,0.0
2026-03-05T17:00,0.0,0.0,0.0,0.01,-2.6,1.59,2.9,62,0,5680.0,0,0.325,0.0,85.0,1,0.0,0,0,0.0,-1,-1,-1,-1,0.0,0.0
2026-03-05T18:00,0.0,0.0,0.0,0.01,-2.9,1.53,2.9,71,2,5680.0,0,0.324,0.0,65.0,1,0.0,0,0,0.0,-1,-1,-1,-1,0.0,0.0
2026-03-05T19:00,0.0,0.0,0.0,0.01,-3.1,1.3,2.4,74,0,5680.0,0,0.322,0.0,55.0,1,0.0,0,0,0.0,-1,-1,-1,-1,0.0,0.0
2026-03-05T20:00,0.0,0.0,0.0,0.01,-3.3,1.18,2.1,78,0,5680.0,0,0.321,0.0,50.0,1,0.0,0,0,0.0,-1,-1,-1,-1,0.0,0.0
2026-03-05T21:00,0.0,0.0,0.0,0.01,-3.1,0.9,1.8,71,5,5680.0,0,0.32,0.0,50.0,1,0.0,0,0,0.0,-1,-1,-1,-1,0.0,0.0
2026-03-05T22:00,0.0,0.0,0.0,0.01,-3.0,0.65,1.4,58,16,5680.0,0,0.318,0.0,40.0,1,0.0,0,0,0.0,-1,-1,-1,-1,0.0,0.0
2026-03-05T23:00,0.0,0.0,0.0,0.01,-2.9,0.49,0.9,66,0,5680.0,1,0.317,0.0,25.0,1,0.0,0,0,0.0,-1,-1,-1,-1,0.0,0.0
2026-03-06T00:00,0.0,0.0,0.0,0.02,-1.8,0.6,2.1,294,100,360.0,1,0.31,0.0,30.0,1,0.0,3,0,0.0,-1,-1,-1,-1,0.0,0.0
2026-03-06T01:00,0.0,0.0,0.0,0.02,-0.6,0.32,1.4,321,99,2640.0,1,0.309,0.0,65.0,1,0.0,3,0,0.0,-1,-1,-1,-1,0.0,0.0
2026-03-06T02:00,0.0,0.0,0.0,0.02,1.1,0.56,1.8,27,2,10220.0,1,0.308,0.0,250.0,1,0.0,0,0,0.0,-1,-1,-1,-1,0.0,0.0
2026-03-06T03:00,0.0,0.0,0.0,0.02,2.5,1.91,4.6,49,98,13220.0,1,0.31,0.0,690.0,1,0.0,3,0,0.0,-1,-1,-1,-1,0.0,0.0
2026-03-06T04:00,0.0,0.0,0.0,0.02,5.0,2.2,6.4,60,45,13840.0,1,0.313,0.0,875.0,1,0.0,1,0,0.0,-1,-1,-1,-1,0.0,0.0
2026-03-06T05:00,0.0,0.0,0.0,0.02,5.8,1.45,6.0,63,13,13840.0,1,0.318,0.0,1185.0,1,0.0,0,0,0.0,-1,-1,-1,-1,0.0,0.0
2026-03-06T06:00,0.0,0.0,0.0,0.01,5.4,0.49,5.1,45,59,13840.0,1,0.322,0.0,1515.0,1,0.0,2,0,0.0,-1,-1,-1,-1,0.0,0.0
2026-03-06T07:00,0.0,0.0,0.0,0.01,6.2,0.58,3.5,59,100,15120.0,1,0.325,0.0,1665.0,1,0.0,3,0,0.0,-1,-1,-1,-1,0.0,0.0
2026-03-06T08:00,0.0,0.0,0.0,0.01,6.1,1.15,3.6,72,99,15120.0,1,0.327,0.0,1615.0,1,0.0,3,0,0.0,-1,-1,-1,-1,0.0,0.0
2026-03-06T09:00,0.0,0.0,0.0,0.01,5.6,1.5,3.6,64,100,13840.0,1,0.327,0.0,1320.0,1,0.0,3,0,0.0,-1,-1,-1,-1,0.0,0.0
2026-03-06T10:00,0.0,0.0,0.0,0.01,3.5,0.57,2.8,75,100,13840.0,1,0.327,0.0,45.0,1,0.0,3,0,0.0,-1,-1,-1,-1,0.0,0.0
2026-03-06T11:00,0.0,0.0,0.0,0.01,2.6,0.82,1.2,76,100,13840.0,0,0.327,0.0,40.0,1,0.0,3,0,0.0,-1,-1,-1,-1,0.0,0.0
2026-03-06T12:00,0.0,0.0,0.0,0.01,1.5,1.84,2.1,112,100,13240.0,0,0.322,0.0,80.0,1,0.0,3,0,0.0,-1,-1,-1,-1,0.0,0.0
2026-03-06T13:00,0.0,0.0,0.0,0.01,1.2,1.63,3.1,117,100,13240.0,0,0.321,0.0,60.0,1,0.0,3,0,0.0,-1,-1,-1,-1,0.0,0.0
2026-03-06T14:00,0.0,0.0,0.0,0.01,0.6,1.52,2.4,136,99,13240.0,0,0.32,0.0,45.0,1,0.0,3,0,0.0,-1,-1,-1,-1,0.0,0.0
2026-03-06T15:00,0.0,0.0,0.0,0.01,-0.4,1.36,2.1,144,0,13240.0,0,0.318,0.0,35.0,1,0.0,0,0,0.0,-1,-1,-1,-1,0.0,0.0
2026-03-06T16:00,0.0,0.0,0.0,0.01,-1.8,1.71,2.3,148,0,12500.0,0,0.317,0.0,35.0,1,0.0,0,0,0.0,-1,-1,-1,-1,0.0,0.0
2026-03-06T17:00,0.0,0.0,0.0,0.01,-1.9,2.16,3.5,136,0,11620.0,0,0.316,0.0,65.0,1,0.0,0,0,0.0,-1,-1,-1,-1,0.0,0.0
2026-03-06T18:00,0.0,0.0,0.0,0.01,-2.1,1.93,3.9,143,0,11620.0,0,0.315,0.0,65.0,1,0.0,0,0,0.0,-1,-1,-1,-1,0.0,0.0
2026-03-06T19:00,0.0,0.0,0.0,0.01,-2.1,2.46,4.1,142,0,11620.0,0,0.314,0.0,80.0,1,0.0,0,0,0.0,-1,-1,-1,-1,0.0,0.0
2026-03-06T20:00,0.0,0.0,0.0,0.01,-2.4,2.44,4.5,152,0,11620.0,0,0.313,0.0,100.0,1,0.0,0,0,0.0,-1,-1,-1,-1,0.0,0.0
2026-03-06T21:00,0.0,0.0,0.0,0.01,-2.7,2.09,4.1,159,0,11620.0,0,0.312,0.0,90.0,1,0.0,0,0,0.0,-1,-1,-1,-1,0.0,0.0
2026-03-06T22:00,0.0,0.0,0.0,0.01,-2.8,2.24,3.8,151,0,11620.0,0,0.311,0.0,95.0,1,0.0,0,0,0.0,-1,-1,-1,-1,0.0,0.0
2026-03-06T23:00,0.0,0.0,0.0,0.01,-2.8,2.13,3.8,156,9,11620.0,1,0.311,0.0,95.0,1,0.0,0,0,0.0,-1,-1,-1,-1,0.0,0.0
2026-03-07T00:00,0.0,0.0,0.0,0.02,-1.1,2.92,4.8,158,0,11620.0,1,0.313,0.0,120.0,1,0.0,0,0,0.0,-1,-1,-1,-1,0.0,0.0
2026-03-07T01:00,0.0,0.0,0.0,0.02,0.4,2.02,4.4,157,0,11620.0,1,0.312,0.0,170.0,1,0.0,0,0,0.0,-1,-1,-1,-1,0.0,0.0
2026-03-07T02:00,0.0,0.0,0.0,0.02,2.3,1.6,4.2,160,0,12520.0,1,0.311,0.0,265.0,1,0.0,0,0,0.0,-1,-1,-1,-1,0.0,0.0
2026-03-07T03:00,0.0,0.0,0.0,0.02,5.8,3.02,6.7,164,0,13240.0,1,0.314,0.0,750.0,1,0.0,0,0,0.0,-1,-1,-1,-1,0.0,0.0
2026-03-07T04:00,0.0,0.0,0.0,0.02,7.1,3.87,8.3,174,0,13840.0,1,0.32,0.0,1030.0,1,0.0,0,0,0.0,-1,-1,-1,-1,0.0,0.0
2026-03-07T05:00,0.0,0.0,0.0,0.02,8.0,3.68,8.3,168,3,15120.0,1,0.325,0.0,1130.0,1,0.0,0,0,0.0,-1,-1,-1,-1,0.0,0.0
2026-03-07T06:00,0.0,0.0,0.0,0.01,7.8,3.5,8.1,180,0,13840.0,1,0.335,0.0,1235.0,1,0.0,0,0,0.0,-1,-1,-1,-1,0.0,0.0
2026-03-07T07:00,0.0,0.0,0.0,0.01,8.7,3.82,7.9,194,2,13840.0,1,0.339,0.0,1395.0,1,0.0,0,0,0.0,-1,-1,-1,-1,0.0,0.0
2026-03-07T08:00,0.0,0.0,0.0,0.01,9.9,3.6,8.0,182,57,15120.0,1,0.341,0.0,1635.0,1,0.0,2,0,0.0,-1,-1,-1,-1,0.0,0.0
2026-03-07T09:00,0.0,0.0,0.0,0.01,8.9,3.6,6.8,182,24,13840.0,1,0.343,0.0,1035.0,1,0.0,1,0,0.0,-1,-1,-1,-1,0.0,0.0
2026-03-07T10:00,0.0,0.0,0.0,0.01,6.0,2.3,6.2,181,10,13240.0,1,0.342,0.0,180.0,1,0.0,0,0,0.0,-1,-1,-1,-1,0.0,0.0
2026-03-07T11:00,0.0,0.0,0.0,0.01,3.8,2.37,3.8,187,16,12520.0,0,0.341,0.0,125.0,1,0.0,0,0,0.0,-1,-1,-1,-1,0.0,0.0
2026-03-07T12:00,0.0,0.0,0.0,0.01,3.6,3.13,5.2,214,90,12520.0,0,0.333,0.0,245.0,1,0.0,3,0,0.0,-1,-1,-1,-1,0.0,0.0
2026-03-07T13:00,0.0,0.0,0.0,0.01,3.1,3.06,5.4,206,66,11620.0,0,0.333,0.0,260.0,1,0.0,2,0,0.0,-1,-1,-1,-1,0.0,0.0
2026-03-07T14:00,0.0,0.0,0.0,0.01,2.6,3.4,5.7,200,46,11620.0,0,0.332,0.0,325.0,1,0.0,1,0,0.0,-1,-1,-1,-1,0.0,0.0
2026-03-07T15:00,0.0,0.0,0.0,0.01,2.4,3.39,6.0,202,100,10240.0,0,0.331,0.0,360.0,1,0.0,3,0,0.0,-1,-1,-1,-1,0.0,0.0
2026-03-07T16:00,0.0,0.0,0.0,0.01,2.2,3.07,5.9,199,54,10240.0,0,0.331,0.0,340.0,1,0.0,2,0,0.0,-1,-1,-1,-1,0.0,0.0
2026-03-07T17:00,0.0,0.0,0.0,0.01,1.7,2.53,5.4,195,0,9340.0,0,0.33,0.0,275.0,1,0.0,0,0,0.0,-1,-1,-1,-1,0.0,0.0
2026-03-07T18:00,0.0,0.0,0.0,0.01,1.5,2.39,4.3,191,2,9340.0,0,0.321,0.0,220.0,1,0.0,0,0,0.0,-1,-1,-1,-1,0.0,0.0
2026-03-07T19:00,0.0,0.0,0.0,0.01,1.4,2.79,4.8,195,26,9340.0,0,0.321,0.0,250.0,1,0.0,1,0,0.0,-1,-1,-1,-1,0.0,0.0
2026-03-07T20:00,0.0,0.0,0.0,0.01,1.3,2.89,4.9,198,80,8120.0,0,0.32,0.0,260.0,1,0.0,3,0,0.0,-1,-1,-1,-1,0.0,0.0
2026-03-07T21:00,0.0,0.0,0.0,0.01,1.3,3.1,5.3,201,100,8120.0,0,0.319,0.0,285.0,1,0.0,3,0,0.0,-1,-1,-1,-1,0.0,0.0
2026-03-07T22:00,0.0,0.0,0.0,0.01,1.8,3.13,5.7,200,100,8120.0,0,0.319,0.0,300.0,1,0.0,3,0,0.0,-1,-1,-1,-1,0.0,0.0
2026-03-07T23:00,0.0,0.0,0.0,0.01,1.9,3.3,5.6,202,80,8120.0,1,0.319,0.0,290.0,1,0.0,3,0,0.0,-1,-1,-1,-1,0.0,0.0
2026-03-08T00:00,0.0,0.0,0.0,0.0,2.6,3.65,5.8,209,16,9340.0,1,0.321,0.0,295.0,1,0.0,0,0,0.0,-1,-1,-1,-1,0.0,0.0
2026-03-08T01:00,0.0,0.0,0.0,0.0,4.6,3.27,6.6,214,99,10260.0,1,0.32,0.0,340.0,1,0.0,3,0,0.0,-1,-1,-1,-1,0.0,0.0
2026-03-08T02:00,0.0,0.0,0.0,0.0,6.3,2.82,6.9,217,98,11640.0,1,0.319,0.0,360.0,1,0.0,3,0,0.0,-1,-1,-1,-1,0.0,0.0
2026-03-08T03:00,0.0,0.0,0.0,0.0,8.4,2.14,6.5,213,50,12520.0,1,0.318,0.0,405.0,1,0.0,2,0,0.0,-1,-1,-1,-1,0.0,0.0
2026-03-08T04:00,0.0,0.0,0.0,0.0,10.5,1.86,5.9,211,30,12520.0,1,0.316,0.0,520.0,1,0.0,1,0,0.0,-1,-1,-1,-1,0.0,0.0
2026-03-08T05:00,0.0,0.0,0.0,0.0,12.1,1.12,5.6,212,84,13260.0,1,0.314,0.0,790.0,1,0.0,3,0,0.0,-1,-1,-1,-1,0.0,0.0
2026-03-08T06:00,0.0,0.0,0.0,0.0,12.2,1.05,4.6,180,94,13260.0,1,0.314,0.0,885.0,1,0.0,3,0,0.0,-1,-1,-1,-1,0.0,0.0
2026-03-08T07:00,0.0,0.0,0.0,0.0,13.0,0.38,4.0,113,91,13860.0,1,0.312,0.0,975.0,1,0.0,3,0,0.0,-1,-1,-1,-1,0.0,0.0
2026-03-08T08:00,0.0,0.0,0.0,0.0,12.8,1.05,3.4,85,100,13860.0,1,0.31,0.0,955.0,1,0.0,3,0,0.0,-1,-1,-1,-1,0.0,0.0
2026-03-08T09:00,0.0,0.0,0.0,0.0,11.9,1.36,3.4,96,100,13260.0,1,0.309,0.0,155.0,1,0.0,3,0,0.0,-1,-1,-1,-1,0.0,0.0
2026-03-08T10:00,0.0,0.0,0.0,0.0,9.2,1.55,2.4,90,100,13260.0,1,0.308,0.0,60.0,1,0.0,3,0,0.0,-1,-1,-1,-1,0.0,0.0
2026-03-08T11:00,0.0,0.0,0.0,0.0,7.4,2.02,3.2,50,100,12540.0,0,0.307,0.0,70.0,1,0.0,3,0,0.0,-1,-1,-1,-1,0.0,0.0
2026-03-08T12:00,0.0,0.0,0.0,0.0,6.8,2.08,4.3,35,99,12540.0,0,0.315,0.0,65.0,0,0.0,3,0,0.0,-1,-1,-1,-1,0.0,0.0
2026-03-08T13:00,0.0,0.0,0.0,0.0,5.7,2.15,3.7,22,75,11640.0,0,0.314,0.0,65.0,1,0.0,2,0,0.0,-1,-1,-1,-1,0.0,0.0
2026-03-08T14:00,0.0,0.0,0.0,0.0,5.0,2.41,4.1,13,1,11640.0,0,0.314,0.0,70.0,1,0.0,0,0,0.0,-1,-1,-1,-1,0.0,0.0
2026-03-08T15:00,0.0,0.0,0.0,0.0,4.6,2.55,4.6,16,0,11640.0,0,0.313,0.0,85.0,1,0.0,0,0,0.0,-1,-1,-1,-1,0.0,0.0
2026-03-08T16:00,0.0,0.0,0.0,0.0,4.5,3.66,5.9,14,58,11640.0,0,0.312,0.0,175.0,1,0.0,2,0,0.0,-1,-1,-1,-1,0.0,0.0
2026-03-08T17:00,0.0,0.0,0.0,0.0,5.2,4.42,8.2,22,1,13260.0,0,0.311,0.0,510.0,1,0.0,0,0,0.0,-1,-1,-1,-1,0.0,0.0
2026-03-08T18:00,0.0,0.0,0.0,0.0,4.0,4.03,7.9,17,0,13860.0,0,0.31,0.0,430.0,1,0.0,0,0,0.0,-1,-1,-1,-1,0.0,0.0
2026-03-08T19:00,0.0,0.0,0.0,0.0,3.0,3.69,7.2,16,0,13860.0,0,0.309,0.0,315.0,1,0.0,0,0,0.0,-1,-1,-1,-1,0.0,0.0
2026-03-08T20:00,0.0,0.0,0.0,0.0,1.9,3.47,6.4,28,0,13860.0,0,0.308,0.0,220.0,1,0.0,0,0,0.0,-1,-1,-1,-1,0.0,0.0
2026-03-08T21:00,0.0,0.0,0.0,0.0,1.4,3.5,6.2,46,0,13260.0,0,0.308,0.0,215.0,1,0.0,0,0,0.0,-1,-1,-1,-1,0.0,0.0
2026-03-08T22:00,0.0,0.0,0.0,0.0,0.6,2.95,6.1,51,0,12540.0,0,0.307,0.0,185.0,1,0.0,0,0,0.0,-1,-1,-1,-1,0.0,0.0
2026-03-08T23:00,0.0,0.0,0.0,0.0,-0.1,2.38,5.2,60,0,12540.0,1,0.306,0.0,130.0,1,0.0,0,0,0.0,-1,-1,-1,-1,0.0,0.0
2026-03-09T00:00,0.0,0.0,0.0,0.0,1.9,2.54,4.2,58,0,12540.0,1,0.304,0.0,110.0,1,0.0,0,0,0.0,-1,-1,-1,-1,0.0,0.0
2026-03-09T01:00,0.0,0.0,0.0,0.0,4.8,1.06,4.5,82,0,13260.0,1,0.303,0.0,180.0,1,0.0,0,0,0.0,-1,-1,-1,-1,0.0,0.0
2026-03-09T02:00,0.0,0.0,0.0,0.0,7.4,1.22,4.2,125,0,13880.0,1,0.302,0.0,375.0,1,0.0,0,0,0.0,-1,-1,-1,-1,0.0,0.0
2026-03-09T03:00,0.0,0.0,0.0,0.0,9.3,1.75,5.2,143,0,15140.0,1,0.3,0.0,775.0,1,0.0,0,0,0.0,-1,-1,-1,-1,0.0,0.0
2026-03-09T04:00,0.0,0.0,0.0,0.0,10.5,1.39,5.4,142,0,15320.0,1,0.297,0.0,1270.0,1,0.0,0,0,0.0,-1,-1,-1,-1,0.0,0.0
2026-03-09T05:00,0.0,0.0,0.0,0.0,11.2,0.98,5.0,165,0,15320.0,1,0.295,0.0,1430.0,1,0.0,0,0,0.0,-1,-1,-1,-1,0.0,0.0
2026-03-09T06:00,0.0,0.0,0.0,0.0,11.5,1.45,4.4,182,0,15320.0,1,0.292,0.0,1545.0,1,0.0,0,0,0.0,-1,-1,-1,-1,0.0,0.0
2026-03-09T07:00,0.0,0.0,0.0,0.0,12.0,1.76,5.0,175,2,15320.0,1,0.289,0.0,1430.0,1,0.0,0,0,0.0,-1,-1,-1,-1,0.0,0.0
2026-03-09T08:00,0.0,0.0,0.0,0.0,11.9,2.21,5.1,167,0,15320.0,1,0.287,0.0,1280.0,1,0.0,0,0,0.0,-1,-1,-1,-1,0.0,0.0
2026-03-09T09:00,0.0,0.0,0.0,0.0,11.1,2.27,5.1,166,0,15320.0,1,0.286,0.0,1065.0,1,0.0,0,0,0.0,-1,-1,-1,-1,0.0,0.0
2026-03-09T10:00,0.0,0.0,0.0,0.0,7.8,2.02,4.0,157,2,15140.0,1,0.285,0.0,150.0,1,0.0,0,0,0.0,-1,-1,-1,-1,0.0,0.0
2026-03-09T11:00,0.0,0.0,0.0,0.0,6.5,2.78,4.7,150,0,13880.0,0,0.285,0.0,125.0,1,0.0,0,0,0.0,-1,-1,-1,-1,0.0,0.0
2026-03-09T12:00,0.0,0.0,0.0,0.0,5.5,2.86,5.2,164,0,13880.0,0,0.262,0.0,135.0,1,0.0,0,0,0.0,-1,-1,-1,-1,0.0,0.0
2026-03-09T13:00,0.0,0.0,0.0,0.0,5.4,3.02,5.3,168,3,13880.0,0,0.262,0.0,150.0,1,0.0,0,0,0.0,-1,-1,-1,-1,0.0,0.0
2026-03-09T14:00,0.0,0.0,0.0,0.0,4.8,2.95,5.2,165,0,13880.0,0,0.262,0.0,135.0,1,0.0,0,0,0.0,-1,-1,-1,-1,0.0,0.0
2026-03-09T15:00,0.0,0.0,0.0,0.0,4.6,3.3,5.7,170,0,13880.0,0,0.261,0.0,165.0,1,0.0,0,0,0.0,-1,-1,-1,-1,0.0,0.0
2026-03-09T16:00,0.0,0.0,0.0,0.0,4.3,3.07,5.7,164,0,13280.0,0,0.261,0.0,160.0,1,0.0,0,0,0.0,-1,-1,-1,-1,0.0,0.0
2026-03-09T17:00,0.0,0.0,0.0,0.0,4.1,3.35,5.7,166,0,13280.0,0,0.261,0.0,170.0,1,0.0,0,0,0.0,-1,-1,-1,-1,0.0,0.0
2026-03-09T18:00,0.0,0.0,0.0,0.0,3.7,3.22,6.0,168,38,12560.0,0,0.251,0.0,185.0,1,0.0,1,0,0.0,-1,-1,-1,-1,0.0,0.0
2026-03-09T19:00,0.0,0.0,0.0,0.0,3.9,3.68,6.3,173,0,12560.0,0,0.251,0.0,235.0,1,0.0,0,0,0.0,-1,-1,-1,-1,0.0,0.0
2026-03-09T20:00,0.0,0.0,0.0,0.0,3.9,3.85,6.7,179,0,12560.0,0,0.251,0.0,305.0,1,0.0,0,0,0.0,-1,-1,-1,-1,0.0,0.0
2026-03-09T21:00,0.0,0.0,0.0,0.0,4.1,4.09,7.2,188,0,11660.0,0,0.251,0.0,355.0,1,0.0,0,0,0.0,-1,-1,-1,-1,0.0,0.0
2026-03-09T22:00,0.0,0.0,0.0,0.0,4.4,4.05,7.2,196,0,11660.0,0,0.25,0.0,365.0,1,0.0,0,0,0.0,-1,-1,-1,-1,0.0,0.0
2026-03-09T23:00,0.0,0.0,0.0,0.0,4.3,3.65,7.1,199,26,11660.0,1,0.25,0.0,360.0,1,0.0,1,0,0.0,-1,-1,-1,-1,0.0,0.0
2026-03-10T00:00,0.0,0.0,0.0,0.0,5.8,4.07,7.2,194,13,11660.0,1,0.252,0.0,440.0,1,0.0,0,0,0.0,-1,-1,-1,-1,0.0,0.0
2026-03-10T01:00,0.0,0.0,0.0,0.0,8.2,3.74,7.3,196,6,12560.0,1,0.252,0.0,515.0,1,0.0,0,0,0.0,-1,-1,-1,-1,0.0,0.0
2026-03-10T02:00,0.0,0.0,0.0,0.0,10.4,4.05,8.4,209,16,12560.0,1,0.251,0.0,640.0,1,0.0,0,0,0.0,-1,-1,-1,-1,0.0,0.0
2026-03-10T03:00,0.0,0.0,0.0,0.0,12.5,4.27,9.1,204,82,13280.0,1,0.249,0.0,690.0,1,0.0,3,0,0.0,-1,-1,-1,-1,0.0,0.0
2026-03-10T04:00,0.0,0.0,0.0,0.0,14.3,4.18,9.3,206,99,13880.0,1,0.248,0.0,790.0,1,0.0,3,0,0.0,-1,-1,-1,-1,0.0,0.0
2026-03-10T05:00,0.0,0.0,0.0,0.0,15.5,2.69,8.9,223,98,13880.0,1,0.246,0.0,985.0,1,0.0,3,0,0.0,-1,-1,-1,-1,0.0,0.0
2026-03-10T06:00,0.2,1.0,0.0,0.0,16.4,2.97,6.4,200,46,13880.0,1,0.244,0.0,1125.0,0,0.0,51,0,0.0,-1,-1,-1,-1,0.0,0.0
2026-03-10T07:00,0.0,0.0,0.0,0.0,17.4,1.79,6.9,210,86,13880.0,1,0.242,10.0,1355.0,0,0.0,3,0,0.0,-1,-1,-1,-1,0.0,0.0
2026-03-10T08:00,0.0,0.0,0.0,0.0,17.2,1.16,4.7,187,98,13880.0,1,0.241,40.0,1300.0,0,0.0,3,0,0.0,-1,-1,-1,-1,0.0,0.0
2026-03-10T09:00,0.0,0.0,0.0,0.0,16.1,2.75,4.9,155,38,13880.0,1,0.24,230.0,825.0,0,0.0,1,0,0.0,-1,-1,-1,-1,0.0,0.0
2026-03-10T10:00,0.0,0.0,0.0,0.0,13.1,2.23,5.0,164,12,13280.0,1,0.24,190.0,175.0,0,0.0,0,0,0.0,-1,-1,-1,-1,0.0,0.0
2026-03-10T11:00,0.0,0.0,0.0,0.0,10.7,1.61,3.8,185,41,12560.0,0,0.24,180.0,80.0,0,0.0,1,0,0.0,-1,-1,-1,-1,0.0,0.0
2026-03-10T12:00,0.0,0.0,0.0,0.0,10.6,0.9,2.0,199,54,12560.0,0,0.24,220.0,55.0,0,0.0,2,0,0.0,-1,-1,-1,-1,0.0,0.0
2026-03-10T13:00,0.0,0.0,0.0,0.0,9.7,0.34,1.2,207,100,12560.0,0,0.24,290.0,15.0,0,0.0,3,0,0.0,-1,-1,-1,-1,0.0,0.0
2026-03-10T14:00,0.0,0.0,0.0,0.0,8.5,0.11,0.4,333,78,11680.0,0,0.24,350.0,10.0,0,0.0,2,0,0.0,-1,-1,-1,-1,0.0,0.0
2026-03-10T15:00,0.0,0.0,0.0,0.0,6.7,0.55,0.7,5,2,10300.0,0,0.24,380.0,20.0,0,0.0,0,0,0.0,-1,-1,-1,-1,0.0,0.0
2026-03-10T16:00,0.0,0.0,0.0,0.0,5.4,3.35,5.5,1,0,9380.0,0,0.24,370.0,85.0,0,0.0,0,0,0.0,-1,-1,-1,-1,0.0,0.0
2026-03-10T17:00,0.0,0.0,0.0,0.0,5.0,3.13,6.1,20,0,10300.0,0,0.24,290.0,120.0,0,0.0,0,0,0.0,-1,-1,-1,-1,0.0,0.0
2026-03-10T18:00,0.0,0.0,0.0,0.0,5.1,4.09,6.9,22,0,11680.0,0,0.24,220.0,200.0,0,0.0,0,0,0.0,-1,-1,-1,-1,0.0,0.0
2026-03-10T19:00,0.0,0.0,0.0,0.0,5.1,3.42,7.2,25,0,11680.0,0,0.24,0.0,210.0,0,0.0,0,0,0.0,-1,-1,-1,-1,0.0,0.0
2026-03-10T20:00,0.0,0.0,0.0,0.0,4.6,3.35,6.0,17,0,10300.0,0,0.24,0.0,225.0,0,0.0,0,0,0.0,-1,-1,-1,-1,0.0,0.0
2026-03-10T21:00,0.0,0.0,0.0,0.0,4.2,3.42,6.1,21,0,10300.0,0,0.24,0.0,245.0,0,0.0,0,0,0.0,-1,-1,-1,-1,0.0,0.0
2026-03-10T22:00,0.0,0.0,0.0,0.0,3.9,3.63,6.3,23,0,11680.0,0,0.24,0.0,255.0,1,0.0,0,0,0.0,-1,-1,-1,-1,0.0,0.0
2026-03-10T23:00,0.0,0.0,0.0,0.0,4.1,4.04,7.0,22,0,12560.0,1,0.24,0.0,295.0,1,0.0,0,0,0.0,-1,-1,-1,-1,0.0,0.0
2026-03-11T00:00,0.0,0.0,0.0,0.0,5.9,4.16,7.3,13,0,13300.0,1,0.237,0.0,295.0,0,0.0,0,0,0.0,-1,-1,-1,-1,0.0,0.0
2026-03-11T01:00,0.0,0.0,0.0,0.0,7.9,3.85,7.8,13,0,13900.0,1,0.236,0.0,315.0,1,0.0,0,0,0.0,-1,-1,-1,-1,0.0,0.0
2026-03-11T02:00,0.0,0.0,0.0,0.0,9.9,3.57,7.9,18,0,13900.0,1,0.235,0.0,435.0,1,0.0,0,0,0.0,-1,-1,-1,-1,0.0,0.0
2026-03-11T03:00,0.0,0.0,0.0,0.0,11.9,4.25,9.1,30,0,13300.0,1,0.233,0.0,690.0,1,0.0,0,0,0.0,-1,-1,-1,-1,0.0,0.0
2026-03-11T04:00,0.0,0.0,0.0,0.0,13.2,4.44,9.7,36,0,13900.0,1,0.231,0.0,870.0,1,0.0,0,0,0.0,-1,-1,-1,-1,0.0,0.0
2026-03-11T05:00,0.0,0.0,0.0,0.0,14.0,4.42,9.8,38,0,15160.0,1,0.229,0.0,1090.0,1,0.0,0,0,0.0,-1,-1,-1,-1,0.0,0.0
2026-03-11T06:00,0.0,0.0,0.0,0.0,14.3,4.04,9.7,41,0,15160.0,1,0.227,0.0,1280.0,1,0.0,0,0,0.0,-1,-1,-1,-1,0.0,0.0
2026-03-11T07:00,0.0,0.0,0.0,0.0,14.5,3.82,8.8,43,0,15160.0,1,0.225,0.0,1340.0,1,0.0,0,0,0.0,-1,-1,-1,-1,0.0,0.0
2026-03-11T08:00,0.0,0.0,0.0,0.0,14.2,3.57,8.3,47,0,15160.0,1,0.223,0.0,1275.0,1,0.0,0,0,0.0,-1,-1,-1,-1,0.0,0.0
2026-03-11T09:00,0.0,0.0,0.0,0.0,13.3,3.12,7.4,58,0,15160.0,1,0.222,0.0,1100.0,1,0.0,0,0,0.0,-1,-1,-1,-1,0.0,0.0
2026-03-11T10:00,0.0,0.0,0.0,0.0,10.6,2.78,5.7,67,0,13900.0,1,0.222,0.0,310.0,1,0.0,0,0,0.0,-1,-1,-1,-1,0.0,0.0
2026-03-11T11:00,0.0,0.0,0.0,0.0,8.7,3.45,6.0,73,0,13300.0,0,0.222,0.0,270.0,1,0.0,0,0,0.0,-1,-1,-1,-1,0.0,0.0
2026-03-11T12:00,0.0,0.0,0.0,0.0,7.6,3.39,6.1,81,0,12580.0,0,0.221,0.0,250.0,1,0.0,0,0,0.0,-1,-1,-1,-1,0.0,0.0
2026-03-11T13:00,0.0,0.0,0.0,0.0,6.3,2.67,5.9,77,0,11680.0,0,0.221,0.0,230.0,1,0.0,0,0,0.0,-1,-1,-1,-1,0.0,0.0
2026-03-11T14:00,0.0,0.0,0.0,0.0,5.0,2.26,4.7,72,0,11700.0,0,0.221,0.0,200.0,1,0.0,0,0,0.0,-1,-1,-1,-1,0.0,0.0
2026-03-11T15:00,0.0,0.0,0.0,0.0,4.1,2.38,4.3,75,0,10320.0,0,0.221,0.0,185.0,1,0.0,0,0,0.0,-1,-1,-1,-1,0.0,0.0
2026-03-11T16:00,0.0,0.0,0.0,0.0,2.8,1.71,4.2,69,0,10320.0,0,0.221,0.0,140.0,1,0.0,0,0,0.0,-1,-1,-1,-1,0.0,0.0
2026-03-11T17:00,0.0,0.0,0.0,0.0,1.8,1.36,2.9,62,0,9400.0,0,0.221,0.0,75.0,1,0.0,0,0,0.0,-1,-1,-1,-1,0.0,0.0
2026-03-11T18:00,0.0,0.0,0.0,0.0,2.0,1.84,3.1,68,4,9400.0,0,0.221,0.0,80.0,0,0.0,0,0,0.0,-1,-1,-1,-1,0.0,0.0
2026-03-11T19:00,0.0,0.0,0.0,0.0,2.0,2.25,4.1,78,5,8180.0,0,0.221,0.0,115.0,1,0.0,0,0,0.0,-1,-1,-1,-1,0.0,0.0
2026-03-11T20:00,0.0,0.0,0.0,0.0,1.3,1.77,3.9,65,13,8180.0,0,0.221,0.0,100.0,1,0.0,0,0,0.0,-1,-1,-1,-1,0.0,0.0
2026-03-11T21:00,0.0,0.0,0.0,0.0,1.1,2.13,3.7,66,10,8180.0,0,0.221,0.0,105.0,1,0.0,0,0,0.0,-1,-1,-1,-1,0.0,0.0
2026-03-11T22:00,0.0,0.0,0.0,0.0,0.9,2.33,4.1,67,0,8180.0,0,0.221,0.0,110.0,1,0.0,0,0,0.0,-1,-1,-1,-1,0.0,0.0
2026-03-11T23:00,0.0,0.0,0.0,0.0,0.6,1.68,4.1,60,0,5760.0,1,0.222,0.0,100.0,1,0.0,0,0,0.0,-1,-1,-1,-1,0.0,0.0
2026-03-12T00:00,0.0,0.0,0.0,0.0,2.2,1.9,3.5,2,1,8180.0,1,0.222,0.0,115.0,1,0.0,0,0,0.0,-1,-1,-1,-1,0.0,0.0
2026-03-12T01:00,0.0,0.0,0.0,0.0,4.6,1.84,4.8,33,2,10320.0,1,0.222,0.0,230.0,1,0.0,0,0,0.0,-1,-1,-1,-1,0.0,0.0
2026-03-12T02:00,0.0,0.0,0.0,0.0,7.0,1.91,5.5,47,4,11700.0,1,0.221,0.0,355.0,1,0.0,0,0,0.0,-1,-1,-1,-1,0.0,0.0
2026-03-12T03:00,0.0,0.0,0.0,0.0,9.2,1.55,5.5,75,19,12580.0,1,0.22,0.0,530.0,1,0.0,0,0,0.0,-1,-1,-1,-1,0.0,0.0
2026-03-12T04:00,0.0,0.0,0.0,0.0,11.0,1.5,5.3,105,32,13320.0,1,0.219,0.0,685.0,1,0.0,1,0,0.0,-1,-1,-1,-1,0.0,0.0
2026-03-12T05:00,0.0,0.0,0.0,0.0,12.4,1.57,5.4,107,56,13920.0,1,0.217,0.0,900.0,1,0.0,2,0,0.0,-1,-1,-1,-1,0.0,0.0
2026-03-12T06:00,0.0,0.0,0.0,0.0,13.2,2.04,5.5,115,83,15180.0,1,0.215,0.0,1165.0,1,0.0,3,0,0.0,-1,-1,-1,-1,0.0,0.0
2026-03-12T07:00,0.0,0.0,0.0,0.0,13.9,2.42,6.1,128,60,15180.0,1,0.213,0.0,1325.0,1,0.0,2,0,0.0,-1,-1,-1,-1,0.0,0.0
2026-03-12T08:00,0.0,0.0,0.0,0.0,13.8,2.69,6.1,138,100,15180.0,1,0.212,0.0,1365.0,1,0.0,3,0,0.0,-1,-1,-1,-1,0.0,0.0
2026-03-12T09:00,0.0,0.0,0.0,0.0,13.1,2.55,6.0,145,100,15180.0,1,0.211,0.0,1270.0,1,0.0,3,0,0.0,-1,-1,-1,-1,0.0,0.0
2026-03-12T10:00,0.0,0.0,0.0,0.0,10.3,2.13,4.6,131,62,13920.0,1,0.21,0.0,175.0,1,0.0,2,0,0.0,-1,-1,-1,-1,0.0,0.0
2026-03-12T11:00,0.0,0.0,0.0,0.0,8.6,2.73,4.6,118,98,13920.0,0,0.21,0.0,125.0,1,0.0,3,0,0.0,-1,-1,-1,-1,0.0,0.0
2026-03-12T12:00,0.0,0.0,0.0,0.0,7.5,2.81,5.0,129,9,13320.0,0,0.218,0.0,125.0,1,0.0,0,0,0.0,-1,-1,-1,-1,0.0,0.0
2026-03-12T13:00,0.0,0.0,0.0,0.0,7.0,3.26,5.5,137,0,13920.0,0,0.218,0.0,145.0,1,0.0,0,0,0.0,-1,-1,-1,-1,0.0,0.0
2026-03-12T14:00,0.0,0.0,0.0,0.0,6.3,3.13,5.8,141,2,13920.0,0,0.218,0.0,155.0,1,0.0,0,0,0.0,-1,-1,-1,-1,0.0,0.0
2026-03-12T15:00,0.0,0.0,0.0,0.0,5.1,2.57,5.4,143,0,13320.0,0,0.217,0.0,120.0,1,0.0,0,0,0.0,-1,-1,-1,-1,0.0,0.0
2026-03-12T16:00,0.0,0.0,0.0,0.0,4.5,3.01,5.2,137,0,13320.0,0,0.217,0.0,125.0,1,0.0,0,0,0.0,-1,-1,-1,-1,0.0,0.0
2026-03-12T17:00,0.0,0.0,0.0,0.0,3.9,2.85,5.2,142,0,13320.0,0,0.217,0.0,130.0,1,0.0,0,0,0.0,-1,-1,-1,-1,0.0,0.0
2026-03-12T18:00,0.0,0.0,0.0,0.0,3.7,2.86,4.9,153,0,13320.0,0,0.217,0.0,125.0,1,0.0,0,0,0.0,-1,-1,-1,-1,0.0,0.0
2026-03-12T19:00,0.0,0.0,0.0,0.0,3.9,3.02,5.4,164,0,13320.0,0,0.217,0.0,135.0,1,0.0,0,0,0.0,-1,-1,-1,-1,0.0,0.0
2026-03-12T20:00,0.0,0.0,0.0,0.0,3.4,2.49,5.2,170,0,13320.0,0,0.217,0.0,115.0,1,0.0,0,0,0.0,-1,-1,-1,-1,0.0,0.0
2026-03-12T21:00,0.0,0.0,0.0,0.0,3.4,2.96,5.0,164,27,13320.0,0,0.217,0.0,110.0,1,0.0,1,0,0.0,-1,-1,-1,-1,0.0,0.0
2026-03-12T22:00,0.0,0.0,0.0,0.0,3.9,3.37,5.9,168,82,12600.0,0,0.217,0.0,135.0,1,0.0,3,0,0.0,-1,-1,-1,-1,0.0,0.0
2026-03-12T23:00,0.0,0.0,0.0,0.0,4.2,3.31,5.9,176,97,12600.0,1,0.217,0.0,180.0,1,0.0,3,0,0.0,-1,-1,-1,-1,0.0,0.0
2026-03-13T00:00,0.0,0.0,0.0,0.0,5.8,3.45,6.4,179,100,12600.0,1,0.217,0.0,255.0,1,0.0,3,0,0.0,-1,-1,-1,-1,0.0,0.0
2026-03-13T01:00,0.0,0.0,0.0,0.0,8.3,3.25,6.5,178,100,13320.0,1,0.216,0.0,360.0,1,0.0,3,0,0.0,-1,-1,-1,-1,0.0,0.0
2026-03-13T02:00,0.0,0.0,0.0,0.0,11.1,3.81,8.0,190,100,13320.0,1,0.215,0.0,590.0,1,0.0,3,0,0.0,-1,-1,-1,-1,0.0,0.0
2026-03-13T03:00,0.0,0.0,0.0,0.0,11.1,3.21,8.1,195,100,12600.0,1,0.215,0.0,765.0,1,0.0,3,0,0.0,-1,-1,-1,-1,0.0,0.0
2026-03-13T04:00,0.0,0.0,0.0,0.0,12.5,3.48,7.0,201,100,13320.0,1,0.214,0.0,945.0,1,0.0,3,0,0.0,-1,-1,-1,-1,0.0,0.0
2026-03-13T05:00,0.0,0.0,0.0,0.0,14.3,4.4,8.9,220,100,13320.0,1,0.213,0.0,1135.0,1,0.0,3,0,0.0,-1,-1,-1,-1,0.0,0.0
2026-03-13T06:00,0.0,0.0,0.0,0.0,13.1,4.07,9.1,223,100,13320.0,1,0.212,0.0,1035.0,1,0.0,3,0,0.0,-1,-1,-1,-1,0.0,0.0
2026-03-13T07:00,0.0,0.0,0.0,0.0,13.9,3.69,8.7,229,99,13320.0,1,0.211,0.0,995.0,1,0.0,3,0,0.0,-1,-1,-1,-1,0.0,0.0
2026-03-13T08:00,0.0,0.0,0.0,0.0,14.1,3.02,7.4,254,100,13320.0,1,0.21,0.0,1075.0,1,0.0,3,0,0.0,-1,-1,-1,-1,0.0,0.0
2026-03-13T09:00,0.0,0.0,0.0,0.0,11.7,3.61,6.3,326,100,7420.0,1,0.21,0.0,330.0,1,0.0,3,0,0.0,-1,-1,-1,-1,0.0,0.0
2026-03-13T10:00,0.1,0.0,0.0,0.0,9.4,3.0,6.8,349,100,5640.0,1,0.211,0.0,195.0,1,0.0,51,0,0.1,-1,-1,-1,-1,0.0,0.0
2026-03-13T11:00,0.1,0.0,0.0,0.0,8.5,2.8,5.4,359,100,5700.0,0,0.212,0.0,205.0,1,0.0,51,0,0.1,-1,-1,-1,-1,0.0,0.0
2026-03-13T12:00,0.2,0.0,0.0,0.0,8.2,1.36,4.8,6,100,5780.0,0,0.212,0.0,140.0,1,0.0,51,0,0.2,-1,-1,-1,-1,0.0,0.0
2026-03-13T13:00,0.1,0.0,0.0,0.0,8.2,2.3,3.7,336,100,4040.0,0,0.213,0.0,205.0,1,0.0,51,0,0.1,-1,-1,-1,-1,0.0,0.0
2026-03-13T14:00,0.8,0.0,0.0,0.0,7.6,2.67,4.7,347,100,2960.0,0,0.223,0.0,255.0,1,0.0,53,1,0.8,1,0,2,2,0.326,0.087
2026-03-13T15:00,0.5,0.0,0.0,0.0,7.2,2.69,4.6,10,100,4900.0,0,0.229,0.0,265.0,1,0.0,53,1,0.5,1,1,1,2,0.326,0.087
2026-03-13T16:00,0.1,0.0,0.0,0.0,6.9,2.53,4.6,15,100,6440.0,0,0.23,0.0,265.0,1,0.0,51,0,0.1,-1,-1,-1,-1,0.0,0.0
2026-03-13T17:00,0.1,0.0,0.0,0.0,6.7,3.35,5.9,17,100,3880.0,0,0.232,0.0,360.0,1,0.0,51,0,0.1,-1,-1,-1,-1,0.0,0.0
2026-03-13T18:00,0.3,0.0,0.0,0.0,6.8,3.24,6.0,13,100,5620.0,0,0.235,0.0,335.0,1,0.0,51,1,0.3,2,0,4,5,0.458,0.122
2026-03-13T19:00,0.1,0.0,0.0,0.0,6.7,3.71,6.6,14,100,3820.0,0,0.236,0.0,360.0,1,0.0,51,0,0.1,2,1,3,5,0.458,0.122
2026-03-13T20:00,0.4,0.0,0.0,0.0,6.6,3.68,6.6,12,100,3920.0,0,0.241,0.0,465.0,1,0.0,51,1,0.4,2,2,2,5,0.458,0.122
2026-03-13T21:00,0.3,0.0,0.0,0.0,6.5,4.1,7.2,30,100,4620.0,0,0.245,0.0,500.0,1,0.0,51,1,0.3,2,3,1,5,0.458,0.122
2026-03-13T22:00,0.1,0.0,0.0,0.0,6.1,4.41,7.6,26,100,6940.0,0,0.246,0.0,525.0,1,0.0,51,0,0.1,-1,-1,-1,-1,0.0,0.0
2026-03-13T23:00,0.0,0.0,0.0,0.0,6.4,4.76,8.3,32,100,10340.0,1,0.247,0.0,525.0,1,0.0,3,0,0.0,-1,-1,-1,-1,0.0,0.0
2026-03-14T00:00,0.0,0.0,0.0,0.0,6.6,4.99,8.8,33,100,5240.0,1,0.255,0.0,570.0,1,0.0,3,0,0.0,-1,-1,-1,-1,0.0,0.0
2026-03-14T01:00,0.1,0.0,0.0,0.0,6.9,4.9,9.5,39,100,5420.0,1,0.256,0.0,660.0,1,0.0,51,0,0.1,-1,-1,-1,-1,0.0,0.0
2026-03-14T02:00,0.2,0.0,0.0,0.0,6.9,5.15,11.2,50,100,4480.0,1,0.258,10.0,685.0,1,0.0,51,0,0.2,-1,-1,-1,-1,0.0,0.0
2026-03-14T03:00,0.3,0.0,0.0,0.0,6.3,4.42,10.1,45,100,4400.0,1,0.26,10.0,720.0,1,0.0,51,1,0.3,3,0,6,83,0.3,0.08
2026-03-14T04:00,0.3,0.0,0.0,0.0,6.2,4.46,8.8,46,100,4880.0,1,0.263,0.0,700.0,1,0.0,51,1,0.3,3,1,5,83,0.3,0.08
2026-03-14T05:00,0.2,0.0,0.0,0.0,6.4,4.13,8.9,52,100,4720.0,1,0.265,0.0,710.0,1,0.0,51,0,0.2,3,2,4,83,0.3,0.08
2026-03-14T06:00,0.4,0.0,0.0,0.0,5.3,3.41,8.2,51,100,4040.0,1,0.268,0.0,635.0,0,0.0,51,1,0.4,3,3,3,83,0.3,0.08
2026-03-14T07:00,0.5,0.0,0.0,0.0,5.4,3.9,8.2,57,100,4020.0,1,0.272,0.0,605.0,1,0.0,53,1,0.5,3,4,2,83,0.3,0.08
2026-03-14T08:00,0.4,0.0,0.0,0.0,5.0,3.33,7.8,62,100,4660.0,1,0.275,0.0,565.0,1,0.0,51,1,0.4,3,5,1,83,0.3,0.08
2026-03-14T09:00,0.2,0.0,0.0,0.0,4.7,2.65,6.9,68,100,5440.0,1,0.277,0.0,540.0,1,0.0,51,0,0.2,-1,-1,-1,-1,0.0,0.0
2026-03-14T10:00,0.1,0.0,0.0,0.0,4.2,1.97,5.6,66,100,6600.0,1,0.278,0.0,470.0,1,0.0,51,0,0.1,-1,-1,-1,-1,0.0,0.0
2026-03-14T11:00,0.0,0.0,0.0,0.0,3.6,1.23,3.7,58,100,7100.0,0,0.278,0.0,375.0,1,0.0,3,0,0.0,-1,-1,-1,-1,0.0,0.0
2026-03-14T12:00,0.0,0.0,0.0,0.0,3.4,0.53,2.2,49,100,9220.0,0,0.285,0.0,75.0,1,0.0,3,0,0.0,-1,-1,-1,-1,0.0,0.0
2026-03-14T13:00,0.0,0.0,0.0,0.0,2.8,0.81,1.3,83,100,9440.0,0,0.285,0.0,75.0,1,0.0,3,0,0.0,-1,-1,-1,-1,0.0,0.0
2026-03-14T14:00,0.0,0.0,0.0,0.0,2.3,0.65,1.3,94,100,9440.0,0,0.285,0.0,40.0,1,0.0,3,0,0.0,-1,-1,-1,-1,0.0,0.0
2026-03-14T15:00,0.0,0.0,0.0,0.0,2.2,0.59,1.3,110,100,9460.0,0,0.284,0.0,30.0,1,0.0,3,0,0.0,-1,-1,-1,-1,0.0,0.0
2026-03-14T16:00,0.0,0.0,0.0,0.0,1.8,0.72,1.1,124,100,9460.0,0,0.284,0.0,30.0,1,0.0,3,0,0.0,-1,-1,-1,-1,0.0,0.0
2026-03-14T17:00,0.0,0.0,0.0,0.0,1.4,0.99,1.5,135,100,9460.0,0,0.284,0.0,40.0,1,0.0,3,0,0.0,-1,-1,-1,-1,0.0,0.0
2026-03-14T18:00,0.0,0.0,0.0,0.0,2.0,0.92,1.9,139,99,9460.0,0,0.283,0.0,35.0,1,0.0,3,0,0.0,-1,-1,-1,-1,0.0,0.0
2026-03-14T19:00,0.0,0.0,0.0,0.0,1.6,0.56,1.3,153,10,9460.0,0,0.283,0.0,30.0,1,0.0,0,0,0.0,-1,-1,-1,-1,0.0,0.0
2026-03-14T20:00,0.0,0.0,0.0,0.0,0.7,0.51,0.8,151,0,9460.0,0,0.283,0.0,20.0,1,0.0,0,0,0.0,-1,-1,-1,-1,0.0,0.0
2026-03-14T21:00,0.0,0.0,0.0,0.0,0.1,0.51,0.8,151,0,8240.0,0,0.282,0.0,20.0,1,0.0,0,0,0.0,-1,-1,-1,-1,0.0,0.0
2026-03-14T22:00,0.0,0.0,0.0,0.0,-0.7,0.93,1.4,144,0,8240.0,0,0.282,0.0,30.0,1,0.0,0,0,0.0,-1,-1,-1,-1,0.0,0.0
2026-03-14T23:00,0.0,0.0,0.0,0.0,-0.9,1.35,1.8,158,0,8240.0,1,0.282,0.0,35.0,1,0.0,0,0,0.0,-1,-1,-1,-1,0.0,0.0
2026-03-15T00:00,0.0,0.0,0.0,0.0,1.4,1.4,3.5,215,0,8240.0,1,0.282,0.0,45.0,1,0.0,0,0,0.0,-1,-1,-1,-1,0.0,0.0
2026-03-15T01:00,0.0,0.0,0.0,0.0,4.3,1.0,3.5,186,0,11740.0,1,0.282,0.0,150.0,1,0.0,0,0,0.0,-1,-1,-1,-1,0.0,0.0
2026-03-15T02:00,0.0,0.0,0.0,0.0,6.8,1.18,4.3,192,5,13340.0,1,0.281,0.0,325.0,1,0.0,0,0,0.0,-1,-1,-1,-1,0.0,0.0
2026-03-15T03:00,0.0,0.0,0.0,0.0,8.8,1.76,5.4,187,18,15200.0,1,0.279,0.0,640.0,1,0.0,0,0,0.0,-1,-1,-1,-1,0.0,0.0
2026-03-15T04:00,0.0,0.0,0.0,0.0,10.2,1.63,5.7,191,30,15200.0,1,0.277,0.0,785.0,1,0.0,1,0,0.0,-1,-1,-1,-1,0.0,0.0
2026-03-15T05:00,0.0,0.0,0.0,0.0,11.3,1.47,5.4,198,59,15380.0,1,0.274,0.0,900.0,1,0.0,2,0,0.0,-1,-1,-1,-1,0.0,0.0
2026-03-15T06:00,0.0,0.0,0.0,0.0,11.4,1.6,5.2,212,20,15380.0,1,0.272,0.0,1030.0,1,0.0,1,0,0.0,-1,-1,-1,-1,0.0,0.0
2026-03-15T07:00,0.0,0.0,0.0,0.0,12.0,1.07,5.1,217,98,15380.0,1,0.27,0.0,1075.0,1,0.0,3,0,0.0,-1,-1,-1,-1,0.0,0.0
2026-03-15T08:00,0.0,0.0,0.0,0.0,12.0,1.21,4.1,210,100,15380.0,1,0.268,0.0,1065.0,1,0.0,3,0,0.0,-1,-1,-1,-1,0.0,0.0
2026-03-15T09:00,0.0,0.0,0.0,0.0,11.4,1.37,3.7,190,100,15200.0,1,0.267,0.0,810.0,1,0.0,3,0,0.0,-1,-1,-1,-1,0.0,0.0
2026-03-15T10:00,0.0,0.0,0.0,0.0,9.0,1.01,2.5,189,100,15200.0,1,0.267,0.0,55.0,1,0.0,3,0,0.0,-1,-1,-1,-1,0.0,0.0
2026-03-15T11:00,0.0,0.0,0.0,0.0,7.1,1.36,1.6,152,100,15200.0,0,0.266,0.0,40.0,1,0.0,3,0,0.0,-1,-1,-1,-1,0.0,0.0
2026-03-15T12:00,0.0,0.0,0.0,0.0,6.6,2.16,3.3,175,95,13960.0,0,0.273,0.0,85.0,1,0.0,3,0,0.0,-1,-1,-1,-1,0.0,0.0
2026-03-15T13:00,0.0,0.0,0.0,0.0,6.0,2.16,3.7,173,100,13960.0,0,0.272,0.0,90.0,1,0.0,3,0,0.0,-1,-1,-1,-1,0.0,0.0
2026-03-15T14:00,0.0,0.0,0.0,0.0,5.4,1.81,3.7,174,100,13960.0,0,0.272,0.0,75.0,1,0.0,3,0,0.0,-1,-1,-1,-1,0.0,0.0
2026-03-15T15:00,0.0,0.0,0.0,0.0,4.2,1.81,2.8,186,100,13960.0,0,0.272,0.0,65.0,1,0.0,3,0,0.0,-1,-1,-1,-1,0.0,0.0
2026-03-15T16:00,0.0,0.0,0.0,0.0,3.7,1.69,2.7,199,100,13360.0,0,0.271,0.0,65.0,1,0.0,3,0,0.0,-1,-1,-1,-1,0.0,0.0
2026-03-15T17:00,0.0,0.0,0.0,0.0,3.1,1.58,2.5,191,100,13360.0,0,0.271,0.0,55.0,1,0.0,3,0,0.0,-1,-1,-1,-1,0.0,0.0
2026-03-15T18:00,0.0,0.0,0.0,0.0,3.1,1.45,2.4,180,100,13360.0,0,0.271,0.0,50.0,1,0.0,3,0,0.0,-1,-1,-1,-1,0.0,0.0
2026-03-15T19:00,0.0,0.0,0.0,0.0,2.8,1.43,2.2,168,91,12640.0,0,0.271,0.0,40.0,1,0.0,3,0,0.0,-1,-1,-1,-1,0.0,0.0
2026-03-15T20:00,0.0,0.0,0.0,0.0,2.0,1.43,2.2,155,100,12640.0,0,0.271,0.0,35.0,1,0.0,3,0,0.0,-1,-1,-1,-1,0.0,0.0
2026-03-15T21:00,0.0,0.0,0.0,0.0,1.9,1.35,2.0,149,100,12640.0,0,0.271,0.0,30.0,1,0.0,3,0,0.0,-1,-1,-1,-1,0.0,0.0
2026-03-15T22:00,0.0,0.0,0.0,0.0,2.0,1.24,1.8,140,29,12640.0,0,0.27,0.0,30.0,1,0.0,1,0,0.0,-1,-1,-1,-1,0.0,0.0
2026-03-15T23:00,0.0,0.0,0.0,0.0,1.0,1.56,2.4,135,9,12640.0,1,0.27,0.0,30.0,1,0.0,0,0,0.0,-1,-1,-1,-1,0.0,0.0
2026-03-16T00:00,0.0,0.0,0.0,0.0,4.1,1.88,3.6,132,0,12640.0,1,0.27,0.0,35.0,1,0.0,0,0,0.0,-1,-1,-1,-1,0.0,0.0
2026-03-16T01:00,0.0,0.0,0.0,0.0,7.7,0.92,3.6,112,0,13360.0,1,0.27,0.0,120.0,1,0.0,0,0,0.0,-1,-1,-1,-1,0.0,0.0
2026-03-16T02:00,0.0,0.0,0.0,0.0,10.2,0.89,3.8,117,0,15220.0,1,0.268,0.0,365.0,1,0.0,0,0,0.0,-1,-1,-1,-1,0.0,0.0
2026-03-16T03:00,0.0,0.0,0.0,0.0,11.8,1.45,4.8,131,0,15380.0,1,0.266,0.0,1045.0,1,0.0,0,0,0.0,-1,-1,-1,-1,0.0,0.0
2026-03-16T04:00,0.0,0.0,0.0,0.0,12.9,1.82,5.5,143,0,15380.0,1,0.264,0.0,1350.0,1,0.0,0,0,0.0,-1,-1,-1,-1,0.0,0.0
2026-03-16T05:00,0.0,0.0,0.0,0.0,13.6,1.75,5.6,167,0,15380.0,1,0.261,0.0,1495.0,1,0.0,0,0,0.0,-1,-1,-1,-1,0.0,0.0
2026-03-16T06:00,0.0,0.0,0.0,0.0,13.4,2.01,5.8,176,0,15380.0,1,0.259,0.0,1580.0,1,0.0,0,0,0.0,-1,-1,-1,-1,0.0,0.0
2026-03-16T07:00,0.0,0.0,0.0,0.0,13.7,2.3,5.9,179,0,15380.0,1,0.256,0.0,1590.0,1,0.0,0,0,0.0,-1,-1,-1,-1,0.0,0.0
2026-03-16T08:00,0.0,0.0,0.0,0.0,13.6,2.52,5.9,188,0,15380.0,1,0.255,0.0,1585.0,1,0.0,0,0,0.0,-1,-1,-1,-1,0.0,0.0
2026-03-16T09:00,0.0,0.0,0.0,0.0,12.9,1.95,5.7,183,0,15220.0,1,0.253,0.0,1485.0,1,0.0,0,0,0.0,-1,-1,-1,-1,0.0,0.0
2026-03-16T10:00,0.0,0.0,0.0,0.0,9.8,1.59,3.3,152,0,13960.0,1,0.253,0.0,105.0,1,0.0,0,0,0.0,-1,-1,-1,-1,0.0,0.0
2026-03-16T11:00,0.0,0.0,0.0,0.0,7.9,2.28,3.7,157,0,13360.0,0,0.253,0.0,105.0,1,0.0,0,0,0.0,-1,-1,-1,-1,0.0,0.0
2026-03-16T12:00,0.0,0.0,0.0,0.0,7.3,2.16,4.6,173,0,13360.0,0,0.255,0.0,95.0,1,0.0,0,0,0.0,-1,-1,-1,-1,0.0,0.0
2026-03-16T13:00,0.0,0.0,0.0,0.0,6.5,2.06,3.5,174,1,13360.0,0,0.255,0.0,80.0,1,0.0,0,0,0.0,-1,-1,-1,-1,0.0,0.0
2026-03-16T14:00,0.0,0.0,0.0,0.0,5.8,2.1,3.4,181,0,12640.0,0,0.255,0.0,75.0,1,0.0,0,0,0.0,-1,-1,-1,-1,0.0,0.0
2026-03-16T15:00,0.0,0.0,0.0,0.0,5.8,2.6,4.4,178,0,12640.0,0,0.254,0.0,130.0,1,0.0,0,0,0.0,-1,-1,-1,-1,0.0,0.0
2026-03-16T16:00,0.0,0.0,0.0,0.0,5.8,2.86,5.0,185,0,11760.0,0,0.254,0.0,180.0,1,0.0,0,0,0.0,-1,-1,-1,-1,0.0,0.0
2026-03-16T17:00,0.0,0.0,0.0,0.0,5.3,2.5,4.9,183,2,10380.0,0,0.254,0.0,160.0,1,0.0,0,0,0.0,-1,-1,-1,-1,0.0,0.0
2026-03-16T18:00,0.0,0.0,0.0,0.0,5.2,2.7,5.0,183,11,9480.0,0,0.254,0.0,175.0,1,0.0,0,0,0.0,-1,-1,-1,-1,0.0,0.0
2026-03-16T19:00,0.0,0.0,0.0,0.0,5.2,2.36,4.8,186,5,9480.0,0,0.254,0.0,160.0,1,0.0,0,0,0.0,-1,-1,-1,-1,0.0,0.0
2026-03-16T20:00,0.0,0.0,0.0,0.0,4.5,1.86,4.1,186,3,9480.0,0,0.254,0.0,115.0,1,0.0,0,0,0.0,-1,-1,-1,-1,0.0,0.0
2026-03-16T21:00,0.0,0.0,0.0,0.0,4.4,2.07,3.5,188,13,8260.0,0,0.254,0.0,115.0,1,0.0,0,0,0.0,-1,-1,-1,-1,0.0,0.0
2026-03-16T22:00,0.0,0.0,0.0,0.0,4.3,2.26,3.9,186,15,8260.0,0,0.254,0.0,130.0,1,0.0,0,0,0.0,-1,-1,-1,-1,0.0,0.0
2026-03-16T23:00,0.0,0.0,0.0,0.0,4.3,2.1,3.9,181,19,8260.0,1,0.254,0.0,115.0,1,0.0,0,0,0.0,-1,-1,-1,-1,0.0,0.0
2026-03-17T00:00,0.0,0.0,0.0,0.0,6.3,2.66,4.6,164,2,8260.0,1,0.25,0.0,170.0,1,0.0,0,0,0.0,-1,-1,-1,-1,0.0,0.0
2026-03-17T01:00,0.0,0.0,0.0,0.0,8.6,2.75,5.9,178,2,10380.0,1,0.25,0.0,315.0,1,0.0,0,0,0.0,-1,-1,-1,-1,0.0,0.0
2026-03-17T02:00,0.0,0.0,0.0,0.0,10.8,3.27,7.4,187,0,11760.0,1,0.249,0.0,465.0,1,0.0,0,0,0.0,-1,-1,-1,-1,0.0,0.0
2026-03-17T03:00,0.0,0.0,0.0,0.0,13.1,4.1,8.9,193,2,12640.0,1,0.248,0.0,815.0,1,0.0,0,0,0.0,-1,-1,-1,-1,0.0,0.0
2026-03-17T04:00,0.0,0.0,0.0,0.0,14.8,4.35,9.4,199,24,13360.0,1,0.246,0.0,1145.0,1,0.0,1,0,0.0,-1,-1,-1,-1,0.0,0.0
2026-03-17T05:00,0.0,0.0,0.0,0.0,16.1,4.4,9.5,201,98,13940.0,1,0.243,0.0,1580.0,1,0.0,3,0,0.0,-1,-1,-1,-1,0.0,0.0
2026-03-17T06:00,0.0,0.0,0.0,0.0,15.4,3.62,9.4,200,100,13940.0,1,0.241,0.0,1545.0,0,0.0,3,0,0.0,-1,-1,-1,-1,0.0,0.0
2026-03-17T07:00,0.0,0.0,0.0,0.0,16.3,2.89,7.8,189,100,13940.0,1,0.239,0.0,1575.0,1,0.0,3,0,0.0,-1,-1,-1,-1,0.0,0.0
2026-03-17T08:00,0.0,0.0,0.0,0.0,15.9,2.25,6.5,168,100,13940.0,1,0.238,0.0,1355.0,1,0.0,3,0,0.0,-1,-1,-1,-1,0.0,0.0
2026-03-17T09:00,0.0,0.0,0.0,0.0,15.2,2.25,4.7,183,100,13940.0,1,0.237,0.0,750.0,1,0.0,3,0,0.0,-1,-1,-1,-1,0.0,0.0
2026-03-17T10:00,0.0,0.0,0.0,0.0,13.5,2.38,3.9,188,100,13340.0,1,0.237,0.0,220.0,1,0.0,3,0,0.0,-1,-1,-1,-1,0.0,0.0
2026-03-17T11:00,0.0,0.0,0.0,0.0,12.4,4.32,7.4,205,100,7200.0,0,0.237,0.0,545.0,1,0.0,3,0,0.0,-1,-1,-1,-1,0.0,0.0
2026-03-17T12:00,0.1,0.0,0.0,0.0,11.2,3.97,7.8,201,100,12620.0,0,0.247,0.0,390.0,1,0.0,51,0,0.1,-1,-1,-1,-1,0.0,0.0
2026-03-17T13:00,0.0,0.0,0.0,0.0,10.6,3.94,7.5,206,100,12620.0,0,0.247,0.0,380.0,1,0.0,3,0,0.0,-1,-1,-1,-1,0.0,0.0
2026-03-17T14:00,0.0,0.0,0.0,0.0,9.9,3.58,7.0,208,100,11760.0,0,0.247,0.0,400.0,1,0.0,3,0,0.0,-1,-1,-1,-1,0.0,0.0
2026-03-17T15:00,0.0,0.0,0.0,0.0,9.4,3.65,6.5,203,45,11760.0,0,0.247,0.0,365.0,1,0.0,1,0,0.0,-1,-1,-1,-1,0.0,0.0
2026-03-17T16:00,0.0,0.0,0.0,0.0,8.3,3.65,6.5,205,2,10380.0,0,0.247,0.0,305.0,0,0.0,0,0,0.0,-1,-1,-1,-1,0.0,0.0
2026-03-17T17:00,0.0,0.0,0.0,0.0,7.4,3.09,6.5,219,11,9480.0,0,0.247,0.0,295.0,0,0.0,0,0,0.0,-1,-1,-1,-1,0.0,0.0
2026-03-17T18:00,0.0,0.0,0.0,0.0,7.2,2.58,5.5,224,63,9480.0,0,0.247,10.0,255.0,0,0.0,2,0,0.0,-1,-1,-1,-1,0.0,0.0
2026-03-17T19:00,0.0,0.0,0.0,0.0,7.1,2.99,8.8,10,95,7320.0,0,0.247,10.0,220.0,0,0.0,3,0,0.0,-1,-1,-1,-1,0.0,0.0
2026-03-17T20:00,1.2,0.333,0.0,0.0,6.6,7.16,13.6,38,100,4620.0,0,0.261,0.0,875.0,1,0.0,55,1,0.8,4,0,1,260,0.0,0.2
2026-03-17T21:00,0.1,0.0,0.0,0.0,6.8,5.76,12.7,23,100,12620.0,0,0.261,0.0,1150.0,1,0.0,51,0,0.1,-1,-1,-1,-1,0.0,0.0
2026-03-17T22:00,0.0,0.0,0.0,0.0,6.9,6.54,11.8,16,100,13920.0,0,0.261,0.0,1245.0,1,0.0,3,0,0.0,-1,-1,-1,-1,0.0,0.0
2026-03-17T23:00,0.0,0.0,0.0,0.0,6.1,6.39,12.1,14,56,15160.0,1,0.26,0.0,1190.0,1,0.0,2,0,0.0,-1,-1,-1,-1,0.0,0.0
2026-03-18T00:00,0.0,0.0,0.0,0.0,6.7,6.25,11.7,21,51,15160.0,1,0.259,0.0,1115.0,1,0.0,2,0,0.0,-1,-1,-1,-1,0.0,0.0
2026-03-18T01:00,0.0,0.0,0.0,0.0,7.7,7.46,13.9,32,34,15340.0,1,0.258,0.0,1280.0,1,0.0,1,0,0.0,-1,-1,-1,-1,0.0,0.0
2026-03-18T02:00,0.0,0.0,0.0,0.0,8.2,6.78,14.6,28,83,15460.0,1,0.256,0.0,1500.0,1,0.0,3,0,0.0,-1,-1,-1,-1,0.0,0.0
2026-03-18T03:00,0.0,0.0,0.0,0.0,9.1,5.17,13.2,27,98,15460.0,1,0.253,0.0,1690.0,1,0.0,3,0,0.0,-1,-1,-1,-1,0.0,0.0
2026-03-18T04:00,0.0,0.0,0.0,0.0,9.8,4.38,10.9,32,85,15460.0,1,0.251,0.0,1665.0,1,0.0,3,0,0.0,-1,-1,-1,-1,0.0,0.0
2026-03-18T05:00,0.0,0.0,0.0,0.0,10.4,3.49,9.6,38,90,15440.0,1,0.248,0.0,1655.0,1,0.0,3,0,0.0,-1,-1,-1,-1,0.0,0.0
2026-03-18T06:00,0.0,0.0,0.0,0.0,10.5,2.34,8.2,34,96,15440.0,1,0.253,0.0,1615.0,1,0.0,3,0,0.0,-1,-1,-1,-1,0.0,0.0
2026-03-18T07:00,0.0,0.0,0.0,0.0,10.8,1.77,6.1,29,100,15440.0,1,0.25,0.0,1540.0,1,0.0,3,0,0.0,-1,-1,-1,-1,0.0,0.0
2026-03-18T08:00,0.0,0.0,0.0,0.0,10.5,0.89,5.2,16,100,15440.0,1,0.249,0.0,1465.0,1,0.0,3,0,0.0,-1,-1,-1,-1,0.0,0.0
2026-03-18T09:00,0.0,0.0,0.0,0.0,10.0,0.14,3.3,315,99,15440.0,1,0.248,0.0,1205.0,1,0.0,3,0,0.0,-1,-1,-1,-1,0.0,0.0
2026-03-18T10:00,0.0,0.0,0.0,0.0,7.7,1.06,1.3,188,100,15320.0,1,0.247,0.0,60.0,1,0.0,3,0,0.0,-1,-1,-1,-1,0.0,0.0
2026-03-18T11:00,0.0,0.0,0.0,0.0,5.1,1.88,2.9,191,94,15140.0,0,0.247,0.0,60.0,1,0.0,3,0,0.0,-1,-1,-1,-1,0.0,0.0
2026-03-18T12:00,0.0,0.0,0.0,0.0,4.3,2.17,3.1,206,9,15140.0,0,0.248,0.0,70.0,1,0.0,0,0,0.0,-1,-1,-1,-1,0.0,0.0
2026-03-18T13:00,0.0,0.0,0.0,0.0,4.3,2.44,4.1,191,89,15140.0,0,0.247,0.0,95.0,1,0.0,3,0,0.0,-1,-1,-1,-1,0.0,0.0
2026-03-18T14:00,0.0,0.0,0.0,0.0,3.8,2.86,4.8,192,27,13900.0,0,0.247,0.0,130.0,1,0.0,1,0,0.0,-1,-1,-1,-1,0.0,0.0
2026-03-18T15:00,0.0,0.0,0.0,0.0,3.5,3.34,5.8,193,0,13320.0,0,0.247,0.0,170.0,1,0.0,0,0,0.0,-1,-1,-1,-1,0.0,0.0
2026-03-18T16:00,0.0,0.0,0.0,0.0,3.1,3.17,5.8,196,17,13320.0,0,0.247,0.0,160.0,1,0.0,0,0,0.0,-1,-1,-1,-1,0.0,0.0
2026-03-18T17:00,0.0,0.0,0.0,0.0,2.6,3.09,5.5,194,2,12600.0,0,0.246,0.0,160.0,1,0.0,0,0,0.0,-1,-1,-1,-1,0.0,0.0
2026-03-18T18:00,0.0,0.0,0.0,0.0,2.6,3.15,5.5,200,0,11740.0,0,0.246,0.0,190.0,1,0.0,0,0,0.0,-1,-1,-1,-1,0.0,0.0
2026-03-18T19:00,0.0,0.0,0.0,0.0,2.3,3.1,5.5,195,0,11740.0,0,0.246,0.0,175.0,1,0.0,0,0,0.0,-1,-1,-1,-1,0.0,0.0
2026-03-18T20:00,0.0,0.0,0.0,0.0,2.1,3.18,5.7,193,14,11740.0,0,0.246,0.0,175.0,1,0.0,0,0,0.0,-1,-1,-1,-1,0.0,0.0
2026-03-18T21:00,0.0,0.0,0.0,0.0,1.8,3.02,5.5,196,80,11740.0,0,0.246,0.0,170.0,1,0.0,3,0,0.0,-1,-1,-1,-1,0.0,0.0
2026-03-18T22:00,0.0,0.0,0.0,0.0,1.5,2.83,5.3,197,97,11740.0,0,0.246,0.0,160.0,1,0.0,3,0,0.0,-1,-1,-1,-1,0.0,0.0
2026-03-18T23:00,0.0,0.0,0.0,0.0,1.9,3.43,5.9,199,99,11740.0,1,0.246,0.0,205.0,1,0.0,3,0,0.0,-1,-1,-1,-1,0.0,0.0
2026-03-19T00:00,0.0,0.0,0.0,0.0,4.0,3.54,6.4,199,99,11740.0,1,0.246,0.0,285.0,0,0.0,3,0,0.0,-1,-1,-1,-1,0.0,0.0
2026-03-19T01:00,0.0,0.0,0.0,0.0,6.5,3.32,6.9,201,100,12600.0,1,0.245,0.0,365.0,1,0.0,3,0,0.0,-1,-1,-1,-1,0.0,0.0
2026-03-19T02:00,0.0,0.0,0.0,0.0,9.1,3.7,7.9,203,49,13300.0,1,0.244,0.0,485.0,1,0.0,1,0,0.0,-1,-1,-1,-1,0.0,0.0
2026-03-19T03:00,0.0,0.0,0.0,0.0,11.5,4.25,9.1,204,35,13900.0,1,0.242,0.0,655.0,1,0.0,1,0,0.0,-1,-1,-1,-1,0.0,0.0
2026-03-19T04:00,0.0,0.0,0.0,0.0,13.5,4.29,9.4,208,2,13900.0,1,0.24,0.0,805.0,1,0.0,0,0,0.0,-1,-1,-1,-1,0.0,0.0
2026-03-19T05:00,0.0,0.0,0.0,0.0,14.9,3.72,9.3,209,0,15120.0,1,0.237,0.0,980.0,1,0.0,0,0,0.0,-1,-1,-1,-1,0.0,0.0
2026-03-19T06:00,0.0,0.0,0.0,0.0,15.6,3.81,8.3,203,0,15120.0,1,0.235,0.0,1315.0,0,0.0,0,0,0.0,-1,-1,-1,-1,0.0,0.0
2026-03-19T07:00,0.0,0.0,0.0,0.0,16.0,3.56,8.4,206,0,15280.0,1,0.232,0.0,1445.0,1,0.0,0,0,0.0,-1,-1,-1,-1,0.0,0.0
2026-03-19T08:00,0.0,0.0,0.0,0.0,15.9,3.66,7.6,202,45,15280.0,1,0.23,0.0,1400.0,1,0.0,1,0,0.0,-1,-1,-1,-1,0.0,0.0
2026-03-19T09:00,0.0,0.0,0.0,0.0,15.0,3.32,7.4,196,71,15100.0,1,0.229,0.0,1035.0,1,0.0,2,0,0.0,-1,-1,-1,-1,0.0,0.0
2026-03-19T10:00,0.0,0.0,0.0,0.0,12.5,3.25,5.9,190,5,13880.0,1,0.228,0.0,350.0,1,0.0,0,0,0.0,-1,-1,-1,-1,0.0,0.0
2026-03-19T11:00,0.0,0.0,0.0,0.0,10.5,3.68,6.2,187,1,13880.0,0,0.228,0.0,275.0,1,0.0,0,0,0.0,-1,-1,-1,-1,0.0,0.0
2026-03-19T12:00,0.0,0.0,0.0,0.0,9.6,4.11,7.1,193,76,13300.0,0,0.227,0.0,335.0,0,0.0,2,0,0.0,-1,-1,-1,-1,0.0,0.0
2026-03-19T13:00,0.0,0.0,0.0,0.0,9.3,3.76,7.4,197,100,12600.0,0,0.226,0.0,305.0,1,0.0,3,0,0.0,-1,-1,-1,-1,0.0,0.0
2026-03-19T14:00,0.0,0.0,0.0,0.0,8.9,3.44,6.5,193,86,12600.0,0,0.226,0.0,260.0,1,0.0,3,0,0.0,-1,-1,-1,-1,0.0,0.0
2026-03-19T15:00,0.0,0.0,0.0,0.0,8.0,2.79,5.9,189,67,12600.0,0,0.226,0.0,215.0,1,0.0,2,0,0.0,-1,-1,-1,-1,0.0,0.0
2026-03-19T16:00,0.0,0.0,0.0,0.0,7.1,2.52,4.8,188,94,11720.0,0,0.226,0.0,170.0,1,0.0,3,0,0.0,-1,-1,-1,-1,0.0,0.0
2026-03-19T17:00,0.0,0.0,0.0,0.0,6.5,2.4,4.3,184,95,11720.0,0,0.226,0.0,145.0,1,0.0,3,0,0.0,-1,-1,-1,-1,0.0,0.0
2026-03-19T18:00,0.0,0.0,0.0,0.0,5.9,2.2,4.2,183,100,10380.0,0,0.226,0.0,115.0,1,0.0,3,0,0.0,-1,-1,-1,-1,0.0,0.0
2026-03-19T19:00,0.0,0.0,0.0,0.0,5.4,1.91,3.7,186,100,10380.0,0,0.226,0.0,100.0,1,0.0,3,0,0.0,-1,-1,-1,-1,0.0,0.0
2026-03-19T20:00,0.0,0.0,0.0,0.0,4.7,1.74,3.2,192,100,10380.0,0,0.226,0.0,80.0,1,0.0,3,0,0.0,-1,-1,-1,-1,0.0,0.0
2026-03-19T21:00,0.0,0.0,0.0,0.0,4.3,1.4,2.7,182,100,9480.0,0,0.226,0.0,55.0,1,0.0,3,0,0.0,-1,-1,-1,-1,0.0,0.0
2026-03-19T22:00,0.0,0.0,0.0,0.0,3.8,1.25,2.1,151,70,9480.0,0,0.226,0.0,40.0,1,0.0,2,0,0.0,-1,-1,-1,-1,0.0,0.0
2026-03-19T23:00,0.0,0.0,0.0,0.0,3.6,1.08,1.8,124,9,8260.0,1,0.226,0.0,35.0,1,0.0,0,0,0.0,-1,-1,-1,-1,0.0,0.0
2026-03-20T00:00,0.0,0.0,0.0,0.0,6.4,1.32,3.2,151,0,9480.0,1,0.226,0.0,60.0,1,0.0,0,0,0.0,-1,-1,-1,-1,0.0,0.0
2026-03-20T01:00,0.0,0.0,0.0,0.0,9.2,1.38,4.1,161,0,11720.0,1,0.226,0.0,165.0,1,0.0,0,0,0.0,-1,-1,-1,-1,0.0,0.0
2026-03-20T02:00,0.0,0.0,0.0,0.0,11.6,0.75,4.2,143,0,11720.0,1,0.225,0.0,325.0,1,0.0,0,0,0.0,-1,-1,-1,-1,0.0,0.0
2026-03-20T03:00,0.0,0.0,0.0,0.0,13.8,1.22,4.6,109,0,12580.0,1,0.223,10.0,530.0,1,0.0,0,0,0.0,-1,-1,-1,-1,0.0,0.0
2026-03-20T04:00,0.0,0.0,0.0,0.0,15.5,1.77,5.5,115,0,13280.0,1,0.221,70.0,875.0,0,0.0,0,0,0.0,-1,-1,-1,-1,0.0,0.0
2026-03-20T05:00,0.0,0.0,0.0,0.0,16.7,2.23,6.1,136,1,13860.0,1,0.219,40.0,1255.0,0,0.0,0,0,0.0,-1,-1,-1,-1,0.0,0.0
2026-03-20T06:00,0.0,0.0,0.0,0.0,16.9,2.94,6.8,140,0,15080.0,1,0.217,0.0,1380.0,0,0.0,0,0,0.0,-1,-1,-1,-1,0.0,0.0
2026-03-20T07:00,0.0,0.0,0.0,0.0,17.4,3.13,7.2,146,0,15080.0,1,0.214,0.0,1490.0,1,0.0,0,0,0.0,-1,-1,-1,-1,0.0,0.0
2026-03-20T08:00,0.0,0.0,0.0,0.0,17.2,3.11,7.1,150,0,15060.0,1,0.212,0.0,1515.0,1,0.0,0,0,0.0,-1,-1,-1,-1,0.0,0.0
2026-03-20T09:00,0.0,0.0,0.0,0.0,16.4,2.51,6.5,149,0,15060.0,1,0.211,0.0,1200.0,0,0.0,0,0,0.0,-1,-1,-1,-1,0.0,0.0
2026-03-20T10:00,0.0,0.0,0.0,0.0,13.5,1.95,4.4,138,0,13860.0,1,0.211,0.0,140.0,0,0.0,0,0,0.0,-1,-1,-1,-1,0.0,0.0
2026-03-20T11:00,0.0,0.0,0.0,0.0,10.7,2.02,3.2,147,0,13280.0,0,0.211,0.0,70.0,0,0.0,0,0,0.0,-1,-1,-1,-1,0.0,0.0
2026-03-20T12:00,0.0,0.0,0.0,0.0,9.7,1.98,3.2,146,0,13280.0,0,0.206,0.0,60.0,0,0.0,0,0,0.0,-1,-1,-1,-1,0.0,0.0
2026-03-20T13:00,0.0,0.0,0.0,0.0,9.9,2.58,4.2,158,0,12580.0,0,0.206,0.0,85.0,0,0.0,0,0,0.0,-1,-1,-1,-1,0.0,0.0
2026-03-20T14:00,0.0,0.0,0.0,0.0,9.8,2.58,5.0,162,0,12580.0,0,0.206,80.0,110.0,0,0.0,0,0,0.0,-1,-1,-1,-1,0.0,0.0
2026-03-20T15:00,0.0,0.0,0.0,0.0,8.9,2.23,4.4,164,0,12580.0,0,0.206,100.0,95.0,0,0.0,0,0,0.0,-1,-1,-1,-1,0.0,0.0
2026-03-20T16:00,0.0,0.0,0.0,0.0,9.0,2.49,4.3,170,0,11720.0,0,0.206,90.0,105.0,0,0.0,0,0,0.0,-1,-1,-1,-1,0.0,0.0
2026-03-20T17:00,0.0,0.0,0.0,0.0,8.1,2.21,4.2,176,0,11720.0,0,0.206,110.0,110.0,0,0.0,0,0,0.0,-1,-1,-1,-1,0.0,0.0
2026-03-20T18:00,0.0,0.0,0.0,0.0,7.4,2.09,4.2,169,5,11720.0,0,0.204,70.0,105.0,0,0.0,0,0,0.0,-1,-1,-1,-1,0.0,0.0
2026-03-20T19:00,0.0,0.0,0.0,0.0,7.8,2.87,4.9,186,0,11720.0,0,0.204,0.0,170.0,0,0.0,0,0,0.0,-1,-1,-1,-1,0.0,0.0
2026-03-20T20:00,0.0,0.0,0.0,0.0,7.7,3.24,5.5,189,0,10360.0,0,0.204,80.0,225.0,0,0.0,0,0,0.0,-1,-1,-1,-1,0.0,0.0
2026-03-20T21:00,0.0,0.0,0.0,0.0,7.7,3.31,5.9,195,0,10360.0,0,0.204,90.0,275.0,0,0.0,0,0,0.0,-1,-1,-1,-1,0.0,0.0
2026-03-20T22:00,0.0,0.0,0.0,0.0,7.3,2.51,5.8,209,0,9460.0,0,0.204,0.0,255.0,0,0.0,0,0,0.0,-1,-1,-1,-1,0.0,0.0
2026-03-20T23:00,0.0,0.0,0.0,0.0,7.4,2.5,4.3,206,0,9460.0,1,0.204,0.0,215.0,0,0.0,0,0,0.0,-1,-1,-1,-1,0.0,0.0
2026-03-21T00:00,0.0,0.0,0.0,0.0,9.2,3.0,5.7,191,0,9460.0,1,0.196,0.0,340.0,1,0.0,0,0,0.0,-1,-1,-1,-1,0.0,0.0
2026-03-21T01:00,0.0,0.0,0.0,0.0,11.6,3.42,7.1,195,0,11700.0,1,0.196,0.0,550.0,1,0.0,0,0,0.0,-1,-1,-1,-1,0.0,0.0
2026-03-21T02:00,0.0,0.0,0.0,0.0,13.7,4.11,8.7,201,0,11700.0,1,0.195,0.0,625.0,1,0.0,0,0,0.0,-1,-1,-1,-1,0.0,0.0
2026-03-21T03:00,0.0,0.0,0.0,0.0,15.8,4.64,9.7,204,28,12560.0,1,0.193,30.0,835.0,0,0.0,1,0,0.0,-1,-1,-1,-1,0.0,0.0
2026-03-21T04:00,0.0,0.0,0.0,0.0,17.9,5.46,11.1,206,93,13260.0,1,0.191,50.0,1045.0,0,0.0,3,0,0.0,-1,-1,-1,-1,0.0,0.0
2026-03-21T05:00,0.0,0.0,0.0,0.0,19.2,6.01,12.1,203,94,13840.0,1,0.189,40.0,1160.0,0,0.0,3,0,0.0,-1,-1,-1,-1,0.0,0.0
2026-03-21T06:00,0.0,0.0,0.0,0.0,19.3,5.98,12.3,196,100,13840.0,1,0.189,20.0,1170.0,0,0.0,3,0,0.0,-1,-1,-1,-1,0.0,0.0
2026-03-21T07:00,0.0,0.0,0.0,0.0,19.6,6.12,12.0,189,99,15040.0,1,0.187,0.0,1190.0,0,0.0,3,0,0.0,-1,-1,-1,-1,0.0,0.0
2026-03-21T08:00,0.0,0.0,0.0,0.0,19.2,6.57,12.5,191,100,15040.0,1,0.185,10.0,1225.0,0,0.0,3,0,0.0,-1,-1,-1,-1,0.0,0.0
2026-03-21T09:00,0.0,0.0,0.0,0.0,18.0,5.86,12.4,182,100,13840.0,1,0.184,60.0,980.0,0,0.0,3,0,0.0,-1,-1,-1,-1,0.0,0.0
2026-03-21T10:00,0.0,0.0,0.0,0.0,16.7,5.55,10.7,181,100,13840.0,1,0.183,60.0,860.0,0,0.0,3,0,0.0,-1,-1,-1,-1,0.0,0.0
2026-03-21T11:00,0.0,0.0,0.0,0.0,15.8,5.76,10.3,182,100,13260.0,0,0.183,30.0,875.0,0,0.0,3,0,0.0,-1,-1,-1,-1,0.0,0.0
2026-03-21T12:00,0.0,0.0,0.0,0.0,14.9,5.12,10.5,186,100,13260.0,0,0.175,0.0,855.0,0,0.0,3,0,0.0,-1,-1,-1,-1,0.0,0.0
2026-03-21T13:00,0.0,0.0,0.0,0.0,14.7,4.7,9.3,189,88,13260.0,0,0.175,0.0,830.0,0,0.0,3,0,0.0,-1,-1,-1,-1,0.0,0.0
2026-03-21T14:00,0.0,0.0,0.0,0.0,14.1,3.86,8.3,201,100,13260.0,0,0.174,60.0,730.0,0,0.0,3,0,0.0,-1,-1,-1,-1,0.0,0.0
2026-03-21T15:00,0.0,0.0,0.0,0.0,12.8,0.92,6.6,257,99,12560.0,0,0.175,40.0,75.0,0,0.0,3,0,0.0,-1,-1,-1,-1,0.0,0.0
2026-03-21T16:00,0.0,0.0,0.0,0.0,12.3,1.78,1.9,232,39,7980.0,0,0.175,0.0,570.0,0,0.0,1,0,0.0,-1,-1,-1,-1,0.0,0.0
2026-03-21T17:00,0.0,0.0,0.0,0.0,13.1,2.98,4.8,211,100,8060.0,0,0.175,0.0,395.0,0,0.0,3,0,0.0,-1,-1,-1,-1,0.0,0.0
2026-03-21T18:00,0.1,0.0,0.0,0.0,11.3,1.3,6.3,270,99,7780.0,0,0.164,0.0,120.0,0,0.0,51,0,0.1,-1,-1,-1,-1,0.0,0.0
2026-03-21T19:00,0.0,0.0,0.0,0.0,11.1,0.51,1.9,209,96,11640.0,0,0.164,0.0,40.0,0,0.0,3,0,0.0,-1,-1,-1,-1,0.0,0.0
2026-03-21T20:00,0.0,0.0,0.0,0.0,9.9,2.02,3.2,237,1,9460.0,0,0.164,0.0,75.0,0,0.0,0,0,0.0,-1,-1,-1,-1,0.0,0.0
2026-03-21T21:00,0.0,0.0,0.0,0.0,8.7,2.42,4.3,277,0,8260.0,0,0.164,0.0,115.0,0,0.0,0,0,0.0,-1,-1,-1,-1,0.0,0.0
2026-03-21T22:00,0.0,0.0,0.0,0.0,7.8,1.79,4.2,293,0,9460.0,0,0.164,0.0,90.0,0,0.0,0,0,0.0,-1,-1,-1,-1,0.0,0.0
2026-03-21T23:00,0.0,0.0,0.0,0.0,7.8,1.68,2.9,293,0,10360.0,1,0.165,0.0,70.0,0,0.0,0,0,0.0,-1,-1,-1,-1,0.0,0.0
2026-03-22T00:00,0.0,0.0,0.0,0.0,10.9,2.15,4.2,273,0,11700.0,1,0.164,0.0,145.0,0,0.0,0,0,0.0,-1,-1,-1,-1,0.0,0.0
2026-03-22T01:00,0.0,0.0,0.0,0.0,13.5,1.93,4.7,260,0,12540.0,1,0.164,0.0,350.0,0,0.0,0,0,0.0,-1,-1,-1,-1,0.0,0.0
2026-03-22T02:00,0.0,0.0,0.0,0.0,16.0,2.06,5.4,293,2,13820.0,1,0.163,0.0,515.0,0,0.0,0,0,0.0,-1,-1,-1,-1,0.0,0.0
2026-03-22T03:00,0.0,0.0,0.0,0.0,19.0,3.24,7.2,322,7,15000.0,1,0.161,0.0,990.0,0,0.0,0,0,0.0,-1,-1,-1,-1,0.0,0.0
2026-03-22T04:00,0.0,0.0,0.0,0.0,20.8,4.07,9.0,344,82,15300.0,1,0.159,0.0,1855.0,0,0.0,3,0,0.0,-1,-1,-1,-1,0.0,0.0
2026-03-22T05:00,0.0,0.0,0.0,0.0,21.5,3.45,8.8,358,100,15300.0,1,0.156,0.0,2585.0,0,0.0,3,0,0.0,-1,-1,-1,-1,0.0,0.0
2026-03-22T06:00,0.0,0.0,0.0,0.0,21.3,2.8,7.8,1,100,15300.0,1,0.155,0.0,2655.0,0,0.0,3,0,0.0,-1,-1,-1,-1,0.0,0.0
2026-03-22T07:00,0.0,0.0,0.0,0.0,21.2,2.77,6.5,7,100,15300.0,1,0.152,0.0,2635.0,0,0.0,3,0,0.0,-1,-1,-1,-1,0.0,0.0
2026-03-22T08:00,0.0,0.0,0.0,0.0,21.0,2.89,6.2,14,98,15300.0,1,0.151,0.0,2560.0,0,0.0,3,0,0.0,-1,-1,-1,-1,0.0,0.0
2026-03-22T09:00,0.0,0.0,0.0,0.0,19.7,2.4,5.8,23,99,15160.0,1,0.149,0.0,420.0,0,0.0,3,0,0.0,-1,-1,-1,-1,0.0,0.0
2026-03-22T10:00,0.0,0.0,0.0,0.0,16.6,2.24,4.2,27,99,15160.0,1,0.149,0.0,125.0,0,0.0,3,0,0.0,-1,-1,-1,-1,0.0,0.0
2026-03-22T11:00,0.0,0.0,0.0,0.0,14.8,2.2,3.8,39,100,15160.0,0,0.148,0.0,75.0,0,0.0,3,0,0.0,-1,-1,-1,-1,0.0,0.0
2026-03-22T12:00,0.0,0.0,0.0,0.0,14.0,2.55,5.6,55,100,14980.0,0,0.146,0.0,80.0,0,0.0,3,0,0.0,-1,-1,-1,-1,0.0,0.0
2026-03-22T13:00,0.0,0.0,0.0,0.0,14.6,2.93,5.7,76,100,15160.0,0,0.146,0.0,95.0,0,0.0,3,0,0.0,-1,-1,-1,-1,0.0,0.0
2026-03-22T14:00,0.0,0.0,0.0,0.0,12.9,2.05,4.8,77,100,14980.0,0,0.146,0.0,55.0,0,0.0,3,0,0.0,-1,-1,-1,-1,0.0,0.0
2026-03-22T15:00,0.0,0.0,0.0,0.0,12.3,1.95,3.0,93,100,14980.0,0,0.146,0.0,45.0,0,0.0,3,0,0.0,-1,-1,-1,-1,0.0,0.0
2026-03-22T16:00,0.0,0.0,0.0,0.0,12.4,2.45,3.8,107,100,14980.0,0,0.146,0.0,60.0,0,0.0,3,0,0.0,-1,-1,-1,-1,0.0,0.0
2026-03-22T17:00,0.0,0.0,0.0,0.0,12.0,3.24,5.9,107,100,13800.0,0,0.145,0.0,205.0,0,0.0,3,0,0.0,-1,-1,-1,-1,0.0,0.0
2026-03-22T18:00,0.0,0.0,0.0,0.0,11.3,2.89,5.6,108,100,13220.0,0,0.144,0.0,200.0,0,0.0,3,0,0.0,-1,-1,-1,-1,0.0,0.0
2026-03-22T19:00,0.0,0.0,0.0,0.0,11.7,3.42,6.0,111,100,13220.0,0,0.144,0.0,285.0,0,0.0,3,0,0.0,-1,-1,-1,-1,0.0,0.0
2026-03-22T20:00,0.0,0.0,0.0,0.0,10.9,3.38,5.9,98,97,12540.0,0,0.144,0.0,310.0,0,0.0,3,0,0.0,-1,-1,-1,-1,0.0,0.0
2026-03-22T21:00,0.0,0.0,0.0,0.0,10.2,3.6,6.2,92,100,12540.0,0,0.144,0.0,320.0,0,0.0,3,0,0.0,-1,-1,-1,-1,0.0,0.0
2026-03-22T22:00,0.0,0.0,0.0,0.0,10.3,3.81,6.8,94,61,11680.0,0,0.144,0.0,335.0,0,0.0,2,0,0.0,-1,-1,-1,-1,0.0,0.0
2026-03-22T23:00,0.0,0.0,0.0,0.0,9.9,3.6,6.8,91,95,11680.0,1,0.144,0.0,310.0,0,0.0,3,0,0.0,-1,-1,-1,-1,0.0,0.0
2026-03-23T00:00,0.0,0.0,0.0,0.0,11.5,3.16,6.8,85,100,11680.0,1,0.14,0.0,390.0,0,0.0,3,0,0.0,-1,-1,-1,-1,0.0,0.0
2026-03-23T01:00,0.0,0.0,0.0,0.0,12.9,3.36,7.0,86,100,12520.0,1,0.14,0.0,460.0,0,0.0,3,0,0.0,-1,-1,-1,-1,0.0,0.0
2026-03-23T02:00,0.0,0.0,0.0,0.0,14.6,3.01,7.2,86,100,13220.0,1,0.139,0.0,555.0,0,0.0,3,0,0.0,-1,-1,-1,-1,0.0,0.0
2026-03-23T03:00,0.0,0.0,0.0,0.0,16.5,3.05,7.3,92,100,13220.0,1,0.138,10.0,705.0,0,0.0,3,0,0.0,-1,-1,-1,-1,0.0,0.0
2026-03-23T04:00,0.0,0.0,0.0,0.0,17.9,2.79,7.3,99,100,13780.0,1,0.137,30.0,905.0,0,0.0,3,0,0.0,-1,-1,-1,-1,0.0,0.0
2026-03-23T05:00,0.0,0.0,0.0,0.0,18.7,2.34,6.9,106,100,13780.0,1,0.135,30.0,1150.0,0,0.0,3,0,0.0,-1,-1,-1,-1,0.0,0.0
2026-03-23T06:00,0.0,0.0,0.0,0.0,18.0,1.4,6.2,88,100,13780.0,1,0.134,20.0,1265.0,0,0.0,3,0,0.0,-1,-1,-1,-1,0.0,0.0
2026-03-23T07:00,0.0,0.0,0.0,0.0,18.5,1.4,4.6,94,100,14960.0,1,0.133,10.0,1390.0,0,0.0,3,0,0.0,-1,-1,-1,-1,0.0,0.0
2026-03-23T08:00,0.0,0.0,0.0,0.0,18.5,1.33,4.4,103,100,14960.0,1,0.132,0.0,1505.0,0,0.0,3,0,0.0,-1,-1,-1,-1,0.0,0.0
2026-03-23T09:00,0.0,0.0,0.0,0.0,18.1,0.74,3.7,110,100,14960.0,1,0.131,0.0,1530.0,0,0.0,3,0,0.0,-1,-1,-1,-1,0.0,0.0
2026-03-23T10:00,0.0,0.0,0.0,0.0,16.2,0.78,1.3,45,100,13780.0,1,0.131,0.0,45.0,0,0.0,3,0,0.0,-1,-1,-1,-1,0.0,0.0
2026-03-23T11:00,0.0,0.0,0.0,0.0,14.0,1.34,1.9,45,100,13780.0,0,0.131,0.0,40.0,0,0.0,3,0,0.0,-1,-1,-1,-1,0.0,0.0
2026-03-23T12:00,0.0,0.0,0.0,0.0,13.1,1.54,2.7,61,100,13780.0,0,0.142,0.0,35.0,0,0.0,3,0,0.0,-1,-1,-1,-1,0.0,0.0
2026-03-23T13:00,0.0,0.0,0.0,0.0,12.5,2.06,3.5,84,100,13200.0,0,0.142,0.0,60.0,0,0.0,3,0,0.0,-1,-1,-1,-1,0.0,0.0
2026-03-23T14:00,0.0,0.0,0.0,0.0,11.4,1.87,3.5,106,100,13200.0,0,0.142,0.0,75.0,0,0.0,3,0,0.0,-1,-1,-1,-1,0.0,0.0
2026-03-23T15:00,0.0,0.0,0.0,0.0,10.8,1.94,3.2,125,100,13200.0,0,0.142,0.0,90.0,0,0.0,3,0,0.0,-1,-1,-1,-1,0.0,0.0
2026-03-23T16:00,0.0,0.0,0.0,0.0,10.2,1.9,3.3,150,100,13200.0,0,0.142,0.0,95.0,0,0.0,3,0,0.0,-1,-1,-1,-1,0.0,0.0
2026-03-23T17:00,0.0,0.0,0.0,0.0,9.6,1.78,3.1,169,100,13200.0,0,0.141,0.0,85.0,0,0.0,3,0,0.0,-1,-1,-1,-1,0.0,0.0
2026-03-23T18:00,0.0,0.0,0.0,0.0,9.5,1.93,3.5,159,100,12520.0,0,0.14,0.0,80.0,0,0.0,3,0,0.0,-1,-1,-1,-1,0.0,0.0
2026-03-23T19:00,0.0,0.0,0.0,0.0,10.3,2.22,3.9,166,100,13200.0,0,0.14,0.0,95.0,0,0.0,3,0,0.0,-1,-1,-1,-1,0.0,0.0
2026-03-23T20:00,0.0,0.0,0.0,0.0,9.5,1.47,3.8,170,100,12520.0,0,0.139,0.0,55.0,0,0.0,3,0,0.0,-1,-1,-1,-1,0.0,0.0
2026-03-23T21:00,0.0,0.0,0.0,0.0,9.4,1.96,3.2,165,98,12520.0,0,0.139,0.0,55.0,0,0.0,3,0,0.0,-1,-1,-1,-1,0.0,0.0
2026-03-23T22:00,0.0,0.0,0.0,0.0,9.2,2.96,4.9,184,100,11680.0,0,0.139,0.0,100.0,0,0.0,3,0,0.0,-1,-1,-1,-1,0.0,0.0
2026-03-23T23:00,0.0,0.0,0.0,0.0,10.0,3.45,5.9,182,36,10340.0,1,0.139,0.0,185.0,0,0.0,1,0,0.0,-1,-1,-1,-1,0.0,0.0
2026-03-24T00:00,0.0,0.0,0.0,0.0,11.7,3.19,6.4,189,25,10340.0,1,0.147,0.0,335.0,0,0.0,1,0,0.0,-1,-1,-1,-1,0.0,0.0
2026-03-24T01:00,0.0,0.0,0.0,0.0,14.0,3.62,7.4,191,1,11680.0,1,0.147,0.0,485.0,0,0.0,0,0,0.0,-1,-1,-1,-1,0.0,0.0
2026-03-24T02:00,0.0,0.0,0.0,0.0,16.3,4.22,8.9,199,9,12500.0,1,0.146,20.0,615.0,0,0.0,0,0,0.0,-1,-1,-1,-1,0.0,0.0
2026-03-24T03:00,0.0,0.0,0.0,0.0,18.3,4.74,10.0,206,11,13200.0,1,0.145,60.0,780.0,0,0.0,0,0,0.0,-1,-1,-1,-1,0.0,0.0
2026-03-24T04:00,0.0,0.0,0.0,0.0,20.0,4.45,10.0,213,49,13760.0,1,0.144,60.0,1265.0,0,0.0,1,0,0.0,-1,-1,-1,-1,0.0,0.0
2026-03-24T05:00,0.0,0.0,0.0,0.0,21.2,4.19,9.6,216,91,14920.0,1,0.142,50.0,1605.0,0,0.0,3,0,0.0,-1,-1,-1,-1,0.0,0.0
2026-03-24T06:00,0.0,0.0,0.0,0.0,21.3,4.3,9.3,211,93,14920.0,1,0.144,20.0,1750.0,0,0.0,3,0,0.0,-1,-1,-1,-1,0.0,0.0
2026-03-24T07:00,0.0,0.0,0.0,0.0,21.5,4.34,9.1,207,91,14920.0,1,0.142,10.0,1780.0,0,0.0,3,0,0.0,-1,-1,-1,-1,0.0,0.0
2026-03-24T08:00,0.0,0.0,0.0,0.0,21.3,4.38,8.9,197,10,14920.0,1,0.141,0.0,1535.0,0,0.0,0,0,0.0,-1,-1,-1,-1,0.0,0.0
2026-03-24T09:00,0.0,0.0,0.0,0.0,20.4,3.89,8.6,198,0,14920.0,1,0.14,0.0,1250.0,0,0.0,0,0,0.0,-1,-1,-1,-1,0.0,0.0
2026-03-24T10:00,0.0,0.0,0.0,0.0,18.4,3.45,7.1,197,0,13760.0,1,0.139,0.0,555.0,0,0.0,0,0,0.0,-1,-1,-1,-1,0.0,0.0
2026-03-24T11:00,0.0,0.0,0.0,0.0,16.4,4.01,6.9,194,0,13180.0,0,0.139,0.0,410.0,0,0.0,0,0,0.0,-1,-1,-1,-1,0.0,0.0
2026-03-24T12:00,0.0,0.0,0.0,0.0,15.1,4.08,8.0,191,0,13180.0,0,0.141,0.0,415.0,0,0.0,0,0,0.0,-1,-1,-1,-1,0.0,0.0
2026-03-24T13:00,0.0,0.0,0.0,0.0,14.7,4.48,7.9,191,0,13180.0,0,0.14,0.0,450.0,0,0.0,0,0,0.0,-1,-1,-1,-1,0.0,0.0
2026-03-24T14:00,0.0,0.0,0.0,0.0,13.9,4.23,7.9,191,0,13180.0,0,0.14,0.0,405.0,0,0.0,0,0,0.0,-1,-1,-1,-1,0.0,0.0
2026-03-24T15:00,0.0,0.0,0.0,0.0,13.2,4.12,7.4,190,0,13180.0,0,0.14,0.0,370.0,0,0.0,0,0,0.0,-1,-1,-1,-1,0.0,0.0
2026-03-24T16:00,0.0,0.0,0.0,0.0,12.6,3.52,7.2,186,0,12500.0,0,0.14,0.0,320.0,0,0.0,0,0,0.0,-1,-1,-1,-1,0.0,0.0
2026-03-24T17:00,0.0,0.0,0.0,0.0,11.9,3.31,6.0,185,0,12500.0,0,0.14,0.0,300.0,0,0.0,0,0,0.0,-1,-1,-1,-1,0.0,0.0
2026-03-24T18:00,0.0,0.0,0.0,0.0,11.6,3.44,6.2,188,0,12500.0,0,0.14,0.0,300.0,0,0.0,0,0,0.0,-1,-1,-1,-1,0.0,0.0
2026-03-24T19:00,0.0,0.0,0.0,0.0,11.4,3.27,6.1,199,0,12500.0,0,0.14,0.0,280.0,0,0.0,0,0,0.0,-1,-1,-1,-1,0.0,0.0
2026-03-24T20:00,0.0,0.0,0.0,0.0,10.7,2.91,5.7,207,0,11660.0,0,0.14,0.0,210.0,0,0.0,0,0,0.0,-1,-1,-1,-1,0.0,0.0
2026-03-24T21:00,0.0,0.0,0.0,0.0,9.9,2.55,5.0,208,0,11660.0,0,0.14,0.0,140.0,0,0.0,0,0,0.0,-1,-1,-1,-1,0.0,0.0
2026-03-24T22:00,0.0,0.0,0.0,0.0,9.4,2.85,4.9,198,0,10340.0,0,0.14,0.0,125.0,0,0.0,0,0,0.0,-1,-1,-1,-1,0.0,0.0
2026-03-24T23:00,0.0,0.0,0.0,0.0,9.7,3.23,5.5,202,0,10340.0,1,0.14,0.0,130.0,0,0.0,0,0,0.0,-1,-1,-1,-1,0.0,0.0
2026-03-25T00:00,0.0,0.0,0.0,0.0,11.6,3.07,5.8,202,0,11660.0,1,0.139,0.0,155.0,0,0.0,0,0,0.0,-1,-1,-1,-1,0.0,0.0
2026-03-25T01:00,0.0,0.0,0.0,0.0,14.1,2.47,5.9,201,0,11660.0,1,0.138,0.0,190.0,0,0.0,0,0,0.0,-1,-1,-1,-1,0.0,0.0
2026-03-25T02:00,0.0,0.0,0.0,0.0,16.7,2.05,5.7,193,0,12480.0,1,0.138,0.0,235.0,0,0.0,0,0,0.0,-1,-1,-1,-1,0.0,0.0
2026-03-25T03:00,0.0,0.0,0.0,0.0,19.3,2.1,5.8,192,1,13160.0,1,0.136,30.0,320.0,0,0.0,0,0,0.0,-1,-1,-1,-1,0.0,0.0
2026-03-25T04:00,0.0,0.0,0.0,0.0,21.5,2.31,6.2,198,2,13720.0,1,0.135,80.0,470.0,0,0.0,0,0,0.0,-1,-1,-1,-1,0.0,0.0
2026-03-25T05:00,0.0,0.0,0.0,0.0,23.3,2.24,6.2,204,0,14880.0,1,0.133,60.0,620.0,0,0.0,0,0,0.0,-1,-1,-1,-1,0.0,0.0
2026-03-25T06:00,0.0,0.0,0.0,0.0,24.3,2.31,6.0,202,36,15060.0,1,0.132,20.0,705.0,0,0.0,1,0,0.0,-1,-1,-1,-1,0.0,0.0
2026-03-25T07:00,0.0,0.0,0.0,0.0,24.9,2.45,5.8,192,56,15060.0,1,0.13,0.0,775.0,0,0.0,2,0,0.0,-1,-1,-1,-1,0.0,0.0
2026-03-25T08:00,0.0,0.0,0.0,0.0,24.9,2.72,5.8,186,100,15060.0,1,0.128,0.0,750.0,0,0.0,3,0,0.0,-1,-1,-1,-1,0.0,0.0
2026-03-25T09:00,0.0,0.0,0.0,0.0,23.2,1.68,5.5,170,100,14880.0,1,0.127,0.0,175.0,0,0.0,3,0,0.0,-1,-1,-1,-1,0.0,0.0
2026-03-25T10:00,0.0,0.0,0.0,0.0,20.3,1.99,3.1,168,100,13720.0,1,0.127,20.0,75.0,0,0.0,3,0,0.0,-1,-1,-1,-1,0.0,0.0
2026-03-25T11:00,0.0,0.0,0.0,0.0,18.6,3.05,4.9,170,83,13720.0,0,0.127,10.0,120.0,0,0.0,3,0,0.0,-1,-1,-1,-1,0.0,0.0
2026-03-25T12:00,0.0,0.0,0.0,0.0,18.0,3.68,6.3,192,100,13720.0,0,0.132,0.0,205.0,0,0.0,3,0,0.0,-1,-1,-1,-1,0.0,0.0
2026-03-25T13:00,0.0,0.0,0.0,0.0,17.5,3.87,6.6,191,100,13160.0,0,0.132,60.0,210.0,0,0.0,3,0,0.0,-1,-1,-1,-1,0.0,0.0
2026-03-25T14:00,0.0,0.0,0.0,0.0,16.9,3.64,6.7,189,95,13160.0,0,0.132,0.0,210.0,0,0.0,3,0,0.0,-1,-1,-1,-1,0.0,0.0
2026-03-25T15:00,0.0,0.0,0.0,0.0,16.1,3.61,6.3,185,79,12480.0,0,0.132,0.0,220.0,0,0.0,2,0,0.0,-1,-1,-1,-1,0.0,0.0
2026-03-25T16:00,0.0,0.0,0.0,0.0,15.2,3.26,6.2,184,100,12480.0,0,0.132,0.0,185.0,0,0.0,3,0,0.0,-1,-1,-1,-1,0.0,0.0
2026-03-25T17:00,0.0,0.0,0.0,0.0,14.9,3.32,6.0,186,100,12480.0,0,0.132,0.0,205.0,0,0.0,3,0,0.0,-1,-1,-1,-1,0.0,0.0
2026-03-25T18:00,0.0,0.0,0.0,0.0,14.6,3.19,5.8,189,100,12480.0,0,0.137,0.0,200.0,0,0.0,3,0,0.0,-1,-1,-1,-1,0.0,0.0
2026-03-25T19:00,0.0,0.0,0.0,0.0,14.2,3.03,5.7,189,100,12480.0,0,0.137,0.0,190.0,0,0.0,3,0,0.0,-1,-1,-1,-1,0.0,0.0
2026-03-25T20:00,0.0,0.0,0.0,0.0,12.6,1.89,5.3,192,100,11640.0,0,0.137,0.0,155.0,0,0.0,3,0,0.0,-1,-1,-1,-1,0.0,0.0
2026-03-25T21:00,0.0,0.0,0.0,0.0,11.7,2.0,3.3,167,100,11640.0,0,0.137,0.0,105.0,0,0.0,3,0,0.0,-1,-1,-1,-1,0.0,0.0
2026-03-25T22:00,0.0,0.0,0.0,0.0,11.7,2.27,4.0,172,95,10340.0,0,0.137,0.0,130.0,0,0.0,3,0,0.0,-1,-1,-1,-1,0.0,0.0
2026-03-25T23:00,0.0,0.0,0.0,0.0,11.9,2.25,3.9,179,100,10340.0,1,0.138,0.0,145.0,0,0.0,3,0,0.0,-1,-1,-1,-1,0.0,0.0
2026-03-26T00:00,0.0,0.0,0.0,0.0,13.9,2.4,4.6,197,96,11640.0,1,0.13,0.0,230.0,0,0.0,3,0,0.0,-1,-1,-1,-1,0.0,0.0
2026-03-26T01:00,0.0,0.0,0.0,0.0,16.3,2.42,5.6,198,83,11640.0,1,0.13,0.0,310.0,0,0.0,3,0,0.0,-1,-1,-1,-1,0.0,0.0
2026-03-26T02:00,0.0,0.0,0.0,0.0,18.5,2.73,6.5,204,100,12480.0,1,0.129,60.0,390.0,0,0.0,3,0,0.0,-1,-1,-1,-1,0.0,0.0
2026-03-26T03:00,0.0,0.0,0.0,0.0,20.5,2.9,6.9,212,100,13140.0,1,0.128,250.0,525.0,0,0.0,3,0,0.0,-1,-1,-1,-1,0.0,0.0
2026-03-26T04:00,0.0,0.0,0.0,0.0,21.8,3.13,7.1,209,100,13140.0,1,0.127,320.0,600.0,0,0.0,3,0,0.0,-1,-1,-1,-1,0.0,0.0
2026-03-26T05:00,0.0,0.0,0.0,0.0,23.2,3.62,7.9,206,100,13700.0,1,0.126,380.0,700.0,0,0.0,3,0,0.0,-1,-1,-1,-1,0.0,0.0
2026-03-26T06:00,0.0,0.0,0.0,0.0,23.8,3.7,8.3,210,100,13700.0,1,0.131,370.0,840.0,0,0.0,3,0,0.0,-1,-1,-1,-1,0.0,0.0
2026-03-26T07:00,0.0,0.0,0.0,0.0,24.1,3.97,8.1,214,100,14840.0,1,0.13,350.0,915.0,0,0.0,3,0,0.0,-1,-1,-1,-1,0.0,0.0
2026-03-26T08:00,0.0,0.0,0.0,0.0,24.2,3.9,8.1,216,100,14840.0,1,0.128,330.0,950.0,0,0.0,3,0,0.0,-1,-1,-1,-1,0.0,0.0
2026-03-26T09:00,0.0,0.0,0.0,0.0,23.2,2.87,7.5,209,100,13700.0,1,0.127,400.0,925.0,0,0.0,3,0,0.0,-1,-1,-1,-1,0.0,0.0
2026-03-26T10:00,0.0,0.0,0.0,0.0,21.0,2.47,5.0,201,100,13700.0,1,0.127,180.0,260.0,0,0.0,3,0,0.0,-1,-1,-1,-1,0.0,0.0
2026-03-26T11:00,0.0,0.0,0.0,0.0,19.4,3.52,5.9,191,100,13700.0,0,0.127,0.0,285.0,0,0.0,3,0,0.0,-1,-1,-1,-1,0.0,0.0
2026-03-26T12:00,0.0,0.0,0.0,0.0,17.7,3.24,6.2,193,100,13140.0,0,0.127,0.0,280.0,0,0.0,3,0,0.0,-1,-1,-1,-1,0.0,0.0
2026-03-26T13:00,0.0,0.0,0.0,0.0,16.8,2.48,5.6,199,100,13140.0,0,0.127,0.0,190.0,0,0.0,3,0,0.0,-1,-1,-1,-1,0.0,0.0
2026-03-26T14:00,0.0,0.0,0.0,0.0,15.2,1.9,4.1,198,100,13140.0,0,0.127,0.0,120.0,0,0.0,3,0,0.0,-1,-1,-1,-1,0.0,0.0
2026-03-26T15:00,0.0,0.0,0.0,0.0,15.0,0.21,2.4,76,100,13140.0,0,0.127,0.0,15.0,0,0.0,3,0,0.0,-1,-1,-1,-1,0.0,0.0
2026-03-26T16:00,0.0,0.0,0.0,0.0,13.8,0.96,1.2,118,100,13140.0,0,0.127,0.0,30.0,0,0.0,3,0,0.0,-1,-1,-1,-1,0.0,0.0
2026-03-26T17:00,0.0,0.0,0.0,0.0,13.1,0.91,1.6,99,100,13140.0,0,0.127,0.0,30.0,0,0.0,3,0,0.0,-1,-1,-1,-1,0.0,0.0
2026-03-26T18:00,0.0,0.0,0.0,0.0,12.9,1.3,2.3,118,100,12460.0,0,0.135,0.0,35.0,0,0.0,3,0,0.0,-1,-1,-1,-1,0.0,0.0
2026-03-26T19:00,0.0,0.0,0.0,0.0,12.2,0.47,2.3,58,100,12460.0,0,0.136,0.0,15.0,0,0.0,3,0,0.0,-1,-1,-1,-1,0.0,0.0
2026-03-26T20:00,0.0,0.0,0.0,0.0,11.4,0.7,0.9,356,88,12460.0,0,0.136,0.0,15.0,0,0.0,3,0,0.0,-1,-1,-1,-1,0.0,0.0
2026-03-26T21:00,0.0,0.0,0.0,0.0,11.3,3.27,5.0,23,73,11640.0,0,0.136,0.0,120.0,0,0.0,2,0,0.0,-1,-1,-1,-1,0.0,0.0
2026-03-26T22:00,0.0,0.0,0.0,0.0,11.6,4.0,7.0,44,39,11640.0,0,0.136,60.0,210.0,0,0.0,1,0,0.0,-1,-1,-1,-1,0.0,0.0
2026-03-26T23:00,0.0,0.0,0.0,0.0,12.1,4.55,7.9,51,77,10340.0,1,0.136,60.0,310.0,0,0.0,2,0,0.0,-1,-1,-1,-1,0.0,0.0
2026-03-27T00:00,0.0,0.0,0.0,0.0,13.5,4.66,9.3,59,100,12460.0,1,0.129,0.0,420.0,0,0.0,3,0,0.0,-1,-1,-1,-1,0.0,0.0
2026-03-27T01:00,0.0,0.0,0.0,0.0,14.7,5.33,10.6,61,100,13120.0,1,0.129,0.0,510.0,0,0.0,3,0,0.0,-1,-1,-1,-1,0.0,0.0
2026-03-27T02:00,0.0,0.0,0.0,0.0,15.8,5.16,10.7,58,100,13680.0,1,0.128,0.0,595.0,0,0.0,3,0,0.0,-1,-1,-1,-1,0.0,0.0
2026-03-27T03:00,0.0,0.0,0.0,0.0,17.2,4.92,10.6,61,100,13680.0,1,0.127,0.0,685.0,0,0.0,3,0,0.0,-1,-1,-1,-1,0.0,0.0
2026-03-27T04:00,0.0,0.0,0.0,0.0,18.4,4.65,10.3,62,100,14820.0,1,0.125,0.0,820.0,0,0.0,3,0,0.0,-1,-1,-1,-1,0.0,0.0
2026-03-27T05:00,0.0,0.0,0.0,0.0,19.1,4.38,9.9,63,100,14820.0,1,0.124,0.0,925.0,0,0.0,3,0,0.0,-1,-1,-1,-1,0.0,0.0
2026-03-27T06:00,0.0,0.0,0.0,0.0,18.3,4.23,9.4,67,100,14800.0,1,0.129,0.0,920.0,0,0.0,3,0,0.0,-1,-1,-1,-1,0.0,0.0
2026-03-27T07:00,0.0,0.0,0.0,0.0,18.3,3.86,8.9,69,100,14800.0,1,0.128,0.0,945.0,0,0.0,3,0,0.0,-1,-1,-1,-1,0.0,0.0
2026-03-27T08:00,0.0,0.0,0.0,0.0,18.0,3.66,8.2,76,100,14800.0,1,0.127,0.0,905.0,0,0.0,3,0,0.0,-1,-1,-1,-1,0.0,0.0
2026-03-27T09:00,0.0,0.0,0.0,0.0,17.3,3.37,7.5,75,100,14800.0,1,0.126,0.0,730.0,0,0.0,3,0,0.0,-1,-1,-1,-1,0.0,0.0
2026-03-27T10:00,0.0,0.0,0.0,0.0,15.8,2.73,6.5,62,98,13680.0,1,0.126,0.0,390.0,0,0.0,3,0,0.0,-1,-1,-1,-1,0.0,0.0
2026-03-27T11:00,0.0,0.0,0.0,0.0,14.0,2.55,4.8,67,99,13660.0,0,0.126,0.0,205.0,0,0.0,3,0,0.0,-1,-1,-1,-1,0.0,0.0
2026-03-27T12:00,0.0,0.0,0.0,0.0,12.9,2.09,4.4,79,100,13660.0,0,0.127,0.0,125.0,0,0.0,3,0,0.0,-1,-1,-1,-1,0.0,0.0
2026-03-27T13:00,0.0,0.0,0.0,0.0,11.8,1.66,3.6,69,95,13660.0,0,0.127,0.0,75.0,0,0.0,3,0,0.0,-1,-1,-1,-1,0.0,0.0
2026-03-27T14:00,0.0,0.0,0.0,0.0,10.7,1.55,2.8,69,49,13660.0,0,0.127,0.0,50.0,0,0.0,1,0,0.0,-1,-1,-1,-1,0.0,0.0
2026-03-27T15:00,0.0,0.0,0.0,0.0,10.3,0.9,2.2,56,2,13660.0,0,0.127,0.0,25.0,0,0.0,0,0,0.0,-1,-1,-1,-1,0.0,0.0
2026-03-27T16:00,0.0,0.0,0.0,0.0,9.7,0.64,1.2,45,40,13120.0,0,0.127,0.0,20.0,0,0.0,1,0,0.0,-1,-1,-1,-1,0.0,0.0
2026-03-27T17:00,0.0,0.0,0.0,0.0,9.0,0.69,1.1,30,43,13120.0,0,0.127,0.0,15.0,0,0.0,1,0,0.0,-1,-1,-1,-1,0.0,0.0
2026-03-27T18:00,0.0,0.0,0.0,0.0,8.3,1.25,1.5,16,12,12440.0,0,0.135,0.0,25.0,0,0.0,0,0,0.0,-1,-1,-1,-1,0.0,0.0
2026-03-27T19:00,0.0,0.0,0.0,0.0,7.4,1.27,2.0,42,0,12440.0,0,0.136,0.0,25.0,0,0.0,0,0,0.0,-1,-1,-1,-1,0.0,0.0
2026-03-27T20:00,0.0,0.0,0.0,0.0,6.9,1.52,2.3,67,0,12440.0,0,0.136,0.0,30.0,0,0.0,0,0,0.0,-1,-1,-1,-1,0.0,0.0
2026-03-27T21:00,0.0,0.0,0.0,0.0,6.9,1.71,2.9,85,0,12440.0,0,0.136,0.0,40.0,0,0.0,0,0,0.0,-1,-1,-1,-1,0.0,0.0
2026-03-27T22:00,0.0,0.0,0.0,0.0,6.7,1.57,2.6,117,0,12440.0,0,0.136,0.0,40.0,0,0.0,0,0,0.0,-1,-1,-1,-1,0.0,0.0
2026-03-27T23:00,0.0,0.0,0.0,0.0,7.7,1.3,2.3,113,0,12440.0,1,0.136,0.0,35.0,0,0.0,0,0,0.0,-1,-1,-1,-1,0.0,0.0
2026-03-28T00:00,0.0,0.0,0.0,0.0,10.4,1.51,3.2,98,1,12440.0,1,0.132,0.0,55.0,0,0.0,0,0,0.0,-1,-1,-1,-1,0.0,0.0
2026-03-28T01:00,0.0,0.0,0.0,0.0,13.6,0.92,3.4,119,8,13100.0,1,0.132,0.0,125.0,0,0.0,0,0,0.0,-1,-1,-1,-1,0.0,0.0
2026-03-28T02:00,0.0,0.0,0.0,0.0,16.3,0.82,3.7,128,54,13660.0,1,0.131,0.0,235.0,0,0.0,2,0,0.0,-1,-1,-1,-1,0.0,0.0
2026-03-28T03:00,0.0,0.0,0.0,0.0,18.5,1.0,4.2,143,86,13660.0,1,0.13,0.0,420.0,0,0.0,3,0,0.0,-1,-1,-1,-1,0.0,0.0
2026-03-28T04:00,0.0,0.0,0.0,0.0,19.7,1.37,4.6,170,100,13660.0,1,0.129,0.0,640.0,0,0.0,3,0,0.0,-1,-1,-1,-1,0.0,0.0
2026-03-28T05:00,0.0,0.0,0.0,0.0,21.0,1.62,5.0,189,96,13660.0,1,0.127,70.0,895.0,0,0.0,3,0,0.0,-1,-1,-1,-1,0.0,0.0
2026-03-28T06:00,0.0,0.0,0.0,0.0,20.7,2.11,5.9,194,99,13640.0,1,0.134,120.0,1075.0,0,0.0,3,0,0.0,-1,-1,-1,-1,0.0,0.0
2026-03-28T07:00,0.0,0.0,0.0,0.0,21.1,2.31,5.7,198,100,13640.0,1,0.133,220.0,1230.0,0,0.0,3,0,0.0,-1,-1,-1,-1,0.0,0.0
2026-03-28T08:00,0.0,0.0,0.0,0.0,21.5,2.13,5.5,189,100,13640.0,1,0.132,280.0,1375.0,0,0.0,3,0,0.0,-1,-1,-1,-1,0.0,0.0
2026-03-28T09:00,0.0,0.0,0.0,0.0,20.8,1.13,4.7,167,100,13640.0,1,0.132,350.0,265.0,0,0.0,3,0,0.0,-1,-1,-1,-1,0.0,0.0
2026-03-28T10:00,0.0,0.0,0.0,0.0,19.0,0.85,1.8,135,99,13640.0,1,0.132,350.0,45.0,0,0.0,3,0,0.0,-1,-1,-1,-1,0.0,0.0
2026-03-28T11:00,0.0,0.0,0.0,0.0,16.9,1.95,2.5,151,99,13100.0,0,0.132,130.0,105.0,0,0.0,3,0,0.0,-1,-1,-1,-1,0.0,0.0
2026-03-28T12:00,0.0,0.0,0.0,0.0,16.5,2.07,6.1,195,98,13100.0,0,0.124,20.0,105.0,0,0.0,3,0,0.0,-1,-1,-1,-1,0.0,0.0
2026-03-28T13:00,0.0,0.0,0.0,0.0,15.8,4.25,6.9,295,100,13100.0,0,0.124,0.0,290.0,0,0.0,3,0,0.0,-1,-1,-1,-1,0.0,0.0
2026-03-28T14:00,0.0,0.0,0.0,0.0,14.0,3.5,9.8,317,100,11620.0,0,0.124,0.0,270.0,0,0.0,3,0,0.0,-1,-1,-1,-1,0.0,0.0
2026-03-28T15:00,0.0,0.0,0.0,0.0,13.2,3.19,6.8,318,100,11620.0,0,0.125,30.0,330.0,0,0.0,3,0,0.0,-1,-1,-1,-1,0.0,0.0
2026-03-28T16:00,0.0,0.0,0.0,0.0,12.4,1.08,5.5,338,100,6260.0,0,0.125,50.0,90.0,0,0.0,3,0,0.0,-1,-1,-1,-1,0.0,0.0
2026-03-28T17:00,1.2,0.917,0.0,0.0,12.0,0.46,2.8,131,100,7480.0,0,0.139,0.0,25.0,0,0.0,55,1,0.1,5,0,2,30,0.129,0.584
2026-03-28T18:00,1.0,0.9,0.0,0.0,11.9,0.85,3.6,310,76,6940.0,0,0.133,0.0,30.0,0,0.0,55,1,0.1,5,1,1,30,0.129,0.574
2026-03-28T19:00,0.1,1.0,0.0,0.0,11.2,1.35,2.4,268,88,8280.0,0,0.134,0.0,55.0,0,0.0,51,0,0.0,-1,-1,-1,-1,0.0,0.0
2026-03-28T20:00,0.0,0.0,0.0,0.0,10.6,2.06,3.3,229,27,8180.0,0,0.135,0.0,85.0,0,0.0,1,0,0.0,-1,-1,-1,-1,0.0,0.0
2026-03-28T21:00,0.0,0.0,0.0,0.0,10.2,2.49,4.4,232,5,8280.0,0,0.135,0.0,125.0,0,0.0,0,0,0.0,-1,-1,-1,-1,0.0,0.0
2026-03-28T22:00,0.0,0.0,0.0,0.0,9.7,2.1,4.3,242,0,8280.0,0,0.135,0.0,105.0,0,0.0,0,0,0.0,-1,-1,-1,-1,0.0,0.0
2026-03-28T23:00,0.0,0.0,0.0,0.0,9.9,2.18,3.6,233,0,8280.0,1,0.135,0.0,95.0,0,0.0,0,0,0.0,-1,-1,-1,-1,0.0,0.0
2026-03-29T00:00,0.0,0.0,0.0,0.0,12.2,2.11,4.6,216,0,9440.0,1,0.128,0.0,120.0,0,0.0,0,0,0.0,-1,-1,-1,-1,0.0,0.0
2026-03-29T01:00,0.0,0.0,0.0,0.0,14.8,2.31,5.4,231,0,11600.0,1,0.128,0.0,310.0,0,0.0,0,0,0.0,-1,-1,-1,-1,0.0,0.0
2026-03-29T02:00,0.0,0.0,0.0,0.0,17.2,2.35,6.0,258,20,12420.0,1,0.128,0.0,620.0,0,0.0,1,0,0.0,-1,-1,-1,-1,0.0,0.0
2026-03-29T03:00,0.0,0.0,0.0,0.0,19.0,2.61,6.5,287,81,13620.0,1,0.127,0.0,1055.0,0,0.0,3,0,0.0,-1,-1,-1,-1,0.0,0.0
2026-03-29T04:00,0.0,0.0,0.0,0.0,20.5,3.03,7.2,292,88,14740.0,1,0.125,0.0,1370.0,0,0.0,3,0,0.0,-1,-1,-1,-1,0.0,0.0
2026-03-29T05:00,0.0,0.0,0.0,0.0,21.3,3.08,7.5,313,18,14740.0,1,0.124,0.0,1600.0,0,0.0,0,0,0.0,-1,-1,-1,-1,0.0,0.0
2026-03-29T06:00,0.0,0.0,0.0,0.0,21.2,2.79,7.3,324,100,13620.0,1,0.122,0.0,1635.0,0,0.0,3,0,0.0,-1,-1,-1,-1,0.0,0.0
2026-03-29T07:00,0.0,0.0,0.0,0.0,21.3,2.39,6.6,334,100,14740.0,1,0.121,0.0,1570.0,0,0.0,3,0,0.0,-1,-1,-1,-1,0.0,0.0
2026-03-29T08:00,0.0,0.0,0.0,0.0,21.1,2.26,5.9,354,100,14740.0,1,0.12,0.0,1455.0,0,0.0,3,0,0.0,-1,-1,-1,-1,0.0,0.0
2026-03-29T09:00,0.0,0.0,0.0,0.0,20.5,2.06,5.2,23,100,13620.0,1,0.119,0.0,1285.0,0,0.0,3,0,0.0,-1,-1,-1,-1,0.0,0.0
2026-03-29T10:00,0.0,0.0,0.0,0.0,18.4,1.7,4.1,45,99,13080.0,1,0.119,0.0,145.0,0,0.0,3,0,0.0,-1,-1,-1,-1,0.0,0.0
2026-03-29T11:00,0.0,0.0,0.0,0.0,16.3,1.95,3.4,64,99,13080.0,0,0.119,0.0,80.0,0,0.0,3,0,0.0,-1,-1,-1,-1,0.0,0.0
2026-03-29T12:00,0.0,0.0,0.0,0.0,15.4,1.05,3.2,85,100,13080.0,0,0.119,0.0,25.0,0,0.0,3,0,0.0,-1,-1,-1,-1,0.0,0.0
2026-03-29T13:00,0.0,0.0,0.0,0.0,14.6,1.73,2.8,44,100,12420.0,0,0.119,0.0,40.0,0,0.0,3,0,0.0,-1,-1,-1,-1,0.0,0.0
2026-03-29T14:00,0.0,0.0,0.0,0.0,14.3,2.41,4.0,42,100,12400.0,0,0.119,0.0,70.0,0,0.0,3,0,0.0,-1,-1,-1,-1,0.0,0.0
2026-03-29T15:00,0.0,0.0,0.0,0.0,14.1,4.05,6.3,16,100,12400.0,0,0.119,0.0,235.0,0,0.0,3,0,0.0,-1,-1,-1,-1,0.0,0.0
2026-03-29T16:00,0.0,0.0,0.0,0.0,13.9,5.73,10.4,47,100,12400.0,0,0.119,0.0,410.0,0,0.0,3,0,0.0,-1,-1,-1,-1,0.0,0.0
2026-03-29T17:00,0.0,0.0,0.0,0.0,12.0,5.68,10.4,50,100,11600.0,0,0.119,0.0,395.0,0,0.0,3,0,0.0,-1,-1,-1,-1,0.0,0.0
2026-03-29T18:00,0.0,0.0,0.0,0.0,10.7,6.05,10.4,59,100,11600.0,0,0.12,0.0,485.0,0,0.0,3,0,0.0,-1,-1,-1,-1,0.0,0.0
2026-03-29T19:00,0.0,0.0,0.0,0.0,9.9,5.86,11.1,59,100,12400.0,0,0.12,0.0,565.0,0,0.0,3,0,0.0,-1,-1,-1,-1,0.0,0.0
2026-03-29T20:00,0.0,0.0,0.0,0.0,9.4,5.79,10.8,53,100,11600.0,0,0.12,0.0,545.0,0,0.0,3,0,0.0,-1,-1,-1,-1,0.0,0.0
2026-03-29T21:00,0.0,0.0,0.0,0.0,9.5,5.76,10.8,54,100,11600.0,0,0.12,0.0,545.0,0,0.0,3,0,0.0,-1,-1,-1,-1,0.0,0.0
2026-03-29T22:00,0.0,0.0,0.0,0.0,9.4,5.12,10.6,54,100,11600.0,0,0.12,0.0,620.0,0,0.0,3,0,0.0,-1,-1,-1,-1,0.0,0.0
2026-03-29T23:00,0.0,0.0,0.0,0.0,9.5,4.46,9.4,44,100,11600.0,1,0.12,0.0,660.0,0,0.0,3,0,0.0,-1,-1,-1,-1,0.0,0.0
2026-03-30T00:00,0.0,0.0,0.0,0.0,10.0,4.43,9.6,30,100,12400.0,1,0.122,0.0,625.0,0,0.0,3,0,0.0,-1,-1,-1,-1,0.0,0.0
2026-03-30T01:00,1.3,1.0,0.0,0.0,10.1,5.47,10.2,40,100,11600.0,1,0.137,0.0,630.0,0,0.0,80,1,0.0,6,0,2,95,0.749,0.8
2026-03-30T02:00,0.4,1.0,0.0,0.0,10.4,5.31,10.3,48,100,12400.0,1,0.142,0.0,650.0,0,0.0,51,1,0.0,6,1,1,95,0.749,0.8
2026-03-30T03:00,0.0,0.0,0.0,0.0,11.9,4.53,10.3,46,100,13060.0,1,0.141,0.0,785.0,0,0.0,3,0,0.0,-1,-1,-1,-1,0.0,0.0
2026-03-30T04:00,0.0,0.0,0.0,0.0,13.4,4.28,9.2,45,100,13600.0,1,0.14,0.0,1010.0,0,0.0,3,0,0.0,-1,-1,-1,-1,0.0,0.0
2026-03-30T05:00,0.0,0.0,0.0,0.0,14.6,4.17,9.0,46,100,14700.0,1,0.139,0.0,1195.0,0,0.0,3,0,0.0,-1,-1,-1,-1,0.0,0.0
2026-03-30T06:00,0.0,0.0,0.0,0.0,14.4,3.02,8.8,40,100,14700.0,1,0.143,0.0,1335.0,0,0.0,3,0,0.0,-1,-1,-1,-1,0.0,0.0
2026-03-30T07:00,0.0,0.0,0.0,0.0,14.7,2.7,6.5,40,100,14700.0,1,0.142,0.0,1430.0,0,0.0,3,0,0.0,-1,-1,-1,-1,0.0,0.0
2026-03-30T08:00,0.0,0.0,0.0,0.0,14.6,2.26,5.9,47,100,14700.0,1,0.141,0.0,1385.0,0,0.0,3,0,0.0,-1,-1,-1,-1,0.0,0.0
2026-03-30T09:00,0.0,0.0,0.0,0.0,14.4,2.65,5.1,58,100,14700.0,1,0.141,0.0,1295.0,0,0.0,3,0,0.0,-1,-1,-1,-1,0.0,0.0
2026-03-30T10:00,0.0,0.0,0.0,0.0,12.9,2.74,5.2,81,50,14700.0,1,0.14,0.0,360.0,0,0.0,2,0,0.0,-1,-1,-1,-1,0.0,0.0
2026-03-30T11:00,0.0,0.0,0.0,0.0,10.4,2.07,4.9,105,4,13580.0,0,0.14,0.0,155.0,0,0.0,0,0,0.0,-1,-1,-1,-1,0.0,0.0
2026-03-30T12:00,0.0,0.0,0.0,0.0,8.9,1.82,3.5,127,2,13600.0,0,0.123,0.0,65.0,0,0.0,0,0,0.0,-1,-1,-1,-1,0.0,0.0
2026-03-30T13:00,0.0,0.0,0.0,0.0,8.6,1.91,3.2,133,2,13580.0,0,0.123,0.0,75.0,0,0.0,0,0,0.0,-1,-1,-1,-1,0.0,0.0
2026-03-30T14:00,0.0,0.0,0.0,0.0,7.9,1.86,3.3,153,14,13580.0,0,0.123,0.0,70.0,0,0.0,0,0,0.0,-1,-1,-1,-1,0.0,0.0
2026-03-30T15:00,0.0,0.0,0.0,0.0,6.8,1.64,3.1,192,39,13040.0,0,0.123,0.0,55.0,0,0.0,1,0,0.0,-1,-1,-1,-1,0.0,0.0
2026-03-30T16:00,0.0,0.0,0.0,0.0,6.4,1.7,2.9,194,33,13040.0,0,0.123,0.0,65.0,0,0.0,1,0,0.0,-1,-1,-1,-1,0.0,0.0
2026-03-30T17:00,0.0,0.0,0.0,0.0,6.2,1.86,3.2,185,70,13040.0,0,0.123,0.0,65.0,0,0.0,2,0,0.0,-1,-1,-1,-1,0.0,0.0
2026-03-30T18:00,0.0,0.0,0.0,0.0,6.2,1.7,3.2,182,43,12380.0,0,0.123,0.0,55.0,0,0.0,1,0,0.0,-1,-1,-1,-1,0.0,0.0
2026-03-30T19:00,0.0,0.0,0.0,0.0,6.1,1.7,2.9,180,30,13040.0,0,0.123,0.0,55.0,0,0.0,1,0,0.0,-1,-1,-1,-1,0.0,0.0
2026-03-30T20:00,0.0,0.0,0.0,0.0,5.9,1.77,2.9,188,97,12380.0,0,0.123,0.0,60.0,0,0.0,3,0,0.0,-1,-1,-1,-1,0.0,0.0
2026-03-30T21:00,0.0,0.0,0.0,0.0,6.6,1.95,3.2,183,100,12380.0,0,0.123,0.0,75.0,0,0.0,3,0,0.0,-1,-1,-1,-1,0.0,0.0
2026-03-30T22:00,0.0,0.0,0.0,0.0,7.2,2.74,4.5,189,97,13040.0,0,0.124,0.0,125.0,0,0.0,3,0,0.0,-1,-1,-1,-1,0.0,0.0
2026-03-30T23:00,0.0,0.0,0.0,0.0,7.8,2.5,5.0,192,39,13040.0,1,0.124,0.0,145.0,0,0.0,1,0,0.0,-1,-1,-1,-1,0.0,0.0
2026-03-31T00:00,0.0,0.0,0.0,0.0,8.5,1.9,4.3,162,27,11580.0,1,0.118,0.0,150.0,0,0.0,1,0,0.0,-1,-1,-1,-1,0.0,0.0
2026-03-31T01:00,0.0,0.0,0.0,0.0,10.9,1.78,4.7,169,86,13040.0,1,0.118,0.0,245.0,0,0.0,3,0,0.0,-1,-1,-1,-1,0.0,0.0
2026-03-31T02:00,0.0,0.0,0.0,0.0,12.9,0.6,4.7,204,100,13040.0,1,0.117,0.0,415.0,0,0.0,3,0,0.0,-1,-1,-1,-1,0.0,0.0
2026-03-31T03:00,0.0,0.0,0.0,0.0,14.2,1.37,4.3,170,15,13580.0,1,0.117,0.0,605.0,0,0.0,0,0,0.0,-1,-1,-1,-1,0.0,0.0
2026-03-31T04:00,0.0,0.0,0.0,0.0,16.3,1.73,5.3,202,3,13580.0,1,0.116,0.0,785.0,0,0.0,0,0,0.0,-1,-1,-1,-1,0.0,0.0
2026-03-31T05:00,0.0,0.0,0.0,0.0,17.9,2.02,5.8,222,0,13580.0,1,0.115,0.0,1050.0,0,0.0,0,0,0.0,-1,-1,-1,-1,0.0,0.0
2026-03-31T06:00,0.0,0.0,0.0,0.0,18.2,1.49,5.9,222,12,13580.0,1,0.118,0.0,1130.0,0,0.0,0,0,0.0,-1,-1,-1,-1,0.0,0.0
2026-03-31T07:00,0.0,0.0,0.0,0.0,18.7,1.03,4.6,299,6,13560.0,1,0.117,0.0,1320.0,0,0.0,0,0,0.0,-1,-1,-1,-1,0.0,0.0
2026-03-31T08:00,0.0,0.0,0.0,0.0,18.6,1.16,4.2,335,3,13560.0,1,0.116,0.0,1180.0,0,0.0,0,0,0.0,-1,-1,-1,-1,0.0,0.0
2026-03-31T09:00,0.0,0.0,0.0,0.0,18.4,0.11,3.6,153,0,13560.0,1,0.116,10.0,950.0,0,0.0,0,0,0.0,-1,-1,-1,-1,0.0,0.0
2026-03-31T10:00,0.0,0.0,0.0,0.0,15.9,1.35,2.2,138,0,13020.0,1,0.116,40.0,70.0,0,0.0,0,0,0.0,-1,-1,-1,-1,0.0,0.0
2026-03-31T11:00,0.0,0.0,0.0,0.0,14.0,0.6,2.2,114,0,13020.0,0,0.116,40.0,25.0,0,0.0,0,0,0.0,-1,-1,-1,-1,0.0,0.0
2026-03-31T12:00,0.0,0.0,0.0,0.0,12.5,1.96,2.7,161,0,12380.0,0,0.114,0.0,65.0,0,0.0,0,0,0.0,-1,-1,-1,-1,0.0,0.0
2026-03-31T13:00,0.0,0.0,0.0,0.0,12.7,2.47,4.2,173,0,13020.0,0,0.114,0.0,90.0,0,0.0,0,0,0.0,-1,-1,-1,-1,0.0,0.0
2026-03-31T14:00,0.0,0.0,0.0,0.0,11.9,2.51,4.5,193,0,12380.0,0,0.115,0.0,90.0,0,0.0,0,0,0.0,-1,-1,-1,-1,0.0,0.0
2026-03-31T15:00,0.0,0.0,0.0,0.0,11.0,2.21,4.3,208,0,12380.0,0,0.115,0.0,90.0,0,0.0,0,0,0.0,-1,-1,-1,-1,0.0,0.0
2026-03-31T16:00,0.0,0.0,0.0,0.0,10.0,1.86,3.6,185,43,12380.0,0,0.115,80.0,65.0,0,0.0,1,0,0.0,-1,-1,-1,-1,0.0,0.0
2026-03-31T17:00,0.0,0.0,0.0,0.0,9.6,1.76,2.8,175,0,12380.0,0,0.115,120.0,55.0,0,0.0,0,0,0.0,-1,-1,-1,-1,0.0,0.0
2026-03-31T18:00,0.0,0.0,0.0,0.0,9.9,1.0,2.4,143,0,12360.0,0,0.116,300.0,40.0,0,0.0,0,0,0.0,-1,-1,-1,-1,0.0,0.0
2026-03-31T19:00,0.0,0.0,0.0,0.0,8.8,2.01,3.6,35,0,11580.0,0,0.117,240.0,50.0,0,0.0,0,0,0.0,-1,-1,-1,-1,0.0,0.0
2026-03-31T20:00,0.0,0.0,0.0,0.0,7.8,1.66,3.5,111,0,10300.0,0,0.117,220.0,35.0,0,0.0,0,0,0.0,-1,-1,-1,-1,0.0,0.0
2026-03-31T21:00,0.0,0.0,0.0,0.0,7.3,1.81,3.2,95,0,10300.0,0,0.117,350.0,40.0,0,0.0,0,0,0.0,-1,-1,-1,-1,0.0,0.0
2026-03-31T22:00,0.0,0.0,0.0,0.0,7.2,2.33,4.0,43,0,9440.0,0,0.117,340.0,65.0,0,0.0,0,0,0.0,-1,-1,-1,-1,0.0,0.0
2026-03-31T23:00,0.0,0.0,0.0,0.0,9.0,3.82,6.3,48,0,11580.0,1,0.117,340.0,285.0,0,0.0,0,0,0.0,-1,-1,-1,-1,0.0,0.0
2026-04-01T00:00,0.0,0.0,0.0,0.0,11.9,4.07,7.9,48,0,12360.0,1,0.117,410.0,375.0,0,0.0,0,0,0.0,-1,-1,-1,-1,0.0,0.0
2026-04-01T01:00,0.0,0.0,0.0,0.0,14.2,4.46,8.9,48,0,13540.0,1,0.117,290.0,485.0,0,0.0,0,0,0.0,-1,-1,-1,-1,0.0,0.0
2026-04-01T02:00,0.0,0.0,0.0,0.0,16.0,4.28,9.2,44,0,14640.0,1,0.116,270.0,595.0,0,0.0,0,0,0.0,-1,-1,-1,-1,0.0,0.0
2026-04-01T03:00,0.0,0.0,0.0,0.0,17.5,4.14,9.1,45,0,14640.0,1,0.115,330.0,720.0,0,0.0,0,0,0.0,-1,-1,-1,-1,0.0,0.0
2026-04-01T04:00,0.0,0.0,0.0,0.0,18.8,3.58,9.0,54,5,14640.0,1,0.114,360.0,860.0,0,0.0,0,0,0.0,-1,-1,-1,-1,0.0,0.0
2026-04-01T05:00,0.0,0.0,0.0,0.0,19.8,3.11,8.2,62,21,14620.0,1,0.113,350.0,1160.0,0,0.0,1,0,0.0,-1,-1,-1,-1,0.0,0.0
2026-04-01T06:00,0.0,0.0,0.0,0.0,20.1,2.55,7.4,89,27,14620.0,1,0.119,280.0,1730.0,0,0.0,1,0,0.0,-1,-1,-1,-1,0.0,0.0
2026-04-01T07:00,0.0,0.0,0.0,0.0,19.2,3.27,7.3,101,70,13540.0,1,0.118,170.0,1420.0,0,0.0,2,0,0.0,-1,-1,-1,-1,0.0,0.0
2026-04-01T08:00,0.0,0.0,0.0,0.0,17.8,4.55,9.3,92,35,13540.0,1,0.117,130.0,905.0,0,0.0,1,0,0.0,-1,-1,-1,-1,0.0,0.0
2026-04-01T09:00,0.0,0.0,0.0,0.0,16.8,4.87,9.4,85,100,14620.0,1,0.117,170.0,670.0,0,0.0,3,0,0.0,-1,-1,-1,-1,0.0,0.0
2026-04-01T10:00,0.0,0.0,0.0,0.0,14.5,4.97,9.4,77,100,14620.0,1,0.116,330.0,470.0,0,0.0,3,0,0.0,-1,-1,-1,-1,0.0,0.0
2026-04-01T11:00,0.0,0.0,0.0,0.0,12.6,4.02,9.1,85,100,13540.0,0,0.116,370.0,345.0,0,0.0,3,0,0.0,-1,-1,-1,-1,0.0,0.0
2026-04-01T12:00,0.0,0.0,0.0,0.0,12.0,4.48,8.3,79,100,13540.0,0,0.113,480.0,340.0,0,0.0,3,0,0.0,-1,-1,-1,-1,0.0,0.0
2026-04-01T13:00,0.0,0.0,0.0,0.0,10.8,3.96,8.1,86,91,13540.0,0,0.112,420.0,290.0,0,0.0,3,0,0.0,-1,-1,-1,-1,0.0,0.0
2026-04-01T14:00,0.0,0.0,0.0,0.0,10.0,3.46,7.1,87,97,13540.0,0,0.112,410.0,265.0,0,0.0,3,0,0.0,-1,-1,-1,-1,0.0,0.0
2026-04-01T15:00,0.0,0.0,0.0,0.0,8.9,2.1,6.1,93,64,13000.0,0,0.112,390.0,195.0,0,0.0,2,0,0.0,-1,-1,-1,-1,0.0,0.0
2026-04-01T16:00,0.0,0.0,0.0,0.0,8.4,1.76,3.7,110,7,13000.0,0,0.112,310.0,150.0,0,0.0,0,0,0.0,-1,-1,-1,-1,0.0,0.0
2026-04-01T17:00,0.0,0.0,0.0,0.0,7.6,1.75,3.0,92,1,13000.0,0,0.113,220.0,90.0,0,0.0,0,0,0.0,-1,-1,-1,-1,0.0,0.0
2026-04-01T18:00,0.0,0.0,0.0,0.0,7.5,1.78,3.7,100,0,12360.0,0,0.108,0.0,80.0,0,0.0,0,0,0.0,-1,-1,-1,-1,0.0,0.0
2026-04-01T19:00,0.0,0.0,0.0,0.0,6.7,1.32,3.0,101,0,12360.0,0,0.108,0.0,55.0,0,0.0,0,0,0.0,-1,-1,-1,-1,0.0,0.0
2026-04-01T20:00,0.0,0.0,0.0,0.0,6.5,0.72,2.0,65,0,11560.0,0,0.108,0.0,30.0,0,0.0,0,0,0.0,-1,-1,-1,-1,0.0,0.0
2026-04-01T21:00,0.0,0.0,0.0,0.0,6.1,0.32,1.1,39,0,11560.0,0,0.109,0.0,15.0,0,0.0,0,0,0.0,-1,-1,-1,-1,0.0,0.0
2026-04-01T22:00,0.0,0.0,0.0,0.0,5.6,0.4,0.7,60,0,11560.0,0,0.109,0.0,15.0,0,0.0,0,0,0.0,-1,-1,-1,-1,0.0,0.0
2026-04-01T23:00,0.0,0.0,0.0,0.0,6.6,1.14,1.5,119,0,11560.0,1,0.109,0.0,25.0,1,0.0,0,0,0.0,-1,-1,-1,-1,0.0,0.0
2026-04-02T00:00,0.0,0.0,0.0,0.0,9.0,0.5,3.1,53,0,11560.0,1,0.095,0.0,60.0,0,0.0,0,0,0.0,-1,-1,-1,-1,0.0,0.0
2026-04-02T01:00,0.0,0.0,0.0,0.0,12.1,0.58,3.2,59,27,12340.0,1,0.095,0.0,155.0,1,0.0,1,0,0.0,-1,-1,-1,-1,0.0,0.0
2026-04-02T02:00,0.0,0.0,0.0,0.0,14.8,0.18,3.2,124,79,13000.0,1,0.095,0.0,280.0,1,0.0,2,0,0.0,-1,-1,-1,-1,0.0,0.0
2026-04-02T03:00,0.0,0.0,0.0,0.0,17.1,1.05,4.4,177,91,12980.0,1,0.095,0.0,490.0,0,0.0,3,0,0.0,-1,-1,-1,-1,0.0,0.0
2026-04-02T04:00,0.0,0.0,0.0,0.0,19.0,1.8,5.5,199,100,12980.0,1,0.094,0.0,695.0,0,0.0,3,0,0.0,-1,-1,-1,-1,0.0,0.0
2026-04-02T05:00,0.0,0.0,0.0,0.0,20.4,2.38,6.4,202,100,12980.0,1,0.094,0.0,880.0,0,0.0,3,0,0.0,-1,-1,-1,-1,0.0,0.0
2026-04-02T06:00,0.0,0.0,0.0,0.0,21.2,2.17,6.4,188,100,12980.0,1,0.099,0.0,920.0,0,0.0,3,0,0.0,-1,-1,-1,-1,0.0,0.0
2026-04-02T07:00,0.0,0.0,0.0,0.0,21.8,2.37,5.9,173,100,13520.0,1,0.099,10.0,960.0,0,0.0,3,0,0.0,-1,-1,-1,-1,0.0,0.0
2026-04-02T08:00,0.0,0.0,0.0,0.0,22.1,2.83,6.1,163,100,13520.0,1,0.098,30.0,995.0,0,0.0,3,0,0.0,-1,-1,-1,-1,0.0,0.0
2026-04-02T09:00,0.0,0.0,0.0,0.0,22.0,3.11,6.2,154,99,12980.0,1,0.098,150.0,1025.0,0,0.0,3,0,0.0,-1,-1,-1,-1,0.0,0.0
2026-04-02T10:00,0.0,0.0,0.0,0.0,20.3,2.44,5.7,137,99,12980.0,1,0.098,180.0,310.0,0,0.0,3,0,0.0,-1,-1,-1,-1,0.0,0.0
2026-04-02T11:00,0.0,0.0,0.0,0.0,18.9,2.8,4.8,158,100,12340.0,0,0.098,130.0,220.0,0,0.0,3,0,0.0,-1,-1,-1,-1,0.0,0.0
2026-04-02T12:00,0.0,0.0,0.0,0.0,18.1,2.56,5.0,163,100,12340.0,0,0.088,320.0,175.0,0,0.0,3,0,0.0,-1,-1,-1,-1,0.0,0.0
2026-04-02T13:00,0.0,0.0,0.0,0.0,17.4,2.61,4.4,148,98,12340.0,0,0.088,280.0,170.0,0,0.0,3,0,0.0,-1,-1,-1,-1,0.0,0.0
2026-04-02T14:00,0.0,0.0,0.0,0.0,17.3,3.41,5.8,158,84,12340.0,0,0.088,10.0,350.0,0,0.0,3,0,0.0,-1,-1,-1,-1,0.0,0.0
2026-04-02T15:00,0.0,0.0,0.0,0.0,17.6,4.12,7.1,174,28,12340.0,0,0.088,0.0,540.0,0,0.0,1,0,0.0,-1,-1,-1,-1,0.0,0.0
2026-04-02T16:00,0.0,0.0,0.0,0.0,17.7,4.94,8.8,187,10,12980.0,0,0.089,0.0,620.0,0,0.0,0,0,0.0,-1,-1,-1,-1,0.0,0.0
2026-04-02T17:00,0.0,0.0,0.0,0.0,17.5,5.71,10.1,191,5,12980.0,0,0.089,0.0,665.0,0,0.0,0,0,0.0,-1,-1,-1,-1,0.0,0.0
2026-04-02T18:00,0.0,0.0,0.0,0.0,17.4,5.69,10.7,193,1,12980.0,0,0.08,0.0,685.0,0,0.0,0,0,0.0,-1,-1,-1,-1,0.0,0.0
2026-04-02T19:00,0.0,0.0,0.0,0.0,17.2,5.98,10.8,194,42,12340.0,0,0.08,0.0,645.0,0,0.0,1,0,0.0,-1,-1,-1,-1,0.0,0.0
2026-04-02T20:00,0.0,0.0,0.0,0.0,16.7,5.71,10.9,197,18,12340.0,0,0.081,0.0,580.0,0,0.0,0,0,0.0,-1,-1,-1,-1,0.0,0.0
2026-04-02T21:00,0.0,0.0,0.0,0.0,16.1,4.44,10.3,216,95,12340.0,0,0.081,0.0,540.0,0,0.0,3,0,0.0,-1,-1,-1,-1,0.0,0.0
2026-04-02T22:00,0.0,0.0,0.0,0.0,15.4,4.27,7.9,207,100,12340.0,0,0.081,0.0,435.0,0,0.0,3,0,0.0,-1,-1,-1,-1,0.0,0.0
2026-04-02T23:00,0.0,0.0,0.0,0.0,15.9,4.62,8.2,203,99,12340.0,1,0.081,180.0,430.0,0,0.0,3,0,0.0,-1,-1,-1,-1,0.0,0.0
2026-04-03T00:00,0.0,0.0,0.0,0.0,17.6,4.24,8.7,195,98,12980.0,1,0.083,10.0,560.0,0,0.0,3,0,0.0,-1,-1,-1,-1,0.0,0.0
2026-04-03T01:00,0.0,0.0,0.0,0.0,18.6,4.9,9.5,194,96,12960.0,1,0.083,170.0,555.0,0,0.0,3,0,0.0,-1,-1,-1,-1,0.0,0.0
2026-04-03T02:00,0.4,1.0,0.0,0.0,20.1,4.8,9.5,219,97,12960.0,1,0.087,200.0,730.0,0,0.0,51,1,0.0,7,0,1,2,0.0,0.6
2026-04-03T03:00,0.2,1.0,0.0,0.0,22.1,5.18,10.0,193,48,13500.0,1,0.09,290.0,675.0,0,0.0,51,0,0.0,-1,-1,-1,-1,0.0,0.0
2026-04-03T04:00,0.0,0.0,0.0,0.0,24.7,6.06,12.1,214,9,14560.0,1,0.089,500.0,935.0,0,0.0,0,0,0.0,-1,-1,-1,-1,0.0,0.0
2026-04-03T05:00,0.8,1.0,0.0,0.0,25.0,5.89,13.9,260,21,14560.0,1,0.098,240.0,2005.0,0,0.0,53,1,0.0,8,0,1,123,0.0,0.6
2026-04-03T06:00,0.0,0.0,0.0,0.0,26.5,5.22,12.5,279,83,14860.0,1,0.101,30.0,3045.0,0,0.0,3,0,0.0,-1,-1,-1,-1,0.0,0.0
2026-04-03T07:00,0.0,0.0,0.0,0.0,24.6,4.71,12.5,292,38,14720.0,1,0.1,40.0,1480.0,0,0.0,1,0,0.0,-1,-1,-1,-1,0.0,0.0
2026-04-03T08:00,0.0,0.0,0.0,0.0,24.7,6.1,11.7,323,8,14860.0,1,0.099,0.0,3190.0,0,0.0,0,0,0.0,-1,-1,-1,-1,0.0,0.0
2026-04-03T09:00,0.0,0.0,0.0,0.0,23.1,7.27,14.7,338,1,14860.0,1,0.099,0.0,1975.0,0,0.0,0,0,0.0,-1,-1,-1,-1,0.0,0.0
2026-04-03T10:00,0.0,0.0,0.0,0.0,21.2,6.25,13.5,359,0,14860.0,1,0.098,0.0,1965.0,0,0.0,0,0,0.0,-1,-1,-1,-1,0.0,0.0
2026-04-03T11:00,0.0,0.0,0.0,0.0,19.1,5.85,11.5,1,0,14840.0,0,0.098,0.0,1350.0,0,0.0,0,0,0.0,-1,-1,-1,-1,0.0,0.0
2026-04-03T12:00,0.0,0.0,0.0,0.0,17.3,3.85,12.5,358,0,14720.0,0,0.094,0.0,590.0,0,0.0,0,0,0.0,-1,-1,-1,-1,0.0,0.0
2026-04-03T13:00,0.0,0.0,0.0,0.0,16.7,5.71,10.3,9,0,14720.0,0,0.094,0.0,1045.0,0,0.0,0,0,0.0,-1,-1,-1,-1,0.0,0.0
2026-04-03T14:00,0.0,0.0,0.0,0.0,16.3,6.36,11.9,8,0,14840.0,0,0.094,0.0,925.0,0,0.0,0,0,0.0,-1,-1,-1,-1,0.0,0.0
2026-04-03T15:00,0.0,0.0,0.0,0.0,15.2,5.42,11.6,14,0,14720.0,0,0.094,0.0,815.0,0,0.0,0,0,0.0,-1,-1,-1,-1,0.0,0.0
2026-04-03T16:00,0.0,0.0,0.0,0.0,14.3,5.57,10.1,16,0,14720.0,0,0.093,0.0,700.0,0,0.0,0,0,0.0,-1,-1,-1,-1,0.0,0.0
2026-04-03T17:00,0.0,0.0,0.0,0.0,13.8,4.61,10.1,15,0,14720.0,0,0.093,0.0,570.0,0,0.0,0,0,0.0,-1,-1,-1,-1,0.0,0.0
2026-04-03T18:00,0.0,0.0,0.0,0.0,12.4,3.2,8.2,20,0,14720.0,0,0.094,0.0,290.0,0,0.0,0,0,0.0,-1,-1,-1,-1,0.0,0.0
2026-04-03T19:00,0.0,0.0,0.0,0.0,11.0,3.04,5.6,45,0,14720.0,0,0.094,0.0,210.0,0,0.0,0,0,0.0,-1,-1,-1,-1,0.0,0.0
2026-04-03T20:00,0.0,0.0,0.0,0.0,9.7,4.69,8.4,101,0,13480.0,0,0.094,0.0,365.0,0,0.0,0,0,0.0,-1,-1,-1,-1,0.0,0.0
2026-04-03T21:00,0.0,0.0,0.0,0.0,8.2,3.91,8.4,117,0,12320.0,0,0.094,0.0,330.0,0,0.0,0,0,0.0,-1,-1,-1,-1,0.0,0.0
2026-04-03T22:00,0.0,0.0,0.0,0.0,7.4,3.29,7.1,133,1,12320.0,1,0.094,0.0,295.0,0,0.0,0,0,0.0,-1,-1,-1,-1,0.0,0.0
2026-04-03T23:00,0.0,0.0,0.0,0.0,7.6,2.7,5.9,161,0,12320.0,1,0.094,0.0,300.0,0,0.0,0,0,0.0,-1,-1,-1,-1,0.0,0.0
2026-04-04T00:00,0.0,0.0,0.0,0.0,9.0,2.62,5.5,188,0,12320.0,1,0.096,0.0,405.0,0,0.0,0,0,0.0,-1,-1,-1,-1,0.0,0.0
2026-04-04T01:00,0.0,0.0,0.0,0.0,10.8,3.0,6.8,183,0,12940.0,1,0.096,0.0,485.0,0,0.0,0,0,0.0,-1,-1,-1,-1,0.0,0.0
2026-04-04T02:00,0.0,0.0,0.0,0.0,12.6,2.91,7.0,176,0,13480.0,1,0.096,0.0,575.0,0,0.0,0,0,0.0,-1,-1,-1,-1,0.0,0.0
2026-04-04T03:00,0.0,0.0,0.0,0.0,14.5,3.59,8.2,172,0,13460.0,1,0.096,0.0,745.0,0,0.0,0,0,0.0,-1,-1,-1,-1,0.0,0.0
2026-04-04T04:00,0.0,0.0,0.0,0.0,16.0,4.43,9.7,173,0,14520.0,1,0.095,0.0,970.0,0,0.0,0,0,0.0,-1,-1,-1,-1,0.0,0.0
2026-04-04T05:00,0.0,0.0,0.0,0.0,17.3,5.33,11.2,174,0,14700.0,1,0.095,0.0,1170.0,0,0.0,0,0,0.0,-1,-1,-1,-1,0.0,0.0
2026-04-04T06:00,0.0,0.0,0.0,0.0,17.9,5.82,12.2,176,0,14700.0,1,0.099,0.0,1260.0,0,0.0,0,0,0.0,-1,-1,-1,-1,0.0,0.0
2026-04-04T07:00,0.0,0.0,0.0,0.0,18.4,6.12,12.2,175,0,14700.0,1,0.099,0.0,1325.0,0,0.0,0,0,0.0,-1,-1,-1,-1,0.0,0.0
2026-04-04T08:00,0.0,0.0,0.0,0.0,18.5,6.66,12.9,177,0,14700.0,1,0.098,0.0,1355.0,0,0.0,0,0,0.0,-1,-1,-1,-1,0.0,0.0
2026-04-04T09:00,0.0,0.0,0.0,0.0,18.1,6.72,13.0,175,0,14700.0,1,0.098,0.0,1220.0,0,0.0,0,0,0.0,-1,-1,-1,-1,0.0,0.0
2026-04-04T10:00,0.0,0.0,0.0,0.0,17.1,6.12,12.7,175,0,14520.0,1,0.098,0.0,1110.0,0,0.0,0,0,0.0,-1,-1,-1,-1,0.0,0.0
2026-04-04T11:00,0.0,0.0,0.0,0.0,16.2,6.4,11.6,173,0,14520.0,0,0.097,0.0,995.0,0,0.0,0,0,0.0,-1,-1,-1,-1,0.0,0.0
2026-04-04T12:00,0.0,0.0,0.0,0.0,15.3,6.27,12.3,175,0,14520.0,0,0.105,0.0,875.0,0,0.0,0,0,0.0,-1,-1,-1,-1,0.0,0.0
2026-04-04T13:00,0.0,0.0,0.0,0.0,15.1,6.7,12.1,173,0,13460.0,0,0.105,0.0,815.0,0,0.0,0,0,0.0,-1,-1,-1,-1,0.0,0.0
2026-04-04T14:00,0.0,0.0,0.0,0.0,15.6,6.89,12.5,186,0,14500.0,0,0.105,0.0,800.0,0,0.0,0,0,0.0,-1,-1,-1,-1,0.0,0.0
2026-04-04T15:00,0.0,0.0,0.0,0.0,15.9,7.34,13.3,196,0,14500.0,0,0.105,0.0,740.0,0,0.0,0,0,0.0,-1,-1,-1,-1,0.0,0.0
2026-04-04T16:00,0.0,0.0,0.0,0.0,15.7,7.36,13.3,200,0,14500.0,0,0.105,0.0,625.0,0,0.0,0,0,0.0,-1,-1,-1,-1,0.0,0.0
2026-04-04T17:00,0.0,0.0,0.0,0.0,15.6,6.66,13.4,207,0,14500.0,0,0.105,0.0,520.0,0,0.0,0,0,0.0,-1,-1,-1,-1,0.0,0.0
2026-04-04T18:00,0.0,0.0,0.0,0.0,14.4,3.31,12.0,273,0,13460.0,0,0.106,0.0,405.0,0,0.0,0,0,0.0,-1,-1,-1,-1,0.0,0.0
2026-04-04T19:00,0.0,0.0,0.0,0.0,11.6,1.56,6.0,225,0,13460.0,0,0.106,0.0,60.0,0,0.0,0,0,0.0,-1,-1,-1,-1,0.0,0.0
2026-04-04T20:00,0.0,0.0,0.0,0.0,10.3,1.84,3.5,319,0,12940.0,0,0.106,0.0,80.0,0,0.0,0,0,0.0,-1,-1,-1,-1,0.0,0.0
2026-04-04T21:00,0.0,0.0,0.0,0.0,9.9,2.75,4.8,344,0,12920.0,0,0.106,0.0,105.0,0,0.0,0,0,0.0,-1,-1,-1,-1,0.0,0.0
2026-04-04T22:00,0.0,0.0,0.0,0.0,8.7,2.4,4.8,348,0,12300.0,1,0.106,0.0,95.0,0,0.0,0,0,0.0,-1,-1,-1,-1,0.0,0.0
2026-04-04T23:00,0.0,0.0,0.0,0.0,9.2,2.55,4.5,344,0,12300.0,1,0.106,0.0,90.0,0,0.0,0,0,0.0,-1,-1,-1,-1,0.0,0.0
2026-04-05T00:00,0.0,0.0,0.0,0.0,11.5,2.5,5.9,334,0,12300.0,1,0.101,0.0,115.0,0,0.0,0,0,0.0,-1,-1,-1,-1,0.0,0.0
2026-04-05T01:00,0.0,0.0,0.0,0.0,14.8,1.77,4.9,338,0,12920.0,1,0.101,0.0,145.0,0,0.0,0,0,0.0,-1,-1,-1,-1,0.0,0.0
2026-04-05T02:00,0.0,0.0,0.0,0.0,17.9,1.81,5.2,354,0,13440.0,1,0.1,0.0,330.0,0,0.0,0,0,0.0,-1,-1,-1,-1,0.0,0.0
2026-04-05T03:00,0.0,0.0,0.0,0.0,20.0,1.41,5.1,8,0,14480.0,1,0.1,0.0,1305.0,0,0.0,0,0,0.0,-1,-1,-1,-1,0.0,0.0
2026-04-05T04:00,0.0,0.0,0.0,0.0,21.3,2.85,6.9,2,0,14780.0,1,0.099,0.0,1580.0,0,0.0,0,0,0.0,-1,-1,-1,-1,0.0,0.0
2026-04-05T05:00,0.0,0.0,0.0,0.0,21.9,3.01,7.1,5,0,14780.0,1,0.098,0.0,1855.0,0,0.0,0,0,0.0,-1,-1,-1,-1,0.0,0.0
2026-04-05T06:00,0.0,0.0,0.0,0.0,22.3,1.24,7.7,40,2,14780.0,1,0.101,0.0,2235.0,0,0.0,0,0,0.0,-1,-1,-1,-1,0.0,0.0
2026-04-05T07:00,0.0,0.0,0.0,0.0,22.4,2.19,5.3,45,20,14780.0,1,0.1,0.0,2320.0,0,0.0,1,0,0.0,-1,-1,-1,-1,0.0,0.0
2026-04-05T08:00,0.0,0.0,0.0,0.0,21.8,3.93,7.9,43,30,14780.0,1,0.099,0.0,1725.0,0,0.0,1,0,0.0,-1,-1,-1,-1,0.0,0.0
2026-04-05T09:00,0.0,0.0,0.0,0.0,20.7,3.21,8.2,69,83,14780.0,1,0.098,0.0,1225.0,0,0.0,3,0,0.0,-1,-1,-1,-1,0.0,0.0
2026-04-05T10:00,0.0,0.0,0.0,0.0,18.9,2.75,6.1,57,83,14660.0,1,0.098,0.0,310.0,0,0.0,3,0,0.0,-1,-1,-1,-1,0.0,0.0
2026-04-05T11:00,0.0,0.0,0.0,0.0,17.0,2.22,5.0,59,98,14660.0,0,0.098,0.0,115.0,0,0.0,3,0,0.0,-1,-1,-1,-1,0.0,0.0
2026-04-05T12:00,0.0,0.0,0.0,0.0,14.6,1.95,3.8,77,77,14480.0,0,0.098,0.0,75.0,0,0.0,2,0,0.0,-1,-1,-1,-1,0.0,0.0
2026-04-05T13:00,0.0,0.0,0.0,0.0,14.7,2.95,4.8,62,100,13440.0,0,0.098,0.0,110.0,0,0.0,3,0,0.0,-1,-1,-1,-1,0.0,0.0
2026-04-05T14:00,0.0,0.0,0.0,0.0,14.5,6.42,11.7,62,100,14780.0,0,0.098,0.0,615.0,0,0.0,3,0,0.0,-1,-1,-1,-1,0.0,0.0
2026-04-05T15:00,0.0,0.0,0.0,0.0,13.7,4.62,11.6,68,10,14780.0,0,0.097,0.0,540.0,0,0.0,0,0,0.0,-1,-1,-1,-1,0.0,0.0
2026-04-05T16:00,0.0,0.0,0.0,0.0,12.4,4.46,8.3,74,7,14780.0,0,0.097,0.0,585.0,0,0.0,0,0,0.0,-1,-1,-1,-1,0.0,0.0
2026-04-05T17:00,0.0,0.0,0.0,0.0,11.2,3.55,8.0,88,12,14640.0,0,0.097,0.0,410.0,0,0.0,0,0,0.0,-1,-1,-1,-1,0.0,0.0
2026-04-05T18:00,0.0,0.0,0.0,0.0,10.9,2.9,6.3,105,0,14460.0,0,0.094,30.0,355.0,0,0.0,0,0,0.0,-1,-1,-1,-1,0.0,0.0
2026-04-05T19:00,0.0,0.0,0.0,0.0,9.9,2.43,5.2,82,0,14460.0,0,0.094,0.0,230.0,0,0.0,0,0,0.0,-1,-1,-1,-1,0.0,0.0
2026-04-05T20:00,0.0,0.0,0.0,0.0,9.3,3.18,5.5,74,6,14460.0,0,0.094,20.0,245.0,0,0.0,0,0,0.0,-1,-1,-1,-1,0.0,0.0
2026-04-05T21:00,0.0,0.0,0.0,0.0,8.5,3.11,5.7,44,21,14460.0,0,0.094,30.0,225.0,0,0.0,1,0,0.0,-1,-1,-1,-1,0.0,0.0
2026-04-05T22:00,0.0,0.0,0.0,0.0,8.0,3.36,6.5,57,23,14460.0,1,0.094,10.0,320.0,0,0.0,1,0,0.0,-1,-1,-1,-1,0.0,0.0
2026-04-05T23:00,0.0,0.0,0.0,0.0,8.3,3.4,5.9,76,0,14460.0,1,0.094,0.0,365.0,0,0.0,0,0,0.0,-1,-1,-1,-1,0.0,0.0
2026-04-06T00:00,0.0,0.0,0.0,0.0,10.6,3.15,6.2,75,0,14460.0,1,0.08,0.0,440.0,0,0.0,0,0,0.0,-1,-1,-1,-1,0.0,0.0
2026-04-06T01:00,0.0,0.0,0.0,0.0,12.6,3.55,7.5,91,0,14640.0,1,0.08,0.0,725.0,0,0.0,0,0,0.0,-1,-1,-1,-1,0.0,0.0
2026-04-06T02:00,0.0,0.0,0.0,0.0,14.2,3.45,8.3,112,0,14640.0,1,0.08,0.0,910.0,0,0.0,0,0,0.0,-1,-1,-1,-1,0.0,0.0
2026-04-06T03:00,0.0,0.0,0.0,0.0,15.6,3.12,7.7,145,0,14760.0,1,0.08,0.0,1170.0,0,0.0,0,0,0.0,-1,-1,-1,-1,0.0,0.0
2026-04-06T04:00,0.0,0.0,0.0,0.0,16.8,2.84,7.6,170,0,14760.0,1,0.08,0.0,1260.0,0,0.0,0,0,0.0,-1,-1,-1,-1,0.0,0.0
2026-04-06T05:00,0.0,0.0,0.0,0.0,17.8,2.76,7.2,185,0,14760.0,1,0.08,0.0,1165.0,0,0.0,0,0,0.0,-1,-1,-1,-1,0.0,0.0
2026-04-06T06:00,0.0,0.0,0.0,0.0,18.6,2.71,7.0,164,1,14620.0,1,0.088,0.0,1190.0,0,0.0,0,0,0.0,-1,-1,-1,-1,0.0,0.0
2026-04-06T07:00,0.0,0.0,0.0,0.0,18.8,2.11,6.6,144,4,14760.0,1,0.088,0.0,1215.0,0,0.0,0,0,0.0,-1,-1,-1,-1,0.0,0.0
2026-04-06T08:00,0.0,0.0,0.0,0.0,19.1,1.26,5.5,146,2,14740.0,1,0.088,0.0,1460.0,0,0.0,0,0,0.0,-1,-1,-1,-1,0.0,0.0
2026-04-06T09:00,0.0,0.0,0.0,0.0,18.6,1.89,4.1,148,0,14620.0,1,0.088,0.0,1280.0,0,0.0,0,0,0.0,-1,-1,-1,-1,0.0,0.0
2026-04-06T10:00,0.0,0.0,0.0,0.0,16.7,1.38,4.1,136,0,14620.0,1,0.088,0.0,200.0,0,0.0,0,0,0.0,-1,-1,-1,-1,0.0,0.0
2026-04-06T11:00,0.0,0.0,0.0,0.0,14.6,1.95,3.3,130,0,14440.0,0,0.088,0.0,115.0,0,0.0,0,0,0.0,-1,-1,-1,-1,0.0,0.0
2026-04-06T12:00,0.0,0.0,0.0,0.0,13.8,2.04,3.8,115,2,14440.0,0,0.085,0.0,75.0,0,0.0,0,0,0.0,-1,-1,-1,-1,0.0,0.0
2026-04-06T13:00,0.0,0.0,0.0,0.0,13.4,3.37,5.8,97,0,14440.0,0,0.085,0.0,135.0,0,0.0,0,0,0.0,-1,-1,-1,-1,0.0,0.0
2026-04-06T14:00,0.0,0.0,0.0,0.0,12.9,3.99,7.1,82,9,14440.0,0,0.085,0.0,225.0,0,0.0,0,0,0.0,-1,-1,-1,-1,0.0,0.0
2026-04-06T15:00,0.0,0.0,0.0,0.0,12.4,3.57,7.1,79,0,14440.0,0,0.085,0.0,210.0,0,0.0,0,0,0.0,-1,-1,-1,-1,0.0,0.0
2026-04-06T16:00,0.0,0.0,0.0,0.0,11.6,3.62,6.3,66,6,14440.0,0,0.085,0.0,205.0,0,0.0,0,0,0.0,-1,-1,-1,-1,0.0,0.0
2026-04-06T17:00,0.0,0.0,0.0,0.0,10.8,4.03,7.1,53,37,14440.0,0,0.085,0.0,260.0,0,0.0,1,0,0.0,-1,-1,-1,-1,0.0,0.0
2026-04-06T18:00,0.0,0.0,0.0,0.0,10.9,5.69,9.3,46,100,14440.0,0,0.081,0.0,535.0,0,0.0,3,0,0.0,-1,-1,-1,-1,0.0,0.0
2026-04-06T19:00,0.0,0.0,0.0,0.0,10.4,6.27,12.3,56,100,14600.0,0,0.081,0.0,610.0,0,0.0,3,0,0.0,-1,-1,-1,-1,0.0,0.0
2026-04-06T20:00,0.0,0.0,0.0,0.0,9.8,5.61,11.6,59,98,14440.0,0,0.082,0.0,645.0,0,0.0,3,0,0.0,-1,-1,-1,-1,0.0,0.0
2026-04-06T21:00,0.0,0.0,0.0,0.0,9.3,5.04,10.4,60,100,14420.0,0,0.082,0.0,670.0,0,0.0,3,0,0.0,-1,-1,-1,-1,0.0,0.0
2026-04-06T22:00,0.0,0.0,0.0,0.0,9.1,4.3,9.4,54,71,14420.0,1,0.082,0.0,660.0,0,0.0,2,0,0.0,-1,-1,-1,-1,0.0,0.0
2026-04-06T23:00,0.0,0.0,0.0,0.0,8.9,3.73,8.0,51,27,14420.0,1,0.082,0.0,665.0,0,0.0,1,0,0.0,-1,-1,-1,-1,0.0,0.0
2026-04-07T00:00,0.0,0.0,0.0,0.0,9.5,3.88,7.2,35,0,13400.0,1,0.09,0.0,715.0,0,0.0,0,0,0.0,-1,-1,-1,-1,0.0,0.0
2026-04-07T01:00,0.0,0.0,0.0,0.0,10.7,3.78,8.3,44,0,14420.0,1,0.09,0.0,850.0,0,0.0,0,0,0.0,-1,-1,-1,-1,0.0,0.0
2026-04-07T02:00,0.0,0.0,0.0,0.0,12.2,3.56,8.2,64,0,14420.0,1,0.09,0.0,1000.0,0,0.0,0,0,0.0,-1,-1,-1,-1,0.0,0.0
2026-04-07T03:00,0.0,0.0,0.0,0.0,13.5,3.03,8.2,77,0,14600.0,1,0.09,0.0,1190.0,0,0.0,0,0,0.0,-1,-1,-1,-1,0.0,0.0
2026-04-07T04:00,0.0,0.0,0.0,0.0,14.7,2.35,7.5,89,0,14600.0,1,0.089,0.0,1350.0,0,0.0,0,0,0.0,-1,-1,-1,-1,0.0,0.0
2026-04-07T05:00,0.0,0.0,0.0,0.0,15.7,2.27,6.5,104,0,14600.0,1,0.089,0.0,1435.0,0,0.0,0,0,0.0,-1,-1,-1,-1,0.0,0.0
2026-04-07T06:00,0.0,0.0,0.0,0.0,15.8,2.33,6.4,113,0,14580.0,1,0.089,0.0,1420.0,0,0.0,0,0,0.0,-1,-1,-1,-1,0.0,0.0
2026-04-07T07:00,0.0,0.0,0.0,0.0,16.0,2.53,6.4,128,0,14580.0,1,0.089,0.0,1395.0,0,0.0,0,0,0.0,-1,-1,-1,-1,0.0,0.0
2026-04-07T08:00,0.0,0.0,0.0,0.0,16.0,2.66,6.4,140,0,14580.0,1,0.088,0.0,1290.0,0,0.0,0,0,0.0,-1,-1,-1,-1,0.0,0.0
2026-04-07T09:00,0.0,0.0,0.0,0.0,15.6,2.66,6.2,146,0,14580.0,1,0.088,0.0,1150.0,0,0.0,0,0,0.0,-1,-1,-1,-1,0.0,0.0
2026-04-07T10:00,0.0,0.0,0.0,0.0,14.5,1.42,5.5,138,0,14580.0,1,0.088,0.0,800.0,0,0.0,0,0,0.0,-1,-1,-1,-1,0.0,0.0
2026-04-07T11:00,0.0,0.0,0.0,0.0,12.6,1.14,2.6,113,0,14400.0,0,0.088,0.0,90.0,0,0.0,0,0,0.0,-1,-1,-1,-1,0.0,0.0
2026-04-07T12:00,0.0,0.0,0.0,0.0,11.4,1.9,2.2,104,0,14400.0,0,0.104,0.0,95.0,0,0.0,0,0,0.0,-1,-1,-1,-1,0.0,0.0
2026-04-07T13:00,0.0,0.0,0.0,0.0,10.6,1.98,3.4,100,0,13380.0,0,0.104,0.0,95.0,0,0.0,0,0,0.0,-1,-1,-1,-1,0.0,0.0
2026-04-07T14:00,0.0,0.0,0.0,0.0,10.1,2.11,3.6,112,0,13380.0,0,0.104,0.0,100.0,0,0.0,0,0,0.0,-1,-1,-1,-1,0.0,0.0
2026-04-07T15:00,0.0,0.0,0.0,0.0,9.6,2.06,3.8,129,0,13380.0,0,0.104,0.0,100.0,0,0.0,0,0,0.0,-1,-1,-1,-1,0.0,0.0
2026-04-07T16:00,0.0,0.0,0.0,0.0,8.9,1.93,3.5,143,1,12860.0,0,0.104,0.0,90.0,0,0.0,0,0,0.0,-1,-1,-1,-1,0.0,0.0
2026-04-07T17:00,0.0,0.0,0.0,0.0,8.6,1.98,3.4,146,0,12860.0,0,0.104,0.0,90.0,0,0.0,0,0,0.0,-1,-1,-1,-1,0.0,0.0
2026-04-07T18:00,0.0,0.0,0.0,0.0,8.3,2.34,3.8,138,0,12240.0,0,0.113,0.0,95.0,0,0.0,0,0,0.0,-1,-1,-1,-1,0.0,0.0
2026-04-07T19:00,0.0,0.0,0.0,0.0,8.1,2.47,4.2,148,2,12860.0,0,0.113,0.0,110.0,0,0.0,0,0,0.0,-1,-1,-1,-1,0.0,0.0
2026-04-07T20:00,0.0,0.0,0.0,0.0,8.2,2.71,4.7,157,0,12240.0,0,0.113,0.0,125.0,0,0.0,0,0,0.0,-1,-1,-1,-1,0.0,0.0
2026-04-07T21:00,0.0,0.0,0.0,0.0,8.4,2.9,5.0,169,0,12240.0,0,0.113,0.0,165.0,0,0.0,0,0,0.0,-1,-1,-1,-1,0.0,0.0
2026-04-07T22:00,0.0,0.0,0.0,0.0,8.6,2.95,5.1,178,0,11480.0,1,0.113,0.0,215.0,0,0.0,0,0,0.0,-1,-1,-1,-1,0.0,0.0
2026-04-07T23:00,0.0,0.0,0.0,0.0,9.7,3.3,5.6,178,0,11480.0,1,0.113,0.0,275.0,0,0.0,0,0,0.0,-1,-1,-1,-1,0.0,0.0
2026-04-08T00:00,0.0,0.0,0.0,0.0,11.7,3.27,5.9,174,0,12240.0,1,0.104,0.0,415.0,0,0.0,0,0,0.0,-1,-1,-1,-1,0.0,0.0
2026-04-08T01:00,0.0,0.0,0.0,0.0,13.9,3.75,7.8,179,80,12860.0,1,0.104,0.0,555.0,0,0.0,3,0,0.0,-1,-1,-1,-1,0.0,0.0
2026-04-08T02:00,0.0,0.0,0.0,0.0,14.5,3.9,8.1,182,100,12860.0,1,0.103,0.0,575.0,0,0.0,3,0,0.0,-1,-1,-1,-1,0.0,0.0
2026-04-08T03:00,0.0,0.0,0.0,0.0,14.3,3.61,8.2,177,100,12860.0,1,0.103,0.0,535.0,0,0.0,3,0,0.0,-1,-1,-1,-1,0.0,0.0
2026-04-08T04:00,0.0,0.0,0.0,0.0,14.6,2.72,7.2,163,100,12860.0,1,0.103,0.0,475.0,0,0.0,3,0,0.0,-1,-1,-1,-1,0.0,0.0
2026-04-08T05:00,0.0,0.0,0.0,0.0,15.1,2.42,5.7,156,100,12860.0,1,0.103,0.0,500.0,0,0.0,3,0,0.0,-1,-1,-1,-1,0.0,0.0
2026-04-08T06:00,0.0,0.0,0.0,0.0,14.9,2.42,5.2,156,100,12860.0,1,0.111,0.0,570.0,0,0.0,3,0,0.0,-1,-1,-1,-1,0.0,0.0
2026-04-08T07:00,0.0,0.0,0.0,0.0,14.5,2.62,5.1,167,100,7160.0,1,0.111,0.0,635.0,0,0.0,3,0,0.0,-1,-1,-1,-1,0.0,0.0
2026-04-08T08:00,0.2,0.0,0.0,0.0,14.2,1.82,5.0,148,100,4220.0,1,0.113,0.0,550.0,0,0.0,51,0,0.2,-1,-1,-1,-1,0.0,0.0
2026-04-08T09:00,0.7,0.0,0.0,0.0,13.4,1.87,3.5,146,100,3220.0,1,0.119,10.0,355.0,0,0.0,53,1,0.7,9,0,7,2,0.612,0.163
2026-04-08T10:00,0.9,0.0,0.0,0.0,12.5,1.51,2.9,174,100,3000.0,1,0.13,0.0,280.0,0,0.0,53,1,0.9,9,1,6,2,0.612,0.163
2026-04-08T11:00,1.2,0.0,0.0,0.0,12.0,1.82,3.2,171,100,2660.0,0,0.146,0.0,300.0,0,0.0,55,1,1.2,9,2,5,2,0.612,0.163
2026-04-08T12:00,1.1,0.182,0.0,0.0,11.9,0.15,3.1,360,100,6140.0,0,0.141,0.0,20.0,0,0.0,55,1,0.9,9,3,4,2,0.612,0.272
2026-04-08T13:00,0.0,0.0,0.0,0.0,11.9,0.05,0.4,270,100,5580.0,0,0.141,0.0,20.0,0,0.0,3,0,0.0,9,4,3,2,0.612,0.163
2026-04-08T14:00,0.7,0.429,0.0,0.0,11.5,0.63,1.4,162,100,3780.0,0,0.151,0.0,150.0,0,0.0,53,1,0.4,9,5,2,2,0.612,0.421
2026-04-08T15:00,0.3,0.0,0.0,0.0,11.4,0.47,1.2,162,100,5540.0,0,0.155,0.0,70.0,0,0.0,51,1,0.3,9,6,1,2,0.612,0.163
2026-04-08T16:00,0.2,0.0,0.0,0.0,11.1,0.86,1.4,144,100,3940.0,0,0.157,0.0,95.0,0,0.0,51,0,0.2,-1,-1,-1,-1,0.0,0.0
2026-04-08T17:00,0.2,0.0,0.0,0.0,11.0,0.92,1.6,131,100,4560.0,0,0.16,0.0,110.0,0,0.0,51,0,0.2,-1,-1,-1,-1,0.0,0.0
2026-04-08T18:00,0.4,0.0,0.0,0.0,11.0,1.2,2.3,95,100,2940.0,0,0.168,0.0,85.0,0,0.0,51,1,0.4,10,0,2,176,0.283,0.075
2026-04-08T19:00,0.6,0.0,0.0,0.0,10.8,1.72,2.9,98,100,4180.0,0,0.177,0.0,125.0,0,0.0,53,1,0.6,10,1,1,176,0.283,0.075
2026-04-08T20:00,0.1,0.0,0.0,0.0,10.6,1.41,2.9,107,100,5260.0,0,0.178,0.0,115.0,0,0.0,51,0,0.1,-1,-1,-1,-1,0.0,0.0
2026-04-08T21:00,0.0,0.0,0.0,0.0,10.2,0.28,2.3,135,100,8280.0,0,0.179,0.0,45.0,0,0.0,3,0,0.0,-1,-1,-1,-1,0.0,0.0
2026-04-08T22:00,0.0,0.0,0.0,0.0,10.5,1.04,1.8,197,100,5740.0,1,0.179,0.0,135.0,0,0.0,3,0,0.0,-1,-1,-1,-1,0.0,0.0
2026-04-08T23:00,0.0,0.0,0.0,0.0,10.6,1.45,2.6,243,100,5420.0,1,0.179,0.0,175.0,0,0.0,3,0,0.0,-1,-1,-1,-1,0.0,0.0
2026-04-09T00:00,0.0,0.0,0.0,0.0,11.0,0.11,3.2,207,63,8960.0,1,0.168,0.0,165.0,0,0.0,2,0,0.0,-1,-1,-1,-1,0.0,0.0
2026-04-09T01:00,0.0,0.0,0.0,0.0,12.6,0.5,2.9,270,100,10260.0,1,0.168,0.0,485.0,0,0.0,3,0,0.0,-1,-1,-1,-1,0.0,0.0
2026-04-09T02:00,0.1,1.0,0.0,0.0,13.8,1.27,4.3,312,100,11480.0,1,0.168,0.0,685.0,0,0.0,51,0,0.0,-1,-1,-1,-1,0.0,0.0
2026-04-09T03:00,0.0,0.0,0.0,0.0,14.6,1.14,4.2,322,100,11480.0,1,0.168,0.0,755.0,0,0.0,3,0,0.0,-1,-1,-1,-1,0.0,0.0
2026-04-09T04:00,0.0,0.0,0.0,0.0,15.1,0.92,4.1,331,100,12220.0,1,0.167,0.0,805.0,0,0.0,3,0,0.0,-1,-1,-1,-1,0.0,0.0
2026-04-09T05:00,0.1,1.0,0.0,0.0,15.6,0.78,3.6,225,100,12220.0,1,0.167,10.0,610.0,0,0.0,51,0,0.0,-1,-1,-1,-1,0.0,0.0
2026-04-09T06:00,0.0,0.0,0.0,0.0,14.9,0.42,4.1,135,100,12220.0,1,0.177,0.0,685.0,0,0.0,3,0,0.0,-1,-1,-1,-1,0.0,0.0
2026-04-09T07:00,0.0,0.0,0.0,0.0,15.6,1.1,4.0,141,95,12220.0,1,0.177,0.0,845.0,0,0.0,3,0,0.0,-1,-1,-1,-1,0.0,0.0
2026-04-09T08:00,0.0,0.0,0.0,0.0,16.0,0.7,3.6,94,98,12220.0,1,0.176,0.0,915.0,0,0.0,3,0,0.0,-1,-1,-1,-1,0.0,0.0
2026-04-09T09:00,0.0,0.0,0.0,0.0,16.0,0.43,3.0,126,85,12220.0,1,0.175,0.0,705.0,0,0.0,3,0,0.0,-1,-1,-1,-1,0.0,0.0
2026-04-09T10:00,0.0,0.0,0.0,0.0,15.5,1.03,2.5,119,48,12220.0,1,0.175,0.0,240.0,0,0.0,1,0,0.0,-1,-1,-1,-1,0.0,0.0
2026-04-09T11:00,0.1,1.0,0.0,0.0,13.5,1.63,2.7,140,5,11460.0,0,0.175,0.0,100.0,0,0.0,51,0,0.0,-1,-1,-1,-1,0.0,0.0
2026-04-09T12:00,0.0,0.0,0.0,0.0,12.5,1.99,2.8,25,100,10260.0,0,0.177,70.0,75.0,0,0.0,3,0,0.0,-1,-1,-1,-1,0.0,0.0
2026-04-09T13:00,0.0,0.0,0.0,0.0,13.5,2.26,4.6,35,100,11460.0,0,0.177,0.0,165.0,0,0.0,3,0,0.0,-1,-1,-1,-1,0.0,0.0
2026-04-09T14:00,0.0,0.0,0.0,0.0,13.5,0.96,4.0,137,23,11460.0,0,0.177,0.0,75.0,0,0.0,1,0,0.0,-1,-1,-1,-1,0.0,0.0
2026-04-09T15:00,0.0,0.0,0.0,0.0,12.1,0.51,1.9,151,8,10220.0,0,0.177,0.0,25.0,0,0.0,0,0,0.0,-1,-1,-1,-1,0.0,0.0
2026-04-09T16:00,0.0,0.0,0.0,0.0,11.0,0.25,0.6,349,21,10220.0,0,0.177,0.0,15.0,0,0.0,1,0,0.0,-1,-1,-1,-1,0.0,0.0
2026-04-09T17:00,0.0,0.0,0.0,0.0,10.2,0.64,0.9,321,8,9380.0,0,0.177,0.0,20.0,0,0.0,0,0,0.0,-1,-1,-1,-1,0.0,0.0
2026-04-09T18:00,0.0,0.0,0.0,0.0,10.3,1.26,1.1,277,0,9300.0,0,0.174,0.0,30.0,0,0.0,0,0,0.0,-1,-1,-1,-1,0.0,0.0
2026-04-09T19:00,0.0,0.0,0.0,0.0,10.1,1.8,2.9,251,0,8280.0,0,0.174,0.0,55.0,0,0.0,0,0,0.0,-1,-1,-1,-1,0.0,0.0
2026-04-09T20:00,0.0,0.0,0.0,0.0,10.5,2.55,4.4,259,0,8300.0,0,0.174,0.0,100.0,0,0.0,0,0,0.0,-1,-1,-1,-1,0.0,0.0
2026-04-09T21:00,0.0,0.0,0.0,0.0,10.4,2.5,4.5,269,0,8300.0,0,0.174,0.0,125.0,0,0.0,0,0,0.0,-1,-1,-1,-1,0.0,0.0
2026-04-09T22:00,0.0,0.0,0.0,0.0,10.3,2.7,4.6,273,0,8300.0,1,0.175,0.0,140.0,0,0.0,0,0,0.0,-1,-1,-1,-1,0.0,0.0
2026-04-09T23:00,0.0,0.0,0.0,0.0,11.4,3.26,5.4,275,0,9420.0,1,0.175,0.0,155.0,0,0.0,0,0,0.0,-1,-1,-1,-1,0.0,0.0
2026-04-10T00:00,0.0,0.0,0.0,0.0,13.0,3.06,5.8,255,0,9420.0,1,0.174,0.0,170.0,0,0.0,0,0,0.0,-1,-1,-1,-1,0.0,0.0
2026-04-10T01:00,0.0,0.0,0.0,0.0,16.2,2.29,5.6,250,0,11460.0,1,0.173,20.0,240.0,0,0.0,0,0,0.0,-1,-1,-1,-1,0.0,0.0
2026-04-10T02:00,0.0,0.0,0.0,0.0,19.4,3.12,6.7,258,0,12820.0,1,0.172,140.0,480.0,0,0.0,0,0,0.0,-1,-1,-1,-1,0.0,0.0
2026-04-10T03:00,0.0,0.0,0.0,0.0,21.4,3.47,7.5,258,0,13320.0,1,0.169,20.0,855.0,0,0.0,0,0,0.0,-1,-1,-1,-1,0.0,0.0
2026-04-10T04:00,0.0,0.0,0.0,0.0,22.9,3.66,7.9,256,0,14320.0,1,0.167,0.0,975.0,0,0.0,0,0,0.0,-1,-1,-1,-1,0.0,0.0
2026-04-10T05:00,0.0,0.0,0.0,0.0,24.0,3.66,8.1,256,0,14480.0,1,0.164,0.0,1010.0,0,0.0,0,0,0.0,-1,-1,-1,-1,0.0,0.0
2026-04-10T06:00,0.0,0.0,0.0,0.0,24.8,3.56,7.9,241,0,14480.0,1,0.161,20.0,1370.0,0,0.0,0,0,0.0,-1,-1,-1,-1,0.0,0.0
2026-04-10T07:00,0.0,0.0,0.0,0.0,25.1,3.04,7.4,243,0,14480.0,1,0.158,0.0,1515.0,0,0.0,0,0,0.0,-1,-1,-1,-1,0.0,0.0
2026-04-10T08:00,0.0,0.0,0.0,0.0,24.8,2.4,6.1,211,0,14480.0,1,0.156,0.0,895.0,0,0.0,0,0,0.0,-1,-1,-1,-1,0.0,0.0
2026-04-10T09:00,0.0,0.0,0.0,0.0,23.2,2.67,4.6,201,0,14300.0,1,0.154,0.0,335.0,0,0.0,0,0,0.0,-1,-1,-1,-1,0.0,0.0
2026-04-10T10:00,0.0,0.0,0.0,0.0,20.5,2.5,4.7,200,0,14300.0,1,0.153,0.0,125.0,0,0.0,0,0,0.0,-1,-1,-1,-1,0.0,0.0
2026-04-10T11:00,0.0,0.0,0.0,0.0,18.6,3.11,5.2,204,0,14300.0,0,0.153,0.0,135.0,0,0.0,0,0,0.0,-1,-1,-1,-1,0.0,0.0
2026-04-10T12:00,0.0,0.0,0.0,0.0,18.3,4.23,6.9,207,0,13300.0,0,0.148,0.0,320.0,0,0.0,0,0,0.0,-1,-1,-1,-1,0.0,0.0
2026-04-10T13:00,0.0,0.0,0.0,0.0,18.1,4.37,7.8,210,0,13300.0,0,0.147,0.0,380.0,0,0.0,0,0,0.0,-1,-1,-1,-1,0.0,0.0
2026-04-10T14:00,0.0,0.0,0.0,0.0,17.3,3.87,7.6,204,1,12800.0,0,0.147,0.0,335.0,0,0.0,0,0,0.0,-1,-1,-1,-1,0.0,0.0
2026-04-10T15:00,0.0,0.0,0.0,0.0,16.6,3.57,6.7,202,51,12800.0,0,0.147,0.0,295.0,0,0.0,2,0,0.0,-1,-1,-1,-1,0.0,0.0
2026-04-10T16:00,0.0,0.0,0.0,0.0,15.9,3.49,6.2,199,13,12200.0,0,0.146,0.0,240.0,0,0.0,0,0,0.0,-1,-1,-1,-1,0.0,0.0
2026-04-10T17:00,0.0,0.0,0.0,0.0,15.2,3.11,6.0,199,0,12200.0,0,0.146,0.0,165.0,0,0.0,0,0,0.0,-1,-1,-1,-1,0.0,0.0
2026-04-10T18:00,0.0,0.0,0.0,0.0,14.0,2.39,5.3,200,0,11460.0,0,0.148,0.0,95.0,0,0.0,0,0,0.0,-1,-1,-1,-1,0.0,0.0
2026-04-10T19:00,0.0,0.0,0.0,0.0,12.5,2.12,4.1,188,20,11460.0,0,0.148,0.0,80.0,0,0.0,1,0,0.0,-1,-1,-1,-1,0.0,0.0
2026-04-10T20:00,0.0,0.0,0.0,0.0,12.0,0.63,3.5,252,5,11460.0,0,0.149,0.0,35.0,0,0.0,0,0,0.0,-1,-1,-1,-1,0.0,0.0
2026-04-10T21:00,0.0,0.0,0.0,0.0,11.6,2.71,5.3,52,0,10240.0,0,0.149,0.0,85.0,0,0.0,0,0,0.0,-1,-1,-1,-1,0.0,0.0
2026-04-10T22:00,0.0,0.0,0.0,0.0,11.3,2.53,4.9,99,0,9420.0,1,0.149,0.0,95.0,0,0.0,0,0,0.0,-1,-1,-1,-1,0.0,0.0
2026-04-10T23:00,0.0,0.0,0.0,0.0,12.5,2.8,4.7,131,0,10240.0,1,0.149,0.0,95.0,0,0.0,0,0,0.0,-1,-1,-1,-1,0.0,0.0
2026-04-11T00:00,0.0,0.0,0.0,0.0,15.0,2.67,5.0,157,0,11440.0,1,0.142,0.0,115.0,0,0.0,0,0,0.0,-1,-1,-1,-1,0.0,0.0
2026-04-11T01:00,0.0,0.0,0.0,0.0,18.0,1.77,4.8,164,0,11440.0,1,0.141,0.0,185.0,0,0.0,0,0,0.0,-1,-1,-1,-1,0.0,0.0
2026-04-11T02:00,0.0,0.0,0.0,0.0,20.8,2.25,5.6,163,0,12180.0,1,0.14,10.0,345.0,0,0.0,0,0,0.0,-1,-1,-1,-1,0.0,0.0
2026-04-11T03:00,0.0,0.0,0.0,0.0,22.9,2.8,6.6,161,0,12800.0,1,0.138,20.0,605.0,0,0.0,0,0,0.0,-1,-1,-1,-1,0.0,0.0
2026-04-11T04:00,0.0,0.0,0.0,0.0,24.3,3.01,7.0,148,100,13300.0,1,0.136,0.0,895.0,0,0.0,3,0,0.0,-1,-1,-1,-1,0.0,0.0
2026-04-11T05:00,0.0,0.0,0.0,0.0,25.4,2.98,7.0,145,85,14280.0,1,0.134,0.0,975.0,0,0.0,3,0,0.0,-1,-1,-1,-1,0.0,0.0
2026-04-11T06:00,0.0,0.0,0.0,0.0,25.8,3.28,7.4,142,80,14280.0,1,0.131,0.0,1075.0,0,0.0,3,0,0.0,-1,-1,-1,-1,0.0,0.0
2026-04-11T07:00,0.0,0.0,0.0,0.0,25.7,3.65,7.6,144,96,14280.0,1,0.129,0.0,1165.0,0,0.0,3,0,0.0,-1,-1,-1,-1,0.0,0.0
2026-04-11T08:00,0.0,0.0,0.0,0.0,25.2,3.63,7.6,146,99,13280.0,1,0.128,10.0,1190.0,0,0.0,3,0,0.0,-1,-1,-1,-1,0.0,0.0
2026-04-11T09:00,0.0,0.0,0.0,0.0,24.4,3.19,7.1,145,99,13280.0,1,0.127,110.0,1060.0,0,0.0,3,0,0.0,-1,-1,-1,-1,0.0,0.0
2026-04-11T10:00,0.0,0.0,0.0,0.0,22.5,3.28,5.9,149,100,12780.0,1,0.126,100.0,405.0,0,0.0,3,0,0.0,-1,-1,-1,-1,0.0,0.0
2026-04-11T11:00,0.0,0.0,0.0,0.0,20.8,3.72,6.4,158,100,12780.0,0,0.126,10.0,365.0,0,0.0,3,0,0.0,-1,-1,-1,-1,0.0,0.0
2026-04-11T12:00,0.0,0.0,0.0,0.0,19.5,3.46,6.9,160,100,12780.0,0,0.109,0.0,300.0,0,0.0,3,0,0.0,-1,-1,-1,-1,0.0,0.0
2026-04-11T13:00,0.0,0.0,0.0,0.0,18.8,3.75,6.4,167,100,12780.0,0,0.109,0.0,335.0,0,0.0,3,0,0.0,-1,-1,-1,-1,0.0,0.0
2026-04-11T14:00,0.0,0.0,0.0,0.0,18.0,4.0,7.0,180,100,12780.0,0,0.109,0.0,385.0,0,0.0,3,0,0.0,-1,-1,-1,-1,0.0,0.0
2026-04-11T15:00,0.0,0.0,0.0,0.0,17.7,4.42,7.7,190,97,12780.0,0,0.109,0.0,475.0,0,0.0,3,0,0.0,-1,-1,-1,-1,0.0,0.0
2026-04-11T16:00,0.0,0.0,0.0,0.0,17.3,4.36,7.8,198,35,12780.0,0,0.108,0.0,500.0,0,0.0,1,0,0.0,-1,-1,-1,-1,0.0,0.0
2026-04-11T17:00,0.0,0.0,0.0,0.0,16.9,4.6,8.1,199,88,12180.0,0,0.108,0.0,490.0,0,0.0,3,0,0.0,-1,-1,-1,-1,0.0,0.0
2026-04-11T18:00,0.0,0.0,0.0,0.0,16.3,4.05,8.1,200,84,12180.0,0,0.112,0.0,415.0,0,0.0,3,0,0.0,-1,-1,-1,-1,0.0,0.0
2026-04-11T19:00,0.0,0.0,0.0,0.0,15.9,4.55,8.0,195,92,12180.0,0,0.112,0.0,415.0,0,0.0,3,0,0.0,-1,-1,-1,-1,0.0,0.0
2026-04-11T20:00,0.0,0.0,0.0,0.0,15.6,4.82,8.6,190,77,11440.0,0,0.112,0.0,385.0,0,0.0,2,0,0.0,-1,-1,-1,-1,0.0,0.0
2026-04-11T21:00,0.0,0.0,0.0,0.0,15.1,4.85,8.7,188,72,12180.0,0,0.112,0.0,345.0,0,0.0,2,0,0.0,-1,-1,-1,-1,0.0,0.0
2026-04-11T22:00,0.0,0.0,0.0,0.0,14.5,4.76,8.6,189,11,12180.0,1,0.111,0.0,330.0,0,0.0,0,0,0.0,-1,-1,-1,-1,0.0,0.0
2026-04-11T23:00,0.0,0.0,0.0,0.0,14.8,4.49,8.5,192,2,12180.0,1,0.111,0.0,325.0,0,0.0,0,0,0.0,-1,-1,-1,-1,0.0,0.0
2026-04-12T00:00,0.0,0.0,0.0,0.0,16.3,3.92,8.0,191,7,12180.0,1,0.104,0.0,380.0,0,0.0,0,0,0.0,-1,-1,-1,-1,0.0,0.0
2026-04-12T01:00,0.0,0.0,0.0,0.0,18.3,3.86,8.3,201,12,12180.0,1,0.104,0.0,455.0,0,0.0,0,0,0.0,-1,-1,-1,-1,0.0,0.0
2026-04-12T02:00,0.0,0.0,0.0,0.0,20.4,3.43,8.0,203,6,12780.0,1,0.104,0.0,570.0,0,0.0,0,0,0.0,-1,-1,-1,-1,0.0,0.0
2026-04-12T03:00,0.0,0.0,0.0,0.0,22.3,3.0,7.6,206,0,12780.0,1,0.103,10.0,665.0,0,0.0,0,0,0.0,-1,-1,-1,-1,0.0,0.0
2026-04-12T04:00,0.0,0.0,0.0,0.0,23.8,3.13,7.4,197,50,13260.0,1,0.102,40.0,695.0,0,0.0,2,0,0.0,-1,-1,-1,-1,0.0,0.0
2026-04-12T05:00,0.0,0.0,0.0,0.0,24.9,2.82,7.4,187,98,13260.0,1,0.101,40.0,790.0,0,0.0,3,0,0.0,-1,-1,-1,-1,0.0,0.0
2026-04-12T06:00,0.0,0.0,0.0,0.0,25.3,1.92,6.8,173,60,13260.0,1,0.102,20.0,990.0,0,0.0,2,0,0.0,-1,-1,-1,-1,0.0,0.0
2026-04-12T07:00,0.0,0.0,0.0,0.0,25.5,1.97,5.2,156,19,14240.0,1,0.1,20.0,1115.0,0,0.0,0,0,0.0,-1,-1,-1,-1,0.0,0.0
2026-04-12T08:00,0.0,0.0,0.0,0.0,25.4,2.25,5.1,148,7,14240.0,1,0.1,20.0,1195.0,0,0.0,0,0,0.0,-1,-1,-1,-1,0.0,0.0
2026-04-12T09:00,0.0,0.0,0.0,0.0,24.7,2.23,5.1,140,17,14240.0,1,0.099,10.0,1205.0,0,0.0,0,0,0.0,-1,-1,-1,-1,0.0,0.0
2026-04-12T10:00,0.0,0.0,0.0,0.0,22.5,1.63,4.2,130,19,13260.0,1,0.099,30.0,155.0,0,0.0,0,0,0.0,-1,-1,-1,-1,0.0,0.0
2026-04-12T11:00,0.0,0.0,0.0,0.0,20.0,1.74,2.9,131,30,12760.0,0,0.099,30.0,70.0,0,0.0,1,0,0.0,-1,-1,-1,-1,0.0,0.0
2026-04-12T12:00,0.0,0.0,0.0,0.0,18.7,1.67,2.5,129,32,12760.0,0,0.096,10.0,45.0,0,0.0,1,0,0.0,-1,-1,-1,-1,0.0,0.0
2026-04-12T13:00,0.0,0.0,0.0,0.0,18.1,1.84,3.0,147,98,12160.0,0,0.096,0.0,60.0,0,0.0,3,0,0.0,-1,-1,-1,-1,0.0,0.0
2026-04-12T14:00,0.0,0.0,0.0,0.0,18.2,2.05,3.4,167,100,12160.0,0,0.096,180.0,70.0,0,0.0,3,0,0.0,-1,-1,-1,-1,0.0,0.0
2026-04-12T15:00,0.0,0.0,0.0,0.0,18.1,2.75,4.6,179,100,12160.0,0,0.096,370.0,105.0,0,0.0,3,0,0.0,-1,-1,-1,-1,0.0,0.0
2026-04-12T16:00,0.0,0.0,0.0,0.0,18.0,2.77,4.9,187,100,11420.0,0,0.096,360.0,120.0,0,0.0,3,0,0.0,-1,-1,-1,-1,0.0,0.0
2026-04-12T17:00,0.0,0.0,0.0,0.0,17.7,2.96,4.9,202,100,11420.0,0,0.096,300.0,185.0,0,0.0,3,0,0.0,-1,-1,-1,-1,0.0,0.0
2026-04-12T18:00,0.0,0.0,0.0,0.0,17.8,2.64,5.4,209,100,11420.0,0,0.095,210.0,245.0,0,0.0,3,0,0.0,-1,-1,-1,-1,0.0,0.0
2026-04-12T19:00,0.0,0.0,0.0,0.0,17.2,3.0,5.1,198,100,11420.0,0,0.095,180.0,300.0,0,0.0,3,0,0.0,-1,-1,-1,-1,0.0,0.0
2026-04-12T20:00,0.0,0.0,0.0,0.0,16.7,2.92,5.2,211,100,11420.0,0,0.095,190.0,315.0,0,0.0,3,0,0.0,-1,-1,-1,-1,0.0,0.0
2026-04-12T21:00,0.0,0.0,0.0,0.0,16.5,2.57,5.1,193,100,11420.0,0,0.095,190.0,265.0,0,0.0,3,0,0.0,-1,-1,-1,-1,0.0,0.0
2026-04-12T22:00,0.0,0.0,0.0,0.0,16.1,2.57,4.5,187,100,11420.0,1,0.095,160.0,200.0,0,0.0,3,0,0.0,-1,-1,-1,-1,0.0,0.0
2026-04-12T23:00,0.0,0.0,0.0,0.0,16.6,2.08,4.7,190,100,11420.0,1,0.095,120.0,175.0,0,0.0,3,0,0.0,-1,-1,-1,-1,0.0,0.0
2026-04-13T00:00,0.0,0.0,0.0,0.0,17.4,1.61,4.8,175,100,11420.0,1,0.1,110.0,170.0,0,0.0,3,0,0.0,-1,-1,-1,-1,0.0,0.0
2026-04-13T01:00,0.0,0.0,0.0,0.0,19.2,1.16,4.8,173,78,12160.0,1,0.1,100.0,290.0,0,0.0,2,0,0.0,-1,-1,-1,-1,0.0,0.0
2026-04-13T02:00,0.2,1.0,0.0,0.0,20.2,2.46,6.1,84,90,12160.0,1,0.102,150.0,695.0,0,0.0,51,0,0.0,-1,-1,-1,-1,0.0,0.0
2026-04-13T03:00,0.0,0.0,0.0,0.0,21.3,1.2,6.0,138,100,12760.0,1,0.101,120.0,950.0,0,0.0,3,0,0.0,-1,-1,-1,-1,0.0,0.0
2026-04-13T04:00,0.0,0.0,0.0,0.0,21.5,0.92,4.2,112,65,12740.0,1,0.101,90.0,1150.0,0,0.0,2,0,0.0,-1,-1,-1,-1,0.0,0.0
2026-04-13T05:00,0.0,0.0,0.0,0.0,22.4,1.41,5.8,84,99,12740.0,1,0.1,130.0,1305.0,0,0.0,3,0,0.0,-1,-1,-1,-1,0.0,0.0
2026-04-13T06:00,0.0,0.0,0.0,0.0,19.6,3.64,6.3,46,80,12740.0,1,0.106,0.0,585.0,0,0.0,3,0,0.0,-1,-1,-1,-1,0.0,0.0
2026-04-13T07:00,0.0,0.0,0.0,0.0,19.5,3.55,8.3,51,100,12740.0,1,0.106,0.0,580.0,0,0.0,3,0,0.0,-1,-1,-1,-1,0.0,0.0
2026-04-13T08:00,0.0,0.0,0.0,0.0,19.1,3.39,7.8,59,100,12740.0,1,0.105,0.0,510.0,0,0.0,3,0,0.0,-1,-1,-1,-1,0.0,0.0
2026-04-13T09:00,0.0,0.0,0.0,0.0,18.5,3.3,7.1,58,99,12740.0,1,0.105,0.0,465.0,0,0.0,3,0,0.0,-1,-1,-1,-1,0.0,0.0
2026-04-13T10:00,0.0,0.0,0.0,0.0,17.5,3.12,6.8,55,100,12740.0,1,0.104,0.0,370.0,0,0.0,3,0,0.0,-1,-1,-1,-1,0.0,0.0
2026-04-13T11:00,0.0,0.0,0.0,0.0,16.3,2.64,5.9,61,100,12740.0,0,0.104,0.0,260.0,0,0.0,3,0,0.0,-1,-1,-1,-1,0.0,0.0
2026-04-13T12:00,0.0,0.0,0.0,0.0,15.5,2.19,4.8,45,85,12140.0,0,0.12,0.0,155.0,0,0.0,3,0,0.0,-1,-1,-1,-1,0.0,0.0
2026-04-13T13:00,0.0,0.0,0.0,0.0,14.6,2.59,4.5,50,98,12140.0,0,0.12,0.0,145.0,0,0.0,3,0,0.0,-1,-1,-1,-1,0.0,0.0
2026-04-13T14:00,0.0,0.0,0.0,0.0,13.7,2.24,4.6,51,100,11420.0,0,0.12,0.0,140.0,0,0.0,3,0,0.0,-1,-1,-1,-1,0.0,0.0
2026-04-13T15:00,0.0,0.0,0.0,0.0,12.8,1.57,3.9,63,100,11420.0,0,0.12,0.0,115.0,0,0.0,3,0,0.0,-1,-1,-1,-1,0.0,0.0
2026-04-13T16:00,0.0,0.0,0.0,0.0,12.2,1.48,2.7,57,100,11420.0,0,0.12,0.0,95.0,0,0.0,3,0,0.0,-1,-1,-1,-1,0.0,0.0
2026-04-13T17:00,0.0,0.0,0.0,0.0,11.4,1.28,2.7,59,97,11420.0,0,0.12,0.0,75.0,0,0.0,3,0,0.0,-1,-1,-1,-1,0.0,0.0
2026-04-13T18:00,0.0,0.0,0.0,0.0,11.3,1.43,2.2,78,100,11420.0,0,0.112,0.0,80.0,0,0.0,3,0,0.0,-1,-1,-1,-1,0.0,0.0
2026-04-13T19:00,0.0,0.0,0.0,0.0,11.3,1.65,3.0,93,100,11420.0,0,0.112,0.0,100.0,0,0.0,3,0,0.0,-1,-1,-1,-1,0.0,0.0
2026-04-13T20:00,0.0,0.0,0.0,0.0,10.7,1.25,2.9,95,100,11420.0,0,0.112,0.0,80.0,0,0.0,3,0,0.0,-1,-1,-1,-1,0.0,0.0
2026-04-13T21:00,0.0,0.0,0.0,0.0,10.6,1.58,2.7,101,100,10240.0,0,0.112,0.0,80.0,0,0.0,3,0,0.0,-1,-1,-1,-1,0.0,0.0
2026-04-13T22:00,0.0,0.0,0.0,0.0,10.3,1.3,2.9,86,100,10240.0,1,0.112,0.0,70.0,0,0.0,3,0,0.0,-1,-1,-1,-1,0.0,0.0
2026-04-13T23:00,0.0,0.0,0.0,0.0,11.4,1.44,3.0,76,100,10240.0,1,0.112,0.0,90.0,0,0.0,3,0,0.0,-1,-1,-1,-1,0.0,0.0
2026-04-14T00:00,0.0,0.0,0.0,0.0,13.0,0.6,2.8,90,84,11420.0,1,0.119,0.0,125.0,0,0.0,3,0,0.0,-1,-1,-1,-1,0.0,0.0
2026-04-14T01:00,0.0,0.0,0.0,0.0,15.6,0.6,3.2,138,77,12140.0,1,0.118,0.0,205.0,0,0.0,2,0,0.0,-1,-1,-1,-1,0.0,0.0
2026-04-14T02:00,0.0,0.0,0.0,0.0,17.9,0.5,3.5,174,66,12140.0,1,0.118,0.0,335.0,0,0.0,2,0,0.0,-1,-1,-1,-1,0.0,0.0
2026-04-14T03:00,0.0,0.0,0.0,0.0,19.8,0.43,3.5,249,20,12140.0,1,0.116,0.0,545.0,0,0.0,1,0,0.0,-1,-1,-1,-1,0.0,0.0
2026-04-14T04:00,0.0,0.0,0.0,0.0,21.3,0.81,4.0,210,17,12720.0,1,0.115,50.0,755.0,0,0.0,0,0,0.0,-1,-1,-1,-1,0.0,0.0
2026-04-14T05:00,0.0,0.0,0.0,0.0,22.7,2.01,5.6,186,34,12720.0,1,0.114,330.0,915.0,0,0.0,1,0,0.0,-1,-1,-1,-1,0.0,0.0
2026-04-14T06:00,0.0,0.0,0.0,0.0,23.2,2.08,6.4,190,73,12720.0,1,0.122,540.0,1155.0,0,0.0,2,0,0.0,-1,-1,-1,-1,0.0,0.0
2026-04-14T07:00,0.0,0.0,0.0,0.0,24.0,1.39,6.2,201,46,13220.0,1,0.121,570.0,1435.0,0,0.0,1,0,0.0,-1,-1,-1,-1,0.0,0.0
2026-04-14T08:00,0.0,0.0,0.0,0.0,24.2,1.84,5.5,193,30,13220.0,1,0.12,270.0,1515.0,0,0.0,1,0,0.0,-1,-1,-1,-1,0.0,0.0
2026-04-14T09:00,0.0,0.0,0.0,0.0,24.0,1.95,4.5,206,40,13220.0,1,0.119,270.0,1500.0,0,0.0,1,0,0.0,-1,-1,-1,-1,0.0,0.0
2026-04-14T10:00,0.0,0.0,0.0,0.0,23.3,0.05,3.4,180,11,13220.0,1,0.118,340.0,20.0,0,0.0,0,0,0.0,-1,-1,-1,-1,0.0,0.0
2026-04-14T11:00,0.0,0.0,0.0,0.0,20.4,1.13,1.3,131,1,12720.0,0,0.118,360.0,55.0,0,0.0,0,0,0.0,-1,-1,-1,-1,0.0,0.0
2026-04-14T12:00,0.0,0.0,0.0,0.0,18.3,1.5,2.7,94,31,12120.0,0,0.118,210.0,55.0,0,0.0,1,0,0.0,-1,-1,-1,-1,0.0,0.0
2026-04-14T13:00,0.0,0.0,0.0,0.0,17.2,1.01,2.5,99,49,12120.0,0,0.118,230.0,40.0,0,0.0,1,0,0.0,-1,-1,-1,-1,0.0,0.0
2026-04-14T14:00,0.0,0.0,0.0,0.0,16.0,1.54,2.6,54,18,11400.0,0,0.118,230.0,50.0,0,0.0,0,0,0.0,-1,-1,-1,-1,0.0,0.0
2026-04-14T15:00,0.0,0.0,0.0,0.0,15.4,2.74,4.7,72,38,10220.0,0,0.118,250.0,80.0,0,0.0,1,0,0.0,-1,-1,-1,-1,0.0,0.0
2026-04-14T16:00,0.0,0.0,0.0,0.0,14.5,2.43,4.8,98,85,9400.0,0,0.118,250.0,70.0,0,0.0,3,0,0.0,-1,-1,-1,-1,0.0,0.0
2026-04-14T17:00,0.0,0.0,0.0,0.0,13.8,2.24,4.2,129,49,9400.0,0,0.118,0.0,55.0,0,0.0,1,0,0.0,-1,-1,-1,-1,0.0,0.0
2026-04-14T18:00,0.0,0.0,0.0,0.0,13.4,1.84,3.9,151,38,9400.0,0,0.116,0.0,40.0,0,0.0,1,0,0.0,-1,-1,-1,-1,0.0,0.0
2026-04-14T19:00,0.0,0.0,0.0,0.0,13.4,1.98,3.4,159,4,9400.0,0,0.116,0.0,50.0,0,0.0,0,0,0.0,-1,-1,-1,-1,0.0,0.0
2026-04-14T20:00,0.0,0.0,0.0,0.0,12.9,1.64,3.4,142,0,9400.0,0,0.116,0.0,55.0,0,0.0,0,0,0.0,-1,-1,-1,-1,0.0,0.0
2026-04-14T21:00,0.0,0.0,0.0,0.0,12.4,0.49,2.7,135,0,9400.0,0,0.116,0.0,35.0,0,0.0,0,0,0.0,-1,-1,-1,-1,0.0,0.0
2026-04-14T22:00,0.0,0.0,0.0,0.0,11.8,0.92,1.1,131,0,9400.0,1,0.116,0.0,40.0,0,0.0,0,0,0.0,-1,-1,-1,-1,0.0,0.0
2026-04-14T23:00,0.0,0.0,0.0,0.0,13.3,2.01,3.2,153,0,9400.0,1,0.116,0.0,70.0,0,0.0,0,0,0.0,-1,-1,-1,-1,0.0,0.0
2026-04-15T00:00,0.0,0.0,0.0,0.0,15.2,1.05,3.8,177,0,10220.0,1,0.111,0.0,125.0,0,0.0,0,0,0.0,-1,-1,-1,-1,0.0,0.0
2026-04-15T01:00,0.0,0.0,0.0,0.0,17.8,0.97,3.6,192,0,11400.0,1,0.11,0.0,230.0,0,0.0,0,0,0.0,-1,-1,-1,-1,0.0,0.0
2026-04-15T02:00,0.0,0.0,0.0,0.0,20.2,1.27,4.3,191,0,12700.0,1,0.11,50.0,380.0,0,0.0,0,0,0.0,-1,-1,-1,-1,0.0,0.0
2026-04-15T03:00,0.0,0.0,0.0,0.0,22.2,1.52,4.9,189,0,12700.0,1,0.108,120.0,655.0,0,0.0,0,0,0.0,-1,-1,-1,-1,0.0,0.0
2026-04-15T04:00,0.0,0.0,0.0,0.0,23.7,2.32,5.9,187,30,13200.0,1,0.107,90.0,950.0,0,0.0,1,0,0.0,-1,-1,-1,-1,0.0,0.0
2026-04-15T05:00,0.0,0.0,0.0,0.0,24.7,2.88,6.9,188,98,13200.0,1,0.106,60.0,1135.0,0,0.0,3,0,0.0,-1,-1,-1,-1,0.0,0.0
2026-04-15T06:00,0.0,0.0,0.0,0.0,24.7,2.8,6.9,180,100,13180.0,1,0.114,10.0,1260.0,0,0.0,3,0,0.0,-1,-1,-1,-1,0.0,0.0
2026-04-15T07:00,0.0,0.0,0.0,0.0,24.9,3.21,7.0,184,100,14140.0,1,0.113,20.0,1425.0,0,0.0,3,0,0.0,-1,-1,-1,-1,0.0,0.0
2026-04-15T08:00,0.0,0.0,0.0,0.0,24.9,3.6,7.3,181,100,14140.0,1,0.112,20.0,1590.0,0,0.0,3,0,0.0,-1,-1,-1,-1,0.0,0.0
2026-04-15T09:00,0.0,0.0,0.0,0.0,24.3,3.31,7.2,175,100,14140.0,1,0.111,10.0,1690.0,0,0.0,3,0,0.0,-1,-1,-1,-1,0.0,0.0
2026-04-15T10:00,0.0,0.0,0.0,0.0,22.6,2.25,6.1,176,100,13180.0,1,0.11,10.0,375.0,0,0.0,3,0,0.0,-1,-1,-1,-1,0.0,0.0
2026-04-15T11:00,0.0,0.0,0.0,0.0,20.4,1.91,4.0,185,100,12700.0,0,0.11,0.0,165.0,0,0.0,3,0,0.0,-1,-1,-1,-1,0.0,0.0
2026-04-15T12:00,0.0,0.0,0.0,0.0,19.0,1.71,3.1,187,100,12700.0,0,0.108,0.0,95.0,0,0.0,3,0,0.0,-1,-1,-1,-1,0.0,0.0
2026-04-15T13:00,0.0,0.0,0.0,0.0,17.7,2.0,3.2,193,100,12120.0,0,0.108,0.0,90.0,0,0.0,3,0,0.0,-1,-1,-1,-1,0.0,0.0
2026-04-15T14:00,0.0,0.0,0.0,0.0,17.7,2.26,3.9,193,100,12120.0,0,0.108,0.0,115.0,0,0.0,3,0,0.0,-1,-1,-1,-1,0.0,0.0
2026-04-15T15:00,0.0,0.0,0.0,0.0,17.4,1.95,3.9,177,100,12100.0,0,0.108,0.0,90.0,0,0.0,3,0,0.0,-1,-1,-1,-1,0.0,0.0
2026-04-15T16:00,0.0,0.0,0.0,0.0,16.8,2.12,3.5,172,100,12100.0,0,0.107,0.0,85.0,0,0.0,3,0,0.0,-1,-1,-1,-1,0.0,0.0
2026-04-15T17:00,0.0,0.0,0.0,0.0,17.2,2.69,4.6,165,100,12100.0,0,0.107,0.0,110.0,0,0.0,3,0,0.0,-1,-1,-1,-1,0.0,0.0
2026-04-15T18:00,0.0,0.0,0.0,0.0,17.2,2.43,5.1,166,100,11400.0,0,0.108,0.0,115.0,0,0.0,3,0,0.0,-1,-1,-1,-1,0.0,0.0
2026-04-15T19:00,0.0,0.0,0.0,0.0,17.2,3.07,5.3,168,100,11380.0,0,0.108,0.0,175.0,0,0.0,3,0,0.0,-1,-1,-1,-1,0.0,0.0
2026-04-15T20:00,0.0,0.0,0.0,0.0,17.1,3.18,5.6,173,100,11400.0,0,0.108,0.0,215.0,0,0.0,3,0,0.0,-1,-1,-1,-1,0.0,0.0
2026-04-15T21:00,0.0,0.0,0.0,0.0,17.0,3.4,5.9,181,100,11380.0,0,0.107,0.0,300.0,0,0.0,3,0,0.0,-1,-1,-1,-1,0.0,0.0
2026-04-15T22:00,0.0,0.0,0.0,0.0,16.7,3.02,5.9,173,100,11380.0,1,0.107,0.0,255.0,0,0.0,3,0,0.0,-1,-1,-1,-1,0.0,0.0
2026-04-15T23:00,0.0,0.0,0.0,0.0,16.8,2.27,5.2,188,99,11380.0,1,0.107,100.0,250.0,0,0.0,3,0,0.0,-1,-1,-1,-1,0.0,0.0
2026-04-16T00:00,0.0,0.0,0.0,0.0,18.4,2.77,4.1,160,98,11380.0,1,0.104,30.0,320.0,0,0.0,3,0,0.0,-1,-1,-1,-1,0.0,0.0
2026-04-16T01:00,0.0,0.0,0.0,0.0,19.2,3.46,6.6,169,100,12100.0,1,0.104,70.0,540.0,0,0.0,3,0,0.0,-1,-1,-1,-1,0.0,0.0
2026-04-16T02:00,0.0,0.0,0.0,0.0,19.3,3.59,6.8,193,98,12100.0,1,0.104,0.0,765.0,0,0.0,3,0,0.0,-1,-1,-1,-1,0.0,0.0
2026-04-16T03:00,0.0,0.0,0.0,0.0,20.0,4.26,8.7,185,100,12100.0,1,0.103,0.0,935.0,0,0.0,3,0,0.0,-1,-1,-1,-1,0.0,0.0
2026-04-16T04:00,0.4,0.0,0.0,0.0,18.6,4.42,8.8,185,100,2420.0,1,0.107,0.0,675.0,0,0.0,51,1,0.4,11,0,6,70,0.735,0.196
2026-04-16T05:00,3.5,0.286,0.0,0.0,16.8,3.13,8.4,163,100,1960.0,1,0.153,0.0,520.0,0,0.0,81,1,2.5,11,1,5,70,0.735,0.367
2026-04-16T06:00,4.1,0.049,0.0,0.0,16.3,3.02,5.7,161,100,2040.0,1,0.228,10.0,525.0,0,0.0039,81,1,3.9,11,2,4,70,0.735,0.225
2026-04-16T07:00,2.1,0.095,0.0,0.0,15.9,3.61,6.5,163,100,2720.0,1,0.257,10.0,615.0,0,0.0014,80,1,1.9,11,3,3,70,0.735,0.253
2026-04-16T08:00,1.3,0.154,0.0,0.0,15.9,2.97,6.3,147,100,2800.0,1,0.274,60.0,545.0,0,0.0023,80,1,1.1,11,4,2,70,0.735,0.288
2026-04-16T09:00,0.8,0.0,0.0,0.0,15.8,2.87,5.5,133,100,3820.0,1,0.284,30.0,520.0,0,0.0,53,1,0.8,11,5,1,70,0.735,0.196
2026-04-16T10:00,0.2,0.0,0.0,0.0,16.1,3.33,5.7,139,100,6520.0,1,0.285,20.0,505.0,0,0.0,51,0,0.2,-1,-1,-1,-1,0.0,0.0
2026-04-16T11:00,0.0,0.0,0.0,0.0,15.3,3.4,6.1,139,100,9400.0,0,0.284,200.0,340.0,0,0.0,3,0,0.0,-1,-1,-1,-1,0.0,0.0
2026-04-16T12:00,0.0,0.0,0.0,0.0,14.5,2.62,5.8,145,23,9360.0,0,0.25,0.0,280.0,0,0.0,1,0,0.0,-1,-1,-1,-1,0.0,0.0
2026-04-16T13:00,0.0,0.0,0.0,0.0,14.0,2.66,4.5,154,6,10220.0,0,0.25,0.0,220.0,0,0.0,0,0,0.0,-1,-1,-1,-1,0.0,0.0
2026-04-16T14:00,0.0,0.0,0.0,0.0,13.1,1.91,4.5,175,52,10220.0,0,0.249,330.0,150.0,0,0.0,2,0,0.0,-1,-1,-1,-1,0.0,0.0
2026-04-16T15:00,0.0,0.0,0.0,0.0,12.5,1.07,3.1,191,96,11400.0,0,0.249,560.0,70.0,0,0.0,3,0,0.0,-1,-1,-1,-1,0.0,0.0
2026-04-16T16:00,0.0,0.0,0.0,0.0,12.2,1.61,2.6,206,2,10240.0,0,0.249,710.0,75.0,0,0.0,0,0,0.0,-1,-1,-1,-1,0.0,0.0
2026-04-16T17:00,0.0,0.0,0.0,0.0,11.8,1.5,2.6,201,0,10220.0,0,0.249,690.0,55.0,0,0.0,0,0,0.0,-1,-1,-1,-1,0.0,0.0
2026-04-16T18:00,0.0,0.0,0.0,0.0,12.8,1.07,2.4,233,24,10240.0,0,0.248,710.0,45.0,0,0.0,1,0,0.0,-1,-1,-1,-1,0.0,0.0
2026-04-16T19:00,0.0,0.0,0.0,0.0,12.8,0.47,1.3,238,100,10240.0,0,0.248,660.0,30.0,0,0.0,3,0,0.0,-1,-1,-1,-1,0.0,0.0
2026-04-16T20:00,0.0,0.0,0.0,0.0,12.4,0.9,1.3,183,75,9420.0,0,0.247,610.0,30.0,0,0.0,2,0,0.0,-1,-1,-1,-1,0.0,0.0
2026-04-16T21:00,0.0,0.0,0.0,0.0,11.5,1.16,1.9,187,63,8320.0,0,0.247,560.0,30.0,0,0.0,2,0,0.0,-1,-1,-1,-1,0.0,0.0
2026-04-16T22:00,0.0,0.0,0.0,0.0,11.9,1.3,2.1,180,69,8340.0,1,0.247,530.0,35.0,0,0.0,2,0,0.0,-1,-1,-1,-1,0.0,0.0
2026-04-16T23:00,0.0,0.0,0.0,0.0,13.3,1.66,2.8,185,97,8340.0,1,0.247,500.0,45.0,0,0.0,3,0,0.0,-1,-1,-1,-1,0.0,0.0
2026-04-17T00:00,0.0,0.0,0.0,0.0,14.5,1.76,3.9,165,100,9420.0,1,0.252,610.0,135.0,0,0.0,3,0,0.0,-1,-1,-1,-1,0.0,0.0
2026-04-17T01:00,0.0,0.0,0.0,0.0,16.0,1.65,3.9,177,100,10240.0,1,0.251,470.0,200.0,0,0.0,3,0,0.0,-1,-1,-1,-1,0.0,0.0
2026-04-17T02:00,0.0,0.0,0.0,0.0,17.9,2.06,4.9,184,96,11400.0,1,0.25,460.0,420.0,0,0.0,3,0,0.0,-1,-1,-1,-1,0.0,0.0
2026-04-17T03:00,0.0,0.0,0.0,0.0,20.2,3.29,6.9,208,55,12120.0,1,0.248,700.0,750.0,0,0.0,2,0,0.0,-1,-1,-1,-1,0.0,0.0
2026-04-17T04:00,0.0,0.0,0.0,0.0,21.9,2.59,7.6,208,7,12120.0,1,0.245,1070.0,800.0,0,0.0,0,0,0.0,-1,-1,-1,-1,0.0,0.0
2026-04-17T05:00,0.0,0.0,0.0,0.0,23.3,2.5,6.3,196,2,12120.0,1,0.241,1460.0,840.0,0,0.0,0,0,0.0,-1,-1,-1,-1,0.0,0.0
2026-04-17T06:00,0.0,0.0,0.0,0.0,24.2,2.47,6.2,188,2,12700.0,1,0.243,1640.0,895.0,0,0.0,0,0,0.0,-1,-1,-1,-1,0.0,0.0
2026-04-17T07:00,0.0,0.0,0.0,0.0,25.1,2.33,5.8,189,0,12700.0,1,0.239,1650.0,965.0,0,0.0,0,0,0.0,-1,-1,-1,-1,0.0,0.0
2026-04-17T08:00,0.0,0.0,0.0,0.0,25.5,2.06,5.2,176,0,13180.0,1,0.237,1620.0,980.0,0,0.0,0,0,0.0,-1,-1,-1,-1,0.0,0.0
2026-04-17T09:00,0.0,0.0,0.0,0.0,24.8,2.24,4.2,151,0,12700.0,1,0.235,1910.0,575.0,0,0.0,0,0,0.0,-1,-1,-1,-1,0.0,0.0
2026-04-17T10:00,0.0,0.0,0.0,0.0,22.7,3.11,5.4,152,0,12120.0,1,0.234,1730.0,240.0,0,0.0,0,0,0.0,-1,-1,-1,-1,0.0,0.0
2026-04-17T11:00,0.0,0.0,0.0,0.0,20.9,3.68,6.2,158,0,12120.0,0,0.233,1450.0,245.0,0,0.0,0,0,0.0,-1,-1,-1,-1,0.0,0.0
2026-04-17T12:00,0.0,0.0,0.0,0.0,20.1,3.99,7.3,172,0,11400.0,0,0.226,1820.0,310.0,0,0.0,0,0,0.0,-1,-1,-1,-1,0.0,0.0
2026-04-17T13:00,0.0,0.0,0.0,0.0,19.8,4.05,7.2,181,0,11400.0,0,0.226,1530.0,325.0,0,0.0,0,0,0.0,-1,-1,-1,-1,0.0,0.0
2026-04-17T14:00,0.0,0.0,0.0,0.0,18.9,3.41,7.0,183,0,11400.0,0,0.226,1240.0,270.0,0,0.0,0,0,0.0,-1,-1,-1,-1,0.0,0.0
2026-04-17T15:00,0.0,0.0,0.0,0.0,18.0,3.05,5.9,178,0,10240.0,0,0.225,870.0,220.0,0,0.0,0,0,0.0,-1,-1,-1,-1,0.0,0.0
2026-04-17T16:00,0.0,0.0,0.0,0.0,17.1,2.75,5.2,178,0,10240.0,0,0.225,390.0,200.0,0,0.0,0,0,0.0,-1,-1,-1,-1,0.0,0.0
2026-04-17T17:00,0.0,0.0,0.0,0.0,16.5,2.9,5.0,180,0,11400.0,0,0.225,30.0,200.0,0,0.0,0,0,0.0,-1,-1,-1,-1,0.0,0.0
2026-04-17T18:00,0.0,0.0,0.0,0.0,16.4,3.16,5.5,185,0,11400.0,0,0.221,0.0,225.0,0,0.0,0,0,0.0,-1,-1,-1,-1,0.0,0.0
2026-04-17T19:00,0.0,0.0,0.0,0.0,16.5,3.65,6.2,189,0,11420.0,0,0.221,0.0,260.0,0,0.0,0,0,0.0,-1,-1,-1,-1,0.0,0.0
2026-04-17T20:00,0.0,0.0,0.0,0.0,16.2,3.61,6.3,199,0,11400.0,0,0.22,0.0,285.0,0,0.0,0,0,0.0,-1,-1,-1,-1,0.0,0.0
2026-04-17T21:00,0.0,0.0,0.0,0.0,15.9,3.42,6.2,205,0,11420.0,0,0.22,0.0,270.0,0,0.0,0,0,0.0,-1,-1,-1,-1,0.0,0.0
2026-04-17T22:00,0.0,0.0,0.0,0.0,15.4,3.0,5.9,204,0,11420.0,1,0.22,0.0,215.0,0,0.0,0,0,0.0,-1,-1,-1,-1,0.0,0.0
2026-04-17T23:00,0.0,0.0,0.0,0.0,16.4,3.23,5.4,199,0,11420.0,1,0.22,0.0,245.0,0,0.0,0,0,0.0,-1,-1,-1,-1,0.0,0.0
2026-04-18T00:00,0.0,0.0,0.0,0.0,18.5,3.82,5.9,186,0,11420.0,1,0.228,100.0,350.0,0,0.0,0,0,0.0,-1,-1,-1,-1,0.0,0.0
2026-04-18T01:00,0.0,0.0,0.0,0.0,21.0,3.97,7.7,191,0,11420.0,1,0.227,970.0,455.0,0,0.0,0,0,0.0,-1,-1,-1,-1,0.0,0.0
2026-04-18T02:00,0.0,0.0,0.0,0.0,23.3,4.55,9.1,192,0,12120.0,1,0.224,1750.0,655.0,0,0.0,0,0,0.0,-1,-1,-1,-1,0.0,0.0
2026-04-18T03:00,0.0,0.0,0.0,0.0,25.1,5.19,10.3,196,0,12700.0,1,0.221,1530.0,880.0,0,0.0,0,0,0.0,-1,-1,-1,-1,0.0,0.0
2026-04-18T04:00,0.0,0.0,0.0,0.0,26.4,5.6,10.9,196,0,14120.0,1,0.217,720.0,1115.0,0,0.0,0,0,0.0,-1,-1,-1,-1,0.0,0.0
2026-04-18T05:00,0.0,0.0,0.0,0.0,27.0,5.64,11.0,193,0,14120.0,1,0.212,510.0,1350.0,0,0.0,0,0,0.0,-1,-1,-1,-1,0.0,0.0
2026-04-18T06:00,0.0,0.0,0.0,0.0,26.7,6.07,11.7,189,0,14120.0,1,0.21,710.0,1580.0,0,0.0,0,0,0.0,-1,-1,-1,-1,0.0,0.0
2026-04-18T07:00,0.0,0.0,0.0,0.0,26.6,6.08,11.6,186,0,14120.0,1,0.206,770.0,1610.0,0,0.0,0,0,0.0,-1,-1,-1,-1,0.0,0.0
2026-04-18T08:00,0.0,0.0,0.0,0.0,26.1,5.65,11.6,182,2,13180.0,1,0.203,990.0,1585.0,0,0.0,0,0,0.0,-1,-1,-1,-1,0.0,0.0
2026-04-18T09:00,0.0,0.0,0.0,0.0,25.0,5.15,10.4,179,2,13180.0,1,0.2,1050.0,1415.0,0,0.0,0,0,0.0,-1,-1,-1,-1,0.0,0.0
2026-04-18T10:00,0.0,0.0,0.0,0.0,23.6,4.87,9.3,175,0,13180.0,1,0.199,620.0,930.0,0,0.0,0,0,0.0,-1,-1,-1,-1,0.0,0.0
2026-04-18T11:00,0.0,0.0,0.0,0.0,22.3,5.3,9.4,169,0,13180.0,0,0.198,60.0,655.0,0,0.0,0,0,0.0,-1,-1,-1,-1,0.0,0.0
2026-04-18T12:00,0.0,0.0,0.0,0.0,21.2,5.61,10.4,171,0,13180.0,0,0.194,0.0,665.0,0,0.0,0,0,0.0,-1,-1,-1,-1,0.0,0.0
2026-04-18T13:00,0.0,0.0,0.0,0.0,21.1,5.98,10.8,175,0,13180.0,0,0.193,0.0,650.0,0,0.0,0,0,0.0,-1,-1,-1,-1,0.0,0.0
2026-04-18T14:00,0.0,0.0,0.0,0.0,20.5,5.8,10.6,178,0,13180.0,0,0.192,0.0,600.0,0,0.0,0,0,0.0,-1,-1,-1,-1,0.0,0.0
2026-04-18T15:00,0.0,0.0,0.0,0.0,19.9,5.45,10.3,182,0,13180.0,0,0.191,0.0,565.0,0,0.0,0,0,0.0,-1,-1,-1,-1,0.0,0.0
2026-04-18T16:00,0.0,0.0,0.0,0.0,19.4,5.51,9.8,183,0,13180.0,0,0.19,0.0,555.0,0,0.0,0,0,0.0,-1,-1,-1,-1,0.0,0.0
2026-04-18T17:00,0.0,0.0,0.0,0.0,19.0,5.47,9.7,189,0,13180.0,0,0.189,0.0,545.0,0,0.0,0,0,0.0,-1,-1,-1,-1,0.0,0.0
2026-04-18T18:00,0.0,0.0,0.0,0.0,18.5,5.3,10.1,188,21,13180.0,0,0.192,0.0,590.0,0,0.0,1,0,0.0,-1,-1,-1,-1,0.0,0.0
2026-04-18T19:00,0.0,0.0,0.0,0.0,18.4,5.58,9.9,192,13,12720.0,0,0.191,0.0,610.0,0,0.0,0,0,0.0,-1,-1,-1,-1,0.0,0.0
2026-04-18T20:00,0.0,0.0,0.0,0.0,18.2,5.8,10.3,193,20,12720.0,0,0.191,0.0,620.0,0,0.0,1,0,0.0,-1,-1,-1,-1,0.0,0.0
2026-04-18T21:00,0.0,0.0,0.0,0.0,17.8,5.82,10.4,189,89,12140.0,0,0.19,0.0,590.0,0,0.0,3,0,0.0,-1,-1,-1,-1,0.0,0.0
2026-04-18T22:00,0.0,0.0,0.0,0.0,17.6,6.08,10.9,186,100,12140.0,1,0.19,0.0,565.0,0,0.0,3,0,0.0,-1,-1,-1,-1,0.0,0.0
2026-04-18T23:00,0.0,0.0,0.0,0.0,18.0,6.05,11.0,187,100,12140.0,1,0.189,0.0,575.0,0,0.0,3,0,0.0,-1,-1,-1,-1,0.0,0.0
2026-04-19T00:00,0.0,0.0,0.0,0.0,18.7,4.55,11.1,181,91,11420.0,1,0.191,0.0,610.0,0,0.0,3,0,0.0,-1,-1,-1,-1,0.0,0.0
2026-04-19T01:00,0.0,0.0,0.0,0.0,20.1,5.77,11.1,176,96,12140.0,1,0.19,0.0,665.0,0,0.0,3,0,0.0,-1,-1,-1,-1,0.0,0.0
2026-04-19T02:00,0.0,0.0,0.0,0.0,21.8,6.11,11.9,183,55,12140.0,1,0.188,10.0,780.0,0,0.0,2,0,0.0,-1,-1,-1,-1,0.0,0.0
2026-04-19T03:00,0.0,0.0,0.0,0.0,23.4,6.0,12.2,191,60,12720.0,1,0.185,20.0,905.0,0,0.0,2,0,0.0,-1,-1,-1,-1,0.0,0.0
2026-04-19T04:00,0.0,0.0,0.0,0.0,24.9,5.57,11.8,196,95,12720.0,1,0.182,170.0,990.0,0,0.0,3,0,0.0,-1,-1,-1,-1,0.0,0.0
2026-04-19T05:00,0.0,0.0,0.0,0.0,25.9,5.22,11.1,198,74,13200.0,1,0.178,410.0,1110.0,0,0.0,2,0,0.0,-1,-1,-1,-1,0.0,0.0
2026-04-19T06:00,0.0,0.0,0.0,0.0,26.2,4.37,10.4,220,100,13200.0,1,0.181,380.0,1395.0,0,0.0,3,0,0.0,-1,-1,-1,-1,0.0,0.0
2026-04-19T07:00,0.0,0.0,0.0,0.0,26.2,4.7,8.9,258,100,13200.0,1,0.179,690.0,1700.0,0,0.0,3,0,0.0,-1,-1,-1,-1,0.0,0.0
2026-04-19T08:00,1.4,0.786,0.0,0.0,19.8,9.49,16.5,326,100,3200.0,1,0.193,20.0,940.0,0,0.001,80,1,0.3,12,0,2,2,0.67,0.65
2026-04-19T09:00,0.5,0.0,0.0,0.0,18.0,7.68,18.3,345,100,9980.0,1,0.198,30.0,1250.0,0,0.0,53,1,0.5,12,1,1,2,0.67,0.179
2026-04-19T10:00,0.0,0.0,0.0,0.0,17.7,5.64,13.8,350,100,12140.0,1,0.197,0.0,1135.0,0,0.0,3,0,0.0,-1,-1,-1,-1,0.0,0.0
2026-04-19T11:00,0.1,0.0,0.0,0.0,16.4,4.51,10.3,356,100,3860.0,0,0.198,0.0,1025.0,0,0.0,51,0,0.1,-1,-1,-1,-1,0.0,0.0
2026-04-19T12:00,0.9,0.0,0.0,0.0,14.7,3.58,8.0,78,100,4700.0,0,0.221,0.0,345.0,0,0.0,53,1,0.9,13,0,1,310,0.0,0
2026-04-19T13:00,0.1,0.0,0.0,0.0,13.6,3.22,6.8,66,100,9820.0,0,0.222,0.0,270.0,0,0.0,51,0,0.1,-1,-1,-1,-1,0.0,0.0
2026-04-19T14:00,0.0,0.0,0.0,0.0,13.4,2.27,5.4,68,100,10280.0,0,0.222,0.0,255.0,0,0.0,3,0,0.0,-1,-1,-1,-1,0.0,0.0
2026-04-19T15:00,0.0,0.0,0.0,0.0,13.1,2.26,4.1,96,100,10280.0,0,0.222,0.0,205.0,0,0.0,3,0,0.0,-1,-1,-1,-1,0.0,0.0
2026-04-19T16:00,0.0,0.0,0.0,0.0,11.6,1.35,4.0,121,100,10280.0,0,0.222,0.0,90.0,0,0.0,3,0,0.0,-1,-1,-1,-1,0.0,0.0
2026-04-19T17:00,0.0,0.0,0.0,0.0,11.5,0.07,1.9,315,100,10280.0,0,0.222,10.0,10.0,0,0.0,3,0,0.0,-1,-1,-1,-1,0.0,0.0
2026-04-19T18:00,0.0,0.0,0.0,0.0,10.8,1.78,2.9,302,46,9460.0,0,0.224,10.0,100.0,0,0.0,1,0,0.0,-1,-1,-1,-1,0.0,0.0
2026-04-19T19:00,0.0,0.0,0.0,0.0,10.3,4.2,6.9,335,0,14300.0,0,0.224,0.0,380.0,0,0.0,0,0,0.0,-1,-1,-1,-1,0.0,0.0
2026-04-19T20:00,0.0,0.0,0.0,0.0,9.5,4.67,7.6,347,4,14300.0,0,0.223,0.0,430.0,0,0.0,0,0,0.0,-1,-1,-1,-1,0.0,0.0
2026-04-19T21:00,0.0,0.0,0.0,0.0,8.5,3.17,9.2,12,2,14120.0,0,0.222,0.0,155.0,0,0.0,0,0,0.0,-1,-1,-1,-1,0.0,0.0
2026-04-19T22:00,0.0,0.0,0.0,0.0,6.7,0.95,5.3,360,2,13200.0,1,0.222,0.0,35.0,0,0.0,0,0,0.0,-1,-1,-1,-1,0.0,0.0
2026-04-19T23:00,0.0,0.0,0.0,0.0,8.1,0.92,1.5,311,0,12720.0,1,0.222,0.0,20.0,0,0.0,0,0,0.0,-1,-1,-1,-1,0.0,0.0
2026-04-20T00:00,0.0,0.0,0.0,0.0,11.3,0.69,1.9,240,0,12720.0,1,0.219,0.0,85.0,0,0.0,0,0,0.0,-1,-1,-1,-1,0.0,0.0
2026-04-20T01:00,0.0,0.0,0.0,0.0,13.2,1.01,3.3,189,0,14120.0,1,0.217,0.0,370.0,0,0.0,0,0,0.0,-1,-1,-1,-1,0.0,0.0
2026-04-20T02:00,0.0,0.0,0.0,0.0,14.8,1.63,4.7,223,0,14300.0,1,0.215,0.0,830.0,0,0.0,0,0,0.0,-1,-1,-1,-1,0.0,0.0
2026-04-20T03:00,0.0,0.0,0.0,0.0,16.1,1.82,5.1,238,0,14300.0,1,0.212,0.0,990.0,0,0.0,0,0,0.0,-1,-1,-1,-1,0.0,0.0
2026-04-20T04:00,0.0,0.0,0.0,0.0,17.1,2.36,5.9,238,0,14300.0,1,0.208,0.0,1090.0,0,0.0,0,0,0.0,-1,-1,-1,-1,0.0,0.0
2026-04-20T05:00,0.0,0.0,0.0,0.0,17.9,3.03,7.0,239,0,14420.0,1,0.204,0.0,1135.0,0,0.0,0,0,0.0,-1,-1,-1,-1,0.0,0.0
2026-04-20T06:00,0.0,0.0,0.0,0.0,18.8,3.44,7.3,237,0,14420.0,1,0.201,0.0,1205.0,0,0.0,0,0,0.0,-1,-1,-1,-1,0.0,0.0
2026-04-20T07:00,0.0,0.0,0.0,0.0,19.0,3.5,7.5,233,2,14420.0,1,0.198,0.0,1080.0,0,0.0,0,0,0.0,-1,-1,-1,-1,0.0,0.0
2026-04-20T08:00,0.0,0.0,0.0,0.0,19.2,2.84,7.3,231,2,14420.0,1,0.195,0.0,840.0,0,0.0,0,0,0.0,-1,-1,-1,-1,0.0,0.0
2026-04-20T09:00,0.0,0.0,0.0,0.0,18.6,2.31,5.6,219,0,14120.0,1,0.193,0.0,590.0,0,0.0,0,0,0.0,-1,-1,-1,-1,0.0,0.0
2026-04-20T10:00,0.0,0.0,0.0,0.0,16.3,2.62,4.6,193,22,14120.0,1,0.192,0.0,240.0,0,0.0,1,0,0.0,-1,-1,-1,-1,0.0,0.0
2026-04-20T11:00,0.0,0.0,0.0,0.0,14.4,2.84,4.7,194,52,14120.0,0,0.191,0.0,140.0,0,0.0,2,0,0.0,-1,-1,-1,-1,0.0,0.0
2026-04-20T12:00,0.0,0.0,0.0,0.0,13.4,3.53,5.9,201,88,13200.0,0,0.189,0.0,250.0,0,0.0,3,0,0.0,-1,-1,-1,-1,0.0,0.0
2026-04-20T13:00,0.0,0.0,0.0,0.0,13.2,4.03,7.0,205,91,13200.0,0,0.189,0.0,390.0,0,0.0,3,0,0.0,-1,-1,-1,-1,0.0,0.0
2026-04-20T14:00,0.0,0.0,0.0,0.0,12.7,4.14,7.3,203,50,12720.0,0,0.188,0.0,355.0,0,0.0,2,0,0.0,-1,-1,-1,-1,0.0,0.0
2026-04-20T15:00,0.0,0.0,0.0,0.0,12.1,4.17,7.3,199,100,12720.0,0,0.188,0.0,305.0,0,0.0,3,0,0.0,-1,-1,-1,-1,0.0,0.0
2026-04-20T16:00,0.0,0.0,0.0,0.0,11.9,4.3,7.5,198,100,12720.0,0,0.188,0.0,320.0,0,0.0,3,0,0.0,-1,-1,-1,-1,0.0,0.0
2026-04-20T17:00,0.0,0.0,0.0,0.0,11.7,4.17,7.6,199,100,12720.0,0,0.187,0.0,295.0,0,0.0,3,0,0.0,-1,-1,-1,-1,0.0,0.0
2026-04-20T18:00,0.0,0.0,0.0,0.0,11.5,3.61,7.3,199,100,12720.0,0,0.19,0.0,265.0,0,0.0,3,0,0.0,-1,-1,-1,-1,0.0,0.0
2026-04-20T19:00,0.0,0.0,0.0,0.0,11.5,3.65,6.4,197,100,12720.0,0,0.19,0.0,235.0,0,0.0,3,0,0.0,-1,-1,-1,-1,0.0,0.0
2026-04-20T20:00,0.0,0.0,0.0,0.0,11.1,3.76,6.5,197,100,12720.0,0,0.19,0.0,235.0,0,0.0,3,0,0.0,-1,-1,-1,-1,0.0,0.0
2026-04-20T21:00,0.0,0.0,0.0,0.0,11.0,3.72,6.7,200,100,12720.0,0,0.189,0.0,240.0,0,0.0,3,0,0.0,-1,-1,-1,-1,0.0,0.0
2026-04-20T22:00,0.0,0.0,0.0,0.0,11.0,3.25,6.5,203,100,12720.0,1,0.189,0.0,220.0,0,0.0,3,0,0.0,-1,-1,-1,-1,0.0,0.0
2026-04-20T23:00,0.0,0.0,0.0,0.0,11.5,2.84,5.6,208,100,12720.0,1,0.188,0.0,210.0,0,0.0,3,0,0.0,-1,-1,-1,-1,0.0,0.0
2026-04-21T00:00,0.0,0.0,0.0,0.0,12.5,3.53,5.5,201,100,12720.0,1,0.19,0.0,285.0,0,0.0,3,0,0.0,-1,-1,-1,-1,0.0,0.0
2026-04-21T01:00,0.0,0.0,0.0,0.0,13.4,3.02,6.2,199,100,12720.0,1,0.189,0.0,305.0,0,0.0,3,0,0.0,-1,-1,-1,-1,0.0,0.0
2026-04-21T02:00,0.0,0.0,0.0,0.0,15.0,3.39,6.9,202,100,12720.0,1,0.188,0.0,370.0,0,0.0,3,0,0.0,-1,-1,-1,-1,0.0,0.0
2026-04-21T03:00,0.0,0.0,0.0,0.0,17.2,3.92,8.2,203,100,13200.0,1,0.187,0.0,495.0,0,0.0,3,0,0.0,-1,-1,-1,-1,0.0,0.0
2026-04-21T04:00,0.0,0.0,0.0,0.0,18.6,4.3,8.8,205,100,13200.0,1,0.184,0.0,600.0,0,0.0,3,0,0.0,-1,-1,-1,-1,0.0,0.0
2026-04-21T05:00,0.0,0.0,0.0,0.0,19.1,5.29,10.4,202,100,14120.0,1,0.182,0.0,720.0,0,0.0,3,0,0.0,-1,-1,-1,-1,0.0,0.0
2026-04-21T06:00,0.0,0.0,0.0,0.0,18.6,5.39,10.7,205,100,14120.0,1,0.179,0.0,740.0,0,0.0,3,0,0.0,-1,-1,-1,-1,0.0,0.0
2026-04-21T07:00,0.0,0.0,0.0,0.0,18.0,5.39,10.4,202,100,13200.0,1,0.177,0.0,720.0,0,0.0,3,0,0.0,-1,-1,-1,-1,0.0,0.0
2026-04-21T08:00,0.0,0.0,0.0,0.0,17.1,5.34,10.4,195,100,13200.0,1,0.175,0.0,690.0,0,0.0,3,0,0.0,-1,-1,-1,-1,0.0,0.0
2026-04-21T09:00,0.0,0.0,0.0,0.0,16.2,5.8,10.5,203,100,13200.0,1,0.174,0.0,725.0,0,0.0,3,0,0.0,-1,-1,-1,-1,0.0,0.0
2026-04-21T10:00,0.0,0.0,0.0,0.0,15.4,5.77,10.8,206,100,13200.0,1,0.173,0.0,740.0,0,0.0,3,0,0.0,-1,-1,-1,-1,0.0,0.0
2026-04-21T11:00,0.0,0.0,0.0,0.0,14.9,5.68,10.4,208,100,13200.0,0,0.172,0.0,640.0,0,0.0,3,0,0.0,-1,-1,-1,-1,0.0,0.0
2026-04-21T12:00,0.0,0.0,0.0,0.0,14.2,5.17,10.2,213,100,12740.0,0,0.175,0.0,575.0,0,0.0,3,0,0.0,-1,-1,-1,-1,0.0,0.0
2026-04-21T13:00,0.0,0.0,0.0,0.0,13.7,4.72,9.4,214,100,12740.0,0,0.174,0.0,515.0,0,0.0,3,0,0.0,-1,-1,-1,-1,0.0,0.0
2026-04-21T14:00,0.0,0.0,0.0,0.0,13.1,4.29,8.4,212,100,12740.0,0,0.174,0.0,495.0,0,0.0,3,0,0.0,-1,-1,-1,-1,0.0,0.0
2026-04-21T15:00,0.0,0.0,0.0,0.0,12.6,4.12,7.7,203,100,12160.0,0,0.173,0.0,440.0,0,0.0,3,0,0.0,-1,-1,-1,-1,0.0,0.0
2026-04-21T16:00,0.0,0.0,0.0,0.0,12.0,3.76,7.3,194,98,12160.0,0,0.173,0.0,320.0,0,0.0,3,0,0.0,-1,-1,-1,-1,0.0,0.0
2026-04-21T17:00,0.0,0.0,0.0,0.0,11.2,3.68,6.6,192,2,11460.0,0,0.173,0.0,265.0,0,0.0,0,0,0.0,-1,-1,-1,-1,0.0,0.0
2026-04-21T18:00,0.0,0.0,0.0,0.0,10.1,3.01,6.5,184,0,11460.0,0,0.176,0.0,220.0,0,0.0,0,0,0.0,-1,-1,-1,-1,0.0,0.0
2026-04-21T19:00,0.0,0.0,0.0,0.0,9.6,3.08,5.3,193,0,10300.0,0,0.176,0.0,215.0,0,0.0,0,0,0.0,-1,-1,-1,-1,0.0,0.0
2026-04-21T20:00,0.0,0.0,0.0,0.0,9.4,3.55,6.2,190,0,9500.0,0,0.176,0.0,240.0,0,0.0,0,0,0.0,-1,-1,-1,-1,0.0,0.0
2026-04-21T21:00,0.0,0.0,0.0,0.0,9.1,2.97,6.2,186,22,9500.0,0,0.176,0.0,195.0,0,0.0,1,0,0.0,-1,-1,-1,-1,0.0,0.0
2026-04-21T22:00,0.0,0.0,0.0,0.0,8.9,2.92,5.2,186,11,8420.0,1,0.176,0.0,180.0,0,0.0,0,0,0.0,-1,-1,-1,-1,0.0,0.0
2026-04-21T23:00,0.0,0.0,0.0,0.0,10.0,3.06,5.1,191,23,9500.0,1,0.176,0.0,195.0,0,0.0,1,0,0.0,-1,-1,-1,-1,0.0,0.0
2026-04-22T00:00,0.0,0.0,0.0,0.0,12.2,2.45,5.1,192,5,11460.0,1,0.175,0.0,250.0,0,0.0,0,0,0.0,-1,-1,-1,-1,0.0,0.0
2026-04-22T01:00,0.0,0.0,0.0,0.0,14.2,1.96,5.4,199,11,12160.0,1,0.174,0.0,305.0,0,0.0,0,0,0.0,-1,-1,-1,-1,0.0,0.0
2026-04-22T02:00,0.0,0.0,0.0,0.0,16.4,2.29,5.9,200,71,12740.0,1,0.173,0.0,440.0,0,0.0,2,0,0.0,-1,-1,-1,-1,0.0,0.0
2026-04-22T03:00,0.0,0.0,0.0,0.0,18.1,2.22,6.0,194,100,12740.0,1,0.171,0.0,585.0,0,0.0,3,0,0.0,-1,-1,-1,-1,0.0,0.0
2026-04-22T04:00,0.0,0.0,0.0,0.0,19.4,1.67,6.0,189,100,13200.0,1,0.168,0.0,700.0,0,0.0,3,0,0.0,-1,-1,-1,-1,0.0,0.0
2026-04-22T05:00,0.0,0.0,0.0,0.0,20.3,0.76,5.1,188,100,13200.0,1,0.166,0.0,750.0,0,0.0,3,0,0.0,-1,-1,-1,-1,0.0,0.0
2026-04-22T06:00,0.0,0.0,0.0,0.0,20.1,0.66,3.7,171,100,13200.0,1,0.168,10.0,900.0,0,0.0,3,0,0.0,-1,-1,-1,-1,0.0,0.0
2026-04-22T07:00,0.0,0.0,0.0,0.0,20.6,0.96,3.5,118,100,13200.0,1,0.166,20.0,1005.0,0,0.0,3,0,0.0,-1,-1,-1,-1,0.0,0.0
2026-04-22T08:00,0.0,0.0,0.0,0.0,20.2,1.68,3.8,127,100,13220.0,1,0.165,30.0,1000.0,0,0.0,3,0,0.0,-1,-1,-1,-1,0.0,0.0
2026-04-22T09:00,0.0,0.0,0.0,0.0,19.6,2.69,5.1,145,100,12740.0,1,0.164,30.0,920.0,0,0.0,3,0,0.0,-1,-1,-1,-1,0.0,0.0
2026-04-22T10:00,0.0,0.0,0.0,0.0,18.2,1.89,5.0,148,100,12160.0,1,0.163,40.0,230.0,0,0.0,3,0,0.0,-1,-1,-1,-1,0.0,0.0
2026-04-22T11:00,0.0,0.0,0.0,0.0,16.2,1.88,3.3,151,43,12160.0,0,0.163,50.0,160.0,0,0.0,1,0,0.0,-1,-1,-1,-1,0.0,0.0
2026-04-22T12:00,0.0,0.0,0.0,0.0,14.8,2.22,4.1,157,0,12160.0,0,0.157,0.0,100.0,0,0.0,0,0,0.0,-1,-1,-1,-1,0.0,0.0
2026-04-22T13:00,0.0,0.0,0.0,0.0,13.8,1.89,3.7,143,71,11460.0,0,0.157,0.0,70.0,0,0.0,2,0,0.0,-1,-1,-1,-1,0.0,0.0
2026-04-22T14:00,0.0,0.0,0.0,0.0,13.1,1.87,3.0,160,95,11460.0,0,0.157,0.0,70.0,0,0.0,3,0,0.0,-1,-1,-1,-1,0.0,0.0
2026-04-22T15:00,0.0,0.0,0.0,0.0,12.8,1.95,3.3,177,98,10320.0,0,0.157,0.0,75.0,0,0.0,3,0,0.0,-1,-1,-1,-1,0.0,0.0
2026-04-22T16:00,0.0,0.0,0.0,0.0,12.3,1.74,3.3,192,100,10320.0,0,0.157,0.0,80.0,0,0.0,3,0,0.0,-1,-1,-1,-1,0.0,0.0
2026-04-22T17:00,0.0,0.0,0.0,0.0,12.4,1.75,2.9,183,100,10320.0,0,0.157,70.0,75.0,0,0.0,3,0,0.0,-1,-1,-1,-1,0.0,0.0
2026-04-22T18:00,0.0,0.0,0.0,0.0,12.5,1.66,3.1,185,100,10320.0,0,0.155,110.0,80.0,0,0.0,3,0,0.0,-1,-1,-1,-1,0.0,0.0
2026-04-22T19:00,0.0,0.0,0.0,0.0,12.4,1.71,2.8,175,100,10320.0,0,0.155,130.0,75.0,0,0.0,3,0,0.0,-1,-1,-1,-1,0.0,0.0
2026-04-22T20:00,0.0,0.0,0.0,0.0,12.6,2.19,3.9,153,100,9520.0,0,0.155,130.0,90.0,0,0.0,3,0,0.0,-1,-1,-1,-1,0.0,0.0
2026-04-22T21:00,0.0,0.0,0.0,0.0,12.4,1.9,3.8,157,100,9520.0,0,0.156,130.0,95.0,0,0.0,3,0,0.0,-1,-1,-1,-1,0.0,0.0
2026-04-22T22:00,0.0,0.0,0.0,0.0,12.1,1.59,3.2,193,100,9520.0,1,0.156,130.0,95.0,0,0.0,3,0,0.0,-1,-1,-1,-1,0.0,0.0
2026-04-22T23:00,0.0,0.0,0.0,0.0,13.6,2.56,4.2,192,100,10320.0,1,0.156,140.0,175.0,0,0.0,3,0,0.0,-1,-1,-1,-1,0.0,0.0
2026-04-23T00:00,0.0,0.0,0.0,0.0,15.2,2.71,4.8,196,100,10320.0,1,0.159,130.0,405.0,0,0.0,3,0,0.0,-1,-1,-1,-1,0.0,0.0
2026-04-23T01:00,0.0,0.0,0.0,0.0,16.6,2.97,6.3,193,100,11480.0,1,0.158,300.0,515.0,0,0.0,3,0,0.0,-1,-1,-1,-1,0.0,0.0
2026-04-23T02:00,0.0,0.0,0.0,0.0,18.6,3.71,7.8,190,20,12180.0,1,0.157,470.0,655.0,0,0.0,1,0,0.0,-1,-1,-1,-1,0.0,0.0
2026-04-23T03:00,0.0,0.0,0.0,0.0,20.5,4.45,9.3,188,0,12740.0,1,0.156,500.0,835.0,0,0.0,0,0,0.0,-1,-1,-1,-1,0.0,0.0
2026-04-23T04:00,0.0,0.0,0.0,0.0,22.0,4.93,10.2,186,0,13220.0,1,0.153,450.0,995.0,0,0.0,0,0,0.0,-1,-1,-1,-1,0.0,0.0
2026-04-23T05:00,0.0,0.0,0.0,0.0,22.9,5.21,10.6,184,0,13220.0,1,0.151,470.0,1140.0,0,0.0,0,0,0.0,-1,-1,-1,-1,0.0,0.0
2026-04-23T06:00,0.0,0.0,0.0,0.0,23.0,5.36,11.2,184,0,13220.0,1,0.152,500.0,1170.0,0,0.0,0,0,0.0,-1,-1,-1,-1,0.0,0.0
2026-04-23T07:00,0.0,0.0,0.0,0.0,22.9,5.2,10.8,182,0,13220.0,1,0.15,560.0,1145.0,0,0.0,0,0,0.0,-1,-1,-1,-1,0.0,0.0
2026-04-23T08:00,0.0,0.0,0.0,0.0,22.6,5.21,10.4,183,0,13220.0,1,0.148,650.0,1145.0,0,0.0,0,0,0.0,-1,-1,-1,-1,0.0,0.0
2026-04-23T09:00,0.0,0.0,0.0,0.0,21.9,4.85,10.1,178,0,12740.0,1,0.147,690.0,1065.0,0,0.0,0,0,0.0,-1,-1,-1,-1,0.0,0.0
2026-04-23T10:00,0.0,0.0,0.0,0.0,20.4,4.65,8.9,179,0,12740.0,1,0.146,590.0,845.0,0,0.0,0,0,0.0,-1,-1,-1,-1,0.0,0.0
2026-04-23T11:00,0.0,0.0,0.0,0.0,19.0,5.16,9.2,177,0,12180.0,0,0.146,460.0,660.0,0,0.0,0,0,0.0,-1,-1,-1,-1,0.0,0.0
2026-04-23T12:00,0.0,0.0,0.0,0.0,18.1,5.42,10.5,185,0,12180.0,0,0.138,290.0,645.0,0,0.0,0,0,0.0,-1,-1,-1,-1,0.0,0.0
2026-04-23T13:00,0.0,0.0,0.0,0.0,17.7,5.81,10.4,188,0,12180.0,0,0.138,180.0,610.0,0,0.0,0,0,0.0,-1,-1,-1,-1,0.0,0.0
2026-04-23T14:00,0.0,0.0,0.0,0.0,17.2,6.12,11.1,188,0,12180.0,0,0.138,150.0,570.0,0,0.0,0,0,0.0,-1,-1,-1,-1,0.0,0.0
2026-04-23T15:00,0.0,0.0,0.0,0.0,16.7,5.78,11.0,195,0,12180.0,0,0.138,170.0,565.0,0,0.0,0,0,0.0,-1,-1,-1,-1,0.0,0.0
2026-04-23T16:00,0.0,0.0,0.0,0.0,16.3,5.76,10.4,197,0,12180.0,0,0.137,170.0,570.0,0,0.0,0,0,0.0,-1,-1,-1,-1,0.0,0.0
2026-04-23T17:00,0.0,0.0,0.0,0.0,16.0,6.14,11.0,196,0,12180.0,0,0.137,140.0,525.0,0,0.0,0,0,0.0,-1,-1,-1,-1,0.0,0.0
2026-04-23T18:00,0.0,0.0,0.0,0.0,15.4,5.91,11.1,199,0,12180.0,0,0.139,100.0,485.0,0,0.0,0,0,0.0,-1,-1,-1,-1,0.0,0.0
2026-04-23T19:00,0.0,0.0,0.0,0.0,15.0,5.5,10.6,205,0,12180.0,0,0.138,70.0,460.0,0,0.0,0,0,0.0,-1,-1,-1,-1,0.0,0.0
2026-04-23T20:00,0.0,0.0,0.0,0.0,14.5,5.26,9.8,201,0,11480.0,0,0.138,0.0,420.0,0,0.0,0,0,0.0,-1,-1,-1,-1,0.0,0.0
2026-04-23T21:00,0.0,0.0,0.0,0.0,14.0,5.28,9.5,197,0,11480.0,0,0.138,0.0,380.0,0,0.0,0,0,0.0,-1,-1,-1,-1,0.0,0.0
2026-04-23T22:00,0.0,0.0,0.0,0.0,13.8,5.1,9.4,196,0,11480.0,1,0.138,0.0,360.0,0,0.0,0,0,0.0,-1,-1,-1,-1,0.0,0.0
2026-04-23T23:00,0.0,0.0,0.0,0.0,14.5,5.0,9.1,196,0,11480.0,1,0.138,20.0,350.0,0,0.0,0,0,0.0,-1,-1,-1,-1,0.0,0.0
2026-04-24T00:00,0.0,0.0,0.0,0.0,16.2,4.55,9.0,192,0,11480.0,1,0.142,40.0,415.0,0,0.0,0,0,0.0,-1,-1,-1,-1,0.0,0.0
2026-04-24T01:00,0.0,0.0,0.0,0.0,17.8,4.9,9.8,194,0,12180.0,1,0.141,110.0,460.0,0,0.0,0,0,0.0,-1,-1,-1,-1,0.0,0.0
2026-04-24T02:00,0.0,0.0,0.0,0.0,19.8,5.24,10.6,190,0,12760.0,1,0.14,270.0,495.0,0,0.0,0,0,0.0,-1,-1,-1,-1,0.0,0.0
2026-04-24T03:00,0.0,0.0,0.0,0.0,21.9,5.17,10.8,192,0,12760.0,1,0.139,600.0,575.0,0,0.0,0,0,0.0,-1,-1,-1,-1,0.0,0.0
2026-04-24T04:00,0.0,0.0,0.0,0.0,23.7,5.18,10.6,195,0,13220.0,1,0.137,980.0,685.0,0,0.0,0,0,0.0,-1,-1,-1,-1,0.0,0.0
2026-04-24T05:00,0.0,0.0,0.0,0.0,25.0,5.49,11.1,190,0,13220.0,1,0.135,1220.0,755.0,0,0.0,0,0,0.0,-1,-1,-1,-1,0.0,0.0
2026-04-24T06:00,0.0,0.0,0.0,0.0,25.4,5.94,11.3,190,2,13220.0,1,0.136,1240.0,915.0,0,0.0,0,0,0.0,-1,-1,-1,-1,0.0,0.0
2026-04-24T07:00,0.0,0.0,0.0,0.0,25.4,6.24,12.0,190,100,13220.0,1,0.134,1360.0,965.0,0,0.0,3,0,0.0,-1,-1,-1,-1,0.0,0.0
2026-04-24T08:00,0.0,0.0,0.0,0.0,24.8,6.21,12.1,191,88,13220.0,1,0.132,1290.0,940.0,0,0.0,3,0,0.0,-1,-1,-1,-1,0.0,0.0
2026-04-24T09:00,0.0,0.0,0.0,0.0,23.9,5.49,11.7,190,55,13220.0,1,0.131,1280.0,900.0,0,0.0,2,0,0.0,-1,-1,-1,-1,0.0,0.0
2026-04-24T10:00,0.0,0.0,0.0,0.0,22.4,4.73,10.1,196,100,13220.0,1,0.13,1050.0,845.0,0,0.0,3,0,0.0,-1,-1,-1,-1,0.0,0.0
2026-04-24T11:00,0.0,0.0,0.0,0.0,20.9,4.17,8.6,199,100,12760.0,1,0.13,670.0,675.0,0,0.0,3,0,0.0,-1,-1,-1,-1,0.0,0.0
2026-04-24T12:00,0.0,0.0,0.0,0.0,19.6,3.46,7.8,200,100,12760.0,0,0.122,520.0,520.0,0,0.0,3,0,0.0,-1,-1,-1,-1,0.0,0.0
2026-04-24T13:00,0.0,0.0,0.0,0.0,19.5,4.21,7.3,196,100,12760.0,0,0.122,770.0,535.0,0,0.0,3,0,0.0,-1,-1,-1,-1,0.0,0.0
2026-04-24T14:00,0.0,0.0,0.0,0.0,19.0,4.62,8.2,193,100,12760.0,0,0.122,660.0,495.0,0,0.0,3,0,0.0,-1,-1,-1,-1,0.0,0.0
2026-04-24T15:00,0.0,0.0,0.0,0.0,18.3,4.9,8.7,192,77,12760.0,0,0.121,640.0,450.0,0,0.0,2,0,0.0,-1,-1,-1,-1,0.0,0.0
2026-04-24T16:00,0.0,0.0,0.0,0.0,17.7,4.69,8.8,194,0,12180.0,0,0.121,480.0,415.0,0,0.0,0,0,0.0,-1,-1,-1,-1,0.0,0.0
2026-04-24T17:00,0.0,0.0,0.0,0.0,16.7,3.96,8.3,201,5,12200.0,0,0.121,400.0,410.0,0,0.0,0,0,0.0,-1,-1,-1,-1,0.0,0.0
2026-04-24T18:00,0.0,0.0,0.0,0.0,16.2,3.76,7.4,194,3,11500.0,0,0.121,520.0,395.0,0,0.0,0,0,0.0,-1,-1,-1,-1,0.0,0.0
2026-04-24T19:00,0.0,0.0,0.0,0.0,15.8,4.04,7.2,188,0,11500.0,0,0.121,560.0,360.0,0,0.0,0,0,0.0,-1,-1,-1,-1,0.0,0.0
2026-04-24T20:00,0.0,0.0,0.0,0.0,15.4,3.83,7.2,187,0,11500.0,0,0.121,540.0,320.0,0,0.0,0,0,0.0,-1,-1,-1,-1,0.0,0.0
2026-04-24T21:00,0.0,0.0,0.0,0.0,14.8,3.55,6.8,190,0,10360.0,0,0.121,420.0,310.0,0,0.0,0,0,0.0,-1,-1,-1,-1,0.0,0.0
2026-04-24T22:00,0.0,0.0,0.0,0.0,14.6,3.93,6.8,187,0,10360.0,1,0.121,0.0,300.0,0,0.0,0,0,0.0,-1,-1,-1,-1,0.0,0.0
2026-04-24T23:00,0.0,0.0,0.0,0.0,15.4,4.57,8.2,186,0,10360.0,1,0.121,0.0,315.0,0,0.0,0,0,0.0,-1,-1,-1,-1,0.0,0.0
2026-04-25T00:00,0.0,0.0,0.0,0.0,17.1,4.78,8.9,186,0,11500.0,1,0.12,150.0,395.0,0,0.0,0,0,0.0,-1,-1,-1,-1,0.0,0.0
2026-04-25T01:00,0.0,0.0,0.0,0.0,18.9,4.63,9.6,191,0,11500.0,1,0.12,320.0,460.0,0,0.0,0,0,0.0,-1,-1,-1,-1,0.0,0.0
2026-04-25T02:00,0.0,0.0,0.0,0.0,20.8,4.19,9.4,200,0,12200.0,1,0.119,650.0,580.0,0,0.0,0,0,0.0,-1,-1,-1,-1,0.0,0.0
2026-04-25T03:00,0.0,0.0,0.0,0.0,22.7,4.32,9.1,204,0,12760.0,1,0.118,950.0,750.0,0,0.0,0,0,0.0,-1,-1,-1,-1,0.0,0.0
2026-04-25T04:00,0.0,0.0,0.0,0.0,24.5,4.89,10.1,200,0,12760.0,1,0.116,980.0,910.0,0,0.0,0,0,0.0,-1,-1,-1,-1,0.0,0.0
2026-04-25T05:00,0.0,0.0,0.0,0.0,25.6,5.69,11.4,195,54,13220.0,1,0.115,760.0,1115.0,0,0.0,2,0,0.0,-1,-1,-1,-1,0.0,0.0
2026-04-25T06:00,0.0,0.0,0.0,0.0,25.8,6.37,12.1,193,27,14140.0,1,0.118,160.0,1235.0,0,0.0,1,0,0.0,-1,-1,-1,-1,0.0,0.0
2026-04-25T07:00,0.0,0.0,0.0,0.0,25.5,6.65,12.9,190,84,14140.0,1,0.116,110.0,1230.0,0,0.0,3,0,0.0,-1,-1,-1,-1,0.0,0.0
2026-04-25T08:00,0.0,0.0,0.0,0.0,25.0,6.47,12.9,188,98,13220.0,1,0.115,220.0,1135.0,0,0.0,3,0,0.0,-1,-1,-1,-1,0.0,0.0
2026-04-25T09:00,0.0,0.0,0.0,0.0,24.2,6.16,12.3,183,100,13220.0,1,0.114,460.0,1015.0,0,0.0,3,0,0.0,-1,-1,-1,-1,0.0,0.0
2026-04-25T10:00,0.0,0.0,0.0,0.0,22.9,5.8,11.4,181,100,12760.0,1,0.114,360.0,915.0,0,0.0,3,0,0.0,-1,-1,-1,-1,0.0,0.0
2026-04-25T11:00,0.0,0.0,0.0,0.0,21.7,6.21,11.3,183,58,12760.0,1,0.113,180.0,825.0,0,0.0,2,0,0.0,-1,-1,-1,-1,0.0,0.0
2026-04-25T12:00,0.0,0.0,0.0,0.0,20.9,6.36,11.7,184,45,12760.0,0,0.114,40.0,765.0,0,0.0,1,0,0.0,-1,-1,-1,-1,0.0,0.0
2026-04-25T13:00,0.0,0.0,0.0,0.0,20.5,6.53,11.9,189,100,12760.0,0,0.114,20.0,755.0,0,0.0,3,0,0.0,-1,-1,-1,-1,0.0,0.0
2026-04-25T14:00,0.0,0.0,0.0,0.0,20.1,6.16,11.9,193,65,12760.0,0,0.114,20.0,740.0,0,0.0,2,0,0.0,-1,-1,-1,-1,0.0,0.0
2026-04-25T15:00,0.0,0.0,0.0,0.0,19.7,5.71,11.1,191,71,12760.0,0,0.113,310.0,700.0,0,0.0,2,0,0.0,-1,-1,-1,-1,0.0,0.0
2026-04-25T16:00,0.0,0.0,0.0,0.0,19.3,5.63,10.3,190,34,12760.0,0,0.113,430.0,685.0,0,0.0,1,0,0.0,-1,-1,-1,-1,0.0,0.0
2026-04-25T17:00,0.0,0.0,0.0,0.0,18.9,6.08,10.9,189,100,12200.0,0,0.113,390.0,630.0,0,0.0,3,0,0.0,-1,-1,-1,-1,0.0,0.0
2026-04-25T18:00,0.0,0.0,0.0,0.0,18.5,5.84,11.3,192,100,12200.0,0,0.116,370.0,585.0,0,0.0,3,0,0.0,-1,-1,-1,-1,0.0,0.0
2026-04-25T19:00,0.0,0.0,0.0,0.0,18.3,5.8,10.6,197,100,12200.0,0,0.116,380.0,530.0,0,0.0,3,0,0.0,-1,-1,-1,-1,0.0,0.0
2026-04-25T20:00,0.0,0.0,0.0,0.0,18.1,5.31,10.4,200,100,12200.0,0,0.116,410.0,470.0,0,0.0,3,0,0.0,-1,-1,-1,-1,0.0,0.0
2026-04-25T21:00,0.0,0.0,0.0,0.0,17.6,4.59,9.6,200,100,11500.0,0,0.116,450.0,415.0,0,0.0,3,0,0.0,-1,-1,-1,-1,0.0,0.0
2026-04-25T22:00,0.0,0.0,0.0,0.0,17.0,3.34,8.1,210,100,11500.0,1,0.116,470.0,360.0,0,0.0,3,0,0.0,-1,-1,-1,-1,0.0,0.0
2026-04-25T23:00,0.0,0.0,0.0,0.0,17.8,2.68,5.7,213,100,11520.0,1,0.116,460.0,325.0,0,0.0,3,0,0.0,-1,-1,-1,-1,0.0,0.0
2026-04-26T00:00,0.0,0.0,0.0,0.0,19.2,1.84,4.7,221,100,11520.0,1,0.117,350.0,335.0,0,0.0,3,0,0.0,-1,-1,-1,-1,0.0,0.0
2026-04-26T01:00,0.0,0.0,0.0,0.0,20.5,1.72,4.6,330,98,11520.0,1,0.116,580.0,490.0,0,0.0,3,0,0.0,-1,-1,-1,-1,0.0,0.0
2026-04-26T02:00,0.0,0.0,0.0,0.0,21.9,3.21,7.0,356,81,12200.0,1,0.115,770.0,930.0,0,0.0,3,0,0.0,-1,-1,-1,-1,0.0,0.0
2026-04-26T03:00,0.0,0.0,0.0,0.0,23.1,5.5,11.1,22,100,12760.0,1,0.115,750.0,990.0,0,0.0,3,0,0.0,-1,-1,-1,-1,0.0,0.0
2026-04-26T04:00,0.0,0.0,0.0,0.0,23.8,5.91,12.0,29,100,12780.0,1,0.114,940.0,1115.0,0,0.0,3,0,0.0,-1,-1,-1,-1,0.0,0.0
2026-04-26T05:00,0.0,0.0,0.0,0.0,23.5,5.53,12.0,33,100,12780.0,1,0.113,860.0,1185.0,0,0.0,3,0,0.0,-1,-1,-1,-1,0.0,0.0
2026-04-26T06:00,0.0,0.0,0.0,0.0,22.9,4.63,10.8,57,100,12780.0,1,0.114,650.0,1280.0,0,0.0,3,0,0.0,-1,-1,-1,-1,0.0,0.0
2026-04-26T07:00,0.0,0.0,0.0,0.0,22.5,4.15,9.2,75,100,12760.0,1,0.113,590.0,1305.0,0,0.0,3,0,0.0,-1,-1,-1,-1,0.0,0.0
2026-04-26T08:00,0.0,0.0,0.0,0.0,22.2,4.18,8.9,79,99,12780.0,1,0.112,590.0,1100.0,0,0.0,3,0,0.0,-1,-1,-1,-1,0.0,0.0
2026-04-26T09:00,0.0,0.0,0.0,0.0,22.0,3.76,8.4,73,77,12780.0,1,0.112,570.0,1065.0,0,0.0,2,0,0.0,-1,-1,-1,-1,0.0,0.0
2026-04-26T10:00,0.0,0.0,0.0,0.0,20.7,4.03,7.3,76,100,12200.0,1,0.112,560.0,600.0,0,0.0,3,0,0.0,-1,-1,-1,-1,0.0,0.0
2026-04-26T11:00,0.0,0.0,0.0,0.0,18.0,4.09,7.5,63,100,12200.0,1,0.112,380.0,330.0,0,0.0,3,0,0.0,-1,-1,-1,-1,0.0,0.0
2026-04-26T12:00,0.0,0.0,0.0,0.0,16.7,3.7,7.5,69,100,11520.0,0,0.107,300.0,250.0,0,0.0,3,0,0.0,-1,-1,-1,-1,0.0,0.0
2026-04-26T13:00,0.0,0.0,0.0,0.0,16.0,3.36,6.7,79,98,11520.0,0,0.107,240.0,275.0,0,0.0,3,0,0.0,-1,-1,-1,-1,0.0,0.0
2026-04-26T14:00,0.0,0.0,0.0,0.0,15.1,2.89,6.0,81,97,11520.0,0,0.107,220.0,280.0,0,0.0,3,0,0.0,-1,-1,-1,-1,0.0,0.0
2026-04-26T15:00,0.0,0.0,0.0,0.0,14.0,1.52,5.1,67,89,11520.0,0,0.107,150.0,175.0,0,0.0,3,0,0.0,-1,-1,-1,-1,0.0,0.0
2026-04-26T16:00,0.0,0.0,0.0,0.0,12.8,1.43,2.7,78,94,10380.0,0,0.107,0.0,130.0,0,0.0,3,0,0.0,-1,-1,-1,-1,0.0,0.0
2026-04-26T17:00,0.0,0.0,0.0,0.0,12.2,1.27,2.6,64,99,10380.0,0,0.108,180.0,100.0,0,0.0,3,0,0.0,-1,-1,-1,-1,0.0,0.0
2026-04-26T18:00,0.0,0.0,0.0,0.0,12.3,1.21,2.1,60,95,10380.0,0,0.101,320.0,55.0,0,0.0,3,0,0.0,-1,-1,-1,-1,0.0,0.0
2026-04-26T19:00,0.0,0.0,0.0,0.0,11.7,0.99,1.7,60,45,9580.0,0,0.101,330.0,40.0,0,0.0,1,0,0.0,-1,-1,-1,-1,0.0,0.0
2026-04-26T20:00,0.0,0.0,0.0,0.0,11.4,2.2,3.4,348,31,9580.0,0,0.101,320.0,75.0,0,0.0,1,0,0.0,-1,-1,-1,-1,0.0,0.0
2026-04-26T21:00,0.0,0.0,0.0,0.0,11.5,3.07,6.0,344,74,9580.0,0,0.101,380.0,190.0,0,0.0,2,0,0.0,-1,-1,-1,-1,0.0,0.0
2026-04-26T22:00,0.0,0.0,0.0,0.0,11.4,2.36,5.4,339,55,9580.0,1,0.101,400.0,140.0,0,0.0,2,0,0.0,-1,-1,-1,-1,0.0,0.0
2026-04-26T23:00,0.0,0.0,0.0,0.0,12.8,3.36,5.0,314,100,10380.0,1,0.101,0.0,280.0,0,0.0,3,0,0.0,-1,-1,-1,-1,0.0,0.0
2026-04-27T00:00,0.0,0.0,0.0,0.0,14.7,2.96,7.9,5,100,11520.0,1,0.097,0.0,440.0,0,0.0,3,0,0.0,-1,-1,-1,-1,0.0,0.0
2026-04-27T01:00,0.0,0.0,0.0,0.0,16.3,2.94,7.0,10,100,12220.0,1,0.097,0.0,615.0,0,0.0,3,0,0.0,-1,-1,-1,-1,0.0,0.0
2026-04-27T02:00,0.0,0.0,0.0,0.0,18.8,4.06,8.4,350,100,13240.0,1,0.097,0.0,800.0,0,0.0,3,0,0.0,-1,-1,-1,-1,0.0,0.0
2026-04-27T03:00,0.0,0.0,0.0,0.0,20.6,5.69,11.4,353,100,14140.0,1,0.096,0.0,1370.0,0,0.0,3,0,0.0,-1,-1,-1,-1,0.0,0.0
2026-04-27T04:00,0.0,0.0,0.0,0.0,21.4,5.26,11.6,356,98,14140.0,1,0.096,0.0,1625.0,0,0.0,3,0,0.0,-1,-1,-1,-1,0.0,0.0
2026-04-27T05:00,0.0,0.0,0.0,0.0,22.3,4.44,10.9,352,62,14300.0,1,0.095,0.0,1860.0,0,0.0,2,0,0.0,-1,-1,-1,-1,0.0,0.0
2026-04-27T06:00,0.0,0.0,0.0,0.0,22.6,3.02,9.5,344,80,14300.0,1,0.098,0.0,1915.0,0,0.0,3,0,0.0,-1,-1,-1,-1,0.0,0.0
2026-04-27T07:00,0.0,0.0,0.0,0.0,22.4,2.95,6.9,336,90,14300.0,1,0.097,0.0,2035.0,0,0.0,3,0,0.0,-1,-1,-1,-1,0.0,0.0
2026-04-27T08:00,0.0,0.0,0.0,0.0,22.2,3.06,6.7,355,38,14300.0,1,0.096,0.0,1930.0,0,0.0,1,0,0.0,-1,-1,-1,-1,0.0,0.0
2026-04-27T09:00,0.0,0.0,0.0,0.0,21.5,3.03,6.5,22,67,14300.0,1,0.096,0.0,1865.0,0,0.0,2,0,0.0,-1,-1,-1,-1,0.0,0.0
2026-04-27T10:00,0.0,0.0,0.0,0.0,20.1,3.33,6.1,43,74,14140.0,1,0.096,0.0,590.0,0,0.0,2,0,0.0,-1,-1,-1,-1,0.0,0.0
2026-04-27T11:00,0.0,0.0,0.0,0.0,18.2,2.8,6.3,66,2,14140.0,1,0.095,0.0,260.0,0,0.0,0,0,0.0,-1,-1,-1,-1,0.0,0.0
2026-04-27T12:00,0.0,0.0,0.0,0.0,16.3,1.53,4.9,109,19,13240.0,0,0.091,0.0,70.0,0,0.0,0,0,0.0,-1,-1,-1,-1,0.0,0.0
2026-04-27T13:00,0.0,0.0,0.0,0.0,15.7,0.72,2.1,124,2,13240.0,0,0.091,0.0,35.0,0,0.0,0,0,0.0,-1,-1,-1,-1,0.0,0.0
2026-04-27T14:00,0.0,0.0,0.0,0.0,15.1,0.34,1.0,63,38,13240.0,0,0.092,0.0,15.0,0,0.0,1,0,0.0,-1,-1,-1,-1,0.0,0.0
2026-04-27T15:00,0.0,0.0,0.0,0.0,14.0,3.74,6.3,78,96,12780.0,0,0.092,0.0,200.0,0,0.0,3,0,0.0,-1,-1,-1,-1,0.0,0.0
2026-04-27T16:00,0.0,0.0,0.0,0.0,12.2,3.42,6.5,97,100,12220.0,0,0.092,0.0,235.0,0,0.0,3,0,0.0,-1,-1,-1,-1,0.0,0.0
2026-04-27T17:00,0.0,0.0,0.0,0.0,11.6,2.57,6.0,103,100,12220.0,0,0.092,0.0,205.0,0,0.0,3,0,0.0,-1,-1,-1,-1,0.0,0.0
2026-04-27T18:00,0.0,0.0,0.0,0.0,11.6,3.03,4.5,82,100,11540.0,0,0.092,0.0,175.0,0,0.0,3,0,0.0,-1,-1,-1,-1,0.0,0.0
2026-04-27T19:00,0.0,0.0,0.0,0.0,11.3,3.21,5.6,79,100,11540.0,0,0.092,0.0,175.0,0,0.0,3,0,0.0,-1,-1,-1,-1,0.0,0.0
2026-04-27T20:00,0.0,0.0,0.0,0.0,10.8,2.79,5.7,81,100,11540.0,0,0.092,0.0,175.0,0,0.0,3,0,0.0,-1,-1,-1,-1,0.0,0.0
2026-04-27T21:00,0.0,0.0,0.0,0.0,10.6,2.65,5.0,89,100,11540.0,0,0.092,0.0,185.0,0,0.0,3,0,0.0,-1,-1,-1,-1,0.0,0.0
2026-04-27T22:00,0.0,0.0,0.0,0.0,10.3,2.7,4.7,90,100,11540.0,1,0.092,0.0,210.0,0,0.0,3,0,0.0,-1,-1,-1,-1,0.0,0.0
2026-04-27T23:00,0.0,0.0,0.0,0.0,11.4,2.25,5.1,53,83,12220.0,1,0.093,0.0,215.0,0,0.0,3,0,0.0,-1,-1,-1,-1,0.0,0.0
2026-04-28T00:00,0.0,0.0,0.0,0.0,13.0,2.61,5.1,54,100,12220.0,1,0.083,0.0,270.0,0,0.0,3,0,0.0,-1,-1,-1,-1,0.0,0.0
2026-04-28T01:00,0.0,0.0,0.0,0.0,13.9,2.17,5.6,52,97,12780.0,1,0.083,0.0,275.0,0,0.0,3,0,0.0,-1,-1,-1,-1,0.0,0.0
2026-04-28T02:00,0.0,0.0,0.0,0.0,15.8,2.16,5.5,56,100,13240.0,1,0.083,20.0,525.0,0,0.0,3,0,0.0,-1,-1,-1,-1,0.0,0.0
2026-04-28T03:00,0.0,0.0,0.0,0.0,16.4,2.3,5.4,56,100,13240.0,1,0.083,0.0,1115.0,0,0.0,3,0,0.0,-1,-1,-1,-1,0.0,0.0
2026-04-28T04:00,0.0,0.0,0.0,0.0,16.1,3.36,6.8,46,100,13240.0,1,0.084,10.0,1205.0,0,0.0,3,0,0.0,-1,-1,-1,-1,0.0,0.0
2026-04-28T05:00,0.0,0.0,0.0,0.0,17.1,3.19,8.0,48,80,13240.0,1,0.084,10.0,1350.0,0,0.0,3,0,0.0,-1,-1,-1,-1,0.0,0.0
2026-04-28T06:00,0.0,0.0,0.0,0.0,17.7,1.79,7.1,30,80,14140.0,1,0.082,0.0,1545.0,0,0.0,3,0,0.0,-1,-1,-1,-1,0.0,0.0
2026-04-28T07:00,0.0,0.0,0.0,0.0,18.2,1.8,5.1,3,88,14140.0,1,0.083,0.0,1835.0,0,0.0,3,0,0.0,-1,-1,-1,-1,0.0,0.0
2026-04-28T08:00,0.0,0.0,0.0,0.0,18.1,2.3,5.6,360,52,14140.0,1,0.083,0.0,1795.0,0,0.0,2,0,0.0,-1,-1,-1,-1,0.0,0.0
2026-04-28T09:00,0.0,0.0,0.0,0.0,17.7,1.71,5.6,32,93,14140.0,1,0.083,0.0,1440.0,0,0.0,3,0,0.0,-1,-1,-1,-1,0.0,0.0
2026-04-28T10:00,0.0,0.0,0.0,0.0,16.8,0.81,4.0,30,89,14140.0,1,0.083,0.0,260.0,0,0.0,3,0,0.0,-1,-1,-1,-1,0.0,0.0
2026-04-28T11:00,0.0,0.0,0.0,0.0,15.2,0.62,1.9,14,86,13240.0,1,0.083,0.0,45.0,0,0.0,3,0,0.0,-1,-1,-1,-1,0.0,0.0
2026-04-28T12:00,0.0,0.0,0.0,0.0,14.7,0.11,0.9,27,19,13240.0,0,0.095,10.0,10.0,0,0.0,0,0,0.0,-1,-1,-1,-1,0.0,0.0
2026-04-28T13:00,0.0,0.0,0.0,0.0,14.1,0.05,0.3,180,60,13240.0,0,0.095,30.0,10.0,0,0.0,2,0,0.0,-1,-1,-1,-1,0.0,0.0
2026-04-28T14:00,0.0,0.0,0.0,0.0,13.3,0.25,0.4,259,1,13240.0,0,0.096,10.0,15.0,0,0.0,0,0,0.0,-1,-1,-1,-1,0.0,0.0
2026-04-28T15:00,0.0,0.0,0.0,0.0,11.8,1.12,1.4,249,7,12780.0,0,0.096,0.0,30.0,0,0.0,0,0,0.0,-1,-1,-1,-1,0.0,0.0
2026-04-28T16:00,0.0,0.0,0.0,0.0,10.6,2.17,3.6,241,21,12220.0,0,0.096,0.0,60.0,0,0.0,1,0,0.0,-1,-1,-1,-1,0.0,0.0
2026-04-28T17:00,0.0,0.0,0.0,0.0,10.2,2.3,4.1,257,5,12220.0,0,0.096,0.0,70.0,0,0.0,0,0,0.0,-1,-1,-1,-1,0.0,0.0
2026-04-28T18:00,0.0,0.0,0.0,0.0,9.8,2.01,3.9,274,5,11540.0,0,0.096,0.0,70.0,0,0.0,0,0,0.0,-1,-1,-1,-1,0.0,0.0
2026-04-28T19:00,0.0,0.0,0.0,0.0,8.3,1.61,3.3,277,24,11540.0,0,0.096,0.0,55.0,0,0.0,1,0,0.0,-1,-1,-1,-1,0.0,0.0
2026-04-28T20:00,0.0,0.0,0.0,0.0,7.9,1.5,2.4,268,22,10420.0,0,0.096,0.0,40.0,0,0.0,1,0,0.0,-1,-1,-1,-1,0.0,0.0
2026-04-28T21:00,0.0,0.0,0.0,0.0,7.5,1.53,2.5,251,1,10420.0,0,0.096,0.0,35.0,0,0.0,0,0,0.0,-1,-1,-1,-1,0.0,0.0
2026-04-28T22:00,0.0,0.0,0.0,0.0,7.7,1.49,2.5,256,0,10420.0,1,0.096,0.0,35.0,0,0.0,0,0,0.0,-1,-1,-1,-1,0.0,0.0
2026-04-28T23:00,0.0,0.0,0.0,0.0,9.9,1.92,3.3,263,0,11540.0,1,0.097,0.0,45.0,0,0.0,0,0,0.0,-1,-1,-1,-1,0.0,0.0
2026-04-29T00:00,0.0,0.0,0.0,0.0,13.2,1.59,3.5,246,0,12240.0,1,0.096,0.0,85.0,0,0.0,0,0,0.0,-1,-1,-1,-1,0.0,0.0
2026-04-29T01:00,0.0,0.0,0.0,0.0,16.8,1.61,4.4,263,0,12800.0,1,0.096,40.0,205.0,0,0.0,0,0,0.0,-1,-1,-1,-1,0.0,0.0
2026-04-29T02:00,0.0,0.0,0.0,0.0,19.3,2.33,5.7,261,0,14140.0,1,0.096,20.0,945.0,0,0.0,0,0,0.0,-1,-1,-1,-1,0.0,0.0
2026-04-29T03:00,0.0,0.0,0.0,0.0,20.8,2.66,6.4,266,0,14300.0,1,0.095,0.0,2330.0,0,0.0,0,0,0.0,-1,-1,-1,-1,0.0,0.0
2026-04-29T04:00,0.0,0.0,0.0,0.0,21.5,2.7,6.7,271,2,14300.0,1,0.094,0.0,2445.0,0,0.0,0,0,0.0,-1,-1,-1,-1,0.0,0.0
2026-04-29T05:00,0.0,0.0,0.0,0.0,22.0,2.71,6.7,275,0,14300.0,1,0.094,0.0,2445.0,0,0.0,0,0,0.0,-1,-1,-1,-1,0.0,0.0
2026-04-29T06:00,0.0,0.0,0.0,0.0,22.3,2.75,6.6,273,0,14300.0,1,0.093,0.0,2365.0,0,0.0,0,0,0.0,-1,-1,-1,-1,0.0,0.0
2026-04-29T07:00,0.0,0.0,0.0,0.0,22.2,2.26,6.5,265,0,14300.0,1,0.093,0.0,2290.0,0,0.0,0,0,0.0,-1,-1,-1,-1,0.0,0.0
2026-04-29T08:00,0.0,0.0,0.0,0.0,22.0,1.95,5.5,247,0,14300.0,1,0.092,0.0,2240.0,0,0.0,0,0,0.0,-1,-1,-1,-1,0.0,0.0
2026-04-29T09:00,0.0,0.0,0.0,0.0,21.5,1.77,4.5,223,0,14300.0,1,0.092,0.0,2070.0,0,0.0,0,0,0.0,-1,-1,-1,-1,0.0,0.0
2026-04-29T10:00,0.0,0.0,0.0,0.0,19.7,1.5,3.7,206,0,14300.0,1,0.092,0.0,240.0,0,0.0,0,0,0.0,-1,-1,-1,-1,0.0,0.0
2026-04-29T11:00,0.0,0.0,0.0,0.0,17.2,1.91,3.2,186,0,14140.0,1,0.091,0.0,95.0,0,0.0,0,0,0.0,-1,-1,-1,-1,0.0,0.0
2026-04-29T12:00,0.0,0.0,0.0,0.0,16.5,2.31,3.4,186,0,14140.0,0,0.092,0.0,90.0,0,0.0,0,0,0.0,-1,-1,-1,-1,0.0,0.0
2026-04-29T13:00,0.0,0.0,0.0,0.0,16.1,3.76,6.7,197,1,13260.0,0,0.092,0.0,360.0,0,0.0,0,0,0.0,-1,-1,-1,-1,0.0,0.0
2026-04-29T14:00,0.0,0.0,0.0,0.0,15.5,3.5,6.7,211,34,13260.0,0,0.092,0.0,305.0,0,0.0,1,0,0.0,-1,-1,-1,-1,0.0,0.0
2026-04-29T15:00,0.0,0.0,0.0,0.0,14.6,3.15,6.0,205,63,13260.0,0,0.092,0.0,255.0,0,0.0,2,0,0.0,-1,-1,-1,-1,0.0,0.0
2026-04-29T16:00,0.0,0.0,0.0,0.0,14.1,2.87,5.5,203,97,13260.0,0,0.092,0.0,210.0,0,0.0,3,0,0.0,-1,-1,-1,-1,0.0,0.0
2026-04-29T17:00,0.0,0.0,0.0,0.0,13.5,2.39,4.9,200,100,13260.0,0,0.092,0.0,160.0,0,0.0,3,0,0.0,-1,-1,-1,-1,0.0,0.0
2026-04-29T18:00,0.0,0.0,0.0,0.0,13.0,2.05,4.1,183,100,12800.0,0,0.092,0.0,115.0,0,0.0,3,0,0.0,-1,-1,-1,-1,0.0,0.0
2026-04-29T19:00,0.0,0.0,0.0,0.0,12.4,2.13,3.8,171,100,12800.0,0,0.092,0.0,120.0,0,0.0,3,0,0.0,-1,-1,-1,-1,0.0,0.0
2026-04-29T20:00,0.0,0.0,0.0,0.0,11.5,1.95,3.6,179,38,12800.0,0,0.092,0.0,110.0,0,0.0,1,0,0.0,-1,-1,-1,-1,0.0,0.0
2026-04-29T21:00,0.0,0.0,0.0,0.0,10.8,1.89,3.3,168,2,12800.0,0,0.092,0.0,95.0,0,0.0,0,0,0.0,-1,-1,-1,-1,0.0,0.0
2026-04-29T22:00,0.0,0.0,0.0,0.0,10.6,1.72,3.2,163,0,12240.0,1,0.092,0.0,85.0,0,0.0,0,0,0.0,-1,-1,-1,-1,0.0,0.0
2026-04-29T23:00,0.0,0.0,0.0,0.0,12.1,2.36,3.7,163,0,12240.0,1,0.092,0.0,95.0,0,0.0,0,0,0.0,-1,-1,-1,-1,0.0,0.0
2026-04-30T00:00,0.0,0.0,0.0,0.0,14.8,2.07,4.2,165,0,12800.0,1,0.092,0.0,160.0,0,0.0,0,0,0.0,-1,-1,-1,-1,0.0,0.0
2026-04-30T01:00,0.0,0.0,0.0,0.0,17.2,2.1,5.2,181,0,13260.0,1,0.092,0.0,255.0,0,0.0,0,0,0.0,-1,-1,-1,-1,0.0,0.0
2026-04-30T02:00,0.0,0.0,0.0,0.0,19.3,1.95,5.4,183,0,13260.0,1,0.092,0.0,350.0,0,0.0,0,0,0.0,-1,-1,-1,-1,0.0,0.0
2026-04-30T03:00,0.0,0.0,0.0,0.0,21.2,1.97,5.5,189,0,13260.0,1,0.091,0.0,485.0,0,0.0,0,0,0.0,-1,-1,-1,-1,0.0,0.0
2026-04-30T04:00,0.0,0.0,0.0,0.0,22.7,2.21,5.9,185,0,14140.0,1,0.091,0.0,680.0,0,0.0,0,0,0.0,-1,-1,-1,-1,0.0,0.0
2026-04-30T05:00,0.0,0.0,0.0,0.0,23.8,2.35,6.2,176,0,14140.0,1,0.09,0.0,990.0,0,0.0,0,0,0.0,-1,-1,-1,-1,0.0,0.0
2026-04-30T06:00,0.0,0.0,0.0,0.0,24.4,2.5,6.1,181,0,14140.0,1,0.09,0.0,1165.0,0,0.0,0,0,0.0,-1,-1,-1,-1,0.0,0.0
2026-04-30T07:00,0.0,0.0,0.0,0.0,24.4,2.29,6.1,190,0,14300.0,1,0.089,0.0,1090.0,0,0.0,0,0,0.0,-1,-1,-1,-1,0.0,0.0
2026-04-30T08:00,0.0,0.0,0.0,0.0,24.5,2.43,5.6,188,0,14300.0,1,0.089,0.0,1030.0,0,0.0,0,0,0.0,-1,-1,-1,-1,0.0,0.0
2026-04-30T09:00,0.0,0.0,0.0,0.0,23.8,3.1,6.2,177,0,14300.0,1,0.089,0.0,765.0,0,0.0,0,0,0.0,-1,-1,-1,-1,0.0,0.0
2026-04-30T10:00,0.0,0.0,0.0,0.0,21.9,1.77,6.2,164,0,14140.0,1,0.088,0.0,245.0,0,0.0,0,0,0.0,-1,-1,-1,-1,0.0,0.0
2026-04-30T11:00,0.0,0.0,0.0,0.0,19.4,2.04,3.3,169,0,13260.0,1,0.088,0.0,130.0,0,0.0,0,0,0.0,-1,-1,-1,-1,0.0,0.0
2026-04-30T12:00,0.0,0.0,0.0,0.0,19.4,3.3,5.0,170,2,13260.0,0,0.089,0.0,170.0,0,0.0,0,0,0.0,-1,-1,-1,-1,0.0,0.0
2026-04-30T13:00,0.0,0.0,0.0,0.0,18.7,3.15,5.8,180,0,13260.0,0,0.089,0.0,170.0,0,0.0,0,0,0.0,-1,-1,-1,-1,0.0,0.0
2026-04-30T14:00,0.0,0.0,0.0,0.0,17.8,2.98,5.5,189,83,13260.0,0,0.089,0.0,155.0,0,0.0,3,0,0.0,-1,-1,-1,-1,0.0,0.0
2026-04-30T15:00,0.0,0.0,0.0,0.0,17.1,3.21,5.5,191,100,12800.0,0,0.089,0.0,155.0,0,0.0,3,0,0.0,-1,-1,-1,-1,0.0,0.0
2026-04-30T16:00,0.0,0.0,0.0,0.0,16.5,3.07,5.6,196,99,12800.0,0,0.089,0.0,150.0,0,0.0,3,0,0.0,-1,-1,-1,-1,0.0,0.0
2026-04-30T17:00,0.0,0.0,0.0,0.0,16.1,3.33,6.0,208,62,12800.0,0,0.089,0.0,175.0,0,0.0,2,0,0.0,-1,-1,-1,-1,0.0,0.0
2026-04-30T18:00,0.0,0.0,0.0,0.0,15.8,2.98,5.7,205,100,12800.0,0,0.089,0.0,140.0,0,0.0,3,0,0.0,-1,-1,-1,-1,0.0,0.0
2026-04-30T19:00,0.0,0.0,0.0,0.0,15.6,3.22,5.5,204,100,12800.0,0,0.089,0.0,145.0,0,0.0,3,0,0.0,-1,-1,-1,-1,0.0,0.0
2026-04-30T20:00,0.0,0.0,0.0,0.0,15.4,2.82,5.6,205,98,12260.0,0,0.089,0.0,135.0,0,0.0,3,0,0.0,-1,-1,-1,-1,0.0,0.0
2026-04-30T21:00,0.0,0.0,0.0,0.0,14.4,2.55,4.8,220,30,12260.0,0,0.089,0.0,115.0,0,0.0,1,0,0.0,-1,-1,-1,-1,0.0,0.0
2026-04-30T22:00,0.0,0.0,0.0,0.0,14.4,2.93,5.0,207,98,12260.0,1,0.089,0.0,110.0,0,0.0,3,0,0.0,-1,-1,-1,-1,0.0,0.0
2026-04-30T23:00,0.0,0.0,0.0,0.0,15.7,2.95,5.1,206,100,12260.0,1,0.089,0.0,115.0,0,0.0,3,0,0.0,-1,-1,-1,-1,0.0,0.0
2026-05-01T00:00,0.0,0.0,0.0,0.0,18.3,2.65,5.2,191,100,12800.0,1,0.089,0.0,130.0,0,0.0,3,0,0.0,-1,-1,-1,-1,0.0,0.0
2026-05-01T01:00,0.0,0.0,0.0,0.0,20.2,2.6,5.6,196,100,12800.0,1,0.089,0.0,175.0,0,0.0,3,0,0.0,-1,-1,-1,-1,0.0,0.0
2026-05-01T02:00,0.0,0.0,0.0,0.0,22.7,2.88,6.3,200,100,13260.0,1,0.089,0.0,270.0,0,0.0,3,0,0.0,-1,-1,-1,-1,0.0,0.0
2026-05-01T03:00,0.0,0.0,0.0,0.0,25.4,3.22,7.1,208,99,14140.0,1,0.089,50.0,410.0,0,0.0,3,0,0.0,-1,-1,-1,-1,0.0,0.0
2026-05-01T04:00,0.0,0.0,0.0,0.0,27.6,3.4,7.4,204,100,14140.0,1,0.088,160.0,690.0,0,0.0,3,0,0.0,-1,-1,-1,-1,0.0,0.0
2026-05-01T05:00,0.0,0.0,0.0,0.0,28.8,3.71,7.8,206,100,14300.0,1,0.088,80.0,1390.0,0,0.0,3,0,0.0,-1,-1,-1,-1,0.0,0.0
2026-05-01T06:00,0.0,0.0,0.0,0.0,28.1,3.24,7.8,193,100,14300.0,1,0.087,20.0,1460.0,0,0.0,3,0,0.0,-1,-1,-1,-1,0.0,0.0
2026-05-01T07:00,0.0,0.0,0.0,0.0,28.0,4.07,7.8,196,100,14300.0,1,0.087,0.0,1680.0,0,0.0,3,0,0.0,-1,-1,-1,-1,0.0,0.0
2026-05-01T08:00,0.0,0.0,0.0,0.0,26.8,3.76,8.0,190,100,14300.0,1,0.087,0.0,1280.0,0,0.0,3,0,0.0,-1,-1,-1,-1,0.0,0.0
2026-05-01T09:00,0.0,0.0,0.0,0.0,25.3,3.72,7.1,175,100,14140.0,1,0.087,0.0,685.0,0,0.0,3,0,0.0,-1,-1,-1,-1,0.0,0.0
2026-05-01T10:00,0.0,0.0,0.0,0.0,23.8,4.17,7.5,170,100,14140.0,1,0.087,10.0,640.0,0,0.0,3,0,0.0,-1,-1,-1,-1,0.0,0.0
2026-05-01T11:00,0.0,0.0,0.0,0.0,22.7,4.34,7.9,172,100,12820.0,1,0.087,170.0,715.0,0,0.0,3,0,0.0,-1,-1,-1,-1,0.0,0.0
2026-05-01T12:00,0.0,0.0,0.0,0.0,21.9,3.71,8.2,170,100,12820.0,0,0.087,160.0,565.0,0,0.0,3,0,0.0,-1,-1,-1,-1,0.0,0.0
2026-05-01T13:00,0.0,0.0,0.0,0.0,21.8,4.27,7.6,174,100,13260.0,0,0.087,60.0,575.0,0,0.0,3,0,0.0,-1,-1,-1,-1,0.0,0.0
2026-05-01T14:00,0.0,0.0,0.0,0.0,21.4,4.4,7.9,180,100,13260.0,0,0.087,30.0,550.0,0,0.0,3,0,0.0,-1,-1,-1,-1,0.0,0.0
2026-05-01T15:00,0.0,0.0,0.0,0.0,21.0,4.41,7.9,185,100,13260.0,0,0.087,10.0,660.0,0,0.0,3,0,0.0,-1,-1,-1,-1,0.0,0.0
2026-05-01T16:00,0.0,0.0,0.0,0.0,21.3,7.28,12.3,201,100,13260.0,0,0.087,0.0,600.0,0,0.0,3,0,0.0,-1,-1,-1,-1,0.0,0.0
2026-05-01T17:00,0.0,0.0,0.0,0.0,21.3,6.81,14.8,220,100,14140.0,0,0.087,0.0,720.0,0,0.0,3,0,0.0,-1,-1,-1,-1,0.0,0.0
2026-05-01T18:00,0.0,0.0,0.0,0.0,20.4,6.94,13.7,204,100,14140.0,0,0.087,0.0,1170.0,0,0.0,3,0,0.0,-1,-1,-1,-1,0.0,0.0
2026-05-01T19:00,0.0,0.0,0.0,0.0,20.0,5.07,15.7,175,100,14140.0,0,0.087,0.0,1265.0,0,0.0,3,0,0.0,-1,-1,-1,-1,0.0,0.0
2026-05-01T20:00,0.0,0.0,0.0,0.0,19.4,4.01,9.1,194,100,14140.0,0,0.087,0.0,1065.0,0,0.0,3,0,0.0,-1,-1,-1,-1,0.0,0.0
2026-05-01T21:00,0.0,0.0,0.0,0.0,18.6,3.1,7.2,178,100,14140.0,0,0.087,0.0,555.0,0,0.0,3,0,0.0,-1,-1,-1,-1,0.0,0.0
2026-05-01T22:00,0.0,0.0,0.0,0.0,18.0,2.93,5.5,160,100,13260.0,1,0.087,0.0,260.0,0,0.0,3,0,0.0,-1,-1,-1,-1,0.0,0.0
2026-05-01T23:00,0.0,0.0,0.0,0.0,18.4,3.2,5.8,170,100,13260.0,1,0.087,0.0,330.0,0,0.0,3,0,0.0,-1,-1,-1,-1,0.0,0.0
2026-05-02T00:00,0.0,0.0,0.0,0.0,18.5,4.82,6.6,170,100,13260.0,1,0.087,0.0,900.0,0,0.0,3,0,0.0,-1,-1,-1,-1,0.0,0.0
2026-05-02T01:00,0.0,0.0,0.0,0.0,19.3,3.43,8.4,161,100,13260.0,1,0.087,0.0,705.0,0,0.0,3,0,0.0,-1,-1,-1,-1,0.0,0.0
2026-05-02T02:00,0.0,0.0,0.0,0.0,20.2,3.35,7.3,171,100,13260.0,1,0.087,0.0,790.0,0,0.0,3,0,0.0,-1,-1,-1,-1,0.0,0.0
2026-05-02T03:00,0.0,0.0,0.0,0.0,20.9,3.56,7.4,175,100,13260.0,1,0.087,0.0,1180.0,0,0.0,3,0,0.0,-1,-1,-1,-1,0.0,0.0
2026-05-02T04:00,0.0,0.0,0.0,0.0,22.6,3.62,8.1,191,100,14140.0,1,0.087,0.0,1940.0,0,0.0,3,0,0.0,-1,-1,-1,-1,0.0,0.0
2026-05-02T05:00,0.0,0.0,0.0,0.0,22.5,3.46,8.1,200,100,14140.0,1,0.087,0.0,1965.0,0,0.0,3,0,0.0,-1,-1,-1,-1,0.0,0.0
2026-05-02T06:00,0.0,0.0,0.0,0.0,21.8,1.81,7.5,185,100,13260.0,1,0.086,0.0,1790.0,0,0.0,3,0,0.0,-1,-1,-1,-1,0.0,0.0
2026-05-02T07:00,0.0,0.0,0.0,0.0,22.4,1.0,4.5,183,100,13260.0,1,0.086,10.0,1950.0,0,0.0,3,0,0.0,-1,-1,-1,-1,0.0,0.0
2026-05-02T08:00,0.0,0.0,0.0,0.0,22.2,0.6,3.5,90,100,13260.0,1,0.086,0.0,1680.0,0,0.0,3,0,0.0,-1,-1,-1,-1,0.0,0.0
2026-05-02T09:00,0.0,0.0,0.0,0.0,21.9,1.23,2.8,27,100,13260.0,1,0.087,10.0,1545.0,0,0.0,3,0,0.0,-1,-1,-1,-1,0.0,0.0
2026-05-02T10:00,0.0,0.0,0.0,0.0,21.0,2.82,5.0,27,100,13260.0,1,0.087,10.0,1355.0,0,0.0,3,0,0.0,-1,-1,-1,-1,0.0,0.0
2026-05-02T11:00,0.3,0.667,0.0,0.0,17.7,6.88,11.7,23,99,12140.0,1,0.089,0.0,1040.0,0,0.0,51,1,0.1,14,0,5,189,0.908,0.642
2026-05-02T12:00,0.0,0.0,0.0,0.0,15.5,6.59,14.5,15,100,4000.0,0,0.088,0.0,895.0,0,0.0,3,0,0.0,14,1,4,189,0.908,0.242
2026-05-02T13:00,0.7,0.0,0.0,0.0,13.9,6.11,13.1,13,100,2660.0,0,0.095,0.0,760.0,0,0.0,53,1,0.7,14,2,3,189,0.908,0.242
2026-05-02T14:00,1.5,0.0,0.0,0.0,12.6,4.8,11.1,14,100,2720.0,0,0.113,0.0,645.0,0,0.0,61,1,1.5,14,3,2,189,0.908,0.242
2026-05-02T15:00,0.6,0.0,0.0,0.0,12.4,4.1,8.5,358,100,6680.0,0,0.12,0.0,570.0,0,0.0,53,1,0.6,14,4,1,189,0.908,0.242
2026-05-02T16:00,0.0,0.0,0.0,0.0,12.1,3.95,7.2,351,97,9680.0,0,0.12,0.0,515.0,0,0.0,3,0,0.0,-1,-1,-1,-1,0.0,0.0
2026-05-02T17:00,0.0,0.0,0.0,0.0,11.4,3.82,7.0,346,5,9680.0,0,0.12,0.0,520.0,0,0.0,0,0,0.0,-1,-1,-1,-1,0.0,0.0
2026-05-02T18:00,0.0,0.0,0.0,0.0,10.7,3.68,6.9,352,26,9680.0,0,0.12,0.0,395.0,0,0.0,1,0,0.0,-1,-1,-1,-1,0.0,0.0
2026-05-02T19:00,0.0,0.0,0.0,0.0,9.9,2.47,6.4,7,49,9680.0,0,0.121,0.0,250.0,0,0.0,1,0,0.0,-1,-1,-1,-1,0.0,0.0
2026-05-02T20:00,0.0,0.0,0.0,0.0,9.4,2.09,4.3,320,0,8620.0,0,0.121,0.0,165.0,0,0.0,0,0,0.0,-1,-1,-1,-1,0.0,0.0
2026-05-02T21:00,0.0,0.0,0.0,0.0,8.4,1.4,3.8,325,0,8620.0,0,0.121,0.0,100.0,0,0.0,0,0,0.0,-1,-1,-1,-1,0.0,0.0
2026-05-02T22:00,0.0,0.0,0.0,0.0,8.6,0.97,2.2,339,0,8620.0,1,0.121,0.0,55.0,0,0.0,0,0,0.0,-1,-1,-1,-1,0.0,0.0
2026-05-02T23:00,0.0,0.0,0.0,0.0,10.2,0.83,2.4,303,0,9680.0,1,0.121,0.0,70.0,0,0.0,0,0,0.0,-1,-1,-1,-1,0.0,0.0
2026-05-03T00:00,0.0,0.0,0.0,0.0,12.4,0.71,3.0,262,0,10480.0,1,0.11,70.0,195.0,0,0.0,0,0,0.0,-1,-1,-1,-1,0.0,0.0
2026-05-03T01:00,0.0,0.0,0.0,0.0,14.7,1.53,4.6,238,2,11600.0,1,0.11,360.0,280.0,0,0.0,0,0,0.0,-1,-1,-1,-1,0.0,0.0
2026-05-03T02:00,0.0,0.0,0.0,0.0,17.2,2.27,6.0,248,11,12280.0,1,0.109,610.0,555.0,0,0.0,0,0,0.0,-1,-1,-1,-1,0.0,0.0
2026-05-03T03:00,0.0,0.0,0.0,0.0,19.5,2.53,6.5,261,1,12820.0,1,0.108,850.0,835.0,0,0.0,0,0,0.0,-1,-1,-1,-1,0.0,0.0
2026-05-03T04:00,0.0,0.0,0.0,0.0,21.5,2.86,8.6,286,17,13280.0,1,0.107,940.0,2220.0,0,0.0,0,0,0.0,-1,-1,-1,-1,0.0,0.0
2026-05-03T05:00,0.0,0.0,0.0,0.0,23.0,4.24,9.1,315,50,14300.0,1,0.105,70.0,2965.0,0,0.0,2,0,0.0,-1,-1,-1,-1,0.0,0.0
2026-05-03T06:00,0.0,0.0,0.0,0.0,22.2,4.18,9.5,296,91,14300.0,1,0.109,10.0,2465.0,0,0.0,3,0,0.0,-1,-1,-1,-1,0.0,0.0
2026-05-03T07:00,0.0,0.0,0.0,0.0,16.1,7.47,15.0,27,45,12820.0,1,0.108,80.0,370.0,0,0.0,1,0,0.0,-1,-1,-1,-1,0.0,0.0
2026-05-03T08:00,0.0,0.0,0.0,0.0,18.5,3.16,14.3,51,20,13280.0,1,0.107,250.0,360.0,0,0.0,1,0,0.0,-1,-1,-1,-1,0.0,0.0
2026-05-03T09:00,0.0,0.0,0.0,0.0,18.6,1.9,6.9,93,9,13280.0,1,0.107,90.0,285.0,0,0.0,0,0,0.0,-1,-1,-1,-1,0.0,0.0
2026-05-03T10:00,0.0,0.0,0.0,0.0,17.9,2.94,5.6,47,5,12820.0,1,0.106,100.0,505.0,0,0.0,0,0,0.0,-1,-1,-1,-1,0.0,0.0
2026-05-03T11:00,0.0,0.0,0.0,0.0,15.9,1.82,5.5,74,1,12820.0,1,0.106,10.0,215.0,0,0.0,0,0,0.0,-1,-1,-1,-1,0.0,0.0
2026-05-03T12:00,0.0,0.0,0.0,0.0,15.5,2.84,3.4,99,0,12820.0,0,0.109,0.0,215.0,0,0.0,0,0,0.0,-1,-1,-1,-1,0.0,0.0
2026-05-03T13:00,0.0,0.0,0.0,0.0,14.8,2.78,5.2,104,0,12820.0,0,0.109,0.0,140.0,0,0.0,0,0,0.0,-1,-1,-1,-1,0.0,0.0
2026-05-03T14:00,0.0,0.0,0.0,0.0,14.0,3.71,6.3,100,0,12820.0,0,0.109,0.0,255.0,0,0.0,0,0,0.0,-1,-1,-1,-1,0.0,0.0
2026-05-03T15:00,0.0,0.0,0.0,0.0,13.2,3.4,6.6,114,0,12820.0,0,0.108,0.0,210.0,0,0.0,0,0,0.0,-1,-1,-1,-1,0.0,0.0
2026-05-03T16:00,0.0,0.0,0.0,0.0,12.2,2.3,5.9,138,0,12820.0,0,0.108,0.0,135.0,0,0.0,0,0,0.0,-1,-1,-1,-1,0.0,0.0
2026-05-03T17:00,0.0,0.0,0.0,0.0,11.3,2.4,4.1,184,0,12820.0,0,0.108,0.0,125.0,0,0.0,0,0,0.0,-1,-1,-1,-1,0.0,0.0
2026-05-03T18:00,0.0,0.0,0.0,0.0,11.3,2.27,4.2,194,0,12280.0,0,0.121,0.0,125.0,0,0.0,0,0,0.0,-1,-1,-1,-1,0.0,0.0
2026-05-03T19:00,0.0,0.0,0.0,0.0,11.0,2.3,3.9,182,0,12280.0,0,0.121,0.0,115.0,0,0.0,0,0,0.0,-1,-1,-1,-1,0.0,0.0
2026-05-03T20:00,0.0,0.0,0.0,0.0,10.6,2.12,3.9,195,0,11600.0,0,0.121,0.0,100.0,0,0.0,0,0,0.0,-1,-1,-1,-1,0.0,0.0
2026-05-03T21:00,0.0,0.0,0.0,0.0,10.1,1.96,3.6,195,0,11600.0,0,0.121,0.0,85.0,0,0.0,0,0,0.0,-1,-1,-1,-1,0.0,0.0
2026-05-03T22:00,0.0,0.0,0.0,0.0,10.8,2.25,3.7,192,0,11600.0,1,0.121,0.0,85.0,0,0.0,0,0,0.0,-1,-1,-1,-1,0.0,0.0
2026-05-03T23:00,0.0,0.0,0.0,0.0,12.2,3.27,5.3,231,0,11600.0,1,0.121,0.0,170.0,0,0.0,0,0,0.0,-1,-1,-1,-1,0.0,0.0
2026-05-04T00:00,0.0,0.0,0.0,0.0,14.4,2.02,5.6,240,0,12280.0,1,0.107,0.0,225.0,0,0.0,0,0,0.0,-1,-1,-1,-1,0.0,0.0
2026-05-04T01:00,0.0,0.0,0.0,0.0,17.2,2.44,5.7,208,0,12840.0,1,0.106,0.0,370.0,0,0.0,0,0,0.0,-1,-1,-1,-1,0.0,0.0
2026-05-04T02:00,0.0,0.0,0.0,0.0,19.5,3.01,6.9,195,0,14140.0,1,0.105,0.0,615.0,0,0.0,0,0,0.0,-1,-1,-1,-1,0.0,0.0
2026-05-04T03:00,0.0,0.0,0.0,0.0,21.4,3.99,8.6,192,17,14140.0,1,0.104,0.0,1035.0,0,0.0,0,0,0.0,-1,-1,-1,-1,0.0,0.0
2026-05-04T04:00,0.0,0.0,0.0,0.0,22.7,4.96,10.3,195,0,14300.0,1,0.103,0.0,1130.0,0,0.0,0,0,0.0,-1,-1,-1,-1,0.0,0.0
2026-05-04T05:00,0.0,0.0,0.0,0.0,23.8,5.32,10.9,196,0,14300.0,1,0.101,0.0,1135.0,0,0.0,0,0,0.0,-1,-1,-1,-1,0.0,0.0
2026-05-04T06:00,0.0,0.0,0.0,0.0,24.3,5.54,11.2,195,0,14300.0,1,0.102,0.0,1130.0,0,0.0,0,0,0.0,-1,-1,-1,-1,0.0,0.0
2026-05-04T07:00,0.0,0.0,0.0,0.0,24.4,5.28,11.1,193,0,14300.0,1,0.101,0.0,1100.0,0,0.0,0,0,0.0,-1,-1,-1,-1,0.0,0.0
2026-05-04T08:00,0.0,0.0,0.0,0.0,24.1,5.41,10.7,189,0,14140.0,1,0.1,0.0,1020.0,0,0.0,0,0,0.0,-1,-1,-1,-1,0.0,0.0
2026-05-04T09:00,0.0,0.0,0.0,0.0,23.7,5.42,10.6,185,0,14140.0,1,0.099,10.0,955.0,0,0.0,0,0,0.0,-1,-1,-1,-1,0.0,0.0
2026-05-04T10:00,0.0,0.0,0.0,0.0,22.4,4.7,10.3,181,0,13280.0,1,0.099,40.0,845.0,0,0.0,0,0,0.0,-1,-1,-1,-1,0.0,0.0
2026-05-04T11:00,0.0,0.0,0.0,0.0,20.9,4.65,8.6,181,0,13280.0,1,0.099,20.0,680.0,0,0.0,0,0,0.0,-1,-1,-1,-1,0.0,0.0
2026-05-04T12:00,0.0,0.0,0.0,0.0,19.8,4.75,8.6,178,0,12840.0,0,0.097,0.0,530.0,0,0.0,0,0,0.0,-1,-1,-1,-1,0.0,0.0
2026-05-04T13:00,0.0,0.0,0.0,0.0,19.6,5.47,9.7,185,0,12840.0,0,0.097,0.0,545.0,0,0.0,0,0,0.0,-1,-1,-1,-1,0.0,0.0
2026-05-04T14:00,0.0,0.0,0.0,0.0,19.4,5.64,10.2,187,0,12840.0,0,0.097,300.0,545.0,0,0.0,0,0,0.0,-1,-1,-1,-1,0.0,0.0
2026-05-04T15:00,0.0,0.0,0.0,0.0,19.2,5.89,10.6,190,0,12840.0,0,0.096,340.0,545.0,0,0.0,0,0,0.0,-1,-1,-1,-1,0.0,0.0
2026-05-04T16:00,0.0,0.0,0.0,0.0,19.0,5.86,10.6,193,0,12840.0,0,0.096,300.0,545.0,0,0.0,0,0,0.0,-1,-1,-1,-1,0.0,0.0
2026-05-04T17:00,0.0,0.0,0.0,0.0,18.7,5.68,10.5,194,0,12280.0,0,0.096,0.0,525.0,0,0.0,0,0,0.0,-1,-1,-1,-1,0.0,0.0
2026-05-04T18:00,0.0,0.0,0.0,0.0,18.2,5.39,10.2,191,0,12300.0,0,0.1,0.0,475.0,0,0.0,0,0,0.0,-1,-1,-1,-1,0.0,0.0
2026-05-04T19:00,0.0,0.0,0.0,0.0,17.9,4.82,9.6,197,0,12300.0,0,0.1,0.0,410.0,0,0.0,0,0,0.0,-1,-1,-1,-1,0.0,0.0
2026-05-04T20:00,0.0,0.0,0.0,0.0,17.3,3.85,8.5,206,0,12300.0,0,0.1,0.0,320.0,0,0.0,0,0,0.0,-1,-1,-1,-1,0.0,0.0
2026-05-04T21:00,0.0,0.0,0.0,0.0,16.6,3.53,6.7,205,0,11620.0,0,0.1,0.0,285.0,0,0.0,0,0,0.0,-1,-1,-1,-1,0.0,0.0
2026-05-04T22:00,0.0,0.0,0.0,0.0,16.6,3.57,6.2,198,0,11620.0,1,0.1,0.0,260.0,0,0.0,0,0,0.0,-1,-1,-1,-1,0.0,0.0
2026-05-04T23:00,0.0,0.0,0.0,0.0,17.8,3.86,6.7,193,0,12300.0,1,0.1,0.0,285.0,0,0.0,0,0,0.0,-1,-1,-1,-1,0.0,0.0
2026-05-05T00:00,0.0,0.0,0.0,0.0,19.9,3.54,6.8,189,0,12300.0,1,0.1,0.0,315.0,0,0.0,0,0,0.0,-1,-1,-1,-1,0.0,0.0
2026-05-05T01:00,0.0,0.0,0.0,0.0,22.1,3.66,7.7,194,0,12840.0,1,0.099,100.0,395.0,0,0.0,0,0,0.0,-1,-1,-1,-1,0.0,0.0
2026-05-05T02:00,0.0,0.0,0.0,0.0,24.5,3.94,8.3,195,0,12840.0,1,0.098,490.0,510.0,0,0.0,0,0,0.0,-1,-1,-1,-1,0.0,0.0
2026-05-05T03:00,0.0,0.0,0.0,0.0,26.8,4.54,9.5,191,0,13280.0,1,0.098,730.0,690.0,0,0.0,0,0,0.0,-1,-1,-1,-1,0.0,0.0
2026-05-05T04:00,0.0,0.0,0.0,0.0,28.8,5.46,10.9,192,0,14140.0,1,0.096,520.0,1220.0,0,0.0,0,0,0.0,-1,-1,-1,-1,0.0,0.0
2026-05-05T05:00,0.0,0.0,0.0,0.0,29.8,6.36,12.5,191,0,14300.0,1,0.095,60.0,1945.0,0,0.0,0,0,0.0,-1,-1,-1,-1,0.0,0.0
2026-05-05T06:00,0.0,0.0,0.0,0.0,30.1,7.25,13.5,192,0,14300.0,1,0.103,0.0,2045.0,0,0.0,0,0,0.0,-1,-1,-1,-1,0.0,0.0
2026-05-05T07:00,0.0,0.0,0.0,0.0,29.3,7.36,14.1,190,0,14300.0,1,0.102,0.0,1840.0,0,0.0,0,0,0.0,-1,-1,-1,-1,0.0,0.0
2026-05-05T08:00,0.0,0.0,0.0,0.0,28.7,7.28,14.1,188,1,14140.0,1,0.1,220.0,1590.0,0,0.0,0,0,0.0,-1,-1,-1,-1,0.0,0.0
2026-05-05T09:00,0.0,0.0,0.0,0.0,27.8,6.52,13.8,184,4,14140.0,1,0.1,320.0,1475.0,0,0.0,0,0,0.0,-1,-1,-1,-1,0.0,0.0
2026-05-05T10:00,0.0,0.0,0.0,0.0,26.4,6.25,12.2,178,80,14140.0,1,0.099,140.0,1260.0,0,0.0,3,0,0.0,-1,-1,-1,-1,0.0,0.0
2026-05-05T11:00,0.0,0.0,0.0,0.0,25.3,6.37,11.5,175,85,14140.0,1,0.098,0.0,1010.0,0,0.0,3,0,0.0,-1,-1,-1,-1,0.0,0.0
2026-05-05T12:00,0.0,0.0,0.0,0.0,24.6,6.68,12.1,175,96,13280.0,0,0.104,0.0,925.0,0,0.0,3,0,0.0,-1,-1,-1,-1,0.0,0.0
2026-05-05T13:00,0.0,0.0,0.0,0.0,24.1,6.96,12.6,176,25,13280.0,0,0.103,0.0,840.0,0,0.0,1,0,0.0,-1,-1,-1,-1,0.0,0.0
2026-05-05T14:00,0.0,0.0,0.0,0.0,23.8,6.81,12.6,183,40,13280.0,0,0.103,0.0,835.0,0,0.0,1,0,0.0,-1,-1,-1,-1,0.0,0.0
2026-05-05T15:00,0.0,0.0,0.0,0.0,23.5,6.97,12.6,188,10,13280.0,0,0.102,0.0,835.0,0,0.0,0,0,0.0,-1,-1,-1,-1,0.0,0.0
2026-05-05T16:00,0.0,0.0,0.0,0.0,23.2,6.9,12.8,190,30,13280.0,0,0.102,0.0,810.0,0,0.0,1,0,0.0,-1,-1,-1,-1,0.0,0.0
2026-05-05T17:00,0.0,0.0,0.0,0.0,22.7,6.78,12.5,193,1,13280.0,0,0.102,0.0,765.0,0,0.0,0,0,0.0,-1,-1,-1,-1,0.0,0.0
2026-05-05T18:00,0.0,0.0,0.0,0.0,22.1,5.98,12.2,194,97,12840.0,0,0.11,0.0,705.0,0,0.0,3,0,0.0,-1,-1,-1,-1,0.0,0.0
2026-05-05T19:00,0.0,0.0,0.0,0.0,21.7,5.89,10.9,195,99,12300.0,0,0.109,0.0,630.0,0,0.0,3,0,0.0,-1,-1,-1,-1,0.0,0.0
2026-05-05T20:00,0.0,0.0,0.0,0.0,21.3,5.76,10.6,191,100,12300.0,0,0.109,230.0,575.0,0,0.0,3,0,0.0,-1,-1,-1,-1,0.0,0.0
2026-05-05T21:00,0.0,0.0,0.0,0.0,20.9,5.41,10.4,192,70,12300.0,0,0.109,250.0,515.0,0,0.0,2,0,0.0,-1,-1,-1,-1,0.0,0.0
2026-05-05T22:00,0.0,0.0,0.0,0.0,20.6,5.2,9.7,191,100,11640.0,1,0.109,240.0,465.0,0,0.0,3,0,0.0,-1,-1,-1,-1,0.0,0.0
2026-05-05T23:00,0.0,0.0,0.0,0.0,21.4,5.3,9.5,191,100,11640.0,1,0.109,250.0,470.0,0,0.0,3,0,0.0,-1,-1,-1,-1,0.0,0.0
2026-05-06T00:00,0.0,0.0,0.0,0.0,23.0,5.07,9.6,185,64,12300.0,1,0.102,230.0,565.0,0,0.0,2,0,0.0,-1,-1,-1,-1,0.0,0.0
2026-05-06T01:00,0.0,0.0,0.0,0.0,24.4,5.69,11.2,190,70,12300.0,1,0.102,370.0,610.0,0,0.0,2,0,0.0,-1,-1,-1,-1,0.0,0.0
2026-05-06T02:00,0.0,0.0,0.0,0.0,26.0,5.21,11.2,194,100,12840.0,1,0.101,580.0,730.0,0,0.0,3,0,0.0,-1,-1,-1,-1,0.0,0.0
2026-05-06T03:00,0.0,0.0,0.0,0.0,27.1,3.65,10.5,210,100,12840.0,1,0.1,730.0,975.0,0,0.0,3,0,0.0,-1,-1,-1,-1,0.0,0.0
2026-05-06T04:00,0.0,0.0,0.0,0.0,27.8,2.19,7.8,215,100,12840.0,1,0.099,780.0,1130.0,0,0.0,3,0,0.0,-1,-1,-1,-1,0.0,0.0
2026-05-06T05:00,0.0,0.0,0.0,0.0,27.8,1.53,5.4,302,100,13300.0,1,0.098,690.0,1440.0,0,0.0,3,0,0.0,-1,-1,-1,-1,0.0,0.0
2026-05-06T06:00,0.0,0.0,0.0,0.0,27.2,2.6,6.1,359,100,12840.0,1,0.114,710.0,1140.0,0,0.0,3,0,0.0,-1,-1,-1,-1,0.0,0.0
2026-05-06T07:00,0.0,0.0,0.0,0.0,25.2,5.02,9.6,13,100,12300.0,1,0.113,970.0,655.0,0,0.0,3,0,0.0,-1,-1,-1,-1,0.0,0.0
2026-05-06T08:00,0.0,0.0,0.0,0.0,25.0,5.57,10.6,14,100,12860.0,1,0.112,580.0,795.0,0,0.0,3,0,0.0,-1,-1,-1,-1,0.0,0.0
2026-05-06T09:00,0.0,0.0,0.0,0.0,24.2,5.08,11.0,17,100,12840.0,1,0.112,260.0,745.0,0,0.0,3,0,0.0,-1,-1,-1,-1,0.0,0.0
2026-05-06T10:00,0.0,0.0,0.0,0.0,23.5,4.87,9.5,19,100,12860.0,1,0.111,160.0,645.0,0,0.0,3,0,0.0,-1,-1,-1,-1,0.0,0.0
2026-05-06T11:00,0.0,0.0,0.0,0.0,22.6,3.99,9.0,24,100,12840.0,1,0.111,30.0,495.0,0,0.0,3,0,0.0,-1,-1,-1,-1,0.0,0.0
2026-05-06T12:00,0.0,0.0,0.0,0.0,22.4,4.28,7.1,53,100,12860.0,0,0.094,40.0,520.0,0,0.0,3,0,0.0,-1,-1,-1,-1,0.0,0.0
2026-05-06T13:00,0.0,0.0,0.0,0.0,21.6,3.61,7.7,59,100,12300.0,0,0.094,50.0,345.0,0,0.0,3,0,0.0,-1,-1,-1,-1,0.0,0.0
2026-05-06T14:00,0.0,0.0,0.0,0.0,20.5,3.0,6.3,66,100,12300.0,0,0.094,30.0,315.0,0,0.0,3,0,0.0,-1,-1,-1,-1,0.0,0.0
2026-05-06T15:00,0.0,0.0,0.0,0.0,19.3,2.86,5.6,86,100,12300.0,0,0.094,40.0,280.0,0,0.0,3,0,0.0,-1,-1,-1,-1,0.0,0.0
2026-05-06T16:00,0.0,0.0,0.0,0.0,18.4,2.95,5.1,11,100,11640.0,0,0.094,70.0,300.0,0,0.0,3,0,0.0,-1,-1,-1,-1,0.0,0.0
2026-05-06T17:00,0.0,0.0,0.0,0.0,17.9,3.76,8.0,14,92,11640.0,0,0.094,60.0,440.0,0,0.0,3,0,0.0,-1,-1,-1,-1,0.0,0.0
2026-05-06T18:00,0.0,0.0,0.0,0.0,17.6,3.08,7.0,36,33,11640.0,0,0.089,110.0,560.0,0,0.0,1,0,0.0,-1,-1,-1,-1,0.0,0.0
2026-05-06T19:00,0.0,0.0,0.0,0.0,16.9,4.43,7.7,32,46,11640.0,0,0.089,90.0,865.0,0,0.0,1,0,0.0,-1,-1,-1,-1,0.0,0.0
2026-05-06T20:00,0.0,0.0,0.0,0.0,17.3,5.15,9.3,24,48,14160.0,0,0.089,0.0,840.0,0,0.0,1,0,0.0,-1,-1,-1,-1,0.0,0.0
2026-05-06T21:00,0.0,0.0,0.0,0.0,16.4,5.13,9.3,13,56,14300.0,0,0.089,0.0,765.0,0,0.0,2,0,0.0,-1,-1,-1,-1,0.0,0.0
2026-05-06T22:00,0.0,0.0,0.0,0.0,15.6,5.36,9.6,3,79,14300.0,1,0.088,0.0,765.0,0,0.0,2,0,0.0,-1,-1,-1,-1,0.0,0.0
2026-05-06T23:00,0.0,0.0,0.0,0.0,15.5,6.12,11.7,355,91,14300.0,1,0.088,0.0,890.0,0,0.0,3,0,0.0,-1,-1,-1,-1,0.0,0.0
2026-05-07T00:00,0.0,0.0,0.0,0.0,16.8,5.47,11.3,5,2,14300.0,1,0.091,0.0,1130.0,0,0.0,0,0,0.0,-1,-1,-1,-1,0.0,0.0
2026-05-07T01:00,0.0,0.0,0.0,0.0,17.8,6.26,12.4,4,53,14300.0,1,0.091,0.0,1650.0,0,0.0,2,0,0.0,-1,-1,-1,-1,0.0,0.0
2026-05-07T02:00,0.0,0.0,0.0,0.0,18.7,6.71,13.4,8,19,14300.0,1,0.09,0.0,1890.0,0,0.0,0,0,0.0,-1,-1,-1,-1,0.0,0.0
2026-05-07T03:00,0.0,0.0,0.0,0.0,19.6,6.44,13.4,9,0,14300.0,1,0.09,0.0,2020.0,0,0.0,0,0,0.0,-1,-1,-1,-1,0.0,0.0
2026-05-07T04:00,0.0,0.0,0.0,0.0,20.5,5.62,13.0,5,0,14300.0,1,0.089,0.0,2105.0,0,0.0,0,0,0.0,-1,-1,-1,-1,0.0,0.0
2026-05-07T05:00,0.0,0.0,0.0,0.0,21.1,5.14,11.7,7,0,14300.0,1,0.089,0.0,2240.0,0,0.0,0,0,0.0,-1,-1,-1,-1,0.0,0.0
2026-05-07T06:00,0.0,0.0,0.0,0.0,21.8,4.61,10.9,3,0,14420.0,1,0.092,0.0,2210.0,0,0.0,0,0,0.0,-1,-1,-1,-1,0.0,0.0
2026-05-07T07:00,0.0,0.0,0.0,0.0,21.4,4.15,9.7,359,0,14300.0,1,0.091,0.0,2290.0,0,0.0,0,0,0.0,-1,-1,-1,-1,0.0,0.0
2026-05-07T08:00,0.0,0.0,0.0,0.0,21.3,3.16,8.9,355,0,14300.0,1,0.091,0.0,2260.0,0,0.0,0,0,0.0,-1,-1,-1,-1,0.0,0.0
2026-05-07T09:00,0.0,0.0,0.0,0.0,21.1,2.21,6.8,356,0,14420.0,1,0.09,0.0,2110.0,0,0.0,0,0,0.0,-1,-1,-1,-1,0.0,0.0
2026-05-07T10:00,0.0,0.0,0.0,0.0,20.0,1.03,4.5,14,0,14300.0,1,0.09,0.0,1495.0,0,0.0,0,0,0.0,-1,-1,-1,-1,0.0,0.0
2026-05-07T11:00,0.0,0.0,0.0,0.0,18.6,0.51,2.0,101,0,14300.0,1,0.09,0.0,50.0,0,0.0,0,0,0.0,-1,-1,-1,-1,0.0,0.0
2026-05-07T12:00,0.0,0.0,0.0,0.0,16.2,1.68,2.8,157,0,14160.0,0,0.088,0.0,60.0,0,0.0,0,0,0.0,-1,-1,-1,-1,0.0,0.0
2026-05-07T13:00,0.0,0.0,0.0,0.0,15.6,2.0,3.4,183,0,14160.0,0,0.088,0.0,75.0,0,0.0,0,0,0.0,-1,-1,-1,-1,0.0,0.0
2026-05-07T14:00,0.0,0.0,0.0,0.0,15.0,2.28,3.8,203,0,14160.0,0,0.088,0.0,90.0,0,0.0,0,0,0.0,-1,-1,-1,-1,0.0,0.0
2026-05-07T15:00,0.0,0.0,0.0,0.0,14.8,3.08,5.4,223,0,13300.0,0,0.088,0.0,150.0,0,0.0,0,0,0.0,-1,-1,-1,-1,0.0,0.0
2026-05-07T16:00,0.0,0.0,0.0,0.0,14.3,3.01,5.4,226,0,13300.0,0,0.088,0.0,145.0,0,0.0,0,0,0.0,-1,-1,-1,-1,0.0,0.0
2026-05-07T17:00,0.0,0.0,0.0,0.0,13.5,2.76,5.3,226,0,13300.0,0,0.088,0.0,125.0,0,0.0,0,0,0.0,-1,-1,-1,-1,0.0,0.0
2026-05-07T18:00,0.0,0.0,0.0,0.0,13.2,2.84,4.9,219,0,13300.0,0,0.088,0.0,145.0,0,0.0,0,0,0.0,-1,-1,-1,-1,0.0,0.0
2026-05-07T19:00,0.0,0.0,0.0,0.0,12.5,2.89,5.0,217,0,13300.0,0,0.088,0.0,155.0,0,0.0,0,0,0.0,-1,-1,-1,-1,0.0,0.0
2026-05-07T20:00,0.0,0.0,0.0,0.0,12.3,2.99,5.2,218,0,13300.0,0,0.088,0.0,170.0,0,0.0,0,0,0.0,-1,-1,-1,-1,0.0,0.0
2026-05-07T21:00,0.0,0.0,0.0,0.0,12.1,2.93,5.2,213,0,13300.0,0,0.088,0.0,155.0,0,0.0,0,0,0.0,-1,-1,-1,-1,0.0,0.0
2026-05-07T22:00,0.0,0.0,0.0,0.0,12.3,3.18,5.4,213,0,13300.0,1,0.088,0.0,165.0,0,0.0,0,0,0.0,-1,-1,-1,-1,0.0,0.0
2026-05-07T23:00,0.0,0.0,0.0,0.0,14.0,3.79,6.6,211,0,13300.0,1,0.088,0.0,215.0,0,0.0,0,0,0.0,-1,-1,-1,-1,0.0,0.0
2026-05-08T00:00,0.0,0.0,0.0,0.0,16.8,3.85,6.8,208,0,13300.0,1,0.088,0.0,325.0,0,0.0,0,0,0.0,-1,-1,-1,-1,0.0,0.0
2026-05-08T01:00,0.0,0.0,0.0,0.0,19.5,4.3,8.7,213,0,14160.0,1,0.088,0.0,480.0,0,0.0,0,0,0.0,-1,-1,-1,-1,0.0,0.0
2026-05-08T02:00,0.0,0.0,0.0,0.0,21.8,4.65,9.5,212,2,14160.0,1,0.087,0.0,670.0,0,0.0,0,0,0.0,-1,-1,-1,-1,0.0,0.0
2026-05-08T03:00,0.0,0.0,0.0,0.0,23.8,5.55,11.1,209,0,14320.0,1,0.087,0.0,980.0,0,0.0,0,0,0.0,-1,-1,-1,-1,0.0,0.0
2026-05-08T04:00,0.0,0.0,0.0,0.0,25.2,6.24,12.5,207,0,14420.0,1,0.087,0.0,1355.0,0,0.0,0,0,0.0,-1,-1,-1,-1,0.0,0.0
2026-05-08T05:00,0.0,0.0,0.0,0.0,26.0,6.67,13.3,205,0,14420.0,1,0.087,0.0,1520.0,0,0.0,0,0,0.0,-1,-1,-1,-1,0.0,0.0
2026-05-08T06:00,0.0,0.0,0.0,0.0,26.5,6.78,13.7,202,14,14420.0,1,0.086,0.0,1555.0,0,0.0,0,0,0.0,-1,-1,-1,-1,0.0,0.0
2026-05-08T07:00,0.0,0.0,0.0,0.0,26.0,7.01,13.6,196,1,14420.0,1,0.086,0.0,1365.0,0,0.0,0,0,0.0,-1,-1,-1,-1,0.0,0.0
2026-05-08T08:00,0.0,0.0,0.0,0.0,25.5,7.18,13.9,191,7,14320.0,1,0.086,0.0,1215.0,0,0.0,0,0,0.0,-1,-1,-1,-1,0.0,0.0
2026-05-08T09:00,0.0,0.0,0.0,0.0,24.4,7.04,13.9,186,0,14320.0,1,0.086,0.0,1020.0,0,0.0,0,0,0.0,-1,-1,-1,-1,0.0,0.0
2026-05-08T10:00,0.0,0.0,0.0,0.0,22.9,6.95,13.4,182,4,14320.0,1,0.086,0.0,860.0,0,0.0,0,0,0.0,-1,-1,-1,-1,0.0,0.0
2026-05-08T11:00,0.0,0.0,0.0,0.0,21.4,7.31,13.4,183,0,14160.0,1,0.086,0.0,745.0,0,0.0,0,0,0.0,-1,-1,-1,-1,0.0,0.0
2026-05-08T12:00,0.0,0.0,0.0,0.0,20.3,7.38,14.0,188,0,14160.0,0,0.086,0.0,715.0,0,0.0,0,0,0.0,-1,-1,-1,-1,0.0,0.0
2026-05-08T13:00,0.0,0.0,0.0,0.0,20.0,7.2,13.5,192,0,14160.0,0,0.086,0.0,685.0,0,0.0,0,0,0.0,-1,-1,-1,-1,0.0,0.0
2026-05-08T14:00,0.0,0.0,0.0,0.0,19.7,7.18,13.2,193,0,14160.0,0,0.086,0.0,640.0,0,0.0,0,0,0.0,-1,-1,-1,-1,0.0,0.0
2026-05-08T15:00,0.0,0.0,0.0,0.0,19.2,7.27,13.2,192,0,14160.0,0,0.086,0.0,580.0,0,0.0,0,0,0.0,-1,-1,-1,-1,0.0,0.0
2026-05-08T16:00,0.0,0.0,0.0,0.0,18.8,7.05,13.2,195,0,14160.0,0,0.085,0.0,555.0,0,0.0,0,0,0.0,-1,-1,-1,-1,0.0,0.0
2026-05-08T17:00,0.0,0.0,0.0,0.0,18.4,6.78,12.8,199,0,14160.0,0,0.085,0.0,525.0,0,0.0,0,0,0.0,-1,-1,-1,-1,0.0,0.0
2026-05-08T18:00,0.0,0.0,0.0,0.0,17.7,6.0,12.2,201,0,13300.0,0,0.085,0.0,475.0,0,0.0,0,0,0.0,-1,-1,-1,-1,0.0,0.0
2026-05-08T19:00,0.0,0.0,0.0,0.0,17.1,5.61,10.7,199,0,13300.0,0,0.085,0.0,435.0,0,0.0,0,0,0.0,-1,-1,-1,-1,0.0,0.0
2026-05-08T20:00,0.0,0.0,0.0,0.0,16.6,5.27,10.0,198,0,13300.0,0,0.085,0.0,410.0,0,0.0,0,0,0.0,-1,-1,-1,-1,0.0,0.0
2026-05-08T21:00,0.0,0.0,0.0,0.0,16.1,5.28,9.4,195,0,13300.0,0,0.085,0.0,390.0,0,0.0,0,0,0.0,-1,-1,-1,-1,0.0,0.0
2026-05-08T22:00,0.0,0.0,0.0,0.0,16.1,5.87,10.5,192,0,13300.0,1,0.085,0.0,385.0,0,0.0,0,0,0.0,-1,-1,-1,-1,0.0,0.0
2026-05-08T23:00,0.0,0.0,0.0,0.0,16.9,5.76,11.1,194,0,13300.0,1,0.085,0.0,410.0,0,0.0,0,0,0.0,-1,-1,-1,-1,0.0,0.0
2026-05-09T00:00,0.0,0.0,0.0,0.0,18.9,5.2,10.0,191,0,13300.0,1,0.085,0.0,495.0,0,0.0,0,0,0.0,-1,-1,-1,-1,0.0,0.0
2026-05-09T01:00,0.0,0.0,0.0,0.0,20.6,5.17,10.3,200,0,13300.0,1,0.085,0.0,535.0,0,0.0,0,0,0.0,-1,-1,-1,-1,0.0,0.0
2026-05-09T02:00,0.0,0.0,0.0,0.0,22.8,5.41,10.9,199,0,13300.0,1,0.085,0.0,640.0,0,0.0,0,0,0.0,-1,-1,-1,-1,0.0,0.0
2026-05-09T03:00,0.0,0.0,0.0,0.0,24.9,6.0,12.1,195,0,14160.0,1,0.085,90.0,705.0,0,0.0,0,0,0.0,-1,-1,-1,-1,0.0,0.0
2026-05-09T04:00,0.0,0.0,0.0,0.0,26.7,7.03,13.8,191,1,14160.0,1,0.085,430.0,745.0,0,0.0,0,0,0.0,-1,-1,-1,-1,0.0,0.0
2026-05-09T05:00,0.0,0.0,0.0,0.0,27.8,7.8,15.2,186,1,14160.0,1,0.085,810.0,905.0,0,0.0,0,0,0.0,-1,-1,-1,-1,0.0,0.0
2026-05-09T06:00,0.0,0.0,0.0,0.0,27.9,9.04,17.0,188,20,14160.0,1,0.085,1080.0,995.0,0,0.0,1,0,0.0,-1,-1,-1,-1,0.0,0.0
2026-05-09T07:00,0.0,0.0,0.0,0.0,27.7,9.44,18.1,190,45,14160.0,1,0.085,1100.0,1005.0,0,0.0,1,0,0.0,-1,-1,-1,-1,0.0,0.0
2026-05-09T08:00,0.0,0.0,0.0,0.0,27.2,9.61,18.4,186,34,14160.0,1,0.085,980.0,925.0,0,0.0,1,0,0.0,-1,-1,-1,-1,0.0,0.0
2026-05-09T09:00,0.0,0.0,0.0,0.0,26.4,8.65,18.2,189,47,13320.0,1,0.085,900.0,935.0,0,0.0,1,0,0.0,-1,-1,-1,-1,0.0,0.0
2026-05-09T10:00,0.0,0.0,0.0,0.0,25.3,8.06,16.0,187,7,13300.0,1,0.085,600.0,855.0,0,0.0,0,0,0.0,-1,-1,-1,-1,0.0,0.0
2026-05-09T11:00,0.0,0.0,0.0,0.0,24.5,8.15,14.8,189,3,14160.0,1,0.085,210.0,815.0,0,0.0,0,0,0.0,-1,-1,-1,-1,0.0,0.0
2026-05-09T12:00,0.0,0.0,0.0,0.0,23.2,4.76,15.3,168,23,13320.0,0,0.085,360.0,865.0,0,0.0,1,0,0.0,-1,-1,-1,-1,0.0,0.0
2026-05-09T13:00,0.0,0.0,0.0,0.0,22.4,5.27,9.2,176,3,13320.0,0,0.085,0.0,755.0,0,0.0,0,0,0.0,-1,-1,-1,-1,0.0,0.0
2026-05-09T14:00,0.0,0.0,0.0,0.0,22.1,5.15,10.1,194,0,13320.0,0,0.085,0.0,695.0,0,0.0,0,0,0.0,-1,-1,-1,-1,0.0,0.0
2026-05-09T15:00,0.0,0.0,0.0,0.0,21.4,3.99,9.2,214,0,13320.0,0,0.085,370.0,655.0,0,0.0,0,0,0.0,-1,-1,-1,-1,0.0,0.0
2026-05-09T16:00,0.0,0.0,0.0,0.0,20.7,3.3,7.5,215,0,13320.0,0,0.085,300.0,525.0,0,0.0,0,0,0.0,-1,-1,-1,-1,0.0,0.0
2026-05-09T17:00,0.0,0.0,0.0,0.0,19.9,3.34,6.1,199,0,13320.0,0,0.085,670.0,350.0,0,0.0,0,0,0.0,-1,-1,-1,-1,0.0,0.0
2026-05-09T18:00,0.0,0.0,0.0,0.0,18.7,2.39,5.9,213,0,12880.0,0,0.085,490.0,195.0,0,0.0,0,0,0.0,-1,-1,-1,-1,0.0,0.0
2026-05-09T19:00,0.0,0.0,0.0,0.0,16.9,1.38,4.0,226,2,12880.0,0,0.085,0.0,70.0,0,0.0,0,0,0.0,-1,-1,-1,-1,0.0,0.0
2026-05-09T20:00,0.0,0.0,0.0,0.0,15.9,0.89,2.0,232,0,12340.0,0,0.085,0.0,30.0,0,0.0,0,0,0.0,-1,-1,-1,-1,0.0,0.0
2026-05-09T21:00,0.0,0.0,0.0,0.0,14.8,1.51,2.5,262,0,11680.0,0,0.085,0.0,35.0,0,0.0,0,0,0.0,-1,-1,-1,-1,0.0,0.0
2026-05-09T22:00,0.0,0.0,0.0,0.0,15.1,2.6,4.4,281,2,11680.0,1,0.085,0.0,65.0,0,0.0,0,0,0.0,-1,-1,-1,-1,0.0,0.0
2026-05-09T23:00,0.0,0.0,0.0,0.0,16.5,2.6,4.8,286,9,11680.0,1,0.085,0.0,85.0,0,0.0,0,0,0.0,-1,-1,-1,-1,0.0,0.0
2026-05-10T00:00,0.0,0.0,0.0,0.0,19.3,1.4,4.4,235,7,12340.0,1,0.085,920.0,125.0,0,0.0,0,0,0.0,-1,-1,-1,-1,0.0,0.0
2026-05-10T01:00,0.0,0.0,0.0,0.0,22.2,1.42,4.3,252,12,12340.0,1,0.085,1000.0,190.0,0,0.0,0,0,0.0,-1,-1,-1,-1,0.0,0.0
2026-05-10T02:00,0.0,0.0,0.0,0.0,25.2,1.5,4.5,249,47,12880.0,1,0.085,1510.0,280.0,0,0.0,1,0,0.0,-1,-1,-1,-1,0.0,0.0
2026-05-10T03:00,0.0,0.0,0.0,0.0,27.8,1.92,5.2,255,35,13320.0,1,0.085,1690.0,475.0,0,0.0,1,0,0.0,-1,-1,-1,-1,0.0,0.0
2026-05-10T04:00,0.0,0.0,0.0,0.0,29.7,1.97,5.5,261,1,14160.0,1,0.085,1350.0,1015.0,0,0.0,0,0,0.0,-1,-1,-1,-1,0.0,0.0
2026-05-10T05:00,0.0,0.0,0.0,0.0,31.0,1.36,5.3,298,0,14320.0,1,0.084,700.0,1895.0,0,0.0,0,0,0.0,-1,-1,-1,-1,0.0,0.0
2026-05-10T06:00,0.0,0.0,0.0,0.0,31.5,0.81,4.5,292,4,14420.0,1,0.084,220.0,2015.0,0,0.0,0,0,0.0,-1,-1,-1,-1,0.0,0.0
2026-05-10T07:00,0.0,0.0,0.0,0.0,31.5,1.08,3.2,193,27,14420.0,1,0.084,140.0,2145.0,0,0.0,1,0,0.0,-1,-1,-1,-1,0.0,0.0
2026-05-10T08:00,0.0,0.0,0.0,0.0,30.9,2.4,5.0,179,13,14320.0,1,0.084,390.0,1940.0,0,0.0,0,0,0.0,-1,-1,-1,-1,0.0,0.0
2026-05-10T09:00,0.0,0.0,0.0,0.0,29.9,3.23,6.6,188,26,14320.0,1,0.084,370.0,920.0,0,0.0,1,0,0.0,-1,-1,-1,-1,0.0,0.0
2026-05-10T10:00,0.0,0.0,0.0,0.0,28.3,2.27,6.5,172,38,14160.0,1,0.084,750.0,420.0,0,0.0,1,0,0.0,-1,-1,-1,-1,0.0,0.0
2026-05-10T11:00,0.0,0.0,0.0,0.0,26.5,3.23,5.7,167,55,13320.0,1,0.084,1690.0,370.0,0,0.0,2,0,0.0,-1,-1,-1,-1,0.0,0.0
2026-05-10T12:00,0.0,0.0,0.0,0.0,24.6,1.92,6.0,231,93,13320.0,0,0.084,1600.0,175.0,0,0.0,3,0,0.0,-1,-1,-1,-1,0.0,0.0
2026-05-10T13:00,0.4,1.0,0.0,0.0,22.0,3.02,4.6,50,88,12340.0,0,0.089,1700.0,55.0,0,0.0,51,1,0.0,15,0,1,137,0.0,0.6
2026-05-10T14:00,0.0,0.0,0.0,0.0,21.5,3.89,8.4,66,86,12340.0,0,0.089,690.0,125.0,0,0.0,3,0,0.0,-1,-1,-1,-1,0.0,0.0
2026-05-10T15:00,0.0,0.0,0.0,0.0,20.7,1.61,6.7,106,84,12880.0,0,0.089,970.0,65.0,0,0.0,3,0,0.0,-1,-1,-1,-1,0.0,0.0
2026-05-10T16:00,0.0,0.0,0.0,0.0,20.2,1.96,3.1,161,89,12880.0,0,0.089,880.0,80.0,0,0.0,3,0,0.0,-1,-1,-1,-1,0.0,0.0
2026-05-10T17:00,0.0,0.0,0.0,0.0,20.3,3.1,5.5,91,45,12880.0,0,0.089,900.0,150.0,0,0.0,1,0,0.0,-1,-1,-1,-1,0.0,0.0
2026-05-10T18:00,0.0,0.0,0.0,0.0,19.6,2.73,5.7,66,22,12360.0,0,0.089,1590.0,125.0,0,0.0,1,0,0.0,-1,-1,-1,-1,0.0,0.0
2026-05-10T19:00,0.0,0.0,0.0,0.0,19.0,3.51,6.3,54,0,12360.0,0,0.089,1870.0,165.0,0,0.0,0,0,0.0,-1,-1,-1,-1,0.0,0.0
2026-05-10T20:00,0.0,0.0,0.0,0.0,18.6,3.18,6.2,53,1,12360.0,0,0.089,1870.0,130.0,0,0.0,0,0,0.0,-1,-1,-1,-1,0.0,0.0
2026-05-10T21:00,0.0,0.0,0.0,0.0,18.5,2.94,5.9,100,2,12880.0,0,0.089,1560.0,145.0,0,0.0,0,0,0.0,-1,-1,-1,-1,0.0,0.0
2026-05-10T22:00,0.0,0.0,0.0,0.0,18.4,1.9,5.1,117,0,12880.0,1,0.089,1390.0,115.0,0,0.0,0,0,0.0,-1,-1,-1,-1,0.0,0.0
2026-05-10T23:00,0.0,0.0,0.0,0.0,19.7,1.71,3.3,159,0,12360.0,1,0.089,1200.0,100.0,0,0.0,0,0,0.0,-1,-1,-1,-1,0.0,0.0
2026-05-11T00:00,0.0,0.0,0.0,0.0,22.6,2.02,4.4,123,0,12360.0,1,0.083,1030.0,220.0,0,0.0,0,0,0.0,-1,-1,-1,-1,0.0,0.0
2026-05-11T01:00,0.0,0.0,0.0,0.0,24.9,1.54,4.4,54,0,12880.0,1,0.083,1500.0,370.0,0,0.0,0,0,0.0,-1,-1,-1,-1,0.0,0.0
2026-05-11T02:00,0.0,0.0,0.0,0.0,26.6,2.04,5.4,68,0,13320.0,1,0.083,1660.0,665.0,0,0.0,0,0,0.0,-1,-1,-1,-1,0.0,0.0
2026-05-11T03:00,0.0,0.0,0.0,0.0,27.8,2.4,6.2,67,0,13320.0,1,0.083,1770.0,915.0,0,0.0,0,0,0.0,-1,-1,-1,-1,0.0,0.0
2026-05-11T04:00,0.0,0.0,0.0,0.0,28.8,2.33,6.3,65,0,14160.0,1,0.083,1620.0,1175.0,0,0.0,0,0,0.0,-1,-1,-1,-1,0.0,0.0
2026-05-11T05:00,0.0,0.0,0.0,0.0,29.8,2.39,6.2,61,5,14160.0,1,0.083,1430.0,1415.0,0,0.0,0,0,0.0,-1,-1,-1,-1,0.0,0.0
2026-05-11T06:00,0.0,0.0,0.0,0.0,30.9,3.23,6.6,41,11,14320.0,1,0.085,300.0,2105.0,0,0.0,0,0,0.0,-1,-1,-1,-1,0.0,0.0
2026-05-11T07:00,0.0,0.0,0.0,0.0,30.6,2.62,7.1,42,5,14320.0,1,0.085,120.0,2305.0,0,0.0,0,0,0.0,-1,-1,-1,-1,0.0,0.0
2026-05-11T08:00,0.0,0.0,0.0,0.0,30.4,2.33,5.9,47,0,14320.0,1,0.084,90.0,2525.0,0,0.0,0,0,0.0,-1,-1,-1,-1,0.0,0.0
2026-05-11T09:00,0.0,0.0,0.0,0.0,29.7,1.88,5.0,79,0,14320.0,1,0.084,80.0,2515.0,0,0.0,0,0,0.0,-1,-1,-1,-1,0.0,0.0
2026-05-11T10:00,0.0,0.0,0.0,0.0,28.0,2.23,4.2,99,0,14160.0,1,0.084,310.0,535.0,0,0.0,0,0,0.0,-1,-1,-1,-1,0.0,0.0
2026-05-11T11:00,0.0,0.0,0.0,0.0,25.9,3.22,6.0,116,0,14160.0,1,0.084,110.0,250.0,0,0.0,0,0,0.0,-1,-1,-1,-1,0.0,0.0
2026-05-11T12:00,0.0,0.0,0.0,0.0,24.7,2.58,5.8,105,0,14160.0,0,0.073,80.0,145.0,0,0.0,0,0,0.0,-1,-1,-1,-1,0.0,0.0
2026-05-11T13:00,0.0,0.0,0.0,0.0,24.0,2.55,4.6,101,18,14160.0,0,0.073,0.0,140.0,0,0.0,0,0,0.0,-1,-1,-1,-1,0.0,0.0
2026-05-11T14:00,0.0,0.0,0.0,0.0,23.2,2.8,4.9,114,89,13320.0,0,0.073,0.0,165.0,0,0.0,3,0,0.0,-1,-1,-1,-1,0.0,0.0
2026-05-11T15:00,0.0,0.0,0.0,0.0,22.2,2.5,5.0,127,6,13320.0,0,0.073,0.0,125.0,0,0.0,0,0,0.0,-1,-1,-1,-1,0.0,0.0
2026-05-11T16:00,0.0,0.0,0.0,0.0,21.7,3.01,5.2,136,100,12900.0,0,0.073,0.0,155.0,0,0.0,3,0,0.0,-1,-1,-1,-1,0.0,0.0
2026-05-11T17:00,0.0,0.0,0.0,0.0,20.6,2.8,5.5,149,6,12900.0,0,0.073,0.0,225.0,0,0.0,0,0,0.0,-1,-1,-1,-1,0.0,0.0
2026-05-11T18:00,0.0,0.0,0.0,0.0,19.9,2.51,4.9,151,5,12900.0,0,0.076,0.0,200.0,0,0.0,0,0,0.0,-1,-1,-1,-1,0.0,0.0
2026-05-11T19:00,0.0,0.0,0.0,0.0,19.1,2.22,4.3,157,6,12360.0,0,0.077,0.0,140.0,0,0.0,0,0,0.0,-1,-1,-1,-1,0.0,0.0
2026-05-11T20:00,0.0,0.0,0.0,0.0,18.5,2.01,3.9,153,0,12360.0,0,0.077,0.0,110.0,0,0.0,0,0,0.0,-1,-1,-1,-1,0.0,0.0
2026-05-11T21:00,0.0,0.0,0.0,0.0,18.2,2.21,3.9,155,0,12360.0,0,0.077,0.0,120.0,0,0.0,0,0,0.0,-1,-1,-1,-1,0.0,0.0
2026-05-11T22:00,0.0,0.0,0.0,0.0,18.6,2.59,4.5,155,0,12360.0,1,0.077,560.0,105.0,0,0.0,0,0,0.0,-1,-1,-1,-1,0.0,0.0
2026-05-11T23:00,0.0,0.0,0.0,0.0,20.0,2.93,5.0,163,2,11720.0,1,0.077,580.0,130.0,0,0.0,0,0,0.0,-1,-1,-1,-1,0.0,0.0
2026-05-12T00:00,0.0,0.0,0.0,0.0,22.1,2.38,5.1,188,0,11720.0,1,0.076,70.0,235.0,0,0.0,0,0,0.0,-1,-1,-1,-1,0.0,0.0
2026-05-12T01:00,0.0,0.0,0.0,0.0,24.3,2.51,5.9,185,0,12360.0,1,0.076,310.0,295.0,0,0.0,0,0,0.0,-1,-1,-1,-1,0.0,0.0
2026-05-12T02:00,0.0,0.0,0.0,0.0,26.6,2.77,6.5,186,0,12900.0,1,0.076,560.0,560.0,0,0.0,0,0,0.0,-1,-1,-1,-1,0.0,0.0
2026-05-12T03:00,0.0,0.0,0.0,0.0,28.4,3.51,7.8,185,0,13320.0,1,0.076,490.0,1050.0,0,0.0,0,0,0.0,-1,-1,-1,-1,0.0,0.0
2026-05-12T04:00,0.0,0.0,0.0,0.0,29.7,4.1,8.9,181,0,14160.0,1,0.076,80.0,1180.0,0,0.0,0,0,0.0,-1,-1,-1,-1,0.0,0.0
2026-05-12T05:00,0.0,0.0,0.0,0.0,30.4,4.4,9.4,179,0,14160.0,1,0.076,10.0,1260.0,0,0.0,0,0,0.0,-1,-1,-1,-1,0.0,0.0
2026-05-12T06:00,0.0,0.0,0.0,0.0,31.1,4.5,9.5,181,0,12860.0,1,0.092,800.0,1535.0,0,0.0,0,0,0.0,-1,-1,-1,-1,0.0,0.0
2026-05-12T07:00,0.0,0.0,0.0,0.0,31.1,4.75,9.8,179,0,12860.0,1,0.091,820.0,1475.0,0,0.0,0,0,0.0,-1,-1,-1,-1,0.0,0.0
2026-05-12T08:00,0.0,0.0,0.0,0.0,30.9,5.15,10.2,180,0,12860.0,1,0.091,860.0,1435.0,0,0.0,0,0,0.0,-1,-1,-1,-1,0.0,0.0
2026-05-12T09:00,0.0,0.0,0.0,0.0,30.4,5.25,10.3,182,3,12840.0,1,0.09,930.0,1335.0,0,0.0,0,0,0.0,-1,-1,-1,-1,0.0,0.0
2026-05-12T10:00,0.0,0.0,0.0,0.0,29.3,4.36,10.1,175,11,12840.0,1,0.09,1250.0,1075.0,0,0.0,0,0,0.0,-1,-1,-1,-1,0.0,0.0
2026-05-12T11:00,0.0,0.0,0.0,0.0,27.6,4.2,8.1,179,23,11020.0,1,0.09,1120.0,730.0,0,0.0,1,0,0.0,-1,-1,-1,-1,0.0,0.0
2026-05-12T12:00,0.0,0.0,0.0,0.0,26.4,4.63,7.9,187,48,10020.0,0,0.094,1290.0,825.0,0,0.0,1,0,0.0,-1,-1,-1,-1,0.0,0.0
2026-05-12T13:00,0.0,0.0,0.0,0.0,25.7,5.01,8.9,192,84,10000.0,0,0.094,1210.0,745.0,0,0.0,3,0,0.0,-1,-1,-1,-1,0.0,0.0
2026-05-12T14:00,0.0,0.0,0.0,0.0,25.2,5.31,9.5,194,97,10000.0,0,0.093,1190.0,680.0,0,0.0,3,0,0.0,-1,-1,-1,-1,0.0,0.0
2026-05-12T15:00,0.0,0.0,0.0,0.0,24.9,5.04,9.5,198,99,10000.0,0,0.093,1300.0,630.0,0,0.0,3,0,0.0,-1,-1,-1,-1,0.0,0.0
2026-05-12T16:00,0.0,0.0,0.0,0.0,24.6,5.57,9.9,199,98,10000.0,0,0.093,1310.0,605.0,0,0.0,3,0,0.0,-1,-1,-1,-1,0.0,0.0
2026-05-12T17:00,0.0,0.0,0.0,0.0,24.5,6.04,10.9,202,98,10000.0,0,0.093,1210.0,585.0,0,0.0,3,0,0.0,-1,-1,-1,-1,0.0,0.0
2026-05-12T18:00,0.0,0.0,0.0,0.0,24.5,5.24,10.9,201,86,10000.0,0,0.097,1060.0,525.0,0,0.0,3,0,0.0,-1,-1,-1,-1,0.0,0.0
2026-05-12T19:00,0.0,0.0,0.0,0.0,23.9,4.3,9.4,203,85,8960.0,0,0.097,1060.0,480.0,0,0.0,3,0,0.0,-1,-1,-1,-1,0.0,0.0
2026-05-12T20:00,0.0,0.0,0.0,0.0,23.4,3.89,7.6,204,100,8960.0,0,0.097,1020.0,430.0,0,0.0,3,0,0.0,-1,-1,-1,-1,0.0,0.0
2026-05-12T21:00,0.0,0.0,0.0,0.0,23.1,4.21,7.4,198,100,8960.0,0,0.097,1000.0,400.0,0,0.0,3,0,0.0,-1,-1,-1,-1,0.0,0.0
2026-05-12T22:00,0.0,0.0,0.0,0.0,23.1,4.57,8.2,196,100,8960.0,1,0.097,920.0,385.0,0,0.0,3,0,0.0,-1,-1,-1,-1,0.0,0.0
2026-05-12T23:00,0.0,0.0,0.0,0.0,24.1,3.91,8.6,193,98,8960.0,1,0.097,850.0,400.0,0,0.0,3,0,0.0,-1,-1,-1,-1,0.0,0.0
2026-05-13T00:00,0.0,0.0,0.0,0.0,25.9,4.92,9.4,197,89,9980.0,1,0.101,1170.0,460.0,0,0.0,3,0,0.0,-1,-1,-1,-1,0.0,0.0
2026-05-13T01:00,0.0,0.0,0.0,0.0,27.4,4.82,9.9,197,84,9980.0,1,0.1,1710.0,520.0,0,0.0,3,0,0.0,-1,-1,-1,-1,0.0,0.0
2026-05-13T02:00,0.0,0.0,0.0,0.0,29.1,4.78,10.0,200,84,9980.0,1,0.099,2210.0,605.0,0,0.0,3,0,0.0,-1,-1,-1,-1,0.0,0.0
2026-05-13T03:00,0.0,0.0,0.0,0.0,30.7,4.78,10.0,198,98,10980.0,1,0.098,2500.0,740.0,0,0.0,3,0,0.0,-1,-1,-1,-1,0.0,0.0
2026-05-13T04:00,0.0,0.0,0.0,0.0,32.2,4.89,10.3,196,91,12780.0,1,0.097,2470.0,840.0,0,0.0,3,0,0.0,-1,-1,-1,-1,0.0,0.0
2026-05-13T05:00,0.0,0.0,0.0,0.0,33.0,5.18,10.6,195,74,12780.0,1,0.096,2360.0,915.0,0,0.0,2,0,0.0,-1,-1,-1,-1,0.0,0.0
2026-05-13T06:00,0.0,0.0,0.0,0.0,33.0,5.37,11.3,195,100,12780.0,1,0.101,2140.0,960.0,0,0.0,3,0,0.0,-1,-1,-1,-1,0.0,0.0
2026-05-13T07:00,0.0,0.0,0.0,0.0,32.5,4.95,10.8,194,100,12780.0,1,0.1,1630.0,885.0,0,0.0,3,0,0.0,-1,-1,-1,-1,0.0,0.0
2026-05-13T08:00,0.0,0.0,0.0,0.0,32.3,4.46,9.9,189,100,14320.0,1,0.099,1300.0,855.0,0,0.0,3,0,0.0,-1,-1,-1,-1,0.0,0.0
2026-05-13T09:00,0.0,0.0,0.0,0.0,31.6,4.27,8.7,186,100,12760.0,1,0.098,1570.0,765.0,0,0.0,3,0,0.0,-1,-1,-1,-1,0.0,0.0
2026-05-13T10:00,0.0,0.0,0.0,0.0,29.9,3.97,8.0,185,100,10960.0,1,0.097,2050.0,620.0,0,0.0,3,0,0.0,-1,-1,-1,-1,0.0,0.0
2026-05-13T11:00,0.0,0.0,0.0,0.0,28.0,3.93,7.3,187,100,10960.0,1,0.097,1810.0,500.0,0,0.0,3,0,0.0,-1,-1,-1,-1,0.0,0.0
2026-05-13T12:00,0.0,0.0,0.0,0.0,27.2,3.31,7.2,184,94,9940.0,0,0.098,2180.0,470.0,0,0.0,3,0,0.0,-1,-1,-1,-1,0.0,0.0
2026-05-13T13:00,0.0,0.0,0.0,0.0,26.1,3.0,5.9,183,93,9940.0,0,0.098,2250.0,380.0,0,0.0,3,0,0.0,-1,-1,-1,-1,0.0,0.0
2026-05-13T14:00,0.0,0.0,0.0,0.0,25.2,3.1,5.4,183,90,8920.0,0,0.098,1920.0,330.0,0,0.0,3,0,0.0,-1,-1,-1,-1,0.0,0.0
2026-05-13T15:00,0.0,0.0,0.0,0.0,24.7,3.32,5.9,192,99,8920.0,0,0.098,1540.0,350.0,0,0.0,3,0,0.0,-1,-1,-1,-1,0.0,0.0
2026-05-13T16:00,0.0,0.0,0.0,0.0,24.1,3.26,5.9,198,100,8920.0,0,0.098,1020.0,300.0,0,0.0,3,0,0.0,-1,-1,-1,-1,0.0,0.0
2026-05-13T17:00,0.0,0.0,0.0,0.0,23.3,2.95,5.7,195,100,9940.0,0,0.098,570.0,240.0,0,0.0,3,0,0.0,-1,-1,-1,-1,0.0,0.0
2026-05-13T18:00,0.0,0.0,0.0,0.0,22.3,1.8,5.1,183,100,8900.0,0,0.098,530.0,160.0,0,0.0,3,0,0.0,-1,-1,-1,-1,0.0,0.0
2026-05-13T19:00,0.0,0.0,0.0,0.0,21.5,1.7,2.9,177,99,8900.0,0,0.098,230.0,120.0,0,0.0,3,0,0.0,-1,-1,-1,-1,0.0,0.0
2026-05-13T20:00,0.0,0.0,0.0,0.0,21.0,1.71,2.6,185,99,8900.0,0,0.098,70.0,110.0,0,0.0,3,0,0.0,-1,-1,-1,-1,0.0,0.0
2026-05-13T21:00,0.0,0.0,0.0,0.0,21.0,1.9,3.0,194,100,9920.0,0,0.098,10.0,105.0,0,0.0,3,0,0.0,-1,-1,-1,-1,0.0,0.0
2026-05-13T22:00,0.0,0.0,0.0,0.0,21.7,2.3,3.9,178,99,9920.0,1,0.098,0.0,115.0,0,0.0,3,0,0.0,-1,-1,-1,-1,0.0,0.0
2026-05-13T23:00,0.0,0.0,0.0,0.0,22.8,2.77,4.9,152,99,9920.0,1,0.098,30.0,155.0,0,0.0,3,0,0.0,-1,-1,-1,-1,0.0,0.0
2026-05-14T00:00,0.0,0.0,0.0,0.0,24.5,2.82,5.3,155,91,9920.0,1,0.105,600.0,270.0,0,0.0,3,0,0.0,-1,-1,-1,-1,0.0,0.0
2026-05-14T01:00,0.0,0.0,0.0,0.0,26.7,3.02,6.7,164,98,9920.0,1,0.105,1100.0,440.0,0,0.0,3,0,0.0,-1,-1,-1,-1,0.0,0.0
2026-05-14T02:00,0.0,0.0,0.0,0.0,28.5,3.13,7.1,167,99,10920.0,1,0.104,1660.0,765.0,0,0.0,3,0,0.0,-1,-1,-1,-1,0.0,0.0
2026-05-14T03:00,0.0,0.0,0.0,0.0,29.9,3.17,7.3,174,95,10920.0,1,0.102,1670.0,965.0,0,0.0,3,0,0.0,-1,-1,-1,-1,0.0,0.0
2026-05-14T04:00,0.0,0.0,0.0,0.0,30.9,3.14,7.4,171,100,12700.0,1,0.101,1660.0,1175.0,0,0.0,3,0,0.0,-1,-1,-1,-1,0.0,0.0
2026-05-14T05:00,0.0,0.0,0.0,0.0,31.5,3.17,7.4,164,100,12700.0,1,0.099,1530.0,1565.0,0,0.0,3,0,0.0,-1,-1,-1,-1,0.0,0.0
2026-05-14T06:00,0.0,0.0,0.0,0.0,31.4,3.0,7.3,150,100,12700.0,1,0.111,1490.0,1595.0,0,0.0,3,0,0.0,-1,-1,-1,-1,0.0,0.0
2026-05-14T07:00,0.0,0.0,0.0,0.0,31.2,3.03,6.9,158,100,12700.0,1,0.109,1530.0,1660.0,0,0.0,3,0,0.0,-1,-1,-1,-1,0.0,0.0
2026-05-14T08:00,0.0,0.0,0.0,0.0,31.1,3.0,6.7,154,100,12700.0,1,0.108,1430.0,1720.0,0,0.0,3,0,0.0,-1,-1,-1,-1,0.0,0.0
2026-05-14T09:00,0.0,0.0,0.0,0.0,30.5,3.13,6.3,155,100,12700.0,1,0.106,1230.0,1615.0,0,0.0,3,0,0.0,-1,-1,-1,-1,0.0,0.0
2026-05-14T10:00,0.0,0.0,0.0,0.0,29.5,1.77,6.1,158,96,12680.0,1,0.106,1370.0,675.0,0,0.0,3,0,0.0,-1,-1,-1,-1,0.0,0.0
2026-05-14T11:00,0.0,0.0,0.0,0.0,27.7,1.69,3.3,161,61,10880.0,1,0.105,1480.0,275.0,0,0.0,2,0,0.0,-1,-1,-1,-1,0.0,0.0
2026-05-14T12:00,0.0,0.0,0.0,0.0,26.9,1.75,3.2,178,95,10880.0,0,0.101,1180.0,125.0,0,0.0,3,0,0.0,-1,-1,-1,-1,0.0,0.0
2026-05-14T13:00,0.0,0.0,0.0,0.0,26.2,1.85,3.1,178,73,10880.0,0,0.101,1260.0,130.0,0,0.0,2,0,0.0,-1,-1,-1,-1,0.0,0.0
2026-05-14T14:00,0.0,0.0,0.0,0.0,25.3,1.78,3.1,191,16,10880.0,0,0.101,1350.0,100.0,0,0.0,0,0,0.0,-1,-1,-1,-1,0.0,0.0
2026-05-14T15:00,0.0,0.0,0.0,0.0,24.2,1.72,2.9,210,43,9880.0,0,0.101,1210.0,105.0,0,0.0,1,0,0.0,-1,-1,-1,-1,0.0,0.0
2026-05-14T16:00,0.0,0.0,0.0,0.0,23.5,1.73,2.8,226,26,9880.0,0,0.101,420.0,90.0,0,0.0,1,0,0.0,-1,-1,-1,-1,0.0,0.0
2026-05-14T17:00,0.0,0.0,0.0,0.0,22.9,1.14,2.9,195,2,9860.0,0,0.101,510.0,65.0,0,0.0,0,0,0.0,-1,-1,-1,-1,0.0,0.0
2026-05-14T18:00,0.0,0.0,0.0,0.0,22.8,2.2,5.5,129,14,8840.0,0,0.101,560.0,105.0,0,0.0,0,0,0.0,-1,-1,-1,-1,0.0,0.0
2026-05-14T19:00,0.0,0.0,0.0,0.0,22.0,2.8,5.5,164,4,8840.0,0,0.101,570.0,190.0,0,0.0,0,0,0.0,-1,-1,-1,-1,0.0,0.0
2026-05-14T20:00,0.0,0.0,0.0,0.0,21.7,2.8,5.0,178,0,8840.0,0,0.101,870.0,260.0,0,0.0,0,0,0.0,-1,-1,-1,-1,0.0,0.0
2026-05-14T21:00,0.0,0.0,0.0,0.0,21.4,3.11,5.5,175,0,7780.0,0,0.101,870.0,275.0,0,0.0,0,0,0.0,-1,-1,-1,-1,0.0,0.0
2026-05-14T22:00,0.0,0.0,0.0,0.0,21.4,3.15,5.5,182,0,7760.0,1,0.101,780.0,295.0,0,0.0,0,0,0.0,-1,-1,-1,-1,0.0,0.0
2026-05-14T23:00,0.0,0.0,0.0,0.0,22.2,3.45,6.6,179,0,8840.0,1,0.101,670.0,320.0,0,0.0,0,0,0.0,-1,-1,-1,-1,0.0,0.0
2026-05-15T00:00,0.0,0.0,0.0,0.0,23.4,3.98,8.1,173,0,8840.0,1,0.108,580.0,370.0,0,0.0,0,0,0.0,-1,-1,-1,-1,0.0,0.0
2026-05-15T01:00,0.0,0.0,0.0,0.0,25.0,3.91,8.5,176,0,8840.0,1,0.107,560.0,445.0,0,0.0,0,0,0.0,-1,-1,-1,-1,0.0,0.0
2026-05-15T02:00,0.0,0.0,0.0,0.0,26.6,3.6,8.4,179,0,9840.0,1,0.106,830.0,560.0,0,0.0,0,0,0.0,-1,-1,-1,-1,0.0,0.0
2026-05-15T03:00,0.0,0.0,0.0,0.0,28.0,3.47,8.1,173,32,8600.0,1,0.105,1120.0,780.0,0,0.0,1,0,0.0,-1,-1,-1,-1,0.0,0.0
2026-05-15T04:00,0.0,0.0,0.0,0.0,28.8,3.76,8.4,163,35,8480.0,1,0.104,910.0,1110.0,0,0.0,1,0,0.0,-1,-1,-1,-1,0.0,0.0
2026-05-15T05:00,0.0,0.0,0.0,0.0,29.4,4.09,9.0,158,19,10840.0,1,0.102,820.0,1370.0,0,0.0,0,0,0.0,-1,-1,-1,-1,0.0,0.0
2026-05-15T06:00,0.0,0.0,0.0,0.0,29.3,3.96,9.2,155,20,10840.0,1,0.122,550.0,1345.0,0,0.0,1,0,0.0,-1,-1,-1,-1,0.0,0.0
2026-05-15T07:00,0.0,0.0,0.0,0.0,29.1,4.52,9.3,154,28,12620.0,1,0.119,360.0,1430.0,0,0.0,1,0,0.0,-1,-1,-1,-1,0.0,0.0
2026-05-15T08:00,0.0,0.0,0.0,0.0,28.9,4.45,9.4,155,91,12620.0,1,0.118,220.0,1400.0,0,0.0,3,0,0.0,-1,-1,-1,-1,0.0,0.0
2026-05-15T09:00,0.0,0.0,0.0,0.0,28.4,4.45,9.0,153,82,12620.0,1,0.116,250.0,1390.0,0,0.0,3,0,0.0,-1,-1,-1,-1,0.0,0.0
2026-05-15T10:00,0.0,0.0,0.0,0.0,27.3,4.33,8.6,158,5,10820.0,1,0.115,290.0,1170.0,0,0.0,0,0,0.0,-1,-1,-1,-1,0.0,0.0
2026-05-15T11:00,0.0,0.0,0.0,0.0,25.8,2.66,8.0,164,39,9820.0,1,0.115,210.0,600.0,0,0.0,1,0,0.0,-1,-1,-1,-1,0.0,0.0
2026-05-15T12:00,0.0,0.0,0.0,0.0,25.0,2.24,4.7,151,2,9820.0,0,0.094,120.0,285.0,0,0.0,0,0,0.0,-1,-1,-1,-1,0.0,0.0
2026-05-15T13:00,0.0,0.0,0.0,0.0,24.0,2.15,4.2,162,15,9820.0,0,0.094,80.0,165.0,0,0.0,0,0,0.0,-1,-1,-1,-1,0.0,0.0
2026-05-15T14:00,0.0,0.0,0.0,0.0,22.6,1.44,3.7,166,41,8800.0,0,0.094,50.0,80.0,0,0.0,1,0,0.0,-1,-1,-1,-1,0.0,0.0
2026-05-15T15:00,0.0,0.0,0.0,0.0,21.8,1.4,2.3,178,55,8800.0,0,0.094,50.0,60.0,0,0.0,2,0,0.0,-1,-1,-1,-1,0.0,0.0
2026-05-15T16:00,0.0,0.0,0.0,0.0,21.4,1.4,2.1,178,96,8800.0,0,0.094,70.0,60.0,0,0.0,3,0,0.0,-1,-1,-1,-1,0.0,0.0
2026-05-15T17:00,0.0,0.0,0.0,0.0,21.2,1.92,3.2,152,96,8800.0,0,0.094,80.0,90.0,0,0.0,3,0,0.0,-1,-1,-1,-1,0.0,0.0
2026-05-15T18:00,0.0,0.0,0.0,0.0,21.4,2.71,5.5,155,100,8800.0,0,0.094,60.0,235.0,0,0.0,3,0,0.0,-1,-1,-1,-1,0.0,0.0
2026-05-15T19:00,0.0,0.0,0.0,0.0,20.9,2.25,4.8,159,100,8780.0,0,0.094,60.0,220.0,0,0.0,3,0,0.0,-1,-1,-1,-1,0.0,0.0
2026-05-15T20:00,0.0,0.0,0.0,0.0,19.8,2.25,4.0,143,100,8780.0,0,0.094,50.0,160.0,0,0.0,3,0,0.0,-1,-1,-1,-1,0.0,0.0
2026-05-15T21:00,0.0,0.0,0.0,0.0,19.2,2.85,5.0,149,100,8780.0,0,0.094,0.0,230.0,0,0.0,3,0,0.0,-1,-1,-1,-1,0.0,0.0
2026-05-15T22:00,0.0,0.0,0.0,0.0,19.5,3.06,5.8,154,99,8780.0,1,0.094,0.0,305.0,0,0.0,3,0,0.0,-1,-1,-1,-1,0.0,0.0
2026-05-15T23:00,0.0,0.0,0.0,0.0,20.0,3.24,6.3,160,98,8780.0,1,0.094,0.0,325.0,0,0.0,3,0,0.0,-1,-1,-1,-1,0.0,0.0
2026-05-16T00:00,0.0,0.0,0.0,0.0,20.8,3.07,6.4,156,98,8780.0,1,0.094,0.0,335.0,0,0.0,3,0,0.0,-1,-1,-1,-1,0.0,0.0
2026-05-16T01:00,0.0,0.0,0.0,0.0,22.3,3.06,6.8,152,100,9780.0,1,0.094,0.0,410.0,0,0.0,3,0,0.0,-1,-1,-1,-1,0.0,0.0
2026-05-16T02:00,0.0,0.0,0.0,0.0,23.7,3.29,7.4,152,100,9780.0,1,0.093,10.0,605.0,0,0.0,3,0,0.0,-1,-1,-1,-1,0.0,0.0
2026-05-16T03:00,0.0,0.0,0.0,0.0,24.0,3.04,7.5,153,100,9780.0,1,0.093,30.0,715.0,0,0.0,3,0,0.0,-1,-1,-1,-1,0.0,0.0
2026-05-16T04:00,0.0,0.0,0.0,0.0,25.2,4.32,8.7,155,100,10780.0,1,0.093,0.0,1150.0,0,0.0,3,0,0.0,-1,-1,-1,-1,0.0,0.0
2026-05-16T05:00,0.0,0.0,0.0,0.0,25.3,4.94,9.7,152,100,7440.0,1,0.093,0.0,1220.0,0,0.0,3,0,0.0,-1,-1,-1,-1,0.0,0.0
2026-05-16T06:00,0.0,0.0,0.0,0.0,23.0,3.09,10.0,155,100,9780.0,1,0.093,10.0,715.0,0,0.0,3,0,0.0,-1,-1,-1,-1,0.0,0.0
2026-05-16T07:00,0.4,1.0,0.0,0.0,22.6,2.02,6.1,136,98,8500.0,1,0.097,20.0,495.0,0,0.0,51,1,0.0,16,0,1,4,0.0,0.6
2026-05-16T08:00,0.0,0.0,0.0,0.0,23.2,1.23,4.5,27,100,6860.0,1,0.097,30.0,275.0,0,0.0,3,0,0.0,-1,-1,-1,-1,0.0,0.0
2026-05-16T09:00,0.0,0.0,0.0,0.0,23.1,1.37,3.6,24,100,8660.0,1,0.097,20.0,145.0,0,0.0,3,0,0.0,-1,-1,-1,-1,0.0,0.0
2026-05-16T10:00,0.0,0.0,0.0,0.0,23.1,1.05,3.3,31,100,8760.0,1,0.097,30.0,105.0,0,0.0,3,0,0.0,-1,-1,-1,-1,0.0,0.0
2026-05-16T11:00,0.0,0.0,0.0,0.0,22.5,1.66,2.9,21,100,3360.0,1,0.097,40.0,55.0,0,0.0,3,0,0.0,-1,-1,-1,-1,0.0,0.0
2026-05-16T12:00,0.9,0.0,0.0,0.0,22.4,0.65,3.1,67,100,3760.0,0,0.101,10.0,50.0,0,0.0,53,1,0.9,17,0,1,2,0.0,0
2026-05-16T13:00,0.2,0.0,0.0,0.0,21.8,1.01,1.8,70,100,5040.0,0,0.103,0.0,50.0,0,0.0,51,0,0.2,-1,-1,-1,-1,0.0,0.0
2026-05-16T14:00,0.0,0.0,0.0,0.0,21.5,1.0,2.0,90,100,4080.0,0,0.104,0.0,60.0,0,0.0,3,0,0.0,-1,-1,-1,-1,0.0,0.0
2026-05-16T15:00,0.8,0.75,0.0,0.0,21.3,1.15,1.9,92,100,3840.0,0,0.114,0.0,75.0,0,0.0,53,1,0.2,18,0,3,4,0.901,0.69
2026-05-16T16:00,0.1,0.0,0.0,0.0,21.3,0.89,2.1,106,100,4720.0,0,0.115,30.0,75.0,0,0.0,51,0,0.1,18,1,2,4,0.901,0.24
2026-05-16T17:00,0.3,0.333,0.0,0.0,21.1,1.49,2.4,104,99,4760.0,0,0.118,20.0,120.0,0,0.0,51,1,0.2,18,2,1,4,0.901,0.44
2026-05-16T18:00,0.0,0.0,0.0,0.0,20.9,1.52,2.8,107,100,6460.0,0,0.121,30.0,120.0,0,0.0,3,0,0.0,-1,-1,-1,-1,0.0,0.0
2026-05-16T19:00,0.0,0.0,0.0,0.0,20.8,2.92,4.5,142,100,3920.0,0,0.121,40.0,285.0,0,0.0,3,0,0.0,-1,-1,-1,-1,0.0,0.0
2026-05-16T20:00,0.2,0.0,0.0,0.0,20.3,2.73,5.2,145,99,5420.0,0,0.123,30.0,330.0,0,0.0,51,0,0.2,-1,-1,-1,-1,0.0,0.0
2026-05-16T21:00,0.1,0.0,0.0,0.0,20.1,1.98,4.5,164,100,2320.0,0,0.124,70.0,335.0,0,0.0,51,0,0.1,-1,-1,-1,-1,0.0,0.0
2026-05-16T22:00,3.4,0.647,0.0,0.0,19.9,3.06,5.3,154,100,1520.0,1,0.172,30.0,360.0,0,0.009,81,1,1.2,19,0,5,2,0.785,0.598
2026-05-16T23:00,3.7,0.622,0.0,0.0,19.9,3.4,6.1,160,100,1440.0,1,0.224,60.0,375.0,0,0.0203,81,1,1.4,19,1,4,2,0.785,0.583
2026-05-17T00:00,4.9,0.816,0.0,0.0,20.7,2.98,6.8,157,97,2320.0,1,0.357,100.0,445.0,0,0.0488,81,1,0.9,19,2,3,2,0.785,0.699
2026-05-17T01:00,0.6,0.0,0.0,0.0,21.2,3.38,6.4,142,99,3080.0,1,0.358,70.0,485.0,0,0.0,53,1,0.6,19,3,2,2,0.785,0.209
2026-05-17T02:00,0.3,0.0,0.0,0.0,22.0,2.97,6.9,147,100,6340.0,1,0.355,110.0,525.0,0,0.0,51,1,0.3,19,4,1,2,0.785,0.209
2026-05-17T03:00,0.1,1.0,0.0,0.0,22.6,2.94,6.2,138,100,7460.0,1,0.35,60.0,550.0,0,0.0,51,0,0.0,-1,-1,-1,-1,0.0,0.0
2026-05-17T04:00,0.0,0.0,0.0,0.0,23.4,3.32,6.8,136,88,8740.0,1,0.345,50.0,625.0,0,0.0,3,0,0.0,-1,-1,-1,-1,0.0,0.0
2026-05-17T05:00,0.6,0.833,0.0,0.0,23.7,3.01,7.0,136,100,3120.0,1,0.345,0.0,655.0,0,0.0,53,1,0.1,20,0,2,2,0.566,0.651
2026-05-17T06:00,1.4,0.643,0.0,0.0,23.2,1.63,6.4,135,100,3780.0,1,0.342,40.0,540.0,0,0.002,80,1,0.5,20,1,1,2,0.566,0.537
2026-05-17T07:00,0.1,0.0,0.0,0.0,23.1,0.64,3.0,45,100,7600.0,1,0.34,80.0,70.0,0,0.0,51,0,0.1,-1,-1,-1,-1,0.0,0.0
2026-05-17T08:00,0.0,0.0,0.0,0.0,22.8,2.13,3.8,51,100,4980.0,1,0.337,20.0,215.0,0,0.0,3,0,0.0,-1,-1,-1,-1,0.0,0.0
2026-05-17T09:00,1.2,0.583,0.0,0.0,22.2,2.06,5.0,61,100,1820.0,1,0.348,20.0,200.0,0,0.0005,55,1,0.5,21,0,14,87,0.661,0.526
2026-05-17T10:00,4.6,0.848,0.0,0.0,21.8,2.15,5.4,28,100,1220.0,1,0.403,20.0,160.0,0,0.009,81,1,0.7,21,1,13,87,0.661,0.685
2026-05-17T11:00,6.6,0.5,0.0,0.0,21.4,1.97,5.6,36,100,1420.0,1,0.424,20.0,170.0,0,0.01,81,1,3.3,21,2,12,87,0.661,0.476
2026-05-17T12:00,2.5,0.32,0.0,0.0,21.0,2.91,5.6,341,100,1660.0,0,0.421,20.0,145.0,0,0.0037,81,1,1.7,21,3,11,87,0.661,0.368
2026-05-17T13:00,1.9,0.526,0.0,0.0,20.5,4.35,11.5,359,100,1440.0,0,0.415,20.0,225.0,0,0.0022,80,1,0.9,21,4,10,87,0.661,0.492
2026-05-17T14:00,3.9,0.436,0.0,0.0,20.2,4.56,10.9,3,100,1020.0,0,0.428,40.0,355.0,0,0.0145,81,1,2.2,21,5,9,87,0.661,0.438
2026-05-17T15:00,6.3,0.508,0.0,0.0,19.9,4.45,10.4,8,100,1020.0,0,0.425,50.0,455.0,0,0.025,81,1,3.1,21,6,8,87,0.661,0.481
2026-05-17T16:00,9.1,0.505,0.0,0.0,19.2,5.35,10.4,21,100,900.0,0,0.43,20.0,505.0,0,0.01,82,1,4.5,21,7,7,87,0.661,0.479
2026-05-17T17:00,9.6,0.344,0.0,0.0,18.6,5.26,10.9,39,100,1260.0,0,0.43,10.0,440.0,0,0.005,82,1,6.3,21,8,6,87,0.661,0.383
2026-05-17T18:00,4.1,0.0,0.0,0.0,18.5,4.24,9.2,8,100,1440.0,0,0.431,20.0,745.0,0,0.0077,63,1,4.1,21,9,5,87,0.661,0.176
2026-05-17T19:00,3.8,0.237,0.0,0.0,18.4,5.1,8.9,2,100,1620.0,0,0.43,20.0,800.0,0,0.007,81,1,2.9,21,10,4,87,0.661,0.318
2026-05-17T20:00,2.3,0.0,0.0,0.0,17.9,6.0,10.8,359,100,1800.0,0,0.43,10.0,780.0,0,0.0016,61,1,2.3,21,11,3,87,0.661,0.176
2026-05-17T21:00,2.3,0.0,0.0,0.0,17.5,5.6,10.7,360,100,1960.0,0,0.43,0.0,725.0,0,0.0,61,1,2.3,21,12,2,87,0.661,0.176
2026-05-17T22:00,0.7,0.0,0.0,0.0,17.3,5.35,10.0,358,100,5120.0,1,0.426,0.0,715.0,0,0.0,53,1,0.7,21,13,1,87,0.661,0.176
2026-05-17T23:00,0.0,0.0,0.0,0.0,17.2,5.45,9.8,2,100,7400.0,1,0.422,0.0,610.0,0,0.0,3,0,0.0,-1,-1,-1,-1,0.0,0.0
2026-05-18T00:00,0.0,0.0,0.0,0.0,18.3,3.55,9.9,358,100,8700.0,1,0.418,0.0,580.0,0,0.0,3,0,0.0,-1,-1,-1,-1,0.0,0.0
2026-05-18T01:00,0.0,0.0,0.0,0.0,20.2,4.77,9.4,355,96,8720.0,1,0.412,0.0,705.0,0,0.0,3,0,0.0,-1,-1,-1,-1,0.0,0.0
2026-05-18T02:00,0.0,0.0,0.0,0.0,21.8,4.9,10.2,2,100,9720.0,1,0.407,0.0,905.0,0,0.0,3,0,0.0,-1,-1,-1,-1,0.0,0.0
2026-05-18T03:00,0.0,0.0,0.0,0.0,22.7,5.07,10.2,5,100,9720.0,1,0.401,0.0,1090.0,0,0.0,3,0,0.0,-1,-1,-1,-1,0.0,0.0
2026-05-18T04:00,0.0,0.0,0.0,0.0,23.7,5.2,10.7,8,100,10720.0,1,0.396,0.0,1225.0,0,0.0,3,0,0.0,-1,-1,-1,-1,0.0,0.0
2026-05-18T05:00,0.0,0.0,0.0,0.0,24.4,5.08,10.6,17,92,10720.0,1,0.39,0.0,1285.0,0,0.0,3,0,0.0,-1,-1,-1,-1,0.0,0.0
2026-05-18T06:00,0.0,0.0,0.0,0.0,24.7,4.63,10.3,20,100,10720.0,1,0.387,0.0,1265.0,0,0.0,3,0,0.0,-1,-1,-1,-1,0.0,0.0
2026-05-18T07:00,0.0,0.0,0.0,0.0,24.9,4.21,9.4,20,100,10720.0,1,0.382,0.0,1210.0,0,0.0,3,0,0.0,-1,-1,-1,-1,0.0,0.0
2026-05-18T08:00,0.0,0.0,0.0,0.0,24.8,3.48,8.5,18,100,10720.0,1,0.379,0.0,1120.0,0,0.0,3,0,0.0,-1,-1,-1,-1,0.0,0.0
2026-05-18T09:00,0.0,0.0,0.0,0.0,24.6,2.7,6.8,34,100,10720.0,1,0.376,0.0,1195.0,0,0.0,3,0,0.0,-1,-1,-1,-1,0.0,0.0
2026-05-18T10:00,0.0,0.0,0.0,0.0,23.7,1.87,5.1,34,100,9720.0,1,0.375,0.0,495.0,0,0.0,3,0,0.0,-1,-1,-1,-1,0.0,0.0
2026-05-18T11:00,0.0,0.0,0.0,0.0,22.2,2.3,4.0,46,100,8720.0,1,0.375,0.0,260.0,0,0.0,3,0,0.0,-1,-1,-1,-1,0.0,0.0
2026-05-18T12:00,0.0,0.0,0.0,0.0,20.9,2.11,4.0,54,100,8720.0,0,0.372,0.0,140.0,0,0.0,3,0,0.0,-1,-1,-1,-1,0.0,0.0
2026-05-18T13:00,0.0,0.0,0.0,0.0,19.9,1.76,3.5,35,100,8700.0,0,0.372,0.0,85.0,0,0.0,3,0,0.0,-1,-1,-1,-1,0.0,0.0
2026-05-18T14:00,0.0,0.0,0.0,0.0,19.5,2.48,4.0,28,100,8700.0,0,0.372,0.0,155.0,0,0.0,3,0,0.0,-1,-1,-1,-1,0.0,0.0
2026-05-18T15:00,0.0,0.0,0.0,0.0,19.1,3.02,5.4,39,100,7640.0,0,0.372,0.0,305.0,0,0.0,3,0,0.0,-1,-1,-1,-1,0.0,0.0
2026-05-18T16:00,0.0,0.0,0.0,0.0,18.2,2.8,5.3,22,100,6420.0,0,0.372,0.0,310.0,0,0.0,3,0,0.0,-1,-1,-1,-1,0.0,0.0
2026-05-18T17:00,0.0,0.0,0.0,0.0,17.7,3.22,5.7,24,100,6420.0,0,0.372,0.0,305.0,0,0.0,3,0,0.0,-1,-1,-1,-1,0.0,0.0
2026-05-18T18:00,0.0,0.0,0.0,0.0,17.6,3.58,6.1,30,100,5080.0,0,0.372,0.0,320.0,0,0.0,3,0,0.0,-1,-1,-1,-1,0.0,0.0
2026-05-18T19:00,0.0,0.0,0.0,0.0,17.3,3.54,6.6,45,100,5080.0,0,0.372,0.0,350.0,0,0.0,3,0,0.0,-1,-1,-1,-1,0.0,0.0
2026-05-18T20:00,0.0,0.0,0.0,0.0,17.1,3.19,6.3,42,100,5060.0,0,0.372,0.0,335.0,0,0.0,3,0,0.0,-1,-1,-1,-1,0.0,0.0
2026-05-18T21:00,0.0,0.0,0.0,0.0,17.1,3.18,5.8,46,100,5040.0,0,0.372,0.0,335.0,0,0.0,3,0,0.0,-1,-1,-1,-1,0.0,0.0
2026-05-18T22:00,0.0,0.0,0.0,0.0,17.3,3.65,6.9,41,100,4980.0,1,0.371,0.0,345.0,0,0.0,3,0,0.0,-1,-1,-1,-1,0.0,0.0
2026-05-18T23:00,0.0,0.0,0.0,0.0,18.0,4.18,8.2,42,100,5000.0,1,0.371,0.0,410.0,0,0.0,3,0,0.0,-1,-1,-1,-1,0.0,0.0
2026-05-19T00:00,0.0,0.0,0.0,0.0,19.0,4.18,9.2,42,100,7640.0,1,0.368,0.0,500.0,0,0.0,3,0,0.0,-1,-1,-1,-1,0.0,0.0
2026-05-19T01:00,0.0,0.0,0.0,0.0,20.3,4.41,9.1,51,100,8700.0,1,0.365,0.0,640.0,0,0.0,3,0,0.0,-1,-1,-1,-1,0.0,0.0
2026-05-19T02:00,0.0,0.0,0.0,0.0,21.5,4.14,9.3,47,95,8700.0,1,0.362,0.0,725.0,0,0.0,3,0,0.0,-1,-1,-1,-1,0.0,0.0
2026-05-19T03:00,0.0,0.0,0.0,0.0,22.5,4.11,9.1,48,100,9700.0,1,0.358,0.0,810.0,0,0.0,3,0,0.0,-1,-1,-1,-1,0.0,0.0
2026-05-19T04:00,0.0,0.0,0.0,0.0,23.7,3.4,8.9,49,99,9700.0,1,0.354,0.0,955.0,0,0.0,3,0,0.0,-1,-1,-1,-1,0.0,0.0
2026-05-19T05:00,0.0,0.0,0.0,0.0,24.2,3.22,7.8,42,99,9700.0,1,0.35,40.0,1040.0,0,0.0,3,0,0.0,-1,-1,-1,-1,0.0,0.0
2026-05-19T06:00,0.0,0.0,0.0,0.0,23.7,3.04,7.4,33,86,9700.0,1,0.346,30.0,1060.0,0,0.0,3,0,0.0,-1,-1,-1,-1,0.0,0.0
2026-05-19T07:00,0.0,0.0,0.0,0.0,24.3,3.17,7.1,38,75,9700.0,1,0.343,60.0,1115.0,0,0.0,2,0,0.0,-1,-1,-1,-1,0.0,0.0
2026-05-19T08:00,0.0,0.0,0.0,0.0,24.3,3.24,7.2,52,86,9700.0,1,0.34,40.0,1175.0,0,0.0,3,0,0.0,-1,-1,-1,-1,0.0,0.0
2026-05-19T09:00,0.0,0.0,0.0,0.0,24.0,3.06,6.8,56,100,9700.0,1,0.338,60.0,1145.0,0,0.0,3,0,0.0,-1,-1,-1,-1,0.0,0.0
2026-05-19T10:00,0.0,0.0,0.0,0.0,23.1,2.8,6.1,71,100,9700.0,1,0.337,100.0,990.0,0,0.0,3,0,0.0,-1,-1,-1,-1,0.0,0.0
2026-05-19T11:00,0.0,0.0,0.0,0.0,21.6,3.5,6.3,88,100,8700.0,1,0.337,10.0,505.0,0,0.0,3,0,0.0,-1,-1,-1,-1,0.0,0.0
2026-05-19T12:00,0.0,0.0,0.0,0.0,20.7,3.26,6.4,86,100,8700.0,0,0.333,0.0,405.0,0,0.0,3,0,0.0,-1,-1,-1,-1,0.0,0.0
2026-05-19T13:00,0.0,0.0,0.0,0.0,19.8,3.23,5.9,77,100,8700.0,0,0.333,0.0,395.0,0,0.0,3,0,0.0,-1,-1,-1,-1,0.0,0.0
2026-05-19T14:00,0.0,0.0,0.0,0.0,19.0,3.24,5.7,65,100,8680.0,0,0.334,0.0,345.0,0,0.0,3,0,0.0,-1,-1,-1,-1,0.0,0.0
2026-05-19T15:00,0.0,0.0,0.0,0.0,18.5,3.59,6.4,69,100,7620.0,0,0.334,0.0,410.0,0,0.0,3,0,0.0,-1,-1,-1,-1,0.0,0.0
2026-05-19T16:00,0.0,0.0,0.0,0.0,17.9,3.12,6.5,58,100,7620.0,0,0.334,0.0,425.0,0,0.0,3,0,0.0,-1,-1,-1,-1,0.0,0.0
2026-05-19T17:00,0.0,0.0,0.0,0.0,17.7,3.15,5.9,48,100,6400.0,0,0.334,0.0,485.0,0,0.0,3,0,0.0,-1,-1,-1,-1,0.0,0.0
2026-05-19T18:00,0.0,0.0,0.0,0.0,17.9,3.17,5.6,38,100,6220.0,0,0.333,0.0,595.0,0,0.0,3,0,0.0,-1,-1,-1,-1,0.0,0.0
2026-05-19T19:00,0.0,0.0,0.0,0.0,17.7,3.36,6.5,30,100,6280.0,0,0.333,160.0,505.0,0,0.0,3,0,0.0,-1,-1,-1,-1,0.0,0.0
2026-05-19T20:00,0.0,0.0,0.0,0.0,17.7,3.7,6.6,19,100,4500.0,0,0.333,200.0,405.0,0,0.0,3,0,0.0,-1,-1,-1,-1,0.0,0.0
2026-05-19T21:00,0.1,0.0,0.0,0.0,17.7,3.32,6.9,23,100,4060.0,0,0.334,190.0,450.0,0,0.0,51,0,0.1,-1,-1,-1,-1,0.0,0.0
2026-05-19T22:00,0.0,0.0,0.0,0.0,17.8,3.29,5.9,26,100,4300.0,1,0.335,180.0,450.0,0,0.0,3,0,0.0,-1,-1,-1,-1,0.0,0.0
2026-05-19T23:00,0.1,0.0,0.0,0.0,18.1,3.2,6.1,34,100,3860.0,1,0.335,130.0,540.0,0,0.0,51,0,0.1,-1,-1,-1,-1,0.0,0.0
2026-05-20T00:00,0.1,0.0,0.0,0.0,18.7,4.83,8.0,34,100,5460.0,1,0.335,70.0,630.0,0,0.0,51,0,0.1,-1,-1,-1,-1,0.0,0.0
2026-05-20T01:00,0.1,0.0,0.0,0.0,18.9,4.68,9.3,41,100,4880.0,1,0.335,90.0,630.0,0,0.0,51,0,0.1,-1,-1,-1,-1,0.0,0.0
2026-05-20T02:00,0.2,0.5,0.0,0.0,19.2,3.88,9.1,52,100,6760.0,1,0.336,100.0,685.0,0,0.0,51,0,0.1,-1,-1,-1,-1,0.0,0.0
2026-05-20T03:00,0.0,0.0,0.0,0.0,20.3,4.08,8.3,57,98,8680.0,1,0.335,70.0,745.0,0,0.0,3,0,0.0,-1,-1,-1,-1,0.0,0.0
2026-05-20T04:00,0.0,0.0,0.0,0.0,21.7,4.35,9.7,45,100,9700.0,1,0.332,40.0,1020.0,0,0.0,3,0,0.0,-1,-1,-1,-1,0.0,0.0
2026-05-20T05:00,0.0,0.0,0.0,0.0,22.1,4.42,9.3,44,82,9680.0,1,0.329,10.0,1170.0,0,0.0,3,0,0.0,-1,-1,-1,-1,0.0,0.0
2026-05-20T06:00,0.0,0.0,0.0,0.0,22.3,4.58,9.0,54,80,6340.0,1,0.336,20.0,1170.0,0,0.0,3,0,0.0,-1,-1,-1,-1,0.0,0.0
2026-05-20T07:00,0.1,0.0,0.0,0.0,21.5,4.32,9.4,66,40,5540.0,1,0.334,10.0,750.0,0,0.0,51,0,0.1,-1,-1,-1,-1,0.0,0.0
2026-05-20T08:00,0.1,0.0,0.0,0.0,21.0,4.3,8.8,78,34,5320.0,1,0.333,10.0,715.0,0,0.0,51,0,0.1,-1,-1,-1,-1,0.0,0.0
2026-05-20T09:00,0.1,0.0,0.0,0.0,20.9,4.2,8.6,78,13,6220.0,1,0.333,10.0,750.0,0,0.0,51,0,0.1,-1,-1,-1,-1,0.0,0.0
2026-05-20T10:00,0.0,0.0,0.0,0.0,20.1,3.8,8.2,77,4,8340.0,1,0.332,0.0,690.0,0,0.0,0,0,0.0,-1,-1,-1,-1,0.0,0.0
2026-05-20T11:00,0.0,0.0,0.0,0.0,19.0,2.53,7.1,75,2,8620.0,1,0.331,0.0,650.0,0,0.0,0,0,0.0,-1,-1,-1,-1,0.0,0.0
2026-05-20T12:00,0.0,0.0,0.0,0.0,18.7,2.52,4.6,82,20,8600.0,0,0.32,0.0,600.0,0,0.0,1,0,0.0,-1,-1,-1,-1,0.0,0.0
2026-05-20T13:00,0.0,0.0,0.0,0.0,17.4,1.46,4.5,74,8,7540.0,0,0.32,0.0,155.0,0,0.0,0,0,0.0,-1,-1,-1,-1,0.0,0.0
2026-05-20T14:00,0.0,0.0,0.0,0.0,16.9,1.87,3.3,70,5,6320.0,0,0.32,0.0,200.0,0,0.0,0,0,0.0,-1,-1,-1,-1,0.0,0.0
2026-05-20T15:00,0.0,0.0,0.0,0.0,16.2,1.35,3.3,75,1,6340.0,0,0.321,0.0,155.0,0,0.0,0,0,0.0,-1,-1,-1,-1,0.0,0.0
2026-05-20T16:00,0.0,0.0,0.0,0.0,15.7,0.58,2.2,31,5,5040.0,0,0.321,0.0,40.0,0,0.0,0,0,0.0,-1,-1,-1,-1,0.0,0.0
2026-05-20T17:00,0.0,0.0,0.0,0.0,15.3,0.97,1.5,12,3,5060.0,0,0.321,0.0,35.0,0,0.0,0,0,0.0,-1,-1,-1,-1,0.0,0.0
2026-05-20T18:00,0.0,0.0,0.0,0.0,15.4,1.2,1.5,48,5,3240.0,0,0.319,0.0,45.0,0,0.0,0,0,0.0,-1,-1,-1,-1,0.0,0.0
2026-05-20T19:00,0.0,0.0,0.0,0.0,15.3,1.43,2.4,78,12,5060.0,0,0.319,0.0,60.0,0,0.0,0,0,0.0,-1,-1,-1,-1,0.0,0.0
2026-05-20T20:00,0.0,0.0,0.0,0.0,15.1,1.46,2.3,96,16,5060.0,0,0.319,0.0,65.0,0,0.0,0,0,0.0,-1,-1,-1,-1,0.0,0.0
2026-05-20T21:00,0.0,0.0,0.0,0.0,14.7,1.21,2.4,120,96,5060.0,0,0.319,0.0,50.0,0,0.0,3,0,0.0,-1,-1,-1,-1,0.0,0.0
2026-05-20T22:00,0.0,0.0,0.0,0.0,15.5,1.35,2.2,176,92,5060.0,1,0.32,0.0,50.0,0,0.0,3,0,0.0,-1,-1,-1,-1,0.0,0.0
2026-05-20T23:00,0.0,0.0,0.0,0.0,17.0,1.07,2.9,217,57,6380.0,1,0.32,0.0,110.0,0,0.0,2,0,0.0,-1,-1,-1,-1,0.0,0.0
2026-05-21T00:00,0.0,0.0,0.0,0.0,19.0,1.03,3.8,209,23,7600.0,1,0.314,0.0,255.0,0,0.0,1,0,0.0,-1,-1,-1,-1,0.0,0.0
2026-05-21T01:00,0.0,0.0,0.0,0.0,20.6,1.1,4.0,177,59,8660.0,1,0.312,0.0,545.0,0,0.0,2,0,0.0,-1,-1,-1,-1,0.0,0.0
2026-05-21T02:00,0.0,0.0,0.0,0.0,21.7,2.07,5.4,165,82,8660.0,1,0.309,0.0,740.0,0,0.0,3,0,0.0,-1,-1,-1,-1,0.0,0.0
2026-05-21T03:00,0.0,0.0,0.0,0.0,22.6,2.72,6.7,173,98,9680.0,1,0.306,0.0,835.0,0,0.0,3,0,0.0,-1,-1,-1,-1,0.0,0.0
2026-05-21T04:00,0.0,0.0,0.0,0.0,23.6,2.03,6.7,170,63,9680.0,1,0.302,0.0,885.0,0,0.0,2,0,0.0,-1,-1,-1,-1,0.0,0.0
2026-05-21T05:00,0.0,0.0,0.0,0.0,24.5,2.21,5.8,185,63,9680.0,1,0.297,0.0,1110.0,0,0.0,2,0,0.0,-1,-1,-1,-1,0.0,0.0
2026-05-21T06:00,0.0,0.0,0.0,0.0,24.8,2.47,6.5,173,95,10660.0,1,0.292,0.0,1250.0,0,0.0,3,0,0.0,-1,-1,-1,-1,0.0,0.0
2026-05-21T07:00,0.0,0.0,0.0,0.0,24.9,1.83,5.9,169,94,10660.0,1,0.288,0.0,1065.0,0,0.0,3,0,0.0,-1,-1,-1,-1,0.0,0.0
2026-05-21T08:00,0.0,0.0,0.0,0.0,25.1,1.71,4.8,159,74,10660.0,1,0.285,0.0,1115.0,0,0.0,2,0,0.0,-1,-1,-1,-1,0.0,0.0
2026-05-21T09:00,0.0,0.0,0.0,0.0,24.9,2.4,4.8,144,45,10660.0,1,0.283,0.0,1170.0,0,0.0,1,0,0.0,-1,-1,-1,-1,0.0,0.0
2026-05-21T10:00,0.0,0.0,0.0,0.0,24.0,2.29,4.9,148,79,9660.0,1,0.282,0.0,570.0,0,0.0,2,0,0.0,-1,-1,-1,-1,0.0,0.0
2026-05-21T11:00,0.0,0.0,0.0,0.0,22.3,2.55,4.4,145,94,9660.0,1,0.282,0.0,270.0,0,0.0,3,0,0.0,-1,-1,-1,-1,0.0,0.0
2026-05-21T12:00,0.0,0.0,0.0,0.0,21.4,2.65,4.9,158,99,8660.0,0,0.281,0.0,230.0,0,0.0,3,0,0.0,-1,-1,-1,-1,0.0,0.0
2026-05-21T13:00,0.2,1.0,0.0,0.0,20.6,2.15,4.5,162,100,8660.0,0,0.284,0.0,130.0,0,0.0,51,0,0.0,-1,-1,-1,-1,0.0,0.0
2026-05-21T14:00,0.4,0.75,0.0,0.0,20.1,2.48,4.2,140,100,6160.0,0,0.288,0.0,120.0,0,0.0,51,1,0.1,22,0,1,4,0.0,0.45
2026-05-21T15:00,0.0,0.0,0.0,0.0,20.0,2.64,4.3,127,100,7580.0,0,0.288,0.0,145.0,0,0.0,3,0,0.0,-1,-1,-1,-1,0.0,0.0
2026-05-21T16:00,0.0,0.0,0.0,0.0,19.9,3.26,5.5,140,100,7580.0,0,0.289,0.0,255.0,0,0.0,3,0,0.0,-1,-1,-1,-1,0.0,0.0
2026-05-21T17:00,0.0,0.0,0.0,0.0,20.2,3.18,5.5,152,100,7580.0,0,0.289,0.0,290.0,0,0.0,3,0,0.0,-1,-1,-1,-1,0.0,0.0
2026-05-21T18:00,0.0,0.0,0.0,0.0,20.4,2.8,5.7,156,100,4300.0,0,0.296,10.0,290.0,0,0.0,3,0,0.0,-1,-1,-1,-1,0.0,0.0
2026-05-21T19:00,0.3,0.667,0.0,0.0,20.1,2.13,6.2,150,100,5520.0,0,0.3,10.0,210.0,0,0.0,51,1,0.1,23,0,1,3,0.0,0.4
2026-05-21T20:00,0.0,0.0,0.0,0.0,20.0,2.23,3.7,146,100,5060.0,0,0.3,0.0,180.0,0,0.0,3,0,0.0,-1,-1,-1,-1,0.0,0.0
2026-05-21T21:00,0.0,0.0,0.0,0.0,20.1,3.1,5.2,149,100,6380.0,0,0.3,30.0,315.0,0,0.0,3,0,0.0,-1,-1,-1,-1,0.0,0.0
2026-05-21T22:00,0.1,0.0,0.0,0.0,20.3,3.65,6.3,171,100,3860.0,1,0.301,70.0,440.0,0,0.0,51,0,0.1,-1,-1,-1,-1,0.0,0.0
2026-05-21T23:00,0.3,0.0,0.0,0.0,20.5,3.95,7.0,167,100,3100.0,1,0.304,40.0,470.0,0,0.0,51,1,0.3,24,0,8,62,0.582,0.155
2026-05-22T00:00,0.3,0.0,0.0,0.0,20.8,2.77,7.1,173,100,2360.0,1,0.321,60.0,715.0,0,0.0,51,1,0.3,24,1,7,62,0.582,0.155
2026-05-22T01:00,1.4,0.286,0.0,0.0,20.9,3.64,6.6,201,100,2860.0,1,0.338,130.0,705.0,0,0.0065,80,1,1.0,24,2,6,62,0.582,0.327
2026-05-22T02:00,1.1,0.727,0.0,0.0,21.0,3.88,7.5,215,100,3900.0,1,0.35,110.0,745.0,0,0.0014,55,1,0.3,24,3,5,62,0.582,0.592
2026-05-22T03:00,1.2,0.75,0.0,0.0,20.6,3.79,7.1,228,100,1700.0,1,0.364,100.0,515.0,0,0.0025,55,1,0.3,24,4,4,62,0.582,0.605
2026-05-22T04:00,2.4,0.583,0.0,0.0,20.2,4.55,9.2,255,100,1780.0,1,0.391,60.0,545.0,0,0.0105,80,1,1.0,24,5,3,62,0.582,0.505
2026-05-22T05:00,1.4,0.214,0.0,0.0,19.8,3.49,8.0,295,100,2640.0,1,0.401,20.0,555.0,0,0.001,80,1,1.1,24,6,2,62,0.582,0.284
2026-05-22T06:00,1.1,0.545,0.0,0.0,19.0,3.08,6.6,318,72,3960.0,1,0.415,10.0,485.0,0,0.0001,55,1,0.5,24,7,1,62,0.582,0.482
2026-05-22T07:00,0.0,0.0,0.0,0.0,21.2,3.7,8.8,347,6,8520.0,1,0.402,0.0,740.0,0,0.0,0,0,0.0,-1,-1,-1,-1,0.0,0.0
2026-05-22T08:00,0.0,0.0,0.0,0.0,22.1,2.77,7.8,353,0,9660.0,1,0.392,10.0,720.0,0,0.0,0,0,0.0,-1,-1,-1,-1,0.0,0.0
2026-05-22T09:00,0.0,0.0,0.0,0.0,22.1,1.78,6.3,350,1,9640.0,1,0.385,60.0,720.0,0,0.0,0,0,0.0,-1,-1,-1,-1,0.0,0.0
2026-05-22T10:00,0.0,0.0,0.0,0.0,21.6,0.89,4.0,344,2,9640.0,1,0.38,120.0,595.0,0,0.0,0,0,0.0,-1,-1,-1,-1,0.0,0.0
2026-05-22T11:00,0.0,0.0,0.0,0.0,20.3,0.25,1.6,349,2,8640.0,1,0.377,200.0,20.0,0,0.0,0,0,0.0,-1,-1,-1,-1,0.0,0.0
2026-05-22T12:00,0.0,0.0,0.0,0.0,18.1,0.54,0.5,146,0,8640.0,0,0.379,110.0,25.0,0,0.0,0,0,0.0,-1,-1,-1,-1,0.0,0.0
2026-05-22T13:00,0.0,0.0,0.0,0.0,17.2,0.41,0.8,194,0,6360.0,0,0.377,100.0,20.0,0,0.0,0,0,0.0,-1,-1,-1,-1,0.0,0.0
2026-05-22T14:00,0.0,0.0,0.0,0.0,16.6,0.46,0.9,193,0,6360.0,0,0.375,80.0,20.0,0,0.0,0,0,0.0,-1,-1,-1,-1,0.0,0.0
2026-05-22T15:00,0.0,0.0,0.0,0.0,16.1,0.6,0.9,270,0,6360.0,0,0.373,40.0,25.0,0,0.0,0,0,0.0,-1,-1,-1,-1,0.0,0.0
2026-05-22T16:00,0.0,0.0,0.0,0.0,16.0,0.27,0.9,202,0,5040.0,0,0.372,20.0,15.0,0,0.0,0,0,0.0,-1,-1,-1,-1,0.0,0.0
2026-05-22T17:00,0.0,0.0,0.0,0.0,15.3,1.06,1.4,139,0,5040.0,0,0.37,0.0,30.0,0,0.0,0,0,0.0,-1,-1,-1,-1,0.0,0.0
2026-05-22T18:00,0.0,0.0,0.0,0.0,15.2,1.46,2.3,128,0,3240.0,0,0.368,0.0,40.0,0,0.0,0,0,0.0,-1,-1,-1,-1,0.0,0.0
2026-05-22T19:00,0.0,0.0,0.0,0.0,14.7,0.61,2.2,99,3,1980.0,0,0.367,210.0,25.0,0,0.0,0,0,0.0,-1,-1,-1,-1,0.0,0.0
2026-05-22T20:00,0.0,0.0,0.0,0.0,14.7,2.0,3.3,148,31,400.0,0,0.366,0.0,45.0,0,0.0,1,0,0.0,-1,-1,-1,-1,0.0,0.0
2026-05-22T21:00,0.0,0.0,0.0,0.0,14.7,2.39,4.0,154,98,400.0,0,0.365,0.0,60.0,0,0.0,3,0,0.0,-1,-1,-1,-1,0.0,0.0
2026-05-22T22:00,0.0,0.0,0.0,0.0,15.3,2.72,4.4,167,100,340.0,1,0.364,0.0,90.0,0,0.0,3,0,0.0,-1,-1,-1,-1,0.0,0.0
2026-05-22T23:00,0.0,0.0,0.0,0.0,16.7,2.26,4.5,155,76,460.0,1,0.363,0.0,125.0,0,0.0,2,0,0.0,-1,-1,-1,-1,0.0,0.0
2026-05-23T00:00,0.0,0.0,0.0,0.0,19.7,2.25,5.6,177,16,7560.0,1,0.361,0.0,325.0,0,0.0,0,0,0.0,-1,-1,-1,-1,0.0,0.0
2026-05-23T01:00,0.0,0.0,0.0,0.0,21.5,2.55,6.1,178,33,8620.0,1,0.358,0.0,480.0,0,0.0,1,0,0.0,-1,-1,-1,-1,0.0,0.0
2026-05-23T02:00,0.0,0.0,0.0,0.0,23.1,2.25,6.1,183,75,9640.0,1,0.354,0.0,565.0,0,0.0,2,0,0.0,-1,-1,-1,-1,0.0,0.0
2026-05-23T03:00,0.0,0.0,0.0,0.0,24.5,2.59,6.3,190,83,9640.0,1,0.349,20.0,665.0,0,0.0,3,0,0.0,-1,-1,-1,-1,0.0,0.0
2026-05-23T04:00,0.0,0.0,0.0,0.0,25.8,3.34,7.5,189,73,9640.0,1,0.344,80.0,770.0,0,0.0,2,0,0.0,-1,-1,-1,-1,0.0,0.0
2026-05-23T05:00,0.0,0.0,0.0,0.0,26.8,3.2,7.7,179,41,10640.0,1,0.338,220.0,765.0,0,0.0,1,0,0.0,-1,-1,-1,-1,0.0,0.0
2026-05-23T06:00,0.0,0.0,0.0,0.0,27.5,2.69,7.2,170,99,10640.0,1,0.334,490.0,800.0,0,0.0,3,0,0.0,-1,-1,-1,-1,0.0,0.0
2026-05-23T07:00,0.0,0.0,0.0,0.0,28.1,3.02,6.5,164,96,10640.0,1,0.329,680.0,905.0,0,0.0,3,0,0.0,-1,-1,-1,-1,0.0,0.0
2026-05-23T08:00,0.0,0.0,0.0,0.0,28.1,3.49,7.0,161,98,10640.0,1,0.325,830.0,990.0,0,0.0,3,0,0.0,-1,-1,-1,-1,0.0,0.0
2026-05-23T09:00,0.0,0.0,0.0,0.0,27.6,3.26,7.0,162,100,10640.0,1,0.323,940.0,935.0,0,0.0,3,0,0.0,-1,-1,-1,-1,0.0,0.0
2026-05-23T10:00,0.0,0.0,0.0,0.0,26.1,3.24,5.9,163,99,9640.0,1,0.321,900.0,520.0,0,0.0,3,0,0.0,-1,-1,-1,-1,0.0,0.0
2026-05-23T11:00,0.0,0.0,0.0,0.0,24.5,3.04,5.7,163,100,8620.0,1,0.321,580.0,310.0,0,0.0,3,0,0.0,-1,-1,-1,-1,0.0,0.0
2026-05-23T12:00,0.0,0.0,0.0,0.0,23.9,2.35,5.2,153,100,8620.0,0,0.319,640.0,165.0,0,0.0,3,0,0.0,-1,-1,-1,-1,0.0,0.0
2026-05-23T13:00,0.0,0.0,0.0,0.0,23.1,2.28,4.0,165,100,8620.0,0,0.319,820.0,140.0,0,0.0,3,0,0.0,-1,-1,-1,-1,0.0,0.0
2026-05-23T14:00,0.0,0.0,0.0,0.0,22.3,2.36,4.0,186,100,7540.0,0,0.319,760.0,160.0,0,0.0,3,0,0.0,-1,-1,-1,-1,0.0,0.0
2026-05-23T15:00,0.0,0.0,0.0,0.0,21.6,2.4,4.2,184,100,6340.0,0,0.32,410.0,150.0,0,0.0,3,0,0.0,-1,-1,-1,-1,0.0,0.0
2026-05-23T16:00,0.0,0.0,0.0,0.0,21.2,2.61,4.5,176,100,6340.0,0,0.32,250.0,170.0,0,0.0,3,0,0.0,-1,-1,-1,-1,0.0,0.0
2026-05-23T17:00,0.0,0.0,0.0,0.0,21.5,2.65,5.0,180,100,6340.0,0,0.32,230.0,245.0,0,0.0,3,0,0.0,-1,-1,-1,-1,0.0,0.0
2026-05-23T18:00,0.0,0.0,0.0,0.0,21.7,1.85,4.6,182,100,6340.0,0,0.322,540.0,165.0,0,0.0,3,0,0.0,-1,-1,-1,-1,0.0,0.0
2026-05-23T19:00,0.0,0.0,0.0,0.0,21.6,2.31,3.9,174,100,6340.0,0,0.322,440.0,145.0,0,0.0,3,0,0.0,-1,-1,-1,-1,0.0,0.0
2026-05-23T20:00,0.0,0.0,0.0,0.0,21.3,2.63,4.4,166,100,6340.0,0,0.322,150.0,175.0,0,0.0,3,0,0.0,-1,-1,-1,-1,0.0,0.0
2026-05-23T21:00,0.0,0.0,0.0,0.0,20.9,2.8,5.1,158,100,6340.0,0,0.322,140.0,190.0,0,0.0,3,0,0.0,-1,-1,-1,-1,0.0,0.0
2026-05-23T22:00,0.0,0.0,0.0,0.0,21.1,2.42,4.8,158,100,6340.0,1,0.322,160.0,175.0,0,0.0,3,0,0.0,-1,-1,-1,-1,0.0,0.0
2026-05-23T23:00,0.0,0.0,0.0,0.0,22.0,2.23,4.7,171,99,6340.0,1,0.322,180.0,290.0,0,0.0,3,0,0.0,-1,-1,-1,-1,0.0,0.0
2026-05-24T00:00,0.0,0.0,0.0,0.0,23.4,1.96,4.9,176,77,7540.0,1,0.32,280.0,300.0,0,0.0,2,0,0.0,-1,-1,-1,-1,0.0,0.0
2026-05-24T01:00,0.0,0.0,0.0,0.0,24.3,1.79,4.4,150,47,8600.0,1,0.318,300.0,385.0,0,0.0,1,0,0.0,-1,-1,-1,-1,0.0,0.0
2026-05-24T02:00,0.0,0.0,0.0,0.0,25.8,2.33,5.5,149,8,9620.0,1,0.315,100.0,765.0,0,0.0,0,0,0.0,-1,-1,-1,-1,0.0,0.0
2026-05-24T03:00,0.0,0.0,0.0,0.0,27.1,2.76,6.4,158,0,10620.0,1,0.311,10.0,1035.0,0,0.0,0,0,0.0,-1,-1,-1,-1,0.0,0.0
2026-05-24T04:00,0.0,0.0,0.0,0.0,27.9,3.02,6.9,153,0,12380.0,1,0.306,0.0,1235.0,0,0.0,0,0,0.0,-1,-1,-1,-1,0.0,0.0
2026-05-24T05:00,0.0,0.0,0.0,0.0,28.4,2.42,6.9,142,0,12380.0,1,0.3,0.0,1355.0,0,0.0,0,0,0.0,-1,-1,-1,-1,0.0,0.0
2026-05-24T06:00,0.0,0.0,0.0,0.0,28.6,1.68,5.9,127,0,12380.0,1,0.295,0.0,1490.0,0,0.0,0,0,0.0,-1,-1,-1,-1,0.0,0.0
2026-05-24T07:00,0.0,0.0,0.0,0.0,28.7,2.03,5.0,100,2,12380.0,1,0.291,0.0,1500.0,0,0.0,0,0,0.0,-1,-1,-1,-1,0.0,0.0
2026-05-24T08:00,0.0,0.0,0.0,0.0,28.5,2.6,5.6,87,5,12380.0,1,0.287,0.0,1525.0,0,0.0,0,0,0.0,-1,-1,-1,-1,0.0,0.0
2026-05-24T09:00,0.0,0.0,0.0,0.0,28.2,2.6,5.6,91,23,10620.0,1,0.284,0.0,1590.0,0,0.0,1,0,0.0,-1,-1,-1,-1,0.0,0.0
2026-05-24T10:00,0.0,0.0,0.0,0.0,27.2,2.32,4.7,104,31,10620.0,1,0.283,40.0,560.0,0,0.0,1,0,0.0,-1,-1,-1,-1,0.0,0.0
2026-05-24T11:00,0.0,0.0,0.0,0.0,25.2,3.55,6.1,104,75,10620.0,1,0.283,0.0,365.0,0,0.0,2,0,0.0,-1,-1,-1,-1,0.0,0.0
2026-05-24T12:00,0.0,0.0,0.0,0.0,24.3,3.11,6.4,101,86,10620.0,0,0.276,0.0,200.0,0,0.0,3,0,0.0,-1,-1,-1,-1,0.0,0.0
2026-05-24T13:00,0.0,0.0,0.0,0.0,23.3,2.75,5.5,91,98,9620.0,0,0.276,0.0,155.0,0,0.0,3,0,0.0,-1,-1,-1,-1,0.0,0.0
2026-05-24T14:00,0.0,0.0,0.0,0.0,22.5,2.91,5.0,102,98,8600.0,0,0.276,0.0,185.0,0,0.0,3,0,0.0,-1,-1,-1,-1,0.0,0.0
2026-05-24T15:00,0.0,0.0,0.0,0.0,22.1,3.07,5.5,106,99,8600.0,0,0.277,0.0,225.0,0,0.0,3,0,0.0,-1,-1,-1,-1,0.0,0.0
2026-05-24T16:00,0.0,0.0,0.0,0.0,21.7,3.36,5.7,113,99,8600.0,0,0.277,0.0,235.0,0,0.0,3,0,0.0,-1,-1,-1,-1,0.0,0.0
2026-05-24T17:00,0.0,0.0,0.0,0.0,21.3,2.8,6.0,121,99,7520.0,0,0.277,0.0,200.0,0,0.0,3,0,0.0,-1,-1,-1,-1,0.0,0.0
2026-05-24T18:00,0.0,0.0,0.0,0.0,21.3,2.37,4.9,115,100,7520.0,0,0.276,10.0,120.0,0,0.0,3,0,0.0,-1,-1,-1,-1,0.0,0.0
2026-05-24T19:00,0.0,0.0,0.0,0.0,21.6,2.29,4.3,122,100,7520.0,0,0.276,100.0,110.0,0,0.0,3,0,0.0,-1,-1,-1,-1,0.0,0.0
2026-05-24T20:00,0.0,0.0,0.0,0.0,21.5,1.88,4.0,115,100,6200.0,0,0.276,50.0,95.0,0,0.0,3,0,0.0,-1,-1,-1,-1,0.0,0.0
2026-05-24T21:00,0.3,0.333,0.0,0.0,21.4,2.39,4.1,106,100,2960.0,0,0.28,40.0,155.0,0,0.0,51,1,0.2,25,0,17,6,0.734,0.396
2026-05-24T22:00,0.9,0.667,0.0,0.0,21.2,2.6,4.3,101,100,3000.0,1,0.289,30.0,225.0,0,0.0,53,1,0.3,25,1,16,6,0.734,0.596
2026-05-24T23:00,1.1,0.727,0.0,0.0,21.7,2.55,4.7,87,100,2180.0,1,0.303,80.0,330.0,0,0.001,55,1,0.3,25,2,15,6,0.734,0.632
2026-05-25T00:00,1.4,0.714,0.0,0.0,21.5,2.3,5.6,44,100,1820.0,1,0.298,10.0,320.0,0,0.0005,80,1,0.4,25,3,14,6,0.734,0.624
2026-05-25T01:00,2.4,0.583,0.0,0.0,21.5,2.84,5.4,49,100,1840.0,1,0.331,10.0,360.0,0,0.0017,80,1,1.0,25,4,13,6,0.734,0.546
2026-05-25T02:00,3.3,0.242,0.0,0.0,21.4,3.08,5.8,46,100,1500.0,1,0.375,10.0,360.0,0,0.0029,81,1,2.5,25,5,12,6,0.734,0.341
2026-05-25T03:00,2.6,0.038,0.0,0.0,21.2,3.5,6.5,44,100,1420.0,1,0.404,30.0,355.0,0,0.006,81,1,2.5,25,6,11,6,0.734,0.219
2026-05-25T04:00,2.9,0.138,0.0,0.0,21.3,4.01,7.5,50,100,1560.0,1,0.423,30.0,360.0,0,0.0071,81,1,2.5,25,7,10,6,0.734,0.279
2026-05-25T05:00,2.8,0.036,0.0,0.0,21.2,3.86,8.0,42,100,1820.0,1,0.423,30.0,375.0,0,0.0067,81,1,2.7,25,8,9,6,0.734,0.217
2026-05-25T06:00,1.7,0.059,0.0,0.0,21.2,4.39,7.9,42,100,1360.0,1,0.421,10.0,450.0,0,0.0009,80,1,1.6,25,9,8,6,0.734,0.231
2026-05-25T07:00,3.1,0.032,0.0,0.0,20.7,4.56,8.3,26,100,1920.0,1,0.425,20.0,445.0,0,0.0053,81,1,3.0,25,10,7,6,0.734,0.215
2026-05-25T08:00,1.2,0.0,0.0,0.0,20.4,5.47,9.8,20,100,2420.0,1,0.419,20.0,615.0,0,0.0005,55,1,1.2,25,11,6,6,0.734,0.196
2026-05-25T09:00,1.0,0.2,0.0,0.0,19.8,5.96,10.8,20,100,2720.0,1,0.417,10.0,670.0,0,0.0,55,1,0.8,25,12,5,6,0.734,0.316
2026-05-25T10:00,0.4,0.0,0.0,0.0,19.2,6.06,11.1,32,100,2920.0,1,0.412,10.0,665.0,0,0.0,51,1,0.4,25,13,4,6,0.734,0.196
2026-05-25T11:00,0.3,0.0,0.0,0.0,18.6,5.71,10.9,29,100,3700.0,1,0.408,10.0,655.0,0,0.0,51,1,0.3,25,14,3,6,0.734,0.196
2026-05-25T12:00,0.1,0.0,0.0,0.0,18.5,5.62,10.2,32,100,2860.0,0,0.414,10.0,660.0,0,0.0,51,0,0.1,25,15,2,6,0.734,0.196
2026-05-25T13:00,0.3,0.0,0.0,0.0,18.1,5.66,10.1,32,100,3520.0,0,0.411,0.0,640.0,0,0.0,51,1,0.3,25,16,1,6,0.734,0.196
2026-05-25T14:00,0.1,0.0,0.0,0.0,18.0,5.59,10.1,32,100,3640.0,0,0.408,0.0,660.0,0,0.0,51,0,0.1,-1,-1,-1,-1,0.0,0.0
2026-05-25T15:00,0.1,0.0,0.0,0.0,17.9,5.52,10.0,32,100,3860.0,0,0.406,0.0,690.0,0,0.0,51,0,0.1,-1,-1,-1,-1,0.0,0.0
2026-05-25T16:00,0.0,0.0,0.0,0.0,17.7,5.37,9.8,29,100,4520.0,0,0.403,0.0,655.0,0,0.0,3,0,0.0,-1,-1,-1,-1,0.0,0.0
2026-05-25T17:00,0.0,0.0,0.0,0.0,17.5,5.26,9.7,28,100,4680.0,0,0.401,0.0,640.0,0,0.0,3,0,0.0,-1,-1,-1,-1,0.0,0.0
2026-05-25T18:00,0.0,0.0,0.0,0.0,17.6,5.17,9.5,27,100,4600.0,0,0.399,20.0,630.0,0,0.0,3,0,0.0,-1,-1,-1,-1,0.0,0.0
2026-05-25T19:00,0.1,0.0,0.0,0.0,17.6,5.3,9.7,21,100,3680.0,0,0.398,0.0,645.0,0,0.0,51,0,0.1,-1,-1,-1,-1,0.0,0.0
2026-05-25T20:00,0.6,0.667,0.0,0.0,17.4,5.25,9.8,19,100,2740.0,0,0.401,100.0,660.0,0,0.0,53,1,0.2,26,0,10,195,0.444,0.519
2026-05-25T21:00,0.8,0.375,0.0,0.0,17.3,5.1,9.4,21,100,2340.0,0,0.408,0.0,655.0,0,0.0,53,1,0.5,26,1,9,195,0.444,0.343
2026-05-25T22:00,0.9,0.444,0.0,0.0,17.3,4.77,9.1,15,100,2680.0,1,0.414,20.0,635.0,0,0.0,53,1,0.5,26,2,8,195,0.444,0.385
2026-05-25T23:00,0.4,0.0,0.0,0.0,17.6,4.78,8.7,21,100,3120.0,1,0.413,0.0,615.0,0,0.0,51,1,0.4,26,3,7,195,0.444,0.118
2026-05-26T00:00,0.2,0.0,0.0,0.0,17.8,5.38,9.3,18,100,2640.0,1,0.423,70.0,605.0,0,0.0,51,0,0.2,26,4,6,195,0.444,0.118
2026-05-26T01:00,0.9,0.0,0.0,0.0,18.3,5.27,10.0,20,100,2540.0,1,0.426,40.0,625.0,0,0.0,53,1,0.9,26,5,5,195,0.444,0.118
2026-05-26T02:00,0.8,0.0,0.0,0.0,18.5,5.41,9.8,25,100,3100.0,1,0.426,10.0,695.0,0,0.0,53,1,0.8,26,6,4,195,0.444,0.118
2026-05-26T03:00,0.3,0.0,0.0,0.0,18.9,3.48,9.9,12,100,3980.0,1,0.423,30.0,740.0,0,0.0,51,1,0.3,26,7,3,195,0.444,0.118
2026-05-26T04:00,0.4,0.25,0.0,0.0,19.4,2.84,6.4,26,100,3200.0,1,0.421,40.0,760.0,0,0.0,51,1,0.3,26,8,2,195,0.444,0.268
2026-05-26T05:00,0.5,0.2,0.0,0.0,19.9,3.56,6.8,26,100,4120.0,1,0.421,40.0,825.0,0,0.0,53,1,0.4,26,9,1,195,0.444,0.238
2026-05-26T06:00,0.1,0.0,0.0,0.0,20.2,3.88,7.1,30,98,4940.0,1,0.421,30.0,855.0,0,0.0,51,0,0.1,-1,-1,-1,-1,0.0,0.0
2026-05-26T07:00,0.1,0.0,0.0,0.0,20.6,3.47,7.9,36,100,8540.0,1,0.417,20.0,870.0,0,0.0,51,0,0.1,-1,-1,-1,-1,0.0,0.0
2026-05-26T08:00,0.1,0.0,0.0,0.0,21.1,3.37,7.0,21,100,4980.0,1,0.413,20.0,910.0,0,0.0,51,0,0.1,-1,-1,-1,-1,0.0,0.0
2026-05-26T09:00,0.1,0.0,0.0,0.0,20.5,2.5,6.9,20,100,7860.0,1,0.411,20.0,730.0,0,0.0,51,0,0.1,-1,-1,-1,-1,0.0,0.0
2026-05-26T10:00,0.0,0.0,0.0,0.0,20.4,2.04,4.7,11,98,8560.0,1,0.409,0.0,520.0,0,0.0,3,0,0.0,-1,-1,-1,-1,0.0,0.0
2026-05-26T11:00,0.0,0.0,0.0,0.0,20.0,1.77,3.7,16,18,7460.0,1,0.407,0.0,410.0,0,0.0,0,0,0.0,-1,-1,-1,-1,0.0,0.0
2026-05-26T12:00,0.0,0.0,0.0,0.0,19.6,1.44,3.1,14,100,7460.0,0,0.403,0.0,160.0,0,0.0,3,0,0.0,-1,-1,-1,-1,0.0,0.0
2026-05-26T13:00,0.0,0.0,0.0,0.0,19.1,1.11,2.6,8,88,7480.0,0,0.402,0.0,70.0,0,0.0,3,0,0.0,-1,-1,-1,-1,0.0,0.0
2026-05-26T14:00,0.0,0.0,0.0,0.0,18.2,0.95,1.9,342,95,7480.0,0,0.401,0.0,35.0,0,0.0,3,0,0.0,-1,-1,-1,-1,0.0,0.0
2026-05-26T15:00,0.0,0.0,0.0,0.0,17.5,0.93,1.5,306,100,6300.0,0,0.4,0.0,25.0,0,0.0,3,0,0.0,-1,-1,-1,-1,0.0,0.0
2026-05-26T16:00,0.0,0.0,0.0,0.0,16.9,1.15,1.7,304,95,6300.0,0,0.399,0.0,25.0,0,0.0,3,0,0.0,-1,-1,-1,-1,0.0,0.0
2026-05-26T17:00,0.0,0.0,0.0,0.0,16.6,1.18,1.8,306,6,6300.0,0,0.398,0.0,30.0,0,0.0,0,0,0.0,-1,-1,-1,-1,0.0,0.0
2026-05-26T18:00,0.0,0.0,0.0,0.0,16.8,1.4,1.6,305,2,5000.0,0,0.4,0.0,35.0,0,0.0,0,0,0.0,-1,-1,-1,-1,0.0,0.0
2026-05-26T19:00,0.0,0.0,0.0,0.0,16.5,1.58,2.5,305,0,5000.0,0,0.399,0.0,45.0,0,0.0,0,0,0.0,-1,-1,-1,-1,0.0,0.0
2026-05-26T20:00,0.0,0.0,0.0,0.0,16.4,1.59,2.9,314,0,5000.0,0,0.397,0.0,50.0,0,0.0,0,0,0.0,-1,-1,-1,-1,0.0,0.0
2026-05-26T21:00,0.0,0.0,0.0,0.0,16.2,1.5,2.5,323,0,5000.0,1,0.396,0.0,45.0,0,0.0,0,0,0.0,-1,-1,-1,-1,0.0,0.0
2026-05-26T22:00,0.0,0.0,0.0,0.0,17.0,1.49,2.4,320,11,5000.0,1,0.396,0.0,40.0,0,0.0,0,0,0.0,-1,-1,-1,-1,0.0,0.0
2026-05-26T23:00,0.0,0.0,0.0,0.0,19.0,0.7,2.7,291,6,6300.0,1,0.394,0.0,50.0,0,0.0,0,0,0.0,-1,-1,-1,-1,0.0,0.0
2026-05-27T00:00,0.0,0.0,0.0,0.0,21.3,0.4,2.7,270,0,8560.0,1,0.388,0.0,140.0,0,0.0,0,0,0.0,-1,-1,-1,-1,0.0,0.0
2026-05-27T01:00,0.0,0.0,0.0,0.0,23.1,0.65,3.2,274,1,9560.0,1,0.385,0.0,635.0,0,0.0,0,0,0.0,-1,-1,-1,-1,0.0,0.0
2026-05-27T02:00,0.0,0.0,0.0,0.0,24.1,0.83,3.7,245,0,9560.0,1,0.381,0.0,805.0,0,0.0,0,0,0.0,-1,-1,-1,-1,0.0,0.0
2026-05-27T03:00,0.0,0.0,0.0,0.0,24.9,1.45,4.7,268,42,10560.0,1,0.377,0.0,885.0,0,0.0,1,0,0.0,-1,-1,-1,-1,0.0,0.0
2026-05-27T04:00,0.0,0.0,0.0,0.0,25.6,1.26,4.8,263,0,10560.0,1,0.372,0.0,845.0,0,0.0,0,0,0.0,-1,-1,-1,-1,0.0,0.0
2026-05-27T05:00,0.0,0.0,0.0,0.0,26.4,1.29,4.5,234,84,10560.0,1,0.367,0.0,845.0,0,0.0,3,0,0.0,-1,-1,-1,-1,0.0,0.0
2026-05-27T06:00,0.0,0.0,0.0,0.0,26.9,1.78,4.6,232,88,10560.0,1,0.363,0.0,750.0,0,0.0,3,0,0.0,-1,-1,-1,-1,0.0,0.0
2026-05-27T07:00,0.0,0.0,0.0,0.0,26.7,1.93,4.5,239,73,10560.0,1,0.36,0.0,545.0,0,0.0,2,0,0.0,-1,-1,-1,-1,0.0,0.0
2026-05-27T08:00,0.0,0.0,0.0,0.0,26.9,1.99,4.4,208,100,10560.0,1,0.357,50.0,430.0,0,0.0,3,0,0.0,-1,-1,-1,-1,0.0,0.0
2026-05-27T09:00,0.0,0.0,0.0,0.0,26.3,2.04,4.0,197,80,9560.0,1,0.357,190.0,380.0,0,0.0,3,0,0.0,-1,-1,-1,-1,0.0,0.0
2026-05-27T10:00,0.0,0.0,0.0,0.0,25.7,1.99,3.8,208,91,9560.0,1,0.356,260.0,285.0,0,0.0,3,0,0.0,-1,-1,-1,-1,0.0,0.0
2026-05-27T11:00,0.0,0.0,0.0,0.0,24.3,1.56,3.4,228,31,9560.0,1,0.356,210.0,110.0,0,0.0,1,0,0.0,-1,-1,-1,-1,0.0,0.0
2026-05-27T12:00,0.0,0.0,0.0,0.0,23.0,1.5,3.0,217,9,9560.0,0,0.356,130.0,65.0,0,0.0,0,0,0.0,-1,-1,-1,-1,0.0,0.0
2026-05-27T13:00,0.0,0.0,0.0,0.0,22.1,1.76,2.7,263,9,8540.0,0,0.356,140.0,60.0,0,0.0,0,0,0.0,-1,-1,-1,-1,0.0,0.0
2026-05-27T14:00,0.0,0.0,0.0,0.0,21.5,2.11,3.4,248,2,8540.0,0,0.356,180.0,70.0,0,0.0,0,0,0.0,-1,-1,-1,-1,0.0,0.0
2026-05-27T15:00,0.0,0.0,0.0,0.0,21.3,2.28,4.0,247,1,8540.0,0,0.357,160.0,105.0,0,0.0,0,0,0.0,-1,-1,-1,-1,0.0,0.0
2026-05-27T16:00,0.0,0.0,0.0,0.0,20.7,2.67,4.5,278,5,7460.0,0,0.357,100.0,110.0,0,0.0,0,0,0.0,-1,-1,-1,-1,0.0,0.0
2026-05-27T17:00,0.0,0.0,0.0,0.0,20.4,2.92,4.8,292,2,8540.0,0,0.357,10.0,165.0,0,0.0,0,0,0.0,-1,-1,-1,-1,0.0,0.0
2026-05-27T18:00,0.0,0.0,0.0,0.0,20.6,3.82,6.9,318,2,10560.0,0,0.358,0.0,280.0,0,0.0,0,0,0.0,-1,-1,-1,-1,0.0,0.0
2026-05-27T19:00,0.0,0.0,0.0,0.0,19.3,3.11,7.3,341,4,12320.0,0,0.357,0.0,130.0,0,0.0,0,0,0.0,-1,-1,-1,-1,0.0,0.0
2026-05-27T20:00,0.0,0.0,0.0,0.0,18.0,2.5,5.2,340,3,10560.0,0,0.357,0.0,80.0,0,0.0,0,0,0.0,-1,-1,-1,-1,0.0,0.0
2026-05-27T21:00,0.0,0.0,0.0,0.0,17.1,1.91,4.2,340,7,9560.0,1,0.357,0.0,55.0,0,0.0,0,0,0.0,-1,-1,-1,-1,0.0,0.0
2026-05-27T22:00,0.0,0.0,0.0,0.0,17.5,1.75,3.0,323,2,9560.0,1,0.357,0.0,50.0,0,0.0,0,0,0.0,-1,-1,-1,-1,0.0,0.0
2026-05-27T23:00,0.0,0.0,0.0,0.0,20.3,3.35,5.3,333,0,10540.0,1,0.356,0.0,335.0,0,0.0,0,0,0.0,-1,-1,-1,-1,0.0,0.0
2026-05-28T00:00,0.0,0.0,0.0,0.0,22.6,2.9,8.6,345,0,10540.0,1,0.352,0.0,385.0,0,0.0,0,0,0.0,-1,-1,-1,-1,0.0,0.0
2026-05-28T01:00,0.0,0.0,0.0,0.0,24.4,3.47,6.9,345,0,10540.0,1,0.349,0.0,745.0,0,0.0,0,0,0.0,-1,-1,-1,-1,0.0,0.0
2026-05-28T02:00,0.0,0.0,0.0,0.0,25.4,3.72,7.9,345,0,12320.0,1,0.345,0.0,1140.0,0,0.0,0,0,0.0,-1,-1,-1,-1,0.0,0.0
2026-05-28T03:00,0.0,0.0,0.0,0.0,26.2,3.64,7.7,344,1,12320.0,1,0.34,0.0,1625.0,0,0.0,0,0,0.0,-1,-1,-1,-1,0.0,0.0
2026-05-28T04:00,0.0,0.0,0.0,0.0,26.6,3.93,8.3,338,0,13860.0,1,0.335,0.0,1790.0,0,0.0,0,0,0.0,-1,-1,-1,-1,0.0,0.0
2026-05-28T05:00,0.0,0.0,0.0,0.0,26.9,4.09,8.6,333,9,13860.0,1,0.329,0.0,1910.0,0,0.0,0,0,0.0,-1,-1,-1,-1,0.0,0.0
2026-05-28T06:00,0.0,0.0,0.0,0.0,27.4,3.6,8.6,333,2,13840.0,1,0.324,0.0,2140.0,0,0.0,0,0,0.0,-1,-1,-1,-1,0.0,0.0
2026-05-28T07:00,0.0,0.0,0.0,0.0,27.3,3.81,7.7,341,60,13840.0,1,0.319,0.0,2130.0,0,0.0,2,0,0.0,-1,-1,-1,-1,0.0,0.0
2026-05-28T08:00,0.0,0.0,0.0,0.0,27.1,3.44,7.7,351,5,13840.0,1,0.315,0.0,2010.0,0,0.0,0,0,0.0,-1,-1,-1,-1,0.0,0.0
2026-05-28T09:00,0.0,0.0,0.0,0.0,26.4,2.67,6.6,13,1,12300.0,1,0.313,0.0,1170.0,0,0.0,0,0,0.0,-1,-1,-1,-1,0.0,0.0
2026-05-28T10:00,0.0,0.0,0.0,0.0,25.3,0.87,4.9,59,8,10540.0,1,0.312,10.0,110.0,0,0.0,0,0,0.0,-1,-1,-1,-1,0.0,0.0
2026-05-28T11:00,0.0,0.0,0.0,0.0,23.6,0.66,1.5,81,1,12300.0,1,0.313,0.0,30.0,0,0.0,0,0,0.0,-1,-1,-1,-1,0.0,0.0
2026-05-28T12:00,0.0,0.0,0.0,0.0,22.3,0.6,1.0,138,2,10540.0,0,0.31,0.0,15.0,0,0.0,0,0,0.0,-1,-1,-1,-1,0.0,0.0
2026-05-28T13:00,0.0,0.0,0.0,0.0,21.5,0.55,0.9,175,3,10540.0,0,0.311,0.0,15.0,0,0.0,0,0,0.0,-1,-1,-1,-1,0.0,0.0
2026-05-28T14:00,0.0,0.0,0.0,0.0,20.4,0.71,1.1,188,4,10540.0,0,0.312,0.0,15.0,0,0.0,0,0,0.0,-1,-1,-1,-1,0.0,0.0
2026-05-28T15:00,0.0,0.0,0.0,0.0,19.8,0.42,1.1,225,0,9540.0,0,0.312,0.0,15.0,0,0.0,0,0,0.0,-1,-1,-1,-1,0.0,0.0
2026-05-28T16:00,0.0,0.0,0.0,0.0,19.8,0.4,0.7,210,0,10540.0,0,0.313,0.0,15.0,0,0.0,0,0,0.0,-1,-1,-1,-1,0.0,0.0
2026-05-28T17:00,0.0,0.0,0.0,0.0,19.4,0.85,1.2,183,55,10540.0,0,0.314,0.0,15.0,0,0.0,2,0,0.0,-1,-1,-1,-1,0.0,0.0
2026-05-28T18:00,0.0,0.0,0.0,0.0,18.8,0.71,1.8,219,39,9540.0,0,0.314,0.0,15.0,0,0.0,1,0,0.0,-1,-1,-1,-1,0.0,0.0
2026-05-28T19:00,0.0,0.0,0.0,0.0,17.2,1.49,2.3,250,27,8520.0,0,0.315,0.0,30.0,0,0.0,1,0,0.0,-1,-1,-1,-1,0.0,0.0
2026-05-28T20:00,0.0,0.0,0.0,0.0,16.8,1.79,2.8,247,15,8520.0,0,0.315,0.0,35.0,0,0.0,0,0,0.0,-1,-1,-1,-1,0.0,0.0
2026-05-28T21:00,0.0,0.0,0.0,0.0,16.9,1.98,3.2,249,23,8520.0,1,0.316,0.0,40.0,0,0.0,1,0,0.0,-1,-1,-1,-1,0.0,0.0
2026-05-28T22:00,0.0,0.0,0.0,0.0,17.7,2.3,3.8,257,47,8520.0,1,0.316,0.0,55.0,0,0.0,1,0,0.0,-1,-1,-1,-1,0.0,0.0
2026-05-28T23:00,0.0,0.0,0.0,0.0,19.8,2.72,4.8,250,20,9540.0,1,0.316,0.0,90.0,0,0.0,1,0,0.0,-1,-1,-1,-1,0.0,0.0
2026-05-29T00:00,0.0,0.0,0.0,0.0,22.6,2.13,4.9,240,29,9540.0,1,0.313,90.0,150.0,0,0.0,1,0,0.0,-1,-1,-1,-1,0.0,0.0
2026-05-29T01:00,0.0,0.0,0.0,0.0,25.1,2.33,5.3,235,93,9540.0,1,0.311,360.0,260.0,0,0.0,3,0,0.0,-1,-1,-1,-1,0.0,0.0
2026-05-29T02:00,0.0,0.0,0.0,0.0,26.9,2.8,6.3,235,93,10540.0,1,0.308,490.0,415.0,0,0.0,3,0,0.0,-1,-1,-1,-1,0.0,0.0
2026-05-29T03:00,0.0,0.0,0.0,0.0,28.3,3.24,7.0,241,70,12300.0,1,0.303,400.0,610.0,0,0.0,2,0,0.0,-1,-1,-1,-1,0.0,0.0
2026-05-29T04:00,0.0,0.0,0.0,0.0,29.1,3.2,7.0,250,78,12300.0,1,0.299,310.0,775.0,0,0.0,2,0,0.0,-1,-1,-1,-1,0.0,0.0
2026-05-29T05:00,0.0,0.0,0.0,0.0,29.7,3.18,6.9,257,0,13840.0,1,0.293,210.0,1005.0,0,0.0,0,0,0.0,-1,-1,-1,-1,0.0,0.0
2026-05-29T06:00,0.0,0.0,0.0,0.0,30.0,2.71,7.0,265,10,13840.0,1,0.288,80.0,1195.0,0,0.0,0,0,0.0,-1,-1,-1,-1,0.0,0.0
2026-05-29T07:00,0.0,0.0,0.0,0.0,30.0,2.93,6.0,262,8,13840.0,1,0.283,50.0,1235.0,0,0.0,0,0,0.0,-1,-1,-1,-1,0.0,0.0
2026-05-29T08:00,0.0,0.0,0.0,0.0,29.7,2.76,6.0,265,12,13820.0,1,0.28,50.0,1205.0,0,0.0,0,0,0.0,-1,-1,-1,-1,0.0,0.0
2026-05-29T09:00,0.0,0.0,0.0,0.0,29.2,1.84,5.2,237,2,12280.0,1,0.278,240.0,600.0,0,0.0,0,0,0.0,-1,-1,-1,-1,0.0,0.0
2026-05-29T10:00,0.0,0.0,0.0,0.0,27.5,2.26,3.9,211,0,12280.0,1,0.277,190.0,180.0,0,0.0,0,0,0.0,-1,-1,-1,-1,0.0,0.0
2026-05-29T11:00,0.0,0.0,0.0,0.0,25.3,2.88,4.7,206,0,12280.0,1,0.277,0.0,110.0,0,0.0,0,0,0.0,-1,-1,-1,-1,0.0,0.0
2026-05-29T12:00,0.0,0.0,0.0,0.0,24.3,3.08,6.0,212,0,10520.0,0,0.274,70.0,135.0,0,0.0,0,0,0.0,-1,-1,-1,-1,0.0,0.0
2026-05-29T13:00,0.0,0.0,0.0,0.0,23.8,4.01,6.8,211,0,10520.0,0,0.274,30.0,240.0,0,0.0,0,0,0.0,-1,-1,-1,-1,0.0,0.0
2026-05-29T14:00,0.0,0.0,0.0,0.0,23.1,4.11,7.0,207,9,10520.0,0,0.274,0.0,260.0,0,0.0,0,0,0.0,-1,-1,-1,-1,0.0,0.0
2026-05-29T15:00,0.0,0.0,0.0,0.0,22.3,4.07,7.1,206,27,10520.0,0,0.274,0.0,270.0,0,0.0,1,0,0.0,-1,-1,-1,-1,0.0,0.0
2026-05-29T16:00,0.0,0.0,0.0,0.0,21.5,3.82,7.0,212,6,10520.0,0,0.274,0.0,250.0,0,0.0,0,0,0.0,-1,-1,-1,-1,0.0,0.0
2026-05-29T17:00,0.0,0.0,0.0,0.0,20.9,3.76,6.6,213,9,10520.0,0,0.274,0.0,215.0,0,0.0,0,0,0.0,-1,-1,-1,-1,0.0,0.0
2026-05-29T18:00,0.0,0.0,0.0,0.0,20.7,3.51,6.4,208,55,9520.0,0,0.274,0.0,190.0,0,0.0,2,0,0.0,-1,-1,-1,-1,0.0,0.0
2026-05-29T19:00,0.0,0.0,0.0,0.0,20.6,3.98,6.8,205,0,9520.0,0,0.274,0.0,195.0,0,0.0,0,0,0.0,-1,-1,-1,-1,0.0,0.0
2026-05-29T20:00,0.0,0.0,0.0,0.0,20.3,3.58,6.8,213,0,9520.0,0,0.274,0.0,185.0,0,0.0,0,0,0.0,-1,-1,-1,-1,0.0,0.0
2026-05-29T21:00,0.0,0.0,0.0,0.0,19.7,3.26,6.1,220,0,9520.0,1,0.275,0.0,155.0,0,0.0,0,0,0.0,-1,-1,-1,-1,0.0,0.0
2026-05-29T22:00,0.0,0.0,0.0,0.0,20.0,3.59,6.1,219,0,9520.0,1,0.275,0.0,145.0,0,0.0,0,0,0.0,-1,-1,-1,-1,0.0,0.0
2026-05-29T23:00,0.0,0.0,0.0,0.0,21.4,3.9,6.9,221,0,9520.0,1,0.275,150.0,160.0,0,0.0,0,0,0.0,-1,-1,-1,-1,0.0,0.0
2026-05-30T00:00,0.0,0.0,0.0,0.0,23.8,2.69,6.6,209,0,9520.0,1,0.264,910.0,165.0,0,0.0,0,0,0.0,-1,-1,-1,-1,0.0,0.0
2026-05-30T01:00,0.0,0.0,0.0,0.0,26.1,2.55,5.8,206,0,9520.0,1,0.262,1760.0,210.0,0,0.0,0,0,0.0,-1,-1,-1,-1,0.0,0.0
2026-05-30T02:00,0.0,0.0,0.0,0.0,28.3,2.91,6.4,215,0,10520.0,1,0.259,2290.0,320.0,0,0.0,0,0,0.0,-1,-1,-1,-1,0.0,0.0
2026-05-30T03:00,0.0,0.0,0.0,0.0,30.3,3.37,7.2,220,0,12280.0,1,0.255,2220.0,565.0,0,0.0,0,0,0.0,-1,-1,-1,-1,0.0,0.0
2026-05-30T04:00,0.0,0.0,0.0,0.0,31.6,3.67,7.7,218,0,12280.0,1,0.25,2050.0,795.0,0,0.0,0,0,0.0,-1,-1,-1,-1,0.0,0.0
2026-05-30T05:00,0.0,0.0,0.0,0.0,32.6,3.96,8.0,217,0,13820.0,1,0.244,1220.0,1050.0,0,0.0,0,0,0.0,-1,-1,-1,-1,0.0,0.0
2026-05-30T06:00,0.0,0.0,0.0,0.0,33.2,3.61,8.0,222,0,13820.0,1,0.238,540.0,1135.0,0,0.0,0,0,0.0,-1,-1,-1,-1,0.0,0.0
2026-05-30T07:00,0.0,0.0,0.0,0.0,33.1,3.57,7.0,226,0,13820.0,1,0.233,550.0,1120.0,0,0.0,0,0,0.0,-1,-1,-1,-1,0.0,0.0
2026-05-30T08:00,0.0,0.0,0.0,0.0,32.7,2.86,6.7,226,0,13820.0,1,0.229,1000.0,1130.0,0,0.0,0,0,0.0,-1,-1,-1,-1,0.0,0.0
2026-05-30T09:00,0.0,0.0,0.0,0.0,31.7,2.49,5.1,210,0,12280.0,1,0.227,1580.0,420.0,0,0.0,0,0,0.0,-1,-1,-1,-1,0.0,0.0
2026-05-30T10:00,0.0,0.0,0.0,0.0,29.5,3.23,5.5,193,0,12280.0,1,0.226,1400.0,270.0,0,0.0,0,0,0.0,-1,-1,-1,-1,0.0,0.0
2026-05-30T11:00,0.0,0.0,0.0,0.0,27.3,3.57,6.1,186,0,12280.0,1,0.225,570.0,185.0,0,0.0,0,0,0.0,-1,-1,-1,-1,0.0,0.0
2026-05-30T12:00,0.0,0.0,0.0,0.0,26.5,4.12,6.6,194,0,12260.0,0,0.211,320.0,220.0,0,0.0,0,0,0.0,-1,-1,-1,-1,0.0,0.0
2026-05-30T13:00,0.0,0.0,0.0,0.0,25.7,4.51,7.6,199,0,12260.0,0,0.211,50.0,230.0,0,0.0,0,0,0.0,-1,-1,-1,-1,0.0,0.0
2026-05-30T14:00,0.0,0.0,0.0,0.0,24.8,4.4,7.7,201,0,12260.0,0,0.211,0.0,245.0,0,0.0,0,0,0.0,-1,-1,-1,-1,0.0,0.0
2026-05-30T15:00,0.0,0.0,0.0,0.0,23.8,4.41,7.5,206,0,10500.0,0,0.211,50.0,270.0,0,0.0,0,0,0.0,-1,-1,-1,-1,0.0,0.0
2026-05-30T16:00,0.0,0.0,0.0,0.0,23.2,4.59,7.9,209,64,9500.0,0,0.211,80.0,310.0,0,0.0,2,0,0.0,-1,-1,-1,-1,0.0,0.0
2026-05-30T17:00,0.0,0.0,0.0,0.0,23.1,4.79,8.3,207,78,9500.0,0,0.211,40.0,320.0,0,0.0,2,0,0.0,-1,-1,-1,-1,0.0,0.0
2026-05-30T18:00,0.0,0.0,0.0,0.0,23.0,4.25,8.3,208,61,9500.0,0,0.209,0.0,295.0,0,0.0,2,0,0.0,-1,-1,-1,-1,0.0,0.0
2026-05-30T19:00,0.0,0.0,0.0,0.0,22.6,4.35,7.6,202,34,9500.0,0,0.209,10.0,265.0,0,0.0,1,0,0.0,-1,-1,-1,-1,0.0,0.0
2026-05-30T20:00,0.0,0.0,0.0,0.0,22.1,4.46,7.7,193,16,9500.0,0,0.209,10.0,250.0,0,0.0,0,0,0.0,-1,-1,-1,-1,0.0,0.0
2026-05-30T21:00,0.0,0.0,0.0,0.0,21.7,4.37,7.7,191,69,8480.0,1,0.209,10.0,245.0,0,0.0,2,0,0.0,-1,-1,-1,-1,0.0,0.0
2026-05-30T22:00,0.0,0.0,0.0,0.0,22.0,4.34,7.6,192,44,8480.0,1,0.209,20.0,260.0,0,0.0,1,0,0.0,-1,-1,-1,-1,0.0,0.0
2026-05-30T23:00,0.0,0.0,0.0,0.0,23.4,4.33,7.8,197,98,9500.0,1,0.209,80.0,350.0,0,0.0,3,0,0.0,-1,-1,-1,-1,0.0,0.0
2026-05-31T00:00,0.0,0.0,0.0,0.0,24.9,3.94,7.8,188,73,9500.0,1,0.202,150.0,360.0,0,0.0,2,0,0.0,-1,-1,-1,-1,0.0,0.0
2026-05-31T01:00,0.0,0.0,0.0,0.0,26.5,4.0,8.2,189,70,9500.0,1,0.201,420.0,395.0,0,0.0,2,0,0.0,-1,-1,-1,-1,0.0,0.0
2026-05-31T02:00,0.0,0.0,0.0,0.0,28.3,4.03,8.5,197,74,10500.0,1,0.198,700.0,495.0,0,0.0,2,0,0.0,-1,-1,-1,-1,0.0,0.0
2026-05-31T03:00,0.0,0.0,0.0,0.0,30.0,4.09,8.6,202,77,10500.0,1,0.194,820.0,585.0,0,0.0,2,0,0.0,-1,-1,-1,-1,0.0,0.0
2026-05-31T04:00,0.0,0.0,0.0,0.0,31.4,4.43,9.1,198,72,12260.0,1,0.19,930.0,710.0,0,0.0,2,0,0.0,-1,-1,-1,-1,0.0,0.0
2026-05-31T05:00,0.0,0.0,0.0,0.0,32.6,4.75,9.5,202,40,13800.0,1,0.186,810.0,1015.0,0,0.0,1,0,0.0,-1,-1,-1,-1,0.0,0.0
2026-05-31T06:00,0.0,0.0,0.0,0.0,33.1,5.65,10.4,202,59,13800.0,1,0.183,200.0,1210.0,0,0.0,2,0,0.0,-1,-1,-1,-1,0.0,0.0
2026-05-31T07:00,0.0,0.0,0.0,0.0,32.9,5.57,10.9,201,61,13800.0,1,0.178,180.0,1080.0,0,0.0,2,0,0.0,-1,-1,-1,-1,0.0,0.0
2026-05-31T08:00,0.0,0.0,0.0,0.0,32.5,4.89,10.5,202,67,13800.0,1,0.175,350.0,1085.0,0,0.0,2,0,0.0,-1,-1,-1,-1,0.0,0.0
2026-05-31T09:00,0.0,0.0,0.0,0.0,31.6,4.29,8.9,201,64,13800.0,1,0.173,410.0,895.0,0,0.0,2,0,0.0,-1,-1,-1,-1,0.0,0.0
2026-05-31T10:00,0.0,0.0,0.0,0.0,30.0,4.09,7.7,195,83,12260.0,1,0.171,400.0,545.0,0,0.0,3,0,0.0,-1,-1,-1,-1,0.0,0.0
2026-05-31T11:00,0.0,0.0,0.0,0.0,28.5,3.85,7.1,193,93,12260.0,1,0.17,340.0,395.0,0,0.0,3,0,0.0,-1,-1,-1,-1,0.0,0.0
2026-05-31T12:00,0.0,0.0,0.0,0.0,27.5,3.72,7.4,185,72,12260.0,0,0.168,140.0,405.0,0,0.0,2,0,0.0,-1,-1,-1,-1,0.0,0.0
2026-05-31T13:00,0.0,0.0,0.0,0.0,27.1,4.62,7.9,186,95,12260.0,0,0.168,190.0,425.0,0,0.0,3,0,0.0,-1,-1,-1,-1,0.0,0.0
2026-05-31T14:00,0.0,0.0,0.0,0.0,26.5,4.52,8.0,186,96,12240.0,0,0.167,260.0,395.0,0,0.0,3,0,0.0,-1,-1,-1,-1,0.0,0.0
2026-05-31T15:00,0.0,0.0,0.0,0.0,25.8,4.17,7.8,190,99,12240.0,0,0.167,310.0,355.0,0,0.0,3,0,0.0,-1,-1,-1,-1,0.0,0.0
2026-05-31T16:00,0.0,0.0,0.0,0.0,25.4,3.98,7.2,195,100,12240.0,0,0.167,350.0,340.0,0,0.0,3,0,0.0,-1,-1,-1,-1,0.0,0.0
2026-05-31T17:00,0.0,0.0,0.0,0.0,24.8,3.94,6.8,192,100,10480.0,0,0.166,410.0,320.0,0,0.0,3,0,0.0,-1,-1,-1,-1,0.0,0.0
2026-05-31T18:00,0.0,0.0,0.0,0.0,24.2,2.83,6.7,197,100,10480.0,0,0.167,450.0,225.0,0,0.0,3,0,0.0,-1,-1,-1,-1,0.0,0.0
2026-05-31T19:00,0.0,0.0,0.0,0.0,23.3,2.8,4.8,11,99,9480.0,0,0.167,450.0,70.0,0,0.0,3,0,0.0,-1,-1,-1,-1,0.0,0.0
2026-05-31T20:00,0.0,0.0,0.0,0.0,22.2,1.33,5.0,110,100,9480.0,0,0.167,500.0,35.0,0,0.0,3,0,0.0,-1,-1,-1,-1,0.0,0.0
2026-05-31T21:00,0.0,0.0,0.0,0.0,21.5,1.42,2.2,108,98,8460.0,1,0.168,510.0,35.0,0,0.0,3,0,0.0,-1,-1,-1,-1,0.0,0.0
2026-05-31T22:00,0.0,0.0,0.0,0.0,22.4,2.31,3.8,141,57,9480.0,1,0.168,520.0,65.0,0,0.0,2,0,0.0,-1,-1,-1,-1,0.0,0.0
2026-05-31T23:00,0.0,0.0,0.0,0.0,24.3,1.7,3.9,156,25,9480.0,1,0.168,560.0,125.0,0,0.0,1,0,0.0,-1,-1,-1,-1,0.0,0.0
2026-06-01T00:00,0.0,0.0,0.0,0.0,26.5,1.33,3.3,193,3,9480.0,1,0.168,780.0,295.0,0,0.0,0,0,0.0,-1,-1,-1,-1,0.0,0.0
2026-06-01T01:00,0.0,0.0,0.0,0.0,27.9,1.68,4.5,210,0,10480.0,1,0.167,930.0,420.0,0,0.0,0,0,0.0,-1,-1,-1,-1,0.0,0.0
2026-06-01T02:00,0.0,0.0,0.0,0.0,29.2,1.55,4.7,213,0,10480.0,1,0.165,1230.0,540.0,0,0.0,0,0,0.0,-1,-1,-1,-1,0.0,0.0
2026-06-01T03:00,0.0,0.0,0.0,0.0,30.3,1.55,4.8,213,0,10480.0,1,0.162,1580.0,665.0,0,0.0,0,0,0.0,-1,-1,-1,-1,0.0,0.0
2026-06-01T04:00,0.0,0.0,0.0,0.0,31.2,1.66,5.0,209,0,12240.0,1,0.158,1870.0,785.0,0,0.0,0,0,0.0,-1,-1,-1,-1,0.0,0.0
2026-06-01T05:00,0.0,0.0,0.0,0.0,32.0,2.15,5.7,202,0,12240.0,1,0.155,2150.0,865.0,0,0.0,0,0,0.0,-1,-1,-1,-1,0.0,0.0
2026-06-01T06:00,0.0,0.0,0.0,0.0,32.6,2.34,5.8,200,0,12240.0,1,0.154,2260.0,1000.0,0,0.0,0,0,0.0,-1,-1,-1,-1,0.0,0.0
2026-06-01T07:00,0.0,0.0,0.0,0.0,33.0,2.48,5.8,199,0,12240.0,1,0.15,2230.0,1085.0,0,0.0,0,0,0.0,-1,-1,-1,-1,0.0,0.0
2026-06-01T08:00,0.0,0.0,0.0,0.0,33.0,2.77,5.9,197,0,12240.0,1,0.148,2080.0,1085.0,0,0.0,0,0,0.0,-1,-1,-1,-1,0.0,0.0
2026-06-01T09:00,0.0,0.0,0.0,0.0,32.5,2.67,5.9,201,0,12240.0,1,0.146,2130.0,875.0,0,0.0,0,0,0.0,-1,-1,-1,-1,0.0,0.0
2026-06-01T10:00,0.0,0.0,0.0,0.0,31.3,1.71,5.0,195,0,10480.0,1,0.145,2760.0,360.0,0,0.0,0,0,0.0,-1,-1,-1,-1,0.0,0.0
2026-06-01T11:00,0.0,0.0,0.0,0.0,29.1,1.85,3.0,178,0,10480.0,1,0.145,2740.0,115.0,0,0.0,0,0,0.0,-1,-1,-1,-1,0.0,0.0
2026-06-01T12:00,0.0,0.0,0.0,0.0,27.5,2.21,3.2,175,0,9480.0,0,0.139,2060.0,85.0,0,0.0,0,0,0.0,-1,-1,-1,-1,0.0,0.0
2026-06-01T13:00,0.0,0.0,0.0,0.0,26.8,2.41,4.2,186,0,9480.0,0,0.139,1630.0,90.0,0,0.0,0,0,0.0,-1,-1,-1,-1,0.0,0.0
2026-06-01T14:00,0.0,0.0,0.0,0.0,26.0,2.55,4.2,182,0,9460.0,0,0.14,1580.0,95.0,0,0.0,0,0,0.0,-1,-1,-1,-1,0.0,0.0
2026-06-01T15:00,0.0,0.0,0.0,0.0,25.8,3.44,5.7,188,0,9460.0,0,0.14,1390.0,210.0,0,0.0,0,0,0.0,-1,-1,-1,-1,0.0,0.0
2026-06-01T16:00,0.0,0.0,0.0,0.0,25.7,3.82,6.5,194,0,10480.0,0,0.14,1150.0,210.0,0,0.0,0,0,0.0,-1,-1,-1,-1,0.0,0.0
2026-06-01T17:00,0.0,0.0,0.0,0.0,25.3,3.91,6.7,193,0,10480.0,0,0.14,990.0,215.0,0,0.0,0,0,0.0,-1,-1,-1,-1,0.0,0.0
2026-06-01T18:00,0.0,0.0,0.0,0.0,25.0,3.46,6.8,191,0,10460.0,0,0.14,1310.0,210.0,0,0.0,0,0,0.0,-1,-1,-1,-1,0.0,0.0
2026-06-01T19:00,0.0,0.0,0.0,0.0,24.4,3.9,6.7,181,2,9460.0,0,0.14,1010.0,245.0,0,0.0,0,0,0.0,-1,-1,-1,-1,0.0,0.0
2026-06-01T20:00,0.0,0.0,0.0,0.0,23.9,4.35,7.5,183,6,9460.0,0,0.14,780.0,265.0,0,0.0,0,0,0.0,-1,-1,-1,-1,0.0,0.0
2026-06-01T21:00,0.0,0.0,0.0,0.0,23.8,4.45,7.8,188,31,9460.0,1,0.14,850.0,285.0,0,0.0,1,0,0.0,-1,-1,-1,-1,0.0,0.0
2026-06-01T22:00,0.0,0.0,0.0,0.0,24.0,4.48,7.8,187,84,9460.0,1,0.14,990.0,305.0,0,0.0,3,0,0.0,-1,-1,-1,-1,0.0,0.0
2026-06-01T23:00,0.0,0.0,0.0,0.0,25.2,4.58,8.6,187,5,9460.0,1,0.14,940.0,355.0,0,0.0,0,0,0.0,-1,-1,-1,-1,0.0,0.0
2026-06-02T00:00,0.0,0.0,0.0,0.0,26.7,4.4,8.4,181,20,10460.0,1,0.145,980.0,445.0,0,0.0,1,0,0.0,-1,-1,-1,-1,0.0,0.0
2026-06-02T01:00,0.0,0.0,0.0,0.0,28.3,4.46,9.0,189,23,10460.0,1,0.143,950.0,510.0,0,0.0,1,0,0.0,-1,-1,-1,-1,0.0,0.0
2026-06-02T02:00,0.0,0.0,0.0,0.0,30.0,4.38,9.2,199,38,10460.0,1,0.141,1490.0,600.0,0,0.0,1,0,0.0,-1,-1,-1,-1,0.0,0.0
2026-06-02T03:00,0.0,0.0,0.0,0.0,31.6,4.16,9.1,198,48,10460.0,1,0.139,2190.0,685.0,0,0.0,1,0,0.0,-1,-1,-1,-1,0.0,0.0
2026-06-02T04:00,0.0,0.0,0.0,0.0,33.1,4.17,8.9,194,75,12220.0,1,0.136,2530.0,755.0,0,0.0,2,0,0.0,-1,-1,-1,-1,0.0,0.0
2026-06-02T05:00,0.0,0.0,0.0,0.0,34.3,4.1,8.9,196,52,12220.0,1,0.133,2540.0,870.0,0,0.0,2,0,0.0,-1,-1,-1,-1,0.0,0.0
2026-06-02T06:00,0.0,0.0,0.0,0.0,34.7,3.99,8.7,188,67,13760.0,1,0.14,1960.0,995.0,0,0.0,2,0,0.0,-1,-1,-1,-1,0.0,0.0
2026-06-02T07:00,0.0,0.0,0.0,0.0,34.7,3.96,8.2,184,50,13760.0,1,0.137,1820.0,1045.0,0,0.0,2,0,0.0,-1,-1,-1,-1,0.0,0.0
2026-06-02T08:00,0.0,0.0,0.0,0.0,34.6,3.85,8.0,181,59,13760.0,1,0.134,1580.0,1050.0,0,0.0,2,0,0.0,-1,-1,-1,-1,0.0,0.0
2026-06-02T09:00,0.0,0.0,0.0,0.0,34.1,2.85,7.5,179,66,13760.0,1,0.133,1930.0,1050.0,0,0.0,2,0,0.0,-1,-1,-1,-1,0.0,0.0
2026-06-02T10:00,0.0,0.0,0.0,0.0,32.4,2.01,5.2,166,84,12220.0,1,0.132,2500.0,250.0,0,0.0,3,0,0.0,-1,-1,-1,-1,0.0,0.0
2026-06-02T11:00,0.0,0.0,0.0,0.0,30.0,2.23,3.6,146,45,10460.0,1,0.132,2310.0,125.0,0,0.0,1,0,0.0,-1,-1,-1,-1,0.0,0.0
2026-06-02T12:00,0.0,0.0,0.0,0.0,28.3,2.23,4.5,146,90,10460.0,0,0.127,1890.0,95.0,0,0.0,3,0,0.0,-1,-1,-1,-1,0.0,0.0
2026-06-02T13:00,0.0,0.0,0.0,0.0,27.6,2.77,4.6,160,87,10460.0,0,0.127,1060.0,100.0,0,0.0,3,0,0.0,-1,-1,-1,-1,0.0,0.0
2026-06-02T14:00,0.0,0.0,0.0,0.0,26.7,2.5,4.7,168,13,10460.0,0,0.128,750.0,100.0,0,0.0,0,0,0.0,-1,-1,-1,-1,0.0,0.0
2026-06-02T15:00,0.0,0.0,0.0,0.0,26.3,2.64,4.4,170,10,10460.0,0,0.128,690.0,130.0,0,0.0,0,0,0.0,-1,-1,-1,-1,0.0,0.0
2026-06-02T16:00,0.0,0.0,0.0,0.0,25.8,2.88,4.8,172,81,10460.0,0,0.128,640.0,140.0,0,0.0,3,0,0.0,-1,-1,-1,-1,0.0,0.0
2026-06-02T17:00,0.0,0.0,0.0,0.0,25.7,3.39,5.7,171,94,10460.0,0,0.128,500.0,175.0,0,0.0,3,0,0.0,-1,-1,-1,-1,0.0,0.0
2026-06-02T18:00,0.0,0.0,0.0,0.0,25.4,3.3,6.7,170,98,10460.0,0,0.122,640.0,170.0,0,0.0,3,0,0.0,-1,-1,-1,-1,0.0,0.0
2026-06-02T19:00,0.0,0.0,0.0,0.0,25.1,3.43,5.9,167,99,10460.0,0,0.122,910.0,175.0,0,0.0,3,0,0.0,-1,-1,-1,-1,0.0,0.0
2026-06-02T20:00,0.0,0.0,0.0,0.0,24.8,3.79,6.6,168,99,10460.0,0,0.122,1070.0,220.0,0,0.0,3,0,0.0,-1,-1,-1,-1,0.0,0.0
2026-06-02T21:00,0.0,0.0,0.0,0.0,24.7,3.56,6.6,176,98,10440.0,1,0.122,1460.0,230.0,0,0.0,3,0,0.0,-1,-1,-1,-1,0.0,0.0
2026-06-02T22:00,0.0,0.0,0.0,0.0,24.7,2.23,6.1,200,99,10440.0,1,0.123,1530.0,220.0,0,0.0,3,0,0.0,-1,-1,-1,-1,0.0,0.0
2026-06-02T23:00,0.0,0.0,0.0,0.0,25.6,2.2,3.7,192,74,9440.0,1,0.122,1600.0,250.0,0,0.0,2,0,0.0,-1,-1,-1,-1,0.0,0.0
2026-06-03T00:00,0.0,0.0,0.0,0.0,26.9,3.42,5.8,173,92,10440.0,1,0.132,1720.0,435.0,0,0.0,3,0,0.0,-1,-1,-1,-1,0.0,0.0
2026-06-03T01:00,0.0,0.0,0.0,0.0,28.8,3.86,8.0,190,97,10440.0,1,0.131,1710.0,585.0,0,0.0,3,0,0.0,-1,-1,-1,-1,0.0,0.0
2026-06-03T02:00,0.0,0.0,0.0,0.0,30.2,3.47,7.9,213,67,10440.0,1,0.13,2270.0,775.0,0,0.0,2,0,0.0,-1,-1,-1,-1,0.0,0.0
2026-06-03T03:00,0.0,0.0,0.0,0.0,31.4,2.87,7.5,221,41,10440.0,1,0.128,2800.0,900.0,0,0.0,1,0,0.0,-1,-1,-1,-1,0.0,0.0
2026-06-03T04:00,0.0,0.0,0.0,0.0,32.4,2.24,6.8,231,14,10440.0,1,0.125,3160.0,1080.0,0,0.0,0,0,0.0,-1,-1,-1,-1,0.0,0.0
2026-06-03T05:00,0.0,0.0,0.0,0.0,33.0,1.42,6.0,260,87,10440.0,1,0.123,3350.0,1255.0,0,0.0,3,0,0.0,-1,-1,-1,-1,0.0,0.0
2026-06-03T06:00,0.0,0.0,0.0,0.0,33.3,2.16,6.6,236,70,12200.0,1,0.133,3300.0,1325.0,0,0.0,2,0,0.0,-1,-1,-1,-1,0.0,0.0
2026-06-03T07:00,0.0,0.0,0.0,0.0,32.3,3.02,6.9,297,95,12200.0,1,0.131,2440.0,665.0,0,0.0,3,0,0.0,-1,-1,-1,-1,0.0,0.0
2026-06-03T08:00,0.0,0.0,0.0,0.0,30.2,2.65,8.5,360,44,7900.0,1,0.13,2530.0,740.0,0,0.0,1,0,0.0,-1,-1,-1,-1,0.0,0.0
2026-06-03T09:00,9.3,0.968,0.0,0.0,23.5,2.46,5.7,24,94,1860.0,1,0.254,1390.0,280.0,0,0.695,96,1,0.3,27,0,2,23,0.977,0.841
2026-06-03T10:00,1.7,0.294,0.0,0.0,22.4,4.51,8.0,56,66,2600.0,1,0.274,1350.0,460.0,0,0.1181,80,1,1.2,27,1,1,23,0.977,0.437
2026-06-03T11:00,0.2,0.0,0.0,0.0,21.6,4.43,8.8,16,70,4140.0,1,0.276,1100.0,520.0,0,0.0,51,0,0.2,-1,-1,-1,-1,0.0,0.0
2026-06-03T12:00,0.1,0.0,0.0,0.0,21.5,5.38,8.8,38,87,4440.0,0,0.193,830.0,665.0,0,0.0,51,0,0.1,-1,-1,-1,-1,0.0,0.0
2026-06-03T13:00,0.0,0.0,0.0,0.0,21.1,5.39,10.3,40,96,5880.0,0,0.193,780.0,710.0,0,0.0,3,0,0.0,-1,-1,-1,-1,0.0,0.0
2026-06-03T14:00,0.0,0.0,0.0,0.0,20.6,4.67,9.9,47,98,5680.0,0,0.193,360.0,685.0,0,0.0,3,0,0.0,-1,-1,-1,-1,0.0,0.0
2026-06-03T15:00,0.0,0.0,0.0,0.0,20.3,3.77,8.5,32,23,6140.0,0,0.193,210.0,565.0,0,0.0,1,0,0.0,-1,-1,-1,-1,0.0,0.0
2026-06-03T16:00,0.0,0.0,0.0,0.0,19.9,2.49,6.8,15,52,4600.0,0,0.193,200.0,580.0,0,0.0,2,0,0.0,-1,-1,-1,-1,0.0,0.0
2026-06-03T17:00,0.1,0.0,0.0,0.0,19.5,2.75,6.3,16,49,5360.0,0,0.194,280.0,485.0,0,0.0,51,0,0.1,-1,-1,-1,-1,0.0,0.0
2026-06-03T18:00,0.0,0.0,0.0,0.0,19.3,3.13,6.5,13,4,4840.0,0,0.186,570.0,455.0,0,0.0,0,0,0.0,-1,-1,-1,-1,0.0,0.0
2026-06-03T19:00,0.0,0.0,0.0,0.0,18.6,3.12,5.7,354,2,4900.0,0,0.186,520.0,360.0,0,0.0,0,0,0.0,-1,-1,-1,-1,0.0,0.0
2026-06-03T20:00,0.0,0.0,0.0,0.0,18.0,2.9,5.8,359,3,3180.0,0,0.186,520.0,335.0,0,0.0,0,0,0.0,-1,-1,-1,-1,0.0,0.0
2026-06-03T21:00,0.0,0.0,0.0,0.0,17.6,2.3,5.1,4,13,3180.0,1,0.187,560.0,285.0,0,0.0,0,0,0.0,-1,-1,-1,-1,0.0,0.0
2026-06-03T22:00,0.0,0.0,0.0,0.0,18.0,2.0,4.1,3,27,3180.0,1,0.187,610.0,265.0,0,0.0,1,0,0.0,-1,-1,-1,-1,0.0,0.0
2026-06-03T23:00,0.0,0.0,0.0,0.0,19.2,2.26,5.0,31,46,5540.0,1,0.187,690.0,335.0,0,0.0,1,0,0.0,-1,-1,-1,-1,0.0,0.0
2026-06-04T00:00,0.0,0.0,0.0,0.0,20.2,3.01,5.2,11,48,7580.0,1,0.217,490.0,680.0,0,0.0,1,0,0.0,-1,-1,-1,-1,0.0,0.0
2026-06-04T01:00,0.0,0.0,0.0,0.0,21.5,2.97,6.8,20,31,9420.0,1,0.215,450.0,770.0,0,0.0,1,0,0.0,-1,-1,-1,-1,0.0,0.0
2026-06-04T02:00,0.0,0.0,0.0,0.0,22.8,2.31,7.0,39,9,9420.0,1,0.212,570.0,775.0,0,0.0,0,0,0.0,-1,-1,-1,-1,0.0,0.0
2026-06-04T03:00,0.0,0.0,0.0,0.0,24.1,2.01,6.2,63,2,9420.0,1,0.209,670.0,845.0,0,0.0,0,0,0.0,-1,-1,-1,-1,0.0,0.0
2026-06-04T04:00,0.0,0.0,0.0,0.0,25.1,1.75,5.9,77,4,10420.0,1,0.205,720.0,915.0,0,0.0,0,0,0.0,-1,-1,-1,-1,0.0,0.0
2026-06-04T05:00,0.0,0.0,0.0,0.0,26.1,1.47,5.5,100,39,10420.0,1,0.201,820.0,1120.0,0,0.0,1,0,0.0,-1,-1,-1,-1,0.0,0.0
2026-06-04T06:00,0.0,0.0,0.0,0.0,26.1,0.6,5.1,180,7,4900.0,1,0.198,1210.0,1050.0,0,0.0,0,0,0.0,-1,-1,-1,-1,0.0,0.0
2026-06-04T07:00,0.1,0.0,0.0,0.0,27.0,0.95,4.2,162,25,10420.0,1,0.195,1310.0,1055.0,0,0.0,51,0,0.1,-1,-1,-1,-1,0.0,0.0
2026-06-04T08:00,0.0,0.0,0.0,0.0,27.1,0.76,3.9,101,5,10420.0,1,0.192,1400.0,1100.0,0,0.0,0,0,0.0,-1,-1,-1,-1,0.0,0.0
2026-06-04T09:00,0.0,0.0,0.0,0.0,26.9,1.11,4.0,82,23,9200.0,1,0.19,1400.0,1240.0,0,0.0,1,0,0.0,-1,-1,-1,-1,0.0,0.0
2026-06-04T10:00,0.3,0.667,0.0,0.0,25.3,3.49,5.9,82,19,5360.0,1,0.191,1590.0,685.0,0,0.0,51,1,0.1,28,0,1,6,0.0,0.4
2026-06-04T11:00,0.0,0.0,0.0,0.0,22.9,4.46,8.1,81,5,9420.0,1,0.191,1070.0,300.0,0,0.0,0,0,0.0,-1,-1,-1,-1,0.0,0.0
2026-06-04T12:00,0.0,0.0,0.0,0.0,23.1,3.31,8.1,86,0,9420.0,0,0.177,760.0,275.0,0,0.0,0,0,0.0,-1,-1,-1,-1,0.0,0.0
2026-06-04T13:00,0.0,0.0,0.0,0.0,21.6,3.3,6.4,104,0,9420.0,0,0.177,960.0,185.0,0,0.0,0,0,0.0,-1,-1,-1,-1,0.0,0.0
2026-06-04T14:00,0.0,0.0,0.0,0.0,20.9,3.16,5.7,121,0,9420.0,0,0.177,850.0,190.0,0,0.0,0,0,0.0,-1,-1,-1,-1,0.0,0.0
2026-06-04T15:00,0.0,0.0,0.0,0.0,20.3,1.88,5.4,101,38,8400.0,0,0.177,790.0,185.0,0,0.0,1,0,0.0,-1,-1,-1,-1,0.0,0.0
2026-06-04T16:00,0.1,0.0,0.0,0.0,17.9,4.91,13.1,75,70,3580.0,0,0.177,370.0,275.0,0,0.0,51,0,0.1,-1,-1,-1,-1,0.0,0.0
2026-06-04T17:00,1.2,0.75,0.0,0.0,16.5,6.94,13.0,42,70,2880.0,0,0.192,290.0,440.0,0,0.0072,55,1,0.3,29,0,5,15,0.816,0.668
2026-06-04T18:00,0.5,0.6,0.0,0.0,17.3,5.58,12.0,34,100,2140.0,0,0.202,310.0,470.0,0,0.0,53,1,0.2,29,1,4,15,0.816,0.578
2026-06-04T19:00,1.7,0.706,0.0,0.0,16.6,3.34,10.8,60,66,3480.0,0,0.222,300.0,245.0,0,0.0262,80,1,0.5,29,2,3,15,0.816,0.641
2026-06-04T20:00,4.5,1.0,0.0,0.0,16.4,2.95,5.6,92,88,1640.0,0,0.285,0.0,190.0,0,0.0,81,1,0.0,29,3,2,15,0.816,0.818
2026-06-04T21:00,1.5,0.4,0.0,0.0,16.4,2.74,5.9,108,52,3400.0,1,0.305,110.0,215.0,0,0.0069,80,1,0.9,29,4,1,15,0.816,0.458
2026-06-04T22:00,0.2,0.0,0.0,0.0,16.6,2.38,4.7,120,20,5440.0,1,0.306,0.0,180.0,0,0.0,51,0,0.2,-1,-1,-1,-1,0.0,0.0
2026-06-04T23:00,0.0,0.0,0.0,0.0,17.6,0.38,4.0,23,40,7300.0,1,0.305,80.0,220.0,0,0.0,1,0,0.0,-1,-1,-1,-1,0.0,0.0
2026-06-05T00:00,0.0,0.0,0.0,0.0,18.3,1.37,4.1,57,50,7260.0,1,0.303,50.0,300.0,0,0.0,2,0,0.0,-1,-1,-1,-1,0.0,0.0
2026-06-05T01:00,0.0,0.0,0.0,0.0,20.1,1.25,4.9,5,91,8380.0,1,0.3,40.0,520.0,0,0.0,3,0,0.0,-1,-1,-1,-1,0.0,0.0
2026-06-05T02:00,0.0,0.0,0.0,0.0,21.4,0.55,4.2,90,9,9400.0,1,0.297,20.0,845.0,0,0.0,0,0,0.0,-1,-1,-1,-1,0.0,0.0
2026-06-05T03:00,0.0,0.0,0.0,0.0,22.9,1.32,4.8,115,51,10420.0,1,0.292,20.0,1115.0,0,0.0,2,0,0.0,-1,-1,-1,-1,0.0,0.0
2026-06-05T04:00,0.0,0.0,0.0,0.0,23.7,1.7,5.3,76,79,10420.0,1,0.287,20.0,1065.0,0,0.0,2,0,0.0,-1,-1,-1,-1,0.0,0.0
2026-06-05T05:00,0.0,0.0,0.0,0.0,24.6,1.98,6.1,80,43,10420.0,1,0.282,70.0,1155.0,0,0.0,1,0,0.0,-1,-1,-1,-1,0.0,0.0
2026-06-05T06:00,0.0,0.0,0.0,0.0,24.6,2.26,5.8,95,65,12160.0,1,0.287,90.0,1255.0,0,0.0,2,0,0.0,-1,-1,-1,-1,0.0,0.0
2026-06-05T07:00,0.0,0.0,0.0,0.0,24.8,2.39,5.9,119,86,12160.0,1,0.282,90.0,1290.0,0,0.0,3,0,0.0,-1,-1,-1,-1,0.0,0.0
2026-06-05T08:00,0.0,0.0,0.0,0.0,24.9,2.49,5.9,120,71,12160.0,1,0.278,0.0,1325.0,0,0.0,2,0,0.0,-1,-1,-1,-1,0.0,0.0
2026-06-05T09:00,0.0,0.0,0.0,0.0,24.9,1.75,5.6,103,61,12160.0,1,0.275,120.0,1190.0,0,0.0,2,0,0.0,-1,-1,-1,-1,0.0,0.0
2026-06-05T10:00,0.0,0.0,0.0,0.0,24.2,2.67,4.7,82,83,10400.0,1,0.273,80.0,500.0,0,0.0,3,0,0.0,-1,-1,-1,-1,0.0,0.0
2026-06-05T11:00,0.0,0.0,0.0,0.0,22.9,2.51,4.8,95,76,10400.0,1,0.272,50.0,290.0,0,0.0,2,0,0.0,-1,-1,-1,-1,0.0,0.0
2026-06-05T12:00,0.0,0.0,0.0,0.0,21.3,2.07,4.3,58,98,5500.0,0,0.241,380.0,150.0,0,0.0,3,0,0.0,-1,-1,-1,-1,0.0,0.0
2026-06-05T13:00,0.7,0.714,0.0,0.0,20.1,1.34,4.0,63,99,2400.0,0,0.248,350.0,130.0,0,0.0,53,1,0.2,30,0,14,27,0.539,0.572
2026-06-05T14:00,1.0,0.0,0.0,0.0,18.7,4.11,7.4,122,98,3780.0,0,0.261,340.0,205.0,0,0.0,55,1,1.0,30,1,13,27,0.539,0.144
2026-06-05T15:00,1.1,0.636,0.0,0.0,18.1,1.91,7.0,133,100,1900.0,0,0.275,250.0,120.0,0,0.0031,55,1,0.4,30,2,12,27,0.539,0.525
2026-06-05T16:00,3.1,0.71,0.0,0.0,18.1,1.91,3.8,137,100,2120.0,0,0.317,510.0,140.0,0,0.1339,95,1,0.9,30,3,11,27,0.539,0.57
2026-06-05T17:00,2.1,0.857,0.0,0.0,17.9,2.73,4.7,118,100,2660.0,0,0.344,130.0,205.0,0,0.0179,80,1,0.3,30,4,10,27,0.539,0.658
2026-06-05T18:00,1.9,0.895,0.0,0.0,18.0,2.01,5.0,125,88,1820.0,0,0.404,0.0,275.0,0,0.0,80,1,0.2,30,5,9,27,0.539,0.681
2026-06-05T19:00,2.6,0.538,0.0,0.0,17.8,2.24,4.3,114,100,1600.0,0,0.416,10.0,310.0,0,0.002,81,1,1.2,30,6,8,27,0.539,0.467
2026-06-05T20:00,2.1,0.571,0.0,0.0,17.7,2.75,5.2,71,100,1900.0,0,0.413,50.0,425.0,0,0.0069,80,1,0.9,30,7,7,27,0.539,0.486
2026-06-05T21:00,3.8,0.553,0.0,0.0,17.7,3.35,5.9,81,100,1600.0,1,0.428,10.0,430.0,0,0.0035,81,1,1.7,30,8,6,27,0.539,0.476
2026-06-05T22:00,3.2,0.594,0.0,0.0,17.7,2.5,5.9,87,99,2040.0,1,0.421,0.0,465.0,0,0.0,81,1,1.3,30,9,5,27,0.539,0.5
2026-06-05T23:00,2.6,0.808,0.0,0.0,17.9,1.63,4.4,47,100,2000.0,1,0.418,0.0,385.0,0,0.0,81,1,0.5,30,10,4,27,0.539,0.629
2026-06-06T00:00,1.2,0.667,0.0,0.0,18.1,2.94,4.7,72,100,2600.0,1,0.419,40.0,330.0,0,0.001,55,1,0.4,30,11,3,27,0.539,0.544
2026-06-06T01:00,1.0,0.3,0.0,0.0,18.5,2.55,5.8,91,100,2460.0,1,0.409,30.0,290.0,0,0.0,55,1,0.7,30,12,2,27,0.539,0.324
2026-06-06T02:00,0.5,0.2,0.0,0.0,18.6,1.91,5.1,85,100,3400.0,1,0.401,30.0,270.0,0,0.0,53,1,0.4,30,13,1,27,0.539,0.264
2026-06-06T03:00,0.2,0.5,0.0,0.0,19.2,1.71,4.4,58,100,3220.0,1,0.394,30.0,295.0,0,0.0,51,0,0.1,-1,-1,-1,-1,0.0,0.0
2026-06-06T04:00,0.2,0.5,0.0,0.0,20.6,2.54,6.1,10,83,5440.0,1,0.388,50.0,580.0,0,0.0,51,0,0.1,-1,-1,-1,-1,0.0,0.0
2026-06-06T05:00,0.0,0.0,0.0,0.0,21.5,3.1,7.2,3,23,5560.0,1,0.381,110.0,665.0,0,0.0,1,0,0.0,-1,-1,-1,-1,0.0,0.0
2026-06-06T06:00,0.2,0.0,0.0,0.0,20.6,3.61,9.4,357,100,8360.0,1,0.395,10.0,895.0,0,0.0,51,0,0.2,-1,-1,-1,-1,0.0,0.0
2026-06-06T07:00,0.0,0.0,0.0,0.0,20.3,5.3,10.2,352,100,8360.0,1,0.387,10.0,940.0,0,0.0,3,0,0.0,-1,-1,-1,-1,0.0,0.0
2026-06-06T08:00,0.1,0.0,0.0,0.0,17.6,7.75,15.9,360,100,4320.0,1,0.382,10.0,855.0,0,0.0,51,0,0.1,-1,-1,-1,-1,0.0,0.0
2026-06-06T09:00,0.1,0.0,0.0,0.0,16.9,6.17,15.7,22,4,6300.0,1,0.378,0.0,710.0,0,0.0,51,0,0.1,-1,-1,-1,-1,0.0,0.0
2026-06-06T10:00,0.0,0.0,0.0,0.0,17.0,5.24,11.7,13,12,8260.0,1,0.373,0.0,755.0,0,0.0,0,0,0.0,-1,-1,-1,-1,0.0,0.0
2026-06-06T11:00,0.0,0.0,0.0,0.0,16.3,4.25,10.0,9,1,8360.0,1,0.37,0.0,645.0,0,0.0,0,0,0.0,-1,-1,-1,-1,0.0,0.0
2026-06-06T12:00,0.0,0.0,0.0,0.0,16.0,3.13,7.8,7,3,8240.0,0,0.373,0.0,745.0,0,0.0,0,0,0.0,-1,-1,-1,-1,0.0,0.0
2026-06-06T13:00,0.0,0.0,0.0,0.0,15.2,2.7,5.7,358,0,7280.0,0,0.37,0.0,425.0,0,0.0,0,0,0.0,-1,-1,-1,-1,0.0,0.0
2026-06-06T14:00,0.0,0.0,0.0,0.0,14.2,2.21,4.8,347,0,6140.0,0,0.368,0.0,170.0,0,0.0,0,0,0.0,-1,-1,-1,-1,0.0,0.0
2026-06-06T15:00,0.0,0.0,0.0,0.0,13.6,2.01,3.9,341,0,6140.0,0,0.365,0.0,105.0,0,0.0,0,0,0.0,-1,-1,-1,-1,0.0,0.0
2026-06-06T16:00,0.0,0.0,0.0,0.0,13.2,1.84,3.5,347,0,7280.0,0,0.364,0.0,80.0,0,0.0,0,0,0.0,-1,-1,-1,-1,0.0,0.0
2026-06-06T17:00,0.0,0.0,0.0,0.0,12.7,2.09,3.6,320,0,6140.0,0,0.362,0.0,75.0,0,0.0,0,0,0.0,-1,-1,-1,-1,0.0,0.0
2026-06-06T18:00,0.0,0.0,0.0,0.0,12.7,1.91,3.8,317,0,6140.0,0,0.364,0.0,75.0,0,0.0,0,0,0.0,-1,-1,-1,-1,0.0,0.0
2026-06-06T19:00,0.0,0.0,0.0,0.0,12.1,1.7,3.2,315,0,6140.0,0,0.363,0.0,65.0,0,0.0,0,0,0.0,-1,-1,-1,-1,0.0,0.0
2026-06-06T20:00,0.0,0.0,0.0,0.0,11.8,1.52,2.9,314,0,6140.0,0,0.361,0.0,55.0,0,0.0,0,0,0.0,-1,-1,-1,-1,0.0,0.0
2026-06-06T21:00,0.0,0.0,0.0,0.0,11.5,1.42,2.5,318,0,6140.0,1,0.36,0.0,40.0,0,0.0,0,0,0.0,-1,-1,-1,-1,0.0,0.0
2026-06-06T22:00,0.0,0.0,0.0,0.0,12.7,1.64,2.4,340,0,6140.0,1,0.358,0.0,40.0,0,0.0,0,0,0.0,-1,-1,-1,-1,0.0,0.0
2026-06-06T23:00,0.0,0.0,0.0,0.0,15.0,0.53,2.9,41,0,7280.0,1,0.356,0.0,50.0,0,0.0,0,0,0.0,-1,-1,-1,-1,0.0,0.0
2026-06-07T00:00,0.0,0.0,0.0,0.0,17.7,0.18,2.5,214,0,9380.0,1,0.355,0.0,150.0,0,0.0,0,0,0.0,-1,-1,-1,-1,0.0,0.0
2026-06-07T01:00,0.0,0.0,0.0,0.0,20.1,0.65,3.3,238,0,10380.0,1,0.352,20.0,335.0,0,0.0,0,0,0.0,-1,-1,-1,-1,0.0,0.0
2026-06-07T02:00,0.0,0.0,0.0,0.0,21.8,1.23,4.4,249,0,10380.0,1,0.347,110.0,490.0,0,0.0,0,0,0.0,-1,-1,-1,-1,0.0,0.0
2026-06-07T03:00,0.0,0.0,0.0,0.0,23.2,1.39,4.8,240,0,10380.0,1,0.342,290.0,630.0,0,0.0,0,0,0.0,-1,-1,-1,-1,0.0,0.0
2026-06-07T04:00,0.0,0.0,0.0,0.0,24.4,1.29,4.9,234,5,12140.0,1,0.337,350.0,895.0,0,0.0,0,0,0.0,-1,-1,-1,-1,0.0,0.0
2026-06-07T05:00,0.0,0.0,0.0,0.0,25.3,0.82,4.7,256,12,12140.0,1,0.331,220.0,1415.0,0,0.0,0,0,0.0,-1,-1,-1,-1,0.0,0.0
2026-06-07T06:00,0.3,1.0,0.0,0.0,25.4,2.27,5.7,327,57,6300.0,1,0.326,70.0,1895.0,0,0.0,51,1,0.0,31,0,1,65,0.0,0.6
2026-06-07T07:00,0.1,0.0,0.0,0.0,25.1,1.23,6.0,302,9,11220.0,1,0.323,180.0,1520.0,0,0.0,51,0,0.1,-1,-1,-1,-1,0.0,0.0
2026-06-07T08:00,0.0,0.0,0.0,0.0,25.1,0.71,3.8,262,6,13660.0,1,0.319,230.0,1470.0,0,0.0,0,0,0.0,-1,-1,-1,-1,0.0,0.0
2026-06-07T09:00,0.0,0.0,0.0,0.0,24.9,0.93,3.0,216,23,13660.0,1,0.316,300.0,1210.0,0,0.0,1,0,0.0,-1,-1,-1,-1,0.0,0.0
2026-06-07T10:00,0.0,0.0,0.0,0.0,24.2,1.1,2.7,204,17,12120.0,1,0.314,420.0,105.0,0,0.0,0,0,0.0,-1,-1,-1,-1,0.0,0.0
2026-06-07T11:00,0.0,0.0,0.0,0.0,22.7,0.42,1.8,135,5,10380.0,1,0.314,390.0,20.0,0,0.0,0,0,0.0,-1,-1,-1,-1,0.0,0.0
2026-06-07T12:00,0.0,0.0,0.0,0.0,20.8,1.35,0.9,112,5,9360.0,0,0.308,620.0,35.0,0,0.0,0,0,0.0,-1,-1,-1,-1,0.0,0.0
2026-06-07T13:00,0.0,0.0,0.0,0.0,19.5,1.64,2.4,160,12,9360.0,0,0.308,600.0,40.0,0,0.0,0,0,0.0,-1,-1,-1,-1,0.0,0.0
2026-06-07T14:00,0.0,0.0,0.0,0.0,19.2,2.03,3.3,196,70,9360.0,0,0.308,560.0,70.0,0,0.0,2,0,0.0,-1,-1,-1,-1,0.0,0.0
2026-06-07T15:00,0.0,0.0,0.0,0.0,19.1,2.28,3.7,209,13,9360.0,0,0.308,370.0,95.0,0,0.0,0,0,0.0,-1,-1,-1,-1,0.0,0.0
2026-06-07T16:00,0.0,0.0,0.0,0.0,18.7,2.37,3.9,208,1,9360.0,0,0.307,340.0,100.0,0,0.0,0,0,0.0,-1,-1,-1,-1,0.0,0.0
2026-06-07T17:00,0.0,0.0,0.0,0.0,17.9,2.16,3.9,214,41,9360.0,0,0.307,300.0,95.0,0,0.0,1,0,0.0,-1,-1,-1,-1,0.0,0.0
2026-06-07T18:00,0.0,0.0,0.0,0.0,17.1,1.92,3.6,219,35,9360.0,0,0.312,140.0,75.0,0,0.0,1,0,0.0,-1,-1,-1,-1,0.0,0.0
2026-06-07T19:00,0.0,0.0,0.0,0.0,16.5,1.95,3.2,220,0,8340.0,0,0.312,60.0,75.0,0,0.0,0,0,0.0,-1,-1,-1,-1,0.0,0.0
2026-06-07T20:00,0.0,0.0,0.0,0.0,16.3,2.37,4.0,215,0,8340.0,0,0.312,20.0,105.0,0,0.0,0,0,0.0,-1,-1,-1,-1,0.0,0.0
2026-06-07T21:00,0.0,0.0,0.0,0.0,16.1,2.22,4.1,216,0,8340.0,1,0.312,0.0,115.0,0,0.0,0,0,0.0,-1,-1,-1,-1,0.0,0.0
2026-06-07T22:00,0.0,0.0,0.0,0.0,17.0,2.65,4.5,212,0,8340.0,1,0.312,0.0,140.0,0,0.0,0,0,0.0,-1,-1,-1,-1,0.0,0.0
2026-06-07T23:00,0.0,0.0,0.0,0.0,18.7,2.24,4.7,219,0,8340.0,1,0.311,180.0,195.0,0,0.0,0,0,0.0,-1,-1,-1,-1,0.0,0.0
2026-06-08T00:00,0.0,0.0,0.0,0.0,20.8,2.42,4.8,210,0,9360.0,1,0.305,590.0,225.0,0,0.0,0,0,0.0,-1,-1,-1,-1,0.0,0.0
2026-06-08T01:00,0.0,0.0,0.0,0.0,23.0,2.9,6.4,212,0,9360.0,1,0.303,970.0,305.0,0,0.0,0,0,0.0,-1,-1,-1,-1,0.0,0.0
2026-06-08T02:00,0.0,0.0,0.0,0.0,25.1,3.3,7.3,212,0,10360.0,1,0.3,1230.0,415.0,0,0.0,0,0,0.0,-1,-1,-1,-1,0.0,0.0
2026-06-08T03:00,0.0,0.0,0.0,0.0,27.1,3.56,7.8,214,0,12120.0,1,0.295,1260.0,690.0,0,0.0,0,0,0.0,-1,-1,-1,-1,0.0,0.0
2026-06-08T04:00,0.0,0.0,0.0,0.0,28.6,3.9,8.2,221,0,13640.0,1,0.29,950.0,1175.0,0,0.0,0,0,0.0,-1,-1,-1,-1,0.0,0.0
2026-06-08T05:00,0.0,0.0,0.0,0.0,29.6,4.43,9.0,222,1,13640.0,1,0.284,470.0,1595.0,0,0.0,0,0,0.0,-1,-1,-1,-1,0.0,0.0
2026-06-08T06:00,0.0,0.0,0.0,0.0,30.0,4.26,9.1,230,12,13660.0,1,0.274,0.0,2000.0,0,0.0,0,0,0.0,-1,-1,-1,-1,0.0,0.0
2026-06-08T07:00,0.0,0.0,0.0,0.0,30.3,3.91,8.4,235,11,13660.0,1,0.269,0.0,2745.0,0,0.0,0,0,0.0,-1,-1,-1,-1,0.0,0.0
2026-06-08T08:00,0.0,0.0,0.0,0.0,30.1,2.62,7.5,227,13,13660.0,1,0.264,10.0,2430.0,0,0.0,0,0,0.0,-1,-1,-1,-1,0.0,0.0
2026-06-08T09:00,0.0,0.0,0.0,0.0,29.3,1.97,4.9,204,9,13640.0,1,0.261,380.0,425.0,0,0.0,0,0,0.0,-1,-1,-1,-1,0.0,0.0
2026-06-08T10:00,0.0,0.0,0.0,0.0,27.3,2.42,4.0,187,55,12100.0,1,0.26,640.0,350.0,0,0.0,2,0,0.0,-1,-1,-1,-1,0.0,0.0
2026-06-08T11:00,0.0,0.0,0.0,0.0,25.0,3.68,6.2,192,81,12100.0,1,0.259,340.0,300.0,0,0.0,3,0,0.0,-1,-1,-1,-1,0.0,0.0
2026-06-08T12:00,0.0,0.0,0.0,0.0,24.1,3.5,6.9,202,17,12100.0,0,0.23,160.0,175.0,0,0.0,0,0,0.0,-1,-1,-1,-1,0.0,0.0
2026-06-08T13:00,0.0,0.0,0.0,0.0,22.6,2.74,6.0,195,22,12100.0,0,0.229,120.0,130.0,0,0.0,1,0,0.0,-1,-1,-1,-1,0.0,0.0
2026-06-08T14:00,0.2,1.0,0.0,0.0,20.9,1.1,4.5,210,85,8300.0,0,0.231,30.0,65.0,0,0.0,51,0,0.0,-1,-1,-1,-1,0.0,0.0
2026-06-08T15:00,0.1,1.0,0.0,0.0,20.8,3.43,5.8,164,20,8740.0,0,0.232,60.0,175.0,0,0.0,51,0,0.0,-1,-1,-1,-1,0.0,0.0
2026-06-08T16:00,0.2,1.0,0.0,0.0,20.0,0.27,5.7,22,62,10360.0,0,0.234,30.0,20.0,0,0.0,51,0,0.0,-1,-1,-1,-1,0.0,0.0
2026-06-08T17:00,0.0,0.0,0.0,0.0,18.3,2.72,8.8,43,32,8320.0,0,0.234,320.0,70.0,0,0.0,1,0,0.0,-1,-1,-1,-1,0.0,0.0
2026-06-08T18:00,0.1,1.0,0.0,0.0,17.6,3.17,9.3,102,20,4980.0,0,0.238,310.0,80.0,0,0.0,51,0,0.0,-1,-1,-1,-1,0.0,0.0
2026-06-08T19:00,0.0,0.0,0.0,0.0,16.9,1.63,8.8,135,38,7240.0,0,0.239,170.0,65.0,0,0.0,1,0,0.0,-1,-1,-1,-1,0.0,0.0
2026-06-08T20:00,0.0,0.0,0.0,0.0,16.6,0.75,2.4,356,0,7240.0,0,0.239,60.0,35.0,0,0.0,0,0,0.0,-1,-1,-1,-1,0.0,0.0
2026-06-08T21:00,0.0,0.0,0.0,0.0,15.8,1.35,2.7,345,0,4880.0,1,0.239,70.0,45.0,0,0.0,0,0,0.0,-1,-1,-1,-1,0.0,0.0
2026-06-08T22:00,0.0,0.0,0.0,0.0,16.6,0.97,2.1,325,0,4880.0,1,0.24,70.0,20.0,0,0.0,0,0,0.0,-1,-1,-1,-1,0.0,0.0
2026-06-08T23:00,0.0,0.0,0.0,0.0,18.4,1.05,2.8,301,0,7240.0,1,0.24,220.0,110.0,0,0.0,0,0,0.0,-1,-1,-1,-1,0.0,0.0
2026-06-09T00:00,0.0,0.0,0.0,0.0,21.6,1.75,4.5,358,0,9340.0,1,0.227,570.0,200.0,0,0.0,0,0,0.0,-1,-1,-1,-1,0.0,0.0
2026-06-09T01:00,0.0,0.0,0.0,0.0,23.9,2.11,5.4,31,0,10340.0,1,0.225,700.0,625.0,0,0.0,0,0,0.0,-1,-1,-1,-1,0.0,0.0
2026-06-09T02:00,0.0,0.0,0.0,0.0,25.5,2.18,6.2,74,0,12100.0,1,0.221,260.0,1625.0,0,0.0,0,0,0.0,-1,-1,-1,-1,0.0,0.0
2026-06-09T03:00,0.0,0.0,0.0,0.0,26.6,1.45,5.7,4,0,13620.0,1,0.218,60.0,1870.0,0,0.0,0,0,0.0,-1,-1,-1,-1,0.0,0.0
2026-06-09T04:00,0.0,0.0,0.0,0.0,27.2,2.5,6.3,334,0,13640.0,1,0.213,50.0,2035.0,0,0.0,0,0,0.0,-1,-1,-1,-1,0.0,0.0
2026-06-09T05:00,0.0,0.0,0.0,0.0,27.8,3.8,8.2,335,0,13640.0,1,0.208,0.0,2375.0,0,0.0,0,0,0.0,-1,-1,-1,-1,0.0,0.0
2026-06-09T06:00,0.0,0.0,0.0,0.0,28.1,4.84,9.6,340,2,13640.0,1,0.204,0.0,2510.0,0,0.0,0,0,0.0,-1,-1,-1,-1,0.0,0.0
2026-06-09T07:00,0.0,0.0,0.0,0.0,28.1,3.69,9.9,339,0,13640.0,1,0.199,0.0,2530.0,0,0.0,0,0,0.0,-1,-1,-1,-1,0.0,0.0
2026-06-09T08:00,0.0,0.0,0.0,0.0,28.3,2.8,7.7,16,6,13640.0,1,0.196,0.0,2690.0,0,0.0,0,0,0.0,-1,-1,-1,-1,0.0,0.0
2026-06-09T09:00,0.0,0.0,0.0,0.0,27.5,3.38,6.6,34,5,13620.0,1,0.193,30.0,1380.0,0,0.0,0,0,0.0,-1,-1,-1,-1,0.0,0.0
2026-06-09T10:00,0.0,0.0,0.0,0.0,26.0,2.48,6.3,42,5,12100.0,1,0.192,110.0,390.0,0,0.0,0,0,0.0,-1,-1,-1,-1,0.0,0.0
2026-06-09T11:00,0.0,0.0,0.0,0.0,24.0,3.0,4.9,57,1,12080.0,1,0.191,160.0,275.0,0,0.0,0,0,0.0,-1,-1,-1,-1,0.0,0.0
2026-06-09T12:00,0.0,0.0,0.0,0.0,22.4,2.48,5.8,99,12,10340.0,0,0.183,140.0,170.0,0,0.0,0,0,0.0,-1,-1,-1,-1,0.0,0.0
2026-06-09T13:00,0.0,0.0,0.0,0.0,21.4,2.89,5.1,100,5,10340.0,0,0.183,20.0,120.0,0,0.0,0,0,0.0,-1,-1,-1,-1,0.0,0.0
2026-06-09T14:00,0.0,0.0,0.0,0.0,20.3,2.43,4.9,99,1,10340.0,0,0.183,10.0,90.0,0,0.0,0,0,0.0,-1,-1,-1,-1,0.0,0.0
2026-06-09T15:00,0.0,0.0,0.0,0.0,19.1,1.77,4.1,135,2,10340.0,0,0.183,0.0,65.0,0,0.0,0,0,0.0,-1,-1,-1,-1,0.0,0.0
2026-06-09T16:00,0.0,0.0,0.0,0.0,18.6,1.63,2.5,137,0,10340.0,0,0.183,0.0,60.0,0,0.0,0,0,0.0,-1,-1,-1,-1,0.0,0.0
2026-06-09T17:00,0.0,0.0,0.0,0.0,17.8,1.61,2.6,120,2,9340.0,0,0.183,0.0,60.0,0,0.0,0,0,0.0,-1,-1,-1,-1,0.0,0.0
2026-06-09T18:00,0.0,0.0,0.0,0.0,17.9,0.74,2.4,28,70,7100.0,0,0.182,160.0,30.0,0,0.0,2,0,0.0,-1,-1,-1,-1,0.0,0.0
2026-06-09T19:00,0.1,0.0,0.0,0.0,17.3,2.24,3.8,321,83,7500.0,0,0.183,0.0,65.0,0,0.0,51,0,0.1,-1,-1,-1,-1,0.0,0.0
2026-06-09T20:00,0.0,0.0,0.0,0.0,17.4,0.61,3.8,55,53,5840.0,0,0.183,10.0,25.0,0,0.0,2,0,0.0,-1,-1,-1,-1,0.0,0.0
2026-06-09T21:00,0.0,0.0,0.0,0.0,16.6,0.54,1.9,146,43,6640.0,1,0.184,20.0,20.0,0,0.0,1,0,0.0,-1,-1,-1,-1,0.0,0.0
2026-06-09T22:00,0.1,0.0,0.0,0.0,17.4,0.51,1.1,61,6,7160.0,1,0.185,160.0,10.0,0,0.0,51,0,0.1,-1,-1,-1,-1,0.0,0.0
2026-06-09T23:00,0.0,0.0,0.0,0.0,18.8,2.21,5.1,5,18,8300.0,1,0.185,280.0,140.0,0,0.0,0,0,0.0,-1,-1,-1,-1,0.0,0.0
2026-06-10T00:00,0.3,0.667,0.0,0.0,19.5,0.78,7.8,153,32,3960.0,1,0.199,540.0,150.0,0,0.0,51,1,0.1,32,0,4,68,0.845,0.625
2026-06-10T01:00,0.4,0.75,0.0,0.0,20.9,1.59,4.7,49,80,3820.0,1,0.202,580.0,470.0,0,0.0,51,1,0.1,32,1,3,68,0.845,0.675
2026-06-10T02:00,0.3,0.0,0.0,0.0,22.6,0.76,5.3,122,31,7740.0,1,0.204,700.0,510.0,0,0.0,51,1,0.3,32,2,2,68,0.845,0.225
2026-06-10T03:00,1.3,0.615,0.0,0.0,21.2,1.48,8.5,102,45,5060.0,1,0.217,490.0,330.0,0,0.0184,80,1,0.5,32,3,1,68,0.845,0.594
2026-06-10T04:00,0.1,0.0,0.0,0.0,23.9,0.81,6.8,83,7,10320.0,1,0.214,690.0,675.0,0,0.0,51,0,0.1,-1,-1,-1,-1,0.0,0.0
2026-06-10T05:00,0.0,0.0,0.0,0.0,25.7,0.66,4.2,189,23,12080.0,1,0.21,340.0,1060.0,0,0.0,1,0,0.0,-1,-1,-1,-1,0.0,0.0
2026-06-10T06:00,0.0,0.0,0.0,0.0,25.8,1.41,4.6,188,12,12080.0,1,0.199,360.0,990.0,0,0.0,0,0,0.0,-1,-1,-1,-1,0.0,0.0
2026-06-10T07:00,0.0,0.0,0.0,0.0,26.4,0.81,4.8,173,36,12080.0,1,0.195,470.0,1445.0,0,0.0,1,0,0.0,-1,-1,-1,-1,0.0,0.0
2026-06-10T08:00,0.0,0.0,0.0,0.0,26.7,0.41,4.4,104,16,11720.0,1,0.192,370.0,1760.0,0,0.0,0,0,0.0,-1,-1,-1,-1,0.0,0.0
2026-06-10T09:00,0.0,0.0,0.0,0.0,26.2,1.31,3.7,83,27,12080.0,1,0.19,370.0,1735.0,0,0.0,1,0,0.0,-1,-1,-1,-1,0.0,0.0
2026-06-10T10:00,0.0,0.0,0.0,0.0,24.9,2.51,4.4,84,17,10320.0,1,0.189,560.0,350.0,0,0.0,0,0,0.0,-1,-1,-1,-1,0.0,0.0
2026-06-10T11:00,0.0,0.0,0.0,0.0,23.0,2.28,4.7,75,8,9320.0,1,0.188,680.0,175.0,0,0.0,0,0,0.0,-1,-1,-1,-1,0.0,0.0
2026-06-10T12:00,0.0,0.0,0.0,0.0,22.4,1.64,4.0,78,9,10320.0,0,0.17,300.0,45.0,0,0.0,0,0,0.0,-1,-1,-1,-1,0.0,0.0
2026-06-10T13:00,0.0,0.0,0.0,0.0,21.4,1.8,2.7,44,9,10320.0,0,0.17,310.0,55.0,0,0.0,0,0,0.0,-1,-1,-1,-1,0.0,0.0
2026-06-10T14:00,0.0,0.0,0.0,0.0,21.1,3.09,5.4,50,30,9320.0,0,0.17,440.0,185.0,0,0.0,1,0,0.0,-1,-1,-1,-1,0.0,0.0
2026-06-10T15:00,0.0,0.0,0.0,0.0,20.0,1.63,5.4,40,4,9320.0,0,0.17,300.0,95.0,0,0.0,0,0,0.0,-1,-1,-1,-1,0.0,0.0
2026-06-10T16:00,0.0,0.0,0.0,0.0,18.8,1.46,2.6,8,0,8300.0,0,0.17,310.0,50.0,0,0.0,0,0,0.0,-1,-1,-1,-1,0.0,0.0
2026-06-10T17:00,0.0,0.0,0.0,0.0,17.9,1.55,2.6,356,0,8300.0,0,0.17,290.0,45.0,0,0.0,0,0,0.0,-1,-1,-1,-1,0.0,0.0
2026-06-10T18:00,0.0,0.0,0.0,0.0,17.3,1.6,2.8,358,0,7200.0,0,0.171,150.0,55.0,0,0.0,0,0,0.0,-1,-1,-1,-1,0.0,0.0
2026-06-10T19:00,0.0,0.0,0.0,0.0,16.8,1.46,4.0,16,0,7200.0,0,0.171,100.0,60.0,0,0.0,0,0,0.0,-1,-1,-1,-1,0.0,0.0
2026-06-10T20:00,0.0,0.0,0.0,0.0,16.3,1.22,4.1,19,0,6080.0,0,0.171,50.0,45.0,0,0.0,0,0,0.0,-1,-1,-1,-1,0.0,0.0
2026-06-10T21:00,0.0,0.0,0.0,0.0,15.9,0.7,3.1,291,0,6080.0,1,0.172,30.0,30.0,0,0.0,0,0,0.0,-1,-1,-1,-1,0.0,0.0
2026-06-10T22:00,0.0,0.0,0.0,0.0,16.7,1.61,1.9,275,0,4860.0,1,0.172,40.0,40.0,0,0.0,0,0,0.0,-1,-1,-1,-1,0.0,0.0
2026-06-10T23:00,0.0,0.0,0.0,0.0,18.9,1.19,2.6,303,0,7200.0,1,0.172,160.0,80.0,0,0.0,0,0,0.0,-1,-1,-1,-1,0.0,0.0
2026-06-11T00:00,0.0,0.0,0.0,0.0,21.6,0.79,3.0,305,0,8280.0,1,0.178,510.0,170.0,0,0.0,0,0,0.0,-1,-1,-1,-1,0.0,0.0
2026-06-11T01:00,0.0,0.0,0.0,0.0,24.0,0.73,3.5,286,0,10320.0,1,0.177,450.0,350.0,0,0.0,0,0,0.0,-1,-1,-1,-1,0.0,0.0
2026-06-11T02:00,0.0,0.0,0.0,0.0,25.8,1.14,4.3,299,0,12060.0,1,0.174,340.0,800.0,0,0.0,0,0,0.0,-1,-1,-1,-1,0.0,0.0
2026-06-11T03:00,0.0,0.0,0.0,0.0,27.1,0.94,4.5,302,0,12060.0,1,0.171,300.0,1105.0,0,0.0,0,0,0.0,-1,-1,-1,-1,0.0,0.0
2026-06-11T04:00,0.0,0.0,0.0,0.0,28.1,0.92,4.3,248,0,12060.0,1,0.167,250.0,1365.0,0,0.0,0,0,0.0,-1,-1,-1,-1,0.0,0.0
2026-06-11T05:00,0.0,0.0,0.0,0.0,28.8,1.45,5.0,229,13,13600.0,1,0.164,190.0,1665.0,0,0.0,0,0,0.0,-1,-1,-1,-1,0.0,0.0
2026-06-11T06:00,0.0,0.0,0.0,0.0,29.0,1.54,5.1,216,2,13600.0,1,0.164,110.0,1705.0,0,0.0,0,0,0.0,-1,-1,-1,-1,0.0,0.0
2026-06-11T07:00,0.0,0.0,0.0,0.0,29.3,1.59,4.9,208,2,13600.0,1,0.16,100.0,1720.0,0,0.0,0,0,0.0,-1,-1,-1,-1,0.0,0.0
2026-06-11T08:00,0.0,0.0,0.0,0.0,29.3,1.7,4.7,204,26,13580.0,1,0.157,120.0,1670.0,0,0.0,1,0,0.0,-1,-1,-1,-1,0.0,0.0
2026-06-11T09:00,0.0,0.0,0.0,0.0,28.9,1.64,4.5,192,17,13580.0,1,0.156,170.0,1495.0,0,0.0,0,0,0.0,-1,-1,-1,-1,0.0,0.0
2026-06-11T10:00,0.0,0.0,0.0,0.0,28.0,1.67,3.9,171,13,12060.0,1,0.154,380.0,1145.0,0,0.0,0,0,0.0,-1,-1,-1,-1,0.0,0.0
2026-06-11T11:00,0.0,0.0,0.0,0.0,25.9,1.65,3.0,183,52,10300.0,1,0.154,630.0,130.0,0,0.0,2,0,0.0,-1,-1,-1,-1,0.0,0.0
2026-06-11T12:00,0.0,0.0,0.0,0.0,24.2,1.82,2.7,171,74,9300.0,0,0.183,680.0,65.0,0,0.0,2,0,0.0,-1,-1,-1,-1,0.0,0.0
2026-06-11T13:00,0.0,0.0,0.0,0.0,23.1,2.0,3.1,143,51,9300.0,0,0.183,380.0,60.0,0,0.0,2,0,0.0,-1,-1,-1,-1,0.0,0.0
2026-06-11T14:00,0.0,0.0,0.0,0.0,22.8,2.48,4.2,137,54,9300.0,0,0.183,130.0,100.0,0,0.0,2,0,0.0,-1,-1,-1,-1,0.0,0.0
2026-06-11T15:00,0.0,0.0,0.0,0.0,22.1,2.3,4.2,138,45,9300.0,0,0.183,20.0,85.0,0,0.0,1,0,0.0,-1,-1,-1,-1,0.0,0.0
2026-06-11T16:00,0.0,0.0,0.0,0.0,21.7,2.47,4.2,135,59,9300.0,0,0.183,0.0,80.0,0,0.0,2,0,0.0,-1,-1,-1,-1,0.0,0.0
2026-06-11T17:00,0.0,0.0,0.0,0.0,21.4,2.69,4.5,138,66,9300.0,0,0.183,0.0,100.0,0,0.0,2,0,0.0,-1,-1,-1,-1,0.0,0.0
2026-06-11T18:00,0.0,0.0,0.0,0.0,21.6,2.7,4.6,146,41,9300.0,0,0.19,0.0,125.0,0,0.0,1,0,0.0,-1,-1,-1,-1,0.0,0.0
2026-06-11T19:00,0.0,0.0,0.0,0.0,21.0,2.55,4.7,145,9,9300.0,0,0.19,350.0,110.0,0,0.0,0,0,0.0,-1,-1,-1,-1,0.0,0.0
2026-06-11T20:00,0.0,0.0,0.0,0.0,20.7,3.02,5.0,153,38,9300.0,0,0.19,280.0,130.0,0,0.0,1,0,0.0,-1,-1,-1,-1,0.0,0.0
2026-06-11T21:00,0.0,0.0,0.0,0.0,20.6,2.91,5.3,156,9,9300.0,1,0.19,270.0,145.0,0,0.0,0,0,0.0,-1,-1,-1,-1,0.0,0.0
2026-06-11T22:00,0.0,0.0,0.0,0.0,21.2,2.78,4.9,162,16,9300.0,1,0.19,0.0,165.0,0,0.0,0,0,0.0,-1,-1,-1,-1,0.0,0.0
2026-06-11T23:00,0.0,0.0,0.0,0.0,23.0,3.08,5.5,172,20,9300.0,1,0.189,10.0,280.0,0,0.0,1,0,0.0,-1,-1,-1,-1,0.0,0.0
2026-06-12T00:00,0.0,0.0,0.0,0.0,25.2,2.82,5.2,173,13,10300.0,1,0.187,250.0,400.0,0,0.0,0,0,0.0,-1,-1,-1,-1,0.0,0.0
2026-06-12T01:00,0.0,0.0,0.0,0.0,27.1,3.39,7.2,188,34,10300.0,1,0.184,520.0,535.0,0,0.0,1,0,0.0,-1,-1,-1,-1,0.0,0.0
2026-06-12T02:00,0.0,0.0,0.0,0.0,28.9,3.65,7.9,193,36,12040.0,1,0.181,900.0,665.0,0,0.0,1,0,0.0,-1,-1,-1,-1,0.0,0.0
2026-06-12T03:00,0.0,0.0,0.0,0.0,30.3,3.66,8.1,194,25,12040.0,1,0.178,1260.0,785.0,0,0.0,1,0,0.0,-1,-1,-1,-1,0.0,0.0
2026-06-12T04:00,0.0,0.0,0.0,0.0,31.5,3.59,8.1,193,20,12040.0,1,0.174,1510.0,940.0,0,0.0,1,0,0.0,-1,-1,-1,-1,0.0,0.0
2026-06-12T05:00,0.0,0.0,0.0,0.0,32.6,3.53,8.0,187,71,13580.0,1,0.17,1560.0,1150.0,0,0.0,2,0,0.0,-1,-1,-1,-1,0.0,0.0
2026-06-12T06:00,0.0,0.0,0.0,0.0,33.2,3.57,7.8,186,86,13580.0,1,0.177,1370.0,1370.0,0,0.0,3,0,0.0,-1,-1,-1,-1,0.0,0.0
2026-06-12T07:00,0.1,1.0,0.0,0.0,28.3,6.1,12.8,280,98,12040.0,1,0.175,570.0,545.0,0,0.0,51,0,0.0,-1,-1,-1,-1,0.0,0.0
2026-06-12T08:00,0.0,0.0,0.0,0.0,25.3,2.53,11.7,22,35,9280.0,1,0.173,600.0,170.0,0,0.0,1,0,0.0,-1,-1,-1,-1,0.0,0.0
2026-06-12T09:00,0.0,0.0,0.0,0.0,26.6,2.04,5.6,54,61,9280.0,1,0.172,1120.0,135.0,0,0.0,2,0,0.0,-1,-1,-1,-1,0.0,0.0
2026-06-12T10:00,0.0,0.0,0.0,0.0,26.5,2.55,4.9,110,68,9280.0,1,0.171,1570.0,180.0,0,0.0,2,0,0.0,-1,-1,-1,-1,0.0,0.0
2026-06-12T11:00,0.0,0.0,0.0,0.0,25.1,2.42,6.1,117,76,9280.0,1,0.17,1470.0,135.0,0,0.0,2,0,0.0,-1,-1,-1,-1,0.0,0.0
2026-06-12T12:00,0.0,0.0,0.0,0.0,24.7,2.5,4.2,1,100,9280.0,0,0.158,1140.0,145.0,0,0.0,3,0,0.0,-1,-1,-1,-1,0.0,0.0
2026-06-12T13:00,0.0,0.0,0.0,0.0,24.3,2.8,5.2,43,100,9280.0,0,0.158,1060.0,140.0,0,0.0,3,0,0.0,-1,-1,-1,-1,0.0,0.0
2026-06-12T14:00,0.0,0.0,0.0,0.0,23.6,2.37,4.9,62,98,9280.0,0,0.158,760.0,100.0,0,0.0,3,0,0.0,-1,-1,-1,-1,0.0,0.0
2026-06-12T15:00,0.0,0.0,0.0,0.0,23.1,0.32,4.1,252,84,9280.0,0,0.158,580.0,30.0,0,0.0,3,0,0.0,-1,-1,-1,-1,0.0,0.0
2026-06-12T16:00,0.0,0.0,0.0,0.0,21.9,1.48,3.6,282,77,8260.0,0,0.158,710.0,55.0,0,0.0,2,0,0.0,-1,-1,-1,-1,0.0,0.0
2026-06-12T17:00,0.0,0.0,0.0,0.0,21.4,0.45,2.2,243,14,8260.0,0,0.159,690.0,20.0,0,0.0,0,0,0.0,-1,-1,-1,-1,0.0,0.0
2026-06-12T18:00,0.0,0.0,0.0,0.0,20.2,0.9,1.8,161,98,6060.0,0,0.172,520.0,30.0,0,0.0,3,0,0.0,-1,-1,-1,-1,0.0,0.0
2026-06-12T19:00,0.0,0.0,0.0,0.0,20.5,0.2,1.4,90,100,6060.0,0,0.172,590.0,15.0,0,0.0,3,0,0.0,-1,-1,-1,-1,0.0,0.0
2026-06-12T20:00,0.0,0.0,0.0,0.0,20.3,0.75,1.3,360,100,6060.0,0,0.172,610.0,45.0,0,0.0,3,0,0.0,-1,-1,-1,-1,0.0,0.0
2026-06-12T21:00,0.0,0.0,0.0,0.0,20.2,1.43,2.4,102,100,4780.0,1,0.173,580.0,60.0,0,0.0,3,0,0.0,-1,-1,-1,-1,0.0,0.0
2026-06-12T22:00,0.0,0.0,0.0,0.0,20.6,1.13,3.0,131,66,6060.0,1,0.173,620.0,60.0,0,0.0,2,0,0.0,-1,-1,-1,-1,0.0,0.0
2026-06-12T23:00,0.0,0.0,0.0,0.0,22.2,2.35,4.8,151,61,7160.0,1,0.173,970.0,150.0,0,0.0,2,0,0.0,-1,-1,-1,-1,0.0,0.0
2026-06-13T00:00,0.3,1.0,0.0,0.0,24.4,1.72,5.1,163,62,9280.0,1,0.179,1240.0,335.0,0,0.0,51,1,0.0,33,0,1,12,0.0,0.6
2026-06-13T01:00,0.0,0.0,0.0,0.0,25.7,2.74,6.2,171,16,7280.0,1,0.178,1350.0,465.0,0,0.0,0,0,0.0,-1,-1,-1,-1,0.0,0.0
2026-06-13T02:00,0.0,0.0,0.0,0.0,27.6,3.44,7.7,172,69,10280.0,1,0.176,1750.0,580.0,0,0.0,2,0,0.0,-1,-1,-1,-1,0.0,0.0
2026-06-13T03:00,0.0,0.0,0.0,0.0,28.9,3.2,7.9,190,57,10280.0,1,0.173,1980.0,720.0,0,0.0,2,0,0.0,-1,-1,-1,-1,0.0,0.0
2026-06-13T04:00,0.0,0.0,0.0,0.0,30.0,2.91,7.5,199,16,10280.0,1,0.169,2120.0,1105.0,0,0.0,0,0,0.0,-1,-1,-1,-1,0.0,0.0
2026-06-13T05:00,0.0,0.0,0.0,0.0,30.6,3.31,9.3,195,34,12020.0,1,0.166,2300.0,1320.0,0,0.0,1,0,0.0,-1,-1,-1,-1,0.0,0.0
2026-06-13T06:00,0.1,1.0,0.0,0.0,30.4,3.25,9.5,190,66,7420.0,1,0.176,2120.0,1435.0,0,0.0,51,0,0.0,-1,-1,-1,-1,0.0,0.0
2026-06-13T07:00,0.1,0.0,0.0,0.0,30.5,2.74,7.0,218,64,8340.0,1,0.173,2180.0,1555.0,0,0.0,51,0,0.1,-1,-1,-1,-1,0.0,0.0
2026-06-13T08:00,0.0,0.0,0.0,0.0,31.3,2.98,6.1,230,57,13560.0,1,0.171,1590.0,1770.0,0,0.0,2,0,0.0,-1,-1,-1,-1,0.0,0.0
2026-06-13T09:00,0.0,0.0,0.0,0.0,31.3,2.59,6.2,205,34,13560.0,1,0.169,1290.0,1895.0,0,0.0,1,0,0.0,-1,-1,-1,-1,0.0,0.0
2026-06-13T10:00,0.0,0.0,0.0,0.0,30.2,1.7,4.5,166,37,12020.0,1,0.167,1510.0,505.0,0,0.0,1,0,0.0,-1,-1,-1,-1,0.0,0.0
2026-06-13T11:00,0.0,0.0,0.0,0.0,28.5,0.79,3.0,125,27,12020.0,1,0.167,1490.0,55.0,0,0.0,1,0,0.0,-1,-1,-1,-1,0.0,0.0
2026-06-13T12:00,0.0,0.0,0.0,0.0,20.5,5.16,1.2,70,91,5100.0,0,0.169,450.0,175.0,0,0.0,3,0,0.0,-1,-1,-1,-1,0.0,0.0
2026-06-13T13:00,1.4,1.0,0.0,0.0,20.7,4.04,10.0,68,92,3120.0,0,0.186,650.0,190.0,0,0.0325,95,1,0.0,34,0,4,42,0.225,0.66
2026-06-13T14:00,1.8,0.944,0.0,0.0,19.9,6.83,15.6,75,84,2560.0,0,0.21,640.0,300.0,0,0.064,95,1,0.1,34,1,3,42,0.225,0.626
2026-06-13T15:00,1.2,0.75,0.0,0.0,19.8,3.19,11.7,99,91,2060.0,0,0.227,850.0,155.0,0,0.0212,55,1,0.3,34,2,2,42,0.225,0.51
2026-06-13T16:00,1.1,0.909,0.0,0.0,19.9,4.6,7.9,163,2,5420.0,0,0.242,920.0,185.0,0,0.0115,55,1,0.1,34,3,1,42,0.225,0.605
2026-06-13T17:00,0.0,0.0,0.0,0.0,20.2,3.62,7.8,186,0,7160.0,0,0.242,880.0,245.0,0,0.0,0,0,0.0,-1,-1,-1,-1,0.0,0.0
2026-06-13T18:00,0.0,0.0,0.0,0.0,19.6,1.41,6.0,287,0,7160.0,0,0.239,340.0,80.0,0,0.0,0,0,0.0,-1,-1,-1,-1,0.0,0.0
2026-06-13T19:00,0.0,0.0,0.0,0.0,18.9,2.35,4.6,359,0,4820.0,0,0.239,160.0,130.0,0,0.0,0,0,0.0,-1,-1,-1,-1,0.0,0.0
2026-06-13T20:00,0.0,0.0,0.0,0.0,18.4,1.8,4.1,360,0,3140.0,0,0.239,110.0,145.0,0,0.0,0,0,0.0,-1,-1,-1,-1,0.0,0.0
2026-06-13T21:00,0.0,0.0,0.0,0.0,18.0,1.21,3.2,52,0,3140.0,1,0.239,0.0,80.0,0,0.0,0,0,0.0,-1,-1,-1,-1,0.0,0.0
2026-06-13T22:00,0.0,0.0,0.0,0.0,18.8,1.83,3.1,73,0,3140.0,1,0.239,0.0,85.0,0,0.0,0,0,0.0,-1,-1,-1,-1,0.0,0.0
2026-06-13T23:00,0.0,0.0,0.0,0.0,20.5,1.3,3.5,62,0,4820.0,1,0.239,60.0,175.0,0,0.0,0,0,0.0,-1,-1,-1,-1,0.0,0.0
2026-06-14T00:00,0.0,0.0,0.0,0.0,22.0,1.43,4.6,65,0,7140.0,1,0.188,180.0,365.0,0,0.0,0,0,0.0,-1,-1,-1,-1,0.0,0.0
2026-06-14T01:00,0.0,0.0,0.0,0.0,23.7,1.54,4.9,61,0,8240.0,1,0.187,380.0,545.0,0,0.0,0,0,0.0,-1,-1,-1,-1,0.0,0.0
2026-06-14T02:00,0.0,0.0,0.0,0.0,25.2,1.32,5.0,61,0,9260.0,1,0.185,570.0,760.0,0,0.0,0,0,0.0,-1,-1,-1,-1,0.0,0.0
2026-06-14T03:00,0.0,0.0,0.0,0.0,27.0,1.54,5.2,65,66,10260.0,1,0.182,620.0,1160.0,0,0.0,2,0,0.0,-1,-1,-1,-1,0.0,0.0
2026-06-14T04:00,0.0,0.0,0.0,0.0,27.9,1.57,5.4,59,8,10260.0,1,0.178,690.0,1135.0,0,0.0,0,0,0.0,-1,-1,-1,-1,0.0,0.0
2026-06-14T05:00,0.0,0.0,0.0,0.0,28.8,1.5,5.3,69,1,10260.0,1,0.175,990.0,1145.0,0,0.0,0,0,0.0,-1,-1,-1,-1,0.0,0.0
2026-06-14T06:00,0.0,0.0,0.0,0.0,30.1,2.25,5.5,73,2,12000.0,1,0.18,1170.0,1345.0,0,0.0,0,0,0.0,-1,-1,-1,-1,0.0,0.0
2026-06-14T07:00,0.0,0.0,0.0,0.0,30.0,2.77,6.7,84,2,10260.0,1,0.176,1270.0,1270.0,0,0.0,0,0,0.0,-1,-1,-1,-1,0.0,0.0
2026-06-14T08:00,0.0,0.0,0.0,0.0,29.9,2.3,6.7,91,9,10260.0,1,0.174,1360.0,1275.0,0,0.0,0,0,0.0,-1,-1,-1,-1,0.0,0.0
2026-06-14T09:00,0.0,0.0,0.0,0.0,29.6,1.96,5.6,86,10,10260.0,1,0.171,1400.0,1195.0,0,0.0,0,0,0.0,-1,-1,-1,-1,0.0,0.0
2026-06-14T10:00,0.0,0.0,0.0,0.0,29.1,1.92,4.6,81,22,10260.0,1,0.17,1420.0,1065.0,0,0.0,1,0,0.0,-1,-1,-1,-1,0.0,0.0
2026-06-14T11:00,0.0,0.0,0.0,0.0,27.6,1.21,3.5,66,65,9260.0,1,0.17,1760.0,115.0,0,0.0,2,0,0.0,-1,-1,-1,-1,0.0,0.0
2026-06-14T12:00,0.0,0.0,0.0,0.0,26.3,1.51,2.0,84,55,9240.0,0,0.132,830.0,60.0,0,0.0,2,0,0.0,-1,-1,-1,-1,0.0,0.0
2026-06-14T13:00,0.0,0.0,0.0,0.0,25.3,1.52,2.2,73,55,9240.0,0,0.133,860.0,55.0,0,0.0,2,0,0.0,-1,-1,-1,-1,0.0,0.0
2026-06-14T14:00,0.0,0.0,0.0,0.0,24.3,1.4,2.1,55,73,8220.0,0,0.133,840.0,60.0,0,0.0,2,0,0.0,-1,-1,-1,-1,0.0,0.0
2026-06-14T15:00,0.0,0.0,0.0,0.0,23.5,1.53,2.4,52,93,8220.0,0,0.133,1010.0,75.0,0,0.0,3,0,0.0,-1,-1,-1,-1,0.0,0.0
2026-06-14T16:00,0.0,0.0,0.0,0.0,23.5,2.53,4.2,65,90,8220.0,0,0.133,1070.0,135.0,0,0.0,3,0,0.0,-1,-1,-1,-1,0.0,0.0
2026-06-14T17:00,0.0,0.0,0.0,0.0,23.1,2.55,4.8,87,90,7140.0,0,0.133,1140.0,155.0,0,0.0,3,0,0.0,-1,-1,-1,-1,0.0,0.0
2026-06-14T18:00,0.0,0.0,0.0,0.0,23.2,2.1,4.4,90,95,7140.0,0,0.115,1410.0,125.0,0,0.0,3,0,0.0,-1,-1,-1,-1,0.0,0.0
2026-06-14T19:00,0.0,0.0,0.0,0.0,22.8,2.39,4.2,110,100,7140.0,0,0.115,1500.0,140.0,0,0.0,3,0,0.0,-1,-1,-1,-1,0.0,0.0
2026-06-14T20:00,0.0,0.0,0.0,0.0,23.4,3.03,4.9,172,100,8220.0,0,0.115,1520.0,350.0,0,0.0,3,0,0.0,-1,-1,-1,-1,0.0,0.0
2026-06-14T21:00,0.0,0.0,0.0,0.0,23.8,3.31,6.1,184,93,9240.0,1,0.115,1290.0,390.0,0,0.0,3,0,0.0,-1,-1,-1,-1,0.0,0.0
2026-06-14T22:00,0.0,0.0,0.0,0.0,23.7,3.5,6.2,182,54,8220.0,1,0.115,1150.0,435.0,0,0.0,2,0,0.0,-1,-1,-1,-1,0.0,0.0
2026-06-14T23:00,0.0,0.0,0.0,0.0,24.4,3.9,7.4,180,95,8220.0,1,0.115,1110.0,520.0,0,0.0,3,0,0.0,-1,-1,-1,-1,0.0,0.0
2026-06-15T00:00,0.0,0.0,0.0,0.0,25.3,3.88,8.2,187,98,9240.0,1,0.13,1340.0,560.0,0,0.0,3,0,0.0,-1,-1,-1,-1,0.0,0.0
2026-06-15T01:00,0.0,0.0,0.0,0.0,26.6,4.26,8.9,193,89,9240.0,1,0.129,1260.0,645.0,0,0.0,3,0,0.0,-1,-1,-1,-1,0.0,0.0
2026-06-15T02:00,0.0,0.0,0.0,0.0,28.1,4.25,9.4,198,80,9240.0,1,0.128,1260.0,730.0,0,0.0,3,0,0.0,-1,-1,-1,-1,0.0,0.0
2026-06-15T03:00,0.0,0.0,0.0,0.0,29.6,3.53,9.3,192,34,10240.0,1,0.126,1450.0,900.0,0,0.0,1,0,0.0,-1,-1,-1,-1,0.0,0.0
2026-06-15T04:00,0.0,0.0,0.0,0.0,30.7,3.01,8.2,185,0,10240.0,1,0.124,1630.0,1120.0,0,0.0,0,0,0.0,-1,-1,-1,-1,0.0,0.0
2026-06-15T05:00,0.0,0.0,0.0,0.0,31.5,3.25,7.8,180,17,11980.0,1,0.121,1760.0,1230.0,0,0.0,0,0,0.0,-1,-1,-1,-1,0.0,0.0
2026-06-15T06:00,0.0,0.0,0.0,0.0,32.3,3.88,8.8,168,34,11980.0,1,0.15,1920.0,1310.0,0,0.0,1,0,0.0,-1,-1,-1,-1,0.0,0.0
2026-06-15T07:00,0.0,0.0,0.0,0.0,32.3,4.15,9.3,182,97,11980.0,1,0.147,2050.0,1475.0,0,0.0,3,0,0.0,-1,-1,-1,-1,0.0,0.0
2026-06-15T08:00,0.0,0.0,0.0,0.0,31.6,3.91,8.8,183,64,11980.0,1,0.145,1930.0,1570.0,0,0.0,2,0,0.0,-1,-1,-1,-1,0.0,0.0
2026-06-15T09:00,0.0,0.0,0.0,0.0,31.9,4.25,8.4,192,98,11980.0,1,0.143,1430.0,1700.0,0,0.0,3,0,0.0,-1,-1,-1,-1,0.0,0.0
2026-06-15T10:00,0.0,0.0,0.0,0.0,24.8,7.26,11.9,329,100,3580.0,1,0.142,1120.0,445.0,0,0.0,3,0,0.0,-1,-1,-1,-1,0.0,0.0
2026-06-15T11:00,1.3,0.154,0.0,0.0,22.7,4.18,14.1,143,95,1840.0,1,0.157,950.0,135.0,0,0.0356,80,1,1.1,35,0,2,93,0.424,0.206
2026-06-15T12:00,0.7,0.0,0.0,0.0,28.4,4.19,6.6,163,70,10240.0,0,0.12,1270.0,490.0,0,0.0,53,1,0.7,35,1,1,93,0.424,0.113
2026-06-15T13:00,0.0,0.0,0.0,0.0,28.0,4.13,7.5,173,88,10240.0,0,0.12,860.0,460.0,0,0.0,3,0,0.0,-1,-1,-1,-1,0.0,0.0
2026-06-15T14:00,0.0,0.0,0.0,0.0,27.3,3.73,7.3,168,87,10240.0,0,0.12,790.0,395.0,0,0.0,3,0,0.0,-1,-1,-1,-1,0.0,0.0
2026-06-15T15:00,0.0,0.0,0.0,0.0,26.7,4.05,6.8,171,87,10240.0,0,0.119,710.0,420.0,0,0.0,3,0,0.0,-1,-1,-1,-1,0.0,0.0
2026-06-15T16:00,0.0,0.0,0.0,0.0,26.3,4.41,7.7,171,80,10240.0,0,0.119,870.0,470.0,0,0.0,3,0,0.0,-1,-1,-1,-1,0.0,0.0
2026-06-15T17:00,0.0,0.0,0.0,0.0,25.6,4.8,8.6,178,91,10240.0,0,0.119,800.0,475.0,0,0.0,3,0,0.0,-1,-1,-1,-1,0.0,0.0
2026-06-15T18:00,0.0,0.0,0.0,0.0,24.9,4.42,9.1,175,95,9240.0,0,0.098,560.0,495.0,0,0.0,3,0,0.0,-1,-1,-1,-1,0.0,0.0
2026-06-15T19:00,0.0,0.0,0.0,0.0,24.1,4.68,8.4,173,91,9220.0,0,0.098,630.0,455.0,0,0.0,3,0,0.0,-1,-1,-1,-1,0.0,0.0
2026-06-15T20:00,0.0,0.0,0.0,0.0,23.5,4.55,8.5,179,98,9220.0,0,0.098,600.0,435.0,0,0.0,3,0,0.0,-1,-1,-1,-1,0.0,0.0
2026-06-15T21:00,0.0,0.0,0.0,0.0,23.1,4.03,8.2,187,100,9220.0,1,0.099,600.0,445.0,0,0.0,3,0,0.0,-1,-1,-1,-1,0.0,0.0
2026-06-15T22:00,0.0,0.0,0.0,0.0,23.2,3.54,7.1,188,98,9220.0,1,0.099,550.0,465.0,0,0.0,3,0,0.0,-1,-1,-1,-1,0.0,0.0
2026-06-15T23:00,0.0,0.0,0.0,0.0,23.9,3.52,6.6,186,96,9220.0,1,0.099,0.0,510.0,0,0.0,3,0,0.0,-1,-1,-1,-1,0.0,0.0
2026-06-16T00:00,0.0,0.0,0.0,0.0,24.8,3.52,8.7,191,94,9220.0,1,0.137,80.0,540.0,0,0.0,3,0,0.0,-1,-1,-1,-1,0.0,0.0
2026-06-16T01:00,0.0,0.0,0.0,0.0,26.2,3.91,8.5,199,85,9220.0,1,0.136,380.0,645.0,0,0.0,3,0,0.0,-1,-1,-1,-1,0.0,0.0
2026-06-16T02:00,0.0,0.0,0.0,0.0,27.7,4.0,8.7,196,0,10240.0,1,0.134,710.0,760.0,0,0.0,0,0,0.0,-1,-1,-1,-1,0.0,0.0
2026-06-16T03:00,0.0,0.0,0.0,0.0,29.2,4.37,9.5,193,0,10240.0,1,0.132,950.0,895.0,0,0.0,0,0,0.0,-1,-1,-1,-1,0.0,0.0
2026-06-16T04:00,0.0,0.0,0.0,0.0,30.4,4.78,10.2,193,0,10240.0,1,0.129,1180.0,1005.0,0,0.0,0,0,0.0,-1,-1,-1,-1,0.0,0.0
2026-06-16T05:00,0.0,0.0,0.0,0.0,31.4,4.78,10.3,190,2,11980.0,1,0.127,1360.0,1200.0,0,0.0,0,0,0.0,-1,-1,-1,-1,0.0,0.0
2026-06-16T06:00,0.0,0.0,0.0,0.0,31.6,5.17,10.4,189,24,11980.0,1,0.153,1400.0,1275.0,0,0.0,1,0,0.0,-1,-1,-1,-1,0.0,0.0
2026-06-16T07:00,0.0,0.0,0.0,0.0,31.6,4.94,10.8,188,25,11980.0,1,0.15,1450.0,1320.0,0,0.0,1,0,0.0,-1,-1,-1,-1,0.0,0.0
2026-06-16T08:00,0.0,0.0,0.0,0.0,31.6,4.36,10.2,189,34,11980.0,1,0.147,1500.0,1435.0,0,0.0,1,0,0.0,-1,-1,-1,-1,0.0,0.0
2026-06-16T09:00,0.0,0.0,0.0,0.0,31.5,3.86,8.8,183,29,11980.0,1,0.145,1210.0,1520.0,0,0.0,1,0,0.0,-1,-1,-1,-1,0.0,0.0
2026-06-16T10:00,0.0,0.0,0.0,0.0,30.7,3.56,7.5,163,95,11980.0,1,0.144,1370.0,1325.0,0,0.0,3,0,0.0,-1,-1,-1,-1,0.0,0.0
2026-06-16T11:00,0.0,0.0,0.0,0.0,28.7,3.56,6.5,152,86,10240.0,1,0.143,1260.0,455.0,0,0.0,3,0,0.0,-1,-1,-1,-1,0.0,0.0
2026-06-16T12:00,0.0,0.0,0.0,0.0,27.2,3.98,7.1,155,46,10240.0,0,0.129,790.0,395.0,0,0.0,1,0,0.0,-1,-1,-1,-1,0.0,0.0
2026-06-16T13:00,0.0,0.0,0.0,0.0,26.8,4.79,8.3,162,28,10240.0,0,0.129,220.0,445.0,0,0.0,1,0,0.0,-1,-1,-1,-1,0.0,0.0
2026-06-16T14:00,0.0,0.0,0.0,0.0,26.6,5.3,9.6,172,0,10240.0,0,0.128,30.0,530.0,0,0.0,0,0,0.0,-1,-1,-1,-1,0.0,0.0
2026-06-16T15:00,0.0,0.0,0.0,0.0,26.1,4.78,9.4,173,2,10240.0,0,0.128,30.0,515.0,0,0.0,0,0,0.0,-1,-1,-1,-1,0.0,0.0
2026-06-16T16:00,0.0,0.0,0.0,0.0,25.4,3.74,8.4,164,94,10240.0,0,0.128,10.0,460.0,0,0.0,3,0,0.0,-1,-1,-1,-1,0.0,0.0
2026-06-16T17:00,0.0,0.0,0.0,0.0,24.1,1.53,6.3,32,98,9220.0,0,0.128,0.0,55.0,0,0.0,3,0,0.0,-1,-1,-1,-1,0.0,0.0
2026-06-16T18:00,0.1,0.0,0.0,0.0,23.8,3.71,8.1,134,45,9220.0,0,0.137,560.0,185.0,0,0.0,51,0,0.1,-1,-1,-1,-1,0.0,0.0
2026-06-16T19:00,0.0,0.0,0.0,0.0,23.3,3.34,6.7,129,27,8940.0,0,0.137,470.0,235.0,0,0.0,1,0,0.0,-1,-1,-1,-1,0.0,0.0
2026-06-16T20:00,0.0,0.0,0.0,0.0,23.1,4.13,7.6,159,27,9220.0,0,0.137,340.0,360.0,0,0.0,1,0,0.0,-1,-1,-1,-1,0.0,0.0
2026-06-16T21:00,0.0,0.0,0.0,0.0,22.9,3.28,7.2,168,3,8200.0,1,0.137,410.0,345.0,0,0.0,0,0,0.0,-1,-1,-1,-1,0.0,0.0
2026-06-16T22:00,0.0,0.0,0.0,0.0,23.3,3.42,6.0,187,7,8200.0,1,0.137,490.0,370.0,0,0.0,0,0,0.0,-1,-1,-1,-1,0.0,0.0
2026-06-16T23:00,0.0,0.0,0.0,0.0,24.5,2.66,6.0,200,12,9220.0,1,0.137,450.0,480.0,0,0.0,0,0,0.0,-1,-1,-1,-1,0.0,0.0
2026-06-17T00:00,0.0,0.0,0.0,0.0,25.6,1.89,6.4,217,2,9220.0,1,0.138,520.0,650.0,0,0.0,0,0,0.0,-1,-1,-1,-1,0.0,0.0
2026-06-17T01:00,0.0,0.0,0.0,0.0,27.1,2.28,5.6,209,3,9220.0,1,0.137,450.0,825.0,0,0.0,0,0,0.0,-1,-1,-1,-1,0.0,0.0
2026-06-17T02:00,0.0,0.0,0.0,0.0,28.5,2.47,6.4,212,35,10240.0,1,0.135,400.0,900.0,0,0.0,1,0,0.0,-1,-1,-1,-1,0.0,0.0
2026-06-17T03:00,0.0,0.0,0.0,0.0,29.6,2.02,6.4,213,53,10240.0,1,0.133,780.0,980.0,0,0.0,2,0,0.0,-1,-1,-1,-1,0.0,0.0
2026-06-17T04:00,0.0,0.0,0.0,0.0,30.5,1.68,5.8,210,71,10240.0,1,0.13,1010.0,1090.0,0,0.0,2,0,0.0,-1,-1,-1,-1,0.0,0.0
2026-06-17T05:00,0.0,0.0,0.0,0.0,31.4,1.32,5.3,205,62,10240.0,1,0.127,1220.0,1245.0,0,0.0,2,0,0.0,-1,-1,-1,-1,0.0,0.0
2026-06-17T06:00,0.0,0.0,0.0,0.0,31.4,0.96,4.8,171,98,10240.0,1,0.14,1240.0,1385.0,0,0.0,3,0,0.0,-1,-1,-1,-1,0.0,0.0
2026-06-17T07:00,0.0,0.0,0.0,0.0,32.1,1.41,4.6,174,96,10220.0,1,0.137,1580.0,1580.0,0,0.0,3,0,0.0,-1,-1,-1,-1,0.0,0.0
2026-06-17T08:00,0.0,0.0,0.0,0.0,32.1,2.08,5.2,170,80,11980.0,1,0.135,1620.0,1510.0,0,0.0,3,0,0.0,-1,-1,-1,-1,0.0,0.0
2026-06-17T09:00,0.0,0.0,0.0,0.0,31.5,2.47,5.8,172,50,10220.0,1,0.134,1440.0,1240.0,0,0.0,2,0,0.0,-1,-1,-1,-1,0.0,0.0
2026-06-17T10:00,0.0,0.0,0.0,0.0,31.2,1.57,5.3,171,94,10240.0,1,0.133,1430.0,1105.0,0,0.0,3,0,0.0,-1,-1,-1,-1,0.0,0.0
2026-06-17T11:00,0.0,0.0,0.0,0.0,30.0,0.53,3.0,139,100,8540.0,1,0.132,1610.0,30.0,0,0.0,3,0,0.0,-1,-1,-1,-1,0.0,0.0
2026-06-17T12:00,0.0,0.0,0.0,0.0,28.5,1.15,0.8,124,99,9220.0,0,0.107,1710.0,45.0,0,0.0,3,0,0.0,-1,-1,-1,-1,0.0,0.0
2026-06-17T13:00,0.0,0.0,0.0,0.0,27.6,1.43,2.1,115,100,9220.0,0,0.107,1660.0,50.0,0,0.0,3,0,0.0,-1,-1,-1,-1,0.0,0.0
2026-06-17T14:00,0.0,0.0,0.0,0.0,26.9,1.26,2.1,83,100,9220.0,0,0.107,1460.0,40.0,0,0.0,3,0,0.0,-1,-1,-1,-1,0.0,0.0
2026-06-17T15:00,0.0,0.0,0.0,0.0,26.2,1.28,2.0,69,86,8200.0,0,0.107,1300.0,40.0,0,0.0,3,0,0.0,-1,-1,-1,-1,0.0,0.0
2026-06-17T16:00,0.0,0.0,0.0,0.0,25.7,1.74,2.9,102,100,8200.0,0,0.107,1280.0,70.0,0,0.0,3,0,0.0,-1,-1,-1,-1,0.0,0.0
2026-06-17T17:00,0.0,0.0,0.0,0.0,25.4,2.11,3.7,121,90,8200.0,0,0.107,1140.0,100.0,0,0.0,3,0,0.0,-1,-1,-1,-1,0.0,0.0
2026-06-17T18:00,0.0,0.0,0.0,0.0,25.2,2.05,3.7,124,98,7100.0,0,0.098,1200.0,95.0,0,0.0,3,0,0.0,-1,-1,-1,-1,0.0,0.0
2026-06-17T19:00,0.0,0.0,0.0,0.0,24.6,1.83,3.6,125,96,7100.0,0,0.098,910.0,85.0,0,0.0,3,0,0.0,-1,-1,-1,-1,0.0,0.0
2026-06-17T20:00,0.0,0.0,0.0,0.0,24.2,1.78,3.2,142,100,8200.0,0,0.099,490.0,95.0,0,0.0,3,0,0.0,-1,-1,-1,-1,0.0,0.0
2026-06-17T21:00,0.0,0.0,0.0,0.0,24.4,1.99,3.4,168,77,8200.0,1,0.099,370.0,150.0,0,0.0,2,0,0.0,-1,-1,-1,-1,0.0,0.0
2026-06-17T22:00,0.0,0.0,0.0,0.0,25.2,2.5,4.2,179,96,9220.0,1,0.099,300.0,220.0,0,0.0,3,0,0.0,-1,-1,-1,-1,0.0,0.0
2026-06-17T23:00,0.0,0.0,0.0,0.0,26.5,2.3,4.6,180,89,9220.0,1,0.099,270.0,340.0,0,0.0,3,0,0.0,-1,-1,-1,-1,0.0,0.0
2026-06-18T00:00,0.0,0.0,0.0,0.0,28.4,3.54,6.1,188,100,10220.0,1,0.106,480.0,450.0,0,0.0,3,0,0.0,-1,-1,-1,-1,0.0,0.0
2026-06-18T01:00,0.0,0.0,0.0,0.0,29.6,4.12,8.5,194,99,10220.0,1,0.105,720.0,560.0,0,0.0,3,0,0.0,-1,-1,-1,-1,0.0,0.0
2026-06-18T02:00,0.0,0.0,0.0,0.0,30.7,4.16,8.9,204,94,10220.0,1,0.104,1020.0,670.0,0,0.0,3,0,0.0,-1,-1,-1,-1,0.0,0.0
2026-06-18T03:00,0.0,0.0,0.0,0.0,32.2,3.85,8.9,208,88,11960.0,1,0.103,1210.0,920.0,0,0.0,3,0,0.0,-1,-1,-1,-1,0.0,0.0
2026-06-18T04:00,0.0,0.0,0.0,0.0,33.1,3.8,8.6,207,99,11980.0,1,0.102,1240.0,1260.0,0,0.0,3,0,0.0,-1,-1,-1,-1,0.0,0.0
2026-06-18T05:00,0.0,0.0,0.0,0.0,33.3,3.97,8.6,199,100,11980.0,1,0.1,1100.0,1180.0,0,0.0,3,0,0.0,-1,-1,-1,-1,0.0,0.0
2026-06-18T06:00,0.0,0.0,0.0,0.0,32.9,4.03,8.6,197,99,11980.0,1,0.124,910.0,1125.0,0,0.0,3,0,0.0,-1,-1,-1,-1,0.0,0.0
2026-06-18T07:00,0.0,0.0,0.0,0.0,32.4,3.52,8.3,195,96,11960.0,1,0.122,1020.0,1165.0,0,0.0,3,0,0.0,-1,-1,-1,-1,0.0,0.0
2026-06-18T08:00,0.0,0.0,0.0,0.0,32.7,3.22,7.5,187,98,11980.0,1,0.12,1080.0,1200.0,0,0.0,3,0,0.0,-1,-1,-1,-1,0.0,0.0
2026-06-18T09:00,0.0,0.0,0.0,0.0,32.3,3.24,7.0,197,100,11960.0,1,0.119,1060.0,1285.0,0,0.0,3,0,0.0,-1,-1,-1,-1,0.0,0.0
2026-06-18T10:00,0.0,0.0,0.0,0.0,31.0,1.84,6.5,209,100,10220.0,1,0.118,1290.0,515.0,0,0.0,3,0,0.0,-1,-1,-1,-1,0.0,0.0
2026-06-18T11:00,0.0,0.0,0.0,0.0,29.6,1.18,3.1,144,100,10220.0,1,0.118,1470.0,85.0,0,0.0,3,0,0.0,-1,-1,-1,-1,0.0,0.0
2026-06-18T12:00,0.0,0.0,0.0,0.0,29.8,2.05,3.1,193,100,10220.0,0,0.071,1280.0,370.0,0,0.0,3,0,0.0,-1,-1,-1,-1,0.0,0.0
2026-06-18T13:00,0.0,0.0,0.0,0.0,29.2,3.01,5.5,191,100,10220.0,0,0.071,840.0,390.0,0,0.0,3,0,0.0,-1,-1,-1,-1,0.0,0.0
2026-06-18T14:00,0.0,0.0,0.0,0.0,28.3,2.73,5.3,172,100,10220.0,0,0.072,800.0,265.0,0,0.0,3,0,0.0,-1,-1,-1,-1,0.0,0.0
2026-06-18T15:00,0.0,0.0,0.0,0.0,27.7,2.87,5.2,173,100,9220.0,0,0.072,670.0,295.0,0,0.0,3,0,0.0,-1,-1,-1,-1,0.0,0.0
2026-06-18T16:00,0.0,0.0,0.0,0.0,27.5,3.4,6.0,180,100,9220.0,0,0.072,540.0,365.0,0,0.0,3,0,0.0,-1,-1,-1,-1,0.0,0.0
2026-06-18T17:00,0.0,0.0,0.0,0.0,27.4,3.35,6.2,181,100,9220.0,0,0.072,480.0,360.0,0,0.0,3,0,0.0,-1,-1,-1,-1,0.0,0.0
2026-06-18T18:00,0.0,0.0,0.0,0.0,27.7,3.31,6.2,195,100,10220.0,0,0.063,500.0,395.0,0,0.0,3,0,0.0,-1,-1,-1,-1,0.0,0.0
2026-06-18T19:00,0.0,0.0,0.0,0.0,27.0,2.34,5.9,200,100,9220.0,0,0.064,410.0,220.0,0,0.0,3,0,0.0,-1,-1,-1,-1,0.0,0.0
2026-06-18T20:00,0.0,0.0,0.0,0.0,26.4,2.53,4.5,198,100,9220.0,0,0.064,380.0,245.0,0,0.0,3,0,0.0,-1,-1,-1,-1,0.0,0.0
2026-06-18T21:00,0.0,0.0,0.0,0.0,26.1,3.34,6.0,212,97,9220.0,1,0.064,310.0,360.0,0,0.0,3,0,0.0,-1,-1,-1,-1,0.0,0.0
2026-06-18T22:00,0.0,0.0,0.0,0.0,26.1,3.7,6.6,215,98,9220.0,1,0.064,330.0,410.0,0,0.0,3,0,0.0,-1,-1,-1,-1,0.0,0.0
2026-06-18T23:00,0.0,0.0,0.0,0.0,25.6,3.4,6.8,206,100,5260.0,1,0.064,280.0,390.0,0,0.0,3,0,0.0,-1,-1,-1,-1,0.0,0.0
2026-06-19T00:00,0.1,0.0,0.0,0.0,26.0,2.96,6.4,240,100,7920.0,1,0.064,180.0,405.0,0,0.0,51,0,0.1,-1,-1,-1,-1,0.0,0.0
2026-06-19T01:00,0.0,0.0,0.0,0.0,26.7,2.65,5.9,269,100,10220.0,1,0.065,80.0,405.0,0,0.0,3,0,0.0,-1,-1,-1,-1,0.0,0.0
2026-06-19T02:00,0.0,0.0,0.0,0.0,27.7,1.94,5.2,258,100,11960.0,1,0.065,70.0,510.0,0,0.0,3,0,0.0,-1,-1,-1,-1,0.0,0.0
2026-06-19T03:00,0.0,0.0,0.0,0.0,28.9,1.9,4.8,256,100,11960.0,1,0.065,70.0,720.0,0,0.0,3,0,0.0,-1,-1,-1,-1,0.0,0.0
2026-06-19T04:00,0.0,0.0,0.0,0.0,28.7,1.61,4.6,275,100,11960.0,1,0.065,40.0,830.0,0,0.0,3,0,0.0,-1,-1,-1,-1,0.0,0.0
2026-06-19T05:00,0.0,0.0,0.0,0.0,29.7,0.92,4.1,347,100,13500.0,1,0.065,10.0,1120.0,0,0.0,3,0,0.0,-1,-1,-1,-1,0.0,0.0
2026-06-19T06:00,0.0,0.0,0.0,0.0,30.6,1.15,3.8,275,100,13500.0,1,0.105,20.0,1945.0,0,0.0,3,0,0.0,-1,-1,-1,-1,0.0,0.0
2026-06-19T07:00,0.2,1.0,0.0,0.0,29.0,1.06,3.0,315,100,11960.0,1,0.106,20.0,1630.0,0,0.0,51,0,0.0,-1,-1,-1,-1,0.0,0.0
2026-06-19T08:00,0.0,0.0,0.0,0.0,28.6,1.03,3.2,23,100,11960.0,1,0.105,0.0,1400.0,0,0.0,3,0,0.0,-1,-1,-1,-1,0.0,0.0
2026-06-19T09:00,0.2,0.5,0.0,0.0,26.4,2.3,4.6,46,100,4660.0,1,0.107,40.0,400.0,0,0.0,51,0,0.1,-1,-1,-1,-1,0.0,0.0
2026-06-19T10:00,1.4,0.714,0.0,0.0,24.0,1.74,4.3,102,100,3000.0,1,0.123,120.0,145.0,0,0.006,80,1,0.4,36,0,3,212,0.545,0.574
2026-06-19T11:00,0.7,0.143,0.0,0.0,23.3,1.6,3.6,90,99,3640.0,1,0.131,150.0,130.0,0,0.0,53,1,0.6,36,1,2,212,0.545,0.231
2026-06-19T12:00,0.5,0.8,0.0,0.0,23.8,2.57,4.3,167,100,8120.0,0,0.118,410.0,260.0,0,0.0,53,1,0.1,36,2,1,212,0.545,0.625
2026-06-19T13:00,0.0,0.0,0.0,0.0,23.3,1.68,4.7,197,63,7080.0,0,0.118,460.0,195.0,0,0.0,2,0,0.0,-1,-1,-1,-1,0.0,0.0
2026-06-19T14:00,0.0,0.0,0.0,0.0,22.5,1.88,3.2,209,20,6000.0,0,0.118,400.0,160.0,0,0.0,1,0,0.0,-1,-1,-1,-1,0.0,0.0
2026-06-19T15:00,0.0,0.0,0.0,0.0,21.8,1.7,3.3,220,2,4800.0,0,0.118,290.0,125.0,0,0.0,0,0,0.0,-1,-1,-1,-1,0.0,0.0
2026-06-19T16:00,0.0,0.0,0.0,0.0,21.4,2.13,3.8,221,1,4800.0,0,0.118,160.0,140.0,0,0.0,0,0,0.0,-1,-1,-1,-1,0.0,0.0
2026-06-19T17:00,0.0,0.0,0.0,0.0,21.1,2.5,4.4,237,2,4800.0,0,0.118,60.0,160.0,0,0.0,0,0,0.0,-1,-1,-1,-1,0.0,0.0
2026-06-19T18:00,0.0,0.0,0.0,0.0,21.2,2.35,4.4,232,12,6000.0,0,0.114,10.0,150.0,0,0.0,0,0,0.0,-1,-1,-1,-1,0.0,0.0
2026-06-19T19:00,0.0,0.0,0.0,0.0,20.8,1.7,4.1,227,2,6000.0,0,0.114,0.0,120.0,0,0.0,0,0,0.0,-1,-1,-1,-1,0.0,0.0
2026-06-19T20:00,0.0,0.0,0.0,0.0,20.5,1.62,2.9,214,21,6000.0,0,0.114,0.0,100.0,0,0.0,1,0,0.0,-1,-1,-1,-1,0.0,0.0
2026-06-19T21:00,0.0,0.0,0.0,0.0,20.3,1.69,2.9,199,0,6000.0,1,0.115,0.0,85.0,0,0.0,0,0,0.0,-1,-1,-1,-1,0.0,0.0
2026-06-19T22:00,0.0,0.0,0.0,0.0,21.3,2.28,3.8,199,0,7080.0,1,0.115,0.0,100.0,0,0.0,0,0,0.0,-1,-1,-1,-1,0.0,0.0
2026-06-19T23:00,0.0,0.0,0.0,0.0,23.1,1.76,4.4,195,38,8180.0,1,0.114,50.0,140.0,0,0.0,1,0,0.0,-1,-1,-1,-1,0.0,0.0
2026-06-20T00:00,0.0,0.0,0.0,0.0,25.0,2.48,5.6,228,5,8180.0,1,0.123,200.0,340.0,0,0.0,0,0,0.0,-1,-1,-1,-1,0.0,0.0
2026-06-20T01:00,0.0,0.0,0.0,0.0,26.9,2.46,6.2,241,15,9200.0,1,0.122,110.0,600.0,0,0.0,0,0,0.0,-1,-1,-1,-1,0.0,0.0
2026-06-20T02:00,0.0,0.0,0.0,0.0,28.4,1.77,6.1,245,14,10220.0,1,0.12,60.0,1170.0,0,0.0,0,0,0.0,-1,-1,-1,-1,0.0,0.0
2026-06-20T03:00,0.0,0.0,0.0,0.0,30.0,0.66,5.6,279,47,11960.0,1,0.118,240.0,1605.0,0,0.0,1,0,0.0,-1,-1,-1,-1,0.0,0.0
2026-06-20T04:00,0.0,0.0,0.0,0.0,30.7,1.37,4.7,10,37,5920.0,1,0.115,560.0,1805.0,0,0.0,1,0,0.0,-1,-1,-1,-1,0.0,0.0
2026-06-20T05:00,0.2,0.5,0.0,0.0,29.2,5.17,10.9,35,49,7340.0,1,0.116,220.0,1160.0,0,0.0,51,0,0.1,-1,-1,-1,-1,0.0,0.0
2026-06-20T06:00,0.0,0.0,0.0,0.0,29.2,3.99,11.2,56,84,5160.0,1,0.138,380.0,1120.0,0,0.0,3,0,0.0,-1,-1,-1,-1,0.0,0.0
2026-06-20T07:00,0.1,0.0,0.0,0.0,29.4,3.82,8.9,58,91,10220.0,1,0.137,510.0,1315.0,0,0.0,51,0,0.1,-1,-1,-1,-1,0.0,0.0
2026-06-20T08:00,0.0,0.0,0.0,0.0,29.2,4.32,8.9,65,20,11960.0,1,0.135,0.0,1290.0,0,0.0,1,0,0.0,-1,-1,-1,-1,0.0,0.0
2026-06-20T09:00,0.0,0.0,0.0,0.0,28.6,4.05,9.1,66,35,13480.0,1,0.133,0.0,855.0,0,0.0,1,0,0.0,-1,-1,-1,-1,0.0,0.0
2026-06-20T10:00,0.0,0.0,0.0,0.0,27.5,3.15,8.1,70,7,13480.0,1,0.131,0.0,630.0,0,0.0,0,0,0.0,-1,-1,-1,-1,0.0,0.0
2026-06-20T11:00,0.0,0.0,0.0,0.0,25.8,2.16,5.7,77,94,11960.0,1,0.13,0.0,275.0,0,0.0,3,0,0.0,-1,-1,-1,-1,0.0,0.0
2026-06-20T12:00,0.0,0.0,0.0,0.0,24.7,2.25,4.0,89,98,10220.0,0,0.102,0.0,165.0,0,0.0,3,0,0.0,-1,-1,-1,-1,0.0,0.0
2026-06-20T13:00,0.0,0.0,0.0,0.0,24.1,2.34,4.0,101,66,10220.0,0,0.101,0.0,135.0,0,0.0,2,0,0.0,-1,-1,-1,-1,0.0,0.0
2026-06-20T14:00,0.0,0.0,0.0,0.0,23.3,2.19,4.1,114,47,10220.0,0,0.101,0.0,110.0,0,0.0,1,0,0.0,-1,-1,-1,-1,0.0,0.0
2026-06-20T15:00,0.0,0.0,0.0,0.0,22.6,2.06,3.7,113,38,10220.0,0,0.101,0.0,95.0,0,0.0,1,0,0.0,-1,-1,-1,-1,0.0,0.0
2026-06-20T16:00,0.0,0.0,0.0,0.0,21.5,1.77,3.4,106,16,10220.0,0,0.101,0.0,75.0,0,0.0,0,0,0.0,-1,-1,-1,-1,0.0,0.0
2026-06-20T17:00,0.0,0.0,0.0,0.0,20.7,1.63,2.6,108,25,10220.0,0,0.101,0.0,65.0,0,0.0,1,0,0.0,-1,-1,-1,-1,0.0,0.0
2026-06-20T18:00,0.0,0.0,0.0,0.0,20.8,1.7,2.4,90,55,9200.0,0,0.108,0.0,65.0,0,0.0,2,0,0.0,-1,-1,-1,-1,0.0,0.0
2026-06-20T19:00,0.0,0.0,0.0,0.0,20.1,1.7,2.7,87,26,9200.0,0,0.108,0.0,55.0,0,0.0,1,0,0.0,-1,-1,-1,-1,0.0,0.0
2026-06-20T20:00,0.0,0.0,0.0,0.0,19.6,1.76,2.7,85,80,9200.0,0,0.108,0.0,55.0,0,0.0,3,0,0.0,-1,-1,-1,-1,0.0,0.0
2026-06-20T21:00,0.0,0.0,0.0,0.0,20.0,1.85,3.1,92,98,9200.0,1,0.108,0.0,70.0,0,0.0,3,0,0.0,-1,-1,-1,-1,0.0,0.0
2026-06-20T22:00,0.0,0.0,0.0,0.0,21.0,2.11,3.6,94,99,9200.0,1,0.108,0.0,90.0,0,0.0,3,0,0.0,-1,-1,-1,-1,0.0,0.0
2026-06-20T23:00,0.0,0.0,0.0,0.0,22.4,1.82,4.0,74,100,9200.0,1,0.108,0.0,165.0,0,0.0,3,0,0.0,-1,-1,-1,-1,0.0,0.0
2026-06-21T00:00,0.0,0.0,0.0,0.0,23.9,1.94,4.3,78,98,9200.0,1,0.099,0.0,335.0,0,0.0,3,0,0.0,-1,-1,-1,-1,0.0,0.0
2026-06-21T01:00,0.0,0.0,0.0,0.0,25.7,2.52,5.8,97,99,10220.0,1,0.099,0.0,610.0,0,0.0,3,0,0.0,-1,-1,-1,-1,0.0,0.0
2026-06-21T02:00,0.0,0.0,0.0,0.0,26.5,2.64,6.0,119,100,11960.0,1,0.098,0.0,800.0,0,0.0,3,0,0.0,-1,-1,-1,-1,0.0,0.0
2026-06-21T03:00,0.0,0.0,0.0,0.0,26.3,2.49,6.1,128,100,11960.0,1,0.098,0.0,695.0,0,0.0,3,0,0.0,-1,-1,-1,-1,0.0,0.0
2026-06-21T04:00,0.0,0.0,0.0,0.0,26.3,1.81,5.4,141,100,11960.0,1,0.097,0.0,690.0,0,0.0,3,0,0.0,-1,-1,-1,-1,0.0,0.0
2026-06-21T05:00,0.0,0.0,0.0,0.0,26.5,1.7,3.9,156,100,11960.0,1,0.097,0.0,730.0,0,0.0,3,0,0.0,-1,-1,-1,-1,0.0,0.0
2026-06-21T06:00,0.0,0.0,0.0,0.0,26.0,1.5,4.3,180,100,11960.0,1,0.113,0.0,770.0,0,0.0,3,0,0.0,-1,-1,-1,-1,0.0,0.0
2026-06-21T07:00,0.0,0.0,0.0,0.0,26.0,1.89,4.3,192,100,11960.0,1,0.112,0.0,680.0,0,0.0,3,0,0.0,-1,-1,-1,-1,0.0,0.0
2026-06-21T08:00,0.0,0.0,0.0,0.0,25.5,2.28,4.5,206,100,11960.0,1,0.112,0.0,530.0,0,0.0,3,0,0.0,-1,-1,-1,-1,0.0,0.0
2026-06-21T09:00,0.0,0.0,0.0,0.0,25.0,2.3,4.7,221,100,10220.0,1,0.111,0.0,480.0,0,0.0,3,0,0.0,-1,-1,-1,-1,0.0,0.0
2026-06-21T10:00,0.0,0.0,0.0,0.0,24.5,1.88,4.2,241,100,10220.0,1,0.111,0.0,425.0,0,0.0,3,0,0.0,-1,-1,-1,-1,0.0,0.0
2026-06-21T11:00,0.0,0.0,0.0,0.0,23.8,1.98,3.4,229,100,10220.0,1,0.11,0.0,375.0,0,0.0,3,0,0.0,-1,-1,-1,-1,0.0,0.0
2026-06-21T12:00,0.0,0.0,0.0,0.0,23.4,1.52,4.2,197,100,10220.0,0,0.112,0.0,135.0,0,0.0,3,0,0.0,-1,-1,-1,-1,0.0,0.0
2026-06-21T13:00,0.0,0.0,0.0,0.0,22.9,2.02,3.3,230,100,9200.0,0,0.112,0.0,230.0,0,0.0,3,0,0.0,-1,-1,-1,-1,0.0,0.0
2026-06-21T14:00,0.0,0.0,0.0,0.0,22.1,2.51,4.3,235,100,9200.0,0,0.112,0.0,220.0,0,0.0,3,0,0.0,-1,-1,-1,-1,0.0,0.0
2026-06-21T15:00,0.0,0.0,0.0,0.0,21.4,2.84,4.9,231,100,9200.0,0,0.112,0.0,215.0,0,0.0,3,0,0.0,-1,-1,-1,-1,0.0,0.0
2026-06-21T16:00,0.0,0.0,0.0,0.0,20.8,2.62,4.9,225,99,9200.0,0,0.112,0.0,190.0,0,0.0,3,0,0.0,-1,-1,-1,-1,0.0,0.0
2026-06-21T17:00,0.0,0.0,0.0,0.0,20.2,1.91,4.5,223,77,9200.0,0,0.112,0.0,160.0,0,0.0,2,0,0.0,-1,-1,-1,-1,0.0,0.0
2026-06-21T18:00,0.0,0.0,0.0,0.0,19.7,1.3,3.2,184,99,9200.0,0,0.127,0.0,80.0,0,0.0,3,0,0.0,-1,-1,-1,-1,0.0,0.0
2026-06-21T19:00,0.0,0.0,0.0,0.0,19.3,1.66,2.7,164,99,8160.0,0,0.127,0.0,75.0,0,0.0,3,0,0.0,-1,-1,-1,-1,0.0,0.0
2026-06-21T20:00,0.0,0.0,0.0,0.0,19.1,1.89,3.3,168,100,8160.0,0,0.127,0.0,90.0,0,0.0,3,0,0.0,-1,-1,-1,-1,0.0,0.0
2026-06-21T21:00,0.0,0.0,0.0,0.0,18.7,1.92,3.3,173,93,8160.0,1,0.127,0.0,95.0,0,0.0,3,0,0.0,-1,-1,-1,-1,0.0,0.0
2026-06-21T22:00,0.0,0.0,0.0,0.0,19.3,2.35,3.9,184,11,8160.0,1,0.127,0.0,130.0,0,0.0,0,0,0.0,-1,-1,-1,-1,0.0,0.0
2026-06-21T23:00,0.0,0.0,0.0,0.0,21.0,2.43,4.7,188,39,9200.0,1,0.127,0.0,245.0,0,0.0,1,0,0.0,-1,-1,-1,-1,0.0,0.0
2026-06-22T00:00,0.0,0.0,0.0,0.0,23.1,2.42,6.1,198,0,10220.0,1,0.134,0.0,390.0,0,0.0,0,0,0.0,-1,-1,-1,-1,0.0,0.0
2026-06-22T01:00,0.0,0.0,0.0,0.0,24.9,3.0,6.8,198,9,10220.0,1,0.132,0.0,650.0,0,0.0,0,0,0.0,-1,-1,-1,-1,0.0,0.0
2026-06-22T02:00,0.0,0.0,0.0,0.0,26.3,3.43,7.8,196,3,11960.0,1,0.13,0.0,935.0,0,0.0,0,0,0.0,-1,-1,-1,-1,0.0,0.0
2026-06-22T03:00,0.0,0.0,0.0,0.0,27.5,4.03,8.9,191,0,11960.0,1,0.128,0.0,1070.0,0,0.0,0,0,0.0,-1,-1,-1,-1,0.0,0.0
2026-06-22T04:00,0.0,0.0,0.0,0.0,28.3,4.04,9.3,192,0,11960.0,1,0.125,0.0,1095.0,0,0.0,0,0,0.0,-1,-1,-1,-1,0.0,0.0
2026-06-22T05:00,0.0,0.0,0.0,0.0,28.9,3.78,9.0,188,5,11960.0,1,0.123,20.0,1105.0,0,0.0,0,0,0.0,-1,-1,-1,-1,0.0,0.0
2026-06-22T06:00,0.0,0.0,0.0,0.0,29.5,3.49,8.6,189,60,11960.0,1,0.115,70.0,1160.0,0,0.0,2,0,0.0,-1,-1,-1,-1,0.0,0.0
2026-06-22T07:00,0.0,0.0,0.0,0.0,29.7,4.11,8.9,183,98,11960.0,1,0.113,110.0,1105.0,0,0.0,3,0,0.0,-1,-1,-1,-1,0.0,0.0
2026-06-22T08:00,0.0,0.0,0.0,0.0,29.5,4.15,9.0,181,93,11960.0,1,0.111,110.0,1020.0,0,0.0,3,0,0.0,-1,-1,-1,-1,0.0,0.0
2026-06-22T09:00,0.0,0.0,0.0,0.0,29.2,3.87,8.7,185,74,11960.0,1,0.11,130.0,995.0,0,0.0,2,0,0.0,-1,-1,-1,-1,0.0,0.0
2026-06-22T10:00,0.0,0.0,0.0,0.0,28.6,3.18,7.7,188,20,11960.0,1,0.109,130.0,935.0,0,0.0,1,0,0.0,-1,-1,-1,-1,0.0,0.0
2026-06-22T11:00,0.0,0.0,0.0,0.0,26.9,1.5,5.8,195,81,10220.0,1,0.109,170.0,255.0,0,0.0,3,0,0.0,-1,-1,-1,-1,0.0,0.0
2026-06-22T12:00,0.0,0.0,0.0,0.0,25.2,1.45,2.5,180,97,10200.0,0,0.101,270.0,75.0,0,0.0,3,0,0.0,-1,-1,-1,-1,0.0,0.0
2026-06-22T13:00,0.0,0.0,0.0,0.0,24.2,1.63,2.6,140,91,9200.0,0,0.101,290.0,70.0,0,0.0,3,0,0.0,-1,-1,-1,-1,0.0,0.0
2026-06-22T14:00,0.0,0.0,0.0,0.0,23.7,2.02,3.5,150,91,9200.0,0,0.101,160.0,100.0,0,0.0,3,0,0.0,-1,-1,-1,-1,0.0,0.0
2026-06-22T15:00,0.0,0.0,0.0,0.0,23.3,2.43,4.2,188,98,9200.0,0,0.101,110.0,135.0,0,0.0,3,0,0.0,-1,-1,-1,-1,0.0,0.0
2026-06-22T16:00,0.0,0.0,0.0,0.0,22.6,1.9,4.2,198,93,9200.0,0,0.101,50.0,125.0,0,0.0,3,0,0.0,-1,-1,-1,-1,0.0,0.0
2026-06-22T17:00,0.0,0.0,0.0,0.0,21.9,2.0,3.3,212,12,8160.0,0,0.101,0.0,125.0,0,0.0,0,0,0.0,-1,-1,-1,-1,0.0,0.0
2026-06-22T18:00,0.0,0.0,0.0,0.0,21.7,1.88,3.9,209,17,8160.0,0,0.106,0.0,110.0,0,0.0,0,0,0.0,-1,-1,-1,-1,0.0,0.0
2026-06-22T19:00,0.0,0.0,0.0,0.0,21.1,1.8,3.2,180,4,8160.0,0,0.107,0.0,105.0,0,0.0,0,0,0.0,-1,-1,-1,-1,0.0,0.0
2026-06-22T20:00,0.0,0.0,0.0,0.0,20.6,1.86,3.2,174,2,8160.0,0,0.107,0.0,105.0,0,0.0,0,0,0.0,-1,-1,-1,-1,0.0,0.0
2026-06-22T21:00,0.0,0.0,0.0,0.0,20.0,1.65,3.2,178,3,8160.0,1,0.107,0.0,90.0,0,0.0,0,0,0.0,-1,-1,-1,-1,0.0,0.0
2026-06-22T22:00,0.0,0.0,0.0,0.0,21.0,2.15,3.5,179,4,8160.0,1,0.107,0.0,120.0,0,0.0,0,0,0.0,-1,-1,-1,-1,0.0,0.0
2026-06-22T23:00,0.0,0.0,0.0,0.0,22.5,2.2,4.6,168,8,8160.0,1,0.107,0.0,185.0,0,0.0,0,0,0.0,-1,-1,-1,-1,0.0,0.0
2026-06-23T00:00,0.0,0.0,0.0,0.0,24.5,2.2,5.2,177,7,8160.0,1,0.119,100.0,365.0,0,0.0,0,0,0.0,-1,-1,-1,-1,0.0,0.0
2026-06-23T01:00,0.0,0.0,0.0,0.0,26.6,2.78,6.5,198,10,9200.0,1,0.118,160.0,695.0,0,0.0,0,0,0.0,-1,-1,-1,-1,0.0,0.0
2026-06-23T02:00,0.0,0.0,0.0,0.0,28.0,2.76,6.9,202,30,10200.0,1,0.116,180.0,930.0,0,0.0,1,0,0.0,-1,-1,-1,-1,0.0,0.0
2026-06-23T03:00,0.0,0.0,0.0,0.0,29.2,2.71,6.9,196,88,10200.0,1,0.114,220.0,1290.0,0,0.0,3,0,0.0,-1,-1,-1,-1,0.0,0.0
2026-06-23T04:00,0.0,0.0,0.0,0.0,30.2,2.99,7.3,190,93,11960.0,1,0.112,160.0,1560.0,0,0.0,3,0,0.0,-1,-1,-1,-1,0.0,0.0
2026-06-23T05:00,0.0,0.0,0.0,0.0,30.6,3.55,8.1,182,99,11960.0,1,0.11,190.0,1650.0,0,0.0,3,0,0.0,-1,-1,-1,-1,0.0,0.0
2026-06-23T06:00,0.0,0.0,0.0,0.0,30.4,3.4,8.4,178,100,11960.0,1,0.111,210.0,1460.0,0,0.0,3,0,0.0,-1,-1,-1,-1,0.0,0.0
2026-06-23T07:00,0.0,0.0,0.0,0.0,29.8,3.12,7.4,186,100,11960.0,1,0.109,190.0,1210.0,0,0.0,3,0,0.0,-1,-1,-1,-1,0.0,0.0
2026-06-23T08:00,0.0,0.0,0.0,0.0,29.7,3.11,6.9,185,93,11960.0,1,0.108,200.0,1105.0,0,0.0,3,0,0.0,-1,-1,-1,-1,0.0,0.0
2026-06-23T09:00,0.0,0.0,0.0,0.0,29.7,2.67,6.7,174,95,11960.0,1,0.107,300.0,1145.0,0,0.0,3,0,0.0,-1,-1,-1,-1,0.0,0.0
2026-06-23T10:00,0.0,0.0,0.0,0.0,29.5,2.59,5.7,161,98,11960.0,1,0.106,300.0,1115.0,0,0.0,3,0,0.0,-1,-1,-1,-1,0.0,0.0
2026-06-23T11:00,0.0,0.0,0.0,0.0,28.1,1.77,4.9,158,96,10200.0,1,0.105,290.0,315.0,0,0.0,3,0,0.0,-1,-1,-1,-1,0.0,0.0
2026-06-23T12:00,0.0,0.0,0.0,0.0,26.9,2.25,3.6,168,98,9200.0,0,0.092,540.0,195.0,0,0.0,3,0,0.0,-1,-1,-1,-1,0.0,0.0
2026-06-23T13:00,0.0,0.0,0.0,0.0,26.0,1.7,4.0,182,100,9200.0,0,0.092,560.0,165.0,0,0.0,3,0,0.0,-1,-1,-1,-1,0.0,0.0
2026-06-23T14:00,0.0,0.0,0.0,0.0,25.2,1.53,2.8,191,100,9200.0,0,0.092,430.0,180.0,0,0.0,3,0,0.0,-1,-1,-1,-1,0.0,0.0
2026-06-23T15:00,0.0,0.0,0.0,0.0,25.0,2.21,3.6,198,100,9200.0,0,0.092,80.0,155.0,0,0.0,3,0,0.0,-1,-1,-1,-1,0.0,0.0
2026-06-23T16:00,0.0,0.0,0.0,0.0,24.6,2.2,4.4,210,100,10200.0,0,0.092,0.0,125.0,0,0.0,3,0,0.0,-1,-1,-1,-1,0.0,0.0
2026-06-23T17:00,0.0,0.0,0.0,0.0,24.4,2.18,3.7,212,100,10200.0,0,0.092,0.0,145.0,0,0.0,3,0,0.0,-1,-1,-1,-1,0.0,0.0
2026-06-23T18:00,0.0,0.0,0.0,0.0,24.6,2.26,4.3,211,100,9180.0,0,0.089,100.0,135.0,0,0.0,3,0,0.0,-1,-1,-1,-1,0.0,0.0
2026-06-23T19:00,0.0,0.0,0.0,0.0,24.3,2.15,4.0,208,100,9180.0,0,0.089,140.0,140.0,0,0.0,3,0,0.0,-1,-1,-1,-1,0.0,0.0
2026-06-23T20:00,0.0,0.0,0.0,0.0,24.1,1.87,3.7,188,100,9200.0,0,0.089,160.0,140.0,0,0.0,3,0,0.0,-1,-1,-1,-1,0.0,0.0
2026-06-23T21:00,0.0,0.0,0.0,0.0,23.8,3.5,6.3,180,100,9200.0,1,0.089,160.0,290.0,0,0.0,3,0,0.0,-1,-1,-1,-1,0.0,0.0
2026-06-23T22:00,0.0,0.0,0.0,0.0,24.0,3.88,6.9,195,20,8160.0,1,0.089,320.0,325.0,0,0.0,1,0,0.0,-1,-1,-1,-1,0.0,0.0
2026-06-23T23:00,0.0,0.0,0.0,0.0,25.0,3.4,7.1,197,7,9180.0,1,0.089,430.0,380.0,0,0.0,0,0,0.0,-1,-1,-1,-1,0.0,0.0
2026-06-24T00:00,0.0,0.0,0.0,0.0,26.2,3.43,7.5,203,1,9180.0,1,0.089,490.0,480.0,0,0.0,0,0,0.0,-1,-1,-1,-1,0.0,0.0
2026-06-24T01:00,0.0,0.0,0.0,0.0,27.9,3.73,8.1,200,18,10200.0,1,0.089,740.0,665.0,0,0.0,0,0,0.0,-1,-1,-1,-1,0.0,0.0
2026-06-24T02:00,0.0,0.0,0.0,0.0,29.5,3.75,8.4,201,18,10200.0,1,0.088,870.0,990.0,0,0.0,0,0,0.0,-1,-1,-1,-1,0.0,0.0
2026-06-24T03:00,0.0,0.0,0.0,0.0,31.0,4.11,9.1,198,16,11960.0,1,0.088,730.0,1435.0,0,0.0,0,0,0.0,-1,-1,-1,-1,0.0,0.0
2026-06-24T04:00,0.0,0.0,0.0,0.0,31.9,4.29,9.5,197,8,11960.0,1,0.087,680.0,1710.0,0,0.0,0,0,0.0,-1,-1,-1,-1,0.0,0.0
2026-06-24T05:00,0.0,0.0,0.0,0.0,32.5,4.31,9.6,193,9,11960.0,1,0.087,580.0,1785.0,0,0.0,0,0,0.0,-1,-1,-1,-1,0.0,0.0
2026-06-24T06:00,0.0,0.0,0.0,0.0,33.1,4.22,9.6,202,59,13480.0,1,0.09,570.0,1865.0,0,0.0,2,0,0.0,-1,-1,-1,-1,0.0,0.0
2026-06-24T07:00,0.0,0.0,0.0,0.0,33.1,3.67,9.1,208,78,9580.0,1,0.089,370.0,1915.0,0,0.0,2,0,0.0,-1,-1,-1,-1,0.0,0.0
2026-06-24T08:00,0.1,0.0,0.0,0.0,32.4,3.75,8.0,201,57,13480.0,1,0.09,350.0,1465.0,0,0.0,51,0,0.1,-1,-1,-1,-1,0.0,0.0
2026-06-24T09:00,0.0,0.0,0.0,0.0,32.2,4.1,8.5,200,37,6480.0,1,0.09,180.0,1395.0,0,0.0,1,0,0.0,-1,-1,-1,-1,0.0,0.0
2026-06-24T10:00,0.0,0.0,0.0,0.0,31.6,3.24,8.1,207,44,13480.0,1,0.09,130.0,1055.0,0,0.0,1,0,0.0,-1,-1,-1,-1,0.0,0.0
2026-06-24T11:00,0.0,0.0,0.0,0.0,30.3,1.64,6.2,211,85,11960.0,1,0.09,120.0,450.0,0,0.0,3,0,0.0,-1,-1,-1,-1,0.0,0.0
2026-06-24T12:00,0.0,0.0,0.0,0.0,29.8,1.55,3.0,249,81,11960.0,0,0.08,150.0,280.0,0,0.0,3,0,0.0,-1,-1,-1,-1,0.0,0.0
2026-06-24T13:00,0.0,0.0,0.0,0.0,26.2,5.2,10.3,33,93,7680.0,0,0.08,500.0,285.0,0,0.0,3,0,0.0,-1,-1,-1,-1,0.0,0.0
2026-06-24T14:00,0.0,0.0,0.0,0.0,24.8,2.63,9.8,81,81,8160.0,0,0.081,220.0,170.0,0,0.0,3,0,0.0,-1,-1,-1,-1,0.0,0.0
2026-06-24T15:00,0.0,0.0,0.0,0.0,24.5,2.91,6.0,55,91,8160.0,0,0.081,380.0,240.0,0,0.0,3,0,0.0,-1,-1,-1,-1,0.0,0.0
2026-06-24T16:00,0.0,0.0,0.0,0.0,24.0,2.52,5.8,49,90,8160.0,0,0.081,310.0,180.0,0,0.0,3,0,0.0,-1,-1,-1,-1,0.0,0.0
2026-06-24T17:00,0.0,0.0,0.0,0.0,23.7,2.53,5.0,81,39,8100.0,0,0.081,390.0,160.0,0,0.0,1,0,0.0,-1,-1,-1,-1,0.0,0.0
2026-06-24T18:00,0.0,0.0,0.0,0.0,22.6,2.47,4.4,83,80,3880.0,0,0.071,440.0,80.0,0,0.0,3,0,0.0,-1,-1,-1,-1,0.0,0.0
2026-06-24T19:00,0.1,0.0,0.0,0.0,22.5,0.1,4.1,360,71,8120.0,0,0.073,340.0,20.0,0,0.0,51,0,0.1,-1,-1,-1,-1,0.0,0.0
2026-06-24T20:00,0.0,0.0,0.0,0.0,22.0,1.33,2.7,13,42,7060.0,0,0.073,170.0,75.0,0,0.0,1,0,0.0,-1,-1,-1,-1,0.0,0.0
2026-06-24T21:00,0.0,0.0,0.0,0.0,21.7,2.56,4.9,12,71,5980.0,1,0.073,110.0,215.0,0,0.0,2,0,0.0,-1,-1,-1,-1,0.0,0.0
2026-06-24T22:00,0.0,0.0,0.0,0.0,21.8,3.78,6.6,37,95,4780.0,1,0.073,220.0,305.0,0,0.0,3,0,0.0,-1,-1,-1,-1,0.0,0.0
2026-06-24T23:00,0.0,0.0,0.0,0.0,22.4,3.2,7.9,39,98,7060.0,1,0.073,150.0,330.0,0,0.0,3,0,0.0,-1,-1,-1,-1,0.0,0.0
2026-06-25T00:00,0.0,0.0,0.0,0.0,25.0,4.74,8.2,35,95,6820.0,1,0.082,540.0,1060.0,0,0.0,3,0,0.0,-1,-1,-1,-1,0.0,0.0
2026-06-25T01:00,0.1,1.0,0.0,0.0,26.1,5.96,12.2,40,95,10200.0,1,0.083,0.0,1045.0,0,0.0,51,0,0.0,-1,-1,-1,-1,0.0,0.0
2026-06-25T02:00,0.0,0.0,0.0,0.0,27.6,5.03,12.0,34,91,13480.0,1,0.083,0.0,1415.0,0,0.0,3,0,0.0,-1,-1,-1,-1,0.0,0.0
2026-06-25T03:00,0.0,0.0,0.0,0.0,28.5,5.4,11.5,31,49,13480.0,1,0.083,0.0,1650.0,0,0.0,1,0,0.0,-1,-1,-1,-1,0.0,0.0
2026-06-25T04:00,0.0,0.0,0.0,0.0,29.6,4.69,11.5,31,61,13480.0,1,0.083,0.0,1855.0,0,0.0,2,0,0.0,-1,-1,-1,-1,0.0,0.0
2026-06-25T05:00,0.0,0.0,0.0,0.0,30.7,4.89,10.5,22,66,13480.0,1,0.083,0.0,1970.0,0,0.0,2,0,0.0,-1,-1,-1,-1,0.0,0.0
2026-06-25T06:00,0.0,0.0,0.0,0.0,31.1,4.66,10.6,23,89,13480.0,1,0.085,0.0,2080.0,0,0.0,3,0,0.0,-1,-1,-1,-1,0.0,0.0
2026-06-25T07:00,0.0,0.0,0.0,0.0,30.9,4.34,10.0,27,79,13480.0,1,0.084,0.0,2150.0,0,0.0,2,0,0.0,-1,-1,-1,-1,0.0,0.0
2026-06-25T08:00,0.0,0.0,0.0,0.0,30.5,4.25,9.4,37,79,13480.0,1,0.084,0.0,2185.0,0,0.0,2,0,0.0,-1,-1,-1,-1,0.0,0.0
2026-06-25T09:00,0.0,0.0,0.0,0.0,29.9,4.35,8.9,45,95,13480.0,1,0.084,0.0,2105.0,0,0.0,3,0,0.0,-1,-1,-1,-1,0.0,0.0
2026-06-25T10:00,0.0,0.0,0.0,0.0,28.9,3.82,8.8,48,99,13480.0,1,0.084,0.0,1675.0,0,0.0,3,0,0.0,-1,-1,-1,-1,0.0,0.0
2026-06-25T11:00,0.0,0.0,0.0,0.0,27.6,1.91,7.5,45,91,13460.0,1,0.085,0.0,850.0,0,0.0,3,0,0.0,-1,-1,-1,-1,0.0,0.0
2026-06-25T12:00,0.0,0.0,0.0,0.0,26.0,1.48,3.7,62,100,13460.0,0,0.081,0.0,155.0,0,0.0,3,0,0.0,-1,-1,-1,-1,0.0,0.0
2026-06-25T13:00,0.0,0.0,0.0,0.0,24.9,1.25,2.7,53,99,13460.0,0,0.081,0.0,75.0,0,0.0,3,0,0.0,-1,-1,-1,-1,0.0,0.0
2026-06-25T14:00,0.0,0.0,0.0,0.0,24.4,0.55,1.8,90,85,13460.0,0,0.082,0.0,30.0,0,0.0,3,0,0.0,-1,-1,-1,-1,0.0,0.0
2026-06-25T15:00,0.0,0.0,0.0,0.0,23.8,0.74,1.1,152,70,13460.0,0,0.082,0.0,25.0,0,0.0,2,0,0.0,-1,-1,-1,-1,0.0,0.0
2026-06-25T16:00,0.0,0.0,0.0,0.0,23.1,1.39,2.0,154,33,11940.0,0,0.082,0.0,35.0,0,0.0,1,0,0.0,-1,-1,-1,-1,0.0,0.0
2026-06-25T17:00,0.0,0.0,0.0,0.0,22.7,1.83,3.0,163,54,11940.0,0,0.082,0.0,50.0,0,0.0,2,0,0.0,-1,-1,-1,-1,0.0,0.0
2026-06-25T18:00,0.0,0.0,0.0,0.0,22.7,2.09,3.5,159,88,11940.0,0,0.099,0.0,60.0,0,0.0,3,0,0.0,-1,-1,-1,-1,0.0,0.0
2026-06-25T19:00,0.0,0.0,0.0,0.0,21.3,1.5,3.5,201,95,10200.0,0,0.099,0.0,70.0,0,0.0,3,0,0.0,-1,-1,-1,-1,0.0,0.0
2026-06-25T20:00,0.0,0.0,0.0,0.0,20.8,1.8,3.2,257,93,10200.0,0,0.099,0.0,85.0,0,0.0,3,0,0.0,-1,-1,-1,-1,0.0,0.0
2026-06-25T21:00,0.0,0.0,0.0,0.0,20.4,1.25,3.0,209,100,10200.0,1,0.099,0.0,45.0,0,0.0,3,0,0.0,-1,-1,-1,-1,0.0,0.0
2026-06-25T22:00,0.0,0.0,0.0,0.0,21.2,1.62,2.6,202,100,10200.0,1,0.099,0.0,60.0,0,0.0,3,0,0.0,-1,-1,-1,-1,0.0,0.0
2026-06-25T23:00,0.0,0.0,0.0,0.0,22.7,2.06,3.8,186,100,10200.0,1,0.099,0.0,90.0,0,0.0,3,0,0.0,-1,-1,-1,-1,0.0,0.0
2026-06-26T00:00,0.0,0.0,0.0,0.0,24.6,1.43,4.1,192,99,10200.0,1,0.097,0.0,135.0,0,0.0,3,0,0.0,-1,-1,-1,-1,0.0,0.0
2026-06-26T01:00,0.0,0.0,0.0,0.0,27.1,1.97,4.9,207,100,11940.0,1,0.097,0.0,260.0,0,0.0,3,0,0.0,-1,-1,-1,-1,0.0,0.0
2026-06-26T02:00,0.0,0.0,0.0,0.0,28.2,2.42,5.6,210,100,13460.0,1,0.096,0.0,450.0,0,0.0,3,0,0.0,-1,-1,-1,-1,0.0,0.0
2026-06-26T03:00,0.0,0.0,0.0,0.0,29.1,2.85,6.5,211,100,13460.0,1,0.095,0.0,815.0,0,0.0,3,0,0.0,-1,-1,-1,-1,0.0,0.0
2026-06-26T04:00,0.0,0.0,0.0,0.0,29.8,2.59,6.5,208,100,13460.0,1,0.094,0.0,880.0,0,0.0,3,0,0.0,-1,-1,-1,-1,0.0,0.0
2026-06-26T05:00,0.0,0.0,0.0,0.0,30.7,2.63,6.3,201,97,13460.0,1,0.093,0.0,1000.0,0,0.0,3,0,0.0,-1,-1,-1,-1,0.0,0.0
2026-06-26T06:00,0.0,0.0,0.0,0.0,31.0,2.74,6.5,198,87,13460.0,1,0.098,10.0,1195.0,0,0.0,3,0,0.0,-1,-1,-1,-1,0.0,0.0
2026-06-26T07:00,0.0,0.0,0.0,0.0,31.2,2.75,6.6,190,83,13460.0,1,0.097,40.0,1260.0,0,0.0,3,0,0.0,-1,-1,-1,-1,0.0,0.0
2026-06-26T08:00,0.0,0.0,0.0,0.0,31.0,2.95,6.6,181,100,13460.0,1,0.095,50.0,1180.0,0,0.0,3,0,0.0,-1,-1,-1,-1,0.0,0.0
2026-06-26T09:00,0.0,0.0,0.0,0.0,30.2,3.02,6.6,192,98,13460.0,1,0.095,40.0,960.0,0,0.0,3,0,0.0,-1,-1,-1,-1,0.0,0.0
2026-06-26T10:00,0.0,0.0,0.0,0.0,29.5,2.39,6.1,209,80,13460.0,1,0.094,40.0,840.0,0,0.0,3,0,0.0,-1,-1,-1,-1,0.0,0.0
2026-06-26T11:00,0.0,0.0,0.0,0.0,28.1,1.23,4.6,212,27,11940.0,1,0.094,80.0,170.0,0,0.0,1,0,0.0,-1,-1,-1,-1,0.0,0.0
2026-06-26T12:00,0.0,0.0,0.0,0.0,26.7,1.09,2.1,196,4,11940.0,0,0.092,80.0,60.0,0,0.0,0,0,0.0,-1,-1,-1,-1,0.0,0.0
2026-06-26T13:00,0.0,0.0,0.0,0.0,25.5,1.61,2.1,185,1,10200.0,0,0.092,120.0,60.0,0,0.0,0,0,0.0,-1,-1,-1,-1,0.0,0.0
2026-06-26T14:00,0.0,0.0,0.0,0.0,24.7,1.8,3.0,178,0,10200.0,0,0.092,160.0,85.0,0,0.0,0,0,0.0,-1,-1,-1,-1,0.0,0.0
2026-06-26T15:00,0.0,0.0,0.0,0.0,24.0,1.9,3.2,182,0,9180.0,0,0.092,80.0,75.0,0,0.0,0,0,0.0,-1,-1,-1,-1,0.0,0.0
2026-06-26T16:00,0.0,0.0,0.0,0.0,23.3,1.86,3.1,194,0,9180.0,0,0.092,10.0,70.0,0,0.0,0,0,0.0,-1,-1,-1,-1,0.0,0.0
2026-06-26T17:00,0.0,0.0,0.0,0.0,22.9,2.01,3.3,194,0,9180.0,0,0.092,0.0,85.0,0,0.0,0,0,0.0,-1,-1,-1,-1,0.0,0.0
2026-06-26T18:00,0.0,0.0,0.0,0.0,22.6,2.06,3.4,194,0,10200.0,0,0.103,0.0,95.0,0,0.0,0,0,0.0,-1,-1,-1,-1,0.0,0.0
2026-06-26T19:00,0.0,0.0,0.0,0.0,21.7,2.03,3.4,196,0,10200.0,0,0.103,0.0,90.0,0,0.0,0,0,0.0,-1,-1,-1,-1,0.0,0.0
2026-06-26T20:00,0.0,0.0,0.0,0.0,20.9,2.04,3.5,205,0,10200.0,0,0.103,0.0,85.0,0,0.0,0,0,0.0,-1,-1,-1,-1,0.0,0.0
2026-06-26T21:00,0.0,0.0,0.0,0.0,20.3,1.9,3.4,198,0,9180.0,1,0.103,0.0,80.0,0,0.0,0,0,0.0,-1,-1,-1,-1,0.0,0.0
2026-06-26T22:00,0.0,0.0,0.0,0.0,21.0,2.27,3.8,188,0,9180.0,1,0.103,0.0,90.0,0,0.0,0,0,0.0,-1,-1,-1,-1,0.0,0.0
2026-06-26T23:00,0.0,0.0,0.0,0.0,23.0,2.56,4.4,174,34,9180.0,1,0.103,0.0,125.0,0,0.0,1,0,0.0,-1,-1,-1,-1,0.0,0.0
2026-06-27T00:00,0.0,0.0,0.0,0.0,26.0,2.7,5.2,182,15,10200.0,1,0.097,0.0,325.0,0,0.0,0,0,0.0,-1,-1,-1,-1,0.0,0.0
2026-06-27T01:00,0.0,0.0,0.0,0.0,28.2,3.47,7.4,186,0,11940.0,1,0.096,0.0,535.0,0,0.0,0,0,0.0,-1,-1,-1,-1,0.0,0.0
2026-06-27T02:00,0.0,0.0,0.0,0.0,29.9,3.82,8.3,191,0,11940.0,1,0.095,190.0,830.0,0,0.0,0,0,0.0,-1,-1,-1,-1,0.0,0.0
2026-06-27T03:00,0.0,0.0,0.0,0.0,31.1,3.88,8.6,192,0,11940.0,1,0.094,490.0,985.0,0,0.0,0,0,0.0,-1,-1,-1,-1,0.0,0.0
2026-06-27T04:00,0.0,0.0,0.0,0.0,32.2,3.92,8.7,186,0,13460.0,1,0.093,680.0,1135.0,0,0.0,0,0,0.0,-1,-1,-1,-1,0.0,0.0
2026-06-27T05:00,0.0,0.0,0.0,0.0,33.0,3.51,8.7,184,2,13460.0,1,0.092,860.0,1265.0,0,0.0,0,0,0.0,-1,-1,-1,-1,0.0,0.0
2026-06-27T06:00,0.0,0.0,0.0,0.0,33.7,3.6,8.0,178,70,13460.0,1,0.093,770.0,1295.0,0,0.0,2,0,0.0,-1,-1,-1,-1,0.0,0.0
2026-06-27T07:00,0.0,0.0,0.0,0.0,33.5,3.2,8.0,231,99,13460.0,1,0.092,610.0,1660.0,0,0.0,3,0,0.0,-1,-1,-1,-1,0.0,0.0
2026-06-27T08:00,0.1,0.0,0.0,0.0,31.3,3.48,7.5,252,100,11940.0,1,0.092,980.0,705.0,0,0.0,51,0,0.1,-1,-1,-1,-1,0.0,0.0
2026-06-27T09:00,0.0,0.0,0.0,0.0,31.8,2.41,6.9,249,100,11940.0,1,0.091,1170.0,705.0,0,0.0,3,0,0.0,-1,-1,-1,-1,0.0,0.0
2026-06-27T10:00,0.0,0.0,0.0,0.0,31.2,1.63,4.9,247,94,11940.0,1,0.091,1210.0,425.0,0,0.0,3,0,0.0,-1,-1,-1,-1,0.0,0.0
2026-06-27T11:00,0.0,0.0,0.0,0.0,29.9,0.8,3.2,266,83,11940.0,1,0.091,1410.0,115.0,0,0.0,3,0,0.0,-1,-1,-1,-1,0.0,0.0
2026-06-27T12:00,0.0,0.0,0.0,0.0,29.3,0.51,1.1,209,96,11940.0,0,0.094,1270.0,30.0,0,0.0,3,0,0.0,-1,-1,-1,-1,0.0,0.0
2026-06-27T13:00,0.0,0.0,0.0,0.0,28.1,1.23,1.8,249,99,10200.0,0,0.094,1300.0,45.0,0,0.0,3,0,0.0,-1,-1,-1,-1,0.0,0.0
2026-06-27T14:00,0.0,0.0,0.0,0.0,27.2,1.12,2.0,243,100,10200.0,0,0.094,1270.0,35.0,0,0.0,3,0,0.0,-1,-1,-1,-1,0.0,0.0
2026-06-27T15:00,0.0,0.0,0.0,0.0,26.3,1.14,1.5,232,95,9180.0,0,0.094,1330.0,40.0,0,0.0,3,0,0.0,-1,-1,-1,-1,0.0,0.0
2026-06-27T16:00,0.0,0.0,0.0,0.0,25.7,0.99,1.6,240,98,9180.0,0,0.094,1380.0,40.0,0,0.0,3,0,0.0,-1,-1,-1,-1,0.0,0.0
2026-06-27T17:00,0.0,0.0,0.0,0.0,25.4,0.59,1.2,200,100,9180.0,0,0.094,1450.0,35.0,0,0.0,3,0,0.0,-1,-1,-1,-1,0.0,0.0
2026-06-27T18:00,0.0,0.0,0.0,0.0,25.1,0.83,1.7,213,100,8140.0,0,0.094,1730.0,45.0,0,0.0,3,0,0.0,-1,-1,-1,-1,0.0,0.0
2026-06-27T19:00,0.0,0.0,0.0,0.0,24.7,1.45,2.3,224,99,8140.0,0,0.094,1720.0,70.0,0,0.0,3,0,0.0,-1,-1,-1,-1,0.0,0.0
2026-06-27T20:00,0.0,0.0,0.0,0.0,24.5,1.84,3.3,209,96,8140.0,0,0.094,1600.0,100.0,0,0.0,3,0,0.0,-1,-1,-1,-1,0.0,0.0
2026-06-27T21:00,0.0,0.0,0.0,0.0,23.8,2.16,3.7,214,83,8140.0,1,0.094,1390.0,115.0,0,0.0,3,0,0.0,-1,-1,-1,-1,0.0,0.0
2026-06-27T22:00,0.0,0.0,0.0,0.0,24.2,2.5,4.4,196,13,8140.0,1,0.094,1300.0,105.0,0,0.0,0,0,0.0,-1,-1,-1,-1,0.0,0.0
2026-06-27T23:00,0.0,0.0,0.0,0.0,25.7,2.17,4.5,195,85,8140.0,1,0.094,1680.0,145.0,0,0.0,3,0,0.0,-1,-1,-1,-1,0.0,0.0
2026-06-28T00:00,0.0,0.0,0.0,0.0,27.5,2.77,5.4,186,7,9180.0,1,0.096,1710.0,370.0,0,0.0,0,0,0.0,-1,-1,-1,-1,0.0,0.0
2026-06-28T01:00,0.0,0.0,0.0,0.0,29.3,2.84,6.5,214,5,10180.0,1,0.096,1890.0,570.0,0,0.0,0,0,0.0,-1,-1,-1,-1,0.0,0.0
2026-06-28T02:00,0.0,0.0,0.0,0.0,31.0,2.57,6.6,209,3,10180.0,1,0.095,2080.0,760.0,0,0.0,0,0,0.0,-1,-1,-1,-1,0.0,0.0
2026-06-28T03:00,0.0,0.0,0.0,0.0,32.2,2.86,7.0,192,6,10180.0,1,0.094,2690.0,900.0,0,0.0,0,0,0.0,-1,-1,-1,-1,0.0,0.0
2026-06-28T04:00,0.0,0.0,0.0,0.0,33.1,3.19,7.4,194,1,11940.0,1,0.093,2900.0,1110.0,0,0.0,0,0,0.0,-1,-1,-1,-1,0.0,0.0
2026-06-28T05:00,0.1,0.0,0.0,0.0,33.4,3.8,9.2,159,38,6560.0,1,0.093,1680.0,1645.0,0,0.0,51,0,0.1,-1,-1,-1,-1,0.0,0.0
2026-06-28T06:00,0.1,0.0,0.0,0.0,33.2,3.63,9.0,173,61,9980.0,1,0.094,2060.0,1155.0,0,0.0,51,0,0.1,-1,-1,-1,-1,0.0,0.0
2026-06-28T07:00,0.0,0.0,0.0,0.0,34.0,4.16,8.5,162,60,11940.0,1,0.092,2370.0,1545.0,0,0.0,2,0,0.0,-1,-1,-1,-1,0.0,0.0
2026-06-28T08:00,0.2,0.0,0.0,0.0,31.5,3.67,9.8,116,97,7840.0,1,0.094,1390.0,890.0,0,0.0,51,0,0.2,-1,-1,-1,-1,0.0,0.0
2026-06-28T09:00,0.9,0.556,0.0,0.0,28.6,2.51,7.9,305,99,3040.0,1,0.103,1790.0,245.0,0,0.0,53,1,0.4,37,0,2,10,0.177,0.381
2026-06-28T10:00,0.7,0.0,0.0,0.0,27.7,2.84,5.4,49,82,4180.0,1,0.11,2750.0,165.0,0,0.0,53,1,0.7,37,1,1,10,0.177,0.047
2026-06-28T11:00,0.2,0.0,0.0,0.0,25.3,2.82,9.8,65,99,5800.0,1,0.112,1970.0,160.0,0,0.0,51,0,0.2,-1,-1,-1,-1,0.0,0.0
2026-06-28T12:00,0.0,0.0,0.0,0.0,25.5,0.78,4.6,63,97,8140.0,0,0.112,1860.0,55.0,0,0.0,3,0,0.0,-1,-1,-1,-1,0.0,0.0
2026-06-28T13:00,0.0,0.0,0.0,0.0,25.3,2.23,3.8,74,47,8140.0,0,0.112,1850.0,90.0,0,0.0,1,0,0.0,-1,-1,-1,-1,0.0,0.0
2026-06-28T14:00,0.0,0.0,0.0,0.0,25.0,2.06,3.9,67,39,8140.0,0,0.112,1820.0,90.0,0,0.0,1,0,0.0,-1,-1,-1,-1,0.0,0.0
2026-06-28T15:00,0.0,0.0,0.0,0.0,24.3,1.86,3.7,36,0,7040.0,0,0.112,1790.0,85.0,0,0.0,0,0,0.0,-1,-1,-1,-1,0.0,0.0
2026-06-28T16:00,0.0,0.0,0.0,0.0,23.8,2.94,5.5,35,43,5960.0,0,0.112,1770.0,145.0,0,0.0,1,0,0.0,-1,-1,-1,-1,0.0,0.0
2026-06-28T17:00,0.0,0.0,0.0,0.0,23.8,2.09,5.3,40,38,5960.0,0,0.112,1760.0,135.0,0,0.0,1,0,0.0,-1,-1,-1,-1,0.0,0.0
2026-06-28T18:00,0.0,0.0,0.0,0.0,23.3,2.37,3.8,173,52,5360.0,0,0.096,600.0,215.0,0,0.0,2,0,0.0,-1,-1,-1,-1,0.0,0.0
2026-06-28T19:00,0.1,0.0,0.0,0.0,23.3,2.94,5.2,190,59,8140.0,0,0.096,750.0,325.0,0,0.0,51,0,0.1,-1,-1,-1,-1,0.0,0.0
2026-06-28T20:00,0.2,0.0,0.0,0.0,23.5,3.29,5.8,208,53,3380.0,0,0.098,840.0,395.0,0,0.0,51,0,0.2,-1,-1,-1,-1,0.0,0.0
2026-06-28T21:00,0.4,0.0,0.0,0.0,22.8,1.52,5.7,243,24,4400.0,1,0.102,780.0,325.0,0,0.0,51,1,0.4,38,0,1,23,0.0,0
2026-06-28T22:00,0.1,0.0,0.0,0.0,23.2,0.76,2.5,157,48,6420.0,1,0.103,1000.0,330.0,0,0.0,51,0,0.1,-1,-1,-1,-1,0.0,0.0
2026-06-28T23:00,0.0,0.0,0.0,0.0,23.9,0.96,3.0,43,66,6960.0,1,0.103,1100.0,415.0,0,0.0,2,0,0.0,-1,-1,-1,-1,0.0,0.0
2026-06-29T00:00,0.0,0.0,0.0,0.0,24.5,2.47,3.2,97,67,7000.0,1,0.112,1290.0,425.0,0,0.0,2,0,0.0,-1,-1,-1,-1,0.0,0.0
2026-06-29T01:00,0.0,0.0,0.0,0.0,26.0,3.05,7.0,90,56,8140.0,1,0.111,1300.0,745.0,0,0.0,2,0,0.0,-1,-1,-1,-1,0.0,0.0
2026-06-29T02:00,0.0,0.0,0.0,0.0,27.4,2.27,7.2,82,95,9160.0,1,0.11,1280.0,865.0,0,0.0,3,0,0.0,-1,-1,-1,-1,0.0,0.0
2026-06-29T03:00,0.0,0.0,0.0,0.0,28.4,1.92,6.1,62,98,9160.0,1,0.108,1360.0,870.0,0,0.0,3,0,0.0,-1,-1,-1,-1,0.0,0.0
2026-06-29T04:00,0.0,0.0,0.0,0.0,29.4,2.01,5.9,71,94,10180.0,1,0.106,1470.0,975.0,0,0.0,3,0,0.0,-1,-1,-1,-1,0.0,0.0
2026-06-29T05:00,0.0,0.0,0.0,0.0,30.1,2.41,6.4,84,68,10180.0,1,0.105,1210.0,1105.0,0,0.0,2,0,0.0,-1,-1,-1,-1,0.0,0.0
2026-06-29T06:00,0.0,0.0,0.0,0.0,31.1,1.54,6.5,103,88,11940.0,1,0.136,1150.0,1500.0,0,0.0,3,0,0.0,-1,-1,-1,-1,0.0,0.0
2026-06-29T07:00,0.0,0.0,0.0,0.0,31.5,1.99,4.9,155,87,11940.0,1,0.134,1140.0,1720.0,0,0.0,3,0,0.0,-1,-1,-1,-1,0.0,0.0
2026-06-29T08:00,0.0,0.0,0.0,0.0,30.8,3.6,7.6,180,97,10180.0,1,0.132,1640.0,1165.0,0,0.0,3,0,0.0,-1,-1,-1,-1,0.0,0.0
2026-06-29T09:00,0.0,0.0,0.0,0.0,29.9,2.11,7.5,202,98,10180.0,1,0.13,1670.0,410.0,0,0.0,3,0,0.0,-1,-1,-1,-1,0.0,0.0
2026-06-29T10:00,0.0,0.0,0.0,0.0,29.9,1.03,4.4,203,97,10180.0,1,0.129,1710.0,210.0,0,0.0,3,0,0.0,-1,-1,-1,-1,0.0,0.0
2026-06-29T11:00,0.0,0.0,0.0,0.0,29.1,0.67,2.2,243,64,9160.0,1,0.128,1880.0,70.0,0,0.0,2,0,0.0,-1,-1,-1,-1,0.0,0.0
2026-06-29T12:00,0.0,0.0,0.0,0.0,27.7,2.82,1.0,84,98,9160.0,0,0.043,1990.0,125.0,0,0.0,3,0,0.0,-1,-1,-1,-1,0.0,0.0
2026-06-29T13:00,0.0,0.0,0.0,0.0,27.5,3.82,6.7,101,94,9160.0,0,0.043,1170.0,375.0,0,0.0,3,0,0.0,-1,-1,-1,-1,0.0,0.0
2026-06-29T14:00,0.0,0.0,0.0,0.0,24.9,4.3,11.8,129,84,7660.0,0,0.043,1110.0,395.0,0,0.0,3,0,0.0,-1,-1,-1,-1,0.0,0.0
2026-06-29T15:00,0.0,0.0,0.0,0.0,24.6,2.39,7.7,123,95,8120.0,0,0.043,1230.0,200.0,0,0.0,3,0,0.0,-1,-1,-1,-1,0.0,0.0
2026-06-29T16:00,0.0,0.0,0.0,0.0,24.8,2.27,4.3,166,78,8120.0,0,0.044,1300.0,250.0,0,0.0,2,0,0.0,-1,-1,-1,-1,0.0,0.0
2026-06-29T17:00,0.0,0.0,0.0,0.0,24.6,1.65,4.2,180,98,8120.0,0,0.044,960.0,200.0,0,0.0,3,0,0.0,-1,-1,-1,-1,0.0,0.0
2026-06-29T18:00,0.0,0.0,0.0,0.0,25.0,0.75,2.9,143,100,8120.0,0,0.046,1210.0,105.0,0,0.0,3,0,0.0,-1,-1,-1,-1,0.0,0.0
2026-06-29T19:00,0.0,0.0,0.0,0.0,24.6,0.18,0.9,56,99,8120.0,0,0.047,1200.0,20.0,0,0.0,3,0,0.0,-1,-1,-1,-1,0.0,0.0
2026-06-29T20:00,0.2,1.0,0.0,0.0,24.3,0.75,1.3,37,95,8120.0,0,0.048,1090.0,35.0,0,0.0,51,0,0.0,-1,-1,-1,-1,0.0,0.0
2026-06-29T21:00,0.4,1.0,0.0,0.0,23.6,2.54,4.7,10,66,3620.0,1,0.053,1360.0,145.0,0,0.0,51,1,0.0,39,0,3,4,1.413,0.977
2026-06-29T22:00,5.0,0.9,0.0,0.0,22.5,2.7,5.1,90,63,2860.0,1,0.122,990.0,160.0,0,0.495,95,1,0.5,39,1,2,4,1.413,0.917
2026-06-29T23:00,0.3,0.667,0.0,0.0,23.0,3.03,6.0,38,100,4580.0,1,0.125,1190.0,285.0,0,0.0,51,1,0.1,39,2,1,4,1.413,0.777
2026-06-30T00:00,0.0,0.0,0.0,0.0,26.0,2.73,6.6,50,67,7880.0,1,0.097,1360.0,285.0,0,0.0,2,0,0.0,-1,-1,-1,-1,0.0,0.0
2026-06-30T01:00,0.1,1.0,0.0,0.0,27.2,2.19,7.3,63,66,8120.0,1,0.098,1720.0,385.0,0,0.0,51,0,0.0,-1,-1,-1,-1,0.0,0.0
2026-06-30T02:00,0.1,0.0,0.0,0.0,28.4,2.54,6.2,54,17,6140.0,1,0.099,1990.0,600.0,0,0.0,51,0,0.1,-1,-1,-1,-1,0.0,0.0
2026-06-30T03:00,0.0,0.0,0.0,0.0,29.8,2.57,6.9,61,23,8280.0,1,0.098,2350.0,755.0,0,0.0,1,0,0.0,-1,-1,-1,-1,0.0,0.0
2026-06-30T04:00,0.3,1.0,0.0,0.0,30.6,1.37,7.3,80,56,5940.0,1,0.1,2030.0,1025.0,0,0.0,95,1,0.0,40,0,1,3,0.0,0.6
2026-06-30T05:00,0.1,0.0,0.0,0.0,31.0,1.65,6.7,88,51,7520.0,1,0.1,2180.0,1190.0,0,0.0,51,0,0.1,-1,-1,-1,-1,0.0,0.0
2026-06-30T06:00,0.1,1.0,0.0,0.0,31.3,2.82,6.4,67,70,10180.0,1,0.063,2020.0,1095.0,0,0.0,51,0,0.0,-1,-1,-1,-1,0.0,0.0
2026-06-30T07:00,0.0,0.0,0.0,0.0,30.4,3.05,7.7,88,40,6740.0,1,0.063,1410.0,1000.0,0,0.0,1,0,0.0,-1,-1,-1,-1,0.0,0.0
2026-06-30T08:00,3.4,0.853,0.0,0.0,27.1,0.32,7.2,162,60,2720.0,1,0.102,1350.0,265.0,0,0.405,96,1,0.5,41,0,2,95,1.116,0.81
2026-06-30T09:00,0.4,0.0,0.0,0.0,28.5,0.68,3.6,306,21,7760.0,1,0.106,1920.0,255.0,0,0.0,51,1,0.4,41,1,1,95,1.116,0.298
2026-06-30T10:00,0.0,0.0,0.0,0.0,29.1,0.79,2.9,325,46,9160.0,1,0.106,1990.0,400.0,0,0.0,1,0,0.0,-1,-1,-1,-1,0.0,0.0
2026-06-30T11:00,0.0,0.0,0.0,0.0,28.4,1.44,2.5,70,9,9160.0,1,0.105,1850.0,435.0,0,0.0,0,0,0.0,-1,-1,-1,-1,0.0,0.0
2026-06-30T12:00,0.0,0.0,0.0,0.0,25.6,1.05,10.5,155,39,8120.0,0,0.058,990.0,180.0,0,0.0,1,0,0.0,-1,-1,-1,-1,0.0,0.0
2026-06-30T13:00,0.0,0.0,0.0,0.0,24.8,0.71,1.6,51,81,8120.0,0,0.059,950.0,50.0,0,0.0,3,0,0.0,-1,-1,-1,-1,0.0,0.0
2026-06-30T14:00,0.0,0.0,0.0,0.0,24.3,1.64,2.9,128,61,7020.0,0,0.059,990.0,115.0,0,0.0,2,0,0.0,-1,-1,-1,-1,0.0,0.0
2026-06-30T15:00,0.0,0.0,0.0,0.0,23.6,1.73,3.2,136,96,5960.0,0,0.059,990.0,160.0,0,0.0,3,0,0.0,-1,-1,-1,-1,0.0,0.0
2026-06-30T16:00,0.0,0.0,0.0,0.0,23.2,1.75,3.5,167,95,5960.0,0,0.059,1050.0,160.0,0,0.0,3,0,0.0,-1,-1,-1,-1,0.0,0.0
2026-06-30T17:00,0.0,0.0,0.0,0.0,22.9,0.7,3.1,176,97,4780.0,0,0.059,1110.0,110.0,0,0.0,3,0,0.0,-1,-1,-1,-1,0.0,0.0
2026-06-30T18:00,0.0,0.0,0.0,0.0,23.1,1.76,1.4,175,96,5960.0,0,0.024,1010.0,150.0,0,0.0,3,0,0.0,-1,-1,-1,-1,0.0,0.0
2026-06-30T19:00,0.0,0.0,0.0,0.0,22.7,1.16,3.2,205,100,4780.0,0,0.024,1180.0,135.0,0,0.0,3,0,0.0,-1,-1,-1,-1,0.0,0.0
2026-06-30T20:00,0.0,0.0,0.0,0.0,22.6,1.41,2.5,207,100,4780.0,0,0.024,1370.0,110.0,0,0.0,3,0,0.0,-1,-1,-1,-1,0.0,0.0
2026-06-30T21:00,0.0,0.0,0.0,0.0,22.4,1.36,2.7,234,100,4780.0,1,0.024,1430.0,115.0,0,0.0,3,0,0.0,-1,-1,-1,-1,0.0,0.0
2026-06-30T22:00,0.0,0.0,0.0,0.0,22.8,1.5,2.8,240,98,4780.0,1,0.024,1450.0,125.0,0,0.0,3,0,0.0,-1,-1,-1,-1,0.0,0.0
2026-06-30T23:00,0.0,0.0,0.0,0.0,24.0,0.63,2.9,252,92,5960.0,1,0.024,1630.0,160.0,0,0.0,3,0,0.0,-1,-1,-1,-1,0.0,0.0
2026-07-01T00:00,0.0,0.0,0.0,0.0,25.7,1.17,3.0,59,98,7020.0,1,0.056,2160.0,390.0,0,0.0,3,0,0.0,-1,-1,-1,-1,0.0,0.0
2026-07-01T01:00,0.0,0.0,0.0,0.0,27.4,0.94,4.2,65,83,9160.0,1,0.057,1890.0,680.0,0,0.0,3,0,0.0,-1,-1,-1,-1,0.0,0.0
2026-07-01T02:00,0.0,0.0,0.0,0.0,28.5,0.83,4.3,65,75,9160.0,1,0.057,1550.0,910.0,0,0.0,2,0,0.0,-1,-1,-1,-1,0.0,0.0
2026-07-01T03:00,0.1,1.0,0.0,0.0,29.8,0.87,4.6,66,45,7400.0,1,0.058,1480.0,1155.0,0,0.0,51,0,0.0,-1,-1,-1,-1,0.0,0.0
2026-07-01T04:00,0.1,1.0,0.0,0.0,31.0,0.7,4.7,69,66,10180.0,1,0.059,1550.0,1400.0,0,0.0,51,0,0.0,-1,-1,-1,-1,0.0,0.0
2026-07-01T05:00,0.0,0.0,0.0,0.0,31.8,0.81,4.9,68,38,9200.0,1,0.059,1710.0,1595.0,0,0.0,1,0,0.0,-1,-1,-1,-1,0.0,0.0
2026-07-01T06:00,0.0,0.0,0.0,0.0,32.6,0.76,4.9,11,57,6680.0,1,0.058,1880.0,1815.0,0,0.0,2,0,0.0,-1,-1,-1,-1,0.0,0.0
2026-07-01T07:00,0.1,0.0,0.0,0.0,33.0,0.56,4.0,350,54,8760.0,1,0.058,1770.0,1795.0,0,0.0,51,0,0.1,-1,-1,-1,-1,0.0,0.0
2026-07-01T08:00,0.0,0.0,0.0,0.0,33.3,0.35,3.7,360,52,13440.0,1,0.059,960.0,1825.0,0,0.0,2,0,0.0,-1,-1,-1,-1,0.0,0.0
2026-07-01T09:00,0.0,0.0,0.0,0.0,33.1,0.22,3.2,117,21,13440.0,1,0.059,740.0,1825.0,0,0.0,1,0,0.0,-1,-1,-1,-1,0.0,0.0
2026-07-01T10:00,0.0,0.0,0.0,0.0,32.6,0.85,2.3,140,16,13440.0,1,0.059,750.0,1820.0,0,0.0,0,0,0.0,-1,-1,-1,-1,0.0,0.0
2026-07-01T11:00,0.0,0.0,0.0,0.0,31.2,2.04,4.0,155,10,11940.0,1,0.059,1460.0,480.0,0,0.0,0,0,0.0,-1,-1,-1,-1,0.0,0.0
2026-07-01T12:00,0.0,0.0,0.0,0.0,29.7,2.95,6.2,182,5,10180.0,0,0.034,2140.0,390.0,0,0.0,0,0,0.0,-1,-1,-1,-1,0.0,0.0
2026-07-01T13:00,0.0,0.0,0.0,0.0,28.8,2.85,5.2,177,0,9160.0,0,0.034,2190.0,270.0,0,0.0,0,0,0.0,-1,-1,-1,-1,0.0,0.0
2026-07-01T14:00,0.0,0.0,0.0,0.0,28.1,2.55,5.1,181,0,9160.0,0,0.034,2030.0,210.0,0,0.0,0,0,0.0,-1,-1,-1,-1,0.0,0.0
2026-07-01T15:00,0.0,0.0,0.0,0.0,27.3,1.98,4.5,170,12,8120.0,0,0.034,2040.0,135.0,0,0.0,0,0,0.0,-1,-1,-1,-1,0.0,0.0
2026-07-01T16:00,0.0,0.0,0.0,0.0,26.6,2.35,4.1,168,10,8120.0,0,0.035,2110.0,125.0,0,0.0,0,0,0.0,-1,-1,-1,-1,0.0,0.0
2026-07-01T17:00,0.0,0.0,0.0,0.0,26.2,2.47,4.4,172,22,8120.0,0,0.035,1770.0,145.0,0,0.0,1,0,0.0,-1,-1,-1,-1,0.0,0.0
2026-07-01T18:00,0.0,0.0,0.0,0.0,25.9,2.56,4.6,176,5,8120.0,0,0.041,1900.0,155.0,0,0.0,0,0,0.0,-1,-1,-1,-1,0.0,0.0
2026-07-01T19:00,0.0,0.0,0.0,0.0,25.4,2.5,4.5,179,1,8120.0,0,0.041,2030.0,170.0,0,0.0,0,0,0.0,-1,-1,-1,-1,0.0,0.0
2026-07-01T20:00,0.0,0.0,0.0,0.0,25.1,2.41,4.4,167,26,7020.0,0,0.041,1910.0,150.0,0,0.0,1,0,0.0,-1,-1,-1,-1,0.0,0.0
2026-07-01T21:00,0.0,0.0,0.0,0.0,24.8,2.25,4.2,159,23,7020.0,1,0.041,1780.0,135.0,0,0.0,1,0,0.0,-1,-1,-1,-1,0.0,0.0
2026-07-01T22:00,0.0,0.0,0.0,0.0,25.3,2.74,4.8,162,47,7020.0,1,0.041,1660.0,165.0,0,0.0,1,0,0.0,-1,-1,-1,-1,0.0,0.0
2026-07-01T23:00,0.0,0.0,0.0,0.0,26.8,2.5,5.1,168,73,8120.0,1,0.041,1890.0,250.0,0,0.0,2,0,0.0,-1,-1,-1,-1,0.0,0.0
2026-07-02T00:00,0.0,0.0,0.0,0.0,29.0,3.1,6.3,179,57,9160.0,1,0.047,2260.0,450.0,0,0.0,2,0,0.0,-1,-1,-1,-1,0.0,0.0
2026-07-02T01:00,0.0,0.0,0.0,0.0,30.9,3.51,7.7,191,45,9160.0,1,0.047,2530.0,620.0,0,0.0,1,0,0.0,-1,-1,-1,-1,0.0,0.0
2026-07-02T02:00,0.0,0.0,0.0,0.0,32.4,3.37,7.8,195,88,10180.0,1,0.047,2750.0,720.0,0,0.0,3,0,0.0,-1,-1,-1,-1,0.0,0.0
2026-07-02T03:00,0.0,0.0,0.0,0.0,33.8,4.19,9.1,192,98,10180.0,1,0.047,2810.0,935.0,0,0.0,3,0,0.0,-1,-1,-1,-1,0.0,0.0
2026-07-02T04:00,0.0,0.0,0.0,0.0,34.6,4.76,10.2,192,100,11940.0,1,0.047,2780.0,1055.0,0,0.0,3,0,0.0,-1,-1,-1,-1,0.0,0.0
2026-07-02T05:00,0.0,0.0,0.0,0.0,35.1,4.75,10.3,192,100,11940.0,1,0.047,2710.0,1070.0,0,0.0,3,0,0.0,-1,-1,-1,-1,0.0,0.0
2026-07-02T06:00,0.0,0.0,0.0,0.0,35.7,4.8,10.1,191,84,11940.0,1,0.055,2740.0,1120.0,0,0.0,3,0,0.0,-1,-1,-1,-1,0.0,0.0
2026-07-02T07:00,0.0,0.0,0.0,0.0,36.0,4.38,10.1,187,36,11940.0,1,0.055,2680.0,1260.0,0,0.0,1,0,0.0,-1,-1,-1,-1,0.0,0.0
2026-07-02T08:00,0.0,0.0,0.0,0.0,36.2,3.44,9.1,189,64,13440.0,1,0.055,2590.0,1570.0,0,0.0,2,0,0.0,-1,-1,-1,-1,0.0,0.0
2026-07-02T09:00,0.0,0.0,0.0,0.0,34.9,3.59,7.5,196,88,8600.0,1,0.056,2430.0,1320.0,0,0.0,3,0,0.0,-1,-1,-1,-1,0.0,0.0
2026-07-02T10:00,0.0,0.0,0.0,0.0,34.9,3.66,7.6,202,92,11940.0,1,0.056,2130.0,1575.0,0,0.0,3,0,0.0,-1,-1,-1,-1,0.0,0.0
2026-07-02T11:00,0.0,0.0,0.0,0.0,33.6,3.09,7.0,189,90,11940.0,1,0.056,2630.0,710.0,0,0.0,3,0,0.0,-1,-1,-1,-1,0.0,0.0
2026-07-02T12:00,0.0,0.0,0.0,0.0,32.4,3.87,6.4,169,58,10180.0,0,0.025,3010.0,620.0,0,0.0,2,0,0.0,-1,-1,-1,-1,0.0,0.0
2026-07-02T13:00,0.0,0.0,0.0,0.0,31.3,4.16,7.5,175,95,10180.0,0,0.025,2280.0,520.0,0,0.0,3,0,0.0,-1,-1,-1,-1,0.0,0.0
2026-07-02T14:00,0.0,0.0,0.0,0.0,30.9,4.55,8.2,181,97,10180.0,0,0.025,1580.0,545.0,0,0.0,3,0,0.0,-1,-1,-1,-1,0.0,0.0
2026-07-02T15:00,0.0,0.0,0.0,0.0,30.4,4.51,8.3,184,98,10180.0,0,0.025,1340.0,495.0,0,0.0,3,0,0.0,-1,-1,-1,-1,0.0,0.0
2026-07-02T16:00,0.0,0.0,0.0,0.0,29.9,4.34,8.2,187,14,10180.0,0,0.026,1400.0,430.0,0,0.0,0,0,0.0,-1,-1,-1,-1,0.0,0.0
2026-07-02T17:00,0.0,0.0,0.0,0.0,29.1,4.24,7.8,192,80,10180.0,0,0.026,1280.0,405.0,0,0.0,3,0,0.0,-1,-1,-1,-1,0.0,0.0
2026-07-02T18:00,0.0,0.0,0.0,0.0,28.8,3.81,7.6,194,71,9140.0,0,0.041,2310.0,365.0,0,0.0,2,0,0.0,-1,-1,-1,-1,0.0,0.0
2026-07-02T19:00,0.0,0.0,0.0,0.0,28.0,3.06,6.7,186,70,9140.0,0,0.041,2330.0,320.0,0,0.0,2,0,0.0,-1,-1,-1,-1,0.0,0.0
2026-07-02T20:00,0.0,0.0,0.0,0.0,27.4,2.96,5.4,176,91,9140.0,0,0.041,2290.0,275.0,0,0.0,3,0,0.0,-1,-1,-1,-1,0.0,0.0
2026-07-02T21:00,0.0,0.0,0.0,0.0,26.8,3.6,6.3,190,94,8120.0,1,0.041,2200.0,285.0,0,0.0,3,0,0.0,-1,-1,-1,-1,0.0,0.0
2026-07-02T22:00,0.0,0.0,0.0,0.0,27.0,3.57,6.5,191,45,8100.0,1,0.041,2100.0,315.0,0,0.0,1,0,0.0,-1,-1,-1,-1,0.0,0.0
2026-07-02T23:00,0.0,0.0,0.0,0.0,28.2,3.7,7.1,193,84,8100.0,1,0.041,2260.0,330.0,0,0.0,3,0,0.0,-1,-1,-1,-1,0.0,0.0
2026-07-03T00:00,0.0,0.0,0.0,0.0,29.8,4.05,8.4,196,66,9140.0,1,0.047,2320.0,395.0,0,0.0,2,0,0.0,-1,-1,-1,-1,0.0,0.0
2026-07-03T01:00,0.0,0.0,0.0,0.0,31.3,4.49,9.3,199,59,10180.0,1,0.047,2610.0,525.0,0,0.0,2,0,0.0,-1,-1,-1,-1,0.0,0.0
2026-07-03T02:00,0.0,0.0,0.0,0.0,32.8,4.5,9.7,204,79,10180.0,1,0.047,2840.0,635.0,0,0.0,2,0,0.0,-1,-1,-1,-1,0.0,0.0
2026-07-03T03:00,0.0,0.0,0.0,0.0,34.3,4.12,9.6,204,67,11920.0,1,0.047,3040.0,765.0,0,0.0,2,0,0.0,-1,-1,-1,-1,0.0,0.0
2026-07-03T04:00,0.0,0.0,0.0,0.0,35.5,3.94,9.1,198,32,11920.0,1,0.047,3140.0,985.0,0,0.0,1,0,0.0,-1,-1,-1,-1,0.0,0.0
2026-07-03T05:00,0.0,0.0,0.0,0.0,36.2,4.3,9.4,192,29,11920.0,1,0.047,3270.0,1085.0,0,0.0,1,0,0.0,-1,-1,-1,-1,0.0,0.0
2026-07-03T06:00,0.0,0.0,0.0,0.0,37.0,4.53,10.3,191,10,11920.0,1,0.064,3360.0,1240.0,0,0.0,0,0,0.0,-1,-1,-1,-1,0.0,0.0
2026-07-03T07:00,0.0,0.0,0.0,0.0,36.3,4.6,10.7,189,33,11920.0,1,0.064,2990.0,1030.0,0,0.0,1,0,0.0,-1,-1,-1,-1,0.0,0.0
2026-07-03T08:00,0.0,0.0,0.0,0.0,35.8,4.4,9.7,197,59,11920.0,1,0.064,2760.0,1000.0,0,0.0,2,0,0.0,-1,-1,-1,-1,0.0,0.0
2026-07-03T09:00,0.0,0.0,0.0,0.0,35.4,4.63,9.2,200,77,11920.0,1,0.064,2670.0,1045.0,0,0.0,2,0,0.0,-1,-1,-1,-1,0.0,0.0
2026-07-03T10:00,0.0,0.0,0.0,0.0,34.9,3.89,9.2,206,37,11920.0,1,0.064,2360.0,1070.0,0,0.0,1,0,0.0,-1,-1,-1,-1,0.0,0.0
2026-07-03T11:00,0.0,0.0,0.0,0.0,33.6,4.5,8.1,188,8,11920.0,1,0.064,2180.0,650.0,0,0.0,0,0,0.0,-1,-1,-1,-1,0.0,0.0
2026-07-03T12:00,0.0,0.0,0.0,0.0,33.2,5.5,9.1,188,34,13440.0,0,0.031,890.0,655.0,0,0.0,1,0,0.0,-1,-1,-1,-1,0.0,0.0
2026-07-03T13:00,0.0,0.0,0.0,0.0,32.2,5.54,10.0,187,25,11920.0,0,0.031,760.0,630.0,0,0.0,1,0,0.0,-1,-1,-1,-1,0.0,0.0
2026-07-03T14:00,0.0,0.0,0.0,0.0,31.3,6.18,11.3,192,29,11920.0,0,0.031,310.0,615.0,0,0.0,1,0,0.0,-1,-1,-1,-1,0.0,0.0
2026-07-03T15:00,0.0,0.0,0.0,0.0,30.5,5.83,11.4,198,33,11920.0,0,0.031,190.0,550.0,0,0.0,1,0,0.0,-1,-1,-1,-1,0.0,0.0
2026-07-03T16:00,0.0,0.0,0.0,0.0,29.5,5.62,10.6,196,80,11920.0,0,0.031,130.0,500.0,0,0.0,3,0,0.0,-1,-1,-1,-1,0.0,0.0
2026-07-03T17:00,0.0,0.0,0.0,0.0,28.7,5.78,10.5,192,92,11920.0,0,0.031,150.0,495.0,0,0.0,3,0,0.0,-1,-1,-1,-1,0.0,0.0
2026-07-03T18:00,0.0,0.0,0.0,0.0,28.6,5.75,10.6,193,95,10160.0,0,0.045,1010.0,535.0,0,0.0,3,0,0.0,-1,-1,-1,-1,0.0,0.0
2026-07-03T19:00,0.0,0.0,0.0,0.0,28.2,5.87,10.7,192,94,10160.0,0,0.045,1040.0,535.0,0,0.0,3,0,0.0,-1,-1,-1,-1,0.0,0.0
2026-07-03T20:00,0.0,0.0,0.0,0.0,27.6,5.93,10.8,192,97,9140.0,0,0.045,1120.0,500.0,0,0.0,3,0,0.0,-1,-1,-1,-1,0.0,0.0
2026-07-03T21:00,0.0,0.0,0.0,0.0,27.0,5.66,10.8,194,92,9140.0,0,0.045,1000.0,470.0,0,0.0,3,0,0.0,-1,-1,-1,-1,0.0,0.0
2026-07-03T22:00,0.0,0.0,0.0,0.0,26.9,5.21,10.3,196,88,9140.0,1,0.045,870.0,470.0,0,0.0,3,0,0.0,-1,-1,-1,-1,0.0,0.0
2026-07-03T23:00,0.0,0.0,0.0,0.0,27.4,4.89,9.7,196,95,9140.0,1,0.045,810.0,470.0,0,0.0,3,0,0.0,-1,-1,-1,-1,0.0,0.0
2026-07-04T00:00,0.0,0.0,0.0,0.0,28.2,5.29,10.4,195,98,9140.0,1,0.054,1100.0,495.0,0,0.0,3,0,0.0,-1,-1,-1,-1,0.0,0.0
2026-07-04T01:00,0.0,0.0,0.0,0.0,29.6,5.32,10.8,195,93,9140.0,1,0.054,1690.0,525.0,0,0.0,3,0,0.0,-1,-1,-1,-1,0.0,0.0
2026-07-04T02:00,0.0,0.0,0.0,0.0,31.3,5.04,10.8,191,83,10160.0,1,0.054,2350.0,585.0,0,0.0,3,0,0.0,-1,-1,-1,-1,0.0,0.0
2026-07-04T03:00,0.0,0.0,0.0,0.0,33.2,5.0,10.6,194,91,10160.0,1,0.054,2830.0,660.0,0,0.0,3,0,0.0,-1,-1,-1,-1,0.0,0.0
2026-07-04T04:00,0.0,0.0,0.0,0.0,34.7,5.01,10.7,192,98,11920.0,1,0.054,3080.0,725.0,0,0.0,3,0,0.0,-1,-1,-1,-1,0.0,0.0
2026-07-04T05:00,0.0,0.0,0.0,0.0,35.8,5.26,11.1,189,91,11920.0,1,0.054,3190.0,780.0,0,0.0,3,0,0.0,-1,-1,-1,-1,0.0,0.0
2026-07-04T06:00,0.0,0.0,0.0,0.0,36.9,5.03,11.2,193,13,11920.0,1,0.069,3570.0,935.0,0,0.0,0,0,0.0,-1,-1,-1,-1,0.0,0.0
2026-07-04T07:00,0.0,0.0,0.0,0.0,36.8,5.37,11.0,195,77,11920.0,1,0.069,3200.0,995.0,0,0.0,2,0,0.0,-1,-1,-1,-1,0.0,0.0
2026-07-04T08:00,0.0,0.0,0.0,0.0,36.4,4.71,11.0,211,77,11920.0,1,0.069,3150.0,1325.0,0,0.0,2,0,0.0,-1,-1,-1,-1,0.0,0.0
2026-07-04T09:00,0.4,1.0,0.0,0.0,32.9,2.11,9.3,329,97,10160.0,1,0.073,3230.0,270.0,0,0.0,95,1,0.0,42,0,1,68,0.0,0.6
2026-07-04T10:00,0.0,0.0,0.0,0.0,33.1,2.8,5.2,254,93,10160.0,1,0.073,3210.0,560.0,0,0.0,3,0,0.0,-1,-1,-1,-1,0.0,0.0
2026-07-04T11:00,0.0,0.0,0.0,0.0,31.1,2.78,6.3,194,91,8960.0,1,0.073,3110.0,245.0,0,0.0,3,0,0.0,-1,-1,-1,-1,0.0,0.0
2026-07-04T12:00,0.0,0.0,0.0,0.0,26.1,4.45,7.6,181,99,5840.0,0,0.056,1690.0,150.0,0,0.0,3,0,0.0,-1,-1,-1,-1,0.0,0.0
2026-07-04T13:00,0.0,0.0,0.0,0.0,27.5,4.7,8.6,171,99,9140.0,0,0.056,1840.0,215.0,0,0.0,3,0,0.0,-1,-1,-1,-1,0.0,0.0
2026-07-04T14:00,0.0,0.0,0.0,0.0,28.2,4.33,8.3,166,79,9140.0,0,0.056,1770.0,220.0,0,0.0,2,0,0.0,-1,-1,-1,-1,0.0,0.0
2026-07-04T15:00,0.0,0.0,0.0,0.0,27.8,4.02,7.7,169,31,9140.0,0,0.056,2050.0,265.0,0,0.0,1,0,0.0,-1,-1,-1,-1,0.0,0.0
2026-07-04T16:00,0.0,0.0,0.0,0.0,27.6,3.36,7.3,175,63,9140.0,0,0.056,2240.0,300.0,0,0.0,2,0,0.0,-1,-1,-1,-1,0.0,0.0
2026-07-04T17:00,0.0,0.0,0.0,0.0,27.4,2.02,5.9,228,18,9140.0,0,0.056,2240.0,310.0,0,0.0,0,0,0.0,-1,-1,-1,-1,0.0,0.0
2026-07-04T18:00,0.0,0.0,0.0,0.0,28.1,2.48,4.8,318,20,7460.0,0,0.056,1860.0,190.0,0,0.0,1,0,0.0,-1,-1,-1,-1,0.0,0.0
2026-07-04T19:00,0.0,0.0,0.0,0.0,27.3,1.38,4.4,289,51,9140.0,0,0.057,1630.0,100.0,0,0.0,2,0,0.0,-1,-1,-1,-1,0.0,0.0
2026-07-04T20:00,0.0,0.0,0.0,0.0,27.0,2.98,5.9,284,92,9140.0,0,0.057,1180.0,275.0,0,0.0,3,0,0.0,-1,-1,-1,-1,0.0,0.0
2026-07-04T21:00,0.0,0.0,0.0,0.0,25.8,1.09,5.2,286,100,9140.0,0,0.057,630.0,120.0,0,0.0,3,0,0.0,-1,-1,-1,-1,0.0,0.0
2026-07-04T22:00,0.0,0.0,0.0,0.0,26.1,0.98,2.0,114,100,9140.0,1,0.057,520.0,55.0,0,0.0,3,0,0.0,-1,-1,-1,-1,0.0,0.0
2026-07-04T23:00,0.0,0.0,0.0,0.0,27.2,1.8,3.8,283,52,9140.0,1,0.057,630.0,225.0,0,0.0,2,0,0.0,-1,-1,-1,-1,0.0,0.0
2026-07-05T00:00,0.0,0.0,0.0,0.0,28.7,1.88,3.8,331,96,9140.0,1,0.056,1660.0,545.0,0,0.0,3,0,0.0,-1,-1,-1,-1,0.0,0.0
2026-07-05T01:00,0.0,0.0,0.0,0.0,29.6,2.16,5.7,353,91,9140.0,1,0.056,1800.0,545.0,0,0.0,3,0,0.0,-1,-1,-1,-1,0.0,0.0
2026-07-05T02:00,0.0,0.0,0.0,0.0,31.4,1.27,5.6,11,82,10160.0,1,0.056,2010.0,605.0,0,0.0,3,0,0.0,-1,-1,-1,-1,0.0,0.0
2026-07-05T03:00,0.0,0.0,0.0,0.0,33.6,1.35,4.8,51,25,11920.0,1,0.056,1900.0,1070.0,0,0.0,1,0,0.0,-1,-1,-1,-1,0.0,0.0
2026-07-05T04:00,0.0,0.0,0.0,0.0,34.8,2.28,6.3,71,15,11920.0,1,0.056,1900.0,1595.0,0,0.0,0,0,0.0,-1,-1,-1,-1,0.0,0.0
2026-07-05T05:00,0.0,0.0,0.0,0.0,33.8,3.05,7.6,49,76,11920.0,1,0.056,1580.0,1020.0,0,0.0,2,0,0.0,-1,-1,-1,-1,0.0,0.0
2026-07-05T06:00,0.0,0.0,0.0,0.0,31.8,3.05,7.9,50,66,4600.0,1,0.066,1730.0,605.0,0,0.0,2,0,0.0,-1,-1,-1,-1,0.0,0.0
2026-07-05T07:00,0.1,0.0,0.0,0.0,32.6,2.02,6.7,70,78,11920.0,1,0.067,2220.0,1000.0,0,0.0,51,0,0.1,-1,-1,-1,-1,0.0,0.0
2026-07-05T08:00,0.0,0.0,0.0,0.0,33.2,2.49,6.0,15,73,11920.0,1,0.067,2100.0,1345.0,0,0.0,2,0,0.0,-1,-1,-1,-1,0.0,0.0
2026-07-05T09:00,0.1,0.0,0.0,0.0,31.8,1.97,6.2,66,80,10300.0,1,0.067,1830.0,840.0,0,0.0,51,0,0.1,-1,-1,-1,-1,0.0,0.0
2026-07-05T10:00,0.0,0.0,0.0,0.0,31.8,0.96,4.6,28,51,10160.0,1,0.067,2010.0,1120.0,0,0.0,2,0,0.0,-1,-1,-1,-1,0.0,0.0
2026-07-05T11:00,0.0,0.0,0.0,0.0,31.1,1.81,3.8,24,27,7240.0,1,0.068,1900.0,1110.0,0,0.0,1,0,0.0,-1,-1,-1,-1,0.0,0.0
2026-07-05T12:00,0.0,0.0,0.0,0.0,29.1,0.94,3.7,335,99,10160.0,0,0.078,1900.0,155.0,0,0.0,3,0,0.0,-1,-1,-1,-1,0.0,0.0
2026-07-05T13:00,0.0,0.0,0.0,0.0,28.4,1.7,2.9,310,95,9140.0,0,0.078,1960.0,130.0,0,0.0,3,0,0.0,-1,-1,-1,-1,0.0,0.0
2026-07-05T14:00,0.0,0.0,0.0,0.0,27.1,3.79,7.1,348,82,9140.0,0,0.078,1650.0,470.0,0,0.0,3,0,0.0,-1,-1,-1,-1,0.0,0.0
2026-07-05T15:00,0.0,0.0,0.0,0.0,26.4,2.05,7.2,315,34,9140.0,0,0.078,1540.0,300.0,0,0.0,1,0,0.0,-1,-1,-1,-1,0.0,0.0
2026-07-05T16:00,0.0,0.0,0.0,0.0,25.7,0.86,3.7,353,15,8100.0,0,0.078,1570.0,250.0,0,0.0,0,0,0.0,-1,-1,-1,-1,0.0,0.0
2026-07-05T17:00,0.0,0.0,0.0,0.0,25.0,2.28,4.3,26,1,8100.0,0,0.078,1850.0,220.0,0,0.0,0,0,0.0,-1,-1,-1,-1,0.0,0.0
2026-07-05T18:00,0.0,0.0,0.0,0.0,24.1,1.19,4.5,62,0,8100.0,0,0.049,1490.0,140.0,0,0.0,0,0,0.0,-1,-1,-1,-1,0.0,0.0
2026-07-05T19:00,0.0,0.0,0.0,0.0,23.5,0.99,2.2,131,2,8100.0,0,0.049,1450.0,185.0,0,0.0,0,0,0.0,-1,-1,-1,-1,0.0,0.0
2026-07-05T20:00,0.0,0.0,0.0,0.0,23.2,0.54,1.8,158,0,8060.0,0,0.049,1340.0,95.0,0,0.0,0,0,0.0,-1,-1,-1,-1,0.0,0.0
2026-07-05T21:00,0.0,0.0,0.0,0.0,23.1,1.39,2.4,201,0,6980.0,0,0.049,1280.0,120.0,0,0.0,0,0,0.0,-1,-1,-1,-1,0.0,0.0
2026-07-05T22:00,0.0,0.0,0.0,0.0,23.7,1.8,3.1,214,0,6980.0,1,0.049,1390.0,125.0,0,0.0,0,0,0.0,-1,-1,-1,-1,0.0,0.0
2026-07-05T23:00,0.0,0.0,0.0,0.0,25.3,1.4,3.6,268,0,8100.0,1,0.049,1590.0,150.0,0,0.0,0,0,0.0,-1,-1,-1,-1,0.0,0.0
2026-07-06T00:00,0.0,0.0,0.0,0.0,27.4,0.92,4.5,248,0,9140.0,1,0.072,1360.0,340.0,0,0.0,0,0,0.0,-1,-1,-1,-1,0.0,0.0
2026-07-06T01:00,0.0,0.0,0.0,0.0,29.3,0.83,3.7,245,0,10160.0,1,0.072,1270.0,805.0,0,0.0,0,0,0.0,-1,-1,-1,-1,0.0,0.0
2026-07-06T02:00,0.0,0.0,0.0,0.0,30.8,1.1,4.3,223,0,11920.0,1,0.072,1150.0,1105.0,0,0.0,0,0,0.0,-1,-1,-1,-1,0.0,0.0
2026-07-06T03:00,0.0,0.0,0.0,0.0,32.0,1.58,5.2,215,0,11920.0,1,0.072,1250.0,1240.0,0,0.0,0,0,0.0,-1,-1,-1,-1,0.0,0.0
2026-07-06T04:00,0.0,0.0,0.0,0.0,33.1,2.17,6.2,209,6,11920.0,1,0.072,1360.0,1325.0,0,0.0,0,0,0.0,-1,-1,-1,-1,0.0,0.0
2026-07-06T05:00,0.0,0.0,0.0,0.0,33.7,2.46,6.6,207,9,11920.0,1,0.072,1590.0,1370.0,0,0.0,0,0,0.0,-1,-1,-1,-1,0.0,0.0
2026-07-06T06:00,0.0,0.0,0.0,0.0,34.6,2.87,6.8,193,14,13420.0,1,0.086,1060.0,1555.0,0,0.0,0,0,0.0,-1,-1,-1,-1,0.0,0.0
2026-07-06T07:00,0.0,0.0,0.0,0.0,34.1,2.96,7.3,196,45,7000.0,1,0.086,1080.0,1610.0,0,0.0,1,0,0.0,-1,-1,-1,-1,0.0,0.0
2026-07-06T08:00,0.2,0.0,0.0,0.0,33.7,2.28,7.1,209,34,9980.0,1,0.087,1170.0,1360.0,0,0.0,51,0,0.2,-1,-1,-1,-1,0.0,0.0
2026-07-06T09:00,0.0,0.0,0.0,0.0,33.5,2.55,5.6,200,34,13420.0,1,0.087,1130.0,1580.0,0,0.0,1,0,0.0,-1,-1,-1,-1,0.0,0.0
2026-07-06T10:00,0.0,0.0,0.0,0.0,32.8,2.3,5.6,184,22,11920.0,1,0.087,1310.0,1340.0,0,0.0,1,0,0.0,-1,-1,-1,-1,0.0,0.0
2026-07-06T11:00,0.0,0.0,0.0,0.0,31.7,1.97,4.9,173,4,11920.0,1,0.087,1880.0,830.0,0,0.0,0,0,0.0,-1,-1,-1,-1,0.0,0.0
2026-07-06T12:00,0.0,0.0,0.0,0.0,31.6,1.47,3.9,170,13,11920.0,0,0.081,2260.0,195.0,0,0.0,0,0,0.0,-1,-1,-1,-1,0.0,0.0
2026-07-06T13:00,0.0,0.0,0.0,0.0,30.6,1.61,2.8,173,13,10160.0,0,0.081,2840.0,130.0,0,0.0,0,0,0.0,-1,-1,-1,-1,0.0,0.0
2026-07-06T14:00,0.0,0.0,0.0,0.0,29.4,2.15,3.9,168,2,9140.0,0,0.081,2940.0,180.0,0,0.0,0,0,0.0,-1,-1,-1,-1,0.0,0.0
2026-07-06T15:00,0.0,0.0,0.0,0.0,28.2,2.69,4.6,170,0,8080.0,0,0.081,2840.0,205.0,0,0.0,0,0,0.0,-1,-1,-1,-1,0.0,0.0
2026-07-06T16:00,0.0,0.0,0.0,0.0,27.3,3.45,6.4,180,0,8080.0,0,0.081,2660.0,355.0,0,0.0,0,0,0.0,-1,-1,-1,-1,0.0,0.0
2026-07-06T17:00,0.0,0.0,0.0,0.0,26.8,2.77,6.3,200,0,8100.0,0,0.081,2760.0,315.0,0,0.0,0,0,0.0,-1,-1,-1,-1,0.0,0.0
2026-07-06T18:00,0.0,0.0,0.0,0.0,26.0,3.54,4.9,59,0,6660.0,0,0.061,2790.0,280.0,0,0.0,0,0,0.0,-1,-1,-1,-1,0.0,0.0
2026-07-06T19:00,0.0,0.0,0.0,0.0,25.2,2.34,8.2,164,48,5320.0,0,0.061,2540.0,155.0,0,0.0,1,0,0.0,-1,-1,-1,-1,0.0,0.0
2026-07-06T20:00,0.1,0.0,0.0,0.0,25.0,3.06,6.5,176,2,4180.0,0,0.063,2330.0,340.0,0,0.0,51,0,0.1,-1,-1,-1,-1,0.0,0.0
2026-07-06T21:00,0.0,0.0,0.0,0.0,24.3,2.47,5.8,194,0,5840.0,0,0.063,2250.0,280.0,0,0.0,0,0,0.0,-1,-1,-1,-1,0.0,0.0
2026-07-06T22:00,0.0,0.0,0.0,0.0,24.4,2.11,4.4,184,0,5920.0,1,0.063,2230.0,245.0,0,0.0,0,0,0.0,-1,-1,-1,-1,0.0,0.0
2026-07-06T23:00,0.0,0.0,0.0,0.0,25.5,2.7,5.6,180,0,6980.0,1,0.063,2200.0,305.0,0,0.0,0,0,0.0,-1,-1,-1,-1,0.0,0.0
2026-07-07T00:00,0.0,0.0,0.0,0.0,27.3,3.28,7.7,192,15,8080.0,1,0.073,2300.0,465.0,0,0.0,0,0,0.0,-1,-1,-1,-1,0.0,0.0
2026-07-07T01:00,0.0,0.0,0.0,0.0,28.9,3.36,7.6,191,24,9120.0,1,0.073,2430.0,690.0,0,0.0,1,0,0.0,-1,-1,-1,-1,0.0,0.0
2026-07-07T02:00,0.0,0.0,0.0,0.0,30.6,3.03,7.7,193,30,9120.0,1,0.073,2410.0,940.0,0,0.0,1,0,0.0,-1,-1,-1,-1,0.0,0.0
2026-07-07T03:00,0.0,0.0,0.0,0.0,31.7,2.8,7.3,191,20,10160.0,1,0.073,2440.0,1060.0,0,0.0,1,0,0.0,-1,-1,-1,-1,0.0,0.0
2026-07-07T04:00,0.0,0.0,0.0,0.0,32.5,3.1,7.6,180,43,8980.0,1,0.073,2310.0,1265.0,0,0.0,1,0,0.0,-1,-1,-1,-1,0.0,0.0
2026-07-07T05:00,0.2,0.5,0.0,0.0,32.2,2.95,7.6,179,28,4780.0,1,0.075,2320.0,1185.0,0,0.0,51,0,0.1,-1,-1,-1,-1,0.0,0.0
2026-07-07T06:00,0.4,0.5,0.0,0.0,33.0,2.04,7.4,197,49,4940.0,1,0.084,2380.0,1255.0,0,0.0,95,1,0.2,43,0,1,7,0.0,0.3
2026-07-07T07:00,0.1,0.0,0.0,0.0,33.2,1.76,5.8,215,65,10160.0,1,0.085,2470.0,1260.0,0,0.0,51,0,0.1,-1,-1,-1,-1,0.0,0.0
2026-07-07T08:00,0.0,0.0,0.0,0.0,33.0,1.36,5.4,188,38,10160.0,1,0.085,2230.0,1280.0,0,0.0,1,0,0.0,-1,-1,-1,-1,0.0,0.0
2026-07-07T09:00,0.0,0.0,0.0,0.0,32.6,1.24,4.4,166,63,6420.0,1,0.085,2300.0,1255.0,0,0.0,2,0,0.0,-1,-1,-1,-1,0.0,0.0
2026-07-07T10:00,0.0,0.0,0.0,0.0,32.0,2.06,4.7,151,55,10160.0,1,0.085,2390.0,955.0,0,0.0,2,0,0.0,-1,-1,-1,-1,0.0,0.0
2026-07-07T11:00,0.0,0.0,0.0,0.0,31.4,1.9,4.5,153,16,10160.0,1,0.085,2520.0,665.0,0,0.0,0,0,0.0,-1,-1,-1,-1,0.0,0.0
2026-07-07T12:00,0.0,0.0,0.0,0.0,31.1,3.54,3.8,113,33,11920.0,0,0.088,1440.0,585.0,0,0.0,1,0,0.0,-1,-1,-1,-1,0.0,0.0
2026-07-07T13:00,0.0,0.0,0.0,0.0,28.8,4.32,8.1,80,10,10160.0,0,0.088,1850.0,345.0,0,0.0,0,0,0.0,-1,-1,-1,-1,0.0,0.0
2026-07-07T14:00,2.2,1.0,0.0,0.0,24.1,4.95,10.6,46,100,1800.0,0,0.116,1220.0,410.0,0,0.183,96,1,0.0,44,0,4,25,0.741,0.798
2026-07-07T15:00,4.8,0.563,0.0,0.0,23.5,5.51,8.5,149,99,1540.0,0,0.181,990.0,225.0,0,0.4703,81,1,2.1,44,1,3,25,0.741,0.536
2026-07-07T16:00,2.1,0.0,0.0,0.0,23.7,1.7,8.5,92,100,2340.0,0,0.209,1310.0,215.0,0,0.1801,80,1,2.1,44,2,2,25,0.741,0.198
2026-07-07T17:00,0.5,0.0,0.0,0.0,23.8,0.82,2.9,76,94,3420.0,0,0.216,1290.0,85.0,0,0.0,53,1,0.5,44,3,1,25,0.741,0.198
2026-07-07T18:00,0.0,0.0,0.0,0.0,23.2,0.25,1.5,37,33,3100.0,0,0.207,1670.0,30.0,0,0.0,1,0,0.0,-1,-1,-1,-1,0.0,0.0
2026-07-07T19:00,0.0,0.0,0.0,0.0,23.0,0.86,1.3,234,0,3120.0,0,0.207,1620.0,105.0,0,0.0,0,0,0.0,-1,-1,-1,-1,0.0,0.0
2026-07-07T20:00,0.0,0.0,0.0,0.0,22.9,0.92,1.8,292,0,3120.0,0,0.207,1560.0,115.0,0,0.0,0,0,0.0,-1,-1,-1,-1,0.0,0.0
2026-07-07T21:00,0.0,0.0,0.0,0.0,22.8,0.22,1.7,297,1,3120.0,0,0.207,1840.0,35.0,0,0.0,0,0,0.0,-1,-1,-1,-1,0.0,0.0
2026-07-07T22:00,0.0,0.0,0.0,0.0,23.1,0.21,0.9,194,3,3120.0,1,0.207,1940.0,40.0,0,0.0,0,0,0.0,-1,-1,-1,-1,0.0,0.0
2026-07-07T23:00,0.0,0.0,0.0,0.0,24.0,0.72,2.7,168,1,4760.0,1,0.206,1940.0,230.0,0,0.0,0,0,0.0,-1,-1,-1,-1,0.0,0.0
2026-07-08T00:00,0.0,0.0,0.0,0.0,25.7,1.77,3.5,196,29,8080.0,1,0.081,1570.0,535.0,0,0.0,1,0,0.0,-1,-1,-1,-1,0.0,0.0
2026-07-08T01:00,0.0,0.0,0.0,0.0,27.4,2.17,5.7,209,99,8080.0,1,0.081,1440.0,770.0,0,0.0,3,0,0.0,-1,-1,-1,-1,0.0,0.0
2026-07-08T02:00,0.0,0.0,0.0,0.0,28.4,2.25,6.0,201,73,9120.0,1,0.081,1260.0,865.0,0,0.0,2,0,0.0,-1,-1,-1,-1,0.0,0.0
2026-07-08T03:00,0.0,0.0,0.0,0.0,29.4,2.03,5.9,190,73,9120.0,1,0.081,1550.0,890.0,0,0.0,2,0,0.0,-1,-1,-1,-1,0.0,0.0
2026-07-08T04:00,0.0,0.0,0.0,0.0,30.5,2.08,6.0,170,63,9120.0,1,0.081,1770.0,790.0,0,0.0,2,0,0.0,-1,-1,-1,-1,0.0,0.0
2026-07-08T05:00,0.0,0.0,0.0,0.0,31.9,2.36,6.5,174,76,10160.0,1,0.081,2160.0,820.0,0,0.0,2,0,0.0,-1,-1,-1,-1,0.0,0.0
2026-07-08T06:00,0.0,0.0,0.0,0.0,33.0,2.72,7.2,173,31,10160.0,1,0.095,2480.0,970.0,0,0.0,1,0,0.0,-1,-1,-1,-1,0.0,0.0
2026-07-08T07:00,0.0,0.0,0.0,0.0,33.1,2.85,7.1,177,81,10160.0,1,0.094,2750.0,990.0,0,0.0,3,0,0.0,-1,-1,-1,-1,0.0,0.0
2026-07-08T08:00,0.0,0.0,0.0,0.0,33.3,3.16,7.3,176,16,10160.0,1,0.093,2810.0,1010.0,0,0.0,0,0,0.0,-1,-1,-1,-1,0.0,0.0
2026-07-08T09:00,0.0,0.0,0.0,0.0,33.2,2.77,7.3,174,54,10160.0,1,0.092,2880.0,975.0,0,0.0,2,0,0.0,-1,-1,-1,-1,0.0,0.0
2026-07-08T10:00,0.0,0.0,0.0,0.0,32.8,2.27,6.1,158,34,10160.0,1,0.091,3130.0,845.0,0,0.0,1,0,0.0,-1,-1,-1,-1,0.0,0.0
2026-07-08T11:00,0.0,0.0,0.0,0.0,32.0,1.24,4.7,140,5,9120.0,1,0.091,3520.0,465.0,0,0.0,0,0,0.0,-1,-1,-1,-1,0.0,0.0
2026-07-08T12:00,0.0,0.0,0.0,0.0,29.6,2.02,2.3,132,11,9120.0,0,0.074,4060.0,120.0,0,0.0,0,0,0.0,-1,-1,-1,-1,0.0,0.0
2026-07-08T13:00,0.0,0.0,0.0,0.0,30.2,0.75,3.9,184,3,9120.0,0,0.074,2910.0,50.0,0,0.0,0,0,0.0,-1,-1,-1,-1,0.0,0.0
2026-07-08T14:00,0.0,0.0,0.0,0.0,29.8,0.85,1.1,111,1,9120.0,0,0.074,3280.0,40.0,0,0.0,0,0,0.0,-1,-1,-1,-1,0.0,0.0
2026-07-08T15:00,0.0,0.0,0.0,0.0,29.4,2.87,4.6,151,2,8080.0,0,0.074,3830.0,260.0,0,0.0,0,0,0.0,-1,-1,-1,-1,0.0,0.0
2026-07-08T16:00,0.0,0.0,0.0,0.0,27.3,4.83,9.5,154,9,7960.0,0,0.074,4050.0,310.0,0,0.0,0,0,0.0,-1,-1,-1,-1,0.0,0.0
2026-07-08T17:00,0.0,0.0,0.0,0.0,26.2,3.86,9.0,176,44,8080.0,0,0.074,3960.0,215.0,0,0.0,1,0,0.0,-1,-1,-1,-1,0.0,0.0
2026-07-08T18:00,0.0,0.0,0.0,0.0,27.8,4.9,6.4,198,25,7860.0,0,0.075,3560.0,355.0,0,0.0,1,0,0.0,-1,-1,-1,-1,0.0,0.0
2026-07-08T19:00,0.8,1.0,0.0,0.0,25.7,3.72,8.7,112,61,6400.0,0,0.084,2770.0,270.0,0,0.0,96,1,0.0,45,0,4,21,1.211,0.923
2026-07-08T20:00,4.5,0.933,0.0,0.0,23.3,2.86,13.2,57,94,2560.0,0,0.145,2470.0,100.0,0,0.875,96,1,0.3,45,1,3,21,1.211,0.883
2026-07-08T21:00,0.6,0.0,0.0,0.0,24.2,3.72,6.4,175,9,2300.0,0,0.153,2200.0,265.0,0,0.0,53,1,0.6,45,2,2,21,1.211,0.323
2026-07-08T22:00,0.5,0.0,0.0,0.0,24.4,3.24,6.7,160,13,3940.0,1,0.159,2040.0,195.0,0,0.0,53,1,0.5,45,3,1,21,1.211,0.323
2026-07-08T23:00,0.0,0.0,0.0,0.0,25.8,2.43,5.6,189,14,5800.0,1,0.159,2600.0,185.0,0,0.0,0,0,0.0,-1,-1,-1,-1,0.0,0.0
2026-07-09T00:00,0.0,0.0,0.0,0.0,27.3,2.71,5.6,155,13,8080.0,1,0.093,1840.0,380.0,0,0.0,0,0,0.0,-1,-1,-1,-1,0.0,0.0
2026-07-09T01:00,0.0,0.0,0.0,0.0,29.0,2.73,6.7,152,24,8080.0,1,0.093,1880.0,480.0,0,0.0,1,0,0.0,-1,-1,-1,-1,0.0,0.0
2026-07-09T02:00,0.0,0.0,0.0,0.0,30.9,2.93,7.2,157,3,9120.0,1,0.092,2510.0,660.0,0,0.0,0,0,0.0,-1,-1,-1,-1,0.0,0.0
2026-07-09T03:00,0.0,0.0,0.0,0.0,32.6,2.83,7.5,163,52,9120.0,1,0.091,2840.0,880.0,0,0.0,2,0,0.0,-1,-1,-1,-1,0.0,0.0
2026-07-09T04:00,0.0,0.0,0.0,0.0,34.0,2.4,7.1,181,39,10160.0,1,0.09,3050.0,1020.0,0,0.0,1,0,0.0,-1,-1,-1,-1,0.0,0.0
2026-07-09T05:00,0.0,0.0,0.0,0.0,35.1,2.77,7.0,187,66,10140.0,1,0.089,3190.0,1150.0,0,0.0,2,0,0.0,-1,-1,-1,-1,0.0,0.0
2026-07-09T06:00,0.0,0.0,0.0,0.0,35.8,3.07,7.5,202,72,11920.0,1,0.089,2830.0,1590.0,0,0.0,2,0,0.0,-1,-1,-1,-1,0.0,0.0
2026-07-09T07:00,0.0,0.0,0.0,0.0,36.3,2.82,7.3,217,74,11920.0,1,0.089,2410.0,1665.0,0,0.0,2,0,0.0,-1,-1,-1,-1,0.0,0.0
2026-07-09T08:00,0.0,0.0,0.0,0.0,35.9,2.63,6.6,201,42,8200.0,1,0.088,2860.0,1385.0,0,0.0,1,0,0.0,-1,-1,-1,-1,0.0,0.0
2026-07-09T09:00,0.0,0.0,0.0,0.0,35.3,2.72,6.8,187,31,7720.0,1,0.088,3230.0,1075.0,0,0.0,1,0,0.0,-1,-1,-1,-1,0.0,0.0
2026-07-09T10:00,0.0,0.0,0.0,0.0,35.0,2.25,6.0,179,55,10140.0,1,0.087,3480.0,990.0,0,0.0,2,0,0.0,-1,-1,-1,-1,0.0,0.0
2026-07-09T11:00,0.0,0.0,0.0,0.0,34.4,1.96,4.8,165,74,10140.0,1,0.087,3720.0,705.0,0,0.0,2,0,0.0,-1,-1,-1,-1,0.0,0.0
2026-07-09T12:00,0.0,0.0,0.0,0.0,32.2,2.45,3.6,107,95,9120.0,0,0.093,3410.0,320.0,0,0.0,3,0,0.0,-1,-1,-1,-1,0.0,0.0
2026-07-09T13:00,0.0,0.0,0.0,0.0,31.7,2.78,4.9,104,91,9120.0,0,0.093,3380.0,305.0,0,0.0,3,0,0.0,-1,-1,-1,-1,0.0,0.0
2026-07-09T14:00,0.0,0.0,0.0,0.0,31.4,3.37,5.9,139,40,9120.0,0,0.092,3440.0,420.0,0,0.0,1,0,0.0,-1,-1,-1,-1,0.0,0.0
2026-07-09T15:00,0.0,0.0,0.0,0.0,31.4,3.97,7.0,169,11,9120.0,0,0.092,3330.0,445.0,0,0.0,0,0,0.0,-1,-1,-1,-1,0.0,0.0
2026-07-09T16:00,0.0,0.0,0.0,0.0,31.1,4.32,7.7,174,94,9120.0,0,0.092,3140.0,440.0,0,0.0,3,0,0.0,-1,-1,-1,-1,0.0,0.0
2026-07-09T17:00,0.0,0.0,0.0,0.0,30.7,4.45,8.2,180,93,8080.0,0,0.092,2980.0,455.0,0,0.0,3,0,0.0,-1,-1,-1,-1,0.0,0.0
2026-07-09T18:00,0.0,0.0,0.0,0.0,31.3,5.0,8.0,194,12,9120.0,0,0.097,3140.0,595.0,0,0.0,0,0,0.0,-1,-1,-1,-1,0.0,0.0
2026-07-09T19:00,0.0,0.0,0.0,0.0,30.4,3.56,8.9,183,100,8080.0,0,0.097,2900.0,450.0,0,0.0,3,0,0.0,-1,-1,-1,-1,0.0,0.0
2026-07-09T20:00,0.3,1.0,0.0,0.0,26.1,6.9,13.3,42,100,4760.0,0,0.099,2470.0,390.0,0,0.0,95,1,0.0,46,0,1,11,0.0,0.6
2026-07-09T21:00,0.2,1.0,0.0,0.0,26.3,4.18,14.7,118,73,5180.0,0,0.102,2360.0,165.0,0,0.0,51,0,0.0,-1,-1,-1,-1,0.0,0.0
2026-07-09T22:00,0.0,0.0,0.0,0.0,27.7,4.03,7.4,127,45,6940.0,1,0.102,2210.0,220.0,0,0.0,1,0,0.0,-1,-1,-1,-1,0.0,0.0
2026-07-09T23:00,0.0,0.0,0.0,0.0,29.6,3.75,7.1,134,43,8080.0,1,0.101,2490.0,405.0,0,0.0,1,0,0.0,-1,-1,-1,-1,0.0,0.0
2026-07-10T00:00,0.0,0.0,0.0,0.0,31.8,4.47,8.7,162,38,9120.0,1,0.106,2690.0,610.0,0,0.0,1,0,0.0,-1,-1,-1,-1,0.0,0.0
2026-07-10T01:00,0.0,0.0,0.0,0.0,32.8,4.96,10.1,171,51,9120.0,1,0.105,3130.0,755.0,0,0.0,2,0,0.0,-1,-1,-1,-1,0.0,0.0
2026-07-10T02:00,0.0,0.0,0.0,0.0,34.0,4.96,10.4,177,38,7660.0,1,0.104,3270.0,1135.0,0,0.0,1,0,0.0,-1,-1,-1,-1,0.0,0.0
2026-07-10T03:00,0.0,0.0,0.0,0.0,34.9,4.89,10.4,172,59,7500.0,1,0.102,2870.0,1285.0,0,0.0,2,0,0.0,-1,-1,-1,-1,0.0,0.0
2026-07-10T04:00,0.0,0.0,0.0,0.0,35.6,4.77,10.3,170,73,10140.0,1,0.1,2850.0,1345.0,0,0.0,2,0,0.0,-1,-1,-1,-1,0.0,0.0
2026-07-10T05:00,0.0,0.0,0.0,0.0,36.0,4.56,10.2,171,64,10140.0,1,0.099,2810.0,1355.0,0,0.0,2,0,0.0,-1,-1,-1,-1,0.0,0.0
2026-07-10T06:00,0.0,0.0,0.0,0.0,36.3,4.6,10.2,179,57,8240.0,1,0.126,2720.0,1435.0,0,0.0,2,0,0.0,-1,-1,-1,-1,0.0,0.0
2026-07-10T07:00,0.2,1.0,0.0,0.0,35.7,4.11,9.6,185,100,5660.0,1,0.126,2520.0,1370.0,0,0.0,96,0,0.0,-1,-1,-1,-1,0.0,0.0
2026-07-10T08:00,0.6,0.667,0.0,0.0,34.3,4.35,10.0,178,94,10140.0,1,0.13,2810.0,1135.0,0,0.0,96,1,0.2,47,0,1,10,0.0,0.4
2026-07-10T09:00,0.0,0.0,0.0,0.0,33.6,3.99,8.5,160,95,9120.0,1,0.128,2810.0,725.0,0,0.0,3,0,0.0,-1,-1,-1,-1,0.0,0.0
2026-07-10T10:00,0.0,0.0,0.0,0.0,33.0,2.48,7.7,155,94,9120.0,1,0.127,2600.0,530.0,0,0.0,3,0,0.0,-1,-1,-1,-1,0.0,0.0
2026-07-10T11:00,0.0,0.0,0.0,0.0,32.0,1.05,4.8,25,100,7860.0,1,0.126,2860.0,55.0,0,0.0,3,0,0.0,-1,-1,-1,-1,0.0,0.0
2026-07-10T12:00,0.0,0.0,0.0,0.0,32.1,1.56,5.0,83,99,8060.0,0,0.123,3400.0,75.0,0,0.0,3,0,0.0,-1,-1,-1,-1,0.0,0.0
2026-07-10T13:00,0.0,0.0,0.0,0.0,31.7,2.11,3.6,121,100,8060.0,0,0.122,3360.0,135.0,0,0.0,3,0,0.0,-1,-1,-1,-1,0.0,0.0
2026-07-10T14:00,0.0,0.0,0.0,0.0,31.5,3.22,5.3,154,100,9120.0,0,0.122,2430.0,315.0,0,0.0,3,0,0.0,-1,-1,-1,-1,0.0,0.0
2026-07-10T15:00,0.0,0.0,0.0,0.0,31.2,4.46,7.8,171,88,9120.0,0,0.121,2350.0,375.0,0,0.0,3,0,0.0,-1,-1,-1,-1,0.0,0.0
2026-07-10T16:00,0.0,0.0,0.0,0.0,30.7,4.58,8.3,173,78,8060.0,0,0.121,2180.0,450.0,0,0.0,2,0,0.0,-1,-1,-1,-1,0.0,0.0
2026-07-10T17:00,0.0,0.0,0.0,0.0,30.6,4.27,8.0,175,86,8060.0,0,0.12,2310.0,545.0,0,0.0,3,0,0.0,-1,-1,-1,-1,0.0,0.0
2026-07-10T18:00,0.0,0.0,0.0,0.0,28.9,2.69,7.8,204,72,6180.0,0,0.108,2770.0,610.0,0,0.0,2,0,0.0,-1,-1,-1,-1,0.0,0.0
2026-07-10T19:00,0.6,1.0,0.0,0.0,28.6,1.81,5.6,208,84,6940.0,0,0.115,2510.0,335.0,0,0.0,95,1,0.0,48,0,1,11,0.0,0.6
2026-07-10T20:00,0.0,0.0,0.0,0.0,28.7,3.16,5.2,184,55,6800.0,0,0.115,2680.0,420.0,0,0.0,2,0,0.0,-1,-1,-1,-1,0.0,0.0
2026-07-10T21:00,0.0,0.0,0.0,0.0,28.7,3.18,5.4,196,22,6840.0,0,0.115,2230.0,505.0,0,0.0,1,0,0.0,-1,-1,-1,-1,0.0,0.0
2026-07-10T22:00,0.0,0.0,0.0,0.0,29.0,3.0,5.4,191,77,7900.0,1,0.115,1940.0,410.0,0,0.0,2,0,0.0,-1,-1,-1,-1,0.0,0.0
2026-07-10T23:00,0.0,0.0,0.0,0.0,30.1,3.16,5.8,185,83,7860.0,1,0.115,2130.0,550.0,0,0.0,3,0,0.0,-1,-1,-1,-1,0.0,0.0
2026-07-11T00:00,0.0,0.0,0.0,0.0,32.5,2.96,6.8,196,19,9120.0,1,0.125,2720.0,965.0,0,0.0,0,0,0.0,-1,-1,-1,-1,0.0,0.0
2026-07-11T01:00,0.0,0.0,0.0,0.0,33.9,4.26,8.6,193,10,9120.0,1,0.123,2790.0,1135.0,0,0.0,0,0,0.0,-1,-1,-1,-1,0.0,0.0
2026-07-11T02:00,0.0,0.0,0.0,0.0,34.9,5.04,10.8,198,20,9380.0,1,0.121,2770.0,1320.0,0,0.0,1,0,0.0,-1,-1,-1,-1,0.0,0.0
2026-07-11T03:00,0.0,0.0,0.0,0.0,35.7,5.0,11.1,194,22,10140.0,1,0.119,2760.0,1470.0,0,0.0,1,0,0.0,-1,-1,-1,-1,0.0,0.0
2026-07-11T04:00,0.0,0.0,0.0,0.0,36.7,4.96,11.3,189,25,10140.0,1,0.116,2490.0,1665.0,0,0.0,1,0,0.0,-1,-1,-1,-1,0.0,0.0
2026-07-11T05:00,0.0,0.0,0.0,0.0,37.4,5.17,11.5,184,11,11900.0,1,0.113,2420.0,1860.0,0,0.0,0,0,0.0,-1,-1,-1,-1,0.0,0.0
2026-07-11T06:00,0.0,0.0,0.0,0.0,37.4,5.57,11.7,194,55,4680.0,1,0.151,1300.0,1875.0,0,0.0,2,0,0.0,-1,-1,-1,-1,0.0,0.0
2026-07-11T07:00,0.4,0.25,0.0,0.0,36.5,5.75,11.8,187,54,3880.0,1,0.151,1920.0,1555.0,0,0.0,51,1,0.3,49,0,2,18,0.471,0.276
2026-07-11T08:00,0.8,0.375,0.0,0.0,34.8,4.92,11.2,171,70,4680.0,1,0.156,2480.0,1605.0,0,0.0,96,1,0.5,49,1,1,18,0.471,0.351
2026-07-11T09:00,0.1,0.0,0.0,0.0,34.7,3.74,9.8,157,97,8400.0,1,0.156,3150.0,815.0,0,0.0,51,0,0.1,-1,-1,-1,-1,0.0,0.0
2026-07-11T10:00,0.1,0.0,0.0,0.0,33.8,2.7,7.4,182,99,4620.0,1,0.155,2820.0,635.0,0,0.0,51,0,0.1,-1,-1,-1,-1,0.0,0.0
2026-07-11T11:00,0.1,0.0,0.0,0.0,33.4,3.96,6.5,159,90,7640.0,1,0.154,2890.0,785.0,0,0.0,51,0,0.1,-1,-1,-1,-1,0.0,0.0
2026-07-11T12:00,0.0,0.0,0.0,0.0,32.2,4.97,8.9,185,100,9120.0,0,0.105,1530.0,705.0,0,0.0,3,0,0.0,-1,-1,-1,-1,0.0,0.0
2026-07-11T13:00,0.0,0.0,0.0,0.0,32.7,5.22,9.4,175,99,9100.0,0,0.104,1470.0,665.0,0,0.0,3,0,0.0,-1,-1,-1,-1,0.0,0.0
2026-07-11T14:00,0.0,0.0,0.0,0.0,32.5,4.86,9.3,176,99,9100.0,0,0.104,1650.0,610.0,0,0.0,3,0,0.0,-1,-1,-1,-1,0.0,0.0
2026-07-11T15:00,0.0,0.0,0.0,0.0,31.8,4.93,8.8,174,99,9100.0,0,0.103,1780.0,605.0,0,0.0,3,0,0.0,-1,-1,-1,-1,0.0,0.0
2026-07-11T16:00,0.0,0.0,0.0,0.0,31.5,5.2,9.6,178,96,9100.0,0,0.103,1480.0,665.0,0,0.0,3,0,0.0,-1,-1,-1,-1,0.0,0.0
2026-07-11T17:00,0.0,0.0,0.0,0.0,31.0,4.65,9.3,182,84,9100.0,0,0.103,900.0,645.0,0,0.0,3,0,0.0,-1,-1,-1,-1,0.0,0.0
2026-07-11T18:00,0.0,0.0,0.0,0.0,31.1,4.65,8.4,181,97,9100.0,0,0.083,1030.0,660.0,0,0.0,3,0,0.0,-1,-1,-1,-1,0.0,0.0
2026-07-11T19:00,0.0,0.0,0.0,0.0,30.6,4.71,8.7,176,99,9100.0,0,0.083,1220.0,605.0,0,0.0,3,0,0.0,-1,-1,-1,-1,0.0,0.0
2026-07-11T20:00,0.0,0.0,0.0,0.0,30.0,3.6,8.5,190,99,8060.0,0,0.083,1320.0,610.0,0,0.0,3,0,0.0,-1,-1,-1,-1,0.0,0.0
2026-07-11T21:00,0.0,0.0,0.0,0.0,29.4,3.1,6.4,198,99,8060.0,0,0.083,1360.0,585.0,0,0.0,3,0,0.0,-1,-1,-1,-1,0.0,0.0
2026-07-11T22:00,0.0,0.0,0.0,0.0,29.4,1.79,5.6,216,85,8060.0,1,0.083,1420.0,570.0,0,0.0,3,0,0.0,-1,-1,-1,-1,0.0,0.0
2026-07-11T23:00,0.0,0.0,0.0,0.0,30.1,2.44,4.9,191,41,8060.0,1,0.083,1430.0,710.0,0,0.0,1,0,0.0,-1,-1,-1,-1,0.0,0.0
2026-07-12T00:00,0.0,0.0,0.0,0.0,30.9,3.42,7.4,198,40,7040.0,1,0.126,1700.0,770.0,0,0.0,1,0,0.0,-1,-1,-1,-1,0.0,0.0
2026-07-12T01:00,0.0,0.0,0.0,0.0,32.0,2.74,7.2,195,63,9100.0,1,0.125,1930.0,885.0,0,0.0,2,0,0.0,-1,-1,-1,-1,0.0,0.0
2026-07-12T02:00,0.1,1.0,0.0,0.0,32.7,1.75,6.4,204,30,5480.0,1,0.124,1920.0,905.0,0,0.0,51,0,0.0,-1,-1,-1,-1,0.0,0.0
2026-07-12T03:00,0.3,0.333,0.0,0.0,32.6,1.1,5.1,156,55,3080.0,1,0.125,1780.0,960.0,0,0.0,51,1,0.2,50,0,3,2,0.529,0.341
2026-07-12T04:00,0.4,0.5,0.0,0.0,33.0,0.45,5.5,180,53,2940.0,1,0.126,2200.0,1000.0,0,0.0,95,1,0.2,50,1,2,2,0.529,0.441
2026-07-12T05:00,0.8,0.5,0.0,0.0,30.9,4.43,9.5,354,38,4440.0,1,0.133,2170.0,345.0,0,0.0,53,1,0.4,50,2,1,2,0.529,0.441
2026-07-12T06:00,0.1,0.0,0.0,0.0,30.8,4.4,9.7,12,20,6520.0,1,0.13,1450.0,380.0,0,0.0,51,0,0.1,-1,-1,-1,-1,0.0,0.0
2026-07-12T07:00,0.0,0.0,0.0,0.0,32.4,3.89,9.1,26,17,8560.0,1,0.128,2040.0,635.0,0,0.0,0,0,0.0,-1,-1,-1,-1,0.0,0.0
2026-07-12T08:00,0.7,0.857,0.0,0.0,32.1,4.63,9.4,38,70,3640.0,1,0.133,1370.0,815.0,0,0.0,95,1,0.1,51,0,1,10,0.0,0.514
2026-07-12T09:00,0.2,0.0,0.0,0.0,32.0,4.43,9.4,20,14,6600.0,1,0.134,2510.0,725.0,0,0.0,51,0,0.2,-1,-1,-1,-1,0.0,0.0
2026-07-12T10:00,0.0,0.0,0.0,0.0,31.3,4.2,9.0,27,17,8060.0,1,0.133,2550.0,585.0,0,0.0,0,0,0.0,-1,-1,-1,-1,0.0,0.0
2026-07-12T11:00,0.0,0.0,0.0,0.0,30.5,3.76,8.1,19,17,8060.0,1,0.132,2810.0,640.0,0,0.0,0,0,0.0,-1,-1,-1,-1,0.0,0.0
2026-07-12T12:00,0.0,0.0,0.0,0.0,29.9,4.35,7.3,23,34,8060.0,0,0.123,1750.0,630.0,0,0.0,1,0,0.0,-1,-1,-1,-1,0.0,0.0
2026-07-12T13:00,0.0,0.0,0.0,0.0,29.1,4.5,8.5,30,35,8000.0,0,0.122,1630.0,480.0,0,0.0,1,0,0.0,-1,-1,-1,-1,0.0,0.0
2026-07-12T14:00,0.0,0.0,0.0,0.0,28.4,3.9,8.1,41,34,6940.0,0,0.122,1300.0,410.0,0,0.0,1,0,0.0,-1,-1,-1,-1,0.0,0.0
2026-07-12T15:00,0.0,0.0,0.0,0.0,27.9,3.76,7.0,14,34,6940.0,0,0.122,1070.0,375.0,0,0.0,1,0,0.0,-1,-1,-1,-1,0.0,0.0
2026-07-12T16:00,0.0,0.0,0.0,0.0,27.1,3.47,6.9,7,40,5900.0,0,0.122,970.0,280.0,0,0.0,1,0,0.0,-1,-1,-1,-1,0.0,0.0
2026-07-12T17:00,0.0,0.0,0.0,0.0,26.6,3.4,6.3,358,88,5900.0,0,0.121,880.0,280.0,0,0.0,3,0,0.0,-1,-1,-1,-1,0.0,0.0
2026-07-12T18:00,0.0,0.0,0.0,0.0,27.0,3.71,7.2,3,87,4760.0,0,0.105,1460.0,360.0,0,0.0,3,0,0.0,-1,-1,-1,-1,0.0,0.0
2026-07-12T19:00,0.9,0.667,0.0,0.0,26.3,3.25,6.7,10,93,3020.0,0,0.114,1130.0,320.0,0,0.0,53,1,0.3,52,0,1,44,0.0,0.4
2026-07-12T20:00,0.1,0.0,0.0,0.0,26.4,3.55,6.1,10,41,4660.0,0,0.114,1140.0,345.0,0,0.0,51,0,0.1,-1,-1,-1,-1,0.0,0.0
2026-07-12T21:00,0.0,0.0,0.0,0.0,26.3,3.61,6.4,3,29,4680.0,0,0.114,1060.0,400.0,0,0.0,1,0,0.0,-1,-1,-1,-1,0.0,0.0
2026-07-12T22:00,0.0,0.0,0.0,0.0,26.5,4.22,7.3,14,100,3660.0,1,0.115,930.0,445.0,0,0.0,3,0,0.0,-1,-1,-1,-1,0.0,0.0
2026-07-12T23:00,0.1,0.0,0.0,0.0,27.3,4.36,8.9,25,100,4060.0,1,0.115,1160.0,560.0,0,0.0,51,0,0.1,-1,-1,-1,-1,0.0,0.0
2026-07-13T00:00,0.2,0.5,0.0,0.0,28.1,4.65,9.2,32,80,4020.0,1,0.131,640.0,695.0,0,0.0,51,0,0.1,-1,-1,-1,-1,0.0,0.0
2026-07-13T01:00,0.1,0.0,0.0,0.0,29.4,5.39,10.7,28,41,5680.0,1,0.131,770.0,805.0,0,0.0,51,0,0.1,-1,-1,-1,-1,0.0,0.0
2026-07-13T02:00,0.1,0.0,0.0,0.0,30.8,5.43,11.2,27,28,5340.0,1,0.131,860.0,960.0,0,0.0,51,0,0.1,-1,-1,-1,-1,0.0,0.0
2026-07-13T03:00,0.1,0.0,0.0,0.0,31.9,5.35,12.3,28,13,7560.0,1,0.129,1320.0,1210.0,0,0.0,51,0,0.1,-1,-1,-1,-1,0.0,0.0
2026-07-13T04:00,0.0,0.0,0.0,0.0,32.6,5.86,13.0,27,38,5620.0,1,0.127,1350.0,1320.0,0,0.0,1,0,0.0,-1,-1,-1,-1,0.0,0.0
2026-07-13T05:00,0.1,0.0,0.0,0.0,33.1,5.81,13.1,27,59,5580.0,1,0.126,1310.0,1285.0,0,0.0,51,0,0.1,-1,-1,-1,-1,0.0,0.0
2026-07-13T06:00,0.1,0.0,0.0,0.0,33.0,5.86,12.4,31,28,5460.0,1,0.165,740.0,1275.0,0,0.0,51,0,0.1,-1,-1,-1,-1,0.0,0.0
2026-07-13T07:00,0.1,0.0,0.0,0.0,32.6,5.63,12.3,30,11,6940.0,1,0.162,890.0,1215.0,0,0.0,51,0,0.1,-1,-1,-1,-1,0.0,0.0
2026-07-13T08:00,0.0,0.0,0.0,0.0,32.3,5.58,11.5,31,9,7500.0,1,0.159,880.0,1165.0,0,0.0,0,0,0.0,-1,-1,-1,-1,0.0,0.0
2026-07-13T09:00,0.0,0.0,0.0,0.0,31.9,5.43,11.1,31,9,6840.0,1,0.156,740.0,1150.0,0,0.0,0,0,0.0,-1,-1,-1,-1,0.0,0.0
2026-07-13T10:00,0.0,0.0,0.0,0.0,31.2,4.91,10.6,30,6,8220.0,1,0.155,670.0,1035.0,0,0.0,0,0,0.0,-1,-1,-1,-1,0.0,0.0
2026-07-13T11:00,0.0,0.0,0.0,0.0,30.3,4.05,9.3,29,7,9100.0,1,0.154,680.0,935.0,0,0.0,0,0,0.0,-1,-1,-1,-1,0.0,0.0
2026-07-13T12:00,0.0,0.0,0.0,0.0,29.4,3.44,7.3,36,2,7780.0,0,0.115,740.0,725.0,0,0.0,0,0,0.0,-1,-1,-1,-1,0.0,0.0
2026-07-13T13:00,0.0,0.0,0.0,0.0,28.8,3.23,6.3,35,1,7980.0,0,0.115,620.0,675.0,0,0.0,0,0,0.0,-1,-1,-1,-1,0.0,0.0
2026-07-13T14:00,0.0,0.0,0.0,0.0,28.1,2.87,5.8,35,1,6920.0,0,0.115,530.0,525.0,0,0.0,0,0,0.0,-1,-1,-1,-1,0.0,0.0
2026-07-13T15:00,0.0,0.0,0.0,0.0,27.4,2.82,5.1,17,1,6940.0,0,0.115,370.0,415.0,0,0.0,0,0,0.0,-1,-1,-1,-1,0.0,0.0
2026-07-13T16:00,0.0,0.0,0.0,0.0,26.8,2.91,5.2,4,2,5900.0,0,0.115,290.0,385.0,0,0.0,0,0,0.0,-1,-1,-1,-1,0.0,0.0
2026-07-13T17:00,0.0,0.0,0.0,0.0,26.4,2.85,5.3,359,6,5900.0,0,0.114,230.0,350.0,0,0.0,0,0,0.0,-1,-1,-1,-1,0.0,0.0
2026-07-13T18:00,0.0,0.0,0.0,0.0,26.5,2.7,5.0,357,7,4740.0,0,0.105,470.0,350.0,0,0.0,0,0,0.0,-1,-1,-1,-1,0.0,0.0
2026-07-13T19:00,0.0,0.0,0.0,0.0,26.2,2.55,4.8,358,2,4740.0,0,0.105,460.0,315.0,0,0.0,0,0,0.0,-1,-1,-1,-1,0.0,0.0
2026-07-13T20:00,0.0,0.0,0.0,0.0,25.9,2.33,4.5,345,1,4740.0,0,0.105,430.0,260.0,0,0.0,0,0,0.0,-1,-1,-1,-1,0.0,0.0
2026-07-13T21:00,0.0,0.0,0.0,0.0,25.7,2.42,4.3,338,6,4740.0,0,0.105,430.0,250.0,0,0.0,0,0,0.0,-1,-1,-1,-1,0.0,0.0
2026-07-13T22:00,0.0,0.0,0.0,0.0,26.1,2.29,4.3,344,4,4740.0,1,0.105,420.0,250.0,0,0.0,0,0,0.0,-1,-1,-1,-1,0.0,0.0
2026-07-13T23:00,0.0,0.0,0.0,0.0,27.4,2.18,4.7,351,2,5900.0,1,0.105,610.0,340.0,0,0.0,0,0,0.0,-1,-1,-1,-1,0.0,0.0
2026-07-14T00:00,0.0,0.0,0.0,0.0,29.2,2.3,5.8,2,92,8060.0,1,0.106,800.0,435.0,0,0.0,3,0,0.0,-1,-1,-1,-1,0.0,0.0
2026-07-14T01:00,0.0,0.0,0.0,0.0,30.8,2.36,5.8,354,88,9100.0,1,0.105,820.0,735.0,0,0.0,3,0,0.0,-1,-1,-1,-1,0.0,0.0
2026-07-14T02:00,0.0,0.0,0.0,0.0,32.3,2.6,6.5,358,74,9100.0,1,0.104,860.0,885.0,0,0.0,2,0,0.0,-1,-1,-1,-1,0.0,0.0
2026-07-14T03:00,0.0,0.0,0.0,0.0,33.6,2.6,6.7,359,20,10140.0,1,0.102,870.0,1395.0,0,0.0,1,0,0.0,-1,-1,-1,-1,0.0,0.0
2026-07-14T04:00,0.0,0.0,0.0,0.0,34.9,2.97,7.3,7,20,11900.0,1,0.1,40.0,1545.0,0,0.0,1,0,0.0,-1,-1,-1,-1,0.0,0.0
2026-07-14T05:00,0.0,0.0,0.0,0.0,35.6,2.41,7.2,13,76,11900.0,1,0.098,0.0,1655.0,0,0.0,2,0,0.0,-1,-1,-1,-1,0.0,0.0
2026-07-14T06:00,0.0,0.0,0.0,0.0,35.5,1.26,6.4,7,84,13400.0,1,0.098,0.0,1645.0,0,0.0,3,0,0.0,-1,-1,-1,-1,0.0,0.0
2026-07-14T07:00,0.0,0.0,0.0,0.0,36.0,1.2,4.3,5,20,13400.0,1,0.096,0.0,1770.0,0,0.0,1,0,0.0,-1,-1,-1,-1,0.0,0.0
2026-07-14T08:00,0.0,0.0,0.0,0.0,36.1,1.06,4.1,19,41,13400.0,1,0.094,0.0,1870.0,0,0.0,1,0,0.0,-1,-1,-1,-1,0.0,0.0
2026-07-14T09:00,0.0,0.0,0.0,0.0,35.9,1.17,3.6,47,79,13400.0,1,0.094,0.0,1880.0,0,0.0,2,0,0.0,-1,-1,-1,-1,0.0,0.0
2026-07-14T10:00,0.0,0.0,0.0,0.0,35.4,1.14,3.2,52,95,13400.0,1,0.093,10.0,1540.0,0,0.0,3,0,0.0,-1,-1,-1,-1,0.0,0.0
2026-07-14T11:00,0.0,0.0,0.0,0.0,33.9,1.43,2.8,61,100,11900.0,1,0.092,60.0,250.0,0,0.0,3,0,0.0,-1,-1,-1,-1,0.0,0.0
2026-07-14T12:00,0.0,0.0,0.0,0.0,32.6,1.2,2.8,90,100,10120.0,0,0.102,230.0,195.0,0,0.0,3,0,0.0,-1,-1,-1,-1,0.0,0.0
2026-07-14T13:00,0.0,0.0,0.0,0.0,32.1,0.35,2.2,98,100,10120.0,0,0.102,290.0,50.0,0,0.0,3,0,0.0,-1,-1,-1,-1,0.0,0.0
2026-07-14T14:00,0.0,0.0,0.0,0.0,31.8,0.05,0.6,360,100,10120.0,0,0.102,250.0,15.0,0,0.0,3,0,0.0,-1,-1,-1,-1,0.0,0.0
2026-07-14T15:00,0.1,0.0,0.0,0.0,30.3,2.21,3.1,347,100,3280.0,0,0.102,310.0,235.0,0,0.0,51,0,0.1,-1,-1,-1,-1,0.0,0.0
2026-07-14T16:00,0.7,0.0,0.0,0.0,27.5,3.18,6.0,341,100,6340.0,0,0.109,260.0,280.0,0,0.0,53,1,0.7,53,0,1,46,0.0,0
2026-07-14T17:00,0.0,0.0,0.0,0.0,26.8,2.93,5.6,323,98,6600.0,0,0.109,90.0,300.0,0,0.0,3,0,0.0,-1,-1,-1,-1,0.0,0.0
2026-07-14T18:00,0.0,0.0,0.0,0.0,26.4,2.62,5.3,299,90,8040.0,0,0.099,100.0,205.0,0,0.0,3,0,0.0,-1,-1,-1,-1,0.0,0.0
2026-07-14T19:00,0.0,0.0,0.0,0.0,26.2,2.16,4.6,257,100,8040.0,0,0.099,70.0,150.0,0,0.0,3,0,0.0,-1,-1,-1,-1,0.0,0.0
2026-07-14T20:00,0.0,0.0,0.0,0.0,26.3,2.29,3.9,290,100,8040.0,0,0.098,0.0,145.0,0,0.0,3,0,0.0,-1,-1,-1,-1,0.0,0.0
2026-07-14T21:00,0.0,0.0,0.0,0.0,26.2,2.01,4.3,289,48,8040.0,0,0.098,0.0,135.0,0,0.0,1,0,0.0,-1,-1,-1,-1,0.0,0.0
2026-07-14T22:00,0.0,0.0,0.0,0.0,26.1,1.92,3.7,242,98,7920.0,1,0.098,0.0,155.0,0,0.0,3,0,0.0,-1,-1,-1,-1,0.0,0.0
2026-07-14T23:00,0.0,0.0,0.0,0.0,26.7,1.39,3.6,249,86,8040.0,1,0.098,0.0,150.0,0,0.0,3,0,0.0,-1,-1,-1,-1,0.0,0.0
2026-07-15T00:00,0.0,0.0,0.0,0.0,28.5,2.23,3.7,230,1,9100.0,1,0.095,0.0,460.0,0,0.0,0,0,0.0,-1,-1,-1,-1,0.0,0.0
2026-07-15T01:00,0.0,0.0,0.0,0.0,30.1,2.44,6.0,215,0,9100.0,1,0.094,40.0,525.0,0,0.0,0,0,0.0,-1,-1,-1,-1,0.0,0.0
2026-07-15T02:00,0.0,0.0,0.0,0.0,31.5,3.29,7.6,206,5,10120.0,1,0.093,70.0,760.0,0,0.0,0,0,0.0,-1,-1,-1,-1,0.0,0.0
2026-07-15T03:00,0.0,0.0,0.0,0.0,32.6,3.18,7.8,213,0,10120.0,1,0.092,100.0,860.0,0,0.0,0,0,0.0,-1,-1,-1,-1,0.0,0.0
2026-07-15T04:00,0.0,0.0,0.0,0.0,33.3,3.58,8.4,216,0,10120.0,1,0.091,240.0,1040.0,0,0.0,0,0,0.0,-1,-1,-1,-1,0.0,0.0
2026-07-15T05:00,0.0,0.0,0.0,0.0,33.9,3.25,8.4,224,0,10120.0,1,0.09,320.0,1085.0,0,0.0,0,0,0.0,-1,-1,-1,-1,0.0,0.0
2026-07-15T06:00,0.0,0.0,0.0,0.0,33.6,3.32,7.9,211,0,10120.0,1,0.131,380.0,1245.0,0,0.0,0,0,0.0,-1,-1,-1,-1,0.0,0.0
2026-07-15T07:00,0.0,0.0,0.0,0.0,32.9,3.15,7.8,207,5,10120.0,1,0.127,560.0,1140.0,0,0.0,0,0,0.0,-1,-1,-1,-1,0.0,0.0
2026-07-15T08:00,0.0,0.0,0.0,0.0,32.8,2.82,7.4,205,1,10120.0,1,0.125,570.0,1140.0,0,0.0,0,0,0.0,-1,-1,-1,-1,0.0,0.0
2026-07-15T09:00,0.0,0.0,0.0,0.0,32.4,2.75,6.7,199,4,10120.0,1,0.123,490.0,980.0,0,0.0,0,0,0.0,-1,-1,-1,-1,0.0,0.0
2026-07-15T10:00,0.0,0.0,0.0,0.0,31.5,2.85,6.2,198,9,9100.0,1,0.122,510.0,740.0,0,0.0,0,0,0.0,-1,-1,-1,-1,0.0,0.0
2026-07-15T11:00,0.0,0.0,0.0,0.0,30.1,3.2,5.8,194,12,9100.0,1,0.121,600.0,470.0,0,0.0,0,0,0.0,-1,-1,-1,-1,0.0,0.0
2026-07-15T12:00,0.0,0.0,0.0,0.0,29.3,2.44,5.8,195,32,9100.0,0,0.106,510.0,315.0,0,0.0,1,0,0.0,-1,-1,-1,-1,0.0,0.0
2026-07-15T13:00,0.0,0.0,0.0,0.0,28.3,1.9,4.3,207,61,8040.0,0,0.106,450.0,205.0,0,0.0,2,0,0.0,-1,-1,-1,-1,0.0,0.0
2026-07-15T14:00,0.0,0.0,0.0,0.0,27.6,2.13,3.7,204,34,8040.0,0,0.105,410.0,170.0,0,0.0,1,0,0.0,-1,-1,-1,-1,0.0,0.0
2026-07-15T15:00,0.0,0.0,0.0,0.0,26.9,2.67,4.7,201,100,6920.0,0,0.105,280.0,170.0,0,0.0,3,0,0.0,-1,-1,-1,-1,0.0,0.0
2026-07-15T16:00,0.0,0.0,0.0,0.0,26.5,2.27,4.8,213,68,6920.0,0,0.105,120.0,160.0,0,0.0,2,0,0.0,-1,-1,-1,-1,0.0,0.0
2026-07-15T17:00,0.0,0.0,0.0,0.0,25.9,1.72,4.0,216,93,6920.0,0,0.105,80.0,115.0,0,0.0,3,0,0.0,-1,-1,-1,-1,0.0,0.0
2026-07-15T18:00,0.0,0.0,0.0,0.0,26.0,1.97,3.3,210,92,5880.0,0,0.105,200.0,120.0,0,0.0,3,0,0.0,-1,-1,-1,-1,0.0,0.0
2026-07-15T19:00,0.0,0.0,0.0,0.0,25.2,1.96,3.5,199,100,5880.0,0,0.105,170.0,110.0,0,0.0,3,0,0.0,-1,-1,-1,-1,0.0,0.0
2026-07-15T20:00,0.0,0.0,0.0,0.0,25.3,1.98,3.8,201,100,5880.0,0,0.105,220.0,115.0,0,0.0,3,0,0.0,-1,-1,-1,-1,0.0,0.0
2026-07-15T21:00,0.0,0.0,0.0,0.0,25.3,1.66,3.5,196,100,5880.0,0,0.105,270.0,105.0,0,0.0,3,0,0.0,-1,-1,-1,-1,0.0,0.0
2026-07-15T22:00,0.0,0.0,0.0,0.0,25.8,1.86,3.2,204,100,5880.0,1,0.105,350.0,105.0,0,0.0,3,0,0.0,-1,-1,-1,-1,0.0,0.0
2026-07-15T23:00,0.0,0.0,0.0,0.0,26.3,1.46,3.2,218,99,5880.0,1,0.105,430.0,110.0,0,0.0,3,0,0.0,-1,-1,-1,-1,0.0,0.0
2026-07-16T00:00,0.0,0.0,0.0,0.0,28.0,1.2,3.1,228,79,8040.0,1,0.1,680.0,170.0,0,0.0,2,0,0.0,-1,-1,-1,-1,0.0,0.0
2026-07-16T01:00,0.0,0.0,0.0,0.0,30.1,0.43,3.5,201,90,9080.0,1,0.1,890.0,280.0,0,0.0,3,0,0.0,-1,-1,-1,-1,0.0,0.0
2026-07-16T02:00,0.0,0.0,0.0,0.0,31.6,0.92,3.6,103,72,9080.0,1,0.099,1030.0,425.0,0,0.0,2,0,0.0,-1,-1,-1,-1,0.0,0.0
2026-07-16T03:00,0.0,0.0,0.0,0.0,32.7,1.63,4.6,113,89,10120.0,1,0.097,910.0,655.0,0,0.0,3,0,0.0,-1,-1,-1,-1,0.0,0.0
2026-07-16T04:00,0.0,0.0,0.0,0.0,33.7,2.12,5.6,146,82,10120.0,1,0.096,790.0,920.0,0,0.0,3,0,0.0,-1,-1,-1,-1,0.0,0.0
2026-07-16T05:00,0.0,0.0,0.0,0.0,34.1,2.06,5.6,162,99,10120.0,1,0.095,830.0,945.0,0,0.0,3,0,0.0,-1,-1,-1,-1,0.0,0.0
2026-07-16T06:00,0.0,0.0,0.0,0.0,34.5,2.35,5.6,176,98,10120.0,1,0.101,940.0,1065.0,0,0.0,3,0,0.0,-1,-1,-1,-1,0.0,0.0
2026-07-16T07:00,0.0,0.0,0.0,0.0,33.4,1.83,5.5,197,98,10120.0,1,0.1,1060.0,1070.0,0,0.0,3,0,0.0,-1,-1,-1,-1,0.0,0.0
2026-07-16T08:00,0.0,0.0,0.0,0.0,33.4,1.1,4.4,246,100,10120.0,1,0.099,940.0,1075.0,0,0.0,3,0,0.0,-1,-1,-1,-1,0.0,0.0
2026-07-16T09:00,0.0,0.0,0.0,0.0,32.7,1.54,3.5,283,100,10120.0,1,0.098,790.0,700.0,0,0.0,3,0,0.0,-1,-1,-1,-1,0.0,0.0
2026-07-16T10:00,0.1,0.0,0.0,0.0,31.7,1.25,3.0,323,100,5580.0,1,0.099,1200.0,160.0,0,0.0,51,0,0.1,-1,-1,-1,-1,0.0,0.0
2026-07-16T11:00,0.1,0.0,0.0,0.0,30.6,3.03,5.4,13,100,8300.0,1,0.099,1640.0,310.0,0,0.0,51,0,0.1,-1,-1,-1,-1,0.0,0.0
2026-07-16T12:00,0.0,0.0,0.0,0.0,30.0,2.86,5.8,19,100,9080.0,0,0.073,780.0,220.0,0,0.0,3,0,0.0,-1,-1,-1,-1,0.0,0.0
2026-07-16T13:00,0.0,0.0,0.0,0.0,29.8,3.15,5.6,10,100,9080.0,0,0.073,630.0,415.0,0,0.0,3,0,0.0,-1,-1,-1,-1,0.0,0.0
2026-07-16T14:00,0.2,0.5,0.0,0.0,29.1,3.2,6.0,357,100,4120.0,0,0.074,460.0,520.0,0,0.0,51,0,0.1,-1,-1,-1,-1,0.0,0.0
2026-07-16T15:00,0.5,0.0,0.0,0.0,27.2,3.83,6.6,353,100,6160.0,0,0.079,430.0,380.0,0,0.0,53,1,0.5,54,0,1,2,0.0,0
2026-07-16T16:00,0.0,0.0,0.0,0.0,26.8,3.5,6.7,358,98,9080.0,0,0.079,210.0,360.0,0,0.0,3,0,0.0,-1,-1,-1,-1,0.0,0.0
2026-07-16T17:00,0.0,0.0,0.0,0.0,26.3,4.2,7.4,345,100,9080.0,0,0.079,170.0,415.0,0,0.0,3,0,0.0,-1,-1,-1,-1,0.0,0.0
2026-07-16T18:00,0.5,0.0,0.0,0.0,26.1,3.2,8.3,346,100,2600.0,0,0.088,40.0,410.0,0,0.0,53,1,0.5,55,0,10,81,0.562,0.15
2026-07-16T19:00,1.5,0.0,0.0,0.0,24.1,2.42,5.6,330,100,2840.0,0,0.105,40.0,250.0,0,0.0025,61,1,1.5,55,1,9,81,0.562,0.15
2026-07-16T20:00,0.6,0.0,0.0,0.0,23.5,1.78,4.4,322,100,2840.0,0,0.112,20.0,165.0,0,0.0,53,1,0.6,55,2,8,81,0.562,0.15
2026-07-16T21:00,0.4,0.0,0.0,0.0,22.9,3.34,5.6,325,100,3400.0,0,0.117,20.0,195.0,0,0.0,51,1,0.4,55,3,7,81,0.562,0.15
2026-07-16T22:00,0.5,0.0,0.0,0.0,22.3,3.31,6.6,356,100,2520.0,1,0.123,0.0,215.0,0,0.0,53,1,0.5,55,4,6,81,0.562,0.15
2026-07-16T23:00,1.0,0.0,0.0,0.0,22.0,2.95,5.8,345,100,2300.0,1,0.136,0.0,235.0,0,0.0,55,1,1.0,55,5,5,81,0.562,0.15
2026-07-17T00:00,1.0,0.0,0.0,0.0,21.1,3.24,5.5,333,100,1900.0,1,0.24,10.0,255.0,0,0.0,55,1,1.0,55,6,4,81,0.562,0.15
2026-07-17T01:00,1.7,0.0,0.0,0.0,21.4,2.91,6.0,344,100,2100.0,1,0.262,0.0,275.0,0,0.0,61,1,1.7,55,7,3,81,0.562,0.15
2026-07-17T02:00,0.9,0.0,0.0,0.0,21.8,2.51,5.2,354,100,2920.0,1,0.272,10.0,370.0,0,0.0,53,1,0.9,55,8,2,81,0.562,0.15
2026-07-17T03:00,0.3,0.0,0.0,0.0,22.2,2.29,4.9,350,100,6420.0,1,0.274,0.0,360.0,0,0.0,51,1,0.3,55,9,1,81,0.562,0.15
2026-07-17T04:00,0.0,0.0,0.0,0.0,23.4,2.05,5.4,360,100,8040.0,1,0.272,0.0,425.0,0,0.0,3,0,0.0,-1,-1,-1,-1,0.0,0.0
2026-07-17T05:00,0.0,0.0,0.0,0.0,24.9,1.1,5.2,47,94,9080.0,1,0.268,0.0,455.0,0,0.0,3,0,0.0,-1,-1,-1,-1,0.0,0.0
2026-07-17T06:00,0.0,0.0,0.0,0.0,24.6,0.82,4.0,256,17,8040.0,1,0.262,0.0,475.0,0,0.0,0,0,0.0,-1,-1,-1,-1,0.0,0.0
2026-07-17T07:00,0.0,0.0,0.0,0.0,25.8,0.63,3.9,331,6,9080.0,1,0.258,0.0,680.0,0,0.0,0,0,0.0,-1,-1,-1,-1,0.0,0.0
2026-07-17T08:00,0.0,0.0,0.0,0.0,26.4,0.36,3.6,74,2,9080.0,1,0.253,0.0,830.0,0,0.0,0,0,0.0,-1,-1,-1,-1,0.0,0.0
2026-07-17T09:00,0.0,0.0,0.0,0.0,26.4,1.17,3.6,121,5,9080.0,1,0.249,0.0,765.0,0,0.0,0,0,0.0,-1,-1,-1,-1,0.0,0.0
2026-07-17T10:00,0.0,0.0,0.0,0.0,25.9,1.81,4.0,129,0,9080.0,1,0.246,0.0,625.0,0,0.0,0,0,0.0,-1,-1,-1,-1,0.0,0.0
2026-07-17T11:00,0.0,0.0,0.0,0.0,24.9,1.6,3.9,129,0,8020.0,1,0.245,0.0,245.0,0,0.0,0,0,0.0,-1,-1,-1,-1,0.0,0.0
2026-07-17T12:00,0.0,0.0,0.0,0.0,24.4,1.49,2.9,138,0,8020.0,0,0.219,10.0,125.0,0,0.0,0,0,0.0,-1,-1,-1,-1,0.0,0.0
2026-07-17T13:00,0.0,0.0,0.0,0.0,23.8,1.01,2.4,207,1,8020.0,0,0.219,10.0,55.0,0,0.0,0,0,0.0,-1,-1,-1,-1,0.0,0.0
2026-07-17T14:00,0.0,0.0,0.0,0.0,23.3,1.29,2.0,193,1,6920.0,0,0.219,10.0,70.0,0,0.0,0,0,0.0,-1,-1,-1,-1,0.0,0.0
2026-07-17T15:00,0.0,0.0,0.0,0.0,22.9,1.01,2.0,237,0,6920.0,0,0.219,0.0,55.0,0,0.0,0,0,0.0,-1,-1,-1,-1,0.0,0.0
2026-07-17T16:00,0.0,0.0,0.0,0.0,22.5,1.24,1.8,223,0,5880.0,0,0.219,0.0,60.0,0,0.0,0,0,0.0,-1,-1,-1,-1,0.0,0.0
2026-07-17T17:00,0.0,0.0,0.0,0.0,22.1,1.06,2.1,229,0,5880.0,0,0.218,0.0,60.0,0,0.0,0,0,0.0,-1,-1,-1,-1,0.0,0.0
2026-07-17T18:00,0.0,0.0,0.0,0.0,22.4,1.02,1.8,259,5,5880.0,0,0.227,0.0,45.0,0,0.0,0,0,0.0,-1,-1,-1,-1,0.0,0.0
2026-07-17T19:00,0.0,0.0,0.0,0.0,22.0,0.79,1.3,215,4,4720.0,0,0.227,0.0,30.0,0,0.0,0,0,0.0,-1,-1,-1,-1,0.0,0.0
2026-07-17T20:00,0.0,0.0,0.0,0.0,21.7,1.03,1.6,203,2,4740.0,0,0.227,0.0,45.0,0,0.0,0,0,0.0,-1,-1,-1,-1,0.0,0.0
2026-07-17T21:00,0.0,0.0,0.0,0.0,21.7,1.22,1.7,189,96,4720.0,0,0.227,0.0,65.0,0,0.0,3,0,0.0,-1,-1,-1,-1,0.0,0.0
2026-07-17T22:00,0.0,0.0,0.0,0.0,22.5,1.93,3.2,197,45,4720.0,1,0.226,0.0,105.0,0,0.0,1,0,0.0,-1,-1,-1,-1,0.0,0.0
2026-07-17T23:00,0.0,0.0,0.0,0.0,23.8,1.38,3.5,199,38,5880.0,1,0.226,0.0,170.0,0,0.0,1,0,0.0,-1,-1,-1,-1,0.0,0.0
2026-07-18T00:00,0.0,0.0,0.0,0.0,25.1,2.1,4.7,192,96,8020.0,1,0.206,0.0,425.0,0,0.0,3,0,0.0,-1,-1,-1,-1,0.0,0.0
2026-07-18T01:00,0.0,0.0,0.0,0.0,26.3,2.75,6.2,199,76,8020.0,1,0.204,30.0,625.0,0,0.0,2,0,0.0,-1,-1,-1,-1,0.0,0.0
2026-07-18T02:00,0.0,0.0,0.0,0.0,27.5,3.09,7.1,194,83,9060.0,1,0.2,90.0,760.0,0,0.0,3,0,0.0,-1,-1,-1,-1,0.0,0.0
2026-07-18T03:00,0.0,0.0,0.0,0.0,28.4,3.13,7.4,187,45,9060.0,1,0.195,190.0,845.0,0,0.0,1,0,0.0,-1,-1,-1,-1,0.0,0.0
2026-07-18T04:00,0.0,0.0,0.0,0.0,29.2,3.23,7.6,188,33,9060.0,1,0.19,360.0,885.0,0,0.0,1,0,0.0,-1,-1,-1,-1,0.0,0.0
2026-07-18T05:00,0.0,0.0,0.0,0.0,29.9,2.86,7.7,184,91,9060.0,1,0.185,590.0,865.0,0,0.0,3,0,0.0,-1,-1,-1,-1,0.0,0.0
2026-07-18T06:00,0.0,0.0,0.0,0.0,29.1,2.47,7.1,201,99,9060.0,1,0.176,620.0,885.0,0,0.0,3,0,0.0,-1,-1,-1,-1,0.0,0.0
2026-07-18T07:00,0.0,0.0,0.0,0.0,29.3,2.38,5.8,210,100,9060.0,1,0.173,680.0,905.0,0,0.0,3,0,0.0,-1,-1,-1,-1,0.0,0.0
2026-07-18T08:00,0.0,0.0,0.0,0.0,28.9,2.21,5.5,205,96,9060.0,1,0.171,740.0,790.0,0,0.0,3,0,0.0,-1,-1,-1,-1,0.0,0.0
2026-07-18T09:00,0.0,0.0,0.0,0.0,29.1,2.19,5.3,204,100,9060.0,1,0.169,760.0,750.0,0,0.0,3,0,0.0,-1,-1,-1,-1,0.0,0.0
2026-07-18T10:00,0.0,0.0,0.0,0.0,28.3,2.16,4.9,220,100,9060.0,1,0.167,800.0,545.0,0,0.0,3,0,0.0,-1,-1,-1,-1,0.0,0.0
2026-07-18T11:00,0.0,0.0,0.0,0.0,27.4,0.85,4.2,225,99,8020.0,1,0.167,910.0,75.0,0,0.0,3,0,0.0,-1,-1,-1,-1,0.0,0.0
2026-07-18T12:00,0.0,0.0,0.0,0.0,27.3,0.92,1.3,193,99,8020.0,0,0.145,1290.0,65.0,0,0.0,3,0,0.0,-1,-1,-1,-1,0.0,0.0
2026-07-18T13:00,0.0,0.0,0.0,0.0,26.8,1.36,2.2,174,38,8020.0,0,0.145,1390.0,70.0,0,0.0,1,0,0.0,-1,-1,-1,-1,0.0,0.0
2026-07-18T14:00,0.0,0.0,0.0,0.0,26.1,1.86,3.1,185,43,6660.0,0,0.144,1280.0,75.0,0,0.0,1,0,0.0,-1,-1,-1,-1,0.0,0.0
2026-07-18T15:00,0.0,0.0,0.0,0.0,25.6,1.5,3.2,195,1,6920.0,0,0.144,1170.0,70.0,0,0.0,0,0,0.0,-1,-1,-1,-1,0.0,0.0
2026-07-18T16:00,0.0,0.0,0.0,0.0,25.0,1.1,2.4,185,8,6900.0,0,0.144,1180.0,50.0,0,0.0,0,0,0.0,-1,-1,-1,-1,0.0,0.0
2026-07-18T17:00,0.0,0.0,0.0,0.0,24.8,1.25,1.9,180,1,6900.0,0,0.144,1190.0,55.0,0,0.0,0,0,0.0,-1,-1,-1,-1,0.0,0.0
2026-07-18T18:00,0.0,0.0,0.0,0.0,24.9,1.17,2.1,170,0,6900.0,0,0.135,1290.0,40.0,0,0.0,0,0,0.0,-1,-1,-1,-1,0.0,0.0
2026-07-18T19:00,0.0,0.0,0.0,0.0,24.5,1.35,2.0,165,0,5880.0,0,0.135,1260.0,45.0,0,0.0,0,0,0.0,-1,-1,-1,-1,0.0,0.0
2026-07-18T20:00,0.0,0.0,0.0,0.0,24.3,1.59,2.7,167,0,5880.0,0,0.135,1320.0,65.0,0,0.0,0,0,0.0,-1,-1,-1,-1,0.0,0.0
2026-07-18T21:00,0.0,0.0,0.0,0.0,24.0,1.56,2.7,174,0,5860.0,0,0.135,1470.0,65.0,0,0.0,0,0,0.0,-1,-1,-1,-1,0.0,0.0
2026-07-18T22:00,0.0,0.0,0.0,0.0,24.5,2.0,3.2,179,0,6900.0,1,0.135,1610.0,80.0,0,0.0,0,0,0.0,-1,-1,-1,-1,0.0,0.0
2026-07-18T23:00,0.0,0.0,0.0,0.0,25.8,1.86,4.0,166,0,6900.0,1,0.134,1650.0,125.0,0,0.0,0,0,0.0,-1,-1,-1,-1,0.0,0.0
2026-07-19T00:00,0.0,0.0,0.0,0.0,27.8,1.48,4.5,168,0,8020.0,1,0.127,1970.0,225.0,0,0.0,0,0,0.0,-1,-1,-1,-1,0.0,0.0
2026-07-19T01:00,0.0,0.0,0.0,0.0,29.8,1.47,4.6,198,0,9060.0,1,0.126,2220.0,605.0,0,0.0,0,0,0.0,-1,-1,-1,-1,0.0,0.0
2026-07-19T02:00,0.0,0.0,0.0,0.0,31.2,1.62,5.1,202,4,9060.0,1,0.124,2370.0,975.0,0,0.0,0,0,0.0,-1,-1,-1,-1,0.0,0.0
2026-07-19T03:00,0.0,0.0,0.0,0.0,32.1,1.6,5.3,194,21,8460.0,1,0.122,2190.0,1160.0,0,0.0,1,0,0.0,-1,-1,-1,-1,0.0,0.0
2026-07-19T04:00,0.0,0.0,0.0,0.0,32.8,1.55,5.3,180,26,8700.0,1,0.119,2130.0,1310.0,0,0.0,1,0,0.0,-1,-1,-1,-1,0.0,0.0
2026-07-19T05:00,0.0,0.0,0.0,0.0,33.4,1.81,5.5,175,5,9080.0,1,0.116,2270.0,1525.0,0,0.0,0,0,0.0,-1,-1,-1,-1,0.0,0.0
2026-07-19T06:00,0.0,0.0,0.0,0.0,33.4,1.95,6.0,180,29,7440.0,1,0.106,1260.0,1505.0,0,0.0,1,0,0.0,-1,-1,-1,-1,0.0,0.0
2026-07-19T07:00,0.1,0.0,0.0,0.0,33.5,1.81,5.5,174,17,6380.0,1,0.105,1080.0,1550.0,0,0.0,51,0,0.1,-1,-1,-1,-1,0.0,0.0
2026-07-19T08:00,0.0,0.0,0.0,0.0,33.5,2.1,5.5,168,10,11860.0,1,0.104,960.0,1435.0,0,0.0,0,0,0.0,-1,-1,-1,-1,0.0,0.0
2026-07-19T09:00,0.0,0.0,0.0,0.0,33.1,2.41,5.5,167,4,11860.0,1,0.103,1140.0,1315.0,0,0.0,0,0,0.0,-1,-1,-1,-1,0.0,0.0
2026-07-19T10:00,0.0,0.0,0.0,0.0,32.3,2.75,5.5,153,2,11860.0,1,0.101,1310.0,1135.0,0,0.0,0,0,0.0,-1,-1,-1,-1,0.0,0.0
2026-07-19T11:00,0.0,0.0,0.0,0.0,30.8,2.29,5.5,148,2,10080.0,1,0.101,1700.0,260.0,0,0.0,0,0,0.0,-1,-1,-1,-1,0.0,0.0
2026-07-19T12:00,0.0,0.0,0.0,0.0,29.6,1.68,4.0,153,5,9060.0,0,0.094,2030.0,110.0,0,0.0,0,0,0.0,-1,-1,-1,-1,0.0,0.0
2026-07-19T13:00,0.0,0.0,0.0,0.0,28.9,2.25,3.7,148,5,9060.0,0,0.093,1870.0,120.0,0,0.0,0,0,0.0,-1,-1,-1,-1,0.0,0.0
2026-07-19T14:00,0.0,0.0,0.0,0.0,28.3,2.65,4.6,158,5,9060.0,0,0.093,1630.0,160.0,0,0.0,0,0,0.0,-1,-1,-1,-1,0.0,0.0
2026-07-19T15:00,0.0,0.0,0.0,0.0,27.7,3.06,5.2,165,5,9060.0,0,0.093,1340.0,185.0,0,0.0,0,0,0.0,-1,-1,-1,-1,0.0,0.0
2026-07-19T16:00,0.0,0.0,0.0,0.0,27.0,3.25,5.8,170,2,8000.0,0,0.093,1620.0,230.0,0,0.0,0,0,0.0,-1,-1,-1,-1,0.0,0.0
2026-07-19T17:00,0.0,0.0,0.0,0.0,26.4,3.15,5.8,179,2,6900.0,0,0.093,1860.0,265.0,0,0.0,0,0,0.0,-1,-1,-1,-1,0.0,0.0
2026-07-19T18:00,0.0,0.0,0.0,0.0,26.6,3.25,5.8,181,0,6900.0,0,0.09,2000.0,275.0,0,0.0,0,0,0.0,-1,-1,-1,-1,0.0,0.0
2026-07-19T19:00,0.0,0.0,0.0,0.0,26.2,2.61,5.7,184,0,6900.0,0,0.09,1910.0,240.0,0,0.0,0,0,0.0,-1,-1,-1,-1,0.0,0.0
2026-07-19T20:00,0.0,0.0,0.0,0.0,25.8,1.93,4.5,197,13,5860.0,0,0.09,1840.0,210.0,0,0.0,0,0,0.0,-1,-1,-1,-1,0.0,0.0
2026-07-19T21:00,0.0,0.0,0.0,0.0,25.3,2.28,3.9,161,0,5860.0,0,0.09,1760.0,170.0,0,0.0,0,0,0.0,-1,-1,-1,-1,0.0,0.0
2026-07-19T22:00,0.0,0.0,0.0,0.0,25.4,2.69,4.5,170,25,5860.0,1,0.09,1660.0,225.0,0,0.0,1,0,0.0,-1,-1,-1,-1,0.0,0.0
2026-07-19T23:00,0.0,0.0,0.0,0.0,26.6,2.8,5.6,180,82,6900.0,1,0.09,1780.0,315.0,0,0.0,3,0,0.0,-1,-1,-1,-1,0.0,0.0
2026-07-20T00:00,0.0,0.0,0.0,0.0,27.9,2.98,6.3,172,0,8000.0,1,0.084,1880.0,425.0,0,0.0,0,0,0.0,-1,-1,-1,-1,0.0,0.0
2026-07-20T01:00,0.0,0.0,0.0,0.0,29.5,2.85,6.8,183,2,8000.0,1,0.084,1920.0,595.0,0,0.0,0,0,0.0,-1,-1,-1,-1,0.0,0.0
2026-07-20T02:00,0.0,0.0,0.0,0.0,31.0,3.37,7.9,174,5,9040.0,1,0.084,1930.0,1000.0,0,0.0,0,0,0.0,-1,-1,-1,-1,0.0,0.0
2026-07-20T03:00,0.0,0.0,0.0,0.0,32.1,3.76,8.7,175,55,10080.0,1,0.084,1780.0,1145.0,0,0.0,2,0,0.0,-1,-1,-1,-1,0.0,0.0
2026-07-20T04:00,0.0,0.0,0.0,0.0,32.9,3.65,8.8,180,38,10080.0,1,0.084,1650.0,1205.0,0,0.0,1,0,0.0,-1,-1,-1,-1,0.0,0.0
2026-07-20T05:00,0.0,0.0,0.0,0.0,33.3,3.8,8.9,178,23,5840.0,1,0.084,1600.0,1150.0,0,0.0,1,0,0.0,-1,-1,-1,-1,0.0,0.0
2026-07-20T06:00,0.1,1.0,0.0,0.0,33.7,3.25,8.8,182,28,6520.0,1,0.099,1380.0,1360.0,0,0.0,51,0,0.0,-1,-1,-1,-1,0.0,0.0
2026-07-20T07:00,0.0,0.0,0.0,0.0,33.5,3.11,7.7,174,37,11840.0,1,0.098,1390.0,1280.0,0,0.0,1,0,0.0,-1,-1,-1,-1,0.0,0.0
2026-07-20T08:00,0.0,0.0,0.0,0.0,33.5,2.85,7.5,183,28,11840.0,1,0.097,1270.0,1255.0,0,0.0,1,0,0.0,-1,-1,-1,-1,0.0,0.0
2026-07-20T09:00,0.0,0.0,0.0,0.0,33.2,2.45,6.6,168,30,11840.0,1,0.096,1420.0,1160.0,0,0.0,1,0,0.0,-1,-1,-1,-1,0.0,0.0
2026-07-20T10:00,0.0,0.0,0.0,0.0,32.4,2.74,5.9,159,13,10080.0,1,0.095,1440.0,1035.0,0,0.0,0,0,0.0,-1,-1,-1,-1,0.0,0.0
2026-07-20T11:00,0.0,0.0,0.0,0.0,31.1,2.09,5.6,163,21,10080.0,1,0.094,1490.0,345.0,0,0.0,1,0,0.0,-1,-1,-1,-1,0.0,0.0
2026-07-20T12:00,0.0,0.0,0.0,0.0,29.8,1.34,5.0,225,88,9040.0,0,0.076,1580.0,165.0,0,0.0,3,0,0.0,-1,-1,-1,-1,0.0,0.0
2026-07-20T13:00,0.4,0.0,0.0,0.0,28.3,2.94,4.5,318,100,2160.0,0,0.08,1130.0,250.0,0,0.0,51,1,0.4,56,0,2,32,0.9,0.24
2026-07-20T14:00,1.8,0.0,0.0,0.0,26.5,0.56,5.7,63,23,3280.0,0,0.1,1470.0,55.0,0,0.147,80,1,1.8,56,1,1,32,0.9,0.24
2026-07-20T15:00,0.2,0.0,0.0,0.0,24.4,3.46,7.3,5,9,3900.0,0,0.102,1610.0,155.0,0,0.0,51,0,0.2,-1,-1,-1,-1,0.0,0.0
2026-07-20T16:00,0.0,0.0,0.0,0.0,23.8,1.91,5.9,20,48,2980.0,0,0.102,1680.0,105.0,0,0.0,1,0,0.0,-1,-1,-1,-1,0.0,0.0
2026-07-20T17:00,0.0,0.0,0.0,0.0,23.5,1.5,4.3,358,52,2200.0,0,0.103,1620.0,115.0,0,0.0,2,0,0.0,-1,-1,-1,-1,0.0,0.0
2026-07-20T18:00,0.2,0.0,0.0,0.0,22.8,0.76,6.8,352,25,2620.0,0,0.097,1330.0,95.0,0,0.0,51,0,0.2,-1,-1,-1,-1,0.0,0.0
2026-07-20T19:00,0.0,0.0,0.0,0.0,22.7,0.68,1.5,324,1,3020.0,0,0.097,1250.0,100.0,0,0.0,0,0,0.0,-1,-1,-1,-1,0.0,0.0
2026-07-20T20:00,0.0,0.0,0.0,0.0,22.5,1.0,2.1,3,14,3080.0,0,0.097,1530.0,85.0,0,0.0,0,0,0.0,-1,-1,-1,-1,0.0,0.0
2026-07-20T21:00,0.0,0.0,0.0,0.0,22.3,1.05,2.1,357,11,3100.0,0,0.097,1600.0,110.0,0,0.0,0,0,0.0,-1,-1,-1,-1,0.0,0.0
2026-07-20T22:00,0.0,0.0,0.0,0.0,22.4,1.19,2.6,28,18,3100.0,1,0.097,1570.0,115.0,0,0.0,0,0,0.0,-1,-1,-1,-1,0.0,0.0
2026-07-20T23:00,0.0,0.0,0.0,0.0,23.3,0.99,3.1,45,13,4700.0,1,0.097,1520.0,145.0,0,0.0,0,0,0.0,-1,-1,-1,-1,0.0,0.0
2026-07-21T00:00,0.0,0.0,0.0,0.0,25.6,0.35,3.7,82,21,6360.0,1,0.102,2070.0,300.0,0,0.0,1,0,0.0,-1,-1,-1,-1,0.0,0.0
2026-07-21T01:00,0.0,0.0,0.0,0.0,27.4,0.34,3.2,153,2,7800.0,1,0.102,2160.0,505.0,0,0.0,0,0,0.0,-1,-1,-1,-1,0.0,0.0
2026-07-21T02:00,0.0,0.0,0.0,0.0,29.7,0.86,4.1,190,95,9040.0,1,0.101,2140.0,890.0,0,0.0,3,0,0.0,-1,-1,-1,-1,0.0,0.0
2026-07-21T03:00,0.0,0.0,0.0,0.0,30.6,1.37,4.8,190,100,9040.0,1,0.1,1730.0,1045.0,0,0.0,3,0,0.0,-1,-1,-1,-1,0.0,0.0
2026-07-21T04:00,0.0,0.0,0.0,0.0,31.2,1.9,5.3,182,100,9040.0,1,0.098,1800.0,1125.0,0,0.0,3,0,0.0,-1,-1,-1,-1,0.0,0.0
2026-07-21T05:00,0.0,0.0,0.0,0.0,31.8,2.66,6.4,175,100,9040.0,1,0.097,1960.0,1215.0,0,0.0,3,0,0.0,-1,-1,-1,-1,0.0,0.0
2026-07-21T06:00,0.0,0.0,0.0,0.0,32.0,3.13,7.1,172,100,10060.0,1,0.112,1910.0,1220.0,0,0.0,3,0,0.0,-1,-1,-1,-1,0.0,0.0
2026-07-21T07:00,0.0,0.0,0.0,0.0,32.0,3.05,7.5,170,100,9640.0,1,0.111,1870.0,1270.0,0,0.0,3,0,0.0,-1,-1,-1,-1,0.0,0.0
2026-07-21T08:00,0.0,0.0,0.0,0.0,32.9,2.83,7.0,193,83,10060.0,1,0.109,1940.0,1035.0,0,0.0,3,0,0.0,-1,-1,-1,-1,0.0,0.0
2026-07-21T09:00,0.0,0.0,0.0,0.0,32.9,2.51,6.4,226,27,10060.0,1,0.108,2130.0,1110.0,0,0.0,1,0,0.0,-1,-1,-1,-1,0.0,0.0
2026-07-21T10:00,0.0,0.0,0.0,0.0,32.4,2.52,5.5,229,33,6820.0,1,0.107,2210.0,1085.0,0,0.0,1,0,0.0,-1,-1,-1,-1,0.0,0.0
2026-07-21T11:00,0.0,0.0,0.0,0.0,31.1,2.06,5.1,231,60,9040.0,1,0.106,2460.0,300.0,0,0.0,2,0,0.0,-1,-1,-1,-1,0.0,0.0
2026-07-21T12:00,0.0,0.0,0.0,0.0,30.0,0.25,3.5,127,94,9040.0,0,0.099,2610.0,25.0,0,0.0,3,0,0.0,-1,-1,-1,-1,0.0,0.0
2026-07-21T13:00,0.0,0.0,0.0,0.0,29.1,1.13,2.0,135,83,6580.0,0,0.099,2690.0,55.0,0,0.0,3,0,0.0,-1,-1,-1,-1,0.0,0.0
2026-07-21T14:00,0.0,0.0,0.0,0.0,28.4,1.04,2.0,197,86,7640.0,0,0.099,2720.0,70.0,0,0.0,3,0,0.0,-1,-1,-1,-1,0.0,0.0
2026-07-21T15:00,0.0,0.0,0.0,0.0,28.0,2.52,4.2,229,95,6800.0,0,0.099,2740.0,250.0,0,0.0,3,0,0.0,-1,-1,-1,-1,0.0,0.0
2026-07-21T16:00,0.0,0.0,0.0,0.0,27.6,1.87,4.4,224,94,6860.0,0,0.099,2670.0,185.0,0,0.0,3,0,0.0,-1,-1,-1,-1,0.0,0.0
2026-07-21T17:00,0.0,0.0,0.0,0.0,27.0,1.66,3.2,209,99,5600.0,0,0.099,2600.0,145.0,0,0.0,3,0,0.0,-1,-1,-1,-1,0.0,0.0
2026-07-21T18:00,0.0,0.0,0.0,0.0,24.4,2.29,2.9,58,43,2720.0,0,0.074,2630.0,65.0,0,0.0,1,0,0.0,-1,-1,-1,-1,0.0,0.0
2026-07-21T19:00,0.1,0.0,0.0,0.0,24.2,0.55,4.3,265,42,3080.0,0,0.075,2600.0,15.0,0,0.0,51,0,0.1,-1,-1,-1,-1,0.0,0.0
2026-07-21T20:00,0.0,0.0,0.0,0.0,24.9,1.35,2.6,211,50,4660.0,0,0.075,2540.0,50.0,0,0.0,2,0,0.0,-1,-1,-1,-1,0.0,0.0
2026-07-21T21:00,0.0,0.0,0.0,0.0,25.2,0.98,2.1,156,82,4660.0,0,0.075,2510.0,65.0,0,0.0,3,0,0.0,-1,-1,-1,-1,0.0,0.0
2026-07-21T22:00,0.1,0.0,0.0,0.0,25.4,1.75,2.7,204,72,2660.0,1,0.076,2190.0,160.0,0,0.0,51,0,0.1,-1,-1,-1,-1,0.0,0.0
2026-07-21T23:00,0.7,0.0,0.0,0.0,26.0,1.57,3.0,189,36,2920.0,1,0.084,2370.0,415.0,0,0.0,53,1,0.7,57,0,1,5,0.0,0
2026-07-22T00:00,0.1,0.0,0.0,0.0,28.5,2.11,7.0,166,45,8000.0,1,0.088,2040.0,535.0,0,0.0,51,0,0.1,-1,-1,-1,-1,0.0,0.0
2026-07-22T01:00,0.0,0.0,0.0,0.0,30.2,3.06,7.0,185,22,9020.0,1,0.087,2400.0,775.0,0,0.0,1,0,0.0,-1,-1,-1,-1,0.0,0.0
2026-07-22T02:00,0.0,0.0,0.0,0.0,31.3,3.81,9.1,197,19,8080.0,1,0.087,2550.0,935.0,0,0.0,0,0,0.0,-1,-1,-1,-1,0.0,0.0
2026-07-22T03:00,0.1,1.0,0.0,0.0,32.1,3.94,9.6,198,28,5620.0,1,0.088,2640.0,1070.0,0,0.0,51,0,0.0,-1,-1,-1,-1,0.0,0.0
2026-07-22T04:00,0.2,1.0,0.0,0.0,32.5,4.19,9.9,192,35,4660.0,1,0.09,2930.0,1165.0,0,0.0,51,0,0.0,-1,-1,-1,-1,0.0,0.0
2026-07-22T05:00,0.5,1.0,0.0,0.0,32.7,4.45,10.3,192,58,3940.0,1,0.095,3220.0,1290.0,0,0.0,96,1,0.0,58,0,2,2,0.404,0.708
2026-07-22T06:00,0.9,0.889,0.0,0.0,33.2,3.92,11.0,203,25,10060.0,1,0.067,2150.0,1265.0,0,0.0,53,1,0.1,58,1,1,2,0.404,0.641
2026-07-22T07:00,0.0,0.0,0.0,0.0,32.7,3.22,10.2,224,25,7260.0,1,0.067,1500.0,1115.0,0,0.0,1,0,0.0,-1,-1,-1,-1,0.0,0.0
2026-07-22T08:00,0.0,0.0,0.0,0.0,33.0,2.2,7.4,179,47,6660.0,1,0.067,1890.0,1335.0,0,0.0,1,0,0.0,-1,-1,-1,-1,0.0,0.0
2026-07-22T09:00,0.8,1.0,0.0,0.0,29.5,1.0,7.0,180,67,6380.0,1,0.075,1690.0,355.0,0,0.0,95,1,0.0,59,0,2,4,0.634,0.769
2026-07-22T10:00,2.1,0.905,0.0,0.0,26.5,3.12,7.2,6,51,3000.0,1,0.1,1700.0,125.0,0,0.2338,96,1,0.2,59,1,1,4,0.634,0.712
2026-07-22T11:00,0.2,0.0,0.0,0.0,26.6,3.18,6.3,120,54,3280.0,1,0.102,1890.0,220.0,0,0.0,51,0,0.2,-1,-1,-1,-1,0.0,0.0
2026-07-22T12:00,0.2,0.0,0.0,0.0,22.7,1.32,5.6,53,54,2860.0,0,0.395,380.0,180.0,0,0.0,51,0,0.2,-1,-1,-1,-1,0.0,0.0
2026-07-22T13:00,0.1,0.0,0.0,0.0,22.6,0.86,2.7,80,99,3060.0,0,0.382,280.0,160.0,0,0.0,51,0,0.1,-1,-1,-1,-1,0.0,0.0
2026-07-22T14:00,0.0,0.0,0.0,0.0,22.8,1.13,2.2,311,100,2140.0,0,0.373,650.0,85.0,0,0.0,3,0,0.0,-1,-1,-1,-1,0.0,0.0
2026-07-22T15:00,1.3,0.0,0.0,0.0,22.8,1.3,2.5,28,100,1400.0,0,0.382,720.0,85.0,0,0.027,61,1,1.3,60,0,8,23,1.11,0.296
2026-07-22T16:00,2.6,0.0,0.0,0.0,22.7,1.86,3.4,31,100,1380.0,0,0.403,500.0,115.0,0,0.1,63,1,2.6,60,1,7,23,1.11,0.296
2026-07-22T17:00,2.4,0.0,0.0,0.0,22.7,2.01,3.4,35,100,1420.0,0,0.411,400.0,120.0,0,0.07,61,1,2.4,60,2,6,23,1.11,0.296
2026-07-22T18:00,3.1,0.29,0.0,0.0,21.8,1.75,4.2,31,100,880.0,0,0.418,110.0,170.0,0,0.0289,81,1,2.2,60,3,5,23,1.11,0.47
2026-07-22T19:00,15.4,0.532,0.0,0.0,22.0,1.63,5.0,23,100,600.0,0,0.43,80.0,180.0,0,0.04,82,1,7.2,60,4,4,23,1.11,0.615
2026-07-22T20:00,18.4,0.5,0.0,0.0,22.1,1.42,3.8,100,100,880.0,0,0.43,30.0,145.0,0,0.015,82,1,9.2,60,5,3,23,1.11,0.596
2026-07-22T21:00,5.6,0.393,0.0,0.0,22.3,0.76,3.3,113,100,1680.0,0,0.426,30.0,135.0,0,0.015,81,1,3.4,60,6,2,23,1.11,0.532
2026-07-22T22:00,0.5,0.4,0.0,0.0,22.3,1.01,2.3,81,95,2900.0,1,0.416,110.0,140.0,0,0.0,53,1,0.3,60,7,1,23,1.11,0.536
2026-07-22T23:00,0.0,0.0,0.0,0.0,22.9,1.23,3.1,102,9,4580.0,1,0.408,230.0,200.0,0,0.0,0,0,0.0,-1,-1,-1,-1,0.0,0.0
2026-07-23T00:00,0.0,0.0,0.0,0.0,23.8,1.9,3.3,272,100,5060.0,1,0.364,140.0,415.0,0,0.0,3,0,0.0,-1,-1,-1,-1,0.0,0.0
2026-07-23T01:00,0.0,0.0,0.0,0.0,24.8,2.14,5.0,303,75,6880.0,1,0.357,230.0,365.0,0,0.0,2,0,0.0,-1,-1,-1,-1,0.0,0.0
2026-07-23T02:00,0.0,0.0,0.0,0.0,26.0,3.61,7.4,314,96,6540.0,1,0.351,300.0,855.0,0,0.0,3,0,0.0,-1,-1,-1,-1,0.0,0.0
2026-07-23T03:00,0.1,1.0,0.0,0.0,26.7,3.72,8.0,324,80,5720.0,1,0.344,360.0,815.0,0,0.0,51,0,0.0,-1,-1,-1,-1,0.0,0.0
2026-07-23T04:00,0.0,0.0,0.0,0.0,27.1,2.98,7.9,331,92,7980.0,1,0.337,420.0,925.0,0,0.0,3,0,0.0,-1,-1,-1,-1,0.0,0.0
2026-07-23T05:00,0.0,0.0,0.0,0.0,27.6,2.82,6.8,327,93,9020.0,1,0.33,440.0,975.0,0,0.0,3,0,0.0,-1,-1,-1,-1,0.0,0.0
2026-07-23T06:00,0.0,0.0,0.0,0.0,27.8,1.92,6.4,332,96,9020.0,1,0.333,330.0,1075.0,0,0.0,3,0,0.0,-1,-1,-1,-1,0.0,0.0
2026-07-23T07:00,0.0,0.0,0.0,0.0,28.0,1.0,4.9,354,65,9020.0,1,0.327,330.0,1055.0,0,0.0,2,0,0.0,-1,-1,-1,-1,0.0,0.0
2026-07-23T08:00,0.0,0.0,0.0,0.0,28.5,0.69,3.5,330,94,9020.0,1,0.321,300.0,1065.0,0,0.0,3,0,0.0,-1,-1,-1,-1,0.0,0.0
2026-07-23T09:00,0.0,0.0,0.0,0.0,28.4,0.81,2.9,349,97,9020.0,1,0.317,360.0,1080.0,0,0.0,3,0,0.0,-1,-1,-1,-1,0.0,0.0
2026-07-23T10:00,0.0,0.0,0.0,0.0,28.2,0.55,2.5,355,95,9020.0,1,0.314,350.0,160.0,0,0.0,3,0,0.0,-1,-1,-1,-1,0.0,0.0
2026-07-23T11:00,0.0,0.0,0.0,0.0,27.1,0.89,1.9,27,34,9020.0,1,0.312,520.0,90.0,0,0.0,1,0,0.0,-1,-1,-1,-1,0.0,0.0
2026-07-23T12:00,0.0,0.0,0.0,0.0,25.8,1.82,2.6,37,16,7980.0,0,0.285,730.0,85.0,0,0.0,0,0,0.0,-1,-1,-1,-1,0.0,0.0
2026-07-23T13:00,0.0,0.0,0.0,0.0,25.2,1.63,3.4,40,15,7980.0,0,0.284,540.0,75.0,0,0.0,0,0,0.0,-1,-1,-1,-1,0.0,0.0
2026-07-23T14:00,0.0,0.0,0.0,0.0,24.8,1.66,2.8,44,96,6880.0,0,0.283,560.0,75.0,0,0.0,3,0,0.0,-1,-1,-1,-1,0.0,0.0
2026-07-23T15:00,0.0,0.0,0.0,0.0,24.7,1.49,2.8,48,100,5840.0,0,0.282,870.0,80.0,0,0.0,3,0,0.0,-1,-1,-1,-1,0.0,0.0
2026-07-23T16:00,0.0,0.0,0.0,0.0,24.3,1.1,2.5,43,98,5840.0,0,0.281,890.0,60.0,0,0.0,3,0,0.0,-1,-1,-1,-1,0.0,0.0
2026-07-23T17:00,0.0,0.0,0.0,0.0,24.2,0.97,1.8,69,95,5840.0,0,0.281,930.0,55.0,0,0.0,3,0,0.0,-1,-1,-1,-1,0.0,0.0
2026-07-23T18:00,0.0,0.0,0.0,0.0,24.5,1.03,1.4,43,99,4680.0,0,0.279,1190.0,70.0,0,0.0,3,0,0.0,-1,-1,-1,-1,0.0,0.0
2026-07-23T19:00,0.1,1.0,0.0,0.0,24.2,1.52,2.7,23,100,3940.0,0,0.28,1100.0,75.0,0,0.0,51,0,0.0,-1,-1,-1,-1,0.0,0.0
2026-07-23T20:00,0.0,0.0,0.0,0.0,24.0,1.26,2.8,34,97,4560.0,0,0.279,1150.0,80.0,0,0.0,3,0,0.0,-1,-1,-1,-1,0.0,0.0
2026-07-23T21:00,0.0,0.0,0.0,0.0,23.8,0.94,2.2,58,77,3920.0,0,0.279,1140.0,85.0,0,0.0,2,0,0.0,-1,-1,-1,-1,0.0,0.0
2026-07-23T22:00,0.5,0.6,0.0,0.0,23.8,1.46,2.4,329,100,2960.0,1,0.283,1080.0,95.0,0,0.0,53,1,0.2,61,0,1,28,0.0,0.36
2026-07-23T23:00,0.2,0.0,0.0,0.0,24.3,2.4,4.8,343,70,3860.0,1,0.285,990.0,220.0,0,0.0,51,0,0.2,-1,-1,-1,-1,0.0,0.0
2026-07-24T00:00,0.1,1.0,0.0,0.0,24.5,1.6,5.2,358,59,3420.0,1,0.283,1220.0,185.0,0,0.0,51,0,0.0,-1,-1,-1,-1,0.0,0.0
2026-07-24T01:00,0.1,1.0,0.0,0.0,25.7,1.66,4.8,327,72,4180.0,1,0.283,1410.0,325.0,0,0.0,51,0,0.0,-1,-1,-1,-1,0.0,0.0
2026-07-24T02:00,0.1,1.0,0.0,0.0,26.8,1.7,4.4,28,58,6280.0,1,0.282,1230.0,545.0,0,0.0,51,0,0.0,-1,-1,-1,-1,0.0,0.0
2026-07-24T03:00,0.1,1.0,0.0,0.0,27.6,1.6,4.7,70,73,6600.0,1,0.28,1240.0,700.0,0,0.0,51,0,0.0,-1,-1,-1,-1,0.0,0.0
2026-07-24T04:00,0.2,1.0,0.0,0.0,28.3,0.89,4.5,63,34,4800.0,1,0.278,1480.0,885.0,0,0.0,51,0,0.0,-1,-1,-1,-1,0.0,0.0
2026-07-24T05:00,0.2,1.0,0.0,0.0,29.1,1.28,4.5,39,27,4700.0,1,0.275,1660.0,1000.0,0,0.0,51,0,0.0,-1,-1,-1,-1,0.0,0.0
2026-07-24T06:00,0.2,1.0,0.0,0.0,28.9,1.31,4.7,342,25,6360.0,1,0.271,1390.0,985.0,0,0.0,51,0,0.0,-1,-1,-1,-1,0.0,0.0
2026-07-24T07:00,0.0,0.0,0.0,0.0,28.9,1.5,4.8,356,23,6560.0,1,0.266,1260.0,990.0,0,0.0,1,0,0.0,-1,-1,-1,-1,0.0,0.0
2026-07-24T08:00,0.0,0.0,0.0,0.0,28.9,1.18,4.6,12,21,6760.0,1,0.262,1240.0,945.0,0,0.0,1,0,0.0,-1,-1,-1,-1,0.0,0.0
2026-07-24T09:00,0.0,0.0,0.0,0.0,28.8,0.87,3.7,13,20,6620.0,1,0.26,1030.0,845.0,0,0.0,1,0,0.0,-1,-1,-1,-1,0.0,0.0
2026-07-24T10:00,0.0,0.0,0.0,0.0,28.6,0.7,2.7,4,22,8800.0,1,0.258,1020.0,825.0,0,0.0,1,0,0.0,-1,-1,-1,-1,0.0,0.0
2026-07-24T11:00,0.0,0.0,0.0,0.0,27.7,0.93,1.9,74,15,7960.0,1,0.257,1340.0,85.0,0,0.0,0,0,0.0,-1,-1,-1,-1,0.0,0.0
2026-07-24T12:00,0.0,0.0,0.0,0.0,25.8,2.18,2.6,53,50,6060.0,0,0.251,1240.0,150.0,0,0.0,2,0,0.0,-1,-1,-1,-1,0.0,0.0
2026-07-24T13:00,0.0,0.0,0.0,0.0,25.3,1.41,3.7,73,17,5320.0,0,0.251,1090.0,95.0,0,0.0,0,0,0.0,-1,-1,-1,-1,0.0,0.0
2026-07-24T14:00,0.0,0.0,0.0,0.0,24.8,1.23,2.4,78,12,5660.0,0,0.251,1000.0,70.0,0,0.0,0,0,0.0,-1,-1,-1,-1,0.0,0.0
2026-07-24T15:00,0.0,0.0,0.0,0.0,24.4,1.22,2.2,81,13,5780.0,0,0.25,870.0,70.0,0,0.0,0,0,0.0,-1,-1,-1,-1,0.0,0.0
2026-07-24T16:00,0.0,0.0,0.0,0.0,24.0,1.06,2.1,98,9,4620.0,0,0.25,800.0,70.0,0,0.0,0,0,0.0,-1,-1,-1,-1,0.0,0.0
2026-07-24T17:00,0.0,0.0,0.0,0.0,23.7,0.85,1.8,130,20,4640.0,0,0.25,810.0,55.0,0,0.0,1,0,0.0,-1,-1,-1,-1,0.0,0.0
2026-07-24T18:00,0.0,0.0,0.0,0.0,24.5,0.63,1.4,72,48,3140.0,0,0.238,1150.0,30.0,0,0.0,1,0,0.0,-1,-1,-1,-1,0.0,0.0
2026-07-24T19:00,0.1,0.0,0.0,0.0,24.1,0.4,1.0,90,31,3960.0,0,0.24,1180.0,20.0,0,0.0,51,0,0.1,-1,-1,-1,-1,0.0,0.0
2026-07-24T20:00,0.0,0.0,0.0,0.0,23.7,0.6,0.9,42,33,2960.0,0,0.24,1190.0,25.0,0,0.0,1,0,0.0,-1,-1,-1,-1,0.0,0.0
2026-07-24T21:00,0.0,0.0,0.0,0.0,23.3,1.27,2.3,45,15,2240.0,0,0.24,1070.0,55.0,0,0.0,0,0,0.0,-1,-1,-1,-1,0.0,0.0
2026-07-24T22:00,0.0,0.0,0.0,0.0,23.4,1.42,2.3,42,31,1060.0,1,0.239,1040.0,70.0,0,0.0,1,0,0.0,-1,-1,-1,-1,0.0,0.0
2026-07-24T23:00,0.0,0.0,0.0,0.0,24.4,1.35,3.3,42,48,3080.0,1,0.239,1280.0,115.0,0,0.0,1,0,0.0,-1,-1,-1,-1,0.0,0.0
2026-07-25T00:00,0.0,0.0,0.0,0.0,26.6,1.23,3.8,69,25,5180.0,1,0.243,1820.0,225.0,0,0.0,1,0,0.0,-1,-1,-1,-1,0.0,0.0
2026-07-25T01:00,0.1,0.0,0.0,0.0,27.7,1.05,3.5,65,49,6200.0,1,0.242,1790.0,430.0,0,0.0,51,0,0.1,-1,-1,-1,-1,0.0,0.0
2026-07-25T02:00,0.2,1.0,0.0,0.0,28.6,1.66,4.7,44,26,4240.0,1,0.241,1700.0,765.0,0,0.0,51,0,0.0,-1,-1,-1,-1,0.0,0.0
2026-07-25T03:00,0.3,1.0,0.0,0.0,29.3,1.08,4.7,68,40,4940.0,1,0.24,1770.0,980.0,0,0.0,51,1,0.0,62,0,1,2,0.0,0.6
2026-07-25T04:00,0.2,1.0,0.0,0.0,29.6,0.42,4.1,45,70,5740.0,1,0.239,1930.0,1255.0,0,0.0,95,0,0.0,-1,-1,-1,-1,0.0,0.0
2026-07-25T05:00,0.2,1.0,0.0,0.0,29.9,0.68,3.7,17,100,4820.0,1,0.236,2040.0,1115.0,0,0.0,95,0,0.0,-1,-1,-1,-1,0.0,0.0
2026-07-25T06:00,0.3,0.667,0.0,0.0,25.4,4.55,3.8,359,100,1340.0,1,0.237,1200.0,600.0,0,0.0,51,1,0.1,63,0,3,49,1.374,0.767
2026-07-25T07:00,5.6,0.821,0.0,0.0,24.7,1.41,10.0,63,97,2260.0,1,0.309,800.0,225.0,0,0.4,95,1,1.0,63,1,2,49,1.374,0.859
2026-07-25T08:00,0.6,0.0,0.0,0.0,25.6,1.57,5.3,68,92,4100.0,1,0.313,930.0,255.0,0,0.0,53,1,0.6,63,2,1,49,1.374,0.366
2026-07-25T09:00,0.0,0.0,0.0,0.0,26.3,1.76,4.3,85,82,5740.0,1,0.311,1380.0,275.0,0,0.0,3,0,0.0,-1,-1,-1,-1,0.0,0.0
2026-07-25T10:00,0.0,0.0,0.0,0.0,26.5,0.86,4.3,80,2,6860.0,1,0.309,1330.0,265.0,0,0.0,0,0,0.0,-1,-1,-1,-1,0.0,0.0
2026-07-25T11:00,0.0,0.0,0.0,0.0,26.1,0.32,2.3,129,5,6860.0,1,0.307,1380.0,45.0,0,0.0,0,0,0.0,-1,-1,-1,-1,0.0,0.0
2026-07-25T12:00,0.0,0.0,0.0,0.0,26.4,0.71,0.8,98,79,5820.0,0,0.281,2290.0,40.0,0,0.0,2,0,0.0,-1,-1,-1,-1,0.0,0.0
2026-07-25T13:00,0.0,0.0,0.0,0.0,25.5,0.89,1.6,63,10,4680.0,0,0.28,2120.0,35.0,0,0.0,0,0,0.0,-1,-1,-1,-1,0.0,0.0
2026-07-25T14:00,0.0,0.0,0.0,0.0,25.0,0.9,1.6,34,32,4680.0,0,0.28,2000.0,30.0,0,0.0,1,0,0.0,-1,-1,-1,-1,0.0,0.0
2026-07-25T15:00,0.0,0.0,0.0,0.0,24.6,0.86,1.4,7,15,3080.0,0,0.279,1990.0,35.0,0,0.0,0,0,0.0,-1,-1,-1,-1,0.0,0.0
2026-07-25T16:00,0.0,0.0,0.0,0.0,24.4,0.5,1.3,354,26,3080.0,0,0.279,2060.0,30.0,0,0.0,1,0,0.0,-1,-1,-1,-1,0.0,0.0
2026-07-25T17:00,0.0,0.0,0.0,0.0,24.1,0.16,0.7,288,24,3040.0,0,0.278,2070.0,15.0,0,0.0,1,0,0.0,-1,-1,-1,-1,0.0,0.0
2026-07-25T18:00,0.0,0.0,0.0,0.0,24.4,1.31,1.0,277,77,3080.0,0,0.268,1690.0,65.0,0,0.0,2,0,0.0,-1,-1,-1,-1,0.0,0.0
2026-07-25T19:00,0.0,0.0,0.0,0.0,24.0,0.85,2.2,332,35,3080.0,0,0.268,1280.0,40.0,0,0.0,1,0,0.0,-1,-1,-1,-1,0.0,0.0
2026-07-25T20:00,0.0,0.0,0.0,0.0,23.7,0.55,1.5,355,15,3080.0,0,0.268,1170.0,35.0,0,0.0,0,0,0.0,-1,-1,-1,-1,0.0,0.0
2026-07-25T21:00,0.0,0.0,0.0,0.0,23.5,0.32,0.8,162,7,3080.0,0,0.267,1210.0,30.0,0,0.0,0,0,0.0,-1,-1,-1,-1,0.0,0.0
2026-07-25T22:00,0.0,0.0,0.0,0.0,23.9,0.57,1.4,165,38,3080.0,1,0.267,1200.0,35.0,0,0.0,1,0,0.0,-1,-1,-1,-1,0.0,0.0
2026-07-25T23:00,0.0,0.0,0.0,0.0,25.0,0.34,1.8,117,23,4680.0,1,0.267,1490.0,65.0,0,0.0,1,0,0.0,-1,-1,-1,-1,0.0,0.0
2026-07-26T00:00,0.0,0.0,0.0,0.0,26.2,0.98,2.2,204,74,5700.0,1,0.277,1980.0,160.0,0,0.0,2,0,0.0,-1,-1,-1,-1,0.0,0.0
2026-07-26T01:00,0.0,0.0,0.0,0.0,27.5,1.56,4.3,220,63,6820.0,1,0.275,2300.0,285.0,0,0.0,2,0,0.0,-1,-1,-1,-1,0.0,0.0
2026-07-26T02:00,0.0,0.0,0.0,0.0,29.1,1.63,4.7,230,70,7960.0,1,0.271,2140.0,670.0,0,0.0,2,0,0.0,-1,-1,-1,-1,0.0,0.0
2026-07-26T03:00,0.1,1.0,0.0,0.0,29.8,1.8,5.0,236,49,6280.0,1,0.267,1760.0,800.0,0,0.0,51,0,0.0,-1,-1,-1,-1,0.0,0.0
2026-07-26T04:00,0.1,0.0,0.0,0.0,30.5,1.08,5.0,292,49,6160.0,1,0.262,1760.0,820.0,0,0.0,51,0,0.1,-1,-1,-1,-1,0.0,0.0
2026-07-26T05:00,0.1,1.0,0.0,0.0,31.0,1.27,4.3,349,16,6140.0,1,0.257,1680.0,925.0,0,0.0,51,0,0.0,-1,-1,-1,-1,0.0,0.0
2026-07-26T06:00,0.0,0.0,0.0,0.0,31.1,1.28,4.4,31,19,10000.0,1,0.263,1630.0,1035.0,0,0.0,0,0,0.0,-1,-1,-1,-1,0.0,0.0
2026-07-26T07:00,0.0,0.0,0.0,0.0,31.2,1.48,4.1,45,37,6580.0,1,0.258,1480.0,1085.0,0,0.0,1,0,0.0,-1,-1,-1,-1,0.0,0.0
2026-07-26T08:00,0.0,0.0,0.0,0.0,31.1,2.21,5.2,65,84,7920.0,1,0.254,1330.0,1160.0,0,0.0,3,0,0.0,-1,-1,-1,-1,0.0,0.0
2026-07-26T09:00,0.0,0.0,0.0,0.0,29.5,3.57,6.8,72,51,8980.0,1,0.251,1560.0,475.0,0,0.0,2,0,0.0,-1,-1,-1,-1,0.0,0.0
2026-07-26T10:00,0.0,0.0,0.0,0.0,27.7,3.23,7.4,68,16,7840.0,1,0.249,1800.0,260.0,0,0.0,0,0,0.0,-1,-1,-1,-1,0.0,0.0
2026-07-26T11:00,0.0,0.0,0.0,0.0,27.0,1.94,5.9,72,39,6600.0,1,0.248,1830.0,205.0,0,0.0,1,0,0.0,-1,-1,-1,-1,0.0,0.0
2026-07-26T12:00,0.0,0.0,0.0,0.0,28.4,0.67,3.4,48,0,7960.0,0,0.256,1730.0,25.0,0,0.0,0,0,0.0,-1,-1,-1,-1,0.0,0.0
2026-07-26T13:00,0.0,0.0,0.0,0.0,27.2,1.8,3.0,93,5,6860.0,0,0.256,1840.0,95.0,0,0.0,0,0,0.0,-1,-1,-1,-1,0.0,0.0
2026-07-26T14:00,0.0,0.0,0.0,0.0,26.7,1.81,4.0,138,23,6860.0,0,0.255,1810.0,120.0,0,0.0,1,0,0.0,-1,-1,-1,-1,0.0,0.0
2026-07-26T15:00,0.0,0.0,0.0,0.0,26.0,0.92,3.0,158,22,5820.0,0,0.255,1570.0,65.0,0,0.0,1,0,0.0,-1,-1,-1,-1,0.0,0.0
2026-07-26T16:00,0.0,0.0,0.0,0.0,26.0,0.3,1.3,189,1,5820.0,0,0.255,1530.0,30.0,0,0.0,0,0,0.0,-1,-1,-1,-1,0.0,0.0
2026-07-26T17:00,0.0,0.0,0.0,0.0,25.6,1.68,2.7,203,3,5820.0,0,0.255,1650.0,90.0,0,0.0,0,0,0.0,-1,-1,-1,-1,0.0,0.0
2026-07-26T18:00,0.0,0.0,0.0,0.0,25.1,0.94,4.0,155,3,4680.0,0,0.25,1440.0,55.0,0,0.0,0,0,0.0,-1,-1,-1,-1,0.0,0.0
2026-07-26T19:00,0.0,0.0,0.0,0.0,24.7,0.92,1.6,151,0,4680.0,0,0.25,1410.0,45.0,0,0.0,0,0,0.0,-1,-1,-1,-1,0.0,0.0
2026-07-26T20:00,0.0,0.0,0.0,0.0,24.5,0.81,1.5,137,4,4680.0,0,0.25,1420.0,40.0,0,0.0,0,0,0.0,-1,-1,-1,-1,0.0,0.0
2026-07-26T21:00,0.0,0.0,0.0,0.0,24.2,0.6,1.4,138,0,4680.0,0,0.25,1380.0,35.0,0,0.0,0,0,0.0,-1,-1,-1,-1,0.0,0.0
2026-07-26T22:00,0.0,0.0,0.0,0.0,24.5,0.05,0.9,90,2,3080.0,1,0.25,1370.0,10.0,0,0.0,0,0,0.0,-1,-1,-1,-1,0.0,0.0
2026-07-26T23:00,0.0,0.0,0.0,0.0,25.7,0.16,1.7,162,5,4680.0,1,0.249,1570.0,60.0,0,0.0,0,0,0.0,-1,-1,-1,-1,0.0,0.0
2026-07-27T00:00,0.0,0.0,0.0,0.0,27.0,0.35,3.2,98,5,5800.0,1,0.254,1900.0,190.0,0,0.0,0,0,0.0,-1,-1,-1,-1,0.0,0.0
2026-07-27T01:00,0.0,0.0,0.0,0.0,28.6,1.31,3.9,140,9,7760.0,1,0.252,1970.0,555.0,0,0.0,0,0,0.0,-1,-1,-1,-1,0.0,0.0
2026-07-27T02:00,0.0,0.0,0.0,0.0,29.5,1.97,5.2,153,11,6720.0,1,0.248,1860.0,810.0,0,0.0,0,0,0.0,-1,-1,-1,-1,0.0,0.0
2026-07-27T03:00,0.0,0.0,0.0,0.0,30.3,2.15,5.6,155,9,6320.0,1,0.244,1840.0,935.0,0,0.0,0,0,0.0,-1,-1,-1,-1,0.0,0.0
2026-07-27T04:00,0.1,1.0,0.0,0.0,30.7,2.88,6.9,172,23,7120.0,1,0.24,1650.0,1075.0,0,0.0,51,0,0.0,-1,-1,-1,-1,0.0,0.0
2026-07-27T05:00,0.1,1.0,0.0,0.0,31.2,2.35,6.9,176,11,6500.0,1,0.234,2040.0,1045.0,0,0.0,51,0,0.0,-1,-1,-1,-1,0.0,0.0
2026-07-27T06:00,0.1,1.0,0.0,0.0,31.0,2.41,6.6,193,29,6760.0,1,0.229,2300.0,1100.0,0,0.0,51,0,0.0,-1,-1,-1,-1,0.0,0.0
2026-07-27T07:00,0.2,0.5,0.0,0.0,31.0,2.77,7.7,186,31,6000.0,1,0.225,2070.0,1160.0,0,0.0,51,0,0.1,-1,-1,-1,-1,0.0,0.0
2026-07-27T08:00,0.0,0.0,0.0,0.0,31.1,2.47,7.7,188,16,7160.0,1,0.222,1640.0,1115.0,0,0.0,0,0,0.0,-1,-1,-1,-1,0.0,0.0
2026-07-27T09:00,0.2,0.5,0.0,0.0,30.6,2.7,6.6,178,53,3180.0,1,0.22,800.0,745.0,0,0.0,51,0,0.1,-1,-1,-1,-1,0.0,0.0
2026-07-27T10:00,0.3,0.0,0.0,0.0,29.3,2.11,5.4,144,41,7100.0,1,0.221,1230.0,270.0,0,0.0,51,1,0.3,64,0,1,14,0.0,0
2026-07-27T11:00,0.0,0.0,0.0,0.0,28.3,0.55,3.7,95,30,7940.0,1,0.221,1420.0,25.0,0,0.0,1,0,0.0,-1,-1,-1,-1,0.0,0.0
2026-07-27T12:00,0.1,0.0,0.0,0.0,26.3,0.7,5.4,339,20,5540.0,0,0.264,680.0,35.0,0,0.0,51,0,0.1,-1,-1,-1,-1,0.0,0.0
2026-07-27T13:00,0.0,0.0,0.0,0.0,25.7,1.35,2.5,31,10,5760.0,0,0.264,760.0,45.0,0,0.0,0,0,0.0,-1,-1,-1,-1,0.0,0.0
2026-07-27T14:00,0.0,0.0,0.0,0.0,25.6,1.12,2.3,80,6,5820.0,0,0.263,840.0,45.0,0,0.0,0,0,0.0,-1,-1,-1,-1,0.0,0.0
2026-07-27T15:00,0.0,0.0,0.0,0.0,25.6,1.2,2.0,90,4,4660.0,0,0.263,1230.0,50.0,0,0.0,0,0,0.0,-1,-1,-1,-1,0.0,0.0
2026-07-27T16:00,0.0,0.0,0.0,0.0,25.5,1.57,2.6,121,2,4660.0,0,0.263,1530.0,70.0,0,0.0,0,0,0.0,-1,-1,-1,-1,0.0,0.0
2026-07-27T17:00,0.0,0.0,0.0,0.0,25.4,1.59,2.8,136,2,4660.0,0,0.262,1490.0,75.0,0,0.0,0,0,0.0,-1,-1,-1,-1,0.0,0.0
2026-07-27T18:00,0.0,0.0,0.0,0.0,26.1,1.7,2.7,140,2,5820.0,0,0.25,1780.0,70.0,0,0.0,0,0,0.0,-1,-1,-1,-1,0.0,0.0
2026-07-27T19:00,0.0,0.0,0.0,0.0,25.6,1.42,2.8,141,9,5820.0,0,0.25,1510.0,65.0,0,0.0,0,0,0.0,-1,-1,-1,-1,0.0,0.0
2026-07-27T20:00,0.0,0.0,0.0,0.0,25.4,1.59,2.6,134,3,4660.0,0,0.25,1610.0,70.0,0,0.0,0,0,0.0,-1,-1,-1,-1,0.0,0.0
2026-07-27T21:00,0.0,0.0,0.0,0.0,25.4,2.05,3.5,137,5,4660.0,0,0.25,1780.0,95.0,0,0.0,0,0,0.0,-1,-1,-1,-1,0.0,0.0
2026-07-27T22:00,0.0,0.0,0.0,0.0,25.8,1.82,3.7,148,1,4660.0,1,0.25,1760.0,110.0,0,0.0,0,0,0.0,-1,-1,-1,-1,0.0,0.0
2026-07-27T23:00,0.0,0.0,0.0,0.0,26.8,1.36,3.5,144,9,4660.0,1,0.249,2190.0,150.0,0,0.0,0,0,0.0,-1,-1,-1,-1,0.0,0.0
2026-07-28T00:00,0.0,0.0,0.0,0.0,25.5,2.91,4.9,185,31,2060.0,1,0.261,830.0,205.0,0,0.0,1,0,0.0,-1,-1,-1,-1,0.0,0.0
2026-07-28T01:00,0.8,0.0,0.0,0.0,26.7,1.42,5.3,190,64,3520.0,1,0.268,1370.0,205.0,0,0.0,53,1,0.8,65,0,1,6,0.0,0
2026-07-28T02:00,0.1,0.0,0.0,0.0,28.6,0.92,4.2,158,63,6180.0,1,0.266,1980.0,350.0,0,0.0,51,0,0.1,-1,-1,-1,-1,0.0,0.0
2026-07-28T03:00,0.0,0.0,0.0,0.0,30.1,1.1,4.8,137,46,7940.0,1,0.262,2270.0,690.0,0,0.0,1,0,0.0,-1,-1,-1,-1,0.0,0.0
2026-07-28T04:00,0.2,0.5,0.0,0.0,30.9,1.75,5.9,149,72,5540.0,1,0.258,2150.0,845.0,0,0.0,51,0,0.1,-1,-1,-1,-1,0.0,0.0
2026-07-28T05:00,0.2,0.5,0.0,0.0,31.6,2.72,6.3,160,97,5460.0,1,0.255,2160.0,895.0,0,0.0,51,0,0.1,-1,-1,-1,-1,0.0,0.0
2026-07-28T06:00,0.1,0.0,0.0,0.0,31.5,2.53,7.1,142,20,6700.0,1,0.256,2170.0,1130.0,0,0.0,51,0,0.1,-1,-1,-1,-1,0.0,0.0
2026-07-28T07:00,0.1,1.0,0.0,0.0,31.2,3.03,7.7,149,47,2940.0,1,0.252,2230.0,1095.0,0,0.0,51,0,0.0,-1,-1,-1,-1,0.0,0.0
2026-07-28T08:00,1.9,0.684,0.0,0.0,29.8,2.14,8.3,159,42,4900.0,1,0.271,1950.0,475.0,0,0.2194,95,1,0.6,66,0,1,24,0.0,0.41
2026-07-28T09:00,0.0,0.0,0.0,0.0,30.0,2.01,4.8,174,35,7160.0,1,0.269,2100.0,600.0,0,0.0,1,0,0.0,-1,-1,-1,-1,0.0,0.0
2026-07-28T10:00,0.0,0.0,0.0,0.0,29.8,1.75,4.3,178,31,7620.0,1,0.266,2250.0,610.0,0,0.0,1,0,0.0,-1,-1,-1,-1,0.0,0.0
2026-07-28T11:00,0.0,0.0,0.0,0.0,28.9,1.35,3.4,182,34,6800.0,1,0.265,2610.0,370.0,0,0.0,1,0,0.0,-1,-1,-1,-1,0.0,0.0
2026-07-28T12:00,0.0,0.0,0.0,0.0,28.9,2.42,2.4,150,30,7940.0,0,0.225,1960.0,280.0,0,0.0,1,0,0.0,-1,-1,-1,-1,0.0,0.0
2026-07-28T13:00,0.0,0.0,0.0,0.0,28.1,1.9,4.2,153,40,7940.0,0,0.225,1600.0,160.0,0,0.0,1,0,0.0,-1,-1,-1,-1,0.0,0.0
2026-07-28T14:00,0.0,0.0,0.0,0.0,27.7,2.68,4.3,166,52,7940.0,0,0.225,1380.0,170.0,0,0.0,2,0,0.0,-1,-1,-1,-1,0.0,0.0
2026-07-28T15:00,0.0,0.0,0.0,0.0,27.3,2.36,4.8,185,6,6840.0,0,0.224,1430.0,190.0,0,0.0,0,0,0.0,-1,-1,-1,-1,0.0,0.0
2026-07-28T16:00,0.0,0.0,0.0,0.0,26.7,1.7,3.9,194,15,5800.0,0,0.224,1430.0,115.0,0,0.0,0,0,0.0,-1,-1,-1,-1,0.0,0.0
2026-07-28T17:00,0.0,0.0,0.0,0.0,26.2,1.19,2.9,208,43,5380.0,0,0.224,1280.0,75.0,0,0.0,1,0,0.0,-1,-1,-1,-1,0.0,0.0
2026-07-28T18:00,0.1,0.0,0.0,0.0,26.3,1.85,2.9,182,80,5640.0,0,0.224,1160.0,120.0,0,0.0,51,0,0.1,-1,-1,-1,-1,0.0,0.0
2026-07-28T19:00,0.0,0.0,0.0,0.0,26.2,2.62,4.5,187,68,4960.0,0,0.224,1110.0,245.0,0,0.0,2,0,0.0,-1,-1,-1,-1,0.0,0.0
2026-07-28T20:00,0.0,0.0,0.0,0.0,25.8,2.38,4.5,188,59,5080.0,0,0.224,1250.0,245.0,0,0.0,2,0,0.0,-1,-1,-1,-1,0.0,0.0
2026-07-28T21:00,0.0,0.0,0.0,0.0,25.3,2.11,4.1,175,64,4660.0,0,0.224,1290.0,240.0,0,0.0,2,0,0.0,-1,-1,-1,-1,0.0,0.0
2026-07-28T22:00,0.0,0.0,0.0,0.0,25.2,2.47,4.1,166,85,4660.0,1,0.223,1270.0,235.0,0,0.0,3,0,0.0,-1,-1,-1,-1,0.0,0.0
2026-07-28T23:00,0.0,0.0,0.0,0.0,26.1,2.65,5.2,177,52,4660.0,1,0.223,1210.0,330.0,0,0.0,2,0,0.0,-1,-1,-1,-1,0.0,0.0
2026-07-29T00:00,0.0,0.0,0.0,0.0,27.8,2.81,7.3,184,98,6720.0,1,0.219,1850.0,465.0,0,0.0,3,0,0.0,-1,-1,-1,-1,0.0,0.0
2026-07-29T01:00,0.0,0.0,0.0,0.0,28.8,3.06,6.6,191,80,6880.0,1,0.217,1580.0,725.0,0,0.0,3,0,0.0,-1,-1,-1,-1,0.0,0.0
2026-07-29T02:00,0.0,0.0,0.0,0.0,29.7,3.76,8.3,185,59,4720.0,1,0.214,1280.0,805.0,0,0.0,2,0,0.0,-1,-1,-1,-1,0.0,0.0
2026-07-29T03:00,0.1,1.0,0.0,0.0,30.1,3.61,8.5,184,23,5620.0,1,0.211,1610.0,845.0,0,0.0,51,0,0.0,-1,-1,-1,-1,0.0,0.0
2026-07-29T04:00,0.1,0.0,0.0,0.0,30.9,3.3,8.3,190,63,6680.0,1,0.207,1760.0,920.0,0,0.0,51,0,0.1,-1,-1,-1,-1,0.0,0.0
2026-07-29T05:00,0.0,0.0,0.0,0.0,31.5,2.93,8.0,188,88,8520.0,1,0.202,2080.0,1020.0,0,0.0,3,0,0.0,-1,-1,-1,-1,0.0,0.0
2026-07-29T06:00,0.0,0.0,0.0,0.0,31.2,2.87,7.8,187,100,8340.0,1,0.202,2180.0,1055.0,0,0.0,3,0,0.0,-1,-1,-1,-1,0.0,0.0
2026-07-29T07:00,0.0,0.0,0.0,0.0,31.3,2.76,8.2,176,91,8960.0,1,0.198,2190.0,1005.0,0,0.0,3,0,0.0,-1,-1,-1,-1,0.0,0.0
2026-07-29T08:00,0.2,0.0,0.0,0.0,30.8,3.57,7.7,174,50,3520.0,1,0.196,1900.0,675.0,0,0.0,51,0,0.2,-1,-1,-1,-1,0.0,0.0
2026-07-29T09:00,0.3,0.0,0.0,0.0,29.6,2.97,7.4,173,23,5500.0,1,0.198,2350.0,470.0,0,0.0,51,1,0.3,67,0,1,15,0.0,0
2026-07-29T10:00,0.0,0.0,0.0,0.0,29.4,2.57,6.0,167,17,6760.0,1,0.197,2440.0,470.0,0,0.0,0,0,0.0,-1,-1,-1,-1,0.0,0.0
2026-07-29T11:00,0.0,0.0,0.0,0.0,28.8,2.34,4.9,169,20,6800.0,1,0.196,2620.0,605.0,0,0.0,1,0,0.0,-1,-1,-1,-1,0.0,0.0
2026-07-29T12:00,0.0,0.0,0.0,0.0,28.9,1.82,4.1,172,48,5700.0,0,0.209,2470.0,415.0,0,0.0,1,0,0.0,-1,-1,-1,-1,0.0,0.0
2026-07-29T13:00,0.0,0.0,0.0,0.0,28.1,2.65,4.5,158,23,6720.0,0,0.209,1950.0,430.0,0,0.0,1,0,0.0,-1,-1,-1,-1,0.0,0.0
2026-07-29T14:00,0.0,0.0,0.0,0.0,27.3,3.04,5.2,163,17,5700.0,0,0.209,1700.0,470.0,0,0.0,0,0,0.0,-1,-1,-1,-1,0.0,0.0
2026-07-29T15:00,0.0,0.0,0.0,0.0,26.7,3.02,5.5,173,13,5760.0,0,0.208,1580.0,400.0,0,0.0,0,0,0.0,-1,-1,-1,-1,0.0,0.0
2026-07-29T16:00,0.0,0.0,0.0,0.0,26.3,2.7,5.3,178,3,4660.0,0,0.208,1510.0,350.0,0,0.0,0,0,0.0,-1,-1,-1,-1,0.0,0.0
2026-07-29T17:00,0.0,0.0,0.0,0.0,26.1,2.6,4.8,182,16,4660.0,0,0.208,1550.0,320.0,0,0.0,0,0,0.0,-1,-1,-1,-1,0.0,0.0
2026-07-29T18:00,0.0,0.0,0.0,0.0,26.1,2.72,4.5,173,22,4660.0,0,0.208,1620.0,350.0,0,0.0,1,0,0.0,-1,-1,-1,-1,0.0,0.0
2026-07-29T19:00,0.0,0.0,0.0,0.0,25.8,2.56,4.8,174,21,4500.0,0,0.208,1620.0,330.0,0,0.0,1,0,0.0,-1,-1,-1,-1,0.0,0.0
2026-07-29T20:00,0.0,0.0,0.0,0.0,25.7,2.8,4.9,178,20,4500.0,0,0.208,1590.0,340.0,0,0.0,1,0,0.0,-1,-1,-1,-1,0.0,0.0
2026-07-29T21:00,0.0,0.0,0.0,0.0,25.6,2.47,4.9,173,16,3040.0,0,0.208,1440.0,315.0,0,0.0,0,0,0.0,-1,-1,-1,-1,0.0,0.0
2026-07-29T22:00,0.0,0.0,0.0,0.0,25.7,2.51,4.3,167,16,4640.0,1,0.208,1440.0,320.0,0,0.0,0,0,0.0,-1,-1,-1,-1,0.0,0.0
2026-07-29T23:00,0.0,0.0,0.0,0.0,26.7,2.75,5.3,178,46,4260.0,1,0.207,1590.0,370.0,0,0.0,1,0,0.0,-1,-1,-1,-1,0.0,0.0
2026-07-30T00:00,0.1,0.0,0.0,0.0,26.9,2.65,6.4,183,63,3700.0,1,0.206,1770.0,435.0,0,0.0,51,0,0.1,-1,-1,-1,-1,0.0,0.0
2026-07-30T01:00,0.3,0.333,0.0,0.0,27.8,2.53,5.7,189,52,4000.0,1,0.208,1740.0,535.0,0,0.0,51,1,0.2,68,0,1,2,0.0,0.2
2026-07-30T02:00,0.1,0.0,0.0,0.0,29.1,3.02,6.9,192,98,5060.0,1,0.206,2090.0,745.0,0,0.0,51,0,0.1,-1,-1,-1,-1,0.0,0.0
2026-07-30T03:00,0.1,0.0,0.0,0.0,30.0,2.86,7.2,192,100,5340.0,1,0.204,2220.0,875.0,0,0.0,51,0,0.1,-1,-1,-1,-1,0.0,0.0
2026-07-30T04:00,0.3,0.667,0.0,0.0,30.6,2.69,6.9,195,33,5300.0,1,0.203,2450.0,880.0,0,0.0,51,1,0.1,69,0,2,3,0.0,0.4
2026-07-30T05:00,0.3,0.667,0.0,0.0,31.2,3.1,7.4,195,40,4000.0,1,0.202,2680.0,865.0,0,0.0,95,1,0.1,69,1,1,3,0.0,0.4
2026-07-30T06:00,0.2,0.5,0.0,0.0,31.2,3.25,7.7,190,38,5780.0,1,0.212,2170.0,790.0,0,0.0,51,0,0.1,-1,-1,-1,-1,0.0,0.0
2026-07-30T07:00,0.1,0.0,0.0,0.0,31.5,3.6,7.6,181,25,5720.0,1,0.208,2030.0,795.0,0,0.0,51,0,0.1,-1,-1,-1,-1,0.0,0.0
2026-07-30T08:00,0.1,1.0,0.0,0.0,31.4,4.24,8.9,188,57,3200.0,1,0.206,2200.0,845.0,0,0.0,51,0,0.0,-1,-1,-1,-1,0.0,0.0
2026-07-30T09:00,0.4,0.25,0.0,0.0,30.2,3.39,8.9,188,65,6280.0,1,0.208,2290.0,655.0,0,0.0,51,1,0.3,70,0,1,9,0.0,0.15
2026-07-30T10:00,0.0,0.0,0.0,0.0,29.9,3.02,6.5,187,99,6980.0,1,0.206,2330.0,705.0,0,0.0,3,0,0.0,-1,-1,-1,-1,0.0,0.0
2026-07-30T11:00,0.0,0.0,0.0,0.0,29.1,3.9,6.8,190,100,7780.0,1,0.205,2160.0,630.0,0,0.0,3,0,0.0,-1,-1,-1,-1,0.0,0.0
2026-07-30T12:00,0.0,0.0,0.0,0.0,28.2,3.5,7.5,178,98,6760.0,0,0.188,2010.0,425.0,0,0.0,3,0,0.0,-1,-1,-1,-1,0.0,0.0
2026-07-30T13:00,0.0,0.0,0.0,0.0,27.7,3.82,6.8,186,95,5740.0,0,0.188,1980.0,450.0,0,0.0,3,0,0.0,-1,-1,-1,-1,0.0,0.0
2026-07-30T14:00,0.0,0.0,0.0,0.0,27.3,3.51,6.8,191,84,5560.0,0,0.188,1780.0,435.0,0,0.0,3,0,0.0,-1,-1,-1,-1,0.0,0.0
2026-07-30T15:00,0.0,0.0,0.0,0.0,27.1,3.34,6.2,189,37,5540.0,0,0.188,1940.0,410.0,0,0.0,1,0,0.0,-1,-1,-1,-1,0.0,0.0
2026-07-30T16:00,0.0,0.0,0.0,0.0,26.9,3.36,5.9,183,63,4560.0,0,0.187,2110.0,420.0,0,0.0,2,0,0.0,-1,-1,-1,-1,0.0,0.0
2026-07-30T17:00,0.0,0.0,0.0,0.0,26.8,3.21,5.9,184,52,4420.0,0,0.187,2120.0,410.0,0,0.0,2,0,0.0,-1,-1,-1,-1,0.0,0.0
2026-07-30T18:00,0.0,0.0,0.0,0.0,27.6,3.5,6.2,179,92,3580.0,0,0.188,2970.0,555.0,0,0.0,3,0,0.0,-1,-1,-1,-1,0.0,0.0
2026-07-30T19:00,0.3,0.0,0.0,0.0,27.1,4.23,7.4,173,55,2980.0,0,0.191,2150.0,565.0,0,0.0,51,1,0.3,71,0,6,7,1.049,0.28
2026-07-30T20:00,8.8,0.989,0.0,0.0,24.8,5.62,10.4,164,100,1180.0,0,0.311,1630.0,500.0,0,0.815,96,1,0.1,71,1,5,7,1.049,0.873
2026-07-30T21:00,4.8,0.333,0.0,0.0,25.2,3.74,9.8,203,100,1300.0,0,0.374,2060.0,355.0,0,0.95,96,1,3.2,71,2,4,7,1.049,0.48
2026-07-30T22:00,3.3,0.0,0.0,0.0,25.5,3.0,6.4,191,98,2020.0,1,0.404,2000.0,370.0,0,0.575,81,1,3.3,71,3,3,7,1.049,0.28
2026-07-30T23:00,1.1,0.091,0.0,0.0,25.8,3.32,5.7,173,100,1800.0,1,0.399,1940.0,395.0,0,0.0243,55,1,1.0,71,4,2,7,1.049,0.334
2026-07-31T00:00,0.5,0.2,0.0,0.0,27.1,2.96,7.6,185,98,3140.0,1,0.36,2240.0,410.0,0,0.0,53,1,0.4,71,5,1,7,1.049,0.4
2026-07-31T01:00,0.1,0.0,0.0,0.0,27.9,3.87,7.6,194,77,5420.0,1,0.355,2330.0,465.0,0,0.0,51,0,0.1,-1,-1,-1,-1,0.0,0.0
2026-07-31T02:00,0.1,1.0,0.0,0.0,29.6,3.67,7.9,208,100,6580.0,1,0.349,2420.0,735.0,0,0.0,51,0,0.0,-1,-1,-1,-1,0.0,0.0
2026-07-31T03:00,0.1,1.0,0.0,0.0,30.6,3.26,7.6,207,72,6180.0,1,0.342,2480.0,785.0,0,0.0,95,0,0.0,-1,-1,-1,-1,0.0,0.0
2026-07-31T04:00,0.1,1.0,0.0,0.0,31.2,3.36,7.2,208,71,7920.0,1,0.334,2440.0,870.0,0,0.0,95,0,0.0,-1,-1,-1,-1,0.0,0.0
2026-07-31T05:00,0.0,0.0,0.0,0.0,32.0,3.89,8.2,208,93,8060.0,1,0.326,2350.0,1010.0,0,0.0,3,0,0.0,-1,-1,-1,-1,0.0,0.0
2026-07-31T06:00,0.1,0.0,0.0,0.0,32.2,3.0,8.5,204,80,5780.0,1,0.324,3000.0,905.0,0,0.0,51,0,0.1,-1,-1,-1,-1,0.0,0.0
2026-07-31T07:00,0.2,0.5,0.0,0.0,31.8,3.35,7.1,190,71,5840.0,1,0.319,2700.0,805.0,0,0.0,95,0,0.1,-1,-1,-1,-1,0.0,0.0
2026-07-31T08:00,4.3,0.907,0.0,0.0,28.1,3.88,9.4,218,99,2000.0,1,0.367,2630.0,450.0,0,0.825,96,1,0.4,72,0,4,6,1.188,0.861
2026-07-31T09:00,0.7,0.0,0.0,0.0,28.3,3.31,7.2,207,82,2780.0,1,0.368,2670.0,475.0,0,0.0,53,1,0.7,72,1,3,6,1.188,0.317
2026-07-31T10:00,0.8,0.0,0.0,0.0,28.0,2.93,6.6,237,91,2960.0,1,0.369,2540.0,350.0,0,0.0,53,1,0.8,72,2,2,6,1.188,0.317
2026-07-31T11:00,0.4,0.0,0.0,0.0,27.4,1.59,5.2,193,95,3300.0,1,0.367,2260.0,200.0,0,0.0,51,1,0.4,72,3,1,6,1.188,0.317
2026-07-31T12:00,0.1,0.0,0.0,0.0,28.3,2.1,2.6,177,96,5780.0,0,0.32,2540.0,120.0,0,0.0,51,0,0.1,-1,-1,-1,-1,0.0,0.0
2026-07-31T13:00,0.0,0.0,0.0,0.0,28.1,2.3,3.8,178,98,5780.0,0,0.318,2740.0,115.0,0,0.0,3,0,0.0,-1,-1,-1,-1,0.0,0.0
2026-07-31T14:00,0.0,0.0,0.0,0.0,28.2,2.45,4.1,181,100,5780.0,0,0.317,3160.0,170.0,0,0.0,3,0,0.0,-1,-1,-1,-1,0.0,0.0
2026-07-31T15:00,0.0,0.0,0.0,0.0,28.3,3.37,5.7,192,98,5780.0,0,0.315,3140.0,320.0,0,0.0,3,0,0.0,-1,-1,-1,-1,0.0,0.0
2026-07-31T16:00,0.0,0.0,0.0,0.0,28.1,3.61,6.3,194,99,4840.0,0,0.314,3030.0,365.0,0,0.0,3,0,0.0,-1,-1,-1,-1,0.0,0.0
2026-07-31T17:00,0.2,0.5,0.0,0.0,27.7,3.24,6.3,189,79,3080.0,0,0.315,2930.0,310.0,0,0.0,51,0,0.1,-1,-1,-1,-1,0.0,0.0
2026-07-31T18:00,0.3,1.0,0.0,0.0,27.4,2.6,5.5,177,23,3800.0,0,0.329,2700.0,215.0,0,0.0,51,1,0.0,73,0,1,58,0.0,0.6
2026-07-31T19:00,0.0,0.0,0.0,0.0,27.2,3.0,5.0,181,40,4640.0,0,0.327,2590.0,265.0,0,0.0,1,0,0.0,-1,-1,-1,-1,0.0,0.0
2026-07-31T20:00,0.0,0.0,0.0,0.0,27.1,3.39,5.8,189,29,4640.0,0,0.325,2470.0,305.0,0,0.0,1,0,0.0,-1,-1,-1,-1,0.0,0.0
2026-07-31T21:00,0.0,0.0,0.0,0.0,26.9,3.47,6.1,192,67,4640.0,0,0.323,2310.0,340.0,0,0.0,2,0,0.0,-1,-1,-1,-1,0.0,0.0
2026-07-31T22:00,0.0,0.0,0.0,0.0,27.0,3.22,6.0,192,91,4640.0,1,0.321,2430.0,340.0,0,0.0,3,0,0.0,-1,-1,-1,-1,0.0,0.0
2026-07-31T23:00,0.0,0.0,0.0,0.0,27.6,2.87,5.5,193,95,4640.0,1,0.319,2620.0,370.0,0,0.0,3,0,0.0,-1,-1,-1,-1,0.0,0.0
2026-08-01T00:00,0.0,0.0,0.0,0.0,28.9,2.99,5.0,198,25,5780.0,1,0.304,3170.0,440.0,0,0.0,1,0,0.0,-1,-1,-1,-1,0.0,0.0
2026-08-01T01:00,0.0,0.0,0.0,0.0,30.1,3.22,6.9,206,71,6820.0,1,0.3,3530.0,505.0,0,0.0,2,0,0.0,-1,-1,-1,-1,0.0,0.0
2026-08-01T02:00,0.0,0.0,0.0,0.0,31.2,2.73,6.8,208,84,7500.0,1,0.295,4130.0,560.0,0,0.0,3,0,0.0,-1,-1,-1,-1,0.0,0.0
2026-08-01T03:00,0.0,0.0,0.0,0.0,32.3,2.51,6.3,211,97,7020.0,1,0.29,3890.0,660.0,0,0.0,3,0,0.0,-1,-1,-1,-1,0.0,0.0
2026-08-01T04:00,0.2,1.0,0.0,0.0,33.1,2.13,6.6,210,95,8920.0,1,0.285,3390.0,830.0,0,0.0,95,0,0.0,-1,-1,-1,-1,0.0,0.0
2026-08-01T05:00,0.0,0.0,0.0,0.0,33.5,2.14,5.3,196,97,8920.0,1,0.279,3470.0,925.0,0,0.0,3,0,0.0,-1,-1,-1,-1,0.0,0.0
2026-08-01T06:00,0.0,0.0,0.0,0.0,33.7,2.78,6.0,194,96,8920.0,1,0.281,3460.0,980.0,0,0.0,3,0,0.0,-1,-1,-1,-1,0.0,0.0
2026-08-01T07:00,0.0,0.0,0.0,0.0,33.7,3.23,6.7,196,95,8920.0,1,0.275,3500.0,970.0,0,0.0,3,0,0.0,-1,-1,-1,-1,0.0,0.0
2026-08-01T08:00,0.0,0.0,0.0,0.0,33.4,3.32,6.7,198,92,7480.0,1,0.27,3610.0,960.0,0,0.0,3,0,0.0,-1,-1,-1,-1,0.0,0.0
2026-08-01T09:00,0.1,1.0,0.0,0.0,32.7,2.88,6.5,200,98,8920.0,1,0.268,3640.0,815.0,0,0.0,95,0,0.0,-1,-1,-1,-1,0.0,0.0
2026-08-01T10:00,0.0,0.0,0.0,0.0,32.2,2.19,5.3,191,94,7900.0,1,0.265,4540.0,550.0,0,0.0,3,0,0.0,-1,-1,-1,-1,0.0,0.0
2026-08-01T11:00,0.0,0.0,0.0,0.0,31.1,2.53,4.4,195,98,7900.0,1,0.264,4220.0,375.0,0,0.0,3,0,0.0,-1,-1,-1,-1,0.0,0.0
2026-08-01T12:00,0.0,0.0,0.0,0.0,28.9,2.57,5.1,209,84,4600.0,0,0.235,3170.0,275.0,0,0.0,3,0,0.0,-1,-1,-1,-1,0.0,0.0
2026-08-01T13:00,0.1,0.0,0.0,0.0,28.7,1.37,4.4,204,69,5780.0,0,0.235,2830.0,125.0,0,0.0,51,0,0.1,-1,-1,-1,-1,0.0,0.0
2026-08-01T14:00,0.0,0.0,0.0,0.0,28.5,1.9,2.9,180,49,6800.0,0,0.235,2560.0,135.0,0,0.0,1,0,0.0,-1,-1,-1,-1,0.0,0.0
2026-08-01T15:00,0.0,0.0,0.0,0.0,28.2,2.46,4.1,186,30,6820.0,0,0.235,2480.0,240.0,0,0.0,1,0,0.0,-1,-1,-1,-1,0.0,0.0
2026-08-01T16:00,0.0,0.0,0.0,0.0,27.9,2.51,4.5,197,16,6820.0,0,0.234,2440.0,220.0,0,0.0,0,0,0.0,-1,-1,-1,-1,0.0,0.0
2026-08-01T17:00,0.0,0.0,0.0,0.0,27.6,2.45,4.1,180,9,5780.0,0,0.234,2490.0,165.0,0,0.0,0,0,0.0,-1,-1,-1,-1,0.0,0.0
2026-08-01T18:00,0.0,0.0,0.0,0.0,27.8,2.44,4.5,169,54,5780.0,0,0.232,2810.0,165.0,0,0.0,2,0,0.0,-1,-1,-1,-1,0.0,0.0
2026-08-01T19:00,0.0,0.0,0.0,0.0,27.4,2.76,4.7,175,59,5780.0,0,0.232,2780.0,210.0,0,0.0,2,0,0.0,-1,-1,-1,-1,0.0,0.0
2026-08-01T20:00,0.0,0.0,0.0,0.0,27.2,2.65,4.8,181,41,4640.0,0,0.232,2630.0,225.0,0,0.0,1,0,0.0,-1,-1,-1,-1,0.0,0.0
2026-08-01T21:00,0.0,0.0,0.0,0.0,27.0,2.4,4.5,179,73,4640.0,0,0.232,2600.0,220.0,0,0.0,2,0,0.0,-1,-1,-1,-1,0.0,0.0
2026-08-01T22:00,0.0,0.0,0.0,0.0,27.2,2.86,4.8,175,4,4640.0,1,0.231,2520.0,265.0,0,0.0,0,0,0.0,-1,-1,-1,-1,0.0,0.0
2026-08-01T23:00,0.0,0.0,0.0,0.0,28.0,2.26,5.2,175,0,5780.0,1,0.231,2720.0,370.0,0,0.0,0,0,0.0,-1,-1,-1,-1,0.0,0.0
2026-08-02T00:00,0.0,0.0,0.0,0.0,29.3,2.52,5.6,187,0,5780.0,1,0.208,3440.0,450.0,0,0.0,0,0,0.0,-1,-1,-1,-1,0.0,0.0
2026-08-02T01:00,0.0,0.0,0.0,0.0,30.6,3.01,6.7,191,56,7900.0,1,0.206,3530.0,585.0,0,0.0,2,0,0.0,-1,-1,-1,-1,0.0,0.0
2026-08-02T02:00,0.0,0.0,0.0,0.0,31.6,3.1,6.8,190,98,7900.0,1,0.203,3770.0,790.0,0,0.0,3,0,0.0,-1,-1,-1,-1,0.0,0.0
2026-08-02T03:00,0.0,0.0,0.0,0.0,32.4,3.1,7.2,195,64,8920.0,1,0.199,3750.0,885.0,0,0.0,2,0,0.0,-1,-1,-1,-1,0.0,0.0
2026-08-02T04:00,0.0,0.0,0.0,0.0,33.3,3.01,7.3,191,7,7980.0,1,0.194,3900.0,885.0,0,0.0,0,0,0.0,-1,-1,-1,-1,0.0,0.0
2026-08-02T05:00,0.0,0.0,0.0,0.0,33.9,3.18,7.1,188,9,6580.0,1,0.189,4140.0,910.0,0,0.0,0,0,0.0,-1,-1,-1,-1,0.0,0.0
2026-08-02T06:00,0.1,1.0,0.0,0.0,34.1,4.48,8.0,186,6,7280.0,1,0.211,4350.0,1115.0,0,0.0,51,0,0.0,-1,-1,-1,-1,0.0,0.0
2026-08-02T07:00,0.0,0.0,0.0,0.0,34.1,4.68,9.6,186,7,7320.0,1,0.206,3630.0,1145.0,0,0.0,0,0,0.0,-1,-1,-1,-1,0.0,0.0
2026-08-02T08:00,0.1,0.0,0.0,0.0,34.1,4.7,9.3,188,27,6220.0,1,0.202,3090.0,1185.0,0,0.0,51,0,0.1,-1,-1,-1,-1,0.0,0.0
2026-08-02T09:00,0.0,0.0,0.0,0.0,33.5,3.94,8.9,192,16,7840.0,1,0.199,3820.0,1140.0,0,0.0,0,0,0.0,-1,-1,-1,-1,0.0,0.0
2026-08-02T10:00,0.0,0.0,0.0,0.0,32.6,3.61,7.4,190,35,8920.0,1,0.197,3880.0,960.0,0,0.0,1,0,0.0,-1,-1,-1,-1,0.0,0.0
2026-08-02T11:00,0.0,0.0,0.0,0.0,31.5,3.56,6.5,183,44,8920.0,1,0.196,3590.0,680.0,0,0.0,1,0,0.0,-1,-1,-1,-1,0.0,0.0
2026-08-02T12:00,0.0,0.0,0.0,0.0,30.9,3.67,7.1,174,21,8920.0,0,0.169,3020.0,385.0,0,0.0,1,0,0.0,-1,-1,-1,-1,0.0,0.0
2026-08-02T13:00,0.0,0.0,0.0,0.0,30.1,4.2,7.5,178,1,7900.0,0,0.168,2570.0,375.0,0,0.0,0,0,0.0,-1,-1,-1,-1,0.0,0.0
2026-08-02T14:00,0.0,0.0,0.0,0.0,29.4,3.2,7.3,182,2,7900.0,0,0.168,2570.0,265.0,0,0.0,0,0,0.0,-1,-1,-1,-1,0.0,0.0
2026-08-02T15:00,0.0,0.0,0.0,0.0,28.9,2.68,5.4,189,1,7900.0,0,0.168,2290.0,200.0,0,0.0,0,0,0.0,-1,-1,-1,-1,0.0,0.0
2026-08-02T16:00,0.0,0.0,0.0,0.0,28.7,2.9,4.9,177,0,7900.0,0,0.167,2180.0,200.0,0,0.0,0,0,0.0,-1,-1,-1,-1,0.0,0.0
2026-08-02T17:00,0.0,0.0,0.0,0.0,28.4,3.32,5.7,174,1,7900.0,0,0.167,2120.0,225.0,0,0.0,0,0,0.0,-1,-1,-1,-1,0.0,0.0
2026-08-02T18:00,0.0,0.0,0.0,0.0,29.0,3.42,6.1,174,0,7900.0,0,0.163,2120.0,290.0,0,0.0,0,0,0.0,-1,-1,-1,-1,0.0,0.0
2026-08-02T19:00,0.0,0.0,0.0,0.0,28.5,3.93,6.7,173,0,7900.0,0,0.162,2100.0,300.0,0,0.0,0,0,0.0,-1,-1,-1,-1,0.0,0.0
2026-08-02T20:00,0.0,0.0,0.0,0.0,28.4,3.61,7.0,175,1,7900.0,0,0.162,2030.0,310.0,0,0.0,0,0,0.0,-1,-1,-1,-1,0.0,0.0
2026-08-02T21:00,0.0,0.0,0.0,0.0,28.0,3.63,6.3,172,0,7880.0,0,0.162,1930.0,300.0,0,0.0,0,0,0.0,-1,-1,-1,-1,0.0,0.0
2026-08-02T22:00,0.0,0.0,0.0,0.0,27.9,3.4,6.3,178,0,7880.0,1,0.162,1830.0,300.0,0,0.0,0,0,0.0,-1,-1,-1,-1,0.0,0.0
2026-08-02T23:00,0.0,0.0,0.0,0.0,28.8,3.2,6.0,183,1,7880.0,1,0.161,2260.0,415.0,0,0.0,0,0,0.0,-1,-1,-1,-1,0.0,0.0
2026-08-03T00:00,0.0,0.0,0.0,0.0,29.9,3.51,6.4,183,0,7880.0,1,0.158,3010.0,525.0,0,0.0,0,0,0.0,-1,-1,-1,-1,0.0,0.0
2026-08-03T01:00,0.0,0.0,0.0,0.0,31.1,3.5,7.3,190,0,7880.0,1,0.156,3440.0,740.0,0,0.0,0,0,0.0,-1,-1,-1,-1,0.0,0.0
2026-08-03T02:00,0.0,0.0,0.0,0.0,32.3,4.02,8.3,191,0,8900.0,1,0.153,3620.0,1015.0,0,0.0,0,0,0.0,-1,-1,-1,-1,0.0,0.0
2026-08-03T03:00,0.2,1.0,0.0,0.0,33.3,4.99,10.4,196,16,6360.0,1,0.152,3140.0,1175.0,0,0.0,51,0,0.0,-1,-1,-1,-1,0.0,0.0
2026-08-03T04:00,0.1,1.0,0.0,0.0,32.8,5.11,10.7,194,30,5420.0,1,0.149,3020.0,1045.0,0,0.0,51,0,0.0,-1,-1,-1,-1,0.0,0.0
2026-08-03T05:00,0.3,0.0,0.0,0.0,33.9,4.7,11.0,197,43,9920.0,1,0.148,2950.0,1370.0,0,0.0,51,1,0.3,74,0,1,-1,0.0,0
2026-08-03T06:00,0.0,0.0,0.0,0.0,33.6,3.8,11.8,178,38,8980.0,1,0.147,3380.0,1135.0,0,0.0,1,0,0.0,-1,-1,-1,-1,0.0,0.0
2026-08-03T07:00,0.0,0.0,0.0,0.0,34.3,4.83,11.3,190,23,9920.0,1,0.144,2770.0,1405.0,0,0.0,1,0,0.0,-1,-1,-1,-1,0.0,0.0
2026-08-03T08:00,0.0,0.0,0.0,0.0,34.3,4.93,11.1,191,31,9920.0,1,0.141,2510.0,1600.0,0,0.0,1,0,0.0,-1,-1,-1,-1,0.0,0.0
2026-08-03T09:00,0.1,1.0,0.0,0.0,33.5,4.81,10.7,207,23,8160.0,1,0.14,2710.0,1375.0,0,0.0,51,0,0.0,-1,-1,-1,-1,0.0,0.0
2026-08-03T10:00,0.0,0.0,0.0,0.0,32.3,4.36,9.0,208,16,8900.0,1,0.139,3130.0,1065.0,0,0.0,0,0,0.0,-1,-1,-1,-1,0.0,0.0
2026-08-03T11:00,0.0,0.0,0.0,0.0,31.0,3.18,7.9,213,43,7880.0,1,0.138,3190.0,640.0,0,0.0,1,0,0.0,-1,-1,-1,-1,0.0,0.0
2026-08-03T12:00,0.0,0.0,0.0,0.0,30.3,4.19,5.6,209,48,8900.0,0,0.101,2260.0,545.0,0,0.0,1,0,0.0,-1,-1,-1,-1,0.0,0.0
2026-08-03T13:00,0.2,1.0,0.0,0.0,28.5,4.27,8.6,252,60,4340.0,0,0.104,2110.0,355.0,0,0.0,95,0,0.0,-1,-1,-1,-1,0.0,0.0
2026-08-03T14:00,0.1,0.0,0.0,0.0,27.7,2.15,7.4,208,46,7260.0,0,0.105,2080.0,160.0,0,0.0,51,0,0.1,-1,-1,-1,-1,0.0,0.0
2026-08-03T15:00,0.0,0.0,0.0,0.0,27.4,1.26,3.5,198,74,7880.0,0,0.105,2280.0,95.0,0,0.0,2,0,0.0,-1,-1,-1,-1,0.0,0.0
2026-08-03T16:00,0.0,0.0,0.0,0.0,27.3,0.9,1.9,199,56,7880.0,0,0.105,2110.0,70.0,0,0.0,2,0,0.0,-1,-1,-1,-1,0.0,0.0
2026-08-03T17:00,0.0,0.0,0.0,0.0,27.2,0.43,1.1,291,66,7880.0,0,0.105,2150.0,35.0,0,0.0,2,0,0.0,-1,-1,-1,-1,0.0,0.0
2026-08-03T18:00,0.0,0.0,0.0,0.0,26.9,0.65,0.6,86,26,6800.0,0,0.089,2540.0,25.0,0,0.0,1,0,0.0,-1,-1,-1,-1,0.0,0.0
2026-08-03T19:00,0.0,0.0,0.0,0.0,26.2,0.94,1.3,115,25,5760.0,0,0.089,2450.0,35.0,0,0.0,1,0,0.0,-1,-1,-1,-1,0.0,0.0
2026-08-03T20:00,0.0,0.0,0.0,0.0,26.0,1.01,1.4,153,20,5760.0,0,0.089,2380.0,45.0,0,0.0,1,0,0.0,-1,-1,-1,-1,0.0,0.0
2026-08-03T21:00,0.0,0.0,0.0,0.0,25.9,1.06,1.5,172,16,5760.0,0,0.089,2300.0,45.0,0,0.0,0,0,0.0,-1,-1,-1,-1,0.0,0.0
2026-08-03T22:00,0.0,0.0,0.0,0.0,26.1,1.8,2.9,161,17,5760.0,1,0.089,2150.0,60.0,0,0.0,0,0,0.0,-1,-1,-1,-1,0.0,0.0
2026-08-03T23:00,0.0,0.0,0.0,0.0,27.5,2.05,4.1,177,64,6800.0,1,0.089,2220.0,130.0,0,0.0,2,0,0.0,-1,-1,-1,-1,0.0,0.0
2026-08-04T00:00,0.0,0.0,0.0,0.0,29.4,1.47,4.0,190,62,7880.0,1,0.077,3110.0,190.0,0,0.0,2,0,0.0,-1,-1,-1,-1,0.0,0.0
2026-08-04T01:00,0.0,0.0,0.0,0.0,31.6,1.66,4.5,201,45,7880.0,1,0.077,3350.0,470.0,0,0.0,1,0,0.0,-1,-1,-1,-1,0.0,0.0
2026-08-04T02:00,0.0,0.0,0.0,0.0,33.2,1.84,5.1,221,13,8900.0,1,0.077,3450.0,810.0,0,0.0,0,0,0.0,-1,-1,-1,-1,0.0,0.0
2026-08-04T03:00,0.0,0.0,0.0,0.0,34.4,2.12,6.8,223,45,9900.0,1,0.078,3340.0,1240.0,0,0.0,1,0,0.0,-1,-1,-1,-1,0.0,0.0
2026-08-04T04:00,0.0,0.0,0.0,0.0,35.2,2.52,7.2,219,78,9900.0,1,0.078,3090.0,1530.0,0,0.0,2,0,0.0,-1,-1,-1,-1,0.0,0.0
2026-08-04T05:00,0.0,0.0,0.0,0.0,35.8,2.66,7.4,214,86,9900.0,1,0.078,2600.0,1630.0,0,0.0,3,0,0.0,-1,-1,-1,-1,0.0,0.0
2026-08-04T06:00,0.0,0.0,0.0,0.0,35.2,2.94,7.4,227,89,9900.0,1,0.12,2200.0,1435.0,0,0.0,3,0,0.0,-1,-1,-1,-1,0.0,0.0
2026-08-04T07:00,0.0,0.0,0.0,0.0,34.1,1.72,7.8,210,98,9900.0,1,0.118,2120.0,590.0,0,0.0,3,0,0.0,-1,-1,-1,-1,0.0,0.0
2026-08-04T08:00,0.0,0.0,0.0,0.0,33.4,3.96,7.4,266,90,7760.0,1,0.115,1860.0,610.0,0,0.0,3,0,0.0,-1,-1,-1,-1,0.0,0.0
2026-08-04T09:00,0.0,0.0,0.0,0.0,31.1,2.71,9.7,295,27,8900.0,1,0.114,1890.0,165.0,0,0.0,1,0,0.0,-1,-1,-1,-1,0.0,0.0
2026-08-04T10:00,0.0,0.0,0.0,0.0,31.3,3.21,6.0,307,10,8900.0,1,0.113,2830.0,350.0,0,0.0,0,0,0.0,-1,-1,-1,-1,0.0,0.0
2026-08-04T11:00,0.0,0.0,0.0,0.0,30.1,2.97,6.7,327,59,7880.0,1,0.113,2700.0,295.0,0,0.0,2,0,0.0,-1,-1,-1,-1,0.0,0.0
2026-08-04T12:00,0.0,0.0,0.0,0.0,28.6,2.55,5.3,334,99,7880.0,0,0.126,2050.0,270.0,0,0.0,3,0,0.0,-1,-1,-1,-1,0.0,0.0
2026-08-04T13:00,0.0,0.0,0.0,0.0,28.0,1.96,4.6,354,99,6800.0,0,0.125,1740.0,180.0,0,0.0,3,0,0.0,-1,-1,-1,-1,0.0,0.0
2026-08-04T14:00,0.0,0.0,0.0,0.0,27.6,2.05,3.6,1,100,6800.0,0,0.125,1580.0,140.0,0,0.0,3,0,0.0,-1,-1,-1,-1,0.0,0.0
2026-08-04T15:00,0.0,0.0,0.0,0.0,27.1,1.06,3.5,8,99,6800.0,0,0.125,1580.0,90.0,0,0.0,3,0,0.0,-1,-1,-1,-1,0.0,0.0
2026-08-04T16:00,0.0,0.0,0.0,0.0,26.8,1.42,2.9,10,98,5760.0,0,0.125,1580.0,100.0,0,0.0,3,0,0.0,-1,-1,-1,-1,0.0,0.0
2026-08-04T17:00,0.0,0.0,0.0,0.0,26.5,0.18,2.4,34,94,5760.0,0,0.125,1610.0,25.0,0,0.0,3,0,0.0,-1,-1,-1,-1,0.0,0.0
2026-08-04T18:00,0.0,0.0,0.0,0.0,26.7,0.22,0.9,297,45,5760.0,0,0.111,1620.0,20.0,0,0.0,1,0,0.0,-1,-1,-1,-1,0.0,0.0
2026-08-04T19:00,0.0,0.0,0.0,0.0,26.3,0.41,0.6,346,45,5760.0,0,0.111,1610.0,25.0,0,0.0,1,0,0.0,-1,-1,-1,-1,0.0,0.0
2026-08-04T20:00,0.0,0.0,0.0,0.0,26.1,0.51,0.7,79,68,5760.0,0,0.111,1700.0,30.0,0,0.0,2,0,0.0,-1,-1,-1,-1,0.0,0.0
2026-08-04T21:00,0.0,0.0,0.0,0.0,26.0,0.58,0.8,59,84,5760.0,0,0.111,2000.0,35.0,0,0.0,3,0,0.0,-1,-1,-1,-1,0.0,0.0
2026-08-04T22:00,0.0,0.0,0.0,0.0,26.3,0.76,1.3,11,9,5760.0,1,0.111,2150.0,30.0,0,0.0,0,0,0.0,-1,-1,-1,-1,0.0,0.0
2026-08-04T23:00,0.0,0.0,0.0,0.0,27.8,1.14,2.7,331,1,6800.0,1,0.111,2190.0,70.0,0,0.0,0,0,0.0,-1,-1,-1,-1,0.0,0.0
