time_utc,precipitation,rain,showers,snowfall,snowfall_water_equivalent,snow_depth,weather_code,cape,convective_inhibition,boundary_layer_height,temperature_2m,wind_speed_10m,wind_gusts_10m,wind_direction_10m,cloud_cover,visibility,is_day,soil_moisture_0_to_7cm
2026-01-14T00:00,0.0,0.0,0.0,0.0,0.0,0.0,3,0.0,15.0,45.0,8.5,1.15,2.0,326,93,660.0,1,0.292
2026-01-14T01:00,0.0,0.0,0.0,0.0,0.0,0.0,0,0.0,14.0,85.0,10.9,0.88,3.3,317,2,8940.0,1,0.292
2026-01-14T02:00,0.0,0.0,0.0,0.0,0.0,0.0,0,0.0,13.0,185.0,14.7,0.94,3.9,335,0,15020.0,1,0.291
2026-01-14T03:00,0.0,0.0,0.0,0.0,0.0,0.0,0,0.0,12.0,300.0,18.0,1.14,4.5,337,0,16020.0,1,0.29
2026-01-14T04:00,0.0,0.0,0.0,0.0,0.0,0.0,0,0.0,11.0,530.0,20.4,0.79,4.5,325,0,16900.0,1,0.288
2026-01-14T05:00,0.0,0.0,0.0,0.0,0.0,0.0,0,0.0,11.0,925.0,21.9,0.72,4.2,282,0,16900.0,1,0.286
2026-01-14T06:00,0.0,0.0,0.0,0.0,0.0,0.0,0,0.0,10.0,1150.0,22.3,0.79,4.2,235,0,18640.0,1,0.284
2026-01-14T07:00,0.0,0.0,0.0,0.0,0.0,0.0,0,0.0,,1270.0,23.1,0.99,3.9,221,0,18660.0,1,0.282
2026-01-14T08:00,0.0,0.0,0.0,0.0,0.0,0.0,0,0.0,,1285.0,23.0,1.0,3.8,186,0,18660.0,1,0.281
2026-01-14T09:00,0.0,0.0,0.0,0.0,0.0,0.0,0,0.0,,30.0,21.5,0.35,3.0,135,0,16920.0,1,0.281
2026-01-14T10:00,0.0,0.0,0.0,0.0,0.0,0.0,0,0.0,,10.0,18.1,0.11,0.9,297,0,16920.0,0,0.281
2026-01-14T11:00,0.0,0.0,0.0,0.0,0.0,0.0,0,0.0,,20.0,16.1,0.56,1.1,280,0,16040.0,0,0.281
2026-01-14T12:00,0.0,0.0,0.0,0.0,0.0,0.0,0,0.0,,30.0,14.7,1.18,1.7,216,0,15040.0,0,0.278
2026-01-14T13:00,0.0,0.0,0.0,0.0,0.0,0.0,0,0.0,,35.0,13.4,1.25,2.5,178,0,15040.0,0,0.278
2026-01-14T14:00,0.0,0.0,0.0,0.0,0.0,0.0,0,0.0,,20.0,12.9,0.66,2.2,171,1,15040.0,0,0.278
2026-01-14T15:00,0.0,0.0,0.0,0.0,0.0,0.0,0,0.0,,15.0,12.4,0.5,1.3,186,0,15040.0,0,0.279
2026-01-14T16:00,0.0,0.0,0.0,0.0,0.0,0.0,0,0.0,,15.0,12.1,0.27,1.1,158,0,15040.0,0,0.279
2026-01-14T17:00,0.0,0.0,0.0,0.0,0.0,0.0,0,0.0,,10.0,11.6,0.16,0.7,198,0,13900.0,0,0.279
2026-01-14T18:00,0.0,0.0,0.0,0.0,0.0,0.0,0,0.0,,10.0,11.4,0.1,0.6,180,0,13900.0,0,0.28
2026-01-14T19:00,0.0,0.0,0.0,0.0,0.0,0.0,0,0.0,,10.0,10.8,0.1,0.6,360,0,13900.0,0,0.28
2026-01-14T20:00,0.0,0.0,0.0,0.0,0.0,0.0,0,0.0,,10.0,10.5,0.07,0.5,315,0,13900.0,0,0.281
2026-01-14T21:00,0.0,0.0,0.0,0.0,0.0,0.0,0,0.0,,15.0,10.1,0.25,0.8,307,0,13900.0,0,0.281
2026-01-14T22:00,0.0,0.0,0.0,0.0,0.0,0.0,0,0.0,,30.0,9.8,0.36,1.1,326,0,12100.0,0,0.281
2026-01-14T23:00,0.0,0.0,0.0,0.0,0.0,0.0,0,0.0,,20.0,9.5,0.27,1.1,338,0,12100.0,0,0.282
2026-01-15T00:00,0.0,0.0,0.0,0.0,0.0,0.0,1,0.0,,40.0,10.5,1.03,1.3,317,22,780.0,1,0.282
2026-01-15T01:00,0.0,0.0,0.0,0.0,0.0,0.0,0,0.0,,90.0,12.9,0.29,2.6,329,16,12100.0,1,0.282
2026-01-15T02:00,0.0,0.0,0.0,0.0,0.0,0.0,0,0.0,,175.0,16.2,0.45,3.3,360,2,15060.0,1,0.281
2026-01-15T03:00,0.0,0.0,0.0,0.0,0.0,0.0,0,0.0,,295.0,19.3,0.27,3.4,338,0,16080.0,1,0.28
2026-01-15T04:00,0.0,0.0,0.0,0.0,0.0,0.0,0,0.0,,490.0,21.6,0.73,4.1,344,0,16960.0,1,0.278
2026-01-15T05:00,0.0,0.0,0.0,0.0,0.0,0.0,0,0.0,,735.0,23.0,0.84,4.3,343,0,16960.0,1,0.276
2026-01-15T06:00,0.0,0.0,0.0,0.0,0.0,0.0,0,0.0,,1210.0,23.4,1.31,4.3,320,0,18720.0,1,0.274
2026-01-15T07:00,0.0,0.0,0.0,0.0,0.0,0.0,0,0.0,,1050.0,23.8,1.53,4.7,308,1,18720.0,1,0.272
2026-01-15T08:00,0.0,0.0,0.0,0.0,0.0,0.0,0,0.0,,540.0,23.4,1.17,4.6,310,2,18720.0,1,0.27
2026-01-15T09:00,0.0,0.0,0.0,0.0,0.0,0.0,0,0.0,,20.0,21.5,0.49,3.2,246,1,16960.0,1,0.27
2026-01-15T10:00,0.0,0.0,0.0,0.0,0.0,0.0,0,0.0,,20.0,17.9,0.69,1.1,210,2,16960.0,0,0.27
2026-01-15T11:00,0.0,0.0,0.0,0.0,0.0,0.0,0,0.0,,20.0,16.8,0.61,1.4,235,1,16980.0,0,0.271
2026-01-15T12:00,0.0,0.0,0.0,0.0,0.0,0.0,0,0.0,,10.0,15.9,0.11,1.1,207,0,16100.0,0,0.271
2026-01-15T13:00,0.0,0.0,0.0,0.0,0.0,0.0,0,0.0,,15.0,14.7,0.32,0.7,51,0,16100.0,0,0.271
2026-01-15T14:00,0.0,0.0,0.0,0.0,0.0,0.0,0,0.0,,15.0,14.0,0.21,0.7,194,0,16100.0,0,0.271
2026-01-15T15:00,0.0,0.0,0.0,0.0,0.0,0.0,0,0.0,,25.0,12.4,1.1,2.2,204,0,15080.0,0,0.271
2026-01-15T16:00,0.0,0.0,0.0,0.0,0.0,0.0,0,0.0,,25.0,11.6,1.1,2.2,185,0,13940.0,0,0.272
2026-01-15T17:00,0.0,0.0,0.0,0.0,0.0,0.0,0,0.0,,20.0,11.3,0.66,2.2,171,0,13940.0,0,0.272
2026-01-15T18:00,0.0,0.0,0.0,0.0,0.0,0.0,0,0.0,,15.0,11.4,0.35,1.5,172,0,12120.0,0,0.276
2026-01-15T19:00,0.0,0.0,0.0,0.0,0.0,0.0,0,0.0,,10.0,11.1,0.11,1.0,243,0,12120.0,0,0.277
2026-01-15T20:00,0.0,0.0,0.0,0.0,0.0,0.0,0,0.0,,10.0,10.8,0.15,0.7,360,0,12120.0,0,0.277
2026-01-15T21:00,0.0,0.0,0.0,0.0,0.0,0.0,0,0.0,,15.0,10.4,0.25,0.8,360,0,12120.0,0,0.277
2026-01-15T22:00,0.0,0.0,0.0,0.0,0.0,0.0,0,0.0,,15.0,10.1,0.25,0.8,349,0,10840.0,0,0.278
2026-01-15T23:00,0.0,0.0,0.0,0.0,0.0,0.0,0,0.0,,15.0,9.7,0.27,0.8,338,0,10840.0,0,0.278
2026-01-16T00:00,0.0,0.0,0.0,0.0,0.0,0.0,0,0.0,,20.0,11.3,0.6,1.6,336,0,10840.0,1,0.275
2026-01-16T01:00,0.0,0.0,0.0,0.0,0.0,0.0,0,0.0,,90.0,13.9,0.69,3.0,330,0,13960.0,1,0.275
2026-01-16T02:00,0.0,0.0,0.0,0.0,0.0,0.0,0,0.0,,185.0,17.1,0.79,3.7,342,0,15100.0,1,0.274
2026-01-16T03:00,0.0,0.0,0.0,0.0,0.0,0.0,0,0.0,,280.0,20.1,0.81,4.0,338,0,16120.0,1,0.273
2026-01-16T04:00,0.0,0.0,0.0,0.0,0.0,0.0,0,0.0,,435.0,22.3,0.85,4.3,339,0,17000.0,1,0.271
2026-01-16T05:00,0.0,0.0,0.0,0.0,0.0,0.0,0,0.0,,710.0,23.9,0.87,4.4,336,0,17000.0,1,0.269
2026-01-16T06:00,0.0,0.0,0.0,0.0,0.0,0.0,0,0.0,,855.0,24.2,0.81,4.3,330,1,18780.0,1,0.267
2026-01-16T07:00,0.0,0.0,0.0,0.0,0.0,0.0,0,0.0,,810.0,24.9,0.84,4.0,343,2,18780.0,1,0.265
2026-01-16T08:00,0.0,0.0,0.0,0.0,0.0,0.0,0,0.0,,440.0,24.6,0.89,3.6,344,6,18780.0,1,0.263
2026-01-16T09:00,0.0,0.0,0.0,0.0,0.0,0.0,1,0.0,,35.0,22.8,0.55,2.9,355,30,17020.0,1,0.263
2026-01-16T10:00,0.0,0.0,0.0,0.0,0.0,0.0,3,0.0,,10.0,19.8,0.1,1.2,270,82,17020.0,0,0.263
2026-01-16T11:00,0.0,0.0,0.0,0.0,0.0,0.0,0,0.0,,15.0,19.0,0.39,0.9,230,9,16140.0,0,0.264
2026-01-16T12:00,0.0,0.0,0.0,0.0,0.0,0.0,0,0.0,,10.0,18.6,0.0,0.9,270,5,16140.0,0,0.263
2026-01-16T13:00,0.0,0.0,0.0,0.0,0.0,0.0,0,0.0,,20.0,16.8,0.49,0.9,336,2,16140.0,0,0.264
2026-01-16T14:00,0.0,0.0,0.0,0.0,0.0,0.0,0,0.0,,15.0,16.0,0.32,0.9,219,18,15120.0,0,0.264
2026-01-16T15:00,0.0,0.0,0.0,0.0,0.0,0.0,3,0.0,,30.0,14.9,1.15,2.0,185,100,15120.0,0,0.264
2026-01-16T16:00,0.0,0.0,0.0,0.0,0.0,0.0,3,10.0,,40.0,15.6,1.2,2.3,163,100,13960.0,0,0.265
2026-01-16T17:00,0.0,0.0,0.0,0.0,0.0,0.0,3,20.0,,40.0,15.4,1.03,2.5,157,88,13980.0,0,0.265
2026-01-16T18:00,0.0,0.0,0.0,0.0,0.0,0.0,1,20.0,0.0,25.0,14.7,0.5,1.9,174,49,13980.0,0,0.269
2026-01-16T19:00,0.0,0.0,0.0,0.0,0.0,0.0,1,20.0,,30.0,13.7,0.56,1.2,207,41,13980.0,0,0.269
2026-01-16T20:00,0.0,0.0,0.0,0.0,0.0,0.0,3,10.0,,15.0,13.7,0.27,1.1,202,100,13980.0,0,0.27
2026-01-16T21:00,0.0,0.0,0.0,0.0,0.0,0.0,3,0.0,,15.0,14.5,0.21,0.6,225,100,13980.0,0,0.27
2026-01-16T22:00,0.0,0.0,0.0,0.0,0.0,0.0,3,10.0,,15.0,14.6,0.11,0.5,333,100,13980.0,0,0.271
2026-01-16T23:00,0.0,0.0,0.0,0.0,0.0,0.0,2,10.0,,20.0,14.6,0.32,0.5,309,69,13980.0,0,0.271
2026-01-17T00:00,0.0,0.0,0.0,0.0,0.0,0.0,1,10.0,,35.0,14.6,1.06,2.2,319,34,12140.0,1,0.268
2026-01-17T01:00,0.0,0.0,0.0,0.0,0.0,0.0,1,10.0,,100.0,16.7,0.53,2.8,311,41,13980.0,1,0.268
2026-01-17T02:00,0.0,0.0,0.0,0.0,0.0,0.0,1,0.0,,210.0,18.9,0.84,3.3,343,23,15140.0,1,0.268
2026-01-17T03:00,0.0,0.0,0.0,0.0,0.0,0.0,1,0.0,,310.0,21.0,1.6,5.0,340,29,16160.0,1,0.266
2026-01-17T04:00,0.0,0.0,0.0,0.0,0.0,0.0,2,0.0,,395.0,22.7,1.46,5.1,329,52,17040.0,1,0.264
2026-01-17T05:00,0.0,0.0,0.0,0.0,0.0,0.0,1,0.0,,590.0,23.8,1.42,4.9,318,45,17040.0,1,0.262
2026-01-17T06:00,0.0,0.0,0.0,0.0,0.0,0.0,0,0.0,,990.0,24.3,0.39,4.8,320,13,18800.0,1,0.26
2026-01-17T07:00,0.0,0.0,0.0,0.0,0.0,0.0,0,0.0,,1185.0,25.2,0.25,3.2,349,15,18800.0,1,0.259
2026-01-17T08:00,0.0,0.0,0.0,0.0,0.0,0.0,0,0.0,,810.0,24.9,0.55,2.8,5,4,18800.0,1,0.258
2026-01-17T09:00,0.0,0.0,0.0,0.0,0.0,0.0,0,0.0,,60.0,23.2,0.71,2.5,352,16,17040.0,1,0.257
2026-01-17T10:00,0.0,0.0,0.0,0.0,0.0,0.0,1,0.0,,25.0,19.7,0.64,1.4,309,30,16160.0,0,0.257
2026-01-17T11:00,0.0,0.0,0.0,0.0,0.0,0.0,2,0.0,,20.0,18.3,0.49,1.3,294,69,16160.0,0,0.258
2026-01-17T12:00,0.0,0.0,0.0,0.0,0.0,0.0,1,0.0,,10.0,17.2,0.16,1.0,342,45,15140.0,0,0.256
2026-01-17T13:00,0.0,0.0,0.0,0.0,0.0,0.0,2,0.0,,10.0,16.4,0.21,0.6,166,62,15140.0,0,0.256
2026-01-17T14:00,0.0,0.0,0.0,0.0,0.0,0.0,3,0.0,,15.0,15.4,0.45,1.1,180,91,14000.0,0,0.256
2026-01-17T15:00,0.0,0.0,0.0,0.0,0.0,0.0,2,0.0,,15.0,14.9,0.45,1.1,207,73,14000.0,0,0.257
2026-01-17T16:00,0.0,0.0,0.0,0.0,0.0,0.0,0,0.0,,15.0,14.7,0.21,1.1,194,2,14000.0,0,0.257
2026-01-17T17:00,0.0,0.0,0.0,0.0,0.0,0.0,2,0.0,,10.0,14.1,0.1,0.7,360,79,14000.0,0,0.258
2026-01-17T18:00,0.0,0.0,0.0,0.0,0.0,0.0,3,0.0,,15.0,13.3,0.3,0.7,360,94,12160.0,0,0.258
2026-01-17T19:00,0.0,0.0,0.0,0.0,0.0,0.0,2,0.0,,15.0,12.7,0.21,0.6,346,79,12160.0,0,0.258
2026-01-17T20:00,0.0,0.0,0.0,0.0,0.0,0.0,2,0.0,,20.0,12.5,0.2,0.7,270,73,12160.0,0,0.258
2026-01-17T21:00,0.0,0.0,0.0,0.0,0.0,0.0,2,0.0,,15.0,12.5,0.18,0.7,304,72,12180.0,0,0.259
2026-01-17T22:00,0.0,0.0,0.0,0.0,0.0,0.0,3,0.0,,15.0,12.0,0.2,0.6,360,98,10880.0,0,0.259
2026-01-17T23:00,0.0,0.0,0.0,0.0,0.0,0.0,1,0.0,,15.0,11.5,0.21,0.6,346,48,9380.0,0,0.26
2026-01-18T00:00,0.0,0.0,0.0,0.0,0.0,0.0,2,0.0,9.0,35.0,12.8,0.94,1.3,328,61,9380.0,1,0.26
2026-01-18T01:00,0.0,0.0,0.0,0.0,0.0,0.0,0,0.0,10.0,110.0,15.3,0.87,3.3,329,0,12180.0,1,0.26
2026-01-18T02:00,0.0,0.0,0.0,0.0,0.0,0.0,0,0.0,8.0,205.0,18.3,0.78,3.7,333,0,15160.0,1,0.26
2026-01-18T03:00,0.0,0.0,0.0,0.0,0.0,0.0,0,0.0,,365.0,21.0,0.56,3.8,333,7,16180.0,1,0.258
2026-01-18T04:00,0.0,0.0,0.0,0.0,0.0,0.0,3,0.0,,585.0,23.0,0.39,3.8,310,91,17060.0,1,0.256
2026-01-18T05:00,0.0,0.0,0.0,0.0,0.0,0.0,1,0.0,,870.0,24.3,0.27,3.6,292,34,17060.0,1,0.254
2026-01-18T06:00,0.0,0.0,0.0,0.0,0.0,0.0,1,0.0,,1085.0,24.2,0.36,3.5,326,20,18820.0,1,0.252
2026-01-18T07:00,0.0,0.0,0.0,0.0,0.0,0.0,1,0.0,,1040.0,24.8,0.35,3.5,360,38,18820.0,1,0.25
2026-01-18T08:00,0.0,0.0,0.0,0.0,0.0,0.0,0,0.0,,760.0,24.5,0.47,3.1,32,0,18820.0,1,0.249
2026-01-18T09:00,0.0,0.0,0.0,0.0,0.0,0.0,0,0.0,,30.0,23.0,0.35,2.5,8,0,17080.0,1,0.248
2026-01-18T10:00,0.0,0.0,0.0,0.0,0.0,0.0,0,0.0,,15.0,20.2,0.21,0.8,194,1,17080.0,0,0.249
2026-01-18T11:00,0.0,0.0,0.0,0.0,0.0,0.0,0,0.0,,20.0,18.7,0.65,1.4,212,1,16180.0,0,0.249
2026-01-18T12:00,0.0,0.0,0.0,0.0,0.0,0.0,0,0.0,,10.0,17.9,0.14,1.3,315,0,15160.0,0,0.243
2026-01-18T13:00,0.0,0.0,0.0,0.0,0.0,0.0,0,0.0,,20.0,16.7,0.43,0.9,21,1,15160.0,0,0.244
2026-01-18T14:00,0.0,0.0,0.0,0.0,0.0,0.0,0,0.0,,10.0,16.1,0.11,0.8,207,0,15160.0,0,0.244
2026-01-18T15:00,0.0,0.0,0.0,0.0,0.0,0.0,0,0.0,,25.0,15.6,0.54,1.0,214,0,15180.0,0,0.244
2026-01-18T16:00,0.0,0.0,0.0,0.0,0.0,0.0,0,0.0,,20.0,15.2,0.35,1.0,225,0,15180.0,0,0.245
2026-01-18T17:00,0.0,0.0,0.0,0.0,0.0,0.0,0,0.0,,15.0,14.8,0.18,0.8,236,0,15180.0,0,0.245
2026-01-18T18:00,0.0,0.0,0.0,0.0,0.0,0.0,0,0.0,,10.0,13.9,0.11,0.5,207,0,14020.0,0,0.246
2026-01-18T19:00,0.0,0.0,0.0,0.0,0.0,0.0,0,0.0,,10.0,13.2,0.11,0.4,153,0,14020.0,0,0.246
2026-01-18T20:00,0.0,0.0,0.0,0.0,0.0,0.0,0,0.0,,15.0,12.7,0.15,0.5,180,1,12200.0,0,0.247
2026-01-18T21:00,0.0,0.0,0.0,0.0,0.0,0.0,0,0.0,,20.0,12.4,0.16,0.3,198,1,10900.0,0,0.247
2026-01-18T22:00,0.0,0.0,0.0,0.0,0.0,0.0,0,0.0,,35.0,12.3,0.2,0.5,180,1,10920.0,0,0.247
2026-01-18T23:00,0.0,0.0,0.0,0.0,0.0,0.0,0,0.0,,15.0,11.6,0.1,0.7,360,1,9400.0,0,0.248
2026-01-19T00:00,0.0,0.0,0.0,0.0,0.0,0.0,3,0.0,201.0,55.0,13.1,0.74,1.5,332,98,5640.0,1,0.248
2026-01-19T01:00,0.0,0.0,0.0,0.0,0.0,0.0,3,0.0,,120.0,14.4,0.68,3.1,306,99,9400.0,1,0.248
2026-01-19T02:00,0.0,0.0,0.0,0.0,0.0,0.0,0,0.0,,190.0,17.4,0.65,3.6,293,0,14020.0,1,0.248
2026-01-19T03:00,0.0,0.0,0.0,0.0,0.0,0.0,0,0.0,,360.0,20.7,0.74,4.0,318,0,15180.0,1,0.247
2026-01-19T04:00,0.0,0.0,0.0,0.0,0.0,0.0,0,0.0,,610.0,23.1,1.1,4.6,330,0,16200.0,1,0.245
2026-01-19T05:00,0.0,0.0,0.0,0.0,0.0,0.0,0,10.0,,1210.0,24.7,1.0,4.7,323,0,17100.0,1,0.243
2026-01-19T06:00,0.0,0.0,0.0,0.0,0.0,0.0,2,20.0,8.0,1250.0,24.6,1.14,4.5,285,68,17100.0,1,0.24
2026-01-19T07:00,0.0,0.0,0.0,0.0,0.0,0.0,0,20.0,,1180.0,25.3,1.55,4.6,272,5,17100.0,1,0.238
2026-01-19T08:00,0.0,0.0,0.0,0.0,0.0,0.0,0,0.0,,1050.0,25.2,1.27,4.7,261,2,18860.0,1,0.237
2026-01-19T09:00,0.0,0.0,0.0,0.0,0.0,0.0,0,0.0,,55.0,23.6,0.63,3.4,209,14,17100.0,1,0.236
2026-01-19T10:00,0.0,0.0,0.0,0.0,0.0,0.0,1,0.0,64.0,20.0,20.6,0.46,1.4,193,22,17100.0,0,0.237
2026-01-19T11:00,0.0,0.0,0.0,0.0,0.0,0.0,2,30.0,4.0,25.0,19.2,0.65,1.3,180,77,16220.0,0,0.237
2026-01-19T12:00,0.0,0.0,0.0,0.0,0.0,0.0,2,50.0,16.0,25.0,18.7,0.78,1.3,230,60,15200.0,0,0.24
2026-01-19T13:00,0.0,0.0,0.0,0.0,0.0,0.0,3,70.0,32.0,50.0,17.8,1.2,2.2,197,96,14040.0,0,0.24
2026-01-19T14:00,0.0,0.0,0.0,0.0,0.0,0.0,1,50.0,53.0,70.0,16.9,1.2,2.6,180,40,12200.0,0,0.24
2026-01-19T15:00,0.0,0.0,0.0,0.0,0.0,0.0,1,40.0,34.0,45.0,15.6,1.13,2.4,193,25,10920.0,0,0.241
2026-01-19T16:00,0.0,0.0,0.0,0.0,0.0,0.0,1,30.0,2.0,25.0,15.5,0.45,2.2,186,36,9420.0,0,0.241
2026-01-19T17:00,0.0,0.0,0.0,0.0,0.0,0.0,1,40.0,17.0,15.0,15.1,0.14,1.0,315,48,9420.0,0,0.241
2026-01-19T18:00,0.0,0.0,0.0,0.0,0.0,0.0,1,60.0,23.0,35.0,15.0,0.76,2.3,8,41,8760.0,0,0.24
2026-01-19T19:00,0.0,0.0,0.0,0.0,0.0,0.0,1,40.0,3.0,75.0,15.0,1.18,2.4,348,22,7900.0,0,0.24
2026-01-19T20:00,0.0,0.0,0.0,0.0,0.0,0.0,3,20.0,1.0,420.0,15.4,2.5,5.0,2,95,14040.0,0,0.241
2026-01-19T21:00,0.0,0.0,0.0,0.0,0.0,0.0,3,10.0,10.0,480.0,15.1,2.35,5.4,2,100,14040.0,0,0.241
2026-01-19T22:00,0.0,0.0,0.0,0.0,0.0,0.0,3,0.0,,515.0,14.6,2.76,5.6,12,100,14060.0,0,0.241
2026-01-19T23:00,0.0,0.0,0.0,0.0,0.0,0.0,1,0.0,,500.0,13.9,2.81,5.9,12,38,14060.0,0,0.241
2026-01-20T00:00,0.0,0.0,0.0,0.0,0.0,0.0,0,0.0,,255.0,14.2,2.17,7.1,26,2,14060.0,1,0.244
2026-01-20T01:00,0.0,0.0,0.0,0.0,0.0,0.0,1,0.0,,550.0,15.7,3.35,7.5,9,27,15200.0,1,0.244
2026-01-20T02:00,0.0,0.0,0.0,0.0,0.0,0.0,3,0.0,,700.0,16.8,3.94,8.9,15,100,15200.0,1,0.243
2026-01-20T03:00,0.0,0.0,0.0,0.0,0.0,0.0,3,0.0,,765.0,17.4,4.29,9.8,11,100,16240.0,1,0.241
2026-01-20T04:00,0.0,0.0,0.0,0.0,0.0,0.0,3,0.0,,805.0,17.5,4.34,9.9,7,85,16240.0,1,0.24
2026-01-20T05:00,0.0,0.0,0.0,0.0,0.0,0.0,3,0.0,,875.0,18.0,4.21,10.0,10,89,16240.0,1,0.239
2026-01-20T06:00,0.0,0.0,0.0,0.0,0.0,0.0,3,0.0,1.0,900.0,17.7,3.3,9.8,14,90,16240.0,1,0.245
2026-01-20T07:00,0.0,0.0,0.0,0.0,0.0,0.0,3,0.0,,985.0,18.0,3.79,8.7,18,95,16240.0,1,0.243
2026-01-20T08:00,0.0,0.0,0.0,0.0,0.0,0.0,3,0.0,,855.0,17.0,4.62,9.9,18,100,16240.0,1,0.242
2026-01-20T09:00,0.0,0.0,0.0,0.0,0.0,0.0,3,0.0,,635.0,14.9,5.21,10.8,21,100,16240.0,1,0.242
2026-01-20T10:00,0.0,0.0,0.0,0.0,0.0,0.0,3,0.0,,605.0,12.9,4.78,10.9,18,100,16240.0,0,0.241
2026-01-20T11:00,0.0,0.0,0.0,0.0,0.0,0.0,3,0.0,,615.0,11.4,4.55,10.0,15,100,16240.0,0,0.241
2026-01-20T12:00,0.0,0.0,0.0,0.0,0.0,0.0,2,0.0,86.0,540.0,12.6,3.85,9.6,13,66,16240.0,0,0.249
2026-01-20T13:00,0.0,0.0,0.0,0.0,0.0,0.0,3,0.0,81.0,575.0,11.4,3.94,8.9,15,99,15220.0,0,0.249
2026-01-20T14:00,0.0,0.0,0.0,0.0,0.0,0.0,3,0.0,69.0,630.0,10.4,3.83,8.5,17,98,15220.0,0,0.249
2026-01-20T15:00,0.0,0.0,0.0,0.0,0.0,0.0,3,0.0,51.0,630.0,9.6,3.54,8.2,19,100,15220.0,0,0.249
2026-01-20T16:00,0.0,0.0,0.0,0.0,0.0,0.0,3,0.0,33.0,630.0,8.9,3.67,8.0,15,99,15220.0,0,0.249
2026-01-20T17:00,0.0,0.0,0.0,0.0,0.0,0.0,3,0.0,17.0,650.0,8.4,3.92,8.5,14,95,15220.0,0,0.249
2026-01-20T18:00,0.0,0.0,0.0,0.0,0.0,0.0,3,0.0,6.0,590.0,9.6,4.07,9.0,11,100,15220.0,0,0.248
2026-01-20T19:00,0.0,0.0,0.0,0.0,0.0,0.0,3,0.0,1.0,595.0,8.7,4.11,8.9,13,91,15220.0,0,0.248
2026-01-20T20:00,0.0,0.0,0.0,0.0,0.0,0.0,3,0.0,-2.0,620.0,7.8,3.96,8.8,10,97,15220.0,0,0.248
2026-01-20T21:00,0.0,0.0,0.0,0.0,0.0,0.0,3,0.0,-2.0,660.0,7.2,4.36,9.4,10,100,15220.0,0,0.248
2026-01-20T22:00,0.0,0.0,0.0,0.0,0.0,0.0,3,0.0,-1.0,655.0,6.7,4.48,9.8,11,100,15220.0,0,0.248
2026-01-20T23:00,0.0,0.0,0.0,0.0,0.0,0.0,3,0.0,0.0,630.0,6.2,4.38,9.8,11,100,15220.0,0,0.248
2026-01-21T00:00,0.0,0.0,0.0,0.0,0.0,0.0,3,0.0,0.0,620.0,6.7,3.7,9.4,19,88,15240.0,1,0.252
2026-01-21T01:00,0.0,0.0,0.0,0.0,0.0,0.0,3,0.0,,620.0,7.3,4.15,9.4,15,90,15240.0,1,0.252
2026-01-21T02:00,0.0,0.0,0.0,0.0,0.0,0.0,3,0.0,,635.0,8.4,3.61,9.5,10,100,16260.0,1,0.251
2026-01-21T03:00,0.0,0.0,0.0,0.0,0.0,0.0,3,0.0,,690.0,9.6,3.25,8.5,359,100,16260.0,1,0.251
2026-01-21T04:00,0.0,0.0,0.0,0.0,0.0,0.0,3,0.0,,715.0,10.5,3.55,8.6,358,100,16260.0,1,0.25
2026-01-21T05:00,0.0,0.0,0.0,0.0,0.0,0.0,3,0.0,,725.0,11.6,3.67,8.7,6,100,16260.0,1,0.249
2026-01-21T06:00,0.0,0.0,0.0,0.0,0.0,0.0,3,0.0,0.0,765.0,11.4,3.61,8.7,19,99,16260.0,1,0.255
2026-01-21T07:00,0.0,0.0,0.0,0.0,0.0,0.0,1,0.0,,735.0,11.6,4.07,9.4,21,39,16260.0,1,0.254
2026-01-21T08:00,0.0,0.0,0.0,0.0,0.0,0.0,2,0.0,,795.0,11.4,4.48,10.0,16,63,16260.0,1,0.253
2026-01-21T09:00,0.0,0.0,0.0,0.0,0.0,0.0,2,0.0,,665.0,10.0,4.7,10.1,19,74,16260.0,1,0.253
2026-01-21T10:00,0.0,0.0,0.0,0.0,0.0,0.0,3,0.0,,640.0,9.1,4.21,9.9,16,98,16260.0,0,0.253
2026-01-21T11:00,0.0,0.0,0.0,0.0,0.0,0.0,3,0.0,,640.0,8.3,4.39,9.4,15,100,16260.0,0,0.253
2026-01-21T12:00,0.0,0.0,0.0,0.0,0.0,0.0,3,10.0,,615.0,8.4,3.84,9.2,18,100,15240.0,0,0.278
2026-01-21T13:00,0.0,0.0,0.0,0.0,0.0,0.0,3,10.0,,610.0,7.8,4.07,8.7,14,100,15240.0,0,0.278
2026-01-21T14:00,0.0,0.0,0.0,0.0,0.0,0.0,3,10.0,,595.0,7.2,4.04,8.7,12,99,15240.0,0,0.278
2026-01-21T15:00,0.0,0.0,0.0,0.0,0.0,0.0,3,10.0,,585.0,6.6,3.77,8.6,6,98,15240.0,0,0.278
2026-01-21T16:00,0.0,0.0,0.0,0.0,0.0,0.0,3,20.0,,600.0,6.2,4.0,8.6,3,100,15240.0,0,0.278
2026-01-21T17:00,0.0,0.0,0.0,0.0,0.0,0.0,3,20.0,,625.0,6.0,3.88,8.7,7,100,15240.0,0,0.279
2026-01-21T18:00,0.0,0.0,0.0,0.0,0.0,0.0,3,50.0,2.0,585.0,6.1,3.65,8.4,9,100,15260.0,0,0.279
2026-01-21T19:00,0.0,0.0,0.0,0.0,0.0,0.0,3,50.0,5.0,550.0,5.7,3.4,7.9,10,100,15260.0,0,0.279
2026-01-21T20:00,0.0,0.0,0.0,0.0,0.0,0.0,3,30.0,2.0,585.0,5.3,3.55,7.9,2,100,11540.0,0,0.28
2026-01-21T21:00,0.0,0.0,0.0,0.0,0.0,0.0,3,50.0,0.0,590.0,5.0,3.47,7.9,15,100,6660.0,0,0.28
2026-01-21T22:00,0.1,0.1,0.0,0.0,0.0,0.0,51,0.0,0.0,575.0,4.7,3.23,7.6,8,100,13960.0,0,0.281
2026-01-21T23:00,0.0,0.0,0.0,0.0,0.0,0.0,3,0.0,2.0,540.0,4.8,3.04,7.1,17,100,14100.0,0,0.281
2026-01-22T00:00,0.0,0.0,0.0,0.0,0.0,0.0,3,40.0,6.0,520.0,5.1,3.06,6.9,11,100,14100.0,1,0.288
2026-01-22T01:00,0.0,0.0,0.0,0.0,0.0,0.0,3,0.0,2.0,560.0,5.5,3.15,7.3,3,100,8340.0,1,0.289
2026-01-22T02:00,0.0,0.0,0.0,0.0,0.0,0.0,3,0.0,2.0,600.0,6.4,3.3,7.7,10,95,15260.0,1,0.289
2026-01-22T03:00,0.0,0.0,0.0,0.0,0.0,0.0,3,0.0,2.0,625.0,7.7,3.25,7.9,10,100,15260.0,1,0.288
2026-01-22T04:00,0.0,0.0,0.0,0.0,0.0,0.0,3,0.0,2.0,625.0,8.1,3.26,7.8,11,98,16280.0,1,0.288
2026-01-22T05:00,0.0,0.0,0.0,0.0,0.0,0.0,3,0.0,2.0,660.0,9.4,3.13,8.1,8,100,16280.0,1,0.287
2026-01-22T06:00,0.0,0.0,0.0,0.0,0.0,0.0,3,0.0,2.0,660.0,7.9,3.35,7.9,10,100,15260.0,1,0.307
2026-01-22T07:00,0.0,0.0,0.0,0.0,0.0,0.0,3,0.0,2.0,670.0,8.2,3.36,7.8,11,100,15260.0,1,0.306
2026-01-22T08:00,0.0,0.0,0.0,0.0,0.0,0.0,3,0.0,2.0,630.0,8.2,3.53,7.8,16,100,16300.0,1,0.306
2026-01-22T09:00,0.0,0.0,0.0,0.0,0.0,0.0,3,0.0,2.0,600.0,7.9,3.64,8.1,16,100,16280.0,1,0.305
2026-01-22T10:00,0.0,0.0,0.0,0.0,0.0,0.0,3,0.0,2.0,590.0,7.6,3.24,7.9,17,100,16300.0,1,0.305
2026-01-22T11:00,0.0,0.0,0.0,0.0,0.0,0.0,3,0.0,2.0,600.0,7.5,3.2,6.8,20,100,16300.0,0,0.305
2026-01-22T12:00,0.0,0.0,0.0,0.0,0.0,0.0,3,0.0,2.0,570.0,6.4,3.03,6.8,9,100,15260.0,0,0.328
2026-01-22T13:00,0.0,0.0,0.0,0.0,0.0,0.0,3,0.0,2.0,545.0,6.3,2.74,6.6,15,98,15280.0,0,0.328
2026-01-22T14:00,0.0,0.0,0.0,0.0,0.0,0.0,3,10.0,2.0,550.0,6.3,2.67,6.0,17,100,15280.0,0,0.329
2026-01-22T15:00,0.0,0.0,0.0,0.0,0.0,0.0,3,0.0,2.0,550.0,6.3,3.21,6.8,4,97,15280.0,0,0.329
2026-01-22T16:00,0.1,0.1,0.0,0.0,0.0,0.0,51,0.0,2.0,520.0,5.7,3.11,7.2,5,100,5000.0,0,0.33
2026-01-22T17:00,0.2,0.2,0.0,0.0,0.0,0.0,51,0.0,2.0,520.0,5.5,2.85,6.6,1,20,9620.0,0,0.333
2026-01-22T18:00,0.0,0.0,0.0,0.0,0.0,0.0,1,0.0,2.0,490.0,5.3,2.95,6.1,2,38,13320.0,0,0.328
2026-01-22T19:00,0.0,0.0,0.0,0.0,0.0,0.0,3,0.0,1.0,470.0,4.9,2.96,6.1,4,93,14120.0,0,0.329
2026-01-22T20:00,0.0,0.0,0.0,0.0,0.0,0.0,3,0.0,1.0,465.0,4.9,2.82,6.7,6,85,12880.0,0,0.329
2026-01-22T21:00,0.0,0.0,0.0,0.0,0.0,0.0,1,0.0,1.0,435.0,4.6,2.16,6.1,5,24,12840.0,0,0.329
2026-01-22T22:00,0.0,0.0,0.0,0.0,0.0,0.0,1,0.0,1.0,395.0,4.1,1.85,4.7,360,28,13680.0,0,0.33
2026-01-22T23:00,0.0,0.0,0.0,0.0,0.0,0.0,1,0.0,1.0,355.0,4.1,1.8,4.1,2,24,13940.0,0,0.33
2026-01-23T00:00,0.0,0.0,0.0,0.0,0.0,0.0,0,0.0,1.0,365.0,5.1,2.0,4.5,3,1,13680.0,1,0.328
2026-01-23T01:00,0.0,0.0,0.0,0.0,0.0,0.0,0,0.0,1.0,390.0,6.7,2.0,5.5,3,5,14080.0,1,0.328
2026-01-23T02:00,0.0,0.0,0.0,0.0,0.0,0.0,0,0.0,1.0,450.0,8.7,2.15,6.2,1,9,15280.0,1,0.327
2026-01-23T03:00,0.0,0.0,0.0,0.0,0.0,0.0,1,0.0,1.0,535.0,10.9,2.05,6.3,3,32,15280.0,1,0.326
2026-01-23T04:00,0.0,0.0,0.0,0.0,0.0,0.0,3,0.0,1.0,635.0,13.1,2.01,6.4,6,99,16320.0,1,0.325
2026-01-23T05:00,0.0,0.0,0.0,0.0,0.0,0.0,3,0.0,1.0,715.0,14.3,1.65,6.3,358,97,16320.0,1,0.324
2026-01-23T06:00,0.0,0.0,0.0,0.0,0.0,0.0,3,0.0,1.0,710.0,13.6,1.87,5.4,9,95,16320.0,1,0.335
2026-01-23T07:00,0.0,0.0,0.0,0.0,0.0,0.0,3,0.0,1.0,725.0,14.9,1.35,5.5,358,100,16320.0,1,0.334
2026-01-23T08:00,0.0,0.0,0.0,0.0,0.0,0.0,3,0.0,1.0,545.0,14.8,0.72,4.5,335,100,16320.0,1,0.334
2026-01-23T09:00,0.0,0.0,0.0,0.0,0.0,0.0,3,0.0,1.0,430.0,14.8,0.63,2.7,331,100,16320.0,1,0.334
2026-01-23T10:00,0.0,0.0,0.0,0.0,0.0,0.0,3,0.0,1.0,35.0,14.0,0.35,1.9,278,100,15300.0,1,0.335
2026-01-23T11:00,0.0,0.0,0.0,0.0,0.0,0.0,3,10.0,1.0,30.0,13.5,0.57,1.1,285,100,15300.0,0,0.336
2026-01-23T12:00,0.0,0.0,0.0,0.0,0.0,0.0,3,20.0,0.0,125.0,11.8,1.03,1.4,337,100,14140.0,0,0.335
2026-01-23T13:00,0.0,0.0,0.0,0.0,0.0,0.0,3,10.0,1.0,175.0,11.4,1.05,2.0,335,100,7360.0,0,0.335
2026-01-23T14:00,0.1,0.1,0.0,0.0,0.0,0.0,51,10.0,1.0,215.0,11.2,1.77,3.3,344,100,14140.0,0,0.336
2026-01-23T15:00,0.0,0.0,0.0,0.0,0.0,0.0,3,0.0,1.0,150.0,10.9,1.32,3.3,335,100,14140.0,0,0.337
2026-01-23T16:00,0.0,0.0,0.0,0.0,0.0,0.0,3,0.0,1.0,180.0,10.8,1.39,2.7,330,100,14140.0,0,0.337
2026-01-23T17:00,0.0,0.0,0.0,0.0,0.0,0.0,3,10.0,1.0,260.0,10.8,1.35,2.6,345,100,14140.0,0,0.337
2026-01-23T18:00,0.0,0.0,0.0,0.0,0.0,0.0,3,10.0,1.0,265.0,10.6,1.31,2.9,353,95,14140.0,0,0.324
2026-01-23T19:00,0.0,0.0,0.0,0.0,0.0,0.0,3,0.0,1.0,280.0,10.5,1.55,3.2,345,99,14140.0,0,0.324
2026-01-23T20:00,0.0,0.0,0.0,0.0,0.0,0.0,3,0.0,1.0,310.0,10.5,1.78,3.9,349,100,14140.0,0,0.324
2026-01-23T21:00,0.0,0.0,0.0,0.0,0.0,0.0,3,0.0,1.0,335.0,10.3,1.79,4.0,342,96,14140.0,0,0.325
2026-01-23T22:00,0.0,0.0,0.0,0.0,0.0,0.0,2,0.0,1.0,310.0,10.0,1.35,3.8,345,70,14160.0,0,0.325
2026-01-23T23:00,0.0,0.0,0.0,0.0,0.0,0.0,1,0.0,1.0,255.0,8.8,1.15,2.8,342,32,12320.0,0,0.325
2026-01-24T00:00,0.0,0.0,0.0,0.0,0.0,0.0,2,20.0,1.0,285.0,9.8,1.51,3.6,354,53,13120.0,1,0.316
2026-01-24T01:00,0.0,0.0,0.0,0.0,0.0,0.0,2,20.0,1.0,375.0,11.3,1.36,4.1,352,55,14160.0,1,0.316
2026-01-24T02:00,0.0,0.0,0.0,0.0,0.0,0.0,0,10.0,1.0,450.0,12.7,1.7,5.0,358,12,15320.0,1,0.316
2026-01-24T03:00,0.0,0.0,0.0,0.0,0.0,0.0,0,0.0,0.0,560.0,14.9,1.76,5.7,353,8,15320.0,1,0.314
2026-01-24T04:00,0.0,0.0,0.0,0.0,0.0,0.0,0,0.0,0.0,590.0,16.5,1.8,5.9,347,2,16340.0,1,0.313
2026-01-24T05:00,0.0,0.0,0.0,0.0,0.0,0.0,0,0.0,0.0,635.0,17.8,1.43,6.0,335,0,16340.0,1,0.311
2026-01-24T06:00,0.0,0.0,0.0,0.0,0.0,0.0,0,0.0,0.0,705.0,18.4,0.81,5.3,313,0,16340.0,1,0.316
2026-01-24T07:00,0.0,0.0,0.0,0.0,0.0,0.0,0,0.0,0.0,765.0,19.3,0.73,4.2,286,2,16340.0,1,0.314
2026-01-24T08:00,0.0,0.0,0.0,0.0,0.0,0.0,0,0.0,0.0,645.0,19.2,1.08,4.0,304,13,16340.0,1,0.313
2026-01-24T09:00,0.0,0.0,0.0,0.0,0.0,0.0,0,0.0,0.0,240.0,18.4,1.17,3.8,350,4,16340.0,1,0.313
2026-01-24T10:00,0.0,0.0,0.0,0.0,0.0,0.0,0,0.0,0.0,25.0,15.5,0.41,2.6,14,3,15320.0,1,0.313
2026-01-24T11:00,0.0,0.0,0.0,0.0,0.0,0.0,0,0.0,0.0,10.0,14.7,0.1,0.6,90,5,15320.0,0,0.314
2026-01-24T12:00,0.0,0.0,0.0,0.0,0.0,0.0,0,0.0,0.0,15.0,14.1,0.15,0.4,360,0,14160.0,0,0.305
2026-01-24T13:00,0.0,0.0,0.0,0.0,0.0,0.0,0,0.0,0.0,15.0,13.1,0.14,0.5,315,0,14160.0,0,0.305
2026-01-24T14:00,0.0,0.0,0.0,0.0,0.0,0.0,0,0.0,0.0,10.0,12.3,0.11,0.5,117,9,14160.0,0,0.306
2026-01-24T15:00,0.0,0.0,0.0,0.0,0.0,0.0,0,0.0,0.0,15.0,11.4,0.35,0.9,172,7,12340.0,0,0.306
2026-01-24T16:00,0.0,0.0,0.0,0.0,0.0,0.0,0,0.0,0.0,25.0,10.5,0.98,2.0,195,5,11040.0,0,0.307
2026-01-24T17:00,0.0,0.0,0.0,0.0,0.0,0.0,0,0.0,0.0,30.0,10.1,1.05,2.2,185,4,11040.0,0,0.307
2026-01-24T18:00,0.0,0.0,0.0,0.0,0.0,0.0,0,0.0,0.0,30.0,10.1,0.85,2.2,177,2,9520.0,0,0.3
2026-01-24T19:00,0.0,0.0,0.0,0.0,0.0,0.0,0,0.0,0.0,20.0,9.8,0.4,1.8,210,2,6640.0,0,0.301
2026-01-24T20:00,0.0,0.0,0.0,0.0,0.0,0.0,0,10.0,0.0,10.0,9.7,0.16,1.1,198,8,4980.0,0,0.301
2026-01-24T21:00,0.0,0.0,0.0,0.0,0.0,0.0,0,10.0,0.0,10.0,9.4,0.07,0.7,45,9,4020.0,0,0.302
2026-01-24T22:00,0.0,0.0,0.0,0.0,0.0,0.0,3,0.0,0.0,15.0,8.7,0.29,0.4,31,97,240.0,0,0.302
2026-01-24T23:00,0.0,0.0,0.0,0.0,0.0,0.0,3,0.0,0.0,15.0,8.4,0.25,0.6,11,100,120.0,0,0.302
2026-01-25T00:00,0.0,0.0,0.0,0.0,0.0,0.0,3,0.0,0.0,40.0,9.5,0.65,1.9,23,97,380.0,1,0.309
2026-01-25T01:00,0.0,0.0,0.0,0.0,0.0,0.0,2,0.0,0.0,130.0,11.5,0.75,3.1,360,59,9540.0,1,0.309
2026-01-25T02:00,0.0,0.0,0.0,0.0,0.0,0.0,0,0.0,0.0,310.0,14.6,1.1,4.2,3,12,12340.0,1,0.308
2026-01-25T03:00,0.0,0.0,0.0,0.0,0.0,0.0,0,0.0,0.0,455.0,17.2,1.4,5.1,356,1,14180.0,1,0.307
2026-01-25T04:00,0.0,0.0,0.0,0.0,0.0,0.0,0,0.0,0.0,620.0,19.4,1.15,5.1,5,0,15340.0,1,0.305
2026-01-25T05:00,0.0,0.0,0.0,0.0,0.0,0.0,0,0.0,0.0,820.0,21.0,0.66,4.9,351,0,16360.0,1,0.303
2026-01-25T06:00,0.0,0.0,0.0,0.0,0.0,0.0,0,0.0,0.0,935.0,21.2,0.1,4.2,360,0,16360.0,1,0.302
2026-01-25T07:00,0.0,0.0,0.0,0.0,0.0,0.0,0,0.0,0.0,1020.0,22.4,0.67,3.6,333,5,17260.0,1,0.3
2026-01-25T08:00,0.0,0.0,0.0,0.0,0.0,0.0,0,0.0,1.0,860.0,22.3,1.02,3.7,349,10,17260.0,1,0.299
2026-01-25T09:00,0.0,0.0,0.0,0.0,0.0,0.0,1,0.0,0.0,160.0,21.3,1.23,3.4,339,47,17260.0,1,0.298
2026-01-25T10:00,0.0,0.0,0.0,0.0,0.0,0.0,3,0.0,0.0,20.0,18.8,0.39,2.3,310,88,16360.0,1,0.298
2026-01-25T11:00,0.0,0.0,0.0,0.0,0.0,0.0,2,0.0,0.0,15.0,18.6,0.22,0.7,297,77,16380.0,0,0.299
2026-01-25T12:00,0.0,0.0,0.0,0.0,0.0,0.0,3,10.0,0.0,15.0,18.2,0.21,0.6,135,100,16380.0,0,0.293
2026-01-25T13:00,0.0,0.0,0.0,0.0,0.0,0.0,3,10.0,0.0,10.0,17.7,0.11,0.8,63,100,15340.0,0,0.293
2026-01-25T14:00,0.0,0.0,0.0,0.0,0.0,0.0,3,10.0,0.0,30.0,17.0,0.59,0.7,340,86,15360.0,0,0.294
2026-01-25T15:00,0.0,0.0,0.0,0.0,0.0,0.0,1,0.0,0.0,15.0,15.8,0.3,0.7,360,23,14200.0,0,0.294
2026-01-25T16:00,0.0,0.0,0.0,0.0,0.0,0.0,2,0.0,0.0,10.0,14.6,0.18,0.5,326,67,14200.0,0,0.295
2026-01-25T17:00,0.0,0.0,0.0,0.0,0.0,0.0,0,0.0,0.0,15.0,14.4,0.27,0.6,292,14,14200.0,0,0.295
2026-01-25T18:00,0.0,0.0,0.0,0.0,0.0,0.0,0,0.0,0.0,10.0,14.2,0.15,0.7,270,11,14200.0,0,0.293
2026-01-25T19:00,0.0,0.0,0.0,0.0,0.0,0.0,1,0.0,0.0,20.0,13.7,0.32,0.7,321,33,14200.0,0,0.294
2026-01-25T20:00,0.0,0.0,0.0,0.0,0.0,0.0,2,0.0,0.0,30.0,13.7,0.32,0.7,321,59,12360.0,0,0.294
2026-01-25T21:00,0.0,0.0,0.0,0.0,0.0,0.0,3,10.0,0.0,35.0,13.9,0.22,0.7,297,87,12360.0,0,0.294
2026-01-25T22:00,0.0,0.0,0.0,0.0,0.0,0.0,3,10.0,0.0,35.0,14.2,0.22,0.5,297,100,14200.0,0,0.295
2026-01-25T23:00,0.0,0.0,0.0,0.0,0.0,0.0,1,10.0,0.0,30.0,14.0,0.36,0.7,326,47,12360.0,0,0.295
2026-01-26T00:00,0.0,0.0,0.0,0.0,0.0,0.0,3,0.0,0.0,40.0,13.4,0.89,1.3,333,95,11060.0,1,0.295
2026-01-26T01:00,0.0,0.0,0.0,0.0,0.0,0.0,3,0.0,0.0,100.0,15.5,0.78,3.0,310,98,12360.0,1,0.295
2026-01-26T02:00,0.0,0.0,0.0,0.0,0.0,0.0,1,0.0,0.0,200.0,18.0,0.68,3.3,306,39,14200.0,1,0.295
2026-01-26T03:00,0.0,0.0,0.0,0.0,0.0,0.0,0,0.0,0.0,375.0,20.9,0.81,4.0,338,19,16380.0,1,0.293
2026-01-26T04:00,0.0,0.0,0.0,0.0,0.0,0.0,0,0.0,0.0,710.0,22.7,0.71,4.3,352,0,16400.0,1,0.292
2026-01-26T05:00,0.0,0.0,0.0,0.0,0.0,0.0,0,0.0,0.0,870.0,24.0,0.39,4.1,320,0,17280.0,1,0.289
2026-01-26T06:00,0.0,0.0,0.0,0.0,0.0,0.0,0,0.0,0.0,1120.0,24.2,0.92,3.8,315,6,17280.0,1,0.288
2026-01-26T07:00,0.0,0.0,0.0,0.0,0.0,0.0,0,0.0,0.0,1050.0,24.7,1.46,4.6,354,11,17280.0,1,0.286
2026-01-26T08:00,0.0,0.0,0.0,0.0,0.0,0.0,0,0.0,0.0,505.0,24.4,1.67,4.6,9,13,19060.0,1,0.285
2026-01-26T09:00,0.0,0.0,0.0,0.0,0.0,0.0,0,0.0,0.0,160.0,23.2,1.22,4.3,19,13,17280.0,1,0.284
2026-01-26T10:00,0.0,0.0,0.0,0.0,0.0,0.0,0,0.0,0.0,10.0,20.5,0.16,2.2,18,5,17280.0,1,0.284
2026-01-26T11:00,0.0,0.0,0.0,0.0,0.0,0.0,0,0.0,0.0,15.0,18.9,0.34,0.7,207,2,16400.0,0,0.285
2026-01-26T12:00,0.0,0.0,0.0,0.0,0.0,0.0,0,0.0,3.0,15.0,17.6,0.54,0.8,248,4,15380.0,0,0.284
2026-01-26T13:00,0.0,0.0,0.0,0.0,0.0,0.0,0,0.0,0.0,10.0,16.7,0.11,1.1,207,6,15380.0,0,0.285
2026-01-26T14:00,0.0,0.0,0.0,0.0,0.0,0.0,0,10.0,0.0,30.0,15.8,0.8,1.5,176,5,14220.0,0,0.285
2026-01-26T15:00,0.0,0.0,0.0,0.0,0.0,0.0,0,10.0,0.0,35.0,14.8,1.16,2.0,187,6,14220.0,0,0.286
2026-01-26T16:00,0.0,0.0,0.0,0.0,0.0,0.0,1,10.0,0.0,20.0,14.5,0.35,2.0,8,49,12380.0,0,0.286
2026-01-26T17:00,0.0,0.0,0.0,0.0,0.0,0.0,0,10.0,1.0,70.0,14.4,1.25,2.4,358,17,14220.0,0,0.287
2026-01-26T18:00,0.0,0.0,0.0,0.0,0.0,0.0,1,20.0,4.0,290.0,14.8,1.54,4.6,347,23,14220.0,0,0.279
2026-01-26T19:00,0.0,0.0,0.0,0.0,0.0,0.0,0,30.0,4.0,355.0,14.5,1.82,3.9,344,16,14220.0,0,0.279
2026-01-26T20:00,0.0,0.0,0.0,0.0,0.0,0.0,0,30.0,4.0,415.0,13.6,1.8,3.8,341,14,12340.0,0,0.279
2026-01-26T21:00,0.0,0.0,0.0,0.0,0.0,0.0,0,30.0,2.0,450.0,13.0,1.85,4.0,341,16,12280.0,0,0.28
2026-01-26T22:00,0.0,0.0,0.0,0.0,0.0,0.0,0,20.0,0.0,460.0,12.6,2.0,4.3,347,13,12280.0,0,0.28
2026-01-26T23:00,0.0,0.0,0.0,0.0,0.0,0.0,0,10.0,0.0,450.0,12.1,1.91,4.3,340,9,12320.0,0,0.28
2026-01-27T00:00,0.0,0.0,0.0,0.0,0.0,0.0,0,0.0,0.0,375.0,13.4,2.46,5.5,333,1,14220.0,1,0.278
2026-01-27T01:00,0.0,0.0,0.0,0.0,0.0,0.0,0,0.0,0.0,480.0,15.2,2.37,6.1,353,1,14240.0,1,0.278
2026-01-27T02:00,0.0,0.0,0.0,0.0,0.0,0.0,0,0.0,0.0,560.0,17.1,2.65,6.8,360,1,15380.0,1,0.277
2026-01-27T03:00,0.0,0.0,0.0,0.0,0.0,0.0,0,0.0,0.0,665.0,19.1,3.01,7.7,4,1,15400.0,1,0.275
2026-01-27T04:00,0.0,0.0,0.0,0.0,0.0,0.0,0,0.0,0.0,770.0,20.6,3.32,8.4,6,0,16420.0,1,0.273
2026-01-27T05:00,0.0,0.0,0.0,0.0,0.0,0.0,0,0.0,0.0,840.0,21.6,3.48,8.7,7,2,16420.0,1,0.271
2026-01-27T06:00,0.0,0.0,0.0,0.0,0.0,0.0,0,0.0,0.0,860.0,21.9,2.94,8.7,18,19,16420.0,1,0.271
2026-01-27T07:00,0.0,0.0,0.0,0.0,0.0,0.0,1,0.0,0.0,845.0,22.4,2.67,7.3,23,24,17300.0,1,0.269
2026-01-27T08:00,0.0,0.0,0.0,0.0,0.0,0.0,1,0.0,0.0,890.0,22.3,2.62,6.6,18,22,17320.0,1,0.267
2026-01-27T09:00,0.0,0.0,0.0,0.0,0.0,0.0,0,0.0,0.0,840.0,21.3,3.1,6.2,359,12,16420.0,1,0.267
2026-01-27T10:00,0.0,0.0,0.0,0.0,0.0,0.0,0,0.0,0.0,385.0,18.6,3.71,7.4,5,13,16420.0,1,0.266
2026-01-27T11:00,0.0,0.0,0.0,0.0,0.0,0.0,0,0.0,0.0,435.0,17.1,4.11,7.9,16,9,15400.0,0,0.266
2026-01-27T12:00,0.0,0.0,0.0,0.0,0.0,0.0,0,0.0,0.0,300.0,16.1,2.9,8.5,15,8,15400.0,0,0.261
2026-01-27T13:00,0.0,0.0,0.0,0.0,0.0,0.0,1,30.0,40.0,345.0,15.2,2.44,5.6,11,23,15400.0,0,0.261
2026-01-27T14:00,0.0,0.0,0.0,0.0,0.0,0.0,1,20.0,26.0,440.0,14.3,2.55,5.1,20,22,15400.0,0,0.261
2026-01-27T15:00,0.0,0.0,0.0,0.0,0.0,0.0,1,20.0,15.0,475.0,13.2,2.53,5.2,15,22,14240.0,0,0.261
2026-01-27T16:00,0.0,0.0,0.0,0.0,0.0,0.0,1,20.0,5.0,455.0,12.5,2.51,5.4,5,36,14240.0,0,0.261
2026-01-27T17:00,0.0,0.0,0.0,0.0,0.0,0.0,1,20.0,4.0,480.0,11.8,2.5,5.2,359,44,14240.0,0,0.261
2026-01-27T18:00,0.0,0.0,0.0,0.0,0.0,0.0,1,20.0,7.0,470.0,12.4,2.21,5.6,356,23,14240.0,0,0.249
2026-01-27T19:00,0.0,0.0,0.0,0.0,0.0,0.0,0,10.0,,500.0,11.8,2.4,5.1,359,13,14240.0,0,0.249
2026-01-27T20:00,0.0,0.0,0.0,0.0,0.0,0.0,0,0.0,,515.0,11.2,2.65,5.8,1,2,14260.0,0,0.25
2026-01-27T21:00,0.0,0.0,0.0,0.0,0.0,0.0,0,0.0,,520.0,10.6,2.6,5.7,3,5,14260.0,0,0.25
2026-01-27T22:00,0.0,0.0,0.0,0.0,0.0,0.0,0,0.0,,490.0,10.0,2.3,5.5,360,2,14100.0,0,0.25
2026-01-27T23:00,0.0,0.0,0.0,0.0,0.0,0.0,0,0.0,,455.0,9.4,2.16,5.0,356,1,14120.0,0,0.25
2026-01-28T00:00,0.0,0.0,0.0,0.0,0.0,0.0,0,0.0,,430.0,10.4,2.49,5.8,350,2,14260.0,1,0.252
2026-01-28T01:00,0.0,0.0,0.0,0.0,0.0,0.0,0,0.0,,495.0,12.0,2.56,6.5,4,2,14260.0,1,0.252
2026-01-28T02:00,0.0,0.0,0.0,0.0,0.0,0.0,0,0.0,,585.0,14.0,2.87,7.3,7,3,15420.0,1,0.251
2026-01-28T03:00,0.0,0.0,0.0,0.0,0.0,0.0,0,0.0,,695.0,16.0,3.22,8.2,6,1,16440.0,1,0.25
2026-01-28T04:00,0.0,0.0,0.0,0.0,0.0,0.0,0,0.0,,810.0,17.6,3.17,8.3,6,0,16440.0,1,0.248
2026-01-28T05:00,0.0,0.0,0.0,0.0,0.0,0.0,0,0.0,,910.0,18.9,3.13,8.3,8,2,16440.0,1,0.246
2026-01-28T06:00,0.0,0.0,0.0,0.0,0.0,0.0,1,0.0,12.0,985.0,19.2,2.83,8.2,8,42,16440.0,1,0.249
2026-01-28T07:00,0.0,0.0,0.0,0.0,0.0,0.0,0,0.0,,1015.0,19.7,2.69,7.5,24,5,17340.0,1,0.247
2026-01-28T08:00,0.0,0.0,0.0,0.0,0.0,0.0,0,0.0,,950.0,19.6,2.54,6.9,36,3,17340.0,1,0.246
2026-01-28T09:00,0.0,0.0,0.0,0.0,0.0,0.0,0,0.0,,815.0,19.0,2.21,6.3,38,0,16440.0,1,0.245
2026-01-28T10:00,0.0,0.0,0.0,0.0,0.0,0.0,0,0.0,,145.0,16.1,1.44,4.6,14,4,16460.0,1,0.245
2026-01-28T11:00,0.0,0.0,0.0,0.0,0.0,0.0,0,0.0,,105.0,14.7,1.53,2.8,19,2,15420.0,0,0.246
2026-01-28T12:00,0.0,0.0,0.0,0.0,0.0,0.0,0,0.0,,65.0,13.9,1.22,2.9,19,6,15420.0,0,0.235
2026-01-28T13:00,0.0,0.0,0.0,0.0,0.0,0.0,0,0.0,,40.0,13.2,0.86,2.3,7,9,14260.0,0,0.235
2026-01-28T14:00,0.0,0.0,0.0,0.0,0.0,0.0,0,0.0,,50.0,12.3,1.2,2.4,343,13,14260.0,0,0.235
2026-01-28T15:00,0.0,0.0,0.0,0.0,0.0,0.0,0,0.0,,50.0,11.9,1.08,2.4,347,10,14280.0,0,0.236
2026-01-28T16:00,0.0,0.0,0.0,0.0,0.0,0.0,1,0.0,,50.0,11.3,1.1,2.1,357,20,14280.0,0,0.236
2026-01-28T17:00,0.0,0.0,0.0,0.0,0.0,0.0,0,0.0,,50.0,10.7,1.05,2.1,357,5,12420.0,0,0.236
2026-01-28T18:00,0.0,0.0,0.0,0.0,0.0,0.0,0,0.0,0.0,40.0,10.3,0.76,1.9,352,16,11120.0,0,0.227
2026-01-28T19:00,0.0,0.0,0.0,0.0,0.0,0.0,1,0.0,,60.0,9.7,0.86,1.7,350,39,11120.0,0,0.227
2026-01-28T20:00,0.0,0.0,0.0,0.0,0.0,0.0,1,0.0,,60.0,9.6,0.82,1.6,346,32,11140.0,0,0.228
2026-01-28T21:00,0.0,0.0,0.0,0.0,0.0,0.0,0,0.0,,55.0,9.2,0.84,1.7,343,10,11140.0,0,0.228
2026-01-28T22:00,0.0,0.0,0.0,0.0,0.0,0.0,0,0.0,,55.0,9.2,0.5,1.7,354,0,11140.0,0,0.228
2026-01-28T23:00,0.0,0.0,0.0,0.0,0.0,0.0,0,0.0,,60.0,8.8,0.36,1.2,16,0,9620.0,0,0.229
2026-01-29T00:00,0.0,0.0,0.0,0.0,0.0,0.0,1,0.0,1.0,90.0,10.4,0.87,2.1,13,41,11140.0,1,0.238
2026-01-29T01:00,0.0,0.0,0.0,0.0,0.0,0.0,2,0.0,,255.0,12.5,0.82,3.3,14,65,14280.0,1,0.238
2026-01-29T02:00,0.0,0.0,0.0,0.0,0.0,0.0,3,0.0,,320.0,14.3,1.2,4.2,5,90,15440.0,1,0.238
2026-01-29T03:00,0.0,0.0,0.0,0.0,0.0,0.0,2,0.0,,400.0,15.8,0.85,4.3,3,56,15440.0,1,0.237
2026-01-29T04:00,0.0,0.0,0.0,0.0,0.0,0.0,0,0.0,,615.0,18.0,0.71,4.2,352,12,16480.0,1,0.236
2026-01-29T05:00,0.0,0.0,0.0,0.0,0.0,0.0,0,0.0,,700.0,19.4,0.56,4.3,333,5,16480.0,1,0.234
2026-01-29T06:00,0.0,0.0,0.0,0.0,0.0,0.0,1,0.0,,805.0,19.6,0.6,4.1,270,22,16480.0,1,0.232
2026-01-29T07:00,0.0,0.0,0.0,0.0,0.0,0.0,1,0.0,,890.0,20.8,0.4,4.0,173,23,16480.0,1,0.23
2026-01-29T08:00,0.0,0.0,0.0,0.0,0.0,0.0,1,0.0,,775.0,20.8,0.63,3.6,151,39,16480.0,1,0.229
2026-01-29T09:00,0.0,0.0,0.0,0.0,0.0,0.0,2,0.0,,420.0,20.3,0.66,3.1,189,68,16480.0,1,0.229
2026-01-29T10:00,0.0,0.0,0.0,0.0,0.0,0.0,3,0.0,0.0,35.0,18.8,0.54,2.1,202,96,16480.0,1,0.229
2026-01-29T11:00,0.0,0.0,0.0,0.0,0.0,0.0,3,10.0,0.0,35.0,18.1,0.91,2.0,189,100,15460.0,0,0.229
2026-01-29T12:00,0.0,0.0,0.0,0.0,0.0,0.0,0,10.0,3.0,30.0,17.4,0.58,2.0,211,19,15460.0,0,0.221
2026-01-29T13:00,0.0,0.0,0.0,0.0,0.0,0.0,3,0.0,0.0,25.0,16.0,0.47,1.4,198,96,14300.0,0,0.221
2026-01-29T14:00,0.0,0.0,0.0,0.0,0.0,0.0,3,10.0,0.0,25.0,16.1,0.67,1.6,167,100,14300.0,0,0.221
2026-01-29T15:00,0.1,0.1,0.0,0.0,0.0,0.0,51,30.0,0.0,35.0,16.4,0.71,1.9,188,100,6660.0,0,0.222
2026-01-29T16:00,0.0,0.0,0.0,0.0,0.0,0.0,1,30.0,2.0,10.0,16.5,0.05,1.6,360,29,14300.0,0,0.223
2026-01-29T17:00,0.0,0.0,0.0,0.0,0.0,0.0,3,30.0,0.0,15.0,15.3,0.1,0.8,360,100,14300.0,0,0.223
2026-01-29T18:00,0.1,0.1,0.0,0.0,0.0,0.0,51,10.0,0.0,30.0,15.7,0.4,0.8,7,100,4560.0,0,0.224
2026-01-29T19:00,0.3,0.3,0.0,0.0,0.0,0.0,51,0.0,1.0,70.0,15.3,0.69,1.5,30,77,5560.0,0,0.228
2026-01-29T20:00,0.1,0.1,0.0,0.0,0.0,0.0,51,40.0,0.0,45.0,14.8,0.82,1.7,322,100,2280.0,0,0.229
2026-01-29T21:00,0.2,0.2,0.0,0.0,0.0,0.0,51,10.0,0.0,90.0,14.8,0.96,1.9,9,100,4180.0,0,0.232
2026-01-29T22:00,0.0,0.0,0.0,0.0,0.0,0.0,3,40.0,0.0,45.0,14.8,0.6,1.8,312,100,4660.0,0,0.233
2026-01-29T23:00,0.1,0.1,0.0,0.0,0.0,0.0,51,40.0,0.0,70.0,14.9,1.03,1.8,14,100,6820.0,0,0.234
2026-01-30T00:00,0.5,0.5,0.0,0.0,0.0,0.0,53,20.0,1.0,40.0,15.1,0.79,2.1,325,100,2420.0,1,0.296
2026-01-30T01:00,1.2,1.2,0.0,0.0,0.0,0.0,55,10.0,0.0,100.0,15.4,1.1,2.5,336,100,3340.0,1,0.312
2026-01-30T02:00,0.1,0.1,0.0,0.0,0.0,0.0,51,0.0,1.0,215.0,16.3,0.85,3.0,357,80,8760.0,1,0.313
2026-01-30T03:00,0.0,0.0,0.0,0.0,0.0,0.0,3,0.0,6.0,290.0,17.9,0.87,3.8,24,100,9240.0,1,0.311
2026-01-30T04:00,0.0,0.0,0.0,0.0,0.0,0.0,3,0.0,7.0,295.0,18.0,0.91,3.8,84,100,9840.0,1,0.311
2026-01-30T05:00,0.1,0.1,0.0,0.0,0.0,0.0,51,0.0,1.0,260.0,18.0,0.6,3.3,132,100,7880.0,1,0.31
2026-01-30T06:00,0.0,0.0,0.0,0.0,0.0,0.0,3,0.0,0.0,370.0,18.6,0.96,3.5,174,100,14060.0,1,0.319
2026-01-30T07:00,0.0,0.0,0.0,0.0,0.0,0.0,3,0.0,4.0,345.0,19.0,0.97,3.4,168,100,14320.0,1,0.317
2026-01-30T08:00,0.0,0.0,0.0,0.0,0.0,0.0,3,10.0,3.0,255.0,18.8,1.15,3.2,146,100,14320.0,1,0.316
2026-01-30T09:00,0.0,0.0,0.0,0.0,0.0,0.0,3,10.0,0.0,195.0,18.6,1.22,3.2,161,100,12460.0,1,0.316
2026-01-30T10:00,0.0,0.0,0.0,0.0,0.0,0.0,3,10.0,0.0,45.0,17.9,0.5,2.7,217,100,12480.0,1,0.315
2026-01-30T11:00,0.0,0.0,0.0,0.0,0.0,0.0,3,20.0,0.0,45.0,17.5,0.98,1.9,255,100,11160.0,0,0.314
2026-01-30T12:00,0.0,0.0,0.0,0.0,0.0,0.0,3,20.0,0.0,20.0,16.7,0.47,2.0,252,100,9480.0,0,0.31
2026-01-30T13:00,0.0,0.0,0.0,0.0,0.0,0.0,3,20.0,0.0,15.0,17.0,0.1,1.1,270,100,6080.0,0,0.31
2026-01-30T14:00,0.0,0.0,0.0,0.0,0.0,0.0,3,20.0,0.0,40.0,16.9,0.6,0.7,336,98,8880.0,0,0.31
2026-01-30T15:00,0.0,0.0,0.0,0.0,0.0,0.0,3,40.0,1.0,65.0,16.8,1.12,2.2,339,100,6100.0,0,0.31
2026-01-30T16:00,0.1,0.0,0.1,0.0,0.0,0.0,51,20.0,0.0,300.0,16.7,3.04,5.1,351,100,4160.0,0,0.31
2026-01-30T17:00,0.8,0.8,0.0,0.0,0.0,0.0,53,20.0,0.0,340.0,14.4,3.05,7.2,357,100,2380.0,0,0.318
2026-01-30T18:00,1.3,1.3,0.0,0.0,0.0,0.0,61,10.0,0.0,310.0,14.8,2.15,5.9,18,100,3600.0,0,0.334
2026-01-30T19:00,0.4,0.4,0.0,0.0,0.0,0.0,51,20.0,0.0,455.0,14.0,3.08,6.0,7,100,3920.0,0,0.337
2026-01-30T20:00,0.5,0.5,0.0,0.0,0.0,0.0,53,20.0,0.0,465.0,12.9,3.24,6.4,13,100,4440.0,0,0.342
2026-01-30T21:00,0.1,0.1,0.0,0.0,0.0,0.0,51,10.0,0.0,520.0,12.4,3.58,7.1,7,100,10900.0,0,0.341
2026-01-30T22:00,0.0,0.0,0.0,0.0,0.0,0.0,3,20.0,0.0,565.0,11.9,3.81,8.0,14,100,9460.0,0,0.339
2026-01-30T23:00,0.0,0.0,0.0,0.0,0.0,0.0,3,20.0,5.0,560.0,11.4,3.52,7.8,7,100,8960.0,0,0.337
2026-01-31T00:00,0.1,0.1,0.0,0.0,0.0,0.0,51,0.0,5.0,490.0,12.1,2.93,7.8,351,100,9020.0,1,0.306
2026-01-31T01:00,0.1,0.1,0.0,0.0,0.0,0.0,51,30.0,0.0,545.0,12.0,3.5,8.1,358,100,5940.0,1,0.307
2026-01-31T02:00,0.1,0.1,0.0,0.0,0.0,0.0,51,0.0,0.0,580.0,12.2,3.39,7.5,8,100,9420.0,1,0.307
2026-01-31T03:00,0.0,0.0,0.0,0.0,0.0,0.0,3,0.0,0.0,625.0,12.3,3.9,8.7,2,100,9380.0,1,0.306
2026-01-31T04:00,0.0,0.0,0.0,0.0,0.0,0.0,3,0.0,0.0,645.0,12.7,4.09,9.3,8,100,14340.0,1,0.305
2026-01-31T05:00,0.0,0.0,0.0,0.0,0.0,0.0,3,0.0,0.0,735.0,13.7,4.62,10.6,6,94,15500.0,1,0.303
2026-01-31T06:00,0.0,0.0,0.0,0.0,0.0,0.0,3,0.0,0.0,720.0,12.8,4.86,11.0,12,97,15500.0,1,0.304
2026-01-31T07:00,0.0,0.0,0.0,0.0,0.0,0.0,3,0.0,0.0,715.0,13.6,4.08,10.6,17,83,15500.0,1,0.303
2026-01-31T08:00,0.0,0.0,0.0,0.0,0.0,0.0,1,0.0,0.0,725.0,14.1,3.61,9.2,19,49,16540.0,1,0.301
2026-01-31T09:00,0.0,0.0,0.0,0.0,0.0,0.0,0,0.0,0.0,735.0,14.2,3.57,8.2,15,18,16540.0,1,0.3
2026-01-31T10:00,0.0,0.0,0.0,0.0,0.0,0.0,0,0.0,0.0,715.0,13.1,3.36,7.8,11,6,15500.0,1,0.299
2026-01-31T11:00,0.0,0.0,0.0,0.0,0.0,0.0,0,0.0,0.0,715.0,12.3,3.34,7.0,9,9,15500.0,0,0.298
2026-01-31T12:00,0.0,0.0,0.0,0.0,0.0,0.0,1,0.0,0.0,685.0,11.5,3.16,7.5,4,26,14340.0,0,0.307
2026-01-31T13:00,0.0,0.0,0.0,0.0,0.0,0.0,2,0.0,0.0,675.0,11.1,3.7,7.7,2,55,15500.0,0,0.306
2026-01-31T14:00,0.0,0.0,0.0,0.0,0.0,0.0,2,0.0,0.0,700.0,10.8,3.9,8.1,1,51,15500.0,0,0.306
2026-01-31T15:00,0.0,0.0,0.0,0.0,0.0,0.0,2,0.0,0.0,685.0,10.3,4.05,8.6,1,63,15500.0,0,0.305
2026-01-31T16:00,0.0,0.0,0.0,0.0,0.0,0.0,3,10.0,0.0,680.0,9.7,4.15,8.8,1,87,15500.0,0,0.304
2026-01-31T17:00,0.0,0.0,0.0,0.0,0.0,0.0,3,10.0,0.0,660.0,9.2,4.1,9.0,3,99,15520.0,0,0.304
2026-01-31T18:00,0.0,0.0,0.0,0.0,0.0,0.0,3,20.0,0.0,605.0,9.3,3.86,8.8,3,100,15520.0,0,0.303
2026-01-31T19:00,0.0,0.0,0.0,0.0,0.0,0.0,3,30.0,0.0,620.0,8.9,3.9,8.5,1,98,15520.0,0,0.303
2026-01-31T20:00,0.0,0.0,0.0,0.0,0.0,0.0,3,20.0,2.0,625.0,8.5,3.4,8.5,1,93,15520.0,0,0.302
2026-01-31T21:00,0.1,0.1,0.0,0.0,0.0,0.0,51,20.0,1.0,600.0,8.2,3.57,7.6,6,100,4380.0,0,0.303
2026-01-31T22:00,0.8,0.8,0.0,0.0,0.0,0.0,53,10.0,1.0,565.0,7.2,3.32,8.0,7,100,3180.0,0,0.31
2026-01-31T23:00,0.9,0.9,0.0,0.0,0.0,0.0,53,10.0,1.0,555.0,7.1,3.11,7.0,5,100,3100.0,0,0.321
2026-02-01T00:00,0.7,0.7,0.0,0.0,0.0,0.0,53,0.0,1.0,515.0,7.6,3.12,6.5,6,100,5860.0,1,0.318
2026-02-01T01:00,0.2,0.2,0.0,0.0,0.0,0.0,51,10.0,1.0,505.0,8.0,3.3,7.0,18,100,5160.0,1,0.319
2026-02-01T02:00,0.3,0.3,0.0,0.0,0.0,0.0,51,0.0,1.0,495.0,8.4,3.61,7.9,14,100,6140.0,1,0.322
2026-02-01T03:00,0.0,0.0,0.0,0.0,0.0,0.0,3,0.0,1.0,550.0,9.7,3.57,8.3,22,100,14360.0,1,0.321
2026-02-01T04:00,0.0,0.0,0.0,0.0,0.0,0.0,2,0.0,1.0,620.0,12.2,2.69,8.2,22,61,15520.0,1,0.319
2026-02-01T05:00,0.0,0.0,0.0,0.0,0.0,0.0,2,0.0,1.0,650.0,14.0,2.31,7.3,30,66,15520.0,1,0.317
2026-02-01T06:00,0.0,0.0,0.0,0.0,0.0,0.0,0,0.0,1.0,675.0,15.2,2.42,6.7,24,3,16560.0,1,0.321
2026-02-01T07:00,0.0,0.0,0.0,0.0,0.0,0.0,0,0.0,1.0,730.0,16.8,2.04,6.8,22,1,16560.0,1,0.318
2026-02-01T08:00,0.0,0.0,0.0,0.0,0.0,0.0,0,0.0,1.0,765.0,17.4,2.4,6.1,17,4,16560.0,1,0.316
2026-02-01T09:00,0.0,0.0,0.0,0.0,0.0,0.0,0,0.0,1.0,755.0,17.1,2.45,6.1,20,5,16560.0,1,0.315
2026-02-01T10:00,0.0,0.0,0.0,0.0,0.0,0.0,0,0.0,1.0,160.0,14.4,1.42,5.1,18,5,16560.0,1,0.314
2026-02-01T11:00,0.0,0.0,0.0,0.0,0.0,0.0,0,0.0,1.0,345.0,13.4,2.19,4.0,24,0,15540.0,0,0.314
2026-02-01T12:00,0.0,0.0,0.0,0.0,0.0,0.0,0,0.0,1.0,365.0,12.0,3.29,6.5,17,2,15540.0,0,0.304
2026-02-01T13:00,0.0,0.0,0.0,0.0,0.0,0.0,0,0.0,1.0,400.0,11.0,3.15,6.7,15,7,15540.0,0,0.303
2026-02-01T14:00,0.0,0.0,0.0,0.0,0.0,0.0,0,0.0,1.0,455.0,10.2,3.18,6.6,13,0,15540.0,0,0.303
2026-02-01T15:00,0.0,0.0,0.0,0.0,0.0,0.0,0,0.0,1.0,475.0,9.5,2.51,6.5,6,3,14380.0,0,0.302
2026-02-01T16:00,0.0,0.0,0.0,0.0,0.0,0.0,0,0.0,1.0,475.0,8.9,2.1,5.3,360,3,14380.0,0,0.302
2026-02-01T17:00,0.0,0.0,0.0,0.0,0.0,0.0,0,0.0,1.0,475.0,8.6,2.21,4.8,356,0,14380.0,0,0.302
2026-02-01T18:00,0.0,0.0,0.0,0.0,0.0,0.0,0,0.0,1.0,410.0,8.7,2.32,5.2,346,2,14380.0,0,0.297
2026-02-01T19:00,0.0,0.0,0.0,0.0,0.0,0.0,0,0.0,1.0,440.0,8.5,2.11,4.9,353,4,14380.0,0,0.297
2026-02-01T20:00,0.0,0.0,0.0,0.0,0.0,0.0,0,0.0,1.0,455.0,8.1,2.16,4.8,356,7,14380.0,0,0.297
2026-02-01T21:00,0.0,0.0,0.0,0.0,0.0,0.0,0,0.0,2.0,465.0,7.8,2.17,4.9,352,8,14380.0,0,0.296
2026-02-01T22:00,0.0,0.0,0.0,0.0,0.0,0.0,0,0.0,2.0,460.0,7.6,2.21,4.9,354,3,14380.0,0,0.296
2026-02-01T23:00,0.0,0.0,0.0,0.0,0.0,0.0,0,0.0,2.0,495.0,7.4,2.27,5.2,352,0,14380.0,0,0.296
2026-02-02T00:00,0.0,0.0,0.0,0.0,0.0,0.0,0,0.0,2.0,465.0,8.3,2.46,5.5,354,2,14380.0,1,0.295
2026-02-02T01:00,0.0,0.0,0.0,0.0,0.0,0.0,0,0.0,2.0,560.0,10.1,2.57,6.6,8,2,15540.0,1,0.294
2026-02-02T02:00,0.0,0.0,0.0,0.0,0.0,0.0,0,0.0,2.0,620.0,12.3,3.07,7.8,12,0,16580.0,1,0.293
2026-02-02T03:00,0.0,0.0,0.0,0.0,0.0,0.0,0,0.0,2.0,675.0,14.6,3.21,8.2,11,0,16580.0,1,0.291
2026-02-02T04:00,0.0,0.0,0.0,0.0,0.0,0.0,0,0.0,2.0,775.0,16.7,3.37,8.6,7,1,17480.0,1,0.289
2026-02-02T05:00,0.0,0.0,0.0,0.0,0.0,0.0,0,0.0,2.0,865.0,18.2,3.56,8.9,5,0,17480.0,1,0.286
2026-02-02T06:00,0.0,0.0,0.0,0.0,0.0,0.0,0,0.0,2.0,935.0,18.7,3.18,9.0,7,0,19260.0,1,0.286
2026-02-02T07:00,0.0,0.0,0.0,0.0,0.0,0.0,0,0.0,2.0,970.0,19.5,3.18,8.0,7,0,19260.0,1,0.283
2026-02-02T08:00,0.0,0.0,0.0,0.0,0.0,0.0,0,0.0,2.0,940.0,19.3,3.24,7.8,13,0,19260.0,1,0.281
2026-02-02T09:00,0.0,0.0,0.0,0.0,0.0,0.0,0,0.0,2.0,845.0,18.5,3.34,7.4,13,0,17480.0,1,0.28
2026-02-02T10:00,0.0,0.0,0.0,0.0,0.0,0.0,0,0.0,2.0,430.0,16.2,2.7,6.7,11,0,17480.0,1,0.279
2026-02-02T11:00,0.0,0.0,0.0,0.0,0.0,0.0,0,0.0,2.0,420.0,14.8,2.98,5.9,9,0,16580.0,0,0.279
2026-02-02T12:00,0.0,0.0,0.0,0.0,0.0,0.0,0,0.0,2.0,345.0,13.5,2.61,6.1,12,0,16580.0,0,0.277
2026-02-02T13:00,0.0,0.0,0.0,0.0,0.0,0.0,0,0.0,2.0,400.0,12.8,2.22,5.3,8,0,16600.0,0,0.277
2026-02-02T14:00,0.0,0.0,0.0,0.0,0.0,0.0,0,0.0,2.0,430.0,11.9,1.91,4.5,5,0,16600.0,0,0.277
2026-02-02T15:00,0.0,0.0,0.0,0.0,0.0,0.0,0,0.0,2.0,415.0,10.9,1.6,4.1,358,0,16600.0,0,0.277
2026-02-02T16:00,0.0,0.0,0.0,0.0,0.0,0.0,0,0.0,2.0,390.0,10.1,1.43,3.4,348,0,16600.0,0,0.277
2026-02-02T17:00,0.0,0.0,0.0,0.0,0.0,0.0,0,0.0,2.0,230.0,9.7,1.39,3.1,345,17,15560.0,0,0.277
2026-02-02T18:00,0.0,0.0,0.0,0.0,0.0,0.0,2,0.0,3.0,95.0,9.6,1.27,2.9,349,64,15560.0,0,0.275
2026-02-02T19:00,0.0,0.0,0.0,0.0,0.0,0.0,0,0.0,3.0,85.0,8.9,1.19,2.6,345,10,15560.0,0,0.276
2026-02-02T20:00,0.0,0.0,0.0,0.0,0.0,0.0,0,0.0,3.0,70.0,8.3,1.11,2.4,342,0,14400.0,0,0.276
2026-02-02T21:00,0.0,0.0,0.0,0.0,0.0,0.0,0,0.0,3.0,80.0,7.9,1.19,2.5,338,0,14400.0,0,0.276
2026-02-02T22:00,0.0,0.0,0.0,0.0,0.0,0.0,0,0.0,3.0,85.0,7.5,1.15,2.5,342,0,14400.0,0,0.276
2026-02-02T23:00,0.0,0.0,0.0,0.0,0.0,0.0,0,0.0,3.0,90.0,7.1,1.09,2.4,344,0,12560.0,0,0.276
2026-02-03T00:00,0.0,0.0,0.0,0.0,0.0,0.0,1,0.0,3.0,135.0,9.1,1.6,3.2,340,30,14420.0,1,0.277
2026-02-03T01:00,0.0,0.0,0.0,0.0,0.0,0.0,3,0.0,3.0,290.0,11.2,1.13,3.9,347,80,15580.0,1,0.277
2026-02-03T02:00,0.0,0.0,0.0,0.0,0.0,0.0,3,0.0,3.0,390.0,13.7,1.5,5.0,2,99,16600.0,1,0.275
2026-02-03T03:00,0.0,0.0,0.0,0.0,0.0,0.0,3,0.0,3.0,530.0,16.1,1.55,5.4,360,95,16600.0,1,0.274
2026-02-03T04:00,0.0,0.0,0.0,0.0,0.0,0.0,2,0.0,3.0,685.0,18.0,1.21,5.4,353,50,17500.0,1,0.272
2026-02-03T05:00,0.0,0.0,0.0,0.0,0.0,0.0,0,0.0,3.0,735.0,19.4,0.99,5.0,330,0,17500.0,1,0.269
2026-02-03T06:00,0.0,0.0,0.0,0.0,0.0,0.0,0,0.0,3.0,770.0,19.8,0.54,4.7,292,7,17500.0,1,0.267
2026-02-03T07:00,0.0,0.0,0.0,0.0,0.0,0.0,1,0.0,3.0,760.0,20.9,0.67,4.0,283,29,17500.0,1,0.265
2026-02-03T08:00,0.0,0.0,0.0,0.0,0.0,0.0,1,0.0,3.0,680.0,21.0,0.55,3.8,270,20,17500.0,1,0.263
2026-02-03T09:00,0.0,0.0,0.0,0.0,0.0,0.0,2,0.0,3.0,35.0,20.6,0.14,3.0,315,52,17500.0,1,0.262
2026-02-03T10:00,0.0,0.0,0.0,0.0,0.0,0.0,3,0.0,3.0,10.0,18.3,0.11,1.0,63,91,17500.0,1,0.262
2026-02-03T11:00,0.0,0.0,0.0,0.0,0.0,0.0,2,10.0,3.0,10.0,17.8,0.07,0.6,45,52,16620.0,0,0.263
2026-02-03T12:00,0.0,0.0,0.0,0.0,0.0,0.0,2,10.0,3.0,20.0,16.1,0.38,0.8,203,50,15580.0,0,0.259
2026-02-03T13:00,0.0,0.0,0.0,0.0,0.0,0.0,0,10.0,3.0,25.0,15.0,0.76,1.4,191,16,15580.0,0,0.26
2026-02-03T14:00,0.0,0.0,0.0,0.0,0.0,0.0,1,10.0,4.0,35.0,13.6,1.21,2.2,187,22,14420.0,0,0.26
2026-02-03T15:00,0.0,0.0,0.0,0.0,0.0,0.0,0,0.0,4.0,40.0,12.8,1.4,2.8,184,9,12580.0,0,0.26
2026-02-03T16:00,0.0,0.0,0.0,0.0,0.0,0.0,0,10.0,4.0,35.0,11.9,1.32,2.8,171,10,11260.0,0,0.26
2026-02-03T17:00,0.0,0.0,0.0,0.0,0.0,0.0,1,10.0,4.0,35.0,11.2,1.15,2.7,178,29,9740.0,0,0.26
2026-02-03T18:00,0.0,0.0,0.0,0.0,0.0,0.0,1,10.0,4.0,30.0,11.4,1.0,2.4,162,22,9740.0,0,0.257
2026-02-03T19:00,0.0,0.0,0.0,0.0,0.0,0.0,1,10.0,4.0,25.0,11.2,0.78,2.0,165,46,6820.0,0,0.258
2026-02-03T20:00,0.0,0.0,0.0,0.0,0.0,0.0,3,10.0,4.0,10.0,11.4,0.16,1.6,198,83,6820.0,0,0.258
2026-02-03T21:00,0.0,0.0,0.0,0.0,0.0,0.0,3,10.0,4.0,15.0,11.7,0.16,0.7,342,97,9740.0,0,0.258
2026-02-03T22:00,0.0,0.0,0.0,0.0,0.0,0.0,3,10.0,4.0,10.0,12.2,0.11,0.6,207,100,9740.0,0,0.259
2026-02-03T23:00,0.0,0.0,0.0,0.0,0.0,0.0,3,10.0,4.0,15.0,12.2,0.21,0.8,194,100,9740.0,0,0.259
2026-02-04T00:00,0.0,0.0,0.0,0.0,0.0,0.0,3,20.0,0.0,30.0,13.3,0.28,1.2,315,91,9740.0,1,0.26
2026-02-04T01:00,0.0,0.0,0.0,0.0,0.0,0.0,2,30.0,2.0,140.0,15.1,0.5,2.6,323,68,12580.0,1,0.26
2026-02-04T02:00,0.0,0.0,0.0,0.0,0.0,0.0,2,20.0,4.0,245.0,16.7,0.64,3.2,321,70,14440.0,1,0.26
2026-02-04T03:00,0.0,0.0,0.0,0.0,0.0,0.0,2,10.0,4.0,450.0,18.6,0.6,3.7,312,55,15600.0,1,0.259
2026-02-04T04:00,0.0,0.0,0.0,0.0,0.0,0.0,2,10.0,4.0,620.0,20.0,0.75,4.0,307,73,15600.0,1,0.258
2026-02-04T05:00,0.0,0.0,0.0,0.0,0.0,0.0,1,0.0,4.0,785.0,21.2,0.4,4.0,353,23,16640.0,1,0.256
2026-02-04T06:00,0.0,0.0,0.0,0.0,0.0,0.0,3,20.0,4.0,1525.0,23.1,1.64,3.9,232,91,16640.0,1,0.254
2026-02-04T07:00,0.0,0.0,0.0,0.0,0.0,0.0,2,10.0,4.0,1255.0,22.9,2.55,6.3,230,59,16640.0,1,0.252
2026-02-04T08:00,0.0,0.0,0.0,0.0,0.0,0.0,1,0.0,4.0,1165.0,22.7,1.79,6.3,207,41,16640.0,1,0.251
2026-02-04T09:00,0.0,0.0,0.0,0.0,0.0,0.0,2,10.0,4.0,1195.0,22.5,0.9,4.5,214,59,16640.0,1,0.251
2026-02-04T10:00,0.0,0.0,0.0,0.0,0.0,0.0,1,0.0,4.0,40.0,20.2,0.65,1.6,270,29,15620.0,1,0.251
2026-02-04T11:00,0.0,0.0,0.0,0.0,0.0,0.0,0,0.0,5.0,15.0,18.2,0.32,1.4,309,4,15620.0,0,0.251
2026-02-04T12:00,0.0,0.0,0.0,0.0,0.0,0.0,3,10.0,5.0,15.0,18.1,0.35,0.9,225,80,14460.0,0,0.244
2026-02-04T13:00,0.0,0.0,0.0,0.0,0.0,0.0,0,0.0,5.0,25.0,17.1,0.83,1.7,237,3,14460.0,0,0.245
2026-02-04T14:00,0.0,0.0,0.0,0.0,0.0,0.0,0,0.0,5.0,30.0,15.5,1.15,2.2,198,2,12600.0,0,0.245
2026-02-04T15:00,0.0,0.0,0.0,0.0,0.0,0.0,0,0.0,5.0,35.0,14.7,1.2,2.5,185,5,11280.0,0,0.245
2026-02-04T16:00,0.0,0.0,0.0,0.0,0.0,0.0,0,0.0,5.0,40.0,14.1,1.2,2.5,182,5,11280.0,0,0.245
2026-02-04T17:00,0.0,0.0,0.0,0.0,0.0,0.0,0,0.0,5.0,35.0,13.4,1.08,2.5,193,5,9760.0,0,0.246
2026-02-04T18:00,0.0,0.0,0.0,0.0,0.0,0.0,0,10.0,5.0,25.0,13.4,0.78,2.3,195,11,9760.0,0,0.239
2026-02-04T19:00,0.0,0.0,0.0,0.0,0.0,0.0,0,10.0,5.0,25.0,13.2,0.7,1.9,201,11,9760.0,0,0.239
2026-02-04T20:00,0.0,0.0,0.0,0.0,0.0,0.0,0,20.0,5.0,15.0,13.2,0.39,1.7,220,13,9760.0,0,0.239
2026-02-04T21:00,0.0,0.0,0.0,0.0,0.0,0.0,0,20.0,5.0,10.0,13.2,0.14,1.2,225,10,9760.0,0,0.24
2026-02-04T22:00,0.0,0.0,0.0,0.0,0.0,0.0,0,20.0,5.0,10.0,12.8,0.11,0.8,333,10,9760.0,0,0.24
2026-02-04T23:00,0.0,0.0,0.0,0.0,0.0,0.0,0,20.0,0.0,25.0,12.4,0.3,0.9,351,9,3080.0,0,0.24
2026-02-05T00:00,0.0,0.0,0.0,0.0,0.0,0.0,1,20.0,3.0,55.0,13.9,0.96,2.1,321,30,4680.0,1,0.242
2026-02-05T01:00,0.0,0.0,0.0,0.0,0.0,0.0,0,10.0,5.0,140.0,16.6,0.78,3.3,345,6,11300.0,1,0.242
2026-02-05T02:00,0.0,0.0,0.0,0.0,0.0,0.0,0,10.0,5.0,235.0,19.4,0.47,3.6,32,1,14460.0,1,0.241
2026-02-05T03:00,0.0,0.0,0.0,0.0,0.0,0.0,0,10.0,5.0,385.0,22.4,0.45,3.8,117,10,15640.0,1,0.24
2026-02-05T04:00,0.0,0.0,0.0,0.0,0.0,0.0,2,20.0,5.0,1200.0,24.4,1.0,4.5,174,58,16660.0,1,0.237
2026-02-05T05:00,0.0,0.0,0.0,0.0,0.0,0.0,3,10.0,0.0,1335.0,24.8,1.05,4.6,183,100,16660.0,1,0.236
2026-02-05T06:00,0.0,0.0,0.0,0.0,0.0,0.0,2,20.0,0.0,1745.0,25.3,1.75,4.1,211,52,17560.0,1,0.234
2026-02-05T07:00,0.0,0.0,0.0,0.0,0.0,0.0,3,10.0,5.0,1780.0,25.7,2.19,5.6,227,93,17560.0,1,0.233
2026-02-05T08:00,0.0,0.0,0.0,0.0,0.0,0.0,3,10.0,5.0,1555.0,25.5,1.95,5.5,228,98,17560.0,1,0.231
2026-02-05T09:00,0.0,0.0,0.0,0.0,0.0,0.0,2,10.0,5.0,55.0,24.7,0.66,4.5,189,62,16660.0,1,0.231
2026-02-05T10:00,0.0,0.0,0.0,0.0,0.0,0.0,2,0.0,5.0,20.0,22.6,0.28,1.3,135,53,16660.0,1,0.231
2026-02-05T11:00,0.0,0.0,0.0,0.0,0.0,0.0,0,0.0,5.0,15.0,20.7,0.34,1.0,207,10,15640.0,0,0.231
2026-02-05T12:00,0.0,0.0,0.0,0.0,0.0,0.0,0,0.0,6.0,20.0,19.2,0.71,1.0,225,5,15640.0,0,0.225
2026-02-05T13:00,0.0,0.0,0.0,0.0,0.0,0.0,0,10.0,6.0,15.0,17.8,0.85,1.8,273,15,14480.0,0,0.226
2026-02-05T14:00,0.0,0.0,0.0,0.0,0.0,0.0,1,10.0,6.0,15.0,17.2,0.38,1.8,247,28,14480.0,0,0.226
2026-02-05T15:00,0.0,0.0,0.0,0.0,0.0,0.0,0,0.0,6.0,20.0,16.6,0.72,1.4,168,13,12620.0,0,0.226
2026-02-05T16:00,0.0,0.0,0.0,0.0,0.0,0.0,0,0.0,6.0,25.0,16.1,0.84,1.6,163,4,12620.0,0,0.227
2026-02-05T17:00,0.0,0.0,0.0,0.0,0.0,0.0,0,0.0,6.0,20.0,15.8,0.55,1.6,180,1,12620.0,0,0.227
2026-02-05T18:00,0.0,0.0,0.0,0.0,0.0,0.0,0,10.0,0.0,20.0,15.3,0.59,1.4,200,5,11320.0,0,0.222
2026-02-05T19:00,0.0,0.0,0.0,0.0,0.0,0.0,1,10.0,0.0,15.0,15.1,0.43,1.4,234,34,11320.0,0,0.223
2026-02-05T20:00,0.0,0.0,0.0,0.0,0.0,0.0,3,10.0,0.0,15.0,15.1,0.25,1.1,259,89,11320.0,0,0.223
2026-02-05T21:00,0.0,0.0,0.0,0.0,0.0,0.0,3,10.0,0.0,10.0,15.0,0.11,0.9,297,100,11300.0,0,0.223
2026-02-05T22:00,0.0,0.0,0.0,0.0,0.0,0.0,3,10.0,4.0,20.0,15.2,0.27,0.7,158,100,11320.0,0,0.224
2026-02-05T23:00,0.0,0.0,0.0,0.0,0.0,0.0,2,10.0,0.0,10.0,15.5,0.05,0.7,360,69,11300.0,1,0.224
2026-02-06T00:00,0.0,0.0,0.0,0.0,0.0,0.0,0,0.0,8.0,45.0,16.2,0.81,1.4,22,13,11320.0,1,0.229
2026-02-06T01:00,0.0,0.0,0.0,0.0,0.0,0.0,0,0.0,0.0,140.0,18.7,0.81,3.2,317,1,14480.0,1,0.229
2026-02-06T02:00,0.0,0.0,0.0,0.0,0.0,0.0,0,0.0,1.0,280.0,21.4,0.0,3.4,270,2,15640.0,1,0.228
2026-02-06T03:00,0.0,0.0,0.0,0.0,0.0,0.0,0,10.0,2.0,440.0,23.9,0.38,3.5,203,5,16660.0,1,0.226
2026-02-06T04:00,0.0,0.0,0.0,0.0,0.0,0.0,0,10.0,2.0,1155.0,25.7,0.89,4.3,207,13,17560.0,1,0.224
2026-02-06T05:00,0.0,0.0,0.0,0.0,0.0,0.0,1,10.0,266.0,1565.0,26.5,0.5,4.3,233,39,17560.0,1,0.222
2026-02-06T06:00,0.0,0.0,0.0,0.0,0.0,0.0,1,20.0,4.0,1535.0,26.1,1.56,3.7,276,48,17560.0,1,0.22
2026-02-06T07:00,0.0,0.0,0.0,0.0,0.0,0.0,0,20.0,1.0,1260.0,26.2,1.55,5.0,274,3,17560.0,1,0.218
2026-02-06T08:00,0.0,0.0,0.0,0.0,0.0,0.0,0,0.0,16.0,1220.0,26.3,1.27,4.7,318,2,17560.0,1,0.216
2026-02-06T09:00,0.0,0.0,0.0,0.0,0.0,0.0,0,10.0,16.0,630.0,25.6,1.82,3.9,352,19,17560.0,1,0.215
2026-02-06T10:00,0.0,0.0,0.0,0.0,0.0,0.0,1,10.0,7.0,65.0,22.8,0.98,3.5,15,26,16660.0,1,0.215
2026-02-06T11:00,0.0,0.0,0.0,0.0,0.0,0.0,1,0.0,17.0,15.0,21.5,0.34,1.7,297,31,16660.0,0,0.216
2026-02-06T12:00,0.0,0.0,0.0,0.0,0.0,0.0,0,0.0,13.0,25.0,20.1,0.96,2.0,223,10,15640.0,0,0.215
2026-02-06T13:00,0.0,0.0,0.0,0.0,0.0,0.0,1,0.0,24.0,20.0,18.8,1.03,1.8,284,33,14480.0,0,0.216
2026-02-06T14:00,0.0,0.0,0.0,0.0,0.0,0.0,3,0.0,29.0,320.0,18.7,3.3,5.5,357,84,13860.0,0,0.216
2026-02-06T15:00,0.0,0.0,0.0,0.0,0.0,0.0,1,0.0,3.0,410.0,17.9,3.83,8.8,7,42,11360.0,0,0.216
2026-02-06T16:00,0.0,0.0,0.0,0.0,0.0,0.0,3,0.0,17.0,560.0,16.7,2.97,7.9,7,100,14480.0,0,0.216
2026-02-06T17:00,0.1,0.1,0.0,0.0,0.0,0.0,51,0.0,18.0,710.0,16.3,3.3,6.8,3,100,6060.0,0,0.217
2026-02-06T18:00,0.1,0.1,0.0,0.0,0.0,0.0,51,0.0,19.0,680.0,17.1,1.81,7.4,354,58,14480.0,0,0.217
2026-02-06T19:00,0.0,0.0,0.0,0.0,0.0,0.0,3,0.0,20.0,815.0,17.6,3.47,6.8,354,100,14480.0,0,0.217
2026-02-06T20:00,0.0,0.0,0.0,0.0,0.0,0.0,3,0.0,0.0,805.0,17.2,4.06,8.4,356,98,14480.0,0,0.217
2026-02-06T21:00,0.0,0.0,0.0,0.0,0.0,0.0,3,10.0,22.0,795.0,16.3,4.1,8.5,1,100,14480.0,0,0.217
2026-02-06T22:00,0.0,0.0,0.0,0.0,0.0,0.0,3,10.0,22.0,735.0,15.5,3.8,8.5,2,100,14480.0,0,0.217
2026-02-06T23:00,0.0,0.0,0.0,0.0,0.0,0.0,3,10.0,0.0,695.0,14.9,4.0,8.3,1,100,14460.0,1,0.217
2026-02-07T00:00,0.0,0.0,0.0,0.0,0.0,0.0,3,20.0,0.0,605.0,14.9,3.45,8.7,358,100,14460.0,1,0.217
2026-02-07T01:00,0.0,0.0,0.0,0.0,0.0,0.0,3,10.0,25.0,650.0,15.4,3.8,8.2,13,100,14460.0,1,0.217
2026-02-07T02:00,0.0,0.0,0.0,0.0,0.0,0.0,3,10.0,26.0,690.0,15.6,4.12,8.9,14,100,15620.0,1,0.217
2026-02-07T03:00,0.0,0.0,0.0,0.0,0.0,0.0,3,10.0,27.0,780.0,16.2,4.5,9.7,15,100,15620.0,1,0.216
2026-02-07T04:00,0.0,0.0,0.0,0.0,0.0,0.0,3,10.0,28.0,830.0,16.7,4.77,10.4,15,96,16640.0,1,0.215
2026-02-07T05:00,0.0,0.0,0.0,0.0,0.0,0.0,2,0.0,29.0,825.0,17.4,5.33,11.7,17,64,16640.0,1,0.214
2026-02-07T06:00,0.0,0.0,0.0,0.0,0.0,0.0,1,0.0,0.0,905.0,18.5,4.75,11.9,20,25,16640.0,1,0.214
2026-02-07T07:00,0.0,0.0,0.0,0.0,0.0,0.0,1,0.0,31.0,905.0,18.6,4.75,10.9,24,42,16640.0,1,0.212
2026-02-07T08:00,0.0,0.0,0.0,0.0,0.0,0.0,1,0.0,32.0,815.0,17.8,4.96,10.8,26,29,16640.0,1,0.211
2026-02-07T09:00,0.0,0.0,0.0,0.0,0.0,0.0,1,0.0,33.0,765.0,16.4,4.91,10.9,22,48,16640.0,1,0.21
2026-02-07T10:00,0.0,0.0,0.0,0.0,0.0,0.0,0,0.0,34.0,795.0,15.1,4.7,10.3,12,9,16620.0,1,0.209
2026-02-07T11:00,0.0,0.0,0.0,0.0,0.0,0.0,0,0.0,35.0,760.0,13.8,4.26,9.6,9,14,16620.0,0,0.209
2026-02-07T12:00,0.0,0.0,0.0,0.0,0.0,0.0,3,10.0,36.0,675.0,14.5,3.94,8.7,8,98,16620.0,0,0.218
2026-02-07T13:00,0.0,0.0,0.0,0.0,0.0,0.0,3,20.0,37.0,660.0,13.6,4.28,9.1,7,93,16620.0,0,0.218
2026-02-07T14:00,0.0,0.0,0.0,0.0,0.0,0.0,2,20.0,38.0,680.0,12.6,4.81,10.1,4,73,15600.0,0,0.218
2026-02-07T15:00,0.0,0.0,0.0,0.0,0.0,0.0,3,20.0,0.0,715.0,11.9,4.46,10.1,3,100,15600.0,0,0.217
2026-02-07T16:00,0.1,0.1,0.0,0.0,0.0,0.0,51,10.0,40.0,730.0,11.4,4.26,9.4,3,100,6760.0,0,0.218
2026-02-07T17:00,0.0,0.0,0.0,0.0,0.0,0.0,3,10.0,41.0,755.0,11.0,4.03,9.2,6,100,15600.0,0,0.218
2026-02-07T18:00,0.0,0.0,0.0,0.0,0.0,0.0,2,0.0,42.0,720.0,12.0,4.55,9.4,15,76,15580.0,0,0.218
2026-02-07T19:00,0.0,0.0,0.0,0.0,0.0,0.0,1,0.0,43.0,755.0,10.8,4.39,9.4,15,34,15580.0,0,0.218
2026-02-07T20:00,0.0,0.0,0.0,0.0,0.0,0.0,3,0.0,44.0,770.0,10.0,4.56,9.5,15,100,15580.0,0,0.217
2026-02-07T21:00,0.0,0.0,0.0,0.0,0.0,0.0,3,0.0,45.0,805.0,9.9,4.6,10.0,9,99,15580.0,0,0.217
2026-02-07T22:00,0.0,0.0,0.0,0.0,0.0,0.0,3,0.0,46.0,820.0,9.5,4.46,9.7,4,90,15580.0,0,0.217
2026-02-07T23:00,0.0,0.0,0.0,0.0,0.0,0.0,1,0.0,47.0,790.0,9.1,4.43,9.6,7,21,15580.0,1,0.217
2026-02-08T00:00,0.0,0.0,0.0,0.0,0.0,0.0,0,0.0,49.0,750.0,9.6,4.03,9.4,11,14,15580.0,1,0.216
2026-02-08T01:00,0.0,0.0,0.0,0.0,0.0,0.0,1,0.0,50.0,850.0,10.7,4.84,10.6,14,20,16600.0,1,0.216
2026-02-08T02:00,0.0,0.0,0.0,0.0,0.0,0.0,1,0.0,51.0,955.0,12.0,5.29,11.8,15,22,16580.0,1,0.215
2026-02-08T03:00,0.0,0.0,0.0,0.0,0.0,0.0,1,0.0,52.0,1040.0,13.4,5.55,12.6,14,27,16580.0,1,0.213
2026-02-08T04:00,0.0,0.0,0.0,0.0,0.0,0.0,0,0.0,53.0,1060.0,14.6,5.37,12.5,15,13,17460.0,1,0.211
2026-02-08T05:00,0.0,0.0,0.0,0.0,0.0,0.0,1,0.0,54.0,1105.0,15.9,5.08,12.3,17,35,17460.0,1,0.209
2026-02-08T06:00,0.0,0.0,0.0,0.0,0.0,0.0,0,0.0,55.0,1265.0,16.1,4.12,11.7,23,19,17460.0,1,0.208
2026-02-08T07:00,0.0,0.0,0.0,0.0,0.0,0.0,0,0.0,56.0,1355.0,16.7,4.4,10.2,19,12,17460.0,1,0.207
2026-02-08T08:00,0.0,0.0,0.0,0.0,0.0,0.0,0,0.0,58.0,1360.0,16.5,4.57,10.3,20,3,19220.0,1,0.205
2026-02-08T09:00,0.0,0.0,0.0,0.0,0.0,0.0,0,0.0,59.0,1280.0,15.7,4.84,10.3,14,12,19200.0,1,0.204
2026-02-08T10:00,0.0,0.0,0.0,0.0,0.0,0.0,3,0.0,60.0,1100.0,14.3,4.05,10.1,9,97,17460.0,1,0.203
2026-02-08T11:00,0.0,0.0,0.0,0.0,0.0,0.0,3,0.0,61.0,810.0,13.3,4.5,9.1,359,81,17460.0,0,0.203
2026-02-08T12:00,0.0,0.0,0.0,0.0,0.0,0.0,0,0.0,62.0,620.0,12.0,3.2,9.3,359,2,17440.0,0,0.207
2026-02-08T13:00,0.0,0.0,0.0,0.0,0.0,0.0,0,0.0,63.0,555.0,11.2,2.72,6.6,353,0,16560.0,0,0.207
2026-02-08T14:00,0.0,0.0,0.0,0.0,0.0,0.0,0,0.0,64.0,510.0,10.4,2.52,5.5,352,2,16560.0,0,0.207
2026-02-08T15:00,0.0,0.0,0.0,0.0,0.0,0.0,0,0.0,66.0,455.0,9.8,2.11,5.2,353,2,16560.0,0,0.207
2026-02-08T16:00,0.0,0.0,0.0,0.0,0.0,0.0,0,0.0,67.0,410.0,9.2,1.77,4.4,352,2,16560.0,0,0.207
2026-02-08T17:00,0.0,0.0,0.0,0.0,0.0,0.0,0,0.0,68.0,380.0,8.5,1.5,3.8,356,0,16560.0,0,0.207
2026-02-08T18:00,0.0,0.0,0.0,0.0,0.0,0.0,0,0.0,69.0,330.0,8.1,1.35,3.2,360,0,16560.0,0,0.208
2026-02-08T19:00,0.0,0.0,0.0,0.0,0.0,0.0,0,0.0,70.0,290.0,7.5,1.21,2.9,353,0,15540.0,0,0.208
2026-02-08T20:00,0.0,0.0,0.0,0.0,0.0,0.0,0,0.0,71.0,240.0,7.2,1.29,2.8,347,2,15540.0,0,0.208
2026-02-08T21:00,0.0,0.0,0.0,0.0,0.0,0.0,0,0.0,73.0,180.0,6.9,1.22,2.8,341,4,15520.0,0,0.208
2026-02-08T22:00,0.0,0.0,0.0,0.0,0.0,0.0,0,0.0,74.0,190.0,6.5,1.15,2.6,342,9,15520.0,0,0.208
2026-02-08T23:00,0.0,0.0,0.0,0.0,0.0,0.0,0,0.0,75.0,115.0,6.2,0.87,2.4,13,2,15520.0,1,0.208
2026-02-09T00:00,0.0,0.0,0.0,0.0,0.0,0.0,0,0.0,76.0,195.0,8.0,1.15,3.0,358,9,15520.0,1,0.209
2026-02-09T01:00,0.0,0.0,0.0,0.0,0.0,0.0,3,0.0,77.0,310.0,9.8,1.36,4.2,17,93,16540.0,1,0.208
2026-02-09T02:00,0.0,0.0,0.0,0.0,0.0,0.0,3,0.0,79.0,330.0,10.9,1.2,4.4,358,87,16540.0,1,0.208
2026-02-09T03:00,0.0,0.0,0.0,0.0,0.0,0.0,3,0.0,80.0,500.0,12.9,1.31,4.7,353,100,17400.0,1,0.207
2026-02-09T04:00,0.0,0.0,0.0,0.0,0.0,0.0,3,0.0,81.0,490.0,13.2,1.23,4.7,339,100,17400.0,1,0.207
2026-02-09T05:00,0.0,0.0,0.0,0.0,0.0,0.0,3,0.0,82.0,465.0,13.6,1.92,5.4,321,100,17400.0,1,0.206
2026-02-09T06:00,0.0,0.0,0.0,0.0,0.0,0.0,3,0.0,83.0,435.0,13.3,2.13,5.2,336,100,17400.0,1,0.205
2026-02-09T07:00,0.0,0.0,0.0,0.0,0.0,0.0,1,0.0,84.0,410.0,13.4,2.49,5.9,338,45,17400.0,1,0.205
2026-02-09T08:00,0.0,0.0,0.0,0.0,0.0,0.0,1,0.0,86.0,500.0,14.7,1.7,6.3,346,48,17400.0,1,0.204
2026-02-09T09:00,0.0,0.0,0.0,0.0,0.0,0.0,0,0.0,0.0,405.0,14.8,1.17,4.8,340,13,17400.0,1,0.203
2026-02-09T10:00,0.0,0.0,0.0,0.0,0.0,0.0,0,0.0,88.0,175.0,12.9,1.24,3.1,346,1,16520.0,1,0.203
2026-02-09T11:00,0.0,0.0,0.0,0.0,0.0,0.0,1,0.0,89.0,210.0,11.5,1.6,3.2,346,38,16520.0,0,0.203
2026-02-09T12:00,0.0,0.0,0.0,0.0,0.0,0.0,3,0.0,90.0,90.0,11.2,0.46,2.9,13,81,15500.0,0,0.203
2026-02-09T13:00,0.0,0.0,0.0,0.0,0.0,0.0,1,0.0,0.0,40.0,11.0,0.21,0.9,45,33,15500.0,0,0.204
2026-02-09T14:00,0.0,0.0,0.0,0.0,0.0,0.0,2,0.0,0.0,15.0,10.2,0.21,0.8,14,64,15500.0,0,0.204
2026-02-09T15:00,0.0,0.0,0.0,0.0,0.0,0.0,3,0.0,0.0,40.0,10.3,0.51,1.0,11,88,15500.0,0,0.205
2026-02-09T16:00,0.0,0.0,0.0,0.0,0.0,0.0,3,10.0,0.0,65.0,10.8,0.56,1.1,10,100,15480.0,0,0.205
2026-02-09T17:00,0.0,0.0,0.0,0.0,0.0,0.0,3,10.0,0.0,65.0,10.8,0.52,1.1,17,100,14340.0,0,0.205
2026-02-09T18:00,0.0,0.0,0.0,0.0,0.0,0.0,3,0.0,0.0,60.0,11.1,0.56,1.6,350,100,14340.0,0,0.205
2026-02-09T19:00,0.0,0.0,0.0,0.0,0.0,0.0,3,0.0,0.0,55.0,11.3,0.18,1.4,326,100,14340.0,0,0.206
2026-02-09T20:00,0.0,0.0,0.0,0.0,0.0,0.0,3,0.0,1.0,60.0,11.4,0.68,1.4,324,100,14340.0,0,0.206
2026-02-09T21:00,0.0,0.0,0.0,0.0,0.0,0.0,3,0.0,1.0,75.0,11.4,0.65,1.5,328,92,14340.0,0,0.206
2026-02-09T22:00,0.0,0.0,0.0,0.0,0.0,0.0,2,0.0,1.0,85.0,11.2,0.74,1.3,340,77,14340.0,0,0.206
2026-02-09T23:00,0.0,0.0,0.0,0.0,0.0,0.0,1,0.0,1.0,60.0,10.4,0.59,1.3,340,30,14340.0,1,0.207
2026-02-10T00:00,0.0,0.0,0.0,0.0,0.0,0.0,3,0.0,1.0,100.0,11.7,0.61,1.9,325,97,14340.0,1,0.207
2026-02-10T01:00,0.0,0.0,0.0,0.0,0.0,0.0,3,0.0,1.0,135.0,12.9,0.45,2.2,354,100,15460.0,1,0.207
2026-02-10T02:00,0.0,0.0,0.0,0.0,0.0,0.0,3,0.0,1.0,165.0,14.0,0.99,3.2,311,100,15460.0,1,0.207
2026-02-10T03:00,0.0,0.0,0.0,0.0,0.0,0.0,3,0.0,1.0,265.0,15.4,1.24,4.0,313,100,15460.0,1,0.207
2026-02-10T04:00,0.0,0.0,0.0,0.0,0.0,0.0,3,0.0,1.0,220.0,14.9,1.53,4.1,328,100,15460.0,1,0.206
2026-02-10T05:00,0.0,0.0,0.0,0.0,0.0,0.0,3,0.0,1.0,285.0,16.0,1.41,4.5,333,100,15460.0,1,0.206
2026-02-10T06:00,0.0,0.0,0.0,0.0,0.0,0.0,3,0.0,2.0,640.0,18.6,0.36,4.4,344,86,15460.0,1,0.206
2026-02-10T07:00,0.0,0.0,0.0,0.0,0.0,0.0,2,0.0,2.0,750.0,19.8,0.41,3.2,194,77,16460.0,1,0.205
2026-02-10T08:00,0.0,0.0,0.0,0.0,0.0,0.0,0,0.0,2.0,850.0,20.2,0.78,3.5,220,16,15460.0,1,0.204
2026-02-10T09:00,0.0,0.0,0.0,0.0,0.0,0.0,0,0.0,2.0,635.0,19.8,0.61,3.3,279,13,15460.0,1,0.204
2026-02-10T10:00,0.0,0.0,0.0,0.0,0.0,0.0,0,0.0,2.0,30.0,17.4,0.5,2.2,360,7,15440.0,1,0.204
2026-02-10T11:00,0.0,0.0,0.0,0.0,0.0,0.0,0,0.0,2.0,25.0,15.3,0.66,1.1,9,2,14320.0,0,0.204
2026-02-10T12:00,0.0,0.0,0.0,0.0,0.0,0.0,0,0.0,2.0,10.0,14.6,0.1,1.0,270,9,14320.0,0,0.203
2026-02-10T13:00,0.0,0.0,0.0,0.0,0.0,0.0,0,0.0,2.0,15.0,13.9,0.25,0.8,270,9,12480.0,0,0.204
2026-02-10T14:00,0.0,0.0,0.0,0.0,0.0,0.0,0,0.0,2.0,15.0,13.4,0.18,0.7,304,4,12480.0,0,0.204
2026-02-10T15:00,0.0,0.0,0.0,0.0,0.0,0.0,0,0.0,2.0,45.0,13.1,0.32,0.6,18,5,12480.0,0,0.204
2026-02-10T16:00,0.0,0.0,0.0,0.0,0.0,0.0,1,0.0,3.0,50.0,12.7,0.25,0.8,11,20,11100.0,0,0.205
2026-02-10T17:00,0.0,0.0,0.0,0.0,0.0,0.0,1,0.0,3.0,40.0,12.6,0.1,0.7,270,31,11200.0,0,0.205
2026-02-10T18:00,0.0,0.0,0.0,0.0,0.0,0.0,3,10.0,3.0,15.0,12.9,0.1,0.7,360,86,11180.0,0,0.205
2026-02-10T19:00,0.0,0.0,0.0,0.0,0.0,0.0,3,20.0,5.0,45.0,13.5,0.11,0.6,333,100,11180.0,0,0.206
2026-02-10T20:00,0.0,0.0,0.0,0.0,0.0,0.0,3,30.0,5.0,35.0,13.6,0.35,0.8,352,100,10420.0,0,0.206
2026-02-10T21:00,0.0,0.0,0.0,0.0,0.0,0.0,3,30.0,14.0,25.0,13.6,0.47,1.1,342,100,9560.0,0,0.206
2026-02-10T22:00,0.0,0.0,0.0,0.0,0.0,0.0,3,0.0,3.0,45.0,13.6,1.16,2.2,335,100,8520.0,0,0.207
2026-02-10T23:00,0.0,0.0,0.0,0.0,0.0,0.0,3,20.0,8.0,135.0,13.9,1.5,3.0,339,100,9560.0,1,0.207
2026-02-11T00:00,0.0,0.0,0.0,0.0,0.0,0.0,3,0.0,8.0,265.0,13.7,1.59,4.4,336,100,4420.0,1,0.21
2026-02-11T01:00,0.1,0.1,0.0,0.0,0.0,0.0,51,0.0,8.0,340.0,14.3,1.99,4.2,342,100,9560.0,1,0.212
2026-02-11T02:00,0.0,0.0,0.0,0.0,0.0,0.0,2,0.0,8.0,395.0,15.6,2.35,5.7,359,75,14280.0,1,0.212
2026-02-11T03:00,0.0,0.0,0.0,0.0,0.0,0.0,2,0.0,8.0,505.0,17.8,2.45,6.7,360,69,15420.0,1,0.211
2026-02-11T04:00,0.0,0.0,0.0,0.0,0.0,0.0,1,0.0,8.0,650.0,20.1,2.45,6.8,359,27,15420.0,1,0.21
2026-02-11T05:00,0.0,0.0,0.0,0.0,0.0,0.0,0,0.0,8.0,830.0,21.9,2.76,7.4,348,13,16420.0,1,0.208
2026-02-11T06:00,0.0,0.0,0.0,0.0,0.0,0.0,0,20.0,8.0,955.0,21.9,3.29,8.3,336,13,16420.0,1,0.212
2026-02-11T07:00,0.0,0.0,0.0,0.0,0.0,0.0,2,0.0,8.0,965.0,22.1,3.39,9.0,344,63,16400.0,1,0.21
2026-02-11T08:00,0.0,0.0,0.0,0.0,0.0,0.0,1,10.0,8.0,945.0,22.2,2.08,8.0,10,20,16400.0,1,0.209
2026-02-11T09:00,0.0,0.0,0.0,0.0,0.0,0.0,1,0.0,8.0,950.0,21.4,3.06,6.4,26,24,16400.0,1,0.208
2026-02-11T10:00,0.0,0.0,0.0,0.0,0.0,0.0,0,0.0,8.0,410.0,18.9,3.47,6.9,23,11,15400.0,1,0.208
2026-02-11T11:00,0.0,0.0,0.0,0.0,0.0,0.0,0,0.0,8.0,240.0,16.8,3.09,6.8,14,13,15400.0,0,0.208
2026-02-11T12:00,0.0,0.0,0.0,0.0,0.0,0.0,2,40.0,12.0,300.0,16.9,2.03,5.7,16,65,15400.0,0,0.203
2026-02-11T13:00,0.0,0.0,0.0,0.0,0.0,0.0,1,30.0,5.0,320.0,16.0,1.83,3.9,11,42,14260.0,0,0.203
2026-02-11T14:00,0.3,0.0,0.3,0.0,0.0,0.0,51,30.0,4.0,290.0,15.1,1.5,3.7,15,37,14260.0,0,0.206
2026-02-11T15:00,0.4,0.0,0.4,0.0,0.0,0.0,51,20.0,9.0,265.0,14.3,1.52,3.0,343,94,12460.0,0,0.211
2026-02-11T16:00,0.0,0.0,0.0,0.0,0.0,0.0,3,20.0,0.0,265.0,14.6,1.52,3.3,337,100,12440.0,0,0.211
2026-02-11T17:00,0.0,0.0,0.0,0.0,0.0,0.0,3,30.0,0.0,270.0,14.5,1.57,3.0,338,100,12440.0,0,0.212
2026-02-11T18:00,0.0,0.0,0.0,0.0,0.0,0.0,3,20.0,0.0,220.0,14.4,1.19,2.9,345,100,12440.0,0,0.212
2026-02-11T19:00,0.1,0.1,0.0,0.0,0.0,0.0,51,20.0,0.0,250.0,14.2,1.84,3.4,327,100,4200.0,0,0.214
2026-02-11T20:00,0.4,0.3,0.1,0.0,0.0,0.0,51,20.0,9.0,245.0,13.6,1.12,3.7,333,100,5460.0,0,0.218
2026-02-11T21:00,0.1,0.1,0.0,0.0,0.0,0.0,51,20.0,9.0,180.0,13.7,0.87,2.2,336,5,7880.0,0,0.22
2026-02-11T22:00,0.0,0.0,0.0,0.0,0.0,0.0,0,0.0,9.0,90.0,12.1,1.02,1.8,349,8,9200.0,0,0.22
2026-02-11T23:00,0.0,0.0,0.0,0.0,0.0,0.0,2,0.0,9.0,180.0,11.7,1.14,2.1,345,75,9480.0,1,0.221
2026-02-12T00:00,0.0,0.0,0.0,0.0,0.0,0.0,2,30.0,41.0,120.0,12.9,1.01,2.8,20,55,9560.0,1,0.219
2026-02-12T01:00,0.0,0.0,0.0,0.0,0.0,0.0,1,10.0,9.0,210.0,14.5,1.25,3.9,358,34,11100.0,1,0.219
2026-02-12T02:00,0.0,0.0,0.0,0.0,0.0,0.0,0,0.0,9.0,330.0,16.9,1.46,5.0,352,7,14240.0,1,0.219
2026-02-12T03:00,0.0,0.0,0.0,0.0,0.0,0.0,1,0.0,9.0,565.0,19.3,1.14,5.1,308,20,15360.0,1,0.217
2026-02-12T04:00,0.0,0.0,0.0,0.0,0.0,0.0,2,0.0,9.0,835.0,21.3,1.11,4.9,278,69,15360.0,1,0.216
2026-02-12T05:00,0.0,0.0,0.0,0.0,0.0,0.0,3,0.0,9.0,1010.0,22.0,0.54,4.9,292,89,15360.0,1,0.214
2026-02-12T06:00,0.0,0.0,0.0,0.0,0.0,0.0,3,0.0,9.0,1265.0,22.6,1.84,3.7,209,97,16360.0,1,0.215
2026-02-12T07:00,0.0,0.0,0.0,0.0,0.0,0.0,1,0.0,9.0,970.0,22.7,1.92,5.4,208,26,16360.0,1,0.214
2026-02-12T08:00,0.0,0.0,0.0,0.0,0.0,0.0,1,0.0,9.0,1250.0,23.2,2.04,5.6,202,41,16360.0,1,0.212
2026-02-12T09:00,0.0,0.0,0.0,0.0,0.0,0.0,1,0.0,9.0,860.0,22.4,2.0,5.4,180,41,16340.0,1,0.212
2026-02-12T10:00,0.0,0.0,0.0,0.0,0.0,0.0,0,0.0,9.0,145.0,20.4,1.25,4.5,157,14,15340.0,1,0.212
2026-02-12T11:00,0.0,0.0,0.0,0.0,0.0,0.0,0,0.0,9.0,45.0,18.3,1.21,2.5,204,15,15340.0,0,0.212
2026-02-12T12:00,0.0,0.0,0.0,0.0,0.0,0.0,3,0.0,9.0,25.0,19.1,0.61,2.1,235,97,15340.0,0,0.213
2026-02-12T13:00,0.0,0.0,0.0,0.0,0.0,0.0,2,0.0,10.0,215.0,18.9,2.28,4.0,206,63,14220.0,0,0.214
2026-02-12T14:00,0.0,0.0,0.0,0.0,0.0,0.0,1,0.0,10.0,200.0,17.3,2.22,4.6,194,26,14220.0,0,0.214
2026-02-12T15:00,0.0,0.0,0.0,0.0,0.0,0.0,0,0.0,10.0,115.0,15.8,1.85,4.0,180,12,12420.0,0,0.214
2026-02-12T16:00,0.0,0.0,0.0,0.0,0.0,0.0,0,0.0,10.0,65.0,14.7,1.36,3.5,174,17,11120.0,0,0.214
2026-02-12T17:00,0.0,0.0,0.0,0.0,0.0,0.0,0,0.0,10.0,50.0,13.9,1.18,2.7,168,13,9640.0,0,0.215
2026-02-12T18:00,0.0,0.0,0.0,0.0,0.0,0.0,0,0.0,10.0,50.0,13.7,1.21,2.5,156,16,9640.0,0,0.215
2026-02-12T19:00,0.0,0.0,0.0,0.0,0.0,0.0,0,0.0,10.0,50.0,13.5,0.94,2.7,155,9,9640.0,0,0.215
2026-02-12T20:00,0.0,0.0,0.0,0.0,0.0,0.0,0,0.0,10.0,40.0,13.0,0.83,2.0,147,9,6760.0,0,0.216
2026-02-12T21:00,0.0,0.0,0.0,0.0,0.0,0.0,0,0.0,10.0,35.0,12.6,0.78,1.7,140,2,6760.0,0,0.216
2026-02-12T22:00,0.0,0.0,0.0,0.0,0.0,0.0,0,0.0,10.0,25.0,12.5,0.28,1.6,135,14,6760.0,0,0.216
2026-02-12T23:00,0.0,0.0,0.0,0.0,0.0,0.0,2,10.0,10.0,30.0,12.4,0.34,0.8,117,77,6760.0,1,0.217
2026-02-13T00:00,0.0,0.0,0.0,0.0,0.0,0.0,3,0.0,10.0,60.0,13.8,1.01,2.6,147,95,6760.0,1,0.214
2026-02-13T01:00,0.0,0.0,0.0,0.0,0.0,0.0,0,0.0,10.0,205.0,16.7,0.25,3.0,180,11,12400.0,1,0.214
2026-02-13T02:00,0.0,0.0,0.0,0.0,0.0,0.0,0,0.0,10.0,390.0,19.2,0.76,3.9,302,2,14200.0,1,0.213
2026-02-13T03:00,0.0,0.0,0.0,0.0,0.0,0.0,0,0.0,10.0,670.0,21.3,1.21,4.9,300,9,15320.0,1,0.212
2026-02-13T04:00,0.0,0.0,0.0,0.0,0.0,0.0,0,0.0,10.0,965.0,23.1,0.9,4.9,289,9,16300.0,1,0.21
2026-02-13T05:00,0.0,0.0,0.0,0.0,0.0,0.0,0,0.0,10.0,1115.0,24.5,0.43,4.5,249,12,16300.0,1,0.208
2026-02-13T06:00,0.0,0.0,0.0,0.0,0.0,0.0,2,0.0,10.0,1170.0,25.0,1.0,4.4,217,74,17160.0,1,0.206
2026-02-13T07:00,0.0,0.0,0.0,0.0,0.0,0.0,1,0.0,11.0,1225.0,25.7,1.65,4.9,215,34,17160.0,1,0.204
2026-02-13T08:00,0.0,0.0,0.0,0.0,0.0,0.0,2,0.0,11.0,1180.0,25.6,2.15,5.4,208,76,17160.0,1,0.202
2026-02-13T09:00,0.0,0.0,0.0,0.0,0.0,0.0,0,0.0,11.0,700.0,24.6,2.41,5.4,193,9,17160.0,1,0.201
2026-02-13T10:00,0.0,0.0,0.0,0.0,0.0,0.0,0,0.0,11.0,130.0,21.8,1.36,4.7,186,13,16280.0,1,0.201
2026-02-13T11:00,0.0,0.0,0.0,0.0,0.0,0.0,1,0.0,11.0,25.0,19.9,0.87,2.6,204,21,16280.0,0,0.202
2026-02-13T12:00,0.0,0.0,0.0,0.0,0.0,0.0,0,0.0,11.0,20.0,18.8,1.05,2.1,211,15,15300.0,0,0.199
2026-02-13T13:00,0.0,0.0,0.0,0.0,0.0,0.0,0,0.0,11.0,40.0,17.8,1.46,2.7,196,11,14180.0,0,0.199
2026-02-13T14:00,0.0,0.0,0.0,0.0,0.0,0.0,0,0.0,11.0,45.0,17.0,1.41,2.8,186,5,14180.0,0,0.2
2026-02-13T15:00,0.0,0.0,0.0,0.0,0.0,0.0,0,0.0,11.0,35.0,16.0,1.35,2.7,182,3,12380.0,0,0.2
2026-02-13T16:00,0.0,0.0,0.0,0.0,0.0,0.0,0,0.0,11.0,40.0,15.3,1.3,2.7,182,5,12380.0,0,0.2
2026-02-13T17:00,0.0,0.0,0.0,0.0,0.0,0.0,3,0.0,11.0,35.0,14.7,1.25,2.7,182,80,11100.0,0,0.201
2026-02-13T18:00,0.0,0.0,0.0,0.0,0.0,0.0,3,10.0,11.0,45.0,15.2,1.47,3.0,170,100,11100.0,0,0.198
2026-02-13T19:00,0.0,0.0,0.0,0.0,0.0,0.0,0,10.0,11.0,65.0,15.6,1.5,3.3,180,14,11080.0,0,0.198
2026-02-13T20:00,0.0,0.0,0.0,0.0,0.0,0.0,2,0.0,11.0,40.0,14.0,1.1,2.9,185,52,9600.0,0,0.199
2026-02-13T21:00,0.0,0.0,0.0,0.0,0.0,0.0,2,10.0,11.0,30.0,13.7,0.9,2.2,183,78,9600.0,0,0.199
2026-02-13T22:00,0.0,0.0,0.0,0.0,0.0,0.0,3,10.0,11.0,25.0,14.0,0.67,1.8,193,80,9600.0,0,0.199
2026-02-13T23:00,0.0,0.0,0.0,0.0,0.0,0.0,0,0.0,12.0,25.0,14.1,0.6,1.5,175,14,9600.0,1,0.2
2026-02-14T00:00,0.0,0.0,0.0,0.0,0.0,0.0,0,0.0,12.0,45.0,15.7,0.56,2.1,260,4,9600.0,1,0.204
2026-02-14T01:00,0.0,0.0,0.0,0.0,0.0,0.0,0,0.0,12.0,195.0,18.4,0.54,2.9,146,9,14160.0,1,0.204
2026-02-14T02:00,0.0,0.0,0.0,0.0,0.0,0.0,0,0.0,12.0,365.0,20.9,0.96,4.1,137,9,14160.0,1,0.203
2026-02-14T03:00,0.0,0.0,0.0,0.0,0.0,0.0,0,0.0,12.0,565.0,23.2,0.95,4.4,162,0,15260.0,1,0.201
2026-02-14T04:00,0.0,0.0,0.0,0.0,0.0,0.0,0,0.0,12.0,800.0,25.2,1.25,5.0,182,0,16240.0,1,0.199
2026-02-14T05:00,0.0,0.0,0.0,0.0,0.0,0.0,0,0.0,12.0,1055.0,26.7,1.61,5.5,185,0,17100.0,1,0.197
2026-02-14T06:00,0.0,0.0,0.0,0.0,0.0,0.0,0,0.0,12.0,1360.0,27.1,1.66,5.6,196,1,17100.0,1,0.195
2026-02-14T07:00,0.0,0.0,0.0,0.0,0.0,0.0,0,0.0,12.0,1490.0,27.8,1.6,5.1,178,5,18780.0,1,0.192
2026-02-14T08:00,0.0,0.0,0.0,0.0,0.0,0.0,0,0.0,12.0,1515.0,27.6,1.8,5.1,178,11,18780.0,1,0.19
2026-02-14T09:00,0.0,0.0,0.0,0.0,0.0,0.0,1,0.0,12.0,970.0,26.9,1.82,4.8,172,20,17100.0,1,0.189
2026-02-14T10:00,0.0,0.0,0.0,0.0,0.0,0.0,0,0.0,12.0,65.0,23.9,1.12,3.7,153,5,17100.0,1,0.189
2026-02-14T11:00,0.0,0.0,0.0,0.0,0.0,0.0,0,0.0,12.0,30.0,22.1,0.9,2.1,199,5,16240.0,0,0.19
2026-02-14T12:00,0.0,0.0,0.0,0.0,0.0,0.0,0,0.0,12.0,135.0,20.8,2.3,5.3,207,1,15240.0,0,0.191
2026-02-14T13:00,0.0,0.0,0.0,0.0,0.0,0.0,0,0.0,12.0,200.0,20.0,2.8,5.1,191,0,14140.0,0,0.191
2026-02-14T14:00,0.0,0.0,0.0,0.0,0.0,0.0,0,0.0,12.0,215.0,19.2,2.42,5.5,187,1,14140.0,0,0.191
2026-02-14T15:00,0.0,0.0,0.0,0.0,0.0,0.0,0,0.0,12.0,185.0,18.2,1.95,4.7,181,0,11060.0,0,0.191
2026-02-14T16:00,0.0,0.0,0.0,0.0,0.0,0.0,0,0.0,12.0,120.0,17.5,1.5,4.0,182,0,9580.0,0,0.192
2026-02-14T17:00,0.0,0.0,0.0,0.0,0.0,0.0,0,0.0,13.0,55.0,16.6,1.17,3.1,200,0,9580.0,0,0.192
2026-02-14T18:00,0.0,0.0,0.0,0.0,0.0,0.0,0,30.0,63.0,30.0,16.5,0.6,2.4,180,0,6740.0,0,0.193
2026-02-14T19:00,0.0,0.0,0.0,0.0,0.0,0.0,0,20.0,60.0,25.0,15.9,0.45,1.6,180,0,6740.0,0,0.193
2026-02-14T20:00,0.0,0.0,0.0,0.0,0.0,0.0,3,0.0,59.0,20.0,15.7,0.27,1.3,202,98,420.0,0,0.194
2026-02-14T21:00,0.0,0.0,0.0,0.0,0.0,0.0,3,0.0,57.0,15.0,15.6,0.21,1.0,225,99,180.0,0,0.194
2026-02-14T22:00,0.0,0.0,0.0,0.0,0.0,0.0,3,0.0,54.0,25.0,15.8,0.27,0.9,292,100,120.0,0,0.194
2026-02-14T23:00,0.0,0.0,0.0,0.0,0.0,0.0,3,0.0,51.0,25.0,16.0,0.36,1.4,326,100,120.0,1,0.195
2026-02-15T00:00,0.0,0.0,0.0,0.0,0.0,0.0,3,30.0,39.0,45.0,16.8,0.49,2.0,336,100,80.0,1,0.196
2026-02-15T01:00,0.0,0.0,0.0,0.0,0.0,0.0,3,30.0,38.0,15.0,17.7,0.14,2.2,45,100,100.0,1,0.196
2026-02-15T02:00,0.0,0.0,0.0,0.0,0.0,0.0,3,40.0,33.0,135.0,19.4,0.36,2.8,236,100,9000.0,1,0.196
2026-02-15T03:00,0.0,0.0,0.0,0.0,0.0,0.0,3,10.0,40.0,470.0,22.1,1.09,4.1,196,98,12340.0,1,0.196
2026-02-15T04:00,0.0,0.0,0.0,0.0,0.0,0.0,0,40.0,36.0,765.0,24.6,1.58,5.2,198,6,15240.0,1,0.195
2026-02-15T05:00,0.0,0.0,0.0,0.0,0.0,0.0,0,50.0,34.0,850.0,26.6,1.59,5.5,204,7,16220.0,1,0.193
2026-02-15T06:00,0.0,0.0,0.0,0.0,0.0,0.0,0,40.0,36.0,965.0,27.1,1.45,5.5,224,18,16240.0,1,0.19
2026-02-15T07:00,0.0,0.0,0.0,0.0,0.0,0.0,0,10.0,13.0,1085.0,27.9,1.8,5.2,224,7,17100.0,1,0.188
2026-02-15T08:00,0.0,0.0,0.0,0.0,0.0,0.0,0,0.0,13.0,1090.0,27.9,2.16,5.4,226,4,17100.0,1,0.187
2026-02-15T09:00,0.0,0.0,0.0,0.0,0.0,0.0,0,0.0,13.0,600.0,26.9,2.44,5.6,227,8,17100.0,1,0.186
2026-02-15T10:00,0.0,0.0,0.0,0.0,0.0,0.0,0,0.0,13.0,50.0,24.0,0.89,4.7,196,6,16240.0,1,0.186
2026-02-15T11:00,0.0,0.0,0.0,0.0,0.0,0.0,0,0.0,13.0,45.0,21.9,1.32,2.4,205,3,15260.0,0,0.186
2026-02-15T12:00,0.0,0.0,0.0,0.0,0.0,0.0,0,0.0,13.0,160.0,21.5,2.38,4.9,202,2,14160.0,0,0.189
2026-02-15T13:00,0.0,0.0,0.0,0.0,0.0,0.0,0,20.0,13.0,200.0,21.1,2.24,4.8,190,12,14160.0,0,0.189
2026-02-15T14:00,0.0,0.0,0.0,0.0,0.0,0.0,0,0.0,13.0,195.0,20.4,2.18,4.4,196,0,12380.0,0,0.189
2026-02-15T15:00,0.0,0.0,0.0,0.0,0.0,0.0,0,0.0,14.0,120.0,19.3,1.62,4.3,189,2,11100.0,0,0.19
2026-02-15T16:00,0.0,0.0,0.0,0.0,0.0,0.0,0,0.0,14.0,50.0,18.5,1.4,3.3,180,2,9620.0,0,0.19
2026-02-15T17:00,0.0,0.0,0.0,0.0,0.0,0.0,0,0.0,14.0,40.0,17.7,1.15,2.8,180,8,9620.0,0,0.191
2026-02-15T18:00,0.0,0.0,0.0,0.0,0.0,0.0,0,20.0,14.0,35.0,17.3,1.07,2.4,169,6,6760.0,0,0.191
2026-02-15T19:00,0.0,0.0,0.0,0.0,0.0,0.0,0,20.0,129.0,35.0,16.7,0.95,2.1,162,9,4440.0,0,0.192
2026-02-15T20:00,0.0,0.0,0.0,0.0,0.0,0.0,3,30.0,141.0,30.0,16.6,0.52,2.0,163,100,320.0,0,0.192
2026-02-15T21:00,0.0,0.0,0.0,0.0,0.0,0.0,3,20.0,162.0,25.0,16.9,0.36,1.3,164,100,160.0,0,0.193
2026-02-15T22:00,0.0,0.0,0.0,0.0,0.0,0.0,3,10.0,57.0,25.0,16.9,0.55,1.2,180,100,140.0,0,0.193
2026-02-15T23:00,0.0,0.0,0.0,0.0,0.0,0.0,3,0.0,53.0,20.0,17.0,0.46,1.2,193,100,120.0,1,0.194
2026-02-16T00:00,0.0,0.0,0.0,0.0,0.0,0.0,3,10.0,52.0,35.0,18.6,0.73,2.2,196,99,200.0,1,0.194
2026-02-16T01:00,0.0,0.0,0.0,0.0,0.0,0.0,3,10.0,18.0,70.0,20.0,0.39,2.8,220,98,11120.0,1,0.194
2026-02-16T02:00,0.0,0.0,0.0,0.0,0.0,0.0,1,30.0,125.0,440.0,22.3,0.18,3.0,214,39,14200.0,1,0.194
2026-02-16T03:00,0.0,0.0,0.0,0.0,0.0,0.0,1,60.0,74.0,700.0,24.8,0.6,3.9,175,20,15320.0,1,0.193
2026-02-16T04:00,0.0,0.0,0.0,0.0,0.0,0.0,0,80.0,50.0,820.0,26.1,0.92,4.5,202,15,15320.0,1,0.191
2026-02-16T05:00,0.0,0.0,0.0,0.0,0.0,0.0,0,90.0,35.0,890.0,27.3,1.53,5.4,212,17,16320.0,1,0.188
2026-02-16T06:00,0.0,0.0,0.0,0.0,0.0,0.0,0,60.0,46.0,1080.0,27.8,1.47,5.5,215,17,17200.0,1,0.187
2026-02-16T07:00,0.0,0.0,0.0,0.0,0.0,0.0,0,40.0,50.0,1275.0,28.4,1.25,4.9,217,5,17200.0,1,0.185
2026-02-16T08:00,0.0,0.0,0.0,0.0,0.0,0.0,0,50.0,34.0,1355.0,28.5,0.96,4.4,231,14,17200.0,1,0.183
2026-02-16T09:00,0.0,0.0,0.0,0.0,0.0,0.0,1,40.0,25.0,1480.0,27.9,0.62,3.5,346,20,17200.0,1,0.182
2026-02-16T10:00,0.0,0.0,0.0,0.0,0.0,0.0,2,30.0,4.0,400.0,25.4,1.66,2.5,353,63,16340.0,1,0.183
2026-02-16T11:00,0.3,0.3,0.0,0.0,0.0,0.0,51,10.0,5.0,355.0,20.5,4.39,9.9,12,77,8720.0,0,0.185
2026-02-16T12:00,0.0,0.0,0.0,0.0,0.0,0.0,2,20.0,26.0,30.0,22.5,0.89,9.6,322,55,15360.0,0,0.189
2026-02-16T13:00,0.0,0.0,0.0,0.0,0.0,0.0,1,0.0,0.0,165.0,21.7,2.0,3.7,3,29,9040.0,0,0.19
2026-02-16T14:00,0.0,0.0,0.0,0.0,0.0,0.0,1,0.0,0.0,385.0,19.7,4.16,7.7,10,23,15360.0,0,0.19
2026-02-16T15:00,0.0,0.0,0.0,0.0,0.0,0.0,0,0.0,0.0,480.0,17.3,3.63,8.3,8,17,16360.0,0,0.19
2026-02-16T16:00,0.0,0.0,0.0,0.0,0.0,0.0,1,0.0,0.0,560.0,15.5,3.94,8.3,15,21,15380.0,0,0.19
2026-02-16T17:00,0.0,0.0,0.0,0.0,0.0,0.0,1,0.0,1.0,610.0,14.0,4.02,9.3,11,24,15380.0,0,0.19
2026-02-16T18:00,0.0,0.0,0.0,0.0,0.0,0.0,1,0.0,26.0,580.0,15.4,3.75,8.5,13,29,15380.0,0,0.188
2026-02-16T19:00,0.0,0.0,0.0,0.0,0.0,0.0,1,0.0,0.0,575.0,14.0,3.97,8.9,11,44,15380.0,0,0.188
2026-02-16T20:00,0.0,0.0,0.0,0.0,0.0,0.0,1,0.0,0.0,595.0,12.7,3.37,8.8,7,49,15400.0,0,0.188
2026-02-16T21:00,0.0,0.0,0.0,0.0,0.0,0.0,2,0.0,0.0,585.0,12.1,3.01,7.3,6,73,14280.0,0,0.188
2026-02-16T22:00,0.0,0.0,0.0,0.0,0.0,0.0,3,0.0,27.0,585.0,11.5,3.21,7.2,4,82,14280.0,0,0.188
2026-02-16T23:00,0.0,0.0,0.0,0.0,0.0,0.0,3,0.0,27.0,590.0,11.1,3.26,7.3,4,86,14280.0,1,0.188
2026-02-17T00:00,0.0,0.0,0.0,0.0,0.0,0.0,3,50.0,22.0,565.0,12.1,3.29,8.0,9,98,15400.0,1,0.19
2026-02-17T01:00,0.0,0.0,0.0,0.0,0.0,0.0,3,0.0,27.0,630.0,12.9,4.1,9.3,13,96,15400.0,1,0.19
2026-02-17T02:00,0.0,0.0,0.0,0.0,0.0,0.0,3,0.0,28.0,660.0,13.7,4.07,9.6,11,100,15420.0,1,0.19
2026-02-17T03:00,0.0,0.0,0.0,0.0,0.0,0.0,3,0.0,28.0,660.0,14.7,3.9,9.5,9,100,16420.0,1,0.189
2026-02-17T04:00,0.0,0.0,0.0,0.0,0.0,0.0,3,0.0,28.0,655.0,15.8,3.48,9.2,7,100,16420.0,1,0.188
2026-02-17T05:00,0.0,0.0,0.0,0.0,0.0,0.0,3,0.0,28.0,670.0,17.5,3.03,8.5,8,100,16420.0,1,0.187
2026-02-17T06:00,0.0,0.0,0.0,0.0,0.0,0.0,3,0.0,28.0,675.0,17.4,2.79,7.9,9,100,16420.0,1,0.187
2026-02-17T07:00,0.0,0.0,0.0,0.0,0.0,0.0,3,0.0,28.0,745.0,18.7,2.83,7.5,13,94,16440.0,1,0.185
2026-02-17T08:00,0.0,0.0,0.0,0.0,0.0,0.0,3,0.0,28.0,805.0,19.0,2.93,7.2,14,91,16440.0,1,0.185
2026-02-17T09:00,0.0,0.0,0.0,0.0,0.0,0.0,3,0.0,28.0,820.0,19.0,3.36,7.3,11,98,16440.0,1,0.184
2026-02-17T10:00,0.0,0.0,0.0,0.0,0.0,0.0,3,0.0,29.0,675.0,18.0,3.6,7.4,14,100,16440.0,1,0.184
2026-02-17T11:00,0.0,0.0,0.0,0.0,0.0,0.0,3,0.0,29.0,565.0,17.0,3.42,7.3,21,100,16460.0,0,0.184
2026-02-17T12:00,0.0,0.0,0.0,0.0,0.0,0.0,0,0.0,29.0,470.0,14.4,1.78,8.1,11,14,15460.0,0,0.191
2026-02-17T13:00,0.0,0.0,0.0,0.0,0.0,0.0,0,0.0,29.0,445.0,14.0,2.36,4.8,13,5,15460.0,0,0.191
2026-02-17T14:00,0.0,0.0,0.0,0.0,0.0,0.0,0,0.0,29.0,440.0,13.4,2.87,5.9,7,5,15460.0,0,0.191
2026-02-17T15:00,0.0,0.0,0.0,0.0,0.0,0.0,0,10.0,29.0,450.0,12.7,2.87,6.2,6,5,14340.0,0,0.192
2026-02-17T16:00,0.0,0.0,0.0,0.0,0.0,0.0,0,20.0,29.0,445.0,12.2,2.97,6.1,6,6,14340.0,0,0.192
2026-02-17T17:00,0.0,0.0,0.0,0.0,0.0,0.0,0,0.0,29.0,480.0,11.4,3.17,6.6,6,2,14360.0,0,0.192
2026-02-17T18:00,0.0,0.0,0.0,0.0,0.0,0.0,0,0.0,29.0,425.0,11.8,2.77,6.7,6,5,15480.0,0,0.193
2026-02-17T19:00,0.0,0.0,0.0,0.0,0.0,0.0,0,0.0,29.0,490.0,11.3,3.14,6.7,9,5,14360.0,0,0.193
2026-02-17T20:00,0.0,0.0,0.0,0.0,0.0,0.0,0,0.0,30.0,495.0,10.6,2.88,6.8,8,11,14360.0,0,0.193
2026-02-17T21:00,0.0,0.0,0.0,0.0,0.0,0.0,0,0.0,30.0,500.0,10.2,2.7,6.2,2,6,14360.0,0,0.193
2026-02-17T22:00,0.0,0.0,0.0,0.0,0.0,0.0,0,0.0,30.0,505.0,9.8,2.96,6.4,5,3,14360.0,0,0.194
2026-02-17T23:00,0.0,0.0,0.0,0.0,0.0,0.0,0,0.0,30.0,515.0,9.4,3.03,6.6,8,4,14380.0,1,0.194
2026-02-18T00:00,0.0,0.0,0.0,0.0,0.0,0.0,0,0.0,30.0,510.0,10.2,3.07,7.2,7,1,14380.0,1,0.193
2026-02-18T01:00,0.0,0.0,0.0,0.0,0.0,0.0,0,0.0,30.0,580.0,11.9,3.26,7.9,11,2,15500.0,1,0.193
2026-02-18T02:00,0.0,0.0,0.0,0.0,0.0,0.0,0,0.0,30.0,670.0,13.9,3.67,9.0,11,2,15520.0,1,0.193
2026-02-18T03:00,0.0,0.0,0.0,0.0,0.0,0.0,0,0.0,30.0,735.0,15.7,3.55,9.1,14,1,16520.0,1,0.191
2026-02-18T04:00,0.0,0.0,0.0,0.0,0.0,0.0,0,0.0,30.0,830.0,17.6,3.14,9.0,14,0,16520.0,1,0.19
2026-02-18T05:00,0.0,0.0,0.0,0.0,0.0,0.0,0,0.0,30.0,920.0,19.2,2.89,8.3,10,0,17400.0,1,0.188
2026-02-18T06:00,0.0,0.0,0.0,0.0,0.0,0.0,0,0.0,31.0,980.0,19.7,2.89,7.9,9,1,17400.0,1,0.188
2026-02-18T07:00,0.0,0.0,0.0,0.0,0.0,0.0,0,0.0,31.0,1010.0,20.6,3.03,7.8,13,1,17400.0,1,0.186
2026-02-18T08:00,0.0,0.0,0.0,0.0,0.0,0.0,0,0.0,31.0,1045.0,20.8,3.0,7.7,11,1,17420.0,1,0.185
2026-02-18T09:00,0.0,0.0,0.0,0.0,0.0,0.0,0,0.0,31.0,1025.0,20.2,3.03,7.2,9,0,17420.0,1,0.184
2026-02-18T10:00,0.0,0.0,0.0,0.0,0.0,0.0,0,0.0,31.0,475.0,18.2,2.95,6.6,2,0,16540.0,1,0.184
2026-02-18T11:00,0.0,0.0,0.0,0.0,0.0,0.0,0,0.0,31.0,420.0,16.6,3.18,6.2,7,0,16560.0,0,0.184
2026-02-18T12:00,0.0,0.0,0.0,0.0,0.0,0.0,0,0.0,31.0,290.0,14.9,2.33,6.2,10,2,15540.0,0,0.192
2026-02-18T13:00,0.0,0.0,0.0,0.0,0.0,0.0,1,0.0,,285.0,14.0,2.36,5.0,13,28,15560.0,0,0.192
2026-02-18T14:00,0.0,0.0,0.0,0.0,0.0,0.0,0,0.0,,330.0,13.0,2.06,4.6,14,0,15560.0,0,0.192
2026-02-18T15:00,0.0,0.0,0.0,0.0,0.0,0.0,0,0.0,,340.0,12.2,2.02,4.5,7,7,15560.0,0,0.193
2026-02-18T16:00,0.0,0.0,0.0,0.0,0.0,0.0,2,0.0,,335.0,11.5,1.66,4.2,353,52,14440.0,0,0.193
2026-02-18T17:00,0.0,0.0,0.0,0.0,0.0,0.0,2,0.0,,325.0,10.7,1.2,3.5,360,53,14440.0,0,0.194
2026-02-18T18:00,0.0,0.0,0.0,0.0,0.0,0.0,0,0.0,32.0,230.0,10.5,1.15,2.7,358,9,14440.0,0,0.188
2026-02-18T19:00,0.0,0.0,0.0,0.0,0.0,0.0,1,0.0,,215.0,10.2,1.09,2.5,344,20,14440.0,0,0.189
2026-02-18T20:00,0.0,0.0,0.0,0.0,0.0,0.0,1,0.0,,270.0,10.1,1.08,2.5,347,41,12620.0,0,0.189
2026-02-18T21:00,0.0,0.0,0.0,0.0,0.0,0.0,1,0.0,,250.0,9.9,1.12,2.6,350,39,12640.0,0,0.19
2026-02-18T22:00,0.0,0.0,0.0,0.0,0.0,0.0,0,0.0,,245.0,9.6,0.96,2.5,351,17,12640.0,0,0.19
2026-02-18T23:00,0.0,0.0,0.0,0.0,0.0,0.0,0,0.0,,210.0,9.1,0.92,2.2,347,7,12640.0,1,0.191
2026-02-19T00:00,0.0,0.0,0.0,0.0,0.0,0.0,0,0.0,,240.0,10.4,1.25,3.9,358,0,14460.0,1,0.2
2026-02-19T01:00,0.0,0.0,0.0,0.0,0.0,0.0,0,0.0,,330.0,12.4,1.93,5.4,350,0,14480.0,1,0.2
2026-02-19T02:00,0.0,0.0,0.0,0.0,0.0,0.0,0,0.0,,480.0,14.8,1.97,5.9,351,0,15600.0,1,0.199
2026-02-19T03:00,0.0,0.0,0.0,0.0,0.0,0.0,0,0.0,,580.0,17.2,2.03,6.3,350,0,16620.0,1,0.198
2026-02-19T04:00,0.0,0.0,0.0,0.0,0.0,0.0,0,0.0,,650.0,19.3,1.74,6.3,342,0,16620.0,1,0.197
2026-02-19T05:00,0.0,0.0,0.0,0.0,0.0,0.0,0,0.0,,740.0,21.0,1.37,6.0,327,0,17500.0,1,0.195
2026-02-19T06:00,0.0,0.0,0.0,0.0,0.0,0.0,0,0.0,,885.0,20.4,0.57,5.3,308,1,16640.0,1,0.2
2026-02-19T07:00,0.0,0.0,0.0,0.0,0.0,0.0,2,0.0,,980.0,21.6,1.2,4.7,343,55,16640.0,1,0.198
2026-02-19T08:00,0.0,0.0,0.0,0.0,0.0,0.0,2,0.0,,1260.0,22.2,1.65,4.7,357,59,17520.0,1,0.197
2026-02-19T09:00,0.0,0.0,0.0,0.0,0.0,0.0,0,0.0,,295.0,21.6,2.28,5.2,23,19,17520.0,1,0.197
2026-02-19T10:00,0.0,0.0,0.0,0.0,0.0,0.0,1,0.0,,120.0,19.2,1.08,4.9,338,26,16660.0,1,0.197
2026-02-19T11:00,0.0,0.0,0.0,0.0,0.0,0.0,2,0.0,,40.0,17.0,1.06,2.1,315,54,15640.0,0,0.197
2026-02-19T12:00,0.0,0.0,0.0,0.0,0.0,0.0,1,0.0,,15.0,17.4,0.25,2.1,270,42,15640.0,0,0.189
2026-02-19T13:00,0.0,0.0,0.0,0.0,0.0,0.0,1,0.0,,185.0,16.4,2.32,3.8,14,23,14520.0,0,0.19
2026-02-19T14:00,0.0,0.0,0.0,0.0,0.0,0.0,0,0.0,,205.0,14.7,1.16,4.3,7,17,15660.0,0,0.19
2026-02-19T15:00,0.0,0.0,0.0,0.0,0.0,0.0,0,0.0,,160.0,14.2,1.3,2.7,337,11,14520.0,0,0.19
2026-02-19T16:00,0.0,0.0,0.0,0.0,0.0,0.0,0,10.0,,225.0,13.6,1.37,2.8,350,16,14520.0,0,0.191
2026-02-19T17:00,0.0,0.0,0.0,0.0,0.0,0.0,0,10.0,,175.0,12.7,1.01,2.8,340,17,14540.0,0,0.191
2026-02-19T18:00,0.0,0.0,0.0,0.0,0.0,0.0,2,0.0,,105.0,12.9,1.12,2.8,339,70,14540.0,0,0.174
2026-02-19T19:00,0.0,0.0,0.0,0.0,0.0,0.0,3,0.0,,215.0,13.1,1.37,3.2,350,99,14540.0,0,0.175
2026-02-19T20:00,0.0,0.0,0.0,0.0,0.0,0.0,3,0.0,,255.0,13.2,1.35,3.2,338,98,14540.0,0,0.175
2026-02-19T21:00,0.0,0.0,0.0,0.0,0.0,0.0,3,0.0,,265.0,13.1,1.35,3.1,345,100,14540.0,0,0.175
2026-02-19T22:00,0.0,0.0,0.0,0.0,0.0,0.0,3,0.0,,280.0,13.1,1.53,3.4,349,100,14540.0,0,0.175
2026-02-19T23:00,0.0,0.0,0.0,0.0,0.0,0.0,3,0.0,,280.0,13.2,1.39,3.5,345,100,14560.0,1,0.175
2026-02-20T00:00,0.0,0.0,0.0,0.0,0.0,0.0,3,0.0,,305.0,13.5,1.93,4.1,350,100,14560.0,1,0.18
2026-02-20T01:00,0.0,0.0,0.0,0.0,0.0,0.0,3,0.0,,355.0,14.5,1.99,5.1,348,100,15700.0,1,0.18
2026-02-20T02:00,0.0,0.0,0.0,0.0,0.0,0.0,1,0.0,,410.0,15.9,2.02,5.5,351,31,15700.0,1,0.179
2026-02-20T03:00,0.0,0.0,0.0,0.0,0.0,0.0,0,0.0,,570.0,18.6,2.1,6.3,359,0,16720.0,1,0.178
2026-02-20T04:00,0.0,0.0,0.0,0.0,0.0,0.0,0,0.0,,720.0,20.6,1.76,6.5,353,0,16720.0,1,0.177
2026-02-20T05:00,0.0,0.0,0.0,0.0,0.0,0.0,0,0.0,,1125.0,22.1,1.46,6.0,322,13,17620.0,1,0.175
2026-02-20T06:00,0.0,0.0,0.0,0.0,0.0,0.0,1,0.0,,1480.0,22.3,2.25,5.7,307,45,17620.0,1,0.176
2026-02-20T07:00,0.0,0.0,0.0,0.0,0.0,0.0,2,0.0,,1635.0,23.1,1.59,6.3,332,63,17620.0,1,0.174
2026-02-20T08:00,0.0,0.0,0.0,0.0,0.0,0.0,0,0.0,,945.0,23.0,1.61,5.0,74,15,17640.0,1,0.173
2026-02-20T09:00,0.0,0.0,0.0,0.0,0.0,0.0,0,0.0,,495.0,22.3,2.33,5.3,118,15,17640.0,1,0.172
2026-02-20T10:00,0.0,0.0,0.0,0.0,0.0,0.0,0,0.0,,115.0,19.8,1.2,5.3,138,1,16760.0,1,0.172
2026-02-20T11:00,0.0,0.0,0.0,0.0,0.0,0.0,0,0.0,,25.0,18.2,0.35,2.1,278,0,16760.0,0,0.173
2026-02-20T12:00,0.0,0.0,0.0,0.0,0.0,0.0,0,0.0,4.0,15.0,17.9,0.11,1.1,297,2,15740.0,0,0.169
2026-02-20T13:00,0.0,0.0,0.0,0.0,0.0,0.0,0,0.0,,20.0,17.0,0.21,0.4,346,1,15740.0,0,0.17
2026-02-20T14:00,0.0,0.0,0.0,0.0,0.0,0.0,0,0.0,,35.0,16.1,0.32,0.7,321,0,15760.0,0,0.17
2026-02-20T15:00,0.0,0.0,0.0,0.0,0.0,0.0,0,0.0,,35.0,15.3,0.25,0.8,233,1,14620.0,0,0.171
2026-02-20T16:00,0.0,0.0,0.0,0.0,0.0,0.0,0,0.0,,25.0,14.8,0.25,1.0,191,0,14620.0,0,0.171
2026-02-20T17:00,0.0,0.0,0.0,0.0,0.0,0.0,0,0.0,,15.0,14.2,0.18,0.9,214,0,12780.0,0,0.171
2026-02-20T18:00,0.0,0.0,0.0,0.0,0.0,0.0,0,0.0,,20.0,13.7,0.3,1.5,171,0,12780.0,0,0.17
2026-02-20T19:00,0.0,0.0,0.0,0.0,0.0,0.0,0,0.0,,20.0,13.0,0.46,1.4,193,1,11460.0,0,0.171
2026-02-20T20:00,0.0,0.0,0.0,0.0,0.0,0.0,0,0.0,,15.0,12.7,0.32,1.5,198,5,9920.0,0,0.171
2026-02-20T21:00,0.0,0.0,0.0,0.0,0.0,0.0,2,0.0,,15.0,12.4,0.3,1.2,180,74,9920.0,0,0.171
2026-02-20T22:00,0.0,0.0,0.0,0.0,0.0,0.0,3,0.0,,25.0,12.8,0.52,1.4,163,100,6980.0,0,0.172
2026-02-20T23:00,0.0,0.0,0.0,0.0,0.0,0.0,3,0.0,,40.0,13.6,0.63,1.5,151,100,9440.0,1,0.172
2026-02-21T00:00,0.0,0.0,0.0,0.0,0.0,0.0,3,0.0,0.0,85.0,15.2,0.83,2.6,123,100,10800.0,1,0.175
2026-02-21T01:00,0.0,0.0,0.0,0.0,0.0,0.0,3,0.0,,300.0,17.1,1.14,3.4,157,100,11480.0,1,0.176
2026-02-21T02:00,0.0,0.0,0.0,0.0,0.0,0.0,3,0.0,,525.0,18.6,1.88,5.1,191,98,14660.0,1,0.176
2026-02-21T03:00,0.0,0.0,0.0,0.0,0.0,0.0,1,0.0,,805.0,20.7,1.61,5.4,196,43,15800.0,1,0.175
2026-02-21T04:00,0.0,0.0,0.0,0.0,0.0,0.0,3,0.0,,1130.0,22.5,1.98,5.9,190,100,15820.0,1,0.174
2026-02-21T05:00,0.0,0.0,0.0,0.0,0.0,0.0,3,0.0,,1160.0,22.9,2.29,6.1,200,100,15820.0,1,0.173
2026-02-21T06:00,0.0,0.0,0.0,0.0,0.0,0.0,3,0.0,7.0,1155.0,22.8,2.48,6.1,222,100,16840.0,1,0.172
2026-02-21T07:00,0.0,0.0,0.0,0.0,0.0,0.0,3,0.0,20.0,1200.0,23.2,2.06,5.9,184,100,16840.0,1,0.172
2026-02-21T08:00,0.0,0.0,0.0,0.0,0.0,0.0,3,0.0,39.0,1115.0,23.2,2.36,5.6,185,100,16860.0,1,0.171
2026-02-21T09:00,0.0,0.0,0.0,0.0,0.0,0.0,3,0.0,196.0,940.0,22.9,1.93,5.6,197,100,16860.0,1,0.17
2026-02-21T10:00,0.0,0.0,0.0,0.0,0.0,0.0,3,0.0,265.0,55.0,21.4,0.61,4.2,189,87,15840.0,1,0.171
2026-02-21T11:00,0.0,0.0,0.0,0.0,0.0,0.0,2,0.0,310.0,90.0,19.8,1.11,2.1,198,63,15840.0,0,0.171
2026-02-21T12:00,0.0,0.0,0.0,0.0,0.0,0.0,3,90.0,169.0,45.0,18.7,1.19,2.8,208,98,14700.0,0,0.167
2026-02-21T13:00,0.0,0.0,0.0,0.0,0.0,0.0,3,60.0,171.0,270.0,19.9,2.59,4.6,199,100,14700.0,0,0.167
2026-02-21T14:00,0.0,0.0,0.0,0.0,0.0,0.0,3,0.0,208.0,305.0,19.7,3.13,6.1,205,100,14700.0,0,0.167
2026-02-21T15:00,0.0,0.0,0.0,0.0,0.0,0.0,3,40.0,95.0,315.0,19.0,2.74,6.1,201,100,12860.0,0,0.167
2026-02-21T16:00,0.0,0.0,0.0,0.0,0.0,0.0,3,50.0,81.0,290.0,18.7,2.61,5.3,197,100,12860.0,0,0.168
2026-02-21T17:00,0.0,0.0,0.0,0.0,0.0,0.0,0,40.0,77.0,285.0,18.4,2.35,5.0,204,5,11500.0,0,0.168
2026-02-21T18:00,0.0,0.0,0.0,0.0,0.0,0.0,1,30.0,61.0,75.0,16.9,1.21,4.5,210,20,9720.0,0,0.158
2026-02-21T19:00,0.0,0.0,0.0,0.0,0.0,0.0,0,0.0,83.0,50.0,16.5,1.05,2.4,183,4,9740.0,0,0.158
2026-02-21T20:00,0.0,0.0,0.0,0.0,0.0,0.0,0,0.0,,35.0,15.8,0.7,2.3,180,5,6940.0,0,0.158
2026-02-21T21:00,0.0,0.0,0.0,0.0,0.0,0.0,1,0.0,,30.0,15.5,0.5,1.6,217,25,6960.0,0,0.159
2026-02-21T22:00,0.0,0.0,0.0,0.0,0.0,0.0,1,0.0,11.0,20.0,15.4,0.47,1.3,198,38,6180.0,0,0.159
2026-02-21T23:00,0.5,0.1,0.4,0.0,0.0,0.0,53,20.0,32.0,15.0,15.4,0.21,1.1,194,88,4200.0,1,0.165
2026-02-22T00:00,0.3,0.2,0.1,0.0,0.0,0.0,51,50.0,3.0,50.0,16.6,0.71,1.8,141,100,680.0,1,0.231
2026-02-22T01:00,0.1,0.1,0.0,0.0,0.0,0.0,51,70.0,66.0,180.0,19.1,0.18,2.5,56,7,9200.0,1,0.231
2026-02-22T02:00,0.0,0.0,0.0,0.0,0.0,0.0,2,100.0,27.0,565.0,21.7,0.66,3.8,351,67,14760.0,1,0.231
2026-02-22T03:00,0.0,0.0,0.0,0.0,0.0,0.0,1,160.0,11.0,845.0,23.3,1.1,4.5,330,35,15900.0,1,0.229
2026-02-22T04:00,0.0,0.0,0.0,0.0,0.0,0.0,1,200.0,12.0,1025.0,24.8,1.6,5.6,340,20,15920.0,1,0.227
2026-02-22T05:00,0.0,0.0,0.0,0.0,0.0,0.0,0,210.0,20.0,1035.0,25.8,1.58,5.6,325,12,16940.0,1,0.224
2026-02-22T06:00,0.0,0.0,0.0,0.0,0.0,0.0,1,190.0,20.0,1085.0,25.8,1.72,5.5,330,20,11260.0,1,0.222
2026-02-22T07:00,0.0,0.0,0.0,0.0,0.0,0.0,0,170.0,27.0,1170.0,26.6,1.66,5.4,327,14,13220.0,1,0.22
2026-02-22T08:00,0.0,0.0,0.0,0.0,0.0,0.0,0,170.0,27.0,1240.0,26.5,1.37,5.2,336,9,17860.0,1,0.218
2026-02-22T09:00,0.0,0.0,0.0,0.0,0.0,0.0,0,130.0,39.0,1095.0,26.2,0.86,4.1,324,7,17860.0,1,0.217
2026-02-22T10:00,0.0,0.0,0.0,0.0,0.0,0.0,0,130.0,62.0,30.0,23.6,0.8,2.3,266,1,16960.0,1,0.217
2026-02-22T11:00,0.0,0.0,0.0,0.0,0.0,0.0,0,110.0,130.0,20.0,21.7,0.55,1.2,265,2,15940.0,0,0.217
2026-02-22T12:00,0.0,0.0,0.0,0.0,0.0,0.0,0,160.0,53.0,10.0,21.3,0.25,0.9,233,1,15940.0,0,0.212
2026-02-22T13:00,0.0,0.0,0.0,0.0,0.0,0.0,0,100.0,77.0,10.0,20.6,0.16,0.6,72,9,14800.0,0,0.212
2026-02-22T14:00,0.0,0.0,0.0,0.0,0.0,0.0,2,80.0,86.0,10.0,19.7,0.0,0.6,270,70,14800.0,0,0.212
2026-02-22T15:00,0.0,0.0,0.0,0.0,0.0,0.0,0,30.0,366.0,15.0,19.2,0.25,0.8,180,5,14800.0,0,0.212
2026-02-22T16:00,0.0,0.0,0.0,0.0,0.0,0.0,0,10.0,,20.0,17.5,0.84,1.6,197,6,12940.0,0,0.212
2026-02-22T17:00,0.0,0.0,0.0,0.0,0.0,0.0,0,0.0,,30.0,16.6,1.05,2.2,185,6,11600.0,0,0.212
2026-02-22T18:00,0.0,0.0,0.0,0.0,0.0,0.0,0,150.0,23.0,30.0,16.7,1.05,2.3,180,13,10040.0,0,0.211
2026-02-22T19:00,0.0,0.0,0.0,0.0,0.0,0.0,1,160.0,19.0,25.0,16.1,0.8,2.2,184,28,10040.0,0,0.211
2026-02-22T20:00,0.0,0.0,0.0,0.0,0.0,0.0,1,90.0,26.0,15.0,16.1,0.35,2.0,188,28,10060.0,0,0.212
2026-02-22T21:00,0.0,0.0,0.0,0.0,0.0,0.0,1,40.0,30.0,15.0,15.9,0.25,1.3,191,21,7080.0,0,0.212
2026-02-22T22:00,0.0,0.0,0.0,0.0,0.0,0.0,0,20.0,,10.0,15.3,0.07,1.2,135,4,7080.0,0,0.212
2026-02-22T23:00,0.0,0.0,0.0,0.0,0.0,0.0,3,0.0,,10.0,14.8,0.11,1.0,63,99,200.0,1,0.212
2026-02-23T00:00,0.0,0.0,0.0,0.0,0.0,0.0,0,0.0,0.0,15.0,17.1,0.46,2.3,319,1,10060.0,1,0.211
2026-02-23T01:00,0.0,0.0,0.0,0.0,0.0,0.0,1,0.0,14.0,135.0,21.2,0.68,3.1,324,38,14840.0,1,0.21
2026-02-23T02:00,0.0,0.0,0.0,0.0,0.0,0.0,3,0.0,13.0,965.0,24.0,0.61,3.4,171,98,17040.0,1,0.209
2026-02-23T03:00,0.0,0.0,0.0,0.0,0.0,0.0,3,0.0,162.0,1075.0,24.8,1.65,4.8,166,100,17940.0,1,0.208
2026-02-23T04:00,0.0,0.0,0.0,0.0,0.0,0.0,3,0.0,12.0,1020.0,24.7,2.27,5.5,172,100,17940.0,1,0.206
2026-02-23T05:00,0.0,0.0,0.0,0.0,0.0,0.0,3,0.0,47.0,1020.0,24.8,2.66,6.4,168,100,17960.0,1,0.205
2026-02-23T06:00,0.0,0.0,0.0,0.0,0.0,0.0,3,0.0,52.0,1070.0,24.7,2.2,6.4,180,100,17960.0,1,0.203
2026-02-23T07:00,0.0,0.0,0.0,0.0,0.0,0.0,2,0.0,37.0,1005.0,25.0,2.5,5.8,179,71,17960.0,1,0.201
2026-02-23T08:00,0.0,0.0,0.0,0.0,0.0,0.0,2,0.0,16.0,1095.0,25.5,2.42,6.4,198,55,17960.0,1,0.199
2026-02-23T09:00,0.0,0.0,0.0,0.0,0.0,0.0,0,0.0,148.0,1130.0,25.3,1.93,5.5,201,8,17980.0,1,0.198
2026-02-23T10:00,0.0,0.0,0.0,0.0,0.0,0.0,3,0.0,59.0,75.0,22.6,1.23,3.7,238,99,17080.0,1,0.198
2026-02-23T11:00,0.0,0.0,0.0,0.0,0.0,0.0,2,0.0,92.0,30.0,21.2,1.12,2.3,207,79,17080.0,0,0.198
2026-02-23T12:00,0.0,0.0,0.0,0.0,0.0,0.0,3,0.0,77.0,385.0,22.2,3.38,4.2,193,100,17080.0,0,0.191
2026-02-23T13:00,0.0,0.0,0.0,0.0,0.0,0.0,3,0.0,137.0,360.0,21.4,2.96,6.6,202,100,16040.0,0,0.19
2026-02-23T14:00,0.0,0.0,0.0,0.0,0.0,0.0,3,30.0,62.0,290.0,20.8,2.03,5.7,190,100,16060.0,0,0.19
2026-02-23T15:00,0.0,0.0,0.0,0.0,0.0,0.0,3,40.0,42.0,190.0,20.2,1.32,4.1,189,100,16060.0,0,0.19
2026-02-23T16:00,0.0,0.0,0.0,0.0,0.0,0.0,3,50.0,15.0,95.0,19.2,1.2,2.8,182,84,14900.0,0,0.19
2026-02-23T17:00,0.0,0.0,0.0,0.0,0.0,0.0,3,80.0,9.0,55.0,18.6,1.1,2.7,175,100,14900.0,0,0.19
2026-02-23T18:00,0.0,0.0,0.0,0.0,0.0,0.0,3,0.0,7.0,30.0,18.9,0.7,2.5,176,89,13020.0,0,0.183
2026-02-23T19:00,0.0,0.0,0.0,0.0,0.0,0.0,3,0.0,9.0,15.0,18.5,0.2,1.7,270,93,12900.0,0,0.183
2026-02-23T20:00,0.1,0.1,0.0,0.0,0.0,0.0,51,0.0,6.0,30.0,18.2,0.68,1.9,197,99,11580.0,0,0.184
2026-02-23T21:00,0.0,0.0,0.0,0.0,0.0,0.0,2,0.0,60.0,15.0,18.1,0.18,1.8,236,53,11680.0,0,0.184
2026-02-23T22:00,0.0,0.0,0.0,0.0,0.0,0.0,3,0.0,36.0,15.0,17.4,0.21,1.1,76,98,10120.0,0,0.184
2026-02-23T23:00,0.0,0.0,0.0,0.0,0.0,0.0,3,0.0,19.0,15.0,17.7,0.21,1.1,194,99,10120.0,1,0.184
2026-02-24T00:00,0.0,0.0,0.0,0.0,0.0,0.0,3,20.0,0.0,65.0,18.0,0.36,1.5,304,100,4460.0,1,0.19
2026-02-24T01:00,0.3,0.2,0.1,0.0,0.0,0.0,51,10.0,9.0,55.0,18.2,0.54,1.9,146,100,7580.0,1,0.193
2026-02-24T02:00,0.4,0.0,0.4,0.0,0.0,0.0,51,0.0,20.0,185.0,20.0,0.35,2.7,90,100,9740.0,1,0.198
2026-02-24T03:00,0.0,0.0,0.0,0.0,0.0,0.0,3,0.0,16.0,275.0,20.6,0.62,3.0,76,97,13060.0,1,0.198
2026-02-24T04:00,0.0,0.0,0.0,0.0,0.0,0.0,3,0.0,6.0,575.0,22.6,0.55,3.9,90,99,14940.0,1,0.197
2026-02-24T05:00,0.0,0.0,0.0,0.0,0.0,0.0,3,0.0,24.0,495.0,23.3,0.76,3.6,349,98,14960.0,1,0.196
2026-02-24T06:00,0.0,0.0,0.0,0.0,0.0,0.0,3,0.0,29.0,1255.0,25.5,1.91,5.5,250,100,17160.0,1,0.204
2026-02-24T07:00,0.0,0.0,0.0,0.0,0.0,0.0,3,0.0,38.0,810.0,24.6,1.0,4.4,307,81,16120.0,1,0.203
2026-02-24T08:00,0.0,0.0,0.0,0.0,0.0,0.0,3,0.0,7.0,895.0,25.1,0.81,3.6,317,92,16140.0,1,0.202
2026-02-24T09:00,0.0,0.0,0.0,0.0,0.0,0.0,1,0.0,13.0,610.0,24.5,0.83,3.4,335,21,16140.0,1,0.201
2026-02-24T10:00,0.0,0.0,0.0,0.0,0.0,0.0,1,0.0,52.0,70.0,22.6,0.91,2.6,354,48,14980.0,1,0.201
2026-02-24T11:00,0.0,0.0,0.0,0.0,0.0,0.0,0,0.0,13.0,25.0,20.9,0.47,1.6,328,17,14980.0,0,0.201
2026-02-24T12:00,0.0,0.0,0.0,0.0,0.0,0.0,1,20.0,13.0,15.0,21.0,0.2,0.9,270,41,14180.0,0,0.206
2026-02-24T13:00,0.0,0.0,0.0,0.0,0.0,0.0,1,20.0,5.0,45.0,20.3,0.49,1.0,336,34,13100.0,0,0.206
2026-02-24T14:00,0.0,0.0,0.0,0.0,0.0,0.0,3,20.0,19.0,35.0,19.9,0.35,1.0,352,81,12940.0,0,0.206
2026-02-24T15:00,0.0,0.0,0.0,0.0,0.0,0.0,0,10.0,18.0,25.0,19.2,0.38,0.8,337,17,11640.0,0,0.207
2026-02-24T16:00,0.0,0.0,0.0,0.0,0.0,0.0,2,10.0,18.0,50.0,18.4,1.16,2.4,335,68,6800.0,0,0.207
2026-02-24T17:00,0.0,0.0,0.0,0.0,0.0,0.0,3,0.0,16.0,255.0,18.7,1.31,2.7,353,95,5640.0,0,0.207
2026-02-24T18:00,0.0,0.0,0.0,0.0,0.0,0.0,3,0.0,14.0,315.0,19.2,1.3,3.9,356,100,11080.0,0,0.203
2026-02-24T19:00,0.0,0.0,0.0,0.0,0.0,0.0,3,0.0,3.0,410.0,19.6,2.1,4.0,12,99,11640.0,0,0.203
2026-02-24T20:00,0.0,0.0,0.0,0.0,0.0,0.0,3,0.0,68.0,430.0,19.3,2.01,4.7,4,88,11600.0,0,0.203
2026-02-24T21:00,0.0,0.0,0.0,0.0,0.0,0.0,3,0.0,98.0,465.0,18.9,1.64,4.0,348,100,13120.0,0,0.203
2026-02-24T22:00,0.0,0.0,0.0,0.0,0.0,0.0,3,0.0,95.0,480.0,18.9,2.09,4.3,343,100,13120.0,0,0.203
2026-02-24T23:00,0.0,0.0,0.0,0.0,0.0,0.0,3,0.0,60.0,430.0,18.5,2.04,4.3,343,100,13120.0,1,0.203
2026-02-25T00:00,0.0,0.0,0.0,0.0,0.0,0.0,3,0.0,60.0,350.0,18.4,2.09,5.0,343,92,12600.0,1,0.205
2026-02-25T01:00,0.0,0.0,0.0,0.0,0.0,0.0,3,0.0,82.0,460.0,20.3,1.9,5.2,3,98,15040.0,1,0.204
2026-02-25T02:00,0.0,0.0,0.0,0.0,0.0,0.0,1,0.0,76.0,570.0,21.7,2.09,5.7,17,32,15040.0,1,0.203
2026-02-25T03:00,0.0,0.0,0.0,0.0,0.0,0.0,1,0.0,65.0,800.0,24.1,1.98,6.2,16,44,16220.0,1,0.201
2026-02-25T04:00,0.0,0.0,0.0,0.0,0.0,0.0,3,0.0,71.0,1190.0,25.9,1.17,6.1,31,100,17260.0,1,0.199
2026-02-25T05:00,0.0,0.0,0.0,0.0,0.0,0.0,3,0.0,75.0,1320.0,26.5,0.32,4.8,342,100,17280.0,1,0.197
2026-02-25T06:00,0.0,0.0,0.0,0.0,0.0,0.0,3,0.0,49.0,1235.0,25.5,0.98,3.4,294,100,17280.0,1,0.195
2026-02-25T07:00,0.0,0.0,0.0,0.0,0.0,0.0,3,10.0,98.0,1195.0,26.0,0.74,3.7,298,100,17280.0,1,0.194
2026-02-25T08:00,0.0,0.0,0.0,0.0,0.0,0.0,3,10.0,73.0,870.0,25.5,0.76,3.1,337,100,17280.0,1,0.193
2026-02-25T09:00,0.0,0.0,0.0,0.0,0.0,0.0,2,40.0,16.0,760.0,25.6,0.66,2.9,351,66,17300.0,1,0.192
2026-02-25T10:00,0.0,0.0,0.0,0.0,0.0,0.0,3,10.0,74.0,105.0,24.0,1.31,2.5,353,100,16240.0,1,0.192
2026-02-25T11:00,0.0,0.0,0.0,0.0,0.0,0.0,3,10.0,41.0,20.0,22.8,0.4,2.3,330,100,16240.0,0,0.192
2026-02-25T12:00,0.0,0.0,0.0,0.0,0.0,0.0,2,0.0,37.0,25.0,22.7,0.54,0.8,214,75,15080.0,0,0.195
2026-02-25T13:00,0.0,0.0,0.0,0.0,0.0,0.0,2,0.0,35.0,70.0,21.7,1.27,2.4,206,75,15080.0,0,0.195
2026-02-25T14:00,0.0,0.0,0.0,0.0,0.0,0.0,3,0.0,64.0,215.0,21.5,1.87,3.5,188,98,13180.0,0,0.195
2026-02-25T15:00,0.0,0.0,0.0,0.0,0.0,0.0,2,0.0,5.0,230.0,21.1,2.23,4.4,189,76,12960.0,0,0.195
2026-02-25T16:00,0.0,0.0,0.0,0.0,0.0,0.0,3,10.0,115.0,210.0,20.0,1.82,4.2,188,100,11780.0,0,0.195
2026-02-25T17:00,0.0,0.0,0.0,0.0,0.0,0.0,3,0.0,1.0,240.0,19.9,2.02,4.0,187,90,7840.0,0,0.195
2026-02-25T18:00,0.0,0.0,0.0,0.0,0.0,0.0,3,10.0,0.0,255.0,19.9,1.95,3.9,181,100,11500.0,0,0.192
2026-02-25T19:00,0.0,0.0,0.0,0.0,0.0,0.0,3,0.0,0.0,230.0,19.9,1.7,4.3,183,100,11600.0,0,0.192
2026-02-25T20:00,0.0,0.0,0.0,0.0,0.0,0.0,2,0.0,10.0,185.0,19.7,0.98,3.4,204,77,11760.0,0,0.192
2026-02-25T21:00,0.0,0.0,0.0,0.0,0.0,0.0,2,0.0,80.0,105.0,18.9,0.72,2.2,205,76,11760.0,0,0.192
2026-02-25T22:00,0.0,0.0,0.0,0.0,0.0,0.0,1,0.0,70.0,60.0,18.2,0.72,1.8,192,20,10080.0,0,0.192
2026-02-25T23:00,0.0,0.0,0.0,0.0,0.0,0.0,2,0.0,142.0,40.0,17.6,0.6,1.7,175,73,10180.0,1,0.192
2026-02-26T00:00,0.0,0.0,0.0,0.0,0.0,0.0,3,0.0,0.0,145.0,18.7,0.56,2.2,190,98,10260.0,1,0.193
2026-02-26T01:00,0.0,0.0,0.0,0.0,0.0,0.0,3,0.0,142.0,370.0,20.5,1.55,4.2,180,100,13220.0,1,0.193
2026-02-26T02:00,0.0,0.0,0.0,0.0,0.0,0.0,3,0.0,0.0,480.0,21.6,1.75,5.1,180,97,15140.0,1,0.192
2026-02-26T03:00,0.0,0.0,0.0,0.0,0.0,0.0,3,0.0,62.0,710.0,23.6,1.75,5.3,180,100,16320.0,1,0.191
2026-02-26T04:00,0.0,0.0,0.0,0.0,0.0,0.0,3,0.0,0.0,1070.0,25.0,3.74,8.4,196,100,16320.0,1,0.189
2026-02-26T05:00,0.0,0.0,0.0,0.0,0.0,0.0,1,0.0,24.0,910.0,24.9,3.61,8.5,223,20,16320.0,1,0.188
2026-02-26T06:00,0.0,0.0,0.0,0.0,0.0,0.0,2,10.0,0.0,1430.0,26.4,4.05,10.8,207,73,17380.0,1,0.187
2026-02-26T07:00,0.4,0.2,0.2,0.0,0.0,0.0,51,20.0,8.0,895.0,24.5,3.64,8.7,226,100,3760.0,1,0.19
2026-02-26T08:00,0.5,0.5,0.0,0.0,0.0,0.0,53,150.0,6.0,635.0,23.4,1.85,7.4,251,99,10080.0,1,0.195
2026-02-26T09:00,0.0,0.0,0.0,0.0,0.0,0.0,3,190.0,8.0,415.0,23.2,1.75,4.9,273,98,12780.0,1,0.194
2026-02-26T10:00,0.6,0.0,0.6,0.0,0.0,0.0,53,220.0,16.0,15.0,22.1,0.22,4.4,27,100,11860.0,1,0.2
2026-02-26T11:00,0.5,0.0,0.5,0.0,0.0,0.0,53,180.0,27.0,15.0,20.9,0.36,2.6,56,100,7240.0,0,0.208
2026-02-26T12:00,0.0,0.0,0.0,0.0,0.0,0.0,3,10.0,53.0,50.0,21.3,0.74,2.0,228,96,8860.0,0,0.192
2026-02-26T13:00,0.0,0.0,0.0,0.0,0.0,0.0,3,30.0,46.0,55.0,20.8,0.81,1.9,187,100,10780.0,0,0.192
2026-02-26T14:00,0.0,0.0,0.0,0.0,0.0,0.0,3,40.0,49.0,45.0,20.4,0.89,2.0,232,86,7000.0,0,0.192
2026-02-26T15:00,0.3,0.1,0.2,0.0,0.0,0.0,51,60.0,49.0,30.0,19.7,0.71,3.2,219,94,7320.0,0,0.196
2026-02-26T16:00,0.8,0.2,0.6,0.0,0.0,0.0,53,30.0,49.0,45.0,19.7,0.84,2.7,197,100,3160.0,0,0.207
2026-02-26T17:00,1.2,0.4,0.8,0.0,0.0,0.0,55,60.0,38.0,35.0,19.6,0.54,2.8,214,95,4540.0,0,0.223
2026-02-26T18:00,0.9,0.1,0.8,0.0,0.0,0.0,53,60.0,0.0,40.0,19.4,0.6,2.5,180,38,5120.0,0,0.205
2026-02-26T19:00,0.1,0.0,0.1,0.0,0.0,0.0,51,60.0,24.0,60.0,19.2,0.76,1.8,212,100,3400.0,0,0.207
2026-02-26T20:00,0.2,0.1,0.1,0.0,0.0,0.0,51,100.0,1.0,55.0,19.1,0.75,2.3,217,97,2080.0,0,0.209
2026-02-26T21:00,0.0,0.0,0.0,0.0,0.0,0.0,1,100.0,0.0,50.0,18.9,0.7,1.7,159,34,3460.0,0,0.209
2026-02-26T22:00,0.0,0.0,0.0,0.0,0.0,0.0,3,90.0,1.0,40.0,18.4,0.76,1.7,172,100,840.0,0,0.21
2026-02-26T23:00,0.0,0.0,0.0,0.0,0.0,0.0,3,40.0,41.0,40.0,17.9,0.81,1.7,187,100,220.0,1,0.21
2026-02-27T00:00,0.0,0.0,0.0,0.0,0.0,0.0,3,60.0,22.0,60.0,19.0,1.03,2.6,194,100,460.0,1,0.251
2026-02-27T01:00,0.0,0.0,0.0,0.0,0.0,0.0,3,50.0,11.0,85.0,19.6,0.79,2.7,198,98,3600.0,1,0.251
2026-02-27T02:00,0.0,0.0,0.0,0.0,0.0,0.0,3,20.0,2.0,155.0,21.0,0.85,3.1,177,100,8280.0,1,0.251
2026-02-27T03:00,0.0,0.0,0.0,0.0,0.0,0.0,2,100.0,2.0,390.0,22.7,0.56,3.4,260,72,9240.0,1,0.251
2026-02-27T04:00,0.1,0.1,0.0,0.0,0.0,0.0,51,260.0,0.0,785.0,24.5,0.32,4.4,321,95,10140.0,1,0.25
2026-02-27T05:00,1.3,0.3,1.0,0.0,0.0,0.0,80,90.0,9.0,300.0,23.0,2.41,6.6,354,86,3360.0,1,0.263
2026-02-27T06:00,0.7,0.6,0.1,0.0,0.0,0.0,53,10.0,0.0,255.0,20.6,2.49,8.5,10,100,3240.0,1,0.257
2026-02-27T07:00,0.3,0.3,0.0,0.0,0.0,0.0,51,0.0,47.0,225.0,21.6,1.28,5.7,339,88,9340.0,1,0.26
2026-02-27T08:00,0.0,0.0,0.0,0.0,0.0,0.0,3,10.0,24.0,215.0,22.7,1.14,4.0,255,100,11340.0,1,0.259
2026-02-27T09:00,0.0,0.0,0.0,0.0,0.0,0.0,3,10.0,44.0,115.0,22.0,1.5,3.7,270,99,15260.0,1,0.259
2026-02-27T10:00,0.0,0.0,0.0,0.0,0.0,0.0,3,50.0,12.0,130.0,22.0,1.36,3.3,332,100,13340.0,1,0.258
2026-02-27T11:00,0.0,0.0,0.0,0.0,0.0,0.0,2,0.0,9.0,460.0,21.6,2.25,4.3,360,54,14480.0,0,0.258
2026-02-27T12:00,0.0,0.0,0.0,0.0,0.0,0.0,1,0.0,1.0,100.0,20.4,0.91,4.4,6,38,11720.0,0,0.264
2026-02-27T13:00,0.0,0.0,0.0,0.0,0.0,0.0,3,0.0,0.0,250.0,19.8,1.16,2.2,7,81,10900.0,0,0.263
2026-02-27T14:00,0.0,0.0,0.0,0.0,0.0,0.0,3,10.0,6.0,265.0,19.9,0.85,2.4,3,100,13360.0,0,0.263
2026-02-27T15:00,0.0,0.0,0.0,0.0,0.0,0.0,3,0.0,3.0,235.0,19.9,0.79,1.6,18,98,8100.0,0,0.263
2026-02-27T16:00,0.0,0.0,0.0,0.0,0.0,0.0,3,0.0,6.0,190.0,19.3,0.76,1.5,337,100,11080.0,0,0.263
2026-02-27T17:00,0.0,0.0,0.0,0.0,0.0,0.0,3,0.0,13.0,140.0,19.4,0.85,1.5,339,88,8380.0,0,0.263
2026-02-27T18:00,0.0,0.0,0.0,0.0,0.0,0.0,3,20.0,24.0,120.0,19.4,0.85,1.6,332,100,5520.0,0,0.263
2026-02-27T19:00,0.2,0.2,0.0,0.0,0.0,0.0,51,30.0,25.0,115.0,19.2,0.94,1.8,335,100,4920.0,0,0.264
2026-02-27T20:00,0.1,0.1,0.0,0.0,0.0,0.0,51,40.0,14.0,100.0,18.8,0.97,1.8,325,100,4900.0,0,0.266
2026-02-27T21:00,0.3,0.3,0.0,0.0,0.0,0.0,51,70.0,11.0,115.0,18.8,0.86,2.0,350,100,4780.0,0,0.27
2026-02-27T22:00,0.6,0.6,0.0,0.0,0.0,0.0,53,40.0,48.0,80.0,18.8,0.7,1.5,360,100,3900.0,0,0.279
2026-02-27T23:00,0.2,0.2,0.0,0.0,0.0,0.0,51,10.0,4.0,60.0,18.9,1.03,1.3,346,100,5700.0,1,0.281
2026-02-28T00:00,0.1,0.1,0.0,0.0,0.0,0.0,51,0.0,8.0,50.0,19.2,0.65,1.6,356,66,6560.0,1,0.276
2026-02-28T01:00,0.1,0.0,0.1,0.0,0.0,0.0,51,0.0,3.0,275.0,21.4,1.88,4.4,101,100,8880.0,1,0.277
2026-02-28T02:00,0.1,0.1,0.0,0.0,0.0,0.0,51,30.0,4.0,510.0,22.4,1.9,6.1,113,97,6620.0,1,0.277
2026-02-28T03:00,0.5,0.2,0.3,0.0,0.0,0.0,53,70.0,0.0,725.0,23.1,1.43,5.7,144,100,5400.0,1,0.281
2026-02-28T04:00,0.5,0.2,0.3,0.0,0.0,0.0,53,70.0,3.0,745.0,22.8,1.86,5.9,149,99,5520.0,1,0.285
2026-02-28T05:00,0.4,0.3,0.1,0.0,0.0,0.0,51,40.0,0.0,875.0,24.0,2.97,8.0,163,100,6640.0,1,0.287
2026-02-28T06:00,0.6,0.2,0.4,0.0,0.0,0.0,53,50.0,1.0,190.0,21.1,0.9,8.3,71,100,1820.0,1,0.294
2026-02-28T07:00,3.4,3.2,0.2,0.0,0.0,0.0,81,60.0,1.0,250.0,20.6,1.38,4.0,44,100,1660.0,1,0.339
2026-02-28T08:00,3.7,3.4,0.3,0.0,0.0,0.0,81,40.0,1.0,340.0,20.4,1.33,3.2,70,100,1840.0,1,0.386
2026-02-28T09:00,2.2,1.8,0.4,0.0,0.0,0.0,80,20.0,0.0,385.0,20.0,2.3,4.6,91,100,3500.0,1,0.401
2026-02-28T10:00,0.8,0.5,0.3,0.0,0.0,0.0,53,0.0,4.0,315.0,19.2,2.33,5.0,115,100,3580.0,1,0.396
2026-02-28T11:00,0.4,0.4,0.0,0.0,0.0,0.0,51,20.0,9.0,270.0,18.8,1.31,4.7,108,100,4920.0,0,0.39
2026-02-28T12:00,0.4,0.4,0.0,0.0,0.0,0.0,51,60.0,0.0,265.0,18.4,2.27,3.1,112,100,4120.0,0,0.4
2026-02-28T13:00,0.5,0.3,0.2,0.0,0.0,0.0,53,40.0,4.0,265.0,18.2,1.5,5.9,116,100,5840.0,0,0.394
2026-02-28T14:00,0.1,0.1,0.0,0.0,0.0,0.0,51,20.0,35.0,235.0,18.2,1.64,3.2,110,100,5280.0,0,0.385
2026-02-28T15:00,0.2,0.2,0.0,0.0,0.0,0.0,51,10.0,0.0,175.0,17.9,1.15,3.4,108,100,5360.0,0,0.38
2026-02-28T16:00,0.7,0.2,0.5,0.0,0.0,0.0,53,90.0,0.0,50.0,18.1,0.46,3.7,257,100,7680.0,0,0.382
2026-02-28T17:00,0.1,0.1,0.0,0.0,0.0,0.0,51,90.0,2.0,40.0,18.2,0.25,1.8,180,100,6220.0,0,0.377
2026-02-28T18:00,0.1,0.1,0.0,0.0,0.0,0.0,51,90.0,14.0,105.0,18.4,0.96,2.2,137,100,7060.0,0,0.376
2026-02-28T19:00,0.3,0.2,0.1,0.0,0.0,0.0,51,80.0,4.0,55.0,18.3,0.55,3.8,185,100,3560.0,0,0.375
2026-02-28T20:00,0.8,0.8,0.0,0.0,0.0,0.0,53,90.0,16.0,195.0,18.2,0.74,2.5,160,100,3480.0,0,0.381
2026-02-28T21:00,0.2,0.2,0.0,0.0,0.0,0.0,51,80.0,24.0,215.0,18.3,0.81,2.2,173,100,7660.0,0,0.377
2026-02-28T22:00,0.0,0.0,0.0,0.0,0.0,0.0,3,90.0,29.0,235.0,18.2,0.96,2.6,171,100,6860.0,0,0.373
2026-02-28T23:00,0.0,0.0,0.0,0.0,0.0,0.0,3,90.0,45.0,270.0,18.1,1.74,3.6,168,100,9500.0,1,0.368
2026-03-01T00:00,0.0,0.0,0.0,0.0,0.0,0.0,3,100.0,23.0,255.0,18.3,1.36,3.6,163,100,9800.0,1,0.372
2026-03-01T01:00,0.0,0.0,0.0,0.0,0.0,0.0,3,40.0,36.0,325.0,19.0,1.1,3.6,183,100,9740.0,1,0.368
2026-03-01T02:00,0.0,0.0,0.0,0.0,0.0,0.0,3,30.0,61.0,420.0,20.1,1.85,4.5,178,100,13500.0,1,0.364
2026-03-01T03:00,0.0,0.0,0.0,0.0,0.0,0.0,3,50.0,25.0,605.0,21.9,3.39,7.4,171,100,15460.0,1,0.36
2026-03-01T04:00,0.0,0.0,0.0,0.0,0.0,0.0,3,0.0,34.0,735.0,23.4,3.9,8.3,182,100,15460.0,1,0.356
2026-03-01T05:00,0.0,0.0,0.0,0.0,0.0,0.0,3,0.0,59.0,840.0,24.2,2.67,8.5,197,100,9800.0,1,0.354
2026-03-01T06:00,0.0,0.0,0.0,0.0,0.0,0.0,2,0.0,10.0,990.0,24.6,4.59,8.2,200,76,16680.0,1,0.366
2026-03-01T07:00,0.0,0.0,0.0,0.0,0.0,0.0,3,10.0,32.0,1045.0,25.4,4.76,10.8,199,95,16680.0,1,0.361
2026-03-01T08:00,0.0,0.0,0.0,0.0,0.0,0.0,1,0.0,46.0,890.0,24.9,4.54,10.3,194,41,16680.0,1,0.357
2026-03-01T09:00,0.0,0.0,0.0,0.0,0.0,0.0,2,10.0,61.0,900.0,24.9,4.65,9.9,192,70,15480.0,1,0.354
2026-03-01T10:00,0.0,0.0,0.0,0.0,0.0,0.0,0,0.0,74.0,660.0,23.6,3.05,9.5,190,6,12540.0,1,0.351
2026-03-01T11:00,0.0,0.0,0.0,0.0,0.0,0.0,0,0.0,79.0,410.0,21.7,2.27,6.2,188,6,12820.0,0,0.349
2026-03-01T12:00,0.0,0.0,0.0,0.0,0.0,0.0,1,0.0,55.0,245.0,21.2,1.35,4.8,180,27,10920.0,0,0.335
2026-03-01T13:00,0.0,0.0,0.0,0.0,0.0,0.0,1,0.0,71.0,185.0,20.7,1.22,3.1,189,37,11140.0,0,0.334
2026-03-01T14:00,0.0,0.0,0.0,0.0,0.0,0.0,3,140.0,0.0,55.0,20.0,1.03,2.8,209,98,9600.0,0,0.333
2026-03-01T15:00,0.0,0.0,0.0,0.0,0.0,0.0,3,140.0,2.0,55.0,20.9,0.9,2.4,177,100,10240.0,0,0.332
2026-03-01T16:00,0.0,0.0,0.0,0.0,0.0,0.0,2,120.0,16.0,45.0,20.7,0.81,2.3,187,67,10460.0,0,0.331
2026-03-01T17:00,0.0,0.0,0.0,0.0,0.0,0.0,3,140.0,16.0,55.0,20.2,1.05,2.5,183,100,7220.0,0,0.33
2026-03-01T18:00,0.0,0.0,0.0,0.0,0.0,0.0,2,90.0,40.0,105.0,20.8,1.2,2.7,182,63,7340.0,0,0.327
2026-03-01T19:00,0.0,0.0,0.0,0.0,0.0,0.0,3,120.0,33.0,100.0,20.4,1.35,2.9,178,98,7260.0,0,0.326
2026-03-01T20:00,0.0,0.0,0.0,0.0,0.0,0.0,3,180.0,18.0,185.0,20.7,1.7,3.7,180,99,7360.0,0,0.325
2026-03-01T21:00,0.0,0.0,0.0,0.0,0.0,0.0,3,210.0,17.0,220.0,20.7,1.84,3.7,167,100,7340.0,0,0.325
2026-03-01T22:00,0.0,0.0,0.0,0.0,0.0,0.0,3,190.0,17.0,240.0,20.8,1.65,3.8,178,100,6700.0,0,0.324
2026-03-01T23:00,0.0,0.0,0.0,0.0,0.0,0.0,3,150.0,7.0,190.0,20.8,1.36,3.4,172,100,5300.0,1,0.323
2026-03-02T00:00,0.2,0.1,0.1,0.0,0.0,0.0,51,150.0,22.0,310.0,21.5,1.55,4.0,180,100,9600.0,1,0.358
2026-03-02T01:00,0.1,0.0,0.1,0.0,0.0,0.0,51,190.0,2.0,220.0,22.6,1.56,4.2,228,100,7600.0,1,0.356
2026-03-02T02:00,0.3,0.3,0.0,0.0,0.0,0.0,51,190.0,0.0,200.0,22.5,1.45,3.9,297,100,2860.0,1,0.357
2026-03-02T03:00,1.5,1.2,0.3,0.0,0.0,0.0,80,90.0,0.0,315.0,21.5,3.4,6.8,343,100,3160.0,1,0.372
2026-03-02T04:00,0.6,0.3,0.3,0.0,0.0,0.0,53,50.0,4.0,310.0,21.7,2.33,6.9,9,52,9440.0,1,0.374
2026-03-02T05:00,0.0,0.0,0.0,0.0,0.0,0.0,1,10.0,0.0,595.0,24.4,2.23,6.4,9,20,14240.0,1,0.369
2026-03-02T06:00,0.0,0.0,0.0,0.0,0.0,0.0,1,20.0,0.0,770.0,25.8,1.19,6.7,33,28,16820.0,1,0.371
2026-03-02T07:00,0.0,0.0,0.0,0.0,0.0,0.0,2,40.0,50.0,815.0,27.2,1.21,4.8,7,64,17920.0,1,0.365
2026-03-02T08:00,0.0,0.0,0.0,0.0,0.0,0.0,3,60.0,12.0,865.0,27.3,0.75,4.5,323,100,17940.0,1,0.36
2026-03-02T09:00,1.7,1.7,0.0,0.0,0.0,0.0,61,10.0,15.0,200.0,23.0,2.04,3.7,324,100,2300.0,1,0.378
2026-03-02T10:00,2.0,1.4,0.6,0.0,0.0,0.0,80,30.0,0.0,470.0,20.6,3.31,6.1,349,100,3540.0,1,0.398
2026-03-02T11:00,0.9,0.5,0.4,0.0,0.0,0.0,53,0.0,0.0,535.0,19.2,3.83,7.6,353,91,4120.0,0,0.398
2026-03-02T12:00,2.5,1.6,0.9,0.0,0.0,0.0,81,10.0,5.0,365.0,19.2,2.79,7.2,351,100,4380.0,0,0.369
2026-03-02T13:00,0.2,0.1,0.1,0.0,0.0,0.0,51,0.0,3.0,450.0,18.8,3.03,5.7,352,100,10460.0,0,0.369
2026-03-02T14:00,0.1,0.1,0.0,0.0,0.0,0.0,51,0.0,15.0,525.0,17.9,3.71,7.5,10,100,4540.0,0,0.367
2026-03-02T15:00,0.2,0.2,0.0,0.0,0.0,0.0,51,40.0,8.0,575.0,16.9,3.5,7.3,360,100,8600.0,0,0.366
2026-03-02T16:00,0.0,0.0,0.0,0.0,0.0,0.0,3,50.0,7.0,605.0,16.3,3.38,7.6,8,100,13700.0,0,0.363
2026-03-02T17:00,0.0,0.0,0.0,0.0,0.0,0.0,3,0.0,46.0,625.0,15.8,3.78,8.2,7,100,15700.0,0,0.361
2026-03-02T18:00,0.0,0.0,0.0,0.0,0.0,0.0,1,0.0,53.0,545.0,16.4,3.14,8.3,9,39,13720.0,0,0.361
2026-03-02T19:00,0.0,0.0,0.0,0.0,0.0,0.0,2,0.0,10.0,575.0,15.7,3.54,7.3,9,79,15700.0,0,0.358
2026-03-02T20:00,0.0,0.0,0.0,0.0,0.0,0.0,3,0.0,13.0,590.0,15.3,3.44,7.6,8,100,15700.0,0,0.356
2026-03-02T21:00,0.0,0.0,0.0,0.0,0.0,0.0,3,0.0,48.0,610.0,14.9,3.38,7.5,8,100,15720.0,0,0.354
2026-03-02T22:00,0.0,0.0,0.0,0.0,0.0,0.0,3,0.0,118.0,615.0,14.3,3.36,7.4,11,100,15720.0,0,0.353
2026-03-02T23:00,0.0,0.0,0.0,0.0,0.0,0.0,3,0.0,92.0,605.0,13.9,3.81,8.3,4,87,15720.0,1,0.351
2026-03-03T00:00,0.0,0.0,0.0,0.0,0.0,0.0,3,110.0,32.0,580.0,15.1,3.52,8.4,7,100,15740.0,1,0.365
2026-03-03T01:00,0.0,0.0,0.0,0.0,0.0,0.0,3,110.0,10.0,640.0,16.0,3.86,8.8,4,100,15740.0,1,0.362
2026-03-03T02:00,0.7,0.0,0.7,0.0,0.0,0.0,53,70.0,10.0,670.0,15.9,4.42,9.8,5,100,10140.0,1,0.367
2026-03-03T03:00,2.7,0.2,2.5,0.0,0.0,0.0,81,110.0,4.0,650.0,15.2,4.22,9.7,6,100,4940.0,1,0.396
2026-03-03T04:00,2.2,0.3,1.9,0.0,0.0,0.0,80,0.0,9.0,620.0,14.8,3.61,8.9,10,100,5140.0,1,0.415
2026-03-03T05:00,3.4,0.4,3.0,0.0,0.0,0.0,81,50.0,5.0,505.0,14.4,3.46,7.9,3,100,4740.0,1,0.419
2026-03-03T06:00,8.6,0.4,8.2,0.0,0.0,0.0,82,50.0,9.0,645.0,15.5,3.16,7.3,5,100,5320.0,1,0.432
2026-03-03T07:00,0.8,0.7,0.1,0.0,0.0,0.0,53,50.0,4.0,530.0,14.3,3.27,7.4,353,100,2740.0,1,0.412
2026-03-03T08:00,1.7,1.7,0.0,0.0,0.0,0.0,61,80.0,15.0,540.0,14.0,3.42,6.9,354,100,2440.0,1,0.419
2026-03-03T09:00,2.0,1.8,0.2,0.0,0.0,0.0,80,80.0,12.0,490.0,13.5,3.66,7.7,355,100,2620.0,1,0.423
2026-03-03T10:00,1.3,1.3,0.0,0.0,0.0,0.0,61,40.0,7.0,465.0,13.2,2.99,7.4,21,100,2760.0,1,0.421
2026-03-03T11:00,1.1,1.0,0.1,0.0,0.0,0.0,55,10.0,9.0,530.0,13.0,2.77,6.2,347,100,5240.0,0,0.419
2026-03-03T12:00,0.2,0.1,0.1,0.0,0.0,0.0,51,0.0,25.0,525.0,13.2,3.21,6.6,5,100,3240.0,0,0.403
2026-03-03T13:00,0.6,0.6,0.0,0.0,0.0,0.0,53,0.0,44.0,545.0,12.8,3.56,6.8,11,100,5800.0,0,0.403
2026-03-03T14:00,0.2,0.0,0.2,0.0,0.0,0.0,51,0.0,52.0,540.0,12.4,3.55,7.2,1,100,9900.0,0,0.399
2026-03-03T15:00,0.0,0.0,0.0,0.0,0.0,0.0,3,40.0,14.0,540.0,12.4,3.21,7.2,355,100,8140.0,0,0.395
2026-03-03T16:00,0.1,0.0,0.1,0.0,0.0,0.0,51,50.0,0.0,550.0,12.5,3.41,7.4,346,100,4500.0,0,0.392
2026-03-03T17:00,1.0,0.8,0.2,0.0,0.0,0.0,55,50.0,7.0,515.0,12.1,2.55,7.1,16,100,4780.0,0,0.399
2026-03-03T18:00,0.1,0.1,0.0,0.0,0.0,0.0,51,0.0,62.0,495.0,12.3,2.7,5.6,360,100,5020.0,0,0.395
2026-03-03T19:00,0.1,0.1,0.0,0.0,0.0,0.0,51,0.0,48.0,485.0,12.3,2.67,5.6,13,100,6800.0,0,0.393
2026-03-03T20:00,0.3,0.3,0.0,0.0,0.0,0.0,51,30.0,5.0,495.0,12.0,2.7,5.8,11,100,5280.0,0,0.392
2026-03-03T21:00,0.1,0.1,0.0,0.0,0.0,0.0,51,0.0,5.0,515.0,11.9,2.85,5.7,360,100,9500.0,0,0.39
2026-03-03T22:00,0.0,0.0,0.0,0.0,0.0,0.0,3,20.0,18.0,525.0,11.8,2.35,5.8,358,100,10780.0,0,0.387
2026-03-03T23:00,0.0,0.0,0.0,0.0,0.0,0.0,3,0.0,3.0,505.0,12.0,2.15,4.9,357,100,12340.0,1,0.385
2026-03-04T00:00,0.0,0.0,0.0,0.0,0.0,0.0,3,0.0,21.0,445.0,12.1,2.33,5.6,10,100,3720.0,1,0.396
2026-03-04T01:00,0.5,0.5,0.0,0.0,0.0,0.0,53,50.0,5.0,455.0,12.2,2.65,5.2,359,89,5280.0,1,0.399
2026-03-04T02:00,0.1,0.1,0.0,0.0,0.0,0.0,51,0.0,0.0,530.0,14.2,3.27,7.7,11,100,13500.0,1,0.397
2026-03-04T03:00,0.0,0.0,0.0,0.0,0.0,0.0,3,0.0,0.0,635.0,15.5,3.2,7.7,14,100,15900.0,1,0.394
2026-03-04T04:00,0.0,0.0,0.0,0.0,0.0,0.0,3,0.0,1.0,765.0,17.7,2.69,7.5,24,100,17140.0,1,0.391
2026-03-04T05:00,0.1,0.0,0.1,0.0,0.0,0.0,51,0.0,3.0,885.0,18.9,2.62,6.6,45,100,17160.0,1,0.389
2026-03-04T06:00,0.1,0.0,0.1,0.0,0.0,0.0,51,70.0,0.0,720.0,15.8,2.77,6.2,26,100,8600.0,1,0.409
2026-03-04T07:00,0.6,0.0,0.6,0.0,0.0,0.0,53,50.0,5.0,725.0,16.0,2.99,7.0,18,100,7880.0,1,0.409
2026-03-04T08:00,0.5,0.1,0.4,0.0,0.0,0.0,53,0.0,5.0,555.0,15.6,2.23,6.2,20,100,8620.0,1,0.41
2026-03-04T09:00,0.1,0.0,0.1,0.0,0.0,0.0,51,90.0,7.0,540.0,15.6,2.27,4.8,50,99,15940.0,1,0.407
2026-03-04T10:00,2.4,0.1,2.3,0.0,0.0,0.0,80,0.0,13.0,430.0,14.9,2.07,4.7,53,100,4760.0,1,0.421
2026-03-04T11:00,0.4,0.4,0.0,0.0,0.0,0.0,51,60.0,16.0,205.0,14.3,0.74,4.2,70,99,4600.0,0,0.417
2026-03-04T12:00,0.6,0.6,0.0,0.0,0.0,0.0,53,0.0,27.0,420.0,14.7,1.88,1.9,11,100,4460.0,0,0.395
2026-03-04T13:00,2.8,0.5,2.3,0.0,0.0,0.0,81,0.0,16.0,475.0,14.2,2.0,4.0,359,95,4840.0,0,0.423
2026-03-04T14:00,0.2,0.2,0.0,0.0,0.0,0.0,51,50.0,0.0,370.0,14.1,1.37,4.2,336,99,7140.0,0,0.415
2026-03-04T15:00,5.0,0.2,4.8,0.0,0.0,0.0,81,0.0,50.0,360.0,13.7,2.07,4.6,340,99,5180.0,0,0.425
2026-03-04T16:00,0.2,0.2,0.0,0.0,0.0,0.0,51,30.0,39.0,315.0,13.8,1.57,4.2,323,100,8340.0,0,0.418
2026-03-04T17:00,0.0,0.0,0.0,0.0,0.0,0.0,3,40.0,9.0,335.0,13.8,1.24,3.2,346,95,8240.0,0,0.413
2026-03-04T18:00,0.1,0.0,0.1,0.0,0.0,0.0,51,0.0,1.0,330.0,13.7,1.66,3.4,344,73,6660.0,0,0.411
2026-03-04T19:00,0.8,0.1,0.7,0.0,0.0,0.0,53,0.0,24.0,330.0,13.5,1.22,3.3,9,94,7960.0,0,0.417
2026-03-04T20:00,0.0,0.0,0.0,0.0,0.0,0.0,3,10.0,23.0,355.0,13.6,1.31,2.6,353,97,10740.0,0,0.413
2026-03-04T21:00,0.0,0.0,0.0,0.0,0.0,0.0,3,10.0,40.0,390.0,13.5,1.82,3.5,352,99,10900.0,0,0.41
2026-03-04T22:00,0.0,0.0,0.0,0.0,0.0,0.0,3,0.0,62.0,390.0,13.3,2.32,4.5,353,100,10900.0,0,0.408
2026-03-04T23:00,0.0,0.0,0.0,0.0,0.0,0.0,3,0.0,34.0,385.0,13.0,2.5,4.9,357,97,12560.0,1,0.406
2026-03-05T00:00,0.0,0.0,0.0,0.0,0.0,0.0,3,90.0,0.0,395.0,13.5,1.88,5.5,349,96,12580.0,1,0.384
2026-03-05T01:00,0.4,0.0,0.4,0.0,0.0,0.0,51,30.0,6.0,425.0,14.5,1.99,5.0,18,62,6820.0,1,0.387
2026-03-05T02:00,0.1,0.1,0.0,0.0,0.0,0.0,51,10.0,6.0,540.0,16.5,2.55,6.5,20,88,16060.0,1,0.386
2026-03-05T03:00,0.0,0.0,0.0,0.0,0.0,0.0,3,0.0,9.0,810.0,19.7,2.87,7.3,23,98,17320.0,1,0.383
2026-03-05T04:00,0.0,0.0,0.0,0.0,0.0,0.0,3,0.0,13.0,1040.0,21.2,2.99,7.7,18,100,18440.0,1,0.38
2026-03-05T05:00,0.0,0.0,0.0,0.0,0.0,0.0,3,0.0,16.0,1145.0,22.0,2.78,7.7,14,90,18440.0,1,0.377
2026-03-05T06:00,0.0,0.0,0.0,0.0,0.0,0.0,3,0.0,108.0,1180.0,21.4,2.76,7.3,5,100,18440.0,1,0.388
2026-03-05T07:00,0.0,0.0,0.0,0.0,0.0,0.0,3,0.0,91.0,1235.0,21.7,2.84,7.0,9,100,18460.0,1,0.385
2026-03-05T08:00,0.0,0.0,0.0,0.0,0.0,0.0,3,0.0,74.0,1255.0,21.7,2.91,6.8,16,89,18460.0,1,0.382
2026-03-05T09:00,0.0,0.0,0.0,0.0,0.0,0.0,2,0.0,65.0,930.0,21.2,2.98,6.7,29,70,18460.0,1,0.38
2026-03-05T10:00,0.0,0.0,0.0,0.0,0.0,0.0,1,0.0,72.0,680.0,20.1,3.45,6.8,22,38,18480.0,1,0.378
2026-03-05T11:00,0.0,0.0,0.0,0.0,0.0,0.0,3,0.0,127.0,525.0,18.5,3.87,7.7,25,82,17360.0,0,0.377
2026-03-05T12:00,0.0,0.0,0.0,0.0,0.0,0.0,3,100.0,250.0,575.0,18.1,3.76,8.6,25,100,17380.0,0,0.37
2026-03-05T13:00,0.0,0.0,0.0,0.0,0.0,0.0,3,70.0,288.0,655.0,17.7,4.14,8.7,15,100,17380.0,0,0.37
2026-03-05T14:00,0.0,0.0,0.0,0.0,0.0,0.0,3,10.0,248.0,690.0,17.2,3.73,8.5,7,100,17380.0,0,0.369
2026-03-05T15:00,0.0,0.0,0.0,0.0,0.0,0.0,1,0.0,247.0,580.0,16.7,3.34,7.8,9,23,17400.0,0,0.368
2026-03-05T16:00,0.0,0.0,0.0,0.0,0.0,0.0,0,0.0,245.0,560.0,15.2,3.1,6.7,1,13,16160.0,0,0.368
2026-03-05T17:00,0.0,0.0,0.0,0.0,0.0,0.0,0,0.0,244.0,460.0,14.4,2.56,6.3,6,19,16160.0,0,0.367
2026-03-05T18:00,0.0,0.0,0.0,0.0,0.0,0.0,1,0.0,243.0,450.0,14.2,3.01,5.9,356,30,16160.0,0,0.365
2026-03-05T19:00,0.0,0.0,0.0,0.0,0.0,0.0,0,0.0,241.0,550.0,13.8,3.0,6.6,357,7,16180.0,0,0.364
2026-03-05T20:00,0.0,0.0,0.0,0.0,0.0,0.0,1,0.0,240.0,605.0,13.3,2.9,6.4,2,20,16180.0,0,0.364
2026-03-05T21:00,0.0,0.0,0.0,0.0,0.0,0.0,1,0.0,238.0,590.0,13.0,2.36,6.2,5,33,16200.0,0,0.364
2026-03-05T22:00,0.0,0.0,0.0,0.0,0.0,0.0,0,0.0,237.0,535.0,12.6,2.19,5.1,11,5,14160.0,0,0.364
2026-03-05T23:00,0.0,0.0,0.0,0.0,0.0,0.0,0,0.0,235.0,550.0,12.4,2.85,5.8,358,8,14180.0,1,0.364
2026-03-06T00:00,0.0,0.0,0.0,0.0,0.0,0.0,0,0.0,233.0,570.0,13.4,2.8,7.4,1,11,16220.0,1,0.362
2026-03-06T01:00,0.0,0.0,0.0,0.0,0.0,0.0,0,0.0,232.0,685.0,15.2,3.55,8.0,1,17,16220.0,1,0.361
2026-03-06T02:00,0.0,0.0,0.0,0.0,0.0,0.0,1,0.0,230.0,825.0,17.1,3.82,9.1,11,27,17480.0,1,0.359
2026-03-06T03:00,0.0,0.0,0.0,0.0,0.0,0.0,2,0.0,228.0,1045.0,19.8,3.87,9.5,17,64,18600.0,1,0.357
2026-03-06T04:00,0.0,0.0,0.0,0.0,0.0,0.0,3,0.0,226.0,1310.0,21.2,3.74,9.3,23,100,18620.0,1,0.354
2026-03-06T05:00,0.0,0.0,0.0,0.0,0.0,0.0,3,0.0,224.0,1355.0,21.3,3.45,9.1,24,100,18620.0,1,0.352
2026-03-06T06:00,0.0,0.0,0.0,0.0,0.0,0.0,3,0.0,222.0,1300.0,20.6,3.07,8.3,24,100,18620.0,1,0.355
2026-03-06T07:00,0.0,0.0,0.0,0.0,0.0,0.0,3,0.0,220.0,1350.0,21.1,3.29,7.6,33,100,18640.0,1,0.353
2026-03-06T08:00,0.0,0.0,0.0,0.0,0.0,0.0,3,0.0,218.0,1345.0,21.0,3.26,7.6,41,100,18640.0,1,0.352
2026-03-06T09:00,0.0,0.0,0.0,0.0,0.0,0.0,3,0.0,216.0,1360.0,20.7,3.19,7.5,42,100,18660.0,1,0.351
2026-03-06T10:00,0.0,0.0,0.0,0.0,0.0,0.0,3,0.0,214.0,1230.0,19.9,1.72,6.8,60,100,18660.0,1,0.35
2026-03-06T11:00,0.0,0.0,0.0,0.0,0.0,0.0,3,0.0,212.0,80.0,18.3,1.14,3.5,15,100,17540.0,0,0.35
2026-03-06T12:00,0.0,0.0,0.0,0.0,0.0,0.0,1,0.0,210.0,215.0,16.0,2.15,4.1,1,49,16300.0,0,0.358
2026-03-06T13:00,0.0,0.0,0.0,0.0,0.0,0.0,1,0.0,208.0,235.0,15.9,1.92,4.4,7,26,16300.0,0,0.358
2026-03-06T14:00,0.0,0.0,0.0,0.0,0.0,0.0,0,0.0,206.0,125.0,15.1,1.3,3.8,360,5,16300.0,0,0.358
2026-03-06T15:00,0.0,0.0,0.0,0.0,0.0,0.0,0,0.0,203.0,75.0,14.3,1.2,2.8,343,13,16320.0,0,0.358
2026-03-06T16:00,0.0,0.0,0.0,0.0,0.0,0.0,1,0.0,201.0,60.0,13.9,1.11,2.4,342,34,16320.0,0,0.358
2026-03-06T17:00,0.0,0.0,0.0,0.0,0.0,0.0,3,0.0,199.0,45.0,13.6,1.03,2.3,317,100,14280.0,0,0.358
2026-03-06T18:00,0.0,0.0,0.0,0.0,0.0,0.0,2,0.0,197.0,45.0,14.5,0.81,2.0,330,69,14280.0,0,0.358
2026-03-06T19:00,0.0,0.0,0.0,0.0,0.0,0.0,3,0.0,194.0,60.0,13.8,0.96,1.9,351,100,14300.0,0,0.358
2026-03-06T20:00,0.0,0.0,0.0,0.0,0.0,0.0,3,0.0,192.0,65.0,13.9,0.81,2.1,349,100,12820.0,0,0.358
2026-03-06T21:00,0.0,0.0,0.0,0.0,0.0,0.0,3,0.0,189.0,65.0,13.8,1.06,2.3,341,100,12820.0,0,0.358
2026-03-06T22:00,0.0,0.0,0.0,0.0,0.0,0.0,3,0.0,187.0,65.0,13.8,1.12,2.6,328,92,11120.0,0,0.358
2026-03-06T23:00,0.0,0.0,0.0,0.0,0.0,0.0,0,0.0,185.0,65.0,13.6,1.1,2.4,330,18,11140.0,1,0.358
2026-03-07T00:00,0.0,0.0,0.0,0.0,0.0,0.0,0,0.0,182.0,140.0,14.1,1.15,3.2,342,18,14320.0,1,0.358
2026-03-07T01:00,0.0,0.0,0.0,0.0,0.0,0.0,2,0.0,180.0,345.0,16.5,1.42,4.4,342,67,17640.0,1,0.357
2026-03-07T02:00,0.0,0.0,0.0,0.0,0.0,0.0,2,0.0,177.0,545.0,18.7,1.9,5.6,2,63,17660.0,1,0.356
2026-03-07T03:00,0.0,0.0,0.0,0.0,0.0,0.0,0,0.0,175.0,775.0,20.6,2.07,6.3,7,5,18800.0,1,0.354
2026-03-07T04:00,0.0,0.0,0.0,0.0,0.0,0.0,0,0.0,173.0,1115.0,22.2,1.9,6.2,357,13,18800.0,1,0.351
2026-03-07T05:00,0.0,0.0,0.0,0.0,0.0,0.0,2,0.0,170.0,1500.0,23.5,1.65,6.1,360,73,19800.0,1,0.347
2026-03-07T06:00,0.0,0.0,0.0,0.0,0.0,0.0,3,0.0,168.0,1510.0,22.7,0.82,5.6,346,100,19800.0,1,0.347
2026-03-07T07:00,0.0,0.0,0.0,0.0,0.0,0.0,3,0.0,165.0,1560.0,23.5,1.2,4.2,355,99,19800.0,1,0.345
2026-03-07T08:00,0.0,0.0,0.0,0.0,0.0,0.0,3,0.0,163.0,1605.0,23.5,1.97,5.0,9,100,19820.0,1,0.344
2026-03-07T09:00,0.0,0.0,0.0,0.0,0.0,0.0,3,0.0,160.0,545.0,22.4,2.62,5.3,352,88,18840.0,1,0.343
2026-03-07T10:00,0.0,0.0,0.0,0.0,0.0,0.0,0,0.0,158.0,170.0,20.8,1.65,5.7,346,10,17720.0,1,0.343
2026-03-07T11:00,0.0,0.0,0.0,0.0,0.0,0.0,0,0.0,155.0,35.0,18.5,0.62,2.8,346,14,17720.0,0,0.343
2026-03-07T12:00,0.0,0.0,0.0,0.0,0.0,0.0,0,0.0,153.0,70.0,18.0,0.96,2.0,351,9,17720.0,0,0.333
2026-03-07T13:00,0.0,0.0,0.0,0.0,0.0,0.0,3,0.0,150.0,50.0,17.3,1.1,2.0,355,84,17740.0,0,0.333
2026-03-07T14:00,0.0,0.0,0.0,0.0,0.0,0.0,3,0.0,148.0,20.0,17.7,0.34,2.0,207,100,17740.0,0,0.333
2026-03-07T15:00,0.0,0.0,0.0,0.0,0.0,0.0,3,0.0,145.0,125.0,17.4,1.65,3.1,180,97,16480.0,0,0.333
2026-03-07T16:00,0.0,0.0,0.0,0.0,0.0,0.0,0,0.0,143.0,225.0,16.5,1.55,3.1,182,12,14420.0,0,0.334
2026-03-07T17:00,0.0,0.0,0.0,0.0,0.0,0.0,0,0.0,141.0,85.0,14.7,1.25,3.1,182,1,12940.0,0,0.334
2026-03-07T18:00,0.0,0.0,0.0,0.0,0.0,0.0,0,0.0,138.0,85.0,14.3,1.04,2.5,163,0,11220.0,0,0.324
2026-03-07T19:00,0.0,0.0,0.0,0.0,0.0,0.0,0,0.0,136.0,60.0,13.7,0.83,2.0,155,0,7940.0,0,0.325
2026-03-07T20:00,0.0,0.0,0.0,0.0,0.0,0.0,0,0.0,133.0,50.0,13.2,0.65,1.7,157,1,7940.0,0,0.325
2026-03-07T21:00,0.0,0.0,0.0,0.0,0.0,0.0,0,0.0,131.0,35.0,12.9,0.52,1.4,163,3,7940.0,0,0.326
2026-03-07T22:00,0.0,0.0,0.0,0.0,0.0,0.0,1,0.0,129.0,30.0,13.0,0.18,1.2,124,20,7940.0,0,0.326
2026-03-07T23:00,0.0,0.0,0.0,0.0,0.0,0.0,1,0.0,126.0,35.0,12.9,0.61,1.2,81,20,7940.0,1,0.326
2026-03-08T00:00,0.0,0.0,0.0,0.0,0.0,0.0,1,0.0,124.0,110.0,14.8,0.4,2.5,83,30,11260.0,1,0.32
2026-03-08T01:00,0.0,0.0,0.0,0.0,0.0,0.0,0,0.0,122.0,315.0,17.3,0.66,3.3,9,0,14480.0,1,0.319
2026-03-08T02:00,0.0,0.0,0.0,0.0,0.0,0.0,0,0.0,119.0,650.0,19.6,1.63,5.2,11,0,17840.0,1,0.318
2026-03-08T03:00,0.0,0.0,0.0,0.0,0.0,0.0,1,0.0,117.0,1020.0,21.9,1.87,6.0,16,35,18980.0,1,0.316
2026-03-08T04:00,0.0,0.0,0.0,0.0,0.0,0.0,2,0.0,115.0,1360.0,23.6,1.35,5.9,360,64,19000.0,1,0.313
2026-03-08T05:00,0.0,0.0,0.0,0.0,0.0,0.0,3,0.0,113.0,1435.0,24.9,1.59,5.4,332,100,19980.0,1,0.311
2026-03-08T06:00,0.0,0.0,0.0,0.0,0.0,0.0,2,0.0,111.0,1390.0,23.9,0.46,5.7,13,50,20000.0,1,0.311
2026-03-08T07:00,0.0,0.0,0.0,0.0,0.0,0.0,0,0.0,108.0,1280.0,24.5,0.99,4.0,330,9,20000.0,1,0.309
2026-03-08T08:00,0.0,0.0,0.0,0.0,0.0,0.0,0,0.0,106.0,1110.0,24.6,1.66,4.7,327,7,20020.0,1,0.307
2026-03-08T09:00,0.0,0.0,0.0,0.0,0.0,0.0,0,0.0,104.0,840.0,24.2,1.77,4.7,338,12,20020.0,1,0.306
2026-03-08T10:00,0.0,0.0,0.0,0.0,0.0,0.0,1,0.0,102.0,110.0,22.0,1.1,3.9,330,25,19040.0,1,0.306
2026-03-08T11:00,0.0,0.0,0.0,0.0,0.0,0.0,1,0.0,100.0,20.0,20.9,0.25,1.8,323,24,19040.0,0,0.306
2026-03-08T12:00,0.0,0.0,0.0,0.0,0.0,0.0,0,0.0,98.0,25.0,19.6,0.49,0.8,24,10,17900.0,0,0.296
2026-03-08T13:00,0.0,0.0,0.0,0.0,0.0,0.0,1,0.0,96.0,35.0,18.1,1.08,2.0,22,38,16640.0,0,0.297
2026-03-08T14:00,0.0,0.0,0.0,0.0,0.0,0.0,2,0.0,95.0,30.0,17.8,0.72,2.1,12,59,16640.0,0,0.297
2026-03-08T15:00,0.0,0.0,0.0,0.0,0.0,0.0,1,0.0,93.0,30.0,17.7,0.51,1.6,11,44,16660.0,0,0.298
2026-03-08T16:00,0.0,0.0,0.0,0.0,0.0,0.0,1,0.0,91.0,40.0,16.8,0.89,1.8,38,42,16660.0,0,0.298
2026-03-08T17:00,0.0,0.0,0.0,0.0,0.0,0.0,2,0.0,89.0,65.0,16.1,1.29,2.5,13,70,16660.0,0,0.298
2026-03-08T18:00,0.0,0.0,0.0,0.0,0.0,0.0,3,10.0,88.0,55.0,16.8,0.96,3.2,28,99,14600.0,0,0.292
2026-03-08T19:00,0.2,0.0,0.2,0.0,0.0,0.0,51,20.0,86.0,165.0,17.1,1.55,3.0,4,52,14600.0,0,0.294
2026-03-08T20:00,0.4,0.0,0.4,0.0,0.0,0.0,51,0.0,84.0,360.0,16.4,1.85,3.5,357,100,14600.0,0,0.298
2026-03-08T21:00,0.0,0.0,0.0,0.0,0.0,0.0,3,0.0,83.0,410.0,16.3,2.39,4.5,11,91,14620.0,0,0.298
2026-03-08T22:00,0.0,0.0,0.0,0.0,0.0,0.0,3,0.0,53.0,450.0,15.7,2.4,4.7,4,100,6080.0,0,0.299
2026-03-08T23:00,0.1,0.1,0.0,0.0,0.0,0.0,51,0.0,77.0,460.0,15.5,2.65,5.1,2,99,10240.0,1,0.3
2026-03-09T00:00,0.0,0.0,0.0,0.0,0.0,0.0,0,0.0,80.0,440.0,16.1,2.27,6.3,352,14,14060.0,1,0.303
2026-03-09T01:00,0.0,0.0,0.0,0.0,0.0,0.0,1,0.0,80.0,620.0,17.9,2.61,6.5,5,23,16600.0,1,0.302
2026-03-09T02:00,0.0,0.0,0.0,0.0,0.0,0.0,3,0.0,80.0,865.0,20.0,3.87,9.0,27,91,18020.0,1,0.301
2026-03-09T03:00,0.0,0.0,0.0,0.0,0.0,0.0,3,0.0,79.0,970.0,20.7,3.85,9.1,23,90,18020.0,1,0.299
2026-03-09T04:00,0.0,0.0,0.0,0.0,0.0,0.0,3,0.0,79.0,1120.0,21.5,3.49,9.0,24,92,19180.0,1,0.297
2026-03-09T05:00,0.0,0.0,0.0,0.0,0.0,0.0,2,0.0,79.0,1120.0,21.6,3.94,9.2,15,58,19200.0,1,0.295
2026-03-09T06:00,0.0,0.0,0.0,0.0,0.0,0.0,3,0.0,79.0,1180.0,21.9,3.76,10.1,10,97,19200.0,1,0.299
2026-03-09T07:00,0.0,0.0,0.0,0.0,0.0,0.0,3,0.0,79.0,1115.0,21.5,4.61,10.4,3,86,19200.0,1,0.297
2026-03-09T08:00,0.0,0.0,0.0,0.0,0.0,0.0,1,0.0,79.0,1135.0,21.1,4.86,10.5,12,47,19220.0,1,0.295
2026-03-09T09:00,0.0,0.0,0.0,0.0,0.0,0.0,2,0.0,78.0,685.0,18.6,5.41,11.5,16,52,18080.0,1,0.294
2026-03-09T10:00,0.0,0.0,0.0,0.0,0.0,0.0,3,0.0,78.0,745.0,17.2,4.8,11.3,14,86,18080.0,1,0.293
2026-03-09T11:00,0.0,0.0,0.0,0.0,0.0,0.0,3,0.0,78.0,765.0,16.3,4.92,10.2,10,100,18100.0,0,0.293
2026-03-09T12:00,0.0,0.0,0.0,0.0,0.0,0.0,3,0.0,78.0,725.0,16.3,4.58,10.4,14,98,16800.0,0,0.291
2026-03-09T13:00,0.0,0.0,0.0,0.0,0.0,0.0,3,0.0,78.0,725.0,15.4,4.09,9.7,12,100,16820.0,0,0.291
2026-03-09T14:00,0.0,0.0,0.0,0.0,0.0,0.0,3,0.0,78.0,710.0,14.7,3.63,8.5,7,100,16820.0,0,0.291
2026-03-09T15:00,0.1,0.1,0.0,0.0,0.0,0.0,51,0.0,77.0,715.0,14.2,3.56,7.8,5,100,5620.0,0,0.292
2026-03-09T16:00,0.2,0.2,0.0,0.0,0.0,0.0,51,10.0,77.0,685.0,13.6,3.61,8.0,10,100,7880.0,0,0.293
2026-03-09T17:00,0.1,0.1,0.0,0.0,0.0,0.0,51,0.0,77.0,615.0,13.3,2.86,7.6,5,100,6380.0,0,0.295
2026-03-09T18:00,0.2,0.2,0.0,0.0,0.0,0.0,51,0.0,77.0,600.0,13.7,3.1,6.4,1,100,5360.0,0,0.297
2026-03-09T19:00,0.5,0.5,0.0,0.0,0.0,0.0,53,0.0,77.0,560.0,13.2,3.35,6.5,2,100,3380.0,0,0.302
2026-03-09T20:00,0.8,0.8,0.0,0.0,0.0,0.0,53,0.0,76.0,575.0,12.7,2.95,6.6,2,100,5700.0,0,0.311
2026-03-09T21:00,0.1,0.1,0.0,0.0,0.0,0.0,51,0.0,76.0,575.0,12.7,2.92,6.4,7,100,9580.0,0,0.312
2026-03-09T22:00,0.0,0.0,0.0,0.0,0.0,0.0,3,0.0,76.0,570.0,12.6,2.81,5.8,5,100,6520.0,0,0.312
2026-03-09T23:00,0.1,0.1,0.0,0.0,0.0,0.0,51,0.0,76.0,570.0,12.6,2.91,5.9,4,100,9220.0,1,0.313
2026-03-10T00:00,0.0,0.0,0.0,0.0,0.0,0.0,3,0.0,76.0,545.0,13.0,2.41,5.9,6,100,6720.0,1,0.302
2026-03-10T01:00,0.1,0.1,0.0,0.0,0.0,0.0,51,0.0,75.0,550.0,13.2,2.86,6.1,12,100,6660.0,1,0.304
2026-03-10T02:00,0.1,0.1,0.0,0.0,0.0,0.0,51,0.0,75.0,580.0,13.8,3.61,7.8,19,100,13680.0,1,0.304
2026-03-10T03:00,0.0,0.0,0.0,0.0,0.0,0.0,3,0.0,75.0,855.0,16.8,3.36,9.0,30,92,18240.0,1,0.303
2026-03-10T04:00,0.0,0.0,0.0,0.0,0.0,0.0,3,0.0,75.0,1130.0,18.7,2.62,8.0,35,100,19420.0,1,0.301
2026-03-10T05:00,0.0,0.0,0.0,0.0,0.0,0.0,3,0.0,74.0,1235.0,19.3,2.27,6.9,22,100,19420.0,1,0.299
2026-03-10T06:00,0.0,0.0,0.0,0.0,0.0,0.0,3,0.0,74.0,1155.0,18.4,2.03,6.3,10,100,19440.0,1,0.301
2026-03-10T07:00,0.0,0.0,0.0,0.0,0.0,0.0,3,10.0,74.0,1200.0,18.9,2.26,6.0,5,100,19440.0,1,0.3
2026-03-10T08:00,0.0,0.0,0.0,0.0,0.0,0.0,3,10.0,74.0,1220.0,18.6,2.23,6.0,9,100,19440.0,1,0.299
2026-03-10T09:00,0.0,0.0,0.0,0.0,0.0,0.0,3,0.0,73.0,1220.0,18.5,2.36,5.7,13,100,19460.0,1,0.298
2026-03-10T10:00,0.0,0.0,0.0,0.0,0.0,0.0,3,10.0,73.0,690.0,18.0,1.32,5.6,29,100,19480.0,1,0.298
2026-03-10T11:00,0.0,0.0,0.0,0.0,0.0,0.0,3,0.0,73.0,40.0,17.1,0.45,2.6,63,100,18300.0,0,0.298
2026-03-10T12:00,0.0,0.0,0.0,0.0,0.0,0.0,3,0.0,73.0,330.0,16.1,0.9,1.7,19,100,18320.0,0,0.297
2026-03-10T13:00,0.0,0.0,0.0,0.0,0.0,0.0,3,0.0,72.0,290.0,16.0,0.84,2.1,17,100,17020.0,0,0.297
2026-03-10T14:00,0.0,0.0,0.0,0.0,0.0,0.0,3,0.0,72.0,235.0,15.5,0.7,1.9,360,95,17020.0,0,0.298
2026-03-10T15:00,0.0,0.0,0.0,0.0,0.0,0.0,0,0.0,72.0,125.0,15.1,0.68,1.5,343,0,17040.0,0,0.298
2026-03-10T16:00,0.0,0.0,0.0,0.0,0.0,0.0,0,0.0,72.0,60.0,13.6,0.83,1.7,335,0,17040.0,0,0.298
2026-03-10T17:00,0.0,0.0,0.0,0.0,0.0,0.0,0,0.0,71.0,40.0,13.3,0.36,1.6,344,1,14920.0,0,0.298
2026-03-10T18:00,0.0,0.0,0.0,0.0,0.0,0.0,0,0.0,71.0,35.0,12.9,0.43,0.9,21,5,14940.0,0,0.296
2026-03-10T19:00,0.0,0.0,0.0,0.0,0.0,0.0,0,0.0,71.0,35.0,12.2,0.34,1.0,27,10,11620.0,0,0.296
2026-03-10T20:00,0.0,0.0,0.0,0.0,0.0,0.0,0,0.0,71.0,30.0,11.6,0.45,1.1,27,12,8220.0,0,0.296
2026-03-10T21:00,0.0,0.0,0.0,0.0,0.0,0.0,3,0.0,70.0,25.0,11.1,0.36,1.1,16,98,660.0,0,0.296
2026-03-10T22:00,0.0,0.0,0.0,0.0,0.0,0.0,3,0.0,70.0,35.0,10.8,0.4,1.1,360,97,160.0,0,0.297
2026-03-10T23:00,0.0,0.0,0.0,0.0,0.0,0.0,3,0.0,70.0,35.0,10.9,0.5,1.3,354,98,100.0,1,0.297
2026-03-11T00:00,0.0,0.0,0.0,0.0,0.0,0.0,0,0.0,70.0,120.0,12.8,0.71,2.7,352,16,11660.0,1,0.303
2026-03-11T01:00,0.0,0.0,0.0,0.0,0.0,0.0,0,0.0,69.0,340.0,15.3,0.96,3.8,6,1,17120.0,1,0.303
2026-03-11T02:00,0.0,0.0,0.0,0.0,0.0,0.0,0,0.0,69.0,640.0,17.6,1.21,4.8,24,0,18460.0,1,0.302
2026-03-11T03:00,0.0,0.0,0.0,0.0,0.0,0.0,0,0.0,69.0,950.0,19.4,1.17,5.0,10,2,19640.0,1,0.299
2026-03-11T04:00,0.0,0.0,0.0,0.0,0.0,0.0,1,0.0,68.0,1360.0,21.3,1.74,5.7,321,46,19640.0,1,0.297
2026-03-11T05:00,0.0,0.0,0.0,0.0,0.0,0.0,1,0.0,68.0,1495.0,22.0,2.02,6.2,314,45,20680.0,1,0.294
2026-03-11T06:00,0.0,0.0,0.0,0.0,0.0,0.0,1,0.0,68.0,1580.0,21.9,1.61,6.2,306,34,20700.0,1,0.292
2026-03-11T07:00,0.0,0.0,0.0,0.0,0.0,0.0,2,0.0,68.0,1660.0,23.0,0.92,5.2,292,52,20700.0,1,0.289
2026-03-11T08:00,0.0,0.0,0.0,0.0,0.0,0.0,2,0.0,67.0,1810.0,23.3,0.22,4.1,333,71,20720.0,1,0.287
2026-03-11T09:00,0.0,0.0,0.0,0.0,0.0,0.0,1,0.0,67.0,1515.0,22.7,0.18,2.6,326,30,20720.0,1,0.287
2026-03-11T10:00,0.0,0.0,0.0,0.0,0.0,0.0,0,0.0,67.0,35.0,20.7,0.85,1.5,242,4,19700.0,1,0.287
2026-03-11T11:00,0.0,0.0,0.0,0.0,0.0,0.0,0,0.0,66.0,25.0,18.4,0.46,1.4,229,1,19720.0,0,0.287
2026-03-11T12:00,0.0,0.0,0.0,0.0,0.0,0.0,0,0.0,66.0,10.0,17.3,0.11,0.7,153,0,18540.0,0,0.275
2026-03-11T13:00,0.0,0.0,0.0,0.0,0.0,0.0,0,0.0,66.0,15.0,16.2,0.22,0.8,117,0,18560.0,0,0.276
2026-03-11T14:00,0.0,0.0,0.0,0.0,0.0,0.0,0,0.0,65.0,10.0,15.5,0.1,0.7,180,0,17240.0,0,0.276
2026-03-11T15:00,0.0,0.0,0.0,0.0,0.0,0.0,0,0.0,65.0,25.0,14.4,0.55,1.1,175,0,15100.0,0,0.276
2026-03-11T16:00,0.0,0.0,0.0,0.0,0.0,0.0,0,0.0,65.0,30.0,13.5,0.73,1.7,164,0,13540.0,0,0.277
2026-03-11T17:00,0.0,0.0,0.0,0.0,0.0,0.0,0,0.0,65.0,30.0,13.0,0.65,1.5,157,0,13560.0,0,0.277
2026-03-11T18:00,0.0,0.0,0.0,0.0,0.0,0.0,0,0.0,64.0,20.0,13.0,0.41,1.4,166,9,1560.0,0,0.279
2026-03-11T19:00,0.0,0.0,0.0,0.0,0.0,0.0,1,0.0,64.0,30.0,12.5,0.4,1.0,180,36,380.0,0,0.28
2026-03-11T20:00,0.0,0.0,0.0,0.0,0.0,0.0,3,0.0,64.0,10.0,12.3,0.05,0.8,90,98,180.0,0,0.28
2026-03-11T21:00,0.0,0.0,0.0,0.0,0.0,0.0,3,0.0,63.0,15.0,11.6,0.16,1.0,72,98,80.0,0,0.281
2026-03-11T22:00,0.0,0.0,0.0,0.0,0.0,0.0,3,0.0,63.0,15.0,11.6,0.35,1.5,352,98,100.0,0,0.281
2026-03-11T23:00,0.0,0.0,0.0,0.0,0.0,0.0,3,0.0,63.0,55.0,11.9,0.78,2.5,333,98,80.0,1,0.281
2026-03-12T00:00,0.0,0.0,0.0,0.0,0.0,0.0,3,0.0,62.0,100.0,12.9,1.08,3.4,326,98,180.0,1,0.285
2026-03-12T01:00,0.0,0.0,0.0,0.0,0.0,0.0,0,0.0,62.0,155.0,15.4,0.83,3.7,303,2,15180.0,1,0.285
2026-03-12T02:00,0.0,0.0,0.0,0.0,0.0,0.0,0,0.0,62.0,605.0,19.4,1.54,5.1,347,0,19880.0,1,0.284
2026-03-12T03:00,0.0,0.0,0.0,0.0,0.0,0.0,0,0.0,61.0,1110.0,22.2,2.66,7.1,12,0,20920.0,1,0.281
2026-03-12T04:00,0.0,0.0,0.0,0.0,0.0,0.0,0,0.0,61.0,1410.0,23.9,3.63,8.9,23,0,22940.0,1,0.278
2026-03-12T05:00,0.0,0.0,0.0,0.0,0.0,0.0,0,0.0,61.0,1580.0,24.9,3.85,9.2,23,0,22960.0,1,0.275
2026-03-12T06:00,0.0,0.0,0.0,0.0,0.0,0.0,0,0.0,60.0,1700.0,25.2,3.43,9.3,19,0,23560.0,1,0.267
2026-03-12T07:00,0.0,0.0,0.0,0.0,0.0,0.0,0,0.0,60.0,1750.0,25.7,3.65,8.6,17,0,23560.0,1,0.263
2026-03-12T08:00,0.0,0.0,0.0,0.0,0.0,0.0,0,0.0,60.0,1725.0,25.3,3.64,8.5,13,0,23580.0,1,0.26
2026-03-12T09:00,0.0,0.0,0.0,0.0,0.0,0.0,0,0.0,59.0,1715.0,24.4,3.16,8.0,5,0,23000.0,1,0.259
2026-03-12T10:00,0.0,0.0,0.0,0.0,0.0,0.0,0,0.0,59.0,345.0,21.8,3.05,6.3,358,0,23020.0,1,0.258
2026-03-12T11:00,0.0,0.0,0.0,0.0,0.0,0.0,0,0.0,59.0,380.0,19.5,2.83,5.9,13,0,23020.0,0,0.258
2026-03-12T12:00,0.0,0.0,0.0,0.0,0.0,0.0,0,0.0,58.0,305.0,18.8,3.05,6.6,21,0,21020.0,0,0.258
2026-03-12T13:00,0.0,0.0,0.0,0.0,0.0,0.0,0,0.0,58.0,310.0,18.2,2.41,6.5,13,0,21020.0,0,0.257
2026-03-12T14:00,0.0,0.0,0.0,0.0,0.0,0.0,0,0.0,58.0,240.0,16.6,1.88,5.0,11,0,20000.0,0,0.257
2026-03-12T15:00,0.0,0.0,0.0,0.0,0.0,0.0,0,0.0,57.0,170.0,15.3,1.65,4.1,3,0,20000.0,0,0.257
2026-03-12T16:00,0.0,0.0,0.0,0.0,0.0,0.0,0,0.0,57.0,140.0,14.7,1.26,3.6,7,0,20020.0,0,0.257
2026-03-12T17:00,0.0,0.0,0.0,0.0,0.0,0.0,0,0.0,57.0,75.0,14.1,1.07,3.0,28,0,20020.0,0,0.258
2026-03-12T18:00,0.0,0.0,0.0,0.0,0.0,0.0,0,0.0,56.0,85.0,14.1,1.22,3.1,19,0,18840.0,0,0.256
2026-03-12T19:00,0.0,0.0,0.0,0.0,0.0,0.0,0,0.0,56.0,260.0,13.6,1.66,3.6,355,0,20040.0,0,0.256
2026-03-12T20:00,0.0,0.0,0.0,0.0,0.0,0.0,0,0.0,56.0,170.0,12.7,1.41,3.6,354,0,18860.0,0,0.256
2026-03-12T21:00,0.0,0.0,0.0,0.0,0.0,0.0,0,0.0,55.0,65.0,11.9,1.1,3.0,3,0,18860.0,0,0.256
2026-03-12T22:00,0.0,0.0,0.0,0.0,0.0,0.0,0,0.0,55.0,45.0,11.5,0.75,2.5,356,0,18880.0,0,0.257
2026-03-12T23:00,0.0,0.0,0.0,0.0,0.0,0.0,0,0.0,55.0,45.0,11.2,0.81,2.0,7,0,17540.0,1,0.257
2026-03-13T00:00,0.0,0.0,0.0,0.0,0.0,0.0,0,0.0,54.0,100.0,14.0,1.08,2.9,13,0,18900.0,1,0.261
2026-03-13T01:00,0.0,0.0,0.0,0.0,0.0,0.0,0,0.0,54.0,450.0,16.7,1.49,4.5,20,0,20120.0,1,0.26
2026-03-13T02:00,0.0,0.0,0.0,0.0,0.0,0.0,0,0.0,54.0,915.0,19.1,2.27,6.3,41,1,21160.0,1,0.258
2026-03-13T03:00,0.0,0.0,0.0,0.0,0.0,0.0,1,0.0,53.0,1180.0,20.7,2.58,7.1,47,28,23220.0,1,0.256
2026-03-13T04:00,0.0,0.0,0.0,0.0,0.0,0.0,1,0.0,53.0,1345.0,21.9,2.55,7.2,50,30,23220.0,1,0.253
2026-03-13T05:00,0.0,0.0,0.0,0.0,0.0,0.0,0,0.0,53.0,1410.0,22.8,2.42,7.2,52,8,23240.0,1,0.25
2026-03-13T06:00,0.0,0.0,0.0,0.0,0.0,0.0,1,0.0,52.0,1575.0,23.1,1.77,7.0,43,28,23260.0,1,0.24
2026-03-13T07:00,0.0,0.0,0.0,0.0,0.0,0.0,1,0.0,52.0,1625.0,23.6,1.77,5.6,50,32,23260.0,1,0.237
2026-03-13T08:00,0.0,0.0,0.0,0.0,0.0,0.0,0,0.0,52.0,1660.0,23.4,1.87,5.5,44,14,23280.0,1,0.234
2026-03-13T09:00,0.0,0.0,0.0,0.0,0.0,0.0,0,0.0,51.0,1700.0,22.9,1.98,5.1,21,7,23280.0,1,0.233
2026-03-13T10:00,0.0,0.0,0.0,0.0,0.0,0.0,0,0.0,51.0,150.0,20.2,1.18,4.3,12,11,23300.0,1,0.232
2026-03-13T11:00,0.0,0.0,0.0,0.0,0.0,0.0,0,0.0,51.0,65.0,18.1,1.06,2.6,98,5,23320.0,0,0.233
2026-03-13T12:00,0.0,0.0,0.0,0.0,0.0,0.0,0,0.0,50.0,175.0,16.5,2.81,5.1,184,0,19020.0,0,0.232
2026-03-13T13:00,0.0,0.0,0.0,0.0,0.0,0.0,0,0.0,50.0,215.0,15.1,2.06,5.7,186,0,19020.0,0,0.232
2026-03-13T14:00,0.0,0.0,0.0,0.0,0.0,0.0,0,0.0,50.0,135.0,13.8,1.55,4.1,184,0,17680.0,0,0.232
2026-03-13T15:00,0.0,0.0,0.0,0.0,0.0,0.0,0,0.0,49.0,50.0,12.8,1.0,3.2,174,0,17680.0,0,0.232
2026-03-13T16:00,0.0,0.0,0.0,0.0,0.0,0.0,0,0.0,49.0,40.0,12.1,0.95,2.1,183,0,15480.0,0,0.232
2026-03-13T17:00,0.0,0.0,0.0,0.0,0.0,0.0,0,0.0,49.0,40.0,11.4,0.93,2.0,164,3,15500.0,0,0.232
2026-03-13T18:00,0.0,0.0,0.0,0.0,0.0,0.0,0,0.0,48.0,25.0,11.4,0.57,2.0,135,5,13900.0,0,0.228
2026-03-13T19:00,0.0,0.0,0.0,0.0,0.0,0.0,0,0.0,48.0,20.0,10.5,0.49,1.5,135,16,12080.0,0,0.228
2026-03-13T20:00,0.0,0.0,0.0,0.0,0.0,0.0,1,0.0,48.0,15.0,9.9,0.32,1.3,129,22,8540.0,0,0.229
2026-03-13T21:00,0.0,0.0,0.0,0.0,0.0,0.0,3,0.0,47.0,15.0,9.2,0.34,1.1,117,97,240.0,0,0.229
2026-03-13T22:00,0.0,0.0,0.0,0.0,0.0,0.0,3,0.0,47.0,15.0,8.5,0.5,1.4,127,98,100.0,0,0.229
2026-03-13T23:00,0.0,0.0,0.0,0.0,0.0,0.0,3,0.0,47.0,10.0,8.2,0.65,2.5,212,100,80.0,1,0.229
2026-03-14T00:00,0.0,0.0,0.0,0.0,0.0,0.0,3,0.0,46.0,45.0,9.9,0.21,2.6,225,100,220.0,1,0.221
2026-03-14T01:00,0.0,0.0,0.0,0.0,0.0,0.0,0,0.0,46.0,235.0,14.2,0.57,3.4,15,0,19140.0,1,0.22
2026-03-14T02:00,0.0,0.0,0.0,0.0,0.0,0.0,0,0.0,46.0,535.0,17.3,1.32,4.8,29,0,21440.0,1,0.219
2026-03-14T03:00,0.0,0.0,0.0,0.0,0.0,0.0,0,0.0,45.0,815.0,19.3,1.38,5.3,19,0,21440.0,1,0.217
2026-03-14T04:00,0.0,0.0,0.0,0.0,0.0,0.0,0,0.0,45.0,930.0,20.9,1.05,5.3,25,0,23520.0,1,0.214
2026-03-14T05:00,0.0,0.0,0.0,0.0,0.0,0.0,0,0.0,45.0,1100.0,22.2,0.63,4.9,29,0,23540.0,1,0.211
2026-03-14T06:00,0.0,0.0,0.0,0.0,0.0,0.0,0,0.0,44.0,1295.0,22.9,0.4,4.4,173,0,24160.0,1,0.202
2026-03-14T07:00,0.0,0.0,0.0,0.0,0.0,0.0,0,0.0,44.0,1415.0,24.1,0.21,3.7,284,0,24160.0,1,0.2
2026-03-14T08:00,0.0,0.0,0.0,0.0,0.0,0.0,0,0.0,44.0,1580.0,24.2,0.2,3.3,90,0,24180.0,1,0.198
2026-03-14T09:00,0.0,0.0,0.0,0.0,0.0,0.0,0,0.0,43.0,1605.0,23.7,0.83,2.7,147,0,24200.0,1,0.196
2026-03-14T10:00,0.0,0.0,0.0,0.0,0.0,0.0,0,0.0,43.0,30.0,20.9,0.57,2.4,165,0,23600.0,1,0.196
2026-03-14T11:00,0.0,0.0,0.0,0.0,0.0,0.0,0,0.0,43.0,15.0,18.5,0.29,1.3,211,2,21540.0,0,0.196
2026-03-14T12:00,0.0,0.0,0.0,0.0,0.0,0.0,0,0.0,42.0,20.0,18.2,0.28,0.8,225,0,20480.0,0,0.198
2026-03-14T13:00,0.0,0.0,0.0,0.0,0.0,0.0,0,0.0,42.0,40.0,17.4,0.74,1.3,200,0,20500.0,0,0.198
2026-03-14T14:00,0.0,0.0,0.0,0.0,0.0,0.0,0,0.0,42.0,75.0,15.9,1.44,2.7,194,0,19280.0,0,0.198
2026-03-14T15:00,0.0,0.0,0.0,0.0,0.0,0.0,0,0.0,41.0,60.0,14.8,1.46,2.8,188,0,17900.0,0,0.198
2026-03-14T16:00,0.0,0.0,0.0,0.0,0.0,0.0,0,0.0,41.0,50.0,13.9,1.4,2.9,176,0,15680.0,0,0.199
2026-03-14T17:00,0.0,0.0,0.0,0.0,0.0,0.0,0,0.0,41.0,35.0,13.1,1.12,2.9,170,0,14080.0,0,0.199
2026-03-14T18:00,0.0,0.0,0.0,0.0,0.0,0.0,0,0.0,40.0,35.0,13.1,0.9,2.3,146,2,12220.0,0,0.199
2026-03-14T19:00,0.0,0.0,0.0,0.0,0.0,0.0,0,0.0,40.0,30.0,12.3,0.78,1.9,153,6,8640.0,0,0.199
2026-03-14T20:00,0.0,0.0,0.0,0.0,0.0,0.0,0,0.0,40.0,25.0,12.1,0.54,1.7,158,2,8640.0,0,0.199
2026-03-14T21:00,0.0,0.0,0.0,0.0,0.0,0.0,0,0.0,39.0,25.0,11.9,0.49,1.3,156,0,8640.0,0,0.2
2026-03-14T22:00,0.0,0.0,0.0,0.0,0.0,0.0,0,0.0,39.0,30.0,11.8,0.45,1.2,153,9,3220.0,0,0.2
2026-03-14T23:00,0.0,0.0,0.0,0.0,0.0,0.0,3,0.0,39.0,20.0,12.0,0.36,1.1,164,100,320.0,1,0.2
2026-03-15T00:00,0.0,0.0,0.0,0.0,0.0,0.0,3,0.0,38.0,45.0,13.5,0.74,2.5,152,98,8660.0,1,0.199
2026-03-15T01:00,0.0,0.0,0.0,0.0,0.0,0.0,0,0.0,38.0,235.0,17.1,0.58,3.3,149,0,18000.0,1,0.198
2026-03-15T02:00,0.0,0.0,0.0,0.0,0.0,0.0,0,0.0,38.0,450.0,19.9,0.61,4.0,145,0,19400.0,1,0.198
2026-03-15T03:00,0.0,0.0,0.0,0.0,0.0,0.0,0,0.0,37.0,735.0,22.1,0.27,4.0,202,0,20640.0,1,0.196
2026-03-15T04:00,0.0,0.0,0.0,0.0,0.0,0.0,0,0.0,37.0,1310.0,23.7,0.38,4.0,23,5,20660.0,1,0.193
2026-03-15T05:00,0.0,0.0,0.0,0.0,0.0,0.0,0,0.0,37.0,1410.0,24.6,0.87,4.6,24,12,21740.0,1,0.19
2026-03-15T06:00,0.0,0.0,0.0,0.0,0.0,0.0,0,0.0,36.0,1805.0,25.2,0.6,5.0,90,6,21760.0,1,0.184
2026-03-15T07:00,0.0,0.0,0.0,0.0,0.0,0.0,1,0.0,36.0,1970.0,26.2,0.7,4.2,111,20,23860.0,1,0.182
2026-03-15T08:00,0.0,0.0,0.0,0.0,0.0,0.0,0,0.0,36.0,2015.0,26.1,0.3,4.0,90,10,23880.0,1,0.18
2026-03-15T09:00,0.0,0.0,0.0,0.0,0.0,0.0,0,0.0,35.0,1870.0,25.4,0.46,2.8,283,6,23900.0,1,0.179
2026-03-15T10:00,0.0,0.0,0.0,0.0,0.0,0.0,0,0.0,35.0,10.0,23.3,0.11,1.7,333,7,21800.0,1,0.179
2026-03-15T11:00,0.0,0.0,0.0,0.0,0.0,0.0,0,0.0,35.0,15.0,20.7,0.25,0.6,180,0,21820.0,0,0.179
2026-03-15T12:00,0.0,0.0,0.0,0.0,0.0,0.0,0,0.0,34.0,40.0,19.0,1.61,3.0,196,0,20740.0,0,0.179
2026-03-15T13:00,0.0,0.0,0.0,0.0,0.0,0.0,0,0.0,34.0,190.0,18.8,2.49,4.9,190,2,19520.0,0,0.179
2026-03-15T14:00,0.0,0.0,0.0,0.0,0.0,0.0,0,0.0,34.0,120.0,16.8,1.68,4.7,170,1,18140.0,0,0.179
2026-03-15T15:00,0.0,0.0,0.0,0.0,0.0,0.0,0,0.0,34.0,50.0,15.4,1.33,3.4,167,0,15880.0,0,0.179
2026-03-15T16:00,0.0,0.0,0.0,0.0,0.0,0.0,0,0.0,33.0,30.0,14.8,0.78,2.7,165,5,14240.0,0,0.18
2026-03-15T17:00,0.0,0.0,0.0,0.0,0.0,0.0,0,0.0,33.0,40.0,14.2,1.1,2.2,175,2,12380.0,0,0.18
2026-03-15T18:00,0.0,0.0,0.0,0.0,0.0,0.0,0,0.0,33.0,30.0,14.2,0.91,2.3,174,0,12380.0,0,0.18
2026-03-15T19:00,0.0,0.0,0.0,0.0,0.0,0.0,0,0.0,32.0,25.0,13.6,0.7,2.0,159,0,12380.0,0,0.18
2026-03-15T20:00,0.0,0.0,0.0,0.0,0.0,0.0,0,0.0,32.0,20.0,13.1,0.43,1.5,144,0,8760.0,0,0.181
2026-03-15T21:00,0.0,0.0,0.0,0.0,0.0,0.0,0,0.0,32.0,20.0,12.7,0.45,1.3,153,0,8760.0,0,0.181
2026-03-15T22:00,0.0,0.0,0.0,0.0,0.0,0.0,3,0.0,31.0,15.0,12.3,0.21,1.2,135,98,320.0,0,0.181
2026-03-15T23:00,0.0,0.0,0.0,0.0,0.0,0.0,3,0.0,31.0,10.0,12.4,0.18,0.8,124,99,120.0,1,0.181
2026-03-16T00:00,0.0,0.0,0.0,0.0,0.0,0.0,0,0.0,31.0,65.0,15.3,0.47,2.3,122,3,14320.0,1,0.18
2026-03-16T01:00,0.0,0.0,0.0,0.0,0.0,0.0,0,0.0,31.0,230.0,18.6,0.32,3.0,129,0,19640.0,1,0.18
2026-03-16T02:00,0.0,0.0,0.0,0.0,0.0,0.0,0,0.0,30.0,505.0,21.2,0.32,3.5,162,0,20900.0,1,0.178
2026-03-16T03:00,0.0,0.0,0.0,0.0,0.0,0.0,0,0.0,30.0,825.0,23.2,0.34,3.7,243,3,22000.0,1,0.177
2026-03-16T04:00,0.0,0.0,0.0,0.0,0.0,0.0,0,0.0,30.0,1455.0,24.7,0.67,4.3,243,5,22020.0,1,0.174
2026-03-16T05:00,0.0,0.0,0.0,0.0,0.0,0.0,0,0.0,29.0,1840.0,26.0,1.05,4.7,183,0,24160.0,1,0.171
2026-03-16T06:00,0.0,0.0,0.0,0.0,0.0,0.0,0,0.0,6.0,1990.0,26.3,2.29,6.1,190,0,24780.0,1,0.167
2026-03-16T07:00,0.0,0.0,0.0,0.0,0.0,0.0,0,0.0,29.0,1900.0,26.5,2.73,6.9,220,0,24800.0,1,0.164
2026-03-16T08:00,0.0,0.0,0.0,0.0,0.0,0.0,0,0.0,29.0,1575.0,25.8,3.15,7.5,234,0,24820.0,1,0.162
2026-03-16T09:00,0.0,0.0,0.0,0.0,0.0,0.0,0,0.0,28.0,1330.0,25.1,2.79,7.3,226,0,24820.0,1,0.16
2026-03-16T10:00,0.0,0.0,0.0,0.0,0.0,0.0,0,0.0,28.0,460.0,23.0,2.75,5.7,217,0,24220.0,1,0.159
2026-03-16T11:00,0.0,0.0,0.0,0.0,0.0,0.0,0,0.0,28.0,240.0,20.7,2.58,5.6,202,0,22100.0,0,0.159
2026-03-16T12:00,0.0,0.0,0.0,0.0,0.0,0.0,0,0.0,28.0,205.0,19.6,2.28,5.0,199,0,22100.0,0,0.154
2026-03-16T13:00,0.0,0.0,0.0,0.0,0.0,0.0,0,0.0,27.0,155.0,18.7,1.8,4.5,183,0,21020.0,0,0.154
2026-03-16T14:00,0.0,0.0,0.0,0.0,0.0,0.0,0,0.0,27.0,65.0,17.1,1.5,3.6,176,0,19760.0,0,0.153
2026-03-16T15:00,0.0,0.0,0.0,0.0,0.0,0.0,0,0.0,27.0,40.0,16.0,1.2,3.1,180,0,19780.0,0,0.154
2026-03-16T16:00,0.0,0.0,0.0,0.0,0.0,0.0,0,0.0,27.0,35.0,15.3,0.91,2.5,171,0,18360.0,0,0.154
2026-03-16T17:00,0.0,0.0,0.0,0.0,0.0,0.0,0,0.0,26.0,30.0,14.7,0.76,2.1,169,0,18360.0,0,0.154
2026-03-16T18:00,0.0,0.0,0.0,0.0,0.0,0.0,0,0.0,26.0,35.0,14.6,0.92,1.9,158,0,16080.0,0,0.152
2026-03-16T19:00,0.0,0.0,0.0,0.0,0.0,0.0,0,0.0,26.0,35.0,14.1,0.81,2.1,169,1,16080.0,0,0.153
2026-03-16T20:00,0.0,0.0,0.0,0.0,0.0,0.0,0,0.0,26.0,30.0,13.8,0.6,1.9,156,2,14440.0,0,0.153
2026-03-16T21:00,0.0,0.0,0.0,0.0,0.0,0.0,0,0.0,25.0,20.0,13.5,0.38,1.5,157,1,12520.0,0,0.153
2026-03-16T22:00,0.0,0.0,0.0,0.0,0.0,0.0,0,0.0,25.0,15.0,13.1,0.34,1.3,153,0,8840.0,0,0.153
2026-03-16T23:00,0.0,0.0,0.0,0.0,0.0,0.0,0,0.0,25.0,15.0,13.2,0.38,1.3,157,0,8860.0,1,0.153
2026-03-17T00:00,0.0,0.0,0.0,0.0,0.0,0.0,0,0.0,25.0,65.0,16.2,0.45,2.0,153,0,16100.0,1,0.155
2026-03-17T01:00,0.0,0.0,0.0,0.0,0.0,0.0,0,0.0,24.0,250.0,19.6,0.27,3.0,202,9,19820.0,1,0.154
2026-03-17T02:00,0.0,0.0,0.0,0.0,0.0,0.0,0,0.0,24.0,620.0,22.2,0.86,4.1,187,0,19820.0,1,0.153
2026-03-17T03:00,0.0,0.0,0.0,0.0,0.0,0.0,0,0.0,24.0,1205.0,24.5,1.88,5.9,202,1,21100.0,1,0.151
2026-03-17T04:00,0.0,0.0,0.0,0.0,0.0,0.0,1,0.0,24.0,1695.0,26.1,3.38,8.4,204,30,22200.0,1,0.149
2026-03-17T05:00,0.0,0.0,0.0,0.0,0.0,0.0,2,10.0,0.0,1875.0,27.0,4.45,10.0,205,55,22200.0,1,0.147
2026-03-17T06:00,0.0,0.0,0.0,0.0,0.0,0.0,3,20.0,0.0,1920.0,26.3,4.22,10.8,202,98,22200.0,1,0.146
2026-03-17T07:00,0.0,0.0,0.0,0.0,0.0,0.0,2,20.0,0.0,1575.0,25.8,4.08,9.2,199,63,22220.0,1,0.144
2026-03-17T08:00,0.0,0.0,0.0,0.0,0.0,0.0,2,20.0,0.0,1510.0,25.9,3.97,9.1,201,56,22220.0,1,0.143
2026-03-17T09:00,0.0,0.0,0.0,0.0,0.0,0.0,2,0.0,2.0,1015.0,24.4,4.2,8.9,212,72,21120.0,1,0.142
2026-03-17T10:00,0.0,0.0,0.0,0.0,0.0,0.0,0,10.0,22.0,630.0,22.5,3.0,8.7,210,11,19860.0,1,0.142
2026-03-17T11:00,0.0,0.0,0.0,0.0,0.0,0.0,0,0.0,22.0,430.0,21.1,1.87,6.1,196,5,18440.0,0,0.142
2026-03-17T12:00,0.0,0.0,0.0,0.0,0.0,0.0,0,0.0,22.0,140.0,20.0,1.47,3.9,215,6,18460.0,0,0.142
2026-03-17T13:00,0.0,0.0,0.0,0.0,0.0,0.0,0,0.0,22.0,215.0,20.1,1.48,3.4,208,10,18460.0,0,0.142
2026-03-17T14:00,0.0,0.0,0.0,0.0,0.0,0.0,0,0.0,22.0,135.0,19.1,1.3,3.1,184,0,18180.0,0,0.142
2026-03-17T15:00,0.0,0.0,0.0,0.0,0.0,0.0,0,0.0,21.0,30.0,18.1,0.75,2.7,176,11,16080.0,0,0.142
2026-03-17T16:00,0.0,0.0,0.0,0.0,0.0,0.0,1,0.0,21.0,25.0,17.2,0.81,1.8,158,20,14500.0,0,0.142
2026-03-17T17:00,0.0,0.0,0.0,0.0,0.0,0.0,0,0.0,21.0,25.0,16.7,0.84,1.9,163,6,12600.0,0,0.142
2026-03-17T18:00,0.0,0.0,0.0,0.0,0.0,0.0,0,0.0,30.0,25.0,16.5,0.87,2.0,167,0,8900.0,0,0.142
2026-03-17T19:00,0.0,0.0,0.0,0.0,0.0,0.0,0,0.0,21.0,30.0,16.2,0.92,2.1,167,1,8900.0,0,0.142
2026-03-17T20:00,0.0,0.0,0.0,0.0,0.0,0.0,0,0.0,21.0,35.0,15.9,0.97,2.2,168,0,8900.0,0,0.142
2026-03-17T21:00,0.0,0.0,0.0,0.0,0.0,0.0,0,0.0,20.0,25.0,15.7,0.55,2.1,180,0,8900.0,0,0.143
2026-03-17T22:00,0.0,0.0,0.0,0.0,0.0,0.0,3,0.0,0.0,15.0,15.5,0.25,1.5,180,98,600.0,0,0.143
2026-03-17T23:00,0.0,0.0,0.0,0.0,0.0,0.0,3,0.0,0.0,10.0,15.8,0.16,1.0,198,99,320.0,1,0.143
2026-03-18T00:00,0.0,0.0,0.0,0.0,0.0,0.0,3,0.0,0.0,90.0,17.3,0.11,2.0,297,100,180.0,1,0.142
2026-03-18T01:00,0.0,0.0,0.0,0.0,0.0,0.0,0,0.0,0.0,215.0,20.2,0.14,2.8,135,2,16200.0,1,0.142
2026-03-18T02:00,0.0,0.0,0.0,0.0,0.0,0.0,0,0.0,0.0,740.0,23.4,0.63,3.7,209,2,18520.0,1,0.141
2026-03-18T03:00,0.0,0.0,0.0,0.0,0.0,0.0,0,0.0,19.0,1200.0,25.9,1.97,6.0,210,2,21220.0,1,0.139
2026-03-18T04:00,0.0,0.0,0.0,0.0,0.0,0.0,0,0.0,1.0,1430.0,27.2,2.64,7.3,205,3,22320.0,1,0.137
2026-03-18T05:00,0.0,0.0,0.0,0.0,0.0,0.0,1,0.0,1.0,1735.0,28.2,3.28,8.1,201,38,22340.0,1,0.135
2026-03-18T06:00,0.0,0.0,0.0,0.0,0.0,0.0,3,0.0,0.0,1900.0,27.9,3.05,8.3,212,100,22340.0,1,0.133
2026-03-18T07:00,0.0,0.0,0.0,0.0,0.0,0.0,3,0.0,48.0,1950.0,27.9,2.56,6.9,219,100,22340.0,1,0.132
2026-03-18T08:00,0.0,0.0,0.0,0.0,0.0,0.0,3,0.0,38.0,1935.0,28.0,2.51,6.1,215,100,22340.0,1,0.131
2026-03-18T09:00,0.0,0.0,0.0,0.0,0.0,0.0,3,0.0,63.0,1645.0,27.4,2.72,6.2,193,95,22360.0,1,0.13
2026-03-18T10:00,0.0,0.0,0.0,0.0,0.0,0.0,0,0.0,66.0,275.0,26.1,1.61,5.6,154,10,22360.0,1,0.129
2026-03-18T11:00,0.0,0.0,0.0,0.0,0.0,0.0,0,0.0,64.0,35.0,23.3,0.9,3.2,199,13,21260.0,0,0.129
2026-03-18T12:00,0.0,0.0,0.0,0.0,0.0,0.0,1,0.0,70.0,145.0,22.4,1.7,2.7,208,25,20000.0,0,0.13
2026-03-18T13:00,0.0,0.0,0.0,0.0,0.0,0.0,1,0.0,59.0,120.0,21.8,1.66,3.6,185,21,18580.0,0,0.13
2026-03-18T14:00,0.0,0.0,0.0,0.0,0.0,0.0,0,0.0,93.0,40.0,20.4,1.12,3.3,190,3,18580.0,0,0.131
2026-03-18T15:00,0.0,0.0,0.0,0.0,0.0,0.0,0,50.0,31.0,20.0,19.5,0.66,2.2,171,9,16140.0,0,0.131
2026-03-18T16:00,0.0,0.0,0.0,0.0,0.0,0.0,0,20.0,75.0,15.0,19.1,0.25,1.5,169,2,14600.0,0,0.131
2026-03-18T17:00,0.0,0.0,0.0,0.0,0.0,0.0,1,10.0,80.0,65.0,18.3,1.4,2.6,360,27,14460.0,0,0.131
2026-03-18T18:00,0.0,0.0,0.0,0.0,0.0,0.0,1,30.0,7.0,240.0,18.6,2.05,5.7,3,49,12440.0,0,0.131
2026-03-18T19:00,0.0,0.0,0.0,0.0,0.0,0.0,1,0.0,71.0,390.0,18.4,2.38,5.5,8,30,12700.0,0,0.132
2026-03-18T20:00,0.0,0.0,0.0,0.0,0.0,0.0,2,0.0,86.0,485.0,17.7,2.0,4.9,360,55,14540.0,0,0.132
2026-03-18T21:00,0.0,0.0,0.0,0.0,0.0,0.0,3,0.0,91.0,525.0,17.6,2.55,5.3,358,100,16280.0,0,0.132
2026-03-18T22:00,0.0,0.0,0.0,0.0,0.0,0.0,3,0.0,95.0,515.0,17.5,2.55,5.4,1,100,16300.0,0,0.132
2026-03-18T23:00,0.0,0.0,0.0,0.0,0.0,0.0,3,0.0,118.0,525.0,17.5,2.85,6.0,359,98,18620.0,1,0.132
2026-03-19T00:00,0.0,0.0,0.0,0.0,0.0,0.0,0,0.0,140.0,450.0,17.9,2.29,6.8,10,0,18620.0,1,0.124
2026-03-19T01:00,0.0,0.0,0.0,0.0,0.0,0.0,0,0.0,113.0,525.0,19.8,2.29,6.2,16,7,18620.0,1,0.124
2026-03-19T02:00,0.0,0.0,0.0,0.0,0.0,0.0,0,0.0,125.0,585.0,21.8,2.24,6.5,24,0,20060.0,1,0.123
2026-03-19T03:00,0.0,0.0,0.0,0.0,0.0,0.0,0,0.0,111.0,710.0,23.9,1.92,6.5,25,0,21340.0,1,0.122
2026-03-19T04:00,0.0,0.0,0.0,0.0,0.0,0.0,0,0.0,89.0,895.0,25.6,2.02,6.4,7,2,21340.0,1,0.12
2026-03-19T05:00,0.0,0.0,0.0,0.0,0.0,0.0,0,0.0,124.0,1160.0,26.8,1.73,6.5,338,9,21360.0,1,0.118
2026-03-19T06:00,0.0,0.0,0.0,0.0,0.0,0.0,1,10.0,58.0,1285.0,26.7,0.97,5.9,282,27,22460.0,1,0.119
2026-03-19T07:00,0.0,0.0,0.0,0.0,0.0,0.0,1,10.0,123.0,1525.0,28.1,0.92,4.7,319,41,22480.0,1,0.117
2026-03-19T08:00,0.0,0.0,0.0,0.0,0.0,0.0,1,20.0,107.0,1655.0,28.2,0.99,4.3,319,38,22480.0,1,0.116
2026-03-19T09:00,0.0,0.0,0.0,0.0,0.0,0.0,1,10.0,101.0,1565.0,27.8,1.62,4.0,292,41,22480.0,1,0.115
2026-03-19T10:00,0.0,0.0,0.0,0.0,0.0,0.0,1,30.0,66.0,140.0,25.7,1.01,3.9,250,20,21380.0,1,0.115
2026-03-19T11:00,0.0,0.0,0.0,0.0,0.0,0.0,0,90.0,21.0,60.0,23.5,0.76,2.0,169,13,20100.0,0,0.115
2026-03-19T12:00,0.0,0.0,0.0,0.0,0.0,0.0,0,20.0,7.0,60.0,22.1,1.05,2.5,149,16,20120.0,0,0.133
2026-03-19T13:00,0.0,0.0,0.0,0.0,0.0,0.0,1,200.0,6.0,40.0,21.3,0.9,2.3,161,33,17160.0,0,0.134
2026-03-19T14:00,0.0,0.0,0.0,0.0,0.0,0.0,0,0.0,24.0,35.0,20.5,0.87,2.3,149,4,17700.0,0,0.134
2026-03-19T15:00,0.0,0.0,0.0,0.0,0.0,0.0,1,100.0,17.0,30.0,19.7,0.64,2.1,141,27,16260.0,0,0.134
2026-03-19T16:00,0.0,0.0,0.0,0.0,0.0,0.0,1,90.0,15.0,25.0,19.4,0.47,1.6,108,20,14680.0,0,0.134
2026-03-19T17:00,0.0,0.0,0.0,0.0,0.0,0.0,1,0.0,110.0,15.0,18.8,0.16,1.2,18,34,12760.0,0,0.134
2026-03-19T18:00,0.0,0.0,0.0,0.0,0.0,0.0,1,50.0,3.0,10.0,18.7,0.05,0.7,180,49,11940.0,0,0.134
2026-03-19T19:00,0.0,0.0,0.0,0.0,0.0,0.0,3,40.0,4.0,10.0,18.4,0.07,0.6,135,100,11940.0,0,0.135
2026-03-19T20:00,0.0,0.0,0.0,0.0,0.0,0.0,3,20.0,169.0,10.0,18.6,0.15,0.6,90,100,8760.0,0,0.135
2026-03-19T21:00,0.0,0.0,0.0,0.0,0.0,0.0,3,10.0,96.0,15.0,18.5,0.32,0.9,108,100,4520.0,0,0.135
2026-03-19T22:00,0.0,0.0,0.0,0.0,0.0,0.0,3,10.0,87.0,30.0,18.6,0.39,1.1,130,100,3760.0,0,0.135
2026-03-19T23:00,0.0,0.0,0.0,0.0,0.0,0.0,3,0.0,98.0,75.0,18.9,0.9,1.9,146,100,8740.0,1,0.135
2026-03-20T00:00,0.0,0.0,0.0,0.0,0.0,0.0,3,30.0,44.0,95.0,18.9,0.62,3.1,166,100,260.0,1,0.137
2026-03-20T01:00,0.0,0.0,0.0,0.0,0.0,0.0,2,50.0,53.0,465.0,21.2,1.53,4.4,148,57,14020.0,1,0.137
2026-03-20T02:00,0.0,0.0,0.0,0.0,0.0,0.0,2,70.0,88.0,755.0,23.0,2.4,6.3,157,62,18740.0,1,0.136
2026-03-20T03:00,0.0,0.0,0.0,0.0,0.0,0.0,3,110.0,88.0,1085.0,24.7,2.72,7.2,174,99,20180.0,1,0.135
2026-03-20T04:00,0.0,0.0,0.0,0.0,0.0,0.0,3,120.0,50.0,1165.0,25.4,2.4,7.2,197,97,20200.0,1,0.134
2026-03-20T05:00,0.0,0.0,0.0,0.0,0.0,0.0,3,140.0,31.0,1430.0,26.6,2.26,6.6,205,97,21480.0,1,0.133
2026-03-20T06:00,0.0,0.0,0.0,0.0,0.0,0.0,2,60.0,30.0,1730.0,27.5,3.58,6.9,200,52,22600.0,1,0.131
2026-03-20T07:00,0.0,0.0,0.0,0.0,0.0,0.0,1,30.0,32.0,1665.0,27.9,3.76,8.8,194,47,22600.0,1,0.13
2026-03-20T08:00,0.0,0.0,0.0,0.0,0.0,0.0,3,30.0,34.0,1655.0,27.5,4.1,8.9,196,83,22620.0,1,0.129
2026-03-20T09:00,0.0,0.0,0.0,0.0,0.0,0.0,1,0.0,38.0,1155.0,26.3,3.94,9.1,200,37,21500.0,1,0.128
2026-03-20T10:00,0.0,0.0,0.0,0.0,0.0,0.0,1,20.0,53.0,550.0,24.6,2.69,8.3,204,41,21500.0,1,0.127
2026-03-20T11:00,0.0,0.0,0.0,0.0,0.0,0.0,3,0.0,50.0,325.0,22.8,2.86,5.5,207,93,20220.0,0,0.127
2026-03-20T12:00,0.0,0.0,0.0,0.0,0.0,0.0,0,0.0,42.0,380.0,21.8,2.57,6.3,209,16,18780.0,0,0.136
2026-03-20T13:00,0.0,0.0,0.0,0.0,0.0,0.0,1,0.0,29.0,335.0,20.8,3.12,6.2,196,26,17840.0,0,0.136
2026-03-20T14:00,0.0,0.0,0.0,0.0,0.0,0.0,1,0.0,23.0,315.0,19.9,2.32,6.2,199,41,15580.0,0,0.136
2026-03-20T15:00,0.0,0.0,0.0,0.0,0.0,0.0,1,0.0,18.0,225.0,19.3,1.4,4.6,176,29,15660.0,0,0.136
2026-03-20T16:00,0.0,0.0,0.0,0.0,0.0,0.0,2,0.0,11.0,40.0,18.3,0.64,3.0,141,51,13720.0,0,0.136
2026-03-20T17:00,0.2,0.0,0.2,0.0,0.0,0.0,51,0.0,12.0,15.0,18.2,0.14,1.5,135,100,7100.0,0,0.138
2026-03-20T18:00,0.3,0.2,0.1,0.0,0.0,0.0,51,0.0,11.0,30.0,18.5,0.78,1.5,130,34,7040.0,0,0.132
2026-03-20T19:00,0.1,0.0,0.1,0.0,0.0,0.0,51,80.0,0.0,20.0,18.2,0.22,1.6,63,100,8000.0,0,0.133
2026-03-20T20:00,0.1,0.1,0.0,0.0,0.0,0.0,51,0.0,52.0,35.0,18.6,0.45,1.1,27,100,6880.0,0,0.135
2026-03-20T21:00,0.0,0.0,0.0,0.0,0.0,0.0,3,40.0,11.0,105.0,19.0,1.0,1.7,354,100,5700.0,0,0.135
2026-03-20T22:00,0.1,0.1,0.0,0.0,0.0,0.0,51,70.0,7.0,300.0,18.7,2.36,4.3,17,100,7900.0,0,0.136
2026-03-20T23:00,0.1,0.1,0.0,0.0,0.0,0.0,51,50.0,1.0,300.0,18.0,2.05,4.8,13,100,8480.0,1,0.137
2026-03-21T00:00,0.1,0.1,0.0,0.0,0.0,0.0,51,0.0,25.0,290.0,17.5,1.4,4.7,358,100,6120.0,1,0.151
2026-03-21T01:00,0.1,0.1,0.0,0.0,0.0,0.0,51,0.0,40.0,350.0,17.9,1.96,4.7,354,100,7860.0,1,0.152
2026-03-21T02:00,0.1,0.1,0.0,0.0,0.0,0.0,51,0.0,54.0,375.0,18.4,1.81,4.8,6,100,9440.0,1,0.153
2026-03-21T03:00,0.0,0.0,0.0,0.0,0.0,0.0,3,0.0,70.0,385.0,19.3,1.41,4.7,23,100,14740.0,1,0.153
2026-03-21T04:00,0.0,0.0,0.0,0.0,0.0,0.0,3,0.0,83.0,405.0,20.4,1.01,4.2,20,99,18860.0,1,0.153
2026-03-21T05:00,0.0,0.0,0.0,0.0,0.0,0.0,3,0.0,53.0,465.0,21.3,0.64,3.7,45,93,18860.0,1,0.152
2026-03-21T06:00,0.0,0.0,0.0,0.0,0.0,0.0,3,0.0,47.0,715.0,21.7,0.21,3.5,284,100,18880.0,1,0.155
2026-03-21T07:00,0.0,0.0,0.0,0.0,0.0,0.0,3,10.0,39.0,810.0,22.7,0.35,2.8,8,100,20340.0,1,0.154
2026-03-21T08:00,0.0,0.0,0.0,0.0,0.0,0.0,3,0.0,42.0,835.0,22.9,0.43,2.9,21,100,20340.0,1,0.154
2026-03-21T09:00,0.0,0.0,0.0,0.0,0.0,0.0,3,0.0,56.0,540.0,22.6,0.82,2.6,346,100,20340.0,1,0.153
2026-03-21T10:00,0.0,0.0,0.0,0.0,0.0,0.0,3,0.0,15.0,210.0,22.2,0.92,2.6,319,100,20340.0,1,0.153
2026-03-21T11:00,0.0,0.0,0.0,0.0,0.0,0.0,3,0.0,21.0,20.0,21.3,0.11,1.8,297,100,18900.0,0,0.153
2026-03-21T12:00,0.0,0.0,0.0,0.0,0.0,0.0,3,0.0,28.0,35.0,20.2,0.29,0.5,301,100,14860.0,0,0.17
2026-03-21T13:00,0.0,0.0,0.0,0.0,0.0,0.0,3,0.0,51.0,65.0,20.3,0.21,0.8,315,100,14860.0,0,0.17
2026-03-21T14:00,0.0,0.0,0.0,0.0,0.0,0.0,2,0.0,40.0,95.0,20.3,0.32,0.7,51,68,16560.0,0,0.17
2026-03-21T15:00,0.0,0.0,0.0,0.0,0.0,0.0,1,0.0,59.0,45.0,19.8,0.14,0.7,45,38,16560.0,0,0.171
2026-03-21T16:00,0.0,0.0,0.0,0.0,0.0,0.0,0,0.0,58.0,15.0,18.9,0.14,0.5,45,13,14680.0,0,0.171
2026-03-21T17:00,0.0,0.0,0.0,0.0,0.0,0.0,0,0.0,48.0,20.0,18.1,0.29,0.8,149,19,880.0,0,0.171
2026-03-21T18:00,0.0,0.0,0.0,0.0,0.0,0.0,2,0.0,60.0,35.0,17.9,0.65,1.5,157,73,240.0,0,0.166
2026-03-21T19:00,0.0,0.0,0.0,0.0,0.0,0.0,3,10.0,86.0,65.0,18.3,0.81,1.9,169,99,280.0,0,0.166
2026-03-21T20:00,0.0,0.0,0.0,0.0,0.0,0.0,3,10.0,92.0,95.0,18.3,1.1,2.4,177,99,520.0,0,0.166
2026-03-21T21:00,0.0,0.0,0.0,0.0,0.0,0.0,3,0.0,86.0,145.0,18.3,1.05,2.4,180,100,960.0,0,0.166
2026-03-21T22:00,0.0,0.0,0.0,0.0,0.0,0.0,3,0.0,92.0,160.0,17.9,0.67,2.3,167,100,1580.0,0,0.166
2026-03-21T23:00,0.0,0.0,0.0,0.0,0.0,0.0,3,0.0,98.0,180.0,18.5,1.0,2.1,186,100,12600.0,1,0.166
2026-03-22T00:00,0.0,0.0,0.0,0.0,0.0,0.0,3,0.0,110.0,210.0,18.9,1.33,4.2,167,98,12420.0,1,0.172
2026-03-22T01:00,0.0,0.0,0.0,0.0,0.0,0.0,1,0.0,121.0,370.0,20.7,2.25,5.8,177,38,16560.0,1,0.172
2026-03-22T02:00,0.0,0.0,0.0,0.0,0.0,0.0,2,0.0,132.0,660.0,23.4,2.47,6.6,187,59,18980.0,1,0.171
2026-03-22T03:00,0.0,0.0,0.0,0.0,0.0,0.0,2,0.0,136.0,1075.0,25.7,2.32,6.8,194,58,20440.0,1,0.169
2026-03-22T04:00,0.0,0.0,0.0,0.0,0.0,0.0,3,10.0,133.0,1360.0,27.3,2.47,6.6,216,98,21740.0,1,0.167
2026-03-22T05:00,0.0,0.0,0.0,0.0,0.0,0.0,1,0.0,129.0,1085.0,26.6,2.67,6.7,232,37,21740.0,1,0.165
2026-03-22T06:00,0.0,0.0,0.0,0.0,0.0,0.0,3,10.0,127.0,1295.0,26.8,2.55,6.8,220,98,21740.0,1,0.165
2026-03-22T07:00,0.0,0.0,0.0,0.0,0.0,0.0,3,10.0,128.0,1325.0,27.1,2.09,6.0,222,100,21760.0,1,0.164
2026-03-22T08:00,0.0,0.0,0.0,0.0,0.0,0.0,3,0.0,71.0,1395.0,27.2,1.73,5.2,224,100,21760.0,1,0.163
2026-03-22T09:00,0.0,0.0,0.0,0.0,0.0,0.0,3,0.0,74.0,1075.0,26.7,1.49,4.3,222,100,21760.0,1,0.162
2026-03-22T10:00,0.0,0.0,0.0,0.0,0.0,0.0,3,0.0,157.0,210.0,25.5,0.85,3.2,220,100,20480.0,1,0.162
2026-03-22T11:00,0.0,0.0,0.0,0.0,0.0,0.0,3,0.0,182.0,50.0,24.1,0.88,1.7,223,88,20480.0,0,0.162
2026-03-22T12:00,0.0,0.0,0.0,0.0,0.0,0.0,0,0.0,185.0,15.0,22.5,0.2,1.7,270,13,19020.0,0,0.167
2026-03-22T13:00,0.0,0.0,0.0,0.0,0.0,0.0,1,0.0,140.0,10.0,21.7,0.11,0.9,243,20,19020.0,0,0.167
2026-03-22T14:00,0.0,0.0,0.0,0.0,0.0,0.0,0,0.0,164.0,30.0,20.7,1.0,1.8,183,2,16660.0,0,0.168
2026-03-22T15:00,0.0,0.0,0.0,0.0,0.0,0.0,0,0.0,186.0,45.0,20.0,1.2,2.4,185,5,14880.0,0,0.168
2026-03-22T16:00,0.0,0.0,0.0,0.0,0.0,0.0,0,0.0,205.0,45.0,19.3,1.15,2.3,180,14,12880.0,0,0.168
2026-03-22T17:00,0.0,0.0,0.0,0.0,0.0,0.0,0,0.0,220.0,45.0,18.8,1.1,2.4,175,0,12940.0,0,0.169
2026-03-22T18:00,0.0,0.0,0.0,0.0,0.0,0.0,0,0.0,230.0,40.0,18.6,1.01,2.2,171,5,13000.0,0,0.167
2026-03-22T19:00,0.0,0.0,0.0,0.0,0.0,0.0,0,0.0,117.0,50.0,18.6,1.01,2.2,153,4,13000.0,0,0.167
2026-03-22T20:00,0.0,0.0,0.0,0.0,0.0,0.0,0,0.0,134.0,60.0,18.3,1.12,2.3,148,3,9180.0,0,0.168
2026-03-22T21:00,0.0,0.0,0.0,0.0,0.0,0.0,0,0.0,218.0,55.0,17.9,0.85,2.3,159,5,9200.0,0,0.168
2026-03-22T22:00,0.0,0.0,0.0,0.0,0.0,0.0,0,0.0,178.0,55.0,17.6,0.84,1.7,163,3,9200.0,0,0.168
2026-03-22T23:00,0.0,0.0,0.0,0.0,0.0,0.0,0,0.0,193.0,55.0,18.3,0.95,1.6,177,12,9200.0,1,0.169
2026-03-23T00:00,0.0,0.0,0.0,0.0,0.0,0.0,0,0.0,197.0,140.0,20.1,0.76,3.3,157,0,15000.0,1,0.17
2026-03-23T01:00,0.0,0.0,0.0,0.0,0.0,0.0,0,0.0,185.0,345.0,22.6,0.96,3.9,171,0,19080.0,1,0.17
2026-03-23T02:00,0.0,0.0,0.0,0.0,0.0,0.0,0,10.0,414.0,615.0,24.8,1.05,4.5,180,1,20560.0,1,0.168
2026-03-23T03:00,0.0,0.0,0.0,0.0,0.0,0.0,1,100.0,159.0,1060.0,27.0,1.46,5.1,186,23,20560.0,1,0.167
2026-03-23T04:00,0.0,0.0,0.0,0.0,0.0,0.0,2,140.0,107.0,1410.0,28.5,2.25,6.6,197,77,21860.0,1,0.164
2026-03-23T05:00,0.0,0.0,0.0,0.0,0.0,0.0,2,170.0,90.0,1480.0,28.8,2.27,6.6,213,73,21880.0,1,0.162
2026-03-23T06:00,0.0,0.0,0.0,0.0,0.0,0.0,3,110.0,95.0,1600.0,29.0,2.38,6.1,210,100,21880.0,1,0.162
2026-03-23T07:00,0.0,0.0,0.0,0.0,0.0,0.0,3,140.0,61.0,1535.0,28.6,2.71,6.3,210,80,23020.0,1,0.16
2026-03-23T08:00,0.0,0.0,0.0,0.0,0.0,0.0,3,130.0,70.0,1570.0,28.9,2.71,6.4,218,100,23020.0,1,0.159
2026-03-23T09:00,0.0,0.0,0.0,0.0,0.0,0.0,3,120.0,147.0,1205.0,28.1,1.95,6.3,220,91,21900.0,1,0.158
2026-03-23T10:00,0.0,0.0,0.0,0.0,0.0,0.0,3,130.0,104.0,50.0,27.2,0.57,3.7,218,99,21900.0,1,0.158
2026-03-23T11:00,0.0,0.0,0.0,0.0,0.0,0.0,2,130.0,109.0,80.0,25.4,1.0,1.9,198,76,21900.0,0,0.158
2026-03-23T12:00,0.0,0.0,0.0,0.0,0.0,0.0,3,190.0,27.0,265.0,24.8,2.27,4.5,202,87,20600.0,0,0.159
2026-03-23T13:00,0.0,0.0,0.0,0.0,0.0,0.0,0,150.0,30.0,280.0,24.0,2.85,5.4,198,11,20620.0,0,0.159
2026-03-23T14:00,0.0,0.0,0.0,0.0,0.0,0.0,0,140.0,30.0,280.0,22.5,2.71,5.4,192,15,19140.0,0,0.159
2026-03-23T15:00,0.0,0.0,0.0,0.0,0.0,0.0,1,200.0,81.0,285.0,21.6,2.84,5.5,194,20,19160.0,0,0.159
2026-03-23T16:00,0.0,0.0,0.0,0.0,0.0,0.0,0,200.0,85.0,280.0,20.9,2.71,5.6,192,13,16780.0,0,0.159
2026-03-23T17:00,0.0,0.0,0.0,0.0,0.0,0.0,0,170.0,96.0,275.0,20.2,2.31,5.3,185,3,15080.0,0,0.16
2026-03-23T18:00,0.0,0.0,0.0,0.0,0.0,0.0,0,120.0,15.0,245.0,19.8,1.75,4.6,177,2,13080.0,0,0.16
2026-03-23T19:00,0.0,0.0,0.0,0.0,0.0,0.0,0,0.0,16.0,245.0,19.5,1.35,3.6,176,2,9240.0,0,0.16
2026-03-23T20:00,0.0,0.0,0.0,0.0,0.0,0.0,1,0.0,20.0,225.0,19.1,1.3,3.1,176,23,9120.0,0,0.161
2026-03-23T21:00,0.0,0.0,0.0,0.0,0.0,0.0,3,0.0,9.0,175.0,19.0,1.04,2.9,163,100,4040.0,0,0.161
2026-03-23T22:00,0.0,0.0,0.0,0.0,0.0,0.0,3,20.0,337.0,105.0,19.5,0.65,2.7,180,100,2640.0,0,0.161
2026-03-23T23:00,0.0,0.0,0.0,0.0,0.0,0.0,3,10.0,476.0,160.0,19.8,1.01,2.6,160,100,8140.0,1,0.162
2026-03-24T00:00,0.0,0.0,0.0,0.0,0.0,0.0,3,20.0,347.0,375.0,21.1,1.9,4.7,180,100,12080.0,1,0.16
2026-03-24T01:00,0.1,0.1,0.0,0.0,0.0,0.0,51,40.0,123.0,665.0,22.8,3.24,7.1,193,63,16940.0,1,0.161
2026-03-24T02:00,0.0,0.0,0.0,0.0,0.0,0.0,2,70.0,23.0,845.0,24.4,3.18,7.7,193,50,10420.0,1,0.16
2026-03-24T03:00,0.0,0.0,0.0,0.0,0.0,0.0,3,80.0,31.0,1215.0,26.3,3.21,8.0,198,100,20680.0,1,0.159
2026-03-24T04:00,0.0,0.0,0.0,0.0,0.0,0.0,3,70.0,33.0,1310.0,27.0,3.09,8.0,203,100,22000.0,1,0.157
2026-03-24T05:00,0.0,0.0,0.0,0.0,0.0,0.0,3,50.0,216.0,1410.0,27.8,2.95,7.5,214,100,22000.0,1,0.155
2026-03-24T06:00,0.0,0.0,0.0,0.0,0.0,0.0,2,140.0,43.0,1510.0,27.9,3.01,7.2,212,65,22020.0,1,0.157
2026-03-24T07:00,0.0,0.0,0.0,0.0,0.0,0.0,3,40.0,190.0,1635.0,29.0,2.94,7.6,222,100,23160.0,1,0.155
2026-03-24T08:00,0.0,0.0,0.0,0.0,0.0,0.0,2,110.0,110.0,1435.0,28.4,2.58,7.1,224,65,23160.0,1,0.154
2026-03-24T09:00,0.0,0.0,0.0,0.0,0.0,0.0,3,130.0,94.0,1550.0,28.5,1.98,6.0,225,100,23160.0,1,0.153
2026-03-24T10:00,0.0,0.0,0.0,0.0,0.0,0.0,2,170.0,86.0,70.0,27.2,0.7,4.5,180,76,22040.0,1,0.152
2026-03-24T11:00,0.0,0.0,0.0,0.0,0.0,0.0,2,140.0,124.0,20.0,25.8,0.3,1.4,189,70,22040.0,0,0.153
2026-03-24T12:00,0.0,0.0,0.0,0.0,0.0,0.0,0,70.0,254.0,75.0,23.3,1.41,2.2,225,5,16400.0,0,0.153
2026-03-24T13:00,0.0,0.0,0.0,0.0,0.0,0.0,0,100.0,275.0,50.0,22.4,1.14,2.7,209,7,19260.0,0,0.153
2026-03-24T14:00,0.0,0.0,0.0,0.0,0.0,0.0,0,130.0,275.0,50.0,21.5,1.16,2.3,187,2,14800.0,0,0.153
2026-03-24T15:00,0.0,0.0,0.0,0.0,0.0,0.0,0,120.0,272.0,40.0,20.7,1.0,2.3,177,6,12960.0,0,0.153
2026-03-24T16:00,0.0,0.0,0.0,0.0,0.0,0.0,0,100.0,299.0,35.0,20.1,0.95,1.8,162,12,13060.0,0,0.154
2026-03-24T17:00,0.0,0.0,0.0,0.0,0.0,0.0,1,70.0,331.0,30.0,19.7,0.67,1.8,153,21,3940.0,0,0.154
2026-03-24T18:00,0.0,0.0,0.0,0.0,0.0,0.0,1,280.0,25.0,15.0,20.0,0.21,1.2,76,48,9300.0,0,0.153
2026-03-24T19:00,0.0,0.0,0.0,0.0,0.0,0.0,1,300.0,11.0,25.0,20.1,0.29,1.0,31,48,7320.0,0,0.154
2026-03-24T20:00,0.0,0.0,0.0,0.0,0.0,0.0,1,180.0,2.0,20.0,20.1,0.21,0.8,346,45,7000.0,0,0.155
2026-03-24T21:00,0.0,0.0,0.0,0.0,0.0,0.0,3,120.0,139.0,50.0,20.1,0.76,1.6,337,100,10880.0,0,0.155
2026-03-24T22:00,0.0,0.0,0.0,0.0,0.0,0.0,3,100.0,160.0,340.0,20.9,1.15,2.4,358,100,15200.0,0,0.155
2026-03-24T23:00,0.0,0.0,0.0,0.0,0.0,0.0,3,80.0,176.0,395.0,21.1,1.58,3.0,349,100,15200.0,1,0.156
2026-03-25T00:00,0.0,0.0,0.0,0.0,0.0,0.0,2,20.0,229.0,195.0,20.6,1.04,4.2,343,66,13120.0,1,0.153
2026-03-25T01:00,0.0,0.0,0.0,0.0,0.0,0.0,2,10.0,186.0,510.0,23.3,1.65,5.0,14,54,19320.0,1,0.152
2026-03-25T02:00,0.0,0.0,0.0,0.0,0.0,0.0,3,20.0,363.0,720.0,25.3,2.34,6.4,16,100,20800.0,1,0.151
2026-03-25T03:00,0.0,0.0,0.0,0.0,0.0,0.0,2,40.0,292.0,1080.0,26.7,2.6,7.1,11,74,22140.0,1,0.149
2026-03-25T04:00,0.0,0.0,0.0,0.0,0.0,0.0,2,110.0,202.0,1250.0,27.8,2.25,7.1,359,66,22140.0,1,0.147
2026-03-25T05:00,0.0,0.0,0.0,0.0,0.0,0.0,2,170.0,147.0,1345.0,28.5,1.89,6.5,348,66,22140.0,1,0.146
2026-03-25T06:00,0.0,0.0,0.0,0.0,0.0,0.0,1,210.0,56.0,1465.0,29.1,1.36,5.9,298,45,23280.0,1,0.144
2026-03-25T07:00,0.0,0.0,0.0,0.0,0.0,0.0,0,260.0,71.0,1300.0,29.4,2.04,5.6,306,9,23300.0,1,0.142
2026-03-25T08:00,0.0,0.0,0.0,0.0,0.0,0.0,1,230.0,96.0,640.0,29.0,2.12,6.2,317,24,23300.0,1,0.14
2026-03-25T09:00,0.0,0.0,0.0,0.0,0.0,0.0,0,120.0,206.0,225.0,28.1,1.92,5.5,335,9,23300.0,1,0.139
2026-03-25T10:00,0.0,0.0,0.0,0.0,0.0,0.0,0,90.0,282.0,95.0,26.4,0.89,4.4,322,13,22160.0,1,0.139
2026-03-25T11:00,0.0,0.0,0.0,0.0,0.0,0.0,1,80.0,284.0,45.0,24.1,0.97,1.7,282,21,20860.0,0,0.139
2026-03-25T12:00,0.0,0.0,0.0,0.0,0.0,0.0,0,500.0,17.0,15.0,24.3,0.29,1.7,239,15,20860.0,0,0.138
2026-03-25T13:00,0.0,0.0,0.0,0.0,0.0,0.0,0,420.0,43.0,10.0,24.0,0.1,0.7,180,3,20860.0,0,0.138
2026-03-25T14:00,0.0,0.0,0.0,0.0,0.0,0.0,0,510.0,60.0,40.0,22.8,1.16,2.2,205,8,19380.0,0,0.138
2026-03-25T15:00,0.0,0.0,0.0,0.0,0.0,0.0,0,530.0,75.0,105.0,22.3,1.65,3.3,194,15,16980.0,0,0.138
2026-03-25T16:00,0.0,0.0,0.0,0.0,0.0,0.0,0,490.0,63.0,135.0,21.9,1.63,3.3,191,2,15260.0,0,0.139
2026-03-25T17:00,0.0,0.0,0.0,0.0,0.0,0.0,0,440.0,65.0,160.0,21.2,1.64,3.4,192,8,15280.0,0,0.139
2026-03-25T18:00,0.0,0.0,0.0,0.0,0.0,0.0,0,450.0,38.0,160.0,21.1,1.65,3.5,180,2,13260.0,0,0.136
2026-03-25T19:00,0.0,0.0,0.0,0.0,0.0,0.0,0,330.0,51.0,175.0,20.9,1.53,3.6,191,2,13260.0,0,0.136
2026-03-25T20:00,0.0,0.0,0.0,0.0,0.0,0.0,0,340.0,57.0,175.0,20.6,1.41,3.4,188,5,13260.0,0,0.137
2026-03-25T21:00,0.0,0.0,0.0,0.0,0.0,0.0,0,360.0,47.0,185.0,20.3,1.3,3.2,178,6,9380.0,0,0.137
2026-03-25T22:00,0.0,0.0,0.0,0.0,0.0,0.0,3,380.0,41.0,190.0,20.2,1.35,3.1,176,93,8840.0,0,0.137
2026-03-25T23:00,0.0,0.0,0.0,0.0,0.0,0.0,3,310.0,51.0,330.0,21.3,1.9,4.3,180,99,7440.0,1,0.138
2026-03-26T00:00,0.1,0.1,0.0,0.0,0.0,0.0,51,280.0,32.0,420.0,21.9,1.95,6.5,181,100,9220.0,1,0.135
2026-03-26T01:00,0.1,0.0,0.1,0.0,0.0,0.0,51,430.0,0.0,680.0,23.5,3.01,6.3,186,83,7660.0,1,0.136
2026-03-26T02:00,0.2,0.2,0.0,0.0,0.0,0.0,51,400.0,28.0,810.0,24.6,3.81,8.1,175,67,6400.0,1,0.137
2026-03-26T03:00,0.3,0.2,0.1,0.0,0.0,0.0,51,480.0,13.0,1015.0,26.7,4.78,10.4,198,70,9920.0,1,0.139
2026-03-26T04:00,0.3,0.2,0.1,0.0,0.0,0.0,51,590.0,5.0,1095.0,28.0,5.0,10.9,202,28,11140.0,1,0.14
2026-03-26T05:00,0.0,0.0,0.0,0.0,0.0,0.0,0,610.0,11.0,1090.0,28.6,4.77,11.9,204,16,13520.0,1,0.139
2026-03-26T06:00,0.0,0.0,0.0,0.0,0.0,0.0,1,260.0,40.0,1105.0,27.4,4.62,11.2,196,33,17040.0,1,0.144
2026-03-26T07:00,0.0,0.0,0.0,0.0,0.0,0.0,1,180.0,11.0,1280.0,28.6,4.32,11.0,205,41,10680.0,1,0.143
2026-03-26T08:00,0.0,0.0,0.0,0.0,0.0,0.0,1,290.0,8.0,1180.0,28.1,4.23,9.8,209,33,13040.0,1,0.142
2026-03-26T09:00,0.0,0.0,0.0,0.0,0.0,0.0,2,250.0,1.0,875.0,26.8,4.2,9.5,205,53,7940.0,1,0.141
2026-03-26T10:00,0.1,0.1,0.0,0.0,0.0,0.0,51,210.0,11.0,780.0,26.0,3.84,8.8,201,20,15920.0,1,0.141
2026-03-26T11:00,0.0,0.0,0.0,0.0,0.0,0.0,0,140.0,119.0,520.0,24.4,3.77,7.7,195,9,19500.0,0,0.141
2026-03-26T12:00,0.0,0.0,0.0,0.0,0.0,0.0,0,120.0,136.0,450.0,23.2,3.06,7.6,184,9,18700.0,0,0.144
2026-03-26T13:00,0.0,0.0,0.0,0.0,0.0,0.0,1,140.0,136.0,415.0,22.9,2.33,6.2,190,20,16480.0,0,0.144
2026-03-26T14:00,0.0,0.0,0.0,0.0,0.0,0.0,0,140.0,157.0,245.0,22.1,1.76,4.6,187,18,16680.0,0,0.144
2026-03-26T15:00,0.0,0.0,0.0,0.0,0.0,0.0,0,120.0,199.0,240.0,21.5,1.67,3.8,189,12,15220.0,0,0.144
2026-03-26T16:00,0.0,0.0,0.0,0.0,0.0,0.0,1,210.0,19.0,160.0,20.7,1.16,3.4,205,23,15360.0,0,0.144
2026-03-26T17:00,0.0,0.0,0.0,0.0,0.0,0.0,0,230.0,21.0,55.0,20.3,0.76,2.6,188,9,13340.0,0,0.144
2026-03-26T18:00,0.0,0.0,0.0,0.0,0.0,0.0,0,210.0,11.0,60.0,20.2,1.06,1.9,188,16,13340.0,0,0.144
2026-03-26T19:00,0.0,0.0,0.0,0.0,0.0,0.0,0,90.0,158.0,55.0,20.0,0.87,2.4,156,14,9180.0,0,0.144
2026-03-26T20:00,0.0,0.0,0.0,0.0,0.0,0.0,1,150.0,32.0,25.0,19.6,0.46,2.1,139,22,9260.0,0,0.145
2026-03-26T21:00,0.0,0.0,0.0,0.0,0.0,0.0,3,130.0,28.0,25.0,19.4,0.36,1.3,146,100,360.0,0,0.145
2026-03-26T22:00,0.0,0.0,0.0,0.0,0.0,0.0,3,150.0,20.0,20.0,19.2,0.46,1.2,167,100,140.0,0,0.145
2026-03-26T23:00,0.0,0.0,0.0,0.0,0.0,0.0,3,150.0,24.0,40.0,19.9,0.76,2.2,188,100,220.0,1,0.145
2026-03-27T00:00,0.0,0.0,0.0,0.0,0.0,0.0,1,190.0,3.0,230.0,21.5,0.99,2.6,135,37,11500.0,1,0.144
2026-03-27T01:00,0.0,0.0,0.0,0.0,0.0,0.0,2,140.0,14.0,525.0,23.7,1.63,4.8,162,63,19560.0,1,0.144
2026-03-27T02:00,0.2,0.1,0.1,0.0,0.0,0.0,51,200.0,3.0,635.0,25.4,1.61,5.0,196,100,6940.0,1,0.144
2026-03-27T03:00,0.3,0.2,0.1,0.0,0.0,0.0,51,210.0,0.0,545.0,24.8,1.79,5.1,203,100,10300.0,1,0.146
2026-03-27T04:00,0.0,0.0,0.0,0.0,0.0,0.0,3,260.0,0.0,705.0,26.2,1.07,5.0,217,80,21080.0,1,0.146
2026-03-27T05:00,0.0,0.0,0.0,0.0,0.0,0.0,2,270.0,17.0,935.0,27.6,0.86,4.3,216,66,21080.0,1,0.145
2026-03-27T06:00,0.0,0.0,0.0,0.0,0.0,0.0,3,350.0,6.0,785.0,26.0,1.02,4.7,191,100,21100.0,1,0.15
2026-03-27T07:00,0.0,0.0,0.0,0.0,0.0,0.0,1,330.0,9.0,265.0,25.8,0.54,3.1,292,27,21100.0,1,0.15
2026-03-27T08:00,0.0,0.0,0.0,0.0,0.0,0.0,3,350.0,6.0,410.0,26.6,1.03,3.9,346,85,21100.0,1,0.149
2026-03-27T09:00,0.4,0.0,0.4,0.0,0.0,0.0,51,350.0,0.0,300.0,25.0,1.82,5.5,339,100,9120.0,1,0.152
2026-03-27T10:00,0.7,0.2,0.5,0.0,0.0,0.0,53,310.0,4.0,75.0,23.1,0.7,5.2,356,99,4760.0,1,0.159
2026-03-27T11:00,0.3,0.1,0.2,0.0,0.0,0.0,51,370.0,0.0,145.0,22.4,1.35,3.1,42,92,7820.0,0,0.163
2026-03-27T12:00,0.3,0.1,0.2,0.0,0.0,0.0,51,480.0,15.0,70.0,21.6,0.54,4.6,68,80,7960.0,0,0.28
2026-03-27T13:00,0.0,0.0,0.0,0.0,0.0,0.0,3,450.0,17.0,40.0,21.5,0.25,1.5,360,100,9480.0,0,0.279
2026-03-27T14:00,0.4,0.1,0.3,0.0,0.0,0.0,51,250.0,3.0,65.0,21.6,0.89,1.4,322,97,3620.0,0,0.283
2026-03-27T15:00,0.7,0.5,0.2,0.0,0.0,0.0,53,300.0,0.0,60.0,21.5,0.65,1.7,293,100,4220.0,0,0.293
2026-03-27T16:00,1.1,0.7,0.4,0.0,0.0,0.0,55,120.0,2.0,75.0,21.5,0.6,1.9,270,97,3540.0,0,0.308
2026-03-27T17:00,2.0,0.6,1.4,0.0,0.0,0.0,80,200.0,15.0,70.0,21.4,0.36,1.2,326,99,4120.0,0,0.335
2026-03-27T18:00,2.0,0.7,1.3,0.0,0.0,0.0,80,650.0,2.0,20.0,21.7,0.11,1.4,63,100,8500.0,0,0.356
2026-03-27T19:00,0.3,0.2,0.1,0.0,0.0,0.0,51,640.0,2.0,45.0,21.8,0.5,1.0,90,95,6680.0,0,0.356
2026-03-27T20:00,1.8,0.3,1.5,0.0,0.0,0.0,80,460.0,4.0,35.0,21.5,0.5,1.6,37,98,3220.0,0,0.376
2026-03-27T21:00,0.6,0.5,0.1,0.0,0.0,0.0,53,420.0,3.0,65.0,21.1,1.22,2.2,35,100,3900.0,0,0.377
2026-03-27T22:00,0.7,0.5,0.2,0.0,0.0,0.0,53,350.0,3.0,20.0,21.0,0.35,2.8,82,100,4400.0,0,0.379
2026-03-27T23:00,0.3,0.2,0.1,0.0,0.0,0.0,51,430.0,2.0,50.0,21.2,0.64,1.3,51,100,6280.0,1,0.375
2026-03-28T00:00,0.4,0.1,0.3,0.0,0.0,0.0,51,120.0,0.0,80.0,21.5,1.03,2.8,346,100,4600.0,1,0.333
2026-03-28T01:00,3.3,3.3,0.0,0.0,0.0,0.0,63,200.0,10.0,65.0,21.4,0.76,3.5,11,95,2620.0,1,0.376
2026-03-28T02:00,0.5,0.5,0.0,0.0,0.0,0.0,53,180.0,18.0,295.0,23.1,0.11,3.2,63,91,6960.0,1,0.375
2026-03-28T03:00,0.5,0.3,0.2,0.0,0.0,0.0,53,260.0,0.0,310.0,23.2,1.08,3.9,202,100,4520.0,1,0.372
2026-03-28T04:00,0.7,0.4,0.3,0.0,0.0,0.0,53,370.0,0.0,300.0,23.3,1.61,4.5,206,100,3460.0,1,0.372
2026-03-28T05:00,1.1,0.7,0.4,0.0,0.0,0.0,55,310.0,9.0,180.0,23.2,1.16,5.2,205,100,4340.0,1,0.376
2026-03-28T06:00,0.3,0.2,0.1,0.0,0.0,0.0,51,350.0,0.0,795.0,25.1,2.94,5.1,198,100,17860.0,1,0.375
2026-03-28T07:00,0.0,0.0,0.0,0.0,0.0,0.0,3,340.0,2.0,775.0,25.4,2.88,6.6,200,88,14800.0,1,0.368
2026-03-28T08:00,0.0,0.0,0.0,0.0,0.0,0.0,3,410.0,0.0,805.0,25.9,2.87,6.4,209,100,21240.0,1,0.362
2026-03-28T09:00,0.0,0.0,0.0,0.0,0.0,0.0,3,430.0,2.0,790.0,25.2,2.71,6.2,210,90,7360.0,1,0.358
2026-03-28T10:00,0.2,0.1,0.1,0.0,0.0,0.0,51,320.0,0.0,580.0,24.3,2.04,5.6,202,52,12360.0,1,0.355
2026-03-28T11:00,0.1,0.0,0.1,0.0,0.0,0.0,51,330.0,2.0,405.0,22.9,1.39,4.2,206,78,8460.0,0,0.354
2026-03-28T12:00,0.1,0.1,0.0,0.0,0.0,0.0,51,300.0,0.0,115.0,22.0,0.91,3.0,174,100,5620.0,0,0.361
2026-03-28T13:00,1.5,0.7,0.8,0.0,0.0,0.0,80,250.0,10.0,45.0,21.7,0.41,2.2,166,100,2580.0,0,0.377
2026-03-28T14:00,1.4,1.1,0.3,0.0,0.0,0.0,80,370.0,0.0,60.0,21.4,0.74,1.8,312,100,3640.0,0,0.389
2026-03-28T15:00,0.8,0.5,0.3,0.0,0.0,0.0,53,350.0,0.0,20.0,21.5,0.14,1.6,315,100,4080.0,0,0.391
2026-03-28T16:00,0.7,0.5,0.2,0.0,0.0,0.0,53,200.0,15.0,15.0,21.7,0.05,0.8,90,100,5100.0,0,0.391
2026-03-28T17:00,0.3,0.2,0.1,0.0,0.0,0.0,51,240.0,19.0,35.0,21.6,0.29,0.9,121,100,5440.0,0,0.387
2026-03-28T18:00,0.4,0.4,0.0,0.0,0.0,0.0,51,240.0,21.0,85.0,21.5,0.72,1.5,155,100,7520.0,0,0.376
2026-03-28T19:00,0.1,0.1,0.0,0.0,0.0,0.0,51,290.0,20.0,95.0,21.3,0.76,1.7,148,100,6080.0,0,0.373
2026-03-28T20:00,0.0,0.0,0.0,0.0,0.0,0.0,3,270.0,29.0,110.0,21.2,1.08,2.3,146,100,8440.0,0,0.369
2026-03-28T21:00,0.0,0.0,0.0,0.0,0.0,0.0,3,220.0,31.0,185.0,21.1,1.39,2.6,159,100,9160.0,0,0.365
2026-03-28T22:00,0.0,0.0,0.0,0.0,0.0,0.0,3,270.0,22.0,265.0,21.0,1.85,3.5,161,100,5900.0,0,0.362
2026-03-28T23:00,0.1,0.1,0.0,0.0,0.0,0.0,51,340.0,15.0,285.0,21.0,2.2,4.1,159,98,7160.0,1,0.36
2026-03-29T00:00,0.0,0.0,0.0,0.0,0.0,0.0,3,260.0,35.0,350.0,21.6,2.34,4.4,169,84,12200.0,1,0.342
2026-03-29T01:00,0.1,0.1,0.0,0.0,0.0,0.0,51,200.0,49.0,550.0,23.6,3.31,7.2,191,100,17360.0,1,0.34
2026-03-29T02:00,0.0,0.0,0.0,0.0,0.0,0.0,3,390.0,37.0,705.0,24.9,2.94,7.4,201,99,19820.0,1,0.337
2026-03-29T03:00,0.0,0.0,0.0,0.0,0.0,0.0,3,380.0,31.0,895.0,26.2,2.79,6.9,201,99,21340.0,1,0.334
2026-03-29T04:00,0.0,0.0,0.0,0.0,0.0,0.0,3,790.0,21.0,1140.0,27.9,2.24,7.0,204,99,21340.0,1,0.33
2026-03-29T05:00,0.0,0.0,0.0,0.0,0.0,0.0,3,660.0,54.0,1100.0,27.6,2.61,6.2,197,99,21340.0,1,0.327
2026-03-29T06:00,0.0,0.0,0.0,0.0,0.0,0.0,3,730.0,59.0,1170.0,27.7,2.34,7.2,196,100,21360.0,1,0.331
2026-03-29T07:00,0.0,0.0,0.0,0.0,0.0,0.0,3,790.0,44.0,1045.0,27.7,3.29,7.0,197,100,21360.0,1,0.328
2026-03-29T08:00,1.6,0.0,1.6,0.0,0.0,0.0,95,820.0,3.0,545.0,26.0,3.22,7.8,204,100,19600.0,1,0.345
2026-03-29T09:00,2.4,0.0,2.4,0.0,0.0,0.0,95,720.0,12.0,155.0,23.3,2.26,6.4,135,99,9100.0,1,0.373
2026-03-29T10:00,0.1,0.1,0.0,0.0,0.0,0.0,51,1300.0,34.0,425.0,23.9,2.59,4.8,229,100,9460.0,1,0.369
2026-03-29T11:00,4.3,0.2,4.1,0.0,0.0,0.0,81,660.0,71.0,350.0,21.9,2.32,8.4,194,100,6680.0,0,0.412
2026-03-29T12:00,0.1,0.1,0.0,0.0,0.0,0.0,51,340.0,37.0,330.0,21.6,2.31,4.5,219,100,4920.0,0,0.318
2026-03-29T13:00,0.6,0.3,0.3,0.0,0.0,0.0,53,470.0,91.0,210.0,21.5,2.47,4.8,144,95,7540.0,0,0.325
2026-03-29T14:00,0.0,0.0,0.0,0.0,0.0,0.0,0,550.0,171.0,290.0,21.2,2.73,5.2,166,0,9140.0,0,0.324
2026-03-29T15:00,0.0,0.0,0.0,0.0,0.0,0.0,0,560.0,198.0,270.0,20.7,2.1,5.5,183,6,9420.0,0,0.323
2026-03-29T16:00,0.0,0.0,0.0,0.0,0.0,0.0,0,700.0,178.0,165.0,20.2,1.35,4.3,182,15,7460.0,0,0.322
2026-03-29T17:00,0.0,0.0,0.0,0.0,0.0,0.0,1,710.0,186.0,190.0,20.2,1.46,3.5,186,23,3160.0,0,0.322
2026-03-29T18:00,0.0,0.0,0.0,0.0,0.0,0.0,0,780.0,149.0,190.0,20.1,1.4,3.7,178,13,9620.0,0,0.314
2026-03-29T19:00,0.0,0.0,0.0,0.0,0.0,0.0,1,760.0,165.0,285.0,20.2,1.85,4.1,183,23,9620.0,0,0.314
2026-03-29T20:00,0.0,0.0,0.0,0.0,0.0,0.0,1,770.0,159.0,290.0,20.3,1.85,4.4,178,20,8960.0,0,0.313
2026-03-29T21:00,0.0,0.0,0.0,0.0,0.0,0.0,3,770.0,153.0,320.0,20.1,1.68,4.2,163,93,8940.0,0,0.313
2026-03-29T22:00,0.0,0.0,0.0,0.0,0.0,0.0,3,700.0,143.0,415.0,20.7,2.2,4.6,163,98,8280.0,0,0.313
2026-03-29T23:00,0.0,0.0,0.0,0.0,0.0,0.0,3,900.0,107.0,600.0,21.2,2.29,4.8,170,100,7440.0,1,0.312
2026-03-30T00:00,0.1,0.1,0.0,0.0,0.0,0.0,51,1110.0,1.0,685.0,22.5,3.45,7.3,182,98,9520.0,1,0.312
2026-03-30T01:00,0.3,0.2,0.1,0.0,0.0,0.0,51,660.0,23.0,525.0,22.8,3.66,8.9,220,100,3180.0,1,0.314
2026-03-30T02:00,1.8,1.1,0.7,0.0,0.0,0.0,80,390.0,7.0,420.0,21.7,3.16,8.1,191,100,2880.0,1,0.336
2026-03-30T03:00,1.0,1.0,0.0,0.0,0.0,0.0,55,650.0,102.0,510.0,21.7,3.3,7.3,170,100,4500.0,1,0.347
2026-03-30T04:00,0.2,0.2,0.0,0.0,0.0,0.0,51,900.0,146.0,465.0,22.5,3.18,6.7,161,100,11060.0,1,0.347
2026-03-30T05:00,0.0,0.0,0.0,0.0,0.0,0.0,3,1380.0,105.0,610.0,24.4,2.31,7.5,185,100,17500.0,1,0.344
2026-03-30T06:00,0.1,0.0,0.1,0.0,0.0,0.0,51,550.0,68.0,1085.0,24.8,3.76,7.7,210,100,2020.0,1,0.344
2026-03-30T07:00,1.3,1.3,0.0,0.0,0.0,0.0,80,890.0,133.0,265.0,22.3,1.9,7.8,157,100,4340.0,1,0.357
2026-03-30T08:00,0.1,0.1,0.0,0.0,0.0,0.0,51,1230.0,91.0,430.0,23.6,0.72,4.3,205,98,17000.0,1,0.356
2026-03-30T09:00,0.0,0.0,0.0,0.0,0.0,0.0,1,1120.0,101.0,595.0,24.6,1.28,4.1,201,32,19980.0,1,0.352
2026-03-30T10:00,0.0,0.0,0.0,0.0,0.0,0.0,3,1050.0,89.0,85.0,23.8,0.4,4.1,120,84,19980.0,1,0.35
2026-03-30T11:00,0.0,0.0,0.0,0.0,0.0,0.0,3,1210.0,73.0,35.0,22.0,0.82,1.7,76,98,16100.0,0,0.348
2026-03-30T12:00,0.0,0.0,0.0,0.0,0.0,0.0,3,890.0,58.0,275.0,22.1,1.99,1.7,219,100,7500.0,0,0.315
2026-03-30T13:00,0.1,0.1,0.0,0.0,0.0,0.0,51,790.0,126.0,40.0,21.7,0.52,3.7,107,100,5540.0,0,0.315
2026-03-30T14:00,0.1,0.1,0.0,0.0,0.0,0.0,51,790.0,175.0,45.0,21.0,0.64,2.4,231,44,5920.0,0,0.316
2026-03-30T15:00,0.0,0.0,0.0,0.0,0.0,0.0,2,970.0,94.0,45.0,20.6,1.0,2.0,87,52,9500.0,0,0.315
2026-03-30T16:00,0.0,0.0,0.0,0.0,0.0,0.0,3,1100.0,31.0,35.0,20.6,0.57,2.6,45,99,840.0,0,0.315
2026-03-30T17:00,0.0,0.0,0.0,0.0,0.0,0.0,3,1040.0,24.0,40.0,20.4,0.55,1.9,180,86,4040.0,0,0.314
2026-03-30T18:00,0.1,0.0,0.1,0.0,0.0,0.0,51,1100.0,50.0,55.0,21.1,1.35,3.0,202,87,780.0,0,0.303
2026-03-30T19:00,0.3,0.0,0.3,0.0,0.0,0.0,51,1050.0,33.0,25.0,20.6,0.72,3.0,205,99,580.0,0,0.308
2026-03-30T20:00,0.0,0.0,0.0,0.0,0.0,0.0,3,1020.0,42.0,35.0,20.5,1.08,2.3,193,100,320.0,0,0.307
2026-03-30T21:00,0.0,0.0,0.0,0.0,0.0,0.0,3,1230.0,29.0,35.0,20.3,1.27,3.1,169,100,300.0,0,0.307
2026-03-30T22:00,0.0,0.0,0.0,0.0,0.0,0.0,3,1140.0,66.0,35.0,20.1,1.15,3.1,180,100,280.0,0,0.307
2026-03-30T23:00,0.0,0.0,0.0,0.0,0.0,0.0,3,850.0,124.0,55.0,20.4,1.45,3.4,176,100,420.0,1,0.307
2026-03-31T00:00,0.0,0.0,0.0,0.0,0.0,0.0,3,1320.0,55.0,185.0,22.0,1.7,3.4,133,100,5960.0,1,0.315
2026-03-31T01:00,0.1,0.0,0.1,0.0,0.0,0.0,51,1200.0,57.0,535.0,23.3,3.46,7.3,175,100,11860.0,1,0.315
2026-03-31T02:00,0.3,0.0,0.3,0.0,0.0,0.0,51,1150.0,0.0,790.0,24.8,3.22,7.4,192,100,9580.0,1,0.316
2026-03-31T03:00,0.1,0.1,0.0,0.0,0.0,0.0,51,1070.0,44.0,890.0,26.0,4.39,9.2,204,100,15020.0,1,0.315
2026-03-31T04:00,0.1,0.0,0.1,0.0,0.0,0.0,51,1260.0,7.0,745.0,26.2,4.44,9.2,211,100,6180.0,1,0.314
2026-03-31T05:00,0.7,0.1,0.6,0.0,0.0,0.0,95,1600.0,15.0,805.0,26.4,3.77,9.5,186,99,8440.0,1,0.32
2026-03-31T06:00,0.0,0.0,0.0,0.0,0.0,0.0,3,1410.0,41.0,655.0,23.9,3.96,11.7,177,93,13380.0,1,0.317
2026-03-31T07:00,0.0,0.0,0.0,0.0,0.0,0.0,3,1220.0,0.0,930.0,26.3,5.08,11.1,186,96,13520.0,1,0.315
2026-03-31T08:00,0.0,0.0,0.0,0.0,0.0,0.0,3,950.0,7.0,940.0,26.1,4.47,11.0,198,100,20100.0,1,0.314
2026-03-31T09:00,1.9,0.1,1.8,0.0,0.0,0.0,95,900.0,21.0,545.0,24.5,2.85,10.9,178,85,6500.0,1,0.336
2026-03-31T10:00,0.1,0.1,0.0,0.0,0.0,0.0,51,1060.0,25.0,245.0,24.3,1.6,7.3,182,50,10380.0,1,0.335
2026-03-31T11:00,0.3,0.2,0.1,0.0,0.0,0.0,51,780.0,25.0,145.0,22.8,1.6,3.3,290,99,3420.0,0,0.337
2026-03-31T12:00,1.6,0.6,1.0,0.0,0.0,0.0,80,500.0,6.0,100.0,21.7,1.51,7.1,278,100,5160.0,0,0.366
2026-03-31T13:00,1.8,1.0,0.8,0.0,0.0,0.0,80,0.0,5.0,460.0,20.5,4.7,8.9,8,63,4840.0,0,0.385
2026-03-31T14:00,2.0,0.1,1.9,0.0,0.0,0.0,80,60.0,5.0,300.0,16.8,2.67,9.6,21,61,7060.0,0,0.402
2026-03-31T15:00,0.1,0.1,0.0,0.0,0.0,0.0,51,0.0,2.0,415.0,17.2,2.83,5.6,13,13,11260.0,0,0.393
2026-03-31T16:00,0.0,0.0,0.0,0.0,0.0,0.0,0,0.0,2.0,455.0,16.9,2.7,5.6,1,18,15880.0,0,0.385
2026-03-31T17:00,0.0,0.0,0.0,0.0,0.0,0.0,1,0.0,20.0,450.0,16.7,2.05,5.7,1,34,17660.0,0,0.38
2026-03-31T18:00,0.0,0.0,0.0,0.0,0.0,0.0,1,0.0,31.0,470.0,17.2,2.13,5.2,351,23,17680.0,0,0.372
2026-03-31T19:00,0.0,0.0,0.0,0.0,0.0,0.0,2,0.0,46.0,505.0,17.1,2.6,5.3,358,54,17680.0,0,0.368
2026-03-31T20:00,0.0,0.0,0.0,0.0,0.0,0.0,1,0.0,54.0,605.0,17.0,2.85,6.0,357,20,17680.0,0,0.365
2026-03-31T21:00,0.0,0.0,0.0,0.0,0.0,0.0,0,0.0,55.0,595.0,16.6,2.7,6.1,359,12,17680.0,0,0.362
2026-03-31T22:00,0.0,0.0,0.0,0.0,0.0,0.0,0,0.0,46.0,580.0,16.3,2.6,5.6,357,8,17700.0,0,0.36
2026-03-31T23:00,0.0,0.0,0.0,0.0,0.0,0.0,0,0.0,39.0,585.0,16.6,2.35,5.5,1,9,17700.0,1,0.358
2026-04-01T00:00,0.0,0.0,0.0,0.0,0.0,0.0,0,0.0,68.0,635.0,17.8,2.52,6.0,7,8,20200.0,1,0.346
2026-04-01T01:00,0.0,0.0,0.0,0.0,0.0,0.0,0,0.0,51.0,700.0,19.4,2.94,7.3,10,1,21740.0,1,0.343
2026-04-01T02:00,0.0,0.0,0.0,0.0,0.0,0.0,0,0.0,68.0,755.0,21.1,3.18,8.0,16,1,21760.0,1,0.339
2026-04-01T03:00,0.0,0.0,0.0,0.0,0.0,0.0,0,0.0,184.0,840.0,22.9,3.03,8.2,13,0,23120.0,1,0.335
2026-04-01T04:00,0.0,0.0,0.0,0.0,0.0,0.0,0,0.0,41.0,910.0,24.5,2.65,7.9,11,0,23140.0,1,0.33
2026-04-01T05:00,0.0,0.0,0.0,0.0,0.0,0.0,0,0.0,23.0,1000.0,25.9,2.44,7.3,11,0,23140.0,1,0.325
2026-04-01T06:00,0.0,0.0,0.0,0.0,0.0,0.0,0,0.0,11.0,1025.0,25.8,2.23,7.0,16,0,24320.0,1,0.325
2026-04-01T07:00,0.0,0.0,0.0,0.0,0.0,0.0,0,0.0,10.0,1130.0,26.7,2.33,6.4,23,4,24320.0,1,0.321
2026-04-01T08:00,0.0,0.0,0.0,0.0,0.0,0.0,0,0.0,15.0,1170.0,26.7,2.62,6.5,26,1,24340.0,1,0.317
2026-04-01T09:00,0.0,0.0,0.0,0.0,0.0,0.0,0,0.0,72.0,1070.0,26.1,2.44,6.4,43,0,24340.0,1,0.314
2026-04-01T10:00,0.0,0.0,0.0,0.0,0.0,0.0,0,0.0,15.0,220.0,24.0,1.2,5.4,45,0,23160.0,1,0.313
2026-04-01T11:00,0.0,0.0,0.0,0.0,0.0,0.0,0,0.0,9.0,60.0,21.4,1.15,2.5,34,0,21800.0,0,0.313
2026-04-01T12:00,0.0,0.0,0.0,0.0,0.0,0.0,0,0.0,31.0,50.0,20.8,1.2,2.2,17,0,21820.0,0,0.311
2026-04-01T13:00,0.0,0.0,0.0,0.0,0.0,0.0,1,0.0,2.0,30.0,19.7,0.76,2.3,8,20,20260.0,0,0.31
2026-04-01T14:00,0.0,0.0,0.0,0.0,0.0,0.0,1,0.0,1.0,35.0,19.2,0.91,1.9,6,32,17780.0,0,0.31
2026-04-01T15:00,0.0,0.0,0.0,0.0,0.0,0.0,1,0.0,117.0,35.0,18.9,0.91,2.0,351,37,17780.0,0,0.31
2026-04-01T16:00,0.0,0.0,0.0,0.0,0.0,0.0,1,60.0,9.0,55.0,18.9,0.82,1.9,346,40,17780.0,0,0.309
2026-04-01T17:00,0.0,0.0,0.0,0.0,0.0,0.0,1,0.0,183.0,35.0,18.5,0.58,1.6,31,22,17780.0,0,0.309
2026-04-01T18:00,0.4,0.0,0.4,0.0,0.0,0.0,51,410.0,16.0,30.0,18.5,0.65,1.4,360,10,17780.0,0,0.312
2026-04-01T19:00,0.4,0.0,0.4,0.0,0.0,0.0,51,320.0,18.0,65.0,17.9,0.89,1.8,27,83,17800.0,0,0.316
2026-04-01T20:00,0.0,0.0,0.0,0.0,0.0,0.0,3,220.0,15.0,70.0,18.1,0.6,1.7,5,100,17800.0,0,0.315
2026-04-01T21:00,0.0,0.0,0.0,0.0,0.0,0.0,3,0.0,11.0,65.0,18.3,0.66,1.2,9,100,16020.0,0,0.315
2026-04-01T22:00,0.0,0.0,0.0,0.0,0.0,0.0,3,160.0,4.0,75.0,18.4,0.95,1.9,360,100,16020.0,0,0.315
2026-04-01T23:00,0.0,0.0,0.0,0.0,0.0,0.0,3,180.0,19.0,65.0,18.6,0.8,1.8,356,100,16020.0,1,0.314
2026-04-02T00:00,0.0,0.0,0.0,0.0,0.0,0.0,3,190.0,17.0,180.0,20.0,0.5,2.1,354,100,17820.0,1,0.309
2026-04-02T01:00,0.0,0.0,0.0,0.0,0.0,0.0,3,220.0,9.0,415.0,21.4,0.32,3.1,72,100,11120.0,1,0.308
2026-04-02T02:00,0.2,0.2,0.0,0.0,0.0,0.0,51,200.0,24.0,285.0,21.6,0.45,2.6,27,100,6360.0,1,0.309
2026-04-02T03:00,0.2,0.2,0.0,0.0,0.0,0.0,51,190.0,14.0,720.0,23.2,2.29,5.4,164,100,20340.0,1,0.309
2026-04-02T04:00,0.0,0.0,0.0,0.0,0.0,0.0,3,220.0,15.0,860.0,24.5,3.05,7.0,162,100,21900.0,1,0.307
2026-04-02T05:00,0.0,0.0,0.0,0.0,0.0,0.0,3,210.0,44.0,920.0,25.0,3.21,7.4,165,100,12160.0,1,0.306
2026-04-02T06:00,0.0,0.0,0.0,0.0,0.0,0.0,3,290.0,38.0,820.0,23.8,2.8,8.1,178,100,11440.0,1,0.33
2026-04-02T07:00,0.1,0.1,0.0,0.0,0.0,0.0,51,20.0,116.0,925.0,24.6,4.04,8.5,172,63,7440.0,1,0.329
2026-04-02T08:00,0.2,0.1,0.1,0.0,0.0,0.0,51,270.0,16.0,1100.0,25.7,4.95,10.3,181,53,14480.0,1,0.328
2026-04-02T09:00,0.0,0.0,0.0,0.0,0.0,0.0,3,350.0,17.0,1055.0,25.1,4.26,11.1,164,100,21940.0,1,0.326
2026-04-02T10:00,0.0,0.0,0.0,0.0,0.0,0.0,3,30.0,175.0,920.0,24.0,3.49,8.9,153,96,20380.0,1,0.325
2026-04-02T11:00,0.0,0.0,0.0,0.0,0.0,0.0,3,280.0,52.0,760.0,22.9,3.15,7.2,155,100,20380.0,0,0.324
2026-04-02T12:00,0.0,0.0,0.0,0.0,0.0,0.0,3,390.0,25.0,640.0,22.9,2.68,7.0,153,100,20400.0,0,0.302
2026-04-02T13:00,0.0,0.0,0.0,0.0,0.0,0.0,3,250.0,20.0,600.0,22.4,2.84,6.4,156,100,20400.0,0,0.301
2026-04-02T14:00,0.0,0.0,0.0,0.0,0.0,0.0,2,220.0,25.0,475.0,21.6,2.37,6.0,155,63,20400.0,0,0.301
2026-04-02T15:00,0.0,0.0,0.0,0.0,0.0,0.0,3,320.0,11.0,410.0,20.6,2.34,5.0,164,100,17900.0,0,0.301
2026-04-02T16:00,0.0,0.0,0.0,0.0,0.0,0.0,3,240.0,23.0,490.0,20.8,2.96,6.4,161,100,10940.0,0,0.3
2026-04-02T17:00,0.1,0.1,0.0,0.0,0.0,0.0,51,260.0,24.0,480.0,20.5,2.69,6.4,162,100,12180.0,0,0.301
2026-04-02T18:00,0.0,0.0,0.0,0.0,0.0,0.0,3,260.0,23.0,480.0,20.5,2.31,5.8,158,100,12260.0,0,0.299
2026-04-02T19:00,0.0,0.0,0.0,0.0,0.0,0.0,3,200.0,46.0,495.0,20.5,2.6,5.8,157,100,13180.0,0,0.299
2026-04-02T20:00,0.0,0.0,0.0,0.0,0.0,0.0,3,220.0,164.0,535.0,20.5,1.86,5.7,153,100,16120.0,0,0.299
2026-04-02T21:00,0.0,0.0,0.0,0.0,0.0,0.0,3,270.0,132.0,495.0,20.4,2.15,4.5,155,100,9760.0,0,0.299
2026-04-02T22:00,0.0,0.0,0.0,0.0,0.0,0.0,3,390.0,109.0,465.0,20.4,1.9,5.4,162,100,6840.0,0,0.299
2026-04-02T23:00,0.3,0.3,0.0,0.0,0.0,0.0,51,460.0,86.0,505.0,20.5,2.5,5.2,177,100,4660.0,1,0.302
2026-04-03T00:00,0.3,0.3,0.0,0.0,0.0,0.0,51,260.0,31.0,485.0,21.0,3.08,5.5,172,95,10580.0,1,0.305
2026-04-03T01:00,0.0,0.0,0.0,0.0,0.0,0.0,3,180.0,115.0,655.0,22.9,2.92,7.2,167,99,14680.0,1,0.304
2026-04-03T02:00,0.0,0.0,0.0,0.0,0.0,0.0,3,420.0,64.0,1005.0,24.8,4.85,9.8,168,100,10240.0,1,0.303
2026-04-03T03:00,0.1,0.1,0.0,0.0,0.0,0.0,51,800.0,4.0,1135.0,25.9,4.88,10.8,191,84,6380.0,1,0.303
2026-04-03T04:00,0.2,0.2,0.0,0.0,0.0,0.0,51,910.0,24.0,1105.0,26.1,5.91,12.3,195,81,7880.0,1,0.303
2026-04-03T05:00,0.2,0.2,0.0,0.0,0.0,0.0,51,1110.0,12.0,1130.0,26.8,6.36,13.4,196,79,10220.0,1,0.302
2026-04-03T06:00,0.3,0.0,0.3,0.0,0.0,0.0,51,610.0,0.0,1180.0,25.9,5.58,15.2,197,97,10820.0,1,0.311
2026-04-03T07:00,0.4,0.1,0.3,0.0,0.0,0.0,51,1030.0,7.0,1285.0,26.6,5.02,13.5,200,85,8360.0,1,0.313
2026-04-03T08:00,0.3,0.2,0.1,0.0,0.0,0.0,51,1140.0,3.0,1125.0,26.5,3.72,11.7,200,74,7140.0,1,0.314
2026-04-03T09:00,0.1,0.1,0.0,0.0,0.0,0.0,51,740.0,9.0,1165.0,26.7,3.04,8.3,205,52,16020.0,1,0.313
2026-04-03T10:00,0.2,0.0,0.2,0.0,0.0,0.0,51,510.0,3.0,855.0,25.5,2.49,6.4,210,77,10120.0,1,0.314
2026-04-03T11:00,1.6,0.2,1.4,0.0,0.0,0.0,80,720.0,3.0,145.0,23.1,1.93,5.7,301,84,6200.0,0,0.334
2026-04-03T12:00,2.0,0.3,1.7,0.0,0.0,0.0,95,1070.0,3.0,40.0,21.8,0.65,5.7,212,61,7980.0,0,0.38
2026-04-03T13:00,0.0,0.0,0.0,0.0,0.0,0.0,2,930.0,5.0,35.0,21.7,0.52,1.9,107,53,11120.0,0,0.376
2026-04-03T14:00,0.0,0.0,0.0,0.0,0.0,0.0,0,970.0,9.0,35.0,21.1,0.81,1.9,137,19,9520.0,0,0.373
2026-04-03T15:00,0.0,0.0,0.0,0.0,0.0,0.0,3,1150.0,0.0,15.0,20.8,0.21,1.9,45,100,9180.0,0,0.371
2026-04-03T16:00,0.1,0.1,0.0,0.0,0.0,0.0,51,980.0,0.0,60.0,21.7,1.04,1.8,163,100,1380.0,0,0.369
2026-04-03T17:00,0.0,0.0,0.0,0.0,0.0,0.0,3,940.0,0.0,35.0,21.5,0.32,2.4,141,100,2240.0,0,0.367
2026-04-03T18:00,0.0,0.0,0.0,0.0,0.0,0.0,3,1020.0,10.0,30.0,21.5,0.57,2.2,165,80,640.0,0,0.36
2026-04-03T19:00,0.0,0.0,0.0,0.0,0.0,0.0,3,1030.0,8.0,30.0,20.9,0.68,1.3,197,100,240.0,0,0.358
2026-04-03T20:00,0.0,0.0,0.0,0.0,0.0,0.0,3,970.0,8.0,15.0,20.8,0.18,1.3,214,100,180.0,0,0.357
2026-04-03T21:00,0.0,0.0,0.0,0.0,0.0,0.0,3,890.0,2.0,60.0,20.8,1.2,2.4,355,100,160.0,0,0.355
2026-04-03T22:00,0.0,0.0,0.0,0.0,0.0,0.0,3,410.0,40.0,305.0,20.8,1.95,3.7,1,100,560.0,0,0.354
2026-04-03T23:00,0.1,0.0,0.1,0.0,0.0,0.0,51,410.0,9.0,370.0,20.4,2.22,4.0,14,100,13540.0,1,0.354
2026-04-04T00:00,0.0,0.0,0.0,0.0,0.0,0.0,3,690.0,9.0,390.0,20.6,3.11,6.2,24,100,14600.0,1,0.371
2026-04-04T01:00,0.0,0.0,0.0,0.0,0.0,0.0,3,610.0,11.0,490.0,21.8,2.55,6.4,26,100,18060.0,1,0.369
2026-04-04T02:00,0.0,0.0,0.0,0.0,0.0,0.0,3,510.0,9.0,595.0,22.5,2.8,6.9,358,100,9880.0,1,0.367
2026-04-04T03:00,0.0,0.0,0.0,0.0,0.0,0.0,1,400.0,16.0,590.0,23.3,2.48,6.8,9,42,15340.0,1,0.365
2026-04-04T04:00,0.0,0.0,0.0,0.0,0.0,0.0,1,380.0,21.0,740.0,25.3,2.35,7.0,2,27,22200.0,1,0.36
2026-04-04T05:00,0.0,0.0,0.0,0.0,0.0,0.0,1,170.0,15.0,860.0,26.5,1.26,6.7,342,29,19960.0,1,0.356
2026-04-04T06:00,0.0,0.0,0.0,0.0,0.0,0.0,2,30.0,11.0,1060.0,25.9,0.67,5.0,312,72,23600.0,1,0.352
2026-04-04T07:00,1.0,0.0,1.0,0.0,0.0,0.0,55,0.0,20.0,360.0,24.6,1.0,3.8,270,100,22220.0,1,0.36
2026-04-04T08:00,1.7,0.0,1.7,0.0,0.0,0.0,80,0.0,28.0,75.0,21.8,0.7,3.8,270,55,14780.0,1,0.38
2026-04-04T09:00,0.0,0.0,0.0,0.0,0.0,0.0,1,0.0,23.0,165.0,23.1,0.92,3.4,139,38,20640.0,1,0.377
2026-04-04T10:00,0.0,0.0,0.0,0.0,0.0,0.0,0,0.0,28.0,130.0,22.4,0.67,3.2,63,2,20660.0,1,0.375
2026-04-04T11:00,0.0,0.0,0.0,0.0,0.0,0.0,0,0.0,32.0,25.0,21.0,0.25,1.7,143,5,18120.0,0,0.373
2026-04-04T12:00,0.0,0.0,0.0,0.0,0.0,0.0,1,0.0,231.0,60.0,21.9,0.28,0.9,315,25,12660.0,0,0.372
2026-04-04T13:00,0.0,0.0,0.0,0.0,0.0,0.0,1,240.0,34.0,90.0,21.7,0.16,0.7,72,49,20660.0,0,0.37
2026-04-04T14:00,0.0,0.0,0.0,0.0,0.0,0.0,0,310.0,14.0,60.0,21.4,0.18,0.7,34,15,20680.0,0,0.369
2026-04-04T15:00,0.0,0.0,0.0,0.0,0.0,0.0,3,320.0,26.0,55.0,20.7,0.3,0.8,9,80,18000.0,0,0.368
2026-04-04T16:00,0.0,0.0,0.0,0.0,0.0,0.0,0,330.0,59.0,40.0,20.5,0.39,0.9,40,8,16340.0,0,0.367
2026-04-04T17:00,0.0,0.0,0.0,0.0,0.0,0.0,0,310.0,79.0,15.0,19.6,0.21,0.9,76,2,14180.0,0,0.366
2026-04-04T18:00,0.0,0.0,0.0,0.0,0.0,0.0,0,360.0,116.0,15.0,20.0,0.11,0.6,63,8,10020.0,0,0.358
2026-04-04T19:00,0.0,0.0,0.0,0.0,0.0,0.0,0,360.0,90.0,20.0,19.4,0.25,0.7,53,10,10000.0,0,0.358
2026-04-04T20:00,0.0,0.0,0.0,0.0,0.0,0.0,3,390.0,21.0,25.0,19.2,0.32,0.6,39,97,640.0,0,0.357
2026-04-04T21:00,0.0,0.0,0.0,0.0,0.0,0.0,3,480.0,4.0,35.0,19.1,0.47,0.8,32,98,220.0,0,0.357
2026-04-04T22:00,0.0,0.0,0.0,0.0,0.0,0.0,3,450.0,21.0,35.0,18.9,0.42,0.9,45,98,140.0,0,0.356
2026-04-04T23:00,0.0,0.0,0.0,0.0,0.0,0.0,3,510.0,21.0,45.0,19.3,0.65,2.1,148,100,240.0,1,0.356
2026-04-05T00:00,0.0,0.0,0.0,0.0,0.0,0.0,3,520.0,44.0,135.0,21.3,0.25,2.5,37,100,11140.0,1,0.361
2026-04-05T01:00,0.0,0.0,0.0,0.0,0.0,0.0,3,420.0,58.0,325.0,22.8,0.85,2.8,130,100,6980.0,1,0.36
2026-04-05T02:00,0.0,0.0,0.0,0.0,0.0,0.0,3,510.0,53.0,440.0,24.3,0.72,3.2,155,91,19420.0,1,0.359
2026-04-05T03:00,0.1,0.0,0.1,0.0,0.0,0.0,51,790.0,4.0,785.0,26.9,2.29,5.8,191,45,5180.0,1,0.357
2026-04-05T04:00,0.2,0.1,0.1,0.0,0.0,0.0,51,1150.0,0.0,990.0,27.9,3.76,9.6,185,95,12800.0,1,0.356
2026-04-05T05:00,0.9,0.1,0.8,0.0,0.0,0.0,53,840.0,15.0,565.0,26.3,4.42,9.9,214,78,5700.0,1,0.365
2026-04-05T06:00,0.1,0.1,0.0,0.0,0.0,0.0,51,540.0,4.0,740.0,26.2,3.03,10.0,202,83,11840.0,1,0.415
2026-04-05T07:00,0.1,0.1,0.0,0.0,0.0,0.0,51,780.0,4.0,830.0,27.5,2.8,7.2,179,50,13000.0,1,0.405
2026-04-05T08:00,3.4,0.1,3.3,0.0,0.0,0.0,95,430.0,0.0,605.0,25.2,4.0,9.5,179,99,4060.0,1,0.43
2026-04-05T09:00,1.8,0.8,1.0,0.0,0.0,0.0,80,390.0,16.0,245.0,23.0,1.55,8.4,249,85,5840.0,1,0.422
2026-04-05T10:00,0.1,0.1,0.0,0.0,0.0,0.0,51,480.0,4.0,225.0,23.3,1.32,3.4,191,100,6240.0,1,0.412
2026-04-05T11:00,0.4,0.2,0.2,0.0,0.0,0.0,51,330.0,21.0,210.0,23.0,1.19,4.2,165,100,6920.0,0,0.411
2026-04-05T12:00,1.2,0.2,1.0,0.0,0.0,0.0,55,750.0,13.0,395.0,23.0,1.88,4.3,169,75,6040.0,0,0.372
2026-04-05T13:00,0.3,0.3,0.0,0.0,0.0,0.0,51,550.0,10.0,295.0,22.7,1.81,4.8,166,91,5860.0,0,0.375
2026-04-05T14:00,0.1,0.1,0.0,0.0,0.0,0.0,51,590.0,8.0,405.0,22.5,2.52,5.2,159,92,6960.0,0,0.374
2026-04-05T15:00,0.1,0.1,0.0,0.0,0.0,0.0,51,780.0,11.0,405.0,22.4,2.11,5.6,175,100,6140.0,0,0.373
2026-04-05T16:00,0.0,0.0,0.0,0.0,0.0,0.0,3,490.0,12.0,265.0,22.3,1.23,4.4,153,100,9420.0,0,0.372
2026-04-05T17:00,0.1,0.1,0.0,0.0,0.0,0.0,51,770.0,2.0,190.0,22.2,0.89,3.1,164,100,4640.0,0,0.372
2026-04-05T18:00,0.2,0.2,0.0,0.0,0.0,0.0,51,1000.0,0.0,255.0,22.4,0.96,5.7,174,100,3700.0,0,0.366
2026-04-05T19:00,0.3,0.3,0.0,0.0,0.0,0.0,51,990.0,7.0,320.0,22.5,1.51,3.3,174,100,3840.0,0,0.369
2026-04-05T20:00,4.2,0.3,3.9,0.0,0.0,0.0,95,610.0,3.0,310.0,22.3,2.11,6.5,175,83,5640.0,0,0.423
2026-04-05T21:00,0.4,0.2,0.2,0.0,0.0,0.0,51,830.0,12.0,275.0,22.0,2.29,4.7,164,95,3000.0,0,0.414
2026-04-05T22:00,0.0,0.0,0.0,0.0,0.0,0.0,3,970.0,31.0,235.0,22.3,1.5,5.1,165,100,9360.0,0,0.405
2026-04-05T23:00,0.0,0.0,0.0,0.0,0.0,0.0,3,970.0,18.0,165.0,22.7,1.2,3.5,180,100,8740.0,1,0.4
2026-04-06T00:00,0.0,0.0,0.0,0.0,0.0,0.0,3,1060.0,13.0,260.0,23.1,1.71,5.8,175,100,4900.0,1,0.365
2026-04-06T01:00,0.6,0.6,0.0,0.0,0.0,0.0,53,910.0,38.0,435.0,23.5,3.29,6.8,171,100,5520.0,1,0.372
2026-04-06T02:00,0.0,0.0,0.0,0.0,0.0,0.0,3,1110.0,15.0,585.0,25.3,3.0,7.3,180,100,16500.0,1,0.371
2026-04-06T03:00,0.0,0.0,0.0,0.0,0.0,0.0,3,920.0,46.0,730.0,26.1,3.92,8.9,197,100,8920.0,1,0.369
2026-04-06T04:00,0.0,0.0,0.0,0.0,0.0,0.0,3,1220.0,11.0,755.0,27.1,3.49,8.4,205,100,20900.0,1,0.367
2026-04-06T05:00,0.1,0.1,0.0,0.0,0.0,0.0,51,1160.0,14.0,730.0,27.1,3.42,9.6,192,90,10800.0,1,0.366
2026-04-06T06:00,0.2,0.1,0.1,0.0,0.0,0.0,51,1260.0,9.0,1075.0,28.7,4.82,11.1,197,56,22040.0,1,0.367
2026-04-06T07:00,0.0,0.0,0.0,0.0,0.0,0.0,1,940.0,10.0,1115.0,29.5,5.36,11.3,200,35,22520.0,1,0.364
2026-04-06T08:00,0.0,0.0,0.0,0.0,0.0,0.0,2,950.0,11.0,1255.0,29.1,5.67,12.0,203,61,11960.0,1,0.36
2026-04-06T09:00,0.0,0.0,0.0,0.0,0.0,0.0,0,980.0,50.0,1030.0,28.1,3.45,11.8,190,18,17220.0,1,0.359
2026-04-06T10:00,0.0,0.0,0.0,0.0,0.0,0.0,2,1310.0,35.0,1000.0,27.3,4.56,9.2,189,58,17680.0,1,0.357
2026-04-06T11:00,0.0,0.0,0.0,0.0,0.0,0.0,1,1460.0,8.0,665.0,25.6,3.42,9.4,186,23,13440.0,0,0.356
2026-04-06T12:00,0.0,0.0,0.0,0.0,0.0,0.0,0,970.0,26.0,490.0,25.1,3.06,7.0,184,16,19900.0,0,0.382
2026-04-06T13:00,0.0,0.0,0.0,0.0,0.0,0.0,2,770.0,26.0,260.0,24.0,1.3,6.1,178,60,20880.0,0,0.381
2026-04-06T14:00,0.0,0.0,0.0,0.0,0.0,0.0,2,1210.0,18.0,185.0,23.6,1.46,3.3,172,53,15020.0,0,0.38
2026-04-06T15:00,0.0,0.0,0.0,0.0,0.0,0.0,3,1530.0,3.0,85.0,22.9,1.05,3.4,177,98,12200.0,0,0.379
2026-04-06T16:00,0.0,0.0,0.0,0.0,0.0,0.0,3,1700.0,0.0,45.0,23.4,0.6,2.5,204,100,10780.0,0,0.378
2026-04-06T17:00,0.1,0.1,0.0,0.0,0.0,0.0,51,1780.0,0.0,40.0,23.6,0.56,1.9,207,100,2920.0,0,0.378
2026-04-06T18:00,0.7,0.7,0.0,0.0,0.0,0.0,53,1550.0,2.0,35.0,23.1,0.56,1.6,190,59,2840.0,0,0.377
2026-04-06T19:00,0.0,0.0,0.0,0.0,0.0,0.0,2,1460.0,4.0,30.0,23.0,0.74,1.6,132,59,10160.0,0,0.377
2026-04-06T20:00,0.0,0.0,0.0,0.0,0.0,0.0,3,1430.0,2.0,25.0,22.7,0.59,1.7,160,96,1120.0,0,0.376
2026-04-06T21:00,0.0,0.0,0.0,0.0,0.0,0.0,3,1430.0,1.0,20.0,22.6,0.41,1.3,166,100,360.0,0,0.375
2026-04-06T22:00,0.2,0.1,0.1,0.0,0.0,0.0,51,1560.0,0.0,20.0,22.3,0.46,1.6,221,100,220.0,0,0.377
2026-04-06T23:00,1.2,0.3,0.9,0.0,0.0,0.0,55,1120.0,1.0,55.0,22.8,0.78,2.7,230,100,720.0,1,0.392
2026-04-07T00:00,0.1,0.0,0.1,0.0,0.0,0.0,51,1310.0,2.0,120.0,23.9,1.01,2.4,351,63,8880.0,1,0.368
2026-04-07T01:00,0.2,0.1,0.1,0.0,0.0,0.0,51,1520.0,0.0,240.0,25.1,1.32,4.4,351,98,9080.0,1,0.369
2026-04-07T02:00,0.1,0.1,0.0,0.0,0.0,0.0,51,1540.0,0.0,420.0,26.7,1.42,5.8,10,100,10440.0,1,0.368
2026-04-07T03:00,0.3,0.1,0.2,0.0,0.0,0.0,51,1600.0,1.0,450.0,26.7,1.12,5.9,27,98,6400.0,1,0.369
2026-04-07T04:00,0.3,0.1,0.2,0.0,0.0,0.0,95,2160.0,1.0,615.0,28.6,0.3,5.2,351,76,5840.0,1,0.369
2026-04-07T05:00,0.5,0.1,0.4,0.0,0.0,0.0,95,2580.0,0.0,865.0,29.7,1.25,5.1,241,100,21040.0,1,0.371
2026-04-07T06:00,2.2,0.2,2.0,0.0,0.0,0.0,96,2280.0,4.0,735.0,29.4,1.34,5.5,207,56,10900.0,1,0.383
2026-04-07T07:00,0.4,0.2,0.2,0.0,0.0,0.0,95,2060.0,15.0,425.0,28.4,2.97,7.6,226,60,9460.0,1,0.383
2026-04-07T08:00,1.0,0.1,0.9,0.0,0.0,0.0,95,1840.0,1.0,610.0,27.7,2.36,6.8,216,98,8020.0,1,0.39
2026-04-07T09:00,0.1,0.1,0.0,0.0,0.0,0.0,51,1910.0,23.0,225.0,26.6,0.88,5.5,223,98,8640.0,1,0.389
2026-04-07T10:00,1.9,0.0,1.9,0.0,0.0,0.0,95,1660.0,16.0,160.0,24.7,1.72,4.5,206,91,8440.0,1,0.408
2026-04-07T11:00,0.0,0.0,0.0,0.0,0.0,0.0,1,1700.0,25.0,15.0,24.0,0.07,3.5,135,48,10620.0,0,0.403
2026-04-07T12:00,0.0,0.0,0.0,0.0,0.0,0.0,2,1640.0,25.0,40.0,24.4,0.43,1.2,111,76,7900.0,0,0.394
2026-04-07T13:00,0.2,0.0,0.2,0.0,0.0,0.0,51,1480.0,0.0,50.0,24.1,0.6,2.0,5,100,6040.0,0,0.395
2026-04-07T14:00,0.1,0.1,0.0,0.0,0.0,0.0,51,1350.0,10.0,60.0,24.1,0.88,2.5,133,77,8480.0,0,0.395
2026-04-07T15:00,0.1,0.1,0.0,0.0,0.0,0.0,51,1260.0,0.0,45.0,23.9,0.54,2.1,158,99,5000.0,0,0.394
2026-04-07T16:00,0.3,0.2,0.1,0.0,0.0,0.0,51,1290.0,0.0,150.0,23.9,0.99,2.2,150,100,5060.0,0,0.396
2026-04-07T17:00,0.4,0.3,0.1,0.0,0.0,0.0,51,570.0,10.0,415.0,23.3,2.38,4.8,120,99,4520.0,0,0.399
2026-04-07T18:00,0.1,0.1,0.0,0.0,0.0,0.0,51,240.0,128.0,335.0,22.8,2.49,5.1,120,100,11300.0,0,0.386
2026-04-07T19:00,0.0,0.0,0.0,0.0,0.0,0.0,3,520.0,22.0,330.0,22.0,2.17,4.9,119,99,12340.0,0,0.385
2026-04-07T20:00,0.0,0.0,0.0,0.0,0.0,0.0,3,570.0,46.0,295.0,21.3,1.7,4.3,130,100,11640.0,0,0.385
2026-04-07T21:00,0.0,0.0,0.0,0.0,0.0,0.0,3,320.0,28.0,305.0,21.2,1.7,3.7,137,100,15560.0,0,0.385
2026-04-07T22:00,0.0,0.0,0.0,0.0,0.0,0.0,3,310.0,44.0,295.0,20.8,1.61,3.9,150,99,16720.0,0,0.384
2026-04-07T23:00,0.0,0.0,0.0,0.0,0.0,0.0,3,260.0,44.0,295.0,21.0,1.36,3.4,163,100,13400.0,1,0.383
2026-04-08T00:00,0.0,0.0,0.0,0.0,0.0,0.0,3,220.0,50.0,270.0,21.2,0.64,4.3,135,99,15780.0,1,0.386
2026-04-08T01:00,0.0,0.0,0.0,0.0,0.0,0.0,3,320.0,41.0,430.0,23.5,1.54,4.7,151,100,15260.0,1,0.385
2026-04-08T02:00,0.0,0.0,0.0,0.0,0.0,0.0,1,400.0,51.0,585.0,24.3,2.12,5.3,165,39,21160.0,1,0.383
2026-04-08T03:00,0.0,0.0,0.0,0.0,0.0,0.0,3,400.0,23.0,1045.0,27.2,4.77,10.5,167,100,22800.0,1,0.38
2026-04-08T04:00,0.0,0.0,0.0,0.0,0.0,0.0,3,500.0,22.0,1190.0,27.8,4.86,10.8,171,100,22800.0,1,0.377
2026-04-08T05:00,0.0,0.0,0.0,0.0,0.0,0.0,3,530.0,29.0,1405.0,28.8,5.0,10.5,181,100,24220.0,1,0.374
2026-04-08T06:00,0.0,0.0,0.0,0.0,0.0,0.0,3,860.0,16.0,1310.0,28.1,5.6,12.4,182,100,24240.0,1,0.388
2026-04-08T07:00,0.0,0.0,0.0,0.0,0.0,0.0,3,700.0,8.0,1345.0,28.0,5.33,12.0,170,84,22820.0,1,0.385
2026-04-08T08:00,0.0,0.0,0.0,0.0,0.0,0.0,2,600.0,9.0,1430.0,28.4,5.21,11.8,184,72,24240.0,1,0.382
2026-04-08T09:00,0.0,0.0,0.0,0.0,0.0,0.0,1,390.0,69.0,1345.0,27.8,5.01,11.9,192,26,22840.0,1,0.379
2026-04-08T10:00,0.0,0.0,0.0,0.0,0.0,0.0,1,120.0,315.0,1240.0,26.5,3.84,10.1,198,27,22840.0,1,0.377
2026-04-08T11:00,0.0,0.0,0.0,0.0,0.0,0.0,3,60.0,422.0,1050.0,25.1,3.15,7.8,183,100,21220.0,0,0.377
2026-04-08T12:00,0.0,0.0,0.0,0.0,0.0,0.0,3,40.0,483.0,780.0,24.0,2.22,7.7,172,100,10180.0,0,0.36
2026-04-08T13:00,0.0,0.0,0.0,0.0,0.0,0.0,3,10.0,352.0,695.0,23.6,2.78,5.9,166,100,18620.0,0,0.36
2026-04-08T14:00,0.0,0.0,0.0,0.0,0.0,0.0,3,0.0,451.0,620.0,23.1,2.73,5.9,166,91,12940.0,0,0.36
2026-04-08T15:00,0.0,0.0,0.0,0.0,0.0,0.0,2,0.0,477.0,570.0,22.7,2.61,5.8,168,79,14040.0,0,0.361
2026-04-08T16:00,0.0,0.0,0.0,0.0,0.0,0.0,3,0.0,497.0,420.0,22.0,2.33,5.4,157,100,13300.0,0,0.361
2026-04-08T17:00,0.0,0.0,0.0,0.0,0.0,0.0,3,60.0,572.0,325.0,21.8,1.79,5.1,150,100,8220.0,0,0.361
2026-04-08T18:00,0.0,0.0,0.0,0.0,0.0,0.0,3,10.0,490.0,330.0,21.9,1.48,4.0,152,100,9520.0,0,0.36
2026-04-08T19:00,0.1,0.1,0.0,0.0,0.0,0.0,51,0.0,517.0,360.0,21.9,2.25,4.6,159,100,8960.0,0,0.362
2026-04-08T20:00,0.0,0.0,0.0,0.0,0.0,0.0,0,0.0,470.0,385.0,21.8,2.31,4.9,158,16,14780.0,0,0.362
2026-04-08T21:00,0.0,0.0,0.0,0.0,0.0,0.0,3,10.0,407.0,240.0,20.7,1.46,4.7,158,100,11020.0,0,0.362
2026-04-08T22:00,0.0,0.0,0.0,0.0,0.0,0.0,3,0.0,470.0,350.0,21.5,1.86,3.9,166,100,10580.0,0,0.362
2026-04-08T23:00,0.0,0.0,0.0,0.0,0.0,0.0,3,0.0,451.0,480.0,21.8,2.55,5.1,169,98,13500.0,1,0.362
2026-04-09T00:00,0.0,0.0,0.0,0.0,0.0,0.0,3,10.0,456.0,525.0,22.5,2.19,6.4,169,100,11720.0,1,0.356
2026-04-09T01:00,0.1,0.1,0.0,0.0,0.0,0.0,51,10.0,372.0,770.0,23.9,4.05,8.5,178,58,15880.0,1,0.357
2026-04-09T02:00,0.0,0.0,0.0,0.0,0.0,0.0,1,30.0,381.0,990.0,26.0,4.88,10.3,186,42,21320.0,1,0.355
2026-04-09T03:00,0.0,0.0,0.0,0.0,0.0,0.0,3,40.0,347.0,1205.0,28.1,5.45,11.8,191,96,22960.0,1,0.352
2026-04-09T04:00,0.0,0.0,0.0,0.0,0.0,0.0,1,100.0,287.0,1240.0,28.5,5.92,12.6,196,23,22960.0,1,0.349
2026-04-09T05:00,0.0,0.0,0.0,0.0,0.0,0.0,2,130.0,266.0,1345.0,29.4,6.39,13.5,199,63,24400.0,1,0.345
2026-04-09T06:00,0.0,0.0,0.0,0.0,0.0,0.0,3,40.0,376.0,1345.0,28.5,6.04,14.3,199,94,24400.0,1,0.353
2026-04-09T07:00,0.0,0.0,0.0,0.0,0.0,0.0,3,60.0,298.0,1270.0,28.4,5.74,12.4,197,97,22980.0,1,0.351
2026-04-09T08:00,0.0,0.0,0.0,0.0,0.0,0.0,2,180.0,216.0,1025.0,27.9,5.6,11.9,193,56,22980.0,1,0.348
2026-04-09T09:00,0.0,0.0,0.0,0.0,0.0,0.0,1,160.0,209.0,1000.0,27.4,5.26,12.5,192,32,23000.0,1,0.347
2026-04-09T10:00,0.0,0.0,0.0,0.0,0.0,0.0,1,120.0,252.0,930.0,26.4,4.46,10.7,189,22,21360.0,1,0.346
2026-04-09T11:00,0.0,0.0,0.0,0.0,0.0,0.0,0,60.0,349.0,785.0,25.1,4.37,9.2,185,13,19040.0,0,0.346
2026-04-09T12:00,0.0,0.0,0.0,0.0,0.0,0.0,1,50.0,377.0,605.0,24.2,3.01,9.1,191,28,14620.0,0,0.339
2026-04-09T13:00,0.0,0.0,0.0,0.0,0.0,0.0,1,60.0,396.0,595.0,24.0,3.53,7.3,187,22,16220.0,0,0.339
2026-04-09T14:00,0.0,0.0,0.0,0.0,0.0,0.0,1,110.0,363.0,580.0,23.6,3.5,7.3,190,27,13880.0,0,0.339
2026-04-09T15:00,0.0,0.0,0.0,0.0,0.0,0.0,1,250.0,256.0,585.0,23.3,3.69,7.9,193,30,12240.0,0,0.34
2026-04-09T16:00,0.0,0.0,0.0,0.0,0.0,0.0,1,270.0,232.0,550.0,23.1,3.43,7.7,188,25,12960.0,0,0.34
2026-04-09T17:00,0.0,0.0,0.0,0.0,0.0,0.0,1,280.0,228.0,545.0,22.8,3.26,7.2,184,25,13140.0,0,0.341
2026-04-09T18:00,0.0,0.0,0.0,0.0,0.0,0.0,1,390.0,121.0,395.0,22.8,2.33,7.0,170,30,9580.0,0,0.341
2026-04-09T19:00,0.0,0.0,0.0,0.0,0.0,0.0,1,380.0,118.0,475.0,22.9,2.02,4.9,171,30,12880.0,0,0.341
2026-04-09T20:00,0.0,0.0,0.0,0.0,0.0,0.0,3,360.0,122.0,420.0,22.7,1.55,4.4,165,91,12740.0,0,0.342
2026-04-09T21:00,0.0,0.0,0.0,0.0,0.0,0.0,3,360.0,102.0,225.0,22.4,0.72,3.5,146,100,9220.0,0,0.342
2026-04-09T22:00,0.0,0.0,0.0,0.0,0.0,0.0,3,360.0,0.0,205.0,22.9,1.12,2.5,148,100,9500.0,0,0.343
2026-04-09T23:00,0.0,0.0,0.0,0.0,0.0,0.0,3,400.0,106.0,375.0,23.3,1.96,3.9,174,91,11800.0,1,0.343
2026-04-10T00:00,0.1,0.0,0.1,0.0,0.0,0.0,51,210.0,173.0,685.0,24.3,2.65,6.6,178,29,14920.0,1,0.342
2026-04-10T01:00,0.0,0.0,0.0,0.0,0.0,0.0,1,180.0,182.0,805.0,26.0,3.35,7.7,194,45,17180.0,1,0.341
2026-04-10T02:00,0.0,0.0,0.0,0.0,0.0,0.0,3,110.0,188.0,985.0,27.3,3.36,7.8,195,100,23100.0,1,0.339
2026-04-10T03:00,0.0,0.0,0.0,0.0,0.0,0.0,3,170.0,150.0,1125.0,28.3,3.7,8.2,201,98,23100.0,1,0.337
2026-04-10T04:00,0.0,0.0,0.0,0.0,0.0,0.0,3,510.0,91.0,1240.0,29.3,3.61,8.6,199,100,23120.0,1,0.335
2026-04-10T05:00,0.0,0.0,0.0,0.0,0.0,0.0,3,360.0,95.0,1400.0,30.3,4.26,9.1,196,96,24560.0,1,0.332
2026-04-10T06:00,0.0,0.0,0.0,0.0,0.0,0.0,1,600.0,62.0,1520.0,31.2,4.1,10.4,202,41,24560.0,1,0.329
2026-04-10T07:00,0.0,0.0,0.0,0.0,0.0,0.0,1,510.0,64.0,1425.0,31.4,4.65,10.2,207,23,24580.0,1,0.325
2026-04-10T08:00,0.0,0.0,0.0,0.0,0.0,0.0,1,460.0,82.0,1310.0,30.6,4.37,10.0,216,23,24580.0,1,0.323
2026-04-10T09:00,0.0,0.0,0.0,0.0,0.0,0.0,0,820.0,56.0,1315.0,29.8,4.51,9.4,197,7,23140.0,1,0.321
2026-04-10T10:00,0.0,0.0,0.0,0.0,0.0,0.0,0,1050.0,60.0,930.0,28.0,4.31,9.2,171,6,21500.0,1,0.32
2026-04-10T11:00,0.0,0.0,0.0,0.0,0.0,0.0,0,460.0,137.0,720.0,26.2,4.05,9.0,180,8,21360.0,0,0.32
2026-04-10T12:00,0.0,0.0,0.0,0.0,0.0,0.0,0,300.0,126.0,500.0,25.2,2.8,8.4,191,7,21300.0,0,0.332
2026-04-10T13:00,0.0,0.0,0.0,0.0,0.0,0.0,0,270.0,153.0,545.0,24.9,3.01,6.3,184,10,18900.0,0,0.332
2026-04-10T14:00,0.0,0.0,0.0,0.0,0.0,0.0,0,220.0,169.0,580.0,24.4,3.2,6.8,183,17,18340.0,0,0.332
2026-04-10T15:00,0.0,0.0,0.0,0.0,0.0,0.0,0,310.0,148.0,550.0,24.0,2.46,6.7,185,19,16160.0,0,0.332
2026-04-10T16:00,0.0,0.0,0.0,0.0,0.0,0.0,1,440.0,136.0,500.0,23.7,2.25,5.3,180,33,12460.0,0,0.332
2026-04-10T17:00,0.0,0.0,0.0,0.0,0.0,0.0,3,500.0,141.0,525.0,23.5,2.75,5.8,177,100,12160.0,0,0.333
2026-04-10T18:00,0.0,0.0,0.0,0.0,0.0,0.0,0,710.0,104.0,485.0,23.7,2.55,6.8,178,16,13020.0,0,0.333
2026-04-10T19:00,0.0,0.0,0.0,0.0,0.0,0.0,0,710.0,110.0,550.0,23.8,2.75,5.9,180,15,13040.0,0,0.333
2026-04-10T20:00,0.0,0.0,0.0,0.0,0.0,0.0,1,540.0,136.0,535.0,23.3,2.65,5.9,180,20,13240.0,0,0.333
2026-04-10T21:00,0.0,0.0,0.0,0.0,0.0,0.0,1,420.0,161.0,540.0,23.1,2.71,5.7,176,30,13740.0,0,0.333
2026-04-10T22:00,0.0,0.0,0.0,0.0,0.0,0.0,1,300.0,194.0,545.0,23.0,2.95,6.4,179,34,12800.0,0,0.334
2026-04-10T23:00,0.0,0.0,0.0,0.0,0.0,0.0,1,270.0,197.0,590.0,23.6,3.22,6.6,187,28,15180.0,1,0.334
2026-04-11T00:00,0.0,0.0,0.0,0.0,0.0,0.0,1,340.0,171.0,585.0,24.7,3.86,9.5,190,47,13640.0,1,0.328
2026-04-11T01:00,0.0,0.0,0.0,0.0,0.0,0.0,2,220.0,175.0,795.0,26.4,4.64,9.8,196,73,21420.0,1,0.327
2026-04-11T02:00,0.1,0.0,0.1,0.0,0.0,0.0,51,390.0,133.0,900.0,27.6,4.82,10.6,195,99,21600.0,1,0.326
2026-04-11T03:00,0.0,0.0,0.0,0.0,0.0,0.0,3,820.0,82.0,1060.0,28.7,5.13,10.8,195,100,23280.0,1,0.323
2026-04-11T04:00,0.0,0.0,0.0,0.0,0.0,0.0,3,1150.0,49.0,1205.0,29.7,5.3,11.5,194,96,23280.0,1,0.321
2026-04-11T05:00,0.0,0.0,0.0,0.0,0.0,0.0,3,1240.0,27.0,1310.0,30.3,6.09,12.8,192,84,23280.0,1,0.318
2026-04-11T06:00,0.0,0.0,0.0,0.0,0.0,0.0,3,610.0,59.0,1235.0,29.1,5.57,13.2,192,86,23300.0,1,0.317
2026-04-11T07:00,0.0,0.0,0.0,0.0,0.0,0.0,3,630.0,60.0,1215.0,29.7,5.78,12.4,189,100,23300.0,1,0.314
2026-04-11T08:00,0.0,0.0,0.0,0.0,0.0,0.0,1,840.0,36.0,925.0,28.4,5.29,12.3,190,45,23300.0,1,0.313
2026-04-11T09:00,0.0,0.0,0.0,0.0,0.0,0.0,3,560.0,50.0,1000.0,28.3,5.14,11.3,191,80,23320.0,1,0.311
2026-04-11T10:00,0.0,0.0,0.0,0.0,0.0,0.0,3,490.0,51.0,865.0,27.1,4.38,11.2,187,95,21660.0,1,0.31
2026-04-11T11:00,0.0,0.0,0.0,0.0,0.0,0.0,0,460.0,86.0,740.0,26.1,4.21,9.0,177,18,15740.0,0,0.31
2026-04-11T12:00,0.0,0.0,0.0,0.0,0.0,0.0,0,320.0,82.0,600.0,25.3,2.6,8.8,178,10,20140.0,0,0.317
2026-04-11T13:00,0.0,0.0,0.0,0.0,0.0,0.0,1,270.0,96.0,645.0,25.1,2.76,5.9,175,32,20360.0,0,0.317
2026-04-11T14:00,0.0,0.0,0.0,0.0,0.0,0.0,1,200.0,95.0,655.0,24.9,2.7,5.9,181,37,16420.0,0,0.317
2026-04-11T15:00,0.0,0.0,0.0,0.0,0.0,0.0,2,250.0,97.0,610.0,24.4,2.9,6.1,178,60,19040.0,0,0.317
2026-04-11T16:00,0.0,0.0,0.0,0.0,0.0,0.0,1,400.0,88.0,650.0,24.1,3.15,6.6,178,31,13120.0,0,0.318
2026-04-11T17:00,0.0,0.0,0.0,0.0,0.0,0.0,1,440.0,78.0,660.0,24.0,3.3,7.0,177,48,12760.0,0,0.318
2026-04-11T18:00,0.0,0.0,0.0,0.0,0.0,0.0,1,660.0,35.0,650.0,24.1,2.61,7.0,176,30,11980.0,0,0.313
2026-04-11T19:00,0.0,0.0,0.0,0.0,0.0,0.0,1,600.0,40.0,640.0,24.0,2.73,5.8,172,36,12020.0,0,0.313
2026-04-11T20:00,0.0,0.0,0.0,0.0,0.0,0.0,0,550.0,47.0,615.0,23.9,2.72,6.1,173,14,12340.0,0,0.313
2026-04-11T21:00,0.0,0.0,0.0,0.0,0.0,0.0,3,560.0,52.0,560.0,23.5,2.11,5.8,173,84,11620.0,0,0.313
2026-04-11T22:00,0.0,0.0,0.0,0.0,0.0,0.0,3,560.0,55.0,545.0,23.6,2.07,4.6,173,98,10680.0,0,0.314
2026-04-11T23:00,0.1,0.1,0.0,0.0,0.0,0.0,51,580.0,53.0,665.0,24.3,3.06,6.3,176,100,11020.0,1,0.315
2026-04-12T00:00,0.0,0.0,0.0,0.0,0.0,0.0,2,580.0,0.0,625.0,25.0,3.49,10.1,189,50,12780.0,1,0.317
2026-04-12T01:00,0.0,0.0,0.0,0.0,0.0,0.0,3,530.0,80.0,745.0,26.5,4.09,8.9,188,80,17700.0,1,0.316
2026-04-12T02:00,0.1,0.0,0.1,0.0,0.0,0.0,51,430.0,88.0,1000.0,27.9,4.32,9.3,193,100,23420.0,1,0.315
2026-04-12T03:00,0.0,0.0,0.0,0.0,0.0,0.0,3,660.0,49.0,1160.0,28.8,4.38,9.6,194,98,23440.0,1,0.313
2026-04-12T04:00,0.0,0.0,0.0,0.0,0.0,0.0,3,770.0,24.0,1055.0,29.2,4.75,10.2,197,94,23440.0,1,0.31
2026-04-12T05:00,0.0,0.0,0.0,0.0,0.0,0.0,0,840.0,20.0,1025.0,29.4,4.89,10.6,188,15,14820.0,1,0.308
2026-04-12T06:00,0.0,0.0,0.0,0.0,0.0,0.0,2,300.0,38.0,890.0,28.3,3.7,12.0,193,62,13020.0,1,0.309
2026-04-12T07:00,0.0,0.0,0.0,0.0,0.0,0.0,2,410.0,2.0,1060.0,29.5,4.44,9.7,197,79,23540.0,1,0.306
2026-04-12T08:00,0.0,0.0,0.0,0.0,0.0,0.0,1,280.0,4.0,975.0,28.8,4.6,9.6,194,37,17820.0,1,0.305
2026-04-12T09:00,0.0,0.0,0.0,0.0,0.0,0.0,1,220.0,70.0,925.0,28.3,4.56,10.2,189,25,23480.0,1,0.303
2026-04-12T10:00,0.0,0.0,0.0,0.0,0.0,0.0,1,100.0,7.0,800.0,27.3,3.38,9.3,193,25,23480.0,1,0.302
2026-04-12T11:00,0.0,0.0,0.0,0.0,0.0,0.0,0,120.0,7.0,680.0,26.0,3.26,6.9,191,16,23480.0,0,0.302
2026-04-12T12:00,0.0,0.0,0.0,0.0,0.0,0.0,0,90.0,3.0,445.0,25.1,2.24,6.7,190,13,20600.0,0,0.318
2026-04-12T13:00,0.3,0.0,0.3,0.0,0.0,0.0,51,240.0,90.0,475.0,24.8,2.45,4.7,181,35,18780.0,0,0.321
2026-04-12T14:00,0.0,0.0,0.0,0.0,0.0,0.0,1,240.0,97.0,475.0,24.4,2.1,5.3,177,30,19160.0,0,0.321
2026-04-12T15:00,0.0,0.0,0.0,0.0,0.0,0.0,1,230.0,74.0,440.0,23.7,1.35,4.3,184,30,17300.0,0,0.321
2026-04-12T16:00,0.0,0.0,0.0,0.0,0.0,0.0,1,230.0,81.0,315.0,23.4,1.4,3.2,180,40,16240.0,0,0.321
2026-04-12T17:00,0.0,0.0,0.0,0.0,0.0,0.0,1,270.0,82.0,280.0,23.1,1.33,3.2,167,35,12660.0,0,0.321
2026-04-12T18:00,0.0,0.0,0.0,0.0,0.0,0.0,1,310.0,59.0,50.0,22.7,0.67,3.1,167,36,12700.0,0,0.321
2026-04-12T19:00,0.0,0.0,0.0,0.0,0.0,0.0,1,270.0,53.0,95.0,22.5,0.85,2.2,159,45,11880.0,0,0.322
2026-04-12T20:00,0.0,0.0,0.0,0.0,0.0,0.0,2,230.0,61.0,200.0,22.6,0.93,2.4,164,50,12520.0,0,0.322
2026-04-12T21:00,0.0,0.0,0.0,0.0,0.0,0.0,1,170.0,65.0,230.0,22.6,0.84,2.4,163,31,12900.0,0,0.322
2026-04-12T22:00,0.0,0.0,0.0,0.0,0.0,0.0,1,160.0,69.0,220.0,22.2,0.9,2.3,161,35,11840.0,0,0.323
2026-04-12T23:00,0.0,0.0,0.0,0.0,0.0,0.0,2,170.0,84.0,400.0,23.3,2.07,4.2,160,51,13420.0,1,0.323
2026-04-13T00:00,0.0,0.0,0.0,0.0,0.0,0.0,2,310.0,70.0,540.0,24.6,3.22,7.9,173,58,13940.0,1,0.321
2026-04-13T01:00,0.1,0.0,0.1,0.0,0.0,0.0,51,420.0,63.0,770.0,26.5,3.96,8.5,184,45,17920.0,1,0.32
2026-04-13T02:00,0.0,0.0,0.0,0.0,0.0,0.0,2,510.0,63.0,1085.0,28.1,4.64,9.9,187,55,23600.0,1,0.318
2026-04-13T03:00,0.0,0.0,0.0,0.0,0.0,0.0,2,430.0,66.0,1280.0,29.7,4.87,10.7,190,55,25060.0,1,0.315
2026-04-13T04:00,0.0,0.0,0.0,0.0,0.0,0.0,2,410.0,59.0,1445.0,30.5,5.12,11.1,199,52,25060.0,1,0.312
2026-04-13T05:00,0.0,0.0,0.0,0.0,0.0,0.0,3,540.0,30.0,1545.0,30.9,5.31,11.5,203,91,25060.0,1,0.308
2026-04-13T06:00,0.0,0.0,0.0,0.0,0.0,0.0,2,400.0,46.0,1475.0,29.9,4.5,11.5,192,55,25080.0,1,0.305
2026-04-13T07:00,0.0,0.0,0.0,0.0,0.0,0.0,3,410.0,21.0,1550.0,30.6,4.69,10.5,194,82,25080.0,1,0.302
2026-04-13T08:00,0.0,0.0,0.0,0.0,0.0,0.0,1,410.0,29.0,1185.0,29.8,4.3,10.7,189,36,25100.0,1,0.299
2026-04-13T09:00,0.0,0.0,0.0,0.0,0.0,0.0,0,430.0,32.0,970.0,29.1,4.52,9.5,200,5,25100.0,1,0.297
2026-04-13T10:00,0.0,0.0,0.0,0.0,0.0,0.0,0,360.0,54.0,820.0,27.8,3.83,9.2,197,14,23640.0,1,0.297
2026-04-13T11:00,0.0,0.0,0.0,0.0,0.0,0.0,0,220.0,112.0,715.0,26.4,3.56,7.7,185,16,23660.0,0,0.296
2026-04-13T12:00,0.0,0.0,0.0,0.0,0.0,0.0,0,360.0,114.0,410.0,25.6,2.51,7.2,186,19,21980.0,0,0.295
2026-04-13T13:00,0.0,0.0,0.0,0.0,0.0,0.0,1,250.0,5.0,485.0,25.3,2.41,5.2,193,20,21880.0,0,0.295
2026-04-13T14:00,0.0,0.0,0.0,0.0,0.0,0.0,1,670.0,46.0,520.0,24.7,2.09,4.9,191,20,19300.0,0,0.296
2026-04-13T15:00,0.1,0.0,0.1,0.0,0.0,0.0,51,770.0,53.0,470.0,24.2,1.95,4.3,179,44,14940.0,0,0.297
2026-04-13T16:00,0.0,0.0,0.0,0.0,0.0,0.0,1,800.0,53.0,445.0,24.0,1.9,4.2,183,30,12640.0,0,0.297
2026-04-13T17:00,0.0,0.0,0.0,0.0,0.0,0.0,1,790.0,66.0,415.0,23.6,1.5,4.0,178,20,13680.0,0,0.298
2026-04-13T18:00,0.0,0.0,0.0,0.0,0.0,0.0,3,1050.0,1.0,280.0,23.4,1.0,3.4,177,80,13360.0,0,0.29
2026-04-13T19:00,0.0,0.0,0.0,0.0,0.0,0.0,2,1040.0,2.0,360.0,23.9,1.33,2.9,167,75,12440.0,0,0.291
2026-04-13T20:00,0.0,0.0,0.0,0.0,0.0,0.0,1,1000.0,1.0,480.0,23.9,1.98,4.1,170,23,13060.0,0,0.291
2026-04-13T21:00,0.0,0.0,0.0,0.0,0.0,0.0,1,940.0,1.0,465.0,23.6,1.46,4.2,174,22,13460.0,0,0.292
2026-04-13T22:00,0.0,0.0,0.0,0.0,0.0,0.0,2,870.0,2.0,255.0,22.9,0.81,3.2,169,54,14620.0,0,0.292
2026-04-13T23:00,0.0,0.0,0.0,0.0,0.0,0.0,1,840.0,1.0,405.0,24.0,1.37,3.1,170,46,11580.0,1,0.293
2026-04-14T00:00,0.0,0.0,0.0,0.0,0.0,0.0,1,1040.0,0.0,505.0,25.4,2.6,6.0,180,39,11780.0,1,0.306
2026-04-14T01:00,0.0,0.0,0.0,0.0,0.0,0.0,1,970.0,0.0,755.0,26.9,2.79,6.6,189,29,18040.0,1,0.305
2026-04-14T02:00,0.0,0.0,0.0,0.0,0.0,0.0,1,920.0,45.0,1120.0,28.5,3.0,7.3,195,34,23760.0,1,0.303
2026-04-14T03:00,0.0,0.0,0.0,0.0,0.0,0.0,1,880.0,55.0,1335.0,29.8,3.81,8.7,199,39,23760.0,1,0.3
2026-04-14T04:00,0.0,0.0,0.0,0.0,0.0,0.0,3,610.0,74.0,1375.0,30.4,4.14,9.4,205,100,25240.0,1,0.297
2026-04-14T05:00,0.0,0.0,0.0,0.0,0.0,0.0,2,960.0,36.0,1410.0,30.4,3.78,9.4,195,71,25240.0,1,0.294
2026-04-14T06:00,0.1,0.1,0.0,0.0,0.0,0.0,51,830.0,14.0,1175.0,29.2,3.72,9.7,200,49,25260.0,1,0.292
2026-04-14T07:00,0.1,0.0,0.1,0.0,0.0,0.0,51,750.0,9.0,1165.0,30.0,4.05,9.5,204,42,5300.0,1,0.291
2026-04-14T08:00,0.3,0.2,0.1,0.0,0.0,0.0,51,1200.0,3.0,995.0,29.1,4.16,9.1,198,38,10740.0,1,0.292
2026-04-14T09:00,0.1,0.1,0.0,0.0,0.0,0.0,51,1190.0,11.0,745.0,28.0,3.61,9.1,190,19,12440.0,1,0.292
2026-04-14T10:00,0.0,0.0,0.0,0.0,0.0,0.0,0,1240.0,25.0,595.0,27.1,3.16,7.7,184,11,13020.0,1,0.292
2026-04-14T11:00,0.0,0.0,0.0,0.0,0.0,0.0,0,920.0,57.0,435.0,26.0,3.11,6.5,186,11,20660.0,0,0.292
2026-04-14T12:00,0.0,0.0,0.0,0.0,0.0,0.0,0,940.0,20.0,325.0,25.2,1.69,6.3,192,14,18380.0,0,0.3
2026-04-14T13:00,0.0,0.0,0.0,0.0,0.0,0.0,0,910.0,27.0,310.0,24.9,1.86,4.0,186,5,19000.0,0,0.3
2026-04-14T14:00,0.0,0.0,0.0,0.0,0.0,0.0,0,980.0,40.0,265.0,24.3,1.45,3.8,180,5,17460.0,0,0.301
2026-04-14T15:00,0.0,0.0,0.0,0.0,0.0,0.0,0,1050.0,30.0,205.0,23.7,1.2,3.2,180,4,15260.0,0,0.301
2026-04-14T16:00,0.0,0.0,0.0,0.0,0.0,0.0,0,1070.0,15.0,145.0,23.3,1.0,2.7,186,11,4760.0,0,0.301
2026-04-14T17:00,0.0,0.0,0.0,0.0,0.0,0.0,1,1100.0,7.0,65.0,22.8,0.85,2.3,180,28,1940.0,0,0.301
2026-04-14T18:00,0.0,0.0,0.0,0.0,0.0,0.0,1,1460.0,3.0,70.0,23.2,0.95,2.0,183,46,820.0,0,0.286
2026-04-14T19:00,0.0,0.0,0.0,0.0,0.0,0.0,2,1390.0,2.0,80.0,23.2,0.86,2.1,173,76,400.0,0,0.286
2026-04-14T20:00,0.0,0.0,0.0,0.0,0.0,0.0,3,1380.0,1.0,70.0,23.2,0.86,2.1,170,91,240.0,0,0.286
2026-04-14T21:00,0.0,0.0,0.0,0.0,0.0,0.0,3,1330.0,0.0,60.0,23.1,1.01,2.1,153,100,180.0,0,0.287
2026-04-14T22:00,0.0,0.0,0.0,0.0,0.0,0.0,3,1210.0,14.0,110.0,23.1,1.37,3.1,147,100,200.0,0,0.287
2026-04-14T23:00,0.0,0.0,0.0,0.0,0.0,0.0,3,1180.0,26.0,215.0,23.6,1.55,3.6,165,88,1580.0,1,0.287
2026-04-15T00:00,0.0,0.0,0.0,0.0,0.0,0.0,1,1120.0,57.0,385.0,24.8,2.26,4.6,175,37,15280.0,1,0.3
2026-04-15T01:00,0.0,0.0,0.0,0.0,0.0,0.0,1,1010.0,82.0,780.0,26.7,2.52,6.3,187,30,19920.0,1,0.299
2026-04-15T02:00,0.0,0.0,0.0,0.0,0.0,0.0,1,920.0,92.0,1085.0,28.3,2.85,7.1,191,20,23920.0,1,0.296
2026-04-15T03:00,0.0,0.0,0.0,0.0,0.0,0.0,1,920.0,73.0,1280.0,29.6,3.1,7.7,201,21,23940.0,1,0.293
2026-04-15T04:00,0.0,0.0,0.0,0.0,0.0,0.0,2,830.0,76.0,1495.0,30.5,3.78,8.9,200,63,25420.0,1,0.289
2026-04-15T05:00,0.0,0.0,0.0,0.0,0.0,0.0,3,570.0,99.0,1480.0,30.4,4.55,9.9,197,100,25420.0,1,0.286
2026-04-15T06:00,0.0,0.0,0.0,0.0,0.0,0.0,3,400.0,123.0,1460.0,29.6,4.51,10.6,197,98,25420.0,1,0.291
2026-04-15T07:00,0.0,0.0,0.0,0.0,0.0,0.0,2,830.0,56.0,1035.0,29.1,4.29,9.9,195,68,23960.0,1,0.289
2026-04-15T08:00,0.0,0.0,0.0,0.0,0.0,0.0,2,1000.0,31.0,1030.0,29.0,4.13,9.5,197,76,23980.0,1,0.287
2026-04-15T09:00,0.0,0.0,0.0,0.0,0.0,0.0,2,690.0,56.0,940.0,28.5,3.61,8.8,197,59,23980.0,1,0.285
2026-04-15T10:00,0.0,0.0,0.0,0.0,0.0,0.0,1,870.0,54.0,760.0,27.7,3.1,7.4,201,34,14940.0,1,0.285
2026-04-15T11:00,0.0,0.0,0.0,0.0,0.0,0.0,1,950.0,43.0,610.0,26.2,3.44,7.2,193,43,19500.0,0,0.285
2026-04-15T12:00,0.0,0.0,0.0,0.0,0.0,0.0,1,1090.0,29.0,325.0,25.4,2.33,7.0,195,41,17620.0,0,0.273
2026-04-15T13:00,0.2,0.0,0.2,0.0,0.0,0.0,51,1050.0,41.0,130.0,24.7,1.1,4.5,183,41,17680.0,0,0.275
2026-04-15T14:00,0.0,0.0,0.0,0.0,0.0,0.0,1,1070.0,65.0,70.0,24.0,1.1,2.5,180,34,17680.0,0,0.276
2026-04-15T15:00,0.0,0.0,0.0,0.0,0.0,0.0,1,1030.0,77.0,95.0,23.6,1.15,2.5,185,48,15360.0,0,0.276
2026-04-15T16:00,0.0,0.0,0.0,0.0,0.0,0.0,1,1000.0,74.0,110.0,23.4,1.05,2.5,175,38,15380.0,0,0.277
2026-04-15T17:00,0.0,0.0,0.0,0.0,0.0,0.0,1,1000.0,67.0,70.0,22.9,0.93,2.3,164,36,15380.0,0,0.277
2026-04-15T18:00,0.0,0.0,0.0,0.0,0.0,0.0,0,1290.0,35.0,65.0,23.1,1.07,2.5,169,17,6080.0,0,0.265
2026-04-15T19:00,0.0,0.0,0.0,0.0,0.0,0.0,1,1270.0,26.0,65.0,22.7,0.9,2.3,180,47,1440.0,0,0.265
2026-04-15T20:00,0.0,0.0,0.0,0.0,0.0,0.0,2,1220.0,24.0,65.0,22.5,0.85,1.9,159,69,560.0,0,0.265
2026-04-15T21:00,0.0,0.0,0.0,0.0,0.0,0.0,3,1160.0,27.0,110.0,22.7,1.06,2.6,172,88,320.0,0,0.266
2026-04-15T22:00,0.0,0.0,0.0,0.0,0.0,0.0,3,1100.0,0.0,115.0,22.9,1.11,2.7,172,100,980.0,1,0.266
2026-04-15T23:00,0.0,0.0,0.0,0.0,0.0,0.0,3,1120.0,0.0,230.0,23.6,1.5,3.3,180,100,1080.0,1,0.267
2026-04-16T00:00,0.1,0.1,0.0,0.0,0.0,0.0,51,1020.0,0.0,420.0,24.6,2.49,6.0,190,46,14080.0,1,0.276
2026-04-16T01:00,0.0,0.0,0.0,0.0,0.0,0.0,2,1000.0,0.0,665.0,26.3,2.7,6.5,191,54,18900.0,1,0.275
2026-04-16T02:00,0.0,0.0,0.0,0.0,0.0,0.0,2,950.0,0.0,1005.0,27.8,3.1,7.5,180,55,24080.0,1,0.274
2026-04-16T03:00,0.0,0.0,0.0,0.0,0.0,0.0,2,840.0,48.0,1180.0,29.0,3.81,8.6,194,66,24080.0,1,0.271
2026-04-16T04:00,0.0,0.0,0.0,0.0,0.0,0.0,2,930.0,28.0,1320.0,29.8,4.11,9.3,198,52,25560.0,1,0.269
2026-04-16T05:00,0.0,0.0,0.0,0.0,0.0,0.0,1,830.0,38.0,1445.0,30.5,4.51,10.0,195,35,25560.0,1,0.266
2026-04-16T06:00,0.0,0.0,0.0,0.0,0.0,0.0,2,310.0,103.0,1520.0,30.1,3.36,10.4,203,62,25560.0,1,0.268
2026-04-16T07:00,0.0,0.0,0.0,0.0,0.0,0.0,3,330.0,94.0,1480.0,30.0,3.31,7.5,195,96,26820.0,1,0.265
2026-04-16T08:00,0.0,0.0,0.0,0.0,0.0,0.0,3,290.0,80.0,1080.0,29.0,3.24,7.4,209,100,25560.0,1,0.264
2026-04-16T09:00,0.0,0.0,0.0,0.0,0.0,0.0,3,280.0,39.0,925.0,28.5,2.73,6.9,208,98,25560.0,1,0.263
2026-04-16T10:00,0.0,0.0,0.0,0.0,0.0,0.0,2,340.0,26.0,620.0,27.7,2.6,5.4,191,73,25560.0,1,0.262
2026-04-16T11:00,0.0,0.0,0.0,0.0,0.0,0.0,3,390.0,45.0,310.0,26.1,3.04,6.0,189,97,25560.0,0,0.262
2026-04-16T12:00,0.0,0.0,0.0,0.0,0.0,0.0,2,420.0,101.0,150.0,25.5,0.74,5.9,200,79,24080.0,0,0.249
2026-04-16T13:00,0.0,0.0,0.0,0.0,0.0,0.0,3,360.0,12.0,230.0,25.0,2.29,3.8,238,94,22380.0,0,0.25
2026-04-16T14:00,4.0,0.0,4.0,0.0,0.0,0.0,95,430.0,16.0,180.0,23.1,2.48,5.4,199,100,17440.0,0,0.302
2026-04-16T15:00,0.6,0.2,0.4,0.0,0.0,0.0,53,510.0,21.0,195.0,22.7,1.4,4.5,180,100,7200.0,0,0.31
2026-04-16T16:00,0.1,0.1,0.0,0.0,0.0,0.0,51,540.0,27.0,70.0,22.7,0.49,2.8,114,95,6760.0,0,0.311
2026-04-16T17:00,0.1,0.1,0.0,0.0,0.0,0.0,51,580.0,31.0,65.0,22.6,0.34,1.4,207,42,10600.0,0,0.312
2026-04-16T18:00,0.0,0.0,0.0,0.0,0.0,0.0,2,670.0,42.0,40.0,22.6,0.45,1.1,186,55,11760.0,0,0.303
2026-04-16T19:00,0.0,0.0,0.0,0.0,0.0,0.0,2,710.0,19.0,35.0,22.4,0.4,1.4,210,74,10260.0,0,0.303
2026-04-16T20:00,0.0,0.0,0.0,0.0,0.0,0.0,0,720.0,19.0,50.0,22.4,0.63,1.5,108,9,7820.0,0,0.303
2026-04-16T21:00,0.0,0.0,0.0,0.0,0.0,0.0,2,750.0,13.0,30.0,22.3,0.32,1.3,162,66,2320.0,0,0.303
2026-04-16T22:00,1.7,0.1,1.6,0.0,0.0,0.0,80,630.0,9.0,105.0,22.1,1.72,3.4,262,99,1800.0,1,0.326
2026-04-16T23:00,0.1,0.1,0.0,0.0,0.0,0.0,51,620.0,54.0,105.0,22.6,0.89,3.5,207,10,7660.0,1,0.326
2026-04-17T00:00,0.0,0.0,0.0,0.0,0.0,0.0,3,490.0,3.0,85.0,22.0,1.13,2.9,225,100,1000.0,1,0.397
2026-04-17T01:00,9.2,8.5,0.7,0.0,0.0,0.0,82,480.0,63.0,205.0,22.0,2.57,5.4,114,100,1880.0,1,0.425
2026-04-17T02:00,0.9,0.9,0.0,0.0,0.0,0.0,53,600.0,1.0,255.0,22.9,1.86,5.4,216,90,10880.0,1,0.412
2026-04-17T03:00,0.1,0.0,0.1,0.0,0.0,0.0,51,1030.0,0.0,640.0,25.8,1.71,6.1,187,94,15840.0,1,0.403
2026-04-17T04:00,0.1,0.0,0.1,0.0,0.0,0.0,51,1080.0,0.0,1125.0,28.1,2.7,7.5,214,100,24080.0,1,0.394
2026-04-17T05:00,0.0,0.0,0.0,0.0,0.0,0.0,3,750.0,0.0,930.0,27.3,2.17,7.6,232,100,24080.0,1,0.389
2026-04-17T06:00,0.1,0.1,0.0,0.0,0.0,0.0,51,1040.0,0.0,1225.0,27.6,0.78,6.0,320,18,18100.0,1,0.387
2026-04-17T07:00,0.0,0.0,0.0,0.0,0.0,0.0,2,680.0,0.0,1270.0,28.8,2.43,7.1,302,51,13820.0,1,0.382
2026-04-17T08:00,0.0,0.0,0.0,0.0,0.0,0.0,2,420.0,13.0,1075.0,28.5,2.11,6.4,306,63,25560.0,1,0.377
2026-04-17T09:00,0.0,0.0,0.0,0.0,0.0,0.0,3,430.0,24.0,1075.0,28.2,1.63,5.2,297,100,25560.0,1,0.373
2026-04-17T10:00,0.0,0.0,0.0,0.0,0.0,0.0,3,690.0,10.0,115.0,26.9,0.75,3.9,323,100,24080.0,1,0.371
2026-04-17T11:00,0.5,0.5,0.0,0.0,0.0,0.0,53,870.0,15.0,165.0,25.2,0.89,2.0,308,100,3540.0,0,0.375
2026-04-17T12:00,0.9,0.6,0.3,0.0,0.0,0.0,53,1280.0,6.0,45.0,24.3,0.27,1.7,202,100,13540.0,0,0.391
2026-04-17T13:00,0.0,0.0,0.0,0.0,0.0,0.0,3,1320.0,7.0,50.0,23.7,0.47,1.0,148,100,17080.0,0,0.387
2026-04-17T14:00,0.0,0.0,0.0,0.0,0.0,0.0,3,1430.0,7.0,60.0,23.3,0.69,1.4,210,98,15400.0,0,0.383
2026-04-17T15:00,0.0,0.0,0.0,0.0,0.0,0.0,2,1400.0,4.0,70.0,23.0,0.6,1.4,246,55,15240.0,0,0.38
2026-04-17T16:00,0.0,0.0,0.0,0.0,0.0,0.0,3,1290.0,2.0,85.0,23.0,0.5,1.4,276,97,15200.0,0,0.378
2026-04-17T17:00,0.0,0.0,0.0,0.0,0.0,0.0,0,1130.0,1.0,215.0,22.8,0.79,1.7,288,9,15400.0,0,0.375
2026-04-17T18:00,0.0,0.0,0.0,0.0,0.0,0.0,0,700.0,4.0,150.0,22.9,0.49,1.7,336,3,19660.0,0,0.369
2026-04-17T19:00,0.0,0.0,0.0,0.0,0.0,0.0,0,500.0,14.0,65.0,22.1,0.86,1.6,353,0,17760.0,0,0.368
2026-04-17T20:00,0.0,0.0,0.0,0.0,0.0,0.0,0,460.0,16.0,80.0,21.4,1.05,2.0,5,1,15440.0,0,0.366
2026-04-17T21:00,0.0,0.0,0.0,0.0,0.0,0.0,0,350.0,25.0,95.0,20.9,0.83,2.0,25,16,10920.0,0,0.365
2026-04-17T22:00,0.0,0.0,0.0,0.0,0.0,0.0,1,280.0,33.0,90.0,20.5,0.63,1.6,29,41,1680.0,1,0.364
2026-04-17T23:00,0.0,0.0,0.0,0.0,0.0,0.0,1,210.0,45.0,70.0,21.0,0.97,2.5,35,45,1140.0,1,0.363
2026-04-18T00:00,0.0,0.0,0.0,0.0,0.0,0.0,3,160.0,88.0,255.0,21.9,1.3,3.9,28,80,1300.0,1,0.365
2026-04-18T01:00,0.0,0.0,0.0,0.0,0.0,0.0,3,180.0,57.0,540.0,23.9,1.98,5.3,21,100,22380.0,1,0.364
2026-04-18T02:00,0.0,0.0,0.0,0.0,0.0,0.0,3,170.0,37.0,690.0,24.8,1.71,5.4,5,100,22380.0,1,0.361
2026-04-18T03:00,0.0,0.0,0.0,0.0,0.0,0.0,3,150.0,50.0,835.0,25.9,1.33,4.7,340,100,24080.0,1,0.359
2026-04-18T04:00,0.0,0.0,0.0,0.0,0.0,0.0,2,310.0,44.0,1180.0,27.3,0.93,4.4,324,71,24080.0,1,0.355
2026-04-18T05:00,0.0,0.0,0.0,0.0,0.0,0.0,3,450.0,30.0,1355.0,28.3,1.05,4.2,301,98,25540.0,1,0.351
2026-04-18T06:00,0.0,0.0,0.0,0.0,0.0,0.0,2,330.0,31.0,1525.0,28.4,1.4,4.3,305,53,25540.0,1,0.348
2026-04-18T07:00,0.0,0.0,0.0,0.0,0.0,0.0,2,340.0,33.0,1615.0,29.2,1.65,4.8,325,59,25540.0,1,0.344
2026-04-18T08:00,0.0,0.0,0.0,0.0,0.0,0.0,2,250.0,46.0,1610.0,29.2,1.62,4.8,338,70,26800.0,1,0.341
2026-04-18T09:00,0.0,0.0,0.0,0.0,0.0,0.0,3,160.0,87.0,1315.0,28.6,0.72,4.3,12,95,26800.0,1,0.339
2026-04-18T10:00,0.0,0.0,0.0,0.0,0.0,0.0,3,380.0,44.0,25.0,27.6,0.3,1.8,90,100,25540.0,1,0.338
2026-04-18T11:00,0.0,0.0,0.0,0.0,0.0,0.0,3,380.0,92.0,35.0,26.1,0.54,1.1,158,91,24080.0,0,0.338
2026-04-18T12:00,0.0,0.0,0.0,0.0,0.0,0.0,1,1050.0,49.0,25.0,25.2,0.22,1.4,207,22,22380.0,0,0.337
2026-04-18T13:00,0.0,0.0,0.0,0.0,0.0,0.0,0,1240.0,55.0,15.0,24.2,0.21,0.5,194,12,19660.0,0,0.337
2026-04-18T14:00,0.0,0.0,0.0,0.0,0.0,0.0,0,1410.0,53.0,25.0,23.4,0.43,0.9,159,2,17760.0,0,0.337
2026-04-18T15:00,0.0,0.0,0.0,0.0,0.0,0.0,1,1470.0,51.0,20.0,22.6,0.32,1.0,162,23,1080.0,0,0.337
2026-04-18T16:00,0.0,0.0,0.0,0.0,0.0,0.0,1,1520.0,46.0,25.0,22.1,0.42,0.9,135,36,380.0,0,0.337
2026-04-18T17:00,0.0,0.0,0.0,0.0,0.0,0.0,1,1260.0,53.0,35.0,21.7,0.53,1.4,131,40,240.0,0,0.337
2026-04-18T18:00,0.0,0.0,0.0,0.0,0.0,0.0,3,1500.0,33.0,35.0,21.8,0.34,1.1,117,98,160.0,0,0.337
2026-04-18T19:00,0.0,0.0,0.0,0.0,0.0,0.0,3,1450.0,27.0,30.0,21.6,0.28,0.8,45,99,140.0,0,0.337
2026-04-18T20:00,0.0,0.0,0.0,0.0,0.0,0.0,3,1200.0,40.0,35.0,21.3,0.41,1.5,104,98,120.0,0,0.337
2026-04-18T21:00,0.0,0.0,0.0,0.0,0.0,0.0,3,870.0,51.0,35.0,21.0,0.71,2.3,129,100,100.0,0,0.336
2026-04-18T22:00,0.0,0.0,0.0,0.0,0.0,0.0,3,630.0,90.0,35.0,20.5,0.45,2.1,117,99,80.0,1,0.336
2026-04-18T23:00,0.0,0.0,0.0,0.0,0.0,0.0,3,440.0,104.0,65.0,21.0,0.5,2.4,127,99,120.0,1,0.336
2026-04-19T00:00,0.0,0.0,0.0,0.0,0.0,0.0,1,400.0,116.0,150.0,21.9,0.54,2.7,22,41,15460.0,1,0.337
2026-04-19T01:00,0.0,0.0,0.0,0.0,0.0,0.0,0,700.0,50.0,320.0,24.8,0.65,3.5,4,1,22380.0,1,0.336
2026-04-19T02:00,0.0,0.0,0.0,0.0,0.0,0.0,0,520.0,43.0,735.0,27.2,1.23,4.6,21,1,24080.0,1,0.333
2026-04-19T03:00,0.0,0.0,0.0,0.0,0.0,0.0,0,450.0,42.0,1180.0,28.9,1.41,5.1,27,7,25540.0,1,0.329
2026-04-19T04:00,0.0,0.0,0.0,0.0,0.0,0.0,0,430.0,37.0,1405.0,29.9,1.03,5.1,14,6,26800.0,1,0.325
2026-04-19T05:00,0.0,0.0,0.0,0.0,0.0,0.0,0,250.0,59.0,1605.0,30.8,0.32,4.5,342,9,26800.0,1,0.32
2026-04-19T06:00,0.0,0.0,0.0,0.0,0.0,0.0,0,0.0,101.0,1670.0,30.7,0.39,3.7,230,9,29340.0,1,0.315
2026-04-19T07:00,0.0,0.0,0.0,0.0,0.0,0.0,1,0.0,95.0,1665.0,31.1,0.45,3.3,270,30,29340.0,1,0.311
2026-04-19T08:00,0.0,0.0,0.0,0.0,0.0,0.0,1,100.0,137.0,2010.0,31.4,0.3,3.0,9,44,29340.0,1,0.308
2026-04-19T09:00,0.0,0.0,0.0,0.0,0.0,0.0,2,130.0,163.0,2035.0,31.0,0.4,2.3,90,61,29340.0,1,0.307
2026-04-19T10:00,0.0,0.0,0.0,0.0,0.0,0.0,1,340.0,58.0,185.0,29.0,1.23,2.2,201,29,26780.0,1,0.306
2026-04-19T11:00,0.0,0.0,0.0,0.0,0.0,0.0,1,590.0,92.0,315.0,27.0,2.78,5.1,203,39,25540.0,0,0.306
2026-04-19T12:00,0.0,0.0,0.0,0.0,0.0,0.0,1,1270.0,55.0,380.0,26.7,3.18,7.0,196,41,24080.0,0,0.302
2026-04-19T13:00,0.0,0.0,0.0,0.0,0.0,0.0,2,1460.0,33.0,440.0,25.5,3.41,7.4,191,57,22160.0,0,0.302
2026-04-19T14:00,0.0,0.0,0.0,0.0,0.0,0.0,3,1430.0,33.0,430.0,24.6,3.25,6.9,190,99,19680.0,0,0.302
2026-04-19T15:00,0.0,0.0,0.0,0.0,0.0,0.0,1,1320.0,34.0,410.0,24.0,2.7,6.6,191,47,17780.0,0,0.302
2026-04-19T16:00,0.0,0.0,0.0,0.0,0.0,0.0,3,1210.0,17.0,360.0,23.4,1.81,5.5,185,99,17780.0,0,0.302
2026-04-19T17:00,0.0,0.0,0.0,0.0,0.0,0.0,3,1170.0,8.0,255.0,22.9,1.25,3.7,178,100,15460.0,0,0.302
2026-04-19T18:00,0.0,0.0,0.0,0.0,0.0,0.0,3,1410.0,4.0,205.0,23.2,1.16,2.7,173,100,14020.0,0,0.298
2026-04-19T19:00,0.0,0.0,0.0,0.0,0.0,0.0,3,1260.0,4.0,140.0,22.7,1.02,2.4,169,100,9840.0,0,0.299
2026-04-19T20:00,0.0,0.0,0.0,0.0,0.0,0.0,3,1230.0,4.0,65.0,22.3,0.61,2.3,171,100,10820.0,0,0.299
2026-04-19T21:00,0.0,0.0,0.0,0.0,0.0,0.0,3,1210.0,3.0,40.0,22.1,0.46,1.6,131,98,10940.0,0,0.3
2026-04-19T22:00,0.0,0.0,0.0,0.0,0.0,0.0,3,1160.0,4.0,25.0,21.5,0.42,1.2,135,100,580.0,1,0.3
2026-04-19T23:00,0.0,0.0,0.0,0.0,0.0,0.0,2,1190.0,5.0,45.0,22.6,0.72,2.1,168,79,10940.0,1,0.3
2026-04-20T00:00,0.0,0.0,0.0,0.0,0.0,0.0,1,1190.0,0.0,370.0,24.5,0.92,3.9,131,40,16920.0,1,0.303
2026-04-20T01:00,0.0,0.0,0.0,0.0,0.0,0.0,1,1230.0,2.0,610.0,26.2,1.31,4.7,133,49,18700.0,1,0.302
2026-04-20T02:00,0.0,0.0,0.0,0.0,0.0,0.0,3,1030.0,3.0,860.0,28.0,1.37,4.6,170,95,15980.0,1,0.301
2026-04-20T03:00,0.0,0.0,0.0,0.0,0.0,0.0,3,840.0,2.0,1185.0,29.5,2.0,5.7,179,89,17540.0,1,0.298
2026-04-20T04:00,0.0,0.0,0.0,0.0,0.0,0.0,1,1020.0,0.0,1405.0,30.3,2.37,7.0,187,22,25540.0,1,0.294
2026-04-20T05:00,0.0,0.0,0.0,0.0,0.0,0.0,1,1120.0,0.0,1545.0,30.8,2.54,7.5,190,23,25520.0,1,0.29
2026-04-20T06:00,0.0,0.0,0.0,0.0,0.0,0.0,1,800.0,0.0,1865.0,30.9,2.26,7.6,205,20,26780.0,1,0.286
2026-04-20T07:00,0.0,0.0,0.0,0.0,0.0,0.0,3,610.0,0.0,1955.0,31.6,3.1,7.7,195,93,26780.0,1,0.283
2026-04-20T08:00,0.2,0.1,0.1,0.0,0.0,0.0,51,280.0,12.0,1325.0,29.5,4.4,8.9,183,95,7680.0,1,0.283
2026-04-20T09:00,0.0,0.0,0.0,0.0,0.0,0.0,3,410.0,33.0,670.0,26.5,4.55,9.5,216,98,24080.0,1,0.282
2026-04-20T10:00,0.0,0.0,0.0,0.0,0.0,0.0,3,490.0,55.0,495.0,25.6,2.97,9.3,216,95,22380.0,1,0.281
2026-04-20T11:00,0.0,0.0,0.0,0.0,0.0,0.0,3,780.0,15.0,480.0,25.0,2.02,6.1,203,95,22380.0,0,0.281
2026-04-20T12:00,2.3,0.1,2.2,0.0,0.0,0.0,95,950.0,21.0,260.0,24.2,2.16,5.8,193,100,11800.0,0,0.405
2026-04-20T13:00,0.1,0.1,0.0,0.0,0.0,0.0,51,730.0,6.0,395.0,23.6,3.07,5.8,187,80,6000.0,0,0.399
2026-04-20T14:00,0.1,0.1,0.0,0.0,0.0,0.0,51,760.0,6.0,110.0,22.8,1.02,6.2,169,73,7660.0,0,0.394
2026-04-20T15:00,0.1,0.1,0.0,0.0,0.0,0.0,51,590.0,10.0,35.0,22.2,0.46,2.6,139,64,10620.0,0,0.391
2026-04-20T16:00,0.0,0.0,0.0,0.0,0.0,0.0,2,610.0,9.0,40.0,21.9,0.57,1.7,105,55,4660.0,0,0.387
2026-04-20T17:00,0.0,0.0,0.0,0.0,0.0,0.0,2,600.0,10.0,40.0,21.7,0.74,2.1,132,57,7300.0,0,0.384
2026-04-20T18:00,0.1,0.0,0.1,0.0,0.0,0.0,51,510.0,17.0,40.0,22.0,0.6,2.2,175,70,1400.0,0,0.372
2026-04-20T19:00,0.1,0.1,0.0,0.0,0.0,0.0,51,490.0,8.0,55.0,21.8,0.71,2.6,172,72,6440.0,0,0.371
2026-04-20T20:00,0.1,0.1,0.0,0.0,0.0,0.0,51,500.0,12.0,35.0,21.8,0.14,2.1,225,70,6280.0,0,0.37
2026-04-20T21:00,0.1,0.1,0.0,0.0,0.0,0.0,51,520.0,2.0,35.0,21.8,0.27,1.2,68,96,5620.0,0,0.37
2026-04-20T22:00,0.2,0.2,0.0,0.0,0.0,0.0,51,510.0,1.0,15.0,22.1,0.11,1.1,63,76,5220.0,1,0.371
2026-04-20T23:00,0.3,0.3,0.0,0.0,0.0,0.0,51,530.0,0.0,60.0,22.3,0.25,3.5,79,100,3940.0,1,0.373
2026-04-21T00:00,0.4,0.4,0.0,0.0,0.0,0.0,51,930.0,10.0,230.0,24.3,0.72,4.0,124,95,7260.0,1,0.412
2026-04-21T01:00,3.8,0.4,3.4,0.0,0.0,0.0,95,550.0,1.0,305.0,24.2,2.28,6.9,195,99,5300.0,1,0.43
2026-04-21T02:00,3.3,0.2,3.1,0.0,0.0,0.0,95,730.0,1.0,335.0,24.4,2.02,7.4,213,98,6660.0,1,0.415
2026-04-21T03:00,0.2,0.1,0.1,0.0,0.0,0.0,51,1230.0,0.0,770.0,26.6,2.39,7.6,191,73,15360.0,1,0.409
2026-04-21T04:00,0.1,0.0,0.1,0.0,0.0,0.0,51,1230.0,0.0,1255.0,27.9,4.72,11.3,190,93,22380.0,1,0.403
2026-04-21T05:00,1.3,0.1,1.2,0.0,0.0,0.0,80,720.0,6.0,620.0,26.1,3.6,11.5,179,52,11040.0,1,0.41
2026-04-21T06:00,0.1,0.0,0.1,0.0,0.0,0.0,51,390.0,0.0,625.0,25.3,2.84,9.7,171,100,4660.0,1,0.406
2026-04-21T07:00,0.5,0.4,0.1,0.0,0.0,0.0,53,170.0,6.0,570.0,25.2,2.55,6.7,183,31,12500.0,1,0.407
2026-04-21T08:00,0.1,0.1,0.0,0.0,0.0,0.0,51,440.0,7.0,935.0,27.3,3.8,8.2,182,28,10840.0,1,0.403
2026-04-21T09:00,0.1,0.1,0.0,0.0,0.0,0.0,51,210.0,6.0,1005.0,27.8,4.08,8.7,191,45,11440.0,1,0.399
2026-04-21T10:00,0.0,0.0,0.0,0.0,0.0,0.0,1,580.0,11.0,930.0,26.9,3.15,8.3,182,43,24060.0,1,0.396
2026-04-21T11:00,0.0,0.0,0.0,0.0,0.0,0.0,3,450.0,7.0,740.0,25.8,3.35,7.1,183,100,22380.0,0,0.394
2026-04-21T12:00,0.0,0.0,0.0,0.0,0.0,0.0,1,510.0,2.0,460.0,24.9,2.07,6.9,173,44,14200.0,0,0.379
2026-04-21T13:00,0.1,0.1,0.0,0.0,0.0,0.0,51,360.0,9.0,425.0,24.6,1.83,5.2,169,57,16560.0,0,0.378
2026-04-21T14:00,0.0,0.0,0.0,0.0,0.0,0.0,1,250.0,41.0,410.0,24.2,2.26,5.0,155,31,12540.0,0,0.378
2026-04-21T15:00,0.0,0.0,0.0,0.0,0.0,0.0,2,290.0,26.0,385.0,23.4,1.76,4.9,160,51,16800.0,0,0.377
2026-04-21T16:00,0.0,0.0,0.0,0.0,0.0,0.0,2,270.0,27.0,375.0,23.1,2.09,4.5,163,54,15300.0,0,0.376
2026-04-21T17:00,0.0,0.0,0.0,0.0,0.0,0.0,1,220.0,32.0,315.0,22.7,1.32,4.5,171,45,13000.0,0,0.375
2026-04-21T18:00,0.0,0.0,0.0,0.0,0.0,0.0,1,330.0,2.0,265.0,22.7,1.36,3.2,152,38,10460.0,0,0.361
2026-04-21T19:00,0.0,0.0,0.0,0.0,0.0,0.0,2,340.0,1.0,275.0,22.6,1.26,3.3,162,55,12560.0,0,0.361
2026-04-21T20:00,0.0,0.0,0.0,0.0,0.0,0.0,3,430.0,0.0,270.0,22.6,1.11,3.1,172,95,12940.0,0,0.361
2026-04-21T21:00,0.0,0.0,0.0,0.0,0.0,0.0,2,470.0,0.0,200.0,22.1,1.15,3.0,175,77,12660.0,0,0.361
2026-04-21T22:00,0.1,0.0,0.1,0.0,0.0,0.0,51,410.0,0.0,90.0,21.8,0.9,2.9,161,86,8920.0,1,0.362
2026-04-21T23:00,0.0,0.0,0.0,0.0,0.0,0.0,3,370.0,1.0,495.0,23.4,1.95,4.2,154,84,12380.0,1,0.362
2026-04-22T00:00,0.0,0.0,0.0,0.0,0.0,0.0,3,430.0,1.0,460.0,24.0,2.75,6.8,182,100,5560.0,1,0.368
2026-04-22T01:00,0.2,0.1,0.1,0.0,0.0,0.0,51,740.0,0.0,785.0,25.1,3.24,7.2,193,93,13100.0,1,0.369
2026-04-22T02:00,0.0,0.0,0.0,0.0,0.0,0.0,1,400.0,0.0,1245.0,27.4,4.82,10.5,197,42,24060.0,1,0.367
2026-04-22T03:00,0.0,0.0,0.0,0.0,0.0,0.0,2,270.0,60.0,1430.0,28.9,5.72,12.2,198,55,24060.0,1,0.363
2026-04-22T04:00,0.0,0.0,0.0,0.0,0.0,0.0,2,250.0,72.0,1460.0,29.4,6.43,13.7,201,70,25520.0,1,0.358
2026-04-22T05:00,0.0,0.0,0.0,0.0,0.0,0.0,2,260.0,34.0,1695.0,30.3,5.67,13.7,203,62,25520.0,1,0.354
2026-04-22T06:00,0.0,0.0,0.0,0.0,0.0,0.0,3,240.0,26.0,1730.0,30.6,5.66,12.9,212,100,25520.0,1,0.351
2026-04-22T07:00,0.0,0.0,0.0,0.0,0.0,0.0,3,110.0,22.0,1555.0,30.2,5.35,12.5,215,85,25520.0,1,0.348
2026-04-22T08:00,0.0,0.0,0.0,0.0,0.0,0.0,3,150.0,22.0,1480.0,29.7,5.5,11.6,211,98,25520.0,1,0.345
2026-04-22T09:00,0.0,0.0,0.0,0.0,0.0,0.0,3,160.0,35.0,1295.0,28.7,3.29,12.0,193,100,25520.0,1,0.343
2026-04-22T10:00,0.0,0.0,0.0,0.0,0.0,0.0,2,230.0,15.0,890.0,27.8,2.71,6.6,205,52,24060.0,1,0.343
2026-04-22T11:00,0.0,0.0,0.0,0.0,0.0,0.0,1,150.0,20.0,425.0,26.3,1.77,5.5,202,20,24060.0,0,0.343
2026-04-22T12:00,0.0,0.0,0.0,0.0,0.0,0.0,1,90.0,46.0,345.0,25.2,2.46,3.7,174,48,24060.0,0,0.336
2026-04-22T13:00,0.0,0.0,0.0,0.0,0.0,0.0,3,170.0,38.0,275.0,24.6,2.33,5.2,165,100,24060.0,0,0.336
2026-04-22T14:00,0.0,0.0,0.0,0.0,0.0,0.0,0,0.0,6.0,180.0,24.5,1.32,4.7,169,12,22380.0,0,0.336
2026-04-22T15:00,0.0,0.0,0.0,0.0,0.0,0.0,2,240.0,21.0,35.0,23.1,0.67,2.9,167,50,22380.0,0,0.337
2026-04-22T16:00,0.0,0.0,0.0,0.0,0.0,0.0,0,370.0,8.0,30.0,22.9,0.54,1.8,146,17,19700.0,0,0.337
2026-04-22T17:00,0.0,0.0,0.0,0.0,0.0,0.0,2,420.0,0.0,35.0,22.2,0.76,1.7,148,55,17820.0,0,0.337
2026-04-22T18:00,0.1,0.0,0.1,0.0,0.0,0.0,51,420.0,0.0,10.0,23.0,0.0,1.7,270,100,17820.0,0,0.33
2026-04-22T19:00,0.5,0.2,0.3,0.0,0.0,0.0,53,420.0,0.0,135.0,22.5,1.72,3.4,352,100,4280.0,0,0.335
2026-04-22T20:00,0.9,0.6,0.3,0.0,0.0,0.0,53,500.0,0.0,275.0,21.8,1.8,5.1,13,100,4900.0,0,0.345
2026-04-22T21:00,1.5,0.8,0.7,0.0,0.0,0.0,80,530.0,0.0,435.0,19.8,3.25,7.2,360,100,3040.0,0,0.365
2026-04-22T22:00,0.9,0.5,0.4,0.0,0.0,0.0,53,390.0,2.0,415.0,19.4,2.71,6.4,5,100,6100.0,1,0.376
2026-04-22T23:00,0.1,0.1,0.0,0.0,0.0,0.0,51,410.0,0.0,480.0,19.1,2.86,6.1,348,100,9040.0,1,0.376
2026-04-23T00:00,0.0,0.0,0.0,0.0,0.0,0.0,3,380.0,8.0,395.0,20.2,2.07,6.2,15,100,11560.0,1,0.379
2026-04-23T01:00,2.0,0.3,1.7,0.0,0.0,0.0,80,470.0,1.0,420.0,20.6,2.15,5.1,3,100,3340.0,1,0.401
2026-04-23T02:00,5.0,1.4,3.6,0.0,0.0,0.0,95,350.0,2.0,465.0,19.9,3.16,6.2,356,100,1920.0,1,0.43
2026-04-23T03:00,8.1,5.3,2.8,0.0,0.0,0.0,82,240.0,0.0,465.0,18.9,3.75,7.4,13,100,1240.0,1,0.43
2026-04-23T04:00,28.0,27.8,0.2,0.0,0.0,0.0,82,20.0,5.0,660.0,19.0,3.81,7.9,304,100,600.0,1,0.43
2026-04-23T05:00,17.1,16.9,0.2,0.0,0.0,0.0,82,70.0,22.0,505.0,19.0,2.8,7.8,358,100,1080.0,1,0.43
2026-04-23T06:00,10.1,8.4,1.7,0.0,0.0,0.0,82,50.0,9.0,420.0,18.2,2.89,6.3,351,100,10440.0,1,0.432
2026-04-23T07:00,0.1,0.1,0.0,0.0,0.0,0.0,51,70.0,8.0,525.0,19.2,3.58,8.2,7,100,6080.0,1,0.425
2026-04-23T08:00,0.1,0.1,0.0,0.0,0.0,0.0,51,30.0,41.0,505.0,18.4,2.99,8.0,18,100,7720.0,1,0.423
2026-04-23T09:00,0.3,0.3,0.0,0.0,0.0,0.0,51,0.0,36.0,525.0,18.6,3.36,6.9,5,100,6120.0,1,0.422
2026-04-23T10:00,0.3,0.3,0.0,0.0,0.0,0.0,51,0.0,41.0,505.0,18.2,2.32,7.1,7,100,6040.0,1,0.422
2026-04-23T11:00,0.5,0.5,0.0,0.0,0.0,0.0,53,0.0,41.0,490.0,18.1,2.55,5.0,2,100,6980.0,0,0.422
2026-04-23T12:00,0.0,0.0,0.0,0.0,0.0,0.0,3,160.0,0.0,525.0,17.5,2.85,5.7,2,100,9720.0,0,0.423
2026-04-23T13:00,0.0,0.0,0.0,0.0,0.0,0.0,3,40.0,19.0,500.0,17.3,2.78,6.1,18,100,17840.0,0,0.413
2026-04-23T14:00,0.0,0.0,0.0,0.0,0.0,0.0,3,60.0,36.0,510.0,17.3,2.01,5.3,4,100,7960.0,0,0.408
2026-04-23T15:00,0.1,0.1,0.0,0.0,0.0,0.0,51,100.0,33.0,520.0,17.3,2.4,4.7,360,100,6240.0,0,0.406
2026-04-23T16:00,1.4,0.3,1.1,0.0,0.0,0.0,80,70.0,53.0,530.0,17.2,2.11,4.9,355,100,8560.0,0,0.416
2026-04-23T17:00,0.0,0.0,0.0,0.0,0.0,0.0,3,110.0,46.0,525.0,17.2,1.95,4.1,360,100,16680.0,0,0.41
2026-04-23T18:00,0.0,0.0,0.0,0.0,0.0,0.0,3,100.0,34.0,575.0,17.6,1.68,4.0,350,96,18580.0,0,0.399
2026-04-23T19:00,0.0,0.0,0.0,0.0,0.0,0.0,3,110.0,42.0,580.0,17.5,2.25,4.5,348,91,19340.0,0,0.398
2026-04-23T20:00,0.0,0.0,0.0,0.0,0.0,0.0,3,140.0,51.0,595.0,17.5,2.67,5.5,352,85,19700.0,0,0.396
2026-04-23T21:00,0.0,0.0,0.0,0.0,0.0,0.0,2,130.0,41.0,600.0,17.1,2.65,5.5,358,59,19700.0,0,0.395
2026-04-23T22:00,0.0,0.0,0.0,0.0,0.0,0.0,0,0.0,11.0,580.0,16.8,2.29,5.6,11,11,22380.0,1,0.393
2026-04-23T23:00,0.0,0.0,0.0,0.0,0.0,0.0,3,130.0,41.0,590.0,17.6,1.92,4.8,351,100,22380.0,1,0.392
2026-04-24T00:00,0.0,0.0,0.0,0.0,0.0,0.0,2,280.0,0.0,585.0,18.2,3.22,7.1,6,70,21240.0,1,0.396
2026-04-24T01:00,0.1,0.0,0.1,0.0,0.0,0.0,51,170.0,8.0,615.0,19.0,3.11,8.2,24,85,21440.0,1,0.394
2026-04-24T02:00,0.0,0.0,0.0,0.0,0.0,0.0,3,180.0,4.0,695.0,20.7,2.69,7.5,31,89,24060.0,1,0.391
2026-04-24T03:00,2.3,0.0,2.3,0.0,0.0,0.0,80,0.0,33.0,700.0,21.1,2.8,7.2,31,100,15960.0,1,0.415
2026-04-24T04:00,4.8,0.1,4.7,0.0,0.0,0.0,81,70.0,4.0,630.0,20.4,1.59,7.0,49,100,3280.0,1,0.43
2026-04-24T05:00,1.8,1.3,0.5,0.0,0.0,0.0,80,90.0,21.0,365.0,19.5,1.15,4.4,90,100,2560.0,1,0.427
2026-04-24T06:00,3.1,2.4,0.7,0.0,0.0,0.0,81,10.0,22.0,570.0,19.1,0.67,2.9,48,100,1920.0,1,0.431
2026-04-24T07:00,3.3,3.3,0.0,0.0,0.0,0.0,63,60.0,35.0,505.0,19.1,1.57,3.4,338,100,2180.0,1,0.43
2026-04-24T08:00,1.7,1.7,0.0,0.0,0.0,0.0,61,40.0,33.0,580.0,18.9,1.99,4.3,348,100,3940.0,1,0.429
2026-04-24T09:00,0.2,0.2,0.0,0.0,0.0,0.0,51,20.0,12.0,415.0,19.0,1.29,4.2,324,100,17720.0,1,0.425
2026-04-24T10:00,0.2,0.0,0.2,0.0,0.0,0.0,51,60.0,21.0,325.0,18.9,0.11,2.5,63,100,19720.0,1,0.423
2026-04-24T11:00,0.0,0.0,0.0,0.0,0.0,0.0,3,40.0,18.0,265.0,18.7,0.25,1.3,53,100,19720.0,0,0.42
2026-04-24T12:00,0.2,0.0,0.2,0.0,0.0,0.0,51,60.0,0.0,490.0,18.0,1.03,1.4,346,100,6660.0,0,0.404
2026-04-24T13:00,1.6,0.3,1.3,0.0,0.0,0.0,80,0.0,0.0,425.0,18.0,0.68,2.3,343,100,5340.0,0,0.42
2026-04-24T14:00,0.1,0.1,0.0,0.0,0.0,0.0,51,40.0,10.0,455.0,18.0,1.28,2.7,51,100,11560.0,0,0.415
2026-04-24T15:00,0.0,0.0,0.0,0.0,0.0,0.0,3,0.0,186.0,240.0,17.7,0.54,2.6,56,82,17500.0,0,0.411
2026-04-24T16:00,0.0,0.0,0.0,0.0,0.0,0.0,3,0.0,59.0,270.0,16.8,1.01,2.1,27,81,17300.0,0,0.408
2026-04-24T17:00,0.0,0.0,0.0,0.0,0.0,0.0,2,0.0,121.0,250.0,16.8,1.2,2.6,2,66,15300.0,0,0.406
2026-04-24T18:00,0.0,0.0,0.0,0.0,0.0,0.0,2,0.0,127.0,105.0,17.2,0.86,2.6,353,65,15540.0,0,0.401
2026-04-24T19:00,0.0,0.0,0.0,0.0,0.0,0.0,0,0.0,142.0,85.0,16.7,0.47,1.8,18,0,15540.0,0,0.4
2026-04-24T20:00,0.0,0.0,0.0,0.0,0.0,0.0,0,0.0,103.0,80.0,16.5,0.35,1.4,352,1,15540.0,0,0.399
2026-04-24T21:00,0.0,0.0,0.0,0.0,0.0,0.0,0,0.0,143.0,65.0,16.3,0.25,1.1,11,2,11020.0,0,0.398
2026-04-24T22:00,0.0,0.0,0.0,0.0,0.0,0.0,0,0.0,8.0,65.0,15.9,0.36,1.1,16,5,11020.0,1,0.397
2026-04-24T23:00,0.0,0.0,0.0,0.0,0.0,0.0,0,0.0,6.0,100.0,17.2,1.05,2.7,355,11,11020.0,1,0.396
2026-04-25T00:00,0.0,0.0,0.0,0.0,0.0,0.0,0,0.0,10.0,315.0,18.3,1.35,3.6,358,4,17860.0,1,0.395
2026-04-25T01:00,0.0,0.0,0.0,0.0,0.0,0.0,0,0.0,146.0,565.0,20.4,1.75,5.2,13,1,22380.0,1,0.393
2026-04-25T02:00,0.0,0.0,0.0,0.0,0.0,0.0,0,0.0,180.0,750.0,22.5,2.1,6.2,12,3,24060.0,1,0.39
2026-04-25T03:00,0.0,0.0,0.0,0.0,0.0,0.0,0,0.0,204.0,905.0,24.1,1.8,6.2,13,13,25500.0,1,0.386
2026-04-25T04:00,0.0,0.0,0.0,0.0,0.0,0.0,2,0.0,283.0,1055.0,25.4,1.27,5.8,11,59,25500.0,1,0.381
2026-04-25T05:00,0.0,0.0,0.0,0.0,0.0,0.0,1,0.0,143.0,1195.0,26.5,1.05,5.1,360,34,25500.0,1,0.377
2026-04-25T06:00,0.0,0.0,0.0,0.0,0.0,0.0,0,0.0,128.0,1195.0,26.5,1.64,4.7,308,16,26720.0,1,0.375
2026-04-25T07:00,0.0,0.0,0.0,0.0,0.0,0.0,3,0.0,112.0,1165.0,27.1,1.67,5.2,311,98,26720.0,1,0.372
2026-04-25T08:00,0.0,0.0,0.0,0.0,0.0,0.0,3,0.0,191.0,1070.0,27.2,1.53,5.0,308,96,26720.0,1,0.369
2026-04-25T09:00,0.0,0.0,0.0,0.0,0.0,0.0,2,0.0,200.0,825.0,26.9,0.85,4.3,291,74,26720.0,1,0.367
2026-04-25T10:00,0.0,0.0,0.0,0.0,0.0,0.0,1,0.0,154.0,25.0,25.1,0.6,2.2,246,43,25500.0,1,0.366
2026-04-25T11:00,0.0,0.0,0.0,0.0,0.0,0.0,0,0.0,197.0,15.0,22.8,0.22,1.3,207,9,24060.0,0,0.367
2026-04-25T12:00,0.0,0.0,0.0,0.0,0.0,0.0,3,0.0,104.0,20.0,21.6,0.46,0.6,139,92,24060.0,0,0.354
2026-04-25T13:00,0.0,0.0,0.0,0.0,0.0,0.0,0,0.0,62.0,25.0,19.9,0.68,1.4,163,2,19720.0,0,0.355
2026-04-25T14:00,0.0,0.0,0.0,0.0,0.0,0.0,3,0.0,109.0,35.0,18.7,1.02,2.1,169,93,15560.0,0,0.355
2026-04-25T15:00,0.0,0.0,0.0,0.0,0.0,0.0,3,0.0,6.0,35.0,18.2,0.93,2.1,164,96,15560.0,0,0.355
2026-04-25T16:00,0.0,0.0,0.0,0.0,0.0,0.0,0,0.0,14.0,30.0,17.7,0.87,1.9,156,4,11040.0,0,0.356
2026-04-25T17:00,0.0,0.0,0.0,0.0,0.0,0.0,1,0.0,149.0,25.0,17.5,0.46,1.9,167,28,620.0,0,0.356
2026-04-25T18:00,0.0,0.0,0.0,0.0,0.0,0.0,3,0.0,178.0,25.0,17.7,0.51,1.2,151,99,180.0,0,0.355
2026-04-25T19:00,0.0,0.0,0.0,0.0,0.0,0.0,3,0.0,258.0,30.0,17.3,0.78,1.8,153,98,100.0,0,0.355
2026-04-25T20:00,0.0,0.0,0.0,0.0,0.0,0.0,3,0.0,146.0,30.0,17.4,0.66,2.2,171,100,80.0,0,0.355
2026-04-25T21:00,0.0,0.0,0.0,0.0,0.0,0.0,3,0.0,305.0,30.0,17.6,0.58,2.0,149,100,60.0,0,0.356
2026-04-25T22:00,0.0,0.0,0.0,0.0,0.0,0.0,3,0.0,302.0,35.0,17.4,0.71,2.3,98,100,80.0,1,0.356
2026-04-25T23:00,0.0,0.0,0.0,0.0,0.0,0.0,3,0.0,141.0,60.0,18.1,0.51,2.3,101,100,140.0,1,0.356
2026-04-26T00:00,0.0,0.0,0.0,0.0,0.0,0.0,3,0.0,211.0,55.0,18.8,0.65,2.9,148,100,1720.0,1,0.357
2026-04-26T01:00,0.0,0.0,0.0,0.0,0.0,0.0,3,0.0,206.0,315.0,20.9,0.3,2.9,189,99,1920.0,1,0.357
2026-04-26T02:00,0.0,0.0,0.0,0.0,0.0,0.0,1,0.0,154.0,505.0,23.2,0.16,3.0,252,38,22280.0,1,0.355
2026-04-26T03:00,0.0,0.0,0.0,0.0,0.0,0.0,0,0.0,166.0,635.0,25.5,0.11,3.4,27,2,25480.0,1,0.352
2026-04-26T04:00,0.0,0.0,0.0,0.0,0.0,0.0,0,0.0,168.0,820.0,27.2,0.34,3.7,63,0,26700.0,1,0.348
2026-04-26T05:00,0.0,0.0,0.0,0.0,0.0,0.0,3,0.0,155.0,970.0,28.5,0.11,3.7,297,90,26700.0,1,0.344
2026-04-26T06:00,0.0,0.0,0.0,0.0,0.0,0.0,2,0.0,161.0,1120.0,28.9,0.55,3.6,270,63,29200.0,1,0.34
2026-04-26T07:00,0.0,0.0,0.0,0.0,0.0,0.0,3,0.0,219.0,1255.0,29.7,0.73,3.5,254,98,29200.0,1,0.336
2026-04-26T08:00,0.0,0.0,0.0,0.0,0.0,0.0,3,0.0,204.0,1205.0,29.6,1.08,3.4,214,94,29720.0,1,0.333
2026-04-26T09:00,0.0,0.0,0.0,0.0,0.0,0.0,1,0.0,21.0,470.0,28.8,1.21,3.2,173,20,29200.0,1,0.332
2026-04-26T10:00,0.0,0.0,0.0,0.0,0.0,0.0,3,0.0,291.0,40.0,27.0,0.56,2.5,207,100,26700.0,1,0.331
2026-04-26T11:00,0.0,0.0,0.0,0.0,0.0,0.0,3,0.0,243.0,40.0,24.2,0.81,1.5,210,84,26700.0,0,0.332
2026-04-26T12:00,0.0,0.0,0.0,0.0,0.0,0.0,2,0.0,403.0,40.0,22.7,1.22,3.6,189,71,24060.0,0,0.318
2026-04-26T13:00,0.0,0.0,0.0,0.0,0.0,0.0,3,0.0,397.0,85.0,21.6,1.62,3.3,189,100,24060.0,0,0.319
2026-04-26T14:00,0.0,0.0,0.0,0.0,0.0,0.0,3,20.0,401.0,100.0,20.8,1.58,3.2,169,99,19720.0,0,0.32
2026-04-26T15:00,0.0,0.0,0.0,0.0,0.0,0.0,3,30.0,304.0,170.0,20.5,1.6,3.5,180,100,15580.0,0,0.32
2026-04-26T16:00,0.0,0.0,0.0,0.0,0.0,0.0,3,20.0,438.0,115.0,19.8,1.3,3.3,180,91,15580.0,0,0.321
2026-04-26T17:00,0.0,0.0,0.0,0.0,0.0,0.0,3,0.0,442.0,85.0,19.2,1.15,2.7,178,100,11060.0,0,0.322
2026-04-26T18:00,0.0,0.0,0.0,0.0,0.0,0.0,3,0.0,473.0,60.0,19.4,0.91,2.4,171,100,11060.0,0,0.318
2026-04-26T19:00,0.0,0.0,0.0,0.0,0.0,0.0,3,0.0,358.0,75.0,19.1,0.9,2.0,180,100,11060.0,0,0.318
2026-04-26T20:00,0.0,0.0,0.0,0.0,0.0,0.0,3,0.0,424.0,70.0,18.8,0.87,2.0,167,100,11060.0,0,0.319
2026-04-26T21:00,0.0,0.0,0.0,0.0,0.0,0.0,3,0.0,243.0,70.0,18.8,0.93,2.1,164,100,1700.0,0,0.319
2026-04-26T22:00,0.0,0.0,0.0,0.0,0.0,0.0,3,0.0,206.0,90.0,18.9,0.91,2.2,174,100,640.0,1,0.32
2026-04-26T23:00,0.0,0.0,0.0,0.0,0.0,0.0,3,0.0,149.0,125.0,19.9,1.11,3.0,162,100,11060.0,1,0.32
2026-04-27T00:00,0.0,0.0,0.0,0.0,0.0,0.0,3,10.0,290.0,210.0,20.8,0.96,3.5,171,100,15800.0,1,0.323
2026-04-27T01:00,0.0,0.0,0.0,0.0,0.0,0.0,3,70.0,230.0,380.0,22.9,1.14,4.0,165,100,14320.0,1,0.323
2026-04-27T02:00,0.0,0.0,0.0,0.0,0.0,0.0,3,200.0,108.0,525.0,25.0,1.37,4.9,156,95,15080.0,1,0.321
2026-04-27T03:00,0.0,0.0,0.0,0.0,0.0,0.0,3,230.0,73.0,805.0,27.0,1.26,5.0,162,98,24060.0,1,0.318
2026-04-27T04:00,0.0,0.0,0.0,0.0,0.0,0.0,3,20.0,208.0,1150.0,28.5,1.72,5.4,172,100,26680.0,1,0.314
2026-04-27T05:00,0.0,0.0,0.0,0.0,0.0,0.0,3,0.0,165.0,1375.0,29.5,2.31,6.4,175,100,26700.0,1,0.31
2026-04-27T06:00,0.0,0.0,0.0,0.0,0.0,0.0,3,0.0,115.0,1630.0,29.3,1.57,6.4,202,100,26700.0,1,0.306
2026-04-27T07:00,0.0,0.0,0.0,0.0,0.0,0.0,3,10.0,57.0,1670.0,29.3,1.89,4.9,212,100,26680.0,1,0.303
2026-04-27T08:00,0.0,0.0,0.0,0.0,0.0,0.0,3,10.0,66.0,1245.0,28.8,1.27,5.0,222,100,26680.0,1,0.302
2026-04-27T09:00,0.0,0.0,0.0,0.0,0.0,0.0,3,0.0,126.0,360.0,27.7,2.28,4.8,218,100,25480.0,1,0.301
2026-04-27T10:00,0.0,0.0,0.0,0.0,0.0,0.0,3,0.0,104.0,180.0,25.7,2.04,4.6,191,100,25480.0,1,0.3
2026-04-27T11:00,0.0,0.0,0.0,0.0,0.0,0.0,3,0.0,131.0,115.0,24.5,1.69,3.8,168,100,25480.0,0,0.3
2026-04-27T12:00,0.0,0.0,0.0,0.0,0.0,0.0,3,0.0,166.0,115.0,23.0,1.6,3.7,180,100,24060.0,0,0.282
2026-04-27T13:00,0.0,0.0,0.0,0.0,0.0,0.0,3,0.0,77.0,180.0,22.8,1.81,3.7,166,100,22380.0,0,0.282
2026-04-27T14:00,0.0,0.0,0.0,0.0,0.0,0.0,3,0.0,12.0,195.0,22.1,1.78,4.0,169,96,19740.0,0,0.282
2026-04-27T15:00,0.0,0.0,0.0,0.0,0.0,0.0,3,0.0,16.0,95.0,21.3,1.25,3.7,185,90,19740.0,0,0.283
2026-04-27T16:00,0.0,0.0,0.0,0.0,0.0,0.0,2,0.0,16.0,35.0,20.7,0.74,2.7,200,77,17900.0,0,0.283
2026-04-27T17:00,0.0,0.0,0.0,0.0,0.0,0.0,3,10.0,3.0,25.0,20.1,0.45,1.7,186,100,15600.0,0,0.284
2026-04-27T18:00,0.0,0.0,0.0,0.0,0.0,0.0,3,50.0,11.0,40.0,21.1,0.84,1.7,197,100,15600.0,0,0.271
2026-04-27T19:00,0.0,0.0,0.0,0.0,0.0,0.0,3,90.0,2.0,45.0,21.4,0.71,1.8,172,83,15600.0,0,0.271
2026-04-27T20:00,0.1,0.0,0.1,0.0,0.0,0.0,51,20.0,60.0,95.0,20.9,1.39,3.2,154,80,15600.0,0,0.272
2026-04-27T21:00,0.0,0.0,0.0,0.0,0.0,0.0,3,10.0,14.0,95.0,20.9,1.68,3.4,117,99,15600.0,0,0.273
2026-04-27T22:00,0.1,0.0,0.1,0.0,0.0,0.0,51,0.0,34.0,55.0,20.9,0.73,3.6,74,100,22380.0,1,0.275
2026-04-27T23:00,0.0,0.0,0.0,0.0,0.0,0.0,1,0.0,15.0,40.0,21.8,0.76,1.8,337,39,19740.0,1,0.275
2026-04-28T00:00,0.0,0.0,0.0,0.0,0.0,0.0,3,140.0,50.0,405.0,23.3,0.47,2.3,72,93,19740.0,1,0.277
2026-04-28T01:00,0.0,0.0,0.0,0.0,0.0,0.0,3,280.0,14.0,840.0,26.0,2.39,5.8,160,94,22380.0,1,0.276
2026-04-28T02:00,0.2,0.1,0.1,0.0,0.0,0.0,51,380.0,4.0,815.0,26.9,2.92,6.9,167,100,11840.0,1,0.276
2026-04-28T03:00,0.2,0.1,0.1,0.0,0.0,0.0,51,820.0,0.0,1100.0,28.3,3.03,8.2,171,80,20220.0,1,0.275
2026-04-28T04:00,0.0,0.0,0.0,0.0,0.0,0.0,3,970.0,0.0,1265.0,29.4,3.44,9.2,171,89,17140.0,1,0.272
2026-04-28T05:00,0.0,0.0,0.0,0.0,0.0,0.0,3,1110.0,0.0,1560.0,29.9,3.7,9.5,179,86,25460.0,1,0.269
2026-04-28T06:00,0.5,0.0,0.5,0.0,0.0,0.0,53,440.0,37.0,385.0,26.4,2.72,9.5,148,73,19720.0,1,0.27
2026-04-28T07:00,0.0,0.0,0.0,0.0,0.0,0.0,3,820.0,2.0,1325.0,29.2,1.61,7.0,164,99,25460.0,1,0.268
2026-04-28T08:00,2.6,0.2,2.4,0.0,0.0,0.0,95,1000.0,27.0,370.0,25.5,3.26,7.9,201,94,9660.0,1,0.3
2026-04-28T09:00,0.1,0.1,0.0,0.0,0.0,0.0,51,670.0,8.0,680.0,25.8,3.25,6.7,181,82,4000.0,1,0.3
2026-04-28T10:00,0.3,0.3,0.0,0.0,0.0,0.0,51,650.0,34.0,360.0,24.4,2.65,7.0,180,78,15600.0,1,0.303
2026-04-28T11:00,0.0,0.0,0.0,0.0,0.0,0.0,2,570.0,22.0,290.0,23.2,1.41,5.3,174,67,13440.0,0,0.303
2026-04-28T12:00,0.0,0.0,0.0,0.0,0.0,0.0,3,420.0,8.0,435.0,22.3,3.74,3.2,196,100,4040.0,0,0.286
2026-04-28T13:00,0.4,0.4,0.0,0.0,0.0,0.0,51,300.0,17.0,265.0,22.2,1.86,7.5,211,100,5820.0,0,0.291
2026-04-28T14:00,0.2,0.2,0.0,0.0,0.0,0.0,51,510.0,2.0,200.0,22.0,0.85,3.6,152,100,6760.0,0,0.292
2026-04-28T15:00,0.1,0.1,0.0,0.0,0.0,0.0,51,470.0,17.0,270.0,21.9,1.63,3.7,153,100,8500.0,0,0.294
2026-04-28T16:00,0.0,0.0,0.0,0.0,0.0,0.0,3,520.0,12.0,60.0,21.2,0.41,3.4,194,100,10200.0,0,0.294
2026-04-28T17:00,0.0,0.0,0.0,0.0,0.0,0.0,3,490.0,16.0,40.0,21.1,0.35,1.7,270,100,4600.0,0,0.294
2026-04-28T18:00,0.0,0.0,0.0,0.0,0.0,0.0,3,440.0,4.0,110.0,21.6,1.84,1.8,213,100,2240.0,0,0.277
2026-04-28T19:00,0.7,0.6,0.1,0.0,0.0,0.0,53,700.0,4.0,75.0,21.8,0.99,3.7,139,100,2340.0,0,0.287
2026-04-28T20:00,2.6,2.6,0.0,0.0,0.0,0.0,63,690.0,13.0,75.0,21.5,1.03,2.9,133,100,1920.0,0,0.323
2026-04-28T21:00,1.7,1.7,0.0,0.0,0.0,0.0,80,900.0,7.0,10.0,21.5,0.05,2.5,90,99,7300.0,0,0.345
2026-04-28T22:00,0.0,0.0,0.0,0.0,0.0,0.0,2,920.0,0.0,15.0,21.2,0.11,1.2,117,60,4020.0,1,0.344
2026-04-28T23:00,0.0,0.0,0.0,0.0,0.0,0.0,3,860.0,1.0,65.0,22.1,0.57,2.2,128,100,3240.0,1,0.344
2026-04-29T00:00,0.1,0.1,0.0,0.0,0.0,0.0,51,570.0,2.0,410.0,22.7,3.37,6.0,162,98,7880.0,1,0.402
2026-04-29T01:00,0.1,0.1,0.0,0.0,0.0,0.0,51,450.0,22.0,465.0,24.3,4.1,8.7,189,99,15520.0,1,0.394
2026-04-29T02:00,0.0,0.0,0.0,0.0,0.0,0.0,3,520.0,24.0,695.0,26.7,3.97,9.2,197,85,22380.0,1,0.386
2026-04-29T03:00,0.0,0.0,0.0,0.0,0.0,0.0,3,1040.0,0.0,1040.0,28.2,2.45,10.4,213,100,24040.0,1,0.379
2026-04-29T04:00,0.3,0.2,0.1,0.0,0.0,0.0,51,1020.0,1.0,925.0,28.1,2.7,8.6,281,100,2920.0,1,0.376
2026-04-29T05:00,4.1,0.9,3.2,0.0,0.0,0.0,95,450.0,1.0,570.0,23.7,3.45,9.2,292,100,4680.0,1,0.412
2026-04-29T06:00,0.8,0.5,0.3,0.0,0.0,0.0,53,80.0,3.0,350.0,19.8,3.41,10.3,22,100,7480.0,1,0.394
2026-04-29T07:00,0.1,0.1,0.0,0.0,0.0,0.0,51,30.0,8.0,685.0,21.2,4.41,10.0,23,100,6160.0,1,0.389
2026-04-29T08:00,0.4,0.3,0.1,0.0,0.0,0.0,51,30.0,3.0,655.0,19.4,4.45,10.2,25,99,7900.0,1,0.388
2026-04-29T09:00,0.1,0.1,0.0,0.0,0.0,0.0,51,0.0,3.0,705.0,19.2,4.46,10.3,18,84,22380.0,1,0.384
2026-04-29T10:00,0.0,0.0,0.0,0.0,0.0,0.0,3,0.0,3.0,745.0,18.8,4.23,9.9,14,86,22380.0,1,0.38
2026-04-29T11:00,0.0,0.0,0.0,0.0,0.0,0.0,3,0.0,5.0,790.0,18.2,3.87,9.0,14,95,22380.0,0,0.377
2026-04-29T12:00,0.0,0.0,0.0,0.0,0.0,0.0,3,0.0,1.0,810.0,18.8,3.94,8.2,8,93,24040.0,0,0.39
2026-04-29T13:00,0.0,0.0,0.0,0.0,0.0,0.0,3,0.0,16.0,840.0,18.8,4.36,9.0,5,83,24040.0,0,0.387
2026-04-29T14:00,0.0,0.0,0.0,0.0,0.0,0.0,3,0.0,20.0,820.0,18.2,4.16,9.1,4,100,24040.0,0,0.384
2026-04-29T15:00,0.0,0.0,0.0,0.0,0.0,0.0,3,0.0,18.0,835.0,18.2,4.57,9.4,5,100,24040.0,0,0.382
2026-04-29T16:00,0.0,0.0,0.0,0.0,0.0,0.0,3,0.0,40.0,825.0,17.6,4.91,10.2,3,100,24040.0,0,0.379
2026-04-29T17:00,0.0,0.0,0.0,0.0,0.0,0.0,3,0.0,74.0,805.0,17.0,4.62,10.2,5,100,24040.0,0,0.377
2026-04-29T18:00,0.0,0.0,0.0,0.0,0.0,0.0,3,0.0,9.0,790.0,16.9,4.06,9.5,4,100,24040.0,0,0.376
2026-04-29T19:00,0.0,0.0,0.0,0.0,0.0,0.0,3,0.0,52.0,760.0,16.4,3.86,8.5,4,99,22400.0,0,0.374
2026-04-29T20:00,0.0,0.0,0.0,0.0,0.0,0.0,3,0.0,41.0,760.0,16.2,4.41,9.2,4,100,24040.0,0,0.373
2026-04-29T21:00,0.0,0.0,0.0,0.0,0.0,0.0,3,0.0,48.0,745.0,16.0,4.37,9.4,5,100,22400.0,0,0.371
2026-04-29T22:00,0.0,0.0,0.0,0.0,0.0,0.0,3,0.0,39.0,725.0,15.7,4.07,9.1,6,100,22400.0,1,0.37
2026-04-29T23:00,0.0,0.0,0.0,0.0,0.0,0.0,3,0.0,42.0,740.0,15.9,4.26,9.1,4,100,22400.0,1,0.369
2026-04-30T00:00,0.0,0.0,0.0,0.0,0.0,0.0,3,10.0,81.0,725.0,16.3,4.3,10.8,9,100,24040.0,1,0.363
2026-04-30T01:00,0.0,0.0,0.0,0.0,0.0,0.0,3,0.0,35.0,750.0,16.8,4.04,9.7,15,100,24040.0,1,0.361
2026-04-30T02:00,0.0,0.0,0.0,0.0,0.0,0.0,3,0.0,23.0,810.0,18.0,3.61,8.8,19,100,24040.0,1,0.36
2026-04-30T03:00,0.0,0.0,0.0,0.0,0.0,0.0,3,0.0,15.0,870.0,19.6,3.16,8.0,18,98,25460.0,1,0.357
2026-04-30T04:00,0.0,0.0,0.0,0.0,0.0,0.0,3,0.0,7.0,910.0,21.3,2.53,8.1,25,91,25460.0,1,0.354
2026-04-30T05:00,0.0,0.0,0.0,0.0,0.0,0.0,3,0.0,1.0,1080.0,24.5,1.06,6.6,352,98,26660.0,1,0.351
2026-04-30T06:00,0.0,0.0,0.0,0.0,0.0,0.0,3,0.0,1.0,1465.0,24.5,3.38,6.8,13,100,25460.0,1,0.361
2026-04-30T07:00,0.0,0.0,0.0,0.0,0.0,0.0,3,0.0,6.0,1360.0,24.5,2.83,7.8,8,100,25460.0,1,0.358
2026-04-30T08:00,0.0,0.0,0.0,0.0,0.0,0.0,3,0.0,16.0,1410.0,24.5,2.98,7.1,23,93,25460.0,1,0.355
2026-04-30T09:00,0.0,0.0,0.0,0.0,0.0,0.0,2,0.0,27.0,665.0,23.0,3.88,8.1,35,59,25460.0,1,0.353
2026-04-30T10:00,0.0,0.0,0.0,0.0,0.0,0.0,1,0.0,41.0,430.0,22.0,3.07,8.1,16,23,25460.0,1,0.352
2026-04-30T11:00,0.0,0.0,0.0,0.0,0.0,0.0,0,0.0,54.0,355.0,20.3,2.95,6.4,15,0,24040.0,0,0.351
2026-04-30T12:00,0.0,0.0,0.0,0.0,0.0,0.0,0,0.0,65.0,330.0,19.2,2.06,5.7,18,3,24040.0,0,0.332
2026-04-30T13:00,0.0,0.0,0.0,0.0,0.0,0.0,0,0.0,77.0,280.0,17.9,1.48,4.2,24,3,24040.0,0,0.332
2026-04-30T14:00,0.0,0.0,0.0,0.0,0.0,0.0,0,0.0,91.0,225.0,17.1,1.12,3.1,10,2,22400.0,0,0.332
2026-04-30T15:00,0.0,0.0,0.0,0.0,0.0,0.0,0,0.0,106.0,190.0,16.6,1.2,2.5,360,9,22400.0,0,0.332
2026-04-30T16:00,0.0,0.0,0.0,0.0,0.0,0.0,1,0.0,117.0,175.0,16.2,1.16,2.6,353,22,22400.0,0,0.332
2026-04-30T17:00,0.0,0.0,0.0,0.0,0.0,0.0,0,0.0,124.0,115.0,15.8,1.03,2.6,337,13,19760.0,0,0.332
2026-04-30T18:00,0.0,0.0,0.0,0.0,0.0,0.0,3,0.0,123.0,220.0,15.8,1.07,2.2,349,87,19760.0,0,0.328
2026-04-30T19:00,0.0,0.0,0.0,0.0,0.0,0.0,3,0.0,112.0,215.0,15.5,1.06,2.4,341,95,19760.0,0,0.328
2026-04-30T20:00,0.0,0.0,0.0,0.0,0.0,0.0,2,0.0,91.0,170.0,15.3,0.92,2.3,338,76,19760.0,0,0.328
2026-04-30T21:00,0.0,0.0,0.0,0.0,0.0,0.0,1,0.0,66.0,115.0,14.9,0.82,2.1,346,48,19760.0,0,0.328
2026-04-30T22:00,0.0,0.0,0.0,0.0,0.0,0.0,0,0.0,40.0,85.0,14.6,0.7,1.8,4,18,19760.0,1,0.328
2026-04-30T23:00,0.0,0.0,0.0,0.0,0.0,0.0,0,0.0,17.0,205.0,16.2,1.2,3.0,360,19,19760.0,1,0.328
2026-05-01T00:00,0.0,0.0,0.0,0.0,0.0,0.0,1,0.0,2.0,300.0,17.3,1.55,4.5,360,40,22400.0,1,0.332
2026-05-01T01:00,0.0,0.0,0.0,0.0,0.0,0.0,3,0.0,0.0,395.0,19.5,1.4,4.8,4,94,24040.0,1,0.33
2026-05-01T02:00,0.0,0.0,0.0,0.0,0.0,0.0,1,0.0,0.0,520.0,21.5,0.91,4.8,9,32,24040.0,1,0.328
2026-05-01T03:00,0.0,0.0,0.0,0.0,0.0,0.0,2,0.0,0.0,670.0,23.4,0.66,4.2,9,65,24040.0,1,0.325
2026-05-01T04:00,0.0,0.0,0.0,0.0,0.0,0.0,0,0.0,0.0,820.0,24.7,0.52,4.2,343,11,25440.0,1,0.322
2026-05-01T05:00,0.0,0.0,0.0,0.0,0.0,0.0,2,0.0,0.0,1340.0,26.3,0.67,4.0,222,51,25440.0,1,0.318
2026-05-01T06:00,0.0,0.0,0.0,0.0,0.0,0.0,3,10.0,2.0,1670.0,26.9,2.78,6.0,203,83,25440.0,1,0.314
2026-05-01T07:00,0.0,0.0,0.0,0.0,0.0,0.0,0,10.0,6.0,1195.0,26.3,4.11,9.1,206,18,25440.0,1,0.312
2026-05-01T08:00,0.0,0.0,0.0,0.0,0.0,0.0,0,0.0,3.0,1315.0,26.9,2.66,9.0,208,9,26640.0,1,0.309
2026-05-01T09:00,0.0,0.0,0.0,0.0,0.0,0.0,1,0.0,2.0,1400.0,26.8,2.15,6.1,205,30,25440.0,1,0.307
2026-05-01T10:00,0.0,0.0,0.0,0.0,0.0,0.0,3,10.0,10.0,215.0,25.4,1.15,4.6,175,95,24040.0,1,0.307
2026-05-01T11:00,0.0,0.0,0.0,0.0,0.0,0.0,3,10.0,16.0,135.0,23.1,1.5,3.0,165,100,24040.0,0,0.307
2026-05-01T12:00,0.0,0.0,0.0,0.0,0.0,0.0,3,0.0,8.0,195.0,22.2,1.75,4.1,182,100,22400.0,0,0.309
2026-05-01T13:00,0.0,0.0,0.0,0.0,0.0,0.0,3,0.0,16.0,200.0,22.0,1.6,3.5,180,97,22400.0,0,0.309
2026-05-01T14:00,0.0,0.0,0.0,0.0,0.0,0.0,2,0.0,46.0,185.0,21.5,1.7,3.5,182,70,19320.0,0,0.31
2026-05-01T15:00,0.0,0.0,0.0,0.0,0.0,0.0,0,0.0,17.0,140.0,20.7,1.41,3.5,188,2,19500.0,0,0.31
2026-05-01T16:00,0.0,0.0,0.0,0.0,0.0,0.0,0,0.0,37.0,70.0,19.9,1.11,3.0,172,9,17940.0,0,0.311
2026-05-01T17:00,0.0,0.0,0.0,0.0,0.0,0.0,1,0.0,73.0,60.0,19.5,1.08,2.4,167,38,15660.0,0,0.311
2026-05-01T18:00,0.0,0.0,0.0,0.0,0.0,0.0,3,0.0,213.0,40.0,19.5,0.85,2.4,177,91,15660.0,0,0.309
2026-05-01T19:00,0.0,0.0,0.0,0.0,0.0,0.0,3,0.0,209.0,50.0,19.2,0.92,2.2,167,100,11140.0,0,0.309
2026-05-01T20:00,0.0,0.0,0.0,0.0,0.0,0.0,3,0.0,224.0,75.0,19.7,0.92,2.4,167,99,15660.0,0,0.31
2026-05-01T21:00,0.0,0.0,0.0,0.0,0.0,0.0,3,0.0,290.0,85.0,19.6,1.05,2.4,155,80,11140.0,0,0.31
2026-05-01T22:00,0.0,0.0,0.0,0.0,0.0,0.0,2,0.0,258.0,95.0,19.3,1.15,2.8,162,79,11140.0,1,0.311
2026-05-01T23:00,0.0,0.0,0.0,0.0,0.0,0.0,3,0.0,234.0,210.0,20.6,1.0,3.3,177,88,15660.0,1,0.311
2026-05-02T00:00,0.0,0.0,0.0,0.0,0.0,0.0,3,0.0,221.0,355.0,22.0,1.46,4.6,174,80,19780.0,1,0.313
2026-05-02T01:00,0.0,0.0,0.0,0.0,0.0,0.0,3,0.0,58.0,655.0,24.2,1.76,5.2,175,100,22400.0,1,0.312
2026-05-02T02:00,0.0,0.0,0.0,0.0,0.0,0.0,3,10.0,175.0,875.0,26.2,2.63,6.3,194,85,24040.0,1,0.309
2026-05-02T03:00,0.0,0.0,0.0,0.0,0.0,0.0,3,130.0,139.0,1140.0,27.5,4.22,9.6,202,100,24040.0,1,0.306
2026-05-02T04:00,0.0,0.0,0.0,0.0,0.0,0.0,3,240.0,103.0,1145.0,27.3,3.39,9.6,202,97,24040.0,1,0.304
2026-05-02T05:00,0.0,0.0,0.0,0.0,0.0,0.0,3,160.0,105.0,1225.0,28.3,3.86,8.7,201,98,24040.0,1,0.302
2026-05-02T06:00,0.0,0.0,0.0,0.0,0.0,0.0,3,370.0,1.0,1240.0,28.0,3.4,8.7,206,87,24040.0,1,0.301
2026-05-02T07:00,0.0,0.0,0.0,0.0,0.0,0.0,3,420.0,57.0,1180.0,28.4,3.85,8.3,208,89,24040.0,1,0.299
2026-05-02T08:00,0.0,0.0,0.0,0.0,0.0,0.0,3,280.0,71.0,1160.0,28.1,3.32,8.3,203,91,24040.0,1,0.297
2026-05-02T09:00,0.0,0.0,0.0,0.0,0.0,0.0,3,330.0,46.0,845.0,27.7,2.9,7.0,191,99,10400.0,1,0.296
2026-05-02T10:00,0.1,0.1,0.0,0.0,0.0,0.0,51,400.0,55.0,565.0,26.9,2.16,6.1,176,94,24040.0,1,0.296
2026-05-02T11:00,0.0,0.0,0.0,0.0,0.0,0.0,3,490.0,63.0,380.0,25.7,2.47,4.8,194,99,22400.0,0,0.296
2026-05-02T12:00,0.0,0.0,0.0,0.0,0.0,0.0,3,360.0,139.0,220.0,23.8,1.92,5.6,208,100,17320.0,0,0.3
2026-05-02T13:00,0.0,0.0,0.0,0.0,0.0,0.0,3,280.0,162.0,235.0,23.5,1.98,3.9,201,100,17260.0,0,0.3
2026-05-02T14:00,0.0,0.0,0.0,0.0,0.0,0.0,3,480.0,72.0,285.0,23.1,2.44,4.7,199,100,17660.0,0,0.301
2026-05-02T15:00,0.0,0.0,0.0,0.0,0.0,0.0,3,510.0,54.0,280.0,23.0,2.27,4.8,202,95,17320.0,0,0.301
2026-05-02T16:00,0.0,0.0,0.0,0.0,0.0,0.0,3,590.0,53.0,255.0,22.6,2.16,4.4,185,100,15140.0,0,0.302
2026-05-02T17:00,0.0,0.0,0.0,0.0,0.0,0.0,3,640.0,50.0,240.0,22.3,1.7,4.3,183,94,15440.0,0,0.302
2026-05-02T18:00,0.0,0.0,0.0,0.0,0.0,0.0,3,770.0,57.0,230.0,22.6,1.6,3.5,184,100,14540.0,0,0.302
2026-05-02T19:00,0.0,0.0,0.0,0.0,0.0,0.0,3,890.0,19.0,200.0,22.4,1.35,3.3,184,85,10860.0,0,0.303
2026-05-02T20:00,0.0,0.0,0.0,0.0,0.0,0.0,3,980.0,1.0,240.0,22.5,1.5,3.2,165,100,10620.0,0,0.303
2026-05-02T21:00,0.0,0.0,0.0,0.0,0.0,0.0,3,1050.0,0.0,265.0,22.7,1.9,3.8,178,100,7720.0,0,0.304
2026-05-02T22:00,0.2,0.2,0.0,0.0,0.0,0.0,51,1110.0,0.0,215.0,22.7,1.42,4.0,148,100,5040.0,1,0.306
2026-05-02T23:00,0.4,0.4,0.0,0.0,0.0,0.0,51,1050.0,8.0,205.0,23.2,1.68,3.4,157,100,4160.0,1,0.31
2026-05-03T00:00,0.2,0.2,0.0,0.0,0.0,0.0,51,560.0,1.0,100.0,22.7,1.07,5.3,152,100,6340.0,1,0.294
2026-05-03T01:00,0.3,0.3,0.0,0.0,0.0,0.0,51,830.0,5.0,250.0,24.5,1.3,3.8,203,99,6980.0,1,0.297
2026-05-03T02:00,0.5,0.4,0.1,0.0,0.0,0.0,53,1260.0,0.0,545.0,25.8,1.5,6.2,244,100,4400.0,1,0.302
2026-05-03T03:00,1.2,0.6,0.6,0.0,0.0,0.0,55,1170.0,3.0,215.0,24.6,1.33,6.4,257,100,5360.0,1,0.315
2026-05-03T04:00,0.3,0.2,0.1,0.0,0.0,0.0,51,1080.0,1.0,520.0,25.6,1.75,4.5,267,100,8140.0,1,0.317
2026-05-03T05:00,0.3,0.2,0.1,0.0,0.0,0.0,51,720.0,0.0,590.0,25.9,0.61,4.5,305,100,6040.0,1,0.319
2026-05-03T06:00,0.3,0.3,0.0,0.0,0.0,0.0,51,0.0,81.0,475.0,23.0,4.4,9.6,15,75,17120.0,1,0.337
2026-05-03T07:00,0.0,0.0,0.0,0.0,0.0,0.0,3,0.0,23.0,650.0,24.4,3.9,10.1,359,100,11960.0,1,0.333
2026-05-03T08:00,0.0,0.0,0.0,0.0,0.0,0.0,1,0.0,17.0,710.0,23.1,4.15,9.4,9,41,19500.0,1,0.332
2026-05-03T09:00,0.0,0.0,0.0,0.0,0.0,0.0,0,0.0,16.0,730.0,23.0,3.59,9.2,13,14,22040.0,1,0.33
2026-05-03T10:00,0.0,0.0,0.0,0.0,0.0,0.0,3,0.0,13.0,795.0,22.8,3.3,8.2,14,98,24040.0,1,0.328
2026-05-03T11:00,0.0,0.0,0.0,0.0,0.0,0.0,3,0.0,27.0,680.0,22.0,2.47,6.8,18,100,22400.0,0,0.328
2026-05-03T12:00,0.0,0.0,0.0,0.0,0.0,0.0,3,0.0,18.0,380.0,21.5,1.83,5.9,349,100,22400.0,0,0.362
2026-05-03T13:00,0.0,0.0,0.0,0.0,0.0,0.0,3,0.0,23.0,480.0,21.5,2.21,4.7,356,100,22400.0,0,0.361
2026-05-03T14:00,0.0,0.0,0.0,0.0,0.0,0.0,3,0.0,11.0,465.0,21.3,1.85,4.5,3,100,22400.0,0,0.36
2026-05-03T15:00,0.3,0.3,0.0,0.0,0.0,0.0,51,0.0,17.0,410.0,20.8,1.84,3.8,22,100,3960.0,0,0.362
2026-05-03T16:00,0.3,0.3,0.0,0.0,0.0,0.0,51,0.0,37.0,240.0,20.2,1.68,3.8,343,100,16060.0,0,0.364
2026-05-03T17:00,0.0,0.0,0.0,0.0,0.0,0.0,3,0.0,52.0,170.0,19.9,1.04,3.3,325,100,19700.0,0,0.363
2026-05-03T18:00,0.0,0.0,0.0,0.0,0.0,0.0,3,10.0,57.0,90.0,20.4,1.47,4.0,325,100,17980.0,0,0.358
2026-05-03T19:00,0.0,0.0,0.0,0.0,0.0,0.0,3,0.0,49.0,195.0,20.2,1.85,3.7,341,100,19780.0,0,0.357
2026-05-03T20:00,0.0,0.0,0.0,0.0,0.0,0.0,3,0.0,15.0,230.0,20.1,1.95,3.9,359,96,19780.0,0,0.357
2026-05-03T21:00,0.0,0.0,0.0,0.0,0.0,0.0,3,0.0,11.0,145.0,19.1,1.32,3.9,351,100,19780.0,0,0.356
2026-05-03T22:00,0.0,0.0,0.0,0.0,0.0,0.0,2,0.0,13.0,160.0,19.1,1.44,3.2,340,77,19780.0,1,0.356
2026-05-03T23:00,0.0,0.0,0.0,0.0,0.0,0.0,2,0.0,15.0,345.0,20.4,1.66,3.8,331,54,19800.0,1,0.355
2026-05-04T00:00,0.0,0.0,0.0,0.0,0.0,0.0,3,80.0,7.0,520.0,21.5,1.47,5.2,342,87,22400.0,1,0.37
2026-05-04T01:00,0.0,0.0,0.0,0.0,0.0,0.0,2,40.0,22.0,950.0,22.9,1.74,4.8,27,74,22360.0,1,0.367
2026-05-04T02:00,0.0,0.0,0.0,0.0,0.0,0.0,3,0.0,55.0,1105.0,24.9,2.72,6.9,43,100,25420.0,1,0.364
2026-05-04T03:00,0.0,0.0,0.0,0.0,0.0,0.0,3,0.0,47.0,1065.0,24.6,2.57,7.1,37,100,25420.0,1,0.361
2026-05-04T04:00,0.0,0.0,0.0,0.0,0.0,0.0,3,0.0,45.0,890.0,24.2,2.52,6.2,21,100,14520.0,1,0.359
2026-05-04T05:00,0.2,0.2,0.0,0.0,0.0,0.0,51,0.0,31.0,680.0,23.8,2.2,6.0,1,100,5100.0,1,0.358
2026-05-04T06:00,0.6,0.6,0.0,0.0,0.0,0.0,53,0.0,18.0,665.0,23.4,2.3,5.3,360,100,10240.0,1,0.365
2026-05-04T07:00,0.5,0.1,0.4,0.0,0.0,0.0,53,10.0,16.0,290.0,21.8,1.52,5.1,351,100,5440.0,1,0.368
2026-05-04T08:00,1.4,0.4,1.0,0.0,0.0,0.0,80,0.0,6.0,385.0,21.3,1.35,3.9,4,100,7640.0,1,0.383
2026-05-04T09:00,0.3,0.1,0.2,0.0,0.0,0.0,51,0.0,6.0,330.0,21.2,1.32,3.8,9,100,22400.0,1,0.384
2026-05-04T10:00,0.0,0.0,0.0,0.0,0.0,0.0,3,0.0,4.0,245.0,20.7,0.96,3.3,354,100,11380.0,1,0.382
2026-05-04T11:00,0.0,0.0,0.0,0.0,0.0,0.0,3,0.0,10.0,45.0,19.9,0.54,1.9,326,100,18580.0,0,0.38
2026-05-04T12:00,0.0,0.0,0.0,0.0,0.0,0.0,3,0.0,7.0,130.0,20.7,0.7,1.1,356,100,17980.0,0,0.345
2026-05-04T13:00,0.0,0.0,0.0,0.0,0.0,0.0,3,0.0,9.0,55.0,20.4,0.54,1.5,338,100,17980.0,0,0.345
2026-05-04T14:00,0.0,0.0,0.0,0.0,0.0,0.0,3,0.0,6.0,55.0,20.5,0.51,1.8,331,100,17980.0,0,0.345
2026-05-04T15:00,0.0,0.0,0.0,0.0,0.0,0.0,3,10.0,0.0,155.0,20.6,0.57,1.2,345,100,17980.0,0,0.345
2026-05-04T16:00,0.0,0.0,0.0,0.0,0.0,0.0,3,10.0,1.0,130.0,20.5,0.65,1.6,360,100,15680.0,0,0.344
2026-05-04T17:00,0.0,0.0,0.0,0.0,0.0,0.0,3,10.0,16.0,110.0,20.3,0.95,1.7,360,100,16380.0,0,0.344
2026-05-04T18:00,0.4,0.1,0.3,0.0,0.0,0.0,51,0.0,22.0,145.0,20.3,0.6,2.2,360,100,8540.0,0,0.338
2026-05-04T19:00,0.1,0.1,0.0,0.0,0.0,0.0,51,0.0,1.0,135.0,20.0,1.15,2.1,358,100,8900.0,0,0.339
2026-05-04T20:00,0.0,0.0,0.0,0.0,0.0,0.0,3,0.0,45.0,135.0,19.9,1.01,2.2,340,100,12600.0,0,0.339
2026-05-04T21:00,0.0,0.0,0.0,0.0,0.0,0.0,3,0.0,28.0,95.0,19.9,0.78,1.8,320,100,9440.0,0,0.339
2026-05-04T22:00,0.1,0.1,0.0,0.0,0.0,0.0,51,0.0,9.0,90.0,19.8,0.78,1.6,310,100,6420.0,1,0.34
2026-05-04T23:00,0.2,0.2,0.0,0.0,0.0,0.0,51,0.0,17.0,100.0,19.9,0.68,1.7,324,100,5660.0,1,0.342
2026-05-05T00:00,0.2,0.2,0.0,0.0,0.0,0.0,51,0.0,9.0,335.0,20.6,0.98,2.2,24,100,13960.0,1,0.338
2026-05-05T01:00,0.0,0.0,0.0,0.0,0.0,0.0,3,0.0,5.0,460.0,21.7,0.6,3.4,48,100,19800.0,1,0.338
2026-05-05T02:00,0.4,0.0,0.4,0.0,0.0,0.0,51,20.0,121.0,580.0,22.4,0.57,3.0,345,100,10500.0,1,0.34
2026-05-05T03:00,0.2,0.2,0.0,0.0,0.0,0.0,51,40.0,14.0,405.0,22.3,0.97,3.3,339,100,9460.0,1,0.342
2026-05-05T04:00,0.0,0.0,0.0,0.0,0.0,0.0,3,20.0,15.0,360.0,22.2,0.65,3.2,356,100,22400.0,1,0.341
2026-05-05T05:00,0.0,0.0,0.0,0.0,0.0,0.0,3,10.0,16.0,405.0,22.7,0.79,3.1,342,100,13920.0,1,0.34
2026-05-05T06:00,0.5,0.1,0.4,0.0,0.0,0.0,53,20.0,23.0,425.0,22.1,1.26,3.9,342,100,8100.0,1,0.355
2026-05-05T07:00,0.9,0.3,0.6,0.0,0.0,0.0,53,0.0,17.0,355.0,21.8,1.79,4.4,337,100,5720.0,1,0.363
2026-05-05T08:00,0.2,0.1,0.1,0.0,0.0,0.0,51,0.0,98.0,340.0,22.3,0.52,4.9,343,66,13400.0,1,0.363
2026-05-05T09:00,0.0,0.0,0.0,0.0,0.0,0.0,3,0.0,66.0,275.0,22.6,0.47,2.8,328,100,18980.0,1,0.361
2026-05-05T10:00,0.0,0.0,0.0,0.0,0.0,0.0,3,0.0,55.0,180.0,22.0,0.74,2.6,138,100,16240.0,1,0.36
2026-05-05T11:00,0.0,0.0,0.0,0.0,0.0,0.0,3,0.0,72.0,10.0,21.5,0.05,1.9,360,100,19800.0,0,0.359
2026-05-05T12:00,0.0,0.0,0.0,0.0,0.0,0.0,3,0.0,125.0,25.0,20.6,0.25,0.6,79,100,11180.0,0,0.344
2026-05-05T13:00,0.0,0.0,0.0,0.0,0.0,0.0,3,0.0,172.0,35.0,20.5,0.22,0.9,117,91,14720.0,0,0.344
2026-05-05T14:00,0.0,0.0,0.0,0.0,0.0,0.0,0,0.0,173.0,90.0,20.2,0.38,1.0,67,10,15480.0,0,0.343
2026-05-05T15:00,0.0,0.0,0.0,0.0,0.0,0.0,1,0.0,166.0,25.0,19.6,0.14,1.0,45,21,15560.0,0,0.343
2026-05-05T16:00,0.0,0.0,0.0,0.0,0.0,0.0,3,0.0,146.0,15.0,19.4,0.07,0.5,135,100,8960.0,0,0.343
2026-05-05T17:00,0.0,0.0,0.0,0.0,0.0,0.0,3,40.0,262.0,35.0,19.6,0.27,0.5,22,100,11080.0,0,0.343
2026-05-05T18:00,0.0,0.0,0.0,0.0,0.0,0.0,3,10.0,288.0,85.0,19.9,1.03,1.3,23,99,10700.0,0,0.334
2026-05-05T19:00,0.0,0.0,0.0,0.0,0.0,0.0,1,10.0,0.0,70.0,19.4,0.58,1.9,31,44,10680.0,0,0.334
2026-05-05T20:00,0.0,0.0,0.0,0.0,0.0,0.0,1,0.0,311.0,65.0,18.7,0.67,1.3,42,32,11020.0,0,0.334
2026-05-05T21:00,0.0,0.0,0.0,0.0,0.0,0.0,2,10.0,265.0,55.0,18.5,0.46,1.3,49,50,6260.0,0,0.334
2026-05-05T22:00,0.0,0.0,0.0,0.0,0.0,0.0,2,10.0,259.0,70.0,18.8,0.6,1.1,48,62,11060.0,1,0.334
2026-05-05T23:00,0.0,0.0,0.0,0.0,0.0,0.0,2,0.0,210.0,145.0,19.8,0.99,2.6,41,77,15120.0,1,0.334
2026-05-06T00:00,0.0,0.0,0.0,0.0,0.0,0.0,3,20.0,255.0,215.0,19.8,1.46,3.5,52,100,6160.0,1,0.368
2026-05-06T01:00,0.1,0.1,0.0,0.0,0.0,0.0,51,0.0,117.0,405.0,21.0,1.15,4.1,56,65,16640.0,1,0.367
2026-05-06T02:00,0.0,0.0,0.0,0.0,0.0,0.0,3,0.0,116.0,640.0,23.5,0.3,4.1,81,100,22400.0,1,0.364
2026-05-06T03:00,0.0,0.0,0.0,0.0,0.0,0.0,3,0.0,18.0,860.0,25.3,0.22,3.5,243,100,24020.0,1,0.361
2026-05-06T04:00,0.0,0.0,0.0,0.0,0.0,0.0,3,0.0,167.0,995.0,26.3,0.59,3.5,250,100,24020.0,1,0.357
2026-05-06T05:00,0.0,0.0,0.0,0.0,0.0,0.0,3,10.0,63.0,1110.0,27.1,0.45,3.5,243,100,24020.0,1,0.354
2026-05-06T06:00,0.0,0.0,0.0,0.0,0.0,0.0,3,0.0,181.0,1035.0,26.7,0.87,3.4,246,100,24020.0,1,0.368
2026-05-06T07:00,0.0,0.0,0.0,0.0,0.0,0.0,3,30.0,1.0,905.0,27.1,1.3,4.0,254,96,24020.0,1,0.365
2026-05-06T08:00,0.0,0.0,0.0,0.0,0.0,0.0,3,0.0,83.0,755.0,26.5,1.56,4.2,225,100,24020.0,1,0.362
2026-05-06T09:00,0.0,0.0,0.0,0.0,0.0,0.0,0,0.0,105.0,510.0,26.1,1.42,4.0,198,15,24020.0,1,0.361
2026-05-06T10:00,0.0,0.0,0.0,0.0,0.0,0.0,1,30.0,213.0,430.0,25.5,1.66,4.0,185,20,20920.0,1,0.359
2026-05-06T11:00,0.0,0.0,0.0,0.0,0.0,0.0,0,10.0,241.0,190.0,23.5,1.2,3.4,178,2,20680.0,0,0.358
2026-05-06T12:00,0.0,0.0,0.0,0.0,0.0,0.0,0,0.0,338.0,200.0,23.0,1.6,3.0,178,3,19360.0,0,0.334
2026-05-06T13:00,0.0,0.0,0.0,0.0,0.0,0.0,0,0.0,282.0,180.0,22.3,1.3,3.2,182,4,17740.0,0,0.334
2026-05-06T14:00,0.0,0.0,0.0,0.0,0.0,0.0,0,0.0,310.0,85.0,21.7,1.05,2.7,177,4,17880.0,0,0.333
2026-05-06T15:00,0.0,0.0,0.0,0.0,0.0,0.0,0,0.0,63.0,100.0,21.4,1.05,2.3,180,5,18020.0,0,0.333
2026-05-06T16:00,0.0,0.0,0.0,0.0,0.0,0.0,0,0.0,51.0,100.0,21.1,0.95,2.2,183,17,15620.0,0,0.333
2026-05-06T17:00,0.0,0.0,0.0,0.0,0.0,0.0,0,0.0,32.0,65.0,20.8,0.82,2.0,166,2,15740.0,0,0.333
2026-05-06T18:00,0.0,0.0,0.0,0.0,0.0,0.0,0,0.0,73.0,50.0,21.1,0.76,1.8,169,4,11220.0,0,0.321
2026-05-06T19:00,0.0,0.0,0.0,0.0,0.0,0.0,0,0.0,34.0,80.0,21.0,1.01,2.3,160,19,6840.0,0,0.321
2026-05-06T20:00,0.0,0.0,0.0,0.0,0.0,0.0,1,0.0,53.0,110.0,21.0,0.95,2.4,162,23,10980.0,0,0.321
2026-05-06T21:00,0.0,0.0,0.0,0.0,0.0,0.0,0,0.0,80.0,95.0,20.7,0.76,2.2,157,11,11100.0,0,0.321
2026-05-06T22:00,0.0,0.0,0.0,0.0,0.0,0.0,1,0.0,63.0,60.0,20.6,0.54,1.7,158,30,2540.0,1,0.321
2026-05-06T23:00,0.0,0.0,0.0,0.0,0.0,0.0,1,0.0,45.0,170.0,22.1,1.11,2.9,162,47,9240.0,1,0.321
2026-05-07T00:00,0.0,0.0,0.0,0.0,0.0,0.0,3,0.0,104.0,440.0,23.6,1.75,4.2,178,100,19820.0,1,0.325
2026-05-07T01:00,0.0,0.0,0.0,0.0,0.0,0.0,3,0.0,25.0,705.0,25.3,2.25,5.6,192,100,22400.0,1,0.324
2026-05-07T02:00,0.0,0.0,0.0,0.0,0.0,0.0,3,10.0,47.0,855.0,26.5,2.23,5.8,196,100,24020.0,1,0.322
2026-05-07T03:00,0.0,0.0,0.0,0.0,0.0,0.0,3,40.0,67.0,1065.0,27.8,2.57,6.4,193,100,24020.0,1,0.319
2026-05-07T04:00,0.0,0.0,0.0,0.0,0.0,0.0,3,100.0,61.0,1265.0,28.7,2.5,6.7,196,99,24020.0,1,0.316
2026-05-07T05:00,0.0,0.0,0.0,0.0,0.0,0.0,3,130.0,62.0,1340.0,29.3,2.56,6.3,197,99,25400.0,1,0.313
2026-05-07T06:00,0.0,0.0,0.0,0.0,0.0,0.0,3,30.0,94.0,1445.0,29.3,1.85,6.3,199,98,25400.0,1,0.314
2026-05-07T07:00,0.0,0.0,0.0,0.0,0.0,0.0,3,90.0,69.0,1170.0,29.6,1.79,5.1,207,100,25400.0,1,0.311
2026-05-07T08:00,0.0,0.0,0.0,0.0,0.0,0.0,3,200.0,25.0,1300.0,29.6,1.21,4.5,204,100,25400.0,1,0.309
2026-05-07T09:00,0.0,0.0,0.0,0.0,0.0,0.0,3,220.0,26.0,280.0,29.0,1.19,3.1,202,100,25400.0,1,0.308
2026-05-07T10:00,0.0,0.0,0.0,0.0,0.0,0.0,3,190.0,15.0,55.0,27.5,0.76,2.3,191,100,24020.0,1,0.308
2026-05-07T11:00,0.0,0.0,0.0,0.0,0.0,0.0,3,220.0,4.0,15.0,26.4,0.28,1.5,225,100,24020.0,0,0.308
2026-05-07T12:00,0.0,0.0,0.0,0.0,0.0,0.0,3,580.0,56.0,65.0,25.2,1.52,1.7,189,100,19820.0,0,0.294
2026-05-07T13:00,0.0,0.0,0.0,0.0,0.0,0.0,3,610.0,52.0,55.0,25.1,1.2,3.0,182,100,19820.0,0,0.294
2026-05-07T14:00,0.0,0.0,0.0,0.0,0.0,0.0,3,560.0,52.0,55.0,24.5,1.3,2.5,180,88,11660.0,0,0.295
2026-05-07T15:00,0.0,0.0,0.0,0.0,0.0,0.0,3,450.0,57.0,70.0,24.0,1.25,2.8,175,100,18020.0,0,0.295
2026-05-07T16:00,0.0,0.0,0.0,0.0,0.0,0.0,3,440.0,5.0,70.0,23.8,1.05,2.4,175,99,8800.0,0,0.296
2026-05-07T17:00,0.1,0.0,0.1,0.0,0.0,0.0,51,400.0,7.0,55.0,23.3,0.91,2.1,174,84,9400.0,0,0.297
2026-05-07T18:00,1.3,0.1,1.2,0.0,0.0,0.0,80,510.0,7.0,30.0,23.3,0.54,1.7,158,63,8340.0,0,0.297
2026-05-07T19:00,0.1,0.1,0.0,0.0,0.0,0.0,51,410.0,8.0,40.0,23.1,0.75,1.2,90,48,6420.0,0,0.298
2026-05-07T20:00,0.1,0.1,0.0,0.0,0.0,0.0,51,450.0,3.0,55.0,22.6,0.81,2.0,68,61,5060.0,0,0.3
2026-05-07T21:00,0.1,0.1,0.0,0.0,0.0,0.0,51,280.0,15.0,40.0,22.6,0.41,1.5,104,30,4560.0,0,0.301
2026-05-07T22:00,0.0,0.0,0.0,0.0,0.0,0.0,1,220.0,3.0,30.0,22.6,0.22,0.8,333,46,4860.0,1,0.302
2026-05-07T23:00,0.3,0.1,0.2,0.0,0.0,0.0,51,350.0,3.0,90.0,23.3,0.85,2.5,357,58,6900.0,1,0.305
2026-05-08T00:00,0.1,0.1,0.0,0.0,0.0,0.0,51,250.0,1.0,170.0,23.4,1.2,3.1,360,100,3760.0,1,0.342
2026-05-08T01:00,0.7,0.6,0.1,0.0,0.0,0.0,53,280.0,0.0,175.0,23.9,0.85,2.9,360,100,4720.0,1,0.349
2026-05-08T02:00,0.6,0.4,0.2,0.0,0.0,0.0,53,320.0,0.0,245.0,24.4,1.22,3.7,19,100,5200.0,1,0.353
2026-05-08T03:00,0.8,0.7,0.1,0.0,0.0,0.0,53,480.0,2.0,380.0,25.1,1.7,4.4,360,100,4820.0,1,0.359
2026-05-08T04:00,0.4,0.4,0.0,0.0,0.0,0.0,51,500.0,5.0,465.0,26.2,2.45,6.1,4,100,7820.0,1,0.36
2026-05-08T05:00,0.1,0.1,0.0,0.0,0.0,0.0,51,480.0,7.0,660.0,27.6,2.65,6.9,359,100,15000.0,1,0.357
2026-05-08T06:00,0.0,0.0,0.0,0.0,0.0,0.0,3,370.0,4.0,870.0,28.1,2.46,6.8,347,100,24020.0,1,0.361
2026-05-08T07:00,0.0,0.0,0.0,0.0,0.0,0.0,3,330.0,14.0,1030.0,28.9,2.72,6.4,347,97,9680.0,1,0.357
2026-05-08T08:00,0.1,0.1,0.0,0.0,0.0,0.0,51,320.0,20.0,945.0,28.4,2.86,6.7,355,67,24020.0,1,0.354
2026-05-08T09:00,0.9,0.0,0.9,0.0,0.0,0.0,53,510.0,1.0,850.0,27.8,2.46,6.4,355,59,24020.0,1,0.36
2026-05-08T10:00,0.0,0.0,0.0,0.0,0.0,0.0,3,210.0,10.0,745.0,27.3,2.74,5.5,15,95,24020.0,1,0.358
2026-05-08T11:00,0.0,0.0,0.0,0.0,0.0,0.0,3,50.0,57.0,525.0,26.0,3.56,6.9,26,100,24020.0,0,0.356
2026-05-08T12:00,0.0,0.0,0.0,0.0,0.0,0.0,1,30.0,135.0,345.0,24.9,2.21,7.8,6,46,22400.0,0,0.309
2026-05-08T13:00,0.0,0.0,0.0,0.0,0.0,0.0,1,0.0,69.0,445.0,24.4,3.0,5.9,2,38,22180.0,0,0.309
2026-05-08T14:00,0.0,0.0,0.0,0.0,0.0,0.0,3,70.0,3.0,460.0,23.9,2.46,5.8,6,100,21960.0,0,0.309
2026-05-08T15:00,0.0,0.0,0.0,0.0,0.0,0.0,1,0.0,0.0,515.0,23.7,2.68,5.4,9,42,22400.0,0,0.308
2026-05-08T16:00,0.0,0.0,0.0,0.0,0.0,0.0,2,0.0,19.0,525.0,23.1,2.55,5.5,3,55,22400.0,0,0.308
2026-05-08T17:00,0.0,0.0,0.0,0.0,0.0,0.0,3,50.0,8.0,550.0,22.7,2.4,5.3,360,100,22400.0,0,0.308
2026-05-08T18:00,0.0,0.0,0.0,0.0,0.0,0.0,3,50.0,21.0,575.0,22.3,2.55,5.4,2,100,9420.0,0,0.299
2026-05-08T19:00,0.1,0.1,0.0,0.0,0.0,0.0,51,40.0,49.0,560.0,21.9,2.65,5.6,360,100,10220.0,0,0.3
2026-05-08T20:00,0.0,0.0,0.0,0.0,0.0,0.0,3,0.0,15.0,530.0,21.5,2.45,5.7,359,100,15220.0,0,0.3
2026-05-08T21:00,0.0,0.0,0.0,0.0,0.0,0.0,3,10.0,11.0,540.0,21.5,2.1,5.2,3,100,19840.0,0,0.3
2026-05-08T22:00,0.0,0.0,0.0,0.0,0.0,0.0,3,10.0,27.0,545.0,21.5,1.82,4.5,9,100,22400.0,1,0.3
2026-05-08T23:00,0.0,0.0,0.0,0.0,0.0,0.0,3,0.0,31.0,575.0,21.7,1.85,4.0,3,100,13680.0,1,0.299
2026-05-09T00:00,0.0,0.0,0.0,0.0,0.0,0.0,3,0.0,13.0,470.0,21.5,2.01,4.4,4,100,14580.0,1,0.387
2026-05-09T01:00,0.0,0.0,0.0,0.0,0.0,0.0,3,50.0,29.0,530.0,22.2,2.79,6.0,21,100,11280.0,1,0.384
2026-05-09T02:00,0.0,0.0,0.0,0.0,0.0,0.0,3,50.0,22.0,625.0,23.0,2.71,6.5,30,100,16880.0,1,0.381
2026-05-09T03:00,0.0,0.0,0.0,0.0,0.0,0.0,3,0.0,37.0,675.0,23.4,2.55,6.2,16,100,10200.0,1,0.378
2026-05-09T04:00,0.0,0.0,0.0,0.0,0.0,0.0,3,0.0,50.0,720.0,23.8,2.64,6.4,19,95,22400.0,1,0.375
2026-05-09T05:00,0.0,0.0,0.0,0.0,0.0,0.0,3,0.0,55.0,935.0,25.7,2.27,6.8,22,100,24020.0,1,0.371
2026-05-09T06:00,0.0,0.0,0.0,0.0,0.0,0.0,3,0.0,24.0,585.0,23.4,1.54,6.2,13,90,22400.0,1,0.386
2026-05-09T07:00,0.6,0.2,0.4,0.0,0.0,0.0,53,0.0,36.0,345.0,23.7,1.22,4.0,341,96,5860.0,1,0.389
2026-05-09T08:00,0.1,0.1,0.0,0.0,0.0,0.0,51,0.0,40.0,520.0,23.9,1.63,4.3,11,100,22400.0,1,0.386
2026-05-09T09:00,0.0,0.0,0.0,0.0,0.0,0.0,3,30.0,38.0,515.0,23.7,1.69,4.3,19,100,22400.0,1,0.384
2026-05-09T10:00,0.0,0.0,0.0,0.0,0.0,0.0,3,10.0,13.0,590.0,23.8,1.76,3.9,20,100,22400.0,1,0.381
2026-05-09T11:00,0.0,0.0,0.0,0.0,0.0,0.0,3,10.0,12.0,435.0,23.1,1.5,3.5,21,100,13500.0,0,0.379
2026-05-09T12:00,0.0,0.0,0.0,0.0,0.0,0.0,3,0.0,13.0,435.0,22.3,1.43,3.0,29,100,15060.0,0,0.371
2026-05-09T13:00,0.0,0.0,0.0,0.0,0.0,0.0,3,10.0,12.0,410.0,22.1,1.19,3.0,15,100,19840.0,0,0.37
2026-05-09T14:00,0.0,0.0,0.0,0.0,0.0,0.0,3,20.0,10.0,340.0,22.0,0.95,2.5,357,100,11620.0,0,0.369
2026-05-09T15:00,0.1,0.1,0.0,0.0,0.0,0.0,51,0.0,8.0,310.0,21.9,0.86,2.1,7,100,7620.0,0,0.369
2026-05-09T16:00,0.1,0.1,0.0,0.0,0.0,0.0,51,10.0,6.0,230.0,21.5,0.35,1.9,45,100,12360.0,0,0.369
2026-05-09T17:00,0.0,0.0,0.0,0.0,0.0,0.0,3,10.0,13.0,180.0,21.4,0.59,1.3,20,100,19840.0,0,0.368
2026-05-09T18:00,0.0,0.0,0.0,0.0,0.0,0.0,3,10.0,40.0,190.0,21.7,0.78,1.5,345,100,19840.0,0,0.361
2026-05-09T19:00,0.0,0.0,0.0,0.0,0.0,0.0,3,10.0,33.0,260.0,21.4,0.87,1.7,347,98,19840.0,0,0.361
2026-05-09T20:00,0.0,0.0,0.0,0.0,0.0,0.0,3,0.0,21.0,255.0,21.1,0.91,1.9,354,100,19840.0,0,0.36
2026-05-09T21:00,0.0,0.0,0.0,0.0,0.0,0.0,3,0.0,25.0,180.0,21.1,0.56,1.8,333,100,19840.0,0,0.36
2026-05-09T22:00,0.0,0.0,0.0,0.0,0.0,0.0,3,0.0,28.0,160.0,21.3,0.6,1.3,355,100,19840.0,1,0.36
2026-05-09T23:00,0.0,0.0,0.0,0.0,0.0,0.0,3,0.0,27.0,225.0,21.5,0.98,2.4,345,100,17820.0,1,0.359
2026-05-10T00:00,0.0,0.0,0.0,0.0,0.0,0.0,3,0.0,34.0,315.0,22.1,0.63,3.1,18,98,21060.0,1,0.361
2026-05-10T01:00,0.0,0.0,0.0,0.0,0.0,0.0,3,0.0,50.0,640.0,24.2,0.25,3.5,11,100,22400.0,1,0.359
2026-05-10T02:00,0.0,0.0,0.0,0.0,0.0,0.0,3,0.0,90.0,795.0,24.9,0.56,3.1,297,100,22400.0,1,0.357
2026-05-10T03:00,0.0,0.0,0.0,0.0,0.0,0.0,3,0.0,92.0,635.0,24.5,0.58,3.2,301,87,24020.0,1,0.356
2026-05-10T04:00,0.0,0.0,0.0,0.0,0.0,0.0,3,0.0,81.0,950.0,26.7,1.04,4.3,325,100,23880.0,1,0.353
2026-05-10T05:00,0.0,0.0,0.0,0.0,0.0,0.0,3,0.0,34.0,995.0,27.1,1.27,4.6,349,100,24020.0,1,0.35
2026-05-10T06:00,0.0,0.0,0.0,0.0,0.0,0.0,3,0.0,22.0,825.0,26.6,0.38,4.5,23,100,24020.0,1,0.353
2026-05-10T07:00,0.0,0.0,0.0,0.0,0.0,0.0,3,10.0,28.0,905.0,27.5,0.18,3.0,214,100,24020.0,1,0.351
2026-05-10T08:00,0.0,0.0,0.0,0.0,0.0,0.0,3,20.0,18.0,590.0,26.8,0.36,2.7,146,100,24020.0,1,0.349
2026-05-10T09:00,0.0,0.0,0.0,0.0,0.0,0.0,3,70.0,23.0,240.0,26.3,0.75,2.3,180,100,22400.0,1,0.348
2026-05-10T10:00,0.0,0.0,0.0,0.0,0.0,0.0,3,140.0,10.0,150.0,25.6,0.99,2.1,229,100,22400.0,1,0.348
2026-05-10T11:00,0.0,0.0,0.0,0.0,0.0,0.0,3,160.0,14.0,75.0,24.7,0.63,1.9,198,92,19840.0,0,0.348
2026-05-10T12:00,0.0,0.0,0.0,0.0,0.0,0.0,3,160.0,12.0,50.0,23.8,0.55,1.3,175,88,14780.0,0,0.336
2026-05-10T13:00,0.0,0.0,0.0,0.0,0.0,0.0,3,90.0,24.0,50.0,23.3,0.63,1.3,151,84,14700.0,0,0.336
2026-05-10T14:00,0.0,0.0,0.0,0.0,0.0,0.0,3,30.0,39.0,50.0,22.6,0.65,1.2,157,100,15280.0,0,0.336
2026-05-10T15:00,0.0,0.0,0.0,0.0,0.0,0.0,2,0.0,66.0,60.0,22.1,0.83,1.7,155,71,11140.0,0,0.336
2026-05-10T16:00,0.0,0.0,0.0,0.0,0.0,0.0,1,0.0,55.0,65.0,21.7,0.84,1.8,163,23,11200.0,0,0.337
2026-05-10T17:00,0.0,0.0,0.0,0.0,0.0,0.0,2,0.0,53.0,75.0,21.3,0.81,1.8,173,73,11260.0,0,0.337
2026-05-10T18:00,0.0,0.0,0.0,0.0,0.0,0.0,1,10.0,72.0,50.0,21.8,0.55,1.7,175,41,2740.0,0,0.329
2026-05-10T19:00,0.0,0.0,0.0,0.0,0.0,0.0,3,10.0,77.0,50.0,21.5,0.73,1.6,164,100,1560.0,0,0.329
2026-05-10T20:00,0.0,0.0,0.0,0.0,0.0,0.0,3,30.0,61.0,55.0,21.8,0.87,1.9,149,100,1700.0,0,0.33
2026-05-10T21:00,0.0,0.0,0.0,0.0,0.0,0.0,3,50.0,17.0,65.0,21.9,0.96,2.0,152,100,2560.0,0,0.33
2026-05-10T22:00,0.0,0.0,0.0,0.0,0.0,0.0,3,40.0,21.0,85.0,21.8,1.21,2.3,156,100,10920.0,1,0.33
2026-05-10T23:00,0.0,0.0,0.0,0.0,0.0,0.0,3,10.0,55.0,145.0,22.4,1.55,3.4,159,100,15440.0,1,0.33
2026-05-11T00:00,0.0,0.0,0.0,0.0,0.0,0.0,3,30.0,44.0,365.0,24.1,1.76,4.2,187,100,14580.0,1,0.334
2026-05-11T01:00,0.1,0.0,0.1,0.0,0.0,0.0,51,50.0,18.0,540.0,25.5,1.72,4.7,206,100,16140.0,1,0.335
2026-05-11T02:00,0.1,0.0,0.1,0.0,0.0,0.0,51,70.0,15.0,580.0,26.5,2.16,5.4,222,100,14340.0,1,0.334
2026-05-11T03:00,0.1,0.0,0.1,0.0,0.0,0.0,51,10.0,2.0,775.0,27.1,2.06,5.6,229,96,12800.0,1,0.333
2026-05-11T04:00,0.2,0.2,0.0,0.0,0.0,0.0,51,40.0,13.0,865.0,28.6,2.08,5.7,240,33,8820.0,1,0.332
2026-05-11T05:00,0.2,0.2,0.0,0.0,0.0,0.0,51,100.0,16.0,1025.0,30.1,2.06,5.8,247,30,8120.0,1,0.33
2026-05-11T06:00,0.2,0.2,0.0,0.0,0.0,0.0,51,20.0,10.0,1325.0,29.7,2.47,6.7,278,94,25360.0,1,0.329
2026-05-11T07:00,0.0,0.0,0.0,0.0,0.0,0.0,3,170.0,16.0,1135.0,29.7,2.04,6.1,287,93,25360.0,1,0.326
2026-05-11T08:00,0.0,0.0,0.0,0.0,0.0,0.0,1,240.0,6.0,1175.0,30.0,1.82,5.0,286,36,25360.0,1,0.323
2026-05-11T09:00,0.0,0.0,0.0,0.0,0.0,0.0,1,190.0,9.0,1040.0,29.7,1.49,4.6,290,43,25360.0,1,0.321
2026-05-11T10:00,0.0,0.0,0.0,0.0,0.0,0.0,1,380.0,9.0,25.0,29.1,0.36,3.3,16,47,24020.0,1,0.321
2026-05-11T11:00,0.0,0.0,0.0,0.0,0.0,0.0,1,380.0,26.0,30.0,27.2,0.6,1.1,138,20,24020.0,0,0.321
2026-05-11T12:00,0.0,0.0,0.0,0.0,0.0,0.0,2,600.0,45.0,45.0,25.4,1.31,2.0,173,73,19860.0,0,0.315
2026-05-11T13:00,0.0,0.0,0.0,0.0,0.0,0.0,3,500.0,53.0,40.0,24.9,1.25,2.5,182,100,18080.0,0,0.315
2026-05-11T14:00,0.0,0.0,0.0,0.0,0.0,0.0,3,370.0,66.0,45.0,24.2,1.31,2.6,187,99,18080.0,0,0.315
2026-05-11T15:00,0.0,0.0,0.0,0.0,0.0,0.0,3,280.0,83.0,50.0,23.9,1.35,2.7,182,100,15820.0,0,0.316
2026-05-11T16:00,0.0,0.0,0.0,0.0,0.0,0.0,3,250.0,102.0,50.0,23.4,1.2,2.7,178,98,15760.0,0,0.316
2026-05-11T17:00,0.0,0.0,0.0,0.0,0.0,0.0,3,230.0,111.0,55.0,23.1,1.22,2.5,171,100,11240.0,0,0.316
2026-05-11T18:00,0.0,0.0,0.0,0.0,0.0,0.0,3,560.0,26.0,50.0,23.1,1.31,2.4,162,100,11300.0,0,0.312
2026-05-11T19:00,0.0,0.0,0.0,0.0,0.0,0.0,3,630.0,16.0,55.0,23.0,1.22,2.7,161,100,11300.0,0,0.312
2026-05-11T20:00,0.0,0.0,0.0,0.0,0.0,0.0,3,610.0,21.0,45.0,22.8,0.97,2.4,145,100,11300.0,0,0.313
2026-05-11T21:00,0.0,0.0,0.0,0.0,0.0,0.0,3,590.0,18.0,45.0,22.5,1.11,2.1,144,100,1160.0,0,0.313
2026-05-11T22:00,0.0,0.0,0.0,0.0,0.0,0.0,3,600.0,15.0,55.0,22.4,1.25,2.3,143,100,600.0,1,0.313
2026-05-11T23:00,0.0,0.0,0.0,0.0,0.0,0.0,3,600.0,11.0,125.0,23.8,1.41,3.5,157,81,15820.0,1,0.314
2026-05-12T00:00,0.0,0.0,0.0,0.0,0.0,0.0,3,650.0,7.0,410.0,25.7,1.37,4.1,204,100,19860.0,1,0.318
2026-05-12T01:00,0.0,0.0,0.0,0.0,0.0,0.0,2,850.0,2.0,635.0,27.6,1.1,4.1,231,55,15320.0,1,0.317
2026-05-12T02:00,0.0,0.0,0.0,0.0,0.0,0.0,3,850.0,2.0,860.0,29.2,0.84,3.9,253,80,18060.0,1,0.314
2026-05-12T03:00,0.0,0.0,0.0,0.0,0.0,0.0,3,730.0,3.0,1125.0,30.7,1.45,4.7,268,100,11160.0,1,0.311
2026-05-12T04:00,0.1,0.1,0.0,0.0,0.0,0.0,51,680.0,2.0,1250.0,31.1,1.9,5.7,267,100,9820.0,1,0.308
2026-05-12T05:00,0.2,0.2,0.0,0.0,0.0,0.0,51,540.0,5.0,1215.0,31.3,2.01,5.5,276,100,5400.0,1,0.306
2026-05-12T06:00,0.4,0.4,0.0,0.0,0.0,0.0,51,80.0,20.0,1325.0,31.1,2.09,5.3,287,98,7200.0,1,0.308
2026-05-12T07:00,0.1,0.1,0.0,0.0,0.0,0.0,51,130.0,18.0,1275.0,31.2,1.92,5.6,279,100,7420.0,1,0.306
2026-05-12T08:00,0.1,0.1,0.0,0.0,0.0,0.0,51,250.0,19.0,1215.0,30.8,1.2,5.0,272,99,9600.0,1,0.304
2026-05-12T09:00,0.1,0.1,0.0,0.0,0.0,0.0,51,330.0,13.0,1155.0,30.5,0.55,3.2,265,100,10620.0,1,0.303
2026-05-12T10:00,0.0,0.0,0.0,0.0,0.0,0.0,3,590.0,25.0,15.0,29.2,0.3,1.7,90,100,12440.0,1,0.302
2026-05-12T11:00,0.0,0.0,0.0,0.0,0.0,0.0,3,390.0,60.0,15.0,27.4,0.46,1.2,139,100,14960.0,0,0.302
2026-05-12T12:00,0.0,0.0,0.0,0.0,0.0,0.0,3,1360.0,35.0,25.0,27.2,0.36,1.0,124,95,13020.0,0,0.285
2026-05-12T13:00,0.0,0.0,0.0,0.0,0.0,0.0,3,1320.0,37.0,10.0,26.9,0.1,0.6,180,98,7860.0,0,0.286
2026-05-12T14:00,0.0,0.0,0.0,0.0,0.0,0.0,3,1620.0,37.0,10.0,26.4,0.05,0.3,180,98,11160.0,0,0.286
2026-05-12T15:00,0.0,0.0,0.0,0.0,0.0,0.0,3,1840.0,34.0,20.0,25.9,0.16,0.4,162,96,9140.0,0,0.287
2026-05-12T16:00,0.0,0.0,0.0,0.0,0.0,0.0,3,1730.0,32.0,20.0,25.2,0.3,0.8,171,98,9140.0,0,0.287
2026-05-12T17:00,0.0,0.0,0.0,0.0,0.0,0.0,3,1600.0,31.0,35.0,24.8,0.61,1.3,189,97,6140.0,0,0.287
2026-05-12T18:00,0.0,0.0,0.0,0.0,0.0,0.0,3,1930.0,27.0,25.0,25.2,0.3,1.6,180,95,7340.0,0,0.278
2026-05-12T19:00,0.0,0.0,0.0,0.0,0.0,0.0,3,1820.0,19.0,35.0,24.5,0.57,1.2,195,82,4480.0,0,0.279
2026-05-12T20:00,0.1,0.1,0.0,0.0,0.0,0.0,51,1490.0,18.0,35.0,24.4,0.51,1.6,191,66,5200.0,0,0.279
2026-05-12T21:00,0.3,0.3,0.0,0.0,0.0,0.0,51,1010.0,2.0,65.0,24.0,0.85,1.8,183,72,3080.0,0,0.283
2026-05-12T22:00,0.2,0.2,0.0,0.0,0.0,0.0,51,1060.0,7.0,110.0,24.0,1.3,2.6,148,65,5560.0,1,0.285
2026-05-12T23:00,0.0,0.0,0.0,0.0,0.0,0.0,2,1210.0,7.0,190.0,24.7,1.21,3.3,150,70,9140.0,1,0.285
2026-05-13T00:00,0.0,0.0,0.0,0.0,0.0,0.0,2,1530.0,0.0,485.0,26.5,2.26,5.6,185,73,2780.0,1,0.286
2026-05-13T01:00,0.1,0.0,0.1,0.0,0.0,0.0,51,1760.0,0.0,775.0,27.5,2.61,7.0,192,89,7980.0,1,0.286
2026-05-13T02:00,0.1,0.1,0.0,0.0,0.0,0.0,51,1690.0,0.0,975.0,28.8,2.96,8.2,199,99,9780.0,1,0.284
2026-05-13T03:00,0.1,0.1,0.0,0.0,0.0,0.0,51,1000.0,4.0,910.0,29.0,3.45,8.4,199,98,11440.0,1,0.283
2026-05-13T04:00,0.0,0.0,0.0,0.0,0.0,0.0,2,710.0,6.0,1060.0,30.2,3.87,8.6,209,66,9020.0,1,0.281
2026-05-13T05:00,0.1,0.1,0.0,0.0,0.0,0.0,51,1200.0,2.0,1375.0,31.7,4.0,10.3,208,48,9060.0,1,0.278
2026-05-13T06:00,0.0,0.0,0.0,0.0,0.0,0.0,2,720.0,2.0,1490.0,31.8,3.66,10.3,212,54,18500.0,1,0.269
2026-05-13T07:00,0.0,0.0,0.0,0.0,0.0,0.0,2,700.0,9.0,1515.0,32.0,3.56,9.3,208,77,18500.0,1,0.265
2026-05-13T08:00,0.0,0.0,0.0,0.0,0.0,0.0,3,710.0,19.0,1500.0,31.5,3.51,8.0,208,97,18500.0,1,0.262
2026-05-13T09:00,0.0,0.0,0.0,0.0,0.0,0.0,3,840.0,8.0,1265.0,30.7,2.82,7.5,197,98,18500.0,1,0.261
2026-05-13T10:00,0.0,0.0,0.0,0.0,0.0,0.0,3,910.0,24.0,445.0,29.5,2.04,5.7,191,99,16780.0,1,0.26
2026-05-13T11:00,0.0,0.0,0.0,0.0,0.0,0.0,3,950.0,44.0,90.0,28.2,1.18,4.1,192,99,16780.0,0,0.26
2026-05-13T12:00,0.0,0.0,0.0,0.0,0.0,0.0,3,810.0,86.0,385.0,28.0,2.21,3.6,175,99,16780.0,0,0.241
2026-05-13T13:00,0.1,0.1,0.0,0.0,0.0,0.0,51,1220.0,46.0,355.0,27.1,2.22,5.9,172,100,12960.0,0,0.242
2026-05-13T14:00,0.2,0.0,0.2,0.0,0.0,0.0,51,1360.0,20.0,355.0,26.5,2.11,4.6,184,99,12840.0,0,0.244
2026-05-13T15:00,0.0,0.0,0.0,0.0,0.0,0.0,3,1320.0,30.0,405.0,25.8,3.0,5.9,180,100,5580.0,0,0.245
2026-05-13T16:00,1.4,0.4,1.0,0.0,0.0,0.0,80,1300.0,19.0,305.0,25.1,2.0,5.9,181,100,2460.0,0,0.261
2026-05-13T17:00,4.2,0.3,3.9,0.0,0.0,0.0,96,1380.0,2.0,220.0,24.4,1.66,5.7,164,100,2900.0,0,0.32
2026-05-13T18:00,0.3,0.3,0.0,0.0,0.0,0.0,51,1690.0,1.0,310.0,24.9,2.2,3.9,168,100,5000.0,0,0.293
2026-05-13T19:00,0.2,0.0,0.2,0.0,0.0,0.0,51,1490.0,2.0,415.0,24.7,3.42,6.7,187,82,2540.0,0,0.295
2026-05-13T20:00,0.5,0.1,0.4,0.0,0.0,0.0,53,1200.0,2.0,315.0,24.0,2.46,7.5,185,89,3120.0,0,0.301
2026-05-13T21:00,1.7,0.3,1.4,0.0,0.0,0.0,95,1090.0,1.0,325.0,23.8,2.25,6.2,180,79,3280.0,0,0.324
2026-05-13T22:00,0.3,0.3,0.0,0.0,0.0,0.0,51,1110.0,0.0,370.0,23.9,2.51,4.9,174,91,3880.0,1,0.328
2026-05-13T23:00,0.3,0.2,0.1,0.0,0.0,0.0,51,1290.0,1.0,500.0,24.5,3.59,7.1,188,100,4280.0,1,0.33
2026-05-14T00:00,0.4,0.4,0.0,0.0,0.0,0.0,51,2310.0,0.0,540.0,25.8,2.62,8.0,193,93,2260.0,1,0.256
2026-05-14T01:00,3.5,0.6,2.9,0.0,0.0,0.0,95,930.0,3.0,405.0,25.0,3.23,8.6,196,88,2800.0,1,0.301
2026-05-14T02:00,2.0,0.4,1.6,0.0,0.0,0.0,95,1400.0,0.0,440.0,25.6,2.34,6.9,169,95,2820.0,1,0.325
2026-05-14T03:00,0.6,0.3,0.3,0.0,0.0,0.0,53,1300.0,0.0,565.0,26.9,3.51,9.6,184,45,4240.0,1,0.329
2026-05-14T04:00,0.2,0.1,0.1,0.0,0.0,0.0,51,1680.0,0.0,880.0,29.0,2.76,10.1,185,50,7580.0,1,0.327
2026-05-14T05:00,0.2,0.1,0.1,0.0,0.0,0.0,51,2070.0,0.0,1160.0,30.1,3.4,8.9,194,100,5080.0,1,0.323
2026-05-14T06:00,2.2,1.0,1.2,0.0,0.0,0.0,95,1780.0,0.0,1195.0,30.5,2.07,8.9,212,100,6300.0,1,0.368
2026-05-14T07:00,5.5,0.1,5.4,0.0,0.0,0.0,96,1500.0,4.0,210.0,25.4,1.6,5.8,176,100,1620.0,1,0.43
2026-05-14T08:00,6.5,1.0,5.5,0.0,0.0,0.0,96,1340.0,5.0,260.0,25.3,1.96,4.9,186,91,3580.0,1,0.419
2026-05-14T09:00,0.4,0.3,0.1,0.0,0.0,0.0,51,1650.0,1.0,550.0,26.2,1.91,4.8,185,51,4000.0,1,0.408
2026-05-14T10:00,0.2,0.2,0.0,0.0,0.0,0.0,51,1660.0,1.0,375.0,25.9,2.21,4.8,167,36,7240.0,1,0.401
2026-05-14T11:00,0.0,0.0,0.0,0.0,0.0,0.0,1,1790.0,1.0,190.0,25.1,0.88,4.9,137,31,7240.0,0,0.395
2026-05-14T12:00,0.0,0.0,0.0,0.0,0.0,0.0,1,1240.0,29.0,50.0,25.1,0.71,2.0,129,45,6580.0,0,0.373
2026-05-14T13:00,0.1,0.1,0.0,0.0,0.0,0.0,51,1210.0,11.0,15.0,24.5,0.27,1.8,112,52,4000.0,0,0.372
2026-05-14T14:00,0.3,0.3,0.0,0.0,0.0,0.0,51,1090.0,12.0,40.0,24.3,0.55,1.7,90,63,3160.0,0,0.373
2026-05-14T15:00,1.2,0.3,0.9,0.0,0.0,0.0,55,710.0,0.0,40.0,23.7,0.38,1.2,337,99,2080.0,0,0.386
2026-05-14T16:00,1.2,1.1,0.1,0.0,0.0,0.0,55,770.0,8.0,15.0,23.2,0.1,2.1,360,100,480.0,0,0.398
2026-05-14T17:00,0.9,0.5,0.4,0.0,0.0,0.0,53,730.0,2.0,75.0,23.0,0.71,2.1,321,100,540.0,0,0.404
2026-05-14T18:00,0.9,0.9,0.0,0.0,0.0,0.0,53,600.0,12.0,50.0,24.0,0.69,2.7,120,41,6460.0,0,0.409
2026-05-14T19:00,0.0,0.0,0.0,0.0,0.0,0.0,1,580.0,10.0,35.0,23.3,0.42,1.5,135,44,1740.0,0,0.402
2026-05-14T20:00,0.5,0.1,0.4,0.0,0.0,0.0,53,700.0,1.0,35.0,23.0,0.47,1.1,302,94,1380.0,0,0.404
2026-05-14T21:00,0.4,0.2,0.2,0.0,0.0,0.0,51,730.0,4.0,40.0,22.9,0.47,1.2,32,92,5140.0,0,0.403
2026-05-14T22:00,0.0,0.0,0.0,0.0,0.0,0.0,3,730.0,0.0,45.0,23.1,0.62,1.2,76,100,4140.0,1,0.398
2026-05-14T23:00,0.1,0.1,0.0,0.0,0.0,0.0,51,560.0,7.0,85.0,23.6,0.54,2.1,124,100,5040.0,1,0.396
2026-05-15T00:00,0.0,0.0,0.0,0.0,0.0,0.0,1,1490.0,6.0,325.0,26.2,2.16,2.8,48,38,10260.0,1,0.399
2026-05-15T01:00,0.0,0.0,0.0,0.0,0.0,0.0,3,1880.0,0.0,670.0,27.8,1.59,5.3,46,100,8700.0,1,0.395
2026-05-15T02:00,0.1,0.0,0.1,0.0,0.0,0.0,51,1770.0,0.0,860.0,28.9,1.28,5.0,51,100,7160.0,1,0.391
2026-05-15T03:00,0.1,0.0,0.1,0.0,0.0,0.0,51,1490.0,1.0,675.0,28.7,1.75,4.9,66,77,4920.0,1,0.388
2026-05-15T04:00,0.5,0.4,0.1,0.0,0.0,0.0,53,690.0,19.0,530.0,27.6,3.16,9.0,151,57,5320.0,1,0.387
2026-05-15T05:00,0.3,0.3,0.0,0.0,0.0,0.0,51,1370.0,4.0,750.0,29.1,0.81,7.7,150,63,5300.0,1,0.385
2026-05-15T06:00,0.3,0.1,0.2,0.0,0.0,0.0,51,1450.0,0.0,1170.0,30.0,1.11,7.1,108,99,5220.0,1,0.386
2026-05-15T07:00,0.2,0.1,0.1,0.0,0.0,0.0,51,1210.0,0.0,845.0,29.8,2.8,6.8,140,84,5100.0,1,0.383
2026-05-15T08:00,0.7,0.3,0.4,0.0,0.0,0.0,53,690.0,20.0,405.0,27.3,1.86,8.5,144,51,6380.0,1,0.385
2026-05-15T09:00,0.1,0.1,0.0,0.0,0.0,0.0,51,860.0,7.0,465.0,27.6,1.48,4.7,152,34,7480.0,1,0.384
2026-05-15T10:00,0.1,0.1,0.0,0.0,0.0,0.0,51,810.0,6.0,525.0,27.3,1.59,4.2,156,40,5360.0,1,0.382
2026-05-15T11:00,0.4,0.4,0.0,0.0,0.0,0.0,51,700.0,4.0,300.0,25.4,1.6,3.8,141,78,2920.0,0,0.384
2026-05-15T12:00,3.0,0.9,2.1,0.0,0.0,0.0,81,150.0,6.0,200.0,23.4,2.51,4.3,73,98,2360.0,0,0.413
2026-05-15T13:00,0.8,0.8,0.0,0.0,0.0,0.0,53,230.0,4.0,125.0,22.8,1.79,4.7,27,95,3700.0,0,0.419
2026-05-15T14:00,0.1,0.1,0.0,0.0,0.0,0.0,51,230.0,16.0,75.0,22.8,0.59,3.1,20,100,5400.0,0,0.415
2026-05-15T15:00,0.2,0.2,0.0,0.0,0.0,0.0,51,180.0,7.0,70.0,23.2,0.86,2.3,54,98,2960.0,0,0.414
2026-05-15T16:00,0.4,0.4,0.0,0.0,0.0,0.0,51,250.0,3.0,380.0,23.5,1.28,2.7,69,100,4120.0,0,0.416
2026-05-15T17:00,0.3,0.3,0.0,0.0,0.0,0.0,51,170.0,1.0,450.0,23.1,2.1,4.4,89,100,3200.0,0,0.416
2026-05-15T18:00,0.7,0.7,0.0,0.0,0.0,0.0,53,160.0,6.0,425.0,23.5,2.0,4.5,93,100,2860.0,0,0.41
2026-05-15T19:00,0.5,0.5,0.0,0.0,0.0,0.0,53,120.0,4.0,325.0,23.1,1.18,4.1,102,98,5580.0,0,0.413
2026-05-15T20:00,0.1,0.1,0.0,0.0,0.0,0.0,51,70.0,5.0,195.0,22.9,0.73,2.8,106,100,6880.0,0,0.411
2026-05-15T21:00,0.1,0.1,0.0,0.0,0.0,0.0,51,90.0,7.0,540.0,23.0,0.63,2.1,119,100,5520.0,0,0.41
2026-05-15T22:00,0.1,0.1,0.0,0.0,0.0,0.0,51,60.0,3.0,480.0,23.0,0.65,2.1,86,100,6860.0,1,0.41
2026-05-15T23:00,0.2,0.2,0.0,0.0,0.0,0.0,51,30.0,9.0,485.0,23.1,1.32,2.9,65,100,4900.0,1,0.41
2026-05-16T00:00,0.3,0.3,0.0,0.0,0.0,0.0,51,0.0,5.0,620.0,24.5,2.29,4.1,106,93,13100.0,1,0.393
2026-05-16T01:00,0.0,0.0,0.0,0.0,0.0,0.0,3,0.0,17.0,725.0,25.5,2.29,6.0,110,100,15060.0,1,0.392
2026-05-16T02:00,0.2,0.1,0.1,0.0,0.0,0.0,51,10.0,0.0,735.0,25.1,1.68,5.8,127,100,4680.0,1,0.393
2026-05-16T03:00,0.3,0.3,0.0,0.0,0.0,0.0,51,10.0,0.0,705.0,25.1,1.66,4.4,119,99,7420.0,1,0.395
2026-05-16T04:00,0.0,0.0,0.0,0.0,0.0,0.0,1,0.0,2.0,865.0,26.7,2.58,6.4,105,37,16860.0,1,0.393
2026-05-16T05:00,0.0,0.0,0.0,0.0,0.0,0.0,1,10.0,4.0,1185.0,29.2,3.87,9.1,117,34,18600.0,1,0.388
2026-05-16T06:00,0.1,0.1,0.0,0.0,0.0,0.0,51,20.0,7.0,710.0,24.8,2.67,9.7,107,100,3200.0,1,0.384
2026-05-16T07:00,0.5,0.5,0.0,0.0,0.0,0.0,53,110.0,1.0,605.0,24.8,1.9,5.4,88,100,6960.0,1,0.388
2026-05-16T08:00,0.1,0.1,0.0,0.0,0.0,0.0,51,140.0,2.0,635.0,25.0,2.31,5.2,85,100,7380.0,1,0.388
2026-05-16T09:00,0.0,0.0,0.0,0.0,0.0,0.0,2,40.0,6.0,585.0,25.0,2.25,5.5,89,64,15060.0,1,0.388
2026-05-16T10:00,0.0,0.0,0.0,0.0,0.0,0.0,3,10.0,55.0,610.0,25.1,2.3,5.5,92,98,15060.0,1,0.387
2026-05-16T11:00,0.0,0.0,0.0,0.0,0.0,0.0,3,10.0,65.0,330.0,24.1,1.06,4.7,82,100,13100.0,0,0.386
2026-05-16T12:00,0.0,0.0,0.0,0.0,0.0,0.0,3,0.0,70.0,140.0,24.5,0.56,2.5,80,100,13120.0,0,0.391
2026-05-16T13:00,0.2,0.1,0.1,0.0,0.0,0.0,51,0.0,2.0,40.0,23.9,0.41,1.6,76,100,5940.0,0,0.392
2026-05-16T14:00,0.1,0.0,0.1,0.0,0.0,0.0,51,0.0,68.0,80.0,23.9,0.54,1.6,112,100,9040.0,0,0.392
2026-05-16T15:00,0.1,0.1,0.0,0.0,0.0,0.0,51,10.0,90.0,750.0,23.6,0.84,2.3,107,100,9820.0,0,0.392
2026-05-16T16:00,0.1,0.0,0.1,0.0,0.0,0.0,51,0.0,38.0,715.0,23.5,0.62,2.3,104,100,14280.0,0,0.392
2026-05-16T17:00,0.0,0.0,0.0,0.0,0.0,0.0,3,0.0,15.0,660.0,23.6,0.15,2.0,360,100,14900.0,0,0.391
2026-05-16T18:00,0.0,0.0,0.0,0.0,0.0,0.0,3,0.0,46.0,560.0,24.0,0.46,1.2,139,100,15100.0,0,0.39
2026-05-16T19:00,0.0,0.0,0.0,0.0,0.0,0.0,3,0.0,59.0,465.0,23.1,1.23,2.8,122,100,15100.0,0,0.389
2026-05-16T20:00,0.2,0.0,0.2,0.0,0.0,0.0,51,0.0,110.0,430.0,22.8,0.86,2.9,97,98,15100.0,0,0.391
2026-05-16T21:00,0.2,0.2,0.0,0.0,0.0,0.0,51,10.0,97.0,415.0,22.5,0.7,2.2,86,98,5160.0,0,0.391
2026-05-16T22:00,0.3,0.3,0.0,0.0,0.0,0.0,51,10.0,64.0,255.0,22.4,0.84,2.0,17,100,6480.0,1,0.393
2026-05-16T23:00,0.1,0.1,0.0,0.0,0.0,0.0,51,0.0,51.0,65.0,22.3,1.04,2.3,17,100,11320.0,1,0.393
2026-05-17T00:00,0.0,0.0,0.0,0.0,0.0,0.0,3,10.0,35.0,615.0,23.4,1.52,2.7,27,100,5420.0,1,0.397
2026-05-17T01:00,0.1,0.1,0.0,0.0,0.0,0.0,51,0.0,24.0,615.0,23.6,1.26,3.5,18,100,10360.0,1,0.396
2026-05-17T02:00,0.0,0.0,0.0,0.0,0.0,0.0,3,0.0,29.0,910.0,25.5,1.87,5.3,70,100,15140.0,1,0.394
2026-05-17T03:00,0.0,0.0,0.0,0.0,0.0,0.0,3,10.0,18.0,1235.0,27.1,2.7,6.4,109,95,16940.0,1,0.39
2026-05-17T04:00,0.0,0.0,0.0,0.0,0.0,0.0,3,10.0,6.0,1185.0,27.9,3.6,9.1,142,100,6700.0,1,0.386
2026-05-17T05:00,0.1,0.1,0.0,0.0,0.0,0.0,51,20.0,2.0,1250.0,28.1,2.42,8.4,150,100,16960.0,1,0.384
2026-05-17T06:00,0.2,0.2,0.0,0.0,0.0,0.0,51,20.0,3.0,1300.0,27.8,3.78,7.9,151,100,16960.0,1,0.382
2026-05-17T07:00,0.7,0.3,0.4,0.0,0.0,0.0,53,50.0,5.0,750.0,26.2,2.09,8.1,147,99,4660.0,1,0.387
2026-05-17T08:00,0.9,0.3,0.6,0.0,0.0,0.0,53,190.0,5.0,610.0,26.0,1.36,4.9,144,95,6160.0,1,0.394
2026-05-17T09:00,0.1,0.1,0.0,0.0,0.0,0.0,51,40.0,5.0,825.0,26.5,2.16,4.9,138,100,16140.0,1,0.393
2026-05-17T10:00,0.0,0.0,0.0,0.0,0.0,0.0,3,30.0,11.0,610.0,26.2,1.49,4.7,138,100,15160.0,1,0.391
2026-05-17T11:00,0.0,0.0,0.0,0.0,0.0,0.0,3,20.0,5.0,415.0,25.5,1.36,3.1,126,96,15180.0,0,0.39
2026-05-17T12:00,0.0,0.0,0.0,0.0,0.0,0.0,3,0.0,5.0,220.0,25.5,1.06,3.2,109,100,15180.0,0,0.357
2026-05-17T13:00,0.0,0.0,0.0,0.0,0.0,0.0,3,0.0,7.0,340.0,25.0,1.46,3.1,96,95,15180.0,0,0.357
2026-05-17T14:00,0.0,0.0,0.0,0.0,0.0,0.0,2,0.0,35.0,435.0,24.6,1.79,3.9,108,73,15180.0,0,0.357
2026-05-17T15:00,0.0,0.0,0.0,0.0,0.0,0.0,1,0.0,68.0,255.0,24.0,1.15,3.9,108,20,15180.0,0,0.357
2026-05-17T16:00,0.0,0.0,0.0,0.0,0.0,0.0,0,0.0,33.0,70.0,23.3,0.9,2.8,93,12,15200.0,0,0.357
2026-05-17T17:00,0.0,0.0,0.0,0.0,0.0,0.0,2,0.0,57.0,20.0,23.2,0.18,2.3,56,52,15200.0,0,0.358
2026-05-17T18:00,0.0,0.0,0.0,0.0,0.0,0.0,1,0.0,67.0,30.0,22.9,0.38,1.4,67,43,15200.0,0,0.354
2026-05-17T19:00,0.0,0.0,0.0,0.0,0.0,0.0,1,0.0,51.0,15.0,22.3,0.16,1.6,18,49,15200.0,0,0.354
2026-05-17T20:00,0.0,0.0,0.0,0.0,0.0,0.0,2,0.0,22.0,25.0,21.8,0.53,1.5,49,52,13240.0,0,0.355
2026-05-17T21:00,0.0,0.0,0.0,0.0,0.0,0.0,3,0.0,0.0,35.0,21.4,0.82,1.8,52,100,13240.0,0,0.355
2026-05-17T22:00,0.0,0.0,0.0,0.0,0.0,0.0,3,10.0,6.0,55.0,22.0,0.7,2.0,69,100,15220.0,1,0.355
2026-05-17T23:00,0.0,0.0,0.0,0.0,0.0,0.0,3,10.0,0.0,50.0,22.5,0.49,1.8,24,100,15220.0,1,0.355
2026-05-18T00:00,0.0,0.0,0.0,0.0,0.0,0.0,3,0.0,0.0,370.0,24.0,1.3,1.9,90,98,15240.0,1,0.357
2026-05-18T01:00,0.0,0.0,0.0,0.0,0.0,0.0,2,0.0,0.0,680.0,25.1,0.61,3.5,125,71,17060.0,1,0.356
2026-05-18T02:00,0.0,0.0,0.0,0.0,0.0,0.0,2,0.0,25.0,940.0,26.8,1.14,4.3,128,74,17060.0,1,0.354
2026-05-18T03:00,0.0,0.0,0.0,0.0,0.0,0.0,3,0.0,8.0,1315.0,28.3,3.16,7.7,151,97,17060.0,1,0.35
2026-05-18T04:00,0.0,0.0,0.0,0.0,0.0,0.0,3,10.0,46.0,1455.0,29.1,3.28,7.8,168,100,18840.0,1,0.347
2026-05-18T05:00,0.0,0.0,0.0,0.0,0.0,0.0,3,10.0,28.0,1425.0,29.0,3.28,7.7,172,100,18840.0,1,0.344
2026-05-18T06:00,0.0,0.0,0.0,0.0,0.0,0.0,3,30.0,67.0,1380.0,29.2,2.97,7.3,174,100,18840.0,1,0.35
2026-05-18T07:00,0.0,0.0,0.0,0.0,0.0,0.0,3,20.0,6.0,1290.0,29.1,3.1,7.0,180,83,16740.0,1,0.348
2026-05-18T08:00,0.0,0.0,0.0,0.0,0.0,0.0,1,40.0,1.0,1180.0,29.2,3.03,7.2,167,46,18860.0,1,0.346
2026-05-18T09:00,0.0,0.0,0.0,0.0,0.0,0.0,2,50.0,2.0,1210.0,28.9,2.91,6.8,168,59,18860.0,1,0.344
2026-05-18T10:00,0.0,0.0,0.0,0.0,0.0,0.0,1,90.0,6.0,695.0,28.2,1.45,6.0,184,45,17100.0,1,0.344
2026-05-18T11:00,0.0,0.0,0.0,0.0,0.0,0.0,2,140.0,17.0,270.0,26.7,1.63,3.2,203,56,15280.0,0,0.344
2026-05-18T12:00,0.0,0.0,0.0,0.0,0.0,0.0,1,10.0,20.0,250.0,26.2,1.41,3.3,172,43,15280.0,0,0.32
2026-05-18T13:00,0.0,0.0,0.0,0.0,0.0,0.0,1,0.0,76.0,290.0,25.2,1.65,3.4,178,33,14580.0,0,0.32
2026-05-18T14:00,0.0,0.0,0.0,0.0,0.0,0.0,0,0.0,4.0,165.0,24.3,1.3,3.4,164,16,11640.0,0,0.321
2026-05-18T15:00,0.0,0.0,0.0,0.0,0.0,0.0,0,0.0,57.0,125.0,23.7,1.1,2.8,177,13,10960.0,0,0.321
2026-05-18T16:00,0.0,0.0,0.0,0.0,0.0,0.0,0,0.0,86.0,70.0,23.2,0.91,2.5,186,10,11440.0,0,0.322
2026-05-18T17:00,0.0,0.0,0.0,0.0,0.0,0.0,3,0.0,98.0,50.0,22.8,0.81,2.1,169,95,9360.0,0,0.322
2026-05-18T18:00,0.1,0.1,0.0,0.0,0.0,0.0,51,0.0,84.0,60.0,23.1,1.12,2.2,159,70,9360.0,0,0.313
2026-05-18T19:00,0.0,0.0,0.0,0.0,0.0,0.0,2,0.0,11.0,160.0,22.9,1.23,2.8,159,73,11480.0,0,0.313
2026-05-18T20:00,0.0,0.0,0.0,0.0,0.0,0.0,2,0.0,33.0,115.0,22.6,1.05,2.9,155,64,9240.0,0,0.313
2026-05-18T21:00,0.0,0.0,0.0,0.0,0.0,0.0,1,0.0,22.0,90.0,22.4,0.95,2.5,162,35,9380.0,0,0.314
2026-05-18T22:00,0.0,0.0,0.0,0.0,0.0,0.0,1,0.0,16.0,45.0,22.3,0.73,2.5,164,37,9380.0,1,0.314
2026-05-18T23:00,0.0,0.0,0.0,0.0,0.0,0.0,1,0.0,27.0,225.0,23.9,0.74,2.5,222,30,11480.0,1,0.314
2026-05-19T00:00,0.0,0.0,0.0,0.0,0.0,0.0,2,10.0,25.0,620.0,25.1,0.78,3.9,195,56,13340.0,1,0.335
2026-05-19T01:00,0.0,0.0,0.0,0.0,0.0,0.0,3,0.0,78.0,870.0,27.0,1.72,5.0,172,81,15340.0,1,0.334
2026-05-19T02:00,0.0,0.0,0.0,0.0,0.0,0.0,3,10.0,2.0,1250.0,28.7,3.54,8.4,167,93,17180.0,1,0.331
2026-05-19T03:00,0.0,0.0,0.0,0.0,0.0,0.0,3,10.0,1.0,1325.0,29.1,3.73,8.8,172,100,18960.0,1,0.328
2026-05-19T04:00,0.0,0.0,0.0,0.0,0.0,0.0,3,20.0,1.0,1450.0,30.0,3.82,8.8,175,100,18980.0,1,0.324
2026-05-19T05:00,0.1,0.1,0.0,0.0,0.0,0.0,51,30.0,17.0,1015.0,28.9,3.34,8.5,197,100,5580.0,1,0.323
2026-05-19T06:00,0.2,0.2,0.0,0.0,0.0,0.0,51,20.0,7.0,1295.0,30.1,3.93,7.4,187,100,5120.0,1,0.329
2026-05-19T07:00,0.5,0.4,0.1,0.0,0.0,0.0,53,250.0,12.0,715.0,26.8,4.08,8.2,197,100,3720.0,1,0.333
2026-05-19T08:00,1.4,0.9,0.5,0.0,0.0,0.0,80,580.0,2.0,570.0,25.6,3.05,9.5,190,100,3480.0,1,0.345
2026-05-19T09:00,0.5,0.4,0.1,0.0,0.0,0.0,53,520.0,3.0,335.0,25.1,2.12,7.1,188,100,4520.0,1,0.35
2026-05-19T10:00,0.4,0.4,0.0,0.0,0.0,0.0,51,560.0,4.0,255.0,24.8,1.61,4.4,196,100,4860.0,1,0.354
2026-05-19T11:00,0.1,0.1,0.0,0.0,0.0,0.0,51,430.0,8.0,175.0,24.4,1.25,3.5,180,100,6700.0,0,0.354
2026-05-19T12:00,0.0,0.0,0.0,0.0,0.0,0.0,2,860.0,4.0,185.0,24.9,1.27,2.8,189,66,4480.0,0,0.346
2026-05-19T13:00,0.2,0.2,0.0,0.0,0.0,0.0,51,580.0,6.0,195.0,24.3,1.41,2.9,186,77,3980.0,0,0.348
2026-05-19T14:00,0.2,0.1,0.1,0.0,0.0,0.0,51,310.0,8.0,225.0,24.0,1.6,3.4,178,94,4460.0,0,0.351
2026-05-19T15:00,0.0,0.0,0.0,0.0,0.0,0.0,2,230.0,7.0,210.0,23.8,1.4,3.5,178,70,6140.0,0,0.351
2026-05-19T16:00,0.0,0.0,0.0,0.0,0.0,0.0,3,230.0,5.0,210.0,23.6,1.2,3.0,180,94,6040.0,0,0.35
2026-05-19T17:00,0.0,0.0,0.0,0.0,0.0,0.0,2,180.0,6.0,195.0,23.5,1.25,2.9,175,66,5260.0,0,0.35
2026-05-19T18:00,0.0,0.0,0.0,0.0,0.0,0.0,1,310.0,13.0,225.0,23.9,1.85,3.1,180,49,5600.0,0,0.337
2026-05-19T19:00,0.3,0.1,0.2,0.0,0.0,0.0,51,300.0,1.0,205.0,23.5,1.32,4.0,171,99,3600.0,0,0.341
2026-05-19T20:00,0.3,0.3,0.0,0.0,0.0,0.0,51,310.0,1.0,110.0,23.7,0.85,3.1,152,100,4720.0,0,0.345
2026-05-19T21:00,0.0,0.0,0.0,0.0,0.0,0.0,3,280.0,0.0,110.0,23.8,0.9,2.4,161,100,5800.0,0,0.345
2026-05-19T22:00,0.0,0.0,0.0,0.0,0.0,0.0,3,340.0,9.0,115.0,23.8,0.99,2.6,150,100,6120.0,1,0.345
2026-05-19T23:00,0.0,0.0,0.0,0.0,0.0,0.0,3,420.0,9.0,105.0,24.2,1.18,3.0,168,96,6400.0,1,0.345
2026-05-20T00:00,0.0,0.0,0.0,0.0,0.0,0.0,3,1230.0,2.0,210.0,25.3,0.35,4.5,172,100,2060.0,1,0.347
2026-05-20T01:00,2.3,2.3,0.0,0.0,0.0,0.0,61,780.0,3.0,590.0,25.0,1.96,4.0,176,100,2060.0,1,0.378
2026-05-20T02:00,2.4,2.4,0.0,0.0,0.0,0.0,61,360.0,1.0,545.0,24.6,2.37,5.3,187,100,2260.0,1,0.405
2026-05-20T03:00,1.8,0.9,0.9,0.0,0.0,0.0,80,650.0,0.0,510.0,25.1,2.25,6.8,192,100,2560.0,1,0.416
2026-05-20T04:00,1.3,0.7,0.6,0.0,0.0,0.0,80,1270.0,0.0,485.0,25.6,1.8,7.0,180,100,2900.0,1,0.416
2026-05-20T05:00,1.4,0.6,0.8,0.0,0.0,0.0,80,1280.0,0.0,360.0,25.5,2.35,7.0,181,100,2540.0,1,0.419
2026-05-20T06:00,1.1,1.0,0.1,0.0,0.0,0.0,55,640.0,13.0,205.0,25.1,1.41,7.0,174,100,3140.0,1,0.403
2026-05-20T07:00,0.7,0.7,0.0,0.0,0.0,0.0,53,830.0,2.0,330.0,25.3,2.41,4.9,159,100,3200.0,1,0.405
2026-05-20T08:00,0.6,0.5,0.1,0.0,0.0,0.0,53,740.0,6.0,290.0,25.2,2.32,7.2,187,100,3940.0,1,0.405
2026-05-20T09:00,0.1,0.1,0.0,0.0,0.0,0.0,51,840.0,4.0,305.0,25.6,1.8,5.2,180,100,5720.0,1,0.4
2026-05-20T10:00,0.6,0.6,0.0,0.0,0.0,0.0,53,960.0,4.0,160.0,25.2,0.72,4.4,168,100,3300.0,1,0.403
2026-05-20T11:00,0.6,0.6,0.0,0.0,0.0,0.0,53,990.0,8.0,80.0,24.9,0.82,2.2,166,100,2960.0,0,0.405
2026-05-20T12:00,0.9,0.8,0.1,0.0,0.0,0.0,53,1280.0,14.0,75.0,25.2,1.36,4.6,126,100,1840.0,0,0.389
2026-05-20T13:00,2.4,1.0,1.4,0.0,0.0,0.0,95,1070.0,12.0,155.0,24.9,1.38,3.0,167,100,2540.0,0,0.415
2026-05-20T14:00,0.7,0.3,0.4,0.0,0.0,0.0,53,730.0,11.0,385.0,24.8,2.25,4.5,177,100,4680.0,0,0.414
2026-05-20T15:00,1.8,1.3,0.5,0.0,0.0,0.0,80,530.0,21.0,405.0,24.2,3.35,8.1,171,100,1680.0,0,0.427
2026-05-20T16:00,2.7,2.5,0.2,0.0,0.0,0.0,81,440.0,29.0,325.0,24.0,2.01,6.7,176,100,2300.0,0,0.427
2026-05-20T17:00,0.6,0.6,0.0,0.0,0.0,0.0,53,260.0,49.0,265.0,24.0,1.53,4.1,169,100,4580.0,0,0.418
2026-05-20T18:00,0.0,0.0,0.0,0.0,0.0,0.0,3,750.0,13.0,410.0,24.8,2.0,4.2,177,100,2400.0,0,0.405
2026-05-20T19:00,1.6,1.3,0.3,0.0,0.0,0.0,80,660.0,9.0,270.0,24.5,1.37,4.3,170,100,2460.0,0,0.421
2026-05-20T20:00,1.2,1.2,0.0,0.0,0.0,0.0,55,570.0,12.0,155.0,24.2,1.26,3.2,146,100,1920.0,0,0.426
2026-05-20T21:00,1.2,1.2,0.0,0.0,0.0,0.0,55,580.0,21.0,150.0,24.0,1.25,3.0,151,100,3940.0,0,0.423
2026-05-20T22:00,0.6,0.6,0.0,0.0,0.0,0.0,53,600.0,10.0,155.0,24.1,1.23,3.0,159,100,2920.0,1,0.423
2026-05-20T23:00,0.8,0.8,0.0,0.0,0.0,0.0,53,630.0,12.0,350.0,24.4,2.21,4.2,185,100,2280.0,1,0.424
2026-05-21T00:00,1.4,0.5,0.9,0.0,0.0,0.0,80,710.0,4.0,355.0,24.7,1.95,6.7,167,100,1560.0,1,0.421
2026-05-21T01:00,2.3,0.8,1.5,0.0,0.0,0.0,80,790.0,0.0,395.0,24.6,2.14,5.9,147,100,1940.0,1,0.428
2026-05-21T02:00,1.8,1.4,0.4,0.0,0.0,0.0,80,830.0,3.0,530.0,25.1,3.16,6.3,175,97,3500.0,1,0.425
2026-05-21T03:00,0.4,0.2,0.2,0.0,0.0,0.0,51,1080.0,0.0,655.0,27.2,3.32,9.1,186,100,4440.0,1,0.418
2026-05-21T04:00,0.4,0.4,0.0,0.0,0.0,0.0,51,630.0,10.0,625.0,27.3,3.43,8.2,188,100,5700.0,1,0.415
2026-05-21T05:00,0.1,0.1,0.0,0.0,0.0,0.0,51,1120.0,1.0,495.0,27.3,3.25,8.1,181,100,7540.0,1,0.412
2026-05-21T06:00,0.4,0.3,0.1,0.0,0.0,0.0,51,1610.0,0.0,930.0,27.8,2.67,9.4,193,99,10160.0,1,0.412
2026-05-21T07:00,0.9,0.3,0.6,0.0,0.0,0.0,53,1080.0,5.0,615.0,27.1,3.93,9.7,202,98,2060.0,1,0.417
2026-05-21T08:00,1.8,1.8,0.0,0.0,0.0,0.0,80,1440.0,6.0,405.0,26.4,1.51,7.9,186,100,3000.0,1,0.426
2026-05-21T09:00,0.8,0.4,0.4,0.0,0.0,0.0,53,1610.0,4.0,80.0,26.0,1.21,3.2,114,100,5060.0,1,0.424
2026-05-21T10:00,0.0,0.0,0.0,0.0,0.0,0.0,3,1900.0,3.0,225.0,26.0,1.57,3.3,143,99,6240.0,1,0.418
2026-05-21T11:00,0.0,0.0,0.0,0.0,0.0,0.0,3,1450.0,2.0,290.0,25.5,1.93,4.0,163,100,4480.0,0,0.415
2026-05-21T12:00,0.3,0.3,0.0,0.0,0.0,0.0,51,1180.0,9.0,75.0,25.1,0.85,4.2,118,100,2340.0,0,0.41
2026-05-21T13:00,0.6,0.6,0.0,0.0,0.0,0.0,53,1220.0,7.0,50.0,25.0,0.51,2.1,151,100,1960.0,0,0.417
2026-05-21T14:00,1.0,0.8,0.2,0.0,0.0,0.0,55,1230.0,5.0,110.0,25.0,0.92,4.4,158,100,1640.0,0,0.425
2026-05-21T15:00,0.9,0.9,0.0,0.0,0.0,0.0,53,1030.0,16.0,125.0,24.8,1.35,3.0,141,100,2740.0,0,0.426
2026-05-21T16:00,0.4,0.4,0.0,0.0,0.0,0.0,51,880.0,29.0,220.0,24.7,1.6,3.8,160,100,1620.0,0,0.425
2026-05-21T17:00,0.5,0.4,0.1,0.0,0.0,0.0,53,810.0,40.0,245.0,24.5,1.54,5.7,167,100,1220.0,0,0.424
2026-05-21T18:00,0.1,0.1,0.0,0.0,0.0,0.0,51,1380.0,11.0,115.0,25.0,1.1,3.4,141,100,660.0,0,0.415
2026-05-21T19:00,1.2,1.2,0.0,0.0,0.0,0.0,55,1240.0,6.0,60.0,24.5,0.72,2.5,192,100,1120.0,0,0.427
2026-05-21T20:00,2.8,2.8,0.0,0.0,0.0,0.0,81,1070.0,23.0,70.0,24.4,1.19,2.5,152,100,1440.0,0,0.43
2026-05-21T21:00,0.9,0.9,0.0,0.0,0.0,0.0,53,930.0,18.0,80.0,24.2,0.98,2.9,156,100,1760.0,0,0.427
2026-05-21T22:00,0.1,0.1,0.0,0.0,0.0,0.0,51,890.0,11.0,90.0,24.2,1.06,2.6,161,100,1100.0,1,0.424
2026-05-21T23:00,0.2,0.0,0.2,0.0,0.0,0.0,51,850.0,14.0,100.0,24.5,1.32,3.0,155,99,800.0,1,0.424
2026-05-22T00:00,0.0,0.0,0.0,0.0,0.0,0.0,3,1750.0,0.0,395.0,26.5,2.06,3.4,184,99,6240.0,1,0.413
2026-05-22T01:00,0.2,0.1,0.1,0.0,0.0,0.0,51,1890.0,2.0,595.0,27.5,2.79,6.5,201,100,8480.0,1,0.412
2026-05-22T02:00,0.0,0.0,0.0,0.0,0.0,0.0,3,1840.0,1.0,735.0,28.2,2.84,6.5,189,97,15700.0,1,0.409
2026-05-22T03:00,0.0,0.0,0.0,0.0,0.0,0.0,3,1500.0,2.0,1035.0,30.3,3.45,8.1,199,99,17580.0,1,0.405
2026-05-22T04:00,0.0,0.0,0.0,0.0,0.0,0.0,3,1300.0,7.0,1010.0,30.9,4.18,9.3,205,98,11400.0,1,0.401
2026-05-22T05:00,0.0,0.0,0.0,0.0,0.0,0.0,3,1600.0,2.0,1185.0,31.6,4.25,10.5,200,99,12780.0,1,0.396
2026-05-22T06:00,0.1,0.0,0.1,0.0,0.0,0.0,51,1080.0,1.0,1255.0,31.3,4.02,10.5,199,92,19400.0,1,0.395
2026-05-22T07:00,0.0,0.0,0.0,0.0,0.0,0.0,3,550.0,5.0,1505.0,32.0,4.23,10.7,206,99,19420.0,1,0.391
2026-05-22T08:00,0.0,0.0,0.0,0.0,0.0,0.0,3,540.0,10.0,1415.0,31.5,3.78,9.1,208,98,19420.0,1,0.388
2026-05-22T09:00,0.0,0.0,0.0,0.0,0.0,0.0,3,750.0,13.0,1275.0,30.7,3.04,7.8,197,99,19420.0,1,0.386
2026-05-22T10:00,0.0,0.0,0.0,0.0,0.0,0.0,3,780.0,32.0,960.0,29.8,2.5,6.1,196,99,17600.0,1,0.385
2026-05-22T11:00,0.0,0.0,0.0,0.0,0.0,0.0,3,670.0,78.0,400.0,28.4,2.35,5.1,181,99,17620.0,0,0.385
2026-05-22T12:00,0.0,0.0,0.0,0.0,0.0,0.0,3,1470.0,37.0,390.0,27.4,2.47,5.8,162,100,13700.0,0,0.393
2026-05-22T13:00,0.0,0.0,0.0,0.0,0.0,0.0,3,1200.0,39.0,320.0,26.7,2.0,5.5,179,98,13700.0,0,0.392
2026-05-22T14:00,0.0,0.0,0.0,0.0,0.0,0.0,3,1280.0,13.0,280.0,26.2,1.81,4.3,186,97,11820.0,0,0.392
2026-05-22T15:00,0.8,0.0,0.8,0.0,0.0,0.0,95,1810.0,6.0,310.0,25.8,1.8,4.1,182,95,9680.0,0,0.4
2026-05-22T16:00,0.0,0.0,0.0,0.0,0.0,0.0,3,2190.0,0.0,285.0,25.7,1.49,3.9,166,99,6080.0,0,0.399
2026-05-22T17:00,0.0,0.0,0.0,0.0,0.0,0.0,3,2180.0,0.0,300.0,25.7,1.55,3.3,178,100,3720.0,0,0.398
2026-05-22T18:00,0.0,0.0,0.0,0.0,0.0,0.0,2,2540.0,1.0,235.0,25.9,1.68,3.8,163,59,1160.0,0,0.402
2026-05-22T19:00,0.0,0.0,0.0,0.0,0.0,0.0,3,2310.0,1.0,180.0,25.5,1.41,3.5,163,97,860.0,0,0.401
2026-05-22T20:00,0.0,0.0,0.0,0.0,0.0,0.0,3,2190.0,1.0,160.0,25.5,1.21,3.1,156,82,600.0,0,0.4
2026-05-22T21:00,0.0,0.0,0.0,0.0,0.0,0.0,3,2140.0,0.0,125.0,25.5,0.61,4.4,189,100,520.0,0,0.399
2026-05-22T22:00,0.6,0.4,0.2,0.0,0.0,0.0,53,1940.0,0.0,185.0,25.4,1.51,4.1,172,87,980.0,1,0.405
2026-05-22T23:00,0.5,0.2,0.3,0.0,0.0,0.0,53,1990.0,0.0,260.0,25.8,1.54,5.2,205,88,2600.0,1,0.41
2026-05-23T00:00,1.2,0.8,0.4,0.0,0.0,0.0,95,2310.0,0.0,535.0,27.5,2.55,5.7,178,62,6260.0,1,0.392
2026-05-23T01:00,0.1,0.1,0.0,0.0,0.0,0.0,51,1600.0,2.0,715.0,28.7,2.77,6.7,186,77,7220.0,1,0.392
2026-05-23T02:00,0.1,0.0,0.1,0.0,0.0,0.0,51,1310.0,6.0,805.0,29.7,3.0,8.5,191,94,9260.0,1,0.39
2026-05-23T03:00,0.1,0.0,0.1,0.0,0.0,0.0,51,1560.0,3.0,910.0,30.6,3.17,9.1,201,100,6960.0,1,0.387
2026-05-23T04:00,1.0,0.0,1.0,0.0,0.0,0.0,95,1870.0,1.0,655.0,28.9,4.0,9.4,189,96,1960.0,1,0.396
2026-05-23T05:00,4.3,0.8,3.5,0.0,0.0,0.0,96,1580.0,21.0,350.0,27.2,2.74,10.3,198,98,4580.0,1,0.422
2026-05-23T06:00,0.2,0.2,0.0,0.0,0.0,0.0,51,2240.0,3.0,500.0,28.7,1.97,9.5,189,73,6980.0,1,0.399
2026-05-23T07:00,0.7,0.3,0.4,0.0,0.0,0.0,95,2470.0,0.0,605.0,28.8,3.25,8.9,203,88,2100.0,1,0.402
2026-05-23T08:00,1.6,1.1,0.5,0.0,0.0,0.0,80,1510.0,10.0,365.0,26.8,3.15,9.1,180,88,3880.0,1,0.414
2026-05-23T09:00,0.3,0.3,0.0,0.0,0.0,0.0,51,1720.0,5.0,445.0,27.2,2.55,7.1,182,99,5620.0,1,0.411
2026-05-23T10:00,0.2,0.2,0.0,0.0,0.0,0.0,51,1750.0,8.0,400.0,27.1,1.86,6.1,186,99,7380.0,1,0.408
2026-05-23T11:00,0.0,0.0,0.0,0.0,0.0,0.0,3,1960.0,3.0,315.0,26.5,1.51,4.1,174,100,9540.0,0,0.406
2026-05-23T12:00,0.0,0.0,0.0,0.0,0.0,0.0,3,2470.0,6.0,155.0,26.5,1.36,4.1,174,99,5800.0,0,0.41
2026-05-23T13:00,0.1,0.1,0.0,0.0,0.0,0.0,51,2130.0,9.0,240.0,26.0,1.86,3.7,175,99,4860.0,0,0.408
2026-05-23T14:00,0.0,0.0,0.0,0.0,0.0,0.0,3,1850.0,19.0,325.0,25.9,2.25,4.4,181,98,6380.0,0,0.407
2026-05-23T15:00,0.0,0.0,0.0,0.0,0.0,0.0,2,1670.0,16.0,415.0,25.7,2.46,5.0,185,78,9760.0,0,0.406
2026-05-23T16:00,0.0,0.0,0.0,0.0,0.0,0.0,3,1420.0,33.0,445.0,25.4,2.36,5.0,185,99,9760.0,0,0.404
2026-05-23T17:00,0.0,0.0,0.0,0.0,0.0,0.0,3,1770.0,0.0,455.0,25.4,2.21,4.9,185,96,5900.0,0,0.403
2026-05-23T18:00,0.0,0.0,0.0,0.0,0.0,0.0,3,2160.0,1.0,560.0,26.0,3.2,5.5,181,98,6400.0,0,0.402
2026-05-23T19:00,0.1,0.1,0.0,0.0,0.0,0.0,51,2180.0,1.0,495.0,25.8,2.9,6.7,178,97,5580.0,0,0.402
2026-05-23T20:00,0.0,0.0,0.0,0.0,0.0,0.0,3,2160.0,0.0,390.0,25.7,2.15,5.8,168,98,5060.0,0,0.401
2026-05-23T21:00,0.1,0.1,0.0,0.0,0.0,0.0,51,2100.0,0.0,320.0,25.6,2.17,5.5,172,98,4820.0,0,0.4
2026-05-23T22:00,0.0,0.0,0.0,0.0,0.0,0.0,3,2020.0,0.0,295.0,25.5,1.86,4.5,166,91,6080.0,1,0.4
2026-05-23T23:00,0.0,0.0,0.0,0.0,0.0,0.0,2,2060.0,0.0,420.0,26.3,2.9,6.2,177,59,7320.0,1,0.399
2026-05-24T00:00,0.0,0.0,0.0,0.0,0.0,0.0,3,2470.0,0.0,690.0,27.8,2.45,7.0,178,91,7200.0,1,0.39
2026-05-24T01:00,0.1,0.1,0.0,0.0,0.0,0.0,51,1820.0,0.0,850.0,29.1,2.94,7.0,190,77,9140.0,1,0.39
2026-05-24T02:00,0.1,0.1,0.0,0.0,0.0,0.0,51,1700.0,2.0,940.0,30.4,3.52,8.3,191,98,10300.0,1,0.387
2026-05-24T03:00,0.1,0.1,0.0,0.0,0.0,0.0,51,1350.0,6.0,1065.0,31.2,4.12,9.0,203,95,7460.0,1,0.384
2026-05-24T04:00,0.1,0.1,0.0,0.0,0.0,0.0,51,2110.0,9.0,1080.0,31.7,4.27,9.3,198,55,8020.0,1,0.382
2026-05-24T05:00,0.1,0.1,0.0,0.0,0.0,0.0,51,2100.0,6.0,1240.0,33.0,4.81,10.9,201,59,7020.0,1,0.379
2026-05-24T06:00,0.2,0.2,0.0,0.0,0.0,0.0,51,1520.0,9.0,1355.0,33.4,4.74,11.0,206,39,7240.0,1,0.38
2026-05-24T07:00,0.4,0.2,0.2,0.0,0.0,0.0,51,1490.0,12.0,1360.0,33.0,4.87,10.9,202,27,7200.0,1,0.38
2026-05-24T08:00,0.5,0.2,0.3,0.0,0.0,0.0,53,1590.0,11.0,1315.0,32.7,4.32,10.5,193,43,8040.0,1,0.381
2026-05-24T09:00,0.1,0.1,0.0,0.0,0.0,0.0,51,1570.0,14.0,1255.0,32.3,3.99,9.0,195,87,16340.0,1,0.379
2026-05-24T10:00,0.0,0.0,0.0,0.0,0.0,0.0,3,1740.0,20.0,1105.0,31.2,3.64,8.0,189,84,17880.0,1,0.377
2026-05-24T11:00,0.0,0.0,0.0,0.0,0.0,0.0,3,2460.0,22.0,590.0,29.4,3.92,8.0,175,98,14220.0,1,0.376
2026-05-24T12:00,0.0,0.0,0.0,0.0,0.0,0.0,2,2950.0,10.0,480.0,28.5,3.22,8.0,173,63,12840.0,0,0.369
2026-05-24T13:00,0.0,0.0,0.0,0.0,0.0,0.0,3,2670.0,47.0,465.0,27.8,3.51,7.2,177,84,11940.0,0,0.37
2026-05-24T14:00,0.0,0.0,0.0,0.0,0.0,0.0,1,2090.0,86.0,495.0,27.2,3.35,7.2,179,47,12000.0,0,0.37
2026-05-24T15:00,0.0,0.0,0.0,0.0,0.0,0.0,1,1790.0,92.0,555.0,26.7,3.2,6.9,179,30,12000.0,0,0.37
2026-05-24T16:00,0.0,0.0,0.0,0.0,0.0,0.0,1,1850.0,73.0,610.0,26.4,3.35,7.0,181,42,8660.0,0,0.371
2026-05-24T17:00,0.0,0.0,0.0,0.0,0.0,0.0,0,2010.0,36.0,630.0,26.4,3.5,7.4,182,14,8200.0,0,0.371
2026-05-24T18:00,0.0,0.0,0.0,0.0,0.0,0.0,3,2700.0,1.0,610.0,26.9,3.55,7.4,179,95,7740.0,0,0.347
2026-05-24T19:00,0.0,0.0,0.0,0.0,0.0,0.0,3,2520.0,1.0,605.0,26.5,3.4,7.5,180,94,7700.0,0,0.349
2026-05-24T20:00,0.0,0.0,0.0,0.0,0.0,0.0,1,2420.0,1.0,625.0,26.5,3.35,7.2,181,48,7220.0,0,0.351
2026-05-24T21:00,0.0,0.0,0.0,0.0,0.0,0.0,3,2260.0,1.0,635.0,26.4,3.51,7.4,183,85,7600.0,0,0.352
2026-05-24T22:00,0.0,0.0,0.0,0.0,0.0,0.0,2,2210.0,1.0,615.0,26.5,3.57,7.4,186,73,7940.0,1,0.354
2026-05-24T23:00,0.0,0.0,0.0,0.0,0.0,0.0,2,2320.0,0.0,710.0,27.3,3.77,7.8,185,55,6080.0,1,0.354
2026-05-25T00:00,0.0,0.0,0.0,0.0,0.0,0.0,1,2110.0,0.0,850.0,28.4,3.5,9.2,182,34,7380.0,1,0.362
2026-05-25T01:00,0.1,0.1,0.0,0.0,0.0,0.0,51,1690.0,0.0,1030.0,29.7,3.81,8.8,190,28,8680.0,1,0.361
2026-05-25T02:00,0.1,0.1,0.0,0.0,0.0,0.0,51,1590.0,6.0,1015.0,30.7,4.36,9.7,189,23,8280.0,1,0.359
2026-05-25T03:00,0.2,0.1,0.1,0.0,0.0,0.0,51,1830.0,8.0,1025.0,31.7,4.55,10.2,197,27,7340.0,1,0.358
2026-05-25T04:00,0.1,0.1,0.0,0.0,0.0,0.0,51,2000.0,11.0,1130.0,32.8,4.77,11.3,195,13,8640.0,1,0.355
2026-05-25T05:00,0.1,0.0,0.1,0.0,0.0,0.0,51,2340.0,5.0,1290.0,33.3,4.8,11.7,194,27,8740.0,1,0.352
2026-05-25T06:00,0.1,0.1,0.0,0.0,0.0,0.0,51,1830.0,4.0,1270.0,33.5,4.19,11.9,197,20,8140.0,1,0.352
2026-05-25T07:00,0.2,0.1,0.1,0.0,0.0,0.0,51,1920.0,17.0,1335.0,33.4,4.54,10.1,191,17,12960.0,1,0.35
2026-05-25T08:00,0.0,0.0,0.0,0.0,0.0,0.0,0,1710.0,53.0,1310.0,33.3,4.65,10.0,189,12,19860.0,1,0.347
2026-05-25T09:00,0.0,0.0,0.0,0.0,0.0,0.0,0,1590.0,85.0,1180.0,32.6,4.71,10.2,189,8,19860.0,1,0.345
2026-05-25T10:00,0.0,0.0,0.0,0.0,0.0,0.0,0,1870.0,102.0,980.0,31.3,4.35,9.6,182,7,18000.0,1,0.344
2026-05-25T11:00,0.0,0.0,0.0,0.0,0.0,0.0,0,2630.0,80.0,790.0,29.6,4.46,9.1,177,2,16100.0,1,0.344
2026-05-25T12:00,0.0,0.0,0.0,0.0,0.0,0.0,0,2570.0,74.0,615.0,29.3,3.35,9.2,180,2,15960.0,0,0.336
2026-05-25T13:00,0.0,0.0,0.0,0.0,0.0,0.0,0,1930.0,102.0,530.0,28.3,3.38,7.2,188,4,16100.0,0,0.337
2026-05-25T14:00,0.0,0.0,0.0,0.0,0.0,0.0,3,1690.0,104.0,565.0,27.6,3.66,7.6,183,91,14020.0,0,0.338
2026-05-25T15:00,0.0,0.0,0.0,0.0,0.0,0.0,2,1690.0,102.0,625.0,27.1,3.8,7.9,180,79,12100.0,0,0.338
2026-05-25T16:00,0.0,0.0,0.0,0.0,0.0,0.0,1,1920.0,53.0,630.0,26.7,3.45,7.9,181,35,8500.0,0,0.339
2026-05-25T17:00,0.0,0.0,0.0,0.0,0.0,0.0,1,2010.0,18.0,595.0,26.7,2.95,7.2,181,24,8200.0,0,0.34
2026-05-25T18:00,0.0,0.0,0.0,0.0,0.0,0.0,3,2620.0,0.0,440.0,26.7,2.17,6.3,172,95,8060.0,0,0.328
2026-05-25T19:00,0.0,0.0,0.0,0.0,0.0,0.0,3,2640.0,0.0,465.0,26.8,2.31,5.0,174,99,7940.0,0,0.329
2026-05-25T20:00,0.0,0.0,0.0,0.0,0.0,0.0,3,2690.0,0.0,440.0,26.7,2.23,4.9,171,99,6180.0,0,0.33
2026-05-25T21:00,0.0,0.0,0.0,0.0,0.0,0.0,3,2650.0,0.0,410.0,26.6,2.27,4.7,172,93,6220.0,0,0.331
2026-05-25T22:00,0.0,0.0,0.0,0.0,0.0,0.0,3,2580.0,0.0,410.0,26.6,2.25,4.7,168,99,6120.0,1,0.332
2026-05-25T23:00,0.0,0.0,0.0,0.0,0.0,0.0,3,2520.0,1.0,465.0,27.4,2.81,6.1,184,98,3080.0,1,0.332
2026-05-26T00:00,0.0,0.0,0.0,0.0,0.0,0.0,1,2430.0,1.0,725.0,28.7,2.61,7.1,175,45,11380.0,1,0.333
2026-05-26T01:00,0.0,0.0,0.0,0.0,0.0,0.0,1,2230.0,3.0,900.0,30.1,2.94,7.1,190,43,11360.0,1,0.331
2026-05-26T02:00,0.1,0.0,0.1,0.0,0.0,0.0,51,2200.0,3.0,910.0,31.3,3.34,7.9,197,93,6640.0,1,0.33
2026-05-26T03:00,0.4,0.3,0.1,0.0,0.0,0.0,51,1980.0,7.0,990.0,32.4,3.81,8.7,199,99,5700.0,1,0.33
2026-05-26T04:00,0.2,0.2,0.0,0.0,0.0,0.0,51,2700.0,10.0,1085.0,33.2,4.1,10.3,200,89,9320.0,1,0.328
2026-05-26T05:00,0.1,0.1,0.0,0.0,0.0,0.0,51,2740.0,8.0,1270.0,34.1,4.32,11.1,198,41,8020.0,1,0.324
2026-05-26T06:00,0.2,0.1,0.1,0.0,0.0,0.0,51,1740.0,11.0,1450.0,34.2,3.56,10.5,200,51,9840.0,1,0.321
2026-05-26T07:00,0.0,0.0,0.0,0.0,0.0,0.0,3,1730.0,19.0,1410.0,34.2,3.68,8.3,198,82,18100.0,1,0.318
2026-05-26T08:00,0.0,0.0,0.0,0.0,0.0,0.0,3,1910.0,15.0,1390.0,33.9,3.59,8.2,199,100,20000.0,1,0.314
2026-05-26T09:00,0.0,0.0,0.0,0.0,0.0,0.0,3,2010.0,19.0,1255.0,33.4,3.44,7.7,189,100,20020.0,1,0.312
2026-05-26T10:00,0.0,0.0,0.0,0.0,0.0,0.0,3,2350.0,30.0,945.0,32.2,3.1,7.0,177,100,18140.0,1,0.311
2026-05-26T11:00,0.0,0.0,0.0,0.0,0.0,0.0,3,2960.0,36.0,485.0,30.3,3.51,7.0,176,100,16220.0,1,0.311
2026-05-26T12:00,0.0,0.0,0.0,0.0,0.0,0.0,3,3330.0,30.0,390.0,29.6,2.72,7.0,187,91,15340.0,0,0.304
2026-05-26T13:00,0.0,0.0,0.0,0.0,0.0,0.0,2,3000.0,38.0,365.0,28.7,2.75,5.8,190,73,14000.0,0,0.305
2026-05-26T14:00,0.0,0.0,0.0,0.0,0.0,0.0,3,2690.0,32.0,355.0,28.1,2.67,5.5,186,80,12200.0,0,0.305
2026-05-26T15:00,0.0,0.0,0.0,0.0,0.0,0.0,3,2420.0,36.0,350.0,27.5,2.54,5.4,190,81,12200.0,0,0.306
2026-05-26T16:00,0.0,0.0,0.0,0.0,0.0,0.0,2,2140.0,50.0,360.0,27.1,2.54,5.3,190,54,10020.0,0,0.306
2026-05-26T17:00,0.0,0.0,0.0,0.0,0.0,0.0,2,2350.0,38.0,380.0,26.7,2.68,5.6,189,55,9940.0,0,0.307
2026-05-26T18:00,0.0,0.0,0.0,0.0,0.0,0.0,3,2600.0,7.0,380.0,27.0,2.15,5.6,183,96,9420.0,0,0.294
2026-05-26T19:00,0.0,0.0,0.0,0.0,0.0,0.0,3,2710.0,1.0,355.0,27.1,1.96,4.5,184,100,3300.0,0,0.294
2026-05-26T20:00,0.0,0.0,0.0,0.0,0.0,0.0,3,2920.0,1.0,300.0,26.9,1.65,4.2,182,96,1840.0,0,0.295
2026-05-26T21:00,0.0,0.0,0.0,0.0,0.0,0.0,3,2840.0,1.0,225.0,26.5,1.32,3.4,169,97,1580.0,0,0.296
2026-05-26T22:00,0.0,0.0,0.0,0.0,0.0,0.0,3,2770.0,0.0,305.0,26.6,1.71,3.3,173,97,1720.0,1,0.296
2026-05-26T23:00,0.0,0.0,0.0,0.0,0.0,0.0,3,2730.0,0.0,470.0,27.7,1.97,4.5,187,99,11600.0,1,0.296
2026-05-27T00:00,0.0,0.0,0.0,0.0,0.0,0.0,0,2680.0,0.0,750.0,29.5,2.15,6.0,202,10,15780.0,1,0.306
2026-05-27T01:00,0.0,0.0,0.0,0.0,0.0,0.0,3,2450.0,2.0,985.0,30.8,2.33,8.2,215,88,16280.0,1,0.304
2026-05-27T02:00,0.0,0.0,0.0,0.0,0.0,0.0,3,2320.0,2.0,1200.0,32.0,2.37,8.4,224,100,18240.0,1,0.301
2026-05-27T03:00,0.0,0.0,0.0,0.0,0.0,0.0,3,2530.0,0.0,1275.0,33.0,1.94,8.3,215,95,18240.0,1,0.298
2026-05-27T04:00,0.0,0.0,0.0,0.0,0.0,0.0,3,3010.0,0.0,1405.0,33.9,1.96,7.9,199,95,10640.0,1,0.294
2026-05-27T05:00,0.1,0.1,0.0,0.0,0.0,0.0,51,3230.0,0.0,1490.0,34.4,2.35,7.7,204,86,9320.0,1,0.29
2026-05-27T06:00,0.1,0.1,0.0,0.0,0.0,0.0,51,2300.0,0.0,1520.0,34.9,1.87,8.0,226,95,8980.0,1,0.286
2026-05-27T07:00,0.1,0.1,0.0,0.0,0.0,0.0,51,1990.0,7.0,1545.0,34.9,1.67,5.1,229,100,12120.0,1,0.283
2026-05-27T08:00,0.0,0.0,0.0,0.0,0.0,0.0,3,1850.0,14.0,1525.0,34.7,1.58,4.6,215,98,23220.0,1,0.281
2026-05-27T09:00,0.0,0.0,0.0,0.0,0.0,0.0,3,2000.0,17.0,1435.0,34.3,1.93,4.2,201,83,20160.0,1,0.279
2026-05-27T10:00,0.0,0.0,0.0,0.0,0.0,0.0,2,2840.0,13.0,380.0,33.0,2.1,4.3,168,60,18280.0,1,0.278
2026-05-27T11:00,0.0,0.0,0.0,0.0,0.0,0.0,2,2720.0,52.0,275.0,31.2,2.24,4.3,170,58,18300.0,1,0.278
2026-05-27T12:00,0.0,0.0,0.0,0.0,0.0,0.0,2,3260.0,47.0,225.0,30.5,2.01,6.4,176,56,16340.0,0,0.272
2026-05-27T13:00,0.0,0.0,0.0,0.0,0.0,0.0,1,3320.0,57.0,255.0,29.5,2.62,5.0,187,34,14220.0,0,0.272
2026-05-27T14:00,0.0,0.0,0.0,0.0,0.0,0.0,2,3470.0,51.0,300.0,28.9,2.96,5.8,192,65,12300.0,0,0.272
2026-05-27T15:00,0.0,0.0,0.0,0.0,0.0,0.0,3,3330.0,47.0,335.0,28.3,2.8,5.9,196,82,12300.0,0,0.273
2026-05-27T16:00,0.0,0.0,0.0,0.0,0.0,0.0,3,3300.0,39.0,345.0,27.9,2.3,5.7,193,90,10100.0,0,0.273
2026-05-27T17:00,0.0,0.0,0.0,0.0,0.0,0.0,3,3460.0,18.0,290.0,27.6,1.47,4.8,190,89,10100.0,0,0.274
2026-05-27T18:00,0.0,0.0,0.0,0.0,0.0,0.0,3,4070.0,2.0,155.0,27.7,1.18,3.1,168,93,10100.0,0,0.263
2026-05-27T19:00,0.0,0.0,0.0,0.0,0.0,0.0,3,4180.0,2.0,120.0,27.3,1.17,2.6,170,96,1240.0,0,0.264
2026-05-27T20:00,0.0,0.0,0.0,0.0,0.0,0.0,3,4140.0,1.0,105.0,27.3,1.05,2.5,177,91,520.0,0,0.264
2026-05-27T21:00,0.0,0.0,0.0,0.0,0.0,0.0,3,3980.0,1.0,120.0,27.2,1.15,2.5,175,83,480.0,0,0.265
2026-05-27T22:00,0.0,0.0,0.0,0.0,0.0,0.0,2,3700.0,1.0,135.0,27.1,1.2,2.4,180,69,680.0,1,0.265
2026-05-27T23:00,0.0,0.0,0.0,0.0,0.0,0.0,3,3450.0,0.0,425.0,28.3,1.37,3.5,204,97,12340.0,1,0.266
2026-05-28T00:00,0.0,0.0,0.0,0.0,0.0,0.0,1,3480.0,0.0,725.0,30.0,1.37,4.3,213,49,16280.0,1,0.274
2026-05-28T01:00,0.0,0.0,0.0,0.0,0.0,0.0,1,3150.0,0.0,940.0,31.2,1.52,4.6,229,31,16420.0,1,0.273
2026-05-28T02:00,0.0,0.0,0.0,0.0,0.0,0.0,2,2920.0,1.0,1145.0,32.6,1.6,6.0,250,51,18380.0,1,0.27
2026-05-28T03:00,0.0,0.0,0.0,0.0,0.0,0.0,2,2870.0,1.0,1340.0,33.9,1.39,5.9,255,72,20280.0,1,0.266
2026-05-28T04:00,0.0,0.0,0.0,0.0,0.0,0.0,3,3240.0,0.0,1490.0,34.7,1.33,5.7,250,81,20280.0,1,0.262
2026-05-28T05:00,0.0,0.0,0.0,0.0,0.0,0.0,3,3690.0,0.0,1540.0,35.2,1.33,5.6,236,95,20300.0,1,0.258
2026-05-28T06:00,0.0,0.0,0.0,0.0,0.0,0.0,2,3200.0,0.0,1590.0,35.5,1.33,5.5,236,77,15440.0,1,0.259
2026-05-28T07:00,0.0,0.0,0.0,0.0,0.0,0.0,1,2960.0,3.0,1540.0,35.4,1.35,5.1,239,20,18300.0,1,0.256
2026-05-28T08:00,0.0,0.0,0.0,0.0,0.0,0.0,2,2380.0,17.0,1500.0,35.1,1.52,4.8,279,67,12080.0,1,0.253
2026-05-28T09:00,0.0,0.0,0.0,0.0,0.0,0.0,1,2500.0,15.0,1365.0,34.8,1.38,4.0,314,22,23400.0,1,0.251
2026-05-28T10:00,0.4,0.1,0.3,0.0,0.0,0.0,95,3170.0,40.0,120.0,32.2,2.07,3.7,352,73,10200.0,1,0.254
2026-05-28T11:00,0.0,0.0,0.0,0.0,0.0,0.0,2,2200.0,4.0,170.0,29.3,3.24,6.3,257,61,8580.0,1,0.255
2026-05-28T12:00,0.0,0.0,0.0,0.0,0.0,0.0,1,2640.0,85.0,140.0,29.8,1.75,6.0,329,38,4900.0,0,0.25
2026-05-28T13:00,0.1,0.1,0.0,0.0,0.0,0.0,51,2330.0,113.0,35.0,29.7,0.15,3.0,270,69,16420.0,0,0.251
2026-05-28T14:00,0.0,0.0,0.0,0.0,0.0,0.0,3,2880.0,81.0,90.0,28.8,1.08,2.0,257,97,14340.0,0,0.252
2026-05-28T15:00,0.0,0.0,0.0,0.0,0.0,0.0,3,2910.0,87.0,80.0,28.7,0.87,1.9,336,95,14340.0,0,0.253
2026-05-28T16:00,0.0,0.0,0.0,0.0,0.0,0.0,1,3400.0,69.0,105.0,28.4,0.98,2.0,15,42,14360.0,0,0.253
2026-05-28T17:00,0.0,0.0,0.0,0.0,0.0,0.0,2,3590.0,60.0,55.0,28.2,0.28,1.9,45,64,12420.0,0,0.254
2026-05-28T18:00,0.0,0.0,0.0,0.0,0.0,0.0,1,3780.0,49.0,60.0,28.1,0.58,1.0,31,48,5500.0,0,0.232
2026-05-28T19:00,0.6,0.5,0.1,0.0,0.0,0.0,53,3060.0,38.0,110.0,26.8,2.16,3.6,236,84,2760.0,0,0.24
2026-05-28T20:00,0.3,0.3,0.0,0.0,0.0,0.0,51,2550.0,60.0,70.0,26.9,0.57,4.7,218,19,6800.0,0,0.245
2026-05-28T21:00,0.0,0.0,0.0,0.0,0.0,0.0,0,2770.0,41.0,70.0,26.8,0.63,1.3,151,5,8600.0,0,0.246
2026-05-28T22:00,0.0,0.0,0.0,0.0,0.0,0.0,0,2810.0,27.0,70.0,26.9,0.41,1.2,76,12,8100.0,1,0.247
2026-05-28T23:00,0.0,0.0,0.0,0.0,0.0,0.0,1,3200.0,10.0,110.0,27.3,0.86,2.9,100,22,8060.0,1,0.248
2026-05-29T00:00,0.0,0.0,0.0,0.0,0.0,0.0,2,3140.0,3.0,430.0,29.1,1.36,3.7,352,57,14400.0,1,0.249
2026-05-29T01:00,0.0,0.0,0.0,0.0,0.0,0.0,3,2930.0,3.0,830.0,31.0,2.43,6.2,8,85,11060.0,1,0.247
2026-05-29T02:00,0.1,0.1,0.0,0.0,0.0,0.0,51,3350.0,0.0,920.0,31.8,2.35,6.4,1,73,18520.0,1,0.246
2026-05-29T03:00,0.0,0.0,0.0,0.0,0.0,0.0,2,3410.0,3.0,935.0,32.6,2.27,6.2,352,51,18520.0,1,0.243
2026-05-29T04:00,0.0,0.0,0.0,0.0,0.0,0.0,1,3300.0,6.0,1040.0,33.7,2.28,6.3,345,23,11000.0,1,0.24
2026-05-29T05:00,0.1,0.1,0.0,0.0,0.0,0.0,51,3130.0,5.0,1085.0,34.1,2.04,6.3,338,30,8760.0,1,0.236
2026-05-29T06:00,0.1,0.0,0.1,0.0,0.0,0.0,51,1720.0,3.0,1755.0,36.1,1.55,5.7,327,57,23560.0,1,0.223
2026-05-29T07:00,0.0,0.0,0.0,0.0,0.0,0.0,2,1130.0,16.0,1650.0,35.4,0.85,4.7,360,61,23560.0,1,0.22
2026-05-29T08:00,0.0,0.0,0.0,0.0,0.0,0.0,1,2240.0,33.0,555.0,32.9,4.09,8.6,345,42,16000.0,1,0.217
2026-05-29T09:00,0.0,0.0,0.0,0.0,0.0,0.0,3,2180.0,35.0,660.0,30.8,3.86,9.4,53,95,15100.0,1,0.215
2026-05-29T10:00,0.0,0.0,0.0,0.0,0.0,0.0,3,2080.0,67.0,250.0,28.8,1.9,8.1,67,91,13020.0,1,0.215
2026-05-29T11:00,0.0,0.0,0.0,0.0,0.0,0.0,3,1980.0,62.0,285.0,28.0,1.79,4.5,63,93,12220.0,1,0.215
2026-05-29T12:00,0.0,0.0,0.0,0.0,0.0,0.0,3,720.0,62.0,380.0,26.6,2.38,3.6,352,100,2940.0,0,0.238
2026-05-29T13:00,0.9,0.9,0.0,0.0,0.0,0.0,53,860.0,62.0,325.0,26.2,0.76,4.9,328,100,4340.0,0,0.248
2026-05-29T14:00,0.4,0.4,0.0,0.0,0.0,0.0,51,970.0,68.0,390.0,25.8,1.72,3.7,30,100,5000.0,0,0.254
2026-05-29T15:00,0.3,0.3,0.0,0.0,0.0,0.0,51,980.0,111.0,320.0,25.5,1.1,4.4,51,100,2440.0,0,0.258
2026-05-29T16:00,2.4,2.4,0.0,0.0,0.0,0.0,80,860.0,128.0,345.0,25.5,0.62,2.5,346,100,2200.0,0,0.291
2026-05-29T17:00,1.5,1.5,0.0,0.0,0.0,0.0,61,730.0,90.0,120.0,25.6,0.43,1.7,324,100,3760.0,0,0.312
2026-05-29T18:00,0.3,0.3,0.0,0.0,0.0,0.0,51,400.0,160.0,170.0,24.4,1.26,2.0,326,100,8520.0,0,0.308
2026-05-29T19:00,0.0,0.0,0.0,0.0,0.0,0.0,3,400.0,103.0,255.0,24.5,1.12,2.9,350,89,10160.0,0,0.308
2026-05-29T20:00,0.0,0.0,0.0,0.0,0.0,0.0,3,540.0,93.0,215.0,24.6,0.71,2.2,8,100,10140.0,0,0.308
2026-05-29T21:00,0.0,0.0,0.0,0.0,0.0,0.0,3,710.0,69.0,215.0,24.6,0.72,2.0,12,100,10240.0,0,0.308
2026-05-29T22:00,0.0,0.0,0.0,0.0,0.0,0.0,3,670.0,65.0,250.0,24.7,0.75,2.0,4,94,10300.0,1,0.308
2026-05-29T23:00,0.0,0.0,0.0,0.0,0.0,0.0,3,670.0,37.0,245.0,25.1,0.59,2.1,340,87,10320.0,1,0.307
2026-05-30T00:00,0.0,0.0,0.0,0.0,0.0,0.0,3,1140.0,0.0,405.0,26.6,1.55,3.2,33,97,12120.0,1,0.245
2026-05-30T01:00,0.0,0.0,0.0,0.0,0.0,0.0,1,900.0,0.0,525.0,27.3,1.61,4.6,30,46,14520.0,1,0.245
2026-05-30T02:00,0.0,0.0,0.0,0.0,0.0,0.0,3,830.0,4.0,640.0,29.0,1.95,5.8,13,82,9200.0,1,0.243
2026-05-30T03:00,0.1,0.1,0.0,0.0,0.0,0.0,51,650.0,8.0,755.0,29.8,1.81,5.8,14,100,13440.0,1,0.241
2026-05-30T04:00,0.0,0.0,0.0,0.0,0.0,0.0,3,870.0,6.0,835.0,30.1,1.4,5.4,2,87,10040.0,1,0.24
2026-05-30T05:00,0.0,0.0,0.0,0.0,0.0,0.0,0,1050.0,7.0,820.0,30.5,1.36,4.9,6,9,14620.0,1,0.238
2026-05-30T06:00,0.0,0.0,0.0,0.0,0.0,0.0,1,1280.0,2.0,1015.0,31.3,1.41,5.4,315,22,10480.0,1,0.227
2026-05-30T07:00,0.0,0.0,0.0,0.0,0.0,0.0,0,1250.0,4.0,1050.0,31.6,1.58,5.7,325,18,13020.0,1,0.225
2026-05-30T08:00,0.0,0.0,0.0,0.0,0.0,0.0,1,1320.0,7.0,1050.0,31.7,1.41,5.6,343,30,17520.0,1,0.222
2026-05-30T09:00,0.0,0.0,0.0,0.0,0.0,0.0,1,1270.0,2.0,1060.0,31.3,1.4,5.0,360,41,7520.0,1,0.221
2026-05-30T10:00,0.2,0.1,0.1,0.0,0.0,0.0,51,1200.0,17.0,475.0,29.6,2.16,4.7,13,47,3660.0,1,0.223
2026-05-30T11:00,0.7,0.6,0.1,0.0,0.0,0.0,53,1240.0,37.0,230.0,27.4,1.91,5.4,355,39,4320.0,1,0.229
2026-05-30T12:00,0.8,0.4,0.4,0.0,0.0,0.0,95,3400.0,16.0,40.0,27.4,0.46,3.5,13,51,2700.0,0,0.231
2026-05-30T13:00,3.4,1.2,2.2,0.0,0.0,0.0,95,1130.0,17.0,145.0,25.4,0.94,4.3,58,90,2320.0,0,0.276
2026-05-30T14:00,1.0,0.9,0.1,0.0,0.0,0.0,55,840.0,14.0,205.0,25.3,0.96,2.7,84,81,3100.0,0,0.29
2026-05-30T15:00,0.4,0.2,0.2,0.0,0.0,0.0,51,470.0,48.0,125.0,25.0,1.16,2.4,97,59,6860.0,0,0.295
2026-05-30T16:00,0.0,0.0,0.0,0.0,0.0,0.0,3,360.0,67.0,40.0,25.1,0.27,2.6,22,89,10380.0,0,0.295
2026-05-30T17:00,0.0,0.0,0.0,0.0,0.0,0.0,2,590.0,28.0,65.0,25.1,0.25,1.2,127,59,9280.0,0,0.295
2026-05-30T18:00,0.0,0.0,0.0,0.0,0.0,0.0,1,1300.0,18.0,45.0,26.7,0.3,0.9,99,26,8680.0,0,0.282
2026-05-30T19:00,0.0,0.0,0.0,0.0,0.0,0.0,0,1620.0,11.0,55.0,25.8,0.71,1.5,172,17,9160.0,0,0.283
2026-05-30T20:00,0.0,0.0,0.0,0.0,0.0,0.0,1,1800.0,7.0,60.0,25.5,0.78,1.7,140,30,1740.0,0,0.283
2026-05-30T21:00,0.0,0.0,0.0,0.0,0.0,0.0,1,1790.0,6.0,55.0,25.3,0.78,1.7,140,49,1040.0,0,0.283
2026-05-30T22:00,0.1,0.1,0.0,0.0,0.0,0.0,51,1860.0,1.0,75.0,25.4,0.92,2.0,158,65,740.0,1,0.284
2026-05-30T23:00,0.7,0.3,0.4,0.0,0.0,0.0,53,940.0,4.0,150.0,25.6,0.76,2.2,172,76,1740.0,1,0.293
2026-05-31T00:00,0.4,0.2,0.2,0.0,0.0,0.0,51,2030.0,0.0,415.0,26.9,0.32,2.9,288,14,7020.0,1,0.253
2026-05-31T01:00,0.2,0.1,0.1,0.0,0.0,0.0,51,1720.0,0.0,685.0,28.0,0.76,3.7,259,45,6200.0,1,0.254
2026-05-31T02:00,0.2,0.1,0.1,0.0,0.0,0.0,51,1420.0,0.0,860.0,29.1,0.61,3.8,279,100,6160.0,1,0.254
2026-05-31T03:00,0.3,0.1,0.2,0.0,0.0,0.0,51,1190.0,0.0,975.0,29.8,1.08,3.9,283,100,5140.0,1,0.254
2026-05-31T04:00,0.6,0.3,0.3,0.0,0.0,0.0,53,1090.0,7.0,535.0,29.0,0.78,4.3,320,21,6220.0,1,0.259
2026-05-31T05:00,0.1,0.1,0.0,0.0,0.0,0.0,51,1420.0,0.0,1120.0,31.7,0.43,3.9,126,26,11160.0,1,0.257
2026-05-31T06:00,0.0,0.0,0.0,0.0,0.0,0.0,0,1420.0,0.0,1325.0,31.9,1.07,5.0,233,18,13040.0,1,0.252
2026-05-31T07:00,0.3,0.1,0.2,0.0,0.0,0.0,51,1400.0,0.0,535.0,30.2,1.86,5.7,246,62,2600.0,1,0.252
2026-05-31T08:00,1.4,1.0,0.4,0.0,0.0,0.0,80,1420.0,9.0,675.0,30.4,1.57,5.6,233,23,10120.0,1,0.264
2026-05-31T09:00,0.0,0.0,0.0,0.0,0.0,0.0,0,1520.0,4.0,845.0,30.6,0.85,4.6,201,17,11420.0,1,0.263
2026-05-31T10:00,0.0,0.0,0.0,0.0,0.0,0.0,1,1340.0,5.0,460.0,30.2,1.22,3.5,171,23,12560.0,1,0.262
2026-05-31T11:00,0.8,0.1,0.7,0.0,0.0,0.0,53,1140.0,30.0,215.0,28.0,1.46,3.0,186,84,2520.0,1,0.27
2026-05-31T12:00,1.1,0.7,0.4,0.0,0.0,0.0,55,1660.0,18.0,105.0,26.8,1.1,2.9,150,48,9760.0,0,0.284
2026-05-31T13:00,0.0,0.0,0.0,0.0,0.0,0.0,2,1910.0,7.0,65.0,26.4,0.81,2.4,112,58,6020.0,0,0.285
2026-05-31T14:00,0.1,0.1,0.0,0.0,0.0,0.0,51,2170.0,2.0,230.0,26.4,0.81,1.8,173,20,6840.0,0,0.286
2026-05-31T15:00,0.0,0.0,0.0,0.0,0.0,0.0,1,1770.0,5.0,265.0,26.1,1.35,2.7,178,27,8580.0,0,0.286
2026-05-31T16:00,0.0,0.0,0.0,0.0,0.0,0.0,1,980.0,18.0,275.0,25.7,1.59,3.4,193,32,9220.0,0,0.286
2026-05-31T17:00,0.0,0.0,0.0,0.0,0.0,0.0,1,480.0,8.0,265.0,25.3,1.41,3.1,186,42,11220.0,0,0.286
2026-05-31T18:00,0.6,0.3,0.3,0.0,0.0,0.0,53,510.0,9.0,220.0,25.4,1.65,2.9,177,27,11460.0,0,0.277
2026-05-31T19:00,0.0,0.0,0.0,0.0,0.0,0.0,1,550.0,4.0,185.0,25.0,1.63,3.2,169,46,10160.0,0,0.278
2026-05-31T20:00,0.0,0.0,0.0,0.0,0.0,0.0,1,590.0,4.0,190.0,24.9,1.5,3.3,159,41,9380.0,0,0.278
2026-05-31T21:00,0.0,0.0,0.0,0.0,0.0,0.0,1,580.0,3.0,180.0,24.7,1.14,2.9,157,45,8660.0,0,0.278
2026-05-31T22:00,0.1,0.1,0.0,0.0,0.0,0.0,51,560.0,2.0,190.0,24.7,1.39,2.7,154,12,9340.0,1,0.279
2026-05-31T23:00,0.5,0.4,0.1,0.0,0.0,0.0,53,430.0,1.0,235.0,25.2,1.04,3.2,145,80,3840.0,1,0.283
2026-06-01T00:00,0.5,0.4,0.1,0.0,0.0,0.0,53,200.0,114.0,350.0,26.9,1.61,3.3,173,29,16160.0,1,0.292
2026-06-01T01:00,0.0,0.0,0.0,0.0,0.0,0.0,1,490.0,10.0,595.0,28.3,1.71,5.1,187,21,8820.0,1,0.29
2026-06-01T02:00,0.1,0.1,0.0,0.0,0.0,0.0,51,850.0,0.0,875.0,29.7,1.41,5.2,197,29,8980.0,1,0.288
2026-06-01T03:00,0.0,0.0,0.0,0.0,0.0,0.0,2,1570.0,0.0,1150.0,31.0,0.94,5.0,212,72,18980.0,1,0.285
2026-06-01T04:00,0.0,0.0,0.0,0.0,0.0,0.0,3,1610.0,0.0,1205.0,31.4,0.59,4.6,290,100,6520.0,1,0.282
2026-06-01T05:00,0.2,0.1,0.1,0.0,0.0,0.0,51,1710.0,3.0,720.0,31.1,0.84,4.5,343,100,16200.0,1,0.281
2026-06-01T06:00,0.1,0.0,0.1,0.0,0.0,0.0,51,1880.0,0.0,1390.0,32.5,1.44,4.8,236,35,7620.0,1,0.29
2026-06-01T07:00,0.1,0.0,0.1,0.0,0.0,0.0,51,1880.0,0.0,1335.0,32.5,1.87,5.8,224,47,7840.0,1,0.287
2026-06-01T08:00,0.1,0.1,0.0,0.0,0.0,0.0,51,1970.0,0.0,1270.0,32.3,1.67,5.9,229,41,11880.0,1,0.285
2026-06-01T09:00,0.1,0.1,0.0,0.0,0.0,0.0,51,1640.0,17.0,555.0,30.9,2.26,5.4,208,61,4560.0,1,0.283
2026-06-01T10:00,0.2,0.2,0.0,0.0,0.0,0.0,51,2090.0,30.0,200.0,29.6,1.7,5.4,183,31,11300.0,1,0.284
2026-06-01T11:00,0.0,0.0,0.0,0.0,0.0,0.0,1,2310.0,39.0,40.0,28.4,0.79,3.3,162,24,12340.0,1,0.284
2026-06-01T12:00,0.0,0.0,0.0,0.0,0.0,0.0,0,2220.0,17.0,175.0,28.9,1.27,2.7,189,19,11160.0,0,0.298
2026-06-01T13:00,0.0,0.0,0.0,0.0,0.0,0.0,0,2020.0,29.0,205.0,28.1,1.46,2.9,188,16,13060.0,0,0.298
2026-06-01T14:00,0.0,0.0,0.0,0.0,0.0,0.0,0,1770.0,37.0,190.0,27.5,1.51,3.0,174,11,13480.0,0,0.298
2026-06-01T15:00,0.0,0.0,0.0,0.0,0.0,0.0,0,1560.0,44.0,225.0,27.0,1.7,3.4,177,9,12300.0,0,0.297
2026-06-01T16:00,0.0,0.0,0.0,0.0,0.0,0.0,0,1400.0,10.0,230.0,26.6,1.45,3.4,180,13,12480.0,0,0.297
2026-06-01T17:00,0.0,0.0,0.0,0.0,0.0,0.0,0,1470.0,10.0,195.0,26.4,1.51,3.1,172,19,12460.0,0,0.297
2026-06-01T18:00,0.0,0.0,0.0,0.0,0.0,0.0,1,1670.0,4.0,180.0,26.5,1.35,3.2,165,20,12560.0,0,0.297
2026-06-01T19:00,0.0,0.0,0.0,0.0,0.0,0.0,1,1420.0,3.0,140.0,25.9,1.14,2.8,165,30,9560.0,0,0.297
2026-06-01T20:00,0.3,0.2,0.1,0.0,0.0,0.0,51,1120.0,5.0,55.0,25.4,0.74,2.4,138,60,5080.0,0,0.299
2026-06-01T21:00,0.1,0.1,0.0,0.0,0.0,0.0,51,1230.0,18.0,90.0,25.4,1.38,2.8,136,19,6780.0,0,0.3
2026-06-01T22:00,0.0,0.0,0.0,0.0,0.0,0.0,1,1220.0,17.0,85.0,25.3,1.23,2.8,148,27,1240.0,1,0.3
2026-06-01T23:00,0.0,0.0,0.0,0.0,0.0,0.0,0,1650.0,3.0,240.0,26.5,1.31,3.5,162,9,10320.0,1,0.3
2026-06-02T00:00,0.0,0.0,0.0,0.0,0.0,0.0,1,1780.0,0.0,470.0,28.2,1.51,5.0,172,25,7940.0,1,0.357
2026-06-02T01:00,0.1,0.0,0.1,0.0,0.0,0.0,51,1780.0,1.0,685.0,29.5,1.2,4.5,197,24,7660.0,1,0.354
2026-06-02T02:00,0.2,0.1,0.1,0.0,0.0,0.0,51,2200.0,0.0,890.0,30.8,1.1,4.8,227,23,6980.0,1,0.351
2026-06-02T03:00,0.3,0.2,0.1,0.0,0.0,0.0,51,2260.0,0.0,1090.0,32.1,1.35,5.3,222,31,6780.0,1,0.348
2026-06-02T04:00,0.2,0.2,0.0,0.0,0.0,0.0,51,2060.0,1.0,1285.0,33.3,1.7,5.8,204,22,8480.0,1,0.344
2026-06-02T05:00,0.1,0.1,0.0,0.0,0.0,0.0,51,2140.0,0.0,1435.0,34.0,1.86,5.9,204,77,7200.0,1,0.339
2026-06-02T06:00,0.1,0.0,0.1,0.0,0.0,0.0,51,2000.0,0.0,1570.0,34.5,1.89,6.7,212,19,8780.0,1,0.335
2026-06-02T07:00,0.1,0.1,0.0,0.0,0.0,0.0,51,1780.0,0.0,1520.0,34.2,2.24,6.0,204,21,9140.0,1,0.331
2026-06-02T08:00,0.7,0.3,0.4,0.0,0.0,0.0,53,2100.0,10.0,895.0,32.4,3.68,7.8,223,41,9000.0,1,0.333
2026-06-02T09:00,0.0,0.0,0.0,0.0,0.0,0.0,1,2290.0,16.0,775.0,31.9,2.75,7.8,199,27,14840.0,1,0.331
2026-06-02T10:00,0.0,0.0,0.0,0.0,0.0,0.0,1,2360.0,11.0,780.0,31.3,2.49,6.0,195,30,12160.0,1,0.328
2026-06-02T11:00,0.0,0.0,0.0,0.0,0.0,0.0,1,2360.0,21.0,305.0,29.9,2.05,4.9,181,20,14800.0,1,0.327
2026-06-02T12:00,0.0,0.0,0.0,0.0,0.0,0.0,1,2220.0,32.0,275.0,28.9,2.81,4.5,184,37,16100.0,0,0.298
2026-06-02T13:00,0.0,0.0,0.0,0.0,0.0,0.0,1,2000.0,50.0,255.0,27.7,2.8,5.9,190,27,14200.0,0,0.297
2026-06-02T14:00,0.0,0.0,0.0,0.0,0.0,0.0,1,1780.0,53.0,280.0,27.2,2.37,5.3,187,31,12500.0,0,0.297
2026-06-02T15:00,0.0,0.0,0.0,0.0,0.0,0.0,0,1670.0,45.0,280.0,26.8,1.96,4.7,186,18,12660.0,0,0.297
2026-06-02T16:00,0.0,0.0,0.0,0.0,0.0,0.0,1,1730.0,36.0,285.0,26.5,1.95,4.0,179,49,10560.0,0,0.297
2026-06-02T17:00,0.0,0.0,0.0,0.0,0.0,0.0,2,1870.0,27.0,270.0,26.4,1.8,4.0,180,63,10560.0,0,0.297
2026-06-02T18:00,0.0,0.0,0.0,0.0,0.0,0.0,1,2620.0,14.0,330.0,27.3,1.81,3.7,175,49,10060.0,0,0.287
2026-06-02T19:00,0.0,0.0,0.0,0.0,0.0,0.0,0,2420.0,17.0,130.0,26.7,0.92,3.7,167,17,9440.0,0,0.287
2026-06-02T20:00,0.0,0.0,0.0,0.0,0.0,0.0,0,2390.0,13.0,55.0,26.3,0.76,2.0,169,13,9920.0,0,0.287
2026-06-02T21:00,0.0,0.0,0.0,0.0,0.0,0.0,1,2280.0,11.0,60.0,26.0,0.87,1.9,156,20,3040.0,0,0.287
2026-06-02T22:00,0.0,0.0,0.0,0.0,0.0,0.0,1,2090.0,13.0,80.0,26.0,1.41,2.6,153,36,1140.0,1,0.287
2026-06-02T23:00,0.0,0.0,0.0,0.0,0.0,0.0,0,2220.0,5.0,255.0,27.2,1.33,3.4,167,17,12700.0,1,0.287
2026-06-03T00:00,0.0,0.0,0.0,0.0,0.0,0.0,0,2760.0,0.0,555.0,28.7,1.32,4.6,171,16,7800.0,1,0.294
2026-06-03T01:00,0.2,0.1,0.1,0.0,0.0,0.0,51,2710.0,0.0,700.0,29.4,2.71,6.5,196,69,5940.0,1,0.294
2026-06-03T02:00,0.1,0.0,0.1,0.0,0.0,0.0,51,2540.0,0.0,910.0,30.6,2.47,6.9,198,86,13160.0,1,0.292
2026-06-03T03:00,0.0,0.0,0.0,0.0,0.0,0.0,3,2730.0,0.0,1065.0,31.7,2.55,7.0,191,95,6740.0,1,0.288
2026-06-03T04:00,0.2,0.1,0.1,0.0,0.0,0.0,95,2890.0,0.0,1275.0,32.2,3.01,7.6,191,99,14600.0,1,0.286
2026-06-03T05:00,0.0,0.0,0.0,0.0,0.0,0.0,3,2940.0,0.0,1390.0,33.1,3.62,8.7,186,98,9820.0,1,0.282
2026-06-03T06:00,0.1,0.0,0.1,0.0,0.0,0.0,95,2930.0,0.0,1285.0,33.2,2.73,8.8,194,95,19300.0,1,0.281
2026-06-03T07:00,0.2,0.1,0.1,0.0,0.0,0.0,51,2070.0,19.0,830.0,32.1,2.91,7.9,204,93,8360.0,1,0.279
2026-06-03T08:00,0.0,0.0,0.0,0.0,0.0,0.0,3,2360.0,17.0,765.0,32.2,2.52,7.0,187,96,9820.0,1,0.277
2026-06-03T09:00,0.0,0.0,0.0,0.0,0.0,0.0,3,2420.0,14.0,705.0,31.9,2.25,6.1,197,95,19320.0,1,0.274
2026-06-03T10:00,0.0,0.0,0.0,0.0,0.0,0.0,3,2760.0,17.0,610.0,31.4,2.21,5.2,186,91,19320.0,1,0.273
2026-06-03T11:00,0.0,0.0,0.0,0.0,0.0,0.0,3,3060.0,22.0,335.0,30.0,1.61,4.6,187,97,13560.0,1,0.272
2026-06-03T12:00,0.0,0.0,0.0,0.0,0.0,0.0,3,2300.0,64.0,240.0,28.9,2.05,4.5,180,98,16480.0,0,0.262
2026-06-03T13:00,0.0,0.0,0.0,0.0,0.0,0.0,3,2480.0,59.0,285.0,28.5,2.55,4.8,182,85,14620.0,0,0.262
2026-06-03T14:00,0.0,0.0,0.0,0.0,0.0,0.0,2,2310.0,57.0,295.0,28.2,2.56,5.1,186,72,14820.0,0,0.262
2026-06-03T15:00,0.0,0.0,0.0,0.0,0.0,0.0,2,2040.0,55.0,305.0,27.7,2.38,5.0,188,69,14920.0,0,0.262
2026-06-03T16:00,0.0,0.0,0.0,0.0,0.0,0.0,2,1820.0,48.0,405.0,27.3,2.72,5.4,187,65,13060.0,0,0.262
2026-06-03T17:00,0.0,0.0,0.0,0.0,0.0,0.0,2,1950.0,22.0,475.0,27.0,3.06,6.2,185,79,13060.0,0,0.262
2026-06-03T18:00,0.0,0.0,0.0,0.0,0.0,0.0,3,2300.0,14.0,460.0,27.3,2.87,6.2,186,89,13060.0,0,0.259
2026-06-03T19:00,0.0,0.0,0.0,0.0,0.0,0.0,2,2150.0,2.0,465.0,26.9,2.25,5.9,181,76,12980.0,0,0.26
2026-06-03T20:00,0.0,0.0,0.0,0.0,0.0,0.0,3,2050.0,2.0,365.0,26.5,1.9,4.6,180,98,8800.0,0,0.26
2026-06-03T21:00,0.0,0.0,0.0,0.0,0.0,0.0,3,1970.0,3.0,280.0,26.2,1.8,4.1,177,99,8460.0,0,0.26
2026-06-03T22:00,0.0,0.0,0.0,0.0,0.0,0.0,3,1880.0,2.0,275.0,26.1,2.1,3.9,168,98,8520.0,1,0.261
2026-06-03T23:00,0.0,0.0,0.0,0.0,0.0,0.0,3,1880.0,1.0,435.0,27.2,2.1,5.8,181,99,10900.0,1,0.261
2026-06-04T00:00,0.1,0.0,0.1,0.0,0.0,0.0,51,1920.0,0.0,500.0,28.3,1.52,5.9,171,98,12480.0,1,0.267
2026-06-04T01:00,0.1,0.0,0.1,0.0,0.0,0.0,51,1910.0,1.0,740.0,30.0,1.44,4.7,200,99,12380.0,1,0.266
2026-06-04T02:00,0.0,0.0,0.0,0.0,0.0,0.0,3,2030.0,0.0,1065.0,31.6,1.38,5.2,229,100,18780.0,1,0.263
2026-06-04T03:00,0.0,0.0,0.0,0.0,0.0,0.0,3,1610.0,3.0,1265.0,33.0,1.43,5.7,241,100,21440.0,1,0.259
2026-06-04T04:00,0.0,0.0,0.0,0.0,0.0,0.0,3,1930.0,0.0,1460.0,34.0,1.38,5.8,229,99,21440.0,1,0.254
2026-06-04T05:00,0.0,0.0,0.0,0.0,0.0,0.0,3,2090.0,0.0,1580.0,34.6,1.31,5.8,227,94,10300.0,1,0.25
2026-06-04T06:00,0.0,0.0,0.0,0.0,0.0,0.0,3,930.0,16.0,1600.0,35.0,1.15,5.5,270,100,16680.0,1,0.25
2026-06-04T07:00,0.0,0.0,0.0,0.0,0.0,0.0,3,860.0,24.0,1580.0,35.0,0.89,4.9,297,86,16660.0,1,0.246
2026-06-04T08:00,0.0,0.0,0.0,0.0,0.0,0.0,1,580.0,45.0,1640.0,35.0,1.24,3.7,310,42,24700.0,1,0.242
2026-06-04T09:00,0.0,0.0,0.0,0.0,0.0,0.0,1,810.0,31.0,1425.0,34.3,1.37,4.0,327,21,13160.0,1,0.24
2026-06-04T10:00,0.0,0.0,0.0,0.0,0.0,0.0,0,1430.0,17.0,90.0,33.4,0.56,3.2,333,13,21480.0,1,0.239
2026-06-04T11:00,0.0,0.0,0.0,0.0,0.0,0.0,1,1680.0,36.0,10.0,31.8,0.11,2.0,243,35,10640.0,1,0.239
2026-06-04T12:00,0.1,0.1,0.0,0.0,0.0,0.0,51,4400.0,21.0,270.0,30.2,2.28,2.4,244,91,10800.0,0,0.228
2026-06-04T13:00,0.0,0.0,0.0,0.0,0.0,0.0,2,3170.0,69.0,60.0,28.9,1.0,4.5,270,66,12180.0,0,0.228
2026-06-04T14:00,0.0,0.0,0.0,0.0,0.0,0.0,2,3730.0,49.0,35.0,28.3,0.55,1.9,185,62,9960.0,0,0.229
2026-06-04T15:00,0.2,0.2,0.0,0.0,0.0,0.0,51,3790.0,25.0,65.0,28.1,0.7,1.4,180,35,6780.0,0,0.231
2026-06-04T16:00,0.0,0.0,0.0,0.0,0.0,0.0,1,3460.0,29.0,130.0,28.1,0.92,2.5,167,37,10380.0,0,0.232
2026-06-04T17:00,0.1,0.1,0.0,0.0,0.0,0.0,51,3130.0,17.0,60.0,27.3,0.85,1.9,140,75,5620.0,0,0.233
2026-06-04T18:00,0.3,0.3,0.0,0.0,0.0,0.0,51,3200.0,15.0,90.0,28.0,0.67,2.2,153,93,4160.0,0,0.218
2026-06-04T19:00,0.2,0.2,0.0,0.0,0.0,0.0,51,2800.0,23.0,130.0,27.0,1.1,2.9,204,68,6960.0,0,0.22
2026-06-04T20:00,0.2,0.1,0.1,0.0,0.0,0.0,51,2230.0,26.0,35.0,26.6,0.16,2.2,18,66,5840.0,0,0.223
2026-06-04T21:00,0.0,0.0,0.0,0.0,0.0,0.0,1,2150.0,28.0,70.0,26.4,0.18,1.1,124,48,3320.0,0,0.224
2026-06-04T22:00,0.4,0.2,0.2,0.0,0.0,0.0,51,1580.0,4.0,170.0,25.4,1.77,4.0,22,80,4440.0,1,0.229
2026-06-04T23:00,0.0,0.0,0.0,0.0,0.0,0.0,2,1400.0,13.0,125.0,25.5,0.81,3.1,30,77,10520.0,1,0.23
2026-06-05T00:00,0.0,0.0,0.0,0.0,0.0,0.0,3,1480.0,16.0,235.0,26.6,0.67,3.4,297,97,6640.0,1,0.342
2026-06-05T01:00,0.0,0.0,0.0,0.0,0.0,0.0,3,1310.0,42.0,380.0,27.8,1.57,4.8,158,99,14680.0,1,0.34
2026-06-05T02:00,0.0,0.0,0.0,0.0,0.0,0.0,3,1500.0,37.0,550.0,28.9,0.67,4.6,243,99,17300.0,1,0.337
2026-06-05T03:00,0.0,0.0,0.0,0.0,0.0,0.0,3,1700.0,27.0,625.0,29.8,1.43,4.5,331,98,17120.0,1,0.333
2026-06-05T04:00,0.0,0.0,0.0,0.0,0.0,0.0,3,2060.0,16.0,720.0,31.1,0.74,4.7,318,98,19600.0,1,0.329
2026-06-05T05:00,0.0,0.0,0.0,0.0,0.0,0.0,3,2050.0,6.0,1150.0,32.6,0.81,6.0,292,100,19600.0,1,0.323
2026-06-05T06:00,0.0,0.0,0.0,0.0,0.0,0.0,3,810.0,21.0,1005.0,32.7,3.69,6.2,286,98,8040.0,1,0.315
2026-06-05T07:00,0.0,0.0,0.0,0.0,0.0,0.0,3,890.0,33.0,1045.0,33.3,1.81,8.0,276,93,21640.0,1,0.311
2026-06-05T08:00,0.0,0.0,0.0,0.0,0.0,0.0,3,800.0,34.0,1155.0,33.4,1.3,4.9,266,91,21640.0,1,0.306
2026-06-05T09:00,0.0,0.0,0.0,0.0,0.0,0.0,3,1070.0,25.0,990.0,33.1,1.31,4.3,252,81,21660.0,1,0.303
2026-06-05T10:00,0.0,0.0,0.0,0.0,0.0,0.0,3,1300.0,24.0,415.0,32.4,0.76,3.2,203,93,21660.0,1,0.301
2026-06-05T11:00,0.0,0.0,0.0,0.0,0.0,0.0,2,1440.0,24.0,70.0,31.0,0.95,1.8,177,52,19640.0,1,0.3
2026-06-05T12:00,0.0,0.0,0.0,0.0,0.0,0.0,1,2480.0,45.0,20.0,29.5,0.35,3.2,135,20,17560.0,0,0.288
2026-06-05T13:00,0.0,0.0,0.0,0.0,0.0,0.0,1,3020.0,45.0,55.0,28.5,0.81,1.7,173,40,13280.0,0,0.288
2026-06-05T14:00,0.0,0.0,0.0,0.0,0.0,0.0,0,3220.0,40.0,145.0,28.2,1.05,2.3,185,13,13280.0,0,0.288
2026-06-05T15:00,0.0,0.0,0.0,0.0,0.0,0.0,2,2480.0,59.0,165.0,27.9,1.3,2.9,180,75,15300.0,0,0.288
2026-06-05T16:00,0.0,0.0,0.0,0.0,0.0,0.0,3,2030.0,70.0,175.0,27.3,1.5,3.3,180,98,13280.0,0,0.287
2026-06-05T17:00,0.0,0.0,0.0,0.0,0.0,0.0,3,1710.0,61.0,255.0,27.1,1.97,4.2,171,97,12380.0,0,0.287
2026-06-05T18:00,0.0,0.0,0.0,0.0,0.0,0.0,3,2340.0,39.0,45.0,27.3,0.74,4.2,160,98,13060.0,0,0.277
2026-06-05T19:00,0.0,0.0,0.0,0.0,0.0,0.0,3,1680.0,26.0,280.0,27.0,1.57,3.4,158,88,11340.0,0,0.277
2026-06-05T20:00,0.0,0.0,0.0,0.0,0.0,0.0,3,1170.0,46.0,255.0,26.5,2.16,4.4,167,82,12920.0,0,0.277
2026-06-05T21:00,0.0,0.0,0.0,0.0,0.0,0.0,1,1130.0,24.0,390.0,26.2,1.99,4.6,162,37,9260.0,0,0.277
2026-06-05T22:00,0.0,0.0,0.0,0.0,0.0,0.0,3,1240.0,22.0,325.0,26.1,2.11,4.4,166,82,9940.0,1,0.277
2026-06-05T23:00,0.1,0.1,0.0,0.0,0.0,0.0,51,1240.0,1.0,550.0,26.9,2.91,6.2,184,77,4440.0,1,0.278
2026-06-06T00:00,0.1,0.1,0.0,0.0,0.0,0.0,51,1290.0,1.0,455.0,26.7,3.5,6.4,179,100,3020.0,1,0.284
2026-06-06T01:00,2.0,1.9,0.1,0.0,0.0,0.0,80,1330.0,11.0,245.0,26.5,1.06,8.0,172,100,2380.0,1,0.308
2026-06-06T02:00,1.4,1.1,0.3,0.0,0.0,0.0,80,1980.0,1.0,230.0,26.8,1.32,5.3,217,100,2420.0,1,0.324
2026-06-06T03:00,2.1,0.5,1.6,0.0,0.0,0.0,95,1990.0,0.0,285.0,26.9,0.76,5.8,262,100,2860.0,1,0.35
2026-06-06T04:00,1.3,0.6,0.7,0.0,0.0,0.0,95,2070.0,0.0,275.0,26.5,0.89,5.0,207,100,2680.0,1,0.363
2026-06-06T05:00,0.7,0.3,0.4,0.0,0.0,0.0,95,1980.0,2.0,325.0,26.7,1.17,5.6,223,100,5140.0,1,0.367
2026-06-06T06:00,0.1,0.1,0.0,0.0,0.0,0.0,51,840.0,9.0,365.0,25.6,1.6,5.6,160,100,2880.0,1,0.358
2026-06-06T07:00,0.6,0.6,0.0,0.0,0.0,0.0,53,790.0,15.0,325.0,25.9,2.03,4.8,170,100,4400.0,1,0.362
2026-06-06T08:00,0.3,0.3,0.0,0.0,0.0,0.0,51,910.0,30.0,365.0,26.5,2.22,5.3,166,100,5360.0,1,0.362
2026-06-06T09:00,0.3,0.3,0.0,0.0,0.0,0.0,51,1170.0,27.0,325.0,26.3,2.03,5.4,164,100,5520.0,1,0.361
2026-06-06T10:00,0.1,0.1,0.0,0.0,0.0,0.0,51,1690.0,17.0,320.0,26.6,2.07,4.7,165,100,9760.0,1,0.359
2026-06-06T11:00,0.0,0.0,0.0,0.0,0.0,0.0,3,1740.0,13.0,235.0,26.3,0.96,4.4,186,99,10200.0,1,0.356
2026-06-06T12:00,0.0,0.0,0.0,0.0,0.0,0.0,3,1400.0,2.0,305.0,25.9,2.13,2.3,171,100,5300.0,0,0.383
2026-06-06T13:00,0.1,0.1,0.0,0.0,0.0,0.0,51,960.0,43.0,230.0,25.4,1.63,4.2,162,100,6740.0,0,0.378
2026-06-06T14:00,0.0,0.0,0.0,0.0,0.0,0.0,3,890.0,40.0,225.0,25.3,1.04,3.3,163,100,7560.0,0,0.374
2026-06-06T15:00,0.0,0.0,0.0,0.0,0.0,0.0,3,860.0,7.0,250.0,25.2,1.86,3.4,185,100,7660.0,0,0.371
2026-06-06T16:00,0.0,0.0,0.0,0.0,0.0,0.0,3,670.0,8.0,320.0,25.1,2.14,4.5,196,100,5460.0,0,0.368
2026-06-06T17:00,0.1,0.1,0.0,0.0,0.0,0.0,51,600.0,19.0,220.0,25.0,1.15,4.2,180,95,4300.0,0,0.366
2026-06-06T18:00,0.2,0.2,0.0,0.0,0.0,0.0,51,1340.0,4.0,55.0,25.5,0.64,2.4,129,79,6200.0,0,0.358
2026-06-06T19:00,0.0,0.0,0.0,0.0,0.0,0.0,1,1350.0,8.0,35.0,24.9,0.5,1.4,127,41,7660.0,0,0.356
2026-06-06T20:00,0.0,0.0,0.0,0.0,0.0,0.0,3,1250.0,9.0,35.0,24.8,0.72,1.6,155,99,7700.0,0,0.354
2026-06-06T21:00,0.0,0.0,0.0,0.0,0.0,0.0,3,1200.0,4.0,55.0,24.9,0.75,1.9,184,94,3420.0,0,0.353
2026-06-06T22:00,0.0,0.0,0.0,0.0,0.0,0.0,3,1140.0,1.0,40.0,25.0,0.61,1.7,145,100,1820.0,1,0.351
2026-06-06T23:00,0.0,0.0,0.0,0.0,0.0,0.0,3,1210.0,0.0,85.0,25.5,1.12,3.1,159,99,3900.0,1,0.35
2026-06-07T00:00,0.1,0.1,0.0,0.0,0.0,0.0,51,960.0,12.0,325.0,27.4,0.69,4.9,150,95,14860.0,1,0.346
2026-06-07T01:00,0.0,0.0,0.0,0.0,0.0,0.0,1,820.0,2.0,690.0,29.0,1.32,4.4,191,45,8720.0,1,0.344
2026-06-07T02:00,0.2,0.1,0.1,0.0,0.0,0.0,51,800.0,4.0,805.0,30.1,1.65,5.1,215,91,5160.0,1,0.342
2026-06-07T03:00,0.3,0.2,0.1,0.0,0.0,0.0,51,1510.0,0.0,1090.0,31.2,1.53,5.7,232,94,17840.0,1,0.34
2026-06-07T04:00,0.0,0.0,0.0,0.0,0.0,0.0,3,1770.0,0.0,1440.0,32.6,1.22,6.0,215,100,19920.0,1,0.334
2026-06-07T05:00,0.0,0.0,0.0,0.0,0.0,0.0,3,1540.0,1.0,1070.0,31.9,0.6,5.4,185,100,15160.0,1,0.331
2026-06-07T06:00,0.0,0.0,0.0,0.0,0.0,0.0,3,1850.0,7.0,580.0,30.9,1.2,4.2,343,94,5640.0,1,0.319
2026-06-07T07:00,0.8,0.1,0.7,0.0,0.0,0.0,53,1090.0,8.0,530.0,29.5,3.27,7.1,203,98,2540.0,1,0.324
2026-06-07T08:00,1.3,1.0,0.3,0.0,0.0,0.0,80,1760.0,37.0,225.0,27.3,2.16,8.3,184,99,5140.0,1,0.336
2026-06-07T09:00,0.2,0.2,0.0,0.0,0.0,0.0,51,1840.0,12.0,380.0,27.8,2.56,5.7,176,99,7420.0,1,0.337
2026-06-07T10:00,0.0,0.0,0.0,0.0,0.0,0.0,3,1690.0,16.0,380.0,27.5,2.95,6.7,182,99,12140.0,1,0.336
2026-06-07T11:00,0.0,0.0,0.0,0.0,0.0,0.0,3,1610.0,12.0,335.0,26.6,2.62,6.3,173,99,11120.0,1,0.335
2026-06-07T12:00,0.0,0.0,0.0,0.0,0.0,0.0,3,2300.0,12.0,270.0,27.2,1.81,5.2,166,100,8680.0,0,0.34
2026-06-07T13:00,0.0,0.0,0.0,0.0,0.0,0.0,3,2200.0,15.0,140.0,26.7,0.89,3.6,153,98,10700.0,0,0.339
2026-06-07T14:00,0.0,0.0,0.0,0.0,0.0,0.0,3,2280.0,12.0,85.0,26.5,1.06,2.3,172,97,1720.0,0,0.338
2026-06-07T15:00,0.0,0.0,0.0,0.0,0.0,0.0,3,2320.0,9.0,55.0,26.4,0.71,2.6,188,99,780.0,0,0.337
2026-06-07T16:00,1.1,0.0,1.1,0.0,0.0,0.0,95,1890.0,2.0,235.0,26.1,1.74,3.3,192,94,740.0,0,0.35
2026-06-07T17:00,3.0,0.9,2.1,0.0,0.0,0.0,95,1070.0,2.0,155.0,25.6,0.69,4.0,210,88,3740.0,0,0.386
2026-06-07T18:00,0.7,0.3,0.4,0.0,0.0,0.0,95,2170.0,13.0,80.0,26.5,1.2,2.5,138,88,6180.0,0,0.383
2026-06-07T19:00,0.0,0.0,0.0,0.0,0.0,0.0,3,1740.0,19.0,90.0,25.8,1.12,2.5,148,100,940.0,0,0.379
2026-06-07T20:00,0.0,0.0,0.0,0.0,0.0,0.0,3,1520.0,3.0,75.0,25.8,0.89,2.4,142,100,600.0,0,0.375
2026-06-07T21:00,0.0,0.0,0.0,0.0,0.0,0.0,3,1420.0,5.0,135.0,25.6,1.48,2.8,147,91,540.0,0,0.372
2026-06-07T22:00,0.0,0.0,0.0,0.0,0.0,0.0,3,1340.0,21.0,110.0,25.5,1.23,3.0,148,99,480.0,1,0.369
2026-06-07T23:00,0.0,0.0,0.0,0.0,0.0,0.0,3,1510.0,19.0,195.0,26.1,0.9,2.8,161,99,1080.0,1,0.367
2026-06-08T00:00,0.0,0.0,0.0,0.0,0.0,0.0,3,1880.0,1.0,455.0,27.9,1.56,4.7,173,100,10240.0,1,0.358
2026-06-08T01:00,0.3,0.1,0.2,0.0,0.0,0.0,51,1950.0,0.0,515.0,28.6,1.74,6.4,198,100,4800.0,1,0.358
2026-06-08T02:00,0.4,0.2,0.2,0.0,0.0,0.0,95,2270.0,0.0,665.0,29.6,1.76,6.7,175,100,6540.0,1,0.357
2026-06-08T03:00,0.1,0.0,0.1,0.0,0.0,0.0,51,2630.0,0.0,1000.0,31.1,1.91,6.7,174,100,10600.0,1,0.354
2026-06-08T04:00,0.0,0.0,0.0,0.0,0.0,0.0,3,2450.0,0.0,1405.0,32.4,1.85,6.8,183,100,20100.0,1,0.348
2026-06-08T05:00,0.1,0.0,0.1,0.0,0.0,0.0,51,1430.0,1.0,930.0,31.5,2.96,7.1,192,100,3960.0,1,0.345
2026-06-08T06:00,5.3,0.6,4.7,0.0,0.0,0.0,96,1690.0,2.0,545.0,28.8,2.64,9.2,233,99,3720.0,1,0.394
2026-06-08T07:00,0.6,0.3,0.3,0.0,0.0,0.0,95,2350.0,0.0,665.0,29.3,1.39,6.4,195,100,6060.0,1,0.391
2026-06-08T08:00,0.2,0.1,0.1,0.0,0.0,0.0,51,2380.0,0.0,730.0,29.8,1.95,5.6,154,100,7720.0,1,0.385
2026-06-08T09:00,5.9,0.1,5.8,0.0,0.0,0.0,95,980.0,3.0,355.0,26.7,3.45,7.3,178,100,2540.0,1,0.427
2026-06-08T10:00,1.1,0.7,0.4,0.0,0.0,0.0,55,1240.0,3.0,315.0,26.4,2.23,7.7,171,100,2860.0,1,0.414
2026-06-08T11:00,1.2,1.2,0.0,0.0,0.0,0.0,55,1250.0,10.0,245.0,26.1,1.51,4.9,186,100,2900.0,1,0.415
2026-06-08T12:00,1.0,1.0,0.0,0.0,0.0,0.0,55,1850.0,10.0,215.0,27.0,1.12,3.1,170,100,4920.0,0,0.424
2026-06-08T13:00,0.4,0.4,0.0,0.0,0.0,0.0,51,1960.0,3.0,350.0,26.7,1.26,2.9,162,100,4420.0,0,0.41
2026-06-08T14:00,0.2,0.2,0.0,0.0,0.0,0.0,51,2030.0,2.0,35.0,26.5,0.54,2.8,124,100,6520.0,0,0.403
2026-06-08T15:00,3.7,0.4,3.3,0.0,0.0,0.0,95,710.0,3.0,65.0,25.8,0.95,2.9,177,100,2640.0,0,0.423
2026-06-08T16:00,0.7,0.5,0.2,0.0,0.0,0.0,53,650.0,7.0,160.0,25.3,1.43,3.1,144,100,3500.0,0,0.414
2026-06-08T17:00,0.3,0.2,0.1,0.0,0.0,0.0,51,660.0,3.0,255.0,25.3,1.3,3.5,148,100,5240.0,0,0.407
2026-06-08T18:00,0.4,0.4,0.0,0.0,0.0,0.0,51,760.0,1.0,90.0,25.3,0.81,3.0,133,100,1980.0,0,0.408
2026-06-08T19:00,1.0,0.5,0.5,0.0,0.0,0.0,55,650.0,3.0,40.0,25.3,0.47,2.3,58,100,4220.0,0,0.413
2026-06-08T20:00,0.5,0.1,0.4,0.0,0.0,0.0,53,440.0,0.0,75.0,25.2,0.76,2.7,101,100,4040.0,0,0.411
2026-06-08T21:00,1.3,0.1,1.2,0.0,0.0,0.0,80,460.0,2.0,35.0,25.0,0.56,3.2,10,100,2280.0,0,0.419
2026-06-08T22:00,2.8,0.7,2.1,0.0,0.0,0.0,81,130.0,0.0,250.0,24.1,2.41,4.8,347,100,2800.0,1,0.425
2026-06-08T23:00,1.0,0.5,0.5,0.0,0.0,0.0,55,80.0,0.0,420.0,23.3,3.63,7.1,353,100,2620.0,1,0.421
2026-06-09T00:00,0.9,0.8,0.1,0.0,0.0,0.0,53,110.0,0.0,480.0,23.1,3.41,7.4,356,100,4680.0,1,0.417
2026-06-09T01:00,0.5,0.2,0.3,0.0,0.0,0.0,53,30.0,0.0,650.0,23.6,2.82,7.3,343,100,4440.0,1,0.42
2026-06-09T02:00,0.3,0.3,0.0,0.0,0.0,0.0,51,10.0,31.0,675.0,23.5,2.92,7.3,7,100,5760.0,1,0.42
2026-06-09T03:00,0.3,0.3,0.0,0.0,0.0,0.0,51,10.0,36.0,770.0,23.9,3.51,8.1,4,100,6100.0,1,0.42
2026-06-09T04:00,0.1,0.1,0.0,0.0,0.0,0.0,51,0.0,25.0,800.0,24.5,3.91,9.1,4,100,16160.0,1,0.417
2026-06-09T05:00,0.0,0.0,0.0,0.0,0.0,0.0,3,0.0,26.0,800.0,24.7,3.88,8.9,12,100,18120.0,1,0.414
2026-06-09T06:00,0.0,0.0,0.0,0.0,0.0,0.0,3,0.0,26.0,870.0,25.5,3.42,8.7,15,98,20280.0,1,0.414
2026-06-09T07:00,0.0,0.0,0.0,0.0,0.0,0.0,3,0.0,27.0,840.0,25.4,3.8,8.4,25,99,20300.0,1,0.41
2026-06-09T08:00,0.0,0.0,0.0,0.0,0.0,0.0,3,0.0,27.0,815.0,25.3,4.11,8.9,26,99,20300.0,1,0.407
2026-06-09T09:00,0.0,0.0,0.0,0.0,0.0,0.0,3,0.0,5.0,825.0,25.2,4.0,9.2,20,100,10480.0,1,0.405
2026-06-09T10:00,0.0,0.0,0.0,0.0,0.0,0.0,3,0.0,5.0,720.0,24.3,3.47,8.6,23,100,18160.0,1,0.404
2026-06-09T11:00,0.0,0.0,0.0,0.0,0.0,0.0,3,0.0,18.0,675.0,23.8,2.98,7.3,25,99,18160.0,1,0.402
2026-06-09T12:00,0.0,0.0,0.0,0.0,0.0,0.0,3,0.0,16.0,470.0,23.1,3.06,6.2,28,100,18160.0,0,0.4
2026-06-09T13:00,0.0,0.0,0.0,0.0,0.0,0.0,3,0.0,7.0,540.0,22.6,2.8,6.4,35,100,18180.0,0,0.399
2026-06-09T14:00,0.0,0.0,0.0,0.0,0.0,0.0,3,0.0,11.0,595.0,22.5,2.78,6.2,30,100,18180.0,0,0.399
2026-06-09T15:00,0.0,0.0,0.0,0.0,0.0,0.0,3,0.0,24.0,610.0,22.4,2.28,5.9,19,98,18180.0,0,0.398
2026-06-09T16:00,0.0,0.0,0.0,0.0,0.0,0.0,3,0.0,25.0,555.0,22.2,2.2,4.9,360,100,18200.0,0,0.398
2026-06-09T17:00,0.0,0.0,0.0,0.0,0.0,0.0,3,20.0,11.0,530.0,22.1,2.21,4.9,355,100,17080.0,0,0.397
2026-06-09T18:00,0.0,0.0,0.0,0.0,0.0,0.0,3,0.0,18.0,540.0,23.1,2.24,4.8,10,100,18200.0,0,0.393
2026-06-09T19:00,0.0,0.0,0.0,0.0,0.0,0.0,3,0.0,39.0,550.0,22.8,2.4,4.9,17,94,18220.0,0,0.393
2026-06-09T20:00,0.0,0.0,0.0,0.0,0.0,0.0,2,0.0,44.0,490.0,22.2,1.93,5.0,21,74,17820.0,0,0.392
2026-06-09T21:00,0.0,0.0,0.0,0.0,0.0,0.0,3,0.0,49.0,515.0,22.1,1.71,4.1,21,92,18180.0,0,0.392
2026-06-09T22:00,0.0,0.0,0.0,0.0,0.0,0.0,3,0.0,53.0,525.0,22.1,1.76,3.7,20,100,18240.0,1,0.392
2026-06-09T23:00,0.0,0.0,0.0,0.0,0.0,0.0,3,0.0,58.0,545.0,22.6,2.23,4.9,16,100,18240.0,1,0.391
2026-06-10T00:00,0.0,0.0,0.0,0.0,0.0,0.0,3,0.0,62.0,550.0,23.0,2.06,5.1,23,100,18240.0,1,0.392
2026-06-10T01:00,0.0,0.0,0.0,0.0,0.0,0.0,3,0.0,66.0,560.0,23.4,2.17,5.2,26,100,18260.0,1,0.39
2026-06-10T02:00,0.0,0.0,0.0,0.0,0.0,0.0,3,0.0,70.0,595.0,24.3,2.17,5.6,23,100,18260.0,1,0.389
2026-06-10T03:00,0.0,0.0,0.0,0.0,0.0,0.0,3,0.0,74.0,630.0,24.9,2.06,5.6,18,100,18260.0,1,0.387
2026-06-10T04:00,0.0,0.0,0.0,0.0,0.0,0.0,3,0.0,77.0,765.0,25.9,1.71,5.4,21,100,20440.0,1,0.385
2026-06-10T05:00,0.0,0.0,0.0,0.0,0.0,0.0,3,0.0,79.0,950.0,27.0,0.96,4.8,43,99,20460.0,1,0.383
2026-06-10T06:00,0.0,0.0,0.0,0.0,0.0,0.0,3,10.0,81.0,1105.0,27.3,0.68,4.1,54,100,20460.0,1,0.38
2026-06-10T07:00,0.0,0.0,0.0,0.0,0.0,0.0,3,0.0,82.0,730.0,26.7,0.98,3.3,75,100,20460.0,1,0.378
2026-06-10T08:00,0.0,0.0,0.0,0.0,0.0,0.0,3,0.0,3.0,925.0,26.5,1.66,4.2,65,100,20480.0,1,0.377
2026-06-10T09:00,0.0,0.0,0.0,0.0,0.0,0.0,3,0.0,4.0,835.0,26.4,2.02,4.8,46,100,20480.0,1,0.376
2026-06-10T10:00,0.0,0.0,0.0,0.0,0.0,0.0,3,0.0,13.0,700.0,25.9,2.1,4.7,28,99,18320.0,1,0.375
2026-06-10T11:00,0.0,0.0,0.0,0.0,0.0,0.0,3,0.0,16.0,565.0,25.0,1.96,4.4,15,99,18320.0,1,0.375
2026-06-10T12:00,0.0,0.0,0.0,0.0,0.0,0.0,3,0.0,15.0,345.0,24.0,1.41,4.0,17,98,18320.0,0,0.379
2026-06-10T13:00,0.0,0.0,0.0,0.0,0.0,0.0,3,0.0,14.0,120.0,23.2,0.92,2.9,29,96,18320.0,0,0.379
2026-06-10T14:00,0.0,0.0,0.0,0.0,0.0,0.0,3,0.0,18.0,125.0,22.9,0.82,1.9,38,86,15860.0,0,0.379
2026-06-10T15:00,0.0,0.0,0.0,0.0,0.0,0.0,2,0.0,25.0,90.0,22.7,0.5,1.8,37,66,15600.0,0,0.379
2026-06-10T16:00,0.0,0.0,0.0,0.0,0.0,0.0,2,0.0,30.0,80.0,22.4,0.7,1.6,4,70,13900.0,0,0.379
2026-06-10T17:00,0.0,0.0,0.0,0.0,0.0,0.0,2,0.0,31.0,85.0,22.0,0.9,2.1,341,74,13900.0,0,0.379
2026-06-10T18:00,0.0,0.0,0.0,0.0,0.0,0.0,3,0.0,28.0,75.0,21.9,0.74,2.0,332,95,13900.0,0,0.379
2026-06-10T19:00,0.0,0.0,0.0,0.0,0.0,0.0,3,0.0,26.0,70.0,21.9,0.57,1.7,322,91,13920.0,0,0.379
2026-06-10T20:00,0.0,0.0,0.0,0.0,0.0,0.0,3,0.0,6.0,70.0,22.0,0.54,1.3,326,97,13820.0,0,0.379
2026-06-10T21:00,0.0,0.0,0.0,0.0,0.0,0.0,3,0.0,5.0,85.0,21.9,0.76,1.4,328,93,10220.0,0,0.379
2026-06-10T22:00,0.0,0.0,0.0,0.0,0.0,0.0,3,0.0,4.0,105.0,22.1,0.95,1.5,342,100,11560.0,1,0.379
2026-06-10T23:00,0.0,0.0,0.0,0.0,0.0,0.0,3,0.0,4.0,220.0,22.6,1.17,2.6,340,95,16020.0,1,0.378
2026-06-11T00:00,0.0,0.0,0.0,0.0,0.0,0.0,2,0.0,1.0,305.0,23.9,1.15,4.1,2,59,18400.0,1,0.377
2026-06-11T01:00,0.0,0.0,0.0,0.0,0.0,0.0,3,0.0,19.0,545.0,25.7,1.01,4.0,9,100,17780.0,1,0.375
2026-06-11T02:00,0.0,0.0,0.0,0.0,0.0,0.0,3,0.0,9.0,645.0,26.5,0.79,3.9,342,100,20600.0,1,0.374
2026-06-11T03:00,0.0,0.0,0.0,0.0,0.0,0.0,3,30.0,23.0,655.0,26.8,1.05,3.5,295,100,20620.0,1,0.372
2026-06-11T04:00,0.0,0.0,0.0,0.0,0.0,0.0,3,50.0,7.0,525.0,27.0,1.12,3.7,280,100,20620.0,1,0.37
2026-06-11T05:00,0.1,0.1,0.0,0.0,0.0,0.0,51,0.0,6.0,340.0,26.8,0.86,3.4,263,97,6140.0,1,0.369
2026-06-11T06:00,0.1,0.1,0.0,0.0,0.0,0.0,51,0.0,14.0,735.0,28.1,0.1,3.3,270,48,11880.0,1,0.369
2026-06-11T07:00,0.1,0.0,0.1,0.0,0.0,0.0,51,0.0,16.0,730.0,28.7,0.3,3.2,360,30,22760.0,1,0.366
2026-06-11T08:00,0.0,0.0,0.0,0.0,0.0,0.0,2,0.0,77.0,780.0,29.3,0.32,3.1,18,54,22760.0,1,0.364
2026-06-11T09:00,0.0,0.0,0.0,0.0,0.0,0.0,2,0.0,13.0,830.0,29.1,0.81,2.7,210,72,22780.0,1,0.362
2026-06-11T10:00,0.0,0.0,0.0,0.0,0.0,0.0,3,0.0,10.0,160.0,28.2,0.96,2.8,223,87,20660.0,1,0.361
2026-06-11T11:00,0.0,0.0,0.0,0.0,0.0,0.0,3,40.0,20.0,20.0,27.4,0.11,1.7,333,100,20680.0,1,0.361
2026-06-11T12:00,0.0,0.0,0.0,0.0,0.0,0.0,2,30.0,36.0,55.0,25.7,0.39,0.9,50,73,17400.0,0,0.363
2026-06-11T13:00,0.0,0.0,0.0,0.0,0.0,0.0,3,40.0,32.0,45.0,25.1,0.46,0.9,103,98,16100.0,0,0.363
2026-06-11T14:00,0.0,0.0,0.0,0.0,0.0,0.0,3,20.0,36.0,40.0,24.5,0.56,1.4,100,100,12380.0,0,0.363
2026-06-11T15:00,0.0,0.0,0.0,0.0,0.0,0.0,3,10.0,27.0,10.0,24.1,0.14,1.2,135,97,10660.0,0,0.364
2026-06-11T16:00,0.0,0.0,0.0,0.0,0.0,0.0,3,10.0,13.0,15.0,23.5,0.16,0.5,108,85,11380.0,0,0.364
2026-06-11T17:00,0.0,0.0,0.0,0.0,0.0,0.0,2,30.0,236.0,15.0,23.1,0.16,0.6,162,70,8160.0,0,0.364
2026-06-11T18:00,0.0,0.0,0.0,0.0,0.0,0.0,3,90.0,32.0,25.0,23.5,0.25,1.2,169,100,840.0,0,0.364
2026-06-11T19:00,1.4,0.1,1.3,0.0,0.0,0.0,80,70.0,22.0,65.0,23.4,1.11,2.3,188,98,1020.0,0,0.379
2026-06-11T20:00,0.2,0.1,0.1,0.0,0.0,0.0,51,70.0,17.0,70.0,23.3,0.86,2.4,170,92,6580.0,0,0.381
2026-06-11T21:00,0.0,0.0,0.0,0.0,0.0,0.0,3,60.0,17.0,60.0,23.2,0.68,1.8,163,98,7620.0,0,0.381
2026-06-11T22:00,0.0,0.0,0.0,0.0,0.0,0.0,3,80.0,13.0,55.0,23.3,0.84,1.8,163,99,7880.0,1,0.38
2026-06-11T23:00,0.0,0.0,0.0,0.0,0.0,0.0,3,190.0,4.0,155.0,24.1,1.14,2.9,165,100,11620.0,1,0.38
2026-06-12T00:00,0.9,0.0,0.9,0.0,0.0,0.0,53,210.0,1.0,445.0,26.1,1.1,3.0,210,84,6400.0,1,0.367
2026-06-12T01:00,0.1,0.0,0.1,0.0,0.0,0.0,51,300.0,0.0,595.0,27.0,0.64,3.6,231,99,7340.0,1,0.367
2026-06-12T02:00,0.1,0.1,0.0,0.0,0.0,0.0,51,170.0,3.0,685.0,27.9,0.65,3.5,238,95,9620.0,1,0.366
2026-06-12T03:00,0.1,0.1,0.0,0.0,0.0,0.0,51,120.0,5.0,785.0,28.8,1.17,4.4,230,98,8480.0,1,0.363
2026-06-12T04:00,0.3,0.2,0.1,0.0,0.0,0.0,51,90.0,4.0,950.0,29.8,1.74,5.4,229,98,7000.0,1,0.362
2026-06-12T05:00,0.6,0.5,0.1,0.0,0.0,0.0,53,440.0,3.0,1010.0,30.0,2.17,5.9,218,98,5080.0,1,0.364
2026-06-12T06:00,0.3,0.1,0.2,0.0,0.0,0.0,51,0.0,0.0,805.0,28.9,0.96,6.0,208,98,20820.0,1,0.381
2026-06-12T07:00,0.0,0.0,0.0,0.0,0.0,0.0,3,190.0,11.0,1040.0,30.2,0.39,3.8,220,99,22960.0,1,0.376
2026-06-12T08:00,0.0,0.0,0.0,0.0,0.0,0.0,3,210.0,7.0,1155.0,30.5,0.55,3.9,175,95,10400.0,1,0.373
2026-06-12T09:00,0.0,0.0,0.0,0.0,0.0,0.0,2,190.0,22.0,1070.0,30.4,1.61,3.8,164,77,22980.0,1,0.37
2026-06-12T10:00,0.0,0.0,0.0,0.0,0.0,0.0,1,400.0,18.0,510.0,29.5,2.5,5.2,180,39,20840.0,1,0.368
2026-06-12T11:00,0.0,0.0,0.0,0.0,0.0,0.0,1,430.0,40.0,260.0,27.8,2.02,5.0,173,20,18640.0,1,0.367
2026-06-12T12:00,0.0,0.0,0.0,0.0,0.0,0.0,3,680.0,35.0,315.0,26.9,1.95,4.5,181,84,15480.0,0,0.349
2026-06-12T13:00,0.0,0.0,0.0,0.0,0.0,0.0,3,590.0,44.0,265.0,26.1,2.29,4.8,191,84,14040.0,0,0.349
2026-06-12T14:00,0.0,0.0,0.0,0.0,0.0,0.0,3,330.0,51.0,270.0,25.4,2.13,4.5,189,94,13140.0,0,0.349
2026-06-12T15:00,0.0,0.0,0.0,0.0,0.0,0.0,2,190.0,67.0,260.0,25.0,1.95,4.3,181,74,13520.0,0,0.349
2026-06-12T16:00,0.0,0.0,0.0,0.0,0.0,0.0,3,160.0,78.0,295.0,24.7,2.25,4.5,192,81,13760.0,0,0.349
2026-06-12T17:00,0.0,0.0,0.0,0.0,0.0,0.0,3,80.0,116.0,290.0,24.5,2.05,4.6,183,81,13780.0,0,0.35
2026-06-12T18:00,0.0,0.0,0.0,0.0,0.0,0.0,3,220.0,41.0,270.0,24.8,1.8,4.2,180,81,12720.0,0,0.339
2026-06-12T19:00,0.0,0.0,0.0,0.0,0.0,0.0,3,160.0,63.0,260.0,24.5,1.95,4.3,183,98,14140.0,0,0.339
2026-06-12T20:00,0.0,0.0,0.0,0.0,0.0,0.0,3,110.0,78.0,205.0,24.2,1.32,4.0,171,95,11460.0,0,0.34
2026-06-12T21:00,0.0,0.0,0.0,0.0,0.0,0.0,3,80.0,97.0,180.0,23.9,1.24,3.0,166,98,11800.0,0,0.34
2026-06-12T22:00,0.0,0.0,0.0,0.0,0.0,0.0,3,60.0,103.0,120.0,24.0,1.12,2.9,159,84,11240.0,1,0.34
2026-06-12T23:00,0.0,0.0,0.0,0.0,0.0,0.0,3,130.0,43.0,330.0,25.2,1.52,3.8,163,98,12080.0,1,0.34
2026-06-13T00:00,0.0,0.0,0.0,0.0,0.0,0.0,3,260.0,4.0,710.0,26.5,2.2,6.0,168,97,11480.0,1,0.343
2026-06-13T01:00,0.1,0.1,0.0,0.0,0.0,0.0,51,420.0,7.0,740.0,27.3,3.86,8.7,184,76,10220.0,1,0.342
2026-06-13T02:00,0.2,0.1,0.1,0.0,0.0,0.0,51,1030.0,6.0,765.0,28.3,3.96,10.2,183,79,4560.0,1,0.341
2026-06-13T03:00,0.3,0.2,0.1,0.0,0.0,0.0,51,1600.0,0.0,1005.0,29.1,3.99,9.9,188,98,12780.0,1,0.342
2026-06-13T04:00,0.0,0.0,0.0,0.0,0.0,0.0,3,1380.0,1.0,880.0,29.2,4.41,10.8,190,90,6460.0,1,0.34
2026-06-13T05:00,0.5,0.3,0.2,0.0,0.0,0.0,53,1220.0,11.0,620.0,28.1,4.27,10.3,185,98,4400.0,1,0.342
2026-06-13T06:00,1.5,0.7,0.8,0.0,0.0,0.0,95,2200.0,0.0,1240.0,29.9,4.64,9.9,196,100,3540.0,1,0.39
2026-06-13T07:00,3.1,0.7,2.4,0.0,0.0,0.0,96,1430.0,12.0,455.0,26.9,3.0,11.7,178,90,4800.0,1,0.415
2026-06-13T08:00,1.3,1.0,0.3,0.0,0.0,0.0,80,1310.0,12.0,530.0,26.8,3.35,8.5,179,100,3300.0,1,0.416
2026-06-13T09:00,0.9,0.9,0.0,0.0,0.0,0.0,53,1470.0,0.0,340.0,25.6,3.0,7.4,165,100,2840.0,1,0.414
2026-06-13T10:00,0.5,0.5,0.0,0.0,0.0,0.0,53,1240.0,5.0,385.0,25.4,2.76,6.1,168,100,5040.0,1,0.41
2026-06-13T11:00,0.1,0.1,0.0,0.0,0.0,0.0,51,1430.0,2.0,330.0,25.4,2.0,5.4,167,100,5340.0,1,0.405
2026-06-13T12:00,0.1,0.1,0.0,0.0,0.0,0.0,51,1650.0,6.0,235.0,25.4,1.6,4.6,160,100,4340.0,0,0.396
2026-06-13T13:00,0.4,0.4,0.0,0.0,0.0,0.0,51,1550.0,11.0,240.0,25.3,1.83,3.8,169,100,3600.0,0,0.398
2026-06-13T14:00,0.3,0.3,0.0,0.0,0.0,0.0,51,1460.0,15.0,330.0,25.2,2.38,4.9,172,100,5300.0,0,0.399
2026-06-13T15:00,0.3,0.0,0.3,0.0,0.0,0.0,51,1230.0,18.0,325.0,25.1,2.61,5.3,175,99,5180.0,0,0.4
2026-06-13T16:00,0.4,0.2,0.2,0.0,0.0,0.0,51,1160.0,10.0,270.0,24.7,2.4,6.0,163,100,3800.0,0,0.402
2026-06-13T17:00,1.1,0.3,0.8,0.0,0.0,0.0,55,1160.0,4.0,240.0,24.6,1.89,4.9,148,98,4540.0,0,0.411
2026-06-13T18:00,4.2,0.1,4.1,0.0,0.0,0.0,96,1410.0,4.0,285.0,24.9,2.57,6.9,187,100,2220.0,0,0.419
2026-06-13T19:00,1.8,0.3,1.5,0.0,0.0,0.0,95,1310.0,0.0,385.0,24.6,2.85,7.0,179,100,3360.0,0,0.424
2026-06-13T20:00,0.6,0.6,0.0,0.0,0.0,0.0,53,1010.0,4.0,565.0,24.4,4.1,7.9,181,100,2140.0,0,0.422
2026-06-13T21:00,1.8,1.4,0.4,0.0,0.0,0.0,80,800.0,10.0,335.0,23.9,2.52,8.5,166,100,2220.0,0,0.429
2026-06-13T22:00,1.8,0.7,1.1,0.0,0.0,0.0,80,900.0,1.0,320.0,24.0,2.14,7.3,159,100,1680.0,1,0.429
2026-06-13T23:00,1.3,0.6,0.7,0.0,0.0,0.0,80,850.0,9.0,275.0,24.3,1.8,8.0,124,100,2100.0,1,0.427
2026-06-14T00:00,0.4,0.4,0.0,0.0,0.0,0.0,51,2410.0,1.0,285.0,26.5,2.2,6.4,179,99,5360.0,1,0.402
2026-06-14T01:00,1.3,0.4,0.9,0.0,0.0,0.0,95,1820.0,1.0,505.0,26.6,3.43,11.0,188,98,3720.0,1,0.412
2026-06-14T02:00,1.5,0.2,1.3,0.0,0.0,0.0,96,2510.0,0.0,500.0,27.0,2.88,10.6,172,100,4200.0,1,0.419
2026-06-14T03:00,0.4,0.2,0.2,0.0,0.0,0.0,95,2460.0,0.0,880.0,28.6,3.0,9.8,191,100,6340.0,1,0.414
2026-06-14T04:00,1.2,0.4,0.8,0.0,0.0,0.0,95,2190.0,2.0,710.0,28.6,3.96,10.6,196,100,1820.0,1,0.418
2026-06-14T05:00,8.7,0.6,8.1,0.0,0.0,0.0,96,1420.0,5.0,610.0,26.5,4.23,10.0,191,99,3020.0,1,0.426
2026-06-14T06:00,2.2,1.2,1.0,0.0,0.0,0.0,95,1260.0,13.0,505.0,26.6,4.09,10.4,192,100,2360.0,1,0.422
2026-06-14T07:00,1.8,1.4,0.4,0.0,0.0,0.0,80,1290.0,3.0,530.0,25.9,4.64,9.3,191,100,2020.0,1,0.43
2026-06-14T08:00,2.2,1.1,1.1,0.0,0.0,0.0,95,1260.0,2.0,440.0,25.9,3.4,10.8,179,100,2180.0,1,0.43
2026-06-14T09:00,3.6,1.7,1.9,0.0,0.0,0.0,95,1230.0,11.0,380.0,25.5,3.12,8.9,164,100,1620.0,1,0.43
2026-06-14T10:00,1.8,0.8,1.0,0.0,0.0,0.0,80,900.0,16.0,395.0,25.1,3.22,8.1,173,100,3720.0,1,0.428
2026-06-14T11:00,0.6,0.3,0.3,0.0,0.0,0.0,53,1080.0,4.0,465.0,25.0,3.2,8.1,181,100,3240.0,1,0.429
2026-06-14T12:00,0.6,0.6,0.0,0.0,0.0,0.0,53,2010.0,1.0,175.0,25.7,1.38,6.5,161,100,1620.0,0,0.422
2026-06-14T13:00,4.6,2.3,2.3,0.0,0.0,0.0,95,970.0,13.0,205.0,25.0,1.91,4.7,160,100,2420.0,0,0.43
2026-06-14T14:00,1.6,1.3,0.3,0.0,0.0,0.0,80,1280.0,3.0,125.0,25.1,0.95,3.7,198,99,2740.0,0,0.43
2026-06-14T15:00,0.6,0.6,0.0,0.0,0.0,0.0,53,1280.0,7.0,65.0,25.1,0.49,2.3,204,99,2360.0,0,0.429
2026-06-14T16:00,2.9,0.3,2.6,0.0,0.0,0.0,95,1060.0,4.0,60.0,24.7,0.74,2.9,110,100,2860.0,0,0.43
2026-06-14T17:00,0.8,0.6,0.2,0.0,0.0,0.0,53,860.0,2.0,60.0,24.5,0.79,3.2,162,100,1760.0,0,0.43
2026-06-14T18:00,0.8,0.4,0.4,0.0,0.0,0.0,53,1040.0,4.0,210.0,25.1,1.64,3.9,160,100,1440.0,0,0.43
2026-06-14T19:00,5.2,2.6,2.6,0.0,0.0,0.0,95,960.0,5.0,140.0,24.7,1.01,4.5,153,100,1400.0,0,0.43
2026-06-14T20:00,6.8,1.6,5.2,0.0,0.0,0.0,95,1220.0,0.0,50.0,24.2,0.72,4.0,124,100,1460.0,0,0.43
2026-06-14T21:00,9.8,1.7,8.1,0.0,0.0,0.0,95,1180.0,2.0,85.0,24.0,1.35,5.9,86,100,1240.0,0,0.43
2026-06-14T22:00,9.6,1.7,7.9,0.0,0.0,0.0,95,630.0,6.0,90.0,24.1,0.65,6.6,86,100,1940.0,1,0.43
2026-06-14T23:00,1.9,1.1,0.8,0.0,0.0,0.0,80,530.0,2.0,85.0,24.1,0.57,2.2,135,100,2720.0,1,0.43
2026-06-15T00:00,6.7,0.1,6.6,0.0,0.0,0.0,96,1290.0,0.0,155.0,25.2,0.57,2.8,128,100,2400.0,1,0.429
2026-06-15T01:00,0.5,0.5,0.0,0.0,0.0,0.0,53,1180.0,0.0,245.0,25.6,1.36,3.2,174,100,8900.0,1,0.427
2026-06-15T02:00,0.4,0.1,0.3,0.0,0.0,0.0,51,980.0,1.0,540.0,26.9,2.66,7.7,208,100,6540.0,1,0.427
2026-06-15T03:00,0.4,0.2,0.2,0.0,0.0,0.0,51,1620.0,0.0,555.0,27.7,2.17,7.9,218,100,3720.0,1,0.426
2026-06-15T04:00,0.8,0.3,0.5,0.0,0.0,0.0,95,2000.0,0.0,590.0,27.6,2.14,7.6,213,95,4700.0,1,0.427
2026-06-15T05:00,0.5,0.1,0.4,0.0,0.0,0.0,95,1820.0,0.0,755.0,29.5,0.89,7.6,218,100,4160.0,1,0.425
2026-06-15T06:00,14.2,0.2,14.0,0.0,0.0,0.0,96,1990.0,0.0,190.0,27.5,1.35,7.4,272,100,1880.0,1,0.432
2026-06-15T07:00,8.5,0.8,7.7,0.0,0.0,0.0,96,1270.0,4.0,230.0,26.6,1.44,5.1,236,99,2980.0,1,0.43
2026-06-15T08:00,1.2,0.4,0.8,0.0,0.0,0.0,95,1610.0,2.0,265.0,27.1,0.8,4.2,184,100,5500.0,1,0.429
2026-06-15T09:00,7.0,0.3,6.7,0.0,0.0,0.0,95,770.0,10.0,360.0,26.0,2.66,5.7,208,100,1540.0,1,0.43
2026-06-15T10:00,4.5,1.6,2.9,0.0,0.0,0.0,95,1120.0,3.0,205.0,25.6,1.46,5.3,174,99,2680.0,1,0.43
2026-06-15T11:00,1.6,0.8,0.8,0.0,0.0,0.0,80,1170.0,1.0,215.0,25.5,1.32,3.6,155,99,2100.0,1,0.43
2026-06-15T12:00,4.9,1.2,3.7,0.0,0.0,0.0,95,1030.0,1.0,100.0,25.4,1.29,4.6,126,100,3420.0,0,0.427
2026-06-15T13:00,0.7,0.6,0.1,0.0,0.0,0.0,53,400.0,6.0,145.0,25.0,0.97,2.6,168,100,4760.0,0,0.429
2026-06-15T14:00,0.2,0.2,0.0,0.0,0.0,0.0,51,460.0,5.0,105.0,24.8,0.92,2.0,158,100,5840.0,0,0.427
2026-06-15T15:00,0.0,0.0,0.0,0.0,0.0,0.0,3,720.0,4.0,95.0,25.0,1.01,2.2,160,100,8360.0,0,0.424
2026-06-15T16:00,0.4,0.0,0.4,0.0,0.0,0.0,51,840.0,3.0,100.0,24.8,0.92,2.2,151,100,2600.0,0,0.425
2026-06-15T17:00,0.4,0.1,0.3,0.0,0.0,0.0,51,760.0,2.0,160.0,24.9,1.2,3.2,185,100,1940.0,0,0.426
2026-06-15T18:00,0.5,0.0,0.5,0.0,0.0,0.0,53,470.0,0.0,100.0,24.5,1.21,4.1,128,100,1380.0,0,0.421
2026-06-15T19:00,1.4,0.5,0.9,0.0,0.0,0.0,80,460.0,1.0,75.0,24.3,1.04,4.0,163,100,2120.0,0,0.429
2026-06-15T20:00,1.4,0.3,1.1,0.0,0.0,0.0,80,200.0,0.0,145.0,24.2,1.57,4.2,158,100,1920.0,0,0.427
2026-06-15T21:00,3.4,1.0,2.4,0.0,0.0,0.0,95,420.0,0.0,115.0,24.0,1.28,4.5,149,100,2000.0,0,0.427
2026-06-15T22:00,1.4,0.5,0.9,0.0,0.0,0.0,80,140.0,0.0,115.0,24.0,1.15,4.3,124,100,2060.0,1,0.427
2026-06-15T23:00,1.0,0.2,0.8,0.0,0.0,0.0,55,340.0,1.0,110.0,24.1,0.87,4.0,149,100,2720.0,1,0.426
2026-06-16T00:00,1.8,0.4,1.4,0.0,0.0,0.0,80,690.0,0.0,70.0,25.2,0.65,4.3,113,100,3840.0,1,0.426
2026-06-16T01:00,1.0,0.4,0.6,0.0,0.0,0.0,55,790.0,0.0,235.0,25.6,0.76,2.8,148,100,2760.0,1,0.425
2026-06-16T02:00,2.8,0.6,2.2,0.0,0.0,0.0,95,950.0,0.0,305.0,25.5,1.16,3.4,173,100,1600.0,1,0.425
2026-06-16T03:00,7.9,3.6,4.3,0.0,0.0,0.0,95,920.0,0.0,190.0,25.7,1.05,3.2,239,100,1060.0,1,0.425
2026-06-16T04:00,13.2,5.3,7.9,0.0,0.0,0.0,95,700.0,2.0,15.0,25.3,0.43,3.3,249,100,980.0,1,0.425
2026-06-16T05:00,11.3,4.3,7.0,0.0,0.0,0.0,95,790.0,2.0,105.0,25.3,1.14,3.0,165,100,1380.0,1,0.424
2026-06-16T06:00,3.2,1.8,1.4,0.0,0.0,0.0,95,1090.0,0.0,75.0,26.1,0.6,3.9,156,100,2680.0,1,0.424
2026-06-16T07:00,1.1,0.8,0.3,0.0,0.0,0.0,55,770.0,1.0,190.0,26.1,1.3,3.5,164,100,3760.0,1,0.424
2026-06-16T08:00,0.6,0.3,0.3,0.0,0.0,0.0,53,1180.0,1.0,285.0,26.4,2.12,5.0,172,100,3920.0,1,0.424
2026-06-16T09:00,0.7,0.5,0.2,0.0,0.0,0.0,53,940.0,6.0,295.0,26.0,2.7,5.6,182,99,4700.0,1,0.424
2026-06-16T10:00,0.3,0.3,0.0,0.0,0.0,0.0,51,1130.0,3.0,335.0,25.7,2.8,5.8,180,100,5440.0,1,0.423
2026-06-16T11:00,0.1,0.1,0.0,0.0,0.0,0.0,51,890.0,4.0,320.0,25.1,2.45,5.7,176,100,6340.0,1,0.421
2026-06-16T12:00,0.0,0.0,0.0,0.0,0.0,0.0,3,1030.0,2.0,265.0,25.2,1.94,4.7,198,100,1780.0,0,0.422
2026-06-16T13:00,2.8,1.2,1.6,0.0,0.0,0.0,81,630.0,9.0,210.0,24.9,1.48,3.6,168,100,2760.0,0,0.423
2026-06-16T14:00,1.0,0.5,0.5,0.0,0.0,0.0,55,540.0,8.0,145.0,24.7,0.99,3.1,139,100,3480.0,0,0.423
2026-06-16T15:00,0.5,0.4,0.1,0.0,0.0,0.0,53,560.0,7.0,165.0,24.6,1.23,3.1,159,100,4820.0,0,0.423
2026-06-16T16:00,0.1,0.1,0.0,0.0,0.0,0.0,51,580.0,2.0,250.0,24.6,1.68,3.4,170,100,5720.0,0,0.421
2026-06-16T17:00,0.2,0.2,0.0,0.0,0.0,0.0,51,430.0,3.0,265.0,24.5,2.11,4.4,176,99,4240.0,0,0.421
2026-06-16T18:00,0.2,0.2,0.0,0.0,0.0,0.0,51,480.0,4.0,390.0,24.7,2.26,4.2,174,100,7500.0,0,0.42
2026-06-16T19:00,0.1,0.1,0.0,0.0,0.0,0.0,51,220.0,0.0,380.0,24.4,2.36,4.8,174,100,5620.0,0,0.419
2026-06-16T20:00,0.2,0.1,0.1,0.0,0.0,0.0,51,300.0,0.0,300.0,24.3,1.98,4.7,159,100,4480.0,0,0.42
2026-06-16T21:00,0.3,0.3,0.0,0.0,0.0,0.0,51,480.0,2.0,270.0,24.3,1.66,4.1,155,100,1400.0,0,0.421
2026-06-16T22:00,0.2,0.2,0.0,0.0,0.0,0.0,51,480.0,5.0,240.0,24.3,1.5,3.5,159,100,1820.0,1,0.42
2026-06-16T23:00,0.1,0.1,0.0,0.0,0.0,0.0,51,570.0,1.0,290.0,24.6,2.07,5.0,172,98,5920.0,1,0.42
2026-06-17T00:00,0.1,0.0,0.1,0.0,0.0,0.0,51,1220.0,0.0,410.0,26.2,1.8,6.6,180,97,5080.0,1,0.416
2026-06-17T01:00,2.8,0.0,2.8,0.0,0.0,0.0,95,620.0,2.0,420.0,25.3,3.79,8.2,188,87,2700.0,1,0.427
2026-06-17T02:00,0.6,0.6,0.0,0.0,0.0,0.0,53,860.0,1.0,495.0,26.0,3.45,8.1,179,90,5220.0,1,0.424
2026-06-17T03:00,0.2,0.1,0.1,0.0,0.0,0.0,51,1310.0,0.0,840.0,28.2,3.9,8.8,179,100,7860.0,1,0.42
2026-06-17T04:00,0.1,0.1,0.0,0.0,0.0,0.0,51,1270.0,0.0,1095.0,29.4,4.3,10.1,189,35,8400.0,1,0.417
2026-06-17T05:00,0.3,0.2,0.1,0.0,0.0,0.0,51,1610.0,0.0,1145.0,30.2,4.72,10.9,185,62,8480.0,1,0.414
2026-06-17T06:00,0.2,0.1,0.1,0.0,0.0,0.0,51,980.0,1.0,695.0,27.1,3.05,11.7,178,100,2760.0,1,0.413
2026-06-17T07:00,1.5,0.9,0.6,0.0,0.0,0.0,80,970.0,4.0,670.0,26.7,3.15,7.6,182,100,4400.0,1,0.425
2026-06-17T08:00,0.3,0.2,0.1,0.0,0.0,0.0,51,1490.0,3.0,960.0,27.6,2.96,6.9,185,99,5940.0,1,0.423
2026-06-17T09:00,0.1,0.0,0.1,0.0,0.0,0.0,51,600.0,5.0,960.0,28.1,4.01,8.6,184,100,19100.0,1,0.42
2026-06-17T10:00,0.0,0.0,0.0,0.0,0.0,0.0,3,10.0,2.0,905.0,27.0,3.83,8.7,187,100,5840.0,1,0.417
2026-06-17T11:00,0.6,0.5,0.1,0.0,0.0,0.0,53,240.0,1.0,575.0,25.2,3.37,8.0,186,99,5260.0,1,0.42
2026-06-17T12:00,0.3,0.2,0.1,0.0,0.0,0.0,51,560.0,4.0,460.0,25.0,2.02,7.7,160,100,9160.0,0,0.407
2026-06-17T13:00,0.0,0.0,0.0,0.0,0.0,0.0,3,560.0,4.0,240.0,24.7,1.64,4.3,160,100,6680.0,0,0.407
2026-06-17T14:00,0.1,0.1,0.0,0.0,0.0,0.0,51,490.0,5.0,210.0,24.6,1.7,3.5,156,97,6400.0,0,0.406
2026-06-17T15:00,0.0,0.0,0.0,0.0,0.0,0.0,2,390.0,6.0,190.0,24.3,1.53,3.5,169,73,7560.0,0,0.406
2026-06-17T16:00,0.0,0.0,0.0,0.0,0.0,0.0,2,310.0,10.0,215.0,24.1,1.93,4.1,170,68,6140.0,0,0.406
2026-06-17T17:00,0.1,0.1,0.0,0.0,0.0,0.0,51,240.0,8.0,175.0,24.0,1.38,4.0,161,69,5420.0,0,0.406
2026-06-17T18:00,0.0,0.0,0.0,0.0,0.0,0.0,3,700.0,10.0,110.0,24.2,1.41,3.3,172,92,7240.0,0,0.398
2026-06-17T19:00,0.0,0.0,0.0,0.0,0.0,0.0,3,810.0,6.0,95.0,23.8,1.07,3.2,169,88,7220.0,0,0.398
2026-06-17T20:00,0.1,0.1,0.0,0.0,0.0,0.0,51,700.0,5.0,140.0,24.0,1.12,2.8,153,82,4100.0,0,0.4
2026-06-17T21:00,3.8,0.3,3.5,0.0,0.0,0.0,95,710.0,0.0,220.0,23.6,1.7,5.9,133,100,1840.0,0,0.43
2026-06-17T22:00,3.0,0.2,2.8,0.0,0.0,0.0,95,850.0,0.0,100.0,23.3,0.96,5.6,118,100,2620.0,1,0.429
2026-06-17T23:00,4.4,0.4,4.0,0.0,0.0,0.0,81,220.0,10.0,280.0,24.0,1.37,4.3,156,100,1340.0,1,0.427
2026-06-18T00:00,6.1,2.4,3.7,0.0,0.0,0.0,96,1410.0,3.0,350.0,26.6,1.32,6.1,189,100,6160.0,1,0.43
2026-06-18T01:00,0.5,0.3,0.2,0.0,0.0,0.0,53,1150.0,1.0,655.0,26.3,3.4,8.1,179,100,5320.0,1,0.426
2026-06-18T02:00,1.5,0.3,1.2,0.0,0.0,0.0,80,870.0,2.0,695.0,25.7,4.2,9.3,183,100,2880.0,1,0.427
2026-06-18T03:00,2.0,0.4,1.6,0.0,0.0,0.0,95,780.0,1.0,650.0,25.6,4.25,9.6,180,100,3200.0,1,0.425
2026-06-18T04:00,2.5,0.7,1.8,0.0,0.0,0.0,95,640.0,0.0,585.0,25.7,3.72,10.1,175,100,1940.0,1,0.424
2026-06-18T05:00,3.2,2.5,0.7,0.0,0.0,0.0,81,800.0,3.0,595.0,25.3,3.62,7.5,186,100,2360.0,1,0.424
2026-06-18T06:00,1.2,1.2,0.0,0.0,0.0,0.0,55,1200.0,0.0,590.0,26.1,3.47,8.0,186,100,2180.0,1,0.423
2026-06-18T07:00,2.1,0.7,1.4,0.0,0.0,0.0,95,1110.0,0.0,755.0,25.7,2.8,9.9,169,100,2800.0,1,0.423
2026-06-18T08:00,1.8,1.1,0.7,0.0,0.0,0.0,95,1480.0,0.0,685.0,25.6,3.46,7.1,175,100,2760.0,1,0.423
2026-06-18T09:00,1.0,1.0,0.0,0.0,0.0,0.0,55,940.0,1.0,495.0,25.3,2.6,7.4,169,100,3040.0,1,0.423
2026-06-18T10:00,1.1,1.1,0.0,0.0,0.0,0.0,55,700.0,2.0,315.0,24.8,2.24,5.1,156,100,2760.0,1,0.422
2026-06-18T11:00,1.1,1.1,0.0,0.0,0.0,0.0,55,550.0,5.0,280.0,24.5,1.74,4.5,153,100,2660.0,1,0.422
2026-06-18T12:00,1.0,1.0,0.0,0.0,0.0,0.0,55,1480.0,3.0,280.0,25.4,1.66,3.7,164,100,2680.0,0,0.418
2026-06-18T13:00,1.2,1.2,0.0,0.0,0.0,0.0,55,930.0,19.0,460.0,24.8,3.13,6.4,167,100,2800.0,0,0.422
2026-06-18T14:00,0.8,0.8,0.0,0.0,0.0,0.0,53,780.0,18.0,365.0,24.2,2.8,6.3,182,100,3660.0,0,0.422
2026-06-18T15:00,0.3,0.3,0.0,0.0,0.0,0.0,51,820.0,6.0,540.0,23.9,3.32,6.6,186,100,3540.0,0,0.422
2026-06-18T16:00,0.9,0.9,0.0,0.0,0.0,0.0,53,820.0,15.0,400.0,23.7,3.15,6.9,182,100,2480.0,0,0.421
2026-06-18T17:00,1.7,1.0,0.7,0.0,0.0,0.0,80,1010.0,2.0,295.0,23.5,2.21,6.3,186,100,2680.0,0,0.421
2026-06-18T18:00,0.7,0.4,0.3,0.0,0.0,0.0,53,740.0,7.0,95.0,24.5,1.25,6.2,143,48,3500.0,0,0.415
2026-06-18T19:00,0.1,0.1,0.0,0.0,0.0,0.0,51,1210.0,0.0,110.0,24.0,1.25,3.0,175,100,4940.0,0,0.415
2026-06-18T20:00,0.4,0.4,0.0,0.0,0.0,0.0,51,730.0,8.0,305.0,24.3,2.07,5.0,172,98,4960.0,0,0.419
2026-06-18T21:00,0.4,0.4,0.0,0.0,0.0,0.0,51,850.0,7.0,425.0,23.7,2.75,5.7,164,100,3920.0,0,0.422
2026-06-18T22:00,0.4,0.4,0.0,0.0,0.0,0.0,51,870.0,2.0,225.0,23.6,1.86,5.6,175,100,6480.0,1,0.422
2026-06-18T23:00,0.0,0.0,0.0,0.0,0.0,0.0,3,650.0,14.0,265.0,23.9,1.95,4.5,177,98,5940.0,1,0.42
2026-06-19T00:00,0.7,0.7,0.0,0.0,0.0,0.0,53,810.0,23.0,515.0,25.4,3.95,7.2,189,98,4840.0,1,0.421
2026-06-19T01:00,0.8,0.2,0.6,0.0,0.0,0.0,53,930.0,22.0,530.0,25.5,2.99,10.1,190,100,4580.0,1,0.422
2026-06-19T02:00,0.5,0.5,0.0,0.0,0.0,0.0,53,930.0,19.0,465.0,25.3,3.0,7.4,179,100,5120.0,1,0.421
2026-06-19T03:00,0.3,0.2,0.1,0.0,0.0,0.0,51,1360.0,1.0,745.0,27.2,3.41,10.1,183,100,4720.0,1,0.42
2026-06-19T04:00,0.3,0.1,0.2,0.0,0.0,0.0,51,1720.0,0.0,685.0,26.9,3.23,10.0,188,100,5320.0,1,0.42
2026-06-19T05:00,0.4,0.3,0.1,0.0,0.0,0.0,51,1670.0,0.0,605.0,27.2,3.8,9.7,179,99,4180.0,1,0.42
2026-06-19T06:00,0.3,0.3,0.0,0.0,0.0,0.0,51,2200.0,4.0,815.0,28.7,3.25,8.5,182,98,13980.0,1,0.418
2026-06-19T07:00,2.7,0.0,2.7,0.0,0.0,0.0,96,1960.0,0.0,670.0,28.0,4.33,11.8,211,100,5120.0,1,0.423
2026-06-19T08:00,0.3,0.2,0.1,0.0,0.0,0.0,51,2400.0,3.0,675.0,28.0,2.58,10.1,202,83,6940.0,1,0.422
2026-06-19T09:00,0.6,0.1,0.5,0.0,0.0,0.0,95,2180.0,0.0,625.0,27.9,4.15,10.4,181,96,2060.0,1,0.422
2026-06-19T10:00,1.7,1.0,0.7,0.0,0.0,0.0,80,1490.0,29.0,295.0,26.0,2.82,10.3,186,84,5600.0,1,0.421
2026-06-19T11:00,0.1,0.1,0.0,0.0,0.0,0.0,51,1510.0,4.0,225.0,25.6,1.6,5.7,182,98,5980.0,1,0.42
2026-06-19T12:00,0.0,0.0,0.0,0.0,0.0,0.0,3,2270.0,11.0,505.0,26.2,2.21,3.7,176,98,8760.0,0,0.417
2026-06-19T13:00,0.0,0.0,0.0,0.0,0.0,0.0,3,1860.0,16.0,435.0,26.0,2.38,5.2,172,99,11600.0,0,0.416
2026-06-19T14:00,0.0,0.0,0.0,0.0,0.0,0.0,3,1740.0,6.0,440.0,25.8,2.35,5.1,181,100,11720.0,0,0.415
2026-06-19T15:00,0.0,0.0,0.0,0.0,0.0,0.0,3,1710.0,2.0,535.0,25.6,2.55,5.3,178,100,8640.0,0,0.414
2026-06-19T16:00,0.0,0.0,0.0,0.0,0.0,0.0,3,1550.0,8.0,540.0,25.5,2.85,6.0,177,100,11840.0,0,0.413
2026-06-19T17:00,0.0,0.0,0.0,0.0,0.0,0.0,3,1520.0,2.0,420.0,25.3,2.35,6.0,182,97,7680.0,0,0.413
2026-06-19T18:00,0.0,0.0,0.0,0.0,0.0,0.0,3,1590.0,6.0,330.0,25.4,1.71,4.9,175,89,6240.0,0,0.412
2026-06-19T19:00,0.0,0.0,0.0,0.0,0.0,0.0,3,1640.0,0.0,270.0,25.1,1.55,3.8,180,100,7020.0,0,0.412
2026-06-19T20:00,0.0,0.0,0.0,0.0,0.0,0.0,3,1650.0,0.0,265.0,25.1,1.67,3.7,171,96,7020.0,0,0.411
2026-06-19T21:00,0.0,0.0,0.0,0.0,0.0,0.0,3,1650.0,0.0,260.0,24.9,1.6,3.7,178,99,6840.0,0,0.411
2026-06-19T22:00,0.0,0.0,0.0,0.0,0.0,0.0,3,1660.0,0.0,275.0,25.2,2.01,4.1,176,100,6500.0,1,0.41
2026-06-19T23:00,0.1,0.0,0.1,0.0,0.0,0.0,51,1500.0,0.0,425.0,25.9,2.86,6.2,185,98,6620.0,1,0.411
2026-06-20T00:00,0.1,0.0,0.1,0.0,0.0,0.0,51,2230.0,2.0,540.0,27.9,1.5,7.6,176,62,7820.0,1,0.412
2026-06-20T01:00,0.5,0.2,0.3,0.0,0.0,0.0,95,2240.0,2.0,710.0,29.1,2.83,6.7,197,98,3760.0,1,0.413
2026-06-20T02:00,1.1,0.2,0.9,0.0,0.0,0.0,95,1750.0,3.0,710.0,28.7,3.89,9.8,196,100,7860.0,1,0.42
2026-06-20T03:00,0.1,0.1,0.0,0.0,0.0,0.0,51,2820.0,0.0,995.0,30.6,3.3,9.5,179,98,15240.0,1,0.416
2026-06-20T04:00,0.0,0.0,0.0,0.0,0.0,0.0,3,3010.0,0.0,1420.0,32.0,4.06,11.1,190,98,21440.0,1,0.41
2026-06-20T05:00,0.0,0.0,0.0,0.0,0.0,0.0,3,2920.0,0.0,1135.0,31.6,4.37,11.3,191,97,6220.0,1,0.406
2026-06-20T06:00,0.7,0.3,0.4,0.0,0.0,0.0,95,3010.0,0.0,1190.0,32.1,4.41,10.2,206,92,3740.0,1,0.414
2026-06-20T07:00,0.6,0.1,0.5,0.0,0.0,0.0,96,3150.0,0.0,1475.0,32.2,3.56,10.3,200,78,16860.0,1,0.414
2026-06-20T08:00,0.5,0.1,0.4,0.0,0.0,0.0,95,2950.0,4.0,615.0,30.2,3.8,10.5,182,82,4900.0,1,0.414
2026-06-20T09:00,0.5,0.1,0.4,0.0,0.0,0.0,95,2820.0,1.0,860.0,30.2,2.32,9.8,166,78,9680.0,1,0.415
2026-06-20T10:00,0.1,0.1,0.0,0.0,0.0,0.0,51,2890.0,6.0,590.0,29.9,2.12,6.9,161,64,12740.0,1,0.412
2026-06-20T11:00,0.0,0.0,0.0,0.0,0.0,0.0,3,3020.0,15.0,415.0,28.8,1.75,4.5,167,99,13220.0,1,0.411
2026-06-20T12:00,0.0,0.0,0.0,0.0,0.0,0.0,3,3360.0,10.0,110.0,27.3,1.0,4.2,183,95,11860.0,0,0.417
2026-06-20T13:00,0.0,0.0,0.0,0.0,0.0,0.0,3,2680.0,15.0,255.0,26.8,1.35,2.9,178,95,11980.0,0,0.416
2026-06-20T14:00,0.0,0.0,0.0,0.0,0.0,0.0,2,1900.0,30.0,185.0,26.2,1.4,3.0,178,59,12100.0,0,0.415
2026-06-20T15:00,0.0,0.0,0.0,0.0,0.0,0.0,1,1660.0,20.0,145.0,25.6,1.5,3.2,178,26,12140.0,0,0.414
2026-06-20T16:00,0.0,0.0,0.0,0.0,0.0,0.0,1,2100.0,3.0,155.0,25.3,1.65,3.5,182,28,10120.0,0,0.413
2026-06-20T17:00,0.0,0.0,0.0,0.0,0.0,0.0,2,2220.0,1.0,145.0,25.2,1.35,3.5,180,73,7880.0,0,0.412
2026-06-20T18:00,0.0,0.0,0.0,0.0,0.0,0.0,3,2330.0,0.0,135.0,25.6,1.38,3.3,167,90,5560.0,0,0.411
2026-06-20T19:00,0.1,0.0,0.1,0.0,0.0,0.0,51,2330.0,0.0,190.0,25.4,1.37,3.1,170,98,1640.0,0,0.411
2026-06-20T20:00,0.1,0.1,0.0,0.0,0.0,0.0,51,2240.0,0.0,285.0,25.6,1.78,3.7,169,98,6900.0,0,0.411
2026-06-20T21:00,0.0,0.0,0.0,0.0,0.0,0.0,3,2110.0,0.0,300.0,25.6,1.74,3.6,168,97,2560.0,0,0.411
2026-06-20T22:00,0.0,0.0,0.0,0.0,0.0,0.0,3,2070.0,0.0,290.0,25.6,1.51,3.6,172,91,2480.0,1,0.41
2026-06-20T23:00,0.0,0.0,0.0,0.0,0.0,0.0,1,2140.0,0.0,335.0,26.2,1.95,4.3,181,38,7620.0,1,0.41
2026-06-21T00:00,0.0,0.0,0.0,0.0,0.0,0.0,2,2420.0,0.0,530.0,27.9,2.69,6.2,190,75,10700.0,1,0.402
2026-06-21T01:00,0.0,0.0,0.0,0.0,0.0,0.0,3,2350.0,0.0,840.0,29.4,2.97,7.0,193,91,17860.0,1,0.4
2026-06-21T02:00,0.0,0.0,0.0,0.0,0.0,0.0,3,2130.0,0.0,1030.0,30.7,2.91,7.2,199,99,16120.0,1,0.398
2026-06-21T03:00,0.0,0.0,0.0,0.0,0.0,0.0,3,1900.0,0.0,1105.0,31.7,3.2,7.7,200,98,7740.0,1,0.395
2026-06-21T04:00,0.1,0.1,0.0,0.0,0.0,0.0,51,1810.0,3.0,1215.0,32.5,3.21,8.5,201,99,9720.0,1,0.392
2026-06-21T05:00,0.1,0.1,0.0,0.0,0.0,0.0,51,1950.0,2.0,1350.0,33.3,3.32,8.6,196,97,9860.0,1,0.389
2026-06-21T06:00,0.0,0.0,0.0,0.0,0.0,0.0,3,1430.0,6.0,1635.0,33.6,3.44,9.4,193,98,19020.0,1,0.387
2026-06-21T07:00,0.0,0.0,0.0,0.0,0.0,0.0,3,1560.0,9.0,1595.0,33.4,3.75,8.5,193,82,23620.0,1,0.384
2026-06-21T08:00,0.0,0.0,0.0,0.0,0.0,0.0,1,1510.0,10.0,1615.0,33.3,3.48,8.4,196,39,23620.0,1,0.381
2026-06-21T09:00,0.0,0.0,0.0,0.0,0.0,0.0,0,1480.0,11.0,1340.0,32.6,3.32,7.8,196,18,23620.0,1,0.379
2026-06-21T10:00,0.0,0.0,0.0,0.0,0.0,0.0,0,1630.0,21.0,690.0,31.7,2.6,6.8,179,8,21420.0,1,0.379
2026-06-21T11:00,0.0,0.0,0.0,0.0,0.0,0.0,1,1610.0,59.0,120.0,29.7,1.6,5.2,178,45,21420.0,1,0.379
2026-06-21T12:00,0.0,0.0,0.0,0.0,0.0,0.0,0,2020.0,42.0,200.0,29.2,1.92,3.9,173,5,19140.0,0,0.365
2026-06-21T13:00,0.0,0.0,0.0,0.0,0.0,0.0,1,2270.0,52.0,245.0,28.3,2.45,5.1,181,21,18700.0,0,0.367
2026-06-21T14:00,0.0,0.0,0.0,0.0,0.0,0.0,0,2240.0,26.0,275.0,27.6,2.32,4.7,194,8,16440.0,0,0.369
2026-06-21T15:00,0.0,0.0,0.0,0.0,0.0,0.0,0,2480.0,19.0,295.0,27.1,2.38,5.0,188,5,14540.0,0,0.371
2026-06-21T16:00,0.0,0.0,0.0,0.0,0.0,0.0,0,2540.0,18.0,295.0,26.6,2.2,4.7,180,2,12140.0,0,0.372
2026-06-21T17:00,0.0,0.0,0.0,0.0,0.0,0.0,0,2520.0,19.0,320.0,26.3,2.2,4.5,180,5,12140.0,0,0.374
2026-06-21T18:00,0.0,0.0,0.0,0.0,0.0,0.0,0,2730.0,4.0,325.0,26.5,2.1,4.8,181,16,12080.0,0,0.361
2026-06-21T19:00,0.0,0.0,0.0,0.0,0.0,0.0,1,2640.0,1.0,315.0,26.3,1.76,4.3,185,44,2220.0,0,0.363
2026-06-21T20:00,0.0,0.0,0.0,0.0,0.0,0.0,3,2680.0,0.0,325.0,26.3,1.8,3.8,180,86,880.0,0,0.365
2026-06-21T21:00,0.0,0.0,0.0,0.0,0.0,0.0,3,2620.0,0.0,350.0,26.3,2.03,4.2,164,84,680.0,0,0.366
2026-06-21T22:00,0.0,0.0,0.0,0.0,0.0,0.0,3,2600.0,0.0,355.0,26.3,1.84,4.2,167,97,740.0,1,0.368
2026-06-21T23:00,0.0,0.0,0.0,0.0,0.0,0.0,1,2450.0,0.0,470.0,27.1,2.06,4.6,186,22,9760.0,1,0.369
2026-06-22T00:00,0.0,0.0,0.0,0.0,0.0,0.0,0,2600.0,0.0,715.0,28.9,2.25,5.5,197,13,14120.0,1,0.368
2026-06-22T01:00,0.0,0.0,0.0,0.0,0.0,0.0,0,2370.0,0.0,955.0,30.2,2.6,6.5,203,11,15360.0,1,0.366
2026-06-22T02:00,0.0,0.0,0.0,0.0,0.0,0.0,0,2280.0,0.0,1075.0,31.5,2.8,7.0,209,8,15620.0,1,0.364
2026-06-22T03:00,0.0,0.0,0.0,0.0,0.0,0.0,0,2080.0,5.0,1175.0,32.5,2.77,7.0,208,9,11000.0,1,0.361
2026-06-22T04:00,0.1,0.1,0.0,0.0,0.0,0.0,51,2010.0,4.0,1320.0,33.3,3.11,7.6,225,16,9120.0,1,0.357
2026-06-22T05:00,0.1,0.1,0.0,0.0,0.0,0.0,51,1980.0,6.0,1415.0,34.0,2.94,8.4,222,6,11300.0,1,0.354
2026-06-22T06:00,0.0,0.0,0.0,0.0,0.0,0.0,0,1790.0,0.0,1625.0,34.4,2.31,8.4,231,8,21080.0,1,0.349
2026-06-22T07:00,0.0,0.0,0.0,0.0,0.0,0.0,0,1960.0,0.0,1605.0,34.5,2.26,6.9,211,6,23620.0,1,0.345
2026-06-22T08:00,0.0,0.0,0.0,0.0,0.0,0.0,0,1840.0,11.0,1545.0,34.3,2.8,6.4,209,19,23620.0,1,0.343
2026-06-22T09:00,0.0,0.0,0.0,0.0,0.0,0.0,0,1530.0,33.0,1510.0,33.8,3.0,6.4,206,13,23600.0,1,0.341
2026-06-22T10:00,0.0,0.0,0.0,0.0,0.0,0.0,0,2270.0,18.0,745.0,32.4,2.61,6.2,184,5,21400.0,1,0.34
2026-06-22T11:00,0.0,0.0,0.0,0.0,0.0,0.0,0,2350.0,41.0,180.0,30.6,1.86,5.3,175,5,21400.0,1,0.341
2026-06-22T12:00,0.0,0.0,0.0,0.0,0.0,0.0,0,1840.0,83.0,170.0,29.9,1.88,3.6,163,3,21400.0,0,0.33
2026-06-22T13:00,0.0,0.0,0.0,0.0,0.0,0.0,0,1470.0,64.0,205.0,29.1,2.2,4.3,177,3,19120.0,0,0.332
2026-06-22T14:00,0.0,0.0,0.0,0.0,0.0,0.0,0,1840.0,45.0,300.0,28.6,2.38,4.6,190,2,19120.0,0,0.333
2026-06-22T15:00,0.0,0.0,0.0,0.0,0.0,0.0,0,2290.0,16.0,360.0,28.0,2.93,5.8,194,2,16640.0,0,0.335
2026-06-22T16:00,0.0,0.0,0.0,0.0,0.0,0.0,0,2450.0,20.0,340.0,27.4,2.72,5.9,193,2,14520.0,0,0.336
2026-06-22T17:00,0.0,0.0,0.0,0.0,0.0,0.0,0,2470.0,14.0,295.0,26.9,2.02,5.5,187,2,12120.0,0,0.337
2026-06-22T18:00,0.0,0.0,0.0,0.0,0.0,0.0,0,2850.0,5.0,210.0,27.1,1.58,4.1,162,14,12020.0,0,0.329
2026-06-22T19:00,0.0,0.0,0.0,0.0,0.0,0.0,0,2900.0,2.0,215.0,26.7,1.51,3.3,174,16,9560.0,0,0.331
2026-06-22T20:00,0.0,0.0,0.0,0.0,0.0,0.0,0,2850.0,1.0,220.0,26.6,1.5,3.3,176,9,6760.0,0,0.333
2026-06-22T21:00,0.0,0.0,0.0,0.0,0.0,0.0,0,2680.0,3.0,225.0,26.4,1.45,3.6,178,5,7500.0,0,0.334
2026-06-22T22:00,0.0,0.0,0.0,0.0,0.0,0.0,0,2580.0,2.0,175.0,26.4,1.26,3.2,162,3,8360.0,1,0.336
2026-06-22T23:00,0.0,0.0,0.0,0.0,0.0,0.0,0,2740.0,0.0,375.0,27.6,1.7,4.0,180,16,7600.0,1,0.337
2026-06-23T00:00,0.2,0.0,0.2,0.0,0.0,0.0,51,2890.0,0.0,565.0,28.9,2.09,5.3,191,10,10100.0,1,0.338
2026-06-23T01:00,0.1,0.0,0.1,0.0,0.0,0.0,51,2670.0,0.0,840.0,30.4,2.55,6.4,200,12,10760.0,1,0.337
2026-06-23T02:00,0.1,0.0,0.1,0.0,0.0,0.0,51,2510.0,0.0,985.0,31.5,2.82,6.9,217,31,7520.0,1,0.336
2026-06-23T03:00,0.3,0.2,0.1,0.0,0.0,0.0,51,2510.0,2.0,1020.0,32.1,2.93,7.1,224,29,6120.0,1,0.336
2026-06-23T04:00,0.2,0.1,0.1,0.0,0.0,0.0,51,2390.0,4.0,1240.0,33.4,3.01,7.2,222,23,6900.0,1,0.335
2026-06-23T05:00,0.2,0.2,0.0,0.0,0.0,0.0,51,2230.0,2.0,1435.0,34.1,3.15,8.5,222,32,6980.0,1,0.333
2026-06-23T06:00,0.3,0.1,0.2,0.0,0.0,0.0,51,1340.0,6.0,1535.0,34.5,3.36,9.8,228,53,9220.0,1,0.331
2026-06-23T07:00,0.1,0.1,0.0,0.0,0.0,0.0,51,1010.0,15.0,1485.0,34.5,3.36,8.8,222,13,13940.0,1,0.327
2026-06-23T08:00,0.1,0.1,0.0,0.0,0.0,0.0,51,1100.0,14.0,1470.0,34.0,3.38,7.8,205,18,7540.0,1,0.325
2026-06-23T09:00,0.1,0.1,0.0,0.0,0.0,0.0,51,1250.0,15.0,1245.0,33.2,3.24,7.4,197,25,11520.0,1,0.324
2026-06-23T10:00,0.0,0.0,0.0,0.0,0.0,0.0,1,2090.0,15.0,820.0,31.8,3.8,7.6,178,33,20380.0,1,0.323
2026-06-23T11:00,0.0,0.0,0.0,0.0,0.0,0.0,1,2620.0,43.0,370.0,29.9,3.01,7.9,176,44,17920.0,1,0.323
2026-06-23T12:00,0.0,0.0,0.0,0.0,0.0,0.0,2,1780.0,31.0,295.0,29.2,2.24,5.9,190,52,19100.0,0,0.31
2026-06-23T13:00,0.0,0.0,0.0,0.0,0.0,0.0,1,1900.0,78.0,315.0,28.7,2.61,5.2,192,34,18540.0,0,0.311
2026-06-23T14:00,0.0,0.0,0.0,0.0,0.0,0.0,1,2140.0,56.0,285.0,28.0,2.01,5.1,194,23,16500.0,0,0.313
2026-06-23T15:00,0.0,0.0,0.0,0.0,0.0,0.0,1,2540.0,33.0,235.0,27.5,1.46,4.0,188,48,14520.0,0,0.314
2026-06-23T16:00,0.0,0.0,0.0,0.0,0.0,0.0,2,2700.0,17.0,150.0,27.0,1.15,3.0,178,67,12120.0,0,0.315
2026-06-23T17:00,0.0,0.0,0.0,0.0,0.0,0.0,2,2670.0,15.0,130.0,26.8,1.14,2.6,165,61,12120.0,0,0.317
2026-06-23T18:00,0.0,0.0,0.0,0.0,0.0,0.0,1,3340.0,7.0,95.0,27.2,1.14,2.6,157,37,8500.0,0,0.301
2026-06-23T19:00,0.0,0.0,0.0,0.0,0.0,0.0,1,3230.0,6.0,50.0,26.7,0.78,2.4,135,47,5400.0,0,0.302
2026-06-23T20:00,0.0,0.0,0.0,0.0,0.0,0.0,3,3190.0,4.0,50.0,26.4,0.85,1.9,140,85,840.0,0,0.304
2026-06-23T21:00,0.0,0.0,0.0,0.0,0.0,0.0,3,3140.0,3.0,60.0,26.3,1.05,2.2,155,97,420.0,0,0.306
2026-06-23T22:00,0.0,0.0,0.0,0.0,0.0,0.0,3,3100.0,1.0,80.0,26.4,1.27,2.6,154,99,400.0,1,0.307
2026-06-23T23:00,0.0,0.0,0.0,0.0,0.0,0.0,3,3260.0,0.0,205.0,27.4,1.47,3.7,162,84,2140.0,1,0.309
2026-06-24T00:00,0.1,0.0,0.1,0.0,0.0,0.0,51,3370.0,0.0,555.0,29.4,1.75,5.3,183,84,15600.0,1,0.315
2026-06-24T01:00,0.1,0.0,0.1,0.0,0.0,0.0,51,3110.0,0.0,805.0,30.5,1.46,6.1,196,80,10660.0,1,0.315
2026-06-24T02:00,0.0,0.0,0.0,0.0,0.0,0.0,3,2710.0,0.0,1055.0,31.9,1.75,7.4,204,85,21380.0,1,0.313
2026-06-24T03:00,0.1,0.1,0.0,0.0,0.0,0.0,51,2570.0,0.0,1205.0,32.8,1.84,7.5,209,81,7000.0,1,0.31
2026-06-24T04:00,0.2,0.1,0.1,0.0,0.0,0.0,51,2260.0,0.0,1335.0,33.4,2.23,7.5,220,41,8440.0,1,0.309
2026-06-24T05:00,0.2,0.1,0.1,0.0,0.0,0.0,51,2610.0,0.0,1460.0,33.9,2.48,7.3,222,51,7300.0,1,0.306
2026-06-24T06:00,0.1,0.0,0.1,0.0,0.0,0.0,51,1420.0,3.0,1495.0,34.5,2.37,7.8,224,15,15860.0,1,0.309
2026-06-24T07:00,0.0,0.0,0.0,0.0,0.0,0.0,0,1360.0,6.0,1630.0,34.9,1.95,6.6,209,15,27120.0,1,0.305
2026-06-24T08:00,0.0,0.0,0.0,0.0,0.0,0.0,1,1510.0,0.0,1680.0,34.9,2.37,5.9,205,35,13780.0,1,0.302
2026-06-24T09:00,0.1,0.0,0.1,0.0,0.0,0.0,51,1280.0,1.0,1570.0,34.1,2.23,5.6,214,43,9600.0,1,0.301
2026-06-24T10:00,0.1,0.1,0.0,0.0,0.0,0.0,51,1760.0,22.0,80.0,32.8,1.29,5.1,193,54,16020.0,1,0.301
2026-06-24T11:00,0.0,0.0,0.0,0.0,0.0,0.0,2,2720.0,29.0,110.0,30.9,1.23,2.5,201,57,19080.0,1,0.302
2026-06-24T12:00,0.0,0.0,0.0,0.0,0.0,0.0,1,3200.0,42.0,250.0,30.2,2.08,2.7,210,38,19080.0,0,0.297
2026-06-24T13:00,0.0,0.0,0.0,0.0,0.0,0.0,2,2780.0,55.0,140.0,29.5,1.53,4.1,199,75,19080.0,0,0.298
2026-06-24T14:00,0.0,0.0,0.0,0.0,0.0,0.0,2,2460.0,59.0,90.0,28.8,1.39,3.0,195,69,19080.0,0,0.298
2026-06-24T15:00,0.0,0.0,0.0,0.0,0.0,0.0,3,2360.0,55.0,55.0,28.4,1.02,2.9,169,95,16600.0,0,0.299
2026-06-24T16:00,0.0,0.0,0.0,0.0,0.0,0.0,3,2420.0,49.0,40.0,27.9,0.74,2.2,152,99,14500.0,0,0.299
2026-06-24T17:00,0.0,0.0,0.0,0.0,0.0,0.0,3,2500.0,42.0,40.0,27.5,0.81,1.8,158,98,12100.0,0,0.3
2026-06-24T18:00,0.0,0.0,0.0,0.0,0.0,0.0,3,2390.0,55.0,35.0,27.4,0.92,2.0,139,93,840.0,0,0.29
2026-06-24T19:00,0.0,0.0,0.0,0.0,0.0,0.0,3,2770.0,38.0,40.0,27.2,0.81,1.9,169,99,520.0,0,0.291
2026-06-24T20:00,0.0,0.0,0.0,0.0,0.0,0.0,3,3030.0,22.0,20.0,26.9,0.27,1.8,112,98,560.0,0,0.292
2026-06-24T21:00,0.0,0.0,0.0,0.0,0.0,0.0,3,2470.0,22.0,60.0,26.6,1.33,2.7,124,91,960.0,0,0.292
2026-06-24T22:00,0.0,0.0,0.0,0.0,0.0,0.0,3,2280.0,24.0,55.0,26.6,1.24,2.8,130,95,1560.0,1,0.292
2026-06-24T23:00,0.0,0.0,0.0,0.0,0.0,0.0,3,2560.0,4.0,110.0,27.3,0.9,2.7,34,96,6340.0,1,0.293
2026-06-25T00:00,0.1,0.1,0.0,0.0,0.0,0.0,51,1310.0,5.0,165.0,26.5,0.8,5.3,356,96,3480.0,1,0.399
2026-06-25T01:00,0.5,0.5,0.0,0.0,0.0,0.0,53,1600.0,11.0,345.0,27.4,0.85,3.4,310,100,5840.0,1,0.399
2026-06-25T02:00,0.1,0.1,0.0,0.0,0.0,0.0,51,1790.0,8.0,420.0,28.1,0.27,3.4,338,100,8960.0,1,0.395
2026-06-25T03:00,0.2,0.1,0.1,0.0,0.0,0.0,51,2160.0,0.0,555.0,28.9,0.51,5.3,209,100,5080.0,1,0.392
2026-06-25T04:00,0.4,0.2,0.2,0.0,0.0,0.0,95,2630.0,0.0,645.0,29.5,0.51,6.0,191,100,5860.0,1,0.391
2026-06-25T05:00,0.4,0.2,0.2,0.0,0.0,0.0,95,2630.0,1.0,530.0,29.8,0.49,6.0,246,100,7060.0,1,0.39
2026-06-25T06:00,0.3,0.1,0.2,0.0,0.0,0.0,95,2270.0,1.0,770.0,30.9,0.63,5.8,252,95,9020.0,1,0.383
2026-06-25T07:00,0.1,0.1,0.0,0.0,0.0,0.0,51,2040.0,2.0,945.0,31.9,0.85,3.6,310,63,9200.0,1,0.378
2026-06-25T08:00,0.1,0.1,0.0,0.0,0.0,0.0,51,2000.0,1.0,1055.0,32.4,0.97,3.9,348,98,15380.0,1,0.374
2026-06-25T09:00,0.0,0.0,0.0,0.0,0.0,0.0,3,1670.0,9.0,195.0,31.7,0.89,4.3,27,96,21360.0,1,0.371
2026-06-25T10:00,0.0,0.0,0.0,0.0,0.0,0.0,3,2180.0,11.0,195.0,30.9,1.14,2.5,38,99,19060.0,1,0.37
2026-06-25T11:00,0.0,0.0,0.0,0.0,0.0,0.0,3,2730.0,15.0,20.0,29.8,0.14,2.9,45,98,7780.0,1,0.368
2026-06-25T12:00,0.5,0.2,0.3,0.0,0.0,0.0,95,3030.0,12.0,395.0,29.0,2.04,3.0,253,100,2520.0,0,0.41
2026-06-25T13:00,2.0,1.0,1.0,0.0,0.0,0.0,95,2420.0,11.0,350.0,27.4,2.16,4.5,277,100,2540.0,0,0.426
2026-06-25T14:00,3.2,0.8,2.4,0.0,0.0,0.0,96,1480.0,13.0,340.0,26.7,1.24,4.1,284,100,2940.0,0,0.425
2026-06-25T15:00,2.7,0.5,2.2,0.0,0.0,0.0,95,1260.0,9.0,15.0,26.6,0.22,2.6,63,100,2760.0,0,0.427
2026-06-25T16:00,0.9,0.9,0.0,0.0,0.0,0.0,53,1530.0,8.0,120.0,26.1,1.12,2.2,111,99,3160.0,0,0.424
2026-06-25T17:00,0.2,0.2,0.0,0.0,0.0,0.0,51,1500.0,0.0,120.0,26.0,0.88,2.3,137,100,2740.0,0,0.418
2026-06-25T18:00,0.0,0.0,0.0,0.0,0.0,0.0,3,1370.0,3.0,55.0,26.7,0.34,1.9,27,100,2980.0,0,0.404
2026-06-25T19:00,1.6,1.6,0.0,0.0,0.0,0.0,80,1060.0,12.0,35.0,26.4,0.21,0.7,166,100,2240.0,0,0.423
2026-06-25T20:00,1.1,1.1,0.0,0.0,0.0,0.0,55,1000.0,32.0,50.0,26.4,0.3,1.0,261,100,4940.0,0,0.425
2026-06-25T21:00,0.1,0.1,0.0,0.0,0.0,0.0,51,1150.0,24.0,60.0,26.2,0.34,0.8,117,100,4580.0,0,0.419
2026-06-25T22:00,0.0,0.0,0.0,0.0,0.0,0.0,3,1310.0,4.0,85.0,26.1,0.4,1.3,150,95,3880.0,1,0.416
2026-06-25T23:00,0.1,0.0,0.1,0.0,0.0,0.0,51,1100.0,4.0,35.0,26.2,0.32,3.2,108,98,3160.0,1,0.415
2026-06-26T00:00,0.9,0.8,0.1,0.0,0.0,0.0,53,1950.0,0.0,55.0,27.1,0.51,2.2,11,46,4580.0,1,0.392
2026-06-26T01:00,0.4,0.3,0.1,0.0,0.0,0.0,51,1280.0,3.0,480.0,28.7,1.16,4.1,7,45,9000.0,1,0.393
2026-06-26T02:00,0.0,0.0,0.0,0.0,0.0,0.0,3,1800.0,0.0,870.0,30.2,0.6,6.5,5,86,19060.0,1,0.389
2026-06-26T03:00,0.0,0.0,0.0,0.0,0.0,0.0,3,1660.0,0.0,1110.0,31.3,0.55,5.9,275,100,21340.0,1,0.386
2026-06-26T04:00,0.0,0.0,0.0,0.0,0.0,0.0,3,1180.0,8.0,250.0,29.3,0.71,4.4,188,100,7400.0,1,0.385
2026-06-26T05:00,0.2,0.1,0.1,0.0,0.0,0.0,51,1630.0,4.0,395.0,29.3,1.7,5.3,178,99,12900.0,1,0.384
2026-06-26T06:00,0.1,0.0,0.1,0.0,0.0,0.0,51,1690.0,1.0,525.0,29.5,1.9,5.8,240,100,3100.0,1,0.381
2026-06-26T07:00,1.3,0.3,1.0,0.0,0.0,0.0,95,1870.0,5.0,130.0,27.9,0.68,5.5,197,98,4260.0,1,0.394
2026-06-26T08:00,0.6,0.2,0.4,0.0,0.0,0.0,95,2170.0,1.0,415.0,28.5,1.41,4.5,174,82,5860.0,1,0.397
2026-06-26T09:00,0.2,0.1,0.1,0.0,0.0,0.0,51,2280.0,0.0,530.0,29.1,0.68,4.7,197,86,7540.0,1,0.396
2026-06-26T10:00,2.3,0.1,2.2,0.0,0.0,0.0,95,1270.0,3.0,40.0,26.7,0.6,3.4,336,100,1700.0,1,0.421
2026-06-26T11:00,5.5,1.2,4.3,0.0,0.0,0.0,95,1230.0,13.0,180.0,26.5,0.9,2.9,177,91,2120.0,1,0.43
2026-06-26T12:00,2.6,0.9,1.7,0.0,0.0,0.0,95,1380.0,8.0,120.0,26.7,1.41,2.7,293,100,2500.0,0,0.423
2026-06-26T13:00,1.8,0.7,1.1,0.0,0.0,0.0,95,1660.0,3.0,65.0,26.4,0.61,2.7,189,97,3300.0,0,0.43
2026-06-26T14:00,0.7,0.5,0.2,0.0,0.0,0.0,53,1790.0,1.0,65.0,26.2,0.7,1.7,90,98,4640.0,0,0.428
2026-06-26T15:00,0.3,0.2,0.1,0.0,0.0,0.0,51,1120.0,7.0,60.0,25.7,0.75,2.5,127,98,1940.0,0,0.427
2026-06-26T16:00,0.0,0.0,0.0,0.0,0.0,0.0,3,1250.0,5.0,65.0,25.6,0.78,1.7,117,95,1720.0,0,0.424
2026-06-26T17:00,0.0,0.0,0.0,0.0,0.0,0.0,3,1220.0,18.0,45.0,25.5,0.34,2.0,117,100,1260.0,0,0.422
2026-06-26T18:00,0.0,0.0,0.0,0.0,0.0,0.0,3,1690.0,0.0,70.0,26.0,0.58,1.0,59,100,1560.0,0,0.413
2026-06-26T19:00,0.0,0.0,0.0,0.0,0.0,0.0,3,1600.0,0.0,50.0,25.7,0.35,1.3,135,100,1260.0,0,0.413
2026-06-26T20:00,0.0,0.0,0.0,0.0,0.0,0.0,3,1470.0,2.0,70.0,25.5,0.7,1.6,180,98,640.0,0,0.413
2026-06-26T21:00,0.3,0.3,0.0,0.0,0.0,0.0,51,1320.0,2.0,100.0,25.4,1.11,2.0,198,98,920.0,0,0.416
2026-06-26T22:00,0.3,0.3,0.0,0.0,0.0,0.0,51,1310.0,0.0,155.0,25.4,1.25,2.3,178,80,1480.0,1,0.419
2026-06-26T23:00,0.8,0.2,0.6,0.0,0.0,0.0,53,1350.0,0.0,185.0,25.7,1.15,3.7,185,80,3340.0,1,0.425
2026-06-27T00:00,0.3,0.1,0.2,0.0,0.0,0.0,51,1940.0,0.0,290.0,27.0,0.41,4.2,194,57,4480.0,1,0.43
2026-06-27T01:00,0.4,0.2,0.2,0.0,0.0,0.0,51,1930.0,1.0,330.0,28.1,0.35,4.5,45,50,6780.0,1,0.424
2026-06-27T02:00,0.1,0.0,0.1,0.0,0.0,0.0,51,1850.0,2.0,630.0,29.8,0.46,3.5,193,50,7620.0,1,0.42
2026-06-27T03:00,0.1,0.0,0.1,0.0,0.0,0.0,51,2330.0,0.0,1100.0,31.2,1.12,5.5,201,48,10500.0,1,0.417
2026-06-27T04:00,0.1,0.0,0.1,0.0,0.0,0.0,51,2240.0,0.0,1530.0,32.6,1.61,6.6,206,100,15940.0,1,0.412
2026-06-27T05:00,2.7,0.0,2.7,0.0,0.0,0.0,96,1150.0,0.0,495.0,27.7,4.8,10.1,178,95,1940.0,1,0.43
2026-06-27T06:00,2.1,1.0,1.1,0.0,0.0,0.0,95,1390.0,15.0,385.0,28.3,3.02,10.4,214,100,2600.0,1,0.43
2026-06-27T07:00,0.6,0.6,0.0,0.0,0.0,0.0,53,2290.0,7.0,445.0,28.4,1.99,5.8,198,99,15200.0,1,0.427
2026-06-27T08:00,0.0,0.0,0.0,0.0,0.0,0.0,3,2370.0,5.0,560.0,29.5,0.81,4.9,202,100,19040.0,1,0.423
2026-06-27T09:00,0.0,0.0,0.0,0.0,0.0,0.0,3,2290.0,5.0,160.0,29.1,0.29,3.1,149,95,7400.0,1,0.421
2026-06-27T10:00,0.1,0.1,0.0,0.0,0.0,0.0,51,2410.0,9.0,110.0,28.7,0.64,2.2,39,98,12920.0,1,0.419
2026-06-27T11:00,0.0,0.0,0.0,0.0,0.0,0.0,3,2550.0,12.0,85.0,28.1,0.65,2.1,4,86,8220.0,1,0.418
2026-06-27T12:00,0.1,0.1,0.0,0.0,0.0,0.0,51,3070.0,5.0,100.0,27.3,1.25,1.3,74,95,3120.0,0,0.416
2026-06-27T13:00,0.5,0.5,0.0,0.0,0.0,0.0,53,3120.0,2.0,75.0,27.0,0.84,2.5,17,96,4220.0,0,0.421
2026-06-27T14:00,0.2,0.1,0.1,0.0,0.0,0.0,51,2870.0,1.0,65.0,26.6,0.93,1.8,36,87,4120.0,0,0.42
2026-06-27T15:00,0.9,0.6,0.3,0.0,0.0,0.0,95,2110.0,1.0,40.0,26.0,0.74,1.8,290,99,2240.0,0,0.428
2026-06-27T16:00,0.8,0.8,0.0,0.0,0.0,0.0,53,1560.0,4.0,65.0,25.7,0.85,2.7,201,95,3520.0,0,0.426
2026-06-27T17:00,1.4,0.2,1.2,0.0,0.0,0.0,80,950.0,0.0,155.0,25.3,1.3,2.8,184,100,2880.0,0,0.43
2026-06-27T18:00,1.1,0.2,0.9,0.0,0.0,0.0,55,1010.0,3.0,125.0,25.6,0.7,3.1,184,97,2920.0,0,0.43
2026-06-27T19:00,0.6,0.6,0.0,0.0,0.0,0.0,53,900.0,3.0,55.0,25.3,0.61,1.7,81,99,4320.0,0,0.428
2026-06-27T20:00,0.3,0.2,0.1,0.0,0.0,0.0,51,1070.0,0.0,50.0,25.2,0.66,2.2,99,100,3400.0,0,0.427
2026-06-27T21:00,3.3,0.0,3.3,0.0,0.0,0.0,95,810.0,2.0,15.0,24.7,0.14,2.7,45,100,580.0,0,0.428
2026-06-27T22:00,1.8,0.7,1.1,0.0,0.0,0.0,80,790.0,0.0,55.0,24.6,0.65,2.6,32,100,3480.0,1,0.427
2026-06-27T23:00,0.4,0.2,0.2,0.0,0.0,0.0,51,870.0,0.0,30.0,24.9,0.5,3.0,180,100,3800.0,1,0.427
2026-06-28T00:00,0.3,0.2,0.1,0.0,0.0,0.0,51,1800.0,1.0,265.0,27.1,1.13,4.2,103,95,8780.0,1,0.42
2026-06-28T01:00,0.2,0.0,0.2,0.0,0.0,0.0,95,2380.0,0.0,465.0,28.2,0.78,6.1,117,91,6040.0,1,0.42
2026-06-28T02:00,0.5,0.1,0.4,0.0,0.0,0.0,95,2540.0,0.0,815.0,29.6,2.05,7.2,167,95,6020.0,1,0.421
2026-06-28T03:00,3.9,0.1,3.8,0.0,0.0,0.0,96,2760.0,1.0,305.0,28.1,3.3,7.6,194,99,1440.0,1,0.43
2026-06-28T04:00,9.8,1.0,8.8,0.0,0.0,0.0,96,1410.0,0.0,660.0,26.6,3.45,8.9,170,100,2300.0,1,0.427
2026-06-28T05:00,1.5,0.7,0.8,0.0,0.0,0.0,95,2540.0,0.0,610.0,27.0,2.43,8.5,172,98,2860.0,1,0.426
2026-06-28T06:00,2.0,0.3,1.7,0.0,0.0,0.0,96,2760.0,0.0,695.0,27.3,3.26,8.8,176,100,3300.0,1,0.426
2026-06-28T07:00,0.8,0.2,0.6,0.0,0.0,0.0,95,2970.0,0.0,740.0,28.1,3.47,9.7,173,100,4560.0,1,0.425
2026-06-28T08:00,1.0,0.1,0.9,0.0,0.0,0.0,95,1590.0,5.0,670.0,27.7,3.38,9.9,156,98,4960.0,1,0.425
2026-06-28T09:00,0.2,0.1,0.1,0.0,0.0,0.0,51,1700.0,3.0,625.0,27.9,3.04,7.1,171,99,10340.0,1,0.423
2026-06-28T10:00,0.0,0.0,0.0,0.0,0.0,0.0,3,1720.0,4.0,635.0,28.3,2.16,6.5,176,98,11660.0,1,0.421
2026-06-28T11:00,0.0,0.0,0.0,0.0,0.0,0.0,3,1760.0,6.0,240.0,27.5,0.95,4.4,177,99,13280.0,1,0.419
2026-06-28T12:00,0.0,0.0,0.0,0.0,0.0,0.0,3,1720.0,7.0,165.0,26.9,1.1,2.4,156,100,8360.0,0,0.418
2026-06-28T13:00,0.1,0.1,0.0,0.0,0.0,0.0,51,1710.0,8.0,160.0,26.5,0.93,2.5,164,100,7180.0,0,0.417
2026-06-28T14:00,0.0,0.0,0.0,0.0,0.0,0.0,3,1780.0,6.0,230.0,26.6,1.38,2.9,161,100,8620.0,0,0.417
2026-06-28T15:00,0.0,0.0,0.0,0.0,0.0,0.0,3,1620.0,6.0,165.0,26.1,1.12,3.0,153,100,9600.0,0,0.416
2026-06-28T16:00,0.0,0.0,0.0,0.0,0.0,0.0,3,1520.0,6.0,130.0,25.8,0.97,2.6,159,100,2120.0,0,0.415
2026-06-28T17:00,0.0,0.0,0.0,0.0,0.0,0.0,3,1470.0,6.0,120.0,25.6,1.01,2.4,160,100,940.0,0,0.414
2026-06-28T18:00,0.0,0.0,0.0,0.0,0.0,0.0,3,2300.0,13.0,70.0,26.0,1.43,2.5,151,100,280.0,0,0.415
2026-06-28T19:00,0.6,0.1,0.5,0.0,0.0,0.0,95,1970.0,14.0,90.0,25.7,1.2,3.0,185,100,920.0,0,0.421
2026-06-28T20:00,0.5,0.3,0.2,0.0,0.0,0.0,53,1190.0,22.0,75.0,25.5,0.95,3.1,180,100,6860.0,0,0.424
2026-06-28T21:00,0.0,0.0,0.0,0.0,0.0,0.0,3,1120.0,7.0,85.0,25.4,0.78,2.4,165,98,6220.0,0,0.421
2026-06-28T22:00,0.1,0.1,0.0,0.0,0.0,0.0,51,1120.0,6.0,60.0,25.3,0.6,1.9,180,84,9400.0,1,0.42
2026-06-28T23:00,0.0,0.0,0.0,0.0,0.0,0.0,3,1310.0,4.0,105.0,25.8,0.6,2.5,175,92,11480.0,1,0.418
2026-06-29T00:00,0.1,0.0,0.1,0.0,0.0,0.0,51,1450.0,1.0,345.0,27.1,0.96,4.4,133,95,13080.0,1,0.421
2026-06-29T01:00,0.1,0.1,0.0,0.0,0.0,0.0,51,1800.0,2.0,490.0,28.6,1.75,4.9,156,84,8920.0,1,0.419
2026-06-29T02:00,0.1,0.0,0.1,0.0,0.0,0.0,51,2210.0,0.0,1015.0,30.2,1.81,6.6,175,91,9220.0,1,0.416
2026-06-29T03:00,0.2,0.1,0.1,0.0,0.0,0.0,51,2040.0,0.0,605.0,29.6,2.84,7.3,190,93,2160.0,1,0.414
2026-06-29T04:00,1.2,0.5,0.7,0.0,0.0,0.0,95,1970.0,5.0,595.0,29.1,2.0,9.3,180,97,19000.0,1,0.42
2026-06-29T05:00,0.0,0.0,0.0,0.0,0.0,0.0,3,2740.0,0.0,1080.0,30.7,1.88,7.6,197,99,9380.0,1,0.415
2026-06-29T06:00,0.1,0.0,0.1,0.0,0.0,0.0,51,2490.0,0.0,705.0,30.3,2.08,6.9,215,98,2400.0,1,0.414
2026-06-29T07:00,2.1,0.8,1.3,0.0,0.0,0.0,96,2560.0,4.0,350.0,28.7,1.95,6.7,138,100,3680.0,1,0.429
2026-06-29T08:00,0.9,0.4,0.5,0.0,0.0,0.0,95,2550.0,3.0,480.0,29.1,1.57,6.4,117,100,8820.0,1,0.423
2026-06-29T09:00,0.5,0.5,0.0,0.0,0.0,0.0,53,1710.0,9.0,410.0,28.3,2.2,5.6,131,100,7380.0,1,0.423
2026-06-29T10:00,0.0,0.0,0.0,0.0,0.0,0.0,3,1750.0,9.0,325.0,28.2,0.61,5.1,189,99,11440.0,1,0.42
2026-06-29T11:00,0.0,0.0,0.0,0.0,0.0,0.0,3,1890.0,7.0,15.0,27.3,0.14,2.0,135,98,11580.0,1,0.418
2026-06-29T12:00,0.0,0.0,0.0,0.0,0.0,0.0,3,2370.0,6.0,10.0,27.0,0.07,1.6,45,100,10560.0,0,0.411
2026-06-29T13:00,0.0,0.0,0.0,0.0,0.0,0.0,3,2610.0,5.0,35.0,26.7,0.36,1.0,124,100,2800.0,0,0.411
2026-06-29T14:00,0.2,0.2,0.0,0.0,0.0,0.0,51,2870.0,3.0,25.0,26.7,0.22,1.1,117,100,1460.0,0,0.412
2026-06-29T15:00,0.3,0.1,0.2,0.0,0.0,0.0,95,2290.0,6.0,40.0,26.4,0.57,1.4,142,100,960.0,0,0.414
2026-06-29T16:00,0.2,0.2,0.0,0.0,0.0,0.0,51,2360.0,4.0,35.0,26.2,0.81,1.8,137,100,880.0,0,0.415
2026-06-29T17:00,0.0,0.0,0.0,0.0,0.0,0.0,3,2260.0,4.0,45.0,25.9,0.74,1.9,152,100,220.0,0,0.414
2026-06-29T18:00,0.1,0.1,0.0,0.0,0.0,0.0,51,2360.0,5.0,45.0,26.1,0.88,2.7,133,100,500.0,0,0.412
2026-06-29T19:00,0.1,0.1,0.0,0.0,0.0,0.0,51,2150.0,2.0,95.0,25.8,1.32,2.6,171,100,280.0,0,0.413
2026-06-29T20:00,0.1,0.1,0.0,0.0,0.0,0.0,51,1630.0,3.0,100.0,25.3,1.26,2.9,162,100,440.0,0,0.413
2026-06-29T21:00,0.1,0.1,0.0,0.0,0.0,0.0,51,1350.0,4.0,65.0,25.1,1.0,2.7,162,100,780.0,0,0.413
2026-06-29T22:00,0.0,0.0,0.0,0.0,0.0,0.0,3,1400.0,1.0,85.0,25.3,0.74,2.3,138,100,3440.0,1,0.412
2026-06-29T23:00,0.0,0.0,0.0,0.0,0.0,0.0,3,1540.0,0.0,110.0,25.6,0.6,2.2,156,100,5100.0,1,0.412
2026-06-30T00:00,0.2,0.1,0.1,0.0,0.0,0.0,51,1430.0,1.0,160.0,26.2,0.76,3.6,113,100,6040.0,1,0.416
2026-06-30T01:00,0.1,0.0,0.1,0.0,0.0,0.0,51,1960.0,0.0,450.0,27.3,0.8,4.3,176,91,7940.0,1,0.415
2026-06-30T02:00,0.1,0.0,0.1,0.0,0.0,0.0,51,2260.0,0.0,750.0,29.4,0.87,5.1,167,59,9360.0,1,0.412
2026-06-30T03:00,0.1,0.0,0.1,0.0,0.0,0.0,51,2200.0,0.0,1195.0,30.8,1.27,5.6,206,95,8100.0,1,0.409
2026-06-30T04:00,0.1,0.0,0.1,0.0,0.0,0.0,51,1740.0,0.0,1165.0,31.8,1.76,6.1,215,94,7020.0,1,0.406
2026-06-30T05:00,0.6,0.3,0.3,0.0,0.0,0.0,95,2030.0,0.0,690.0,30.8,3.22,7.8,144,91,1920.0,1,0.406
2026-06-30T06:00,14.2,1.0,13.2,0.0,0.0,0.0,96,2710.0,0.0,745.0,30.1,3.07,10.1,158,96,7320.0,1,0.425
2026-06-30T07:00,0.1,0.0,0.1,0.0,0.0,0.0,51,2430.0,0.0,1005.0,30.5,2.76,7.7,168,98,7100.0,1,0.419
2026-06-30T08:00,0.1,0.0,0.1,0.0,0.0,0.0,51,2420.0,0.0,1075.0,30.9,2.96,8.3,175,95,21260.0,1,0.416
2026-06-30T09:00,0.0,0.0,0.0,0.0,0.0,0.0,3,2160.0,0.0,1145.0,30.6,2.84,8.5,170,98,10220.0,1,0.413
2026-06-30T10:00,0.1,0.1,0.0,0.0,0.0,0.0,51,1470.0,7.0,970.0,29.9,2.06,7.9,157,98,8100.0,1,0.412
2026-06-30T11:00,0.1,0.1,0.0,0.0,0.0,0.0,51,1280.0,17.0,275.0,28.7,1.21,4.2,150,97,12080.0,1,0.411
2026-06-30T12:00,0.0,0.0,0.0,0.0,0.0,0.0,3,2740.0,7.0,365.0,27.4,2.15,2.7,158,100,5600.0,0,0.418
2026-06-30T13:00,0.1,0.1,0.0,0.0,0.0,0.0,51,1690.0,18.0,155.0,26.7,1.48,4.4,192,100,10360.0,0,0.417
2026-06-30T14:00,0.0,0.0,0.0,0.0,0.0,0.0,3,1440.0,16.0,55.0,26.5,0.57,3.0,165,98,14140.0,0,0.415
2026-06-30T15:00,0.0,0.0,0.0,0.0,0.0,0.0,3,1490.0,14.0,45.0,26.2,0.51,1.5,151,99,10460.0,0,0.414
2026-06-30T16:00,0.0,0.0,0.0,0.0,0.0,0.0,3,1570.0,13.0,35.0,25.9,0.36,1.5,124,97,2840.0,0,0.413
2026-06-30T17:00,0.0,0.0,0.0,0.0,0.0,0.0,3,1560.0,12.0,35.0,25.6,0.18,1.3,124,100,200.0,0,0.412
2026-06-30T18:00,0.0,0.0,0.0,0.0,0.0,0.0,3,2180.0,12.0,35.0,26.1,0.55,1.2,95,100,280.0,0,0.411
2026-06-30T19:00,0.0,0.0,0.0,0.0,0.0,0.0,3,2080.0,13.0,10.0,25.7,0.1,1.4,180,100,100.0,0,0.41
2026-06-30T20:00,0.0,0.0,0.0,0.0,0.0,0.0,3,1910.0,14.0,35.0,25.5,0.21,1.3,166,100,100.0,0,0.41
2026-06-30T21:00,0.0,0.0,0.0,0.0,0.0,0.0,3,1740.0,14.0,40.0,25.3,0.4,1.4,83,100,120.0,0,0.409
2026-06-30T22:00,0.0,0.0,0.0,0.0,0.0,0.0,3,1600.0,12.0,25.0,25.1,0.4,1.7,83,100,120.0,1,0.409
2026-06-30T23:00,0.0,0.0,0.0,0.0,0.0,0.0,3,1600.0,9.0,60.0,25.4,0.35,2.3,82,100,120.0,1,0.408
2026-07-01T00:00,0.0,0.0,0.0,0.0,0.0,0.0,3,2600.0,0.0,220.0,27.6,0.71,2.5,45,96,10400.0,1,0.407
2026-07-01T01:00,0.2,0.1,0.1,0.0,0.0,0.0,51,2460.0,0.0,525.0,28.8,0.81,4.7,191,95,10060.0,1,0.407
2026-07-01T02:00,0.1,0.0,0.1,0.0,0.0,0.0,51,2340.0,0.0,775.0,30.5,0.87,5.0,167,98,8580.0,1,0.405
2026-07-01T03:00,0.3,0.0,0.3,0.0,0.0,0.0,95,2410.0,0.0,1110.0,31.9,1.48,6.0,168,96,7780.0,1,0.404
2026-07-01T04:00,0.0,0.0,0.0,0.0,0.0,0.0,3,2780.0,0.0,1170.0,32.6,1.55,6.1,165,88,12980.0,1,0.4
2026-07-01T05:00,0.0,0.0,0.0,0.0,0.0,0.0,3,3060.0,0.0,1560.0,33.6,1.98,6.5,164,97,21240.0,1,0.396
2026-07-01T06:00,0.2,0.0,0.2,0.0,0.0,0.0,95,2150.0,3.0,550.0,31.4,3.63,8.6,157,97,2960.0,1,0.396
2026-07-01T07:00,1.1,0.8,0.3,0.0,0.0,0.0,95,2290.0,38.0,240.0,28.7,2.09,8.6,224,92,4700.0,1,0.404
2026-07-01T08:00,0.2,0.2,0.0,0.0,0.0,0.0,51,2980.0,26.0,205.0,29.8,0.92,5.2,257,92,16960.0,1,0.403
2026-07-01T09:00,0.0,0.0,0.0,0.0,0.0,0.0,3,3040.0,15.0,345.0,30.5,0.63,3.5,342,98,18880.0,1,0.401
2026-07-01T10:00,0.0,0.0,0.0,0.0,0.0,0.0,3,3250.0,11.0,175.0,29.9,0.72,2.8,12,100,8340.0,1,0.4
2026-07-01T11:00,0.1,0.1,0.0,0.0,0.0,0.0,51,3640.0,10.0,40.0,29.2,0.56,2.0,10,100,13820.0,1,0.399
2026-07-01T12:00,0.0,0.0,0.0,0.0,0.0,0.0,3,4260.0,11.0,60.0,28.4,0.79,2.0,198,99,6340.0,0,0.373
2026-07-01T13:00,0.1,0.1,0.0,0.0,0.0,0.0,51,3990.0,14.0,35.0,28.1,0.43,1.4,111,99,7240.0,0,0.376
2026-07-01T14:00,0.0,0.0,0.0,0.0,0.0,0.0,3,4050.0,11.0,35.0,27.7,0.5,1.5,127,98,1080.0,0,0.378
2026-07-01T15:00,0.0,0.0,0.0,0.0,0.0,0.0,3,3910.0,12.0,25.0,27.2,0.41,1.5,166,100,200.0,0,0.379
2026-07-01T16:00,0.0,0.0,0.0,0.0,0.0,0.0,3,3710.0,10.0,15.0,26.9,0.05,1.3,360,100,80.0,0,0.381
2026-07-01T17:00,0.0,0.0,0.0,0.0,0.0,0.0,3,3310.0,10.0,20.0,26.3,0.67,2.4,77,100,100.0,0,0.382
2026-07-01T18:00,0.0,0.0,0.0,0.0,0.0,0.0,3,3400.0,10.0,35.0,26.5,0.96,2.5,43,100,120.0,0,0.373
2026-07-01T19:00,0.0,0.0,0.0,0.0,0.0,0.0,3,2590.0,17.0,40.0,25.9,1.18,2.5,54,100,160.0,0,0.375
2026-07-01T20:00,0.0,0.0,0.0,0.0,0.0,0.0,3,2010.0,17.0,65.0,25.7,1.4,2.8,55,100,260.0,0,0.376
2026-07-01T21:00,0.0,0.0,0.0,0.0,0.0,0.0,3,1460.0,31.0,65.0,25.5,0.96,2.9,47,90,400.0,0,0.377
2026-07-01T22:00,0.0,0.0,0.0,0.0,0.0,0.0,2,1140.0,15.0,50.0,25.4,0.78,2.2,45,52,560.0,1,0.378
2026-07-01T23:00,0.0,0.0,0.0,0.0,0.0,0.0,2,1670.0,5.0,175.0,26.4,0.72,2.6,34,61,2420.0,1,0.379
2026-07-02T00:00,0.0,0.0,0.0,0.0,0.0,0.0,1,1930.0,2.0,455.0,28.6,1.65,3.3,88,35,7580.0,1,0.38
2026-07-02T01:00,0.1,0.1,0.0,0.0,0.0,0.0,51,2160.0,3.0,705.0,29.9,2.33,6.0,133,28,10420.0,1,0.38
2026-07-02T02:00,0.1,0.0,0.1,0.0,0.0,0.0,51,2810.0,0.0,1130.0,31.5,2.3,8.3,146,8,15120.0,1,0.379
2026-07-02T03:00,0.1,0.0,0.1,0.0,0.0,0.0,51,3230.0,0.0,1450.0,32.7,2.55,8.7,154,20,13020.0,1,0.376
2026-07-02T04:00,0.1,0.0,0.1,0.0,0.0,0.0,95,3080.0,0.0,1770.0,33.7,3.15,8.6,160,91,23440.0,1,0.372
2026-07-02T05:00,1.5,0.0,1.5,0.0,0.0,0.0,96,2320.0,12.0,645.0,30.0,5.9,11.8,181,90,2520.0,1,0.385
2026-07-02T06:00,0.6,0.6,0.0,0.0,0.0,0.0,53,2410.0,14.0,710.0,30.3,2.22,12.3,172,91,4720.0,1,0.379
2026-07-02T07:00,0.2,0.1,0.1,0.0,0.0,0.0,51,1900.0,0.0,1075.0,31.6,2.7,8.1,141,83,7540.0,1,0.378
2026-07-02T08:00,0.1,0.1,0.0,0.0,0.0,0.0,51,1640.0,22.0,615.0,30.9,1.83,8.4,107,63,12460.0,1,0.376
2026-07-02T09:00,0.1,0.1,0.0,0.0,0.0,0.0,51,2120.0,5.0,1060.0,31.6,2.02,5.0,132,16,8980.0,1,0.375
2026-07-02T10:00,0.1,0.1,0.0,0.0,0.0,0.0,51,1910.0,12.0,730.0,30.9,1.94,5.9,168,28,19220.0,1,0.375
2026-07-02T11:00,0.0,0.0,0.0,0.0,0.0,0.0,1,2240.0,21.0,55.0,29.4,0.98,3.8,165,20,18940.0,1,0.375
2026-07-02T12:00,0.0,0.0,0.0,0.0,0.0,0.0,3,1950.0,35.0,85.0,28.8,1.25,2.7,178,97,18940.0,0,0.361
2026-07-02T13:00,0.0,0.0,0.0,0.0,0.0,0.0,3,1910.0,31.0,125.0,28.0,1.33,2.9,167,99,16480.0,0,0.363
2026-07-02T14:00,0.0,0.0,0.0,0.0,0.0,0.0,3,1370.0,48.0,260.0,27.4,1.87,4.1,164,98,16480.0,0,0.364
2026-07-02T15:00,0.0,0.0,0.0,0.0,0.0,0.0,3,1070.0,63.0,175.0,26.8,1.25,3.9,175,92,16280.0,0,0.365
2026-07-02T16:00,0.0,0.0,0.0,0.0,0.0,0.0,1,930.0,69.0,55.0,26.2,0.81,3.0,191,40,14400.0,0,0.366
2026-07-02T17:00,0.0,0.0,0.0,0.0,0.0,0.0,0,930.0,58.0,30.0,25.9,0.49,2.3,204,4,14400.0,0,0.367
2026-07-02T18:00,0.0,0.0,0.0,0.0,0.0,0.0,2,1590.0,27.0,20.0,26.3,0.36,1.8,124,74,8280.0,0,0.365
2026-07-02T19:00,0.0,0.0,0.0,0.0,0.0,0.0,3,1700.0,21.0,25.0,25.7,0.58,1.8,149,89,7880.0,0,0.366
2026-07-02T20:00,0.0,0.0,0.0,0.0,0.0,0.0,2,1670.0,18.0,35.0,25.6,0.64,1.9,141,72,8200.0,0,0.367
2026-07-02T21:00,0.0,0.0,0.0,0.0,0.0,0.0,1,1520.0,19.0,35.0,25.3,0.57,1.9,142,20,4760.0,0,0.368
2026-07-02T22:00,0.0,0.0,0.0,0.0,0.0,0.0,3,1360.0,21.0,35.0,25.3,0.35,1.8,135,98,220.0,1,0.369
2026-07-02T23:00,0.0,0.0,0.0,0.0,0.0,0.0,0,1620.0,8.0,90.0,26.3,0.46,2.4,131,9,11760.0,1,0.369
2026-07-03T00:00,0.0,0.0,0.0,0.0,0.0,0.0,0,1860.0,2.0,680.0,28.9,1.64,3.3,78,16,10780.0,1,0.366
2026-07-03T01:00,0.1,0.0,0.1,0.0,0.0,0.0,51,1710.0,2.0,965.0,30.3,2.51,6.2,125,13,14440.0,1,0.366
2026-07-03T02:00,0.0,0.0,0.0,0.0,0.0,0.0,0,1720.0,2.0,1235.0,31.7,3.12,8.7,130,13,11620.0,1,0.364
2026-07-03T03:00,0.0,0.0,0.0,0.0,0.0,0.0,0,1660.0,2.0,1375.0,32.6,3.73,8.7,145,11,10440.0,1,0.36
2026-07-03T04:00,0.1,0.1,0.0,0.0,0.0,0.0,51,1690.0,2.0,1500.0,33.4,4.17,11.0,150,10,11060.0,1,0.357
2026-07-03T05:00,0.1,0.1,0.0,0.0,0.0,0.0,51,1720.0,2.0,1550.0,33.8,4.62,11.0,157,26,5440.0,1,0.353
2026-07-03T06:00,0.5,0.3,0.2,0.0,0.0,0.0,53,430.0,10.0,1580.0,33.7,4.95,11.4,150,14,27000.0,1,0.358
2026-07-03T07:00,0.1,0.1,0.0,0.0,0.0,0.0,51,520.0,16.0,1425.0,33.2,4.76,10.9,155,21,8380.0,1,0.354
2026-07-03T08:00,0.0,0.0,0.0,0.0,0.0,0.0,1,780.0,15.0,1270.0,32.6,4.56,10.4,159,48,23420.0,1,0.352
2026-07-03T09:00,0.0,0.0,0.0,0.0,0.0,0.0,2,860.0,17.0,1055.0,31.2,4.42,9.7,158,51,14840.0,1,0.35
2026-07-03T10:00,0.0,0.0,0.0,0.0,0.0,0.0,1,1130.0,16.0,905.0,29.8,3.18,9.1,161,45,11760.0,1,0.349
2026-07-03T11:00,0.0,0.0,0.0,0.0,0.0,0.0,0,1140.0,16.0,665.0,28.8,2.28,6.5,154,13,14160.0,1,0.35
2026-07-03T12:00,0.0,0.0,0.0,0.0,0.0,0.0,3,2930.0,5.0,35.0,27.5,0.39,4.7,130,86,4080.0,0,0.379
2026-07-03T13:00,0.2,0.2,0.0,0.0,0.0,0.0,51,2830.0,6.0,20.0,27.0,0.25,1.4,143,80,8180.0,0,0.381
2026-07-03T14:00,0.0,0.0,0.0,0.0,0.0,0.0,2,2610.0,8.0,30.0,26.6,0.49,1.6,156,70,2960.0,0,0.381
2026-07-03T15:00,0.0,0.0,0.0,0.0,0.0,0.0,3,2370.0,8.0,75.0,26.4,1.18,2.6,168,80,7140.0,0,0.381
2026-07-03T16:00,0.0,0.0,0.0,0.0,0.0,0.0,3,2160.0,3.0,210.0,26.2,0.81,2.8,150,98,5580.0,0,0.38
2026-07-03T17:00,0.1,0.1,0.0,0.0,0.0,0.0,51,1920.0,2.0,235.0,26.1,0.79,2.4,162,79,8640.0,0,0.381
2026-07-03T18:00,0.1,0.1,0.0,0.0,0.0,0.0,51,1890.0,12.0,225.0,26.4,1.34,2.3,153,97,6040.0,0,0.369
2026-07-03T19:00,0.2,0.2,0.0,0.0,0.0,0.0,51,1760.0,14.0,70.0,26.0,0.7,3.3,111,97,5720.0,0,0.372
2026-07-03T20:00,0.3,0.1,0.2,0.0,0.0,0.0,51,1800.0,6.0,95.0,25.8,0.72,2.5,146,96,6040.0,0,0.376
2026-07-03T21:00,0.1,0.1,0.0,0.0,0.0,0.0,51,1750.0,5.0,140.0,25.6,1.03,2.8,129,80,6740.0,0,0.376
2026-07-03T22:00,0.0,0.0,0.0,0.0,0.0,0.0,3,1670.0,3.0,135.0,25.5,0.96,2.9,141,95,7540.0,1,0.376
2026-07-03T23:00,0.0,0.0,0.0,0.0,0.0,0.0,3,1840.0,1.0,300.0,26.1,1.25,3.4,157,99,6800.0,1,0.375
2026-07-04T00:00,0.3,0.3,0.0,0.0,0.0,0.0,51,2010.0,4.0,245.0,26.8,1.1,5.7,180,96,5260.0,1,0.374
2026-07-04T01:00,0.4,0.3,0.1,0.0,0.0,0.0,51,2290.0,1.0,395.0,27.3,1.77,4.6,172,84,5320.0,1,0.376
2026-07-04T02:00,0.3,0.1,0.2,0.0,0.0,0.0,95,3000.0,0.0,1085.0,29.5,2.28,7.5,161,84,7440.0,1,0.377
2026-07-04T03:00,0.2,0.0,0.2,0.0,0.0,0.0,95,2360.0,0.0,1340.0,31.2,4.7,11.5,153,100,4980.0,1,0.375
2026-07-04T04:00,2.3,0.9,1.4,0.0,0.0,0.0,80,1160.0,37.0,315.0,26.1,4.04,12.1,211,98,4280.0,1,0.397
2026-07-04T05:00,0.7,0.7,0.0,0.0,0.0,0.0,53,2250.0,2.0,630.0,27.3,2.19,8.0,207,92,4860.0,1,0.401
2026-07-04T06:00,1.4,0.4,1.0,0.0,0.0,0.0,95,1820.0,2.0,745.0,27.9,3.48,10.8,187,95,5860.0,1,0.405
2026-07-04T07:00,0.4,0.2,0.2,0.0,0.0,0.0,95,2230.0,0.0,955.0,28.6,2.57,7.4,193,100,1720.0,1,0.403
2026-07-04T08:00,7.3,0.5,6.8,0.0,0.0,0.0,96,1600.0,2.0,705.0,26.5,3.2,11.1,179,100,4160.0,1,0.422
2026-07-04T09:00,0.6,0.6,0.0,0.0,0.0,0.0,53,1560.0,3.0,705.0,26.2,3.42,7.4,174,100,2900.0,1,0.419
2026-07-04T10:00,1.1,1.1,0.0,0.0,0.0,0.0,55,1590.0,3.0,635.0,26.1,2.76,7.0,184,100,3680.0,1,0.422
2026-07-04T11:00,0.6,0.6,0.0,0.0,0.0,0.0,53,1450.0,4.0,500.0,25.7,2.16,5.7,175,100,3900.0,1,0.421
2026-07-04T12:00,0.4,0.4,0.0,0.0,0.0,0.0,51,1650.0,4.0,100.0,25.9,0.94,4.7,122,100,7540.0,0,0.407
2026-07-04T13:00,0.0,0.0,0.0,0.0,0.0,0.0,3,1530.0,3.0,140.0,25.8,0.65,2.6,157,100,9660.0,0,0.407
2026-07-04T14:00,0.0,0.0,0.0,0.0,0.0,0.0,3,1470.0,6.0,85.0,25.7,0.54,2.3,146,100,7340.0,0,0.407
2026-07-04T15:00,0.0,0.0,0.0,0.0,0.0,0.0,3,1590.0,6.0,45.0,25.6,0.3,2.0,189,100,1120.0,0,0.407
2026-07-04T16:00,0.0,0.0,0.0,0.0,0.0,0.0,3,1680.0,5.0,35.0,25.5,0.18,1.8,146,100,1200.0,0,0.407
2026-07-04T17:00,0.0,0.0,0.0,0.0,0.0,0.0,3,1720.0,3.0,60.0,25.4,0.56,2.1,153,100,520.0,0,0.407
2026-07-04T18:00,0.0,0.0,0.0,0.0,0.0,0.0,1,2000.0,12.0,70.0,25.9,1.22,2.3,145,48,7960.0,0,0.398
2026-07-04T19:00,0.0,0.0,0.0,0.0,0.0,0.0,1,1840.0,12.0,50.0,25.4,0.81,3.0,137,29,7360.0,0,0.399
2026-07-04T20:00,0.1,0.0,0.1,0.0,0.0,0.0,51,1610.0,12.0,70.0,25.3,0.85,2.5,180,13,5640.0,0,0.401
2026-07-04T21:00,0.2,0.2,0.0,0.0,0.0,0.0,51,1420.0,13.0,75.0,25.1,1.03,2.8,157,38,5360.0,0,0.404
2026-07-04T22:00,0.4,0.4,0.0,0.0,0.0,0.0,51,1240.0,5.0,395.0,25.2,2.11,4.1,175,59,3400.0,1,0.409
2026-07-04T23:00,0.1,0.1,0.0,0.0,0.0,0.0,51,1070.0,6.0,250.0,25.4,1.45,4.9,180,55,6220.0,1,0.409
2026-07-05T00:00,0.2,0.2,0.0,0.0,0.0,0.0,51,1630.0,0.0,565.0,26.8,2.33,7.9,171,84,6180.0,1,0.416
2026-07-05T01:00,0.1,0.1,0.0,0.0,0.0,0.0,51,1670.0,6.0,730.0,28.2,2.08,7.3,170,92,4940.0,1,0.414
2026-07-05T02:00,1.1,0.9,0.2,0.0,0.0,0.0,55,1870.0,4.0,550.0,27.6,3.56,8.1,185,98,6780.0,1,0.421
2026-07-05T03:00,0.0,0.0,0.0,0.0,0.0,0.0,3,2090.0,2.0,1015.0,29.9,3.29,10.0,193,98,13700.0,1,0.416
2026-07-05T04:00,0.1,0.0,0.1,0.0,0.0,0.0,95,2790.0,0.0,1320.0,31.0,4.5,12.6,172,98,10600.0,1,0.411
2026-07-05T05:00,0.0,0.0,0.0,0.0,0.0,0.0,3,2670.0,0.0,1625.0,32.2,4.66,12.6,177,96,21180.0,1,0.406
2026-07-05T06:00,0.5,0.0,0.5,0.0,0.0,0.0,95,1550.0,0.0,1325.0,31.6,4.4,13.6,178,93,10620.0,1,0.416
2026-07-05T07:00,0.1,0.1,0.0,0.0,0.0,0.0,51,1130.0,4.0,1395.0,32.1,5.0,10.9,178,80,9480.0,1,0.411
2026-07-05T08:00,0.1,0.1,0.0,0.0,0.0,0.0,51,970.0,4.0,1420.0,31.8,5.3,11.0,181,96,4760.0,1,0.407
2026-07-05T09:00,0.2,0.2,0.0,0.0,0.0,0.0,51,1390.0,4.0,1060.0,30.3,4.41,11.0,184,88,6120.0,1,0.406
2026-07-05T10:00,0.4,0.4,0.0,0.0,0.0,0.0,51,1660.0,11.0,855.0,28.5,3.35,10.4,183,80,12800.0,1,0.408
2026-07-05T11:00,0.4,0.4,0.0,0.0,0.0,0.0,51,1710.0,6.0,720.0,27.1,3.35,7.4,181,94,3220.0,1,0.41
2026-07-05T12:00,0.4,0.4,0.0,0.0,0.0,0.0,51,1940.0,15.0,375.0,27.3,1.35,6.6,158,88,13900.0,0,0.414
2026-07-05T13:00,0.4,0.4,0.0,0.0,0.0,0.0,51,1640.0,15.0,160.0,26.3,1.1,3.2,185,91,4480.0,0,0.416
2026-07-05T14:00,0.4,0.4,0.0,0.0,0.0,0.0,51,1600.0,12.0,235.0,26.0,1.4,3.3,184,98,6200.0,0,0.417
2026-07-05T15:00,0.0,0.0,0.0,0.0,0.0,0.0,3,1590.0,11.0,240.0,25.8,1.33,3.5,167,98,6440.0,0,0.416
2026-07-05T16:00,0.0,0.0,0.0,0.0,0.0,0.0,2,1460.0,10.0,230.0,25.6,1.28,3.4,149,55,11420.0,0,0.414
2026-07-05T17:00,0.0,0.0,0.0,0.0,0.0,0.0,2,1330.0,13.0,205.0,25.4,1.05,3.3,149,79,9740.0,0,0.413
2026-07-05T18:00,0.1,0.1,0.0,0.0,0.0,0.0,51,1650.0,10.0,385.0,25.8,1.81,3.2,166,89,3840.0,0,0.415
2026-07-05T19:00,0.7,0.7,0.0,0.0,0.0,0.0,53,1080.0,1.0,285.0,25.2,1.95,4.2,167,98,3960.0,0,0.421
2026-07-05T20:00,0.6,0.5,0.1,0.0,0.0,0.0,53,970.0,0.0,390.0,24.9,2.63,5.2,171,100,3080.0,0,0.425
2026-07-05T21:00,0.8,0.8,0.0,0.0,0.0,0.0,53,790.0,7.0,355.0,24.6,2.5,5.6,168,92,3760.0,0,0.427
2026-07-05T22:00,0.3,0.3,0.0,0.0,0.0,0.0,51,1010.0,3.0,295.0,24.2,2.32,5.2,147,100,1720.0,1,0.424
2026-07-05T23:00,0.1,0.1,0.0,0.0,0.0,0.0,51,940.0,0.0,345.0,24.8,2.02,5.0,150,93,5420.0,1,0.421
2026-07-06T00:00,0.0,0.0,0.0,0.0,0.0,0.0,3,1170.0,1.0,515.0,25.6,2.33,6.1,149,98,7880.0,1,0.411
2026-07-06T01:00,1.3,0.5,0.8,0.0,0.0,0.0,80,910.0,2.0,725.0,25.8,3.42,9.8,165,97,5640.0,1,0.423
2026-07-06T02:00,0.2,0.1,0.1,0.0,0.0,0.0,51,1860.0,0.0,1005.0,28.0,4.21,10.8,177,100,3900.0,1,0.419
2026-07-06T03:00,0.5,0.3,0.2,0.0,0.0,0.0,53,1370.0,0.0,995.0,28.2,4.71,12.9,176,100,10020.0,1,0.418
2026-07-06T04:00,0.6,0.4,0.2,0.0,0.0,0.0,53,1230.0,3.0,955.0,28.1,5.4,14.5,188,92,9740.0,1,0.418
2026-07-06T05:00,0.0,0.0,0.0,0.0,0.0,0.0,3,2160.0,0.0,1435.0,30.4,5.83,14.6,185,99,9460.0,1,0.413
2026-07-06T06:00,0.6,0.3,0.3,0.0,0.0,0.0,95,2480.0,0.0,1285.0,29.8,4.56,15.3,189,81,2840.0,1,0.402
2026-07-06T07:00,0.9,0.4,0.5,0.0,0.0,0.0,95,1530.0,17.0,1025.0,28.6,3.31,13.7,195,83,10380.0,1,0.408
2026-07-06T08:00,0.3,0.1,0.2,0.0,0.0,0.0,95,2300.0,0.0,1105.0,29.0,4.68,12.4,187,98,4000.0,1,0.408
2026-07-06T09:00,0.7,0.1,0.6,0.0,0.0,0.0,95,1330.0,3.0,975.0,28.2,4.99,12.7,173,100,7620.0,1,0.412
2026-07-06T10:00,0.1,0.1,0.0,0.0,0.0,0.0,51,1330.0,7.0,960.0,27.8,3.4,10.4,180,100,8600.0,1,0.411
2026-07-06T11:00,0.0,0.0,0.0,0.0,0.0,0.0,3,910.0,14.0,730.0,26.7,3.47,8.1,157,99,5380.0,1,0.41
2026-07-06T12:00,2.8,2.2,0.6,0.0,0.0,0.0,81,1260.0,22.0,630.0,26.3,3.03,9.5,158,77,7520.0,0,0.418
2026-07-06T13:00,1.9,0.4,1.5,0.0,0.0,0.0,95,820.0,0.0,525.0,24.6,2.85,8.9,169,100,1740.0,0,0.428
2026-07-06T14:00,1.4,1.4,0.0,0.0,0.0,0.0,61,410.0,29.0,430.0,24.4,3.3,7.0,182,77,3980.0,0,0.424
2026-07-06T15:00,0.1,0.1,0.0,0.0,0.0,0.0,51,520.0,34.0,420.0,24.1,2.79,7.0,171,92,7720.0,0,0.422
2026-07-06T16:00,0.0,0.0,0.0,0.0,0.0,0.0,3,430.0,52.0,345.0,24.3,2.2,5.5,168,100,6940.0,0,0.42
2026-07-06T17:00,0.0,0.0,0.0,0.0,0.0,0.0,3,410.0,35.0,270.0,24.2,1.87,4.4,160,97,7840.0,0,0.418
2026-07-06T18:00,0.0,0.0,0.0,0.0,0.0,0.0,3,990.0,10.0,315.0,24.5,2.56,3.9,176,95,5200.0,0,0.417
2026-07-06T19:00,0.1,0.1,0.0,0.0,0.0,0.0,51,1230.0,1.0,140.0,24.2,1.32,5.3,169,90,6640.0,0,0.417
2026-07-06T20:00,0.1,0.1,0.0,0.0,0.0,0.0,51,970.0,0.0,175.0,24.5,1.33,3.4,167,100,3720.0,0,0.416
2026-07-06T21:00,0.2,0.2,0.0,0.0,0.0,0.0,51,830.0,8.0,230.0,24.8,1.17,3.4,160,100,6460.0,0,0.418
2026-07-06T22:00,0.1,0.1,0.0,0.0,0.0,0.0,51,800.0,7.0,230.0,24.6,1.46,3.4,172,96,4260.0,1,0.417
2026-07-06T23:00,0.8,0.8,0.0,0.0,0.0,0.0,53,570.0,8.0,470.0,24.4,2.94,6.5,170,97,4240.0,1,0.424
2026-07-07T00:00,0.3,0.3,0.0,0.0,0.0,0.0,51,730.0,2.0,230.0,24.3,1.57,6.5,149,98,3020.0,1,0.418
2026-07-07T01:00,1.5,1.1,0.4,0.0,0.0,0.0,80,800.0,2.0,605.0,25.2,2.8,5.8,170,100,2460.0,1,0.426
2026-07-07T02:00,2.9,1.2,1.7,0.0,0.0,0.0,95,830.0,1.0,495.0,24.9,3.1,7.3,182,100,1880.0,1,0.423
2026-07-07T03:00,3.6,1.8,1.8,0.0,0.0,0.0,95,780.0,7.0,555.0,25.1,3.05,8.0,181,100,2220.0,1,0.422
2026-07-07T04:00,2.0,2.0,0.0,0.0,0.0,0.0,80,980.0,4.0,510.0,25.5,2.87,6.3,186,100,2760.0,1,0.422
2026-07-07T05:00,1.3,1.2,0.1,0.0,0.0,0.0,80,1370.0,1.0,510.0,26.2,3.34,7.6,189,100,3160.0,1,0.421
2026-07-07T06:00,0.9,0.9,0.0,0.0,0.0,0.0,53,1880.0,1.0,325.0,26.3,1.97,6.7,150,100,2740.0,1,0.425
2026-07-07T07:00,1.8,1.6,0.2,0.0,0.0,0.0,80,1600.0,1.0,535.0,26.3,2.1,6.3,179,100,2560.0,1,0.421
2026-07-07T08:00,1.1,1.0,0.1,0.0,0.0,0.0,55,1650.0,0.0,500.0,26.4,2.56,5.8,184,100,3860.0,1,0.42
2026-07-07T09:00,0.3,0.2,0.1,0.0,0.0,0.0,51,1620.0,1.0,345.0,26.2,1.95,5.8,193,100,6360.0,1,0.42
2026-07-07T10:00,0.2,0.1,0.1,0.0,0.0,0.0,51,1480.0,1.0,325.0,26.3,1.65,4.4,180,100,6080.0,1,0.42
2026-07-07T11:00,0.1,0.1,0.0,0.0,0.0,0.0,51,1450.0,3.0,175.0,25.9,0.82,3.6,166,100,9600.0,1,0.418
2026-07-07T12:00,0.0,0.0,0.0,0.0,0.0,0.0,3,1990.0,4.0,175.0,26.1,0.87,2.5,204,95,4640.0,0,0.416
2026-07-07T13:00,1.5,1.5,0.0,0.0,0.0,0.0,80,850.0,7.0,240.0,25.0,2.62,5.2,198,96,2380.0,0,0.422
2026-07-07T14:00,0.9,0.9,0.0,0.0,0.0,0.0,53,700.0,9.0,190.0,24.6,1.63,5.3,191,89,4000.0,0,0.421
2026-07-07T15:00,0.3,0.3,0.0,0.0,0.0,0.0,51,590.0,0.0,265.0,24.6,1.71,3.8,185,99,4280.0,0,0.42
2026-07-07T16:00,0.4,0.4,0.0,0.0,0.0,0.0,51,660.0,1.0,315.0,24.6,2.11,4.5,175,100,2100.0,0,0.42
2026-07-07T17:00,0.3,0.3,0.0,0.0,0.0,0.0,51,680.0,3.0,220.0,24.5,1.52,4.6,189,100,2120.0,0,0.42
2026-07-07T18:00,0.1,0.1,0.0,0.0,0.0,0.0,51,1100.0,5.0,200.0,25.4,1.4,3.4,180,100,1680.0,0,0.419
2026-07-07T19:00,0.7,0.6,0.1,0.0,0.0,0.0,53,800.0,3.0,155.0,24.6,1.52,5.5,153,95,2260.0,0,0.419
2026-07-07T20:00,0.9,0.4,0.5,0.0,0.0,0.0,53,640.0,1.0,125.0,24.5,1.45,3.4,180,100,1360.0,0,0.42
2026-07-07T21:00,1.3,0.7,0.6,0.0,0.0,0.0,80,490.0,8.0,135.0,24.4,1.07,3.8,191,100,2840.0,0,0.419
2026-07-07T22:00,1.8,1.1,0.7,0.0,0.0,0.0,80,390.0,8.0,225.0,24.2,1.6,3.6,194,100,2180.0,1,0.419
2026-07-07T23:00,1.3,0.4,0.9,0.0,0.0,0.0,80,510.0,8.0,335.0,24.2,2.44,4.8,161,99,3340.0,1,0.419
2026-07-08T00:00,0.4,0.4,0.0,0.0,0.0,0.0,51,890.0,14.0,480.0,26.4,2.26,4.8,152,100,10620.0,1,0.419
2026-07-08T01:00,0.1,0.1,0.0,0.0,0.0,0.0,51,1060.0,3.0,510.0,26.8,2.48,5.7,161,100,8100.0,1,0.417
2026-07-08T02:00,0.2,0.1,0.1,0.0,0.0,0.0,51,1390.0,1.0,555.0,27.1,2.16,6.1,167,100,4260.0,1,0.417
2026-07-08T03:00,1.2,0.2,1.0,0.0,0.0,0.0,95,1600.0,3.0,450.0,27.0,2.17,6.1,172,100,6080.0,1,0.42
2026-07-08T04:00,0.2,0.2,0.0,0.0,0.0,0.0,51,1690.0,4.0,685.0,28.3,2.26,5.6,162,100,5740.0,1,0.419
2026-07-08T05:00,0.5,0.4,0.1,0.0,0.0,0.0,53,1340.0,9.0,755.0,29.6,2.52,6.3,166,100,3760.0,1,0.419
2026-07-08T06:00,0.6,0.2,0.4,0.0,0.0,0.0,95,1640.0,0.0,1295.0,30.9,3.7,8.7,178,92,21120.0,1,0.417
2026-07-08T07:00,0.0,0.0,0.0,0.0,0.0,0.0,2,1050.0,2.0,1195.0,31.0,3.86,8.7,176,78,10120.0,1,0.413
2026-07-08T08:00,0.2,0.1,0.1,0.0,0.0,0.0,51,1130.0,4.0,1220.0,30.9,4.16,10.0,183,95,5040.0,1,0.411
2026-07-08T09:00,0.2,0.2,0.0,0.0,0.0,0.0,51,1370.0,16.0,715.0,29.7,3.26,9.7,184,66,11600.0,1,0.41
2026-07-08T10:00,0.0,0.0,0.0,0.0,0.0,0.0,2,1710.0,9.0,730.0,29.5,2.11,6.8,184,73,18840.0,1,0.408
2026-07-08T11:00,0.0,0.0,0.0,0.0,0.0,0.0,3,1750.0,16.0,175.0,28.1,0.96,4.2,171,91,15860.0,1,0.407
2026-07-08T12:00,0.0,0.0,0.0,0.0,0.0,0.0,3,940.0,38.0,50.0,27.9,0.66,2.3,171,98,18840.0,0,0.406
2026-07-08T13:00,0.0,0.0,0.0,0.0,0.0,0.0,3,950.0,40.0,45.0,27.1,0.8,2.0,180,98,14280.0,0,0.406
2026-07-08T14:00,0.0,0.0,0.0,0.0,0.0,0.0,3,1000.0,38.0,70.0,26.7,0.9,2.3,177,96,15980.0,0,0.406
2026-07-08T15:00,0.0,0.0,0.0,0.0,0.0,0.0,3,950.0,4.0,50.0,26.3,0.78,2.3,165,95,14180.0,0,0.405
2026-07-08T16:00,0.0,0.0,0.0,0.0,0.0,0.0,3,1170.0,2.0,45.0,26.0,0.78,2.2,140,86,6940.0,0,0.405
2026-07-08T17:00,0.1,0.1,0.0,0.0,0.0,0.0,51,1180.0,0.0,50.0,25.8,0.71,2.2,172,88,6540.0,0,0.406
2026-07-08T18:00,0.1,0.1,0.0,0.0,0.0,0.0,51,1470.0,13.0,35.0,25.6,0.54,2.1,146,63,6000.0,0,0.407
2026-07-08T19:00,0.0,0.0,0.0,0.0,0.0,0.0,2,1530.0,11.0,30.0,25.3,0.35,1.6,180,52,1900.0,0,0.407
2026-07-08T20:00,0.0,0.0,0.0,0.0,0.0,0.0,3,1630.0,7.0,25.0,25.2,0.15,1.4,180,100,320.0,0,0.406
2026-07-08T21:00,0.0,0.0,0.0,0.0,0.0,0.0,3,1640.0,6.0,15.0,25.2,0.21,1.2,166,100,260.0,0,0.406
2026-07-08T22:00,0.1,0.1,0.0,0.0,0.0,0.0,51,1450.0,4.0,55.0,25.1,0.72,2.0,168,100,480.0,1,0.406
2026-07-08T23:00,0.1,0.1,0.0,0.0,0.0,0.0,51,1730.0,1.0,180.0,25.9,0.6,2.5,156,100,2920.0,1,0.406
2026-07-09T00:00,0.2,0.1,0.1,0.0,0.0,0.0,51,2080.0,0.0,530.0,27.6,1.88,5.7,158,60,5840.0,1,0.409
2026-07-09T01:00,0.8,0.0,0.8,0.0,0.0,0.0,95,1700.0,0.0,470.0,27.8,1.55,6.7,180,83,8180.0,1,0.414
2026-07-09T02:00,0.1,0.0,0.1,0.0,0.0,0.0,51,2000.0,0.0,955.0,29.7,1.75,6.3,167,96,12300.0,1,0.411
2026-07-09T03:00,0.8,0.0,0.8,0.0,0.0,0.0,95,1630.0,2.0,590.0,29.1,2.86,7.0,184,95,2680.0,1,0.415
2026-07-09T04:00,1.5,0.7,0.8,0.0,0.0,0.0,95,1720.0,12.0,395.0,28.9,1.43,8.1,205,84,5420.0,1,0.422
2026-07-09T05:00,0.5,0.5,0.0,0.0,0.0,0.0,53,1580.0,10.0,500.0,29.4,2.4,6.5,182,73,6320.0,1,0.419
2026-07-09T06:00,0.1,0.1,0.0,0.0,0.0,0.0,51,1950.0,0.0,1025.0,31.2,1.56,6.8,173,83,18080.0,1,0.41
2026-07-09T07:00,0.1,0.0,0.1,0.0,0.0,0.0,51,1730.0,4.0,935.0,31.5,2.16,6.8,173,84,11520.0,1,0.407
2026-07-09T08:00,0.0,0.0,0.0,0.0,0.0,0.0,3,1580.0,8.0,925.0,31.6,2.08,5.7,190,86,9000.0,1,0.404
2026-07-09T09:00,0.0,0.0,0.0,0.0,0.0,0.0,3,1670.0,8.0,780.0,30.9,2.37,5.3,198,95,20600.0,1,0.401
2026-07-09T10:00,0.0,0.0,0.0,0.0,0.0,0.0,3,1640.0,9.0,730.0,30.3,2.29,5.6,196,88,21100.0,1,0.4
2026-07-09T11:00,0.0,0.0,0.0,0.0,0.0,0.0,3,1580.0,16.0,515.0,29.3,2.1,4.6,183,89,18840.0,1,0.399
2026-07-09T12:00,0.0,0.0,0.0,0.0,0.0,0.0,2,1890.0,25.0,160.0,28.5,1.21,4.2,173,79,18560.0,0,0.402
2026-07-09T13:00,0.0,0.0,0.0,0.0,0.0,0.0,3,1790.0,29.0,110.0,27.7,1.17,2.7,170,97,16380.0,0,0.403
2026-07-09T14:00,0.0,0.0,0.0,0.0,0.0,0.0,3,1780.0,27.0,145.0,27.5,1.09,2.6,164,100,16380.0,0,0.403
2026-07-09T15:00,0.0,0.0,0.0,0.0,0.0,0.0,3,1690.0,27.0,240.0,27.3,1.25,2.7,185,100,16360.0,0,0.403
2026-07-09T16:00,0.0,0.0,0.0,0.0,0.0,0.0,3,1540.0,38.0,235.0,26.9,1.19,2.8,202,84,16360.0,0,0.403
2026-07-09T17:00,0.0,0.0,0.0,0.0,0.0,0.0,3,1520.0,35.0,150.0,26.5,1.01,2.7,189,86,14300.0,0,0.403
2026-07-09T18:00,0.0,0.0,0.0,0.0,0.0,0.0,3,1930.0,15.0,40.0,27.0,0.65,2.3,157,100,14300.0,0,0.4
2026-07-09T19:00,0.0,0.0,0.0,0.0,0.0,0.0,3,1880.0,18.0,35.0,26.2,0.78,1.8,135,98,11960.0,0,0.401
2026-07-09T20:00,0.0,0.0,0.0,0.0,0.0,0.0,3,1900.0,19.0,35.0,25.9,0.67,1.8,132,100,11960.0,0,0.401
2026-07-09T21:00,0.0,0.0,0.0,0.0,0.0,0.0,3,2050.0,16.0,30.0,25.9,0.53,1.4,131,100,7560.0,0,0.401
2026-07-09T22:00,0.0,0.0,0.0,0.0,0.0,0.0,3,2140.0,13.0,25.0,26.0,0.4,1.1,120,100,1140.0,1,0.401
2026-07-09T23:00,0.0,0.0,0.0,0.0,0.0,0.0,3,2330.0,8.0,45.0,26.8,0.43,1.5,126,100,1200.0,1,0.401
2026-07-10T00:00,0.0,0.0,0.0,0.0,0.0,0.0,3,2400.0,2.0,255.0,28.2,0.57,2.5,38,87,15620.0,1,0.403
2026-07-10T01:00,0.0,0.0,0.0,0.0,0.0,0.0,2,2320.0,0.0,660.0,29.6,0.71,3.4,352,74,11540.0,1,0.402
2026-07-10T02:00,0.1,0.1,0.0,0.0,0.0,0.0,51,1990.0,0.0,845.0,30.7,1.13,4.1,319,92,10140.0,1,0.399
2026-07-10T03:00,0.0,0.0,0.0,0.0,0.0,0.0,2,1750.0,3.0,1045.0,32.0,1.17,4.5,313,52,13380.0,1,0.396
2026-07-10T04:00,0.0,0.0,0.0,0.0,0.0,0.0,2,1630.0,6.0,1165.0,32.8,1.13,4.5,319,58,14140.0,1,0.392
2026-07-10T05:00,0.0,0.0,0.0,0.0,0.0,0.0,2,1640.0,10.0,1230.0,33.5,1.2,4.6,315,68,12740.0,1,0.387
2026-07-10T06:00,0.0,0.0,0.0,0.0,0.0,0.0,1,1370.0,14.0,1405.0,34.3,1.06,4.5,352,27,9700.0,1,0.385
2026-07-10T07:00,0.1,0.1,0.0,0.0,0.0,0.0,51,1440.0,21.0,1285.0,34.1,0.97,4.0,12,13,20460.0,1,0.382
2026-07-10T08:00,0.0,0.0,0.0,0.0,0.0,0.0,0,1360.0,28.0,1265.0,34.2,1.18,3.8,36,5,26920.0,1,0.379
2026-07-10T09:00,0.0,0.0,0.0,0.0,0.0,0.0,0,1430.0,28.0,1165.0,33.9,0.85,3.7,50,4,26920.0,1,0.377
2026-07-10T10:00,0.0,0.0,0.0,0.0,0.0,0.0,0,1460.0,33.0,45.0,33.3,0.65,2.6,86,2,23320.0,1,0.377
2026-07-10T11:00,0.0,0.0,0.0,0.0,0.0,0.0,0,1760.0,54.0,25.0,31.5,0.58,1.8,149,5,21100.0,1,0.377
2026-07-10T12:00,0.0,0.0,0.0,0.0,0.0,0.0,0,2290.0,52.0,25.0,30.2,0.58,2.2,211,4,18820.0,0,0.36
2026-07-10T13:00,0.0,0.0,0.0,0.0,0.0,0.0,0,2630.0,57.0,25.0,29.1,0.83,1.4,205,3,16360.0,0,0.363
2026-07-10T14:00,0.0,0.0,0.0,0.0,0.0,0.0,0,3120.0,54.0,30.0,28.6,0.76,1.5,191,2,14280.0,0,0.365
2026-07-10T15:00,0.0,0.0,0.0,0.0,0.0,0.0,0,3530.0,50.0,45.0,28.1,0.95,1.7,183,2,14280.0,0,0.366
2026-07-10T16:00,0.0,0.0,0.0,0.0,0.0,0.0,0,3280.0,51.0,50.0,27.6,0.98,1.9,165,1,14280.0,0,0.368
2026-07-10T17:00,0.0,0.0,0.0,0.0,0.0,0.0,0,2930.0,51.0,45.0,27.2,0.96,1.9,171,0,11940.0,0,0.369
2026-07-10T18:00,0.0,0.0,0.0,0.0,0.0,0.0,0,3180.0,33.0,45.0,27.4,0.95,2.0,180,0,11940.0,0,0.368
2026-07-10T19:00,0.0,0.0,0.0,0.0,0.0,0.0,0,2890.0,35.0,55.0,26.8,1.1,2.0,185,1,11940.0,0,0.369
2026-07-10T20:00,0.0,0.0,0.0,0.0,0.0,0.0,0,2460.0,46.0,60.0,26.6,1.1,2.1,204,0,11940.0,0,0.371
2026-07-10T21:00,0.0,0.0,0.0,0.0,0.0,0.0,0,2160.0,58.0,45.0,26.3,0.87,2.0,204,3,11940.0,0,0.372
2026-07-10T22:00,0.0,0.0,0.0,0.0,0.0,0.0,0,1930.0,65.0,45.0,26.2,0.92,1.7,202,5,11940.0,1,0.372
2026-07-10T23:00,0.0,0.0,0.0,0.0,0.0,0.0,0,2210.0,39.0,110.0,27.9,0.79,2.4,215,0,14280.0,1,0.373
2026-07-11T00:00,0.0,0.0,0.0,0.0,0.0,0.0,0,2160.0,25.0,425.0,29.8,1.25,3.5,286,0,18800.0,1,0.378
2026-07-11T01:00,0.0,0.0,0.0,0.0,0.0,0.0,0,2360.0,8.0,750.0,31.3,1.34,4.2,315,1,21080.0,1,0.376
2026-07-11T02:00,0.0,0.0,0.0,0.0,0.0,0.0,0,2290.0,5.0,930.0,32.4,1.95,5.5,320,10,9920.0,1,0.373
2026-07-11T03:00,0.1,0.1,0.0,0.0,0.0,0.0,51,2100.0,6.0,1150.0,33.5,2.1,6.5,322,7,15580.0,1,0.37
2026-07-11T04:00,0.0,0.0,0.0,0.0,0.0,0.0,0,1940.0,3.0,1445.0,34.5,1.76,6.5,325,6,17500.0,1,0.365
2026-07-11T05:00,0.0,0.0,0.0,0.0,0.0,0.0,0,1930.0,0.0,1725.0,35.4,1.12,6.3,328,8,26900.0,1,0.361
2026-07-11T06:00,0.0,0.0,0.0,0.0,0.0,0.0,0,1970.0,0.0,1895.0,35.9,1.49,5.2,346,11,20220.0,1,0.361
2026-07-11T07:00,0.0,0.0,0.0,0.0,0.0,0.0,0,2140.0,0.0,1755.0,35.9,1.23,5.3,333,13,17420.0,1,0.357
2026-07-11T08:00,0.0,0.0,0.0,0.0,0.0,0.0,0,1790.0,4.0,1645.0,36.0,0.83,4.5,295,8,26900.0,1,0.354
2026-07-11T09:00,0.0,0.0,0.0,0.0,0.0,0.0,0,1270.0,19.0,1765.0,35.9,0.82,3.9,346,19,26900.0,1,0.352
2026-07-11T10:00,0.0,0.0,0.0,0.0,0.0,0.0,1,1800.0,3.0,20.0,35.4,0.55,3.3,95,29,23300.0,1,0.352
2026-07-11T11:00,0.0,0.0,0.0,0.0,0.0,0.0,0,2880.0,51.0,45.0,32.3,1.05,1.8,175,9,21080.0,1,0.352
2026-07-11T12:00,0.0,0.0,0.0,0.0,0.0,0.0,0,3180.0,69.0,45.0,31.2,1.0,2.1,198,5,18800.0,0,0.333
2026-07-11T13:00,0.0,0.0,0.0,0.0,0.0,0.0,0,3630.0,79.0,45.0,30.1,1.42,2.6,198,5,16340.0,0,0.334
2026-07-11T14:00,0.0,0.0,0.0,0.0,0.0,0.0,1,3870.0,81.0,60.0,29.6,1.31,2.6,187,21,16340.0,0,0.334
2026-07-11T15:00,0.0,0.0,0.0,0.0,0.0,0.0,2,3800.0,72.0,40.0,29.3,0.85,2.5,177,74,14280.0,0,0.335
2026-07-11T16:00,0.0,0.0,0.0,0.0,0.0,0.0,3,3690.0,63.0,25.0,29.1,0.51,1.6,169,93,14280.0,0,0.336
2026-07-11T17:00,0.0,0.0,0.0,0.0,0.0,0.0,3,3280.0,63.0,55.0,28.6,1.15,2.0,180,85,14280.0,0,0.336
2026-07-11T18:00,0.0,0.0,0.0,0.0,0.0,0.0,3,3480.0,49.0,85.0,29.0,1.46,3.8,188,83,13880.0,0,0.336
2026-07-11T19:00,0.0,0.0,0.0,0.0,0.0,0.0,1,2600.0,60.0,160.0,28.4,2.11,3.9,194,48,16340.0,0,0.337
2026-07-11T20:00,0.0,0.0,0.0,0.0,0.0,0.0,3,2300.0,65.0,185.0,28.0,1.91,3.9,186,80,14060.0,0,0.337
2026-07-11T21:00,0.1,0.0,0.1,0.0,0.0,0.0,51,2210.0,57.0,210.0,27.8,1.92,3.8,173,97,8120.0,0,0.339
2026-07-11T22:00,0.0,0.0,0.0,0.0,0.0,0.0,3,2320.0,52.0,255.0,27.7,2.19,4.2,169,98,13960.0,1,0.339
2026-07-11T23:00,0.0,0.0,0.0,0.0,0.0,0.0,3,2590.0,48.0,260.0,28.3,1.76,4.5,160,89,14260.0,1,0.339
2026-07-12T00:00,0.0,0.0,0.0,0.0,0.0,0.0,2,3530.0,23.0,450.0,30.2,1.97,4.6,173,53,16340.0,1,0.347
2026-07-12T01:00,0.0,0.0,0.0,0.0,0.0,0.0,2,3840.0,16.0,550.0,31.6,2.16,5.8,184,55,18780.0,1,0.346
2026-07-12T02:00,0.0,0.0,0.0,0.0,0.0,0.0,0,4080.0,5.0,770.0,33.2,1.87,6.2,189,8,21060.0,1,0.343
2026-07-12T03:00,0.0,0.0,0.0,0.0,0.0,0.0,1,4310.0,0.0,1235.0,34.4,2.12,6.6,195,20,15340.0,1,0.339
2026-07-12T04:00,0.6,0.3,0.3,0.0,0.0,0.0,95,4080.0,0.0,1160.0,34.2,2.28,6.9,195,91,5220.0,1,0.341
2026-07-12T05:00,0.4,0.2,0.2,0.0,0.0,0.0,95,3790.0,0.0,1390.0,35.1,1.74,6.7,198,100,6300.0,1,0.341
2026-07-12T06:00,0.3,0.2,0.1,0.0,0.0,0.0,95,2830.0,0.0,1490.0,35.3,1.88,5.1,228,100,23280.0,1,0.331
2026-07-12T07:00,0.0,0.0,0.0,0.0,0.0,0.0,3,2700.0,1.0,1460.0,35.7,1.63,5.7,243,99,23280.0,1,0.328
2026-07-12T08:00,0.0,0.0,0.0,0.0,0.0,0.0,3,2130.0,4.0,1560.0,35.8,1.3,4.9,208,95,26880.0,1,0.325
2026-07-12T09:00,0.1,0.0,0.1,0.0,0.0,0.0,51,2000.0,6.0,1465.0,35.8,1.76,4.4,185,92,26880.0,1,0.323
2026-07-12T10:00,0.1,0.0,0.1,0.0,0.0,0.0,51,2810.0,19.0,420.0,33.9,2.44,4.6,169,84,23280.0,1,0.324
2026-07-12T11:00,0.0,0.0,0.0,0.0,0.0,0.0,3,2580.0,75.0,305.0,32.1,3.08,6.7,188,80,21060.0,1,0.324
2026-07-12T12:00,0.0,0.0,0.0,0.0,0.0,0.0,3,3950.0,35.0,375.0,31.3,2.34,5.9,169,95,18780.0,0,0.319
2026-07-12T13:00,0.0,0.0,0.0,0.0,0.0,0.0,3,3620.0,54.0,280.0,30.3,2.4,5.3,181,100,18780.0,0,0.32
2026-07-12T14:00,0.0,0.0,0.0,0.0,0.0,0.0,3,3530.0,42.0,425.0,29.8,2.75,5.5,181,99,16320.0,0,0.32
2026-07-12T15:00,0.0,0.0,0.0,0.0,0.0,0.0,3,3280.0,35.0,425.0,29.3,2.6,5.5,182,99,16320.0,0,0.32
2026-07-12T16:00,0.0,0.0,0.0,0.0,0.0,0.0,3,3380.0,14.0,390.0,28.7,2.62,5.3,188,99,14260.0,0,0.32
2026-07-12T17:00,0.0,0.0,0.0,0.0,0.0,0.0,3,3390.0,8.0,475.0,28.4,3.01,6.3,184,100,10920.0,0,0.321
2026-07-12T18:00,0.0,0.0,0.0,0.0,0.0,0.0,3,2570.0,14.0,430.0,28.3,2.61,6.3,185,100,11320.0,0,0.309
2026-07-12T19:00,0.0,0.0,0.0,0.0,0.0,0.0,3,2610.0,9.0,380.0,27.8,1.9,5.3,182,100,12780.0,0,0.31
2026-07-12T20:00,0.0,0.0,0.0,0.0,0.0,0.0,3,2740.0,5.0,325.0,27.5,1.6,3.9,180,99,9760.0,0,0.31
2026-07-12T21:00,0.0,0.0,0.0,0.0,0.0,0.0,3,2620.0,5.0,220.0,27.1,1.07,3.3,169,99,10740.0,0,0.311
2026-07-12T22:00,0.0,0.0,0.0,0.0,0.0,0.0,3,2600.0,4.0,60.0,26.9,0.58,2.4,149,99,8380.0,1,0.311
2026-07-12T23:00,0.0,0.0,0.0,0.0,0.0,0.0,3,2720.0,1.0,320.0,28.0,1.37,3.2,156,98,9760.0,1,0.311
2026-07-13T00:00,0.0,0.0,0.0,0.0,0.0,0.0,3,2820.0,1.0,445.0,29.6,1.65,5.0,183,98,13000.0,1,0.318
2026-07-13T01:00,0.0,0.0,0.0,0.0,0.0,0.0,3,2330.0,2.0,595.0,30.5,1.0,4.2,183,98,16120.0,1,0.317
2026-07-13T02:00,0.0,0.0,0.0,0.0,0.0,0.0,3,1860.0,8.0,730.0,31.8,0.5,3.6,143,95,15700.0,1,0.315
2026-07-13T03:00,0.0,0.0,0.0,0.0,0.0,0.0,0,1670.0,8.0,1000.0,32.7,0.81,3.8,133,5,21040.0,1,0.312
2026-07-13T04:00,0.0,0.0,0.0,0.0,0.0,0.0,3,1640.0,9.0,1150.0,33.9,0.69,4.8,150,100,23260.0,1,0.307
2026-07-13T05:00,0.0,0.0,0.0,0.0,0.0,0.0,2,1390.0,16.0,1210.0,34.0,0.7,3.9,94,66,10960.0,1,0.303
2026-07-13T06:00,0.1,0.1,0.0,0.0,0.0,0.0,51,780.0,10.0,1645.0,35.2,0.8,4.5,90,87,7580.0,1,0.313
2026-07-13T07:00,0.3,0.2,0.1,0.0,0.0,0.0,51,750.0,8.0,910.0,33.9,3.1,6.6,142,99,5020.0,1,0.313
2026-07-13T08:00,0.2,0.2,0.0,0.0,0.0,0.0,51,2010.0,25.0,615.0,31.8,2.8,8.6,140,97,21040.0,1,0.313
2026-07-13T09:00,0.0,0.0,0.0,0.0,0.0,0.0,3,2170.0,14.0,785.0,32.4,2.25,6.4,159,80,21040.0,1,0.311
2026-07-13T10:00,0.0,0.0,0.0,0.0,0.0,0.0,3,1980.0,12.0,810.0,31.8,1.83,5.2,154,99,21040.0,1,0.31
2026-07-13T11:00,0.0,0.0,0.0,0.0,0.0,0.0,3,2320.0,12.0,200.0,30.4,1.26,3.9,162,84,12000.0,1,0.31
2026-07-13T12:00,0.0,0.0,0.0,0.0,0.0,0.0,3,2480.0,33.0,40.0,28.9,0.87,3.1,121,88,12400.0,0,0.281
2026-07-13T13:00,0.0,0.0,0.0,0.0,0.0,0.0,2,2840.0,22.0,40.0,28.5,0.63,2.0,151,59,10600.0,0,0.282
2026-07-13T14:00,0.0,0.0,0.0,0.0,0.0,0.0,2,3150.0,10.0,10.0,28.3,0.07,1.7,315,72,11800.0,0,0.283
2026-07-13T15:00,0.0,0.0,0.0,0.0,0.0,0.0,3,3400.0,5.0,55.0,28.2,0.54,1.0,304,87,11920.0,0,0.284
2026-07-13T16:00,0.8,0.1,0.7,0.0,0.0,0.0,95,2450.0,5.0,130.0,27.2,1.5,3.5,2,91,6160.0,0,0.294
2026-07-13T17:00,0.0,0.0,0.0,0.0,0.0,0.0,3,2280.0,5.0,110.0,27.0,1.12,2.6,10,87,5560.0,0,0.294
2026-07-13T18:00,0.1,0.1,0.0,0.0,0.0,0.0,51,1360.0,21.0,50.0,26.8,1.0,2.3,267,98,5880.0,0,0.287
2026-07-13T19:00,0.0,0.0,0.0,0.0,0.0,0.0,3,1680.0,12.0,35.0,26.8,0.4,1.4,7,88,11880.0,0,0.287
2026-07-13T20:00,0.0,0.0,0.0,0.0,0.0,0.0,3,1900.0,5.0,280.0,26.9,0.82,2.0,76,99,11360.0,0,0.288
2026-07-13T21:00,0.1,0.0,0.1,0.0,0.0,0.0,51,1620.0,4.0,225.0,26.7,0.78,2.3,63,98,14120.0,0,0.289
2026-07-13T22:00,0.0,0.0,0.0,0.0,0.0,0.0,3,1330.0,4.0,260.0,26.7,0.85,1.9,45,100,14240.0,1,0.29
2026-07-13T23:00,0.0,0.0,0.0,0.0,0.0,0.0,3,1390.0,3.0,345.0,27.0,1.5,3.5,60,95,14080.0,1,0.29
2026-07-14T00:00,0.0,0.0,0.0,0.0,0.0,0.0,2,1260.0,6.0,450.0,27.8,2.22,5.6,59,77,6320.0,1,0.293
2026-07-14T01:00,0.2,0.1,0.1,0.0,0.0,0.0,51,1570.0,1.0,765.0,28.7,2.69,7.5,59,55,9320.0,1,0.295
2026-07-14T02:00,0.0,0.0,0.0,0.0,0.0,0.0,3,1800.0,0.0,1250.0,30.7,2.41,8.0,95,96,18760.0,1,0.293
2026-07-14T03:00,0.3,0.1,0.2,0.0,0.0,0.0,51,1390.0,1.0,790.0,30.4,3.36,8.4,137,85,2180.0,1,0.293
2026-07-14T04:00,2.5,0.4,2.1,0.0,0.0,0.0,96,1640.0,2.0,895.0,30.0,2.46,9.2,128,70,8800.0,1,0.322
2026-07-14T05:00,0.1,0.0,0.1,0.0,0.0,0.0,51,1810.0,0.0,1355.0,31.8,4.21,10.4,135,87,11420.0,1,0.319
2026-07-14T06:00,2.7,0.7,2.0,0.0,0.0,0.0,96,1790.0,0.0,955.0,31.3,4.49,13.1,128,66,3180.0,1,0.336
2026-07-14T07:00,2.2,0.3,1.9,0.0,0.0,0.0,96,1720.0,6.0,810.0,29.5,3.87,10.9,156,86,7300.0,1,0.358
2026-07-14T08:00,1.3,0.4,0.9,0.0,0.0,0.0,80,990.0,14.0,700.0,27.7,3.72,9.7,149,91,4140.0,1,0.369
2026-07-14T09:00,0.6,0.5,0.1,0.0,0.0,0.0,53,1180.0,1.0,820.0,27.7,4.21,8.5,150,78,4420.0,1,0.372
2026-07-14T10:00,0.3,0.2,0.1,0.0,0.0,0.0,51,1560.0,1.0,925.0,27.7,3.83,9.5,163,85,6000.0,1,0.372
2026-07-14T11:00,0.1,0.1,0.0,0.0,0.0,0.0,51,950.0,5.0,810.0,26.8,3.56,8.1,154,84,7540.0,1,0.371
2026-07-14T12:00,0.1,0.1,0.0,0.0,0.0,0.0,51,1520.0,6.0,460.0,26.7,2.47,7.2,148,85,3340.0,0,0.404
2026-07-14T13:00,0.4,0.3,0.1,0.0,0.0,0.0,51,1060.0,5.0,500.0,25.9,2.53,6.8,150,39,6440.0,0,0.403
2026-07-14T14:00,0.0,0.0,0.0,0.0,0.0,0.0,1,660.0,9.0,440.0,25.5,2.41,5.4,146,33,9760.0,0,0.399
2026-07-14T15:00,0.0,0.0,0.0,0.0,0.0,0.0,1,520.0,9.0,435.0,25.4,2.47,5.3,148,43,10240.0,0,0.395
2026-07-14T16:00,0.0,0.0,0.0,0.0,0.0,0.0,1,480.0,8.0,440.0,25.3,2.08,5.2,153,43,10980.0,0,0.392
2026-07-14T17:00,0.0,0.0,0.0,0.0,0.0,0.0,1,380.0,8.0,325.0,25.1,1.64,4.6,149,30,10820.0,0,0.389
2026-07-14T18:00,0.0,0.0,0.0,0.0,0.0,0.0,1,550.0,7.0,315.0,25.4,1.62,3.8,146,30,11120.0,0,0.375
2026-07-14T19:00,0.0,0.0,0.0,0.0,0.0,0.0,1,460.0,5.0,210.0,25.0,0.86,3.6,144,20,8480.0,0,0.374
2026-07-14T20:00,0.0,0.0,0.0,0.0,0.0,0.0,1,400.0,3.0,235.0,24.9,0.92,2.4,151,38,4960.0,0,0.373
2026-07-14T21:00,0.0,0.0,0.0,0.0,0.0,0.0,2,330.0,4.0,175.0,24.8,0.79,2.5,162,75,3860.0,0,0.373
2026-07-14T22:00,0.1,0.1,0.0,0.0,0.0,0.0,51,330.0,3.0,220.0,24.8,1.1,2.7,175,88,4240.0,1,0.373
2026-07-14T23:00,0.3,0.3,0.0,0.0,0.0,0.0,51,300.0,3.0,365.0,25.4,2.23,4.9,171,73,4780.0,1,0.375
2026-07-15T00:00,0.3,0.2,0.1,0.0,0.0,0.0,51,560.0,1.0,645.0,27.3,2.89,7.2,171,44,6300.0,1,0.37
2026-07-15T01:00,0.2,0.2,0.0,0.0,0.0,0.0,51,830.0,3.0,805.0,28.5,3.11,7.3,176,42,6820.0,1,0.37
2026-07-15T02:00,0.1,0.1,0.0,0.0,0.0,0.0,51,1020.0,0.0,1005.0,30.0,2.86,8.6,168,100,18740.0,1,0.368
2026-07-15T03:00,0.0,0.0,0.0,0.0,0.0,0.0,3,1190.0,0.0,1285.0,30.8,4.06,10.1,184,90,4500.0,1,0.365
2026-07-15T04:00,1.1,0.6,0.5,0.0,0.0,0.0,55,930.0,9.0,715.0,29.4,4.15,9.9,181,65,2700.0,1,0.373
2026-07-15T05:00,2.2,2.1,0.1,0.0,0.0,0.0,80,1650.0,0.0,785.0,27.9,4.83,12.0,170,53,3400.0,1,0.391
2026-07-15T06:00,0.6,0.1,0.5,0.0,0.0,0.0,95,1650.0,0.0,1075.0,29.9,4.35,11.8,199,100,3880.0,1,0.385
2026-07-15T07:00,3.0,2.4,0.6,0.0,0.0,0.0,81,880.0,11.0,405.0,26.1,3.75,10.8,178,81,2620.0,1,0.414
2026-07-15T08:00,0.8,0.7,0.1,0.0,0.0,0.0,53,1420.0,4.0,610.0,27.7,3.0,7.6,181,92,6840.0,1,0.412
2026-07-15T09:00,2.5,0.2,2.3,0.0,0.0,0.0,95,990.0,1.0,515.0,26.3,3.96,9.2,176,98,2000.0,1,0.43
2026-07-15T10:00,1.0,0.5,0.5,0.0,0.0,0.0,55,1360.0,0.0,410.0,26.0,3.3,8.8,170,94,5140.0,1,0.418
2026-07-15T11:00,0.0,0.0,0.0,0.0,0.0,0.0,3,1100.0,1.0,385.0,25.7,2.72,6.8,174,90,7360.0,1,0.411
2026-07-15T12:00,0.0,0.0,0.0,0.0,0.0,0.0,3,1060.0,7.0,475.0,26.8,2.4,5.3,163,99,10420.0,0,0.406
2026-07-15T13:00,0.0,0.0,0.0,0.0,0.0,0.0,3,1100.0,4.0,445.0,26.3,2.44,4.9,165,95,9220.0,0,0.404
2026-07-15T14:00,0.0,0.0,0.0,0.0,0.0,0.0,1,1020.0,5.0,475.0,26.1,2.47,5.3,172,20,7880.0,0,0.403
2026-07-15T15:00,0.0,0.0,0.0,0.0,0.0,0.0,0,970.0,7.0,225.0,25.5,1.46,5.0,172,19,10460.0,0,0.401
2026-07-15T16:00,0.0,0.0,0.0,0.0,0.0,0.0,0,920.0,6.0,205.0,25.3,1.27,3.3,169,16,8240.0,0,0.4
2026-07-15T17:00,0.0,0.0,0.0,0.0,0.0,0.0,1,810.0,6.0,240.0,25.2,1.31,3.1,162,32,7800.0,0,0.399
2026-07-15T18:00,0.1,0.1,0.0,0.0,0.0,0.0,51,1230.0,6.0,195.0,25.6,1.21,3.2,156,21,5420.0,0,0.393
2026-07-15T19:00,0.0,0.0,0.0,0.0,0.0,0.0,1,1140.0,7.0,115.0,25.2,0.93,3.0,164,30,6780.0,0,0.393
2026-07-15T20:00,0.6,0.4,0.2,0.0,0.0,0.0,53,800.0,7.0,265.0,25.2,1.95,5.0,167,98,3320.0,0,0.398
2026-07-15T21:00,0.7,0.6,0.1,0.0,0.0,0.0,53,600.0,3.0,495.0,24.9,2.66,5.6,168,80,3740.0,0,0.406
2026-07-15T22:00,0.3,0.3,0.0,0.0,0.0,0.0,51,550.0,5.0,415.0,24.7,2.52,5.5,166,95,4400.0,1,0.407
2026-07-15T23:00,0.1,0.1,0.0,0.0,0.0,0.0,51,570.0,12.0,365.0,25.2,2.62,5.4,162,91,8160.0,1,0.406
2026-07-16T00:00,0.1,0.1,0.0,0.0,0.0,0.0,51,870.0,0.0,400.0,26.1,2.11,6.3,176,96,5660.0,1,0.427
2026-07-16T01:00,0.1,0.0,0.1,0.0,0.0,0.0,51,890.0,0.0,600.0,27.0,2.61,6.5,184,61,8980.0,1,0.419
2026-07-16T02:00,0.1,0.1,0.0,0.0,0.0,0.0,51,1150.0,0.0,800.0,28.6,2.95,7.6,183,93,7960.0,1,0.414
2026-07-16T03:00,2.8,0.4,2.4,0.0,0.0,0.0,95,660.0,8.0,485.0,27.2,3.41,8.1,183,97,1520.0,1,0.43
2026-07-16T04:00,3.2,3.2,0.0,0.0,0.0,0.0,81,1480.0,1.0,405.0,26.8,3.18,7.5,187,96,2900.0,1,0.428
2026-07-16T05:00,1.0,0.9,0.1,0.0,0.0,0.0,55,1740.0,0.0,440.0,27.2,2.62,7.3,173,95,3960.0,1,0.427
2026-07-16T06:00,0.4,0.2,0.2,0.0,0.0,0.0,95,2060.0,0.0,930.0,30.1,2.88,9.1,197,84,7600.0,1,0.419
2026-07-16T07:00,0.6,0.1,0.5,0.0,0.0,0.0,95,1660.0,0.0,860.0,30.0,3.26,8.8,195,99,13540.0,1,0.419
2026-07-16T08:00,0.0,0.0,0.0,0.0,0.0,0.0,3,1140.0,2.0,760.0,29.6,3.01,8.5,176,100,16960.0,1,0.416
2026-07-16T09:00,0.0,0.0,0.0,0.0,0.0,0.0,3,1060.0,4.0,675.0,28.9,3.36,7.1,185,83,12060.0,1,0.413
2026-07-16T10:00,0.0,0.0,0.0,0.0,0.0,0.0,3,1050.0,4.0,585.0,28.0,3.49,7.6,193,91,16020.0,1,0.412
2026-07-16T11:00,0.0,0.0,0.0,0.0,0.0,0.0,1,1030.0,9.0,460.0,26.9,3.05,7.2,190,48,9540.0,1,0.411
2026-07-16T12:00,0.0,0.0,0.0,0.0,0.0,0.0,2,1250.0,19.0,365.0,27.5,2.6,6.2,178,66,13240.0,0,0.406
2026-07-16T13:00,0.0,0.0,0.0,0.0,0.0,0.0,1,1150.0,25.0,320.0,26.8,2.36,5.4,174,26,11480.0,0,0.405
2026-07-16T14:00,0.0,0.0,0.0,0.0,0.0,0.0,0,1140.0,7.0,330.0,26.3,2.3,4.9,178,13,9680.0,0,0.405
2026-07-16T15:00,0.0,0.0,0.0,0.0,0.0,0.0,0,1120.0,14.0,255.0,25.9,1.6,4.7,182,16,9060.0,0,0.404
2026-07-16T16:00,0.0,0.0,0.0,0.0,0.0,0.0,3,1030.0,11.0,380.0,25.7,1.85,4.0,182,80,9960.0,0,0.404
2026-07-16T17:00,0.0,0.0,0.0,0.0,0.0,0.0,2,880.0,12.0,330.0,25.4,1.8,4.1,182,79,11000.0,0,0.403
2026-07-16T18:00,0.0,0.0,0.0,0.0,0.0,0.0,2,910.0,4.0,315.0,25.6,1.76,3.9,173,76,10680.0,0,0.403
2026-07-16T19:00,0.0,0.0,0.0,0.0,0.0,0.0,3,810.0,3.0,120.0,25.1,0.66,3.7,189,88,10380.0,0,0.403
2026-07-16T20:00,0.0,0.0,0.0,0.0,0.0,0.0,3,850.0,3.0,120.0,25.0,0.75,2.1,184,98,7620.0,0,0.402
2026-07-16T21:00,0.0,0.0,0.0,0.0,0.0,0.0,3,750.0,2.0,120.0,24.8,0.72,2.2,155,99,7780.0,0,0.402
2026-07-16T22:00,0.2,0.2,0.0,0.0,0.0,0.0,51,540.0,0.0,350.0,25.0,1.67,3.4,171,98,2700.0,1,0.403
2026-07-16T23:00,2.1,0.9,1.2,0.0,0.0,0.0,80,430.0,17.0,340.0,24.9,2.53,6.7,155,98,2380.0,1,0.424
2026-07-17T00:00,1.1,1.1,0.0,0.0,0.0,0.0,55,1330.0,0.0,495.0,27.1,2.47,6.6,172,89,6940.0,1,0.41
2026-07-17T01:00,0.3,0.3,0.0,0.0,0.0,0.0,51,950.0,3.0,530.0,27.7,2.86,6.8,175,74,5300.0,1,0.41
2026-07-17T02:00,0.2,0.1,0.1,0.0,0.0,0.0,51,1860.0,0.0,710.0,29.1,2.95,8.1,182,84,9840.0,1,0.408
2026-07-17T03:00,0.2,0.0,0.2,0.0,0.0,0.0,95,2330.0,0.0,995.0,30.3,2.85,8.6,179,97,9060.0,1,0.405
2026-07-17T04:00,0.6,0.2,0.4,0.0,0.0,0.0,95,1750.0,0.0,770.0,29.7,2.95,8.6,195,100,3520.0,1,0.407
2026-07-17T05:00,11.0,0.7,10.3,0.0,0.0,0.0,95,1110.0,20.0,380.0,26.7,3.15,8.4,198,100,1780.0,1,0.43
2026-07-17T06:00,2.2,2.1,0.1,0.0,0.0,0.0,80,2350.0,3.0,400.0,28.9,1.54,6.5,193,78,5580.0,1,0.429
2026-07-17T07:00,0.1,0.0,0.1,0.0,0.0,0.0,51,2630.0,0.0,935.0,30.9,2.27,6.7,194,95,13180.0,1,0.422
2026-07-17T08:00,2.9,0.0,2.9,0.0,0.0,0.0,96,1410.0,2.0,495.0,27.7,4.65,9.5,199,97,2060.0,1,0.43
2026-07-17T09:00,2.9,1.5,1.4,0.0,0.0,0.0,95,1740.0,4.0,410.0,26.5,3.1,10.1,179,92,2980.0,1,0.428
2026-07-17T10:00,0.6,0.6,0.0,0.0,0.0,0.0,53,1880.0,0.0,435.0,26.7,3.11,7.1,176,95,5460.0,1,0.427
2026-07-17T11:00,0.1,0.1,0.0,0.0,0.0,0.0,51,1840.0,1.0,400.0,26.3,2.7,6.4,177,98,9200.0,1,0.425
2026-07-17T12:00,0.0,0.0,0.0,0.0,0.0,0.0,3,2000.0,8.0,330.0,26.6,2.05,5.6,179,95,4980.0,0,0.418
2026-07-17T13:00,0.1,0.1,0.0,0.0,0.0,0.0,51,1830.0,22.0,215.0,26.1,1.56,4.1,174,97,7980.0,0,0.417
2026-07-17T14:00,0.0,0.0,0.0,0.0,0.0,0.0,3,1660.0,26.0,225.0,25.8,1.72,3.5,172,92,8040.0,0,0.417
2026-07-17T15:00,0.0,0.0,0.0,0.0,0.0,0.0,3,1590.0,23.0,245.0,25.7,1.6,3.7,178,86,8360.0,0,0.415
2026-07-17T16:00,0.0,0.0,0.0,0.0,0.0,0.0,3,1500.0,20.0,215.0,25.6,1.35,3.6,184,97,8200.0,0,0.414
2026-07-17T17:00,0.0,0.0,0.0,0.0,0.0,0.0,3,1500.0,12.0,180.0,25.6,1.05,3.0,185,100,8320.0,0,0.413
2026-07-17T18:00,0.0,0.0,0.0,0.0,0.0,0.0,3,2420.0,8.0,440.0,26.7,2.26,3.2,186,98,8920.0,0,0.412
2026-07-17T19:00,0.0,0.0,0.0,0.0,0.0,0.0,2,1830.0,6.0,400.0,26.0,2.67,5.3,186,70,5540.0,0,0.412
2026-07-17T20:00,0.0,0.0,0.0,0.0,0.0,0.0,2,1370.0,10.0,265.0,25.5,1.9,5.3,183,70,7100.0,0,0.411
2026-07-17T21:00,0.0,0.0,0.0,0.0,0.0,0.0,1,1230.0,6.0,260.0,25.3,1.35,3.8,180,48,7120.0,0,0.411
2026-07-17T22:00,0.0,0.0,0.0,0.0,0.0,0.0,3,1100.0,6.0,190.0,25.1,1.22,3.1,189,93,4260.0,1,0.41
2026-07-17T23:00,0.6,0.4,0.2,0.0,0.0,0.0,53,890.0,5.0,345.0,25.4,2.16,5.4,187,100,4160.0,1,0.416
2026-07-18T00:00,0.3,0.2,0.1,0.0,0.0,0.0,51,1620.0,3.0,330.0,26.9,1.86,5.7,174,85,5580.0,1,0.416
2026-07-18T01:00,0.2,0.2,0.0,0.0,0.0,0.0,51,1630.0,4.0,515.0,28.2,2.67,6.4,188,98,7120.0,1,0.415
2026-07-18T02:00,0.1,0.0,0.1,0.0,0.0,0.0,51,2420.0,0.0,665.0,29.4,2.1,7.3,179,98,7860.0,1,0.413
2026-07-18T03:00,0.2,0.0,0.2,0.0,0.0,0.0,95,2550.0,0.0,1080.0,30.7,2.83,8.3,193,93,18460.0,1,0.41
2026-07-18T04:00,0.1,0.0,0.1,0.0,0.0,0.0,51,2240.0,0.0,1075.0,31.0,2.7,8.4,191,99,15780.0,1,0.406
2026-07-18T05:00,0.1,0.0,0.1,0.0,0.0,0.0,51,1810.0,1.0,815.0,30.7,2.41,7.9,193,96,8660.0,1,0.404
2026-07-18T06:00,0.2,0.1,0.1,0.0,0.0,0.0,51,2120.0,0.0,890.0,31.1,1.9,7.2,182,99,20680.0,1,0.406
2026-07-18T07:00,0.0,0.0,0.0,0.0,0.0,0.0,3,1670.0,1.0,905.0,31.1,2.61,6.2,185,87,16800.0,1,0.403
2026-07-18T08:00,0.1,0.1,0.0,0.0,0.0,0.0,51,1640.0,1.0,875.0,31.1,3.41,7.6,191,92,7100.0,1,0.4
2026-07-18T09:00,0.4,0.1,0.3,0.0,0.0,0.0,51,1770.0,6.0,610.0,29.6,3.32,7.8,187,95,8900.0,1,0.402
2026-07-18T10:00,0.1,0.1,0.0,0.0,0.0,0.0,51,1790.0,12.0,490.0,28.6,3.2,7.7,181,97,11080.0,1,0.401
2026-07-18T11:00,0.0,0.0,0.0,0.0,0.0,0.0,3,1840.0,7.0,480.0,27.6,2.7,6.7,191,88,11860.0,1,0.401
2026-07-18T12:00,0.0,0.0,0.0,0.0,0.0,0.0,3,2730.0,2.0,360.0,27.0,2.11,5.6,187,100,9000.0,0,0.417
2026-07-18T13:00,0.0,0.0,0.0,0.0,0.0,0.0,3,2380.0,2.0,300.0,26.6,1.9,4.0,177,100,8160.0,0,0.415
2026-07-18T14:00,0.0,0.0,0.0,0.0,0.0,0.0,3,1990.0,8.0,305.0,26.2,2.15,4.2,183,100,8140.0,0,0.414
2026-07-18T15:00,0.0,0.0,0.0,0.0,0.0,0.0,1,1630.0,11.0,260.0,26.0,1.55,4.2,182,48,8320.0,0,0.412
2026-07-18T16:00,0.0,0.0,0.0,0.0,0.0,0.0,3,1440.0,14.0,205.0,25.7,1.36,3.3,172,95,8000.0,0,0.411
2026-07-18T17:00,0.0,0.0,0.0,0.0,0.0,0.0,3,1390.0,16.0,190.0,25.5,1.31,3.1,173,94,8140.0,0,0.41
2026-07-18T18:00,0.0,0.0,0.0,0.0,0.0,0.0,3,1960.0,12.0,140.0,26.3,1.29,3.1,167,99,8240.0,0,0.41
2026-07-18T19:00,0.0,0.0,0.0,0.0,0.0,0.0,3,1800.0,13.0,160.0,26.0,1.15,3.0,178,87,5920.0,0,0.409
2026-07-18T20:00,0.3,0.3,0.0,0.0,0.0,0.0,51,1400.0,14.0,245.0,25.6,1.7,3.5,194,100,4380.0,0,0.411
2026-07-18T21:00,0.3,0.3,0.0,0.0,0.0,0.0,51,920.0,30.0,215.0,25.3,1.8,3.8,178,100,6160.0,0,0.413
2026-07-18T22:00,0.0,0.0,0.0,0.0,0.0,0.0,3,870.0,38.0,105.0,25.2,1.27,3.7,169,94,7980.0,1,0.412
2026-07-18T23:00,0.0,0.0,0.0,0.0,0.0,0.0,3,1270.0,14.0,170.0,25.8,1.14,3.2,157,84,8300.0,1,0.41
2026-07-19T00:00,0.0,0.0,0.0,0.0,0.0,0.0,2,2120.0,0.0,405.0,27.2,1.99,4.3,168,79,6380.0,1,0.41
2026-07-19T01:00,0.0,0.0,0.0,0.0,0.0,0.0,3,2100.0,2.0,545.0,28.6,2.15,6.1,181,99,15600.0,1,0.408
2026-07-19T02:00,0.0,0.0,0.0,0.0,0.0,0.0,3,1500.0,2.0,975.0,30.1,2.47,6.2,187,100,17360.0,1,0.406
2026-07-19T03:00,0.0,0.0,0.0,0.0,0.0,0.0,3,870.0,2.0,1200.0,31.6,3.08,8.3,200,100,22720.0,1,0.401
2026-07-19T04:00,0.2,0.2,0.0,0.0,0.0,0.0,51,770.0,4.0,1195.0,31.7,3.56,8.1,200,100,4960.0,1,0.399
2026-07-19T05:00,0.5,0.4,0.1,0.0,0.0,0.0,53,1290.0,12.0,740.0,31.0,3.36,8.1,185,100,6740.0,1,0.4
2026-07-19T06:00,0.4,0.1,0.3,0.0,0.0,0.0,51,1430.0,8.0,715.0,30.5,1.7,7.8,183,100,20520.0,1,0.395
2026-07-19T07:00,0.0,0.0,0.0,0.0,0.0,0.0,3,1350.0,6.0,870.0,30.8,1.74,4.5,198,100,16400.0,1,0.393
2026-07-19T08:00,0.0,0.0,0.0,0.0,0.0,0.0,3,1200.0,13.0,830.0,30.9,2.07,5.1,195,97,14180.0,1,0.391
2026-07-19T09:00,0.0,0.0,0.0,0.0,0.0,0.0,3,1280.0,6.0,985.0,31.2,2.96,6.6,196,97,20500.0,1,0.389
2026-07-19T10:00,0.3,0.1,0.2,0.0,0.0,0.0,51,1230.0,26.0,450.0,29.0,2.82,7.2,163,100,14040.0,1,0.391
2026-07-19T11:00,0.0,0.0,0.0,0.0,0.0,0.0,3,1540.0,14.0,480.0,27.9,2.5,5.9,164,98,14800.0,1,0.391
2026-07-19T12:00,0.0,0.0,0.0,0.0,0.0,0.0,3,1590.0,11.0,635.0,28.2,2.68,5.0,189,100,10620.0,0,0.383
2026-07-19T13:00,2.6,0.0,2.6,0.0,0.0,0.0,96,1460.0,7.0,470.0,26.2,3.26,6.3,175,100,3140.0,0,0.414
2026-07-19T14:00,0.9,0.7,0.2,0.0,0.0,0.0,53,1280.0,17.0,280.0,25.8,1.8,6.3,178,100,3580.0,0,0.421
2026-07-19T15:00,0.5,0.5,0.0,0.0,0.0,0.0,53,1320.0,14.0,220.0,25.7,1.41,3.6,163,100,3800.0,0,0.422
2026-07-19T16:00,0.3,0.3,0.0,0.0,0.0,0.0,51,1400.0,8.0,140.0,25.5,0.97,3.1,145,100,4520.0,0,0.42
2026-07-19T17:00,0.1,0.1,0.0,0.0,0.0,0.0,51,1480.0,5.0,230.0,25.4,1.64,3.1,149,100,6260.0,0,0.417
2026-07-19T18:00,0.0,0.0,0.0,0.0,0.0,0.0,3,2260.0,6.0,170.0,26.1,1.52,3.4,163,100,4080.0,0,0.4
2026-07-19T19:00,0.2,0.2,0.0,0.0,0.0,0.0,51,1940.0,6.0,245.0,25.7,1.55,3.6,180,100,4880.0,0,0.403
2026-07-19T20:00,0.2,0.2,0.0,0.0,0.0,0.0,51,1780.0,8.0,215.0,25.5,1.3,3.4,164,100,4640.0,0,0.405
2026-07-19T21:00,0.2,0.2,0.0,0.0,0.0,0.0,51,1750.0,9.0,140.0,25.4,1.0,3.0,162,100,5340.0,0,0.406
2026-07-19T22:00,0.1,0.1,0.0,0.0,0.0,0.0,51,1760.0,8.0,70.0,25.4,0.63,2.5,151,100,2100.0,1,0.406
2026-07-19T23:00,0.0,0.0,0.0,0.0,0.0,0.0,3,1980.0,3.0,190.0,25.9,1.08,3.0,146,100,5460.0,1,0.406
2026-07-20T00:00,0.1,0.0,0.1,0.0,0.0,0.0,51,2540.0,2.0,330.0,27.3,0.72,5.0,168,71,9460.0,1,0.392
2026-07-20T01:00,0.0,0.0,0.0,0.0,0.0,0.0,3,2740.0,0.0,740.0,28.7,1.55,5.3,178,98,6560.0,1,0.392
2026-07-20T02:00,0.3,0.1,0.2,0.0,0.0,0.0,95,2660.0,0.0,840.0,28.9,1.64,6.2,232,100,5200.0,1,0.393
2026-07-20T03:00,4.6,0.2,4.4,0.0,0.0,0.0,96,1360.0,8.0,280.0,26.6,1.91,7.2,186,100,3280.0,1,0.427
2026-07-20T04:00,0.4,0.4,0.0,0.0,0.0,0.0,51,1950.0,7.0,255.0,27.0,1.43,5.1,119,100,6340.0,1,0.421
2026-07-20T05:00,1.9,0.5,1.4,0.0,0.0,0.0,95,1920.0,0.0,355.0,26.7,3.12,6.8,174,97,2820.0,1,0.43
2026-07-20T06:00,0.8,0.4,0.4,0.0,0.0,0.0,95,2810.0,0.0,705.0,28.5,2.4,8.1,163,100,5620.0,1,0.413
2026-07-20T07:00,0.3,0.1,0.2,0.0,0.0,0.0,95,2560.0,0.0,1090.0,29.6,3.36,8.7,184,100,7000.0,1,0.412
2026-07-20T08:00,1.1,0.9,0.2,0.0,0.0,0.0,55,1270.0,19.0,425.0,27.2,3.22,9.7,192,100,2660.0,1,0.418
2026-07-20T09:00,1.1,1.1,0.0,0.0,0.0,0.0,55,1700.0,7.0,360.0,26.4,2.45,7.2,182,100,4460.0,1,0.424
2026-07-20T10:00,0.3,0.3,0.0,0.0,0.0,0.0,51,1950.0,2.0,350.0,26.4,2.4,5.2,178,98,5440.0,1,0.421
2026-07-20T11:00,0.1,0.1,0.0,0.0,0.0,0.0,51,1920.0,5.0,265.0,26.2,1.55,4.6,178,95,6340.0,1,0.418
2026-07-20T12:00,0.1,0.1,0.0,0.0,0.0,0.0,51,2290.0,3.0,135.0,26.5,0.99,3.1,135,100,10520.0,0,0.41
2026-07-20T13:00,0.0,0.0,0.0,0.0,0.0,0.0,3,2290.0,5.0,65.0,26.0,0.78,2.4,140,100,1400.0,0,0.41
2026-07-20T14:00,0.0,0.0,0.0,0.0,0.0,0.0,3,2300.0,7.0,55.0,26.0,0.76,2.0,172,100,480.0,0,0.41
2026-07-20T15:00,0.0,0.0,0.0,0.0,0.0,0.0,3,2350.0,6.0,70.0,25.9,0.96,2.3,171,95,400.0,0,0.41
2026-07-20T16:00,0.0,0.0,0.0,0.0,0.0,0.0,3,2230.0,7.0,80.0,25.8,1.18,2.7,168,82,320.0,0,0.41
2026-07-20T17:00,0.0,0.0,0.0,0.0,0.0,0.0,2,2050.0,7.0,150.0,25.6,1.33,3.1,167,62,360.0,0,0.409
2026-07-20T18:00,0.0,0.0,0.0,0.0,0.0,0.0,2,2310.0,6.0,145.0,25.8,1.48,3.1,168,63,480.0,0,0.399
2026-07-20T19:00,0.0,0.0,0.0,0.0,0.0,0.0,2,1940.0,8.0,145.0,25.3,1.29,3.2,167,66,300.0,0,0.4
2026-07-20T20:00,0.0,0.0,0.0,0.0,0.0,0.0,3,1630.0,9.0,105.0,25.1,1.15,3.0,182,80,260.0,0,0.401
2026-07-20T21:00,0.0,0.0,0.0,0.0,0.0,0.0,2,1420.0,15.0,70.0,24.9,0.81,2.8,173,77,280.0,0,0.402
2026-07-20T22:00,0.0,0.0,0.0,0.0,0.0,0.0,2,1340.0,13.0,100.0,24.9,0.91,2.6,174,77,360.0,1,0.402
2026-07-20T23:00,0.0,0.0,0.0,0.0,0.0,0.0,2,1530.0,0.0,280.0,25.4,1.52,3.7,163,59,800.0,1,0.402
2026-07-21T00:00,0.0,0.0,0.0,0.0,0.0,0.0,2,1740.0,1.0,435.0,27.2,1.99,5.8,168,64,9920.0,1,0.393
2026-07-21T01:00,0.0,0.0,0.0,0.0,0.0,0.0,2,1570.0,2.0,860.0,28.9,2.53,6.4,165,67,13480.0,1,0.393
2026-07-21T02:00,0.1,0.1,0.0,0.0,0.0,0.0,51,1430.0,2.0,1150.0,30.3,3.61,8.4,170,23,10540.0,1,0.391
2026-07-21T03:00,0.1,0.1,0.0,0.0,0.0,0.0,51,1210.0,2.0,1385.0,31.5,4.25,11.1,181,30,8540.0,1,0.389
2026-07-21T04:00,0.3,0.0,0.3,0.0,0.0,0.0,51,330.0,14.0,1060.0,30.6,5.25,11.8,196,66,3340.0,1,0.389
2026-07-21T05:00,0.6,0.6,0.0,0.0,0.0,0.0,53,1230.0,16.0,940.0,29.9,4.86,11.3,197,34,4880.0,1,0.391
2026-07-21T06:00,0.2,0.2,0.0,0.0,0.0,0.0,51,1710.0,0.0,1420.0,32.0,4.37,11.4,186,18,8500.0,1,0.398
2026-07-21T07:00,0.3,0.1,0.2,0.0,0.0,0.0,51,510.0,21.0,1230.0,31.4,5.58,12.0,200,41,6240.0,1,0.396
2026-07-21T08:00,0.3,0.3,0.0,0.0,0.0,0.0,51,1590.0,11.0,755.0,29.3,3.91,12.0,219,9,6960.0,1,0.395
2026-07-21T09:00,0.1,0.1,0.0,0.0,0.0,0.0,51,1700.0,5.0,770.0,29.3,2.7,8.6,219,9,12040.0,1,0.394
2026-07-21T10:00,0.0,0.0,0.0,0.0,0.0,0.0,0,1770.0,6.0,650.0,28.9,1.68,7.3,197,13,14160.0,1,0.392
2026-07-21T11:00,0.0,0.0,0.0,0.0,0.0,0.0,0,1910.0,9.0,330.0,27.7,1.05,4.0,175,17,13100.0,1,0.392
2026-07-21T12:00,0.0,0.0,0.0,0.0,0.0,0.0,0,1950.0,16.0,55.0,26.8,0.96,2.4,152,10,11100.0,0,0.402
2026-07-21T13:00,0.0,0.0,0.0,0.0,0.0,0.0,0,1860.0,18.0,45.0,26.1,0.86,2.2,173,16,10720.0,0,0.402
2026-07-21T14:00,0.0,0.0,0.0,0.0,0.0,0.0,0,1800.0,21.0,50.0,25.9,0.93,2.1,164,5,10860.0,0,0.402
2026-07-21T15:00,0.0,0.0,0.0,0.0,0.0,0.0,0,1770.0,21.0,50.0,25.7,0.9,2.2,183,2,11020.0,0,0.402
2026-07-21T16:00,0.0,0.0,0.0,0.0,0.0,0.0,0,1720.0,21.0,40.0,25.3,0.81,2.1,173,5,8020.0,0,0.402
2026-07-21T17:00,0.0,0.0,0.0,0.0,0.0,0.0,0,1670.0,19.0,35.0,24.9,0.8,1.9,176,10,2840.0,0,0.402
2026-07-21T18:00,0.0,0.0,0.0,0.0,0.0,0.0,3,1680.0,16.0,25.0,25.1,0.85,2.1,208,100,340.0,0,0.395
2026-07-21T19:00,0.0,0.0,0.0,0.0,0.0,0.0,3,1560.0,15.0,45.0,24.7,0.78,2.0,165,100,180.0,0,0.396
2026-07-21T20:00,0.0,0.0,0.0,0.0,0.0,0.0,2,1160.0,19.0,110.0,24.6,1.14,3.0,165,69,240.0,0,0.397
2026-07-21T21:00,0.0,0.0,0.0,0.0,0.0,0.0,2,1090.0,7.0,45.0,24.2,0.67,2.7,167,63,240.0,0,0.397
2026-07-21T22:00,0.0,0.0,0.0,0.0,0.0,0.0,3,1040.0,6.0,40.0,24.0,0.76,2.1,169,99,140.0,1,0.397
2026-07-21T23:00,0.0,0.0,0.0,0.0,0.0,0.0,3,1170.0,15.0,110.0,24.9,0.96,3.1,174,82,280.0,1,0.397
2026-07-22T00:00,0.0,0.0,0.0,0.0,0.0,0.0,1,1910.0,3.0,295.0,26.9,0.61,4.4,171,24,4780.0,1,0.397
2026-07-22T01:00,0.0,0.0,0.0,0.0,0.0,0.0,0,2340.0,0.0,735.0,28.8,1.72,6.4,188,9,11920.0,1,0.396
2026-07-22T02:00,0.1,0.0,0.1,0.0,0.0,0.0,51,2160.0,1.0,920.0,30.2,2.16,7.0,175,22,8100.0,1,0.394
2026-07-22T03:00,0.1,0.1,0.0,0.0,0.0,0.0,51,1920.0,2.0,1035.0,31.3,2.82,7.8,173,17,10980.0,1,0.391
2026-07-22T04:00,0.3,0.2,0.1,0.0,0.0,0.0,51,1320.0,5.0,1190.0,31.7,3.82,8.7,186,55,4200.0,1,0.389
2026-07-22T05:00,0.2,0.2,0.0,0.0,0.0,0.0,51,1440.0,9.0,1250.0,32.3,3.4,8.8,190,8,11540.0,1,0.387
2026-07-22T06:00,0.1,0.1,0.0,0.0,0.0,0.0,51,430.0,47.0,1570.0,33.2,3.27,9.0,187,7,25700.0,1,0.395
2026-07-22T07:00,0.0,0.0,0.0,0.0,0.0,0.0,1,680.0,9.0,1550.0,33.2,3.38,7.7,204,23,25680.0,1,0.39
2026-07-22T08:00,0.0,0.0,0.0,0.0,0.0,0.0,1,830.0,14.0,1135.0,32.4,4.26,9.1,220,20,19280.0,1,0.386
2026-07-22T09:00,0.0,0.0,0.0,0.0,0.0,0.0,0,930.0,32.0,800.0,31.3,4.21,9.2,223,4,14860.0,1,0.383
2026-07-22T10:00,0.0,0.0,0.0,0.0,0.0,0.0,0,1130.0,40.0,635.0,30.3,3.58,8.7,208,2,20020.0,1,0.382
2026-07-22T11:00,0.0,0.0,0.0,0.0,0.0,0.0,0,1300.0,51.0,420.0,28.7,2.8,7.3,202,2,17820.0,1,0.381
2026-07-22T12:00,0.0,0.0,0.0,0.0,0.0,0.0,0,1560.0,48.0,355.0,28.4,2.53,5.5,207,7,17800.0,0,0.361
2026-07-22T13:00,0.0,0.0,0.0,0.0,0.0,0.0,0,1460.0,22.0,230.0,27.5,1.7,5.0,182,2,16980.0,0,0.363
2026-07-22T14:00,0.0,0.0,0.0,0.0,0.0,0.0,0,1640.0,20.0,145.0,26.8,1.37,3.5,170,1,15160.0,0,0.364
2026-07-22T15:00,0.0,0.0,0.0,0.0,0.0,0.0,0,1830.0,14.0,175.0,26.4,1.45,3.2,182,1,15300.0,0,0.365
2026-07-22T16:00,0.0,0.0,0.0,0.0,0.0,0.0,0,1860.0,16.0,165.0,26.1,1.46,3.2,186,1,13460.0,0,0.367
2026-07-22T17:00,0.0,0.0,0.0,0.0,0.0,0.0,0,1890.0,5.0,150.0,25.7,1.27,3.2,191,2,11240.0,0,0.368
2026-07-22T18:00,0.0,0.0,0.0,0.0,0.0,0.0,0,2210.0,2.0,65.0,26.0,0.81,2.9,169,6,8800.0,0,0.362
2026-07-22T19:00,0.2,0.1,0.1,0.0,0.0,0.0,51,1660.0,4.0,45.0,25.1,0.74,2.2,160,39,3740.0,0,0.365
2026-07-22T20:00,0.2,0.2,0.0,0.0,0.0,0.0,51,1480.0,6.0,95.0,25.3,0.8,2.0,184,44,6060.0,0,0.368
2026-07-22T21:00,0.1,0.1,0.0,0.0,0.0,0.0,51,1370.0,16.0,180.0,25.0,1.69,3.5,146,46,6500.0,0,0.37
2026-07-22T22:00,0.1,0.1,0.0,0.0,0.0,0.0,51,1090.0,33.0,100.0,24.7,0.96,3.5,137,13,9300.0,1,0.371
2026-07-22T23:00,0.0,0.0,0.0,0.0,0.0,0.0,0,1280.0,23.0,185.0,25.3,1.1,3.2,137,13,10160.0,1,0.372
2026-07-23T00:00,0.0,0.0,0.0,0.0,0.0,0.0,0,2170.0,5.0,310.0,27.2,0.88,3.8,133,2,13160.0,1,0.375
2026-07-23T01:00,0.0,0.0,0.0,0.0,0.0,0.0,0,2440.0,1.0,600.0,29.0,1.12,4.5,159,16,11320.0,1,0.374
2026-07-23T02:00,0.1,0.1,0.0,0.0,0.0,0.0,51,2150.0,2.0,830.0,30.4,1.46,4.7,188,15,9960.0,1,0.373
2026-07-23T03:00,0.1,0.1,0.0,0.0,0.0,0.0,51,2030.0,3.0,1020.0,31.6,1.63,5.1,198,10,11060.0,1,0.37
2026-07-23T04:00,0.0,0.0,0.0,0.0,0.0,0.0,0,1850.0,5.0,1195.0,32.6,1.68,5.3,197,8,12560.0,1,0.366
2026-07-23T05:00,0.0,0.0,0.0,0.0,0.0,0.0,0,1790.0,10.0,1295.0,33.3,1.46,5.2,186,10,11300.0,1,0.362
2026-07-23T06:00,0.1,0.1,0.0,0.0,0.0,0.0,51,1280.0,12.0,1440.0,33.6,0.79,5.0,145,9,14240.0,1,0.364
2026-07-23T07:00,0.0,0.0,0.0,0.0,0.0,0.0,1,1150.0,17.0,1515.0,33.9,1.01,3.9,153,21,20680.0,1,0.36
2026-07-23T08:00,0.0,0.0,0.0,0.0,0.0,0.0,1,1210.0,18.0,1545.0,33.9,1.1,3.8,156,41,25480.0,1,0.357
2026-07-23T09:00,0.0,0.0,0.0,0.0,0.0,0.0,1,1290.0,23.0,1460.0,33.5,1.32,3.5,169,34,25480.0,1,0.355
2026-07-23T10:00,0.0,0.0,0.0,0.0,0.0,0.0,0,1880.0,16.0,230.0,32.3,1.52,3.3,163,5,21980.0,1,0.354
2026-07-23T11:00,0.0,0.0,0.0,0.0,0.0,0.0,0,2070.0,39.0,130.0,30.3,1.46,3.1,164,2,19840.0,1,0.354
2026-07-23T12:00,0.0,0.0,0.0,0.0,0.0,0.0,0,2620.0,49.0,90.0,29.9,1.36,3.3,174,4,17660.0,0,0.35
2026-07-23T13:00,0.0,0.0,0.0,0.0,0.0,0.0,0,2500.0,68.0,240.0,29.1,2.67,4.8,188,2,17660.0,0,0.35
2026-07-23T14:00,0.0,0.0,0.0,0.0,0.0,0.0,0,2070.0,90.0,250.0,28.0,2.57,5.3,188,2,17660.0,0,0.351
2026-07-23T15:00,0.0,0.0,0.0,0.0,0.0,0.0,0,1980.0,87.0,285.0,27.4,2.52,5.1,187,2,15320.0,0,0.351
2026-07-23T16:00,0.0,0.0,0.0,0.0,0.0,0.0,0,2060.0,72.0,285.0,27.0,2.31,5.0,185,1,15320.0,0,0.352
2026-07-23T17:00,0.0,0.0,0.0,0.0,0.0,0.0,0,2130.0,56.0,255.0,26.6,1.65,4.6,183,2,13340.0,0,0.352
2026-07-23T18:00,0.0,0.0,0.0,0.0,0.0,0.0,0,2330.0,26.0,145.0,26.5,0.91,3.4,174,5,13340.0,0,0.35
2026-07-23T19:00,0.0,0.0,0.0,0.0,0.0,0.0,0,2440.0,18.0,90.0,26.1,0.9,2.0,177,12,11120.0,0,0.35
2026-07-23T20:00,0.0,0.0,0.0,0.0,0.0,0.0,0,2520.0,12.0,60.0,25.9,0.81,2.0,169,17,11120.0,0,0.351
2026-07-23T21:00,0.0,0.0,0.0,0.0,0.0,0.0,0,2630.0,9.0,45.0,25.7,0.68,1.8,163,5,10580.0,0,0.352
2026-07-23T22:00,0.0,0.0,0.0,0.0,0.0,0.0,0,2670.0,7.0,40.0,25.5,0.53,1.5,139,9,3740.0,1,0.352
2026-07-23T23:00,0.0,0.0,0.0,0.0,0.0,0.0,0,3030.0,1.0,115.0,26.8,0.42,2.1,135,13,4260.0,1,0.353
2026-07-24T00:00,0.2,0.1,0.1,0.0,0.0,0.0,51,2900.0,0.0,455.0,28.4,0.22,2.4,333,16,7500.0,1,0.354
2026-07-24T01:00,0.1,0.0,0.1,0.0,0.0,0.0,51,2700.0,0.0,670.0,29.8,0.25,2.8,281,12,9440.0,1,0.354
2026-07-24T02:00,0.1,0.0,0.1,0.0,0.0,0.0,51,2520.0,1.0,810.0,30.8,0.3,3.2,90,17,11160.0,1,0.353
2026-07-24T03:00,0.0,0.0,0.0,0.0,0.0,0.0,0,2480.0,4.0,965.0,32.0,0.18,3.3,124,15,12380.0,1,0.349
2026-07-24T04:00,0.0,0.0,0.0,0.0,0.0,0.0,0,2400.0,6.0,1135.0,33.1,0.18,3.3,236,9,16860.0,1,0.345
2026-07-24T05:00,0.0,0.0,0.0,0.0,0.0,0.0,0,2170.0,8.0,1285.0,34.0,0.07,3.3,315,13,21840.0,1,0.341
2026-07-24T06:00,0.0,0.0,0.0,0.0,0.0,0.0,0,2130.0,9.0,1255.0,34.2,0.87,3.4,13,7,21840.0,1,0.335
2026-07-24T07:00,0.0,0.0,0.0,0.0,0.0,0.0,0,1990.0,20.0,1250.0,34.4,1.06,4.1,19,3,25300.0,1,0.331
2026-07-24T08:00,0.0,0.0,0.0,0.0,0.0,0.0,0,1460.0,47.0,1145.0,34.5,1.01,3.9,33,2,25300.0,1,0.328
2026-07-24T09:00,0.0,0.0,0.0,0.0,0.0,0.0,0,920.0,99.0,725.0,34.2,0.87,3.4,59,1,25300.0,1,0.326
2026-07-24T10:00,0.0,0.0,0.0,0.0,0.0,0.0,0,1000.0,131.0,60.0,32.9,0.68,2.5,107,2,21820.0,1,0.325
2026-07-24T11:00,0.0,0.0,0.0,0.0,0.0,0.0,0,1080.0,150.0,25.0,30.2,0.93,2.5,144,2,19700.0,1,0.325
2026-07-24T12:00,0.0,0.0,0.0,0.0,0.0,0.0,3,1010.0,34.0,15.0,30.3,0.3,1.8,180,94,19680.0,0,0.328
2026-07-24T13:00,0.0,0.0,0.0,0.0,0.0,0.0,3,1260.0,31.0,10.0,29.8,0.05,1.0,180,97,17520.0,0,0.329
2026-07-24T14:00,0.0,0.0,0.0,0.0,0.0,0.0,2,2120.0,140.0,30.0,28.7,0.47,1.2,72,75,17520.0,0,0.33
2026-07-24T15:00,0.0,0.0,0.0,0.0,0.0,0.0,2,2220.0,152.0,15.0,28.1,0.07,1.3,135,67,15200.0,0,0.33
2026-07-24T16:00,0.0,0.0,0.0,0.0,0.0,0.0,3,2090.0,163.0,15.0,27.7,0.16,0.7,162,93,13240.0,0,0.331
2026-07-24T17:00,0.0,0.0,0.0,0.0,0.0,0.0,3,2040.0,159.0,15.0,27.2,0.32,1.0,129,83,1640.0,0,0.332
2026-07-24T18:00,0.0,0.0,0.0,0.0,0.0,0.0,3,1940.0,140.0,20.0,27.0,0.61,1.6,125,82,600.0,0,0.333
2026-07-24T19:00,0.0,0.0,0.0,0.0,0.0,0.0,1,2080.0,125.0,35.0,26.5,0.86,1.8,144,47,280.0,0,0.334
2026-07-24T20:00,0.0,0.0,0.0,0.0,0.0,0.0,3,2390.0,100.0,40.0,26.2,1.14,2.4,142,85,220.0,0,0.334
2026-07-24T21:00,0.0,0.0,0.0,0.0,0.0,0.0,3,2560.0,83.0,40.0,26.0,0.94,2.4,148,93,200.0,0,0.335
2026-07-24T22:00,0.0,0.0,0.0,0.0,0.0,0.0,3,2540.0,76.0,60.0,26.0,1.22,2.5,161,100,200.0,1,0.336
2026-07-24T23:00,0.0,0.0,0.0,0.0,0.0,0.0,3,2830.0,56.0,70.0,26.7,0.92,2.8,158,99,400.0,1,0.336
2026-07-25T00:00,0.0,0.0,0.0,0.0,0.0,0.0,3,2850.0,25.0,310.0,28.9,0.72,2.8,146,98,960.0,1,0.338
2026-07-25T01:00,0.0,0.0,0.0,0.0,0.0,0.0,3,2830.0,19.0,450.0,30.5,0.56,3.2,260,100,2620.0,1,0.336
2026-07-25T02:00,0.0,0.0,0.0,0.0,0.0,0.0,3,2960.0,17.0,620.0,31.6,1.01,3.8,351,100,4400.0,1,0.334
2026-07-25T03:00,0.0,0.0,0.0,0.0,0.0,0.0,3,2900.0,21.0,710.0,32.2,1.66,4.8,16,96,6340.0,1,0.332
2026-07-25T04:00,0.0,0.0,0.0,0.0,0.0,0.0,3,2760.0,7.0,1095.0,33.1,2.09,5.7,42,100,9380.0,1,0.329
2026-07-25T05:00,0.6,0.1,0.5,0.0,0.0,0.0,95,2420.0,22.0,560.0,31.2,3.96,8.6,37,100,8780.0,1,0.332
2026-07-25T06:00,0.1,0.1,0.0,0.0,0.0,0.0,51,1650.0,39.0,630.0,30.9,3.42,8.6,75,100,2460.0,1,0.316
2026-07-25T07:00,3.6,0.3,3.3,0.0,0.0,0.0,96,3350.0,26.0,210.0,28.7,2.99,7.2,291,100,9540.0,1,0.361
2026-07-25T08:00,0.2,0.2,0.0,0.0,0.0,0.0,51,2300.0,38.0,320.0,29.2,2.31,7.0,330,99,3800.0,1,0.361
2026-07-25T09:00,0.2,0.2,0.0,0.0,0.0,0.0,51,3340.0,26.0,500.0,29.9,2.65,6.5,1,100,16660.0,1,0.361
2026-07-25T10:00,0.0,0.0,0.0,0.0,0.0,0.0,3,3090.0,16.0,1325.0,29.5,3.02,6.5,7,100,17400.0,1,0.359
2026-07-25T11:00,0.2,0.2,0.0,0.0,0.0,0.0,51,1410.0,26.0,1150.0,28.6,3.78,7.7,29,100,3740.0,1,0.36
2026-07-25T12:00,0.6,0.6,0.0,0.0,0.0,0.0,53,2410.0,18.0,1060.0,28.3,4.21,8.9,18,100,5360.0,0,0.36
2026-07-25T13:00,0.8,0.8,0.0,0.0,0.0,0.0,53,1230.0,21.0,825.0,26.4,5.6,10.8,23,100,3320.0,0,0.366
2026-07-25T14:00,0.7,0.7,0.0,0.0,0.0,0.0,53,520.0,22.0,905.0,25.4,5.08,11.2,15,98,4100.0,0,0.372
2026-07-25T15:00,0.1,0.1,0.0,0.0,0.0,0.0,51,360.0,21.0,1020.0,25.4,5.5,11.1,17,100,5680.0,0,0.373
2026-07-25T16:00,1.9,0.7,1.2,0.0,0.0,0.0,80,300.0,15.0,1195.0,25.3,5.82,13.3,16,100,4580.0,0,0.394
2026-07-25T17:00,0.9,0.4,0.5,0.0,0.0,0.0,53,30.0,13.0,1075.0,24.7,6.56,12.8,21,99,3520.0,0,0.399
2026-07-25T18:00,0.8,0.8,0.0,0.0,0.0,0.0,53,150.0,20.0,1430.0,25.1,7.68,13.6,23,100,1900.0,0,0.38
2026-07-25T19:00,4.2,3.0,1.2,0.0,0.0,0.0,81,80.0,19.0,1070.0,24.7,6.85,15.8,24,100,1620.0,0,0.427
2026-07-25T20:00,4.8,3.2,1.6,0.0,0.0,0.0,81,130.0,1.0,1295.0,24.5,8.01,17.2,24,100,1440.0,0,0.43
2026-07-25T21:00,3.8,3.4,0.4,0.0,0.0,0.0,81,170.0,20.0,1230.0,24.5,8.48,17.7,29,100,1600.0,0,0.43
2026-07-25T22:00,5.6,5.1,0.5,0.0,0.0,0.0,81,190.0,15.0,1285.0,24.4,9.23,18.1,36,100,1400.0,1,0.43
2026-07-25T23:00,5.5,4.5,1.0,0.0,0.0,0.0,81,80.0,1.0,1410.0,24.4,9.71,21.1,39,100,1360.0,1,0.43
2026-07-26T00:00,6.9,5.4,1.5,0.0,0.0,0.0,81,60.0,4.0,1260.0,24.3,8.43,21.2,48,100,1200.0,1,0.43
2026-07-26T01:00,5.6,4.1,1.5,0.0,0.0,0.0,81,150.0,0.0,1075.0,24.2,7.78,16.9,53,100,1220.0,1,0.429
2026-07-26T02:00,4.7,2.2,2.5,0.0,0.0,0.0,81,240.0,4.0,1240.0,24.9,7.95,18.0,72,100,1900.0,1,0.429
2026-07-26T03:00,8.4,4.1,4.3,0.0,0.0,0.0,95,420.0,5.0,1290.0,25.4,8.83,18.3,95,100,1200.0,1,0.428
2026-07-26T04:00,5.6,2.8,2.8,0.0,0.0,0.0,95,410.0,7.0,1150.0,25.1,7.54,18.6,118,100,1440.0,1,0.428
2026-07-26T05:00,8.3,4.0,4.3,0.0,0.0,0.0,95,540.0,4.0,1010.0,25.2,7.21,16.6,124,100,1100.0,1,0.427
2026-07-26T06:00,8.6,4.1,4.5,0.0,0.0,0.0,82,80.0,4.0,670.0,23.6,4.94,15.8,117,100,1620.0,1,0.427
2026-07-26T07:00,3.5,2.4,1.1,0.0,0.0,0.0,81,100.0,0.0,920.0,24.8,6.62,13.6,145,100,1560.0,1,0.427
2026-07-26T08:00,4.9,2.8,2.1,0.0,0.0,0.0,81,160.0,4.0,915.0,24.5,7.19,14.7,150,100,1560.0,1,0.426
2026-07-26T09:00,4.4,2.8,1.6,0.0,0.0,0.0,81,110.0,7.0,930.0,24.2,6.46,14.7,149,100,1780.0,1,0.426
2026-07-26T10:00,3.4,2.9,0.5,0.0,0.0,0.0,81,130.0,2.0,895.0,24.3,5.4,13.2,149,100,1920.0,1,0.426
2026-07-26T11:00,2.8,2.2,0.6,0.0,0.0,0.0,81,240.0,2.0,715.0,24.4,4.81,11.3,152,100,2400.0,1,0.425
2026-07-26T12:00,2.5,0.8,1.7,0.0,0.0,0.0,81,140.0,0.0,650.0,24.5,3.04,10.5,138,100,1320.0,0,0.425
2026-07-26T13:00,6.1,2.9,3.2,0.0,0.0,0.0,81,90.0,0.0,575.0,24.2,3.35,7.9,153,100,1200.0,0,0.425
2026-07-26T14:00,5.7,2.7,3.0,0.0,0.0,0.0,81,170.0,0.0,700.0,24.2,3.37,7.4,165,100,1620.0,0,0.425
2026-07-26T15:00,2.6,1.3,1.3,0.0,0.0,0.0,81,340.0,1.0,770.0,24.5,4.54,10.0,163,100,2280.0,0,0.424
2026-07-26T16:00,1.6,0.8,0.8,0.0,0.0,0.0,80,570.0,0.0,775.0,24.8,4.45,10.5,159,100,2680.0,0,0.424
2026-07-26T17:00,3.7,0.8,2.9,0.0,0.0,0.0,95,760.0,0.0,630.0,24.7,3.51,9.8,147,100,1200.0,0,0.424
2026-07-26T18:00,14.5,6.3,8.2,0.0,0.0,0.0,95,420.0,9.0,740.0,24.7,4.1,9.4,158,100,1840.0,0,0.424
2026-07-26T19:00,3.2,3.0,0.2,0.0,0.0,0.0,81,340.0,11.0,805.0,24.5,4.48,9.3,160,100,2040.0,0,0.423
2026-07-26T20:00,2.5,2.5,0.0,0.0,0.0,0.0,63,170.0,45.0,850.0,24.3,4.87,10.1,159,100,2060.0,0,0.423
2026-07-26T21:00,3.3,2.2,1.1,0.0,0.0,0.0,81,590.0,1.0,785.0,24.2,4.08,10.0,163,100,1660.0,0,0.423
2026-07-26T22:00,4.3,2.4,1.9,0.0,0.0,0.0,81,190.0,19.0,655.0,24.2,2.53,9.5,165,100,1960.0,1,0.423
2026-07-26T23:00,2.9,1.7,1.2,0.0,0.0,0.0,81,320.0,1.0,720.0,24.1,2.7,6.8,177,100,1700.0,1,0.423
2026-07-27T00:00,2.9,2.5,0.4,0.0,0.0,0.0,81,110.0,0.0,530.0,24.4,3.16,6.3,169,100,1360.0,1,0.419
2026-07-27T01:00,5.3,2.6,2.7,0.0,0.0,0.0,81,290.0,13.0,585.0,24.6,3.12,6.9,164,100,1700.0,1,0.422
2026-07-27T02:00,4.5,3.0,1.5,0.0,0.0,0.0,81,570.0,2.0,540.0,25.1,2.71,6.8,168,100,1820.0,1,0.422
2026-07-27T03:00,4.4,3.3,1.1,0.0,0.0,0.0,81,560.0,2.0,385.0,25.2,1.92,5.8,173,100,1420.0,1,0.422
2026-07-27T04:00,3.9,1.9,2.0,0.0,0.0,0.0,95,750.0,0.0,465.0,25.4,1.98,6.1,164,100,2640.0,1,0.422
2026-07-27T05:00,0.5,0.2,0.3,0.0,0.0,0.0,53,860.0,0.0,465.0,25.8,2.27,6.5,158,100,7720.0,1,0.421
2026-07-27T06:00,0.1,0.0,0.1,0.0,0.0,0.0,51,990.0,4.0,710.0,28.6,3.09,6.9,155,100,16940.0,1,0.418
2026-07-27T07:00,0.0,0.0,0.0,0.0,0.0,0.0,3,920.0,6.0,725.0,28.7,3.02,7.3,156,100,17140.0,1,0.415
2026-07-27T08:00,0.0,0.0,0.0,0.0,0.0,0.0,3,730.0,8.0,785.0,28.9,3.2,7.3,166,84,12840.0,1,0.412
2026-07-27T09:00,0.0,0.0,0.0,0.0,0.0,0.0,3,570.0,12.0,785.0,29.1,3.26,7.3,162,94,7280.0,1,0.41
2026-07-27T10:00,1.0,0.2,0.8,0.0,0.0,0.0,55,1150.0,10.0,105.0,27.0,1.1,7.0,227,95,5020.0,1,0.418
2026-07-27T11:00,0.2,0.1,0.1,0.0,0.0,0.0,51,1460.0,12.0,15.0,25.9,0.11,3.0,117,83,4700.0,1,0.418
2026-07-27T12:00,0.0,0.0,0.0,0.0,0.0,0.0,3,690.0,23.0,255.0,26.6,1.73,1.8,136,100,14840.0,0,0.403
2026-07-27T13:00,0.0,0.0,0.0,0.0,0.0,0.0,3,580.0,31.0,155.0,26.2,1.19,3.7,147,98,14840.0,0,0.403
2026-07-27T14:00,0.0,0.0,0.0,0.0,0.0,0.0,3,440.0,37.0,50.0,25.8,0.89,2.8,153,100,12880.0,0,0.403
2026-07-27T15:00,0.0,0.0,0.0,0.0,0.0,0.0,3,480.0,26.0,35.0,25.7,0.75,2.3,184,100,12920.0,0,0.403
2026-07-27T16:00,0.0,0.0,0.0,0.0,0.0,0.0,3,510.0,23.0,60.0,25.5,0.86,2.1,173,100,12920.0,0,0.403
2026-07-27T17:00,0.0,0.0,0.0,0.0,0.0,0.0,3,530.0,21.0,25.0,25.3,0.4,2.0,187,100,10760.0,0,0.403
2026-07-27T18:00,0.0,0.0,0.0,0.0,0.0,0.0,3,970.0,7.0,75.0,25.6,0.76,1.4,169,98,7660.0,0,0.403
2026-07-27T19:00,0.0,0.0,0.0,0.0,0.0,0.0,3,940.0,7.0,30.0,25.1,0.58,2.0,149,100,9080.0,0,0.403
2026-07-27T20:00,0.0,0.0,0.0,0.0,0.0,0.0,3,900.0,8.0,20.0,24.9,0.41,1.7,166,100,7140.0,0,0.403
2026-07-27T21:00,0.0,0.0,0.0,0.0,0.0,0.0,3,920.0,6.0,20.0,24.8,0.28,1.3,135,100,7420.0,0,0.403
2026-07-27T22:00,0.0,0.0,0.0,0.0,0.0,0.0,3,930.0,5.0,15.0,24.7,0.16,1.0,162,100,7560.0,1,0.403
2026-07-27T23:00,0.0,0.0,0.0,0.0,0.0,0.0,3,1070.0,3.0,60.0,25.1,0.21,1.4,135,100,7600.0,1,0.402
2026-07-28T00:00,0.0,0.0,0.0,0.0,0.0,0.0,3,980.0,4.0,355.0,26.9,1.2,3.2,88,99,14400.0,1,0.402
2026-07-28T01:00,0.1,0.1,0.0,0.0,0.0,0.0,51,1230.0,0.0,735.0,28.1,1.03,4.3,119,99,9000.0,1,0.401
2026-07-28T02:00,0.0,0.0,0.0,0.0,0.0,0.0,3,1250.0,0.0,950.0,29.4,1.04,4.4,125,100,17040.0,1,0.399
2026-07-28T03:00,0.8,0.1,0.7,0.0,0.0,0.0,53,990.0,2.0,545.0,28.4,2.04,5.7,158,100,2560.0,1,0.405
2026-07-28T04:00,5.3,1.3,4.0,0.0,0.0,0.0,96,1440.0,3.0,235.0,26.2,2.42,7.3,202,100,2000.0,1,0.43
2026-07-28T05:00,1.3,1.1,0.2,0.0,0.0,0.0,80,1700.0,6.0,245.0,26.6,1.6,5.9,178,100,3560.0,1,0.424
2026-07-28T06:00,1.5,0.5,1.0,0.0,0.0,0.0,80,700.0,3.0,285.0,26.4,2.06,5.5,67,100,2640.0,1,0.423
2026-07-28T07:00,1.0,0.6,0.4,0.0,0.0,0.0,55,1500.0,1.0,310.0,27.0,0.63,5.8,162,98,5980.0,1,0.422
2026-07-28T08:00,0.1,0.0,0.1,0.0,0.0,0.0,51,1790.0,0.0,695.0,27.9,1.41,5.1,153,100,3660.0,1,0.419
2026-07-28T09:00,3.7,0.8,2.9,0.0,0.0,0.0,95,820.0,2.0,190.0,24.9,0.93,7.1,196,100,1760.0,1,0.422
2026-07-28T10:00,1.5,0.9,0.6,0.0,0.0,0.0,80,610.0,4.0,55.0,24.8,0.5,4.6,6,99,2420.0,1,0.421
2026-07-28T11:00,1.6,0.8,0.8,0.0,0.0,0.0,80,560.0,1.0,30.0,24.5,0.21,3.5,14,99,3040.0,1,0.421
2026-07-28T12:00,0.8,0.8,0.0,0.0,0.0,0.0,53,1130.0,8.0,75.0,26.2,0.76,1.9,8,100,3220.0,0,0.422
2026-07-28T13:00,1.0,1.0,0.0,0.0,0.0,0.0,55,1150.0,6.0,75.0,25.3,1.07,1.9,11,100,2580.0,0,0.421
2026-07-28T14:00,0.7,0.5,0.2,0.0,0.0,0.0,53,790.0,5.0,45.0,25.0,0.32,4.2,18,100,3860.0,0,0.421
2026-07-28T15:00,0.2,0.2,0.0,0.0,0.0,0.0,51,960.0,4.0,50.0,25.0,0.34,2.0,153,100,3840.0,0,0.42
2026-07-28T16:00,0.0,0.0,0.0,0.0,0.0,0.0,3,1070.0,2.0,45.0,25.1,0.43,1.9,144,100,4920.0,0,0.419
2026-07-28T17:00,0.0,0.0,0.0,0.0,0.0,0.0,3,1120.0,1.0,35.0,25.2,0.18,3.1,214,100,7500.0,0,0.417
2026-07-28T18:00,0.1,0.1,0.0,0.0,0.0,0.0,51,1680.0,3.0,35.0,25.4,0.38,3.0,23,100,2960.0,0,0.417
2026-07-28T19:00,0.7,0.7,0.0,0.0,0.0,0.0,53,1670.0,3.0,45.0,25.0,0.58,1.8,59,100,3000.0,0,0.422
2026-07-28T20:00,0.7,0.7,0.0,0.0,0.0,0.0,53,1620.0,4.0,60.0,24.9,0.85,2.2,87,100,2980.0,0,0.421
2026-07-28T21:00,0.8,0.8,0.0,0.0,0.0,0.0,53,1500.0,5.0,45.0,25.0,0.55,2.2,95,100,2640.0,0,0.42
2026-07-28T22:00,1.3,1.3,0.0,0.0,0.0,0.0,80,1440.0,4.0,60.0,25.0,0.74,1.9,62,100,2600.0,1,0.42
2026-07-28T23:00,0.7,0.7,0.0,0.0,0.0,0.0,53,1500.0,3.0,120.0,25.2,1.2,2.6,45,100,4360.0,1,0.42
2026-07-29T00:00,0.2,0.1,0.1,0.0,0.0,0.0,51,2130.0,2.0,170.0,26.0,0.93,5.4,36,100,5180.0,1,0.417
2026-07-29T01:00,0.1,0.1,0.0,0.0,0.0,0.0,51,2150.0,2.0,200.0,26.5,0.75,4.4,53,100,9780.0,1,0.416
2026-07-29T02:00,0.1,0.0,0.1,0.0,0.0,0.0,51,2050.0,1.0,735.0,28.0,1.42,4.9,129,100,11780.0,1,0.415
2026-07-29T03:00,0.2,0.2,0.0,0.0,0.0,0.0,51,1520.0,5.0,655.0,27.9,1.9,4.9,150,100,4580.0,1,0.415
2026-07-29T04:00,1.0,1.0,0.0,0.0,0.0,0.0,55,1630.0,8.0,385.0,27.3,1.34,4.9,153,100,2720.0,1,0.421
2026-07-29T05:00,1.5,1.5,0.0,0.0,0.0,0.0,80,2090.0,3.0,145.0,26.8,0.3,3.8,81,100,2680.0,1,0.421
2026-07-29T06:00,1.5,1.3,0.2,0.0,0.0,0.0,80,1930.0,8.0,175.0,27.3,0.81,3.4,43,100,2760.0,1,0.412
2026-07-29T07:00,1.2,0.4,0.8,0.0,0.0,0.0,95,2470.0,4.0,135.0,26.8,0.76,3.1,58,100,3920.0,1,0.42
2026-07-29T08:00,0.6,0.3,0.3,0.0,0.0,0.0,95,2430.0,5.0,125.0,26.7,0.07,4.3,135,100,3380.0,1,0.419
2026-07-29T09:00,1.6,1.0,0.6,0.0,0.0,0.0,95,2550.0,7.0,70.0,26.3,0.5,2.1,276,100,2960.0,1,0.419
2026-07-29T10:00,1.2,1.2,0.0,0.0,0.0,0.0,55,2450.0,5.0,120.0,26.4,0.9,2.2,199,100,2780.0,1,0.419
2026-07-29T11:00,1.0,1.0,0.0,0.0,0.0,0.0,55,2530.0,4.0,25.0,26.3,0.11,2.1,153,100,3360.0,1,0.419
2026-07-29T12:00,0.5,0.5,0.0,0.0,0.0,0.0,53,2080.0,11.0,15.0,26.0,0.05,1.1,90,98,4920.0,0,0.416
2026-07-29T13:00,0.2,0.1,0.1,0.0,0.0,0.0,51,1410.0,4.0,220.0,25.5,1.3,4.3,360,100,7480.0,0,0.417
2026-07-29T14:00,0.0,0.0,0.0,0.0,0.0,0.0,3,770.0,7.0,240.0,24.9,0.98,3.0,24,97,9840.0,0,0.416
2026-07-29T15:00,0.0,0.0,0.0,0.0,0.0,0.0,3,690.0,16.0,55.0,24.4,0.38,1.9,23,93,10200.0,0,0.415
2026-07-29T16:00,0.0,0.0,0.0,0.0,0.0,0.0,3,640.0,21.0,30.0,24.2,0.14,1.0,45,99,7460.0,0,0.414
2026-07-29T17:00,0.0,0.0,0.0,0.0,0.0,0.0,3,640.0,35.0,45.0,23.9,0.39,1.1,50,100,3660.0,0,0.413
2026-07-29T18:00,0.0,0.0,0.0,0.0,0.0,0.0,3,1200.0,30.0,50.0,24.8,0.72,1.1,65,100,920.0,0,0.412
2026-07-29T19:00,0.1,0.0,0.1,0.0,0.0,0.0,51,1050.0,36.0,35.0,24.4,0.21,1.6,104,100,620.0,0,0.412
2026-07-29T20:00,0.0,0.0,0.0,0.0,0.0,0.0,3,1090.0,34.0,30.0,24.3,0.11,0.9,297,100,320.0,0,0.411
2026-07-29T21:00,0.4,0.2,0.2,0.0,0.0,0.0,51,1090.0,31.0,35.0,24.3,0.69,1.5,60,100,460.0,0,0.415
2026-07-29T22:00,0.7,0.2,0.5,0.0,0.0,0.0,53,1080.0,29.0,40.0,24.2,0.61,1.6,55,100,840.0,1,0.422
2026-07-29T23:00,0.1,0.1,0.0,0.0,0.0,0.0,51,1270.0,23.0,50.0,24.6,0.18,1.3,34,100,2880.0,1,0.42
2026-07-30T00:00,0.0,0.0,0.0,0.0,0.0,0.0,3,2420.0,5.0,155.0,26.4,0.81,2.7,22,99,6660.0,1,0.406
2026-07-30T01:00,0.2,0.1,0.1,0.0,0.0,0.0,51,2360.0,2.0,330.0,27.5,1.3,5.5,67,99,6980.0,1,0.407
2026-07-30T02:00,0.3,0.0,0.3,0.0,0.0,0.0,95,2520.0,0.0,525.0,28.0,1.03,5.6,67,98,5880.0,1,0.408
2026-07-30T03:00,0.3,0.0,0.3,0.0,0.0,0.0,95,2810.0,0.0,730.0,28.6,1.23,5.5,78,99,6780.0,1,0.409
2026-07-30T04:00,0.1,0.0,0.1,0.0,0.0,0.0,95,2950.0,0.0,1055.0,29.9,1.0,6.1,93,99,13100.0,1,0.407
2026-07-30T05:00,0.1,0.0,0.1,0.0,0.0,0.0,51,2700.0,0.0,1135.0,30.2,0.57,5.9,128,99,16760.0,1,0.406
2026-07-30T06:00,0.1,0.0,0.1,0.0,0.0,0.0,51,1980.0,0.0,1495.0,31.9,1.41,5.8,135,100,20880.0,1,0.364
2026-07-30T07:00,0.9,0.3,0.6,0.0,0.0,0.0,53,1080.0,3.0,295.0,26.4,4.05,9.7,204,100,2840.0,1,0.376
2026-07-30T08:00,0.8,0.8,0.0,0.0,0.0,0.0,53,1600.0,26.0,165.0,26.0,1.66,8.1,344,100,4480.0,1,0.386
2026-07-30T09:00,0.3,0.3,0.0,0.0,0.0,0.0,51,1160.0,41.0,215.0,25.6,1.55,4.9,358,99,5880.0,1,0.39
2026-07-30T10:00,0.0,0.0,0.0,0.0,0.0,0.0,3,950.0,58.0,195.0,25.5,1.06,3.6,341,100,12400.0,1,0.391
2026-07-30T11:00,0.0,0.0,0.0,0.0,0.0,0.0,3,930.0,62.0,120.0,25.3,0.46,2.7,319,99,10520.0,1,0.392
2026-07-30T12:00,0.0,0.0,0.0,0.0,0.0,0.0,3,2740.0,12.0,90.0,26.6,0.72,1.0,25,100,10440.0,0,0.408
2026-07-30T13:00,0.2,0.0,0.2,0.0,0.0,0.0,95,2620.0,14.0,40.0,26.1,0.27,1.8,338,100,6120.0,0,0.41
2026-07-30T14:00,1.1,0.8,0.3,0.0,0.0,0.0,95,2440.0,11.0,50.0,25.8,0.54,1.4,146,100,2300.0,0,0.421
2026-07-30T15:00,1.6,1.6,0.0,0.0,0.0,0.0,80,2340.0,11.0,45.0,25.8,0.34,1.3,207,100,2380.0,0,0.42
2026-07-30T16:00,1.3,1.3,0.0,0.0,0.0,0.0,80,2240.0,9.0,35.0,25.6,0.11,1.1,153,100,2600.0,0,0.419
2026-07-30T17:00,1.0,0.8,0.2,0.0,0.0,0.0,95,2140.0,7.0,35.0,25.4,0.11,0.8,117,100,2920.0,0,0.418
2026-07-30T18:00,1.1,0.3,0.8,0.0,0.0,0.0,95,3000.0,3.0,25.0,25.7,0.4,2.2,353,100,760.0,0,0.411
2026-07-30T19:00,0.2,0.2,0.0,0.0,0.0,0.0,51,2860.0,2.0,40.0,25.3,0.57,1.1,15,100,280.0,0,0.413
2026-07-30T20:00,0.2,0.1,0.1,0.0,0.0,0.0,51,2600.0,4.0,15.0,25.1,0.18,1.4,56,100,220.0,0,0.415
2026-07-30T21:00,0.1,0.1,0.0,0.0,0.0,0.0,51,2390.0,8.0,15.0,25.0,0.11,0.9,27,100,200.0,0,0.416
2026-07-30T22:00,0.0,0.0,0.0,0.0,0.0,0.0,3,2080.0,10.0,60.0,24.7,0.81,1.6,22,100,200.0,1,0.415
2026-07-30T23:00,0.0,0.0,0.0,0.0,0.0,0.0,3,1970.0,12.0,75.0,24.8,1.02,2.5,11,100,200.0,1,0.414
2026-07-31T00:00,0.0,0.0,0.0,0.0,0.0,0.0,2,2610.0,5.0,175.0,26.6,1.01,2.8,327,52,10020.0,1,0.416
2026-07-31T01:00,0.0,0.0,0.0,0.0,0.0,0.0,3,2310.0,6.0,370.0,28.2,1.15,4.0,342,88,10640.0,1,0.413
2026-07-31T02:00,0.1,0.0,0.1,0.0,0.0,0.0,51,2390.0,0.0,625.0,28.8,0.21,5.0,14,98,7320.0,1,0.412
2026-07-31T03:00,0.4,0.1,0.3,0.0,0.0,0.0,95,2250.0,0.0,1040.0,29.3,2.23,6.8,146,84,8180.0,1,0.413
2026-07-31T04:00,0.1,0.0,0.1,0.0,0.0,0.0,51,1640.0,2.0,985.0,30.5,1.95,7.1,157,88,12120.0,1,0.409
2026-07-31T05:00,0.1,0.0,0.1,0.0,0.0,0.0,51,2000.0,0.0,1110.0,30.7,2.37,7.6,173,92,10440.0,1,0.406
2026-07-31T06:00,0.0,0.0,0.0,0.0,0.0,0.0,3,2120.0,0.0,1120.0,30.5,1.15,7.7,198,82,9200.0,1,0.414
2026-07-31T07:00,0.3,0.2,0.1,0.0,0.0,0.0,51,1860.0,0.0,1130.0,30.4,1.89,6.6,168,97,3740.0,1,0.412
2026-07-31T08:00,2.2,0.3,1.9,0.0,0.0,0.0,95,1550.0,8.0,450.0,27.2,4.01,8.7,144,99,3020.0,1,0.425
2026-07-31T09:00,1.3,1.3,0.0,0.0,0.0,0.0,80,1710.0,16.0,265.0,26.0,1.73,8.8,136,87,3480.0,1,0.422
2026-07-31T10:00,0.3,0.3,0.0,0.0,0.0,0.0,51,1990.0,5.0,215.0,26.2,0.76,4.0,169,76,7360.0,1,0.42
2026-07-31T11:00,0.0,0.0,0.0,0.0,0.0,0.0,2,2070.0,2.0,25.0,25.8,0.16,2.6,252,76,8720.0,1,0.417
2026-07-31T12:00,0.0,0.0,0.0,0.0,0.0,0.0,2,1900.0,17.0,25.0,25.8,0.4,1.2,7,70,7280.0,0,0.406
2026-07-31T13:00,0.2,0.0,0.2,0.0,0.0,0.0,51,2090.0,8.0,25.0,25.5,0.3,1.2,189,46,2300.0,0,0.407
2026-07-31T14:00,0.0,0.0,0.0,0.0,0.0,0.0,2,2070.0,9.0,40.0,25.1,0.68,1.8,163,75,740.0,0,0.406
2026-07-31T15:00,0.0,0.0,0.0,0.0,0.0,0.0,3,1920.0,8.0,35.0,25.0,0.42,1.8,135,100,240.0,0,0.406
2026-07-31T16:00,0.0,0.0,0.0,0.0,0.0,0.0,3,1570.0,13.0,35.0,24.6,0.27,1.8,158,100,140.0,0,0.405
2026-07-31T17:00,0.0,0.0,0.0,0.0,0.0,0.0,3,1440.0,14.0,30.0,24.4,0.3,1.4,171,100,120.0,0,0.405
2026-07-31T18:00,0.0,0.0,0.0,0.0,0.0,0.0,3,1810.0,18.0,60.0,24.9,0.95,1.9,108,99,300.0,0,0.405
2026-07-31T19:00,0.2,0.2,0.0,0.0,0.0,0.0,51,1780.0,16.0,20.0,24.6,0.18,2.5,214,100,360.0,0,0.406
2026-07-31T20:00,0.1,0.1,0.0,0.0,0.0,0.0,51,1670.0,13.0,15.0,24.5,0.21,1.3,256,100,260.0,0,0.406
2026-07-31T21:00,0.0,0.0,0.0,0.0,0.0,0.0,3,1530.0,12.0,35.0,24.4,0.1,1.5,180,100,160.0,0,0.406
2026-07-31T22:00,0.0,0.0,0.0,0.0,0.0,0.0,3,1430.0,11.0,50.0,24.3,0.61,2.0,55,100,120.0,1,0.406
2026-07-31T23:00,0.0,0.0,0.0,0.0,0.0,0.0,3,1490.0,9.0,65.0,24.6,0.35,2.5,82,100,180.0,1,0.405
2026-08-01T00:00,0.0,0.0,0.0,0.0,0.0,0.0,3,2030.0,6.0,165.0,26.2,0.63,3.0,18,95,5720.0,1,0.403
2026-08-01T01:00,0.5,0.2,0.3,0.0,0.0,0.0,95,2390.0,0.0,565.0,27.6,1.15,5.8,124,95,5840.0,1,0.406
2026-08-01T02:00,0.3,0.0,0.3,0.0,0.0,0.0,95,2410.0,0.0,855.0,28.4,1.44,6.0,146,96,4580.0,1,0.406
2026-08-01T03:00,7.3,0.3,7.0,0.0,0.0,0.0,95,900.0,12.0,270.0,25.8,2.15,8.9,181,99,2160.0,1,0.428
2026-08-01T04:00,1.6,1.3,0.3,0.0,0.0,0.0,80,1680.0,2.0,165.0,25.9,0.43,5.8,144,98,2820.0,1,0.423
2026-08-01T05:00,0.8,0.3,0.5,0.0,0.0,0.0,95,2760.0,0.0,535.0,27.4,0.85,5.4,140,95,4060.0,1,0.421
2026-08-01T06:00,1.1,0.3,0.8,0.0,0.0,0.0,95,2470.0,0.0,240.0,26.2,1.42,7.0,122,100,2800.0,1,0.42
2026-08-01T07:00,1.5,0.9,0.6,0.0,0.0,0.0,95,1740.0,2.0,235.0,26.3,0.91,5.5,189,100,3460.0,1,0.419
2026-08-01T08:00,1.0,0.7,0.3,0.0,0.0,0.0,55,1460.0,4.0,270.0,26.4,1.46,4.8,158,100,3340.0,1,0.419
2026-08-01T09:00,1.6,0.8,0.8,0.0,0.0,0.0,80,1470.0,3.0,275.0,25.8,1.99,5.0,152,100,2600.0,1,0.418
2026-08-01T10:00,1.0,1.0,0.0,0.0,0.0,0.0,55,1670.0,1.0,285.0,25.7,1.27,4.2,189,100,2920.0,1,0.418
2026-08-01T11:00,2.1,1.2,0.9,0.0,0.0,0.0,95,1680.0,1.0,295.0,25.5,1.17,2.8,170,100,2480.0,1,0.418
2026-08-01T12:00,1.0,0.9,0.1,0.0,0.0,0.0,55,2650.0,2.0,60.0,26.1,0.81,3.0,169,98,6800.0,0,0.417
2026-08-01T13:00,0.0,0.0,0.0,0.0,0.0,0.0,3,2360.0,2.0,55.0,25.6,0.76,3.6,172,100,6140.0,0,0.416
2026-08-01T14:00,0.0,0.0,0.0,0.0,0.0,0.0,3,1980.0,2.0,190.0,25.6,1.37,2.9,170,100,4980.0,0,0.415
2026-08-01T15:00,0.0,0.0,0.0,0.0,0.0,0.0,2,1560.0,3.0,155.0,25.2,1.05,3.2,175,75,6500.0,0,0.414
2026-08-01T16:00,0.0,0.0,0.0,0.0,0.0,0.0,2,1360.0,3.0,75.0,24.8,0.75,2.4,176,60,2900.0,0,0.413
2026-08-01T17:00,0.0,0.0,0.0,0.0,0.0,0.0,3,1240.0,3.0,40.0,24.6,0.45,2.0,180,100,820.0,0,0.412
2026-08-01T18:00,0.0,0.0,0.0,0.0,0.0,0.0,3,1200.0,6.0,30.0,24.7,0.21,1.5,135,99,3060.0,0,0.412
2026-08-01T19:00,0.1,0.1,0.0,0.0,0.0,0.0,51,1320.0,4.0,20.0,24.7,0.11,3.0,63,100,4240.0,0,0.413
2026-08-01T20:00,0.5,0.3,0.2,0.0,0.0,0.0,53,760.0,7.0,50.0,24.6,0.6,3.5,185,99,3520.0,0,0.418
2026-08-01T21:00,0.2,0.2,0.0,0.0,0.0,0.0,51,760.0,4.0,45.0,24.4,0.47,1.8,148,100,7100.0,0,0.418
2026-08-01T22:00,0.0,0.0,0.0,0.0,0.0,0.0,3,840.0,3.0,45.0,24.3,0.35,1.5,135,100,5540.0,1,0.416
2026-08-01T23:00,0.0,0.0,0.0,0.0,0.0,0.0,3,1030.0,1.0,80.0,24.7,0.49,2.1,114,100,5260.0,1,0.415
2026-08-02T00:00,0.0,0.0,0.0,0.0,0.0,0.0,3,1470.0,0.0,150.0,25.2,1.07,3.5,143,80,3600.0,1,0.418
2026-08-02T01:00,0.7,0.2,0.5,0.0,0.0,0.0,95,1840.0,0.0,345.0,26.1,0.82,4.7,142,93,5200.0,1,0.418
2026-08-02T02:00,0.3,0.0,0.3,0.0,0.0,0.0,95,1790.0,0.0,785.0,27.6,1.72,5.7,120,100,5900.0,1,0.418
2026-08-02T03:00,4.7,0.0,4.7,0.0,0.0,0.0,95,660.0,8.0,315.0,25.7,2.58,6.8,137,96,1920.0,1,0.418
2026-08-02T04:00,3.6,1.4,2.2,0.0,0.0,0.0,95,1370.0,0.0,590.0,26.2,1.46,5.8,121,100,2100.0,1,0.418
2026-08-02T05:00,1.6,0.7,0.9,0.0,0.0,0.0,95,1260.0,1.0,665.0,26.1,2.62,6.2,130,99,3560.0,1,0.417
2026-08-02T06:00,1.9,0.6,1.3,0.0,0.0,0.0,95,1380.0,0.0,1045.0,28.2,2.28,7.0,119,100,4620.0,1,0.417
2026-08-02T07:00,0.6,0.3,0.3,0.0,0.0,0.0,53,590.0,3.0,580.0,26.5,2.58,6.8,136,100,5020.0,1,0.417
2026-08-02T08:00,0.6,0.3,0.3,0.0,0.0,0.0,53,750.0,3.0,510.0,26.1,2.23,5.7,138,100,4760.0,1,0.417
2026-08-02T09:00,0.3,0.1,0.2,0.0,0.0,0.0,51,840.0,3.0,575.0,26.3,2.21,6.2,155,95,5900.0,1,0.417
2026-08-02T10:00,0.2,0.2,0.0,0.0,0.0,0.0,51,1050.0,3.0,545.0,26.3,1.5,5.5,180,100,5400.0,1,0.417
2026-08-02T11:00,0.5,0.3,0.2,0.0,0.0,0.0,53,940.0,4.0,285.0,25.2,1.86,3.8,185,98,4940.0,1,0.417
2026-08-02T12:00,0.1,0.1,0.0,0.0,0.0,0.0,51,1550.0,3.0,175.0,25.6,1.27,3.7,154,100,4480.0,0,0.417
2026-08-02T13:00,0.2,0.0,0.2,0.0,0.0,0.0,51,1100.0,3.0,100.0,25.0,0.81,3.0,187,77,5320.0,0,0.417
2026-08-02T14:00,0.3,0.0,0.3,0.0,0.0,0.0,51,890.0,4.0,185.0,24.8,0.8,2.3,176,92,6000.0,0,0.417
2026-08-02T15:00,2.1,0.6,1.5,0.0,0.0,0.0,80,480.0,8.0,180.0,24.4,1.05,3.3,175,100,2000.0,0,0.417
2026-08-02T16:00,2.1,0.9,1.2,0.0,0.0,0.0,80,460.0,5.0,155.0,24.3,0.97,4.0,159,100,2260.0,0,0.417
2026-08-02T17:00,1.2,0.5,0.7,0.0,0.0,0.0,55,420.0,6.0,65.0,24.2,0.46,3.7,131,100,2080.0,0,0.417
2026-08-02T18:00,1.1,0.4,0.7,0.0,0.0,0.0,55,530.0,4.0,70.0,24.4,0.64,3.2,135,95,3460.0,0,0.417
2026-08-02T19:00,0.3,0.3,0.0,0.0,0.0,0.0,51,550.0,4.0,35.0,24.0,0.29,1.8,149,98,2220.0,0,0.417
2026-08-02T20:00,0.1,0.1,0.0,0.0,0.0,0.0,51,620.0,3.0,20.0,24.0,0.07,1.3,135,99,1280.0,0,0.416
2026-08-02T21:00,0.0,0.0,0.0,0.0,0.0,0.0,3,650.0,3.0,15.0,24.0,0.1,1.0,90,100,580.0,0,0.415
2026-08-02T22:00,0.0,0.0,0.0,0.0,0.0,0.0,3,710.0,3.0,45.0,24.2,0.32,1.2,51,100,1180.0,1,0.414
2026-08-02T23:00,0.0,0.0,0.0,0.0,0.0,0.0,3,780.0,1.0,80.0,24.5,0.66,1.9,81,100,5680.0,1,0.413
2026-08-03T00:00,0.0,0.0,0.0,0.0,0.0,0.0,1,1330.0,0.0,210.0,25.8,0.96,3.4,84,42,7600.0,1,0.412
2026-08-03T01:00,0.2,0.0,0.2,0.0,0.0,0.0,51,1370.0,0.0,530.0,27.3,1.1,4.6,137,80,6780.0,1,0.412
2026-08-03T02:00,0.2,0.0,0.2,0.0,0.0,0.0,51,1530.0,0.0,935.0,28.8,1.48,5.7,168,99,9020.0,1,0.41
2026-08-03T03:00,0.1,0.0,0.1,0.0,0.0,0.0,51,1130.0,0.0,885.0,29.2,2.06,6.3,176,95,9280.0,1,0.408
2026-08-03T04:00,0.4,0.1,0.3,0.0,0.0,0.0,51,1690.0,0.0,895.0,29.6,2.01,7.1,194,48,4140.0,1,0.408
2026-08-03T05:00,7.7,0.2,7.5,0.0,0.0,0.0,95,980.0,4.0,405.0,27.1,3.81,8.7,185,94,1520.0,1,0.425
2026-08-03T06:00,2.8,1.8,1.0,0.0,0.0,0.0,95,1460.0,2.0,485.0,28.5,1.26,9.0,146,100,8400.0,1,0.421
2026-08-03T07:00,0.6,0.0,0.6,0.0,0.0,0.0,53,1420.0,2.0,495.0,27.8,1.87,4.4,164,100,9660.0,1,0.418
2026-08-03T08:00,0.7,0.2,0.5,0.0,0.0,0.0,53,1470.0,5.0,225.0,27.1,0.93,4.4,196,100,3560.0,1,0.419
2026-08-03T09:00,1.7,0.6,1.1,0.0,0.0,0.0,95,1850.0,3.0,195.0,26.5,1.08,2.7,193,100,3080.0,1,0.418
2026-08-03T10:00,1.1,0.6,0.5,0.0,0.0,0.0,95,1970.0,3.0,100.0,26.2,0.63,2.9,162,100,2960.0,1,0.417
2026-08-03T11:00,0.6,0.4,0.2,0.0,0.0,0.0,53,2040.0,2.0,65.0,25.9,0.51,1.6,191,100,3740.0,1,0.417
2026-08-03T12:00,0.6,0.6,0.0,0.0,0.0,0.0,53,2430.0,3.0,10.0,26.3,0.05,1.3,90,100,3500.0,0,0.406
2026-08-03T13:00,0.4,0.4,0.0,0.0,0.0,0.0,51,2420.0,2.0,20.0,25.9,0.18,0.8,214,100,2680.0,0,0.411
2026-08-03T14:00,0.6,0.6,0.0,0.0,0.0,0.0,53,2450.0,2.0,40.0,25.9,0.49,1.1,204,100,3240.0,0,0.417
2026-08-03T15:00,0.5,0.5,0.0,0.0,0.0,0.0,53,2400.0,2.0,40.0,25.9,0.22,1.2,207,100,3720.0,0,0.417
2026-08-03T16:00,0.3,0.3,0.0,0.0,0.0,0.0,51,2300.0,1.0,35.0,25.6,0.25,0.8,169,99,4300.0,0,0.417
2026-08-03T17:00,0.1,0.1,0.0,0.0,0.0,0.0,51,2230.0,1.0,35.0,25.5,0.32,0.8,141,100,5380.0,0,0.417
2026-08-03T18:00,0.1,0.1,0.0,0.0,0.0,0.0,51,2640.0,2.0,55.0,26.1,0.85,1.2,111,100,3900.0,0,0.41
2026-08-03T19:00,0.2,0.2,0.0,0.0,0.0,0.0,51,2290.0,3.0,50.0,25.5,0.64,1.8,135,100,4420.0,0,0.412
2026-08-03T20:00,0.1,0.1,0.0,0.0,0.0,0.0,51,1940.0,6.0,55.0,25.4,0.56,1.2,153,100,5080.0,0,0.413
2026-08-03T21:00,0.0,0.0,0.0,0.0,0.0,0.0,3,1530.0,9.0,45.0,25.3,0.46,1.2,131,100,6480.0,0,0.412
2026-08-03T22:00,0.0,0.0,0.0,0.0,0.0,0.0,2,1310.0,3.0,55.0,25.1,0.62,1.2,104,76,9720.0,1,0.412
2026-08-03T23:00,0.0,0.0,0.0,0.0,0.0,0.0,3,1240.0,3.0,60.0,25.4,0.5,2.0,96,86,9780.0,1,0.411
2026-08-04T00:00,0.0,0.0,0.0,0.0,0.0,0.0,3,2080.0,2.0,75.0,25.9,0.4,2.2,330,91,4860.0,1,0.417
2026-08-04T01:00,0.2,0.2,0.0,0.0,0.0,0.0,51,2140.0,1.0,285.0,27.2,0.54,3.2,326,100,5560.0,1,0.416
2026-08-04T02:00,0.1,0.1,0.0,0.0,0.0,0.0,51,1690.0,3.0,520.0,28.8,0.63,3.6,331,93,16180.0,1,0.414
2026-08-04T03:00,0.0,0.0,0.0,0.0,0.0,0.0,3,1630.0,3.0,780.0,30.3,0.21,3.5,346,98,18200.0,1,0.41
2026-08-04T04:00,0.0,0.0,0.0,0.0,0.0,0.0,3,1030.0,9.0,980.0,31.1,0.36,3.2,34,83,9020.0,1,0.406
2026-08-04T05:00,0.1,0.1,0.0,0.0,0.0,0.0,51,910.0,10.0,1145.0,31.8,0.74,3.5,28,99,13100.0,1,0.403
2026-08-04T06:00,0.0,0.0,0.0,0.0,0.0,0.0,3,1070.0,1.0,1400.0,32.6,0.45,3.6,63,100,17180.0,1,0.398
2026-08-04T07:00,0.0,0.0,0.0,0.0,0.0,0.0,3,540.0,13.0,1255.0,32.1,0.9,2.6,109,99,20160.0,1,0.396
2026-08-04T08:00,0.0,0.0,0.0,0.0,0.0,0.0,3,480.0,18.0,1225.0,32.1,1.03,2.9,113,98,20140.0,1,0.395
2026-08-04T09:00,0.0,0.0,0.0,0.0,0.0,0.0,3,520.0,27.0,1015.0,31.8,0.76,3.1,122,100,20140.0,1,0.394
2026-08-04T10:00,0.0,0.0,0.0,0.0,0.0,0.0,3,790.0,43.0,20.0,30.0,0.54,2.0,112,100,18160.0,1,0.394
2026-08-04T11:00,0.0,0.0,0.0,0.0,0.0,0.0,3,1160.0,47.0,25.0,28.8,0.59,1.5,110,86,16120.0,1,0.394
2026-08-04T12:00,0.0,0.0,0.0,0.0,0.0,0.0,3,3300.0,17.0,65.0,28.0,0.8,1.2,176,82,12140.0,0,0.379
2026-08-04T13:00,0.0,0.0,0.0,0.0,0.0,0.0,3,3290.0,21.0,60.0,27.2,0.85,1.8,180,100,10080.0,0,0.381
2026-08-04T14:00,0.0,0.0,0.0,0.0,0.0,0.0,3,3230.0,20.0,45.0,26.7,0.76,1.6,148,100,7120.0,0,0.383
2026-08-04T15:00,0.0,0.0,0.0,0.0,0.0,0.0,3,3080.0,12.0,65.0,26.3,1.01,2.1,147,85,7100.0,0,0.384
2026-08-04T16:00,0.0,0.0,0.0,0.0,0.0,0.0,1,2860.0,11.0,55.0,25.8,0.76,2.1,148,35,1820.0,0,0.385
2026-08-04T17:00,0.0,0.0,0.0,0.0,0.0,0.0,1,2680.0,9.0,60.0,25.4,0.81,1.8,137,45,600.0,0,0.386
2026-08-04T18:00,0.0,0.0,0.0,0.0,0.0,0.0,2,2760.0,12.0,45.0,25.6,0.83,1.8,123,74,600.0,0,0.376
2026-08-04T19:00,0.0,0.0,0.0,0.0,0.0,0.0,3,2590.0,11.0,40.0,25.0,0.86,1.9,126,99,220.0,0,0.377
2026-08-04T20:00,0.0,0.0,0.0,0.0,0.0,0.0,3,2460.0,9.0,45.0,25.1,0.88,2.4,133,97,200.0,0,0.379
2026-08-04T21:00,0.0,0.0,0.0,0.0,0.0,0.0,3,2330.0,6.0,50.0,25.1,0.85,2.1,135,100,200.0,0,0.38
2026-08-04T22:00,0.0,0.0,0.0,0.0,0.0,0.0,3,2130.0,9.0,50.0,25.1,0.82,2.2,142,100,200.0,1,0.381
2026-08-04T23:00,0.0,0.0,0.0,0.0,0.0,0.0,3,2040.0,9.0,85.0,25.7,0.54,2.1,124,100,240.0,1,0.382
