time_utc,liquid_mm,showers_frac,snowfall_cm,snow_depth_m,temperature_c,wind_ms,gust_ms,wind_dir_deg,cloud_cover,visibility_m,is_day,soil_moisture,cape,pbl_m,cin_missing,thunder_score,weather_code,audible,rain_field_only,event_id,run_elapsed,run_remaining,gap_to_next,burstiness,character
2026-01-14T00:00,0.0,0.0,0.0,0.0,-9.0,0.34,2.0,117,0,35020.0,0,0.113,0.0,10.0,1,0.0,0,0,0.0,-1,-1,-1,-1,0.0,0.0
2026-01-14T01:00,0.0,0.0,0.0,0.0,-9.4,0.18,0.6,124,0,35020.0,0,0.113,0.0,10.0,1,0.0,0,0,0.0,-1,-1,-1,-1,0.0,0.0
2026-01-14T02:00,0.0,0.0,0.0,0.0,-9.8,0.65,0.9,90,0,35020.0,1,0.113,0.0,25.0,1,0.0,0,0,0.0,-1,-1,-1,-1,0.0,0.0
2026-01-14T03:00,0.0,0.0,0.0,0.0,-7.7,0.91,1.5,96,4,34580.0,1,0.113,0.0,20.0,1,0.0,0,0,0.0,-1,-1,-1,-1,0.0,0.0
2026-01-14T04:00,0.0,0.0,0.0,0.0,-5.4,1.25,3.4,67,24,35000.0,1,0.113,0.0,60.0,1,0.0,1,0,0.0,-1,-1,-1,-1,0.0,0.0
2026-01-14T05:00,0.0,0.0,0.0,0.0,-3.5,0.64,3.7,51,15,35220.0,1,0.113,0.0,145.0,1,0.0,0,0,0.0,-1,-1,-1,-1,0.0,0.0
2026-01-14T06:00,0.0,0.0,0.0,0.0,-1.2,0.43,3.4,339,13,35380.0,1,0.113,0.0,270.0,1,0.0,0,0,0.0,-1,-1,-1,-1,0.0,0.0
2026-01-14T07:00,0.0,0.0,0.0,0.0,0.3,0.71,3.6,278,14,35500.0,1,0.113,0.0,335.0,1,0.0,0,0,0.0,-1,-1,-1,-1,0.0,0.0
2026-01-14T08:00,0.0,0.0,0.0,0.0,1.1,1.39,4.2,249,9,35500.0,1,0.113,0.0,375.0,1,0.0,0,0,0.0,-1,-1,-1,-1,0.0,0.0
2026-01-14T09:00,0.0,0.0,0.0,0.0,1.1,1.08,4.3,248,24,35500.0,1,0.113,0.0,295.0,1,0.0,1,0,0.0,-1,-1,-1,-1,0.0,0.0
2026-01-14T10:00,0.0,0.0,0.0,0.0,0.2,0.22,3.3,117,13,35480.0,1,0.113,0.0,30.0,1,0.0,0,0,0.0,-1,-1,-1,-1,0.0,0.0
2026-01-14T11:00,0.0,0.0,0.0,0.0,-2.1,0.45,0.6,96,12,35480.0,1,0.113,0.0,25.0,1,0.0,0,0,0.0,-1,-1,-1,-1,0.0,0.0
2026-01-14T12:00,0.0,0.0,0.0,0.0,-2.9,0.27,1.0,158,39,35480.0,0,0.113,0.0,25.0,1,0.0,1,0,0.0,-1,-1,-1,-1,0.0,0.0
2026-01-14T13:00,0.0,0.0,0.0,0.0,-4.7,0.5,0.7,127,97,35340.0,0,0.113,0.0,25.0,1,0.0,3,0,0.0,-1,-1,-1,-1,0.0,0.0
2026-01-14T14:00,0.0,0.0,0.0,0.0,-6.2,0.91,1.3,99,100,35160.0,0,0.113,0.0,30.0,1,0.0,3,0,0.0,-1,-1,-1,-1,0.0,0.0
2026-01-14T15:00,0.0,0.0,0.0,0.0,-7.2,0.87,1.6,103,99,35160.0,0,0.113,0.0,25.0,1,0.0,3,0,0.0,-1,-1,-1,-1,0.0,0.0
2026-01-14T16:00,0.0,0.0,0.0,0.0,-7.7,0.86,1.9,97,59,34920.0,0,0.113,0.0,20.0,1,0.0,2,0,0.0,-1,-1,-1,-1,0.0,0.0
2026-01-14T17:00,0.0,0.0,0.0,0.0,-8.1,1.06,2.0,98,80,34920.0,0,0.113,0.0,25.0,1,0.0,3,0,0.0,-1,-1,-1,-1,0.0,0.0
2026-01-14T18:00,0.0,0.0,0.0,0.0,-8.0,0.3,2.4,81,0,35140.0,0,0.113,0.0,15.0,1,0.0,0,0,0.0,-1,-1,-1,-1,0.0,0.0
2026-01-14T19:00,0.0,0.0,0.0,0.0,-9.0,0.78,1.2,105,0,34900.0,0,0.113,0.0,30.0,1,0.0,0,0,0.0,-1,-1,-1,-1,0.0,0.0
2026-01-14T20:00,0.0,0.0,0.0,0.0,-9.4,0.81,2.3,83,0,34900.0,0,0.113,0.0,20.0,1,0.0,0,0,0.0,-1,-1,-1,-1,0.0,0.0
2026-01-14T21:00,0.0,0.0,0.0,0.0,-9.1,0.75,2.2,86,0,34900.0,0,0.113,0.0,20.0,1,0.0,0,0,0.0,-1,-1,-1,-1,0.0,0.0
2026-01-14T22:00,0.0,0.0,0.0,0.0,-8.9,0.62,1.8,104,7,34880.0,0,0.113,0.0,20.0,1,0.0,0,0,0.0,-1,-1,-1,-1,0.0,0.0
2026-01-14T23:00,0.0,0.0,0.0,0.0,-9.3,0.95,1.9,108,7,34880.0,0,0.113,0.0,25.0,1,0.0,0,0,0.0,-1,-1,-1,-1,0.0,0.0
2026-01-15T00:00,0.0,0.0,0.0,0.0,-8.1,0.8,2.0,94,0,35100.0,0,0.113,0.0,20.0,1,0.0,0,0,0.0,-1,-1,-1,-1,0.0,0.0
2026-01-15T01:00,0.0,0.0,0.0,0.0,-9.7,1.15,2.5,92,2,34860.0,0,0.113,0.0,25.0,1,0.0,0,0,0.0,-1,-1,-1,-1,0.0,0.0
2026-01-15T02:00,0.0,0.0,0.0,0.0,-10.2,1.19,3.2,62,0,34860.0,1,0.113,0.0,30.0,1,0.0,0,0,0.0,-1,-1,-1,-1,0.0,0.0
2026-01-15T03:00,0.0,0.0,0.0,0.0,-7.3,1.48,3.1,78,2,35080.0,1,0.113,0.0,35.0,1,0.0,0,0,0.0,-1,-1,-1,-1,0.0,0.0
2026-01-15T04:00,0.0,0.0,0.0,0.0,-3.8,2.01,5.0,109,0,35240.0,1,0.113,0.0,85.0,1,0.0,0,0,0.0,-1,-1,-1,-1,0.0,0.0
2026-01-15T05:00,0.0,0.0,0.0,0.0,-0.7,1.57,4.5,107,3,35360.0,1,0.113,0.0,230.0,1,0.0,0,0,0.0,-1,-1,-1,-1,0.0,0.0
2026-01-15T06:00,0.0,0.0,0.0,0.0,2.0,1.43,4.5,115,1,35600.0,1,0.113,0.0,465.0,1,0.0,0,0,0.0,-1,-1,-1,-1,0.0,0.0
2026-01-15T07:00,0.0,0.0,0.0,0.0,3.3,1.84,5.1,103,29,35600.0,1,0.113,0.0,605.0,1,0.0,1,0,0.0,-1,-1,-1,-1,0.0,0.0
2026-01-15T08:00,0.0,0.0,0.0,0.0,3.9,2.52,5.8,98,54,35620.0,1,0.113,0.0,630.0,1,0.0,2,0,0.0,-1,-1,-1,-1,0.0,0.0
2026-01-15T09:00,0.0,0.0,0.0,0.0,3.7,2.58,5.8,99,51,35620.0,1,0.113,0.0,615.0,1,0.0,2,0,0.0,-1,-1,-1,-1,0.0,0.0
2026-01-15T10:00,0.0,0.0,0.0,0.0,2.2,1.43,5.2,126,93,35580.0,1,0.113,0.0,545.0,1,0.0,3,0,0.0,-1,-1,-1,-1,0.0,0.0
2026-01-15T11:00,0.0,0.0,0.0,0.0,-1.2,1.42,2.2,162,13,35560.0,1,0.113,0.0,105.0,1,0.0,0,0,0.0,-1,-1,-1,-1,0.0,0.0
2026-01-15T12:00,0.0,0.0,0.0,0.0,-2.7,1.59,1.9,134,9,35320.0,0,0.113,0.0,90.0,1,0.0,0,0,0.0,-1,-1,-1,-1,0.0,0.0
2026-01-15T13:00,0.0,0.0,0.0,0.0,-2.7,1.14,2.1,119,0,35320.0,0,0.113,0.0,70.0,1,0.0,0,0,0.0,-1,-1,-1,-1,0.0,0.0
2026-01-15T14:00,0.0,0.0,0.0,0.0,-2.7,0.5,1.5,96,0,35320.0,0,0.113,0.0,35.0,1,0.0,0,0,0.0,-1,-1,-1,-1,0.0,0.0
2026-01-15T15:00,0.0,0.0,0.0,0.0,-2.8,0.16,0.8,72,0,35300.0,0,0.113,0.0,15.0,1,0.0,0,0,0.0,-1,-1,-1,-1,0.0,0.0
2026-01-15T16:00,0.0,0.0,0.0,0.0,-3.1,0.21,0.6,104,0,35300.0,0,0.113,0.0,15.0,1,0.0,0,0,0.0,-1,-1,-1,-1,0.0,0.0
2026-01-15T17:00,0.0,0.0,0.0,0.0,-3.9,0.47,0.8,122,0,35160.0,0,0.113,0.0,15.0,1,0.0,0,0,0.0,-1,-1,-1,-1,0.0,0.0
2026-01-15T18:00,0.0,0.0,0.0,0.0,-4.2,0.6,0.8,66,0,35280.0,0,0.113,0.0,20.0,1,0.0,0,0,0.0,-1,-1,-1,-1,0.0,0.0
2026-01-15T19:00,0.0,0.0,0.0,0.0,-6.0,0.95,1.3,90,0,35160.0,0,0.113,0.0,25.0,1,0.0,0,0,0.0,-1,-1,-1,-1,0.0,0.0
2026-01-15T20:00,0.0,0.0,0.0,0.0,-7.1,1.05,1.5,87,0,35140.0,0,0.113,0.0,25.0,1,0.0,0,0,0.0,-1,-1,-1,-1,0.0,0.0
2026-01-15T21:00,0.0,0.0,0.0,0.0,-8.1,1.6,2.3,86,0,34960.0,0,0.113,0.0,30.0,1,0.0,0,0,0.0,-1,-1,-1,-1,0.0,0.0
2026-01-15T22:00,0.0,0.0,0.0,0.0,-8.5,1.41,2.9,73,0,34960.0,0,0.113,0.0,30.0,1,0.0,0,0,0.0,-1,-1,-1,-1,0.0,0.0
2026-01-15T23:00,0.0,0.0,0.0,0.0,-9.2,0.87,2.0,77,0,34960.0,0,0.113,0.0,20.0,1,0.0,0,0,0.0,-1,-1,-1,-1,0.0,0.0
2026-01-16T00:00,0.0,0.0,0.0,0.0,-10.2,1.08,2.5,77,0,34720.0,0,0.113,0.0,20.0,1,0.0,0,0,0.0,-1,-1,-1,-1,0.0,0.0
2026-01-16T01:00,0.0,0.0,0.0,0.0,-11.6,1.19,2.3,75,24,34280.0,0,0.113,0.0,20.0,1,0.0,1,0,0.0,-1,-1,-1,-1,0.0,0.0
2026-01-16T02:00,0.0,0.0,0.0,0.0,-11.5,1.32,2.4,65,63,34280.0,1,0.113,0.0,20.0,1,0.0,2,0,0.0,-1,-1,-1,-1,0.0,0.0
2026-01-16T03:00,0.0,0.0,0.0,0.0,-8.0,2.47,4.1,58,73,34940.0,1,0.113,0.0,35.0,1,0.0,2,0,0.0,-1,-1,-1,-1,0.0,0.0
2026-01-16T04:00,0.0,0.0,0.0,0.0,-3.8,1.88,4.6,61,52,35100.0,1,0.113,0.0,75.0,1,0.0,2,0,0.0,-1,-1,-1,-1,0.0,0.0
2026-01-16T05:00,0.0,0.0,0.0,0.0,-1.2,1.51,4.2,34,54,35220.0,1,0.113,0.0,215.0,1,0.0,2,0,0.0,-1,-1,-1,-1,0.0,0.0
2026-01-16T06:00,0.0,0.0,0.0,0.0,0.2,1.01,4.7,9,77,35460.0,1,0.113,0.0,410.0,1,0.0,2,0,0.0,-1,-1,-1,-1,0.0,0.0
2026-01-16T07:00,0.0,0.0,0.0,0.0,0.9,0.99,4.2,49,85,35440.0,1,0.113,0.0,550.0,1,0.0,3,0,0.0,-1,-1,-1,-1,0.0,0.0
2026-01-16T08:00,0.0,0.0,0.0,0.0,1.2,1.27,4.5,79,96,35440.0,1,0.113,0.0,540.0,1,0.0,3,0,0.0,-1,-1,-1,-1,0.0,0.0
2026-01-16T09:00,0.0,0.0,0.0,0.0,1.2,0.97,4.1,55,90,35440.0,1,0.113,0.0,530.0,1,0.0,3,0,0.0,-1,-1,-1,-1,0.0,0.0
2026-01-16T10:00,0.0,0.0,0.0,0.0,0.3,1.01,3.2,27,90,35420.0,1,0.113,0.0,170.0,1,0.0,3,0,0.0,-1,-1,-1,-1,0.0,0.0
2026-01-16T11:00,0.0,0.0,0.0,0.0,-2.6,1.73,3.0,22,93,35420.0,1,0.113,0.0,75.0,1,0.0,3,0,0.0,-1,-1,-1,-1,0.0,0.0
2026-01-16T12:00,0.0,0.0,0.0,0.0,-4.0,1.53,3.3,38,32,35180.0,0,0.113,0.0,35.0,1,0.0,1,0,0.0,-1,-1,-1,-1,0.0,0.0
2026-01-16T13:00,0.0,0.0,0.0,0.0,-4.7,1.43,2.7,78,9,35160.0,0,0.113,0.0,30.0,1,0.0,0,0,0.0,-1,-1,-1,-1,0.0,0.0
2026-01-16T14:00,0.0,0.0,0.0,0.0,-4.7,2.59,4.0,80,34,35140.0,0,0.113,0.0,85.0,1,0.0,1,0,0.0,-1,-1,-1,-1,0.0,0.0
2026-01-16T15:00,0.0,0.0,0.0,0.0,-4.3,3.79,6.7,67,49,35120.0,0,0.113,0.0,210.0,1,0.0,1,0,0.0,-1,-1,-1,-1,0.0,0.0
2026-01-16T16:00,0.0,0.0,0.0,0.0,-4.3,4.2,7.4,65,17,35120.0,0,0.113,0.0,230.0,1,0.0,0,0,0.0,-1,-1,-1,-1,0.0,0.0
2026-01-16T17:00,0.0,0.0,0.0,0.0,-4.3,5.28,8.9,70,95,35100.0,0,0.113,0.0,265.0,1,0.0,3,0,0.0,-1,-1,-1,-1,0.0,0.0
2026-01-16T18:00,0.0,0.0,0.0,0.0,-4.7,5.5,10.6,65,100,35080.0,0,0.113,0.0,275.0,1,0.0,3,0,0.0,-1,-1,-1,-1,0.0,0.0
2026-01-16T19:00,0.0,0.0,0.0,0.0,-4.6,5.57,9.8,63,100,35060.0,0,0.113,0.0,350.0,1,0.0,3,0,0.0,-1,-1,-1,-1,0.0,0.0
2026-01-16T20:00,0.0,0.0,0.0,0.0,-4.5,5.31,9.8,57,99,35060.0,0,0.113,0.0,335.0,1,0.0,3,0,0.0,-1,-1,-1,-1,0.0,0.0
2026-01-16T21:00,0.0,0.0,0.0,0.0,-4.7,4.18,9.4,64,100,35040.0,0,0.113,0.0,325.0,1,0.0,3,0,0.0,-1,-1,-1,-1,0.0,0.0
2026-01-16T22:00,0.0,0.0,0.0,0.0,-5.2,4.91,8.5,59,100,34880.0,0,0.113,0.0,310.0,1,0.0,3,0,0.0,-1,-1,-1,-1,0.0,0.0
2026-01-16T23:00,0.0,0.0,0.0,0.0,-4.8,5.29,9.3,53,100,35000.0,0,0.113,0.0,300.0,1,0.0,3,0,0.0,-1,-1,-1,-1,0.0,0.0
2026-01-17T00:00,0.0,0.0,0.0,0.0,-5.7,2.58,9.4,44,100,34860.0,0,0.113,0.0,210.0,1,0.0,3,0,0.0,-1,-1,-1,-1,0.0,0.0
2026-01-17T01:00,0.0,0.0,0.0,0.0,-6.2,3.05,5.5,55,100,34840.0,0,0.113,0.0,220.0,1,0.0,3,0,0.0,-1,-1,-1,-1,0.0,0.0
2026-01-17T02:00,0.0,0.0,0.0,0.0,-6.1,4.05,7.0,66,100,34820.0,1,0.113,0.0,255.0,1,0.0,3,0,0.0,-1,-1,-1,-1,0.0,0.0
2026-01-17T03:00,0.0,0.0,0.0,0.0,-4.6,5.02,9.1,59,100,34940.0,1,0.113,0.0,360.0,1,0.0,3,0,0.0,-1,-1,-1,-1,0.0,0.0
2026-01-17T04:00,0.0,0.0,0.0,0.0,-3.0,5.2,9.8,60,100,34940.0,1,0.113,0.0,430.0,1,0.0,3,0,0.0,-1,-1,-1,-1,0.0,0.0
2026-01-17T05:00,0.0,0.0,0.0,0.0,-1.8,5.42,10.7,60,100,34920.0,1,0.113,0.0,425.0,1,0.0,3,0,0.0,-1,-1,-1,-1,0.0,0.0
2026-01-17T06:00,0.0,0.0,0.0,0.0,-1.0,4.1,10.6,52,100,35140.0,1,0.113,0.0,420.0,1,0.0,3,0,0.0,-1,-1,-1,-1,0.0,0.0
2026-01-17T07:00,0.0,0.0,0.0,0.0,-0.4,4.47,9.5,58,99,35120.0,1,0.113,0.0,455.0,1,0.0,3,0,0.0,-1,-1,-1,-1,0.0,0.0
2026-01-17T08:00,0.0,0.0,0.0,0.0,0.4,3.57,9.1,68,100,35120.0,1,0.113,0.0,480.0,1,0.0,3,0,0.0,-1,-1,-1,-1,0.0,0.0
2026-01-17T09:00,0.0,0.0,0.0,0.0,0.3,1.99,7.5,65,100,35100.0,1,0.113,0.0,595.0,1,0.0,3,0,0.0,-1,-1,-1,-1,0.0,0.0
2026-01-17T10:00,0.0,0.0,0.0,0.0,0.1,1.23,4.5,27,100,35080.0,1,0.113,0.0,350.0,1,0.0,3,0,0.0,-1,-1,-1,-1,0.0,0.0
2026-01-17T11:00,0.0,0.0,0.0,0.0,-1.7,1.15,2.8,18,100,35060.0,1,0.113,0.0,70.0,1,0.0,3,0,0.0,-1,-1,-1,-1,0.0,0.0
2026-01-17T12:00,0.0,0.0,0.0,0.0,-2.6,2.4,2.9,67,100,34820.0,0,0.113,0.0,210.0,1,0.0,3,0,0.0,-1,-1,-1,-1,0.0,0.0
2026-01-17T13:00,0.0,0.0,0.0,0.0,-3.3,2.85,5.1,52,99,34800.0,0,0.113,0.0,180.0,1,0.0,3,0,0.0,-1,-1,-1,-1,0.0,0.0
2026-01-17T14:00,0.0,0.0,0.0,0.0,-4.0,2.79,5.1,54,100,34780.0,0,0.113,0.0,150.0,1,0.0,3,0,0.0,-1,-1,-1,-1,0.0,0.0
2026-01-17T15:00,0.0,0.0,0.0,0.0,-3.8,3.02,5.3,63,100,34760.0,0,0.113,0.0,180.0,1,0.0,3,0,0.0,-1,-1,-1,-1,0.0,0.0
2026-01-17T16:00,0.0,0.0,0.0,0.0,-3.5,3.93,6.8,53,100,34760.0,0,0.113,0.0,280.0,1,0.0,3,0,0.0,-1,-1,-1,-1,0.0,0.0
2026-01-17T17:00,0.0,0.0,0.0,0.0,-3.8,5.36,9.3,50,100,34740.0,0,0.113,0.0,345.0,1,0.0,3,0,0.0,-1,-1,-1,-1,0.0,0.0
2026-01-17T18:00,0.0,0.0,0.0,0.0,-4.1,4.32,9.6,47,100,34720.0,0,0.113,0.0,275.0,1,0.0,3,0,0.0,-1,-1,-1,-1,0.0,0.0
2026-01-17T19:00,0.0,0.0,0.0,0.0,-4.0,3.7,7.7,32,100,34720.0,0,0.113,0.0,305.0,1,0.0,3,0,0.0,-1,-1,-1,-1,0.0,0.0
2026-01-17T20:00,0.0,0.0,0.0,0.0,-4.1,3.76,6.7,33,100,34220.0,0,0.113,0.0,320.0,1,0.0,3,0,0.0,-1,-1,-1,-1,0.0,0.0
2026-01-17T21:00,0.0,0.0,0.0,0.0,-4.7,5.17,9.0,43,100,29560.0,0,0.113,0.0,340.0,1,0.0,3,0,0.0,-1,-1,-1,-1,0.0,0.0
2026-01-17T22:00,0.0,0.0,0.0,0.0,-5.3,5.92,10.5,49,100,19140.0,0,0.113,0.0,395.0,1,0.0,3,0,0.0,-1,-1,-1,-1,0.0,0.0
2026-01-17T23:00,0.0,0.0,0.0,0.0,-5.9,5.97,10.8,50,100,23240.0,0,0.113,0.0,390.0,1,0.0,3,0,0.0,-1,-1,-1,-1,0.0,0.0
2026-01-18T00:00,0.0,0.0,0.0,0.0,-6.8,5.0,10.6,49,100,22420.0,0,0.113,0.0,360.0,1,0.0,3,0,0.0,-1,-1,-1,-1,0.0,0.0
2026-01-18T01:00,0.0,0.0,0.0,0.0,-6.7,5.25,9.6,50,100,27720.0,0,0.113,0.0,310.0,1,0.0,3,0,0.0,-1,-1,-1,-1,0.0,0.0
2026-01-18T02:00,0.0,0.0,0.0,0.0,-6.5,4.76,9.5,54,100,21020.0,1,0.113,0.0,305.0,1,0.0,3,0,0.0,-1,-1,-1,-1,0.0,0.0
2026-01-18T03:00,0.0,0.0,0.0,0.0,-6.2,4.91,9.1,59,100,16980.0,1,0.113,0.0,355.0,1,0.0,3,0,0.0,-1,-1,-1,-1,0.0,0.0
2026-01-18T04:00,0.0,0.0,0.0,0.0,-5.2,4.84,9.5,57,100,21140.0,1,0.113,0.0,415.0,1,0.0,3,0,0.0,-1,-1,-1,-1,0.0,0.0
2026-01-18T05:00,0.0,0.0,0.0,0.0,-4.4,4.61,9.4,64,100,27560.0,1,0.113,0.0,535.0,1,0.0,3,0,0.0,-1,-1,-1,-1,0.0,0.0
2026-01-18T06:00,0.0,0.0,0.0,0.0,-4.3,4.12,9.4,67,98,30520.0,1,0.113,0.0,550.0,1,0.0,3,0,0.0,-1,-1,-1,-1,0.0,0.0
2026-01-18T07:00,0.0,0.0,0.0,0.0,-3.3,4.43,9.3,65,99,34580.0,1,0.113,0.0,745.0,1,0.0,3,0,0.0,-1,-1,-1,-1,0.0,0.0
2026-01-18T08:00,0.0,0.0,0.0,0.0,-2.8,3.24,9.1,65,98,34760.0,1,0.113,0.0,890.0,1,0.0,3,0,0.0,-1,-1,-1,-1,0.0,0.0
2026-01-18T09:00,0.0,0.0,0.0,0.0,-2.5,2.46,7.0,61,100,34760.0,1,0.113,0.0,1040.0,1,0.0,3,0,0.0,-1,-1,-1,-1,0.0,0.0
2026-01-18T10:00,0.0,0.0,0.0,0.0,-2.9,3.01,5.9,54,100,34740.0,1,0.113,0.0,1000.0,1,0.0,3,0,0.0,-1,-1,-1,-1,0.0,0.0
2026-01-18T11:00,0.0,0.0,0.0,0.0,-3.9,2.92,6.1,59,100,34720.0,1,0.113,0.0,845.0,1,0.0,3,0,0.0,-1,-1,-1,-1,0.0,0.0
2026-01-18T12:00,0.0,0.0,0.0,0.0,-5.6,3.11,6.4,57,98,34700.0,0,0.113,0.0,430.0,1,0.0,3,0,0.0,-1,-1,-1,-1,0.0,0.0
2026-01-18T13:00,0.0,0.0,0.0,0.0,-5.8,3.49,6.3,56,100,34700.0,0,0.113,0.0,480.0,1,0.0,3,0,0.0,-1,-1,-1,-1,0.0,0.0
2026-01-18T14:00,0.0,0.0,0.0,0.0,-6.1,3.62,6.7,55,100,33080.0,0,0.113,0.0,465.0,1,0.0,3,0,0.0,-1,-1,-1,-1,0.0,0.0
2026-01-18T15:00,0.0,0.0,0.0,0.0,-6.0,4.17,7.6,46,100,26080.0,0,0.113,0.0,470.0,1,0.0,3,0,0.0,-1,-1,-1,-1,0.0,0.0
2026-01-18T16:00,0.0,0.0,0.0,0.0,-6.4,4.14,7.7,45,100,26280.0,0,0.113,0.0,405.0,1,0.0,3,0,0.0,-1,-1,-1,-1,0.0,0.0
2026-01-18T17:00,0.0,0.0,0.0,0.0,-6.7,4.07,7.7,48,100,23560.0,0,0.113,0.0,350.0,1,0.0,3,0,0.0,-1,-1,-1,-1,0.0,0.0
2026-01-18T18:00,0.0,0.0,0.0,0.0,-7.6,3.74,7.4,56,98,31820.0,0,0.113,0.0,265.0,1,0.0,3,0,0.0,-1,-1,-1,-1,0.0,0.0
2026-01-18T19:00,0.0,0.0,0.0,0.0,-7.9,3.81,7.0,56,83,33140.0,0,0.113,0.0,255.0,1,0.0,3,0,0.0,-1,-1,-1,-1,0.0,0.0
2026-01-18T20:00,0.0,0.0,0.0,0.0,-8.7,3.29,6.8,54,81,33220.0,0,0.113,0.0,230.0,1,0.0,3,0,0.0,-1,-1,-1,-1,0.0,0.0
2026-01-18T21:00,0.0,0.0,0.0,0.0,-9.0,3.1,6.0,52,21,34580.0,0,0.113,0.0,205.0,1,0.0,1,0,0.0,-1,-1,-1,-1,0.0,0.0
2026-01-18T22:00,0.0,0.0,0.0,0.0,-9.2,2.73,5.6,49,83,32960.0,0,0.113,0.0,175.0,1,0.0,3,0,0.0,-1,-1,-1,-1,0.0,0.0
2026-01-18T23:00,0.0,0.0,0.0,0.0,-9.0,2.66,5.0,56,100,32500.0,0,0.113,0.0,165.0,1,0.0,3,0,0.0,-1,-1,-1,-1,0.0,0.0
2026-01-19T00:00,0.0,0.0,0.0,0.0,-9.5,2.05,4.9,56,98,30360.0,0,0.113,0.0,125.0,1,0.0,3,0,0.0,-1,-1,-1,-1,0.0,0.0
2026-01-19T01:00,0.0,0.0,0.0,0.0,-9.9,2.71,5.1,67,100,24540.0,0,0.113,0.0,120.0,1,0.0,3,0,0.0,-1,-1,-1,-1,0.0,0.0
2026-01-19T02:00,0.0,0.0,0.0,0.0,-9.6,2.53,5.0,68,100,22660.0,1,0.113,0.0,120.0,1,0.0,3,0,0.0,-1,-1,-1,-1,0.0,0.0
2026-01-19T03:00,0.0,0.0,0.0,0.0,-8.6,2.29,5.2,58,100,21200.0,1,0.113,0.0,150.0,1,0.0,3,0,0.0,-1,-1,-1,-1,0.0,0.0
2026-01-19T04:00,0.0,0.0,0.0,0.0,-7.7,1.85,4.9,52,100,20100.0,1,0.113,0.0,185.0,1,0.0,3,0,0.0,-1,-1,-1,-1,0.0,0.0
2026-01-19T05:00,0.0,0.0,0.0,0.0,-6.5,1.03,4.6,51,100,18840.0,1,0.113,0.0,375.0,1,0.0,3,0,0.0,-1,-1,-1,-1,0.0,0.0
2026-01-19T06:00,0.0,0.0,0.0,0.0,-5.6,0.75,3.9,266,100,22500.0,1,0.113,0.0,880.0,1,0.0,3,0,0.0,-1,-1,-1,-1,0.0,0.0
2026-01-19T07:00,0.0,0.0,0.0,0.0,-4.9,1.47,4.4,280,100,23820.0,1,0.113,0.0,1035.0,1,0.0,3,0,0.0,-1,-1,-1,-1,0.0,0.0
2026-01-19T08:00,0.0,0.0,0.0,0.0,-4.6,1.71,4.9,285,100,25420.0,1,0.113,0.0,1140.0,1,0.0,3,0,0.0,-1,-1,-1,-1,0.0,0.0
2026-01-19T09:00,0.0,0.0,0.0,0.0,-4.4,1.53,4.9,302,99,29600.0,1,0.113,0.0,1100.0,1,0.0,3,0,0.0,-1,-1,-1,-1,0.0,0.0
2026-01-19T10:00,0.0,0.0,0.0,0.0,-4.5,1.25,4.3,323,98,32920.0,1,0.113,0.0,1030.0,1,0.0,3,0,0.0,-1,-1,-1,-1,0.0,0.0
2026-01-19T11:00,0.0,0.0,0.0,0.0,-5.6,1.32,3.5,349,91,33140.0,1,0.113,0.0,155.0,1,0.0,3,0,0.0,-1,-1,-1,-1,0.0,0.0
2026-01-19T12:00,0.0,0.0,0.0,0.0,-6.6,0.4,2.6,360,100,28460.0,0,0.113,0.0,50.0,1,0.0,3,0,0.0,-1,-1,-1,-1,0.0,0.0
2026-01-19T13:00,0.0,0.0,0.0,0.0,-7.1,0.35,0.9,8,99,29320.0,0,0.113,0.0,30.0,1,0.0,3,0,0.0,-1,-1,-1,-1,0.0,0.0
2026-01-19T14:00,0.0,0.0,0.0,0.0,-7.3,0.83,1.2,33,100,31820.0,0,0.113,0.0,95.0,1,0.0,3,0,0.0,-1,-1,-1,-1,0.0,0.0
2026-01-19T15:00,0.0,0.0,0.0,0.0,-8.2,1.1,1.7,51,97,33720.0,0,0.113,0.0,100.0,1,0.0,3,0,0.0,-1,-1,-1,-1,0.0,0.0
2026-01-19T16:00,0.0,0.0,0.0,0.0,-9.3,1.27,1.9,45,82,33720.0,0,0.113,0.0,55.0,1,0.0,3,0,0.0,-1,-1,-1,-1,0.0,0.0
2026-01-19T17:00,0.0,0.0,0.0,0.0,-10.0,1.77,2.9,45,89,33700.0,0,0.113,0.0,55.0,1,0.0,3,0,0.0,-1,-1,-1,-1,0.0,0.0
2026-01-19T18:00,0.0,0.0,0.0,0.0,-11.0,1.39,3.3,64,11,33680.0,0,0.113,0.0,35.0,1,0.0,0,0,0.0,-1,-1,-1,-1,0.0,0.0
2026-01-19T19:00,0.0,0.0,0.0,0.0,-11.4,1.94,3.3,55,27,33680.0,0,0.113,0.0,45.0,1,0.0,1,0,0.0,-1,-1,-1,-1,0.0,0.0
2026-01-19T20:00,0.0,0.0,0.0,0.0,-12.0,1.39,3.5,64,20,33660.0,0,0.113,0.0,40.0,1,0.0,1,0,0.0,-1,-1,-1,-1,0.0,0.0
2026-01-19T21:00,0.0,0.0,0.0,0.0,-12.0,0.67,2.0,48,84,33840.0,0,0.113,0.0,30.0,1,0.0,3,0,0.0,-1,-1,-1,-1,0.0,0.0
2026-01-19T22:00,0.0,0.0,0.0,0.0,-12.1,0.78,1.2,63,100,33820.0,0,0.113,0.0,35.0,1,0.0,3,0,0.0,-1,-1,-1,-1,0.0,0.0
2026-01-19T23:00,0.0,0.0,0.0,0.0,-12.2,1.24,2.1,76,100,33800.0,0,0.113,0.0,45.0,1,0.0,3,0,0.0,-1,-1,-1,-1,0.0,0.0
2026-01-20T00:00,0.0,0.0,0.0,0.0,-11.5,1.52,2.1,63,100,31620.0,0,0.113,0.0,50.0,1,0.0,3,0,0.0,-1,-1,-1,-1,0.0,0.0
2026-01-20T01:00,0.0,0.0,0.0,0.0,-11.9,1.8,3.1,71,100,33020.0,0,0.113,0.0,65.0,1,0.0,3,0,0.0,-1,-1,-1,-1,0.0,0.0
2026-01-20T02:00,0.0,0.0,0.0,0.0,-11.6,0.53,3.1,49,100,32280.0,1,0.113,0.0,45.0,1,0.0,3,0,0.0,-1,-1,-1,-1,0.0,0.0
2026-01-20T03:00,0.0,0.0,0.0,0.0,-10.2,0.74,2.2,340,100,29960.0,1,0.113,0.0,60.0,1,0.0,3,0,0.0,-1,-1,-1,-1,0.0,0.0
2026-01-20T04:00,0.0,0.0,0.0,0.0,-8.6,0.71,3.2,352,100,32060.0,1,0.113,0.0,170.0,1,0.0,3,0,0.0,-1,-1,-1,-1,0.0,0.0
2026-01-20T05:00,0.0,0.0,0.0,0.0,-7.3,1.19,3.9,332,100,26440.0,1,0.113,0.0,325.0,1,0.0,3,0,0.0,-1,-1,-1,-1,0.0,0.0
2026-01-20T06:00,0.0,0.0,0.0,0.0,-6.5,1.45,4.4,266,100,23740.0,1,0.113,0.0,605.0,1,0.0,3,0,0.0,-1,-1,-1,-1,0.0,0.0
2026-01-20T07:00,0.0,0.0,0.0,0.0,-5.5,1.7,5.3,270,100,24220.0,1,0.113,0.0,845.0,1,0.0,3,0,0.0,-1,-1,-1,-1,0.0,0.0
2026-01-20T08:00,0.0,0.0,0.0,0.0,-5.5,1.81,5.1,242,100,13620.0,1,0.113,0.0,880.0,1,0.0,3,0,0.0,-1,-1,-1,-1,0.0,0.0
2026-01-20T09:00,0.0,0.0,0.0,0.0,-5.1,1.89,5.2,238,66,29100.0,1,0.113,0.0,975.0,1,0.0,2,0,0.0,-1,-1,-1,-1,0.0,0.0
2026-01-20T10:00,0.0,0.0,0.0,0.0,-5.0,2.38,4.6,248,80,33800.0,1,0.113,0.0,990.0,1,0.0,3,0,0.0,-1,-1,-1,-1,0.0,0.0
2026-01-20T11:00,0.0,0.0,0.0,0.0,-7.0,1.64,4.7,239,12,33640.0,1,0.113,0.0,710.0,1,0.0,0,0,0.0,-1,-1,-1,-1,0.0,0.0
2026-01-20T12:00,0.0,0.0,0.0,0.01,-9.1,1.81,2.8,228,42,33560.0,0,0.113,0.0,115.0,1,0.0,1,0,0.0,-1,-1,-1,-1,0.0,0.0
2026-01-20T13:00,0.0,0.0,0.0,0.01,-9.4,0.61,2.6,189,5,33620.0,0,0.113,0.0,30.0,1,0.0,0,0,0.0,-1,-1,-1,-1,0.0,0.0
2026-01-20T14:00,0.0,0.0,0.0,0.01,-10.2,0.4,0.9,150,3,33400.0,0,0.113,0.0,15.0,1,0.0,0,0,0.0,-1,-1,-1,-1,0.0,0.0
2026-01-20T15:00,0.0,0.0,0.0,0.01,-10.7,0.22,0.6,153,1,33380.0,0,0.113,0.0,10.0,1,0.0,0,0,0.0,-1,-1,-1,-1,0.0,0.0
2026-01-20T16:00,0.0,0.0,0.0,0.01,-11.0,0.2,0.5,180,3,33360.0,0,0.113,0.0,10.0,1,0.0,0,0,0.0,-1,-1,-1,-1,0.0,0.0
2026-01-20T17:00,0.0,0.0,0.0,0.01,-11.8,0.32,0.6,141,0,33360.0,0,0.113,0.0,15.0,1,0.0,0,0,0.0,-1,-1,-1,-1,0.0,0.0
2026-01-20T18:00,0.0,0.0,0.0,0.01,-13.3,0.81,1.6,137,0,33080.0,0,0.113,0.0,25.0,1,0.0,0,0,0.0,-1,-1,-1,-1,0.0,0.0
2026-01-20T19:00,0.0,0.0,0.0,0.01,-14.1,1.27,2.4,116,0,32560.0,0,0.113,0.0,30.0,1,0.0,0,0,0.0,-1,-1,-1,-1,0.0,0.0
2026-01-20T20:00,0.0,0.0,0.0,0.01,-14.7,1.17,2.3,100,0,32540.0,0,0.113,0.0,25.0,1,0.0,0,0,0.0,-1,-1,-1,-1,0.0,0.0
2026-01-20T21:00,0.0,0.0,0.0,0.01,-14.9,1.12,2.1,100,0,32540.0,0,0.113,0.0,30.0,1,0.0,0,0,0.0,-1,-1,-1,-1,0.0,0.0
2026-01-20T22:00,0.0,0.0,0.0,0.01,-14.9,1.06,2.1,98,0,32520.0,0,0.113,0.0,25.0,1,0.0,0,0,0.0,-1,-1,-1,-1,0.0,0.0
2026-01-20T23:00,0.0,0.0,0.0,0.01,-14.9,1.2,2.2,85,0,32500.0,0,0.113,0.0,30.0,1,0.0,0,0,0.0,-1,-1,-1,-1,0.0,0.0
2026-01-21T00:00,0.0,0.0,0.0,0.01,-14.6,0.55,2.2,95,0,32480.0,0,0.113,0.0,20.0,1,0.0,0,0,0.0,-1,-1,-1,-1,0.0,0.0
2026-01-21T01:00,0.0,0.0,0.0,0.01,-15.2,0.81,1.4,120,0,32480.0,0,0.113,0.0,25.0,1,0.0,0,0,0.0,-1,-1,-1,-1,0.0,0.0
2026-01-21T02:00,0.0,0.0,0.0,0.01,-15.3,1.01,2.0,123,5,32000.0,1,0.113,0.0,30.0,1,0.0,0,0,0.0,-1,-1,-1,-1,0.0,0.0
2026-01-21T03:00,0.0,0.0,0.0,0.01,-13.3,0.5,2.2,96,7,32440.0,1,0.113,0.0,30.0,1,0.0,0,0,0.0,-1,-1,-1,-1,0.0,0.0
2026-01-21T04:00,0.0,0.0,0.0,0.01,-11.3,0.6,3.1,48,1,32940.0,1,0.113,0.0,140.0,1,0.0,0,0,0.0,-1,-1,-1,-1,0.0,0.0
2026-01-21T05:00,0.0,0.0,0.0,0.01,-9.3,0.56,3.5,207,2,33180.0,1,0.113,0.0,340.0,1,0.0,0,0,0.0,-1,-1,-1,-1,0.0,0.0
2026-01-21T06:00,0.0,0.0,0.0,0.01,-7.6,1.56,4.6,263,4,33380.0,1,0.113,0.0,545.0,1,0.0,0,0,0.0,-1,-1,-1,-1,0.0,0.0
2026-01-21T07:00,0.0,0.0,0.0,0.01,-6.0,2.15,5.9,248,5,33360.0,1,0.113,0.0,700.0,1,0.0,0,0,0.0,-1,-1,-1,-1,0.0,0.0
2026-01-21T08:00,0.0,0.0,0.0,0.01,-4.6,2.61,6.2,265,0,33340.0,1,0.113,0.0,895.0,1,0.0,0,0,0.0,-1,-1,-1,-1,0.0,0.0
2026-01-21T09:00,0.0,0.0,0.0,0.01,-4.3,3.1,6.8,268,0,33480.0,1,0.113,0.0,830.0,1,0.0,0,0,0.0,-1,-1,-1,-1,0.0,0.0
2026-01-21T10:00,0.0,0.0,0.0,0.01,-4.7,2.83,6.6,257,0,33320.0,1,0.113,0.0,780.0,1,0.0,0,0,0.0,-1,-1,-1,-1,0.0,0.0
2026-01-21T11:00,0.0,0.0,0.0,0.01,-7.0,1.57,5.3,217,0,33300.0,1,0.113,0.0,185.0,1,0.0,0,0,0.0,-1,-1,-1,-1,0.0,0.0
2026-01-21T12:00,0.0,0.0,0.0,0.01,-9.2,1.92,2.8,195,1,33080.0,0,0.113,0.0,80.0,1,0.0,0,0,0.0,-1,-1,-1,-1,0.0,0.0
2026-01-21T13:00,0.0,0.0,0.0,0.01,-10.5,1.08,3.0,158,0,33060.0,0,0.113,0.0,35.0,1,0.0,0,0,0.0,-1,-1,-1,-1,0.0,0.0
2026-01-21T14:00,0.0,0.0,0.0,0.01,-11.0,0.67,1.5,153,5,32800.0,0,0.113,0.0,20.0,1,0.0,0,0,0.0,-1,-1,-1,-1,0.0,0.0
2026-01-21T15:00,0.0,0.0,0.0,0.01,-11.4,0.4,0.9,120,1,32780.0,0,0.113,0.0,15.0,1,0.0,0,0,0.0,-1,-1,-1,-1,0.0,0.0
2026-01-21T16:00,0.0,0.0,0.0,0.01,-12.0,0.57,1.1,135,0,32760.0,0,0.113,0.0,15.0,1,0.0,0,0,0.0,-1,-1,-1,-1,0.0,0.0
2026-01-21T17:00,0.0,0.0,0.0,0.01,-12.4,0.36,0.9,124,0,32740.0,0,0.113,0.0,15.0,1,0.0,0,0,0.0,-1,-1,-1,-1,0.0,0.0
2026-01-21T18:00,0.0,0.0,0.0,0.01,-13.2,0.67,1.0,117,0,32220.0,0,0.113,0.0,15.0,1,0.0,0,0,0.0,-1,-1,-1,-1,0.0,0.0
2026-01-21T19:00,0.0,0.0,0.0,0.01,-13.7,0.57,1.1,105,0,32200.0,0,0.113,0.0,15.0,1,0.0,0,0,0.0,-1,-1,-1,-1,0.0,0.0
2026-01-21T20:00,0.0,0.0,0.0,0.01,-14.0,0.96,2.1,81,0,32180.0,0,0.113,0.0,30.0,1,0.0,0,0,0.0,-1,-1,-1,-1,0.0,0.0
2026-01-21T21:00,0.0,0.0,0.0,0.01,-13.9,0.61,1.5,125,0,32700.0,0,0.113,0.0,25.0,1,0.0,0,0,0.0,-1,-1,-1,-1,0.0,0.0
2026-01-21T22:00,0.0,0.0,0.0,0.01,-14.2,0.56,1.0,117,0,32160.0,0,0.113,0.0,25.0,1,0.0,0,0,0.0,-1,-1,-1,-1,0.0,0.0
2026-01-21T23:00,0.0,0.0,0.0,0.01,-14.5,1.05,1.4,93,0,32140.0,0,0.113,0.0,30.0,1,0.0,0,0,0.0,-1,-1,-1,-1,0.0,0.0
2026-01-22T00:00,0.0,0.0,0.0,0.0,-15.0,0.52,2.1,107,2,31660.0,0,0.113,0.0,15.0,1,0.0,0,0,0.0,-1,-1,-1,-1,0.0,0.0
2026-01-22T01:00,0.0,0.0,0.0,0.0,-15.6,1.06,1.6,109,0,30980.0,0,0.113,0.0,30.0,1,0.0,0,0,0.0,-1,-1,-1,-1,0.0,0.0
2026-01-22T02:00,0.0,0.0,0.0,0.0,-15.0,1.49,2.8,110,0,31640.0,1,0.113,0.0,35.0,1,0.0,0,0,0.0,-1,-1,-1,-1,0.0,0.0
2026-01-22T03:00,0.0,0.0,0.0,0.0,-12.5,1.35,3.5,121,20,32080.0,1,0.113,0.0,55.0,1,0.0,1,0,0.0,-1,-1,-1,-1,0.0,0.0
2026-01-22T04:00,0.0,0.0,0.0,0.0,-10.3,0.64,3.5,141,66,32860.0,1,0.113,0.0,115.0,1,0.0,2,0,0.0,-1,-1,-1,-1,0.0,0.0
2026-01-22T05:00,0.0,0.0,0.0,0.0,-8.4,0.34,3.3,243,90,32840.0,1,0.113,0.0,290.0,1,0.0,3,0,0.0,-1,-1,-1,-1,0.0,0.0
2026-01-22T06:00,0.0,0.0,0.0,0.0,-7.0,1.64,4.4,211,5,33040.0,1,0.113,0.0,430.0,1,0.0,0,0,0.0,-1,-1,-1,-1,0.0,0.0
2026-01-22T07:00,0.0,0.0,0.0,0.0,-5.3,1.35,5.4,211,80,33020.0,1,0.113,0.0,575.0,1,0.0,3,0,0.0,-1,-1,-1,-1,0.0,0.0
2026-01-22T08:00,0.0,0.0,0.0,0.0,-4.2,1.05,4.8,245,76,33180.0,1,0.113,0.0,705.0,1,0.0,2,0,0.0,-1,-1,-1,-1,0.0,0.0
2026-01-22T09:00,0.0,0.0,0.0,0.0,-3.9,1.42,4.7,228,53,33160.0,1,0.113,0.0,705.0,1,0.0,2,0,0.0,-1,-1,-1,-1,0.0,0.0
2026-01-22T10:00,0.0,0.0,0.0,0.0,-4.3,1.21,4.4,246,0,33140.0,1,0.113,0.0,625.0,1,0.0,0,0,0.0,-1,-1,-1,-1,0.0,0.0
2026-01-22T11:00,0.0,0.0,0.0,0.0,-6.3,0.15,3.1,360,0,32980.0,1,0.113,0.0,20.0,1,0.0,0,0,0.0,-1,-1,-1,-1,0.0,0.0
2026-01-22T12:00,0.0,0.0,0.0,0.0,-7.9,0.4,0.5,173,1,32960.0,0,0.113,0.0,20.0,1,0.0,0,0,0.0,-1,-1,-1,-1,0.0,0.0
2026-01-22T13:00,0.0,0.0,0.0,0.0,-9.0,0.67,1.0,117,0,32940.0,0,0.113,0.0,20.0,1,0.0,0,0,0.0,-1,-1,-1,-1,0.0,0.0
2026-01-22T14:00,0.0,0.0,0.0,0.0,-10.0,0.72,1.8,102,0,32720.0,0,0.113,0.0,15.0,1,0.0,0,0,0.0,-1,-1,-1,-1,0.0,0.0
2026-01-22T15:00,0.0,0.0,0.0,0.0,-10.8,0.72,1.5,102,0,32700.0,0,0.113,0.0,15.0,1,0.0,0,0,0.0,-1,-1,-1,-1,0.0,0.0
2026-01-22T16:00,0.0,0.0,0.0,0.0,-10.8,0.18,1.1,56,0,32420.0,0,0.113,0.0,10.0,1,0.0,0,0,0.0,-1,-1,-1,-1,0.0,0.0
2026-01-22T17:00,0.0,0.0,0.0,0.0,-11.1,1.38,1.4,71,22,32680.0,0,0.113,0.0,40.0,1,0.0,1,0,0.0,-1,-1,-1,-1,0.0,0.0
2026-01-22T18:00,0.0,0.0,0.0,0.0,-11.4,1.85,3.4,87,79,32400.0,0,0.113,0.0,40.0,1,0.0,2,0,0.0,-1,-1,-1,-1,0.0,0.0
2026-01-22T19:00,0.0,0.0,0.0,0.0,-11.6,2.0,3.5,103,26,32660.0,0,0.113,0.0,60.0,1,0.0,1,0,0.0,-1,-1,-1,-1,0.0,0.0
2026-01-22T20:00,0.0,0.0,0.0,0.0,-11.4,0.7,3.0,86,59,32640.0,0,0.113,0.0,45.0,1,0.0,2,0,0.0,-1,-1,-1,-1,0.0,0.0
2026-01-22T21:00,0.0,0.0,0.0,0.0,-11.8,0.6,1.0,5,16,32620.0,0,0.113,0.0,30.0,1,0.0,0,0,0.0,-1,-1,-1,-1,0.0,0.0
2026-01-22T22:00,0.0,0.0,0.0,0.0,-11.7,0.41,1.4,346,73,32620.0,0,0.113,0.0,20.0,1,0.0,2,0,0.0,-1,-1,-1,-1,0.0,0.0
2026-01-22T23:00,0.0,0.0,0.0,0.0,-12.0,0.68,1.1,107,1,32600.0,0,0.113,0.0,25.0,1,0.0,0,0,0.0,-1,-1,-1,-1,0.0,0.0
2026-01-23T00:00,0.0,0.0,0.0,0.0,-13.1,1.45,1.8,88,98,32320.0,0,0.113,0.0,35.0,1,0.0,3,0,0.0,-1,-1,-1,-1,0.0,0.0
2026-01-23T01:00,0.0,0.0,0.0,0.0,-12.0,2.2,4.2,102,99,32320.0,0,0.113,0.0,80.0,1,0.0,3,0,0.0,-1,-1,-1,-1,0.0,0.0
2026-01-23T02:00,0.0,0.0,0.0,0.0,-10.1,4.32,7.2,95,100,32560.0,1,0.113,0.0,225.0,1,0.0,3,0,0.0,-1,-1,-1,-1,0.0,0.0
2026-01-23T03:00,0.0,0.0,0.0,0.0,-7.9,5.0,8.8,90,98,32780.0,1,0.113,0.0,260.0,1,0.0,3,0,0.0,-1,-1,-1,-1,0.0,0.0
2026-01-23T04:00,0.0,0.0,0.0,0.0,-5.9,0.85,8.7,310,0,32920.0,1,0.113,0.0,205.0,1,0.0,0,0,0.0,-1,-1,-1,-1,0.0,0.0
2026-01-23T05:00,0.0,0.0,0.0,0.0,-4.5,1.84,4.9,257,12,32920.0,1,0.113,0.0,240.0,1,0.0,0,0,0.0,-1,-1,-1,-1,0.0,0.0
2026-01-23T06:00,0.0,0.0,0.0,0.0,-3.3,1.81,6.0,256,99,32900.0,1,0.113,0.0,430.0,1,0.0,3,0,0.0,-1,-1,-1,-1,0.0,0.0
2026-01-23T07:00,0.0,0.0,0.0,0.0,-2.2,2.47,6.2,263,75,33160.0,1,0.113,0.0,480.0,1,0.0,2,0,0.0,-1,-1,-1,-1,0.0,0.0
2026-01-23T08:00,0.0,0.0,0.0,0.0,-2.0,2.72,6.6,253,95,33160.0,1,0.113,0.0,265.0,1,0.0,3,0,0.0,-1,-1,-1,-1,0.0,0.0
2026-01-23T09:00,0.0,0.0,0.0,0.0,-2.9,3.67,7.9,276,100,32880.0,1,0.113,0.0,220.0,1,0.0,3,0,0.0,-1,-1,-1,-1,0.0,0.0
2026-01-23T10:00,0.0,0.0,0.0,0.0,-3.3,2.1,7.5,245,84,32860.0,1,0.113,0.0,120.0,1,0.0,3,0,0.0,-1,-1,-1,-1,0.0,0.0
2026-01-23T11:00,0.0,0.0,0.0,0.0,-5.8,2.1,4.4,270,77,32680.0,1,0.113,0.0,75.0,1,0.0,2,0,0.0,-1,-1,-1,-1,0.0,0.0
2026-01-23T12:00,0.0,0.0,0.0,0.0,-8.0,2.73,5.3,246,100,32460.0,0,0.113,0.0,80.0,1,0.0,3,0,0.0,-1,-1,-1,-1,0.0,0.0
2026-01-23T13:00,0.0,0.0,0.0,0.0,-8.1,3.01,7.1,306,99,32440.0,0,0.113,0.0,125.0,1,0.0,3,0,0.0,-1,-1,-1,-1,0.0,0.0
2026-01-23T14:00,0.0,0.0,0.0,0.0,-8.4,1.35,5.0,239,100,32640.0,0,0.113,0.0,50.0,1,0.0,3,0,0.0,-1,-1,-1,-1,0.0,0.0
2026-01-23T15:00,0.0,0.0,0.0,0.0,-8.7,1.81,3.5,318,97,32640.0,0,0.113,0.0,85.0,1,0.0,3,0,0.0,-1,-1,-1,-1,0.0,0.0
2026-01-23T16:00,0.0,0.0,0.0,0.0,-9.0,1.45,3.0,226,100,32620.0,0,0.113,0.0,60.0,1,0.0,3,0,0.0,-1,-1,-1,-1,0.0,0.0
2026-01-23T17:00,0.0,0.0,0.0,0.0,-9.6,1.69,3.7,282,75,32400.0,0,0.113,0.0,100.0,1,0.0,2,0,0.0,-1,-1,-1,-1,0.0,0.0
2026-01-23T18:00,0.0,0.0,0.0,0.0,-9.5,0.34,2.3,243,55,32380.0,0,0.113,0.0,25.0,1,0.0,2,0,0.0,-1,-1,-1,-1,0.0,0.0
2026-01-23T19:00,0.0,0.0,0.0,0.0,-10.4,0.45,1.0,174,100,32380.0,0,0.113,0.0,30.0,1,0.0,3,0,0.0,-1,-1,-1,-1,0.0,0.0
2026-01-23T20:00,0.0,0.0,0.0,0.0,-10.2,0.96,2.0,81,100,32100.0,0,0.113,0.0,35.0,1,0.0,3,0,0.0,-1,-1,-1,-1,0.0,0.0
2026-01-23T21:00,0.0,0.0,0.0,0.0,-9.8,1.05,3.1,95,100,32080.0,0,0.113,0.0,35.0,1,0.0,3,0,0.0,-1,-1,-1,-1,0.0,0.0
2026-01-23T22:00,0.0,0.0,0.0,0.0,-10.5,0.46,1.8,131,100,32080.0,0,0.113,0.0,25.0,1,0.0,3,0,0.0,-1,-1,-1,-1,0.0,0.0
2026-01-23T23:00,0.0,0.0,0.0,0.0,-10.3,0.9,1.7,71,100,32080.0,0,0.113,0.0,35.0,1,0.0,3,0,0.0,-1,-1,-1,-1,0.0,0.0
2026-01-24T00:00,0.0,0.0,0.0,0.0,-10.0,0.91,3.1,351,100,32060.0,0,0.113,0.0,90.0,1,0.0,3,0,0.0,-1,-1,-1,-1,0.0,0.0
2026-01-24T01:00,0.0,0.0,0.0,0.0,-10.1,1.76,3.8,97,100,31520.0,0,0.113,0.0,115.0,1,0.0,3,0,0.0,-1,-1,-1,-1,0.0,0.0
2026-01-24T02:00,0.0,0.0,0.0,0.0,-10.4,0.67,3.4,27,100,31500.0,1,0.113,0.0,45.0,1,0.0,3,0,0.0,-1,-1,-1,-1,0.0,0.0
2026-01-24T03:00,0.0,0.0,0.0,0.0,-9.4,1.24,3.2,50,100,23640.0,1,0.113,0.0,105.0,1,0.0,3,0,0.0,-1,-1,-1,-1,0.0,0.0
2026-01-24T04:00,0.0,0.0,0.0,0.0,-8.2,1.59,4.1,131,100,17620.0,1,0.113,0.0,180.0,1,0.0,3,0,0.0,-1,-1,-1,-1,0.0,0.0
2026-01-24T05:00,0.0,0.0,0.0,0.0,-6.9,1.22,4.9,125,100,32120.0,1,0.113,0.0,300.0,1,0.0,3,0,0.0,-1,-1,-1,-1,0.0,0.0
2026-01-24T06:00,0.0,0.0,0.0,0.0,-6.1,1.18,3.8,306,100,32520.0,1,0.113,0.0,430.0,1,0.0,3,0,0.0,-1,-1,-1,-1,0.0,0.0
2026-01-24T07:00,0.0,0.0,0.0,0.0,-5.0,0.81,4.1,330,100,32500.0,1,0.113,0.0,455.0,1,0.0,3,0,0.0,-1,-1,-1,-1,0.0,0.0
2026-01-24T08:00,0.0,0.0,0.0,0.0,-3.7,1.64,4.7,322,98,32660.0,1,0.113,0.0,425.0,1,0.0,3,0,0.0,-1,-1,-1,-1,0.0,0.0
2026-01-24T09:00,0.0,0.0,0.0,0.0,-2.8,1.31,5.1,313,100,32660.0,1,0.113,0.0,430.0,1,0.0,3,0,0.0,-1,-1,-1,-1,0.0,0.0
2026-01-24T10:00,0.0,0.0,0.0,0.0,-3.0,0.85,4.1,242,0,32660.0,1,0.113,0.0,270.0,1,0.0,0,0,0.0,-1,-1,-1,-1,0.0,0.0
2026-01-24T11:00,0.0,0.0,0.0,0.0,-5.2,1.2,2.3,132,79,32640.0,1,0.113,0.0,105.0,1,0.0,2,0,0.0,-1,-1,-1,-1,0.0,0.0
2026-01-24T12:00,0.0,0.0,0.0,0.0,-6.8,1.52,3.1,117,21,32640.0,0,0.113,0.0,50.0,1,0.0,1,0,0.0,-1,-1,-1,-1,0.0,0.0
2026-01-24T13:00,0.0,0.0,0.0,0.0,-7.7,1.59,2.9,103,0,32460.0,0,0.113,0.0,50.0,1,0.0,0,0,0.0,-1,-1,-1,-1,0.0,0.0
2026-01-24T14:00,0.0,0.0,0.0,0.0,-8.0,0.81,2.5,83,0,32460.0,0,0.113,0.0,30.0,1,0.0,0,0,0.0,-1,-1,-1,-1,0.0,0.0
2026-01-24T15:00,0.0,0.0,0.0,0.0,-8.3,0.46,1.2,77,0,32440.0,0,0.113,0.0,20.0,1,0.0,0,0,0.0,-1,-1,-1,-1,0.0,0.0
2026-01-24T16:00,0.0,0.0,0.0,0.0,-8.8,0.74,1.2,70,0,32440.0,0,0.113,0.0,25.0,1,0.0,0,0,0.0,-1,-1,-1,-1,0.0,0.0
2026-01-24T17:00,0.0,0.0,0.0,0.0,-9.0,0.75,1.1,90,0,32420.0,0,0.113,0.0,30.0,1,0.0,0,0,0.0,-1,-1,-1,-1,0.0,0.0
2026-01-24T18:00,0.0,0.0,0.0,0.0,-9.8,1.21,1.9,97,0,32200.0,0,0.113,0.0,30.0,1,0.0,0,0,0.0,-1,-1,-1,-1,0.0,0.0
2026-01-24T19:00,0.0,0.0,0.0,0.0,-10.3,1.46,2.5,82,0,32200.0,0,0.113,0.0,25.0,1,0.0,0,0,0.0,-1,-1,-1,-1,0.0,0.0
2026-01-24T20:00,0.0,0.0,0.0,0.0,-10.4,1.2,2.5,88,0,32180.0,0,0.113,0.0,20.0,1,0.0,0,0,0.0,-1,-1,-1,-1,0.0,0.0
2026-01-24T21:00,0.0,0.0,0.0,0.0,-10.9,1.42,2.0,80,0,32180.0,0,0.113,0.0,30.0,1,0.0,0,0,0.0,-1,-1,-1,-1,0.0,0.0
2026-01-24T22:00,0.0,0.0,0.0,0.0,-10.8,1.82,2.6,81,0,32180.0,0,0.113,0.0,35.0,1,0.0,0,0,0.0,-1,-1,-1,-1,0.0,0.0
2026-01-24T23:00,0.0,0.0,0.0,0.0,-11.0,1.84,2.9,77,0,32160.0,0,0.113,0.0,35.0,1,0.0,0,0,0.0,-1,-1,-1,-1,0.0,0.0
2026-01-25T00:00,0.0,0.0,0.0,0.0,-11.0,1.53,2.9,109,2,32160.0,0,0.113,0.0,40.0,1,0.0,0,0,0.0,-1,-1,-1,-1,0.0,0.0
2026-01-25T01:00,0.0,0.0,0.0,0.0,-11.4,0.55,2.0,85,0,32160.0,0,0.113,0.0,30.0,1,0.0,0,0,0.0,-1,-1,-1,-1,0.0,0.0
2026-01-25T02:00,0.0,0.0,0.0,0.0,-11.4,0.42,0.9,135,1,32140.0,1,0.113,0.0,15.0,1,0.0,0,0,0.0,-1,-1,-1,-1,0.0,0.0
2026-01-25T03:00,0.0,0.0,0.0,0.0,-8.3,1.35,2.0,90,24,32360.0,1,0.113,0.0,25.0,1,0.0,1,0,0.0,-1,-1,-1,-1,0.0,0.0
2026-01-25T04:00,0.0,0.0,0.0,0.0,-4.6,1.36,3.7,54,81,32520.0,1,0.113,0.0,120.0,1,0.0,3,0,0.0,-1,-1,-1,-1,0.0,0.0
2026-01-25T05:00,0.0,0.0,0.0,0.0,-2.2,1.17,4.0,59,100,32780.0,1,0.113,0.0,215.0,1,0.0,3,0,0.0,-1,-1,-1,-1,0.0,0.0
2026-01-25T06:00,0.0,0.0,0.0,0.0,-0.8,0.59,4.0,290,100,32760.0,1,0.113,0.0,395.0,1,0.0,3,0,0.0,-1,-1,-1,-1,0.0,0.0
2026-01-25T07:00,0.0,0.0,0.0,0.0,0.5,0.95,3.9,270,98,32840.0,1,0.113,0.0,475.0,1,0.0,3,0,0.0,-1,-1,-1,-1,0.0,0.0
2026-01-25T08:00,0.0,0.0,0.0,0.0,1.2,1.6,4.6,274,52,32840.0,1,0.113,0.0,535.0,1,0.0,2,0,0.0,-1,-1,-1,-1,0.0,0.0
2026-01-25T09:00,0.0,0.0,0.0,0.0,1.6,2.26,5.1,265,100,32820.0,1,0.113,0.0,550.0,1,0.0,3,0,0.0,-1,-1,-1,-1,0.0,0.0
2026-01-25T10:00,0.0,0.0,0.0,0.0,1.1,2.65,5.3,270,100,32820.0,1,0.113,0.0,555.0,1,0.0,3,0,0.0,-1,-1,-1,-1,0.0,0.0
2026-01-25T11:00,0.0,0.0,0.0,0.0,-1.3,2.01,4.8,256,100,32720.0,1,0.113,0.0,205.0,1,0.0,3,0,0.0,-1,-1,-1,-1,0.0,0.0
2026-01-25T12:00,0.0,0.0,0.0,0.0,-3.2,1.96,3.5,264,100,32460.0,0,0.113,0.0,110.0,1,0.0,3,0,0.0,-1,-1,-1,-1,0.0,0.0
2026-01-25T13:00,0.0,0.0,0.0,0.0,-4.5,1.86,3.3,284,100,32440.0,0,0.113,0.0,100.0,1,0.0,3,0,0.0,-1,-1,-1,-1,0.0,0.0
2026-01-25T14:00,0.0,0.0,0.0,0.0,-4.6,1.31,2.8,252,100,32440.0,0,0.113,0.0,70.0,1,0.0,3,0,0.0,-1,-1,-1,-1,0.0,0.0
2026-01-25T15:00,0.0,0.0,0.0,0.0,-4.8,1.08,1.8,214,100,32440.0,0,0.113,0.0,45.0,1,0.0,3,0,0.0,-1,-1,-1,-1,0.0,0.0
2026-01-25T16:00,0.0,0.0,0.0,0.0,-4.9,0.72,1.5,214,100,30500.0,0,0.113,0.0,30.0,1,0.0,3,0,0.0,-1,-1,-1,-1,0.0,0.0
2026-01-25T17:00,0.0,0.0,0.0,0.0,-5.0,0.72,1.1,192,100,26560.0,0,0.113,0.0,30.0,1,0.0,3,0,0.0,-1,-1,-1,-1,0.0,0.0
2026-01-25T18:00,0.0,0.0,0.0,0.0,-5.7,1.66,2.1,205,77,32400.0,0,0.113,0.0,65.0,1,0.0,2,0,0.0,-1,-1,-1,-1,0.0,0.0
2026-01-25T19:00,0.0,0.0,0.0,0.0,-6.8,0.95,2.4,180,99,32240.0,0,0.113,0.0,40.0,1,0.0,3,0,0.0,-1,-1,-1,-1,0.0,0.0
2026-01-25T20:00,0.0,0.0,0.0,0.0,-7.2,0.72,1.4,155,23,32220.0,0,0.113,0.0,30.0,1,0.0,1,0,0.0,-1,-1,-1,-1,0.0,0.0
2026-01-25T21:00,0.0,0.0,0.0,0.0,-8.1,0.51,1.0,119,61,32220.0,0,0.113,0.0,20.0,1,0.0,2,0,0.0,-1,-1,-1,-1,0.0,0.0
2026-01-25T22:00,0.0,0.0,0.0,0.0,-9.1,0.85,1.9,111,5,32000.0,0,0.113,0.0,25.0,1,0.0,0,0,0.0,-1,-1,-1,-1,0.0,0.0
2026-01-25T23:00,0.0,0.0,0.0,0.0,-9.9,0.78,2.0,105,16,31980.0,0,0.113,0.0,20.0,1,0.0,0,0,0.0,-1,-1,-1,-1,0.0,0.0
2026-01-26T00:00,0.0,0.0,0.0,0.0,-10.0,0.28,1.8,135,0,31720.0,0,0.113,0.0,10.0,1,0.0,0,0,0.0,-1,-1,-1,-1,0.0,0.0
2026-01-26T01:00,0.0,0.0,0.0,0.0,-11.1,0.73,1.7,106,0,31700.0,0,0.113,0.0,20.0,1,0.0,0,0,0.0,-1,-1,-1,-1,0.0,0.0
2026-01-26T02:00,0.0,0.0,0.0,0.0,-11.2,1.19,2.4,105,1,31160.0,1,0.113,0.0,30.0,1,0.0,0,0,0.0,-1,-1,-1,-1,0.0,0.0
2026-01-26T03:00,0.0,0.0,0.0,0.0,-8.9,1.36,3.4,73,0,31680.0,1,0.113,0.0,50.0,1,0.0,0,0,0.0,-1,-1,-1,-1,0.0,0.0
2026-01-26T04:00,0.0,0.0,0.0,0.0,-6.7,0.95,3.6,87,0,32160.0,1,0.113,0.0,140.0,1,0.0,0,0,0.0,-1,-1,-1,-1,0.0,0.0
2026-01-26T05:00,0.0,0.0,0.0,0.0,-4.4,0.55,4.0,90,0,32320.0,1,0.113,0.0,230.0,1,0.0,0,0,0.0,-1,-1,-1,-1,0.0,0.0
2026-01-26T06:00,0.0,0.0,0.0,0.0,-2.8,0.38,3.5,247,0,32320.0,1,0.113,0.0,370.0,1,0.0,0,0,0.0,-1,-1,-1,-1,0.0,0.0
2026-01-26T07:00,0.0,0.0,0.0,0.0,-1.0,1.04,4.2,287,0,32580.0,1,0.113,0.0,425.0,1,0.0,0,0,0.0,-1,-1,-1,-1,0.0,0.0
2026-01-26T08:00,0.0,0.0,0.0,0.0,-0.1,1.26,4.7,288,0,32560.0,1,0.113,0.0,465.0,1,0.0,0,0,0.0,-1,-1,-1,-1,0.0,0.0
2026-01-26T09:00,0.0,0.0,0.0,0.0,0.3,1.09,4.3,286,8,32560.0,1,0.113,0.0,455.0,1,0.0,0,0,0.0,-1,-1,-1,-1,0.0,0.0
2026-01-26T10:00,0.0,0.0,0.0,0.0,0.0,0.49,3.6,336,15,32560.0,1,0.113,0.0,240.0,1,0.0,0,0,0.0,-1,-1,-1,-1,0.0,0.0
2026-01-26T11:00,0.0,0.0,0.0,0.0,-2.2,0.81,1.7,30,1,32540.0,1,0.113,0.0,50.0,1,0.0,0,0,0.0,-1,-1,-1,-1,0.0,0.0
2026-01-26T12:00,0.0,0.0,0.0,0.0,-3.7,0.9,1.6,56,5,32280.0,0,0.113,0.0,25.0,1,0.0,0,0,0.0,-1,-1,-1,-1,0.0,0.0
2026-01-26T13:00,0.0,0.0,0.0,0.0,-3.9,0.71,1.5,45,0,32260.0,0,0.113,0.0,20.0,1,0.0,0,0,0.0,-1,-1,-1,-1,0.0,0.0
2026-01-26T14:00,0.0,0.0,0.0,0.0,-4.3,0.35,1.1,82,0,32260.0,0,0.113,0.0,15.0,1,0.0,0,0,0.0,-1,-1,-1,-1,0.0,0.0
2026-01-26T15:00,0.0,0.0,0.0,0.0,-5.0,0.46,0.8,103,0,32260.0,0,0.113,0.0,25.0,1,0.0,0,0,0.0,-1,-1,-1,-1,0.0,0.0
2026-01-26T16:00,0.0,0.0,0.0,0.0,-5.5,0.35,0.9,98,0,32240.0,0,0.113,0.0,20.0,1,0.0,0,0,0.0,-1,-1,-1,-1,0.0,0.0
2026-01-26T17:00,0.0,0.0,0.0,0.0,-6.2,0.49,0.7,294,0,32240.0,0,0.113,0.0,35.0,1,0.0,0,0,0.0,-1,-1,-1,-1,0.0,0.0
2026-01-26T18:00,0.0,0.0,0.0,0.0,-6.7,0.64,1.3,315,0,32060.0,0,0.113,0.0,50.0,1,0.0,0,0,0.0,-1,-1,-1,-1,0.0,0.0
2026-01-26T19:00,0.0,0.0,0.0,0.0,-7.4,0.72,1.1,78,0,32060.0,0,0.113,0.0,35.0,1,0.0,0,0,0.0,-1,-1,-1,-1,0.0,0.0
2026-01-26T20:00,0.0,0.0,0.0,0.0,-7.9,1.1,1.7,93,0,32040.0,0,0.113,0.0,30.0,1,0.0,0,0,0.0,-1,-1,-1,-1,0.0,0.0
2026-01-26T21:00,0.0,0.0,0.0,0.0,-8.0,0.6,1.6,95,0,32040.0,0,0.113,0.0,25.0,1,0.0,0,0,0.0,-1,-1,-1,-1,0.0,0.0
2026-01-26T22:00,0.0,0.0,0.0,0.0,-8.2,0.22,1.0,27,0,32040.0,0,0.113,0.0,15.0,1,0.0,0,0,0.0,-1,-1,-1,-1,0.0,0.0
2026-01-26T23:00,0.0,0.0,0.0,0.0,-8.5,0.56,0.9,63,1,32020.0,0,0.113,0.0,25.0,1,0.0,0,0,0.0,-1,-1,-1,-1,0.0,0.0
2026-01-27T00:00,0.0,0.0,0.0,0.0,-9.0,0.8,1.5,90,0,32020.0,0,0.113,0.0,30.0,1,0.0,0,0,0.0,-1,-1,-1,-1,0.0,0.0
2026-01-27T01:00,0.0,0.0,0.0,0.0,-10.2,1.35,1.9,94,13,31800.0,0,0.113,0.0,35.0,1,0.0,0,0,0.0,-1,-1,-1,-1,0.0,0.0
2026-01-27T02:00,0.0,0.0,0.0,0.0,-9.7,0.75,1.9,90,94,31780.0,1,0.113,0.0,30.0,1,0.0,3,0,0.0,-1,-1,-1,-1,0.0,0.0
2026-01-27T03:00,0.0,0.0,0.0,0.0,-6.7,0.78,1.2,50,99,32000.0,1,0.113,0.0,35.0,1,0.0,3,0,0.0,-1,-1,-1,-1,0.0,0.0
2026-01-27T04:00,0.0,0.0,0.0,0.0,-3.9,0.51,2.7,61,99,32160.0,1,0.113,0.0,100.0,1,0.0,3,0,0.0,-1,-1,-1,-1,0.0,0.0
2026-01-27T05:00,0.0,0.0,0.0,0.0,-1.1,0.62,3.3,14,98,32420.0,1,0.113,0.0,180.0,1,0.0,3,0,0.0,-1,-1,-1,-1,0.0,0.0
2026-01-27T06:00,0.0,0.0,0.0,0.0,0.7,0.45,4.2,63,100,32400.0,1,0.113,0.0,350.0,1,0.0,3,0,0.0,-1,-1,-1,-1,0.0,0.0
2026-01-27T07:00,0.0,0.0,0.0,0.0,2.8,0.56,3.8,100,100,32480.0,1,0.113,0.0,575.0,1,0.0,3,0,0.0,-1,-1,-1,-1,0.0,0.0
2026-01-27T08:00,0.0,0.0,0.0,0.0,3.1,1.3,4.0,293,100,32480.0,1,0.113,0.0,715.0,1,0.0,3,0,0.0,-1,-1,-1,-1,0.0,0.0
2026-01-27T09:00,0.0,0.0,0.0,0.0,2.8,1.34,4.4,297,38,32460.0,1,0.113,0.0,630.0,1,0.0,1,0,0.0,-1,-1,-1,-1,0.0,0.0
2026-01-27T10:00,0.0,0.0,0.0,0.0,2.2,1.27,3.7,281,50,32460.0,1,0.113,0.0,195.0,1,0.0,2,0,0.0,-1,-1,-1,-1,0.0,0.0
2026-01-27T11:00,0.0,0.0,0.0,0.0,-0.9,1.98,3.3,304,97,32360.0,1,0.113,0.0,105.0,1,0.0,3,0,0.0,-1,-1,-1,-1,0.0,0.0
2026-01-27T12:00,0.0,0.0,0.0,0.0,-2.1,1.17,3.8,320,100,32360.0,0,0.113,0.0,60.0,1,0.0,3,0,0.0,-1,-1,-1,-1,0.0,0.0
2026-01-27T13:00,0.0,0.0,0.0,0.0,-1.5,0.32,1.6,39,100,32360.0,0,0.113,0.0,20.0,1,0.0,3,0,0.0,-1,-1,-1,-1,0.0,0.0
2026-01-27T14:00,0.0,0.0,0.0,0.0,-2.2,0.05,0.6,270,100,32340.0,0,0.113,0.0,10.0,1,0.0,3,0,0.0,-1,-1,-1,-1,0.0,0.0
2026-01-27T15:00,0.0,0.0,0.0,0.0,-2.7,0.11,0.3,243,100,32080.0,0,0.113,0.0,15.0,1,0.0,3,0,0.0,-1,-1,-1,-1,0.0,0.0
2026-01-27T16:00,0.0,0.0,0.0,0.0,-3.0,0.94,1.2,295,100,32060.0,0,0.113,0.0,60.0,1,0.0,3,0,0.0,-1,-1,-1,-1,0.0,0.0
2026-01-27T17:00,0.0,0.0,0.0,0.0,-2.5,0.83,2.3,327,98,32060.0,0,0.113,0.0,70.0,1,0.0,3,0,0.0,-1,-1,-1,-1,0.0,0.0
2026-01-27T18:00,0.0,0.0,0.0,0.0,-3.0,0.15,1.2,360,100,32060.0,0,0.113,0.0,10.0,1,0.0,3,0,0.0,-1,-1,-1,-1,0.0,0.0
2026-01-27T19:00,0.0,0.0,0.0,0.0,-3.7,0.14,0.5,315,99,32040.0,0,0.113,0.0,10.0,1,0.0,3,0,0.0,-1,-1,-1,-1,0.0,0.0
2026-01-27T20:00,0.0,0.0,0.0,0.0,-4.9,0.5,0.9,307,100,32040.0,0,0.113,0.0,20.0,1,0.0,3,0,0.0,-1,-1,-1,-1,0.0,0.0
2026-01-27T21:00,0.0,0.0,0.0,0.0,-4.7,0.15,0.8,180,100,31860.0,0,0.113,0.0,10.0,1,0.0,3,0,0.0,-1,-1,-1,-1,0.0,0.0
2026-01-27T22:00,0.0,0.0,0.0,0.0,-4.6,0.32,0.6,72,100,32020.0,0,0.113,0.0,15.0,1,0.0,3,0,0.0,-1,-1,-1,-1,0.0,0.0
2026-01-27T23:00,0.0,0.0,0.0,0.0,-4.4,0.5,0.8,96,100,32020.0,0,0.113,0.0,20.0,1,0.0,3,0,0.0,-1,-1,-1,-1,0.0,0.0
2026-01-28T00:00,0.0,0.0,0.0,0.0,-5.6,0.3,1.2,90,100,32000.0,0,0.113,0.0,15.0,1,0.0,3,0,0.0,-1,-1,-1,-1,0.0,0.0
2026-01-28T01:00,0.0,0.0,0.0,0.0,-6.3,0.61,1.0,99,100,31840.0,0,0.113,0.0,25.0,1,0.0,3,0,0.0,-1,-1,-1,-1,0.0,0.0
2026-01-28T02:00,0.0,0.0,0.0,0.0,-5.6,0.53,1.0,41,100,32000.0,1,0.113,0.0,20.0,1,0.0,3,0,0.0,-1,-1,-1,-1,0.0,0.0
2026-01-28T03:00,0.0,0.0,0.0,0.0,-3.9,0.41,0.9,166,100,31980.0,1,0.113,0.0,15.0,1,0.0,3,0,0.0,-1,-1,-1,-1,0.0,0.0
2026-01-28T04:00,0.0,0.0,0.0,0.0,-2.2,1.92,4.0,279,100,31980.0,1,0.113,0.0,160.0,1,0.0,3,0,0.0,-1,-1,-1,-1,0.0,0.0
2026-01-28T05:00,0.0,0.0,0.0,0.0,-0.7,0.5,4.6,127,100,32240.0,1,0.113,0.0,155.0,1,0.0,3,0,0.0,-1,-1,-1,-1,0.0,0.0
2026-01-28T06:00,0.0,0.0,0.0,0.0,0.6,0.98,4.1,246,100,32220.0,1,0.113,0.0,365.0,1,0.0,3,0,0.0,-1,-1,-1,-1,0.0,0.0
2026-01-28T07:00,0.0,0.0,0.0,0.0,1.2,0.96,3.2,227,100,29480.0,1,0.113,0.0,495.0,1,0.0,3,0,0.0,-1,-1,-1,-1,0.0,0.0
2026-01-28T08:00,0.0,0.0,0.0,0.0,1.7,1.77,4.1,248,100,28120.0,1,0.113,0.0,605.0,1,0.0,3,0,0.0,-1,-1,-1,-1,0.0,0.0
2026-01-28T09:00,0.0,0.0,0.0,0.0,1.5,2.27,4.8,262,100,26160.0,1,0.113,0.0,635.0,1,0.0,3,0,0.0,-1,-1,-1,-1,0.0,0.0
2026-01-28T10:00,0.0,0.0,0.0,0.0,0.8,1.14,4.7,241,100,19360.0,1,0.113,0.0,545.0,1,0.0,3,0,0.0,-1,-1,-1,-1,0.0,0.0
2026-01-28T11:00,0.0,0.0,0.0,0.0,-0.7,1.15,1.9,236,100,16080.0,1,0.113,0.0,415.0,1,0.0,3,0,0.0,-1,-1,-1,-1,0.0,0.0
2026-01-28T12:00,0.0,0.0,0.07,0.0,-1.8,0.95,1.5,270,100,12560.0,0,0.113,0.0,195.0,1,0.0,71,0,0.0,-1,-1,-1,-1,0.0,0.0
2026-01-28T13:00,0.0,0.0,0.07,0.0,-1.7,0.35,1.3,315,100,10020.0,0,0.113,0.0,60.0,1,0.0,71,0,0.0,-1,-1,-1,-1,0.0,0.0
2026-01-28T14:00,0.0,0.0,0.07,0.0,-2.1,0.11,0.6,333,100,14020.0,0,0.113,0.0,20.0,1,0.0,71,0,0.0,-1,-1,-1,-1,0.0,0.0
2026-01-28T15:00,0.0,0.0,0.0,0.0,-2.5,0.45,1.0,96,100,16180.0,0,0.113,0.0,30.0,1,0.0,3,0,0.0,-1,-1,-1,-1,0.0,0.0
2026-01-28T16:00,0.0,0.0,0.0,0.0,-2.6,0.76,1.5,79,100,18560.0,0,0.113,0.0,35.0,1,0.0,3,0,0.0,-1,-1,-1,-1,0.0,0.0
2026-01-28T17:00,0.0,0.0,0.0,0.0,-2.9,0.35,1.5,82,100,25000.0,0,0.113,0.0,25.0,1,0.0,3,0,0.0,-1,-1,-1,-1,0.0,0.0
2026-01-28T18:00,0.0,0.0,0.0,0.0,-3.3,1.36,1.0,264,100,17520.0,0,0.113,0.0,65.0,1,0.0,3,0,0.0,-1,-1,-1,-1,0.0,0.0
2026-01-28T19:00,0.0,0.0,0.0,0.0,-3.5,0.0,2.6,270,97,20000.0,0,0.113,0.0,20.0,1,0.0,3,0,0.0,-1,-1,-1,-1,0.0,0.0
2026-01-28T20:00,0.0,0.0,0.0,0.0,-4.0,0.95,2.0,108,97,26920.0,0,0.113,0.0,40.0,1,0.0,3,0,0.0,-1,-1,-1,-1,0.0,0.0
2026-01-28T21:00,0.0,0.0,0.0,0.0,-4.6,1.77,3.2,106,92,25700.0,0,0.113,0.0,50.0,1,0.0,3,0,0.0,-1,-1,-1,-1,0.0,0.0
2026-01-28T22:00,0.0,0.0,0.0,0.0,-4.6,1.55,3.3,88,69,28460.0,0,0.113,0.0,50.0,1,0.0,2,0,0.0,-1,-1,-1,-1,0.0,0.0
2026-01-28T23:00,0.0,0.0,0.0,0.0,-5.4,1.29,2.8,77,1,31180.0,0,0.113,0.0,35.0,1,0.0,0,0,0.0,-1,-1,-1,-1,0.0,0.0
2026-01-29T00:00,0.0,0.0,0.0,0.0,-5.3,1.05,2.8,59,87,22900.0,0,0.113,0.0,45.0,1,0.0,3,0,0.0,-1,-1,-1,-1,0.0,0.0
2026-01-29T01:00,0.0,0.0,0.0,0.0,-5.4,0.76,1.5,67,96,25160.0,0,0.113,0.0,40.0,1,0.0,3,0,0.0,-1,-1,-1,-1,0.0,0.0
2026-01-29T02:00,0.0,0.0,0.0,0.0,-5.4,0.79,1.2,72,86,10980.0,1,0.113,0.0,45.0,1,0.0,3,0,0.0,-1,-1,-1,-1,0.0,0.0
2026-01-29T03:00,0.0,0.0,0.0,0.0,-3.9,2.21,4.0,95,24,30160.0,1,0.113,0.0,70.0,1,0.0,1,0,0.0,-1,-1,-1,-1,0.0,0.0
2026-01-29T04:00,0.0,0.0,0.0,0.0,-1.3,1.8,4.4,124,9,31160.0,1,0.113,0.0,165.0,1,0.0,0,0,0.0,-1,-1,-1,-1,0.0,0.0
2026-01-29T05:00,0.0,0.0,0.0,0.0,1.1,1.77,5.0,115,12,31420.0,1,0.113,0.0,380.0,1,0.0,0,0,0.0,-1,-1,-1,-1,0.0,0.0
2026-01-29T06:00,0.0,0.0,0.0,0.0,2.2,1.63,5.5,50,1,31620.0,1,0.113,0.0,500.0,1,0.0,0,0,0.0,-1,-1,-1,-1,0.0,0.0
2026-01-29T07:00,0.0,0.0,0.0,0.0,3.5,1.7,5.2,45,6,31620.0,1,0.113,0.0,570.0,1,0.0,0,0,0.0,-1,-1,-1,-1,0.0,0.0
2026-01-29T08:00,0.0,0.0,0.0,0.0,4.4,2.01,5.3,55,4,31780.0,1,0.113,0.0,670.0,1,0.0,0,0,0.0,-1,-1,-1,-1,0.0,0.0
2026-01-29T09:00,0.0,0.0,0.0,0.0,4.9,3.05,6.5,67,0,31760.0,1,0.113,0.0,780.0,1,0.0,0,0,0.0,-1,-1,-1,-1,0.0,0.0
2026-01-29T10:00,0.0,0.0,0.0,0.0,4.2,3.36,7.1,75,0,31760.0,1,0.113,0.0,640.0,1,0.0,0,0,0.0,-1,-1,-1,-1,0.0,0.0
2026-01-29T11:00,0.0,0.0,0.0,0.0,1.8,3.05,6.3,90,0,31580.0,1,0.113,0.0,300.0,1,0.0,0,0,0.0,-1,-1,-1,-1,0.0,0.0
2026-01-29T12:00,0.0,0.0,0.0,0.0,-0.3,2.96,5.7,78,0,31360.0,0,0.113,0.0,180.0,1,0.0,0,0,0.0,-1,-1,-1,-1,0.0,0.0
2026-01-29T13:00,0.0,0.0,0.0,0.0,-0.6,2.93,5.7,70,5,31100.0,0,0.113,0.0,170.0,1,0.0,0,0,0.0,-1,-1,-1,-1,0.0,0.0
2026-01-29T14:00,0.0,0.0,0.0,0.0,-1.5,2.25,5.2,78,13,31080.0,0,0.113,0.0,90.0,1,0.0,0,0,0.0,-1,-1,-1,-1,0.0,0.0
2026-01-29T15:00,0.0,0.0,0.0,0.0,-2.6,1.73,4.1,80,4,31080.0,0,0.113,0.0,60.0,1,0.0,0,0,0.0,-1,-1,-1,-1,0.0,0.0
2026-01-29T16:00,0.0,0.0,0.0,0.0,-3.0,1.33,3.0,77,6,31080.0,0,0.113,0.0,45.0,1,0.0,0,0,0.0,-1,-1,-1,-1,0.0,0.0
2026-01-29T17:00,0.0,0.0,0.0,0.0,-3.0,0.78,2.1,63,12,31080.0,0,0.113,0.0,35.0,1,0.0,0,0,0.0,-1,-1,-1,-1,0.0,0.0
2026-01-29T18:00,0.0,0.0,0.0,0.0,-3.0,0.67,1.3,48,4,31320.0,0,0.113,0.0,30.0,1,0.0,0,0,0.0,-1,-1,-1,-1,0.0,0.0
2026-01-29T19:00,0.0,0.0,0.0,0.0,-2.9,0.87,1.4,59,0,31320.0,0,0.113,0.0,35.0,1,0.0,0,0,0.0,-1,-1,-1,-1,0.0,0.0
2026-01-29T20:00,0.0,0.0,0.0,0.0,-3.2,0.96,1.5,84,6,31320.0,0,0.113,0.0,30.0,1,0.0,0,0,0.0,-1,-1,-1,-1,0.0,0.0
2026-01-29T21:00,0.0,0.0,0.0,0.0,-3.6,1.01,1.7,70,14,31040.0,0,0.113,0.0,30.0,1,0.0,0,0,0.0,-1,-1,-1,-1,0.0,0.0
2026-01-29T22:00,0.0,0.0,0.0,0.0,-4.0,0.92,1.6,49,15,31040.0,0,0.113,0.0,25.0,1,0.0,0,0,0.0,-1,-1,-1,-1,0.0,0.0
2026-01-29T23:00,0.0,0.0,0.0,0.0,-4.1,0.96,1.7,39,18,31020.0,0,0.113,0.0,25.0,1,0.0,0,0,0.0,-1,-1,-1,-1,0.0,0.0
2026-01-30T00:00,0.0,0.0,0.0,0.0,-5.4,0.81,1.7,22,91,5140.0,0,0.113,0.0,25.0,1,0.0,3,0,0.0,-1,-1,-1,-1,0.0,0.0
2026-01-30T01:00,0.0,0.0,0.0,0.0,-5.7,0.65,1.3,32,98,2720.0,0,0.113,0.0,30.0,1,0.0,3,0,0.0,-1,-1,-1,-1,0.0,0.0
2026-01-30T02:00,0.0,0.0,0.0,0.0,-4.9,0.81,1.1,101,43,1380.0,1,0.113,0.0,35.0,1,0.0,1,0,0.0,-1,-1,-1,-1,0.0,0.0
2026-01-30T03:00,0.0,0.0,0.0,0.0,-3.2,1.36,2.5,107,34,31000.0,1,0.113,0.0,40.0,1,0.0,1,0,0.0,-1,-1,-1,-1,0.0,0.0
2026-01-30T04:00,0.0,0.0,0.0,0.0,-0.7,0.22,3.0,207,16,31260.0,1,0.113,0.0,80.0,1,0.0,0,0,0.0,-1,-1,-1,-1,0.0,0.0
2026-01-30T05:00,0.0,0.0,0.0,0.0,1.8,0.76,3.5,278,13,31460.0,1,0.113,0.0,220.0,1,0.0,0,0,0.0,-1,-1,-1,-1,0.0,0.0
2026-01-30T06:00,0.0,0.0,0.0,0.0,3.2,1.39,4.5,291,18,31460.0,1,0.113,0.0,555.0,1,0.0,0,0,0.0,-1,-1,-1,-1,0.0,0.0
2026-01-30T07:00,0.0,0.0,0.0,0.0,4.1,2.74,6.3,279,27,31600.0,1,0.113,0.0,665.0,1,0.0,1,0,0.0,-1,-1,-1,-1,0.0,0.0
2026-01-30T08:00,0.0,0.0,0.0,0.0,4.4,3.36,7.2,275,85,31600.0,1,0.113,0.0,755.0,1,0.0,3,0,0.0,-1,-1,-1,-1,0.0,0.0
2026-01-30T09:00,0.0,0.0,0.0,0.0,4.1,3.11,7.2,275,60,31600.0,1,0.113,0.0,745.0,1,0.0,2,0,0.0,-1,-1,-1,-1,0.0,0.0
2026-01-30T10:00,0.0,0.0,0.0,0.0,3.5,2.4,6.4,274,98,31580.0,1,0.113,0.0,630.0,1,0.0,3,0,0.0,-1,-1,-1,-1,0.0,0.0
2026-01-30T11:00,0.0,0.0,0.0,0.0,1.0,0.81,4.3,259,97,31420.0,1,0.113,0.0,85.0,1,0.0,3,0,0.0,-1,-1,-1,-1,0.0,0.0
2026-01-30T12:00,0.0,0.0,0.0,0.0,0.2,0.72,1.2,214,100,31400.0,0,0.113,0.0,35.0,1,0.0,3,0,0.0,-1,-1,-1,-1,0.0,0.0
2026-01-30T13:00,0.0,0.0,0.0,0.0,-0.2,0.93,1.2,234,100,31400.0,0,0.113,0.0,45.0,1,0.0,3,0,0.0,-1,-1,-1,-1,0.0,0.0
2026-01-30T14:00,0.0,0.0,0.0,0.0,-0.4,0.78,1.3,243,97,31180.0,0,0.113,0.0,50.0,1,0.0,3,0,0.0,-1,-1,-1,-1,0.0,0.0
2026-01-30T15:00,0.0,0.0,0.0,0.0,-0.8,0.72,1.1,236,68,31180.0,0,0.113,0.0,50.0,1,0.0,2,0,0.0,-1,-1,-1,-1,0.0,0.0
2026-01-30T16:00,0.0,0.0,0.0,0.0,-1.4,0.75,1.1,266,34,31180.0,0,0.113,0.0,65.0,1,0.0,1,0,0.0,-1,-1,-1,-1,0.0,0.0
2026-01-30T17:00,0.0,0.0,0.0,0.0,-1.8,0.4,1.1,277,8,31160.0,0,0.113,0.0,40.0,1,0.0,0,0,0.0,-1,-1,-1,-1,0.0,0.0
2026-01-30T18:00,0.0,0.0,0.0,0.0,-1.9,0.11,0.8,117,15,31160.0,0,0.113,0.0,15.0,1,0.0,0,0,0.0,-1,-1,-1,-1,0.0,0.0
2026-01-30T19:00,0.0,0.0,0.0,0.0,-2.5,0.18,0.6,56,24,31160.0,0,0.113,0.0,20.0,1,0.0,1,0,0.0,-1,-1,-1,-1,0.0,0.0
2026-01-30T20:00,0.0,0.0,0.0,0.0,-2.9,0.27,0.6,112,3,31140.0,0,0.113,0.0,25.0,1,0.0,0,0,0.0,-1,-1,-1,-1,0.0,0.0
2026-01-30T21:00,0.0,0.0,0.0,0.0,-3.3,0.25,0.5,143,0,31140.0,0,0.113,0.0,20.0,1,0.0,0,0,0.0,-1,-1,-1,-1,0.0,0.0
2026-01-30T22:00,0.0,0.0,0.0,0.0,-3.8,0.25,0.5,143,0,30860.0,0,0.113,0.0,25.0,1,0.0,0,0,0.0,-1,-1,-1,-1,0.0,0.0
2026-01-30T23:00,0.0,0.0,0.0,0.0,-4.4,0.52,0.6,163,0,30860.0,0,0.113,0.0,30.0,1,0.0,0,0,0.0,-1,-1,-1,-1,0.0,0.0
2026-01-31T00:00,0.0,0.0,0.0,0.0,-5.5,0.32,0.9,108,0,30860.0,0,0.113,0.0,15.0,1,0.0,0,0,0.0,-1,-1,-1,-1,0.0,0.0
2026-01-31T01:00,0.0,0.0,0.0,0.0,-6.4,0.39,0.6,130,0,30320.0,0,0.113,0.0,20.0,1,0.0,0,0,0.0,-1,-1,-1,-1,0.0,0.0
2026-01-31T02:00,0.0,0.0,0.0,0.0,-6.7,1.17,2.1,140,0,30320.0,1,0.113,0.0,30.0,1,0.0,0,0,0.0,-1,-1,-1,-1,0.0,0.0
2026-01-31T03:00,0.0,0.0,0.0,0.0,-4.1,1.66,3.2,123,1,30840.0,1,0.113,0.0,40.0,1,0.0,0,0,0.0,-1,-1,-1,-1,0.0,0.0
2026-01-31T04:00,0.0,0.0,0.0,0.0,-1.1,0.89,3.3,128,1,31080.0,1,0.113,0.0,100.0,1,0.0,0,0,0.0,-1,-1,-1,-1,0.0,0.0
2026-01-31T05:00,0.0,0.0,0.0,0.0,1.3,0.57,3.4,165,1,31300.0,1,0.113,0.0,335.0,1,0.0,0,0,0.0,-1,-1,-1,-1,0.0,0.0
2026-01-31T06:00,0.0,0.0,0.0,0.0,2.6,0.84,3.6,253,0,31440.0,1,0.113,0.0,515.0,1,0.0,0,0,0.0,-1,-1,-1,-1,0.0,0.0
2026-01-31T07:00,0.0,0.0,0.0,0.0,3.7,1.6,4.9,256,0,31440.0,1,0.113,0.0,685.0,1,0.0,0,0,0.0,-1,-1,-1,-1,0.0,0.0
2026-01-31T08:00,0.0,0.0,0.0,0.0,4.2,2.3,5.6,257,0,31700.0,1,0.113,0.0,820.0,1,0.0,0,0,0.0,-1,-1,-1,-1,0.0,0.0
2026-01-31T09:00,0.0,0.0,0.0,0.0,4.2,2.44,5.8,255,0,31680.0,1,0.113,0.0,830.0,1,0.0,0,0,0.0,-1,-1,-1,-1,0.0,0.0
2026-01-31T10:00,0.0,0.0,0.0,0.0,3.6,1.79,5.3,252,0,31420.0,1,0.113,0.0,670.0,1,0.0,0,0,0.0,-1,-1,-1,-1,0.0,0.0
2026-01-31T11:00,0.0,0.0,0.0,0.0,0.9,0.67,3.1,257,0,31400.0,1,0.113,0.0,45.0,1,0.0,0,0,0.0,-1,-1,-1,-1,0.0,0.0
2026-01-31T12:00,0.0,0.0,0.0,0.0,-0.5,0.32,1.0,231,0,31400.0,0,0.113,0.0,15.0,1,0.0,0,0,0.0,-1,-1,-1,-1,0.0,0.0
2026-01-31T13:00,0.0,0.0,0.0,0.0,-1.0,0.21,0.7,225,0,31400.0,0,0.113,0.0,10.0,1,0.0,0,0,0.0,-1,-1,-1,-1,0.0,0.0
2026-01-31T14:00,0.0,0.0,0.0,0.0,-1.4,0.07,0.6,135,0,31220.0,0,0.113,0.0,10.0,1,0.0,0,0,0.0,-1,-1,-1,-1,0.0,0.0
2026-01-31T15:00,0.0,0.0,0.0,0.0,-1.8,0.16,0.5,72,29,31220.0,0,0.113,0.0,10.0,1,0.0,1,0,0.0,-1,-1,-1,-1,0.0,0.0
2026-01-31T16:00,0.0,0.0,0.0,0.0,-2.5,0.52,0.9,73,98,31220.0,0,0.113,0.0,25.0,1,0.0,3,0,0.0,-1,-1,-1,-1,0.0,0.0
2026-01-31T17:00,0.0,0.0,0.0,0.0,-3.2,0.97,1.5,69,56,31200.0,0,0.113,0.0,30.0,1,0.0,2,0,0.0,-1,-1,-1,-1,0.0,0.0
2026-01-31T18:00,0.0,0.0,0.0,0.0,-3.4,1.1,2.0,66,84,31200.0,0,0.113,0.0,25.0,1,0.0,3,0,0.0,-1,-1,-1,-1,0.0,0.0
2026-01-31T19:00,0.0,0.0,0.0,0.0,-5.3,1.5,3.0,69,98,30720.0,0,0.113,0.0,25.0,1,0.0,3,0,0.0,-1,-1,-1,-1,0.0,0.0
2026-01-31T20:00,0.0,0.0,0.0,0.0,-6.1,1.39,3.1,69,95,30720.0,0,0.113,0.0,30.0,1,0.0,3,0,0.0,-1,-1,-1,-1,0.0,0.0
2026-01-31T21:00,0.0,0.0,0.0,0.0,-6.1,0.56,2.5,80,74,30700.0,0,0.113,0.0,15.0,1,0.0,2,0,0.0,-1,-1,-1,-1,0.0,0.0
2026-01-31T22:00,0.0,0.0,0.0,0.0,-6.6,0.61,1.1,81,97,30700.0,0,0.113,0.0,15.0,1,0.0,3,0,0.0,-1,-1,-1,-1,0.0,0.0
2026-01-31T23:00,0.0,0.0,0.0,0.0,-6.9,0.96,1.9,96,30,30700.0,0,0.113,0.0,20.0,1,0.0,1,0,0.0,-1,-1,-1,-1,0.0,0.0
2026-02-01T00:00,0.0,0.0,0.0,0.0,-6.3,1.15,2.7,90,38,30680.0,0,0.113,0.0,25.0,1,0.0,1,0,0.0,-1,-1,-1,-1,0.0,0.0
2026-02-01T01:00,0.0,0.0,0.0,0.0,-7.2,1.79,3.3,72,100,30680.0,0,0.113,0.0,30.0,1,0.0,3,0,0.0,-1,-1,-1,-1,0.0,0.0
2026-02-01T02:00,0.0,0.0,0.0,0.0,-6.8,1.9,3.7,76,12,30680.0,1,0.113,0.0,35.0,1,0.0,0,0,0.0,-1,-1,-1,-1,0.0,0.0
2026-02-01T03:00,0.0,0.0,0.0,0.0,-3.9,1.97,3.9,54,12,30920.0,1,0.113,0.0,50.0,1,0.0,0,0,0.0,-1,-1,-1,-1,0.0,0.0
2026-02-01T04:00,0.0,0.0,0.0,0.0,-0.8,0.99,3.9,41,0,31120.0,1,0.113,0.0,95.0,1,0.0,0,0,0.0,-1,-1,-1,-1,0.0,0.0
2026-02-01T05:00,0.0,0.0,0.0,0.0,1.6,0.57,3.6,345,0,31280.0,1,0.113,0.0,320.0,1,0.0,0,0,0.0,-1,-1,-1,-1,0.0,0.0
2026-02-01T06:00,0.0,0.0,0.0,0.0,2.9,1.03,3.8,284,0,31280.0,1,0.113,0.0,780.0,1,0.0,0,0,0.0,-1,-1,-1,-1,0.0,0.0
2026-02-01T07:00,0.0,0.0,0.0,0.0,3.9,2.2,5.7,269,33,31520.0,1,0.113,0.0,1025.0,1,0.0,1,0,0.0,-1,-1,-1,-1,0.0,0.0
2026-02-01T08:00,0.0,0.0,0.0,0.0,4.3,3.0,6.8,268,28,31520.0,1,0.113,0.0,1130.0,1,0.0,1,0,0.0,-1,-1,-1,-1,0.0,0.0
2026-02-01T09:00,0.0,0.0,0.0,0.0,4.3,2.86,6.8,266,65,31520.0,1,0.113,0.0,1100.0,1,0.0,2,0,0.0,-1,-1,-1,-1,0.0,0.0
2026-02-01T10:00,0.0,0.0,0.0,0.0,3.8,2.38,6.1,262,67,31500.0,1,0.113,0.0,1025.0,1,0.0,2,0,0.0,-1,-1,-1,-1,0.0,0.0
2026-02-01T11:00,0.0,0.0,0.0,0.0,0.9,1.21,4.2,277,0,31240.0,1,0.113,0.0,90.0,1,0.0,0,0,0.0,-1,-1,-1,-1,0.0,0.0
2026-02-01T12:00,0.0,0.0,0.0,0.0,-0.9,1.77,1.7,248,95,31240.0,0,0.113,0.0,80.0,1,0.0,3,0,0.0,-1,-1,-1,-1,0.0,0.0
2026-02-01T13:00,0.0,0.0,0.0,0.0,-1.4,0.97,2.3,258,98,31060.0,0,0.113,0.0,50.0,1,0.0,3,0,0.0,-1,-1,-1,-1,0.0,0.0
2026-02-01T14:00,0.0,0.0,0.0,0.0,-1.5,0.6,1.4,222,96,30860.0,0,0.113,0.0,30.0,1,0.0,3,0,0.0,-1,-1,-1,-1,0.0,0.0
2026-02-01T15:00,0.0,0.0,0.0,0.0,-1.2,0.21,0.9,135,88,30840.0,0,0.113,0.0,15.0,1,0.0,3,0,0.0,-1,-1,-1,-1,0.0,0.0
2026-02-01T16:00,0.0,0.0,0.0,0.0,-1.4,0.2,0.5,180,1,30840.0,0,0.113,0.0,10.0,1,0.0,0,0,0.0,-1,-1,-1,-1,0.0,0.0
2026-02-01T17:00,0.0,0.0,0.0,0.0,-2.2,0.35,0.5,180,0,30840.0,0,0.113,0.0,15.0,1,0.0,0,0,0.0,-1,-1,-1,-1,0.0,0.0
2026-02-01T18:00,0.0,0.0,0.0,0.0,-2.8,0.34,0.7,153,0,30820.0,0,0.113,0.0,15.0,1,0.0,0,0,0.0,-1,-1,-1,-1,0.0,0.0
2026-02-01T19:00,0.0,0.0,0.0,0.0,-3.8,0.32,0.4,129,0,30560.0,0,0.113,0.0,15.0,1,0.0,0,0,0.0,-1,-1,-1,-1,0.0,0.0
2026-02-01T20:00,0.0,0.0,0.0,0.0,-4.6,1.03,2.0,129,5,30540.0,0,0.113,0.0,30.0,1,0.0,0,0,0.0,-1,-1,-1,-1,0.0,0.0
2026-02-01T21:00,0.0,0.0,0.0,0.0,-5.5,1.21,2.4,114,0,30020.0,0,0.113,0.0,30.0,1,0.0,0,0,0.0,-1,-1,-1,-1,0.0,0.0
2026-02-01T22:00,0.0,0.0,0.0,0.0,-6.3,1.07,2.3,101,13,30020.0,0,0.113,0.0,25.0,1,0.0,0,0,0.0,-1,-1,-1,-1,0.0,0.0
2026-02-01T23:00,0.0,0.0,0.0,0.0,-6.9,0.95,2.1,93,0,30020.0,0,0.113,0.0,25.0,1,0.0,0,0,0.0,-1,-1,-1,-1,0.0,0.0
2026-02-02T00:00,0.0,0.0,0.0,0.0,-6.7,0.47,2.1,108,0,30000.0,0,0.113,0.0,15.0,1,0.0,0,0,0.0,-1,-1,-1,-1,0.0,0.0
2026-02-02T01:00,0.0,0.0,0.0,0.0,-7.5,0.9,1.8,124,0,29540.0,0,0.113,0.0,25.0,1,0.0,0,0,0.0,-1,-1,-1,-1,0.0,0.0
2026-02-02T02:00,0.0,0.0,0.0,0.0,-7.3,1.21,2.4,120,0,29540.0,1,0.113,0.0,30.0,1,0.0,0,0,0.0,-1,-1,-1,-1,0.0,0.0
2026-02-02T03:00,0.0,0.0,0.0,0.0,-5.0,1.5,3.6,105,0,30500.0,1,0.113,0.0,45.0,1,0.0,0,0,0.0,-1,-1,-1,-1,0.0,0.0
2026-02-02T04:00,0.0,0.0,0.0,0.0,-2.3,1.17,4.2,133,0,30760.0,1,0.113,0.0,180.0,1,0.0,0,0,0.0,-1,-1,-1,-1,0.0,0.0
2026-02-02T05:00,0.0,0.0,0.0,0.0,-0.2,0.81,4.2,169,0,30960.0,1,0.113,0.0,335.0,1,0.0,0,0,0.0,-1,-1,-1,-1,0.0,0.0
2026-02-02T06:00,0.0,0.0,0.0,0.0,1.4,1.31,4.3,223,35,31100.0,1,0.113,0.0,550.0,1,0.0,1,0,0.0,-1,-1,-1,-1,0.0,0.0
2026-02-02T07:00,0.0,0.0,0.0,0.0,2.9,1.9,5.3,247,48,31100.0,1,0.113,0.0,805.0,1,0.0,1,0,0.0,-1,-1,-1,-1,0.0,0.0
2026-02-02T08:00,0.0,0.0,0.0,0.0,4.1,2.8,6.4,254,0,31100.0,1,0.113,0.0,1005.0,1,0.0,0,0,0.0,-1,-1,-1,-1,0.0,0.0
2026-02-02T09:00,0.0,0.0,0.0,0.0,4.2,3.53,7.2,254,0,31080.0,1,0.113,0.0,960.0,1,0.0,0,0,0.0,-1,-1,-1,-1,0.0,0.0
2026-02-02T10:00,0.0,0.0,0.0,0.0,3.5,3.23,7.2,254,2,31080.0,1,0.113,0.0,880.0,1,0.0,0,0,0.0,-1,-1,-1,-1,0.0,0.0
2026-02-02T11:00,0.0,0.0,0.0,0.0,0.8,1.44,5.9,256,2,31080.0,1,0.113,0.0,215.0,1,0.0,0,0,0.0,-1,-1,-1,-1,0.0,0.0
2026-02-02T12:00,0.0,0.0,0.0,0.0,-1.0,0.95,2.0,252,0,30900.0,0,0.113,0.0,45.0,1,0.0,0,0,0.0,-1,-1,-1,-1,0.0,0.0
2026-02-02T13:00,0.0,0.0,0.0,0.0,-1.0,0.34,1.3,297,69,30900.0,0,0.113,0.0,20.0,1,0.0,2,0,0.0,-1,-1,-1,-1,0.0,0.0
2026-02-02T14:00,0.0,0.0,0.0,0.0,-1.3,0.2,0.7,90,82,30900.0,0,0.113,0.0,10.0,1,0.0,3,0,0.0,-1,-1,-1,-1,0.0,0.0
2026-02-02T15:00,0.0,0.0,0.0,0.0,-2.0,0.22,0.4,117,52,30880.0,0,0.113,0.0,15.0,1,0.0,2,0,0.0,-1,-1,-1,-1,0.0,0.0
2026-02-02T16:00,0.0,0.0,0.0,0.0,-2.8,0.6,1.1,114,73,30680.0,0,0.113,0.0,20.0,1,0.0,2,0,0.0,-1,-1,-1,-1,0.0,0.0
2026-02-02T17:00,0.0,0.0,0.0,0.0,-3.8,0.96,1.7,118,72,30660.0,0,0.113,0.0,20.0,1,0.0,2,0,0.0,-1,-1,-1,-1,0.0,0.0
2026-02-02T18:00,0.0,0.0,0.0,0.0,-3.8,0.89,2.3,117,16,30660.0,0,0.113,0.0,20.0,1,0.0,0,0,0.0,-1,-1,-1,-1,0.0,0.0
2026-02-02T19:00,0.0,0.0,0.0,0.0,-4.5,1.44,2.5,104,0,30400.0,0,0.113,0.0,30.0,1,0.0,0,0,0.0,-1,-1,-1,-1,0.0,0.0
2026-02-02T20:00,0.0,0.0,0.0,0.0,-4.5,1.6,3.0,94,5,30380.0,0,0.113,0.0,40.0,1,0.0,0,0,0.0,-1,-1,-1,-1,0.0,0.0
2026-02-02T21:00,0.0,0.0,0.0,0.0,-5.1,1.26,3.0,83,7,30380.0,0,0.113,0.0,35.0,1,0.0,0,0,0.0,-1,-1,-1,-1,0.0,0.0
2026-02-02T22:00,0.0,0.0,0.0,0.0,-5.5,0.67,2.1,103,15,30380.0,0,0.113,0.0,30.0,1,0.0,0,0,0.0,-1,-1,-1,-1,0.0,0.0
2026-02-02T23:00,0.0,0.0,0.0,0.0,-5.9,0.63,0.9,108,14,30360.0,0,0.113,0.0,30.0,1,0.0,0,0,0.0,-1,-1,-1,-1,0.0,0.0
2026-02-03T00:00,0.0,0.0,0.0,0.0,-7.1,0.76,1.6,82,0,29840.0,0,0.113,0.0,30.0,1,0.0,0,0,0.0,-1,-1,-1,-1,0.0,0.0
2026-02-03T01:00,0.0,0.0,0.0,0.0,-8.0,1.66,3.1,97,0,29380.0,0,0.113,0.0,35.0,1,0.0,0,0,0.0,-1,-1,-1,-1,0.0,0.0
2026-02-03T02:00,0.0,0.0,0.0,0.0,-7.7,1.89,3.3,102,0,28720.0,1,0.113,0.0,45.0,1,0.0,0,0,0.0,-1,-1,-1,-1,0.0,0.0
2026-02-03T03:00,0.0,0.0,0.0,0.0,-5.5,1.87,4.0,110,0,30340.0,1,0.113,0.0,65.0,1,0.0,0,0,0.0,-1,-1,-1,-1,0.0,0.0
2026-02-03T04:00,0.0,0.0,0.0,0.0,-2.9,0.99,3.9,120,0,30580.0,1,0.113,0.0,140.0,1,0.0,0,0,0.0,-1,-1,-1,-1,0.0,0.0
2026-02-03T05:00,0.0,0.0,0.0,0.0,-0.6,0.61,3.8,145,0,30780.0,1,0.113,0.0,270.0,1,0.0,0,0,0.0,-1,-1,-1,-1,0.0,0.0
2026-02-03T06:00,0.0,0.0,0.0,0.0,1.2,1.61,3.9,244,0,30780.0,1,0.113,0.0,475.0,1,0.0,0,0,0.0,-1,-1,-1,-1,0.0,0.0
2026-02-03T07:00,0.0,0.0,0.0,0.0,2.8,1.8,5.3,251,20,30940.0,1,0.113,0.0,675.0,1,0.0,1,0,0.0,-1,-1,-1,-1,0.0,0.0
2026-02-03T08:00,0.0,0.0,0.0,0.0,3.9,1.94,5.4,252,11,30920.0,1,0.113,0.0,770.0,1,0.0,0,0,0.0,-1,-1,-1,-1,0.0,0.0
2026-02-03T09:00,0.0,0.0,0.0,0.0,4.1,2.01,5.3,266,68,31180.0,1,0.113,0.0,740.0,1,0.0,2,0,0.0,-1,-1,-1,-1,0.0,0.0
2026-02-03T10:00,0.0,0.0,0.0,0.0,3.5,1.6,4.9,270,5,30920.0,1,0.113,0.0,650.0,1,0.0,0,0,0.0,-1,-1,-1,-1,0.0,0.0
2026-02-03T11:00,0.0,0.0,0.0,0.0,1.0,0.6,3.2,312,28,30900.0,1,0.113,0.0,50.0,1,0.0,1,0,0.0,-1,-1,-1,-1,0.0,0.0
2026-02-03T12:00,0.0,0.0,0.0,0.0,-0.1,0.11,0.9,153,98,30900.0,0,0.113,0.0,10.0,1,0.0,3,0,0.0,-1,-1,-1,-1,0.0,0.0
2026-02-03T13:00,0.0,0.0,0.0,0.0,-1.1,0.49,0.8,114,100,30900.0,0,0.113,0.0,20.0,1,0.0,3,0,0.0,-1,-1,-1,-1,0.0,0.0
2026-02-03T14:00,0.0,0.0,0.0,0.0,-1.7,0.67,1.0,117,99,30720.0,0,0.113,0.0,25.0,1,0.0,3,0,0.0,-1,-1,-1,-1,0.0,0.0
2026-02-03T15:00,0.0,0.0,0.0,0.0,-1.8,0.58,1.1,121,100,30720.0,0,0.113,0.0,20.0,1,0.0,3,0,0.0,-1,-1,-1,-1,0.0,0.0
2026-02-03T16:00,0.0,0.0,0.0,0.0,-2.2,0.68,1.0,144,100,30720.0,0,0.113,0.0,25.0,1,0.0,3,0,0.0,-1,-1,-1,-1,0.0,0.0
2026-02-03T17:00,0.0,0.0,0.0,0.0,-2.6,0.54,1.3,146,100,30500.0,0,0.113,0.0,20.0,1,0.0,3,0,0.0,-1,-1,-1,-1,0.0,0.0
2026-02-03T18:00,0.0,0.0,0.0,0.0,-2.8,0.6,1.4,138,100,30500.0,0,0.113,0.0,20.0,1,0.0,3,0,0.0,-1,-1,-1,-1,0.0,0.0
2026-02-03T19:00,0.0,0.0,0.0,0.0,-3.4,0.32,0.9,129,100,30480.0,0,0.113,0.0,15.0,1,0.0,3,0,0.0,-1,-1,-1,-1,0.0,0.0
2026-02-03T20:00,0.0,0.0,0.0,0.0,-3.7,0.18,0.6,124,100,30480.0,0,0.113,0.0,15.0,1,0.0,3,0,0.0,-1,-1,-1,-1,0.0,0.0
2026-02-03T21:00,0.0,0.0,0.0,0.0,-4.0,0.29,0.4,121,100,30480.0,0,0.113,0.0,15.0,1,0.0,3,0,0.0,-1,-1,-1,-1,0.0,0.0
2026-02-03T22:00,0.0,0.0,0.0,0.0,-4.3,0.94,1.9,122,100,30200.0,0,0.113,0.0,30.0,1,0.0,3,0,0.0,-1,-1,-1,-1,0.0,0.0
2026-02-03T23:00,0.0,0.0,0.0,0.0,-4.5,1.52,2.8,117,100,30200.0,0,0.113,0.0,40.0,1,0.0,3,0,0.0,-1,-1,-1,-1,0.0,0.0
2026-02-04T00:00,0.0,0.0,0.0,0.0,-4.2,0.76,3.6,113,100,30460.0,0,0.113,0.0,25.0,1,0.0,3,0,0.0,-1,-1,-1,-1,0.0,0.0
2026-02-04T01:00,0.0,0.0,0.0,0.0,-5.8,1.54,2.8,126,93,30180.0,0,0.113,0.0,45.0,1,0.0,3,0,0.0,-1,-1,-1,-1,0.0,0.0
2026-02-04T02:00,0.0,0.0,0.0,0.0,-6.5,1.04,2.8,107,24,30180.0,1,0.113,0.0,45.0,1,0.0,1,0,0.0,-1,-1,-1,-1,0.0,0.0
2026-02-04T03:00,0.0,0.0,0.0,0.0,-4.8,1.3,3.4,86,0,30180.0,1,0.113,0.0,75.0,1,0.0,0,0,0.0,-1,-1,-1,-1,0.0,0.0
2026-02-04T04:00,0.0,0.0,0.0,0.0,-2.7,0.89,3.7,106,0,30420.0,1,0.113,0.0,200.0,1,0.0,0,0,0.0,-1,-1,-1,-1,0.0,0.0
2026-02-04T05:00,0.0,0.0,0.0,0.0,-0.6,0.32,3.8,108,6,30620.0,1,0.113,0.0,295.0,1,0.0,0,0,0.0,-1,-1,-1,-1,0.0,0.0
2026-02-04T06:00,0.0,0.0,0.0,0.0,1.1,1.05,3.7,275,34,30780.0,1,0.113,0.0,465.0,1,0.0,1,0,0.0,-1,-1,-1,-1,0.0,0.0
2026-02-04T07:00,0.0,0.0,0.0,0.0,3.5,2.15,5.6,269,98,31020.0,1,0.113,0.0,705.0,1,0.0,3,0,0.0,-1,-1,-1,-1,0.0,0.0
2026-02-04T08:00,0.0,0.0,0.0,0.0,4.7,3.37,7.2,264,50,31020.0,1,0.113,0.0,805.0,1,0.0,2,0,0.0,-1,-1,-1,-1,0.0,0.0
2026-02-04T09:00,0.0,0.0,0.0,0.0,4.5,3.85,7.8,261,18,31020.0,1,0.113,0.0,770.0,1,0.0,0,0,0.0,-1,-1,-1,-1,0.0,0.0
2026-02-04T10:00,0.0,0.0,0.0,0.0,3.5,3.19,7.7,261,100,31000.0,1,0.113,0.0,625.0,1,0.0,3,0,0.0,-1,-1,-1,-1,0.0,0.0
2026-02-04T11:00,0.0,0.0,0.0,0.0,1.0,0.9,5.7,273,99,30740.0,1,0.113,0.0,120.0,1,0.0,3,0,0.0,-1,-1,-1,-1,0.0,0.0
2026-02-04T12:00,0.0,0.0,0.0,0.0,0.2,0.29,1.3,211,100,30740.0,0,0.113,0.0,15.0,1,0.0,3,0,0.0,-1,-1,-1,-1,0.0,0.0
2026-02-04T13:00,0.0,0.0,0.0,0.0,-0.4,0.65,0.9,86,100,30720.0,0,0.113,0.0,30.0,1,0.0,3,0,0.0,-1,-1,-1,-1,0.0,0.0
2026-02-04T14:00,0.0,0.0,0.0,0.0,-0.5,0.89,1.7,63,100,30560.0,0,0.113,0.0,35.0,1,0.0,3,0,0.0,-1,-1,-1,-1,0.0,0.0
2026-02-04T15:00,0.0,0.0,0.0,0.0,-0.6,0.55,1.5,85,100,30560.0,0,0.113,0.0,20.0,1,0.0,3,0,0.0,-1,-1,-1,-1,0.0,0.0
2026-02-04T16:00,0.0,0.0,0.0,0.0,-0.8,0.76,1.1,113,85,30540.0,0,0.113,0.0,30.0,1,0.0,3,0,0.0,-1,-1,-1,-1,0.0,0.0
2026-02-04T17:00,0.0,0.0,0.0,0.0,-1.5,0.62,1.1,104,92,30540.0,0,0.113,0.0,25.0,1,0.0,3,0,0.0,-1,-1,-1,-1,0.0,0.0
2026-02-04T18:00,0.0,0.0,0.0,0.0,-2.1,1.17,1.6,100,0,30540.0,0,0.113,0.0,30.0,1,0.0,0,0,0.0,-1,-1,-1,-1,0.0,0.0
2026-02-04T19:00,0.0,0.0,0.0,0.0,-3.3,1.17,1.8,133,0,30520.0,0,0.113,0.0,30.0,1,0.0,0,0,0.0,-1,-1,-1,-1,0.0,0.0
2026-02-04T20:00,0.0,0.0,0.0,0.0,-3.7,0.71,1.9,129,0,30520.0,0,0.113,0.0,20.0,1,0.0,0,0,0.0,-1,-1,-1,-1,0.0,0.0
2026-02-04T21:00,0.0,0.0,0.0,0.0,-4.1,0.6,1.1,114,0,30520.0,0,0.113,0.0,15.0,1,0.0,0,0,0.0,-1,-1,-1,-1,0.0,0.0
2026-02-04T22:00,0.0,0.0,0.0,0.0,-4.3,1.16,2.1,97,0,30500.0,0,0.113,0.0,25.0,1,0.0,0,0,0.0,-1,-1,-1,-1,0.0,0.0
2026-02-04T23:00,0.0,0.0,0.0,0.0,-4.3,1.02,2.1,101,0,30500.0,0,0.113,0.0,25.0,1,0.0,0,0,0.0,-1,-1,-1,-1,0.0,0.0
2026-02-05T00:00,0.0,0.0,0.0,0.0,-5.0,0.5,1.5,143,0,30300.0,0,0.113,0.0,20.0,1,0.0,0,0,0.0,-1,-1,-1,-1,0.0,0.0
2026-02-05T01:00,0.0,0.0,0.0,0.0,-6.5,0.78,1.1,135,0,30020.0,0,0.113,0.0,25.0,1,0.0,0,0,0.0,-1,-1,-1,-1,0.0,0.0
2026-02-05T02:00,0.0,0.0,0.0,0.0,-6.4,1.72,3.0,98,0,30020.0,1,0.113,0.0,35.0,1,0.0,0,0,0.0,-1,-1,-1,-1,0.0,0.0
2026-02-05T03:00,0.0,0.0,0.0,0.0,-3.5,2.4,4.5,91,0,30280.0,1,0.113,0.0,65.0,1,0.0,0,0,0.0,-1,-1,-1,-1,0.0,0.0
2026-02-05T04:00,0.0,0.0,0.0,0.0,-0.3,1.06,4.5,98,0,30620.0,1,0.113,0.0,140.0,1,0.0,0,0,0.0,-1,-1,-1,-1,0.0,0.0
2026-02-05T05:00,0.0,0.0,0.0,0.0,2.2,0.92,3.9,119,0,30620.0,1,0.113,0.0,285.0,1,0.0,0,0,0.0,-1,-1,-1,-1,0.0,0.0
2026-02-05T06:00,0.0,0.0,0.0,0.0,3.5,0.5,3.8,233,0,30860.0,1,0.113,0.0,435.0,1,0.0,0,0,0.0,-1,-1,-1,-1,0.0,0.0
2026-02-05T07:00,0.0,0.0,0.0,0.0,4.8,1.26,4.4,252,0,30860.0,1,0.113,0.0,610.0,1,0.0,0,0,0.0,-1,-1,-1,-1,0.0,0.0
2026-02-05T08:00,0.0,0.0,0.0,0.0,5.4,1.66,4.8,249,0,30860.0,1,0.113,0.0,680.0,1,0.0,0,0,0.0,-1,-1,-1,-1,0.0,0.0
2026-02-05T09:00,0.0,0.0,0.0,0.0,5.7,2.12,4.9,251,0,30840.0,1,0.113,0.0,690.0,1,0.0,0,0,0.0,-1,-1,-1,-1,0.0,0.0
2026-02-05T10:00,0.0,0.0,0.0,0.0,4.9,1.93,4.9,260,0,30840.0,1,0.113,0.0,530.0,1,0.0,0,0,0.0,-1,-1,-1,-1,0.0,0.0
2026-02-05T11:00,0.0,0.0,0.0,0.0,1.8,0.41,3.3,284,0,30840.0,1,0.113,0.0,25.0,1,0.0,0,0,0.0,-1,-1,-1,-1,0.0,0.0
2026-02-05T12:00,0.0,0.0,0.0,0.0,0.1,0.11,0.8,153,0,30580.0,0,0.113,0.0,10.0,1,0.0,0,0,0.0,-1,-1,-1,-1,0.0,0.0
2026-02-05T13:00,0.0,0.0,0.0,0.0,-0.8,0.7,0.9,90,0,30560.0,0,0.113,0.0,25.0,1,0.0,0,0,0.0,-1,-1,-1,-1,0.0,0.0
2026-02-05T14:00,0.0,0.0,0.0,0.0,-1.8,1.66,2.7,83,0,30560.0,0,0.113,0.0,35.0,1,0.0,0,0,0.0,-1,-1,-1,-1,0.0,0.0
2026-02-05T15:00,0.0,0.0,0.0,0.0,-2.4,1.57,2.8,81,1,30400.0,0,0.113,0.0,30.0,1,0.0,0,0,0.0,-1,-1,-1,-1,0.0,0.0
2026-02-05T16:00,0.0,0.0,0.0,0.0,-2.9,1.8,2.9,77,54,30380.0,0,0.113,0.0,30.0,1,0.0,2,0,0.0,-1,-1,-1,-1,0.0,0.0
2026-02-05T17:00,0.0,0.0,0.0,0.0,-2.1,2.44,4.2,71,28,30380.0,0,0.113,0.0,55.0,1,0.0,1,0,0.0,-1,-1,-1,-1,0.0,0.0
2026-02-05T18:00,0.0,0.0,0.0,0.0,-2.5,2.04,4.9,65,46,30540.0,0,0.113,0.0,55.0,1,0.0,1,0,0.0,-1,-1,-1,-1,0.0,0.0
2026-02-05T19:00,0.0,0.0,0.0,0.0,-2.9,2.62,4.6,61,98,30520.0,0,0.113,0.0,65.0,1,0.0,3,0,0.0,-1,-1,-1,-1,0.0,0.0
2026-02-05T20:00,0.0,0.0,0.0,0.0,-2.1,3.6,6.1,66,71,30780.0,0,0.113,0.0,130.0,1,0.0,2,0,0.0,-1,-1,-1,-1,0.0,0.0
2026-02-05T21:00,0.0,0.0,0.0,0.0,-1.4,4.3,7.4,72,15,30520.0,0,0.113,0.0,230.0,1,0.0,0,0,0.0,-1,-1,-1,-1,0.0,0.0
2026-02-05T22:00,0.0,0.0,0.0,0.0,-1.6,4.72,8.2,69,3,30760.0,0,0.113,0.0,245.0,1,0.0,0,0,0.0,-1,-1,-1,-1,0.0,0.0
2026-02-05T23:00,0.0,0.0,0.0,0.0,-1.3,5.37,9.4,61,5,30760.0,0,0.113,0.0,310.0,1,0.0,0,0,0.0,-1,-1,-1,-1,0.0,0.0
2026-02-06T00:00,0.0,0.0,0.0,0.0,-1.4,5.8,10.3,54,13,30500.0,0,0.113,0.0,335.0,1,0.0,0,0,0.0,-1,-1,-1,-1,0.0,0.0
2026-02-06T01:00,0.0,0.0,0.0,0.0,-1.4,6.06,10.7,52,55,30480.0,0,0.113,0.0,380.0,1,0.0,2,0,0.0,-1,-1,-1,-1,0.0,0.0
2026-02-06T02:00,0.0,0.0,0.0,0.0,-0.9,6.67,11.6,56,64,30480.0,1,0.113,0.0,420.0,1,0.0,2,0,0.0,-1,-1,-1,-1,0.0,0.0
2026-02-06T03:00,0.0,0.0,0.0,0.0,0.8,6.93,12.8,57,27,30480.0,1,0.113,0.0,520.0,1,0.0,1,0,0.0,-1,-1,-1,-1,0.0,0.0
2026-02-06T04:00,0.0,0.0,0.0,0.0,2.0,7.41,13.8,55,20,30720.0,1,0.113,0.0,600.0,1,0.0,1,0,0.0,-1,-1,-1,-1,0.0,0.0
2026-02-06T05:00,0.0,0.0,0.0,0.0,2.8,7.88,14.7,52,20,30700.0,1,0.113,0.0,615.0,1,0.0,1,0,0.0,-1,-1,-1,-1,0.0,0.0
2026-02-06T06:00,0.0,0.0,0.0,0.0,3.9,6.76,15.0,54,4,30700.0,1,0.113,0.0,620.0,1,0.0,0,0,0.0,-1,-1,-1,-1,0.0,0.0
2026-02-06T07:00,0.0,0.0,0.0,0.0,4.7,7.12,13.8,54,0,30700.0,1,0.113,0.0,665.0,1,0.0,0,0,0.0,-1,-1,-1,-1,0.0,0.0
2026-02-06T08:00,0.0,0.0,0.0,0.0,4.9,7.21,13.8,56,3,30700.0,1,0.113,0.0,670.0,1,0.0,0,0,0.0,-1,-1,-1,-1,0.0,0.0
2026-02-06T09:00,0.0,0.0,0.0,0.0,4.7,7.0,13.8,59,64,30680.0,1,0.113,0.0,660.0,1,0.0,2,0,0.0,-1,-1,-1,-1,0.0,0.0
2026-02-06T10:00,0.0,0.0,0.0,0.0,4.2,6.73,13.2,57,77,30680.0,1,0.113,0.0,670.0,1,0.0,2,0,0.0,-1,-1,-1,-1,0.0,0.0
2026-02-06T11:00,0.0,0.0,0.0,0.0,3.2,6.69,12.3,54,100,30660.0,1,0.113,0.0,700.0,1,0.0,3,0,0.0,-1,-1,-1,-1,0.0,0.0
2026-02-06T12:00,0.0,0.0,0.0,0.0,2.0,6.08,12.3,51,100,30660.0,0,0.113,0.0,690.0,1,0.0,3,0,0.0,-1,-1,-1,-1,0.0,0.0
2026-02-06T13:00,0.0,0.0,0.0,0.0,2.1,6.68,12.0,51,100,30660.0,0,0.113,0.0,720.0,1,0.0,3,0,0.0,-1,-1,-1,-1,0.0,0.0
2026-02-06T14:00,0.0,0.0,0.0,0.0,1.7,7.36,13.2,53,100,30660.0,0,0.113,0.0,670.0,1,0.0,3,0,0.0,-1,-1,-1,-1,0.0,0.0
2026-02-06T15:00,0.0,0.0,0.0,0.0,1.0,7.86,14.3,56,100,30640.0,0,0.113,0.0,665.0,1,0.0,3,0,0.0,-1,-1,-1,-1,0.0,0.0
2026-02-06T16:00,0.0,0.0,0.0,0.0,0.4,7.52,14.4,57,100,30380.0,0,0.113,0.0,680.0,1,0.0,3,0,0.0,-1,-1,-1,-1,0.0,0.0
2026-02-06T17:00,0.0,0.0,0.0,0.0,0.3,7.74,14.1,54,100,30380.0,0,0.113,0.0,745.0,1,0.0,3,0,0.0,-1,-1,-1,-1,0.0,0.0
2026-02-06T18:00,0.0,0.0,0.0,0.0,0.0,7.6,14.8,53,100,30380.0,0,0.113,0.0,740.0,1,0.0,3,0,0.0,-1,-1,-1,-1,0.0,0.0
2026-02-06T19:00,0.0,0.0,0.0,0.0,-0.2,6.42,13.9,56,100,30360.0,0,0.113,0.0,675.0,1,0.0,3,0,0.0,-1,-1,-1,-1,0.0,0.0
2026-02-06T20:00,0.0,0.0,0.0,0.0,-0.4,5.58,11.5,54,82,30360.0,0,0.113,0.0,540.0,1,0.0,3,0,0.0,-1,-1,-1,-1,0.0,0.0
2026-02-06T21:00,0.0,0.0,0.0,0.0,-1.4,5.54,10.1,53,100,30360.0,0,0.113,0.0,450.0,1,0.0,3,0,0.0,-1,-1,-1,-1,0.0,0.0
2026-02-06T22:00,0.0,0.0,0.0,0.0,-1.6,5.92,10.5,53,98,30340.0,0,0.113,0.0,465.0,1,0.0,3,0,0.0,-1,-1,-1,-1,0.0,0.0
2026-02-06T23:00,0.0,0.0,0.0,0.0,-1.7,5.61,10.7,51,98,30340.0,0,0.113,0.0,455.0,1,0.0,3,0,0.0,-1,-1,-1,-1,0.0,0.0
2026-02-07T00:00,0.0,0.0,0.0,0.0,-2.5,3.57,10.1,43,98,30180.0,0,0.113,0.0,330.0,1,0.0,3,0,0.0,-1,-1,-1,-1,0.0,0.0
2026-02-07T01:00,0.0,0.0,0.0,0.0,-2.6,3.98,7.0,40,100,30320.0,0,0.113,0.0,310.0,1,0.0,3,0,0.0,-1,-1,-1,-1,0.0,0.0
2026-02-07T02:00,0.0,0.0,0.0,0.0,-2.0,4.22,7.4,34,96,30320.0,1,0.113,0.0,310.0,1,0.0,3,0,0.0,-1,-1,-1,-1,0.0,0.0
2026-02-07T03:00,0.0,0.0,0.0,0.0,0.1,4.11,7.4,42,99,30560.0,1,0.113,0.0,375.0,1,0.0,3,0,0.0,-1,-1,-1,-1,0.0,0.0
2026-02-07T04:00,0.0,0.0,0.0,0.0,1.5,3.75,8.0,37,100,30560.0,1,0.113,0.0,440.0,1,0.0,3,0,0.0,-1,-1,-1,-1,0.0,0.0
2026-02-07T05:00,0.0,0.0,0.0,0.0,2.4,2.2,7.8,30,100,30540.0,1,0.113,0.0,500.0,1,0.0,3,0,0.0,-1,-1,-1,-1,0.0,0.0
2026-02-07T06:00,0.0,0.0,0.0,0.0,3.1,3.28,5.6,282,100,30540.0,1,0.113,0.0,985.0,1,0.0,3,0,0.0,-1,-1,-1,-1,0.0,0.0
2026-02-07T07:00,0.0,0.0,0.0,0.0,3.8,4.74,9.4,263,100,30540.0,1,0.113,0.0,1305.0,1,0.0,3,0,0.0,-1,-1,-1,-1,0.0,0.0
2026-02-07T08:00,0.0,0.0,0.0,0.0,4.1,4.74,9.5,248,99,30600.0,1,0.113,0.0,1300.0,1,0.0,3,0,0.0,-1,-1,-1,-1,0.0,0.0
2026-02-07T09:00,0.0,0.0,0.0,0.0,4.4,4.44,9.5,253,93,30600.0,1,0.113,0.0,1290.0,1,0.0,3,0,0.0,-1,-1,-1,-1,0.0,0.0
2026-02-07T10:00,0.0,0.0,0.0,0.0,4.0,4.24,8.8,249,77,30520.0,1,0.113,0.0,1185.0,1,0.0,2,0,0.0,-1,-1,-1,-1,0.0,0.0
2026-02-07T11:00,0.0,0.0,0.0,0.0,2.6,3.05,7.9,240,99,30500.0,1,0.113,0.0,580.0,1,0.0,3,0,0.0,-1,-1,-1,-1,0.0,0.0
2026-02-07T12:00,0.0,0.0,0.0,0.0,-1.1,2.06,5.2,219,99,30260.0,0,0.113,0.0,95.0,1,0.0,3,0,0.0,-1,-1,-1,-1,0.0,0.0
2026-02-07T13:00,0.0,0.0,0.0,0.0,-1.7,1.42,2.9,231,100,30240.0,0,0.113,0.0,60.0,1,0.0,3,0,0.0,-1,-1,-1,-1,0.0,0.0
2026-02-07T14:00,0.0,0.0,0.0,0.0,-1.9,0.86,1.9,216,100,30240.0,0,0.113,0.0,35.0,1,0.0,3,0,0.0,-1,-1,-1,-1,0.0,0.0
2026-02-07T15:00,0.0,0.0,0.0,0.0,-2.2,0.54,1.2,202,100,30240.0,0,0.113,0.0,25.0,1,0.0,3,0,0.0,-1,-1,-1,-1,0.0,0.0
2026-02-07T16:00,0.0,0.0,0.0,0.0,-2.3,0.3,0.8,180,99,30220.0,0,0.113,0.0,15.0,1,0.0,3,0,0.0,-1,-1,-1,-1,0.0,0.0
2026-02-07T17:00,0.0,0.0,0.0,0.0,-2.7,0.32,0.5,162,57,30220.0,0,0.113,0.0,15.0,1,0.0,2,0,0.0,-1,-1,-1,-1,0.0,0.0
2026-02-07T18:00,0.0,0.0,0.0,0.0,-2.8,0.16,0.5,162,0,30060.0,0,0.113,0.0,10.0,1,0.0,0,0,0.0,-1,-1,-1,-1,0.0,0.0
2026-02-07T19:00,0.0,0.0,0.0,0.0,-3.2,0.16,0.5,162,30,30040.0,0,0.113,0.0,10.0,1,0.0,1,0,0.0,-1,-1,-1,-1,0.0,0.0
2026-02-07T20:00,0.0,0.0,0.0,0.0,-3.9,0.46,0.7,167,58,30040.0,0,0.113,0.0,20.0,1,0.0,2,0,0.0,-1,-1,-1,-1,0.0,0.0
2026-02-07T21:00,0.0,0.0,0.0,0.0,-4.5,0.8,1.2,180,22,30040.0,0,0.113,0.0,30.0,1,0.0,1,0,0.0,-1,-1,-1,-1,0.0,0.0
2026-02-07T22:00,0.0,0.0,0.0,0.0,-5.1,0.92,1.4,167,0,29840.0,0,0.113,0.0,25.0,1,0.0,0,0,0.0,-1,-1,-1,-1,0.0,0.0
2026-02-07T23:00,0.0,0.0,0.0,0.0,-5.6,0.85,1.5,152,21,29820.0,0,0.113,0.0,25.0,1,0.0,1,0,0.0,-1,-1,-1,-1,0.0,0.0
2026-02-08T00:00,0.0,0.0,0.0,0.0,-6.4,0.92,1.4,158,89,29820.0,0,0.113,0.0,25.0,1,0.0,3,0,0.0,-1,-1,-1,-1,0.0,0.0
2026-02-08T01:00,0.0,0.0,0.0,0.0,-7.7,1.03,1.8,137,100,29560.0,0,0.113,0.0,25.0,1,0.0,3,0,0.0,-1,-1,-1,-1,0.0,0.0
2026-02-08T02:00,0.0,0.0,0.0,0.0,-7.0,1.05,2.0,121,100,29560.0,1,0.113,0.0,30.0,1,0.0,3,0,0.0,-1,-1,-1,-1,0.0,0.0
2026-02-08T03:00,0.0,0.0,0.0,0.0,-4.8,0.79,2.6,72,100,29760.0,1,0.113,0.0,50.0,1,0.0,3,0,0.0,-1,-1,-1,-1,0.0,0.0
2026-02-08T04:00,0.0,0.0,0.07,0.0,-2.6,0.32,2.8,39,97,27920.0,1,0.113,0.0,160.0,1,0.0,85,0,0.0,-1,-1,-1,-1,0.0,0.0
2026-02-08T05:00,0.0,0.0,0.0,0.0,-1.1,0.42,3.1,315,99,23900.0,1,0.113,0.0,305.0,1,0.0,3,0,0.0,-1,-1,-1,-1,0.0,0.0
2026-02-08T06:00,0.0,0.0,0.0,0.0,0.7,1.78,4.6,260,98,29860.0,1,0.113,0.0,520.0,1,0.0,3,0,0.0,-1,-1,-1,-1,0.0,0.0
2026-02-08T07:00,0.0,0.0,0.0,0.0,2.1,2.55,6.2,250,100,30020.0,1,0.113,0.0,785.0,1,0.0,3,0,0.0,-1,-1,-1,-1,0.0,0.0
2026-02-08T08:00,0.0,0.0,0.0,0.0,3.1,2.74,6.5,255,100,30360.0,1,0.113,0.0,970.0,1,0.0,3,0,0.0,-1,-1,-1,-1,0.0,0.0
2026-02-08T09:00,0.0,0.0,0.0,0.0,2.9,2.4,6.4,270,100,30360.0,1,0.113,0.0,920.0,1,0.0,3,0,0.0,-1,-1,-1,-1,0.0,0.0
2026-02-08T10:00,0.0,0.0,0.0,0.0,2.3,2.44,5.3,259,22,30360.0,1,0.113,0.0,835.0,1,0.0,1,0,0.0,-1,-1,-1,-1,0.0,0.0
2026-02-08T11:00,0.0,0.0,0.0,0.0,0.2,0.87,4.6,257,100,28760.0,1,0.113,0.0,135.0,1,0.0,3,0,0.0,-1,-1,-1,-1,0.0,0.0
2026-02-08T12:00,0.0,0.0,0.0,0.0,0.1,0.36,1.2,286,68,27360.0,0,0.113,0.0,25.0,1,0.0,2,0,0.0,-1,-1,-1,-1,0.0,0.0
2026-02-08T13:00,0.0,0.0,0.0,0.0,-0.8,0.35,0.7,90,47,30080.0,0,0.113,0.0,15.0,1,0.0,1,0,0.0,-1,-1,-1,-1,0.0,0.0
2026-02-08T14:00,0.0,0.0,0.0,0.0,-2.7,1.25,2.0,113,0,30080.0,0,0.113,0.0,30.0,1,0.0,0,0,0.0,-1,-1,-1,-1,0.0,0.0
2026-02-08T15:00,0.0,0.0,0.0,0.0,-3.6,1.37,2.3,114,0,29920.0,0,0.113,0.0,30.0,1,0.0,0,0,0.0,-1,-1,-1,-1,0.0,0.0
2026-02-08T16:00,0.0,0.0,0.0,0.0,-3.7,0.6,2.2,95,0,29920.0,0,0.113,0.0,20.0,1,0.0,0,0,0.0,-1,-1,-1,-1,0.0,0.0
2026-02-08T17:00,0.0,0.0,0.0,0.0,-3.9,0.62,1.1,104,0,29900.0,0,0.113,0.0,25.0,1,0.0,0,0,0.0,-1,-1,-1,-1,0.0,0.0
2026-02-08T18:00,0.0,0.0,0.0,0.0,-3.9,0.81,1.7,101,0,29900.0,0,0.113,0.0,30.0,1,0.0,0,0,0.0,-1,-1,-1,-1,0.0,0.0
2026-02-08T19:00,0.0,0.0,0.0,0.0,-4.5,0.46,1.3,139,0,29900.0,0,0.113,0.0,20.0,1,0.0,0,0,0.0,-1,-1,-1,-1,0.0,0.0
2026-02-08T20:00,0.0,0.0,0.0,0.0,-5.2,0.47,1.0,148,0,29880.0,0,0.113,0.0,20.0,1,0.0,0,0,0.0,-1,-1,-1,-1,0.0,0.0
2026-02-08T21:00,0.0,0.0,0.0,0.0,-5.4,0.83,1.8,123,0,29880.0,0,0.113,0.0,25.0,1,0.0,0,0,0.0,-1,-1,-1,-1,0.0,0.0
2026-02-08T22:00,0.0,0.0,0.0,0.0,-5.7,1.38,2.6,109,0,29880.0,0,0.113,0.0,30.0,1,0.0,0,0,0.0,-1,-1,-1,-1,0.0,0.0
2026-02-08T23:00,0.0,0.0,0.0,0.0,-5.4,1.74,3.2,102,0,29860.0,0,0.113,0.0,40.0,1,0.0,0,0,0.0,-1,-1,-1,-1,0.0,0.0
2026-02-09T00:00,0.0,0.0,0.0,0.0,-7.6,0.83,3.2,123,0,29660.0,0,0.113,0.0,20.0,1,0.0,0,0,0.0,-1,-1,-1,-1,0.0,0.0
2026-02-09T01:00,0.0,0.0,0.0,0.0,-8.0,0.71,1.2,141,0,29400.0,0,0.113,0.0,25.0,1,0.0,0,0,0.0,-1,-1,-1,-1,0.0,0.0
2026-02-09T02:00,0.0,0.0,0.0,0.0,-7.8,0.73,1.0,106,15,29400.0,1,0.113,0.0,25.0,1,0.0,0,0,0.0,-1,-1,-1,-1,0.0,0.0
2026-02-09T03:00,0.0,0.0,0.0,0.0,-4.5,1.45,3.3,86,52,29840.0,1,0.113,0.0,45.0,1,0.0,2,0,0.0,-1,-1,-1,-1,0.0,0.0
2026-02-09T04:00,0.0,0.0,0.0,0.0,-0.7,1.36,4.0,96,3,29980.0,1,0.113,0.0,170.0,1,0.0,0,0,0.0,-1,-1,-1,-1,0.0,0.0
2026-02-09T05:00,0.0,0.0,0.0,0.0,1.8,0.92,4.2,103,15,30240.0,1,0.113,0.0,415.0,1,0.0,0,0,0.0,-1,-1,-1,-1,0.0,0.0
2026-02-09T06:00,0.0,0.0,0.0,0.0,3.1,0.2,3.9,180,2,30220.0,1,0.113,0.0,735.0,1,0.0,0,0,0.0,-1,-1,-1,-1,0.0,0.0
2026-02-09T07:00,0.0,0.0,0.0,0.0,4.4,1.14,4.3,255,12,30220.0,1,0.113,0.0,970.0,1,0.0,0,0,0.0,-1,-1,-1,-1,0.0,0.0
2026-02-09T08:00,0.0,0.0,0.0,0.0,4.8,1.67,4.9,261,15,30280.0,1,0.113,0.0,1060.0,1,0.0,0,0,0.0,-1,-1,-1,-1,0.0,0.0
2026-02-09T09:00,0.0,0.0,0.0,0.0,4.8,1.55,4.9,255,46,30280.0,1,0.113,0.0,985.0,1,0.0,1,0,0.0,-1,-1,-1,-1,0.0,0.0
2026-02-09T10:00,0.0,0.0,0.0,0.0,4.4,1.46,4.3,262,64,30280.0,1,0.113,0.0,725.0,1,0.0,2,0,0.0,-1,-1,-1,-1,0.0,0.0
2026-02-09T11:00,0.0,0.0,0.0,0.0,1.7,0.79,3.0,305,94,30200.0,1,0.113,0.0,50.0,1,0.0,3,0,0.0,-1,-1,-1,-1,0.0,0.0
2026-02-09T12:00,0.0,0.0,0.0,0.0,-0.9,1.34,1.4,243,97,30180.0,0,0.113,0.0,45.0,1,0.0,3,0,0.0,-1,-1,-1,-1,0.0,0.0
2026-02-09T13:00,0.0,0.0,0.0,0.0,-1.4,0.66,1.8,261,95,29920.0,0,0.113,0.0,30.0,1,0.0,3,0,0.0,-1,-1,-1,-1,0.0,0.0
2026-02-09T14:00,0.0,0.0,0.0,0.0,-1.6,0.3,1.0,270,84,29920.0,0,0.113,0.0,20.0,1,0.0,3,0,0.0,-1,-1,-1,-1,0.0,0.0
2026-02-09T15:00,0.0,0.0,0.0,0.0,-1.8,0.32,0.7,231,78,29920.0,0,0.113,0.0,20.0,1,0.0,2,0,0.0,-1,-1,-1,-1,0.0,0.0
2026-02-09T16:00,0.0,0.0,0.0,0.0,-1.7,0.25,0.7,180,98,29920.0,0,0.113,0.0,15.0,1,0.0,3,0,0.0,-1,-1,-1,-1,0.0,0.0
2026-02-09T17:00,0.0,0.0,0.0,0.0,-1.6,0.18,0.5,146,67,29900.0,0,0.113,0.0,10.0,1,0.0,2,0,0.0,-1,-1,-1,-1,0.0,0.0
2026-02-09T18:00,0.0,0.0,0.0,0.0,-2.6,0.66,0.7,189,18,29900.0,0,0.113,0.0,20.0,1,0.0,0,0,0.0,-1,-1,-1,-1,0.0,0.0
2026-02-09T19:00,0.0,0.0,0.0,0.0,-3.8,0.67,1.0,167,33,29900.0,0,0.113,0.0,20.0,1,0.0,1,0,0.0,-1,-1,-1,-1,0.0,0.0
2026-02-09T20:00,0.0,0.0,0.0,0.0,-4.9,0.79,1.3,162,77,29740.0,0,0.113,0.0,20.0,1,0.0,2,0,0.0,-1,-1,-1,-1,0.0,0.0
2026-02-09T21:00,0.0,0.0,0.0,0.0,-5.6,0.36,1.1,146,98,29720.0,0,0.113,0.0,15.0,1,0.0,3,0,0.0,-1,-1,-1,-1,0.0,0.0
2026-02-09T22:00,0.0,0.0,0.0,0.0,-5.9,0.35,0.7,180,100,29520.0,0,0.113,0.0,15.0,1,0.0,3,0,0.0,-1,-1,-1,-1,0.0,0.0
2026-02-09T23:00,0.0,0.0,0.0,0.0,-6.3,0.46,0.8,167,100,29520.0,0,0.113,0.0,20.0,1,0.0,3,0,0.0,-1,-1,-1,-1,0.0,0.0
2026-02-10T00:00,0.0,0.0,0.0,0.0,-7.0,0.46,0.9,167,92,29260.0,0,0.113,0.0,15.0,1,0.0,3,0,0.0,-1,-1,-1,-1,0.0,0.0
2026-02-10T01:00,0.0,0.0,0.0,0.0,-7.9,0.56,0.8,153,84,29260.0,0,0.113,0.0,15.0,1,0.0,3,0,0.0,-1,-1,-1,-1,0.0,0.0
2026-02-10T02:00,0.0,0.0,0.0,0.0,-7.3,0.75,1.7,143,48,29240.0,1,0.113,0.0,25.0,1,0.0,1,0,0.0,-1,-1,-1,-1,0.0,0.0
2026-02-10T03:00,0.0,0.0,0.0,0.0,-4.8,0.88,2.9,133,85,29480.0,1,0.113,0.0,50.0,1,0.0,3,0,0.0,-1,-1,-1,-1,0.0,0.0
2026-02-10T04:00,0.0,0.0,0.0,0.0,-1.9,0.54,3.5,248,66,29680.0,1,0.113,0.0,200.0,1,0.0,2,0,0.0,-1,-1,-1,-1,0.0,0.0
2026-02-10T05:00,0.0,0.0,0.0,0.0,0.9,2.12,5.4,243,66,29820.0,1,0.113,0.0,590.0,1,0.0,2,0,0.0,-1,-1,-1,-1,0.0,0.0
2026-02-10T06:00,0.0,0.0,0.0,0.0,3.3,3.85,7.8,247,50,30060.0,1,0.113,0.0,1130.0,1,0.0,2,0,0.0,-1,-1,-1,-1,0.0,0.0
2026-02-10T07:00,0.0,0.0,0.0,0.0,4.7,4.33,9.3,248,0,30060.0,1,0.113,0.0,1170.0,1,0.0,0,0,0.0,-1,-1,-1,-1,0.0,0.0
2026-02-10T08:00,0.0,0.0,0.0,0.0,5.3,4.46,9.6,247,21,30060.0,1,0.113,0.0,1160.0,1,0.0,1,0,0.0,-1,-1,-1,-1,0.0,0.0
2026-02-10T09:00,0.0,0.0,0.0,0.0,5.3,4.25,9.1,252,46,30040.0,1,0.113,0.0,1155.0,1,0.0,1,0,0.0,-1,-1,-1,-1,0.0,0.0
2026-02-10T10:00,0.0,0.0,0.0,0.0,4.8,4.09,8.5,258,34,30040.0,1,0.113,0.0,1155.0,1,0.0,1,0,0.0,-1,-1,-1,-1,0.0,0.0
2026-02-10T11:00,0.0,0.0,0.0,0.0,2.3,1.88,7.4,245,50,30040.0,1,0.113,0.0,345.0,1,0.0,2,0,0.0,-1,-1,-1,-1,0.0,0.0
2026-02-10T12:00,0.0,0.0,0.0,0.0,-0.6,1.1,3.1,219,100,30040.0,0,0.113,0.0,65.0,1,0.0,3,0,0.0,-1,-1,-1,-1,0.0,0.0
2026-02-10T13:00,0.0,0.0,0.0,0.0,-0.7,0.38,2.0,157,100,30020.0,0,0.113,0.0,20.0,1,0.0,3,0,0.0,-1,-1,-1,-1,0.0,0.0
2026-02-10T14:00,0.0,0.0,0.0,0.0,-1.0,0.61,1.1,125,100,30020.0,0,0.113,0.0,30.0,1,0.0,3,0,0.0,-1,-1,-1,-1,0.0,0.0
2026-02-10T15:00,0.0,0.0,0.0,0.0,-1.2,0.65,1.5,86,100,30020.0,0,0.113,0.0,30.0,1,0.0,3,0,0.0,-1,-1,-1,-1,0.0,0.0
2026-02-10T16:00,0.0,0.0,0.0,0.0,-2.0,1.11,2.1,108,100,30000.0,0,0.113,0.0,30.0,1,0.0,3,0,0.0,-1,-1,-1,-1,0.0,0.0
2026-02-10T17:00,0.0,0.0,0.0,0.0,-2.1,1.11,2.2,126,100,30000.0,0,0.113,0.0,35.0,1,0.0,3,0,0.0,-1,-1,-1,-1,0.0,0.0
2026-02-10T18:00,0.0,0.0,0.0,0.0,-2.2,0.76,1.7,122,100,29740.0,0,0.113,0.0,30.0,1,0.0,3,0,0.0,-1,-1,-1,-1,0.0,0.0
2026-02-10T19:00,0.0,0.0,0.0,0.0,-2.4,1.13,2.2,103,100,29740.0,0,0.113,0.0,40.0,1,0.0,3,0,0.0,-1,-1,-1,-1,0.0,0.0
2026-02-10T20:00,0.0,0.0,0.0,0.0,-2.5,1.14,3.7,113,99,29740.0,0,0.113,0.0,45.0,1,0.0,3,0,0.0,-1,-1,-1,-1,0.0,0.0
2026-02-10T21:00,0.0,0.0,0.0,0.0,-2.9,1.12,1.9,111,74,29720.0,0,0.113,0.0,45.0,1,0.0,2,0,0.0,-1,-1,-1,-1,0.0,0.0
2026-02-10T22:00,0.0,0.0,0.0,0.0,-3.9,1.25,2.1,127,66,29720.0,0,0.113,0.0,40.0,1,0.0,2,0,0.0,-1,-1,-1,-1,0.0,0.0
2026-02-10T23:00,0.0,0.0,0.0,0.0,-4.2,0.83,2.2,123,18,29720.0,0,0.113,0.0,30.0,1,0.0,0,0,0.0,-1,-1,-1,-1,0.0,0.0
2026-02-11T00:00,0.0,0.0,0.0,0.0,-5.9,0.84,1.9,107,3,29560.0,0,0.113,0.0,30.0,1,0.0,0,0,0.0,-1,-1,-1,-1,0.0,0.0
2026-02-11T01:00,0.0,0.0,0.0,0.0,-7.1,1.43,2.5,115,14,29340.0,0,0.113,0.0,35.0,1,0.0,0,0,0.0,-1,-1,-1,-1,0.0,0.0
2026-02-11T02:00,0.0,0.0,0.0,0.0,-6.6,1.36,2.9,118,9,29340.0,1,0.113,0.0,45.0,1,0.0,0,0,0.0,-1,-1,-1,-1,0.0,0.0
2026-02-11T03:00,0.0,0.0,0.0,0.0,-4.3,0.82,3.0,76,84,29540.0,1,0.113,0.0,75.0,1,0.0,3,0,0.0,-1,-1,-1,-1,0.0,0.0
2026-02-11T04:00,0.0,0.0,0.0,0.0,-1.7,0.56,3.2,153,9,29680.0,1,0.113,0.0,155.0,1,0.0,0,0,0.0,-1,-1,-1,-1,0.0,0.0
2026-02-11T05:00,0.0,0.0,0.0,0.0,1.0,0.94,4.1,212,34,29920.0,1,0.113,0.0,370.0,1,0.0,1,0,0.0,-1,-1,-1,-1,0.0,0.0
2026-02-11T06:00,0.0,0.0,0.0,0.0,3.9,2.35,6.1,232,2,29920.0,1,0.113,0.0,590.0,1,0.0,0,0,0.0,-1,-1,-1,-1,0.0,0.0
2026-02-11T07:00,0.0,0.0,0.0,0.0,5.9,3.12,7.1,248,14,29900.0,1,0.113,0.0,825.0,1,0.0,0,0,0.0,-1,-1,-1,-1,0.0,0.0
2026-02-11T08:00,0.0,0.0,0.0,0.0,6.5,3.95,8.2,257,0,29900.0,1,0.113,0.0,945.0,1,0.0,0,0,0.0,-1,-1,-1,-1,0.0,0.0
2026-02-11T09:00,0.0,0.0,0.0,0.0,6.3,4.21,8.6,257,0,29900.0,1,0.113,0.0,940.0,1,0.0,0,0,0.0,-1,-1,-1,-1,0.0,0.0
2026-02-11T10:00,0.0,0.0,0.0,0.0,5.8,3.59,8.4,251,0,29880.0,1,0.113,0.0,880.0,1,0.0,0,0,0.0,-1,-1,-1,-1,0.0,0.0
2026-02-11T11:00,0.0,0.0,0.0,0.0,2.9,1.86,6.6,239,0,29880.0,1,0.113,0.0,295.0,1,0.0,0,0,0.0,-1,-1,-1,-1,0.0,0.0
2026-02-11T12:00,0.0,0.0,0.0,0.0,-0.6,1.79,2.7,207,0,29620.0,0,0.113,0.0,60.0,1,0.0,0,0,0.0,-1,-1,-1,-1,0.0,0.0
2026-02-11T13:00,0.0,0.0,0.0,0.0,-1.3,1.0,2.4,174,0,29620.0,0,0.113,0.0,35.0,1,0.0,0,0,0.0,-1,-1,-1,-1,0.0,0.0
2026-02-11T14:00,0.0,0.0,0.0,0.0,-1.8,0.67,1.4,153,9,29620.0,0,0.113,0.0,20.0,1,0.0,0,0,0.0,-1,-1,-1,-1,0.0,0.0
2026-02-11T15:00,0.0,0.0,0.0,0.0,-2.4,0.75,1.2,127,1,29600.0,0,0.113,0.0,25.0,1,0.0,0,0,0.0,-1,-1,-1,-1,0.0,0.0
2026-02-11T16:00,0.0,0.0,0.0,0.0,-2.7,0.7,1.2,111,63,29600.0,0,0.113,0.0,30.0,1,0.0,2,0,0.0,-1,-1,-1,-1,0.0,0.0
2026-02-11T17:00,0.0,0.0,0.0,0.0,-3.2,0.79,1.8,108,95,29600.0,0,0.113,0.0,30.0,1,0.0,3,0,0.0,-1,-1,-1,-1,0.0,0.0
2026-02-11T18:00,0.0,0.0,0.0,0.0,-3.5,1.14,2.5,113,88,29600.0,0,0.113,0.0,30.0,1,0.0,3,0,0.0,-1,-1,-1,-1,0.0,0.0
2026-02-11T19:00,0.0,0.0,0.0,0.0,-4.5,1.83,3.2,101,91,29440.0,0,0.113,0.0,35.0,1,0.0,3,0,0.0,-1,-1,-1,-1,0.0,0.0
2026-02-11T20:00,0.0,0.0,0.0,0.0,-4.8,0.9,3.4,93,75,29420.0,0,0.113,0.0,25.0,1,0.0,2,0,0.0,-1,-1,-1,-1,0.0,0.0
2026-02-11T21:00,0.0,0.0,0.0,0.0,-5.4,0.96,1.8,118,37,29420.0,0,0.113,0.0,25.0,1,0.0,1,0,0.0,-1,-1,-1,-1,0.0,0.0
2026-02-11T22:00,0.0,0.0,0.0,0.0,-5.7,1.03,2.0,119,21,29420.0,0,0.113,0.0,25.0,1,0.0,1,0,0.0,-1,-1,-1,-1,0.0,0.0
2026-02-11T23:00,0.0,0.0,0.0,0.0,-6.0,0.74,2.0,118,51,29400.0,0,0.113,0.0,20.0,1,0.0,2,0,0.0,-1,-1,-1,-1,0.0,0.0
2026-02-12T00:00,0.0,0.0,0.0,0.0,-5.8,0.73,3.3,106,100,29400.0,0,0.113,0.0,15.0,1,0.0,3,0,0.0,-1,-1,-1,-1,0.0,0.0
2026-02-12T01:00,0.0,0.0,0.0,0.0,-7.0,0.98,1.9,105,88,29200.0,0,0.113,0.0,20.0,1,0.0,3,0,0.0,-1,-1,-1,-1,0.0,0.0
2026-02-12T02:00,0.0,0.0,0.0,0.0,-6.1,2.26,3.9,96,64,29200.0,1,0.113,0.0,40.0,1,0.0,2,0,0.0,-1,-1,-1,-1,0.0,0.0
2026-02-12T03:00,0.0,0.0,0.0,0.0,-3.6,1.23,4.0,69,74,29380.0,1,0.113,0.0,50.0,1,0.0,2,0,0.0,-1,-1,-1,-1,0.0,0.0
2026-02-12T04:00,0.0,0.0,0.0,0.0,-0.5,0.59,3.2,110,96,29520.0,1,0.113,0.0,125.0,1,0.0,3,0,0.0,-1,-1,-1,-1,0.0,0.0
2026-02-12T05:00,0.0,0.0,0.0,0.0,1.9,0.81,3.7,173,91,29760.0,1,0.113,0.0,220.0,1,0.0,3,0,0.0,-1,-1,-1,-1,0.0,0.0
2026-02-12T06:00,0.0,0.0,0.0,0.0,3.8,1.32,4.4,189,100,29760.0,1,0.113,0.0,340.0,1,0.0,3,0,0.0,-1,-1,-1,-1,0.0,0.0
2026-02-12T07:00,0.0,0.0,0.0,0.0,5.2,1.54,4.7,241,92,29760.0,1,0.113,0.0,495.0,1,0.0,3,0,0.0,-1,-1,-1,-1,0.0,0.0
2026-02-12T08:00,0.0,0.0,0.0,0.0,6.2,2.06,5.5,229,0,29820.0,1,0.113,0.0,610.0,1,0.0,0,0,0.0,-1,-1,-1,-1,0.0,0.0
2026-02-12T09:00,0.0,0.0,0.0,0.0,6.6,1.99,5.5,242,50,29820.0,1,0.113,0.0,705.0,1,0.0,2,0,0.0,-1,-1,-1,-1,0.0,0.0
2026-02-12T10:00,0.0,0.0,0.0,0.0,6.0,1.7,4.9,220,89,29740.0,1,0.113,0.0,560.0,1,0.0,3,0,0.0,-1,-1,-1,-1,0.0,0.0
2026-02-12T11:00,0.0,0.0,0.0,0.0,3.6,0.25,3.2,143,95,29720.0,1,0.113,0.0,20.0,1,0.0,3,0,0.0,-1,-1,-1,-1,0.0,0.0
2026-02-12T12:00,0.0,0.0,0.0,0.0,1.5,0.5,0.8,127,78,29720.0,0,0.113,0.0,20.0,1,0.0,2,0,0.0,-1,-1,-1,-1,0.0,0.0
2026-02-12T13:00,0.0,0.0,0.0,0.0,-0.1,1.23,1.9,111,100,29480.0,0,0.113,0.0,30.0,1,0.0,3,0,0.0,-1,-1,-1,-1,0.0,0.0
2026-02-12T14:00,0.0,0.0,0.0,0.0,-0.6,1.57,2.8,99,96,29460.0,0,0.113,0.0,30.0,1,0.0,3,0,0.0,-1,-1,-1,-1,0.0,0.0
2026-02-12T15:00,0.0,0.0,0.0,0.0,-1.3,1.8,3.0,87,100,29460.0,0,0.113,0.0,35.0,1,0.0,3,0,0.0,-1,-1,-1,-1,0.0,0.0
2026-02-12T16:00,0.0,0.0,0.0,0.0,-0.5,2.57,4.4,77,100,29460.0,0,0.113,0.0,65.0,1,0.0,3,0,0.0,-1,-1,-1,-1,0.0,0.0
2026-02-12T17:00,0.0,0.0,0.0,0.0,-0.2,2.26,4.7,65,100,29440.0,0,0.113,0.0,85.0,1,0.0,3,0,0.0,-1,-1,-1,-1,0.0,0.0
2026-02-12T18:00,0.0,0.0,0.0,0.0,-1.1,1.83,3.9,64,100,29440.0,0,0.113,0.0,50.0,1,0.0,3,0,0.0,-1,-1,-1,-1,0.0,0.0
2026-02-12T19:00,0.0,0.0,0.0,0.0,-1.1,1.85,2.6,52,97,29440.0,0,0.113,0.0,55.0,1,0.0,3,0,0.0,-1,-1,-1,-1,0.0,0.0
2026-02-12T20:00,0.0,0.0,0.0,0.0,0.9,2.34,4.8,70,34,29680.0,0,0.113,0.0,135.0,1,0.0,1,0,0.0,-1,-1,-1,-1,0.0,0.0
2026-02-12T21:00,0.0,0.0,0.0,0.0,-0.7,1.43,4.0,54,69,29660.0,0,0.113,0.0,75.0,1,0.0,2,0,0.0,-1,-1,-1,-1,0.0,0.0
2026-02-12T22:00,0.0,0.0,0.0,0.0,-0.4,0.53,2.0,41,28,29660.0,0,0.113,0.0,45.0,1,0.0,1,0,0.0,-1,-1,-1,-1,0.0,0.0
2026-02-12T23:00,0.0,0.0,0.0,0.0,-1.2,1.5,1.9,69,6,29400.0,0,0.113,0.0,95.0,1,0.0,0,0,0.0,-1,-1,-1,-1,0.0,0.0
2026-02-13T00:00,0.0,0.0,0.0,0.0,-1.2,2.64,5.3,53,80,29400.0,0,0.113,0.0,150.0,1,0.0,3,0,0.0,-1,-1,-1,-1,0.0,0.0
2026-02-13T01:00,0.0,0.0,0.0,0.0,-1.4,3.31,5.6,61,100,29400.0,0,0.113,0.0,190.0,1,0.0,3,0,0.0,-1,-1,-1,-1,0.0,0.0
2026-02-13T02:00,0.0,0.0,0.0,0.0,-0.5,3.77,6.6,75,98,29380.0,1,0.113,0.0,195.0,1,0.0,3,0,0.0,-1,-1,-1,-1,0.0,0.0
2026-02-13T03:00,0.0,0.0,0.0,0.0,1.5,3.76,6.8,71,100,29620.0,1,0.113,0.0,255.0,1,0.0,3,0,0.0,-1,-1,-1,-1,0.0,0.0
2026-02-13T04:00,0.0,0.0,0.0,0.0,4.0,2.55,5.9,50,100,29620.0,1,0.113,0.0,360.0,1,0.0,3,0,0.0,-1,-1,-1,-1,0.0,0.0
2026-02-13T05:00,0.0,0.0,0.0,0.0,5.7,4.1,8.2,52,100,29680.0,1,0.113,0.0,545.0,1,0.0,3,0,0.0,-1,-1,-1,-1,0.0,0.0
2026-02-13T06:00,0.0,0.0,0.0,0.0,7.1,4.88,10.4,57,100,29680.0,1,0.113,0.0,630.0,1,0.0,3,0,0.0,-1,-1,-1,-1,0.0,0.0
2026-02-13T07:00,0.0,0.0,0.0,0.0,8.2,4.94,10.6,63,80,29680.0,1,0.113,0.0,675.0,1,0.0,3,0,0.0,-1,-1,-1,-1,0.0,0.0
2026-02-13T08:00,0.0,0.0,0.0,0.0,9.1,4.49,10.0,64,100,29660.0,1,0.113,0.0,755.0,1,0.0,3,0,0.0,-1,-1,-1,-1,0.0,0.0
2026-02-13T09:00,0.0,0.0,0.0,0.0,9.3,3.29,9.2,57,100,29660.0,1,0.113,0.0,760.0,1,0.0,3,0,0.0,-1,-1,-1,-1,0.0,0.0
2026-02-13T10:00,0.0,0.0,0.0,0.0,8.7,1.95,6.9,40,100,29660.0,1,0.113,0.0,685.0,1,0.0,3,0,0.0,-1,-1,-1,-1,0.0,0.0
2026-02-13T11:00,0.0,0.0,0.0,0.0,6.0,0.27,3.5,338,98,29640.0,1,0.113,0.0,15.0,1,0.0,3,0,0.0,-1,-1,-1,-1,0.0,0.0
2026-02-13T12:00,0.0,0.0,0.0,0.0,1.6,2.1,0.6,89,96,29580.0,0,0.113,0.0,90.0,1,0.0,3,0,0.0,-1,-1,-1,-1,0.0,0.0
2026-02-13T13:00,0.0,0.0,0.0,0.0,0.9,2.12,3.7,63,100,29560.0,0,0.113,0.0,70.0,1,0.0,3,0,0.0,-1,-1,-1,-1,0.0,0.0
2026-02-13T14:00,0.0,0.0,0.0,0.0,0.4,1.84,3.1,68,100,29320.0,0,0.113,0.0,55.0,1,0.0,3,0,0.0,-1,-1,-1,-1,0.0,0.0
2026-02-13T15:00,0.0,0.0,0.0,0.0,0.6,0.85,2.6,69,99,29300.0,0,0.113,0.0,40.0,1,0.0,3,0,0.0,-1,-1,-1,-1,0.0,0.0
2026-02-13T16:00,0.0,0.0,0.0,0.0,0.6,0.6,1.4,66,100,29300.0,0,0.113,0.0,30.0,1,0.0,3,0,0.0,-1,-1,-1,-1,0.0,0.0
2026-02-13T17:00,0.0,0.0,0.0,0.0,0.5,1.12,1.6,63,100,29300.0,0,0.113,0.0,40.0,1,0.0,3,0,0.0,-1,-1,-1,-1,0.0,0.0
2026-02-13T18:00,0.0,0.0,0.0,0.0,0.5,1.37,2.0,33,100,29540.0,0,0.113,0.0,60.0,1,0.0,3,0,0.0,-1,-1,-1,-1,0.0,0.0
2026-02-13T19:00,0.0,0.0,0.0,0.0,0.1,1.73,2.8,46,100,29280.0,0,0.113,0.0,70.0,1,0.0,3,0,0.0,-1,-1,-1,-1,0.0,0.0
2026-02-13T20:00,0.0,0.0,0.0,0.0,0.0,1.27,2.6,45,100,29280.0,0,0.113,0.0,55.0,1,0.0,3,0,0.0,-1,-1,-1,-1,0.0,0.0
2026-02-13T21:00,0.0,0.0,0.0,0.0,-0.3,1.56,2.4,42,99,29280.0,0,0.113,0.0,60.0,1,0.0,3,0,0.0,-1,-1,-1,-1,0.0,0.0
2026-02-13T22:00,0.0,0.0,0.0,0.0,-0.3,1.47,2.4,55,100,29260.0,0,0.113,0.0,55.0,1,0.0,3,0,0.0,-1,-1,-1,-1,0.0,0.0
2026-02-13T23:00,0.0,0.0,0.0,0.0,0.0,0.25,2.1,349,87,29260.0,0,0.113,0.0,15.0,1,0.0,3,0,0.0,-1,-1,-1,-1,0.0,0.0
2026-02-14T00:00,0.0,0.0,0.0,0.0,-1.3,0.43,0.7,69,82,29260.0,0,0.113,0.0,30.0,1,0.0,3,0,0.0,-1,-1,-1,-1,0.0,0.0
2026-02-14T01:00,0.0,0.0,0.0,0.0,-3.8,1.88,3.1,101,94,28900.0,0,0.113,0.0,35.0,1,0.0,3,0,0.0,-1,-1,-1,-1,0.0,0.0
2026-02-14T02:00,0.0,0.0,0.0,0.0,-2.6,1.76,3.2,95,98,28900.0,1,0.113,0.0,40.0,1,0.0,3,0,0.0,-1,-1,-1,-1,0.0,0.0
2026-02-14T03:00,0.0,0.0,0.0,0.0,0.5,1.87,3.8,106,100,29080.0,1,0.113,0.0,50.0,1,0.0,3,0,0.0,-1,-1,-1,-1,0.0,0.0
2026-02-14T04:00,0.0,0.0,0.0,0.0,4.1,1.18,3.7,102,16,29480.0,1,0.113,0.0,135.0,1,0.0,0,0,0.0,-1,-1,-1,-1,0.0,0.0
2026-02-14T05:00,0.0,0.0,0.0,0.0,6.5,1.88,4.9,112,98,29460.0,1,0.113,0.0,485.0,1,0.0,3,0,0.0,-1,-1,-1,-1,0.0,0.0
2026-02-14T06:00,0.0,0.0,0.0,0.0,7.7,1.12,5.2,111,94,29520.0,1,0.113,0.0,675.0,1,0.0,3,0,0.0,-1,-1,-1,-1,0.0,0.0
2026-02-14T07:00,0.0,0.0,0.0,0.0,8.7,0.3,4.0,99,86,29520.0,1,0.113,0.0,850.0,1,0.0,3,0,0.0,-1,-1,-1,-1,0.0,0.0
2026-02-14T08:00,0.0,0.0,0.0,0.0,9.1,0.4,3.4,60,99,29520.0,1,0.113,0.0,970.0,1,0.0,3,0,0.0,-1,-1,-1,-1,0.0,0.0
2026-02-14T09:00,0.0,0.0,0.0,0.0,9.2,0.29,3.2,329,100,29500.0,1,0.113,0.0,955.0,1,0.0,3,0,0.0,-1,-1,-1,-1,0.0,0.0
2026-02-14T10:00,0.0,0.0,0.0,0.0,8.3,0.78,2.5,285,100,29500.0,1,0.113,0.0,105.0,1,0.0,3,0,0.0,-1,-1,-1,-1,0.0,0.0
2026-02-14T11:00,0.0,0.0,0.0,0.0,4.9,1.28,1.8,309,100,29500.0,1,0.113,0.0,55.0,1,0.0,3,0,0.0,-1,-1,-1,-1,0.0,0.0
2026-02-14T12:00,0.0,0.0,0.0,0.0,3.2,0.82,1.8,38,100,29420.0,0,0.113,0.0,25.0,1,0.0,3,0,0.0,-1,-1,-1,-1,0.0,0.0
2026-02-14T13:00,0.0,0.0,0.0,0.0,1.9,2.26,3.8,55,100,29180.0,0,0.113,0.0,65.0,1,0.0,3,0,0.0,-1,-1,-1,-1,0.0,0.0
2026-02-14T14:00,0.0,0.0,0.0,0.0,1.5,2.27,4.0,49,100,29160.0,0,0.113,0.0,55.0,1,0.0,3,0,0.0,-1,-1,-1,-1,0.0,0.0
2026-02-14T15:00,0.0,0.0,0.0,0.0,1.2,2.3,4.1,42,100,29160.0,0,0.113,0.0,55.0,1,0.0,3,0,0.0,-1,-1,-1,-1,0.0,0.0
2026-02-14T16:00,0.0,0.0,0.0,0.0,1.3,2.8,4.8,43,97,29160.0,0,0.113,0.0,70.0,1,0.0,3,0,0.0,-1,-1,-1,-1,0.0,0.0
2026-02-14T17:00,0.0,0.0,0.0,0.0,2.2,3.47,6.4,43,99,29400.0,0,0.113,0.0,160.0,1,0.0,3,0,0.0,-1,-1,-1,-1,0.0,0.0
2026-02-14T18:00,0.0,0.0,0.0,0.0,2.3,3.46,6.2,45,100,29140.0,0,0.113,0.0,155.0,1,0.0,3,0,0.0,-1,-1,-1,-1,0.0,0.0
2026-02-14T19:00,0.0,0.0,0.0,0.0,2.5,3.57,6.4,47,100,29140.0,0,0.113,0.0,170.0,1,0.0,3,0,0.0,-1,-1,-1,-1,0.0,0.0
2026-02-14T20:00,0.0,0.0,0.0,0.0,2.2,3.86,6.8,56,52,29120.0,0,0.113,0.0,170.0,1,0.0,2,0,0.0,-1,-1,-1,-1,0.0,0.0
2026-02-14T21:00,0.0,0.0,0.0,0.0,1.4,4.43,7.7,62,26,29120.0,0,0.113,0.0,195.0,1,0.0,1,0,0.0,-1,-1,-1,-1,0.0,0.0
2026-02-14T22:00,0.0,0.0,0.0,0.0,1.3,4.8,8.4,59,42,29120.0,0,0.113,0.0,230.0,1,0.0,1,0,0.0,-1,-1,-1,-1,0.0,0.0
2026-02-14T23:00,0.0,0.0,0.0,0.0,1.3,4.72,8.7,62,45,29120.0,0,0.113,0.0,245.0,1,0.0,1,0,0.0,-1,-1,-1,-1,0.0,0.0
2026-02-15T00:00,0.0,0.0,0.0,0.0,0.4,4.08,8.3,59,22,29100.0,0,0.113,0.0,210.0,1,0.0,1,0,0.0,-1,-1,-1,-1,0.0,0.0
2026-02-15T01:00,0.0,1.0,0.07,0.0,0.6,4.16,7.5,61,56,29060.0,0,0.113,0.0,215.0,1,0.0,85,0,0.0,-1,-1,-1,-1,0.0,0.0
2026-02-15T02:00,0.0,1.0,0.07,0.0,1.2,4.23,7.5,61,55,29040.0,1,0.113,0.0,215.0,1,0.0,85,0,0.0,-1,-1,-1,-1,0.0,0.0
2026-02-15T03:00,0.0,0.0,0.0,0.0,3.2,4.3,7.9,61,82,29000.0,1,0.113,0.0,290.0,1,0.0,3,0,0.0,-1,-1,-1,-1,0.0,0.0
2026-02-15T04:00,0.0,0.0,0.0,0.0,5.2,3.74,7.7,52,91,29220.0,1,0.113,0.0,410.0,1,0.0,3,0,0.0,-1,-1,-1,-1,0.0,0.0
2026-02-15T05:00,0.0,0.0,0.0,0.0,6.3,3.87,8.1,54,100,29180.0,1,0.113,0.0,590.0,1,0.0,3,0,0.0,-1,-1,-1,-1,0.0,0.0
2026-02-15T06:00,0.0,0.0,0.0,0.0,7.1,3.44,8.2,50,100,29160.0,1,0.113,0.0,690.0,1,0.0,3,0,0.0,-1,-1,-1,-1,0.0,0.0
2026-02-15T07:00,0.0,0.0,0.0,0.0,7.7,3.49,7.9,52,100,29120.0,1,0.113,0.0,830.0,1,0.0,3,0,0.0,-1,-1,-1,-1,0.0,0.0
2026-02-15T08:00,0.0,0.0,0.0,0.0,7.9,2.36,7.8,54,27,29160.0,1,0.113,0.0,985.0,1,0.0,1,0,0.0,-1,-1,-1,-1,0.0,0.0
2026-02-15T09:00,0.0,0.0,0.0,0.0,7.9,1.17,5.9,50,5,29120.0,1,0.113,0.0,1170.0,1,0.0,0,0,0.0,-1,-1,-1,-1,0.0,0.0
2026-02-15T10:00,0.0,0.0,0.0,0.0,7.5,0.81,3.8,349,5,29100.0,1,0.113,0.0,1150.0,1,0.0,0,0,0.0,-1,-1,-1,-1,0.0,0.0
2026-02-15T11:00,0.0,0.0,0.0,0.0,4.4,1.13,1.9,347,2,29000.0,1,0.113,0.0,65.0,1,0.0,0,0,0.0,-1,-1,-1,-1,0.0,0.0
2026-02-15T12:00,0.0,0.0,0.0,0.0,1.9,1.36,1.8,28,12,28980.0,0,0.113,0.0,35.0,1,0.0,0,0,0.0,-1,-1,-1,-1,0.0,0.0
2026-02-15T13:00,0.0,0.0,0.0,0.0,0.3,1.81,2.8,51,10,28940.0,0,0.113,0.0,40.0,1,0.0,0,0,0.0,-1,-1,-1,-1,0.0,0.0
2026-02-15T14:00,0.0,0.0,0.0,0.0,-0.8,1.78,2.8,52,0,28680.0,0,0.113,0.0,35.0,1,0.0,0,0,0.0,-1,-1,-1,-1,0.0,0.0
2026-02-15T15:00,0.0,0.0,0.0,0.0,-1.3,1.95,3.2,50,0,28640.0,0,0.113,0.0,35.0,1,0.0,0,0,0.0,-1,-1,-1,-1,0.0,0.0
2026-02-15T16:00,0.0,0.0,0.0,0.0,-1.0,2.15,3.7,54,0,28620.0,0,0.113,0.0,40.0,1,0.0,0,0,0.0,-1,-1,-1,-1,0.0,0.0
2026-02-15T17:00,0.0,0.0,0.0,0.0,0.0,2.64,4.6,61,0,28580.0,0,0.113,0.0,80.0,1,0.0,0,0,0.0,-1,-1,-1,-1,0.0,0.0
2026-02-15T18:00,0.0,0.0,0.0,0.0,0.4,2.64,4.7,63,0,28560.0,0,0.113,0.0,100.0,1,0.0,0,0,0.0,-1,-1,-1,-1,0.0,0.0
2026-02-15T19:00,0.0,0.0,0.0,0.0,-1.3,1.89,4.6,53,0,28540.0,0,0.113,0.0,50.0,1,0.0,0,0,0.0,-1,-1,-1,-1,0.0,0.0
2026-02-15T20:00,0.0,0.0,0.0,0.0,-1.7,1.26,2.8,56,11,28360.0,0,0.113,0.0,35.0,1,0.0,0,0,0.0,-1,-1,-1,-1,0.0,0.0
2026-02-15T21:00,0.0,0.0,0.0,0.0,-2.6,1.64,2.4,70,25,28320.0,0,0.113,0.0,35.0,1,0.0,1,0,0.0,-1,-1,-1,-1,0.0,0.0
2026-02-15T22:00,0.0,0.0,0.0,0.0,-3.3,1.87,3.1,70,35,28120.0,0,0.113,0.0,40.0,1,0.0,1,0,0.0,-1,-1,-1,-1,0.0,0.0
2026-02-15T23:00,0.0,0.0,0.0,0.0,-3.5,2.01,3.3,76,1,28080.0,0,0.113,0.0,45.0,1,0.0,0,0,0.0,-1,-1,-1,-1,0.0,0.0
2026-02-16T00:00,0.0,0.0,0.0,0.0,-4.2,2.23,3.5,70,2,28060.0,0,0.113,0.0,50.0,1,0.0,0,0,0.0,-1,-1,-1,-1,0.0,0.0
2026-02-16T01:00,0.0,0.0,0.0,0.0,-4.6,2.4,4.4,78,0,27780.0,0,0.113,0.0,55.0,1,0.0,0,0,0.0,-1,-1,-1,-1,0.0,0.0
2026-02-16T02:00,0.0,0.0,0.0,0.0,-3.4,2.43,4.4,81,38,28000.0,1,0.113,0.0,55.0,1,0.0,1,0,0.0,-1,-1,-1,-1,0.0,0.0
2026-02-16T03:00,0.0,0.0,0.0,0.0,-0.2,2.78,5.3,76,2,28140.0,1,0.113,0.0,85.0,1,0.0,0,0,0.0,-1,-1,-1,-1,0.0,0.0
2026-02-16T04:00,0.0,0.0,0.0,0.0,3.1,1.93,5.2,73,21,28260.0,1,0.113,0.0,175.0,1,0.0,1,0,0.0,-1,-1,-1,-1,0.0,0.0
2026-02-16T05:00,0.0,0.0,0.0,0.0,5.0,1.07,5.0,101,18,28460.0,1,0.113,0.0,590.0,1,0.0,0,0,0.0,-1,-1,-1,-1,0.0,0.0
2026-02-16T06:00,0.0,0.0,0.0,0.0,5.8,1.56,4.3,173,80,28440.0,1,0.113,0.0,845.0,1,0.0,3,0,0.0,-1,-1,-1,-1,0.0,0.0
2026-02-16T07:00,0.0,0.0,0.0,0.0,6.4,2.21,5.4,193,70,28480.0,1,0.113,0.0,965.0,1,0.0,2,0,0.0,-1,-1,-1,-1,0.0,0.0
2026-02-16T08:00,0.0,0.0,0.0,0.0,6.9,1.77,5.5,223,66,28440.0,1,0.113,0.0,1100.0,1,0.0,2,0,0.0,-1,-1,-1,-1,0.0,0.0
2026-02-16T09:00,0.0,0.0,0.0,0.0,7.0,1.5,4.9,244,100,28420.0,1,0.113,0.0,1310.0,1,0.0,3,0,0.0,-1,-1,-1,-1,0.0,0.0
2026-02-16T10:00,0.0,0.0,0.0,0.0,6.5,1.3,4.1,272,100,28380.0,1,0.113,0.0,1205.0,1,0.0,3,0,0.0,-1,-1,-1,-1,0.0,0.0
2026-02-16T11:00,0.0,0.0,0.0,0.0,3.9,1.13,2.6,311,98,28300.0,1,0.113,0.0,65.0,1,0.0,3,0,0.0,-1,-1,-1,-1,0.0,0.0
2026-02-16T12:00,0.0,0.0,0.0,0.0,2.7,0.21,1.7,14,77,28280.0,0,0.113,0.0,15.0,1,0.0,2,0,0.0,-1,-1,-1,-1,0.0,0.0
2026-02-16T13:00,0.0,0.0,0.0,0.0,1.8,0.41,0.8,346,40,28240.0,0,0.113,0.0,20.0,1,0.0,1,0,0.0,-1,-1,-1,-1,0.0,0.0
2026-02-16T14:00,0.0,0.0,0.0,0.0,1.3,0.28,0.8,315,9,28220.0,0,0.113,0.0,15.0,1,0.0,0,0,0.0,-1,-1,-1,-1,0.0,0.0
2026-02-16T15:00,0.0,0.0,0.0,0.0,0.9,0.38,0.8,247,5,28180.0,0,0.113,0.0,20.0,1,0.0,0,0,0.0,-1,-1,-1,-1,0.0,0.0
2026-02-16T16:00,0.0,0.0,0.0,0.0,0.7,0.28,0.8,225,2,28160.0,0,0.113,0.0,15.0,1,0.0,0,0,0.0,-1,-1,-1,-1,0.0,0.0
2026-02-16T17:00,0.0,0.0,0.0,0.0,0.3,0.45,0.8,27,0,27900.0,0,0.113,0.0,35.0,1,0.0,0,0,0.0,-1,-1,-1,-1,0.0,0.0
2026-02-16T18:00,0.0,0.0,0.0,0.0,-0.4,1.08,1.6,56,21,27880.0,0,0.113,0.0,35.0,1,0.0,1,0,0.0,-1,-1,-1,-1,0.0,0.0
2026-02-16T19:00,0.0,0.0,0.0,0.0,-2.2,1.14,1.8,75,14,27840.0,0,0.113,0.0,25.0,1,0.0,0,0,0.0,-1,-1,-1,-1,0.0,0.0
2026-02-16T20:00,0.0,0.0,0.0,0.0,-3.5,1.6,2.8,70,2,27680.0,0,0.113,0.0,30.0,1,0.0,0,0,0.0,-1,-1,-1,-1,0.0,0.0
2026-02-16T21:00,0.0,0.0,0.0,0.0,-4.1,1.69,2.9,78,0,27640.0,0,0.113,0.0,30.0,1,0.0,0,0,0.0,-1,-1,-1,-1,0.0,0.0
2026-02-16T22:00,0.0,0.0,0.0,0.0,-4.5,1.64,3.0,78,0,27620.0,0,0.113,0.0,30.0,1,0.0,0,0,0.0,-1,-1,-1,-1,0.0,0.0
2026-02-16T23:00,0.0,0.0,0.0,0.0,-4.9,1.49,2.8,76,16,27420.0,0,0.113,0.0,30.0,1,0.0,0,0,0.0,-1,-1,-1,-1,0.0,0.0
2026-02-17T00:00,0.0,0.0,0.0,0.0,-4.4,1.68,2.4,60,16,27560.0,0,0.113,0.0,35.0,1,0.0,0,0,0.0,-1,-1,-1,-1,0.0,0.0
2026-02-17T01:00,0.0,0.0,0.0,0.0,-4.9,1.71,3.0,52,9,27540.0,0,0.113,0.0,35.0,1,0.0,0,0,0.0,-1,-1,-1,-1,0.0,0.0
2026-02-17T02:00,0.0,0.0,0.0,0.0,-3.6,1.34,2.7,63,48,27500.0,1,0.113,0.0,30.0,1,0.0,1,0,0.0,-1,-1,-1,-1,0.0,0.0
2026-02-17T03:00,0.0,0.0,0.0,0.0,0.2,2.21,4.3,65,66,27620.0,1,0.113,0.0,55.0,1,0.0,2,0,0.0,-1,-1,-1,-1,0.0,0.0
2026-02-17T04:00,0.0,0.0,0.0,0.0,3.3,1.79,4.7,60,88,27820.0,1,0.113,0.0,215.0,1,0.0,3,0,0.0,-1,-1,-1,-1,0.0,0.0
2026-02-17T05:00,0.0,0.0,0.0,0.0,4.9,1.06,4.7,49,99,27800.0,1,0.113,0.0,405.0,1,0.0,3,0,0.0,-1,-1,-1,-1,0.0,0.0
2026-02-17T06:00,0.0,0.0,0.0,0.0,6.1,0.88,4.1,313,100,27760.0,1,0.113,0.0,680.0,1,0.0,3,0,0.0,-1,-1,-1,-1,0.0,0.0
2026-02-17T07:00,0.0,0.0,0.0,0.0,7.1,1.5,4.8,285,99,27740.0,1,0.113,0.0,865.0,1,0.0,3,0,0.0,-1,-1,-1,-1,0.0,0.0
2026-02-17T08:00,0.0,0.0,0.0,0.0,7.5,2.33,5.8,285,95,27760.0,1,0.113,0.0,915.0,1,0.0,3,0,0.0,-1,-1,-1,-1,0.0,0.0
2026-02-17T09:00,0.0,0.0,0.0,0.0,7.6,2.52,6.2,284,96,27740.0,1,0.113,0.0,885.0,1,0.0,3,0,0.0,-1,-1,-1,-1,0.0,0.0
2026-02-17T10:00,0.0,0.0,0.0,0.0,7.1,2.01,5.9,276,96,27720.0,1,0.113,0.0,760.0,1,0.0,3,0,0.0,-1,-1,-1,-1,0.0,0.0
2026-02-17T11:00,0.0,0.0,0.0,0.0,5.1,0.93,4.3,324,74,27620.0,1,0.113,0.0,80.0,1,0.0,2,0,0.0,-1,-1,-1,-1,0.0,0.0
2026-02-17T12:00,0.0,0.0,0.0,0.0,3.8,0.38,1.7,293,99,27600.0,0,0.113,0.0,25.0,1,0.0,3,0,0.0,-1,-1,-1,-1,0.0,0.0
2026-02-17T13:00,0.0,0.0,0.0,0.0,3.1,0.7,1.0,4,57,27580.0,0,0.113,0.0,55.0,1,0.0,2,0,0.0,-1,-1,-1,-1,0.0,0.0
2026-02-17T14:00,0.0,0.0,0.0,0.0,2.3,1.01,1.5,351,88,27540.0,0,0.113,0.0,85.0,1,0.0,3,0,0.0,-1,-1,-1,-1,0.0,0.0
2026-02-17T15:00,0.0,0.0,0.0,0.0,2.4,0.76,1.5,349,62,27520.0,0,0.113,0.0,65.0,1,0.0,2,0,0.0,-1,-1,-1,-1,0.0,0.0
2026-02-17T16:00,0.0,0.0,0.0,0.0,2.2,0.16,1.2,72,8,27500.0,0,0.113,0.0,15.0,1,0.0,0,0,0.0,-1,-1,-1,-1,0.0,0.0
2026-02-17T17:00,0.0,0.0,0.0,0.0,1.2,0.21,0.5,104,0,27240.0,0,0.113,0.0,20.0,1,0.0,0,0,0.0,-1,-1,-1,-1,0.0,0.0
2026-02-17T18:00,0.0,0.0,0.0,0.0,0.9,0.35,1.1,82,0,27220.0,0,0.113,0.0,20.0,1,0.0,0,0,0.0,-1,-1,-1,-1,0.0,0.0
2026-02-17T19:00,0.0,0.0,0.0,0.0,-0.4,0.6,1.1,90,0,27180.0,0,0.113,0.0,20.0,1,0.0,0,0,0.0,-1,-1,-1,-1,0.0,0.0
2026-02-17T20:00,0.0,0.0,0.0,0.0,-1.3,0.6,1.1,95,0,27160.0,0,0.113,0.0,15.0,1,0.0,0,0,0.0,-1,-1,-1,-1,0.0,0.0
2026-02-17T21:00,0.0,0.0,0.0,0.0,-1.7,0.36,1.0,106,0,27000.0,0,0.113,0.0,15.0,1,0.0,0,0,0.0,-1,-1,-1,-1,0.0,0.0
2026-02-17T22:00,0.0,0.0,0.0,0.0,-1.6,0.07,0.7,135,0,26980.0,0,0.113,0.0,10.0,1,0.0,0,0,0.0,-1,-1,-1,-1,0.0,0.0
2026-02-17T23:00,0.0,0.0,0.0,0.0,-1.4,0.11,0.3,117,0,26960.0,0,0.113,0.0,10.0,1,0.0,0,0,0.0,-1,-1,-1,-1,0.0,0.0
2026-02-18T00:00,0.0,0.0,0.0,0.0,-1.3,0.41,0.4,346,0,27060.0,0,0.113,0.0,20.0,1,0.0,0,0,0.0,-1,-1,-1,-1,0.0,0.0
2026-02-18T01:00,0.0,0.0,0.0,0.0,-2.3,0.32,0.8,231,0,26900.0,0,0.113,0.0,15.0,1,0.0,0,0,0.0,-1,-1,-1,-1,0.0,0.0
2026-02-18T02:00,0.0,0.0,0.0,0.0,-2.1,0.11,0.6,153,0,26860.0,1,0.113,0.0,10.0,1,0.0,0,0,0.0,-1,-1,-1,-1,0.0,0.0
2026-02-18T03:00,0.0,0.0,0.0,0.0,0.5,0.99,2.7,131,0,26980.0,1,0.113,0.0,45.0,1,0.0,0,0,0.0,-1,-1,-1,-1,0.0,0.0
2026-02-18T04:00,0.0,0.0,0.0,0.0,3.0,0.4,3.0,150,0,26940.0,1,0.113,0.0,180.0,1,0.0,0,0,0.0,-1,-1,-1,-1,0.0,0.0
2026-02-18T05:00,0.0,0.0,0.0,0.0,5.0,0.98,3.8,246,3,27140.0,1,0.113,0.0,330.0,1,0.0,0,0,0.0,-1,-1,-1,-1,0.0,0.0
2026-02-18T06:00,0.0,0.0,0.0,0.0,6.9,2.26,5.3,265,3,27120.0,1,0.113,0.0,570.0,1,0.0,0,0,0.0,-1,-1,-1,-1,0.0,0.0
2026-02-18T07:00,0.0,0.0,0.0,0.0,8.7,3.08,7.0,263,3,27140.0,1,0.113,0.0,845.0,1,0.0,0,0,0.0,-1,-1,-1,-1,0.0,0.0
2026-02-18T08:00,0.0,0.0,0.0,0.0,9.5,3.89,8.1,257,2,27120.0,1,0.113,0.0,935.0,1,0.0,0,0,0.0,-1,-1,-1,-1,0.0,0.0
2026-02-18T09:00,0.0,0.0,0.0,0.0,9.3,4.12,8.4,256,0,27100.0,1,0.113,0.0,930.0,1,0.0,0,0,0.0,-1,-1,-1,-1,0.0,0.0
2026-02-18T10:00,0.0,0.0,0.0,0.0,8.8,3.57,8.1,255,0,27060.0,1,0.113,0.0,945.0,1,0.0,0,0,0.0,-1,-1,-1,-1,0.0,0.0
2026-02-18T11:00,0.0,0.0,0.0,0.0,5.7,1.94,6.5,252,0,26980.0,1,0.113,0.0,245.0,1,0.0,0,0,0.0,-1,-1,-1,-1,0.0,0.0
2026-02-18T12:00,0.0,0.0,0.0,0.0,2.2,1.86,2.7,234,0,26960.0,0,0.113,0.0,60.0,1,0.0,0,0,0.0,-1,-1,-1,-1,0.0,0.0
2026-02-18T13:00,0.0,0.0,0.0,0.0,1.3,1.21,2.5,218,0,26720.0,0,0.113,0.0,40.0,1,0.0,0,0,0.0,-1,-1,-1,-1,0.0,0.0
2026-02-18T14:00,0.0,0.0,0.0,0.0,0.7,0.87,1.7,193,0,26700.0,0,0.113,0.0,30.0,1,0.0,0,0,0.0,-1,-1,-1,-1,0.0,0.0
2026-02-18T15:00,0.0,0.0,0.0,0.0,0.0,1.01,1.4,189,0,26660.0,0,0.113,0.0,30.0,1,0.0,0,0,0.0,-1,-1,-1,-1,0.0,0.0
2026-02-18T16:00,0.0,0.0,0.0,0.0,-0.5,1.15,1.6,180,6,26640.0,0,0.113,0.0,35.0,1,0.0,0,0,0.0,-1,-1,-1,-1,0.0,0.0
2026-02-18T17:00,0.0,0.0,0.0,0.0,-0.5,0.72,1.6,205,14,26620.0,0,0.113,0.0,30.0,1,0.0,0,0,0.0,-1,-1,-1,-1,0.0,0.0
2026-02-18T18:00,0.0,0.0,0.0,0.0,-0.9,0.96,1.2,261,1,26460.0,0,0.113,0.0,40.0,1,0.0,0,0,0.0,-1,-1,-1,-1,0.0,0.0
2026-02-18T19:00,0.0,0.0,0.0,0.0,-1.3,1.03,1.5,209,5,26440.0,0,0.113,0.0,45.0,1,0.0,0,0,0.0,-1,-1,-1,-1,0.0,0.0
2026-02-18T20:00,0.0,0.0,0.0,0.0,-2.0,1.2,1.8,197,2,26400.0,0,0.113,0.0,40.0,1,0.0,0,0,0.0,-1,-1,-1,-1,0.0,0.0
2026-02-18T21:00,0.0,0.0,0.0,0.0,-2.3,1.09,1.8,196,13,26380.0,0,0.113,0.0,35.0,1,0.0,0,0,0.0,-1,-1,-1,-1,0.0,0.0
2026-02-18T22:00,0.0,0.0,0.0,0.0,-2.5,0.86,1.6,190,0,26360.0,0,0.113,0.0,30.0,1,0.0,0,0,0.0,-1,-1,-1,-1,0.0,0.0
2026-02-18T23:00,0.0,0.0,0.0,0.0,-2.7,0.81,1.5,187,0,26340.0,0,0.113,0.0,30.0,1,0.0,0,0,0.0,-1,-1,-1,-1,0.0,0.0
2026-02-19T00:00,0.0,0.0,0.0,0.0,-3.1,0.92,1.9,193,9,26140.0,0,0.113,0.0,30.0,1,0.0,0,0,0.0,-1,-1,-1,-1,0.0,0.0
2026-02-19T01:00,0.0,0.0,0.0,0.0,-4.4,1.31,2.1,162,5,26120.0,0,0.113,0.0,35.0,1,0.0,0,0,0.0,-1,-1,-1,-1,0.0,0.0
2026-02-19T02:00,0.0,0.0,0.0,0.0,-3.1,1.55,2.7,159,1,26100.0,1,0.113,0.0,40.0,1,0.0,0,0,0.0,-1,-1,-1,-1,0.0,0.0
2026-02-19T03:00,0.0,0.0,0.0,0.0,-0.3,1.61,4.1,150,41,26240.0,1,0.113,0.0,110.0,1,0.0,1,0,0.0,-1,-1,-1,-1,0.0,0.0
2026-02-19T04:00,0.0,0.0,0.0,0.0,2.4,1.84,5.3,202,95,26340.0,1,0.113,0.0,275.0,1,0.0,3,0,0.0,-1,-1,-1,-1,0.0,0.0
2026-02-19T05:00,0.0,0.0,0.0,0.0,4.8,2.6,6.3,218,59,26520.0,1,0.113,0.0,440.0,1,0.0,2,0,0.0,-1,-1,-1,-1,0.0,0.0
2026-02-19T06:00,0.0,0.0,0.0,0.0,6.9,3.04,7.4,243,13,26500.0,1,0.113,0.0,680.0,1,0.0,0,0,0.0,-1,-1,-1,-1,0.0,0.0
2026-02-19T07:00,0.0,0.0,0.0,0.0,8.8,3.12,7.7,248,45,26480.0,1,0.113,0.0,875.0,1,0.0,1,0,0.0,-1,-1,-1,-1,0.0,0.0
2026-02-19T08:00,0.0,0.0,0.0,0.0,10.2,3.94,8.3,250,87,26500.0,1,0.113,0.0,1020.0,1,0.0,3,0,0.0,-1,-1,-1,-1,0.0,0.0
2026-02-19T09:00,0.0,0.0,0.0,0.0,10.9,4.81,9.2,249,90,26480.0,1,0.113,0.0,1090.0,1,0.0,3,0,0.0,-1,-1,-1,-1,0.0,0.0
2026-02-19T10:00,0.0,0.0,0.0,0.0,10.2,4.54,9.4,245,63,26460.0,1,0.113,0.0,980.0,1,0.0,2,0,0.0,-1,-1,-1,-1,0.0,0.0
2026-02-19T11:00,0.0,0.0,0.0,0.0,7.9,3.31,8.1,236,72,26380.0,1,0.113,0.0,555.0,1,0.0,2,0,0.0,-1,-1,-1,-1,0.0,0.0
2026-02-19T12:00,0.0,0.0,0.0,0.0,4.2,2.68,5.9,233,75,26360.0,0,0.113,0.0,190.0,1,0.0,2,0,0.0,-1,-1,-1,-1,0.0,0.0
2026-02-19T13:00,0.0,0.0,0.0,0.0,2.3,1.85,4.4,232,100,26120.0,0,0.113,0.0,85.0,1,0.0,3,0,0.0,-1,-1,-1,-1,0.0,0.0
2026-02-19T14:00,0.0,0.0,0.0,0.0,2.0,1.68,2.6,217,91,26080.0,0,0.113,0.0,65.0,1,0.0,3,0,0.0,-1,-1,-1,-1,0.0,0.0
2026-02-19T15:00,0.0,0.0,0.0,0.0,1.1,1.9,2.8,210,0,26060.0,0,0.113,0.0,70.0,1,0.0,0,0,0.0,-1,-1,-1,-1,0.0,0.0
2026-02-19T16:00,0.0,0.0,0.0,0.0,0.2,1.74,3.2,207,0,26040.0,0,0.113,0.0,60.0,1,0.0,0,0,0.0,-1,-1,-1,-1,0.0,0.0
2026-02-19T17:00,0.0,0.0,0.0,0.0,-0.2,1.7,2.6,220,0,26020.0,0,0.113,0.0,65.0,1,0.0,0,0,0.0,-1,-1,-1,-1,0.0,0.0
2026-02-19T18:00,0.0,0.0,0.0,0.0,-0.4,2.11,2.4,239,2,26000.0,0,0.113,0.0,130.0,1,0.0,0,0,0.0,-1,-1,-1,-1,0.0,0.0
2026-02-19T19:00,0.0,0.0,0.0,0.0,-1.0,1.82,3.2,217,8,25960.0,0,0.113,0.0,115.0,1,0.0,0,0,0.0,-1,-1,-1,-1,0.0,0.0
2026-02-19T20:00,0.0,0.0,0.0,0.0,-1.1,1.27,2.8,206,5,25820.0,0,0.113,0.0,55.0,1,0.0,0,0,0.0,-1,-1,-1,-1,0.0,0.0
2026-02-19T21:00,0.0,0.0,0.0,0.0,-1.3,1.03,1.9,209,0,25800.0,0,0.113,0.0,45.0,1,0.0,0,0,0.0,-1,-1,-1,-1,0.0,0.0
2026-02-19T22:00,0.0,0.0,0.0,0.0,-1.4,0.54,1.6,214,2,25780.0,0,0.113,0.0,25.0,1,0.0,0,0,0.0,-1,-1,-1,-1,0.0,0.0
2026-02-19T23:00,0.0,0.0,0.0,0.0,-1.3,0.07,1.0,135,1,25740.0,0,0.113,0.0,10.0,1,0.0,0,0,0.0,-1,-1,-1,-1,0.0,0.0
2026-02-20T00:00,0.0,0.0,0.0,0.0,-1.8,0.47,0.6,252,9,25560.0,0,0.113,0.0,95.0,1,0.0,0,0,0.0,-1,-1,-1,-1,0.0,0.0
2026-02-20T01:00,0.0,0.0,0.0,0.0,-2.5,0.68,0.9,144,2,25540.0,0,0.113,0.0,60.0,1,0.0,0,0,0.0,-1,-1,-1,-1,0.0,0.0
2026-02-20T02:00,0.0,0.0,0.0,0.0,-1.4,0.65,1.4,86,4,25520.0,1,0.113,0.0,35.0,1,0.0,0,0,0.0,-1,-1,-1,-1,0.0,0.0
2026-02-20T03:00,0.0,0.0,0.0,0.0,0.7,1.12,3.3,69,2,25640.0,1,0.113,0.0,130.0,1,0.0,0,0,0.0,-1,-1,-1,-1,0.0,0.0
2026-02-20T04:00,0.0,0.0,0.0,0.0,2.8,0.39,3.6,40,9,25760.0,1,0.113,0.0,230.0,1,0.0,0,0,0.0,-1,-1,-1,-1,0.0,0.0
2026-02-20T05:00,0.0,0.0,0.0,0.0,4.9,0.35,3.3,172,16,25720.0,1,0.113,0.0,315.0,1,0.0,0,0,0.0,-1,-1,-1,-1,0.0,0.0
2026-02-20T06:00,0.0,0.0,0.0,0.0,8.2,2.4,4.0,272,10,25900.0,1,0.11,0.0,435.0,1,0.0,0,0,0.0,-1,-1,-1,-1,0.0,0.0
2026-02-20T07:00,0.0,0.0,0.0,0.0,10.1,3.11,7.1,265,0,25940.0,1,0.11,0.0,580.0,1,0.0,0,0,0.0,-1,-1,-1,-1,0.0,0.0
2026-02-20T08:00,0.0,0.0,0.0,0.0,11.6,3.31,7.7,265,0,25920.0,1,0.11,0.0,555.0,1,0.0,0,0,0.0,-1,-1,-1,-1,0.0,0.0
2026-02-20T09:00,0.0,0.0,0.0,0.0,12.3,3.01,7.3,274,1,25900.0,1,0.11,0.0,540.0,1,0.0,0,0,0.0,-1,-1,-1,-1,0.0,0.0
2026-02-20T10:00,0.0,0.0,0.0,0.0,12.3,3.05,6.6,273,1,25860.0,1,0.11,0.0,500.0,1,0.0,0,0,0.0,-1,-1,-1,-1,0.0,0.0
2026-02-20T11:00,0.0,0.0,0.0,0.0,9.9,1.27,5.9,279,0,25840.0,1,0.11,0.0,305.0,1,0.0,0,0,0.0,-1,-1,-1,-1,0.0,0.0
2026-02-20T12:00,0.0,0.0,0.0,0.0,8.3,0.71,1.8,278,2,25820.0,0,0.114,0.0,120.0,1,0.0,0,0,0.0,-1,-1,-1,-1,0.0,0.0
2026-02-20T13:00,0.0,0.0,0.0,0.0,7.5,0.1,1.2,180,1,25740.0,0,0.114,0.0,10.0,1,0.0,0,0,0.0,-1,-1,-1,-1,0.0,0.0
2026-02-20T14:00,0.0,0.0,0.0,0.0,5.2,0.29,0.5,149,0,25720.0,0,0.114,0.0,10.0,1,0.0,0,0,0.0,-1,-1,-1,-1,0.0,0.0
2026-02-20T15:00,0.0,0.0,0.0,0.0,3.9,0.43,0.7,111,0,25700.0,0,0.114,0.0,15.0,1,0.0,0,0,0.0,-1,-1,-1,-1,0.0,0.0
2026-02-20T16:00,0.0,0.0,0.0,0.0,2.2,1.43,2.2,126,11,25460.0,0,0.114,0.0,30.0,1,0.0,0,0,0.0,-1,-1,-1,-1,0.0,0.0
2026-02-20T17:00,0.0,0.0,0.0,0.0,1.7,1.4,2.6,125,18,25440.0,0,0.114,0.0,20.0,1,0.0,0,0,0.0,-1,-1,-1,-1,0.0,0.0
2026-02-20T18:00,0.0,0.0,0.0,0.0,0.6,2.0,1.9,122,16,25420.0,0,0.114,0.0,30.0,1,0.0,0,0,0.0,-1,-1,-1,-1,0.0,0.0
2026-02-20T19:00,0.0,0.0,0.0,0.0,-0.5,1.43,2.8,102,0,25280.0,0,0.114,0.0,25.0,1,0.0,0,0,0.0,-1,-1,-1,-1,0.0,0.0
2026-02-20T20:00,0.0,0.0,0.0,0.0,-0.5,0.9,2.1,87,30,25260.0,0,0.114,0.0,15.0,1,0.0,1,0,0.0,-1,-1,-1,-1,0.0,0.0
2026-02-20T21:00,0.0,0.0,0.0,0.0,0.5,0.18,1.4,124,30,25360.0,0,0.114,0.0,10.0,1,0.0,1,0,0.0,-1,-1,-1,-1,0.0,0.0
2026-02-20T22:00,0.0,0.0,0.0,0.0,1.2,0.22,0.6,117,37,25320.0,0,0.114,0.0,10.0,1,0.0,1,0,0.0,-1,-1,-1,-1,0.0,0.0
2026-02-20T23:00,0.0,0.0,0.0,0.0,1.6,0.5,0.9,90,44,25520.0,0,0.114,0.0,15.0,1,0.0,1,0,0.0,-1,-1,-1,-1,0.0,0.0
2026-02-21T00:00,0.0,0.0,0.0,0.0,1.1,0.72,0.9,102,86,25280.0,0,0.114,0.0,20.0,1,0.0,3,0,0.0,-1,-1,-1,-1,0.0,0.0
2026-02-21T01:00,0.0,0.0,0.0,0.0,-0.3,0.49,1.1,114,66,25260.0,0,0.114,0.0,15.0,1,0.0,2,0,0.0,-1,-1,-1,-1,0.0,0.0
2026-02-21T02:00,0.0,0.0,0.0,0.0,0.8,0.45,0.9,153,59,25240.0,1,0.114,0.0,25.0,1,0.0,2,0,0.0,-1,-1,-1,-1,0.0,0.0
2026-02-21T03:00,0.0,0.0,0.0,0.0,4.1,0.72,1.8,214,23,25420.0,1,0.114,0.0,30.0,1,0.0,1,0,0.0,-1,-1,-1,-1,0.0,0.0
2026-02-21T04:00,0.0,0.0,0.0,0.0,7.1,0.45,2.7,243,58,25440.0,1,0.114,0.0,145.0,1,0.0,2,0,0.0,-1,-1,-1,-1,0.0,0.0
2026-02-21T05:00,0.0,0.0,0.0,0.0,9.4,0.6,3.1,175,100,25420.0,1,0.114,0.0,235.0,1,0.0,3,0,0.0,-1,-1,-1,-1,0.0,0.0
2026-02-21T06:00,0.0,0.0,0.0,0.0,11.0,0.86,4.1,144,99,25400.0,1,0.114,0.0,310.0,1,0.0,3,0,0.0,-1,-1,-1,-1,0.0,0.0
2026-02-21T07:00,0.0,0.0,0.0,0.0,12.6,0.82,4.0,166,100,25380.0,1,0.114,0.0,410.0,1,0.0,3,0,0.0,-1,-1,-1,-1,0.0,0.0
2026-02-21T08:00,0.0,0.0,0.0,0.0,13.3,0.95,3.8,177,99,25360.0,1,0.114,0.0,460.0,1,0.0,3,0,0.0,-1,-1,-1,-1,0.0,0.0
2026-02-21T09:00,0.0,0.0,0.0,0.0,13.5,0.63,3.7,209,100,25320.0,1,0.114,0.0,500.0,1,0.0,3,0,0.0,-1,-1,-1,-1,0.0,0.0
2026-02-21T10:00,0.0,0.0,0.0,0.0,13.0,0.55,2.9,275,99,25300.0,1,0.113,0.0,495.0,1,0.0,3,0,0.0,-1,-1,-1,-1,0.0,0.0
2026-02-21T11:00,0.0,0.0,0.0,0.0,10.7,0.05,1.9,360,100,25280.0,1,0.113,0.0,10.0,1,0.0,3,0,0.0,-1,-1,-1,-1,0.0,0.0
2026-02-21T12:00,0.0,0.0,0.0,0.0,9.1,0.11,0.8,117,100,25260.0,0,0.113,0.0,10.0,1,0.0,3,0,0.0,-1,-1,-1,-1,0.0,0.0
2026-02-21T13:00,0.0,0.0,0.0,0.0,7.2,0.55,0.9,95,100,25240.0,0,0.113,0.0,25.0,1,0.0,3,0,0.0,-1,-1,-1,-1,0.0,0.0
2026-02-21T14:00,0.0,0.0,0.0,0.0,5.6,1.35,1.8,94,100,25160.0,0,0.113,0.0,35.0,1,0.0,3,0,0.0,-1,-1,-1,-1,0.0,0.0
2026-02-21T15:00,0.0,0.0,0.0,0.0,5.1,1.6,2.4,90,100,25140.0,0,0.113,0.0,35.0,1,0.0,3,0,0.0,-1,-1,-1,-1,0.0,0.0
2026-02-21T16:00,0.0,0.0,0.0,0.0,4.2,1.8,2.6,90,100,25120.0,0,0.113,0.0,35.0,1,0.0,3,0,0.0,-1,-1,-1,-1,0.0,0.0
2026-02-21T17:00,0.0,0.0,0.0,0.0,3.0,2.38,3.8,80,100,24900.0,0,0.113,0.0,40.0,1,0.0,3,0,0.0,-1,-1,-1,-1,0.0,0.0
2026-02-21T18:00,0.0,0.0,0.0,0.0,4.2,3.51,5.7,93,100,24880.0,0,0.113,0.0,70.0,1,0.0,3,0,0.0,-1,-1,-1,-1,0.0,0.0
2026-02-21T19:00,0.0,0.0,0.0,0.0,5.3,3.07,6.4,60,100,25060.0,0,0.113,0.0,175.0,1,0.0,3,0,0.0,-1,-1,-1,-1,0.0,0.0
2026-02-21T20:00,0.0,0.0,0.0,0.0,4.9,3.05,5.5,30,100,25040.0,0,0.113,0.0,145.0,1,0.0,3,0,0.0,-1,-1,-1,-1,0.0,0.0
2026-02-21T21:00,0.0,0.0,0.0,0.0,3.4,2.4,5.6,36,100,25000.0,0,0.113,0.0,90.0,1,0.0,3,0,0.0,-1,-1,-1,-1,0.0,0.0
2026-02-21T22:00,0.0,0.0,0.0,0.0,2.9,2.44,4.1,46,100,24980.0,0,0.113,0.0,85.0,1,0.0,3,0,0.0,-1,-1,-1,-1,0.0,0.0
2026-02-21T23:00,0.0,0.0,0.0,0.0,3.3,1.95,4.1,42,100,24960.0,0,0.113,0.0,55.0,1,0.0,3,0,0.0,-1,-1,-1,-1,0.0,0.0
2026-02-22T00:00,0.0,0.0,0.0,0.0,3.0,1.16,2.9,83,100,24940.0,0,0.107,0.0,40.0,1,0.0,3,0,0.0,-1,-1,-1,-1,0.0,0.0
2026-02-22T01:00,0.0,0.0,0.0,0.0,3.8,0.49,1.6,225,100,24920.0,0,0.107,0.0,25.0,0,0.0,3,0,0.0,-1,-1,-1,-1,0.0,0.0
2026-02-22T02:00,0.0,0.0,0.0,0.0,4.3,0.18,1.2,304,100,24900.0,1,0.107,0.0,10.0,1,0.0,3,0,0.0,-1,-1,-1,-1,0.0,0.0
2026-02-22T03:00,0.0,0.0,0.0,0.0,6.0,1.07,2.1,349,100,24860.0,1,0.107,0.0,40.0,1,0.0,3,0,0.0,-1,-1,-1,-1,0.0,0.0
2026-02-22T04:00,0.0,0.0,0.0,0.0,8.9,1.45,4.0,360,5,24840.0,1,0.107,0.0,115.0,1,0.0,0,0,0.0,-1,-1,-1,-1,0.0,0.0
2026-02-22T05:00,0.0,0.0,0.0,0.0,11.5,1.11,4.3,36,5,24880.0,1,0.107,0.0,420.0,1,0.0,0,0,0.0,-1,-1,-1,-1,0.0,0.0
2026-02-22T06:00,0.0,0.0,0.0,0.0,12.4,0.57,4.4,135,0,24860.0,1,0.091,0.0,615.0,1,0.0,0,0,0.0,-1,-1,-1,-1,0.0,0.0
2026-02-22T07:00,0.0,0.0,0.0,0.0,13.8,1.96,5.2,186,0,24840.0,1,0.091,0.0,1070.0,1,0.0,0,0,0.0,-1,-1,-1,-1,0.0,0.0
2026-02-22T08:00,0.0,0.0,0.0,0.0,14.4,2.08,5.5,204,0,24840.0,1,0.091,0.0,1205.0,1,0.0,0,0,0.0,-1,-1,-1,-1,0.0,0.0
2026-02-22T09:00,0.0,0.0,0.0,0.0,14.5,1.97,5.3,210,0,24820.0,1,0.091,0.0,1285.0,1,0.0,0,0,0.0,-1,-1,-1,-1,0.0,0.0
2026-02-22T10:00,0.0,0.0,0.0,0.0,14.1,2.29,4.8,216,0,24800.0,1,0.091,0.0,1305.0,1,0.0,0,0,0.0,-1,-1,-1,-1,0.0,0.0
2026-02-22T11:00,0.0,0.0,0.0,0.0,11.8,1.41,4.5,197,0,24780.0,1,0.091,0.0,225.0,1,0.0,0,0,0.0,-1,-1,-1,-1,0.0,0.0
2026-02-22T12:00,0.0,0.0,0.0,0.0,8.1,1.36,2.8,174,0,24760.0,0,0.107,0.0,55.0,1,0.0,0,0,0.0,-1,-1,-1,-1,0.0,0.0
2026-02-22T13:00,0.0,0.0,0.0,0.0,6.0,1.71,2.1,122,27,24700.0,0,0.107,0.0,50.0,1,0.0,1,0,0.0,-1,-1,-1,-1,0.0,0.0
2026-02-22T14:00,0.0,0.0,0.0,0.0,4.5,1.72,2.3,120,41,24680.0,0,0.107,0.0,55.0,1,0.0,1,0,0.0,-1,-1,-1,-1,0.0,0.0
2026-02-22T15:00,0.0,0.0,0.0,0.0,3.9,0.79,2.3,108,28,24660.0,0,0.107,0.0,35.0,1,0.0,1,0,0.0,-1,-1,-1,-1,0.0,0.0
2026-02-22T16:00,0.0,0.0,0.0,0.0,3.4,0.45,1.2,84,48,24640.0,0,0.107,0.0,25.0,1,0.0,1,0,0.0,-1,-1,-1,-1,0.0,0.0
2026-02-22T17:00,0.0,0.0,0.0,0.0,3.0,0.21,0.9,45,2,24620.0,0,0.107,0.0,10.0,1,0.0,0,0,0.0,-1,-1,-1,-1,0.0,0.0
2026-02-22T18:00,0.0,0.0,0.0,0.0,2.5,0.4,0.7,30,0,24540.0,0,0.107,0.0,15.0,1,0.0,0,0,0.0,-1,-1,-1,-1,0.0,0.0
2026-02-22T19:00,0.0,0.0,0.0,0.0,2.0,0.47,0.9,58,2,24520.0,0,0.107,0.0,15.0,1,0.0,0,0,0.0,-1,-1,-1,-1,0.0,0.0
2026-02-22T20:00,0.0,0.0,0.0,0.0,1.3,0.65,1.0,86,14,24500.0,0,0.107,0.0,15.0,1,0.0,0,0,0.0,-1,-1,-1,-1,0.0,0.0
2026-02-22T21:00,0.0,0.0,0.0,0.0,0.3,0.9,1.4,93,46,24480.0,0,0.107,0.0,20.0,1,0.0,1,0,0.0,-1,-1,-1,-1,0.0,0.0
2026-02-22T22:00,0.0,0.0,0.0,0.0,-0.5,1.1,1.8,93,84,24460.0,0,0.107,0.0,20.0,1,0.0,3,0,0.0,-1,-1,-1,-1,0.0,0.0
2026-02-22T23:00,0.0,0.0,0.0,0.0,-1.0,1.15,2.2,88,95,24440.0,0,0.107,0.0,20.0,1,0.0,3,0,0.0,-1,-1,-1,-1,0.0,0.0
2026-02-23T00:00,0.0,0.0,0.0,0.0,-0.7,1.61,2.0,95,99,24420.0,0,0.107,0.0,25.0,1,0.0,3,0,0.0,-1,-1,-1,-1,0.0,0.0
2026-02-23T01:00,0.0,0.0,0.0,0.0,-1.7,1.5,3.1,92,56,24400.0,0,0.107,0.0,30.0,1,0.0,2,0,0.0,-1,-1,-1,-1,0.0,0.0
2026-02-23T02:00,0.0,0.0,0.0,0.0,0.3,1.12,2.6,69,100,24380.0,1,0.107,0.0,30.0,1,0.0,3,0,0.0,-1,-1,-1,-1,0.0,0.0
2026-02-23T03:00,0.0,0.0,0.0,0.0,3.1,1.49,3.5,48,78,24400.0,1,0.107,0.0,45.0,1,0.0,2,0,0.0,-1,-1,-1,-1,0.0,0.0
2026-02-23T04:00,0.0,0.0,0.0,0.0,6.2,1.28,4.0,39,46,24380.0,1,0.107,0.0,140.0,1,0.0,1,0,0.0,-1,-1,-1,-1,0.0,0.0
2026-02-23T05:00,0.0,0.0,0.0,0.0,8.3,0.67,4.1,13,13,24380.0,1,0.107,0.0,355.0,1,0.0,0,0,0.0,-1,-1,-1,-1,0.0,0.0
2026-02-23T06:00,0.0,0.0,0.0,0.0,10.5,1.25,3.6,247,11,24360.0,1,0.103,0.0,595.0,1,0.0,0,0,0.0,-1,-1,-1,-1,0.0,0.0
2026-02-23T07:00,0.0,0.0,0.0,0.0,11.8,1.69,4.9,236,19,24340.0,1,0.103,0.0,675.0,1,0.0,0,0,0.0,-1,-1,-1,-1,0.0,0.0
2026-02-23T08:00,0.0,0.0,0.0,0.0,12.3,1.77,5.0,241,32,24320.0,1,0.103,0.0,700.0,1,0.0,1,0,0.0,-1,-1,-1,-1,0.0,0.0
2026-02-23T09:00,0.0,0.0,0.0,0.0,12.4,1.64,5.0,239,80,24300.0,1,0.103,0.0,640.0,1,0.0,3,0,0.0,-1,-1,-1,-1,0.0,0.0
2026-02-23T10:00,0.0,0.0,0.0,0.0,12.1,1.52,4.4,221,59,24280.0,1,0.104,0.0,500.0,1,0.0,2,0,0.0,-1,-1,-1,-1,0.0,0.0
2026-02-23T11:00,0.0,0.0,0.0,0.0,9.3,1.05,3.3,175,80,24260.0,1,0.104,0.0,85.0,1,0.0,3,0,0.0,-1,-1,-1,-1,0.0,0.0
2026-02-23T12:00,0.0,0.0,0.0,0.0,6.8,0.67,1.4,167,49,24200.0,0,0.108,0.0,25.0,1,0.0,1,0,0.0,-1,-1,-1,-1,0.0,0.0
2026-02-23T13:00,0.0,0.0,0.0,0.0,5.7,0.27,0.8,112,94,24180.0,0,0.108,0.0,10.0,1,0.0,3,0,0.0,-1,-1,-1,-1,0.0,0.0
2026-02-23T14:00,0.0,0.0,0.0,0.0,5.0,0.27,0.6,112,70,24160.0,0,0.108,0.0,10.0,1,0.0,2,0,0.0,-1,-1,-1,-1,0.0,0.0
2026-02-23T15:00,0.0,0.0,0.0,0.0,4.2,0.11,0.6,117,58,24140.0,0,0.108,0.0,10.0,1,0.0,2,0,0.0,-1,-1,-1,-1,0.0,0.0
2026-02-23T16:00,0.0,0.0,0.0,0.0,3.6,0.21,0.6,104,76,24120.0,0,0.108,0.0,15.0,1,0.0,2,0,0.0,-1,-1,-1,-1,0.0,0.0
2026-02-23T17:00,0.0,0.0,0.0,0.0,3.1,0.22,0.6,117,75,24060.0,0,0.108,0.0,10.0,1,0.0,2,0,0.0,-1,-1,-1,-1,0.0,0.0
2026-02-23T18:00,0.0,0.0,0.0,0.0,3.0,0.29,0.5,121,27,24080.0,0,0.108,0.0,15.0,0,0.0,1,0,0.0,-1,-1,-1,-1,0.0,0.0
2026-02-23T19:00,0.0,0.0,0.0,0.0,1.6,0.81,1.2,133,58,24020.0,0,0.108,0.0,30.0,1,0.0,2,0,0.0,-1,-1,-1,-1,0.0,0.0
2026-02-23T20:00,0.0,0.0,0.0,0.0,1.5,0.46,1.3,131,92,24000.0,0,0.108,0.0,25.0,1,0.0,3,0,0.0,-1,-1,-1,-1,0.0,0.0
2026-02-23T21:00,0.0,0.0,0.0,0.0,1.9,0.25,0.8,101,88,23980.0,0,0.108,0.0,30.0,1,0.0,3,0,0.0,-1,-1,-1,-1,0.0,0.0
2026-02-23T22:00,0.0,0.0,0.0,0.0,2.0,0.25,0.5,90,94,23960.0,0,0.108,0.0,30.0,1,0.0,3,0,0.0,-1,-1,-1,-1,0.0,0.0
2026-02-23T23:00,0.0,0.0,0.0,0.0,2.4,0.25,0.7,53,54,23940.0,0,0.108,0.0,35.0,1,0.0,2,0,0.0,-1,-1,-1,-1,0.0,0.0
2026-02-24T00:00,0.0,0.0,0.0,0.0,1.3,1.15,0.7,88,16,23920.0,0,0.108,0.0,30.0,1,0.0,0,0,0.0,-1,-1,-1,-1,0.0,0.0
2026-02-24T01:00,0.0,0.0,0.0,0.0,1.7,0.36,1.7,56,30,23900.0,1,0.108,0.0,20.0,1,0.0,1,0,0.0,-1,-1,-1,-1,0.0,0.0
2026-02-24T02:00,0.0,0.0,0.0,0.0,3.1,0.8,1.3,90,63,23880.0,1,0.108,0.0,25.0,1,0.0,2,0,0.0,-1,-1,-1,-1,0.0,0.0
2026-02-24T03:00,0.0,0.0,0.0,0.0,6.2,0.7,2.0,21,37,23900.0,1,0.108,0.0,15.0,1,0.0,1,0,0.0,-1,-1,-1,-1,0.0,0.0
2026-02-24T04:00,0.0,0.0,0.0,0.0,9.6,0.73,3.0,286,16,23880.0,1,0.108,0.0,105.0,1,0.0,0,0,0.0,-1,-1,-1,-1,0.0,0.0
2026-02-24T05:00,0.0,0.0,0.0,0.0,11.5,0.83,3.7,295,99,23860.0,1,0.108,0.0,340.0,1,0.0,3,0,0.0,-1,-1,-1,-1,0.0,0.0
2026-02-24T06:00,0.0,0.0,0.0,0.0,13.5,0.2,3.7,270,76,23860.0,1,0.108,0.0,500.0,1,0.0,2,0,0.0,-1,-1,-1,-1,0.0,0.0
2026-02-24T07:00,0.0,0.0,0.0,0.0,15.0,0.1,3.1,360,1,23840.0,1,0.108,0.0,1030.0,1,0.0,0,0,0.0,-1,-1,-1,-1,0.0,0.0
2026-02-24T08:00,0.0,0.0,0.0,0.0,15.6,0.32,3.2,51,0,23820.0,1,0.108,0.0,1425.0,1,0.0,0,0,0.0,-1,-1,-1,-1,0.0,0.0
2026-02-24T09:00,0.0,0.0,0.0,0.0,15.6,1.03,3.9,43,18,23800.0,1,0.108,0.0,1415.0,1,0.0,0,0,0.0,-1,-1,-1,-1,0.0,0.0
2026-02-24T10:00,0.0,0.0,0.0,0.0,15.1,1.23,3.9,69,35,23780.0,1,0.108,0.0,1095.0,1,0.0,1,0,0.0,-1,-1,-1,-1,0.0,0.0
2026-02-24T11:00,0.0,0.0,0.0,0.0,11.9,1.66,3.2,74,3,23760.0,1,0.108,0.0,145.0,1,0.0,0,0,0.0,-1,-1,-1,-1,0.0,0.0
2026-02-24T12:00,0.0,0.0,0.0,0.0,10.3,1.0,4.4,37,34,23740.0,0,0.109,0.0,40.0,1,0.0,1,0,0.0,-1,-1,-1,-1,0.0,0.0
2026-02-24T13:00,0.0,0.0,0.0,0.0,8.5,3.79,6.1,59,100,23700.0,0,0.109,0.0,190.0,1,0.0,3,0,0.0,-1,-1,-1,-1,0.0,0.0
2026-02-24T14:00,0.0,0.0,0.0,0.0,7.8,5.86,10.5,40,99,23680.0,0,0.109,0.0,310.0,1,0.0,3,0,0.0,-1,-1,-1,-1,0.0,0.0
2026-02-24T15:00,0.0,0.0,0.0,0.0,7.7,5.9,10.7,51,100,23660.0,0,0.109,0.0,330.0,1,0.0,3,0,0.0,-1,-1,-1,-1,0.0,0.0
2026-02-24T16:00,0.0,0.0,0.0,0.0,7.1,4.58,11.0,56,100,23640.0,0,0.109,0.0,215.0,1,0.0,3,0,0.0,-1,-1,-1,-1,0.0,0.0
2026-02-24T17:00,0.0,0.0,0.0,0.0,6.1,2.33,8.3,65,97,23620.0,0,0.109,0.0,90.0,1,0.0,3,0,0.0,-1,-1,-1,-1,0.0,0.0
2026-02-24T18:00,0.0,0.0,0.0,0.0,3.5,1.8,4.2,77,87,23560.0,0,0.111,0.0,55.0,1,0.0,3,0,0.0,-1,-1,-1,-1,0.0,0.0
2026-02-24T19:00,0.0,0.0,0.0,0.0,2.8,2.11,3.7,83,84,23540.0,0,0.111,0.0,65.0,1,0.0,3,0,0.0,-1,-1,-1,-1,0.0,0.0
2026-02-24T20:00,0.0,0.0,0.0,0.0,1.4,2.15,3.7,108,73,23520.0,0,0.111,0.0,70.0,1,0.0,2,0,0.0,-1,-1,-1,-1,0.0,0.0
2026-02-24T21:00,0.0,0.0,0.0,0.0,0.7,1.52,3.3,99,80,23500.0,0,0.111,0.0,70.0,1,0.0,3,0,0.0,-1,-1,-1,-1,0.0,0.0
2026-02-24T22:00,0.0,0.0,0.0,0.0,-0.1,1.4,2.1,92,73,23300.0,0,0.111,0.0,50.0,1,0.0,2,0,0.0,-1,-1,-1,-1,0.0,0.0
2026-02-24T23:00,0.0,0.0,0.0,0.0,0.0,0.62,1.9,76,96,23280.0,0,0.111,0.0,25.0,1,0.0,3,0,0.0,-1,-1,-1,-1,0.0,0.0
2026-02-25T00:00,0.0,0.0,0.0,0.0,-0.3,2.82,1.6,73,100,23240.0,0,0.109,0.0,95.0,1,0.0,3,0,0.0,-1,-1,-1,-1,0.0,0.0
2026-02-25T01:00,0.0,0.0,0.0,0.0,1.1,3.87,6.8,63,96,23460.0,1,0.109,0.0,225.0,1,0.0,3,0,0.0,-1,-1,-1,-1,0.0,0.0
2026-02-25T02:00,0.0,0.0,0.0,0.0,2.3,4.84,8.5,60,95,23440.0,1,0.109,0.0,320.0,1,0.0,3,0,0.0,-1,-1,-1,-1,0.0,0.0
2026-02-25T03:00,0.0,0.0,0.0,0.0,4.1,4.82,9.1,59,50,23420.0,1,0.109,0.0,410.0,1,0.0,2,0,0.0,-1,-1,-1,-1,0.0,0.0
2026-02-25T04:00,0.0,0.0,0.0,0.0,5.4,5.7,11.2,52,43,23420.0,1,0.109,0.0,485.0,1,0.0,1,0,0.0,-1,-1,-1,-1,0.0,0.0
2026-02-25T05:00,0.0,0.0,0.0,0.0,6.4,5.91,11.8,48,13,23400.0,1,0.109,0.0,530.0,1,0.0,0,0,0.0,-1,-1,-1,-1,0.0,0.0
2026-02-25T06:00,0.0,0.0,0.0,0.0,8.3,4.06,12.0,52,22,23400.0,1,0.109,0.0,710.0,1,0.0,1,0,0.0,-1,-1,-1,-1,0.0,0.0
2026-02-25T07:00,0.0,0.0,0.0,0.0,9.1,4.44,9.6,56,7,23380.0,1,0.109,0.0,850.0,1,0.0,0,0,0.0,-1,-1,-1,-1,0.0,0.0
2026-02-25T08:00,0.0,0.0,0.0,0.0,9.5,4.15,9.7,59,1,23360.0,1,0.109,0.0,1055.0,1,0.0,0,0,0.0,-1,-1,-1,-1,0.0,0.0
2026-02-25T09:00,0.0,0.0,0.0,0.0,9.6,3.71,9.0,63,2,23340.0,1,0.109,0.0,955.0,1,0.0,0,0,0.0,-1,-1,-1,-1,0.0,0.0
2026-02-25T10:00,0.0,0.0,0.0,0.0,9.3,3.22,8.1,66,37,23320.0,1,0.109,0.0,860.0,1,0.0,1,0,0.0,-1,-1,-1,-1,0.0,0.0
2026-02-25T11:00,0.0,0.0,0.0,0.0,8.2,2.86,6.8,74,47,23300.0,1,0.109,0.0,540.0,1,0.0,1,0,0.0,-1,-1,-1,-1,0.0,0.0
2026-02-25T12:00,0.0,0.0,0.0,0.0,5.5,3.01,5.5,58,88,23240.0,1,0.098,0.0,445.0,1,0.0,3,0,0.0,-1,-1,-1,-1,0.0,0.0
2026-02-25T13:00,0.0,0.0,0.0,0.0,4.2,3.48,6.2,58,81,23220.0,0,0.098,0.0,310.0,1,0.0,3,0,0.0,-1,-1,-1,-1,0.0,0.0
2026-02-25T14:00,0.0,0.0,0.0,0.0,3.4,3.83,6.7,57,38,23200.0,0,0.098,0.0,255.0,1,0.0,1,0,0.0,-1,-1,-1,-1,0.0,0.0
2026-02-25T15:00,0.0,0.0,0.0,0.0,2.8,4.21,7.4,53,7,23180.0,0,0.098,0.0,235.0,1,0.0,0,0,0.0,-1,-1,-1,-1,0.0,0.0
2026-02-25T16:00,0.0,0.0,0.0,0.0,2.5,4.17,7.6,56,25,23160.0,0,0.098,0.0,215.0,1,0.0,1,0,0.0,-1,-1,-1,-1,0.0,0.0
2026-02-25T17:00,0.0,0.0,0.0,0.0,1.7,3.83,7.4,61,0,23140.0,0,0.098,0.0,170.0,1,0.0,0,0,0.0,-1,-1,-1,-1,0.0,0.0
2026-02-25T18:00,0.0,0.0,0.0,0.0,0.1,2.75,6.8,63,0,23080.0,0,0.098,0.0,70.0,1,0.0,0,0,0.0,-1,-1,-1,-1,0.0,0.0
2026-02-25T19:00,0.0,0.0,0.0,0.0,-0.2,3.32,6.0,67,0,23060.0,0,0.098,0.0,105.0,1,0.0,0,0,0.0,-1,-1,-1,-1,0.0,0.0
2026-02-25T20:00,0.0,0.0,0.0,0.0,-0.5,2.83,6.0,73,3,23040.0,0,0.098,0.0,90.0,1,0.0,0,0,0.0,-1,-1,-1,-1,0.0,0.0
2026-02-25T21:00,0.0,0.0,0.0,0.0,-0.7,2.58,5.1,72,0,23020.0,0,0.098,0.0,80.0,1,0.0,0,0,0.0,-1,-1,-1,-1,0.0,0.0
2026-02-25T22:00,0.0,0.0,0.0,0.0,-1.4,2.06,4.6,72,0,23020.0,0,0.098,0.0,60.0,1,0.0,0,0,0.0,-1,-1,-1,-1,0.0,0.0
2026-02-25T23:00,0.0,0.0,0.0,0.0,-1.6,2.06,3.7,72,0,23000.0,0,0.098,0.0,65.0,1,0.0,0,0,0.0,-1,-1,-1,-1,0.0,0.0
2026-02-26T00:00,0.0,0.0,0.0,0.0,-2.5,1.91,4.1,70,39,22800.0,0,0.109,0.0,60.0,1,0.0,1,0,0.0,-1,-1,-1,-1,0.0,0.0
2026-02-26T01:00,0.0,0.0,0.0,0.0,-2.5,2.87,5.3,77,1,22780.0,1,0.109,0.0,95.0,1,0.0,0,0,0.0,-1,-1,-1,-1,0.0,0.0
2026-02-26T02:00,0.0,0.0,0.0,0.0,-0.9,3.14,5.5,68,0,22940.0,1,0.109,0.0,115.0,1,0.0,0,0,0.0,-1,-1,-1,-1,0.0,0.0
2026-02-26T03:00,0.0,0.0,0.0,0.0,1.8,2.17,5.6,61,0,22960.0,1,0.109,0.0,155.0,1,0.0,0,0,0.0,-1,-1,-1,-1,0.0,0.0
2026-02-26T04:00,0.0,0.0,0.0,0.0,4.1,1.98,5.2,45,0,22940.0,1,0.109,0.0,245.0,1,0.0,0,0,0.0,-1,-1,-1,-1,0.0,0.0
2026-02-26T05:00,0.0,0.0,0.0,0.0,5.9,1.66,5.3,44,19,22920.0,1,0.109,0.0,475.0,1,0.0,0,0,0.0,-1,-1,-1,-1,0.0,0.0
2026-02-26T06:00,0.0,0.0,0.0,0.0,7.1,0.58,5.1,301,83,22940.0,1,0.109,0.0,905.0,1,0.0,3,0,0.0,-1,-1,-1,-1,0.0,0.0
2026-02-26T07:00,0.0,0.0,0.0,0.0,8.3,1.92,5.3,263,4,22920.0,1,0.109,0.0,960.0,1,0.0,0,0,0.0,-1,-1,-1,-1,0.0,0.0
2026-02-26T08:00,0.0,0.0,0.0,0.0,8.6,2.62,6.5,262,90,22900.0,1,0.109,0.0,1045.0,1,0.0,3,0,0.0,-1,-1,-1,-1,0.0,0.0
2026-02-26T09:00,0.0,0.0,0.0,0.0,8.6,2.52,6.3,263,84,22880.0,1,0.109,0.0,1120.0,1,0.0,3,0,0.0,-1,-1,-1,-1,0.0,0.0
2026-02-26T10:00,0.0,0.0,0.0,0.0,8.0,2.66,5.9,265,10,22860.0,1,0.109,0.0,985.0,1,0.0,0,0,0.0,-1,-1,-1,-1,0.0,0.0
2026-02-26T11:00,0.0,0.0,0.0,0.0,5.1,1.11,5.2,288,12,22840.0,1,0.109,0.0,120.0,1,0.0,0,0,0.0,-1,-1,-1,-1,0.0,0.0
2026-02-26T12:00,0.0,0.0,0.0,0.0,4.3,0.0,1.6,270,100,22820.0,1,0.12,0.0,10.0,1,0.0,3,0,0.0,-1,-1,-1,-1,0.0,0.0
2026-02-26T13:00,0.0,0.0,0.0,0.0,3.6,0.21,0.5,45,100,22760.0,0,0.12,0.0,15.0,1,0.0,3,0,0.0,-1,-1,-1,-1,0.0,0.0
2026-02-26T14:00,0.0,0.0,0.0,0.0,3.0,0.71,2.0,51,100,22760.0,0,0.12,0.0,40.0,1,0.0,3,0,0.0,-1,-1,-1,-1,0.0,0.0
2026-02-26T15:00,0.0,0.0,0.0,0.0,3.2,0.32,1.2,309,100,22740.0,0,0.12,0.0,35.0,1,0.0,3,0,0.0,-1,-1,-1,-1,0.0,0.0
2026-02-26T16:00,0.0,0.0,0.0,0.0,1.1,0.32,0.9,231,100,22720.0,0,0.12,0.0,15.0,1,0.0,3,0,0.0,-1,-1,-1,-1,0.0,0.0
2026-02-26T17:00,0.0,0.0,0.0,0.0,-0.3,0.21,0.6,104,99,22700.0,0,0.12,0.0,10.0,1,0.0,3,0,0.0,-1,-1,-1,-1,0.0,0.0
2026-02-26T18:00,0.0,0.0,0.0,0.0,0.0,0.35,1.3,82,99,22680.0,0,0.12,0.0,20.0,1,0.0,3,0,0.0,-1,-1,-1,-1,0.0,0.0
2026-02-26T19:00,0.0,0.0,0.0,0.0,-0.2,0.18,0.6,124,100,22660.0,0,0.12,0.0,15.0,1,0.0,3,0,0.0,-1,-1,-1,-1,0.0,0.0
2026-02-26T20:00,0.0,0.0,0.0,0.0,0.6,0.15,0.5,90,100,22640.0,0,0.12,0.0,30.0,1,0.0,3,0,0.0,-1,-1,-1,-1,0.0,0.0
2026-02-26T21:00,0.0,0.0,0.0,0.0,0.1,0.32,0.6,72,100,22620.0,0,0.12,0.0,40.0,1,0.0,3,0,0.0,-1,-1,-1,-1,0.0,0.0
2026-02-26T22:00,0.0,0.0,0.0,0.0,0.1,2.01,3.4,86,100,22560.0,0,0.12,0.0,70.0,1,0.0,3,0,0.0,-1,-1,-1,-1,0.0,0.0
2026-02-26T23:00,0.0,0.0,0.0,0.0,-0.4,1.45,3.7,92,88,22540.0,0,0.12,0.0,70.0,1,0.0,3,0,0.0,-1,-1,-1,-1,0.0,0.0
2026-02-27T00:00,0.0,0.0,0.0,0.0,0.5,2.37,3.2,62,84,19820.0,0,0.12,0.0,75.0,1,0.0,3,0,0.0,-1,-1,-1,-1,0.0,0.0
2026-02-27T01:00,0.0,0.0,0.0,0.0,0.3,2.5,5.4,90,95,22500.0,1,0.12,0.0,80.0,1,0.0,3,0,0.0,-1,-1,-1,-1,0.0,0.0
2026-02-27T02:00,0.0,0.0,0.0,0.0,1.4,3.09,5.5,50,98,22480.0,1,0.12,0.0,120.0,1,0.0,3,0,0.0,-1,-1,-1,-1,0.0,0.0
2026-02-27T03:00,0.0,0.0,0.0,0.0,2.5,2.32,5.6,37,99,22460.0,1,0.12,0.0,115.0,1,0.0,3,0,0.0,-1,-1,-1,-1,0.0,0.0
2026-02-27T04:00,0.0,0.0,0.0,0.0,3.3,1.72,4.1,36,99,21280.0,1,0.12,0.0,85.0,1,0.0,3,0,0.0,-1,-1,-1,-1,0.0,0.0
2026-02-27T05:00,0.0,0.0,0.0,0.0,4.3,2.23,4.3,74,100,17920.0,1,0.12,0.0,140.0,1,0.0,3,0,0.0,-1,-1,-1,-1,0.0,0.0
2026-02-27T06:00,0.0,0.0,0.0,0.0,5.3,1.43,5.3,25,100,11000.0,1,0.12,0.0,200.0,1,0.0,3,0,0.0,-1,-1,-1,-1,0.0,0.0
2026-02-27T07:00,0.0,0.0,0.0,0.0,5.5,1.03,3.6,51,100,10940.0,1,0.121,0.0,200.0,1,0.0,3,0,0.0,-1,-1,-1,-1,0.0,0.0
2026-02-27T08:00,0.0,0.0,0.0,0.0,6.7,1.0,3.6,342,100,14720.0,1,0.121,0.0,315.0,1,0.0,3,0,0.0,-1,-1,-1,-1,0.0,0.0
2026-02-27T09:00,0.0,0.0,0.0,0.0,6.8,1.03,3.9,317,100,20840.0,1,0.121,0.0,360.0,1,0.0,3,0,0.0,-1,-1,-1,-1,0.0,0.0
2026-02-27T10:00,0.0,0.0,0.0,0.0,6.5,1.36,3.4,6,100,22340.0,1,0.121,0.0,240.0,1,0.0,3,0,0.0,-1,-1,-1,-1,0.0,0.0
2026-02-27T11:00,0.0,0.0,0.0,0.0,4.7,1.42,3.3,42,23,22160.0,1,0.121,0.0,85.0,1,0.0,1,0,0.0,-1,-1,-1,-1,0.0,0.0
2026-02-27T12:00,0.0,0.0,0.0,0.0,2.2,1.2,2.5,73,41,22340.0,1,0.12,0.0,35.0,1,0.0,1,0,0.0,-1,-1,-1,-1,0.0,0.0
2026-02-27T13:00,0.0,0.0,0.0,0.0,1.4,0.68,1.8,73,42,22300.0,0,0.12,0.0,20.0,1,0.0,1,0,0.0,-1,-1,-1,-1,0.0,0.0
2026-02-27T14:00,0.0,0.0,0.0,0.0,1.4,0.95,1.5,72,1,22320.0,0,0.12,0.0,25.0,1,0.0,0,0,0.0,-1,-1,-1,-1,0.0,0.0
2026-02-27T15:00,0.0,0.0,0.0,0.0,0.6,1.3,1.9,90,5,22260.0,0,0.12,0.0,30.0,1,0.0,0,0,0.0,-1,-1,-1,-1,0.0,0.0
2026-02-27T16:00,0.0,0.0,0.0,0.0,-0.6,1.86,3.2,66,0,22240.0,0,0.12,0.0,35.0,1,0.0,0,0,0.0,-1,-1,-1,-1,0.0,0.0
2026-02-27T17:00,0.0,0.0,0.0,0.0,-1.2,1.77,3.6,74,1,22060.0,0,0.12,0.0,35.0,1,0.0,0,0,0.0,-1,-1,-1,-1,0.0,0.0
2026-02-27T18:00,0.0,0.0,0.0,0.0,-0.7,1.91,2.9,84,5,22040.0,0,0.12,0.0,40.0,1,0.0,0,0,0.0,-1,-1,-1,-1,0.0,0.0
2026-02-27T19:00,0.0,0.0,0.0,0.0,-0.9,2.45,4.0,110,12,22180.0,0,0.12,0.0,85.0,1,0.0,0,0,0.0,-1,-1,-1,-1,0.0,0.0
2026-02-27T20:00,0.0,0.0,0.0,0.0,-1.8,1.88,4.0,119,0,22220.0,0,0.12,0.0,75.0,1,0.0,0,0,0.0,-1,-1,-1,-1,0.0,0.0
2026-02-27T21:00,0.0,0.0,0.0,0.0,-1.6,0.86,2.6,80,2,22200.0,0,0.12,0.0,35.0,1,0.0,0,0,0.0,-1,-1,-1,-1,0.0,0.0
2026-02-27T22:00,0.0,0.0,0.0,0.0,-1.3,0.43,1.3,54,69,22180.0,0,0.12,0.0,20.0,1,0.0,2,0,0.0,-1,-1,-1,-1,0.0,0.0
2026-02-27T23:00,0.0,0.0,0.0,0.0,-1.1,0.18,0.9,56,12,22160.0,0,0.12,0.0,15.0,1,0.0,0,0,0.0,-1,-1,-1,-1,0.0,0.0
2026-02-28T00:00,0.0,0.0,0.0,0.0,-2.2,0.76,0.6,79,25,22100.0,0,0.12,0.0,20.0,1,0.0,1,0,0.0,-1,-1,-1,-1,0.0,0.0
2026-02-28T01:00,0.0,0.0,0.0,0.0,-2.7,0.43,1.2,111,13,22080.0,1,0.12,0.0,15.0,1,0.0,0,0,0.0,-1,-1,-1,-1,0.0,0.0
2026-02-28T02:00,0.0,0.0,0.0,0.0,-1.8,1.02,1.6,101,21,22060.0,1,0.12,0.0,30.0,1,0.0,1,0,0.0,-1,-1,-1,-1,0.0,0.0
2026-02-28T03:00,0.0,0.0,0.0,0.0,1.3,1.1,3.3,51,20,22080.0,1,0.12,0.0,80.0,1,0.0,1,0,0.0,-1,-1,-1,-1,0.0,0.0
2026-02-28T04:00,0.0,0.0,0.0,0.0,3.8,0.25,3.4,360,54,22060.0,1,0.12,0.0,290.0,1,0.0,2,0,0.0,-1,-1,-1,-1,0.0,0.0
2026-02-28T05:00,0.0,0.0,0.0,0.0,5.5,0.47,3.6,302,48,22040.0,1,0.12,0.0,435.0,1,0.0,1,0,0.0,-1,-1,-1,-1,0.0,0.0
2026-02-28T06:00,0.0,0.0,0.0,0.0,6.9,1.45,4.0,266,38,22040.0,1,0.12,0.0,765.0,1,0.0,1,0,0.0,-1,-1,-1,-1,0.0,0.0
2026-02-28T07:00,0.0,0.0,0.0,0.0,8.2,2.33,5.9,255,48,22020.0,1,0.12,0.0,860.0,1,0.0,1,0,0.0,-1,-1,-1,-1,0.0,0.0
2026-02-28T08:00,0.0,0.0,0.0,0.0,8.6,3.1,6.9,249,40,22000.0,1,0.12,0.0,885.0,1,0.0,1,0,0.0,-1,-1,-1,-1,0.0,0.0
2026-02-28T09:00,0.0,0.0,0.0,0.0,8.5,2.77,7.0,257,95,21980.0,1,0.12,0.0,850.0,1,0.0,3,0,0.0,-1,-1,-1,-1,0.0,0.0
2026-02-28T10:00,0.0,0.0,0.0,0.0,8.1,2.44,6.0,239,72,21960.0,1,0.12,0.0,695.0,1,0.0,2,0,0.0,-1,-1,-1,-1,0.0,0.0
2026-02-28T11:00,0.0,0.0,0.0,0.0,5.5,0.83,4.6,213,0,21940.0,1,0.12,0.0,100.0,1,0.0,0,0,0.0,-1,-1,-1,-1,0.0,0.0
2026-02-28T12:00,0.0,0.0,0.0,0.0,2.8,0.05,1.2,90,0,21940.0,1,0.12,0.0,10.0,1,0.0,0,0,0.0,-1,-1,-1,-1,0.0,0.0
2026-02-28T13:00,0.0,0.0,0.0,0.0,1.8,0.14,0.5,135,1,21880.0,0,0.12,0.0,10.0,1,0.0,0,0,0.0,-1,-1,-1,-1,0.0,0.0
2026-02-28T14:00,0.0,0.0,0.0,0.0,0.2,0.88,1.2,133,1,21860.0,0,0.12,0.0,25.0,1,0.0,0,0,0.0,-1,-1,-1,-1,0.0,0.0
2026-02-28T15:00,0.0,0.0,0.0,0.0,-0.7,1.03,2.1,119,30,21840.0,0,0.12,0.0,20.0,1,0.0,1,0,0.0,-1,-1,-1,-1,0.0,0.0
2026-02-28T16:00,0.0,0.0,0.0,0.0,-0.5,0.75,1.9,86,2,21820.0,0,0.12,0.0,25.0,1,0.0,0,0,0.0,-1,-1,-1,-1,0.0,0.0
2026-02-28T17:00,0.0,0.0,0.0,0.0,-0.2,0.55,1.3,95,2,21800.0,0,0.12,0.0,20.0,1,0.0,0,0,0.0,-1,-1,-1,-1,0.0,0.0
2026-02-28T18:00,0.0,0.0,0.0,0.0,-0.4,1.6,1.8,90,0,21780.0,0,0.12,0.0,35.0,1,0.0,0,0,0.0,-1,-1,-1,-1,0.0,0.0
2026-02-28T19:00,0.0,0.0,0.0,0.0,-0.8,1.38,2.3,71,1,21780.0,0,0.12,0.0,40.0,1,0.0,0,0,0.0,-1,-1,-1,-1,0.0,0.0
2026-02-28T20:00,0.0,0.0,0.0,0.0,-1.9,2.05,3.0,56,0,21600.0,0,0.12,0.0,65.0,1,0.0,0,0,0.0,-1,-1,-1,-1,0.0,0.0
2026-02-28T21:00,0.0,0.0,0.0,0.0,-1.2,3.0,5.2,64,0,21580.0,0,0.12,0.0,95.0,1,0.0,0,0,0.0,-1,-1,-1,-1,0.0,0.0
2026-02-28T22:00,0.0,0.0,0.0,0.0,-1.1,3.09,5.7,67,1,21560.0,0,0.12,0.0,110.0,1,0.0,0,0,0.0,-1,-1,-1,-1,0.0,0.0
2026-02-28T23:00,0.0,0.0,0.0,0.0,-1.5,2.72,5.6,70,2,21540.0,0,0.12,0.0,105.0,1,0.0,0,0,0.0,-1,-1,-1,-1,0.0,0.0
2026-03-01T00:00,0.0,0.0,0.0,0.0,-3.3,2.45,5.0,78,0,21420.0,0,0.12,0.0,75.0,1,0.0,0,0,0.0,-1,-1,-1,-1,0.0,0.0
2026-03-01T01:00,0.0,0.0,0.0,0.0,-4.4,1.99,4.4,65,0,21280.0,1,0.12,0.0,60.0,1,0.0,0,0,0.0,-1,-1,-1,-1,0.0,0.0
2026-03-01T02:00,0.0,0.0,0.0,0.0,-2.4,2.43,4.2,53,0,21400.0,1,0.12,0.0,50.0,1,0.0,0,0,0.0,-1,-1,-1,-1,0.0,0.0
2026-03-01T03:00,0.0,0.0,0.0,0.0,1.6,1.82,5.0,32,0,21480.0,1,0.12,0.0,75.0,1,0.0,0,0,0.0,-1,-1,-1,-1,0.0,0.0
2026-03-01T04:00,0.0,0.0,0.0,0.0,5.1,1.31,4.1,72,0,21620.0,1,0.12,0.0,370.0,1,0.0,0,0,0.0,-1,-1,-1,-1,0.0,0.0
2026-03-01T05:00,0.0,0.0,0.0,0.0,7.1,1.79,5.1,117,0,21640.0,1,0.12,0.0,570.0,1,0.0,0,0,0.0,-1,-1,-1,-1,0.0,0.0
2026-03-01T06:00,0.0,0.0,0.0,0.0,8.5,1.11,5.1,188,1,21620.0,1,0.12,0.0,755.0,0,0.0,0,0,0.0,-1,-1,-1,-1,0.0,0.0
2026-03-01T07:00,0.0,0.0,0.0,0.0,9.4,1.83,5.2,244,5,21600.0,1,0.12,0.0,1000.0,1,0.0,0,0,0.0,-1,-1,-1,-1,0.0,0.0
2026-03-01T08:00,0.0,0.0,0.0,0.0,9.3,2.41,6.2,283,1,21580.0,1,0.12,0.0,1070.0,1,0.0,0,0,0.0,-1,-1,-1,-1,0.0,0.0
2026-03-01T09:00,0.0,0.0,0.0,0.0,9.5,2.07,6.1,285,2,21580.0,1,0.12,0.0,1120.0,1,0.0,0,0,0.0,-1,-1,-1,-1,0.0,0.0
2026-03-01T10:00,0.0,0.0,0.0,0.0,8.8,2.1,5.2,288,1,21560.0,1,0.12,0.0,930.0,1,0.0,0,0,0.0,-1,-1,-1,-1,0.0,0.0
2026-03-01T11:00,0.0,0.0,0.0,0.0,6.0,0.92,4.3,319,2,21540.0,1,0.12,0.0,90.0,1,0.0,0,0,0.0,-1,-1,-1,-1,0.0,0.0
2026-03-01T12:00,0.0,0.0,0.0,0.0,3.3,1.28,1.6,291,5,21520.0,1,0.12,0.0,85.0,1,0.0,0,0,0.0,-1,-1,-1,-1,0.0,0.0
2026-03-01T13:00,0.0,0.0,0.0,0.0,2.8,0.67,1.8,283,0,21500.0,0,0.12,0.0,40.0,1,0.0,0,0,0.0,-1,-1,-1,-1,0.0,0.0
2026-03-01T14:00,0.0,0.0,0.0,0.0,2.0,0.51,1.1,169,0,21500.0,0,0.12,0.0,20.0,1,0.0,0,0,0.0,-1,-1,-1,-1,0.0,0.0
2026-03-01T15:00,0.0,0.0,0.0,0.0,1.2,0.85,1.5,159,0,21440.0,0,0.12,0.0,25.0,1,0.0,0,0,0.0,-1,-1,-1,-1,0.0,0.0
2026-03-01T16:00,0.0,0.0,0.0,0.0,1.6,0.25,1.1,90,0,21420.0,0,0.12,0.0,15.0,1,0.0,0,0,0.0,-1,-1,-1,-1,0.0,0.0
2026-03-01T17:00,0.0,0.0,0.0,0.0,1.4,0.95,1.4,90,0,21440.0,0,0.12,0.0,30.0,1,0.0,0,0,0.0,-1,-1,-1,-1,0.0,0.0
2026-03-01T18:00,0.0,0.0,0.0,0.0,0.3,1.46,2.1,82,0,21380.0,0,0.12,0.0,25.0,1,0.0,0,0,0.0,-1,-1,-1,-1,0.0,0.0
2026-03-01T19:00,0.0,0.0,0.0,0.0,-1.2,1.87,2.6,82,3,21220.0,0,0.12,0.0,30.0,1,0.0,0,0,0.0,-1,-1,-1,-1,0.0,0.0
2026-03-01T20:00,0.0,0.0,0.0,0.0,-0.6,2.6,4.4,74,3,21200.0,0,0.12,0.0,70.0,1,0.0,0,0,0.0,-1,-1,-1,-1,0.0,0.0
2026-03-01T21:00,0.0,0.0,0.0,0.0,-0.1,3.24,5.7,65,2,21180.0,0,0.12,0.0,110.0,1,0.0,0,0,0.0,-1,-1,-1,-1,0.0,0.0
2026-03-01T22:00,0.0,0.0,0.0,0.0,-0.4,3.69,6.7,69,1,21160.0,0,0.12,0.0,130.0,1,0.0,0,0,0.0,-1,-1,-1,-1,0.0,0.0
2026-03-01T23:00,0.0,0.0,0.0,0.0,-1.0,3.92,6.9,76,7,21140.0,0,0.12,0.0,140.0,1,0.0,0,0,0.0,-1,-1,-1,-1,0.0,0.0
2026-03-02T00:00,0.0,0.0,0.0,0.0,-2.0,4.29,8.0,79,0,21040.0,0,0.12,0.0,170.0,1,0.0,0,0,0.0,-1,-1,-1,-1,0.0,0.0
2026-03-02T01:00,0.0,0.0,0.0,0.0,-2.0,4.34,8.5,69,0,21020.0,1,0.12,0.0,150.0,1,0.0,0,0,0.0,-1,-1,-1,-1,0.0,0.0
2026-03-02T02:00,0.0,0.0,0.0,0.0,-0.9,3.78,7.8,75,0,21000.0,1,0.12,0.0,120.0,1,0.0,0,0,0.0,-1,-1,-1,-1,0.0,0.0
2026-03-02T03:00,0.0,0.0,0.0,0.0,1.7,2.88,6.5,82,0,21080.0,1,0.12,0.0,160.0,1,0.0,0,0,0.0,-1,-1,-1,-1,0.0,0.0
2026-03-02T04:00,0.0,0.0,0.0,0.0,4.0,3.06,6.9,79,2,21220.0,1,0.12,0.0,285.0,1,0.0,0,0,0.0,-1,-1,-1,-1,0.0,0.0
2026-03-02T05:00,0.0,0.0,0.0,0.0,5.6,3.48,7.8,72,0,21220.0,1,0.12,0.0,460.0,1,0.0,0,0,0.0,-1,-1,-1,-1,0.0,0.0
2026-03-02T06:00,0.0,0.0,0.0,0.0,7.4,2.47,7.9,83,3,21240.0,1,0.117,0.0,770.0,1,0.0,0,0,0.0,-1,-1,-1,-1,0.0,0.0
2026-03-02T07:00,0.0,0.0,0.0,0.0,8.3,2.47,6.6,83,0,21220.0,1,0.117,0.0,850.0,1,0.0,0,0,0.0,-1,-1,-1,-1,0.0,0.0
2026-03-02T08:00,0.0,0.0,0.0,0.0,9.1,1.3,6.4,90,7,21200.0,1,0.117,0.0,935.0,1,0.0,0,0,0.0,-1,-1,-1,-1,0.0,0.0
2026-03-02T09:00,0.0,0.0,0.0,0.0,9.5,0.85,4.6,87,29,21180.0,1,0.117,0.0,965.0,1,0.0,1,0,0.0,-1,-1,-1,-1,0.0,0.0
2026-03-02T10:00,0.0,0.0,0.0,0.0,9.4,0.54,3.7,124,37,21160.0,1,0.117,0.0,870.0,1,0.0,1,0,0.0,-1,-1,-1,-1,0.0,0.0
2026-03-02T11:00,0.0,0.0,0.0,0.0,8.0,0.46,2.6,283,22,21160.0,1,0.117,0.0,35.0,1,0.0,1,0,0.0,-1,-1,-1,-1,0.0,0.0
2026-03-02T12:00,0.0,0.0,0.0,0.0,4.8,0.5,1.2,53,9,21140.0,1,0.12,0.0,30.0,1,0.0,0,0,0.0,-1,-1,-1,-1,0.0,0.0
2026-03-02T13:00,0.0,0.0,0.0,0.0,3.0,2.74,4.4,81,24,21080.0,0,0.12,0.0,130.0,1,0.0,1,0,0.0,-1,-1,-1,-1,0.0,0.0
2026-03-02T14:00,0.0,0.0,0.0,0.0,2.3,3.13,5.9,65,100,21060.0,0,0.12,0.0,105.0,1,0.0,3,0,0.0,-1,-1,-1,-1,0.0,0.0
2026-03-02T15:00,0.0,0.0,0.0,0.0,1.6,2.91,5.5,61,89,21060.0,0,0.12,0.0,95.0,1,0.0,3,0,0.0,-1,-1,-1,-1,0.0,0.0
2026-03-02T16:00,0.0,0.0,0.0,0.0,0.8,2.71,5.1,62,99,20880.0,0,0.12,0.0,70.0,1,0.0,3,0,0.0,-1,-1,-1,-1,0.0,0.0
2026-03-02T17:00,0.0,0.0,0.0,0.0,0.7,2.39,5.0,61,14,20860.0,0,0.12,0.0,60.0,1,0.0,0,0,0.0,-1,-1,-1,-1,0.0,0.0
2026-03-02T18:00,0.0,0.0,0.0,0.0,-1.0,1.96,4.9,52,59,20840.0,0,0.12,0.0,40.0,1,0.0,2,0,0.0,-1,-1,-1,-1,0.0,0.0
2026-03-02T19:00,0.0,0.0,0.0,0.0,-0.7,3.04,5.4,63,100,20840.0,0,0.12,0.0,75.0,1,0.0,3,0,0.0,-1,-1,-1,-1,0.0,0.0
2026-03-02T20:00,0.0,0.0,0.0,0.0,0.3,3.13,5.9,70,31,20980.0,0,0.12,0.0,100.0,1,0.0,1,0,0.0,-1,-1,-1,-1,0.0,0.0
2026-03-02T21:00,0.0,0.0,0.0,0.0,0.0,3.8,6.7,74,100,20960.0,0,0.12,0.0,135.0,1,0.0,3,0,0.0,-1,-1,-1,-1,0.0,0.0
2026-03-02T22:00,0.0,0.0,0.0,0.0,-0.1,3.7,6.8,77,100,20780.0,0,0.12,0.0,145.0,1,0.0,3,0,0.0,-1,-1,-1,-1,0.0,0.0
2026-03-02T23:00,0.0,0.0,0.0,0.0,-0.1,3.25,6.8,80,100,20780.0,0,0.12,0.0,135.0,1,0.0,3,0,0.0,-1,-1,-1,-1,0.0,0.0
2026-03-03T00:00,0.0,0.0,0.0,0.0,-1.4,2.92,5.9,77,3,20760.0,0,0.12,0.0,115.0,1,0.0,0,0,0.0,-1,-1,-1,-1,0.0,0.0
2026-03-03T01:00,0.0,0.0,0.0,0.0,-1.4,2.11,6.0,76,99,20740.0,1,0.12,0.0,115.0,1,0.0,3,0,0.0,-1,-1,-1,-1,0.0,0.0
2026-03-03T02:00,0.0,0.0,0.0,0.0,0.6,2.94,4.8,80,99,20880.0,1,0.12,0.0,135.0,1,0.0,3,0,0.0,-1,-1,-1,-1,0.0,0.0
2026-03-03T03:00,0.0,0.0,0.0,0.0,2.4,1.59,5.8,77,73,20860.0,1,0.12,0.0,155.0,1,0.0,2,0,0.0,-1,-1,-1,-1,0.0,0.0
2026-03-03T04:00,0.0,0.0,0.0,0.0,4.1,1.49,4.5,48,27,20880.0,1,0.12,0.0,185.0,1,0.0,1,0,0.0,-1,-1,-1,-1,0.0,0.0
2026-03-03T05:00,0.0,0.0,0.0,0.0,6.1,1.88,5.5,61,13,20880.0,1,0.12,0.0,255.0,1,0.0,0,0,0.0,-1,-1,-1,-1,0.0,0.0
2026-03-03T06:00,0.0,0.0,0.0,0.0,8.0,1.1,5.4,93,3,20860.0,1,0.12,0.0,465.0,1,0.0,0,0,0.0,-1,-1,-1,-1,0.0,0.0
2026-03-03T07:00,0.0,0.0,0.0,0.0,9.4,2.2,6.2,69,13,20840.0,1,0.12,0.0,595.0,1,0.0,0,0,0.0,-1,-1,-1,-1,0.0,0.0
2026-03-03T08:00,0.0,0.0,0.0,0.0,10.1,1.42,5.9,10,68,20820.0,1,0.119,0.0,645.0,1,0.0,2,0,0.0,-1,-1,-1,-1,0.0,0.0
2026-03-03T09:00,0.0,0.0,0.0,0.0,10.3,1.26,4.8,18,63,20840.0,1,0.119,0.0,645.0,1,0.0,2,0,0.0,-1,-1,-1,-1,0.0,0.0
2026-03-03T10:00,0.0,0.0,0.0,0.0,10.1,1.26,4.3,34,84,20820.0,1,0.119,0.0,510.0,1,0.0,3,0,0.0,-1,-1,-1,-1,0.0,0.0
2026-03-03T11:00,0.0,0.0,0.0,0.0,8.5,1.45,3.6,63,61,20780.0,1,0.119,0.0,205.0,1,0.0,2,0,0.0,-1,-1,-1,-1,0.0,0.0
2026-03-03T12:00,0.0,0.0,0.0,0.0,7.4,4.32,7.3,65,86,20760.0,1,0.106,0.0,360.0,1,0.0,3,0,0.0,-1,-1,-1,-1,0.0,0.0
2026-03-03T13:00,0.0,0.0,0.0,0.0,6.6,5.4,9.5,61,92,20740.0,0,0.106,0.0,360.0,1,0.0,3,0,0.0,-1,-1,-1,-1,0.0,0.0
2026-03-03T14:00,0.0,0.0,0.0,0.0,6.8,5.31,9.6,48,100,20740.0,0,0.106,0.0,415.0,1,0.0,3,0,0.0,-1,-1,-1,-1,0.0,0.0
2026-03-03T15:00,0.0,0.0,0.0,0.0,6.7,5.55,10.3,43,79,20720.0,0,0.106,0.0,450.0,1,0.0,2,0,0.0,-1,-1,-1,-1,0.0,0.0
2026-03-03T16:00,0.0,0.0,0.0,0.0,5.6,5.33,9.9,50,100,20700.0,0,0.106,0.0,370.0,1,0.0,3,0,0.0,-1,-1,-1,-1,0.0,0.0
2026-03-03T17:00,0.0,0.0,0.0,0.0,4.4,4.92,9.5,75,97,20680.0,0,0.106,0.0,280.0,1,0.0,3,0,0.0,-1,-1,-1,-1,0.0,0.0
2026-03-03T18:00,0.0,0.0,0.0,0.0,3.9,4.36,9.0,53,93,20680.0,0,0.103,0.0,175.0,1,0.0,3,0,0.0,-1,-1,-1,-1,0.0,0.0
2026-03-03T19:00,0.0,0.0,0.0,0.0,3.4,3.78,7.8,53,88,20620.0,0,0.103,0.0,140.0,1,0.0,3,0,0.0,-1,-1,-1,-1,0.0,0.0
2026-03-03T20:00,0.0,0.0,0.0,0.0,2.4,3.13,6.7,70,44,20600.0,0,0.103,0.0,90.0,1,0.0,1,0,0.0,-1,-1,-1,-1,0.0,0.0
2026-03-03T21:00,0.0,0.0,0.0,0.0,1.4,2.67,5.6,77,0,20600.0,0,0.103,0.0,80.0,1,0.0,0,0,0.0,-1,-1,-1,-1,0.0,0.0
2026-03-03T22:00,0.0,0.0,0.0,0.0,-0.1,1.2,4.7,88,0,20580.0,0,0.103,0.0,50.0,1,0.0,0,0,0.0,-1,-1,-1,-1,0.0,0.0
2026-03-03T23:00,0.0,0.0,0.0,0.0,-1.4,0.78,1.7,105,0,20400.0,0,0.103,0.0,30.0,1,0.0,0,0,0.0,-1,-1,-1,-1,0.0,0.0
2026-03-04T00:00,0.0,0.0,0.0,0.0,-1.5,1.7,1.9,88,0,20400.0,0,0.112,0.0,45.0,1,0.0,0,0,0.0,-1,-1,-1,-1,0.0,0.0
2026-03-04T01:00,0.0,0.0,0.0,0.0,-2.3,1.72,2.6,73,0,20380.0,1,0.112,0.0,35.0,1,0.0,0,0,0.0,-1,-1,-1,-1,0.0,0.0
2026-03-04T02:00,0.0,0.0,0.0,0.0,0.6,1.9,3.2,55,3,20360.0,1,0.112,0.0,35.0,1,0.0,0,0,0.0,-1,-1,-1,-1,0.0,0.0
2026-03-04T03:00,0.0,0.0,0.0,0.0,3.8,0.72,3.7,56,6,20500.0,1,0.112,0.0,45.0,1,0.0,0,0,0.0,-1,-1,-1,-1,0.0,0.0
2026-03-04T04:00,0.0,0.0,0.0,0.0,6.6,1.04,3.6,305,48,20520.0,1,0.112,0.0,225.0,1,0.0,1,0,0.0,-1,-1,-1,-1,0.0,0.0
2026-03-04T05:00,0.0,0.0,0.0,0.0,8.4,2.52,6.2,291,9,20500.0,1,0.112,0.0,520.0,1,0.0,0,0,0.0,-1,-1,-1,-1,0.0,0.0
2026-03-04T06:00,0.0,0.0,0.0,0.0,9.4,2.68,7.0,297,4,20500.0,1,0.112,0.0,650.0,1,0.0,0,0,0.0,-1,-1,-1,-1,0.0,0.0
2026-03-04T07:00,0.0,0.0,0.0,0.0,10.6,2.25,6.8,271,17,20480.0,1,0.112,0.0,810.0,1,0.0,0,0,0.0,-1,-1,-1,-1,0.0,0.0
2026-03-04T08:00,0.0,0.0,0.0,0.0,11.4,2.71,6.6,247,38,20460.0,1,0.112,0.0,960.0,1,0.0,1,0,0.0,-1,-1,-1,-1,0.0,0.0
2026-03-04T09:00,0.0,0.0,0.0,0.0,11.8,2.29,6.5,250,100,20480.0,1,0.112,0.0,985.0,1,0.0,3,0,0.0,-1,-1,-1,-1,0.0,0.0
2026-03-04T10:00,0.0,0.0,0.0,0.0,11.3,2.64,6.2,255,100,20440.0,1,0.112,0.0,980.0,1,0.0,3,0,0.0,-1,-1,-1,-1,0.0,0.0
2026-03-04T11:00,0.0,0.0,0.0,0.0,10.1,1.0,5.5,276,100,20420.0,1,0.112,0.0,780.0,1,0.0,3,0,0.0,-1,-1,-1,-1,0.0,0.0
2026-03-04T12:00,0.0,0.0,0.0,0.0,7.9,0.05,1.6,90,56,20400.0,1,0.107,0.0,10.0,1,0.0,2,0,0.0,-1,-1,-1,-1,0.0,0.0
2026-03-04T13:00,0.0,0.0,0.0,0.0,5.8,0.28,0.5,135,100,20380.0,0,0.107,0.0,15.0,1,0.0,3,0,0.0,-1,-1,-1,-1,0.0,0.0
2026-03-04T14:00,0.0,0.0,0.0,0.0,5.3,0.16,0.6,162,100,20380.0,0,0.107,0.0,10.0,1,0.0,3,0,0.0,-1,-1,-1,-1,0.0,0.0
2026-03-04T15:00,0.0,0.0,0.0,0.0,4.6,0.16,0.5,162,100,20360.0,0,0.107,0.0,10.0,1,0.0,3,0,0.0,-1,-1,-1,-1,0.0,0.0
2026-03-04T16:00,0.0,0.0,0.0,0.0,3.6,0.25,0.4,143,100,20300.0,0,0.107,0.0,15.0,1,0.0,3,0,0.0,-1,-1,-1,-1,0.0,0.0
2026-03-04T17:00,0.0,0.0,0.0,0.0,3.7,0.07,0.5,135,91,20300.0,0,0.107,0.0,10.0,1,0.0,3,0,0.0,-1,-1,-1,-1,0.0,0.0
2026-03-04T18:00,0.0,0.0,0.0,0.0,3.3,0.0,0.6,270,27,20280.0,0,0.107,0.0,10.0,1,0.0,1,0,0.0,-1,-1,-1,-1,0.0,0.0
2026-03-04T19:00,0.0,0.0,0.0,0.0,2.6,0.56,1.0,350,33,20260.0,0,0.107,0.0,25.0,1,0.0,1,0,0.0,-1,-1,-1,-1,0.0,0.0
2026-03-04T20:00,0.0,0.0,0.0,0.0,1.8,1.11,1.6,234,14,20260.0,0,0.107,0.0,60.0,1,0.0,0,0,0.0,-1,-1,-1,-1,0.0,0.0
2026-03-04T21:00,0.0,0.0,0.0,0.0,0.8,0.67,1.7,193,24,20240.0,0,0.107,0.0,20.0,1,0.0,1,0,0.0,-1,-1,-1,-1,0.0,0.0
2026-03-04T22:00,0.0,0.0,0.0,0.0,0.1,0.49,1.1,156,16,20220.0,0,0.107,0.0,15.0,1,0.0,0,0,0.0,-1,-1,-1,-1,0.0,0.0
2026-03-04T23:00,0.0,0.0,0.0,0.0,-0.9,0.74,1.0,138,4,20200.0,0,0.107,0.0,20.0,1,0.0,0,0,0.0,-1,-1,-1,-1,0.0,0.0
2026-03-05T00:00,0.0,0.0,0.0,0.0,0.7,0.71,2.5,141,0,20200.0,0,0.107,0.0,25.0,1,0.0,0,0,0.0,-1,-1,-1,-1,0.0,0.0
2026-03-05T01:00,0.0,0.0,0.0,0.0,0.0,0.74,1.0,118,6,20180.0,1,0.107,0.0,25.0,1,0.0,0,0,0.0,-1,-1,-1,-1,0.0,0.0
2026-03-05T02:00,0.0,0.0,0.0,0.0,1.6,1.09,2.0,106,0,20160.0,1,0.107,0.0,30.0,1,0.0,0,0,0.0,-1,-1,-1,-1,0.0,0.0
2026-03-05T03:00,0.0,0.0,0.0,0.0,5.0,1.35,3.5,105,1,20180.0,1,0.107,0.0,60.0,1,0.0,0,0,0.0,-1,-1,-1,-1,0.0,0.0
2026-03-05T04:00,0.0,0.0,0.0,0.0,7.8,0.65,3.3,67,43,20160.0,1,0.107,0.0,215.0,1,0.0,1,0,0.0,-1,-1,-1,-1,0.0,0.0
2026-03-05T05:00,0.0,0.0,0.0,0.0,9.7,0.65,3.6,360,60,20160.0,1,0.107,0.0,410.0,1,0.0,2,0,0.0,-1,-1,-1,-1,0.0,0.0
2026-03-05T06:00,0.0,0.0,0.0,0.0,11.0,1.0,3.8,273,9,20160.0,1,0.107,0.0,625.0,1,0.0,0,0,0.0,-1,-1,-1,-1,0.0,0.0
2026-03-05T07:00,0.0,0.0,0.0,0.0,12.2,1.1,4.7,265,5,20140.0,1,0.107,0.0,745.0,1,0.0,0,0,0.0,-1,-1,-1,-1,0.0,0.0
2026-03-05T08:00,0.0,0.0,0.0,0.0,12.9,1.1,4.3,275,17,20140.0,1,0.107,0.0,1005.0,1,0.0,0,0,0.0,-1,-1,-1,-1,0.0,0.0
2026-03-05T09:00,0.0,0.0,0.0,0.0,13.0,1.62,4.7,304,64,20120.0,1,0.107,0.0,1045.0,1,0.0,2,0,0.0,-1,-1,-1,-1,0.0,0.0
2026-03-05T10:00,0.0,0.0,0.0,0.0,12.6,0.82,4.8,346,88,20100.0,1,0.107,0.0,555.0,1,0.0,3,0,0.0,-1,-1,-1,-1,0.0,0.0
2026-03-05T11:00,0.0,0.0,0.0,0.0,11.0,0.92,2.9,61,90,20100.0,1,0.107,0.0,95.0,1,0.0,3,0,0.0,-1,-1,-1,-1,0.0,0.0
2026-03-05T12:00,0.0,0.0,0.0,0.0,8.4,1.63,3.8,50,99,20080.0,1,0.087,0.0,135.0,1,0.0,3,0,0.0,-1,-1,-1,-1,0.0,0.0
2026-03-05T13:00,0.0,0.0,0.0,0.0,8.3,3.2,5.4,65,100,20040.0,0,0.087,0.0,185.0,1,0.0,3,0,0.0,-1,-1,-1,-1,0.0,0.0
2026-03-05T14:00,0.0,0.0,0.0,0.0,8.4,3.74,6.5,74,100,20020.0,0,0.087,0.0,245.0,1,0.0,3,0,0.0,-1,-1,-1,-1,0.0,0.0
2026-03-05T15:00,0.0,0.0,0.0,0.0,8.1,3.78,7.2,61,100,20020.0,0,0.087,0.0,235.0,1,0.0,3,0,0.0,-1,-1,-1,-1,0.0,0.0
2026-03-05T16:00,0.0,0.0,0.0,0.0,7.8,2.9,6.7,54,100,20000.0,0,0.087,0.0,155.0,1,0.0,3,0,0.0,-1,-1,-1,-1,0.0,0.0
2026-03-05T17:00,0.0,0.0,0.0,0.0,6.6,2.3,5.1,44,100,19980.0,0,0.087,0.0,85.0,1,0.0,3,0,0.0,-1,-1,-1,-1,0.0,0.0
2026-03-05T18:00,0.0,0.0,0.0,0.0,4.8,1.98,4.9,41,100,19960.0,0,0.084,0.0,60.0,1,0.0,3,0,0.0,-1,-1,-1,-1,0.0,0.0
2026-03-05T19:00,0.0,0.0,0.0,0.0,5.1,2.37,3.5,62,100,19960.0,0,0.084,0.0,95.0,1,0.0,3,0,0.0,-1,-1,-1,-1,0.0,0.0
2026-03-05T20:00,0.0,0.0,0.0,0.0,6.1,3.83,6.9,57,100,19940.0,0,0.084,0.0,205.0,1,0.0,3,0,0.0,-1,-1,-1,-1,0.0,0.0
2026-03-05T21:00,0.0,0.0,0.0,0.0,6.1,2.67,6.8,52,100,19920.0,0,0.084,0.0,180.0,1,0.0,3,0,0.0,-1,-1,-1,-1,0.0,0.0
2026-03-05T22:00,0.0,0.0,0.0,0.0,4.3,1.92,4.7,51,100,19920.0,0,0.084,0.0,75.0,1,0.0,3,0,0.0,-1,-1,-1,-1,0.0,0.0
2026-03-05T23:00,0.0,0.0,0.0,0.0,3.6,1.8,3.0,46,100,19860.0,0,0.084,0.0,50.0,1,0.0,3,0,0.0,-1,-1,-1,-1,0.0,0.0
2026-03-06T00:00,0.0,0.0,0.0,0.0,2.6,1.7,3.3,45,100,19860.0,0,0.107,0.0,30.0,1,0.0,3,0,0.0,-1,-1,-1,-1,0.0,0.0
2026-03-06T01:00,0.0,0.0,0.0,0.0,3.9,2.74,4.8,72,100,19840.0,1,0.107,0.0,85.0,1,0.0,3,0,0.0,-1,-1,-1,-1,0.0,0.0
2026-03-06T02:00,0.0,0.0,0.0,0.0,5.5,3.58,6.3,65,100,19860.0,1,0.107,0.0,160.0,1,0.0,3,0,0.0,-1,-1,-1,-1,0.0,0.0
2026-03-06T03:00,0.0,0.0,0.0,0.0,7.8,4.85,7.8,64,100,19840.0,1,0.107,0.0,260.0,1,0.0,3,0,0.0,-1,-1,-1,-1,0.0,0.0
2026-03-06T04:00,0.0,0.0,0.0,0.0,10.5,3.98,8.4,62,100,19820.0,1,0.107,0.0,335.0,1,0.0,3,0,0.0,-1,-1,-1,-1,0.0,0.0
2026-03-06T05:00,0.0,0.0,0.0,0.0,12.4,3.03,8.1,59,100,19840.0,1,0.107,0.0,440.0,1,0.0,3,0,0.0,-1,-1,-1,-1,0.0,0.0
2026-03-06T06:00,0.0,0.0,0.0,0.0,13.2,1.63,7.0,72,100,19820.0,1,0.107,0.0,635.0,0,0.0,3,0,0.0,-1,-1,-1,-1,0.0,0.0
2026-03-06T07:00,0.0,0.0,0.0,0.0,13.6,0.76,4.3,262,100,19820.0,1,0.107,0.0,810.0,1,0.0,3,0,0.0,-1,-1,-1,-1,0.0,0.0
2026-03-06T08:00,0.0,0.0,0.0,0.0,13.9,1.85,5.1,267,100,19800.0,1,0.107,0.0,820.0,1,0.0,3,0,0.0,-1,-1,-1,-1,0.0,0.0
2026-03-06T09:00,0.0,0.0,0.0,0.0,13.3,1.61,5.1,263,100,19780.0,1,0.107,0.0,660.0,1,0.0,3,0,0.0,-1,-1,-1,-1,0.0,0.0
2026-03-06T10:00,0.0,0.0,0.0,0.0,13.0,0.73,4.1,196,100,19760.0,1,0.107,0.0,585.0,1,0.0,3,0,0.0,-1,-1,-1,-1,0.0,0.0
2026-03-06T11:00,0.0,0.0,0.0,0.0,12.3,0.57,2.4,195,100,19760.0,1,0.107,0.0,695.0,1,0.0,3,0,0.0,-1,-1,-1,-1,0.0,0.0
2026-03-06T12:00,0.0,0.0,0.0,0.0,11.3,0.43,0.7,144,68,19740.0,1,0.107,10.0,30.0,1,0.0,2,0,0.0,-1,-1,-1,-1,0.0,0.0
2026-03-06T13:00,0.0,0.0,0.0,0.0,8.7,0.62,0.9,194,66,19700.0,0,0.108,10.0,25.0,1,0.0,2,0,0.0,-1,-1,-1,-1,0.0,0.0
2026-03-06T14:00,0.0,0.0,0.0,0.0,8.1,0.25,0.8,90,70,19700.0,0,0.108,40.0,15.0,0,0.0,2,0,0.0,-1,-1,-1,-1,0.0,0.0
2026-03-06T15:00,0.0,0.0,0.0,0.0,6.6,1.17,1.6,80,95,19680.0,0,0.108,20.0,35.0,0,0.0,3,0,0.0,-1,-1,-1,-1,0.0,0.0
2026-03-06T16:00,0.0,0.0,0.0,0.0,5.1,2.15,3.4,68,58,19620.0,0,0.108,10.0,55.0,1,0.0,2,0,0.0,-1,-1,-1,-1,0.0,0.0
2026-03-06T17:00,0.0,0.0,0.0,0.0,4.7,2.49,4.4,75,16,19480.0,0,0.108,10.0,60.0,1,0.0,0,0,0.0,-1,-1,-1,-1,0.0,0.0
2026-03-06T18:00,0.0,0.0,0.0,0.0,3.5,2.28,4.7,67,100,19460.0,0,0.108,0.0,45.0,1,0.0,3,0,0.0,-1,-1,-1,-1,0.0,0.0
2026-03-06T19:00,0.0,0.0,0.0,0.0,4.8,3.35,6.0,63,100,19440.0,0,0.108,0.0,75.0,1,0.0,3,0,0.0,-1,-1,-1,-1,0.0,0.0
2026-03-06T20:00,0.0,0.0,0.0,0.0,5.4,3.11,5.9,66,100,19580.0,0,0.108,0.0,85.0,1,0.0,3,0,0.0,-1,-1,-1,-1,0.0,0.0
2026-03-06T21:00,0.0,0.0,0.0,0.0,5.5,3.38,5.9,65,84,19560.0,0,0.108,0.0,100.0,1,0.0,3,0,0.0,-1,-1,-1,-1,0.0,0.0
2026-03-06T22:00,0.0,0.0,0.0,0.0,5.6,3.58,6.5,70,100,19540.0,0,0.108,0.0,115.0,1,0.0,3,0,0.0,-1,-1,-1,-1,0.0,0.0
2026-03-06T23:00,0.0,0.0,0.0,0.0,5.0,3.3,6.3,72,100,19540.0,0,0.108,0.0,105.0,1,0.0,3,0,0.0,-1,-1,-1,-1,0.0,0.0
2026-03-07T00:00,0.0,0.0,0.0,0.0,3.5,3.46,6.0,59,90,19520.0,0,0.107,0.0,90.0,1,0.0,3,0,0.0,-1,-1,-1,-1,0.0,0.0
2026-03-07T01:00,0.0,0.0,0.0,0.0,3.4,2.98,6.2,65,99,19500.0,1,0.107,0.0,90.0,1,0.0,3,0,0.0,-1,-1,-1,-1,0.0,0.0
2026-03-07T02:00,0.0,0.0,0.0,0.0,5.4,3.53,6.2,78,100,19500.0,1,0.107,0.0,115.0,1,0.0,3,0,0.0,-1,-1,-1,-1,0.0,0.0
2026-03-07T03:00,0.0,0.0,0.0,0.0,8.2,2.67,6.3,84,100,19520.0,1,0.107,0.0,140.0,1,0.0,3,0,0.0,-1,-1,-1,-1,0.0,0.0
2026-03-07T04:00,0.0,0.0,0.0,0.0,10.6,1.83,5.1,101,100,19500.0,1,0.107,0.0,215.0,1,0.0,3,0,0.0,-1,-1,-1,-1,0.0,0.0
2026-03-07T05:00,0.0,0.0,0.0,0.0,11.9,1.52,4.7,73,100,19480.0,1,0.107,0.0,610.0,1,0.0,3,0,0.0,-1,-1,-1,-1,0.0,0.0
2026-03-07T06:00,0.0,0.0,0.0,0.0,12.5,1.05,4.4,155,100,19480.0,1,0.107,0.0,840.0,1,0.0,3,0,0.0,-1,-1,-1,-1,0.0,0.0
2026-03-07T07:00,0.0,0.0,0.0,0.0,12.9,2.25,5.2,212,100,19480.0,1,0.107,0.0,975.0,1,0.0,3,0,0.0,-1,-1,-1,-1,0.0,0.0
2026-03-07T08:00,0.0,0.0,0.0,0.0,13.2,2.7,6.2,219,100,19460.0,1,0.107,0.0,1100.0,0,0.0,3,0,0.0,-1,-1,-1,-1,0.0,0.0
2026-03-07T09:00,0.0,0.0,0.0,0.0,13.3,3.35,6.8,232,100,19460.0,1,0.107,0.0,1260.0,0,0.0,3,0,0.0,-1,-1,-1,-1,0.0,0.0
2026-03-07T10:00,0.0,0.0,0.0,0.0,13.1,3.45,7.0,236,100,19420.0,1,0.107,0.0,1420.0,0,0.0,3,0,0.0,-1,-1,-1,-1,0.0,0.0
2026-03-07T11:00,0.0,0.0,0.0,0.0,12.4,2.28,6.6,218,100,19400.0,1,0.107,0.0,1275.0,1,0.0,3,0,0.0,-1,-1,-1,-1,0.0,0.0
2026-03-07T12:00,0.0,0.0,0.0,0.0,9.9,0.68,3.6,234,66,19420.0,1,0.107,0.0,50.0,1,0.0,2,0,0.0,-1,-1,-1,-1,0.0,0.0
2026-03-07T13:00,0.0,0.0,0.0,0.0,8.1,1.28,1.5,159,0,19380.0,0,0.107,0.0,45.0,1,0.0,0,0,0.0,-1,-1,-1,-1,0.0,0.0
2026-03-07T14:00,0.0,0.0,0.0,0.0,5.7,1.66,2.2,151,2,19360.0,0,0.107,0.0,45.0,0,0.0,0,0,0.0,-1,-1,-1,-1,0.0,0.0
2026-03-07T15:00,0.0,0.0,0.0,0.0,4.4,0.97,2.4,125,0,19320.0,0,0.107,0.0,30.0,1,0.0,0,0,0.0,-1,-1,-1,-1,0.0,0.0
2026-03-07T16:00,0.0,0.0,0.0,0.0,3.5,0.81,1.4,112,0,19300.0,0,0.107,0.0,25.0,1,0.0,0,0,0.0,-1,-1,-1,-1,0.0,0.0
2026-03-07T17:00,0.0,0.0,0.0,0.0,2.8,0.59,1.2,110,0,19300.0,0,0.107,0.0,20.0,1,0.0,0,0,0.0,-1,-1,-1,-1,0.0,0.0
2026-03-07T18:00,0.0,0.0,0.0,0.0,1.7,0.76,1.0,113,0,19280.0,0,0.107,0.0,15.0,0,0.0,0,0,0.0,-1,-1,-1,-1,0.0,0.0
2026-03-07T19:00,0.0,0.0,0.0,0.0,0.9,0.83,1.4,123,0,19120.0,0,0.108,0.0,20.0,1,0.0,0,0,0.0,-1,-1,-1,-1,0.0,0.0
2026-03-07T20:00,0.0,0.0,0.0,0.0,0.3,0.92,1.5,112,0,19120.0,0,0.108,0.0,25.0,1,0.0,0,0,0.0,-1,-1,-1,-1,0.0,0.0
2026-03-07T21:00,0.0,0.0,0.0,0.0,0.1,0.74,1.6,118,0,19100.0,0,0.108,0.0,20.0,1,0.0,0,0,0.0,-1,-1,-1,-1,0.0,0.0
2026-03-07T22:00,0.0,0.0,0.0,0.0,-0.1,1.19,2.4,105,0,19080.0,0,0.108,0.0,30.0,1,0.0,0,0,0.0,-1,-1,-1,-1,0.0,0.0
2026-03-07T23:00,0.0,0.0,0.0,0.0,-0.2,1.52,2.8,107,0,19000.0,0,0.108,0.0,35.0,1,0.0,0,0,0.0,-1,-1,-1,-1,0.0,0.0
2026-03-08T00:00,0.0,0.0,0.0,0.0,-0.2,2.02,3.1,99,0,18980.0,0,0.108,0.0,40.0,1,0.0,0,0,0.0,-1,-1,-1,-1,0.0,0.0
2026-03-08T01:00,0.0,0.0,0.0,0.0,-0.3,1.09,3.4,106,0,18960.0,1,0.108,0.0,30.0,1,0.0,0,0,0.0,-1,-1,-1,-1,0.0,0.0
2026-03-08T02:00,0.0,0.0,0.0,0.0,2.1,0.45,1.5,96,0,18960.0,1,0.108,0.0,30.0,1,0.0,0,0,0.0,-1,-1,-1,-1,0.0,0.0
2026-03-08T03:00,0.0,0.0,0.0,0.0,4.5,0.56,2.7,80,0,19020.0,1,0.108,0.0,55.0,1,0.0,0,0,0.0,-1,-1,-1,-1,0.0,0.0
2026-03-08T04:00,0.0,0.0,0.0,0.0,7.3,0.0,2.8,270,0,19160.0,1,0.108,0.0,185.0,1,0.0,0,0,0.0,-1,-1,-1,-1,0.0,0.0
2026-03-08T05:00,0.0,0.0,0.0,0.0,9.8,1.29,4.3,257,9,19140.0,1,0.108,0.0,460.0,1,0.0,0,0,0.0,-1,-1,-1,-1,0.0,0.0
2026-03-08T06:00,0.0,0.0,0.0,0.0,11.8,2.36,5.8,264,10,19160.0,1,0.108,0.0,825.0,1,0.0,0,0,0.0,-1,-1,-1,-1,0.0,0.0
2026-03-08T07:00,0.0,0.0,0.0,0.0,13.4,3.02,7.2,258,26,19140.0,1,0.108,0.0,1025.0,1,0.0,1,0,0.0,-1,-1,-1,-1,0.0,0.0
2026-03-08T08:00,0.0,0.0,0.0,0.0,14.4,3.27,7.6,251,17,19120.0,1,0.108,0.0,1140.0,1,0.0,0,0,0.0,-1,-1,-1,-1,0.0,0.0
2026-03-08T09:00,0.0,0.0,0.0,0.0,14.8,3.4,7.6,253,7,19120.0,1,0.108,0.0,1155.0,1,0.0,0,0,0.0,-1,-1,-1,-1,0.0,0.0
2026-03-08T10:00,0.0,0.0,0.0,0.0,14.7,3.31,7.5,255,2,19100.0,1,0.108,0.0,1175.0,1,0.0,0,0,0.0,-1,-1,-1,-1,0.0,0.0
2026-03-08T11:00,0.0,0.0,0.0,0.0,13.9,2.33,6.7,247,0,19100.0,1,0.108,0.0,1045.0,1,0.0,0,0,0.0,-1,-1,-1,-1,0.0,0.0
2026-03-08T12:00,0.0,0.0,0.0,0.0,10.7,1.35,3.9,228,0,19080.0,1,0.085,0.0,65.0,1,0.0,0,0,0.0,-1,-1,-1,-1,0.0,0.0
2026-03-08T13:00,0.0,0.0,0.0,0.0,9.2,0.51,1.7,191,20,19040.0,0,0.085,10.0,20.0,1,0.0,1,0,0.0,-1,-1,-1,-1,0.0,0.0
2026-03-08T14:00,0.0,0.0,0.0,0.0,8.4,0.25,2.0,169,42,19020.0,0,0.085,40.0,10.0,0,0.0,1,0,0.0,-1,-1,-1,-1,0.0,0.0
2026-03-08T15:00,0.0,0.0,0.0,0.0,7.8,0.07,1.9,135,59,19000.0,0,0.085,20.0,10.0,0,0.0,2,0,0.0,-1,-1,-1,-1,0.0,0.0
2026-03-08T16:00,0.0,0.0,0.0,0.0,6.8,0.18,0.5,124,46,19000.0,0,0.085,40.0,15.0,0,0.0,1,0,0.0,-1,-1,-1,-1,0.0,0.0
2026-03-08T17:00,0.0,0.0,0.0,0.0,6.5,0.1,0.5,90,98,18980.0,0,0.085,20.0,10.0,0,0.0,3,0,0.0,-1,-1,-1,-1,0.0,0.0
2026-03-08T18:00,0.0,0.0,0.0,0.0,6.8,1.3,0.8,58,55,18960.0,0,0.092,50.0,35.0,0,0.0,2,0,0.0,-1,-1,-1,-1,0.0,0.0
2026-03-08T19:00,0.0,0.0,0.0,0.0,6.0,0.15,1.8,90,0,18960.0,0,0.092,30.0,10.0,0,0.0,0,0,0.0,-1,-1,-1,-1,0.0,0.0
2026-03-08T20:00,0.0,0.0,0.0,0.0,4.4,0.56,1.0,63,0,18800.0,0,0.092,0.0,20.0,0,0.0,0,0,0.0,-1,-1,-1,-1,0.0,0.0
2026-03-08T21:00,0.0,0.0,0.0,0.0,3.1,1.35,1.8,75,0,18800.0,0,0.092,0.0,30.0,0,0.0,0,0,0.0,-1,-1,-1,-1,0.0,0.0
2026-03-08T22:00,0.0,0.0,0.0,0.0,2.5,1.57,2.1,73,1,18780.0,0,0.092,0.0,35.0,0,0.0,0,0,0.0,-1,-1,-1,-1,0.0,0.0
2026-03-08T23:00,0.0,0.0,0.0,0.0,1.9,1.41,2.2,84,0,18760.0,0,0.092,0.0,30.0,0,0.0,0,0,0.0,-1,-1,-1,-1,0.0,0.0
2026-03-09T00:00,0.0,0.0,0.0,0.0,1.5,1.18,2.1,78,0,18680.0,0,0.105,0.0,20.0,0,0.0,0,0,0.0,-1,-1,-1,-1,0.0,0.0
2026-03-09T01:00,0.0,0.0,0.0,0.0,0.9,1.43,2.2,78,0,18660.0,1,0.105,0.0,25.0,0,0.0,0,0,0.0,-1,-1,-1,-1,0.0,0.0
2026-03-09T02:00,0.0,0.0,0.0,0.0,4.4,1.92,3.4,75,5,18740.0,1,0.105,0.0,40.0,0,0.0,0,0,0.0,-1,-1,-1,-1,0.0,0.0
2026-03-09T03:00,0.0,0.0,0.0,0.0,7.4,0.65,3.6,356,96,18720.0,1,0.105,0.0,50.0,0,0.0,3,0,0.0,-1,-1,-1,-1,0.0,0.0
2026-03-09T04:00,0.4,1.0,0.0,0.0,7.5,1.52,4.3,319,98,18620.0,1,0.11,0.0,140.0,0,0.0,51,1,0.0,0,0,1,51,0.0,0.6
2026-03-09T05:00,0.0,0.0,0.0,0.0,10.5,1.46,4.3,248,9,18700.0,1,0.111,0.0,230.0,0,0.0,0,0,0.0,-1,-1,-1,-1,0.0,0.0
2026-03-09T06:00,0.0,0.0,0.0,0.0,13.6,2.12,5.2,251,95,18820.0,1,0.111,0.0,455.0,0,0.0,3,0,0.0,-1,-1,-1,-1,0.0,0.0
2026-03-09T07:00,0.0,0.0,0.0,0.0,15.4,2.15,6.0,267,48,18800.0,1,0.111,0.0,745.0,0,0.0,1,0,0.0,-1,-1,-1,-1,0.0,0.0
2026-03-09T08:00,0.0,0.0,0.0,0.0,16.4,2.55,6.5,272,2,18820.0,1,0.111,0.0,900.0,0,0.0,0,0,0.0,-1,-1,-1,-1,0.0,0.0
2026-03-09T09:00,0.0,0.0,0.0,0.0,16.7,2.35,6.5,266,24,18820.0,1,0.111,0.0,860.0,0,0.0,1,0,0.0,-1,-1,-1,-1,0.0,0.0
2026-03-09T10:00,0.0,0.0,0.0,0.0,16.4,1.76,5.8,265,7,18800.0,1,0.111,0.0,755.0,0,0.0,0,0,0.0,-1,-1,-1,-1,0.0,0.0
2026-03-09T11:00,0.0,0.0,0.0,0.0,15.3,0.55,4.4,275,2,18760.0,1,0.111,0.0,50.0,0,0.0,0,0,0.0,-1,-1,-1,-1,0.0,0.0
2026-03-09T12:00,0.0,0.0,0.0,0.0,13.4,0.49,0.9,204,4,18740.0,1,0.11,0.0,25.0,0,0.0,0,0,0.0,-1,-1,-1,-1,0.0,0.0
2026-03-09T13:00,0.0,0.0,0.0,0.0,11.8,0.55,0.9,265,2,18740.0,0,0.11,0.0,25.0,0,0.0,0,0,0.0,-1,-1,-1,-1,0.0,0.0
2026-03-09T14:00,0.0,0.0,0.0,0.0,10.8,0.2,0.9,270,5,18720.0,0,0.11,0.0,15.0,0,0.0,0,0,0.0,-1,-1,-1,-1,0.0,0.0
2026-03-09T15:00,0.0,0.0,0.0,0.0,9.5,0.0,0.6,270,0,18580.0,0,0.11,0.0,10.0,0,0.0,0,0,0.0,-1,-1,-1,-1,0.0,0.0
2026-03-09T16:00,0.0,0.0,0.0,0.0,8.4,0.0,0.3,270,1,18560.0,0,0.11,0.0,10.0,0,0.0,0,0,0.0,-1,-1,-1,-1,0.0,0.0
2026-03-09T17:00,0.0,0.0,0.0,0.0,7.2,0.21,0.4,166,29,18540.0,0,0.11,0.0,15.0,0,0.0,1,0,0.0,-1,-1,-1,-1,0.0,0.0
2026-03-09T18:00,0.0,0.0,0.0,0.0,6.4,0.25,0.4,127,46,18460.0,0,0.115,0.0,10.0,0,0.0,1,0,0.0,-1,-1,-1,-1,0.0,0.0
2026-03-09T19:00,0.0,0.0,0.0,0.0,6.0,0.11,0.5,117,88,18440.0,0,0.115,0.0,10.0,0,0.0,3,0,0.0,-1,-1,-1,-1,0.0,0.0
2026-03-09T20:00,0.0,0.0,0.0,0.0,5.5,0.07,0.4,135,79,18420.0,0,0.115,0.0,10.0,0,0.0,2,0,0.0,-1,-1,-1,-1,0.0,0.0
2026-03-09T21:00,0.0,0.0,0.0,0.0,4.5,0.45,0.7,84,98,18420.0,0,0.115,0.0,20.0,0,0.0,3,0,0.0,-1,-1,-1,-1,0.0,0.0
2026-03-09T22:00,0.0,0.0,0.0,0.0,3.1,1.39,2.0,105,6,18300.0,0,0.115,0.0,25.0,0,0.0,0,0,0.0,-1,-1,-1,-1,0.0,0.0
2026-03-09T23:00,0.0,0.0,0.0,0.0,2.1,1.56,2.4,84,0,18300.0,0,0.115,0.0,25.0,0,0.0,0,0,0.0,-1,-1,-1,-1,0.0,0.0
2026-03-10T00:00,0.0,0.0,0.0,0.0,3.2,0.58,2.4,121,0,18380.0,0,0.115,0.0,20.0,0,0.0,0,0,0.0,-1,-1,-1,-1,0.0,0.0
2026-03-10T01:00,0.0,0.0,0.0,0.0,2.9,0.92,1.1,131,0,18360.0,1,0.115,0.0,30.0,0,0.0,0,0,0.0,-1,-1,-1,-1,0.0,0.0
2026-03-10T02:00,0.0,0.0,0.0,0.0,5.3,0.98,2.0,105,12,18360.0,1,0.115,0.0,25.0,0,0.0,0,0,0.0,-1,-1,-1,-1,0.0,0.0
2026-03-10T03:00,0.0,0.0,0.0,0.0,8.9,0.89,3.3,74,97,18420.0,1,0.115,0.0,55.0,0,0.0,3,0,0.0,-1,-1,-1,-1,0.0,0.0
2026-03-10T04:00,0.0,0.0,0.0,0.0,11.7,0.5,3.0,276,99,18540.0,1,0.115,0.0,180.0,0,0.0,3,0,0.0,-1,-1,-1,-1,0.0,0.0
2026-03-10T05:00,0.0,0.0,0.0,0.0,13.5,0.78,3.9,255,99,18540.0,1,0.115,0.0,355.0,0,0.0,3,0,0.0,-1,-1,-1,-1,0.0,0.0
2026-03-10T06:00,0.0,0.0,0.0,0.0,14.7,1.72,5.3,234,95,18520.0,1,0.115,0.0,370.0,0,0.0,3,0,0.0,-1,-1,-1,-1,0.0,0.0
2026-03-10T07:00,0.0,0.0,0.0,0.0,16.6,1.67,5.4,261,95,18500.0,1,0.115,0.0,535.0,0,0.0,3,0,0.0,-1,-1,-1,-1,0.0,0.0
2026-03-10T08:00,0.0,0.0,0.0,0.0,17.2,2.05,5.7,271,40,18520.0,1,0.115,0.0,595.0,0,0.0,1,0,0.0,-1,-1,-1,-1,0.0,0.0
2026-03-10T09:00,0.0,0.0,0.0,0.0,17.9,2.5,6.2,269,0,18520.0,1,0.115,0.0,740.0,0,0.0,0,0,0.0,-1,-1,-1,-1,0.0,0.0
2026-03-10T10:00,0.0,0.0,0.0,0.0,18.1,2.39,6.2,259,2,18480.0,1,0.115,0.0,820.0,0,0.0,0,0,0.0,-1,-1,-1,-1,0.0,0.0
2026-03-10T11:00,0.0,0.0,0.0,0.0,17.6,1.06,5.4,278,0,18460.0,1,0.115,0.0,135.0,0,0.0,0,0,0.0,-1,-1,-1,-1,0.0,0.0
2026-03-10T12:00,0.0,0.0,0.0,0.0,15.1,0.46,1.7,139,91,18440.0,1,0.116,0.0,20.0,0,0.0,3,0,0.0,-1,-1,-1,-1,0.0,0.0
2026-03-10T13:00,0.0,0.0,0.0,0.0,13.6,0.4,0.6,120,28,18440.0,0,0.116,0.0,20.0,0,0.0,1,0,0.0,-1,-1,-1,-1,0.0,0.0
2026-03-10T14:00,0.0,0.0,0.0,0.0,12.4,0.41,1.0,104,0,18420.0,0,0.116,0.0,15.0,0,0.0,0,0,0.0,-1,-1,-1,-1,0.0,0.0
2026-03-10T15:00,0.0,0.0,0.0,0.0,10.0,1.61,2.0,64,0,18280.0,0,0.116,0.0,35.0,0,0.0,0,0,0.0,-1,-1,-1,-1,0.0,0.0
2026-03-10T16:00,0.0,0.0,0.0,0.0,8.4,1.78,3.0,79,20,18260.0,0,0.116,0.0,40.0,0,0.0,1,0,0.0,-1,-1,-1,-1,0.0,0.0
2026-03-10T17:00,0.0,0.0,0.0,0.0,8.2,0.66,2.5,81,41,18260.0,0,0.116,0.0,35.0,0,0.0,1,0,0.0,-1,-1,-1,-1,0.0,0.0
2026-03-10T18:00,0.0,0.0,0.0,0.0,7.5,1.09,1.2,74,14,18240.0,0,0.116,0.0,30.0,0,0.0,0,0,0.0,-1,-1,-1,-1,0.0,0.0
2026-03-10T19:00,0.0,0.0,0.0,0.0,6.8,2.17,3.4,82,91,18240.0,0,0.116,0.0,45.0,0,0.0,3,0,0.0,-1,-1,-1,-1,0.0,0.0
2026-03-10T20:00,0.0,0.0,0.0,0.0,6.5,1.9,3.4,76,100,18220.0,0,0.116,0.0,40.0,0,0.0,3,0,0.0,-1,-1,-1,-1,0.0,0.0
2026-03-10T21:00,0.0,0.0,0.0,0.0,7.2,0.9,2.7,71,100,18200.0,0,0.116,0.0,35.0,0,0.0,3,0,0.0,-1,-1,-1,-1,0.0,0.0
2026-03-10T22:00,0.0,0.0,0.0,0.0,7.7,0.16,1.4,288,100,18200.0,0,0.116,0.0,10.0,0,0.0,3,0,0.0,-1,-1,-1,-1,0.0,0.0
2026-03-10T23:00,0.0,0.0,0.0,0.0,7.5,0.05,0.7,180,100,18180.0,0,0.116,0.0,10.0,0,0.0,3,0,0.0,-1,-1,-1,-1,0.0,0.0
2026-03-11T00:00,0.0,0.0,0.0,0.0,7.0,0.72,2.6,78,100,18180.0,0,0.116,0.0,45.0,0,0.0,3,0,0.0,-1,-1,-1,-1,0.0,0.0
2026-03-11T01:00,0.0,0.0,0.0,0.0,6.6,0.68,1.2,107,100,18160.0,1,0.116,0.0,30.0,0,0.0,3,0,0.0,-1,-1,-1,-1,0.0,0.0
2026-03-11T02:00,0.0,0.0,0.0,0.0,8.1,0.6,1.0,48,100,18140.0,1,0.116,0.0,30.0,0,0.0,3,0,0.0,-1,-1,-1,-1,0.0,0.0
2026-03-11T03:00,0.0,0.0,0.0,0.0,10.1,0.2,1.6,180,88,18140.0,1,0.116,0.0,10.0,0,0.0,3,0,0.0,-1,-1,-1,-1,0.0,0.0
2026-03-11T04:00,0.0,0.0,0.0,0.0,14.3,0.51,3.0,29,27,18260.0,1,0.116,0.0,175.0,0,0.0,1,0,0.0,-1,-1,-1,-1,0.0,0.0
2026-03-11T05:00,0.0,0.0,0.0,0.0,17.0,2.35,6.0,52,89,18280.0,1,0.116,0.0,535.0,0,0.0,3,0,0.0,-1,-1,-1,-1,0.0,0.0
2026-03-11T06:00,0.0,0.0,0.0,0.0,17.9,4.28,9.9,53,100,18260.0,1,0.116,0.0,710.0,0,0.0,3,0,0.0,-1,-1,-1,-1,0.0,0.0
2026-03-11T07:00,0.0,0.0,0.0,0.0,17.7,4.83,11.0,51,100,18240.0,1,0.115,0.0,790.0,0,0.0,3,0,0.0,-1,-1,-1,-1,0.0,0.0
2026-03-11T08:00,1.1,1.0,0.0,0.0,16.7,4.87,9.7,63,100,18220.0,1,0.128,10.0,835.0,0,0.0001,55,1,0.0,1,0,3,5,0.545,0.745
2026-03-11T09:00,1.0,1.0,0.0,0.0,14.8,5.18,9.9,84,100,18060.0,1,0.139,0.0,485.0,0,0.0,55,1,0.0,1,1,2,5,0.545,0.745
2026-03-11T10:00,0.3,1.0,0.0,0.0,14.0,4.96,10.0,71,100,18060.0,1,0.142,0.0,490.0,0,0.0,51,1,0.0,1,2,1,5,0.545,0.745
2026-03-11T11:00,0.0,0.0,0.0,0.0,13.5,7.05,12.7,72,100,18040.0,1,0.141,0.0,715.0,0,0.0,3,0,0.0,-1,-1,-1,-1,0.0,0.0
2026-03-11T12:00,0.0,0.0,0.0,0.0,14.5,6.24,13.7,32,100,8340.0,1,0.123,0.0,650.0,0,0.0,3,0,0.0,-1,-1,-1,-1,0.0,0.0
2026-03-11T13:00,0.1,0.0,0.0,0.0,11.7,8.66,15.5,31,100,17160.0,0,0.124,0.0,560.0,0,0.0,51,0,0.1,-1,-1,-1,-1,0.0,0.0
2026-03-11T14:00,0.0,0.0,0.0,0.0,11.1,7.64,15.9,45,100,18160.0,0,0.124,0.0,550.0,0,0.0,3,0,0.0,-1,-1,-1,-1,0.0,0.0
2026-03-11T15:00,0.0,0.0,0.0,0.0,10.0,6.91,13.7,41,100,7940.0,0,0.124,0.0,425.0,0,0.0,3,0,0.0,-1,-1,-1,-1,0.0,0.0
2026-03-11T16:00,0.7,0.0,0.0,0.0,6.0,6.93,13.3,46,100,3100.0,0,0.129,0.0,305.0,0,0.0,53,1,0.7,2,0,3,2,0.331,0.088
2026-03-11T17:00,1.1,0.0,0.0,0.0,4.0,8.19,14.5,54,100,3640.0,0,0.141,0.0,330.0,0,0.0,55,1,1.1,2,1,2,2,0.331,0.088
2026-03-11T18:00,0.6,0.167,0.0,0.0,3.7,7.01,14.7,58,100,6420.0,0,0.146,0.0,295.0,0,0.0,53,1,0.5,2,2,1,2,0.331,0.188
2026-03-11T19:00,0.1,0.0,0.0,0.0,4.1,7.26,13.9,49,100,12440.0,0,0.147,0.0,295.0,0,0.0,51,0,0.1,-1,-1,-1,-1,0.0,0.0
2026-03-11T20:00,0.0,0.0,0.0,0.0,3.8,6.29,13.0,44,100,6920.0,0,0.147,0.0,280.0,1,0.0,3,0,0.0,-1,-1,-1,-1,0.0,0.0
2026-03-11T21:00,0.3,0.0,0.0,0.0,3.0,5.39,11.4,50,100,4860.0,0,0.15,0.0,265.0,0,0.0,51,1,0.3,3,0,1,308,0.0,0
2026-03-11T22:00,0.2,0.0,0.28,0.0,1.3,5.82,10.2,74,100,2580.0,0,0.151,0.0,270.0,0,0.0,73,0,0.2,-1,-1,-1,-1,0.0,0.0
2026-03-11T23:00,0.0,0.0,0.56,0.01,0.7,6.73,12.0,63,100,2780.0,0,0.151,0.0,310.0,1,0.0,73,0,0.0,-1,-1,-1,-1,0.0,0.0
2026-03-12T00:00,0.0,0.0,0.49,0.01,0.5,6.6,13.0,55,100,2300.0,0,0.235,0.0,340.0,0,0.0,73,0,0.0,-1,-1,-1,-1,0.0,0.0
2026-03-12T01:00,0.0,0.0,0.63,0.01,1.1,6.86,12.2,47,100,2680.0,1,0.235,0.0,510.0,1,0.0,73,0,0.0,-1,-1,-1,-1,0.0,0.0
2026-03-12T02:00,0.0,0.0,0.49,0.01,1.2,8.35,15.2,51,100,3200.0,1,0.235,0.0,785.0,1,0.0,73,0,0.0,-1,-1,-1,-1,0.0,0.0
2026-03-12T03:00,0.0,0.0,0.49,0.02,0.6,8.1,15.7,61,100,2820.0,1,0.235,0.0,795.0,0,0.0,73,0,0.0,-1,-1,-1,-1,0.0,0.0
2026-03-12T04:00,0.0,0.0,0.35,0.02,0.8,7.9,14.6,67,100,7180.0,1,0.235,0.0,730.0,1,0.0,73,0,0.0,-1,-1,-1,-1,0.0,0.0
2026-03-12T05:00,0.0,0.0,0.07,0.02,1.1,6.82,14.3,65,100,10120.0,1,0.236,0.0,705.0,1,0.0,71,0,0.0,-1,-1,-1,-1,0.0,0.0
2026-03-12T06:00,0.0,0.0,0.0,0.02,1.6,5.71,12.8,71,100,16440.0,1,0.242,0.0,640.0,0,0.0,3,0,0.0,-1,-1,-1,-1,0.0,0.0
2026-03-12T07:00,0.0,0.0,0.0,0.02,2.0,6.15,11.6,66,100,16960.0,1,0.243,0.0,625.0,1,0.0,3,0,0.0,-1,-1,-1,-1,0.0,0.0
2026-03-12T08:00,0.0,0.0,0.0,0.01,3.3,6.24,12.3,63,100,17720.0,1,0.245,0.0,650.0,1,0.0,3,0,0.0,-1,-1,-1,-1,0.0,0.0
2026-03-12T09:00,0.0,0.0,0.0,0.01,2.9,6.08,12.1,59,88,17720.0,1,0.247,0.0,595.0,1,0.0,3,0,0.0,-1,-1,-1,-1,0.0,0.0
2026-03-12T10:00,0.0,0.0,0.0,0.01,2.8,5.74,11.7,55,100,17700.0,1,0.248,0.0,565.0,1,0.0,3,0,0.0,-1,-1,-1,-1,0.0,0.0
2026-03-12T11:00,0.0,0.0,0.0,0.01,2.2,4.74,10.9,57,100,17700.0,1,0.249,0.0,455.0,1,0.0,3,0,0.0,-1,-1,-1,-1,0.0,0.0
2026-03-12T12:00,0.0,0.0,0.0,0.0,2.8,3.16,8.7,51,100,17580.0,1,0.239,0.0,430.0,1,0.0,3,0,0.0,-1,-1,-1,-1,0.0,0.0
2026-03-12T13:00,0.0,0.0,0.0,0.0,2.0,3.86,6.9,43,100,14680.0,0,0.239,0.0,385.0,1,0.0,3,0,0.0,-1,-1,-1,-1,0.0,0.0
2026-03-12T14:00,0.0,0.0,0.0,0.0,1.4,3.8,7.0,33,100,17660.0,0,0.239,0.0,365.0,1,0.0,3,0,0.0,-1,-1,-1,-1,0.0,0.0
2026-03-12T15:00,0.0,0.0,0.0,0.0,1.1,3.52,6.8,23,100,12460.0,0,0.239,0.0,315.0,1,0.0,3,0,0.0,-1,-1,-1,-1,0.0,0.0
2026-03-12T16:00,0.0,0.0,0.0,0.0,0.1,3.11,6.2,26,96,17640.0,0,0.239,0.0,245.0,1,0.0,3,0,0.0,-1,-1,-1,-1,0.0,0.0
2026-03-12T17:00,0.0,0.0,0.0,0.0,0.2,3.14,5.6,37,100,13460.0,0,0.238,0.0,210.0,1,0.0,3,0,0.0,-1,-1,-1,-1,0.0,0.0
2026-03-12T18:00,0.0,0.0,0.0,0.0,-0.6,2.52,5.6,39,63,17620.0,0,0.238,0.0,130.0,1,0.0,2,0,0.0,-1,-1,-1,-1,0.0,0.0
2026-03-12T19:00,0.0,0.0,0.0,0.0,-1.8,2.86,5.1,36,44,17600.0,0,0.237,0.0,90.0,1,0.0,1,0,0.0,-1,-1,-1,-1,0.0,0.0
2026-03-12T20:00,0.0,0.0,0.0,0.0,-2.2,2.78,5.2,38,45,17600.0,0,0.237,0.0,65.0,1,0.0,1,0,0.0,-1,-1,-1,-1,0.0,0.0
2026-03-12T21:00,0.0,0.0,0.0,0.0,-2.9,2.61,4.9,36,5,17580.0,0,0.237,0.0,45.0,1,0.0,0,0,0.0,-1,-1,-1,-1,0.0,0.0
2026-03-12T22:00,0.0,0.0,0.0,0.0,-2.5,2.02,4.8,40,41,17580.0,0,0.236,0.0,45.0,1,0.0,1,0,0.0,-1,-1,-1,-1,0.0,0.0
2026-03-12T23:00,0.0,0.0,0.0,0.0,-2.9,1.99,3.8,65,35,17560.0,0,0.236,0.0,55.0,1,0.0,1,0,0.0,-1,-1,-1,-1,0.0,0.0
2026-03-13T00:00,0.0,0.0,0.0,0.0,-3.1,2.17,4.4,71,34,17540.0,0,0.237,0.0,60.0,1,0.0,1,0,0.0,-1,-1,-1,-1,0.0,0.0
2026-03-13T01:00,0.0,0.0,0.0,0.0,-3.2,2.92,5.1,68,9,17540.0,1,0.237,0.0,80.0,1,0.0,0,0,0.0,-1,-1,-1,-1,0.0,0.0
2026-03-13T02:00,0.0,0.0,0.0,0.0,-1.4,2.62,5.5,72,5,17520.0,1,0.236,0.0,100.0,1,0.0,0,0,0.0,-1,-1,-1,-1,0.0,0.0
2026-03-13T03:00,0.0,0.0,0.0,0.0,1.2,1.76,4.9,85,13,17720.0,1,0.236,0.0,180.0,1,0.0,0,0,0.0,-1,-1,-1,-1,0.0,0.0
2026-03-13T04:00,0.0,0.0,0.0,0.0,2.9,2.07,5.5,97,18,17740.0,1,0.235,0.0,435.0,1,0.0,0,0,0.0,-1,-1,-1,-1,0.0,0.0
2026-03-13T05:00,0.0,0.0,0.0,0.0,4.2,1.41,5.6,82,89,17700.0,1,0.234,0.0,795.0,1,0.0,3,0,0.0,-1,-1,-1,-1,0.0,0.0
2026-03-13T06:00,0.0,0.0,0.0,0.0,5.3,0.87,5.0,329,87,17680.0,1,0.234,0.0,995.0,1,0.0,3,0,0.0,-1,-1,-1,-1,0.0,0.0
2026-03-13T07:00,0.0,0.0,0.0,0.0,6.6,0.74,4.6,332,100,17680.0,1,0.233,0.0,1075.0,1,0.0,3,0,0.0,-1,-1,-1,-1,0.0,0.0
2026-03-13T08:00,0.0,0.0,0.0,0.0,7.1,0.59,4.6,340,100,17660.0,1,0.232,0.0,1135.0,1,0.0,3,0,0.0,-1,-1,-1,-1,0.0,0.0
2026-03-13T09:00,0.0,0.0,0.0,0.0,7.4,0.52,4.2,17,100,17660.0,1,0.231,0.0,1280.0,1,0.0,3,0,0.0,-1,-1,-1,-1,0.0,0.0
2026-03-13T10:00,0.0,0.0,0.0,0.0,7.7,1.11,4.1,36,100,17640.0,1,0.23,0.0,1535.0,1,0.0,3,0,0.0,-1,-1,-1,-1,0.0,0.0
2026-03-13T11:00,0.0,0.0,0.0,0.0,7.4,0.2,4.0,90,100,17620.0,1,0.229,0.0,1670.0,1,0.0,3,0,0.0,-1,-1,-1,-1,0.0,0.0
2026-03-13T12:00,0.0,0.0,0.0,0.0,4.5,1.26,1.5,124,100,17500.0,1,0.229,0.0,80.0,0,0.0,3,0,0.0,-1,-1,-1,-1,0.0,0.0
2026-03-13T13:00,0.0,0.0,0.0,0.0,3.6,1.98,3.5,100,100,17400.0,0,0.229,0.0,75.0,1,0.0,3,0,0.0,-1,-1,-1,-1,0.0,0.0
2026-03-13T14:00,0.0,0.0,0.0,0.0,2.7,1.99,3.8,78,100,17400.0,0,0.229,0.0,60.0,1,0.0,3,0,0.0,-1,-1,-1,-1,0.0,0.0
2026-03-13T15:00,0.0,0.0,0.0,0.0,1.7,0.97,3.6,69,100,17380.0,0,0.228,0.0,30.0,1,0.0,3,0,0.0,-1,-1,-1,-1,0.0,0.0
2026-03-13T16:00,0.0,0.0,0.0,0.0,1.3,1.01,2.1,63,100,17380.0,0,0.228,0.0,30.0,1,0.0,3,0,0.0,-1,-1,-1,-1,0.0,0.0
2026-03-13T17:00,0.0,0.0,0.0,0.0,0.3,1.17,2.3,70,100,17260.0,0,0.228,0.0,30.0,1,0.0,3,0,0.0,-1,-1,-1,-1,0.0,0.0
2026-03-13T18:00,0.0,0.0,0.0,0.0,-0.3,0.92,2.4,41,100,17360.0,0,0.228,0.0,20.0,1,0.0,3,0,0.0,-1,-1,-1,-1,0.0,0.0
2026-03-13T19:00,0.0,0.0,0.0,0.0,-1.0,1.92,3.5,65,100,17240.0,0,0.227,0.0,35.0,1,0.0,3,0,0.0,-1,-1,-1,-1,0.0,0.0
2026-03-13T20:00,0.0,0.0,0.0,0.0,-1.5,2.32,4.3,76,100,17240.0,0,0.227,0.0,50.0,1,0.0,3,0,0.0,-1,-1,-1,-1,0.0,0.0
2026-03-13T21:00,0.0,0.0,0.0,0.0,-1.9,1.5,4.1,86,100,17220.0,0,0.227,0.0,45.0,1,0.0,3,0,0.0,-1,-1,-1,-1,0.0,0.0
2026-03-13T22:00,0.0,0.0,0.0,0.0,-2.2,1.3,2.6,86,100,17220.0,0,0.226,0.0,35.0,1,0.0,3,0,0.0,-1,-1,-1,-1,0.0,0.0
2026-03-13T23:00,0.0,0.0,0.0,0.0,-2.3,1.25,2.3,85,100,17300.0,0,0.226,0.0,35.0,1,0.0,3,0,0.0,-1,-1,-1,-1,0.0,0.0
2026-03-14T00:00,0.0,0.0,0.0,0.0,-1.3,0.63,2.1,119,30,17280.0,0,0.229,0.0,30.0,0,0.0,1,0,0.0,-1,-1,-1,-1,0.0,0.0
2026-03-14T01:00,0.0,0.0,0.0,0.0,-1.7,0.74,1.0,118,5,17280.0,1,0.229,0.0,35.0,1,0.0,0,0,0.0,-1,-1,-1,-1,0.0,0.0
2026-03-14T02:00,0.0,0.0,0.0,0.0,0.4,1.39,2.9,116,23,17260.0,1,0.229,0.0,70.0,1,0.0,1,0,0.0,-1,-1,-1,-1,0.0,0.0
2026-03-14T03:00,0.0,0.0,0.0,0.0,2.5,0.56,3.2,117,21,17260.0,1,0.229,0.0,165.0,1,0.0,1,0,0.0,-1,-1,-1,-1,0.0,0.0
2026-03-14T04:00,0.0,0.0,0.0,0.0,4.3,0.3,3.2,351,79,17320.0,1,0.228,0.0,460.0,1,0.0,2,0,0.0,-1,-1,-1,-1,0.0,0.0
2026-03-14T05:00,0.0,0.0,0.0,0.0,5.6,0.27,3.5,292,64,17300.0,1,0.227,0.0,630.0,1,0.0,2,0,0.0,-1,-1,-1,-1,0.0,0.0
2026-03-14T06:00,0.0,0.0,0.0,0.0,6.7,1.27,4.0,259,14,17300.0,1,0.226,0.0,945.0,1,0.0,0,0,0.0,-1,-1,-1,-1,0.0,0.0
2026-03-14T07:00,0.0,0.0,0.0,0.0,8.4,2.43,6.4,262,10,17420.0,1,0.225,0.0,1510.0,1,0.0,0,0,0.0,-1,-1,-1,-1,0.0,0.0
2026-03-14T08:00,0.0,0.0,0.0,0.0,9.3,3.98,8.6,264,57,17400.0,1,0.224,10.0,2010.0,1,0.0,2,0,0.0,-1,-1,-1,-1,0.0,0.0
2026-03-14T09:00,0.0,0.0,0.0,0.0,8.8,4.14,8.7,262,100,17400.0,1,0.223,0.0,1910.0,1,0.0,3,0,0.0,-1,-1,-1,-1,0.0,0.0
2026-03-14T10:00,0.0,0.0,0.0,0.0,8.5,4.29,8.5,262,100,17380.0,1,0.222,0.0,1860.0,1,0.0,3,0,0.0,-1,-1,-1,-1,0.0,0.0
2026-03-14T11:00,0.0,0.0,0.0,0.0,7.9,3.8,8.2,270,100,17360.0,1,0.221,0.0,1755.0,1,0.0,3,0,0.0,-1,-1,-1,-1,0.0,0.0
2026-03-14T12:00,0.0,0.0,0.0,0.0,6.7,1.66,6.9,277,52,17240.0,1,0.216,10.0,330.0,1,0.0,2,0,0.0,-1,-1,-1,-1,0.0,0.0
2026-03-14T13:00,0.0,0.0,0.0,0.0,4.7,1.18,3.0,306,45,17220.0,0,0.216,10.0,70.0,1,0.0,1,0,0.0,-1,-1,-1,-1,0.0,0.0
2026-03-14T14:00,0.0,0.0,0.0,0.0,4.1,0.88,1.8,313,56,17220.0,0,0.216,10.0,50.0,1,0.0,2,0,0.0,-1,-1,-1,-1,0.0,0.0
2026-03-14T15:00,0.0,0.0,0.0,0.0,3.4,0.71,1.3,231,25,17140.0,0,0.216,10.0,35.0,1,0.0,1,0,0.0,-1,-1,-1,-1,0.0,0.0
2026-03-14T16:00,0.0,0.0,0.0,0.0,1.9,0.61,1.1,215,20,17120.0,0,0.215,10.0,25.0,1,0.0,1,0,0.0,-1,-1,-1,-1,0.0,0.0
2026-03-14T17:00,0.0,0.0,0.0,0.0,1.3,0.35,0.9,188,57,17100.0,0,0.215,0.0,15.0,1,0.0,2,0,0.0,-1,-1,-1,-1,0.0,0.0
2026-03-14T18:00,0.0,0.0,0.0,0.0,1.2,0.35,0.6,172,8,17100.0,0,0.215,0.0,15.0,1,0.0,0,0,0.0,-1,-1,-1,-1,0.0,0.0
2026-03-14T19:00,0.0,0.0,0.0,0.0,0.2,0.54,0.7,158,13,17000.0,0,0.215,0.0,15.0,1,0.0,0,0,0.0,-1,-1,-1,-1,0.0,0.0
2026-03-14T20:00,0.0,0.0,0.0,0.0,0.1,0.39,0.7,140,2,16980.0,0,0.215,0.0,15.0,1,0.0,0,0,0.0,-1,-1,-1,-1,0.0,0.0
2026-03-14T21:00,0.0,0.0,0.0,0.0,-0.7,0.43,0.6,144,0,16860.0,0,0.215,0.0,20.0,1,0.0,0,0,0.0,-1,-1,-1,-1,0.0,0.0
2026-03-14T22:00,0.0,0.0,0.0,0.0,-1.4,0.7,0.9,159,0,16840.0,0,0.215,0.0,25.0,1,0.0,0,0,0.0,-1,-1,-1,-1,0.0,0.0
2026-03-14T23:00,0.0,0.0,0.0,0.0,-2.0,0.94,1.2,155,0,16840.0,0,0.214,0.0,30.0,1,0.0,0,0,0.0,-1,-1,-1,-1,0.0,0.0
2026-03-15T00:00,0.0,0.0,0.0,0.0,-1.8,0.55,1.7,180,0,16600.0,0,0.221,0.0,20.0,1,0.0,0,0,0.0,-1,-1,-1,-1,0.0,0.0
2026-03-15T01:00,0.0,0.0,0.0,0.0,-1.9,0.46,0.8,131,0,16580.0,1,0.221,0.0,20.0,1,0.0,0,0,0.0,-1,-1,-1,-1,0.0,0.0
2026-03-15T02:00,0.0,0.0,0.0,0.0,0.1,1.67,3.5,141,12,16800.0,1,0.221,0.0,75.0,1,0.0,0,0,0.0,-1,-1,-1,-1,0.0,0.0
2026-03-15T03:00,0.0,0.0,0.0,0.0,2.2,0.76,3.6,169,0,16920.0,1,0.22,0.0,215.0,1,0.0,0,0,0.0,-1,-1,-1,-1,0.0,0.0
2026-03-15T04:00,0.0,0.0,0.0,0.0,4.4,0.54,3.5,202,4,17000.0,1,0.22,0.0,345.0,1,0.0,0,0,0.0,-1,-1,-1,-1,0.0,0.0
2026-03-15T05:00,0.0,0.0,0.0,0.0,6.7,1.21,4.6,232,10,17060.0,1,0.219,0.0,675.0,1,0.0,0,0,0.0,-1,-1,-1,-1,0.0,0.0
2026-03-15T06:00,0.0,0.0,0.0,0.0,8.8,2.87,6.1,264,0,17160.0,1,0.216,0.0,1230.0,1,0.0,0,0,0.0,-1,-1,-1,-1,0.0,0.0
2026-03-15T07:00,0.0,0.0,0.0,0.0,10.1,3.9,8.7,269,0,17160.0,1,0.215,0.0,1390.0,1,0.0,0,0,0.0,-1,-1,-1,-1,0.0,0.0
2026-03-15T08:00,0.0,0.0,0.0,0.0,10.7,4.5,9.6,269,0,17140.0,1,0.214,0.0,1460.0,1,0.0,0,0,0.0,-1,-1,-1,-1,0.0,0.0
2026-03-15T09:00,0.0,0.0,0.0,0.0,10.7,4.4,9.6,271,16,17140.0,1,0.212,0.0,1380.0,1,0.0,0,0,0.0,-1,-1,-1,-1,0.0,0.0
2026-03-15T10:00,0.0,0.0,0.0,0.0,10.1,4.11,9.1,280,6,17120.0,1,0.211,0.0,1060.0,1,0.0,0,0,0.0,-1,-1,-1,-1,0.0,0.0
2026-03-15T11:00,0.0,0.0,0.0,0.0,9.1,3.42,8.3,291,4,17120.0,1,0.211,0.0,570.0,1,0.0,0,0,0.0,-1,-1,-1,-1,0.0,0.0
2026-03-15T12:00,0.0,0.0,0.0,0.0,6.2,1.3,6.3,332,18,16980.0,1,0.199,0.0,165.0,1,0.0,0,0,0.0,-1,-1,-1,-1,0.0,0.0
2026-03-15T13:00,0.0,0.0,0.0,0.0,4.0,1.19,1.9,15,17,16900.0,0,0.199,0.0,40.0,1,0.0,0,0,0.0,-1,-1,-1,-1,0.0,0.0
2026-03-15T14:00,0.0,0.0,0.0,0.0,2.2,1.33,2.2,34,82,16800.0,0,0.199,0.0,25.0,1,0.0,3,0,0.0,-1,-1,-1,-1,0.0,0.0
2026-03-15T15:00,0.0,0.0,0.0,0.0,1.7,2.26,4.0,65,90,16800.0,0,0.199,0.0,50.0,1,0.0,3,0,0.0,-1,-1,-1,-1,0.0,0.0
2026-03-15T16:00,0.0,0.0,0.0,0.0,1.3,2.59,4.6,62,46,16780.0,0,0.198,0.0,60.0,1,0.0,1,0,0.0,-1,-1,-1,-1,0.0,0.0
2026-03-15T17:00,0.0,0.0,0.0,0.0,1.3,2.89,5.2,62,68,16860.0,0,0.198,0.0,65.0,1,0.0,2,0,0.0,-1,-1,-1,-1,0.0,0.0
2026-03-15T18:00,0.0,0.0,0.0,0.0,0.3,2.33,5.3,65,86,16760.0,0,0.198,0.0,45.0,1,0.0,3,0,0.0,-1,-1,-1,-1,0.0,0.0
2026-03-15T19:00,0.0,0.0,0.0,0.0,1.0,2.76,4.9,55,2,16840.0,0,0.198,0.0,65.0,1,0.0,0,0,0.0,-1,-1,-1,-1,0.0,0.0
2026-03-15T20:00,0.0,0.0,0.0,0.0,1.5,3.22,5.7,47,88,16840.0,0,0.198,0.0,85.0,1,0.0,3,0,0.0,-1,-1,-1,-1,0.0,0.0
2026-03-15T21:00,0.0,0.0,0.0,0.0,1.6,3.19,5.9,55,13,16900.0,0,0.198,0.0,105.0,1,0.0,0,0,0.0,-1,-1,-1,-1,0.0,0.0
2026-03-15T22:00,0.0,0.0,0.0,0.0,1.3,2.88,5.7,64,3,16880.0,0,0.198,0.0,90.0,1,0.0,0,0,0.0,-1,-1,-1,-1,0.0,0.0
2026-03-15T23:00,0.0,0.0,0.0,0.0,1.2,3.24,5.8,65,3,16880.0,0,0.198,0.0,100.0,1,0.0,0,0,0.0,-1,-1,-1,-1,0.0,0.0
2026-03-16T00:00,0.0,0.0,0.0,0.0,0.4,2.95,6.1,64,1,16800.0,0,0.219,0.0,75.0,1,0.0,0,0,0.0,-1,-1,-1,-1,0.0,0.0
2026-03-16T01:00,0.0,0.0,0.0,0.0,0.1,2.61,5.3,70,2,16780.0,1,0.219,0.0,75.0,1,0.0,0,0,0.0,-1,-1,-1,-1,0.0,0.0
2026-03-16T02:00,0.0,0.0,0.0,0.0,2.9,2.23,4.7,56,2,16840.0,1,0.219,0.0,80.0,1,0.0,0,0,0.0,-1,-1,-1,-1,0.0,0.0
2026-03-16T03:00,0.0,0.0,0.0,0.0,6.1,1.36,4.1,6,0,16960.0,1,0.219,0.0,130.0,1,0.0,0,0,0.0,-1,-1,-1,-1,0.0,0.0
2026-03-16T04:00,0.0,0.0,0.0,0.0,8.7,1.1,4.4,357,0,16960.0,1,0.219,0.0,325.0,1,0.0,0,0,0.0,-1,-1,-1,-1,0.0,0.0
2026-03-16T05:00,0.0,0.0,0.0,0.0,10.1,0.64,4.1,225,5,16960.0,1,0.218,0.0,895.0,1,0.0,0,0,0.0,-1,-1,-1,-1,0.0,0.0
2026-03-16T06:00,0.0,0.0,0.0,0.0,11.2,2.31,5.6,264,35,16940.0,1,0.215,0.0,1285.0,1,0.0,1,0,0.0,-1,-1,-1,-1,0.0,0.0
2026-03-16T07:00,0.0,0.0,0.0,0.0,12.1,3.26,7.5,274,6,16940.0,1,0.214,0.0,1525.0,1,0.0,0,0,0.0,-1,-1,-1,-1,0.0,0.0
2026-03-16T08:00,0.0,0.0,0.0,0.0,12.3,4.15,8.8,271,0,16920.0,1,0.213,0.0,1530.0,1,0.0,0,0,0.0,-1,-1,-1,-1,0.0,0.0
2026-03-16T09:00,0.0,0.0,0.0,0.0,12.2,4.35,9.1,267,2,16920.0,1,0.212,0.0,1445.0,1,0.0,0,0,0.0,-1,-1,-1,-1,0.0,0.0
2026-03-16T10:00,0.0,0.0,0.0,0.0,11.7,3.86,8.9,266,29,16900.0,1,0.211,0.0,1350.0,1,0.0,1,0,0.0,-1,-1,-1,-1,0.0,0.0
2026-03-16T11:00,0.0,0.0,0.0,0.0,10.7,2.7,7.6,251,7,16900.0,1,0.21,0.0,990.0,1,0.0,0,0,0.0,-1,-1,-1,-1,0.0,0.0
2026-03-16T12:00,0.0,0.0,0.0,0.0,8.6,1.41,4.6,253,33,16880.0,1,0.195,0.0,155.0,1,0.0,1,0,0.0,-1,-1,-1,-1,0.0,0.0
2026-03-16T13:00,0.0,0.0,0.0,0.0,7.0,0.35,1.9,278,90,16880.0,0,0.195,0.0,20.0,1,0.0,3,0,0.0,-1,-1,-1,-1,0.0,0.0
2026-03-16T14:00,0.0,0.0,0.0,0.0,5.8,0.11,0.8,117,87,16880.0,0,0.195,0.0,15.0,1,0.0,3,0,0.0,-1,-1,-1,-1,0.0,0.0
2026-03-16T15:00,0.0,0.0,0.0,0.0,5.2,0.22,0.5,153,99,16880.0,0,0.195,0.0,15.0,1,0.0,3,0,0.0,-1,-1,-1,-1,0.0,0.0
2026-03-16T16:00,0.0,0.0,0.0,0.0,4.7,0.27,0.7,22,99,16880.0,0,0.195,0.0,30.0,1,0.0,3,0,0.0,-1,-1,-1,-1,0.0,0.0
2026-03-16T17:00,0.0,0.0,0.0,0.0,3.3,0.69,1.1,60,100,16840.0,0,0.195,0.0,30.0,1,0.0,3,0,0.0,-1,-1,-1,-1,0.0,0.0
2026-03-16T18:00,0.0,0.0,0.0,0.0,3.0,0.56,1.6,63,100,16840.0,0,0.194,0.0,25.0,1,0.0,3,0,0.0,-1,-1,-1,-1,0.0,0.0
2026-03-16T19:00,0.0,0.0,0.0,0.0,1.7,1.08,1.5,77,100,16720.0,0,0.194,0.0,35.0,1,0.0,3,0,0.0,-1,-1,-1,-1,0.0,0.0
2026-03-16T20:00,0.0,0.0,0.0,0.0,1.2,1.3,1.9,90,100,16640.0,0,0.194,0.0,35.0,1,0.0,3,0,0.0,-1,-1,-1,-1,0.0,0.0
2026-03-16T21:00,0.0,0.0,0.0,0.0,0.6,1.25,1.8,88,100,16640.0,0,0.194,0.0,35.0,1,0.0,3,0,0.0,-1,-1,-1,-1,0.0,0.0
2026-03-16T22:00,0.0,0.0,0.0,0.0,0.8,1.16,2.0,83,100,16720.0,0,0.194,0.0,35.0,1,0.0,3,0,0.0,-1,-1,-1,-1,0.0,0.0
2026-03-16T23:00,0.0,0.0,0.0,0.0,0.6,1.1,1.7,114,100,16640.0,0,0.194,0.0,40.0,1,0.0,3,0,0.0,-1,-1,-1,-1,0.0,0.0
2026-03-17T00:00,0.0,0.0,0.0,0.0,-0.5,1.48,1.7,78,100,16640.0,0,0.203,0.0,35.0,1,0.0,3,0,0.0,-1,-1,-1,-1,0.0,0.0
2026-03-17T01:00,0.0,0.0,0.0,0.0,0.5,1.47,2.3,80,100,16640.0,1,0.203,0.0,35.0,1,0.0,3,0,0.0,-1,-1,-1,-1,0.0,0.0
2026-03-17T02:00,0.0,0.0,0.0,0.0,3.8,1.64,2.7,78,100,16700.0,1,0.202,0.0,50.0,1,0.0,3,0,0.0,-1,-1,-1,-1,0.0,0.0
2026-03-17T03:00,0.0,0.0,0.0,0.0,6.6,1.24,3.4,137,100,16820.0,1,0.202,0.0,275.0,1,0.0,3,0,0.0,-1,-1,-1,-1,0.0,0.0
2026-03-17T04:00,0.0,0.0,0.0,0.0,8.2,1.95,4.8,151,100,16840.0,1,0.201,0.0,440.0,1,0.0,3,0,0.0,-1,-1,-1,-1,0.0,0.0
2026-03-17T05:00,0.0,0.0,0.0,0.0,9.6,1.97,5.4,150,100,16840.0,1,0.2,0.0,660.0,1,0.0,3,0,0.0,-1,-1,-1,-1,0.0,0.0
2026-03-17T06:00,0.0,0.0,0.0,0.0,10.8,1.57,5.4,143,99,16840.0,1,0.203,0.0,1085.0,1,0.0,3,0,0.0,-1,-1,-1,-1,0.0,0.0
2026-03-17T07:00,0.0,0.0,0.0,0.0,12.1,1.01,5.0,153,98,16840.0,1,0.201,0.0,1620.0,1,0.0,3,0,0.0,-1,-1,-1,-1,0.0,0.0
2026-03-17T08:00,0.0,0.0,0.0,0.0,12.7,0.68,4.5,197,100,16840.0,1,0.2,0.0,1835.0,1,0.0,3,0,0.0,-1,-1,-1,-1,0.0,0.0
2026-03-17T09:00,0.0,0.0,0.0,0.0,12.9,0.68,4.1,253,100,16840.0,1,0.199,0.0,1960.0,1,0.0,3,0,0.0,-1,-1,-1,-1,0.0,0.0
2026-03-17T10:00,0.0,0.0,0.0,0.0,12.8,0.96,3.8,276,100,16840.0,1,0.198,0.0,2085.0,1,0.0,3,0,0.0,-1,-1,-1,-1,0.0,0.0
2026-03-17T11:00,0.0,0.0,0.0,0.0,12.2,1.25,3.6,293,100,16840.0,1,0.198,0.0,2050.0,1,0.0,3,0,0.0,-1,-1,-1,-1,0.0,0.0
2026-03-17T12:00,0.0,0.0,0.0,0.0,9.5,0.67,2.7,297,100,16820.0,1,0.188,0.0,70.0,1,0.0,3,0,0.0,-1,-1,-1,-1,0.0,0.0
2026-03-17T13:00,0.0,0.0,0.0,0.0,8.0,0.51,1.1,11,100,16800.0,0,0.188,0.0,35.0,1,0.0,3,0,0.0,-1,-1,-1,-1,0.0,0.0
2026-03-17T14:00,0.0,0.0,0.0,0.0,7.2,0.54,1.1,56,100,16780.0,0,0.188,0.0,35.0,1,0.0,3,0,0.0,-1,-1,-1,-1,0.0,0.0
2026-03-17T15:00,0.0,0.0,0.0,0.0,6.8,0.3,1.0,90,100,16780.0,0,0.188,0.0,25.0,1,0.0,3,0,0.0,-1,-1,-1,-1,0.0,0.0
2026-03-17T16:00,0.0,0.0,0.0,0.0,6.3,0.14,0.6,135,100,16660.0,0,0.188,0.0,15.0,1,0.0,3,0,0.0,-1,-1,-1,-1,0.0,0.0
2026-03-17T17:00,0.0,0.0,0.0,0.0,5.7,0.1,0.5,90,100,16660.0,0,0.188,0.0,15.0,1,0.0,3,0,0.0,-1,-1,-1,-1,0.0,0.0
2026-03-17T18:00,0.0,0.0,0.0,0.0,5.2,0.11,0.7,27,100,16760.0,0,0.18,0.0,10.0,1,0.0,3,0,0.0,-1,-1,-1,-1,0.0,0.0
2026-03-17T19:00,0.0,0.0,0.0,0.0,4.4,0.64,1.0,45,100,16640.0,0,0.18,0.0,30.0,1,0.0,3,0,0.0,-1,-1,-1,-1,0.0,0.0
2026-03-17T20:00,0.0,0.0,0.0,0.0,3.6,0.63,1.3,72,100,16580.0,0,0.18,0.0,25.0,1,0.0,3,0,0.0,-1,-1,-1,-1,0.0,0.0
2026-03-17T21:00,0.0,0.0,0.0,0.0,3.4,0.21,1.0,135,100,16580.0,0,0.18,0.0,15.0,1,0.0,3,0,0.0,-1,-1,-1,-1,0.0,0.0
2026-03-17T22:00,0.0,0.0,0.0,0.0,2.9,0.21,0.5,104,100,16560.0,0,0.18,0.0,15.0,1,0.0,3,0,0.0,-1,-1,-1,-1,0.0,0.0
2026-03-17T23:00,0.0,0.0,0.0,0.0,2.1,0.43,0.7,126,100,16560.0,0,0.18,0.0,15.0,1,0.0,3,0,0.0,-1,-1,-1,-1,0.0,0.0
2026-03-18T00:00,0.0,0.0,0.0,0.0,1.2,0.85,1.3,93,97,16480.0,0,0.18,0.0,15.0,1,0.0,3,0,0.0,-1,-1,-1,-1,0.0,0.0
2026-03-18T01:00,0.0,0.0,0.0,0.0,1.5,0.55,1.9,95,100,16560.0,1,0.18,0.0,15.0,1,0.0,3,0,0.0,-1,-1,-1,-1,0.0,0.0
2026-03-18T02:00,0.0,0.0,0.0,0.0,4.1,0.7,1.8,111,98,16560.0,1,0.18,0.0,15.0,1,0.0,3,0,0.0,-1,-1,-1,-1,0.0,0.0
2026-03-18T03:00,0.0,0.0,0.0,0.0,7.4,1.54,3.8,193,83,16740.0,1,0.179,0.0,185.0,1,0.0,3,0,0.0,-1,-1,-1,-1,0.0,0.0
2026-03-18T04:00,0.0,0.0,0.0,0.0,9.7,1.88,5.0,245,25,16740.0,1,0.179,0.0,715.0,1,0.0,1,0,0.0,-1,-1,-1,-1,0.0,0.0
2026-03-18T05:00,0.0,0.0,0.0,0.0,11.2,3.41,7.2,266,2,16740.0,1,0.178,0.0,2015.0,1,0.0,0,0,0.0,-1,-1,-1,-1,0.0,0.0
2026-03-18T06:00,0.0,0.0,0.0,0.0,11.8,7.12,11.5,266,44,13080.0,1,0.178,0.0,2070.0,1,0.0,1,0,0.0,-1,-1,-1,-1,0.0,0.0
2026-03-18T07:00,0.1,1.0,0.0,0.0,12.3,7.45,14.5,277,42,10440.0,1,0.178,0.0,2195.0,1,0.0,51,0,0.0,-1,-1,-1,-1,0.0,0.0
2026-03-18T08:00,0.0,0.0,0.0,0.0,12.9,7.46,14.4,280,84,16740.0,1,0.177,0.0,2505.0,1,0.0,3,0,0.0,-1,-1,-1,-1,0.0,0.0
2026-03-18T09:00,0.0,0.0,0.0,0.0,12.6,7.23,14.3,287,16,16740.0,1,0.176,0.0,2210.0,1,0.0,0,0,0.0,-1,-1,-1,-1,0.0,0.0
2026-03-18T10:00,0.0,0.0,0.0,0.0,12.7,6.32,13.7,283,2,16740.0,1,0.176,0.0,2145.0,1,0.0,0,0,0.0,-1,-1,-1,-1,0.0,0.0
2026-03-18T11:00,0.0,0.0,0.0,0.0,12.2,4.96,11.9,285,2,16740.0,1,0.175,0.0,1895.0,1,0.0,0,0,0.0,-1,-1,-1,-1,0.0,0.0
2026-03-18T12:00,0.0,0.0,0.0,0.0,9.8,2.93,8.8,295,0,16720.0,1,0.161,0.0,565.0,1,0.0,0,0,0.0,-1,-1,-1,-1,0.0,0.0
2026-03-18T13:00,0.0,0.0,0.0,0.0,7.3,1.29,5.3,257,0,16700.0,0,0.161,0.0,155.0,1,0.0,0,0,0.0,-1,-1,-1,-1,0.0,0.0
2026-03-18T14:00,0.0,0.0,0.0,0.0,6.7,0.72,1.8,245,5,16700.0,0,0.161,0.0,40.0,1,0.0,0,0,0.0,-1,-1,-1,-1,0.0,0.0
2026-03-18T15:00,0.0,0.0,0.0,0.0,6.4,0.4,1.2,240,22,16700.0,0,0.161,0.0,25.0,1,0.0,1,0,0.0,-1,-1,-1,-1,0.0,0.0
2026-03-18T16:00,0.0,0.0,0.0,0.0,4.2,1.46,1.6,164,1,16580.0,0,0.161,0.0,50.0,1,0.0,0,0,0.0,-1,-1,-1,-1,0.0,0.0
2026-03-18T17:00,0.0,0.0,0.0,0.0,3.4,0.51,1.9,119,0,16580.0,0,0.161,0.0,15.0,1,0.0,0,0,0.0,-1,-1,-1,-1,0.0,0.0
2026-03-18T18:00,0.0,0.0,0.0,0.0,2.9,0.45,0.9,90,0,16580.0,0,0.155,0.0,20.0,1,0.0,0,0,0.0,-1,-1,-1,-1,0.0,0.0
2026-03-18T19:00,0.0,0.0,0.0,0.0,2.8,0.39,0.9,130,0,16580.0,0,0.155,0.0,25.0,1,0.0,0,0,0.0,-1,-1,-1,-1,0.0,0.0
2026-03-18T20:00,0.0,0.0,0.0,0.0,1.9,0.78,1.2,117,0,16580.0,0,0.155,0.0,30.0,1,0.0,0,0,0.0,-1,-1,-1,-1,0.0,0.0
2026-03-18T21:00,0.0,0.0,0.0,0.0,1.1,0.99,1.4,120,0,16500.0,0,0.155,0.0,30.0,1,0.0,0,0,0.0,-1,-1,-1,-1,0.0,0.0
2026-03-18T22:00,0.0,0.0,0.0,0.0,0.2,1.55,2.2,111,0,16500.0,0,0.155,0.0,30.0,1,0.0,0,0,0.0,-1,-1,-1,-1,0.0,0.0
2026-03-18T23:00,0.0,0.0,0.0,0.0,0.3,1.46,2.2,112,0,16500.0,0,0.155,0.0,35.0,1,0.0,0,0,0.0,-1,-1,-1,-1,0.0,0.0
2026-03-19T00:00,0.0,0.0,0.0,0.0,0.2,1.63,1.9,108,0,16500.0,0,0.158,0.0,40.0,1,0.0,0,0,0.0,-1,-1,-1,-1,0.0,0.0
2026-03-19T01:00,0.0,0.0,0.0,0.0,0.6,1.0,2.2,143,0,16480.0,1,0.158,0.0,35.0,1,0.0,0,0,0.0,-1,-1,-1,-1,0.0,0.0
2026-03-19T02:00,0.0,0.0,0.0,0.0,3.3,1.26,2.7,124,0,16480.0,1,0.158,0.0,50.0,1,0.0,0,0,0.0,-1,-1,-1,-1,0.0,0.0
2026-03-19T03:00,0.0,0.0,0.0,0.0,5.9,0.89,3.4,142,40,16540.0,1,0.157,0.0,110.0,1,0.0,1,0,0.0,-1,-1,-1,-1,0.0,0.0
2026-03-19T04:00,0.0,0.0,0.0,0.0,8.8,0.75,3.8,143,78,16660.0,1,0.157,0.0,265.0,1,0.0,2,0,0.0,-1,-1,-1,-1,0.0,0.0
2026-03-19T05:00,0.0,0.0,0.0,0.0,11.2,0.7,4.1,201,25,16660.0,1,0.156,0.0,520.0,1,0.0,1,0,0.0,-1,-1,-1,-1,0.0,0.0
2026-03-19T06:00,0.0,0.0,0.0,0.0,12.7,1.05,4.5,267,73,16680.0,1,0.158,0.0,1130.0,1,0.0,2,0,0.0,-1,-1,-1,-1,0.0,0.0
2026-03-19T07:00,0.0,0.0,0.0,0.0,14.3,2.21,6.2,266,23,16680.0,1,0.157,0.0,1400.0,1,0.0,1,0,0.0,-1,-1,-1,-1,0.0,0.0
2026-03-19T08:00,0.0,0.0,0.0,0.0,15.0,3.05,7.3,272,9,16680.0,1,0.156,0.0,1585.0,1,0.0,0,0,0.0,-1,-1,-1,-1,0.0,0.0
2026-03-19T09:00,0.0,0.0,0.0,0.0,15.2,3.61,8.0,274,8,16680.0,1,0.155,0.0,1730.0,1,0.0,0,0,0.0,-1,-1,-1,-1,0.0,0.0
2026-03-19T10:00,0.0,0.0,0.0,0.0,14.8,3.9,8.0,269,2,16660.0,1,0.154,0.0,1685.0,1,0.0,0,0,0.0,-1,-1,-1,-1,0.0,0.0
2026-03-19T11:00,0.0,0.0,0.0,0.0,14.0,3.55,7.9,271,0,16660.0,1,0.154,0.0,1555.0,1,0.0,0,0,0.0,-1,-1,-1,-1,0.0,0.0
2026-03-19T12:00,0.0,0.0,0.0,0.0,10.9,1.47,6.4,288,0,16660.0,1,0.139,0.0,155.0,1,0.0,0,0,0.0,-1,-1,-1,-1,0.0,0.0
2026-03-19T13:00,0.0,0.0,0.0,0.0,9.1,0.83,2.0,303,0,16640.0,0,0.139,0.0,50.0,1,0.0,0,0,0.0,-1,-1,-1,-1,0.0,0.0
2026-03-19T14:00,0.0,0.0,0.0,0.0,8.5,0.28,1.3,225,0,16620.0,0,0.139,0.0,15.0,1,0.0,0,0,0.0,-1,-1,-1,-1,0.0,0.0
2026-03-19T15:00,0.0,0.0,0.0,0.0,7.6,0.16,0.6,162,0,16620.0,0,0.139,0.0,15.0,1,0.0,0,0,0.0,-1,-1,-1,-1,0.0,0.0
2026-03-19T16:00,0.0,0.0,0.0,0.0,6.8,0.11,0.4,117,0,16620.0,0,0.139,0.0,10.0,1,0.0,0,0,0.0,-1,-1,-1,-1,0.0,0.0
2026-03-19T17:00,0.0,0.0,0.0,0.0,5.8,0.22,0.5,117,0,16620.0,0,0.139,0.0,15.0,1,0.0,0,0,0.0,-1,-1,-1,-1,0.0,0.0
2026-03-19T18:00,0.0,0.0,0.0,0.0,5.1,0.47,1.0,122,0,16620.0,0,0.137,0.0,20.0,1,0.0,0,0,0.0,-1,-1,-1,-1,0.0,0.0
2026-03-19T19:00,0.0,0.0,0.0,0.0,4.4,0.74,1.1,110,0,16500.0,0,0.137,0.0,25.0,1,0.0,0,0,0.0,-1,-1,-1,-1,0.0,0.0
2026-03-19T20:00,0.0,0.0,0.0,0.0,3.6,0.9,1.4,90,0,16500.0,0,0.137,0.0,30.0,1,0.0,0,0,0.0,-1,-1,-1,-1,0.0,0.0
2026-03-19T21:00,0.0,0.0,0.0,0.0,3.0,1.11,1.7,82,0,16500.0,0,0.137,0.0,30.0,1,0.0,0,0,0.0,-1,-1,-1,-1,0.0,0.0
2026-03-19T22:00,0.0,0.0,0.0,0.0,2.2,1.2,1.8,88,0,16500.0,0,0.137,0.0,25.0,1,0.0,0,0,0.0,-1,-1,-1,-1,0.0,0.0
2026-03-19T23:00,0.0,0.0,0.0,0.0,1.1,1.5,2.1,92,0,16420.0,0,0.137,0.0,30.0,1,0.0,0,0,0.0,-1,-1,-1,-1,0.0,0.0
2026-03-20T00:00,0.0,0.0,0.0,0.0,0.7,2.11,2.6,95,0,16420.0,0,0.145,0.0,40.0,1,0.0,0,0,0.0,-1,-1,-1,-1,0.0,0.0
2026-03-20T01:00,0.0,0.0,0.0,0.0,1.2,1.74,3.0,78,0,16420.0,1,0.145,0.0,35.0,1,0.0,0,0,0.0,-1,-1,-1,-1,0.0,0.0
2026-03-20T02:00,0.0,0.0,0.0,0.0,4.8,2.19,3.6,66,1,16420.0,1,0.145,0.0,45.0,1,0.0,0,0,0.0,-1,-1,-1,-1,0.0,0.0
2026-03-20T03:00,0.0,0.0,0.0,0.0,8.4,1.7,4.3,87,6,16480.0,1,0.145,0.0,130.0,1,0.0,0,0,0.0,-1,-1,-1,-1,0.0,0.0
2026-03-20T04:00,0.0,0.0,0.0,0.0,11.3,2.01,5.2,86,88,16580.0,1,0.145,0.0,330.0,1,0.0,3,0,0.0,-1,-1,-1,-1,0.0,0.0
2026-03-20T05:00,0.0,0.0,0.0,0.0,13.4,2.47,6.4,83,92,16600.0,1,0.144,0.0,610.0,1,0.0,3,0,0.0,-1,-1,-1,-1,0.0,0.0
2026-03-20T06:00,0.0,0.0,0.0,0.0,15.1,1.86,6.7,76,26,16620.0,1,0.146,0.0,1185.0,1,0.0,1,0,0.0,-1,-1,-1,-1,0.0,0.0
2026-03-20T07:00,0.0,0.0,0.0,0.0,16.2,1.3,5.7,62,33,16620.0,1,0.145,0.0,1455.0,1,0.0,1,0,0.0,-1,-1,-1,-1,0.0,0.0
2026-03-20T08:00,0.0,0.0,0.0,0.0,16.6,1.75,5.6,37,16,16620.0,1,0.144,0.0,1535.0,1,0.0,0,0,0.0,-1,-1,-1,-1,0.0,0.0
2026-03-20T09:00,0.0,0.0,0.0,0.0,16.5,2.13,6.0,39,26,16620.0,1,0.144,0.0,1360.0,1,0.0,1,0,0.0,-1,-1,-1,-1,0.0,0.0
2026-03-20T10:00,0.0,0.0,0.0,0.0,16.0,2.48,6.0,42,74,16620.0,1,0.143,0.0,995.0,1,0.0,2,0,0.0,-1,-1,-1,-1,0.0,0.0
2026-03-20T11:00,0.0,0.0,0.0,0.0,15.3,1.88,6.0,50,16,16600.0,1,0.142,0.0,615.0,1,0.0,0,0,0.0,-1,-1,-1,-1,0.0,0.0
2026-03-20T12:00,0.0,0.0,0.0,0.0,12.8,0.97,3.6,69,83,16600.0,1,0.127,0.0,115.0,1,0.0,3,0,0.0,-1,-1,-1,-1,0.0,0.0
2026-03-20T13:00,0.0,0.0,0.0,0.0,10.9,2.79,4.9,54,98,16580.0,0,0.127,0.0,235.0,1,0.0,3,0,0.0,-1,-1,-1,-1,0.0,0.0
2026-03-20T14:00,0.0,0.0,0.0,0.0,8.9,2.77,5.1,34,97,16560.0,0,0.126,0.0,85.0,1,0.0,3,0,0.0,-1,-1,-1,-1,0.0,0.0
2026-03-20T15:00,0.0,0.0,0.0,0.0,7.2,2.76,5.0,46,95,16560.0,0,0.126,0.0,60.0,1,0.0,3,0,0.0,-1,-1,-1,-1,0.0,0.0
2026-03-20T16:00,0.0,0.0,0.0,0.0,7.9,3.01,5.4,44,100,16560.0,0,0.126,0.0,90.0,1,0.0,3,0,0.0,-1,-1,-1,-1,0.0,0.0
2026-03-20T17:00,0.0,0.0,0.0,0.0,8.4,3.41,6.0,40,100,16540.0,0,0.126,0.0,115.0,1,0.0,3,0,0.0,-1,-1,-1,-1,0.0,0.0
2026-03-20T18:00,0.0,0.0,0.0,0.0,7.8,3.54,6.8,48,92,16540.0,0,0.123,0.0,100.0,1,0.0,3,0,0.0,-1,-1,-1,-1,0.0,0.0
2026-03-20T19:00,0.0,0.0,0.0,0.0,7.0,3.02,6.3,56,100,16540.0,0,0.123,0.0,85.0,1,0.0,3,0,0.0,-1,-1,-1,-1,0.0,0.0
2026-03-20T20:00,0.0,0.0,0.0,0.0,6.7,3.67,6.3,64,100,16540.0,0,0.123,0.0,110.0,1,0.0,3,0,0.0,-1,-1,-1,-1,0.0,0.0
2026-03-20T21:00,0.0,0.0,0.0,0.0,6.8,3.98,7.1,65,100,16540.0,0,0.123,0.0,125.0,1,0.0,3,0,0.0,-1,-1,-1,-1,0.0,0.0
2026-03-20T22:00,0.0,0.0,0.0,0.0,6.6,3.67,7.1,64,100,16540.0,0,0.123,0.0,115.0,1,0.0,3,0,0.0,-1,-1,-1,-1,0.0,0.0
2026-03-20T23:00,0.0,0.0,0.0,0.0,6.2,3.0,6.5,64,100,16520.0,0,0.123,0.0,80.0,1,0.0,3,0,0.0,-1,-1,-1,-1,0.0,0.0
2026-03-21T00:00,0.0,0.0,0.0,0.0,5.4,3.2,5.4,63,100,16420.0,0,0.131,0.0,60.0,1,0.0,3,0,0.0,-1,-1,-1,-1,0.0,0.0
2026-03-21T01:00,0.0,0.0,0.0,0.0,5.5,2.98,5.8,59,100,16400.0,1,0.131,0.0,60.0,1,0.0,3,0,0.0,-1,-1,-1,-1,0.0,0.0
2026-03-21T02:00,0.0,0.0,0.0,0.0,7.8,2.35,5.3,63,100,16520.0,1,0.131,0.0,55.0,1,0.0,3,0,0.0,-1,-1,-1,-1,0.0,0.0
2026-03-21T03:00,0.0,0.0,0.0,0.0,10.2,1.19,4.1,147,100,16520.0,1,0.131,0.0,180.0,1,0.0,3,0,0.0,-1,-1,-1,-1,0.0,0.0
2026-03-21T04:00,0.0,0.0,0.0,0.0,11.6,0.81,3.3,248,100,16540.0,1,0.13,0.0,370.0,1,0.0,3,0,0.0,-1,-1,-1,-1,0.0,0.0
2026-03-21T05:00,0.0,0.0,0.0,0.0,12.7,1.32,4.5,295,100,16540.0,1,0.13,0.0,590.0,1,0.0,3,0,0.0,-1,-1,-1,-1,0.0,0.0
2026-03-21T06:00,0.0,0.0,0.0,0.0,14.0,1.59,4.6,283,100,16540.0,1,0.136,0.0,930.0,1,0.0,3,0,0.0,-1,-1,-1,-1,0.0,0.0
2026-03-21T07:00,0.0,0.0,0.0,0.0,15.0,2.0,5.4,273,100,16540.0,1,0.135,0.0,1340.0,1,0.0,3,0,0.0,-1,-1,-1,-1,0.0,0.0
2026-03-21T08:00,0.0,0.0,0.0,0.0,15.2,3.05,6.7,252,100,16540.0,1,0.135,0.0,1430.0,1,0.0,3,0,0.0,-1,-1,-1,-1,0.0,0.0
2026-03-21T09:00,0.0,0.0,0.0,0.0,15.1,3.6,7.3,241,100,16540.0,1,0.134,0.0,1395.0,1,0.0,3,0,0.0,-1,-1,-1,-1,0.0,0.0
2026-03-21T10:00,0.0,0.0,0.0,0.0,14.8,4.09,7.7,242,100,16540.0,1,0.134,0.0,1325.0,1,0.0,3,0,0.0,-1,-1,-1,-1,0.0,0.0
2026-03-21T11:00,0.0,0.0,0.0,0.0,14.1,3.91,7.7,242,100,16540.0,1,0.133,0.0,1205.0,1,0.0,3,0,0.0,-1,-1,-1,-1,0.0,0.0
2026-03-21T12:00,0.0,0.0,0.0,0.0,12.6,2.06,6.8,231,100,16520.0,1,0.126,0.0,250.0,1,0.0,3,0,0.0,-1,-1,-1,-1,0.0,0.0
2026-03-21T13:00,0.0,0.0,0.0,0.0,10.4,1.79,3.3,216,100,16520.0,0,0.126,0.0,80.0,1,0.0,3,0,0.0,-1,-1,-1,-1,0.0,0.0
2026-03-21T14:00,0.0,0.0,0.0,0.0,9.9,1.15,2.3,214,100,16500.0,0,0.126,0.0,85.0,1,0.0,3,0,0.0,-1,-1,-1,-1,0.0,0.0
2026-03-21T15:00,0.0,0.0,0.0,0.0,9.5,0.29,1.6,329,100,16500.0,0,0.126,0.0,15.0,1,0.0,3,0,0.0,-1,-1,-1,-1,0.0,0.0
2026-03-21T16:00,0.0,0.0,0.0,0.0,8.9,0.36,0.7,16,100,16500.0,0,0.126,0.0,20.0,1,0.0,3,0,0.0,-1,-1,-1,-1,0.0,0.0
2026-03-21T17:00,0.0,0.0,0.0,0.0,8.7,0.16,0.7,72,100,16500.0,0,0.126,0.0,10.0,1,0.0,3,0,0.0,-1,-1,-1,-1,0.0,0.0
2026-03-21T18:00,0.0,0.0,0.0,0.0,7.3,0.5,0.4,174,100,16480.0,0,0.125,0.0,20.0,1,0.0,3,0,0.0,-1,-1,-1,-1,0.0,0.0
2026-03-21T19:00,0.0,0.0,0.0,0.0,6.2,0.58,0.8,149,100,16460.0,0,0.125,0.0,20.0,1,0.0,3,0,0.0,-1,-1,-1,-1,0.0,0.0
2026-03-21T20:00,0.0,0.0,0.0,0.0,5.5,0.43,0.8,111,100,16460.0,0,0.125,0.0,15.0,1,0.0,3,0,0.0,-1,-1,-1,-1,0.0,0.0
2026-03-21T21:00,0.0,0.0,0.0,0.0,5.1,0.45,0.7,96,100,16340.0,0,0.125,0.0,20.0,1,0.0,3,0,0.0,-1,-1,-1,-1,0.0,0.0
2026-03-21T22:00,0.0,0.0,0.0,0.0,4.4,0.87,1.2,103,100,16340.0,0,0.125,0.0,30.0,1,0.0,3,0,0.0,-1,-1,-1,-1,0.0,0.0
2026-03-21T23:00,0.0,0.0,0.0,0.0,4.3,1.0,1.4,108,100,16340.0,0,0.125,0.0,30.0,1,0.0,3,0,0.0,-1,-1,-1,-1,0.0,0.0
2026-03-22T00:00,0.0,0.0,0.0,0.0,4.6,0.18,1.3,124,99,16340.0,0,0.122,0.0,15.0,0,0.0,3,0,0.0,-1,-1,-1,-1,0.0,0.0
2026-03-22T01:00,0.0,0.0,0.0,0.0,4.8,0.91,1.5,99,100,16340.0,1,0.122,0.0,35.0,1,0.0,3,0,0.0,-1,-1,-1,-1,0.0,0.0
2026-03-22T02:00,0.0,0.0,0.0,0.0,6.7,1.95,3.6,91,100,16340.0,1,0.122,0.0,60.0,1,0.0,3,0,0.0,-1,-1,-1,-1,0.0,0.0
2026-03-22T03:00,0.0,0.0,0.0,0.0,8.5,1.63,4.1,101,100,16440.0,1,0.122,0.0,140.0,1,0.0,3,0,0.0,-1,-1,-1,-1,0.0,0.0
2026-03-22T04:00,0.0,0.0,0.0,0.0,10.4,1.02,4.0,101,100,16440.0,1,0.122,0.0,250.0,1,0.0,3,0,0.0,-1,-1,-1,-1,0.0,0.0
2026-03-22T05:00,0.0,0.0,0.0,0.0,13.1,0.14,3.9,225,88,16460.0,1,0.122,0.0,550.0,1,0.0,3,0,0.0,-1,-1,-1,-1,0.0,0.0
2026-03-22T06:00,0.0,0.0,0.0,0.0,15.0,1.75,4.9,283,66,16460.0,1,0.125,0.0,970.0,0,0.0,2,0,0.0,-1,-1,-1,-1,0.0,0.0
2026-03-22T07:00,0.0,0.0,0.0,0.0,16.6,3.05,7.5,273,95,16460.0,1,0.124,0.0,1805.0,0,0.0,3,0,0.0,-1,-1,-1,-1,0.0,0.0
2026-03-22T08:00,0.0,0.0,0.0,0.0,17.4,3.97,8.7,276,4,16460.0,1,0.124,0.0,2290.0,0,0.0,0,0,0.0,-1,-1,-1,-1,0.0,0.0
2026-03-22T09:00,0.0,0.0,0.0,0.0,17.1,4.9,10.1,287,83,16440.0,1,0.123,0.0,2110.0,0,0.0,3,0,0.0,-1,-1,-1,-1,0.0,0.0
2026-03-22T10:00,0.0,0.0,0.0,0.0,16.9,4.2,10.1,285,100,16440.0,1,0.123,0.0,2000.0,0,0.0,3,0,0.0,-1,-1,-1,-1,0.0,0.0
2026-03-22T11:00,0.0,0.0,0.0,0.0,16.3,3.37,8.5,291,100,16440.0,1,0.123,0.0,1860.0,0,0.0,3,0,0.0,-1,-1,-1,-1,0.0,0.0
2026-03-22T12:00,0.0,0.0,0.0,0.0,14.7,2.28,6.4,334,81,16440.0,1,0.107,0.0,390.0,0,0.0,3,0,0.0,-1,-1,-1,-1,0.0,0.0
2026-03-22T13:00,0.0,0.0,0.0,0.0,11.9,0.84,4.2,17,72,16440.0,0,0.107,0.0,35.0,1,0.0,2,0,0.0,-1,-1,-1,-1,0.0,0.0
2026-03-22T14:00,0.0,0.0,0.0,0.0,9.9,0.89,1.4,74,32,16420.0,0,0.107,0.0,25.0,1,0.0,1,0,0.0,-1,-1,-1,-1,0.0,0.0
2026-03-22T15:00,0.0,0.0,0.0,0.0,9.2,1.18,2.0,78,5,16400.0,0,0.107,0.0,35.0,1,0.0,0,0,0.0,-1,-1,-1,-1,0.0,0.0
2026-03-22T16:00,0.0,0.0,0.0,0.0,8.1,1.6,2.4,58,1,16300.0,0,0.107,0.0,40.0,1,0.0,0,0,0.0,-1,-1,-1,-1,0.0,0.0
2026-03-22T17:00,0.0,0.0,0.0,0.0,7.5,1.38,2.6,77,1,16300.0,0,0.107,0.0,35.0,1,0.0,0,0,0.0,-1,-1,-1,-1,0.0,0.0
2026-03-22T18:00,0.0,0.0,0.0,0.0,6.3,1.41,2.1,82,0,16220.0,0,0.101,0.0,25.0,1,0.0,0,0,0.0,-1,-1,-1,-1,0.0,0.0
2026-03-22T19:00,0.0,0.0,0.0,0.0,5.9,1.96,3.6,52,0,16220.0,0,0.101,0.0,35.0,1,0.0,0,0,0.0,-1,-1,-1,-1,0.0,0.0
2026-03-22T20:00,0.0,0.0,0.0,0.0,4.8,1.61,3.7,60,0,16220.0,0,0.101,0.0,30.0,1,0.0,0,0,0.0,-1,-1,-1,-1,0.0,0.0
2026-03-22T21:00,0.0,0.0,0.0,0.0,4.4,1.28,2.6,69,0,16220.0,0,0.101,0.0,25.0,1,0.0,0,0,0.0,-1,-1,-1,-1,0.0,0.0
2026-03-22T22:00,0.0,0.0,0.0,0.0,4.1,1.25,1.9,88,0,16220.0,0,0.101,0.0,30.0,1,0.0,0,0,0.0,-1,-1,-1,-1,0.0,0.0
2026-03-22T23:00,0.0,0.0,0.0,0.0,3.4,1.45,2.0,92,0,16220.0,0,0.101,0.0,35.0,1,0.0,0,0,0.0,-1,-1,-1,-1,0.0,0.0
2026-03-23T00:00,0.0,0.0,0.0,0.0,4.2,1.68,2.2,73,0,16200.0,0,0.105,0.0,35.0,1,0.0,0,0,0.0,-1,-1,-1,-1,0.0,0.0
2026-03-23T01:00,0.0,0.0,0.0,0.0,4.9,1.69,2.7,102,0,16280.0,1,0.105,0.0,45.0,1,0.0,0,0,0.0,-1,-1,-1,-1,0.0,0.0
2026-03-23T02:00,0.0,0.0,0.0,0.0,8.4,2.02,2.8,130,0,16380.0,1,0.105,0.0,65.0,1,0.0,0,0,0.0,-1,-1,-1,-1,0.0,0.0
2026-03-23T03:00,0.0,0.0,0.0,0.0,11.4,0.94,3.6,122,2,16400.0,1,0.105,0.0,145.0,1,0.0,0,0,0.0,-1,-1,-1,-1,0.0,0.0
2026-03-23T04:00,0.0,0.0,0.0,0.0,14.3,1.17,4.2,149,12,16400.0,1,0.105,0.0,410.0,1,0.0,0,0,0.0,-1,-1,-1,-1,0.0,0.0
2026-03-23T05:00,0.0,0.0,0.0,0.0,16.3,0.8,4.3,184,25,16400.0,1,0.105,0.0,665.0,1,0.0,1,0,0.0,-1,-1,-1,-1,0.0,0.0
2026-03-23T06:00,0.0,0.0,0.0,0.0,17.5,1.57,5.0,261,0,16400.0,1,0.11,0.0,1255.0,1,0.0,0,0,0.0,-1,-1,-1,-1,0.0,0.0
2026-03-23T07:00,0.0,0.0,0.0,0.0,19.0,3.02,7.3,263,0,16400.0,1,0.11,0.0,1975.0,1,0.0,0,0,0.0,-1,-1,-1,-1,0.0,0.0
2026-03-23T08:00,0.0,0.0,0.0,0.0,19.7,4.4,9.4,269,0,16400.0,1,0.11,0.0,2075.0,1,0.0,0,0,0.0,-1,-1,-1,-1,0.0,0.0
2026-03-23T09:00,0.0,0.0,0.0,0.0,19.8,5.11,10.4,266,52,16400.0,1,0.11,0.0,2060.0,1,0.0,2,0,0.0,-1,-1,-1,-1,0.0,0.0
2026-03-23T10:00,0.0,0.0,0.0,0.0,19.5,5.01,10.4,267,85,16400.0,1,0.11,0.0,1945.0,1,0.0,3,0,0.0,-1,-1,-1,-1,0.0,0.0
2026-03-23T11:00,0.0,0.0,0.0,0.0,18.8,4.4,9.8,273,6,16400.0,1,0.11,0.0,1690.0,1,0.0,0,0,0.0,-1,-1,-1,-1,0.0,0.0
2026-03-23T12:00,0.0,0.0,0.0,0.0,16.4,1.84,8.1,299,3,16400.0,1,0.091,0.0,270.0,1,0.0,0,0,0.0,-1,-1,-1,-1,0.0,0.0
2026-03-23T13:00,0.0,0.0,0.0,0.0,14.3,0.51,2.9,281,90,16380.0,0,0.091,0.0,30.0,1,0.0,3,0,0.0,-1,-1,-1,-1,0.0,0.0
2026-03-23T14:00,0.0,0.0,0.0,0.0,12.9,0.25,0.9,169,90,16360.0,0,0.091,0.0,15.0,1,0.0,3,0,0.0,-1,-1,-1,-1,0.0,0.0
2026-03-23T15:00,0.0,0.0,0.0,0.0,11.7,0.38,0.5,157,6,16360.0,0,0.091,0.0,20.0,1,0.0,0,0,0.0,-1,-1,-1,-1,0.0,0.0
2026-03-23T16:00,0.0,0.0,0.0,0.0,10.1,0.72,1.0,155,0,16360.0,0,0.091,0.0,20.0,1,0.0,0,0,0.0,-1,-1,-1,-1,0.0,0.0
2026-03-23T17:00,0.0,0.0,0.0,0.0,9.1,0.4,1.0,120,2,16360.0,0,0.091,0.0,15.0,1,0.0,0,0,0.0,-1,-1,-1,-1,0.0,0.0
2026-03-23T18:00,0.0,0.0,0.0,0.0,8.6,0.46,1.0,139,0,16360.0,0,0.089,0.0,20.0,1,0.0,0,0,0.0,-1,-1,-1,-1,0.0,0.0
2026-03-23T19:00,0.0,0.0,0.0,0.0,6.9,1.07,1.5,118,0,16340.0,0,0.089,0.0,30.0,1,0.0,0,0,0.0,-1,-1,-1,-1,0.0,0.0
2026-03-23T20:00,0.0,0.0,0.0,0.0,6.0,1.17,2.0,100,0,16320.0,0,0.089,0.0,30.0,1,0.0,0,0,0.0,-1,-1,-1,-1,0.0,0.0
2026-03-23T21:00,0.0,0.0,0.0,0.0,5.7,1.09,1.9,106,0,16320.0,0,0.089,0.0,30.0,1,0.0,0,0,0.0,-1,-1,-1,-1,0.0,0.0
2026-03-23T22:00,0.0,0.0,0.0,0.0,5.2,1.46,2.2,106,6,16320.0,0,0.089,0.0,30.0,1,0.0,0,0,0.0,-1,-1,-1,-1,0.0,0.0
2026-03-23T23:00,0.0,0.0,0.0,0.0,5.0,1.61,2.6,106,4,16320.0,0,0.089,0.0,35.0,1,0.0,0,0,0.0,-1,-1,-1,-1,0.0,0.0
2026-03-24T00:00,0.0,0.0,0.0,0.0,4.5,1.66,2.4,115,0,16320.0,0,0.1,0.0,45.0,1,0.0,0,0,0.0,-1,-1,-1,-1,0.0,0.0
2026-03-24T01:00,0.0,0.0,0.0,0.0,5.1,1.51,2.3,96,0,16320.0,1,0.1,0.0,50.0,1,0.0,0,0,0.0,-1,-1,-1,-1,0.0,0.0
2026-03-24T02:00,0.0,0.0,0.0,0.0,8.6,2.01,3.8,104,100,16320.0,1,0.1,0.0,70.0,1,0.0,3,0,0.0,-1,-1,-1,-1,0.0,0.0
2026-03-24T03:00,0.0,0.0,0.0,0.0,12.0,1.35,3.9,138,94,16340.0,1,0.1,0.0,135.0,1,0.0,3,0,0.0,-1,-1,-1,-1,0.0,0.0
2026-03-24T04:00,0.0,0.0,0.0,0.0,15.0,0.89,4.1,142,99,16320.0,1,0.1,0.0,280.0,1,0.0,3,0,0.0,-1,-1,-1,-1,0.0,0.0
2026-03-24T05:00,0.0,0.0,0.0,0.0,17.4,0.64,3.9,225,91,16320.0,1,0.1,0.0,545.0,1,0.0,3,0,0.0,-1,-1,-1,-1,0.0,0.0
2026-03-24T06:00,0.0,0.0,0.0,0.0,19.1,1.51,5.1,264,80,16340.0,1,0.097,0.0,975.0,1,0.0,3,0,0.0,-1,-1,-1,-1,0.0,0.0
2026-03-24T07:00,0.0,0.0,0.0,0.0,20.9,2.7,6.9,268,41,16340.0,1,0.097,0.0,1935.0,1,0.0,1,0,0.0,-1,-1,-1,-1,0.0,0.0
2026-03-24T08:00,0.0,0.0,0.0,0.0,21.6,3.61,8.2,267,0,16340.0,1,0.097,0.0,2490.0,1,0.0,0,0,0.0,-1,-1,-1,-1,0.0,0.0
2026-03-24T09:00,0.0,0.0,0.0,0.0,21.8,3.86,8.4,260,47,16340.0,1,0.097,0.0,2740.0,1,0.0,1,0,0.0,-1,-1,-1,-1,0.0,0.0
2026-03-24T10:00,0.0,0.0,0.0,0.0,21.7,3.77,8.3,264,53,16340.0,1,0.097,0.0,2880.0,1,0.0,2,0,0.0,-1,-1,-1,-1,0.0,0.0
2026-03-24T11:00,0.0,0.0,0.0,0.0,20.9,3.95,7.8,279,31,16320.0,1,0.097,0.0,2885.0,1,0.0,1,0,0.0,-1,-1,-1,-1,0.0,0.0
2026-03-24T12:00,0.0,0.0,0.0,0.0,18.1,1.6,7.4,272,76,16320.0,1,0.076,0.0,195.0,1,0.0,2,0,0.0,-1,-1,-1,-1,0.0,0.0
2026-03-24T13:00,0.0,0.0,0.0,0.0,15.7,3.32,5.6,342,98,16280.0,0,0.076,0.0,210.0,1,0.0,3,0,0.0,-1,-1,-1,-1,0.0,0.0
2026-03-24T14:00,0.0,0.0,0.0,0.0,12.9,4.45,8.7,25,100,16100.0,0,0.076,0.0,145.0,1,0.0,3,0,0.0,-1,-1,-1,-1,0.0,0.0
2026-03-24T15:00,0.0,0.0,0.0,0.0,12.1,2.38,8.0,30,100,16100.0,0,0.076,0.0,65.0,0,0.0,3,0,0.0,-1,-1,-1,-1,0.0,0.0
2026-03-24T16:00,0.0,0.0,0.0,0.0,12.6,2.53,4.8,18,100,16160.0,0,0.076,0.0,55.0,1,0.0,3,0,0.0,-1,-1,-1,-1,0.0,0.0
2026-03-24T17:00,0.1,0.0,0.0,0.0,12.1,0.21,4.8,346,100,7840.0,0,0.077,0.0,15.0,1,0.0,51,0,0.1,-1,-1,-1,-1,0.0,0.0
2026-03-24T18:00,1.1,0.909,0.0,0.0,11.2,1.32,1.7,61,100,10500.0,0,0.117,0.0,40.0,1,0.0,55,1,0.1,4,0,2,17,0.616,0.71
2026-03-24T19:00,2.8,1.0,0.0,0.0,10.5,3.97,7.3,69,91,13480.0,0,0.157,0.0,135.0,1,0.0,81,1,0.0,4,1,1,17,0.616,0.764
2026-03-24T20:00,0.0,0.0,0.0,0.0,10.3,2.77,6.9,64,100,16160.0,0,0.157,0.0,155.0,0,0.0,3,0,0.0,-1,-1,-1,-1,0.0,0.0
2026-03-24T21:00,0.0,0.0,0.0,0.0,10.7,2.82,5.5,65,100,16260.0,0,0.156,0.0,170.0,0,0.0,3,0,0.0,-1,-1,-1,-1,0.0,0.0
2026-03-24T22:00,0.0,0.0,0.0,0.0,8.6,1.9,5.1,23,100,16260.0,0,0.156,0.0,70.0,1,0.0,3,0,0.0,-1,-1,-1,-1,0.0,0.0
2026-03-24T23:00,0.0,0.0,0.0,0.0,9.1,3.54,6.0,19,100,16260.0,0,0.156,0.0,145.0,1,0.0,3,0,0.0,-1,-1,-1,-1,0.0,0.0
2026-03-25T00:00,0.0,0.0,0.0,0.0,10.6,4.43,6.8,48,100,16260.0,0,0.104,0.0,210.0,1,0.0,3,0,0.0,-1,-1,-1,-1,0.0,0.0
2026-03-25T01:00,0.0,0.0,0.0,0.0,10.4,4.32,8.0,24,92,16260.0,1,0.104,0.0,295.0,1,0.0,3,0,0.0,-1,-1,-1,-1,0.0,0.0
2026-03-25T02:00,0.0,0.0,0.0,0.0,11.2,3.07,7.5,7,56,16240.0,1,0.104,0.0,200.0,0,0.0,2,0,0.0,-1,-1,-1,-1,0.0,0.0
2026-03-25T03:00,0.0,0.0,0.0,0.0,13.6,4.33,8.2,50,33,16260.0,1,0.104,0.0,795.0,1,0.0,1,0,0.0,-1,-1,-1,-1,0.0,0.0
2026-03-25T04:00,0.0,0.0,0.0,0.0,15.2,6.97,13.6,44,13,16280.0,1,0.104,0.0,1085.0,1,0.0,0,0,0.0,-1,-1,-1,-1,0.0,0.0
2026-03-25T05:00,0.0,0.0,0.0,0.0,15.8,7.75,15.2,43,9,16280.0,1,0.104,0.0,1020.0,1,0.0,0,0,0.0,-1,-1,-1,-1,0.0,0.0
2026-03-25T06:00,0.0,0.0,0.0,0.0,16.8,5.11,15.2,50,36,16280.0,1,0.107,0.0,1510.0,1,0.0,1,0,0.0,-1,-1,-1,-1,0.0,0.0
2026-03-25T07:00,0.0,0.0,0.0,0.0,17.2,3.87,10.7,63,50,16280.0,1,0.107,0.0,2635.0,1,0.0,2,0,0.0,-1,-1,-1,-1,0.0,0.0
2026-03-25T08:00,0.0,0.0,0.0,0.0,17.1,1.32,8.9,37,63,16280.0,1,0.107,0.0,2735.0,0,0.0,2,0,0.0,-1,-1,-1,-1,0.0,0.0
2026-03-25T09:00,0.0,0.0,0.0,0.0,17.2,1.17,5.2,340,77,16260.0,1,0.107,0.0,3015.0,0,0.0,2,0,0.0,-1,-1,-1,-1,0.0,0.0
2026-03-25T10:00,0.0,0.0,0.0,0.0,13.6,5.82,10.5,120,99,16120.0,1,0.107,220.0,800.0,0,0.0,3,0,0.0,-1,-1,-1,-1,0.0,0.0
2026-03-25T11:00,0.0,0.0,0.0,0.0,12.4,3.51,11.6,163,82,11480.0,1,0.107,190.0,890.0,0,0.0,3,0,0.0,-1,-1,-1,-1,0.0,0.0
2026-03-25T12:00,0.0,0.0,0.0,0.0,6.5,4.13,6.6,32,100,12720.0,1,0.106,150.0,320.0,0,0.0,3,0,0.0,-1,-1,-1,-1,0.0,0.0
2026-03-25T13:00,2.5,0.92,0.0,0.0,7.4,2.5,8.1,89,100,4620.0,0,0.139,40.0,290.0,0,0.0075,81,1,0.2,5,0,2,1191,1.111,0.848
2026-03-25T14:00,0.3,0.0,0.0,0.0,7.9,4.9,8.5,67,88,10560.0,0,0.142,50.0,435.0,0,0.0,51,1,0.3,5,1,1,1191,1.111,0.296
2026-03-25T15:00,0.0,0.0,0.0,0.0,7.7,3.97,9.1,69,83,16040.0,0,0.142,30.0,885.0,0,0.0,3,0,0.0,-1,-1,-1,-1,0.0,0.0
2026-03-25T16:00,0.0,0.0,0.0,0.0,6.8,2.25,7.3,53,79,15960.0,0,0.142,0.0,400.0,0,0.0,2,0,0.0,-1,-1,-1,-1,0.0,0.0
2026-03-25T17:00,0.0,0.0,0.0,0.0,5.3,3.12,5.7,35,59,11280.0,0,0.142,0.0,245.0,0,0.0,2,0,0.0,-1,-1,-1,-1,0.0,0.0
2026-03-25T18:00,0.0,0.0,0.0,0.0,4.7,1.29,7.3,77,20,11380.0,0,0.149,20.0,80.0,0,0.0,1,0,0.0,-1,-1,-1,-1,0.0,0.0
2026-03-25T19:00,0.0,0.0,0.0,0.0,3.8,2.5,4.7,78,24,15640.0,0,0.149,0.0,175.0,0,0.0,1,0,0.0,-1,-1,-1,-1,0.0,0.0
2026-03-25T20:00,0.0,0.0,0.0,0.0,2.8,1.5,4.7,69,23,15840.0,0,0.149,10.0,125.0,0,0.0,1,0,0.0,-1,-1,-1,-1,0.0,0.0
2026-03-25T21:00,0.0,0.0,0.0,0.0,2.0,0.45,2.5,333,9,15840.0,0,0.149,10.0,30.0,0,0.0,0,0,0.0,-1,-1,-1,-1,0.0,0.0
2026-03-25T22:00,0.0,0.0,0.0,0.0,1.3,1.68,2.9,300,13,14880.0,0,0.149,0.0,100.0,0,0.0,0,0,0.0,-1,-1,-1,-1,0.0,0.0
2026-03-25T23:00,0.0,0.0,0.0,0.0,0.7,1.76,3.0,275,14,15000.0,0,0.149,0.0,170.0,0,0.0,0,0,0.0,-1,-1,-1,-1,0.0,0.0
2026-03-26T00:00,0.0,0.0,0.0,0.0,1.3,1.26,3.2,288,45,4840.0,0,0.101,20.0,45.0,0,0.0,1,0,0.0,-1,-1,-1,-1,0.0,0.0
2026-03-26T01:00,0.2,0.857,0.35,0.0,1.6,2.0,4.2,267,20,8680.0,1,0.104,0.0,150.0,0,0.0,85,0,0.0,-1,-1,-1,-1,0.0,0.0
2026-03-26T02:00,0.0,0.0,0.0,0.0,2.4,1.81,4.2,264,40,10740.0,1,0.104,0.0,155.0,0,0.0,1,0,0.0,-1,-1,-1,-1,0.0,0.0
2026-03-26T03:00,0.0,0.0,0.0,0.0,3.9,2.35,5.3,271,75,10860.0,1,0.105,0.0,325.0,0,0.0,2,0,0.0,-1,-1,-1,-1,0.0,0.0
2026-03-26T04:00,0.0,0.0,0.0,0.0,5.3,3.39,7.5,279,77,9080.0,1,0.106,0.0,480.0,0,0.0,2,0,0.0,-1,-1,-1,-1,0.0,0.0
2026-03-26T05:00,0.1,0.0,0.0,0.0,6.0,3.4,7.9,280,66,9980.0,1,0.108,0.0,440.0,0,0.0,51,0,0.1,-1,-1,-1,-1,0.0,0.0
2026-03-26T06:00,0.0,0.0,0.0,0.0,8.4,3.54,7.9,293,35,16060.0,1,0.114,10.0,915.0,0,0.0,1,0,0.0,-1,-1,-1,-1,0.0,0.0
2026-03-26T07:00,0.0,0.0,0.0,0.0,9.6,4.12,9.1,276,9,16180.0,1,0.114,0.0,1030.0,0,0.0,0,0,0.0,-1,-1,-1,-1,0.0,0.0
2026-03-26T08:00,0.0,0.0,0.0,0.0,10.6,4.29,9.9,281,0,16160.0,1,0.113,0.0,1135.0,0,0.0,0,0,0.0,-1,-1,-1,-1,0.0,0.0
2026-03-26T09:00,0.0,0.0,0.0,0.0,10.1,4.64,10.0,292,0,16060.0,1,0.113,0.0,685.0,0,0.0,0,0,0.0,-1,-1,-1,-1,0.0,0.0
2026-03-26T10:00,0.0,0.0,0.0,0.0,9.5,4.3,9.9,303,0,16060.0,1,0.113,0.0,480.0,0,0.0,0,0,0.0,-1,-1,-1,-1,0.0,0.0
2026-03-26T11:00,0.0,0.0,0.0,0.0,9.0,3.27,8.9,309,0,16060.0,1,0.113,0.0,365.0,0,0.0,0,0,0.0,-1,-1,-1,-1,0.0,0.0
2026-03-26T12:00,0.0,0.0,0.0,0.0,9.3,2.44,6.6,313,0,16060.0,1,0.099,0.0,335.0,0,0.0,0,0,0.0,-1,-1,-1,-1,0.0,0.0
2026-03-26T13:00,0.0,0.0,0.0,0.0,6.8,1.84,4.5,292,0,16040.0,0,0.099,0.0,140.0,0,0.0,0,0,0.0,-1,-1,-1,-1,0.0,0.0
2026-03-26T14:00,0.0,0.0,0.0,0.0,6.1,0.9,2.9,251,0,16040.0,0,0.099,0.0,45.0,0,0.0,0,0,0.0,-1,-1,-1,-1,0.0,0.0
2026-03-26T15:00,0.0,0.0,0.0,0.0,5.2,0.85,1.3,225,0,16040.0,0,0.099,0.0,35.0,0,0.0,0,0,0.0,-1,-1,-1,-1,0.0,0.0
2026-03-26T16:00,0.0,0.0,0.0,0.0,4.4,0.73,1.1,196,0,15980.0,0,0.099,0.0,25.0,0,0.0,0,0,0.0,-1,-1,-1,-1,0.0,0.0
2026-03-26T17:00,0.0,0.0,0.0,0.0,2.9,1.01,1.2,147,0,15900.0,0,0.099,0.0,30.0,0,0.0,0,0,0.0,-1,-1,-1,-1,0.0,0.0
2026-03-26T18:00,0.0,0.0,0.0,0.0,1.9,1.1,1.8,150,0,15800.0,0,0.098,0.0,30.0,0,0.0,0,0,0.0,-1,-1,-1,-1,0.0,0.0
2026-03-26T19:00,0.0,0.0,0.0,0.0,1.5,1.0,1.7,127,0,15800.0,0,0.098,0.0,35.0,0,0.0,0,0,0.0,-1,-1,-1,-1,0.0,0.0
2026-03-26T20:00,0.0,0.0,0.0,0.0,1.2,0.63,1.3,108,0,15900.0,0,0.098,0.0,25.0,0,0.0,0,0,0.0,-1,-1,-1,-1,0.0,0.0
2026-03-26T21:00,0.0,0.0,0.0,0.0,0.6,0.9,1.2,109,0,15880.0,0,0.098,0.0,30.0,0,0.0,0,0,0.0,-1,-1,-1,-1,0.0,0.0
2026-03-26T22:00,0.0,0.0,0.0,0.0,-0.1,1.07,1.5,118,0,15880.0,0,0.098,0.0,30.0,0,0.0,0,0,0.0,-1,-1,-1,-1,0.0,0.0
2026-03-26T23:00,0.0,0.0,0.0,0.0,-0.5,0.89,1.6,117,0,15880.0,0,0.098,0.0,25.0,0,0.0,0,0,0.0,-1,-1,-1,-1,0.0,0.0
2026-03-27T00:00,0.0,0.0,0.0,0.0,-1.2,0.36,1.2,124,0,15780.0,0,0.099,0.0,15.0,0,0.0,0,0,0.0,-1,-1,-1,-1,0.0,0.0
2026-03-27T01:00,0.0,0.0,0.0,0.0,-0.2,0.73,1.6,106,0,15780.0,1,0.099,0.0,20.0,0,0.0,0,0,0.0,-1,-1,-1,-1,0.0,0.0
2026-03-27T02:00,0.0,0.0,0.0,0.0,2.6,0.83,2.9,115,0,15960.0,1,0.099,0.0,50.0,0,0.0,0,0,0.0,-1,-1,-1,-1,0.0,0.0
2026-03-27T03:00,0.0,0.0,0.0,0.0,5.6,0.27,2.9,202,0,16020.0,1,0.099,0.0,190.0,0,0.0,0,0,0.0,-1,-1,-1,-1,0.0,0.0
2026-03-27T04:00,0.0,0.0,0.0,0.0,8.2,0.99,4.3,240,0,16000.0,1,0.099,0.0,490.0,0,0.0,0,0,0.0,-1,-1,-1,-1,0.0,0.0
2026-03-27T05:00,0.0,0.0,0.0,0.0,10.6,2.09,6.0,253,0,16120.0,1,0.099,0.0,1035.0,0,0.0,0,0,0.0,-1,-1,-1,-1,0.0,0.0
2026-03-27T06:00,0.0,0.0,0.0,0.0,12.7,3.69,7.6,261,0,16140.0,1,0.103,0.0,1415.0,0,0.0,0,0,0.0,-1,-1,-1,-1,0.0,0.0
2026-03-27T07:00,0.0,0.0,0.0,0.0,13.7,4.24,9.4,262,0,16120.0,1,0.103,0.0,1540.0,0,0.0,0,0,0.0,-1,-1,-1,-1,0.0,0.0
2026-03-27T08:00,0.0,0.0,0.0,0.0,14.1,4.36,9.7,265,0,16120.0,1,0.103,0.0,1565.0,0,0.0,0,0,0.0,-1,-1,-1,-1,0.0,0.0
2026-03-27T09:00,0.0,0.0,0.0,0.0,14.2,4.0,9.6,269,0,16120.0,1,0.103,0.0,1600.0,0,0.0,0,0,0.0,-1,-1,-1,-1,0.0,0.0
2026-03-27T10:00,0.0,0.0,0.0,0.0,14.2,3.51,8.7,274,0,16120.0,1,0.103,0.0,1585.0,0,0.0,0,0,0.0,-1,-1,-1,-1,0.0,0.0
2026-03-27T11:00,0.0,0.0,0.0,0.0,13.7,2.91,7.6,286,0,16120.0,1,0.103,0.0,1540.0,0,0.0,0,0,0.0,-1,-1,-1,-1,0.0,0.0
2026-03-27T12:00,0.0,0.0,0.0,0.0,11.7,1.24,6.0,284,0,16120.0,1,0.084,0.0,245.0,0,0.0,0,0,0.0,-1,-1,-1,-1,0.0,0.0
2026-03-27T13:00,0.0,0.0,0.0,0.0,9.8,0.2,1.7,270,0,16120.0,0,0.084,0.0,15.0,0,0.0,0,0,0.0,-1,-1,-1,-1,0.0,0.0
2026-03-27T14:00,0.0,0.0,0.0,0.0,8.6,0.22,0.5,117,0,16100.0,0,0.084,0.0,15.0,0,0.0,0,0,0.0,-1,-1,-1,-1,0.0,0.0
2026-03-27T15:00,0.0,0.0,0.0,0.0,7.4,0.47,0.6,148,0,16080.0,0,0.084,0.0,30.0,0,0.0,0,0,0.0,-1,-1,-1,-1,0.0,0.0
2026-03-27T16:00,0.0,0.0,0.0,0.0,6.1,0.28,0.7,135,0,16080.0,0,0.084,0.0,15.0,0,0.0,0,0,0.0,-1,-1,-1,-1,0.0,0.0
2026-03-27T17:00,0.0,0.0,0.0,0.0,5.1,0.52,0.8,107,0,16080.0,0,0.084,0.0,25.0,0,0.0,0,0,0.0,-1,-1,-1,-1,0.0,0.0
2026-03-27T18:00,0.0,0.0,0.0,0.0,4.3,0.59,1.2,110,0,15980.0,0,0.076,0.0,20.0,0,0.0,0,0,0.0,-1,-1,-1,-1,0.0,0.0
2026-03-27T19:00,0.0,0.0,0.0,0.0,3.8,0.52,1.2,107,0,15980.0,0,0.076,0.0,20.0,0,0.0,0,0,0.0,-1,-1,-1,-1,0.0,0.0
2026-03-27T20:00,0.0,0.0,0.0,0.0,3.4,0.45,0.9,96,0,15900.0,0,0.076,0.0,20.0,0,0.0,0,0,0.0,-1,-1,-1,-1,0.0,0.0
2026-03-27T21:00,0.0,0.0,0.0,0.0,2.8,0.49,0.8,114,0,15900.0,0,0.076,0.0,25.0,0,0.0,0,0,0.0,-1,-1,-1,-1,0.0,0.0
2026-03-27T22:00,0.0,0.0,0.0,0.0,2.2,0.45,0.8,117,0,15900.0,0,0.076,0.0,20.0,0,0.0,0,0,0.0,-1,-1,-1,-1,0.0,0.0
2026-03-27T23:00,0.0,0.0,0.0,0.0,1.6,0.65,1.0,113,0,15900.0,0,0.076,0.0,25.0,0,0.0,0,0,0.0,-1,-1,-1,-1,0.0,0.0
2026-03-28T00:00,0.0,0.0,0.0,0.0,0.8,1.19,1.4,112,0,15720.0,0,0.074,0.0,25.0,0,0.0,0,0,0.0,-1,-1,-1,-1,0.0,0.0
2026-03-28T01:00,0.0,0.0,0.0,0.0,1.6,1.72,3.1,98,0,15820.0,1,0.074,0.0,35.0,0,0.0,0,0,0.0,-1,-1,-1,-1,0.0,0.0
2026-03-28T02:00,0.0,0.0,0.0,0.0,5.1,1.7,3.9,93,0,15900.0,1,0.074,0.0,60.0,0,0.0,0,0,0.0,-1,-1,-1,-1,0.0,0.0
2026-03-28T03:00,0.0,0.0,0.0,0.0,8.8,0.97,3.7,102,0,15960.0,1,0.074,0.0,205.0,0,0.0,0,0,0.0,-1,-1,-1,-1,0.0,0.0
2026-03-28T04:00,0.0,0.0,0.0,0.0,11.5,0.9,4.2,109,0,16060.0,1,0.074,0.0,510.0,0,0.0,0,0,0.0,-1,-1,-1,-1,0.0,0.0
2026-03-28T05:00,0.0,0.0,0.0,0.0,13.5,0.61,4.2,171,0,16080.0,1,0.074,0.0,855.0,0,0.0,0,0,0.0,-1,-1,-1,-1,0.0,0.0
2026-03-28T06:00,0.0,0.0,0.0,0.0,15.2,1.76,4.8,250,0,16060.0,1,0.072,0.0,1225.0,0,0.0,0,0,0.0,-1,-1,-1,-1,0.0,0.0
2026-03-28T07:00,0.0,0.0,0.0,0.0,16.6,2.52,6.8,263,0,16080.0,1,0.072,0.0,1475.0,0,0.0,0,0,0.0,-1,-1,-1,-1,0.0,0.0
2026-03-28T08:00,0.0,0.0,0.0,0.0,17.2,2.9,7.3,269,0,16080.0,1,0.072,0.0,1540.0,0,0.0,0,0,0.0,-1,-1,-1,-1,0.0,0.0
2026-03-28T09:00,0.0,0.0,0.0,0.0,17.4,2.8,7.3,271,9,16080.0,1,0.072,0.0,1555.0,0,0.0,0,0,0.0,-1,-1,-1,-1,0.0,0.0
2026-03-28T10:00,0.0,0.0,0.0,0.0,17.2,2.65,6.9,267,77,16080.0,1,0.072,0.0,1525.0,0,0.0,2,0,0.0,-1,-1,-1,-1,0.0,0.0
2026-03-28T11:00,0.0,0.0,0.0,0.0,16.6,2.2,6.2,258,99,16060.0,1,0.072,0.0,1400.0,0,0.0,3,0,0.0,-1,-1,-1,-1,0.0,0.0
2026-03-28T12:00,0.0,0.0,0.0,0.0,15.2,0.6,4.6,270,99,16060.0,1,0.06,0.0,115.0,0,0.0,3,0,0.0,-1,-1,-1,-1,0.0,0.0
2026-03-28T13:00,0.0,0.0,0.0,0.0,13.1,0.25,0.9,191,100,16040.0,0,0.06,0.0,20.0,0,0.0,3,0,0.0,-1,-1,-1,-1,0.0,0.0
2026-03-28T14:00,0.0,0.0,0.0,0.0,12.1,0.11,0.6,117,99,16040.0,0,0.06,0.0,10.0,0,0.0,3,0,0.0,-1,-1,-1,-1,0.0,0.0
2026-03-28T15:00,0.0,0.0,0.0,0.0,10.4,1.01,1.3,57,90,16040.0,0,0.06,0.0,35.0,0,0.0,3,0,0.0,-1,-1,-1,-1,0.0,0.0
2026-03-28T16:00,0.0,0.0,0.0,0.0,9.0,2.07,3.8,53,53,15920.0,0,0.06,0.0,40.0,0,0.0,2,0,0.0,-1,-1,-1,-1,0.0,0.0
2026-03-28T17:00,0.0,0.0,0.0,0.0,7.7,1.98,3.9,45,97,15920.0,0,0.06,0.0,35.0,0,0.0,3,0,0.0,-1,-1,-1,-1,0.0,0.0
2026-03-28T18:00,0.0,0.0,0.0,0.0,6.5,1.66,4.0,46,96,15920.0,0,0.056,0.0,30.0,0,0.0,3,0,0.0,-1,-1,-1,-1,0.0,0.0
2026-03-28T19:00,0.0,0.0,0.0,0.0,6.5,1.68,3.3,53,70,15920.0,0,0.056,0.0,35.0,0,0.0,2,0,0.0,-1,-1,-1,-1,0.0,0.0
2026-03-28T20:00,0.0,0.0,0.0,0.0,5.9,1.32,3.1,53,91,15900.0,0,0.056,0.0,30.0,0,0.0,3,0,0.0,-1,-1,-1,-1,0.0,0.0
2026-03-28T21:00,0.0,0.0,0.0,0.0,5.8,1.82,3.0,53,98,15900.0,0,0.056,0.0,40.0,0,0.0,3,0,0.0,-1,-1,-1,-1,0.0,0.0
2026-03-28T22:00,0.0,0.0,0.0,0.0,6.8,2.75,4.8,53,55,16000.0,0,0.056,0.0,80.0,0,0.0,2,0,0.0,-1,-1,-1,-1,0.0,0.0
2026-03-28T23:00,0.0,0.0,0.0,0.0,7.4,3.66,6.5,51,72,16000.0,0,0.056,0.0,140.0,0,0.0,2,0,0.0,-1,-1,-1,-1,0.0,0.0
2026-03-29T00:00,0.0,0.0,0.0,0.0,9.0,4.65,7.1,56,70,16000.0,0,0.058,0.0,230.0,0,0.0,2,0,0.0,-1,-1,-1,-1,0.0,0.0
2026-03-29T01:00,0.0,0.0,0.0,0.0,9.5,4.95,8.5,47,73,16000.0,1,0.058,0.0,260.0,0,0.0,2,0,0.0,-1,-1,-1,-1,0.0,0.0
2026-03-29T02:00,0.0,0.0,0.0,0.0,11.8,5.25,9.4,50,56,16020.0,1,0.058,0.0,450.0,0,0.0,2,0,0.0,-1,-1,-1,-1,0.0,0.0
2026-03-29T03:00,0.0,0.0,0.0,0.0,13.8,5.89,10.8,57,35,16020.0,1,0.058,0.0,665.0,0,0.0,1,0,0.0,-1,-1,-1,-1,0.0,0.0
2026-03-29T04:00,0.0,0.0,0.0,0.0,14.9,6.34,12.6,58,22,16000.0,1,0.058,0.0,795.0,0,0.0,1,0,0.0,-1,-1,-1,-1,0.0,0.0
2026-03-29T05:00,0.0,0.0,0.0,0.0,16.5,5.55,12.4,61,11,16020.0,1,0.058,0.0,1100.0,0,0.0,0,0,0.0,-1,-1,-1,-1,0.0,0.0
2026-03-29T06:00,0.0,0.0,0.0,0.0,18.0,3.98,11.5,62,0,16020.0,1,0.054,0.0,1790.0,0,0.0,0,0,0.0,-1,-1,-1,-1,0.0,0.0
2026-03-29T07:00,0.0,0.0,0.0,0.0,18.6,3.04,9.0,54,1,16020.0,1,0.054,0.0,2235.0,0,0.0,0,0,0.0,-1,-1,-1,-1,0.0,0.0
2026-03-29T08:00,0.0,0.0,0.0,0.0,19.0,2.25,7.8,37,6,16020.0,1,0.054,0.0,2330.0,0,0.0,0,0,0.0,-1,-1,-1,-1,0.0,0.0
2026-03-29T09:00,0.0,0.0,0.0,0.0,19.1,1.76,6.6,7,2,16020.0,1,0.054,0.0,2385.0,0,0.0,0,0,0.0,-1,-1,-1,-1,0.0,0.0
2026-03-29T10:00,0.0,0.0,0.0,0.0,18.8,2.0,5.8,347,4,16000.0,1,0.054,0.0,2305.0,0,0.0,0,0,0.0,-1,-1,-1,-1,0.0,0.0
2026-03-29T11:00,0.0,0.0,0.0,0.0,18.2,1.83,5.7,334,6,16000.0,1,0.054,0.0,1630.0,0,0.0,0,0,0.0,-1,-1,-1,-1,0.0,0.0
2026-03-29T12:00,0.0,0.0,0.0,0.0,16.6,1.66,4.6,331,1,16000.0,1,0.038,0.0,130.0,0,0.0,0,0,0.0,-1,-1,-1,-1,0.0,0.0
2026-03-29T13:00,0.0,0.0,0.0,0.0,13.8,1.4,3.2,35,13,16000.0,0,0.038,0.0,60.0,0,0.0,0,0,0.0,-1,-1,-1,-1,0.0,0.0
2026-03-29T14:00,0.0,0.0,0.0,0.0,12.5,2.06,3.5,51,2,16000.0,0,0.038,0.0,85.0,0,0.0,0,0,0.0,-1,-1,-1,-1,0.0,0.0
2026-03-29T15:00,0.0,0.0,0.0,0.0,10.8,1.83,3.4,35,2,15980.0,0,0.038,0.0,40.0,0,0.0,0,0,0.0,-1,-1,-1,-1,0.0,0.0
2026-03-29T16:00,0.0,0.0,0.0,0.0,8.7,1.45,3.5,46,0,15960.0,0,0.038,0.0,25.0,0,0.0,0,0,0.0,-1,-1,-1,-1,0.0,0.0
2026-03-29T17:00,0.0,0.0,0.0,0.0,7.9,0.21,2.7,45,0,15960.0,0,0.038,0.0,10.0,0,0.0,0,0,0.0,-1,-1,-1,-1,0.0,0.0
2026-03-29T18:00,0.0,0.0,0.0,0.0,8.2,0.27,0.7,22,0,15960.0,0,0.037,0.0,15.0,0,0.0,0,0,0.0,-1,-1,-1,-1,0.0,0.0
2026-03-29T19:00,0.0,0.0,0.0,0.0,8.0,0.16,0.9,72,0,15940.0,0,0.037,0.0,15.0,0,0.0,0,0,0.0,-1,-1,-1,-1,0.0,0.0
2026-03-29T20:00,0.0,0.0,0.0,0.0,7.2,0.4,0.8,97,0,15940.0,0,0.037,0.0,25.0,0,0.0,0,0,0.0,-1,-1,-1,-1,0.0,0.0
2026-03-29T21:00,0.0,0.0,0.0,0.0,7.0,0.35,1.0,90,0,15940.0,0,0.037,0.0,20.0,0,0.0,0,0,0.0,-1,-1,-1,-1,0.0,0.0
2026-03-29T22:00,0.0,0.0,0.0,0.0,7.1,0.16,0.7,108,0,15940.0,0,0.037,0.0,10.0,0,0.0,0,0,0.0,-1,-1,-1,-1,0.0,0.0
2026-03-29T23:00,0.0,0.0,0.0,0.0,5.7,0.47,0.7,148,0,15940.0,0,0.037,0.0,20.0,0,0.0,0,0,0.0,-1,-1,-1,-1,0.0,0.0
2026-03-30T00:00,0.0,0.0,0.0,0.0,4.2,1.58,1.7,101,0,15940.0,0,0.056,0.0,30.0,0,0.0,0,0,0.0,-1,-1,-1,-1,0.0,0.0
2026-03-30T01:00,0.0,0.0,0.0,0.0,5.7,1.63,2.6,101,0,15940.0,1,0.056,0.0,45.0,0,0.0,0,0,0.0,-1,-1,-1,-1,0.0,0.0
2026-03-30T02:00,0.0,0.0,0.0,0.0,9.0,1.68,3.5,100,0,15940.0,1,0.056,0.0,80.0,0,0.0,0,0,0.0,-1,-1,-1,-1,0.0,0.0
2026-03-30T03:00,0.0,0.0,0.0,0.0,12.1,0.86,3.5,97,0,15940.0,1,0.056,0.0,155.0,0,0.0,0,0,0.0,-1,-1,-1,-1,0.0,0.0
2026-03-30T04:00,0.0,0.0,0.0,0.0,15.1,0.29,3.6,121,0,15940.0,1,0.056,0.0,370.0,0,0.0,0,0,0.0,-1,-1,-1,-1,0.0,0.0
2026-03-30T05:00,0.0,0.0,0.0,0.0,17.5,1.07,4.4,233,0,15960.0,1,0.056,0.0,695.0,0,0.0,0,0,0.0,-1,-1,-1,-1,0.0,0.0
2026-03-30T06:00,0.0,0.0,0.0,0.0,19.6,3.05,6.8,260,0,15960.0,1,0.059,0.0,1980.0,0,0.0,0,0,0.0,-1,-1,-1,-1,0.0,0.0
2026-03-30T07:00,0.0,0.0,0.0,0.0,20.8,4.66,9.9,267,0,15960.0,1,0.059,0.0,2220.0,0,0.0,0,0,0.0,-1,-1,-1,-1,0.0,0.0
2026-03-30T08:00,0.0,0.0,0.0,0.0,21.2,5.12,10.7,264,0,15960.0,1,0.059,0.0,2235.0,0,0.0,0,0,0.0,-1,-1,-1,-1,0.0,0.0
2026-03-30T09:00,0.0,0.0,0.0,0.0,21.3,5.41,11.0,266,0,15940.0,1,0.059,0.0,2210.0,0,0.0,0,0,0.0,-1,-1,-1,-1,0.0,0.0
2026-03-30T10:00,0.0,0.0,0.0,0.0,21.0,5.06,10.9,273,0,15940.0,1,0.059,0.0,2105.0,0,0.0,0,0,0.0,-1,-1,-1,-1,0.0,0.0
2026-03-30T11:00,0.0,0.0,0.0,0.0,20.4,4.32,10.0,290,0,15940.0,1,0.059,0.0,1985.0,0,0.0,0,0,0.0,-1,-1,-1,-1,0.0,0.0
2026-03-30T12:00,0.0,0.0,0.0,0.0,18.6,2.34,8.2,318,0,15940.0,1,0.038,0.0,370.0,0,0.0,0,0,0.0,-1,-1,-1,-1,0.0,0.0
2026-03-30T13:00,0.0,0.0,0.0,0.0,15.5,0.74,4.3,332,0,15940.0,0,0.038,0.0,45.0,0,0.0,0,0,0.0,-1,-1,-1,-1,0.0,0.0
2026-03-30T14:00,0.0,0.0,0.0,0.0,14.5,0.32,1.2,141,0,15940.0,0,0.038,0.0,15.0,0,0.0,0,0,0.0,-1,-1,-1,-1,0.0,0.0
2026-03-30T15:00,0.0,0.0,0.0,0.0,13.1,0.96,1.3,133,0,15940.0,0,0.038,0.0,30.0,0,0.0,0,0,0.0,-1,-1,-1,-1,0.0,0.0
2026-03-30T16:00,0.0,0.0,0.0,0.0,11.9,0.7,1.3,111,0,15920.0,0,0.038,0.0,25.0,0,0.0,0,0,0.0,-1,-1,-1,-1,0.0,0.0
2026-03-30T17:00,0.0,0.0,0.0,0.0,10.4,0.89,1.2,128,0,15920.0,0,0.038,0.0,30.0,0,0.0,0,0,0.0,-1,-1,-1,-1,0.0,0.0
2026-03-30T18:00,0.0,0.0,0.0,0.0,8.6,0.78,1.2,130,0,15900.0,0,0.042,0.0,15.0,0,0.0,0,0,0.0,-1,-1,-1,-1,0.0,0.0
2026-03-30T19:00,0.0,0.0,0.0,0.0,8.1,0.6,1.1,85,0,15900.0,0,0.042,0.0,30.0,0,0.0,0,0,0.0,-1,-1,-1,-1,0.0,0.0
2026-03-30T20:00,0.0,0.0,0.0,0.0,7.0,1.44,2.1,110,0,15880.0,0,0.042,0.0,40.0,0,0.0,0,0,0.0,-1,-1,-1,-1,0.0,0.0
2026-03-30T21:00,0.0,0.0,0.0,0.0,6.1,1.7,2.9,104,0,15880.0,0,0.042,0.0,35.0,0,0.0,0,0,0.0,-1,-1,-1,-1,0.0,0.0
2026-03-30T22:00,0.0,0.0,0.0,0.0,5.3,1.83,3.0,107,0,15880.0,0,0.042,0.0,35.0,0,0.0,0,0,0.0,-1,-1,-1,-1,0.0,0.0
2026-03-30T23:00,0.0,0.0,0.0,0.0,5.4,1.5,2.9,120,0,15880.0,0,0.042,0.0,40.0,0,0.0,0,0,0.0,-1,-1,-1,-1,0.0,0.0
2026-03-31T00:00,0.0,0.0,0.0,0.0,4.9,2.01,1.9,109,5,15780.0,0,0.051,0.0,45.0,0,0.0,0,0,0.0,-1,-1,-1,-1,0.0,0.0
2026-03-31T01:00,0.0,0.0,0.0,0.0,6.6,1.55,3.2,105,56,15880.0,1,0.051,0.0,60.0,0,0.0,2,0,0.0,-1,-1,-1,-1,0.0,0.0
2026-03-31T02:00,0.0,0.0,0.0,0.0,10.5,1.57,3.0,127,80,15860.0,1,0.051,0.0,95.0,0,0.0,3,0,0.0,-1,-1,-1,-1,0.0,0.0
2026-03-31T03:00,0.0,0.0,0.0,0.0,13.6,0.51,3.1,119,50,15880.0,1,0.051,0.0,170.0,0,0.0,2,0,0.0,-1,-1,-1,-1,0.0,0.0
2026-03-31T04:00,0.0,0.0,0.0,0.0,16.4,0.8,3.8,176,99,15880.0,1,0.051,0.0,335.0,0,0.0,3,0,0.0,-1,-1,-1,-1,0.0,0.0
2026-03-31T05:00,0.0,0.0,0.0,0.0,18.7,1.04,4.5,215,98,15900.0,1,0.051,0.0,585.0,0,0.0,3,0,0.0,-1,-1,-1,-1,0.0,0.0
2026-03-31T06:00,0.0,0.0,0.0,0.0,21.0,2.45,5.8,253,100,15900.0,1,0.05,0.0,1375.0,0,0.0,3,0,0.0,-1,-1,-1,-1,0.0,0.0
2026-03-31T07:00,0.0,0.0,0.0,0.0,22.2,3.92,8.7,265,100,15880.0,1,0.05,0.0,1580.0,0,0.0,3,0,0.0,-1,-1,-1,-1,0.0,0.0
2026-03-31T08:00,0.0,0.0,0.0,0.0,22.6,4.05,9.0,269,100,15880.0,1,0.05,0.0,1500.0,0,0.0,3,0,0.0,-1,-1,-1,-1,0.0,0.0
2026-03-31T09:00,0.0,0.0,0.0,0.0,22.7,3.41,8.8,273,100,15880.0,1,0.05,0.0,1345.0,0,0.0,3,0,0.0,-1,-1,-1,-1,0.0,0.0
2026-03-31T10:00,0.0,0.0,0.0,0.0,22.5,3.7,7.5,269,100,15880.0,1,0.05,0.0,1340.0,0,0.0,3,0,0.0,-1,-1,-1,-1,0.0,0.0
2026-03-31T11:00,0.0,0.0,0.0,0.0,21.6,3.73,7.7,296,100,15880.0,1,0.05,0.0,740.0,0,0.0,3,0,0.0,-1,-1,-1,-1,0.0,0.0
2026-03-31T12:00,0.0,0.0,0.0,0.0,19.5,2.04,7.1,343,100,15880.0,1,0.036,0.0,145.0,0,0.0,3,0,0.0,-1,-1,-1,-1,0.0,0.0
2026-03-31T13:00,0.0,0.0,0.0,0.0,16.3,1.35,3.8,356,100,15880.0,0,0.036,0.0,45.0,0,0.0,3,0,0.0,-1,-1,-1,-1,0.0,0.0
2026-03-31T14:00,0.0,0.0,0.0,0.0,15.4,0.53,2.1,49,100,15880.0,0,0.037,0.0,15.0,0,0.0,3,0,0.0,-1,-1,-1,-1,0.0,0.0
2026-03-31T15:00,0.0,0.0,0.0,0.0,13.4,1.1,1.7,66,100,15860.0,0,0.037,0.0,25.0,0,0.0,3,0,0.0,-1,-1,-1,-1,0.0,0.0
2026-03-31T16:00,0.0,0.0,0.0,0.0,11.7,1.81,3.2,62,100,15860.0,0,0.037,0.0,30.0,0,0.0,3,0,0.0,-1,-1,-1,-1,0.0,0.0
2026-03-31T17:00,0.0,0.0,0.0,0.0,10.7,1.74,3.2,72,100,15820.0,0,0.037,0.0,30.0,0,0.0,3,0,0.0,-1,-1,-1,-1,0.0,0.0
2026-03-31T18:00,0.0,0.0,0.0,0.0,10.5,2.02,2.8,83,100,15820.0,0,0.037,0.0,35.0,0,0.0,3,0,0.0,-1,-1,-1,-1,0.0,0.0
2026-03-31T19:00,0.0,0.0,0.0,0.0,10.8,1.75,3.3,77,100,15840.0,0,0.038,0.0,40.0,0,0.0,3,0,0.0,-1,-1,-1,-1,0.0,0.0
2026-03-31T20:00,0.0,0.0,0.0,0.0,11.4,1.47,2.5,72,100,15840.0,0,0.038,0.0,45.0,0,0.0,3,0,0.0,-1,-1,-1,-1,0.0,0.0
2026-03-31T21:00,0.0,0.0,0.0,0.0,10.9,0.97,2.1,78,100,15840.0,0,0.038,0.0,35.0,0,0.0,3,0,0.0,-1,-1,-1,-1,0.0,0.0
2026-03-31T22:00,0.0,0.0,0.0,0.0,10.5,1.25,1.8,67,100,15840.0,0,0.038,0.0,40.0,0,0.0,3,0,0.0,-1,-1,-1,-1,0.0,0.0
2026-03-31T23:00,0.0,0.0,0.0,0.0,10.4,0.92,1.9,103,100,15840.0,0,0.038,0.0,35.0,0,0.0,3,0,0.0,-1,-1,-1,-1,0.0,0.0
2026-04-01T00:00,0.0,0.0,0.0,0.0,9.0,1.12,1.4,80,100,15820.0,1,0.033,0.0,25.0,0,0.0,3,0,0.0,-1,-1,-1,-1,0.0,0.0
2026-04-01T01:00,0.0,0.0,0.0,0.0,11.0,1.99,3.6,62,100,15820.0,1,0.033,0.0,40.0,0,0.0,3,0,0.0,-1,-1,-1,-1,0.0,0.0
2026-04-01T02:00,0.0,0.0,0.0,0.0,13.8,2.31,4.1,60,100,15820.0,1,0.033,0.0,60.0,0,0.0,3,0,0.0,-1,-1,-1,-1,0.0,0.0
2026-04-01T03:00,0.0,0.0,0.0,0.0,16.7,1.76,4.5,85,100,15820.0,1,0.033,0.0,140.0,0,0.0,3,0,0.0,-1,-1,-1,-1,0.0,0.0
2026-04-01T04:00,0.0,0.0,0.0,0.0,19.0,1.95,5.0,103,100,15840.0,1,0.033,0.0,395.0,0,0.0,3,0,0.0,-1,-1,-1,-1,0.0,0.0
2026-04-01T05:00,0.0,0.0,0.0,0.0,20.9,1.95,5.6,116,100,15840.0,1,0.033,0.0,720.0,0,0.0,3,0,0.0,-1,-1,-1,-1,0.0,0.0
2026-04-01T06:00,0.0,0.0,0.0,0.0,22.2,1.3,5.4,152,100,15840.0,1,0.031,0.0,1200.0,0,0.0,3,0,0.0,-1,-1,-1,-1,0.0,0.0
2026-04-01T07:00,0.0,0.0,0.0,0.0,22.9,1.09,4.2,196,100,15820.0,1,0.031,0.0,1410.0,0,0.0,3,0,0.0,-1,-1,-1,-1,0.0,0.0
2026-04-01T08:00,0.0,0.0,0.0,0.0,23.6,1.83,5.1,244,100,15820.0,1,0.031,0.0,1830.0,0,0.0,3,0,0.0,-1,-1,-1,-1,0.0,0.0
2026-04-01T09:00,0.0,0.0,0.0,0.0,23.9,2.75,6.3,260,100,15820.0,1,0.031,0.0,1900.0,0,0.0,3,0,0.0,-1,-1,-1,-1,0.0,0.0
2026-04-01T10:00,0.0,0.0,0.0,0.0,23.5,3.27,6.7,263,100,15820.0,1,0.031,0.0,1650.0,0,0.0,3,0,0.0,-1,-1,-1,-1,0.0,0.0
2026-04-01T11:00,0.0,0.0,0.0,0.0,22.6,3.25,6.7,267,100,15820.0,1,0.031,0.0,1220.0,0,0.0,3,0,0.0,-1,-1,-1,-1,0.0,0.0
2026-04-01T12:00,0.0,0.0,0.0,0.0,21.2,2.21,6.1,265,100,15820.0,1,0.025,0.0,340.0,0,0.0,3,0,0.0,-1,-1,-1,-1,0.0,0.0
2026-04-01T13:00,0.0,0.0,0.0,0.0,19.1,2.1,3.8,271,100,15820.0,0,0.025,0.0,170.0,0,0.0,3,0,0.0,-1,-1,-1,-1,0.0,0.0
2026-04-01T14:00,0.0,0.0,0.0,0.0,17.3,2.01,3.4,284,94,15800.0,0,0.025,0.0,135.0,0,0.0,3,0,0.0,-1,-1,-1,-1,0.0,0.0
2026-04-01T15:00,0.0,0.0,0.0,0.0,16.0,1.95,3.1,293,100,15800.0,0,0.025,0.0,100.0,0,0.0,3,0,0.0,-1,-1,-1,-1,0.0,0.0
2026-04-01T16:00,0.0,0.0,0.0,0.0,15.9,0.63,2.7,331,100,15800.0,0,0.025,0.0,30.0,0,0.0,3,0,0.0,-1,-1,-1,-1,0.0,0.0
2026-04-01T17:00,0.0,0.0,0.0,0.0,15.8,0.27,1.1,22,99,15800.0,0,0.025,0.0,15.0,0,0.0,3,0,0.0,-1,-1,-1,-1,0.0,0.0
2026-04-01T18:00,0.0,0.0,0.0,0.0,15.2,0.07,0.7,135,99,15780.0,0,0.032,0.0,10.0,0,0.0,3,0,0.0,-1,-1,-1,-1,0.0,0.0
2026-04-01T19:00,0.0,0.0,0.0,0.0,13.7,0.25,0.6,143,99,15780.0,0,0.032,0.0,15.0,0,0.0,3,0,0.0,-1,-1,-1,-1,0.0,0.0
2026-04-01T20:00,0.0,0.0,0.0,0.0,12.7,0.67,1.1,103,98,15780.0,0,0.032,0.0,30.0,0,0.0,3,0,0.0,-1,-1,-1,-1,0.0,0.0
2026-04-01T21:00,0.0,0.0,0.0,0.0,11.3,0.94,1.4,115,79,15780.0,0,0.032,0.0,25.0,0,0.0,2,0,0.0,-1,-1,-1,-1,0.0,0.0
2026-04-01T22:00,0.0,0.0,0.0,0.0,10.3,1.36,2.0,82,23,15780.0,0,0.032,0.0,25.0,0,0.0,1,0,0.0,-1,-1,-1,-1,0.0,0.0
2026-04-01T23:00,0.0,0.0,0.0,0.0,9.9,1.27,2.2,81,22,15780.0,0,0.032,0.0,25.0,0,0.0,1,0,0.0,-1,-1,-1,-1,0.0,0.0
2026-04-02T00:00,0.0,0.0,0.0,0.0,10.0,1.45,2.1,92,5,15780.0,1,0.038,0.0,35.0,0,0.0,0,0,0.0,-1,-1,-1,-1,0.0,0.0
2026-04-02T01:00,0.0,0.0,0.0,0.0,10.7,1.53,2.2,101,2,15740.0,1,0.038,0.0,30.0,0,0.0,0,0,0.0,-1,-1,-1,-1,0.0,0.0
2026-04-02T02:00,0.0,0.0,0.0,0.0,15.2,1.99,3.4,78,9,15760.0,1,0.038,0.0,40.0,0,0.0,0,0,0.0,-1,-1,-1,-1,0.0,0.0
2026-04-02T03:00,0.0,0.0,0.0,0.0,19.9,1.25,3.8,74,6,15780.0,1,0.038,0.0,225.0,0,0.0,0,0,0.0,-1,-1,-1,-1,0.0,0.0
2026-04-02T04:00,0.0,0.0,0.0,0.0,22.6,2.3,6.0,34,11,15780.0,1,0.038,0.0,555.0,0,0.0,0,0,0.0,-1,-1,-1,-1,0.0,0.0
2026-04-02T05:00,0.0,0.0,0.0,0.0,24.1,1.66,6.2,69,1,15780.0,1,0.038,0.0,1285.0,0,0.0,0,0,0.0,-1,-1,-1,-1,0.0,0.0
2026-04-02T06:00,0.0,0.0,0.0,0.0,24.9,1.31,5.5,130,8,15760.0,1,0.034,0.0,2290.0,0,0.0,0,0,0.0,-1,-1,-1,-1,0.0,0.0
2026-04-02T07:00,0.0,0.0,0.0,0.0,25.9,1.02,4.9,169,3,15760.0,1,0.034,0.0,2675.0,0,0.0,0,0,0.0,-1,-1,-1,-1,0.0,0.0
2026-04-02T08:00,0.0,0.0,0.0,0.0,26.4,1.02,4.8,259,30,15760.0,1,0.034,0.0,2935.0,0,0.0,1,0,0.0,-1,-1,-1,-1,0.0,0.0
2026-04-02T09:00,0.0,0.0,0.0,0.0,26.7,1.86,5.6,297,13,15760.0,1,0.034,0.0,3155.0,0,0.0,0,0,0.0,-1,-1,-1,-1,0.0,0.0
2026-04-02T10:00,0.0,0.0,0.0,0.0,26.4,2.48,6.2,304,21,15760.0,1,0.034,0.0,2965.0,0,0.0,1,0,0.0,-1,-1,-1,-1,0.0,0.0
2026-04-02T11:00,0.0,0.0,0.0,0.0,25.5,2.44,6.1,298,2,15760.0,1,0.034,0.0,1950.0,0,0.0,0,0,0.0,-1,-1,-1,-1,0.0,0.0
2026-04-02T12:00,0.0,0.0,0.0,0.0,23.6,2.17,5.2,334,1,15760.0,1,0.037,0.0,180.0,0,0.0,0,0,0.0,-1,-1,-1,-1,0.0,0.0
2026-04-02T13:00,0.0,0.0,0.0,0.0,19.9,1.76,4.0,340,0,15760.0,0,0.037,0.0,80.0,0,0.0,0,0,0.0,-1,-1,-1,-1,0.0,0.0
2026-04-02T14:00,0.0,0.0,0.0,0.0,18.6,0.49,2.7,66,0,15740.0,0,0.038,0.0,20.0,0,0.0,0,0,0.0,-1,-1,-1,-1,0.0,0.0
2026-04-02T15:00,0.0,0.0,0.0,0.0,17.2,0.81,1.2,120,0,15740.0,0,0.038,0.0,30.0,0,0.0,0,0,0.0,-1,-1,-1,-1,0.0,0.0
2026-04-02T16:00,0.0,0.0,0.0,0.0,16.5,0.85,1.2,62,0,15740.0,0,0.038,0.0,30.0,0,0.0,0,0,0.0,-1,-1,-1,-1,0.0,0.0
2026-04-02T17:00,0.0,0.0,0.0,0.0,14.9,1.8,3.0,34,0,15720.0,0,0.038,0.0,35.0,0,0.0,0,0,0.0,-1,-1,-1,-1,0.0,0.0
2026-04-02T18:00,0.0,0.0,0.0,0.0,14.0,1.84,3.6,57,0,15720.0,0,0.038,0.0,30.0,0,0.0,0,0,0.0,-1,-1,-1,-1,0.0,0.0
2026-04-02T19:00,0.0,0.0,0.0,0.0,12.6,2.29,4.1,70,0,15720.0,0,0.038,0.0,45.0,0,0.0,0,0,0.0,-1,-1,-1,-1,0.0,0.0
2026-04-02T20:00,0.0,0.0,0.0,0.0,12.7,2.25,4.1,78,0,15720.0,0,0.038,0.0,55.0,0,0.0,0,0,0.0,-1,-1,-1,-1,0.0,0.0
2026-04-02T21:00,0.0,0.0,0.0,0.0,13.1,2.42,4.1,72,0,15720.0,0,0.038,0.0,70.0,0,0.0,0,0,0.0,-1,-1,-1,-1,0.0,0.0
2026-04-02T22:00,0.0,0.0,0.0,0.0,12.4,2.43,4.3,76,0,15720.0,0,0.038,0.0,70.0,0,0.0,0,0,0.0,-1,-1,-1,-1,0.0,0.0
2026-04-02T23:00,0.0,0.0,0.0,0.0,11.5,2.36,4.4,84,0,15720.0,0,0.038,0.0,75.0,0,0.0,0,0,0.0,-1,-1,-1,-1,0.0,0.0
2026-04-03T00:00,0.0,0.0,0.0,0.0,10.2,2.17,4.1,61,0,15700.0,1,0.038,0.0,45.0,0,0.0,0,0,0.0,-1,-1,-1,-1,0.0,0.0
2026-04-03T01:00,0.0,0.0,0.0,0.0,11.8,2.04,4.3,59,0,15700.0,1,0.038,0.0,45.0,0,0.0,0,0,0.0,-1,-1,-1,-1,0.0,0.0
2026-04-03T02:00,0.0,0.0,0.0,0.0,15.6,1.72,3.9,73,0,15700.0,1,0.038,0.0,60.0,0,0.0,0,0,0.0,-1,-1,-1,-1,0.0,0.0
2026-04-03T03:00,0.0,0.0,0.0,0.0,19.3,0.21,3.6,346,0,15720.0,1,0.038,0.0,165.0,0,0.0,0,0,0.0,-1,-1,-1,-1,0.0,0.0
2026-04-03T04:00,0.0,0.0,0.0,0.0,21.7,0.25,3.2,169,0,15720.0,1,0.038,0.0,680.0,0,0.0,0,0,0.0,-1,-1,-1,-1,0.0,0.0
2026-04-03T05:00,0.0,0.0,0.0,0.0,23.3,0.96,4.3,186,0,15700.0,1,0.038,0.0,920.0,0,0.0,0,0,0.0,-1,-1,-1,-1,0.0,0.0
2026-04-03T06:00,0.0,0.0,0.0,0.0,24.5,1.35,4.7,248,0,15700.0,1,0.038,0.0,1410.0,0,0.0,0,0,0.0,-1,-1,-1,-1,0.0,0.0
2026-04-03T07:00,0.0,0.0,0.0,0.0,25.9,2.22,6.4,278,40,15700.0,1,0.038,0.0,1845.0,0,0.0,1,0,0.0,-1,-1,-1,-1,0.0,0.0
2026-04-03T08:00,0.0,0.0,0.0,0.0,26.5,3.41,8.0,284,30,15700.0,1,0.038,0.0,2080.0,0,0.0,1,0,0.0,-1,-1,-1,-1,0.0,0.0
2026-04-03T09:00,0.0,0.0,0.0,0.0,26.5,3.73,8.6,288,0,15700.0,1,0.038,0.0,1925.0,0,0.0,0,0,0.0,-1,-1,-1,-1,0.0,0.0
2026-04-03T10:00,0.0,0.0,0.0,0.0,26.3,3.32,8.4,282,0,15700.0,1,0.038,0.0,1710.0,0,0.0,0,0,0.0,-1,-1,-1,-1,0.0,0.0
2026-04-03T11:00,0.0,0.0,0.0,0.0,25.6,2.96,7.2,286,0,15700.0,1,0.038,0.0,1265.0,0,0.0,0,0,0.0,-1,-1,-1,-1,0.0,0.0
2026-04-03T12:00,0.0,0.0,0.0,0.0,24.0,1.44,6.0,290,8,15700.0,1,0.038,0.0,220.0,0,0.0,0,0,0.0,-1,-1,-1,-1,0.0,0.0
2026-04-03T13:00,0.0,0.0,0.0,0.0,21.9,0.69,2.0,330,0,15680.0,0,0.038,0.0,50.0,0,0.0,0,0,0.0,-1,-1,-1,-1,0.0,0.0
2026-04-03T14:00,0.0,0.0,0.0,0.0,20.3,0.4,1.2,353,0,15680.0,0,0.038,0.0,30.0,0,0.0,0,0,0.0,-1,-1,-1,-1,0.0,0.0
2026-04-03T15:00,0.0,0.0,0.0,0.0,18.7,0.56,0.8,117,0,15680.0,0,0.038,0.0,25.0,0,0.0,0,0,0.0,-1,-1,-1,-1,0.0,0.0
2026-04-03T16:00,0.0,0.0,0.0,0.0,16.6,1.9,3.4,90,0,15660.0,0,0.038,0.0,40.0,0,0.0,0,0,0.0,-1,-1,-1,-1,0.0,0.0
2026-04-03T17:00,0.0,0.0,0.0,0.0,15.3,2.16,4.0,56,0,15660.0,0,0.038,0.0,40.0,0,0.0,0,0,0.0,-1,-1,-1,-1,0.0,0.0
2026-04-03T18:00,0.0,0.0,0.0,0.0,14.6,2.38,4.3,60,0,15660.0,0,0.038,0.0,40.0,0,0.0,0,0,0.0,-1,-1,-1,-1,0.0,0.0
2026-04-03T19:00,0.0,0.0,0.0,0.0,15.3,3.4,5.9,70,0,15660.0,0,0.038,0.0,80.0,0,0.0,0,0,0.0,-1,-1,-1,-1,0.0,0.0
2026-04-03T20:00,0.0,0.0,0.0,0.0,16.4,3.79,6.6,67,0,15660.0,0,0.038,0.0,135.0,0,0.0,0,0,0.0,-1,-1,-1,-1,0.0,0.0
2026-04-03T21:00,0.0,0.0,0.0,0.0,15.9,4.41,7.8,65,11,15660.0,0,0.038,0.0,155.0,0,0.0,0,0,0.0,-1,-1,-1,-1,0.0,0.0
2026-04-03T22:00,0.0,0.0,0.0,0.0,15.4,4.52,7.9,85,2,15660.0,0,0.038,0.0,150.0,0,0.0,0,0,0.0,-1,-1,-1,-1,0.0,0.0
2026-04-03T23:00,0.0,0.0,0.0,0.0,14.6,3.42,8.0,78,21,15660.0,0,0.038,0.0,100.0,0,0.0,1,0,0.0,-1,-1,-1,-1,0.0,0.0
2026-04-04T00:00,0.0,0.0,0.0,0.0,12.4,2.46,6.1,61,80,15640.0,1,0.038,0.0,50.0,0,0.0,3,0,0.0,-1,-1,-1,-1,0.0,0.0
2026-04-04T01:00,0.0,0.0,0.0,0.0,13.8,2.46,4.5,66,100,15640.0,1,0.038,0.0,50.0,0,0.0,3,0,0.0,-1,-1,-1,-1,0.0,0.0
2026-04-04T02:00,0.0,0.0,0.0,0.0,17.4,1.82,4.5,82,98,15660.0,1,0.038,0.0,70.0,0,0.0,3,0,0.0,-1,-1,-1,-1,0.0,0.0
2026-04-04T03:00,0.0,0.0,0.0,0.0,21.0,0.78,3.8,75,98,15660.0,1,0.039,0.0,575.0,0,0.0,3,0,0.0,-1,-1,-1,-1,0.0,0.0
2026-04-04T04:00,0.0,0.0,0.0,0.0,22.9,1.52,4.6,136,98,15660.0,1,0.039,0.0,870.0,0,0.0,3,0,0.0,-1,-1,-1,-1,0.0,0.0
2026-04-04T05:00,0.0,0.0,0.0,0.0,24.2,2.15,5.8,158,95,15640.0,1,0.039,0.0,1145.0,0,0.0,3,0,0.0,-1,-1,-1,-1,0.0,0.0
2026-04-04T06:00,0.0,0.0,0.0,0.0,25.1,1.9,6.0,178,76,15640.0,1,0.039,0.0,1530.0,0,0.0,2,0,0.0,-1,-1,-1,-1,0.0,0.0
2026-04-04T07:00,0.0,0.0,0.0,0.0,26.4,1.71,5.6,185,59,15640.0,1,0.039,0.0,1940.0,0,0.0,2,0,0.0,-1,-1,-1,-1,0.0,0.0
2026-04-04T08:00,0.0,0.0,0.0,0.0,27.3,1.63,5.5,223,28,15640.0,1,0.039,0.0,2350.0,0,0.0,1,0,0.0,-1,-1,-1,-1,0.0,0.0
2026-04-04T09:00,0.0,0.0,0.0,0.0,27.6,2.72,6.5,250,16,15640.0,1,0.039,0.0,2540.0,0,0.0,0,0,0.0,-1,-1,-1,-1,0.0,0.0
2026-04-04T10:00,0.0,0.0,0.0,0.0,27.3,3.22,7.1,263,1,15640.0,1,0.039,0.0,2465.0,0,0.0,0,0,0.0,-1,-1,-1,-1,0.0,0.0
2026-04-04T11:00,0.0,0.0,0.0,0.0,26.7,2.71,7.0,275,0,15640.0,1,0.039,0.0,2205.0,0,0.0,0,0,0.0,-1,-1,-1,-1,0.0,0.0
2026-04-04T12:00,0.0,0.0,0.0,0.0,24.8,1.1,5.6,273,2,15640.0,1,0.039,0.0,100.0,0,0.0,0,0,0.0,-1,-1,-1,-1,0.0,0.0
2026-04-04T13:00,0.0,0.0,0.0,0.0,22.4,0.45,1.5,354,2,15620.0,0,0.039,0.0,25.0,0,0.0,0,0,0.0,-1,-1,-1,-1,0.0,0.0
2026-04-04T14:00,0.0,0.0,0.0,0.0,21.1,0.82,1.1,76,2,15620.0,0,0.039,0.0,30.0,0,0.0,0,0,0.0,-1,-1,-1,-1,0.0,0.0
2026-04-04T15:00,0.0,0.0,0.0,0.0,18.7,2.71,4.5,62,59,15620.0,0,0.039,0.0,70.0,0,0.0,2,0,0.0,-1,-1,-1,-1,0.0,0.0
2026-04-04T16:00,0.0,0.0,0.0,0.0,18.7,3.91,6.9,40,55,15620.0,0,0.039,0.0,215.0,0,0.0,2,0,0.0,-1,-1,-1,-1,0.0,0.0
2026-04-04T17:00,0.0,0.0,0.0,0.0,19.9,4.17,7.8,46,12,15620.0,0,0.039,0.0,275.0,0,0.0,0,0,0.0,-1,-1,-1,-1,0.0,0.0
2026-04-04T18:00,0.0,0.0,0.0,0.0,18.5,4.17,7.9,44,21,15620.0,0,0.039,0.0,230.0,0,0.0,1,0,0.0,-1,-1,-1,-1,0.0,0.0
2026-04-04T19:00,0.0,0.0,0.0,0.0,18.4,4.8,8.4,54,38,15620.0,0,0.039,0.0,275.0,0,0.0,1,0,0.0,-1,-1,-1,-1,0.0,0.0
2026-04-04T20:00,0.0,0.0,0.0,0.0,18.6,5.27,9.3,48,23,15620.0,0,0.039,0.0,335.0,0,0.0,1,0,0.0,-1,-1,-1,-1,0.0,0.0
2026-04-04T21:00,0.0,0.0,0.0,0.0,18.1,5.03,9.4,41,1,15600.0,0,0.039,0.0,345.0,0,0.0,0,0,0.0,-1,-1,-1,-1,0.0,0.0
2026-04-04T22:00,0.0,0.0,0.0,0.0,18.2,6.33,11.2,43,52,15600.0,0,0.039,0.0,405.0,0,0.0,2,0,0.0,-1,-1,-1,-1,0.0,0.0
2026-04-04T23:00,0.0,0.0,0.0,0.0,18.0,6.37,11.6,44,77,15600.0,0,0.039,0.0,430.0,0,0.0,2,0,0.0,-1,-1,-1,-1,0.0,0.0
2026-04-05T00:00,0.0,0.0,0.0,0.0,18.1,5.94,11.6,46,16,15600.0,1,0.039,0.0,445.0,0,0.0,0,0,0.0,-1,-1,-1,-1,0.0,0.0
2026-04-05T01:00,0.0,0.0,0.0,0.0,18.8,5.96,11.0,50,23,15600.0,1,0.039,0.0,460.0,0,0.0,1,0,0.0,-1,-1,-1,-1,0.0,0.0
2026-04-05T02:00,0.0,0.0,0.0,0.0,20.9,5.88,11.2,49,49,15600.0,1,0.039,0.0,595.0,0,0.0,1,0,0.0,-1,-1,-1,-1,0.0,0.0
2026-04-05T03:00,0.0,0.0,0.0,0.0,22.5,6.72,12.8,47,94,15600.0,1,0.039,0.0,755.0,0,0.0,3,0,0.0,-1,-1,-1,-1,0.0,0.0
2026-04-05T04:00,0.0,0.0,0.0,0.0,23.6,6.98,13.7,52,53,15600.0,1,0.039,0.0,860.0,0,0.0,2,0,0.0,-1,-1,-1,-1,0.0,0.0
2026-04-05T05:00,0.0,0.0,0.0,0.0,24.8,6.85,13.8,56,5,15580.0,1,0.039,0.0,995.0,0,0.0,0,0,0.0,-1,-1,-1,-1,0.0,0.0
2026-04-05T06:00,0.0,0.0,0.0,0.0,26.1,6.4,13.7,58,1,15580.0,1,0.039,0.0,1280.0,0,0.0,0,0,0.0,-1,-1,-1,-1,0.0,0.0
2026-04-05T07:00,0.0,0.0,0.0,0.0,26.7,6.0,13.0,61,0,15600.0,1,0.039,0.0,1870.0,0,0.0,0,0,0.0,-1,-1,-1,-1,0.0,0.0
2026-04-05T08:00,0.0,0.0,0.0,0.0,27.0,5.62,12.4,65,0,15600.0,1,0.039,0.0,2095.0,0,0.0,0,0,0.0,-1,-1,-1,-1,0.0,0.0
2026-04-05T09:00,0.0,0.0,0.0,0.0,26.9,5.53,11.6,66,1,15600.0,1,0.039,0.0,1965.0,0,0.0,0,0,0.0,-1,-1,-1,-1,0.0,0.0
2026-04-05T10:00,0.0,0.0,0.0,0.0,26.5,5.5,11.3,62,0,15600.0,1,0.039,0.0,1735.0,0,0.0,0,0,0.0,-1,-1,-1,-1,0.0,0.0
2026-04-05T11:00,0.0,0.0,0.0,0.0,26.0,4.63,10.9,62,0,15600.0,1,0.039,0.0,1500.0,0,0.0,0,0,0.0,-1,-1,-1,-1,0.0,0.0
2026-04-05T12:00,0.0,0.0,0.0,0.0,25.1,2.41,9.0,48,0,15580.0,1,0.031,0.0,490.0,0,0.0,0,0,0.0,-1,-1,-1,-1,0.0,0.0
2026-04-05T13:00,0.0,0.0,0.0,0.0,22.1,2.92,5.1,31,0,15580.0,0,0.031,0.0,205.0,0,0.0,0,0,0.0,-1,-1,-1,-1,0.0,0.0
2026-04-05T14:00,0.0,0.0,0.0,0.0,20.5,2.9,5.6,36,0,15580.0,0,0.031,0.0,160.0,0,0.0,0,0,0.0,-1,-1,-1,-1,0.0,0.0
2026-04-05T15:00,0.0,0.0,0.0,0.0,18.3,2.64,5.2,37,0,15560.0,0,0.031,0.0,55.0,0,0.0,0,0,0.0,-1,-1,-1,-1,0.0,0.0
2026-04-05T16:00,0.0,0.0,0.0,0.0,17.3,2.82,5.2,37,0,15560.0,0,0.031,0.0,65.0,0,0.0,0,0,0.0,-1,-1,-1,-1,0.0,0.0
2026-04-05T17:00,0.0,0.0,0.0,0.0,17.3,2.69,5.2,61,36,15580.0,0,0.031,0.0,120.0,0,0.0,1,0,0.0,-1,-1,-1,-1,0.0,0.0
2026-04-05T18:00,0.0,0.0,0.0,0.0,15.3,2.27,4.8,76,28,15560.0,0,0.037,0.0,50.0,0,0.0,1,0,0.0,-1,-1,-1,-1,0.0,0.0
2026-04-05T19:00,0.0,0.0,0.0,0.0,14.7,2.51,4.3,73,4,15560.0,0,0.037,0.0,70.0,1,0.0,0,0,0.0,-1,-1,-1,-1,0.0,0.0
2026-04-05T20:00,0.0,0.0,0.0,0.0,15.1,2.77,4.9,62,0,15580.0,0,0.037,0.0,110.0,1,0.0,0,0,0.0,-1,-1,-1,-1,0.0,0.0
2026-04-05T21:00,0.0,0.0,0.0,0.0,15.1,3.05,5.5,55,0,15560.0,0,0.037,0.0,100.0,1,0.0,0,0,0.0,-1,-1,-1,-1,0.0,0.0
2026-04-05T22:00,0.0,0.0,0.0,0.0,14.3,2.98,5.6,55,13,15540.0,0,0.037,0.0,70.0,1,0.0,0,0,0.0,-1,-1,-1,-1,0.0,0.0
2026-04-05T23:00,0.0,0.0,0.0,0.0,13.5,2.68,5.4,63,28,15540.0,0,0.037,0.0,60.0,1,0.0,1,0,0.0,-1,-1,-1,-1,0.0,0.0
2026-04-06T00:00,0.0,0.0,0.0,0.0,12.7,2.37,4.9,62,43,15540.0,1,0.04,0.0,60.0,1,0.0,1,0,0.0,-1,-1,-1,-1,0.0,0.0
2026-04-06T01:00,0.0,0.0,0.0,0.0,12.8,1.38,4.1,41,21,15540.0,1,0.04,0.0,40.0,1,0.0,1,0,0.0,-1,-1,-1,-1,0.0,0.0
2026-04-06T02:00,0.0,0.0,0.0,0.0,16.5,1.32,3.1,61,7,15540.0,1,0.04,0.0,70.0,1,0.0,0,0,0.0,-1,-1,-1,-1,0.0,0.0
2026-04-06T03:00,0.0,0.0,0.0,0.0,20.2,1.38,4.2,71,0,15540.0,1,0.04,0.0,185.0,1,0.0,0,0,0.0,-1,-1,-1,-1,0.0,0.0
2026-04-06T04:00,0.0,0.0,0.0,0.0,23.5,2.07,5.8,70,1,15560.0,1,0.04,0.0,480.0,1,0.0,0,0,0.0,-1,-1,-1,-1,0.0,0.0
2026-04-06T05:00,0.0,0.0,0.0,0.0,25.4,1.57,6.1,68,34,15560.0,1,0.04,0.0,1300.0,1,0.0,1,0,0.0,-1,-1,-1,-1,0.0,0.0
2026-04-06T06:00,0.0,0.0,0.0,0.0,26.3,1.01,5.4,261,23,15540.0,1,0.04,0.0,2405.0,0,0.0,1,0,0.0,-1,-1,-1,-1,0.0,0.0
2026-04-06T07:00,0.0,0.0,0.0,0.0,27.6,2.95,7.4,273,10,15540.0,1,0.04,0.0,2610.0,1,0.0,0,0,0.0,-1,-1,-1,-1,0.0,0.0
2026-04-06T08:00,0.0,0.0,0.0,0.0,27.7,3.86,8.8,280,18,15540.0,1,0.04,0.0,2710.0,1,0.0,0,0,0.0,-1,-1,-1,-1,0.0,0.0
2026-04-06T09:00,0.0,0.0,0.0,0.0,27.6,4.05,8.9,273,99,15540.0,1,0.04,0.0,2670.0,1,0.0,3,0,0.0,-1,-1,-1,-1,0.0,0.0
2026-04-06T10:00,0.0,0.0,0.0,0.0,27.2,3.9,8.8,270,100,15540.0,1,0.04,0.0,2640.0,1,0.0,3,0,0.0,-1,-1,-1,-1,0.0,0.0
2026-04-06T11:00,0.0,0.0,0.0,0.0,26.5,3.71,8.1,266,99,15540.0,1,0.04,0.0,2475.0,1,0.0,3,0,0.0,-1,-1,-1,-1,0.0,0.0
2026-04-06T12:00,0.0,0.0,0.0,0.0,24.7,2.17,7.1,251,91,15540.0,1,0.04,0.0,290.0,0,0.0,3,0,0.0,-1,-1,-1,-1,0.0,0.0
2026-04-06T13:00,0.0,0.0,0.0,0.0,20.9,1.14,3.6,241,96,15520.0,0,0.04,0.0,55.0,1,0.0,3,0,0.0,-1,-1,-1,-1,0.0,0.0
2026-04-06T14:00,0.0,0.0,0.0,0.0,19.6,0.22,1.5,333,100,15520.0,0,0.04,0.0,15.0,1,0.0,3,0,0.0,-1,-1,-1,-1,0.0,0.0
2026-04-06T15:00,0.0,0.0,0.0,0.0,18.8,0.39,0.8,40,99,15520.0,0,0.04,0.0,25.0,1,0.0,3,0,0.0,-1,-1,-1,-1,0.0,0.0
2026-04-06T16:00,0.0,0.0,0.0,0.0,17.7,0.45,0.8,96,99,15520.0,0,0.04,0.0,30.0,1,0.0,3,0,0.0,-1,-1,-1,-1,0.0,0.0
2026-04-06T17:00,0.0,0.0,0.0,0.0,17.0,0.78,1.3,117,78,15520.0,0,0.04,0.0,35.0,1,0.0,2,0,0.0,-1,-1,-1,-1,0.0,0.0
2026-04-06T18:00,0.0,0.0,0.0,0.0,16.1,0.81,1.2,112,95,15520.0,0,0.04,0.0,35.0,1,0.0,3,0,0.0,-1,-1,-1,-1,0.0,0.0
2026-04-06T19:00,0.0,0.0,0.0,0.0,15.6,0.14,1.2,135,100,15520.0,0,0.04,0.0,15.0,1,0.0,3,0,0.0,-1,-1,-1,-1,0.0,0.0
2026-04-06T20:00,0.0,0.0,0.0,0.0,14.4,0.89,1.2,117,100,15500.0,0,0.04,0.0,40.0,1,0.0,3,0,0.0,-1,-1,-1,-1,0.0,0.0
2026-04-06T21:00,0.0,0.0,0.0,0.0,12.5,1.66,2.5,106,100,15500.0,0,0.04,0.0,35.0,1,0.0,3,0,0.0,-1,-1,-1,-1,0.0,0.0
2026-04-06T22:00,0.0,0.0,0.0,0.0,11.6,1.3,2.6,86,100,15500.0,0,0.04,0.0,30.0,1,0.0,3,0,0.0,-1,-1,-1,-1,0.0,0.0
2026-04-06T23:00,0.0,0.0,0.0,0.0,10.9,1.4,2.0,86,100,15500.0,0,0.04,0.0,30.0,1,0.0,3,0,0.0,-1,-1,-1,-1,0.0,0.0
2026-04-07T00:00,0.0,0.0,0.0,0.0,11.2,1.73,2.5,80,100,15480.0,1,0.04,0.0,35.0,1,0.0,3,0,0.0,-1,-1,-1,-1,0.0,0.0
2026-04-07T01:00,0.0,0.0,0.0,0.0,12.9,1.2,2.6,95,100,15480.0,1,0.04,0.0,30.0,1,0.0,3,0,0.0,-1,-1,-1,-1,0.0,0.0
2026-04-07T02:00,0.0,0.0,0.0,0.0,15.9,1.42,2.3,80,100,15480.0,1,0.04,0.0,35.0,1,0.0,3,0,0.0,-1,-1,-1,-1,0.0,0.0
2026-04-07T03:00,0.0,0.0,0.0,0.0,19.0,1.73,3.9,100,100,15480.0,1,0.04,0.0,115.0,1,0.0,3,0,0.0,-1,-1,-1,-1,0.0,0.0
2026-04-07T04:00,0.0,0.0,0.0,0.0,22.4,1.77,4.9,115,100,15500.0,1,0.04,0.0,395.0,1,0.0,3,0,0.0,-1,-1,-1,-1,0.0,0.0
2026-04-07T05:00,0.0,0.0,0.0,0.0,24.4,1.42,5.1,141,100,15500.0,1,0.04,0.0,675.0,1,0.0,3,0,0.0,-1,-1,-1,-1,0.0,0.0
2026-04-07T06:00,0.0,0.0,0.0,0.0,25.9,1.27,4.8,191,100,15480.0,1,0.04,0.0,1435.0,1,0.0,3,0,0.0,-1,-1,-1,-1,0.0,0.0
2026-04-07T07:00,0.0,0.0,0.0,0.0,27.1,2.65,6.4,226,100,15480.0,1,0.04,0.0,1980.0,1,0.0,3,0,0.0,-1,-1,-1,-1,0.0,0.0
2026-04-07T08:00,0.0,0.0,0.0,0.0,27.6,3.76,8.0,237,100,15480.0,1,0.04,0.0,2620.0,1,0.0,3,0,0.0,-1,-1,-1,-1,0.0,0.0
2026-04-07T09:00,0.0,0.0,0.0,0.0,27.4,4.45,8.9,241,100,15480.0,1,0.04,0.0,2565.0,1,0.0,3,0,0.0,-1,-1,-1,-1,0.0,0.0
2026-04-07T10:00,0.0,0.0,0.0,0.0,27.1,4.14,8.9,240,100,15480.0,1,0.04,0.0,2335.0,1,0.0,3,0,0.0,-1,-1,-1,-1,0.0,0.0
2026-04-07T11:00,0.0,0.0,0.0,0.0,26.8,3.07,8.0,240,100,15480.0,1,0.04,0.0,2275.0,1,0.0,3,0,0.0,-1,-1,-1,-1,0.0,0.0
2026-04-07T12:00,0.0,0.0,0.0,0.0,24.8,1.23,5.4,212,100,15480.0,1,0.04,0.0,85.0,1,0.0,3,0,0.0,-1,-1,-1,-1,0.0,0.0
2026-04-07T13:00,0.0,0.0,0.0,0.0,22.0,1.1,1.5,137,100,15480.0,0,0.04,0.0,40.0,1,0.0,3,0,0.0,-1,-1,-1,-1,0.0,0.0
2026-04-07T14:00,0.0,0.0,0.0,0.0,20.4,2.19,3.5,114,100,15480.0,0,0.04,0.0,110.0,1,0.0,3,0,0.0,-1,-1,-1,-1,0.0,0.0
2026-04-07T15:00,0.0,0.0,0.0,0.0,19.1,2.06,3.6,113,100,15460.0,0,0.04,0.0,125.0,1,0.0,3,0,0.0,-1,-1,-1,-1,0.0,0.0
2026-04-07T16:00,0.0,0.0,0.0,0.0,18.0,1.3,3.0,74,100,15460.0,0,0.04,0.0,60.0,1,0.0,3,0,0.0,-1,-1,-1,-1,0.0,0.0
2026-04-07T17:00,0.0,0.0,0.0,0.0,16.8,2.04,3.3,65,34,15440.0,0,0.04,0.0,50.0,1,0.0,1,0,0.0,-1,-1,-1,-1,0.0,0.0
2026-04-07T18:00,0.0,0.0,0.0,0.0,15.5,2.03,3.5,74,50,15440.0,0,0.04,0.0,40.0,1,0.0,2,0,0.0,-1,-1,-1,-1,0.0,0.0
2026-04-07T19:00,0.0,0.0,0.0,0.0,14.0,1.84,3.1,77,92,15440.0,0,0.04,0.0,30.0,1,0.0,3,0,0.0,-1,-1,-1,-1,0.0,0.0
2026-04-07T20:00,0.0,0.0,0.0,0.0,13.2,2.08,3.4,80,55,15440.0,0,0.04,0.0,35.0,1,0.0,2,0,0.0,-1,-1,-1,-1,0.0,0.0
2026-04-07T21:00,0.0,0.0,0.0,0.0,13.2,2.39,4.1,79,11,15440.0,0,0.04,0.0,45.0,1,0.0,0,0,0.0,-1,-1,-1,-1,0.0,0.0
2026-04-07T22:00,0.0,0.0,0.0,0.0,12.9,2.49,4.1,75,0,15420.0,0,0.041,0.0,60.0,1,0.0,0,0,0.0,-1,-1,-1,-1,0.0,0.0
2026-04-07T23:00,0.0,0.0,0.0,0.0,13.1,2.82,4.9,73,0,15420.0,0,0.041,0.0,65.0,1,0.0,0,0,0.0,-1,-1,-1,-1,0.0,0.0
2026-04-08T00:00,0.0,0.0,0.0,0.0,11.4,2.51,5.1,67,0,15420.0,1,0.041,0.0,55.0,1,0.0,0,0,0.0,-1,-1,-1,-1,0.0,0.0
2026-04-08T01:00,0.0,0.0,0.0,0.0,14.2,2.84,5.3,64,0,15420.0,1,0.041,0.0,80.0,1,0.0,0,0,0.0,-1,-1,-1,-1,0.0,0.0
2026-04-08T02:00,0.0,0.0,0.0,0.0,18.1,2.84,5.3,99,0,15420.0,1,0.041,0.0,130.0,1,0.0,0,0,0.0,-1,-1,-1,-1,0.0,0.0
2026-04-08T03:00,0.0,0.0,0.0,0.0,21.8,3.7,7.4,111,0,15420.0,1,0.041,0.0,375.0,1,0.0,0,0,0.0,-1,-1,-1,-1,0.0,0.0
2026-04-08T04:00,0.0,0.0,0.0,0.0,24.0,4.24,9.0,105,0,15420.0,1,0.041,0.0,1030.0,1,0.0,0,0,0.0,-1,-1,-1,-1,0.0,0.0
2026-04-08T05:00,0.0,0.0,0.0,0.0,25.4,4.02,9.0,117,0,15420.0,1,0.041,0.0,1275.0,1,0.0,0,0,0.0,-1,-1,-1,-1,0.0,0.0
2026-04-08T06:00,0.0,0.0,0.0,0.0,26.7,3.64,8.8,134,0,15440.0,1,0.041,0.0,1645.0,1,0.0,0,0,0.0,-1,-1,-1,-1,0.0,0.0
2026-04-08T07:00,0.0,0.0,0.0,0.0,27.6,2.95,8.0,146,0,15420.0,1,0.041,0.0,2030.0,1,0.0,0,0,0.0,-1,-1,-1,-1,0.0,0.0
2026-04-08T08:00,0.0,0.0,0.0,0.0,28.1,2.37,7.2,152,0,15420.0,1,0.041,0.0,2355.0,1,0.0,0,0,0.0,-1,-1,-1,-1,0.0,0.0
2026-04-08T09:00,0.0,0.0,0.0,0.0,28.3,1.86,6.3,153,0,15420.0,1,0.041,0.0,2545.0,1,0.0,0,0,0.0,-1,-1,-1,-1,0.0,0.0
2026-04-08T10:00,0.0,0.0,0.0,0.0,28.0,1.1,5.3,133,0,15420.0,1,0.041,0.0,2575.0,1,0.0,0,0,0.0,-1,-1,-1,-1,0.0,0.0
2026-04-08T11:00,0.0,0.0,0.0,0.0,27.5,0.8,4.0,94,0,15420.0,1,0.041,0.0,2570.0,1,0.0,0,0,0.0,-1,-1,-1,-1,0.0,0.0
2026-04-08T12:00,0.0,0.0,0.0,0.0,25.5,0.63,2.8,61,0,15420.0,1,0.041,0.0,45.0,1,0.0,0,0,0.0,-1,-1,-1,-1,0.0,0.0
2026-04-08T13:00,0.0,0.0,0.0,0.0,22.1,1.04,1.7,73,0,15420.0,0,0.041,0.0,40.0,1,0.0,0,0,0.0,-1,-1,-1,-1,0.0,0.0
2026-04-08T14:00,0.0,0.0,0.0,0.0,20.6,0.91,1.6,99,0,15420.0,0,0.041,0.0,35.0,1,0.0,0,0,0.0,-1,-1,-1,-1,0.0,0.0
2026-04-08T15:00,0.0,0.0,0.0,0.0,18.9,1.38,1.9,71,0,15400.0,0,0.041,0.0,35.0,1,0.0,0,0,0.0,-1,-1,-1,-1,0.0,0.0
2026-04-08T16:00,0.0,0.0,0.0,0.0,17.2,1.87,3.3,56,0,15400.0,0,0.041,0.0,35.0,1,0.0,0,0,0.0,-1,-1,-1,-1,0.0,0.0
2026-04-08T17:00,0.0,0.0,0.0,0.0,16.1,1.33,2.9,70,0,15400.0,0,0.041,0.0,30.0,1,0.0,0,0,0.0,-1,-1,-1,-1,0.0,0.0
2026-04-08T18:00,0.0,0.0,0.0,0.0,14.2,1.92,3.2,75,0,15400.0,0,0.041,0.0,30.0,1,0.0,0,0,0.0,-1,-1,-1,-1,0.0,0.0
2026-04-08T19:00,0.0,0.0,0.0,0.0,12.5,1.92,3.1,75,0,15380.0,0,0.041,0.0,35.0,1,0.0,0,0,0.0,-1,-1,-1,-1,0.0,0.0
2026-04-08T20:00,0.0,0.0,0.0,0.0,12.6,2.39,3.4,79,0,15380.0,0,0.041,0.0,50.0,1,0.0,0,0,0.0,-1,-1,-1,-1,0.0,0.0
2026-04-08T21:00,0.0,0.0,0.0,0.0,14.0,2.64,4.4,71,0,15380.0,0,0.041,0.0,100.0,1,0.0,0,0,0.0,-1,-1,-1,-1,0.0,0.0
2026-04-08T22:00,0.0,0.0,0.0,0.0,14.8,3.42,5.8,63,0,15380.0,0,0.041,0.0,145.0,1,0.0,0,0,0.0,-1,-1,-1,-1,0.0,0.0
2026-04-08T23:00,0.0,0.0,0.0,0.0,15.8,4.03,7.1,60,0,15380.0,0,0.041,0.0,170.0,1,0.0,0,0,0.0,-1,-1,-1,-1,0.0,0.0
2026-04-09T00:00,0.0,0.0,0.0,0.0,15.6,4.19,7.6,57,0,15380.0,1,0.041,0.0,140.0,1,0.0,0,0,0.0,-1,-1,-1,-1,0.0,0.0
2026-04-09T01:00,0.0,0.0,0.0,0.0,17.5,5.27,9.2,55,0,15380.0,1,0.041,0.0,250.0,1,0.0,0,0,0.0,-1,-1,-1,-1,0.0,0.0
2026-04-09T02:00,0.0,0.0,0.0,0.0,20.5,5.55,10.0,56,0,15380.0,1,0.041,0.0,395.0,1,0.0,0,0,0.0,-1,-1,-1,-1,0.0,0.0
2026-04-09T03:00,0.0,0.0,0.0,0.0,22.9,5.87,11.0,54,0,15380.0,1,0.041,0.0,590.0,1,0.0,0,0,0.0,-1,-1,-1,-1,0.0,0.0
2026-04-09T04:00,0.0,0.0,0.0,0.0,24.4,6.44,12.7,52,0,15380.0,1,0.041,0.0,745.0,1,0.0,0,0,0.0,-1,-1,-1,-1,0.0,0.0
2026-04-09T05:00,0.0,0.0,0.0,0.0,25.7,6.01,12.7,56,0,15380.0,1,0.041,0.0,895.0,1,0.0,0,0,0.0,-1,-1,-1,-1,0.0,0.0
2026-04-09T06:00,0.0,0.0,0.0,0.0,27.2,4.55,12.1,60,0,15380.0,1,0.041,0.0,1240.0,1,0.0,0,0,0.0,-1,-1,-1,-1,0.0,0.0
2026-04-09T07:00,0.0,0.0,0.0,0.0,28.3,4.36,10.0,65,0,15380.0,1,0.041,0.0,2060.0,1,0.0,0,0,0.0,-1,-1,-1,-1,0.0,0.0
2026-04-09T08:00,0.0,0.0,0.0,0.0,28.8,4.5,9.8,66,0,15380.0,1,0.041,0.0,2235.0,1,0.0,0,0,0.0,-1,-1,-1,-1,0.0,0.0
2026-04-09T09:00,0.0,0.0,0.0,0.0,28.8,4.81,10.2,65,0,15380.0,1,0.041,0.0,1930.0,1,0.0,0,0,0.0,-1,-1,-1,-1,0.0,0.0
2026-04-09T10:00,0.0,0.0,0.0,0.0,28.5,4.51,10.1,59,0,15360.0,1,0.041,0.0,1610.0,1,0.0,0,0,0.0,-1,-1,-1,-1,0.0,0.0
2026-04-09T11:00,0.0,0.0,0.0,0.0,27.7,4.23,9.4,55,0,15360.0,1,0.041,0.0,1275.0,1,0.0,0,0,0.0,-1,-1,-1,-1,0.0,0.0
2026-04-09T12:00,0.0,0.0,0.0,0.0,26.4,4.62,8.3,56,0,15360.0,1,0.041,0.0,850.0,1,0.0,0,0,0.0,-1,-1,-1,-1,0.0,0.0
2026-04-09T13:00,0.0,0.0,0.0,0.0,24.3,5.01,8.8,58,0,15360.0,0,0.041,0.0,505.0,1,0.0,0,0,0.0,-1,-1,-1,-1,0.0,0.0
2026-04-09T14:00,0.0,0.0,0.0,0.0,23.7,4.92,9.9,62,0,15340.0,0,0.041,0.0,550.0,1,0.0,0,0,0.0,-1,-1,-1,-1,0.0,0.0
2026-04-09T15:00,0.0,0.0,0.0,0.0,22.2,3.96,8.8,45,0,15340.0,0,0.041,0.0,405.0,1,0.0,0,0,0.0,-1,-1,-1,-1,0.0,0.0
2026-04-09T16:00,0.0,0.0,0.0,0.0,21.2,3.09,7.4,61,0,15340.0,0,0.041,0.0,400.0,1,0.0,0,0,0.0,-1,-1,-1,-1,0.0,0.0
2026-04-09T17:00,0.0,0.0,0.0,0.0,18.5,0.68,5.7,107,0,15340.0,0,0.041,0.0,30.0,1,0.0,0,0,0.0,-1,-1,-1,-1,0.0,0.0
2026-04-09T18:00,0.0,0.0,0.0,0.0,17.0,1.52,2.7,27,0,15340.0,0,0.041,0.0,35.0,1,0.0,0,0,0.0,-1,-1,-1,-1,0.0,0.0
2026-04-09T19:00,0.0,0.0,0.0,0.0,16.5,3.41,6.1,39,0,15340.0,0,0.041,0.0,70.0,1,0.0,0,0,0.0,-1,-1,-1,-1,0.0,0.0
2026-04-09T20:00,0.0,0.0,0.0,0.0,17.7,3.95,7.1,35,0,15320.0,0,0.041,0.0,185.0,1,0.0,0,0,0.0,-1,-1,-1,-1,0.0,0.0
2026-04-09T21:00,0.0,0.0,0.0,0.0,18.2,4.35,7.7,34,0,15320.0,0,0.041,0.0,270.0,1,0.0,0,0,0.0,-1,-1,-1,-1,0.0,0.0
2026-04-09T22:00,0.0,0.0,0.0,0.0,17.8,4.39,7.7,42,0,15320.0,0,0.041,0.0,295.0,1,0.0,0,0,0.0,-1,-1,-1,-1,0.0,0.0
2026-04-09T23:00,0.0,0.0,0.0,0.0,17.6,4.49,8.1,46,0,15320.0,0,0.041,0.0,315.0,1,0.0,0,0,0.0,-1,-1,-1,-1,0.0,0.0
2026-04-10T00:00,0.0,0.0,0.0,0.0,16.7,3.61,7.9,48,0,15320.0,1,0.046,0.0,235.0,1,0.0,0,0,0.0,-1,-1,-1,-1,0.0,0.0
2026-04-10T01:00,0.0,0.0,0.0,0.0,18.4,4.18,7.3,49,0,15320.0,1,0.046,0.0,325.0,1,0.0,0,0,0.0,-1,-1,-1,-1,0.0,0.0
2026-04-10T02:00,0.0,0.0,0.0,0.0,20.9,4.64,8.6,53,0,15320.0,1,0.046,0.0,565.0,1,0.0,0,0,0.0,-1,-1,-1,-1,0.0,0.0
2026-04-10T03:00,0.0,0.0,0.0,0.0,22.1,6.22,11.8,51,0,15320.0,1,0.046,0.0,620.0,1,0.0,0,0,0.0,-1,-1,-1,-1,0.0,0.0
2026-04-10T04:00,0.0,0.0,0.0,0.0,23.8,6.25,12.6,50,10,15320.0,1,0.046,0.0,695.0,1,0.0,0,0,0.0,-1,-1,-1,-1,0.0,0.0
2026-04-10T05:00,0.0,0.0,0.0,0.0,25.6,5.04,12.4,61,15,15300.0,1,0.046,0.0,915.0,1,0.0,0,0,0.0,-1,-1,-1,-1,0.0,0.0
2026-04-10T06:00,0.0,0.0,0.0,0.0,27.0,2.78,10.6,67,96,15300.0,1,0.048,0.0,2455.0,1,0.0,3,0,0.0,-1,-1,-1,-1,0.0,0.0
2026-04-10T07:00,0.0,0.0,0.0,0.0,27.9,0.96,6.9,43,44,15300.0,1,0.048,0.0,2980.0,1,0.0,1,0,0.0,-1,-1,-1,-1,0.0,0.0
2026-04-10T08:00,0.0,0.0,0.0,0.0,28.3,1.39,5.4,322,89,15320.0,1,0.048,0.0,3340.0,1,0.0,3,0,0.0,-1,-1,-1,-1,0.0,0.0
2026-04-10T09:00,0.0,0.0,0.0,0.0,28.2,2.41,6.5,310,99,15320.0,1,0.048,0.0,3315.0,1,0.0,3,0,0.0,-1,-1,-1,-1,0.0,0.0
2026-04-10T10:00,0.0,0.0,0.0,0.0,28.1,3.0,6.9,296,91,15320.0,1,0.048,0.0,3285.0,1,0.0,3,0,0.0,-1,-1,-1,-1,0.0,0.0
2026-04-10T11:00,0.0,0.0,0.0,0.0,27.5,3.72,7.4,290,90,15300.0,1,0.048,0.0,2965.0,1,0.0,3,0,0.0,-1,-1,-1,-1,0.0,0.0
2026-04-10T12:00,0.0,0.0,0.0,0.0,26.1,2.45,7.4,258,41,15300.0,1,0.042,0.0,535.0,0,0.0,1,0,0.0,-1,-1,-1,-1,0.0,0.0
2026-04-10T13:00,0.0,0.0,0.0,0.0,21.7,1.61,4.3,296,100,15300.0,0,0.042,20.0,75.0,0,0.0,3,0,0.0,-1,-1,-1,-1,0.0,0.0
2026-04-10T14:00,0.0,0.0,0.0,0.0,20.5,1.57,2.3,297,100,15280.0,0,0.042,20.0,55.0,1,0.0,3,0,0.0,-1,-1,-1,-1,0.0,0.0
2026-04-10T15:00,0.0,0.0,0.0,0.0,20.0,1.63,2.5,337,100,15280.0,0,0.042,20.0,55.0,0,0.0,3,0,0.0,-1,-1,-1,-1,0.0,0.0
2026-04-10T16:00,0.0,0.0,0.0,0.0,19.7,2.7,4.4,39,100,15280.0,0,0.042,10.0,120.0,0,0.0,3,0,0.0,-1,-1,-1,-1,0.0,0.0
2026-04-10T17:00,0.0,0.0,0.0,0.0,19.4,3.68,6.6,59,100,15280.0,0,0.042,0.0,135.0,0,0.0,3,0,0.0,-1,-1,-1,-1,0.0,0.0
2026-04-10T18:00,0.0,0.0,0.0,0.0,19.9,3.71,7.7,53,100,15260.0,0,0.042,0.0,230.0,1,0.0,3,0,0.0,-1,-1,-1,-1,0.0,0.0
2026-04-10T19:00,0.0,0.0,0.0,0.0,18.9,4.99,8.6,48,99,15260.0,0,0.042,0.0,260.0,1,0.0,3,0,0.0,-1,-1,-1,-1,0.0,0.0
2026-04-10T20:00,0.0,0.0,0.0,0.0,18.6,5.34,9.4,44,100,15260.0,0,0.042,10.0,350.0,1,0.0,3,0,0.0,-1,-1,-1,-1,0.0,0.0
2026-04-10T21:00,0.0,0.0,0.0,0.0,18.2,5.57,10.0,50,100,15260.0,0,0.042,80.0,355.0,0,0.0,3,0,0.0,-1,-1,-1,-1,0.0,0.0
2026-04-10T22:00,0.0,0.0,0.0,0.0,17.6,5.94,10.3,80,100,15260.0,0,0.042,20.0,305.0,0,0.0,3,0,0.0,-1,-1,-1,-1,0.0,0.0
2026-04-10T23:00,0.0,0.0,0.0,0.0,18.2,5.39,11.0,63,100,15260.0,0,0.042,10.0,345.0,0,0.0,3,0,0.0,-1,-1,-1,-1,0.0,0.0
2026-04-11T00:00,0.0,0.0,0.0,0.0,16.9,3.49,9.5,61,100,15260.0,1,0.042,0.0,115.0,1,0.0,3,0,0.0,-1,-1,-1,-1,0.0,0.0
2026-04-11T01:00,0.0,0.0,0.0,0.0,18.1,3.67,6.5,70,100,15260.0,1,0.042,0.0,135.0,1,0.0,3,0,0.0,-1,-1,-1,-1,0.0,0.0
2026-04-11T02:00,0.0,0.0,0.0,0.0,19.7,4.57,7.7,70,100,15260.0,1,0.042,0.0,255.0,1,0.0,3,0,0.0,-1,-1,-1,-1,0.0,0.0
2026-04-11T03:00,0.0,0.0,0.0,0.0,21.3,5.08,9.7,65,100,15240.0,1,0.042,0.0,585.0,1,0.0,3,0,0.0,-1,-1,-1,-1,0.0,0.0
2026-04-11T04:00,0.0,0.0,0.0,0.0,22.2,5.09,10.6,52,100,15240.0,1,0.042,0.0,815.0,1,0.0,3,0,0.0,-1,-1,-1,-1,0.0,0.0
2026-04-11T05:00,0.0,0.0,0.0,0.0,23.3,3.25,10.3,46,100,15260.0,1,0.042,0.0,1565.0,1,0.0,3,0,0.0,-1,-1,-1,-1,0.0,0.0
2026-04-11T06:00,0.0,0.0,0.0,0.0,23.8,1.83,7.5,55,100,15260.0,1,0.042,0.0,1935.0,0,0.0,3,0,0.0,-1,-1,-1,-1,0.0,0.0
2026-04-11T07:00,0.0,0.0,0.0,0.0,24.7,0.71,5.4,51,100,15240.0,1,0.042,20.0,2685.0,0,0.0,3,0,0.0,-1,-1,-1,-1,0.0,0.0
2026-04-11T08:00,0.0,0.0,0.0,0.0,25.3,0.28,4.4,45,100,15240.0,1,0.042,30.0,3320.0,0,0.0,3,0,0.0,-1,-1,-1,-1,0.0,0.0
2026-04-11T09:00,0.0,0.0,0.0,0.0,25.5,1.36,4.5,306,100,15240.0,1,0.042,20.0,3320.0,0,0.0,3,0,0.0,-1,-1,-1,-1,0.0,0.0
2026-04-11T10:00,0.0,0.0,0.0,0.0,25.0,3.35,7.9,350,100,15240.0,1,0.042,40.0,3045.0,0,0.0,3,0,0.0,-1,-1,-1,-1,0.0,0.0
2026-04-11T11:00,0.0,0.0,0.0,0.0,23.8,0.76,8.0,169,100,15240.0,1,0.042,40.0,560.0,0,0.0,3,0,0.0,-1,-1,-1,-1,0.0,0.0
2026-04-11T12:00,0.0,0.0,0.0,0.0,23.3,1.03,7.6,14,100,15240.0,1,0.046,0.0,125.0,0,0.0,3,0,0.0,-1,-1,-1,-1,0.0,0.0
2026-04-11T13:00,0.0,0.0,0.0,0.0,22.1,5.12,7.8,58,100,15240.0,0,0.046,0.0,445.0,1,0.0,3,0,0.0,-1,-1,-1,-1,0.0,0.0
2026-04-11T14:00,0.0,0.0,0.0,0.0,18.3,8.14,16.2,65,100,15200.0,0,0.046,0.0,655.0,1,0.0,3,0,0.0,-1,-1,-1,-1,0.0,0.0
2026-04-11T15:00,0.1,1.0,0.0,0.0,18.4,7.71,14.7,47,100,15200.0,0,0.046,10.0,775.0,0,0.0,51,0,0.0,-1,-1,-1,-1,0.0,0.0
2026-04-11T16:00,0.0,0.0,0.0,0.0,18.1,6.44,14.5,29,100,15200.0,0,0.046,0.0,685.0,1,0.0,3,0,0.0,-1,-1,-1,-1,0.0,0.0
2026-04-11T17:00,0.0,0.0,0.0,0.0,17.5,5.17,11.9,67,100,15200.0,0,0.046,0.0,675.0,1,0.0,3,0,0.0,-1,-1,-1,-1,0.0,0.0
2026-04-11T18:00,0.0,0.0,0.0,0.0,16.6,3.47,9.4,54,98,15200.0,0,0.046,0.0,360.0,0,0.0,3,0,0.0,-1,-1,-1,-1,0.0,0.0
2026-04-11T19:00,0.0,0.0,0.0,0.0,16.0,2.67,6.4,67,90,15200.0,0,0.046,0.0,205.0,1,0.0,3,0,0.0,-1,-1,-1,-1,0.0,0.0
2026-04-11T20:00,0.0,0.0,0.0,0.0,14.1,1.48,4.9,24,91,15120.0,0,0.047,0.0,50.0,1,0.0,3,0,0.0,-1,-1,-1,-1,0.0,0.0
2026-04-11T21:00,0.0,0.0,0.0,0.0,12.9,1.25,2.9,29,98,15120.0,0,0.047,0.0,30.0,0,0.0,3,0,0.0,-1,-1,-1,-1,0.0,0.0
2026-04-11T22:00,0.0,0.0,0.0,0.0,12.0,1.24,3.1,50,99,15060.0,0,0.047,0.0,30.0,1,0.0,3,0,0.0,-1,-1,-1,-1,0.0,0.0
2026-04-11T23:00,0.0,0.0,0.0,0.0,11.6,0.52,2.3,73,100,15060.0,0,0.047,0.0,15.0,1,0.0,3,0,0.0,-1,-1,-1,-1,0.0,0.0
2026-04-12T00:00,0.0,0.0,0.0,0.0,14.0,2.76,1.1,55,100,15180.0,1,0.046,0.0,100.0,1,0.0,3,0,0.0,-1,-1,-1,-1,0.0,0.0
2026-04-12T01:00,0.0,0.0,0.0,0.0,16.5,4.83,8.4,40,100,15200.0,1,0.046,0.0,515.0,1,0.0,3,0,0.0,-1,-1,-1,-1,0.0,0.0
2026-04-12T02:00,0.0,0.0,0.0,0.0,18.0,4.64,9.1,53,98,15200.0,1,0.046,0.0,705.0,1,0.0,3,0,0.0,-1,-1,-1,-1,0.0,0.0
2026-04-12T03:00,0.0,0.0,0.0,0.0,19.8,4.87,9.9,50,98,15200.0,1,0.046,0.0,1060.0,0,0.0,3,0,0.0,-1,-1,-1,-1,0.0,0.0
2026-04-12T04:00,0.0,0.0,0.0,0.0,21.2,4.89,10.1,48,100,15200.0,1,0.046,0.0,1775.0,1,0.0,3,0,0.0,-1,-1,-1,-1,0.0,0.0
2026-04-12T05:00,0.0,0.0,0.0,0.0,22.8,3.12,10.2,41,82,15200.0,1,0.046,0.0,2620.0,0,0.0,3,0,0.0,-1,-1,-1,-1,0.0,0.0
2026-04-12T06:00,0.0,0.0,0.0,0.0,23.1,1.99,7.8,288,100,15200.0,1,0.046,0.0,2970.0,0,0.0,3,0,0.0,-1,-1,-1,-1,0.0,0.0
2026-04-12T07:00,0.0,0.0,0.0,0.0,23.5,3.7,8.6,269,100,15200.0,1,0.046,0.0,2990.0,0,0.0,3,0,0.0,-1,-1,-1,-1,0.0,0.0
2026-04-12T08:00,0.0,0.0,0.0,0.0,23.5,4.15,9.3,268,100,15200.0,1,0.046,40.0,2975.0,0,0.0,3,0,0.0,-1,-1,-1,-1,0.0,0.0
2026-04-12T09:00,0.0,0.0,0.0,0.0,23.0,4.43,9.4,276,100,15180.0,1,0.046,50.0,2820.0,0,0.0,3,0,0.0,-1,-1,-1,-1,0.0,0.0
2026-04-12T10:00,0.0,0.0,0.0,0.0,22.6,4.17,9.3,293,100,15180.0,1,0.046,20.0,2150.0,0,0.0,3,0,0.0,-1,-1,-1,-1,0.0,0.0
2026-04-12T11:00,0.0,0.0,0.0,0.0,21.9,3.61,8.6,317,100,15180.0,1,0.046,10.0,1070.0,0,0.0,3,0,0.0,-1,-1,-1,-1,0.0,0.0
2026-04-12T12:00,0.0,0.0,0.0,0.0,21.8,2.19,8.3,317,100,15180.0,1,0.046,0.0,290.0,0,0.0,3,0,0.0,-1,-1,-1,-1,0.0,0.0
2026-04-12T13:00,0.0,0.0,0.0,0.0,19.9,1.77,4.9,278,100,15160.0,0,0.046,0.0,210.0,0,0.0,3,0,0.0,-1,-1,-1,-1,0.0,0.0
2026-04-12T14:00,0.0,0.0,0.0,0.0,18.9,0.11,3.3,117,100,15160.0,0,0.046,0.0,15.0,0,0.0,3,0,0.0,-1,-1,-1,-1,0.0,0.0
2026-04-12T15:00,0.0,0.0,0.0,0.0,18.1,1.37,2.0,147,100,15160.0,0,0.046,0.0,90.0,0,0.0,3,0,0.0,-1,-1,-1,-1,0.0,0.0
2026-04-12T16:00,0.0,0.0,0.0,0.0,16.8,1.26,2.1,173,100,15160.0,0,0.046,0.0,45.0,0,0.0,3,0,0.0,-1,-1,-1,-1,0.0,0.0
2026-04-12T17:00,0.0,0.0,0.0,0.0,16.5,0.43,1.4,306,100,15160.0,0,0.046,10.0,25.0,0,0.0,3,0,0.0,-1,-1,-1,-1,0.0,0.0
2026-04-12T18:00,0.0,0.0,0.0,0.0,16.3,0.8,0.9,176,100,15160.0,0,0.046,0.0,45.0,0,0.0,3,0,0.0,-1,-1,-1,-1,0.0,0.0
2026-04-12T19:00,0.0,0.0,0.0,0.0,15.5,1.26,1.4,236,100,15160.0,0,0.046,10.0,125.0,0,0.0,3,0,0.0,-1,-1,-1,-1,0.0,0.0
2026-04-12T20:00,0.0,0.0,0.0,0.0,14.3,1.23,1.8,243,100,15140.0,0,0.046,0.0,125.0,0,0.0,3,0,0.0,-1,-1,-1,-1,0.0,0.0
2026-04-12T21:00,0.0,0.0,0.0,0.0,13.3,1.96,3.1,255,100,15060.0,0,0.046,0.0,185.0,0,0.0,3,0,0.0,-1,-1,-1,-1,0.0,0.0
2026-04-12T22:00,0.0,0.0,0.0,0.0,12.9,2.56,4.2,253,100,15020.0,0,0.046,0.0,270.0,0,0.0,3,0,0.0,-1,-1,-1,-1,0.0,0.0
2026-04-12T23:00,0.0,0.0,0.0,0.0,12.2,2.75,4.8,270,97,15020.0,0,0.046,0.0,270.0,0,0.0,3,0,0.0,-1,-1,-1,-1,0.0,0.0
2026-04-13T00:00,0.0,0.0,0.0,0.0,12.3,1.42,4.7,309,91,15060.0,1,0.047,0.0,100.0,0,0.0,3,0,0.0,-1,-1,-1,-1,0.0,0.0
2026-04-13T01:00,0.0,0.0,0.0,0.0,14.3,0.64,2.1,51,88,15120.0,1,0.047,0.0,35.0,0,0.0,3,0,0.0,-1,-1,-1,-1,0.0,0.0
2026-04-13T02:00,0.0,0.0,0.0,0.0,16.6,0.79,2.9,145,95,15120.0,1,0.047,0.0,185.0,0,0.0,3,0,0.0,-1,-1,-1,-1,0.0,0.0
2026-04-13T03:00,0.0,0.0,0.0,0.0,18.6,0.93,3.7,196,37,15120.0,1,0.047,30.0,435.0,0,0.0,1,0,0.0,-1,-1,-1,-1,0.0,0.0
2026-04-13T04:00,0.0,0.0,0.0,0.0,20.4,1.14,4.7,285,26,15140.0,1,0.047,30.0,925.0,0,0.0,1,0,0.0,-1,-1,-1,-1,0.0,0.0
2026-04-13T05:00,0.0,0.0,0.0,0.0,22.3,1.91,6.3,276,54,15140.0,1,0.047,10.0,2210.0,0,0.0,2,0,0.0,-1,-1,-1,-1,0.0,0.0
2026-04-13T06:00,0.0,0.0,0.0,0.0,23.4,3.2,7.1,271,40,15140.0,1,0.047,20.0,3020.0,0,0.0,1,0,0.0,-1,-1,-1,-1,0.0,0.0
2026-04-13T07:00,0.0,0.0,0.0,0.0,23.9,4.29,9.5,259,14,15140.0,1,0.047,30.0,3155.0,0,0.0,0,0,0.0,-1,-1,-1,-1,0.0,0.0
2026-04-13T08:00,0.0,0.0,0.0,0.0,23.5,4.66,10.5,258,68,15140.0,1,0.047,210.0,3150.0,0,0.0,2,0,0.0,-1,-1,-1,-1,0.0,0.0
2026-04-13T09:00,0.0,0.0,0.0,0.0,23.2,4.46,10.1,266,28,15140.0,1,0.047,50.0,3045.0,0,0.0,1,0,0.0,-1,-1,-1,-1,0.0,0.0
2026-04-13T10:00,0.0,0.0,0.0,0.0,23.3,4.34,9.6,244,9,15140.0,1,0.047,40.0,3015.0,0,0.0,0,0,0.0,-1,-1,-1,-1,0.0,0.0
2026-04-13T11:00,0.0,0.0,0.0,0.0,22.4,4.69,8.9,239,52,15120.0,1,0.047,30.0,2670.0,0,0.0,2,0,0.0,-1,-1,-1,-1,0.0,0.0
2026-04-13T12:00,0.0,0.0,0.0,0.0,21.7,3.85,9.0,245,8,15120.0,1,0.04,30.0,2565.0,0,0.0,0,0,0.0,-1,-1,-1,-1,0.0,0.0
2026-04-13T13:00,0.0,0.0,0.0,0.0,18.8,1.99,6.8,245,4,15120.0,0,0.04,0.0,225.0,0,0.0,0,0,0.0,-1,-1,-1,-1,0.0,0.0
2026-04-13T14:00,0.0,0.0,0.0,0.0,16.6,1.61,3.2,265,0,15120.0,0,0.04,0.0,120.0,0,0.0,0,0,0.0,-1,-1,-1,-1,0.0,0.0
2026-04-13T15:00,0.0,0.0,0.0,0.0,15.6,1.35,2.3,309,0,15120.0,0,0.04,0.0,90.0,0,0.0,0,0,0.0,-1,-1,-1,-1,0.0,0.0
2026-04-13T16:00,0.0,0.0,0.0,0.0,15.2,0.81,2.0,330,6,15120.0,0,0.04,0.0,65.0,0,0.0,0,0,0.0,-1,-1,-1,-1,0.0,0.0
2026-04-13T17:00,0.0,0.0,0.0,0.0,14.3,0.98,1.5,294,64,15100.0,0,0.04,0.0,90.0,0,0.0,2,0,0.0,-1,-1,-1,-1,0.0,0.0
2026-04-13T18:00,0.0,0.0,0.0,0.0,13.5,1.48,1.6,246,7,15100.0,0,0.05,0.0,65.0,0,0.0,0,0,0.0,-1,-1,-1,-1,0.0,0.0
2026-04-13T19:00,0.0,0.0,0.0,0.0,13.3,0.4,2.0,240,2,15100.0,0,0.05,0.0,25.0,0,0.0,0,0,0.0,-1,-1,-1,-1,0.0,0.0
2026-04-13T20:00,0.0,0.0,0.0,0.0,13.2,0.43,0.9,234,1,15080.0,0,0.05,0.0,30.0,0,0.0,0,0,0.0,-1,-1,-1,-1,0.0,0.0
2026-04-13T21:00,0.0,0.0,0.0,0.0,12.9,0.53,0.9,221,0,15080.0,0,0.05,0.0,40.0,0,0.0,0,0,0.0,-1,-1,-1,-1,0.0,0.0
2026-04-13T22:00,0.0,0.0,0.0,0.0,11.4,0.92,1.3,209,0,15080.0,0,0.05,0.0,30.0,0,0.0,0,0,0.0,-1,-1,-1,-1,0.0,0.0
2026-04-13T23:00,0.0,0.0,0.0,0.0,10.8,0.35,1.3,225,36,15000.0,0,0.05,0.0,15.0,0,0.0,1,0,0.0,-1,-1,-1,-1,0.0,0.0
2026-04-14T00:00,0.0,0.0,0.0,0.0,11.3,0.38,0.7,337,46,15000.0,1,0.058,0.0,20.0,0,0.0,1,0,0.0,-1,-1,-1,-1,0.0,0.0
2026-04-14T01:00,0.0,0.0,0.0,0.0,12.7,0.18,0.8,146,98,15080.0,1,0.058,0.0,15.0,0,0.0,3,0,0.0,-1,-1,-1,-1,0.0,0.0
2026-04-14T02:00,0.0,0.0,0.0,0.0,14.9,1.09,3.0,164,100,15080.0,1,0.058,0.0,150.0,0,0.0,3,0,0.0,-1,-1,-1,-1,0.0,0.0
2026-04-14T03:00,0.0,0.0,0.0,0.0,17.5,1.0,3.7,174,85,15080.0,1,0.058,0.0,385.0,0,0.0,3,0,0.0,-1,-1,-1,-1,0.0,0.0
2026-04-14T04:00,0.0,0.0,0.0,0.0,20.3,2.17,5.6,232,79,15080.0,1,0.058,100.0,1115.0,0,0.0,2,0,0.0,-1,-1,-1,-1,0.0,0.0
2026-04-14T05:00,0.0,0.0,0.0,0.0,22.2,3.86,9.1,267,87,15080.0,1,0.058,250.0,2675.0,0,0.0,3,0,0.0,-1,-1,-1,-1,0.0,0.0
2026-04-14T06:00,0.0,0.0,0.0,0.0,22.9,5.2,10.2,256,77,15080.0,1,0.053,210.0,2895.0,0,0.0,2,0,0.0,-1,-1,-1,-1,0.0,0.0
2026-04-14T07:00,0.0,0.0,0.0,0.0,23.1,5.15,11.4,288,98,15080.0,1,0.053,20.0,3060.0,0,0.0,3,0,0.0,-1,-1,-1,-1,0.0,0.0
2026-04-14T08:00,0.0,0.0,0.0,0.0,20.5,6.17,12.8,292,100,15080.0,1,0.053,100.0,1795.0,0,0.0,3,0,0.0,-1,-1,-1,-1,0.0,0.0
2026-04-14T09:00,0.0,0.0,0.0,0.0,21.0,4.86,12.1,274,66,15080.0,1,0.053,10.0,2010.0,0,0.0,2,0,0.0,-1,-1,-1,-1,0.0,0.0
2026-04-14T10:00,0.0,0.0,0.0,0.0,21.9,4.45,10.8,271,100,15080.0,1,0.053,60.0,2210.0,0,0.0,3,0,0.0,-1,-1,-1,-1,0.0,0.0
2026-04-14T11:00,0.0,0.0,0.0,0.0,21.7,3.26,9.0,274,92,15060.0,1,0.053,80.0,2310.0,0,0.0,3,0,0.0,-1,-1,-1,-1,0.0,0.0
2026-04-14T12:00,0.0,0.0,0.0,0.0,20.7,2.06,7.1,264,100,15060.0,1,0.05,0.0,1075.0,0,0.0,3,0,0.0,-1,-1,-1,-1,0.0,0.0
2026-04-14T13:00,0.0,0.0,0.0,0.0,18.6,0.72,3.7,236,100,15060.0,0,0.05,30.0,75.0,0,0.0,3,0,0.0,-1,-1,-1,-1,0.0,0.0
2026-04-14T14:00,0.0,0.0,0.0,0.0,17.9,0.45,1.8,174,100,15060.0,0,0.05,70.0,45.0,0,0.0,3,0,0.0,-1,-1,-1,-1,0.0,0.0
2026-04-14T15:00,0.0,0.0,0.0,0.0,16.8,0.6,1.7,95,100,15060.0,0,0.05,0.0,50.0,0,0.0,3,0,0.0,-1,-1,-1,-1,0.0,0.0
2026-04-14T16:00,0.0,0.0,0.0,0.0,16.8,4.34,6.4,57,88,15060.0,0,0.05,10.0,190.0,0,0.0,3,0,0.0,-1,-1,-1,-1,0.0,0.0
2026-04-14T17:00,0.0,0.0,0.0,0.0,15.2,4.63,10.8,45,85,15040.0,0,0.05,0.0,640.0,0,0.0,3,0,0.0,-1,-1,-1,-1,0.0,0.0
2026-04-14T18:00,0.0,0.0,0.0,0.0,13.5,5.73,13.6,44,92,14960.0,0,0.04,0.0,475.0,0,0.0,3,0,0.0,-1,-1,-1,-1,0.0,0.0
2026-04-14T19:00,0.0,0.0,0.0,0.0,13.4,5.07,10.6,49,100,14960.0,0,0.04,0.0,385.0,0,0.0,3,0,0.0,-1,-1,-1,-1,0.0,0.0
2026-04-14T20:00,0.0,0.0,0.0,0.0,12.8,5.17,9.7,49,100,14960.0,0,0.04,0.0,370.0,0,0.0,3,0,0.0,-1,-1,-1,-1,0.0,0.0
2026-04-14T21:00,0.0,0.0,0.0,0.0,11.7,4.63,9.7,65,0,14920.0,0,0.04,0.0,295.0,0,0.0,0,0,0.0,-1,-1,-1,-1,0.0,0.0
2026-04-14T22:00,0.0,0.0,0.0,0.0,11.1,4.11,8.5,64,0,14920.0,0,0.04,0.0,200.0,0,0.0,0,0,0.0,-1,-1,-1,-1,0.0,0.0
2026-04-14T23:00,0.0,0.0,0.0,0.0,10.5,2.87,7.5,59,7,14900.0,0,0.04,0.0,140.0,0,0.0,0,0,0.0,-1,-1,-1,-1,0.0,0.0
2026-04-15T00:00,0.0,0.0,0.0,0.0,10.2,1.62,5.2,68,95,14900.0,1,0.057,560.0,45.0,0,0.0,3,0,0.0,-1,-1,-1,-1,0.0,0.0
2026-04-15T01:00,0.0,0.0,0.0,0.0,12.4,1.78,3.1,79,94,14900.0,1,0.057,440.0,460.0,0,0.0,3,0,0.0,-1,-1,-1,-1,0.0,0.0
2026-04-15T02:00,0.0,0.0,0.0,0.0,13.7,0.85,3.3,69,100,14900.0,1,0.057,540.0,750.0,0,0.0,3,0,0.0,-1,-1,-1,-1,0.0,0.0
2026-04-15T03:00,0.0,0.0,0.0,0.0,14.4,1.43,4.2,115,20,14900.0,1,0.057,450.0,890.0,0,0.0,1,0,0.0,-1,-1,-1,-1,0.0,0.0
2026-04-15T04:00,0.0,0.0,0.0,0.0,16.3,1.19,4.7,152,19,14900.0,1,0.057,390.0,1050.0,0,0.0,0,0,0.0,-1,-1,-1,-1,0.0,0.0
2026-04-15T05:00,0.0,0.0,0.0,0.0,18.6,1.8,6.3,182,39,14940.0,1,0.057,630.0,1665.0,0,0.0,1,0,0.0,-1,-1,-1,-1,0.0,0.0
2026-04-15T06:00,0.0,0.0,0.0,0.0,20.3,1.61,6.4,265,42,15020.0,1,0.054,590.0,2240.0,0,0.0,1,0,0.0,-1,-1,-1,-1,0.0,0.0
2026-04-15T07:00,0.0,0.0,0.0,0.0,21.8,2.85,7.3,270,24,15020.0,1,0.054,270.0,2435.0,0,0.0,1,0,0.0,-1,-1,-1,-1,0.0,0.0
2026-04-15T08:00,0.0,0.0,0.0,0.0,22.2,4.5,9.8,269,15,15020.0,1,0.054,120.0,2415.0,0,0.0,0,0,0.0,-1,-1,-1,-1,0.0,0.0
2026-04-15T09:00,0.0,0.0,0.0,0.0,22.6,6.09,12.1,277,16,15020.0,1,0.054,50.0,2555.0,0,0.0,0,0,0.0,-1,-1,-1,-1,0.0,0.0
2026-04-15T10:00,0.0,0.0,0.0,0.0,22.1,7.37,14.1,281,23,15020.0,1,0.054,0.0,2215.0,0,0.0,1,0,0.0,-1,-1,-1,-1,0.0,0.0
2026-04-15T11:00,0.0,0.0,0.0,0.0,21.7,6.41,14.0,278,16,15020.0,1,0.054,0.0,1990.0,0,0.0,0,0,0.0,-1,-1,-1,-1,0.0,0.0
2026-04-15T12:00,0.0,0.0,0.0,0.0,21.8,5.02,11.9,283,9,15020.0,1,0.051,0.0,1645.0,0,0.0,0,0,0.0,-1,-1,-1,-1,0.0,0.0
2026-04-15T13:00,0.0,0.0,0.0,0.0,19.8,3.32,9.1,288,0,15020.0,0,0.051,0.0,510.0,0,0.0,0,0,0.0,-1,-1,-1,-1,0.0,0.0
2026-04-15T14:00,0.0,0.0,0.0,0.0,17.7,1.94,5.9,288,47,15000.0,0,0.051,0.0,240.0,0,0.0,1,0,0.0,-1,-1,-1,-1,0.0,0.0
2026-04-15T15:00,0.0,0.0,0.0,0.0,15.8,1.3,2.8,180,2,15000.0,0,0.051,0.0,40.0,0,0.0,0,0,0.0,-1,-1,-1,-1,0.0,0.0
2026-04-15T16:00,0.0,0.0,0.0,0.0,14.6,0.71,1.9,129,0,15000.0,0,0.051,0.0,35.0,0,0.0,0,0,0.0,-1,-1,-1,-1,0.0,0.0
2026-04-15T17:00,0.0,0.0,0.0,0.0,13.7,0.95,1.4,90,0,15000.0,0,0.051,0.0,35.0,0,0.0,0,0,0.0,-1,-1,-1,-1,0.0,0.0
2026-04-15T18:00,0.0,0.0,0.0,0.0,13.2,0.25,2.2,127,0,15000.0,0,0.057,0.0,15.0,0,0.0,0,0,0.0,-1,-1,-1,-1,0.0,0.0
2026-04-15T19:00,0.0,0.0,0.0,0.0,12.6,0.83,1.3,57,0,15000.0,0,0.057,0.0,35.0,0,0.0,0,0,0.0,-1,-1,-1,-1,0.0,0.0
2026-04-15T20:00,0.0,0.0,0.0,0.0,12.5,0.43,1.3,111,0,15000.0,0,0.057,0.0,20.0,0,0.0,0,0,0.0,-1,-1,-1,-1,0.0,0.0
2026-04-15T21:00,0.0,0.0,0.0,0.0,10.3,1.38,1.8,134,8,14980.0,0,0.057,0.0,30.0,0,0.0,0,0,0.0,-1,-1,-1,-1,0.0,0.0
2026-04-15T22:00,0.0,0.0,0.0,0.0,9.6,1.31,2.0,108,16,14980.0,0,0.057,0.0,45.0,0,0.0,0,0,0.0,-1,-1,-1,-1,0.0,0.0
2026-04-15T23:00,0.0,0.0,0.0,0.0,9.6,0.81,1.7,79,29,14980.0,0,0.057,0.0,40.0,0,0.0,1,0,0.0,-1,-1,-1,-1,0.0,0.0
2026-04-16T00:00,0.0,0.0,0.0,0.0,10.0,0.36,1.2,74,54,14900.0,1,0.06,0.0,25.0,0,0.0,2,0,0.0,-1,-1,-1,-1,0.0,0.0
2026-04-16T01:00,0.0,0.0,0.0,0.0,11.7,0.59,0.9,20,86,14900.0,1,0.06,0.0,45.0,0,0.0,3,0,0.0,-1,-1,-1,-1,0.0,0.0
2026-04-16T02:00,0.0,0.0,0.0,0.0,14.7,0.91,3.2,9,95,14980.0,1,0.06,0.0,175.0,0,0.0,3,0,0.0,-1,-1,-1,-1,0.0,0.0
2026-04-16T03:00,0.0,0.0,0.0,0.0,17.4,0.21,3.3,76,91,14980.0,1,0.06,0.0,305.0,0,0.0,3,0,0.0,-1,-1,-1,-1,0.0,0.0
2026-04-16T04:00,0.0,0.0,0.0,0.0,20.2,1.06,4.3,188,34,15000.0,1,0.06,0.0,550.0,0,0.0,1,0,0.0,-1,-1,-1,-1,0.0,0.0
2026-04-16T05:00,0.0,0.0,0.0,0.0,22.3,1.51,5.2,236,76,15000.0,1,0.06,0.0,1010.0,0,0.0,2,0,0.0,-1,-1,-1,-1,0.0,0.0
2026-04-16T06:00,0.0,0.0,0.0,0.0,24.1,2.76,6.7,248,36,15000.0,1,0.059,0.0,2305.0,0,0.0,1,0,0.0,-1,-1,-1,-1,0.0,0.0
2026-04-16T07:00,0.0,0.0,0.0,0.0,25.5,4.11,9.1,267,0,15000.0,1,0.059,0.0,2550.0,0,0.0,0,0,0.0,-1,-1,-1,-1,0.0,0.0
2026-04-16T08:00,0.0,0.0,0.0,0.0,25.9,4.99,10.5,263,13,15000.0,1,0.059,0.0,2640.0,0,0.0,0,0,0.0,-1,-1,-1,-1,0.0,0.0
2026-04-16T09:00,0.0,0.0,0.0,0.0,25.9,5.6,11.3,257,0,15000.0,1,0.059,0.0,2690.0,0,0.0,0,0,0.0,-1,-1,-1,-1,0.0,0.0
2026-04-16T10:00,0.0,0.0,0.0,0.0,25.5,5.6,11.4,259,0,15020.0,1,0.059,0.0,2720.0,0,0.0,0,0,0.0,-1,-1,-1,-1,0.0,0.0
2026-04-16T11:00,0.0,0.0,0.0,0.0,25.0,4.55,10.9,262,23,15020.0,1,0.059,0.0,2585.0,0,0.0,1,0,0.0,-1,-1,-1,-1,0.0,0.0
2026-04-16T12:00,0.0,0.0,0.0,0.0,24.0,2.71,8.5,258,86,15020.0,1,0.06,0.0,2055.0,0,0.0,3,0,0.0,-1,-1,-1,-1,0.0,0.0
2026-04-16T13:00,0.0,0.0,0.0,0.0,20.7,0.41,4.7,284,24,15020.0,0,0.06,0.0,30.0,0,0.0,1,0,0.0,-1,-1,-1,-1,0.0,0.0
2026-04-16T14:00,0.0,0.0,0.0,0.0,19.3,0.21,0.9,194,13,15020.0,0,0.06,0.0,15.0,0,0.0,0,0,0.0,-1,-1,-1,-1,0.0,0.0
2026-04-16T15:00,0.0,0.0,0.0,0.0,17.5,0.64,0.9,141,90,15020.0,0,0.06,0.0,30.0,0,0.0,3,0,0.0,-1,-1,-1,-1,0.0,0.0
2026-04-16T16:00,0.0,0.0,0.0,0.0,16.4,0.63,1.1,108,99,15020.0,0,0.06,0.0,25.0,0,0.0,3,0,0.0,-1,-1,-1,-1,0.0,0.0
2026-04-16T17:00,0.0,0.0,0.0,0.0,15.6,0.72,1.1,78,99,15020.0,0,0.06,0.0,30.0,0,0.0,3,0,0.0,-1,-1,-1,-1,0.0,0.0
2026-04-16T18:00,0.0,0.0,0.0,0.0,15.6,0.3,1.5,81,100,15020.0,0,0.06,0.0,15.0,0,0.0,3,0,0.0,-1,-1,-1,-1,0.0,0.0
2026-04-16T19:00,0.0,0.0,0.0,0.0,13.8,1.04,1.6,73,73,15020.0,0,0.06,0.0,25.0,0,0.0,2,0,0.0,-1,-1,-1,-1,0.0,0.0
2026-04-16T20:00,0.0,0.0,0.0,0.0,12.7,0.63,1.7,108,91,15020.0,0,0.06,0.0,15.0,0,0.0,3,0,0.0,-1,-1,-1,-1,0.0,0.0
2026-04-16T21:00,0.0,0.0,0.0,0.0,11.8,0.32,1.0,108,100,15020.0,0,0.06,0.0,10.0,0,0.0,3,0,0.0,-1,-1,-1,-1,0.0,0.0
2026-04-16T22:00,0.0,0.0,0.0,0.0,11.4,0.82,1.2,104,98,15020.0,0,0.06,0.0,25.0,0,0.0,3,0,0.0,-1,-1,-1,-1,0.0,0.0
2026-04-16T23:00,0.0,0.0,0.0,0.0,10.6,1.17,1.9,110,40,15020.0,0,0.06,0.0,25.0,0,0.0,1,0,0.0,-1,-1,-1,-1,0.0,0.0
2026-04-17T00:00,0.0,0.0,0.0,0.0,10.9,1.76,1.7,95,0,15020.0,1,0.063,0.0,35.0,0,0.0,0,0,0.0,-1,-1,-1,-1,0.0,0.0
2026-04-17T01:00,0.0,0.0,0.0,0.0,13.2,0.98,2.4,75,0,15020.0,1,0.063,0.0,40.0,0,0.0,0,0,0.0,-1,-1,-1,-1,0.0,0.0
2026-04-17T02:00,0.0,0.0,0.0,0.0,16.9,0.96,2.6,219,2,15020.0,1,0.063,0.0,75.0,0,0.0,0,0,0.0,-1,-1,-1,-1,0.0,0.0
2026-04-17T03:00,0.0,0.0,0.0,0.0,20.1,0.07,2.9,135,19,15040.0,1,0.063,0.0,255.0,0,0.0,0,0,0.0,-1,-1,-1,-1,0.0,0.0
2026-04-17T04:00,0.0,0.0,0.0,0.0,22.7,0.29,3.7,301,100,15040.0,1,0.063,0.0,540.0,0,0.0,3,0,0.0,-1,-1,-1,-1,0.0,0.0
2026-04-17T05:00,0.0,0.0,0.0,0.0,24.1,1.16,4.2,205,100,15040.0,1,0.063,0.0,840.0,0,0.0,3,0,0.0,-1,-1,-1,-1,0.0,0.0
2026-04-17T06:00,0.0,0.0,0.0,0.0,24.4,2.12,4.9,255,100,15040.0,1,0.064,0.0,1130.0,0,0.0,3,0,0.0,-1,-1,-1,-1,0.0,0.0
2026-04-17T07:00,0.0,0.0,0.0,0.0,25.0,2.79,6.7,291,100,15040.0,1,0.064,0.0,1275.0,0,0.0,3,0,0.0,-1,-1,-1,-1,0.0,0.0
2026-04-17T08:00,0.0,0.0,0.0,0.0,26.0,3.38,7.8,294,100,15040.0,1,0.064,0.0,2290.0,0,0.0,3,0,0.0,-1,-1,-1,-1,0.0,0.0
2026-04-17T09:00,0.0,0.0,0.0,0.0,25.6,4.07,8.2,275,100,15060.0,1,0.064,0.0,2160.0,0,0.0,3,0,0.0,-1,-1,-1,-1,0.0,0.0
2026-04-17T10:00,0.0,0.0,0.0,0.0,24.8,4.68,9.0,286,98,15040.0,1,0.064,0.0,1460.0,0,0.0,3,0,0.0,-1,-1,-1,-1,0.0,0.0
2026-04-17T11:00,0.0,0.0,0.0,0.0,25.2,3.04,9.3,284,95,15040.0,1,0.064,0.0,2305.0,0,0.0,3,0,0.0,-1,-1,-1,-1,0.0,0.0
2026-04-17T12:00,0.0,0.0,0.0,0.0,24.5,3.78,5.9,298,99,15060.0,1,0.062,0.0,1105.0,0,0.0,3,0,0.0,-1,-1,-1,-1,0.0,0.0
2026-04-17T13:00,0.0,0.0,0.0,0.0,21.7,1.68,7.0,337,91,15040.0,0,0.062,0.0,185.0,0,0.0,3,0,0.0,-1,-1,-1,-1,0.0,0.0
2026-04-17T14:00,0.0,0.0,0.0,0.0,20.3,3.86,6.9,43,100,15040.0,0,0.062,0.0,230.0,0,0.0,3,0,0.0,-1,-1,-1,-1,0.0,0.0
2026-04-17T15:00,0.0,0.0,0.0,0.0,19.5,4.4,7.9,34,100,15040.0,0,0.062,10.0,210.0,0,0.0,3,0,0.0,-1,-1,-1,-1,0.0,0.0
2026-04-17T16:00,0.0,0.0,0.0,0.0,19.4,5.59,10.1,46,100,15040.0,0,0.062,10.0,410.0,0,0.0,3,0,0.0,-1,-1,-1,-1,0.0,0.0
2026-04-17T17:00,0.0,0.0,0.0,0.0,18.6,5.48,10.1,54,100,15040.0,0,0.062,0.0,365.0,0,0.0,3,0,0.0,-1,-1,-1,-1,0.0,0.0
2026-04-17T18:00,0.0,0.0,0.0,0.0,17.8,5.56,10.7,30,100,15040.0,0,0.062,50.0,480.0,0,0.0,3,0,0.0,-1,-1,-1,-1,0.0,0.0
2026-04-17T19:00,0.0,0.0,0.0,0.0,17.2,3.84,10.3,21,100,15040.0,0,0.062,0.0,275.0,0,0.0,3,0,0.0,-1,-1,-1,-1,0.0,0.0
2026-04-17T20:00,0.0,0.0,0.0,0.0,16.7,3.97,8.6,41,100,15060.0,0,0.062,0.0,275.0,0,0.0,3,0,0.0,-1,-1,-1,-1,0.0,0.0
2026-04-17T21:00,0.0,0.0,0.0,0.0,14.8,0.66,7.2,9,100,15060.0,0,0.062,0.0,50.0,0,0.0,3,0,0.0,-1,-1,-1,-1,0.0,0.0
2026-04-17T22:00,0.0,0.0,0.0,0.0,15.2,5.27,8.3,42,100,15040.0,0,0.062,0.0,205.0,0,0.0,3,0,0.0,-1,-1,-1,-1,0.0,0.0
2026-04-17T23:00,0.1,1.0,0.0,0.0,15.1,7.0,12.3,45,100,15040.0,0,0.063,0.0,315.0,0,0.0,51,0,0.0,-1,-1,-1,-1,0.0,0.0
2026-04-18T00:00,0.0,0.0,0.0,0.0,15.2,6.51,13.2,52,100,15060.0,1,0.063,0.0,440.0,0,0.0,3,0,0.0,-1,-1,-1,-1,0.0,0.0
2026-04-18T01:00,0.0,0.0,0.0,0.0,15.8,7.75,14.2,51,100,15060.0,1,0.063,0.0,475.0,0,0.0,3,0,0.0,-1,-1,-1,-1,0.0,0.0
2026-04-18T02:00,0.0,0.0,0.0,0.0,16.6,7.4,14.9,52,100,15060.0,1,0.063,0.0,585.0,0,0.0,3,0,0.0,-1,-1,-1,-1,0.0,0.0
2026-04-18T03:00,0.0,0.0,0.0,0.0,17.0,8.82,15.5,39,100,15060.0,1,0.063,0.0,635.0,0,0.0,3,0,0.0,-1,-1,-1,-1,0.0,0.0
2026-04-18T04:00,0.0,0.0,0.0,0.0,18.2,9.67,18.1,39,100,15060.0,1,0.063,0.0,835.0,0,0.0,3,0,0.0,-1,-1,-1,-1,0.0,0.0
2026-04-18T05:00,0.0,0.0,0.0,0.0,19.1,9.01,17.6,36,100,15060.0,1,0.063,0.0,1180.0,0,0.0,3,0,0.0,-1,-1,-1,-1,0.0,0.0
2026-04-18T06:00,0.2,1.0,0.0,0.0,17.8,8.63,17.6,44,100,13420.0,1,0.063,0.0,1110.0,0,0.0,51,0,0.0,-1,-1,-1,-1,0.0,0.0
2026-04-18T07:00,0.1,1.0,0.0,0.0,20.3,7.32,15.8,44,99,15060.0,1,0.063,20.0,1740.0,0,0.0,51,0,0.0,-1,-1,-1,-1,0.0,0.0
2026-04-18T08:00,0.0,0.0,0.0,0.0,19.6,6.18,14.0,51,85,15060.0,1,0.063,10.0,1490.0,0,0.0,3,0,0.0,-1,-1,-1,-1,0.0,0.0
2026-04-18T09:00,0.0,0.0,0.0,0.0,20.2,6.46,13.1,59,84,15060.0,1,0.063,20.0,1215.0,0,0.0,3,0,0.0,-1,-1,-1,-1,0.0,0.0
2026-04-18T10:00,0.0,0.0,0.0,0.0,19.1,5.66,12.8,56,100,15060.0,1,0.063,0.0,765.0,0,0.0,3,0,0.0,-1,-1,-1,-1,0.0,0.0
2026-04-18T11:00,0.0,0.0,0.0,0.0,18.1,5.73,11.0,52,100,15060.0,1,0.063,10.0,710.0,0,0.0,3,0,0.0,-1,-1,-1,-1,0.0,0.0
2026-04-18T12:00,0.0,0.0,0.0,0.0,19.9,2.5,11.3,70,100,15080.0,1,0.068,0.0,835.0,0,0.0,3,0,0.0,-1,-1,-1,-1,0.0,0.0
2026-04-18T13:00,0.0,0.0,0.0,0.0,16.5,2.16,4.7,50,100,15080.0,0,0.068,0.0,170.0,0,0.0,3,0,0.0,-1,-1,-1,-1,0.0,0.0
2026-04-18T14:00,0.0,0.0,0.0,0.0,16.3,4.72,8.4,40,94,15060.0,0,0.068,0.0,415.0,0,0.0,3,0,0.0,-1,-1,-1,-1,0.0,0.0
2026-04-18T15:00,0.0,0.0,0.0,0.0,15.1,5.02,9.4,35,0,15080.0,0,0.068,0.0,395.0,0,0.0,0,0,0.0,-1,-1,-1,-1,0.0,0.0
2026-04-18T16:00,0.0,0.0,0.0,0.0,14.2,4.71,9.3,53,0,15060.0,0,0.068,0.0,445.0,0,0.0,0,0,0.0,-1,-1,-1,-1,0.0,0.0
2026-04-18T17:00,0.0,0.0,0.0,0.0,13.9,5.04,9.2,53,4,15060.0,0,0.068,0.0,370.0,0,0.0,0,0,0.0,-1,-1,-1,-1,0.0,0.0
2026-04-18T18:00,0.0,0.0,0.0,0.0,13.6,3.87,9.4,50,2,15060.0,0,0.064,0.0,225.0,0,0.0,0,0,0.0,-1,-1,-1,-1,0.0,0.0
2026-04-18T19:00,0.0,0.0,0.0,0.0,12.1,2.76,7.2,45,0,15060.0,0,0.064,0.0,135.0,0,0.0,0,0,0.0,-1,-1,-1,-1,0.0,0.0
2026-04-18T20:00,0.0,0.0,0.0,0.0,10.7,2.28,5.1,61,0,15060.0,0,0.064,0.0,95.0,0,0.0,0,0,0.0,-1,-1,-1,-1,0.0,0.0
2026-04-18T21:00,0.0,0.0,0.0,0.0,10.7,2.44,4.4,55,1,15060.0,0,0.064,0.0,145.0,0,0.0,0,0,0.0,-1,-1,-1,-1,0.0,0.0
2026-04-18T22:00,0.0,0.0,0.0,0.0,11.0,3.32,5.9,44,13,15060.0,0,0.064,0.0,205.0,0,0.0,0,0,0.0,-1,-1,-1,-1,0.0,0.0
2026-04-18T23:00,0.0,0.0,0.0,0.0,10.6,3.9,6.9,33,100,15060.0,0,0.064,0.0,190.0,0,0.0,3,0,0.0,-1,-1,-1,-1,0.0,0.0
2026-04-19T00:00,0.0,0.0,0.0,0.0,10.6,3.71,8.0,46,34,15060.0,1,0.061,0.0,255.0,0,0.0,1,0,0.0,-1,-1,-1,-1,0.0,0.0
2026-04-19T01:00,0.0,0.0,0.0,0.0,12.1,4.28,7.9,53,38,15080.0,1,0.061,0.0,380.0,0,0.0,1,0,0.0,-1,-1,-1,-1,0.0,0.0
2026-04-19T02:00,0.0,0.0,0.0,0.0,13.5,6.06,11.3,58,75,15080.0,1,0.061,0.0,630.0,0,0.0,2,0,0.0,-1,-1,-1,-1,0.0,0.0
2026-04-19T03:00,0.0,0.0,0.0,0.0,14.7,6.99,13.5,56,73,15080.0,1,0.061,0.0,805.0,0,0.0,2,0,0.0,-1,-1,-1,-1,0.0,0.0
2026-04-19T04:00,0.0,0.0,0.0,0.0,16.3,7.4,14.5,54,99,15080.0,1,0.061,0.0,965.0,0,0.0,3,0,0.0,-1,-1,-1,-1,0.0,0.0
2026-04-19T05:00,0.0,0.0,0.0,0.0,17.7,7.63,15.0,52,100,15100.0,1,0.061,0.0,1185.0,0,0.0,3,0,0.0,-1,-1,-1,-1,0.0,0.0
2026-04-19T06:00,0.0,0.0,0.0,0.0,19.0,7.35,15.1,56,100,15100.0,1,0.07,0.0,1490.0,0,0.0,3,0,0.0,-1,-1,-1,-1,0.0,0.0
2026-04-19T07:00,0.0,0.0,0.0,0.0,19.6,7.7,15.1,56,99,15100.0,1,0.07,0.0,1725.0,0,0.0,3,0,0.0,-1,-1,-1,-1,0.0,0.0
2026-04-19T08:00,0.0,0.0,0.0,0.0,19.9,7.45,15.3,56,100,15100.0,1,0.07,0.0,1730.0,0,0.0,3,0,0.0,-1,-1,-1,-1,0.0,0.0
2026-04-19T09:00,0.0,0.0,0.0,0.0,20.0,6.69,14.7,54,100,15100.0,1,0.07,0.0,1665.0,0,0.0,3,0,0.0,-1,-1,-1,-1,0.0,0.0
2026-04-19T10:00,0.0,0.0,0.0,0.0,19.3,6.35,13.3,53,100,15100.0,1,0.07,0.0,1360.0,0,0.0,3,0,0.0,-1,-1,-1,-1,0.0,0.0
2026-04-19T11:00,0.0,0.0,0.0,0.0,18.7,6.52,12.4,56,100,15100.0,1,0.07,0.0,1135.0,0,0.0,3,0,0.0,-1,-1,-1,-1,0.0,0.0
2026-04-19T12:00,0.0,0.0,0.0,0.0,18.2,7.12,12.3,58,100,15100.0,1,0.069,0.0,1095.0,0,0.0,3,0,0.0,-1,-1,-1,-1,0.0,0.0
2026-04-19T13:00,0.0,0.0,0.0,0.0,17.3,6.55,13.0,57,100,15100.0,0,0.069,0.0,1090.0,0,0.0,3,0,0.0,-1,-1,-1,-1,0.0,0.0
2026-04-19T14:00,0.0,0.0,0.0,0.0,16.7,5.84,11.9,52,100,15120.0,0,0.069,0.0,955.0,0,0.0,3,0,0.0,-1,-1,-1,-1,0.0,0.0
2026-04-19T15:00,0.0,0.0,0.0,0.0,16.0,6.22,11.4,51,100,15120.0,0,0.069,0.0,815.0,0,0.0,3,0,0.0,-1,-1,-1,-1,0.0,0.0
2026-04-19T16:00,0.0,0.0,0.0,0.0,15.7,5.84,11.4,47,100,15120.0,0,0.069,0.0,715.0,0,0.0,3,0,0.0,-1,-1,-1,-1,0.0,0.0
2026-04-19T17:00,0.0,0.0,0.0,0.0,15.2,5.34,10.8,43,100,15120.0,0,0.069,0.0,620.0,0,0.0,3,0,0.0,-1,-1,-1,-1,0.0,0.0
2026-04-19T18:00,0.0,0.0,0.0,0.0,14.7,4.6,10.0,53,100,15120.0,0,0.062,0.0,630.0,0,0.0,3,0,0.0,-1,-1,-1,-1,0.0,0.0
2026-04-19T19:00,0.0,0.0,0.0,0.0,14.7,4.4,8.5,54,100,15120.0,0,0.062,0.0,605.0,0,0.0,3,0,0.0,-1,-1,-1,-1,0.0,0.0
2026-04-19T20:00,0.0,0.0,0.0,0.0,14.0,4.34,8.1,55,100,15120.0,0,0.062,0.0,490.0,0,0.0,3,0,0.0,-1,-1,-1,-1,0.0,0.0
2026-04-19T21:00,0.0,0.0,0.0,0.0,13.6,4.44,8.1,51,100,15120.0,0,0.062,0.0,380.0,0,0.0,3,0,0.0,-1,-1,-1,-1,0.0,0.0
2026-04-19T22:00,0.0,0.0,0.0,0.0,13.2,3.96,7.9,44,100,15120.0,0,0.062,0.0,285.0,0,0.0,3,0,0.0,-1,-1,-1,-1,0.0,0.0
2026-04-19T23:00,0.0,0.0,0.0,0.0,12.2,3.36,7.0,42,100,15120.0,0,0.062,0.0,195.0,0,0.0,3,0,0.0,-1,-1,-1,-1,0.0,0.0
2026-04-20T00:00,0.0,0.0,0.0,0.0,11.5,2.34,6.1,48,100,15120.0,1,0.069,0.0,60.0,0,0.0,3,0,0.0,-1,-1,-1,-1,0.0,0.0
2026-04-20T01:00,0.0,0.0,0.0,0.0,13.8,3.57,6.1,47,100,15120.0,1,0.069,0.0,220.0,0,0.0,3,0,0.0,-1,-1,-1,-1,0.0,0.0
2026-04-20T02:00,0.0,0.0,0.0,0.0,16.0,3.61,7.4,44,100,15120.0,1,0.069,0.0,345.0,0,0.0,3,0,0.0,-1,-1,-1,-1,0.0,0.0
2026-04-20T03:00,0.0,0.0,0.0,0.0,17.5,3.44,7.8,40,100,15120.0,1,0.069,0.0,450.0,0,0.0,3,0,0.0,-1,-1,-1,-1,0.0,0.0
2026-04-20T04:00,0.0,0.0,0.0,0.0,19.2,1.7,7.6,28,100,15140.0,1,0.069,0.0,1235.0,0,0.0,3,0,0.0,-1,-1,-1,-1,0.0,0.0
2026-04-20T05:00,0.0,0.0,0.0,0.0,19.3,2.97,6.6,283,100,15140.0,1,0.069,0.0,2040.0,0,0.0,3,0,0.0,-1,-1,-1,-1,0.0,0.0
2026-04-20T06:00,0.0,0.0,0.0,0.0,18.3,5.76,11.2,286,100,15120.0,1,0.078,0.0,1915.0,0,0.0,3,0,0.0,-1,-1,-1,-1,0.0,0.0
2026-04-20T07:00,0.0,0.0,0.0,0.0,18.3,6.21,12.6,278,100,15120.0,1,0.078,0.0,1770.0,0,0.0,3,0,0.0,-1,-1,-1,-1,0.0,0.0
2026-04-20T08:00,0.0,0.0,0.0,0.0,19.0,5.65,12.4,269,100,15120.0,1,0.078,0.0,1960.0,0,0.0,3,0,0.0,-1,-1,-1,-1,0.0,0.0
2026-04-20T09:00,0.0,0.0,0.0,0.0,18.4,6.38,12.5,279,100,15120.0,1,0.078,0.0,2080.0,0,0.0,3,0,0.0,-1,-1,-1,-1,0.0,0.0
2026-04-20T10:00,0.0,0.0,0.0,0.0,17.3,6.25,12.9,284,100,15120.0,1,0.078,0.0,1685.0,0,0.0,3,0,0.0,-1,-1,-1,-1,0.0,0.0
2026-04-20T11:00,0.0,0.0,0.0,0.0,16.7,5.03,12.1,289,100,15120.0,1,0.078,0.0,1520.0,0,0.0,3,0,0.0,-1,-1,-1,-1,0.0,0.0
2026-04-20T12:00,0.0,0.0,0.0,0.0,16.2,4.78,9.7,291,100,15120.0,1,0.071,0.0,680.0,0,0.0,3,0,0.0,-1,-1,-1,-1,0.0,0.0
2026-04-20T13:00,0.0,0.0,0.0,0.0,15.8,3.67,8.8,287,100,15120.0,1,0.071,0.0,600.0,0,0.0,3,0,0.0,-1,-1,-1,-1,0.0,0.0
2026-04-20T14:00,0.0,0.0,0.0,0.0,13.9,2.88,6.7,290,87,15120.0,0,0.071,0.0,310.0,0,0.0,3,0,0.0,-1,-1,-1,-1,0.0,0.0
2026-04-20T15:00,0.0,0.0,0.0,0.0,12.7,2.01,5.1,266,96,15040.0,0,0.071,0.0,280.0,0,0.0,3,0,0.0,-1,-1,-1,-1,0.0,0.0
2026-04-20T16:00,0.0,0.0,0.0,0.0,12.3,2.07,3.4,238,100,15040.0,0,0.071,0.0,180.0,0,0.0,3,0,0.0,-1,-1,-1,-1,0.0,0.0
2026-04-20T17:00,0.0,0.0,0.0,0.0,13.1,1.96,4.0,255,100,15040.0,0,0.071,0.0,210.0,0,0.0,3,0,0.0,-1,-1,-1,-1,0.0,0.0
2026-04-20T18:00,0.0,0.0,0.0,0.0,12.6,0.6,3.4,265,100,15040.0,0,0.067,0.0,85.0,0,0.0,3,0,0.0,-1,-1,-1,-1,0.0,0.0
2026-04-20T19:00,0.0,0.0,0.0,0.0,12.4,0.89,1.6,52,100,15040.0,0,0.067,0.0,55.0,0,0.0,3,0,0.0,-1,-1,-1,-1,0.0,0.0
2026-04-20T20:00,0.0,0.0,0.0,0.0,12.3,0.32,1.6,108,100,15040.0,0,0.067,0.0,30.0,0,0.0,3,0,0.0,-1,-1,-1,-1,0.0,0.0
2026-04-20T21:00,0.0,0.0,0.0,0.0,12.0,0.34,0.6,117,100,15040.0,0,0.067,0.0,25.0,0,0.0,3,0,0.0,-1,-1,-1,-1,0.0,0.0
2026-04-20T22:00,0.0,0.0,0.0,0.0,11.0,0.71,1.1,135,97,15040.0,0,0.067,0.0,30.0,0,0.0,3,0,0.0,-1,-1,-1,-1,0.0,0.0
2026-04-20T23:00,0.0,0.0,0.0,0.0,10.5,0.16,1.0,108,82,15000.0,0,0.067,0.0,15.0,0,0.0,3,0,0.0,-1,-1,-1,-1,0.0,0.0
2026-04-21T00:00,0.0,0.0,0.0,0.0,9.4,0.5,0.8,276,9,15000.0,1,0.08,0.0,25.0,0,0.0,0,0,0.0,-1,-1,-1,-1,0.0,0.0
2026-04-21T01:00,0.0,0.0,0.0,0.0,11.3,1.64,3.3,329,52,15000.0,1,0.08,0.0,70.0,0,0.0,2,0,0.0,-1,-1,-1,-1,0.0,0.0
2026-04-21T02:00,0.0,0.0,0.0,0.0,13.8,0.81,3.4,313,27,15060.0,1,0.08,0.0,215.0,0,0.0,1,0,0.0,-1,-1,-1,-1,0.0,0.0
2026-04-21T03:00,0.0,0.0,0.0,0.0,16.1,0.43,3.8,306,13,15060.0,1,0.08,0.0,485.0,0,0.0,0,0,0.0,-1,-1,-1,-1,0.0,0.0
2026-04-21T04:00,0.0,0.0,0.0,0.0,18.1,1.1,4.6,267,0,15140.0,1,0.08,0.0,1035.0,0,0.0,0,0,0.0,-1,-1,-1,-1,0.0,0.0
2026-04-21T05:00,0.0,0.0,0.0,0.0,19.7,2.29,6.5,260,1,15140.0,1,0.08,0.0,1950.0,0,0.0,0,0,0.0,-1,-1,-1,-1,0.0,0.0
2026-04-21T06:00,0.0,0.0,0.0,0.0,20.7,3.72,7.7,259,0,15160.0,1,0.086,0.0,2250.0,0,0.0,0,0,0.0,-1,-1,-1,-1,0.0,0.0
2026-04-21T07:00,0.0,0.0,0.0,0.0,21.2,4.34,9.7,258,0,15160.0,1,0.086,0.0,2210.0,0,0.0,0,0,0.0,-1,-1,-1,-1,0.0,0.0
2026-04-21T08:00,0.0,0.0,0.0,0.0,21.6,4.46,9.9,254,0,15160.0,1,0.086,0.0,2170.0,0,0.0,0,0,0.0,-1,-1,-1,-1,0.0,0.0
2026-04-21T09:00,0.0,0.0,0.0,0.0,21.8,4.41,9.8,261,1,15160.0,1,0.086,0.0,2160.0,0,0.0,0,0,0.0,-1,-1,-1,-1,0.0,0.0
2026-04-21T10:00,0.0,0.0,0.0,0.0,21.8,4.5,9.5,268,0,15160.0,1,0.086,0.0,2090.0,0,0.0,0,0,0.0,-1,-1,-1,-1,0.0,0.0
2026-04-21T11:00,0.0,0.0,0.0,0.0,21.3,4.56,9.3,279,0,15180.0,1,0.086,0.0,1870.0,0,0.0,0,0,0.0,-1,-1,-1,-1,0.0,0.0
2026-04-21T12:00,0.0,0.0,0.0,0.0,21.2,3.81,9.0,293,1,15180.0,1,0.076,0.0,1375.0,0,0.0,0,0,0.0,-1,-1,-1,-1,0.0,0.0
2026-04-21T13:00,0.0,0.0,0.0,0.0,18.1,1.28,6.8,321,0,15160.0,1,0.076,0.0,135.0,0,0.0,0,0,0.0,-1,-1,-1,-1,0.0,0.0
2026-04-21T14:00,0.0,0.0,0.0,0.0,17.3,0.11,1.8,153,0,15160.0,0,0.076,0.0,10.0,0,0.0,0,0,0.0,-1,-1,-1,-1,0.0,0.0
2026-04-21T15:00,0.0,0.0,0.0,0.0,15.6,0.9,1.2,161,0,15160.0,0,0.076,0.0,35.0,0,0.0,0,0,0.0,-1,-1,-1,-1,0.0,0.0
2026-04-21T16:00,0.0,0.0,0.0,0.0,15.3,0.16,1.1,162,0,15160.0,0,0.076,0.0,15.0,0,0.0,0,0,0.0,-1,-1,-1,-1,0.0,0.0
2026-04-21T17:00,0.0,0.0,0.0,0.0,14.5,0.14,0.5,135,0,15180.0,0,0.076,0.0,10.0,0,0.0,0,0,0.0,-1,-1,-1,-1,0.0,0.0
2026-04-21T18:00,0.0,0.0,0.0,0.0,13.1,0.25,0.5,169,0,15160.0,0,0.094,0.0,10.0,0,0.0,0,0,0.0,-1,-1,-1,-1,0.0,0.0
2026-04-21T19:00,0.0,0.0,0.0,0.0,12.4,0.05,0.5,90,0,15160.0,0,0.094,0.0,10.0,0,0.0,0,0,0.0,-1,-1,-1,-1,0.0,0.0
2026-04-21T20:00,0.0,0.0,0.0,0.0,11.8,0.11,0.4,117,0,15160.0,0,0.094,0.0,15.0,0,0.0,0,0,0.0,-1,-1,-1,-1,0.0,0.0
2026-04-21T21:00,0.0,0.0,0.0,0.0,10.7,0.57,0.8,128,0,15080.0,0,0.094,0.0,30.0,0,0.0,0,0,0.0,-1,-1,-1,-1,0.0,0.0
2026-04-21T22:00,0.0,0.0,0.0,0.0,10.0,0.62,1.0,104,100,15080.0,0,0.094,0.0,30.0,0,0.0,3,0,0.0,-1,-1,-1,-1,0.0,0.0
2026-04-21T23:00,0.0,0.0,0.0,0.0,9.5,1.01,1.5,110,100,15080.0,0,0.094,0.0,30.0,0,0.0,3,0,0.0,-1,-1,-1,-1,0.0,0.0
2026-04-22T00:00,0.0,0.0,0.0,0.0,9.8,1.93,2.4,100,96,15040.0,1,0.105,0.0,40.0,0,0.0,3,0,0.0,-1,-1,-1,-1,0.0,0.0
2026-04-22T01:00,0.0,0.0,0.0,0.0,11.4,2.3,4.1,103,99,15080.0,1,0.105,0.0,80.0,0,0.0,3,0,0.0,-1,-1,-1,-1,0.0,0.0
2026-04-22T02:00,0.0,0.0,0.0,0.0,13.8,0.9,4.1,90,83,15080.0,1,0.105,0.0,120.0,0,0.0,3,0,0.0,-1,-1,-1,-1,0.0,0.0
2026-04-22T03:00,0.0,0.0,0.0,0.0,16.7,0.7,3.7,111,0,15180.0,1,0.105,0.0,285.0,0,0.0,0,0,0.0,-1,-1,-1,-1,0.0,0.0
2026-04-22T04:00,0.0,0.0,0.0,0.0,19.3,0.05,3.8,360,0,15180.0,1,0.105,0.0,530.0,0,0.0,0,0,0.0,-1,-1,-1,-1,0.0,0.0
2026-04-22T05:00,0.0,0.0,0.0,0.0,21.7,1.8,5.5,268,0,15180.0,1,0.105,0.0,1450.0,0,0.0,0,0,0.0,-1,-1,-1,-1,0.0,0.0
2026-04-22T06:00,0.0,0.0,0.0,0.0,23.5,3.95,8.5,271,13,15180.0,1,0.103,0.0,1850.0,0,0.0,0,0,0.0,-1,-1,-1,-1,0.0,0.0
2026-04-22T07:00,0.0,0.0,0.0,0.0,24.3,4.55,10.1,270,16,15180.0,1,0.103,0.0,1950.0,0,0.0,0,0,0.0,-1,-1,-1,-1,0.0,0.0
2026-04-22T08:00,0.0,0.0,0.0,0.0,24.9,5.1,10.9,271,38,15200.0,1,0.103,0.0,2035.0,0,0.0,1,0,0.0,-1,-1,-1,-1,0.0,0.0
2026-04-22T09:00,0.0,0.0,0.0,0.0,25.6,5.01,10.9,279,23,15200.0,1,0.103,0.0,2245.0,0,0.0,1,0,0.0,-1,-1,-1,-1,0.0,0.0
2026-04-22T10:00,0.0,0.0,0.0,0.0,25.5,5.04,10.5,281,13,15200.0,1,0.103,0.0,2280.0,0,0.0,0,0,0.0,-1,-1,-1,-1,0.0,0.0
2026-04-22T11:00,0.0,0.0,0.0,0.0,25.0,4.64,10.2,281,100,15200.0,1,0.103,0.0,1905.0,0,0.0,3,0,0.0,-1,-1,-1,-1,0.0,0.0
2026-04-22T12:00,0.0,0.0,0.0,0.0,24.6,2.76,9.0,315,100,15200.0,1,0.102,0.0,815.0,0,0.0,3,0,0.0,-1,-1,-1,-1,0.0,0.0
2026-04-22T13:00,0.0,0.0,0.0,0.0,22.1,0.54,5.1,338,100,15200.0,1,0.102,0.0,45.0,0,0.0,3,0,0.0,-1,-1,-1,-1,0.0,0.0
2026-04-22T14:00,0.0,0.0,0.0,0.0,20.9,0.67,0.9,153,100,15200.0,0,0.102,0.0,35.0,0,0.0,3,0,0.0,-1,-1,-1,-1,0.0,0.0
2026-04-22T15:00,0.0,0.0,0.0,0.0,19.5,0.58,1.3,149,60,15200.0,0,0.102,0.0,30.0,0,0.0,2,0,0.0,-1,-1,-1,-1,0.0,0.0
2026-04-22T16:00,0.0,0.0,0.0,0.0,18.3,0.15,0.8,90,90,15200.0,0,0.102,0.0,10.0,0,0.0,3,0,0.0,-1,-1,-1,-1,0.0,0.0
2026-04-22T17:00,0.0,0.0,0.0,0.0,17.2,0.32,0.7,108,100,15200.0,0,0.102,0.0,20.0,0,0.0,3,0,0.0,-1,-1,-1,-1,0.0,0.0
2026-04-22T18:00,0.0,0.0,0.0,0.0,16.2,1.03,1.2,113,100,15200.0,0,0.102,0.0,35.0,0,0.0,3,0,0.0,-1,-1,-1,-1,0.0,0.0
2026-04-22T19:00,0.0,0.0,0.0,0.0,14.1,1.71,2.5,122,98,15200.0,0,0.102,0.0,40.0,0,0.0,3,0,0.0,-1,-1,-1,-1,0.0,0.0
2026-04-22T20:00,0.0,0.0,0.0,0.0,13.4,1.62,2.5,81,100,15200.0,0,0.102,0.0,45.0,0,0.0,3,0,0.0,-1,-1,-1,-1,0.0,0.0
2026-04-22T21:00,0.0,0.0,0.0,0.0,13.3,2.16,3.7,95,92,15200.0,0,0.102,0.0,50.0,0,0.0,3,0,0.0,-1,-1,-1,-1,0.0,0.0
2026-04-22T22:00,0.0,0.0,0.0,0.0,12.2,2.02,3.7,110,69,15120.0,0,0.102,0.0,40.0,0,0.0,2,0,0.0,-1,-1,-1,-1,0.0,0.0
2026-04-22T23:00,0.0,0.0,0.0,0.0,11.6,1.65,3.2,87,65,15120.0,0,0.102,0.0,35.0,0,0.0,2,0,0.0,-1,-1,-1,-1,0.0,0.0
2026-04-23T00:00,0.0,0.0,0.0,0.0,12.4,1.35,2.4,94,31,15200.0,1,0.102,0.0,35.0,0,0.0,1,0,0.0,-1,-1,-1,-1,0.0,0.0
2026-04-23T01:00,0.0,0.0,0.0,0.0,14.7,1.21,2.1,38,98,15200.0,1,0.102,0.0,35.0,0,0.0,3,0,0.0,-1,-1,-1,-1,0.0,0.0
2026-04-23T02:00,0.0,0.0,0.0,0.0,18.1,0.57,3.0,345,100,15220.0,1,0.102,0.0,85.0,0,0.0,3,0,0.0,-1,-1,-1,-1,0.0,0.0
2026-04-23T03:00,0.0,0.0,0.0,0.0,21.0,0.75,3.7,37,100,15220.0,1,0.102,0.0,365.0,0,0.0,3,0,0.0,-1,-1,-1,-1,0.0,0.0
2026-04-23T04:00,0.0,0.0,0.0,0.0,22.9,1.03,4.5,51,100,15220.0,1,0.102,0.0,620.0,0,0.0,3,0,0.0,-1,-1,-1,-1,0.0,0.0
2026-04-23T05:00,0.0,0.0,0.0,0.0,24.5,0.46,4.6,49,100,15220.0,1,0.102,0.0,935.0,0,0.0,3,0,0.0,-1,-1,-1,-1,0.0,0.0
2026-04-23T06:00,0.0,0.0,0.0,0.0,25.7,0.63,4.2,198,100,15240.0,1,0.102,0.0,1605.0,0,0.0,3,0,0.0,-1,-1,-1,-1,0.0,0.0
2026-04-23T07:00,0.0,0.0,0.0,0.0,27.5,2.21,6.2,257,57,15240.0,1,0.102,0.0,2110.0,0,0.0,2,0,0.0,-1,-1,-1,-1,0.0,0.0
2026-04-23T08:00,0.0,0.0,0.0,0.0,28.3,3.9,8.7,270,26,15240.0,1,0.102,0.0,2305.0,0,0.0,1,0,0.0,-1,-1,-1,-1,0.0,0.0
2026-04-23T09:00,0.0,0.0,0.0,0.0,28.3,4.03,9.3,263,89,15240.0,1,0.102,0.0,2250.0,0,0.0,3,0,0.0,-1,-1,-1,-1,0.0,0.0
2026-04-23T10:00,0.0,0.0,0.0,0.0,28.2,4.09,8.8,262,50,15240.0,1,0.102,0.0,2245.0,0,0.0,2,0,0.0,-1,-1,-1,-1,0.0,0.0
2026-04-23T11:00,0.0,0.0,0.0,0.0,27.7,3.86,8.5,274,97,15240.0,1,0.102,0.0,2230.0,0,0.0,3,0,0.0,-1,-1,-1,-1,0.0,0.0
2026-04-23T12:00,0.0,0.0,0.0,0.0,27.0,2.07,7.6,263,100,15240.0,1,0.102,0.0,780.0,0,0.0,3,0,0.0,-1,-1,-1,-1,0.0,0.0
2026-04-23T13:00,0.0,0.0,0.0,0.0,23.8,0.36,3.6,304,98,15240.0,1,0.102,0.0,25.0,0,0.0,3,0,0.0,-1,-1,-1,-1,0.0,0.0
2026-04-23T14:00,0.0,0.0,0.0,0.0,22.3,0.35,0.8,180,38,15240.0,0,0.102,0.0,20.0,0,0.0,1,0,0.0,-1,-1,-1,-1,0.0,0.0
2026-04-23T15:00,0.0,0.0,0.0,0.0,21.2,0.05,0.6,90,55,15240.0,0,0.102,0.0,10.0,0,0.0,2,0,0.0,-1,-1,-1,-1,0.0,0.0
2026-04-23T16:00,0.0,0.0,0.0,0.0,19.6,0.49,0.7,114,4,15240.0,0,0.102,0.0,20.0,0,0.0,0,0,0.0,-1,-1,-1,-1,0.0,0.0
2026-04-23T17:00,0.0,0.0,0.0,0.0,18.2,0.75,1.1,127,24,15240.0,0,0.102,0.0,35.0,0,0.0,1,0,0.0,-1,-1,-1,-1,0.0,0.0
2026-04-23T18:00,0.0,0.0,0.0,0.0,17.1,0.92,1.3,112,15,15240.0,0,0.102,0.0,30.0,0,0.0,0,0,0.0,-1,-1,-1,-1,0.0,0.0
2026-04-23T19:00,0.0,0.0,0.0,0.0,16.0,0.83,1.6,123,15,15240.0,0,0.102,0.0,25.0,0,0.0,0,0,0.0,-1,-1,-1,-1,0.0,0.0
2026-04-23T20:00,0.0,0.0,0.0,0.0,15.1,1.26,1.9,97,3,15240.0,0,0.102,0.0,30.0,0,0.0,0,0,0.0,-1,-1,-1,-1,0.0,0.0
2026-04-23T21:00,0.0,0.0,0.0,0.0,14.8,1.87,3.0,82,2,15220.0,0,0.102,0.0,40.0,0,0.0,0,0,0.0,-1,-1,-1,-1,0.0,0.0
2026-04-23T22:00,0.0,0.0,0.0,0.0,14.5,2.35,4.0,92,98,15220.0,0,0.102,0.0,40.0,0,0.0,3,0,0.0,-1,-1,-1,-1,0.0,0.0
2026-04-23T23:00,0.0,0.0,0.0,0.0,14.1,2.16,4.0,85,95,15240.0,0,0.102,0.0,45.0,0,0.0,3,0,0.0,-1,-1,-1,-1,0.0,0.0
2026-04-24T00:00,0.0,0.0,0.0,0.0,14.8,2.26,5.5,84,100,15240.0,1,0.111,0.0,45.0,0,0.0,3,0,0.0,-1,-1,-1,-1,0.0,0.0
2026-04-24T01:00,0.0,0.0,0.0,0.0,18.1,3.67,6.3,85,98,15240.0,1,0.111,0.0,130.0,0,0.0,3,0,0.0,-1,-1,-1,-1,0.0,0.0
2026-04-24T02:00,0.0,0.0,0.0,0.0,21.4,4.55,7.6,73,97,15240.0,1,0.111,0.0,325.0,0,0.0,3,0,0.0,-1,-1,-1,-1,0.0,0.0
2026-04-24T03:00,0.0,0.0,0.0,0.0,25.4,5.66,10.7,48,77,15260.0,1,0.111,0.0,735.0,0,0.0,2,0,0.0,-1,-1,-1,-1,0.0,0.0
2026-04-24T04:00,0.0,0.0,0.0,0.0,26.7,6.9,13.6,46,86,15260.0,1,0.111,0.0,965.0,0,0.0,3,0,0.0,-1,-1,-1,-1,0.0,0.0
2026-04-24T05:00,0.0,0.0,0.0,0.0,27.5,6.35,13.6,49,52,15260.0,1,0.111,0.0,1105.0,0,0.0,2,0,0.0,-1,-1,-1,-1,0.0,0.0
2026-04-24T06:00,0.0,0.0,0.0,0.0,28.8,4.73,12.7,54,20,15260.0,1,0.111,0.0,1805.0,0,0.0,1,0,0.0,-1,-1,-1,-1,0.0,0.0
2026-04-24T07:00,0.0,0.0,0.0,0.0,29.7,3.38,10.2,56,5,15260.0,1,0.111,0.0,2510.0,0,0.0,0,0,0.0,-1,-1,-1,-1,0.0,0.0
2026-04-24T08:00,0.0,0.0,0.0,0.0,30.1,1.7,8.3,66,4,15260.0,1,0.111,0.0,2770.0,0,0.0,0,0,0.0,-1,-1,-1,-1,0.0,0.0
2026-04-24T09:00,0.0,0.0,0.0,0.0,30.2,0.39,5.8,50,100,15260.0,1,0.111,0.0,2810.0,0,0.0,3,0,0.0,-1,-1,-1,-1,0.0,0.0
2026-04-24T10:00,0.0,0.0,0.0,0.0,30.0,0.67,3.9,318,100,15260.0,1,0.111,0.0,2810.0,0,0.0,3,0,0.0,-1,-1,-1,-1,0.0,0.0
2026-04-24T11:00,0.0,0.0,0.0,0.0,29.6,1.9,4.5,288,100,15260.0,1,0.111,0.0,2780.0,0,0.0,3,0,0.0,-1,-1,-1,-1,0.0,0.0
2026-04-24T12:00,0.0,0.0,0.0,0.0,28.6,3.13,5.0,257,100,15280.0,1,0.111,0.0,420.0,0,0.0,3,0,0.0,-1,-1,-1,-1,0.0,0.0
2026-04-24T13:00,0.0,0.0,0.0,0.0,26.3,2.7,5.4,289,100,15280.0,1,0.111,0.0,155.0,0,0.0,3,0,0.0,-1,-1,-1,-1,0.0,0.0
2026-04-24T14:00,0.0,0.0,0.0,0.0,24.6,1.54,4.8,324,100,15280.0,0,0.111,0.0,105.0,0,0.0,3,0,0.0,-1,-1,-1,-1,0.0,0.0
2026-04-24T15:00,0.0,0.0,0.0,0.0,24.3,0.43,2.2,306,100,15280.0,0,0.111,0.0,35.0,0,0.0,3,0,0.0,-1,-1,-1,-1,0.0,0.0
2026-04-24T16:00,0.0,0.0,0.0,0.0,23.5,1.0,1.5,307,100,15280.0,0,0.111,0.0,50.0,0,0.0,3,0,0.0,-1,-1,-1,-1,0.0,0.0
2026-04-24T17:00,0.0,0.0,0.0,0.0,23.3,1.11,1.6,306,100,15260.0,0,0.111,0.0,45.0,0,0.0,3,0,0.0,-1,-1,-1,-1,0.0,0.0
2026-04-24T18:00,0.0,0.0,0.0,0.0,22.8,1.05,1.6,295,93,15260.0,0,0.111,0.0,50.0,0,0.0,3,0,0.0,-1,-1,-1,-1,0.0,0.0
2026-04-24T19:00,0.0,0.0,0.0,0.0,21.7,0.64,1.5,315,76,15280.0,0,0.111,0.0,30.0,0,0.0,2,0,0.0,-1,-1,-1,-1,0.0,0.0
2026-04-24T20:00,0.0,0.0,0.0,0.0,20.6,0.6,1.1,66,20,15280.0,0,0.111,0.0,25.0,0,0.0,1,0,0.0,-1,-1,-1,-1,0.0,0.0
2026-04-24T21:00,0.0,0.0,0.0,0.0,17.7,1.61,2.2,85,23,15280.0,0,0.111,0.0,40.0,0,0.0,1,0,0.0,-1,-1,-1,-1,0.0,0.0
2026-04-24T22:00,0.0,0.0,0.0,0.0,16.8,2.3,4.0,91,39,15280.0,0,0.111,0.0,50.0,0,0.0,1,0,0.0,-1,-1,-1,-1,0.0,0.0
2026-04-24T23:00,0.0,0.0,0.0,0.0,16.5,2.5,4.4,90,85,15260.0,0,0.111,0.0,60.0,0,0.0,3,0,0.0,-1,-1,-1,-1,0.0,0.0
2026-04-25T00:00,0.0,0.0,0.0,0.0,18.9,3.25,6.1,89,100,15280.0,1,0.111,0.0,65.0,0,0.0,3,0,0.0,-1,-1,-1,-1,0.0,0.0
2026-04-25T01:00,0.0,0.0,0.0,0.0,21.0,2.21,5.6,86,88,15280.0,1,0.111,10.0,60.0,0,0.0,3,0,0.0,-1,-1,-1,-1,0.0,0.0
2026-04-25T02:00,0.0,0.0,0.0,0.0,23.7,2.62,5.0,108,61,15280.0,1,0.111,10.0,200.0,0,0.0,2,0,0.0,-1,-1,-1,-1,0.0,0.0
2026-04-25T03:00,0.0,0.0,0.0,0.0,25.9,4.26,8.9,77,99,15280.0,1,0.111,0.0,1280.0,0,0.0,3,0,0.0,-1,-1,-1,-1,0.0,0.0
2026-04-25T04:00,0.0,0.0,0.0,0.0,27.2,4.06,9.4,76,100,15300.0,1,0.111,0.0,1540.0,0,0.0,3,0,0.0,-1,-1,-1,-1,0.0,0.0
2026-04-25T05:00,0.0,0.0,0.0,0.0,27.9,3.15,9.0,93,100,15300.0,1,0.111,0.0,1880.0,0,0.0,3,0,0.0,-1,-1,-1,-1,0.0,0.0
2026-04-25T06:00,0.0,0.0,0.0,0.0,28.4,2.78,7.5,120,98,15300.0,1,0.111,0.0,2495.0,0,0.0,3,0,0.0,-1,-1,-1,-1,0.0,0.0
2026-04-25T07:00,0.0,0.0,0.0,0.0,29.2,1.93,6.9,149,100,15300.0,1,0.111,0.0,2800.0,0,0.0,3,0,0.0,-1,-1,-1,-1,0.0,0.0
2026-04-25T08:00,0.0,0.0,0.0,0.0,29.6,1.45,5.8,176,100,15300.0,1,0.111,0.0,2920.0,0,0.0,3,0,0.0,-1,-1,-1,-1,0.0,0.0
2026-04-25T09:00,0.0,0.0,0.0,0.0,29.6,1.16,5.1,205,100,15300.0,1,0.111,0.0,3135.0,0,0.0,3,0,0.0,-1,-1,-1,-1,0.0,0.0
2026-04-25T10:00,0.0,0.0,0.0,0.0,29.4,1.13,4.4,221,100,15300.0,1,0.111,0.0,3330.0,0,0.0,3,0,0.0,-1,-1,-1,-1,0.0,0.0
2026-04-25T11:00,0.0,0.0,0.0,0.0,29.0,1.25,3.8,196,100,15300.0,1,0.111,20.0,3360.0,0,0.0,3,0,0.0,-1,-1,-1,-1,0.0,0.0
2026-04-25T12:00,0.0,0.0,0.0,0.0,28.2,0.67,3.0,333,100,15300.0,1,0.111,10.0,55.0,0,0.0,3,0,0.0,-1,-1,-1,-1,0.0,0.0
2026-04-25T13:00,0.0,0.0,0.0,0.0,25.9,0.56,1.6,10,96,15300.0,1,0.111,0.0,30.0,0,0.0,3,0,0.0,-1,-1,-1,-1,0.0,0.0
2026-04-25T14:00,0.0,0.0,0.0,0.0,24.6,0.11,1.1,63,87,15300.0,0,0.111,30.0,10.0,0,0.0,3,0,0.0,-1,-1,-1,-1,0.0,0.0
2026-04-25T15:00,0.0,0.0,0.0,0.0,23.0,0.81,1.3,43,100,15300.0,0,0.111,40.0,30.0,0,0.0,3,0,0.0,-1,-1,-1,-1,0.0,0.0
2026-04-25T16:00,0.0,0.0,0.0,0.0,22.1,1.96,3.1,52,100,15300.0,0,0.111,10.0,50.0,0,0.0,3,0,0.0,-1,-1,-1,-1,0.0,0.0
2026-04-25T17:00,0.0,0.0,0.0,0.0,22.8,4.36,7.5,25,100,15320.0,0,0.111,10.0,210.0,0,0.0,3,0,0.0,-1,-1,-1,-1,0.0,0.0
2026-04-25T18:00,0.0,0.0,0.0,0.0,22.8,4.75,9.7,37,100,15320.0,0,0.111,0.0,160.0,0,0.0,3,0,0.0,-1,-1,-1,-1,0.0,0.0
2026-04-25T19:00,0.0,0.0,0.0,0.0,22.4,5.48,9.4,66,100,15320.0,0,0.111,0.0,210.0,0,0.0,3,0,0.0,-1,-1,-1,-1,0.0,0.0
2026-04-25T20:00,0.0,0.0,0.0,0.0,21.6,5.78,10.7,78,99,15300.0,0,0.111,0.0,235.0,0,0.0,3,0,0.0,-1,-1,-1,-1,0.0,0.0
2026-04-25T21:00,0.0,0.0,0.0,0.0,21.5,4.72,9.9,50,77,15300.0,0,0.111,0.0,250.0,0,0.0,2,0,0.0,-1,-1,-1,-1,0.0,0.0
2026-04-25T22:00,0.0,0.0,0.0,0.0,20.7,5.27,9.4,47,23,15300.0,0,0.111,0.0,305.0,0,0.0,1,0,0.0,-1,-1,-1,-1,0.0,0.0
2026-04-25T23:00,0.0,0.0,0.0,0.0,20.3,4.61,9.4,66,59,15320.0,0,0.111,0.0,365.0,0,0.0,2,0,0.0,-1,-1,-1,-1,0.0,0.0
2026-04-26T00:00,0.0,0.0,0.0,0.0,18.9,3.29,8.3,44,22,15320.0,1,0.111,0.0,110.0,0,0.0,1,0,0.0,-1,-1,-1,-1,0.0,0.0
2026-04-26T01:00,0.0,0.0,0.0,0.0,20.7,3.29,6.0,73,35,15320.0,1,0.111,0.0,170.0,0,0.0,1,0,0.0,-1,-1,-1,-1,0.0,0.0
2026-04-26T02:00,0.0,0.0,0.0,0.0,23.0,4.01,7.9,80,2,15320.0,1,0.111,0.0,455.0,0,0.0,0,0,0.0,-1,-1,-1,-1,0.0,0.0
2026-04-26T03:00,0.0,0.0,0.0,0.0,24.6,5.19,10.5,54,0,15320.0,1,0.111,0.0,1120.0,0,0.0,0,0,0.0,-1,-1,-1,-1,0.0,0.0
2026-04-26T04:00,0.0,0.0,0.0,0.0,25.7,5.04,11.1,51,0,15320.0,1,0.111,0.0,1620.0,0,0.0,0,0,0.0,-1,-1,-1,-1,0.0,0.0
2026-04-26T05:00,0.0,0.0,0.0,0.0,26.7,3.88,10.8,68,0,15320.0,1,0.111,0.0,2025.0,0,0.0,0,0,0.0,-1,-1,-1,-1,0.0,0.0
2026-04-26T06:00,0.0,0.0,0.0,0.0,26.8,2.58,9.1,108,2,15320.0,1,0.111,0.0,2685.0,0,0.0,0,0,0.0,-1,-1,-1,-1,0.0,0.0
2026-04-26T07:00,0.0,0.0,0.0,0.0,27.4,2.25,6.9,176,4,15320.0,1,0.111,0.0,2945.0,0,0.0,0,0,0.0,-1,-1,-1,-1,0.0,0.0
2026-04-26T08:00,0.0,0.0,0.0,0.0,27.8,2.91,7.2,231,6,15340.0,1,0.111,80.0,3035.0,0,0.0,0,0,0.0,-1,-1,-1,-1,0.0,0.0
2026-04-26T09:00,0.0,0.0,0.0,0.0,28.0,2.89,7.5,242,3,15340.0,1,0.111,130.0,2995.0,0,0.0,0,0,0.0,-1,-1,-1,-1,0.0,0.0
2026-04-26T10:00,0.0,0.0,0.0,0.0,27.7,3.02,7.2,246,3,15340.0,1,0.111,130.0,2780.0,0,0.0,0,0,0.0,-1,-1,-1,-1,0.0,0.0
2026-04-26T11:00,0.0,0.0,0.0,0.0,27.3,2.72,7.0,264,10,15340.0,1,0.111,50.0,2430.0,0,0.0,0,0,0.0,-1,-1,-1,-1,0.0,0.0
2026-04-26T12:00,0.0,0.0,0.0,0.0,27.6,1.25,6.0,164,16,15340.0,1,0.111,170.0,2780.0,0,0.0,0,0,0.0,-1,-1,-1,-1,0.0,0.0
2026-04-26T13:00,0.0,0.0,0.0,0.0,24.4,2.06,2.9,139,4,15340.0,1,0.111,200.0,350.0,0,0.0,0,0,0.0,-1,-1,-1,-1,0.0,0.0
2026-04-26T14:00,0.0,0.0,0.0,0.0,23.7,2.98,5.0,131,0,15320.0,0,0.111,30.0,415.0,0,0.0,0,0,0.0,-1,-1,-1,-1,0.0,0.0
2026-04-26T15:00,0.0,0.0,0.0,0.0,22.3,2.2,5.1,131,0,15340.0,0,0.111,0.0,360.0,0,0.0,0,0,0.0,-1,-1,-1,-1,0.0,0.0
2026-04-26T16:00,0.0,0.0,0.0,0.0,20.4,2.14,3.5,127,3,15340.0,0,0.111,0.0,440.0,0,0.0,0,0,0.0,-1,-1,-1,-1,0.0,0.0
2026-04-26T17:00,0.0,0.0,0.0,0.0,19.7,1.58,3.2,125,0,15320.0,0,0.111,10.0,455.0,0,0.0,0,0,0.0,-1,-1,-1,-1,0.0,0.0
2026-04-26T18:00,0.0,0.0,0.0,0.0,18.8,0.96,2.1,84,0,15320.0,0,0.111,20.0,70.0,0,0.0,0,0,0.0,-1,-1,-1,-1,0.0,0.0
2026-04-26T19:00,0.0,0.0,0.0,0.0,17.6,0.81,1.4,30,0,15320.0,0,0.111,260.0,30.0,0,0.0,0,0,0.0,-1,-1,-1,-1,0.0,0.0
2026-04-26T20:00,0.0,0.0,0.0,0.0,17.1,0.63,1.5,18,0,15320.0,0,0.111,230.0,20.0,0,0.0,0,0,0.0,-1,-1,-1,-1,0.0,0.0
2026-04-26T21:00,0.0,0.0,0.0,0.0,16.9,0.72,1.1,34,0,15240.0,0,0.111,10.0,40.0,0,0.0,0,0,0.0,-1,-1,-1,-1,0.0,0.0
2026-04-26T22:00,0.0,0.0,0.0,0.0,16.3,0.99,1.5,41,0,15240.0,0,0.111,20.0,55.0,0,0.0,0,0,0.0,-1,-1,-1,-1,0.0,0.0
2026-04-26T23:00,0.0,0.0,0.0,0.0,16.0,0.92,1.5,45,0,15240.0,0,0.111,10.0,55.0,0,0.0,0,0,0.0,-1,-1,-1,-1,0.0,0.0
2026-04-27T00:00,0.0,0.0,0.0,0.0,16.0,1.64,1.7,59,0,15240.0,1,0.121,0.0,40.0,0,0.0,0,0,0.0,-1,-1,-1,-1,0.0,0.0
2026-04-27T01:00,0.0,0.0,0.0,0.0,18.9,1.74,2.9,41,2,15240.0,1,0.121,0.0,55.0,0,0.0,0,0,0.0,-1,-1,-1,-1,0.0,0.0
2026-04-27T02:00,0.0,0.0,0.0,0.0,21.8,1.13,3.7,41,18,15340.0,1,0.12,50.0,370.0,0,0.0,0,0,0.0,-1,-1,-1,-1,0.0,0.0
2026-04-27T03:00,0.0,0.0,0.0,0.0,23.8,1.19,4.3,105,12,15340.0,1,0.12,80.0,860.0,0,0.0,0,0,0.0,-1,-1,-1,-1,0.0,0.0
2026-04-27T04:00,0.0,0.0,0.0,0.0,25.3,1.25,4.8,143,70,15340.0,1,0.12,150.0,1280.0,0,0.0,2,0,0.0,-1,-1,-1,-1,0.0,0.0
2026-04-27T05:00,0.0,0.0,0.0,0.0,26.6,0.97,4.9,145,23,15360.0,1,0.119,190.0,1730.0,0,0.0,1,0,0.0,-1,-1,-1,-1,0.0,0.0
2026-04-27T06:00,0.0,0.0,0.0,0.0,26.5,0.15,4.8,270,7,15360.0,1,0.12,180.0,1985.0,0,0.0,0,0,0.0,-1,-1,-1,-1,0.0,0.0
2026-04-27T07:00,0.0,0.0,0.0,0.0,28.4,0.51,4.7,331,6,15360.0,1,0.12,170.0,2440.0,0,0.0,0,0,0.0,-1,-1,-1,-1,0.0,0.0
2026-04-27T08:00,0.0,0.0,0.0,0.0,29.3,0.68,4.8,343,3,15360.0,1,0.119,140.0,2930.0,0,0.0,0,0,0.0,-1,-1,-1,-1,0.0,0.0
2026-04-27T09:00,0.0,0.0,0.0,0.0,29.8,0.57,4.8,345,2,15360.0,1,0.118,120.0,3320.0,0,0.0,0,0,0.0,-1,-1,-1,-1,0.0,0.0
2026-04-27T10:00,0.0,0.0,0.0,0.0,29.8,0.68,4.4,343,59,15360.0,1,0.117,80.0,3470.0,0,0.0,2,0,0.0,-1,-1,-1,-1,0.0,0.0
2026-04-27T11:00,0.0,0.0,0.0,0.0,29.3,0.67,4.0,297,99,15360.0,1,0.117,40.0,3400.0,0,0.0,3,0,0.0,-1,-1,-1,-1,0.0,0.0
2026-04-27T12:00,0.0,0.0,0.0,0.0,28.2,0.11,3.2,333,88,15360.0,1,0.117,0.0,20.0,0,0.0,3,0,0.0,-1,-1,-1,-1,0.0,0.0
2026-04-27T13:00,0.0,0.0,0.0,0.0,25.5,0.36,0.8,286,97,15380.0,1,0.117,0.0,30.0,0,0.0,3,0,0.0,-1,-1,-1,-1,0.0,0.0
2026-04-27T14:00,0.0,0.0,0.0,0.0,23.3,0.63,0.9,61,90,15380.0,0,0.117,0.0,35.0,0,0.0,3,0,0.0,-1,-1,-1,-1,0.0,0.0
2026-04-27T15:00,0.0,0.0,0.0,0.0,21.1,1.89,3.2,53,31,15380.0,0,0.117,0.0,70.0,0,0.0,1,0,0.0,-1,-1,-1,-1,0.0,0.0
2026-04-27T16:00,0.0,0.0,0.0,0.0,20.4,2.29,4.2,54,11,15380.0,0,0.117,0.0,60.0,0,0.0,0,0,0.0,-1,-1,-1,-1,0.0,0.0
2026-04-27T17:00,0.0,0.0,0.0,0.0,19.5,2.57,4.6,66,2,15380.0,0,0.116,0.0,65.0,0,0.0,0,0,0.0,-1,-1,-1,-1,0.0,0.0
2026-04-27T18:00,0.0,0.0,0.0,0.0,17.9,1.93,5.0,53,12,15380.0,0,0.116,0.0,45.0,0,0.0,0,0,0.0,-1,-1,-1,-1,0.0,0.0
2026-04-27T19:00,0.0,0.0,0.0,0.0,18.2,2.43,4.5,37,2,15380.0,0,0.116,0.0,50.0,0,0.0,0,0,0.0,-1,-1,-1,-1,0.0,0.0
2026-04-27T20:00,0.0,0.0,0.0,0.0,17.8,2.27,4.4,50,2,15380.0,0,0.116,0.0,50.0,0,0.0,0,0,0.0,-1,-1,-1,-1,0.0,0.0
2026-04-27T21:00,0.0,0.0,0.0,0.0,17.8,2.52,4.5,49,2,15380.0,0,0.116,0.0,75.0,0,0.0,0,0,0.0,-1,-1,-1,-1,0.0,0.0
2026-04-27T22:00,0.0,0.0,0.0,0.0,18.1,3.59,6.3,55,1,15380.0,0,0.116,0.0,150.0,0,0.0,0,0,0.0,-1,-1,-1,-1,0.0,0.0
2026-04-27T23:00,0.0,0.0,0.0,0.0,18.2,3.78,6.7,62,0,15380.0,0,0.116,0.0,195.0,0,0.0,0,0,0.0,-1,-1,-1,-1,0.0,0.0
2026-04-28T00:00,0.0,0.0,0.0,0.0,18.9,4.28,7.1,53,9,15380.0,1,0.114,0.0,345.0,0,0.0,0,0,0.0,-1,-1,-1,-1,0.0,0.0
2026-04-28T01:00,0.0,0.0,0.0,0.0,21.3,5.21,9.3,49,7,15380.0,1,0.114,0.0,545.0,0,0.0,0,0,0.0,-1,-1,-1,-1,0.0,0.0
2026-04-28T02:00,0.0,0.0,0.0,0.0,23.0,5.92,11.1,49,1,15380.0,1,0.114,0.0,795.0,0,0.0,0,0,0.0,-1,-1,-1,-1,0.0,0.0
2026-04-28T03:00,0.0,0.0,0.0,0.0,24.0,6.11,12.1,53,0,15400.0,1,0.114,0.0,925.0,0,0.0,0,0,0.0,-1,-1,-1,-1,0.0,0.0
2026-04-28T04:00,0.0,0.0,0.0,0.0,25.4,5.71,12.2,61,0,15400.0,1,0.113,0.0,1400.0,0,0.0,0,0,0.0,-1,-1,-1,-1,0.0,0.0
2026-04-28T05:00,0.0,0.0,0.0,0.0,26.7,4.56,11.7,64,19,15400.0,1,0.113,0.0,1985.0,0,0.0,0,0,0.0,-1,-1,-1,-1,0.0,0.0
2026-04-28T06:00,0.0,0.0,0.0,0.0,27.2,3.12,10.1,58,27,15400.0,1,0.113,0.0,2265.0,0,0.0,1,0,0.0,-1,-1,-1,-1,0.0,0.0
2026-04-28T07:00,0.0,0.0,0.0,0.0,27.9,1.63,7.8,50,39,15400.0,1,0.113,0.0,2360.0,0,0.0,1,0,0.0,-1,-1,-1,-1,0.0,0.0
2026-04-28T08:00,0.0,0.0,0.0,0.0,28.2,0.67,6.0,347,36,15400.0,1,0.113,0.0,2370.0,0,0.0,1,0,0.0,-1,-1,-1,-1,0.0,0.0
2026-04-28T09:00,0.0,0.0,0.0,0.0,28.5,1.07,5.0,298,64,15400.0,1,0.113,0.0,2425.0,0,0.0,2,0,0.0,-1,-1,-1,-1,0.0,0.0
2026-04-28T10:00,0.0,0.0,0.0,0.0,28.5,0.66,5.0,279,97,15400.0,1,0.112,0.0,2405.0,0,0.0,3,0,0.0,-1,-1,-1,-1,0.0,0.0
2026-04-28T11:00,0.0,0.0,0.0,0.0,28.3,0.61,3.9,215,99,15400.0,1,0.112,0.0,2490.0,0,0.0,3,0,0.0,-1,-1,-1,-1,0.0,0.0
2026-04-28T12:00,0.0,0.0,0.0,0.0,27.2,2.04,2.9,25,100,15400.0,1,0.112,0.0,1965.0,0,0.0,3,0,0.0,-1,-1,-1,-1,0.0,0.0
2026-04-28T13:00,0.0,0.0,0.0,0.0,25.1,2.67,4.7,38,100,15400.0,1,0.112,0.0,280.0,0,0.0,3,0,0.0,-1,-1,-1,-1,0.0,0.0
2026-04-28T14:00,0.0,0.0,0.0,0.0,23.8,3.33,6.1,62,100,15400.0,0,0.112,0.0,275.0,0,0.0,3,0,0.0,-1,-1,-1,-1,0.0,0.0
2026-04-28T15:00,0.0,0.0,0.0,0.0,22.3,2.31,6.0,51,100,15400.0,0,0.112,0.0,145.0,0,0.0,3,0,0.0,-1,-1,-1,-1,0.0,0.0
2026-04-28T16:00,0.0,0.0,0.0,0.0,20.7,2.28,4.3,29,100,15400.0,0,0.112,0.0,60.0,0,0.0,3,0,0.0,-1,-1,-1,-1,0.0,0.0
2026-04-28T17:00,0.0,0.0,0.0,0.0,20.3,3.08,5.2,36,91,15400.0,0,0.112,0.0,95.0,0,0.0,3,0,0.0,-1,-1,-1,-1,0.0,0.0
2026-04-28T18:00,0.0,0.0,0.0,0.0,20.5,3.16,6.2,41,17,15400.0,0,0.112,0.0,170.0,0,0.0,0,0,0.0,-1,-1,-1,-1,0.0,0.0
2026-04-28T19:00,0.0,0.0,0.0,0.0,19.7,2.84,5.7,51,4,15400.0,0,0.112,0.0,190.0,0,0.0,0,0,0.0,-1,-1,-1,-1,0.0,0.0
2026-04-28T20:00,0.0,0.0,0.0,0.0,18.1,2.57,5.2,66,24,15400.0,0,0.112,0.0,90.0,0,0.0,1,0,0.0,-1,-1,-1,-1,0.0,0.0
2026-04-28T21:00,0.0,0.0,0.0,0.0,17.3,2.4,4.7,67,45,15400.0,0,0.112,0.0,70.0,0,0.0,1,0,0.0,-1,-1,-1,-1,0.0,0.0
2026-04-28T22:00,0.0,0.0,0.0,0.0,16.1,1.91,4.4,70,34,15400.0,0,0.112,0.0,55.0,0,0.0,1,0,0.0,-1,-1,-1,-1,0.0,0.0
2026-04-28T23:00,0.0,0.0,0.0,0.0,15.2,1.92,3.5,75,53,15400.0,0,0.112,0.0,45.0,0,0.0,2,0,0.0,-1,-1,-1,-1,0.0,0.0
2026-04-29T00:00,0.0,0.0,0.0,0.0,18.3,2.93,3.6,63,77,15420.0,1,0.112,0.0,105.0,0,0.0,2,0,0.0,-1,-1,-1,-1,0.0,0.0
2026-04-29T01:00,0.0,0.0,0.0,0.0,20.2,3.16,5.4,59,84,15420.0,1,0.112,0.0,160.0,0,0.0,3,0,0.0,-1,-1,-1,-1,0.0,0.0
2026-04-29T02:00,0.0,0.0,0.0,0.0,22.8,2.77,5.8,64,74,15420.0,1,0.112,0.0,275.0,0,0.0,2,0,0.0,-1,-1,-1,-1,0.0,0.0
2026-04-29T03:00,0.0,0.0,0.0,0.0,25.3,3.48,7.8,58,59,15420.0,1,0.112,0.0,1145.0,0,0.0,2,0,0.0,-1,-1,-1,-1,0.0,0.0
2026-04-29T04:00,0.0,0.0,0.0,0.0,26.8,3.24,8.0,70,28,15420.0,1,0.111,0.0,1995.0,0,0.0,1,0,0.0,-1,-1,-1,-1,0.0,0.0
2026-04-29T05:00,0.0,0.0,0.0,0.0,27.3,3.62,8.8,66,2,15420.0,1,0.111,0.0,2180.0,0,0.0,0,0,0.0,-1,-1,-1,-1,0.0,0.0
2026-04-29T06:00,0.0,0.0,0.0,0.0,28.1,2.1,8.7,87,5,15420.0,1,0.112,0.0,3130.0,0,0.0,0,0,0.0,-1,-1,-1,-1,0.0,0.0
2026-04-29T07:00,0.0,0.0,0.0,0.0,28.8,1.01,6.3,117,11,15420.0,1,0.111,0.0,3410.0,0,0.0,0,0,0.0,-1,-1,-1,-1,0.0,0.0
2026-04-29T08:00,0.0,0.0,0.0,0.0,29.3,0.89,5.1,254,29,15440.0,1,0.111,0.0,3590.0,0,0.0,1,0,0.0,-1,-1,-1,-1,0.0,0.0
2026-04-29T09:00,0.0,0.0,0.0,0.0,29.1,1.77,5.6,262,77,15440.0,1,0.111,0.0,3595.0,0,0.0,2,0,0.0,-1,-1,-1,-1,0.0,0.0
2026-04-29T10:00,0.0,0.0,0.0,0.0,28.7,1.97,5.7,277,98,15440.0,1,0.111,0.0,3600.0,0,0.0,3,0,0.0,-1,-1,-1,-1,0.0,0.0
2026-04-29T11:00,0.0,0.0,0.0,0.0,28.4,1.61,5.5,334,100,15440.0,1,0.111,0.0,3785.0,0,0.0,3,0,0.0,-1,-1,-1,-1,0.0,0.0
2026-04-29T12:00,0.0,0.0,0.0,0.0,26.8,5.21,7.1,12,100,15440.0,1,0.111,50.0,995.0,0,0.0,3,0,0.0,-1,-1,-1,-1,0.0,0.0
2026-04-29T13:00,0.0,0.0,0.0,0.0,25.4,3.58,10.1,36,98,15440.0,1,0.111,110.0,385.0,0,0.0,3,0,0.0,-1,-1,-1,-1,0.0,0.0
2026-04-29T14:00,0.0,0.0,0.0,0.0,24.2,9.55,17.4,45,35,15440.0,0,0.111,0.0,1440.0,0,0.0,1,0,0.0,-1,-1,-1,-1,0.0,0.0
2026-04-29T15:00,0.0,0.0,0.0,0.0,22.8,9.97,17.9,46,89,15440.0,0,0.111,0.0,1065.0,0,0.0,3,0,0.0,-1,-1,-1,-1,0.0,0.0
2026-04-29T16:00,0.0,0.0,0.0,0.0,22.0,10.25,19.1,40,0,15440.0,0,0.111,0.0,975.0,0,0.0,0,0,0.0,-1,-1,-1,-1,0.0,0.0
2026-04-29T17:00,0.0,0.0,0.0,0.0,21.3,9.7,18.9,42,0,15440.0,0,0.111,0.0,885.0,0,0.0,0,0,0.0,-1,-1,-1,-1,0.0,0.0
2026-04-29T18:00,0.0,0.0,0.0,0.0,20.5,7.53,17.9,45,0,15440.0,0,0.111,0.0,685.0,0,0.0,0,0,0.0,-1,-1,-1,-1,0.0,0.0
2026-04-29T19:00,0.0,0.0,0.0,0.0,19.6,7.07,13.9,45,0,15440.0,0,0.111,0.0,560.0,0,0.0,0,0,0.0,-1,-1,-1,-1,0.0,0.0
2026-04-29T20:00,0.0,0.0,0.0,0.0,18.7,6.65,12.8,45,0,15440.0,0,0.111,0.0,450.0,0,0.0,0,0,0.0,-1,-1,-1,-1,0.0,0.0
2026-04-29T21:00,0.0,0.0,0.0,0.0,17.6,5.39,11.9,37,18,15440.0,0,0.111,0.0,345.0,0,0.0,0,0,0.0,-1,-1,-1,-1,0.0,0.0
2026-04-29T22:00,0.0,0.0,0.0,0.0,16.6,4.61,9.5,32,13,15460.0,0,0.111,0.0,240.0,0,0.0,0,0,0.0,-1,-1,-1,-1,0.0,0.0
2026-04-29T23:00,0.0,0.0,0.0,0.0,15.9,3.22,8.1,24,14,15460.0,0,0.111,0.0,130.0,0,0.0,0,0,0.0,-1,-1,-1,-1,0.0,0.0
2026-04-30T00:00,0.0,0.0,0.0,0.0,17.1,4.7,6.3,52,4,15460.0,1,0.111,0.0,310.0,0,0.0,0,0,0.0,-1,-1,-1,-1,0.0,0.0
2026-04-30T01:00,0.0,0.0,0.0,0.0,19.4,5.08,9.1,62,0,15460.0,1,0.111,0.0,590.0,0,0.0,0,0,0.0,-1,-1,-1,-1,0.0,0.0
2026-04-30T02:00,0.0,0.0,0.0,0.0,20.7,5.01,9.7,109,0,15460.0,1,0.111,0.0,870.0,0,0.0,0,0,0.0,-1,-1,-1,-1,0.0,0.0
2026-04-30T03:00,0.0,0.0,0.0,0.0,20.9,4.02,9.8,161,0,15460.0,1,0.111,0.0,680.0,0,0.0,0,0,0.0,-1,-1,-1,-1,0.0,0.0
2026-04-30T04:00,0.0,0.0,0.0,0.0,22.6,2.6,8.2,183,0,15460.0,1,0.111,0.0,1285.0,0,0.0,0,0,0.0,-1,-1,-1,-1,0.0,0.0
2026-04-30T05:00,0.0,0.0,0.0,0.0,23.9,1.8,6.5,224,0,15460.0,1,0.111,0.0,1770.0,0,0.0,0,0,0.0,-1,-1,-1,-1,0.0,0.0
2026-04-30T06:00,0.0,0.0,0.0,0.0,25.0,2.95,7.5,273,0,15460.0,1,0.111,0.0,1850.0,0,0.0,0,0,0.0,-1,-1,-1,-1,0.0,0.0
2026-04-30T07:00,0.0,0.0,0.0,0.0,25.7,4.16,9.6,283,0,15460.0,1,0.111,0.0,1915.0,0,0.0,0,0,0.0,-1,-1,-1,-1,0.0,0.0
2026-04-30T08:00,0.0,0.0,0.0,0.0,26.3,3.83,9.7,277,4,15460.0,1,0.111,0.0,2220.0,0,0.0,0,0,0.0,-1,-1,-1,-1,0.0,0.0
2026-04-30T09:00,0.0,0.0,0.0,0.0,26.6,3.27,8.9,263,4,15460.0,1,0.111,0.0,2430.0,0,0.0,0,0,0.0,-1,-1,-1,-1,0.0,0.0
2026-04-30T10:00,0.0,0.0,0.0,0.0,26.5,2.87,7.8,257,4,15460.0,1,0.111,0.0,2545.0,0,0.0,0,0,0.0,-1,-1,-1,-1,0.0,0.0
2026-04-30T11:00,0.0,0.0,0.0,0.0,26.1,2.55,6.7,247,2,15460.0,1,0.111,0.0,2670.0,0,0.0,0,0,0.0,-1,-1,-1,-1,0.0,0.0
2026-04-30T12:00,0.0,0.0,0.0,0.0,25.7,3.16,5.6,209,14,15460.0,1,0.111,0.0,785.0,0,0.0,0,0,0.0,-1,-1,-1,-1,0.0,0.0
2026-04-30T13:00,0.0,0.0,0.0,0.0,22.7,1.62,5.3,189,0,15480.0,1,0.111,0.0,130.0,0,0.0,0,0,0.0,-1,-1,-1,-1,0.0,0.0
2026-04-30T14:00,0.0,0.0,0.0,0.0,21.2,2.46,3.9,175,1,15480.0,0,0.111,0.0,200.0,0,0.0,0,0,0.0,-1,-1,-1,-1,0.0,0.0
2026-04-30T15:00,0.0,0.0,0.0,0.0,19.8,2.25,3.9,143,55,15480.0,0,0.111,30.0,250.0,0,0.0,2,0,0.0,-1,-1,-1,-1,0.0,0.0
2026-04-30T16:00,0.0,0.0,0.0,0.0,19.5,5.59,10.7,135,100,15480.0,0,0.111,0.0,965.0,0,0.0,3,0,0.0,-1,-1,-1,-1,0.0,0.0
2026-04-30T17:00,0.0,0.0,0.0,0.0,17.8,0.9,9.7,3,4,15480.0,0,0.111,0.0,45.0,0,0.0,0,0,0.0,-1,-1,-1,-1,0.0,0.0
2026-04-30T18:00,0.0,0.0,0.0,0.0,15.4,1.12,3.7,350,0,15480.0,0,0.111,0.0,25.0,0,0.0,0,0,0.0,-1,-1,-1,-1,0.0,0.0
2026-04-30T19:00,0.0,0.0,0.0,0.0,15.3,0.63,2.2,288,0,15480.0,0,0.111,0.0,20.0,0,0.0,0,0,0.0,-1,-1,-1,-1,0.0,0.0
2026-04-30T20:00,0.0,0.0,0.0,0.0,15.0,0.2,0.9,180,0,15480.0,0,0.111,0.0,15.0,0,0.0,0,0,0.0,-1,-1,-1,-1,0.0,0.0
2026-04-30T21:00,0.0,0.0,0.0,0.0,13.3,0.61,1.0,55,0,15480.0,0,0.111,0.0,30.0,0,0.0,0,0,0.0,-1,-1,-1,-1,0.0,0.0
2026-04-30T22:00,0.0,0.0,0.0,0.0,11.7,1.57,2.6,63,0,15480.0,0,0.111,0.0,40.0,0,0.0,0,0,0.0,-1,-1,-1,-1,0.0,0.0
2026-04-30T23:00,0.0,0.0,0.0,0.0,10.8,1.6,3.0,51,0,15480.0,0,0.111,0.0,35.0,0,0.0,0,0,0.0,-1,-1,-1,-1,0.0,0.0
2026-05-01T00:00,0.0,0.0,0.0,0.0,11.7,1.31,2.8,40,0,15480.0,1,0.111,0.0,25.0,0,0.0,0,0,0.0,-1,-1,-1,-1,0.0,0.0
2026-05-01T01:00,0.0,0.0,0.0,0.0,14.8,1.68,3.4,23,0,15480.0,1,0.111,0.0,40.0,0,0.0,0,0,0.0,-1,-1,-1,-1,0.0,0.0
2026-05-01T02:00,0.0,0.0,0.0,0.0,17.8,1.68,4.5,37,0,15480.0,1,0.111,0.0,750.0,0,0.0,0,0,0.0,-1,-1,-1,-1,0.0,0.0
2026-05-01T03:00,0.0,0.0,0.0,0.0,19.3,1.94,5.7,46,0,15500.0,1,0.111,0.0,960.0,0,0.0,0,0,0.0,-1,-1,-1,-1,0.0,0.0
2026-05-01T04:00,0.0,0.0,0.0,0.0,20.7,1.5,5.8,53,0,15500.0,1,0.111,0.0,1395.0,0,0.0,0,0,0.0,-1,-1,-1,-1,0.0,0.0
2026-05-01T05:00,0.0,0.0,0.0,0.0,22.1,0.51,5.6,11,0,15500.0,1,0.111,0.0,1665.0,0,0.0,0,0,0.0,-1,-1,-1,-1,0.0,0.0
2026-05-01T06:00,0.0,0.0,0.0,0.0,23.1,1.78,5.7,281,0,15500.0,1,0.111,0.0,1890.0,0,0.0,0,0,0.0,-1,-1,-1,-1,0.0,0.0
2026-05-01T07:00,0.0,0.0,0.0,0.0,24.4,1.55,6.3,272,0,15520.0,1,0.111,0.0,2035.0,0,0.0,0,0,0.0,-1,-1,-1,-1,0.0,0.0
2026-05-01T08:00,0.0,0.0,0.0,0.0,25.1,1.69,5.9,258,0,15520.0,1,0.111,0.0,2165.0,0,0.0,0,0,0.0,-1,-1,-1,-1,0.0,0.0
2026-05-01T09:00,0.0,0.0,0.0,0.0,25.3,2.35,6.6,268,0,15520.0,1,0.111,0.0,2205.0,0,0.0,0,0,0.0,-1,-1,-1,-1,0.0,0.0
2026-05-01T10:00,0.0,0.0,0.0,0.0,25.0,3.08,7.3,283,0,15520.0,1,0.111,0.0,2205.0,0,0.0,0,0,0.0,-1,-1,-1,-1,0.0,0.0
2026-05-01T11:00,0.0,0.0,0.0,0.0,24.3,3.04,7.3,287,0,15520.0,1,0.111,0.0,2080.0,0,0.0,0,0,0.0,-1,-1,-1,-1,0.0,0.0
2026-05-01T12:00,0.0,0.0,0.0,0.0,23.5,2.33,6.6,285,0,15520.0,1,0.111,0.0,650.0,0,0.0,0,0,0.0,-1,-1,-1,-1,0.0,0.0
2026-05-01T13:00,0.0,0.0,0.0,0.0,20.5,1.72,4.4,343,0,15520.0,1,0.111,0.0,105.0,0,0.0,0,0,0.0,-1,-1,-1,-1,0.0,0.0
2026-05-01T14:00,0.0,0.0,0.0,0.0,18.1,1.52,3.3,17,0,15500.0,0,0.111,0.0,55.0,0,0.0,0,0,0.0,-1,-1,-1,-1,0.0,0.0
2026-05-01T15:00,0.0,0.0,0.0,0.0,17.3,0.78,2.6,50,0,15500.0,0,0.111,0.0,25.0,0,0.0,0,0,0.0,-1,-1,-1,-1,0.0,0.0
2026-05-01T16:00,0.0,0.0,0.0,0.0,16.8,0.72,1.3,65,0,15500.0,0,0.111,0.0,25.0,0,0.0,0,0,0.0,-1,-1,-1,-1,0.0,0.0
2026-05-01T17:00,0.0,0.0,0.0,0.0,16.3,0.47,1.2,58,0,15520.0,0,0.111,0.0,20.0,0,0.0,0,0,0.0,-1,-1,-1,-1,0.0,0.0
2026-05-01T18:00,0.0,0.0,0.0,0.0,16.2,0.78,1.1,50,1,15520.0,0,0.111,0.0,25.0,0,0.0,0,0,0.0,-1,-1,-1,-1,0.0,0.0
2026-05-01T19:00,0.0,0.0,0.0,0.0,15.8,0.22,1.3,63,8,15520.0,0,0.111,0.0,15.0,0,0.0,0,0,0.0,-1,-1,-1,-1,0.0,0.0
2026-05-01T20:00,0.0,0.0,0.0,0.0,14.0,0.96,1.2,129,9,15520.0,0,0.111,0.0,35.0,0,0.0,0,0,0.0,-1,-1,-1,-1,0.0,0.0
2026-05-01T21:00,0.0,0.0,0.0,0.0,12.4,1.45,2.1,90,2,15520.0,0,0.111,0.0,35.0,0,0.0,0,0,0.0,-1,-1,-1,-1,0.0,0.0
2026-05-01T22:00,0.0,0.0,0.0,0.0,11.6,1.61,2.5,64,16,15520.0,0,0.111,0.0,30.0,0,0.0,0,0,0.0,-1,-1,-1,-1,0.0,0.0
2026-05-01T23:00,0.0,0.0,0.0,0.0,10.8,1.5,2.4,94,52,15500.0,0,0.111,0.0,25.0,0,0.0,2,0,0.0,-1,-1,-1,-1,0.0,0.0
2026-05-02T00:00,0.0,0.0,0.0,0.0,11.5,1.75,3.0,87,32,15520.0,1,0.111,0.0,40.0,0,0.0,1,0,0.0,-1,-1,-1,-1,0.0,0.0
2026-05-02T01:00,0.0,0.0,0.0,0.0,15.0,2.4,4.1,89,21,15520.0,1,0.111,0.0,60.0,0,0.0,1,0,0.0,-1,-1,-1,-1,0.0,0.0
2026-05-02T02:00,0.0,0.0,0.0,0.0,19.0,1.54,4.5,77,4,15520.0,1,0.111,0.0,235.0,0,0.0,0,0,0.0,-1,-1,-1,-1,0.0,0.0
2026-05-02T03:00,0.0,0.0,0.0,0.0,21.6,2.2,5.9,60,16,15520.0,1,0.111,0.0,720.0,0,0.0,0,0,0.0,-1,-1,-1,-1,0.0,0.0
2026-05-02T04:00,0.0,0.0,0.0,0.0,23.2,1.75,6.1,66,12,15520.0,1,0.111,0.0,1605.0,0,0.0,0,0,0.0,-1,-1,-1,-1,0.0,0.0
2026-05-02T05:00,0.0,0.0,0.0,0.0,24.4,0.84,5.8,73,88,15520.0,1,0.111,0.0,1885.0,0,0.0,3,0,0.0,-1,-1,-1,-1,0.0,0.0
2026-05-02T06:00,0.0,0.0,0.0,0.0,25.0,0.66,4.9,261,98,15540.0,1,0.111,0.0,2080.0,0,0.0,3,0,0.0,-1,-1,-1,-1,0.0,0.0
2026-05-02T07:00,0.0,0.0,0.0,0.0,26.4,1.27,5.5,279,84,15540.0,1,0.111,0.0,2165.0,0,0.0,3,0,0.0,-1,-1,-1,-1,0.0,0.0
2026-05-02T08:00,0.0,0.0,0.0,0.0,27.0,1.76,6.0,277,100,15540.0,1,0.111,0.0,2220.0,0,0.0,3,0,0.0,-1,-1,-1,-1,0.0,0.0
2026-05-02T09:00,0.0,0.0,0.0,0.0,27.2,2.15,6.3,282,100,15540.0,1,0.111,0.0,2285.0,0,0.0,3,0,0.0,-1,-1,-1,-1,0.0,0.0
2026-05-02T10:00,0.0,0.0,0.0,0.0,27.1,2.28,6.4,285,100,15540.0,1,0.111,0.0,2285.0,0,0.0,3,0,0.0,-1,-1,-1,-1,0.0,0.0
2026-05-02T11:00,0.0,0.0,0.0,0.0,26.4,2.06,6.1,296,100,15540.0,1,0.111,0.0,2050.0,0,0.0,3,0,0.0,-1,-1,-1,-1,0.0,0.0
2026-05-02T12:00,0.0,0.0,0.0,0.0,25.5,1.16,5.2,353,100,15560.0,1,0.111,0.0,1215.0,0,0.0,3,0,0.0,-1,-1,-1,-1,0.0,0.0
2026-05-02T13:00,0.0,0.0,0.0,0.0,22.7,1.6,3.1,4,98,15560.0,1,0.111,0.0,90.0,0,0.0,3,0,0.0,-1,-1,-1,-1,0.0,0.0
2026-05-02T14:00,0.0,0.0,0.0,0.0,21.2,1.47,3.0,35,88,15560.0,0,0.111,0.0,65.0,0,0.0,3,0,0.0,-1,-1,-1,-1,0.0,0.0
2026-05-02T15:00,0.0,0.0,0.0,0.0,20.1,1.92,3.2,65,46,15540.0,0,0.111,0.0,100.0,0,0.0,1,0,0.0,-1,-1,-1,-1,0.0,0.0
2026-05-02T16:00,0.0,0.0,0.0,0.0,18.3,1.84,3.2,47,59,15540.0,0,0.111,0.0,50.0,0,0.0,2,0,0.0,-1,-1,-1,-1,0.0,0.0
2026-05-02T17:00,0.0,0.0,0.0,0.0,16.8,1.8,3.4,44,2,15540.0,0,0.111,0.0,35.0,0,0.0,0,0,0.0,-1,-1,-1,-1,0.0,0.0
2026-05-02T18:00,0.0,0.0,0.0,0.0,16.1,1.46,3.1,74,6,15540.0,0,0.111,0.0,30.0,0,0.0,0,0,0.0,-1,-1,-1,-1,0.0,0.0
2026-05-02T19:00,0.0,0.0,0.0,0.0,13.9,1.65,2.4,87,32,15540.0,0,0.111,0.0,35.0,0,0.0,1,0,0.0,-1,-1,-1,-1,0.0,0.0
2026-05-02T20:00,0.0,0.0,0.0,0.0,13.5,1.49,2.5,76,26,15540.0,0,0.111,0.0,35.0,0,0.0,1,0,0.0,-1,-1,-1,-1,0.0,0.0
2026-05-02T21:00,0.0,0.0,0.0,0.0,13.1,1.37,2.2,80,0,15540.0,0,0.111,0.0,30.0,0,0.0,0,0,0.0,-1,-1,-1,-1,0.0,0.0
2026-05-02T22:00,0.0,0.0,0.0,0.0,12.7,1.35,2.1,90,0,15540.0,0,0.111,0.0,30.0,0,0.0,0,0,0.0,-1,-1,-1,-1,0.0,0.0
2026-05-02T23:00,0.0,0.0,0.0,0.0,13.0,0.76,2.0,98,0,15540.0,0,0.111,0.0,25.0,0,0.0,0,0,0.0,-1,-1,-1,-1,0.0,0.0
2026-05-03T00:00,0.0,0.0,0.0,0.0,14.2,1.35,1.2,51,0,15540.0,1,0.111,0.0,35.0,0,0.0,0,0,0.0,-1,-1,-1,-1,0.0,0.0
2026-05-03T01:00,0.0,0.0,0.0,0.0,17.0,1.5,2.6,30,0,15560.0,1,0.111,0.0,35.0,0,0.0,0,0,0.0,-1,-1,-1,-1,0.0,0.0
2026-05-03T02:00,0.0,0.0,0.0,0.0,21.6,1.75,4.2,37,0,15560.0,1,0.111,0.0,295.0,0,0.0,0,0,0.0,-1,-1,-1,-1,0.0,0.0
2026-05-03T03:00,0.0,0.0,0.0,0.0,23.9,3.16,7.1,49,0,15560.0,1,0.111,0.0,935.0,0,0.0,0,0,0.0,-1,-1,-1,-1,0.0,0.0
2026-05-03T04:00,0.0,0.0,0.0,0.0,25.2,3.61,8.4,53,0,15560.0,1,0.111,0.0,1215.0,0,0.0,0,0,0.0,-1,-1,-1,-1,0.0,0.0
2026-05-03T05:00,0.0,0.0,0.0,0.0,26.6,3.13,8.5,51,17,15560.0,1,0.111,0.0,1655.0,0,0.0,0,0,0.0,-1,-1,-1,-1,0.0,0.0
2026-05-03T06:00,0.0,0.0,0.0,0.0,27.2,1.79,8.0,27,93,15580.0,1,0.111,0.0,1845.0,0,0.0,3,0,0.0,-1,-1,-1,-1,0.0,0.0
2026-05-03T07:00,0.0,0.0,0.0,0.0,28.2,1.67,6.3,9,96,15580.0,1,0.111,0.0,1915.0,0,0.0,3,0,0.0,-1,-1,-1,-1,0.0,0.0
2026-05-03T08:00,0.0,0.0,0.0,0.0,28.7,1.47,6.2,350,100,15580.0,1,0.111,0.0,2025.0,0,0.0,3,0,0.0,-1,-1,-1,-1,0.0,0.0
2026-05-03T09:00,0.0,0.0,0.0,0.0,28.9,1.6,5.8,328,100,15580.0,1,0.111,0.0,2110.0,0,0.0,3,0,0.0,-1,-1,-1,-1,0.0,0.0
2026-05-03T10:00,0.0,0.0,0.0,0.0,28.5,2.27,6.0,319,99,15580.0,1,0.111,0.0,2065.0,0,0.0,3,0,0.0,-1,-1,-1,-1,0.0,0.0
2026-05-03T11:00,0.0,0.0,0.0,0.0,28.0,2.44,6.1,316,92,15580.0,1,0.111,0.0,1790.0,0,0.0,3,0,0.0,-1,-1,-1,-1,0.0,0.0
2026-05-03T12:00,0.0,0.0,0.0,0.0,27.0,2.05,5.8,326,100,15580.0,1,0.111,0.0,330.0,0,0.0,3,0,0.0,-1,-1,-1,-1,0.0,0.0
2026-05-03T13:00,0.0,0.0,0.0,0.0,24.0,1.36,4.0,352,100,15580.0,1,0.111,0.0,85.0,0,0.0,3,0,0.0,-1,-1,-1,-1,0.0,0.0
2026-05-03T14:00,0.0,0.0,0.0,0.0,23.1,0.92,2.1,22,100,15580.0,0,0.111,0.0,35.0,0,0.0,3,0,0.0,-1,-1,-1,-1,0.0,0.0
2026-05-03T15:00,0.0,0.0,0.0,0.0,21.7,1.56,2.3,48,100,15580.0,0,0.111,0.0,55.0,0,0.0,3,0,0.0,-1,-1,-1,-1,0.0,0.0
2026-05-03T16:00,0.0,0.0,0.0,0.0,20.3,1.43,2.4,54,99,15580.0,0,0.111,0.0,35.0,0,0.0,3,0,0.0,-1,-1,-1,-1,0.0,0.0
2026-05-03T17:00,0.0,0.0,0.0,0.0,19.5,1.04,2.3,17,100,15580.0,0,0.111,0.0,25.0,0,0.0,3,0,0.0,-1,-1,-1,-1,0.0,0.0
2026-05-03T18:00,0.0,0.0,0.0,0.0,19.5,0.54,1.7,326,100,15580.0,0,0.111,0.0,20.0,0,0.0,3,0,0.0,-1,-1,-1,-1,0.0,0.0
2026-05-03T19:00,0.0,0.0,0.0,0.0,18.6,0.11,1.0,27,100,15580.0,0,0.111,0.0,10.0,0,0.0,3,0,0.0,-1,-1,-1,-1,0.0,0.0
2026-05-03T20:00,0.0,0.0,0.0,0.0,17.9,0.3,0.7,81,100,15580.0,0,0.111,0.0,20.0,0,0.0,3,0,0.0,-1,-1,-1,-1,0.0,0.0
2026-05-03T21:00,0.0,0.0,0.0,0.0,17.5,0.55,1.0,95,100,15580.0,0,0.111,0.0,20.0,0,0.0,3,0,0.0,-1,-1,-1,-1,0.0,0.0
2026-05-03T22:00,0.0,0.0,0.0,0.0,16.7,0.52,1.0,107,100,15580.0,0,0.111,0.0,20.0,0,0.0,3,0,0.0,-1,-1,-1,-1,0.0,0.0
2026-05-03T23:00,0.0,0.0,0.0,0.0,16.5,0.47,0.9,108,100,15580.0,0,0.111,0.0,25.0,0,0.0,3,0,0.0,-1,-1,-1,-1,0.0,0.0
2026-05-04T00:00,0.0,0.0,0.0,0.0,16.7,1.82,1.0,53,100,15580.0,1,0.111,0.0,55.0,0,0.0,3,0,0.0,-1,-1,-1,-1,0.0,0.0
2026-05-04T01:00,0.0,0.0,0.0,0.0,18.6,1.86,3.3,59,100,15580.0,1,0.111,0.0,65.0,0,0.0,3,0,0.0,-1,-1,-1,-1,0.0,0.0
2026-05-04T02:00,0.0,0.0,0.0,0.0,21.8,2.36,4.7,58,100,15600.0,1,0.111,0.0,150.0,0,0.0,3,0,0.0,-1,-1,-1,-1,0.0,0.0
2026-05-04T03:00,0.0,0.0,0.0,0.0,24.3,1.58,4.6,55,100,15600.0,1,0.111,0.0,280.0,0,0.0,3,0,0.0,-1,-1,-1,-1,0.0,0.0
2026-05-04T04:00,0.0,0.0,0.0,0.0,27.0,1.85,5.5,19,100,15600.0,1,0.111,0.0,665.0,0,0.0,3,0,0.0,-1,-1,-1,-1,0.0,0.0
2026-05-04T05:00,0.0,0.0,0.0,0.0,28.5,1.86,6.1,6,100,15600.0,1,0.111,0.0,1450.0,0,0.0,3,0,0.0,-1,-1,-1,-1,0.0,0.0
2026-05-04T06:00,0.0,0.0,0.0,0.0,29.4,1.43,5.9,331,100,15620.0,1,0.111,0.0,2510.0,0,0.0,3,0,0.0,-1,-1,-1,-1,0.0,0.0
2026-05-04T07:00,0.0,0.0,0.0,0.0,30.3,2.23,6.5,314,100,15620.0,1,0.111,0.0,2755.0,0,0.0,3,0,0.0,-1,-1,-1,-1,0.0,0.0
2026-05-04T08:00,0.0,0.0,0.0,0.0,30.1,2.79,7.1,306,100,15620.0,1,0.111,0.0,2690.0,0,0.0,3,0,0.0,-1,-1,-1,-1,0.0,0.0
2026-05-04T09:00,0.0,0.0,0.0,0.0,29.5,3.24,7.1,290,100,15620.0,1,0.11,0.0,2520.0,0,0.0,3,0,0.0,-1,-1,-1,-1,0.0,0.0
2026-05-04T10:00,0.0,0.0,0.0,0.0,28.9,3.34,7.1,283,100,15620.0,1,0.11,0.0,2085.0,0,0.0,3,0,0.0,-1,-1,-1,-1,0.0,0.0
2026-05-04T11:00,0.0,0.0,0.0,0.0,28.5,3.05,6.6,300,100,15620.0,1,0.11,0.0,1720.0,0,0.0,3,0,0.0,-1,-1,-1,-1,0.0,0.0
2026-05-04T12:00,0.0,0.0,0.0,0.0,28.0,1.96,5.9,274,100,15620.0,1,0.11,0.0,940.0,0,0.0,3,0,0.0,-1,-1,-1,-1,0.0,0.0
2026-05-04T13:00,0.0,0.0,0.0,0.0,24.8,1.27,3.6,261,100,15620.0,1,0.11,0.0,100.0,0,0.0,3,0,0.0,-1,-1,-1,-1,0.0,0.0
2026-05-04T14:00,0.0,0.0,0.0,0.0,23.3,1.1,1.7,204,100,15620.0,0,0.11,0.0,50.0,0,0.0,3,0,0.0,-1,-1,-1,-1,0.0,0.0
2026-05-04T15:00,0.0,0.0,0.0,0.0,22.3,0.8,1.4,184,100,15620.0,0,0.11,0.0,30.0,0,0.0,3,0,0.0,-1,-1,-1,-1,0.0,0.0
2026-05-04T16:00,0.0,0.0,0.0,0.0,21.5,0.3,0.9,9,95,15620.0,0,0.11,0.0,20.0,0,0.0,3,0,0.0,-1,-1,-1,-1,0.0,0.0
2026-05-04T17:00,0.0,0.0,0.0,0.0,20.8,0.53,1.2,41,65,15620.0,0,0.11,0.0,35.0,0,0.0,2,0,0.0,-1,-1,-1,-1,0.0,0.0
2026-05-04T18:00,0.0,0.0,0.0,0.0,20.2,0.57,1.0,105,98,15620.0,0,0.11,0.0,25.0,0,0.0,3,0,0.0,-1,-1,-1,-1,0.0,0.0
2026-05-04T19:00,0.0,0.0,0.0,0.0,19.4,0.22,1.0,117,99,15620.0,0,0.11,0.0,15.0,0,0.0,3,0,0.0,-1,-1,-1,-1,0.0,0.0
2026-05-04T20:00,0.0,0.0,0.0,0.0,17.6,0.82,1.2,128,38,15620.0,0,0.11,0.0,25.0,0,0.0,1,0,0.0,-1,-1,-1,-1,0.0,0.0
2026-05-04T21:00,0.0,0.0,0.0,0.0,15.7,1.11,1.7,98,12,15600.0,0,0.11,0.0,25.0,0,0.0,0,0,0.0,-1,-1,-1,-1,0.0,0.0
2026-05-04T22:00,0.0,0.0,0.0,0.0,14.9,1.26,1.8,72,13,15600.0,0,0.11,0.0,30.0,0,0.0,0,0,0.0,-1,-1,-1,-1,0.0,0.0
2026-05-04T23:00,0.0,0.0,0.0,0.0,14.4,1.14,1.9,52,27,15620.0,0,0.111,0.0,30.0,0,0.0,1,0,0.0,-1,-1,-1,-1,0.0,0.0
2026-05-05T00:00,0.0,0.0,0.0,0.0,16.4,1.59,1.7,46,98,15620.0,1,0.111,0.0,30.0,0,0.0,3,0,0.0,-1,-1,-1,-1,0.0,0.0
2026-05-05T01:00,0.0,0.0,0.0,0.0,19.1,1.52,2.2,67,100,15620.0,1,0.111,0.0,50.0,0,0.0,3,0,0.0,-1,-1,-1,-1,0.0,0.0
2026-05-05T02:00,0.0,0.0,0.0,0.0,23.0,1.77,4.5,65,100,15620.0,1,0.111,0.0,195.0,0,0.0,3,0,0.0,-1,-1,-1,-1,0.0,0.0
2026-05-05T03:00,0.0,0.0,0.0,0.0,25.9,4.35,8.4,89,100,15620.0,1,0.111,30.0,985.0,0,0.0,3,0,0.0,-1,-1,-1,-1,0.0,0.0
2026-05-05T04:00,0.0,0.0,0.0,0.0,26.6,5.52,12.1,95,22,15620.0,1,0.11,20.0,2440.0,0,0.0,1,0,0.0,-1,-1,-1,-1,0.0,0.0
2026-05-05T05:00,0.0,0.0,0.0,0.0,27.9,2.25,11.0,87,66,15620.0,1,0.11,0.0,2630.0,0,0.0,2,0,0.0,-1,-1,-1,-1,0.0,0.0
2026-05-05T06:00,0.0,0.0,0.0,0.0,28.1,1.77,6.6,158,100,15640.0,1,0.11,0.0,2840.0,0,0.0,3,0,0.0,-1,-1,-1,-1,0.0,0.0
2026-05-05T07:00,0.0,0.0,0.0,0.0,28.9,0.9,5.5,146,82,15640.0,1,0.11,0.0,3530.0,0,0.0,3,0,0.0,-1,-1,-1,-1,0.0,0.0
2026-05-05T08:00,0.0,0.0,0.0,0.0,29.9,0.7,4.8,360,100,15640.0,1,0.11,0.0,4175.0,0,0.0,3,0,0.0,-1,-1,-1,-1,0.0,0.0
2026-05-05T09:00,0.0,0.0,0.0,0.0,30.0,1.39,5.4,15,100,15640.0,1,0.11,0.0,4410.0,0,0.0,3,0,0.0,-1,-1,-1,-1,0.0,0.0
2026-05-05T10:00,0.0,0.0,0.0,0.0,26.9,6.8,12.5,42,100,15620.0,1,0.11,160.0,965.0,0,0.0,3,0,0.0,-1,-1,-1,-1,0.0,0.0
2026-05-05T11:00,0.0,0.0,0.0,0.0,25.1,8.7,17.5,21,8,15620.0,1,0.11,70.0,645.0,0,0.0,0,0,0.0,-1,-1,-1,-1,0.0,0.0
2026-05-05T12:00,0.0,0.0,0.0,0.0,25.4,3.79,16.0,49,92,15640.0,1,0.11,50.0,720.0,0,0.0,3,0,0.0,-1,-1,-1,-1,0.0,0.0
2026-05-05T13:00,0.0,0.0,0.0,0.0,23.3,6.46,12.6,62,74,10180.0,1,0.11,10.0,1220.0,0,0.0,2,0,0.0,-1,-1,-1,-1,0.0,0.0
2026-05-05T14:00,0.1,0.0,0.0,0.0,21.7,6.36,12.0,50,96,8600.0,0,0.111,30.0,765.0,0,0.0,51,0,0.1,-1,-1,-1,-1,0.0,0.0
2026-05-05T15:00,0.1,1.0,0.0,0.0,20.4,6.58,12.5,46,80,15620.0,0,0.112,0.0,515.0,0,0.0,51,0,0.0,-1,-1,-1,-1,0.0,0.0
2026-05-05T16:00,0.0,0.0,0.0,0.0,20.1,8.78,16.0,47,33,15620.0,0,0.112,110.0,920.0,0,0.0,1,0,0.0,-1,-1,-1,-1,0.0,0.0
2026-05-05T17:00,0.0,0.0,0.0,0.0,20.6,8.64,16.4,48,21,15620.0,0,0.112,10.0,1080.0,0,0.0,1,0,0.0,-1,-1,-1,-1,0.0,0.0
2026-05-05T18:00,0.0,0.0,0.0,0.0,20.7,8.21,16.1,47,31,15640.0,0,0.112,0.0,1140.0,0,0.0,1,0,0.0,-1,-1,-1,-1,0.0,0.0
2026-05-05T19:00,0.0,0.0,0.0,0.0,20.2,7.81,14.9,46,34,15640.0,0,0.112,0.0,950.0,0,0.0,1,0,0.0,-1,-1,-1,-1,0.0,0.0
2026-05-05T20:00,0.0,0.0,0.0,0.0,19.5,7.36,14.4,48,2,15660.0,0,0.112,0.0,810.0,0,0.0,0,0,0.0,-1,-1,-1,-1,0.0,0.0
2026-05-05T21:00,0.0,0.0,0.0,0.0,19.1,6.52,13.4,52,0,15660.0,0,0.112,0.0,645.0,0,0.0,0,0,0.0,-1,-1,-1,-1,0.0,0.0
2026-05-05T22:00,0.0,0.0,0.0,0.0,18.5,5.19,11.9,54,0,15660.0,0,0.112,0.0,450.0,0,0.0,0,0,0.0,-1,-1,-1,-1,0.0,0.0
2026-05-05T23:00,0.0,0.0,0.0,0.0,16.9,3.83,9.4,57,0,15660.0,0,0.112,0.0,270.0,0,0.0,0,0,0.0,-1,-1,-1,-1,0.0,0.0
2026-05-06T00:00,0.0,0.0,0.0,0.0,17.6,3.82,7.5,53,0,15640.0,1,0.111,0.0,235.0,0,0.0,0,0,0.0,-1,-1,-1,-1,0.0,0.0
2026-05-06T01:00,0.0,0.0,0.0,0.0,19.7,4.08,7.6,57,0,15660.0,1,0.111,0.0,370.0,0,0.0,0,0,0.0,-1,-1,-1,-1,0.0,0.0
2026-05-06T02:00,0.0,0.0,0.0,0.0,21.6,5.05,9.9,64,0,15660.0,1,0.111,0.0,640.0,0,0.0,0,0,0.0,-1,-1,-1,-1,0.0,0.0
2026-05-06T03:00,0.0,0.0,0.0,0.0,23.2,5.1,10.5,69,0,15660.0,1,0.111,0.0,760.0,0,0.0,0,0,0.0,-1,-1,-1,-1,0.0,0.0
2026-05-06T04:00,0.0,0.0,0.0,0.0,24.7,4.52,10.5,70,0,15660.0,1,0.111,0.0,1580.0,0,0.0,0,0,0.0,-1,-1,-1,-1,0.0,0.0
2026-05-06T05:00,0.0,0.0,0.0,0.0,25.8,4.22,9.9,76,0,15660.0,1,0.111,0.0,2260.0,0,0.0,0,0,0.0,-1,-1,-1,-1,0.0,0.0
2026-05-06T06:00,0.0,0.0,0.0,0.0,26.4,3.4,9.6,87,0,15680.0,1,0.111,0.0,2490.0,0,0.0,0,0,0.0,-1,-1,-1,-1,0.0,0.0
2026-05-06T07:00,0.0,0.0,0.0,0.0,27.1,2.89,8.4,76,0,15680.0,1,0.111,0.0,2650.0,0,0.0,0,0,0.0,-1,-1,-1,-1,0.0,0.0
2026-05-06T08:00,0.0,0.0,0.0,0.0,27.7,2.0,7.8,68,0,15680.0,1,0.111,0.0,2605.0,0,0.0,0,0,0.0,-1,-1,-1,-1,0.0,0.0
2026-05-06T09:00,0.0,0.0,0.0,0.0,27.9,1.23,6.4,63,0,15680.0,1,0.111,0.0,2565.0,0,0.0,0,0,0.0,-1,-1,-1,-1,0.0,0.0
2026-05-06T10:00,0.0,0.0,0.0,0.0,27.7,0.92,5.2,45,0,15680.0,1,0.111,0.0,2400.0,0,0.0,0,0,0.0,-1,-1,-1,-1,0.0,0.0
2026-05-06T11:00,0.0,0.0,0.0,0.0,27.3,1.14,4.3,29,0,15680.0,1,0.111,0.0,2160.0,0,0.0,0,0,0.0,-1,-1,-1,-1,0.0,0.0
2026-05-06T12:00,0.0,0.0,0.0,0.0,26.6,2.23,4.1,344,0,15680.0,1,0.111,0.0,425.0,0,0.0,0,0,0.0,-1,-1,-1,-1,0.0,0.0
2026-05-06T13:00,0.0,0.0,0.0,0.0,23.7,2.06,4.6,356,0,15680.0,1,0.111,0.0,170.0,0,0.0,0,0,0.0,-1,-1,-1,-1,0.0,0.0
2026-05-06T14:00,0.0,0.0,0.0,0.0,21.8,2.16,3.9,42,0,15700.0,0,0.111,0.0,115.0,0,0.0,0,0,0.0,-1,-1,-1,-1,0.0,0.0
2026-05-06T15:00,0.0,0.0,0.0,0.0,20.7,2.14,4.0,57,0,15680.0,0,0.111,0.0,60.0,0,0.0,0,0,0.0,-1,-1,-1,-1,0.0,0.0
2026-05-06T16:00,0.0,0.0,0.0,0.0,18.7,1.84,3.9,57,0,15680.0,0,0.111,0.0,40.0,0,0.0,0,0,0.0,-1,-1,-1,-1,0.0,0.0
2026-05-06T17:00,0.0,0.0,0.0,0.0,17.8,1.89,3.4,53,0,15680.0,0,0.111,0.0,45.0,0,0.0,0,0,0.0,-1,-1,-1,-1,0.0,0.0
2026-05-06T18:00,0.0,0.0,0.0,0.0,17.4,1.82,3.3,74,0,15680.0,0,0.111,0.0,45.0,0,0.0,0,0,0.0,-1,-1,-1,-1,0.0,0.0
2026-05-06T19:00,0.0,0.0,0.0,0.0,17.0,0.61,2.5,81,0,15680.0,0,0.111,0.0,40.0,0,0.0,0,0,0.0,-1,-1,-1,-1,0.0,0.0
2026-05-06T20:00,0.0,0.0,0.0,0.0,16.8,0.62,1.1,76,0,15680.0,0,0.111,0.0,45.0,0,0.0,0,0,0.0,-1,-1,-1,-1,0.0,0.0
2026-05-06T21:00,0.0,0.0,0.0,0.0,15.4,1.6,2.4,90,0,15680.0,0,0.111,0.0,55.0,0,0.0,0,0,0.0,-1,-1,-1,-1,0.0,0.0
2026-05-06T22:00,0.0,0.0,0.0,0.0,14.7,2.01,3.7,109,0,15680.0,0,0.111,0.0,55.0,0,0.0,0,0,0.0,-1,-1,-1,-1,0.0,0.0
2026-05-06T23:00,0.0,0.0,0.0,0.0,13.5,0.92,3.5,103,0,15680.0,0,0.111,0.0,35.0,0,0.0,0,0,0.0,-1,-1,-1,-1,0.0,0.0
2026-05-07T00:00,0.0,0.0,0.0,0.0,14.3,1.28,3.3,111,0,15660.0,1,0.111,0.0,35.0,0,0.0,0,0,0.0,-1,-1,-1,-1,0.0,0.0
2026-05-07T01:00,0.0,0.0,0.0,0.0,16.5,2.08,4.1,100,0,15680.0,1,0.111,0.0,55.0,0,0.0,0,0,0.0,-1,-1,-1,-1,0.0,0.0
2026-05-07T02:00,0.0,0.0,0.0,0.0,20.0,0.74,4.1,118,0,15700.0,1,0.111,0.0,85.0,0,0.0,0,0,0.0,-1,-1,-1,-1,0.0,0.0
2026-05-07T03:00,0.0,0.0,0.0,0.0,23.1,0.54,3.5,202,0,15700.0,1,0.111,0.0,340.0,0,0.0,0,0,0.0,-1,-1,-1,-1,0.0,0.0
2026-05-07T04:00,0.0,0.0,0.0,0.0,25.7,0.89,4.3,218,0,15700.0,1,0.111,0.0,800.0,0,0.0,0,0,0.0,-1,-1,-1,-1,0.0,0.0
2026-05-07T05:00,0.0,0.0,0.0,0.0,27.9,2.77,7.0,257,0,15720.0,1,0.111,0.0,2325.0,0,0.0,0,0,0.0,-1,-1,-1,-1,0.0,0.0
2026-05-07T06:00,0.0,0.0,0.0,0.0,29.2,5.61,10.5,267,0,15720.0,1,0.111,0.0,2500.0,0,0.0,0,0,0.0,-1,-1,-1,-1,0.0,0.0
2026-05-07T07:00,0.0,0.0,0.0,0.0,29.7,6.33,12.9,265,0,15720.0,1,0.111,0.0,2505.0,0,0.0,0,0,0.0,-1,-1,-1,-1,0.0,0.0
2026-05-07T08:00,0.0,0.0,0.0,0.0,30.2,6.65,13.4,271,0,15720.0,1,0.111,0.0,2655.0,0,0.0,0,0,0.0,-1,-1,-1,-1,0.0,0.0
2026-05-07T09:00,0.0,0.0,0.0,0.0,30.6,6.61,13.5,273,0,15720.0,1,0.111,0.0,2835.0,0,0.0,0,0,0.0,-1,-1,-1,-1,0.0,0.0
2026-05-07T10:00,0.0,0.0,0.0,0.0,30.4,6.84,13.3,276,2,15720.0,1,0.111,0.0,2895.0,0,0.0,0,0,0.0,-1,-1,-1,-1,0.0,0.0
2026-05-07T11:00,0.0,0.0,0.0,0.0,29.4,6.61,13.2,283,1,15720.0,1,0.111,0.0,2130.0,0,0.0,0,0,0.0,-1,-1,-1,-1,0.0,0.0
2026-05-07T12:00,0.0,0.0,0.0,0.0,28.7,5.68,12.4,288,9,15720.0,1,0.111,0.0,1220.0,0,0.0,0,0,0.0,-1,-1,-1,-1,0.0,0.0
2026-05-07T13:00,0.0,0.0,0.0,0.0,27.0,4.49,10.2,282,30,15720.0,1,0.111,0.0,665.0,0,0.0,1,0,0.0,-1,-1,-1,-1,0.0,0.0
2026-05-07T14:00,0.0,0.0,0.0,0.0,24.8,3.23,8.0,262,16,15720.0,0,0.111,0.0,340.0,0,0.0,0,0,0.0,-1,-1,-1,-1,0.0,0.0
2026-05-07T15:00,0.0,0.0,0.0,0.0,21.7,2.2,5.4,258,1,15720.0,0,0.111,0.0,160.0,0,0.0,0,0,0.0,-1,-1,-1,-1,0.0,0.0
2026-05-07T16:00,0.0,0.0,0.0,0.0,21.0,1.7,3.2,267,2,15720.0,0,0.111,0.0,150.0,0,0.0,0,0,0.0,-1,-1,-1,-1,0.0,0.0
2026-05-07T17:00,0.0,0.0,0.0,0.0,20.1,1.35,2.4,222,0,15720.0,0,0.111,0.0,75.0,0,0.0,0,0,0.0,-1,-1,-1,-1,0.0,0.0
2026-05-07T18:00,0.0,0.0,0.0,0.0,18.7,1.98,2.0,214,0,15720.0,0,0.111,0.0,85.0,0,0.0,0,0,0.0,-1,-1,-1,-1,0.0,0.0
2026-05-07T19:00,0.0,0.0,0.0,0.0,18.4,0.59,2.6,200,0,15720.0,0,0.111,0.0,45.0,0,0.0,0,0,0.0,-1,-1,-1,-1,0.0,0.0
2026-05-07T20:00,0.0,0.0,0.0,0.0,18.3,0.05,0.9,90,0,15720.0,0,0.111,0.0,10.0,0,0.0,0,0,0.0,-1,-1,-1,-1,0.0,0.0
2026-05-07T21:00,0.0,0.0,0.0,0.0,17.4,0.22,0.5,117,0,15720.0,0,0.111,0.0,20.0,0,0.0,0,0,0.0,-1,-1,-1,-1,0.0,0.0
2026-05-07T22:00,0.0,0.0,0.0,0.0,15.7,1.11,1.4,144,0,15720.0,0,0.111,0.0,35.0,0,0.0,0,0,0.0,-1,-1,-1,-1,0.0,0.0
2026-05-07T23:00,0.0,0.0,0.0,0.0,14.0,1.16,1.8,115,0,15720.0,0,0.111,0.0,30.0,0,0.0,0,0,0.0,-1,-1,-1,-1,0.0,0.0
2026-05-08T00:00,0.0,0.0,0.0,0.0,14.6,0.93,2.6,144,0,15720.0,1,0.111,0.0,25.0,0,0.0,0,0,0.0,-1,-1,-1,-1,0.0,0.0
2026-05-08T01:00,0.0,0.0,0.0,0.0,17.1,1.78,3.6,100,0,15720.0,1,0.111,0.0,55.0,0,0.0,0,0,0.0,-1,-1,-1,-1,0.0,0.0
2026-05-08T02:00,0.0,0.0,0.0,0.0,20.4,1.11,4.0,126,0,15720.0,1,0.111,0.0,170.0,0,0.0,0,0,0.0,-1,-1,-1,-1,0.0,0.0
2026-05-08T03:00,0.0,0.0,0.0,0.0,23.5,0.55,3.8,175,0,15740.0,1,0.111,0.0,410.0,0,0.0,0,0,0.0,-1,-1,-1,-1,0.0,0.0
2026-05-08T04:00,0.0,0.0,0.0,0.0,26.2,1.6,5.2,238,14,15740.0,1,0.111,0.0,675.0,0,0.0,0,0,0.0,-1,-1,-1,-1,0.0,0.0
2026-05-08T05:00,0.0,0.0,0.0,0.0,28.8,2.8,7.1,251,41,15740.0,1,0.111,0.0,1145.0,0,0.0,1,0,0.0,-1,-1,-1,-1,0.0,0.0
2026-05-08T06:00,0.0,0.0,0.0,0.0,30.8,5.02,9.5,260,47,15740.0,1,0.111,0.0,2850.0,0,0.0,1,0,0.0,-1,-1,-1,-1,0.0,0.0
2026-05-08T07:00,0.0,0.0,0.0,0.0,31.8,5.95,12.1,263,53,15760.0,1,0.111,0.0,3390.0,1,0.0,2,0,0.0,-1,-1,-1,-1,0.0,0.0
2026-05-08T08:00,0.0,0.0,0.0,0.0,32.3,6.39,12.9,263,44,15760.0,1,0.111,0.0,3590.0,1,0.0,1,0,0.0,-1,-1,-1,-1,0.0,0.0
2026-05-08T09:00,0.0,0.0,0.0,0.0,32.5,6.0,12.8,269,40,15760.0,1,0.111,0.0,3730.0,1,0.0,1,0,0.0,-1,-1,-1,-1,0.0,0.0
2026-05-08T10:00,0.0,0.0,0.0,0.0,32.4,5.87,12.0,282,27,15760.0,1,0.111,0.0,3875.0,1,0.0,1,0,0.0,-1,-1,-1,-1,0.0,0.0
2026-05-08T11:00,0.0,0.0,0.0,0.0,31.9,5.92,11.6,300,36,15760.0,1,0.111,0.0,3955.0,1,0.0,1,0,0.0,-1,-1,-1,-1,0.0,0.0
2026-05-08T12:00,0.0,0.0,0.0,0.0,30.6,4.78,11.5,323,70,15760.0,1,0.111,0.0,790.0,0,0.0,2,0,0.0,-1,-1,-1,-1,0.0,0.0
2026-05-08T13:00,0.0,0.0,0.0,0.0,27.2,1.41,8.8,297,34,15760.0,1,0.111,0.0,215.0,0,0.0,1,0,0.0,-1,-1,-1,-1,0.0,0.0
2026-05-08T14:00,0.0,0.0,0.0,0.0,24.9,1.2,1.9,185,10,15760.0,0,0.111,0.0,45.0,1,0.0,0,0,0.0,-1,-1,-1,-1,0.0,0.0
2026-05-08T15:00,0.0,0.0,0.0,0.0,23.9,0.86,1.8,170,5,15760.0,0,0.111,0.0,35.0,1,0.0,0,0,0.0,-1,-1,-1,-1,0.0,0.0
2026-05-08T16:00,0.0,0.0,0.0,0.0,22.7,0.69,1.0,150,3,15740.0,0,0.111,0.0,35.0,1,0.0,0,0,0.0,-1,-1,-1,-1,0.0,0.0
2026-05-08T17:00,0.0,0.0,0.0,0.0,21.6,0.78,1.4,135,0,15760.0,0,0.111,0.0,40.0,1,0.0,0,0,0.0,-1,-1,-1,-1,0.0,0.0
2026-05-08T18:00,0.0,0.0,0.0,0.0,20.2,1.2,1.7,92,0,15760.0,0,0.111,0.0,35.0,0,0.0,0,0,0.0,-1,-1,-1,-1,0.0,0.0
2026-05-08T19:00,0.0,0.0,0.0,0.0,19.3,2.07,3.5,110,0,15760.0,0,0.111,0.0,45.0,1,0.0,0,0,0.0,-1,-1,-1,-1,0.0,0.0
2026-05-08T20:00,0.0,0.0,0.0,0.0,18.7,1.69,3.5,109,0,15760.0,0,0.111,0.0,50.0,1,0.0,0,0,0.0,-1,-1,-1,-1,0.0,0.0
2026-05-08T21:00,0.0,0.0,0.0,0.0,18.6,1.53,2.3,109,0,15760.0,0,0.111,0.0,50.0,1,0.0,0,0,0.0,-1,-1,-1,-1,0.0,0.0
2026-05-08T22:00,0.0,0.0,0.0,0.0,18.1,1.11,2.1,98,0,15740.0,0,0.111,0.0,50.0,1,0.0,0,0,0.0,-1,-1,-1,-1,0.0,0.0
2026-05-08T23:00,0.0,0.0,0.0,0.0,17.8,0.81,1.6,97,0,15740.0,0,0.111,0.0,40.0,1,0.0,0,0,0.0,-1,-1,-1,-1,0.0,0.0
2026-05-09T00:00,0.0,0.0,0.0,0.0,18.1,0.65,1.2,148,0,15760.0,1,0.111,0.0,30.0,1,0.0,0,0,0.0,-1,-1,-1,-1,0.0,0.0
2026-05-09T01:00,0.0,0.0,0.0,0.0,21.4,0.64,1.0,39,0,15760.0,1,0.111,0.0,60.0,1,0.0,0,0,0.0,-1,-1,-1,-1,0.0,0.0
2026-05-09T02:00,0.0,0.0,0.0,0.0,24.6,0.67,3.0,77,0,15760.0,1,0.111,0.0,170.0,1,0.0,0,0,0.0,-1,-1,-1,-1,0.0,0.0
2026-05-09T03:00,0.0,0.0,0.0,0.0,28.0,1.12,4.3,80,0,15760.0,1,0.111,0.0,505.0,1,0.0,0,0,0.0,-1,-1,-1,-1,0.0,0.0
2026-05-09T04:00,0.0,0.0,0.0,0.0,30.6,1.35,5.1,86,0,15760.0,1,0.111,0.0,995.0,1,0.0,0,0,0.0,-1,-1,-1,-1,0.0,0.0
2026-05-09T05:00,0.0,0.0,0.0,0.0,32.1,1.17,5.2,133,0,15760.0,1,0.111,0.0,2535.0,1,0.0,0,0,0.0,-1,-1,-1,-1,0.0,0.0
2026-05-09T06:00,0.0,0.0,0.0,0.0,32.6,2.05,5.6,180,2,15780.0,1,0.111,0.0,3085.0,1,0.0,0,0,0.0,-1,-1,-1,-1,0.0,0.0
2026-05-09T07:00,0.0,0.0,0.0,0.0,33.7,2.97,7.5,225,2,15780.0,1,0.111,0.0,3565.0,1,0.0,0,0,0.0,-1,-1,-1,-1,0.0,0.0
2026-05-09T08:00,0.0,0.0,0.0,0.0,34.3,4.21,9.2,246,1,15780.0,1,0.11,0.0,4015.0,1,0.0,0,0,0.0,-1,-1,-1,-1,0.0,0.0
2026-05-09T09:00,0.0,0.0,0.0,0.0,34.0,5.35,11.1,259,1,15780.0,1,0.11,0.0,3745.0,1,0.0,0,0,0.0,-1,-1,-1,-1,0.0,0.0
2026-05-09T10:00,0.0,0.0,0.0,0.0,34.0,5.37,11.0,265,0,15780.0,1,0.11,0.0,3715.0,1,0.0,0,0,0.0,-1,-1,-1,-1,0.0,0.0
2026-05-09T11:00,0.0,0.0,0.0,0.0,33.3,5.68,10.9,276,30,15800.0,1,0.11,0.0,3690.0,1,0.0,1,0,0.0,-1,-1,-1,-1,0.0,0.0
2026-05-09T12:00,0.0,0.0,0.0,0.0,32.5,4.52,10.9,296,100,15800.0,1,0.11,0.0,1375.0,1,0.0,3,0,0.0,-1,-1,-1,-1,0.0,0.0
2026-05-09T13:00,0.0,0.0,0.0,0.0,29.7,2.31,8.1,309,100,15800.0,1,0.11,0.0,250.0,1,0.0,3,0,0.0,-1,-1,-1,-1,0.0,0.0
2026-05-09T14:00,0.0,0.0,0.0,0.0,27.8,1.0,4.0,323,98,15800.0,0,0.11,0.0,45.0,1,0.0,3,0,0.0,-1,-1,-1,-1,0.0,0.0
2026-05-09T15:00,0.0,0.0,0.0,0.0,27.7,0.9,1.5,357,47,15800.0,0,0.11,0.0,35.0,1,0.0,1,0,0.0,-1,-1,-1,-1,0.0,0.0
2026-05-09T16:00,0.0,0.0,0.0,0.0,26.3,0.67,2.1,13,1,15780.0,0,0.11,0.0,30.0,1,0.0,0,0,0.0,-1,-1,-1,-1,0.0,0.0
2026-05-09T17:00,0.0,0.0,0.0,0.0,23.6,0.96,1.2,219,15,15780.0,0,0.11,0.0,45.0,1,0.0,0,0,0.0,-1,-1,-1,-1,0.0,0.0
2026-05-09T18:00,0.0,0.0,0.0,0.0,21.3,0.78,1.2,140,33,15780.0,0,0.11,0.0,20.0,1,0.0,1,0,0.0,-1,-1,-1,-1,0.0,0.0
2026-05-09T19:00,0.0,0.0,0.0,0.0,20.3,1.01,1.6,99,42,15780.0,0,0.11,0.0,35.0,1,0.0,1,0,0.0,-1,-1,-1,-1,0.0,0.0
2026-05-09T20:00,0.0,0.0,0.0,0.0,20.3,1.2,1.9,88,100,15800.0,0,0.11,0.0,35.0,1,0.0,3,0,0.0,-1,-1,-1,-1,0.0,0.0
2026-05-09T21:00,0.0,0.0,0.0,0.0,18.7,1.84,2.8,137,16,15780.0,0,0.11,0.0,45.0,1,0.0,0,0,0.0,-1,-1,-1,-1,0.0,0.0
2026-05-09T22:00,0.0,0.0,0.0,0.0,17.7,1.7,3.0,87,0,15780.0,0,0.11,0.0,45.0,1,0.0,0,0,0.0,-1,-1,-1,-1,0.0,0.0
2026-05-09T23:00,0.0,0.0,0.0,0.0,17.4,1.99,3.2,108,0,15780.0,0,0.11,0.0,55.0,1,0.0,0,0,0.0,-1,-1,-1,-1,0.0,0.0
2026-05-10T00:00,0.0,0.0,0.0,0.0,18.2,1.5,3.2,88,11,15780.0,1,0.11,0.0,55.0,1,0.0,0,0,0.0,-1,-1,-1,-1,0.0,0.0
2026-05-10T01:00,0.0,0.0,0.0,0.0,21.2,2.15,3.7,108,5,15780.0,1,0.11,0.0,90.0,1,0.0,0,0,0.0,-1,-1,-1,-1,0.0,0.0
2026-05-10T02:00,0.0,0.0,0.0,0.0,24.1,1.44,4.3,104,20,15800.0,1,0.11,0.0,155.0,1,0.0,1,0,0.0,-1,-1,-1,-1,0.0,0.0
2026-05-10T03:00,0.0,0.0,0.0,0.0,27.2,1.49,4.7,130,12,15800.0,1,0.11,0.0,270.0,1,0.0,0,0,0.0,-1,-1,-1,-1,0.0,0.0
2026-05-10T04:00,0.0,0.0,0.0,0.0,30.0,1.23,4.8,153,88,15800.0,1,0.11,0.0,510.0,1,0.0,3,0,0.0,-1,-1,-1,-1,0.0,0.0
2026-05-10T05:00,0.0,0.0,0.0,0.0,32.5,1.27,5.0,228,99,15820.0,1,0.11,0.0,1105.0,1,0.0,3,0,0.0,-1,-1,-1,-1,0.0,0.0
2026-05-10T06:00,0.0,0.0,0.0,0.0,34.2,3.55,7.3,260,13,15820.0,1,0.11,0.0,2395.0,1,0.0,0,0,0.0,-1,-1,-1,-1,0.0,0.0
2026-05-10T07:00,0.0,0.0,0.0,0.0,35.3,5.08,10.7,260,2,15820.0,1,0.11,0.0,3525.0,1,0.0,0,0,0.0,-1,-1,-1,-1,0.0,0.0
2026-05-10T08:00,0.0,0.0,0.0,0.0,35.7,5.61,11.5,261,0,15820.0,1,0.11,0.0,3640.0,1,0.0,0,0,0.0,-1,-1,-1,-1,0.0,0.0
2026-05-10T09:00,0.0,0.0,0.0,0.0,35.8,5.8,11.8,271,10,15820.0,1,0.11,0.0,3505.0,1,0.0,0,0,0.0,-1,-1,-1,-1,0.0,0.0
2026-05-10T10:00,0.0,0.0,0.0,0.0,35.6,5.58,11.8,280,100,15820.0,1,0.11,0.0,3465.0,1,0.0,3,0,0.0,-1,-1,-1,-1,0.0,0.0
2026-05-10T11:00,0.0,0.0,0.0,0.0,35.0,5.2,11.1,290,100,15820.0,1,0.11,0.0,3325.0,1,0.0,3,0,0.0,-1,-1,-1,-1,0.0,0.0
2026-05-10T12:00,0.0,0.0,0.0,0.0,33.9,3.47,10.0,311,74,15820.0,1,0.11,0.0,1130.0,1,0.0,2,0,0.0,-1,-1,-1,-1,0.0,0.0
2026-05-10T13:00,0.0,0.0,0.0,0.0,30.0,1.6,6.5,321,2,15820.0,1,0.11,0.0,205.0,1,0.0,0,0,0.0,-1,-1,-1,-1,0.0,0.0
2026-05-10T14:00,0.0,0.0,0.0,0.0,27.8,0.5,2.3,186,94,15840.0,0,0.11,0.0,20.0,1,0.0,3,0,0.0,-1,-1,-1,-1,0.0,0.0
2026-05-10T15:00,0.0,0.0,0.0,0.0,26.4,0.29,1.1,149,100,15840.0,0,0.11,0.0,15.0,1,0.0,3,0,0.0,-1,-1,-1,-1,0.0,0.0
2026-05-10T16:00,0.0,0.0,0.0,0.0,25.8,0.11,0.6,153,100,15840.0,0,0.11,0.0,10.0,1,0.0,3,0,0.0,-1,-1,-1,-1,0.0,0.0
2026-05-10T17:00,0.0,0.0,0.0,0.0,23.0,1.35,1.7,158,80,15820.0,0,0.11,0.0,35.0,1,0.0,3,0,0.0,-1,-1,-1,-1,0.0,0.0
2026-05-10T18:00,0.0,0.0,0.0,0.0,21.6,0.65,1.8,122,2,15820.0,0,0.11,0.0,20.0,1,0.0,0,0,0.0,-1,-1,-1,-1,0.0,0.0
2026-05-10T19:00,0.0,0.0,0.0,0.0,20.7,1.59,2.5,66,45,15820.0,0,0.11,0.0,45.0,1,0.0,1,0,0.0,-1,-1,-1,-1,0.0,0.0
2026-05-10T20:00,0.0,0.0,0.0,0.0,20.1,1.42,2.6,108,91,15820.0,0,0.11,0.0,35.0,1,0.0,3,0,0.0,-1,-1,-1,-1,0.0,0.0
2026-05-10T21:00,0.0,0.0,0.0,0.0,19.4,0.87,1.9,66,92,15820.0,0,0.11,0.0,25.0,1,0.0,3,0,0.0,-1,-1,-1,-1,0.0,0.0
2026-05-10T22:00,0.0,0.0,0.0,0.0,19.9,0.34,1.4,63,85,15820.0,0,0.11,0.0,15.0,1,0.0,3,0,0.0,-1,-1,-1,-1,0.0,0.0
2026-05-10T23:00,0.0,0.0,0.0,0.0,19.6,0.27,0.7,112,5,15820.0,0,0.11,0.0,15.0,1,0.0,0,0,0.0,-1,-1,-1,-1,0.0,0.0
2026-05-11T00:00,0.0,0.0,0.0,0.0,19.7,1.9,2.9,87,0,15840.0,1,0.11,0.0,35.0,1,0.0,0,0,0.0,-1,-1,-1,-1,0.0,0.0
2026-05-11T01:00,0.0,0.0,0.0,0.0,22.7,2.28,3.9,67,20,15840.0,1,0.11,0.0,45.0,1,0.0,1,0,0.0,-1,-1,-1,-1,0.0,0.0
2026-05-11T02:00,0.0,0.0,0.0,0.0,26.9,1.75,4.6,59,100,15840.0,1,0.11,0.0,100.0,1,0.0,3,0,0.0,-1,-1,-1,-1,0.0,0.0
2026-05-11T03:00,0.0,0.0,0.0,0.0,30.4,1.96,5.3,58,99,15860.0,1,0.11,0.0,260.0,1,0.0,3,0,0.0,-1,-1,-1,-1,0.0,0.0
2026-05-11T04:00,0.0,0.0,0.0,0.0,32.6,2.1,6.1,62,98,15860.0,1,0.11,0.0,805.0,1,0.0,3,0,0.0,-1,-1,-1,-1,0.0,0.0
2026-05-11T05:00,0.0,0.0,0.0,0.0,34.1,1.49,6.1,70,100,15860.0,1,0.11,0.0,1440.0,1,0.0,3,0,0.0,-1,-1,-1,-1,0.0,0.0
2026-05-11T06:00,0.0,0.0,0.0,0.0,34.5,0.25,5.5,90,100,15860.0,1,0.11,0.0,3095.0,0,0.0,3,0,0.0,-1,-1,-1,-1,0.0,0.0
2026-05-11T07:00,0.0,0.0,0.0,0.0,35.0,0.47,3.5,302,100,15860.0,1,0.11,0.0,3010.0,1,0.0,3,0,0.0,-1,-1,-1,-1,0.0,0.0
2026-05-11T08:00,0.0,0.0,0.0,0.0,35.0,1.47,4.6,305,83,15860.0,1,0.11,0.0,3100.0,1,0.0,3,0,0.0,-1,-1,-1,-1,0.0,0.0
2026-05-11T09:00,0.0,0.0,0.0,0.0,35.8,1.91,5.6,311,91,15860.0,1,0.11,0.0,3735.0,1,0.0,3,0,0.0,-1,-1,-1,-1,0.0,0.0
2026-05-11T10:00,0.0,0.0,0.0,0.0,36.1,2.23,5.7,316,100,15860.0,1,0.11,0.0,4285.0,1,0.0,3,0,0.0,-1,-1,-1,-1,0.0,0.0
2026-05-11T11:00,0.0,0.0,0.0,0.0,34.4,5.42,9.7,312,100,15860.0,1,0.11,0.0,990.0,1,0.0,3,0,0.0,-1,-1,-1,-1,0.0,0.0
2026-05-11T12:00,0.0,0.0,0.0,0.0,33.4,0.49,10.5,246,100,15860.0,1,0.11,0.0,65.0,0,0.0,3,0,0.0,-1,-1,-1,-1,0.0,0.0
2026-05-11T13:00,0.0,0.0,0.0,0.0,30.2,2.28,4.1,279,100,15860.0,1,0.11,0.0,200.0,0,0.0,3,0,0.0,-1,-1,-1,-1,0.0,0.0
2026-05-11T14:00,0.0,0.0,0.0,0.0,29.0,0.07,3.9,135,100,15860.0,0,0.11,0.0,10.0,0,0.0,3,0,0.0,-1,-1,-1,-1,0.0,0.0
2026-05-11T15:00,0.0,0.0,0.0,0.0,28.0,4.1,6.9,68,100,15860.0,0,0.11,0.0,170.0,0,0.0,3,0,0.0,-1,-1,-1,-1,0.0,0.0
2026-05-11T16:00,0.0,0.0,0.0,0.0,27.1,4.0,8.5,28,100,15840.0,0,0.11,10.0,280.0,0,0.0,3,0,0.0,-1,-1,-1,-1,0.0,0.0
2026-05-11T17:00,0.0,0.0,0.0,0.0,25.5,4.85,8.4,43,86,15840.0,0,0.11,0.0,235.0,0,0.0,3,0,0.0,-1,-1,-1,-1,0.0,0.0
2026-05-11T18:00,0.0,0.0,0.0,0.0,23.6,5.52,9.9,46,82,15840.0,0,0.11,0.0,265.0,0,0.0,3,0,0.0,-1,-1,-1,-1,0.0,0.0
2026-05-11T19:00,0.0,0.0,0.0,0.0,22.5,5.96,11.1,40,88,15840.0,0,0.11,0.0,260.0,0,0.0,3,0,0.0,-1,-1,-1,-1,0.0,0.0
2026-05-11T20:00,0.0,0.0,0.0,0.0,22.6,5.13,10.8,38,100,15780.0,0,0.11,0.0,280.0,0,0.0,3,0,0.0,-1,-1,-1,-1,0.0,0.0
2026-05-11T21:00,0.0,0.0,0.0,0.0,22.4,4.36,9.2,28,100,15860.0,0,0.11,0.0,215.0,0,0.0,3,0,0.0,-1,-1,-1,-1,0.0,0.0
2026-05-11T22:00,0.0,0.0,0.0,0.0,22.6,3.26,8.2,4,100,15860.0,0,0.11,0.0,220.0,0,0.0,3,0,0.0,-1,-1,-1,-1,0.0,0.0
2026-05-11T23:00,0.0,0.0,0.0,0.0,21.9,4.16,7.6,357,100,15860.0,1,0.11,0.0,265.0,0,0.0,3,0,0.0,-1,-1,-1,-1,0.0,0.0
2026-05-12T00:00,0.0,0.0,0.0,0.0,22.0,6.13,8.3,55,100,15860.0,1,0.11,0.0,255.0,0,0.0,3,0,0.0,-1,-1,-1,-1,0.0,0.0
2026-05-12T01:00,0.0,0.0,0.0,0.0,22.7,5.69,11.6,32,100,15860.0,1,0.11,0.0,390.0,0,0.0,3,0,0.0,-1,-1,-1,-1,0.0,0.0
2026-05-12T02:00,0.0,0.0,0.0,0.0,24.6,3.33,10.5,8,100,15860.0,1,0.11,0.0,380.0,0,0.0,3,0,0.0,-1,-1,-1,-1,0.0,0.0
2026-05-12T03:00,0.0,0.0,0.0,0.0,24.0,4.67,9.0,19,100,15860.0,1,0.11,0.0,410.0,0,0.0,3,0,0.0,-1,-1,-1,-1,0.0,0.0
2026-05-12T04:00,0.0,0.0,0.0,0.0,25.3,5.63,10.9,32,100,15880.0,1,0.11,0.0,745.0,0,0.0,3,0,0.0,-1,-1,-1,-1,0.0,0.0
2026-05-12T05:00,0.0,0.0,0.0,0.0,26.3,6.55,13.2,16,100,15860.0,1,0.11,0.0,690.0,0,0.0,3,0,0.0,-1,-1,-1,-1,0.0,0.0
2026-05-12T06:00,0.0,0.0,0.0,0.0,27.9,3.98,14.3,27,100,20720.0,1,0.104,0.0,1595.0,0,0.0,3,0,0.0,-1,-1,-1,-1,0.0,0.0
2026-05-12T07:00,0.0,0.0,0.0,0.0,28.3,3.32,9.4,23,100,20720.0,1,0.104,10.0,2505.0,0,0.0,3,0,0.0,-1,-1,-1,-1,0.0,0.0
2026-05-12T08:00,0.0,0.0,0.0,0.0,28.4,2.84,8.0,9,100,20740.0,1,0.104,0.0,3360.0,0,0.0,3,0,0.0,-1,-1,-1,-1,0.0,0.0
2026-05-12T09:00,0.0,0.0,0.0,0.0,26.8,2.17,7.2,241,100,20740.0,1,0.104,0.0,3200.0,0,0.0,3,0,0.0,-1,-1,-1,-1,0.0,0.0
2026-05-12T10:00,0.1,0.0,0.0,0.0,23.7,3.2,8.5,250,100,17500.0,1,0.104,150.0,635.0,0,0.0,51,0,0.1,-1,-1,-1,-1,0.0,0.0
2026-05-12T11:00,0.0,0.0,0.0,0.0,24.7,0.43,6.7,21,96,20740.0,1,0.104,20.0,1075.0,0,0.0,3,0,0.0,-1,-1,-1,-1,0.0,0.0
2026-05-12T12:00,0.0,0.0,0.0,0.0,25.6,2.26,5.8,137,100,13780.0,1,0.104,10.0,1795.0,0,0.0,3,0,0.0,-1,-1,-1,-1,0.0,0.0
2026-05-12T13:00,0.0,0.0,0.0,0.0,24.6,5.41,9.5,115,100,20780.0,1,0.104,0.0,515.0,0,0.0,3,0,0.0,-1,-1,-1,-1,0.0,0.0
2026-05-12T14:00,0.0,0.0,0.0,0.0,23.5,4.45,9.5,119,100,20780.0,0,0.104,0.0,510.0,0,0.0,3,0,0.0,-1,-1,-1,-1,0.0,0.0
2026-05-12T15:00,0.0,0.0,0.0,0.0,22.0,3.47,7.8,126,100,20760.0,0,0.104,0.0,325.0,0,0.0,3,0,0.0,-1,-1,-1,-1,0.0,0.0
2026-05-12T16:00,0.0,0.0,0.0,0.0,22.0,5.13,8.6,46,100,20800.0,0,0.104,0.0,1030.0,0,0.0,3,0,0.0,-1,-1,-1,-1,0.0,0.0
2026-05-12T17:00,0.0,0.0,0.0,0.0,20.5,7.85,14.9,46,88,20780.0,0,0.104,0.0,1080.0,0,0.0,3,0,0.0,-1,-1,-1,-1,0.0,0.0
2026-05-12T18:00,0.0,0.0,0.0,0.0,18.9,5.85,14.6,57,98,20380.0,0,0.104,0.0,725.0,0,0.0,3,0,0.0,-1,-1,-1,-1,0.0,0.0
2026-05-12T19:00,0.0,0.0,0.0,0.0,18.7,6.51,12.0,45,99,20820.0,0,0.104,0.0,665.0,0,0.0,3,0,0.0,-1,-1,-1,-1,0.0,0.0
2026-05-12T20:00,0.0,0.0,0.0,0.0,18.2,5.51,12.1,58,98,20820.0,0,0.104,0.0,575.0,0,0.0,3,0,0.0,-1,-1,-1,-1,0.0,0.0
2026-05-12T21:00,0.0,0.0,0.0,0.0,17.3,3.75,10.3,53,98,20840.0,0,0.104,0.0,370.0,0,0.0,3,0,0.0,-1,-1,-1,-1,0.0,0.0
2026-05-12T22:00,0.0,0.0,0.0,0.0,17.1,2.76,7.0,46,97,20840.0,0,0.104,0.0,255.0,0,0.0,3,0,0.0,-1,-1,-1,-1,0.0,0.0
2026-05-12T23:00,0.0,0.0,0.0,0.0,16.3,2.06,5.0,49,73,20860.0,1,0.104,0.0,300.0,0,0.0,2,0,0.0,-1,-1,-1,-1,0.0,0.0
2026-05-13T00:00,0.0,0.0,0.0,0.0,17.2,1.6,3.8,160,90,20880.0,1,0.108,0.0,85.0,0,0.0,3,0,0.0,-1,-1,-1,-1,0.0,0.0
2026-05-13T01:00,0.1,1.0,0.0,0.0,16.5,4.1,7.6,156,96,19980.0,1,0.109,40.0,815.0,0,0.0,51,0,0.0,-1,-1,-1,-1,0.0,0.0
2026-05-13T02:00,0.1,1.0,0.0,0.0,16.4,2.85,7.7,179,100,13320.0,1,0.11,40.0,965.0,0,0.0,51,0,0.0,-1,-1,-1,-1,0.0,0.0
2026-05-13T03:00,0.1,1.0,0.0,0.0,16.1,1.2,5.8,180,99,10660.0,1,0.111,30.0,925.0,0,0.0,51,0,0.0,-1,-1,-1,-1,0.0,0.0
2026-05-13T04:00,0.0,0.0,0.0,0.0,17.1,1.35,4.5,219,100,20460.0,1,0.111,40.0,1260.0,0,0.0,3,0,0.0,-1,-1,-1,-1,0.0,0.0
2026-05-13T05:00,0.1,0.0,0.0,0.0,17.0,2.39,5.7,259,99,5800.0,1,0.112,0.0,1380.0,0,0.0,51,0,0.1,-1,-1,-1,-1,0.0,0.0
2026-05-13T06:00,0.2,0.0,0.0,0.0,17.8,3.13,7.5,263,100,20480.0,1,0.114,0.0,1320.0,0,0.0,51,0,0.2,-1,-1,-1,-1,0.0,0.0
2026-05-13T07:00,0.0,0.0,0.0,0.0,17.9,3.3,7.7,271,100,20900.0,1,0.114,0.0,1345.0,0,0.0,3,0,0.0,-1,-1,-1,-1,0.0,0.0
2026-05-13T08:00,0.0,0.0,0.0,0.0,17.9,4.65,9.6,279,100,20500.0,1,0.114,0.0,1430.0,0,0.0,3,0,0.0,-1,-1,-1,-1,0.0,0.0
2026-05-13T09:00,0.0,0.0,0.0,0.0,17.2,4.97,10.3,283,100,20500.0,1,0.114,0.0,1205.0,0,0.0,3,0,0.0,-1,-1,-1,-1,0.0,0.0
2026-05-13T10:00,0.0,0.0,0.0,0.0,16.9,4.0,9.9,286,99,20520.0,1,0.114,0.0,1160.0,0,0.0,3,0,0.0,-1,-1,-1,-1,0.0,0.0
2026-05-13T11:00,0.0,0.0,0.0,0.0,17.0,3.74,8.3,282,93,20520.0,1,0.114,0.0,1315.0,0,0.0,3,0,0.0,-1,-1,-1,-1,0.0,0.0
2026-05-13T12:00,0.0,0.0,0.0,0.0,17.4,3.75,7.7,272,98,20540.0,1,0.127,10.0,1435.0,0,0.0,3,0,0.0,-1,-1,-1,-1,0.0,0.0
2026-05-13T13:00,0.0,0.0,0.0,0.0,16.4,3.18,7.2,286,78,20540.0,1,0.127,0.0,1070.0,0,0.0,2,0,0.0,-1,-1,-1,-1,0.0,0.0
2026-05-13T14:00,0.0,0.0,0.0,0.0,14.9,1.62,5.8,279,9,20540.0,0,0.127,0.0,225.0,0,0.0,0,0,0.0,-1,-1,-1,-1,0.0,0.0
2026-05-13T15:00,0.0,0.0,0.0,0.0,13.6,0.54,2.9,248,2,20100.0,0,0.127,0.0,45.0,0,0.0,0,0,0.0,-1,-1,-1,-1,0.0,0.0
2026-05-13T16:00,0.0,0.0,0.0,0.0,12.8,0.34,0.8,207,11,20100.0,0,0.127,0.0,25.0,0,0.0,0,0,0.0,-1,-1,-1,-1,0.0,0.0
2026-05-13T17:00,0.0,0.0,0.0,0.0,12.5,0.32,0.7,321,18,20120.0,0,0.127,0.0,40.0,0,0.0,0,0,0.0,-1,-1,-1,-1,0.0,0.0
2026-05-13T18:00,0.0,0.0,0.0,0.0,11.4,0.51,0.7,281,2,19720.0,0,0.132,0.0,40.0,0,0.0,0,0,0.0,-1,-1,-1,-1,0.0,0.0
2026-05-13T19:00,0.0,0.0,0.0,0.0,11.0,0.07,0.8,135,4,19740.0,0,0.132,0.0,20.0,1,0.0,0,0,0.0,-1,-1,-1,-1,0.0,0.0
2026-05-13T20:00,0.0,0.0,0.0,0.0,10.3,0.16,0.3,162,4,19240.0,0,0.132,0.0,15.0,1,0.0,0,0,0.0,-1,-1,-1,-1,0.0,0.0
2026-05-13T21:00,0.0,0.0,0.0,0.0,10.0,0.1,0.3,180,5,19260.0,0,0.132,0.0,10.0,1,0.0,0,0,0.0,-1,-1,-1,-1,0.0,0.0
2026-05-13T22:00,0.0,0.0,0.0,0.0,9.6,0.21,0.5,194,4,19260.0,0,0.132,0.0,15.0,1,0.0,0,0,0.0,-1,-1,-1,-1,0.0,0.0
2026-05-13T23:00,0.0,0.0,0.0,0.0,9.0,0.3,0.4,180,3,19280.0,1,0.132,0.0,20.0,1,0.0,0,0,0.0,-1,-1,-1,-1,0.0,0.0
2026-05-14T00:00,0.0,0.0,0.0,0.0,10.7,0.81,1.1,248,0,18580.0,1,0.136,0.0,45.0,0,0.0,0,0,0.0,-1,-1,-1,-1,0.0,0.0
2026-05-14T01:00,0.0,0.0,0.0,0.0,12.5,0.78,3.0,255,0,19280.0,1,0.136,0.0,155.0,0,0.0,0,0,0.0,-1,-1,-1,-1,0.0,0.0
2026-05-14T02:00,0.0,0.0,0.0,0.0,15.3,1.19,4.1,248,0,20180.0,1,0.135,0.0,430.0,0,0.0,0,0,0.0,-1,-1,-1,-1,0.0,0.0
2026-05-14T03:00,0.0,0.0,0.0,0.0,18.0,2.52,6.5,262,0,20660.0,1,0.135,20.0,990.0,0,0.0,0,0,0.0,-1,-1,-1,-1,0.0,0.0
2026-05-14T04:00,0.0,0.0,0.0,0.0,19.9,3.78,8.7,263,3,21100.0,1,0.134,130.0,1500.0,0,0.0,0,0,0.0,-1,-1,-1,-1,0.0,0.0
2026-05-14T05:00,0.0,0.0,0.0,0.0,20.9,5.02,10.7,264,38,11800.0,1,0.133,280.0,1820.0,0,0.0,1,0,0.0,-1,-1,-1,-1,0.0,0.0
2026-05-14T06:00,1.7,1.0,0.0,0.0,21.2,5.79,12.0,263,48,7220.0,1,0.161,30.0,1935.0,0,0.0026,80,1,0.0,6,0,1,19,0.0,0.6
2026-05-14T07:00,0.0,0.0,0.0,0.0,21.6,5.06,11.8,266,27,21120.0,1,0.16,170.0,1965.0,0,0.0,1,0,0.0,-1,-1,-1,-1,0.0,0.0
2026-05-14T08:00,0.0,0.0,0.0,0.0,22.3,5.6,11.7,262,45,21140.0,1,0.158,100.0,2280.0,0,0.0,1,0,0.0,-1,-1,-1,-1,0.0,0.0
2026-05-14T09:00,0.0,0.0,0.0,0.0,22.1,5.69,12.0,257,27,21140.0,1,0.156,220.0,2045.0,0,0.0,1,0,0.0,-1,-1,-1,-1,0.0,0.0
2026-05-14T10:00,0.0,0.0,0.0,0.0,22.0,6.16,12.4,268,41,18820.0,1,0.154,90.0,2090.0,0,0.0,1,0,0.0,-1,-1,-1,-1,0.0,0.0
2026-05-14T11:00,0.0,0.0,0.0,0.0,21.5,5.62,12.1,261,25,21160.0,1,0.153,170.0,1850.0,0,0.0,1,0,0.0,-1,-1,-1,-1,0.0,0.0
2026-05-14T12:00,0.0,0.0,0.0,0.0,21.6,5.51,11.0,274,79,21180.0,1,0.115,100.0,1800.0,0,0.0,2,0,0.0,-1,-1,-1,-1,0.0,0.0
2026-05-14T13:00,0.0,0.0,0.0,0.0,20.3,4.21,10.1,290,46,21180.0,1,0.114,90.0,940.0,0,0.0,1,0,0.0,-1,-1,-1,-1,0.0,0.0
2026-05-14T14:00,0.0,0.0,0.0,0.0,18.1,2.21,7.6,266,30,21180.0,0,0.114,20.0,390.0,0,0.0,1,0,0.0,-1,-1,-1,-1,0.0,0.0
2026-05-14T15:00,0.0,0.0,0.0,0.0,16.3,1.86,3.8,207,75,20760.0,0,0.114,0.0,85.0,0,0.0,2,0,0.0,-1,-1,-1,-1,0.0,0.0
2026-05-14T16:00,0.0,0.0,0.0,0.0,15.2,1.36,3.0,216,30,20760.0,0,0.114,180.0,60.0,0,0.0,1,0,0.0,-1,-1,-1,-1,0.0,0.0
2026-05-14T17:00,0.0,0.0,0.0,0.0,14.1,1.2,1.8,182,0,20320.0,0,0.114,140.0,65.0,0,0.0,0,0,0.0,-1,-1,-1,-1,0.0,0.0
2026-05-14T18:00,0.0,0.0,0.0,0.0,13.5,0.76,1.5,247,39,20320.0,0,0.1,0.0,60.0,0,0.0,1,0,0.0,-1,-1,-1,-1,0.0,0.0
2026-05-14T19:00,0.0,0.0,0.0,0.0,13.0,1.87,2.8,262,53,20320.0,0,0.1,10.0,230.0,0,0.0,2,0,0.0,-1,-1,-1,-1,0.0,0.0
2026-05-14T20:00,0.0,0.0,0.0,0.0,12.8,1.36,2.8,264,25,20340.0,0,0.1,0.0,130.0,0,0.0,1,0,0.0,-1,-1,-1,-1,0.0,0.0
2026-05-14T21:00,0.0,0.0,0.0,0.0,12.5,1.3,2.0,242,13,20820.0,0,0.1,0.0,95.0,0,0.0,0,0,0.0,-1,-1,-1,-1,0.0,0.0
2026-05-14T22:00,0.0,0.0,0.0,0.0,11.7,0.93,1.9,196,30,20360.0,0,0.1,0.0,40.0,0,0.0,1,0,0.0,-1,-1,-1,-1,0.0,0.0
2026-05-14T23:00,0.0,0.0,0.0,0.0,10.9,1.88,3.1,155,41,19960.0,1,0.1,0.0,60.0,0,0.0,1,0,0.0,-1,-1,-1,-1,0.0,0.0
2026-05-15T00:00,0.0,0.0,0.0,0.0,12.5,1.9,3.8,150,93,19960.0,1,0.106,70.0,65.0,0,0.0,3,0,0.0,-1,-1,-1,-1,0.0,0.0
2026-05-15T01:00,0.0,0.0,0.0,0.0,14.2,0.72,3.1,304,95,10460.0,1,0.106,80.0,210.0,0,0.0,3,0,0.0,-1,-1,-1,-1,0.0,0.0
2026-05-15T02:00,0.4,0.0,0.0,0.0,14.2,4.45,8.9,255,98,3880.0,1,0.11,40.0,590.0,0,0.0,51,1,0.4,7,0,1,728,0.0,0
2026-05-15T03:00,0.2,0.5,0.0,0.0,15.7,1.56,8.7,228,95,20400.0,1,0.112,360.0,370.0,0,0.0,51,0,0.1,-1,-1,-1,-1,0.0,0.0
2026-05-15T04:00,0.0,0.0,0.0,0.0,20.4,3.14,7.4,256,44,21320.0,1,0.112,250.0,1415.0,0,0.0,1,0,0.0,-1,-1,-1,-1,0.0,0.0
2026-05-15T05:00,0.0,0.0,0.0,0.0,23.0,4.41,11.4,267,26,21340.0,1,0.112,280.0,2565.0,0,0.0,1,0,0.0,-1,-1,-1,-1,0.0,0.0
2026-05-15T06:00,0.0,0.0,0.0,0.0,23.8,5.8,12.4,268,20,21340.0,1,0.11,60.0,2685.0,0,0.0,1,0,0.0,-1,-1,-1,-1,0.0,0.0
2026-05-15T07:00,0.0,0.0,0.0,0.0,24.2,7.21,14.2,267,79,21360.0,1,0.11,310.0,2710.0,0,0.0,2,0,0.0,-1,-1,-1,-1,0.0,0.0
2026-05-15T08:00,0.0,0.0,0.0,0.0,22.8,7.7,16.7,270,88,12640.0,1,0.111,130.0,1995.0,0,0.0,3,0,0.0,-1,-1,-1,-1,0.0,0.0
2026-05-15T09:00,0.0,0.0,0.0,0.0,22.4,6.78,14.9,276,68,8920.0,1,0.111,50.0,2070.0,0,0.0,2,0,0.0,-1,-1,-1,-1,0.0,0.0
2026-05-15T10:00,0.0,0.0,0.0,0.0,22.3,6.01,13.1,278,34,21380.0,1,0.111,90.0,2095.0,0,0.0,1,0,0.0,-1,-1,-1,-1,0.0,0.0
2026-05-15T11:00,0.0,0.0,0.0,0.0,22.2,5.5,11.8,272,76,21400.0,1,0.111,140.0,1450.0,0,0.0,2,0,0.0,-1,-1,-1,-1,0.0,0.0
2026-05-15T12:00,0.0,0.0,0.0,0.0,20.8,5.93,11.1,280,99,21400.0,1,0.11,50.0,1095.0,0,0.0,3,0,0.0,-1,-1,-1,-1,0.0,0.0
2026-05-15T13:00,0.0,0.0,0.0,0.0,18.9,4.67,10.7,257,96,21400.0,1,0.11,260.0,700.0,0,0.0,3,0,0.0,-1,-1,-1,-1,0.0,0.0
2026-05-15T14:00,0.0,0.0,0.0,0.0,17.2,1.77,8.2,320,99,20960.0,0,0.11,280.0,300.0,0,0.0,3,0,0.0,-1,-1,-1,-1,0.0,0.0
2026-05-15T15:00,0.0,0.0,0.0,0.0,16.2,0.4,3.4,277,22,20980.0,0,0.11,290.0,40.0,0,0.0,1,0,0.0,-1,-1,-1,-1,0.0,0.0
2026-05-15T16:00,0.0,0.0,0.0,0.0,14.9,0.46,0.7,103,0,20980.0,0,0.11,330.0,30.0,0,0.0,0,0,0.0,-1,-1,-1,-1,0.0,0.0
2026-05-15T17:00,0.0,0.0,0.0,0.0,13.8,1.57,2.6,117,0,20520.0,0,0.11,270.0,50.0,0,0.0,0,0,0.0,-1,-1,-1,-1,0.0,0.0
2026-05-15T18:00,0.0,0.0,0.0,0.0,13.1,1.0,2.6,90,0,21000.0,0,0.107,0.0,55.0,0,0.0,0,0,0.0,-1,-1,-1,-1,0.0,0.0
2026-05-15T19:00,0.0,0.0,0.0,0.0,12.5,1.21,1.8,52,0,21460.0,0,0.107,0.0,55.0,0,0.0,0,0,0.0,-1,-1,-1,-1,0.0,0.0
2026-05-15T20:00,0.0,0.0,0.0,0.0,11.6,0.56,1.8,27,0,21480.0,0,0.107,0.0,25.0,0,0.0,0,0,0.0,-1,-1,-1,-1,0.0,0.0
2026-05-15T21:00,0.0,0.0,0.0,0.0,10.9,0.46,1.1,49,0,21480.0,0,0.107,0.0,25.0,0,0.0,0,0,0.0,-1,-1,-1,-1,0.0,0.0
2026-05-15T22:00,0.0,0.0,0.0,0.0,10.2,1.94,2.6,72,0,21500.0,0,0.107,0.0,55.0,0,0.0,0,0,0.0,-1,-1,-1,-1,0.0,0.0
2026-05-15T23:00,0.0,0.0,0.0,0.0,11.2,2.76,5.0,68,0,21500.0,1,0.107,0.0,120.0,0,0.0,0,0,0.0,-1,-1,-1,-1,0.0,0.0
2026-05-16T00:00,0.0,0.0,0.0,0.0,13.0,2.89,5.3,76,0,21520.0,1,0.104,0.0,115.0,0,0.0,0,0,0.0,-1,-1,-1,-1,0.0,0.0
2026-05-16T01:00,0.0,0.0,0.0,0.0,15.9,5.03,8.6,117,0,21520.0,1,0.104,0.0,765.0,0,0.0,0,0,0.0,-1,-1,-1,-1,0.0,0.0
2026-05-16T02:00,0.0,0.0,0.0,0.0,17.2,4.23,10.3,116,0,21540.0,1,0.104,0.0,940.0,0,0.0,0,0,0.0,-1,-1,-1,-1,0.0,0.0
2026-05-16T03:00,0.0,0.0,0.0,0.0,18.5,4.57,9.5,139,0,21540.0,1,0.104,0.0,1105.0,0,0.0,0,0,0.0,-1,-1,-1,-1,0.0,0.0
2026-05-16T04:00,0.0,0.0,0.0,0.0,20.0,4.21,9.6,150,0,21560.0,1,0.104,0.0,1630.0,0,0.0,0,0,0.0,-1,-1,-1,-1,0.0,0.0
2026-05-16T05:00,0.0,0.0,0.0,0.0,21.5,3.26,9.2,159,0,21560.0,1,0.104,0.0,1960.0,0,0.0,0,0,0.0,-1,-1,-1,-1,0.0,0.0
2026-05-16T06:00,0.0,0.0,0.0,0.0,22.7,2.6,8.0,191,0,21580.0,1,0.107,10.0,2390.0,0,0.0,0,0,0.0,-1,-1,-1,-1,0.0,0.0
2026-05-16T07:00,0.0,0.0,0.0,0.0,24.0,2.23,7.2,200,2,21580.0,1,0.107,100.0,2545.0,0,0.0,0,0,0.0,-1,-1,-1,-1,0.0,0.0
2026-05-16T08:00,0.0,0.0,0.0,0.0,25.0,2.47,7.4,225,5,21600.0,1,0.107,70.0,2870.0,0,0.0,0,0,0.0,-1,-1,-1,-1,0.0,0.0
2026-05-16T09:00,0.0,0.0,0.0,0.0,25.4,3.45,8.2,251,20,21620.0,1,0.107,40.0,2830.0,0,0.0,1,0,0.0,-1,-1,-1,-1,0.0,0.0
2026-05-16T10:00,0.0,0.0,0.0,0.0,25.1,4.41,9.4,260,30,21620.0,1,0.107,0.0,2565.0,0,0.0,1,0,0.0,-1,-1,-1,-1,0.0,0.0
2026-05-16T11:00,0.0,0.0,0.0,0.0,24.2,4.55,9.7,273,19,21640.0,1,0.107,0.0,2030.0,0,0.0,0,0,0.0,-1,-1,-1,-1,0.0,0.0
2026-05-16T12:00,0.0,0.0,0.0,0.0,24.5,3.35,9.3,256,3,21640.0,1,0.104,0.0,2435.0,0,0.0,0,0,0.0,-1,-1,-1,-1,0.0,0.0
2026-05-16T13:00,0.0,0.0,0.0,0.0,22.3,1.61,6.3,306,0,21640.0,1,0.104,0.0,230.0,0,0.0,0,0,0.0,-1,-1,-1,-1,0.0,0.0
2026-05-16T14:00,0.0,0.0,0.0,0.0,19.9,1.05,2.9,301,0,21640.0,0,0.104,0.0,100.0,0,0.0,0,0,0.0,-1,-1,-1,-1,0.0,0.0
2026-05-16T15:00,0.0,0.0,0.0,0.0,18.7,0.4,1.6,187,0,21660.0,0,0.104,0.0,20.0,0,0.0,0,0,0.0,-1,-1,-1,-1,0.0,0.0
2026-05-16T16:00,0.0,0.0,0.0,0.0,16.8,1.04,1.7,145,0,21640.0,0,0.104,0.0,25.0,0,0.0,0,0,0.0,-1,-1,-1,-1,0.0,0.0
2026-05-16T17:00,0.0,0.0,0.0,0.0,15.6,1.25,2.2,127,0,21640.0,0,0.104,0.0,25.0,0,0.0,0,0,0.0,-1,-1,-1,-1,0.0,0.0
2026-05-16T18:00,0.0,0.0,0.0,0.0,15.0,0.89,2.2,117,0,21660.0,0,0.107,0.0,25.0,0,0.0,0,0,0.0,-1,-1,-1,-1,0.0,0.0
2026-05-16T19:00,0.0,0.0,0.0,0.0,13.7,1.3,2.1,90,0,21660.0,0,0.107,0.0,30.0,0,0.0,0,0,0.0,-1,-1,-1,-1,0.0,0.0
2026-05-16T20:00,0.0,0.0,0.0,0.0,13.5,1.76,2.6,110,0,21640.0,0,0.107,0.0,40.0,0,0.0,0,0,0.0,-1,-1,-1,-1,0.0,0.0
2026-05-16T21:00,0.0,0.0,0.0,0.0,13.9,2.84,4.9,81,0,21640.0,0,0.107,0.0,75.0,0,0.0,0,0,0.0,-1,-1,-1,-1,0.0,0.0
2026-05-16T22:00,0.0,0.0,0.0,0.0,14.3,3.62,6.4,79,0,21660.0,0,0.107,0.0,150.0,0,0.0,0,0,0.0,-1,-1,-1,-1,0.0,0.0
2026-05-16T23:00,0.0,0.0,0.0,0.0,14.2,4.0,7.2,72,0,21660.0,1,0.107,0.0,175.0,0,0.0,0,0,0.0,-1,-1,-1,-1,0.0,0.0
2026-05-17T00:00,0.0,0.0,0.0,0.0,13.9,2.82,8.0,70,0,21660.0,1,0.113,0.0,65.0,0,0.0,0,0,0.0,-1,-1,-1,-1,0.0,0.0
2026-05-17T01:00,0.0,0.0,0.0,0.0,17.7,2.8,5.8,71,10,21660.0,1,0.113,0.0,205.0,0,0.0,0,0,0.0,-1,-1,-1,-1,0.0,0.0
2026-05-17T02:00,0.0,0.0,0.0,0.0,20.7,3.2,7.1,67,11,21680.0,1,0.113,0.0,790.0,0,0.0,0,0,0.0,-1,-1,-1,-1,0.0,0.0
2026-05-17T03:00,0.0,0.0,0.0,0.0,22.4,2.82,7.4,97,0,21680.0,1,0.113,0.0,1055.0,0,0.0,0,0,0.0,-1,-1,-1,-1,0.0,0.0
2026-05-17T04:00,0.0,0.0,0.0,0.0,23.9,2.97,7.4,135,0,21700.0,1,0.113,0.0,1370.0,0,0.0,0,0,0.0,-1,-1,-1,-1,0.0,0.0
2026-05-17T05:00,0.0,0.0,0.0,0.0,25.5,3.0,7.6,162,33,21700.0,1,0.113,0.0,1965.0,0,0.0,1,0,0.0,-1,-1,-1,-1,0.0,0.0
2026-05-17T06:00,0.0,0.0,0.0,0.0,26.8,3.59,7.7,219,27,21720.0,1,0.113,0.0,2890.0,0,0.0,1,0,0.0,-1,-1,-1,-1,0.0,0.0
2026-05-17T07:00,0.0,0.0,0.0,0.0,27.7,3.69,9.0,242,16,21720.0,1,0.113,0.0,3160.0,0,0.0,0,0,0.0,-1,-1,-1,-1,0.0,0.0
2026-05-17T08:00,0.0,0.0,0.0,0.0,28.5,4.35,9.7,257,9,21720.0,1,0.113,0.0,3240.0,0,0.0,0,0,0.0,-1,-1,-1,-1,0.0,0.0
2026-05-17T09:00,0.0,0.0,0.0,0.0,28.2,4.82,10.8,265,13,21720.0,1,0.112,0.0,2935.0,0,0.0,0,0,0.0,-1,-1,-1,-1,0.0,0.0
2026-05-17T10:00,0.0,0.0,0.0,0.0,28.1,4.68,10.5,260,12,21740.0,1,0.112,0.0,2820.0,0,0.0,0,0,0.0,-1,-1,-1,-1,0.0,0.0
2026-05-17T11:00,0.0,0.0,0.0,0.0,27.7,5.06,10.1,261,13,21740.0,1,0.112,0.0,2465.0,0,0.0,0,0,0.0,-1,-1,-1,-1,0.0,0.0
2026-05-17T12:00,0.0,0.0,0.0,0.0,27.5,4.34,10.0,282,16,21740.0,1,0.109,0.0,2170.0,0,0.0,0,0,0.0,-1,-1,-1,-1,0.0,0.0
2026-05-17T13:00,0.0,0.0,0.0,0.0,25.0,1.44,8.0,304,2,21740.0,1,0.109,0.0,295.0,0,0.0,0,0,0.0,-1,-1,-1,-1,0.0,0.0
2026-05-17T14:00,0.0,0.0,0.0,0.0,23.3,0.32,2.4,321,17,21740.0,0,0.109,0.0,20.0,0,0.0,0,0,0.0,-1,-1,-1,-1,0.0,0.0
2026-05-17T15:00,0.0,0.0,0.0,0.0,21.8,0.78,1.0,195,3,21760.0,0,0.109,0.0,40.0,0,0.0,0,0,0.0,-1,-1,-1,-1,0.0,0.0
2026-05-17T16:00,0.0,0.0,0.0,0.0,19.7,1.38,2.3,167,57,21740.0,0,0.109,0.0,35.0,0,0.0,2,0,0.0,-1,-1,-1,-1,0.0,0.0
2026-05-17T17:00,0.0,0.0,0.0,0.0,18.5,0.6,1.9,85,72,21740.0,0,0.109,0.0,20.0,0,0.0,2,0,0.0,-1,-1,-1,-1,0.0,0.0
2026-05-17T18:00,0.0,0.0,0.0,0.0,19.4,3.57,7.8,44,20,21740.0,0,0.098,0.0,255.0,0,0.0,1,0,0.0,-1,-1,-1,-1,0.0,0.0
2026-05-17T19:00,0.0,0.0,0.0,0.0,19.2,5.63,9.6,35,20,21760.0,0,0.098,0.0,390.0,0,0.0,1,0,0.0,-1,-1,-1,-1,0.0,0.0
2026-05-17T20:00,0.0,0.0,0.0,0.0,19.2,6.9,12.5,46,32,21760.0,0,0.098,0.0,425.0,0,0.0,1,0,0.0,-1,-1,-1,-1,0.0,0.0
2026-05-17T21:00,0.0,0.0,0.0,0.0,18.8,5.85,13.1,57,80,21760.0,0,0.098,0.0,350.0,0,0.0,3,0,0.0,-1,-1,-1,-1,0.0,0.0
2026-05-17T22:00,0.0,0.0,0.0,0.0,18.6,4.3,10.6,50,46,21760.0,0,0.098,0.0,300.0,0,0.0,1,0,0.0,-1,-1,-1,-1,0.0,0.0
2026-05-17T23:00,0.0,0.0,0.0,0.0,17.8,3.83,7.9,59,60,21760.0,1,0.098,0.0,250.0,0,0.0,2,0,0.0,-1,-1,-1,-1,0.0,0.0
2026-05-18T00:00,0.0,0.0,0.0,0.0,18.6,3.87,6.9,63,29,21780.0,1,0.108,0.0,205.0,0,0.0,1,0,0.0,-1,-1,-1,-1,0.0,0.0
2026-05-18T01:00,0.0,0.0,0.0,0.0,21.5,3.94,7.5,54,43,21780.0,1,0.108,0.0,405.0,0,0.0,1,0,0.0,-1,-1,-1,-1,0.0,0.0
2026-05-18T02:00,0.0,0.0,0.0,0.0,23.5,4.53,9.4,49,67,21800.0,1,0.108,0.0,1300.0,0,0.0,2,0,0.0,-1,-1,-1,-1,0.0,0.0
2026-05-18T03:00,0.0,0.0,0.0,0.0,24.5,3.88,9.5,60,19,21800.0,1,0.108,0.0,1400.0,0,0.0,0,0,0.0,-1,-1,-1,-1,0.0,0.0
2026-05-18T04:00,0.0,0.0,0.0,0.0,26.0,2.83,8.7,77,5,21800.0,1,0.108,0.0,1945.0,0,0.0,0,0,0.0,-1,-1,-1,-1,0.0,0.0
2026-05-18T05:00,0.0,0.0,0.0,0.0,27.0,1.95,7.5,93,11,21800.0,1,0.108,0.0,2285.0,0,0.0,0,0,0.0,-1,-1,-1,-1,0.0,0.0
2026-05-18T06:00,0.0,0.0,0.0,0.0,27.8,2.36,6.5,185,70,21820.0,1,0.115,0.0,2875.0,0,0.0,2,0,0.0,-1,-1,-1,-1,0.0,0.0
2026-05-18T07:00,0.0,0.0,0.0,0.0,28.2,2.28,7.1,203,10,21820.0,1,0.114,0.0,2795.0,0,0.0,0,0,0.0,-1,-1,-1,-1,0.0,0.0
2026-05-18T08:00,0.0,0.0,0.0,0.0,29.0,3.52,8.2,215,3,21820.0,1,0.114,0.0,3150.0,0,0.0,0,0,0.0,-1,-1,-1,-1,0.0,0.0
2026-05-18T09:00,0.0,0.0,0.0,0.0,28.7,4.28,9.6,217,32,21820.0,1,0.113,0.0,2955.0,0,0.0,1,0,0.0,-1,-1,-1,-1,0.0,0.0
2026-05-18T10:00,0.0,0.0,0.0,0.0,28.3,2.86,9.3,237,43,21820.0,1,0.113,0.0,2665.0,0,0.0,1,0,0.0,-1,-1,-1,-1,0.0,0.0
2026-05-18T11:00,0.0,0.0,0.0,0.0,27.8,3.09,7.0,256,27,21840.0,1,0.113,0.0,2475.0,0,0.0,1,0,0.0,-1,-1,-1,-1,0.0,0.0
2026-05-18T12:00,0.0,0.0,0.0,0.0,27.5,3.27,7.3,251,77,21840.0,1,0.112,0.0,2245.0,0,0.0,2,0,0.0,-1,-1,-1,-1,0.0,0.0
2026-05-18T13:00,0.0,0.0,0.0,0.0,25.8,2.1,6.2,245,29,21840.0,1,0.112,0.0,365.0,0,0.0,1,0,0.0,-1,-1,-1,-1,0.0,0.0
2026-05-18T14:00,0.0,0.0,0.0,0.0,22.8,1.03,3.5,219,31,21840.0,0,0.112,0.0,40.0,0,0.0,1,0,0.0,-1,-1,-1,-1,0.0,0.0
2026-05-18T15:00,0.0,0.0,0.0,0.0,21.3,0.56,1.3,153,50,21840.0,0,0.112,0.0,25.0,0,0.0,2,0,0.0,-1,-1,-1,-1,0.0,0.0
2026-05-18T16:00,0.0,0.0,0.0,0.0,19.7,0.87,1.4,121,84,21840.0,0,0.112,0.0,30.0,0,0.0,3,0,0.0,-1,-1,-1,-1,0.0,0.0
2026-05-18T17:00,0.0,0.0,0.0,0.0,18.9,0.4,1.3,90,78,21840.0,0,0.112,0.0,25.0,0,0.0,2,0,0.0,-1,-1,-1,-1,0.0,0.0
2026-05-18T18:00,0.0,0.0,0.0,0.0,18.2,0.74,1.3,118,60,21840.0,0,0.112,0.0,30.0,0,0.0,2,0,0.0,-1,-1,-1,-1,0.0,0.0
2026-05-18T19:00,0.0,0.0,0.0,0.0,17.9,1.86,2.9,84,5,21860.0,0,0.112,0.0,50.0,1,0.0,0,0,0.0,-1,-1,-1,-1,0.0,0.0
2026-05-18T20:00,0.0,0.0,0.0,0.0,18.4,2.63,4.6,81,7,21860.0,0,0.112,0.0,85.0,1,0.0,0,0,0.0,-1,-1,-1,-1,0.0,0.0
2026-05-18T21:00,0.0,0.0,0.0,0.0,18.5,3.32,5.8,59,7,21860.0,0,0.112,0.0,115.0,1,0.0,0,0,0.0,-1,-1,-1,-1,0.0,0.0
2026-05-18T22:00,0.0,0.0,0.0,0.0,18.6,3.6,6.6,52,94,21860.0,0,0.112,0.0,140.0,1,0.0,3,0,0.0,-1,-1,-1,-1,0.0,0.0
2026-05-18T23:00,0.0,0.0,0.0,0.0,18.6,2.68,6.6,63,20,21860.0,1,0.112,0.0,105.0,1,0.0,1,0,0.0,-1,-1,-1,-1,0.0,0.0
2026-05-19T00:00,0.0,0.0,0.0,0.0,19.6,2.73,5.0,64,38,21880.0,1,0.112,0.0,105.0,0,0.0,1,0,0.0,-1,-1,-1,-1,0.0,0.0
2026-05-19T01:00,0.0,0.0,0.0,0.0,21.9,2.49,5.3,80,53,21880.0,1,0.112,0.0,270.0,1,0.0,2,0,0.0,-1,-1,-1,-1,0.0,0.0
2026-05-19T02:00,0.0,0.0,0.0,0.0,24.1,2.83,6.4,73,73,21900.0,1,0.112,0.0,745.0,1,0.0,2,0,0.0,-1,-1,-1,-1,0.0,0.0
2026-05-19T03:00,0.0,0.0,0.0,0.0,25.1,3.44,7.7,77,26,21900.0,1,0.112,0.0,970.0,1,0.0,1,0,0.0,-1,-1,-1,-1,0.0,0.0
2026-05-19T04:00,0.0,0.0,0.0,0.0,27.0,2.36,8.3,103,14,21900.0,1,0.112,0.0,2140.0,1,0.0,0,0,0.0,-1,-1,-1,-1,0.0,0.0
2026-05-19T05:00,0.0,0.0,0.0,0.0,28.3,0.76,6.7,191,30,21900.0,1,0.112,0.0,2530.0,1,0.0,1,0,0.0,-1,-1,-1,-1,0.0,0.0
2026-05-19T06:00,0.0,0.0,0.0,0.0,28.9,1.42,6.3,280,13,21900.0,1,0.111,0.0,2960.0,0,0.0,0,0,0.0,-1,-1,-1,-1,0.0,0.0
2026-05-19T07:00,0.0,0.0,0.0,0.0,29.9,3.22,8.2,306,43,21920.0,1,0.111,0.0,2870.0,1,0.0,1,0,0.0,-1,-1,-1,-1,0.0,0.0
2026-05-19T08:00,0.0,0.0,0.0,0.0,30.2,4.47,10.2,304,60,21920.0,1,0.111,0.0,2685.0,1,0.0,2,0,0.0,-1,-1,-1,-1,0.0,0.0
2026-05-19T09:00,0.0,0.0,0.0,0.0,30.6,5.57,11.6,289,83,21920.0,1,0.111,0.0,2785.0,1,0.0,3,0,0.0,-1,-1,-1,-1,0.0,0.0
2026-05-19T10:00,0.0,0.0,0.0,0.0,30.5,5.19,11.6,295,49,21920.0,1,0.111,0.0,3025.0,1,0.0,1,0,0.0,-1,-1,-1,-1,0.0,0.0
2026-05-19T11:00,0.0,0.0,0.0,0.0,30.2,5.33,10.7,293,82,21920.0,1,0.111,0.0,3070.0,1,0.0,3,0,0.0,-1,-1,-1,-1,0.0,0.0
2026-05-19T12:00,0.0,0.0,0.0,0.0,29.5,5.27,11.1,303,13,21940.0,1,0.111,0.0,1135.0,0,0.0,0,0,0.0,-1,-1,-1,-1,0.0,0.0
2026-05-19T13:00,0.0,0.0,0.0,0.0,27.9,2.5,9.8,323,54,21940.0,1,0.111,0.0,485.0,1,0.0,2,0,0.0,-1,-1,-1,-1,0.0,0.0
2026-05-19T14:00,0.0,0.0,0.0,0.0,25.8,1.7,4.7,40,88,21940.0,0,0.111,0.0,100.0,1,0.0,3,0,0.0,-1,-1,-1,-1,0.0,0.0
2026-05-19T15:00,0.0,0.0,0.0,0.0,25.3,3.22,5.7,57,100,21940.0,0,0.111,10.0,220.0,1,0.0,3,0,0.0,-1,-1,-1,-1,0.0,0.0
2026-05-19T16:00,0.0,0.0,0.0,0.0,25.0,3.86,7.0,43,98,21960.0,0,0.111,0.0,200.0,1,0.0,3,0,0.0,-1,-1,-1,-1,0.0,0.0
2026-05-19T17:00,0.0,0.0,0.0,0.0,24.2,2.59,7.0,50,91,21960.0,0,0.111,0.0,175.0,1,0.0,3,0,0.0,-1,-1,-1,-1,0.0,0.0
2026-05-19T18:00,0.0,0.0,0.0,0.0,23.0,1.49,4.8,70,83,21980.0,0,0.111,0.0,100.0,0,0.0,3,0,0.0,-1,-1,-1,-1,0.0,0.0
2026-05-19T19:00,0.0,0.0,0.0,0.0,21.9,1.61,2.6,36,81,21960.0,0,0.111,0.0,90.0,0,0.0,3,0,0.0,-1,-1,-1,-1,0.0,0.0
2026-05-19T20:00,0.0,0.0,0.0,0.0,21.9,2.4,4.5,45,63,21960.0,0,0.111,0.0,90.0,0,0.0,2,0,0.0,-1,-1,-1,-1,0.0,0.0
2026-05-19T21:00,0.0,0.0,0.0,0.0,20.6,3.39,5.6,9,65,6680.0,0,0.111,0.0,140.0,0,0.0,2,0,0.0,-1,-1,-1,-1,0.0,0.0
2026-05-19T22:00,0.1,0.0,0.0,0.0,19.8,2.39,7.0,33,66,21960.0,0,0.112,0.0,55.0,0,0.0,51,0,0.1,-1,-1,-1,-1,0.0,0.0
2026-05-19T23:00,0.0,0.0,0.0,0.0,19.8,3.82,6.6,64,21,21960.0,1,0.112,0.0,155.0,0,0.0,1,0,0.0,-1,-1,-1,-1,0.0,0.0
2026-05-20T00:00,0.0,0.0,0.0,0.0,19.7,4.22,6.9,73,49,21960.0,1,0.124,0.0,200.0,0,0.0,1,0,0.0,-1,-1,-1,-1,0.0,0.0
2026-05-20T01:00,0.0,0.0,0.0,0.0,21.0,5.17,10.1,70,7,21980.0,1,0.124,0.0,350.0,0,0.0,0,0,0.0,-1,-1,-1,-1,0.0,0.0
2026-05-20T02:00,0.0,0.0,0.0,0.0,23.1,3.61,9.5,56,1,22000.0,1,0.123,0.0,510.0,0,0.0,0,0,0.0,-1,-1,-1,-1,0.0,0.0
2026-05-20T03:00,0.0,0.0,0.0,0.0,25.6,2.55,7.7,332,2,22000.0,1,0.123,0.0,975.0,0,0.0,0,0,0.0,-1,-1,-1,-1,0.0,0.0
2026-05-20T04:00,0.0,0.0,0.0,0.0,26.7,1.06,6.9,341,13,22000.0,1,0.122,0.0,1590.0,0,0.0,0,0,0.0,-1,-1,-1,-1,0.0,0.0
2026-05-20T05:00,0.0,0.0,0.0,0.0,28.2,0.41,5.3,166,85,22000.0,1,0.12,0.0,2540.0,0,0.0,3,0,0.0,-1,-1,-1,-1,0.0,0.0
2026-05-20T06:00,0.0,0.0,0.0,0.0,29.2,2.93,5.7,166,84,22020.0,1,0.123,0.0,3295.0,0,0.0,3,0,0.0,-1,-1,-1,-1,0.0,0.0
2026-05-20T07:00,0.0,0.0,0.0,0.0,28.9,5.25,10.9,180,52,22020.0,1,0.122,0.0,3560.0,1,0.0,2,0,0.0,-1,-1,-1,-1,0.0,0.0
2026-05-20T08:00,0.0,0.0,0.0,0.0,29.5,5.11,11.0,194,88,22040.0,1,0.121,0.0,3685.0,1,0.0,3,0,0.0,-1,-1,-1,-1,0.0,0.0
2026-05-20T09:00,0.0,0.0,0.0,0.0,29.2,3.9,10.6,180,55,22040.0,1,0.12,0.0,3820.0,1,0.0,2,0,0.0,-1,-1,-1,-1,0.0,0.0
2026-05-20T10:00,0.0,0.0,0.0,0.0,29.5,4.2,8.4,183,66,22040.0,1,0.119,0.0,3870.0,1,0.0,2,0,0.0,-1,-1,-1,-1,0.0,0.0
2026-05-20T11:00,0.0,0.0,0.0,0.0,26.1,7.95,15.0,157,38,22020.0,1,0.119,10.0,2675.0,1,0.0,1,0,0.0,-1,-1,-1,-1,0.0,0.0
2026-05-20T12:00,0.0,0.0,0.0,0.0,26.5,7.39,14.4,157,45,22040.0,1,0.119,0.0,1765.0,1,0.0,1,0,0.0,-1,-1,-1,-1,0.0,0.0
2026-05-20T13:00,0.0,0.0,0.0,0.0,24.1,7.81,14.7,155,24,22060.0,1,0.119,0.0,1200.0,1,0.0,1,0,0.0,-1,-1,-1,-1,0.0,0.0
2026-05-20T14:00,0.0,0.0,0.0,0.0,21.9,4.06,13.9,158,1,22060.0,0,0.119,0.0,815.0,1,0.0,0,0,0.0,-1,-1,-1,-1,0.0,0.0
2026-05-20T15:00,0.0,0.0,0.0,0.0,20.0,1.04,6.6,125,3,22060.0,0,0.118,0.0,810.0,0,0.0,0,0,0.0,-1,-1,-1,-1,0.0,0.0
2026-05-20T16:00,0.0,0.0,0.0,0.0,19.1,0.63,1.5,151,38,22060.0,0,0.118,0.0,885.0,1,0.0,1,0,0.0,-1,-1,-1,-1,0.0,0.0
2026-05-20T17:00,0.0,0.0,0.0,0.0,17.8,1.18,1.4,54,5,22060.0,0,0.118,0.0,820.0,1,0.0,0,0,0.0,-1,-1,-1,-1,0.0,0.0
2026-05-20T18:00,0.0,0.0,0.0,0.0,17.0,2.14,3.1,53,31,22060.0,0,0.108,0.0,285.0,1,0.0,1,0,0.0,-1,-1,-1,-1,0.0,0.0
2026-05-20T19:00,0.0,0.0,0.0,0.0,16.4,3.9,7.3,49,9,22060.0,0,0.108,0.0,315.0,1,0.0,0,0,0.0,-1,-1,-1,-1,0.0,0.0
2026-05-20T20:00,0.0,0.0,0.0,0.0,15.5,3.22,7.2,46,13,22060.0,0,0.108,0.0,255.0,1,0.0,0,0,0.0,-1,-1,-1,-1,0.0,0.0
2026-05-20T21:00,0.0,0.0,0.0,0.0,15.3,3.34,6.1,60,39,22080.0,0,0.108,0.0,230.0,1,0.0,1,0,0.0,-1,-1,-1,-1,0.0,0.0
2026-05-20T22:00,0.0,0.0,0.0,0.0,14.6,2.69,6.1,75,84,22080.0,0,0.108,0.0,195.0,1,0.0,3,0,0.0,-1,-1,-1,-1,0.0,0.0
2026-05-20T23:00,0.0,0.0,0.0,0.0,14.8,3.14,5.7,59,87,22080.0,1,0.108,0.0,280.0,1,0.0,3,0,0.0,-1,-1,-1,-1,0.0,0.0
2026-05-21T00:00,0.0,0.0,0.0,0.0,15.5,1.08,5.8,68,55,22080.0,1,0.108,0.0,100.0,1,0.0,2,0,0.0,-1,-1,-1,-1,0.0,0.0
2026-05-21T01:00,0.0,0.0,0.0,0.0,18.0,0.81,2.9,101,99,22080.0,1,0.108,0.0,475.0,1,0.0,3,0,0.0,-1,-1,-1,-1,0.0,0.0
2026-05-21T02:00,0.0,0.0,0.0,0.0,19.5,1.42,4.5,129,26,22100.0,1,0.108,0.0,790.0,1,0.0,1,0,0.0,-1,-1,-1,-1,0.0,0.0
2026-05-21T03:00,0.0,0.0,0.0,0.0,21.2,1.57,5.4,107,2,22100.0,1,0.108,0.0,1030.0,1,0.0,0,0,0.0,-1,-1,-1,-1,0.0,0.0
2026-05-21T04:00,0.0,0.0,0.0,0.0,22.9,1.33,5.6,124,3,22100.0,1,0.108,0.0,1210.0,1,0.0,0,0,0.0,-1,-1,-1,-1,0.0,0.0
2026-05-21T05:00,0.0,0.0,0.0,0.0,24.4,0.84,5.4,197,0,22100.0,1,0.108,0.0,1495.0,1,0.0,0,0,0.0,-1,-1,-1,-1,0.0,0.0
2026-05-21T06:00,0.0,0.0,0.0,0.0,25.1,1.75,5.5,239,0,22120.0,1,0.113,0.0,1545.0,1,0.0,0,0,0.0,-1,-1,-1,-1,0.0,0.0
2026-05-21T07:00,0.0,0.0,0.0,0.0,26.5,2.21,6.9,237,2,22120.0,1,0.113,0.0,1580.0,1,0.0,0,0,0.0,-1,-1,-1,-1,0.0,0.0
2026-05-21T08:00,0.0,0.0,0.0,0.0,27.4,2.06,6.9,244,2,22140.0,1,0.113,0.0,1655.0,1,0.0,0,0,0.0,-1,-1,-1,-1,0.0,0.0
2026-05-21T09:00,0.0,0.0,0.0,0.0,28.0,1.98,6.6,260,5,22140.0,1,0.112,0.0,1780.0,1,0.0,0,0,0.0,-1,-1,-1,-1,0.0,0.0
2026-05-21T10:00,0.0,0.0,0.0,0.0,28.2,1.76,6.3,263,0,22140.0,1,0.112,0.0,1815.0,1,0.0,0,0,0.0,-1,-1,-1,-1,0.0,0.0
2026-05-21T11:00,0.0,0.0,0.0,0.0,28.0,1.58,5.6,259,2,22140.0,1,0.112,0.0,1645.0,1,0.0,0,0,0.0,-1,-1,-1,-1,0.0,0.0
2026-05-21T12:00,0.0,0.0,0.0,0.0,27.6,2.1,4.8,282,5,22140.0,1,0.117,0.0,1350.0,0,0.0,0,0,0.0,-1,-1,-1,-1,0.0,0.0
2026-05-21T13:00,0.0,0.0,0.0,0.0,25.2,1.2,4.6,315,2,22140.0,1,0.116,0.0,95.0,1,0.0,0,0,0.0,-1,-1,-1,-1,0.0,0.0
2026-05-21T14:00,0.0,0.0,0.0,0.0,22.7,1.14,2.1,345,16,22140.0,0,0.116,0.0,50.0,1,0.0,0,0,0.0,-1,-1,-1,-1,0.0,0.0
2026-05-21T15:00,0.0,0.0,0.0,0.0,22.1,0.53,1.7,41,95,22140.0,0,0.116,0.0,25.0,1,0.0,3,0,0.0,-1,-1,-1,-1,0.0,0.0
2026-05-21T16:00,0.0,0.0,0.0,0.0,20.9,1.43,1.9,61,77,22140.0,0,0.116,0.0,55.0,1,0.0,2,0,0.0,-1,-1,-1,-1,0.0,0.0
2026-05-21T17:00,0.0,0.0,0.0,0.0,20.0,2.02,3.2,50,27,22160.0,0,0.116,0.0,60.0,1,0.0,1,0,0.0,-1,-1,-1,-1,0.0,0.0
2026-05-21T18:00,0.0,0.0,0.0,0.0,18.9,1.75,3.3,53,91,22160.0,0,0.131,0.0,35.0,1,0.0,3,0,0.0,-1,-1,-1,-1,0.0,0.0
2026-05-21T19:00,0.0,0.0,0.0,0.0,18.2,1.74,3.1,51,100,22160.0,0,0.131,0.0,35.0,1,0.0,3,0,0.0,-1,-1,-1,-1,0.0,0.0
2026-05-21T20:00,0.0,0.0,0.0,0.0,17.4,1.45,3.0,63,45,22160.0,0,0.131,0.0,35.0,1,0.0,1,0,0.0,-1,-1,-1,-1,0.0,0.0
2026-05-21T21:00,0.0,0.0,0.0,0.0,16.4,0.97,2.2,102,86,22160.0,0,0.13,0.0,35.0,1,0.0,3,0,0.0,-1,-1,-1,-1,0.0,0.0
2026-05-21T22:00,0.0,0.0,0.0,0.0,16.5,0.15,1.4,90,68,22160.0,0,0.13,0.0,10.0,1,0.0,2,0,0.0,-1,-1,-1,-1,0.0,0.0
2026-05-21T23:00,0.0,0.0,0.0,0.0,16.2,0.63,0.9,72,69,22160.0,1,0.13,0.0,35.0,1,0.0,2,0,0.0,-1,-1,-1,-1,0.0,0.0
2026-05-22T00:00,0.0,0.0,0.0,0.0,18.3,1.63,2.2,101,96,22160.0,1,0.123,0.0,40.0,1,0.0,3,0,0.0,-1,-1,-1,-1,0.0,0.0
2026-05-22T01:00,0.0,0.0,0.0,0.0,19.7,0.85,3.1,93,98,22180.0,1,0.123,0.0,60.0,1,0.0,3,0,0.0,-1,-1,-1,-1,0.0,0.0
2026-05-22T02:00,0.0,0.0,0.0,0.0,21.2,1.6,4.1,94,91,22200.0,1,0.123,0.0,170.0,1,0.0,3,0,0.0,-1,-1,-1,-1,0.0,0.0
2026-05-22T03:00,0.0,0.0,0.0,0.0,23.2,1.53,4.3,142,66,22200.0,1,0.122,0.0,405.0,1,0.0,2,0,0.0,-1,-1,-1,-1,0.0,0.0
2026-05-22T04:00,0.0,0.0,0.0,0.0,25.8,2.17,5.8,188,17,22220.0,1,0.122,0.0,825.0,1,0.0,0,0,0.0,-1,-1,-1,-1,0.0,0.0
2026-05-22T05:00,0.0,0.0,0.0,0.0,28.0,2.72,7.2,200,14,22220.0,1,0.121,0.0,1700.0,1,0.0,0,0,0.0,-1,-1,-1,-1,0.0,0.0
2026-05-22T06:00,0.0,0.0,0.0,0.0,29.0,2.55,7.2,208,0,22200.0,1,0.121,0.0,2245.0,1,0.0,0,0,0.0,-1,-1,-1,-1,0.0,0.0
2026-05-22T07:00,0.0,0.0,0.0,0.0,30.4,3.06,8.0,244,0,22220.0,1,0.12,0.0,2860.0,1,0.0,0,0,0.0,-1,-1,-1,-1,0.0,0.0
2026-05-22T08:00,0.0,0.0,0.0,0.0,31.0,3.98,9.1,255,0,22220.0,1,0.119,0.0,3060.0,1,0.0,0,0,0.0,-1,-1,-1,-1,0.0,0.0
2026-05-22T09:00,0.0,0.0,0.0,0.0,31.1,4.41,9.8,257,5,22220.0,1,0.118,0.0,3115.0,1,0.0,0,0,0.0,-1,-1,-1,-1,0.0,0.0
2026-05-22T10:00,0.0,0.0,0.0,0.0,31.1,4.36,9.7,261,29,22220.0,1,0.117,0.0,2970.0,1,0.0,1,0,0.0,-1,-1,-1,-1,0.0,0.0
2026-05-22T11:00,0.0,0.0,0.0,0.0,30.7,4.2,9.3,268,55,22220.0,1,0.117,0.0,2950.0,1,0.0,2,0,0.0,-1,-1,-1,-1,0.0,0.0
2026-05-22T12:00,0.0,0.0,0.0,0.0,30.3,3.34,8.6,283,95,22240.0,1,0.11,0.0,2300.0,1,0.0,3,0,0.0,-1,-1,-1,-1,0.0,0.0
2026-05-22T13:00,0.0,0.0,0.0,0.0,28.0,1.11,6.3,306,99,22240.0,1,0.11,0.0,115.0,1,0.0,3,0,0.0,-1,-1,-1,-1,0.0,0.0
2026-05-22T14:00,0.0,0.0,0.0,0.0,26.4,0.66,1.6,279,98,22240.0,0,0.11,0.0,45.0,1,0.0,3,0,0.0,-1,-1,-1,-1,0.0,0.0
2026-05-22T15:00,0.0,0.0,0.0,0.0,25.7,1.13,1.7,319,84,22240.0,0,0.11,0.0,90.0,1,0.0,3,0,0.0,-1,-1,-1,-1,0.0,0.0
2026-05-22T16:00,0.0,0.0,0.0,0.0,24.3,0.3,1.7,9,89,22260.0,0,0.11,0.0,20.0,1,0.0,3,0,0.0,-1,-1,-1,-1,0.0,0.0
2026-05-22T17:00,0.0,0.0,0.0,0.0,22.7,0.53,0.8,139,84,22260.0,0,0.11,0.0,25.0,1,0.0,3,0,0.0,-1,-1,-1,-1,0.0,0.0
2026-05-22T18:00,0.0,0.0,0.0,0.0,21.6,1.04,1.0,125,2,22260.0,0,0.11,0.0,30.0,1,0.0,0,0,0.0,-1,-1,-1,-1,0.0,0.0
2026-05-22T19:00,0.0,0.0,0.0,0.0,20.4,0.55,1.5,90,8,22240.0,0,0.11,0.0,25.0,1,0.0,0,0,0.0,-1,-1,-1,-1,0.0,0.0
2026-05-22T20:00,0.0,0.0,0.0,0.0,19.5,0.74,1.1,110,34,22260.0,0,0.11,0.0,30.0,1,0.0,1,0,0.0,-1,-1,-1,-1,0.0,0.0
2026-05-22T21:00,0.0,0.0,0.0,0.0,19.6,2.3,3.4,66,19,22260.0,0,0.11,0.0,95.0,1,0.0,0,0,0.0,-1,-1,-1,-1,0.0,0.0
2026-05-22T22:00,0.0,0.0,0.0,0.0,20.5,3.39,6.1,53,23,22260.0,0,0.11,0.0,140.0,1,0.0,1,0,0.0,-1,-1,-1,-1,0.0,0.0
2026-05-22T23:00,0.0,0.0,0.0,0.0,20.6,3.7,6.9,55,13,22260.0,1,0.11,0.0,165.0,1,0.0,0,0,0.0,-1,-1,-1,-1,0.0,0.0
2026-05-23T00:00,0.0,0.0,0.0,0.0,21.5,3.6,7.8,63,42,22260.0,1,0.11,0.0,155.0,1,0.0,1,0,0.0,-1,-1,-1,-1,0.0,0.0
2026-05-23T01:00,0.0,0.0,0.0,0.0,24.7,3.8,7.4,62,17,22280.0,1,0.11,0.0,485.0,1,0.0,0,0,0.0,-1,-1,-1,-1,0.0,0.0
2026-05-23T02:00,0.0,0.0,0.0,0.0,27.3,5.44,10.6,51,38,22280.0,1,0.11,0.0,830.0,1,0.0,1,0,0.0,-1,-1,-1,-1,0.0,0.0
2026-05-23T03:00,0.0,0.0,0.0,0.0,28.1,6.62,13.2,55,97,22300.0,1,0.11,0.0,945.0,1,0.0,3,0,0.0,-1,-1,-1,-1,0.0,0.0
2026-05-23T04:00,0.0,0.0,0.0,0.0,28.6,6.59,13.3,57,100,22300.0,1,0.11,0.0,1120.0,1,0.0,3,0,0.0,-1,-1,-1,-1,0.0,0.0
2026-05-23T05:00,0.0,0.0,0.0,0.0,28.6,5.99,13.2,59,95,22300.0,1,0.11,0.0,1605.0,1,0.0,3,0,0.0,-1,-1,-1,-1,0.0,0.0
2026-05-23T06:00,0.0,0.0,0.0,0.0,30.0,4.52,12.1,61,84,22320.0,1,0.11,0.0,2210.0,0,0.0,3,0,0.0,-1,-1,-1,-1,0.0,0.0
2026-05-23T07:00,0.0,0.0,0.0,0.0,31.7,3.64,10.2,72,55,22320.0,1,0.11,0.0,3035.0,1,0.0,2,0,0.0,-1,-1,-1,-1,0.0,0.0
2026-05-23T08:00,0.0,0.0,0.0,0.0,32.5,2.96,9.0,94,35,22340.0,1,0.11,0.0,3470.0,1,0.0,1,0,0.0,-1,-1,-1,-1,0.0,0.0
2026-05-23T09:00,0.0,0.0,0.0,0.0,32.9,2.89,7.7,120,100,22340.0,1,0.11,0.0,4240.0,1,0.0,3,0,0.0,-1,-1,-1,-1,0.0,0.0
2026-05-23T10:00,0.0,0.0,0.0,0.0,32.2,3.4,7.6,100,99,22340.0,1,0.11,0.0,4315.0,1,0.0,3,0,0.0,-1,-1,-1,-1,0.0,0.0
2026-05-23T11:00,0.0,0.0,0.0,0.0,28.3,8.39,15.1,34,94,22320.0,1,0.11,10.0,1160.0,0,0.0,3,0,0.0,-1,-1,-1,-1,0.0,0.0
2026-05-23T12:00,0.0,0.0,0.0,0.0,27.7,9.03,16.7,20,40,22340.0,1,0.113,40.0,730.0,0,0.0,1,0,0.0,-1,-1,-1,-1,0.0,0.0
2026-05-23T13:00,0.0,0.0,0.0,0.0,25.6,8.44,17.0,29,30,22320.0,1,0.113,0.0,730.0,0,0.0,1,0,0.0,-1,-1,-1,-1,0.0,0.0
2026-05-23T14:00,0.0,0.0,0.0,0.0,23.3,11.23,20.2,31,8,22320.0,0,0.113,0.0,820.0,0,0.0,0,0,0.0,-1,-1,-1,-1,0.0,0.0
2026-05-23T15:00,0.0,0.0,0.0,0.0,22.7,12.75,23.1,36,27,22340.0,0,0.113,0.0,1150.0,0,0.0,1,0,0.0,-1,-1,-1,-1,0.0,0.0
2026-05-23T16:00,0.0,0.0,0.0,0.0,21.9,11.11,23.3,37,95,22340.0,0,0.113,0.0,1055.0,0,0.0,3,0,0.0,-1,-1,-1,-1,0.0,0.0
2026-05-23T17:00,0.0,0.0,0.0,0.0,21.5,10.33,20.5,30,65,12160.0,0,0.112,0.0,1105.0,0,0.0,2,0,0.0,-1,-1,-1,-1,0.0,0.0
2026-05-23T18:00,0.1,0.0,0.0,0.0,20.4,8.16,18.8,35,80,22340.0,0,0.113,0.0,890.0,0,0.0,51,0,0.1,-1,-1,-1,-1,0.0,0.0
2026-05-23T19:00,0.0,0.0,0.0,0.0,19.6,7.93,15.0,32,78,22340.0,0,0.113,10.0,1145.0,0,0.0,2,0,0.0,-1,-1,-1,-1,0.0,0.0
2026-05-23T20:00,0.0,0.0,0.0,0.0,18.3,6.36,14.6,44,69,22340.0,0,0.112,10.0,655.0,0,0.0,2,0,0.0,-1,-1,-1,-1,0.0,0.0
2026-05-23T21:00,0.0,0.0,0.0,0.0,17.5,6.64,12.5,53,54,21800.0,0,0.112,30.0,535.0,0,0.0,2,0,0.0,-1,-1,-1,-1,0.0,0.0
2026-05-23T22:00,0.0,0.0,0.0,0.0,17.6,6.23,12.5,48,19,16640.0,0,0.112,10.0,545.0,0,0.0,0,0,0.0,-1,-1,-1,-1,0.0,0.0
2026-05-23T23:00,0.0,0.0,0.0,0.0,17.5,5.97,11.5,54,38,22340.0,1,0.112,10.0,510.0,0,0.0,1,0,0.0,-1,-1,-1,-1,0.0,0.0
2026-05-24T00:00,0.0,0.0,0.0,0.0,18.1,6.19,12.0,44,45,13120.0,1,0.116,0.0,620.0,0,0.0,1,0,0.0,-1,-1,-1,-1,0.0,0.0
2026-05-24T01:00,0.0,0.0,0.0,0.0,19.7,7.56,13.9,56,31,14520.0,1,0.116,0.0,815.0,0,0.0,1,0,0.0,-1,-1,-1,-1,0.0,0.0
2026-05-24T02:00,0.0,0.0,0.0,0.0,20.9,8.85,16.3,57,49,22380.0,1,0.115,0.0,1160.0,0,0.0,1,0,0.0,-1,-1,-1,-1,0.0,0.0
2026-05-24T03:00,0.0,0.0,0.0,0.0,21.4,9.96,18.8,49,77,22380.0,1,0.115,0.0,990.0,0,0.0,2,0,0.0,-1,-1,-1,-1,0.0,0.0
2026-05-24T04:00,0.0,0.0,0.0,0.0,22.0,9.2,18.8,53,100,22380.0,1,0.115,0.0,1045.0,0,0.0,3,0,0.0,-1,-1,-1,-1,0.0,0.0
2026-05-24T05:00,0.0,0.0,0.0,0.0,21.6,8.0,17.7,56,100,22400.0,1,0.115,0.0,885.0,0,0.0,3,0,0.0,-1,-1,-1,-1,0.0,0.0
2026-05-24T06:00,0.0,0.0,0.0,0.0,22.9,6.4,15.4,62,98,22400.0,1,0.123,0.0,970.0,0,0.0,3,0,0.0,-1,-1,-1,-1,0.0,0.0
2026-05-24T07:00,0.0,0.0,0.0,0.0,24.4,6.11,13.3,64,93,22400.0,1,0.122,0.0,1210.0,0,0.0,3,0,0.0,-1,-1,-1,-1,0.0,0.0
2026-05-24T08:00,0.0,0.0,0.0,0.0,25.7,4.81,12.7,62,96,22420.0,1,0.121,0.0,2395.0,0,0.0,3,0,0.0,-1,-1,-1,-1,0.0,0.0
2026-05-24T09:00,0.0,0.0,0.0,0.0,25.9,3.43,10.6,59,98,22420.0,1,0.12,0.0,2670.0,0,0.0,3,0,0.0,-1,-1,-1,-1,0.0,0.0
2026-05-24T10:00,0.0,0.0,0.0,0.0,25.6,3.73,8.3,70,79,22420.0,1,0.12,0.0,2300.0,0,0.0,2,0,0.0,-1,-1,-1,-1,0.0,0.0
2026-05-24T11:00,0.0,0.0,0.0,0.0,25.5,3.53,8.4,72,88,22440.0,1,0.119,0.0,2130.0,0,0.0,3,0,0.0,-1,-1,-1,-1,0.0,0.0
2026-05-24T12:00,0.0,0.0,0.0,0.0,25.4,2.54,7.7,328,91,22440.0,1,0.125,0.0,1650.0,0,0.0,3,0,0.0,-1,-1,-1,-1,0.0,0.0
2026-05-24T13:00,0.0,0.0,0.0,0.0,23.7,2.36,5.6,21,95,22420.0,1,0.125,0.0,310.0,0,0.0,3,0,0.0,-1,-1,-1,-1,0.0,0.0
2026-05-24T14:00,0.0,0.0,0.0,0.0,21.8,3.51,6.1,54,91,22440.0,0,0.125,0.0,205.0,0,0.0,3,0,0.0,-1,-1,-1,-1,0.0,0.0
2026-05-24T15:00,0.0,0.0,0.0,0.0,20.9,3.1,6.5,52,88,22440.0,0,0.124,0.0,175.0,0,0.0,3,0,0.0,-1,-1,-1,-1,0.0,0.0
2026-05-24T16:00,0.0,0.0,0.0,0.0,19.1,2.77,5.7,41,80,22440.0,0,0.124,0.0,100.0,0,0.0,3,0,0.0,-1,-1,-1,-1,0.0,0.0
2026-05-24T17:00,0.0,0.0,0.0,0.0,18.5,2.49,5.3,80,29,22440.0,0,0.124,0.0,315.0,0,0.0,1,0,0.0,-1,-1,-1,-1,0.0,0.0
2026-05-24T18:00,0.0,0.0,0.0,0.0,17.2,1.27,4.4,48,45,22440.0,0,0.121,0.0,40.0,0,0.0,1,0,0.0,-1,-1,-1,-1,0.0,0.0
2026-05-24T19:00,0.0,0.0,0.0,0.0,16.9,1.3,2.7,28,27,22460.0,0,0.121,0.0,40.0,0,0.0,1,0,0.0,-1,-1,-1,-1,0.0,0.0
2026-05-24T20:00,0.0,0.0,0.0,0.0,16.5,0.96,2.6,28,64,22460.0,0,0.121,0.0,40.0,0,0.0,2,0,0.0,-1,-1,-1,-1,0.0,0.0
2026-05-24T21:00,0.0,0.0,0.0,0.0,16.7,0.16,1.5,18,0,22460.0,0,0.121,0.0,20.0,0,0.0,0,0,0.0,-1,-1,-1,-1,0.0,0.0
2026-05-24T22:00,0.0,0.0,0.0,0.0,15.9,0.4,0.8,360,0,22460.0,0,0.121,0.0,35.0,0,0.0,0,0,0.0,-1,-1,-1,-1,0.0,0.0
2026-05-24T23:00,0.0,0.0,0.0,0.0,15.2,0.3,0.9,360,0,22460.0,1,0.121,0.0,25.0,0,0.0,0,0,0.0,-1,-1,-1,-1,0.0,0.0
2026-05-25T00:00,0.0,0.0,0.0,0.0,15.6,1.0,0.7,90,0,22480.0,1,0.125,0.0,35.0,0,0.0,0,0,0.0,-1,-1,-1,-1,0.0,0.0
2026-05-25T01:00,0.0,0.0,0.0,0.0,18.2,0.9,3.4,87,0,22480.0,1,0.125,0.0,130.0,0,0.0,0,0,0.0,-1,-1,-1,-1,0.0,0.0
2026-05-25T02:00,0.0,0.0,0.0,0.0,20.3,0.45,3.2,243,0,22500.0,1,0.124,0.0,815.0,0,0.0,0,0,0.0,-1,-1,-1,-1,0.0,0.0
2026-05-25T03:00,0.0,0.0,0.0,0.0,22.0,1.52,5.1,224,0,22500.0,1,0.124,0.0,1155.0,0,0.0,0,0,0.0,-1,-1,-1,-1,0.0,0.0
2026-05-25T04:00,0.0,0.0,0.0,0.0,23.5,2.14,6.2,213,0,22500.0,1,0.123,0.0,1765.0,0,0.0,0,0,0.0,-1,-1,-1,-1,0.0,0.0
2026-05-25T05:00,0.0,0.0,0.0,0.0,24.8,2.69,7.3,215,5,22520.0,1,0.122,0.0,1995.0,0,0.0,0,0,0.0,-1,-1,-1,-1,0.0,0.0
2026-05-25T06:00,0.0,0.0,0.0,0.0,26.0,3.85,8.2,245,18,22520.0,1,0.123,0.0,2400.0,0,0.0,0,0,0.0,-1,-1,-1,-1,0.0,0.0
2026-05-25T07:00,0.0,0.0,0.0,0.0,26.9,4.62,10.2,248,9,22520.0,1,0.122,0.0,2485.0,0,0.0,0,0,0.0,-1,-1,-1,-1,0.0,0.0
2026-05-25T08:00,0.0,0.0,0.0,0.0,27.5,5.0,10.8,250,9,22520.0,1,0.121,0.0,2610.0,0,0.0,0,0,0.0,-1,-1,-1,-1,0.0,0.0
2026-05-25T09:00,0.0,0.0,0.0,0.0,27.9,4.63,10.8,256,5,22520.0,1,0.12,0.0,2945.0,0,0.0,0,0,0.0,-1,-1,-1,-1,0.0,0.0
2026-05-25T10:00,0.0,0.0,0.0,0.0,28.3,4.14,10.0,262,19,22540.0,1,0.119,0.0,2945.0,0,0.0,0,0,0.0,-1,-1,-1,-1,0.0,0.0
2026-05-25T11:00,0.0,0.0,0.0,0.0,28.1,3.79,9.0,278,13,22540.0,1,0.118,0.0,2675.0,0,0.0,0,0,0.0,-1,-1,-1,-1,0.0,0.0
2026-05-25T12:00,0.0,0.0,0.0,0.0,28.1,3.6,8.0,256,11,22540.0,1,0.117,0.0,2585.0,0,0.0,0,0,0.0,-1,-1,-1,-1,0.0,0.0
2026-05-25T13:00,0.0,0.0,0.0,0.0,25.4,1.25,6.4,268,1,22540.0,1,0.117,0.0,130.0,1,0.0,0,0,0.0,-1,-1,-1,-1,0.0,0.0
2026-05-25T14:00,0.0,0.0,0.0,0.0,23.1,0.6,1.7,336,0,22560.0,0,0.117,0.0,35.0,1,0.0,0,0,0.0,-1,-1,-1,-1,0.0,0.0
2026-05-25T15:00,0.0,0.0,0.0,0.0,21.8,0.85,1.5,21,0,22560.0,0,0.117,0.0,30.0,1,0.0,0,0,0.0,-1,-1,-1,-1,0.0,0.0
2026-05-25T16:00,0.0,0.0,0.0,0.0,20.9,0.18,1.5,56,0,22540.0,0,0.117,0.0,10.0,1,0.0,0,0,0.0,-1,-1,-1,-1,0.0,0.0
2026-05-25T17:00,0.0,0.0,0.0,0.0,19.7,2.51,4.0,67,0,22540.0,0,0.117,0.0,70.0,1,0.0,0,0,0.0,-1,-1,-1,-1,0.0,0.0
2026-05-25T18:00,0.0,0.0,0.0,0.0,21.2,4.02,7.2,69,0,22560.0,0,0.135,0.0,230.0,0,0.0,0,0,0.0,-1,-1,-1,-1,0.0,0.0
2026-05-25T19:00,0.0,0.0,0.0,0.0,19.4,3.93,7.2,49,0,22560.0,0,0.134,0.0,165.0,1,0.0,0,0,0.0,-1,-1,-1,-1,0.0,0.0
2026-05-25T20:00,0.0,0.0,0.0,0.0,18.9,4.01,7.1,51,0,22560.0,0,0.134,0.0,170.0,1,0.0,0,0,0.0,-1,-1,-1,-1,0.0,0.0
2026-05-25T21:00,0.0,0.0,0.0,0.0,18.5,4.54,7.8,66,0,22560.0,0,0.133,0.0,190.0,1,0.0,0,0,0.0,-1,-1,-1,-1,0.0,0.0
2026-05-25T22:00,0.0,0.0,0.0,0.0,17.9,4.63,8.6,83,0,22560.0,0,0.133,0.0,195.0,1,0.0,0,0,0.0,-1,-1,-1,-1,0.0,0.0
2026-05-25T23:00,0.0,0.0,0.0,0.0,17.3,4.85,8.6,88,0,22580.0,1,0.133,0.0,160.0,1,0.0,0,0,0.0,-1,-1,-1,-1,0.0,0.0
2026-05-26T00:00,0.0,0.0,0.0,0.0,18.8,2.75,8.4,90,0,22580.0,1,0.116,0.0,475.0,1,0.0,0,0,0.0,-1,-1,-1,-1,0.0,0.0
2026-05-26T01:00,0.0,0.0,0.0,0.0,20.7,2.4,5.1,90,0,22600.0,1,0.116,0.0,595.0,1,0.0,0,0,0.0,-1,-1,-1,-1,0.0,0.0
2026-05-26T02:00,0.0,0.0,0.0,0.0,22.5,3.08,6.7,110,0,22600.0,1,0.115,0.0,830.0,1,0.0,0,0,0.0,-1,-1,-1,-1,0.0,0.0
2026-05-26T03:00,0.0,0.0,0.0,0.0,24.2,3.94,8.4,130,0,22600.0,1,0.115,0.0,1180.0,1,0.0,0,0,0.0,-1,-1,-1,-1,0.0,0.0
2026-05-26T04:00,0.0,0.0,0.0,0.0,25.7,4.11,9.1,139,0,22620.0,1,0.115,0.0,1575.0,1,0.0,0,0,0.0,-1,-1,-1,-1,0.0,0.0
2026-05-26T05:00,0.0,0.0,0.0,0.0,27.1,3.91,9.1,153,0,22620.0,1,0.115,0.0,1890.0,1,0.0,0,0,0.0,-1,-1,-1,-1,0.0,0.0
2026-05-26T06:00,0.0,0.0,0.0,0.0,28.1,3.8,8.9,178,0,22620.0,1,0.114,0.0,2335.0,0,0.0,0,0,0.0,-1,-1,-1,-1,0.0,0.0
2026-05-26T07:00,0.0,0.0,0.0,0.0,28.9,3.02,8.7,187,0,22620.0,1,0.114,0.0,2645.0,1,0.0,0,0,0.0,-1,-1,-1,-1,0.0,0.0
2026-05-26T08:00,0.0,0.0,0.0,0.0,29.6,2.6,7.7,191,0,22620.0,1,0.113,0.0,2805.0,1,0.0,0,0,0.0,-1,-1,-1,-1,0.0,0.0
2026-05-26T09:00,0.0,0.0,0.0,0.0,29.9,2.1,7.0,198,0,22640.0,1,0.113,0.0,2905.0,1,0.0,0,0,0.0,-1,-1,-1,-1,0.0,0.0
2026-05-26T10:00,0.0,0.0,0.0,0.0,30.0,1.67,6.2,189,3,22640.0,1,0.113,0.0,2905.0,1,0.0,0,0,0.0,-1,-1,-1,-1,0.0,0.0
2026-05-26T11:00,0.0,0.0,0.0,0.0,29.8,2.01,5.2,161,12,22640.0,1,0.112,0.0,2955.0,1,0.0,0,0,0.0,-1,-1,-1,-1,0.0,0.0
2026-05-26T12:00,0.0,0.0,0.0,0.0,29.5,1.67,5.6,171,91,22660.0,1,0.112,0.0,2765.0,0,0.0,3,0,0.0,-1,-1,-1,-1,0.0,0.0
2026-05-26T13:00,0.0,0.0,0.0,0.0,27.2,1.46,3.1,128,88,22660.0,1,0.112,0.0,220.0,1,0.0,3,0,0.0,-1,-1,-1,-1,0.0,0.0
2026-05-26T14:00,0.0,0.0,0.0,0.0,24.6,2.16,3.4,146,75,22660.0,0,0.112,0.0,265.0,1,0.0,2,0,0.0,-1,-1,-1,-1,0.0,0.0
2026-05-26T15:00,0.0,0.0,0.0,0.0,23.4,2.19,3.4,156,92,22660.0,0,0.112,0.0,350.0,1,0.0,3,0,0.0,-1,-1,-1,-1,0.0,0.0
2026-05-26T16:00,0.0,0.0,0.0,0.0,22.3,2.14,3.5,127,65,22660.0,0,0.112,0.0,205.0,1,0.0,2,0,0.0,-1,-1,-1,-1,0.0,0.0
2026-05-26T17:00,0.0,0.0,0.0,0.0,21.4,0.98,3.5,105,27,22660.0,0,0.112,0.0,170.0,1,0.0,1,0,0.0,-1,-1,-1,-1,0.0,0.0
2026-05-26T18:00,0.0,0.0,0.0,0.0,20.5,0.36,1.4,56,20,22680.0,0,0.112,0.0,30.0,0,0.0,1,0,0.0,-1,-1,-1,-1,0.0,0.0
2026-05-26T19:00,0.0,0.0,0.0,0.0,19.9,0.96,1.5,39,20,22680.0,0,0.112,0.0,45.0,1,0.0,1,0,0.0,-1,-1,-1,-1,0.0,0.0
2026-05-26T20:00,0.0,0.0,0.0,0.0,19.1,1.38,1.9,77,37,22680.0,0,0.112,0.0,55.0,1,0.0,1,0,0.0,-1,-1,-1,-1,0.0,0.0
2026-05-26T21:00,0.0,0.0,0.0,0.0,18.2,1.95,2.9,91,36,22660.0,0,0.112,0.0,95.0,1,0.0,1,0,0.0,-1,-1,-1,-1,0.0,0.0
2026-05-26T22:00,0.0,0.0,0.0,0.0,17.5,1.11,2.8,72,43,22680.0,0,0.112,0.0,60.0,1,0.0,1,0,0.0,-1,-1,-1,-1,0.0,0.0
2026-05-26T23:00,0.0,0.0,0.0,0.0,17.5,0.76,1.6,67,47,22680.0,1,0.112,0.0,50.0,1,0.0,1,0,0.0,-1,-1,-1,-1,0.0,0.0
2026-05-27T00:00,0.0,0.0,0.0,0.0,18.8,1.01,1.2,63,88,22680.0,1,0.112,0.0,35.0,0,0.0,3,0,0.0,-1,-1,-1,-1,0.0,0.0
2026-05-27T01:00,0.0,0.0,0.0,0.0,22.2,1.35,3.4,51,95,22700.0,1,0.112,0.0,335.0,1,0.0,3,0,0.0,-1,-1,-1,-1,0.0,0.0
2026-05-27T02:00,0.0,0.0,0.0,0.0,24.2,1.8,4.8,109,71,22700.0,1,0.112,0.0,650.0,1,0.0,2,0,0.0,-1,-1,-1,-1,0.0,0.0
2026-05-27T03:00,0.0,0.0,0.0,0.0,26.0,2.62,6.4,133,13,22720.0,1,0.112,0.0,1040.0,1,0.0,0,0,0.0,-1,-1,-1,-1,0.0,0.0
2026-05-27T04:00,0.0,0.0,0.0,0.0,27.8,3.22,7.6,154,19,22740.0,1,0.112,0.0,1885.0,1,0.0,0,0,0.0,-1,-1,-1,-1,0.0,0.0
2026-05-27T05:00,0.0,0.0,0.0,0.0,29.0,3.25,7.9,179,29,22740.0,1,0.111,0.0,2365.0,1,0.0,1,0,0.0,-1,-1,-1,-1,0.0,0.0
2026-05-27T06:00,0.0,0.0,0.0,0.0,29.9,3.18,7.9,202,63,22740.0,1,0.111,0.0,3030.0,0,0.0,2,0,0.0,-1,-1,-1,-1,0.0,0.0
2026-05-27T07:00,0.0,0.0,0.0,0.0,30.7,3.09,7.9,209,55,22740.0,1,0.111,0.0,3595.0,1,0.0,2,0,0.0,-1,-1,-1,-1,0.0,0.0
2026-05-27T08:00,0.0,0.0,0.0,0.0,31.3,2.92,7.8,211,49,22760.0,1,0.111,0.0,3705.0,1,0.0,1,0,0.0,-1,-1,-1,-1,0.0,0.0
2026-05-27T09:00,0.0,0.0,0.0,0.0,31.5,2.8,7.5,215,18,22760.0,1,0.111,0.0,3755.0,1,0.0,0,0,0.0,-1,-1,-1,-1,0.0,0.0
2026-05-27T10:00,0.0,0.0,0.0,0.0,31.4,2.3,7.2,224,20,22760.0,1,0.111,0.0,3755.0,1,0.0,1,0,0.0,-1,-1,-1,-1,0.0,0.0
2026-05-27T11:00,0.0,0.0,0.0,0.0,31.1,1.16,6.1,205,10,22760.0,1,0.111,0.0,3980.0,1,0.0,0,0,0.0,-1,-1,-1,-1,0.0,0.0
2026-05-27T12:00,0.0,0.0,0.0,0.0,30.6,1.49,5.4,256,73,22760.0,1,0.111,0.0,3475.0,0,0.0,2,0,0.0,-1,-1,-1,-1,0.0,0.0
2026-05-27T13:00,0.0,0.0,0.0,0.0,28.6,0.27,3.1,248,72,22780.0,1,0.111,0.0,30.0,1,0.0,2,0,0.0,-1,-1,-1,-1,0.0,0.0
2026-05-27T14:00,0.0,0.0,0.0,0.0,25.7,1.27,1.4,154,18,22780.0,0,0.111,0.0,120.0,1,0.0,0,0,0.0,-1,-1,-1,-1,0.0,0.0
2026-05-27T15:00,0.0,0.0,0.0,0.0,23.9,1.31,2.2,130,0,22760.0,0,0.111,0.0,80.0,1,0.0,0,0,0.0,-1,-1,-1,-1,0.0,0.0
2026-05-27T16:00,0.0,0.0,0.0,0.0,23.8,0.25,1.8,53,0,22760.0,0,0.111,0.0,20.0,1,0.0,0,0,0.0,-1,-1,-1,-1,0.0,0.0
2026-05-27T17:00,0.0,0.0,0.0,0.0,22.7,0.3,0.7,360,0,22780.0,0,0.111,0.0,25.0,1,0.0,0,0,0.0,-1,-1,-1,-1,0.0,0.0
2026-05-27T18:00,0.0,0.0,0.0,0.0,21.8,0.86,1.6,353,0,22780.0,0,0.111,0.0,70.0,0,0.0,0,0,0.0,-1,-1,-1,-1,0.0,0.0
2026-05-27T19:00,0.0,0.0,0.0,0.0,21.3,0.4,1.5,360,0,22780.0,0,0.111,0.0,30.0,1,0.0,0,0,0.0,-1,-1,-1,-1,0.0,0.0
2026-05-27T20:00,0.0,0.0,0.0,0.0,19.8,0.3,0.9,180,0,22780.0,0,0.111,0.0,20.0,1,0.0,0,0,0.0,-1,-1,-1,-1,0.0,0.0
2026-05-27T21:00,0.0,0.0,0.0,0.0,17.6,0.96,1.3,141,0,22800.0,0,0.111,0.0,25.0,1,0.0,0,0,0.0,-1,-1,-1,-1,0.0,0.0
2026-05-27T22:00,0.0,0.0,0.0,0.0,16.5,1.05,1.7,93,0,22780.0,0,0.111,0.0,25.0,1,0.0,0,0,0.0,-1,-1,-1,-1,0.0,0.0
2026-05-27T23:00,0.0,0.0,0.0,0.0,16.5,0.85,1.6,87,0,22800.0,1,0.111,0.0,30.0,1,0.0,0,0,0.0,-1,-1,-1,-1,0.0,0.0
2026-05-28T00:00,0.0,0.0,0.0,0.0,18.9,1.11,1.9,98,0,22800.0,1,0.111,0.0,35.0,0,0.0,0,0,0.0,-1,-1,-1,-1,0.0,0.0
2026-05-28T01:00,0.0,0.0,0.0,0.0,22.7,1.18,3.3,78,0,22800.0,1,0.111,0.0,75.0,1,0.0,0,0,0.0,-1,-1,-1,-1,0.0,0.0
2026-05-28T02:00,0.0,0.0,0.0,0.0,25.9,1.08,3.9,112,0,22820.0,1,0.111,0.0,335.0,1,0.0,0,0,0.0,-1,-1,-1,-1,0.0,0.0
2026-05-28T03:00,0.0,0.0,0.0,0.0,28.3,0.76,4.3,157,1,22840.0,1,0.111,0.0,745.0,1,0.0,0,0,0.0,-1,-1,-1,-1,0.0,0.0
2026-05-28T04:00,0.0,0.0,0.0,0.0,30.1,1.37,5.1,246,1,22840.0,1,0.111,0.0,1805.0,1,0.0,0,0,0.0,-1,-1,-1,-1,0.0,0.0
2026-05-28T05:00,0.0,0.0,0.0,0.0,31.5,2.64,7.2,255,3,22840.0,1,0.111,0.0,3205.0,1,0.0,0,0,0.0,-1,-1,-1,-1,0.0,0.0
2026-05-28T06:00,0.0,0.0,0.0,0.0,32.3,3.72,9.0,253,2,22840.0,1,0.111,0.0,3795.0,0,0.0,0,0,0.0,-1,-1,-1,-1,0.0,0.0
2026-05-28T07:00,0.0,0.0,0.0,0.0,32.8,4.4,10.0,251,7,22860.0,1,0.111,0.0,3765.0,1,0.0,0,0,0.0,-1,-1,-1,-1,0.0,0.0
2026-05-28T08:00,0.0,0.0,0.0,0.0,33.1,4.51,10.1,251,16,22860.0,1,0.111,0.0,3865.0,1,0.0,0,0,0.0,-1,-1,-1,-1,0.0,0.0
2026-05-28T09:00,0.0,0.0,0.0,0.0,33.1,4.49,10.1,238,3,22860.0,1,0.111,0.0,3805.0,1,0.0,0,0,0.0,-1,-1,-1,-1,0.0,0.0
2026-05-28T10:00,0.0,0.0,0.0,0.0,32.8,5.1,10.3,223,70,22860.0,1,0.111,0.0,3760.0,1,0.0,2,0,0.0,-1,-1,-1,-1,0.0,0.0
2026-05-28T11:00,0.0,0.0,0.0,0.0,32.4,5.31,10.3,223,100,22880.0,1,0.111,0.0,3460.0,1,0.0,3,0,0.0,-1,-1,-1,-1,0.0,0.0
2026-05-28T12:00,0.0,0.0,0.0,0.0,31.9,4.97,10.1,230,97,22880.0,1,0.111,0.0,2805.0,0,0.0,3,0,0.0,-1,-1,-1,-1,0.0,0.0
2026-05-28T13:00,0.0,0.0,0.0,0.0,29.7,2.04,8.6,205,71,22880.0,1,0.111,0.0,170.0,1,0.0,2,0,0.0,-1,-1,-1,-1,0.0,0.0
2026-05-28T14:00,0.0,0.0,0.0,0.0,26.1,1.29,3.1,193,91,22860.0,0,0.111,0.0,85.0,1,0.0,3,0,0.0,-1,-1,-1,-1,0.0,0.0
2026-05-28T15:00,0.0,0.0,0.0,0.0,25.0,0.43,1.6,234,63,22880.0,0,0.111,0.0,45.0,1,0.0,2,0,0.0,-1,-1,-1,-1,0.0,0.0
2026-05-28T16:00,0.0,0.0,0.0,0.0,24.1,0.5,1.0,307,55,22880.0,0,0.111,0.0,35.0,1,0.0,2,0,0.0,-1,-1,-1,-1,0.0,0.0
2026-05-28T17:00,0.0,0.0,0.0,0.0,23.6,0.68,1.2,343,49,22880.0,0,0.111,0.0,60.0,1,0.0,1,0,0.0,-1,-1,-1,-1,0.0,0.0
2026-05-28T18:00,0.0,0.0,0.0,0.0,22.5,0.6,1.4,228,59,22880.0,0,0.11,0.0,45.0,1,0.0,2,0,0.0,-1,-1,-1,-1,0.0,0.0
2026-05-28T19:00,0.0,0.0,0.0,0.0,21.2,0.47,1.0,212,50,22880.0,0,0.11,0.0,35.0,1,0.0,2,0,0.0,-1,-1,-1,-1,0.0,0.0
2026-05-28T20:00,0.0,0.0,0.0,0.0,20.7,0.16,0.9,162,27,22900.0,0,0.11,0.0,15.0,1,0.0,1,0,0.0,-1,-1,-1,-1,0.0,0.0
2026-05-28T21:00,0.0,0.0,0.0,0.0,19.5,0.72,0.8,146,31,22900.0,0,0.11,0.0,30.0,1,0.0,1,0,0.0,-1,-1,-1,-1,0.0,0.0
2026-05-28T22:00,0.0,0.0,0.0,0.0,18.0,1.35,2.2,149,41,22880.0,0,0.11,0.0,35.0,1,0.0,1,0,0.0,-1,-1,-1,-1,0.0,0.0
2026-05-28T23:00,0.0,0.0,0.0,0.0,17.3,1.03,2.0,133,38,22900.0,1,0.11,0.0,30.0,1,0.0,1,0,0.0,-1,-1,-1,-1,0.0,0.0
2026-05-29T00:00,0.0,0.0,0.0,0.0,20.1,1.82,3.5,98,17,22920.0,1,0.11,0.0,40.0,0,0.0,0,0,0.0,-1,-1,-1,-1,0.0,0.0
2026-05-29T01:00,0.0,0.0,0.0,0.0,23.6,1.1,3.6,66,0,22920.0,1,0.11,0.0,80.0,1,0.0,0,0,0.0,-1,-1,-1,-1,0.0,0.0
2026-05-29T02:00,0.0,0.0,0.0,0.0,27.5,1.7,4.4,135,0,22920.0,1,0.11,0.0,260.0,1,0.0,0,0,0.0,-1,-1,-1,-1,0.0,0.0
2026-05-29T03:00,0.0,0.0,0.0,0.0,30.5,2.02,5.8,113,0,22920.0,1,0.11,0.0,1390.0,1,0.0,0,0,0.0,-1,-1,-1,-1,0.0,0.0
2026-05-29T04:00,0.0,0.0,0.0,0.0,32.2,1.66,5.8,123,0,22920.0,1,0.11,0.0,3820.0,1,0.0,0,0,0.0,-1,-1,-1,-1,0.0,0.0
2026-05-29T05:00,0.0,0.0,0.0,0.0,33.4,0.69,5.6,150,0,22940.0,1,0.11,0.0,4035.0,1,0.0,0,0,0.0,-1,-1,-1,-1,0.0,0.0
2026-05-29T06:00,0.0,0.0,0.0,0.0,33.9,2.84,7.2,242,0,22960.0,1,0.11,0.0,4065.0,0,0.0,0,0,0.0,-1,-1,-1,-1,0.0,0.0
2026-05-29T07:00,0.0,0.0,0.0,0.0,34.2,4.46,9.9,257,45,22960.0,1,0.11,0.0,4055.0,1,0.0,1,0,0.0,-1,-1,-1,-1,0.0,0.0
2026-05-29T08:00,0.0,0.0,0.0,0.0,34.2,4.41,10.5,273,99,22960.0,1,0.11,0.0,3945.0,1,0.0,3,0,0.0,-1,-1,-1,-1,0.0,0.0
2026-05-29T09:00,0.0,0.0,0.0,0.0,33.7,2.52,9.9,291,53,22960.0,1,0.11,0.0,3605.0,1,0.0,2,0,0.0,-1,-1,-1,-1,0.0,0.0
2026-05-29T10:00,0.0,0.0,0.0,0.0,33.8,1.48,6.9,303,8,22980.0,1,0.11,0.0,3420.0,1,0.0,0,0,0.0,-1,-1,-1,-1,0.0,0.0
2026-05-29T11:00,0.0,0.0,0.0,0.0,33.8,2.3,6.0,316,1,22980.0,1,0.11,0.0,3155.0,1,0.0,0,0,0.0,-1,-1,-1,-1,0.0,0.0
2026-05-29T12:00,0.0,0.0,0.0,0.0,33.3,1.2,6.0,5,27,22980.0,1,0.11,0.0,2740.0,0,0.0,1,0,0.0,-1,-1,-1,-1,0.0,0.0
2026-05-29T13:00,0.0,0.0,0.0,0.0,31.3,0.15,3.4,360,10,22980.0,1,0.11,0.0,15.0,1,0.0,0,0,0.0,-1,-1,-1,-1,0.0,0.0
2026-05-29T14:00,0.0,0.0,0.0,0.0,29.4,0.16,0.6,342,6,22980.0,0,0.11,0.0,15.0,1,0.0,0,0,0.0,-1,-1,-1,-1,0.0,0.0
2026-05-29T15:00,0.0,0.0,0.0,0.0,26.9,1.49,2.3,50,1,22980.0,0,0.11,0.0,40.0,1,0.0,0,0,0.0,-1,-1,-1,-1,0.0,0.0
2026-05-29T16:00,0.0,0.0,0.0,0.0,25.0,1.72,3.1,36,2,22980.0,0,0.11,0.0,35.0,1,0.0,0,0,0.0,-1,-1,-1,-1,0.0,0.0
2026-05-29T17:00,0.0,0.0,0.0,0.0,25.5,3.71,5.9,37,0,22980.0,0,0.11,0.0,170.0,1,0.0,0,0,0.0,-1,-1,-1,-1,0.0,0.0
2026-05-29T18:00,0.0,0.0,0.0,0.0,26.7,5.54,10.8,40,0,23000.0,0,0.11,0.0,560.0,0,0.0,0,0,0.0,-1,-1,-1,-1,0.0,0.0
2026-05-29T19:00,0.0,0.0,0.0,0.0,26.3,5.98,10.8,45,0,23000.0,0,0.11,0.0,535.0,0,0.0,0,0,0.0,-1,-1,-1,-1,0.0,0.0
2026-05-29T20:00,0.0,0.0,0.0,0.0,25.5,5.0,10.7,41,0,22980.0,0,0.11,0.0,520.0,0,0.0,0,0,0.0,-1,-1,-1,-1,0.0,0.0
2026-05-29T21:00,0.0,0.0,0.0,0.0,24.9,5.16,9.1,43,2,22980.0,0,0.11,0.0,465.0,0,0.0,0,0,0.0,-1,-1,-1,-1,0.0,0.0
2026-05-29T22:00,0.0,0.0,0.0,0.0,24.9,5.44,9.7,39,0,23000.0,0,0.11,0.0,455.0,0,0.0,0,0,0.0,-1,-1,-1,-1,0.0,0.0
2026-05-29T23:00,0.0,0.0,0.0,0.0,24.7,5.92,10.4,33,13,23020.0,1,0.11,0.0,485.0,0,0.0,0,0,0.0,-1,-1,-1,-1,0.0,0.0
2026-05-30T00:00,0.0,0.0,0.0,0.0,25.6,5.23,10.8,32,36,23020.0,1,0.116,0.0,465.0,0,0.0,1,0,0.0,-1,-1,-1,-1,0.0,0.0
2026-05-30T01:00,0.0,0.0,0.0,0.0,27.9,5.71,10.6,35,41,23020.0,1,0.115,0.0,670.0,0,0.0,1,0,0.0,-1,-1,-1,-1,0.0,0.0
2026-05-30T02:00,0.0,0.0,0.0,0.0,29.0,7.08,13.5,43,63,23020.0,1,0.115,0.0,935.0,0,0.0,2,0,0.0,-1,-1,-1,-1,0.0,0.0
2026-05-30T03:00,0.0,0.0,0.0,0.0,30.0,6.68,13.8,45,84,23040.0,1,0.115,0.0,1045.0,0,0.0,3,0,0.0,-1,-1,-1,-1,0.0,0.0
2026-05-30T04:00,0.0,0.0,0.0,0.0,31.5,5.61,13.3,50,93,23040.0,1,0.114,0.0,1720.0,0,0.0,3,0,0.0,-1,-1,-1,-1,0.0,0.0
2026-05-30T05:00,0.0,0.0,0.0,0.0,32.7,4.6,11.7,68,77,23040.0,1,0.114,0.0,3215.0,0,0.0,2,0,0.0,-1,-1,-1,-1,0.0,0.0
2026-05-30T06:00,0.0,0.0,0.0,0.0,33.4,2.83,10.3,82,68,23060.0,1,0.116,0.0,3775.0,0,0.0,2,0,0.0,-1,-1,-1,-1,0.0,0.0
2026-05-30T07:00,0.0,0.0,0.0,0.0,34.2,1.58,7.5,72,65,23060.0,1,0.116,0.0,4175.0,0,0.0,2,0,0.0,-1,-1,-1,-1,0.0,0.0
2026-05-30T08:00,0.0,0.0,0.0,0.0,34.8,1.23,6.1,27,43,23080.0,1,0.115,0.0,4500.0,0,0.0,1,0,0.0,-1,-1,-1,-1,0.0,0.0
2026-05-30T09:00,0.0,0.0,0.0,0.0,35.1,1.93,6.4,350,91,23080.0,1,0.114,0.0,4475.0,0,0.0,3,0,0.0,-1,-1,-1,-1,0.0,0.0
2026-05-30T10:00,0.0,0.0,0.0,0.0,34.9,3.31,8.0,333,96,23080.0,1,0.114,0.0,4365.0,0,0.0,3,0,0.0,-1,-1,-1,-1,0.0,0.0
2026-05-30T11:00,0.0,0.0,0.0,0.0,34.1,4.16,9.1,331,93,23080.0,1,0.113,0.0,3860.0,0,0.0,3,0,0.0,-1,-1,-1,-1,0.0,0.0
2026-05-30T12:00,0.0,0.0,0.0,0.0,33.8,4.13,8.9,328,100,23100.0,1,0.11,0.0,2685.0,0,0.0,3,0,0.0,-1,-1,-1,-1,0.0,0.0
2026-05-30T13:00,0.0,0.0,0.0,0.0,31.4,2.15,7.9,342,100,23100.0,1,0.11,0.0,200.0,1,0.0,3,0,0.0,-1,-1,-1,-1,0.0,0.0
2026-05-30T14:00,0.0,0.0,0.0,0.0,28.4,0.75,4.0,360,100,23100.0,0,0.11,0.0,40.0,1,0.0,3,0,0.0,-1,-1,-1,-1,0.0,0.0
2026-05-30T15:00,0.0,0.0,0.0,0.0,27.0,0.86,1.3,324,80,23100.0,0,0.11,0.0,35.0,1,0.0,3,0,0.0,-1,-1,-1,-1,0.0,0.0
2026-05-30T16:00,0.0,0.0,0.0,0.0,26.2,0.7,1.5,360,94,23100.0,0,0.11,0.0,35.0,1,0.0,3,0,0.0,-1,-1,-1,-1,0.0,0.0
2026-05-30T17:00,0.0,0.0,0.0,0.0,25.1,0.65,1.2,113,100,23100.0,0,0.11,0.0,35.0,1,0.0,3,0,0.0,-1,-1,-1,-1,0.0,0.0
2026-05-30T18:00,0.0,0.0,0.0,0.0,22.9,2.35,3.2,119,100,23100.0,0,0.11,0.0,60.0,0,0.0,3,0,0.0,-1,-1,-1,-1,0.0,0.0
2026-05-30T19:00,0.0,0.0,0.0,0.0,22.7,2.37,5.3,125,99,23080.0,0,0.11,0.0,160.0,1,0.0,3,0,0.0,-1,-1,-1,-1,0.0,0.0
2026-05-30T20:00,0.0,0.0,0.0,0.0,21.7,1.8,3.9,88,100,23100.0,0,0.11,0.0,175.0,1,0.0,3,0,0.0,-1,-1,-1,-1,0.0,0.0
2026-05-30T21:00,0.0,0.0,0.0,0.0,21.3,1.31,3.0,83,98,23100.0,0,0.11,0.0,140.0,1,0.0,3,0,0.0,-1,-1,-1,-1,0.0,0.0
2026-05-30T22:00,0.0,0.0,0.0,0.0,20.9,1.24,1.8,76,98,23100.0,0,0.11,0.0,145.0,1,0.0,3,0,0.0,-1,-1,-1,-1,0.0,0.0
2026-05-30T23:00,0.0,0.0,0.0,0.0,20.6,1.42,2.1,51,93,23100.0,1,0.11,0.0,115.0,1,0.0,3,0,0.0,-1,-1,-1,-1,0.0,0.0
2026-05-31T00:00,0.0,0.0,0.0,0.0,22.5,0.93,2.9,54,100,23120.0,1,0.11,0.0,90.0,0,0.0,3,0,0.0,-1,-1,-1,-1,0.0,0.0
2026-05-31T01:00,0.0,0.0,0.0,0.0,25.0,1.04,3.2,35,99,23140.0,1,0.11,0.0,300.0,1,0.0,3,0,0.0,-1,-1,-1,-1,0.0,0.0
2026-05-31T02:00,0.0,0.0,0.0,0.0,26.9,0.59,3.4,110,91,23140.0,1,0.11,0.0,530.0,1,0.0,3,0,0.0,-1,-1,-1,-1,0.0,0.0
2026-05-31T03:00,0.0,0.0,0.0,0.0,29.0,0.99,4.3,221,95,23140.0,1,0.11,0.0,1090.0,1,0.0,3,0,0.0,-1,-1,-1,-1,0.0,0.0
2026-05-31T04:00,0.0,0.0,0.0,0.0,30.7,2.13,6.1,229,96,23140.0,1,0.11,0.0,1595.0,1,0.0,3,0,0.0,-1,-1,-1,-1,0.0,0.0
2026-05-31T05:00,0.0,0.0,0.0,0.0,31.8,2.86,7.4,243,95,23160.0,1,0.109,0.0,1730.0,1,0.0,3,0,0.0,-1,-1,-1,-1,0.0,0.0
2026-05-31T06:00,0.0,0.0,0.0,0.0,32.9,3.92,8.4,253,89,23160.0,1,0.109,0.0,2240.0,0,0.0,3,0,0.0,-1,-1,-1,-1,0.0,0.0
2026-05-31T07:00,0.0,0.0,0.0,0.0,33.9,4.23,9.7,249,89,23180.0,1,0.109,0.0,2550.0,1,0.0,3,0,0.0,-1,-1,-1,-1,0.0,0.0
2026-05-31T08:00,0.0,0.0,0.0,0.0,34.7,4.35,9.8,255,100,23180.0,1,0.109,0.0,2945.0,1,0.0,3,0,0.0,-1,-1,-1,-1,0.0,0.0
2026-05-31T09:00,0.0,0.0,0.0,0.0,34.9,4.58,10.0,263,100,23180.0,1,0.109,0.0,3805.0,1,0.0,3,0,0.0,-1,-1,-1,-1,0.0,0.0
2026-05-31T10:00,0.0,0.0,0.0,0.0,34.6,4.5,9.9,271,100,23200.0,1,0.109,0.0,3500.0,1,0.0,3,0,0.0,-1,-1,-1,-1,0.0,0.0
2026-05-31T11:00,0.0,0.0,0.0,0.0,34.3,4.18,9.4,287,100,23200.0,1,0.109,0.0,3180.0,1,0.0,3,0,0.0,-1,-1,-1,-1,0.0,0.0
2026-05-31T12:00,0.0,0.0,0.0,0.0,34.2,4.08,8.5,263,100,23200.0,1,0.109,0.0,3095.0,0,0.0,3,0,0.0,-1,-1,-1,-1,0.0,0.0
2026-05-31T13:00,0.0,0.0,0.0,0.0,32.0,2.29,7.3,250,95,23200.0,1,0.109,0.0,335.0,0,0.0,3,0,0.0,-1,-1,-1,-1,0.0,0.0
2026-05-31T14:00,0.0,0.0,0.0,0.0,28.7,2.15,3.8,271,98,23200.0,0,0.109,0.0,135.0,0,0.0,3,0,0.0,-1,-1,-1,-1,0.0,0.0
2026-05-31T15:00,0.0,0.0,0.0,0.0,27.4,1.0,3.3,307,100,23200.0,0,0.109,0.0,70.0,0,0.0,3,0,0.0,-1,-1,-1,-1,0.0,0.0
2026-05-31T16:00,0.0,0.0,0.0,0.0,26.9,0.5,1.5,264,100,23200.0,0,0.109,0.0,50.0,0,0.0,3,0,0.0,-1,-1,-1,-1,0.0,0.0
2026-05-31T17:00,0.0,0.0,0.0,0.0,26.2,0.82,1.2,232,99,23200.0,0,0.109,0.0,85.0,0,0.0,3,0,0.0,-1,-1,-1,-1,0.0,0.0
2026-05-31T18:00,0.0,0.0,0.0,0.0,24.3,1.99,1.5,252,99,23220.0,0,0.109,0.0,135.0,0,0.0,3,0,0.0,-1,-1,-1,-1,0.0,0.0
2026-05-31T19:00,0.0,0.0,0.0,0.0,23.3,1.41,2.7,247,100,23220.0,0,0.109,0.0,110.0,0,0.0,3,0,0.0,-1,-1,-1,-1,0.0,0.0
2026-05-31T20:00,0.0,0.0,0.0,0.0,23.1,0.67,2.0,222,100,23220.0,0,0.109,0.0,70.0,0,0.0,3,0,0.0,-1,-1,-1,-1,0.0,0.0
2026-05-31T21:00,0.0,0.0,0.0,0.0,22.9,0.34,1.0,207,100,23220.0,0,0.109,0.0,40.0,0,0.0,3,0,0.0,-1,-1,-1,-1,0.0,0.0
2026-05-31T22:00,0.0,0.0,0.0,0.0,22.1,0.4,0.7,180,100,23240.0,0,0.109,0.0,40.0,0,0.0,3,0,0.0,-1,-1,-1,-1,0.0,0.0
2026-05-31T23:00,0.0,0.0,0.0,0.0,21.3,0.64,0.8,141,99,23240.0,1,0.109,0.0,35.0,0,0.0,3,0,0.0,-1,-1,-1,-1,0.0,0.0
2026-06-01T00:00,0.0,0.0,0.0,0.0,21.5,0.69,2.2,120,90,23240.0,1,0.109,0.0,30.0,0,0.0,3,0,0.0,-1,-1,-1,-1,0.0,0.0
2026-06-01T01:00,0.0,0.0,0.0,0.0,24.1,1.48,3.7,123,99,23240.0,1,0.109,0.0,120.0,0,0.0,3,0,0.0,-1,-1,-1,-1,0.0,0.0
2026-06-01T02:00,0.0,0.0,0.0,0.0,26.5,1.26,4.0,162,99,23260.0,1,0.109,0.0,280.0,0,0.0,3,0,0.0,-1,-1,-1,-1,0.0,0.0
2026-06-01T03:00,0.0,0.0,0.0,0.0,29.5,1.64,5.0,211,93,23260.0,1,0.109,0.0,560.0,0,0.0,3,0,0.0,-1,-1,-1,-1,0.0,0.0
2026-06-01T04:00,0.0,0.0,0.0,0.0,32.1,2.44,6.5,244,41,23260.0,1,0.109,0.0,1040.0,0,0.0,1,0,0.0,-1,-1,-1,-1,0.0,0.0
2026-06-01T05:00,0.0,0.0,0.0,0.0,34.1,4.23,9.3,249,58,23260.0,1,0.109,0.0,2300.0,0,0.0,2,0,0.0,-1,-1,-1,-1,0.0,0.0
2026-06-01T06:00,0.0,0.0,0.0,0.0,35.5,5.87,11.5,261,50,23280.0,1,0.109,0.0,3920.0,0,0.0,2,0,0.0,-1,-1,-1,-1,0.0,0.0
2026-06-01T07:00,0.0,0.0,0.0,0.0,36.3,6.05,12.7,268,20,23300.0,1,0.109,0.0,4280.0,1,0.0,1,0,0.0,-1,-1,-1,-1,0.0,0.0
2026-06-01T08:00,0.0,0.0,0.0,0.0,36.9,6.02,12.8,274,9,23300.0,1,0.109,0.0,4500.0,1,0.0,0,0,0.0,-1,-1,-1,-1,0.0,0.0
2026-06-01T09:00,0.0,0.0,0.0,0.0,36.8,6.15,12.7,271,77,23300.0,1,0.109,0.0,4445.0,1,0.0,2,0,0.0,-1,-1,-1,-1,0.0,0.0
2026-06-01T10:00,0.0,0.0,0.0,0.0,36.6,6.41,12.8,266,70,23300.0,1,0.109,0.0,4420.0,1,0.0,2,0,0.0,-1,-1,-1,-1,0.0,0.0
2026-06-01T11:00,0.0,0.0,0.0,0.0,36.1,5.42,12.6,279,76,23300.0,1,0.109,0.0,4560.0,1,0.0,2,0,0.0,-1,-1,-1,-1,0.0,0.0
2026-06-01T12:00,0.0,0.0,0.0,0.0,35.6,4.92,10.6,303,13,23320.0,1,0.109,0.0,4570.0,1,0.0,0,0,0.0,-1,-1,-1,-1,0.0,0.0
2026-06-01T13:00,0.0,0.0,0.0,0.0,33.3,2.09,9.1,320,11,23320.0,1,0.109,0.0,305.0,1,0.0,0,0,0.0,-1,-1,-1,-1,0.0,0.0
2026-06-01T14:00,0.0,0.0,0.0,0.0,30.3,0.34,3.8,63,2,23320.0,0,0.109,0.0,25.0,1,0.0,0,0,0.0,-1,-1,-1,-1,0.0,0.0
2026-06-01T15:00,0.0,0.0,0.0,0.0,28.2,2.38,4.0,100,8,23320.0,0,0.109,0.0,90.0,1,0.0,0,0,0.0,-1,-1,-1,-1,0.0,0.0
2026-06-01T16:00,0.0,0.0,0.0,0.0,27.7,2.5,4.4,57,29,23320.0,0,0.109,0.0,185.0,1,0.0,1,0,0.0,-1,-1,-1,-1,0.0,0.0
2026-06-01T17:00,0.0,0.0,0.0,0.0,26.7,2.38,4.5,51,0,23320.0,0,0.109,0.0,115.0,1,0.0,0,0,0.0,-1,-1,-1,-1,0.0,0.0
2026-06-01T18:00,0.0,0.0,0.0,0.0,24.3,1.81,4.2,76,0,23300.0,0,0.109,0.0,55.0,0,0.0,0,0,0.0,-1,-1,-1,-1,0.0,0.0
2026-06-01T19:00,0.0,0.0,0.0,0.0,23.3,2.01,3.1,55,0,23300.0,0,0.109,0.0,60.0,1,0.0,0,0,0.0,-1,-1,-1,-1,0.0,0.0
2026-06-01T20:00,0.0,0.0,0.0,0.0,22.8,1.32,3.2,53,0,23320.0,0,0.109,0.0,45.0,1,0.0,0,0,0.0,-1,-1,-1,-1,0.0,0.0
2026-06-01T21:00,0.0,0.0,0.0,0.0,22.3,0.6,1.9,5,0,23320.0,0,0.109,0.0,25.0,1,0.0,0,0,0.0,-1,-1,-1,-1,0.0,0.0
2026-06-01T22:00,0.0,0.0,0.0,0.0,21.1,0.46,1.1,311,0,23320.0,0,0.109,0.0,20.0,1,0.0,0,0,0.0,-1,-1,-1,-1,0.0,0.0
2026-06-01T23:00,0.0,0.0,0.0,0.0,20.8,0.05,0.8,90,0,23320.0,1,0.109,0.0,10.0,1,0.0,0,0,0.0,-1,-1,-1,-1,0.0,0.0
2026-06-02T00:00,0.0,0.0,0.0,0.0,22.1,0.81,0.9,210,0,23340.0,1,0.109,0.0,35.0,1,0.0,0,0,0.0,-1,-1,-1,-1,0.0,0.0
2026-06-02T01:00,0.0,0.0,0.0,0.0,25.1,1.33,3.1,193,0,23340.0,1,0.109,0.0,75.0,1,0.0,0,0,0.0,-1,-1,-1,-1,0.0,0.0
2026-06-02T02:00,0.0,0.0,0.0,0.0,28.9,0.54,3.9,202,0,23360.0,1,0.109,0.0,230.0,1,0.0,0,0,0.0,-1,-1,-1,-1,0.0,0.0
2026-06-02T03:00,0.0,0.0,0.0,0.0,32.2,0.64,4.1,315,0,23360.0,1,0.109,0.0,705.0,1,0.0,0,0,0.0,-1,-1,-1,-1,0.0,0.0
2026-06-02T04:00,0.0,0.0,0.0,0.0,34.3,0.76,4.7,8,1,23360.0,1,0.109,0.0,2375.0,1,0.0,0,0,0.0,-1,-1,-1,-1,0.0,0.0
2026-06-02T05:00,0.0,0.0,0.0,0.0,35.5,1.68,6.2,23,3,23380.0,1,0.109,0.0,3085.0,1,0.0,0,0,0.0,-1,-1,-1,-1,0.0,0.0
2026-06-02T06:00,0.0,0.0,0.0,0.0,35.8,1.52,6.3,49,4,23380.0,1,0.109,0.0,3360.0,0,0.0,0,0,0.0,-1,-1,-1,-1,0.0,0.0
2026-06-02T07:00,0.0,0.0,0.0,0.0,36.5,0.43,5.7,201,14,23380.0,1,0.108,10.0,3515.0,1,0.0,0,0,0.0,-1,-1,-1,-1,0.0,0.0
2026-06-02T08:00,0.0,0.0,0.0,0.0,36.8,1.89,6.3,258,13,23380.0,1,0.108,0.0,3600.0,1,0.0,0,0,0.0,-1,-1,-1,-1,0.0,0.0
2026-06-02T09:00,0.0,0.0,0.0,0.0,36.7,2.26,6.9,301,45,23400.0,1,0.108,0.0,3735.0,1,0.0,1,0,0.0,-1,-1,-1,-1,0.0,0.0
2026-06-02T10:00,0.0,0.0,0.0,0.0,36.3,1.72,6.7,343,70,23400.0,1,0.108,0.0,3620.0,1,0.0,2,0,0.0,-1,-1,-1,-1,0.0,0.0
2026-06-02T11:00,0.0,0.0,0.0,0.0,35.9,1.5,5.7,53,65,23400.0,1,0.108,0.0,3585.0,1,0.0,2,0,0.0,-1,-1,-1,-1,0.0,0.0
2026-06-02T12:00,0.0,0.0,0.0,0.0,35.9,2.48,5.9,48,48,23420.0,1,0.108,0.0,3770.0,0,0.0,1,0,0.0,-1,-1,-1,-1,0.0,0.0
2026-06-02T13:00,0.0,0.0,0.0,0.0,34.0,2.98,6.1,25,42,23420.0,1,0.108,0.0,525.0,1,0.0,1,0,0.0,-1,-1,-1,-1,0.0,0.0
2026-06-02T14:00,0.0,0.0,0.0,0.0,32.0,3.64,5.9,44,36,23420.0,0,0.108,0.0,485.0,1,0.0,1,0,0.0,-1,-1,-1,-1,0.0,0.0
2026-06-02T15:00,0.0,0.0,0.0,0.0,30.8,4.92,9.9,44,70,23420.0,0,0.108,0.0,510.0,0,0.0,2,0,0.0,-1,-1,-1,-1,0.0,0.0
2026-06-02T16:00,0.0,0.0,0.0,0.0,30.2,4.31,9.0,44,66,23420.0,0,0.108,0.0,385.0,1,0.0,2,0,0.0,-1,-1,-1,-1,0.0,0.0
2026-06-02T17:00,0.0,0.0,0.0,0.0,31.0,5.46,9.8,37,54,23440.0,0,0.108,0.0,720.0,1,0.0,2,0,0.0,-1,-1,-1,-1,0.0,0.0
2026-06-02T18:00,0.0,0.0,0.0,0.0,30.5,6.48,12.1,27,84,23440.0,0,0.108,0.0,655.0,0,0.0,3,0,0.0,-1,-1,-1,-1,0.0,0.0
2026-06-02T19:00,0.0,0.0,0.0,0.0,29.6,6.24,11.8,27,95,23440.0,0,0.108,0.0,530.0,1,0.0,3,0,0.0,-1,-1,-1,-1,0.0,0.0
2026-06-02T20:00,0.0,0.0,0.0,0.0,29.2,5.42,11.2,30,96,23440.0,0,0.108,0.0,515.0,1,0.0,3,0,0.0,-1,-1,-1,-1,0.0,0.0
2026-06-02T21:00,0.0,0.0,0.0,0.0,28.6,4.46,9.8,37,96,23440.0,0,0.108,0.0,425.0,1,0.0,3,0,0.0,-1,-1,-1,-1,0.0,0.0
2026-06-02T22:00,0.0,0.0,0.0,0.0,28.0,4.5,8.1,42,95,23460.0,0,0.108,0.0,370.0,1,0.0,3,0,0.0,-1,-1,-1,-1,0.0,0.0
2026-06-02T23:00,0.0,0.0,0.0,0.0,27.8,5.21,9.4,34,66,23460.0,1,0.108,0.0,400.0,1,0.0,2,0,0.0,-1,-1,-1,-1,0.0,0.0
2026-06-03T00:00,0.0,0.0,0.0,0.0,29.0,4.49,9.8,45,91,23460.0,1,0.108,0.0,455.0,0,0.0,3,0,0.0,-1,-1,-1,-1,0.0,0.0
2026-06-03T01:00,0.0,0.0,0.0,0.0,31.3,5.33,9.8,40,56,23460.0,1,0.108,0.0,690.0,1,0.0,2,0,0.0,-1,-1,-1,-1,0.0,0.0
2026-06-03T02:00,0.0,0.0,0.0,0.0,32.8,6.44,12.6,42,5,23480.0,1,0.108,0.0,1110.0,1,0.0,0,0,0.0,-1,-1,-1,-1,0.0,0.0
2026-06-03T03:00,0.0,0.0,0.0,0.0,33.8,5.88,12.5,52,0,23480.0,1,0.108,0.0,2180.0,1,0.0,0,0,0.0,-1,-1,-1,-1,0.0,0.0
2026-06-03T04:00,0.0,0.0,0.0,0.0,34.7,5.01,12.1,61,0,23480.0,1,0.108,0.0,2870.0,1,0.0,0,0,0.0,-1,-1,-1,-1,0.0,0.0
2026-06-03T05:00,0.0,0.0,0.0,0.0,35.9,2.96,10.9,71,1,23480.0,1,0.108,0.0,3650.0,1,0.0,0,0,0.0,-1,-1,-1,-1,0.0,0.0
2026-06-03T06:00,0.0,0.0,0.0,0.0,36.5,1.85,7.9,109,0,23500.0,1,0.108,0.0,3895.0,0,0.0,0,0,0.0,-1,-1,-1,-1,0.0,0.0
2026-06-03T07:00,0.0,0.0,0.0,0.0,37.4,2.09,6.3,163,0,23500.0,1,0.108,0.0,4000.0,1,0.0,0,0,0.0,-1,-1,-1,-1,0.0,0.0
2026-06-03T08:00,0.0,0.0,0.0,0.0,37.8,2.88,7.4,197,1,23520.0,1,0.108,0.0,4075.0,1,0.0,0,0,0.0,-1,-1,-1,-1,0.0,0.0
2026-06-03T09:00,0.0,0.0,0.0,0.0,37.7,3.56,8.2,218,3,23520.0,1,0.108,0.0,4090.0,0,0.0,0,0,0.0,-1,-1,-1,-1,0.0,0.0
2026-06-03T10:00,0.0,0.0,0.0,0.0,37.4,4.0,8.7,233,5,23520.0,1,0.108,0.0,4040.0,0,0.0,0,0,0.0,-1,-1,-1,-1,0.0,0.0
2026-06-03T11:00,0.0,0.0,0.0,0.0,36.8,4.23,8.6,256,30,23540.0,1,0.108,0.0,3865.0,1,0.0,1,0,0.0,-1,-1,-1,-1,0.0,0.0
2026-06-03T12:00,0.0,0.0,0.0,0.0,36.6,3.44,8.8,257,26,23540.0,1,0.108,0.0,2095.0,0,0.0,1,0,0.0,-1,-1,-1,-1,0.0,0.0
2026-06-03T13:00,0.0,0.0,0.0,0.0,35.0,2.66,6.3,286,62,23520.0,1,0.108,0.0,225.0,0,0.0,2,0,0.0,-1,-1,-1,-1,0.0,0.0
2026-06-03T14:00,0.0,0.0,0.0,0.0,32.9,5.4,7.4,33,59,23540.0,0,0.108,0.0,670.0,0,0.0,2,0,0.0,-1,-1,-1,-1,0.0,0.0
2026-06-03T15:00,0.0,0.0,0.0,0.0,31.0,4.73,12.5,33,91,23540.0,0,0.108,20.0,400.0,0,0.0,3,0,0.0,-1,-1,-1,-1,0.0,0.0
2026-06-03T16:00,0.0,0.0,0.0,0.0,29.7,5.12,10.7,32,94,23520.0,0,0.108,0.0,285.0,0,0.0,3,0,0.0,-1,-1,-1,-1,0.0,0.0
2026-06-03T17:00,0.0,0.0,0.0,0.0,29.3,4.71,9.3,48,41,23520.0,0,0.108,0.0,315.0,0,0.0,1,0,0.0,-1,-1,-1,-1,0.0,0.0
2026-06-03T18:00,0.0,0.0,0.0,0.0,28.1,4.37,9.1,57,24,23520.0,0,0.108,0.0,230.0,0,0.0,1,0,0.0,-1,-1,-1,-1,0.0,0.0
2026-06-03T19:00,0.0,0.0,0.0,0.0,27.5,4.41,8.2,51,27,23540.0,0,0.108,0.0,230.0,1,0.0,1,0,0.0,-1,-1,-1,-1,0.0,0.0
2026-06-03T20:00,0.0,0.0,0.0,0.0,26.9,3.83,8.0,73,2,23540.0,0,0.108,0.0,180.0,1,0.0,0,0,0.0,-1,-1,-1,-1,0.0,0.0
2026-06-03T21:00,0.0,0.0,0.0,0.0,26.4,4.44,8.0,73,0,23540.0,0,0.108,0.0,205.0,0,0.0,0,0,0.0,-1,-1,-1,-1,0.0,0.0
2026-06-03T22:00,0.0,0.0,0.0,0.0,26.4,4.72,8.5,64,3,23540.0,0,0.108,0.0,235.0,1,0.0,0,0,0.0,-1,-1,-1,-1,0.0,0.0
2026-06-03T23:00,0.0,0.0,0.0,0.0,26.4,4.48,8.5,57,8,23560.0,1,0.108,0.0,245.0,1,0.0,0,0,0.0,-1,-1,-1,-1,0.0,0.0
2026-06-04T00:00,0.0,0.0,0.0,0.0,27.4,3.79,8.0,59,0,23560.0,1,0.108,0.0,185.0,0,0.0,0,0,0.0,-1,-1,-1,-1,0.0,0.0
2026-06-04T01:00,0.0,0.0,0.0,0.0,30.1,3.43,6.9,56,47,23560.0,1,0.108,10.0,465.0,0,0.0,1,0,0.0,-1,-1,-1,-1,0.0,0.0
2026-06-04T02:00,0.0,0.0,0.0,0.0,31.8,4.21,8.8,47,42,23580.0,1,0.108,20.0,925.0,0,0.0,1,0,0.0,-1,-1,-1,-1,0.0,0.0
2026-06-04T03:00,0.0,0.0,0.0,0.0,32.8,5.25,11.0,37,50,23600.0,1,0.108,20.0,1360.0,0,0.0,2,0,0.0,-1,-1,-1,-1,0.0,0.0
2026-06-04T04:00,0.0,0.0,0.0,0.0,34.0,5.37,11.5,34,8,23600.0,1,0.108,80.0,2450.0,0,0.0,0,0,0.0,-1,-1,-1,-1,0.0,0.0
2026-06-04T05:00,0.0,0.0,0.0,0.0,35.1,5.41,11.8,32,9,22560.0,1,0.107,80.0,3095.0,0,0.0,0,0,0.0,-1,-1,-1,-1,0.0,0.0
2026-06-04T06:00,0.0,0.0,0.0,0.0,35.5,4.1,11.8,46,3,23600.0,1,0.108,90.0,3195.0,0,0.0,0,0,0.0,-1,-1,-1,-1,0.0,0.0
2026-06-04T07:00,0.0,0.0,0.0,0.0,36.1,3.11,9.6,46,2,23620.0,1,0.108,70.0,3490.0,0,0.0,0,0,0.0,-1,-1,-1,-1,0.0,0.0
2026-06-04T08:00,0.0,0.0,0.0,0.0,36.4,2.03,8.3,52,7,23620.0,1,0.108,70.0,3810.0,0,0.0,0,0,0.0,-1,-1,-1,-1,0.0,0.0
2026-06-04T09:00,0.0,0.0,0.0,0.0,36.7,1.42,6.8,48,52,23620.0,1,0.108,40.0,3915.0,0,0.0,2,0,0.0,-1,-1,-1,-1,0.0,0.0
2026-06-04T10:00,0.0,0.0,0.0,0.0,36.3,1.74,6.0,39,94,23620.0,1,0.107,40.0,3905.0,0,0.0,3,0,0.0,-1,-1,-1,-1,0.0,0.0
2026-06-04T11:00,0.0,0.0,0.0,0.0,35.9,1.48,5.9,57,90,23620.0,1,0.107,10.0,3855.0,0,0.0,3,0,0.0,-1,-1,-1,-1,0.0,0.0
2026-06-04T12:00,0.0,0.0,0.0,0.0,34.8,3.76,6.3,63,20,23640.0,1,0.107,110.0,2055.0,0,0.0,1,0,0.0,-1,-1,-1,-1,0.0,0.0
2026-06-04T13:00,0.0,0.0,0.0,0.0,33.6,3.41,7.6,50,43,23640.0,1,0.107,80.0,1475.0,0,0.0,1,0,0.0,-1,-1,-1,-1,0.0,0.0
2026-06-04T14:00,0.0,0.0,0.0,0.0,31.9,3.03,6.5,52,18,23640.0,0,0.107,30.0,510.0,0,0.0,0,0,0.0,-1,-1,-1,-1,0.0,0.0
2026-06-04T15:00,0.0,0.0,0.0,0.0,30.7,3.61,5.9,48,1,23640.0,0,0.107,0.0,485.0,0,0.0,0,0,0.0,-1,-1,-1,-1,0.0,0.0
2026-06-04T16:00,0.0,0.0,0.0,0.0,30.2,6.49,13.2,37,2,23660.0,0,0.107,0.0,755.0,0,0.0,0,0,0.0,-1,-1,-1,-1,0.0,0.0
2026-06-04T17:00,0.0,0.0,0.0,0.0,29.2,7.33,12.9,26,2,23660.0,0,0.107,0.0,640.0,0,0.0,0,0,0.0,-1,-1,-1,-1,0.0,0.0
2026-06-04T18:00,0.0,0.0,0.0,0.0,28.5,6.09,13.9,34,0,23660.0,0,0.107,0.0,555.0,0,0.0,0,0,0.0,-1,-1,-1,-1,0.0,0.0
2026-06-04T19:00,0.0,0.0,0.0,0.0,27.9,6.91,12.4,36,0,23640.0,0,0.107,0.0,570.0,0,0.0,0,0,0.0,-1,-1,-1,-1,0.0,0.0
2026-06-04T20:00,0.0,0.0,0.0,0.0,27.5,7.14,12.8,46,1,23660.0,0,0.107,0.0,545.0,0,0.0,0,0,0.0,-1,-1,-1,-1,0.0,0.0
2026-06-04T21:00,0.0,0.0,0.0,0.0,26.7,6.99,12.9,49,0,23660.0,0,0.107,0.0,500.0,0,0.0,0,0,0.0,-1,-1,-1,-1,0.0,0.0
2026-06-04T22:00,0.0,0.0,0.0,0.0,26.2,6.44,12.7,48,12,23660.0,0,0.107,0.0,485.0,0,0.0,0,0,0.0,-1,-1,-1,-1,0.0,0.0
2026-06-04T23:00,0.0,0.0,0.0,0.0,25.1,5.77,11.7,43,9,23660.0,1,0.107,0.0,400.0,0,0.0,0,0,0.0,-1,-1,-1,-1,0.0,0.0
2026-06-05T00:00,0.0,0.0,0.0,0.0,26.9,5.21,10.4,49,59,23700.0,1,0.107,0.0,465.0,0,0.0,2,0,0.0,-1,-1,-1,-1,0.0,0.0
2026-06-05T01:00,0.0,0.0,0.0,0.0,28.5,5.09,9.9,52,57,23700.0,1,0.107,0.0,635.0,0,0.0,2,0,0.0,-1,-1,-1,-1,0.0,0.0
2026-06-05T02:00,0.0,0.0,0.0,0.0,30.2,7.98,14.6,50,12,23700.0,1,0.107,0.0,965.0,0,0.0,0,0,0.0,-1,-1,-1,-1,0.0,0.0
2026-06-05T03:00,0.0,0.0,0.0,0.0,31.0,9.16,17.6,47,59,23700.0,1,0.107,0.0,1150.0,0,0.0,2,0,0.0,-1,-1,-1,-1,0.0,0.0
2026-06-05T04:00,0.0,0.0,0.0,0.0,32.4,8.24,17.5,47,78,23720.0,1,0.107,0.0,1425.0,0,0.0,2,0,0.0,-1,-1,-1,-1,0.0,0.0
2026-06-05T05:00,0.0,0.0,0.0,0.0,33.6,6.93,16.1,51,77,23720.0,1,0.107,0.0,2085.0,0,0.0,2,0,0.0,-1,-1,-1,-1,0.0,0.0
2026-06-05T06:00,0.0,0.0,0.0,0.0,34.5,5.3,14.1,62,82,23720.0,1,0.107,0.0,3200.0,0,0.0,3,0,0.0,-1,-1,-1,-1,0.0,0.0
2026-06-05T07:00,0.0,0.0,0.0,0.0,35.2,4.87,11.5,69,81,23720.0,1,0.107,0.0,3330.0,0,0.0,3,0,0.0,-1,-1,-1,-1,0.0,0.0
2026-06-05T08:00,0.0,0.0,0.0,0.0,35.6,4.45,10.9,75,52,23740.0,1,0.107,0.0,3275.0,0,0.0,2,0,0.0,-1,-1,-1,-1,0.0,0.0
2026-06-05T09:00,0.0,0.0,0.0,0.0,35.7,3.72,10.1,59,52,23740.0,1,0.107,0.0,3385.0,0,0.0,2,0,0.0,-1,-1,-1,-1,0.0,0.0
2026-06-05T10:00,0.0,0.0,0.0,0.0,35.7,3.31,8.9,34,10,23740.0,1,0.107,0.0,3455.0,0,0.0,0,0,0.0,-1,-1,-1,-1,0.0,0.0
2026-06-05T11:00,0.0,0.0,0.0,0.0,35.4,4.02,8.6,32,23,23740.0,1,0.107,0.0,2995.0,0,0.0,1,0,0.0,-1,-1,-1,-1,0.0,0.0
2026-06-05T12:00,0.0,0.0,0.0,0.0,34.7,5.75,10.6,64,92,23740.0,1,0.107,0.0,2270.0,0,0.0,3,0,0.0,-1,-1,-1,-1,0.0,0.0
2026-06-05T13:00,0.0,0.0,0.0,0.0,33.3,5.99,11.6,62,95,23760.0,1,0.107,0.0,1305.0,0,0.0,3,0,0.0,-1,-1,-1,-1,0.0,0.0
2026-06-05T14:00,0.0,0.0,0.0,0.0,31.7,6.09,11.1,62,94,23760.0,0,0.107,0.0,895.0,0,0.0,3,0,0.0,-1,-1,-1,-1,0.0,0.0
2026-06-05T15:00,0.0,0.0,0.0,0.0,30.7,5.91,11.3,61,45,23760.0,0,0.107,0.0,725.0,0,0.0,1,0,0.0,-1,-1,-1,-1,0.0,0.0
2026-06-05T16:00,0.0,0.0,0.0,0.0,29.4,5.24,10.8,52,77,23740.0,0,0.107,0.0,585.0,0,0.0,2,0,0.0,-1,-1,-1,-1,0.0,0.0
2026-06-05T17:00,0.0,0.0,0.0,0.0,28.6,4.08,9.6,57,93,23780.0,0,0.107,0.0,535.0,0,0.0,3,0,0.0,-1,-1,-1,-1,0.0,0.0
2026-06-05T18:00,0.0,0.0,0.0,0.0,27.3,3.29,7.6,44,55,23760.0,0,0.107,0.0,505.0,0,0.0,2,0,0.0,-1,-1,-1,-1,0.0,0.0
2026-06-05T19:00,0.0,0.0,0.0,0.0,26.8,4.63,8.3,44,94,23760.0,0,0.107,0.0,665.0,0,0.0,3,0,0.0,-1,-1,-1,-1,0.0,0.0
2026-06-05T20:00,0.0,0.0,0.0,0.0,26.9,4.99,9.1,52,88,23760.0,0,0.107,0.0,740.0,0,0.0,3,0,0.0,-1,-1,-1,-1,0.0,0.0
2026-06-05T21:00,0.0,0.0,0.0,0.0,26.2,4.29,8.9,71,95,23780.0,0,0.107,0.0,420.0,1,0.0,3,0,0.0,-1,-1,-1,-1,0.0,0.0
2026-06-05T22:00,0.0,0.0,0.0,0.0,24.8,3.88,7.7,83,99,23780.0,0,0.107,0.0,315.0,1,0.0,3,0,0.0,-1,-1,-1,-1,0.0,0.0
2026-06-05T23:00,0.0,0.0,0.0,0.0,24.3,4.04,7.2,81,91,23780.0,1,0.107,0.0,300.0,1,0.0,3,0,0.0,-1,-1,-1,-1,0.0,0.0
2026-06-06T00:00,0.0,0.0,0.0,0.0,25.6,4.23,7.5,27,97,23780.0,1,0.107,0.0,430.0,0,0.0,3,0,0.0,-1,-1,-1,-1,0.0,0.0
2026-06-06T01:00,0.0,0.0,0.0,0.0,27.5,4.92,9.5,29,98,23800.0,1,0.107,0.0,1045.0,1,0.0,3,0,0.0,-1,-1,-1,-1,0.0,0.0
2026-06-06T02:00,0.0,0.0,0.0,0.0,29.1,5.58,11.1,36,100,23800.0,1,0.107,0.0,1385.0,1,0.0,3,0,0.0,-1,-1,-1,-1,0.0,0.0
2026-06-06T03:00,0.0,0.0,0.0,0.0,30.8,7.82,14.8,69,98,23820.0,1,0.107,0.0,2100.0,1,0.0,3,0,0.0,-1,-1,-1,-1,0.0,0.0
2026-06-06T04:00,0.0,0.0,0.0,0.0,31.9,8.02,16.1,74,100,23820.0,1,0.107,0.0,2910.0,1,0.0,3,0,0.0,-1,-1,-1,-1,0.0,0.0
2026-06-06T05:00,0.0,0.0,0.0,0.0,32.8,6.96,15.6,72,99,23840.0,1,0.107,0.0,3430.0,1,0.0,3,0,0.0,-1,-1,-1,-1,0.0,0.0
2026-06-06T06:00,0.0,0.0,0.0,0.0,32.8,6.64,14.1,64,100,23840.0,1,0.107,0.0,3365.0,0,0.0,3,0,0.0,-1,-1,-1,-1,0.0,0.0
2026-06-06T07:00,0.0,0.0,0.0,0.0,33.5,6.67,13.9,60,100,23840.0,1,0.107,0.0,3325.0,1,0.0,3,0,0.0,-1,-1,-1,-1,0.0,0.0
2026-06-06T08:00,0.0,0.0,0.0,0.0,33.2,6.68,13.6,57,100,23840.0,1,0.106,0.0,3365.0,1,0.0,3,0,0.0,-1,-1,-1,-1,0.0,0.0
2026-06-06T09:00,0.0,0.0,0.0,0.0,33.6,6.97,13.9,46,100,23860.0,1,0.106,0.0,3130.0,1,0.0,3,0,0.0,-1,-1,-1,-1,0.0,0.0
2026-06-06T10:00,0.0,0.0,0.0,0.0,33.6,6.79,14.3,46,100,23860.0,1,0.106,0.0,2835.0,1,0.0,3,0,0.0,-1,-1,-1,-1,0.0,0.0
2026-06-06T11:00,0.0,0.0,0.0,0.0,33.7,5.7,13.3,63,100,23860.0,1,0.106,0.0,3265.0,1,0.0,3,0,0.0,-1,-1,-1,-1,0.0,0.0
2026-06-06T12:00,0.0,0.0,0.0,0.0,33.1,4.77,11.3,60,100,23860.0,1,0.119,0.0,2650.0,0,0.0,3,0,0.0,-1,-1,-1,-1,0.0,0.0
2026-06-06T13:00,0.0,0.0,0.0,0.0,31.9,3.43,8.9,47,100,23880.0,1,0.118,0.0,1255.0,0,0.0,3,0,0.0,-1,-1,-1,-1,0.0,0.0
2026-06-06T14:00,0.0,0.0,0.0,0.0,29.9,2.71,6.4,28,100,23880.0,0,0.118,0.0,255.0,0,0.0,3,0,0.0,-1,-1,-1,-1,0.0,0.0
2026-06-06T15:00,0.0,0.0,0.0,0.0,28.7,2.83,5.1,46,98,23880.0,0,0.118,0.0,170.0,0,0.0,3,0,0.0,-1,-1,-1,-1,0.0,0.0
2026-06-06T16:00,0.0,0.0,0.0,0.0,27.8,2.84,5.2,49,100,23880.0,0,0.117,20.0,125.0,0,0.0,3,0,0.0,-1,-1,-1,-1,0.0,0.0
2026-06-06T17:00,0.0,0.0,0.0,0.0,26.9,2.83,5.2,44,100,23860.0,0,0.117,20.0,125.0,0,0.0,3,0,0.0,-1,-1,-1,-1,0.0,0.0
2026-06-06T18:00,0.0,0.0,0.0,0.0,26.8,2.77,5.5,41,100,23880.0,0,0.121,30.0,210.0,0,0.0,3,0,0.0,-1,-1,-1,-1,0.0,0.0
2026-06-06T19:00,0.0,0.0,0.0,0.0,26.9,3.52,6.5,39,100,23880.0,0,0.12,20.0,260.0,0,0.0,3,0,0.0,-1,-1,-1,-1,0.0,0.0
2026-06-06T20:00,0.0,0.0,0.0,0.0,26.7,3.64,6.6,37,100,23880.0,0,0.12,30.0,280.0,0,0.0,3,0,0.0,-1,-1,-1,-1,0.0,0.0
2026-06-06T21:00,0.0,0.0,0.0,0.0,26.4,4.14,7.4,44,100,23880.0,0,0.12,30.0,360.0,0,0.0,3,0,0.0,-1,-1,-1,-1,0.0,0.0
2026-06-06T22:00,0.0,0.0,0.0,0.0,26.5,4.62,8.4,39,100,23900.0,0,0.119,0.0,435.0,0,0.0,3,0,0.0,-1,-1,-1,-1,0.0,0.0
2026-06-06T23:00,0.0,0.0,0.0,0.0,26.8,4.76,8.5,40,100,23900.0,1,0.119,0.0,580.0,0,0.0,3,0,0.0,-1,-1,-1,-1,0.0,0.0
2026-06-07T00:00,0.0,0.0,0.0,0.0,27.7,5.3,9.8,44,100,23920.0,1,0.106,0.0,685.0,0,0.0,3,0,0.0,-1,-1,-1,-1,0.0,0.0
2026-06-07T01:00,0.0,0.0,0.0,0.0,27.9,2.66,9.7,106,100,23900.0,1,0.106,0.0,610.0,0,0.0,3,0,0.0,-1,-1,-1,-1,0.0,0.0
2026-06-07T02:00,0.0,0.0,0.0,0.0,28.4,3.18,6.2,152,100,23920.0,1,0.106,0.0,385.0,0,0.0,3,0,0.0,-1,-1,-1,-1,0.0,0.0
2026-06-07T03:00,0.0,0.0,0.0,0.0,29.3,2.84,6.5,156,100,23940.0,1,0.106,0.0,1405.0,0,0.0,3,0,0.0,-1,-1,-1,-1,0.0,0.0
2026-06-07T04:00,0.0,0.0,0.0,0.0,30.8,2.06,5.8,84,100,23940.0,1,0.106,10.0,2845.0,0,0.0,3,0,0.0,-1,-1,-1,-1,0.0,0.0
2026-06-07T05:00,0.0,0.0,0.0,0.0,31.9,3.72,8.4,68,100,23940.0,1,0.106,0.0,3150.0,0,0.0,3,0,0.0,-1,-1,-1,-1,0.0,0.0
2026-06-07T06:00,0.0,0.0,0.0,0.0,31.6,3.78,8.6,64,100,23960.0,1,0.106,0.0,3340.0,0,0.0,3,0,0.0,-1,-1,-1,-1,0.0,0.0
2026-06-07T07:00,0.0,0.0,0.0,0.0,31.7,3.5,8.5,46,100,23960.0,1,0.106,0.0,3370.0,0,0.0,3,0,0.0,-1,-1,-1,-1,0.0,0.0
2026-06-07T08:00,0.0,0.0,0.0,0.0,31.5,3.13,8.1,29,100,23960.0,1,0.106,0.0,3425.0,0,0.0,3,0,0.0,-1,-1,-1,-1,0.0,0.0
2026-06-07T09:00,0.0,0.0,0.0,0.0,31.8,3.54,8.2,19,100,23960.0,1,0.106,0.0,3345.0,0,0.0,3,0,0.0,-1,-1,-1,-1,0.0,0.0
2026-06-07T10:00,0.0,0.0,0.0,0.0,31.4,4.07,8.7,29,100,23980.0,1,0.106,0.0,3265.0,0,0.0,3,0,0.0,-1,-1,-1,-1,0.0,0.0
2026-06-07T11:00,0.0,0.0,0.0,0.0,31.1,4.0,8.8,44,100,23980.0,1,0.106,0.0,2845.0,0,0.0,3,0,0.0,-1,-1,-1,-1,0.0,0.0
2026-06-07T12:00,0.0,0.0,0.0,0.0,32.7,0.72,8.2,282,100,23980.0,1,0.106,0.0,4080.0,0,0.0,3,0,0.0,-1,-1,-1,-1,0.0,0.0
2026-06-07T13:00,0.0,0.0,0.0,0.0,30.6,3.52,6.6,293,100,23980.0,1,0.106,0.0,585.0,0,0.0,3,0,0.0,-1,-1,-1,-1,0.0,0.0
2026-06-07T14:00,0.0,0.0,0.0,0.0,28.6,3.7,7.4,300,97,24000.0,0,0.106,0.0,235.0,0,0.0,3,0,0.0,-1,-1,-1,-1,0.0,0.0
2026-06-07T15:00,0.0,0.0,0.0,0.0,27.7,1.7,6.5,317,96,24000.0,0,0.106,0.0,130.0,0,0.0,3,0,0.0,-1,-1,-1,-1,0.0,0.0
2026-06-07T16:00,0.0,0.0,0.0,0.0,26.9,1.49,3.0,50,94,24000.0,0,0.106,0.0,75.0,0,0.0,3,0,0.0,-1,-1,-1,-1,0.0,0.0
2026-06-07T17:00,0.0,0.0,0.0,0.0,25.1,1.67,2.6,49,100,23980.0,0,0.106,0.0,45.0,0,0.0,3,0,0.0,-1,-1,-1,-1,0.0,0.0
2026-06-07T18:00,0.0,0.0,0.0,0.0,26.7,2.15,4.2,22,95,24020.0,0,0.106,0.0,265.0,0,0.0,3,0,0.0,-1,-1,-1,-1,0.0,0.0
2026-06-07T19:00,0.0,0.0,0.0,0.0,25.1,1.15,3.7,90,100,24000.0,0,0.106,0.0,60.0,0,0.0,3,0,0.0,-1,-1,-1,-1,0.0,0.0
2026-06-07T20:00,0.0,0.0,0.0,0.0,25.4,2.76,4.6,125,88,24000.0,0,0.106,0.0,140.0,0,0.0,3,0,0.0,-1,-1,-1,-1,0.0,0.0
2026-06-07T21:00,0.0,0.0,0.0,0.0,24.4,2.31,4.9,108,88,24020.0,0,0.106,20.0,120.0,0,0.0,3,0,0.0,-1,-1,-1,-1,0.0,0.0
2026-06-07T22:00,0.0,0.0,0.0,0.0,23.7,1.85,4.0,92,85,24020.0,0,0.106,0.0,95.0,0,0.0,3,0,0.0,-1,-1,-1,-1,0.0,0.0
2026-06-07T23:00,0.0,0.0,0.0,0.0,23.0,1.65,3.1,88,78,24020.0,1,0.106,0.0,70.0,0,0.0,2,0,0.0,-1,-1,-1,-1,0.0,0.0
2026-06-08T00:00,0.0,0.0,0.0,0.0,24.1,0.53,2.8,229,100,24040.0,1,0.106,0.0,25.0,0,0.0,3,0,0.0,-1,-1,-1,-1,0.0,0.0
2026-06-08T01:00,0.0,0.0,0.0,0.0,25.9,0.16,1.7,72,100,24040.0,1,0.106,0.0,70.0,0,0.0,3,0,0.0,-1,-1,-1,-1,0.0,0.0
2026-06-08T02:00,0.0,0.0,0.0,0.0,28.0,0.68,3.0,54,100,24060.0,1,0.106,0.0,245.0,0,0.0,3,0,0.0,-1,-1,-1,-1,0.0,0.0
2026-06-08T03:00,0.0,0.0,0.0,0.0,30.3,1.16,4.3,97,100,24060.0,1,0.106,20.0,725.0,0,0.0,3,0,0.0,-1,-1,-1,-1,0.0,0.0
2026-06-08T04:00,0.0,0.0,0.0,0.0,31.8,1.18,4.9,102,71,24060.0,1,0.106,20.0,2125.0,0,0.0,2,0,0.0,-1,-1,-1,-1,0.0,0.0
2026-06-08T05:00,0.0,0.0,0.0,0.0,33.3,1.17,5.0,133,22,24080.0,1,0.106,0.0,4125.0,0,0.0,1,0,0.0,-1,-1,-1,-1,0.0,0.0
2026-06-08T06:00,0.0,0.0,0.0,0.0,33.9,1.38,5.5,136,59,24100.0,1,0.106,0.0,4375.0,0,0.0,2,0,0.0,-1,-1,-1,-1,0.0,0.0
2026-06-08T07:00,0.0,0.0,0.0,0.0,35.2,1.92,6.0,195,44,24100.0,1,0.106,0.0,4505.0,0,0.0,1,0,0.0,-1,-1,-1,-1,0.0,0.0
2026-06-08T08:00,0.0,0.0,0.0,0.0,34.6,3.4,7.9,227,26,15580.0,1,0.106,0.0,4190.0,0,0.0,1,0,0.0,-1,-1,-1,-1,0.0,0.0
2026-06-08T09:00,0.0,0.0,0.0,0.0,34.4,3.21,8.5,252,27,24100.0,1,0.106,0.0,4155.0,0,0.0,1,0,0.0,-1,-1,-1,-1,0.0,0.0
2026-06-08T10:00,0.0,0.0,0.0,0.0,34.3,2.44,7.9,316,43,24120.0,1,0.106,0.0,4245.0,0,0.0,1,0,0.0,-1,-1,-1,-1,0.0,0.0
2026-06-08T11:00,0.0,0.0,0.0,0.0,33.7,2.87,7.1,354,29,24120.0,1,0.106,0.0,3795.0,0,0.0,1,0,0.0,-1,-1,-1,-1,0.0,0.0
2026-06-08T12:00,0.0,0.0,0.0,0.0,33.2,2.86,7.1,348,47,24120.0,1,0.106,0.0,3090.0,0,0.0,1,0,0.0,-1,-1,-1,-1,0.0,0.0
2026-06-08T13:00,0.0,0.0,0.0,0.0,32.0,3.24,6.3,351,17,24100.0,1,0.106,0.0,345.0,0,0.0,0,0,0.0,-1,-1,-1,-1,0.0,0.0
2026-06-08T14:00,0.0,0.0,0.0,0.0,29.6,2.57,6.3,353,2,24120.0,0,0.106,0.0,105.0,0,0.0,0,0,0.0,-1,-1,-1,-1,0.0,0.0
2026-06-08T15:00,0.0,0.0,0.0,0.0,27.6,0.86,4.7,36,10,24120.0,0,0.106,0.0,20.0,0,0.0,0,0,0.0,-1,-1,-1,-1,0.0,0.0
2026-06-08T16:00,0.0,0.0,0.0,0.0,26.1,1.82,3.0,58,23,24120.0,0,0.106,0.0,40.0,0,0.0,1,0,0.0,-1,-1,-1,-1,0.0,0.0
2026-06-08T17:00,0.0,0.0,0.0,0.0,26.1,2.84,5.1,56,51,24120.0,0,0.106,0.0,105.0,0,0.0,2,0,0.0,-1,-1,-1,-1,0.0,0.0
2026-06-08T18:00,0.0,0.0,0.0,0.0,25.0,2.11,5.3,54,58,24100.0,0,0.106,0.0,60.0,0,0.0,2,0,0.0,-1,-1,-1,-1,0.0,0.0
2026-06-08T19:00,0.0,0.0,0.0,0.0,24.0,2.07,4.0,37,52,24120.0,0,0.106,0.0,45.0,0,0.0,2,0,0.0,-1,-1,-1,-1,0.0,0.0
2026-06-08T20:00,0.0,0.0,0.0,0.0,22.8,1.31,3.8,47,69,24120.0,0,0.106,0.0,40.0,0,0.0,2,0,0.0,-1,-1,-1,-1,0.0,0.0
2026-06-08T21:00,0.0,0.0,0.0,0.0,23.0,0.56,2.0,63,60,24120.0,0,0.106,0.0,25.0,0,0.0,2,0,0.0,-1,-1,-1,-1,0.0,0.0
2026-06-08T22:00,0.0,0.0,0.0,0.0,22.8,1.92,2.7,62,38,24120.0,0,0.106,0.0,60.0,0,0.0,1,0,0.0,-1,-1,-1,-1,0.0,0.0
2026-06-08T23:00,0.0,0.0,0.0,0.0,24.0,3.74,6.3,65,84,24140.0,1,0.106,0.0,165.0,0,0.0,3,0,0.0,-1,-1,-1,-1,0.0,0.0
2026-06-09T00:00,0.0,0.0,0.0,0.0,26.6,3.82,9.2,45,10,24140.0,1,0.106,20.0,375.0,0,0.0,0,0,0.0,-1,-1,-1,-1,0.0,0.0
2026-06-09T01:00,0.0,0.0,0.0,0.0,29.2,4.96,9.4,41,73,24140.0,1,0.106,120.0,650.0,0,0.0,2,0,0.0,-1,-1,-1,-1,0.0,0.0
2026-06-09T02:00,0.0,0.0,0.0,0.0,30.6,5.8,11.4,52,98,24180.0,1,0.106,0.0,1060.0,0,0.0,3,0,0.0,-1,-1,-1,-1,0.0,0.0
2026-06-09T03:00,0.0,0.0,0.0,0.0,31.4,6.26,12.6,62,98,24180.0,1,0.106,10.0,1470.0,0,0.0,3,0,0.0,-1,-1,-1,-1,0.0,0.0
2026-06-09T04:00,0.0,0.0,0.0,0.0,32.7,4.97,12.6,65,100,24180.0,1,0.106,0.0,1820.0,0,0.0,3,0,0.0,-1,-1,-1,-1,0.0,0.0
2026-06-09T05:00,0.0,0.0,0.0,0.0,33.6,2.99,10.6,69,100,24180.0,1,0.105,10.0,3775.0,0,0.0,3,0,0.0,-1,-1,-1,-1,0.0,0.0
2026-06-09T06:00,0.0,0.0,0.0,0.0,33.9,2.43,7.7,98,100,24200.0,1,0.105,0.0,4295.0,0,0.0,3,0,0.0,-1,-1,-1,-1,0.0,0.0
2026-06-09T07:00,0.0,0.0,0.0,0.0,34.9,1.77,6.7,115,100,24220.0,1,0.105,0.0,4335.0,0,0.0,3,0,0.0,-1,-1,-1,-1,0.0,0.0
2026-06-09T08:00,0.0,0.0,0.0,0.0,35.1,0.91,5.9,171,99,24220.0,1,0.105,0.0,4400.0,0,0.0,3,0,0.0,-1,-1,-1,-1,0.0,0.0
2026-06-09T09:00,0.0,0.0,0.0,0.0,35.6,1.45,5.1,226,95,24220.0,1,0.105,0.0,4565.0,0,0.0,3,0,0.0,-1,-1,-1,-1,0.0,0.0
2026-06-09T10:00,0.0,0.0,0.0,0.0,35.6,1.88,5.7,245,100,24240.0,1,0.105,0.0,4660.0,0,0.0,3,0,0.0,-1,-1,-1,-1,0.0,0.0
2026-06-09T11:00,0.0,0.0,0.0,0.0,35.0,0.57,5.5,225,100,24240.0,1,0.105,0.0,4540.0,0,0.0,3,0,0.0,-1,-1,-1,-1,0.0,0.0
2026-06-09T12:00,0.0,0.0,0.0,0.0,34.0,2.08,3.3,294,96,24240.0,1,0.105,0.0,1630.0,0,0.0,3,0,0.0,-1,-1,-1,-1,0.0,0.0
2026-06-09T13:00,0.0,0.0,0.0,0.0,31.7,1.31,4.5,288,80,24240.0,1,0.105,0.0,95.0,0,0.0,3,0,0.0,-1,-1,-1,-1,0.0,0.0
2026-06-09T14:00,0.0,0.0,0.0,0.0,28.9,0.58,2.2,301,34,24260.0,0,0.105,0.0,35.0,0,0.0,1,0,0.0,-1,-1,-1,-1,0.0,0.0
2026-06-09T15:00,0.0,0.0,0.0,0.0,27.7,0.29,1.0,149,13,24260.0,0,0.105,0.0,20.0,0,0.0,0,0,0.0,-1,-1,-1,-1,0.0,0.0
2026-06-09T16:00,0.0,0.0,0.0,0.0,25.9,1.7,2.5,88,2,24240.0,0,0.105,0.0,45.0,0,0.0,0,0,0.0,-1,-1,-1,-1,0.0,0.0
2026-06-09T17:00,0.0,0.0,0.0,0.0,25.9,2.51,4.9,55,13,24220.0,0,0.105,0.0,120.0,0,0.0,0,0,0.0,-1,-1,-1,-1,0.0,0.0
2026-06-09T18:00,0.0,0.0,0.0,0.0,25.0,2.41,4.4,42,19,24220.0,0,0.105,10.0,80.0,0,0.0,0,0,0.0,-1,-1,-1,-1,0.0,0.0
2026-06-09T19:00,0.0,0.0,0.0,0.0,23.3,1.81,4.3,42,4,24240.0,0,0.105,0.0,45.0,0,0.0,0,0,0.0,-1,-1,-1,-1,0.0,0.0
2026-06-09T20:00,0.0,0.0,0.0,0.0,22.7,1.04,2.8,55,3,24240.0,0,0.105,0.0,30.0,0,0.0,0,0,0.0,-1,-1,-1,-1,0.0,0.0
2026-06-09T21:00,0.0,0.0,0.0,0.0,21.9,1.08,1.6,68,15,24240.0,0,0.105,0.0,30.0,0,0.0,0,0,0.0,-1,-1,-1,-1,0.0,0.0
2026-06-09T22:00,0.0,0.0,0.0,0.0,21.3,0.95,1.6,72,52,24240.0,0,0.105,0.0,35.0,0,0.0,2,0,0.0,-1,-1,-1,-1,0.0,0.0
2026-06-09T23:00,0.0,0.0,0.0,0.0,21.3,1.18,1.8,54,63,24260.0,1,0.105,0.0,40.0,0,0.0,2,0,0.0,-1,-1,-1,-1,0.0,0.0
2026-06-10T00:00,0.0,0.0,0.0,0.0,23.5,0.67,1.8,42,6,24260.0,1,0.105,0.0,40.0,0,0.0,0,0,0.0,-1,-1,-1,-1,0.0,0.0
2026-06-10T01:00,0.0,0.0,0.0,0.0,26.8,0.38,2.3,293,1,24260.0,1,0.105,0.0,135.0,0,0.0,0,0,0.0,-1,-1,-1,-1,0.0,0.0
2026-06-10T02:00,0.0,0.0,0.0,0.0,29.8,0.71,3.5,321,0,24300.0,1,0.105,0.0,595.0,0,0.0,0,0,0.0,-1,-1,-1,-1,0.0,0.0
2026-06-10T03:00,0.0,0.0,0.0,0.0,32.3,2.98,7.2,31,0,24300.0,1,0.105,10.0,1240.0,0,0.0,0,0,0.0,-1,-1,-1,-1,0.0,0.0
2026-06-10T04:00,0.0,0.0,0.0,0.0,33.4,4.94,10.7,50,9,24300.0,1,0.105,80.0,2415.0,0,0.0,0,0,0.0,-1,-1,-1,-1,0.0,0.0
2026-06-10T05:00,0.0,0.0,0.0,0.0,34.1,4.67,10.8,63,14,24300.0,1,0.105,180.0,3315.0,0,0.0,0,0,0.0,-1,-1,-1,-1,0.0,0.0
2026-06-10T06:00,0.0,0.0,0.0,0.0,34.5,3.47,10.5,62,8,24320.0,1,0.105,80.0,3620.0,0,0.0,0,0,0.0,-1,-1,-1,-1,0.0,0.0
2026-06-10T07:00,0.0,0.0,0.0,0.0,35.3,2.06,8.5,76,5,24320.0,1,0.105,40.0,4150.0,0,0.0,0,0,0.0,-1,-1,-1,-1,0.0,0.0
2026-06-10T08:00,0.0,0.0,0.0,0.0,35.8,0.95,6.8,93,2,24320.0,1,0.105,20.0,4230.0,0,0.0,0,0,0.0,-1,-1,-1,-1,0.0,0.0
2026-06-10T09:00,0.0,0.0,0.0,0.0,36.2,0.5,5.2,96,2,24340.0,1,0.105,10.0,4420.0,0,0.0,0,0,0.0,-1,-1,-1,-1,0.0,0.0
2026-06-10T10:00,0.0,0.0,0.0,0.0,36.2,0.53,4.6,139,47,24360.0,1,0.105,0.0,4490.0,0,0.0,1,0,0.0,-1,-1,-1,-1,0.0,0.0
2026-06-10T11:00,0.0,0.0,0.0,0.0,35.6,0.74,4.2,152,40,24360.0,1,0.105,0.0,4495.0,0,0.0,1,0,0.0,-1,-1,-1,-1,0.0,0.0
2026-06-10T12:00,0.0,0.0,0.0,0.0,35.0,3.2,4.1,76,42,24340.0,1,0.105,0.0,4260.0,0,0.0,1,0,0.0,-1,-1,-1,-1,0.0,0.0
2026-06-10T13:00,0.0,0.0,0.0,0.0,33.7,2.97,6.8,54,45,24340.0,1,0.105,0.0,3105.0,0,0.0,1,0,0.0,-1,-1,-1,-1,0.0,0.0
2026-06-10T14:00,0.0,0.0,0.0,0.0,32.0,4.0,6.8,49,30,24360.0,0,0.105,0.0,510.0,0,0.0,1,0,0.0,-1,-1,-1,-1,0.0,0.0
2026-06-10T15:00,0.0,0.0,0.0,0.0,31.0,4.79,8.8,61,3,24360.0,0,0.105,0.0,345.0,0,0.0,0,0,0.0,-1,-1,-1,-1,0.0,0.0
2026-06-10T16:00,0.0,0.0,0.0,0.0,30.0,3.54,8.5,47,2,24360.0,0,0.105,0.0,240.0,0,0.0,0,0,0.0,-1,-1,-1,-1,0.0,0.0
2026-06-10T17:00,0.0,0.0,0.0,0.0,28.1,2.66,6.5,74,20,24360.0,0,0.105,0.0,140.0,0,0.0,1,0,0.0,-1,-1,-1,-1,0.0,0.0
2026-06-10T18:00,0.0,0.0,0.0,0.0,26.7,2.33,4.8,75,16,24340.0,0,0.105,0.0,80.0,0,0.0,0,0,0.0,-1,-1,-1,-1,0.0,0.0
2026-06-10T19:00,0.0,0.0,0.0,0.0,25.6,1.81,4.0,76,2,24360.0,0,0.105,0.0,50.0,1,0.0,0,0,0.0,-1,-1,-1,-1,0.0,0.0
2026-06-10T20:00,0.0,0.0,0.0,0.0,25.2,1.28,2.9,59,3,24360.0,0,0.105,0.0,40.0,1,0.0,0,0,0.0,-1,-1,-1,-1,0.0,0.0
2026-06-10T21:00,0.0,0.0,0.0,0.0,24.6,1.17,1.6,70,1,24360.0,0,0.105,0.0,40.0,1,0.0,0,0,0.0,-1,-1,-1,-1,0.0,0.0
2026-06-10T22:00,0.0,0.0,0.0,0.0,23.0,1.34,1.3,135,0,24380.0,0,0.105,0.0,55.0,1,0.0,0,0,0.0,-1,-1,-1,-1,0.0,0.0
2026-06-10T23:00,0.0,0.0,0.0,0.0,22.6,0.65,1.4,94,0,24380.0,1,0.105,0.0,35.0,1,0.0,0,0,0.0,-1,-1,-1,-1,0.0,0.0
2026-06-11T00:00,0.0,0.0,0.0,0.0,24.5,2.05,3.9,45,5,24380.0,1,0.134,0.0,85.0,0,0.0,0,0,0.0,-1,-1,-1,-1,0.0,0.0
2026-06-11T01:00,0.0,0.0,0.0,0.0,27.3,3.08,5.9,43,3,24380.0,1,0.134,0.0,215.0,0,0.0,0,0,0.0,-1,-1,-1,-1,0.0,0.0
2026-06-11T02:00,0.0,0.0,0.0,0.0,30.7,3.37,7.2,75,2,24420.0,1,0.133,100.0,545.0,0,0.0,0,0,0.0,-1,-1,-1,-1,0.0,0.0
2026-06-11T03:00,0.0,0.0,0.0,0.0,32.5,4.69,9.7,76,2,24420.0,1,0.132,30.0,1315.0,0,0.0,0,0,0.0,-1,-1,-1,-1,0.0,0.0
2026-06-11T04:00,0.0,0.0,0.0,0.0,33.3,4.2,10.4,88,38,24420.0,1,0.13,60.0,2320.0,0,0.0,1,0,0.0,-1,-1,-1,-1,0.0,0.0
2026-06-11T05:00,0.0,0.0,0.0,0.0,34.5,2.44,9.2,133,19,24420.0,1,0.128,20.0,3775.0,0,0.0,0,0,0.0,-1,-1,-1,-1,0.0,0.0
2026-06-11T06:00,0.0,0.0,0.0,0.0,35.1,2.28,6.9,151,13,24440.0,1,0.133,0.0,3760.0,0,0.0,0,0,0.0,-1,-1,-1,-1,0.0,0.0
2026-06-11T07:00,0.0,0.0,0.0,0.0,35.9,1.86,6.5,156,5,24440.0,1,0.131,10.0,4040.0,0,0.0,0,0,0.0,-1,-1,-1,-1,0.0,0.0
2026-06-11T08:00,0.0,0.0,0.0,0.0,36.5,1.6,6.2,160,3,24440.0,1,0.128,40.0,4225.0,0,0.0,0,0,0.0,-1,-1,-1,-1,0.0,0.0
2026-06-11T09:00,0.0,0.0,0.0,0.0,36.7,1.27,5.7,154,23,24440.0,1,0.126,30.0,4315.0,0,0.0,1,0,0.0,-1,-1,-1,-1,0.0,0.0
2026-06-11T10:00,0.0,0.0,0.0,0.0,36.5,1.47,5.2,162,30,24460.0,1,0.125,10.0,4320.0,0,0.0,1,0,0.0,-1,-1,-1,-1,0.0,0.0
2026-06-11T11:00,0.0,0.0,0.0,0.0,36.0,1.19,5.0,152,27,24460.0,1,0.124,10.0,4290.0,0,0.0,1,0,0.0,-1,-1,-1,-1,0.0,0.0
2026-06-11T12:00,0.0,0.0,0.0,0.0,35.7,3.29,4.2,118,2,24480.0,1,0.104,0.0,3315.0,0,0.0,0,0,0.0,-1,-1,-1,-1,0.0,0.0
2026-06-11T13:00,0.0,0.0,0.0,0.0,34.2,1.57,6.4,107,2,24480.0,1,0.104,0.0,370.0,0,0.0,0,0,0.0,-1,-1,-1,-1,0.0,0.0
2026-06-11T14:00,0.0,0.0,0.0,0.0,31.6,0.15,2.8,360,3,24480.0,0,0.104,0.0,10.0,0,0.0,0,0,0.0,-1,-1,-1,-1,0.0,0.0
2026-06-11T15:00,0.0,0.0,0.0,0.0,30.1,0.62,1.1,14,2,24480.0,0,0.104,0.0,25.0,0,0.0,0,0,0.0,-1,-1,-1,-1,0.0,0.0
2026-06-11T16:00,0.0,0.0,0.0,0.0,28.3,1.06,1.7,49,6,24480.0,0,0.104,0.0,40.0,0,0.0,0,0,0.0,-1,-1,-1,-1,0.0,0.0
2026-06-11T17:00,0.0,0.0,0.0,0.0,26.6,1.32,1.9,53,5,24480.0,0,0.104,0.0,35.0,0,0.0,0,0,0.0,-1,-1,-1,-1,0.0,0.0
2026-06-11T18:00,0.0,0.0,0.0,0.0,26.3,1.88,3.4,50,8,24480.0,0,0.104,0.0,45.0,0,0.0,0,0,0.0,-1,-1,-1,-1,0.0,0.0
2026-06-11T19:00,0.0,0.0,0.0,0.0,24.6,2.09,3.7,50,2,24480.0,0,0.104,0.0,45.0,0,0.0,0,0,0.0,-1,-1,-1,-1,0.0,0.0
2026-06-11T20:00,0.0,0.0,0.0,0.0,24.4,2.23,3.7,56,0,24480.0,0,0.104,0.0,55.0,0,0.0,0,0,0.0,-1,-1,-1,-1,0.0,0.0
2026-06-11T21:00,0.0,0.0,0.0,0.0,24.1,1.99,3.8,62,3,24480.0,0,0.104,0.0,65.0,0,0.0,0,0,0.0,-1,-1,-1,-1,0.0,0.0
2026-06-11T22:00,0.0,0.0,0.0,0.0,23.4,1.66,2.9,57,16,24500.0,0,0.104,0.0,55.0,0,0.0,0,0,0.0,-1,-1,-1,-1,0.0,0.0
2026-06-11T23:00,0.0,0.0,0.0,0.0,23.4,2.07,3.0,58,7,24500.0,1,0.104,0.0,65.0,0,0.0,0,0,0.0,-1,-1,-1,-1,0.0,0.0
2026-06-12T00:00,0.0,0.0,0.0,0.0,27.2,3.36,4.1,53,15,24500.0,1,0.104,0.0,145.0,0,0.0,0,0,0.0,-1,-1,-1,-1,0.0,0.0
2026-06-12T01:00,0.0,0.0,0.0,0.0,29.1,3.91,6.9,62,3,24540.0,1,0.104,0.0,285.0,0,0.0,0,0,0.0,-1,-1,-1,-1,0.0,0.0
2026-06-12T02:00,0.0,0.0,0.0,0.0,31.9,4.94,9.3,62,61,24540.0,1,0.104,0.0,635.0,0,0.0,2,0,0.0,-1,-1,-1,-1,0.0,0.0
2026-06-12T03:00,0.0,0.0,0.0,0.0,33.6,6.66,13.3,52,85,24540.0,1,0.104,0.0,805.0,0,0.0,3,0,0.0,-1,-1,-1,-1,0.0,0.0
2026-06-12T04:00,0.0,0.0,0.0,0.0,34.9,5.55,13.2,61,91,24540.0,1,0.104,10.0,1615.0,0,0.0,3,0,0.0,-1,-1,-1,-1,0.0,0.0
2026-06-12T05:00,0.0,0.0,0.0,0.0,36.3,3.46,11.6,72,91,24560.0,1,0.104,0.0,3960.0,0,0.0,3,0,0.0,-1,-1,-1,-1,0.0,0.0
2026-06-12T06:00,0.0,0.0,0.0,0.0,36.6,2.37,8.5,62,88,24580.0,1,0.104,0.0,4165.0,0,0.0,3,0,0.0,-1,-1,-1,-1,0.0,0.0
2026-06-12T07:00,0.0,0.0,0.0,0.0,37.8,1.75,7.0,37,99,24580.0,1,0.104,0.0,4205.0,0,0.0,3,0,0.0,-1,-1,-1,-1,0.0,0.0
2026-06-12T08:00,0.0,0.0,0.0,0.0,38.1,2.08,6.9,24,95,24580.0,1,0.104,0.0,4350.0,0,0.0,3,0,0.0,-1,-1,-1,-1,0.0,0.0
2026-06-12T09:00,0.0,0.0,0.0,0.0,38.2,1.94,6.9,35,13,24600.0,1,0.104,0.0,4330.0,0,0.0,0,0,0.0,-1,-1,-1,-1,0.0,0.0
2026-06-12T10:00,0.0,0.0,0.0,0.0,38.1,1.16,6.5,83,12,24600.0,1,0.104,0.0,4515.0,0,0.0,0,0,0.0,-1,-1,-1,-1,0.0,0.0
2026-06-12T11:00,0.0,0.0,0.0,0.0,37.8,1.42,4.8,122,48,24600.0,1,0.104,0.0,4590.0,0,0.0,1,0,0.0,-1,-1,-1,-1,0.0,0.0
2026-06-12T12:00,0.0,0.0,0.0,0.0,37.3,2.8,4.3,177,95,24600.0,1,0.104,0.0,4135.0,0,0.0,3,0,0.0,-1,-1,-1,-1,0.0,0.0
2026-06-12T13:00,0.0,0.0,0.0,0.0,35.3,2.11,4.8,211,84,24620.0,1,0.104,0.0,230.0,1,0.0,3,0,0.0,-1,-1,-1,-1,0.0,0.0
2026-06-12T14:00,0.0,0.0,0.0,0.0,31.5,1.25,3.3,286,44,24620.0,0,0.104,0.0,50.0,1,0.0,1,0,0.0,-1,-1,-1,-1,0.0,0.0
2026-06-12T15:00,0.0,0.0,0.0,0.0,29.9,1.66,2.5,33,98,24620.0,0,0.104,0.0,50.0,1,0.0,3,0,0.0,-1,-1,-1,-1,0.0,0.0
2026-06-12T16:00,0.0,0.0,0.0,0.0,28.8,1.72,3.1,54,99,24600.0,0,0.104,0.0,45.0,1,0.0,3,0,0.0,-1,-1,-1,-1,0.0,0.0
2026-06-12T17:00,0.0,0.0,0.0,0.0,28.2,1.1,2.5,60,96,24620.0,0,0.104,0.0,50.0,1,0.0,3,0,0.0,-1,-1,-1,-1,0.0,0.0
2026-06-12T18:00,0.0,0.0,0.0,0.0,27.3,2.34,4.4,56,97,24620.0,0,0.104,0.0,70.0,0,0.0,3,0,0.0,-1,-1,-1,-1,0.0,0.0
2026-06-12T19:00,0.0,0.0,0.0,0.0,27.9,3.87,6.7,25,88,24620.0,0,0.104,0.0,155.0,1,0.0,3,0,0.0,-1,-1,-1,-1,0.0,0.0
2026-06-12T20:00,0.0,0.0,0.0,0.0,28.6,5.27,9.1,30,86,24620.0,0,0.104,0.0,365.0,1,0.0,3,0,0.0,-1,-1,-1,-1,0.0,0.0
2026-06-12T21:00,0.0,0.0,0.0,0.0,29.4,5.49,9.9,33,84,24640.0,0,0.104,0.0,485.0,1,0.0,3,0,0.0,-1,-1,-1,-1,0.0,0.0
2026-06-12T22:00,0.0,0.0,0.0,0.0,29.2,5.61,10.3,39,97,24640.0,0,0.104,0.0,495.0,1,0.0,3,0,0.0,-1,-1,-1,-1,0.0,0.0
2026-06-12T23:00,0.0,0.0,0.0,0.0,28.3,4.84,10.0,45,100,24640.0,1,0.104,0.0,345.0,1,0.0,3,0,0.0,-1,-1,-1,-1,0.0,0.0
2026-06-13T00:00,0.0,0.0,0.0,0.0,28.6,4.28,8.9,43,98,24640.0,1,0.104,0.0,255.0,0,0.0,3,0,0.0,-1,-1,-1,-1,0.0,0.0
2026-06-13T01:00,0.0,0.0,0.0,0.0,31.2,4.85,9.1,55,98,24660.0,1,0.104,10.0,680.0,1,0.0,3,0,0.0,-1,-1,-1,-1,0.0,0.0
2026-06-13T02:00,0.0,0.0,0.0,0.0,32.5,5.21,9.9,76,100,24660.0,1,0.104,20.0,905.0,0,0.0,3,0,0.0,-1,-1,-1,-1,0.0,0.0
2026-06-13T03:00,0.0,0.0,0.0,0.0,33.5,5.47,11.1,72,100,24660.0,1,0.104,20.0,1430.0,0,0.0,3,0,0.0,-1,-1,-1,-1,0.0,0.0
2026-06-13T04:00,0.0,0.0,0.0,0.0,34.3,4.33,11.1,76,100,24660.0,1,0.104,20.0,1630.0,0,0.0,3,0,0.0,-1,-1,-1,-1,0.0,0.0
2026-06-13T05:00,0.0,0.0,0.0,0.0,35.0,3.06,9.3,94,100,24680.0,1,0.104,40.0,2455.0,0,0.0,3,0,0.0,-1,-1,-1,-1,0.0,0.0
2026-06-13T06:00,0.0,0.0,0.0,0.0,35.9,2.52,7.5,83,100,24680.0,1,0.104,10.0,3100.0,0,0.0,3,0,0.0,-1,-1,-1,-1,0.0,0.0
2026-06-13T07:00,0.0,0.0,0.0,0.0,36.6,1.61,6.8,106,100,24680.0,1,0.104,10.0,3885.0,0,0.0,3,0,0.0,-1,-1,-1,-1,0.0,0.0
2026-06-13T08:00,0.0,0.0,0.0,0.0,36.9,2.0,6.0,148,95,24720.0,1,0.104,0.0,4150.0,0,0.0,3,0,0.0,-1,-1,-1,-1,0.0,0.0
2026-06-13T09:00,0.0,0.0,0.0,0.0,37.2,2.8,6.9,170,65,24720.0,1,0.104,0.0,4325.0,0,0.0,2,0,0.0,-1,-1,-1,-1,0.0,0.0
2026-06-13T10:00,0.0,0.0,0.0,0.0,37.2,3.04,6.9,189,94,24720.0,1,0.104,0.0,4560.0,0,0.0,3,0,0.0,-1,-1,-1,-1,0.0,0.0
2026-06-13T11:00,0.0,0.0,0.0,0.0,36.3,2.86,6.8,207,98,24720.0,1,0.104,0.0,4080.0,0,0.0,3,0,0.0,-1,-1,-1,-1,0.0,0.0
2026-06-13T12:00,0.0,0.0,0.0,0.0,36.3,3.57,5.9,217,33,24740.0,1,0.104,0.0,3740.0,0,0.0,1,0,0.0,-1,-1,-1,-1,0.0,0.0
2026-06-13T13:00,0.0,0.0,0.0,0.0,34.5,1.66,6.2,263,3,24740.0,1,0.104,0.0,210.0,0,0.0,0,0,0.0,-1,-1,-1,-1,0.0,0.0
2026-06-13T14:00,0.0,0.0,0.0,0.0,31.6,0.25,3.0,360,73,24720.0,0,0.104,0.0,20.0,0,0.0,2,0,0.0,-1,-1,-1,-1,0.0,0.0
2026-06-13T15:00,0.0,0.0,0.0,0.0,30.2,2.19,3.7,45,52,24720.0,0,0.104,0.0,95.0,0,0.0,2,0,0.0,-1,-1,-1,-1,0.0,0.0
2026-06-13T16:00,0.0,0.0,0.0,0.0,30.4,2.96,5.4,37,23,24740.0,0,0.104,0.0,195.0,0,0.0,1,0,0.0,-1,-1,-1,-1,0.0,0.0
2026-06-13T17:00,0.0,0.0,0.0,0.0,29.7,4.43,7.4,41,20,24740.0,0,0.104,0.0,310.0,0,0.0,1,0,0.0,-1,-1,-1,-1,0.0,0.0
2026-06-13T18:00,0.0,0.0,0.0,0.0,29.6,5.96,10.5,30,1,24740.0,0,0.104,0.0,605.0,0,0.0,0,0,0.0,-1,-1,-1,-1,0.0,0.0
2026-06-13T19:00,0.0,0.0,0.0,0.0,28.9,6.02,10.8,36,0,24720.0,0,0.104,10.0,625.0,0,0.0,0,0,0.0,-1,-1,-1,-1,0.0,0.0
2026-06-13T20:00,0.0,0.0,0.0,0.0,28.3,6.1,10.9,41,0,24720.0,0,0.104,0.0,620.0,0,0.0,0,0,0.0,-1,-1,-1,-1,0.0,0.0
2026-06-13T21:00,0.0,0.0,0.0,0.0,28.2,6.46,11.6,35,0,24740.0,0,0.104,0.0,595.0,0,0.0,0,0,0.0,-1,-1,-1,-1,0.0,0.0
2026-06-13T22:00,0.0,0.0,0.0,0.0,28.1,5.64,11.5,40,1,24740.0,0,0.104,0.0,625.0,0,0.0,0,0,0.0,-1,-1,-1,-1,0.0,0.0
2026-06-13T23:00,0.0,0.0,0.0,0.0,26.8,4.07,10.1,46,48,24740.0,1,0.104,10.0,295.0,0,0.0,1,0,0.0,-1,-1,-1,-1,0.0,0.0
2026-06-14T00:00,0.0,0.0,0.0,0.0,27.9,4.08,7.3,59,27,24760.0,1,0.104,10.0,200.0,0,0.0,1,0,0.0,-1,-1,-1,-1,0.0,0.0
2026-06-14T01:00,0.0,0.0,0.0,0.0,30.2,3.81,7.5,100,38,24780.0,1,0.104,0.0,455.0,0,0.0,1,0,0.0,-1,-1,-1,-1,0.0,0.0
2026-06-14T02:00,0.0,0.0,0.0,0.0,31.8,4.05,8.5,90,21,24780.0,1,0.104,0.0,1275.0,0,0.0,1,0,0.0,-1,-1,-1,-1,0.0,0.0
2026-06-14T03:00,0.0,0.0,0.0,0.0,32.9,3.01,8.4,96,23,24800.0,1,0.104,10.0,1675.0,0,0.0,1,0,0.0,-1,-1,-1,-1,0.0,0.0
2026-06-14T04:00,0.0,0.0,0.0,0.0,33.9,1.81,7.3,104,48,24800.0,1,0.104,40.0,2455.0,0,0.0,1,0,0.0,-1,-1,-1,-1,0.0,0.0
2026-06-14T05:00,0.0,0.0,0.0,0.0,34.8,0.91,6.0,84,16,24800.0,1,0.103,70.0,3210.0,0,0.0,0,0,0.0,-1,-1,-1,-1,0.0,0.0
2026-06-14T06:00,0.0,0.0,0.0,0.0,35.7,1.72,5.7,107,9,24800.0,1,0.103,20.0,3790.0,0,0.0,0,0,0.0,-1,-1,-1,-1,0.0,0.0
2026-06-14T07:00,0.0,0.0,0.0,0.0,36.5,1.03,6.2,119,20,24820.0,1,0.103,20.0,3870.0,0,0.0,1,0,0.0,-1,-1,-1,-1,0.0,0.0
2026-06-14T08:00,0.0,0.0,0.0,0.0,36.8,0.58,5.7,59,71,24820.0,1,0.103,0.0,4095.0,0,0.0,2,0,0.0,-1,-1,-1,-1,0.0,0.0
2026-06-14T09:00,0.0,0.0,0.0,0.0,36.5,1.35,5.5,42,99,24820.0,1,0.103,20.0,4110.0,0,0.0,3,0,0.0,-1,-1,-1,-1,0.0,0.0
2026-06-14T10:00,0.2,1.0,0.0,0.0,32.3,4.63,8.7,299,99,21740.0,1,0.105,0.0,725.0,0,0.0,51,0,0.0,-1,-1,-1,-1,0.0,0.0
2026-06-14T11:00,0.6,0.667,0.0,0.0,30.8,6.56,13.6,322,34,4760.0,1,0.111,30.0,485.0,0,0.0,53,1,0.2,8,0,2,200,0.0,0.4
2026-06-14T12:00,0.6,0.0,0.0,0.0,36.1,2.21,11.6,155,57,24840.0,1,0.103,10.0,4155.0,0,0.0,53,1,0.6,8,1,1,200,0.0,0
2026-06-14T13:00,0.0,0.0,0.0,0.0,32.7,7.06,12.6,57,90,24840.0,1,0.103,0.0,1050.0,0,0.0,3,0,0.0,-1,-1,-1,-1,0.0,0.0
2026-06-14T14:00,0.0,0.0,0.0,0.0,30.8,7.24,13.5,22,40,12300.0,0,0.103,0.0,620.0,0,0.0,1,0,0.0,-1,-1,-1,-1,0.0,0.0
2026-06-14T15:00,0.0,0.0,0.0,0.0,29.4,4.76,13.7,27,41,24820.0,0,0.104,0.0,335.0,0,0.0,1,0,0.0,-1,-1,-1,-1,0.0,0.0
2026-06-14T16:00,0.0,0.0,0.0,0.0,28.6,5.1,9.7,43,20,24840.0,0,0.104,0.0,295.0,0,0.0,1,0,0.0,-1,-1,-1,-1,0.0,0.0
2026-06-14T17:00,0.0,0.0,0.0,0.0,28.8,4.87,9.5,34,42,24840.0,0,0.104,0.0,330.0,0,0.0,1,0,0.0,-1,-1,-1,-1,0.0,0.0
2026-06-14T18:00,0.0,0.0,0.0,0.0,28.2,2.86,9.2,16,75,24840.0,0,0.104,0.0,345.0,0,0.0,2,0,0.0,-1,-1,-1,-1,0.0,0.0
2026-06-14T19:00,0.0,0.0,0.0,0.0,26.4,2.59,6.0,341,57,24820.0,0,0.104,0.0,215.0,0,0.0,2,0,0.0,-1,-1,-1,-1,0.0,0.0
2026-06-14T20:00,0.0,0.0,0.0,0.0,25.7,0.15,5.0,270,97,24840.0,0,0.104,30.0,30.0,0,0.0,3,0,0.0,-1,-1,-1,-1,0.0,0.0
2026-06-14T21:00,0.0,0.0,0.0,0.0,24.9,0.86,1.0,7,99,24840.0,0,0.104,20.0,55.0,0,0.0,3,0,0.0,-1,-1,-1,-1,0.0,0.0
2026-06-14T22:00,0.0,0.0,0.0,0.0,24.8,1.04,2.0,35,99,24840.0,0,0.104,10.0,85.0,0,0.0,3,0,0.0,-1,-1,-1,-1,0.0,0.0
2026-06-14T23:00,0.0,0.0,0.0,0.0,24.9,2.06,4.0,72,99,24840.0,1,0.104,0.0,100.0,0,0.0,3,0,0.0,-1,-1,-1,-1,0.0,0.0
2026-06-15T00:00,0.0,0.0,0.0,0.0,25.1,0.45,5.0,264,97,24020.0,1,0.105,0.0,60.0,0,0.0,3,0,0.0,-1,-1,-1,-1,0.0,0.0
2026-06-15T01:00,0.0,0.0,0.0,0.0,26.4,1.4,3.3,2,91,24860.0,1,0.105,120.0,185.0,0,0.0,3,0,0.0,-1,-1,-1,-1,0.0,0.0
2026-06-15T02:00,0.0,0.0,0.0,0.0,28.8,2.5,5.9,358,99,24880.0,1,0.105,40.0,1330.0,0,0.0,3,0,0.0,-1,-1,-1,-1,0.0,0.0
2026-06-15T03:00,0.0,0.0,0.0,0.0,30.8,1.0,5.9,53,89,24900.0,1,0.105,0.0,1975.0,0,0.0,3,0,0.0,-1,-1,-1,-1,0.0,0.0
2026-06-15T04:00,0.0,0.0,0.0,0.0,32.0,1.83,5.8,26,78,24900.0,1,0.105,0.0,2430.0,0,0.0,2,0,0.0,-1,-1,-1,-1,0.0,0.0
2026-06-15T05:00,0.0,0.0,0.0,0.0,31.8,2.95,7.2,26,84,24900.0,1,0.105,0.0,2325.0,0,0.0,3,0,0.0,-1,-1,-1,-1,0.0,0.0
2026-06-15T06:00,0.0,0.0,0.0,0.0,29.6,3.32,8.9,18,99,24900.0,1,0.105,10.0,1245.0,0,0.0,3,0,0.0,-1,-1,-1,-1,0.0,0.0
2026-06-15T07:00,0.0,0.0,0.0,0.0,30.2,2.78,7.9,52,100,24920.0,1,0.105,120.0,1230.0,0,0.0,3,0,0.0,-1,-1,-1,-1,0.0,0.0
2026-06-15T08:00,0.0,0.0,0.0,0.0,29.4,3.1,7.2,80,86,24920.0,1,0.105,50.0,340.0,0,0.0,3,0,0.0,-1,-1,-1,-1,0.0,0.0
2026-06-15T09:00,0.0,0.0,0.0,0.0,31.9,3.02,8.2,78,100,24920.0,1,0.105,50.0,1960.0,0,0.0,3,0,0.0,-1,-1,-1,-1,0.0,0.0
2026-06-15T10:00,0.0,0.0,0.0,0.0,32.0,1.8,7.6,92,84,24920.0,1,0.104,0.0,1760.0,0,0.0,3,0,0.0,-1,-1,-1,-1,0.0,0.0
2026-06-15T11:00,0.0,0.0,0.0,0.0,32.2,0.39,5.3,230,89,24960.0,1,0.104,0.0,1810.0,0,0.0,3,0,0.0,-1,-1,-1,-1,0.0,0.0
2026-06-15T12:00,0.0,0.0,0.0,0.0,32.5,4.11,4.9,291,88,24960.0,1,0.104,0.0,1570.0,0,0.0,3,0,0.0,-1,-1,-1,-1,0.0,0.0
2026-06-15T13:00,0.0,0.0,0.0,0.0,30.8,5.37,9.8,295,13,24940.0,1,0.104,0.0,640.0,0,0.0,0,0,0.0,-1,-1,-1,-1,0.0,0.0
2026-06-15T14:00,0.0,0.0,0.0,0.0,28.4,2.37,9.8,312,86,24960.0,0,0.104,0.0,240.0,0,0.0,3,0,0.0,-1,-1,-1,-1,0.0,0.0
2026-06-15T15:00,0.0,0.0,0.0,0.0,27.1,1.3,4.3,62,91,24960.0,0,0.104,0.0,65.0,0,0.0,3,0,0.0,-1,-1,-1,-1,0.0,0.0
2026-06-15T16:00,0.0,0.0,0.0,0.0,26.2,2.05,3.8,77,95,24960.0,0,0.104,0.0,125.0,0,0.0,3,0,0.0,-1,-1,-1,-1,0.0,0.0
2026-06-15T17:00,0.0,0.0,0.0,0.0,25.6,1.77,3.6,61,99,24940.0,0,0.104,0.0,85.0,0,0.0,3,0,0.0,-1,-1,-1,-1,0.0,0.0
2026-06-15T18:00,0.0,0.0,0.0,0.0,26.3,1.47,3.3,72,100,24940.0,0,0.104,0.0,95.0,0,0.0,3,0,0.0,-1,-1,-1,-1,0.0,0.0
2026-06-15T19:00,0.0,0.0,0.0,0.0,25.8,1.1,2.7,30,100,24960.0,0,0.104,0.0,65.0,0,0.0,3,0,0.0,-1,-1,-1,-1,0.0,0.0
2026-06-15T20:00,0.0,0.0,0.0,0.0,25.2,0.52,1.7,343,100,24960.0,0,0.104,0.0,40.0,0,0.0,3,0,0.0,-1,-1,-1,-1,0.0,0.0
2026-06-15T21:00,0.0,0.0,0.0,0.0,24.5,1.08,1.4,292,94,24960.0,0,0.104,0.0,60.0,0,0.0,3,0,0.0,-1,-1,-1,-1,0.0,0.0
2026-06-15T22:00,0.0,0.0,0.0,0.0,23.8,0.67,1.7,318,82,24960.0,0,0.104,10.0,45.0,0,0.0,3,0,0.0,-1,-1,-1,-1,0.0,0.0
2026-06-15T23:00,0.0,0.0,0.0,0.0,23.1,0.34,1.1,243,93,24120.0,1,0.104,0.0,25.0,0,0.0,3,0,0.0,-1,-1,-1,-1,0.0,0.0
2026-06-16T00:00,0.0,0.0,0.0,0.0,25.1,0.32,2.2,288,71,24980.0,1,0.113,0.0,45.0,0,0.0,2,0,0.0,-1,-1,-1,-1,0.0,0.0
2026-06-16T01:00,0.0,0.0,0.0,0.0,26.7,1.65,3.7,180,43,24980.0,1,0.113,0.0,145.0,0,0.0,1,0,0.0,-1,-1,-1,-1,0.0,0.0
2026-06-16T02:00,0.0,0.0,0.0,0.0,29.3,1.3,4.5,106,23,25000.0,1,0.113,40.0,370.0,0,0.0,1,0,0.0,-1,-1,-1,-1,0.0,0.0
2026-06-16T03:00,0.0,0.0,0.0,0.0,31.6,1.28,5.0,51,34,25000.0,1,0.113,60.0,1290.0,0,0.0,1,0,0.0,-1,-1,-1,-1,0.0,0.0
2026-06-16T04:00,0.0,0.0,0.0,0.0,33.0,2.42,6.8,52,66,25020.0,1,0.112,10.0,2285.0,0,0.0,2,0,0.0,-1,-1,-1,-1,0.0,0.0
2026-06-16T05:00,0.0,0.0,0.0,0.0,34.5,1.22,7.1,81,27,25040.0,1,0.112,120.0,3120.0,0,0.0,1,0,0.0,-1,-1,-1,-1,0.0,0.0
2026-06-16T06:00,0.0,0.0,0.0,0.0,35.1,1.43,6.2,241,35,25040.0,1,0.121,220.0,3420.0,0,0.0,1,0,0.0,-1,-1,-1,-1,0.0,0.0
2026-06-16T07:00,0.0,0.0,0.0,0.0,35.8,3.58,8.6,258,17,25040.0,1,0.12,350.0,3435.0,0,0.0,0,0,0.0,-1,-1,-1,-1,0.0,0.0
2026-06-16T08:00,0.0,0.0,0.0,0.0,35.7,4.15,9.7,271,11,25040.0,1,0.118,210.0,3230.0,0,0.0,0,0,0.0,-1,-1,-1,-1,0.0,0.0
2026-06-16T09:00,0.0,0.0,0.0,0.0,35.6,3.7,9.6,283,19,25040.0,1,0.117,130.0,3155.0,0,0.0,0,0,0.0,-1,-1,-1,-1,0.0,0.0
2026-06-16T10:00,0.0,0.0,0.0,0.0,34.9,3.86,8.9,304,37,25060.0,1,0.116,120.0,2940.0,0,0.0,1,0,0.0,-1,-1,-1,-1,0.0,0.0
2026-06-16T11:00,0.0,0.0,0.0,0.0,34.3,3.34,8.9,302,55,25060.0,1,0.116,130.0,2495.0,0,0.0,2,0,0.0,-1,-1,-1,-1,0.0,0.0
2026-06-16T12:00,0.0,0.0,0.0,0.0,35.6,1.17,7.7,340,52,25060.0,1,0.112,90.0,3380.0,0,0.0,2,0,0.0,-1,-1,-1,-1,0.0,0.0
2026-06-16T13:00,0.0,0.0,0.0,0.0,34.0,1.15,3.6,360,24,25060.0,1,0.112,40.0,90.0,0,0.0,1,0,0.0,-1,-1,-1,-1,0.0,0.0
2026-06-16T14:00,0.0,0.0,0.0,0.0,31.7,2.98,5.0,35,18,25060.0,0,0.112,10.0,255.0,0,0.0,0,0,0.0,-1,-1,-1,-1,0.0,0.0
2026-06-16T15:00,0.0,0.0,0.0,0.0,30.7,5.63,10.1,57,6,25040.0,0,0.112,170.0,595.0,0,0.0,0,0,0.0,-1,-1,-1,-1,0.0,0.0
2026-06-16T16:00,0.0,0.0,0.0,0.0,30.1,5.0,10.4,49,24,25040.0,0,0.112,130.0,330.0,0,0.0,1,0,0.0,-1,-1,-1,-1,0.0,0.0
2026-06-16T17:00,0.0,0.0,0.0,0.0,28.5,3.11,8.9,66,41,25040.0,0,0.112,40.0,140.0,0,0.0,1,0,0.0,-1,-1,-1,-1,0.0,0.0
2026-06-16T18:00,0.0,0.0,0.0,0.0,28.0,3.72,6.4,54,55,25040.0,0,0.112,30.0,185.0,0,0.0,2,0,0.0,-1,-1,-1,-1,0.0,0.0
2026-06-16T19:00,0.0,0.0,0.0,0.0,26.2,2.38,6.8,49,45,25020.0,0,0.111,10.0,80.0,0,0.0,1,0,0.0,-1,-1,-1,-1,0.0,0.0
2026-06-16T20:00,0.0,0.0,0.0,0.0,25.2,2.21,4.4,57,21,25020.0,0,0.111,0.0,60.0,0,0.0,1,0,0.0,-1,-1,-1,-1,0.0,0.0
2026-06-16T21:00,0.0,0.0,0.0,0.0,25.3,2.04,4.4,68,2,25020.0,0,0.111,0.0,65.0,0,0.0,0,0,0.0,-1,-1,-1,-1,0.0,0.0
2026-06-16T22:00,0.0,0.0,0.0,0.0,24.4,1.58,3.7,72,2,25020.0,0,0.111,0.0,40.0,0,0.0,0,0,0.0,-1,-1,-1,-1,0.0,0.0
2026-06-16T23:00,0.0,0.0,0.0,0.0,23.9,1.87,3.3,81,1,25040.0,1,0.111,0.0,40.0,0,0.0,0,0,0.0,-1,-1,-1,-1,0.0,0.0
2026-06-17T00:00,0.0,0.0,0.0,0.0,26.4,2.21,4.2,84,11,25040.0,1,0.112,510.0,85.0,0,0.0,0,0,0.0,-1,-1,-1,-1,0.0,0.0
2026-06-17T01:00,0.0,0.0,0.0,0.0,29.3,1.6,4.5,92,45,25060.0,1,0.112,530.0,190.0,0,0.0,1,0,0.0,-1,-1,-1,-1,0.0,0.0
2026-06-17T02:00,0.0,0.0,0.0,0.0,31.2,2.25,5.5,86,67,25060.0,1,0.112,20.0,685.0,0,0.0,2,0,0.0,-1,-1,-1,-1,0.0,0.0
2026-06-17T03:00,0.0,0.0,0.0,0.0,32.5,3.4,7.7,100,22,25060.0,1,0.112,60.0,1040.0,0,0.0,1,0,0.0,-1,-1,-1,-1,0.0,0.0
2026-06-17T04:00,0.0,0.0,0.0,0.0,33.4,3.09,8.1,124,9,25060.0,1,0.112,500.0,1815.0,0,0.0,0,0,0.0,-1,-1,-1,-1,0.0,0.0
2026-06-17T05:00,0.2,1.0,0.0,0.0,33.9,2.51,7.6,174,55,25080.0,1,0.113,670.0,2535.0,0,0.0,51,0,0.0,-1,-1,-1,-1,0.0,0.0
2026-06-17T06:00,0.1,0.0,0.0,0.0,33.4,1.91,6.9,229,54,25080.0,1,0.115,360.0,2740.0,0,0.0,51,0,0.1,-1,-1,-1,-1,0.0,0.0
2026-06-17T07:00,0.0,0.0,0.0,0.0,34.7,3.0,7.7,252,75,25100.0,1,0.115,230.0,3165.0,0,0.0,2,0,0.0,-1,-1,-1,-1,0.0,0.0
2026-06-17T08:00,0.0,0.0,0.0,0.0,34.7,3.92,9.0,253,68,25100.0,1,0.114,110.0,3130.0,0,0.0,2,0,0.0,-1,-1,-1,-1,0.0,0.0
2026-06-17T09:00,0.0,0.0,0.0,0.0,34.1,3.41,9.1,274,58,25100.0,1,0.114,170.0,2360.0,0,0.0,2,0,0.0,-1,-1,-1,-1,0.0,0.0
2026-06-17T10:00,0.0,0.0,0.0,0.0,34.2,3.67,8.4,296,57,25100.0,1,0.113,40.0,2275.0,0,0.0,2,0,0.0,-1,-1,-1,-1,0.0,0.0
2026-06-17T11:00,0.0,0.0,0.0,0.0,33.6,4.56,9.5,295,98,25120.0,1,0.113,0.0,1880.0,0,0.0,3,0,0.0,-1,-1,-1,-1,0.0,0.0
2026-06-17T12:00,0.0,0.0,0.0,0.0,34.3,3.61,9.6,304,48,25120.0,1,0.114,0.0,1720.0,0,0.0,1,0,0.0,-1,-1,-1,-1,0.0,0.0
2026-06-17T13:00,0.0,0.0,0.0,0.0,32.2,2.86,7.1,286,93,25120.0,1,0.114,0.0,340.0,0,0.0,3,0,0.0,-1,-1,-1,-1,0.0,0.0
2026-06-17T14:00,0.0,0.0,0.0,0.0,30.1,2.89,5.4,298,64,25100.0,0,0.114,0.0,215.0,0,0.0,2,0,0.0,-1,-1,-1,-1,0.0,0.0
2026-06-17T15:00,0.0,0.0,0.0,0.0,29.0,2.06,5.1,6,24,25100.0,0,0.114,0.0,130.0,0,0.0,1,0,0.0,-1,-1,-1,-1,0.0,0.0
2026-06-17T16:00,0.0,0.0,0.0,0.0,29.1,6.98,12.1,41,44,25080.0,0,0.113,820.0,540.0,0,0.0,1,0,0.0,-1,-1,-1,-1,0.0,0.0
2026-06-17T17:00,0.0,0.0,0.0,0.0,27.8,4.08,12.8,40,44,25080.0,0,0.113,750.0,385.0,0,0.0,1,0,0.0,-1,-1,-1,-1,0.0,0.0
2026-06-17T18:00,0.0,0.0,0.0,0.0,27.3,3.66,7.5,39,9,25080.0,0,0.113,950.0,265.0,0,0.0,0,0,0.0,-1,-1,-1,-1,0.0,0.0
2026-06-17T19:00,0.0,0.0,0.0,0.0,26.8,3.7,6.8,52,14,25080.0,0,0.113,730.0,180.0,0,0.0,0,0,0.0,-1,-1,-1,-1,0.0,0.0
2026-06-17T20:00,0.0,0.0,0.0,0.0,26.4,3.79,6.8,54,1,25080.0,0,0.113,670.0,250.0,0,0.0,0,0,0.0,-1,-1,-1,-1,0.0,0.0
2026-06-17T21:00,0.0,0.0,0.0,0.0,26.2,3.38,6.8,66,2,25080.0,0,0.113,360.0,145.0,0,0.0,0,0,0.0,-1,-1,-1,-1,0.0,0.0
2026-06-17T22:00,0.0,0.0,0.0,0.0,25.4,3.94,6.8,70,2,25080.0,0,0.113,360.0,150.0,0,0.0,0,0,0.0,-1,-1,-1,-1,0.0,0.0
2026-06-17T23:00,0.0,0.0,0.0,0.0,25.1,4.25,7.6,72,0,25100.0,1,0.113,0.0,170.0,0,0.0,0,0,0.0,-1,-1,-1,-1,0.0,0.0
2026-06-18T00:00,0.0,0.0,0.0,0.0,25.4,3.32,7.6,78,16,25100.0,1,0.113,40.0,115.0,0,0.0,0,0,0.0,-1,-1,-1,-1,0.0,0.0
2026-06-18T01:00,0.0,0.0,0.0,0.0,28.6,3.19,6.6,81,3,25120.0,1,0.113,10.0,290.0,0,0.0,0,0,0.0,-1,-1,-1,-1,0.0,0.0
2026-06-18T02:00,0.0,0.0,0.0,0.0,31.4,4.72,9.7,56,0,25140.0,1,0.113,0.0,670.0,0,0.0,0,0,0.0,-1,-1,-1,-1,0.0,0.0
2026-06-18T03:00,0.0,0.0,0.0,0.0,32.7,6.06,12.4,41,0,25140.0,1,0.112,0.0,1025.0,0,0.0,0,0,0.0,-1,-1,-1,-1,0.0,0.0
2026-06-18T04:00,0.0,0.0,0.0,0.0,33.3,6.54,13.5,46,0,25160.0,1,0.112,0.0,1525.0,0,0.0,0,0,0.0,-1,-1,-1,-1,0.0,0.0
2026-06-18T05:00,0.0,0.0,0.0,0.0,34.4,5.61,13.5,51,27,25160.0,1,0.112,100.0,2625.0,0,0.0,1,0,0.0,-1,-1,-1,-1,0.0,0.0
2026-06-18T06:00,0.0,0.0,0.0,0.0,35.0,3.59,12.0,58,13,25160.0,1,0.112,160.0,3420.0,0,0.0,0,0,0.0,-1,-1,-1,-1,0.0,0.0
2026-06-18T07:00,0.0,0.0,0.0,0.0,35.7,1.46,8.5,59,57,25160.0,1,0.112,120.0,3655.0,0,0.0,2,0,0.0,-1,-1,-1,-1,0.0,0.0
2026-06-18T08:00,0.0,0.0,0.0,0.0,36.1,0.64,6.0,315,53,25160.0,1,0.111,70.0,3600.0,0,0.0,2,0,0.0,-1,-1,-1,-1,0.0,0.0
2026-06-18T09:00,0.0,0.0,0.0,0.0,36.2,2.21,6.5,303,7,11640.0,1,0.111,70.0,3515.0,0,0.0,0,0,0.0,-1,-1,-1,-1,0.0,0.0
2026-06-18T10:00,0.0,0.0,0.0,0.0,36.0,3.41,8.2,320,8,25160.0,1,0.111,90.0,3430.0,0,0.0,0,0,0.0,-1,-1,-1,-1,0.0,0.0
2026-06-18T11:00,0.0,0.0,0.0,0.0,35.1,4.07,8.9,323,2,25160.0,1,0.111,30.0,2700.0,0,0.0,0,0,0.0,-1,-1,-1,-1,0.0,0.0
2026-06-18T12:00,0.0,0.0,0.0,0.0,35.5,1.95,8.8,334,34,25180.0,1,0.111,10.0,3205.0,0,0.0,1,0,0.0,-1,-1,-1,-1,0.0,0.0
2026-06-18T13:00,0.0,0.0,0.0,0.0,34.1,1.86,4.9,346,12,25180.0,1,0.111,0.0,265.0,0,0.0,0,0,0.0,-1,-1,-1,-1,0.0,0.0
2026-06-18T14:00,0.0,0.0,0.0,0.0,31.5,1.82,4.1,328,85,25180.0,0,0.111,0.0,245.0,0,0.0,3,0,0.0,-1,-1,-1,-1,0.0,0.0
2026-06-18T15:00,0.0,0.0,0.0,0.0,31.0,4.99,7.4,52,88,25160.0,0,0.111,0.0,855.0,0,0.0,3,0,0.0,-1,-1,-1,-1,0.0,0.0
2026-06-18T16:00,0.0,0.0,0.0,0.0,29.3,5.45,12.2,47,90,25140.0,0,0.111,350.0,505.0,0,0.0,3,0,0.0,-1,-1,-1,-1,0.0,0.0
2026-06-18T17:00,0.0,0.0,0.0,0.0,28.8,5.56,10.8,42,95,25140.0,0,0.111,270.0,440.0,0,0.0,3,0,0.0,-1,-1,-1,-1,0.0,0.0
2026-06-18T18:00,0.0,0.0,0.0,0.0,29.1,6.05,10.5,38,98,25160.0,0,0.111,20.0,555.0,0,0.0,3,0,0.0,-1,-1,-1,-1,0.0,0.0
2026-06-18T19:00,0.0,0.0,0.0,0.0,28.9,5.81,11.0,41,79,25160.0,0,0.111,10.0,610.0,0,0.0,2,0,0.0,-1,-1,-1,-1,0.0,0.0
2026-06-18T20:00,0.0,0.0,0.0,0.0,28.1,4.99,10.6,44,95,25160.0,0,0.111,0.0,550.0,0,0.0,3,0,0.0,-1,-1,-1,-1,0.0,0.0
2026-06-18T21:00,0.0,0.0,0.0,0.0,27.6,4.96,9.0,48,96,25160.0,0,0.111,0.0,475.0,0,0.0,3,0,0.0,-1,-1,-1,-1,0.0,0.0
2026-06-18T22:00,0.0,0.0,0.0,0.0,27.2,4.76,8.9,54,100,25180.0,0,0.111,0.0,460.0,0,0.0,3,0,0.0,-1,-1,-1,-1,0.0,0.0
2026-06-18T23:00,0.0,0.0,0.0,0.0,26.9,4.49,8.5,58,99,25180.0,1,0.111,0.0,385.0,0,0.0,3,0,0.0,-1,-1,-1,-1,0.0,0.0
2026-06-19T00:00,0.0,0.0,0.0,0.0,27.2,3.62,8.2,70,99,25180.0,1,0.111,0.0,250.0,0,0.0,3,0,0.0,-1,-1,-1,-1,0.0,0.0
2026-06-19T01:00,0.0,0.0,0.0,0.0,28.6,3.88,7.6,58,100,25180.0,1,0.111,0.0,575.0,0,0.0,3,0,0.0,-1,-1,-1,-1,0.0,0.0
2026-06-19T02:00,0.0,0.0,0.0,0.0,30.7,4.1,8.6,43,98,25180.0,1,0.111,0.0,1080.0,0,0.0,3,0,0.0,-1,-1,-1,-1,0.0,0.0
2026-06-19T03:00,0.0,0.0,0.0,0.0,32.0,4.14,9.5,37,93,25200.0,1,0.111,0.0,1920.0,0,0.0,3,0,0.0,-1,-1,-1,-1,0.0,0.0
2026-06-19T04:00,0.0,0.0,0.0,0.0,33.0,2.38,9.2,10,98,25220.0,1,0.111,0.0,2900.0,0,0.0,3,0,0.0,-1,-1,-1,-1,0.0,0.0
2026-06-19T05:00,0.0,0.0,0.0,0.0,33.5,3.19,7.6,287,96,25220.0,1,0.111,0.0,3065.0,0,0.0,3,0,0.0,-1,-1,-1,-1,0.0,0.0
2026-06-19T06:00,0.0,0.0,0.0,0.0,33.3,4.68,11.2,290,98,25200.0,1,0.111,0.0,2830.0,0,0.0,3,0,0.0,-1,-1,-1,-1,0.0,0.0
2026-06-19T07:00,0.0,0.0,0.0,0.0,33.0,5.28,11.4,295,100,25200.0,1,0.111,0.0,2260.0,0,0.0,3,0,0.0,-1,-1,-1,-1,0.0,0.0
2026-06-19T08:00,0.0,0.0,0.0,0.0,33.5,4.88,11.3,308,100,25220.0,1,0.111,0.0,2795.0,0,0.0,3,0,0.0,-1,-1,-1,-1,0.0,0.0
2026-06-19T09:00,0.0,0.0,0.0,0.0,33.1,5.41,11.2,304,100,25200.0,1,0.111,20.0,2755.0,0,0.0,3,0,0.0,-1,-1,-1,-1,0.0,0.0
2026-06-19T10:00,0.0,0.0,0.0,0.0,32.5,6.15,12.2,297,100,25200.0,1,0.111,10.0,2260.0,0,0.0,3,0,0.0,-1,-1,-1,-1,0.0,0.0
2026-06-19T11:00,0.0,0.0,0.0,0.0,31.9,6.18,12.3,289,100,25200.0,1,0.111,0.0,1730.0,0,0.0,3,0,0.0,-1,-1,-1,-1,0.0,0.0
2026-06-19T12:00,0.0,0.0,0.0,0.0,30.7,6.02,12.0,295,100,25200.0,1,0.111,0.0,925.0,0,0.0,3,0,0.0,-1,-1,-1,-1,0.0,0.0
2026-06-19T13:00,0.0,0.0,0.0,0.0,29.8,5.01,11.1,295,97,25200.0,1,0.111,0.0,680.0,0,0.0,3,0,0.0,-1,-1,-1,-1,0.0,0.0
2026-06-19T14:00,0.0,0.0,0.0,0.0,28.3,5.13,9.3,291,91,25220.0,0,0.111,0.0,515.0,0,0.0,3,0,0.0,-1,-1,-1,-1,0.0,0.0
2026-06-19T15:00,0.0,0.0,0.0,0.0,27.1,3.83,9.1,285,100,25180.0,0,0.111,20.0,335.0,0,0.0,3,0,0.0,-1,-1,-1,-1,0.0,0.0
2026-06-19T16:00,0.0,0.0,0.0,0.0,26.5,3.36,6.6,266,100,25200.0,0,0.111,60.0,275.0,0,0.0,3,0,0.0,-1,-1,-1,-1,0.0,0.0
2026-06-19T17:00,0.0,0.0,0.0,0.0,26.1,3.0,5.8,273,100,25200.0,0,0.111,80.0,245.0,0,0.0,3,0,0.0,-1,-1,-1,-1,0.0,0.0
2026-06-19T18:00,0.0,0.0,0.0,0.0,25.1,2.85,5.2,271,100,25200.0,0,0.111,50.0,195.0,0,0.0,3,0,0.0,-1,-1,-1,-1,0.0,0.0
2026-06-19T19:00,0.0,0.0,0.0,0.0,24.5,2.25,4.9,282,100,24340.0,0,0.111,40.0,190.0,0,0.0,3,0,0.0,-1,-1,-1,-1,0.0,0.0
2026-06-19T20:00,0.0,0.0,0.0,0.0,23.6,1.51,3.9,276,100,24340.0,0,0.111,30.0,160.0,0,0.0,3,0,0.0,-1,-1,-1,-1,0.0,0.0
2026-06-19T21:00,0.0,0.0,0.0,0.0,22.9,1.69,2.6,251,98,24360.0,0,0.111,40.0,130.0,0,0.0,3,0,0.0,-1,-1,-1,-1,0.0,0.0
2026-06-19T22:00,0.0,0.0,0.0,0.0,22.3,1.19,2.9,202,100,24360.0,0,0.111,60.0,110.0,0,0.0,3,0,0.0,-1,-1,-1,-1,0.0,0.0
2026-06-19T23:00,0.0,0.0,0.0,0.0,22.0,0.76,1.6,191,97,23520.0,1,0.111,90.0,50.0,0,0.0,3,0,0.0,-1,-1,-1,-1,0.0,0.0
2026-06-20T00:00,0.0,0.0,0.0,0.0,23.5,1.88,3.9,259,99,24360.0,1,0.111,10.0,205.0,0,0.0,3,0,0.0,-1,-1,-1,-1,0.0,0.0
2026-06-20T01:00,0.0,0.0,0.0,0.0,24.6,2.12,4.5,251,100,24360.0,1,0.111,50.0,205.0,0,0.0,3,0,0.0,-1,-1,-1,-1,0.0,0.0
2026-06-20T02:00,0.0,0.0,0.0,0.0,27.2,2.8,6.1,259,95,25220.0,1,0.111,140.0,425.0,0,0.0,3,0,0.0,-1,-1,-1,-1,0.0,0.0
2026-06-20T03:00,0.0,0.0,0.0,0.0,29.8,4.02,8.7,275,98,25240.0,1,0.11,130.0,735.0,0,0.0,3,0,0.0,-1,-1,-1,-1,0.0,0.0
2026-06-20T04:00,0.0,0.0,0.0,0.0,31.7,3.47,8.7,276,95,25240.0,1,0.11,110.0,1380.0,0,0.0,3,0,0.0,-1,-1,-1,-1,0.0,0.0
2026-06-20T05:00,0.0,0.0,0.0,0.0,33.6,3.93,9.1,277,95,25240.0,1,0.11,100.0,2620.0,0,0.0,3,0,0.0,-1,-1,-1,-1,0.0,0.0
2026-06-20T06:00,0.0,0.0,0.0,0.0,32.9,7.1,13.0,276,99,25260.0,1,0.11,50.0,2310.0,0,0.0,3,0,0.0,-1,-1,-1,-1,0.0,0.0
2026-06-20T07:00,0.0,0.0,0.0,0.0,32.3,8.3,16.7,283,100,25260.0,1,0.11,10.0,1050.0,0,0.0,3,0,0.0,-1,-1,-1,-1,0.0,0.0
2026-06-20T08:00,0.0,0.0,0.0,0.0,32.6,7.81,15.9,281,100,25260.0,1,0.11,0.0,1625.0,0,0.0,3,0,0.0,-1,-1,-1,-1,0.0,0.0
2026-06-20T09:00,0.0,0.0,0.0,0.0,32.2,6.81,15.4,282,100,25280.0,1,0.11,0.0,1040.0,0,0.0,3,0,0.0,-1,-1,-1,-1,0.0,0.0
2026-06-20T10:00,0.0,0.0,0.0,0.0,32.1,6.52,13.3,293,100,25280.0,1,0.11,0.0,1055.0,0,0.0,3,0,0.0,-1,-1,-1,-1,0.0,0.0
2026-06-20T11:00,0.0,0.0,0.0,0.0,31.8,5.6,12.7,290,95,25280.0,1,0.11,0.0,670.0,0,0.0,3,0,0.0,-1,-1,-1,-1,0.0,0.0
2026-06-20T12:00,0.0,0.0,0.0,0.0,32.6,4.76,10.8,297,64,25300.0,1,0.11,0.0,905.0,0,0.0,2,0,0.0,-1,-1,-1,-1,0.0,0.0
2026-06-20T13:00,0.0,0.0,0.0,0.0,31.4,3.76,9.1,293,38,25300.0,1,0.11,0.0,570.0,0,0.0,1,0,0.0,-1,-1,-1,-1,0.0,0.0
2026-06-20T14:00,0.0,0.0,0.0,0.0,28.5,2.51,6.8,293,55,25280.0,0,0.11,0.0,210.0,0,0.0,2,0,0.0,-1,-1,-1,-1,0.0,0.0
2026-06-20T15:00,0.0,0.0,0.0,0.0,27.4,2.12,4.3,297,76,25280.0,0,0.11,0.0,145.0,0,0.0,2,0,0.0,-1,-1,-1,-1,0.0,0.0
2026-06-20T16:00,0.0,0.0,0.0,0.0,26.7,2.14,3.6,281,46,25280.0,0,0.11,0.0,140.0,0,0.0,1,0,0.0,-1,-1,-1,-1,0.0,0.0
2026-06-20T17:00,0.0,0.0,0.0,0.0,25.3,1.2,3.6,287,82,25280.0,0,0.11,0.0,65.0,0,0.0,3,0,0.0,-1,-1,-1,-1,0.0,0.0
2026-06-20T18:00,0.0,0.0,0.0,0.0,24.1,0.96,1.7,208,63,25280.0,0,0.11,0.0,55.0,0,0.0,2,0,0.0,-1,-1,-1,-1,0.0,0.0
2026-06-20T19:00,0.0,0.0,0.0,0.0,22.8,1.48,1.9,258,43,25260.0,0,0.11,0.0,80.0,0,0.0,1,0,0.0,-1,-1,-1,-1,0.0,0.0
2026-06-20T20:00,0.0,0.0,0.0,0.0,22.6,0.94,2.0,245,100,25260.0,0,0.11,0.0,60.0,0,0.0,3,0,0.0,-1,-1,-1,-1,0.0,0.0
2026-06-20T21:00,0.0,0.0,0.0,0.0,23.3,0.18,1.2,146,99,25260.0,0,0.11,0.0,25.0,0,0.0,3,0,0.0,-1,-1,-1,-1,0.0,0.0
2026-06-20T22:00,0.0,0.0,0.0,0.0,22.6,0.63,0.7,198,99,25260.0,0,0.11,0.0,45.0,0,0.0,3,0,0.0,-1,-1,-1,-1,0.0,0.0
2026-06-20T23:00,0.0,0.0,0.0,0.0,22.9,0.4,0.8,173,99,25260.0,1,0.11,0.0,35.0,0,0.0,3,0,0.0,-1,-1,-1,-1,0.0,0.0
2026-06-21T00:00,0.0,0.0,0.0,0.0,23.7,1.11,1.7,162,100,25260.0,1,0.11,20.0,45.0,0,0.0,3,0,0.0,-1,-1,-1,-1,0.0,0.0
2026-06-21T01:00,0.0,0.0,0.0,0.0,25.5,1.38,2.8,109,96,25280.0,1,0.11,0.0,80.0,0,0.0,3,0,0.0,-1,-1,-1,-1,0.0,0.0
2026-06-21T02:00,0.0,0.0,0.0,0.0,28.9,2.98,5.8,65,91,25300.0,1,0.11,10.0,410.0,0,0.0,3,0,0.0,-1,-1,-1,-1,0.0,0.0
2026-06-21T03:00,0.0,0.0,0.0,0.0,31.8,5.16,10.0,52,82,25320.0,1,0.11,10.0,740.0,0,0.0,3,0,0.0,-1,-1,-1,-1,0.0,0.0
2026-06-21T04:00,0.0,0.0,0.0,0.0,33.8,5.24,11.8,75,84,25320.0,1,0.11,10.0,3550.0,0,0.0,3,0,0.0,-1,-1,-1,-1,0.0,0.0
2026-06-21T05:00,0.0,0.0,0.0,0.0,34.3,2.79,10.8,75,86,25340.0,1,0.11,0.0,3510.0,0,0.0,3,0,0.0,-1,-1,-1,-1,0.0,0.0
2026-06-21T06:00,0.0,0.0,0.0,0.0,34.4,2.66,7.2,64,67,25340.0,1,0.11,0.0,3730.0,0,0.0,2,0,0.0,-1,-1,-1,-1,0.0,0.0
2026-06-21T07:00,0.0,0.0,0.0,0.0,35.8,2.41,7.5,42,54,25340.0,1,0.11,0.0,3940.0,0,0.0,2,0,0.0,-1,-1,-1,-1,0.0,0.0
2026-06-21T08:00,0.0,0.0,0.0,0.0,36.8,2.84,7.9,9,73,25340.0,1,0.11,0.0,4410.0,0,0.0,2,0,0.0,-1,-1,-1,-1,0.0,0.0
2026-06-21T09:00,0.0,0.0,0.0,0.0,36.9,3.18,8.5,341,99,25340.0,1,0.11,0.0,4475.0,0,0.0,3,0,0.0,-1,-1,-1,-1,0.0,0.0
2026-06-21T10:00,0.0,0.0,0.0,0.0,35.6,5.33,11.1,326,98,25340.0,1,0.11,0.0,3745.0,0,0.0,3,0,0.0,-1,-1,-1,-1,0.0,0.0
2026-06-21T11:00,0.0,0.0,0.0,0.0,34.0,6.39,12.8,323,53,25340.0,1,0.11,0.0,1300.0,0,0.0,2,0,0.0,-1,-1,-1,-1,0.0,0.0
2026-06-21T12:00,0.0,0.0,0.0,0.0,36.0,3.68,12.2,288,96,25380.0,1,0.11,0.0,4130.0,0,0.0,3,0,0.0,-1,-1,-1,-1,0.0,0.0
2026-06-21T13:00,0.0,0.0,0.0,0.0,33.4,4.64,7.8,256,99,25360.0,1,0.11,10.0,700.0,0,0.0,3,0,0.0,-1,-1,-1,-1,0.0,0.0
2026-06-21T14:00,0.0,0.0,0.0,0.0,30.9,4.4,8.6,270,100,25360.0,0,0.11,0.0,385.0,0,0.0,3,0,0.0,-1,-1,-1,-1,0.0,0.0
2026-06-21T15:00,0.0,0.0,0.0,0.0,29.6,1.83,7.5,349,91,25360.0,0,0.11,0.0,95.0,0,0.0,3,0,0.0,-1,-1,-1,-1,0.0,0.0
2026-06-21T16:00,0.0,0.0,0.0,0.0,29.2,3.75,6.2,44,88,25360.0,0,0.11,0.0,220.0,0,0.0,3,0,0.0,-1,-1,-1,-1,0.0,0.0
2026-06-21T17:00,0.0,0.0,0.0,0.0,28.6,3.42,7.2,25,99,25340.0,0,0.11,0.0,185.0,0,0.0,3,0,0.0,-1,-1,-1,-1,0.0,0.0
2026-06-21T18:00,0.0,0.0,0.0,0.0,27.5,2.26,6.1,43,96,25340.0,0,0.11,0.0,90.0,0,0.0,3,0,0.0,-1,-1,-1,-1,0.0,0.0
2026-06-21T19:00,0.0,0.0,0.0,0.0,26.9,2.71,5.0,38,100,25340.0,0,0.11,0.0,110.0,0,0.0,3,0,0.0,-1,-1,-1,-1,0.0,0.0
2026-06-21T20:00,0.0,0.0,0.0,0.0,27.1,2.49,5.3,30,100,25340.0,0,0.11,0.0,135.0,0,0.0,3,0,0.0,-1,-1,-1,-1,0.0,0.0
2026-06-21T21:00,0.0,0.0,0.0,0.0,26.7,2.06,4.8,26,100,25340.0,0,0.11,10.0,110.0,0,0.0,3,0,0.0,-1,-1,-1,-1,0.0,0.0
2026-06-21T22:00,0.0,0.0,0.0,0.0,25.7,1.41,3.8,73,100,25360.0,0,0.11,10.0,55.0,0,0.0,3,0,0.0,-1,-1,-1,-1,0.0,0.0
2026-06-21T23:00,0.0,0.0,0.0,0.0,25.9,1.88,3.4,68,98,25360.0,1,0.11,0.0,90.0,0,0.0,3,0,0.0,-1,-1,-1,-1,0.0,0.0
2026-06-22T00:00,0.0,0.0,0.0,0.0,26.0,0.5,3.4,186,97,25360.0,1,0.11,0.0,80.0,0,0.0,3,0,0.0,-1,-1,-1,-1,0.0,0.0
2026-06-22T01:00,0.0,0.0,0.0,0.0,26.9,1.39,3.6,285,99,25360.0,1,0.11,0.0,195.0,0,0.0,3,0,0.0,-1,-1,-1,-1,0.0,0.0
2026-06-22T02:00,0.0,0.0,0.0,0.0,29.2,0.11,3.8,243,100,25360.0,1,0.11,30.0,380.0,0,0.0,3,0,0.0,-1,-1,-1,-1,0.0,0.0
2026-06-22T03:00,0.0,0.0,0.0,0.0,32.0,1.09,4.4,74,99,25360.0,1,0.11,70.0,1650.0,0,0.0,3,0,0.0,-1,-1,-1,-1,0.0,0.0
2026-06-22T04:00,0.0,0.0,0.0,0.0,33.4,2.22,6.1,104,100,25380.0,1,0.11,50.0,2225.0,0,0.0,3,0,0.0,-1,-1,-1,-1,0.0,0.0
2026-06-22T05:00,0.0,0.0,0.0,0.0,34.2,2.82,7.2,97,100,25400.0,1,0.11,50.0,2415.0,0,0.0,3,0,0.0,-1,-1,-1,-1,0.0,0.0
2026-06-22T06:00,0.0,0.0,0.0,0.0,34.7,2.82,7.5,110,100,25400.0,1,0.11,0.0,3765.0,0,0.0,3,0,0.0,-1,-1,-1,-1,0.0,0.0
2026-06-22T07:00,0.0,0.0,0.0,0.0,34.0,1.2,6.2,138,100,25400.0,1,0.11,0.0,3770.0,0,0.0,3,0,0.0,-1,-1,-1,-1,0.0,0.0
2026-06-22T08:00,0.0,0.0,0.0,0.0,34.5,2.04,5.4,239,100,25400.0,1,0.11,0.0,3635.0,0,0.0,3,0,0.0,-1,-1,-1,-1,0.0,0.0
2026-06-22T09:00,0.0,0.0,0.0,0.0,34.0,2.06,5.8,256,100,25400.0,1,0.109,0.0,3530.0,0,0.0,3,0,0.0,-1,-1,-1,-1,0.0,0.0
2026-06-22T10:00,0.0,0.0,0.0,0.0,33.1,0.91,5.3,354,100,25400.0,1,0.109,0.0,3330.0,0,0.0,3,0,0.0,-1,-1,-1,-1,0.0,0.0
2026-06-22T11:00,0.0,0.0,0.0,0.0,33.1,3.28,7.0,16,100,25400.0,1,0.109,0.0,3340.0,0,0.0,3,0,0.0,-1,-1,-1,-1,0.0,0.0
2026-06-22T12:00,0.0,0.0,0.0,0.0,34.1,3.41,7.2,355,98,25400.0,1,0.109,0.0,3750.0,0,0.0,3,0,0.0,-1,-1,-1,-1,0.0,0.0
2026-06-22T13:00,0.0,0.0,0.0,0.0,32.8,3.85,7.4,351,100,25420.0,1,0.109,0.0,1195.0,0,0.0,3,0,0.0,-1,-1,-1,-1,0.0,0.0
2026-06-22T14:00,0.0,0.0,0.0,0.0,30.3,2.25,7.6,12,100,25420.0,0,0.109,0.0,560.0,0,0.0,3,0,0.0,-1,-1,-1,-1,0.0,0.0
2026-06-22T15:00,0.0,0.0,0.0,0.0,29.5,3.34,5.8,40,100,25400.0,0,0.109,0.0,665.0,0,0.0,3,0,0.0,-1,-1,-1,-1,0.0,0.0
2026-06-22T16:00,0.0,0.0,0.0,0.0,28.8,4.35,8.2,17,100,25400.0,0,0.109,0.0,480.0,0,0.0,3,0,0.0,-1,-1,-1,-1,0.0,0.0
2026-06-22T17:00,0.0,0.0,0.0,0.0,28.0,5.21,9.6,28,100,15380.0,0,0.109,0.0,680.0,0,0.0,3,0,0.0,-1,-1,-1,-1,0.0,0.0
2026-06-22T18:00,0.0,0.0,0.0,0.0,25.5,5.17,10.8,42,100,12440.0,0,0.11,0.0,850.0,0,0.0,3,0,0.0,-1,-1,-1,-1,0.0,0.0
2026-06-22T19:00,0.2,0.0,0.0,0.0,24.4,6.23,10.9,48,100,6580.0,0,0.112,0.0,820.0,0,0.0,51,0,0.2,-1,-1,-1,-1,0.0,0.0
2026-06-22T20:00,0.2,0.5,0.0,0.0,23.7,4.68,11.3,37,100,19100.0,0,0.114,0.0,480.0,0,0.0,51,0,0.1,-1,-1,-1,-1,0.0,0.0
2026-06-22T21:00,0.3,0.667,0.0,0.0,22.1,4.57,8.5,29,100,5600.0,0,0.117,0.0,385.0,0,0.0,51,1,0.1,9,0,5,139,0.612,0.563
2026-06-22T22:00,0.4,0.0,0.0,0.0,20.5,3.78,8.1,46,100,4860.0,0,0.121,0.0,305.0,0,0.0,51,1,0.4,9,1,4,139,0.612,0.163
2026-06-22T23:00,1.0,0.0,0.0,0.0,19.0,4.51,8.3,51,100,2700.0,1,0.131,0.0,375.0,0,0.0,55,1,1.0,9,2,3,139,0.612,0.163
2026-06-23T00:00,1.6,0.187,0.0,0.0,18.6,5.93,8.8,69,100,2320.0,1,0.148,0.0,455.0,0,0.0,80,1,1.3,9,3,2,139,0.612,0.275
2026-06-23T01:00,1.3,0.0,0.0,0.0,18.6,4.94,10.7,56,95,6120.0,1,0.163,40.0,435.0,0,0.0015,61,1,1.3,9,4,1,139,0.612,0.163
2026-06-23T02:00,0.1,0.0,0.0,0.0,21.8,4.58,9.0,39,34,24540.0,1,0.164,40.0,795.0,0,0.0,51,0,0.1,-1,-1,-1,-1,0.0,0.0
2026-06-23T03:00,0.0,0.0,0.0,0.0,24.1,5.52,11.2,55,47,24540.0,1,0.162,10.0,940.0,0,0.0,1,0,0.0,-1,-1,-1,-1,0.0,0.0
2026-06-23T04:00,0.0,0.0,0.0,0.0,25.5,5.46,11.5,60,76,25400.0,1,0.16,20.0,1120.0,0,0.0,2,0,0.0,-1,-1,-1,-1,0.0,0.0
2026-06-23T05:00,0.0,0.0,0.0,0.0,26.5,4.92,11.4,65,68,25420.0,1,0.158,0.0,1270.0,0,0.0,2,0,0.0,-1,-1,-1,-1,0.0,0.0
2026-06-23T06:00,0.0,0.0,0.0,0.0,26.7,3.34,10.7,66,41,25440.0,1,0.176,0.0,1675.0,0,0.0,1,0,0.0,-1,-1,-1,-1,0.0,0.0
2026-06-23T07:00,0.0,0.0,0.0,0.0,27.8,2.06,8.0,14,34,25440.0,1,0.172,0.0,2390.0,0,0.0,1,0,0.0,-1,-1,-1,-1,0.0,0.0
2026-06-23T08:00,0.0,0.0,0.0,0.0,28.3,3.22,8.2,313,43,25440.0,1,0.168,0.0,2355.0,0,0.0,1,0,0.0,-1,-1,-1,-1,0.0,0.0
2026-06-23T09:00,0.0,0.0,0.0,0.0,27.8,3.48,8.9,302,22,25400.0,1,0.166,140.0,1895.0,0,0.0,1,0,0.0,-1,-1,-1,-1,0.0,0.0
2026-06-23T10:00,0.0,0.0,0.0,0.0,27.9,3.45,8.4,304,38,25420.0,1,0.163,280.0,1595.0,0,0.0,1,0,0.0,-1,-1,-1,-1,0.0,0.0
2026-06-23T11:00,0.1,0.0,0.0,0.0,24.7,4.78,11.4,340,51,6360.0,1,0.162,400.0,395.0,0,0.0,51,0,0.1,-1,-1,-1,-1,0.0,0.0
2026-06-23T12:00,0.1,0.0,0.0,0.0,26.1,3.16,9.5,355,66,25440.0,1,0.181,20.0,755.0,0,0.0,51,0,0.1,-1,-1,-1,-1,0.0,0.0
2026-06-23T13:00,0.0,0.0,0.0,0.0,24.5,2.71,6.6,16,98,25420.0,1,0.18,40.0,195.0,0,0.0,3,0,0.0,-1,-1,-1,-1,0.0,0.0
2026-06-23T14:00,0.0,0.0,0.0,0.0,22.7,0.78,4.8,27,91,24560.0,0,0.18,460.0,40.0,0,0.0,3,0,0.0,-1,-1,-1,-1,0.0,0.0
2026-06-23T15:00,0.0,0.0,0.0,0.0,21.2,0.78,1.4,15,54,24560.0,0,0.179,560.0,25.0,0,0.0,2,0,0.0,-1,-1,-1,-1,0.0,0.0
2026-06-23T16:00,0.0,0.0,0.0,0.0,21.3,0.47,1.4,18,66,24560.0,0,0.179,680.0,30.0,0,0.0,2,0,0.0,-1,-1,-1,-1,0.0,0.0
2026-06-23T17:00,0.0,0.0,0.0,0.0,20.9,0.11,0.9,27,38,24580.0,0,0.179,680.0,15.0,0,0.0,1,0,0.0,-1,-1,-1,-1,0.0,0.0
2026-06-23T18:00,0.0,0.0,0.0,0.0,20.1,0.22,0.6,207,20,24580.0,0,0.173,20.0,20.0,0,0.0,1,0,0.0,-1,-1,-1,-1,0.0,0.0
2026-06-23T19:00,0.0,0.0,0.0,0.0,18.7,1.0,1.5,53,1,23700.0,0,0.173,20.0,40.0,0,0.0,0,0,0.0,-1,-1,-1,-1,0.0,0.0
2026-06-23T20:00,0.0,0.0,0.0,0.0,17.6,1.16,2.1,83,0,22960.0,0,0.173,10.0,35.0,0,0.0,0,0,0.0,-1,-1,-1,-1,0.0,0.0
2026-06-23T21:00,0.0,0.0,0.0,0.0,17.0,0.66,1.9,99,0,22960.0,0,0.173,40.0,30.0,0,0.0,0,0,0.0,-1,-1,-1,-1,0.0,0.0
2026-06-23T22:00,0.0,0.0,0.0,0.0,16.9,0.07,1.0,45,0,22960.0,0,0.173,60.0,10.0,0,0.0,0,0,0.0,-1,-1,-1,-1,0.0,0.0
2026-06-23T23:00,0.0,0.0,0.0,0.0,16.4,0.07,0.4,135,0,22020.0,1,0.172,410.0,10.0,0,0.0,0,0,0.0,-1,-1,-1,-1,0.0,0.0
2026-06-24T00:00,0.0,0.0,0.0,0.0,17.6,1.42,2.0,39,0,21640.0,1,0.185,460.0,60.0,0,0.0,0,0,0.0,-1,-1,-1,-1,0.0,0.0
2026-06-24T01:00,0.0,0.0,0.0,0.0,19.7,1.12,3.5,190,0,22960.0,1,0.184,520.0,265.0,0,0.0,0,0,0.0,-1,-1,-1,-1,0.0,0.0
2026-06-24T02:00,0.0,0.0,0.0,0.0,21.5,1.59,5.1,229,1,22960.0,1,0.183,1010.0,485.0,0,0.0,0,0,0.0,-1,-1,-1,-1,0.0,0.0
2026-06-24T03:00,0.0,0.0,0.0,0.0,23.6,1.86,5.7,276,0,23720.0,1,0.181,1000.0,790.0,0,0.0,0,0,0.0,-1,-1,-1,-1,0.0,0.0
2026-06-24T04:00,0.0,0.0,0.0,0.0,25.5,2.55,6.9,267,0,23720.0,1,0.178,1220.0,1155.0,0,0.0,0,0,0.0,-1,-1,-1,-1,0.0,0.0
2026-06-24T05:00,0.0,0.0,0.0,0.0,27.0,3.41,9.7,265,12,24600.0,1,0.175,1470.0,1365.0,0,0.0,0,0,0.0,-1,-1,-1,-1,0.0,0.0
2026-06-24T06:00,0.0,0.0,0.0,0.0,28.0,4.76,10.6,266,80,13200.0,1,0.167,1370.0,1485.0,0,0.0,3,0,0.0,-1,-1,-1,-1,0.0,0.0
2026-06-24T07:00,0.1,0.0,0.0,0.0,28.4,4.62,11.0,264,43,20780.0,1,0.165,880.0,1785.0,0,0.0,51,0,0.1,-1,-1,-1,-1,0.0,0.0
2026-06-24T08:00,0.0,0.0,0.0,0.0,29.5,5.47,12.3,275,18,19640.0,1,0.162,1090.0,2280.0,0,0.0,0,0,0.0,-1,-1,-1,-1,0.0,0.0
2026-06-24T09:00,0.0,0.0,0.0,0.0,30.6,5.3,12.3,278,24,25500.0,1,0.159,590.0,2600.0,0,0.0,1,0,0.0,-1,-1,-1,-1,0.0,0.0
2026-06-24T10:00,0.0,0.0,0.0,0.0,31.0,5.9,11.8,271,35,25500.0,1,0.157,220.0,2640.0,0,0.0,1,0,0.0,-1,-1,-1,-1,0.0,0.0
2026-06-24T11:00,0.0,0.0,0.0,0.0,29.8,7.5,13.9,263,44,25500.0,1,0.155,160.0,2330.0,0,0.0,1,0,0.0,-1,-1,-1,-1,0.0,0.0
2026-06-24T12:00,0.0,0.0,0.0,0.0,28.3,5.64,14.1,307,44,25500.0,1,0.151,110.0,750.0,0,0.0,1,0,0.0,-1,-1,-1,-1,0.0,0.0
2026-06-24T13:00,0.0,0.0,0.0,0.0,27.4,3.48,10.3,291,59,25500.0,1,0.15,20.0,560.0,0,0.0,2,0,0.0,-1,-1,-1,-1,0.0,0.0
2026-06-24T14:00,0.0,0.0,0.0,0.0,24.7,1.94,6.0,282,53,25480.0,0,0.15,10.0,250.0,0,0.0,2,0,0.0,-1,-1,-1,-1,0.0,0.0
2026-06-24T15:00,0.0,0.0,0.0,0.0,23.5,1.41,2.9,287,13,25480.0,0,0.149,0.0,120.0,0,0.0,0,0,0.0,-1,-1,-1,-1,0.0,0.0
2026-06-24T16:00,0.0,0.0,0.0,0.0,22.9,0.72,2.0,214,0,25480.0,0,0.149,0.0,40.0,0,0.0,0,0,0.0,-1,-1,-1,-1,0.0,0.0
2026-06-24T17:00,0.0,0.0,0.0,0.0,21.5,1.15,1.6,198,0,24620.0,0,0.149,0.0,45.0,0,0.0,0,0,0.0,-1,-1,-1,-1,0.0,0.0
2026-06-24T18:00,0.0,0.0,0.0,0.0,20.9,1.38,1.6,224,0,24640.0,0,0.149,0.0,50.0,0,0.0,0,0,0.0,-1,-1,-1,-1,0.0,0.0
2026-06-24T19:00,0.0,0.0,0.0,0.0,21.0,0.54,1.9,236,0,24640.0,0,0.149,0.0,50.0,0,0.0,0,0,0.0,-1,-1,-1,-1,0.0,0.0
2026-06-24T20:00,0.0,0.0,0.0,0.0,21.1,0.43,1.0,234,0,24640.0,0,0.149,0.0,45.0,0,0.0,0,0,0.0,-1,-1,-1,-1,0.0,0.0
2026-06-24T21:00,0.0,0.0,0.0,0.0,20.7,0.67,1.0,222,0,24640.0,0,0.149,0.0,45.0,0,0.0,0,0,0.0,-1,-1,-1,-1,0.0,0.0
2026-06-24T22:00,0.0,0.0,0.0,0.0,18.9,1.48,1.7,168,2,23760.0,0,0.149,0.0,40.0,0,0.0,0,0,0.0,-1,-1,-1,-1,0.0,0.0
2026-06-24T23:00,0.0,0.0,0.0,0.0,18.4,1.57,2.7,121,50,23760.0,1,0.149,0.0,65.0,0,0.0,2,0,0.0,-1,-1,-1,-1,0.0,0.0
2026-06-25T00:00,0.0,0.0,0.0,0.0,20.3,1.0,2.3,72,9,23760.0,1,0.158,0.0,30.0,0,0.0,0,0,0.0,-1,-1,-1,-1,0.0,0.0
2026-06-25T01:00,0.0,0.0,0.0,0.0,22.7,0.96,3.1,81,13,24640.0,1,0.157,0.0,110.0,0,0.0,0,0,0.0,-1,-1,-1,-1,0.0,0.0
2026-06-25T02:00,0.0,0.0,0.0,0.0,24.8,0.7,3.8,69,99,24660.0,1,0.156,0.0,355.0,0,0.0,3,0,0.0,-1,-1,-1,-1,0.0,0.0
2026-06-25T03:00,0.0,0.0,0.0,0.0,27.0,0.4,3.7,270,99,25520.0,1,0.155,60.0,555.0,0,0.0,3,0,0.0,-1,-1,-1,-1,0.0,0.0
2026-06-25T04:00,0.0,0.0,0.0,0.0,28.7,1.96,5.7,264,57,25520.0,1,0.154,270.0,1110.0,0,0.0,2,0,0.0,-1,-1,-1,-1,0.0,0.0
2026-06-25T05:00,0.0,0.0,0.0,0.0,30.8,4.0,9.0,267,51,25540.0,1,0.151,240.0,1770.0,0,0.0,2,0,0.0,-1,-1,-1,-1,0.0,0.0
2026-06-25T06:00,0.0,0.0,0.0,0.0,31.8,6.25,11.2,282,26,25540.0,1,0.163,30.0,2465.0,0,0.0,1,0,0.0,-1,-1,-1,-1,0.0,0.0
2026-06-25T07:00,0.0,0.0,0.0,0.0,32.3,6.5,13.6,282,72,25560.0,1,0.16,20.0,2660.0,0,0.0,2,0,0.0,-1,-1,-1,-1,0.0,0.0
2026-06-25T08:00,0.0,0.0,0.0,0.0,32.7,5.83,13.4,284,48,25560.0,1,0.157,10.0,2830.0,0,0.0,1,0,0.0,-1,-1,-1,-1,0.0,0.0
2026-06-25T09:00,0.0,0.0,0.0,0.0,32.7,6.4,12.7,284,88,25560.0,1,0.154,10.0,2870.0,0,0.0,3,0,0.0,-1,-1,-1,-1,0.0,0.0
2026-06-25T10:00,0.0,0.0,0.0,0.0,32.6,6.94,13.7,282,82,25580.0,1,0.152,0.0,2895.0,0,0.0,3,0,0.0,-1,-1,-1,-1,0.0,0.0
2026-06-25T11:00,0.0,0.0,0.0,0.0,30.9,7.29,14.1,297,69,25560.0,1,0.15,50.0,1485.0,0,0.0,2,0,0.0,-1,-1,-1,-1,0.0,0.0
2026-06-25T12:00,0.0,0.0,0.0,0.0,30.8,6.11,13.8,307,26,25560.0,1,0.143,0.0,1090.0,0,0.0,1,0,0.0,-1,-1,-1,-1,0.0,0.0
2026-06-25T13:00,0.0,0.0,0.0,0.0,29.7,4.59,11.2,294,19,25560.0,1,0.142,10.0,1040.0,0,0.0,0,0,0.0,-1,-1,-1,-1,0.0,0.0
2026-06-25T14:00,0.0,0.0,0.0,0.0,27.7,3.23,8.0,286,38,25560.0,0,0.142,0.0,465.0,0,0.0,1,0,0.0,-1,-1,-1,-1,0.0,0.0
2026-06-25T15:00,0.0,0.0,0.0,0.0,26.7,3.45,5.8,270,15,25580.0,0,0.141,0.0,455.0,0,0.0,0,0,0.0,-1,-1,-1,-1,0.0,0.0
2026-06-25T16:00,0.0,0.0,0.0,0.0,25.0,2.42,5.8,277,12,25580.0,0,0.141,0.0,245.0,0,0.0,0,0,0.0,-1,-1,-1,-1,0.0,0.0
2026-06-25T17:00,0.0,0.0,0.0,0.0,23.5,1.96,3.9,266,4,25560.0,0,0.14,0.0,115.0,0,0.0,0,0,0.0,-1,-1,-1,-1,0.0,0.0
2026-06-25T18:00,0.0,0.0,0.0,0.0,23.1,2.0,2.7,238,32,25560.0,0,0.151,0.0,75.0,0,0.0,1,0,0.0,-1,-1,-1,-1,0.0,0.0
2026-06-25T19:00,0.0,0.0,0.0,0.0,23.0,0.25,2.9,191,39,25560.0,0,0.15,0.0,15.0,0,0.0,1,0,0.0,-1,-1,-1,-1,0.0,0.0
2026-06-25T20:00,0.0,0.0,0.0,0.0,21.9,1.05,1.4,121,56,25560.0,0,0.15,0.0,35.0,0,0.0,2,0,0.0,-1,-1,-1,-1,0.0,0.0
2026-06-25T21:00,0.0,0.0,0.0,0.0,21.6,2.25,3.6,69,89,24700.0,0,0.15,0.0,75.0,0,0.0,3,0,0.0,-1,-1,-1,-1,0.0,0.0
2026-06-25T22:00,0.0,0.0,0.0,0.0,21.6,1.46,4.6,59,73,24700.0,0,0.15,0.0,90.0,0,0.0,2,0,0.0,-1,-1,-1,-1,0.0,0.0
2026-06-25T23:00,0.0,0.0,0.0,0.0,21.7,0.39,2.0,40,44,24700.0,1,0.15,0.0,35.0,0,0.0,1,0,0.0,-1,-1,-1,-1,0.0,0.0
2026-06-26T00:00,0.0,0.0,0.0,0.0,21.7,1.4,2.1,88,30,24700.0,1,0.164,10.0,40.0,0,0.0,1,0,0.0,-1,-1,-1,-1,0.0,0.0
2026-06-26T01:00,0.0,0.0,0.0,0.0,24.2,0.83,3.3,123,63,24700.0,1,0.163,0.0,90.0,0,0.0,2,0,0.0,-1,-1,-1,-1,0.0,0.0
2026-06-26T02:00,0.0,0.0,0.0,0.0,26.6,0.4,3.0,90,4,16340.0,1,0.162,80.0,195.0,0,0.0,0,0,0.0,-1,-1,-1,-1,0.0,0.0
2026-06-26T03:00,0.0,0.0,0.0,0.0,29.9,1.16,4.6,115,1,25600.0,1,0.161,140.0,595.0,0,0.0,0,0,0.0,-1,-1,-1,-1,0.0,0.0
2026-06-26T04:00,0.0,0.0,0.0,0.0,31.8,0.81,4.7,133,1,25600.0,1,0.158,120.0,1315.0,0,0.0,0,0,0.0,-1,-1,-1,-1,0.0,0.0
2026-06-26T05:00,0.0,0.0,0.0,0.0,33.3,1.48,6.0,242,1,25600.0,1,0.156,140.0,3090.0,0,0.0,0,0,0.0,-1,-1,-1,-1,0.0,0.0
2026-06-26T06:00,0.0,0.0,0.0,0.0,34.1,3.41,9.0,266,25,25640.0,1,0.16,150.0,3255.0,0,0.0,1,0,0.0,-1,-1,-1,-1,0.0,0.0
2026-06-26T07:00,0.0,0.0,0.0,0.0,34.2,4.25,9.8,267,3,25640.0,1,0.156,240.0,3070.0,0,0.0,0,0,0.0,-1,-1,-1,-1,0.0,0.0
2026-06-26T08:00,0.0,0.0,0.0,0.0,34.9,4.25,9.8,269,2,25640.0,1,0.153,200.0,3140.0,0,0.0,0,0,0.0,-1,-1,-1,-1,0.0,0.0
2026-06-26T09:00,0.0,0.0,0.0,0.0,35.2,4.55,10.1,269,1,25640.0,1,0.15,100.0,3140.0,0,0.0,0,0,0.0,-1,-1,-1,-1,0.0,0.0
2026-06-26T10:00,0.0,0.0,0.0,0.0,35.2,4.12,10.0,276,1,25640.0,1,0.148,60.0,3175.0,0,0.0,0,0,0.0,-1,-1,-1,-1,0.0,0.0
2026-06-26T11:00,0.0,0.0,0.0,0.0,35.0,4.26,9.2,283,2,25640.0,1,0.146,40.0,3315.0,0,0.0,0,0,0.0,-1,-1,-1,-1,0.0,0.0
2026-06-26T12:00,0.0,0.0,0.0,0.0,35.0,3.17,8.9,254,1,25660.0,1,0.149,0.0,3255.0,0,0.0,0,0,0.0,-1,-1,-1,-1,0.0,0.0
2026-06-26T13:00,0.0,0.0,0.0,0.0,32.1,1.42,5.6,212,0,25660.0,1,0.148,20.0,110.0,0,0.0,0,0,0.0,-1,-1,-1,-1,0.0,0.0
2026-06-26T14:00,0.0,0.0,0.0,0.0,29.0,0.87,1.7,156,0,25620.0,0,0.148,70.0,40.0,0,0.0,0,0,0.0,-1,-1,-1,-1,0.0,0.0
2026-06-26T15:00,0.0,0.0,0.0,0.0,27.5,0.71,1.1,129,0,25640.0,0,0.148,10.0,50.0,0,0.0,0,0,0.0,-1,-1,-1,-1,0.0,0.0
2026-06-26T16:00,0.0,0.0,0.0,0.0,26.4,0.45,1.1,117,0,25640.0,0,0.148,0.0,30.0,0,0.0,0,0,0.0,-1,-1,-1,-1,0.0,0.0
2026-06-26T17:00,0.0,0.0,0.0,0.0,26.0,0.35,0.8,225,0,25640.0,0,0.148,0.0,30.0,0,0.0,0,0,0.0,-1,-1,-1,-1,0.0,0.0
2026-06-26T18:00,0.0,0.0,0.0,0.0,24.9,0.07,1.1,135,1,25640.0,0,0.171,0.0,10.0,0,0.0,0,0,0.0,-1,-1,-1,-1,0.0,0.0
2026-06-26T19:00,0.0,0.0,0.0,0.0,23.6,1.11,1.5,82,0,25640.0,0,0.171,0.0,40.0,0,0.0,0,0,0.0,-1,-1,-1,-1,0.0,0.0
2026-06-26T20:00,0.0,0.0,0.0,0.0,22.7,1.87,2.6,81,0,25620.0,0,0.171,0.0,45.0,0,0.0,0,0,0.0,-1,-1,-1,-1,0.0,0.0
2026-06-26T21:00,0.0,0.0,0.0,0.0,24.1,3.19,5.1,50,0,25620.0,0,0.171,0.0,105.0,0,0.0,0,0,0.0,-1,-1,-1,-1,0.0,0.0
2026-06-26T22:00,0.0,0.0,0.0,0.0,25.4,5.09,8.7,47,0,25620.0,0,0.17,20.0,315.0,0,0.0,0,0,0.0,-1,-1,-1,-1,0.0,0.0
2026-06-26T23:00,0.0,0.0,0.0,0.0,25.4,5.21,9.2,53,0,25620.0,1,0.169,0.0,345.0,0,0.0,0,0,0.0,-1,-1,-1,-1,0.0,0.0
2026-06-27T00:00,0.0,0.0,0.0,0.0,25.0,4.11,9.1,87,0,25620.0,1,0.181,0.0,215.0,0,0.0,0,0,0.0,-1,-1,-1,-1,0.0,0.0
2026-06-27T01:00,0.0,0.0,0.0,0.0,27.2,4.27,8.1,85,0,25640.0,1,0.18,60.0,410.0,0,0.0,0,0,0.0,-1,-1,-1,-1,0.0,0.0
2026-06-27T02:00,0.0,0.0,0.0,0.0,29.8,5.22,9.8,70,0,25660.0,1,0.178,20.0,695.0,0,0.0,0,0,0.0,-1,-1,-1,-1,0.0,0.0
2026-06-27T03:00,0.0,0.0,0.0,0.0,31.7,5.86,11.7,61,23,25660.0,1,0.175,0.0,825.0,0,0.0,1,0,0.0,-1,-1,-1,-1,0.0,0.0
2026-06-27T04:00,0.0,0.0,0.0,0.0,33.2,4.72,11.6,63,90,25700.0,1,0.171,60.0,1290.0,0,0.0,3,0,0.0,-1,-1,-1,-1,0.0,0.0
2026-06-27T05:00,0.0,0.0,0.0,0.0,34.4,3.34,10.1,68,88,25700.0,1,0.167,240.0,1705.0,0,0.0,3,0,0.0,-1,-1,-1,-1,0.0,0.0
2026-06-27T06:00,0.0,0.0,0.0,0.0,34.9,1.61,8.2,74,98,25700.0,1,0.176,300.0,2965.0,0,0.0,3,0,0.0,-1,-1,-1,-1,0.0,0.0
2026-06-27T07:00,0.0,0.0,0.0,0.0,35.8,1.0,5.2,264,98,25700.0,1,0.171,290.0,3285.0,0,0.0,3,0,0.0,-1,-1,-1,-1,0.0,0.0
2026-06-27T08:00,0.0,0.0,0.0,0.0,35.7,2.67,6.7,257,99,25700.0,1,0.167,200.0,3220.0,0,0.0,3,0,0.0,-1,-1,-1,-1,0.0,0.0
2026-06-27T09:00,0.0,0.0,0.0,0.0,36.0,2.86,7.0,275,98,25700.0,1,0.164,210.0,3315.0,0,0.0,3,0,0.0,-1,-1,-1,-1,0.0,0.0
2026-06-27T10:00,0.0,0.0,0.0,0.0,35.4,3.85,8.3,300,98,25700.0,1,0.161,80.0,2870.0,0,0.0,3,0,0.0,-1,-1,-1,-1,0.0,0.0
2026-06-27T11:00,0.0,0.0,0.0,0.0,34.3,3.97,8.2,324,53,25700.0,1,0.159,40.0,1050.0,0,0.0,2,0,0.0,-1,-1,-1,-1,0.0,0.0
2026-06-27T12:00,0.0,0.0,0.0,0.0,31.9,1.94,8.2,305,73,25680.0,1,0.153,50.0,155.0,0,0.0,2,0,0.0,-1,-1,-1,-1,0.0,0.0
2026-06-27T13:00,0.0,0.0,0.0,0.0,31.5,1.86,4.9,5,24,25680.0,1,0.152,250.0,115.0,0,0.0,1,0,0.0,-1,-1,-1,-1,0.0,0.0
2026-06-27T14:00,0.0,0.0,0.0,0.0,28.9,2.15,3.4,18,20,25700.0,0,0.152,10.0,120.0,0,0.0,1,0,0.0,-1,-1,-1,-1,0.0,0.0
2026-06-27T15:00,0.0,0.0,0.0,0.0,27.8,2.14,3.9,21,22,25700.0,0,0.151,0.0,85.0,0,0.0,1,0,0.0,-1,-1,-1,-1,0.0,0.0
2026-06-27T16:00,0.0,0.0,0.0,0.0,26.1,1.95,3.6,40,24,25700.0,0,0.151,0.0,50.0,0,0.0,1,0,0.0,-1,-1,-1,-1,0.0,0.0
2026-06-27T17:00,0.0,0.0,0.0,0.0,26.3,2.48,4.1,48,0,25700.0,0,0.15,0.0,65.0,0,0.0,0,0,0.0,-1,-1,-1,-1,0.0,0.0
2026-06-27T18:00,0.0,0.0,0.0,0.0,25.9,2.63,5.2,57,0,25700.0,0,0.15,0.0,85.0,0,0.0,0,0,0.0,-1,-1,-1,-1,0.0,0.0
2026-06-27T19:00,0.0,0.0,0.0,0.0,25.7,3.01,5.3,44,0,25700.0,0,0.149,0.0,90.0,0,0.0,0,0,0.0,-1,-1,-1,-1,0.0,0.0
2026-06-27T20:00,0.0,0.0,0.0,0.0,25.6,3.19,5.6,40,7,25700.0,0,0.149,0.0,120.0,0,0.0,0,0,0.0,-1,-1,-1,-1,0.0,0.0
2026-06-27T21:00,0.0,0.0,0.0,0.0,25.3,3.11,5.7,26,20,25700.0,0,0.148,0.0,150.0,0,0.0,1,0,0.0,-1,-1,-1,-1,0.0,0.0
2026-06-27T22:00,0.0,0.0,0.0,0.0,24.5,2.63,5.5,21,9,25720.0,0,0.148,0.0,130.0,0,0.0,0,0,0.0,-1,-1,-1,-1,0.0,0.0
2026-06-27T23:00,0.0,0.0,0.0,0.0,24.1,2.6,4.5,30,17,25720.0,1,0.148,0.0,215.0,0,0.0,0,0,0.0,-1,-1,-1,-1,0.0,0.0
2026-06-28T00:00,0.0,0.0,0.0,0.0,26.1,2.16,7.0,40,88,25720.0,1,0.147,0.0,110.0,0,0.0,3,0,0.0,-1,-1,-1,-1,0.0,0.0
2026-06-28T01:00,0.0,0.0,0.0,0.0,29.3,3.32,5.8,45,99,25720.0,1,0.146,0.0,495.0,0,0.0,3,0,0.0,-1,-1,-1,-1,0.0,0.0
2026-06-28T02:00,0.0,0.0,0.0,0.0,32.1,6.09,11.1,42,70,25740.0,1,0.145,0.0,1055.0,0,0.0,2,0,0.0,-1,-1,-1,-1,0.0,0.0
2026-06-28T03:00,0.0,0.0,0.0,0.0,32.8,7.2,14.0,49,12,25740.0,1,0.144,0.0,1200.0,0,0.0,0,0,0.0,-1,-1,-1,-1,0.0,0.0
2026-06-28T04:00,0.0,0.0,0.0,0.0,33.8,6.57,13.9,53,30,25760.0,1,0.142,0.0,1685.0,0,0.0,1,0,0.0,-1,-1,-1,-1,0.0,0.0
2026-06-28T05:00,0.0,0.0,0.0,0.0,34.9,5.22,13.3,61,97,25760.0,1,0.139,50.0,2250.0,0,0.0,3,0,0.0,-1,-1,-1,-1,0.0,0.0
2026-06-28T06:00,0.0,0.0,0.0,0.0,35.8,3.57,11.2,68,95,25760.0,1,0.137,140.0,2880.0,0,0.0,3,0,0.0,-1,-1,-1,-1,0.0,0.0
2026-06-28T07:00,0.0,0.0,0.0,0.0,36.5,2.38,8.8,60,84,25760.0,1,0.135,180.0,3300.0,0,0.0,3,0,0.0,-1,-1,-1,-1,0.0,0.0
2026-06-28T08:00,0.0,0.0,0.0,0.0,37.1,1.26,7.1,56,25,25760.0,1,0.132,220.0,3625.0,0,0.0,1,0,0.0,-1,-1,-1,-1,0.0,0.0
2026-06-28T09:00,0.0,0.0,0.0,0.0,37.5,0.71,5.5,135,27,25760.0,1,0.13,120.0,3835.0,0,0.0,1,0,0.0,-1,-1,-1,-1,0.0,0.0
2026-06-28T10:00,0.0,0.0,0.0,0.0,37.5,1.84,5.3,221,87,25760.0,1,0.128,30.0,3890.0,0,0.0,3,0,0.0,-1,-1,-1,-1,0.0,0.0
2026-06-28T11:00,0.0,0.0,0.0,0.0,36.8,2.51,5.8,239,61,25780.0,1,0.127,10.0,3830.0,0,0.0,2,0,0.0,-1,-1,-1,-1,0.0,0.0
2026-06-28T12:00,0.0,0.0,0.0,0.0,36.1,2.65,5.9,238,83,25780.0,1,0.126,0.0,2050.0,0,0.0,3,0,0.0,-1,-1,-1,-1,0.0,0.0
2026-06-28T13:00,0.0,0.0,0.0,0.0,33.8,1.24,5.3,40,81,25780.0,1,0.125,0.0,110.0,0,0.0,3,0,0.0,-1,-1,-1,-1,0.0,0.0
2026-06-28T14:00,0.0,0.0,0.0,0.0,32.8,4.88,8.7,47,95,25780.0,0,0.125,0.0,1115.0,0,0.0,3,0,0.0,-1,-1,-1,-1,0.0,0.0
2026-06-28T15:00,0.0,0.0,0.0,0.0,31.6,7.26,13.2,52,95,25760.0,0,0.124,0.0,875.0,0,0.0,3,0,0.0,-1,-1,-1,-1,0.0,0.0
2026-06-28T16:00,0.0,0.0,0.0,0.0,30.5,6.33,13.3,43,98,25760.0,0,0.124,0.0,630.0,0,0.0,3,0,0.0,-1,-1,-1,-1,0.0,0.0
2026-06-28T17:00,0.0,0.0,0.0,0.0,29.8,5.06,11.4,42,100,25760.0,0,0.123,20.0,480.0,0,0.0,3,0,0.0,-1,-1,-1,-1,0.0,0.0
2026-06-28T18:00,0.0,0.0,0.0,0.0,28.6,2.76,9.2,355,100,25760.0,0,0.122,0.0,315.0,0,0.0,3,0,0.0,-1,-1,-1,-1,0.0,0.0
2026-06-28T19:00,0.0,0.0,0.0,0.0,26.6,3.0,5.6,1,100,25740.0,0,0.122,10.0,200.0,0,0.0,3,0,0.0,-1,-1,-1,-1,0.0,0.0
2026-06-28T20:00,0.0,0.0,0.0,0.0,25.2,2.8,6.0,10,100,24880.0,0,0.122,10.0,130.0,0,0.0,3,0,0.0,-1,-1,-1,-1,0.0,0.0
2026-06-28T21:00,0.7,1.0,0.0,0.0,24.2,0.76,5.2,349,100,24880.0,0,0.129,270.0,80.0,0,0.0,53,1,0.0,10,0,5,218,0.782,0.808
2026-06-28T22:00,0.5,0.6,0.0,0.0,22.2,1.35,3.2,231,100,3320.0,0,0.135,1040.0,100.0,0,0.0,53,1,0.2,10,1,4,218,0.782,0.568
2026-06-28T23:00,0.5,0.2,0.0,0.0,21.8,3.57,5.5,84,98,18820.0,1,0.141,560.0,140.0,0,0.0,53,1,0.4,10,2,3,218,0.782,0.328
2026-06-29T00:00,0.0,0.0,0.0,0.0,21.0,1.03,8.2,39,100,2540.0,1,0.17,670.0,70.0,0,0.0,3,0,0.0,10,3,2,218,0.782,0.208
2026-06-29T01:00,1.3,0.385,0.0,0.0,21.0,2.77,4.1,83,97,6680.0,1,0.187,1020.0,175.0,0,0.0383,80,1,0.8,10,4,1,218,0.782,0.439
2026-06-29T02:00,0.2,0.0,0.0,0.0,22.1,4.95,9.3,70,78,11020.0,1,0.188,470.0,355.0,0,0.0,51,0,0.2,-1,-1,-1,-1,0.0,0.0
2026-06-29T03:00,0.0,0.0,0.0,0.0,26.4,6.74,12.9,58,10,25760.0,1,0.186,60.0,720.0,0,0.0,0,0,0.0,-1,-1,-1,-1,0.0,0.0
2026-06-29T04:00,0.0,0.0,0.0,0.0,26.9,8.43,16.3,63,0,25760.0,1,0.183,210.0,805.0,0,0.0,0,0,0.0,-1,-1,-1,-1,0.0,0.0
2026-06-29T05:00,0.0,0.0,0.0,0.0,27.7,7.4,16.3,63,2,25760.0,1,0.179,310.0,840.0,0,0.0,0,0,0.0,-1,-1,-1,-1,0.0,0.0
2026-06-29T06:00,0.0,0.0,0.0,0.0,28.4,5.39,14.7,71,25,25760.0,1,0.2,400.0,805.0,0,0.0,1,0,0.0,-1,-1,-1,-1,0.0,0.0
2026-06-29T07:00,0.0,0.0,0.0,0.0,29.1,3.21,11.2,72,85,25780.0,1,0.195,430.0,1415.0,0,0.0,3,0,0.0,-1,-1,-1,-1,0.0,0.0
2026-06-29T08:00,0.0,0.0,0.0,0.0,29.2,0.98,7.9,24,70,25780.0,1,0.192,320.0,1440.0,0,0.0,2,0,0.0,-1,-1,-1,-1,0.0,0.0
2026-06-29T09:00,0.0,0.0,0.0,0.0,29.9,1.59,5.5,319,45,25780.0,1,0.188,280.0,1630.0,0,0.0,1,0,0.0,-1,-1,-1,-1,0.0,0.0
2026-06-29T10:00,0.0,0.0,0.0,0.0,30.2,2.08,5.9,297,28,25800.0,1,0.184,230.0,1400.0,0,0.0,1,0,0.0,-1,-1,-1,-1,0.0,0.0
2026-06-29T11:00,0.0,0.0,0.0,0.0,30.3,2.68,6.3,297,14,25800.0,1,0.181,250.0,1500.0,0,0.0,0,0,0.0,-1,-1,-1,-1,0.0,0.0
2026-06-29T12:00,0.0,0.0,0.0,0.0,31.5,2.37,6.3,305,5,25800.0,1,0.167,100.0,1195.0,0,0.0,0,0,0.0,-1,-1,-1,-1,0.0,0.0
2026-06-29T13:00,0.0,0.0,0.0,0.0,29.8,1.01,4.8,327,3,25820.0,1,0.167,110.0,205.0,0,0.0,0,0,0.0,-1,-1,-1,-1,0.0,0.0
2026-06-29T14:00,0.0,0.0,0.0,0.0,28.0,0.22,1.7,63,0,25820.0,0,0.166,190.0,20.0,0,0.0,0,0,0.0,-1,-1,-1,-1,0.0,0.0
2026-06-29T15:00,0.0,0.0,0.0,0.0,25.3,1.48,2.2,66,0,25780.0,0,0.166,190.0,40.0,0,0.0,0,0,0.0,-1,-1,-1,-1,0.0,0.0
2026-06-29T16:00,0.0,0.0,0.0,0.0,23.7,1.75,3.1,66,0,24000.0,0,0.166,470.0,45.0,0,0.0,0,0,0.0,-1,-1,-1,-1,0.0,0.0
2026-06-29T17:00,0.0,0.0,0.0,0.0,22.9,1.86,3.4,59,0,23220.0,0,0.166,660.0,50.0,0,0.0,0,0,0.0,-1,-1,-1,-1,0.0,0.0
2026-06-29T18:00,0.0,0.0,0.0,0.0,22.1,1.46,3.4,74,0,23220.0,0,0.192,710.0,35.0,0,0.0,0,0,0.0,-1,-1,-1,-1,0.0,0.0
2026-06-29T19:00,0.0,0.0,0.0,0.0,21.5,1.88,3.2,73,0,23220.0,0,0.192,540.0,50.0,0,0.0,0,0,0.0,-1,-1,-1,-1,0.0,0.0
2026-06-29T20:00,0.0,0.0,0.0,0.0,21.4,1.95,3.4,67,0,23220.0,0,0.192,360.0,50.0,0,0.0,0,0,0.0,-1,-1,-1,-1,0.0,0.0
2026-06-29T21:00,0.0,0.0,0.0,0.0,21.0,1.9,3.4,67,0,23240.0,0,0.192,220.0,50.0,0,0.0,0,0,0.0,-1,-1,-1,-1,0.0,0.0
2026-06-29T22:00,0.0,0.0,0.0,0.0,20.4,1.76,3.2,70,0,23240.0,0,0.191,80.0,45.0,0,0.0,0,0,0.0,-1,-1,-1,-1,0.0,0.0
2026-06-29T23:00,0.0,0.0,0.0,0.0,20.0,1.85,2.8,71,0,23240.0,1,0.191,0.0,50.0,0,0.0,0,0,0.0,-1,-1,-1,-1,0.0,0.0
2026-06-30T00:00,0.0,0.0,0.0,0.0,21.9,2.36,3.1,69,0,23240.0,1,0.219,10.0,70.0,0,0.0,0,0,0.0,-1,-1,-1,-1,0.0,0.0
2026-06-30T01:00,0.0,0.0,0.0,0.0,24.2,2.14,5.2,69,0,24020.0,1,0.218,250.0,200.0,0,0.0,0,0,0.0,-1,-1,-1,-1,0.0,0.0
2026-06-30T02:00,0.0,0.0,0.0,0.0,26.6,1.61,4.6,83,0,24940.0,1,0.216,380.0,310.0,0,0.0,0,0,0.0,-1,-1,-1,-1,0.0,0.0
2026-06-30T03:00,0.0,0.0,0.0,0.0,28.7,2.45,6.1,86,0,24960.0,1,0.213,580.0,535.0,0,0.0,0,0,0.0,-1,-1,-1,-1,0.0,0.0
2026-06-30T04:00,0.0,0.0,0.0,0.0,30.4,2.1,6.5,78,0,25820.0,1,0.208,340.0,885.0,0,0.0,0,0,0.0,-1,-1,-1,-1,0.0,0.0
2026-06-30T05:00,0.0,0.0,0.0,0.0,31.9,0.98,6.0,66,3,25820.0,1,0.203,170.0,1340.0,0,0.0,0,0,0.0,-1,-1,-1,-1,0.0,0.0
2026-06-30T06:00,0.0,0.0,0.0,0.0,32.6,0.1,4.8,90,9,25860.0,1,0.203,40.0,2060.0,0,0.0,0,0,0.0,-1,-1,-1,-1,0.0,0.0
2026-06-30T07:00,0.0,0.0,0.0,0.0,34.1,1.12,4.9,280,12,25860.0,1,0.197,0.0,2130.0,0,0.0,0,0,0.0,-1,-1,-1,-1,0.0,0.0
2026-06-30T08:00,0.0,0.0,0.0,0.0,34.6,2.15,6.3,298,8,25880.0,1,0.192,0.0,2160.0,0,0.0,0,0,0.0,-1,-1,-1,-1,0.0,0.0
2026-06-30T09:00,0.0,0.0,0.0,0.0,34.8,2.62,6.8,305,5,25880.0,1,0.187,0.0,2115.0,0,0.0,0,0,0.0,-1,-1,-1,-1,0.0,0.0
2026-06-30T10:00,0.0,0.0,0.0,0.0,34.6,3.01,7.2,306,5,25900.0,1,0.182,0.0,1955.0,0,0.0,0,0,0.0,-1,-1,-1,-1,0.0,0.0
2026-06-30T11:00,0.0,0.0,0.0,0.0,34.1,3.36,7.3,316,8,25900.0,1,0.179,0.0,1680.0,0,0.0,0,0,0.0,-1,-1,-1,-1,0.0,0.0
2026-06-30T12:00,0.0,0.0,0.0,0.0,33.8,2.91,7.3,325,5,25880.0,1,0.178,0.0,425.0,0,0.0,0,0,0.0,-1,-1,-1,-1,0.0,0.0
2026-06-30T13:00,0.0,0.0,0.0,0.0,31.5,1.07,5.7,349,1,25880.0,1,0.177,0.0,115.0,0,0.0,0,0,0.0,-1,-1,-1,-1,0.0,0.0
2026-06-30T14:00,0.0,0.0,0.0,0.0,29.3,1.17,1.6,70,1,25880.0,0,0.177,0.0,50.0,0,0.0,0,0,0.0,-1,-1,-1,-1,0.0,0.0
2026-06-30T15:00,0.0,0.0,0.0,0.0,28.0,2.66,4.5,56,0,25860.0,0,0.176,0.0,110.0,0,0.0,0,0,0.0,-1,-1,-1,-1,0.0,0.0
2026-06-30T16:00,0.0,0.0,0.0,0.0,27.2,3.03,5.5,52,0,25860.0,0,0.176,0.0,140.0,0,0.0,0,0,0.0,-1,-1,-1,-1,0.0,0.0
2026-06-30T17:00,0.0,0.0,0.0,0.0,26.9,3.41,6.1,58,0,25860.0,0,0.175,0.0,170.0,0,0.0,0,0,0.0,-1,-1,-1,-1,0.0,0.0
2026-06-30T18:00,0.0,0.0,0.0,0.0,26.3,3.09,6.2,67,0,25860.0,0,0.19,0.0,120.0,0,0.0,0,0,0.0,-1,-1,-1,-1,0.0,0.0
2026-06-30T19:00,0.0,0.0,0.0,0.0,25.9,3.69,6.4,69,0,25860.0,0,0.189,0.0,115.0,0,0.0,0,0,0.0,-1,-1,-1,-1,0.0,0.0
2026-06-30T20:00,0.0,0.0,0.0,0.0,25.8,4.18,7.2,58,0,25860.0,0,0.188,0.0,150.0,0,0.0,0,0,0.0,-1,-1,-1,-1,0.0,0.0
2026-06-30T21:00,0.0,0.0,0.0,0.0,26.3,4.08,7.4,50,0,25900.0,0,0.188,0.0,190.0,0,0.0,0,0,0.0,-1,-1,-1,-1,0.0,0.0
2026-06-30T22:00,0.0,0.0,0.0,0.0,25.9,4.02,7.1,58,0,25880.0,0,0.187,0.0,165.0,0,0.0,0,0,0.0,-1,-1,-1,-1,0.0,0.0
2026-06-30T23:00,0.0,0.0,0.0,0.0,25.5,4.37,7.6,59,0,25880.0,1,0.186,0.0,160.0,0,0.0,0,0,0.0,-1,-1,-1,-1,0.0,0.0
2026-07-01T00:00,0.0,0.0,0.0,0.0,26.5,4.14,7.9,60,0,25880.0,1,0.189,0.0,210.0,0,0.0,0,0,0.0,-1,-1,-1,-1,0.0,0.0
2026-07-01T01:00,0.0,0.0,0.0,0.0,28.8,5.02,9.3,60,0,25900.0,1,0.188,0.0,370.0,0,0.0,0,0,0.0,-1,-1,-1,-1,0.0,0.0
2026-07-01T02:00,0.0,0.0,0.0,0.0,31.2,5.12,9.5,58,0,25900.0,1,0.185,0.0,565.0,0,0.0,0,0,0.0,-1,-1,-1,-1,0.0,0.0
2026-07-01T03:00,0.0,0.0,0.0,0.0,33.3,6.03,11.9,49,0,25900.0,1,0.182,0.0,940.0,0,0.0,0,0,0.0,-1,-1,-1,-1,0.0,0.0
2026-07-01T04:00,0.0,0.0,0.0,0.0,34.6,5.68,11.9,53,0,25920.0,1,0.178,0.0,1765.0,0,0.0,0,0,0.0,-1,-1,-1,-1,0.0,0.0
2026-07-01T05:00,0.0,0.0,0.0,0.0,35.6,5.42,11.6,61,0,25940.0,1,0.173,0.0,2105.0,0,0.0,0,0,0.0,-1,-1,-1,-1,0.0,0.0
2026-07-01T06:00,0.0,0.0,0.0,0.0,36.0,5.36,11.4,68,0,25940.0,1,0.178,0.0,2110.0,0,0.0,0,0,0.0,-1,-1,-1,-1,0.0,0.0
2026-07-01T07:00,0.0,0.0,0.0,0.0,36.7,4.81,11.3,69,0,25940.0,1,0.173,0.0,2200.0,0,0.0,0,0,0.0,-1,-1,-1,-1,0.0,0.0
2026-07-01T08:00,0.0,0.0,0.0,0.0,37.2,4.63,10.4,70,0,25940.0,1,0.168,0.0,2270.0,0,0.0,0,0,0.0,-1,-1,-1,-1,0.0,0.0
2026-07-01T09:00,0.0,0.0,0.0,0.0,37.5,4.9,10.4,70,0,25960.0,1,0.164,0.0,2495.0,0,0.0,0,0,0.0,-1,-1,-1,-1,0.0,0.0
2026-07-01T10:00,0.0,0.0,0.0,0.0,37.4,5.14,10.6,63,0,25960.0,1,0.16,0.0,2375.0,0,0.0,0,0,0.0,-1,-1,-1,-1,0.0,0.0
2026-07-01T11:00,0.0,0.0,0.0,0.0,37.0,5.34,10.6,58,0,25960.0,1,0.158,0.0,1695.0,0,0.0,0,0,0.0,-1,-1,-1,-1,0.0,0.0
2026-07-01T12:00,0.0,0.0,0.0,0.0,37.0,5.05,10.6,63,0,25960.0,1,0.159,0.0,1515.0,0,0.0,0,0,0.0,-1,-1,-1,-1,0.0,0.0
2026-07-01T13:00,0.0,0.0,0.0,0.0,35.2,4.71,9.6,48,0,25960.0,1,0.157,0.0,965.0,0,0.0,0,0,0.0,-1,-1,-1,-1,0.0,0.0
2026-07-01T14:00,0.0,0.0,0.0,0.0,32.8,4.07,8.4,29,0,25960.0,0,0.156,0.0,325.0,0,0.0,0,0,0.0,-1,-1,-1,-1,0.0,0.0
2026-07-01T15:00,0.0,0.0,0.0,0.0,31.9,4.01,7.3,31,0,25960.0,0,0.156,0.0,255.0,0,0.0,0,0,0.0,-1,-1,-1,-1,0.0,0.0
2026-07-01T16:00,0.0,0.0,0.0,0.0,32.1,4.63,8.2,45,0,25940.0,0,0.155,0.0,420.0,0,0.0,0,0,0.0,-1,-1,-1,-1,0.0,0.0
2026-07-01T17:00,0.0,0.0,0.0,0.0,31.7,4.52,8.5,52,0,25940.0,0,0.154,0.0,380.0,0,0.0,0,0,0.0,-1,-1,-1,-1,0.0,0.0
2026-07-01T18:00,0.0,0.0,0.0,0.0,30.4,3.29,8.0,46,0,25940.0,0,0.169,0.0,280.0,0,0.0,0,0,0.0,-1,-1,-1,-1,0.0,0.0
2026-07-01T19:00,0.0,0.0,0.0,0.0,30.4,4.31,7.4,45,0,25960.0,0,0.168,0.0,295.0,0,0.0,0,0,0.0,-1,-1,-1,-1,0.0,0.0
2026-07-01T20:00,0.0,0.0,0.0,0.0,29.9,4.64,8.3,49,0,25960.0,0,0.167,0.0,325.0,0,0.0,0,0,0.0,-1,-1,-1,-1,0.0,0.0
2026-07-01T21:00,0.0,0.0,0.0,0.0,29.1,4.4,8.2,51,0,25960.0,0,0.166,0.0,255.0,0,0.0,0,0,0.0,-1,-1,-1,-1,0.0,0.0
2026-07-01T22:00,0.0,0.0,0.0,0.0,28.5,4.3,7.8,61,0,25960.0,0,0.165,0.0,230.0,0,0.0,0,0,0.0,-1,-1,-1,-1,0.0,0.0
2026-07-01T23:00,0.0,0.0,0.0,0.0,28.8,5.23,9.1,56,0,25960.0,1,0.165,0.0,295.0,0,0.0,0,0,0.0,-1,-1,-1,-1,0.0,0.0
2026-07-02T00:00,0.0,0.0,0.0,0.0,30.9,4.68,9.8,48,0,25960.0,1,0.167,0.0,400.0,0,0.0,0,0,0.0,-1,-1,-1,-1,0.0,0.0
2026-07-02T01:00,0.0,0.0,0.0,0.0,33.4,5.15,9.5,51,0,26000.0,1,0.165,0.0,815.0,0,0.0,0,0,0.0,-1,-1,-1,-1,0.0,0.0
2026-07-02T02:00,0.0,0.0,0.0,0.0,34.8,5.5,10.1,59,0,26000.0,1,0.163,0.0,1165.0,0,0.0,0,0,0.0,-1,-1,-1,-1,0.0,0.0
2026-07-02T03:00,0.0,0.0,0.0,0.0,36.5,5.93,11.7,53,6,26000.0,1,0.16,0.0,1505.0,0,0.0,0,0,0.0,-1,-1,-1,-1,0.0,0.0
2026-07-02T04:00,0.0,0.0,0.0,0.0,37.8,5.97,12.1,59,16,26000.0,1,0.157,0.0,2090.0,0,0.0,0,0,0.0,-1,-1,-1,-1,0.0,0.0
2026-07-02T05:00,0.0,0.0,0.0,0.0,38.9,5.97,12.5,62,40,26000.0,1,0.154,0.0,3605.0,0,0.0,1,0,0.0,-1,-1,-1,-1,0.0,0.0
2026-07-02T06:00,0.0,0.0,0.0,0.0,39.5,5.15,12.4,61,66,26000.0,1,0.163,0.0,3485.0,0,0.0,2,0,0.0,-1,-1,-1,-1,0.0,0.0
2026-07-02T07:00,0.0,0.0,0.0,0.0,40.1,4.71,10.9,68,67,26000.0,1,0.159,0.0,3465.0,0,0.0,2,0,0.0,-1,-1,-1,-1,0.0,0.0
2026-07-02T08:00,0.0,0.0,0.0,0.0,40.5,4.61,10.3,77,61,26020.0,1,0.155,0.0,3485.0,0,0.0,2,0,0.0,-1,-1,-1,-1,0.0,0.0
2026-07-02T09:00,0.0,0.0,0.0,0.0,40.4,4.09,10.1,82,100,26040.0,1,0.152,0.0,3325.0,0,0.0,3,0,0.0,-1,-1,-1,-1,0.0,0.0
2026-07-02T10:00,0.0,0.0,0.0,0.0,39.6,3.78,9.0,66,100,26040.0,1,0.149,0.0,3060.0,0,0.0,3,0,0.0,-1,-1,-1,-1,0.0,0.0
2026-07-02T11:00,0.0,0.0,0.0,0.0,39.7,4.01,8.4,51,19,26040.0,1,0.147,0.0,2880.0,0,0.0,0,0,0.0,-1,-1,-1,-1,0.0,0.0
2026-07-02T12:00,0.0,0.0,0.0,0.0,38.9,3.93,8.2,53,93,26040.0,1,0.142,0.0,1265.0,0,0.0,3,0,0.0,-1,-1,-1,-1,0.0,0.0
2026-07-02T13:00,0.0,0.0,0.0,0.0,37.3,4.17,7.9,47,86,26040.0,1,0.141,0.0,600.0,0,0.0,3,0,0.0,-1,-1,-1,-1,0.0,0.0
2026-07-02T14:00,0.0,0.0,0.0,0.0,35.2,3.85,7.5,52,89,26020.0,0,0.14,0.0,290.0,0,0.0,3,0,0.0,-1,-1,-1,-1,0.0,0.0
2026-07-02T15:00,0.0,0.0,0.0,0.0,34.9,4.56,7.9,47,80,26020.0,0,0.139,0.0,440.0,0,0.0,3,0,0.0,-1,-1,-1,-1,0.0,0.0
2026-07-02T16:00,0.0,0.0,0.0,0.0,34.3,4.63,8.3,57,77,26040.0,0,0.138,0.0,345.0,0,0.0,2,0,0.0,-1,-1,-1,-1,0.0,0.0
2026-07-02T17:00,0.0,0.0,0.0,0.0,33.9,4.56,8.2,45,100,26040.0,0,0.137,0.0,335.0,0,0.0,3,0,0.0,-1,-1,-1,-1,0.0,0.0
2026-07-02T18:00,0.0,0.0,0.0,0.0,33.0,3.29,8.3,44,99,26040.0,0,0.136,0.0,345.0,0,0.0,3,0,0.0,-1,-1,-1,-1,0.0,0.0
2026-07-02T19:00,0.0,0.0,0.0,0.0,33.9,5.34,9.3,45,45,26040.0,0,0.135,0.0,530.0,0,0.0,1,0,0.0,-1,-1,-1,-1,0.0,0.0
2026-07-02T20:00,0.0,0.0,0.0,0.0,33.4,5.55,10.0,46,76,26040.0,0,0.135,0.0,495.0,0,0.0,2,0,0.0,-1,-1,-1,-1,0.0,0.0
2026-07-02T21:00,0.0,0.0,0.0,0.0,33.2,5.27,10.0,46,84,26040.0,0,0.134,0.0,460.0,0,0.0,3,0,0.0,-1,-1,-1,-1,0.0,0.0
2026-07-02T22:00,0.0,0.0,0.0,0.0,33.3,4.79,9.4,50,63,26040.0,0,0.133,0.0,460.0,0,0.0,2,0,0.0,-1,-1,-1,-1,0.0,0.0
2026-07-02T23:00,0.0,0.0,0.0,0.0,32.3,4.55,8.6,51,76,26040.0,1,0.132,0.0,325.0,0,0.0,2,0,0.0,-1,-1,-1,-1,0.0,0.0
2026-07-03T00:00,0.0,0.0,0.0,0.0,31.3,2.75,8.9,57,44,26060.0,1,0.142,0.0,130.0,0,0.0,1,0,0.0,-1,-1,-1,-1,0.0,0.0
2026-07-03T01:00,0.0,0.0,0.0,0.0,34.4,4.0,7.1,58,87,26060.0,1,0.141,0.0,330.0,0,0.0,3,0,0.0,-1,-1,-1,-1,0.0,0.0
2026-07-03T02:00,0.0,0.0,0.0,0.0,36.8,4.74,9.0,61,99,26060.0,1,0.14,0.0,940.0,0,0.0,3,0,0.0,-1,-1,-1,-1,0.0,0.0
2026-07-03T03:00,0.0,0.0,0.0,0.0,38.3,6.43,11.9,51,98,26060.0,1,0.138,0.0,1255.0,0,0.0,3,0,0.0,-1,-1,-1,-1,0.0,0.0
2026-07-03T04:00,0.0,0.0,0.0,0.0,39.2,7.11,13.9,44,100,26060.0,1,0.136,0.0,1540.0,0,0.0,3,0,0.0,-1,-1,-1,-1,0.0,0.0
2026-07-03T05:00,0.0,0.0,0.0,0.0,37.6,5.73,13.8,46,100,26060.0,1,0.135,0.0,1365.0,0,0.0,3,0,0.0,-1,-1,-1,-1,0.0,0.0
2026-07-03T06:00,0.0,0.0,0.0,0.0,38.2,5.82,11.2,55,100,26060.0,1,0.14,0.0,1630.0,0,0.0,3,0,0.0,-1,-1,-1,-1,0.0,0.0
2026-07-03T07:00,0.0,0.0,0.0,0.0,39.5,6.0,11.8,50,100,26080.0,1,0.138,0.0,2040.0,0,0.0,3,0,0.0,-1,-1,-1,-1,0.0,0.0
2026-07-03T08:00,0.0,0.0,0.0,0.0,40.6,5.79,12.0,50,100,26080.0,1,0.136,0.0,2500.0,0,0.0,3,0,0.0,-1,-1,-1,-1,0.0,0.0
2026-07-03T09:00,0.0,0.0,0.0,0.0,40.4,5.42,11.7,57,98,26100.0,1,0.134,0.0,3640.0,0,0.0,3,0,0.0,-1,-1,-1,-1,0.0,0.0
2026-07-03T10:00,0.0,0.0,0.0,0.0,40.8,5.93,11.3,65,81,26100.0,1,0.132,0.0,3845.0,0,0.0,3,0,0.0,-1,-1,-1,-1,0.0,0.0
2026-07-03T11:00,0.0,0.0,0.0,0.0,40.2,5.8,12.3,47,46,26080.0,1,0.13,0.0,3190.0,0,0.0,1,0,0.0,-1,-1,-1,-1,0.0,0.0
2026-07-03T12:00,0.0,0.0,0.0,0.0,40.0,3.49,11.2,27,100,26080.0,1,0.119,0.0,2345.0,0,0.0,3,0,0.0,-1,-1,-1,-1,0.0,0.0
2026-07-03T13:00,0.0,0.0,0.0,0.0,36.7,1.99,6.7,12,77,26080.0,1,0.118,0.0,200.0,0,0.0,2,0,0.0,-1,-1,-1,-1,0.0,0.0
2026-07-03T14:00,0.0,0.0,0.0,0.0,35.1,2.34,3.6,11,56,26080.0,0,0.118,0.0,150.0,0,0.0,2,0,0.0,-1,-1,-1,-1,0.0,0.0
2026-07-03T15:00,0.0,0.0,0.0,0.0,34.7,2.87,4.9,23,4,26100.0,0,0.117,0.0,150.0,0,0.0,0,0,0.0,-1,-1,-1,-1,0.0,0.0
2026-07-03T16:00,0.0,0.0,0.0,0.0,34.5,4.15,7.2,34,11,26100.0,0,0.117,0.0,275.0,0,0.0,0,0,0.0,-1,-1,-1,-1,0.0,0.0
2026-07-03T17:00,0.0,0.0,0.0,0.0,34.9,4.81,8.4,38,16,26100.0,0,0.117,0.0,425.0,0,0.0,0,0,0.0,-1,-1,-1,-1,0.0,0.0
2026-07-03T18:00,0.0,0.0,0.0,0.0,34.3,5.14,9.7,41,17,26100.0,0,0.116,0.0,445.0,0,0.0,0,0,0.0,-1,-1,-1,-1,0.0,0.0
2026-07-03T19:00,0.0,0.0,0.0,0.0,34.4,5.69,10.2,45,18,26100.0,0,0.116,0.0,505.0,0,0.0,0,0,0.0,-1,-1,-1,-1,0.0,0.0
2026-07-03T20:00,0.0,0.0,0.0,0.0,34.7,6.09,10.9,42,38,26100.0,0,0.116,0.0,625.0,0,0.0,1,0,0.0,-1,-1,-1,-1,0.0,0.0
2026-07-03T21:00,0.0,0.0,0.0,0.0,34.9,5.99,11.6,33,83,26100.0,0,0.115,0.0,635.0,0,0.0,3,0,0.0,-1,-1,-1,-1,0.0,0.0
2026-07-03T22:00,0.0,0.0,0.0,0.0,34.8,5.58,11.0,33,84,26120.0,0,0.115,0.0,625.0,0,0.0,3,0,0.0,-1,-1,-1,-1,0.0,0.0
2026-07-03T23:00,0.0,0.0,0.0,0.0,33.6,5.16,10.2,43,73,26120.0,1,0.115,0.0,535.0,0,0.0,2,0,0.0,-1,-1,-1,-1,0.0,0.0
2026-07-04T00:00,0.0,0.0,0.0,0.0,33.7,4.88,9.5,45,9,26120.0,1,0.122,0.0,405.0,0,0.0,0,0,0.0,-1,-1,-1,-1,0.0,0.0
2026-07-04T01:00,0.0,0.0,0.0,0.0,36.7,6.58,12.0,39,4,26120.0,1,0.122,0.0,860.0,0,0.0,0,0,0.0,-1,-1,-1,-1,0.0,0.0
2026-07-04T02:00,0.0,0.0,0.0,0.0,38.2,6.9,12.5,44,27,26120.0,1,0.121,0.0,1025.0,0,0.0,1,0,0.0,-1,-1,-1,-1,0.0,0.0
2026-07-04T03:00,0.0,0.0,0.0,0.0,39.5,8.52,16.2,44,51,26120.0,1,0.12,0.0,1175.0,0,0.0,2,0,0.0,-1,-1,-1,-1,0.0,0.0
2026-07-04T04:00,0.0,0.0,0.0,0.0,40.2,8.84,17.0,50,21,26120.0,1,0.118,0.0,1285.0,0,0.0,1,0,0.0,-1,-1,-1,-1,0.0,0.0
2026-07-04T05:00,0.0,0.0,0.0,0.0,41.0,8.7,17.1,54,20,26120.0,1,0.117,0.0,1560.0,0,0.0,1,0,0.0,-1,-1,-1,-1,0.0,0.0
2026-07-04T06:00,0.0,0.0,0.0,0.0,41.9,8.17,16.9,54,13,26140.0,1,0.126,0.0,2210.0,0,0.0,0,0,0.0,-1,-1,-1,-1,0.0,0.0
2026-07-04T07:00,0.0,0.0,0.0,0.0,42.5,7.41,16.0,61,44,26140.0,1,0.124,0.0,2700.0,0,0.0,1,0,0.0,-1,-1,-1,-1,0.0,0.0
2026-07-04T08:00,0.0,0.0,0.0,0.0,43.0,6.29,14.8,65,38,26140.0,1,0.122,0.0,3045.0,0,0.0,1,0,0.0,-1,-1,-1,-1,0.0,0.0
2026-07-04T09:00,0.0,0.0,0.0,0.0,43.6,5.73,12.8,62,36,26160.0,1,0.121,0.0,3605.0,0,0.0,1,0,0.0,-1,-1,-1,-1,0.0,0.0
2026-07-04T10:00,0.0,0.0,0.0,0.0,43.8,6.46,12.8,63,2,26160.0,1,0.119,0.0,3900.0,0,0.0,0,0,0.0,-1,-1,-1,-1,0.0,0.0
2026-07-04T11:00,0.0,0.0,0.0,0.0,43.4,7.58,14.3,64,2,26160.0,1,0.118,0.0,4115.0,0,0.0,0,0,0.0,-1,-1,-1,-1,0.0,0.0
2026-07-04T12:00,0.0,0.0,0.0,0.0,43.0,7.54,15.1,57,70,26180.0,1,0.111,0.0,3630.0,0,0.0,2,0,0.0,-1,-1,-1,-1,0.0,0.0
2026-07-04T13:00,0.0,0.0,0.0,0.0,41.1,7.77,14.5,52,62,26160.0,1,0.111,0.0,1935.0,0,0.0,2,0,0.0,-1,-1,-1,-1,0.0,0.0
2026-07-04T14:00,0.0,0.0,0.0,0.0,38.8,7.75,14.4,51,84,26160.0,0,0.111,0.0,1205.0,0,0.0,3,0,0.0,-1,-1,-1,-1,0.0,0.0
2026-07-04T15:00,0.0,0.0,0.0,0.0,37.7,7.98,15.1,54,99,26160.0,0,0.111,0.0,925.0,0,0.0,3,0,0.0,-1,-1,-1,-1,0.0,0.0
2026-07-04T16:00,0.0,0.0,0.0,0.0,37.4,7.22,14.6,43,100,26160.0,0,0.111,0.0,790.0,0,0.0,3,0,0.0,-1,-1,-1,-1,0.0,0.0
2026-07-04T17:00,0.0,0.0,0.0,0.0,37.3,7.77,14.1,38,98,26160.0,0,0.111,0.0,770.0,0,0.0,3,0,0.0,-1,-1,-1,-1,0.0,0.0
2026-07-04T18:00,0.0,0.0,0.0,0.0,37.4,7.71,14.5,44,100,26160.0,0,0.111,0.0,975.0,0,0.0,3,0,0.0,-1,-1,-1,-1,0.0,0.0
2026-07-04T19:00,0.0,0.0,0.0,0.0,37.2,7.6,14.0,46,33,26160.0,0,0.111,0.0,925.0,0,0.0,1,0,0.0,-1,-1,-1,-1,0.0,0.0
2026-07-04T20:00,0.0,0.0,0.0,0.0,36.5,7.39,13.8,53,91,26160.0,0,0.111,0.0,850.0,0,0.0,3,0,0.0,-1,-1,-1,-1,0.0,0.0
2026-07-04T21:00,0.0,0.0,0.0,0.0,34.9,7.2,13.3,57,100,26180.0,0,0.111,0.0,745.0,0,0.0,3,0,0.0,-1,-1,-1,-1,0.0,0.0
2026-07-04T22:00,0.0,0.0,0.0,0.0,34.1,7.89,14.3,57,100,26140.0,0,0.111,0.0,715.0,0,0.0,3,0,0.0,-1,-1,-1,-1,0.0,0.0
2026-07-04T23:00,0.0,0.0,0.0,0.0,33.8,7.99,14.6,50,100,26180.0,1,0.111,0.0,730.0,0,0.0,3,0,0.0,-1,-1,-1,-1,0.0,0.0
2026-07-05T00:00,0.0,0.0,0.0,0.0,34.1,6.36,14.6,60,100,26180.0,1,0.111,0.0,490.0,0,0.0,3,0,0.0,-1,-1,-1,-1,0.0,0.0
2026-07-05T01:00,0.0,0.0,0.0,0.0,34.7,6.76,12.9,48,100,26180.0,1,0.111,0.0,595.0,0,0.0,3,0,0.0,-1,-1,-1,-1,0.0,0.0
2026-07-05T02:00,0.0,0.0,0.0,0.0,35.4,6.52,12.6,41,100,26180.0,1,0.111,0.0,665.0,0,0.0,3,0,0.0,-1,-1,-1,-1,0.0,0.0
2026-07-05T03:00,0.0,0.0,0.0,0.0,36.7,6.86,12.8,43,95,26180.0,1,0.111,0.0,820.0,0,0.0,3,0,0.0,-1,-1,-1,-1,0.0,0.0
2026-07-05T04:00,0.0,0.0,0.0,0.0,38.2,7.81,14.9,45,98,26200.0,1,0.111,10.0,1025.0,0,0.0,3,0,0.0,-1,-1,-1,-1,0.0,0.0
2026-07-05T05:00,0.0,0.0,0.0,0.0,38.3,7.5,15.1,46,95,26200.0,1,0.111,30.0,1015.0,0,0.0,3,0,0.0,-1,-1,-1,-1,0.0,0.0
2026-07-05T06:00,0.0,0.0,0.0,0.0,40.1,7.69,15.5,58,100,26200.0,1,0.111,60.0,2455.0,0,0.0,3,0,0.0,-1,-1,-1,-1,0.0,0.0
2026-07-05T07:00,0.0,0.0,0.0,0.0,39.1,7.17,14.3,55,100,26200.0,1,0.111,40.0,1250.0,0,0.0,3,0,0.0,-1,-1,-1,-1,0.0,0.0
2026-07-05T08:00,0.0,0.0,0.0,0.0,38.6,6.72,13.6,51,98,26200.0,1,0.111,20.0,1090.0,0,0.0,3,0,0.0,-1,-1,-1,-1,0.0,0.0
2026-07-05T09:00,0.0,0.0,0.0,0.0,40.2,6.07,13.2,53,98,26200.0,1,0.111,30.0,2445.0,0,0.0,3,0,0.0,-1,-1,-1,-1,0.0,0.0
2026-07-05T10:00,0.0,0.0,0.0,0.0,40.4,6.14,12.1,40,97,26200.0,1,0.111,20.0,1745.0,0,0.0,3,0,0.0,-1,-1,-1,-1,0.0,0.0
2026-07-05T11:00,0.0,0.0,0.0,0.0,39.8,6.44,12.3,42,77,26200.0,1,0.111,10.0,1970.0,0,0.0,2,0,0.0,-1,-1,-1,-1,0.0,0.0
2026-07-05T12:00,0.0,0.0,0.0,0.0,40.2,6.1,12.1,40,77,26220.0,1,0.111,0.0,1710.0,0,0.0,2,0,0.0,-1,-1,-1,-1,0.0,0.0
2026-07-05T13:00,0.0,0.0,0.0,0.0,38.8,6.58,12.2,47,100,26220.0,1,0.111,0.0,1525.0,0,0.0,3,0,0.0,-1,-1,-1,-1,0.0,0.0
2026-07-05T14:00,0.0,0.0,0.0,0.0,37.8,6.59,12.3,52,38,26220.0,0,0.111,10.0,1125.0,0,0.0,1,0,0.0,-1,-1,-1,-1,0.0,0.0
2026-07-05T15:00,0.0,0.0,0.0,0.0,37.1,6.79,12.2,51,40,26220.0,0,0.111,120.0,1105.0,0,0.0,1,0,0.0,-1,-1,-1,-1,0.0,0.0
2026-07-05T16:00,0.0,0.0,0.0,0.0,35.4,7.25,13.2,62,77,26220.0,0,0.111,0.0,1040.0,0,0.0,2,0,0.0,-1,-1,-1,-1,0.0,0.0
2026-07-05T17:00,0.0,0.0,0.0,0.0,35.7,7.58,13.7,48,36,26220.0,0,0.111,0.0,1200.0,0,0.0,1,0,0.0,-1,-1,-1,-1,0.0,0.0
2026-07-05T18:00,0.0,0.0,0.0,0.0,35.6,8.42,17.3,21,34,26220.0,0,0.11,0.0,1135.0,0,0.0,1,0,0.0,-1,-1,-1,-1,0.0,0.0
2026-07-05T19:00,0.0,0.0,0.0,0.0,34.7,7.73,15.3,18,42,26220.0,0,0.11,100.0,710.0,0,0.0,1,0,0.0,-1,-1,-1,-1,0.0,0.0
2026-07-05T20:00,0.0,0.0,0.0,0.0,35.0,7.65,14.2,22,64,26240.0,0,0.11,0.0,1055.0,0,0.0,2,0,0.0,-1,-1,-1,-1,0.0,0.0
2026-07-05T21:00,0.0,0.0,0.0,0.0,34.3,6.54,13.9,29,48,26240.0,0,0.11,0.0,950.0,0,0.0,1,0,0.0,-1,-1,-1,-1,0.0,0.0
2026-07-05T22:00,0.0,0.0,0.0,0.0,33.6,7.08,12.7,31,14,26240.0,0,0.11,0.0,890.0,0,0.0,0,0,0.0,-1,-1,-1,-1,0.0,0.0
2026-07-05T23:00,0.0,0.0,0.0,0.0,33.5,7.43,13.3,35,13,26240.0,1,0.11,0.0,880.0,0,0.0,0,0,0.0,-1,-1,-1,-1,0.0,0.0
2026-07-06T00:00,0.0,0.0,0.0,0.0,33.5,7.54,14.6,25,39,26240.0,1,0.11,0.0,1215.0,0,0.0,1,0,0.0,-1,-1,-1,-1,0.0,0.0
2026-07-06T01:00,0.0,0.0,0.0,0.0,34.0,6.56,15.6,38,0,26220.0,1,0.11,0.0,1285.0,0,0.0,0,0,0.0,-1,-1,-1,-1,0.0,0.0
2026-07-06T02:00,0.0,0.0,0.0,0.0,36.0,9.15,16.8,28,6,26240.0,1,0.11,0.0,1485.0,0,0.0,0,0,0.0,-1,-1,-1,-1,0.0,0.0
2026-07-06T03:00,0.0,0.0,0.0,0.0,37.0,9.48,18.0,32,0,26260.0,1,0.11,0.0,1710.0,0,0.0,0,0,0.0,-1,-1,-1,-1,0.0,0.0
2026-07-06T04:00,0.0,0.0,0.0,0.0,37.8,9.08,18.3,38,0,26260.0,1,0.11,0.0,2015.0,0,0.0,0,0,0.0,-1,-1,-1,-1,0.0,0.0
2026-07-06T05:00,0.0,0.0,0.0,0.0,38.8,8.45,17.7,46,0,26260.0,1,0.11,0.0,2120.0,0,0.0,0,0,0.0,-1,-1,-1,-1,0.0,0.0
2026-07-06T06:00,0.0,0.0,0.0,0.0,39.8,6.96,16.7,55,9,26260.0,1,0.11,50.0,2510.0,0,0.0,0,0,0.0,-1,-1,-1,-1,0.0,0.0
2026-07-06T07:00,0.0,0.0,0.0,0.0,39.8,6.39,14.2,67,30,26260.0,1,0.11,60.0,2555.0,0,0.0,1,0,0.0,-1,-1,-1,-1,0.0,0.0
2026-07-06T08:00,0.0,0.0,0.0,0.0,39.8,5.93,13.4,69,13,26260.0,1,0.11,60.0,2500.0,0,0.0,0,0,0.0,-1,-1,-1,-1,0.0,0.0
2026-07-06T09:00,0.0,0.0,0.0,0.0,40.2,5.52,12.5,69,8,26260.0,1,0.11,60.0,2340.0,0,0.0,0,0,0.0,-1,-1,-1,-1,0.0,0.0
2026-07-06T10:00,0.0,0.0,0.0,0.0,39.9,5.95,12.3,69,4,26280.0,1,0.11,30.0,2380.0,0,0.0,0,0,0.0,-1,-1,-1,-1,0.0,0.0
2026-07-06T11:00,0.0,0.0,0.0,0.0,39.4,5.49,12.2,67,8,26280.0,1,0.11,30.0,2260.0,0,0.0,0,0,0.0,-1,-1,-1,-1,0.0,0.0
2026-07-06T12:00,0.0,0.0,0.0,0.0,39.5,5.76,11.1,67,63,26280.0,1,0.11,0.0,2245.0,0,0.0,2,0,0.0,-1,-1,-1,-1,0.0,0.0
2026-07-06T13:00,0.0,0.0,0.0,0.0,37.6,5.99,10.9,68,67,26280.0,1,0.11,30.0,1375.0,0,0.0,2,0,0.0,-1,-1,-1,-1,0.0,0.0
2026-07-06T14:00,0.0,0.0,0.0,0.0,35.7,6.04,11.8,62,80,26260.0,0,0.11,10.0,685.0,0,0.0,3,0,0.0,-1,-1,-1,-1,0.0,0.0
2026-07-06T15:00,0.0,0.0,0.0,0.0,34.9,5.81,11.0,52,29,26260.0,0,0.11,0.0,610.0,0,0.0,1,0,0.0,-1,-1,-1,-1,0.0,0.0
2026-07-06T16:00,0.0,0.0,0.0,0.0,33.8,4.72,10.5,34,97,26260.0,0,0.11,30.0,575.0,0,0.0,3,0,0.0,-1,-1,-1,-1,0.0,0.0
2026-07-06T17:00,0.0,0.0,0.0,0.0,33.7,6.04,11.0,29,75,26260.0,0,0.11,20.0,720.0,0,0.0,2,0,0.0,-1,-1,-1,-1,0.0,0.0
2026-07-06T18:00,0.0,0.0,0.0,0.0,33.0,6.5,12.8,39,26,26260.0,0,0.11,10.0,855.0,0,0.0,1,0,0.0,-1,-1,-1,-1,0.0,0.0
2026-07-06T19:00,0.0,0.0,0.0,0.0,33.1,8.06,14.4,44,67,26260.0,0,0.11,10.0,1075.0,0,0.0,2,0,0.0,-1,-1,-1,-1,0.0,0.0
2026-07-06T20:00,0.0,0.0,0.0,0.0,32.6,7.99,14.9,47,68,26260.0,0,0.11,10.0,1040.0,0,0.0,2,0,0.0,-1,-1,-1,-1,0.0,0.0
2026-07-06T21:00,0.0,0.0,0.0,0.0,32.0,7.6,14.5,53,49,26280.0,0,0.11,0.0,940.0,0,0.0,1,0,0.0,-1,-1,-1,-1,0.0,0.0
2026-07-06T22:00,0.0,0.0,0.0,0.0,31.6,6.6,14.0,62,65,26280.0,0,0.11,0.0,670.0,0,0.0,2,0,0.0,-1,-1,-1,-1,0.0,0.0
2026-07-06T23:00,0.0,0.0,0.0,0.0,31.4,6.13,12.0,64,66,26300.0,1,0.11,0.0,545.0,0,0.0,2,0,0.0,-1,-1,-1,-1,0.0,0.0
2026-07-07T00:00,0.0,0.0,0.0,0.0,31.9,5.61,11.2,37,100,14400.0,1,0.11,0.0,510.0,0,0.0,3,0,0.0,-1,-1,-1,-1,0.0,0.0
2026-07-07T01:00,0.0,0.0,0.0,0.0,31.4,4.57,10.3,42,100,26280.0,1,0.11,0.0,540.0,0,0.0,3,0,0.0,-1,-1,-1,-1,0.0,0.0
2026-07-07T02:00,0.0,0.0,0.0,0.0,32.5,5.44,10.1,45,100,26280.0,1,0.11,0.0,760.0,0,0.0,3,0,0.0,-1,-1,-1,-1,0.0,0.0
2026-07-07T03:00,0.0,0.0,0.0,0.0,32.1,5.94,11.2,33,99,26280.0,1,0.11,0.0,575.0,0,0.0,3,0,0.0,-1,-1,-1,-1,0.0,0.0
2026-07-07T04:00,0.0,0.0,0.0,0.0,33.7,6.55,12.9,17,100,26300.0,1,0.11,0.0,860.0,0,0.0,3,0,0.0,-1,-1,-1,-1,0.0,0.0
2026-07-07T05:00,0.0,0.0,0.0,0.0,33.7,6.17,12.9,22,100,26300.0,1,0.11,0.0,1075.0,0,0.0,3,0,0.0,-1,-1,-1,-1,0.0,0.0
2026-07-07T06:00,0.0,0.0,0.0,0.0,34.0,6.69,14.3,14,100,26320.0,1,0.11,0.0,1280.0,0,0.0,3,0,0.0,-1,-1,-1,-1,0.0,0.0
2026-07-07T07:00,0.0,0.0,0.0,0.0,34.1,6.47,12.8,8,100,26300.0,1,0.11,0.0,1195.0,0,0.0,3,0,0.0,-1,-1,-1,-1,0.0,0.0
2026-07-07T08:00,0.0,0.0,0.0,0.0,33.7,5.55,12.8,1,100,26300.0,1,0.11,0.0,1015.0,0,0.0,3,0,0.0,-1,-1,-1,-1,0.0,0.0
2026-07-07T09:00,0.0,0.0,0.0,0.0,33.1,5.1,11.2,358,100,26300.0,1,0.11,0.0,850.0,0,0.0,3,0,0.0,-1,-1,-1,-1,0.0,0.0
2026-07-07T10:00,0.0,0.0,0.0,0.0,32.3,4.71,10.3,356,100,26300.0,1,0.11,0.0,740.0,0,0.0,3,0,0.0,-1,-1,-1,-1,0.0,0.0
2026-07-07T11:00,0.0,0.0,0.0,0.0,32.2,4.7,9.4,9,100,26300.0,1,0.11,0.0,710.0,0,0.0,3,0,0.0,-1,-1,-1,-1,0.0,0.0
2026-07-07T12:00,0.0,0.0,0.0,0.0,30.4,4.88,9.3,6,100,26280.0,1,0.111,0.0,500.0,0,0.0,3,0,0.0,-1,-1,-1,-1,0.0,0.0
2026-07-07T13:00,0.0,0.0,0.0,0.0,29.7,4.37,9.4,11,100,26280.0,1,0.111,0.0,505.0,0,0.0,3,0,0.0,-1,-1,-1,-1,0.0,0.0
2026-07-07T14:00,0.0,0.0,0.0,0.0,29.5,4.35,8.4,15,100,26300.0,0,0.111,0.0,600.0,0,0.0,3,0,0.0,-1,-1,-1,-1,0.0,0.0
2026-07-07T15:00,0.0,0.0,0.0,0.0,29.2,5.73,10.5,38,100,9080.0,0,0.111,0.0,585.0,0,0.0,3,0,0.0,-1,-1,-1,-1,0.0,0.0
2026-07-07T16:00,0.1,0.0,0.0,0.0,27.8,5.95,10.9,56,100,26300.0,0,0.112,0.0,535.0,0,0.0,51,0,0.1,-1,-1,-1,-1,0.0,0.0
2026-07-07T17:00,0.0,0.0,0.0,0.0,27.4,5.15,11.0,39,100,26300.0,0,0.112,0.0,430.0,0,0.0,3,0,0.0,-1,-1,-1,-1,0.0,0.0
2026-07-07T18:00,0.0,0.0,0.0,0.0,27.2,3.5,9.5,44,100,25420.0,0,0.112,0.0,300.0,0,0.0,3,0,0.0,-1,-1,-1,-1,0.0,0.0
2026-07-07T19:00,0.0,0.0,0.0,0.0,26.9,4.15,7.6,49,100,25420.0,0,0.112,0.0,290.0,0,0.0,3,0,0.0,-1,-1,-1,-1,0.0,0.0
2026-07-07T20:00,0.0,0.0,0.0,0.0,26.7,3.49,7.6,63,100,25420.0,0,0.112,0.0,240.0,0,0.0,3,0,0.0,-1,-1,-1,-1,0.0,0.0
2026-07-07T21:00,0.0,0.0,0.0,0.0,26.5,2.9,6.4,58,100,25420.0,0,0.112,0.0,215.0,0,0.0,3,0,0.0,-1,-1,-1,-1,0.0,0.0
2026-07-07T22:00,0.0,0.0,0.0,0.0,26.4,2.56,5.3,12,100,25440.0,0,0.112,0.0,200.0,0,0.0,3,0,0.0,-1,-1,-1,-1,0.0,0.0
2026-07-07T23:00,0.0,0.0,0.0,0.0,26.0,1.07,4.9,11,100,25440.0,1,0.112,30.0,70.0,0,0.0,3,0,0.0,-1,-1,-1,-1,0.0,0.0
2026-07-08T00:00,0.0,0.0,0.0,0.0,26.6,0.5,1.8,84,100,25440.0,1,0.111,40.0,45.0,0,0.0,3,0,0.0,-1,-1,-1,-1,0.0,0.0
2026-07-08T01:00,0.0,0.0,0.0,0.0,26.5,1.57,2.9,63,100,9860.0,1,0.111,50.0,215.0,0,0.0,3,0,0.0,-1,-1,-1,-1,0.0,0.0
2026-07-08T02:00,0.1,0.0,0.0,0.0,26.8,1.24,3.8,43,100,10700.0,1,0.112,60.0,520.0,0,0.0,51,0,0.1,-1,-1,-1,-1,0.0,0.0
2026-07-08T03:00,0.0,0.0,0.0,0.0,27.1,1.5,4.1,356,100,15920.0,1,0.112,10.0,660.0,0,0.0,3,0,0.0,-1,-1,-1,-1,0.0,0.0
2026-07-08T04:00,0.3,0.0,0.0,0.0,25.9,2.53,5.4,338,100,5540.0,1,0.114,10.0,540.0,0,0.0,51,1,0.3,11,0,1,13,0.0,0
2026-07-08T05:00,0.1,0.0,0.0,0.0,26.5,1.82,5.6,21,100,25440.0,1,0.115,0.0,580.0,0,0.0,51,0,0.1,-1,-1,-1,-1,0.0,0.0
2026-07-08T06:00,0.0,0.0,0.0,0.0,26.6,2.08,5.2,60,100,25440.0,1,0.116,10.0,645.0,0,0.0,3,0,0.0,-1,-1,-1,-1,0.0,0.0
2026-07-08T07:00,0.0,0.0,0.0,0.0,28.3,2.41,6.1,50,100,26340.0,1,0.115,0.0,1355.0,0,0.0,3,0,0.0,-1,-1,-1,-1,0.0,0.0
2026-07-08T08:00,0.0,0.0,0.0,0.0,28.1,3.15,7.2,63,100,26340.0,1,0.115,0.0,1305.0,0,0.0,3,0,0.0,-1,-1,-1,-1,0.0,0.0
2026-07-08T09:00,0.0,0.0,0.0,0.0,28.4,3.76,8.3,65,100,25460.0,1,0.115,0.0,1415.0,0,0.0,3,0,0.0,-1,-1,-1,-1,0.0,0.0
2026-07-08T10:00,0.0,0.0,0.0,0.0,28.0,4.32,8.9,62,100,25460.0,1,0.115,0.0,1385.0,0,0.0,3,0,0.0,-1,-1,-1,-1,0.0,0.0
2026-07-08T11:00,0.0,0.0,0.0,0.0,27.5,4.14,9.1,63,100,25460.0,1,0.115,20.0,1210.0,0,0.0,3,0,0.0,-1,-1,-1,-1,0.0,0.0
2026-07-08T12:00,0.0,0.0,0.0,0.0,29.0,2.43,8.5,81,70,26340.0,1,0.115,0.0,1790.0,0,0.0,2,0,0.0,-1,-1,-1,-1,0.0,0.0
2026-07-08T13:00,0.0,0.0,0.0,0.0,27.8,3.56,6.7,87,70,25460.0,1,0.115,0.0,1270.0,0,0.0,2,0,0.0,-1,-1,-1,-1,0.0,0.0
2026-07-08T14:00,0.0,0.0,0.0,0.0,26.3,4.09,7.4,78,100,25480.0,0,0.115,0.0,520.0,0,0.0,3,0,0.0,-1,-1,-1,-1,0.0,0.0
2026-07-08T15:00,0.0,0.0,0.0,0.0,25.3,3.81,7.7,34,90,24480.0,0,0.115,0.0,300.0,0,0.0,3,0,0.0,-1,-1,-1,-1,0.0,0.0
2026-07-08T16:00,0.0,0.0,0.0,0.0,23.9,3.47,7.2,27,95,16140.0,0,0.115,0.0,215.0,0,0.0,3,0,0.0,-1,-1,-1,-1,0.0,0.0
2026-07-08T17:00,0.2,1.0,0.0,0.0,22.3,2.96,6.3,5,99,4320.0,0,0.117,140.0,255.0,0,0.0,51,0,0.0,-1,-1,-1,-1,0.0,0.0
2026-07-08T18:00,0.7,0.0,0.0,0.0,22.7,2.09,5.5,310,100,4540.0,0,0.134,230.0,310.0,0,0.0,53,1,0.7,12,0,4,3,0.837,0.223
2026-07-08T19:00,2.0,0.85,0.0,0.0,21.6,0.88,4.0,317,100,3300.0,0,0.16,450.0,155.0,0,0.0563,80,1,0.3,12,1,3,3,0.837,0.733
2026-07-08T20:00,3.1,0.968,0.0,0.0,21.0,1.09,2.1,286,100,4580.0,0,0.204,530.0,145.0,0,0.1391,95,1,0.1,12,2,2,3,0.837,0.804
2026-07-08T21:00,0.3,0.0,0.0,0.0,20.8,0.75,2.2,90,98,10920.0,0,0.207,540.0,120.0,0,0.0,51,1,0.3,12,3,1,3,0.837,0.223
2026-07-08T22:00,0.0,0.0,0.0,0.0,20.5,0.54,1.8,124,96,19540.0,0,0.207,480.0,110.0,0,0.0,3,0,0.0,-1,-1,-1,-1,0.0,0.0
2026-07-08T23:00,0.0,0.0,0.0,0.0,20.5,0.3,1.0,81,95,8300.0,1,0.207,480.0,155.0,0,0.0,3,0,0.0,-1,-1,-1,-1,0.0,0.0
2026-07-09T00:00,0.1,0.0,0.0,0.0,21.8,0.76,1.7,328,19,3660.0,1,0.107,1070.0,100.0,0,0.0,51,0,0.1,-1,-1,-1,-1,0.0,0.0
2026-07-09T01:00,0.3,0.0,0.0,0.0,22.6,1.14,3.5,15,97,22640.0,1,0.111,1040.0,290.0,0,0.0,51,1,0.3,13,0,3,6,0.5,0.133
2026-07-09T02:00,0.9,0.0,0.0,0.0,21.9,0.92,3.7,292,70,3200.0,1,0.121,1050.0,240.0,0,0.0,53,1,0.9,13,1,2,6,0.5,0.133
2026-07-09T03:00,0.6,0.333,0.0,0.0,23.4,2.92,7.0,83,52,9620.0,1,0.127,740.0,720.0,0,0.0,53,1,0.4,13,2,1,6,0.5,0.333
2026-07-09T04:00,0.2,0.5,0.0,0.0,25.9,2.95,8.1,92,27,7440.0,1,0.129,630.0,1180.0,0,0.0,51,0,0.1,-1,-1,-1,-1,0.0,0.0
2026-07-09T05:00,0.1,1.0,0.0,0.0,27.6,2.66,8.7,94,17,12600.0,1,0.129,750.0,1475.0,0,0.0,51,0,0.0,-1,-1,-1,-1,0.0,0.0
2026-07-09T06:00,0.0,0.0,0.0,0.0,28.8,2.32,8.5,109,25,25520.0,1,0.151,620.0,1910.0,0,0.0,1,0,0.0,-1,-1,-1,-1,0.0,0.0
2026-07-09T07:00,0.0,0.0,0.0,0.0,29.2,1.3,6.7,122,47,18620.0,1,0.149,610.0,1885.0,0,0.0,1,0,0.0,-1,-1,-1,-1,0.0,0.0
2026-07-09T08:00,0.1,0.0,0.0,0.0,29.7,0.85,5.7,357,23,12320.0,1,0.148,660.0,1885.0,0,0.0,51,0,0.1,-1,-1,-1,-1,0.0,0.0
2026-07-09T09:00,0.0,0.0,0.0,0.0,29.5,1.6,6.4,360,38,5780.0,1,0.146,700.0,1885.0,0,0.0,1,0,0.0,-1,-1,-1,-1,0.0,0.0
2026-07-09T10:00,0.4,0.25,0.0,0.0,29.0,1.93,6.0,323,29,10080.0,1,0.148,700.0,1720.0,0,0.0,51,1,0.3,14,0,2,157,0.386,0.253
2026-07-09T11:00,0.7,0.857,0.0,0.0,28.0,2.33,6.1,325,22,8160.0,1,0.154,370.0,1500.0,0,0.0,53,1,0.1,14,1,1,157,0.386,0.617
2026-07-09T12:00,0.0,0.0,0.0,0.0,29.8,1.13,6.1,45,7,26420.0,1,0.163,370.0,1530.0,0,0.0,0,0,0.0,-1,-1,-1,-1,0.0,0.0
2026-07-09T13:00,0.0,0.0,0.0,0.0,28.2,2.57,4.6,27,41,26420.0,1,0.162,380.0,710.0,0,0.0,1,0,0.0,-1,-1,-1,-1,0.0,0.0
2026-07-09T14:00,0.0,0.0,0.0,0.0,25.8,2.43,5.0,8,62,25540.0,0,0.161,750.0,245.0,0,0.0,2,0,0.0,-1,-1,-1,-1,0.0,0.0
2026-07-09T15:00,0.0,0.0,0.0,0.0,24.6,3.54,5.6,43,16,9780.0,0,0.161,940.0,295.0,0,0.0,0,0,0.0,-1,-1,-1,-1,0.0,0.0
2026-07-09T16:00,0.0,0.0,0.0,0.0,24.2,5.49,9.7,48,0,24540.0,0,0.161,850.0,540.0,0,0.0,0,0,0.0,-1,-1,-1,-1,0.0,0.0
2026-07-09T17:00,0.0,0.0,0.0,0.0,23.5,5.56,10.2,49,0,24540.0,0,0.161,640.0,475.0,0,0.0,0,0,0.0,-1,-1,-1,-1,0.0,0.0
2026-07-09T18:00,0.0,0.0,0.0,0.0,23.0,4.66,9.9,52,0,24540.0,0,0.187,490.0,455.0,0,0.0,0,0,0.0,-1,-1,-1,-1,0.0,0.0
2026-07-09T19:00,0.0,0.0,0.0,0.0,22.5,4.97,9.0,51,0,24540.0,0,0.186,470.0,335.0,0,0.0,0,0,0.0,-1,-1,-1,-1,0.0,0.0
2026-07-09T20:00,0.0,0.0,0.0,0.0,22.0,4.1,8.7,52,0,23700.0,0,0.186,360.0,235.0,0,0.0,0,0,0.0,-1,-1,-1,-1,0.0,0.0
2026-07-09T21:00,0.0,0.0,0.0,0.0,20.6,4.1,7.2,89,37,8780.0,0,0.186,470.0,190.0,0,0.0,1,0,0.0,-1,-1,-1,-1,0.0,0.0
2026-07-09T22:00,0.0,0.0,0.0,0.0,20.6,2.95,7.1,62,1,22680.0,0,0.186,450.0,125.0,0,0.0,0,0,0.0,-1,-1,-1,-1,0.0,0.0
2026-07-09T23:00,0.0,0.0,0.0,0.0,19.7,1.86,5.3,54,0,22680.0,1,0.186,490.0,60.0,0,0.0,0,0,0.0,-1,-1,-1,-1,0.0,0.0
2026-07-10T00:00,0.0,0.0,0.0,0.0,21.2,1.37,3.7,57,8,23720.0,1,0.165,500.0,45.0,0,0.0,0,0,0.0,-1,-1,-1,-1,0.0,0.0
2026-07-10T01:00,0.0,0.0,0.0,0.0,23.6,1.44,3.9,70,5,24560.0,1,0.165,470.0,115.0,0,0.0,0,0,0.0,-1,-1,-1,-1,0.0,0.0
2026-07-10T02:00,0.0,0.0,0.0,0.0,26.2,1.35,4.4,88,12,25560.0,1,0.164,620.0,905.0,0,0.0,0,0,0.0,-1,-1,-1,-1,0.0,0.0
2026-07-10T03:00,0.0,0.0,0.0,0.0,27.9,1.75,5.5,92,22,26460.0,1,0.162,160.0,1420.0,0,0.0,1,0,0.0,-1,-1,-1,-1,0.0,0.0
2026-07-10T04:00,0.0,0.0,0.0,0.0,29.0,1.01,5.6,57,12,26460.0,1,0.16,100.0,1585.0,0,0.0,0,0,0.0,-1,-1,-1,-1,0.0,0.0
2026-07-10T05:00,0.0,0.0,0.0,0.0,30.1,0.42,5.0,315,59,26460.0,1,0.157,160.0,2055.0,0,0.0,2,0,0.0,-1,-1,-1,-1,0.0,0.0
2026-07-10T06:00,0.0,0.0,0.0,0.0,30.4,1.78,5.5,260,31,26480.0,1,0.171,120.0,2250.0,0,0.0,1,0,0.0,-1,-1,-1,-1,0.0,0.0
2026-07-10T07:00,0.0,0.0,0.0,0.0,30.7,2.54,7.0,260,40,14320.0,1,0.168,110.0,2360.0,0,0.0,1,0,0.0,-1,-1,-1,-1,0.0,0.0
2026-07-10T08:00,0.0,0.0,0.0,0.0,30.9,3.04,7.8,279,37,17960.0,1,0.165,160.0,2230.0,0,0.0,1,0,0.0,-1,-1,-1,-1,0.0,0.0
2026-07-10T09:00,0.0,0.0,0.0,0.0,30.9,3.2,7.9,290,45,26500.0,1,0.162,300.0,1965.0,0,0.0,1,0,0.0,-1,-1,-1,-1,0.0,0.0
2026-07-10T10:00,0.0,0.0,0.0,0.0,30.8,3.42,7.9,277,16,26500.0,1,0.159,310.0,1760.0,0,0.0,0,0,0.0,-1,-1,-1,-1,0.0,0.0
2026-07-10T11:00,0.0,0.0,0.0,0.0,30.4,3.51,8.0,281,20,26480.0,1,0.157,320.0,1510.0,0,0.0,1,0,0.0,-1,-1,-1,-1,0.0,0.0
2026-07-10T12:00,0.0,0.0,0.0,0.0,31.2,2.59,7.8,280,7,26500.0,1,0.17,160.0,1120.0,0,0.0,0,0,0.0,-1,-1,-1,-1,0.0,0.0
2026-07-10T13:00,0.0,0.0,0.0,0.0,29.1,1.68,5.1,330,10,26500.0,1,0.168,300.0,170.0,0,0.0,0,0,0.0,-1,-1,-1,-1,0.0,0.0
2026-07-10T14:00,0.0,0.0,0.0,0.0,27.0,0.72,3.0,25,5,26480.0,0,0.168,310.0,40.0,0,0.0,0,0,0.0,-1,-1,-1,-1,0.0,0.0
2026-07-10T15:00,0.0,0.0,0.0,0.0,25.3,1.15,1.7,90,1,26480.0,0,0.168,280.0,35.0,0,0.0,0,0,0.0,-1,-1,-1,-1,0.0,0.0
2026-07-10T16:00,0.0,0.0,0.0,0.0,23.8,1.45,2.6,90,0,25600.0,0,0.168,310.0,35.0,0,0.0,0,0,0.0,-1,-1,-1,-1,0.0,0.0
2026-07-10T17:00,0.0,0.0,0.0,0.0,23.2,1.06,2.2,71,0,25600.0,0,0.167,290.0,30.0,0,0.0,0,0,0.0,-1,-1,-1,-1,0.0,0.0
2026-07-10T18:00,0.0,0.0,0.0,0.0,22.4,1.71,2.7,69,0,25600.0,0,0.197,370.0,45.0,0,0.0,0,0,0.0,-1,-1,-1,-1,0.0,0.0
2026-07-10T19:00,0.0,0.0,0.0,0.0,21.9,1.86,3.3,63,0,24600.0,0,0.196,820.0,45.0,0,0.0,0,0,0.0,-1,-1,-1,-1,0.0,0.0
2026-07-10T20:00,0.0,0.0,0.0,0.0,22.9,3.02,5.3,63,0,24600.0,0,0.196,610.0,90.0,0,0.0,0,0,0.0,-1,-1,-1,-1,0.0,0.0
2026-07-10T21:00,0.0,0.0,0.0,0.0,23.1,3.24,5.7,61,0,25620.0,0,0.195,490.0,100.0,0,0.0,0,0,0.0,-1,-1,-1,-1,0.0,0.0
2026-07-10T22:00,0.0,0.0,0.0,0.0,22.8,3.09,5.8,67,0,25620.0,0,0.195,350.0,90.0,0,0.0,0,0,0.0,-1,-1,-1,-1,0.0,0.0
2026-07-10T23:00,0.0,0.0,0.0,0.0,22.3,3.07,5.5,78,0,25620.0,1,0.194,60.0,100.0,0,0.0,0,0,0.0,-1,-1,-1,-1,0.0,0.0
2026-07-11T00:00,0.0,0.0,0.0,0.0,22.7,3.83,6.3,75,0,25620.0,1,0.187,220.0,120.0,0,0.0,0,0,0.0,-1,-1,-1,-1,0.0,0.0
2026-07-11T01:00,0.0,0.0,0.0,0.0,25.1,3.87,7.3,76,0,25620.0,1,0.186,220.0,185.0,0,0.0,0,0,0.0,-1,-1,-1,-1,0.0,0.0
2026-07-11T02:00,0.0,0.0,0.0,0.0,28.3,2.78,6.7,82,0,26520.0,1,0.184,230.0,855.0,0,0.0,0,0,0.0,-1,-1,-1,-1,0.0,0.0
2026-07-11T03:00,0.0,0.0,0.0,0.0,30.0,2.98,7.0,104,0,26540.0,1,0.181,230.0,1120.0,0,0.0,0,0,0.0,-1,-1,-1,-1,0.0,0.0
2026-07-11T04:00,0.0,0.0,0.0,0.0,31.1,2.86,7.2,126,0,26540.0,1,0.178,210.0,1470.0,0,0.0,0,0,0.0,-1,-1,-1,-1,0.0,0.0
2026-07-11T05:00,0.0,0.0,0.0,0.0,32.3,1.8,7.0,161,0,26560.0,1,0.174,470.0,2455.0,0,0.0,0,0,0.0,-1,-1,-1,-1,0.0,0.0
2026-07-11T06:00,0.0,0.0,0.0,0.0,32.8,1.39,6.0,249,0,26560.0,1,0.179,450.0,2310.0,0,0.0,0,0,0.0,-1,-1,-1,-1,0.0,0.0
2026-07-11T07:00,0.0,0.0,0.0,0.0,33.7,2.45,6.9,272,13,26560.0,1,0.175,480.0,2280.0,0,0.0,0,0,0.0,-1,-1,-1,-1,0.0,0.0
2026-07-11T08:00,0.0,0.0,0.0,0.0,33.8,3.11,7.9,276,16,26560.0,1,0.17,530.0,2205.0,0,0.0,0,0,0.0,-1,-1,-1,-1,0.0,0.0
2026-07-11T09:00,0.0,0.0,0.0,0.0,33.9,3.18,7.9,278,13,26560.0,1,0.167,570.0,2190.0,0,0.0,0,0,0.0,-1,-1,-1,-1,0.0,0.0
2026-07-11T10:00,0.0,0.0,0.0,0.0,33.9,3.4,7.9,284,5,26560.0,1,0.163,500.0,2145.0,0,0.0,0,0,0.0,-1,-1,-1,-1,0.0,0.0
2026-07-11T11:00,0.0,0.0,0.0,0.0,33.3,3.42,7.9,297,9,26560.0,1,0.161,450.0,1890.0,0,0.0,0,0,0.0,-1,-1,-1,-1,0.0,0.0
2026-07-11T12:00,0.0,0.0,0.0,0.0,34.1,2.26,7.6,265,8,26580.0,1,0.166,270.0,1995.0,0,0.0,0,0,0.0,-1,-1,-1,-1,0.0,0.0
2026-07-11T13:00,0.0,0.0,0.0,0.0,31.0,1.39,4.2,322,3,26580.0,1,0.165,480.0,80.0,0,0.0,0,0,0.0,-1,-1,-1,-1,0.0,0.0
2026-07-11T14:00,0.0,0.0,0.0,0.0,27.3,1.3,2.4,360,2,26540.0,0,0.164,330.0,35.0,0,0.0,0,0,0.0,-1,-1,-1,-1,0.0,0.0
2026-07-11T15:00,0.0,0.0,0.0,0.0,26.0,0.68,1.9,36,0,26560.0,0,0.164,270.0,20.0,0,0.0,0,0,0.0,-1,-1,-1,-1,0.0,0.0
2026-07-11T16:00,0.0,0.0,0.0,0.0,25.8,1.21,1.9,38,0,26560.0,0,0.164,260.0,35.0,0,0.0,0,0,0.0,-1,-1,-1,-1,0.0,0.0
2026-07-11T17:00,0.0,0.0,0.0,0.0,26.1,0.63,2.0,61,0,26560.0,0,0.164,20.0,25.0,0,0.0,0,0,0.0,-1,-1,-1,-1,0.0,0.0
2026-07-11T18:00,0.0,0.0,0.0,0.0,25.8,0.72,1.1,115,0,26560.0,0,0.181,110.0,25.0,0,0.0,0,0,0.0,-1,-1,-1,-1,0.0,0.0
2026-07-11T19:00,0.0,0.0,0.0,0.0,25.2,0.15,1.1,90,0,26560.0,0,0.181,270.0,15.0,0,0.0,0,0,0.0,-1,-1,-1,-1,0.0,0.0
2026-07-11T20:00,0.0,0.0,0.0,0.0,24.7,0.32,0.7,51,0,26560.0,0,0.181,250.0,20.0,0,0.0,0,0,0.0,-1,-1,-1,-1,0.0,0.0
2026-07-11T21:00,0.0,0.0,0.0,0.0,23.8,0.75,1.1,90,0,26560.0,0,0.181,140.0,30.0,0,0.0,0,0,0.0,-1,-1,-1,-1,0.0,0.0
2026-07-11T22:00,0.0,0.0,0.0,0.0,22.4,1.17,1.7,80,0,26580.0,0,0.18,120.0,30.0,0,0.0,0,0,0.0,-1,-1,-1,-1,0.0,0.0
2026-07-11T23:00,0.0,0.0,0.0,0.0,21.2,1.61,2.4,74,0,25680.0,1,0.18,110.0,35.0,0,0.0,0,0,0.0,-1,-1,-1,-1,0.0,0.0
2026-07-12T00:00,0.0,0.0,0.0,0.0,22.9,1.66,2.8,74,0,25680.0,1,0.184,330.0,35.0,0,0.0,0,0,0.0,-1,-1,-1,-1,0.0,0.0
2026-07-12T01:00,0.0,0.0,0.0,0.0,26.4,1.68,3.8,73,0,25680.0,1,0.184,380.0,75.0,0,0.0,0,0,0.0,-1,-1,-1,-1,0.0,0.0
2026-07-12T02:00,0.0,0.0,0.0,0.0,29.6,0.99,3.6,45,0,26580.0,1,0.182,710.0,205.0,0,0.0,0,0,0.0,-1,-1,-1,-1,0.0,0.0
2026-07-12T03:00,0.0,0.0,0.0,0.0,32.2,1.4,4.8,35,0,26620.0,1,0.179,680.0,515.0,0,0.0,0,0,0.0,-1,-1,-1,-1,0.0,0.0
2026-07-12T04:00,0.0,0.0,0.0,0.0,34.1,1.14,5.0,52,3,26620.0,1,0.176,390.0,1785.0,0,0.0,0,0,0.0,-1,-1,-1,-1,0.0,0.0
2026-07-12T05:00,0.0,0.0,0.0,0.0,35.3,1.11,5.1,8,38,26640.0,1,0.172,260.0,2590.0,0,0.0,1,0,0.0,-1,-1,-1,-1,0.0,0.0
2026-07-12T06:00,0.0,0.0,0.0,0.0,35.7,1.87,5.6,8,43,26640.0,1,0.173,250.0,3065.0,0,0.0,1,0,0.0,-1,-1,-1,-1,0.0,0.0
2026-07-12T07:00,0.0,0.0,0.0,0.0,36.2,1.8,6.2,347,27,26660.0,1,0.169,190.0,3260.0,0,0.0,1,0,0.0,-1,-1,-1,-1,0.0,0.0
2026-07-12T08:00,0.0,0.0,0.0,0.0,36.5,2.04,6.5,324,61,26660.0,1,0.165,180.0,3180.0,0,0.0,2,0,0.0,-1,-1,-1,-1,0.0,0.0
2026-07-12T09:00,0.0,0.0,0.0,0.0,36.8,2.65,7.0,313,45,26660.0,1,0.161,170.0,3180.0,0,0.0,1,0,0.0,-1,-1,-1,-1,0.0,0.0
2026-07-12T10:00,0.0,0.0,0.0,0.0,36.3,3.26,7.9,324,94,26660.0,1,0.158,130.0,3050.0,0,0.0,3,0,0.0,-1,-1,-1,-1,0.0,0.0
2026-07-12T11:00,0.0,0.0,0.0,0.0,35.7,3.19,7.7,318,96,26660.0,1,0.156,60.0,2805.0,0,0.0,3,0,0.0,-1,-1,-1,-1,0.0,0.0
2026-07-12T12:00,0.0,0.0,0.0,0.0,33.9,3.91,7.0,332,99,26640.0,1,0.152,340.0,395.0,0,0.0,3,0,0.0,-1,-1,-1,-1,0.0,0.0
2026-07-12T13:00,0.0,0.0,0.0,0.0,31.4,2.69,7.6,342,100,26620.0,1,0.151,560.0,105.0,0,0.0,3,0,0.0,-1,-1,-1,-1,0.0,0.0
2026-07-12T14:00,0.0,0.0,0.0,0.0,28.9,2.06,4.7,29,98,25720.0,0,0.15,520.0,40.0,0,0.0,3,0,0.0,-1,-1,-1,-1,0.0,0.0
2026-07-12T15:00,0.0,0.0,0.0,0.0,28.4,3.11,5.4,48,97,26620.0,0,0.15,270.0,75.0,0,0.0,3,0,0.0,-1,-1,-1,-1,0.0,0.0
2026-07-12T16:00,0.0,0.0,0.0,0.0,28.4,2.61,5.7,36,76,26640.0,0,0.149,20.0,85.0,0,0.0,2,0,0.0,-1,-1,-1,-1,0.0,0.0
2026-07-12T17:00,0.0,0.0,0.0,0.0,26.9,2.19,4.5,43,54,26620.0,0,0.149,0.0,50.0,0,0.0,2,0,0.0,-1,-1,-1,-1,0.0,0.0
2026-07-12T18:00,0.0,0.0,0.0,0.0,25.1,1.85,4.4,38,97,26620.0,0,0.149,0.0,40.0,0,0.0,3,0,0.0,-1,-1,-1,-1,0.0,0.0
2026-07-12T19:00,0.0,0.0,0.0,0.0,24.2,0.52,2.8,343,98,25740.0,0,0.148,20.0,15.0,0,0.0,3,0,0.0,-1,-1,-1,-1,0.0,0.0
2026-07-12T20:00,0.0,0.0,0.0,0.0,24.0,0.11,0.9,63,68,25740.0,0,0.148,170.0,10.0,0,0.0,2,0,0.0,-1,-1,-1,-1,0.0,0.0
2026-07-12T21:00,0.0,0.0,0.0,0.0,23.3,1.13,1.6,77,94,25740.0,0,0.148,0.0,35.0,0,0.0,3,0,0.0,-1,-1,-1,-1,0.0,0.0
2026-07-12T22:00,0.0,0.0,0.0,0.0,23.3,1.53,2.2,58,100,26640.0,0,0.148,0.0,40.0,0,0.0,3,0,0.0,-1,-1,-1,-1,0.0,0.0
2026-07-12T23:00,0.0,0.0,0.0,0.0,23.8,2.17,3.4,61,100,26640.0,1,0.148,0.0,65.0,0,0.0,3,0,0.0,-1,-1,-1,-1,0.0,0.0
2026-07-13T00:00,0.0,0.0,0.0,0.0,26.8,3.49,5.4,61,99,26640.0,1,0.17,0.0,155.0,0,0.0,3,0,0.0,-1,-1,-1,-1,0.0,0.0
2026-07-13T01:00,0.0,0.0,0.0,0.0,28.6,4.89,8.6,72,100,26680.0,1,0.169,0.0,265.0,0,0.0,3,0,0.0,-1,-1,-1,-1,0.0,0.0
2026-07-13T02:00,0.0,0.0,0.0,0.0,30.8,4.9,9.2,72,100,26680.0,1,0.167,50.0,420.0,0,0.0,3,0,0.0,-1,-1,-1,-1,0.0,0.0
2026-07-13T03:00,0.0,0.0,0.0,0.0,33.0,5.64,10.5,53,100,26680.0,1,0.165,70.0,615.0,0,0.0,3,0,0.0,-1,-1,-1,-1,0.0,0.0
2026-07-13T04:00,0.0,0.0,0.0,0.0,34.1,5.52,11.4,52,98,26700.0,1,0.163,80.0,1505.0,0,0.0,3,0,0.0,-1,-1,-1,-1,0.0,0.0
2026-07-13T05:00,0.0,0.0,0.0,0.0,35.7,4.35,11.2,71,88,26720.0,1,0.16,90.0,2150.0,0,0.0,3,0,0.0,-1,-1,-1,-1,0.0,0.0
2026-07-13T06:00,0.0,0.0,0.0,0.0,36.4,2.65,9.5,91,98,26720.0,1,0.174,30.0,2910.0,0,0.0,3,0,0.0,-1,-1,-1,-1,0.0,0.0
2026-07-13T07:00,0.0,0.0,0.0,0.0,36.0,1.56,5.9,135,99,26720.0,1,0.171,0.0,2885.0,0,0.0,3,0,0.0,-1,-1,-1,-1,0.0,0.0
2026-07-13T08:00,0.0,0.0,0.0,0.0,37.1,2.76,6.2,175,100,26720.0,1,0.167,0.0,3710.0,0,0.0,3,0,0.0,-1,-1,-1,-1,0.0,0.0
2026-07-13T09:00,0.0,0.0,0.0,0.0,36.3,3.6,7.1,182,100,26720.0,1,0.164,0.0,3450.0,0,0.0,3,0,0.0,-1,-1,-1,-1,0.0,0.0
2026-07-13T10:00,0.0,0.0,0.0,0.0,35.6,2.59,7.0,199,100,26720.0,1,0.162,0.0,3005.0,0,0.0,3,0,0.0,-1,-1,-1,-1,0.0,0.0
2026-07-13T11:00,0.0,0.0,0.0,0.0,35.0,1.53,5.0,251,100,26720.0,1,0.161,0.0,1510.0,0,0.0,3,0,0.0,-1,-1,-1,-1,0.0,0.0
2026-07-13T12:00,0.0,0.0,0.0,0.0,35.5,1.77,3.3,299,100,26720.0,1,0.15,0.0,625.0,0,0.0,3,0,0.0,-1,-1,-1,-1,0.0,0.0
2026-07-13T13:00,0.0,0.0,0.0,0.0,32.6,1.27,4.0,334,100,26740.0,1,0.15,0.0,70.0,0,0.0,3,0,0.0,-1,-1,-1,-1,0.0,0.0
2026-07-13T14:00,0.0,0.0,0.0,0.0,30.1,1.15,2.0,34,100,26700.0,0,0.149,0.0,30.0,0,0.0,3,0,0.0,-1,-1,-1,-1,0.0,0.0
2026-07-13T15:00,0.0,0.0,0.0,0.0,28.7,1.46,2.5,52,100,26720.0,0,0.149,0.0,35.0,0,0.0,3,0,0.0,-1,-1,-1,-1,0.0,0.0
2026-07-13T16:00,0.0,0.0,0.0,0.0,27.7,0.79,2.5,55,96,26680.0,0,0.148,70.0,25.0,0,0.0,3,0,0.0,-1,-1,-1,-1,0.0,0.0
2026-07-13T17:00,0.0,0.0,0.0,0.0,26.9,0.57,1.2,15,91,26680.0,0,0.148,190.0,20.0,0,0.0,3,0,0.0,-1,-1,-1,-1,0.0,0.0
2026-07-13T18:00,0.0,0.0,0.0,0.0,26.3,1.7,2.1,24,97,26700.0,0,0.148,130.0,40.0,0,0.0,3,0,0.0,-1,-1,-1,-1,0.0,0.0
2026-07-13T19:00,0.0,0.0,0.0,0.0,25.7,1.1,2.7,360,99,25800.0,0,0.148,130.0,25.0,0,0.0,3,0,0.0,-1,-1,-1,-1,0.0,0.0
2026-07-13T20:00,0.0,0.0,0.0,0.0,25.4,0.36,1.7,344,99,25800.0,0,0.148,150.0,15.0,0,0.0,3,0,0.0,-1,-1,-1,-1,0.0,0.0
2026-07-13T21:00,0.0,0.0,0.0,0.0,25.8,0.18,0.8,124,100,26700.0,0,0.148,160.0,15.0,0,0.0,3,0,0.0,-1,-1,-1,-1,0.0,0.0
2026-07-13T22:00,0.0,0.0,0.0,0.0,25.9,0.36,1.0,124,100,26700.0,0,0.148,110.0,15.0,0,0.0,3,0,0.0,-1,-1,-1,-1,0.0,0.0
2026-07-13T23:00,0.0,0.0,0.0,0.0,26.1,0.71,1.1,352,100,26700.0,1,0.148,60.0,45.0,0,0.0,3,0,0.0,-1,-1,-1,-1,0.0,0.0
2026-07-14T00:00,0.0,0.0,0.0,0.0,26.4,2.06,1.2,41,100,26740.0,1,0.148,0.0,65.0,0,0.0,3,0,0.0,-1,-1,-1,-1,0.0,0.0
2026-07-14T01:00,0.0,0.0,0.0,0.0,27.5,2.41,4.1,42,100,26700.0,1,0.147,0.0,55.0,0,0.0,3,0,0.0,-1,-1,-1,-1,0.0,0.0
2026-07-14T02:00,0.0,0.0,0.0,0.0,28.5,4.95,8.5,60,100,26740.0,1,0.147,0.0,165.0,0,0.0,3,0,0.0,-1,-1,-1,-1,0.0,0.0
2026-07-14T03:00,0.0,0.0,0.0,0.0,29.2,4.76,9.2,62,100,26740.0,1,0.146,0.0,160.0,0,0.0,3,0,0.0,-1,-1,-1,-1,0.0,0.0
2026-07-14T04:00,0.0,0.0,0.0,0.0,31.4,2.2,8.6,51,100,26740.0,1,0.145,70.0,185.0,0,0.0,3,0,0.0,-1,-1,-1,-1,0.0,0.0
2026-07-14T05:00,0.0,0.0,0.0,0.0,33.1,0.62,4.6,194,99,26760.0,1,0.144,80.0,520.0,0,0.0,3,0,0.0,-1,-1,-1,-1,0.0,0.0
2026-07-14T06:00,0.0,0.0,0.0,0.0,35.5,1.33,6.0,103,100,26780.0,1,0.142,60.0,3470.0,0,0.0,3,0,0.0,-1,-1,-1,-1,0.0,0.0
2026-07-14T07:00,0.0,0.0,0.0,0.0,35.8,2.79,6.7,123,100,26780.0,1,0.14,40.0,3690.0,0,0.0,3,0,0.0,-1,-1,-1,-1,0.0,0.0
2026-07-14T08:00,0.0,0.0,0.0,0.0,34.6,3.91,8.0,122,100,26780.0,1,0.139,0.0,3260.0,0,0.0,3,0,0.0,-1,-1,-1,-1,0.0,0.0
2026-07-14T09:00,0.0,0.0,0.0,0.0,34.1,4.76,9.7,78,99,26780.0,1,0.137,0.0,730.0,0,0.0,3,0,0.0,-1,-1,-1,-1,0.0,0.0
2026-07-14T10:00,0.0,0.0,0.0,0.0,34.2,3.65,9.8,42,98,26800.0,1,0.135,0.0,615.0,0,0.0,3,0,0.0,-1,-1,-1,-1,0.0,0.0
2026-07-14T11:00,0.0,0.0,0.0,0.0,34.0,4.02,8.3,5,85,26800.0,1,0.134,0.0,620.0,0,0.0,3,0,0.0,-1,-1,-1,-1,0.0,0.0
2026-07-14T12:00,0.0,0.0,0.0,0.0,34.1,2.9,8.4,32,66,26800.0,1,0.134,0.0,405.0,0,0.0,2,0,0.0,-1,-1,-1,-1,0.0,0.0
2026-07-14T13:00,0.0,0.0,0.0,0.0,31.5,1.38,5.6,19,96,26800.0,1,0.134,0.0,60.0,0,0.0,3,0,0.0,-1,-1,-1,-1,0.0,0.0
2026-07-14T14:00,0.0,0.0,0.0,0.0,28.8,1.21,2.4,322,91,26780.0,0,0.133,0.0,40.0,0,0.0,3,0,0.0,-1,-1,-1,-1,0.0,0.0
2026-07-14T15:00,0.0,0.0,0.0,0.0,27.6,1.34,2.3,297,100,26740.0,0,0.133,0.0,50.0,0,0.0,3,0,0.0,-1,-1,-1,-1,0.0,0.0
2026-07-14T16:00,0.0,0.0,0.0,0.0,27.7,0.14,1.9,45,77,26760.0,0,0.133,20.0,10.0,0,0.0,2,0,0.0,-1,-1,-1,-1,0.0,0.0
2026-07-14T17:00,0.0,0.0,0.0,0.0,26.0,1.36,1.9,82,10,26760.0,0,0.133,0.0,40.0,0,0.0,0,0,0.0,-1,-1,-1,-1,0.0,0.0
2026-07-14T18:00,0.0,0.0,0.0,0.0,25.3,1.59,2.1,118,25,26760.0,0,0.133,0.0,35.0,0,0.0,1,0,0.0,-1,-1,-1,-1,0.0,0.0
2026-07-14T19:00,0.0,0.0,0.0,0.0,24.4,0.45,2.2,6,38,26760.0,0,0.133,0.0,25.0,0,0.0,1,0,0.0,-1,-1,-1,-1,0.0,0.0
2026-07-14T20:00,0.0,0.0,0.0,0.0,24.0,0.3,1.3,351,6,26760.0,0,0.133,0.0,15.0,0,0.0,0,0,0.0,-1,-1,-1,-1,0.0,0.0
2026-07-14T21:00,0.0,0.0,0.0,0.0,23.4,0.21,0.7,166,6,26760.0,0,0.133,0.0,15.0,0,0.0,0,0,0.0,-1,-1,-1,-1,0.0,0.0
2026-07-14T22:00,0.0,0.0,0.0,0.0,22.3,0.29,0.5,211,9,25880.0,0,0.133,0.0,15.0,0,0.0,0,0,0.0,-1,-1,-1,-1,0.0,0.0
2026-07-14T23:00,0.0,0.0,0.0,0.0,22.3,0.16,0.6,108,9,25880.0,1,0.133,0.0,10.0,0,0.0,0,0,0.0,-1,-1,-1,-1,0.0,0.0
2026-07-15T00:00,0.0,0.0,0.0,0.0,23.8,1.21,1.5,114,91,25880.0,1,0.133,0.0,35.0,0,0.0,3,0,0.0,-1,-1,-1,-1,0.0,0.0
2026-07-15T01:00,0.0,0.0,0.0,0.0,25.5,1.59,2.6,114,88,26780.0,1,0.132,0.0,55.0,0,0.0,3,0,0.0,-1,-1,-1,-1,0.0,0.0
2026-07-15T02:00,0.0,0.0,0.0,0.0,28.2,0.82,3.3,166,88,26800.0,1,0.132,0.0,130.0,0,0.0,3,0,0.0,-1,-1,-1,-1,0.0,0.0
2026-07-15T03:00,0.0,0.0,0.0,0.0,31.3,0.7,3.6,270,66,26820.0,1,0.131,0.0,355.0,0,0.0,2,0,0.0,-1,-1,-1,-1,0.0,0.0
2026-07-15T04:00,0.0,0.0,0.0,0.0,33.7,0.96,4.6,276,57,26840.0,1,0.13,0.0,795.0,0,0.0,2,0,0.0,-1,-1,-1,-1,0.0,0.0
2026-07-15T05:00,0.0,0.0,0.0,0.0,35.8,1.55,5.5,266,9,26840.0,1,0.128,0.0,2465.0,0,0.0,0,0,0.0,-1,-1,-1,-1,0.0,0.0
2026-07-15T06:00,0.0,0.0,0.0,0.0,36.6,2.81,8.0,265,1,26840.0,1,0.126,0.0,3435.0,0,0.0,0,0,0.0,-1,-1,-1,-1,0.0,0.0
2026-07-15T07:00,0.0,0.0,0.0,0.0,37.3,4.12,9.3,256,5,26840.0,1,0.124,0.0,3815.0,0,0.0,0,0,0.0,-1,-1,-1,-1,0.0,0.0
2026-07-15T08:00,0.0,0.0,0.0,0.0,37.8,4.34,9.8,255,7,26860.0,1,0.123,0.0,3850.0,0,0.0,0,0,0.0,-1,-1,-1,-1,0.0,0.0
2026-07-15T09:00,0.0,0.0,0.0,0.0,38.5,3.83,9.6,253,52,26860.0,1,0.121,0.0,4175.0,0,0.0,2,0,0.0,-1,-1,-1,-1,0.0,0.0
2026-07-15T10:00,0.0,0.0,0.0,0.0,37.7,5.55,10.4,251,99,26860.0,1,0.12,0.0,4305.0,0,0.0,3,0,0.0,-1,-1,-1,-1,0.0,0.0
2026-07-15T11:00,0.0,0.0,0.0,0.0,36.7,5.49,11.1,257,100,26860.0,1,0.119,0.0,4095.0,0,0.0,3,0,0.0,-1,-1,-1,-1,0.0,0.0
2026-07-15T12:00,0.0,0.0,0.0,0.0,36.1,4.6,10.1,269,50,26860.0,1,0.118,0.0,3040.0,0,0.0,2,0,0.0,-1,-1,-1,-1,0.0,0.0
2026-07-15T13:00,0.0,0.0,0.0,0.0,33.2,4.46,8.6,288,41,26860.0,1,0.117,0.0,560.0,0,0.0,1,0,0.0,-1,-1,-1,-1,0.0,0.0
2026-07-15T14:00,0.0,0.0,0.0,0.0,30.7,1.93,7.9,301,66,26840.0,0,0.117,0.0,245.0,0,0.0,2,0,0.0,-1,-1,-1,-1,0.0,0.0
2026-07-15T15:00,0.0,0.0,0.0,0.0,29.9,0.53,3.1,49,95,26840.0,0,0.117,0.0,35.0,0,0.0,3,0,0.0,-1,-1,-1,-1,0.0,0.0
2026-07-15T16:00,0.0,0.0,0.0,0.0,28.8,1.17,1.7,43,88,26840.0,0,0.117,0.0,50.0,0,0.0,3,0,0.0,-1,-1,-1,-1,0.0,0.0
2026-07-15T17:00,0.0,0.0,0.0,0.0,28.5,0.16,1.7,108,84,26840.0,0,0.117,0.0,15.0,0,0.0,3,0,0.0,-1,-1,-1,-1,0.0,0.0
2026-07-15T18:00,0.0,0.0,0.0,0.0,27.6,0.54,1.3,292,81,26860.0,0,0.117,0.0,30.0,0,0.0,3,0,0.0,-1,-1,-1,-1,0.0,0.0
2026-07-15T19:00,0.0,0.0,0.0,0.0,26.4,0.84,1.9,343,98,26820.0,0,0.117,0.0,30.0,0,0.0,3,0,0.0,-1,-1,-1,-1,0.0,0.0
2026-07-15T20:00,0.0,0.0,0.0,0.0,26.5,0.79,1.3,55,100,26820.0,0,0.116,0.0,30.0,0,0.0,3,0,0.0,-1,-1,-1,-1,0.0,0.0
2026-07-15T21:00,0.0,0.0,0.0,0.0,27.3,2.62,4.5,66,100,26840.0,0,0.116,0.0,100.0,0,0.0,3,0,0.0,-1,-1,-1,-1,0.0,0.0
2026-07-15T22:00,0.0,0.0,0.0,0.0,26.4,0.49,4.6,294,85,26840.0,0,0.116,0.0,35.0,0,0.0,3,0,0.0,-1,-1,-1,-1,0.0,0.0
2026-07-15T23:00,0.0,0.0,0.0,0.0,25.0,1.58,2.3,18,99,26840.0,1,0.116,0.0,55.0,0,0.0,3,0,0.0,-1,-1,-1,-1,0.0,0.0
2026-07-16T00:00,0.0,0.0,0.0,0.0,21.6,3.78,3.9,7,100,9660.0,1,0.122,140.0,135.0,0,0.0,3,0,0.0,-1,-1,-1,-1,0.0,0.0
2026-07-16T01:00,1.0,1.0,0.0,0.0,22.1,1.63,6.8,133,100,22960.0,1,0.133,490.0,40.0,0,0.0,55,1,0.0,15,0,2,294,0.354,0.694
2026-07-16T02:00,0.6,1.0,0.0,0.0,23.1,3.32,5.6,59,100,19880.0,1,0.141,760.0,145.0,0,0.0,53,1,0.0,15,1,1,294,0.354,0.694
2026-07-16T03:00,0.0,0.0,0.0,0.0,24.2,4.88,8.9,47,100,24900.0,1,0.141,280.0,325.0,0,0.0,3,0,0.0,-1,-1,-1,-1,0.0,0.0
2026-07-16T04:00,0.0,0.0,0.0,0.0,24.5,6.64,12.2,50,100,20400.0,1,0.14,110.0,505.0,0,0.0,3,0,0.0,-1,-1,-1,-1,0.0,0.0
2026-07-16T05:00,0.0,0.0,0.0,0.0,24.1,6.3,12.4,57,100,25960.0,1,0.14,130.0,470.0,0,0.0,3,0,0.0,-1,-1,-1,-1,0.0,0.0
2026-07-16T06:00,0.2,0.0,0.0,0.0,24.4,5.38,12.0,67,100,24900.0,1,0.141,210.0,365.0,0,0.0,51,0,0.2,-1,-1,-1,-1,0.0,0.0
2026-07-16T07:00,0.0,0.0,0.0,0.0,26.2,5.51,11.1,56,100,25960.0,1,0.14,130.0,700.0,0,0.0,3,0,0.0,-1,-1,-1,-1,0.0,0.0
2026-07-16T08:00,0.0,0.0,0.0,0.0,26.0,5.85,11.3,60,98,26860.0,1,0.139,0.0,560.0,0,0.0,3,0,0.0,-1,-1,-1,-1,0.0,0.0
2026-07-16T09:00,0.0,0.0,0.0,0.0,28.0,4.67,11.8,55,18,26860.0,1,0.138,0.0,665.0,0,0.0,0,0,0.0,-1,-1,-1,-1,0.0,0.0
2026-07-16T10:00,0.0,0.0,0.0,0.0,29.3,3.12,9.8,41,29,26860.0,1,0.137,40.0,955.0,0,0.0,1,0,0.0,-1,-1,-1,-1,0.0,0.0
2026-07-16T11:00,0.0,0.0,0.0,0.0,28.9,2.64,7.7,37,12,26860.0,1,0.135,90.0,715.0,0,0.0,0,0,0.0,-1,-1,-1,-1,0.0,0.0
2026-07-16T12:00,0.0,0.0,0.0,0.0,28.0,2.47,6.6,21,15,26880.0,1,0.152,20.0,410.0,0,0.0,0,0,0.0,-1,-1,-1,-1,0.0,0.0
2026-07-16T13:00,0.0,0.0,0.0,0.0,26.3,2.77,5.6,41,1,26880.0,1,0.151,40.0,215.0,0,0.0,0,0,0.0,-1,-1,-1,-1,0.0,0.0
2026-07-16T14:00,0.0,0.0,0.0,0.0,24.0,1.2,4.8,42,0,25980.0,0,0.151,100.0,80.0,0,0.0,0,0,0.0,-1,-1,-1,-1,0.0,0.0
2026-07-16T15:00,0.0,0.0,0.0,0.0,23.0,1.21,1.8,60,0,24920.0,0,0.151,100.0,55.0,0,0.0,0,0,0.0,-1,-1,-1,-1,0.0,0.0
2026-07-16T16:00,0.0,0.0,0.0,0.0,22.1,0.72,1.8,56,0,24920.0,0,0.15,80.0,30.0,0,0.0,0,0,0.0,-1,-1,-1,-1,0.0,0.0
2026-07-16T17:00,0.0,0.0,0.0,0.0,22.0,0.27,1.2,68,0,24920.0,0,0.15,10.0,25.0,0,0.0,0,0,0.0,-1,-1,-1,-1,0.0,0.0
2026-07-16T18:00,0.0,0.0,0.0,0.0,20.7,0.65,0.6,94,0,24040.0,0,0.162,0.0,20.0,0,0.0,0,0,0.0,-1,-1,-1,-1,0.0,0.0
2026-07-16T19:00,0.0,0.0,0.0,0.0,20.3,0.55,1.0,90,0,24920.0,0,0.162,0.0,20.0,0,0.0,0,0,0.0,-1,-1,-1,-1,0.0,0.0
2026-07-16T20:00,0.0,0.0,0.0,0.0,20.0,0.7,1.1,86,0,24920.0,0,0.162,0.0,25.0,0,0.0,0,0,0.0,-1,-1,-1,-1,0.0,0.0
2026-07-16T21:00,0.0,0.0,0.0,0.0,19.6,0.72,1.2,78,0,24920.0,0,0.162,0.0,25.0,0,0.0,0,0,0.0,-1,-1,-1,-1,0.0,0.0
2026-07-16T22:00,0.0,0.0,0.0,0.0,19.4,0.45,1.1,90,0,24920.0,0,0.162,0.0,20.0,0,0.0,0,0,0.0,-1,-1,-1,-1,0.0,0.0
2026-07-16T23:00,0.0,0.0,0.0,0.0,18.6,0.6,0.8,138,0,24920.0,1,0.161,0.0,30.0,0,0.0,0,0,0.0,-1,-1,-1,-1,0.0,0.0
2026-07-17T00:00,0.0,0.0,0.0,0.0,19.9,0.1,1.4,180,0,24920.0,1,0.181,0.0,10.0,0,0.0,0,0,0.0,-1,-1,-1,-1,0.0,0.0
2026-07-17T01:00,0.0,0.0,0.0,0.0,21.9,0.07,1.9,135,0,24920.0,1,0.18,0.0,80.0,0,0.0,0,0,0.0,-1,-1,-1,-1,0.0,0.0
2026-07-17T02:00,0.0,0.0,0.0,0.0,24.2,0.53,3.2,131,0,26000.0,1,0.179,0.0,235.0,0,0.0,0,0,0.0,-1,-1,-1,-1,0.0,0.0
2026-07-17T03:00,0.0,0.0,0.0,0.0,26.5,0.85,4.0,180,0,26000.0,1,0.177,0.0,425.0,0,0.0,0,0,0.0,-1,-1,-1,-1,0.0,0.0
2026-07-17T04:00,0.0,0.0,0.0,0.0,28.8,1.25,4.9,233,0,26900.0,1,0.174,0.0,835.0,0,0.0,0,0,0.0,-1,-1,-1,-1,0.0,0.0
2026-07-17T05:00,0.0,0.0,0.0,0.0,30.7,2.12,6.3,262,0,26900.0,1,0.171,20.0,1415.0,0,0.0,0,0,0.0,-1,-1,-1,-1,0.0,0.0
2026-07-17T06:00,0.0,0.0,0.0,0.0,31.9,3.73,8.1,278,0,26900.0,1,0.172,30.0,1695.0,0,0.0,0,0,0.0,-1,-1,-1,-1,0.0,0.0
2026-07-17T07:00,0.0,0.0,0.0,0.0,32.7,4.41,9.9,274,3,26920.0,1,0.168,50.0,1775.0,0,0.0,0,0,0.0,-1,-1,-1,-1,0.0,0.0
2026-07-17T08:00,0.0,0.0,0.0,0.0,33.1,4.8,10.4,271,2,26920.0,1,0.165,50.0,1730.0,0,0.0,0,0,0.0,-1,-1,-1,-1,0.0,0.0
2026-07-17T09:00,0.0,0.0,0.0,0.0,33.4,5.01,10.6,274,3,26940.0,1,0.161,30.0,1710.0,0,0.0,0,0,0.0,-1,-1,-1,-1,0.0,0.0
2026-07-17T10:00,0.0,0.0,0.0,0.0,33.3,5.21,10.7,279,2,26940.0,1,0.158,20.0,1735.0,0,0.0,0,0,0.0,-1,-1,-1,-1,0.0,0.0
2026-07-17T11:00,0.0,0.0,0.0,0.0,32.9,5.12,10.7,282,1,26940.0,1,0.156,0.0,1650.0,0,0.0,0,0,0.0,-1,-1,-1,-1,0.0,0.0
2026-07-17T12:00,0.0,0.0,0.0,0.0,33.6,4.3,10.2,301,2,26940.0,1,0.155,0.0,910.0,0,0.0,0,0,0.0,-1,-1,-1,-1,0.0,0.0
2026-07-17T13:00,0.0,0.0,0.0,0.0,31.3,2.41,7.9,310,2,26940.0,1,0.154,0.0,300.0,0,0.0,0,0,0.0,-1,-1,-1,-1,0.0,0.0
2026-07-17T14:00,0.0,0.0,0.0,0.0,29.0,1.07,4.1,307,0,26940.0,0,0.153,0.0,55.0,0,0.0,0,0,0.0,-1,-1,-1,-1,0.0,0.0
2026-07-17T15:00,0.0,0.0,0.0,0.0,28.3,0.14,1.6,135,0,26900.0,0,0.153,0.0,10.0,0,0.0,0,0,0.0,-1,-1,-1,-1,0.0,0.0
2026-07-17T16:00,0.0,0.0,0.0,0.0,26.8,0.39,0.6,140,0,26920.0,0,0.153,0.0,25.0,0,0.0,0,0,0.0,-1,-1,-1,-1,0.0,0.0
2026-07-17T17:00,0.0,0.0,0.0,0.0,25.7,0.21,0.7,76,0,26920.0,0,0.153,0.0,15.0,0,0.0,0,0,0.0,-1,-1,-1,-1,0.0,0.0
2026-07-17T18:00,0.0,0.0,0.0,0.0,24.7,0.5,0.7,90,0,26020.0,0,0.153,0.0,20.0,0,0.0,0,0,0.0,-1,-1,-1,-1,0.0,0.0
2026-07-17T19:00,0.0,0.0,0.0,0.0,23.4,1.11,1.5,126,0,26020.0,0,0.153,0.0,35.0,0,0.0,0,0,0.0,-1,-1,-1,-1,0.0,0.0
2026-07-17T20:00,0.0,0.0,0.0,0.0,22.5,1.7,2.7,92,0,26020.0,0,0.153,0.0,40.0,0,0.0,0,0,0.0,-1,-1,-1,-1,0.0,0.0
2026-07-17T21:00,0.0,0.0,0.0,0.0,22.5,1.96,3.4,96,0,26020.0,0,0.153,0.0,65.0,0,0.0,0,0,0.0,-1,-1,-1,-1,0.0,0.0
2026-07-17T22:00,0.0,0.0,0.0,0.0,22.2,1.56,3.3,84,0,26020.0,0,0.152,0.0,55.0,0,0.0,0,0,0.0,-1,-1,-1,-1,0.0,0.0
2026-07-17T23:00,0.0,0.0,0.0,0.0,22.7,1.15,2.2,88,0,26920.0,1,0.152,0.0,55.0,0,0.0,0,0,0.0,-1,-1,-1,-1,0.0,0.0
2026-07-18T00:00,0.0,0.0,0.0,0.0,23.7,1.75,2.1,103,2,26020.0,1,0.174,0.0,60.0,0,0.0,0,0,0.0,-1,-1,-1,-1,0.0,0.0
2026-07-18T01:00,0.0,0.0,0.0,0.0,25.7,1.1,3.4,120,2,26020.0,1,0.173,0.0,80.0,0,0.0,0,0,0.0,-1,-1,-1,-1,0.0,0.0
2026-07-18T02:00,0.0,0.0,0.0,0.0,28.4,0.89,3.5,106,0,26920.0,1,0.172,0.0,175.0,0,0.0,0,0,0.0,-1,-1,-1,-1,0.0,0.0
2026-07-18T03:00,0.0,0.0,0.0,0.0,31.0,1.11,4.2,188,0,26920.0,1,0.17,20.0,385.0,0,0.0,0,0,0.0,-1,-1,-1,-1,0.0,0.0
2026-07-18T04:00,0.0,0.0,0.0,0.0,33.0,1.41,5.1,247,2,26960.0,1,0.167,50.0,735.0,0,0.0,0,0,0.0,-1,-1,-1,-1,0.0,0.0
2026-07-18T05:00,0.0,0.0,0.0,0.0,34.5,1.66,5.7,263,2,26960.0,1,0.163,80.0,1005.0,0,0.0,0,0,0.0,-1,-1,-1,-1,0.0,0.0
2026-07-18T06:00,0.0,0.0,0.0,0.0,35.3,3.01,7.6,281,10,26960.0,1,0.163,40.0,1380.0,0,0.0,0,0,0.0,-1,-1,-1,-1,0.0,0.0
2026-07-18T07:00,0.0,0.0,0.0,0.0,36.4,3.46,8.5,281,9,26960.0,1,0.159,40.0,1785.0,0,0.0,0,0,0.0,-1,-1,-1,-1,0.0,0.0
2026-07-18T08:00,0.0,0.0,0.0,0.0,37.8,3.13,8.4,299,7,26980.0,1,0.155,0.0,2365.0,0,0.0,0,0,0.0,-1,-1,-1,-1,0.0,0.0
2026-07-18T09:00,0.0,0.0,0.0,0.0,38.4,3.32,8.0,307,7,27000.0,1,0.152,0.0,2525.0,0,0.0,0,0,0.0,-1,-1,-1,-1,0.0,0.0
2026-07-18T10:00,0.0,0.0,0.0,0.0,38.4,3.24,8.1,290,7,27000.0,1,0.15,0.0,2505.0,0,0.0,0,0,0.0,-1,-1,-1,-1,0.0,0.0
2026-07-18T11:00,0.0,0.0,0.0,0.0,38.5,2.91,7.5,254,5,27000.0,1,0.147,20.0,2515.0,0,0.0,0,0,0.0,-1,-1,-1,-1,0.0,0.0
2026-07-18T12:00,0.0,0.0,0.0,0.0,38.8,4.08,6.3,220,6,27000.0,1,0.131,0.0,1470.0,0,0.0,0,0,0.0,-1,-1,-1,-1,0.0,0.0
2026-07-18T13:00,0.0,0.0,0.0,0.0,35.7,2.84,7.2,219,5,27000.0,1,0.13,0.0,280.0,0,0.0,0,0,0.0,-1,-1,-1,-1,0.0,0.0
2026-07-18T14:00,0.0,0.0,0.0,0.0,33.2,0.51,4.3,299,15,27000.0,0,0.129,0.0,40.0,0,0.0,0,0,0.0,-1,-1,-1,-1,0.0,0.0
2026-07-18T15:00,0.0,0.0,0.0,0.0,31.7,1.32,2.1,335,8,27000.0,0,0.129,0.0,65.0,0,0.0,0,0,0.0,-1,-1,-1,-1,0.0,0.0
2026-07-18T16:00,0.0,0.0,0.0,0.0,30.3,0.4,2.0,180,0,26980.0,0,0.129,0.0,20.0,0,0.0,0,0,0.0,-1,-1,-1,-1,0.0,0.0
2026-07-18T17:00,0.0,0.0,0.0,0.0,29.4,0.15,0.6,90,0,26980.0,0,0.129,0.0,15.0,0,0.0,0,0,0.0,-1,-1,-1,-1,0.0,0.0
2026-07-18T18:00,0.0,0.0,0.0,0.0,28.6,0.49,1.8,45,0,26980.0,0,0.129,0.0,25.0,0,0.0,0,0,0.0,-1,-1,-1,-1,0.0,0.0
2026-07-18T19:00,0.0,0.0,0.0,0.0,27.5,0.45,1.1,96,0,26980.0,0,0.129,0.0,25.0,0,0.0,0,0,0.0,-1,-1,-1,-1,0.0,0.0
2026-07-18T20:00,0.0,0.0,0.0,0.0,26.7,1.44,1.8,76,3,26980.0,0,0.129,0.0,40.0,0,0.0,0,0,0.0,-1,-1,-1,-1,0.0,0.0
2026-07-18T21:00,0.0,0.0,0.0,0.0,28.3,3.48,5.8,58,20,26980.0,0,0.128,0.0,120.0,0,0.0,1,0,0.0,-1,-1,-1,-1,0.0,0.0
2026-07-18T22:00,0.0,0.0,0.0,0.0,28.7,5.51,9.3,59,0,26980.0,0,0.128,0.0,200.0,0,0.0,0,0,0.0,-1,-1,-1,-1,0.0,0.0
2026-07-18T23:00,0.0,0.0,0.0,0.0,28.7,5.51,10.3,76,0,26980.0,1,0.127,0.0,300.0,0,0.0,0,0,0.0,-1,-1,-1,-1,0.0,0.0
2026-07-19T00:00,0.0,0.0,0.0,0.0,27.5,2.4,9.7,91,0,26980.0,1,0.127,0.0,110.0,0,0.0,0,0,0.0,-1,-1,-1,-1,0.0,0.0
2026-07-19T01:00,0.0,0.0,0.0,0.0,29.9,2.13,4.2,99,0,26980.0,1,0.127,0.0,150.0,0,0.0,0,0,0.0,-1,-1,-1,-1,0.0,0.0
2026-07-19T02:00,0.0,0.0,0.0,0.0,33.6,3.44,6.7,103,0,27020.0,1,0.126,0.0,580.0,0,0.0,0,0,0.0,-1,-1,-1,-1,0.0,0.0
2026-07-19T03:00,0.0,0.0,0.0,0.0,35.7,4.36,9.1,100,0,27020.0,1,0.125,0.0,1545.0,0,0.0,0,0,0.0,-1,-1,-1,-1,0.0,0.0
2026-07-19T04:00,0.0,0.0,0.0,0.0,36.8,4.07,9.1,116,0,27020.0,1,0.124,0.0,1595.0,0,0.0,0,0,0.0,-1,-1,-1,-1,0.0,0.0
2026-07-19T05:00,0.0,0.0,0.0,0.0,37.8,4.31,9.5,136,0,27020.0,1,0.122,0.0,1725.0,0,0.0,0,0,0.0,-1,-1,-1,-1,0.0,0.0
2026-07-19T06:00,0.0,0.0,0.0,0.0,38.8,3.49,9.4,146,1,27020.0,1,0.121,0.0,2495.0,0,0.0,0,0,0.0,-1,-1,-1,-1,0.0,0.0
2026-07-19T07:00,0.0,0.0,0.0,0.0,39.5,2.55,8.0,169,3,27020.0,1,0.119,0.0,3020.0,1,0.0,0,0,0.0,-1,-1,-1,-1,0.0,0.0
2026-07-19T08:00,0.0,0.0,0.0,0.0,40.0,2.17,6.9,241,4,27020.0,1,0.118,0.0,3495.0,1,0.0,0,0,0.0,-1,-1,-1,-1,0.0,0.0
2026-07-19T09:00,0.0,0.0,0.0,0.0,39.8,4.47,9.6,288,5,27020.0,1,0.117,0.0,3400.0,1,0.0,0,0,0.0,-1,-1,-1,-1,0.0,0.0
2026-07-19T10:00,0.0,0.0,0.0,0.0,38.7,5.32,11.1,311,6,27020.0,1,0.116,0.0,2070.0,1,0.0,0,0,0.0,-1,-1,-1,-1,0.0,0.0
2026-07-19T11:00,0.0,0.0,0.0,0.0,38.1,4.64,11.1,319,13,27020.0,1,0.115,0.0,1125.0,1,0.0,0,0,0.0,-1,-1,-1,-1,0.0,0.0
2026-07-19T12:00,0.0,0.0,0.0,0.0,37.6,3.18,9.4,344,14,27020.0,1,0.115,0.0,600.0,0,0.0,0,0,0.0,-1,-1,-1,-1,0.0,0.0
2026-07-19T13:00,0.0,0.0,0.0,0.0,35.7,1.39,6.0,26,14,27020.0,1,0.114,0.0,85.0,1,0.0,0,0,0.0,-1,-1,-1,-1,0.0,0.0
2026-07-19T14:00,0.0,0.0,0.0,0.0,33.1,0.38,2.5,113,6,27040.0,0,0.114,0.0,20.0,1,0.0,0,0,0.0,-1,-1,-1,-1,0.0,0.0
2026-07-19T15:00,0.0,0.0,0.0,0.0,32.0,0.63,1.0,29,5,27040.0,0,0.114,0.0,35.0,1,0.0,0,0,0.0,-1,-1,-1,-1,0.0,0.0
2026-07-19T16:00,0.0,0.0,0.0,0.0,31.4,1.79,2.4,54,3,27040.0,0,0.114,0.0,60.0,1,0.0,0,0,0.0,-1,-1,-1,-1,0.0,0.0
2026-07-19T17:00,0.0,0.0,0.0,0.0,30.9,2.97,5.0,48,3,27040.0,0,0.114,0.0,120.0,1,0.0,0,0,0.0,-1,-1,-1,-1,0.0,0.0
2026-07-19T18:00,0.0,0.0,0.0,0.0,30.6,3.15,6.7,42,2,27040.0,0,0.114,0.0,105.0,0,0.0,0,0,0.0,-1,-1,-1,-1,0.0,0.0
2026-07-19T19:00,0.0,0.0,0.0,0.0,29.4,2.73,5.6,40,2,27040.0,0,0.114,0.0,85.0,1,0.0,0,0,0.0,-1,-1,-1,-1,0.0,0.0
2026-07-19T20:00,0.0,0.0,0.0,0.0,30.4,3.85,6.5,30,0,27040.0,0,0.114,0.0,225.0,1,0.0,0,0,0.0,-1,-1,-1,-1,0.0,0.0
2026-07-19T21:00,0.0,0.0,0.0,0.0,31.8,5.78,10.1,30,0,27040.0,0,0.113,0.0,500.0,1,0.0,0,0,0.0,-1,-1,-1,-1,0.0,0.0
2026-07-19T22:00,0.0,0.0,0.0,0.0,31.8,6.42,11.5,28,0,27040.0,0,0.113,0.0,525.0,1,0.0,0,0,0.0,-1,-1,-1,-1,0.0,0.0
2026-07-19T23:00,0.0,0.0,0.0,0.0,31.1,6.14,11.7,40,0,27040.0,1,0.113,0.0,515.0,1,0.0,0,0,0.0,-1,-1,-1,-1,0.0,0.0
2026-07-20T00:00,0.0,0.0,0.0,0.0,29.6,5.27,11.1,42,0,27040.0,1,0.113,0.0,315.0,0,0.0,0,0,0.0,-1,-1,-1,-1,0.0,0.0
2026-07-20T01:00,0.0,0.0,0.0,0.0,31.0,4.41,9.2,129,0,27040.0,1,0.113,0.0,350.0,1,0.0,0,0,0.0,-1,-1,-1,-1,0.0,0.0
2026-07-20T02:00,0.0,0.0,0.0,0.0,33.5,3.74,9.1,102,0,27040.0,1,0.113,0.0,450.0,1,0.0,0,0,0.0,-1,-1,-1,-1,0.0,0.0
2026-07-20T03:00,0.0,0.0,0.0,0.0,35.8,3.46,8.1,31,0,27060.0,1,0.112,0.0,885.0,1,0.0,0,0,0.0,-1,-1,-1,-1,0.0,0.0
2026-07-20T04:00,0.0,0.0,0.0,0.0,37.3,2.18,8.1,9,0,27060.0,1,0.112,0.0,1970.0,1,0.0,0,0,0.0,-1,-1,-1,-1,0.0,0.0
2026-07-20T05:00,0.0,0.0,0.0,0.0,38.5,1.57,6.6,287,0,27060.0,1,0.112,0.0,2685.0,1,0.0,0,0,0.0,-1,-1,-1,-1,0.0,0.0
2026-07-20T06:00,0.0,0.0,0.0,0.0,39.1,1.36,8.3,278,3,27080.0,1,0.112,0.0,3585.0,0,0.0,0,0,0.0,-1,-1,-1,-1,0.0,0.0
2026-07-20T07:00,0.0,0.0,0.0,0.0,39.8,3.46,8.4,281,2,27060.0,1,0.111,0.0,3870.0,0,0.0,0,0,0.0,-1,-1,-1,-1,0.0,0.0
2026-07-20T08:00,0.0,0.0,0.0,0.0,39.8,4.35,10.1,292,2,27060.0,1,0.111,0.0,4065.0,0,0.0,0,0,0.0,-1,-1,-1,-1,0.0,0.0
2026-07-20T09:00,0.0,0.0,0.0,0.0,40.0,3.98,10.1,282,2,27060.0,1,0.111,0.0,3950.0,0,0.0,0,0,0.0,-1,-1,-1,-1,0.0,0.0
2026-07-20T10:00,0.0,0.0,0.0,0.0,39.9,3.5,9.1,270,2,27080.0,1,0.111,0.0,3415.0,0,0.0,0,0,0.0,-1,-1,-1,-1,0.0,0.0
2026-07-20T11:00,0.0,0.0,0.0,0.0,39.4,1.98,8.0,280,1,27080.0,1,0.111,0.0,3460.0,0,0.0,0,0,0.0,-1,-1,-1,-1,0.0,0.0
2026-07-20T12:00,0.0,0.0,0.0,0.0,39.3,2.31,5.4,265,3,27080.0,1,0.111,0.0,2500.0,0,0.0,0,0,0.0,-1,-1,-1,-1,0.0,0.0
2026-07-20T13:00,0.0,0.0,0.0,0.0,36.4,1.44,4.5,326,1,27060.0,1,0.111,0.0,120.0,0,0.0,0,0,0.0,-1,-1,-1,-1,0.0,0.0
2026-07-20T14:00,0.0,0.0,0.0,0.0,33.4,1.86,3.2,333,1,27060.0,0,0.111,0.0,105.0,0,0.0,0,0,0.0,-1,-1,-1,-1,0.0,0.0
2026-07-20T15:00,0.0,0.0,0.0,0.0,32.5,1.57,3.0,333,0,27060.0,0,0.111,0.0,70.0,0,0.0,0,0,0.0,-1,-1,-1,-1,0.0,0.0
2026-07-20T16:00,0.0,0.0,0.0,0.0,30.9,1.61,2.5,330,0,27060.0,0,0.111,0.0,50.0,0,0.0,0,0,0.0,-1,-1,-1,-1,0.0,0.0
2026-07-20T17:00,0.0,0.0,0.0,0.0,29.7,0.67,2.5,42,0,27060.0,0,0.111,0.0,20.0,0,0.0,0,0,0.0,-1,-1,-1,-1,0.0,0.0
2026-07-20T18:00,0.0,0.0,0.0,0.0,29.2,1.32,2.5,81,1,27080.0,0,0.111,0.0,40.0,0,0.0,0,0,0.0,-1,-1,-1,-1,0.0,0.0
2026-07-20T19:00,0.0,0.0,0.0,0.0,27.6,1.29,1.9,103,0,27080.0,0,0.111,0.0,40.0,0,0.0,0,0,0.0,-1,-1,-1,-1,0.0,0.0
2026-07-20T20:00,0.0,0.0,0.0,0.0,26.8,0.65,1.8,113,0,27040.0,0,0.111,0.0,35.0,0,0.0,0,0,0.0,-1,-1,-1,-1,0.0,0.0
2026-07-20T21:00,0.0,0.0,0.0,0.0,26.1,0.63,1.0,119,0,27040.0,0,0.111,0.0,30.0,0,0.0,0,0,0.0,-1,-1,-1,-1,0.0,0.0
2026-07-20T22:00,0.0,0.0,0.0,0.0,25.9,1.27,1.7,81,0,27040.0,0,0.111,0.0,50.0,0,0.0,0,0,0.0,-1,-1,-1,-1,0.0,0.0
2026-07-20T23:00,0.0,0.0,0.0,0.0,26.2,2.55,4.1,70,0,27080.0,1,0.111,0.0,95.0,0,0.0,0,0,0.0,-1,-1,-1,-1,0.0,0.0
2026-07-21T00:00,0.0,0.0,0.0,0.0,27.9,2.3,6.7,63,0,27080.0,1,0.111,0.0,90.0,0,0.0,0,0,0.0,-1,-1,-1,-1,0.0,0.0
2026-07-21T01:00,0.0,0.0,0.0,0.0,32.4,3.08,5.4,42,0,27080.0,1,0.111,0.0,290.0,0,0.0,0,0,0.0,-1,-1,-1,-1,0.0,0.0
2026-07-21T02:00,0.0,0.0,0.0,0.0,36.0,4.04,7.8,56,0,27080.0,1,0.111,0.0,785.0,0,0.0,0,0,0.0,-1,-1,-1,-1,0.0,0.0
2026-07-21T03:00,0.0,0.0,0.0,0.0,37.4,5.89,11.7,61,0,27080.0,1,0.111,0.0,1125.0,0,0.0,0,0,0.0,-1,-1,-1,-1,0.0,0.0
2026-07-21T04:00,0.0,0.0,0.0,0.0,38.5,5.93,12.4,61,0,27080.0,1,0.111,0.0,1720.0,0,0.0,0,0,0.0,-1,-1,-1,-1,0.0,0.0
2026-07-21T05:00,0.0,0.0,0.0,0.0,39.7,5.02,12.3,59,0,27080.0,1,0.111,0.0,2770.0,0,0.0,0,0,0.0,-1,-1,-1,-1,0.0,0.0
2026-07-21T06:00,0.0,0.0,0.0,0.0,40.4,3.07,10.9,60,0,27120.0,1,0.111,0.0,3400.0,0,0.0,0,0,0.0,-1,-1,-1,-1,0.0,0.0
2026-07-21T07:00,0.0,0.0,0.0,0.0,41.3,1.85,7.9,52,5,27120.0,1,0.11,0.0,4100.0,0,0.0,0,0,0.0,-1,-1,-1,-1,0.0,0.0
2026-07-21T08:00,0.0,0.0,0.0,0.0,41.7,0.72,6.5,34,0,27120.0,1,0.11,0.0,4270.0,0,0.0,0,0,0.0,-1,-1,-1,-1,0.0,0.0
2026-07-21T09:00,0.0,0.0,0.0,0.0,42.0,0.47,5.0,288,1,27120.0,1,0.11,0.0,4085.0,0,0.0,0,0,0.0,-1,-1,-1,-1,0.0,0.0
2026-07-21T10:00,0.0,0.0,0.0,0.0,42.0,0.91,4.6,279,1,27120.0,1,0.11,0.0,4070.0,0,0.0,0,0,0.0,-1,-1,-1,-1,0.0,0.0
2026-07-21T11:00,0.0,0.0,0.0,0.0,41.6,1.47,4.9,288,0,27120.0,1,0.11,0.0,3775.0,0,0.0,0,0,0.0,-1,-1,-1,-1,0.0,0.0
2026-07-21T12:00,0.0,0.0,0.0,0.0,41.4,2.06,4.9,319,0,27120.0,1,0.11,0.0,3685.0,0,0.0,0,0,0.0,-1,-1,-1,-1,0.0,0.0
2026-07-21T13:00,0.0,0.0,0.0,0.0,38.2,1.15,4.8,304,0,27120.0,1,0.11,0.0,70.0,0,0.0,0,0,0.0,-1,-1,-1,-1,0.0,0.0
2026-07-21T14:00,0.0,0.0,0.0,0.0,35.3,0.43,1.9,324,0,27100.0,0,0.11,0.0,25.0,0,0.0,0,0,0.0,-1,-1,-1,-1,0.0,0.0
2026-07-21T15:00,0.0,0.0,0.0,0.0,34.1,0.83,1.2,65,0,27100.0,0,0.11,0.0,40.0,0,0.0,0,0,0.0,-1,-1,-1,-1,0.0,0.0
2026-07-21T16:00,0.0,0.0,0.0,0.0,32.5,1.18,2.1,78,0,27100.0,0,0.11,0.0,45.0,0,0.0,0,0,0.0,-1,-1,-1,-1,0.0,0.0
2026-07-21T17:00,0.0,0.0,0.0,0.0,31.3,0.36,1.8,56,0,27100.0,0,0.11,0.0,20.0,0,0.0,0,0,0.0,-1,-1,-1,-1,0.0,0.0
2026-07-21T18:00,0.0,0.0,0.0,0.0,29.4,1.46,1.3,59,0,27100.0,0,0.11,0.0,30.0,0,0.0,0,0,0.0,-1,-1,-1,-1,0.0,0.0
2026-07-21T19:00,0.0,0.0,0.0,0.0,28.5,1.96,3.3,52,0,27100.0,0,0.11,0.0,35.0,0,0.0,0,0,0.0,-1,-1,-1,-1,0.0,0.0
2026-07-21T20:00,0.0,0.0,0.0,0.0,28.4,2.38,3.9,60,0,27100.0,0,0.11,0.0,50.0,0,0.0,0,0,0.0,-1,-1,-1,-1,0.0,0.0
2026-07-21T21:00,0.0,0.0,0.0,0.0,29.6,3.37,5.8,55,0,27100.0,0,0.11,0.0,100.0,0,0.0,0,0,0.0,-1,-1,-1,-1,0.0,0.0
2026-07-21T22:00,0.0,0.0,0.0,0.0,30.1,4.53,7.8,59,0,27120.0,0,0.11,0.0,200.0,0,0.0,0,0,0.0,-1,-1,-1,-1,0.0,0.0
2026-07-21T23:00,0.0,0.0,0.0,0.0,30.1,4.99,8.9,69,0,27120.0,1,0.11,0.0,265.0,0,0.0,0,0,0.0,-1,-1,-1,-1,0.0,0.0
2026-07-22T00:00,0.0,0.0,0.0,0.0,30.5,4.63,9.7,57,0,27120.0,1,0.11,0.0,245.0,0,0.0,0,0,0.0,-1,-1,-1,-1,0.0,0.0
2026-07-22T01:00,0.0,0.0,0.0,0.0,33.8,5.73,10.7,46,0,27120.0,1,0.11,0.0,450.0,0,0.0,0,0,0.0,-1,-1,-1,-1,0.0,0.0
2026-07-22T02:00,0.0,0.0,0.0,0.0,35.5,6.33,12.3,44,0,27120.0,1,0.11,0.0,540.0,0,0.0,0,0,0.0,-1,-1,-1,-1,0.0,0.0
2026-07-22T03:00,0.0,0.0,0.0,0.0,37.2,6.54,13.0,45,0,27120.0,1,0.11,0.0,715.0,0,0.0,0,0,0.0,-1,-1,-1,-1,0.0,0.0
2026-07-22T04:00,0.0,0.0,0.0,0.0,38.6,6.55,13.3,52,0,27120.0,1,0.11,0.0,1650.0,0,0.0,0,0,0.0,-1,-1,-1,-1,0.0,0.0
2026-07-22T05:00,0.0,0.0,0.0,0.0,40.2,6.2,13.4,55,0,27120.0,1,0.11,0.0,2270.0,0,0.0,0,0,0.0,-1,-1,-1,-1,0.0,0.0
2026-07-22T06:00,0.0,0.0,0.0,0.0,41.3,5.33,12.9,58,0,27140.0,1,0.11,0.0,3590.0,0,0.0,0,0,0.0,-1,-1,-1,-1,0.0,0.0
2026-07-22T07:00,0.0,0.0,0.0,0.0,42.1,4.15,11.3,59,0,27140.0,1,0.11,0.0,3885.0,0,0.0,0,0,0.0,-1,-1,-1,-1,0.0,0.0
2026-07-22T08:00,0.0,0.0,0.0,0.0,42.5,3.48,9.8,51,0,27160.0,1,0.11,0.0,4250.0,0,0.0,0,0,0.0,-1,-1,-1,-1,0.0,0.0
2026-07-22T09:00,0.0,0.0,0.0,0.0,42.6,3.24,8.8,34,0,27160.0,1,0.11,0.0,3995.0,0,0.0,0,0,0.0,-1,-1,-1,-1,0.0,0.0
2026-07-22T10:00,0.0,0.0,0.0,0.0,42.4,3.8,8.9,27,0,27160.0,1,0.109,0.0,3845.0,0,0.0,0,0,0.0,-1,-1,-1,-1,0.0,0.0
2026-07-22T11:00,0.0,0.0,0.0,0.0,41.9,3.42,8.9,27,0,27160.0,1,0.109,0.0,3580.0,0,0.0,0,0,0.0,-1,-1,-1,-1,0.0,0.0
2026-07-22T12:00,0.0,0.0,0.0,0.0,41.6,4.3,7.8,40,5,27160.0,1,0.109,0.0,1800.0,0,0.0,0,0,0.0,-1,-1,-1,-1,0.0,0.0
2026-07-22T13:00,0.0,0.0,0.0,0.0,39.6,4.95,9.2,47,6,27160.0,1,0.109,0.0,795.0,1,0.0,0,0,0.0,-1,-1,-1,-1,0.0,0.0
2026-07-22T14:00,0.0,0.0,0.0,0.0,37.7,5.34,9.6,47,8,27160.0,0,0.109,0.0,520.0,0,0.0,0,0,0.0,-1,-1,-1,-1,0.0,0.0
2026-07-22T15:00,0.0,0.0,0.0,0.0,36.7,5.34,9.7,46,79,27140.0,0,0.109,0.0,530.0,0,0.0,2,0,0.0,-1,-1,-1,-1,0.0,0.0
2026-07-22T16:00,0.0,0.0,0.0,0.0,34.8,5.49,11.3,48,80,27140.0,0,0.109,10.0,430.0,0,0.0,3,0,0.0,-1,-1,-1,-1,0.0,0.0
2026-07-22T17:00,0.0,0.0,0.0,0.0,33.7,5.19,10.0,40,71,27120.0,0,0.109,10.0,370.0,0,0.0,2,0,0.0,-1,-1,-1,-1,0.0,0.0
2026-07-22T18:00,0.0,0.0,0.0,0.0,34.6,6.13,12.1,38,58,27140.0,0,0.109,20.0,645.0,0,0.0,2,0,0.0,-1,-1,-1,-1,0.0,0.0
2026-07-22T19:00,0.0,0.0,0.0,0.0,34.5,6.97,12.6,39,38,27140.0,0,0.109,0.0,630.0,0,0.0,1,0,0.0,-1,-1,-1,-1,0.0,0.0
2026-07-22T20:00,0.0,0.0,0.0,0.0,34.1,7.73,13.9,41,53,27140.0,0,0.109,0.0,610.0,1,0.0,2,0,0.0,-1,-1,-1,-1,0.0,0.0
2026-07-22T21:00,0.0,0.0,0.0,0.0,33.9,7.92,14.5,45,97,27140.0,0,0.109,0.0,700.0,1,0.0,3,0,0.0,-1,-1,-1,-1,0.0,0.0
2026-07-22T22:00,0.0,0.0,0.0,0.0,34.1,7.64,14.2,47,36,27140.0,0,0.109,0.0,760.0,1,0.0,1,0,0.0,-1,-1,-1,-1,0.0,0.0
2026-07-22T23:00,0.0,0.0,0.0,0.0,33.1,7.52,13.9,49,98,27140.0,0,0.109,0.0,775.0,1,0.0,3,0,0.0,-1,-1,-1,-1,0.0,0.0
2026-07-23T00:00,0.0,0.0,0.0,0.0,32.8,6.99,13.5,53,93,27140.0,1,0.113,0.0,765.0,1,0.0,3,0,0.0,-1,-1,-1,-1,0.0,0.0
2026-07-23T01:00,0.0,0.0,0.0,0.0,33.4,7.12,13.8,55,98,27140.0,1,0.113,0.0,850.0,1,0.0,3,0,0.0,-1,-1,-1,-1,0.0,0.0
2026-07-23T02:00,0.0,0.0,0.0,0.0,33.9,8.24,15.0,53,99,27140.0,1,0.113,0.0,905.0,1,0.0,3,0,0.0,-1,-1,-1,-1,0.0,0.0
2026-07-23T03:00,0.0,0.0,0.0,0.0,34.8,8.11,15.5,51,100,27160.0,1,0.113,10.0,940.0,1,0.0,3,0,0.0,-1,-1,-1,-1,0.0,0.0
2026-07-23T04:00,0.0,0.0,0.0,0.0,35.9,7.85,15.3,50,100,27160.0,1,0.112,10.0,1045.0,0,0.0,3,0,0.0,-1,-1,-1,-1,0.0,0.0
2026-07-23T05:00,0.0,0.0,0.0,0.0,36.7,7.42,15.1,53,100,27160.0,1,0.112,0.0,1070.0,0,0.0,3,0,0.0,-1,-1,-1,-1,0.0,0.0
2026-07-23T06:00,0.0,0.0,0.0,0.0,37.5,6.17,14.4,59,100,27160.0,1,0.112,10.0,1160.0,0,0.0,3,0,0.0,-1,-1,-1,-1,0.0,0.0
2026-07-23T07:00,0.0,0.0,0.0,0.0,37.8,5.68,12.5,62,100,27160.0,1,0.112,10.0,2050.0,0,0.0,3,0,0.0,-1,-1,-1,-1,0.0,0.0
2026-07-23T08:00,0.0,0.0,0.0,0.0,38.0,4.43,11.7,72,100,27160.0,1,0.112,10.0,2210.0,0,0.0,3,0,0.0,-1,-1,-1,-1,0.0,0.0
2026-07-23T09:00,0.0,0.0,0.0,0.0,38.0,3.7,9.5,71,97,27160.0,1,0.112,0.0,2265.0,0,0.0,3,0,0.0,-1,-1,-1,-1,0.0,0.0
2026-07-23T10:00,0.0,0.0,0.0,0.0,39.3,2.71,8.4,86,59,27160.0,1,0.111,0.0,3565.0,1,0.0,2,0,0.0,-1,-1,-1,-1,0.0,0.0
2026-07-23T11:00,0.0,0.0,0.0,0.0,39.3,4.21,8.1,143,92,27160.0,1,0.111,0.0,3500.0,1,0.0,3,0,0.0,-1,-1,-1,-1,0.0,0.0
2026-07-23T12:00,0.0,0.0,0.0,0.0,38.6,3.11,9.0,138,20,27160.0,1,0.112,0.0,3125.0,0,0.0,1,0,0.0,-1,-1,-1,-1,0.0,0.0
2026-07-23T13:00,0.0,0.0,0.0,0.0,36.5,4.0,6.2,43,70,27160.0,1,0.111,0.0,820.0,1,0.0,2,0,0.0,-1,-1,-1,-1,0.0,0.0
2026-07-23T14:00,0.0,0.0,0.0,0.0,33.5,5.86,11.5,39,1,27140.0,0,0.111,0.0,535.0,1,0.0,0,0,0.0,-1,-1,-1,-1,0.0,0.0
2026-07-23T15:00,0.0,0.0,0.0,0.0,32.8,5.77,11.1,43,2,27140.0,0,0.111,0.0,535.0,1,0.0,0,0,0.0,-1,-1,-1,-1,0.0,0.0
2026-07-23T16:00,0.0,0.0,0.0,0.0,32.1,5.44,10.5,36,31,27140.0,0,0.111,0.0,530.0,1,0.0,1,0,0.0,-1,-1,-1,-1,0.0,0.0
2026-07-23T17:00,0.0,0.0,0.0,0.0,31.8,5.48,10.0,34,47,27140.0,0,0.111,0.0,495.0,1,0.0,1,0,0.0,-1,-1,-1,-1,0.0,0.0
2026-07-23T18:00,0.0,0.0,0.0,0.0,31.8,4.3,10.0,33,70,27140.0,0,0.111,0.0,430.0,0,0.0,2,0,0.0,-1,-1,-1,-1,0.0,0.0
2026-07-23T19:00,0.0,0.0,0.0,0.0,31.4,4.36,7.7,32,32,27140.0,0,0.111,0.0,450.0,1,0.0,1,0,0.0,-1,-1,-1,-1,0.0,0.0
2026-07-23T20:00,0.0,0.0,0.0,0.0,30.5,4.83,8.6,40,3,27140.0,0,0.111,0.0,395.0,1,0.0,0,0,0.0,-1,-1,-1,-1,0.0,0.0
2026-07-23T21:00,0.0,0.0,0.0,0.0,29.4,3.86,8.5,47,14,27140.0,0,0.111,0.0,185.0,1,0.0,0,0,0.0,-1,-1,-1,-1,0.0,0.0
2026-07-23T22:00,0.0,0.0,0.0,0.0,28.3,2.95,6.8,56,15,27140.0,0,0.111,0.0,125.0,1,0.0,0,0,0.0,-1,-1,-1,-1,0.0,0.0
2026-07-23T23:00,0.0,0.0,0.0,0.0,27.5,2.91,5.3,63,8,27160.0,0,0.111,0.0,110.0,1,0.0,0,0,0.0,-1,-1,-1,-1,0.0,0.0
2026-07-24T00:00,0.0,0.0,0.0,0.0,28.0,3.07,5.3,66,2,27160.0,1,0.111,0.0,105.0,1,0.0,0,0,0.0,-1,-1,-1,-1,0.0,0.0
2026-07-24T01:00,0.0,0.0,0.0,0.0,30.6,3.15,6.4,63,18,27160.0,1,0.111,0.0,195.0,1,0.0,0,0,0.0,-1,-1,-1,-1,0.0,0.0
2026-07-24T02:00,0.0,0.0,0.0,0.0,33.9,3.26,6.7,75,20,27180.0,1,0.111,0.0,550.0,1,0.0,1,0,0.0,-1,-1,-1,-1,0.0,0.0
2026-07-24T03:00,0.0,0.0,0.0,0.0,36.6,5.07,10.4,49,93,27180.0,1,0.111,0.0,1025.0,1,0.0,3,0,0.0,-1,-1,-1,-1,0.0,0.0
2026-07-24T04:00,0.0,0.0,0.0,0.0,37.4,6.03,12.2,50,84,27180.0,1,0.111,0.0,1120.0,1,0.0,3,0,0.0,-1,-1,-1,-1,0.0,0.0
2026-07-24T05:00,0.0,0.0,0.0,0.0,37.6,6.82,13.6,57,90,27180.0,1,0.111,0.0,1060.0,1,0.0,3,0,0.0,-1,-1,-1,-1,0.0,0.0
2026-07-24T06:00,0.0,0.0,0.0,0.0,38.1,6.37,14.0,70,59,27180.0,1,0.111,0.0,1290.0,0,0.0,2,0,0.0,-1,-1,-1,-1,0.0,0.0
2026-07-24T07:00,0.0,0.0,0.0,0.0,39.0,5.71,13.2,73,22,27200.0,1,0.111,0.0,1380.0,1,0.0,1,0,0.0,-1,-1,-1,-1,0.0,0.0
2026-07-24T08:00,0.0,0.0,0.0,0.0,40.2,3.92,12.0,76,73,27200.0,1,0.111,0.0,2945.0,1,0.0,2,0,0.0,-1,-1,-1,-1,0.0,0.0
2026-07-24T09:00,0.0,0.0,0.0,0.0,40.3,3.24,9.2,63,27,27200.0,1,0.111,0.0,2970.0,1,0.0,1,0,0.0,-1,-1,-1,-1,0.0,0.0
2026-07-24T10:00,0.0,0.0,0.0,0.0,40.5,3.47,8.3,44,30,27200.0,1,0.111,0.0,3345.0,1,0.0,1,0,0.0,-1,-1,-1,-1,0.0,0.0
2026-07-24T11:00,0.0,0.0,0.0,0.0,40.1,3.82,8.6,32,5,27200.0,1,0.111,0.0,3485.0,1,0.0,0,0,0.0,-1,-1,-1,-1,0.0,0.0
2026-07-24T12:00,0.0,0.0,0.0,0.0,39.6,3.92,9.2,19,7,27200.0,1,0.111,0.0,2380.0,0,0.0,0,0,0.0,-1,-1,-1,-1,0.0,0.0
2026-07-24T13:00,0.0,0.0,0.0,0.0,37.7,3.22,7.9,12,19,27200.0,1,0.111,0.0,410.0,0,0.0,0,0,0.0,-1,-1,-1,-1,0.0,0.0
2026-07-24T14:00,0.0,0.0,0.0,0.0,34.9,1.98,5.9,47,72,27200.0,0,0.11,0.0,190.0,0,0.0,2,0,0.0,-1,-1,-1,-1,0.0,0.0
2026-07-24T15:00,0.0,0.0,0.0,0.0,35.1,2.93,5.3,110,32,27200.0,0,0.11,0.0,290.0,0,0.0,1,0,0.0,-1,-1,-1,-1,0.0,0.0
2026-07-24T16:00,0.0,0.0,0.0,0.0,32.0,1.25,5.1,127,26,27200.0,0,0.11,0.0,65.0,0,0.0,1,0,0.0,-1,-1,-1,-1,0.0,0.0
2026-07-24T17:00,0.0,0.0,0.0,0.0,31.4,0.18,1.7,34,16,27200.0,0,0.11,0.0,15.0,0,0.0,0,0,0.0,-1,-1,-1,-1,0.0,0.0
2026-07-24T18:00,0.0,0.0,0.0,0.0,30.2,1.05,2.0,5,84,27180.0,0,0.11,0.0,40.0,0,0.0,3,0,0.0,-1,-1,-1,-1,0.0,0.0
2026-07-24T19:00,0.0,0.0,0.0,0.0,30.2,1.68,3.4,30,45,27180.0,0,0.11,0.0,50.0,1,0.0,1,0,0.0,-1,-1,-1,-1,0.0,0.0
2026-07-24T20:00,0.0,0.0,0.0,0.0,30.3,2.82,4.9,37,98,27180.0,0,0.11,0.0,105.0,1,0.0,3,0,0.0,-1,-1,-1,-1,0.0,0.0
2026-07-24T21:00,0.0,0.0,0.0,0.0,30.4,3.58,6.0,36,42,27180.0,0,0.11,0.0,120.0,1,0.0,1,0,0.0,-1,-1,-1,-1,0.0,0.0
2026-07-24T22:00,0.0,0.0,0.0,0.0,30.9,3.02,7.4,51,99,27180.0,0,0.11,0.0,150.0,1,0.0,3,0,0.0,-1,-1,-1,-1,0.0,0.0
2026-07-24T23:00,0.0,0.0,0.0,0.0,28.7,1.28,5.5,39,89,27180.0,0,0.11,0.0,50.0,1,0.0,3,0,0.0,-1,-1,-1,-1,0.0,0.0
2026-07-25T00:00,0.0,0.0,0.0,0.0,28.6,1.5,2.6,26,100,27180.0,1,0.11,0.0,50.0,0,0.0,3,0,0.0,-1,-1,-1,-1,0.0,0.0
2026-07-25T01:00,0.0,0.0,0.0,0.0,30.6,1.86,3.4,333,100,27180.0,1,0.11,0.0,50.0,1,0.0,3,0,0.0,-1,-1,-1,-1,0.0,0.0
2026-07-25T02:00,0.0,0.0,0.0,0.0,32.1,2.78,5.1,284,100,27180.0,1,0.11,0.0,325.0,1,0.0,3,0,0.0,-1,-1,-1,-1,0.0,0.0
2026-07-25T03:00,0.0,0.0,0.0,0.0,31.1,2.51,6.4,247,100,27200.0,1,0.11,0.0,345.0,1,0.0,3,0,0.0,-1,-1,-1,-1,0.0,0.0
2026-07-25T04:00,0.0,0.0,0.0,0.0,32.7,0.7,4.9,274,100,27200.0,1,0.11,0.0,385.0,1,0.0,3,0,0.0,-1,-1,-1,-1,0.0,0.0
2026-07-25T05:00,0.0,0.0,0.0,0.0,34.1,1.83,4.5,17,100,20260.0,1,0.11,0.0,1620.0,1,0.0,3,0,0.0,-1,-1,-1,-1,0.0,0.0
2026-07-25T06:00,0.0,0.0,0.0,0.0,32.0,2.94,6.4,21,100,27200.0,1,0.11,0.0,965.0,0,0.0,3,0,0.0,-1,-1,-1,-1,0.0,0.0
2026-07-25T07:00,0.0,0.0,0.0,0.0,33.8,3.15,7.6,27,92,27200.0,1,0.11,0.0,935.0,1,0.0,3,0,0.0,-1,-1,-1,-1,0.0,0.0
2026-07-25T08:00,0.0,0.0,0.0,0.0,34.7,3.89,9.0,46,100,27200.0,1,0.11,0.0,955.0,1,0.0,3,0,0.0,-1,-1,-1,-1,0.0,0.0
2026-07-25T09:00,0.0,0.0,0.0,0.0,34.3,4.25,9.3,53,16,27200.0,1,0.11,0.0,920.0,1,0.0,0,0,0.0,-1,-1,-1,-1,0.0,0.0
2026-07-25T10:00,0.0,0.0,0.0,0.0,35.4,3.18,9.5,53,36,27200.0,1,0.11,0.0,1410.0,1,0.0,1,0,0.0,-1,-1,-1,-1,0.0,0.0
2026-07-25T11:00,0.0,0.0,0.0,0.0,35.5,2.23,7.7,40,22,27200.0,1,0.11,0.0,1505.0,1,0.0,1,0,0.0,-1,-1,-1,-1,0.0,0.0
2026-07-25T12:00,0.0,0.0,0.0,0.0,34.9,2.79,6.0,44,1,27200.0,1,0.111,0.0,1660.0,0,0.0,0,0,0.0,-1,-1,-1,-1,0.0,0.0
2026-07-25T13:00,0.0,0.0,0.0,0.0,33.6,2.51,6.1,67,28,27200.0,1,0.111,0.0,565.0,1,0.0,1,0,0.0,-1,-1,-1,-1,0.0,0.0
2026-07-25T14:00,0.0,0.0,0.0,0.0,31.6,1.93,4.8,80,16,27200.0,0,0.111,0.0,150.0,1,0.0,0,0,0.0,-1,-1,-1,-1,0.0,0.0
2026-07-25T15:00,0.0,0.0,0.0,0.0,30.1,1.72,3.5,64,21,27200.0,0,0.111,0.0,95.0,1,0.0,1,0,0.0,-1,-1,-1,-1,0.0,0.0
2026-07-25T16:00,0.0,0.0,0.0,0.0,29.3,1.62,3.0,56,86,27200.0,0,0.111,0.0,70.0,1,0.0,3,0,0.0,-1,-1,-1,-1,0.0,0.0
2026-07-25T17:00,0.0,0.0,0.0,0.0,28.9,1.57,2.8,59,47,27180.0,0,0.111,0.0,50.0,1,0.0,1,0,0.0,-1,-1,-1,-1,0.0,0.0
2026-07-25T18:00,0.0,0.0,0.0,0.0,28.4,1.01,3.1,81,5,27180.0,0,0.111,0.0,30.0,0,0.0,0,0,0.0,-1,-1,-1,-1,0.0,0.0
2026-07-25T19:00,0.0,0.0,0.0,0.0,27.2,1.81,3.0,62,9,27180.0,0,0.111,0.0,45.0,0,0.0,0,0,0.0,-1,-1,-1,-1,0.0,0.0
2026-07-25T20:00,0.0,0.0,0.0,0.0,26.7,2.07,3.2,82,7,27180.0,0,0.111,0.0,70.0,0,0.0,0,0,0.0,-1,-1,-1,-1,0.0,0.0
2026-07-25T21:00,0.0,0.0,0.0,0.0,26.8,2.17,3.6,52,9,27180.0,0,0.111,0.0,90.0,0,0.0,0,0,0.0,-1,-1,-1,-1,0.0,0.0
2026-07-25T22:00,0.0,0.0,0.0,0.0,26.9,2.38,4.2,22,57,27220.0,0,0.111,0.0,80.0,0,0.0,2,0,0.0,-1,-1,-1,-1,0.0,0.0
2026-07-25T23:00,0.0,0.0,0.0,0.0,26.0,2.03,4.2,38,86,27220.0,0,0.111,0.0,60.0,0,0.0,3,0,0.0,-1,-1,-1,-1,0.0,0.0
2026-07-26T00:00,0.0,0.0,0.0,0.0,27.6,2.69,4.2,75,100,27220.0,1,0.111,0.0,130.0,0,0.0,3,0,0.0,-1,-1,-1,-1,0.0,0.0
2026-07-26T01:00,0.0,0.0,0.0,0.0,30.2,3.29,5.9,62,100,27220.0,1,0.111,0.0,235.0,0,0.0,3,0,0.0,-1,-1,-1,-1,0.0,0.0
2026-07-26T02:00,0.0,0.0,0.0,0.0,32.9,3.96,8.0,74,100,27260.0,1,0.111,0.0,695.0,0,0.0,3,0,0.0,-1,-1,-1,-1,0.0,0.0
2026-07-26T03:00,0.0,0.0,0.0,0.0,33.9,4.44,9.3,50,96,27260.0,1,0.111,0.0,1240.0,0,0.0,3,0,0.0,-1,-1,-1,-1,0.0,0.0
2026-07-26T04:00,0.0,0.0,0.0,0.0,34.9,3.86,9.4,59,91,27260.0,1,0.11,0.0,1575.0,0,0.0,3,0,0.0,-1,-1,-1,-1,0.0,0.0
2026-07-26T05:00,0.0,0.0,0.0,0.0,36.0,2.98,8.7,81,88,27260.0,1,0.11,0.0,1975.0,0,0.0,3,0,0.0,-1,-1,-1,-1,0.0,0.0
2026-07-26T06:00,0.0,0.0,0.0,0.0,36.3,1.9,7.7,93,99,27260.0,1,0.11,0.0,2300.0,0,0.0,3,0,0.0,-1,-1,-1,-1,0.0,0.0
2026-07-26T07:00,0.0,0.0,0.0,0.0,36.7,0.71,5.8,129,100,27260.0,1,0.11,0.0,2645.0,0,0.0,3,0,0.0,-1,-1,-1,-1,0.0,0.0
2026-07-26T08:00,0.0,0.0,0.0,0.0,36.6,1.52,4.6,229,100,27260.0,1,0.11,10.0,2815.0,0,0.0,3,0,0.0,-1,-1,-1,-1,0.0,0.0
2026-07-26T09:00,0.0,0.0,0.0,0.0,36.1,3.11,6.4,240,100,27260.0,1,0.11,30.0,2810.0,0,0.0,3,0,0.0,-1,-1,-1,-1,0.0,0.0
2026-07-26T10:00,0.0,0.0,0.0,0.0,35.5,3.74,7.3,247,86,27260.0,1,0.11,30.0,2610.0,0,0.0,3,0,0.0,-1,-1,-1,-1,0.0,0.0
2026-07-26T11:00,0.0,0.0,0.0,0.0,35.4,3.95,8.2,252,91,27260.0,1,0.11,30.0,2440.0,0,0.0,3,0,0.0,-1,-1,-1,-1,0.0,0.0
2026-07-26T12:00,0.0,0.0,0.0,0.0,35.3,2.87,7.9,221,45,27260.0,1,0.11,10.0,2150.0,0,0.0,1,0,0.0,-1,-1,-1,-1,0.0,0.0
2026-07-26T13:00,0.0,0.0,0.0,0.0,33.6,2.07,5.4,200,65,27240.0,1,0.11,0.0,475.0,0,0.0,2,0,0.0,-1,-1,-1,-1,0.0,0.0
2026-07-26T14:00,0.0,0.0,0.0,0.0,31.4,2.31,3.8,186,92,27240.0,0,0.11,0.0,300.0,0,0.0,3,0,0.0,-1,-1,-1,-1,0.0,0.0
2026-07-26T15:00,0.0,0.0,0.0,0.0,30.5,0.45,3.6,243,100,27240.0,0,0.11,10.0,85.0,0,0.0,3,0,0.0,-1,-1,-1,-1,0.0,0.0
2026-07-26T16:00,0.0,0.0,0.0,0.0,29.7,0.41,0.8,14,100,27240.0,0,0.11,10.0,35.0,0,0.0,3,0,0.0,-1,-1,-1,-1,0.0,0.0
2026-07-26T17:00,0.0,0.0,0.0,0.0,28.8,0.22,0.9,153,97,27240.0,0,0.11,0.0,20.0,0,0.0,3,0,0.0,-1,-1,-1,-1,0.0,0.0
2026-07-26T18:00,0.0,0.0,0.0,0.0,28.2,1.89,3.3,238,100,27220.0,0,0.11,0.0,210.0,0,0.0,3,0,0.0,-1,-1,-1,-1,0.0,0.0
2026-07-26T19:00,0.0,0.0,0.0,0.0,26.8,0.39,3.1,40,100,27220.0,0,0.11,0.0,30.0,0,0.0,3,0,0.0,-1,-1,-1,-1,0.0,0.0
2026-07-26T20:00,0.1,1.0,0.0,0.0,26.9,2.48,4.5,65,98,27220.0,0,0.111,0.0,225.0,0,0.0,51,0,0.0,-1,-1,-1,-1,0.0,0.0
2026-07-26T21:00,0.0,0.0,0.0,0.0,26.4,2.14,4.6,33,65,27220.0,0,0.111,0.0,150.0,0,0.0,2,0,0.0,-1,-1,-1,-1,0.0,0.0
2026-07-26T22:00,0.0,0.0,0.0,0.0,25.8,1.99,4.0,28,43,27220.0,0,0.111,0.0,170.0,0,0.0,1,0,0.0,-1,-1,-1,-1,0.0,0.0
2026-07-26T23:00,0.0,0.0,0.0,0.0,23.6,1.53,3.7,32,100,26280.0,0,0.111,0.0,85.0,0,0.0,3,0,0.0,-1,-1,-1,-1,0.0,0.0
2026-07-27T00:00,0.0,0.0,0.0,0.0,24.7,1.64,2.5,38,99,26280.0,1,0.114,0.0,65.0,0,0.0,3,0,0.0,-1,-1,-1,-1,0.0,0.0
2026-07-27T01:00,0.0,0.0,0.0,0.0,26.8,1.93,4.0,73,74,27220.0,1,0.114,0.0,185.0,0,0.0,2,0,0.0,-1,-1,-1,-1,0.0,0.0
2026-07-27T02:00,0.0,0.0,0.0,0.0,30.0,2.72,6.3,58,29,27260.0,1,0.114,0.0,750.0,0,0.0,1,0,0.0,-1,-1,-1,-1,0.0,0.0
2026-07-27T03:00,0.0,0.0,0.0,0.0,31.8,2.64,7.1,75,50,27260.0,1,0.114,0.0,2060.0,0,0.0,2,0,0.0,-1,-1,-1,-1,0.0,0.0
2026-07-27T04:00,0.0,0.0,0.0,0.0,32.8,2.24,6.9,100,86,27260.0,1,0.113,0.0,2430.0,0,0.0,3,0,0.0,-1,-1,-1,-1,0.0,0.0
2026-07-27T05:00,0.0,0.0,0.0,0.0,33.5,1.74,6.5,117,88,27260.0,1,0.113,0.0,2575.0,0,0.0,3,0,0.0,-1,-1,-1,-1,0.0,0.0
2026-07-27T06:00,0.0,0.0,0.0,0.0,33.1,0.68,5.9,197,85,27260.0,1,0.113,30.0,2815.0,0,0.0,3,0,0.0,-1,-1,-1,-1,0.0,0.0
2026-07-27T07:00,0.0,0.0,0.0,0.0,34.4,1.99,6.2,282,100,27260.0,1,0.112,50.0,2830.0,0,0.0,3,0,0.0,-1,-1,-1,-1,0.0,0.0
2026-07-27T08:00,0.0,0.0,0.0,0.0,35.0,3.3,8.3,288,91,27260.0,1,0.112,60.0,2910.0,0,0.0,3,0,0.0,-1,-1,-1,-1,0.0,0.0
2026-07-27T09:00,0.0,0.0,0.0,0.0,35.1,3.84,9.1,288,99,27260.0,1,0.112,60.0,2955.0,0,0.0,3,0,0.0,-1,-1,-1,-1,0.0,0.0
2026-07-27T10:00,0.0,0.0,0.0,0.0,34.7,3.58,9.0,298,95,27260.0,1,0.112,30.0,2860.0,0,0.0,3,0,0.0,-1,-1,-1,-1,0.0,0.0
2026-07-27T11:00,0.0,0.0,0.0,0.0,34.5,3.26,8.3,311,99,27300.0,1,0.112,20.0,2650.0,0,0.0,3,0,0.0,-1,-1,-1,-1,0.0,0.0
2026-07-27T12:00,0.0,0.0,0.0,0.0,33.8,2.3,7.4,294,89,27300.0,1,0.112,0.0,2560.0,0,0.0,3,0,0.0,-1,-1,-1,-1,0.0,0.0
2026-07-27T13:00,0.0,0.0,0.0,0.0,32.8,1.19,5.1,298,91,27300.0,1,0.112,0.0,270.0,0,0.0,3,0,0.0,-1,-1,-1,-1,0.0,0.0
2026-07-27T14:00,0.0,0.0,0.0,0.0,30.6,0.41,2.4,256,93,27280.0,0,0.112,0.0,30.0,0,0.0,3,0,0.0,-1,-1,-1,-1,0.0,0.0
2026-07-27T15:00,0.0,0.0,0.0,0.0,30.0,0.21,0.8,14,92,27280.0,0,0.112,0.0,15.0,0,0.0,3,0,0.0,-1,-1,-1,-1,0.0,0.0
2026-07-27T16:00,0.0,0.0,0.0,0.0,28.7,0.65,0.7,122,7,27280.0,0,0.112,0.0,35.0,0,0.0,0,0,0.0,-1,-1,-1,-1,0.0,0.0
2026-07-27T17:00,0.0,0.0,0.0,0.0,27.4,2.57,4.3,147,91,27240.0,0,0.111,20.0,175.0,0,0.0,3,0,0.0,-1,-1,-1,-1,0.0,0.0
2026-07-27T18:00,0.0,0.0,0.0,0.0,25.6,0.8,4.2,176,3,27240.0,0,0.111,0.0,55.0,0,0.0,0,0,0.0,-1,-1,-1,-1,0.0,0.0
2026-07-27T19:00,0.0,0.0,0.0,0.0,25.1,1.0,1.3,37,66,27260.0,0,0.111,0.0,50.0,0,0.0,2,0,0.0,-1,-1,-1,-1,0.0,0.0
2026-07-27T20:00,0.0,0.0,0.0,0.0,25.1,0.76,2.2,79,100,27260.0,0,0.111,0.0,30.0,0,0.0,3,0,0.0,-1,-1,-1,-1,0.0,0.0
2026-07-27T21:00,0.0,0.0,0.0,0.0,24.8,0.71,1.2,129,95,27260.0,0,0.111,0.0,30.0,0,0.0,3,0,0.0,-1,-1,-1,-1,0.0,0.0
2026-07-27T22:00,0.0,0.0,0.0,0.0,23.4,1.49,2.5,104,41,26320.0,0,0.111,0.0,45.0,0,0.0,1,0,0.0,-1,-1,-1,-1,0.0,0.0
2026-07-27T23:00,0.0,0.0,0.0,0.0,22.2,0.92,2.5,103,13,26320.0,0,0.111,30.0,35.0,0,0.0,0,0,0.0,-1,-1,-1,-1,0.0,0.0
2026-07-28T00:00,0.0,0.0,0.0,0.0,23.3,3.0,3.6,92,71,27260.0,1,0.121,0.0,70.0,0,0.0,2,0,0.0,-1,-1,-1,-1,0.0,0.0
2026-07-28T01:00,0.0,0.0,0.0,0.0,26.3,3.12,5.9,84,100,27260.0,1,0.121,110.0,155.0,0,0.0,3,0,0.0,-1,-1,-1,-1,0.0,0.0
2026-07-28T02:00,0.0,0.0,0.0,0.0,27.8,3.0,5.6,72,97,27260.0,1,0.12,20.0,385.0,0,0.0,3,0,0.0,-1,-1,-1,-1,0.0,0.0
2026-07-28T03:00,0.0,0.0,0.0,0.0,29.1,3.23,7.2,71,100,27260.0,1,0.12,10.0,700.0,0,0.0,3,0,0.0,-1,-1,-1,-1,0.0,0.0
2026-07-28T04:00,0.0,0.0,0.0,0.0,29.2,0.89,6.8,308,100,27300.0,1,0.12,60.0,1260.0,0,0.0,3,0,0.0,-1,-1,-1,-1,0.0,0.0
2026-07-28T05:00,0.0,0.0,0.0,0.0,29.3,1.76,4.7,355,96,27300.0,1,0.119,70.0,1420.0,0,0.0,3,0,0.0,-1,-1,-1,-1,0.0,0.0
2026-07-28T06:00,0.0,0.0,0.0,0.0,29.0,0.16,4.8,288,100,27260.0,1,0.13,50.0,1600.0,0,0.0,3,0,0.0,-1,-1,-1,-1,0.0,0.0
2026-07-28T07:00,0.0,0.0,0.0,0.0,26.8,2.51,5.4,305,100,16440.0,1,0.13,20.0,430.0,0,0.0,3,0,0.0,-1,-1,-1,-1,0.0,0.0
2026-07-28T08:00,0.1,0.0,0.0,0.0,25.1,3.53,6.9,295,100,6940.0,1,0.131,80.0,345.0,0,0.0,51,0,0.1,-1,-1,-1,-1,0.0,0.0
2026-07-28T09:00,0.4,0.0,0.0,0.0,23.6,3.27,8.3,289,100,6100.0,1,0.134,330.0,235.0,0,0.0,51,1,0.4,16,0,4,3,0.916,0.244
2026-07-28T10:00,0.1,0.0,0.0,0.0,23.8,2.22,6.6,284,100,19820.0,1,0.135,580.0,205.0,0,0.0,51,0,0.1,16,1,3,3,0.916,0.244
2026-07-28T11:00,0.3,0.0,0.0,0.0,22.4,3.0,5.4,288,100,4040.0,1,0.137,640.0,195.0,0,0.0,51,1,0.3,16,2,2,3,0.916,0.244
2026-07-28T12:00,1.1,0.0,0.0,0.0,25.5,2.7,6.5,40,100,26320.0,1,0.121,10.0,375.0,0,0.0001,55,1,1.1,16,3,1,3,0.916,0.244
2026-07-28T13:00,0.1,1.0,0.0,0.0,24.4,5.03,9.1,34,100,26320.0,1,0.122,20.0,500.0,0,0.0,51,0,0.0,-1,-1,-1,-1,0.0,0.0
2026-07-28T14:00,0.0,0.0,0.0,0.0,23.2,5.42,10.0,24,100,25260.0,0,0.122,20.0,420.0,0,0.0,3,0,0.0,-1,-1,-1,-1,0.0,0.0
2026-07-28T15:00,0.0,0.0,0.0,0.0,20.8,4.77,10.4,355,100,10940.0,0,0.122,40.0,275.0,0,0.0,3,0,0.0,-1,-1,-1,-1,0.0,0.0
2026-07-28T16:00,2.2,1.0,0.0,0.0,19.1,3.64,8.5,32,98,6460.0,0,0.149,30.0,180.0,0,0.0045,80,1,0.0,17,0,2,-1,0.593,0.758
2026-07-28T17:00,0.9,1.0,0.0,0.0,19.1,2.94,6.8,58,100,16500.0,0,0.161,50.0,135.0,0,0.0,53,1,0.0,17,1,1,-1,0.593,0.758
2026-07-28T18:00,0.1,1.0,0.0,0.0,19.4,2.52,6.5,51,23,23280.0,0,0.198,10.0,175.0,0,0.0,51,0,0.0,-1,-1,-1,-1,0.0,0.0
2026-07-28T19:00,0.0,0.0,0.0,0.0,19.1,1.81,4.7,24,1,23280.0,0,0.198,0.0,110.0,0,0.0,0,0,0.0,-1,-1,-1,-1,0.0,0.0
2026-07-28T20:00,0.0,0.0,0.0,0.0,17.9,0.78,3.3,310,0,23300.0,0,0.198,0.0,40.0,0,0.0,0,0,0.0,-1,-1,-1,-1,0.0,0.0
2026-07-28T21:00,0.0,0.0,0.0,0.0,17.3,1.05,1.6,267,0,23300.0,0,0.198,0.0,70.0,0,0.0,0,0,0.0,-1,-1,-1,-1,0.0,0.0
2026-07-28T22:00,0.0,0.0,0.0,0.0,17.6,0.22,1.5,297,0,23300.0,0,0.198,0.0,25.0,0,0.0,0,0,0.0,-1,-1,-1,-1,0.0,0.0
2026-07-28T23:00,0.0,0.0,0.0,0.0,17.1,0.75,1.0,94,0,23300.0,0,0.198,0.0,40.0,0,0.0,0,0,0.0,-1,-1,-1,-1,0.0,0.0
2026-07-29T00:00,0.0,0.0,0.0,0.0,17.6,0.72,1.6,102,0,21840.0,1,0.187,0.0,35.0,0,0.0,0,0,0.0,-1,-1,-1,-1,0.0,0.0
2026-07-29T01:00,0.0,0.0,0.0,0.0,19.5,0.76,2.6,278,0,23300.0,1,0.187,0.0,95.0,0,0.0,0,0,0.0,-1,-1,-1,-1,0.0,0.0
2026-07-29T02:00,0.0,0.0,0.0,0.0,21.5,1.21,4.0,246,0,24380.0,1,0.186,60.0,240.0,0,0.0,0,0,0.0,-1,-1,-1,-1,0.0,0.0
2026-07-29T03:00,0.0,0.0,0.0,0.0,23.4,1.85,5.4,268,0,24380.0,1,0.184,310.0,520.0,0,0.0,0,0,0.0,-1,-1,-1,-1,0.0,0.0
2026-07-29T04:00,0.0,0.0,0.0,0.0,25.5,2.5,6.7,271,0,25280.0,1,0.181,440.0,805.0,0,0.0,0,0,0.0,-1,-1,-1,-1,0.0,0.0
2026-07-29T05:00,0.0,0.0,0.0,0.0,27.3,3.16,7.8,275,0,26360.0,1,0.178,470.0,1225.0,0,0.0,0,0,0.0,-1,-1,-1,-1,0.0,0.0
2026-07-29T06:00,0.0,0.0,0.0,0.0,28.8,4.0,8.9,273,0,27300.0,1,0.171,260.0,1490.0,0,0.0,0,0,0.0,-1,-1,-1,-1,0.0,0.0
2026-07-29T07:00,0.0,0.0,0.0,0.0,29.4,4.55,10.1,269,3,27300.0,1,0.167,390.0,1550.0,0,0.0,0,0,0.0,-1,-1,-1,-1,0.0,0.0
2026-07-29T08:00,0.0,0.0,0.0,0.0,29.6,4.55,10.2,273,7,27300.0,1,0.164,400.0,1520.0,0,0.0,0,0,0.0,-1,-1,-1,-1,0.0,0.0
2026-07-29T09:00,0.0,0.0,0.0,0.0,29.8,4.7,10.3,278,2,27300.0,1,0.161,400.0,1545.0,0,0.0,0,0,0.0,-1,-1,-1,-1,0.0,0.0
2026-07-29T10:00,0.0,0.0,0.0,0.0,29.8,4.46,10.2,274,8,27300.0,1,0.159,310.0,1435.0,0,0.0,0,0,0.0,-1,-1,-1,-1,0.0,0.0
2026-07-29T11:00,0.0,0.0,0.0,0.0,29.5,4.11,9.5,265,5,27300.0,1,0.157,190.0,1275.0,0,0.0,0,0,0.0,-1,-1,-1,-1,0.0,0.0
2026-07-29T12:00,0.0,0.0,0.0,0.0,30.2,5.06,8.5,287,20,27340.0,1,0.149,140.0,1525.0,0,0.0,1,0,0.0,-1,-1,-1,-1,0.0,0.0
2026-07-29T13:00,0.0,0.0,0.0,0.0,27.5,4.22,9.7,289,62,27320.0,1,0.148,160.0,455.0,0,0.0,2,0,0.0,-1,-1,-1,-1,0.0,0.0
2026-07-29T14:00,0.0,0.0,0.0,0.0,25.0,2.34,7.2,281,58,26360.0,0,0.148,250.0,235.0,0,0.0,2,0,0.0,-1,-1,-1,-1,0.0,0.0
2026-07-29T15:00,0.0,0.0,0.0,0.0,24.0,0.34,3.8,243,66,26360.0,0,0.147,360.0,25.0,0,0.0,2,0,0.0,-1,-1,-1,-1,0.0,0.0
2026-07-29T16:00,0.0,0.0,0.0,0.0,23.0,0.92,1.2,193,58,25280.0,0,0.147,410.0,50.0,0,0.0,2,0,0.0,-1,-1,-1,-1,0.0,0.0
2026-07-29T17:00,0.0,0.0,0.0,0.0,22.2,0.54,1.2,202,91,25280.0,0,0.147,380.0,25.0,0,0.0,3,0,0.0,-1,-1,-1,-1,0.0,0.0
2026-07-29T18:00,0.0,0.0,0.0,0.0,22.1,0.45,0.7,90,99,25280.0,0,0.163,410.0,20.0,0,0.0,3,0,0.0,-1,-1,-1,-1,0.0,0.0
2026-07-29T19:00,0.0,0.0,0.0,0.0,21.4,1.12,1.7,111,93,24400.0,0,0.163,520.0,35.0,0,0.0,3,0,0.0,-1,-1,-1,-1,0.0,0.0
2026-07-29T20:00,0.0,0.0,0.0,0.0,20.8,1.1,1.9,90,55,24400.0,0,0.163,480.0,35.0,0,0.0,2,0,0.0,-1,-1,-1,-1,0.0,0.0
2026-07-29T21:00,0.0,0.0,0.0,0.0,20.8,1.64,2.1,52,2,25300.0,0,0.163,190.0,55.0,0,0.0,0,0,0.0,-1,-1,-1,-1,0.0,0.0
2026-07-29T22:00,0.0,0.0,0.0,0.0,23.0,4.49,7.6,45,3,26380.0,0,0.163,0.0,345.0,0,0.0,0,0,0.0,-1,-1,-1,-1,0.0,0.0
2026-07-29T23:00,0.0,0.0,0.0,0.0,23.8,5.91,10.4,46,1,26380.0,0,0.162,30.0,490.0,0,0.0,0,0,0.0,-1,-1,-1,-1,0.0,0.0
2026-07-30T00:00,0.0,0.0,0.0,0.0,24.0,4.04,10.8,42,22,27320.0,1,0.164,0.0,440.0,0,0.0,1,0,0.0,-1,-1,-1,-1,0.0,0.0
2026-07-30T01:00,0.0,0.0,0.0,0.0,25.7,2.51,7.3,31,23,27320.0,1,0.163,10.0,565.0,0,0.0,1,0,0.0,-1,-1,-1,-1,0.0,0.0
2026-07-30T02:00,0.0,0.0,0.0,0.0,27.5,2.52,5.6,51,77,27320.0,1,0.162,60.0,1100.0,0,0.0,2,0,0.0,-1,-1,-1,-1,0.0,0.0
2026-07-30T03:00,0.0,0.0,0.0,0.0,29.0,4.0,8.6,58,61,27360.0,1,0.161,110.0,1220.0,0,0.0,2,0,0.0,-1,-1,-1,-1,0.0,0.0
2026-07-30T04:00,0.0,0.0,0.0,0.0,30.2,4.09,9.3,65,73,27360.0,1,0.158,170.0,1495.0,0,0.0,2,0,0.0,-1,-1,-1,-1,0.0,0.0
2026-07-30T05:00,0.0,0.0,0.0,0.0,31.2,3.11,9.2,60,56,27360.0,1,0.156,230.0,1850.0,0,0.0,2,0,0.0,-1,-1,-1,-1,0.0,0.0
2026-07-30T06:00,0.0,0.0,0.0,0.0,31.5,0.73,8.0,16,34,27360.0,1,0.175,110.0,2615.0,0,0.0,1,0,0.0,-1,-1,-1,-1,0.0,0.0
2026-07-30T07:00,0.0,0.0,0.0,0.0,32.5,2.72,7.1,302,46,27360.0,1,0.17,90.0,2800.0,0,0.0,1,0,0.0,-1,-1,-1,-1,0.0,0.0
2026-07-30T08:00,0.0,0.0,0.0,0.0,32.1,5.28,10.9,296,93,27360.0,1,0.167,100.0,2380.0,0,0.0,3,0,0.0,-1,-1,-1,-1,0.0,0.0
2026-07-30T09:00,0.0,0.0,0.0,0.0,31.1,5.78,11.7,285,92,27360.0,1,0.164,150.0,1650.0,0,0.0,3,0,0.0,-1,-1,-1,-1,0.0,0.0
2026-07-30T10:00,0.0,0.0,0.0,0.0,30.4,5.93,12.0,286,80,27380.0,1,0.161,130.0,1250.0,0,0.0,3,0,0.0,-1,-1,-1,-1,0.0,0.0
2026-07-30T11:00,0.0,0.0,0.0,0.0,29.6,5.68,11.7,282,91,27380.0,1,0.159,290.0,850.0,0,0.0,3,0,0.0,-1,-1,-1,-1,0.0,0.0
2026-07-30T12:00,0.0,0.0,0.0,0.0,29.7,2.25,11.0,282,77,27380.0,1,0.15,10.0,675.0,0,0.0,2,0,0.0,-1,-1,-1,-1,0.0,0.0
2026-07-30T13:00,0.0,0.0,0.0,0.0,27.4,1.84,4.6,319,70,27380.0,1,0.15,40.0,260.0,0,0.0,2,0,0.0,-1,-1,-1,-1,0.0,0.0
2026-07-30T14:00,0.0,0.0,0.0,0.0,25.1,1.35,3.3,345,66,27340.0,0,0.149,20.0,85.0,0,0.0,2,0,0.0,-1,-1,-1,-1,0.0,0.0
2026-07-30T15:00,0.0,0.0,0.0,0.0,24.6,0.65,1.9,23,16,27340.0,0,0.149,50.0,25.0,0,0.0,0,0,0.0,-1,-1,-1,-1,0.0,0.0
2026-07-30T16:00,0.0,0.0,0.0,0.0,23.5,0.49,1.1,45,10,27340.0,0,0.149,110.0,20.0,0,0.0,0,0,0.0,-1,-1,-1,-1,0.0,0.0
2026-07-30T17:00,0.0,0.0,0.0,0.0,22.4,2.06,2.8,51,0,26400.0,0,0.149,100.0,65.0,0,0.0,0,0,0.0,-1,-1,-1,-1,0.0,0.0
2026-07-30T18:00,0.0,0.0,0.0,0.0,21.6,2.21,5.4,38,0,26400.0,0,0.161,130.0,80.0,0,0.0,0,0,0.0,-1,-1,-1,-1,0.0,0.0
2026-07-30T19:00,0.0,0.0,0.0,0.0,21.2,2.33,4.1,55,0,25320.0,0,0.16,170.0,75.0,0,0.0,0,0,0.0,-1,-1,-1,-1,0.0,0.0
2026-07-30T20:00,0.0,0.0,0.0,0.0,21.5,3.04,5.1,73,0,26400.0,0,0.16,0.0,160.0,0,0.0,0,0,0.0,-1,-1,-1,-1,0.0,0.0
2026-07-30T21:00,0.0,0.0,0.0,0.0,22.1,4.01,7.1,76,0,26400.0,0,0.16,0.0,240.0,0,0.0,0,0,0.0,-1,-1,-1,-1,0.0,0.0
2026-07-30T22:00,0.0,0.0,0.0,0.0,21.9,3.97,7.2,69,0,26400.0,0,0.159,0.0,215.0,0,0.0,0,0,0.0,-1,-1,-1,-1,0.0,0.0
2026-07-30T23:00,0.0,0.0,0.0,0.0,21.6,3.91,7.1,62,0,26400.0,0,0.159,0.0,220.0,0,0.0,0,0,0.0,-1,-1,-1,-1,0.0,0.0
2026-07-31T00:00,0.0,0.0,0.0,0.0,20.7,1.57,7.0,112,0,27360.0,1,0.149,0.0,65.0,0,0.0,0,0,0.0,-1,-1,-1,-1,0.0,0.0
2026-07-31T01:00,0.0,0.0,0.0,0.0,23.2,1.16,3.1,205,0,26400.0,1,0.149,0.0,125.0,0,0.0,0,0,0.0,-1,-1,-1,-1,0.0,0.0
2026-07-31T02:00,0.0,0.0,0.0,0.0,24.9,1.62,4.6,248,0,26400.0,1,0.148,250.0,390.0,0,0.0,0,0,0.0,-1,-1,-1,-1,0.0,0.0
2026-07-31T03:00,0.0,0.0,0.0,0.0,26.5,1.41,5.2,278,0,27360.0,1,0.147,300.0,805.0,0,0.0,0,0,0.0,-1,-1,-1,-1,0.0,0.0
2026-07-31T04:00,0.0,0.0,0.0,0.0,28.2,0.91,5.1,279,3,27360.0,1,0.146,360.0,1335.0,0,0.0,0,0,0.0,-1,-1,-1,-1,0.0,0.0
2026-07-31T05:00,0.0,0.0,0.0,0.0,29.8,1.61,6.3,265,13,27360.0,1,0.144,310.0,1880.0,0,0.0,0,0,0.0,-1,-1,-1,-1,0.0,0.0
2026-07-31T06:00,0.0,0.0,0.0,0.0,30.6,3.44,7.5,283,15,27400.0,1,0.145,90.0,2430.0,0,0.0,0,0,0.0,-1,-1,-1,-1,0.0,0.0
2026-07-31T07:00,0.0,0.0,0.0,0.0,30.9,3.99,9.5,285,23,27400.0,1,0.143,210.0,2320.0,0,0.0,1,0,0.0,-1,-1,-1,-1,0.0,0.0
2026-07-31T08:00,0.0,0.0,0.0,0.0,31.5,3.64,9.5,286,5,27400.0,1,0.141,270.0,2315.0,0,0.0,0,0,0.0,-1,-1,-1,-1,0.0,0.0
2026-07-31T09:00,0.0,0.0,0.0,0.0,31.8,3.63,8.8,282,3,27400.0,1,0.138,170.0,2155.0,0,0.0,0,0,0.0,-1,-1,-1,-1,0.0,0.0
2026-07-31T10:00,0.0,0.0,0.0,0.0,31.6,4.0,8.9,286,19,27400.0,1,0.137,110.0,2050.0,0,0.0,0,0,0.0,-1,-1,-1,-1,0.0,0.0
2026-07-31T11:00,0.0,0.0,0.0,0.0,31.2,3.98,9.0,285,6,27400.0,1,0.135,110.0,1910.0,0,0.0,0,0,0.0,-1,-1,-1,-1,0.0,0.0
2026-07-31T12:00,0.0,0.0,0.0,0.0,31.0,3.2,8.4,295,10,27400.0,1,0.132,20.0,1195.0,0,0.0,0,0,0.0,-1,-1,-1,-1,0.0,0.0
2026-07-31T13:00,0.0,0.0,0.0,0.0,28.7,1.96,6.4,322,2,27400.0,1,0.131,10.0,260.0,0,0.0,0,0,0.0,-1,-1,-1,-1,0.0,0.0
2026-07-31T14:00,0.0,0.0,0.0,0.0,26.5,0.92,3.5,311,2,27420.0,0,0.131,10.0,85.0,0,0.0,0,0,0.0,-1,-1,-1,-1,0.0,0.0
2026-07-31T15:00,0.0,0.0,0.0,0.0,26.1,0.07,1.4,135,0,27420.0,0,0.131,10.0,10.0,0,0.0,0,0,0.0,-1,-1,-1,-1,0.0,0.0
2026-07-31T16:00,0.0,0.0,0.0,0.0,25.1,0.72,1.1,124,0,27380.0,0,0.13,0.0,35.0,0,0.0,0,0,0.0,-1,-1,-1,-1,0.0,0.0
2026-07-31T17:00,0.0,0.0,0.0,0.0,24.0,0.6,1.1,85,0,27380.0,0,0.13,0.0,25.0,0,0.0,0,0,0.0,-1,-1,-1,-1,0.0,0.0
2026-07-31T18:00,0.0,0.0,0.0,0.0,23.1,1.74,2.5,72,0,27380.0,0,0.13,0.0,55.0,0,0.0,0,0,0.0,-1,-1,-1,-1,0.0,0.0
2026-07-31T19:00,0.0,0.0,0.0,0.0,22.2,1.95,3.2,64,0,27380.0,0,0.13,0.0,50.0,0,0.0,0,0,0.0,-1,-1,-1,-1,0.0,0.0
2026-07-31T20:00,0.0,0.0,0.0,0.0,22.4,2.33,4.2,65,0,26420.0,0,0.13,0.0,70.0,0,0.0,0,0,0.0,-1,-1,-1,-1,0.0,0.0
2026-07-31T21:00,0.0,0.0,0.0,0.0,21.9,2.19,4.2,66,0,26420.0,0,0.13,0.0,65.0,0,0.0,0,0,0.0,-1,-1,-1,-1,0.0,0.0
2026-07-31T22:00,0.0,0.0,0.0,0.0,22.2,2.51,4.3,67,2,27400.0,0,0.129,0.0,100.0,0,0.0,0,0,0.0,-1,-1,-1,-1,0.0,0.0
2026-07-31T23:00,0.0,0.0,0.0,0.0,22.2,2.73,4.8,64,1,27400.0,0,0.129,0.0,110.0,0,0.0,0,0,0.0,-1,-1,-1,-1,0.0,0.0
2026-08-01T00:00,0.0,0.0,0.0,0.0,21.7,2.31,4.8,60,10,26440.0,1,0.138,200.0,55.0,0,0.0,0,0,0.0,-1,-1,-1,-1,0.0,0.0
2026-08-01T01:00,0.0,0.0,0.0,0.0,24.7,2.33,4.9,65,5,27400.0,1,0.137,0.0,80.0,0,0.0,0,0,0.0,-1,-1,-1,-1,0.0,0.0
2026-08-01T02:00,0.0,0.0,0.0,0.0,28.0,1.64,4.6,70,2,27400.0,1,0.137,100.0,280.0,0,0.0,0,0,0.0,-1,-1,-1,-1,0.0,0.0
2026-08-01T03:00,0.0,0.0,0.0,0.0,30.3,1.39,5.0,105,9,27420.0,1,0.136,250.0,985.0,0,0.0,0,0,0.0,-1,-1,-1,-1,0.0,0.0
2026-08-01T04:00,0.0,0.0,0.0,0.0,31.7,0.43,4.8,144,8,27440.0,1,0.134,190.0,1920.0,0,0.0,0,0,0.0,-1,-1,-1,-1,0.0,0.0
2026-08-01T05:00,0.0,0.0,0.0,0.0,33.1,1.48,6.0,258,2,27440.0,1,0.133,260.0,2755.0,0,0.0,0,0,0.0,-1,-1,-1,-1,0.0,0.0
2026-08-01T06:00,0.0,0.0,0.0,0.0,33.6,3.16,7.5,274,56,27460.0,1,0.133,170.0,3060.0,0,0.0,2,0,0.0,-1,-1,-1,-1,0.0,0.0
2026-08-01T07:00,0.0,0.0,0.0,0.0,34.1,3.54,8.7,286,53,27460.0,1,0.131,180.0,3195.0,0,0.0,2,0,0.0,-1,-1,-1,-1,0.0,0.0
2026-08-01T08:00,0.0,0.0,0.0,0.0,34.2,3.98,9.2,288,54,27460.0,1,0.129,180.0,3035.0,0,0.0,2,0,0.0,-1,-1,-1,-1,0.0,0.0
2026-08-01T09:00,0.0,0.0,0.0,0.0,33.9,3.94,9.4,288,23,12900.0,1,0.128,140.0,2730.0,0,0.0,1,0,0.0,-1,-1,-1,-1,0.0,0.0
2026-08-01T10:00,0.0,0.0,0.0,0.0,34.1,3.66,8.9,292,25,27460.0,1,0.126,160.0,2720.0,0,0.0,1,0,0.0,-1,-1,-1,-1,0.0,0.0
2026-08-01T11:00,0.0,0.0,0.0,0.0,33.7,4.88,9.8,299,20,27460.0,1,0.125,140.0,2470.0,0,0.0,1,0,0.0,-1,-1,-1,-1,0.0,0.0
2026-08-01T12:00,0.0,0.0,0.0,0.0,32.9,6.27,10.5,291,23,27480.0,1,0.123,140.0,1015.0,0,0.0,1,0,0.0,-1,-1,-1,-1,0.0,0.0
2026-08-01T13:00,0.0,0.0,0.0,0.0,30.9,5.12,11.4,287,3,27440.0,1,0.122,50.0,555.0,0,0.0,0,0,0.0,-1,-1,-1,-1,0.0,0.0
2026-08-01T14:00,0.0,0.0,0.0,0.0,28.6,3.35,9.0,279,0,27440.0,0,0.122,20.0,300.0,0,0.0,0,0,0.0,-1,-1,-1,-1,0.0,0.0
2026-08-01T15:00,0.0,0.0,0.0,0.0,26.3,0.84,5.5,253,0,27440.0,0,0.122,10.0,40.0,0,0.0,0,0,0.0,-1,-1,-1,-1,0.0,0.0
2026-08-01T16:00,0.0,0.0,0.0,0.0,25.1,0.67,1.2,207,0,27420.0,0,0.122,0.0,35.0,0,0.0,0,0,0.0,-1,-1,-1,-1,0.0,0.0
2026-08-01T17:00,0.0,0.0,0.0,0.0,24.6,0.0,0.9,270,0,27420.0,0,0.122,0.0,10.0,0,0.0,0,0,0.0,-1,-1,-1,-1,0.0,0.0
2026-08-01T18:00,0.0,0.0,0.0,0.0,23.5,1.14,1.3,119,0,27420.0,0,0.122,0.0,40.0,0,0.0,0,0,0.0,-1,-1,-1,-1,0.0,0.0
2026-08-01T19:00,0.0,0.0,0.0,0.0,22.2,1.48,2.3,114,0,27420.0,0,0.121,0.0,40.0,0,0.0,0,0,0.0,-1,-1,-1,-1,0.0,0.0
2026-08-01T20:00,0.0,0.0,0.0,0.0,21.9,1.89,2.9,102,0,27420.0,0,0.121,0.0,45.0,0,0.0,0,0,0.0,-1,-1,-1,-1,0.0,0.0
2026-08-01T21:00,0.0,0.0,0.0,0.0,24.0,2.77,4.7,56,0,27460.0,0,0.121,0.0,165.0,0,0.0,0,0,0.0,-1,-1,-1,-1,0.0,0.0
2026-08-01T22:00,0.0,0.0,0.0,0.0,25.3,3.32,5.6,45,0,27460.0,0,0.121,0.0,290.0,0,0.0,0,0,0.0,-1,-1,-1,-1,0.0,0.0
2026-08-01T23:00,0.0,0.0,0.0,0.0,26.6,4.93,8.8,40,1,27460.0,0,0.121,0.0,450.0,0,0.0,0,0,0.0,-1,-1,-1,-1,0.0,0.0
2026-08-02T00:00,0.0,0.0,0.0,0.0,26.2,3.91,9.8,55,0,27460.0,1,0.121,0.0,290.0,0,0.0,0,0,0.0,-1,-1,-1,-1,0.0,0.0
2026-08-02T01:00,0.0,0.0,0.0,0.0,29.2,4.89,9.0,59,0,27480.0,1,0.12,0.0,535.0,0,0.0,0,0,0.0,-1,-1,-1,-1,0.0,0.0
2026-08-02T02:00,0.0,0.0,0.0,0.0,31.6,5.64,10.7,55,0,27500.0,1,0.12,0.0,885.0,0,0.0,0,0,0.0,-1,-1,-1,-1,0.0,0.0
2026-08-02T03:00,0.0,0.0,0.0,0.0,32.9,5.98,12.0,58,0,27500.0,1,0.119,0.0,1260.0,0,0.0,0,0,0.0,-1,-1,-1,-1,0.0,0.0
2026-08-02T04:00,0.0,0.0,0.0,0.0,34.0,5.63,12.0,60,0,27500.0,1,0.118,0.0,1495.0,0,0.0,0,0,0.0,-1,-1,-1,-1,0.0,0.0
2026-08-02T05:00,0.0,0.0,0.0,0.0,35.2,4.29,11.7,62,9,27500.0,1,0.117,0.0,2545.0,0,0.0,0,0,0.0,-1,-1,-1,-1,0.0,0.0
2026-08-02T06:00,0.0,0.0,0.0,0.0,35.7,1.01,9.8,63,0,27500.0,1,0.116,0.0,3305.0,0,0.0,0,0,0.0,-1,-1,-1,-1,0.0,0.0
2026-08-02T07:00,0.0,0.0,0.0,0.0,36.9,1.95,6.3,296,0,27500.0,1,0.115,0.0,3545.0,0,0.0,0,0,0.0,-1,-1,-1,-1,0.0,0.0
2026-08-02T08:00,0.0,0.0,0.0,0.0,37.5,3.53,8.6,288,0,27500.0,1,0.115,0.0,3605.0,0,0.0,0,0,0.0,-1,-1,-1,-1,0.0,0.0
2026-08-02T09:00,0.0,0.0,0.0,0.0,37.4,4.8,10.4,281,2,27500.0,1,0.114,0.0,3355.0,0,0.0,0,0,0.0,-1,-1,-1,-1,0.0,0.0
2026-08-02T10:00,0.0,0.0,0.0,0.0,37.1,5.09,10.8,284,0,27500.0,1,0.114,0.0,2975.0,0,0.0,0,0,0.0,-1,-1,-1,-1,0.0,0.0
2026-08-02T11:00,0.0,0.0,0.0,0.0,36.7,4.3,10.6,293,0,27500.0,1,0.113,0.0,2960.0,0,0.0,0,0,0.0,-1,-1,-1,-1,0.0,0.0
2026-08-02T12:00,0.0,0.0,0.0,0.0,36.0,5.31,9.0,305,0,27500.0,1,0.113,0.0,1070.0,0,0.0,0,0,0.0,-1,-1,-1,-1,0.0,0.0
2026-08-02T13:00,0.0,0.0,0.0,0.0,33.6,2.43,9.7,307,0,27500.0,1,0.113,0.0,405.0,0,0.0,0,0,0.0,-1,-1,-1,-1,0.0,0.0
2026-08-02T14:00,0.0,0.0,0.0,0.0,31.0,0.18,4.2,146,0,27500.0,0,0.113,0.0,10.0,0,0.0,0,0,0.0,-1,-1,-1,-1,0.0,0.0
2026-08-02T15:00,0.0,0.0,0.0,0.0,28.9,1.1,1.6,150,0,27520.0,0,0.113,0.0,35.0,0,0.0,0,0,0.0,-1,-1,-1,-1,0.0,0.0
2026-08-02T16:00,0.0,0.0,0.0,0.0,27.9,0.61,1.6,171,0,27520.0,0,0.112,0.0,20.0,0,0.0,0,0,0.0,-1,-1,-1,-1,0.0,0.0
2026-08-02T17:00,0.0,0.0,0.0,0.0,27.0,0.58,0.7,149,0,27520.0,0,0.112,0.0,20.0,0,0.0,0,0,0.0,-1,-1,-1,-1,0.0,0.0
2026-08-02T18:00,0.0,0.0,0.0,0.0,26.1,0.5,0.7,180,0,27480.0,0,0.112,0.0,15.0,0,0.0,0,0,0.0,-1,-1,-1,-1,0.0,0.0
2026-08-02T19:00,0.0,0.0,0.0,0.0,25.6,0.43,0.8,54,0,27480.0,0,0.112,0.0,20.0,0,0.0,0,0,0.0,-1,-1,-1,-1,0.0,0.0
2026-08-02T20:00,0.0,0.0,0.0,0.0,24.8,1.97,3.3,81,0,27480.0,0,0.112,0.0,40.0,0,0.0,0,0,0.0,-1,-1,-1,-1,0.0,0.0
2026-08-02T21:00,0.0,0.0,0.0,0.0,23.6,1.86,3.9,85,0,27500.0,0,0.112,0.0,40.0,0,0.0,0,0,0.0,-1,-1,-1,-1,0.0,0.0
2026-08-02T22:00,0.0,0.0,0.0,0.0,23.7,2.39,3.5,70,0,27500.0,0,0.112,0.0,75.0,0,0.0,0,0,0.0,-1,-1,-1,-1,0.0,0.0
2026-08-02T23:00,0.0,0.0,0.0,0.0,24.2,2.53,4.1,60,0,27500.0,0,0.112,0.0,100.0,0,0.0,0,0,0.0,-1,-1,-1,-1,0.0,0.0
2026-08-03T00:00,0.0,0.0,0.0,0.0,25.9,2.99,5.0,69,0,27500.0,1,0.112,0.0,130.0,0,0.0,0,0,0.0,-1,-1,-1,-1,0.0,0.0
2026-08-03T01:00,0.0,0.0,0.0,0.0,28.1,3.39,6.3,98,0,27500.0,1,0.112,0.0,195.0,0,0.0,0,0,0.0,-1,-1,-1,-1,0.0,0.0
2026-08-03T02:00,0.0,0.0,0.0,0.0,31.2,3.31,6.8,94,0,27520.0,1,0.112,0.0,330.0,0,0.0,0,0,0.0,-1,-1,-1,-1,0.0,0.0
2026-08-03T03:00,0.0,0.0,0.0,0.0,34.0,3.83,8.3,83,0,27520.0,1,0.112,0.0,710.0,0,0.0,0,0,0.0,-1,-1,-1,-1,0.0,0.0
2026-08-03T04:00,0.0,0.0,0.0,0.0,35.9,3.72,8.8,79,0,27520.0,1,0.112,0.0,1440.0,0,0.0,0,0,0.0,-1,-1,-1,-1,0.0,0.0
2026-08-03T05:00,0.0,0.0,0.0,0.0,37.3,2.5,8.6,78,0,27540.0,1,0.112,0.0,2200.0,0,0.0,0,0,0.0,-1,-1,-1,-1,0.0,0.0
2026-08-03T06:00,0.0,0.0,0.0,0.0,37.9,0.66,7.0,279,0,27560.0,1,0.111,0.0,2630.0,0,0.0,0,0,0.0,-1,-1,-1,-1,0.0,0.0
2026-08-03T07:00,0.0,0.0,0.0,0.0,39.3,2.73,7.4,284,0,27560.0,1,0.111,0.0,2885.0,0,0.0,0,0,0.0,-1,-1,-1,-1,0.0,0.0
2026-08-03T08:00,0.0,0.0,0.0,0.0,39.4,4.22,9.7,284,0,27540.0,1,0.111,0.0,3050.0,0,0.0,0,0,0.0,-1,-1,-1,-1,0.0,0.0
2026-08-03T09:00,0.0,0.0,0.0,0.0,39.1,4.63,10.3,281,1,27540.0,1,0.111,0.0,2875.0,0,0.0,0,0,0.0,-1,-1,-1,-1,0.0,0.0
2026-08-03T10:00,0.0,0.0,0.0,0.0,38.8,4.17,10.2,276,1,27540.0,1,0.111,0.0,2735.0,0,0.0,0,0,0.0,-1,-1,-1,-1,0.0,0.0
2026-08-03T11:00,0.0,0.0,0.0,0.0,38.4,3.29,9.1,287,2,27540.0,1,0.111,0.0,2355.0,0,0.0,0,0,0.0,-1,-1,-1,-1,0.0,0.0
2026-08-03T12:00,0.0,0.0,0.0,0.0,38.4,2.87,7.3,313,2,27540.0,1,0.111,0.0,2430.0,0,0.0,0,0,0.0,-1,-1,-1,-1,0.0,0.0
2026-08-03T13:00,0.0,0.0,0.0,0.0,35.7,1.83,5.9,349,6,27540.0,1,0.111,0.0,220.0,0,0.0,0,0,0.0,-1,-1,-1,-1,0.0,0.0
2026-08-03T14:00,0.0,0.0,0.0,0.0,33.1,0.87,3.4,31,3,27540.0,0,0.111,0.0,50.0,0,0.0,0,0,0.0,-1,-1,-1,-1,0.0,0.0
2026-08-03T15:00,0.0,0.0,0.0,0.0,32.0,0.32,1.4,108,0,27540.0,0,0.111,0.0,25.0,0,0.0,0,0,0.0,-1,-1,-1,-1,0.0,0.0
2026-08-03T16:00,0.0,0.0,0.0,0.0,30.5,0.64,1.0,129,3,27540.0,0,0.111,0.0,35.0,0,0.0,0,0,0.0,-1,-1,-1,-1,0.0,0.0
2026-08-03T17:00,0.0,0.0,0.0,0.0,29.7,0.52,1.0,73,0,27540.0,0,0.111,0.0,25.0,0,0.0,0,0,0.0,-1,-1,-1,-1,0.0,0.0
2026-08-03T18:00,0.0,0.0,0.0,0.0,28.7,0.8,1.3,86,0,27560.0,0,0.111,0.0,30.0,0,0.0,0,0,0.0,-1,-1,-1,-1,0.0,0.0
2026-08-03T19:00,0.0,0.0,0.0,0.0,26.6,1.15,1.7,90,0,27520.0,0,0.111,0.0,35.0,0,0.0,0,0,0.0,-1,-1,-1,-1,0.0,0.0
2026-08-03T20:00,0.0,0.0,0.0,0.0,25.2,1.41,2.1,82,0,27520.0,0,0.111,0.0,30.0,0,0.0,0,0,0.0,-1,-1,-1,-1,0.0,0.0
2026-08-03T21:00,0.0,0.0,0.0,0.0,26.0,2.83,4.5,77,0,27520.0,0,0.111,0.0,80.0,0,0.0,0,0,0.0,-1,-1,-1,-1,0.0,0.0
2026-08-03T22:00,0.0,0.0,0.0,0.0,28.6,4.8,8.2,54,0,27560.0,0,0.111,0.0,235.0,0,0.0,0,0,0.0,-1,-1,-1,-1,0.0,0.0
2026-08-03T23:00,0.0,0.0,0.0,0.0,29.6,5.54,9.8,51,0,27560.0,0,0.111,0.0,365.0,0,0.0,0,0,0.0,-1,-1,-1,-1,0.0,0.0
2026-08-04T00:00,0.0,0.0,0.0,0.0,29.9,5.28,10.3,55,0,27560.0,1,0.111,0.0,400.0,0,0.0,0,0,0.0,-1,-1,-1,-1,0.0,0.0
2026-08-04T01:00,0.0,0.0,0.0,0.0,32.4,6.01,11.3,54,0,27560.0,1,0.111,0.0,600.0,0,0.0,0,0,0.0,-1,-1,-1,-1,0.0,0.0
2026-08-04T02:00,0.0,0.0,0.0,0.0,34.5,5.77,11.3,56,2,27560.0,1,0.111,0.0,850.0,0,0.0,0,0,0.0,-1,-1,-1,-1,0.0,0.0
2026-08-04T03:00,0.0,0.0,0.0,0.0,36.1,7.61,14.6,53,9,27560.0,1,0.111,0.0,1090.0,0,0.0,0,0,0.0,-1,-1,-1,-1,0.0,0.0
2026-08-04T04:00,0.0,0.0,0.0,0.0,37.3,7.5,15.0,56,20,27560.0,1,0.111,0.0,1365.0,0,0.0,1,0,0.0,-1,-1,-1,-1,0.0,0.0
2026-08-04T05:00,0.0,0.0,0.0,0.0,38.5,6.96,14.9,58,50,27600.0,1,0.111,0.0,2100.0,0,0.0,2,0,0.0,-1,-1,-1,-1,0.0,0.0
2026-08-04T06:00,0.0,0.0,0.0,0.0,39.4,6.04,14.1,61,23,27600.0,1,0.11,0.0,2770.0,0,0.0,1,0,0.0,-1,-1,-1,-1,0.0,0.0
2026-08-04T07:00,0.0,0.0,0.0,0.0,40.1,5.52,12.5,65,46,27600.0,1,0.11,0.0,2995.0,0,0.0,1,0,0.0,-1,-1,-1,-1,0.0,0.0
2026-08-04T08:00,0.0,0.0,0.0,0.0,40.5,5.46,11.9,65,98,27600.0,1,0.11,0.0,2950.0,0,0.0,3,0,0.0,-1,-1,-1,-1,0.0,0.0
2026-08-04T09:00,0.0,0.0,0.0,0.0,40.5,6.22,12.6,63,96,27600.0,1,0.11,0.0,2980.0,0,0.0,3,0,0.0,-1,-1,-1,-1,0.0,0.0
2026-08-04T10:00,0.0,0.0,0.0,0.0,40.0,6.67,13.2,58,99,27600.0,1,0.11,0.0,2960.0,0,0.0,3,0,0.0,-1,-1,-1,-1,0.0,0.0
2026-08-04T11:00,0.0,0.0,0.0,0.0,39.3,6.81,13.2,55,99,27600.0,1,0.11,0.0,2240.0,0,0.0,3,0,0.0,-1,-1,-1,-1,0.0,0.0
2026-08-04T12:00,0.0,0.0,0.0,0.0,38.8,6.55,13.1,54,99,27600.0,1,0.11,0.0,1525.0,0,0.0,3,0,0.0,-1,-1,-1,-1,0.0,0.0
2026-08-04T13:00,0.0,0.0,0.0,0.0,37.0,4.77,12.0,44,100,27600.0,1,0.11,0.0,845.0,0,0.0,3,0,0.0,-1,-1,-1,-1,0.0,0.0
2026-08-04T14:00,0.0,0.0,0.0,0.0,35.6,3.12,8.8,35,100,27580.0,0,0.11,0.0,365.0,0,0.0,3,0,0.0,-1,-1,-1,-1,0.0,0.0
2026-08-04T15:00,0.0,0.0,0.0,0.0,34.8,3.37,6.1,41,98,27580.0,0,0.11,0.0,260.0,0,0.0,3,0,0.0,-1,-1,-1,-1,0.0,0.0
2026-08-04T16:00,0.0,0.0,0.0,0.0,34.7,3.68,6.8,43,66,27580.0,0,0.11,0.0,300.0,0,0.0,2,0,0.0,-1,-1,-1,-1,0.0,0.0
2026-08-04T17:00,0.0,0.0,0.0,0.0,34.3,3.68,6.7,37,78,27580.0,0,0.11,0.0,260.0,0,0.0,2,0,0.0,-1,-1,-1,-1,0.0,0.0
2026-08-04T18:00,0.0,0.0,0.0,0.0,33.3,3.68,7.4,43,99,27580.0,0,0.11,0.0,240.0,0,0.0,3,0,0.0,-1,-1,-1,-1,0.0,0.0
2026-08-04T19:00,0.0,0.0,0.0,0.0,33.2,3.59,6.8,32,100,27580.0,0,0.11,0.0,275.0,0,0.0,3,0,0.0,-1,-1,-1,-1,0.0,0.0
2026-08-04T20:00,0.0,0.0,0.0,0.0,33.8,4.2,7.5,32,100,27580.0,0,0.11,0.0,445.0,0,0.0,3,0,0.0,-1,-1,-1,-1,0.0,0.0
2026-08-04T21:00,0.0,0.0,0.0,0.0,34.0,4.25,8.0,41,100,27580.0,0,0.11,0.0,500.0,0,0.0,3,0,0.0,-1,-1,-1,-1,0.0,0.0
2026-08-04T22:00,0.0,0.0,0.0,0.0,33.2,3.48,7.9,40,61,27600.0,0,0.11,0.0,500.0,0,0.0,2,0,0.0,-1,-1,-1,-1,0.0,0.0
2026-08-04T23:00,0.0,0.0,0.0,0.0,31.3,1.81,6.7,24,80,27600.0,0,0.11,0.0,200.0,0,0.0,3,0,0.0,-1,-1,-1,-1,0.0,0.0
