time_utc,liquid_mm,showers_frac,snowfall_cm,snow_depth_m,temperature_c,wind_ms,gust_ms,wind_dir_deg,cloud_cover,visibility_m,is_day,soil_moisture,cape,pbl_m,cin_missing,thunder_score,weather_code,audible,rain_field_only,event_id,run_elapsed,run_remaining,gap_to_next,burstiness,character
2026-01-14T00:00,0.0,0.0,0.0,0.0,-14.0,0.61,1.2,235,15,81000.0,0,0.233,0.0,25.0,0,0.0,0,0,0.0,-1,-1,-1,-1,0.0,0.0
2026-01-14T01:00,0.0,0.0,0.0,0.0,-14.6,0.64,1.2,219,9,81000.0,1,0.233,0.0,25.0,0,0.0,0,0,0.0,-1,-1,-1,-1,0.0,0.0
2026-01-14T02:00,0.0,0.0,0.0,0.0,-12.0,1.61,2.9,277,9,80980.0,1,0.233,0.0,40.0,0,0.0,0,0,0.0,-1,-1,-1,-1,0.0,0.0
2026-01-14T03:00,0.0,0.0,0.0,0.0,-8.7,1.7,4.5,272,34,81300.0,1,0.233,0.0,295.0,0,0.0,1,0,0.0,-1,-1,-1,-1,0.0,0.0
2026-01-14T04:00,0.0,0.0,0.0,0.0,-6.6,1.66,5.4,277,50,81280.0,1,0.233,0.0,685.0,0,0.0,2,0,0.0,-1,-1,-1,-1,0.0,0.0
2026-01-14T05:00,0.0,0.0,0.0,0.0,-5.1,1.12,5.3,302,66,81720.0,1,0.233,0.0,930.0,0,0.0,2,0,0.0,-1,-1,-1,-1,0.0,0.0
2026-01-14T06:00,0.0,0.0,0.0,0.0,-4.8,0.65,4.9,302,77,81700.0,1,0.233,0.0,1120.0,0,0.0,2,0,0.0,-1,-1,-1,-1,0.0,0.0
2026-01-14T07:00,0.0,0.0,0.0,0.0,-3.5,0.6,4.5,265,81,81700.0,1,0.233,0.0,1225.0,0,0.0,3,0,0.0,-1,-1,-1,-1,0.0,0.0
2026-01-14T08:00,0.0,0.0,0.0,0.0,-3.0,1.0,4.6,252,60,81700.0,1,0.233,0.0,1305.0,0,0.0,2,0,0.0,-1,-1,-1,-1,0.0,0.0
2026-01-14T09:00,0.0,0.0,0.0,0.0,-2.8,1.31,4.7,263,8,81680.0,1,0.233,0.0,1280.0,0,0.0,0,0,0.0,-1,-1,-1,-1,0.0,0.0
2026-01-14T10:00,0.0,0.0,0.0,0.0,-3.2,1.44,4.4,290,2,81680.0,1,0.233,0.0,1080.0,0,0.0,0,0,0.0,-1,-1,-1,-1,0.0,0.0
2026-01-14T11:00,0.0,0.0,0.0,0.0,-5.7,0.21,3.4,45,100,81680.0,1,0.233,0.0,20.0,0,0.0,3,0,0.0,-1,-1,-1,-1,0.0,0.0
2026-01-14T12:00,0.0,0.0,0.0,0.0,-5.7,0.35,1.8,90,99,81660.0,0,0.233,0.0,20.0,0,0.0,3,0,0.0,-1,-1,-1,-1,0.0,0.0
2026-01-14T13:00,0.0,0.0,0.0,0.0,-6.9,1.42,2.3,48,96,81660.0,0,0.233,0.0,35.0,0,0.0,3,0,0.0,-1,-1,-1,-1,0.0,0.0
2026-01-14T14:00,0.0,0.0,0.0,0.0,-7.5,3.32,5.1,18,98,81640.0,0,0.233,0.0,60.0,0,0.0,3,0,0.0,-1,-1,-1,-1,0.0,0.0
2026-01-14T15:00,0.0,0.0,0.0,0.0,-8.6,2.68,5.7,33,84,81200.0,0,0.233,0.0,65.0,0,0.0,3,0,0.0,-1,-1,-1,-1,0.0,0.0
2026-01-14T16:00,0.0,0.0,0.0,0.0,-9.8,1.66,4.4,97,81,81200.0,0,0.233,0.0,40.0,0,0.0,3,0,0.0,-1,-1,-1,-1,0.0,0.0
2026-01-14T17:00,0.0,0.0,0.0,0.0,-10.4,1.45,2.8,94,75,81200.0,0,0.233,0.0,25.0,0,0.0,2,0,0.0,-1,-1,-1,-1,0.0,0.0
2026-01-14T18:00,0.0,0.0,0.0,0.0,-10.2,1.2,2.3,88,53,81180.0,0,0.233,0.0,30.0,0,0.0,2,0,0.0,-1,-1,-1,-1,0.0,0.0
2026-01-14T19:00,0.0,0.0,0.0,0.0,-10.9,1.05,1.9,93,76,81180.0,0,0.233,0.0,35.0,0,0.0,2,0,0.0,-1,-1,-1,-1,0.0,0.0
2026-01-14T20:00,0.0,0.0,0.0,0.0,-11.7,1.03,1.7,61,80,81160.0,0,0.233,0.0,30.0,0,0.0,3,0,0.0,-1,-1,-1,-1,0.0,0.0
2026-01-14T21:00,0.0,0.0,0.0,0.0,-12.2,1.12,2.1,80,92,81160.0,0,0.233,0.0,25.0,0,0.0,3,0,0.0,-1,-1,-1,-1,0.0,0.0
2026-01-14T22:00,0.0,0.0,0.0,0.0,-12.7,1.06,2.0,98,98,81160.0,0,0.233,0.0,25.0,0,0.0,3,0,0.0,-1,-1,-1,-1,0.0,0.0
2026-01-14T23:00,0.0,0.0,0.0,0.0,-13.2,0.82,2.0,76,100,81140.0,0,0.233,0.0,20.0,0,0.0,3,0,0.0,-1,-1,-1,-1,0.0,0.0
2026-01-15T00:00,0.0,0.0,0.0,0.0,-13.9,0.79,1.7,108,85,81140.0,0,0.233,0.0,15.0,0,0.0,3,0,0.0,-1,-1,-1,-1,0.0,0.0
2026-01-15T01:00,0.0,0.0,0.0,0.0,-14.4,0.92,1.5,131,59,81120.0,1,0.233,0.0,25.0,0,0.0,2,0,0.0,-1,-1,-1,-1,0.0,0.0
2026-01-15T02:00,0.0,0.0,0.0,0.0,-11.6,1.52,3.2,136,88,81120.0,1,0.233,0.0,55.0,0,0.0,3,0,0.0,-1,-1,-1,-1,0.0,0.0
2026-01-15T03:00,0.0,0.0,0.0,0.0,-8.5,0.82,3.7,194,70,81120.0,1,0.233,0.0,190.0,0,0.0,2,0,0.0,-1,-1,-1,-1,0.0,0.0
2026-01-15T04:00,0.0,0.0,0.0,0.0,-5.9,1.59,5.0,283,62,81100.0,1,0.233,0.0,475.0,0,0.0,2,0,0.0,-1,-1,-1,-1,0.0,0.0
2026-01-15T05:00,0.0,0.0,0.0,0.0,-3.6,2.84,7.0,279,42,81540.0,1,0.233,0.0,1020.0,0,0.0,1,0,0.0,-1,-1,-1,-1,0.0,0.0
2026-01-15T06:00,0.0,0.0,0.0,0.0,-1.9,4.07,8.6,275,0,81540.0,1,0.233,0.0,3565.0,0,0.0,0,0,0.0,-1,-1,-1,-1,0.0,0.0
2026-01-15T07:00,0.0,0.0,0.0,0.0,-1.0,5.75,11.1,283,33,81520.0,1,0.233,0.0,3725.0,0,0.0,1,0,0.0,-1,-1,-1,-1,0.0,0.0
2026-01-15T08:00,0.0,0.0,0.0,0.0,-1.0,6.27,11.9,275,76,81520.0,1,0.233,0.0,3835.0,0,0.0,2,0,0.0,-1,-1,-1,-1,0.0,0.0
2026-01-15T09:00,0.0,0.0,0.0,0.0,-1.5,6.55,11.9,277,0,81500.0,1,0.233,0.0,3790.0,0,0.0,0,0,0.0,-1,-1,-1,-1,0.0,0.0
2026-01-15T10:00,0.0,0.0,0.0,0.0,-2.5,6.33,12.0,284,43,81500.0,1,0.233,0.0,3590.0,0,0.0,1,0,0.0,-1,-1,-1,-1,0.0,0.0
2026-01-15T11:00,0.0,0.0,0.0,0.0,-4.7,4.92,11.0,285,4,81500.0,1,0.233,0.0,800.0,0,0.0,0,0,0.0,-1,-1,-1,-1,0.0,0.0
2026-01-15T12:00,0.0,0.0,0.0,0.0,-6.5,5.15,8.3,293,2,81480.0,0,0.233,0.0,685.0,0,0.0,0,0,0.0,-1,-1,-1,-1,0.0,0.0
2026-01-15T13:00,0.0,0.0,0.0,0.0,-7.9,3.91,8.7,297,2,81480.0,0,0.233,0.0,470.0,0,0.0,0,0,0.0,-1,-1,-1,-1,0.0,0.0
2026-01-15T14:00,0.0,0.0,0.0,0.0,-10.1,1.85,6.6,289,63,81020.0,0,0.233,0.0,135.0,0,0.0,2,0,0.0,-1,-1,-1,-1,0.0,0.0
2026-01-15T15:00,0.0,0.0,0.0,0.0,-10.7,0.52,3.1,253,21,81020.0,0,0.233,0.0,25.0,0,0.0,1,0,0.0,-1,-1,-1,-1,0.0,0.0
2026-01-15T16:00,0.0,0.0,0.0,0.0,-11.6,0.4,1.3,180,0,81020.0,0,0.233,0.0,20.0,0,0.0,0,0,0.0,-1,-1,-1,-1,0.0,0.0
2026-01-15T17:00,0.0,0.0,0.0,0.0,-11.8,0.1,1.1,360,2,81000.0,0,0.233,0.0,10.0,0,0.0,0,0,0.0,-1,-1,-1,-1,0.0,0.0
2026-01-15T18:00,0.0,0.0,0.0,0.0,-12.2,0.45,1.0,333,0,81000.0,0,0.233,0.0,30.0,0,0.0,0,0,0.0,-1,-1,-1,-1,0.0,0.0
2026-01-15T19:00,0.0,0.0,0.0,0.0,-12.6,0.18,1.2,56,0,81000.0,0,0.233,0.0,15.0,0,0.0,0,0,0.0,-1,-1,-1,-1,0.0,0.0
2026-01-15T20:00,0.0,0.0,0.0,0.0,-13.2,0.46,1.1,221,0,80980.0,0,0.233,0.0,25.0,0,0.0,0,0,0.0,-1,-1,-1,-1,0.0,0.0
2026-01-15T21:00,0.0,0.0,0.0,0.0,-14.4,0.81,1.8,223,0,80660.0,0,0.233,0.0,30.0,0,0.0,0,0,0.0,-1,-1,-1,-1,0.0,0.0
2026-01-15T22:00,0.0,0.0,0.0,0.0,-14.7,0.49,1.6,246,0,80640.0,0,0.233,0.0,20.0,0,0.0,0,0,0.0,-1,-1,-1,-1,0.0,0.0
2026-01-15T23:00,0.0,0.0,0.0,0.0,-14.6,0.25,1.3,180,0,80640.0,0,0.233,0.0,15.0,0,0.0,0,0,0.0,-1,-1,-1,-1,0.0,0.0
2026-01-16T00:00,0.0,0.0,0.0,0.0,-15.3,0.25,0.9,323,0,80640.0,0,0.233,0.0,15.0,0,0.0,0,0,0.0,-1,-1,-1,-1,0.0,0.0
2026-01-16T01:00,0.0,0.0,0.0,0.0,-15.8,0.14,0.9,45,0,80620.0,1,0.233,0.0,10.0,0,0.0,0,0,0.0,-1,-1,-1,-1,0.0,0.0
2026-01-16T02:00,0.0,0.0,0.0,0.0,-13.2,0.29,1.5,31,0,80620.0,1,0.233,0.0,10.0,0,0.0,0,0,0.0,-1,-1,-1,-1,0.0,0.0
2026-01-16T03:00,0.0,0.0,0.0,0.0,-10.3,1.03,3.8,256,0,80940.0,1,0.233,0.0,320.0,0,0.0,0,0,0.0,-1,-1,-1,-1,0.0,0.0
2026-01-16T04:00,0.0,0.0,0.0,0.0,-7.8,2.35,6.1,258,0,80920.0,1,0.233,0.0,525.0,0,0.0,0,0,0.0,-1,-1,-1,-1,0.0,0.0
2026-01-16T05:00,0.0,0.0,0.0,0.0,-5.2,3.23,7.6,257,0,80920.0,1,0.233,0.0,1155.0,0,0.0,0,0,0.0,-1,-1,-1,-1,0.0,0.0
2026-01-16T06:00,0.0,0.0,0.0,0.0,-3.5,4.16,8.8,266,0,81360.0,1,0.233,0.0,3085.0,0,0.0,0,0,0.0,-1,-1,-1,-1,0.0,0.0
2026-01-16T07:00,0.0,0.0,0.0,0.0,-2.1,6.7,12.4,280,2,81340.0,1,0.233,0.0,3220.0,0,0.0,0,0,0.0,-1,-1,-1,-1,0.0,0.0
2026-01-16T08:00,0.0,0.0,0.0,0.0,-1.1,6.9,13.0,272,96,81340.0,1,0.233,0.0,3510.0,0,0.0,3,0,0.0,-1,-1,-1,-1,0.0,0.0
2026-01-16T09:00,0.0,0.0,0.0,0.0,-2.6,8.19,15.2,287,3,81340.0,1,0.233,0.0,3185.0,0,0.0,0,0,0.0,-1,-1,-1,-1,0.0,0.0
2026-01-16T10:00,0.0,0.0,0.0,0.0,-2.7,6.9,14.5,263,82,81320.0,1,0.233,0.0,3475.0,0,0.0,3,0,0.0,-1,-1,-1,-1,0.0,0.0
2026-01-16T11:00,0.0,0.0,0.0,0.0,-5.4,3.13,12.0,262,0,81320.0,1,0.233,0.0,440.0,0,0.0,0,0,0.0,-1,-1,-1,-1,0.0,0.0
2026-01-16T12:00,0.0,0.0,0.0,0.0,-7.7,3.69,5.3,311,0,80860.0,0,0.233,0.0,325.0,0,0.0,0,0,0.0,-1,-1,-1,-1,0.0,0.0
2026-01-16T13:00,0.0,0.0,0.0,0.0,-9.1,2.66,6.1,326,0,80860.0,0,0.233,0.0,195.0,0,0.0,0,0,0.0,-1,-1,-1,-1,0.0,0.0
2026-01-16T14:00,0.0,0.0,0.0,0.0,-9.6,0.4,4.3,263,0,80840.0,0,0.233,0.0,25.0,0,0.0,0,0,0.0,-1,-1,-1,-1,0.0,0.0
2026-01-16T15:00,0.0,0.0,0.0,0.0,-10.9,1.19,2.2,165,0,80840.0,0,0.233,0.0,45.0,0,0.0,0,0,0.0,-1,-1,-1,-1,0.0,0.0
2026-01-16T16:00,0.0,0.0,0.0,0.0,-11.3,2.14,3.3,196,0,80820.0,0,0.233,0.0,95.0,0,0.0,0,0,0.0,-1,-1,-1,-1,0.0,0.0
2026-01-16T17:00,0.0,0.0,0.0,0.0,-11.7,2.48,4.3,222,0,80820.0,0,0.233,0.0,120.0,0,0.0,0,0,0.0,-1,-1,-1,-1,0.0,0.0
2026-01-16T18:00,0.0,0.0,0.0,0.0,-12.0,2.11,4.4,248,0,80820.0,0,0.233,0.0,135.0,0,0.0,0,0,0.0,-1,-1,-1,-1,0.0,0.0
2026-01-16T19:00,0.0,0.0,0.0,0.0,-12.4,2.86,4.9,245,0,80480.0,0,0.233,0.0,250.0,0,0.0,0,0,0.0,-1,-1,-1,-1,0.0,0.0
2026-01-16T20:00,0.0,0.0,0.0,0.0,-12.5,2.79,5.2,249,0,80480.0,0,0.233,0.0,225.0,0,0.0,0,0,0.0,-1,-1,-1,-1,0.0,0.0
2026-01-16T21:00,0.0,0.0,0.0,0.0,-12.8,1.09,4.9,286,0,80800.0,0,0.233,0.0,100.0,0,0.0,0,0,0.0,-1,-1,-1,-1,0.0,0.0
2026-01-16T22:00,0.0,0.0,0.0,0.0,-12.4,0.32,2.5,18,41,80780.0,0,0.233,0.0,20.0,1,0.0,1,0,0.0,-1,-1,-1,-1,0.0,0.0
2026-01-16T23:00,0.0,0.0,0.0,0.0,-12.0,0.21,1.4,104,25,80780.0,0,0.233,0.0,15.0,1,0.0,1,0,0.0,-1,-1,-1,-1,0.0,0.0
2026-01-17T00:00,0.0,0.0,0.0,0.0,-12.3,0.3,1.4,81,2,80760.0,0,0.233,0.0,40.0,1,0.0,0,0,0.0,-1,-1,-1,-1,0.0,0.0
2026-01-17T01:00,0.0,0.0,0.0,0.0,-12.7,0.25,1.3,79,0,80760.0,1,0.233,0.0,30.0,1,0.0,0,0,0.0,-1,-1,-1,-1,0.0,0.0
2026-01-17T02:00,0.0,0.0,0.0,0.0,-10.4,0.97,1.6,55,0,80760.0,1,0.233,0.0,30.0,1,0.0,0,0,0.0,-1,-1,-1,-1,0.0,0.0
2026-01-17T03:00,0.0,0.0,0.0,0.0,-7.5,0.63,3.2,151,0,80740.0,1,0.233,0.0,245.0,1,0.0,0,0,0.0,-1,-1,-1,-1,0.0,0.0
2026-01-17T04:00,0.0,0.0,0.0,0.0,-3.8,3.8,7.7,235,0,81180.0,1,0.233,0.0,1145.0,1,0.0,0,0,0.0,-1,-1,-1,-1,0.0,0.0
2026-01-17T05:00,0.0,0.0,0.0,0.0,-0.3,9.96,16.9,260,0,81180.0,1,0.233,0.0,3555.0,1,0.0,0,0,0.0,-1,-1,-1,-1,0.0,0.0
2026-01-17T06:00,0.0,0.0,0.0,0.0,0.7,11.2,20.0,270,0,81160.0,1,0.233,0.0,3915.0,0,0.0,0,0,0.0,-1,-1,-1,-1,0.0,0.0
2026-01-17T07:00,0.0,0.0,0.0,0.0,0.1,10.86,20.6,272,7,81160.0,1,0.233,0.0,3700.0,1,0.0,0,0,0.0,-1,-1,-1,-1,0.0,0.0
2026-01-17T08:00,0.0,0.0,0.0,0.0,0.9,11.07,19.3,276,14,81140.0,1,0.233,0.0,4615.0,1,0.0,0,0,0.0,-1,-1,-1,-1,0.0,0.0
2026-01-17T09:00,0.0,0.0,0.0,0.0,1.2,10.87,19.5,267,16,81140.0,1,0.233,0.0,4685.0,1,0.0,0,0,0.0,-1,-1,-1,-1,0.0,0.0
2026-01-17T10:00,0.0,0.0,0.0,0.0,-0.4,8.23,18.8,286,0,81120.0,1,0.233,0.0,3615.0,1,0.0,0,0,0.0,-1,-1,-1,-1,0.0,0.0
2026-01-17T11:00,0.0,0.0,0.0,0.0,-2.2,6.75,14.2,268,0,81120.0,1,0.233,0.0,2155.0,1,0.0,0,0,0.0,-1,-1,-1,-1,0.0,0.0
2026-01-17T12:00,0.0,0.0,0.0,0.0,-6.6,2.44,11.4,305,3,80660.0,0,0.233,0.0,135.0,1,0.0,0,0,0.0,-1,-1,-1,-1,0.0,0.0
2026-01-17T13:00,0.0,0.0,0.0,0.0,-7.6,1.23,3.9,258,0,80660.0,0,0.233,0.0,65.0,1,0.0,0,0,0.0,-1,-1,-1,-1,0.0,0.0
2026-01-17T14:00,0.0,0.0,0.0,0.0,-8.6,1.63,3.1,227,0,80660.0,0,0.233,0.0,60.0,1,0.0,0,0,0.0,-1,-1,-1,-1,0.0,0.0
2026-01-17T15:00,0.0,0.0,0.0,0.0,-9.2,2.21,3.8,208,0,80640.0,0,0.233,0.0,90.0,1,0.0,0,0,0.0,-1,-1,-1,-1,0.0,0.0
2026-01-17T16:00,0.0,0.0,0.0,0.0,-9.8,2.33,4.2,203,14,80640.0,0,0.233,10.0,85.0,0,0.0,0,0,0.0,-1,-1,-1,-1,0.0,0.0
2026-01-17T17:00,0.0,0.0,0.0,0.0,-9.6,2.13,3.9,221,17,80620.0,0,0.233,20.0,100.0,1,0.0,0,0,0.0,-1,-1,-1,-1,0.0,0.0
2026-01-17T18:00,0.0,0.0,0.0,0.0,-9.3,0.81,3.8,191,18,80620.0,0,0.233,10.0,30.0,1,0.0,0,0,0.0,-1,-1,-1,-1,0.0,0.0
2026-01-17T19:00,0.0,0.0,0.0,0.0,-10.1,0.67,2.0,207,0,80620.0,0,0.233,0.0,25.0,1,0.0,0,0,0.0,-1,-1,-1,-1,0.0,0.0
2026-01-17T20:00,0.0,0.0,0.0,0.0,-11.3,1.9,3.5,215,0,80280.0,0,0.233,0.0,75.0,1,0.0,0,0,0.0,-1,-1,-1,-1,0.0,0.0
2026-01-17T21:00,0.0,0.0,0.0,0.0,-11.5,2.88,5.0,231,0,80280.0,0,0.233,0.0,225.0,1,0.0,0,0,0.0,-1,-1,-1,-1,0.0,0.0
2026-01-17T22:00,0.0,0.0,0.0,0.0,-10.2,4.22,7.3,251,0,80260.0,0,0.233,0.0,360.0,1,0.0,0,0,0.0,-1,-1,-1,-1,0.0,0.0
2026-01-17T23:00,0.0,0.0,0.0,0.0,-10.4,4.36,8.1,252,0,80260.0,0,0.233,0.0,345.0,1,0.0,0,0,0.0,-1,-1,-1,-1,0.0,0.0
2026-01-18T00:00,0.0,0.0,0.0,0.0,-12.8,2.51,7.6,275,0,80240.0,0,0.233,0.0,250.0,1,0.0,0,0,0.0,-1,-1,-1,-1,0.0,0.0
2026-01-18T01:00,0.0,0.0,0.0,0.0,-13.0,1.82,4.4,279,0,80240.0,1,0.233,0.0,200.0,1,0.0,0,0,0.0,-1,-1,-1,-1,0.0,0.0
2026-01-18T02:00,0.0,0.0,0.0,0.0,-9.3,2.4,3.5,266,0,80240.0,1,0.233,0.0,305.0,1,0.0,0,0,0.0,-1,-1,-1,-1,0.0,0.0
2026-01-18T03:00,0.0,0.0,0.0,0.0,-5.9,1.97,4.9,246,0,80540.0,1,0.233,0.0,735.0,1,0.0,0,0,0.0,-1,-1,-1,-1,0.0,0.0
2026-01-18T04:00,0.0,0.0,0.0,0.0,-1.3,5.46,9.6,245,0,80540.0,1,0.233,0.0,3040.0,1,0.0,0,0,0.0,-1,-1,-1,-1,0.0,0.0
2026-01-18T05:00,0.0,0.0,0.0,0.0,-0.1,10.83,19.2,249,0,80980.0,1,0.233,0.0,3915.0,1,0.0,0,0,0.0,-1,-1,-1,-1,0.0,0.0
2026-01-18T06:00,0.0,0.0,0.0,0.0,0.8,11.02,20.7,252,0,80960.0,1,0.233,0.0,4260.0,0,0.0,0,0,0.0,-1,-1,-1,-1,0.0,0.0
2026-01-18T07:00,0.0,0.0,0.0,0.0,1.3,11.55,20.9,261,68,80960.0,1,0.233,0.0,4550.0,1,0.0,2,0,0.0,-1,-1,-1,-1,0.0,0.0
2026-01-18T08:00,0.0,0.0,0.0,0.0,0.7,11.42,20.3,267,52,80940.0,1,0.233,0.0,4375.0,0,0.0,2,0,0.0,-1,-1,-1,-1,0.0,0.0
2026-01-18T09:00,0.0,0.0,0.0,0.0,1.2,10.02,20.2,256,55,80940.0,1,0.233,0.0,4690.0,0,0.0,2,0,0.0,-1,-1,-1,-1,0.0,0.0
2026-01-18T10:00,0.0,0.0,0.0,0.0,-0.0,9.33,17.3,265,97,80940.0,1,0.233,10.0,4830.0,0,0.0,3,0,0.0,-1,-1,-1,-1,0.0,0.0
2026-01-18T11:00,0.0,0.0,0.0,0.0,-1.6,6.71,15.8,267,27,80920.0,1,0.233,0.0,1870.0,0,0.0,1,0,0.0,-1,-1,-1,-1,0.0,0.0
2026-01-18T12:00,0.0,0.0,0.0,0.0,-4.7,2.69,11.3,299,100,80920.0,0,0.233,20.0,280.0,0,0.0,3,0,0.0,-1,-1,-1,-1,0.0,0.0
2026-01-18T13:00,0.0,0.0,0.0,0.0,-5.1,2.08,4.6,280,100,80900.0,0,0.233,0.0,260.0,0,0.0,3,0,0.0,-1,-1,-1,-1,0.0,0.0
2026-01-18T14:00,0.0,0.0,0.0,0.0,-5.3,2.03,3.8,232,100,76360.0,0,0.233,10.0,160.0,0,0.0,3,0,0.0,-1,-1,-1,-1,0.0,0.0
2026-01-18T15:00,0.0,0.0,0.0,0.0,-5.4,0.18,3.4,56,91,80460.0,0,0.233,10.0,10.0,0,0.0,3,0,0.0,-1,-1,-1,-1,0.0,0.0
2026-01-18T16:00,0.0,0.0,0.0,0.0,-6.8,0.46,1.2,49,100,80440.0,0,0.233,10.0,30.0,0,0.0,3,0,0.0,-1,-1,-1,-1,0.0,0.0
2026-01-18T17:00,0.0,0.0,0.0,0.0,-6.4,0.25,1.5,37,99,80440.0,0,0.233,0.0,15.0,0,0.0,3,0,0.0,-1,-1,-1,-1,0.0,0.0
2026-01-18T18:00,0.0,0.0,0.0,0.0,-7.3,2.15,6.0,239,71,80420.0,0,0.233,10.0,680.0,0,0.0,2,0,0.0,-1,-1,-1,-1,0.0,0.0
2026-01-18T19:00,0.0,0.0,0.0,0.0,-7.4,4.74,8.3,245,0,80420.0,0,0.233,20.0,770.0,0,0.0,0,0,0.0,-1,-1,-1,-1,0.0,0.0
2026-01-18T20:00,0.0,0.0,0.0,0.0,-8.2,5.65,9.7,248,2,80100.0,0,0.233,10.0,760.0,0,0.0,0,0,0.0,-1,-1,-1,-1,0.0,0.0
2026-01-18T21:00,0.0,0.0,0.0,0.0,-8.9,5.15,9.9,259,1,80080.0,0,0.233,0.0,645.0,0,0.0,0,0,0.0,-1,-1,-1,-1,0.0,0.0
2026-01-18T22:00,0.0,0.0,0.0,0.0,-10.0,4.35,9.0,268,0,80080.0,0,0.233,0.0,385.0,0,0.0,0,0,0.0,-1,-1,-1,-1,0.0,0.0
2026-01-18T23:00,0.0,0.0,0.0,0.0,-10.9,3.75,7.7,270,0,80060.0,0,0.233,0.0,315.0,0,0.0,0,0,0.0,-1,-1,-1,-1,0.0,0.0
2026-01-19T00:00,0.0,0.0,0.0,0.0,-9.5,4.88,6.7,264,0,80060.0,0,0.233,0.0,445.0,0,0.0,0,0,0.0,-1,-1,-1,-1,0.0,0.0
2026-01-19T01:00,0.0,0.0,0.0,0.0,-11.3,3.65,8.4,272,0,80060.0,1,0.233,0.0,280.0,0,0.0,0,0,0.0,-1,-1,-1,-1,0.0,0.0
2026-01-19T02:00,0.0,0.0,0.0,0.0,-8.8,4.77,7.5,275,63,80040.0,1,0.233,0.0,545.0,0,0.0,2,0,0.0,-1,-1,-1,-1,0.0,0.0
2026-01-19T03:00,0.0,0.0,0.0,0.0,-5.1,5.58,9.8,264,59,80360.0,1,0.233,0.0,2880.0,0,0.0,2,0,0.0,-1,-1,-1,-1,0.0,0.0
2026-01-19T04:00,0.0,0.0,0.0,0.0,-3.0,11.97,20.3,258,64,80340.0,1,0.233,10.0,3635.0,0,0.0,2,0,0.0,-1,-1,-1,-1,0.0,0.0
2026-01-19T05:00,0.0,0.0,0.0,0.0,-2.3,11.61,21.3,261,7,80780.0,1,0.233,0.0,3810.0,0,0.0,0,0,0.0,-1,-1,-1,-1,0.0,0.0
2026-01-19T06:00,0.0,0.0,0.0,0.0,-1.9,11.11,20.5,260,53,80780.0,1,0.233,0.0,3925.0,0,0.0,2,0,0.0,-1,-1,-1,-1,0.0,0.0
2026-01-19T07:00,0.0,0.0,0.0,0.0,-1.4,11.05,19.7,259,52,80760.0,1,0.233,10.0,4170.0,0,0.0,2,0,0.0,-1,-1,-1,-1,0.0,0.0
2026-01-19T08:00,0.0,0.0,0.0,0.0,-1.4,11.16,19.9,262,39,80760.0,1,0.233,0.0,4100.0,0,0.0,1,0,0.0,-1,-1,-1,-1,0.0,0.0
2026-01-19T09:00,0.0,0.0,0.0,0.0,-2.0,10.66,19.6,268,74,80740.0,1,0.233,0.0,4100.0,0,0.0,2,0,0.0,-1,-1,-1,-1,0.0,0.0
2026-01-19T10:00,0.0,0.0,0.0,0.0,-2.4,9.59,18.6,265,97,80740.0,1,0.233,10.0,4345.0,0,0.0,3,0,0.0,-1,-1,-1,-1,0.0,0.0
2026-01-19T11:00,0.0,0.0,0.0,0.0,-4.7,4.98,16.4,289,0,80720.0,1,0.233,0.0,1085.0,0,0.0,0,0,0.0,-1,-1,-1,-1,0.0,0.0
2026-01-19T12:00,0.0,0.0,0.0,0.0,-7.4,2.69,8.3,315,72,80720.0,0,0.233,0.0,220.0,0,0.0,2,0,0.0,-1,-1,-1,-1,0.0,0.0
2026-01-19T13:00,0.0,0.0,0.0,0.0,-8.9,2.8,4.5,3,53,80720.0,0,0.233,0.0,150.0,0,0.0,2,0,0.0,-1,-1,-1,-1,0.0,0.0
2026-01-19T14:00,0.0,0.0,0.0,0.0,-10.0,2.4,5.3,17,88,80260.0,0,0.233,0.0,110.0,0,0.0,3,0,0.0,-1,-1,-1,-1,0.0,0.0
2026-01-19T15:00,0.0,0.0,0.0,0.0,-10.5,0.7,3.9,90,85,80260.0,0,0.233,0.0,30.0,0,0.0,3,0,0.0,-1,-1,-1,-1,0.0,0.0
2026-01-19T16:00,0.0,0.0,0.0,0.0,-10.9,1.38,2.2,103,96,80260.0,0,0.233,0.0,30.0,0,0.0,3,0,0.0,-1,-1,-1,-1,0.0,0.0
2026-01-19T17:00,0.0,0.0,0.0,0.0,-11.0,1.68,2.7,100,28,80240.0,0,0.233,0.0,30.0,0,0.0,1,0,0.0,-1,-1,-1,-1,0.0,0.0
2026-01-19T18:00,0.0,0.0,0.0,0.0,-11.7,1.95,3.1,119,0,80240.0,0,0.233,0.0,40.0,0,0.0,0,0,0.0,-1,-1,-1,-1,0.0,0.0
2026-01-19T19:00,0.0,0.0,0.0,0.0,-12.8,1.3,3.0,118,0,80220.0,0,0.233,0.0,30.0,0,0.0,0,0,0.0,-1,-1,-1,-1,0.0,0.0
2026-01-19T20:00,0.0,0.0,0.0,0.0,-13.6,0.9,2.3,124,0,80220.0,0,0.233,0.0,20.0,0,0.0,0,0,0.0,-1,-1,-1,-1,0.0,0.0
2026-01-19T21:00,0.0,0.0,0.0,0.0,-13.7,0.89,2.5,164,0,80220.0,0,0.233,0.0,20.0,0,0.0,0,0,0.0,-1,-1,-1,-1,0.0,0.0
2026-01-19T22:00,0.0,0.0,0.0,0.0,-13.0,1.39,2.9,240,0,80200.0,0,0.233,0.0,120.0,0,0.0,0,0,0.0,-1,-1,-1,-1,0.0,0.0
2026-01-19T23:00,0.0,0.0,0.0,0.0,-12.5,1.27,3.3,261,0,80200.0,0,0.233,0.0,125.0,0,0.0,0,0,0.0,-1,-1,-1,-1,0.0,0.0
2026-01-20T00:00,0.0,0.0,0.0,0.0,-12.7,1.17,2.8,280,0,79860.0,0,0.233,0.0,95.0,0,0.0,0,0,0.0,-1,-1,-1,-1,0.0,0.0
2026-01-20T01:00,0.0,0.0,0.0,0.0,-12.6,0.45,2.7,264,0,79860.0,1,0.233,0.0,30.0,0,0.0,0,0,0.0,-1,-1,-1,-1,0.0,0.0
2026-01-20T02:00,0.0,0.0,0.0,0.0,-10.2,0.6,1.8,114,0,79860.0,1,0.233,0.0,15.0,0,0.0,0,0,0.0,-1,-1,-1,-1,0.0,0.0
2026-01-20T03:00,0.0,0.0,0.0,0.0,-6.9,0.82,3.4,166,0,80160.0,1,0.233,0.0,210.0,0,0.0,0,0,0.0,-1,-1,-1,-1,0.0,0.0
2026-01-20T04:00,0.0,0.0,0.0,0.0,-3.9,1.63,5.2,220,0,80160.0,1,0.233,0.0,955.0,0,0.0,0,0,0.0,-1,-1,-1,-1,0.0,0.0
2026-01-20T05:00,0.0,0.0,0.0,0.0,-0.8,4.4,9.1,249,0,80580.0,1,0.233,0.0,2480.0,0,0.0,0,0,0.0,-1,-1,-1,-1,0.0,0.0
2026-01-20T06:00,0.0,0.0,0.0,0.0,2.1,6.97,12.6,251,0,80580.0,1,0.233,0.0,3580.0,0,0.0,0,0,0.0,-1,-1,-1,-1,0.0,0.0
2026-01-20T07:00,0.0,0.0,0.0,0.0,2.4,10.51,19.4,252,0,80560.0,1,0.233,0.0,3860.0,0,0.0,0,0,0.0,-1,-1,-1,-1,0.0,0.0
2026-01-20T08:00,0.0,0.0,0.0,0.0,2.2,10.31,19.2,249,0,80560.0,1,0.233,0.0,4040.0,0,0.0,0,0,0.0,-1,-1,-1,-1,0.0,0.0
2026-01-20T09:00,0.0,0.0,0.0,0.0,3.3,10.95,18.3,248,65,80560.0,1,0.233,0.0,4700.0,0,0.0,2,0,0.0,-1,-1,-1,-1,0.0,0.0
2026-01-20T10:00,0.0,0.0,0.0,0.0,2.0,10.24,19.1,249,88,80540.0,1,0.233,20.0,5105.0,0,0.0,3,0,0.0,-1,-1,-1,-1,0.0,0.0
2026-01-20T11:00,0.0,0.0,0.0,0.0,-0.4,6.04,17.4,242,2,80540.0,1,0.233,10.0,1110.0,0,0.0,0,0,0.0,-1,-1,-1,-1,0.0,0.0
2026-01-20T12:00,0.0,0.0,0.0,0.0,-2.9,4.7,10.3,242,66,80520.0,0,0.233,0.0,435.0,0,0.0,2,0,0.0,-1,-1,-1,-1,0.0,0.0
2026-01-20T13:00,0.0,0.0,0.0,0.0,-3.7,5.62,9.5,265,18,80080.0,0,0.233,0.0,435.0,0,0.0,0,0,0.0,-1,-1,-1,-1,0.0,0.0
2026-01-20T14:00,0.0,0.0,0.0,0.0,-5.2,5.05,9.4,249,0,80080.0,0,0.233,0.0,230.0,0,0.0,0,0,0.0,-1,-1,-1,-1,0.0,0.0
2026-01-20T15:00,0.0,0.0,0.0,0.0,-5.8,4.9,8.6,247,0,80060.0,0,0.233,0.0,335.0,0,0.0,0,0,0.0,-1,-1,-1,-1,0.0,0.0
2026-01-20T16:00,0.0,0.0,0.0,0.0,-6.9,4.35,8.5,261,21,80060.0,0,0.233,0.0,370.0,0,0.0,1,0,0.0,-1,-1,-1,-1,0.0,0.0
2026-01-20T17:00,0.0,0.0,0.0,0.0,-7.3,4.83,8.2,264,2,80060.0,0,0.233,0.0,460.0,0,0.0,0,0,0.0,-1,-1,-1,-1,0.0,0.0
2026-01-20T18:00,0.0,0.0,0.0,0.0,-8.6,3.97,8.5,259,0,80040.0,0,0.233,0.0,290.0,0,0.0,0,0,0.0,-1,-1,-1,-1,0.0,0.0
2026-01-20T19:00,0.0,0.0,0.0,0.0,-8.6,4.46,7.7,266,18,80040.0,0,0.233,0.0,330.0,0,0.0,0,0,0.0,-1,-1,-1,-1,0.0,0.0
2026-01-20T20:00,0.0,0.0,0.0,0.0,-8.5,4.68,8.4,252,52,80020.0,0,0.233,0.0,400.0,0,0.0,2,0,0.0,-1,-1,-1,-1,0.0,0.0
2026-01-20T21:00,0.0,0.0,0.0,0.0,-8.7,4.55,8.2,251,1,80020.0,0,0.233,0.0,405.0,0,0.0,0,0,0.0,-1,-1,-1,-1,0.0,0.0
2026-01-20T22:00,0.0,0.0,0.0,0.0,-9.5,3.98,8.1,252,8,80020.0,0,0.233,0.0,380.0,0,0.0,0,0,0.0,-1,-1,-1,-1,0.0,0.0
2026-01-20T23:00,0.0,0.0,0.0,0.0,-9.5,4.38,7.8,256,0,80000.0,0,0.233,0.0,440.0,0,0.0,0,0,0.0,-1,-1,-1,-1,0.0,0.0
2026-01-21T00:00,0.0,0.0,0.0,0.0,-9.0,5.62,7.9,258,0,80000.0,0,0.233,0.0,565.0,0,0.0,0,0,0.0,-1,-1,-1,-1,0.0,0.0
2026-01-21T01:00,0.0,0.0,0.0,0.0,-9.9,4.8,9.7,259,0,79980.0,1,0.233,0.0,425.0,0,0.0,0,0,0.0,-1,-1,-1,-1,0.0,0.0
2026-01-21T02:00,0.0,0.0,0.0,0.0,-7.7,5.2,8.3,262,0,79980.0,1,0.233,0.0,555.0,0,0.0,0,0,0.0,-1,-1,-1,-1,0.0,0.0
2026-01-21T03:00,0.0,0.0,0.0,0.0,-4.6,4.85,9.1,289,0,80400.0,1,0.233,0.0,1450.0,0,0.0,0,0,0.0,-1,-1,-1,-1,0.0,0.0
2026-01-21T04:00,0.0,0.0,0.0,0.0,-3.0,4.43,9.5,307,0,80400.0,1,0.233,0.0,3180.0,0,0.0,0,0,0.0,-1,-1,-1,-1,0.0,0.0
2026-01-21T05:00,0.0,0.0,0.0,0.0,-1.1,6.31,11.4,289,0,80380.0,1,0.233,0.0,3530.0,0,0.0,0,0,0.0,-1,-1,-1,-1,0.0,0.0
2026-01-21T06:00,0.0,0.0,0.0,0.0,-1.0,10.41,18.8,272,0,80380.0,1,0.233,0.0,3695.0,0,0.0,0,0,0.0,-1,-1,-1,-1,0.0,0.0
2026-01-21T07:00,0.0,0.0,0.0,0.0,-0.6,9.06,19.1,276,0,80380.0,1,0.233,0.0,3300.0,0,0.0,0,0,0.0,-1,-1,-1,-1,0.0,0.0
2026-01-21T08:00,0.0,0.0,0.0,0.0,-0.8,8.32,16.4,278,0,80360.0,1,0.233,0.0,3260.0,0,0.0,0,0,0.0,-1,-1,-1,-1,0.0,0.0
2026-01-21T09:00,0.0,0.0,0.0,0.0,-0.5,9.03,15.6,265,0,80360.0,1,0.233,0.0,4040.0,0,0.0,0,0,0.0,-1,-1,-1,-1,0.0,0.0
2026-01-21T10:00,0.0,0.0,0.0,0.0,-1.4,7.16,16.2,274,0,80360.0,1,0.233,0.0,4020.0,0,0.0,0,0,0.0,-1,-1,-1,-1,0.0,0.0
2026-01-21T11:00,0.0,0.0,0.0,0.0,-4.3,5.34,12.3,297,0,80340.0,1,0.233,0.0,635.0,0,0.0,0,0,0.0,-1,-1,-1,-1,0.0,0.0
2026-01-21T12:00,0.0,0.0,0.0,0.0,-6.8,2.83,8.9,324,0,80340.0,0,0.233,0.0,230.0,0,0.0,0,0,0.0,-1,-1,-1,-1,0.0,0.0
2026-01-21T13:00,0.0,0.0,0.0,0.0,-7.9,3.5,6.5,314,0,80320.0,0,0.233,0.0,335.0,0,0.0,0,0,0.0,-1,-1,-1,-1,0.0,0.0
2026-01-21T14:00,0.0,0.0,0.0,0.0,-9.5,2.74,6.0,322,0,80320.0,0,0.233,0.0,205.0,0,0.0,0,0,0.0,-1,-1,-1,-1,0.0,0.0
2026-01-21T15:00,0.0,0.0,0.0,0.0,-10.1,0.7,4.7,291,0,80320.0,0,0.233,0.0,45.0,0,0.0,0,0,0.0,-1,-1,-1,-1,0.0,0.0
2026-01-21T16:00,0.0,0.0,0.0,0.0,-10.9,0.67,2.0,153,0,80300.0,0,0.233,0.0,35.0,0,0.0,0,0,0.0,-1,-1,-1,-1,0.0,0.0
2026-01-21T17:00,0.0,0.0,0.0,0.0,-11.7,1.17,2.1,149,0,79860.0,0,0.233,0.0,55.0,0,0.0,0,0,0.0,-1,-1,-1,-1,0.0,0.0
2026-01-21T18:00,0.0,0.0,0.0,0.0,-11.4,0.55,2.2,90,0,79860.0,0,0.233,0.0,20.0,0,0.0,0,0,0.0,-1,-1,-1,-1,0.0,0.0
2026-01-21T19:00,0.0,0.0,0.0,0.0,-11.7,0.35,1.4,82,0,79840.0,0,0.233,0.0,15.0,0,0.0,0,0,0.0,-1,-1,-1,-1,0.0,0.0
2026-01-21T20:00,0.0,0.0,0.0,0.0,-11.6,0.11,1.0,63,0,79840.0,0,0.233,0.0,10.0,0,0.0,0,0,0.0,-1,-1,-1,-1,0.0,0.0
2026-01-21T21:00,0.0,0.0,0.0,0.0,-12.5,0.18,0.8,56,0,79820.0,0,0.233,0.0,10.0,0,0.0,0,0,0.0,-1,-1,-1,-1,0.0,0.0
2026-01-21T22:00,0.0,0.0,0.0,0.0,-12.8,0.34,1.0,63,0,79820.0,0,0.233,0.0,15.0,0,0.0,0,0,0.0,-1,-1,-1,-1,0.0,0.0
2026-01-21T23:00,0.0,0.0,0.0,0.0,-12.6,0.22,1.0,117,0,79820.0,0,0.233,0.0,15.0,0,0.0,0,0,0.0,-1,-1,-1,-1,0.0,0.0
2026-01-22T00:00,0.0,0.0,0.0,0.0,-13.3,0.35,1.3,90,0,79800.0,0,0.233,0.0,25.0,0,0.0,0,0,0.0,-1,-1,-1,-1,0.0,0.0
2026-01-22T01:00,0.0,0.0,0.0,0.0,-13.7,0.36,1.2,124,0,79800.0,1,0.233,0.0,25.0,0,0.0,0,0,0.0,-1,-1,-1,-1,0.0,0.0
2026-01-22T02:00,0.0,0.0,0.0,0.0,-11.4,0.85,1.8,135,0,79800.0,1,0.233,0.0,35.0,0,0.0,0,0,0.0,-1,-1,-1,-1,0.0,0.0
2026-01-22T03:00,0.0,0.0,0.0,0.0,-8.5,0.72,3.4,245,0,79780.0,1,0.233,0.0,195.0,0,0.0,0,0,0.0,-1,-1,-1,-1,0.0,0.0
2026-01-22T04:00,0.0,0.0,0.0,0.0,-5.3,2.01,5.5,243,0,80200.0,1,0.233,0.0,570.0,0,0.0,0,0,0.0,-1,-1,-1,-1,0.0,0.0
2026-01-22T05:00,0.0,0.0,0.0,0.0,-2.1,4.38,8.9,251,0,80200.0,1,0.233,0.0,1620.0,0,0.0,0,0,0.0,-1,-1,-1,-1,0.0,0.0
2026-01-22T06:00,0.0,0.0,0.0,0.0,-0.5,5.65,11.4,259,0,80200.0,1,0.233,0.0,2150.0,0,0.0,0,0,0.0,-1,-1,-1,-1,0.0,0.0
2026-01-22T07:00,0.0,0.0,0.0,0.0,0.4,6.46,12.4,262,0,80180.0,1,0.233,0.0,2340.0,0,0.0,0,0,0.0,-1,-1,-1,-1,0.0,0.0
2026-01-22T08:00,0.0,0.0,0.0,0.0,0.6,6.5,12.5,260,0,80180.0,1,0.233,0.0,2355.0,0,0.0,0,0,0.0,-1,-1,-1,-1,0.0,0.0
2026-01-22T09:00,0.0,0.0,0.0,0.0,0.3,6.06,12.3,259,0,80160.0,1,0.233,0.0,2305.0,0,0.0,0,0,0.0,-1,-1,-1,-1,0.0,0.0
2026-01-22T10:00,0.0,0.0,0.0,0.0,-0.4,5.14,11.2,257,0,80160.0,1,0.233,0.0,2250.0,0,0.0,0,0,0.0,-1,-1,-1,-1,0.0,0.0
2026-01-22T11:00,0.0,0.0,0.0,0.0,-4.1,2.14,9.0,254,0,80160.0,1,0.233,0.0,190.0,0,0.0,0,0,0.0,-1,-1,-1,-1,0.0,0.0
2026-01-22T12:00,0.0,0.0,0.0,0.0,-5.8,0.84,3.5,287,0,80140.0,0,0.233,0.0,60.0,0,0.0,0,0,0.0,-1,-1,-1,-1,0.0,0.0
2026-01-22T13:00,0.0,0.0,0.0,0.0,-6.9,0.45,1.7,27,0,80140.0,0,0.233,0.0,30.0,0,0.0,0,0,0.0,-1,-1,-1,-1,0.0,0.0
2026-01-22T14:00,0.0,0.0,0.0,0.0,-7.5,0.35,1.0,82,0,80120.0,0,0.233,0.0,20.0,0,0.0,0,0,0.0,-1,-1,-1,-1,0.0,0.0
2026-01-22T15:00,0.0,0.0,0.0,0.0,-7.9,0.3,1.0,99,0,80120.0,0,0.233,0.0,15.0,0,0.0,0,0,0.0,-1,-1,-1,-1,0.0,0.0
2026-01-22T16:00,0.0,0.0,0.0,0.0,-8.8,0.5,0.9,37,0,80120.0,0,0.233,0.0,20.0,0,0.0,0,0,0.0,-1,-1,-1,-1,0.0,0.0
2026-01-22T17:00,0.0,0.0,0.0,0.0,-9.7,0.67,1.0,77,0,80100.0,0,0.233,0.0,30.0,0,0.0,0,0,0.0,-1,-1,-1,-1,0.0,0.0
2026-01-22T18:00,0.0,0.0,0.0,0.0,-9.5,0.5,1.1,90,0,80100.0,0,0.233,0.0,25.0,0,0.0,0,0,0.0,-1,-1,-1,-1,0.0,0.0
2026-01-22T19:00,0.0,0.0,0.0,0.0,-10.4,0.3,0.9,90,0,80080.0,0,0.233,0.0,15.0,0,0.0,0,0,0.0,-1,-1,-1,-1,0.0,0.0
2026-01-22T20:00,0.0,0.0,0.0,0.0,-11.8,0.34,0.9,117,0,80080.0,0,0.233,0.0,15.0,0,0.0,0,0,0.0,-1,-1,-1,-1,0.0,0.0
2026-01-22T21:00,0.0,0.0,0.0,0.0,-12.6,0.21,0.9,76,0,80060.0,0,0.233,0.0,10.0,0,0.0,0,0,0.0,-1,-1,-1,-1,0.0,0.0
2026-01-22T22:00,0.0,0.0,0.0,0.0,-12.9,0.51,0.9,79,0,80060.0,0,0.233,0.0,20.0,0,0.0,0,0,0.0,-1,-1,-1,-1,0.0,0.0
2026-01-22T23:00,0.0,0.0,0.0,0.0,-13.2,1.0,1.4,96,0,80060.0,0,0.233,0.0,25.0,0,0.0,0,0,0.0,-1,-1,-1,-1,0.0,0.0
2026-01-23T00:00,0.0,0.0,0.0,0.0,-13.9,1.18,1.7,78,0,79620.0,0,0.233,0.0,30.0,0,0.0,0,0,0.0,-1,-1,-1,-1,0.0,0.0
2026-01-23T01:00,0.0,0.0,0.0,0.0,-14.6,1.16,1.9,83,0,79600.0,1,0.233,0.0,20.0,0,0.0,0,0,0.0,-1,-1,-1,-1,0.0,0.0
2026-01-23T02:00,0.0,0.0,0.0,0.0,-10.9,1.63,3.1,79,0,79600.0,1,0.233,0.0,30.0,0,0.0,0,0,0.0,-1,-1,-1,-1,0.0,0.0
2026-01-23T03:00,0.0,0.0,0.0,0.0,-6.8,0.7,3.4,94,0,80020.0,1,0.233,0.0,155.0,0,0.0,0,0,0.0,-1,-1,-1,-1,0.0,0.0
2026-01-23T04:00,0.0,0.0,0.0,0.0,-3.6,0.49,3.8,135,0,80020.0,1,0.233,0.0,350.0,0,0.0,0,0,0.0,-1,-1,-1,-1,0.0,0.0
2026-01-23T05:00,0.0,0.0,0.0,0.0,-0.7,1.12,4.8,207,0,80000.0,1,0.233,0.0,1180.0,0,0.0,0,0,0.0,-1,-1,-1,-1,0.0,0.0
2026-01-23T06:00,0.0,0.0,0.0,0.0,0.7,2.96,7.1,240,0,80000.0,1,0.233,0.0,1635.0,0,0.0,0,0,0.0,-1,-1,-1,-1,0.0,0.0
2026-01-23T07:00,0.0,0.0,0.0,0.0,1.9,2.16,7.4,230,0,79980.0,1,0.233,0.0,1910.0,0,0.0,0,0,0.0,-1,-1,-1,-1,0.0,0.0
2026-01-23T08:00,0.0,0.0,0.0,0.0,3.5,3.86,7.9,227,0,79980.0,1,0.233,0.0,2790.0,0,0.0,0,0,0.0,-1,-1,-1,-1,0.0,0.0
2026-01-23T09:00,0.0,0.0,0.0,0.0,3.4,5.46,10.2,217,0,79980.0,1,0.233,0.0,2855.0,0,0.0,0,0,0.0,-1,-1,-1,-1,0.0,0.0
2026-01-23T10:00,0.0,0.0,0.0,0.0,2.3,4.41,10.3,219,0,79960.0,1,0.233,0.0,2550.0,0,0.0,0,0,0.0,-1,-1,-1,-1,0.0,0.0
2026-01-23T11:00,0.0,0.0,0.0,0.0,-1.9,1.68,7.7,197,0,79960.0,1,0.233,0.0,125.0,0,0.0,0,0,0.0,-1,-1,-1,-1,0.0,0.0
2026-01-23T12:00,0.0,0.0,0.0,0.0,-2.1,3.2,6.2,180,0,79960.0,0,0.233,0.0,325.0,0,0.0,0,0,0.0,-1,-1,-1,-1,0.0,0.0
2026-01-23T13:00,0.0,0.0,0.0,0.0,-2.9,4.58,7.5,191,2,79940.0,0,0.233,0.0,465.0,0,0.0,0,0,0.0,-1,-1,-1,-1,0.0,0.0
2026-01-23T14:00,0.0,0.0,0.0,0.0,-3.3,5.27,9.2,189,0,79940.0,0,0.233,0.0,400.0,0,0.0,0,0,0.0,-1,-1,-1,-1,0.0,0.0
2026-01-23T15:00,0.0,0.0,0.0,0.0,-4.0,3.56,8.9,177,0,79920.0,0,0.233,20.0,345.0,0,0.0,0,0,0.0,-1,-1,-1,-1,0.0,0.0
2026-01-23T16:00,0.0,0.0,0.0,0.0,-3.1,6.95,11.2,190,0,79500.0,0,0.233,20.0,815.0,0,0.0,0,0,0.0,-1,-1,-1,-1,0.0,0.0
2026-01-23T17:00,0.0,0.0,0.0,0.0,-3.0,9.29,15.4,193,0,79480.0,0,0.233,0.0,1000.0,0,0.0,0,0,0.0,-1,-1,-1,-1,0.0,0.0
2026-01-23T18:00,0.0,0.0,0.0,0.0,-3.8,8.76,15.7,193,0,79160.0,0,0.233,10.0,965.0,0,0.0,0,0,0.0,-1,-1,-1,-1,0.0,0.0
2026-01-23T19:00,0.0,0.0,0.0,0.0,-5.3,6.86,14.8,190,0,79160.0,0,0.233,0.0,665.0,0,0.0,0,0,0.0,-1,-1,-1,-1,0.0,0.0
2026-01-23T20:00,0.0,0.0,0.0,0.0,-5.9,6.47,11.6,201,0,79160.0,0,0.233,0.0,920.0,0,0.0,0,0,0.0,-1,-1,-1,-1,0.0,0.0
2026-01-23T21:00,0.0,0.0,0.0,0.0,-5.3,8.16,13.7,221,0,79140.0,0,0.233,0.0,1920.0,0,0.0,0,0,0.0,-1,-1,-1,-1,0.0,0.0
2026-01-23T22:00,0.0,0.0,0.0,0.0,-5.3,8.86,15.0,242,0,79880.0,0,0.233,0.0,2135.0,0,0.0,0,0,0.0,-1,-1,-1,-1,0.0,0.0
2026-01-23T23:00,0.0,0.0,0.0,0.0,-5.8,8.79,15.9,248,0,79860.0,0,0.233,0.0,1620.0,0,0.0,0,0,0.0,-1,-1,-1,-1,0.0,0.0
2026-01-24T00:00,0.0,0.0,0.0,0.0,-6.5,8.12,14.8,245,0,79440.0,0,0.233,0.0,1100.0,0,0.0,0,0,0.0,-1,-1,-1,-1,0.0,0.0
2026-01-24T01:00,0.0,0.0,0.0,0.0,-8.5,4.14,13.6,243,11,79420.0,1,0.233,0.0,480.0,0,0.0,0,0,0.0,-1,-1,-1,-1,0.0,0.0
2026-01-24T02:00,0.0,0.0,0.0,0.0,-6.9,3.32,7.3,239,7,79420.0,1,0.233,0.0,585.0,0,0.0,0,0,0.0,-1,-1,-1,-1,0.0,0.0
2026-01-24T03:00,0.0,0.0,0.0,0.0,-3.7,1.74,5.9,219,23,79840.0,1,0.233,0.0,2195.0,0,0.0,1,0,0.0,-1,-1,-1,-1,0.0,0.0
2026-01-24T04:00,0.0,0.0,0.0,0.0,0.1,9.57,15.6,243,67,79820.0,1,0.233,0.0,3640.0,0,0.0,2,0,0.0,-1,-1,-1,-1,0.0,0.0
2026-01-24T05:00,0.0,0.0,0.0,0.0,1.0,11.29,19.8,250,37,79820.0,1,0.233,0.0,4090.0,0,0.0,1,0,0.0,-1,-1,-1,-1,0.0,0.0
2026-01-24T06:00,0.0,0.0,0.0,0.0,1.2,11.97,20.7,256,45,79800.0,1,0.233,0.0,4575.0,0,0.0,1,0,0.0,-1,-1,-1,-1,0.0,0.0
2026-01-24T07:00,0.0,0.0,0.0,0.0,1.4,12.51,21.9,250,84,79800.0,1,0.233,0.0,4090.0,0,0.0,3,0,0.0,-1,-1,-1,-1,0.0,0.0
2026-01-24T08:00,0.0,0.0,0.0,0.0,1.0,12.89,23.4,246,89,79800.0,1,0.233,0.0,4130.0,0,0.0,3,0,0.0,-1,-1,-1,-1,0.0,0.0
2026-01-24T09:00,0.0,0.0,0.0,0.0,0.9,12.85,22.4,246,88,79780.0,1,0.233,0.0,4220.0,0,0.0,3,0,0.0,-1,-1,-1,-1,0.0,0.0
2026-01-24T10:00,0.0,0.0,0.0,0.0,0.3,9.82,22.0,247,45,79780.0,1,0.233,0.0,3835.0,0,0.0,1,0,0.0,-1,-1,-1,-1,0.0,0.0
2026-01-24T11:00,0.0,0.0,0.0,0.0,-1.8,8.7,16.8,251,61,79760.0,1,0.233,0.0,1955.0,0,0.0,2,0,0.0,-1,-1,-1,-1,0.0,0.0
2026-01-24T12:00,0.0,0.0,0.0,0.0,-2.2,8.33,14.9,255,87,79340.0,0,0.233,0.0,2155.0,0,0.0,3,0,0.0,-1,-1,-1,-1,0.0,0.0
2026-01-24T13:00,0.0,0.0,0.0,0.0,-3.3,6.56,14.2,249,83,79320.0,0,0.233,30.0,1140.0,0,0.0,3,0,0.0,-1,-1,-1,-1,0.0,0.0
2026-01-24T14:00,0.0,0.0,0.0,0.0,-3.9,7.08,12.0,252,51,79320.0,0,0.233,10.0,1245.0,0,0.0,2,0,0.0,-1,-1,-1,-1,0.0,0.0
2026-01-24T15:00,0.0,0.0,0.0,0.0,-4.4,7.42,12.8,258,100,79320.0,0,0.233,10.0,1305.0,0,0.0,3,0,0.0,-1,-1,-1,-1,0.0,0.0
2026-01-24T16:00,0.0,0.0,0.0,0.0,-4.4,8.0,13.7,264,98,64480.0,0,0.233,10.0,2075.0,0,0.0,3,0,0.0,-1,-1,-1,-1,0.0,0.0
2026-01-24T17:00,0.0,1.0,0.07,0.0,-5.3,8.56,14.7,259,99,43900.0,0,0.233,40.0,1715.0,0,0.0,85,0,0.0,-1,-1,-1,-1,0.0,0.0
2026-01-24T18:00,0.0,0.0,0.0,0.0,-5.2,6.69,14.5,252,99,63200.0,0,0.233,20.0,2255.0,0,0.0,3,0,0.0,-1,-1,-1,-1,0.0,0.0
2026-01-24T19:00,0.0,0.0,0.0,0.0,-6.3,7.14,12.0,257,38,78980.0,0,0.233,10.0,1850.0,0,0.0,1,0,0.0,-1,-1,-1,-1,0.0,0.0
2026-01-24T20:00,0.0,0.0,0.0,0.0,-7.7,7.47,13.1,253,0,78960.0,0,0.233,0.0,1590.0,0,0.0,0,0,0.0,-1,-1,-1,-1,0.0,0.0
2026-01-24T21:00,0.0,0.0,0.0,0.0,-8.9,6.82,12.8,248,0,78960.0,0,0.233,0.0,1220.0,0,0.0,0,0,0.0,-1,-1,-1,-1,0.0,0.0
2026-01-24T22:00,0.0,0.0,0.0,0.0,-9.6,6.24,11.7,243,0,79260.0,0,0.233,0.0,1020.0,0,0.0,0,0,0.0,-1,-1,-1,-1,0.0,0.0
2026-01-24T23:00,0.0,0.0,0.0,0.0,-10.6,4.76,10.7,249,0,78940.0,0,0.233,0.0,555.0,0,0.0,0,0,0.0,-1,-1,-1,-1,0.0,0.0
2026-01-25T00:00,0.0,0.0,0.0,0.0,-10.7,4.76,8.2,261,0,78940.0,0,0.233,0.0,505.0,0,0.0,0,0,0.0,-1,-1,-1,-1,0.0,0.0
2026-01-25T01:00,0.0,0.0,0.0,0.0,-11.4,4.88,8.6,264,0,78920.0,1,0.233,0.0,525.0,0,0.0,0,0,0.0,-1,-1,-1,-1,0.0,0.0
2026-01-25T02:00,0.0,0.0,0.0,0.0,-9.2,5.12,9.3,266,0,79220.0,1,0.233,0.0,1350.0,0,0.0,0,0,0.0,-1,-1,-1,-1,0.0,0.0
2026-01-25T03:00,0.0,0.0,0.0,0.0,-7.4,6.07,11.1,289,0,79220.0,1,0.233,0.0,2345.0,0,0.0,0,0,0.0,-1,-1,-1,-1,0.0,0.0
2026-01-25T04:00,0.0,0.0,0.0,0.0,-6.3,7.65,13.9,281,0,79220.0,1,0.233,0.0,2865.0,0,0.0,0,0,0.0,-1,-1,-1,-1,0.0,0.0
2026-01-25T05:00,0.0,0.0,0.0,0.0,-5.5,9.15,16.5,271,0,79200.0,1,0.233,0.0,3155.0,0,0.0,0,0,0.0,-1,-1,-1,-1,0.0,0.0
2026-01-25T06:00,0.0,0.0,0.0,0.0,-5.5,9.31,18.1,273,0,79620.0,1,0.233,0.0,3155.0,0,0.0,0,0,0.0,-1,-1,-1,-1,0.0,0.0
2026-01-25T07:00,0.0,0.0,0.0,0.0,-5.3,9.03,17.2,275,0,79620.0,1,0.233,0.0,3095.0,0,0.0,0,0,0.0,-1,-1,-1,-1,0.0,0.0
2026-01-25T08:00,0.0,0.0,0.0,0.0,-5.2,8.21,16.6,277,0,79600.0,1,0.233,0.0,3015.0,0,0.0,0,0,0.0,-1,-1,-1,-1,0.0,0.0
2026-01-25T09:00,0.0,0.0,0.0,0.0,-5.2,7.27,15.1,280,0,79600.0,1,0.233,0.0,2920.0,0,0.0,0,0,0.0,-1,-1,-1,-1,0.0,0.0
2026-01-25T10:00,0.0,0.0,0.0,0.0,-5.8,6.33,13.3,286,0,79580.0,1,0.233,0.0,2455.0,0,0.0,0,0,0.0,-1,-1,-1,-1,0.0,0.0
2026-01-25T11:00,0.0,0.0,0.0,0.0,-7.4,3.93,11.2,292,0,79580.0,1,0.233,0.0,1025.0,0,0.0,0,0,0.0,-1,-1,-1,-1,0.0,0.0
2026-01-25T12:00,0.0,0.0,0.0,0.0,-9.0,2.68,6.5,333,0,79580.0,0,0.233,0.0,205.0,0,0.0,0,0,0.0,-1,-1,-1,-1,0.0,0.0
2026-01-25T13:00,0.0,0.0,0.0,0.0,-10.2,2.97,4.7,20,0,79560.0,0,0.233,0.0,115.0,0,0.0,0,0,0.0,-1,-1,-1,-1,0.0,0.0
2026-01-25T14:00,0.0,0.0,0.0,0.0,-11.3,2.97,5.6,63,16,79560.0,0,0.233,0.0,100.0,0,0.0,0,0,0.0,-1,-1,-1,-1,0.0,0.0
2026-01-25T15:00,0.0,0.0,0.0,0.0,-11.9,2.65,5.0,88,98,79540.0,0,0.233,0.0,85.0,0,0.0,3,0,0.0,-1,-1,-1,-1,0.0,0.0
2026-01-25T16:00,0.0,0.0,0.0,0.0,-11.3,2.98,5.0,81,92,79540.0,0,0.233,0.0,95.0,0,0.0,3,0,0.0,-1,-1,-1,-1,0.0,0.0
2026-01-25T17:00,0.0,0.0,0.0,0.0,-11.6,2.95,5.0,88,24,79540.0,0,0.233,0.0,125.0,0,0.0,1,0,0.0,-1,-1,-1,-1,0.0,0.0
2026-01-25T18:00,0.0,0.0,0.0,0.0,-12.4,3.11,5.2,94,49,79520.0,0,0.233,0.0,145.0,0,0.0,1,0,0.0,-1,-1,-1,-1,0.0,0.0
2026-01-25T19:00,0.0,0.0,0.0,0.0,-12.8,3.65,6.2,99,48,79520.0,0,0.233,0.0,195.0,0,0.0,1,0,0.0,-1,-1,-1,-1,0.0,0.0
2026-01-25T20:00,0.0,0.0,0.0,0.0,-13.3,3.05,6.2,91,50,79500.0,0,0.233,0.0,125.0,0,0.0,2,0,0.0,-1,-1,-1,-1,0.0,0.0
2026-01-25T21:00,0.0,0.0,0.0,0.0,-14.2,2.27,5.1,82,100,79080.0,0,0.233,0.0,65.0,0,0.0,3,0,0.0,-1,-1,-1,-1,0.0,0.0
2026-01-25T22:00,0.0,0.0,0.0,0.0,-13.1,2.05,4.1,89,99,66040.0,0,0.233,10.0,50.0,0,0.0,3,0,0.0,-1,-1,-1,-1,0.0,0.0
2026-01-25T23:00,0.0,0.0,0.0,0.0,-12.6,1.19,3.7,112,100,23560.0,0,0.233,10.0,40.0,0,0.0,3,0,0.0,-1,-1,-1,-1,0.0,0.0
2026-01-26T00:00,0.0,0.0,0.0,0.0,-13.2,2.01,3.2,251,100,19260.0,0,0.233,0.0,135.0,0,0.0,3,0,0.0,-1,-1,-1,-1,0.0,0.0
2026-01-26T01:00,0.0,0.0,0.0,0.0,-12.7,3.15,4.7,290,100,47880.0,1,0.233,0.0,295.0,0,0.0,3,0,0.0,-1,-1,-1,-1,0.0,0.0
2026-01-26T02:00,0.0,0.0,0.0,0.0,-10.7,3.49,6.3,278,98,47660.0,1,0.233,0.0,590.0,0,0.0,3,0,0.0,-1,-1,-1,-1,0.0,0.0
2026-01-26T03:00,0.0,0.0,0.0,0.0,-7.9,6.6,11.6,270,100,64800.0,1,0.233,0.0,1380.0,0,0.0,3,0,0.0,-1,-1,-1,-1,0.0,0.0
2026-01-26T04:00,0.0,0.0,0.0,0.0,-6.2,7.72,13.9,274,0,78720.0,1,0.233,0.0,2305.0,0,0.0,0,0,0.0,-1,-1,-1,-1,0.0,0.0
2026-01-26T05:00,0.0,0.0,0.0,0.0,-4.7,8.49,15.4,281,65,78720.0,1,0.233,10.0,2855.0,0,0.0,2,0,0.0,-1,-1,-1,-1,0.0,0.0
2026-01-26T06:00,0.0,0.0,0.0,0.0,-4.7,8.94,16.7,280,41,79020.0,1,0.233,20.0,2995.0,0,0.0,1,0,0.0,-1,-1,-1,-1,0.0,0.0
2026-01-26T07:00,0.0,0.0,0.0,0.0,-4.2,9.23,16.8,280,40,79000.0,1,0.233,20.0,3355.0,0,0.0,1,0,0.0,-1,-1,-1,-1,0.0,0.0
2026-01-26T08:00,0.0,0.0,0.0,0.0,-4.2,9.57,17.2,277,13,79000.0,1,0.233,20.0,3670.0,0,0.0,0,0,0.0,-1,-1,-1,-1,0.0,0.0
2026-01-26T09:00,0.0,0.0,0.0,0.0,-4.7,9.5,17.2,278,5,78980.0,1,0.233,0.0,3285.0,0,0.0,0,0,0.0,-1,-1,-1,-1,0.0,0.0
2026-01-26T10:00,0.0,0.0,0.0,0.0,-5.3,9.2,17.1,280,0,79400.0,1,0.233,0.0,2915.0,0,0.0,0,0,0.0,-1,-1,-1,-1,0.0,0.0
2026-01-26T11:00,0.0,0.0,0.0,0.0,-7.2,6.9,15.9,282,0,78980.0,1,0.233,0.0,1945.0,0,0.0,0,0,0.0,-1,-1,-1,-1,0.0,0.0
2026-01-26T12:00,0.0,0.0,0.0,0.0,-8.8,5.28,11.6,296,0,78960.0,0,0.233,0.0,620.0,0,0.0,0,0,0.0,-1,-1,-1,-1,0.0,0.0
2026-01-26T13:00,0.0,0.0,0.0,0.0,-10.0,3.78,8.9,288,0,78960.0,0,0.233,0.0,380.0,1,0.0,0,0,0.0,-1,-1,-1,-1,0.0,0.0
2026-01-26T14:00,0.0,0.0,0.0,0.0,-10.6,3.0,6.5,273,0,78940.0,0,0.233,0.0,385.0,1,0.0,0,0,0.0,-1,-1,-1,-1,0.0,0.0
2026-01-26T15:00,0.0,0.0,0.0,0.0,-12.6,2.32,5.3,213,0,78640.0,0,0.233,0.0,100.0,1,0.0,0,0,0.0,-1,-1,-1,-1,0.0,0.0
2026-01-26T16:00,0.0,0.0,0.0,0.0,-12.9,1.42,3.9,190,0,78940.0,0,0.233,0.0,55.0,1,0.0,0,0,0.0,-1,-1,-1,-1,0.0,0.0
2026-01-26T17:00,0.0,0.0,0.0,0.0,-12.4,0.92,2.6,202,0,78920.0,0,0.233,0.0,40.0,1,0.0,0,0,0.0,-1,-1,-1,-1,0.0,0.0
2026-01-26T18:00,0.0,0.0,0.0,0.0,-12.8,0.62,1.9,104,33,78620.0,0,0.233,0.0,30.0,0,0.0,1,0,0.0,-1,-1,-1,-1,0.0,0.0
2026-01-26T19:00,0.0,0.0,0.0,0.0,-13.8,1.14,1.9,119,10,78600.0,0,0.233,0.0,40.0,1,0.0,0,0,0.0,-1,-1,-1,-1,0.0,0.0
2026-01-26T20:00,0.0,0.0,0.0,0.0,-14.6,0.92,1.9,103,1,78600.0,0,0.233,0.0,30.0,1,0.0,0,0,0.0,-1,-1,-1,-1,0.0,0.0
2026-01-26T21:00,0.0,0.0,0.0,0.0,-14.8,0.95,1.7,72,0,78600.0,0,0.233,0.0,30.0,1,0.0,0,0,0.0,-1,-1,-1,-1,0.0,0.0
2026-01-26T22:00,0.0,0.0,0.0,0.0,-15.1,1.22,1.9,81,0,78580.0,0,0.233,0.0,30.0,1,0.0,0,0,0.0,-1,-1,-1,-1,0.0,0.0
2026-01-26T23:00,0.0,0.0,0.0,0.0,-15.5,1.05,1.8,90,0,78160.0,0,0.233,0.0,20.0,1,0.0,0,0,0.0,-1,-1,-1,-1,0.0,0.0
2026-01-27T00:00,0.0,0.0,0.0,0.0,-15.5,0.85,1.7,93,0,78140.0,0,0.233,0.0,20.0,0,0.0,0,0,0.0,-1,-1,-1,-1,0.0,0.0
2026-01-27T01:00,0.0,0.0,0.0,0.0,-15.6,0.96,1.7,96,0,78560.0,1,0.233,0.0,20.0,0,0.0,0,0,0.0,-1,-1,-1,-1,0.0,0.0
2026-01-27T02:00,0.0,0.0,0.0,0.0,-11.3,1.2,2.8,95,0,78560.0,1,0.233,0.0,30.0,0,0.0,0,0,0.0,-1,-1,-1,-1,0.0,0.0
2026-01-27T03:00,0.0,0.0,0.0,0.0,-7.7,0.51,3.3,169,0,78840.0,1,0.233,0.0,225.0,0,0.0,0,0,0.0,-1,-1,-1,-1,0.0,0.0
2026-01-27T04:00,0.0,0.0,0.0,0.0,-4.9,1.1,4.6,223,0,78840.0,1,0.233,0.0,630.0,0,0.0,0,0,0.0,-1,-1,-1,-1,0.0,0.0
2026-01-27T05:00,0.0,0.0,0.0,0.0,-1.8,3.26,7.5,243,0,78840.0,1,0.233,0.0,1750.0,0,0.0,0,0,0.0,-1,-1,-1,-1,0.0,0.0
2026-01-27T06:00,0.0,0.0,0.0,0.0,0.3,6.17,11.3,252,0,79240.0,1,0.233,0.0,2360.0,0,0.0,0,0,0.0,-1,-1,-1,-1,0.0,0.0
2026-01-27T07:00,0.0,0.0,0.0,0.0,1.1,7.77,14.5,254,0,79240.0,1,0.233,0.0,2900.0,1,0.0,0,0,0.0,-1,-1,-1,-1,0.0,0.0
2026-01-27T08:00,0.0,0.0,0.0,0.0,1.6,7.42,14.5,256,0,79220.0,1,0.233,0.0,3140.0,1,0.0,0,0,0.0,-1,-1,-1,-1,0.0,0.0
2026-01-27T09:00,0.0,0.0,0.0,0.0,1.6,7.31,14.0,263,32,79220.0,1,0.233,0.0,3600.0,1,0.0,1,0,0.0,-1,-1,-1,-1,0.0,0.0
2026-01-27T10:00,0.0,0.0,0.0,0.0,0.5,7.4,14.4,277,0,79200.0,1,0.233,0.0,3265.0,1,0.0,0,0,0.0,-1,-1,-1,-1,0.0,0.0
2026-01-27T11:00,0.0,0.0,0.0,0.0,-1.5,5.76,12.7,267,0,79200.0,1,0.233,0.0,1245.0,1,0.0,0,0,0.0,-1,-1,-1,-1,0.0,0.0
2026-01-27T12:00,0.0,0.0,0.0,0.0,-3.4,3.67,9.9,276,0,79200.0,0,0.233,0.0,355.0,0,0.0,0,0,0.0,-1,-1,-1,-1,0.0,0.0
2026-01-27T13:00,0.0,0.0,0.0,0.0,-5.5,2.51,6.3,257,0,78780.0,0,0.233,0.0,170.0,1,0.0,0,0,0.0,-1,-1,-1,-1,0.0,0.0
2026-01-27T14:00,0.0,0.0,0.0,0.0,-7.0,1.96,4.2,186,0,78760.0,0,0.233,0.0,85.0,0,0.0,0,0,0.0,-1,-1,-1,-1,0.0,0.0
2026-01-27T15:00,0.0,0.0,0.0,0.0,-6.7,0.64,3.2,141,51,78760.0,0,0.233,10.0,40.0,0,0.0,2,0,0.0,-1,-1,-1,-1,0.0,0.0
2026-01-27T16:00,0.0,0.0,0.0,0.0,-7.0,0.35,1.6,8,39,78740.0,0,0.233,0.0,30.0,0,0.0,1,0,0.0,-1,-1,-1,-1,0.0,0.0
2026-01-27T17:00,0.0,0.0,0.0,0.0,-7.4,0.49,1.7,24,13,78740.0,0,0.233,0.0,25.0,0,0.0,0,0,0.0,-1,-1,-1,-1,0.0,0.0
2026-01-27T18:00,0.0,0.0,0.0,0.0,-7.2,0.43,1.5,126,68,78740.0,0,0.233,10.0,30.0,0,0.0,2,0,0.0,-1,-1,-1,-1,0.0,0.0
2026-01-27T19:00,0.0,0.0,0.0,0.0,-8.3,1.08,2.1,146,78,78720.0,0,0.233,0.0,35.0,0,0.0,2,0,0.0,-1,-1,-1,-1,0.0,0.0
2026-01-27T20:00,0.0,0.0,0.0,0.0,-8.8,0.71,2.1,141,9,78720.0,0,0.233,0.0,25.0,0,0.0,0,0,0.0,-1,-1,-1,-1,0.0,0.0
2026-01-27T21:00,0.0,0.0,0.0,0.0,-9.5,0.78,1.7,135,0,78700.0,0,0.233,0.0,35.0,0,0.0,0,0,0.0,-1,-1,-1,-1,0.0,0.0
2026-01-27T22:00,0.0,0.0,0.0,0.0,-10.0,1.33,2.4,146,0,78700.0,0,0.233,0.0,45.0,0,0.0,0,0,0.0,-1,-1,-1,-1,0.0,0.0
2026-01-27T23:00,0.0,0.0,0.0,0.0,-10.0,0.94,2.4,155,1,78700.0,0,0.233,0.0,50.0,0,0.0,0,0,0.0,-1,-1,-1,-1,0.0,0.0
2026-01-28T00:00,0.0,0.0,0.0,0.0,-9.6,0.21,2.1,76,0,78380.0,0,0.233,0.0,15.0,0,0.0,0,0,0.0,-1,-1,-1,-1,0.0,0.0
2026-01-28T01:00,0.0,0.0,0.0,0.0,-10.2,0.16,1.3,72,5,78380.0,1,0.233,0.0,10.0,1,0.0,0,0,0.0,-1,-1,-1,-1,0.0,0.0
2026-01-28T02:00,0.0,0.0,0.0,0.0,-6.6,0.9,1.9,93,16,78360.0,1,0.233,0.0,25.0,1,0.0,0,0,0.0,-1,-1,-1,-1,0.0,0.0
2026-01-28T03:00,0.0,0.0,0.0,0.0,-3.2,1.3,3.9,180,22,78660.0,1,0.233,0.0,610.0,1,0.0,1,0,0.0,-1,-1,-1,-1,0.0,0.0
2026-01-28T04:00,0.0,0.0,0.0,0.0,1.2,4.62,8.5,202,40,78660.0,1,0.233,0.0,2650.0,1,0.0,1,0,0.0,-1,-1,-1,-1,0.0,0.0
2026-01-28T05:00,0.0,0.0,0.0,0.0,2.2,10.42,18.6,217,0,78640.0,1,0.233,0.0,2840.0,1,0.0,0,0,0.0,-1,-1,-1,-1,0.0,0.0
2026-01-28T06:00,0.0,0.0,0.0,0.0,3.2,10.4,18.6,230,3,78640.0,1,0.233,0.0,4170.0,0,0.0,0,0,0.0,-1,-1,-1,-1,0.0,0.0
2026-01-28T07:00,0.0,0.0,0.0,0.0,3.8,10.03,18.7,231,98,78640.0,1,0.233,60.0,5080.0,0,0.0,3,0,0.0,-1,-1,-1,-1,0.0,0.0
2026-01-28T08:00,0.0,0.0,0.0,0.0,3.7,10.33,18.9,227,99,79040.0,1,0.233,70.0,5235.0,0,0.0,3,0,0.0,-1,-1,-1,-1,0.0,0.0
2026-01-28T09:00,0.0,0.0,0.0,0.0,2.8,11.83,20.9,238,40,78620.0,1,0.233,30.0,4605.0,0,0.0,1,0,0.0,-1,-1,-1,-1,0.0,0.0
2026-01-28T10:00,0.0,0.0,0.0,0.0,1.8,11.65,21.6,243,88,78600.0,1,0.233,30.0,4730.0,0,0.0,3,0,0.0,-1,-1,-1,-1,0.0,0.0
2026-01-28T11:00,0.0,0.0,0.0,0.0,-0.3,7.84,19.8,237,99,78600.0,1,0.233,0.0,2500.0,0,0.0,3,0,0.0,-1,-1,-1,-1,0.0,0.0
2026-01-28T12:00,0.0,0.0,0.0,0.0,-2.0,6.69,13.3,197,98,78600.0,0,0.233,20.0,790.0,0,0.0,3,0,0.0,-1,-1,-1,-1,0.0,0.0
2026-01-28T13:00,0.0,0.0,0.0,0.0,-2.3,7.19,12.8,195,100,78280.0,0,0.233,20.0,1195.0,0,0.0,3,0,0.0,-1,-1,-1,-1,0.0,0.0
2026-01-28T14:00,0.0,0.0,0.0,0.0,-2.4,7.34,13.7,212,98,68220.0,0,0.233,60.0,1425.0,0,0.0,3,0,0.0,-1,-1,-1,-1,0.0,0.0
2026-01-28T15:00,0.0,1.0,0.07,0.0,-3.0,5.57,12.6,233,97,77860.0,0,0.233,70.0,1160.0,0,0.0,85,0,0.0,-1,-1,-1,-1,0.0,0.0
2026-01-28T16:00,0.0,0.0,0.0,0.0,-4.0,7.2,12.2,237,2,78260.0,0,0.233,0.0,2445.0,0,0.0,0,0,0.0,-1,-1,-1,-1,0.0,0.0
2026-01-28T17:00,0.0,0.0,0.0,0.0,-5.2,7.33,12.7,243,0,78260.0,0,0.233,0.0,2150.0,0,0.0,0,0,0.0,-1,-1,-1,-1,0.0,0.0
2026-01-28T18:00,0.0,0.0,0.0,0.0,-5.9,8.98,13.5,246,10,78240.0,0,0.233,10.0,1865.0,0,0.0,0,0,0.0,-1,-1,-1,-1,0.0,0.0
2026-01-28T19:00,0.0,1.0,0.07,0.0,-7.0,8.56,15.3,257,92,69840.0,0,0.233,10.0,1830.0,0,0.0,85,0,0.0,-1,-1,-1,-1,0.0,0.0
2026-01-28T20:00,0.0,1.0,0.14,0.0,-8.9,5.95,14.4,296,100,7060.0,0,0.233,10.0,835.0,0,0.0,85,0,0.0,-1,-1,-1,-1,0.0,0.0
2026-01-28T21:00,0.0,0.833,0.42,0.01,-9.2,6.18,11.5,264,82,18380.0,0,0.233,20.0,1085.0,0,0.0,85,0,0.0,-1,-1,-1,-1,0.0,0.0
2026-01-28T22:00,0.0,0.0,0.0,0.01,-9.6,5.49,10.9,263,3,73200.0,0,0.233,0.0,1090.0,0,0.0,0,0,0.0,-1,-1,-1,-1,0.0,0.0
2026-01-28T23:00,0.0,0.0,0.0,0.01,-11.4,3.71,9.3,260,12,74540.0,0,0.233,0.0,420.0,0,0.0,0,0,0.0,-1,-1,-1,-1,0.0,0.0
2026-01-29T00:00,0.0,0.0,0.0,0.0,-11.5,4.3,6.4,272,0,75580.0,0,0.233,0.0,695.0,0,0.0,0,0,0.0,-1,-1,-1,-1,0.0,0.0
2026-01-29T01:00,0.0,0.0,0.0,0.0,-12.5,3.18,7.4,262,0,76400.0,1,0.233,0.0,435.0,0,0.0,0,0,0.0,-1,-1,-1,-1,0.0,0.0
2026-01-29T02:00,0.0,0.0,0.0,0.0,-10.3,3.05,6.0,240,0,76400.0,1,0.233,0.0,695.0,0,0.0,0,0,0.0,-1,-1,-1,-1,0.0,0.0
2026-01-29T03:00,0.0,0.0,0.0,0.0,-7.8,4.19,8.2,247,0,77760.0,1,0.233,0.0,1395.0,0,0.0,0,0,0.0,-1,-1,-1,-1,0.0,0.0
2026-01-29T04:00,0.0,0.0,0.0,0.0,-5.6,5.98,11.4,256,0,78180.0,1,0.233,0.0,2250.0,0,0.0,0,0,0.0,-1,-1,-1,-1,0.0,0.0
2026-01-29T05:00,0.0,0.0,0.0,0.0,-3.7,7.25,13.5,255,0,78460.0,1,0.233,0.0,3460.0,0,0.0,0,0,0.0,-1,-1,-1,-1,0.0,0.0
2026-01-29T06:00,0.0,0.0,0.0,0.0,-3.1,8.51,16.7,253,60,78460.0,1,0.233,0.0,3785.0,0,0.0,2,0,0.0,-1,-1,-1,-1,0.0,0.0
2026-01-29T07:00,0.0,0.0,0.0,0.0,-2.3,9.42,17.0,256,0,78860.0,1,0.233,0.0,3970.0,0,0.0,0,0,0.0,-1,-1,-1,-1,0.0,0.0
2026-01-29T08:00,0.0,0.0,0.0,0.0,-2.1,9.52,17.4,250,89,78860.0,1,0.233,20.0,4340.0,0,0.0,3,0,0.0,-1,-1,-1,-1,0.0,0.0
2026-01-29T09:00,0.0,0.0,0.0,0.0,-2.3,9.03,17.2,262,100,78840.0,1,0.233,0.0,4720.0,0,0.0,3,0,0.0,-1,-1,-1,-1,0.0,0.0
2026-01-29T10:00,0.0,0.0,0.0,0.0,-3.0,7.69,16.0,259,87,78420.0,1,0.233,0.0,3315.0,0,0.0,3,0,0.0,-1,-1,-1,-1,0.0,0.0
2026-01-29T11:00,0.0,0.0,0.0,0.0,-4.6,4.43,13.4,276,100,67740.0,1,0.233,0.0,1420.0,0,0.0,3,0,0.0,-1,-1,-1,-1,0.0,0.0
2026-01-29T12:00,0.0,0.0,0.0,0.0,-5.5,4.13,7.4,305,73,78820.0,0,0.233,10.0,845.0,0,0.0,2,0,0.0,-1,-1,-1,-1,0.0,0.0
2026-01-29T13:00,0.0,0.0,0.0,0.0,-8.0,4.21,6.8,344,97,78400.0,0,0.233,0.0,415.0,0,0.0,3,0,0.0,-1,-1,-1,-1,0.0,0.0
2026-01-29T14:00,0.0,0.0,0.0,0.0,-9.0,2.92,7.5,347,100,78400.0,0,0.233,10.0,245.0,0,0.0,3,0,0.0,-1,-1,-1,-1,0.0,0.0
2026-01-29T15:00,0.0,0.0,0.0,0.0,-8.8,1.57,4.7,351,95,78380.0,0,0.233,0.0,210.0,0,0.0,3,0,0.0,-1,-1,-1,-1,0.0,0.0
2026-01-29T16:00,0.0,0.0,0.0,0.0,-10.3,1.5,2.7,323,98,69260.0,0,0.233,0.0,190.0,0,0.0,3,0,0.0,-1,-1,-1,-1,0.0,0.0
2026-01-29T17:00,0.0,0.0,0.0,0.0,-10.1,0.27,2.5,248,98,78380.0,0,0.233,0.0,15.0,0,0.0,3,0,0.0,-1,-1,-1,-1,0.0,0.0
2026-01-29T18:00,0.0,0.0,0.0,0.0,-10.9,0.63,1.4,209,100,77640.0,0,0.233,0.0,35.0,0,0.0,3,0,0.0,-1,-1,-1,-1,0.0,0.0
2026-01-29T19:00,0.0,0.0,0.0,0.0,-10.3,4.08,6.5,281,100,52640.0,0,0.233,0.0,415.0,0,0.0,3,0,0.0,-1,-1,-1,-1,0.0,0.0
2026-01-29T20:00,0.0,0.0,0.0,0.0,-10.5,4.58,7.7,263,100,67460.0,0,0.233,0.0,470.0,0,0.0,3,0,0.0,-1,-1,-1,-1,0.0,0.0
2026-01-29T21:00,0.0,0.0,0.0,0.0,-10.5,6.74,11.2,264,88,58460.0,0,0.233,0.0,1210.0,0,0.0,3,0,0.0,-1,-1,-1,-1,0.0,0.0
2026-01-29T22:00,0.0,0.0,0.0,0.0,-11.0,6.22,11.5,261,100,46600.0,0,0.233,10.0,1240.0,0,0.0,3,0,0.0,-1,-1,-1,-1,0.0,0.0
2026-01-29T23:00,0.0,0.0,0.0,0.0,-11.1,7.27,12.2,266,100,53720.0,0,0.232,0.0,1455.0,0,0.0,3,0,0.0,-1,-1,-1,-1,0.0,0.0
2026-01-30T00:00,0.0,0.0,0.0,0.01,-11.2,6.21,13.0,272,87,68940.0,0,0.233,0.0,1545.0,0,0.0,3,0,0.0,-1,-1,-1,-1,0.0,0.0
2026-01-30T01:00,0.0,0.0,0.0,0.01,-13.0,4.51,10.5,266,19,74360.0,1,0.233,0.0,1045.0,0,0.0,0,0,0.0,-1,-1,-1,-1,0.0,0.0
2026-01-30T02:00,0.0,0.0,0.0,0.01,-12.8,4.9,8.5,269,1,76220.0,1,0.233,0.0,1620.0,0,0.0,0,0,0.0,-1,-1,-1,-1,0.0,0.0
2026-01-30T03:00,0.0,0.0,0.0,0.01,-11.5,6.38,11.3,276,0,77580.0,1,0.233,0.0,2095.0,0,0.0,0,0,0.0,-1,-1,-1,-1,0.0,0.0
2026-01-30T04:00,0.0,0.0,0.0,0.01,-9.1,8.63,15.4,280,0,78000.0,1,0.233,0.0,2050.0,0,0.0,0,0,0.0,-1,-1,-1,-1,0.0,0.0
2026-01-30T05:00,0.0,0.0,0.0,0.01,-7.8,8.28,15.3,275,0,78280.0,1,0.233,0.0,2455.0,0,0.0,0,0,0.0,-1,-1,-1,-1,0.0,0.0
2026-01-30T06:00,0.0,0.0,0.0,0.01,-7.7,7.42,15.1,280,0,78280.0,1,0.233,0.0,2515.0,0,0.0,0,0,0.0,-1,-1,-1,-1,0.0,0.0
2026-01-30T07:00,0.0,0.0,0.0,0.01,-6.6,7.22,14.0,278,13,78260.0,1,0.233,0.0,2365.0,0,0.0,0,0,0.0,-1,-1,-1,-1,0.0,0.0
2026-01-30T08:00,0.0,0.0,0.0,0.01,-5.8,6.81,13.5,267,15,78260.0,1,0.233,0.0,2720.0,0,0.0,0,0,0.0,-1,-1,-1,-1,0.0,0.0
2026-01-30T09:00,0.0,0.0,0.0,0.01,-6.1,6.33,12.8,276,6,78260.0,1,0.233,0.0,2430.0,0,0.0,0,0,0.0,-1,-1,-1,-1,0.0,0.0
2026-01-30T10:00,0.0,0.0,0.0,0.01,-6.2,5.37,11.7,275,14,78240.0,1,0.233,0.0,2270.0,0,0.0,0,0,0.0,-1,-1,-1,-1,0.0,0.0
2026-01-30T11:00,0.0,0.0,0.0,0.01,-7.7,2.65,9.6,306,0,78240.0,1,0.232,0.0,555.0,0,0.0,0,0,0.0,-1,-1,-1,-1,0.0,0.0
2026-01-30T12:00,0.0,0.0,0.0,0.01,-9.3,4.24,4.3,317,19,78220.0,0,0.232,0.0,355.0,0,0.0,0,0,0.0,-1,-1,-1,-1,0.0,0.0
2026-01-30T13:00,0.0,0.0,0.0,0.01,-10.9,2.41,7.0,347,66,77920.0,0,0.232,0.0,95.0,0,0.0,2,0,0.0,-1,-1,-1,-1,0.0,0.0
2026-01-30T14:00,0.0,0.0,0.0,0.01,-11.7,0.78,3.9,40,93,78220.0,0,0.232,0.0,25.0,0,0.0,3,0,0.0,-1,-1,-1,-1,0.0,0.0
2026-01-30T15:00,0.0,0.0,0.0,0.01,-12.0,0.86,1.6,97,52,77900.0,0,0.232,0.0,25.0,0,0.0,2,0,0.0,-1,-1,-1,-1,0.0,0.0
2026-01-30T16:00,0.0,0.0,0.0,0.01,-12.1,1.49,2.1,110,48,77900.0,0,0.232,10.0,40.0,0,0.0,1,0,0.0,-1,-1,-1,-1,0.0,0.0
2026-01-30T17:00,0.0,0.0,0.0,0.01,-12.6,1.64,2.6,128,76,78180.0,0,0.232,10.0,40.0,0,0.0,2,0,0.0,-1,-1,-1,-1,0.0,0.0
2026-01-30T18:00,0.0,0.0,0.0,0.01,-11.8,1.03,2.4,119,66,78180.0,0,0.232,0.0,35.0,0,0.0,2,0,0.0,-1,-1,-1,-1,0.0,0.0
2026-01-30T19:00,0.0,0.0,0.0,0.01,-11.9,0.54,1.8,124,46,77880.0,0,0.232,0.0,25.0,0,0.0,1,0,0.0,-1,-1,-1,-1,0.0,0.0
2026-01-30T20:00,0.0,0.0,0.0,0.01,-12.4,0.07,1.4,45,0,77880.0,0,0.232,0.0,10.0,0,0.0,0,0,0.0,-1,-1,-1,-1,0.0,0.0
2026-01-30T21:00,0.0,0.0,0.0,0.01,-13.0,0.14,1.1,135,0,77860.0,0,0.232,0.0,10.0,0,0.0,0,0,0.0,-1,-1,-1,-1,0.0,0.0
2026-01-30T22:00,0.0,0.0,0.0,0.01,-13.8,0.45,1.6,186,0,77860.0,0,0.232,0.0,15.0,0,0.0,0,0,0.0,-1,-1,-1,-1,0.0,0.0
2026-01-30T23:00,0.0,0.0,0.0,0.01,-14.6,1.28,2.5,201,0,77860.0,0,0.232,0.0,60.0,0,0.0,0,0,0.0,-1,-1,-1,-1,0.0,0.0
2026-01-31T00:00,0.0,0.0,0.0,0.0,-14.6,3.05,4.4,249,0,77420.0,0,0.232,0.0,330.0,0,0.0,0,0,0.0,-1,-1,-1,-1,0.0,0.0
2026-01-31T01:00,0.0,0.0,0.0,0.0,-14.1,3.31,6.1,267,0,77420.0,1,0.232,0.0,300.0,0,0.0,0,0,0.0,-1,-1,-1,-1,0.0,0.0
2026-01-31T02:00,0.0,0.0,0.0,0.0,-11.0,4.26,7.1,274,0,77420.0,1,0.232,0.0,415.0,0,0.0,0,0,0.0,-1,-1,-1,-1,0.0,0.0
2026-01-31T03:00,0.0,0.0,0.0,0.0,-7.4,4.62,8.6,264,0,77820.0,1,0.232,0.0,1325.0,0,0.0,0,0,0.0,-1,-1,-1,-1,0.0,0.0
2026-01-31T04:00,0.0,0.0,0.0,0.0,-4.9,6.97,12.6,266,0,78100.0,1,0.232,0.0,1815.0,0,0.0,0,0,0.0,-1,-1,-1,-1,0.0,0.0
2026-01-31T05:00,0.0,0.0,0.0,0.0,-3.2,8.0,14.6,271,0,78100.0,1,0.232,0.0,2715.0,0,0.0,0,0,0.0,-1,-1,-1,-1,0.0,0.0
2026-01-31T06:00,0.0,0.0,0.0,0.0,-2.4,9.12,16.8,274,0,78500.0,1,0.232,0.0,3370.0,0,0.0,0,0,0.0,-1,-1,-1,-1,0.0,0.0
2026-01-31T07:00,0.0,0.0,0.0,0.0,-2.7,8.93,17.8,284,0,78080.0,1,0.232,0.0,2740.0,0,0.0,0,0,0.0,-1,-1,-1,-1,0.0,0.0
2026-01-31T08:00,0.0,0.0,0.0,0.0,-0.8,9.31,16.2,268,5,78480.0,1,0.232,0.0,3710.0,0,0.0,0,0,0.0,-1,-1,-1,-1,0.0,0.0
2026-01-31T09:00,0.0,0.0,0.0,0.0,-1.3,10.15,19.2,281,0,78480.0,1,0.232,0.0,4130.0,0,0.0,0,0,0.0,-1,-1,-1,-1,0.0,0.0
2026-01-31T10:00,0.0,0.0,0.0,0.0,-2.3,8.16,17.7,281,100,78460.0,1,0.232,0.0,3875.0,0,0.0,3,0,0.0,-1,-1,-1,-1,0.0,0.0
2026-01-31T11:00,0.0,0.0,0.0,0.0,-3.7,4.93,14.0,288,64,78060.0,1,0.232,0.0,1630.0,0,0.0,2,0,0.0,-1,-1,-1,-1,0.0,0.0
2026-01-31T12:00,0.0,0.0,0.0,0.0,-7.4,2.87,8.1,325,2,78040.0,0,0.232,0.0,325.0,0,0.0,0,0,0.0,-1,-1,-1,-1,0.0,0.0
2026-01-31T13:00,0.0,0.0,0.0,0.0,-8.9,2.61,5.3,340,94,78040.0,0,0.232,0.0,205.0,0,0.0,3,0,0.0,-1,-1,-1,-1,0.0,0.0
2026-01-31T14:00,0.0,0.0,0.0,0.0,-8.9,1.0,4.2,360,93,78040.0,0,0.232,20.0,70.0,0,0.0,3,0,0.0,-1,-1,-1,-1,0.0,0.0
2026-01-31T15:00,0.0,0.0,0.0,0.0,-9.5,0.18,1.9,124,44,76400.0,0,0.232,40.0,15.0,0,0.0,1,0,0.0,-1,-1,-1,-1,0.0,0.0
2026-01-31T16:00,0.0,0.0,0.0,0.0,-10.5,1.12,1.8,100,9,78020.0,0,0.232,30.0,30.0,0,0.0,0,0,0.0,-1,-1,-1,-1,0.0,0.0
2026-01-31T17:00,0.0,0.0,0.0,0.0,-10.4,0.92,2.0,119,29,78000.0,0,0.232,10.0,30.0,0,0.0,1,0,0.0,-1,-1,-1,-1,0.0,0.0
2026-01-31T18:00,0.0,0.0,0.0,0.0,-9.6,0.38,1.9,203,12,78000.0,0,0.232,0.0,20.0,0,0.0,0,0,0.0,-1,-1,-1,-1,0.0,0.0
2026-01-31T19:00,0.0,0.0,0.0,0.0,-10.2,0.71,1.8,315,0,78000.0,0,0.232,20.0,100.0,0,0.0,0,0,0.0,-1,-1,-1,-1,0.0,0.0
2026-01-31T20:00,0.0,0.0,0.0,0.0,-11.5,1.5,2.8,249,0,77700.0,0,0.232,0.0,125.0,0,0.0,0,0,0.0,-1,-1,-1,-1,0.0,0.0
2026-01-31T21:00,0.0,0.0,0.0,0.0,-12.6,2.5,4.3,244,0,77280.0,0,0.232,0.0,205.0,0,0.0,0,0,0.0,-1,-1,-1,-1,0.0,0.0
2026-01-31T22:00,0.0,0.0,0.0,0.0,-12.5,2.75,5.0,251,2,75900.0,0,0.232,0.0,195.0,0,0.0,0,0,0.0,-1,-1,-1,-1,0.0,0.0
2026-01-31T23:00,0.0,0.0,0.0,0.0,-13.4,1.84,4.9,257,0,75880.0,0,0.232,0.0,115.0,0,0.0,0,0,0.0,-1,-1,-1,-1,0.0,0.0
2026-02-01T00:00,0.0,0.0,0.0,0.0,-13.0,1.14,3.3,241,0,75880.0,0,0.232,0.0,110.0,0,0.0,0,0,0.0,-1,-1,-1,-1,0.0,0.0
2026-02-01T01:00,0.0,0.0,0.0,0.0,-13.0,0.91,2.4,276,0,75880.0,1,0.232,0.0,115.0,0,0.0,0,0,0.0,-1,-1,-1,-1,0.0,0.0
2026-02-01T02:00,0.0,0.0,0.0,0.0,-10.0,1.61,3.4,324,0,77240.0,1,0.232,0.0,160.0,0,0.0,0,0,0.0,-1,-1,-1,-1,0.0,0.0
2026-02-01T03:00,0.0,0.0,0.0,0.0,-7.0,1.93,4.8,280,0,77640.0,1,0.232,0.0,455.0,0,0.0,0,0,0.0,-1,-1,-1,-1,0.0,0.0
2026-02-01T04:00,0.0,0.0,0.0,0.0,-3.9,4.2,8.5,272,0,77920.0,1,0.232,0.0,1770.0,0,0.0,0,0,0.0,-1,-1,-1,-1,0.0,0.0
2026-02-01T05:00,0.0,0.0,0.0,0.0,-2.1,5.6,11.1,269,0,77920.0,1,0.232,0.0,2535.0,0,0.0,0,0,0.0,-1,-1,-1,-1,0.0,0.0
2026-02-01T06:00,0.0,0.0,0.0,0.0,-1.5,6.01,12.2,267,0,77920.0,1,0.232,0.0,2700.0,0,0.0,0,0,0.0,-1,-1,-1,-1,0.0,0.0
2026-02-01T07:00,0.0,0.0,0.0,0.0,-0.8,6.4,12.6,269,9,78300.0,1,0.232,0.0,2910.0,0,0.0,0,0,0.0,-1,-1,-1,-1,0.0,0.0
2026-02-01T08:00,0.0,0.0,0.0,0.0,-0.3,6.18,12.5,258,3,78300.0,1,0.232,0.0,3440.0,0,0.0,0,0,0.0,-1,-1,-1,-1,0.0,0.0
2026-02-01T09:00,0.0,0.0,0.0,0.0,-0.2,6.03,11.9,256,21,78300.0,1,0.232,0.0,3830.0,0,0.0,1,0,0.0,-1,-1,-1,-1,0.0,0.0
2026-02-01T10:00,0.0,0.0,0.0,0.0,-0.7,6.91,12.1,246,65,78280.0,1,0.232,0.0,3795.0,0,0.0,2,0,0.0,-1,-1,-1,-1,0.0,0.0
2026-02-01T11:00,0.0,0.0,0.0,0.0,-2.5,4.07,12.1,281,85,78280.0,1,0.232,0.0,695.0,0,0.0,3,0,0.0,-1,-1,-1,-1,0.0,0.0
2026-02-01T12:00,0.0,0.0,0.0,0.0,-5.2,1.58,6.8,288,94,78260.0,0,0.232,0.0,115.0,0,0.0,3,0,0.0,-1,-1,-1,-1,0.0,0.0
2026-02-01T13:00,0.0,0.0,0.0,0.0,-5.7,2.07,3.2,302,94,78260.0,0,0.232,10.0,200.0,0,0.0,3,0,0.0,-1,-1,-1,-1,0.0,0.0
2026-02-01T14:00,0.0,0.0,0.0,0.0,-6.6,2.16,3.8,310,100,78260.0,0,0.232,0.0,115.0,0,0.0,3,0,0.0,-1,-1,-1,-1,0.0,0.0
2026-02-01T15:00,0.0,0.0,0.0,0.0,-6.3,1.2,3.4,17,99,53600.0,0,0.232,20.0,55.0,0,0.0,3,0,0.0,-1,-1,-1,-1,0.0,0.0
2026-02-01T16:00,0.0,0.0,0.0,0.0,-6.4,0.47,1.9,108,84,77840.0,0,0.232,20.0,20.0,0,0.0,3,0,0.0,-1,-1,-1,-1,0.0,0.0
2026-02-01T17:00,0.0,0.0,0.0,0.0,-6.7,0.7,1.8,184,95,77820.0,0,0.232,20.0,55.0,0,0.0,3,0,0.0,-1,-1,-1,-1,0.0,0.0
2026-02-01T18:00,0.0,0.0,0.0,0.0,-6.7,0.6,1.8,185,92,77820.0,0,0.232,10.0,40.0,0,0.0,3,0,0.0,-1,-1,-1,-1,0.0,0.0
2026-02-01T19:00,0.0,0.0,0.0,0.0,-8.8,0.68,1.9,163,98,77820.0,0,0.232,10.0,25.0,0,0.0,3,0,0.0,-1,-1,-1,-1,0.0,0.0
2026-02-01T20:00,0.0,0.0,0.0,0.0,-8.3,0.27,1.6,68,86,77800.0,0,0.232,0.0,10.0,0,0.0,3,0,0.0,-1,-1,-1,-1,0.0,0.0
2026-02-01T21:00,0.0,0.0,0.0,0.0,-9.9,1.79,2.8,216,52,77800.0,0,0.232,0.0,190.0,0,0.0,2,0,0.0,-1,-1,-1,-1,0.0,0.0
2026-02-01T22:00,0.0,0.0,0.0,0.0,-9.1,4.71,8.2,239,0,77500.0,0,0.232,0.0,385.0,0,0.0,0,0,0.0,-1,-1,-1,-1,0.0,0.0
2026-02-01T23:00,0.0,0.0,0.0,0.0,-10.7,2.88,8.1,250,0,77500.0,0,0.232,0.0,195.0,0,0.0,0,0,0.0,-1,-1,-1,-1,0.0,0.0
2026-02-02T00:00,0.0,0.0,0.0,0.0,-10.0,3.48,5.2,238,0,77480.0,0,0.232,0.0,380.0,0,0.0,0,0,0.0,-1,-1,-1,-1,0.0,0.0
2026-02-02T01:00,0.0,0.0,0.0,0.0,-8.7,6.03,10.0,240,0,77760.0,1,0.232,0.0,665.0,0,0.0,0,0,0.0,-1,-1,-1,-1,0.0,0.0
2026-02-02T02:00,0.0,0.0,0.0,0.0,-5.7,6.26,10.8,245,0,77760.0,1,0.232,10.0,1130.0,0,0.0,0,0,0.0,-1,-1,-1,-1,0.0,0.0
2026-02-02T03:00,0.0,0.0,0.0,0.0,-2.7,7.88,12.7,250,0,77760.0,1,0.232,30.0,3625.0,0,0.0,0,0,0.0,-1,-1,-1,-1,0.0,0.0
2026-02-02T04:00,0.0,0.0,0.0,0.0,-1.5,12.24,21.2,253,95,77740.0,1,0.232,20.0,3720.0,0,0.0,3,0,0.0,-1,-1,-1,-1,0.0,0.0
2026-02-02T05:00,0.0,0.0,0.0,0.0,-0.5,11.88,21.7,254,100,77740.0,1,0.232,40.0,4000.0,0,0.0,3,0,0.0,-1,-1,-1,-1,0.0,0.0
2026-02-02T06:00,0.0,0.0,0.0,0.0,-0.6,11.62,21.0,255,100,77720.0,1,0.232,30.0,4105.0,0,0.0,3,0,0.0,-1,-1,-1,-1,0.0,0.0
2026-02-02T07:00,0.0,0.0,0.0,0.0,-0.1,12.09,21.3,255,100,78120.0,1,0.232,20.0,4240.0,0,0.0,3,0,0.0,-1,-1,-1,-1,0.0,0.0
2026-02-02T08:00,0.0,0.0,0.0,0.0,0.3,12.0,21.5,254,85,78120.0,1,0.232,20.0,4735.0,0,0.0,3,0,0.0,-1,-1,-1,-1,0.0,0.0
2026-02-02T09:00,0.0,0.0,0.0,0.0,0.0,11.75,21.5,261,2,78100.0,1,0.232,0.0,4860.0,0,0.0,0,0,0.0,-1,-1,-1,-1,0.0,0.0
2026-02-02T10:00,0.0,0.0,0.0,0.0,-1.2,11.45,21.5,272,54,78100.0,1,0.232,0.0,4090.0,0,0.0,2,0,0.0,-1,-1,-1,-1,0.0,0.0
2026-02-02T11:00,0.0,0.0,0.0,0.0,-2.5,9.0,19.8,270,46,78100.0,1,0.232,0.0,3815.0,0,0.0,1,0,0.0,-1,-1,-1,-1,0.0,0.0
2026-02-02T12:00,0.0,0.0,0.0,0.0,-4.1,6.62,15.3,292,70,77680.0,0,0.232,0.0,1560.0,0,0.0,2,0,0.0,-1,-1,-1,-1,0.0,0.0
2026-02-02T13:00,0.0,0.0,0.0,0.0,-6.8,4.06,11.1,322,84,77680.0,0,0.232,10.0,405.0,0,0.0,3,0,0.0,-1,-1,-1,-1,0.0,0.0
2026-02-02T14:00,0.0,0.0,0.0,0.0,-9.2,1.17,6.8,340,29,77660.0,0,0.232,0.0,160.0,0,0.0,1,0,0.0,-1,-1,-1,-1,0.0,0.0
2026-02-02T15:00,0.0,0.0,0.0,0.0,-9.3,0.18,2.3,146,41,77660.0,0,0.232,20.0,15.0,0,0.0,1,0,0.0,-1,-1,-1,-1,0.0,0.0
2026-02-02T16:00,0.0,0.0,0.0,0.0,-9.6,0.4,1.1,97,48,77660.0,0,0.232,20.0,20.0,0,0.0,1,0,0.0,-1,-1,-1,-1,0.0,0.0
2026-02-02T17:00,0.0,0.0,0.0,0.0,-9.8,1.29,2.0,144,34,77640.0,0,0.232,10.0,70.0,0,0.0,1,0,0.0,-1,-1,-1,-1,0.0,0.0
2026-02-02T18:00,0.0,0.0,0.0,0.0,-10.4,0.88,2.4,133,48,77340.0,0,0.232,0.0,35.0,0,0.0,1,0,0.0,-1,-1,-1,-1,0.0,0.0
2026-02-02T19:00,0.0,0.0,0.0,0.0,-11.0,0.51,1.8,101,12,77340.0,0,0.232,0.0,20.0,0,0.0,0,0,0.0,-1,-1,-1,-1,0.0,0.0
2026-02-02T20:00,0.0,0.0,0.0,0.0,-11.8,1.0,1.6,108,91,77340.0,0,0.232,0.0,30.0,0,0.0,3,0,0.0,-1,-1,-1,-1,0.0,0.0
2026-02-02T21:00,0.0,0.0,0.0,0.0,-11.9,0.85,1.8,111,95,77320.0,0,0.232,0.0,25.0,0,0.0,3,0,0.0,-1,-1,-1,-1,0.0,0.0
2026-02-02T22:00,0.0,0.0,0.0,0.0,-12.3,0.86,1.6,100,97,77320.0,0,0.232,0.0,30.0,0,0.0,3,0,0.0,-1,-1,-1,-1,0.0,0.0
2026-02-02T23:00,0.0,0.0,0.0,0.0,-13.1,1.1,1.8,95,98,77320.0,0,0.232,0.0,30.0,0,0.0,3,0,0.0,-1,-1,-1,-1,0.0,0.0
2026-02-03T00:00,0.0,0.0,0.0,0.0,-13.0,0.6,1.8,85,100,77300.0,0,0.232,0.0,15.0,0,0.0,3,0,0.0,-1,-1,-1,-1,0.0,0.0
2026-02-03T01:00,0.0,0.0,0.0,0.0,-13.5,0.7,1.5,94,98,77300.0,1,0.232,0.0,15.0,0,0.0,3,0,0.0,-1,-1,-1,-1,0.0,0.0
2026-02-03T02:00,0.0,0.0,0.0,0.0,-9.9,1.22,2.8,99,89,77280.0,1,0.232,0.0,35.0,0,0.0,3,0,0.0,-1,-1,-1,-1,0.0,0.0
2026-02-03T03:00,0.0,0.0,0.0,0.0,-6.3,1.1,3.9,180,77,77580.0,1,0.232,0.0,370.0,0,0.0,2,0,0.0,-1,-1,-1,-1,0.0,0.0
2026-02-03T04:00,0.0,0.0,0.0,0.0,-2.6,4.05,8.0,241,96,77560.0,1,0.232,0.0,2485.0,0,0.0,3,0,0.0,-1,-1,-1,-1,0.0,0.0
2026-02-03T05:00,0.0,0.0,0.0,0.0,-0.4,7.85,13.7,245,75,77560.0,1,0.232,0.0,4155.0,0,0.0,2,0,0.0,-1,-1,-1,-1,0.0,0.0
2026-02-03T06:00,0.0,0.0,0.0,0.0,-0.1,10.77,20.3,250,27,77940.0,1,0.232,0.0,4245.0,0,0.0,1,0,0.0,-1,-1,-1,-1,0.0,0.0
2026-02-03T07:00,0.0,0.0,0.0,0.0,0.4,10.39,19.1,252,32,77940.0,1,0.232,0.0,4130.0,0,0.0,1,0,0.0,-1,-1,-1,-1,0.0,0.0
2026-02-03T08:00,0.0,0.0,0.0,0.0,0.5,10.18,18.7,245,93,77940.0,1,0.232,20.0,4610.0,0,0.0,3,0,0.0,-1,-1,-1,-1,0.0,0.0
2026-02-03T09:00,0.0,0.0,0.0,0.0,0.3,10.22,18.2,244,95,77920.0,1,0.232,10.0,4400.0,0,0.0,3,0,0.0,-1,-1,-1,-1,0.0,0.0
2026-02-03T10:00,0.0,0.0,0.0,0.0,-0.6,9.87,18.1,241,95,77920.0,1,0.232,10.0,4225.0,0,0.0,3,0,0.0,-1,-1,-1,-1,0.0,0.0
2026-02-03T11:00,0.0,0.0,0.0,0.0,-2.0,7.76,17.1,244,99,77900.0,1,0.232,0.0,2980.0,0,0.0,3,0,0.0,-1,-1,-1,-1,0.0,0.0
2026-02-03T12:00,0.0,0.0,0.0,0.0,-2.8,6.76,13.1,241,96,77900.0,0,0.232,0.0,1325.0,0,0.0,3,0,0.0,-1,-1,-1,-1,0.0,0.0
2026-02-03T13:00,0.0,0.0,0.0,0.0,-4.2,5.25,11.6,251,96,77500.0,0,0.232,0.0,945.0,0,0.0,3,0,0.0,-1,-1,-1,-1,0.0,0.0
2026-02-03T14:00,0.0,0.0,0.0,0.0,-6.6,2.14,9.0,254,95,77480.0,0,0.232,0.0,250.0,0,0.0,3,0,0.0,-1,-1,-1,-1,0.0,0.0
2026-02-03T15:00,0.0,0.0,0.0,0.0,-7.3,0.4,3.9,353,46,77480.0,0,0.232,0.0,20.0,0,0.0,1,0,0.0,-1,-1,-1,-1,0.0,0.0
2026-02-03T16:00,0.0,0.0,0.0,0.0,-8.2,0.16,1.7,18,9,77480.0,0,0.232,0.0,10.0,0,0.0,0,0,0.0,-1,-1,-1,-1,0.0,0.0
2026-02-03T17:00,0.0,0.0,0.0,0.0,-8.5,0.11,1.5,63,13,77460.0,0,0.232,10.0,10.0,0,0.0,0,0,0.0,-1,-1,-1,-1,0.0,0.0
2026-02-03T18:00,0.0,0.0,0.0,0.0,-9.3,0.79,1.4,215,5,77460.0,0,0.232,0.0,100.0,0,0.0,0,0,0.0,-1,-1,-1,-1,0.0,0.0
2026-02-03T19:00,0.0,0.0,0.0,0.0,-11.0,1.82,3.1,201,84,77460.0,0,0.232,20.0,130.0,0,0.0,3,0,0.0,-1,-1,-1,-1,0.0,0.0
2026-02-03T20:00,0.0,0.0,0.0,0.0,-10.1,2.67,4.8,247,100,77160.0,0,0.232,40.0,220.0,0,0.0,3,0,0.0,-1,-1,-1,-1,0.0,0.0
2026-02-03T21:00,0.0,0.0,0.0,0.0,-9.6,6.1,9.6,252,17,77140.0,0,0.232,30.0,1015.0,0,0.0,0,0,0.0,-1,-1,-1,-1,0.0,0.0
2026-02-03T22:00,0.0,0.0,0.0,0.0,-8.8,9.12,15.8,243,2,77140.0,0,0.232,10.0,1980.0,0,0.0,0,0,0.0,-1,-1,-1,-1,0.0,0.0
2026-02-03T23:00,0.0,0.0,0.0,0.0,-9.8,7.09,15.4,245,0,76740.0,0,0.232,0.0,1330.0,0,0.0,0,0,0.0,-1,-1,-1,-1,0.0,0.0
2026-02-04T00:00,0.0,0.0,0.0,0.0,-9.6,7.07,12.1,250,0,76720.0,0,0.232,0.0,1340.0,0,0.0,0,0,0.0,-1,-1,-1,-1,0.0,0.0
2026-02-04T01:00,0.0,0.0,0.0,0.0,-10.3,6.52,12.2,254,0,77120.0,1,0.232,0.0,1060.0,0,0.0,0,0,0.0,-1,-1,-1,-1,0.0,0.0
2026-02-04T02:00,0.0,0.0,0.0,0.0,-8.3,5.45,11.2,255,0,77120.0,1,0.232,0.0,1655.0,0,0.0,0,0,0.0,-1,-1,-1,-1,0.0,0.0
2026-02-04T03:00,0.0,0.0,0.0,0.0,-6.0,6.82,12.3,262,0,77380.0,1,0.232,0.0,2130.0,0,0.0,0,0,0.0,-1,-1,-1,-1,0.0,0.0
2026-02-04T04:00,0.0,0.0,0.0,0.0,-4.5,7.79,14.4,264,0,77380.0,1,0.232,0.0,2765.0,0,0.0,0,0,0.0,-1,-1,-1,-1,0.0,0.0
2026-02-04T05:00,0.0,0.0,0.0,0.0,-2.9,8.0,14.5,257,52,77380.0,1,0.232,0.0,3495.0,0,0.0,2,0,0.0,-1,-1,-1,-1,0.0,0.0
2026-02-04T06:00,0.0,0.0,0.0,0.0,-2.1,9.25,17.2,258,13,77360.0,1,0.232,0.0,3970.0,0,0.0,0,0,0.0,-1,-1,-1,-1,0.0,0.0
2026-02-04T07:00,0.0,0.0,0.0,0.0,-1.4,9.79,17.7,260,100,68560.0,1,0.232,20.0,4560.0,0,0.0,3,0,0.0,-1,-1,-1,-1,0.0,0.0
2026-02-04T08:00,0.0,0.0,0.0,0.0,-1.2,9.26,17.8,259,99,38980.0,1,0.232,40.0,4855.0,0,0.0,3,0,0.0,-1,-1,-1,-1,0.0,0.0
2026-02-04T09:00,0.0,0.0,0.0,0.0,-1.5,8.88,17.0,262,100,51180.0,1,0.232,30.0,4595.0,0,0.0,3,0,0.0,-1,-1,-1,-1,0.0,0.0
2026-02-04T10:00,0.0,0.0,0.0,0.0,-2.2,8.2,15.9,264,100,36520.0,1,0.232,30.0,4335.0,0,0.0,3,0,0.0,-1,-1,-1,-1,0.0,0.0
2026-02-04T11:00,0.0,0.0,0.0,0.0,-3.1,7.33,14.4,265,100,42620.0,1,0.232,0.0,2725.0,0,0.0,3,0,0.0,-1,-1,-1,-1,0.0,0.0
2026-02-04T12:00,0.0,0.0,0.0,0.0,-5.3,6.03,12.3,303,100,20000.0,0,0.232,20.0,940.0,0,0.0,3,0,0.0,-1,-1,-1,-1,0.0,0.0
2026-02-04T13:00,0.0,0.0,0.07,0.0,-5.7,4.37,10.0,301,100,33420.0,0,0.232,0.0,1090.0,0,0.0,71,0,0.0,-1,-1,-1,-1,0.0,0.0
2026-02-04T14:00,0.0,0.0,0.0,0.0,-6.6,1.69,7.3,304,100,29580.0,0,0.232,30.0,385.0,0,0.0,3,0,0.0,-1,-1,-1,-1,0.0,0.0
2026-02-04T15:00,0.0,0.0,0.0,0.0,-7.5,0.63,3.0,209,100,56980.0,0,0.232,10.0,65.0,0,0.0,3,0,0.0,-1,-1,-1,-1,0.0,0.0
2026-02-04T16:00,0.0,0.0,0.0,0.0,-7.9,2.22,3.7,216,94,77000.0,0,0.232,10.0,475.0,0,0.0,3,0,0.0,-1,-1,-1,-1,0.0,0.0
2026-02-04T17:00,0.0,0.0,0.0,0.0,-9.3,3.65,6.4,241,98,77280.0,0,0.232,10.0,520.0,0,0.0,3,0,0.0,-1,-1,-1,-1,0.0,0.0
2026-02-04T18:00,0.0,0.0,0.0,0.0,-9.5,4.19,6.7,247,99,77280.0,0,0.232,20.0,530.0,0,0.0,3,0,0.0,-1,-1,-1,-1,0.0,0.0
2026-02-04T19:00,0.0,0.0,0.0,0.0,-9.8,3.79,7.2,278,96,77280.0,0,0.232,20.0,455.0,0,0.0,3,0,0.0,-1,-1,-1,-1,0.0,0.0
2026-02-04T20:00,0.0,0.0,0.0,0.0,-10.1,3.57,6.5,276,99,77200.0,0,0.232,0.0,325.0,0,0.0,3,0,0.0,-1,-1,-1,-1,0.0,0.0
2026-02-04T21:00,0.0,0.0,0.0,0.0,-11.1,2.89,6.1,252,68,76980.0,0,0.232,0.0,295.0,0,0.0,2,0,0.0,-1,-1,-1,-1,0.0,0.0
2026-02-04T22:00,0.0,0.0,0.0,0.0,-12.6,3.3,5.6,260,0,76960.0,0,0.232,0.0,350.0,0,0.0,0,0,0.0,-1,-1,-1,-1,0.0,0.0
2026-02-04T23:00,0.0,0.0,0.0,0.0,-12.4,5.85,9.7,250,3,76960.0,0,0.232,0.0,450.0,0,0.0,0,0,0.0,-1,-1,-1,-1,0.0,0.0
2026-02-05T00:00,0.0,0.0,0.0,0.0,-15.1,1.7,10.2,358,90,76940.0,0,0.232,0.0,75.0,0,0.0,3,0,0.0,-1,-1,-1,-1,0.0,0.0
2026-02-05T01:00,0.0,0.0,0.0,0.0,-14.4,0.36,2.6,56,80,74960.0,1,0.232,0.0,15.0,0,0.0,3,0,0.0,-1,-1,-1,-1,0.0,0.0
2026-02-05T02:00,0.0,0.0,0.0,0.0,-11.2,1.98,4.1,214,35,76940.0,1,0.232,0.0,775.0,0,0.0,1,0,0.0,-1,-1,-1,-1,0.0,0.0
2026-02-05T03:00,0.0,0.0,0.0,0.0,-7.8,7.18,12.4,262,0,77220.0,1,0.232,0.0,2985.0,0,0.0,0,0,0.0,-1,-1,-1,-1,0.0,0.0
2026-02-05T04:00,0.0,0.0,0.0,0.0,-6.7,10.3,18.2,268,0,77600.0,1,0.232,0.0,3430.0,0,0.0,0,0,0.0,-1,-1,-1,-1,0.0,0.0
2026-02-05T05:00,0.0,0.0,0.0,0.0,-5.4,12.16,21.7,272,85,77580.0,1,0.232,0.0,3940.0,0,0.0,3,0,0.0,-1,-1,-1,-1,0.0,0.0
2026-02-05T06:00,0.0,0.0,0.0,0.0,-5.4,12.35,22.2,279,0,77580.0,1,0.232,0.0,3955.0,0,0.0,0,0,0.0,-1,-1,-1,-1,0.0,0.0
2026-02-05T07:00,0.0,0.0,0.0,0.0,-5.5,12.93,23.0,281,6,77580.0,1,0.232,0.0,4025.0,0,0.0,0,0,0.0,-1,-1,-1,-1,0.0,0.0
2026-02-05T08:00,0.0,0.0,0.0,0.0,-6.3,12.48,22.9,281,8,77560.0,1,0.232,0.0,3450.0,0,0.0,0,0,0.0,-1,-1,-1,-1,0.0,0.0
2026-02-05T09:00,0.0,0.0,0.0,0.0,-6.2,11.32,21.9,283,32,77560.0,1,0.232,0.0,3520.0,0,0.0,1,0,0.0,-1,-1,-1,-1,0.0,0.0
2026-02-05T10:00,0.0,0.0,0.0,0.0,-7.1,11.27,19.8,283,66,77560.0,1,0.232,0.0,3515.0,0,0.0,2,0,0.0,-1,-1,-1,-1,0.0,0.0
2026-02-05T11:00,0.0,0.0,0.0,0.0,-8.6,8.81,19.3,286,25,77160.0,1,0.232,0.0,3110.0,0,0.0,1,0,0.0,-1,-1,-1,-1,0.0,0.0
2026-02-05T12:00,0.0,0.0,0.0,0.0,-8.9,6.71,14.7,267,1,77140.0,0,0.232,0.0,1145.0,0,0.0,0,0,0.0,-1,-1,-1,-1,0.0,0.0
2026-02-05T13:00,0.0,0.0,0.0,0.0,-10.7,4.02,11.3,276,0,77140.0,0,0.232,0.0,470.0,0,0.0,0,0,0.0,-1,-1,-1,-1,0.0,0.0
2026-02-05T14:00,0.0,0.0,0.0,0.0,-13.2,1.9,6.8,293,0,77120.0,0,0.232,0.0,140.0,0,0.0,0,0,0.0,-1,-1,-1,-1,0.0,0.0
2026-02-05T15:00,0.0,0.0,0.0,0.0,-13.6,1.22,3.2,261,0,77120.0,0,0.232,0.0,110.0,0,0.0,0,0,0.0,-1,-1,-1,-1,0.0,0.0
2026-02-05T16:00,0.0,0.0,0.0,0.0,-14.3,2.23,3.7,254,0,77120.0,0,0.232,0.0,165.0,0,0.0,0,0,0.0,-1,-1,-1,-1,0.0,0.0
2026-02-05T17:00,0.0,0.0,0.0,0.0,-14.8,2.16,4.1,263,0,77100.0,0,0.232,0.0,125.0,0,0.0,0,0,0.0,-1,-1,-1,-1,0.0,0.0
2026-02-05T18:00,0.0,0.0,0.0,0.0,-14.7,1.09,3.7,254,0,77100.0,0,0.232,0.0,80.0,0,0.0,0,0,0.0,-1,-1,-1,-1,0.0,0.0
2026-02-05T19:00,0.0,0.0,0.0,0.0,-14.7,0.4,2.2,270,0,77100.0,0,0.232,0.0,25.0,0,0.0,0,0,0.0,-1,-1,-1,-1,0.0,0.0
2026-02-05T20:00,0.0,0.0,0.0,0.0,-14.7,0.39,1.4,220,0,77080.0,0,0.232,0.0,25.0,0,0.0,0,0,0.0,-1,-1,-1,-1,0.0,0.0
2026-02-05T21:00,0.0,0.0,0.0,0.0,-14.8,0.53,1.6,311,0,77080.0,0,0.232,0.0,95.0,0,0.0,0,0,0.0,-1,-1,-1,-1,0.0,0.0
2026-02-05T22:00,0.0,0.0,0.0,0.0,-14.8,0.35,1.6,360,0,77080.0,0,0.232,0.0,60.0,0,0.0,0,0,0.0,-1,-1,-1,-1,0.0,0.0
2026-02-05T23:00,0.0,0.0,0.0,0.0,-15.0,0.11,1.3,63,0,77060.0,0,0.232,0.0,30.0,0,0.0,0,0,0.0,-1,-1,-1,-1,0.0,0.0
2026-02-06T00:00,0.0,0.0,0.0,0.0,-15.8,0.18,1.1,56,0,76780.0,0,0.232,0.0,20.0,0,0.0,0,0,0.0,-1,-1,-1,-1,0.0,0.0
2026-02-06T01:00,0.0,0.0,0.0,0.0,-15.8,0.21,0.9,76,0,76760.0,1,0.232,0.0,70.0,0,0.0,0,0,0.0,-1,-1,-1,-1,0.0,0.0
2026-02-06T02:00,0.0,0.0,0.0,0.0,-12.9,0.74,2.3,62,0,77040.0,1,0.232,0.0,80.0,0,0.0,0,0,0.0,-1,-1,-1,-1,0.0,0.0
2026-02-06T03:00,0.0,0.0,0.0,0.0,-9.9,0.6,3.4,180,0,77040.0,1,0.232,0.0,250.0,0,0.0,0,0,0.0,-1,-1,-1,-1,0.0,0.0
2026-02-06T04:00,0.0,0.0,0.0,0.0,-7.0,1.43,5.2,209,0,77420.0,1,0.232,0.0,425.0,0,0.0,0,0,0.0,-1,-1,-1,-1,0.0,0.0
2026-02-06T05:00,0.0,0.0,0.0,0.0,-3.6,3.09,7.3,247,0,77400.0,1,0.232,0.0,1655.0,0,0.0,0,0,0.0,-1,-1,-1,-1,0.0,0.0
2026-02-06T06:00,0.0,0.0,0.0,0.0,-1.3,7.03,12.9,255,0,77400.0,1,0.232,0.0,3470.0,0,0.0,0,0,0.0,-1,-1,-1,-1,0.0,0.0
2026-02-06T07:00,0.0,0.0,0.0,0.0,0.5,9.8,17.3,269,100,77400.0,1,0.232,0.0,4280.0,0,0.0,3,0,0.0,-1,-1,-1,-1,0.0,0.0
2026-02-06T08:00,0.0,0.0,0.0,0.0,-0.8,9.68,19.2,283,4,77380.0,1,0.232,0.0,3415.0,0,0.0,0,0,0.0,-1,-1,-1,-1,0.0,0.0
2026-02-06T09:00,0.0,0.0,0.0,0.0,0.2,9.7,17.3,269,76,77380.0,1,0.232,0.0,4640.0,0,0.0,2,0,0.0,-1,-1,-1,-1,0.0,0.0
2026-02-06T10:00,0.0,0.0,0.0,0.0,-1.1,8.45,17.0,281,98,77380.0,1,0.232,0.0,4340.0,0,0.0,3,0,0.0,-1,-1,-1,-1,0.0,0.0
2026-02-06T11:00,0.0,0.0,0.0,0.0,-3.3,6.35,14.6,297,0,77360.0,1,0.232,0.0,1655.0,0,0.0,0,0,0.0,-1,-1,-1,-1,0.0,0.0
2026-02-06T12:00,0.0,0.0,0.0,0.0,-6.0,4.92,10.7,298,0,76960.0,0,0.232,0.0,745.0,0,0.0,0,0,0.0,-1,-1,-1,-1,0.0,0.0
2026-02-06T13:00,0.0,0.0,0.0,0.0,-7.1,4.73,8.7,306,0,76960.0,0,0.232,0.0,585.0,0,0.0,0,0,0.0,-1,-1,-1,-1,0.0,0.0
2026-02-06T14:00,0.0,0.0,0.0,0.0,-9.8,2.11,8.0,301,0,76960.0,0,0.232,0.0,215.0,0,0.0,0,0,0.0,-1,-1,-1,-1,0.0,0.0
2026-02-06T15:00,0.0,0.0,0.0,0.0,-10.3,0.66,3.7,189,0,76940.0,0,0.232,0.0,35.0,0,0.0,0,0,0.0,-1,-1,-1,-1,0.0,0.0
2026-02-06T16:00,0.0,0.0,0.0,0.0,-11.4,1.32,1.9,119,15,76940.0,0,0.232,0.0,40.0,0,0.0,0,0,0.0,-1,-1,-1,-1,0.0,0.0
2026-02-06T17:00,0.0,0.0,0.0,0.0,-10.7,0.85,2.3,140,70,76940.0,0,0.232,0.0,40.0,0,0.0,2,0,0.0,-1,-1,-1,-1,0.0,0.0
2026-02-06T18:00,0.0,0.0,0.0,0.0,-10.0,0.89,1.7,16,99,76920.0,0,0.232,0.0,45.0,0,0.0,3,0,0.0,-1,-1,-1,-1,0.0,0.0
2026-02-06T19:00,0.0,0.0,0.0,0.0,-11.3,1.79,2.8,27,99,76920.0,0,0.232,0.0,40.0,0,0.0,3,0,0.0,-1,-1,-1,-1,0.0,0.0
2026-02-06T20:00,0.0,0.0,0.0,0.0,-11.0,0.5,2.6,53,98,76900.0,0,0.232,0.0,15.0,0,0.0,3,0,0.0,-1,-1,-1,-1,0.0,0.0
2026-02-06T21:00,0.0,0.0,0.0,0.0,-11.3,0.25,1.0,53,100,76900.0,0,0.232,0.0,10.0,0,0.0,3,0,0.0,-1,-1,-1,-1,0.0,0.0
2026-02-06T22:00,0.0,0.0,0.0,0.0,-11.2,0.16,0.8,18,99,76900.0,0,0.232,0.0,10.0,0,0.0,3,0,0.0,-1,-1,-1,-1,0.0,0.0
2026-02-06T23:00,0.0,0.0,0.0,0.0,-12.0,0.16,0.8,72,100,76880.0,0,0.232,0.0,10.0,0,0.0,3,0,0.0,-1,-1,-1,-1,0.0,0.0
2026-02-07T00:00,0.0,0.0,0.0,0.0,-12.2,0.43,0.9,111,100,76880.0,0,0.232,0.0,20.0,0,0.0,3,0,0.0,-1,-1,-1,-1,0.0,0.0
2026-02-07T01:00,0.0,0.0,0.0,0.0,-12.4,0.14,1.0,45,45,76860.0,1,0.232,0.0,10.0,0,0.0,1,0,0.0,-1,-1,-1,-1,0.0,0.0
2026-02-07T02:00,0.0,0.0,0.0,0.0,-9.7,0.65,2.1,328,16,76860.0,1,0.232,0.0,45.0,0,0.0,0,0,0.0,-1,-1,-1,-1,0.0,0.0
2026-02-07T03:00,0.0,0.0,0.0,0.0,-6.9,1.86,4.8,256,0,76860.0,1,0.232,0.0,490.0,0,0.0,0,0,0.0,-1,-1,-1,-1,0.0,0.0
2026-02-07T04:00,0.0,0.0,0.0,0.0,-3.9,3.68,7.9,248,0,77240.0,1,0.232,0.0,1115.0,0,0.0,0,0,0.0,-1,-1,-1,-1,0.0,0.0
2026-02-07T05:00,0.0,0.0,0.0,0.0,-1.4,5.54,10.9,257,0,77220.0,1,0.232,0.0,3385.0,0,0.0,0,0,0.0,-1,-1,-1,-1,0.0,0.0
2026-02-07T06:00,0.0,0.0,0.0,0.0,-0.5,7.1,13.1,255,12,77220.0,1,0.232,0.0,3980.0,0,0.0,0,0,0.0,-1,-1,-1,-1,0.0,0.0
2026-02-07T07:00,0.0,0.0,0.0,0.0,-0.0,7.99,14.9,253,0,77220.0,1,0.232,0.0,4665.0,0,0.0,0,0,0.0,-1,-1,-1,-1,0.0,0.0
2026-02-07T08:00,0.0,0.0,0.0,0.0,0.3,8.47,15.5,252,23,77200.0,1,0.232,0.0,4730.0,0,0.0,1,0,0.0,-1,-1,-1,-1,0.0,0.0
2026-02-07T09:00,0.0,0.0,0.0,0.0,-0.2,8.1,15.5,251,70,77200.0,1,0.232,20.0,4810.0,0,0.0,2,0,0.0,-1,-1,-1,-1,0.0,0.0
2026-02-07T10:00,0.0,0.0,0.0,0.0,-1.1,7.74,14.6,254,98,77180.0,1,0.232,20.0,4865.0,0,0.0,3,0,0.0,-1,-1,-1,-1,0.0,0.0
2026-02-07T11:00,0.0,0.0,0.0,0.0,-2.6,4.68,13.5,260,37,77180.0,1,0.232,0.0,3365.0,0,0.0,1,0,0.0,-1,-1,-1,-1,0.0,0.0
2026-02-07T12:00,0.0,0.0,0.0,0.0,-5.5,1.51,7.8,264,95,77180.0,0,0.232,0.0,115.0,0,0.0,3,0,0.0,-1,-1,-1,-1,0.0,0.0
2026-02-07T13:00,0.0,0.0,0.0,0.0,-6.6,1.05,2.6,267,100,77160.0,0,0.232,0.0,100.0,0,0.0,3,0,0.0,-1,-1,-1,-1,0.0,0.0
2026-02-07T14:00,0.0,0.0,0.0,0.0,-8.3,1.8,2.8,13,99,77160.0,0,0.232,10.0,195.0,0,0.0,3,0,0.0,-1,-1,-1,-1,0.0,0.0
2026-02-07T15:00,0.0,0.0,0.0,0.0,-8.5,1.71,2.8,38,100,77160.0,0,0.232,10.0,60.0,0,0.0,3,0,0.0,-1,-1,-1,-1,0.0,0.0
2026-02-07T16:00,0.0,0.0,0.0,0.0,-9.1,1.43,2.7,54,100,76760.0,0,0.232,10.0,35.0,0,0.0,3,0,0.0,-1,-1,-1,-1,0.0,0.0
2026-02-07T17:00,0.0,0.0,0.0,0.0,-9.4,1.64,2.6,110,99,76760.0,0,0.232,40.0,40.0,0,0.0,3,0,0.0,-1,-1,-1,-1,0.0,0.0
2026-02-07T18:00,0.0,0.0,0.0,0.0,-9.4,0.63,2.6,72,100,75260.0,0,0.232,30.0,15.0,0,0.0,3,0,0.0,-1,-1,-1,-1,0.0,0.0
2026-02-07T19:00,0.0,0.0,0.0,0.0,-9.2,0.75,1.1,37,100,75200.0,0,0.232,10.0,15.0,0,0.0,3,0,0.0,-1,-1,-1,-1,0.0,0.0
2026-02-07T20:00,0.0,0.0,0.0,0.0,-9.0,0.3,1.1,9,100,34200.0,0,0.232,0.0,15.0,0,0.0,3,0,0.0,-1,-1,-1,-1,0.0,0.0
2026-02-07T21:00,0.0,0.0,0.0,0.0,-9.1,0.22,0.9,297,100,39880.0,0,0.232,0.0,15.0,0,0.0,3,0,0.0,-1,-1,-1,-1,0.0,0.0
2026-02-07T22:00,0.0,0.0,0.0,0.0,-9.5,0.47,1.2,302,100,66640.0,0,0.232,10.0,30.0,0,0.0,3,0,0.0,-1,-1,-1,-1,0.0,0.0
2026-02-07T23:00,0.0,0.0,0.0,0.0,-10.3,2.82,4.2,237,100,71040.0,0,0.232,10.0,525.0,0,0.0,3,0,0.0,-1,-1,-1,-1,0.0,0.0
2026-02-08T00:00,0.0,0.0,0.0,0.0,-10.2,2.76,10.6,302,100,51120.0,0,0.232,0.0,325.0,0,0.0,3,0,0.0,-1,-1,-1,-1,0.0,0.0
2026-02-08T01:00,0.0,0.0,0.0,0.0,-10.0,2.15,4.7,295,96,52300.0,1,0.232,10.0,365.0,0,0.0,3,0,0.0,-1,-1,-1,-1,0.0,0.0
2026-02-08T02:00,0.0,0.0,0.0,0.0,-8.0,4.14,6.8,278,98,71160.0,1,0.232,10.0,915.0,0,0.0,3,0,0.0,-1,-1,-1,-1,0.0,0.0
2026-02-08T03:00,0.0,0.0,0.0,0.0,-6.8,6.61,12.1,290,100,39220.0,1,0.232,0.0,1705.0,0,0.0,3,0,0.0,-1,-1,-1,-1,0.0,0.0
2026-02-08T04:00,0.0,0.0,0.0,0.0,-5.9,6.51,12.0,298,100,40280.0,1,0.232,0.0,2440.0,0,0.0,3,0,0.0,-1,-1,-1,-1,0.0,0.0
2026-02-08T05:00,0.0,0.0,0.0,0.0,-4.8,8.0,14.2,293,100,63620.0,1,0.232,0.0,2965.0,0,0.0,3,0,0.0,-1,-1,-1,-1,0.0,0.0
2026-02-08T06:00,0.0,0.0,0.0,0.0,-4.1,8.7,16.5,279,88,76660.0,1,0.232,20.0,4320.0,0,0.0,3,0,0.0,-1,-1,-1,-1,0.0,0.0
2026-02-08T07:00,0.0,0.0,0.0,0.0,-3.1,9.31,16.9,273,86,77040.0,1,0.232,50.0,4435.0,0,0.0,3,0,0.0,-1,-1,-1,-1,0.0,0.0
2026-02-08T08:00,0.0,0.0,0.0,0.0,-3.6,9.68,17.8,274,3,77020.0,1,0.232,10.0,4340.0,0,0.0,0,0,0.0,-1,-1,-1,-1,0.0,0.0
2026-02-08T09:00,0.0,0.0,0.0,0.0,-3.9,9.88,17.5,277,35,77020.0,1,0.232,0.0,4175.0,0,0.0,1,0,0.0,-1,-1,-1,-1,0.0,0.0
2026-02-08T10:00,0.0,0.0,0.0,0.0,-4.6,9.98,17.6,277,0,77020.0,1,0.232,0.0,3945.0,0,0.0,0,0,0.0,-1,-1,-1,-1,0.0,0.0
2026-02-08T11:00,0.0,0.0,0.0,0.0,-6.5,8.2,17.4,279,0,77000.0,1,0.232,0.0,3190.0,0,0.0,0,0,0.0,-1,-1,-1,-1,0.0,0.0
2026-02-08T12:00,0.0,0.0,0.0,0.0,-7.9,6.88,13.8,281,0,77000.0,0,0.232,0.0,1695.0,0,0.0,0,0,0.0,-1,-1,-1,-1,0.0,0.0
2026-02-08T13:00,0.0,0.0,0.0,0.0,-9.6,4.56,11.7,295,0,76980.0,0,0.232,0.0,725.0,0,0.0,0,0,0.0,-1,-1,-1,-1,0.0,0.0
2026-02-08T14:00,0.0,0.0,0.0,0.0,-10.6,3.53,7.9,277,0,76600.0,0,0.232,0.0,625.0,0,0.0,0,0,0.0,-1,-1,-1,-1,0.0,0.0
2026-02-08T15:00,0.0,0.0,0.0,0.0,-10.0,5.28,9.0,264,0,76980.0,0,0.232,0.0,550.0,0,0.0,0,0,0.0,-1,-1,-1,-1,0.0,0.0
2026-02-08T16:00,0.0,0.0,0.0,0.0,-11.7,3.01,9.1,259,0,76580.0,0,0.232,0.0,265.0,0,0.0,0,0,0.0,-1,-1,-1,-1,0.0,0.0
2026-02-08T17:00,0.0,0.0,0.0,0.0,-13.6,2.29,5.3,238,0,76580.0,0,0.232,0.0,155.0,0,0.0,0,0,0.0,-1,-1,-1,-1,0.0,0.0
2026-02-08T18:00,0.0,0.0,0.0,0.0,-13.3,2.8,4.6,251,0,76560.0,0,0.232,0.0,215.0,0,0.0,0,0,0.0,-1,-1,-1,-1,0.0,0.0
2026-02-08T19:00,0.0,0.0,0.0,0.0,-13.3,2.73,5.5,256,0,76560.0,0,0.232,0.0,225.0,0,0.0,0,0,0.0,-1,-1,-1,-1,0.0,0.0
2026-02-08T20:00,0.0,0.0,0.0,0.0,-13.9,1.79,4.9,243,0,76560.0,0,0.232,0.0,135.0,0,0.0,0,0,0.0,-1,-1,-1,-1,0.0,0.0
2026-02-08T21:00,0.0,0.0,0.0,0.0,-14.0,1.71,3.3,218,0,76540.0,0,0.232,0.0,145.0,0,0.0,0,0,0.0,-1,-1,-1,-1,0.0,0.0
2026-02-08T22:00,0.0,0.0,0.0,0.0,-14.3,1.88,3.5,228,0,76540.0,0,0.232,0.0,220.0,0,0.0,0,0,0.0,-1,-1,-1,-1,0.0,0.0
2026-02-08T23:00,0.0,0.0,0.0,0.0,-14.2,1.55,3.5,237,0,76540.0,0,0.232,0.0,235.0,0,0.0,0,0,0.0,-1,-1,-1,-1,0.0,0.0
2026-02-09T00:00,0.0,0.0,0.0,0.0,-14.4,1.17,3.1,280,0,76240.0,0,0.232,0.0,195.0,0,0.0,0,0,0.0,-1,-1,-1,-1,0.0,0.0
2026-02-09T01:00,0.0,0.0,0.0,0.0,-14.4,1.2,2.7,315,0,76240.0,1,0.232,0.0,160.0,0,0.0,0,0,0.0,-1,-1,-1,-1,0.0,0.0
2026-02-09T02:00,0.0,0.0,0.0,0.0,-10.3,2.3,4.5,283,9,76500.0,1,0.232,0.0,305.0,0,0.0,0,0,0.0,-1,-1,-1,-1,0.0,0.0
2026-02-09T03:00,0.0,0.0,0.0,0.0,-7.2,3.04,6.5,253,45,76500.0,1,0.232,0.0,595.0,0,0.0,1,0,0.0,-1,-1,-1,-1,0.0,0.0
2026-02-09T04:00,0.0,0.0,0.0,0.0,-3.6,4.56,9.2,255,40,76880.0,1,0.232,0.0,1555.0,0,0.0,1,0,0.0,-1,-1,-1,-1,0.0,0.0
2026-02-09T05:00,0.0,0.0,0.0,0.0,-0.9,6.51,12.3,266,81,76860.0,1,0.232,0.0,2540.0,0,0.0,3,0,0.0,-1,-1,-1,-1,0.0,0.0
2026-02-09T06:00,0.0,0.0,0.0,0.0,-0.1,6.45,13.1,270,55,76860.0,1,0.232,0.0,2800.0,0,0.0,2,0,0.0,-1,-1,-1,-1,0.0,0.0
2026-02-09T07:00,0.0,0.0,0.0,0.0,1.0,6.65,12.7,271,38,76860.0,1,0.232,0.0,3615.0,0,0.0,1,0,0.0,-1,-1,-1,-1,0.0,0.0
2026-02-09T08:00,0.0,0.0,0.0,0.0,0.9,5.94,12.9,276,41,76840.0,1,0.232,0.0,3470.0,0,0.0,1,0,0.0,-1,-1,-1,-1,0.0,0.0
2026-02-09T09:00,0.0,0.0,0.0,0.0,0.6,5.66,11.5,267,83,76840.0,1,0.232,0.0,3340.0,0,0.0,3,0,0.0,-1,-1,-1,-1,0.0,0.0
2026-02-09T10:00,0.0,0.0,0.0,0.0,-0.1,4.63,10.8,263,72,76840.0,1,0.232,0.0,2965.0,0,0.0,2,0,0.0,-1,-1,-1,-1,0.0,0.0
2026-02-09T11:00,0.0,0.0,0.0,0.0,-2.4,0.86,8.5,280,73,76820.0,1,0.232,0.0,140.0,0,0.0,2,0,0.0,-1,-1,-1,-1,0.0,0.0
2026-02-09T12:00,0.0,0.0,0.0,0.0,-4.2,0.49,1.5,156,80,76820.0,0,0.232,0.0,35.0,0,0.0,3,0,0.0,-1,-1,-1,-1,0.0,0.0
2026-02-09T13:00,0.0,0.0,0.0,0.0,-6.6,1.37,1.9,114,56,76820.0,0,0.232,0.0,40.0,1,0.0,2,0,0.0,-1,-1,-1,-1,0.0,0.0
2026-02-09T14:00,0.0,0.0,0.0,0.0,-8.2,2.13,3.4,99,100,76800.0,0,0.232,0.0,40.0,1,0.0,3,0,0.0,-1,-1,-1,-1,0.0,0.0
2026-02-09T15:00,0.0,0.0,0.0,0.0,-7.7,2.35,4.0,88,100,76800.0,0,0.232,0.0,45.0,1,0.0,3,0,0.0,-1,-1,-1,-1,0.0,0.0
2026-02-09T16:00,0.0,0.0,0.0,0.0,-8.4,1.99,4.1,65,100,76780.0,0,0.232,10.0,40.0,1,0.0,3,0,0.0,-1,-1,-1,-1,0.0,0.0
2026-02-09T17:00,0.0,0.0,0.0,0.0,-8.9,2.0,3.4,68,100,76780.0,0,0.232,0.0,40.0,1,0.0,3,0,0.0,-1,-1,-1,-1,0.0,0.0
2026-02-09T18:00,0.0,0.0,0.0,0.0,-8.5,2.96,4.6,109,100,76780.0,0,0.232,20.0,70.0,0,0.0,3,0,0.0,-1,-1,-1,-1,0.0,0.0
2026-02-09T19:00,0.0,0.0,0.0,0.0,-8.7,4.02,6.5,117,100,76760.0,0,0.232,10.0,175.0,0,0.0,3,0,0.0,-1,-1,-1,-1,0.0,0.0
2026-02-09T20:00,0.0,0.0,0.0,0.0,-8.7,3.83,6.6,131,100,66740.0,0,0.232,10.0,180.0,1,0.0,3,0,0.0,-1,-1,-1,-1,0.0,0.0
2026-02-09T21:00,0.0,0.0,0.0,0.0,-8.9,3.2,6.2,141,95,76380.0,0,0.232,0.0,145.0,1,0.0,3,0,0.0,-1,-1,-1,-1,0.0,0.0
2026-02-09T22:00,0.0,0.0,0.0,0.0,-11.0,0.6,5.2,132,100,76360.0,0,0.232,0.0,25.0,1,0.0,3,0,0.0,-1,-1,-1,-1,0.0,0.0
2026-02-09T23:00,0.0,0.0,0.0,0.0,-11.4,0.85,1.5,93,100,76080.0,0,0.232,0.0,25.0,1,0.0,3,0,0.0,-1,-1,-1,-1,0.0,0.0
2026-02-10T00:00,0.0,0.0,0.0,0.0,-12.2,1.01,1.8,117,100,76080.0,0,0.232,0.0,20.0,0,0.0,3,0,0.0,-1,-1,-1,-1,0.0,0.0
2026-02-10T01:00,0.0,0.0,0.0,0.0,-11.9,1.42,2.4,162,100,76060.0,1,0.232,0.0,30.0,1,0.0,3,0,0.0,-1,-1,-1,-1,0.0,0.0
2026-02-10T02:00,0.0,0.0,0.0,0.0,-8.0,1.65,3.5,194,100,53080.0,1,0.232,20.0,260.0,0,0.0,3,0,0.0,-1,-1,-1,-1,0.0,0.0
2026-02-10T03:00,0.0,0.0,0.0,0.0,-5.0,1.91,4.5,221,100,25440.0,1,0.232,10.0,705.0,1,0.0,3,0,0.0,-1,-1,-1,-1,0.0,0.0
2026-02-10T04:00,0.0,0.0,0.0,0.0,-2.4,6.09,10.8,252,98,76320.0,1,0.232,0.0,2090.0,0,0.0,3,0,0.0,-1,-1,-1,-1,0.0,0.0
2026-02-10T05:00,0.0,0.0,0.0,0.0,-0.5,7.8,14.4,263,55,76320.0,1,0.232,0.0,3280.0,0,0.0,2,0,0.0,-1,-1,-1,-1,0.0,0.0
2026-02-10T06:00,0.0,0.0,0.0,0.0,0.2,7.7,14.8,261,97,76300.0,1,0.232,50.0,4075.0,0,0.0,3,0,0.0,-1,-1,-1,-1,0.0,0.0
2026-02-10T07:00,0.0,0.0,0.0,0.0,0.5,8.43,15.5,260,96,76300.0,1,0.232,50.0,4135.0,0,0.0,3,0,0.0,-1,-1,-1,-1,0.0,0.0
2026-02-10T08:00,0.0,0.0,0.0,0.0,0.3,8.57,15.6,261,91,76300.0,1,0.232,30.0,4015.0,0,0.0,3,0,0.0,-1,-1,-1,-1,0.0,0.0
2026-02-10T09:00,0.0,0.0,0.0,0.0,-0.2,8.58,15.5,262,97,75940.0,1,0.232,40.0,3940.0,0,0.0,3,0,0.0,-1,-1,-1,-1,0.0,0.0
2026-02-10T10:00,0.0,0.0,0.0,0.0,-0.8,8.24,15.2,264,80,76280.0,1,0.232,30.0,3965.0,0,0.0,3,0,0.0,-1,-1,-1,-1,0.0,0.0
2026-02-10T11:00,0.0,0.0,0.0,0.0,-2.1,7.42,14.4,274,71,76280.0,1,0.232,10.0,3555.0,0,0.0,2,0,0.0,-1,-1,-1,-1,0.0,0.0
2026-02-10T12:00,0.0,0.0,0.0,0.0,-4.0,4.81,12.5,282,34,75980.0,0,0.232,0.0,890.0,0,0.0,1,0,0.0,-1,-1,-1,-1,0.0,0.0
2026-02-10T13:00,0.0,0.0,0.0,0.0,-6.0,2.89,8.2,279,0,75980.0,0,0.232,0.0,350.0,0,0.0,0,0,0.0,-1,-1,-1,-1,0.0,0.0
2026-02-10T14:00,0.0,0.0,0.0,0.0,-8.4,2.12,4.9,207,1,75980.0,0,0.232,0.0,115.0,1,0.0,0,0,0.0,-1,-1,-1,-1,0.0,0.0
2026-02-10T15:00,0.0,0.0,0.0,0.0,-9.0,2.07,4.0,187,0,75580.0,0,0.232,0.0,100.0,0,0.0,0,0,0.0,-1,-1,-1,-1,0.0,0.0
2026-02-10T16:00,0.0,0.0,0.0,0.0,-8.8,0.92,3.2,229,0,75960.0,0,0.232,0.0,70.0,0,0.0,0,0,0.0,-1,-1,-1,-1,0.0,0.0
2026-02-10T17:00,0.0,0.0,0.0,0.0,-9.6,0.21,1.9,104,1,75560.0,0,0.232,0.0,10.0,0,0.0,0,0,0.0,-1,-1,-1,-1,0.0,0.0
2026-02-10T18:00,0.0,0.0,0.0,0.0,-9.9,0.75,1.0,90,98,75560.0,0,0.232,10.0,25.0,0,0.0,3,0,0.0,-1,-1,-1,-1,0.0,0.0
2026-02-10T19:00,0.0,0.0,0.0,0.0,-10.2,1.36,2.1,82,84,75560.0,0,0.232,10.0,35.0,0,0.0,3,0,0.0,-1,-1,-1,-1,0.0,0.0
2026-02-10T20:00,0.0,0.0,0.0,0.0,-11.6,1.8,2.9,88,96,74160.0,0,0.232,10.0,40.0,0,0.0,3,0,0.0,-1,-1,-1,-1,0.0,0.0
2026-02-10T21:00,0.0,0.0,0.0,0.0,-12.1,1.87,3.2,82,98,74160.0,0,0.232,0.0,50.0,0,0.0,3,0,0.0,-1,-1,-1,-1,0.0,0.0
2026-02-10T22:00,0.0,0.0,0.0,0.0,-11.6,1.9,3.4,88,100,73580.0,0,0.232,10.0,50.0,0,0.0,3,0,0.0,-1,-1,-1,-1,0.0,0.0
2026-02-10T23:00,0.0,0.0,0.0,0.0,-11.7,2.12,3.5,105,97,69180.0,0,0.232,10.0,70.0,0,0.0,3,0,0.0,-1,-1,-1,-1,0.0,0.0
2026-02-11T00:00,0.0,0.0,0.0,0.0,-13.4,1.35,3.5,112,96,74140.0,0,0.232,10.0,40.0,0,0.0,3,0,0.0,-1,-1,-1,-1,0.0,0.0
2026-02-11T01:00,0.0,0.0,0.0,0.0,-13.1,1.16,2.3,115,81,72940.0,1,0.232,0.0,30.0,1,0.0,3,0,0.0,-1,-1,-1,-1,0.0,0.0
2026-02-11T02:00,0.0,0.0,0.0,0.0,-9.5,1.63,3.8,169,59,74900.0,1,0.232,0.0,125.0,1,0.0,2,0,0.0,-1,-1,-1,-1,0.0,0.0
2026-02-11T03:00,0.0,0.0,0.0,0.0,-5.1,3.01,6.3,228,26,76160.0,1,0.232,0.0,1370.0,1,0.0,1,0,0.0,-1,-1,-1,-1,0.0,0.0
2026-02-11T04:00,0.0,0.0,0.0,0.0,-2.4,6.85,12.4,263,22,76140.0,1,0.232,0.0,2835.0,0,0.0,1,0,0.0,-1,-1,-1,-1,0.0,0.0
2026-02-11T05:00,0.0,0.0,0.0,0.0,-1.1,9.27,16.8,266,30,76140.0,1,0.232,30.0,3520.0,0,0.0,1,0,0.0,-1,-1,-1,-1,0.0,0.0
2026-02-11T06:00,0.0,0.0,0.0,0.0,-0.9,9.44,17.6,262,45,76140.0,1,0.232,40.0,3715.0,0,0.0,1,0,0.0,-1,-1,-1,-1,0.0,0.0
2026-02-11T07:00,0.0,0.0,0.0,0.0,-0.7,9.25,17.4,258,93,59140.0,1,0.232,40.0,3810.0,0,0.0,3,0,0.0,-1,-1,-1,-1,0.0,0.0
2026-02-11T08:00,0.0,0.0,0.0,0.0,-1.0,8.77,16.9,260,100,45100.0,1,0.232,40.0,3835.0,0,0.0,3,0,0.0,-1,-1,-1,-1,0.0,0.0
2026-02-11T09:00,0.0,0.0,0.0,0.0,-1.0,9.03,15.9,262,98,76100.0,1,0.232,30.0,3935.0,0,0.0,3,0,0.0,-1,-1,-1,-1,0.0,0.0
2026-02-11T10:00,0.0,0.0,0.0,0.0,-1.6,8.64,15.9,265,64,76480.0,1,0.232,10.0,3880.0,1,0.0,2,0,0.0,-1,-1,-1,-1,0.0,0.0
2026-02-11T11:00,0.0,0.0,0.0,0.0,-2.9,7.01,14.9,282,1,76100.0,1,0.232,0.0,3165.0,1,0.0,0,0,0.0,-1,-1,-1,-1,0.0,0.0
2026-02-11T12:00,0.0,0.0,0.0,0.0,-5.0,4.28,11.6,315,16,76080.0,0,0.232,0.0,525.0,0,0.0,0,0,0.0,-1,-1,-1,-1,0.0,0.0
2026-02-11T13:00,0.0,0.0,0.0,0.0,-7.3,3.81,7.1,349,5,76080.0,0,0.232,0.0,370.0,1,0.0,0,0,0.0,-1,-1,-1,-1,0.0,0.0
2026-02-11T14:00,0.0,0.0,0.0,0.0,-8.5,3.51,6.4,343,20,76080.0,0,0.232,0.0,320.0,1,0.0,1,0,0.0,-1,-1,-1,-1,0.0,0.0
2026-02-11T15:00,0.0,0.0,0.0,0.0,-9.7,2.09,5.8,316,95,76060.0,0,0.232,10.0,235.0,0,0.0,3,0,0.0,-1,-1,-1,-1,0.0,0.0
2026-02-11T16:00,0.0,0.0,0.0,0.0,-8.9,0.29,3.4,211,100,76060.0,0,0.232,10.0,20.0,1,0.0,3,0,0.0,-1,-1,-1,-1,0.0,0.0
2026-02-11T17:00,0.0,0.0,0.0,0.0,-8.7,0.0,1.0,270,100,76060.0,0,0.232,10.0,10.0,0,0.0,3,0,0.0,-1,-1,-1,-1,0.0,0.0
2026-02-11T18:00,0.0,0.0,0.0,0.0,-8.6,0.76,0.8,11,100,43640.0,0,0.232,10.0,45.0,0,0.0,3,0,0.0,-1,-1,-1,-1,0.0,0.0
2026-02-11T19:00,0.0,0.0,0.0,0.0,-9.1,0.25,1.3,360,100,38160.0,0,0.232,0.0,20.0,1,0.0,3,0,0.0,-1,-1,-1,-1,0.0,0.0
2026-02-11T20:00,0.0,0.0,0.0,0.0,-9.1,0.15,0.8,360,100,48600.0,0,0.232,0.0,15.0,1,0.0,3,0,0.0,-1,-1,-1,-1,0.0,0.0
2026-02-11T21:00,0.0,0.0,0.0,0.0,-9.8,0.1,0.6,180,100,48000.0,0,0.232,0.0,10.0,1,0.0,3,0,0.0,-1,-1,-1,-1,0.0,0.0
2026-02-11T22:00,0.0,0.0,0.0,0.0,-10.2,0.25,0.7,169,100,57180.0,0,0.232,0.0,15.0,1,0.0,3,0,0.0,-1,-1,-1,-1,0.0,0.0
2026-02-11T23:00,0.0,0.0,0.0,0.0,-10.6,0.11,0.7,117,100,72660.0,0,0.232,0.0,10.0,1,0.0,3,0,0.0,-1,-1,-1,-1,0.0,0.0
2026-02-12T00:00,0.0,0.0,0.0,0.0,-11.0,0.6,0.7,294,62,75220.0,0,0.232,0.0,110.0,0,0.0,2,0,0.0,-1,-1,-1,-1,0.0,0.0
2026-02-12T01:00,0.0,0.0,0.0,0.0,-11.7,0.56,1.5,280,53,75340.0,1,0.232,0.0,60.0,0,0.0,2,0,0.0,-1,-1,-1,-1,0.0,0.0
2026-02-12T02:00,0.0,0.0,0.0,0.0,-8.9,1.36,3.3,278,47,75340.0,1,0.232,0.0,265.0,0,0.0,1,0,0.0,-1,-1,-1,-1,0.0,0.0
2026-02-12T03:00,0.0,0.0,0.0,0.0,-6.7,1.97,5.3,297,21,75700.0,1,0.232,0.0,975.0,0,0.0,1,0,0.0,-1,-1,-1,-1,0.0,0.0
2026-02-12T04:00,0.0,0.0,0.0,0.0,-4.5,3.62,7.8,276,1,75980.0,1,0.232,30.0,3365.0,0,0.0,0,0,0.0,-1,-1,-1,-1,0.0,0.0
2026-02-12T05:00,0.0,0.0,0.0,0.0,-2.6,6.28,12.1,279,23,75960.0,1,0.232,50.0,3775.0,0,0.0,1,0,0.0,-1,-1,-1,-1,0.0,0.0
2026-02-12T06:00,0.0,0.0,0.0,0.0,-2.5,6.7,13.5,280,94,75960.0,1,0.232,50.0,3800.0,0,0.0,3,0,0.0,-1,-1,-1,-1,0.0,0.0
2026-02-12T07:00,0.0,0.0,0.0,0.0,-2.3,6.33,13.0,282,99,63780.0,1,0.232,40.0,3915.0,0,0.0,3,0,0.0,-1,-1,-1,-1,0.0,0.0
2026-02-12T08:00,0.0,0.0,0.0,0.0,-2.5,5.89,12.4,286,100,37060.0,1,0.232,70.0,4165.0,0,0.0,3,0,0.0,-1,-1,-1,-1,0.0,0.0
2026-02-12T09:00,0.0,0.0,0.0,0.0,-3.0,6.03,11.5,286,100,34100.0,1,0.232,70.0,4260.0,0,0.0,3,0,0.0,-1,-1,-1,-1,0.0,0.0
2026-02-12T10:00,0.0,0.0,0.0,0.0,-4.1,5.86,11.4,294,100,32080.0,1,0.232,40.0,3045.0,0,0.0,3,0,0.0,-1,-1,-1,-1,0.0,0.0
2026-02-12T11:00,0.0,0.0,0.0,0.0,-5.3,4.98,10.6,306,70,37920.0,1,0.232,10.0,2330.0,0,0.0,2,0,0.0,-1,-1,-1,-1,0.0,0.0
2026-02-12T12:00,0.0,0.0,0.0,0.0,-7.3,2.41,8.4,318,100,33740.0,0,0.232,10.0,275.0,1,0.0,3,0,0.0,-1,-1,-1,-1,0.0,0.0
2026-02-12T13:00,0.0,0.0,0.0,0.0,-8.1,2.16,4.0,318,88,38420.0,0,0.232,10.0,295.0,1,0.0,3,0,0.0,-1,-1,-1,-1,0.0,0.0
2026-02-12T14:00,0.0,0.0,0.0,0.0,-8.4,2.63,4.4,309,54,59220.0,0,0.232,0.0,390.0,1,0.0,2,0,0.0,-1,-1,-1,-1,0.0,0.0
2026-02-12T15:00,0.0,0.0,0.0,0.0,-9.6,2.19,4.5,315,23,75620.0,0,0.232,10.0,315.0,1,0.0,1,0,0.0,-1,-1,-1,-1,0.0,0.0
2026-02-12T16:00,0.0,0.0,0.0,0.0,-10.8,1.11,3.5,324,0,75620.0,0,0.232,0.0,105.0,1,0.0,0,0,0.0,-1,-1,-1,-1,0.0,0.0
2026-02-12T17:00,0.0,0.0,0.0,0.0,-11.2,0.36,2.0,344,0,75600.0,0,0.232,0.0,30.0,1,0.0,0,0,0.0,-1,-1,-1,-1,0.0,0.0
2026-02-12T18:00,0.0,0.0,0.0,0.0,-11.6,0.22,1.0,27,0,75600.0,0,0.232,0.0,15.0,1,0.0,0,0,0.0,-1,-1,-1,-1,0.0,0.0
2026-02-12T19:00,0.0,0.0,0.0,0.0,-12.0,0.15,0.8,90,0,75600.0,0,0.232,0.0,10.0,1,0.0,0,0,0.0,-1,-1,-1,-1,0.0,0.0
2026-02-12T20:00,0.0,0.0,0.0,0.0,-12.6,0.38,0.9,203,0,75580.0,0,0.232,0.0,20.0,1,0.0,0,0,0.0,-1,-1,-1,-1,0.0,0.0
2026-02-12T21:00,0.0,0.0,0.0,0.0,-12.9,0.18,0.9,56,20,75580.0,0,0.232,0.0,10.0,1,0.0,1,0,0.0,-1,-1,-1,-1,0.0,0.0
2026-02-12T22:00,0.0,0.0,0.0,0.0,-13.6,0.64,1.2,225,39,75580.0,0,0.232,0.0,35.0,1,0.0,1,0,0.0,-1,-1,-1,-1,0.0,0.0
2026-02-12T23:00,0.0,0.0,0.0,0.0,-14.1,0.49,1.6,204,90,75560.0,0,0.232,0.0,25.0,1,0.0,3,0,0.0,-1,-1,-1,-1,0.0,0.0
2026-02-13T00:00,0.0,0.0,0.0,0.0,-13.4,0.42,1.4,225,8,75180.0,0,0.232,10.0,45.0,1,0.0,0,0,0.0,-1,-1,-1,-1,0.0,0.0
2026-02-13T01:00,0.0,0.0,0.0,0.0,-14.1,0.83,1.9,205,10,75160.0,1,0.232,10.0,55.0,1,0.0,0,0,0.0,-1,-1,-1,-1,0.0,0.0
2026-02-13T02:00,0.0,0.0,0.0,0.0,-10.9,0.96,2.9,242,0,75540.0,1,0.232,0.0,220.0,1,0.0,0,0,0.0,-1,-1,-1,-1,0.0,0.0
2026-02-13T03:00,0.0,0.0,0.0,0.0,-7.8,2.96,6.3,251,0,75800.0,1,0.232,0.0,815.0,1,0.0,0,0,0.0,-1,-1,-1,-1,0.0,0.0
2026-02-13T04:00,0.0,0.0,0.0,0.0,-4.6,5.51,10.7,262,0,75800.0,1,0.232,0.0,2720.0,1,0.0,0,0,0.0,-1,-1,-1,-1,0.0,0.0
2026-02-13T05:00,0.0,0.0,0.0,0.0,-3.0,6.23,12.2,276,0,76160.0,1,0.232,0.0,3205.0,0,0.0,0,0,0.0,-1,-1,-1,-1,0.0,0.0
2026-02-13T06:00,0.0,0.0,0.0,0.0,-2.2,6.4,12.6,271,0,76160.0,1,0.232,0.0,3945.0,0,0.0,0,0,0.0,-1,-1,-1,-1,0.0,0.0
2026-02-13T07:00,0.0,0.0,0.0,0.0,-1.5,6.35,12.6,271,4,76140.0,1,0.232,0.0,3805.0,0,0.0,0,0,0.0,-1,-1,-1,-1,0.0,0.0
2026-02-13T08:00,0.0,0.0,0.0,0.0,-1.6,5.98,12.5,275,2,76140.0,1,0.232,0.0,3300.0,0,0.0,0,0,0.0,-1,-1,-1,-1,0.0,0.0
2026-02-13T09:00,0.0,0.0,0.0,0.0,-2.1,4.62,11.8,265,4,76140.0,1,0.232,0.0,3255.0,0,0.0,0,0,0.0,-1,-1,-1,-1,0.0,0.0
2026-02-13T10:00,0.0,0.0,0.0,0.0,-2.2,3.88,9.4,263,42,76120.0,1,0.232,0.0,2950.0,0,0.0,1,0,0.0,-1,-1,-1,-1,0.0,0.0
2026-02-13T11:00,0.0,0.0,0.0,0.0,-3.5,1.94,7.7,224,100,76120.0,1,0.232,0.0,2345.0,0,0.0,3,0,0.0,-1,-1,-1,-1,0.0,0.0
2026-02-13T12:00,0.0,0.0,0.0,0.0,-5.9,0.68,3.5,216,100,76120.0,0,0.232,0.0,80.0,0,0.0,3,0,0.0,-1,-1,-1,-1,0.0,0.0
2026-02-13T13:00,0.0,0.0,0.0,0.0,-6.6,1.47,1.9,125,99,76100.0,0,0.232,0.0,70.0,0,0.0,3,0,0.0,-1,-1,-1,-1,0.0,0.0
2026-02-13T14:00,0.0,0.0,0.0,0.0,-6.7,2.45,4.2,129,100,76100.0,0,0.232,0.0,115.0,0,0.0,3,0,0.0,-1,-1,-1,-1,0.0,0.0
2026-02-13T15:00,0.0,0.0,0.0,0.0,-7.8,2.77,4.6,116,50,76100.0,0,0.232,0.0,90.0,0,0.0,2,0,0.0,-1,-1,-1,-1,0.0,0.0
2026-02-13T16:00,0.0,0.0,0.0,0.0,-8.1,4.31,6.9,136,100,76080.0,0,0.232,0.0,200.0,0,0.0,3,0,0.0,-1,-1,-1,-1,0.0,0.0
2026-02-13T17:00,0.0,0.0,0.0,0.0,-7.7,4.16,7.7,145,100,76080.0,0,0.232,10.0,260.0,0,0.0,3,0,0.0,-1,-1,-1,-1,0.0,0.0
2026-02-13T18:00,0.0,0.0,0.0,0.0,-8.1,3.25,6.9,143,100,75700.0,0,0.232,10.0,205.0,0,0.0,3,0,0.0,-1,-1,-1,-1,0.0,0.0
2026-02-13T19:00,0.0,0.0,0.0,0.0,-8.3,3.96,6.6,135,96,75060.0,0,0.232,20.0,395.0,0,0.0,3,0,0.0,-1,-1,-1,-1,0.0,0.0
2026-02-13T20:00,0.0,0.0,0.0,0.0,-8.9,2.34,6.7,146,99,53540.0,0,0.232,20.0,195.0,0,0.0,3,0,0.0,-1,-1,-1,-1,0.0,0.0
2026-02-13T21:00,0.0,0.0,0.0,0.0,-8.8,1.95,4.1,206,100,26460.0,0,0.232,0.0,205.0,0,0.0,3,0,0.0,-1,-1,-1,-1,0.0,0.0
2026-02-13T22:00,0.0,0.0,0.0,0.0,-8.4,3.52,5.7,231,100,46320.0,0,0.232,0.0,830.0,0,0.0,3,0,0.0,-1,-1,-1,-1,0.0,0.0
2026-02-13T23:00,0.0,0.0,0.0,0.0,-8.9,4.81,9.4,209,98,72660.0,0,0.232,0.0,720.0,0,0.0,3,0,0.0,-1,-1,-1,-1,0.0,0.0
2026-02-14T00:00,0.0,0.0,0.0,0.0,-8.4,3.53,8.3,218,100,60540.0,0,0.232,0.0,875.0,0,0.0,3,0,0.0,-1,-1,-1,-1,0.0,0.0
2026-02-14T01:00,0.0,1.0,0.07,0.0,-8.7,5.31,9.2,227,100,38660.0,1,0.232,0.0,860.0,0,0.0,85,0,0.0,-1,-1,-1,-1,0.0,0.0
2026-02-14T02:00,0.0,0.0,0.0,0.0,-6.2,6.96,12.3,245,88,73620.0,1,0.232,10.0,1865.0,0,0.0,3,0,0.0,-1,-1,-1,-1,0.0,0.0
2026-02-14T03:00,0.0,0.0,0.0,0.0,-4.3,9.6,16.6,264,71,75360.0,1,0.232,0.0,2005.0,0,0.0,2,0,0.0,-1,-1,-1,-1,0.0,0.0
2026-02-14T04:00,0.0,1.0,0.07,0.0,-3.0,10.52,18.5,267,61,75360.0,1,0.232,0.0,2465.0,0,0.0,85,0,0.0,-1,-1,-1,-1,0.0,0.0
2026-02-14T05:00,0.0,1.0,0.07,0.0,-2.6,10.41,18.8,268,73,72120.0,1,0.232,0.0,2920.0,0,0.0,85,0,0.0,-1,-1,-1,-1,0.0,0.0
2026-02-14T06:00,0.0,0.0,0.0,0.0,-2.0,10.73,19.4,261,91,75620.0,1,0.232,30.0,3955.0,0,0.0,3,0,0.0,-1,-1,-1,-1,0.0,0.0
2026-02-14T07:00,0.0,0.0,0.0,0.0,-2.0,11.1,19.8,257,95,64960.0,1,0.232,50.0,3795.0,0,0.0,3,0,0.0,-1,-1,-1,-1,0.0,0.0
2026-02-14T08:00,0.0,0.0,0.0,0.0,-2.1,10.23,19.8,266,64,71580.0,1,0.232,50.0,3945.0,0,0.0,2,0,0.0,-1,-1,-1,-1,0.0,0.0
2026-02-14T09:00,0.0,0.0,0.0,0.0,-2.5,9.56,18.2,277,91,45200.0,1,0.232,50.0,4295.0,0,0.0,3,0,0.0,-1,-1,-1,-1,0.0,0.0
2026-02-14T10:00,0.0,0.0,0.0,0.0,-3.2,8.54,16.9,280,98,38640.0,1,0.232,40.0,4090.0,0,0.0,3,0,0.0,-1,-1,-1,-1,0.0,0.0
2026-02-14T11:00,0.0,0.0,0.0,0.0,-4.4,8.31,14.9,277,100,25400.0,1,0.232,20.0,2780.0,0,0.0,3,0,0.0,-1,-1,-1,-1,0.0,0.0
2026-02-14T12:00,0.0,0.0,0.0,0.0,-6.4,4.06,14.1,280,38,75440.0,0,0.232,0.0,1115.0,0,0.0,1,0,0.0,-1,-1,-1,-1,0.0,0.0
2026-02-14T13:00,0.0,0.0,0.0,0.0,-9.2,2.21,6.9,245,100,75560.0,0,0.232,0.0,145.0,0,0.0,3,0,0.0,-1,-1,-1,-1,0.0,0.0
2026-02-14T14:00,0.0,0.0,0.0,0.0,-8.6,1.77,3.7,245,100,75560.0,0,0.232,10.0,125.0,0,0.0,3,0,0.0,-1,-1,-1,-1,0.0,0.0
2026-02-14T15:00,0.0,0.0,0.0,0.0,-8.8,1.25,2.8,265,100,75540.0,0,0.232,10.0,120.0,0,0.0,3,0,0.0,-1,-1,-1,-1,0.0,0.0
2026-02-14T16:00,0.0,0.0,0.0,0.0,-9.0,0.85,2.1,310,100,70300.0,0,0.232,10.0,95.0,0,0.0,3,0,0.0,-1,-1,-1,-1,0.0,0.0
2026-02-14T17:00,0.0,0.0,0.0,0.0,-9.1,0.4,1.6,300,100,72940.0,0,0.232,0.0,25.0,0,0.0,3,0,0.0,-1,-1,-1,-1,0.0,0.0
2026-02-14T18:00,0.0,0.0,0.0,0.0,-9.4,0.54,1.1,236,100,67480.0,0,0.232,0.0,140.0,0,0.0,3,0,0.0,-1,-1,-1,-1,0.0,0.0
2026-02-14T19:00,0.0,0.0,0.0,0.0,-9.8,0.63,1.5,241,100,71820.0,0,0.232,0.0,165.0,0,0.0,3,0,0.0,-1,-1,-1,-1,0.0,0.0
2026-02-14T20:00,0.0,0.0,0.0,0.0,-10.4,1.08,1.9,257,100,75240.0,0,0.232,0.0,210.0,0,0.0,3,0,0.0,-1,-1,-1,-1,0.0,0.0
2026-02-14T21:00,0.0,0.0,0.0,0.0,-11.2,1.96,3.2,266,63,75240.0,0,0.232,0.0,285.0,0,0.0,2,0,0.0,-1,-1,-1,-1,0.0,0.0
2026-02-14T22:00,0.0,0.0,0.0,0.0,-12.8,1.93,3.4,287,30,75240.0,0,0.232,0.0,185.0,0,0.0,1,0,0.0,-1,-1,-1,-1,0.0,0.0
2026-02-14T23:00,0.0,0.0,0.0,0.0,-13.0,0.58,3.1,301,23,75220.0,0,0.232,0.0,35.0,0,0.0,1,0,0.0,-1,-1,-1,-1,0.0,0.0
2026-02-15T00:00,0.0,0.0,0.0,0.0,-12.4,0.9,1.4,289,6,74820.0,0,0.232,0.0,75.0,0,0.0,0,0,0.0,-1,-1,-1,-1,0.0,0.0
2026-02-15T01:00,0.0,0.0,0.0,0.0,-12.6,0.55,1.9,270,0,74800.0,1,0.232,0.0,35.0,0,0.0,0,0,0.0,-1,-1,-1,-1,0.0,0.0
2026-02-15T02:00,0.0,0.0,0.0,0.0,-9.4,1.21,3.2,263,0,75120.0,1,0.232,0.0,265.0,0,0.0,0,0,0.0,-1,-1,-1,-1,0.0,0.0
2026-02-15T03:00,0.0,0.0,0.0,0.0,-6.6,2.63,6.1,279,0,75360.0,1,0.232,0.0,825.0,0,0.0,0,0,0.0,-1,-1,-1,-1,0.0,0.0
2026-02-15T04:00,0.0,0.0,0.0,0.0,-4.4,3.53,8.0,288,0,75320.0,1,0.232,20.0,3600.0,0,0.0,0,0,0.0,-1,-1,-1,-1,0.0,0.0
2026-02-15T05:00,0.0,0.0,0.0,0.0,-2.8,4.43,9.5,288,36,75280.0,1,0.232,30.0,4205.0,0,0.0,1,0,0.0,-1,-1,-1,-1,0.0,0.0
2026-02-15T06:00,0.0,0.0,0.0,0.0,-2.6,4.59,10.5,294,77,75620.0,1,0.232,30.0,4370.0,0,0.0,2,0,0.0,-1,-1,-1,-1,0.0,0.0
2026-02-15T07:00,0.0,0.0,0.0,0.0,-2.3,4.35,9.9,287,27,75580.0,1,0.232,40.0,4540.0,0,0.0,1,0,0.0,-1,-1,-1,-1,0.0,0.0
2026-02-15T08:00,0.0,0.0,0.0,0.0,-2.2,4.48,9.6,281,50,74280.0,1,0.232,30.0,4760.0,0,0.0,2,0,0.0,-1,-1,-1,-1,0.0,0.0
2026-02-15T09:00,0.0,0.0,0.0,0.0,-2.8,5.09,10.1,277,52,75500.0,1,0.232,0.0,4370.0,0,0.0,2,0,0.0,-1,-1,-1,-1,0.0,0.0
2026-02-15T10:00,0.0,0.0,0.0,0.0,-3.5,4.9,10.0,284,54,75480.0,1,0.232,0.0,3885.0,0,0.0,2,0,0.0,-1,-1,-1,-1,0.0,0.0
2026-02-15T11:00,0.0,0.0,0.0,0.0,-4.8,4.66,9.2,294,94,75440.0,1,0.232,0.0,1205.0,0,0.0,3,0,0.0,-1,-1,-1,-1,0.0,0.0
2026-02-15T12:00,0.0,0.0,0.0,0.0,-7.1,2.18,7.6,340,100,75400.0,0,0.232,0.0,140.0,0,0.0,3,0,0.0,-1,-1,-1,-1,0.0,0.0
2026-02-15T13:00,0.0,0.0,0.0,0.0,-7.5,2.75,4.4,33,100,75000.0,0,0.232,0.0,180.0,0,0.0,3,0,0.0,-1,-1,-1,-1,0.0,0.0
2026-02-15T14:00,0.0,0.0,0.0,0.0,-7.3,3.18,5.3,45,100,72220.0,0,0.232,0.0,275.0,0,0.0,3,0,0.0,-1,-1,-1,-1,0.0,0.0
2026-02-15T15:00,0.0,0.0,0.0,0.0,-8.1,2.76,5.4,46,100,74800.0,0,0.232,20.0,195.0,0,0.0,3,0,0.0,-1,-1,-1,-1,0.0,0.0
2026-02-15T16:00,0.0,0.0,0.0,0.0,-8.6,1.71,4.7,52,100,71500.0,0,0.232,10.0,75.0,0,0.0,3,0,0.0,-1,-1,-1,-1,0.0,0.0
2026-02-15T17:00,0.0,0.0,0.0,0.0,-9.0,0.35,2.6,82,100,72640.0,0,0.232,0.0,20.0,0,0.0,3,0,0.0,-1,-1,-1,-1,0.0,0.0
2026-02-15T18:00,0.0,0.0,0.0,0.0,-9.5,0.27,0.7,68,100,70060.0,0,0.232,0.0,15.0,0,0.0,3,0,0.0,-1,-1,-1,-1,0.0,0.0
2026-02-15T19:00,0.0,0.0,0.0,0.0,-9.6,0.29,0.6,31,100,58260.0,0,0.232,0.0,10.0,0,0.0,3,0,0.0,-1,-1,-1,-1,0.0,0.0
2026-02-15T20:00,0.0,0.0,0.0,0.0,-9.3,0.16,0.6,72,100,60900.0,0,0.232,0.0,10.0,0,0.0,3,0,0.0,-1,-1,-1,-1,0.0,0.0
2026-02-15T21:00,0.0,0.0,0.0,0.0,-10.0,0.2,0.5,360,100,73060.0,0,0.232,0.0,15.0,0,0.0,3,0,0.0,-1,-1,-1,-1,0.0,0.0
2026-02-15T22:00,0.0,0.0,0.0,0.0,-10.3,0.6,1.1,360,100,68920.0,0,0.232,0.0,30.0,0,0.0,3,0,0.0,-1,-1,-1,-1,0.0,0.0
2026-02-15T23:00,0.0,0.0,0.0,0.0,-10.1,0.14,1.1,135,57,74640.0,0,0.232,0.0,10.0,0,0.0,2,0,0.0,-1,-1,-1,-1,0.0,0.0
2026-02-16T00:00,0.0,0.0,0.0,0.0,-11.5,1.63,1.9,225,37,74320.0,0,0.232,0.0,165.0,0,0.0,1,0,0.0,-1,-1,-1,-1,0.0,0.0
2026-02-16T01:00,0.0,0.0,0.0,0.0,-12.1,2.01,3.4,235,0,74280.0,1,0.232,10.0,190.0,0,0.0,0,0,0.0,-1,-1,-1,-1,0.0,0.0
2026-02-16T02:00,0.0,0.0,0.0,0.0,-8.5,2.85,5.6,272,2,74260.0,1,0.232,0.0,455.0,0,0.0,0,0,0.0,-1,-1,-1,-1,0.0,0.0
2026-02-16T03:00,0.0,0.0,0.0,0.0,-5.9,4.43,8.7,294,0,74480.0,1,0.232,0.0,1410.0,0,0.0,0,0,0.0,-1,-1,-1,-1,0.0,0.0
2026-02-16T04:00,0.0,0.0,0.0,0.0,-4.2,5.6,10.9,303,0,74440.0,1,0.232,0.0,3080.0,0,0.0,0,0,0.0,-1,-1,-1,-1,0.0,0.0
2026-02-16T05:00,0.0,0.0,0.0,0.0,-2.7,6.76,13.0,294,30,74420.0,1,0.232,0.0,3070.0,0,0.0,1,0,0.0,-1,-1,-1,-1,0.0,0.0
2026-02-16T06:00,0.0,0.0,0.0,0.0,-1.5,7.53,14.1,287,24,74740.0,1,0.232,0.0,3705.0,0,0.0,1,0,0.0,-1,-1,-1,-1,0.0,0.0
2026-02-16T07:00,0.0,0.0,0.0,0.0,-1.6,7.32,14.4,280,0,74720.0,1,0.232,0.0,3455.0,0,0.0,0,0,0.0,-1,-1,-1,-1,0.0,0.0
2026-02-16T08:00,0.0,0.0,0.0,0.0,-0.8,7.55,14.0,268,1,74680.0,1,0.232,0.0,4235.0,0,0.0,0,0,0.0,-1,-1,-1,-1,0.0,0.0
2026-02-16T09:00,0.0,0.0,0.0,0.0,-2.1,7.85,15.0,271,0,74640.0,1,0.232,0.0,3390.0,0,0.0,0,0,0.0,-1,-1,-1,-1,0.0,0.0
2026-02-16T10:00,0.0,0.0,0.0,0.0,-2.7,7.2,14.4,280,0,74600.0,1,0.232,0.0,3525.0,0,0.0,0,0,0.0,-1,-1,-1,-1,0.0,0.0
2026-02-16T11:00,0.0,0.0,0.0,0.0,-3.8,6.22,12.9,290,0,74580.0,1,0.232,0.0,2840.0,0,0.0,0,0,0.0,-1,-1,-1,-1,0.0,0.0
2026-02-16T12:00,0.0,0.0,0.0,0.0,-6.2,3.62,10.3,296,0,74540.0,0,0.232,0.0,340.0,0,0.0,0,0,0.0,-1,-1,-1,-1,0.0,0.0
2026-02-16T13:00,0.0,0.0,0.0,0.0,-7.6,2.75,6.1,299,0,74500.0,0,0.232,0.0,240.0,0,0.0,0,0,0.0,-1,-1,-1,-1,0.0,0.0
2026-02-16T14:00,0.0,0.0,0.0,0.0,-9.6,2.22,4.8,324,0,74460.0,0,0.232,0.0,165.0,0,0.0,0,0,0.0,-1,-1,-1,-1,0.0,0.0
2026-02-16T15:00,0.0,0.0,0.0,0.0,-9.5,0.28,3.7,315,0,74440.0,0,0.232,0.0,15.0,0,0.0,0,0,0.0,-1,-1,-1,-1,0.0,0.0
2026-02-16T16:00,0.0,0.0,0.0,0.0,-10.3,0.57,1.3,128,0,74400.0,0,0.232,0.0,25.0,0,0.0,0,0,0.0,-1,-1,-1,-1,0.0,0.0
2026-02-16T17:00,0.0,0.0,0.0,0.0,-10.8,0.68,1.1,107,5,74360.0,0,0.232,0.0,20.0,0,0.0,0,0,0.0,-1,-1,-1,-1,0.0,0.0
2026-02-16T18:00,0.0,0.0,0.0,0.0,-10.8,1.08,1.6,124,73,74320.0,0,0.232,0.0,30.0,0,0.0,2,0,0.0,-1,-1,-1,-1,0.0,0.0
2026-02-16T19:00,0.0,0.0,0.0,0.0,-12.5,1.81,2.6,132,99,73920.0,0,0.232,0.0,40.0,0,0.0,3,0,0.0,-1,-1,-1,-1,0.0,0.0
2026-02-16T20:00,0.0,0.0,0.0,0.0,-12.6,0.97,2.6,102,99,73880.0,0,0.232,0.0,30.0,0,0.0,3,0,0.0,-1,-1,-1,-1,0.0,0.0
2026-02-16T21:00,0.0,0.0,0.0,0.0,-12.3,0.62,1.5,76,75,73840.0,0,0.232,0.0,20.0,0,0.0,2,0,0.0,-1,-1,-1,-1,0.0,0.0
2026-02-16T22:00,0.0,0.0,0.0,0.0,-12.6,0.65,0.9,67,55,73820.0,0,0.232,0.0,20.0,0,0.0,2,0,0.0,-1,-1,-1,-1,0.0,0.0
2026-02-16T23:00,0.0,0.0,0.0,0.0,-13.2,0.92,1.4,77,35,73780.0,0,0.232,0.0,20.0,0,0.0,1,0,0.0,-1,-1,-1,-1,0.0,0.0
2026-02-17T00:00,0.0,0.0,0.0,0.0,-13.0,1.03,1.5,76,86,73740.0,0,0.232,0.0,25.0,0,0.0,3,0,0.0,-1,-1,-1,-1,0.0,0.0
2026-02-17T01:00,0.0,0.0,0.0,0.0,-12.6,1.03,1.9,76,95,73700.0,1,0.232,0.0,20.0,0,0.0,3,0,0.0,-1,-1,-1,-1,0.0,0.0
2026-02-17T02:00,0.0,0.0,0.0,0.0,-8.7,1.63,3.5,101,27,74040.0,1,0.232,0.0,75.0,0,0.0,1,0,0.0,-1,-1,-1,-1,0.0,0.0
2026-02-17T03:00,0.0,0.0,0.0,0.0,-5.3,0.74,3.8,152,0,74000.0,1,0.232,0.0,320.0,0,0.0,0,0,0.0,-1,-1,-1,-1,0.0,0.0
2026-02-17T04:00,0.0,0.0,0.0,0.0,-2.5,1.45,5.2,224,0,73960.0,1,0.232,0.0,580.0,0,0.0,0,0,0.0,-1,-1,-1,-1,0.0,0.0
2026-02-17T05:00,0.0,0.0,0.0,0.0,0.2,3.31,7.6,250,0,73940.0,1,0.232,0.0,2770.0,0,0.0,0,0,0.0,-1,-1,-1,-1,0.0,0.0
2026-02-17T06:00,0.0,0.0,0.0,0.0,1.6,6.44,12.7,256,0,73900.0,1,0.232,0.0,3665.0,0,0.0,0,0,0.0,-1,-1,-1,-1,0.0,0.0
2026-02-17T07:00,0.0,0.0,0.0,0.0,2.3,7.47,14.0,260,0,73860.0,1,0.232,0.0,3975.0,0,0.0,0,0,0.0,-1,-1,-1,-1,0.0,0.0
2026-02-17T08:00,0.0,0.0,0.0,0.0,3.0,8.66,15.8,263,34,73840.0,1,0.232,0.0,4715.0,0,0.0,1,0,0.0,-1,-1,-1,-1,0.0,0.0
2026-02-17T09:00,0.0,0.0,0.0,0.0,1.7,7.96,15.8,267,11,73800.0,1,0.232,0.0,4110.0,0,0.0,0,0,0.0,-1,-1,-1,-1,0.0,0.0
2026-02-17T10:00,0.0,0.0,0.0,0.0,1.7,8.59,15.3,260,38,73760.0,1,0.232,0.0,4445.0,0,0.0,1,0,0.0,-1,-1,-1,-1,0.0,0.0
2026-02-17T11:00,0.0,0.0,0.0,0.0,0.1,4.8,14.8,281,6,73720.0,1,0.232,0.0,3225.0,0,0.0,0,0,0.0,-1,-1,-1,-1,0.0,0.0
2026-02-17T12:00,0.0,0.0,0.0,0.0,-3.9,3.11,8.0,323,2,73700.0,0,0.232,0.0,245.0,0,0.0,0,0,0.0,-1,-1,-1,-1,0.0,0.0
2026-02-17T13:00,0.0,0.0,0.0,0.0,-4.8,3.63,5.9,353,29,73660.0,0,0.232,0.0,205.0,0,0.0,1,0,0.0,-1,-1,-1,-1,0.0,0.0
2026-02-17T14:00,0.0,0.0,0.0,0.0,-6.0,2.1,5.9,360,78,73620.0,0,0.232,10.0,135.0,0,0.0,2,0,0.0,-1,-1,-1,-1,0.0,0.0
2026-02-17T15:00,0.0,0.0,0.0,0.0,-5.8,0.4,3.3,30,93,73580.0,0,0.232,0.0,20.0,0,0.0,3,0,0.0,-1,-1,-1,-1,0.0,0.0
2026-02-17T16:00,0.0,0.0,0.0,0.0,-5.7,0.38,1.2,113,99,73560.0,0,0.232,10.0,15.0,0,0.0,3,0,0.0,-1,-1,-1,-1,0.0,0.0
2026-02-17T17:00,0.0,0.0,0.0,0.0,-6.4,1.8,2.6,134,100,73140.0,0,0.232,10.0,55.0,0,0.0,3,0,0.0,-1,-1,-1,-1,0.0,0.0
2026-02-17T18:00,0.0,0.0,0.0,0.0,-6.3,1.44,2.7,110,100,73100.0,0,0.232,0.0,35.0,0,0.0,3,0,0.0,-1,-1,-1,-1,0.0,0.0
2026-02-17T19:00,0.0,0.0,0.0,0.0,-6.7,1.12,2.0,117,100,73080.0,0,0.232,0.0,30.0,0,0.0,3,0,0.0,-1,-1,-1,-1,0.0,0.0
2026-02-17T20:00,0.0,0.0,0.0,0.0,-7.6,0.88,1.8,137,1,73040.0,0,0.232,0.0,25.0,0,0.0,0,0,0.0,-1,-1,-1,-1,0.0,0.0
2026-02-17T21:00,0.0,0.0,0.0,0.0,-8.2,0.25,1.7,127,0,73000.0,0,0.232,0.0,10.0,0,0.0,0,0,0.0,-1,-1,-1,-1,0.0,0.0
2026-02-17T22:00,0.0,0.0,0.0,0.0,-8.2,0.36,1.3,236,0,72980.0,0,0.232,0.0,50.0,0,0.0,0,0,0.0,-1,-1,-1,-1,0.0,0.0
2026-02-17T23:00,0.0,0.0,0.0,0.0,-9.1,0.45,1.5,264,0,72940.0,0,0.232,0.0,45.0,0,0.0,0,0,0.0,-1,-1,-1,-1,0.0,0.0
2026-02-18T00:00,0.0,0.0,0.0,0.0,-11.0,0.89,2.0,218,0,72900.0,0,0.232,0.0,45.0,0,0.0,0,0,0.0,-1,-1,-1,-1,0.0,0.0
2026-02-18T01:00,0.0,0.0,0.0,0.0,-11.4,1.57,2.9,207,0,72860.0,1,0.232,0.0,70.0,0,0.0,0,0,0.0,-1,-1,-1,-1,0.0,0.0
2026-02-18T02:00,0.0,0.0,0.0,0.0,-6.8,2.59,4.7,242,0,72820.0,1,0.232,0.0,345.0,0,0.0,0,0,0.0,-1,-1,-1,-1,0.0,0.0
2026-02-18T03:00,0.0,0.0,0.0,0.0,-2.1,5.23,9.1,253,0,73180.0,1,0.232,0.0,1645.0,0,0.0,0,0,0.0,-1,-1,-1,-1,0.0,0.0
2026-02-18T04:00,0.0,0.0,0.0,0.0,-0.2,8.17,15.0,266,0,73140.0,1,0.232,0.0,2820.0,0,0.0,0,0,0.0,-1,-1,-1,-1,0.0,0.0
2026-02-18T05:00,0.0,0.0,0.0,0.0,1.1,7.95,15.0,271,0,73100.0,1,0.232,0.0,3555.0,0,0.0,0,0,0.0,-1,-1,-1,-1,0.0,0.0
2026-02-18T06:00,0.0,0.0,0.0,0.0,1.8,8.85,16.2,269,0,73060.0,1,0.232,0.0,4415.0,0,0.0,0,0,0.0,-1,-1,-1,-1,0.0,0.0
2026-02-18T07:00,0.0,0.0,0.0,0.0,2.5,8.7,16.4,269,34,73040.0,1,0.232,0.0,4770.0,0,0.0,1,0,0.0,-1,-1,-1,-1,0.0,0.0
2026-02-18T08:00,0.0,0.0,0.0,0.0,2.8,9.09,16.5,275,71,73000.0,1,0.232,0.0,5120.0,0,0.0,2,0,0.0,-1,-1,-1,-1,0.0,0.0
2026-02-18T09:00,0.0,0.0,0.0,0.0,2.4,8.22,16.5,274,88,72960.0,1,0.232,0.0,4955.0,0,0.0,3,0,0.0,-1,-1,-1,-1,0.0,0.0
2026-02-18T10:00,0.0,0.0,0.0,0.0,1.4,7.32,14.7,288,99,72940.0,1,0.232,0.0,4810.0,0,0.0,3,0,0.0,-1,-1,-1,-1,0.0,0.0
2026-02-18T11:00,0.0,0.0,0.0,0.0,-0.7,5.63,12.8,303,96,72900.0,1,0.232,10.0,1415.0,0,0.0,3,0,0.0,-1,-1,-1,-1,0.0,0.0
2026-02-18T12:00,0.0,0.0,0.0,0.0,-3.3,3.87,9.4,324,100,72860.0,0,0.232,0.0,420.0,0,0.0,3,0,0.0,-1,-1,-1,-1,0.0,0.0
2026-02-18T13:00,0.0,0.0,0.0,0.0,-3.8,4.04,6.7,326,98,72840.0,0,0.232,0.0,565.0,0,0.0,3,0,0.0,-1,-1,-1,-1,0.0,0.0
2026-02-18T14:00,0.0,0.0,0.0,0.0,-4.3,3.54,6.8,329,100,72800.0,0,0.232,0.0,425.0,0,0.0,3,0,0.0,-1,-1,-1,-1,0.0,0.0
2026-02-18T15:00,0.0,0.0,0.0,0.0,-4.3,2.78,6.1,342,100,72760.0,0,0.232,10.0,240.0,0,0.0,3,0,0.0,-1,-1,-1,-1,0.0,0.0
2026-02-18T16:00,0.0,0.0,0.0,0.0,-5.3,1.57,4.7,338,100,72740.0,0,0.232,10.0,155.0,0,0.0,3,0,0.0,-1,-1,-1,-1,0.0,0.0
2026-02-18T17:00,0.0,0.0,0.0,0.0,-5.3,0.43,2.5,21,100,72160.0,0,0.232,30.0,30.0,0,0.0,3,0,0.0,-1,-1,-1,-1,0.0,0.0
2026-02-18T18:00,0.0,0.0,0.0,0.0,-6.5,1.71,1.9,32,100,64900.0,0,0.232,20.0,65.0,0,0.0,3,0,0.0,-1,-1,-1,-1,0.0,0.0
2026-02-18T19:00,0.0,0.0,0.0,0.0,-6.6,2.41,3.8,40,100,50480.0,0,0.232,10.0,110.0,0,0.0,3,0,0.0,-1,-1,-1,-1,0.0,0.0
2026-02-18T20:00,0.0,0.0,0.0,0.0,-6.6,3.65,5.9,36,100,45900.0,0,0.232,20.0,175.0,0,0.0,3,0,0.0,-1,-1,-1,-1,0.0,0.0
2026-02-18T21:00,0.0,0.0,0.0,0.0,-7.2,3.92,6.4,38,100,41940.0,0,0.232,10.0,180.0,0,0.0,3,0,0.0,-1,-1,-1,-1,0.0,0.0
2026-02-18T22:00,0.0,0.0,0.0,0.0,-7.6,4.0,6.7,46,100,45820.0,0,0.232,10.0,200.0,0,0.0,3,0,0.0,-1,-1,-1,-1,0.0,0.0
2026-02-18T23:00,0.0,0.0,0.0,0.0,-8.2,3.15,6.7,57,100,53020.0,0,0.232,10.0,155.0,0,0.0,3,0,0.0,-1,-1,-1,-1,0.0,0.0
2026-02-19T00:00,0.0,0.0,0.0,0.0,-8.0,2.94,5.3,58,100,31400.0,0,0.232,10.0,135.0,0,0.0,3,0,0.0,-1,-1,-1,-1,0.0,0.0
2026-02-19T01:00,0.0,0.0,0.0,0.0,-8.2,2.09,4.8,69,100,32940.0,1,0.232,10.0,70.0,0,0.0,3,0,0.0,-1,-1,-1,-1,0.0,0.0
2026-02-19T02:00,0.0,0.0,0.0,0.0,-5.8,1.76,4.0,75,100,45000.0,1,0.232,0.0,225.0,0,0.0,3,0,0.0,-1,-1,-1,-1,0.0,0.0
2026-02-19T03:00,0.0,0.0,0.0,0.0,-3.7,2.03,5.2,106,99,51940.0,1,0.232,10.0,675.0,0,0.0,3,0,0.0,-1,-1,-1,-1,0.0,0.0
2026-02-19T04:00,0.0,0.0,0.0,0.0,-1.8,1.83,5.8,125,73,65200.0,1,0.232,0.0,1440.0,0,0.0,2,0,0.0,-1,-1,-1,-1,0.0,0.0
2026-02-19T05:00,0.0,0.0,0.0,0.0,-0.5,1.01,5.8,189,52,71920.0,1,0.232,0.0,2350.0,0,0.0,2,0,0.0,-1,-1,-1,-1,0.0,0.0
2026-02-19T06:00,0.0,0.0,0.0,0.0,-0.0,1.65,6.8,256,83,71880.0,1,0.232,10.0,2920.0,0,0.0,3,0,0.0,-1,-1,-1,-1,0.0,0.0
2026-02-19T07:00,0.0,0.0,0.0,0.0,1.6,3.07,7.4,286,52,71840.0,1,0.232,20.0,3925.0,0,0.0,2,0,0.0,-1,-1,-1,-1,0.0,0.0
2026-02-19T08:00,0.0,0.0,0.0,0.0,2.4,4.62,9.4,283,80,72200.0,1,0.232,70.0,4975.0,0,0.0,3,0,0.0,-1,-1,-1,-1,0.0,0.0
2026-02-19T09:00,0.0,0.0,0.0,0.0,2.2,5.75,11.1,272,57,72160.0,1,0.231,80.0,5150.0,0,0.0,2,0,0.0,-1,-1,-1,-1,0.0,0.0
2026-02-19T10:00,0.0,0.0,0.0,0.0,0.9,4.93,11.1,276,88,72120.0,1,0.231,10.0,3585.0,0,0.0,3,0,0.0,-1,-1,-1,-1,0.0,0.0
2026-02-19T11:00,0.0,0.0,0.0,0.0,-0.8,3.25,9.2,307,98,71720.0,1,0.231,0.0,575.0,0,0.0,3,0,0.0,-1,-1,-1,-1,0.0,0.0
2026-02-19T12:00,0.0,0.0,0.0,0.0,-4.1,2.37,5.3,314,95,71680.0,0,0.231,0.0,150.0,0,0.0,3,0,0.0,-1,-1,-1,-1,0.0,0.0
2026-02-19T13:00,0.0,0.0,0.0,0.0,-4.5,3.48,5.7,348,64,71360.0,0,0.231,0.0,200.0,0,0.0,2,0,0.0,-1,-1,-1,-1,0.0,0.0
2026-02-19T14:00,0.0,0.0,0.0,0.0,-5.8,2.82,5.5,60,90,71340.0,0,0.231,0.0,90.0,0,0.0,3,0,0.0,-1,-1,-1,-1,0.0,0.0
2026-02-19T15:00,0.0,0.0,0.0,0.0,-5.5,3.35,5.8,91,100,71300.0,0,0.231,0.0,145.0,0,0.0,3,0,0.0,-1,-1,-1,-1,0.0,0.0
2026-02-19T16:00,0.0,0.0,0.0,0.0,-5.3,2.85,5.5,88,98,71260.0,0,0.231,0.0,200.0,0,0.0,3,0,0.0,-1,-1,-1,-1,0.0,0.0
2026-02-19T17:00,0.0,0.0,0.0,0.0,-5.7,2.1,4.8,65,100,71240.0,0,0.231,0.0,125.0,0,0.0,3,0,0.0,-1,-1,-1,-1,0.0,0.0
2026-02-19T18:00,0.0,0.0,0.0,0.0,-6.3,2.15,3.6,91,72,70820.0,0,0.231,0.0,185.0,0,0.0,2,0,0.0,-1,-1,-1,-1,0.0,0.0
2026-02-19T19:00,0.0,0.0,0.0,0.0,-7.7,1.49,3.6,70,99,70780.0,0,0.231,10.0,55.0,0,0.0,3,0,0.0,-1,-1,-1,-1,0.0,0.0
2026-02-19T20:00,0.0,0.0,0.0,0.0,-7.9,1.68,2.7,60,100,70740.0,0,0.231,10.0,50.0,0,0.0,3,0,0.0,-1,-1,-1,-1,0.0,0.0
2026-02-19T21:00,0.0,0.0,0.0,0.0,-8.1,1.82,3.1,81,100,70420.0,0,0.231,10.0,55.0,0,0.0,3,0,0.0,-1,-1,-1,-1,0.0,0.0
2026-02-19T22:00,0.0,0.0,0.0,0.0,-8.2,1.64,3.0,102,100,48740.0,0,0.231,10.0,60.0,0,0.0,3,0,0.0,-1,-1,-1,-1,0.0,0.0
2026-02-19T23:00,0.0,0.0,0.0,0.0,-8.4,1.38,2.7,103,100,41680.0,0,0.231,20.0,70.0,0,0.0,3,0,0.0,-1,-1,-1,-1,0.0,0.0
2026-02-20T00:00,0.0,0.0,0.0,0.0,-8.6,0.9,2.2,93,75,29680.0,0,0.231,10.0,30.0,0,0.0,2,0,0.0,-1,-1,-1,-1,0.0,0.0
2026-02-20T01:00,0.0,0.0,0.0,0.0,-8.6,1.12,1.8,69,100,69260.0,1,0.231,0.0,25.0,0,0.0,3,0,0.0,-1,-1,-1,-1,0.0,0.0
2026-02-20T02:00,0.0,0.0,0.0,0.0,-5.5,0.93,3.1,126,100,64520.0,1,0.231,10.0,190.0,0,0.0,3,0,0.0,-1,-1,-1,-1,0.0,0.0
2026-02-20T03:00,0.0,0.0,0.0,0.0,-3.6,0.96,4.0,186,100,38700.0,1,0.231,10.0,460.0,0,0.0,3,0,0.0,-1,-1,-1,-1,0.0,0.0
2026-02-20T04:00,0.0,0.0,0.0,0.0,-2.1,1.01,4.2,290,100,51580.0,1,0.231,0.0,1165.0,0,0.0,3,0,0.0,-1,-1,-1,-1,0.0,0.0
2026-02-20T05:00,0.0,0.0,0.0,0.0,-0.7,3.82,8.1,316,100,42500.0,1,0.231,10.0,2075.0,0,0.0,3,0,0.0,-1,-1,-1,-1,0.0,0.0
2026-02-20T06:00,0.0,0.0,0.0,0.0,-0.7,4.99,10.3,315,85,36660.0,1,0.231,20.0,1820.0,0,0.0,3,0,0.0,-1,-1,-1,-1,0.0,0.0
2026-02-20T07:00,0.0,0.0,0.0,0.0,0.2,4.84,10.5,305,98,45180.0,1,0.231,20.0,1925.0,0,0.0,3,0,0.0,-1,-1,-1,-1,0.0,0.0
2026-02-20T08:00,0.0,0.0,0.0,0.0,1.3,4.36,10.1,295,73,71020.0,1,0.231,10.0,2610.0,0,0.0,2,0,0.0,-1,-1,-1,-1,0.0,0.0
2026-02-20T09:00,0.0,0.0,0.0,0.0,2.0,5.15,10.0,302,10,70980.0,1,0.231,10.0,3510.0,0,0.0,0,0,0.0,-1,-1,-1,-1,0.0,0.0
2026-02-20T10:00,0.0,0.0,0.0,0.0,1.0,5.85,10.7,319,5,70960.0,1,0.231,0.0,2975.0,0,0.0,0,0,0.0,-1,-1,-1,-1,0.0,0.0
2026-02-20T11:00,0.0,0.0,0.0,0.0,-0.7,4.74,10.6,325,0,70920.0,1,0.231,0.0,2035.0,0,0.0,0,0,0.0,-1,-1,-1,-1,0.0,0.0
2026-02-20T12:00,0.0,0.0,0.0,0.0,-3.9,3.12,7.9,338,0,70880.0,0,0.231,0.0,200.0,0,0.0,0,0,0.0,-1,-1,-1,-1,0.0,0.0
2026-02-20T13:00,0.0,0.0,0.0,0.0,-5.2,2.15,5.1,338,0,70860.0,0,0.231,0.0,105.0,0,0.0,0,0,0.0,-1,-1,-1,-1,0.0,0.0
2026-02-20T14:00,0.0,0.0,0.0,0.0,-5.6,1.14,3.4,308,0,70820.0,0,0.231,0.0,50.0,0,0.0,0,0,0.0,-1,-1,-1,-1,0.0,0.0
2026-02-20T15:00,0.0,0.0,0.0,0.0,-6.1,0.5,2.0,270,0,70780.0,0,0.231,0.0,25.0,0,0.0,0,0,0.0,-1,-1,-1,-1,0.0,0.0
2026-02-20T16:00,0.0,0.0,0.0,0.0,-6.6,0.53,1.2,319,0,70480.0,0,0.231,0.0,25.0,0,0.0,0,0,0.0,-1,-1,-1,-1,0.0,0.0
2026-02-20T17:00,0.0,0.0,0.0,0.0,-6.9,0.61,1.2,279,0,70440.0,0,0.231,0.0,25.0,0,0.0,0,0,0.0,-1,-1,-1,-1,0.0,0.0
2026-02-20T18:00,0.0,0.0,0.0,0.0,-7.4,0.41,1.2,256,0,70420.0,0,0.231,0.0,20.0,0,0.0,0,0,0.0,-1,-1,-1,-1,0.0,0.0
2026-02-20T19:00,0.0,0.0,0.0,0.0,-8.1,0.35,0.9,188,0,69980.0,0,0.231,0.0,20.0,0,0.0,0,0,0.0,-1,-1,-1,-1,0.0,0.0
2026-02-20T20:00,0.0,0.0,0.0,0.0,-8.9,0.14,0.8,45,0,69960.0,0,0.231,0.0,10.0,0,0.0,0,0,0.0,-1,-1,-1,-1,0.0,0.0
2026-02-20T21:00,0.0,0.0,0.0,0.0,-9.6,0.21,0.8,45,0,70320.0,0,0.231,0.0,10.0,0,0.0,0,0,0.0,-1,-1,-1,-1,0.0,0.0
2026-02-20T22:00,0.0,0.0,0.0,0.0,-9.5,0.21,0.7,135,0,70280.0,0,0.231,0.0,10.0,0,0.0,0,0,0.0,-1,-1,-1,-1,0.0,0.0
2026-02-20T23:00,0.0,0.0,0.0,0.0,-10.0,0.61,1.0,189,0,69860.0,0,0.231,0.0,30.0,0,0.0,0,0,0.0,-1,-1,-1,-1,0.0,0.0
2026-02-21T00:00,0.0,0.0,0.0,0.0,-10.1,0.34,1.2,207,0,68520.0,0,0.231,0.0,30.0,0,0.0,0,0,0.0,-1,-1,-1,-1,0.0,0.0
2026-02-21T01:00,0.0,0.0,0.0,0.0,-10.1,0.3,0.9,189,0,68480.0,1,0.231,0.0,20.0,0,0.0,0,0,0.0,-1,-1,-1,-1,0.0,0.0
2026-02-21T02:00,0.0,0.0,0.0,0.0,-7.0,0.89,3.0,243,0,69760.0,1,0.231,0.0,185.0,0,0.0,0,0,0.0,-1,-1,-1,-1,0.0,0.0
2026-02-21T03:00,0.0,0.0,0.0,0.0,-4.2,1.82,5.2,261,0,70120.0,1,0.231,0.0,475.0,0,0.0,0,0,0.0,-1,-1,-1,-1,0.0,0.0
2026-02-21T04:00,0.0,0.0,0.0,0.0,-1.8,2.26,6.4,265,0,70080.0,1,0.231,0.0,930.0,0,0.0,0,0,0.0,-1,-1,-1,-1,0.0,0.0
2026-02-21T05:00,0.0,0.0,0.0,0.0,0.1,2.4,6.9,271,0,70340.0,1,0.231,0.0,2615.0,0,0.0,0,0,0.0,-1,-1,-1,-1,0.0,0.0
2026-02-21T06:00,0.0,0.0,0.0,0.0,0.9,2.73,7.3,278,0,70680.0,1,0.231,0.0,3050.0,0,0.0,0,0,0.0,-1,-1,-1,-1,0.0,0.0
2026-02-21T07:00,0.0,0.0,0.0,0.0,1.8,2.78,7.5,284,34,70660.0,1,0.231,0.0,3180.0,0,0.0,1,0,0.0,-1,-1,-1,-1,0.0,0.0
2026-02-21T08:00,0.0,0.0,0.0,0.0,1.7,2.72,7.5,277,0,70620.0,1,0.231,0.0,3290.0,0,0.0,0,0,0.0,-1,-1,-1,-1,0.0,0.0
2026-02-21T09:00,0.0,0.0,0.0,0.0,1.2,2.87,7.2,264,0,70600.0,1,0.231,0.0,3250.0,0,0.0,0,0,0.0,-1,-1,-1,-1,0.0,0.0
2026-02-21T10:00,0.0,0.0,0.0,0.0,0.6,2.8,6.9,260,0,70560.0,1,0.231,0.0,2970.0,0,0.0,0,0,0.0,-1,-1,-1,-1,0.0,0.0
2026-02-21T11:00,0.0,0.0,0.0,0.0,-1.0,1.2,6.1,265,1,70520.0,1,0.231,0.0,225.0,0,0.0,0,0,0.0,-1,-1,-1,-1,0.0,0.0
2026-02-21T12:00,0.0,0.0,0.0,0.0,-3.7,0.6,2.1,275,4,70500.0,0,0.231,0.0,40.0,0,0.0,0,0,0.0,-1,-1,-1,-1,0.0,0.0
2026-02-21T13:00,0.0,0.0,0.0,0.0,-4.5,0.46,1.1,347,14,70460.0,0,0.231,0.0,25.0,0,0.0,0,0,0.0,-1,-1,-1,-1,0.0,0.0
2026-02-21T14:00,0.0,0.0,0.0,0.0,-5.5,1.17,1.7,10,42,70440.0,0,0.231,0.0,45.0,0,0.0,1,0,0.0,-1,-1,-1,-1,0.0,0.0
2026-02-21T15:00,0.0,0.0,0.0,0.0,-5.4,0.68,1.8,17,73,70020.0,0,0.231,0.0,25.0,0,0.0,2,0,0.0,-1,-1,-1,-1,0.0,0.0
2026-02-21T16:00,0.0,0.0,0.0,0.0,-5.4,0.15,1.1,90,71,69980.0,0,0.231,0.0,10.0,0,0.0,2,0,0.0,-1,-1,-1,-1,0.0,0.0
2026-02-21T17:00,0.0,0.0,0.0,0.0,-6.1,0.85,1.2,135,70,69960.0,0,0.231,0.0,30.0,0,0.0,2,0,0.0,-1,-1,-1,-1,0.0,0.0
2026-02-21T18:00,0.0,0.0,0.0,0.0,-5.5,1.56,2.3,130,83,69920.0,0,0.231,10.0,70.0,0,0.0,3,0,0.0,-1,-1,-1,-1,0.0,0.0
2026-02-21T19:00,0.0,0.0,0.0,0.0,-5.8,3.22,5.0,138,27,69600.0,0,0.231,10.0,195.0,0,0.0,1,0,0.0,-1,-1,-1,-1,0.0,0.0
2026-02-21T20:00,0.0,0.0,0.0,0.0,-6.9,3.51,6.1,147,4,69180.0,0,0.231,0.0,210.0,0,0.0,0,0,0.0,-1,-1,-1,-1,0.0,0.0
2026-02-21T21:00,0.0,0.0,0.0,0.0,-8.0,2.35,5.7,142,2,69160.0,0,0.231,20.0,155.0,0,0.0,0,0,0.0,-1,-1,-1,-1,0.0,0.0
2026-02-21T22:00,0.0,0.0,0.0,0.0,-8.9,1.99,3.9,115,15,69120.0,0,0.231,10.0,95.0,0,0.0,0,0,0.0,-1,-1,-1,-1,0.0,0.0
2026-02-21T23:00,0.0,0.0,0.0,0.0,-9.5,1.99,3.3,102,67,69080.0,0,0.231,10.0,65.0,0,0.0,2,0,0.0,-1,-1,-1,-1,0.0,0.0
2026-02-22T00:00,0.0,0.0,0.0,0.0,-9.8,2.03,3.4,106,71,67760.0,0,0.231,30.0,55.0,0,0.0,2,0,0.0,-1,-1,-1,-1,0.0,0.0
2026-02-22T01:00,0.0,0.0,0.0,0.0,-9.0,2.53,4.0,117,56,67720.0,1,0.231,30.0,75.0,0,0.0,2,0,0.0,-1,-1,-1,-1,0.0,0.0
2026-02-22T02:00,0.0,0.0,0.0,0.0,-5.3,3.04,5.8,135,73,69000.0,1,0.231,20.0,260.0,0,0.0,2,0,0.0,-1,-1,-1,-1,0.0,0.0
2026-02-22T03:00,0.0,0.0,0.0,0.0,-2.5,3.49,7.6,156,89,68960.0,1,0.231,10.0,930.0,0,0.0,3,0,0.0,-1,-1,-1,-1,0.0,0.0
2026-02-22T04:00,0.0,1.0,0.14,0.0,-0.3,4.64,9.4,229,87,64560.0,1,0.231,0.0,1920.0,0,0.0,85,0,0.0,-1,-1,-1,-1,0.0,0.0
2026-02-22T05:00,0.0,0.0,0.0,0.0,0.4,5.3,10.5,244,100,60640.0,1,0.231,0.0,2240.0,0,0.0,3,0,0.0,-1,-1,-1,-1,0.0,0.0
2026-02-22T06:00,0.0,1.0,0.07,0.0,0.1,6.15,12.5,251,99,50600.0,1,0.231,10.0,2070.0,0,0.0,85,0,0.0,-1,-1,-1,-1,0.0,0.0
2026-02-22T07:00,0.0,1.0,0.07,0.0,1.1,7.29,13.6,257,90,46180.0,1,0.231,0.0,2285.0,0,0.0,85,0,0.0,-1,-1,-1,-1,0.0,0.0
2026-02-22T08:00,0.0,0.0,0.0,0.0,0.6,7.88,14.5,255,95,51100.0,1,0.231,0.0,2205.0,0,0.0,3,0,0.0,-1,-1,-1,-1,0.0,0.0
2026-02-22T09:00,0.0,1.0,0.07,0.0,0.1,6.7,14.5,268,98,42320.0,1,0.231,0.0,1975.0,0,0.0,85,0,0.0,-1,-1,-1,-1,0.0,0.0
2026-02-22T10:00,0.0,1.0,0.07,0.0,0.0,5.66,12.3,273,99,65980.0,1,0.231,0.0,2285.0,0,0.0,85,0,0.0,-1,-1,-1,-1,0.0,0.0
2026-02-22T11:00,0.0,0.0,0.0,0.0,-0.7,4.85,10.2,268,46,69380.0,1,0.231,0.0,2510.0,0,0.0,1,0,0.0,-1,-1,-1,-1,0.0,0.0
2026-02-22T12:00,0.0,0.0,0.0,0.0,-3.9,4.41,8.0,273,94,31560.0,0,0.231,20.0,485.0,0,0.0,3,0,0.0,-1,-1,-1,-1,0.0,0.0
2026-02-22T13:00,0.0,0.0,0.0,0.0,-3.9,3.52,7.3,247,100,39520.0,0,0.231,10.0,515.0,0,0.0,3,0,0.0,-1,-1,-1,-1,0.0,0.0
2026-02-22T14:00,0.0,0.0,0.0,0.0,-4.4,4.12,7.1,230,99,67320.0,0,0.231,20.0,410.0,0,0.0,3,0,0.0,-1,-1,-1,-1,0.0,0.0
2026-02-22T15:00,0.0,0.0,0.0,0.0,-5.2,3.88,7.0,232,100,67300.0,0,0.231,20.0,440.0,0,0.0,3,0,0.0,-1,-1,-1,-1,0.0,0.0
2026-02-22T16:00,0.0,0.0,0.0,0.0,-4.8,4.01,7.1,220,100,67260.0,0,0.231,0.0,495.0,0,0.0,3,0,0.0,-1,-1,-1,-1,0.0,0.0
2026-02-22T17:00,0.0,0.0,0.0,0.0,-5.3,2.78,6.8,232,95,67220.0,0,0.231,10.0,435.0,0,0.0,3,0,0.0,-1,-1,-1,-1,0.0,0.0
2026-02-22T18:00,0.0,0.0,0.0,0.0,-7.1,2.03,4.8,280,91,66420.0,0,0.231,20.0,320.0,0,0.0,3,0,0.0,-1,-1,-1,-1,0.0,0.0
2026-02-22T19:00,0.0,0.0,0.0,0.0,-8.0,1.89,3.5,307,84,66380.0,0,0.231,10.0,205.0,0,0.0,3,0,0.0,-1,-1,-1,-1,0.0,0.0
2026-02-22T20:00,0.0,0.0,0.0,0.0,-9.0,1.76,3.2,305,17,66360.0,0,0.231,0.0,140.0,0,0.0,0,0,0.0,-1,-1,-1,-1,0.0,0.0
2026-02-22T21:00,0.0,0.0,0.0,0.0,-9.9,1.95,3.0,310,13,66320.0,0,0.231,0.0,140.0,0,0.0,0,0,0.0,-1,-1,-1,-1,0.0,0.0
2026-02-22T22:00,0.0,0.0,0.0,0.0,-10.8,1.77,3.0,310,85,67080.0,0,0.231,0.0,105.0,0,0.0,3,0,0.0,-1,-1,-1,-1,0.0,0.0
2026-02-22T23:00,0.0,0.0,0.0,0.0,-10.8,1.49,2.6,320,70,68340.0,0,0.231,0.0,100.0,0,0.0,2,0,0.0,-1,-1,-1,-1,0.0,0.0
2026-02-23T00:00,0.0,0.0,0.0,0.0,-11.2,1.28,2.2,321,63,66220.0,0,0.231,0.0,50.0,0,0.0,2,0,0.0,-1,-1,-1,-1,0.0,0.0
2026-02-23T01:00,0.0,0.0,0.0,0.0,-11.0,0.78,1.9,297,97,66200.0,1,0.231,0.0,25.0,0,0.0,3,0,0.0,-1,-1,-1,-1,0.0,0.0
2026-02-23T02:00,0.0,0.0,0.0,0.0,-7.9,1.36,3.7,278,62,66940.0,1,0.231,0.0,195.0,0,0.0,2,0,0.0,-1,-1,-1,-1,0.0,0.0
2026-02-23T03:00,0.0,0.0,0.0,0.0,-5.3,1.22,4.7,279,51,68200.0,1,0.231,0.0,710.0,0,0.0,2,0,0.0,-1,-1,-1,-1,0.0,0.0
2026-02-23T04:00,0.0,0.0,0.0,0.0,-3.1,1.63,5.6,293,73,68580.0,1,0.231,0.0,1770.0,0,0.0,2,0,0.0,-1,-1,-1,-1,0.0,0.0
2026-02-23T05:00,0.0,0.0,0.0,0.0,-1.5,3.0,7.5,294,50,68820.0,1,0.231,0.0,2600.0,0,0.0,2,0,0.0,-1,-1,-1,-1,0.0,0.0
2026-02-23T06:00,0.0,0.0,0.0,0.0,-0.5,4.49,9.9,291,88,68800.0,1,0.231,20.0,3645.0,0,0.0,3,0,0.0,-1,-1,-1,-1,0.0,0.0
2026-02-23T07:00,0.0,0.0,0.0,0.0,0.3,4.87,10.4,289,85,68760.0,1,0.231,40.0,4295.0,0,0.0,3,0,0.0,-1,-1,-1,-1,0.0,0.0
2026-02-23T08:00,0.0,0.0,0.0,0.0,0.4,4.62,10.4,286,84,68740.0,1,0.231,50.0,4125.0,0,0.0,3,0,0.0,-1,-1,-1,-1,0.0,0.0
2026-02-23T09:00,0.0,0.0,0.0,0.0,0.3,5.11,10.1,286,30,68260.0,1,0.231,40.0,4315.0,0,0.0,1,0,0.0,-1,-1,-1,-1,0.0,0.0
2026-02-23T10:00,0.0,0.0,0.0,0.0,-0.7,5.27,10.2,287,77,68680.0,1,0.231,0.0,2950.0,0,0.0,2,0,0.0,-1,-1,-1,-1,0.0,0.0
2026-02-23T11:00,0.0,0.0,0.0,0.0,-1.8,4.3,9.8,293,20,68640.0,1,0.231,0.0,2350.0,0,0.0,1,0,0.0,-1,-1,-1,-1,0.0,0.0
2026-02-23T12:00,0.0,0.0,0.0,0.0,-5.5,2.12,7.3,315,7,68620.0,0,0.231,0.0,160.0,0,0.0,0,0,0.0,-1,-1,-1,-1,0.0,0.0
2026-02-23T13:00,0.0,0.0,0.0,0.0,-6.2,2.46,3.8,355,21,68300.0,0,0.231,0.0,160.0,0,0.0,1,0,0.0,-1,-1,-1,-1,0.0,0.0
2026-02-23T14:00,0.0,0.0,0.0,0.0,-7.0,2.22,4.4,31,100,68260.0,0,0.231,0.0,95.0,0,0.0,3,0,0.0,-1,-1,-1,-1,0.0,0.0
2026-02-23T15:00,0.0,0.0,0.0,0.0,-6.9,1.06,3.6,71,100,59780.0,0,0.231,0.0,35.0,0,0.0,3,0,0.0,-1,-1,-1,-1,0.0,0.0
2026-02-23T16:00,0.0,0.0,0.0,0.0,-5.8,0.57,1.6,142,98,42400.0,0,0.231,20.0,30.0,0,0.0,3,0,0.0,-1,-1,-1,-1,0.0,0.0
2026-02-23T17:00,0.0,0.0,0.0,0.0,-6.6,0.65,1.2,113,97,67160.0,0,0.231,10.0,25.0,0,0.0,3,0,0.0,-1,-1,-1,-1,0.0,0.0
2026-02-23T18:00,0.0,0.0,0.0,0.0,-7.0,0.43,1.2,54,100,68140.0,0,0.231,10.0,15.0,0,0.0,3,0,0.0,-1,-1,-1,-1,0.0,0.0
2026-02-23T19:00,0.0,0.0,0.0,0.0,-7.2,0.25,0.7,53,100,65820.0,0,0.231,10.0,15.0,0,0.0,3,0,0.0,-1,-1,-1,-1,0.0,0.0
2026-02-23T20:00,0.0,0.0,0.0,0.0,-7.0,0.6,1.0,95,98,49040.0,0,0.231,20.0,40.0,0,0.0,3,0,0.0,-1,-1,-1,-1,0.0,0.0
2026-02-23T21:00,0.0,0.0,0.0,0.0,-7.9,1.14,1.8,119,100,55400.0,0,0.231,10.0,65.0,0,0.0,3,0,0.0,-1,-1,-1,-1,0.0,0.0
2026-02-23T22:00,0.0,0.0,0.0,0.0,-8.3,1.19,2.2,105,93,64660.0,0,0.231,30.0,65.0,0,0.0,3,0,0.0,-1,-1,-1,-1,0.0,0.0
2026-02-23T23:00,0.0,0.0,0.0,0.0,-9.6,1.0,2.0,90,38,65820.0,0,0.231,40.0,40.0,0,0.0,1,0,0.0,-1,-1,-1,-1,0.0,0.0
2026-02-24T00:00,0.0,0.0,0.0,0.0,-9.4,0.61,2.0,35,98,30480.0,0,0.231,30.0,30.0,0,0.0,3,0,0.0,-1,-1,-1,-1,0.0,0.0
2026-02-24T01:00,0.0,1.0,0.14,0.0,-8.7,0.4,2.0,97,95,34600.0,1,0.231,0.0,35.0,0,0.0,85,0,0.0,-1,-1,-1,-1,0.0,0.0
2026-02-24T02:00,0.0,1.0,0.28,0.01,-7.8,0.61,4.4,145,78,36480.0,1,0.231,10.0,220.0,0,0.0,85,0,0.0,-1,-1,-1,-1,0.0,0.0
2026-02-24T03:00,0.0,1.0,0.07,0.01,-6.5,0.65,5.1,176,8,64720.0,1,0.231,10.0,425.0,0,0.0,85,0,0.0,-1,-1,-1,-1,0.0,0.0
2026-02-24T04:00,0.0,0.0,0.0,0.01,-4.5,1.35,5.3,222,16,66160.0,1,0.231,0.0,835.0,0,0.0,0,0,0.0,-1,-1,-1,-1,0.0,0.0
2026-02-24T05:00,0.0,1.0,0.14,0.01,-2.5,3.42,7.7,255,84,53740.0,1,0.231,0.0,1325.0,0,0.0,85,0,0.0,-1,-1,-1,-1,0.0,0.0
2026-02-24T06:00,0.0,1.0,0.21,0.01,-2.7,4.84,11.0,256,70,58680.0,1,0.231,0.0,1595.0,0,0.0,85,0,0.0,-1,-1,-1,-1,0.0,0.0
2026-02-24T07:00,0.0,0.0,0.0,0.01,0.0,6.0,11.3,262,13,68040.0,1,0.231,0.0,2945.0,0,0.0,0,0,0.0,-1,-1,-1,-1,0.0,0.0
2026-02-24T08:00,0.0,0.0,0.0,0.01,0.5,7.63,14.3,259,1,68000.0,1,0.231,0.0,3125.0,0,0.0,0,0,0.0,-1,-1,-1,-1,0.0,0.0
2026-02-24T09:00,0.0,0.0,0.0,0.01,0.4,7.42,14.1,256,30,67980.0,1,0.231,0.0,3220.0,0,0.0,1,0,0.0,-1,-1,-1,-1,0.0,0.0
2026-02-24T10:00,0.0,0.0,0.0,0.01,-0.6,6.45,13.3,256,46,67940.0,1,0.231,0.0,2695.0,0,0.0,1,0,0.0,-1,-1,-1,-1,0.0,0.0
2026-02-24T11:00,0.0,0.0,0.0,0.01,-2.2,5.02,11.4,255,96,58920.0,1,0.231,0.0,730.0,0,0.0,3,0,0.0,-1,-1,-1,-1,0.0,0.0
2026-02-24T12:00,0.0,0.0,0.0,0.0,-3.8,4.5,8.1,268,23,56620.0,0,0.231,10.0,480.0,0,0.0,1,0,0.0,-1,-1,-1,-1,0.0,0.0
2026-02-24T13:00,0.0,0.0,0.0,0.0,-5.6,3.24,7.5,322,88,67180.0,0,0.231,10.0,240.0,0,0.0,3,0,0.0,-1,-1,-1,-1,0.0,0.0
2026-02-24T14:00,0.0,0.0,0.0,0.0,-6.9,1.47,5.4,10,100,64540.0,0,0.231,20.0,155.0,0,0.0,3,0,0.0,-1,-1,-1,-1,0.0,0.0
2026-02-24T15:00,0.0,0.0,0.0,0.0,-6.0,0.51,2.1,101,100,25600.0,0,0.231,10.0,30.0,0,0.0,3,0,0.0,-1,-1,-1,-1,0.0,0.0
2026-02-24T16:00,0.0,0.0,0.0,0.0,-6.0,0.75,1.4,127,81,51920.0,0,0.231,0.0,25.0,0,0.0,3,0,0.0,-1,-1,-1,-1,0.0,0.0
2026-02-24T17:00,0.0,0.0,0.0,0.0,-7.1,1.58,2.5,145,65,60500.0,0,0.231,20.0,40.0,0,0.0,2,0,0.0,-1,-1,-1,-1,0.0,0.0
2026-02-24T18:00,0.0,0.0,0.0,0.0,-7.0,2.23,3.5,130,49,67020.0,0,0.231,30.0,85.0,0,0.0,1,0,0.0,-1,-1,-1,-1,0.0,0.0
2026-02-24T19:00,0.0,0.0,0.0,0.0,-7.8,2.02,3.6,138,57,65720.0,0,0.231,30.0,115.0,0,0.0,2,0,0.0,-1,-1,-1,-1,0.0,0.0
2026-02-24T20:00,0.0,0.0,0.0,0.0,-8.4,1.99,3.3,141,97,65700.0,0,0.231,50.0,110.0,0,0.0,3,0,0.0,-1,-1,-1,-1,0.0,0.0
2026-02-24T21:00,0.0,0.0,0.0,0.0,-7.7,2.14,3.6,143,91,59540.0,0,0.231,60.0,135.0,0,0.0,3,0,0.0,-1,-1,-1,-1,0.0,0.0
2026-02-24T22:00,0.0,0.0,0.0,0.0,-8.8,1.7,3.6,133,80,64860.0,0,0.231,70.0,100.0,0,0.0,3,0,0.0,-1,-1,-1,-1,0.0,0.0
2026-02-24T23:00,0.0,0.0,0.0,0.0,-9.7,1.23,2.6,111,60,64840.0,0,0.231,90.0,50.0,0,0.0,2,0,0.0,-1,-1,-1,-1,0.0,0.0
2026-02-25T00:00,0.0,0.0,0.0,0.0,-9.7,1.25,1.9,95,1,63820.0,0,0.231,140.0,45.0,0,0.0,0,0,0.0,-1,-1,-1,-1,0.0,0.0
2026-02-25T01:00,0.0,0.0,0.0,0.0,-9.0,1.6,2.5,104,13,63780.0,1,0.231,90.0,45.0,0,0.0,0,0,0.0,-1,-1,-1,-1,0.0,0.0
2026-02-25T02:00,0.0,0.0,0.0,0.0,-5.5,1.93,4.6,143,23,65520.0,1,0.231,60.0,325.0,0,0.0,1,0,0.0,-1,-1,-1,-1,0.0,0.0
2026-02-25T03:00,0.0,0.0,0.0,0.0,-3.4,1.99,5.6,192,63,66760.0,1,0.231,80.0,840.0,0,0.0,2,0,0.0,-1,-1,-1,-1,0.0,0.0
2026-02-25T04:00,0.0,1.0,0.07,0.0,-1.4,4.47,9.1,264,64,66960.0,1,0.231,40.0,2120.0,0,0.0,85,0,0.0,-1,-1,-1,-1,0.0,0.0
2026-02-25T05:00,0.0,0.0,0.0,0.0,0.0,5.7,11.5,298,90,67380.0,1,0.231,50.0,3245.0,0,0.0,3,0,0.0,-1,-1,-1,-1,0.0,0.0
2026-02-25T06:00,0.0,0.0,0.0,0.0,0.3,4.85,11.4,317,98,36820.0,1,0.231,70.0,3570.0,0,0.0,3,0,0.0,-1,-1,-1,-1,0.0,0.0
2026-02-25T07:00,0.0,0.0,0.0,0.0,1.0,4.78,10.2,312,98,45340.0,1,0.231,90.0,4135.0,0,0.0,3,0,0.0,-1,-1,-1,-1,0.0,0.0
2026-02-25T08:00,0.0,0.0,0.0,0.0,1.3,5.36,10.5,290,77,66020.0,1,0.231,60.0,4420.0,0,0.0,2,0,0.0,-1,-1,-1,-1,0.0,0.0
2026-02-25T09:00,0.0,0.0,0.0,0.0,1.3,6.49,12.2,279,70,67660.0,1,0.231,10.0,4320.0,0,0.0,2,0,0.0,-1,-1,-1,-1,0.0,0.0
2026-02-25T10:00,0.0,0.0,0.0,0.0,0.6,5.99,12.2,280,95,67620.0,1,0.231,10.0,4095.0,0,0.0,3,0,0.0,-1,-1,-1,-1,0.0,0.0
2026-02-25T11:00,0.0,0.0,0.0,0.0,-0.7,4.81,10.9,287,99,67200.0,1,0.231,10.0,3305.0,0,0.0,3,0,0.0,-1,-1,-1,-1,0.0,0.0
2026-02-25T12:00,0.0,0.0,0.0,0.0,-3.4,2.97,8.0,306,94,62740.0,0,0.231,10.0,245.0,0,0.0,3,0,0.0,-1,-1,-1,-1,0.0,0.0
2026-02-25T13:00,0.0,0.0,0.0,0.0,-3.8,2.16,4.9,318,84,67140.0,0,0.231,0.0,265.0,0,0.0,3,0,0.0,-1,-1,-1,-1,0.0,0.0
2026-02-25T14:00,0.0,0.0,0.0,0.0,-5.6,1.71,3.6,328,55,67120.0,0,0.231,0.0,145.0,0,0.0,2,0,0.0,-1,-1,-1,-1,0.0,0.0
2026-02-25T15:00,0.0,0.0,0.0,0.0,-5.4,0.15,2.7,180,48,67080.0,0,0.231,0.0,10.0,0,0.0,1,0,0.0,-1,-1,-1,-1,0.0,0.0
2026-02-25T16:00,0.0,0.0,0.0,0.0,-5.7,0.55,1.3,185,100,67060.0,0,0.231,0.0,25.0,0,0.0,3,0,0.0,-1,-1,-1,-1,0.0,0.0
2026-02-25T17:00,0.0,0.0,0.0,0.0,-4.6,0.85,1.5,208,100,60420.0,0,0.231,0.0,80.0,0,0.0,3,0,0.0,-1,-1,-1,-1,0.0,0.0
2026-02-25T18:00,0.0,0.0,0.0,0.0,-4.5,3.02,3.9,168,100,63700.0,0,0.231,0.0,150.0,0,0.0,3,0,0.0,-1,-1,-1,-1,0.0,0.0
2026-02-25T19:00,0.0,0.0,0.0,0.0,-5.7,3.22,5.6,168,56,66280.0,0,0.231,0.0,155.0,0,0.0,2,0,0.0,-1,-1,-1,-1,0.0,0.0
2026-02-25T20:00,0.0,0.0,0.0,0.0,-8.0,1.77,5.3,202,5,66260.0,0,0.231,0.0,100.0,0,0.0,0,0,0.0,-1,-1,-1,-1,0.0,0.0
2026-02-25T21:00,0.0,0.0,0.0,0.0,-8.8,1.89,3.2,302,10,66220.0,0,0.231,0.0,140.0,0,0.0,0,0,0.0,-1,-1,-1,-1,0.0,0.0
2026-02-25T22:00,0.0,0.0,0.0,0.0,-9.6,2.2,3.8,300,0,66200.0,0,0.231,0.0,165.0,0,0.0,0,0,0.0,-1,-1,-1,-1,0.0,0.0
2026-02-25T23:00,0.0,0.0,0.0,0.0,-10.4,2.02,3.8,293,0,66560.0,0,0.231,0.0,120.0,0,0.0,0,0,0.0,-1,-1,-1,-1,0.0,0.0
2026-02-26T00:00,0.0,0.0,0.0,0.0,-11.1,1.95,3.3,299,0,66140.0,0,0.231,0.0,105.0,0,0.0,0,0,0.0,-1,-1,-1,-1,0.0,0.0
2026-02-26T01:00,0.0,0.0,0.0,0.0,-10.4,1.42,3.1,321,0,66100.0,1,0.231,0.0,50.0,0,0.0,0,0,0.0,-1,-1,-1,-1,0.0,0.0
2026-02-26T02:00,0.0,0.0,0.0,0.0,-6.4,2.15,4.7,298,0,66480.0,1,0.231,0.0,310.0,0,0.0,0,0,0.0,-1,-1,-1,-1,0.0,0.0
2026-02-26T03:00,0.0,0.0,0.0,0.0,-3.9,3.13,7.0,295,0,66740.0,1,0.231,0.0,890.0,0,0.0,0,0,0.0,-1,-1,-1,-1,0.0,0.0
2026-02-26T04:00,0.0,0.0,0.0,0.0,-1.8,3.76,8.5,297,0,67100.0,1,0.231,0.0,2110.0,0,0.0,0,0,0.0,-1,-1,-1,-1,0.0,0.0
2026-02-26T05:00,0.0,0.0,0.0,0.0,-0.6,3.66,8.7,292,0,67080.0,1,0.231,0.0,2890.0,0,0.0,0,0,0.0,-1,-1,-1,-1,0.0,0.0
2026-02-26T06:00,0.0,0.0,0.0,0.0,-0.0,3.92,8.7,284,0,67040.0,1,0.231,0.0,2970.0,0,0.0,0,0,0.0,-1,-1,-1,-1,0.0,0.0
2026-02-26T07:00,0.0,0.0,0.0,0.0,0.4,2.93,8.9,261,0,67020.0,1,0.231,0.0,3130.0,0,0.0,0,0,0.0,-1,-1,-1,-1,0.0,0.0
2026-02-26T08:00,0.0,0.0,0.0,0.0,1.2,3.65,8.3,245,0,66980.0,1,0.231,0.0,3265.0,0,0.0,0,0,0.0,-1,-1,-1,-1,0.0,0.0
2026-02-26T09:00,0.0,0.0,0.0,0.0,0.8,5.32,10.5,265,0,66960.0,1,0.231,0.0,2935.0,0,0.0,0,0,0.0,-1,-1,-1,-1,0.0,0.0
2026-02-26T10:00,0.0,0.0,0.0,0.0,0.5,3.57,10.5,276,0,66920.0,1,0.231,0.0,2935.0,0,0.0,0,0,0.0,-1,-1,-1,-1,0.0,0.0
2026-02-26T11:00,0.0,0.0,0.0,0.0,-0.7,1.62,7.2,292,0,66900.0,1,0.231,0.0,2765.0,0,0.0,0,0,0.0,-1,-1,-1,-1,0.0,0.0
2026-02-26T12:00,0.0,0.0,0.0,0.0,-3.2,0.41,2.7,14,0,66880.0,0,0.231,0.0,35.0,0,0.0,0,0,0.0,-1,-1,-1,-1,0.0,0.0
2026-02-26T13:00,0.0,0.0,0.0,0.0,-5.0,1.55,2.1,94,0,66840.0,0,0.231,0.0,45.0,0,0.0,0,0,0.0,-1,-1,-1,-1,0.0,0.0
2026-02-26T14:00,0.0,0.0,0.0,0.0,-5.5,2.61,4.3,110,0,66820.0,0,0.231,0.0,65.0,0,0.0,0,0,0.0,-1,-1,-1,-1,0.0,0.0
2026-02-26T15:00,0.0,0.0,0.0,0.0,-5.5,2.06,4.4,131,0,66780.0,0,0.231,0.0,120.0,0,0.0,0,0,0.0,-1,-1,-1,-1,0.0,0.0
2026-02-26T16:00,0.0,0.0,0.0,0.0,-5.3,0.76,3.3,113,0,66360.0,0,0.231,0.0,60.0,0,0.0,0,0,0.0,-1,-1,-1,-1,0.0,0.0
2026-02-26T17:00,0.0,0.0,0.0,0.0,-5.6,1.03,1.5,104,0,66340.0,0,0.231,0.0,45.0,0,0.0,0,0,0.0,-1,-1,-1,-1,0.0,0.0
2026-02-26T18:00,0.0,0.0,0.0,0.0,-5.8,2.83,4.1,138,0,66300.0,0,0.23,0.0,100.0,0,0.0,0,0,0.0,-1,-1,-1,-1,0.0,0.0
2026-02-26T19:00,0.0,0.0,0.0,0.0,-6.9,2.08,4.6,117,0,66280.0,0,0.23,0.0,65.0,0,0.0,0,0,0.0,-1,-1,-1,-1,0.0,0.0
2026-02-26T20:00,0.0,0.0,0.0,0.0,-8.0,1.63,3.4,108,0,66240.0,0,0.23,0.0,45.0,0,0.0,0,0,0.0,-1,-1,-1,-1,0.0,0.0
2026-02-26T21:00,0.0,0.0,0.0,0.0,-8.2,1.68,2.7,100,0,65940.0,0,0.23,0.0,45.0,0,0.0,0,0,0.0,-1,-1,-1,-1,0.0,0.0
2026-02-26T22:00,0.0,0.0,0.0,0.0,-8.3,1.99,3.2,115,0,65900.0,0,0.23,0.0,55.0,0,0.0,0,0,0.0,-1,-1,-1,-1,0.0,0.0
2026-02-26T23:00,0.0,0.0,0.0,0.0,-8.4,2.3,3.8,131,0,65880.0,0,0.23,0.0,70.0,0,0.0,0,0,0.0,-1,-1,-1,-1,0.0,0.0
2026-02-27T00:00,0.0,0.0,0.0,0.0,-9.4,1.66,3.8,159,0,65440.0,0,0.231,0.0,45.0,0,0.0,0,0,0.0,-1,-1,-1,-1,0.0,0.0
2026-02-27T01:00,0.0,0.0,0.0,0.0,-7.9,1.8,3.4,224,0,65820.0,1,0.231,0.0,105.0,0,0.0,0,0,0.0,-1,-1,-1,-1,0.0,0.0
2026-02-27T02:00,0.0,0.0,0.0,0.0,-3.2,3.64,6.8,249,0,65780.0,1,0.231,0.0,870.0,0,0.0,0,0,0.0,-1,-1,-1,-1,0.0,0.0
2026-02-27T03:00,0.0,0.0,0.0,0.0,0.6,7.97,13.7,260,0,66040.0,1,0.231,0.0,2510.0,0,0.0,0,0,0.0,-1,-1,-1,-1,0.0,0.0
2026-02-27T04:00,0.0,0.0,0.0,0.0,2.1,9.41,17.0,273,0,66420.0,1,0.23,0.0,2915.0,0,0.0,0,0,0.0,-1,-1,-1,-1,0.0,0.0
2026-02-27T05:00,0.0,0.0,0.0,0.0,2.7,9.56,17.6,277,0,66380.0,1,0.23,0.0,3015.0,0,0.0,0,0,0.0,-1,-1,-1,-1,0.0,0.0
2026-02-27T06:00,0.0,0.0,0.0,0.0,5.2,11.18,17.4,266,4,66360.0,1,0.23,0.0,3730.0,0,0.0,0,0,0.0,-1,-1,-1,-1,0.0,0.0
2026-02-27T07:00,0.0,0.0,0.0,0.0,4.9,9.9,19.9,264,5,66340.0,1,0.23,0.0,3745.0,0,0.0,0,0,0.0,-1,-1,-1,-1,0.0,0.0
2026-02-27T08:00,0.0,0.0,0.0,0.0,4.3,8.91,18.2,273,0,66300.0,1,0.23,0.0,3620.0,0,0.0,0,0,0.0,-1,-1,-1,-1,0.0,0.0
2026-02-27T09:00,0.0,0.0,0.0,0.0,3.9,7.79,16.2,276,0,66280.0,1,0.23,0.0,3635.0,0,0.0,0,0,0.0,-1,-1,-1,-1,0.0,0.0
2026-02-27T10:00,0.0,0.0,0.0,0.0,3.0,6.76,14.1,280,0,66240.0,1,0.23,0.0,3330.0,0,0.0,0,0,0.0,-1,-1,-1,-1,0.0,0.0
2026-02-27T11:00,0.0,0.0,0.0,0.0,1.6,4.95,12.0,303,0,66220.0,1,0.23,0.0,1775.0,0,0.0,0,0,0.0,-1,-1,-1,-1,0.0,0.0
2026-02-27T12:00,0.0,0.0,0.0,0.0,-2.6,3.66,8.1,338,0,66180.0,0,0.23,0.0,245.0,0,0.0,0,0,0.0,-1,-1,-1,-1,0.0,0.0
2026-02-27T13:00,0.0,0.0,0.0,0.0,-4.1,4.08,6.5,349,0,66160.0,0,0.23,0.0,215.0,0,0.0,0,0,0.0,-1,-1,-1,-1,0.0,0.0
2026-02-27T14:00,0.0,0.0,0.0,0.0,-4.7,2.72,6.6,340,0,66140.0,0,0.23,0.0,165.0,0,0.0,0,0,0.0,-1,-1,-1,-1,0.0,0.0
2026-02-27T15:00,0.0,0.0,0.0,0.0,-5.5,0.38,4.5,67,0,66100.0,0,0.23,0.0,20.0,0,0.0,0,0,0.0,-1,-1,-1,-1,0.0,0.0
2026-02-27T16:00,0.0,0.0,0.0,0.0,-6.2,1.47,2.3,108,0,66080.0,0,0.23,0.0,35.0,0,0.0,0,0,0.0,-1,-1,-1,-1,0.0,0.0
2026-02-27T17:00,0.0,0.0,0.0,0.0,-6.1,0.76,2.3,58,0,66060.0,0,0.23,0.0,20.0,0,0.0,0,0,0.0,-1,-1,-1,-1,0.0,0.0
2026-02-27T18:00,0.0,0.0,0.0,0.0,-5.8,1.39,1.9,69,0,66020.0,0,0.23,0.0,30.0,0,0.0,0,0,0.0,-1,-1,-1,-1,0.0,0.0
2026-02-27T19:00,0.0,0.0,0.0,0.0,-6.9,1.81,3.2,76,0,65600.0,0,0.23,0.0,35.0,0,0.0,0,0,0.0,-1,-1,-1,-1,0.0,0.0
2026-02-27T20:00,0.0,0.0,0.0,0.0,-7.8,2.64,4.1,109,2,64900.0,0,0.23,0.0,65.0,0,0.0,0,0,0.0,-1,-1,-1,-1,0.0,0.0
2026-02-27T21:00,0.0,0.0,0.0,0.0,-7.5,4.24,7.0,120,36,47440.0,0,0.23,0.0,265.0,0,0.0,1,0,0.0,-1,-1,-1,-1,0.0,0.0
2026-02-27T22:00,0.0,0.0,0.0,0.0,-8.1,4.35,7.3,112,11,58480.0,0,0.23,0.0,285.0,0,0.0,0,0,0.0,-1,-1,-1,-1,0.0,0.0
2026-02-27T23:00,0.0,0.0,0.0,0.0,-8.9,2.68,7.2,99,0,60660.0,0,0.23,0.0,140.0,0,0.0,0,0,0.0,-1,-1,-1,-1,0.0,0.0
2026-02-28T00:00,0.0,0.0,0.0,0.0,-10.3,1.85,4.3,92,0,58360.0,0,0.23,0.0,50.0,0,0.0,0,0,0.0,-1,-1,-1,-1,0.0,0.0
2026-02-28T01:00,0.0,0.0,0.0,0.0,-9.6,1.69,3.0,78,0,58340.0,1,0.23,0.0,35.0,0,0.0,0,0,0.0,-1,-1,-1,-1,0.0,0.0
2026-02-28T02:00,0.0,0.0,0.0,0.0,-5.6,1.27,3.7,154,0,62720.0,1,0.23,0.0,210.0,0,0.0,0,0,0.0,-1,-1,-1,-1,0.0,0.0
2026-02-28T03:00,0.0,0.0,0.0,0.0,-2.3,2.74,6.4,232,0,65080.0,1,0.23,0.0,790.0,0,0.0,0,0,0.0,-1,-1,-1,-1,0.0,0.0
2026-02-28T04:00,0.0,0.0,0.0,0.0,1.0,6.28,11.6,261,0,65340.0,1,0.23,0.0,3085.0,0,0.0,0,0,0.0,-1,-1,-1,-1,0.0,0.0
2026-02-28T05:00,0.0,0.0,0.0,0.0,2.9,10.39,18.3,262,5,65720.0,1,0.23,0.0,3670.0,0,0.0,0,0,0.0,-1,-1,-1,-1,0.0,0.0
2026-02-28T06:00,0.0,0.0,0.0,0.0,2.6,11.19,20.0,257,9,65300.0,1,0.23,0.0,3610.0,0,0.0,0,0,0.0,-1,-1,-1,-1,0.0,0.0
2026-02-28T07:00,0.0,0.0,0.0,0.0,3.1,10.8,19.8,268,11,65660.0,1,0.23,0.0,4010.0,0,0.0,0,0,0.0,-1,-1,-1,-1,0.0,0.0
2026-02-28T08:00,0.0,0.0,0.0,0.0,3.3,10.65,19.6,269,58,65640.0,1,0.23,0.0,4095.0,0,0.0,2,0,0.0,-1,-1,-1,-1,0.0,0.0
2026-02-28T09:00,0.0,0.0,0.0,0.0,2.7,9.15,18.9,276,82,65200.0,1,0.23,10.0,4025.0,0,0.0,3,0,0.0,-1,-1,-1,-1,0.0,0.0
2026-02-28T10:00,0.0,0.0,0.0,0.0,1.5,8.25,16.3,291,23,65580.0,1,0.23,0.0,3430.0,0,0.0,1,0,0.0,-1,-1,-1,-1,0.0,0.0
2026-02-28T11:00,0.0,0.0,0.0,0.0,0.3,6.61,14.5,293,2,65160.0,1,0.23,0.0,2330.0,0,0.0,0,0,0.0,-1,-1,-1,-1,0.0,0.0
2026-02-28T12:00,0.0,0.0,0.0,0.0,-2.5,5.63,10.9,318,2,65120.0,0,0.23,0.0,670.0,0,0.0,0,0,0.0,-1,-1,-1,-1,0.0,0.0
2026-02-28T13:00,0.0,0.0,0.0,0.0,-4.3,3.92,9.4,314,0,65100.0,0,0.23,0.0,525.0,0,0.0,0,0,0.0,-1,-1,-1,-1,0.0,0.0
2026-02-28T14:00,0.0,0.0,0.0,0.0,-5.3,2.58,6.7,313,0,65080.0,0,0.23,0.0,165.0,0,0.0,0,0,0.0,-1,-1,-1,-1,0.0,0.0
2026-02-28T15:00,0.0,0.0,0.0,0.0,-6.1,0.89,4.3,333,67,65040.0,0,0.23,10.0,35.0,0,0.0,2,0,0.0,-1,-1,-1,-1,0.0,0.0
2026-02-28T16:00,0.0,0.0,0.0,0.0,-6.2,1.86,3.0,355,0,65020.0,0,0.23,0.0,90.0,0,0.0,0,0,0.0,-1,-1,-1,-1,0.0,0.0
2026-02-28T17:00,0.0,0.0,0.0,0.0,-6.8,1.79,3.2,342,12,65000.0,0,0.23,0.0,105.0,0,0.0,0,0,0.0,-1,-1,-1,-1,0.0,0.0
2026-02-28T18:00,0.0,0.0,0.0,0.0,-6.2,3.08,3.7,347,45,64960.0,0,0.23,0.0,165.0,0,0.0,1,0,0.0,-1,-1,-1,-1,0.0,0.0
2026-02-28T19:00,0.0,0.0,0.0,0.0,-6.6,3.5,5.8,359,2,64940.0,0,0.23,0.0,155.0,0,0.0,0,0,0.0,-1,-1,-1,-1,0.0,0.0
2026-02-28T20:00,0.0,0.0,0.0,0.0,-7.6,2.61,5.6,12,33,64920.0,0,0.23,0.0,135.0,0,0.0,1,0,0.0,-1,-1,-1,-1,0.0,0.0
2026-02-28T21:00,0.0,0.0,0.0,0.0,-8.5,2.5,4.2,16,89,64880.0,0,0.23,0.0,110.0,0,0.0,3,0,0.0,-1,-1,-1,-1,0.0,0.0
2026-02-28T22:00,0.0,0.0,0.0,0.0,-9.0,2.23,4.1,16,84,64860.0,0,0.23,0.0,95.0,0,0.0,3,0,0.0,-1,-1,-1,-1,0.0,0.0
2026-02-28T23:00,0.0,0.0,0.0,0.0,-9.9,1.76,3.6,7,14,64820.0,0,0.23,0.0,65.0,0,0.0,0,0,0.0,-1,-1,-1,-1,0.0,0.0
2026-03-01T00:00,0.0,0.0,0.0,0.0,-11.2,1.27,2.6,42,94,64500.0,0,0.23,0.0,25.0,0,0.0,3,0,0.0,-1,-1,-1,-1,0.0,0.0
2026-03-01T01:00,0.0,0.0,0.0,0.0,-10.1,2.14,3.1,57,89,64480.0,1,0.23,0.0,30.0,0,0.0,3,0,0.0,-1,-1,-1,-1,0.0,0.0
2026-03-01T02:00,0.0,0.0,0.0,0.0,-6.2,2.51,4.9,55,98,64740.0,1,0.23,0.0,535.0,0,0.0,3,0,0.0,-1,-1,-1,-1,0.0,0.0
2026-03-01T03:00,0.0,0.0,0.0,0.0,-4.0,3.05,7.4,69,95,65120.0,1,0.23,0.0,1010.0,0,0.0,3,0,0.0,-1,-1,-1,-1,0.0,0.0
2026-03-01T04:00,0.0,0.0,0.0,0.0,-2.1,1.96,7.1,122,83,65080.0,1,0.23,0.0,1590.0,0,0.0,3,0,0.0,-1,-1,-1,-1,0.0,0.0
2026-03-01T05:00,0.0,0.0,0.0,0.0,-0.7,1.96,6.5,174,100,65060.0,1,0.23,0.0,2460.0,0,0.0,3,0,0.0,-1,-1,-1,-1,0.0,0.0
2026-03-01T06:00,0.0,0.0,0.0,0.0,-0.3,2.21,7.0,205,100,65040.0,1,0.23,0.0,2970.0,0,0.0,3,0,0.0,-1,-1,-1,-1,0.0,0.0
2026-03-01T07:00,0.0,0.0,0.0,0.0,1.1,3.94,8.6,244,100,65000.0,1,0.23,0.0,3700.0,0,0.0,3,0,0.0,-1,-1,-1,-1,0.0,0.0
2026-03-01T08:00,0.0,0.0,0.0,0.0,1.5,5.71,11.5,266,21,64980.0,1,0.23,0.0,3685.0,0,0.0,1,0,0.0,-1,-1,-1,-1,0.0,0.0
2026-03-01T09:00,0.0,0.0,0.0,0.0,0.9,4.89,11.4,284,20,64960.0,1,0.23,0.0,3525.0,0,0.0,1,0,0.0,-1,-1,-1,-1,0.0,0.0
2026-03-01T10:00,0.0,0.0,0.0,0.0,1.1,5.43,10.0,264,58,64920.0,1,0.23,0.0,3755.0,0,0.0,2,0,0.0,-1,-1,-1,-1,0.0,0.0
2026-03-01T11:00,0.0,0.0,0.0,0.0,-0.4,4.43,10.1,294,7,64900.0,1,0.23,0.0,1615.0,0,0.0,0,0,0.0,-1,-1,-1,-1,0.0,0.0
2026-03-01T12:00,0.0,0.0,0.0,0.0,-3.2,3.24,7.3,331,9,64480.0,0,0.23,0.0,220.0,0,0.0,0,0,0.0,-1,-1,-1,-1,0.0,0.0
2026-03-01T13:00,0.0,0.0,0.0,0.0,-4.6,5.89,9.5,354,1,64840.0,0,0.23,0.0,495.0,0,0.0,0,0,0.0,-1,-1,-1,-1,0.0,0.0
2026-03-01T14:00,0.0,0.0,0.0,0.0,-5.3,4.92,9.9,350,2,64820.0,0,0.23,0.0,450.0,0,0.0,0,0,0.0,-1,-1,-1,-1,0.0,0.0
2026-03-01T15:00,0.0,0.0,0.0,0.0,-6.4,2.33,8.0,337,34,64400.0,0,0.23,10.0,360.0,0,0.0,1,0,0.0,-1,-1,-1,-1,0.0,0.0
2026-03-01T16:00,0.0,0.0,0.0,0.0,-7.1,0.97,3.9,201,26,64360.0,0,0.23,10.0,40.0,0,0.0,1,0,0.0,-1,-1,-1,-1,0.0,0.0
2026-03-01T17:00,0.0,0.0,0.0,0.0,-7.7,0.96,2.1,137,0,64340.0,0,0.23,0.0,25.0,0,0.0,0,0,0.0,-1,-1,-1,-1,0.0,0.0
2026-03-01T18:00,0.0,0.0,0.0,0.0,-7.1,0.16,1.4,72,100,64320.0,0,0.23,0.0,10.0,0,0.0,3,0,0.0,-1,-1,-1,-1,0.0,0.0
2026-03-01T19:00,0.0,0.0,0.0,0.0,-6.2,0.15,0.7,90,31,64280.0,0,0.23,0.0,15.0,0,0.0,1,0,0.0,-1,-1,-1,-1,0.0,0.0
2026-03-01T20:00,0.0,0.0,0.0,0.0,-7.2,0.14,0.7,315,29,64260.0,0,0.23,0.0,15.0,0,0.0,1,0,0.0,-1,-1,-1,-1,0.0,0.0
2026-03-01T21:00,0.0,0.0,0.0,0.0,-8.0,0.07,0.7,45,0,64240.0,0,0.23,0.0,10.0,0,0.0,0,0,0.0,-1,-1,-1,-1,0.0,0.0
2026-03-01T22:00,0.0,0.0,0.0,0.0,-8.6,0.11,0.5,63,0,64200.0,0,0.23,0.0,10.0,0,0.0,0,0,0.0,-1,-1,-1,-1,0.0,0.0
2026-03-01T23:00,0.0,0.0,0.0,0.0,-8.9,0.3,0.7,171,1,64180.0,0,0.23,0.0,15.0,0,0.0,0,0,0.0,-1,-1,-1,-1,0.0,0.0
2026-03-02T00:00,0.0,0.0,0.0,0.0,-9.8,0.25,0.7,169,0,64160.0,0,0.23,0.0,20.0,0,0.0,0,0,0.0,-1,-1,-1,-1,0.0,0.0
2026-03-02T01:00,0.0,0.0,0.0,0.0,-9.3,0.61,1.0,189,0,64120.0,1,0.23,0.0,35.0,0,0.0,0,0,0.0,-1,-1,-1,-1,0.0,0.0
2026-03-02T02:00,0.0,0.0,0.0,0.0,-6.2,0.9,3.1,273,0,64100.0,1,0.23,0.0,315.0,0,0.0,0,0,0.0,-1,-1,-1,-1,0.0,0.0
2026-03-02T03:00,0.0,0.0,0.0,0.0,-3.9,1.88,5.5,299,0,64480.0,1,0.23,0.0,585.0,0,0.0,0,0,0.0,-1,-1,-1,-1,0.0,0.0
2026-03-02T04:00,0.0,0.0,0.0,0.0,-1.6,2.26,6.5,283,22,64440.0,1,0.23,0.0,1640.0,0,0.0,1,0,0.0,-1,-1,-1,-1,0.0,0.0
2026-03-02T05:00,0.0,0.0,0.0,0.0,0.1,3.12,7.8,276,48,64420.0,1,0.23,0.0,3580.0,0,0.0,1,0,0.0,-1,-1,-1,-1,0.0,0.0
2026-03-02T06:00,0.0,0.0,0.0,0.0,1.1,4.48,9.7,276,2,64400.0,1,0.23,0.0,3680.0,0,0.0,0,0,0.0,-1,-1,-1,-1,0.0,0.0
2026-03-02T07:00,0.0,0.0,0.0,0.0,1.9,6.48,12.4,282,5,64360.0,1,0.23,0.0,3970.0,0,0.0,0,0,0.0,-1,-1,-1,-1,0.0,0.0
2026-03-02T08:00,0.0,0.0,0.0,0.0,3.1,7.96,14.1,272,29,64340.0,1,0.23,0.0,4225.0,0,0.0,1,0,0.0,-1,-1,-1,-1,0.0,0.0
2026-03-02T09:00,0.0,0.0,0.0,0.0,1.7,8.15,16.6,293,0,64320.0,1,0.23,0.0,4040.0,0,0.0,0,0,0.0,-1,-1,-1,-1,0.0,0.0
2026-03-02T10:00,0.0,0.0,0.0,0.0,1.3,6.0,14.5,281,0,64280.0,1,0.23,0.0,3650.0,0,0.0,0,0,0.0,-1,-1,-1,-1,0.0,0.0
2026-03-02T11:00,0.0,0.0,0.0,0.0,-0.3,5.87,11.2,290,0,64260.0,1,0.23,0.0,3405.0,0,0.0,0,0,0.0,-1,-1,-1,-1,0.0,0.0
2026-03-02T12:00,0.0,0.0,0.0,0.0,-4.0,4.24,9.8,317,0,64240.0,0,0.23,0.0,330.0,0,0.0,0,0,0.0,-1,-1,-1,-1,0.0,0.0
2026-03-02T13:00,0.0,0.0,0.0,0.0,-5.4,3.72,7.0,324,0,64200.0,0,0.23,0.0,260.0,0,0.0,0,0,0.0,-1,-1,-1,-1,0.0,0.0
2026-03-02T14:00,0.0,0.0,0.0,0.0,-6.7,2.37,6.1,335,0,64180.0,0,0.23,0.0,125.0,0,0.0,0,0,0.0,-1,-1,-1,-1,0.0,0.0
2026-03-02T15:00,0.0,0.0,0.0,0.0,-7.0,1.19,3.9,15,0,64160.0,0,0.23,0.0,45.0,0,0.0,0,0,0.0,-1,-1,-1,-1,0.0,0.0
2026-03-02T16:00,0.0,0.0,0.0,0.0,-7.0,0.49,2.2,135,0,64120.0,0,0.23,0.0,25.0,0,0.0,0,0,0.0,-1,-1,-1,-1,0.0,0.0
2026-03-02T17:00,0.0,0.0,0.0,0.0,-7.4,0.52,1.4,107,0,64100.0,0,0.23,0.0,15.0,0,0.0,0,0,0.0,-1,-1,-1,-1,0.0,0.0
2026-03-02T18:00,0.0,0.0,0.0,0.0,-6.4,0.07,1.0,45,0,64080.0,0,0.23,0.0,10.0,0,0.0,0,0,0.0,-1,-1,-1,-1,0.0,0.0
2026-03-02T19:00,0.0,0.0,0.0,0.0,-6.8,0.4,1.0,353,0,64060.0,0,0.23,0.0,20.0,0,0.0,0,0,0.0,-1,-1,-1,-1,0.0,0.0
2026-03-02T20:00,0.0,0.0,0.0,0.0,-8.0,1.04,1.7,325,0,64020.0,0,0.23,0.0,50.0,0,0.0,0,0,0.0,-1,-1,-1,-1,0.0,0.0
2026-03-02T21:00,0.0,0.0,0.0,0.0,-9.4,1.68,2.7,333,0,64000.0,0,0.23,0.0,75.0,0,0.0,0,0,0.0,-1,-1,-1,-1,0.0,0.0
2026-03-02T22:00,0.0,0.0,0.0,0.0,-10.1,1.39,2.6,345,0,63980.0,0,0.23,0.0,80.0,0,0.0,0,0,0.0,-1,-1,-1,-1,0.0,0.0
2026-03-02T23:00,0.0,0.0,0.0,0.0,-10.7,1.33,2.4,326,0,63940.0,0,0.23,0.0,120.0,0,0.0,0,0,0.0,-1,-1,-1,-1,0.0,0.0
2026-03-03T00:00,0.0,0.0,0.0,0.0,-12.0,0.53,2.4,319,0,63520.0,0,0.23,0.0,25.0,0,0.0,0,0,0.0,-1,-1,-1,-1,0.0,0.0
2026-03-03T01:00,0.0,0.0,0.0,0.0,-11.1,1.68,2.7,323,0,63500.0,1,0.23,0.0,75.0,0,0.0,0,0,0.0,-1,-1,-1,-1,0.0,0.0
2026-03-03T02:00,0.0,0.0,0.0,0.0,-7.4,4.08,7.3,310,0,63480.0,1,0.23,0.0,445.0,0,0.0,0,0,0.0,-1,-1,-1,-1,0.0,0.0
2026-03-03T03:00,0.0,0.0,0.0,0.0,-4.0,6.46,11.8,303,0,63840.0,1,0.23,0.0,1645.0,0,0.0,0,0,0.0,-1,-1,-1,-1,0.0,0.0
2026-03-03T04:00,0.0,0.0,0.0,0.0,-1.9,8.02,14.6,302,0,63820.0,1,0.23,0.0,2755.0,0,0.0,0,0,0.0,-1,-1,-1,-1,0.0,0.0
2026-03-03T05:00,0.0,0.0,0.0,0.0,-1.2,9.45,17.2,306,0,63800.0,1,0.23,0.0,2655.0,0,0.0,0,0,0.0,-1,-1,-1,-1,0.0,0.0
2026-03-03T06:00,0.0,0.0,0.0,0.0,-0.6,9.05,17.3,310,0,63760.0,1,0.23,0.0,2750.0,0,0.0,0,0,0.0,-1,-1,-1,-1,0.0,0.0
2026-03-03T07:00,0.0,0.0,0.0,0.0,-0.4,7.69,16.6,306,0,63740.0,1,0.23,0.0,2455.0,0,0.0,0,0,0.0,-1,-1,-1,-1,0.0,0.0
2026-03-03T08:00,0.0,0.0,0.0,0.0,0.4,7.66,14.5,310,0,63720.0,1,0.23,0.0,2825.0,0,0.0,0,0,0.0,-1,-1,-1,-1,0.0,0.0
2026-03-03T09:00,0.0,0.0,0.0,0.0,-0.2,6.97,14.7,312,0,63680.0,1,0.23,0.0,2500.0,0,0.0,0,0,0.0,-1,-1,-1,-1,0.0,0.0
2026-03-03T10:00,0.0,0.0,0.0,0.0,-0.5,5.95,12.9,312,0,63660.0,1,0.23,0.0,2720.0,0,0.0,0,0,0.0,-1,-1,-1,-1,0.0,0.0
2026-03-03T11:00,0.0,0.0,0.0,0.0,-2.0,5.24,10.9,318,0,63640.0,1,0.23,0.0,1865.0,0,0.0,0,0,0.0,-1,-1,-1,-1,0.0,0.0
2026-03-03T12:00,0.0,0.0,0.0,0.0,-5.6,2.33,8.5,345,0,63620.0,0,0.23,0.0,115.0,0,0.0,0,0,0.0,-1,-1,-1,-1,0.0,0.0
2026-03-03T13:00,0.0,0.0,0.0,0.0,-6.4,1.81,3.6,5,0,63580.0,0,0.23,0.0,60.0,0,0.0,0,0,0.0,-1,-1,-1,-1,0.0,0.0
2026-03-03T14:00,0.0,0.0,0.0,0.0,-6.3,0.86,2.8,7,0,63560.0,0,0.23,0.0,35.0,0,0.0,0,0,0.0,-1,-1,-1,-1,0.0,0.0
2026-03-03T15:00,0.0,0.0,0.0,0.0,-6.2,0.15,1.5,90,0,63540.0,0,0.23,0.0,10.0,0,0.0,0,0,0.0,-1,-1,-1,-1,0.0,0.0
2026-03-03T16:00,0.0,0.0,0.0,0.0,-7.2,1.03,1.5,157,0,63520.0,0,0.23,0.0,40.0,0,0.0,0,0,0.0,-1,-1,-1,-1,0.0,0.0
2026-03-03T17:00,0.0,0.0,0.0,0.0,-8.2,1.43,2.2,151,0,63480.0,0,0.23,0.0,40.0,0,0.0,0,0,0.0,-1,-1,-1,-1,0.0,0.0
2026-03-03T18:00,0.0,0.0,0.0,0.0,-8.3,1.49,2.2,130,0,63460.0,0,0.23,0.0,40.0,0,0.0,0,0,0.0,-1,-1,-1,-1,0.0,0.0
2026-03-03T19:00,0.0,0.0,0.0,0.0,-9.5,1.48,2.4,114,0,63440.0,0,0.23,0.0,40.0,0,0.0,0,0,0.0,-1,-1,-1,-1,0.0,0.0
2026-03-03T20:00,0.0,0.0,0.0,0.0,-10.1,0.86,2.0,83,0,63400.0,0,0.23,0.0,30.0,0,0.0,0,0,0.0,-1,-1,-1,-1,0.0,0.0
2026-03-03T21:00,0.0,0.0,0.0,0.0,-10.6,0.86,1.6,100,0,63380.0,0,0.23,0.0,30.0,0,0.0,0,0,0.0,-1,-1,-1,-1,0.0,0.0
2026-03-03T22:00,0.0,0.0,0.0,0.0,-10.5,0.18,1.3,34,0,63360.0,0,0.23,0.0,15.0,0,0.0,0,0,0.0,-1,-1,-1,-1,0.0,0.0
2026-03-03T23:00,0.0,0.0,0.0,0.0,-10.6,0.0,0.9,270,1,63320.0,0,0.23,0.0,10.0,0,0.0,0,0,0.0,-1,-1,-1,-1,0.0,0.0
2026-03-04T00:00,0.0,0.0,0.0,0.0,-10.6,0.2,0.9,180,25,63300.0,0,0.23,0.0,30.0,0,0.0,1,0,0.0,-1,-1,-1,-1,0.0,0.0
2026-03-04T01:00,0.0,0.0,0.0,0.0,-10.1,0.05,1.2,90,39,63280.0,1,0.23,10.0,10.0,0,0.0,1,0,0.0,-1,-1,-1,-1,0.0,0.0
2026-03-04T02:00,0.0,0.0,0.0,0.0,-6.7,0.7,2.9,266,1,63260.0,1,0.23,0.0,175.0,0,0.0,0,0,0.0,-1,-1,-1,-1,0.0,0.0
2026-03-04T03:00,0.0,0.0,0.0,0.0,-3.6,2.05,5.7,273,0,63220.0,1,0.23,0.0,570.0,0,0.0,0,0,0.0,-1,-1,-1,-1,0.0,0.0
2026-03-04T04:00,0.0,0.0,0.0,0.0,0.4,4.16,8.7,283,0,63200.0,1,0.23,0.0,1575.0,0,0.0,0,0,0.0,-1,-1,-1,-1,0.0,0.0
2026-03-04T05:00,0.0,0.0,0.0,0.0,2.6,6.44,12.5,299,0,63180.0,1,0.23,0.0,2865.0,0,0.0,0,0,0.0,-1,-1,-1,-1,0.0,0.0
2026-03-04T06:00,0.0,0.0,0.0,0.0,4.1,10.21,17.9,302,0,63160.0,1,0.23,0.0,4530.0,0,0.0,0,0,0.0,-1,-1,-1,-1,0.0,0.0
2026-03-04T07:00,0.0,0.0,0.0,0.0,5.1,10.89,19.7,298,0,63120.0,1,0.23,0.0,5290.0,0,0.0,0,0,0.0,-1,-1,-1,-1,0.0,0.0
2026-03-04T08:00,0.0,0.0,0.0,0.0,4.8,11.21,20.5,304,43,63100.0,1,0.23,0.0,5265.0,0,0.0,1,0,0.0,-1,-1,-1,-1,0.0,0.0
2026-03-04T09:00,0.0,0.0,0.0,0.0,4.8,10.48,19.8,306,45,63080.0,1,0.23,0.0,5155.0,0,0.0,1,0,0.0,-1,-1,-1,-1,0.0,0.0
2026-03-04T10:00,0.0,0.0,0.0,0.0,3.8,10.1,18.2,307,34,63060.0,1,0.23,0.0,4975.0,0,0.0,1,0,0.0,-1,-1,-1,-1,0.0,0.0
2026-03-04T11:00,0.0,0.0,0.0,0.0,2.1,7.6,17.3,305,92,63020.0,1,0.23,0.0,4695.0,0,0.0,3,0,0.0,-1,-1,-1,-1,0.0,0.0
2026-03-04T12:00,0.0,0.0,0.0,0.0,-0.1,5.19,12.7,306,94,63000.0,0,0.23,0.0,475.0,0,0.0,3,0,0.0,-1,-1,-1,-1,0.0,0.0
2026-03-04T13:00,0.0,0.0,0.0,0.0,-1.4,2.91,8.6,299,95,62980.0,0,0.23,0.0,195.0,0,0.0,3,0,0.0,-1,-1,-1,-1,0.0,0.0
2026-03-04T14:00,0.0,0.0,0.0,0.0,-1.4,3.34,5.7,300,80,62960.0,0,0.23,30.0,390.0,0,0.0,3,0,0.0,-1,-1,-1,-1,0.0,0.0
2026-03-04T15:00,0.0,0.0,0.0,0.0,-4.4,2.12,5.9,297,5,62920.0,0,0.23,10.0,85.0,0,0.0,0,0,0.0,-1,-1,-1,-1,0.0,0.0
2026-03-04T16:00,0.0,0.0,0.0,0.0,-4.8,0.8,3.6,266,0,62900.0,0,0.23,0.0,55.0,0,0.0,0,0,0.0,-1,-1,-1,-1,0.0,0.0
2026-03-04T17:00,0.0,0.0,0.0,0.0,-5.0,0.84,2.0,343,0,62880.0,0,0.23,0.0,50.0,0,0.0,0,0,0.0,-1,-1,-1,-1,0.0,0.0
2026-03-04T18:00,0.0,0.0,0.0,0.0,-5.1,1.15,1.9,342,61,62860.0,0,0.23,0.0,45.0,0,0.0,2,0,0.0,-1,-1,-1,-1,0.0,0.0
2026-03-04T19:00,0.0,0.0,0.0,0.0,-4.9,0.38,2.3,247,70,62820.0,0,0.23,0.0,20.0,0,0.0,2,0,0.0,-1,-1,-1,-1,0.0,0.0
2026-03-04T20:00,0.0,0.0,0.0,0.0,-5.8,0.43,1.5,306,98,62800.0,0,0.23,10.0,20.0,0,0.0,3,0,0.0,-1,-1,-1,-1,0.0,0.0
2026-03-04T21:00,0.0,0.0,0.0,0.0,-6.1,0.45,1.4,297,35,62380.0,0,0.23,0.0,25.0,0,0.0,1,0,0.0,-1,-1,-1,-1,0.0,0.0
2026-03-04T22:00,0.0,0.0,0.0,0.0,-6.9,1.06,2.2,221,9,62360.0,0,0.23,0.0,75.0,0,0.0,0,0,0.0,-1,-1,-1,-1,0.0,0.0
2026-03-04T23:00,0.0,0.0,0.0,0.0,-7.1,0.93,2.3,324,62,62320.0,0,0.23,20.0,70.0,0,0.0,2,0,0.0,-1,-1,-1,-1,0.0,0.0
2026-03-05T00:00,0.0,0.0,0.0,0.0,-7.6,0.56,2.5,10,73,62300.0,0,0.23,30.0,15.0,0,0.0,2,0,0.0,-1,-1,-1,-1,0.0,0.0
2026-03-05T01:00,0.0,0.0,0.0,0.0,-6.3,0.65,1.6,266,8,62280.0,1,0.23,30.0,25.0,0,0.0,0,0,0.0,-1,-1,-1,-1,0.0,0.0
2026-03-05T02:00,0.0,0.0,0.0,0.0,-2.8,1.6,4.1,290,0,62260.0,1,0.23,0.0,180.0,0,0.0,0,0,0.0,-1,-1,-1,-1,0.0,0.0
2026-03-05T03:00,0.0,0.0,0.0,0.0,0.3,2.86,6.7,282,0,62620.0,1,0.23,0.0,630.0,0,0.0,0,0,0.0,-1,-1,-1,-1,0.0,0.0
2026-03-05T04:00,0.0,0.0,0.0,0.0,3.0,3.6,8.1,271,0,62600.0,1,0.23,0.0,1620.0,0,0.0,0,0,0.0,-1,-1,-1,-1,0.0,0.0
2026-03-05T05:00,0.0,0.0,0.0,0.0,5.2,5.95,11.6,299,0,62580.0,1,0.23,0.0,2985.0,0,0.0,0,0,0.0,-1,-1,-1,-1,0.0,0.0
2026-03-05T06:00,0.0,0.0,0.0,0.0,6.4,8.56,13.7,306,0,62560.0,1,0.23,0.0,4290.0,0,0.0,0,0,0.0,-1,-1,-1,-1,0.0,0.0
2026-03-05T07:00,0.0,0.0,0.0,0.0,8.1,8.37,16.1,299,2,62520.0,1,0.23,0.0,5840.0,0,0.0,0,0,0.0,-1,-1,-1,-1,0.0,0.0
2026-03-05T08:00,0.0,0.0,0.0,0.0,7.1,9.69,18.2,310,33,62500.0,1,0.23,0.0,4825.0,0,0.0,1,0,0.0,-1,-1,-1,-1,0.0,0.0
2026-03-05T09:00,0.0,0.0,0.0,0.0,7.6,9.66,17.2,302,41,62480.0,1,0.229,50.0,6155.0,0,0.0,1,0,0.0,-1,-1,-1,-1,0.0,0.0
2026-03-05T10:00,0.0,0.0,0.0,0.0,6.9,8.45,17.2,296,78,62460.0,1,0.229,80.0,6315.0,0,0.0,2,0,0.0,-1,-1,-1,-1,0.0,0.0
2026-03-05T11:00,0.0,0.0,0.0,0.0,4.8,5.98,14.5,306,95,62420.0,1,0.229,10.0,1800.0,0,0.0,3,0,0.0,-1,-1,-1,-1,0.0,0.0
2026-03-05T12:00,0.0,0.0,0.0,0.0,0.0,2.89,9.9,307,73,62400.0,0,0.229,0.0,220.0,0,0.0,2,0,0.0,-1,-1,-1,-1,0.0,0.0
2026-03-05T13:00,0.0,0.0,0.0,0.0,-1.0,2.63,4.9,309,52,61980.0,0,0.229,30.0,365.0,0,0.0,2,0,0.0,-1,-1,-1,-1,0.0,0.0
2026-03-05T14:00,0.0,0.0,0.0,0.0,-1.8,2.48,4.8,313,67,61960.0,0,0.229,20.0,145.0,0,0.0,2,0,0.0,-1,-1,-1,-1,0.0,0.0
2026-03-05T15:00,0.0,0.0,0.0,0.0,-1.9,0.7,3.9,291,59,61920.0,0,0.229,0.0,35.0,0,0.0,2,0,0.0,-1,-1,-1,-1,0.0,0.0
2026-03-05T16:00,0.0,0.0,0.0,0.0,-2.1,0.22,1.5,153,78,61900.0,0,0.229,20.0,15.0,0,0.0,2,0,0.0,-1,-1,-1,-1,0.0,0.0
2026-03-05T17:00,0.0,0.0,0.0,0.0,-2.3,0.55,1.1,185,99,61880.0,0,0.229,20.0,30.0,0,0.0,3,0,0.0,-1,-1,-1,-1,0.0,0.0
2026-03-05T18:00,0.0,0.0,0.0,0.0,-0.9,0.62,2.0,194,100,61860.0,0,0.229,0.0,65.0,0,0.0,3,0,0.0,-1,-1,-1,-1,0.0,0.0
2026-03-05T19:00,0.0,0.0,0.0,0.0,-2.1,2.17,3.5,206,96,61820.0,0,0.229,10.0,130.0,0,0.0,3,0,0.0,-1,-1,-1,-1,0.0,0.0
2026-03-05T20:00,0.0,0.0,0.0,0.0,-2.2,0.79,3.5,252,98,61800.0,0,0.229,20.0,95.0,0,0.0,3,0,0.0,-1,-1,-1,-1,0.0,0.0
2026-03-05T21:00,0.0,0.0,0.0,0.0,-2.0,0.85,1.8,230,100,61780.0,0,0.229,10.0,150.0,0,0.0,3,0,0.0,-1,-1,-1,-1,0.0,0.0
2026-03-05T22:00,0.0,0.0,0.0,0.0,-2.3,2.34,4.1,259,93,61760.0,0,0.229,10.0,265.0,0,0.0,3,0,0.0,-1,-1,-1,-1,0.0,0.0
2026-03-05T23:00,0.0,0.0,0.0,0.0,-3.4,2.43,4.4,262,61,61740.0,0,0.229,10.0,270.0,0,0.0,2,0,0.0,-1,-1,-1,-1,0.0,0.0
2026-03-06T00:00,0.0,0.0,0.0,0.0,-3.6,1.8,4.8,283,0,61420.0,0,0.229,0.0,180.0,0,0.0,0,0,0.0,-1,-1,-1,-1,0.0,0.0
2026-03-06T01:00,0.0,0.0,0.0,0.0,-2.7,2.05,3.5,271,0,61400.0,1,0.229,0.0,205.0,0,0.0,0,0,0.0,-1,-1,-1,-1,0.0,0.0
2026-03-06T02:00,0.0,0.0,0.0,0.0,0.9,3.05,6.1,271,0,61660.0,1,0.229,0.0,520.0,0,0.0,0,0,0.0,-1,-1,-1,-1,0.0,0.0
2026-03-06T03:00,0.0,0.0,0.0,0.0,4.6,6.35,11.3,263,0,61640.0,1,0.229,0.0,1350.0,0,0.0,0,0,0.0,-1,-1,-1,-1,0.0,0.0
2026-03-06T04:00,0.0,0.0,0.0,0.0,6.9,8.06,14.5,272,0,62000.0,1,0.229,0.0,2370.0,0,0.0,0,0,0.0,-1,-1,-1,-1,0.0,0.0
2026-03-06T05:00,0.0,0.0,0.0,0.0,8.3,8.53,15.9,278,0,61980.0,1,0.229,0.0,3235.0,0,0.0,0,0,0.0,-1,-1,-1,-1,0.0,0.0
2026-03-06T06:00,0.0,0.0,0.0,0.0,8.8,8.95,16.8,279,0,61960.0,1,0.229,0.0,3840.0,0,0.0,0,0,0.0,-1,-1,-1,-1,0.0,0.0
2026-03-06T07:00,0.0,0.0,0.0,0.0,9.0,9.24,17.0,280,0,61940.0,1,0.229,0.0,4310.0,0,0.0,0,0,0.0,-1,-1,-1,-1,0.0,0.0
2026-03-06T08:00,0.0,0.0,0.0,0.0,9.7,9.01,16.9,276,0,61920.0,1,0.229,0.0,4930.0,0,0.0,0,0,0.0,-1,-1,-1,-1,0.0,0.0
2026-03-06T09:00,0.0,0.0,0.0,0.0,9.0,9.38,16.6,286,0,61880.0,1,0.228,0.0,4600.0,0,0.0,0,0,0.0,-1,-1,-1,-1,0.0,0.0
2026-03-06T10:00,0.0,0.0,0.0,0.0,9.0,9.04,16.6,275,89,61860.0,1,0.227,70.0,5945.0,0,0.0,3,0,0.0,-1,-1,-1,-1,0.0,0.0
2026-03-06T11:00,0.0,0.0,0.0,0.0,5.6,7.75,15.9,252,95,61440.0,1,0.227,40.0,1335.0,0,0.0,3,0,0.0,-1,-1,-1,-1,0.0,0.0
2026-03-06T12:00,0.0,0.0,0.0,0.0,3.1,6.55,13.3,270,12,61420.0,0,0.227,0.0,700.0,0,0.0,0,0,0.0,-1,-1,-1,-1,0.0,0.0
2026-03-06T13:00,0.0,0.0,0.0,0.0,0.9,5.44,11.0,251,5,61380.0,0,0.226,0.0,395.0,0,0.0,0,0,0.0,-1,-1,-1,-1,0.0,0.0
2026-03-06T14:00,0.0,0.0,0.0,0.0,-1.3,3.65,9.2,240,62,61360.0,0,0.226,20.0,215.0,0,0.0,2,0,0.0,-1,-1,-1,-1,0.0,0.0
2026-03-06T15:00,0.0,0.0,0.0,0.0,-1.7,3.22,6.4,242,100,61340.0,0,0.226,10.0,215.0,0,0.0,3,0,0.0,-1,-1,-1,-1,0.0,0.0
2026-03-06T16:00,0.0,0.0,0.0,0.0,-1.4,3.17,5.7,254,98,61320.0,0,0.226,50.0,300.0,0,0.0,3,0,0.0,-1,-1,-1,-1,0.0,0.0
2026-03-06T17:00,0.0,0.0,0.0,0.0,-0.4,4.29,7.3,249,90,61300.0,0,0.226,0.0,305.0,0,0.0,3,0,0.0,-1,-1,-1,-1,0.0,0.0
2026-03-06T18:00,0.0,0.0,0.0,0.0,-1.6,3.21,7.5,274,100,61260.0,0,0.226,10.0,320.0,0,0.0,3,0,0.0,-1,-1,-1,-1,0.0,0.0
2026-03-06T19:00,0.0,0.0,0.0,0.0,-3.0,2.04,5.8,301,62,61240.0,0,0.226,10.0,155.0,0,0.0,2,0,0.0,-1,-1,-1,-1,0.0,0.0
2026-03-06T20:00,0.0,0.0,0.0,0.0,-2.8,0.82,3.7,308,38,61220.0,0,0.226,20.0,95.0,0,0.0,1,0,0.0,-1,-1,-1,-1,0.0,0.0
2026-03-06T21:00,0.0,0.0,0.0,0.0,-2.9,0.74,2.2,312,2,61200.0,0,0.226,0.0,135.0,0,0.0,0,0,0.0,-1,-1,-1,-1,0.0,0.0
2026-03-06T22:00,0.0,0.0,0.0,0.0,-3.6,1.26,2.8,288,0,61180.0,0,0.226,0.0,180.0,0,0.0,0,0,0.0,-1,-1,-1,-1,0.0,0.0
2026-03-06T23:00,0.0,0.0,0.0,0.0,-4.4,1.58,3.2,325,0,61140.0,0,0.226,0.0,115.0,0,0.0,0,0,0.0,-1,-1,-1,-1,0.0,0.0
2026-03-07T00:00,0.0,0.0,0.0,0.0,-3.8,1.4,2.9,305,16,61120.0,0,0.226,0.0,50.0,0,0.0,0,0,0.0,-1,-1,-1,-1,0.0,0.0
2026-03-07T01:00,0.0,0.0,0.0,0.0,-2.0,0.85,2.7,339,4,61100.0,1,0.226,0.0,25.0,0,0.0,0,0,0.0,-1,-1,-1,-1,0.0,0.0
2026-03-07T02:00,0.0,0.0,0.0,0.0,0.9,0.87,3.2,336,0,61080.0,1,0.226,0.0,190.0,0,0.0,0,0,0.0,-1,-1,-1,-1,0.0,0.0
2026-03-07T03:00,0.0,0.0,0.0,0.0,3.7,1.93,5.2,280,0,61460.0,1,0.226,0.0,540.0,0,0.0,0,0,0.0,-1,-1,-1,-1,0.0,0.0
2026-03-07T04:00,0.0,0.0,0.0,0.0,7.0,4.49,8.8,278,0,61420.0,1,0.226,0.0,3570.0,0,0.0,0,0,0.0,-1,-1,-1,-1,0.0,0.0
2026-03-07T05:00,0.0,0.0,0.0,0.0,8.5,6.69,13.0,284,0,61400.0,1,0.226,0.0,4590.0,0,0.0,0,0,0.0,-1,-1,-1,-1,0.0,0.0
2026-03-07T06:00,0.0,0.0,0.0,0.0,8.1,9.02,16.7,285,0,61380.0,1,0.226,0.0,4555.0,0,0.0,0,0,0.0,-1,-1,-1,-1,0.0,0.0
2026-03-07T07:00,0.0,0.0,0.0,0.0,8.8,9.12,16.6,284,0,61360.0,1,0.225,0.0,4855.0,0,0.0,0,0,0.0,-1,-1,-1,-1,0.0,0.0
2026-03-07T08:00,0.0,0.0,0.0,0.0,9.2,9.38,16.8,275,0,61340.0,1,0.224,20.0,5115.0,0,0.0,0,0,0.0,-1,-1,-1,-1,0.0,0.0
2026-03-07T09:00,0.0,0.0,0.0,0.0,8.5,9.82,17.8,281,11,61300.0,1,0.223,0.0,4995.0,0,0.0,0,0,0.0,-1,-1,-1,-1,0.0,0.0
2026-03-07T10:00,0.0,0.0,0.0,0.0,7.2,9.53,17.2,281,77,61280.0,1,0.222,0.0,4110.0,0,0.0,2,0,0.0,-1,-1,-1,-1,0.0,0.0
2026-03-07T11:00,0.0,0.0,0.0,0.0,5.4,7.37,16.3,265,100,60860.0,1,0.222,20.0,2310.0,0,0.0,3,0,0.0,-1,-1,-1,-1,0.0,0.0
2026-03-07T12:00,0.0,0.0,0.0,0.0,2.2,3.39,12.4,286,66,60840.0,0,0.221,20.0,320.0,0,0.0,2,0,0.0,-1,-1,-1,-1,0.0,0.0
2026-03-07T13:00,0.0,0.0,0.0,0.0,-0.4,3.17,5.8,254,29,60820.0,0,0.221,10.0,260.0,0,0.0,1,0,0.0,-1,-1,-1,-1,0.0,0.0
2026-03-07T14:00,0.0,0.0,0.0,0.0,0.2,4.63,7.9,263,62,60780.0,0,0.221,30.0,360.0,0,0.0,2,0,0.0,-1,-1,-1,-1,0.0,0.0
2026-03-07T15:00,0.0,0.0,0.0,0.0,-0.8,3.03,7.9,262,16,60760.0,0,0.221,0.0,180.0,0,0.0,0,0,0.0,-1,-1,-1,-1,0.0,0.0
2026-03-07T16:00,0.0,0.0,0.0,0.0,-2.6,2.44,5.3,235,40,60740.0,0,0.221,20.0,115.0,0,0.0,1,0,0.0,-1,-1,-1,-1,0.0,0.0
2026-03-07T17:00,0.0,0.0,0.0,0.0,-2.7,2.78,5.0,240,21,60420.0,0,0.221,20.0,150.0,0,0.0,1,0,0.0,-1,-1,-1,-1,0.0,0.0
2026-03-07T18:00,0.0,0.0,0.0,0.0,-3.3,1.76,4.8,285,52,60400.0,0,0.221,0.0,105.0,0,0.0,2,0,0.0,-1,-1,-1,-1,0.0,0.0
2026-03-07T19:00,0.0,0.0,0.0,0.0,-3.2,0.91,3.1,264,8,60380.0,0,0.221,20.0,75.0,0,0.0,0,0,0.0,-1,-1,-1,-1,0.0,0.0
2026-03-07T20:00,0.0,0.0,0.0,0.0,-3.6,1.03,2.2,231,0,60360.0,0,0.221,0.0,70.0,0,0.0,0,0,0.0,-1,-1,-1,-1,0.0,0.0
2026-03-07T21:00,0.0,0.0,0.0,0.0,-3.4,0.57,2.2,322,2,60340.0,0,0.221,0.0,45.0,0,0.0,0,0,0.0,-1,-1,-1,-1,0.0,0.0
2026-03-07T22:00,0.0,0.0,0.0,0.0,-3.2,0.22,1.7,63,23,60300.0,0,0.221,30.0,10.0,0,0.0,1,0,0.0,-1,-1,-1,-1,0.0,0.0
2026-03-07T23:00,0.0,0.0,0.0,0.0,-3.6,0.49,1.4,156,70,60280.0,0,0.221,30.0,25.0,0,0.0,2,0,0.0,-1,-1,-1,-1,0.0,0.0
2026-03-08T00:00,0.0,0.0,0.0,0.0,-3.0,0.63,1.4,299,93,60260.0,0,0.221,20.0,110.0,0,0.0,3,0,0.0,-1,-1,-1,-1,0.0,0.0
2026-03-08T01:00,0.0,0.0,0.0,0.0,-1.8,1.71,2.7,345,0,60240.0,1,0.221,20.0,145.0,0,0.0,0,0,0.0,-1,-1,-1,-1,0.0,0.0
2026-03-08T02:00,0.0,0.0,0.0,0.0,1.1,2.52,5.2,284,32,60500.0,1,0.221,20.0,385.0,0,0.0,1,0,0.0,-1,-1,-1,-1,0.0,0.0
2026-03-08T03:00,0.0,0.0,0.0,0.0,4.2,3.83,7.9,277,8,60480.0,1,0.221,10.0,1135.0,0,0.0,0,0,0.0,-1,-1,-1,-1,0.0,0.0
2026-03-08T04:00,0.0,0.0,0.0,0.0,6.4,6.77,12.2,290,3,60460.0,1,0.221,10.0,3780.0,0,0.0,0,0,0.0,-1,-1,-1,-1,0.0,0.0
2026-03-08T05:00,0.0,0.0,0.0,0.0,7.7,8.25,15.0,288,87,60440.0,1,0.221,50.0,4150.0,0,0.0,3,0,0.0,-1,-1,-1,-1,0.0,0.0
2026-03-08T06:00,0.0,0.0,0.0,0.0,7.5,8.74,15.8,282,97,60400.0,1,0.22,50.0,4195.0,0,0.0,3,0,0.0,-1,-1,-1,-1,0.0,0.0
2026-03-08T07:00,0.0,0.0,0.0,0.0,7.9,8.66,15.9,279,93,60380.0,1,0.219,50.0,4240.0,0,0.0,3,0,0.0,-1,-1,-1,-1,0.0,0.0
2026-03-08T08:00,0.0,0.0,0.0,0.0,7.6,8.92,16.3,274,95,60360.0,1,0.219,50.0,4360.0,0,0.0,3,0,0.0,-1,-1,-1,-1,0.0,0.0
2026-03-08T09:00,0.0,0.0,0.0,0.0,7.0,8.39,16.2,279,98,60340.0,1,0.218,40.0,4295.0,0,0.0,3,0,0.0,-1,-1,-1,-1,0.0,0.0
2026-03-08T10:00,0.0,0.0,0.0,0.0,5.7,7.36,14.9,298,93,60320.0,1,0.217,30.0,3370.0,0,0.0,3,0,0.0,-1,-1,-1,-1,0.0,0.0
2026-03-08T11:00,0.0,0.0,0.0,0.0,3.3,5.74,12.7,325,74,60300.0,1,0.217,10.0,1140.0,0,0.0,2,0,0.0,-1,-1,-1,-1,0.0,0.0
2026-03-08T12:00,0.0,0.0,0.0,0.0,0.1,3.69,9.6,332,22,59980.0,0,0.216,20.0,350.0,0,0.0,1,0,0.0,-1,-1,-1,-1,0.0,0.0
2026-03-08T13:00,0.0,0.0,0.0,0.0,-0.3,5.1,8.2,323,1,59960.0,0,0.216,30.0,505.0,0,0.0,0,0,0.0,-1,-1,-1,-1,0.0,0.0
2026-03-08T14:00,0.0,0.0,0.0,0.0,-1.7,3.83,8.6,338,0,59940.0,0,0.216,10.0,250.0,0,0.0,0,0,0.0,-1,-1,-1,-1,0.0,0.0
2026-03-08T15:00,0.0,0.0,0.0,0.0,-3.5,2.25,6.1,359,0,59900.0,0,0.216,0.0,90.0,0,0.0,0,0,0.0,-1,-1,-1,-1,0.0,0.0
2026-03-08T16:00,0.0,0.0,0.0,0.0,-3.7,2.55,3.9,357,0,59480.0,0,0.216,0.0,90.0,0,0.0,0,0,0.0,-1,-1,-1,-1,0.0,0.0
2026-03-08T17:00,0.0,0.0,0.0,0.0,-3.5,5.12,8.3,27,0,59460.0,0,0.216,0.0,320.0,0,0.0,0,0,0.0,-1,-1,-1,-1,0.0,0.0
2026-03-08T18:00,0.0,0.0,0.0,0.0,-4.0,5.46,9.1,41,0,58280.0,0,0.216,0.0,290.0,0,0.0,0,0,0.0,-1,-1,-1,-1,0.0,0.0
2026-03-08T19:00,0.0,0.0,0.0,0.0,-4.6,4.46,9.0,49,0,58240.0,0,0.216,0.0,215.0,0,0.0,0,0,0.0,-1,-1,-1,-1,0.0,0.0
2026-03-08T20:00,0.0,0.0,0.0,0.0,-5.2,2.91,7.4,55,0,58220.0,0,0.216,0.0,140.0,0,0.0,0,0,0.0,-1,-1,-1,-1,0.0,0.0
2026-03-08T21:00,0.0,0.0,0.0,0.0,-5.8,2.59,5.0,40,0,58200.0,0,0.216,0.0,95.0,0,0.0,0,0,0.0,-1,-1,-1,-1,0.0,0.0
2026-03-08T22:00,0.0,0.0,0.0,0.0,-6.1,2.48,4.6,34,0,58180.0,0,0.216,0.0,95.0,0,0.0,0,0,0.0,-1,-1,-1,-1,0.0,0.0
2026-03-08T23:00,0.0,0.0,0.0,0.0,-6.5,1.63,4.1,43,0,58160.0,0,0.216,0.0,60.0,0,0.0,0,0,0.0,-1,-1,-1,-1,0.0,0.0
2026-03-09T00:00,0.0,0.0,0.0,0.0,-6.6,0.82,2.7,38,0,57400.0,0,0.216,0.0,30.0,0,0.0,0,0,0.0,-1,-1,-1,-1,0.0,0.0
2026-03-09T01:00,0.0,0.0,0.0,0.0,-4.9,1.2,2.6,48,0,58120.0,1,0.216,0.0,40.0,0,0.0,0,0,0.0,-1,-1,-1,-1,0.0,0.0
2026-03-09T02:00,0.0,0.0,0.0,0.0,-2.2,0.14,2.8,225,0,59240.0,1,0.216,0.0,390.0,0,0.0,0,0,0.0,-1,-1,-1,-1,0.0,0.0
2026-03-09T03:00,0.0,0.0,0.0,0.0,0.1,0.27,3.7,248,0,59220.0,1,0.216,0.0,680.0,0,0.0,0,0,0.0,-1,-1,-1,-1,0.0,0.0
2026-03-09T04:00,0.0,0.0,0.0,0.0,2.5,1.05,4.8,273,9,59600.0,1,0.216,50.0,1805.0,0,0.0,0,0,0.0,-1,-1,-1,-1,0.0,0.0
2026-03-09T05:00,0.0,0.0,0.0,0.0,4.1,2.29,6.6,290,21,59880.0,1,0.215,80.0,3735.0,0,0.0,1,0,0.0,-1,-1,-1,-1,0.0,0.0
2026-03-09T06:00,0.0,0.0,0.0,0.0,4.6,3.2,8.5,297,19,59860.0,1,0.215,70.0,4055.0,0,0.0,0,0,0.0,-1,-1,-1,-1,0.0,0.0
2026-03-09T07:00,0.0,0.0,0.0,0.0,5.5,3.78,8.8,294,52,59820.0,1,0.214,70.0,3970.0,0,0.0,2,0,0.0,-1,-1,-1,-1,0.0,0.0
2026-03-09T08:00,0.0,0.0,0.0,0.0,5.7,3.8,8.8,297,98,59800.0,1,0.213,60.0,4105.0,0,0.0,3,0,0.0,-1,-1,-1,-1,0.0,0.0
2026-03-09T09:00,0.0,0.0,0.0,0.0,5.1,3.94,8.5,303,100,59780.0,1,0.212,40.0,4055.0,0,0.0,3,0,0.0,-1,-1,-1,-1,0.0,0.0
2026-03-09T10:00,0.0,0.0,0.0,0.0,4.0,3.71,8.2,307,99,58700.0,1,0.211,30.0,3245.0,0,0.0,3,0,0.0,-1,-1,-1,-1,0.0,0.0
2026-03-09T11:00,0.0,0.0,0.0,0.0,3.3,3.02,7.2,321,99,59740.0,1,0.211,0.0,3200.0,0,0.0,3,0,0.0,-1,-1,-1,-1,0.0,0.0
2026-03-09T12:00,0.0,0.0,0.0,0.0,-0.1,2.76,5.0,348,30,59720.0,0,0.211,20.0,275.0,0,0.0,1,0,0.0,-1,-1,-1,-1,0.0,0.0
2026-03-09T13:00,0.0,0.0,0.0,0.0,-2.3,2.85,5.0,2,4,59700.0,0,0.211,10.0,170.0,0,0.0,0,0,0.0,-1,-1,-1,-1,0.0,0.0
2026-03-09T14:00,0.0,0.0,0.0,0.0,-3.6,2.14,4.6,11,1,59380.0,0,0.211,0.0,65.0,0,0.0,0,0,0.0,-1,-1,-1,-1,0.0,0.0
2026-03-09T15:00,0.0,0.0,0.0,0.0,-4.1,1.75,3.3,24,0,59360.0,0,0.211,0.0,45.0,0,0.0,0,0,0.0,-1,-1,-1,-1,0.0,0.0
2026-03-09T16:00,0.0,0.0,0.0,0.0,-4.5,1.29,2.7,36,0,59320.0,0,0.211,0.0,35.0,0,0.0,0,0,0.0,-1,-1,-1,-1,0.0,0.0
2026-03-09T17:00,0.0,0.0,0.0,0.0,-4.5,0.52,2.1,73,0,59300.0,0,0.211,0.0,20.0,0,0.0,0,0,0.0,-1,-1,-1,-1,0.0,0.0
2026-03-09T18:00,0.0,0.0,0.0,0.0,-4.2,0.25,1.0,79,0,59280.0,0,0.211,0.0,10.0,0,0.0,0,0,0.0,-1,-1,-1,-1,0.0,0.0
2026-03-09T19:00,0.0,0.0,0.0,0.0,-4.1,0.21,0.5,135,0,59260.0,0,0.211,0.0,10.0,0,0.0,0,0,0.0,-1,-1,-1,-1,0.0,0.0
2026-03-09T20:00,0.0,0.0,0.0,0.0,-5.0,0.47,0.8,328,0,59240.0,0,0.211,0.0,20.0,0,0.0,0,0,0.0,-1,-1,-1,-1,0.0,0.0
2026-03-09T21:00,0.0,0.0,0.0,0.0,-6.0,0.67,1.3,27,0,59220.0,0,0.211,0.0,20.0,0,0.0,0,0,0.0,-1,-1,-1,-1,0.0,0.0
2026-03-09T22:00,0.0,0.0,0.0,0.0,-6.1,0.5,1.5,53,0,59200.0,0,0.211,0.0,15.0,0,0.0,0,0,0.0,-1,-1,-1,-1,0.0,0.0
2026-03-09T23:00,0.0,0.0,0.0,0.0,-6.0,0.54,1.1,112,0,59180.0,0,0.211,0.0,20.0,0,0.0,0,0,0.0,-1,-1,-1,-1,0.0,0.0
2026-03-10T00:00,0.0,0.0,0.0,0.0,-6.2,0.67,0.9,63,0,59140.0,0,0.211,0.0,25.0,0,0.0,0,0,0.0,-1,-1,-1,-1,0.0,0.0
2026-03-10T01:00,0.0,0.0,0.0,0.0,-4.1,0.9,1.8,71,0,59120.0,1,0.211,0.0,20.0,0,0.0,0,0,0.0,-1,-1,-1,-1,0.0,0.0
2026-03-10T02:00,0.0,0.0,0.0,0.0,-1.1,0.72,3.2,205,0,59100.0,1,0.211,0.0,260.0,0,0.0,0,0,0.0,-1,-1,-1,-1,0.0,0.0
2026-03-10T03:00,0.0,0.0,0.0,0.0,1.1,1.44,5.0,236,0,59380.0,1,0.211,0.0,590.0,0,0.0,0,0,0.0,-1,-1,-1,-1,0.0,0.0
2026-03-10T04:00,0.0,0.0,0.0,0.0,3.6,2.73,6.9,242,0,59340.0,1,0.211,0.0,1255.0,0,0.0,0,0,0.0,-1,-1,-1,-1,0.0,0.0
2026-03-10T05:00,0.0,0.0,0.0,0.0,5.6,3.53,8.4,258,0,59320.0,1,0.211,0.0,3335.0,0,0.0,0,0,0.0,-1,-1,-1,-1,0.0,0.0
2026-03-10T06:00,0.0,0.0,0.0,0.0,6.0,3.6,8.8,272,0,59700.0,1,0.21,0.0,3750.0,0,0.0,0,0,0.0,-1,-1,-1,-1,0.0,0.0
2026-03-10T07:00,0.0,0.0,0.0,0.0,7.2,3.99,9.0,282,9,59680.0,1,0.21,10.0,4600.0,0,0.0,0,0,0.0,-1,-1,-1,-1,0.0,0.0
2026-03-10T08:00,0.0,0.0,0.0,0.0,7.1,4.46,9.4,288,3,59660.0,1,0.208,10.0,4560.0,0,0.0,0,0,0.0,-1,-1,-1,-1,0.0,0.0
2026-03-10T09:00,0.0,0.0,0.0,0.0,6.7,4.6,9.5,284,0,59640.0,1,0.208,0.0,4215.0,0,0.0,0,0,0.0,-1,-1,-1,-1,0.0,0.0
2026-03-10T10:00,0.0,0.0,0.0,0.0,5.9,4.63,9.2,284,2,59620.0,1,0.207,0.0,3915.0,0,0.0,0,0,0.0,-1,-1,-1,-1,0.0,0.0
2026-03-10T11:00,0.0,0.0,0.0,0.0,4.5,4.3,8.7,273,14,59600.0,1,0.207,0.0,1355.0,0,0.0,0,0,0.0,-1,-1,-1,-1,0.0,0.0
2026-03-10T12:00,0.0,0.0,0.0,0.0,-0.2,2.12,7.1,278,7,59560.0,0,0.208,0.0,145.0,0,0.0,0,0,0.0,-1,-1,-1,-1,0.0,0.0
2026-03-10T13:00,0.0,0.0,0.0,0.0,-0.5,1.52,3.3,229,0,59540.0,0,0.208,0.0,75.0,0,0.0,0,0,0.0,-1,-1,-1,-1,0.0,0.0
2026-03-10T14:00,0.0,0.0,0.0,0.0,-2.1,2.06,3.1,219,0,59120.0,0,0.208,0.0,65.0,0,0.0,0,0,0.0,-1,-1,-1,-1,0.0,0.0
2026-03-10T15:00,0.0,0.0,0.0,0.0,-3.6,2.11,3.6,265,0,59100.0,0,0.208,0.0,110.0,0,0.0,0,0,0.0,-1,-1,-1,-1,0.0,0.0
2026-03-10T16:00,0.0,0.0,0.0,0.0,-3.2,0.84,3.4,287,0,59080.0,0,0.208,0.0,70.0,0,0.0,0,0,0.0,-1,-1,-1,-1,0.0,0.0
2026-03-10T17:00,0.0,0.0,0.0,0.0,-3.1,0.43,1.8,249,0,59060.0,0,0.208,0.0,30.0,0,0.0,0,0,0.0,-1,-1,-1,-1,0.0,0.0
2026-03-10T18:00,0.0,0.0,0.0,0.0,-3.1,0.05,1.2,90,17,59040.0,0,0.208,0.0,10.0,0,0.0,0,0,0.0,-1,-1,-1,-1,0.0,0.0
2026-03-10T19:00,0.0,0.0,0.0,0.0,-3.5,0.2,0.8,90,0,59000.0,0,0.208,0.0,15.0,0,0.0,0,0,0.0,-1,-1,-1,-1,0.0,0.0
2026-03-10T20:00,0.0,0.0,0.0,0.0,-3.7,0.21,1.0,104,0,58980.0,0,0.208,0.0,15.0,0,0.0,0,0,0.0,-1,-1,-1,-1,0.0,0.0
2026-03-10T21:00,0.0,0.0,0.0,0.0,-4.0,0.07,1.0,45,30,58960.0,0,0.208,0.0,10.0,0,0.0,1,0,0.0,-1,-1,-1,-1,0.0,0.0
2026-03-10T22:00,0.0,0.0,0.0,0.0,-4.7,0.58,1.1,121,95,58940.0,0,0.208,0.0,30.0,0,0.0,3,0,0.0,-1,-1,-1,-1,0.0,0.0
2026-03-10T23:00,0.0,0.0,0.0,0.0,-4.8,0.87,1.5,103,62,58920.0,0,0.208,10.0,30.0,0,0.0,2,0,0.0,-1,-1,-1,-1,0.0,0.0
2026-03-11T00:00,0.0,0.0,0.0,0.0,-4.9,1.12,1.6,69,99,58900.0,0,0.208,20.0,25.0,0,0.0,3,0,0.0,-1,-1,-1,-1,0.0,0.0
2026-03-11T01:00,0.0,0.0,0.0,0.0,-3.3,1.6,2.9,76,98,58880.0,1,0.208,20.0,30.0,0,0.0,3,0,0.0,-1,-1,-1,-1,0.0,0.0
2026-03-11T02:00,0.0,0.0,0.0,0.0,0.2,0.3,3.1,81,78,58860.0,1,0.208,0.0,155.0,0,0.0,2,0,0.0,-1,-1,-1,-1,0.0,0.0
2026-03-11T03:00,0.0,0.0,0.0,0.0,2.8,2.12,5.2,262,70,58840.0,1,0.208,0.0,845.0,0,0.0,2,0,0.0,-1,-1,-1,-1,0.0,0.0
2026-03-11T04:00,0.0,0.0,0.0,0.0,5.2,4.65,9.6,258,96,58800.0,1,0.208,0.0,1975.0,0,0.0,3,0,0.0,-1,-1,-1,-1,0.0,0.0
2026-03-11T05:00,0.0,0.0,0.0,0.0,6.8,5.07,10.3,283,59,58780.0,1,0.208,0.0,3470.0,0,0.0,2,0,0.0,-1,-1,-1,-1,0.0,0.0
2026-03-11T06:00,0.0,0.0,0.0,0.0,7.4,5.96,11.6,294,82,58760.0,1,0.207,70.0,3895.0,0,0.0,3,0,0.0,-1,-1,-1,-1,0.0,0.0
2026-03-11T07:00,0.0,0.0,0.0,0.0,7.4,6.65,12.7,302,81,58740.0,1,0.207,90.0,4190.0,0,0.0,3,0,0.0,-1,-1,-1,-1,0.0,0.0
2026-03-11T08:00,0.0,0.0,0.0,0.0,8.0,6.45,12.7,293,53,58720.0,1,0.206,90.0,4990.0,0,0.0,2,0,0.0,-1,-1,-1,-1,0.0,0.0
2026-03-11T09:00,0.0,0.0,0.0,0.0,7.9,6.33,12.3,282,86,59100.0,1,0.205,100.0,4885.0,0,0.0,3,0,0.0,-1,-1,-1,-1,0.0,0.0
2026-03-11T10:00,0.0,0.0,0.0,0.0,7.2,6.22,11.8,281,48,59080.0,1,0.204,80.0,4810.0,0,0.0,1,0,0.0,-1,-1,-1,-1,0.0,0.0
2026-03-11T11:00,0.0,0.0,0.0,0.0,5.1,4.45,11.1,278,2,58660.0,1,0.204,20.0,1345.0,0,0.0,0,0,0.0,-1,-1,-1,-1,0.0,0.0
2026-03-11T12:00,0.0,0.0,0.0,0.0,-0.3,2.48,7.4,261,20,58640.0,0,0.204,10.0,130.0,0,0.0,1,0,0.0,-1,-1,-1,-1,0.0,0.0
2026-03-11T13:00,0.0,0.0,0.0,0.0,-1.1,2.62,4.2,257,9,58600.0,0,0.204,0.0,230.0,1,0.0,0,0,0.0,-1,-1,-1,-1,0.0,0.0
2026-03-11T14:00,0.0,0.0,0.0,0.0,-2.7,2.45,4.4,250,2,58580.0,0,0.204,0.0,145.0,1,0.0,0,0,0.0,-1,-1,-1,-1,0.0,0.0
2026-03-11T15:00,0.0,0.0,0.0,0.0,-4.0,1.98,4.0,223,0,58560.0,0,0.204,0.0,75.0,1,0.0,0,0,0.0,-1,-1,-1,-1,0.0,0.0
2026-03-11T16:00,0.0,0.0,0.0,0.0,-3.9,2.24,3.5,219,84,58540.0,0,0.204,0.0,90.0,1,0.0,3,0,0.0,-1,-1,-1,-1,0.0,0.0
2026-03-11T17:00,0.0,0.0,0.0,0.0,-2.5,1.27,3.5,228,100,58520.0,0,0.204,0.0,75.0,1,0.0,3,0,0.0,-1,-1,-1,-1,0.0,0.0
2026-03-11T18:00,0.0,0.0,0.0,0.0,-1.4,1.87,2.3,200,100,58500.0,0,0.204,0.0,125.0,0,0.0,3,0,0.0,-1,-1,-1,-1,0.0,0.0
2026-03-11T19:00,0.0,0.0,0.0,0.0,-2.0,1.72,3.1,172,98,58480.0,0,0.204,10.0,50.0,0,0.0,3,0,0.0,-1,-1,-1,-1,0.0,0.0
2026-03-11T20:00,0.0,0.0,0.0,0.0,-2.3,0.67,2.8,138,98,58460.0,0,0.204,0.0,25.0,0,0.0,3,0,0.0,-1,-1,-1,-1,0.0,0.0
2026-03-11T21:00,0.0,0.0,0.0,0.0,-2.2,0.27,1.6,22,99,58440.0,0,0.204,0.0,15.0,0,0.0,3,0,0.0,-1,-1,-1,-1,0.0,0.0
2026-03-11T22:00,0.0,0.0,0.0,0.0,-3.1,0.35,1.2,45,100,58420.0,0,0.204,10.0,15.0,0,0.0,3,0,0.0,-1,-1,-1,-1,0.0,0.0
2026-03-11T23:00,0.0,0.0,0.0,0.0,-2.2,1.03,2.0,346,100,58380.0,0,0.204,10.0,35.0,0,0.0,3,0,0.0,-1,-1,-1,-1,0.0,0.0
2026-03-12T00:00,0.0,0.0,0.0,0.0,-2.4,1.04,2.2,107,38,58080.0,0,0.204,30.0,25.0,0,0.0,1,0,0.0,-1,-1,-1,-1,0.0,0.0
2026-03-12T01:00,0.0,0.0,0.0,0.0,-1.5,0.35,2.1,45,1,58060.0,1,0.204,10.0,15.0,0,0.0,0,0,0.0,-1,-1,-1,-1,0.0,0.0
2026-03-12T02:00,0.0,0.0,0.0,0.0,1.6,0.89,3.4,333,0,58320.0,1,0.204,0.0,605.0,0,0.0,0,0,0.0,-1,-1,-1,-1,0.0,0.0
2026-03-12T03:00,0.0,0.0,0.0,0.0,4.8,3.67,7.3,259,0,58300.0,1,0.204,0.0,2290.0,0,0.0,0,0,0.0,-1,-1,-1,-1,0.0,0.0
2026-03-12T04:00,0.0,0.0,0.0,0.0,6.7,7.15,13.3,284,25,58280.0,1,0.204,10.0,3655.0,0,0.0,1,0,0.0,-1,-1,-1,-1,0.0,0.0
2026-03-12T05:00,0.0,0.0,0.0,0.0,8.3,6.8,13.5,277,83,58660.0,1,0.204,20.0,4410.0,0,0.0,3,0,0.0,-1,-1,-1,-1,0.0,0.0
2026-03-12T06:00,0.0,0.0,0.0,0.0,7.6,6.87,14.3,278,1,58240.0,1,0.205,40.0,4170.0,0,0.0,0,0,0.0,-1,-1,-1,-1,0.0,0.0
2026-03-12T07:00,0.0,0.0,0.0,0.0,8.1,7.36,13.8,267,30,58620.0,1,0.204,0.0,4200.0,0,0.0,1,0,0.0,-1,-1,-1,-1,0.0,0.0
2026-03-12T08:00,0.0,0.0,0.0,0.0,8.3,8.4,15.4,270,31,58600.0,1,0.203,40.0,4660.0,0,0.0,1,0,0.0,-1,-1,-1,-1,0.0,0.0
2026-03-12T09:00,0.0,0.0,0.0,0.0,8.3,6.77,15.3,265,17,58580.0,1,0.202,40.0,5230.0,0,0.0,0,0,0.0,-1,-1,-1,-1,0.0,0.0
2026-03-12T10:00,0.0,0.0,0.0,0.0,7.3,5.79,12.4,253,41,58560.0,1,0.201,40.0,4530.0,0,0.0,1,0,0.0,-1,-1,-1,-1,0.0,0.0
2026-03-12T11:00,0.0,0.0,0.0,0.0,5.6,4.72,10.6,242,63,58120.0,1,0.201,10.0,1165.0,0,0.0,2,0,0.0,-1,-1,-1,-1,0.0,0.0
2026-03-12T12:00,0.0,0.0,0.0,0.0,0.1,2.12,8.0,161,27,57820.0,0,0.199,0.0,85.0,0,0.0,1,0,0.0,-1,-1,-1,-1,0.0,0.0
2026-03-12T13:00,0.0,0.0,0.0,0.0,-0.4,2.18,3.3,143,13,58080.0,0,0.199,0.0,60.0,0,0.0,0,0,0.0,-1,-1,-1,-1,0.0,0.0
2026-03-12T14:00,0.0,0.0,0.0,0.0,-0.6,6.12,9.4,185,97,57760.0,0,0.199,0.0,420.0,0,0.0,3,0,0.0,-1,-1,-1,-1,0.0,0.0
2026-03-12T15:00,0.0,0.0,0.0,0.0,-0.8,5.65,10.6,182,67,57340.0,0,0.199,0.0,390.0,0,0.0,2,0,0.0,-1,-1,-1,-1,0.0,0.0
2026-03-12T16:00,0.0,0.0,0.0,0.0,-1.0,4.81,9.4,189,17,57320.0,0,0.199,0.0,480.0,0,0.0,0,0,0.0,-1,-1,-1,-1,0.0,0.0
2026-03-12T17:00,0.0,0.0,0.0,0.0,-1.3,4.26,8.3,185,100,57300.0,0,0.199,30.0,470.0,0,0.0,3,0,0.0,-1,-1,-1,-1,0.0,0.0
2026-03-12T18:00,0.0,0.0,0.0,0.0,-0.3,5.64,7.3,187,99,57280.0,0,0.198,40.0,610.0,0,0.0,3,0,0.0,-1,-1,-1,-1,0.0,0.0
2026-03-12T19:00,0.0,1.0,0.14,0.0,-0.4,5.15,10.8,179,100,57260.0,0,0.198,20.0,540.0,0,0.0,85,0,0.0,-1,-1,-1,-1,0.0,0.0
2026-03-12T20:00,0.0,0.0,0.0,0.0,-1.8,1.83,9.9,145,70,56100.0,0,0.198,10.0,115.0,0,0.0,2,0,0.0,-1,-1,-1,-1,0.0,0.0
2026-03-12T21:00,0.0,1.0,0.07,0.0,-2.7,0.45,3.2,6,99,56080.0,0,0.198,0.0,30.0,0,0.0,85,0,0.0,-1,-1,-1,-1,0.0,0.0
2026-03-12T22:00,0.0,1.0,0.07,0.0,-3.1,0.65,4.3,4,98,53280.0,0,0.198,30.0,170.0,0,0.0,85,0,0.0,-1,-1,-1,-1,0.0,0.0
2026-03-12T23:00,0.0,1.0,0.14,0.0,-3.0,2.38,5.5,229,99,49920.0,0,0.198,60.0,225.0,0,0.0,85,0,0.0,-1,-1,-1,-1,0.0,0.0
2026-03-13T00:00,0.0,1.0,0.07,0.0,-2.8,1.28,8.1,291,100,7100.0,0,0.198,100.0,355.0,0,0.0,85,0,0.0,-1,-1,-1,-1,0.0,0.0
2026-03-13T01:00,0.0,0.75,0.28,0.0,-1.8,3.47,6.0,224,98,32620.0,1,0.198,20.0,525.0,0,0.0,85,0,0.0,-1,-1,-1,-1,0.0,0.0
2026-03-13T02:00,0.0,0.5,0.14,0.0,-1.2,4.38,8.6,207,100,32060.0,1,0.199,160.0,610.0,0,0.0,85,0,0.0,-1,-1,-1,-1,0.0,0.0
2026-03-13T03:00,0.0,1.0,0.07,0.01,0.5,6.95,12.0,220,100,27240.0,1,0.199,140.0,865.0,0,0.0,85,0,0.0,-1,-1,-1,-1,0.0,0.0
2026-03-13T04:00,0.0,0.5,0.14,0.01,1.6,7.14,14.4,241,100,23540.0,1,0.198,110.0,1685.0,0,0.0,85,0,0.0,-1,-1,-1,-1,0.0,0.0
2026-03-13T05:00,0.0,1.0,0.07,0.01,1.9,7.42,14.1,256,100,27660.0,1,0.198,20.0,1565.0,0,0.0,85,0,0.0,-1,-1,-1,-1,0.0,0.0
2026-03-13T06:00,0.0,0.0,0.0,0.01,2.2,6.46,13.6,267,100,40260.0,1,0.198,30.0,2075.0,0,0.0,3,0,0.0,-1,-1,-1,-1,0.0,0.0
2026-03-13T07:00,0.0,0.0,0.0,0.01,3.8,7.7,14.2,270,100,47060.0,1,0.198,0.0,2655.0,0,0.0,3,0,0.0,-1,-1,-1,-1,0.0,0.0
2026-03-13T08:00,0.0,0.0,0.0,0.01,3.7,8.21,14.9,263,100,39080.0,1,0.197,0.0,2610.0,0,0.0,3,0,0.0,-1,-1,-1,-1,0.0,0.0
2026-03-13T09:00,0.0,0.0,0.0,0.0,4.4,8.44,15.2,258,98,56920.0,1,0.197,10.0,3440.0,0,0.0,3,0,0.0,-1,-1,-1,-1,0.0,0.0
2026-03-13T10:00,0.0,0.0,0.0,0.0,4.1,6.91,14.9,236,73,58040.0,1,0.196,0.0,3435.0,0,0.0,2,0,0.0,-1,-1,-1,-1,0.0,0.0
2026-03-13T11:00,0.0,0.0,0.0,0.0,3.0,9.22,15.6,266,11,58020.0,1,0.196,0.0,3120.0,0,0.0,0,0,0.0,-1,-1,-1,-1,0.0,0.0
2026-03-13T12:00,0.0,0.0,0.0,0.0,-1.0,4.87,15.5,310,62,57580.0,0,0.195,0.0,490.0,0,0.0,2,0,0.0,-1,-1,-1,-1,0.0,0.0
2026-03-13T13:00,0.0,0.0,0.0,0.0,-3.1,2.62,8.1,329,57,57560.0,0,0.195,0.0,155.0,0,0.0,2,0,0.0,-1,-1,-1,-1,0.0,0.0
2026-03-13T14:00,0.0,0.0,0.0,0.0,-4.1,1.77,4.3,335,45,57540.0,0,0.195,0.0,110.0,0,0.0,1,0,0.0,-1,-1,-1,-1,0.0,0.0
2026-03-13T15:00,0.0,0.0,0.0,0.0,-4.5,1.48,3.1,204,0,57520.0,0,0.195,0.0,70.0,0,0.0,0,0,0.0,-1,-1,-1,-1,0.0,0.0
2026-03-13T16:00,0.0,0.0,0.0,0.0,-5.5,2.38,3.7,172,0,57220.0,0,0.195,0.0,80.0,0,0.0,0,0,0.0,-1,-1,-1,-1,0.0,0.0
2026-03-13T17:00,0.0,0.0,0.0,0.0,-5.2,3.0,5.0,210,0,56780.0,0,0.195,0.0,205.0,0,0.0,0,0,0.0,-1,-1,-1,-1,0.0,0.0
2026-03-13T18:00,0.0,0.0,0.0,0.0,-5.7,2.69,5.3,222,0,57160.0,0,0.195,0.0,145.0,0,0.0,0,0,0.0,-1,-1,-1,-1,0.0,0.0
2026-03-13T19:00,0.0,0.0,0.0,0.0,-5.6,3.0,5.2,237,0,57140.0,0,0.195,0.0,195.0,0,0.0,0,0,0.0,-1,-1,-1,-1,0.0,0.0
2026-03-13T20:00,0.0,0.0,0.0,0.0,-6.3,2.45,5.2,237,1,57120.0,0,0.195,0.0,135.0,0,0.0,0,0,0.0,-1,-1,-1,-1,0.0,0.0
2026-03-13T21:00,0.0,0.0,0.0,0.0,-6.6,2.42,4.2,246,0,57100.0,0,0.195,0.0,175.0,0,0.0,0,0,0.0,-1,-1,-1,-1,0.0,0.0
2026-03-13T22:00,0.0,0.0,0.0,0.0,-6.4,2.25,4.2,269,0,57080.0,0,0.195,0.0,195.0,0,0.0,0,0,0.0,-1,-1,-1,-1,0.0,0.0
2026-03-13T23:00,0.0,0.0,0.0,0.0,-6.7,2.07,3.8,255,0,57060.0,0,0.195,0.0,185.0,0,0.0,0,0,0.0,-1,-1,-1,-1,0.0,0.0
2026-03-14T00:00,0.0,0.0,0.0,0.0,-6.1,1.01,3.4,110,82,57040.0,0,0.195,0.0,30.0,0,0.0,3,0,0.0,-1,-1,-1,-1,0.0,0.0
2026-03-14T01:00,0.0,0.0,0.0,0.0,-4.7,2.21,3.8,115,66,57020.0,1,0.195,0.0,80.0,0,0.0,2,0,0.0,-1,-1,-1,-1,0.0,0.0
2026-03-14T02:00,0.0,0.0,0.0,0.0,-1.8,1.97,5.1,171,34,57300.0,1,0.195,0.0,565.0,0,0.0,1,0,0.0,-1,-1,-1,-1,0.0,0.0
2026-03-14T03:00,0.0,0.0,0.0,0.0,0.4,2.35,6.2,218,26,57260.0,1,0.195,10.0,2030.0,0,0.0,1,0,0.0,-1,-1,-1,-1,0.0,0.0
2026-03-14T04:00,0.0,0.0,0.0,0.0,2.0,3.38,8.0,245,47,57660.0,1,0.195,20.0,3080.0,0,0.0,1,0,0.0,-1,-1,-1,-1,0.0,0.0
2026-03-14T05:00,0.0,0.0,0.0,0.0,4.1,5.82,11.0,256,74,57620.0,1,0.195,20.0,4660.0,0,0.0,2,0,0.0,-1,-1,-1,-1,0.0,0.0
2026-03-14T06:00,0.0,0.0,0.0,0.0,4.3,7.1,14.5,260,58,57600.0,1,0.195,30.0,4690.0,0,0.0,2,0,0.0,-1,-1,-1,-1,0.0,0.0
2026-03-14T07:00,0.0,0.0,0.0,0.0,4.9,7.68,14.6,265,48,57580.0,1,0.195,30.0,4685.0,0,0.0,1,0,0.0,-1,-1,-1,-1,0.0,0.0
2026-03-14T08:00,0.0,0.0,0.0,0.0,5.0,8.13,15.0,260,50,57560.0,1,0.194,30.0,4850.0,0,0.0,2,0,0.0,-1,-1,-1,-1,0.0,0.0
2026-03-14T09:00,0.0,0.0,0.0,0.0,4.5,8.9,15.9,256,30,57540.0,1,0.193,20.0,4985.0,0,0.0,1,0,0.0,-1,-1,-1,-1,0.0,0.0
2026-03-14T10:00,0.0,0.0,0.0,0.0,3.9,8.03,16.0,265,72,57520.0,1,0.193,20.0,4995.0,0,0.0,2,0,0.0,-1,-1,-1,-1,0.0,0.0
2026-03-14T11:00,0.0,0.0,0.0,0.0,2.3,6.28,14.0,296,8,57100.0,1,0.192,40.0,3010.0,0,0.0,0,0,0.0,-1,-1,-1,-1,0.0,0.0
2026-03-14T12:00,0.0,0.0,0.0,0.0,-1.3,3.77,10.3,305,7,57080.0,0,0.192,0.0,315.0,0,0.0,0,0,0.0,-1,-1,-1,-1,0.0,0.0
2026-03-14T13:00,0.0,0.0,0.0,0.0,-3.7,2.66,6.2,344,100,57060.0,0,0.192,0.0,155.0,0,0.0,3,0,0.0,-1,-1,-1,-1,0.0,0.0
2026-03-14T14:00,0.0,0.0,0.0,0.0,-3.5,0.59,4.3,340,93,57040.0,0,0.192,0.0,40.0,0,0.0,3,0,0.0,-1,-1,-1,-1,0.0,0.0
2026-03-14T15:00,0.0,0.0,0.0,0.0,-4.0,0.28,1.5,135,0,57020.0,0,0.192,0.0,20.0,0,0.0,0,0,0.0,-1,-1,-1,-1,0.0,0.0
2026-03-14T16:00,0.0,0.0,0.0,0.0,-5.4,1.59,2.3,118,8,57000.0,0,0.192,0.0,40.0,1,0.0,0,0,0.0,-1,-1,-1,-1,0.0,0.0
2026-03-14T17:00,0.0,0.0,0.0,0.0,-5.9,1.94,3.1,136,100,56980.0,0,0.192,0.0,45.0,0,0.0,3,0,0.0,-1,-1,-1,-1,0.0,0.0
2026-03-14T18:00,0.0,0.0,0.0,0.0,-4.8,1.9,3.2,182,77,56960.0,0,0.192,0.0,95.0,0,0.0,2,0,0.0,-1,-1,-1,-1,0.0,0.0
2026-03-14T19:00,0.0,0.0,0.0,0.0,-4.8,0.46,3.0,257,100,56940.0,0,0.192,0.0,25.0,1,0.0,3,0,0.0,-1,-1,-1,-1,0.0,0.0
2026-03-14T20:00,0.0,0.0,0.0,0.0,-4.8,0.66,1.4,351,100,56920.0,0,0.192,0.0,30.0,1,0.0,3,0,0.0,-1,-1,-1,-1,0.0,0.0
2026-03-14T21:00,0.0,0.0,0.0,0.0,-4.2,0.34,1.3,27,100,56900.0,0,0.192,10.0,20.0,0,0.0,3,0,0.0,-1,-1,-1,-1,0.0,0.0
2026-03-14T22:00,0.0,0.0,0.0,0.0,-4.0,0.29,0.8,31,100,53700.0,0,0.192,10.0,20.0,0,0.0,3,0,0.0,-1,-1,-1,-1,0.0,0.0
2026-03-14T23:00,0.0,0.0,0.0,0.0,-4.2,0.76,1.3,58,100,52380.0,0,0.192,10.0,30.0,0,0.0,3,0,0.0,-1,-1,-1,-1,0.0,0.0
2026-03-15T00:00,0.0,0.0,0.0,0.0,-5.1,1.32,2.6,53,100,54940.0,0,0.193,0.0,45.0,0,0.0,3,0,0.0,-1,-1,-1,-1,0.0,0.0
2026-03-15T01:00,0.0,0.0,0.0,0.0,-3.5,3.72,5.9,41,20,53540.0,1,0.193,0.0,415.0,0,0.0,1,0,0.0,-1,-1,-1,-1,0.0,0.0
2026-03-15T02:00,0.0,0.0,0.0,0.0,-2.3,5.15,9.7,40,73,56780.0,1,0.193,0.0,585.0,0,0.0,2,0,0.0,-1,-1,-1,-1,0.0,0.0
2026-03-15T03:00,0.0,0.0,0.0,0.0,-0.2,3.76,9.7,60,99,56760.0,1,0.193,0.0,1340.0,0,0.0,3,0,0.0,-1,-1,-1,-1,0.0,0.0
2026-03-15T04:00,0.0,0.0,0.0,0.0,1.3,1.82,8.1,99,100,56740.0,1,0.193,0.0,2110.0,0,0.0,3,0,0.0,-1,-1,-1,-1,0.0,0.0
2026-03-15T05:00,0.0,0.0,0.0,0.0,2.0,1.23,6.0,192,100,56300.0,1,0.193,0.0,2475.0,0,0.0,3,0,0.0,-1,-1,-1,-1,0.0,0.0
2026-03-15T06:00,0.0,0.0,0.0,0.0,1.4,1.88,6.8,209,100,39760.0,1,0.192,10.0,2345.0,0,0.0,3,0,0.0,-1,-1,-1,-1,0.0,0.0
2026-03-15T07:00,0.0,0.0,0.0,0.0,1.3,2.26,6.2,208,100,35260.0,1,0.192,10.0,2205.0,0,0.0,3,0,0.0,-1,-1,-1,-1,0.0,0.0
2026-03-15T08:00,0.0,0.0,0.0,0.0,1.3,2.26,6.4,223,90,34200.0,1,0.192,10.0,2095.0,0,0.0,3,0,0.0,-1,-1,-1,-1,0.0,0.0
2026-03-15T09:00,0.0,0.0,0.0,0.0,1.3,1.45,6.3,224,98,53080.0,1,0.191,0.0,2050.0,0,0.0,3,0,0.0,-1,-1,-1,-1,0.0,0.0
2026-03-15T10:00,0.0,1.0,0.07,0.0,1.3,2.09,5.3,230,100,55800.0,1,0.191,0.0,2210.0,1,0.0,85,0,0.0,-1,-1,-1,-1,0.0,0.0
2026-03-15T11:00,0.0,0.0,0.0,0.0,0.2,2.55,5.3,235,100,56320.0,1,0.191,0.0,1920.0,1,0.0,3,0,0.0,-1,-1,-1,-1,0.0,0.0
2026-03-15T12:00,0.0,0.0,0.0,0.0,-1.9,4.3,4.9,220,93,54780.0,0,0.19,10.0,370.0,0,0.0,3,0,0.0,-1,-1,-1,-1,0.0,0.0
2026-03-15T13:00,0.0,0.0,0.0,0.0,-3.6,2.46,7.4,209,88,53700.0,0,0.19,20.0,240.0,1,0.0,3,0,0.0,-1,-1,-1,-1,0.0,0.0
2026-03-15T14:00,0.0,0.0,0.0,0.0,-4.4,1.65,4.2,177,88,54740.0,0,0.19,0.0,110.0,1,0.0,3,0,0.0,-1,-1,-1,-1,0.0,0.0
2026-03-15T15:00,0.0,0.0,0.0,0.0,-4.8,1.84,3.0,133,1,54020.0,0,0.19,0.0,70.0,0,0.0,0,0,0.0,-1,-1,-1,-1,0.0,0.0
2026-03-15T16:00,0.0,0.0,0.0,0.0,-5.8,1.9,3.9,120,5,53100.0,0,0.19,0.0,70.0,0,0.0,0,0,0.0,-1,-1,-1,-1,0.0,0.0
2026-03-15T17:00,0.0,0.0,0.0,0.0,-6.2,1.08,3.1,103,95,53080.0,0,0.19,0.0,35.0,0,0.0,3,0,0.0,-1,-1,-1,-1,0.0,0.0
2026-03-15T18:00,0.0,0.0,0.0,0.0,-5.4,1.17,1.8,140,63,54660.0,0,0.19,0.0,195.0,0,0.0,2,0,0.0,-1,-1,-1,-1,0.0,0.0
2026-03-15T19:00,0.0,0.0,0.0,0.0,-6.0,1.12,2.1,117,37,53940.0,0,0.19,0.0,55.0,1,0.0,1,0,0.0,-1,-1,-1,-1,0.0,0.0
2026-03-15T20:00,0.0,0.0,0.0,0.0,-6.6,1.1,2.0,87,9,53920.0,0,0.19,0.0,35.0,1,0.0,0,0,0.0,-1,-1,-1,-1,0.0,0.0
2026-03-15T21:00,0.0,0.0,0.0,0.0,-6.9,1.32,2.3,81,56,53000.0,0,0.19,0.0,30.0,0,0.0,2,0,0.0,-1,-1,-1,-1,0.0,0.0
2026-03-15T22:00,0.0,0.0,0.0,0.0,-6.9,1.42,2.5,80,100,48460.0,0,0.191,0.0,35.0,1,0.0,3,0,0.0,-1,-1,-1,-1,0.0,0.0
2026-03-15T23:00,0.0,0.0,0.0,0.0,-5.8,2.31,3.7,96,100,41980.0,0,0.191,0.0,75.0,0,0.0,3,0,0.0,-1,-1,-1,-1,0.0,0.0
2026-03-16T00:00,0.0,0.0,0.0,0.0,-6.4,2.86,4.2,123,62,47280.0,0,0.191,10.0,215.0,0,0.0,2,0,0.0,-1,-1,-1,-1,0.0,0.0
2026-03-16T01:00,0.0,0.0,0.0,0.0,-4.6,3.37,6.0,139,90,49700.0,1,0.191,10.0,465.0,0,0.0,3,0,0.0,-1,-1,-1,-1,0.0,0.0
2026-03-16T02:00,0.0,0.0,0.0,0.0,-2.1,3.91,8.0,170,95,54500.0,1,0.191,60.0,1175.0,0,0.0,3,0,0.0,-1,-1,-1,-1,0.0,0.0
2026-03-16T03:00,0.0,0.0,0.0,0.0,0.4,7.0,12.9,226,100,43180.0,1,0.191,100.0,2365.0,0,0.0,3,0,0.0,-1,-1,-1,-1,0.0,0.0
2026-03-16T04:00,0.0,1.0,0.42,0.0,1.1,7.28,14.0,233,99,50640.0,1,0.191,170.0,2145.0,0,0.0,85,0,0.0,-1,-1,-1,-1,0.0,0.0
2026-03-16T05:00,0.0,1.0,0.28,0.01,2.0,8.1,14.8,223,100,47680.0,1,0.191,140.0,2870.0,0,0.0,85,0,0.0,-1,-1,-1,-1,0.0,0.0
2026-03-16T06:00,0.0,1.0,0.42,0.01,1.3,7.44,15.8,234,96,52720.0,1,0.191,140.0,2780.0,0,0.0,85,0,0.0,-1,-1,-1,-1,0.0,0.0
2026-03-16T07:00,0.0,0.0,0.0,0.01,2.2,9.95,17.6,243,75,56200.0,1,0.191,80.0,3275.0,0,0.0,2,0,0.0,-1,-1,-1,-1,0.0,0.0
2026-03-16T08:00,0.0,0.0,0.0,0.01,2.1,11.29,19.7,245,89,56180.0,1,0.19,10.0,3305.0,0,0.0,3,0,0.0,-1,-1,-1,-1,0.0,0.0
2026-03-16T09:00,0.0,0.0,0.0,0.01,1.2,10.77,20.2,247,52,56160.0,1,0.19,10.0,3145.0,0,0.0,2,0,0.0,-1,-1,-1,-1,0.0,0.0
2026-03-16T10:00,0.0,0.0,0.0,0.01,1.0,10.01,18.9,252,77,56140.0,1,0.19,30.0,3615.0,0,0.0,2,0,0.0,-1,-1,-1,-1,0.0,0.0
2026-03-16T11:00,0.0,0.0,0.0,0.01,0.1,8.86,17.3,258,43,56120.0,1,0.19,20.0,3655.0,0,0.0,1,0,0.0,-1,-1,-1,-1,0.0,0.0
2026-03-16T12:00,0.0,0.0,0.0,0.01,-2.6,2.46,14.6,276,100,55800.0,0,0.19,20.0,350.0,0,0.0,3,0,0.0,-1,-1,-1,-1,0.0,0.0
2026-03-16T13:00,0.0,0.0,0.0,0.01,-4.4,3.76,7.3,209,99,34040.0,0,0.19,10.0,390.0,0,0.0,3,0,0.0,-1,-1,-1,-1,0.0,0.0
2026-03-16T14:00,0.0,0.0,0.0,0.01,-4.2,0.27,7.4,22,100,54260.0,0,0.19,30.0,30.0,0,0.0,3,0,0.0,-1,-1,-1,-1,0.0,0.0
2026-03-16T15:00,0.0,1.0,0.07,0.01,-5.5,1.12,3.2,333,100,45400.0,0,0.19,30.0,70.0,0,0.0,85,0,0.0,-1,-1,-1,-1,0.0,0.0
2026-03-16T16:00,0.0,0.0,0.0,0.01,-4.2,2.94,4.8,235,98,16060.0,0,0.19,0.0,565.0,0,0.0,3,0,0.0,-1,-1,-1,-1,0.0,0.0
2026-03-16T17:00,0.0,0.0,0.07,0.01,-4.9,4.18,7.7,229,100,11820.0,0,0.19,0.0,630.0,0,0.0,71,0,0.0,-1,-1,-1,-1,0.0,0.0
2026-03-16T18:00,0.0,0.5,0.14,0.01,-4.8,3.78,7.0,241,99,13600.0,0,0.19,0.0,965.0,0,0.0,85,0,0.0,-1,-1,-1,-1,0.0,0.0
2026-03-16T19:00,0.0,0.0,0.07,0.01,-6.0,4.55,7.6,237,99,11300.0,0,0.19,20.0,475.0,0,0.0,71,0,0.0,-1,-1,-1,-1,0.0,0.0
2026-03-16T20:00,0.0,0.0,0.07,0.01,-6.3,2.56,7.6,249,85,20320.0,0,0.19,20.0,300.0,0,0.0,71,0,0.0,-1,-1,-1,-1,0.0,0.0
2026-03-16T21:00,0.0,0.0,0.0,0.01,-6.8,1.42,4.2,219,84,38500.0,0,0.19,10.0,195.0,0,0.0,3,0,0.0,-1,-1,-1,-1,0.0,0.0
2026-03-16T22:00,0.0,1.0,0.21,0.02,-7.9,4.03,7.7,242,86,21060.0,0,0.19,30.0,575.0,0,0.0,85,0,0.0,-1,-1,-1,-1,0.0,0.0
2026-03-16T23:00,0.0,1.0,1.12,0.03,-9.0,1.25,7.5,254,81,29540.0,0,0.19,20.0,340.0,0,0.0,86,1,0.0,0,0,1,173,0.0,0.6
2026-03-17T00:00,0.0,1.0,0.07,0.0,-8.0,2.96,5.2,254,100,12380.0,1,0.19,90.0,605.0,0,0.0,85,0,0.0,-1,-1,-1,-1,0.0,0.0
2026-03-17T01:00,0.0,0.0,0.07,0.0,-6.7,5.09,10.3,250,99,39420.0,1,0.19,90.0,1210.0,0,0.0,71,0,0.0,-1,-1,-1,-1,0.0,0.0
2026-03-17T02:00,0.0,0.0,0.0,0.0,-5.3,6.55,12.5,248,93,45100.0,1,0.19,90.0,1945.0,0,0.0,3,0,0.0,-1,-1,-1,-1,0.0,0.0
2026-03-17T03:00,0.0,0.0,0.0,0.0,-3.9,8.1,14.9,252,96,45760.0,1,0.19,20.0,2340.0,0,0.0,3,0,0.0,-1,-1,-1,-1,0.0,0.0
2026-03-17T04:00,0.0,0.0,0.0,0.0,-2.5,8.26,15.2,253,89,55760.0,1,0.19,0.0,2920.0,0,0.0,3,0,0.0,-1,-1,-1,-1,0.0,0.0
2026-03-17T05:00,0.0,0.0,0.0,0.0,-0.6,9.43,17.3,247,98,55720.0,1,0.19,20.0,4420.0,0,0.0,3,0,0.0,-1,-1,-1,-1,0.0,0.0
2026-03-17T06:00,0.0,0.0,0.0,0.0,-0.5,9.22,18.2,246,52,55700.0,1,0.19,40.0,4410.0,0,0.0,2,0,0.0,-1,-1,-1,-1,0.0,0.0
2026-03-17T07:00,0.0,0.0,0.0,0.0,0.0,9.47,17.6,247,98,55400.0,1,0.19,50.0,4665.0,0,0.0,3,0,0.0,-1,-1,-1,-1,0.0,0.0
2026-03-17T08:00,0.0,0.0,0.0,0.0,-0.2,9.72,17.9,249,70,55660.0,1,0.19,50.0,4555.0,0,0.0,2,0,0.0,-1,-1,-1,-1,0.0,0.0
2026-03-17T09:00,0.0,0.0,0.0,0.0,-0.9,9.21,17.9,254,63,55640.0,1,0.19,30.0,4110.0,0,0.0,2,0,0.0,-1,-1,-1,-1,0.0,0.0
2026-03-17T10:00,0.0,0.0,0.0,0.0,-1.7,7.9,16.7,259,85,55620.0,1,0.19,20.0,3310.0,0,0.0,3,0,0.0,-1,-1,-1,-1,0.0,0.0
2026-03-17T11:00,0.0,0.0,0.0,0.0,-3.1,7.52,14.4,255,97,55600.0,1,0.19,0.0,2320.0,0,0.0,3,0,0.0,-1,-1,-1,-1,0.0,0.0
2026-03-17T12:00,0.0,0.0,0.0,0.0,-4.5,5.6,13.1,247,99,52020.0,1,0.19,10.0,1555.0,0,0.0,3,0,0.0,-1,-1,-1,-1,0.0,0.0
2026-03-17T13:00,0.0,0.0,0.0,0.0,-5.1,5.29,9.5,247,100,55280.0,0,0.19,0.0,1010.0,0,0.0,3,0,0.0,-1,-1,-1,-1,0.0,0.0
2026-03-17T14:00,0.0,0.0,0.0,0.0,-5.7,4.25,9.0,246,96,54860.0,0,0.19,0.0,665.0,0,0.0,3,0,0.0,-1,-1,-1,-1,0.0,0.0
2026-03-17T15:00,0.0,0.0,0.0,0.0,-6.0,3.16,7.2,231,95,54840.0,0,0.19,0.0,375.0,0,0.0,3,0,0.0,-1,-1,-1,-1,0.0,0.0
2026-03-17T16:00,0.0,0.0,0.0,0.0,-6.9,2.55,5.4,225,97,54820.0,0,0.19,10.0,250.0,0,0.0,3,0,0.0,-1,-1,-1,-1,0.0,0.0
2026-03-17T17:00,0.0,0.0,0.0,0.0,-6.5,3.65,6.1,228,58,54800.0,0,0.19,30.0,420.0,0,0.0,2,0,0.0,-1,-1,-1,-1,0.0,0.0
2026-03-17T18:00,0.0,0.0,0.0,0.0,-7.4,3.8,7.7,231,99,54780.0,0,0.19,10.0,380.0,0,0.0,3,0,0.0,-1,-1,-1,-1,0.0,0.0
2026-03-17T19:00,0.0,0.0,0.0,0.0,-7.0,4.07,7.3,222,13,54760.0,0,0.19,10.0,415.0,0,0.0,0,0,0.0,-1,-1,-1,-1,0.0,0.0
2026-03-17T20:00,0.0,0.0,0.0,0.0,-7.7,3.9,7.1,234,0,55140.0,0,0.19,0.0,445.0,0,0.0,0,0,0.0,-1,-1,-1,-1,0.0,0.0
2026-03-17T21:00,0.0,0.0,0.0,0.0,-8.3,2.34,6.8,220,0,54720.0,0,0.19,0.0,235.0,0,0.0,0,0,0.0,-1,-1,-1,-1,0.0,0.0
2026-03-17T22:00,0.0,0.0,0.0,0.0,-8.4,2.06,4.3,206,100,54700.0,0,0.19,0.0,230.0,0,0.0,3,0,0.0,-1,-1,-1,-1,0.0,0.0
2026-03-17T23:00,0.0,0.0,0.0,0.0,-7.8,1.55,4.0,213,66,55080.0,0,0.19,0.0,290.0,0,0.0,2,0,0.0,-1,-1,-1,-1,0.0,0.0
2026-03-18T00:00,0.0,0.0,0.0,0.0,-7.7,1.61,3.0,185,0,55060.0,1,0.19,0.0,215.0,0,0.0,0,0,0.0,-1,-1,-1,-1,0.0,0.0
2026-03-18T01:00,0.0,0.0,0.0,0.0,-5.9,2.66,5.2,214,36,55040.0,1,0.19,0.0,370.0,0,0.0,1,0,0.0,-1,-1,-1,-1,0.0,0.0
2026-03-18T02:00,0.0,0.0,0.0,0.0,-3.2,3.82,7.6,222,29,55300.0,1,0.19,0.0,1945.0,0,0.0,1,0,0.0,-1,-1,-1,-1,0.0,0.0
2026-03-18T03:00,0.0,0.0,0.0,0.0,-0.7,7.5,13.3,247,13,55260.0,1,0.19,0.0,3515.0,0,0.0,0,0,0.0,-1,-1,-1,-1,0.0,0.0
2026-03-18T04:00,0.0,1.0,0.14,0.0,0.5,10.05,17.9,260,88,55260.0,1,0.19,0.0,3290.0,0,0.0,85,0,0.0,-1,-1,-1,-1,0.0,0.0
2026-03-18T05:00,0.0,0.0,0.0,0.0,1.3,10.32,18.7,261,90,55220.0,1,0.19,0.0,3755.0,0,0.0,3,0,0.0,-1,-1,-1,-1,0.0,0.0
2026-03-18T06:00,0.0,0.0,0.0,0.0,1.5,10.01,18.6,260,82,55580.0,1,0.19,0.0,3790.0,0,0.0,3,0,0.0,-1,-1,-1,-1,0.0,0.0
2026-03-18T07:00,0.0,1.0,0.07,0.0,1.9,10.8,19.6,269,84,55180.0,1,0.19,0.0,3500.0,0,0.0,85,0,0.0,-1,-1,-1,-1,0.0,0.0
2026-03-18T08:00,0.0,0.0,0.0,0.0,1.9,9.9,19.3,260,72,55540.0,1,0.19,0.0,3660.0,0,0.0,2,0,0.0,-1,-1,-1,-1,0.0,0.0
2026-03-18T09:00,0.0,0.0,0.0,0.0,2.6,10.58,19.3,261,46,55520.0,1,0.19,0.0,4540.0,0,0.0,1,0,0.0,-1,-1,-1,-1,0.0,0.0
2026-03-18T10:00,0.0,0.0,0.0,0.0,2.3,9.58,18.8,255,98,55500.0,1,0.19,20.0,4890.0,0,0.0,3,0,0.0,-1,-1,-1,-1,0.0,0.0
2026-03-18T11:00,0.0,0.0,0.0,0.0,1.3,7.87,16.7,266,95,55480.0,1,0.19,0.0,3870.0,0,0.0,3,0,0.0,-1,-1,-1,-1,0.0,0.0
2026-03-18T12:00,0.0,0.0,0.0,0.0,-1.5,5.06,13.0,274,50,55460.0,1,0.19,0.0,635.0,0,0.0,2,0,0.0,-1,-1,-1,-1,0.0,0.0
2026-03-18T13:00,0.0,0.0,0.0,0.0,-3.1,4.27,8.6,276,100,55060.0,0,0.19,0.0,420.0,0,0.0,3,0,0.0,-1,-1,-1,-1,0.0,0.0
2026-03-18T14:00,0.0,0.0,0.0,0.0,-4.7,1.72,7.3,296,97,55040.0,0,0.19,0.0,100.0,0,0.0,3,0,0.0,-1,-1,-1,-1,0.0,0.0
2026-03-18T15:00,0.0,0.0,0.0,0.0,-4.9,0.56,3.1,190,55,55020.0,0,0.19,0.0,30.0,0,0.0,2,0,0.0,-1,-1,-1,-1,0.0,0.0
2026-03-18T16:00,0.0,0.0,0.0,0.0,-6.0,1.54,2.5,155,100,55000.0,0,0.19,0.0,45.0,0,0.0,3,0,0.0,-1,-1,-1,-1,0.0,0.0
2026-03-18T17:00,0.0,0.0,0.0,0.0,-5.2,1.92,3.3,189,100,54980.0,0,0.19,0.0,150.0,0,0.0,3,0,0.0,-1,-1,-1,-1,0.0,0.0
2026-03-18T18:00,0.0,0.0,0.0,0.0,-3.9,1.99,3.4,242,100,54960.0,0,0.19,0.0,200.0,0,0.0,3,0,0.0,-1,-1,-1,-1,0.0,0.0
2026-03-18T19:00,0.0,0.0,0.0,0.0,-3.9,1.77,3.4,262,94,54940.0,0,0.19,0.0,230.0,0,0.0,3,0,0.0,-1,-1,-1,-1,0.0,0.0
2026-03-18T20:00,0.0,0.0,0.0,0.0,-4.3,3.98,6.5,245,98,54640.0,0,0.191,0.0,445.0,0,0.0,3,0,0.0,-1,-1,-1,-1,0.0,0.0
2026-03-18T21:00,0.0,0.0,0.0,0.0,-4.2,5.06,8.5,242,30,54260.0,0,0.191,0.0,400.0,0,0.0,1,0,0.0,-1,-1,-1,-1,0.0,0.0
2026-03-18T22:00,0.0,0.0,0.0,0.0,-4.8,3.94,8.5,237,66,53180.0,0,0.191,0.0,305.0,0,0.0,2,0,0.0,-1,-1,-1,-1,0.0,0.0
2026-03-18T23:00,0.0,0.0,0.0,0.0,-5.0,3.68,6.7,226,35,53160.0,0,0.191,0.0,310.0,0,0.0,1,0,0.0,-1,-1,-1,-1,0.0,0.0
2026-03-19T00:00,0.0,0.0,0.0,0.0,-5.4,2.53,6.3,210,7,53140.0,1,0.191,0.0,210.0,0,0.0,0,0,0.0,-1,-1,-1,-1,0.0,0.0
2026-03-19T01:00,0.0,0.0,0.0,0.0,-3.2,3.57,6.0,224,0,54180.0,1,0.191,0.0,510.0,0,0.0,0,0,0.0,-1,-1,-1,-1,0.0,0.0
2026-03-19T02:00,0.0,0.0,0.0,0.0,-0.4,5.23,9.5,234,0,54520.0,1,0.191,0.0,1380.0,0,0.0,0,0,0.0,-1,-1,-1,-1,0.0,0.0
2026-03-19T03:00,0.0,0.0,0.0,0.0,2.0,7.99,14.3,259,4,54780.0,1,0.191,0.0,2460.0,0,0.0,0,0,0.0,-1,-1,-1,-1,0.0,0.0
2026-03-19T04:00,0.0,0.0,0.0,0.0,2.8,9.35,17.0,269,86,54760.0,1,0.191,0.0,2770.0,0,0.0,3,0,0.0,-1,-1,-1,-1,0.0,0.0
2026-03-19T05:00,0.0,0.0,0.0,0.0,3.6,9.24,17.0,260,96,54740.0,1,0.191,0.0,3115.0,0,0.0,3,0,0.0,-1,-1,-1,-1,0.0,0.0
2026-03-19T06:00,0.0,1.0,0.21,0.0,3.7,9.67,17.7,266,99,54720.0,1,0.191,0.0,2710.0,0,0.0,85,0,0.0,-1,-1,-1,-1,0.0,0.0
2026-03-19T07:00,0.0,1.0,0.14,0.0,4.2,9.21,17.3,267,99,54700.0,1,0.191,10.0,3405.0,0,0.0,85,0,0.0,-1,-1,-1,-1,0.0,0.0
2026-03-19T08:00,0.0,0.0,0.0,0.0,3.9,8.85,16.8,264,100,51640.0,1,0.191,30.0,3180.0,0,0.0,3,0,0.0,-1,-1,-1,-1,0.0,0.0
2026-03-19T09:00,0.0,0.0,0.0,0.0,3.9,8.33,16.1,258,100,52320.0,1,0.191,20.0,3390.0,0,0.0,3,0,0.0,-1,-1,-1,-1,0.0,0.0
2026-03-19T10:00,0.0,0.0,0.0,0.0,3.1,7.57,15.1,258,100,54640.0,1,0.191,30.0,2925.0,0,0.0,3,0,0.0,-1,-1,-1,-1,0.0,0.0
2026-03-19T11:00,0.0,0.0,0.0,0.0,2.2,6.86,13.2,237,100,54620.0,1,0.191,0.0,2710.0,1,0.0,3,0,0.0,-1,-1,-1,-1,0.0,0.0
2026-03-19T12:00,0.0,0.0,0.0,0.0,-0.9,2.53,11.6,243,90,54600.0,1,0.191,0.0,230.0,0,0.0,3,0,0.0,-1,-1,-1,-1,0.0,0.0
2026-03-19T13:00,0.0,0.0,0.0,0.0,-3.5,2.62,4.4,228,100,54300.0,0,0.191,20.0,180.0,1,0.0,3,0,0.0,-1,-1,-1,-1,0.0,0.0
2026-03-19T14:00,0.0,0.0,0.0,0.0,-3.7,2.08,4.6,235,92,54280.0,0,0.191,10.0,100.0,1,0.0,3,0,0.0,-1,-1,-1,-1,0.0,0.0
2026-03-19T15:00,0.0,0.0,0.0,0.0,-3.1,0.35,3.5,172,100,54260.0,0,0.191,0.0,20.0,1,0.0,3,0,0.0,-1,-1,-1,-1,0.0,0.0
2026-03-19T16:00,0.0,0.0,0.0,0.0,-2.7,1.14,1.8,165,100,54240.0,0,0.191,10.0,40.0,1,0.0,3,0,0.0,-1,-1,-1,-1,0.0,0.0
2026-03-19T17:00,0.0,0.0,0.0,0.0,-2.5,1.65,2.7,166,100,54240.0,0,0.191,10.0,60.0,1,0.0,3,0,0.0,-1,-1,-1,-1,0.0,0.0
2026-03-19T18:00,0.0,0.0,0.0,0.0,-1.7,2.05,3.0,183,100,46540.0,0,0.191,10.0,135.0,0,0.0,3,0,0.0,-1,-1,-1,-1,0.0,0.0
2026-03-19T19:00,0.0,0.0,0.0,0.0,-2.0,1.88,3.6,205,100,54200.0,0,0.191,10.0,150.0,0,0.0,3,0,0.0,-1,-1,-1,-1,0.0,0.0
2026-03-19T20:00,0.0,0.0,0.0,0.0,-2.6,1.81,3.3,175,22,54180.0,0,0.191,0.0,100.0,1,0.0,1,0,0.0,-1,-1,-1,-1,0.0,0.0
2026-03-19T21:00,0.0,0.0,0.0,0.0,-3.9,1.71,3.1,159,71,54160.0,0,0.191,0.0,75.0,1,0.0,2,0,0.0,-1,-1,-1,-1,0.0,0.0
2026-03-19T22:00,0.0,0.0,0.0,0.0,-4.3,1.77,2.9,164,67,53760.0,0,0.191,0.0,70.0,1,0.0,2,0,0.0,-1,-1,-1,-1,0.0,0.0
2026-03-19T23:00,0.0,0.0,0.0,0.0,-3.7,2.18,3.8,189,13,53740.0,0,0.191,0.0,160.0,1,0.0,0,0,0.0,-1,-1,-1,-1,0.0,0.0
2026-03-20T00:00,0.0,0.0,0.0,0.0,-4.9,1.5,3.9,307,17,52700.0,1,0.191,0.0,100.0,1,0.0,0,0,0.0,-1,-1,-1,-1,0.0,0.0
2026-03-20T01:00,0.0,0.0,0.0,0.0,-2.6,2.11,4.2,329,39,52680.0,1,0.191,0.0,295.0,1,0.0,1,0,0.0,-1,-1,-1,-1,0.0,0.0
2026-03-20T02:00,0.0,0.0,0.0,0.0,0.0,2.97,6.2,253,41,53680.0,1,0.191,0.0,645.0,1,0.0,1,0,0.0,-1,-1,-1,-1,0.0,0.0
2026-03-20T03:00,0.0,0.0,0.0,0.0,2.5,4.89,9.4,259,89,49860.0,1,0.191,0.0,1880.0,0,0.0,3,0,0.0,-1,-1,-1,-1,0.0,0.0
2026-03-20T04:00,0.0,0.0,0.07,0.0,3.6,6.42,12.4,266,80,45640.0,1,0.191,0.0,1995.0,1,0.0,71,0,0.0,-1,-1,-1,-1,0.0,0.0
2026-03-20T05:00,0.0,0.0,0.0,0.0,4.5,5.76,12.5,267,84,54000.0,1,0.191,60.0,2465.0,0,0.0,3,0,0.0,-1,-1,-1,-1,0.0,0.0
2026-03-20T06:00,0.0,0.0,0.0,0.0,4.4,5.11,11.5,256,57,53980.0,1,0.191,50.0,2545.0,0,0.0,2,0,0.0,-1,-1,-1,-1,0.0,0.0
2026-03-20T07:00,0.0,1.0,0.21,0.0,5.4,5.34,11.3,243,80,53960.0,1,0.191,90.0,2710.0,0,0.0,85,0,0.0,-1,-1,-1,-1,0.0,0.0
2026-03-20T08:00,0.0,0.0,0.0,0.0,5.5,6.21,12.0,233,84,54200.0,1,0.191,0.0,2995.0,0,0.0,3,0,0.0,-1,-1,-1,-1,0.0,0.0
2026-03-20T09:00,0.0,0.0,0.0,0.0,5.9,5.65,12.2,259,99,54540.0,1,0.19,10.0,3220.0,0,0.0,3,0,0.0,-1,-1,-1,-1,0.0,0.0
2026-03-20T10:00,0.0,0.0,0.0,0.0,4.6,7.09,13.4,261,100,54160.0,1,0.19,0.0,2975.0,0,0.0,3,0,0.0,-1,-1,-1,-1,0.0,0.0
2026-03-20T11:00,0.0,0.0,0.0,0.0,3.5,5.46,12.6,267,100,54140.0,1,0.189,0.0,2770.0,1,0.0,3,0,0.0,-1,-1,-1,-1,0.0,0.0
2026-03-20T12:00,0.0,0.0,0.0,0.01,-0.4,1.89,9.2,233,49,53860.0,1,0.19,0.0,125.0,0,0.0,1,0,0.0,-1,-1,-1,-1,0.0,0.0
2026-03-20T13:00,0.0,0.0,0.0,0.01,-2.2,1.69,3.0,168,10,53840.0,0,0.19,0.0,55.0,1,0.0,0,0,0.0,-1,-1,-1,-1,0.0,0.0
2026-03-20T14:00,0.0,0.0,0.0,0.01,-2.5,2.88,4.4,154,73,53460.0,0,0.19,0.0,120.0,1,0.0,2,0,0.0,-1,-1,-1,-1,0.0,0.0
2026-03-20T15:00,0.0,0.0,0.0,0.01,-2.8,3.01,5.0,136,28,52420.0,0,0.19,0.0,130.0,1,0.0,1,0,0.0,-1,-1,-1,-1,0.0,0.0
2026-03-20T16:00,0.0,0.0,0.0,0.01,-3.6,3.72,6.0,121,54,52400.0,0,0.19,10.0,205.0,1,0.0,2,0,0.0,-1,-1,-1,-1,0.0,0.0
2026-03-20T17:00,0.0,0.0,0.0,0.01,-3.6,3.4,6.3,133,30,51740.0,0,0.19,0.0,250.0,0,0.0,1,0,0.0,-1,-1,-1,-1,0.0,0.0
2026-03-20T18:00,0.0,0.0,0.0,0.01,-4.6,2.71,5.6,118,100,51720.0,0,0.19,0.0,165.0,0,0.0,3,0,0.0,-1,-1,-1,-1,0.0,0.0
2026-03-20T19:00,0.0,0.0,0.0,0.01,-4.9,2.78,4.6,108,100,50900.0,0,0.19,0.0,135.0,1,0.0,3,0,0.0,-1,-1,-1,-1,0.0,0.0
2026-03-20T20:00,0.0,0.0,0.0,0.01,-5.2,3.32,5.3,113,100,50880.0,0,0.19,0.0,160.0,1,0.0,3,0,0.0,-1,-1,-1,-1,0.0,0.0
2026-03-20T21:00,0.0,0.0,0.0,0.01,-5.3,3.77,6.0,125,97,50860.0,0,0.19,0.0,205.0,1,0.0,3,0,0.0,-1,-1,-1,-1,0.0,0.0
2026-03-20T22:00,0.0,0.0,0.0,0.01,-5.7,4.49,7.2,122,94,49880.0,0,0.19,0.0,225.0,1,0.0,3,0,0.0,-1,-1,-1,-1,0.0,0.0
2026-03-20T23:00,0.0,0.0,0.0,0.01,-6.0,4.57,7.5,120,96,49120.0,0,0.19,0.0,245.0,1,0.0,3,0,0.0,-1,-1,-1,-1,0.0,0.0
2026-03-21T00:00,0.0,0.0,0.0,0.0,-5.3,4.58,7.6,126,95,48100.0,1,0.19,0.0,290.0,1,0.0,3,0,0.0,-1,-1,-1,-1,0.0,0.0
2026-03-21T01:00,0.0,0.0,0.0,0.0,-3.2,5.74,10.0,139,98,47560.0,1,0.19,0.0,490.0,1,0.0,3,0,0.0,-1,-1,-1,-1,0.0,0.0
2026-03-21T02:00,0.0,0.0,0.0,0.0,-1.1,5.2,10.2,142,86,51580.0,1,0.19,0.0,725.0,1,0.0,3,0,0.0,-1,-1,-1,-1,0.0,0.0
2026-03-21T03:00,0.0,0.0,0.0,0.0,1.6,5.0,10.2,157,86,51960.0,1,0.19,0.0,1060.0,0,0.0,3,0,0.0,-1,-1,-1,-1,0.0,0.0
2026-03-21T04:00,0.0,1.0,0.07,0.0,3.7,5.33,10.5,197,98,33620.0,1,0.19,20.0,1775.0,0,0.0,85,0,0.0,-1,-1,-1,-1,0.0,0.0
2026-03-21T05:00,0.0,0.0,0.0,0.0,4.4,6.02,12.0,205,97,44800.0,1,0.19,10.0,1980.0,0,0.0,3,0,0.0,-1,-1,-1,-1,0.0,0.0
2026-03-21T06:00,0.0,0.0,0.0,0.0,5.5,6.71,12.7,217,98,53760.0,1,0.19,0.0,2270.0,0,0.0,3,0,0.0,-1,-1,-1,-1,0.0,0.0
2026-03-21T07:00,0.0,0.0,0.0,0.0,5.7,6.97,13.7,219,95,52680.0,1,0.19,0.0,2390.0,0,0.0,3,0,0.0,-1,-1,-1,-1,0.0,0.0
2026-03-21T08:00,0.0,1.0,0.07,0.0,6.2,5.86,13.4,206,93,53460.0,1,0.189,60.0,2780.0,0,0.0,85,0,0.0,-1,-1,-1,-1,0.0,0.0
2026-03-21T09:00,0.0,0.0,0.0,0.0,6.3,6.63,12.6,204,80,53440.0,1,0.189,110.0,2670.0,0,0.0,3,0,0.0,-1,-1,-1,-1,0.0,0.0
2026-03-21T10:00,0.0,0.0,0.0,0.0,4.9,7.67,13.6,208,100,53680.0,1,0.188,0.0,2345.0,0,0.0,3,0,0.0,-1,-1,-1,-1,0.0,0.0
2026-03-21T11:00,0.0,0.0,0.0,0.0,3.6,6.42,13.6,204,100,53420.0,1,0.188,10.0,2180.0,0,0.0,3,0,0.0,-1,-1,-1,-1,0.0,0.0
2026-03-21T12:00,0.0,0.0,0.0,0.0,0.4,4.11,11.0,198,100,53040.0,1,0.188,10.0,470.0,0,0.0,3,0,0.0,-1,-1,-1,-1,0.0,0.0
2026-03-21T13:00,0.0,0.0,0.0,0.0,-1.1,3.9,8.7,181,100,52020.0,0,0.188,0.0,525.0,0,0.0,3,0,0.0,-1,-1,-1,-1,0.0,0.0
2026-03-21T14:00,0.0,1.0,0.07,0.01,-2.7,1.77,6.7,140,100,51380.0,0,0.188,0.0,120.0,0,0.0,85,0,0.0,-1,-1,-1,-1,0.0,0.0
2026-03-21T15:00,0.0,0.0,0.0,0.01,-3.2,1.68,3.5,163,100,51360.0,0,0.188,0.0,155.0,0,0.0,3,0,0.0,-1,-1,-1,-1,0.0,0.0
2026-03-21T16:00,0.0,1.0,0.14,0.01,-2.8,2.04,3.7,253,100,31440.0,0,0.188,10.0,305.0,0,0.0,85,0,0.0,-1,-1,-1,-1,0.0,0.0
2026-03-21T17:00,0.0,0.0,0.0,0.01,-2.6,1.55,6.1,249,100,46080.0,0,0.188,0.0,175.0,0,0.0,3,0,0.0,-1,-1,-1,-1,0.0,0.0
2026-03-21T18:00,0.0,1.0,0.07,0.01,-3.6,1.06,2.8,109,100,47940.0,0,0.188,10.0,45.0,0,0.0,85,0,0.0,-1,-1,-1,-1,0.0,0.0
2026-03-21T19:00,0.0,1.0,0.07,0.01,-4.2,0.78,3.6,140,100,40960.0,0,0.188,10.0,40.0,0,0.0,85,0,0.0,-1,-1,-1,-1,0.0,0.0
2026-03-21T20:00,0.0,1.0,0.14,0.01,-3.8,0.89,3.5,243,100,9760.0,0,0.188,20.0,165.0,0,0.0,85,0,0.0,-1,-1,-1,-1,0.0,0.0
2026-03-21T21:00,0.0,0.5,0.14,0.01,-3.3,2.53,4.9,210,100,13280.0,0,0.188,10.0,895.0,0,0.0,85,0,0.0,-1,-1,-1,-1,0.0,0.0
2026-03-21T22:00,0.0,0.0,0.07,0.01,-3.6,2.53,4.6,195,100,18760.0,0,0.188,30.0,675.0,0,0.0,71,0,0.0,-1,-1,-1,-1,0.0,0.0
2026-03-21T23:00,0.0,0.0,0.0,0.01,-4.0,1.35,4.2,138,98,46000.0,0,0.188,10.0,90.0,0,0.0,3,0,0.0,-1,-1,-1,-1,0.0,0.0
2026-03-22T00:00,0.0,0.0,0.0,0.0,-4.0,0.65,2.5,157,100,48360.0,1,0.188,20.0,50.0,0,0.0,3,0,0.0,-1,-1,-1,-1,0.0,0.0
2026-03-22T01:00,0.0,0.0,0.0,0.0,-3.0,0.92,2.5,77,97,40700.0,1,0.188,20.0,190.0,0,0.0,3,0,0.0,-1,-1,-1,-1,0.0,0.0
2026-03-22T02:00,0.0,0.0,0.0,0.0,-1.6,0.75,5.6,127,100,36780.0,1,0.188,40.0,840.0,0,0.0,3,0,0.0,-1,-1,-1,-1,0.0,0.0
2026-03-22T03:00,0.0,1.0,0.07,0.0,0.3,2.6,6.4,267,99,32620.0,1,0.188,90.0,1185.0,0,0.0,85,0,0.0,-1,-1,-1,-1,0.0,0.0
2026-03-22T04:00,0.0,0.0,0.0,0.0,2.1,2.75,7.5,280,98,46500.0,1,0.188,200.0,1790.0,0,0.0,3,0,0.0,-1,-1,-1,-1,0.0,0.0
2026-03-22T05:00,0.0,1.0,0.07,0.0,3.3,2.85,7.6,271,96,48640.0,1,0.188,190.0,2245.0,0,0.0,85,0,0.0,-1,-1,-1,-1,0.0,0.0
2026-03-22T06:00,0.0,1.0,0.07,0.0,2.7,3.3,8.9,252,88,24700.0,1,0.187,130.0,2245.0,0,0.0,85,0,0.0,-1,-1,-1,-1,0.0,0.0
2026-03-22T07:00,0.0,1.0,0.07,0.0,4.9,4.14,9.1,252,95,53020.0,1,0.187,200.0,3305.0,0,0.0,85,0,0.0,-1,-1,-1,-1,0.0,0.0
2026-03-22T08:00,0.0,1.0,0.42,0.01,2.4,5.24,11.8,249,74,51160.0,1,0.186,10.0,1445.0,0,0.0,85,0,0.0,-1,-1,-1,-1,0.0,0.0
2026-03-22T09:00,0.0,0.0,0.0,0.01,4.0,3.61,10.6,275,99,53240.0,1,0.185,0.0,2260.0,0,0.0,3,0,0.0,-1,-1,-1,-1,0.0,0.0
2026-03-22T10:00,0.0,0.0,0.0,0.01,3.9,4.47,8.4,252,77,53220.0,1,0.185,0.0,2600.0,0,0.0,2,0,0.0,-1,-1,-1,-1,0.0,0.0
2026-03-22T11:00,0.0,0.0,0.0,0.01,3.2,3.87,8.9,250,66,53200.0,1,0.185,0.0,2690.0,0,0.0,2,0,0.0,-1,-1,-1,-1,0.0,0.0
2026-03-22T12:00,0.0,0.0,0.0,0.0,-0.9,3.09,6.8,153,66,52600.0,1,0.186,20.0,165.0,0,0.0,2,0,0.0,-1,-1,-1,-1,0.0,0.0
2026-03-22T13:00,0.0,0.0,0.0,0.0,-2.2,2.82,5.3,157,84,52580.0,0,0.186,10.0,155.0,0,0.0,3,0,0.0,-1,-1,-1,-1,0.0,0.0
2026-03-22T14:00,0.0,0.0,0.0,0.0,-2.5,4.14,6.5,136,100,51580.0,0,0.186,10.0,225.0,0,0.0,3,0,0.0,-1,-1,-1,-1,0.0,0.0
2026-03-22T15:00,0.0,0.0,0.0,0.0,-2.8,3.96,7.3,143,98,50940.0,0,0.186,50.0,240.0,0,0.0,3,0,0.0,-1,-1,-1,-1,0.0,0.0
2026-03-22T16:00,0.0,1.0,0.21,0.0,-2.6,1.52,6.6,197,99,50400.0,0,0.186,0.0,325.0,0,0.0,85,0,0.0,-1,-1,-1,-1,0.0,0.0
2026-03-22T17:00,0.0,1.0,0.49,0.01,-4.0,2.83,5.3,283,100,21800.0,0,0.186,10.0,225.0,0,0.0,85,0,0.0,-1,-1,-1,-1,0.0,0.0
2026-03-22T18:00,0.0,1.0,0.07,0.01,-4.2,1.7,5.2,208,100,14220.0,0,0.186,20.0,355.0,0,0.0,85,0,0.0,-1,-1,-1,-1,0.0,0.0
2026-03-22T19:00,0.0,1.0,0.07,0.01,-3.7,3.77,5.6,215,95,12780.0,0,0.186,10.0,790.0,0,0.0,85,0,0.0,-1,-1,-1,-1,0.0,0.0
2026-03-22T20:00,0.0,1.0,0.07,0.01,-3.6,5.47,9.3,250,98,19640.0,0,0.186,20.0,720.0,0,0.0,85,0,0.0,-1,-1,-1,-1,0.0,0.0
2026-03-22T21:00,0.0,1.0,0.07,0.01,-4.7,4.87,9.5,261,100,11880.0,0,0.186,10.0,535.0,0,0.0,85,0,0.0,-1,-1,-1,-1,0.0,0.0
2026-03-22T22:00,0.0,0.0,0.07,0.01,-4.5,4.32,8.7,265,100,24240.0,0,0.186,20.0,675.0,0,0.0,71,0,0.0,-1,-1,-1,-1,0.0,0.0
2026-03-22T23:00,0.0,0.0,0.0,0.01,-5.0,3.55,8.1,284,98,36600.0,0,0.186,20.0,470.0,0,0.0,3,0,0.0,-1,-1,-1,-1,0.0,0.0
2026-03-23T00:00,0.0,0.0,0.0,0.0,-6.4,1.38,6.4,311,13,43080.0,1,0.186,50.0,90.0,0,0.0,0,0,0.0,-1,-1,-1,-1,0.0,0.0
2026-03-23T01:00,0.0,0.0,0.0,0.0,-3.9,1.73,3.8,303,66,50000.0,1,0.186,70.0,365.0,0,0.0,2,0,0.0,-1,-1,-1,-1,0.0,0.0
2026-03-23T02:00,0.0,0.0,0.0,0.0,-1.4,4.0,7.7,290,98,51360.0,1,0.186,100.0,1520.0,0,0.0,3,0,0.0,-1,-1,-1,-1,0.0,0.0
2026-03-23T03:00,0.0,1.0,0.07,0.0,0.1,5.58,10.6,303,99,51760.0,1,0.186,60.0,2245.0,0,0.0,85,0,0.0,-1,-1,-1,-1,0.0,0.0
2026-03-23T04:00,0.0,0.0,0.0,0.0,1.5,6.23,11.9,303,81,52640.0,1,0.186,30.0,2925.0,0,0.0,3,0,0.0,-1,-1,-1,-1,0.0,0.0
2026-03-23T05:00,0.0,0.0,0.0,0.0,3.0,6.93,13.3,301,9,52860.0,1,0.186,10.0,3360.0,0,0.0,0,0,0.0,-1,-1,-1,-1,0.0,0.0
2026-03-23T06:00,0.0,0.0,0.0,0.0,2.7,6.51,13.5,299,84,52840.0,1,0.191,20.0,3810.0,0,0.0,3,0,0.0,-1,-1,-1,-1,0.0,0.0
2026-03-23T07:00,0.0,0.0,0.0,0.0,3.5,6.22,12.7,295,93,52820.0,1,0.19,40.0,3975.0,0,0.0,3,0,0.0,-1,-1,-1,-1,0.0,0.0
2026-03-23T08:00,0.0,0.0,0.0,0.0,3.6,5.87,12.4,284,100,52800.0,1,0.189,50.0,4045.0,0,0.0,3,0,0.0,-1,-1,-1,-1,0.0,0.0
2026-03-23T09:00,0.0,0.0,0.0,0.0,3.2,5.49,11.7,277,100,52780.0,1,0.188,20.0,3905.0,0,0.0,3,0,0.0,-1,-1,-1,-1,0.0,0.0
2026-03-23T10:00,0.0,0.0,0.0,0.0,2.6,5.06,10.9,273,100,52540.0,1,0.188,10.0,3870.0,0,0.0,3,0,0.0,-1,-1,-1,-1,0.0,0.0
2026-03-23T11:00,0.0,0.0,0.0,0.0,1.4,4.32,9.7,276,100,52740.0,1,0.188,10.0,3400.0,0,0.0,3,0,0.0,-1,-1,-1,-1,0.0,0.0
2026-03-23T12:00,0.0,0.0,0.0,0.0,-2.0,1.58,7.7,288,7,52720.0,1,0.188,0.0,130.0,0,0.0,0,0,0.0,-1,-1,-1,-1,0.0,0.0
2026-03-23T13:00,0.0,0.0,0.0,0.0,-2.8,0.9,2.4,214,6,52700.0,0,0.188,0.0,60.0,0,0.0,0,0,0.0,-1,-1,-1,-1,0.0,0.0
2026-03-23T14:00,0.0,0.0,0.0,0.0,-4.0,1.6,2.9,182,18,52440.0,0,0.188,0.0,135.0,0,0.0,0,0,0.0,-1,-1,-1,-1,0.0,0.0
2026-03-23T15:00,0.0,0.0,0.0,0.0,-4.3,1.56,2.5,130,69,52440.0,0,0.188,0.0,60.0,0,0.0,2,0,0.0,-1,-1,-1,-1,0.0,0.0
2026-03-23T16:00,0.0,0.0,0.0,0.0,-4.5,2.48,4.0,118,73,52420.0,0,0.188,0.0,75.0,0,0.0,2,0,0.0,-1,-1,-1,-1,0.0,0.0
2026-03-23T17:00,0.0,0.0,0.0,0.0,-4.4,3.45,5.4,124,95,52400.0,0,0.188,0.0,120.0,0,0.0,3,0,0.0,-1,-1,-1,-1,0.0,0.0
2026-03-23T18:00,0.0,0.0,0.0,0.0,-4.4,3.8,6.7,140,100,45640.0,0,0.188,10.0,215.0,0,0.0,3,0,0.0,-1,-1,-1,-1,0.0,0.0
2026-03-23T19:00,0.0,0.0,0.0,0.0,-2.5,4.84,8.2,162,100,20700.0,0,0.188,10.0,475.0,0,0.0,3,0,0.0,-1,-1,-1,-1,0.0,0.0
2026-03-23T20:00,0.0,0.0,0.0,0.0,-2.9,4.11,8.2,139,100,31820.0,0,0.188,60.0,520.0,0,0.0,3,0,0.0,-1,-1,-1,-1,0.0,0.0
2026-03-23T21:00,0.0,0.0,0.0,0.0,-3.5,4.18,6.9,122,100,20280.0,0,0.188,20.0,440.0,0,0.0,3,0,0.0,-1,-1,-1,-1,0.0,0.0
2026-03-23T22:00,0.0,0.0,0.0,0.0,-3.7,3.61,7.1,127,100,12540.0,0,0.188,10.0,335.0,0,0.0,3,0,0.0,-1,-1,-1,-1,0.0,0.0
2026-03-23T23:00,0.0,0.0,0.07,0.0,-3.6,2.58,5.8,126,100,24820.0,0,0.188,0.0,395.0,0,0.0,71,0,0.0,-1,-1,-1,-1,0.0,0.0
2026-03-24T00:00,0.0,0.5,0.14,0.01,-5.1,2.26,4.5,118,98,27240.0,1,0.188,0.0,100.0,0,0.0,85,0,0.0,-1,-1,-1,-1,0.0,0.0
2026-03-24T01:00,0.0,0.5,0.14,0.01,-4.2,1.66,6.1,147,88,24300.0,1,0.188,0.0,335.0,0,0.0,85,0,0.0,-1,-1,-1,-1,0.0,0.0
2026-03-24T02:00,0.0,1.0,0.35,0.02,-4.0,1.17,6.2,80,95,38240.0,1,0.188,10.0,410.0,0,0.0,85,0,0.0,-1,-1,-1,-1,0.0,0.0
2026-03-24T03:00,0.0,1.0,0.42,0.02,-2.8,2.06,6.1,96,99,28600.0,1,0.188,0.0,740.0,0,0.0,85,0,0.0,-1,-1,-1,-1,0.0,0.0
2026-03-24T04:00,0.0,1.0,0.07,0.02,-1.4,0.96,6.0,227,98,25860.0,1,0.188,80.0,1220.0,0,0.0,85,0,0.0,-1,-1,-1,-1,0.0,0.0
2026-03-24T05:00,0.0,0.9,0.7,0.03,-2.8,3.84,6.8,252,99,19380.0,1,0.188,60.0,420.0,0,0.0,85,1,0.0,1,0,1,103,0.0,0.54
2026-03-24T06:00,0.0,1.0,0.07,0.03,-1.5,1.2,7.4,287,92,24720.0,1,0.188,10.0,795.0,0,0.0,85,0,0.0,-1,-1,-1,-1,0.0,0.0
2026-03-24T07:00,0.0,1.0,0.21,0.03,-3.3,0.78,6.0,255,99,20860.0,1,0.188,0.0,415.0,0,0.0,85,0,0.0,-1,-1,-1,-1,0.0,0.0
2026-03-24T08:00,0.0,0.0,0.0,0.03,-2.2,3.25,6.6,225,92,21900.0,1,0.188,40.0,520.0,0,0.0,3,0,0.0,-1,-1,-1,-1,0.0,0.0
2026-03-24T09:00,0.0,0.0,0.0,0.03,-1.0,1.82,6.6,262,100,17180.0,1,0.188,100.0,1075.0,0,0.0,3,0,0.0,-1,-1,-1,-1,0.0,0.0
2026-03-24T10:00,0.0,0.0,0.0,0.03,-2.1,1.74,6.5,207,100,14280.0,1,0.188,90.0,385.0,0,0.0,3,0,0.0,-1,-1,-1,-1,0.0,0.0
2026-03-24T11:00,0.0,1.0,0.21,0.03,-2.7,2.21,5.3,175,100,17180.0,1,0.188,60.0,455.0,0,0.0,85,0,0.0,-1,-1,-1,-1,0.0,0.0
2026-03-24T12:00,0.0,0.0,0.0,0.02,-2.6,2.14,5.5,249,100,40040.0,1,0.191,90.0,605.0,0,0.0,3,0,0.0,-1,-1,-1,-1,0.0,0.0
2026-03-24T13:00,0.0,1.0,0.21,0.02,-4.5,0.21,4.4,166,100,27700.0,0,0.191,140.0,20.0,0,0.0,85,0,0.0,-1,-1,-1,-1,0.0,0.0
2026-03-24T14:00,0.0,0.0,0.0,0.02,-5.2,0.75,1.8,127,100,26420.0,0,0.191,70.0,35.0,0,0.0,3,0,0.0,-1,-1,-1,-1,0.0,0.0
2026-03-24T15:00,0.0,1.0,0.07,0.03,-5.0,2.98,5.0,239,100,15700.0,0,0.191,10.0,400.0,0,0.0,85,0,0.0,-1,-1,-1,-1,0.0,0.0
2026-03-24T16:00,0.0,0.0,0.07,0.03,-5.4,2.41,5.6,220,100,19880.0,0,0.191,10.0,420.0,0,0.0,71,0,0.0,-1,-1,-1,-1,0.0,0.0
2026-03-24T17:00,0.0,0.0,0.0,0.03,-5.2,3.74,6.3,218,99,41560.0,0,0.191,0.0,425.0,0,0.0,3,0,0.0,-1,-1,-1,-1,0.0,0.0
2026-03-24T18:00,0.0,0.0,0.0,0.03,-5.2,4.98,7.6,234,100,39580.0,0,0.191,20.0,630.0,0,0.0,3,0,0.0,-1,-1,-1,-1,0.0,0.0
2026-03-24T19:00,0.0,0.0,0.0,0.03,-5.8,4.59,8.4,241,100,44660.0,0,0.191,10.0,840.0,0,0.0,3,0,0.0,-1,-1,-1,-1,0.0,0.0
2026-03-24T20:00,0.0,0.0,0.0,0.03,-6.4,4.43,8.2,245,98,48440.0,0,0.191,10.0,790.0,0,0.0,3,0,0.0,-1,-1,-1,-1,0.0,0.0
2026-03-24T21:00,0.0,0.0,0.0,0.03,-7.1,3.85,7.9,245,68,46380.0,0,0.191,10.0,655.0,0,0.0,2,0,0.0,-1,-1,-1,-1,0.0,0.0
2026-03-24T22:00,0.0,0.0,0.0,0.03,-8.3,3.01,6.9,255,33,47920.0,0,0.191,0.0,475.0,0,0.0,1,0,0.0,-1,-1,-1,-1,0.0,0.0
2026-03-24T23:00,0.0,1.0,0.21,0.03,-9.0,2.4,5.5,269,71,45660.0,0,0.191,0.0,435.0,0,0.0,85,0,0.0,-1,-1,-1,-1,0.0,0.0
2026-03-25T00:00,0.0,1.0,0.07,0.02,-6.8,4.56,4.6,245,46,48460.0,1,0.191,20.0,680.0,0,0.0,85,0,0.0,-1,-1,-1,-1,0.0,0.0
2026-03-25T01:00,0.0,0.0,0.0,0.02,-6.4,2.5,8.7,244,2,49980.0,1,0.191,10.0,840.0,0,0.0,0,0,0.0,-1,-1,-1,-1,0.0,0.0
2026-03-25T02:00,0.0,1.0,0.07,0.02,-4.5,4.36,9.1,252,19,48080.0,1,0.191,50.0,1795.0,0,0.0,85,0,0.0,-1,-1,-1,-1,0.0,0.0
2026-03-25T03:00,0.0,1.0,0.14,0.02,-3.3,7.86,13.7,268,69,51160.0,1,0.191,60.0,2080.0,0,0.0,85,0,0.0,-1,-1,-1,-1,0.0,0.0
2026-03-25T04:00,0.0,0.0,0.0,0.02,-2.2,8.68,15.2,275,64,51760.0,1,0.192,60.0,2860.0,0,0.0,2,0,0.0,-1,-1,-1,-1,0.0,0.0
2026-03-25T05:00,0.0,0.0,0.0,0.02,-1.6,8.1,15.8,271,77,51740.0,1,0.192,10.0,2735.0,0,0.0,2,0,0.0,-1,-1,-1,-1,0.0,0.0
2026-03-25T06:00,0.0,0.0,0.0,0.02,-0.5,9.3,17.8,270,49,24260.0,1,0.192,20.0,2650.0,0,0.0,1,0,0.0,-1,-1,-1,-1,0.0,0.0
2026-03-25T07:00,0.0,1.0,0.28,0.02,-0.6,9.65,16.9,269,0,51920.0,1,0.192,30.0,3340.0,0,0.0,85,0,0.0,-1,-1,-1,-1,0.0,0.0
2026-03-25T08:00,0.0,0.0,0.0,0.02,-0.8,10.49,18.5,275,2,51900.0,1,0.191,20.0,3365.0,0,0.0,0,0,0.0,-1,-1,-1,-1,0.0,0.0
2026-03-25T09:00,0.0,0.0,0.0,0.02,1.1,10.49,19.7,277,0,51880.0,1,0.191,0.0,2980.0,0,0.0,0,0,0.0,-1,-1,-1,-1,0.0,0.0
2026-03-25T10:00,0.0,0.0,0.0,0.02,0.9,9.52,18.2,279,0,51860.0,1,0.191,0.0,3095.0,0,0.0,0,0,0.0,-1,-1,-1,-1,0.0,0.0
2026-03-25T11:00,0.0,0.0,0.0,0.02,-0.5,6.66,16.2,280,73,51620.0,1,0.191,0.0,1755.0,0,0.0,2,0,0.0,-1,-1,-1,-1,0.0,0.0
2026-03-25T12:00,0.0,0.0,0.0,0.02,-4.0,3.58,11.0,293,89,51300.0,1,0.191,0.0,455.0,0,0.0,3,0,0.0,-1,-1,-1,-1,0.0,0.0
2026-03-25T13:00,0.0,0.0,0.0,0.02,-5.1,2.7,6.1,289,94,51280.0,0,0.191,0.0,295.0,0,0.0,3,0,0.0,-1,-1,-1,-1,0.0,0.0
2026-03-25T14:00,0.0,0.0,0.0,0.02,-6.0,1.24,4.5,317,67,51260.0,0,0.191,0.0,65.0,0,0.0,2,0,0.0,-1,-1,-1,-1,0.0,0.0
2026-03-25T15:00,0.0,0.0,0.0,0.02,-6.4,1.12,2.1,58,0,51240.0,0,0.191,0.0,35.0,0,0.0,0,0,0.0,-1,-1,-1,-1,0.0,0.0
2026-03-25T16:00,0.0,0.0,0.0,0.02,-7.1,0.9,1.8,93,66,51220.0,0,0.191,0.0,15.0,0,0.0,2,0,0.0,-1,-1,-1,-1,0.0,0.0
2026-03-25T17:00,0.0,0.0,0.0,0.02,-6.7,0.9,1.5,109,13,51220.0,0,0.191,20.0,15.0,0,0.0,0,0,0.0,-1,-1,-1,-1,0.0,0.0
2026-03-25T18:00,0.0,0.0,0.0,0.02,-7.8,1.81,1.9,95,0,51200.0,0,0.191,0.0,40.0,0,0.0,0,0,0.0,-1,-1,-1,-1,0.0,0.0
2026-03-25T19:00,0.0,0.0,0.0,0.02,-7.8,1.55,3.4,92,0,51180.0,0,0.191,0.0,35.0,0,0.0,0,0,0.0,-1,-1,-1,-1,0.0,0.0
2026-03-25T20:00,0.0,0.0,0.0,0.01,-8.1,1.06,2.5,82,43,51160.0,0,0.191,0.0,25.0,0,0.0,1,0,0.0,-1,-1,-1,-1,0.0,0.0
2026-03-25T21:00,0.0,0.0,0.0,0.01,-8.0,0.96,1.7,81,58,51140.0,0,0.191,10.0,25.0,0,0.0,2,0,0.0,-1,-1,-1,-1,0.0,0.0
2026-03-25T22:00,0.0,0.0,0.0,0.01,-7.8,1.18,1.9,102,40,50200.0,0,0.191,10.0,30.0,0,0.0,1,0,0.0,-1,-1,-1,-1,0.0,0.0
2026-03-25T23:00,0.0,0.0,0.0,0.01,-8.2,1.37,2.3,114,43,50180.0,0,0.191,10.0,40.0,0,0.0,1,0,0.0,-1,-1,-1,-1,0.0,0.0
2026-03-26T00:00,0.0,0.0,0.0,0.01,-8.9,1.6,2.5,92,26,49600.0,1,0.191,0.0,50.0,0,0.0,1,0,0.0,-1,-1,-1,-1,0.0,0.0
2026-03-26T01:00,0.0,0.0,0.0,0.01,-6.6,1.76,4.2,83,6,50160.0,1,0.191,0.0,75.0,0,0.0,0,0,0.0,-1,-1,-1,-1,0.0,0.0
2026-03-26T02:00,0.0,0.0,0.0,0.01,-3.3,0.92,4.2,193,0,51060.0,1,0.191,0.0,380.0,0,0.0,0,0,0.0,-1,-1,-1,-1,0.0,0.0
2026-03-26T03:00,0.0,0.0,0.0,0.01,-0.5,2.28,6.2,241,0,51340.0,1,0.191,0.0,1040.0,0,0.0,0,0,0.0,-1,-1,-1,-1,0.0,0.0
2026-03-26T04:00,0.0,0.0,0.0,0.01,2.8,6.1,11.4,252,0,51540.0,1,0.191,0.0,2755.0,0,0.0,0,0,0.0,-1,-1,-1,-1,0.0,0.0
2026-03-26T05:00,0.0,0.0,0.0,0.01,4.4,9.09,16.5,264,0,51520.0,1,0.191,0.0,2940.0,0,0.0,0,0,0.0,-1,-1,-1,-1,0.0,0.0
2026-03-26T06:00,0.0,0.0,0.0,0.01,3.1,9.45,17.7,276,2,51500.0,1,0.191,0.0,2820.0,0,0.0,0,0,0.0,-1,-1,-1,-1,0.0,0.0
2026-03-26T07:00,0.0,0.0,0.0,0.01,5.4,9.5,17.2,271,8,51500.0,1,0.191,0.0,3500.0,0,0.0,0,0,0.0,-1,-1,-1,-1,0.0,0.0
2026-03-26T08:00,0.0,0.0,0.0,0.01,5.3,8.36,17.1,279,0,51780.0,1,0.191,0.0,3380.0,0,0.0,0,0,0.0,-1,-1,-1,-1,0.0,0.0
2026-03-26T09:00,0.0,0.0,0.0,0.01,4.3,8.67,16.5,290,1,51460.0,1,0.191,0.0,3365.0,0,0.0,0,0,0.0,-1,-1,-1,-1,0.0,0.0
2026-03-26T10:00,0.0,0.0,0.0,0.01,3.5,7.32,15.5,290,16,51440.0,1,0.191,0.0,3125.0,0,0.0,0,0,0.0,-1,-1,-1,-1,0.0,0.0
2026-03-26T11:00,0.0,0.0,0.0,0.01,2.0,5.35,12.8,294,48,51420.0,1,0.19,0.0,1920.0,0,0.0,1,0,0.0,-1,-1,-1,-1,0.0,0.0
2026-03-26T12:00,0.0,0.0,0.0,0.01,-1.6,2.47,8.7,302,93,51400.0,1,0.19,0.0,175.0,0,0.0,3,0,0.0,-1,-1,-1,-1,0.0,0.0
2026-03-26T13:00,0.0,0.0,0.0,0.01,-2.7,1.81,4.0,332,100,51380.0,0,0.19,0.0,70.0,0,0.0,3,0,0.0,-1,-1,-1,-1,0.0,0.0
2026-03-26T14:00,0.0,0.0,0.0,0.01,-2.8,2.8,4.0,1,100,51140.0,0,0.19,0.0,170.0,0,0.0,3,0,0.0,-1,-1,-1,-1,0.0,0.0
2026-03-26T15:00,0.0,0.0,0.0,0.01,-3.2,3.54,6.3,19,100,51140.0,0,0.19,0.0,185.0,0,0.0,3,0,0.0,-1,-1,-1,-1,0.0,0.0
2026-03-26T16:00,0.0,0.0,0.0,0.01,-4.5,1.72,5.7,36,100,51120.0,0,0.19,0.0,60.0,0,0.0,3,0,0.0,-1,-1,-1,-1,0.0,0.0
2026-03-26T17:00,0.0,0.0,0.0,0.01,-4.7,1.05,2.8,115,100,51100.0,0,0.19,10.0,30.0,0,0.0,3,0,0.0,-1,-1,-1,-1,0.0,0.0
2026-03-26T18:00,0.0,0.0,0.0,0.01,-4.2,0.34,1.9,153,100,51080.0,0,0.19,10.0,15.0,0,0.0,3,0,0.0,-1,-1,-1,-1,0.0,0.0
2026-03-26T19:00,0.0,0.0,0.0,0.01,-4.1,1.2,1.7,318,100,51060.0,0,0.19,0.0,30.0,0,0.0,3,0,0.0,-1,-1,-1,-1,0.0,0.0
2026-03-26T20:00,0.0,0.0,0.0,0.01,-5.0,2.71,3.9,337,100,51040.0,0,0.19,0.0,75.0,0,0.0,3,0,0.0,-1,-1,-1,-1,0.0,0.0
2026-03-26T21:00,0.0,0.0,0.0,0.01,-5.4,3.37,5.3,354,100,51020.0,0,0.191,0.0,110.0,0,0.0,3,0,0.0,-1,-1,-1,-1,0.0,0.0
2026-03-26T22:00,0.0,0.0,0.0,0.01,-5.8,2.71,5.3,356,100,51000.0,0,0.191,0.0,90.0,0,0.0,3,0,0.0,-1,-1,-1,-1,0.0,0.0
2026-03-26T23:00,0.0,0.0,0.0,0.01,-6.0,2.17,4.2,341,100,50980.0,0,0.191,0.0,105.0,0,0.0,3,0,0.0,-1,-1,-1,-1,0.0,0.0
2026-03-27T00:00,0.0,0.0,0.0,0.0,-5.0,2.77,3.5,311,100,50680.0,1,0.191,0.0,165.0,0,0.0,3,0,0.0,-1,-1,-1,-1,0.0,0.0
2026-03-27T01:00,0.0,0.0,0.0,0.0,-3.1,4.62,7.9,310,100,47860.0,1,0.191,0.0,395.0,0,0.0,3,0,0.0,-1,-1,-1,-1,0.0,0.0
2026-03-27T02:00,0.0,0.0,0.0,0.0,-2.1,5.31,9.9,313,100,39860.0,1,0.191,0.0,1080.0,0,0.0,3,0,0.0,-1,-1,-1,-1,0.0,0.0
2026-03-27T03:00,0.0,0.0,0.0,0.0,-0.8,4.93,9.9,320,100,42120.0,1,0.191,0.0,1440.0,0,0.0,3,0,0.0,-1,-1,-1,-1,0.0,0.0
2026-03-27T04:00,0.0,0.0,0.0,0.0,0.3,4.72,10.1,320,100,46000.0,1,0.191,0.0,1560.0,0,0.0,3,0,0.0,-1,-1,-1,-1,0.0,0.0
2026-03-27T05:00,0.0,0.0,0.0,0.0,1.7,4.44,10.0,309,93,51400.0,1,0.191,10.0,1985.0,0,0.0,3,0,0.0,-1,-1,-1,-1,0.0,0.0
2026-03-27T06:00,0.0,0.0,0.0,0.0,1.7,4.48,10.2,305,75,51380.0,1,0.191,0.0,2285.0,0,0.0,2,0,0.0,-1,-1,-1,-1,0.0,0.0
2026-03-27T07:00,0.0,0.0,0.0,0.0,2.5,4.24,10.1,313,25,51360.0,1,0.19,0.0,2450.0,0,0.0,1,0,0.0,-1,-1,-1,-1,0.0,0.0
2026-03-27T08:00,0.0,0.0,0.0,0.0,2.7,3.91,9.6,325,52,51340.0,1,0.19,0.0,2495.0,0,0.0,2,0,0.0,-1,-1,-1,-1,0.0,0.0
2026-03-27T09:00,0.0,0.0,0.0,0.0,2.4,3.53,9.0,335,80,51020.0,1,0.189,0.0,2520.0,0,0.0,3,0,0.0,-1,-1,-1,-1,0.0,0.0
2026-03-27T10:00,0.0,0.0,0.0,0.0,1.8,3.18,8.0,353,88,51020.0,1,0.188,0.0,2415.0,0,0.0,3,0,0.0,-1,-1,-1,-1,0.0,0.0
2026-03-27T11:00,0.0,0.0,0.0,0.0,0.8,3.11,7.0,11,59,51000.0,1,0.188,0.0,1375.0,0,0.0,2,0,0.0,-1,-1,-1,-1,0.0,0.0
2026-03-27T12:00,0.0,0.0,0.0,0.0,-2.3,1.45,5.9,319,59,50760.0,1,0.189,0.0,90.0,0,0.0,2,0,0.0,-1,-1,-1,-1,0.0,0.0
2026-03-27T13:00,0.0,0.0,0.0,0.0,-4.5,1.06,2.2,19,98,50740.0,0,0.189,0.0,40.0,1,0.0,3,0,0.0,-1,-1,-1,-1,0.0,0.0
2026-03-27T14:00,0.0,0.0,0.0,0.0,-5.1,1.97,3.2,60,100,50720.0,0,0.189,0.0,50.0,1,0.0,3,0,0.0,-1,-1,-1,-1,0.0,0.0
2026-03-27T15:00,0.0,0.0,0.0,0.0,-4.7,3.47,5.7,65,100,50720.0,0,0.189,0.0,125.0,1,0.0,3,0,0.0,-1,-1,-1,-1,0.0,0.0
2026-03-27T16:00,0.0,0.0,0.0,0.0,-3.5,3.21,6.3,86,100,50400.0,0,0.189,0.0,205.0,1,0.0,3,0,0.0,-1,-1,-1,-1,0.0,0.0
2026-03-27T17:00,0.0,0.0,0.0,0.0,-4.4,3.09,5.4,81,100,50380.0,0,0.189,0.0,195.0,1,0.0,3,0,0.0,-1,-1,-1,-1,0.0,0.0
2026-03-27T18:00,0.0,0.0,0.0,0.0,-4.7,3.92,5.6,71,100,50360.0,0,0.189,0.0,230.0,0,0.0,3,0,0.0,-1,-1,-1,-1,0.0,0.0
2026-03-27T19:00,0.0,0.0,0.0,0.0,-4.6,3.62,6.5,79,100,50280.0,0,0.189,0.0,240.0,0,0.0,3,0,0.0,-1,-1,-1,-1,0.0,0.0
2026-03-27T20:00,0.0,0.0,0.0,0.0,-4.3,3.72,6.3,84,100,33560.0,0,0.189,0.0,255.0,0,0.0,3,0,0.0,-1,-1,-1,-1,0.0,0.0
2026-03-27T21:00,0.0,0.0,0.0,0.0,-4.1,4.47,6.9,76,100,15840.0,0,0.189,10.0,255.0,0,0.0,3,0,0.0,-1,-1,-1,-1,0.0,0.0
2026-03-27T22:00,0.0,0.0,0.07,0.0,-4.5,3.84,6.9,82,100,14360.0,0,0.189,20.0,280.0,0,0.0,71,0,0.0,-1,-1,-1,-1,0.0,0.0
2026-03-27T23:00,0.0,0.0,0.07,0.0,-4.7,3.44,6.3,81,100,9700.0,0,0.189,20.0,285.0,0,0.0,71,0,0.0,-1,-1,-1,-1,0.0,0.0
2026-03-28T00:00,0.0,0.0,0.21,0.0,-4.7,2.81,6.3,78,100,22040.0,1,0.189,10.0,220.0,0,0.0,73,0,0.0,-1,-1,-1,-1,0.0,0.0
2026-03-28T01:00,0.0,0.0,0.0,0.0,-3.7,3.34,6.2,81,100,16680.0,1,0.189,0.0,355.0,0,0.0,3,0,0.0,-1,-1,-1,-1,0.0,0.0
2026-03-28T02:00,0.0,0.0,0.07,0.0,-2.3,3.82,7.7,101,100,17220.0,1,0.189,0.0,615.0,1,0.0,71,0,0.0,-1,-1,-1,-1,0.0,0.0
2026-03-28T03:00,0.0,0.0,0.07,0.0,-1.3,3.67,8.0,114,100,11380.0,1,0.189,0.0,765.0,0,0.0,71,0,0.0,-1,-1,-1,-1,0.0,0.0
2026-03-28T04:00,0.0,0.0,0.14,0.0,-1.1,3.05,7.9,125,100,6200.0,1,0.189,0.0,770.0,0,0.0,71,0,0.0,-1,-1,-1,-1,0.0,0.0
2026-03-28T05:00,0.0,0.0,0.07,0.0,1.0,1.94,7.2,145,100,37940.0,1,0.189,10.0,1130.0,0,0.0,71,0,0.0,-1,-1,-1,-1,0.0,0.0
2026-03-28T06:00,0.0,0.0,0.0,0.0,2.2,2.93,7.4,172,100,33800.0,1,0.189,120.0,1520.0,0,0.0,3,0,0.0,-1,-1,-1,-1,0.0,0.0
2026-03-28T07:00,0.0,1.0,0.07,0.0,3.2,4.29,9.6,188,100,29680.0,1,0.188,170.0,1565.0,0,0.0,85,0,0.0,-1,-1,-1,-1,0.0,0.0
2026-03-28T08:00,0.0,1.0,0.84,0.01,2.1,4.79,9.9,153,100,25040.0,1,0.188,180.0,1400.0,0,0.0,86,0,0.0,-1,-1,-1,-1,0.0,0.0
2026-03-28T09:00,0.0,0.75,0.28,0.01,0.7,4.61,10.9,207,100,17460.0,1,0.188,20.0,940.0,0,0.0,85,0,0.0,-1,-1,-1,-1,0.0,0.0
2026-03-28T10:00,0.0,0.0,0.0,0.01,2.6,4.12,10.5,239,100,46520.0,1,0.188,160.0,1715.0,0,0.0,3,0,0.0,-1,-1,-1,-1,0.0,0.0
2026-03-28T11:00,0.0,1.0,0.35,0.01,-0.6,2.66,10.5,265,100,30720.0,1,0.187,30.0,635.0,0,0.0,85,0,0.0,-1,-1,-1,-1,0.0,0.0
2026-03-28T12:00,0.0,1.0,0.28,0.02,-2.3,4.55,8.2,270,100,1720.0,1,0.188,200.0,395.0,0,0.0,85,0,0.0,-1,-1,-1,-1,0.0,0.0
2026-03-28T13:00,0.0,0.406,2.24,0.05,-3.0,6.05,9.9,260,100,1580.0,0,0.188,80.0,495.0,0,0.0,86,1,0.0,2,0,3,432,0.0,0.244
2026-03-28T14:00,0.0,0.25,1.12,0.06,-3.4,5.28,10.2,264,100,3740.0,0,0.188,120.0,435.0,0,0.0,86,1,0.0,2,1,2,432,0.0,0.15
2026-03-28T15:00,0.0,0.667,0.84,0.06,-3.8,2.83,8.5,249,100,7340.0,0,0.188,30.0,375.0,0,0.0,86,1,0.0,2,2,1,432,0.0,0.4
2026-03-28T16:00,0.0,0.0,0.07,0.06,-4.0,1.74,4.7,243,100,39960.0,0,0.188,70.0,335.0,0,0.0,71,0,0.0,-1,-1,-1,-1,0.0,0.0
2026-03-28T17:00,0.0,0.0,0.0,0.06,-6.1,2.57,4.4,241,52,40760.0,0,0.188,70.0,395.0,0,0.0,2,0,0.0,-1,-1,-1,-1,0.0,0.0
2026-03-28T18:00,0.0,1.0,0.07,0.06,-6.2,3.54,5.6,283,95,32100.0,0,0.188,20.0,450.0,0,0.0,85,0,0.0,-1,-1,-1,-1,0.0,0.0
2026-03-28T19:00,0.0,1.0,0.42,0.06,-5.4,2.77,6.9,287,16,41100.0,0,0.188,70.0,405.0,0,0.0,85,0,0.0,-1,-1,-1,-1,0.0,0.0
2026-03-28T20:00,0.0,0.0,0.0,0.06,-8.1,2.6,4.9,271,0,46980.0,0,0.188,90.0,240.0,0,0.0,0,0,0.0,-1,-1,-1,-1,0.0,0.0
2026-03-28T21:00,0.0,0.0,0.0,0.06,-9.4,1.87,4.3,279,0,46960.0,0,0.188,80.0,155.0,0,0.0,0,0,0.0,-1,-1,-1,-1,0.0,0.0
2026-03-28T22:00,0.0,0.0,0.0,0.06,-9.6,0.87,3.1,283,0,46960.0,0,0.188,50.0,70.0,0,0.0,0,0,0.0,-1,-1,-1,-1,0.0,0.0
2026-03-28T23:00,0.0,0.0,0.0,0.06,-9.6,0.52,1.9,287,0,46940.0,0,0.188,10.0,25.0,0,0.0,0,0,0.0,-1,-1,-1,-1,0.0,0.0
2026-03-29T00:00,0.0,0.0,0.0,0.01,-7.3,0.82,1.5,308,1,46920.0,1,0.188,10.0,145.0,0,0.0,0,0,0.0,-1,-1,-1,-1,0.0,0.0
2026-03-29T01:00,0.0,0.0,0.0,0.01,-3.3,2.18,4.4,254,2,48440.0,1,0.188,0.0,470.0,0,0.0,0,0,0.0,-1,-1,-1,-1,0.0,0.0
2026-03-29T02:00,0.0,0.0,0.0,0.01,-0.3,5.65,10.0,255,0,48960.0,1,0.188,30.0,1530.0,0,0.0,0,0,0.0,-1,-1,-1,-1,0.0,0.0
2026-03-29T03:00,0.0,0.0,0.0,0.01,1.7,6.72,12.7,261,4,50100.0,1,0.188,10.0,2555.0,0,0.0,0,0,0.0,-1,-1,-1,-1,0.0,0.0
2026-03-29T04:00,0.0,0.0,0.0,0.01,3.7,8.31,15.0,272,42,50080.0,1,0.188,0.0,2895.0,0,0.0,1,0,0.0,-1,-1,-1,-1,0.0,0.0
2026-03-29T05:00,0.0,0.0,0.0,0.01,5.2,10.23,18.0,289,59,50260.0,1,0.188,10.0,3220.0,0,0.0,2,0,0.0,-1,-1,-1,-1,0.0,0.0
2026-03-29T06:00,0.0,0.0,0.0,0.01,4.6,7.97,18.3,288,78,50240.0,1,0.188,0.0,2715.0,0,0.0,2,0,0.0,-1,-1,-1,-1,0.0,0.0
2026-03-29T07:00,0.0,1.0,0.21,0.01,6.2,8.82,16.2,283,77,50220.0,1,0.188,0.0,2780.0,0,0.0,85,0,0.0,-1,-1,-1,-1,0.0,0.0
2026-03-29T08:00,0.0,0.0,0.0,0.01,6.5,8.5,16.0,284,84,50220.0,1,0.188,0.0,3120.0,0,0.0,3,0,0.0,-1,-1,-1,-1,0.0,0.0
2026-03-29T09:00,0.0,0.0,0.0,0.01,6.5,8.11,15.1,302,100,50200.0,1,0.187,10.0,2985.0,0,0.0,3,0,0.0,-1,-1,-1,-1,0.0,0.0
2026-03-29T10:00,0.0,0.0,0.0,0.01,6.3,6.87,14.4,312,98,50180.0,1,0.187,0.0,3050.0,0,0.0,3,0,0.0,-1,-1,-1,-1,0.0,0.0
2026-03-29T11:00,0.0,0.0,0.0,0.01,4.2,6.84,11.9,295,95,50160.0,1,0.187,0.0,1170.0,0,0.0,3,0,0.0,-1,-1,-1,-1,0.0,0.0
2026-03-29T12:00,0.0,0.0,0.0,0.01,0.7,1.9,11.4,270,100,50140.0,1,0.187,0.0,155.0,0,0.0,3,0,0.0,-1,-1,-1,-1,0.0,0.0
2026-03-29T13:00,0.0,0.0,0.0,0.01,-0.4,5.11,8.0,203,100,48780.0,0,0.187,40.0,335.0,0,0.0,3,0,0.0,-1,-1,-1,-1,0.0,0.0
2026-03-29T14:00,0.0,0.0,0.0,0.01,-0.5,5.02,9.7,223,100,48780.0,0,0.187,50.0,360.0,0,0.0,3,0,0.0,-1,-1,-1,-1,0.0,0.0
2026-03-29T15:00,0.0,0.0,0.0,0.01,-0.4,5.23,8.5,212,100,48760.0,0,0.187,0.0,365.0,0,0.0,3,0,0.0,-1,-1,-1,-1,0.0,0.0
2026-03-29T16:00,0.0,0.0,0.0,0.01,-1.1,4.38,8.9,212,100,48740.0,0,0.187,10.0,325.0,0,0.0,3,0,0.0,-1,-1,-1,-1,0.0,0.0
2026-03-29T17:00,0.0,0.0,0.0,0.01,-1.6,2.95,7.4,208,100,48720.0,0,0.187,30.0,265.0,0,0.0,3,0,0.0,-1,-1,-1,-1,0.0,0.0
2026-03-29T18:00,0.0,1.0,0.14,0.01,-1.9,2.06,5.9,203,100,48180.0,0,0.187,10.0,265.0,0,0.0,85,0,0.0,-1,-1,-1,-1,0.0,0.0
2026-03-29T19:00,0.0,0.0,0.0,0.01,-0.9,3.41,5.6,235,100,48700.0,0,0.187,0.0,810.0,0,0.0,3,0,0.0,-1,-1,-1,-1,0.0,0.0
2026-03-29T20:00,0.0,0.0,0.0,0.01,-1.3,4.81,8.2,237,100,48680.0,0,0.187,10.0,795.0,0,0.0,3,0,0.0,-1,-1,-1,-1,0.0,0.0
2026-03-29T21:00,0.0,0.0,0.07,0.01,-1.3,6.61,12.2,250,100,30460.0,0,0.187,20.0,935.0,0,0.0,71,0,0.0,-1,-1,-1,-1,0.0,0.0
2026-03-29T22:00,0.0,0.0,0.07,0.01,-1.7,6.42,11.6,245,100,7040.0,0,0.187,20.0,960.0,0,0.0,71,0,0.0,-1,-1,-1,-1,0.0,0.0
2026-03-29T23:00,0.0,0.667,0.21,0.01,-1.3,5.71,10.9,256,100,40520.0,0,0.187,0.0,1175.0,0,0.0,85,0,0.0,-1,-1,-1,-1,0.0,0.0
2026-03-30T00:00,0.0,0.0,0.0,0.0,-1.8,6.22,10.1,259,8,47260.0,1,0.187,40.0,815.0,0,0.0,0,0,0.0,-1,-1,-1,-1,0.0,0.0
2026-03-30T01:00,0.0,1.0,0.07,0.0,0.4,7.05,13.1,268,20,48080.0,1,0.187,40.0,1680.0,0,0.0,85,0,0.0,-1,-1,-1,-1,0.0,0.0
2026-03-30T02:00,0.0,1.0,0.21,0.0,2.0,9.32,16.7,291,34,46720.0,1,0.187,80.0,1965.0,0,0.0,85,0,0.0,-1,-1,-1,-1,0.0,0.0
2026-03-30T03:00,0.0,1.0,0.28,0.01,3.2,9.1,16.8,296,36,45780.0,1,0.187,30.0,2235.0,0,0.0,85,0,0.0,-1,-1,-1,-1,0.0,0.0
2026-03-30T04:00,0.0,0.0,0.0,0.01,4.5,9.01,16.4,295,59,48680.0,1,0.186,30.0,2405.0,0,0.0,2,0,0.0,-1,-1,-1,-1,0.0,0.0
2026-03-30T05:00,0.0,1.0,0.07,0.01,5.5,9.25,16.6,300,67,47200.0,1,0.186,0.0,2580.0,0,0.0,85,0,0.0,-1,-1,-1,-1,0.0,0.0
2026-03-30T06:00,0.0,0.0,0.0,0.01,5.2,9.37,17.6,298,69,49840.0,1,0.19,0.0,2655.0,0,0.0,2,0,0.0,-1,-1,-1,-1,0.0,0.0
2026-03-30T07:00,0.0,0.0,0.0,0.01,6.7,9.95,17.3,297,20,49820.0,1,0.189,20.0,4160.0,0,0.0,1,0,0.0,-1,-1,-1,-1,0.0,0.0
2026-03-30T08:00,0.0,0.0,0.0,0.01,7.5,9.73,18.1,295,75,49800.0,1,0.188,50.0,4730.0,0,0.0,2,0,0.0,-1,-1,-1,-1,0.0,0.0
2026-03-30T09:00,0.0,0.0,0.0,0.01,7.4,9.14,17.3,290,97,49780.0,1,0.187,40.0,4395.0,0,0.0,3,0,0.0,-1,-1,-1,-1,0.0,0.0
2026-03-30T10:00,0.0,0.0,0.0,0.0,5.8,9.7,17.1,271,43,49580.0,1,0.187,0.0,3455.0,0,0.0,1,0,0.0,-1,-1,-1,-1,0.0,0.0
2026-03-30T11:00,0.0,0.0,0.0,0.0,4.6,8.05,17.0,276,75,49760.0,1,0.187,0.0,2785.0,0,0.0,2,0,0.0,-1,-1,-1,-1,0.0,0.0
2026-03-30T12:00,0.0,0.0,0.0,0.01,2.1,4.53,14.0,292,70,49540.0,1,0.186,30.0,1030.0,0,0.0,2,0,0.0,-1,-1,-1,-1,0.0,0.0
2026-03-30T13:00,0.0,0.0,0.0,0.01,0.7,3.68,7.6,282,34,49520.0,0,0.186,60.0,560.0,0,0.0,1,0,0.0,-1,-1,-1,-1,0.0,0.0
2026-03-30T14:00,0.0,0.0,0.0,0.01,-1.2,2.76,6.7,258,1,49520.0,0,0.186,30.0,190.0,0,0.0,0,0,0.0,-1,-1,-1,-1,0.0,0.0
2026-03-30T15:00,0.0,0.0,0.0,0.01,-3.0,2.19,4.8,235,0,49220.0,0,0.186,40.0,100.0,0,0.0,0,0,0.0,-1,-1,-1,-1,0.0,0.0
2026-03-30T16:00,0.0,0.0,0.0,0.01,-3.0,1.0,3.8,323,0,49200.0,0,0.186,0.0,55.0,0,0.0,0,0,0.0,-1,-1,-1,-1,0.0,0.0
2026-03-30T17:00,0.0,0.0,0.0,0.01,-2.7,2.98,4.9,9,8,49200.0,0,0.186,0.0,165.0,0,0.0,0,0,0.0,-1,-1,-1,-1,0.0,0.0
2026-03-30T18:00,0.0,0.0,0.0,0.01,-2.6,2.68,5.1,9,1,49180.0,0,0.186,0.0,125.0,0,0.0,0,0,0.0,-1,-1,-1,-1,0.0,0.0
2026-03-30T19:00,0.0,0.0,0.0,0.01,-3.4,0.88,4.4,43,0,49160.0,0,0.186,0.0,35.0,0,0.0,0,0,0.0,-1,-1,-1,-1,0.0,0.0
2026-03-30T20:00,0.0,0.0,0.0,0.01,-4.0,0.27,1.7,158,0,49140.0,0,0.186,0.0,20.0,0,0.0,0,0,0.0,-1,-1,-1,-1,0.0,0.0
2026-03-30T21:00,0.0,0.0,0.0,0.01,-4.4,0.16,0.8,108,0,49120.0,0,0.186,0.0,10.0,0,0.0,0,0,0.0,-1,-1,-1,-1,0.0,0.0
2026-03-30T22:00,0.0,0.0,0.0,0.01,-5.2,0.85,1.3,50,0,49120.0,0,0.186,0.0,20.0,0,0.0,0,0,0.0,-1,-1,-1,-1,0.0,0.0
2026-03-30T23:00,0.0,0.0,0.0,0.01,-5.7,1.03,1.9,61,0,49100.0,0,0.186,0.0,20.0,0,0.0,0,0,0.0,-1,-1,-1,-1,0.0,0.0
2026-03-31T00:00,0.0,0.0,0.0,0.0,-6.6,1.48,2.0,62,0,48240.0,1,0.186,0.0,30.0,0,0.0,0,0,0.0,-1,-1,-1,-1,0.0,0.0
2026-03-31T01:00,0.0,0.0,0.0,0.0,-2.4,1.61,3.9,85,0,49060.0,1,0.186,0.0,120.0,0,0.0,0,0,0.0,-1,-1,-1,-1,0.0,0.0
2026-03-31T02:00,0.0,0.0,0.0,0.0,0.5,1.29,4.4,144,0,49320.0,1,0.186,0.0,440.0,0,0.0,0,0,0.0,-1,-1,-1,-1,0.0,0.0
2026-03-31T03:00,0.0,0.0,0.0,0.0,2.9,1.25,5.2,157,0,49300.0,1,0.186,0.0,930.0,0,0.0,0,0,0.0,-1,-1,-1,-1,0.0,0.0
2026-03-31T04:00,0.0,0.0,0.0,0.0,4.9,0.71,5.1,172,0,49460.0,1,0.186,0.0,1425.0,0,0.0,0,0,0.0,-1,-1,-1,-1,0.0,0.0
2026-03-31T05:00,0.0,0.0,0.0,0.0,6.5,1.19,5.5,213,13,49460.0,1,0.186,0.0,2115.0,0,0.0,0,0,0.0,-1,-1,-1,-1,0.0,0.0
2026-03-31T06:00,0.0,0.0,0.0,0.0,6.7,1.66,6.4,213,45,49440.0,1,0.188,0.0,2640.0,0,0.0,1,0,0.0,-1,-1,-1,-1,0.0,0.0
2026-03-31T07:00,0.0,0.0,0.0,0.0,8.1,1.66,6.4,241,55,49420.0,1,0.187,10.0,3385.0,0,0.0,2,0,0.0,-1,-1,-1,-1,0.0,0.0
2026-03-31T08:00,0.0,0.0,0.0,0.0,9.3,2.21,6.6,266,64,49400.0,1,0.186,10.0,3695.0,0,0.0,2,0,0.0,-1,-1,-1,-1,0.0,0.0
2026-03-31T09:00,0.0,0.0,0.0,0.0,9.4,2.97,7.2,276,92,49380.0,1,0.185,0.0,3600.0,0,0.0,3,0,0.0,-1,-1,-1,-1,0.0,0.0
2026-03-31T10:00,0.0,0.0,0.0,0.0,8.7,3.75,7.9,269,100,49380.0,1,0.184,10.0,3610.0,0,0.0,3,0,0.0,-1,-1,-1,-1,0.0,0.0
2026-03-31T11:00,0.0,0.0,0.0,0.0,7.8,2.0,7.8,202,100,49360.0,1,0.184,10.0,3360.0,0,0.0,3,0,0.0,-1,-1,-1,-1,0.0,0.0
2026-03-31T12:00,0.0,0.0,0.0,0.0,4.4,3.15,4.7,136,100,49160.0,1,0.195,0.0,335.0,0,0.0,3,0,0.0,-1,-1,-1,-1,0.0,0.0
2026-03-31T13:00,0.0,0.0,0.0,0.0,2.8,2.7,5.5,124,100,48880.0,0,0.195,0.0,195.0,1,0.0,3,0,0.0,-1,-1,-1,-1,0.0,0.0
2026-03-31T14:00,0.0,0.0,0.0,0.0,1.8,3.34,5.1,112,100,48860.0,0,0.195,0.0,175.0,1,0.0,3,0,0.0,-1,-1,-1,-1,0.0,0.0
2026-03-31T15:00,0.0,1.0,0.07,0.0,0.0,5.51,10.0,144,99,36620.0,0,0.195,20.0,525.0,0,0.0,85,0,0.0,-1,-1,-1,-1,0.0,0.0
2026-03-31T16:00,0.0,1.0,0.14,0.0,-0.5,5.03,9.1,117,100,36280.0,0,0.195,0.0,455.0,1,0.0,85,0,0.0,-1,-1,-1,-1,0.0,0.0
2026-03-31T17:00,0.0,0.0,0.0,0.0,-0.9,5.71,9.2,120,100,46660.0,0,0.195,10.0,415.0,0,0.0,3,0,0.0,-1,-1,-1,-1,0.0,0.0
2026-03-31T18:00,0.0,0.0,0.0,0.0,-1.3,3.88,9.6,125,100,45620.0,0,0.195,0.0,285.0,0,0.0,3,0,0.0,-1,-1,-1,-1,0.0,0.0
2026-03-31T19:00,0.0,1.0,0.07,0.0,-1.5,2.1,6.3,179,100,13400.0,0,0.195,0.0,540.0,1,0.0,85,0,0.0,-1,-1,-1,-1,0.0,0.0
2026-03-31T20:00,0.0,1.0,0.07,0.0,-1.4,2.72,5.7,227,100,11040.0,0,0.195,40.0,560.0,0,0.0,85,0,0.0,-1,-1,-1,-1,0.0,0.0
2026-03-31T21:00,0.0,0.667,0.21,0.0,-1.6,3.54,8.4,227,100,13260.0,0,0.195,10.0,840.0,0,0.0,85,0,0.0,-1,-1,-1,-1,0.0,0.0
2026-03-31T22:00,0.0,0.75,0.28,0.01,-2.3,4.71,9.7,228,99,13980.0,0,0.195,10.0,965.0,0,0.0,85,0,0.0,-1,-1,-1,-1,0.0,0.0
2026-03-31T23:00,0.0,0.5,0.14,0.01,-2.1,6.63,11.9,238,100,17020.0,0,0.195,20.0,885.0,0,0.0,85,0,0.0,-1,-1,-1,-1,0.0,0.0
2026-04-01T00:00,0.0,1.0,0.21,0.0,-2.5,6.36,12.5,246,95,19220.0,1,0.192,100.0,700.0,0,0.0,85,0,0.0,-1,-1,-1,-1,0.0,0.0
2026-04-01T01:00,0.0,0.5,0.14,0.01,-0.9,6.46,12.1,235,92,37940.0,1,0.192,100.0,795.0,0,0.0,85,0,0.0,-1,-1,-1,-1,0.0,0.0
2026-04-01T02:00,0.0,1.0,0.07,0.01,0.3,7.17,14.4,236,100,37740.0,1,0.191,100.0,960.0,0,0.0,85,0,0.0,-1,-1,-1,-1,0.0,0.0
2026-04-01T03:00,0.0,0.0,0.0,0.01,3.3,7.23,14.3,254,16,47820.0,1,0.191,190.0,1925.0,0,0.0,0,0,0.0,-1,-1,-1,-1,0.0,0.0
2026-04-01T04:00,0.0,0.0,0.0,0.01,5.2,8.41,15.3,272,55,48240.0,1,0.191,120.0,2360.0,0,0.0,2,0,0.0,-1,-1,-1,-1,0.0,0.0
2026-04-01T05:00,0.0,0.0,0.0,0.01,5.7,8.17,15.9,274,54,41600.0,1,0.19,0.0,2350.0,0,0.0,2,0,0.0,-1,-1,-1,-1,0.0,0.0
2026-04-01T06:00,0.0,1.0,0.14,0.01,5.2,7.15,15.6,268,52,48860.0,1,0.195,0.0,2170.0,0,0.0,85,0,0.0,-1,-1,-1,-1,0.0,0.0
2026-04-01T07:00,0.0,1.0,0.28,0.01,6.5,6.72,13.5,262,47,48840.0,1,0.194,10.0,2335.0,0,0.0,85,0,0.0,-1,-1,-1,-1,0.0,0.0
2026-04-01T08:00,0.0,1.0,0.07,0.01,7.3,7.1,13.6,258,89,49020.0,1,0.195,0.0,2735.0,0,0.0,85,0,0.0,-1,-1,-1,-1,0.0,0.0
2026-04-01T09:00,0.0,0.0,0.0,0.01,6.8,7.23,14.1,247,99,49000.0,1,0.196,10.0,2580.0,0,0.0,3,0,0.0,-1,-1,-1,-1,0.0,0.0
2026-04-01T10:00,0.0,0.0,0.0,0.0,6.4,7.09,13.5,243,99,48980.0,1,0.197,0.0,2885.0,0,0.0,3,0,0.0,-1,-1,-1,-1,0.0,0.0
2026-04-01T11:00,0.0,0.0,0.0,0.0,5.3,7.54,14.1,244,100,48160.0,1,0.197,30.0,2650.0,0,0.0,3,0,0.0,-1,-1,-1,-1,0.0,0.0
2026-04-01T12:00,0.0,0.0,0.0,0.0,3.0,4.54,12.8,243,91,48760.0,1,0.189,0.0,1395.0,0,0.0,3,0,0.0,-1,-1,-1,-1,0.0,0.0
2026-04-01T13:00,0.0,0.0,0.0,0.0,-0.1,3.44,8.0,189,59,48500.0,0,0.189,20.0,240.0,0,0.0,2,0,0.0,-1,-1,-1,-1,0.0,0.0
2026-04-01T14:00,0.0,0.0,0.0,0.0,-2.4,1.72,5.9,306,86,48480.0,0,0.189,20.0,70.0,0,0.0,3,0,0.0,-1,-1,-1,-1,0.0,0.0
2026-04-01T15:00,0.0,1.0,0.07,0.0,-1.9,1.7,7.0,2,5,47140.0,0,0.189,50.0,75.0,0,0.0,85,0,0.0,-1,-1,-1,-1,0.0,0.0
2026-04-01T16:00,0.0,0.0,0.0,0.0,-3.3,2.27,3.5,202,56,47640.0,0,0.189,50.0,130.0,0,0.0,2,0,0.0,-1,-1,-1,-1,0.0,0.0
2026-04-01T17:00,0.0,0.0,0.0,0.0,-2.8,2.48,4.3,220,38,47620.0,0,0.189,40.0,170.0,0,0.0,1,0,0.0,-1,-1,-1,-1,0.0,0.0
2026-04-01T18:00,0.0,0.0,0.0,0.0,-3.8,0.87,4.3,239,39,47100.0,0,0.189,20.0,45.0,0,0.0,1,0,0.0,-1,-1,-1,-1,0.0,0.0
2026-04-01T19:00,0.0,0.0,0.0,0.0,-4.6,0.73,1.8,286,50,47080.0,0,0.189,0.0,40.0,0,0.0,2,0,0.0,-1,-1,-1,-1,0.0,0.0
2026-04-01T20:00,0.0,0.0,0.0,0.0,-4.9,0.88,1.8,313,9,47080.0,0,0.189,0.0,40.0,0,0.0,0,0,0.0,-1,-1,-1,-1,0.0,0.0
2026-04-01T21:00,0.0,0.0,0.0,0.0,-5.4,1.1,2.0,313,0,47060.0,0,0.189,0.0,40.0,0,0.0,0,0,0.0,-1,-1,-1,-1,0.0,0.0
2026-04-01T22:00,0.0,0.0,0.0,0.0,-5.9,1.2,2.3,315,0,47040.0,0,0.189,0.0,45.0,0,0.0,0,0,0.0,-1,-1,-1,-1,0.0,0.0
2026-04-01T23:00,0.0,0.0,0.0,0.0,-5.9,0.68,2.2,324,0,47020.0,0,0.19,0.0,35.0,0,0.0,0,0,0.0,-1,-1,-1,-1,0.0,0.0
2026-04-02T00:00,0.0,0.0,0.0,0.0,-5.4,0.54,1.5,304,0,46380.0,1,0.19,10.0,30.0,0,0.0,0,0,0.0,-1,-1,-1,-1,0.0,0.0
2026-04-02T01:00,0.0,0.0,0.0,0.0,-2.6,1.49,3.7,256,0,47000.0,1,0.19,10.0,255.0,0,0.0,0,0,0.0,-1,-1,-1,-1,0.0,0.0
2026-04-02T02:00,0.0,0.0,0.0,0.0,0.8,3.92,7.7,264,0,48280.0,1,0.19,60.0,1605.0,0,0.0,0,0,0.0,-1,-1,-1,-1,0.0,0.0
2026-04-02T03:00,0.0,0.0,0.0,0.0,3.3,7.13,13.0,275,34,48520.0,1,0.19,60.0,2810.0,0,0.0,1,0,0.0,-1,-1,-1,-1,0.0,0.0
2026-04-02T04:00,0.0,0.0,0.0,0.0,4.7,8.22,15.7,288,81,48680.0,1,0.189,0.0,2865.0,0,0.0,3,0,0.0,-1,-1,-1,-1,0.0,0.0
2026-04-02T05:00,0.0,1.0,0.07,0.0,5.5,8.89,17.1,285,40,48680.0,1,0.189,0.0,3050.0,0,0.0,85,0,0.0,-1,-1,-1,-1,0.0,0.0
2026-04-02T06:00,0.0,0.0,0.0,0.0,6.2,10.56,19.4,286,64,48660.0,1,0.191,40.0,4680.0,0,0.0,2,0,0.0,-1,-1,-1,-1,0.0,0.0
2026-04-02T07:00,0.0,0.0,0.0,0.0,6.6,9.51,18.4,286,51,48640.0,1,0.19,20.0,4090.0,0,0.0,2,0,0.0,-1,-1,-1,-1,0.0,0.0
2026-04-02T08:00,0.0,1.0,0.28,0.0,7.0,9.4,17.2,291,82,48620.0,1,0.189,60.0,4670.0,0,0.0,85,0,0.0,-1,-1,-1,-1,0.0,0.0
2026-04-02T09:00,0.0,0.0,0.0,0.0,7.1,9.64,17.5,297,86,48600.0,1,0.188,40.0,4570.0,0,0.0,3,0,0.0,-1,-1,-1,-1,0.0,0.0
2026-04-02T10:00,0.0,0.0,0.0,0.0,5.8,8.97,17.0,307,61,48580.0,1,0.188,10.0,3865.0,0,0.0,2,0,0.0,-1,-1,-1,-1,0.0,0.0
2026-04-02T11:00,0.0,0.0,0.0,0.0,4.2,7.79,15.6,312,20,48580.0,1,0.187,0.0,2410.0,0,0.0,1,0,0.0,-1,-1,-1,-1,0.0,0.0
2026-04-02T12:00,0.0,0.0,0.0,0.0,1.6,5.49,13.2,337,52,48380.0,1,0.191,0.0,795.0,0,0.0,2,0,0.0,-1,-1,-1,-1,0.0,0.0
2026-04-02T13:00,0.0,0.0,0.0,0.0,-1.0,4.12,9.0,6,98,48360.0,0,0.191,0.0,240.0,0,0.0,3,0,0.0,-1,-1,-1,-1,0.0,0.0
2026-04-02T14:00,0.0,0.0,0.0,0.0,-1.9,2.69,6.7,22,98,48340.0,0,0.191,0.0,110.0,0,0.0,3,0,0.0,-1,-1,-1,-1,0.0,0.0
2026-04-02T15:00,0.0,0.0,0.0,0.0,-2.8,1.55,4.4,57,100,48080.0,0,0.191,0.0,50.0,0,0.0,3,0,0.0,-1,-1,-1,-1,0.0,0.0
2026-04-02T16:00,0.0,0.0,0.0,0.0,-2.9,0.67,2.4,132,100,48080.0,0,0.191,0.0,20.0,0,0.0,3,0,0.0,-1,-1,-1,-1,0.0,0.0
2026-04-02T17:00,0.0,0.0,0.0,0.0,-2.9,0.74,1.1,152,100,48060.0,0,0.191,0.0,20.0,0,0.0,3,0,0.0,-1,-1,-1,-1,0.0,0.0
2026-04-02T18:00,0.0,0.0,0.0,0.0,-2.8,0.35,1.1,82,91,48040.0,0,0.191,0.0,10.0,0,0.0,3,0,0.0,-1,-1,-1,-1,0.0,0.0
2026-04-02T19:00,0.0,0.0,0.0,0.0,-4.0,0.67,1.1,42,62,48020.0,0,0.191,0.0,25.0,0,0.0,2,0,0.0,-1,-1,-1,-1,0.0,0.0
2026-04-02T20:00,0.0,0.0,0.0,0.0,-4.9,1.1,2.2,39,96,47220.0,0,0.191,0.0,25.0,0,0.0,3,0,0.0,-1,-1,-1,-1,0.0,0.0
2026-04-02T21:00,0.0,0.0,0.0,0.0,-4.5,0.54,2.2,34,100,47200.0,0,0.191,0.0,15.0,0,0.0,3,0,0.0,-1,-1,-1,-1,0.0,0.0
2026-04-02T22:00,0.0,0.0,0.0,0.0,-4.2,0.6,1.2,24,100,47180.0,0,0.191,0.0,15.0,0,0.0,3,0,0.0,-1,-1,-1,-1,0.0,0.0
2026-04-02T23:00,0.0,0.0,0.0,0.0,-4.2,0.38,1.3,337,63,47960.0,0,0.191,0.0,20.0,0,0.0,2,0,0.0,-1,-1,-1,-1,0.0,0.0
2026-04-03T00:00,0.0,0.0,0.0,0.0,-4.8,0.65,1.4,212,88,46660.0,1,0.191,0.0,25.0,0,0.0,3,0,0.0,-1,-1,-1,-1,0.0,0.0
2026-04-03T01:00,0.0,0.0,0.0,0.0,-2.5,0.9,3.1,251,77,47140.0,1,0.191,0.0,110.0,0,0.0,2,0,0.0,-1,-1,-1,-1,0.0,0.0
2026-04-03T02:00,0.0,0.0,0.0,0.0,0.7,1.95,5.1,270,70,47920.0,1,0.191,0.0,425.0,0,0.0,2,0,0.0,-1,-1,-1,-1,0.0,0.0
2026-04-03T03:00,0.0,0.0,0.0,0.0,3.5,3.21,7.3,281,91,48320.0,1,0.191,0.0,2010.0,0,0.0,3,0,0.0,-1,-1,-1,-1,0.0,0.0
2026-04-03T04:00,0.0,0.0,0.0,0.0,5.3,4.97,10.1,299,77,48300.0,1,0.191,0.0,3010.0,0,0.0,2,0,0.0,-1,-1,-1,-1,0.0,0.0
2026-04-03T05:00,0.0,0.0,0.0,0.0,6.7,5.34,10.9,302,86,48520.0,1,0.19,0.0,3545.0,0,0.0,3,0,0.0,-1,-1,-1,-1,0.0,0.0
2026-04-03T06:00,0.0,0.0,0.0,0.0,7.2,6.32,13.2,305,98,48280.0,1,0.189,20.0,4165.0,0,0.0,3,0,0.0,-1,-1,-1,-1,0.0,0.0
2026-04-03T07:00,0.0,0.0,0.0,0.0,7.6,7.0,13.4,309,91,48500.0,1,0.188,0.0,4020.0,0,0.0,3,0,0.0,-1,-1,-1,-1,0.0,0.0
2026-04-03T08:00,0.0,0.0,0.0,0.0,7.8,7.18,13.6,314,68,48240.0,1,0.187,20.0,4320.0,0,0.0,2,0,0.0,-1,-1,-1,-1,0.0,0.0
2026-04-03T09:00,0.0,0.0,0.0,0.0,7.6,6.66,13.6,312,35,48220.0,1,0.186,10.0,4115.0,0,0.0,1,0,0.0,-1,-1,-1,-1,0.0,0.0
2026-04-03T10:00,0.0,0.0,0.0,0.0,7.1,6.02,12.5,312,48,48200.0,1,0.185,0.0,3810.0,0,0.0,1,0,0.0,-1,-1,-1,-1,0.0,0.0
2026-04-03T11:00,0.0,0.0,0.0,0.0,5.8,5.52,11.0,316,34,48420.0,1,0.185,0.0,3405.0,0,0.0,1,0,0.0,-1,-1,-1,-1,0.0,0.0
2026-04-03T12:00,0.0,0.0,0.0,0.0,2.5,2.42,9.5,336,70,48180.0,1,0.185,0.0,230.0,0,0.0,2,0,0.0,-1,-1,-1,-1,0.0,0.0
2026-04-03T13:00,0.0,0.0,0.0,0.0,0.3,2.17,3.9,29,89,48160.0,0,0.185,0.0,80.0,0,0.0,3,0,0.0,-1,-1,-1,-1,0.0,0.0
2026-04-03T14:00,0.0,0.0,0.0,0.0,-0.1,1.5,3.5,53,95,48140.0,0,0.185,0.0,35.0,0,0.0,3,0,0.0,-1,-1,-1,-1,0.0,0.0
2026-04-03T15:00,0.0,0.0,0.0,0.0,-0.8,0.76,2.3,79,85,48140.0,0,0.185,0.0,25.0,0,0.0,3,0,0.0,-1,-1,-1,-1,0.0,0.0
2026-04-03T16:00,0.0,0.0,0.0,0.0,-1.3,2.42,3.9,72,1,47940.0,0,0.185,0.0,50.0,0,0.0,0,0,0.0,-1,-1,-1,-1,0.0,0.0
2026-04-03T17:00,0.0,0.0,0.0,0.0,-3.0,1.61,4.1,95,56,47940.0,0,0.186,0.0,30.0,0,0.0,2,0,0.0,-1,-1,-1,-1,0.0,0.0
2026-04-03T18:00,0.0,0.0,0.0,0.0,-2.5,1.02,2.3,101,97,47920.0,0,0.186,0.0,35.0,0,0.0,3,0,0.0,-1,-1,-1,-1,0.0,0.0
2026-04-03T19:00,0.0,0.0,0.0,0.0,-3.6,0.96,1.6,96,93,47900.0,0,0.186,0.0,30.0,0,0.0,3,0,0.0,-1,-1,-1,-1,0.0,0.0
2026-04-03T20:00,0.0,0.0,0.0,0.0,-3.9,0.76,1.4,98,92,47640.0,0,0.186,0.0,25.0,0,0.0,3,0,0.0,-1,-1,-1,-1,0.0,0.0
2026-04-03T21:00,0.0,0.0,0.0,0.0,-4.2,0.65,1.3,86,41,47620.0,0,0.186,0.0,20.0,0,0.0,1,0,0.0,-1,-1,-1,-1,0.0,0.0
2026-04-03T22:00,0.0,0.0,0.0,0.0,-4.7,0.45,1.3,84,20,47620.0,0,0.186,0.0,15.0,0,0.0,1,0,0.0,-1,-1,-1,-1,0.0,0.0
2026-04-03T23:00,0.0,0.0,0.0,0.0,-4.7,0.16,1.0,72,45,47600.0,0,0.186,10.0,10.0,0,0.0,1,0,0.0,-1,-1,-1,-1,0.0,0.0
2026-04-04T00:00,0.0,0.0,0.0,0.0,-3.3,0.51,1.1,79,92,47580.0,1,0.186,10.0,20.0,0,0.0,3,0,0.0,-1,-1,-1,-1,0.0,0.0
2026-04-04T01:00,0.0,0.0,0.0,0.0,0.2,1.24,3.1,133,18,47560.0,1,0.186,20.0,95.0,0,0.0,0,0,0.0,-1,-1,-1,-1,0.0,0.0
2026-04-04T02:00,0.0,0.0,0.0,0.0,2.9,1.66,4.8,205,96,47560.0,1,0.186,10.0,390.0,0,0.0,3,0,0.0,-1,-1,-1,-1,0.0,0.0
2026-04-04T03:00,0.0,0.0,0.0,0.0,6.2,3.44,7.3,229,80,47780.0,1,0.186,90.0,1530.0,0,0.0,3,0,0.0,-1,-1,-1,-1,0.0,0.0
2026-04-04T04:00,0.0,0.0,0.0,0.0,8.1,8.15,15.0,259,66,47760.0,1,0.186,40.0,2855.0,0,0.0,2,0,0.0,-1,-1,-1,-1,0.0,0.0
2026-04-04T05:00,0.0,0.0,0.0,0.0,8.9,8.51,15.7,272,66,47920.0,1,0.185,30.0,2900.0,0,0.0,2,0,0.0,-1,-1,-1,-1,0.0,0.0
2026-04-04T06:00,0.0,1.0,0.07,0.0,9.2,9.36,17.1,272,89,47900.0,1,0.185,0.0,3055.0,0,0.0,85,0,0.0,-1,-1,-1,-1,0.0,0.0
2026-04-04T07:00,0.0,1.0,0.14,0.0,10.0,9.8,18.0,271,75,47880.0,1,0.184,0.0,3535.0,0,0.0,85,0,0.0,-1,-1,-1,-1,0.0,0.0
2026-04-04T08:00,0.0,0.0,0.0,0.0,11.4,9.91,17.7,272,95,48100.0,1,0.183,90.0,5895.0,0,0.0,3,0,0.0,-1,-1,-1,-1,0.0,0.0
2026-04-04T09:00,0.0,0.0,0.0,0.0,10.8,10.11,18.2,276,58,48080.0,1,0.182,40.0,5195.0,0,0.0,2,0,0.0,-1,-1,-1,-1,0.0,0.0
2026-04-04T10:00,0.0,0.0,0.0,0.0,9.6,9.46,17.9,285,90,48060.0,1,0.181,30.0,4250.0,0,0.0,3,0,0.0,-1,-1,-1,-1,0.0,0.0
2026-04-04T11:00,0.0,0.0,0.0,0.0,7.8,8.26,16.4,295,91,47820.0,1,0.181,10.0,2745.0,0,0.0,3,0,0.0,-1,-1,-1,-1,0.0,0.0
2026-04-04T12:00,0.0,0.0,0.0,0.0,5.4,4.73,13.9,300,98,47800.0,1,0.187,20.0,620.0,0,0.0,3,0,0.0,-1,-1,-1,-1,0.0,0.0
2026-04-04T13:00,0.0,0.0,0.0,0.0,2.3,3.42,8.0,308,96,47780.0,0,0.187,20.0,325.0,0,0.0,3,0,0.0,-1,-1,-1,-1,0.0,0.0
2026-04-04T14:00,0.0,0.0,0.0,0.0,0.0,2.35,5.7,297,100,47780.0,0,0.187,10.0,185.0,0,0.0,3,0,0.0,-1,-1,-1,-1,0.0,0.0
2026-04-04T15:00,0.0,0.0,0.0,0.0,-0.8,1.16,3.9,187,100,47760.0,0,0.187,0.0,40.0,0,0.0,3,0,0.0,-1,-1,-1,-1,0.0,0.0
2026-04-04T16:00,0.0,0.0,0.0,0.0,-1.3,1.93,2.9,190,100,47580.0,0,0.187,0.0,95.0,0,0.0,3,0,0.0,-1,-1,-1,-1,0.0,0.0
2026-04-04T17:00,0.0,0.0,0.0,0.0,-0.9,2.4,4.1,239,100,47560.0,0,0.188,0.0,175.0,0,0.0,3,0,0.0,-1,-1,-1,-1,0.0,0.0
2026-04-04T18:00,0.0,0.0,0.0,0.0,-1.2,1.11,3.9,324,100,47540.0,0,0.188,0.0,60.0,0,0.0,3,0,0.0,-1,-1,-1,-1,0.0,0.0
2026-04-04T19:00,0.0,0.0,0.0,0.0,-2.0,1.88,2.8,11,100,47540.0,0,0.188,0.0,50.0,0,0.0,3,0,0.0,-1,-1,-1,-1,0.0,0.0
2026-04-04T20:00,0.0,0.0,0.0,0.0,-1.2,0.96,2.9,28,100,47520.0,0,0.188,0.0,20.0,0,0.0,3,0,0.0,-1,-1,-1,-1,0.0,0.0
2026-04-04T21:00,0.0,0.0,0.0,0.0,0.3,0.32,1.7,129,100,47500.0,0,0.188,20.0,10.0,0,0.0,3,0,0.0,-1,-1,-1,-1,0.0,0.0
2026-04-04T22:00,0.0,0.0,0.0,0.0,-0.8,0.93,1.7,164,100,47480.0,0,0.188,10.0,30.0,0,0.0,3,0,0.0,-1,-1,-1,-1,0.0,0.0
2026-04-04T23:00,0.0,0.0,0.0,0.0,-1.4,1.5,2.5,154,100,47240.0,0,0.188,20.0,40.0,0,0.0,3,0,0.0,-1,-1,-1,-1,0.0,0.0
2026-04-05T00:00,0.0,0.0,0.0,0.0,-1.3,0.89,2.5,117,100,47220.0,1,0.191,40.0,25.0,0,0.0,3,0,0.0,-1,-1,-1,-1,0.0,0.0
2026-04-05T01:00,0.0,0.0,0.0,0.0,2.1,1.37,3.1,170,100,47220.0,1,0.191,30.0,125.0,0,0.0,3,0,0.0,-1,-1,-1,-1,0.0,0.0
2026-04-05T02:00,0.0,1.0,0.07,0.0,4.1,2.0,5.0,267,97,47200.0,1,0.191,40.0,650.0,0,0.0,85,0,0.0,-1,-1,-1,-1,0.0,0.0
2026-04-05T03:00,0.0,0.0,0.0,0.0,7.2,4.58,8.5,256,80,47400.0,1,0.191,50.0,2560.0,0,0.0,3,0,0.0,-1,-1,-1,-1,0.0,0.0
2026-04-05T04:00,0.0,0.0,0.0,0.0,7.5,5.5,11.1,248,38,47400.0,1,0.19,0.0,2460.0,0,0.0,1,0,0.0,-1,-1,-1,-1,0.0,0.0
2026-04-05T05:00,0.0,0.0,0.0,0.0,8.4,5.24,11.1,255,51,47540.0,1,0.19,0.0,2485.0,0,0.0,2,0,0.0,-1,-1,-1,-1,0.0,0.0
2026-04-05T06:00,0.0,0.0,0.0,0.0,8.0,4.29,10.8,242,66,45620.0,1,0.191,10.0,2415.0,0,0.0,2,0,0.0,-1,-1,-1,-1,0.0,0.0
2026-04-05T07:00,0.0,0.0,0.0,0.0,9.3,4.37,9.6,240,83,47520.0,1,0.189,20.0,2785.0,0,0.0,3,0,0.0,-1,-1,-1,-1,0.0,0.0
2026-04-05T08:00,0.0,0.0,0.0,0.0,8.7,4.83,10.2,238,98,47500.0,1,0.189,30.0,2720.0,0,0.0,3,0,0.0,-1,-1,-1,-1,0.0,0.0
2026-04-05T09:00,0.0,0.0,0.0,0.0,8.7,5.24,10.0,227,99,47480.0,1,0.188,40.0,2835.0,0,0.0,3,0,0.0,-1,-1,-1,-1,0.0,0.0
2026-04-05T10:00,0.0,1.0,0.07,0.0,6.8,5.64,10.8,215,88,47300.0,1,0.188,10.0,2135.0,0,0.0,85,0,0.0,-1,-1,-1,-1,0.0,0.0
2026-04-05T11:00,0.0,1.0,0.28,0.0,2.2,5.71,11.1,176,100,21600.0,1,0.188,80.0,520.0,0,0.0,85,0,0.0,-1,-1,-1,-1,0.0,0.0
2026-04-05T12:00,0.0,1.0,0.21,0.0,0.2,0.67,10.0,13,72,44000.0,1,0.187,170.0,40.0,0,0.0,85,0,0.0,-1,-1,-1,-1,0.0,0.0
2026-04-05T13:00,0.0,0.0,0.0,0.0,-0.3,2.64,3.9,105,31,42160.0,0,0.188,140.0,65.0,0,0.0,1,0,0.0,-1,-1,-1,-1,0.0,0.0
2026-04-05T14:00,0.0,0.0,0.0,0.0,-2.8,3.27,5.3,96,51,40120.0,0,0.188,140.0,75.0,0,0.0,2,0,0.0,-1,-1,-1,-1,0.0,0.0
2026-04-05T15:00,0.0,0.0,0.0,0.0,-3.5,2.75,5.3,91,71,40100.0,0,0.188,120.0,65.0,0,0.0,2,0,0.0,-1,-1,-1,-1,0.0,0.0
2026-04-05T16:00,0.0,0.0,0.0,0.0,-3.6,2.1,4.5,87,95,41780.0,0,0.188,100.0,60.0,0,0.0,3,0,0.0,-1,-1,-1,-1,0.0,0.0
2026-04-05T17:00,0.0,0.0,0.0,0.0,-3.2,1.55,3.6,105,84,43000.0,0,0.188,30.0,55.0,0,0.0,3,0,0.0,-1,-1,-1,-1,0.0,0.0
2026-04-05T18:00,0.0,0.0,0.07,0.0,-1.6,2.21,2.9,193,63,45140.0,0,0.188,0.0,635.0,0,0.0,85,0,0.0,-1,-1,-1,-1,0.0,0.0
2026-04-05T19:00,0.0,0.0,0.0,0.0,-2.1,3.71,6.8,233,78,45140.0,0,0.188,10.0,485.0,0,0.0,2,0,0.0,-1,-1,-1,-1,0.0,0.0
2026-04-05T20:00,0.0,0.0,0.0,0.0,-3.2,2.38,6.3,229,100,37020.0,0,0.188,0.0,320.0,0,0.0,3,0,0.0,-1,-1,-1,-1,0.0,0.0
2026-04-05T21:00,0.0,0.0,0.0,0.0,-2.6,3.4,5.7,216,100,41060.0,0,0.188,20.0,660.0,0,0.0,3,0,0.0,-1,-1,-1,-1,0.0,0.0
2026-04-05T22:00,0.0,0.0,0.0,0.0,-2.4,4.94,8.4,230,96,42920.0,0,0.189,0.0,1155.0,0,0.0,3,0,0.0,-1,-1,-1,-1,0.0,0.0
2026-04-05T23:00,0.0,0.0,0.0,0.0,-2.3,4.94,8.8,230,95,45660.0,0,0.189,0.0,1115.0,0,0.0,3,0,0.0,-1,-1,-1,-1,0.0,0.0
2026-04-06T00:00,0.0,0.0,0.0,0.0,-1.9,5.58,8.4,230,70,46120.0,1,0.196,0.0,1080.0,0,0.0,2,0,0.0,-1,-1,-1,-1,0.0,0.0
2026-04-06T01:00,0.0,0.0,0.0,0.0,-0.6,5.48,9.5,223,94,46100.0,1,0.196,0.0,1200.0,0,0.0,3,0,0.0,-1,-1,-1,-1,0.0,0.0
2026-04-06T02:00,0.0,0.0,0.0,0.0,1.4,7.57,13.7,231,78,46840.0,1,0.196,0.0,1765.0,0,0.0,2,0,0.0,-1,-1,-1,-1,0.0,0.0
2026-04-06T03:00,0.0,0.0,0.0,0.0,3.4,7.98,14.8,239,18,47040.0,1,0.196,0.0,2535.0,0,0.0,0,0,0.0,-1,-1,-1,-1,0.0,0.0
2026-04-06T04:00,0.0,0.0,0.0,0.0,5.0,8.03,15.1,241,4,47200.0,1,0.195,10.0,2905.0,0,0.0,0,0,0.0,-1,-1,-1,-1,0.0,0.0
2026-04-06T05:00,0.0,0.0,0.0,0.0,6.3,8.28,15.6,241,65,47180.0,1,0.194,10.0,3150.0,0,0.0,2,0,0.0,-1,-1,-1,-1,0.0,0.0
2026-04-06T06:00,0.0,0.0,0.0,0.0,6.7,7.7,15.9,236,9,47160.0,1,0.199,10.0,3360.0,0,0.0,0,0,0.0,-1,-1,-1,-1,0.0,0.0
2026-04-06T07:00,0.0,0.0,0.0,0.0,7.3,8.54,16.1,221,56,47140.0,1,0.198,70.0,3590.0,0,0.0,2,0,0.0,-1,-1,-1,-1,0.0,0.0
2026-04-06T08:00,0.0,0.0,0.0,0.0,6.6,8.45,16.7,216,39,47140.0,1,0.197,60.0,3060.0,0,0.0,1,0,0.0,-1,-1,-1,-1,0.0,0.0
2026-04-06T09:00,0.0,0.0,0.0,0.0,7.4,8.39,15.8,222,12,47120.0,1,0.196,70.0,4425.0,0,0.0,0,0,0.0,-1,-1,-1,-1,0.0,0.0
2026-04-06T10:00,0.0,0.0,0.0,0.0,6.6,7.94,15.6,216,81,47100.0,1,0.195,20.0,3755.0,0,0.0,3,0,0.0,-1,-1,-1,-1,0.0,0.0
2026-04-06T11:00,0.0,0.0,0.0,0.0,3.2,9.06,16.2,206,85,42900.0,1,0.195,60.0,1295.0,0,0.0,3,0,0.0,-1,-1,-1,-1,0.0,0.0
2026-04-06T12:00,0.0,0.0,0.0,0.0,1.4,6.5,15.8,178,97,46600.0,1,0.191,40.0,690.0,0,0.0,3,0,0.0,-1,-1,-1,-1,0.0,0.0
2026-04-06T13:00,0.0,0.0,0.0,0.0,0.4,5.45,11.0,173,5,46680.0,0,0.191,0.0,535.0,0,0.0,0,0,0.0,-1,-1,-1,-1,0.0,0.0
2026-04-06T14:00,0.0,0.0,0.0,0.0,-1.5,4.35,9.1,167,13,45920.0,0,0.191,30.0,275.0,0,0.0,0,0,0.0,-1,-1,-1,-1,0.0,0.0
2026-04-06T15:00,0.0,0.0,0.0,0.0,-2.3,3.87,7.2,153,91,45900.0,0,0.191,20.0,185.0,0,0.0,3,0,0.0,-1,-1,-1,-1,0.0,0.0
2026-04-06T16:00,0.0,0.0,0.0,0.0,-2.3,4.41,7.3,155,98,45880.0,0,0.191,30.0,325.0,0,0.0,3,0,0.0,-1,-1,-1,-1,0.0,0.0
2026-04-06T17:00,0.0,0.0,0.0,0.0,-2.2,3.7,7.6,181,97,45880.0,0,0.191,0.0,535.0,0,0.0,3,0,0.0,-1,-1,-1,-1,0.0,0.0
2026-04-06T18:00,0.0,0.0,0.0,0.0,-3.4,1.88,6.2,222,92,44300.0,0,0.191,20.0,300.0,0,0.0,3,0,0.0,-1,-1,-1,-1,0.0,0.0
2026-04-06T19:00,0.0,1.0,0.49,0.0,-4.7,1.1,4.0,177,95,37980.0,0,0.191,0.0,105.0,0,0.0,85,0,0.0,-1,-1,-1,-1,0.0,0.0
2026-04-06T20:00,0.0,1.0,0.21,0.0,-5.0,0.41,2.9,14,85,40620.0,0,0.192,0.0,25.0,0,0.0,85,0,0.0,-1,-1,-1,-1,0.0,0.0
2026-04-06T21:00,0.0,0.0,0.0,0.0,-5.7,1.01,1.8,340,52,34460.0,0,0.192,10.0,35.0,0,0.0,2,0,0.0,-1,-1,-1,-1,0.0,0.0
2026-04-06T22:00,0.0,0.0,0.0,0.0,-5.5,0.3,1.9,360,64,43260.0,0,0.192,10.0,15.0,0,0.0,2,0,0.0,-1,-1,-1,-1,0.0,0.0
2026-04-06T23:00,0.0,0.0,0.0,0.0,-5.4,1.42,2.4,170,100,36260.0,0,0.192,10.0,125.0,0,0.0,3,0,0.0,-1,-1,-1,-1,0.0,0.0
2026-04-07T00:00,0.0,0.0,0.0,0.0,-4.3,2.56,3.4,168,72,35120.0,1,0.192,20.0,235.0,0,0.0,2,0,0.0,-1,-1,-1,-1,0.0,0.0
2026-04-07T01:00,0.0,1.0,0.14,0.0,-2.8,2.45,7.1,200,98,27220.0,1,0.192,50.0,965.0,0,0.0,85,0,0.0,-1,-1,-1,-1,0.0,0.0
2026-04-07T02:00,0.0,0.0,0.07,0.0,-0.7,3.93,8.9,227,95,39160.0,1,0.192,120.0,1365.0,0,0.0,71,0,0.0,-1,-1,-1,-1,0.0,0.0
2026-04-07T03:00,0.0,0.0,0.0,0.0,1.1,4.93,9.9,240,95,46480.0,1,0.192,150.0,2050.0,0,0.0,3,0,0.0,-1,-1,-1,-1,0.0,0.0
2026-04-07T04:00,0.0,1.0,0.07,0.0,2.5,5.08,10.6,241,98,43960.0,1,0.192,110.0,2395.0,0,0.0,85,0,0.0,-1,-1,-1,-1,0.0,0.0
2026-04-07T05:00,0.0,1.0,0.28,0.01,2.2,4.38,10.6,244,88,40680.0,1,0.192,50.0,1930.0,0,0.0,85,0,0.0,-1,-1,-1,-1,0.0,0.0
2026-04-07T06:00,0.0,1.0,0.21,0.01,2.5,3.01,9.4,222,98,37580.0,1,0.2,110.0,2360.0,0,0.0,85,0,0.0,-1,-1,-1,-1,0.0,0.0
2026-04-07T07:00,0.0,1.0,0.14,0.01,2.7,3.11,7.6,191,100,17820.0,1,0.2,60.0,2050.0,0,0.0,85,0,0.0,-1,-1,-1,-1,0.0,0.0
2026-04-07T08:00,0.0,1.0,0.07,0.01,3.0,3.44,8.1,152,95,20000.0,1,0.199,160.0,2080.0,0,0.0,85,0,0.0,-1,-1,-1,-1,0.0,0.0
2026-04-07T09:00,0.0,1.0,0.07,0.01,3.5,4.09,8.5,195,98,44060.0,1,0.199,50.0,2410.0,0,0.0,85,0,0.0,-1,-1,-1,-1,0.0,0.0
2026-04-07T10:00,0.0,1.0,0.14,0.01,1.5,5.79,10.7,217,99,29020.0,1,0.2,10.0,1465.0,0,0.0,85,0,0.0,-1,-1,-1,-1,0.0,0.0
2026-04-07T11:00,0.0,0.5,0.14,0.01,-1.8,4.61,10.9,274,100,8900.0,1,0.2,0.0,460.0,0,0.0,85,0,0.0,-1,-1,-1,-1,0.0,0.0
2026-04-07T12:00,0.0,0.0,0.07,0.01,-1.7,4.15,8.2,216,100,12940.0,1,0.2,0.0,395.0,0,0.0,71,0,0.0,-1,-1,-1,-1,0.0,0.0
2026-04-07T13:00,0.0,0.0,0.0,0.01,-2.8,1.93,6.9,143,100,41980.0,0,0.2,0.0,95.0,0,0.0,3,0,0.0,-1,-1,-1,-1,0.0,0.0
2026-04-07T14:00,0.0,0.0,0.0,0.01,-3.0,3.28,5.2,164,100,41360.0,0,0.2,20.0,265.0,0,0.0,3,0,0.0,-1,-1,-1,-1,0.0,0.0
2026-04-07T15:00,0.0,0.0,0.0,0.01,-3.1,3.24,5.8,171,100,36180.0,0,0.2,0.0,210.0,0,0.0,3,0,0.0,-1,-1,-1,-1,0.0,0.0
2026-04-07T16:00,0.0,0.0,0.0,0.01,-3.1,2.11,5.3,166,96,30140.0,0,0.201,10.0,120.0,0,0.0,3,0,0.0,-1,-1,-1,-1,0.0,0.0
2026-04-07T17:00,0.0,0.0,0.0,0.01,-3.0,1.93,3.8,163,100,32060.0,0,0.201,10.0,100.0,0,0.0,3,0,0.0,-1,-1,-1,-1,0.0,0.0
2026-04-07T18:00,0.0,0.0,0.0,0.01,-3.9,1.44,3.3,146,98,18700.0,0,0.201,10.0,130.0,0,0.0,3,0,0.0,-1,-1,-1,-1,0.0,0.0
2026-04-07T19:00,0.0,0.0,0.07,0.01,-3.6,1.53,3.0,122,100,30300.0,0,0.201,10.0,85.0,0,0.0,71,0,0.0,-1,-1,-1,-1,0.0,0.0
2026-04-07T20:00,0.0,0.0,0.0,0.01,-4.0,0.74,2.5,110,100,33800.0,0,0.201,0.0,30.0,0,0.0,3,0,0.0,-1,-1,-1,-1,0.0,0.0
2026-04-07T21:00,0.0,0.0,0.0,0.01,-4.6,0.74,1.5,138,98,32860.0,0,0.201,0.0,25.0,0,0.0,3,0,0.0,-1,-1,-1,-1,0.0,0.0
2026-04-07T22:00,0.0,1.0,0.07,0.01,-5.3,1.05,1.9,180,100,35960.0,0,0.201,0.0,40.0,0,0.0,85,0,0.0,-1,-1,-1,-1,0.0,0.0
2026-04-07T23:00,0.0,1.0,0.07,0.01,-5.1,2.65,4.1,178,100,29220.0,0,0.201,0.0,225.0,0,0.0,85,0,0.0,-1,-1,-1,-1,0.0,0.0
2026-04-08T00:00,0.0,1.0,0.07,0.0,-4.8,2.02,5.8,132,77,42060.0,1,0.202,50.0,135.0,0,0.0,85,0,0.0,-1,-1,-1,-1,0.0,0.0
2026-04-08T01:00,0.0,0.0,0.0,0.0,-3.1,2.82,5.7,127,38,44420.0,1,0.202,60.0,445.0,0,0.0,1,0,0.0,-1,-1,-1,-1,0.0,0.0
2026-04-08T02:00,0.0,0.0,0.0,0.0,-0.5,2.85,8.5,180,19,45420.0,1,0.202,150.0,1155.0,0,0.0,0,0,0.0,-1,-1,-1,-1,0.0,0.0
2026-04-08T03:00,0.0,0.0,0.0,0.0,2.3,5.44,10.5,246,49,46140.0,1,0.201,170.0,2395.0,0,0.0,1,0,0.0,-1,-1,-1,-1,0.0,0.0
2026-04-08T04:00,0.0,1.0,0.07,0.0,3.0,6.89,13.3,244,80,46280.0,1,0.201,100.0,2490.0,0,0.0,85,0,0.0,-1,-1,-1,-1,0.0,0.0
2026-04-08T05:00,0.0,0.0,0.0,0.0,3.5,6.57,13.4,244,100,43400.0,1,0.2,0.0,2230.0,0,0.0,3,0,0.0,-1,-1,-1,-1,0.0,0.0
2026-04-08T06:00,0.0,0.0,0.0,0.0,3.2,6.16,13.0,257,89,32720.0,1,0.208,10.0,2205.0,0,0.0,3,0,0.0,-1,-1,-1,-1,0.0,0.0
2026-04-08T07:00,0.0,1.0,0.07,0.0,5.2,5.88,12.3,258,95,46440.0,1,0.207,0.0,2650.0,0,0.0,85,0,0.0,-1,-1,-1,-1,0.0,0.0
2026-04-08T08:00,0.0,1.0,0.07,0.01,4.7,6.14,12.2,263,88,46420.0,1,0.206,0.0,2525.0,0,0.0,85,0,0.0,-1,-1,-1,-1,0.0,0.0
2026-04-08T09:00,0.0,1.0,0.07,0.0,4.9,6.22,12.0,266,88,46400.0,1,0.206,0.0,2605.0,0,0.0,85,0,0.0,-1,-1,-1,-1,0.0,0.0
2026-04-08T10:00,0.0,0.0,0.0,0.0,4.9,4.74,11.8,263,99,46400.0,1,0.206,10.0,2820.0,0,0.0,3,0,0.0,-1,-1,-1,-1,0.0,0.0
2026-04-08T11:00,0.0,0.0,0.0,0.0,4.0,4.98,9.1,218,100,46380.0,1,0.206,0.0,2500.0,0,0.0,3,0,0.0,-1,-1,-1,-1,0.0,0.0
2026-04-08T12:00,0.0,0.0,0.0,0.0,0.6,1.36,9.6,144,78,45280.0,1,0.214,90.0,150.0,0,0.0,2,0,0.0,-1,-1,-1,-1,0.0,0.0
2026-04-08T13:00,0.0,1.0,0.14,0.0,-2.0,3.87,6.1,73,100,44820.0,0,0.214,0.0,105.0,0,0.0,85,0,0.0,-1,-1,-1,-1,0.0,0.0
2026-04-08T14:00,0.0,0.0,0.0,0.0,-2.5,4.31,6.9,85,97,44820.0,0,0.214,0.0,140.0,0,0.0,3,0,0.0,-1,-1,-1,-1,0.0,0.0
2026-04-08T15:00,0.0,0.0,0.0,0.0,-2.7,3.78,6.9,108,99,44800.0,0,0.214,0.0,160.0,0,0.0,3,0,0.0,-1,-1,-1,-1,0.0,0.0
2026-04-08T16:00,0.0,0.0,0.0,0.0,-2.6,4.97,7.7,126,100,44800.0,0,0.214,0.0,275.0,0,0.0,3,0,0.0,-1,-1,-1,-1,0.0,0.0
2026-04-08T17:00,0.0,0.0,0.0,0.0,-2.3,6.19,10.1,136,100,27860.0,0,0.214,20.0,365.0,0,0.0,3,0,0.0,-1,-1,-1,-1,0.0,0.0
2026-04-08T18:00,0.0,0.0,0.0,0.0,-1.9,6.17,10.2,153,100,21740.0,0,0.214,20.0,355.0,0,0.0,3,0,0.0,-1,-1,-1,-1,0.0,0.0
2026-04-08T19:00,0.0,0.0,0.0,0.0,-1.7,4.92,10.1,153,47,34160.0,0,0.214,10.0,415.0,0,0.0,1,0,0.0,-1,-1,-1,-1,0.0,0.0
2026-04-08T20:00,0.0,0.0,0.0,0.0,-3.6,2.8,8.1,137,20,44740.0,0,0.214,0.0,160.0,0,0.0,1,0,0.0,-1,-1,-1,-1,0.0,0.0
2026-04-08T21:00,0.0,0.0,0.0,0.0,-4.3,2.65,4.7,126,99,44720.0,0,0.214,0.0,120.0,0,0.0,3,0,0.0,-1,-1,-1,-1,0.0,0.0
2026-04-08T22:00,0.0,0.0,0.0,0.0,-4.0,3.24,5.3,142,100,44720.0,0,0.214,10.0,215.0,0,0.0,3,0,0.0,-1,-1,-1,-1,0.0,0.0
2026-04-08T23:00,0.0,0.0,0.0,0.0,-4.3,3.2,5.7,146,66,43280.0,0,0.214,20.0,235.0,0,0.0,2,0,0.0,-1,-1,-1,-1,0.0,0.0
2026-04-09T00:00,0.0,0.0,0.0,0.0,-3.3,4.14,5.5,152,95,31920.0,1,0.214,0.0,300.0,0,0.0,3,0,0.0,-1,-1,-1,-1,0.0,0.0
2026-04-09T01:00,0.0,1.0,0.14,0.0,-2.8,2.79,6.8,144,97,29680.0,1,0.214,30.0,425.0,0,0.0,85,0,0.0,-1,-1,-1,-1,0.0,0.0
2026-04-09T02:00,0.0,1.0,0.14,0.0,-1.5,2.08,5.9,153,97,32440.0,1,0.214,0.0,735.0,0,0.0,85,0,0.0,-1,-1,-1,-1,0.0,0.0
2026-04-09T03:00,0.0,0.0,0.0,0.0,0.5,0.8,6.5,184,88,34680.0,1,0.214,60.0,1300.0,0,0.0,3,0,0.0,-1,-1,-1,-1,0.0,0.0
2026-04-09T04:00,0.0,1.0,0.07,0.0,2.3,1.26,5.8,214,76,33100.0,1,0.214,210.0,1760.0,0,0.0,85,0,0.0,-1,-1,-1,-1,0.0,0.0
2026-04-09T05:00,0.0,1.0,0.07,0.0,3.5,3.39,8.1,225,82,38460.0,1,0.213,140.0,1985.0,0,0.0,85,0,0.0,-1,-1,-1,-1,0.0,0.0
2026-04-09T06:00,0.0,1.0,0.14,0.01,3.0,3.55,10.4,212,90,34560.0,1,0.212,150.0,1975.0,0,0.0,85,0,0.0,-1,-1,-1,-1,0.0,0.0
2026-04-09T07:00,0.0,1.0,0.07,0.0,4.6,5.2,10.7,198,94,36200.0,1,0.211,120.0,2495.0,0,0.0,85,0,0.0,-1,-1,-1,-1,0.0,0.0
2026-04-09T08:00,0.0,1.0,0.07,0.01,3.7,5.65,11.8,195,94,20700.0,1,0.211,10.0,1805.0,0,0.0,85,0,0.0,-1,-1,-1,-1,0.0,0.0
2026-04-09T09:00,0.0,0.0,0.07,0.01,3.2,4.17,11.4,210,98,34880.0,1,0.212,60.0,1870.0,0,0.0,71,0,0.0,-1,-1,-1,-1,0.0,0.0
2026-04-09T10:00,0.0,1.0,0.35,0.01,2.1,4.55,9.0,220,91,29420.0,1,0.212,20.0,1360.0,0,0.0,85,0,0.0,-1,-1,-1,-1,0.0,0.0
2026-04-09T11:00,0.0,0.0,0.0,0.01,2.0,3.9,8.9,179,97,40500.0,1,0.213,0.0,1665.0,0,0.0,3,0,0.0,-1,-1,-1,-1,0.0,0.0
2026-04-09T12:00,0.0,1.0,0.07,0.01,0.3,1.15,8.9,182,85,45680.0,1,0.221,10.0,180.0,0,0.0,85,0,0.0,-1,-1,-1,-1,0.0,0.0
2026-04-09T13:00,0.0,0.0,0.0,0.01,-2.0,1.79,2.5,54,90,44520.0,0,0.222,40.0,65.0,0,0.0,3,0,0.0,-1,-1,-1,-1,0.0,0.0
2026-04-09T14:00,0.0,0.0,0.0,0.01,-3.3,1.99,4.6,51,50,43260.0,0,0.222,20.0,55.0,0,0.0,2,0,0.0,-1,-1,-1,-1,0.0,0.0
2026-04-09T15:00,0.0,0.0,0.0,0.01,-3.9,0.43,3.2,36,92,5900.0,0,0.222,10.0,30.0,0,0.0,3,0,0.0,-1,-1,-1,-1,0.0,0.0
2026-04-09T16:00,0.0,0.0,0.07,0.01,-4.1,1.87,3.9,110,96,2080.0,0,0.222,30.0,45.0,0,0.0,71,0,0.0,-1,-1,-1,-1,0.0,0.0
2026-04-09T17:00,0.0,1.0,0.07,0.01,-4.2,1.81,4.5,104,97,8040.0,0,0.222,20.0,65.0,0,0.0,85,0,0.0,-1,-1,-1,-1,0.0,0.0
2026-04-09T18:00,0.0,0.667,0.21,0.01,-5.2,1.32,4.5,119,100,11280.0,0,0.222,0.0,60.0,0,0.0,85,0,0.0,-1,-1,-1,-1,0.0,0.0
2026-04-09T19:00,0.0,0.0,0.07,0.01,-3.9,2.86,4.9,126,100,10300.0,0,0.222,0.0,225.0,0,0.0,71,0,0.0,-1,-1,-1,-1,0.0,0.0
2026-04-09T20:00,0.0,0.0,0.0,0.01,-3.2,3.06,5.3,142,38,43180.0,0,0.222,0.0,740.0,0,0.0,1,0,0.0,-1,-1,-1,-1,0.0,0.0
2026-04-09T21:00,0.0,0.0,0.0,0.01,-4.1,4.06,6.5,176,63,43600.0,0,0.223,0.0,580.0,0,0.0,2,0,0.0,-1,-1,-1,-1,0.0,0.0
2026-04-09T22:00,0.0,0.0,0.0,0.01,-4.4,4.16,7.2,183,100,41540.0,0,0.223,0.0,470.0,0,0.0,3,0,0.0,-1,-1,-1,-1,0.0,0.0
2026-04-09T23:00,0.0,0.0,0.0,0.01,-4.2,3.33,7.1,206,99,32040.0,0,0.223,0.0,390.0,0,0.0,3,0,0.0,-1,-1,-1,-1,0.0,0.0
2026-04-10T00:00,0.0,0.0,0.0,0.01,-4.3,0.32,5.5,321,100,9900.0,1,0.223,30.0,20.0,0,0.0,3,0,0.0,-1,-1,-1,-1,0.0,0.0
2026-04-10T01:00,0.0,0.5,0.14,0.01,-3.3,0.83,4.7,205,96,13380.0,1,0.223,10.0,415.0,0,0.0,85,0,0.0,-1,-1,-1,-1,0.0,0.0
2026-04-10T02:00,0.0,1.0,0.07,0.01,-1.7,1.01,6.2,189,87,24080.0,1,0.223,10.0,820.0,0,0.0,85,0,0.0,-1,-1,-1,-1,0.0,0.0
2026-04-10T03:00,0.0,0.0,0.07,0.01,-1.1,1.17,6.9,250,99,14260.0,1,0.223,60.0,1070.0,0,0.0,71,0,0.0,-1,-1,-1,-1,0.0,0.0
2026-04-10T04:00,0.0,1.0,0.07,0.01,0.9,3.95,9.1,261,84,14320.0,1,0.223,180.0,1525.0,0,0.0,85,0,0.0,-1,-1,-1,-1,0.0,0.0
2026-04-10T05:00,0.0,0.5,0.14,0.01,1.6,4.55,9.8,262,91,11240.0,1,0.223,100.0,1550.0,0,0.0,85,0,0.0,-1,-1,-1,-1,0.0,0.0
2026-04-10T06:00,0.0,0.5,0.14,0.01,0.8,3.72,9.8,281,93,10520.0,1,0.225,180.0,1565.0,0,0.0,85,0,0.0,-1,-1,-1,-1,0.0,0.0
2026-04-10T07:00,0.0,1.0,0.35,0.02,-1.4,3.97,9.1,311,98,13760.0,1,0.224,0.0,840.0,0,0.0,85,0,0.0,-1,-1,-1,-1,0.0,0.0
2026-04-10T08:00,0.0,0.667,0.21,0.02,-0.8,2.73,7.3,319,97,13720.0,1,0.224,40.0,990.0,0,0.0,85,0,0.0,-1,-1,-1,-1,0.0,0.0
2026-04-10T09:00,0.0,0.667,0.21,0.02,-0.6,1.95,5.1,334,96,24920.0,1,0.223,10.0,1040.0,0,0.0,85,0,0.0,-1,-1,-1,-1,0.0,0.0
2026-04-10T10:00,0.0,0.0,0.0,0.02,-0.3,1.36,3.7,276,98,19480.0,1,0.225,20.0,1290.0,0,0.0,3,0,0.0,-1,-1,-1,-1,0.0,0.0
2026-04-10T11:00,0.0,0.0,0.07,0.02,-0.1,1.42,4.0,100,99,14600.0,1,0.227,40.0,545.0,0,0.0,71,0,0.0,-1,-1,-1,-1,0.0,0.0
2026-04-10T12:00,0.0,0.0,0.07,0.01,-2.7,3.31,6.9,153,73,17720.0,1,0.223,90.0,250.0,0,0.0,71,0,0.0,-1,-1,-1,-1,0.0,0.0
2026-04-10T13:00,0.0,0.0,0.0,0.01,-3.1,2.8,5.6,112,4,34620.0,0,0.223,110.0,100.0,0,0.0,0,0,0.0,-1,-1,-1,-1,0.0,0.0
2026-04-10T14:00,0.0,0.0,0.0,0.01,-5.0,2.72,4.8,103,1,40560.0,0,0.223,60.0,120.0,0,0.0,0,0,0.0,-1,-1,-1,-1,0.0,0.0
2026-04-10T15:00,0.0,0.0,0.0,0.01,-5.7,2.35,4.3,86,0,38980.0,0,0.223,20.0,60.0,0,0.0,0,0,0.0,-1,-1,-1,-1,0.0,0.0
2026-04-10T16:00,0.0,0.0,0.0,0.01,-5.8,2.23,4.4,99,6,38980.0,0,0.223,0.0,60.0,0,0.0,0,0,0.0,-1,-1,-1,-1,0.0,0.0
2026-04-10T17:00,0.0,0.0,0.0,0.01,-6.5,1.31,3.5,72,3,34720.0,0,0.223,0.0,40.0,0,0.0,0,0,0.0,-1,-1,-1,-1,0.0,0.0
2026-04-10T18:00,0.0,0.0,0.0,0.01,-7.5,1.74,3.1,78,100,220.0,0,0.223,0.0,30.0,0,0.0,3,0,0.0,-1,-1,-1,-1,0.0,0.0
2026-04-10T19:00,0.0,0.0,0.0,0.01,-7.6,1.66,3.6,69,100,240.0,0,0.224,20.0,35.0,0,0.0,3,0,0.0,-1,-1,-1,-1,0.0,0.0
2026-04-10T20:00,0.0,0.0,0.0,0.01,-8.0,1.7,3.6,76,97,320.0,0,0.224,30.0,40.0,0,0.0,3,0,0.0,-1,-1,-1,-1,0.0,0.0
2026-04-10T21:00,0.0,0.0,0.0,0.01,-7.7,1.85,3.9,92,96,620.0,0,0.224,30.0,70.0,0,0.0,3,0,0.0,-1,-1,-1,-1,0.0,0.0
2026-04-10T22:00,0.0,0.0,0.0,0.01,-8.0,1.0,3.8,93,98,360.0,0,0.224,30.0,95.0,0,0.0,3,0,0.0,-1,-1,-1,-1,0.0,0.0
2026-04-10T23:00,0.0,0.0,0.0,0.01,-8.1,0.78,2.9,63,97,9500.0,0,0.224,50.0,95.0,0,0.0,3,0,0.0,-1,-1,-1,-1,0.0,0.0
2026-04-11T00:00,0.0,0.0,0.0,0.0,-6.6,1.42,3.3,51,100,32080.0,1,0.224,220.0,125.0,0,0.0,3,0,0.0,-1,-1,-1,-1,0.0,0.0
2026-04-11T01:00,0.0,0.0,0.0,0.0,-5.2,1.27,3.9,99,100,37460.0,1,0.224,190.0,215.0,0,0.0,3,0,0.0,-1,-1,-1,-1,0.0,0.0
2026-04-11T02:00,0.0,0.0,0.0,0.0,-2.9,1.35,4.7,158,99,26400.0,1,0.224,150.0,335.0,0,0.0,3,0,0.0,-1,-1,-1,-1,0.0,0.0
2026-04-11T03:00,0.0,0.0,0.0,0.0,-0.6,1.1,4.8,204,95,41300.0,1,0.224,170.0,660.0,0,0.0,3,0,0.0,-1,-1,-1,-1,0.0,0.0
2026-04-11T04:00,0.0,1.0,0.07,0.0,1.8,4.02,8.4,265,81,40280.0,1,0.224,100.0,1905.0,0,0.0,85,0,0.0,-1,-1,-1,-1,0.0,0.0
2026-04-11T05:00,0.0,1.0,0.14,0.01,3.2,5.25,11.2,281,53,43540.0,1,0.223,10.0,2225.0,0,0.0,85,0,0.0,-1,-1,-1,-1,0.0,0.0
2026-04-11T06:00,0.0,0.0,0.0,0.0,5.7,7.22,13.8,278,94,45420.0,1,0.232,110.0,4140.0,0,0.0,3,0,0.0,-1,-1,-1,-1,0.0,0.0
2026-04-11T07:00,0.0,0.0,0.0,0.01,5.2,9.55,17.0,278,100,42460.0,1,0.231,80.0,3305.0,0,0.0,3,0,0.0,-1,-1,-1,-1,0.0,0.0
2026-04-11T08:00,0.0,0.0,0.0,0.01,5.0,9.67,17.4,281,88,45400.0,1,0.23,10.0,3325.0,0,0.0,3,0,0.0,-1,-1,-1,-1,0.0,0.0
2026-04-11T09:00,0.0,0.0,0.0,0.01,5.1,8.62,17.1,289,97,45380.0,1,0.229,0.0,3960.0,0,0.0,3,0,0.0,-1,-1,-1,-1,0.0,0.0
2026-04-11T10:00,0.0,0.0,0.0,0.0,4.7,7.05,15.4,280,57,44380.0,1,0.229,40.0,4135.0,0,0.0,2,0,0.0,-1,-1,-1,-1,0.0,0.0
2026-04-11T11:00,0.0,0.0,0.0,0.0,3.6,7.07,12.9,289,67,45340.0,1,0.229,20.0,3460.0,0,0.0,2,0,0.0,-1,-1,-1,-1,0.0,0.0
2026-04-11T12:00,0.0,0.0,0.0,0.0,0.9,3.36,12.3,281,21,45200.0,1,0.222,10.0,1665.0,0,0.0,1,0,0.0,-1,-1,-1,-1,0.0,0.0
2026-04-11T13:00,0.0,0.0,0.0,0.0,-2.0,0.67,5.7,27,0,45180.0,0,0.222,10.0,30.0,0,0.0,0,0,0.0,-1,-1,-1,-1,0.0,0.0
2026-04-11T14:00,0.0,0.0,0.0,0.0,-4.4,1.19,1.8,75,1,44980.0,0,0.222,0.0,30.0,0,0.0,0,0,0.0,-1,-1,-1,-1,0.0,0.0
2026-04-11T15:00,0.0,0.0,0.0,0.0,-5.5,2.15,3.7,72,83,43880.0,0,0.222,0.0,40.0,0,0.0,3,0,0.0,-1,-1,-1,-1,0.0,0.0
2026-04-11T16:00,0.0,0.0,0.0,0.0,-5.5,2.01,3.7,117,90,43320.0,0,0.223,0.0,45.0,0,0.0,3,0,0.0,-1,-1,-1,-1,0.0,0.0
2026-04-11T17:00,0.0,0.0,0.0,0.0,-6.1,2.15,3.7,118,96,42660.0,0,0.223,0.0,60.0,0,0.0,3,0,0.0,-1,-1,-1,-1,0.0,0.0
2026-04-11T18:00,0.0,0.0,0.0,0.0,-5.6,1.3,3.6,106,100,42640.0,0,0.223,10.0,45.0,0,0.0,3,0,0.0,-1,-1,-1,-1,0.0,0.0
2026-04-11T19:00,0.0,0.0,0.0,0.0,-5.0,1.5,2.7,60,100,42620.0,0,0.223,0.0,45.0,0,0.0,3,0,0.0,-1,-1,-1,-1,0.0,0.0
2026-04-11T20:00,0.0,0.0,0.0,0.0,-5.0,2.21,3.7,57,100,39880.0,0,0.223,0.0,55.0,0,0.0,3,0,0.0,-1,-1,-1,-1,0.0,0.0
2026-04-11T21:00,0.0,0.0,0.0,0.0,-4.9,1.88,3.7,61,100,38120.0,0,0.223,10.0,50.0,0,0.0,3,0,0.0,-1,-1,-1,-1,0.0,0.0
2026-04-11T22:00,0.0,0.0,0.0,0.0,-4.8,1.31,3.1,50,100,38080.0,0,0.223,10.0,40.0,0,0.0,3,0,0.0,-1,-1,-1,-1,0.0,0.0
2026-04-11T23:00,0.0,0.0,0.0,0.0,-4.6,1.64,2.8,59,100,31320.0,0,0.223,10.0,50.0,0,0.0,3,0,0.0,-1,-1,-1,-1,0.0,0.0
2026-04-12T00:00,0.0,0.0,0.0,0.0,-4.8,1.3,3.3,74,100,42520.0,1,0.223,10.0,30.0,0,0.0,3,0,0.0,-1,-1,-1,-1,0.0,0.0
2026-04-12T01:00,0.0,0.0,0.0,0.0,-2.1,0.92,3.1,119,99,42160.0,1,0.223,10.0,255.0,0,0.0,3,0,0.0,-1,-1,-1,-1,0.0,0.0
2026-04-12T02:00,0.0,0.0,0.0,0.0,-0.2,1.27,4.4,135,99,44400.0,1,0.223,10.0,835.0,0,0.0,3,0,0.0,-1,-1,-1,-1,0.0,0.0
2026-04-12T03:00,0.0,0.0,0.0,0.0,1.4,1.36,5.1,144,84,45000.0,1,0.223,10.0,1705.0,0,0.0,3,0,0.0,-1,-1,-1,-1,0.0,0.0
2026-04-12T04:00,0.0,1.0,0.21,0.0,2.6,0.84,5.3,163,29,44400.0,1,0.222,20.0,2055.0,0,0.0,85,0,0.0,-1,-1,-1,-1,0.0,0.0
2026-04-12T05:00,0.0,1.0,0.35,0.01,2.8,0.69,5.1,150,85,43600.0,1,0.222,0.0,2065.0,0,0.0,85,0,0.0,-1,-1,-1,-1,0.0,0.0
2026-04-12T06:00,0.0,1.0,0.07,0.01,1.8,1.25,5.3,67,94,34400.0,1,0.222,0.0,2105.0,0,0.0,85,0,0.0,-1,-1,-1,-1,0.0,0.0
2026-04-12T07:00,0.0,1.0,0.14,0.01,2.3,0.92,5.6,13,100,33060.0,1,0.221,0.0,1895.0,0,0.0,85,0,0.0,-1,-1,-1,-1,0.0,0.0
2026-04-12T08:00,0.0,0.0,0.0,0.01,1.9,2.48,6.5,42,100,22660.0,1,0.221,0.0,1725.0,0,0.0,3,0,0.0,-1,-1,-1,-1,0.0,0.0
2026-04-12T09:00,0.0,0.0,0.07,0.01,0.6,3.54,7.8,61,100,7740.0,1,0.222,0.0,1345.0,0,0.0,71,0,0.0,-1,-1,-1,-1,0.0,0.0
2026-04-12T10:00,0.0,0.0,0.14,0.01,-0.1,3.12,7.7,74,100,8800.0,1,0.223,10.0,1065.0,0,0.0,71,0,0.0,-1,-1,-1,-1,0.0,0.0
2026-04-12T11:00,0.0,0.0,0.07,0.01,-0.4,2.62,6.7,83,98,25020.0,1,0.223,0.0,900.0,0,0.0,71,0,0.0,-1,-1,-1,-1,0.0,0.0
2026-04-12T12:00,0.0,0.0,0.0,0.02,-3.2,1.17,5.5,160,100,6660.0,1,0.226,70.0,150.0,0,0.0,3,0,0.0,-1,-1,-1,-1,0.0,0.0
2026-04-12T13:00,0.0,0.0,0.07,0.02,-5.4,0.46,2.1,103,63,23060.0,0,0.226,100.0,40.0,0,0.0,71,0,0.0,-1,-1,-1,-1,0.0,0.0
2026-04-12T14:00,0.0,0.0,0.0,0.02,-6.9,0.29,1.0,31,80,30960.0,0,0.226,50.0,20.0,0,0.0,3,0,0.0,-1,-1,-1,-1,0.0,0.0
2026-04-12T15:00,0.0,0.0,0.0,0.02,-5.9,0.67,1.9,27,91,31180.0,0,0.226,0.0,40.0,0,0.0,3,0,0.0,-1,-1,-1,-1,0.0,0.0
2026-04-12T16:00,0.0,1.0,0.07,0.02,-6.4,1.21,1.8,353,60,21100.0,0,0.226,20.0,80.0,0,0.0,85,0,0.0,-1,-1,-1,-1,0.0,0.0
2026-04-12T17:00,0.0,0.0,0.0,0.02,-5.9,2.72,4.8,44,66,37960.0,0,0.226,0.0,145.0,0,0.0,2,0,0.0,-1,-1,-1,-1,0.0,0.0
2026-04-12T18:00,0.0,0.0,0.0,0.02,-7.7,1.82,4.8,99,99,36500.0,0,0.226,10.0,75.0,0,0.0,3,0,0.0,-1,-1,-1,-1,0.0,0.0
2026-04-12T19:00,0.0,0.0,0.0,0.02,-6.5,1.6,3.2,86,100,30440.0,0,0.226,20.0,125.0,0,0.0,3,0,0.0,-1,-1,-1,-1,0.0,0.0
2026-04-12T20:00,0.0,0.0,0.0,0.02,-6.2,1.05,3.0,65,100,22460.0,0,0.227,10.0,110.0,0,0.0,3,0,0.0,-1,-1,-1,-1,0.0,0.0
2026-04-12T21:00,0.0,0.0,0.0,0.02,-6.0,1.52,2.7,41,100,13000.0,0,0.227,10.0,110.0,0,0.0,3,0,0.0,-1,-1,-1,-1,0.0,0.0
2026-04-12T22:00,0.0,0.0,0.07,0.02,-5.8,1.77,3.5,47,100,16280.0,0,0.227,10.0,130.0,0,0.0,71,0,0.0,-1,-1,-1,-1,0.0,0.0
2026-04-12T23:00,0.0,0.0,0.0,0.02,-6.4,1.27,3.2,79,100,23360.0,0,0.227,10.0,125.0,0,0.0,3,0,0.0,-1,-1,-1,-1,0.0,0.0
2026-04-13T00:00,0.0,0.0,0.0,0.02,-5.9,1.02,2.4,169,100,30240.0,1,0.227,0.0,130.0,0,0.0,3,0,0.0,-1,-1,-1,-1,0.0,0.0
2026-04-13T01:00,0.0,0.0,0.0,0.02,-4.2,0.07,3.2,225,100,14620.0,1,0.227,10.0,320.0,0,0.0,3,0,0.0,-1,-1,-1,-1,0.0,0.0
2026-04-13T02:00,0.0,0.0,0.07,0.02,-3.3,0.5,3.0,6,100,11200.0,1,0.227,70.0,615.0,0,0.0,71,0,0.0,-1,-1,-1,-1,0.0,0.0
2026-04-13T03:00,0.0,1.0,0.07,0.02,-2.2,0.81,3.7,300,100,15360.0,1,0.227,160.0,890.0,0,0.0,85,0,0.0,-1,-1,-1,-1,0.0,0.0
2026-04-13T04:00,0.0,0.5,0.14,0.02,-1.2,2.06,4.4,288,100,12100.0,1,0.227,230.0,1315.0,0,0.0,85,0,0.0,-1,-1,-1,-1,0.0,0.0
2026-04-13T05:00,0.0,0.333,0.21,0.02,-0.7,2.03,4.6,308,100,11540.0,1,0.227,150.0,1385.0,0,0.0,85,0,0.0,-1,-1,-1,-1,0.0,0.0
2026-04-13T06:00,0.0,0.833,0.42,0.03,-0.4,3.56,6.0,290,98,14340.0,1,0.227,120.0,1125.0,0,0.0,85,0,0.0,-1,-1,-1,-1,0.0,0.0
2026-04-13T07:00,0.0,0.833,0.42,0.03,-2.0,3.6,8.8,331,99,8700.0,1,0.227,40.0,820.0,0,0.0,85,0,0.0,-1,-1,-1,-1,0.0,0.0
2026-04-13T08:00,0.0,0.0,0.07,0.03,-0.6,2.08,7.2,333,96,34060.0,1,0.227,170.0,1465.0,0,0.0,71,0,0.0,-1,-1,-1,-1,0.0,0.0
2026-04-13T09:00,0.0,1.0,0.21,0.03,-1.5,3.85,6.4,268,99,11200.0,1,0.227,100.0,575.0,0,0.0,85,0,0.0,-1,-1,-1,-1,0.0,0.0
2026-04-13T10:00,0.0,1.0,0.14,0.03,-2.4,2.17,7.9,218,57,34180.0,1,0.227,30.0,385.0,0,0.0,85,0,0.0,-1,-1,-1,-1,0.0,0.0
2026-04-13T11:00,0.0,1.0,0.07,0.03,-2.6,1.18,4.0,234,98,36200.0,1,0.227,50.0,580.0,0,0.0,85,0,0.0,-1,-1,-1,-1,0.0,0.0
2026-04-13T12:00,0.0,0.0,0.0,0.04,-3.3,0.83,4.6,205,85,37260.0,1,0.226,100.0,110.0,0,0.0,3,0,0.0,-1,-1,-1,-1,0.0,0.0
2026-04-13T13:00,0.0,1.0,0.14,0.04,-5.4,2.87,5.7,313,75,27920.0,0,0.227,60.0,265.0,0,0.0,85,0,0.0,-1,-1,-1,-1,0.0,0.0
2026-04-13T14:00,0.0,0.0,0.0,0.04,-6.3,1.42,5.8,342,52,42120.0,0,0.227,40.0,130.0,0,0.0,2,0,0.0,-1,-1,-1,-1,0.0,0.0
2026-04-13T15:00,0.0,0.0,0.0,0.04,-7.7,0.46,2.5,347,0,42120.0,0,0.227,30.0,25.0,0,0.0,0,0,0.0,-1,-1,-1,-1,0.0,0.0
2026-04-13T16:00,0.0,0.0,0.0,0.04,-8.9,0.25,1.3,53,0,40880.0,0,0.227,10.0,10.0,0,0.0,0,0,0.0,-1,-1,-1,-1,0.0,0.0
2026-04-13T17:00,0.0,0.0,0.0,0.04,-9.7,0.35,1.0,98,0,39800.0,0,0.227,0.0,15.0,0,0.0,0,0,0.0,-1,-1,-1,-1,0.0,0.0
2026-04-13T18:00,0.0,0.0,0.0,0.04,-8.9,0.74,0.9,62,0,39800.0,0,0.227,0.0,20.0,0,0.0,0,0,0.0,-1,-1,-1,-1,0.0,0.0
2026-04-13T19:00,0.0,0.0,0.0,0.04,-9.8,1.07,1.9,53,0,39780.0,0,0.227,0.0,20.0,0,0.0,0,0,0.0,-1,-1,-1,-1,0.0,0.0
2026-04-13T20:00,0.0,0.0,0.0,0.04,-10.1,0.25,2.1,127,100,19800.0,0,0.227,10.0,10.0,0,0.0,3,0,0.0,-1,-1,-1,-1,0.0,0.0
2026-04-13T21:00,0.0,0.0,0.0,0.04,-7.5,1.11,2.5,126,100,7000.0,0,0.227,40.0,45.0,0,0.0,3,0,0.0,-1,-1,-1,-1,0.0,0.0
2026-04-13T22:00,0.0,0.0,0.0,0.04,-6.9,0.81,1.8,101,100,15780.0,0,0.228,20.0,35.0,0,0.0,3,0,0.0,-1,-1,-1,-1,0.0,0.0
2026-04-13T23:00,0.0,0.0,0.0,0.04,-6.8,1.08,1.9,68,98,28860.0,0,0.228,60.0,40.0,0,0.0,3,0,0.0,-1,-1,-1,-1,0.0,0.0
2026-04-14T00:00,0.0,0.0,0.0,0.03,-6.1,2.27,2.5,57,100,20220.0,1,0.228,10.0,55.0,0,0.0,3,0,0.0,-1,-1,-1,-1,0.0,0.0
2026-04-14T01:00,0.0,0.0,0.0,0.03,-4.5,2.07,3.9,53,100,27700.0,1,0.228,0.0,125.0,0,0.0,3,0,0.0,-1,-1,-1,-1,0.0,0.0
2026-04-14T02:00,0.0,0.0,0.0,0.03,-3.0,1.81,3.8,85,100,33220.0,1,0.228,20.0,285.0,0,0.0,3,0,0.0,-1,-1,-1,-1,0.0,0.0
2026-04-14T03:00,0.0,0.0,0.0,0.03,-1.2,2.02,4.1,110,100,37440.0,1,0.228,30.0,530.0,0,0.0,3,0,0.0,-1,-1,-1,-1,0.0,0.0
2026-04-14T04:00,0.0,0.5,0.14,0.03,-0.2,2.69,5.1,137,100,24100.0,1,0.228,50.0,1250.0,0,0.0,85,0,0.0,-1,-1,-1,-1,0.0,0.0
2026-04-14T05:00,0.0,1.0,0.21,0.03,-0.6,3.85,7.3,118,76,31180.0,1,0.228,20.0,860.0,0,0.0,85,0,0.0,-1,-1,-1,-1,0.0,0.0
2026-04-14T06:00,0.0,0.667,0.21,0.03,2.1,2.52,7.7,129,100,22280.0,1,0.228,230.0,2720.0,0,0.0,85,0,0.0,-1,-1,-1,-1,0.0,0.0
2026-04-14T07:00,0.0,1.0,0.63,0.03,-1.8,4.28,8.6,263,99,24360.0,1,0.228,70.0,710.0,0,0.0,85,0,0.0,-1,-1,-1,-1,0.0,0.0
2026-04-14T08:00,0.0,0.0,0.0,0.03,-0.9,5.31,9.8,330,99,22620.0,1,0.228,120.0,890.0,0,0.0,3,0,0.0,-1,-1,-1,-1,0.0,0.0
2026-04-14T09:00,0.0,0.0,0.0,0.03,-1.0,2.89,9.4,28,52,29940.0,1,0.228,30.0,1245.0,0,0.0,2,0,0.0,-1,-1,-1,-1,0.0,0.0
2026-04-14T10:00,0.0,1.0,0.21,0.03,0.2,1.87,4.9,314,49,44080.0,1,0.228,10.0,2455.0,0,0.0,85,0,0.0,-1,-1,-1,-1,0.0,0.0
2026-04-14T11:00,0.0,1.0,0.07,0.03,-1.1,3.18,6.2,352,93,43420.0,1,0.228,130.0,835.0,0,0.0,85,0,0.0,-1,-1,-1,-1,0.0,0.0
2026-04-14T12:00,0.0,0.0,0.0,0.04,-2.7,4.05,5.6,2,69,43020.0,1,0.23,10.0,390.0,0,0.0,2,0,0.0,-1,-1,-1,-1,0.0,0.0
2026-04-14T13:00,0.0,0.0,0.0,0.04,-4.7,4.22,6.8,355,0,43000.0,0,0.23,0.0,270.0,0,0.0,0,0,0.0,-1,-1,-1,-1,0.0,0.0
2026-04-14T14:00,0.0,0.0,0.0,0.04,-5.7,2.78,6.9,337,32,43380.0,0,0.23,0.0,230.0,0,0.0,1,0,0.0,-1,-1,-1,-1,0.0,0.0
2026-04-14T15:00,0.0,0.0,0.0,0.04,-5.0,0.67,4.5,297,88,44020.0,0,0.23,10.0,80.0,0,0.0,3,0,0.0,-1,-1,-1,-1,0.0,0.0
2026-04-14T16:00,0.0,0.0,0.0,0.04,-5.5,0.86,1.7,187,16,43360.0,0,0.23,0.0,35.0,0,0.0,0,0,0.0,-1,-1,-1,-1,0.0,0.0
2026-04-14T17:00,0.0,0.0,0.0,0.04,-6.5,0.46,1.7,283,0,43340.0,0,0.231,10.0,20.0,0,0.0,0,0,0.0,-1,-1,-1,-1,0.0,0.0
2026-04-14T18:00,0.0,0.0,0.0,0.04,-7.1,2.23,2.5,314,3,42940.0,0,0.231,0.0,90.0,0,0.0,0,0,0.0,-1,-1,-1,-1,0.0,0.0
2026-04-14T19:00,0.0,0.0,0.0,0.04,-8.3,1.98,3.8,317,84,42920.0,0,0.231,0.0,85.0,0,0.0,3,0,0.0,-1,-1,-1,-1,0.0,0.0
2026-04-14T20:00,0.0,0.0,0.0,0.04,-7.4,0.63,3.1,342,13,43300.0,0,0.231,0.0,30.0,0,0.0,0,0,0.0,-1,-1,-1,-1,0.0,0.0
2026-04-14T21:00,0.0,0.0,0.0,0.04,-8.4,0.57,1.3,345,99,42900.0,0,0.231,0.0,20.0,0,0.0,3,0,0.0,-1,-1,-1,-1,0.0,0.0
2026-04-14T22:00,0.0,0.0,0.0,0.04,-8.5,1.2,2.0,358,100,42260.0,0,0.231,10.0,40.0,0,0.0,3,0,0.0,-1,-1,-1,-1,0.0,0.0
2026-04-14T23:00,0.0,0.0,0.0,0.04,-7.5,0.96,2.2,28,100,42880.0,0,0.231,10.0,35.0,0,0.0,3,0,0.0,-1,-1,-1,-1,0.0,0.0
2026-04-15T00:00,0.0,0.0,0.0,0.03,-6.4,0.78,1.6,75,98,42860.0,1,0.231,0.0,30.0,0,0.0,3,0,0.0,-1,-1,-1,-1,0.0,0.0
2026-04-15T01:00,0.0,0.0,0.0,0.03,-5.1,0.91,1.8,81,95,43240.0,1,0.231,0.0,190.0,0,0.0,3,0,0.0,-1,-1,-1,-1,0.0,0.0
2026-04-15T02:00,0.0,0.0,0.0,0.03,-2.6,0.81,1.8,43,100,43880.0,1,0.231,0.0,935.0,0,0.0,3,0,0.0,-1,-1,-1,-1,0.0,0.0
2026-04-15T03:00,0.0,0.0,0.0,0.03,-1.2,0.58,1.8,301,100,43860.0,1,0.232,0.0,1965.0,0,0.0,3,0,0.0,-1,-1,-1,-1,0.0,0.0
2026-04-15T04:00,0.0,0.0,0.0,0.03,-0.2,1.81,3.4,312,78,44020.0,1,0.232,0.0,2350.0,0,0.0,2,0,0.0,-1,-1,-1,-1,0.0,0.0
2026-04-15T05:00,0.0,0.0,0.0,0.03,0.5,2.21,4.3,322,84,44000.0,1,0.232,20.0,2730.0,0,0.0,3,0,0.0,-1,-1,-1,-1,0.0,0.0
2026-04-15T06:00,0.0,0.0,0.0,0.03,0.4,2.17,4.4,331,98,31980.0,1,0.231,10.0,2465.0,0,0.0,3,0,0.0,-1,-1,-1,-1,0.0,0.0
2026-04-15T07:00,0.0,0.0,0.0,0.03,0.3,1.25,4.2,337,87,30820.0,1,0.231,10.0,2455.0,0,0.0,3,0,0.0,-1,-1,-1,-1,0.0,0.0
2026-04-15T08:00,0.0,0.0,0.0,0.03,0.4,0.51,2.8,79,98,36020.0,1,0.231,10.0,2455.0,0,0.0,3,0,0.0,-1,-1,-1,-1,0.0,0.0
2026-04-15T09:00,0.0,0.0,0.0,0.03,0.1,1.42,3.0,122,100,36180.0,1,0.23,0.0,2230.0,0,0.0,3,0,0.0,-1,-1,-1,-1,0.0,0.0
2026-04-15T10:00,0.0,0.0,0.0,0.03,-1.0,2.44,5.0,121,82,31720.0,1,0.23,10.0,2060.0,0,0.0,3,0,0.0,-1,-1,-1,-1,0.0,0.0
2026-04-15T11:00,0.0,0.0,0.0,0.03,-2.1,2.14,5.3,127,99,19120.0,1,0.23,0.0,1515.0,0,0.0,3,0,0.0,-1,-1,-1,-1,0.0,0.0
2026-04-15T12:00,0.0,0.0,0.07,0.03,-2.1,0.66,5.2,99,98,22580.0,1,0.238,10.0,100.0,0,0.0,71,0,0.0,-1,-1,-1,-1,0.0,0.0
2026-04-15T13:00,0.0,0.0,0.0,0.03,-3.5,2.82,4.3,110,99,33220.0,0,0.239,10.0,220.0,0,0.0,3,0,0.0,-1,-1,-1,-1,0.0,0.0
2026-04-15T14:00,0.0,0.0,0.0,0.03,-4.8,3.08,6.2,126,89,28260.0,0,0.239,0.0,200.0,0,0.0,3,0,0.0,-1,-1,-1,-1,0.0,0.0
2026-04-15T15:00,0.0,1.0,0.14,0.03,-6.7,0.53,5.2,49,83,17480.0,0,0.239,0.0,35.0,0,0.0,85,0,0.0,-1,-1,-1,-1,0.0,0.0
2026-04-15T16:00,0.0,1.0,0.77,0.04,-5.8,3.92,6.4,11,89,17620.0,0,0.239,180.0,220.0,0,0.0,85,1,0.0,3,0,1,369,0.0,0.6
2026-04-15T17:00,0.0,1.0,0.07,0.04,-7.2,1.95,6.6,61,8,40000.0,0,0.239,30.0,75.0,0,0.0,85,0,0.0,-1,-1,-1,-1,0.0,0.0
2026-04-15T18:00,0.0,0.0,0.0,0.04,-7.5,2.38,3.1,49,41,42160.0,0,0.239,0.0,125.0,0,0.0,1,0,0.0,-1,-1,-1,-1,0.0,0.0
2026-04-15T19:00,0.0,0.0,0.0,0.04,-9.1,2.17,3.9,64,8,41180.0,0,0.239,10.0,115.0,0,0.0,0,0,0.0,-1,-1,-1,-1,0.0,0.0
2026-04-15T20:00,0.0,0.0,0.0,0.04,-9.0,0.85,3.5,62,26,40700.0,0,0.239,0.0,50.0,0,0.0,1,0,0.0,-1,-1,-1,-1,0.0,0.0
2026-04-15T21:00,0.0,0.0,0.0,0.04,-9.7,1.1,2.0,60,89,39300.0,0,0.239,0.0,45.0,0,0.0,3,0,0.0,-1,-1,-1,-1,0.0,0.0
2026-04-15T22:00,0.0,0.0,0.0,0.04,-7.9,1.03,2.2,23,89,38560.0,0,0.239,0.0,65.0,0,0.0,3,0,0.0,-1,-1,-1,-1,0.0,0.0
2026-04-15T23:00,0.0,0.0,0.0,0.04,-8.6,1.72,2.7,36,48,39160.0,0,0.239,0.0,140.0,0,0.0,1,0,0.0,-1,-1,-1,-1,0.0,0.0
2026-04-16T00:00,0.0,0.0,0.0,0.02,-7.7,1.91,3.3,57,0,42100.0,1,0.239,0.0,145.0,0,0.0,0,0,0.0,-1,-1,-1,-1,0.0,0.0
2026-04-16T01:00,0.0,0.0,0.0,0.02,-5.7,1.14,3.1,75,63,42580.0,1,0.239,0.0,520.0,0,0.0,2,0,0.0,-1,-1,-1,-1,0.0,0.0
2026-04-16T02:00,0.0,0.0,0.0,0.02,-3.5,1.26,2.7,124,20,42940.0,1,0.239,0.0,1040.0,1,0.0,1,0,0.0,-1,-1,-1,-1,0.0,0.0
2026-04-16T03:00,0.0,0.0,0.0,0.02,-2.1,1.37,3.6,156,26,42600.0,1,0.24,0.0,1300.0,0,0.0,1,0,0.0,-1,-1,-1,-1,0.0,0.0
2026-04-16T04:00,0.0,0.0,0.0,0.02,-0.7,0.57,3.3,218,68,39180.0,1,0.24,0.0,1575.0,0,0.0,2,0,0.0,-1,-1,-1,-1,0.0,0.0
2026-04-16T05:00,0.0,1.0,0.07,0.02,0.3,1.32,3.4,245,42,33560.0,1,0.239,0.0,1815.0,1,0.0,85,0,0.0,-1,-1,-1,-1,0.0,0.0
2026-04-16T06:00,0.0,0.0,0.0,0.02,-0.0,0.3,3.7,171,66,21020.0,1,0.239,0.0,1675.0,0,0.0,2,0,0.0,-1,-1,-1,-1,0.0,0.0
2026-04-16T07:00,0.0,0.0,0.0,0.02,1.5,0.4,4.6,60,93,21200.0,1,0.239,0.0,1750.0,0,0.0,3,0,0.0,-1,-1,-1,-1,0.0,0.0
2026-04-16T08:00,0.0,0.0,0.0,0.02,1.9,1.16,5.2,115,97,20320.0,1,0.24,10.0,1860.0,0,0.0,3,0,0.0,-1,-1,-1,-1,0.0,0.0
2026-04-16T09:00,0.0,0.0,0.0,0.02,1.8,2.26,6.2,135,99,24560.0,1,0.24,10.0,2000.0,0,0.0,3,0,0.0,-1,-1,-1,-1,0.0,0.0
2026-04-16T10:00,0.0,0.0,0.0,0.02,1.5,2.62,6.6,132,97,23800.0,1,0.241,0.0,1825.0,0,0.0,3,0,0.0,-1,-1,-1,-1,0.0,0.0
2026-04-16T11:00,0.0,0.0,0.0,0.02,0.4,3.29,6.5,133,99,16260.0,1,0.242,0.0,1080.0,0,0.0,3,0,0.0,-1,-1,-1,-1,0.0,0.0
2026-04-16T12:00,0.0,0.0,0.0,0.02,-1.0,3.97,6.6,126,96,24140.0,1,0.249,0.0,430.0,0,0.0,3,0,0.0,-1,-1,-1,-1,0.0,0.0
2026-04-16T13:00,0.0,0.0,0.0,0.02,-1.4,3.94,7.0,130,84,21560.0,0,0.249,50.0,205.0,0,0.0,3,0,0.0,-1,-1,-1,-1,0.0,0.0
2026-04-16T14:00,0.0,0.0,0.0,0.02,-2.7,3.87,6.4,110,51,39380.0,0,0.249,30.0,195.0,0,0.0,2,0,0.0,-1,-1,-1,-1,0.0,0.0
2026-04-16T15:00,0.0,0.0,0.0,0.02,-3.7,2.85,6.1,92,16,33440.0,0,0.249,50.0,110.0,0,0.0,0,0,0.0,-1,-1,-1,-1,0.0,0.0
2026-04-16T16:00,0.0,0.0,0.0,0.02,-4.5,2.91,4.7,109,0,24460.0,0,0.249,0.0,90.0,0,0.0,0,0,0.0,-1,-1,-1,-1,0.0,0.0
2026-04-16T17:00,0.0,0.0,0.0,0.02,-5.5,2.01,4.7,94,1,26980.0,0,0.249,0.0,65.0,0,0.0,0,0,0.0,-1,-1,-1,-1,0.0,0.0
2026-04-16T18:00,0.0,0.0,0.0,0.02,-6.4,1.86,3.3,85,15,41340.0,0,0.249,0.0,60.0,0,0.0,0,0,0.0,-1,-1,-1,-1,0.0,0.0
2026-04-16T19:00,0.0,0.0,0.0,0.02,-6.1,1.9,3.4,87,19,41320.0,0,0.249,0.0,50.0,0,0.0,0,0,0.0,-1,-1,-1,-1,0.0,0.0
2026-04-16T20:00,0.0,0.0,0.0,0.02,-6.4,1.45,3.1,90,5,41320.0,0,0.249,0.0,45.0,0,0.0,0,0,0.0,-1,-1,-1,-1,0.0,0.0
2026-04-16T21:00,0.0,0.0,0.0,0.02,-6.6,1.7,2.7,93,4,41280.0,0,0.249,0.0,45.0,0,0.0,0,0,0.0,-1,-1,-1,-1,0.0,0.0
2026-04-16T22:00,0.0,0.0,0.0,0.02,-6.9,1.4,2.7,90,7,33000.0,0,0.249,0.0,35.0,0,0.0,0,0,0.0,-1,-1,-1,-1,0.0,0.0
2026-04-16T23:00,0.0,0.0,0.0,0.02,-7.1,1.21,2.2,83,74,21580.0,0,0.249,0.0,30.0,0,0.0,2,0,0.0,-1,-1,-1,-1,0.0,0.0
2026-04-17T00:00,0.0,0.0,0.0,0.01,-5.6,1.41,3.1,84,100,41900.0,1,0.249,10.0,45.0,0,0.0,3,0,0.0,-1,-1,-1,-1,0.0,0.0
2026-04-17T01:00,0.0,0.0,0.0,0.01,-1.6,1.42,4.0,122,92,42200.0,1,0.249,10.0,170.0,0,0.0,3,0,0.0,-1,-1,-1,-1,0.0,0.0
2026-04-17T02:00,0.0,0.0,0.0,0.01,1.0,1.62,5.1,158,61,42740.0,1,0.249,10.0,520.0,0,0.0,2,0,0.0,-1,-1,-1,-1,0.0,0.0
2026-04-17T03:00,0.0,0.0,0.0,0.01,3.4,1.53,5.5,191,5,43380.0,1,0.249,70.0,815.0,0,0.0,0,0,0.0,-1,-1,-1,-1,0.0,0.0
2026-04-17T04:00,0.0,0.0,0.0,0.0,5.5,2.05,7.3,225,23,43360.0,1,0.249,120.0,1910.0,0,0.0,1,0,0.0,-1,-1,-1,-1,0.0,0.0
2026-04-17T05:00,0.0,0.0,0.0,0.0,7.8,4.62,9.6,275,87,43520.0,1,0.249,240.0,3145.0,0,0.0,3,0,0.0,-1,-1,-1,-1,0.0,0.0
2026-04-17T06:00,0.0,0.0,0.0,0.0,6.4,7.01,13.7,287,90,39900.0,1,0.251,20.0,2155.0,0,0.0,3,0,0.0,-1,-1,-1,-1,0.0,0.0
2026-04-17T07:00,0.0,0.0,0.0,0.0,7.7,4.15,12.6,273,70,43500.0,1,0.251,200.0,2695.0,0,0.0,2,0,0.0,-1,-1,-1,-1,0.0,0.0
2026-04-17T08:00,0.0,0.0,0.0,0.0,8.8,5.73,11.5,286,87,43500.0,1,0.25,210.0,3080.0,0,0.0,3,0,0.0,-1,-1,-1,-1,0.0,0.0
2026-04-17T09:00,0.0,1.0,0.56,0.0,7.5,5.23,11.5,296,89,43480.0,1,0.25,20.0,2670.0,0,0.0,85,0,0.0,-1,-1,-1,-1,0.0,0.0
2026-04-17T10:00,0.0,1.0,0.14,0.0,7.7,4.6,10.2,282,88,43600.0,1,0.251,80.0,3080.0,0,0.0,85,0,0.0,-1,-1,-1,-1,0.0,0.0
2026-04-17T11:00,0.0,0.0,0.0,0.0,6.7,3.94,8.9,297,38,43580.0,1,0.251,0.0,2860.0,0,0.0,1,0,0.0,-1,-1,-1,-1,0.0,0.0
2026-04-17T12:00,0.0,0.0,0.0,0.0,3.9,2.72,6.7,70,93,43300.0,1,0.263,30.0,145.0,0,0.0,3,0,0.0,-1,-1,-1,-1,0.0,0.0
2026-04-17T13:00,0.0,0.0,0.0,0.0,0.3,4.52,7.3,113,92,42660.0,0,0.263,30.0,120.0,0,0.0,3,0,0.0,-1,-1,-1,-1,0.0,0.0
2026-04-17T14:00,0.0,0.0,0.0,0.0,-0.6,3.94,7.2,119,95,42660.0,0,0.263,110.0,155.0,0,0.0,3,0,0.0,-1,-1,-1,-1,0.0,0.0
2026-04-17T15:00,0.0,0.0,0.0,0.0,-1.6,3.79,6.5,98,71,42260.0,0,0.263,120.0,130.0,0,0.0,2,0,0.0,-1,-1,-1,-1,0.0,0.0
2026-04-17T16:00,0.0,0.0,0.0,0.0,-3.0,3.23,6.2,103,91,41760.0,0,0.263,60.0,95.0,0,0.0,3,0,0.0,-1,-1,-1,-1,0.0,0.0
2026-04-17T17:00,0.0,0.0,0.0,0.0,-2.9,3.54,5.9,98,99,41780.0,0,0.263,100.0,155.0,0,0.0,3,0,0.0,-1,-1,-1,-1,0.0,0.0
2026-04-17T18:00,0.0,0.0,0.0,0.0,-2.1,3.11,6.0,86,100,41760.0,0,0.263,80.0,135.0,0,0.0,3,0,0.0,-1,-1,-1,-1,0.0,0.0
2026-04-17T19:00,0.0,0.0,0.0,0.0,-1.7,2.35,5.1,90,100,41580.0,0,0.263,30.0,100.0,0,0.0,3,0,0.0,-1,-1,-1,-1,0.0,0.0
2026-04-17T20:00,0.0,0.0,0.0,0.0,-1.8,2.0,3.9,90,100,26700.0,0,0.263,10.0,55.0,0,0.0,3,0,0.0,-1,-1,-1,-1,0.0,0.0
2026-04-17T21:00,0.0,0.0,0.0,0.0,-2.8,1.2,3.2,73,100,41080.0,0,0.263,0.0,30.0,0,0.0,3,0,0.0,-1,-1,-1,-1,0.0,0.0
2026-04-17T22:00,0.0,0.0,0.0,0.0,-3.5,1.09,2.2,74,100,41120.0,0,0.263,10.0,20.0,0,0.0,3,0,0.0,-1,-1,-1,-1,0.0,0.0
2026-04-17T23:00,0.0,0.0,0.0,0.0,-3.2,0.95,2.3,90,100,41120.0,0,0.263,20.0,15.0,0,0.0,3,0,0.0,-1,-1,-1,-1,0.0,0.0
2026-04-18T00:00,0.0,0.0,0.0,0.0,-0.6,1.57,1.8,149,100,27480.0,1,0.264,10.0,75.0,0,0.0,3,0,0.0,-1,-1,-1,-1,0.0,0.0
2026-04-18T01:00,0.0,0.0,0.0,0.0,1.4,1.55,3.8,159,100,35020.0,1,0.264,10.0,250.0,0,0.0,3,0,0.0,-1,-1,-1,-1,0.0,0.0
2026-04-18T02:00,0.0,0.0,0.0,0.0,4.1,1.57,4.6,189,100,42560.0,1,0.263,60.0,755.0,0,0.0,3,0,0.0,-1,-1,-1,-1,0.0,0.0
2026-04-18T03:00,0.0,0.0,0.0,0.0,6.5,1.84,6.0,248,97,43340.0,1,0.262,80.0,2260.0,0,0.0,3,0,0.0,-1,-1,-1,-1,0.0,0.0
2026-04-18T04:00,0.0,1.0,0.07,0.0,7.8,4.11,8.7,273,100,43340.0,1,0.261,160.0,2640.0,0,0.0,85,0,0.0,-1,-1,-1,-1,0.0,0.0
2026-04-18T05:00,0.0,1.0,0.28,0.0,3.7,3.76,10.2,324,100,23920.0,1,0.26,50.0,780.0,0,0.0,85,0,0.0,-1,-1,-1,-1,0.0,0.0
2026-04-18T06:00,0.0,0.0,0.0,0.0,7.0,0.75,9.3,356,95,43320.0,1,0.251,280.0,2425.0,0,0.0,3,0,0.0,-1,-1,-1,-1,0.0,0.0
2026-04-18T07:00,0.0,1.0,0.07,0.0,8.7,1.48,5.8,294,87,43300.0,1,0.251,430.0,3075.0,0,0.0,85,0,0.0,-1,-1,-1,-1,0.0,0.0
2026-04-18T08:00,0.0,1.0,0.07,0.0,9.3,1.86,6.2,306,91,43300.0,1,0.25,310.0,3570.0,0,0.0,85,0,0.0,-1,-1,-1,-1,0.0,0.0
2026-04-18T09:00,0.0,1.0,0.07,0.0,6.9,1.13,6.2,13,80,43300.0,1,0.251,10.0,1660.0,0,0.0,85,0,0.0,-1,-1,-1,-1,0.0,0.0
2026-04-18T10:00,0.0,0.0,0.0,0.01,6.6,4.37,8.6,120,53,43120.0,1,0.251,170.0,670.0,0,0.0,2,0,0.0,-1,-1,-1,-1,0.0,0.0
2026-04-18T11:00,0.0,0.0,0.0,0.01,5.5,4.16,9.1,153,62,43280.0,1,0.251,0.0,460.0,0,0.0,2,0,0.0,-1,-1,-1,-1,0.0,0.0
2026-04-18T12:00,0.0,0.0,0.0,0.0,4.6,2.83,7.7,167,98,43100.0,1,0.262,90.0,375.0,0,0.0,3,0,0.0,-1,-1,-1,-1,0.0,0.0
2026-04-18T13:00,0.0,0.0,0.0,0.0,2.0,1.8,4.9,177,100,33340.0,0,0.262,40.0,120.0,0,0.0,3,0,0.0,-1,-1,-1,-1,0.0,0.0
2026-04-18T14:00,0.0,0.0,0.0,0.0,1.6,2.95,4.5,156,61,42460.0,0,0.262,0.0,125.0,0,0.0,2,0,0.0,-1,-1,-1,-1,0.0,0.0
2026-04-18T15:00,0.0,0.0,0.0,0.0,-1.1,2.98,5.1,151,3,42460.0,0,0.262,0.0,90.0,0,0.0,0,0,0.0,-1,-1,-1,-1,0.0,0.0
2026-04-18T16:00,0.0,0.0,0.0,0.0,-2.8,1.57,4.7,107,0,42080.0,0,0.262,0.0,40.0,0,0.0,0,0,0.0,-1,-1,-1,-1,0.0,0.0
2026-04-18T17:00,0.0,0.0,0.0,0.0,-2.9,1.8,3.1,88,0,42060.0,0,0.262,0.0,45.0,0,0.0,0,0,0.0,-1,-1,-1,-1,0.0,0.0
2026-04-18T18:00,0.0,0.0,0.0,0.0,-3.6,1.81,3.2,95,0,41580.0,0,0.262,0.0,35.0,0,0.0,0,0,0.0,-1,-1,-1,-1,0.0,0.0
2026-04-18T19:00,0.0,0.0,0.0,0.0,-4.7,1.91,3.3,95,5,40960.0,0,0.262,0.0,30.0,0,0.0,0,0,0.0,-1,-1,-1,-1,0.0,0.0
2026-04-18T20:00,0.0,0.0,0.0,0.0,-5.1,1.95,3.4,91,30,40960.0,0,0.262,0.0,35.0,0,0.0,1,0,0.0,-1,-1,-1,-1,0.0,0.0
2026-04-18T21:00,0.0,0.0,0.0,0.0,-5.3,1.7,3.4,88,47,40940.0,0,0.262,0.0,30.0,0,0.0,1,0,0.0,-1,-1,-1,-1,0.0,0.0
2026-04-18T22:00,0.0,0.0,0.0,0.0,-5.0,1.7,3.0,90,21,40940.0,0,0.262,0.0,35.0,0,0.0,1,0,0.0,-1,-1,-1,-1,0.0,0.0
2026-04-18T23:00,0.0,0.0,0.0,0.0,-5.2,1.61,3.0,85,3,40940.0,0,0.262,0.0,35.0,0,0.0,0,0,0.0,-1,-1,-1,-1,0.0,0.0
2026-04-19T00:00,0.0,0.0,0.0,0.0,-3.2,1.2,2.8,88,100,10700.0,1,0.272,20.0,30.0,0,0.0,3,0,0.0,-1,-1,-1,-1,0.0,0.0
2026-04-19T01:00,0.0,0.0,0.0,0.0,0.2,1.3,3.4,118,98,13080.0,1,0.272,30.0,120.0,0,0.0,3,0,0.0,-1,-1,-1,-1,0.0,0.0
2026-04-19T02:00,0.0,0.0,0.0,0.0,2.6,1.96,5.1,161,5,16620.0,1,0.271,20.0,445.0,0,0.0,0,0,0.0,-1,-1,-1,-1,0.0,0.0
2026-04-19T03:00,0.0,0.0,0.0,0.0,5.2,1.68,5.7,190,30,18760.0,1,0.271,140.0,865.0,0,0.0,1,0,0.0,-1,-1,-1,-1,0.0,0.0
2026-04-19T04:00,0.0,0.0,0.0,0.0,7.8,2.75,8.8,233,41,42980.0,1,0.27,360.0,2010.0,0,0.0,1,0,0.0,-1,-1,-1,-1,0.0,0.0
2026-04-19T05:00,0.0,0.0,0.0,0.0,10.0,4.39,9.6,255,66,43120.0,1,0.268,310.0,3360.0,0,0.0,2,0,0.0,-1,-1,-1,-1,0.0,0.0
2026-04-19T06:00,0.0,1.0,0.21,0.0,9.7,6.31,13.0,235,96,43120.0,1,0.268,200.0,3345.0,0,0.0,85,0,0.0,-1,-1,-1,-1,0.0,0.0
2026-04-19T07:00,0.0,1.0,0.28,0.0,9.2,6.78,13.9,246,65,43120.0,1,0.267,0.0,2600.0,0,0.0,85,0,0.0,-1,-1,-1,-1,0.0,0.0
2026-04-19T08:00,0.0,1.0,0.07,0.0,10.2,6.04,13.0,251,42,43220.0,1,0.266,10.0,2865.0,0,0.0,85,0,0.0,-1,-1,-1,-1,0.0,0.0
2026-04-19T09:00,0.0,0.0,0.0,0.0,10.1,5.57,12.0,252,56,43200.0,1,0.266,20.0,2850.0,0,0.0,2,0,0.0,-1,-1,-1,-1,0.0,0.0
2026-04-19T10:00,0.0,0.0,0.0,0.0,9.4,4.87,11.0,265,75,43200.0,1,0.265,0.0,2720.0,0,0.0,2,0,0.0,-1,-1,-1,-1,0.0,0.0
2026-04-19T11:00,0.0,0.0,0.0,0.0,9.1,4.99,9.4,277,86,43200.0,1,0.265,0.0,3090.0,0,0.0,3,0,0.0,-1,-1,-1,-1,0.0,0.0
2026-04-19T12:00,0.0,0.0,0.0,0.0,5.9,1.92,8.7,242,42,43180.0,1,0.262,0.0,180.0,0,0.0,1,0,0.0,-1,-1,-1,-1,0.0,0.0
2026-04-19T13:00,0.0,0.0,0.0,0.0,3.4,3.67,5.1,169,78,43060.0,0,0.261,0.0,110.0,0,0.0,2,0,0.0,-1,-1,-1,-1,0.0,0.0
2026-04-19T14:00,0.0,0.0,0.0,0.0,1.3,5.03,9.2,167,98,41900.0,0,0.261,20.0,265.0,0,0.0,3,0,0.0,-1,-1,-1,-1,0.0,0.0
2026-04-19T15:00,0.0,0.0,0.0,0.0,-0.2,1.73,7.9,100,47,41900.0,0,0.261,0.0,85.0,0,0.0,1,0,0.0,-1,-1,-1,-1,0.0,0.0
2026-04-19T16:00,0.0,0.0,0.0,0.0,-1.4,2.3,4.2,63,100,41400.0,0,0.261,60.0,50.0,0,0.0,3,0,0.0,-1,-1,-1,-1,0.0,0.0
2026-04-19T17:00,0.0,0.0,0.0,0.0,-2.0,1.9,4.0,88,100,41880.0,0,0.261,50.0,30.0,0,0.0,3,0,0.0,-1,-1,-1,-1,0.0,0.0
2026-04-19T18:00,0.0,0.0,0.0,0.0,-1.0,3.12,5.1,130,100,41880.0,0,0.261,100.0,85.0,0,0.0,3,0,0.0,-1,-1,-1,-1,0.0,0.0
2026-04-19T19:00,0.0,0.0,0.0,0.0,-1.0,2.35,5.3,119,100,41860.0,0,0.261,30.0,80.0,0,0.0,3,0,0.0,-1,-1,-1,-1,0.0,0.0
2026-04-19T20:00,0.0,0.0,0.0,0.0,-1.2,0.36,3.9,74,100,41860.0,0,0.261,30.0,15.0,0,0.0,3,0,0.0,-1,-1,-1,-1,0.0,0.0
2026-04-19T21:00,0.0,0.0,0.0,0.0,-0.6,1.87,3.2,278,100,24640.0,0,0.261,10.0,345.0,0,0.0,3,0,0.0,-1,-1,-1,-1,0.0,0.0
2026-04-19T22:00,0.0,0.0,0.0,0.0,-0.2,2.45,4.3,182,100,34720.0,0,0.261,10.0,275.0,0,0.0,3,0,0.0,-1,-1,-1,-1,0.0,0.0
2026-04-19T23:00,0.0,0.0,0.0,0.0,-1.2,1.55,4.6,147,100,41840.0,0,0.261,40.0,85.0,0,0.0,3,0,0.0,-1,-1,-1,-1,0.0,0.0
2026-04-20T00:00,0.0,0.0,0.0,0.0,-0.8,0.86,2.4,100,100,40240.0,1,0.263,150.0,55.0,0,0.0,3,0,0.0,-1,-1,-1,-1,0.0,0.0
2026-04-20T01:00,0.0,1.0,0.28,0.0,1.0,1.46,4.7,158,100,39160.0,1,0.263,100.0,350.0,0,0.0,85,0,0.0,-1,-1,-1,-1,0.0,0.0
2026-04-20T02:00,0.0,0.0,0.0,0.0,3.0,3.18,6.7,196,89,41800.0,1,0.263,180.0,555.0,0,0.0,3,0,0.0,-1,-1,-1,-1,0.0,0.0
2026-04-20T03:00,0.0,0.0,0.0,0.0,6.3,4.78,10.7,222,67,42800.0,1,0.262,200.0,2080.0,0,0.0,2,0,0.0,-1,-1,-1,-1,0.0,0.0
2026-04-20T04:00,0.0,1.0,0.14,0.0,6.6,6.98,14.2,237,33,42940.0,1,0.261,130.0,2160.0,0,0.0,85,0,0.0,-1,-1,-1,-1,0.0,0.0
2026-04-20T05:00,0.0,0.0,0.0,0.0,8.8,6.74,14.2,250,82,42940.0,1,0.26,220.0,2955.0,0,0.0,3,0,0.0,-1,-1,-1,-1,0.0,0.0
2026-04-20T06:00,0.0,1.0,0.07,0.0,7.9,7.63,14.6,248,73,43040.0,1,0.26,40.0,2850.0,0,0.0,85,0,0.0,-1,-1,-1,-1,0.0,0.0
2026-04-20T07:00,0.0,1.0,0.14,0.0,10.3,8.94,16.0,250,67,43020.0,1,0.26,20.0,4020.0,0,0.0,85,0,0.0,-1,-1,-1,-1,0.0,0.0
2026-04-20T08:00,0.0,0.0,0.0,0.0,10.8,9.76,17.7,246,97,43020.0,1,0.259,30.0,3985.0,0,0.0,3,0,0.0,-1,-1,-1,-1,0.0,0.0
2026-04-20T09:00,0.0,0.0,0.0,0.0,9.1,9.95,18.4,253,71,43020.0,1,0.258,30.0,3645.0,0,0.0,2,0,0.0,-1,-1,-1,-1,0.0,0.0
2026-04-20T10:00,0.0,0.0,0.0,0.0,8.3,8.52,17.7,266,84,43000.0,1,0.258,0.0,3245.0,0,0.0,3,0,0.0,-1,-1,-1,-1,0.0,0.0
2026-04-20T11:00,0.0,0.0,0.0,0.0,7.4,7.5,15.0,300,90,43000.0,1,0.257,40.0,3220.0,0,0.0,3,0,0.0,-1,-1,-1,-1,0.0,0.0
2026-04-20T12:00,0.0,0.0,0.0,0.0,5.2,3.02,13.1,251,75,42880.0,1,0.257,90.0,540.0,0,0.0,2,0,0.0,-1,-1,-1,-1,0.0,0.0
2026-04-20T13:00,0.0,0.0,0.0,0.0,2.6,2.82,5.3,330,97,42860.0,0,0.257,0.0,790.0,0,0.0,3,0,0.0,-1,-1,-1,-1,0.0,0.0
2026-04-20T14:00,0.0,0.0,0.0,0.0,1.6,5.06,8.9,337,97,42860.0,0,0.257,0.0,690.0,0,0.0,3,0,0.0,-1,-1,-1,-1,0.0,0.0
2026-04-20T15:00,0.0,0.0,0.0,0.0,-0.4,2.27,8.5,327,100,42700.0,0,0.257,0.0,205.0,0,0.0,3,0,0.0,-1,-1,-1,-1,0.0,0.0
2026-04-20T16:00,0.0,0.0,0.0,0.0,0.1,0.68,3.7,197,100,42700.0,0,0.257,0.0,35.0,0,0.0,3,0,0.0,-1,-1,-1,-1,0.0,0.0
2026-04-20T17:00,0.0,0.0,0.0,0.0,-0.5,1.49,2.2,140,100,38140.0,0,0.257,10.0,45.0,0,0.0,3,0,0.0,-1,-1,-1,-1,0.0,0.0
2026-04-20T18:00,0.0,0.0,0.0,0.0,-1.2,1.72,2.6,120,99,42060.0,0,0.257,30.0,40.0,0,0.0,3,0,0.0,-1,-1,-1,-1,0.0,0.0
2026-04-20T19:00,0.0,0.0,0.0,0.0,-1.5,1.65,2.9,125,92,42040.0,0,0.257,10.0,45.0,0,0.0,3,0,0.0,-1,-1,-1,-1,0.0,0.0
2026-04-20T20:00,0.0,0.0,0.0,0.0,-1.9,1.06,2.4,109,100,42040.0,0,0.257,10.0,40.0,1,0.0,3,0,0.0,-1,-1,-1,-1,0.0,0.0
2026-04-20T21:00,0.0,0.0,0.0,0.0,-2.3,0.75,1.7,90,99,42020.0,0,0.257,30.0,35.0,0,0.0,3,0,0.0,-1,-1,-1,-1,0.0,0.0
2026-04-20T22:00,0.0,0.0,0.0,0.0,-2.3,0.68,1.4,126,52,42020.0,0,0.257,30.0,45.0,0,0.0,2,0,0.0,-1,-1,-1,-1,0.0,0.0
2026-04-20T23:00,0.0,0.0,0.0,0.0,-3.3,1.11,1.7,144,57,41640.0,0,0.257,30.0,40.0,0,0.0,2,0,0.0,-1,-1,-1,-1,0.0,0.0
2026-04-21T00:00,0.0,0.0,0.0,0.0,-2.0,1.11,2.4,108,100,41640.0,1,0.257,20.0,30.0,0,0.0,3,0,0.0,-1,-1,-1,-1,0.0,0.0
2026-04-21T01:00,0.0,0.0,0.0,0.0,0.7,0.75,3.2,127,22,42000.0,1,0.257,40.0,140.0,0,0.0,1,0,0.0,-1,-1,-1,-1,0.0,0.0
2026-04-21T02:00,0.0,0.0,0.0,0.0,3.1,1.1,4.2,185,7,42620.0,1,0.257,110.0,585.0,0,0.0,0,0,0.0,-1,-1,-1,-1,0.0,0.0
2026-04-21T03:00,0.0,0.0,0.0,0.0,5.8,4.45,9.1,258,73,42760.0,1,0.256,220.0,2880.0,0,0.0,2,0,0.0,-1,-1,-1,-1,0.0,0.0
2026-04-21T04:00,0.0,1.0,0.07,0.0,6.1,6.6,12.9,277,75,42760.0,1,0.255,0.0,2610.0,0,0.0,85,0,0.0,-1,-1,-1,-1,0.0,0.0
2026-04-21T05:00,0.0,1.0,0.07,0.0,7.5,8.61,15.7,273,97,42860.0,1,0.253,0.0,2800.0,0,0.0,85,0,0.0,-1,-1,-1,-1,0.0,0.0
2026-04-21T06:00,0.0,0.0,0.0,0.0,6.5,8.36,16.1,284,87,42840.0,1,0.252,0.0,2980.0,0,0.0,3,0,0.0,-1,-1,-1,-1,0.0,0.0
2026-04-21T07:00,0.0,1.0,0.07,0.0,8.0,8.87,16.3,287,98,42840.0,1,0.251,0.0,3380.0,0,0.0,85,0,0.0,-1,-1,-1,-1,0.0,0.0
2026-04-21T08:00,0.0,1.0,0.14,0.0,8.0,8.71,16.3,293,83,42820.0,1,0.25,10.0,3590.0,0,0.0,85,0,0.0,-1,-1,-1,-1,0.0,0.0
2026-04-21T09:00,0.0,1.0,0.07,0.0,7.0,8.27,16.3,300,43,42820.0,1,0.249,10.0,3310.0,0,0.0,85,0,0.0,-1,-1,-1,-1,0.0,0.0
2026-04-21T10:00,0.0,0.0,0.0,0.0,6.8,8.04,14.9,294,23,42820.0,1,0.249,30.0,3580.0,0,0.0,1,0,0.0,-1,-1,-1,-1,0.0,0.0
2026-04-21T11:00,0.0,0.0,0.0,0.0,5.9,7.34,14.3,291,52,42800.0,1,0.248,30.0,3670.0,0,0.0,2,0,0.0,-1,-1,-1,-1,0.0,0.0
2026-04-21T12:00,0.0,0.0,0.0,0.0,3.5,5.68,12.6,323,95,42800.0,1,0.253,0.0,1375.0,0,0.0,3,0,0.0,-1,-1,-1,-1,0.0,0.0
2026-04-21T13:00,0.0,0.0,0.0,0.0,1.7,3.54,9.5,315,99,42680.0,0,0.253,0.0,495.0,0,0.0,3,0,0.0,-1,-1,-1,-1,0.0,0.0
2026-04-21T14:00,0.0,0.0,0.0,0.0,-0.5,2.08,5.9,305,100,42680.0,0,0.253,0.0,170.0,0,0.0,3,0,0.0,-1,-1,-1,-1,0.0,0.0
2026-04-21T15:00,0.0,0.0,0.0,0.0,-0.2,1.65,3.4,267,84,42660.0,0,0.253,0.0,125.0,0,0.0,3,0,0.0,-1,-1,-1,-1,0.0,0.0
2026-04-21T16:00,0.0,0.0,0.0,0.0,-1.4,1.24,2.8,284,95,42660.0,0,0.253,0.0,70.0,0,0.0,3,0,0.0,-1,-1,-1,-1,0.0,0.0
2026-04-21T17:00,0.0,0.0,0.0,0.0,-2.8,2.77,4.1,6,100,42500.0,0,0.253,0.0,100.0,0,0.0,3,0,0.0,-1,-1,-1,-1,0.0,0.0
2026-04-21T18:00,0.0,0.0,0.0,0.0,-2.0,4.29,6.1,341,100,42640.0,0,0.253,0.0,290.0,0,0.0,3,0,0.0,-1,-1,-1,-1,0.0,0.0
2026-04-21T19:00,0.0,0.0,0.0,0.0,-2.9,2.89,6.9,332,96,42640.0,0,0.253,0.0,185.0,0,0.0,3,0,0.0,-1,-1,-1,-1,0.0,0.0
2026-04-21T20:00,0.0,0.0,0.0,0.0,-4.4,1.93,4.7,323,73,42620.0,0,0.253,0.0,110.0,0,0.0,2,0,0.0,-1,-1,-1,-1,0.0,0.0
2026-04-21T21:00,0.0,0.0,0.0,0.0,-5.6,1.69,3.1,304,14,42460.0,0,0.253,0.0,70.0,0,0.0,0,0,0.0,-1,-1,-1,-1,0.0,0.0
2026-04-21T22:00,0.0,0.0,0.0,0.0,-6.3,1.86,2.9,297,95,42460.0,0,0.253,0.0,100.0,0,0.0,3,0,0.0,-1,-1,-1,-1,0.0,0.0
2026-04-21T23:00,0.0,0.0,0.0,0.0,-6.6,1.66,2.9,295,95,42440.0,0,0.253,0.0,80.0,0,0.0,3,0,0.0,-1,-1,-1,-1,0.0,0.0
2026-04-22T00:00,0.0,0.0,0.0,0.0,-4.9,2.75,2.9,303,51,42440.0,1,0.262,0.0,200.0,0,0.0,2,0,0.0,-1,-1,-1,-1,0.0,0.0
2026-04-22T01:00,0.0,0.0,0.0,0.0,-2.5,3.44,6.8,306,19,42580.0,1,0.262,0.0,475.0,0,0.0,0,0,0.0,-1,-1,-1,-1,0.0,0.0
2026-04-22T02:00,0.0,0.0,0.0,0.0,-0.1,3.55,7.7,310,12,42680.0,1,0.261,0.0,870.0,0,0.0,0,0,0.0,-1,-1,-1,-1,0.0,0.0
2026-04-22T03:00,0.0,0.0,0.0,0.0,2.2,3.92,8.6,308,37,42680.0,1,0.261,0.0,1580.0,0,0.0,1,0,0.0,-1,-1,-1,-1,0.0,0.0
2026-04-22T04:00,0.0,0.0,0.0,0.0,4.0,4.65,9.9,309,98,42820.0,1,0.26,0.0,3130.0,0,0.0,3,0,0.0,-1,-1,-1,-1,0.0,0.0
2026-04-22T05:00,0.0,0.0,0.0,0.0,5.2,5.63,11.4,308,46,42800.0,1,0.258,0.0,4015.0,0,0.0,1,0,0.0,-1,-1,-1,-1,0.0,0.0
2026-04-22T06:00,0.0,0.0,0.0,0.0,5.0,5.71,12.5,307,23,42800.0,1,0.258,0.0,4050.0,0,0.0,1,0,0.0,-1,-1,-1,-1,0.0,0.0
2026-04-22T07:00,0.0,0.0,0.0,0.0,6.4,6.62,13.1,305,20,42800.0,1,0.256,10.0,4525.0,0,0.0,1,0,0.0,-1,-1,-1,-1,0.0,0.0
2026-04-22T08:00,0.0,0.0,0.0,0.0,6.7,6.09,13.0,302,74,42780.0,1,0.255,50.0,4985.0,0,0.0,2,0,0.0,-1,-1,-1,-1,0.0,0.0
2026-04-22T09:00,0.0,0.0,0.0,0.0,6.5,7.1,13.3,304,65,42620.0,1,0.253,130.0,5410.0,0,0.0,2,0,0.0,-1,-1,-1,-1,0.0,0.0
2026-04-22T10:00,0.0,0.0,0.0,0.0,5.7,7.01,13.4,302,97,42620.0,1,0.252,120.0,4940.0,0,0.0,3,0,0.0,-1,-1,-1,-1,0.0,0.0
2026-04-22T11:00,0.0,0.0,0.0,0.0,4.7,7.5,13.1,312,20,42620.0,1,0.252,50.0,4330.0,0,0.0,1,0,0.0,-1,-1,-1,-1,0.0,0.0
2026-04-22T12:00,0.0,0.0,0.0,0.0,2.6,5.51,13.0,324,19,42600.0,1,0.25,0.0,2150.0,0,0.0,0,0,0.0,-1,-1,-1,-1,0.0,0.0
2026-04-22T13:00,0.0,0.0,0.0,0.0,-0.4,3.57,9.3,329,0,42480.0,0,0.25,0.0,380.0,0,0.0,0,0,0.0,-1,-1,-1,-1,0.0,0.0
2026-04-22T14:00,0.0,0.0,0.0,0.0,-1.6,2.8,5.9,320,0,42580.0,0,0.25,0.0,200.0,0,0.0,0,0,0.0,-1,-1,-1,-1,0.0,0.0
2026-04-22T15:00,0.0,0.0,0.0,0.0,-3.0,2.54,4.6,328,9,42580.0,0,0.25,0.0,120.0,0,0.0,0,0,0.0,-1,-1,-1,-1,0.0,0.0
2026-04-22T16:00,0.0,0.0,0.0,0.0,-3.3,0.5,4.0,360,16,42460.0,0,0.25,0.0,20.0,0,0.0,0,0,0.0,-1,-1,-1,-1,0.0,0.0
2026-04-22T17:00,0.0,0.0,0.0,0.0,-3.6,0.16,1.2,108,27,42460.0,0,0.25,0.0,10.0,0,0.0,1,0,0.0,-1,-1,-1,-1,0.0,0.0
2026-04-22T18:00,0.0,0.0,0.0,0.0,-3.6,0.51,0.9,29,74,42560.0,0,0.25,0.0,20.0,0,0.0,2,0,0.0,-1,-1,-1,-1,0.0,0.0
2026-04-22T19:00,0.0,0.0,0.0,0.0,-3.2,0.21,1.2,14,97,42540.0,0,0.25,0.0,15.0,0,0.0,3,0,0.0,-1,-1,-1,-1,0.0,0.0
2026-04-22T20:00,0.0,0.0,0.0,0.0,-3.8,0.32,0.9,162,95,42440.0,0,0.25,0.0,20.0,0,0.0,3,0,0.0,-1,-1,-1,-1,0.0,0.0
2026-04-22T21:00,0.0,0.0,0.0,0.0,-3.9,0.1,0.9,180,74,42420.0,0,0.25,10.0,10.0,0,0.0,2,0,0.0,-1,-1,-1,-1,0.0,0.0
2026-04-22T22:00,0.0,0.0,0.0,0.0,-4.1,0.52,1.2,197,3,42420.0,0,0.251,0.0,25.0,0,0.0,0,0,0.0,-1,-1,-1,-1,0.0,0.0
2026-04-22T23:00,0.0,0.0,0.0,0.0,-5.0,0.93,1.9,216,9,42260.0,0,0.251,0.0,45.0,0,0.0,0,0,0.0,-1,-1,-1,-1,0.0,0.0
2026-04-23T00:00,0.0,0.0,0.0,0.0,-3.8,1.39,2.2,296,0,42260.0,1,0.264,0.0,40.0,0,0.0,0,0,0.0,-1,-1,-1,-1,0.0,0.0
2026-04-23T01:00,0.0,0.0,0.0,0.0,-1.2,2.01,4.6,264,2,42240.0,1,0.264,0.0,390.0,0,0.0,0,0,0.0,-1,-1,-1,-1,0.0,0.0
2026-04-23T02:00,0.0,0.0,0.0,0.0,2.2,3.92,7.9,264,5,42380.0,1,0.263,0.0,760.0,0,0.0,0,0,0.0,-1,-1,-1,-1,0.0,0.0
2026-04-23T03:00,0.0,0.0,0.0,0.0,5.3,5.57,10.8,275,9,42480.0,1,0.263,0.0,2265.0,0,0.0,0,0,0.0,-1,-1,-1,-1,0.0,0.0
2026-04-23T04:00,0.0,0.0,0.0,0.0,6.9,7.05,13.6,287,58,42480.0,1,0.262,0.0,2575.0,0,0.0,2,0,0.0,-1,-1,-1,-1,0.0,0.0
2026-04-23T05:00,0.0,0.0,0.0,0.0,9.3,8.04,14.4,305,77,42460.0,1,0.26,0.0,3745.0,0,0.0,2,0,0.0,-1,-1,-1,-1,0.0,0.0
2026-04-23T06:00,0.0,0.0,0.0,0.0,8.4,8.89,16.3,318,73,42460.0,1,0.26,10.0,3225.0,0,0.0,2,0,0.0,-1,-1,-1,-1,0.0,0.0
2026-04-23T07:00,0.0,0.0,0.0,0.0,9.2,6.85,16.3,304,98,42600.0,1,0.258,0.0,3185.0,0,0.0,3,0,0.0,-1,-1,-1,-1,0.0,0.0
2026-04-23T08:00,0.0,0.0,0.0,0.0,10.0,8.97,15.8,307,94,42600.0,1,0.257,0.0,3610.0,0,0.0,3,0,0.0,-1,-1,-1,-1,0.0,0.0
2026-04-23T09:00,0.0,0.0,0.0,0.0,10.0,8.81,16.4,316,98,42580.0,1,0.256,0.0,3615.0,0,0.0,3,0,0.0,-1,-1,-1,-1,0.0,0.0
2026-04-23T10:00,0.0,0.0,0.0,0.0,10.1,9.13,15.7,307,100,42580.0,1,0.255,0.0,3945.0,0,0.0,3,0,0.0,-1,-1,-1,-1,0.0,0.0
2026-04-23T11:00,0.0,0.0,0.0,0.0,9.0,7.73,15.9,311,100,42560.0,1,0.254,0.0,3830.0,0,0.0,3,0,0.0,-1,-1,-1,-1,0.0,0.0
2026-04-23T12:00,0.0,0.0,0.0,0.0,6.8,3.15,13.3,313,100,42420.0,1,0.25,0.0,630.0,0,0.0,3,0,0.0,-1,-1,-1,-1,0.0,0.0
2026-04-23T13:00,0.0,0.0,0.0,0.0,3.9,2.62,5.3,320,100,42400.0,0,0.25,0.0,295.0,0,0.0,3,0,0.0,-1,-1,-1,-1,0.0,0.0
2026-04-23T14:00,0.0,0.0,0.0,0.0,3.5,3.69,5.8,351,84,42400.0,0,0.251,0.0,220.0,0,0.0,3,0,0.0,-1,-1,-1,-1,0.0,0.0
2026-04-23T15:00,0.0,0.0,0.0,0.0,1.5,3.37,6.1,49,45,42280.0,0,0.251,10.0,85.0,0,0.0,1,0,0.0,-1,-1,-1,-1,0.0,0.0
2026-04-23T16:00,0.0,0.0,0.0,0.0,-0.3,3.1,5.6,80,98,42280.0,0,0.251,0.0,70.0,0,0.0,3,0,0.0,-1,-1,-1,-1,0.0,0.0
2026-04-23T17:00,0.0,0.0,0.0,0.0,-1.0,2.35,5.2,88,100,42260.0,0,0.251,0.0,55.0,0,0.0,3,0,0.0,-1,-1,-1,-1,0.0,0.0
2026-04-23T18:00,0.0,0.0,0.0,0.0,0.9,2.35,3.8,89,100,42260.0,0,0.251,10.0,75.0,0,0.0,3,0,0.0,-1,-1,-1,-1,0.0,0.0
2026-04-23T19:00,0.0,0.0,0.0,0.0,0.5,2.43,4.2,82,95,42260.0,0,0.251,0.0,80.0,0,0.0,3,0,0.0,-1,-1,-1,-1,0.0,0.0
2026-04-23T20:00,0.0,0.0,0.0,0.0,-2.2,1.86,4.1,76,65,42100.0,0,0.251,0.0,35.0,0,0.0,2,0,0.0,-1,-1,-1,-1,0.0,0.0
2026-04-23T21:00,0.0,0.0,0.0,0.0,-3.1,2.02,3.6,60,63,41480.0,0,0.251,0.0,30.0,0,0.0,2,0,0.0,-1,-1,-1,-1,0.0,0.0
2026-04-23T22:00,0.0,0.0,0.0,0.0,-3.7,2.21,4.2,65,63,41460.0,0,0.251,0.0,30.0,0,0.0,2,0,0.0,-1,-1,-1,-1,0.0,0.0
2026-04-23T23:00,0.0,0.0,0.0,0.0,-4.1,1.92,4.0,81,92,41460.0,0,0.252,0.0,30.0,0,0.0,3,0,0.0,-1,-1,-1,-1,0.0,0.0
2026-04-24T00:00,0.0,0.0,0.0,0.0,-2.1,2.26,3.8,85,92,41100.0,1,0.262,0.0,30.0,0,0.0,3,0,0.0,-1,-1,-1,-1,0.0,0.0
2026-04-24T01:00,0.0,0.0,0.0,0.0,1.7,1.31,3.9,133,38,42060.0,1,0.262,0.0,165.0,0,0.0,1,0,0.0,-1,-1,-1,-1,0.0,0.0
2026-04-24T02:00,0.0,0.0,0.0,0.0,4.2,1.35,4.6,165,5,42060.0,1,0.262,0.0,375.0,0,0.0,0,0,0.0,-1,-1,-1,-1,0.0,0.0
2026-04-24T03:00,0.0,0.0,0.0,0.0,7.0,1.5,5.3,165,0,42180.0,1,0.261,50.0,605.0,0,0.0,0,0,0.0,-1,-1,-1,-1,0.0,0.0
2026-04-24T04:00,0.0,0.0,0.0,0.0,9.5,1.6,5.6,219,0,42280.0,1,0.26,80.0,1560.0,0,0.0,0,0,0.0,-1,-1,-1,-1,0.0,0.0
2026-04-24T05:00,0.0,0.0,0.0,0.0,11.2,3.67,8.8,255,23,42280.0,1,0.259,160.0,3160.0,0,0.0,1,0,0.0,-1,-1,-1,-1,0.0,0.0
2026-04-24T06:00,0.0,0.0,0.0,0.0,11.4,4.29,10.2,262,80,42280.0,1,0.256,150.0,3780.0,0,0.0,3,0,0.0,-1,-1,-1,-1,0.0,0.0
2026-04-24T07:00,0.0,0.0,0.0,0.0,12.1,4.9,10.4,268,98,42260.0,1,0.255,10.0,3530.0,0,0.0,3,0,0.0,-1,-1,-1,-1,0.0,0.0
2026-04-24T08:00,0.0,0.0,0.0,0.0,11.7,4.26,10.4,266,91,42400.0,1,0.253,30.0,3265.0,0,0.0,3,0,0.0,-1,-1,-1,-1,0.0,0.0
2026-04-24T09:00,0.0,0.0,0.0,0.0,11.1,3.57,9.0,264,100,42240.0,1,0.252,0.0,3305.0,0,0.0,3,0,0.0,-1,-1,-1,-1,0.0,0.0
2026-04-24T10:00,0.0,0.0,0.0,0.0,11.1,2.59,7.7,289,100,42240.0,1,0.251,0.0,3440.0,0,0.0,3,0,0.0,-1,-1,-1,-1,0.0,0.0
2026-04-24T11:00,0.0,0.0,0.0,0.0,10.3,2.24,5.8,336,100,42380.0,1,0.251,0.0,3365.0,0,0.0,3,0,0.0,-1,-1,-1,-1,0.0,0.0
2026-04-24T12:00,0.0,0.0,0.0,0.0,8.7,3.11,4.1,244,100,42220.0,1,0.243,10.0,370.0,0,0.0,3,0,0.0,-1,-1,-1,-1,0.0,0.0
2026-04-24T13:00,0.0,0.0,0.0,0.0,6.0,2.08,5.4,235,100,42220.0,0,0.243,20.0,175.0,0,0.0,3,0,0.0,-1,-1,-1,-1,0.0,0.0
2026-04-24T14:00,0.0,0.0,0.0,0.0,4.7,1.48,3.4,168,100,42100.0,0,0.244,0.0,55.0,0,0.0,3,0,0.0,-1,-1,-1,-1,0.0,0.0
2026-04-24T15:00,0.0,0.0,0.0,0.0,3.4,1.88,3.0,112,100,41940.0,0,0.244,20.0,50.0,0,0.0,3,0,0.0,-1,-1,-1,-1,0.0,0.0
2026-04-24T16:00,0.0,0.0,0.0,0.0,2.5,2.93,4.6,107,100,41940.0,0,0.244,20.0,70.0,0,0.0,3,0,0.0,-1,-1,-1,-1,0.0,0.0
2026-04-24T17:00,0.0,1.0,0.07,0.0,2.8,4.01,6.4,119,98,41940.0,0,0.244,40.0,165.0,0,0.0,85,0,0.0,-1,-1,-1,-1,0.0,0.0
2026-04-24T18:00,0.0,0.0,0.0,0.0,2.1,2.56,6.5,121,100,41920.0,0,0.244,0.0,115.0,0,0.0,3,0,0.0,-1,-1,-1,-1,0.0,0.0
2026-04-24T19:00,0.0,0.0,0.0,0.0,0.8,2.31,4.3,112,85,41300.0,0,0.244,0.0,80.0,0,0.0,3,0,0.0,-1,-1,-1,-1,0.0,0.0
2026-04-24T20:00,0.0,0.0,0.0,0.0,-1.0,1.57,3.9,99,98,41300.0,0,0.244,20.0,40.0,0,0.0,3,0,0.0,-1,-1,-1,-1,0.0,0.0
2026-04-24T21:00,0.0,0.0,0.0,0.0,-1.3,0.85,2.5,90,100,41300.0,0,0.245,0.0,20.0,0,0.0,3,0,0.0,-1,-1,-1,-1,0.0,0.0
2026-04-24T22:00,0.0,0.0,0.0,0.0,-1.3,1.22,1.9,99,100,41280.0,0,0.245,20.0,30.0,0,0.0,3,0,0.0,-1,-1,-1,-1,0.0,0.0
2026-04-24T23:00,0.0,0.0,0.0,0.0,-1.3,1.66,2.8,95,100,41280.0,0,0.245,20.0,40.0,0,0.0,3,0,0.0,-1,-1,-1,-1,0.0,0.0
2026-04-25T00:00,0.0,0.0,0.0,0.0,0.8,2.02,3.1,110,21,40920.0,1,0.245,0.0,50.0,0,0.0,1,0,0.0,-1,-1,-1,-1,0.0,0.0
2026-04-25T01:00,0.0,0.0,0.0,0.0,4.3,2.26,4.8,133,28,41260.0,1,0.245,30.0,245.0,0,0.0,1,0,0.0,-1,-1,-1,-1,0.0,0.0
2026-04-25T02:00,0.0,0.0,0.0,0.0,7.6,3.5,7.1,190,17,41860.0,1,0.245,190.0,1390.0,0,0.0,0,0,0.0,-1,-1,-1,-1,0.0,0.0
2026-04-25T03:00,0.0,0.0,0.0,0.0,9.6,3.78,8.6,244,15,42000.0,1,0.244,150.0,1950.0,0,0.0,0,0,0.0,-1,-1,-1,-1,0.0,0.0
2026-04-25T04:00,0.0,0.0,0.0,0.0,10.8,3.71,8.7,267,30,42000.0,1,0.242,220.0,2275.0,0,0.0,1,0,0.0,-1,-1,-1,-1,0.0,0.0
2026-04-25T05:00,0.0,0.0,0.0,0.0,12.0,3.1,8.7,268,43,42100.0,1,0.241,260.0,3055.0,0,0.0,1,0,0.0,-1,-1,-1,-1,0.0,0.0
2026-04-25T06:00,0.0,0.0,0.0,0.0,11.8,2.92,8.9,263,98,42080.0,1,0.239,190.0,3465.0,0,0.0,3,0,0.0,-1,-1,-1,-1,0.0,0.0
2026-04-25T07:00,0.0,1.0,0.07,0.0,12.2,4.1,9.1,250,90,42080.0,1,0.237,10.0,3270.0,0,0.0,85,0,0.0,-1,-1,-1,-1,0.0,0.0
2026-04-25T08:00,0.0,0.0,0.0,0.0,11.3,4.38,9.7,244,100,36760.0,1,0.236,60.0,2685.0,0,0.0,3,0,0.0,-1,-1,-1,-1,0.0,0.0
2026-04-25T09:00,0.0,0.0,0.0,0.0,11.3,2.61,9.3,238,68,42060.0,1,0.236,40.0,2720.0,0,0.0,2,0,0.0,-1,-1,-1,-1,0.0,0.0
2026-04-25T10:00,0.1,1.0,0.0,0.0,11.6,3.08,7.0,253,77,42060.0,1,0.235,0.0,3215.0,0,0.0,51,0,0.0,-1,-1,-1,-1,0.0,0.0
2026-04-25T11:00,0.0,0.0,0.0,0.0,11.1,3.07,6.9,289,77,42040.0,1,0.234,10.0,3485.0,0,0.0,2,0,0.0,-1,-1,-1,-1,0.0,0.0
2026-04-25T12:00,0.0,0.0,0.0,0.0,6.7,4.83,5.8,164,77,41800.0,1,0.23,60.0,540.0,0,0.0,2,0,0.0,-1,-1,-1,-1,0.0,0.0
2026-04-25T13:00,0.0,0.0,0.0,0.0,4.7,3.06,8.2,124,91,41780.0,0,0.23,10.0,230.0,0,0.0,3,0,0.0,-1,-1,-1,-1,0.0,0.0
2026-04-25T14:00,0.0,0.0,0.0,0.0,3.6,3.34,6.1,148,77,41160.0,0,0.23,10.0,230.0,0,0.0,2,0,0.0,-1,-1,-1,-1,0.0,0.0
2026-04-25T15:00,0.0,0.0,0.0,0.0,2.6,3.05,5.5,145,89,41160.0,0,0.23,20.0,170.0,0,0.0,3,0,0.0,-1,-1,-1,-1,0.0,0.0
2026-04-25T16:00,0.0,0.0,0.0,0.0,1.2,2.14,5.0,127,90,40800.0,0,0.23,0.0,100.0,0,0.0,3,0,0.0,-1,-1,-1,-1,0.0,0.0
2026-04-25T17:00,0.0,0.0,0.0,0.0,0.1,1.41,3.5,107,2,40780.0,0,0.23,20.0,45.0,0,0.0,0,0,0.0,-1,-1,-1,-1,0.0,0.0
2026-04-25T18:00,0.0,0.0,0.0,0.0,-0.8,1.69,2.7,102,1,40320.0,0,0.231,20.0,40.0,0,0.0,0,0,0.0,-1,-1,-1,-1,0.0,0.0
2026-04-25T19:00,0.0,0.0,0.0,0.0,-1.9,1.5,2.9,86,2,40320.0,0,0.231,0.0,35.0,0,0.0,0,0,0.0,-1,-1,-1,-1,0.0,0.0
2026-04-25T20:00,0.0,0.0,0.0,0.0,-2.4,1.9,3.2,104,63,40320.0,0,0.231,0.0,40.0,0,0.0,2,0,0.0,-1,-1,-1,-1,0.0,0.0
2026-04-25T21:00,0.0,0.0,0.0,0.0,-2.9,2.06,3.6,113,2,39720.0,0,0.231,0.0,45.0,0,0.0,0,0,0.0,-1,-1,-1,-1,0.0,0.0
2026-04-25T22:00,0.0,0.0,0.0,0.0,-3.7,1.31,3.4,97,0,39720.0,0,0.232,0.0,35.0,0,0.0,0,0,0.0,-1,-1,-1,-1,0.0,0.0
2026-04-25T23:00,0.0,0.0,0.0,0.0,-3.9,1.2,2.1,107,0,39700.0,0,0.232,0.0,35.0,0,0.0,0,0,0.0,-1,-1,-1,-1,0.0,0.0
2026-04-26T00:00,0.0,0.0,0.0,0.0,-0.9,1.55,3.1,123,16,40280.0,1,0.235,0.0,35.0,0,0.0,0,0,0.0,-1,-1,-1,-1,0.0,0.0
2026-04-26T01:00,0.0,0.0,0.0,0.0,2.3,0.87,3.3,167,0,40740.0,1,0.235,0.0,270.0,0,0.0,0,0,0.0,-1,-1,-1,-1,0.0,0.0
2026-04-26T02:00,0.0,0.0,0.0,0.0,4.6,1.74,5.0,243,0,41080.0,1,0.235,50.0,535.0,0,0.0,0,0,0.0,-1,-1,-1,-1,0.0,0.0
2026-04-26T03:00,0.0,0.0,0.0,0.0,7.2,2.59,6.8,251,30,41680.0,1,0.235,120.0,1090.0,0,0.0,1,0,0.0,-1,-1,-1,-1,0.0,0.0
2026-04-26T04:00,0.0,0.0,0.0,0.0,9.0,2.15,6.9,245,44,41660.0,1,0.233,150.0,1860.0,0,0.0,1,0,0.0,-1,-1,-1,-1,0.0,0.0
2026-04-26T05:00,0.0,0.0,0.0,0.0,10.4,2.28,7.1,244,49,41660.0,1,0.232,450.0,2540.0,0,0.0,1,0,0.0,-1,-1,-1,-1,0.0,0.0
2026-04-26T06:00,0.0,0.0,0.0,0.0,10.5,1.55,7.5,272,75,41800.0,1,0.231,350.0,2915.0,0,0.0,2,0,0.0,-1,-1,-1,-1,0.0,0.0
2026-04-26T07:00,0.1,1.0,0.49,0.0,7.5,7.93,14.3,196,95,24920.0,1,0.231,380.0,635.0,0,0.0,85,0,0.0,-1,-1,-1,-1,0.0,0.0
2026-04-26T08:00,0.0,1.0,0.07,0.0,9.6,3.4,15.5,234,95,41780.0,1,0.234,100.0,1770.0,0,0.0,85,0,0.0,-1,-1,-1,-1,0.0,0.0
2026-04-26T09:00,0.0,0.0,0.0,0.0,9.9,4.7,9.5,279,97,41780.0,1,0.236,60.0,1860.0,0,0.0,3,0,0.0,-1,-1,-1,-1,0.0,0.0
2026-04-26T10:00,0.0,0.0,0.0,0.0,10.0,3.95,9.6,248,99,41760.0,1,0.236,40.0,2270.0,0,0.0,3,0,0.0,-1,-1,-1,-1,0.0,0.0
2026-04-26T11:00,0.0,0.0,0.0,0.0,9.1,3.79,8.1,198,100,41760.0,1,0.237,0.0,2180.0,0,0.0,3,0,0.0,-1,-1,-1,-1,0.0,0.0
2026-04-26T12:00,0.0,1.0,0.14,0.0,6.2,1.95,9.5,206,100,39060.0,1,0.228,10.0,310.0,0,0.0,85,0,0.0,-1,-1,-1,-1,0.0,0.0
2026-04-26T13:00,0.0,0.0,0.0,0.0,4.7,2.44,4.7,75,100,40640.0,0,0.228,0.0,85.0,0,0.0,3,0,0.0,-1,-1,-1,-1,0.0,0.0
2026-04-26T14:00,0.0,1.0,0.07,0.0,2.3,5.09,8.3,57,100,4600.0,0,0.228,10.0,250.0,0,0.0,85,0,0.0,-1,-1,-1,-1,0.0,0.0
2026-04-26T15:00,0.0,0.0,0.0,0.0,1.7,4.42,8.8,80,100,32080.0,0,0.228,10.0,195.0,0,0.0,3,0,0.0,-1,-1,-1,-1,0.0,0.0
2026-04-26T16:00,0.0,0.0,0.0,0.0,2.0,3.26,7.1,117,100,35580.0,0,0.229,10.0,230.0,0,0.0,3,0,0.0,-1,-1,-1,-1,0.0,0.0
2026-04-26T17:00,0.0,0.0,0.0,0.0,1.2,2.7,5.5,109,100,35160.0,0,0.229,10.0,275.0,0,0.0,3,0,0.0,-1,-1,-1,-1,0.0,0.0
2026-04-26T18:00,0.0,0.0,0.0,0.0,0.1,2.13,4.6,60,100,7680.0,0,0.213,0.0,105.0,0,0.0,3,0,0.0,-1,-1,-1,-1,0.0,0.0
2026-04-26T19:00,0.0,0.0,0.07,0.0,-0.4,2.39,4.2,57,100,11920.0,0,0.213,0.0,95.0,0,0.0,71,0,0.0,-1,-1,-1,-1,0.0,0.0
2026-04-26T20:00,0.0,1.0,0.07,0.0,-0.6,1.84,3.9,57,100,13280.0,0,0.214,0.0,85.0,0,0.0,85,0,0.0,-1,-1,-1,-1,0.0,0.0
2026-04-26T21:00,0.0,0.0,0.07,0.0,-0.5,1.98,3.3,47,100,9440.0,0,0.214,40.0,105.0,0,0.0,71,0,0.0,-1,-1,-1,-1,0.0,0.0
2026-04-26T22:00,0.0,0.0,0.14,0.0,-0.4,2.7,4.3,39,100,5260.0,0,0.214,30.0,200.0,0,0.0,71,0,0.0,-1,-1,-1,-1,0.0,0.0
2026-04-26T23:00,0.0,0.0,0.28,0.01,-0.2,3.54,5.9,43,100,4300.0,0,0.215,20.0,425.0,0,0.0,73,0,0.0,-1,-1,-1,-1,0.0,0.0
2026-04-27T00:00,0.0,0.0,0.21,0.0,-0.8,4.28,8.4,30,100,2220.0,1,0.226,40.0,445.0,0,0.0,73,0,0.0,-1,-1,-1,-1,0.0,0.0
2026-04-27T01:00,0.0,0.333,1.05,0.01,-1.1,7.0,11.8,31,100,2380.0,1,0.226,10.0,545.0,0,0.0,86,0,0.0,-1,-1,-1,-1,0.0,0.0
2026-04-27T02:00,0.0,0.091,0.77,0.02,-1.7,7.36,13.2,35,100,2740.0,1,0.226,0.0,600.0,0,0.0,85,0,0.0,-1,-1,-1,-1,0.0,0.0
2026-04-27T03:00,0.0,0.0,0.49,0.02,-0.9,7.42,13.2,40,100,4560.0,1,0.226,10.0,715.0,0,0.0,73,0,0.0,-1,-1,-1,-1,0.0,0.0
2026-04-27T04:00,0.0,0.0,0.28,0.03,-0.6,7.09,12.9,40,100,5500.0,1,0.226,20.0,835.0,0,0.0,73,0,0.0,-1,-1,-1,-1,0.0,0.0
2026-04-27T05:00,0.0,0.0,0.21,0.03,-0.1,6.49,12.2,30,100,5560.0,1,0.226,10.0,1010.0,0,0.0,73,0,0.0,-1,-1,-1,-1,0.0,0.0
2026-04-27T06:00,0.0,0.0,0.35,0.03,-0.4,5.71,11.3,23,100,3780.0,1,0.225,10.0,1070.0,0,0.0,73,0,0.0,-1,-1,-1,-1,0.0,0.0
2026-04-27T07:00,0.0,0.0,0.35,0.03,-0.3,5.2,9.7,18,100,5520.0,1,0.227,20.0,1215.0,0,0.0,73,0,0.0,-1,-1,-1,-1,0.0,0.0
2026-04-27T08:00,0.0,0.0,0.14,0.03,0.2,5.32,9.4,15,100,8200.0,1,0.229,20.0,1290.0,0,0.0,71,0,0.0,-1,-1,-1,-1,0.0,0.0
2026-04-27T09:00,0.0,0.0,0.07,0.03,0.7,5.2,9.5,18,100,11260.0,1,0.232,30.0,1290.0,0,0.0,71,0,0.0,-1,-1,-1,-1,0.0,0.0
2026-04-27T10:00,0.0,0.0,0.07,0.03,0.6,5.07,9.3,22,100,10360.0,1,0.235,50.0,1250.0,0,0.0,71,0,0.0,-1,-1,-1,-1,0.0,0.0
2026-04-27T11:00,0.0,0.0,0.07,0.03,0.1,4.62,9.0,20,100,8960.0,1,0.237,20.0,1010.0,0,0.0,71,0,0.0,-1,-1,-1,-1,0.0,0.0
2026-04-27T12:00,0.0,0.0,0.07,0.01,1.5,3.75,8.1,48,85,40480.0,1,0.235,10.0,835.0,0,0.0,71,0,0.0,-1,-1,-1,-1,0.0,0.0
2026-04-27T13:00,0.0,0.0,0.0,0.01,-1.8,2.82,6.4,63,90,40020.0,0,0.235,20.0,205.0,0,0.0,3,0,0.0,-1,-1,-1,-1,0.0,0.0
2026-04-27T14:00,0.0,0.0,0.0,0.01,-2.5,2.64,4.8,63,52,39440.0,0,0.235,40.0,135.0,0,0.0,2,0,0.0,-1,-1,-1,-1,0.0,0.0
2026-04-27T15:00,0.0,0.0,0.0,0.01,-3.1,2.44,4.5,64,3,39420.0,0,0.235,20.0,95.0,0,0.0,0,0,0.0,-1,-1,-1,-1,0.0,0.0
2026-04-27T16:00,0.0,0.0,0.0,0.01,-4.2,2.04,4.1,62,0,38320.0,0,0.236,10.0,55.0,0,0.0,0,0,0.0,-1,-1,-1,-1,0.0,0.0
2026-04-27T17:00,0.0,0.0,0.0,0.01,-4.9,1.61,3.5,60,0,38320.0,0,0.236,0.0,35.0,0,0.0,0,0,0.0,-1,-1,-1,-1,0.0,0.0
2026-04-27T18:00,0.0,0.0,0.0,0.01,-5.5,1.41,2.9,82,0,38300.0,0,0.236,0.0,35.0,0,0.0,0,0,0.0,-1,-1,-1,-1,0.0,0.0
2026-04-27T19:00,0.0,0.0,0.0,0.01,-5.6,0.86,2.4,80,0,37380.0,0,0.236,0.0,20.0,0,0.0,0,0,0.0,-1,-1,-1,-1,0.0,0.0
2026-04-27T20:00,0.0,0.0,0.0,0.01,-5.7,0.6,1.7,66,6,37380.0,0,0.236,0.0,15.0,0,0.0,0,0,0.0,-1,-1,-1,-1,0.0,0.0
2026-04-27T21:00,0.0,0.0,0.0,0.01,-5.8,0.91,1.8,84,0,37360.0,0,0.236,0.0,20.0,0,0.0,0,0,0.0,-1,-1,-1,-1,0.0,0.0
2026-04-27T22:00,0.0,0.0,0.0,0.01,-6.1,1.06,1.9,98,0,37360.0,0,0.237,0.0,25.0,0,0.0,0,0,0.0,-1,-1,-1,-1,0.0,0.0
2026-04-27T23:00,0.0,0.0,0.0,0.01,-6.2,1.24,2.1,104,9,7080.0,0,0.237,0.0,40.0,0,0.0,0,0,0.0,-1,-1,-1,-1,0.0,0.0
2026-04-28T00:00,0.0,0.0,0.0,0.0,-4.9,1.35,4.2,112,100,2500.0,1,0.237,0.0,120.0,0,0.0,3,0,0.0,-1,-1,-1,-1,0.0,0.0
2026-04-28T01:00,0.0,0.0,0.0,0.0,-3.1,1.71,4.6,142,100,28960.0,1,0.237,0.0,230.0,0,0.0,3,0,0.0,-1,-1,-1,-1,0.0,0.0
2026-04-28T02:00,0.0,0.0,0.0,0.0,-1.7,2.17,5.7,157,100,33420.0,1,0.237,10.0,480.0,0,0.0,3,0,0.0,-1,-1,-1,-1,0.0,0.0
2026-04-28T03:00,0.0,0.0,0.0,0.0,0.4,2.52,6.5,172,70,33300.0,1,0.237,0.0,795.0,0,0.0,2,0,0.0,-1,-1,-1,-1,0.0,0.0
2026-04-28T04:00,0.1,0.75,0.21,0.0,3.1,2.26,7.2,215,53,29420.0,1,0.236,30.0,1125.0,0,0.0,85,0,0.0,-1,-1,-1,-1,0.0,0.0
2026-04-28T05:00,0.0,0.0,0.0,0.0,4.7,2.17,7.0,255,66,35220.0,1,0.235,140.0,1660.0,0,0.0,2,0,0.0,-1,-1,-1,-1,0.0,0.0
2026-04-28T06:00,0.0,0.0,0.0,0.0,4.8,1.72,6.8,278,66,40700.0,1,0.235,310.0,1850.0,0,0.0,2,0,0.0,-1,-1,-1,-1,0.0,0.0
2026-04-28T07:00,0.0,1.0,0.07,0.0,6.4,1.85,6.4,289,95,41280.0,1,0.235,380.0,2355.0,0,0.0,85,0,0.0,-1,-1,-1,-1,0.0,0.0
2026-04-28T08:00,0.0,1.0,0.07,0.0,6.9,2.55,7.1,305,85,41280.0,1,0.235,260.0,2510.0,0,0.0,85,0,0.0,-1,-1,-1,-1,0.0,0.0
2026-04-28T09:00,0.0,0.0,0.0,0.0,7.3,2.99,7.4,308,66,41420.0,1,0.235,230.0,2460.0,0,0.0,2,0,0.0,-1,-1,-1,-1,0.0,0.0
2026-04-28T10:00,0.0,1.0,0.28,0.0,6.2,1.79,7.4,306,96,41400.0,1,0.236,70.0,1890.0,0,0.0,85,0,0.0,-1,-1,-1,-1,0.0,0.0
2026-04-28T11:00,0.0,0.0,0.0,0.0,4.9,1.12,5.3,122,99,41260.0,1,0.237,0.0,700.0,0,0.0,3,0,0.0,-1,-1,-1,-1,0.0,0.0
2026-04-28T12:00,0.0,0.0,0.0,0.0,3.9,2.4,6.2,163,98,41260.0,1,0.243,0.0,415.0,0,0.0,3,0,0.0,-1,-1,-1,-1,0.0,0.0
2026-04-28T13:00,0.0,0.0,0.0,0.0,2.6,1.6,4.1,92,100,40640.0,0,0.243,10.0,70.0,0,0.0,3,0,0.0,-1,-1,-1,-1,0.0,0.0
2026-04-28T14:00,0.0,0.0,0.0,0.0,1.7,4.56,7.1,103,100,40640.0,0,0.243,0.0,185.0,0,0.0,3,0,0.0,-1,-1,-1,-1,0.0,0.0
2026-04-28T15:00,0.0,0.0,0.0,0.0,1.3,4.82,8.1,132,95,40620.0,0,0.243,0.0,265.0,0,0.0,3,0,0.0,-1,-1,-1,-1,0.0,0.0
2026-04-28T16:00,0.0,0.0,0.0,0.0,-0.6,2.28,7.8,38,100,38840.0,0,0.243,0.0,80.0,0,0.0,3,0,0.0,-1,-1,-1,-1,0.0,0.0
2026-04-28T17:00,0.0,0.0,0.0,0.0,-0.6,3.8,6.9,27,100,24980.0,0,0.243,0.0,135.0,0,0.0,3,0,0.0,-1,-1,-1,-1,0.0,0.0
2026-04-28T18:00,0.0,0.0,0.0,0.0,-1.6,2.49,6.0,60,16,38000.0,0,0.243,0.0,105.0,0,0.0,0,0,0.0,-1,-1,-1,-1,0.0,0.0
2026-04-28T19:00,0.0,0.0,0.0,0.0,-3.8,1.52,4.1,113,9,38140.0,0,0.243,0.0,40.0,0,0.0,0,0,0.0,-1,-1,-1,-1,0.0,0.0
2026-04-28T20:00,0.0,0.0,0.0,0.0,-4.4,1.26,2.4,108,0,37220.0,0,0.244,0.0,35.0,0,0.0,0,0,0.0,-1,-1,-1,-1,0.0,0.0
2026-04-28T21:00,0.0,0.0,0.0,0.0,-4.5,0.35,2.1,45,8,38120.0,0,0.244,0.0,15.0,0,0.0,0,0,0.0,-1,-1,-1,-1,0.0,0.0
2026-04-28T22:00,0.0,0.0,0.0,0.0,-4.5,0.76,1.5,32,0,38120.0,0,0.244,0.0,25.0,0,0.0,0,0,0.0,-1,-1,-1,-1,0.0,0.0
2026-04-28T23:00,0.0,0.0,0.0,0.0,-4.7,0.89,1.7,52,8,37200.0,0,0.244,0.0,25.0,0,0.0,0,0,0.0,-1,-1,-1,-1,0.0,0.0
2026-04-29T00:00,0.0,0.0,0.0,0.0,-3.3,1.48,2.6,78,98,37200.0,1,0.243,0.0,40.0,0,0.0,3,0,0.0,-1,-1,-1,-1,0.0,0.0
2026-04-29T01:00,0.0,0.0,0.0,0.0,-0.1,1.38,4.0,77,59,39180.0,1,0.243,0.0,340.0,0,0.0,2,0,0.0,-1,-1,-1,-1,0.0,0.0
2026-04-29T02:00,0.0,0.0,0.0,0.0,2.6,1.17,4.8,121,81,40200.0,1,0.243,0.0,755.0,0,0.0,3,0,0.0,-1,-1,-1,-1,0.0,0.0
2026-04-29T03:00,0.0,1.0,0.28,0.0,4.7,1.01,4.9,213,43,39500.0,1,0.242,0.0,1045.0,0,0.0,85,0,0.0,-1,-1,-1,-1,0.0,0.0
2026-04-29T04:00,0.0,1.0,0.21,0.0,6.4,1.63,5.9,230,100,41140.0,1,0.242,10.0,1490.0,0,0.0,85,0,0.0,-1,-1,-1,-1,0.0,0.0
2026-04-29T05:00,0.0,0.0,0.0,0.0,8.1,1.78,6.4,232,99,41120.0,1,0.243,0.0,1850.0,0,0.0,3,0,0.0,-1,-1,-1,-1,0.0,0.0
2026-04-29T06:00,0.0,1.0,0.21,0.0,7.3,1.0,6.6,183,100,41260.0,1,0.25,0.0,1900.0,0,0.0,85,0,0.0,-1,-1,-1,-1,0.0,0.0
2026-04-29T07:00,0.0,1.0,0.28,0.0,8.7,1.81,6.3,132,100,41240.0,1,0.251,0.0,2040.0,0,0.0,85,0,0.0,-1,-1,-1,-1,0.0,0.0
2026-04-29T08:00,0.0,0.0,0.0,0.0,9.2,2.48,6.9,115,100,41240.0,1,0.253,0.0,2180.0,0,0.0,3,0,0.0,-1,-1,-1,-1,0.0,0.0
2026-04-29T09:00,0.0,0.0,0.0,0.0,10.0,4.07,8.4,133,100,41240.0,1,0.253,0.0,2480.0,0,0.0,3,0,0.0,-1,-1,-1,-1,0.0,0.0
2026-04-29T10:00,0.0,0.0,0.0,0.0,8.6,5.7,10.8,138,100,41220.0,1,0.253,0.0,2260.0,0,0.0,3,0,0.0,-1,-1,-1,-1,0.0,0.0
2026-04-29T11:00,0.0,0.0,0.0,0.0,8.1,5.34,10.6,137,100,41220.0,1,0.253,0.0,2130.0,0,0.0,3,0,0.0,-1,-1,-1,-1,0.0,0.0
2026-04-29T12:00,0.0,0.0,0.0,0.0,6.8,5.84,10.6,132,100,41080.0,1,0.24,0.0,1650.0,0,0.0,3,0,0.0,-1,-1,-1,-1,0.0,0.0
2026-04-29T13:00,0.0,0.0,0.0,0.0,5.0,6.3,10.9,132,100,30180.0,0,0.24,40.0,1020.0,0,0.0,3,0,0.0,-1,-1,-1,-1,0.0,0.0
2026-04-29T14:00,0.0,0.0,0.0,0.0,3.8,5.48,10.6,126,100,16740.0,0,0.24,20.0,950.0,0,0.0,3,0,0.0,-1,-1,-1,-1,0.0,0.0
2026-04-29T15:00,0.0,0.0,0.07,0.0,2.9,5.39,9.3,117,100,10320.0,0,0.24,0.0,925.0,0,0.0,71,0,0.0,-1,-1,-1,-1,0.0,0.0
2026-04-29T16:00,0.0,0.0,0.14,0.0,2.1,5.7,10.7,118,100,10420.0,0,0.24,0.0,940.0,0,0.0,71,0,0.0,-1,-1,-1,-1,0.0,0.0
2026-04-29T17:00,0.0,0.0,0.07,0.0,1.7,5.67,9.7,127,100,11740.0,0,0.24,20.0,1010.0,0,0.0,71,0,0.0,-1,-1,-1,-1,0.0,0.0
2026-04-29T18:00,0.0,0.0,0.07,0.0,1.7,5.87,10.8,134,100,10600.0,0,0.241,40.0,935.0,0,0.0,71,0,0.0,-1,-1,-1,-1,0.0,0.0
2026-04-29T19:00,0.0,0.0,0.07,0.0,1.5,5.1,9.9,145,100,8820.0,0,0.241,10.0,1015.0,0,0.0,71,0,0.0,-1,-1,-1,-1,0.0,0.0
2026-04-29T20:00,0.0,0.0,0.07,0.0,1.6,4.81,8.6,168,100,11700.0,0,0.241,0.0,1230.0,0,0.0,71,0,0.0,-1,-1,-1,-1,0.0,0.0
2026-04-29T21:00,0.0,0.0,0.07,0.0,1.3,4.81,9.0,176,100,27420.0,0,0.242,0.0,1060.0,0,0.0,71,0,0.0,-1,-1,-1,-1,0.0,0.0
2026-04-29T22:00,0.0,0.0,0.0,0.0,0.7,3.27,8.1,173,100,38020.0,0,0.242,0.0,870.0,0,0.0,3,0,0.0,-1,-1,-1,-1,0.0,0.0
2026-04-29T23:00,0.0,0.0,0.0,0.0,0.4,3.4,5.8,170,100,37520.0,0,0.242,0.0,650.0,0,0.0,3,0,0.0,-1,-1,-1,-1,0.0,0.0
2026-04-30T00:00,0.0,0.0,0.0,0.0,1.1,3.5,7.1,166,100,38880.0,1,0.256,0.0,875.0,0,0.0,3,0,0.0,-1,-1,-1,-1,0.0,0.0
2026-04-30T01:00,0.0,0.0,0.0,0.0,2.6,4.52,8.0,185,100,26040.0,1,0.256,10.0,970.0,0,0.0,3,0,0.0,-1,-1,-1,-1,0.0,0.0
2026-04-30T02:00,0.0,0.0,0.0,0.0,4.0,5.65,10.1,197,99,34080.0,1,0.256,10.0,1250.0,0,0.0,3,0,0.0,-1,-1,-1,-1,0.0,0.0
2026-04-30T03:00,0.0,1.0,0.14,0.0,6.9,7.46,13.8,215,98,39280.0,1,0.255,0.0,1540.0,0,0.0,85,0,0.0,-1,-1,-1,-1,0.0,0.0
2026-04-30T04:00,0.0,1.0,0.49,0.0,8.9,7.97,14.7,221,100,40960.0,1,0.254,0.0,1815.0,0,0.0,85,0,0.0,-1,-1,-1,-1,0.0,0.0
2026-04-30T05:00,0.0,1.0,0.07,0.0,10.3,9.22,16.9,217,100,41080.0,1,0.254,10.0,2160.0,0,0.0,85,0,0.0,-1,-1,-1,-1,0.0,0.0
2026-04-30T06:00,0.0,1.0,0.07,0.0,9.7,8.34,17.2,206,100,33820.0,1,0.259,0.0,2320.0,0,0.0,85,0,0.0,-1,-1,-1,-1,0.0,0.0
2026-04-30T07:00,0.0,1.0,0.77,0.01,9.4,7.46,15.8,201,100,40940.0,1,0.26,0.0,1955.0,0,0.0,85,0,0.0,-1,-1,-1,-1,0.0,0.0
2026-04-30T08:00,0.0,1.0,0.63,0.01,9.5,5.79,15.0,201,99,40920.0,1,0.262,10.0,2085.0,0,0.0,85,0,0.0,-1,-1,-1,-1,0.0,0.0
2026-04-30T09:00,0.0,1.0,0.84,0.01,6.9,6.19,14.3,214,100,24580.0,1,0.266,30.0,1140.0,0,0.0,86,0,0.0,-1,-1,-1,-1,0.0,0.0
2026-04-30T10:00,0.0,0.0,0.0,0.02,7.5,5.58,12.3,198,99,37880.0,1,0.27,20.0,1680.0,0,0.0,3,0,0.0,-1,-1,-1,-1,0.0,0.0
2026-04-30T11:00,0.0,1.0,0.49,0.02,5.4,2.98,11.1,220,100,33960.0,1,0.273,100.0,1195.0,0,0.0,85,0,0.0,-1,-1,-1,-1,0.0,0.0
2026-04-30T12:00,0.0,1.0,1.12,0.03,1.8,1.23,8.6,333,100,1460.0,1,0.271,130.0,90.0,0,0.0,86,0,0.0,-1,-1,-1,-1,0.0,0.0
2026-04-30T13:00,0.0,0.833,0.84,0.04,0.2,0.81,3.4,43,100,1160.0,0,0.273,100.0,50.0,0,0.0,86,0,0.0,-1,-1,-1,-1,0.0,0.0
2026-04-30T14:00,0.0,0.0,0.0,0.04,-1.1,0.94,4.1,32,100,2520.0,0,0.275,130.0,30.0,0,0.0,3,0,0.0,-1,-1,-1,-1,0.0,0.0
2026-04-30T15:00,0.0,0.0,0.0,0.04,-1.4,1.1,1.9,51,100,9160.0,0,0.275,70.0,35.0,0,0.0,3,0,0.0,-1,-1,-1,-1,0.0,0.0
2026-04-30T16:00,0.0,1.0,0.07,0.04,-1.4,0.81,3.4,281,100,11460.0,0,0.275,40.0,50.0,0,0.0,85,0,0.0,-1,-1,-1,-1,0.0,0.0
2026-04-30T17:00,0.0,1.0,0.07,0.04,-1.0,0.5,4.1,233,96,18220.0,0,0.275,70.0,40.0,0,0.0,85,0,0.0,-1,-1,-1,-1,0.0,0.0
2026-04-30T18:00,0.0,0.0,0.0,0.04,-1.4,2.21,6.1,184,81,35720.0,0,0.275,60.0,355.0,0,0.0,3,0,0.0,-1,-1,-1,-1,0.0,0.0
2026-04-30T19:00,0.0,0.0,0.0,0.04,-1.4,3.43,6.1,199,100,38900.0,0,0.275,20.0,365.0,0,0.0,3,0,0.0,-1,-1,-1,-1,0.0,0.0
2026-04-30T20:00,0.0,0.0,0.0,0.04,-2.2,3.08,6.0,200,63,38900.0,0,0.275,0.0,340.0,0,0.0,2,0,0.0,-1,-1,-1,-1,0.0,0.0
2026-04-30T21:00,0.0,0.0,0.0,0.04,-3.3,2.86,5.3,205,100,38060.0,0,0.275,0.0,415.0,0,0.0,3,0,0.0,-1,-1,-1,-1,0.0,0.0
2026-04-30T22:00,0.0,0.0,0.0,0.04,-1.2,3.34,6.4,210,100,14180.0,0,0.275,10.0,595.0,0,0.0,3,0,0.0,-1,-1,-1,-1,0.0,0.0
2026-04-30T23:00,0.0,0.0,0.07,0.04,-1.1,2.49,5.9,260,100,14740.0,0,0.275,20.0,525.0,0,0.0,71,0,0.0,-1,-1,-1,-1,0.0,0.0
2026-05-01T00:00,0.0,0.0,0.14,0.05,-1.1,3.75,4.5,270,100,3340.0,1,0.276,20.0,595.0,0,0.0,71,0,0.0,-1,-1,-1,-1,0.0,0.0
2026-05-01T01:00,0.0,0.091,0.77,0.05,-1.7,4.6,8.2,271,100,2120.0,1,0.276,0.0,660.0,0,0.0,85,0,0.0,-1,-1,-1,-1,0.0,0.0
2026-05-01T02:00,0.0,0.0,0.7,0.06,-2.1,3.7,7.8,289,100,3240.0,1,0.276,0.0,370.0,0,0.0,73,1,0.0,4,0,1,135,0.0,0
2026-05-01T03:00,0.0,0.0,0.42,0.06,-1.7,4.86,7.8,4,100,4120.0,1,0.276,10.0,390.0,0,0.0,73,0,0.0,-1,-1,-1,-1,0.0,0.0
2026-05-01T04:00,0.0,0.0,0.28,0.07,-1.9,5.92,10.0,22,100,6500.0,1,0.276,10.0,435.0,0,0.0,73,0,0.0,-1,-1,-1,-1,0.0,0.0
2026-05-01T05:00,0.0,0.0,0.14,0.07,-1.4,5.68,9.9,20,100,7660.0,1,0.276,10.0,585.0,0,0.0,71,0,0.0,-1,-1,-1,-1,0.0,0.0
2026-05-01T06:00,0.0,0.0,0.14,0.07,-0.6,5.25,9.5,8,100,16440.0,1,0.276,0.0,875.0,0,0.0,71,0,0.0,-1,-1,-1,-1,0.0,0.0
2026-05-01T07:00,0.0,0.0,0.0,0.06,-0.1,4.68,8.9,6,100,27460.0,1,0.276,10.0,1020.0,0,0.0,3,0,0.0,-1,-1,-1,-1,0.0,0.0
2026-05-01T08:00,0.0,0.0,0.0,0.06,0.4,3.85,7.9,358,94,34520.0,1,0.277,10.0,1100.0,0,0.0,3,0,0.0,-1,-1,-1,-1,0.0,0.0
2026-05-01T09:00,0.0,0.0,0.0,0.06,0.6,3.4,6.6,357,98,35260.0,1,0.281,10.0,1220.0,0,0.0,3,0,0.0,-1,-1,-1,-1,0.0,0.0
2026-05-01T10:00,0.0,0.0,0.0,0.06,0.7,3.01,5.8,5,92,39800.0,1,0.287,10.0,1355.0,0,0.0,3,0,0.0,-1,-1,-1,-1,0.0,0.0
2026-05-01T11:00,0.0,0.0,0.0,0.05,-0.2,2.69,5.3,22,73,30360.0,1,0.289,0.0,1180.0,0,0.0,2,0,0.0,-1,-1,-1,-1,0.0,0.0
2026-05-01T12:00,0.0,0.0,0.0,0.05,-1.8,1.87,4.9,16,91,39800.0,1,0.29,0.0,240.0,0,0.0,3,0,0.0,-1,-1,-1,-1,0.0,0.0
2026-05-01T13:00,0.0,0.0,0.0,0.05,-4.5,1.53,2.8,38,100,39340.0,0,0.29,0.0,50.0,0,0.0,3,0,0.0,-1,-1,-1,-1,0.0,0.0
2026-05-01T14:00,0.0,0.0,0.0,0.05,-5.0,1.51,2.5,82,100,35060.0,0,0.29,0.0,40.0,0,0.0,3,0,0.0,-1,-1,-1,-1,0.0,0.0
2026-05-01T15:00,0.0,0.0,0.0,0.05,-5.5,1.65,2.8,87,100,38760.0,0,0.29,0.0,40.0,0,0.0,3,0,0.0,-1,-1,-1,-1,0.0,0.0
2026-05-01T16:00,0.0,0.0,0.0,0.05,-6.3,1.47,2.7,72,100,38760.0,0,0.29,0.0,30.0,0,0.0,3,0,0.0,-1,-1,-1,-1,0.0,0.0
2026-05-01T17:00,0.0,0.0,0.0,0.05,-6.4,1.39,2.5,60,100,38760.0,0,0.29,10.0,30.0,0,0.0,3,0,0.0,-1,-1,-1,-1,0.0,0.0
2026-05-01T18:00,0.0,0.0,0.0,0.05,-5.8,1.56,3.0,45,100,38740.0,0,0.289,30.0,35.0,0,0.0,3,0,0.0,-1,-1,-1,-1,0.0,0.0
2026-05-01T19:00,0.0,0.0,0.0,0.05,-6.4,1.67,3.0,39,99,38740.0,0,0.289,30.0,35.0,0,0.0,3,0,0.0,-1,-1,-1,-1,0.0,0.0
2026-05-01T20:00,0.0,0.0,0.0,0.05,-7.1,1.38,2.9,41,100,38040.0,0,0.289,0.0,30.0,0,0.0,3,0,0.0,-1,-1,-1,-1,0.0,0.0
2026-05-01T21:00,0.0,0.0,0.0,0.05,-7.2,1.38,2.3,44,100,38660.0,0,0.289,0.0,30.0,0,0.0,3,0,0.0,-1,-1,-1,-1,0.0,0.0
2026-05-01T22:00,0.0,0.0,0.0,0.05,-7.1,1.42,2.4,51,100,38720.0,0,0.289,0.0,35.0,0,0.0,3,0,0.0,-1,-1,-1,-1,0.0,0.0
2026-05-01T23:00,0.0,0.0,0.0,0.05,-7.5,0.99,2.3,49,100,38580.0,0,0.289,10.0,30.0,0,0.0,3,0,0.0,-1,-1,-1,-1,0.0,0.0
2026-05-02T00:00,0.0,0.0,0.0,0.04,-4.9,2.67,2.9,38,100,39260.0,1,0.289,0.0,110.0,0,0.0,3,0,0.0,-1,-1,-1,-1,0.0,0.0
2026-05-02T01:00,0.0,0.0,0.0,0.04,-3.4,2.86,5.0,36,100,39260.0,1,0.288,0.0,310.0,0,0.0,3,0,0.0,-1,-1,-1,-1,0.0,0.0
2026-05-02T02:00,0.0,0.0,0.0,0.04,-1.9,3.23,6.0,39,100,39700.0,1,0.288,0.0,615.0,0,0.0,3,0,0.0,-1,-1,-1,-1,0.0,0.0
2026-05-02T03:00,0.0,0.0,0.0,0.04,-0.4,2.9,5.9,36,99,40020.0,1,0.288,10.0,1145.0,0,0.0,3,0,0.0,-1,-1,-1,-1,0.0,0.0
2026-05-02T04:00,0.0,0.0,0.0,0.04,0.7,2.88,5.4,26,100,40600.0,1,0.287,20.0,1740.0,0,0.0,3,0,0.0,-1,-1,-1,-1,0.0,0.0
2026-05-02T05:00,0.0,0.0,0.0,0.04,1.7,3.07,5.6,7,100,40600.0,1,0.287,10.0,2125.0,0,0.0,3,0,0.0,-1,-1,-1,-1,0.0,0.0
2026-05-02T06:00,0.0,0.0,0.0,0.04,2.5,3.95,5.9,2,100,40600.0,1,0.286,10.0,2060.0,0,0.0,3,0,0.0,-1,-1,-1,-1,0.0,0.0
2026-05-02T07:00,0.0,0.0,0.0,0.03,2.1,3.97,7.2,6,100,40580.0,1,0.286,20.0,2140.0,0,0.0,3,0,0.0,-1,-1,-1,-1,0.0,0.0
2026-05-02T08:00,0.0,0.0,0.0,0.03,1.8,4.1,7.7,359,100,40580.0,1,0.287,0.0,1955.0,1,0.0,3,0,0.0,-1,-1,-1,-1,0.0,0.0
2026-05-02T09:00,0.0,0.0,0.0,0.03,1.3,3.97,7.8,354,100,40700.0,1,0.289,0.0,1760.0,0,0.0,3,0,0.0,-1,-1,-1,-1,0.0,0.0
2026-05-02T10:00,0.0,0.0,0.0,0.03,0.8,3.35,7.4,360,100,40700.0,1,0.291,0.0,1595.0,1,0.0,3,0,0.0,-1,-1,-1,-1,0.0,0.0
2026-05-02T11:00,0.0,0.0,0.0,0.03,-0.0,3.8,7.0,9,100,40680.0,1,0.292,0.0,1170.0,1,0.0,3,0,0.0,-1,-1,-1,-1,0.0,0.0
2026-05-02T12:00,0.0,0.0,0.0,0.03,-0.8,3.78,7.3,28,35,40540.0,1,0.297,0.0,555.0,0,0.0,1,0,0.0,-1,-1,-1,-1,0.0,0.0
2026-05-02T13:00,0.0,0.0,0.0,0.03,-4.6,3.17,6.4,52,50,39960.0,0,0.297,0.0,200.0,0,0.0,2,0,0.0,-1,-1,-1,-1,0.0,0.0
2026-05-02T14:00,0.0,0.0,0.0,0.03,-6.2,2.59,5.4,71,97,39940.0,0,0.297,0.0,110.0,0,0.0,3,0,0.0,-1,-1,-1,-1,0.0,0.0
2026-05-02T15:00,0.0,0.0,0.0,0.03,-7.1,1.6,4.3,76,40,39940.0,0,0.297,0.0,40.0,0,0.0,1,0,0.0,-1,-1,-1,-1,0.0,0.0
2026-05-02T16:00,0.0,0.0,0.0,0.03,-7.6,0.63,2.6,72,19,39940.0,0,0.296,0.0,20.0,0,0.0,0,0,0.0,-1,-1,-1,-1,0.0,0.0
2026-05-02T17:00,0.0,0.0,0.0,0.03,-7.8,0.18,1.3,56,59,39920.0,0,0.296,0.0,10.0,0,0.0,2,0,0.0,-1,-1,-1,-1,0.0,0.0
2026-05-02T18:00,0.0,0.0,0.0,0.03,-7.2,1.03,1.1,14,86,39920.0,0,0.296,0.0,30.0,0,0.0,3,0,0.0,-1,-1,-1,-1,0.0,0.0
2026-05-02T19:00,0.0,0.0,0.0,0.03,-8.5,1.68,2.9,27,88,39580.0,0,0.296,0.0,35.0,0,0.0,3,0,0.0,-1,-1,-1,-1,0.0,0.0
2026-05-02T20:00,0.0,0.0,0.0,0.03,-8.6,1.57,2.9,37,68,39560.0,0,0.296,0.0,30.0,0,0.0,2,0,0.0,-1,-1,-1,-1,0.0,0.0
2026-05-02T21:00,0.0,0.0,0.0,0.03,-9.8,1.31,2.7,47,91,39560.0,0,0.295,0.0,30.0,0,0.0,3,0,0.0,-1,-1,-1,-1,0.0,0.0
2026-05-02T22:00,0.0,0.0,0.0,0.03,-10.3,1.56,2.7,50,38,39560.0,0,0.295,0.0,30.0,0,0.0,1,0,0.0,-1,-1,-1,-1,0.0,0.0
2026-05-02T23:00,0.0,0.0,0.0,0.03,-10.5,1.74,2.9,49,4,39540.0,0,0.295,0.0,35.0,0,0.0,0,0,0.0,-1,-1,-1,-1,0.0,0.0
2026-05-03T00:00,0.0,0.0,0.0,0.03,-6.4,2.16,3.1,46,4,39880.0,1,0.295,0.0,100.0,0,0.0,0,0,0.0,-1,-1,-1,-1,0.0,0.0
2026-05-03T01:00,0.0,0.0,0.0,0.03,-4.2,1.43,3.5,36,5,40580.0,1,0.295,0.0,320.0,0,0.0,0,0,0.0,-1,-1,-1,-1,0.0,0.0
2026-05-03T02:00,0.0,0.0,0.0,0.03,-1.9,2.3,4.5,42,26,40580.0,1,0.295,0.0,700.0,0,0.0,1,0,0.0,-1,-1,-1,-1,0.0,0.0
2026-05-03T03:00,0.0,0.0,0.0,0.03,-0.4,2.6,5.0,38,16,40580.0,1,0.294,0.0,1455.0,0,0.0,0,0,0.0,-1,-1,-1,-1,0.0,0.0
2026-05-03T04:00,0.0,0.0,0.0,0.03,0.7,3.06,5.6,26,20,40660.0,1,0.294,0.0,2035.0,0,0.0,1,0,0.0,-1,-1,-1,-1,0.0,0.0
2026-05-03T05:00,0.0,0.0,0.0,0.03,1.4,3.34,6.2,22,28,40660.0,1,0.293,0.0,2105.0,0,0.0,1,0,0.0,-1,-1,-1,-1,0.0,0.0
2026-05-03T06:00,0.0,0.0,0.0,0.03,2.1,4.36,6.7,28,11,40560.0,1,0.291,0.0,1985.0,0,0.0,0,0,0.0,-1,-1,-1,-1,0.0,0.0
2026-05-03T07:00,0.0,0.0,0.0,0.03,1.6,3.91,7.9,25,22,40540.0,1,0.29,0.0,1960.0,0,0.0,1,0,0.0,-1,-1,-1,-1,0.0,0.0
2026-05-03T08:00,0.0,0.0,0.0,0.03,1.7,3.7,7.3,21,51,40540.0,1,0.289,0.0,1895.0,0,0.0,2,0,0.0,-1,-1,-1,-1,0.0,0.0
2026-05-03T09:00,0.0,0.0,0.0,0.03,1.4,3.53,7.1,21,96,40540.0,1,0.289,0.0,1730.0,0,0.0,3,0,0.0,-1,-1,-1,-1,0.0,0.0
2026-05-03T10:00,0.0,0.0,0.0,0.03,0.8,3.56,6.9,26,34,40520.0,1,0.288,0.0,1470.0,0,0.0,1,0,0.0,-1,-1,-1,-1,0.0,0.0
2026-05-03T11:00,0.0,0.0,0.0,0.03,-0.6,4.08,7.7,36,87,40520.0,1,0.287,0.0,915.0,0,0.0,3,0,0.0,-1,-1,-1,-1,0.0,0.0
2026-05-03T12:00,0.0,0.0,0.0,0.03,-1.0,4.77,8.0,44,97,40380.0,1,0.289,0.0,500.0,0,0.0,3,0,0.0,-1,-1,-1,-1,0.0,0.0
2026-05-03T13:00,0.0,0.0,0.0,0.03,-4.4,3.62,8.1,62,97,40380.0,0,0.289,0.0,255.0,0,0.0,3,0,0.0,-1,-1,-1,-1,0.0,0.0
2026-05-03T14:00,0.0,0.0,0.0,0.03,-5.4,2.92,6.3,77,87,40360.0,0,0.289,0.0,185.0,0,0.0,3,0,0.0,-1,-1,-1,-1,0.0,0.0
2026-05-03T15:00,0.0,0.0,0.0,0.03,-6.7,2.52,5.1,83,100,40360.0,0,0.289,0.0,125.0,0,0.0,3,0,0.0,-1,-1,-1,-1,0.0,0.0
2026-05-03T16:00,0.0,0.0,0.0,0.03,-5.9,2.49,4.5,80,99,40340.0,0,0.289,0.0,160.0,0,0.0,3,0,0.0,-1,-1,-1,-1,0.0,0.0
2026-05-03T17:00,0.0,0.0,0.0,0.03,-7.0,2.26,4.3,84,100,40340.0,0,0.289,0.0,125.0,0,0.0,3,0,0.0,-1,-1,-1,-1,0.0,0.0
2026-05-03T18:00,0.0,0.0,0.0,0.03,-5.4,2.62,4.0,66,100,40340.0,0,0.289,0.0,120.0,0,0.0,3,0,0.0,-1,-1,-1,-1,0.0,0.0
2026-05-03T19:00,0.0,0.0,0.0,0.03,-6.4,2.47,4.5,72,100,40320.0,0,0.289,10.0,140.0,0,0.0,3,0,0.0,-1,-1,-1,-1,0.0,0.0
2026-05-03T20:00,0.0,0.0,0.0,0.03,-6.6,2.39,4.3,74,100,40320.0,0,0.288,10.0,125.0,0,0.0,3,0,0.0,-1,-1,-1,-1,0.0,0.0
2026-05-03T21:00,0.0,0.0,0.0,0.03,-6.8,2.21,4.1,77,100,40320.0,0,0.288,10.0,120.0,0,0.0,3,0,0.0,-1,-1,-1,-1,0.0,0.0
2026-05-03T22:00,0.0,0.0,0.0,0.03,-6.5,2.27,4.1,76,99,40300.0,0,0.288,0.0,140.0,0,0.0,3,0,0.0,-1,-1,-1,-1,0.0,0.0
2026-05-03T23:00,0.0,0.0,0.0,0.02,-6.6,2.25,4.1,78,100,40300.0,0,0.288,0.0,145.0,0,0.0,3,0,0.0,-1,-1,-1,-1,0.0,0.0
2026-05-04T00:00,0.0,0.0,0.0,0.02,-3.8,3.13,4.3,82,100,40300.0,1,0.288,0.0,215.0,0,0.0,3,0,0.0,-1,-1,-1,-1,0.0,0.0
2026-05-04T01:00,0.0,0.0,0.0,0.02,-0.7,3.75,7.1,90,100,36540.0,1,0.288,0.0,265.0,0,0.0,3,0,0.0,-1,-1,-1,-1,0.0,0.0
2026-05-04T02:00,0.0,0.0,0.0,0.02,2.1,3.87,8.0,110,100,32580.0,1,0.288,0.0,655.0,0,0.0,3,0,0.0,-1,-1,-1,-1,0.0,0.0
2026-05-04T03:00,0.0,0.0,0.0,0.02,3.9,4.5,9.2,139,100,16000.0,1,0.287,10.0,1055.0,0,0.0,3,0,0.0,-1,-1,-1,-1,0.0,0.0
2026-05-04T04:00,0.0,0.0,0.07,0.02,4.2,4.86,10.0,151,100,7780.0,1,0.287,20.0,1125.0,0,0.0,71,0,0.0,-1,-1,-1,-1,0.0,0.0
2026-05-04T05:00,0.0,0.0,0.14,0.03,4.0,4.43,10.0,164,100,6500.0,1,0.286,10.0,1070.0,0,0.0,71,0,0.0,-1,-1,-1,-1,0.0,0.0
2026-05-04T06:00,0.0,0.0,0.07,0.03,4.2,2.53,9.2,153,100,11400.0,1,0.289,0.0,1270.0,0,0.0,71,0,0.0,-1,-1,-1,-1,0.0,0.0
2026-05-04T07:00,0.0,0.5,0.14,0.02,5.7,1.39,6.4,120,72,25580.0,1,0.296,10.0,1320.0,0,0.0,85,0,0.0,-1,-1,-1,-1,0.0,0.0
2026-05-04T08:00,0.0,0.0,0.0,0.02,6.9,0.62,5.4,104,73,28540.0,1,0.304,50.0,1610.0,0,0.0,2,0,0.0,-1,-1,-1,-1,0.0,0.0
2026-05-04T09:00,0.0,0.0,0.0,0.02,7.1,0.39,4.6,220,77,35000.0,1,0.312,10.0,1850.0,0,0.0,2,0,0.0,-1,-1,-1,-1,0.0,0.0
2026-05-04T10:00,0.0,1.0,0.35,0.02,6.2,1.63,4.7,223,40,32660.0,1,0.317,10.0,1165.0,0,0.0,85,0,0.0,-1,-1,-1,-1,0.0,0.0
2026-05-04T11:00,0.0,0.0,0.0,0.02,5.4,1.5,4.9,90,27,18960.0,1,0.321,10.0,400.0,0,0.0,1,0,0.0,-1,-1,-1,-1,0.0,0.0
2026-05-04T12:00,0.0,0.0,0.0,0.01,2.4,2.61,4.3,86,66,22160.0,1,0.324,60.0,250.0,0,0.0,2,0,0.0,-1,-1,-1,-1,0.0,0.0
2026-05-04T13:00,0.0,0.0,0.0,0.01,0.8,2.84,4.6,64,52,26280.0,0,0.324,30.0,165.0,0,0.0,2,0,0.0,-1,-1,-1,-1,0.0,0.0
2026-05-04T14:00,0.0,0.0,0.0,0.01,-0.5,3.84,6.1,98,91,16740.0,0,0.324,30.0,165.0,0,0.0,3,0,0.0,-1,-1,-1,-1,0.0,0.0
2026-05-04T15:00,0.0,0.0,0.0,0.01,-0.8,2.8,6.5,100,77,18020.0,0,0.323,30.0,180.0,0,0.0,2,0,0.0,-1,-1,-1,-1,0.0,0.0
2026-05-04T16:00,0.0,0.0,0.0,0.01,-0.9,2.99,4.8,111,30,19060.0,0,0.322,20.0,220.0,0,0.0,1,0,0.0,-1,-1,-1,-1,0.0,0.0
2026-05-04T17:00,0.0,0.0,0.0,0.01,-1.4,3.88,6.2,122,16,24860.0,0,0.322,30.0,170.0,0,0.0,0,0,0.0,-1,-1,-1,-1,0.0,0.0
2026-05-04T18:00,0.0,0.0,0.0,0.01,-2.0,3.18,6.3,123,73,36340.0,0,0.321,40.0,105.0,0,0.0,2,0,0.0,-1,-1,-1,-1,0.0,0.0
2026-05-04T19:00,0.0,0.0,0.0,0.01,-2.3,2.55,5.0,118,100,36340.0,0,0.32,10.0,90.0,0,0.0,3,0,0.0,-1,-1,-1,-1,0.0,0.0
2026-05-04T20:00,0.0,0.0,0.0,0.01,-2.5,2.2,4.1,107,82,36320.0,0,0.32,20.0,65.0,0,0.0,3,0,0.0,-1,-1,-1,-1,0.0,0.0
2026-05-04T21:00,0.0,0.0,0.0,0.01,-2.7,2.19,3.6,125,100,37200.0,0,0.319,20.0,85.0,0,0.0,3,0,0.0,-1,-1,-1,-1,0.0,0.0
2026-05-04T22:00,0.0,0.0,0.0,0.01,-2.1,2.78,4.5,128,100,37200.0,0,0.319,10.0,140.0,0,0.0,3,0,0.0,-1,-1,-1,-1,0.0,0.0
2026-05-04T23:00,0.0,0.0,0.0,0.01,-1.8,2.15,4.6,115,100,37180.0,0,0.318,10.0,100.0,0,0.0,3,0,0.0,-1,-1,-1,-1,0.0,0.0
2026-05-05T00:00,0.0,0.0,0.0,0.01,0.9,3.05,3.8,148,100,38220.0,1,0.319,10.0,550.0,0,0.0,3,0,0.0,-1,-1,-1,-1,0.0,0.0
2026-05-05T01:00,0.0,0.0,0.0,0.01,4.0,5.27,9.3,189,100,39200.0,1,0.318,10.0,940.0,0,0.0,3,0,0.0,-1,-1,-1,-1,0.0,0.0
2026-05-05T02:00,0.0,0.0,0.0,0.01,5.5,6.45,12.3,204,100,23720.0,1,0.317,30.0,1455.0,0,0.0,3,0,0.0,-1,-1,-1,-1,0.0,0.0
2026-05-05T03:00,0.0,1.0,0.07,0.01,7.0,8.54,15.2,214,100,35000.0,1,0.316,70.0,1880.0,0,0.0,85,0,0.0,-1,-1,-1,-1,0.0,0.0
2026-05-05T04:00,0.0,1.0,0.07,0.01,8.7,8.82,16.0,233,100,40100.0,1,0.317,70.0,2295.0,0,0.0,85,0,0.0,-1,-1,-1,-1,0.0,0.0
2026-05-05T05:00,0.0,1.0,0.07,0.01,9.5,9.39,17.3,242,99,40220.0,1,0.317,10.0,2255.0,0,0.0,85,0,0.0,-1,-1,-1,-1,0.0,0.0
2026-05-05T06:00,0.0,1.0,0.28,0.01,10.0,9.49,17.3,248,76,40200.0,1,0.321,10.0,2825.0,0,0.0,85,0,0.0,-1,-1,-1,-1,0.0,0.0
2026-05-05T07:00,0.0,0.0,0.0,0.01,12.0,9.99,17.8,246,79,40300.0,1,0.324,10.0,3265.0,0,0.0,2,0,0.0,-1,-1,-1,-1,0.0,0.0
2026-05-05T08:00,0.0,0.0,0.0,0.01,11.0,11.69,20.5,258,95,40200.0,1,0.325,0.0,2805.0,0,0.0,3,0,0.0,-1,-1,-1,-1,0.0,0.0
2026-05-05T09:00,0.0,0.0,0.0,0.01,10.8,9.79,20.5,253,100,40280.0,1,0.326,0.0,2685.0,0,0.0,3,0,0.0,-1,-1,-1,-1,0.0,0.0
2026-05-05T10:00,0.0,0.0,0.0,0.0,10.1,9.35,17.8,254,98,40280.0,1,0.326,0.0,2600.0,0,0.0,3,0,0.0,-1,-1,-1,-1,0.0,0.0
2026-05-05T11:00,0.0,0.0,0.0,0.0,9.7,7.99,16.3,245,100,40260.0,1,0.326,0.0,2810.0,0,0.0,3,0,0.0,-1,-1,-1,-1,0.0,0.0
2026-05-05T12:00,0.0,0.0,0.0,0.0,7.7,5.13,14.0,280,90,40160.0,1,0.334,10.0,1870.0,0,0.0,3,0,0.0,-1,-1,-1,-1,0.0,0.0
2026-05-05T13:00,0.0,0.0,0.0,0.0,3.5,3.39,8.6,344,99,40040.0,0,0.334,0.0,315.0,0,0.0,3,0,0.0,-1,-1,-1,-1,0.0,0.0
2026-05-05T14:00,0.0,0.0,0.0,0.0,2.5,2.03,5.6,10,91,40020.0,0,0.333,20.0,150.0,0,0.0,3,0,0.0,-1,-1,-1,-1,0.0,0.0
2026-05-05T15:00,0.0,0.0,0.0,0.0,1.8,0.3,3.2,81,100,32120.0,0,0.332,30.0,15.0,0,0.0,3,0,0.0,-1,-1,-1,-1,0.0,0.0
2026-05-05T16:00,0.0,0.0,0.0,0.0,1.9,1.84,2.5,137,84,27760.0,0,0.332,0.0,60.0,0,0.0,3,0,0.0,-1,-1,-1,-1,0.0,0.0
2026-05-05T17:00,0.0,0.0,0.0,0.0,0.2,3.81,6.1,128,100,38660.0,0,0.331,0.0,145.0,0,0.0,3,0,0.0,-1,-1,-1,-1,0.0,0.0
2026-05-05T18:00,0.0,0.0,0.0,0.0,-0.8,3.15,6.1,133,100,35180.0,0,0.33,40.0,150.0,0,0.0,3,0,0.0,-1,-1,-1,-1,0.0,0.0
2026-05-05T19:00,0.0,0.0,0.0,0.0,-0.7,1.19,5.0,112,100,17480.0,0,0.329,30.0,50.0,0,0.0,3,0,0.0,-1,-1,-1,-1,0.0,0.0
2026-05-05T20:00,0.0,0.0,0.07,0.0,-0.6,0.76,1.9,122,100,10620.0,0,0.328,0.0,30.0,0,0.0,71,0,0.0,-1,-1,-1,-1,0.0,0.0
2026-05-05T21:00,0.0,0.0,0.07,0.01,-0.7,1.0,1.8,108,100,8720.0,0,0.328,0.0,35.0,0,0.0,71,0,0.0,-1,-1,-1,-1,0.0,0.0
2026-05-05T22:00,0.0,0.0,0.07,0.01,-1.2,1.8,3.1,109,100,19720.0,0,0.327,0.0,55.0,0,0.0,71,0,0.0,-1,-1,-1,-1,0.0,0.0
2026-05-05T23:00,0.0,0.0,0.0,0.01,-2.2,0.75,3.0,86,100,15320.0,0,0.326,0.0,30.0,0,0.0,3,0,0.0,-1,-1,-1,-1,0.0,0.0
2026-05-06T00:00,0.1,0.0,0.0,0.0,-0.8,2.55,2.7,16,100,7980.0,1,0.323,10.0,210.0,0,0.0,51,0,0.1,-1,-1,-1,-1,0.0,0.0
2026-05-06T01:00,0.0,0.0,0.07,0.0,0.8,0.63,4.3,18,100,14380.0,1,0.322,50.0,300.0,0,0.0,71,0,0.0,-1,-1,-1,-1,0.0,0.0
2026-05-06T02:00,0.0,0.0,0.07,0.0,1.7,1.99,5.1,219,100,8800.0,1,0.321,10.0,545.0,0,0.0,71,0,0.0,-1,-1,-1,-1,0.0,0.0
2026-05-06T03:00,0.0,0.0,0.07,0.0,3.5,1.47,6.4,190,97,32060.0,1,0.32,20.0,910.0,0,0.0,71,0,0.0,-1,-1,-1,-1,0.0,0.0
2026-05-06T04:00,0.0,1.0,0.56,0.01,4.8,3.5,7.2,211,60,8480.0,1,0.319,100.0,920.0,0,0.0,85,0,0.0,-1,-1,-1,-1,0.0,0.0
2026-05-06T05:00,0.0,0.667,0.21,0.01,5.6,3.56,10.4,206,99,37320.0,1,0.32,160.0,1380.0,0,0.0,85,0,0.0,-1,-1,-1,-1,0.0,0.0
2026-05-06T06:00,0.0,1.0,0.07,0.01,7.2,4.16,10.5,219,100,39420.0,1,0.333,260.0,2170.0,0,0.0,85,0,0.0,-1,-1,-1,-1,0.0,0.0
2026-05-06T07:00,0.0,1.0,0.35,0.01,6.3,6.74,11.9,215,93,33160.0,1,0.335,20.0,1505.0,0,0.0,85,0,0.0,-1,-1,-1,-1,0.0,0.0
2026-05-06T08:00,0.0,0.0,0.0,0.01,8.5,3.73,13.4,206,98,39900.0,1,0.336,290.0,2270.0,0,0.0,3,0,0.0,-1,-1,-1,-1,0.0,0.0
2026-05-06T09:00,0.0,1.0,0.91,0.01,3.8,5.49,12.0,263,88,30620.0,1,0.337,30.0,490.0,0,0.0,86,0,0.0,-1,-1,-1,-1,0.0,0.0
2026-05-06T10:00,0.0,0.0,0.0,0.01,5.7,2.51,10.4,247,74,16720.0,1,0.34,30.0,1155.0,0,0.0,2,0,0.0,-1,-1,-1,-1,0.0,0.0
2026-05-06T11:00,0.0,1.0,0.14,0.01,3.9,2.26,7.6,95,87,29180.0,1,0.342,10.0,365.0,0,0.0,85,0,0.0,-1,-1,-1,-1,0.0,0.0
2026-05-06T12:00,0.0,0.0,0.0,0.02,1.5,2.18,7.0,233,100,11460.0,1,0.347,40.0,470.0,0,0.0,3,0,0.0,-1,-1,-1,-1,0.0,0.0
2026-05-06T13:00,0.0,0.25,0.28,0.02,0.8,1.0,5.1,217,100,6300.0,0,0.349,30.0,170.0,0,0.0,85,0,0.0,-1,-1,-1,-1,0.0,0.0
2026-05-06T14:00,0.0,0.25,0.28,0.02,-0.0,0.4,4.0,120,98,12880.0,0,0.349,40.0,85.0,0,0.0,85,0,0.0,-1,-1,-1,-1,0.0,0.0
2026-05-06T15:00,0.0,1.0,0.21,0.02,-1.5,0.65,2.6,113,100,17860.0,0,0.348,50.0,40.0,0,0.0,85,0,0.0,-1,-1,-1,-1,0.0,0.0
2026-05-06T16:00,0.0,0.0,0.07,0.02,-1.1,1.5,3.6,94,67,33700.0,0,0.346,50.0,90.0,0,0.0,71,0,0.0,-1,-1,-1,-1,0.0,0.0
2026-05-06T17:00,0.0,0.0,0.0,0.02,-3.5,1.83,3.0,101,18,32200.0,0,0.345,30.0,80.0,0,0.0,0,0,0.0,-1,-1,-1,-1,0.0,0.0
2026-05-06T18:00,0.0,1.0,1.12,0.03,-3.0,1.65,6.4,125,72,20280.0,0,0.344,50.0,70.0,0,0.0,86,1,0.0,5,0,1,28,0.0,0.6
2026-05-06T19:00,0.0,0.0,0.0,0.05,-4.0,2.04,5.3,149,83,15380.0,0,0.342,50.0,75.0,0,0.0,3,0,0.0,-1,-1,-1,-1,0.0,0.0
2026-05-06T20:00,0.0,0.0,0.0,0.05,-3.5,2.09,3.9,140,27,36840.0,0,0.341,20.0,90.0,0,0.0,1,0,0.0,-1,-1,-1,-1,0.0,0.0
2026-05-06T21:00,0.0,0.0,0.0,0.05,-5.1,2.02,3.8,140,67,36900.0,0,0.34,10.0,70.0,0,0.0,2,0,0.0,-1,-1,-1,-1,0.0,0.0
2026-05-06T22:00,0.0,0.0,0.0,0.05,-4.4,2.17,3.8,157,47,37920.0,0,0.339,0.0,100.0,0,0.0,1,0,0.0,-1,-1,-1,-1,0.0,0.0
2026-05-06T23:00,0.0,0.0,0.0,0.05,-5.1,1.81,3.8,174,24,37920.0,0,0.338,0.0,90.0,0,0.0,1,0,0.0,-1,-1,-1,-1,0.0,0.0
2026-05-07T00:00,0.0,0.0,0.0,0.08,-4.0,0.11,3.1,27,73,33460.0,1,0.339,50.0,10.0,0,0.0,2,0,0.0,-1,-1,-1,-1,0.0,0.0
2026-05-07T01:00,0.0,0.0,0.0,0.08,-2.7,0.47,1.3,342,76,36880.0,1,0.338,30.0,30.0,0,0.0,2,0,0.0,-1,-1,-1,-1,0.0,0.0
2026-05-07T02:00,0.0,0.0,0.0,0.08,-1.1,1.45,2.6,2,44,17380.0,1,0.337,10.0,170.0,0,0.0,1,0,0.0,-1,-1,-1,-1,0.0,0.0
2026-05-07T03:00,0.0,0.0,0.0,0.08,0.0,1.1,2.9,5,59,24020.0,1,0.336,20.0,205.0,0,0.0,2,0,0.0,-1,-1,-1,-1,0.0,0.0
2026-05-07T04:00,0.0,0.0,0.0,0.08,1.6,0.85,2.4,242,99,27480.0,1,0.335,110.0,1020.0,0,0.0,3,0,0.0,-1,-1,-1,-1,0.0,0.0
2026-05-07T05:00,0.0,0.0,0.0,0.07,2.4,0.87,3.5,239,97,23580.0,1,0.344,120.0,1340.0,0,0.0,3,0,0.0,-1,-1,-1,-1,0.0,0.0
2026-05-07T06:00,0.0,1.0,0.07,0.06,3.0,1.59,3.9,226,99,17140.0,1,0.36,60.0,1620.0,0,0.0,85,0,0.0,-1,-1,-1,-1,0.0,0.0
2026-05-07T07:00,0.0,0.0,0.07,0.06,2.6,0.79,3.6,252,99,14660.0,1,0.373,0.0,1515.0,0,0.0,71,0,0.0,-1,-1,-1,-1,0.0,0.0
2026-05-07T08:00,0.0,0.0,0.0,0.05,2.8,1.17,2.9,10,98,23940.0,1,0.386,20.0,1325.0,0,0.0,3,0,0.0,-1,-1,-1,-1,0.0,0.0
2026-05-07T09:00,0.0,0.938,1.12,0.05,1.1,1.2,3.3,287,100,8380.0,1,0.392,80.0,425.0,0,0.0,86,0,0.0,-1,-1,-1,-1,0.0,0.0
2026-05-07T10:00,0.0,0.5,0.42,0.05,0.4,2.4,4.1,45,60,8580.0,1,0.391,0.0,205.0,0,0.0,85,0,0.0,-1,-1,-1,-1,0.0,0.0
2026-05-07T11:00,0.0,1.0,0.28,0.04,0.7,2.68,4.8,117,98,31340.0,1,0.389,20.0,420.0,0,0.0,85,0,0.0,-1,-1,-1,-1,0.0,0.0
2026-05-07T12:00,0.0,1.0,0.28,0.05,-0.3,1.25,5.2,37,100,17660.0,1,0.383,0.0,165.0,0,0.0,85,0,0.0,-1,-1,-1,-1,0.0,0.0
2026-05-07T13:00,0.0,1.0,0.07,0.05,-0.7,3.42,6.2,61,96,28560.0,0,0.38,10.0,190.0,0,0.0,85,0,0.0,-1,-1,-1,-1,0.0,0.0
2026-05-07T14:00,0.0,1.0,0.49,0.05,-2.2,0.59,5.6,110,100,15720.0,0,0.376,0.0,125.0,0,0.0,85,0,0.0,-1,-1,-1,-1,0.0,0.0
2026-05-07T15:00,0.0,1.0,0.07,0.05,-2.1,1.15,1.7,108,100,18120.0,0,0.373,0.0,125.0,0,0.0,85,0,0.0,-1,-1,-1,-1,0.0,0.0
2026-05-07T16:00,0.0,1.0,0.07,0.05,-3.6,0.61,2.0,81,96,29940.0,0,0.37,0.0,35.0,0,0.0,85,0,0.0,-1,-1,-1,-1,0.0,0.0
2026-05-07T17:00,0.0,1.0,0.07,0.05,-5.5,0.49,1.5,66,100,1900.0,0,0.367,0.0,20.0,0,0.0,85,0,0.0,-1,-1,-1,-1,0.0,0.0
2026-05-07T18:00,0.0,1.0,0.14,0.06,-4.7,0.72,1.6,78,100,660.0,0,0.365,40.0,20.0,0,0.0,85,0,0.0,-1,-1,-1,-1,0.0,0.0
2026-05-07T19:00,0.0,0.5,0.14,0.06,-3.0,1.07,2.2,62,100,8660.0,0,0.363,10.0,40.0,0,0.0,85,0,0.0,-1,-1,-1,-1,0.0,0.0
2026-05-07T20:00,0.0,0.0,0.07,0.06,-3.1,1.19,2.0,57,98,19220.0,0,0.361,10.0,60.0,0,0.0,71,0,0.0,-1,-1,-1,-1,0.0,0.0
2026-05-07T21:00,0.0,0.0,0.0,0.06,-4.6,1.53,2.3,58,100,16060.0,0,0.359,10.0,70.0,0,0.0,3,0,0.0,-1,-1,-1,-1,0.0,0.0
2026-05-07T22:00,0.0,0.5,0.14,0.06,-3.3,2.29,3.7,74,99,15560.0,0,0.358,10.0,155.0,0,0.0,85,0,0.0,-1,-1,-1,-1,0.0,0.0
2026-05-07T23:00,0.0,0.875,0.56,0.06,-3.0,2.75,4.4,90,100,9320.0,0,0.356,10.0,245.0,0,0.0,85,1,0.0,6,0,1,188,0.0,0.525
2026-05-08T00:00,0.0,0.75,0.28,0.07,-4.2,1.61,4.5,83,100,12760.0,1,0.351,10.0,40.0,0,0.0,85,0,0.0,-1,-1,-1,-1,0.0,0.0
2026-05-08T01:00,0.0,0.6,0.35,0.07,-2.2,2.23,4.6,40,100,7260.0,1,0.35,60.0,235.0,0,0.0,85,0,0.0,-1,-1,-1,-1,0.0,0.0
2026-05-08T02:00,0.0,0.917,0.84,0.08,-1.7,3.33,6.7,57,99,11000.0,1,0.349,30.0,400.0,0,0.0,86,0,0.0,-1,-1,-1,-1,0.0,0.0
2026-05-08T03:00,0.0,1.0,0.14,0.08,-0.9,3.24,7.1,65,100,14240.0,1,0.347,20.0,480.0,0,0.0,85,0,0.0,-1,-1,-1,-1,0.0,0.0
2026-05-08T04:00,0.0,0.0,0.07,0.08,-0.4,3.23,6.7,55,94,19300.0,1,0.346,50.0,475.0,0,0.0,71,0,0.0,-1,-1,-1,-1,0.0,0.0
2026-05-08T05:00,0.0,1.0,0.49,0.08,-0.2,4.08,7.2,50,100,23360.0,1,0.346,10.0,575.0,0,0.0,85,0,0.0,-1,-1,-1,-1,0.0,0.0
2026-05-08T06:00,0.0,1.0,0.14,0.08,-0.3,4.83,7.2,40,78,30800.0,1,0.35,0.0,635.0,0,0.0,85,0,0.0,-1,-1,-1,-1,0.0,0.0
2026-05-08T07:00,0.0,0.0,0.0,0.08,-0.2,5.58,9.5,31,81,18040.0,1,0.355,0.0,705.0,0,0.0,3,0,0.0,-1,-1,-1,-1,0.0,0.0
2026-05-08T08:00,0.0,0.0,0.0,0.07,0.3,5.09,9.6,35,98,37400.0,1,0.358,20.0,970.0,0,0.0,3,0,0.0,-1,-1,-1,-1,0.0,0.0
2026-05-08T09:00,0.0,0.0,0.0,0.07,0.2,5.13,8.7,38,100,30420.0,1,0.362,10.0,950.0,0,0.0,3,0,0.0,-1,-1,-1,-1,0.0,0.0
2026-05-08T10:00,0.0,0.0,0.0,0.07,0.1,5.18,9.1,40,100,33320.0,1,0.365,10.0,1005.0,0,0.0,3,0,0.0,-1,-1,-1,-1,0.0,0.0
2026-05-08T11:00,0.0,0.0,0.0,0.06,-0.4,4.95,9.1,43,100,33120.0,1,0.366,10.0,825.0,0,0.0,3,0,0.0,-1,-1,-1,-1,0.0,0.0
2026-05-08T12:00,0.0,0.0,0.0,0.05,-0.4,3.71,8.3,44,100,13920.0,1,0.368,70.0,560.0,0,0.0,3,0,0.0,-1,-1,-1,-1,0.0,0.0
2026-05-08T13:00,0.0,0.0,0.07,0.05,-1.5,3.69,6.3,50,100,16060.0,0,0.366,10.0,465.0,0,0.0,71,0,0.0,-1,-1,-1,-1,0.0,0.0
2026-05-08T14:00,0.0,0.0,0.0,0.05,-1.7,3.51,6.4,49,100,19700.0,0,0.365,0.0,475.0,0,0.0,3,0,0.0,-1,-1,-1,-1,0.0,0.0
2026-05-08T15:00,0.0,0.0,0.0,0.05,-2.1,3.66,6.2,40,100,17840.0,0,0.363,0.0,455.0,0,0.0,3,0,0.0,-1,-1,-1,-1,0.0,0.0
2026-05-08T16:00,0.0,0.0,0.0,0.05,-2.6,4.16,7.0,33,100,21100.0,0,0.361,0.0,485.0,0,0.0,3,0,0.0,-1,-1,-1,-1,0.0,0.0
2026-05-08T17:00,0.0,0.0,0.0,0.05,-3.1,3.79,7.1,34,100,23720.0,0,0.36,0.0,400.0,0,0.0,3,0,0.0,-1,-1,-1,-1,0.0,0.0
2026-05-08T18:00,0.0,0.0,0.0,0.05,-3.4,2.91,6.5,24,100,23220.0,0,0.358,10.0,330.0,0,0.0,3,0,0.0,-1,-1,-1,-1,0.0,0.0
2026-05-08T19:00,0.0,0.0,0.0,0.05,-3.9,2.82,4.9,6,100,24600.0,0,0.357,20.0,325.0,0,0.0,3,0,0.0,-1,-1,-1,-1,0.0,0.0
2026-05-08T20:00,0.0,0.0,0.0,0.05,-4.5,2.55,4.9,2,100,20660.0,0,0.356,20.0,300.0,0,0.0,3,0,0.0,-1,-1,-1,-1,0.0,0.0
2026-05-08T21:00,0.0,0.0,0.0,0.05,-4.8,2.43,4.3,9,100,16060.0,0,0.355,30.0,305.0,0,0.0,3,0,0.0,-1,-1,-1,-1,0.0,0.0
2026-05-08T22:00,0.0,0.0,0.0,0.05,-5.1,2.83,4.8,21,100,17380.0,0,0.354,30.0,355.0,0,0.0,3,0,0.0,-1,-1,-1,-1,0.0,0.0
2026-05-08T23:00,0.0,0.0,0.0,0.05,-5.5,2.24,4.9,27,100,24340.0,0,0.353,30.0,340.0,0,0.0,3,0,0.0,-1,-1,-1,-1,0.0,0.0
2026-05-09T00:00,0.0,0.0,0.0,0.04,-4.8,2.08,4.0,10,100,30560.0,1,0.352,0.0,205.0,0,0.0,3,0,0.0,-1,-1,-1,-1,0.0,0.0
2026-05-09T01:00,0.0,0.0,0.0,0.04,-2.6,2.67,4.7,6,100,25800.0,1,0.351,0.0,570.0,0,0.0,3,0,0.0,-1,-1,-1,-1,0.0,0.0
2026-05-09T02:00,0.0,0.0,0.0,0.04,-1.3,4.25,6.9,37,100,26880.0,1,0.35,10.0,905.0,0,0.0,3,0,0.0,-1,-1,-1,-1,0.0,0.0
2026-05-09T03:00,0.0,0.0,0.0,0.04,-0.8,5.78,9.9,41,100,19280.0,1,0.349,20.0,970.0,0,0.0,3,0,0.0,-1,-1,-1,-1,0.0,0.0
2026-05-09T04:00,0.0,0.0,0.0,0.04,-0.7,6.54,11.2,47,100,16860.0,1,0.348,10.0,930.0,0,0.0,3,0,0.0,-1,-1,-1,-1,0.0,0.0
2026-05-09T05:00,0.0,0.0,0.07,0.04,-0.4,7.05,12.2,49,100,13920.0,1,0.347,10.0,875.0,0,0.0,71,0,0.0,-1,-1,-1,-1,0.0,0.0
2026-05-09T06:00,0.0,0.0,0.07,0.04,-0.2,6.87,12.2,42,100,12720.0,1,0.346,10.0,830.0,0,0.0,71,0,0.0,-1,-1,-1,-1,0.0,0.0
2026-05-09T07:00,0.0,0.75,0.28,0.04,-0.4,6.19,11.7,38,100,14180.0,1,0.345,20.0,900.0,0,0.0,85,0,0.0,-1,-1,-1,-1,0.0,0.0
2026-05-09T08:00,0.0,0.0,0.07,0.04,-0.0,5.79,10.8,40,100,14900.0,1,0.344,30.0,1060.0,0,0.0,71,0,0.0,-1,-1,-1,-1,0.0,0.0
2026-05-09T09:00,0.0,0.0,0.0,0.03,0.3,5.07,10.0,41,100,25140.0,1,0.343,30.0,1200.0,0,0.0,3,0,0.0,-1,-1,-1,-1,0.0,0.0
2026-05-09T10:00,0.0,0.0,0.0,0.03,0.0,4.93,8.9,40,83,35220.0,1,0.343,20.0,1095.0,0,0.0,3,0,0.0,-1,-1,-1,-1,0.0,0.0
2026-05-09T11:00,0.0,0.0,0.0,0.03,-0.8,3.99,8.8,38,96,38500.0,1,0.343,20.0,940.0,0,0.0,3,0,0.0,-1,-1,-1,-1,0.0,0.0
2026-05-09T12:00,0.0,0.0,0.0,0.03,-0.2,3.2,7.2,25,100,38500.0,1,0.348,20.0,830.0,0,0.0,3,0,0.0,-1,-1,-1,-1,0.0,0.0
2026-05-09T13:00,0.0,0.0,0.0,0.03,-4.2,2.15,5.2,36,100,38060.0,0,0.347,10.0,85.0,0,0.0,3,0,0.0,-1,-1,-1,-1,0.0,0.0
2026-05-09T14:00,0.0,0.0,0.0,0.03,-4.7,2.33,4.0,28,94,37300.0,0,0.347,0.0,80.0,0,0.0,3,0,0.0,-1,-1,-1,-1,0.0,0.0
2026-05-09T15:00,0.0,0.0,0.0,0.03,-5.5,2.44,4.2,23,100,37500.0,0,0.346,0.0,85.0,0,0.0,3,0,0.0,-1,-1,-1,-1,0.0,0.0
2026-05-09T16:00,0.0,0.0,0.0,0.03,-5.4,2.57,4.4,29,100,37500.0,0,0.345,0.0,90.0,0,0.0,3,0,0.0,-1,-1,-1,-1,0.0,0.0
2026-05-09T17:00,0.0,0.0,0.0,0.03,-5.8,2.42,4.4,27,100,37500.0,0,0.345,0.0,85.0,0,0.0,3,0,0.0,-1,-1,-1,-1,0.0,0.0
2026-05-09T18:00,0.0,0.0,0.0,0.03,-5.6,2.58,4.1,18,100,37500.0,0,0.344,0.0,80.0,0,0.0,3,0,0.0,-1,-1,-1,-1,0.0,0.0
2026-05-09T19:00,0.0,0.0,0.0,0.03,-6.2,2.08,4.2,24,100,37480.0,0,0.344,0.0,85.0,0,0.0,3,0,0.0,-1,-1,-1,-1,0.0,0.0
2026-05-09T20:00,0.0,0.0,0.0,0.03,-7.6,1.46,3.6,31,100,37480.0,0,0.343,0.0,50.0,0,0.0,3,0,0.0,-1,-1,-1,-1,0.0,0.0
2026-05-09T21:00,0.0,0.0,0.0,0.03,-8.2,1.3,2.4,32,99,36460.0,0,0.343,0.0,40.0,0,0.0,3,0,0.0,-1,-1,-1,-1,0.0,0.0
2026-05-09T22:00,0.0,0.0,0.0,0.03,-8.9,0.94,2.2,32,100,36460.0,0,0.342,0.0,35.0,0,0.0,3,0,0.0,-1,-1,-1,-1,0.0,0.0
2026-05-09T23:00,0.0,0.0,0.0,0.03,-9.1,1.35,2.2,39,100,36300.0,1,0.342,0.0,45.0,0,0.0,3,0,0.0,-1,-1,-1,-1,0.0,0.0
2026-05-10T00:00,0.0,0.0,0.0,0.02,-4.3,2.83,3.1,17,100,17260.0,1,0.341,10.0,110.0,0,0.0,3,0,0.0,-1,-1,-1,-1,0.0,0.0
2026-05-10T01:00,0.0,0.0,0.0,0.03,-3.1,2.59,4.7,28,100,22480.0,1,0.341,10.0,475.0,0,0.0,3,0,0.0,-1,-1,-1,-1,0.0,0.0
2026-05-10T02:00,0.0,0.0,0.0,0.02,-2.4,2.26,4.7,55,100,34880.0,1,0.34,20.0,625.0,0,0.0,3,0,0.0,-1,-1,-1,-1,0.0,0.0
2026-05-10T03:00,0.0,0.0,0.0,0.02,-1.0,2.44,4.6,62,88,38400.0,1,0.339,20.0,1070.0,0,0.0,3,0,0.0,-1,-1,-1,-1,0.0,0.0
2026-05-10T04:00,0.0,1.0,0.14,0.03,-0.5,3.43,6.5,59,90,32220.0,1,0.338,0.0,1100.0,0,0.0,85,0,0.0,-1,-1,-1,-1,0.0,0.0
2026-05-10T05:00,0.0,0.5,0.14,0.03,-0.1,2.69,6.6,59,99,17500.0,1,0.337,0.0,1145.0,0,0.0,85,0,0.0,-1,-1,-1,-1,0.0,0.0
2026-05-10T06:00,0.0,0.0,0.0,0.03,0.4,3.11,5.6,42,76,20020.0,1,0.337,30.0,1185.0,0,0.0,2,0,0.0,-1,-1,-1,-1,0.0,0.0
2026-05-10T07:00,0.0,1.0,0.14,0.03,0.3,3.39,6.5,45,90,19740.0,1,0.336,0.0,1210.0,0,0.0,85,0,0.0,-1,-1,-1,-1,0.0,0.0
2026-05-10T08:00,0.0,1.0,0.07,0.02,0.5,3.22,6.5,43,96,20720.0,1,0.336,0.0,1260.0,0,0.0,85,0,0.0,-1,-1,-1,-1,0.0,0.0
2026-05-10T09:00,0.0,0.0,0.0,0.02,1.0,3.47,6.3,36,97,33660.0,1,0.337,0.0,1525.0,0,0.0,3,0,0.0,-1,-1,-1,-1,0.0,0.0
2026-05-10T10:00,0.0,0.0,0.0,0.02,0.9,3.68,7.0,45,100,38660.0,1,0.339,20.0,1610.0,0,0.0,3,0,0.0,-1,-1,-1,-1,0.0,0.0
2026-05-10T11:00,0.0,0.0,0.0,0.02,-0.1,3.87,7.2,65,100,38340.0,1,0.34,30.0,895.0,0,0.0,3,0,0.0,-1,-1,-1,-1,0.0,0.0
2026-05-10T12:00,0.0,0.0,0.0,0.02,0.2,3.15,7.4,46,100,29400.0,1,0.344,30.0,765.0,0,0.0,3,0,0.0,-1,-1,-1,-1,0.0,0.0
2026-05-10T13:00,0.0,0.0,0.0,0.02,-1.3,2.95,5.4,39,100,37780.0,0,0.343,0.0,280.0,0,0.0,3,0,0.0,-1,-1,-1,-1,0.0,0.0
2026-05-10T14:00,0.0,0.0,0.0,0.02,-2.8,2.52,4.8,34,100,37900.0,0,0.343,0.0,125.0,0,0.0,3,0,0.0,-1,-1,-1,-1,0.0,0.0
2026-05-10T15:00,0.0,0.0,0.0,0.02,-3.5,2.43,4.1,32,100,37900.0,0,0.342,0.0,90.0,0,0.0,3,0,0.0,-1,-1,-1,-1,0.0,0.0
2026-05-10T16:00,0.0,0.0,0.0,0.02,-3.7,3.05,4.7,30,100,36320.0,0,0.342,10.0,120.0,0,0.0,3,0,0.0,-1,-1,-1,-1,0.0,0.0
2026-05-10T17:00,0.0,0.0,0.0,0.02,-3.6,2.99,4.8,38,100,33280.0,0,0.341,20.0,125.0,0,0.0,3,0,0.0,-1,-1,-1,-1,0.0,0.0
2026-05-10T18:00,0.0,0.0,0.0,0.02,-3.8,2.84,4.8,28,100,32200.0,0,0.341,30.0,110.0,0,0.0,3,0,0.0,-1,-1,-1,-1,0.0,0.0
2026-05-10T19:00,0.0,0.0,0.0,0.02,-3.7,3.11,5.0,30,100,33260.0,0,0.34,30.0,130.0,0,0.0,3,0,0.0,-1,-1,-1,-1,0.0,0.0
2026-05-10T20:00,0.0,0.0,0.0,0.02,-4.3,2.04,4.8,31,90,35020.0,0,0.34,0.0,90.0,0,0.0,3,0,0.0,-1,-1,-1,-1,0.0,0.0
2026-05-10T21:00,0.0,0.0,0.0,0.02,-5.4,1.81,3.2,24,89,35280.0,0,0.34,0.0,55.0,0,0.0,3,0,0.0,-1,-1,-1,-1,0.0,0.0
2026-05-10T22:00,0.0,0.0,0.0,0.02,-5.3,1.28,3.0,21,98,33280.0,0,0.339,0.0,40.0,0,0.0,3,0,0.0,-1,-1,-1,-1,0.0,0.0
2026-05-10T23:00,0.0,0.0,0.0,0.02,-5.2,1.41,2.4,8,97,30560.0,1,0.339,10.0,30.0,0,0.0,3,0,0.0,-1,-1,-1,-1,0.0,0.0
2026-05-11T00:00,0.0,0.0,0.0,0.01,-3.5,1.16,2.4,353,100,37300.0,1,0.338,0.0,25.0,0,0.0,3,0,0.0,-1,-1,-1,-1,0.0,0.0
2026-05-11T01:00,0.0,0.0,0.0,0.01,-1.2,0.65,3.2,302,98,38240.0,1,0.338,10.0,265.0,0,0.0,3,0,0.0,-1,-1,-1,-1,0.0,0.0
2026-05-11T02:00,0.0,0.0,0.0,0.01,0.7,1.35,4.5,329,100,38240.0,1,0.337,40.0,1185.0,0,0.0,3,0,0.0,-1,-1,-1,-1,0.0,0.0
2026-05-11T03:00,0.0,1.0,0.28,0.01,1.5,2.32,6.5,346,100,32760.0,1,0.336,0.0,1270.0,0,0.0,85,0,0.0,-1,-1,-1,-1,0.0,0.0
2026-05-11T04:00,0.0,0.667,0.21,0.01,2.4,1.75,6.5,347,100,18740.0,1,0.335,10.0,1535.0,0,0.0,85,0,0.0,-1,-1,-1,-1,0.0,0.0
2026-05-11T05:00,0.0,1.0,0.14,0.01,3.5,2.33,6.5,351,100,30360.0,1,0.336,0.0,1880.0,0,0.0,85,0,0.0,-1,-1,-1,-1,0.0,0.0
2026-05-11T06:00,0.0,1.0,0.21,0.01,2.6,3.17,8.4,21,100,21800.0,1,0.339,10.0,1650.0,0,0.0,85,0,0.0,-1,-1,-1,-1,0.0,0.0
2026-05-11T07:00,0.0,1.0,0.21,0.01,3.9,3.2,7.9,23,88,29440.0,1,0.342,0.0,1775.0,0,0.0,85,0,0.0,-1,-1,-1,-1,0.0,0.0
2026-05-11T08:00,0.0,1.0,0.21,0.01,4.6,3.15,7.9,10,66,36440.0,1,0.344,0.0,2065.0,0,0.0,85,0,0.0,-1,-1,-1,-1,0.0,0.0
2026-05-11T09:00,0.0,1.0,0.07,0.01,4.7,3.91,8.3,4,76,39200.0,1,0.347,0.0,2175.0,0,0.0,85,0,0.0,-1,-1,-1,-1,0.0,0.0
2026-05-11T10:00,0.0,0.0,0.0,0.01,4.5,4.57,9.1,354,47,39180.0,1,0.349,0.0,2335.0,0,0.0,1,0,0.0,-1,-1,-1,-1,0.0,0.0
2026-05-11T11:00,0.0,0.0,0.0,0.01,3.9,4.0,9.0,359,23,39180.0,1,0.35,0.0,2350.0,0,0.0,1,0,0.0,-1,-1,-1,-1,0.0,0.0
2026-05-11T12:00,0.0,0.0,0.0,0.0,2.8,3.31,7.5,20,2,39180.0,1,0.343,0.0,675.0,0,0.0,0,0,0.0,-1,-1,-1,-1,0.0,0.0
2026-05-11T13:00,0.0,0.0,0.0,0.0,-1.6,2.67,5.5,69,0,38500.0,0,0.342,0.0,85.0,0,0.0,0,0,0.0,-1,-1,-1,-1,0.0,0.0
2026-05-11T14:00,0.0,0.0,0.0,0.0,-3.3,1.99,4.5,78,1,38160.0,0,0.342,0.0,35.0,0,0.0,0,0,0.0,-1,-1,-1,-1,0.0,0.0
2026-05-11T15:00,0.0,0.0,0.0,0.0,-4.4,1.49,3.4,76,5,38160.0,0,0.341,0.0,20.0,0,0.0,0,0,0.0,-1,-1,-1,-1,0.0,0.0
2026-05-11T16:00,0.0,0.0,0.0,0.0,-4.5,0.95,2.6,90,36,38480.0,0,0.341,0.0,15.0,0,0.0,1,0,0.0,-1,-1,-1,-1,0.0,0.0
2026-05-11T17:00,0.0,0.0,0.0,0.0,-3.6,0.32,1.5,72,8,38460.0,0,0.34,0.0,15.0,0,0.0,0,0,0.0,-1,-1,-1,-1,0.0,0.0
2026-05-11T18:00,0.0,0.0,0.0,0.0,-3.2,0.22,0.6,63,2,38460.0,0,0.34,0.0,10.0,0,0.0,0,0,0.0,-1,-1,-1,-1,0.0,0.0
2026-05-11T19:00,0.0,0.0,0.0,0.0,-3.8,0.18,0.5,56,9,38460.0,0,0.339,0.0,30.0,0,0.0,0,0,0.0,-1,-1,-1,-1,0.0,0.0
2026-05-11T20:00,0.0,0.0,0.0,0.0,-4.8,1.05,1.6,85,0,38440.0,0,0.339,0.0,40.0,0,0.0,0,0,0.0,-1,-1,-1,-1,0.0,0.0
2026-05-11T21:00,0.0,0.0,0.0,0.0,-5.5,1.14,2.0,75,0,38120.0,0,0.338,0.0,35.0,0,0.0,0,0,0.0,-1,-1,-1,-1,0.0,0.0
2026-05-11T22:00,0.0,0.0,0.0,0.0,-6.0,1.15,2.1,72,0,38120.0,0,0.338,0.0,30.0,0,0.0,0,0,0.0,-1,-1,-1,-1,0.0,0.0
2026-05-11T23:00,0.0,0.0,0.0,0.0,-6.5,1.01,2.0,81,0,37700.0,1,0.338,0.0,25.0,0,0.0,0,0,0.0,-1,-1,-1,-1,0.0,0.0
2026-05-12T00:00,0.0,0.0,0.0,0.0,-3.4,1.33,3.1,77,0,38100.0,1,0.338,0.0,40.0,0,0.0,0,0,0.0,-1,-1,-1,-1,0.0,0.0
2026-05-12T01:00,0.0,0.0,0.0,0.0,0.1,0.9,3.6,93,0,38420.0,1,0.338,0.0,225.0,0,0.0,0,0,0.0,-1,-1,-1,-1,0.0,0.0
2026-05-12T02:00,0.0,0.0,0.0,0.0,2.8,0.63,4.0,162,1,38960.0,1,0.337,0.0,520.0,0,0.0,0,0,0.0,-1,-1,-1,-1,0.0,0.0
2026-05-12T03:00,0.0,0.0,0.0,0.0,5.0,1.29,5.1,216,60,39080.0,1,0.336,0.0,830.0,0,0.0,2,0,0.0,-1,-1,-1,-1,0.0,0.0
2026-05-12T04:00,0.0,0.0,0.0,0.0,7.0,1.97,6.3,240,16,39060.0,1,0.334,0.0,1350.0,0,0.0,0,0,0.0,-1,-1,-1,-1,0.0,0.0
2026-05-12T05:00,0.0,0.0,0.0,0.0,8.9,2.34,6.8,259,26,39140.0,1,0.332,0.0,2580.0,0,0.0,1,0,0.0,-1,-1,-1,-1,0.0,0.0
2026-05-12T06:00,0.0,0.0,0.0,0.0,8.7,2.37,6.9,305,59,66940.0,1,0.346,0.0,2590.0,0,0.0,2,0,0.0,-1,-1,-1,-1,0.0,0.0
2026-05-12T07:00,0.0,0.0,0.0,0.0,9.1,0.96,6.4,313,75,66940.0,1,0.344,0.0,2620.0,0,0.0,2,0,0.0,-1,-1,-1,-1,0.0,0.0
2026-05-12T08:00,0.0,0.0,0.0,0.0,9.4,0.51,5.1,29,70,66940.0,1,0.342,0.0,2580.0,0,0.0,2,0,0.0,-1,-1,-1,-1,0.0,0.0
2026-05-12T09:00,0.0,0.0,0.0,0.0,9.3,0.59,4.4,160,60,66940.0,1,0.341,0.0,2755.0,0,0.0,2,0,0.0,-1,-1,-1,-1,0.0,0.0
2026-05-12T10:00,0.0,0.0,0.0,0.0,9.0,1.39,4.7,165,52,66940.0,1,0.34,0.0,2740.0,0,0.0,2,0,0.0,-1,-1,-1,-1,0.0,0.0
2026-05-12T11:00,0.0,0.0,0.0,0.0,8.8,2.36,5.2,163,90,66940.0,1,0.339,0.0,2745.0,0,0.0,3,0,0.0,-1,-1,-1,-1,0.0,0.0
2026-05-12T12:00,0.0,0.0,0.0,0.0,7.1,3.34,5.8,156,60,66900.0,1,0.354,0.0,800.0,0,0.0,2,0,0.0,-1,-1,-1,-1,0.0,0.0
2026-05-12T13:00,0.0,0.0,0.0,0.0,2.8,5.18,9.8,143,2,64540.0,0,0.354,0.0,370.0,0,0.0,0,0,0.0,-1,-1,-1,-1,0.0,0.0
2026-05-12T14:00,0.0,0.0,0.0,0.0,1.7,4.49,8.6,134,0,64540.0,0,0.353,0.0,280.0,0,0.0,0,0,0.0,-1,-1,-1,-1,0.0,0.0
2026-05-12T15:00,0.0,0.0,0.0,0.0,0.9,4.3,7.6,130,1,64520.0,0,0.353,0.0,240.0,0,0.0,0,0,0.0,-1,-1,-1,-1,0.0,0.0
2026-05-12T16:00,0.0,0.0,0.0,0.0,-0.2,3.52,7.0,122,19,44800.0,0,0.353,0.0,180.0,0,0.0,0,0,0.0,-1,-1,-1,-1,0.0,0.0
2026-05-12T17:00,0.0,0.0,0.0,0.0,-1.3,3.34,5.8,112,67,26760.0,0,0.352,0.0,155.0,0,0.0,2,0,0.0,-1,-1,-1,-1,0.0,0.0
2026-05-12T18:00,0.0,0.0,0.0,0.0,-1.7,3.2,5.5,113,8,62000.0,0,0.352,0.0,150.0,0,0.0,0,0,0.0,-1,-1,-1,-1,0.0,0.0
2026-05-12T19:00,0.0,0.0,0.0,0.0,-2.0,2.88,5.3,107,0,62000.0,0,0.351,0.0,130.0,0,0.0,0,0,0.0,-1,-1,-1,-1,0.0,0.0
2026-05-12T20:00,0.0,0.0,0.0,0.0,-1.9,2.63,4.9,104,9,64520.0,0,0.351,0.0,115.0,0,0.0,0,0,0.0,-1,-1,-1,-1,0.0,0.0
2026-05-12T21:00,0.0,0.0,0.0,0.0,-2.1,1.98,4.4,100,36,64520.0,0,0.351,0.0,75.0,0,0.0,1,0,0.0,-1,-1,-1,-1,0.0,0.0
2026-05-12T22:00,0.0,0.0,0.0,0.0,-2.4,1.62,3.3,99,55,64520.0,0,0.351,0.0,50.0,0,0.0,2,0,0.0,-1,-1,-1,-1,0.0,0.0
2026-05-12T23:00,0.0,0.0,0.0,0.0,-2.6,0.98,2.7,105,91,64520.0,1,0.35,0.0,30.0,0,0.0,3,0,0.0,-1,-1,-1,-1,0.0,0.0
2026-05-13T00:00,0.0,0.0,0.0,0.0,0.7,1.17,3.3,100,82,59500.0,1,0.348,0.0,45.0,0,0.0,3,0,0.0,-1,-1,-1,-1,0.0,0.0
2026-05-13T01:00,0.0,1.0,0.14,0.0,2.1,2.67,6.2,283,97,16080.0,1,0.348,0.0,575.0,0,0.0,85,0,0.0,-1,-1,-1,-1,0.0,0.0
2026-05-13T02:00,0.0,0.875,0.56,0.01,1.8,2.12,8.0,289,96,7880.0,1,0.347,0.0,780.0,0,0.0,85,0,0.0,-1,-1,-1,-1,0.0,0.0
2026-05-13T03:00,0.0,0.857,0.49,0.01,3.3,2.74,6.3,162,70,34860.0,1,0.347,0.0,1065.0,0,0.0,85,0,0.0,-1,-1,-1,-1,0.0,0.0
2026-05-13T04:00,0.0,0.0,0.0,0.01,7.1,3.66,10.3,220,86,13400.0,1,0.347,70.0,1920.0,0,0.0,3,0,0.0,-1,-1,-1,-1,0.0,0.0
2026-05-13T05:00,0.0,0.5,0.14,0.01,7.3,7.08,13.2,247,95,6200.0,1,0.348,130.0,1780.0,0,0.0,85,0,0.0,-1,-1,-1,-1,0.0,0.0
2026-05-13T06:00,0.0,1.0,0.21,0.01,8.3,6.11,14.4,267,51,26720.0,1,0.356,260.0,2335.0,0,0.0,85,0,0.0,-1,-1,-1,-1,0.0,0.0
2026-05-13T07:00,0.0,1.0,0.28,0.01,9.0,8.18,14.4,254,98,21340.0,1,0.359,260.0,2050.0,0,0.0,85,0,0.0,-1,-1,-1,-1,0.0,0.0
2026-05-13T08:00,0.0,1.0,0.56,0.02,6.8,6.8,15.8,237,64,9220.0,1,0.362,170.0,1635.0,0,0.0,85,0,0.0,-1,-1,-1,-1,0.0,0.0
2026-05-13T09:00,0.0,1.0,0.07,0.01,7.9,7.64,13.7,249,80,20540.0,1,0.364,300.0,1935.0,0,0.0,85,0,0.0,-1,-1,-1,-1,0.0,0.0
2026-05-13T10:00,0.0,1.0,0.07,0.01,8.1,4.12,14.0,256,70,27480.0,1,0.366,50.0,2305.0,0,0.0,85,0,0.0,-1,-1,-1,-1,0.0,0.0
2026-05-13T11:00,0.0,0.0,0.0,0.01,7.9,3.04,8.3,228,61,63040.0,1,0.367,10.0,2375.0,0,0.0,2,0,0.0,-1,-1,-1,-1,0.0,0.0
2026-05-13T12:00,0.0,0.0,0.0,0.0,7.2,2.87,10.4,229,92,66860.0,1,0.327,40.0,1480.0,0,0.0,3,0,0.0,-1,-1,-1,-1,0.0,0.0
2026-05-13T13:00,0.0,0.0,0.0,0.0,3.0,3.08,5.1,133,96,60040.0,0,0.328,180.0,185.0,0,0.0,3,0,0.0,-1,-1,-1,-1,0.0,0.0
2026-05-13T14:00,0.0,0.0,0.0,0.0,1.5,4.18,6.6,105,100,57580.0,0,0.329,110.0,235.0,0,0.0,3,0,0.0,-1,-1,-1,-1,0.0,0.0
2026-05-13T15:00,0.0,0.0,0.0,0.0,1.4,4.53,7.3,84,95,41900.0,0,0.329,100.0,190.0,0,0.0,3,0,0.0,-1,-1,-1,-1,0.0,0.0
2026-05-13T16:00,0.0,0.0,0.0,0.0,0.4,4.39,8.1,78,88,14380.0,0,0.33,120.0,195.0,0,0.0,3,0,0.0,-1,-1,-1,-1,0.0,0.0
2026-05-13T17:00,0.0,0.0,0.07,0.0,-0.8,2.09,7.0,44,97,16000.0,0,0.33,90.0,80.0,0,0.0,71,0,0.0,-1,-1,-1,-1,0.0,0.0
2026-05-13T18:00,0.0,0.0,0.0,0.0,-1.3,2.18,3.5,53,95,34460.0,0,0.331,110.0,75.0,0,0.0,3,0,0.0,-1,-1,-1,-1,0.0,0.0
2026-05-13T19:00,0.0,0.0,0.0,0.0,-2.2,1.65,3.5,87,94,6040.0,0,0.331,140.0,40.0,0,0.0,3,0,0.0,-1,-1,-1,-1,0.0,0.0
2026-05-13T20:00,0.0,0.0,0.0,0.0,-2.1,1.7,3.1,92,98,3580.0,0,0.331,120.0,45.0,0,0.0,3,0,0.0,-1,-1,-1,-1,0.0,0.0
2026-05-13T21:00,0.0,0.0,0.0,0.0,-2.1,1.32,2.8,81,80,7140.0,0,0.331,110.0,45.0,0,0.0,3,0,0.0,-1,-1,-1,-1,0.0,0.0
2026-05-13T22:00,0.0,0.0,0.0,0.0,-3.0,1.03,2.2,67,53,800.0,0,0.331,100.0,35.0,0,0.0,2,0,0.0,-1,-1,-1,-1,0.0,0.0
2026-05-13T23:00,0.0,0.0,0.0,0.0,-3.2,1.1,2.1,47,77,400.0,1,0.332,130.0,35.0,0,0.0,2,0,0.0,-1,-1,-1,-1,0.0,0.0
2026-05-14T00:00,0.0,0.0,0.0,0.0,-0.7,2.07,3.3,98,92,1360.0,1,0.332,250.0,80.0,0,0.0,3,0,0.0,-1,-1,-1,-1,0.0,0.0
2026-05-14T01:00,0.0,0.0,0.07,0.0,0.8,1.85,4.3,180,80,8440.0,1,0.332,120.0,495.0,0,0.0,71,0,0.0,-1,-1,-1,-1,0.0,0.0
2026-05-14T02:00,0.0,0.0,0.07,0.0,2.8,3.18,7.4,208,33,43240.0,1,0.332,130.0,760.0,0,0.0,71,0,0.0,-1,-1,-1,-1,0.0,0.0
2026-05-14T03:00,0.0,0.0,0.0,0.0,6.0,4.23,9.8,231,75,30620.0,1,0.331,300.0,1800.0,0,0.0,2,0,0.0,-1,-1,-1,-1,0.0,0.0
2026-05-14T04:00,0.0,1.0,0.07,0.0,8.1,5.14,10.8,257,41,18520.0,1,0.33,490.0,2880.0,0,0.0,85,0,0.0,-1,-1,-1,-1,0.0,0.0
2026-05-14T05:00,0.0,1.0,0.07,0.0,9.7,6.14,12.1,256,84,34360.0,1,0.33,360.0,3310.0,0,0.0,85,0,0.0,-1,-1,-1,-1,0.0,0.0
2026-05-14T06:00,0.0,1.0,0.07,0.0,8.6,6.3,13.8,254,62,34520.0,1,0.34,170.0,2595.0,0,0.0,85,0,0.0,-1,-1,-1,-1,0.0,0.0
2026-05-14T07:00,0.0,1.0,0.07,0.0,8.9,5.0,12.4,248,91,36580.0,1,0.338,0.0,2515.0,0,0.0,85,0,0.0,-1,-1,-1,-1,0.0,0.0
2026-05-14T08:00,0.0,0.0,0.0,0.0,8.6,4.53,10.7,263,88,39480.0,1,0.337,0.0,2325.0,0,0.0,3,0,0.0,-1,-1,-1,-1,0.0,0.0
2026-05-14T09:00,0.0,0.0,0.0,0.0,8.3,5.33,10.6,253,82,31860.0,1,0.335,10.0,2155.0,0,0.0,3,0,0.0,-1,-1,-1,-1,0.0,0.0
2026-05-14T10:00,0.0,0.0,0.0,0.0,7.9,5.13,10.6,257,92,29740.0,1,0.335,90.0,2240.0,0,0.0,3,0,0.0,-1,-1,-1,-1,0.0,0.0
2026-05-14T11:00,0.0,1.0,0.07,0.0,6.5,2.69,9.9,209,100,62820.0,1,0.334,30.0,1770.0,0,0.0,85,0,0.0,-1,-1,-1,-1,0.0,0.0
2026-05-14T12:00,0.0,0.0,0.0,0.0,1.7,4.24,6.9,146,100,4560.0,1,0.345,60.0,345.0,0,0.0,3,0,0.0,-1,-1,-1,-1,0.0,0.0
2026-05-14T13:00,0.0,0.8,0.7,0.01,0.9,3.06,8.0,96,100,3860.0,0,0.346,80.0,200.0,0,0.0,85,0,0.0,-1,-1,-1,-1,0.0,0.0
2026-05-14T14:00,0.0,0.667,0.42,0.01,0.9,2.54,7.4,126,93,15900.0,0,0.348,60.0,150.0,0,0.0,85,0,0.0,-1,-1,-1,-1,0.0,0.0
2026-05-14T15:00,0.0,0.0,0.0,0.01,-1.0,0.97,4.3,111,93,21100.0,0,0.348,110.0,30.0,0,0.0,3,0,0.0,-1,-1,-1,-1,0.0,0.0
2026-05-14T16:00,0.0,0.0,0.0,0.01,-1.5,1.55,2.4,94,88,34800.0,0,0.348,130.0,40.0,0,0.0,3,0,0.0,-1,-1,-1,-1,0.0,0.0
2026-05-14T17:00,0.0,0.0,0.0,0.01,-2.3,1.55,3.0,105,100,1200.0,0,0.348,160.0,40.0,0,0.0,3,0,0.0,-1,-1,-1,-1,0.0,0.0
2026-05-14T18:00,0.0,0.0,0.0,0.01,-2.6,0.91,3.8,96,100,360.0,0,0.347,190.0,20.0,0,0.0,3,0,0.0,-1,-1,-1,-1,0.0,0.0
2026-05-14T19:00,0.0,0.0,0.0,0.01,-2.8,0.87,1.5,114,100,180.0,0,0.346,180.0,25.0,0,0.0,3,0,0.0,-1,-1,-1,-1,0.0,0.0
2026-05-14T20:00,0.0,0.0,0.0,0.01,-2.2,1.91,3.2,131,96,49580.0,0,0.346,220.0,70.0,0,0.0,3,0,0.0,-1,-1,-1,-1,0.0,0.0
2026-05-14T21:00,0.0,0.0,0.0,0.01,-2.4,0.5,3.0,96,98,51080.0,0,0.346,230.0,40.0,0,0.0,3,0,0.0,-1,-1,-1,-1,0.0,0.0
2026-05-14T22:00,0.0,0.0,0.0,0.01,-2.3,0.43,1.3,339,88,500.0,0,0.345,140.0,30.0,0,0.0,3,0,0.0,-1,-1,-1,-1,0.0,0.0
2026-05-14T23:00,0.0,0.0,0.0,0.01,-2.6,0.45,1.3,297,56,280.0,1,0.345,70.0,30.0,0,0.0,2,0,0.0,-1,-1,-1,-1,0.0,0.0
2026-05-15T00:00,0.0,0.0,0.0,0.0,-2.3,1.88,3.6,299,100,140.0,1,0.335,40.0,210.0,0,0.0,3,0,0.0,-1,-1,-1,-1,0.0,0.0
2026-05-15T01:00,0.0,0.0,0.0,0.0,-1.6,2.1,5.3,308,99,380.0,1,0.335,40.0,255.0,0,0.0,3,0,0.0,-1,-1,-1,-1,0.0,0.0
2026-05-15T02:00,0.0,0.0,0.0,0.0,0.9,2.4,6.0,306,48,2280.0,1,0.334,30.0,560.0,0,0.0,1,0,0.0,-1,-1,-1,-1,0.0,0.0
2026-05-15T03:00,0.0,0.0,0.0,0.0,4.0,3.11,7.5,281,48,2220.0,1,0.333,20.0,1320.0,0,0.0,1,0,0.0,-1,-1,-1,-1,0.0,0.0
2026-05-15T04:00,0.0,0.0,0.0,0.0,6.4,4.11,9.2,286,41,2580.0,1,0.332,20.0,2195.0,0,0.0,1,0,0.0,-1,-1,-1,-1,0.0,0.0
2026-05-15T05:00,0.0,1.0,0.07,0.0,7.9,4.76,10.3,289,41,3780.0,1,0.33,10.0,2670.0,0,0.0,85,0,0.0,-1,-1,-1,-1,0.0,0.0
2026-05-15T06:00,0.0,0.0,0.0,0.0,8.6,5.66,12.0,274,69,66780.0,1,0.334,0.0,2610.0,0,0.0,2,0,0.0,-1,-1,-1,-1,0.0,0.0
2026-05-15T07:00,0.0,1.0,0.07,0.0,9.6,5.82,11.9,261,38,66780.0,1,0.332,0.0,2675.0,0,0.0,85,0,0.0,-1,-1,-1,-1,0.0,0.0
2026-05-15T08:00,0.0,0.0,0.0,0.0,8.9,4.75,11.9,253,16,64640.0,1,0.33,0.0,2125.0,0,0.0,0,0,0.0,-1,-1,-1,-1,0.0,0.0
2026-05-15T09:00,0.0,0.0,0.0,0.0,9.5,3.87,10.1,256,83,66780.0,1,0.328,0.0,2345.0,0,0.0,3,0,0.0,-1,-1,-1,-1,0.0,0.0
2026-05-15T10:00,0.0,0.0,0.0,0.0,8.7,1.99,8.7,205,34,66780.0,1,0.326,0.0,2445.0,0,0.0,1,0,0.0,-1,-1,-1,-1,0.0,0.0
2026-05-15T11:00,0.0,0.0,0.0,0.0,7.2,4.26,8.0,129,59,65080.0,1,0.326,0.0,1185.0,0,0.0,2,0,0.0,-1,-1,-1,-1,0.0,0.0
2026-05-15T12:00,0.0,0.0,0.0,0.0,5.6,5.85,9.2,131,90,43580.0,1,0.333,0.0,500.0,0,0.0,3,0,0.0,-1,-1,-1,-1,0.0,0.0
2026-05-15T13:00,0.0,0.0,0.0,0.0,2.2,5.51,11.8,121,97,30660.0,0,0.333,20.0,230.0,0,0.0,3,0,0.0,-1,-1,-1,-1,0.0,0.0
2026-05-15T14:00,0.0,0.0,0.0,0.0,3.3,5.35,9.2,115,97,14640.0,0,0.333,20.0,470.0,0,0.0,3,0,0.0,-1,-1,-1,-1,0.0,0.0
2026-05-15T15:00,0.0,0.0,0.07,0.0,2.5,4.46,8.9,103,99,13640.0,0,0.333,30.0,270.0,0,0.0,71,0,0.0,-1,-1,-1,-1,0.0,0.0
2026-05-15T16:00,0.0,0.667,0.21,0.0,1.2,5.55,9.3,116,98,9560.0,0,0.333,10.0,480.0,0,0.0,85,0,0.0,-1,-1,-1,-1,0.0,0.0
2026-05-15T17:00,0.0,1.0,1.4,0.01,-0.7,4.1,9.2,91,91,10300.0,0,0.333,10.0,250.0,0,0.0,86,0,0.0,-1,-1,-1,-1,0.0,0.0
2026-05-15T18:00,0.0,0.0,0.07,0.01,-0.8,2.8,6.9,80,98,6760.0,0,0.337,20.0,225.0,0,0.0,71,0,0.0,-1,-1,-1,-1,0.0,0.0
2026-05-15T19:00,0.0,0.917,0.84,0.02,-1.2,3.05,7.4,93,91,5220.0,0,0.337,20.0,200.0,0,0.0,86,0,0.0,-1,-1,-1,-1,0.0,0.0
2026-05-15T20:00,0.0,1.0,0.77,0.03,-2.4,2.83,6.6,122,91,12920.0,0,0.337,0.0,155.0,0,0.0,85,1,0.0,7,0,1,107,0.0,0.6
2026-05-15T21:00,0.0,0.5,0.14,0.04,-3.3,2.24,4.6,129,88,16320.0,0,0.337,0.0,90.0,0,0.0,85,0,0.0,-1,-1,-1,-1,0.0,0.0
2026-05-15T22:00,0.0,0.0,0.0,0.04,-4.5,1.57,3.6,121,86,1420.0,0,0.337,0.0,45.0,0,0.0,3,0,0.0,-1,-1,-1,-1,0.0,0.0
2026-05-15T23:00,0.0,0.0,0.0,0.04,-4.2,0.96,2.5,99,88,1600.0,1,0.336,0.0,30.0,0,0.0,3,0,0.0,-1,-1,-1,-1,0.0,0.0
2026-05-16T00:00,0.0,0.0,0.0,0.03,-0.7,2.38,1.8,229,80,39540.0,1,0.333,60.0,425.0,0,0.0,3,0,0.0,-1,-1,-1,-1,0.0,0.0
2026-05-16T01:00,0.0,0.0,0.0,0.03,1.6,3.75,6.1,254,85,20800.0,1,0.333,110.0,790.0,0,0.0,3,0,0.0,-1,-1,-1,-1,0.0,0.0
2026-05-16T02:00,0.0,1.0,1.19,0.04,1.9,5.65,10.2,270,67,6300.0,1,0.333,70.0,700.0,0,0.0,86,0,0.0,-1,-1,-1,-1,0.0,0.0
2026-05-16T03:00,0.0,0.833,0.42,0.04,3.4,4.05,9.9,286,95,23660.0,1,0.333,170.0,1265.0,0,0.0,85,0,0.0,-1,-1,-1,-1,0.0,0.0
2026-05-16T04:00,0.0,1.0,0.7,0.04,3.6,3.52,7.5,300,77,9160.0,1,0.343,100.0,1225.0,0,0.0,85,0,0.0,-1,-1,-1,-1,0.0,0.0
2026-05-16T05:00,0.0,1.0,0.14,0.03,4.9,2.55,6.6,286,97,13160.0,1,0.356,160.0,1545.0,0,0.0,85,0,0.0,-1,-1,-1,-1,0.0,0.0
2026-05-16T06:00,0.0,1.0,0.07,0.03,5.3,1.72,5.3,343,99,9760.0,1,0.371,120.0,1550.0,0,0.0,85,0,0.0,-1,-1,-1,-1,0.0,0.0
2026-05-16T07:00,0.0,0.941,1.19,0.02,2.8,2.99,5.8,218,92,3060.0,1,0.381,10.0,520.0,0,0.0,86,0,0.0,-1,-1,-1,-1,0.0,0.0
2026-05-16T08:00,0.0,0.5,0.28,0.02,4.0,1.48,6.0,135,77,41400.0,1,0.392,10.0,375.0,0,0.0,85,0,0.0,-1,-1,-1,-1,0.0,0.0
2026-05-16T09:00,0.0,0.5,0.14,0.02,4.8,1.16,3.6,245,67,7880.0,1,0.4,60.0,1235.0,0,0.0,85,0,0.0,-1,-1,-1,-1,0.0,0.0
2026-05-16T10:00,0.0,1.0,0.07,0.02,5.1,0.96,3.6,279,92,44220.0,1,0.403,40.0,1150.0,0,0.0,85,0,0.0,-1,-1,-1,-1,0.0,0.0
2026-05-16T11:00,0.0,0.0,0.0,0.02,5.0,2.6,5.1,3,82,35920.0,1,0.403,10.0,1280.0,0,0.0,3,0,0.0,-1,-1,-1,-1,0.0,0.0
2026-05-16T12:00,0.0,0.0,0.07,0.01,2.7,2.17,9.0,142,95,18020.0,1,0.39,130.0,200.0,0,0.0,71,0,0.0,-1,-1,-1,-1,0.0,0.0
2026-05-16T13:00,0.0,1.0,0.91,0.02,-0.5,2.39,4.9,53,96,6200.0,0,0.388,40.0,105.0,0,0.0,86,0,0.0,-1,-1,-1,-1,0.0,0.0
2026-05-16T14:00,0.0,0.5,0.14,0.02,-0.4,3.49,5.5,77,89,36980.0,0,0.387,0.0,135.0,0,0.0,85,0,0.0,-1,-1,-1,-1,0.0,0.0
2026-05-16T15:00,0.0,0.0,0.0,0.02,-2.0,2.63,5.5,99,98,49200.0,0,0.385,10.0,80.0,0,0.0,3,0,0.0,-1,-1,-1,-1,0.0,0.0
2026-05-16T16:00,0.0,0.0,0.0,0.02,-2.3,1.98,4.4,106,99,44020.0,0,0.382,20.0,65.0,0,0.0,3,0,0.0,-1,-1,-1,-1,0.0,0.0
2026-05-16T17:00,0.0,0.0,0.0,0.02,-2.5,1.03,3.2,61,97,1700.0,0,0.38,30.0,25.0,0,0.0,3,0,0.0,-1,-1,-1,-1,0.0,0.0
2026-05-16T18:00,0.0,0.0,0.0,0.02,-3.4,1.03,2.0,76,95,840.0,0,0.376,80.0,30.0,0,0.0,3,0,0.0,-1,-1,-1,-1,0.0,0.0
2026-05-16T19:00,0.0,0.0,0.0,0.02,-3.6,0.94,2.0,65,100,340.0,0,0.374,130.0,20.0,0,0.0,3,0,0.0,-1,-1,-1,-1,0.0,0.0
2026-05-16T20:00,0.0,0.0,0.0,0.02,-4.5,1.27,2.6,64,99,180.0,0,0.373,140.0,25.0,0,0.0,3,0,0.0,-1,-1,-1,-1,0.0,0.0
2026-05-16T21:00,0.0,0.0,0.0,0.02,-4.2,1.87,3.4,81,100,140.0,0,0.372,120.0,35.0,0,0.0,3,0,0.0,-1,-1,-1,-1,0.0,0.0
2026-05-16T22:00,0.0,0.0,0.0,0.02,-3.4,1.74,3.8,102,100,120.0,0,0.37,100.0,55.0,0,0.0,3,0,0.0,-1,-1,-1,-1,0.0,0.0
2026-05-16T23:00,0.0,0.0,0.0,0.02,-3.1,1.33,3.4,110,100,100.0,1,0.369,60.0,80.0,0,0.0,3,0,0.0,-1,-1,-1,-1,0.0,0.0
2026-05-17T00:00,0.0,0.0,0.0,0.0,-1.1,1.95,3.0,119,100,160.0,1,0.37,30.0,230.0,0,0.0,3,0,0.0,-1,-1,-1,-1,0.0,0.0
2026-05-17T01:00,0.0,0.0,0.0,0.0,-0.2,2.11,4.9,104,100,340.0,1,0.369,110.0,295.0,0,0.0,3,0,0.0,-1,-1,-1,-1,0.0,0.0
2026-05-17T02:00,0.0,0.0,0.0,0.0,1.8,2.96,6.5,109,99,2160.0,1,0.368,140.0,565.0,0,0.0,3,0,0.0,-1,-1,-1,-1,0.0,0.0
2026-05-17T03:00,0.0,0.0,0.0,0.0,4.6,2.75,7.4,115,39,5160.0,1,0.367,220.0,960.0,0,0.0,1,0,0.0,-1,-1,-1,-1,0.0,0.0
2026-05-17T04:00,0.0,1.0,0.07,0.0,6.8,3.42,8.2,128,58,5360.0,1,0.366,250.0,1630.0,0,0.0,85,0,0.0,-1,-1,-1,-1,0.0,0.0
2026-05-17T05:00,0.0,1.0,0.07,0.0,7.9,3.86,9.0,137,82,6100.0,1,0.366,490.0,1895.0,0,0.0,85,0,0.0,-1,-1,-1,-1,0.0,0.0
2026-05-17T06:00,0.1,0.667,0.14,0.0,7.1,3.89,9.0,136,86,8260.0,1,0.367,150.0,1470.0,0,0.0,85,0,0.0,-1,-1,-1,-1,0.0,0.0
2026-05-17T07:00,0.0,1.0,0.21,0.01,7.0,2.95,8.1,105,97,7160.0,1,0.367,190.0,1495.0,0,0.0,85,0,0.0,-1,-1,-1,-1,0.0,0.0
2026-05-17T08:00,0.0,1.0,1.61,0.01,4.0,2.07,7.1,188,98,3320.0,1,0.369,10.0,805.0,0,0.0,86,0,0.0,-1,-1,-1,-1,0.0,0.0
2026-05-17T09:00,0.0,0.778,0.63,0.01,2.7,0.81,6.2,43,98,5180.0,1,0.376,0.0,260.0,0,0.0,85,0,0.0,-1,-1,-1,-1,0.0,0.0
2026-05-17T10:00,0.0,0.5,0.14,0.01,4.5,4.64,8.1,323,95,9720.0,1,0.382,30.0,815.0,0,0.0,85,0,0.0,-1,-1,-1,-1,0.0,0.0
2026-05-17T11:00,0.0,0.0,0.0,0.01,3.5,0.92,9.5,311,99,59740.0,1,0.385,40.0,265.0,0,0.0,3,0,0.0,-1,-1,-1,-1,0.0,0.0
2026-05-17T12:00,0.0,0.0,0.0,0.02,2.0,1.26,3.5,34,99,15760.0,1,0.391,50.0,505.0,0,0.0,3,0,0.0,-1,-1,-1,-1,0.0,0.0
2026-05-17T13:00,0.0,0.0,0.07,0.02,0.6,2.13,3.4,30,98,15980.0,0,0.391,40.0,220.0,0,0.0,71,0,0.0,-1,-1,-1,-1,0.0,0.0
2026-05-17T14:00,0.0,0.0,0.07,0.02,-0.2,2.41,3.7,34,93,23540.0,0,0.389,20.0,200.0,0,0.0,71,0,0.0,-1,-1,-1,-1,0.0,0.0
2026-05-17T15:00,0.0,0.0,0.0,0.02,-0.7,2.26,3.8,35,58,36660.0,0,0.387,10.0,170.0,0,0.0,2,0,0.0,-1,-1,-1,-1,0.0,0.0
2026-05-17T16:00,0.0,0.0,0.0,0.02,-2.4,1.98,3.6,43,43,51120.0,0,0.385,10.0,80.0,0,0.0,1,0,0.0,-1,-1,-1,-1,0.0,0.0
2026-05-17T17:00,0.0,0.0,0.0,0.02,-3.2,2.48,4.0,48,15,52600.0,0,0.383,0.0,60.0,0,0.0,0,0,0.0,-1,-1,-1,-1,0.0,0.0
2026-05-17T18:00,0.0,0.0,0.0,0.02,-3.2,1.82,4.1,69,98,47820.0,0,0.38,0.0,55.0,0,0.0,3,0,0.0,-1,-1,-1,-1,0.0,0.0
2026-05-17T19:00,0.0,0.0,0.0,0.02,-3.9,1.25,3.0,74,95,44900.0,0,0.378,0.0,25.0,0,0.0,3,0,0.0,-1,-1,-1,-1,0.0,0.0
2026-05-17T20:00,0.0,0.0,0.0,0.02,-4.3,0.7,2.1,69,91,3920.0,0,0.377,0.0,15.0,0,0.0,3,0,0.0,-1,-1,-1,-1,0.0,0.0
2026-05-17T21:00,0.0,0.0,0.0,0.02,-3.6,0.54,1.4,56,100,1500.0,0,0.376,0.0,15.0,0,0.0,3,0,0.0,-1,-1,-1,-1,0.0,0.0
2026-05-17T22:00,0.0,0.0,0.0,0.02,-1.6,0.72,2.3,65,100,36620.0,0,0.375,10.0,50.0,0,0.0,3,0,0.0,-1,-1,-1,-1,0.0,0.0
2026-05-17T23:00,0.0,0.0,0.0,0.02,-1.1,1.09,2.2,164,85,2700.0,1,0.374,10.0,205.0,0,0.0,3,0,0.0,-1,-1,-1,-1,0.0,0.0
2026-05-18T00:00,0.0,0.0,0.0,0.01,-2.7,1.0,3.4,93,73,660.0,1,0.372,0.0,50.0,0,0.0,2,0,0.0,-1,-1,-1,-1,0.0,0.0
2026-05-18T01:00,0.0,1.0,0.07,0.01,-1.2,0.4,3.4,173,91,17000.0,1,0.371,0.0,120.0,0,0.0,85,0,0.0,-1,-1,-1,-1,0.0,0.0
2026-05-18T02:00,0.0,1.0,0.07,0.01,1.4,1.7,7.5,227,73,2360.0,1,0.37,90.0,665.0,0,0.0,85,0,0.0,-1,-1,-1,-1,0.0,0.0
2026-05-18T03:00,0.0,1.0,0.07,0.01,3.4,3.85,9.7,254,95,3400.0,1,0.369,230.0,1280.0,0,0.0,85,0,0.0,-1,-1,-1,-1,0.0,0.0
2026-05-18T04:00,0.0,1.0,0.07,0.01,5.1,6.1,11.8,268,93,8820.0,1,0.37,190.0,1715.0,0,0.0,85,0,0.0,-1,-1,-1,-1,0.0,0.0
2026-05-18T05:00,0.0,1.0,0.07,0.01,6.6,6.58,12.5,279,95,10680.0,1,0.372,360.0,2065.0,0,0.0,85,0,0.0,-1,-1,-1,-1,0.0,0.0
2026-05-18T06:00,0.0,0.0,0.0,0.01,8.2,6.53,13.0,295,80,36840.0,1,0.378,420.0,2595.0,0,0.0,3,0,0.0,-1,-1,-1,-1,0.0,0.0
2026-05-18T07:00,0.0,1.0,0.07,0.01,8.4,7.4,14.6,296,98,56520.0,1,0.38,250.0,2770.0,0,0.0,85,0,0.0,-1,-1,-1,-1,0.0,0.0
2026-05-18T08:00,0.0,0.0,0.0,0.0,8.8,8.27,15.2,288,60,61120.0,1,0.38,120.0,2765.0,0,0.0,2,0,0.0,-1,-1,-1,-1,0.0,0.0
2026-05-18T09:00,0.0,0.0,0.0,0.0,9.3,7.92,15.2,294,44,67100.0,1,0.379,30.0,3280.0,0,0.0,1,0,0.0,-1,-1,-1,-1,0.0,0.0
2026-05-18T10:00,0.0,0.0,0.0,0.0,9.6,9.2,16.0,303,48,67100.0,1,0.378,110.0,4170.0,0,0.0,1,0,0.0,-1,-1,-1,-1,0.0,0.0
2026-05-18T11:00,0.0,0.0,0.0,0.0,8.4,8.46,16.2,309,0,67120.0,1,0.377,0.0,3350.0,0,0.0,0,0,0.0,-1,-1,-1,-1,0.0,0.0
2026-05-18T12:00,0.0,0.0,0.0,0.0,6.6,6.01,14.4,303,0,67120.0,1,0.388,0.0,2290.0,0,0.0,0,0,0.0,-1,-1,-1,-1,0.0,0.0
2026-05-18T13:00,0.0,0.0,0.0,0.0,2.4,2.94,10.0,313,0,67100.0,0,0.387,0.0,195.0,0,0.0,0,0,0.0,-1,-1,-1,-1,0.0,0.0
2026-05-18T14:00,0.0,0.0,0.0,0.0,0.3,2.28,4.8,345,0,67120.0,0,0.385,0.0,85.0,0,0.0,0,0,0.0,-1,-1,-1,-1,0.0,0.0
2026-05-18T15:00,0.0,0.0,0.0,0.0,-0.3,2.25,3.7,3,1,67120.0,0,0.384,0.0,70.0,0,0.0,0,0,0.0,-1,-1,-1,-1,0.0,0.0
2026-05-18T16:00,0.0,0.0,0.0,0.0,-1.0,1.87,3.7,16,2,67120.0,0,0.383,0.0,45.0,0,0.0,0,0,0.0,-1,-1,-1,-1,0.0,0.0
2026-05-18T17:00,0.0,0.0,0.0,0.0,-0.9,0.32,2.9,252,1,67140.0,0,0.382,0.0,15.0,0,0.0,0,0,0.0,-1,-1,-1,-1,0.0,0.0
2026-05-18T18:00,0.0,0.0,0.0,0.0,-1.0,0.51,1.2,29,2,67140.0,0,0.385,0.0,15.0,0,0.0,0,0,0.0,-1,-1,-1,-1,0.0,0.0
2026-05-18T19:00,0.0,0.0,0.0,0.0,-1.1,0.43,1.4,21,0,67160.0,0,0.384,0.0,15.0,0,0.0,0,0,0.0,-1,-1,-1,-1,0.0,0.0
2026-05-18T20:00,0.0,0.0,0.0,0.0,-1.6,0.22,1.3,153,2,67160.0,0,0.382,0.0,15.0,0,0.0,0,0,0.0,-1,-1,-1,-1,0.0,0.0
2026-05-18T21:00,0.0,0.0,0.0,0.0,-2.7,0.71,1.4,188,0,67140.0,0,0.381,0.0,30.0,0,0.0,0,0,0.0,-1,-1,-1,-1,0.0,0.0
2026-05-18T22:00,0.0,0.0,0.0,0.0,-3.4,0.86,1.7,187,0,67160.0,0,0.381,0.0,25.0,0,0.0,0,0,0.0,-1,-1,-1,-1,0.0,0.0
2026-05-18T23:00,0.0,0.0,0.0,0.0,-3.2,0.35,1.6,352,0,67160.0,1,0.38,0.0,15.0,0,0.0,0,0,0.0,-1,-1,-1,-1,0.0,0.0
2026-05-19T00:00,0.0,0.0,0.0,0.0,-0.6,0.81,1.5,22,0,64760.0,1,0.383,0.0,30.0,0,0.0,0,0,0.0,-1,-1,-1,-1,0.0,0.0
2026-05-19T01:00,0.0,0.0,0.0,0.0,2.4,0.6,2.8,228,0,67180.0,1,0.382,0.0,300.0,0,0.0,0,0,0.0,-1,-1,-1,-1,0.0,0.0
2026-05-19T02:00,0.0,0.0,0.0,0.0,4.6,1.95,5.4,220,0,67180.0,1,0.38,0.0,655.0,0,0.0,0,0,0.0,-1,-1,-1,-1,0.0,0.0
2026-05-19T03:00,0.0,0.0,0.0,0.0,6.8,2.77,6.9,244,0,67220.0,1,0.378,0.0,1160.0,0,0.0,0,0,0.0,-1,-1,-1,-1,0.0,0.0
2026-05-19T04:00,0.0,0.0,0.0,0.0,8.9,3.45,8.2,271,27,61940.0,1,0.376,20.0,2105.0,0,0.0,1,0,0.0,-1,-1,-1,-1,0.0,0.0
2026-05-19T05:00,0.0,0.0,0.0,0.0,10.1,4.31,9.3,279,74,67240.0,1,0.373,0.0,2620.0,0,0.0,2,0,0.0,-1,-1,-1,-1,0.0,0.0
2026-05-19T06:00,0.0,0.0,0.0,0.0,10.2,4.25,9.5,267,59,67260.0,1,0.371,0.0,2680.0,0,0.0,2,0,0.0,-1,-1,-1,-1,0.0,0.0
2026-05-19T07:00,0.0,0.0,0.0,0.0,10.8,5.83,11.5,265,54,67260.0,1,0.368,0.0,2925.0,0,0.0,2,0,0.0,-1,-1,-1,-1,0.0,0.0
2026-05-19T08:00,0.0,0.0,0.0,0.0,11.2,7.11,13.3,267,69,67280.0,1,0.366,0.0,2760.0,0,0.0,2,0,0.0,-1,-1,-1,-1,0.0,0.0
2026-05-19T09:00,0.0,1.0,0.07,0.0,10.6,7.8,14.0,269,60,67280.0,1,0.365,0.0,2690.0,0,0.0,85,0,0.0,-1,-1,-1,-1,0.0,0.0
2026-05-19T10:00,0.0,0.0,0.0,0.0,10.4,7.1,14.6,268,59,67280.0,1,0.363,0.0,2540.0,0,0.0,2,0,0.0,-1,-1,-1,-1,0.0,0.0
2026-05-19T11:00,0.0,0.0,0.0,0.0,10.1,5.41,12.6,251,30,67300.0,1,0.363,0.0,2690.0,0,0.0,1,0,0.0,-1,-1,-1,-1,0.0,0.0
2026-05-19T12:00,0.0,0.0,0.0,0.0,9.1,2.47,9.6,277,13,67280.0,1,0.345,10.0,975.0,0,0.0,0,0,0.0,-1,-1,-1,-1,0.0,0.0
2026-05-19T13:00,0.0,0.0,0.0,0.0,5.1,2.98,4.8,205,26,67280.0,0,0.346,10.0,200.0,0,0.0,1,0,0.0,-1,-1,-1,-1,0.0,0.0
2026-05-19T14:00,0.0,0.0,0.0,0.0,3.5,2.7,4.9,191,36,67300.0,0,0.346,20.0,185.0,0,0.0,1,0,0.0,-1,-1,-1,-1,0.0,0.0
2026-05-19T15:00,0.0,0.0,0.0,0.0,2.4,1.96,4.4,174,20,67300.0,0,0.346,10.0,60.0,0,0.0,1,0,0.0,-1,-1,-1,-1,0.0,0.0
2026-05-19T16:00,0.0,0.0,0.0,0.0,1.5,1.72,3.0,126,35,67280.0,0,0.347,20.0,55.0,0,0.0,1,0,0.0,-1,-1,-1,-1,0.0,0.0
2026-05-19T17:00,0.0,0.0,0.0,0.0,1.3,0.96,2.6,84,45,67300.0,0,0.347,30.0,35.0,0,0.0,1,0,0.0,-1,-1,-1,-1,0.0,0.0
2026-05-19T18:00,0.0,0.0,0.0,0.0,0.3,1.46,2.0,82,21,64880.0,0,0.349,10.0,35.0,0,0.0,1,0,0.0,-1,-1,-1,-1,0.0,0.0
2026-05-19T19:00,0.0,0.0,0.0,0.0,-1.0,1.5,2.5,94,8,64900.0,0,0.349,20.0,30.0,0,0.0,0,0,0.0,-1,-1,-1,-1,0.0,0.0
2026-05-19T20:00,0.0,0.0,0.0,0.0,-1.5,1.71,2.9,97,68,64900.0,0,0.35,50.0,30.0,0,0.0,2,0,0.0,-1,-1,-1,-1,0.0,0.0
2026-05-19T21:00,0.0,0.0,0.0,0.0,-1.7,1.82,3.0,99,100,62360.0,0,0.35,140.0,35.0,0,0.0,3,0,0.0,-1,-1,-1,-1,0.0,0.0
2026-05-19T22:00,0.0,0.0,0.0,0.0,-0.5,1.9,3.2,113,58,64920.0,0,0.35,150.0,35.0,0,0.0,2,0,0.0,-1,-1,-1,-1,0.0,0.0
2026-05-19T23:00,0.0,0.0,0.0,0.0,-1.6,2.35,3.8,119,8,62380.0,1,0.35,150.0,40.0,0,0.0,0,0,0.0,-1,-1,-1,-1,0.0,0.0
2026-05-20T00:00,0.0,0.0,0.0,0.0,1.8,1.7,4.3,87,50,62380.0,1,0.35,180.0,30.0,0,0.0,2,0,0.0,-1,-1,-1,-1,0.0,0.0
2026-05-20T01:00,0.0,0.0,0.0,0.0,5.6,1.3,3.7,148,48,67360.0,1,0.35,170.0,385.0,0,0.0,1,0,0.0,-1,-1,-1,-1,0.0,0.0
2026-05-20T02:00,0.0,0.0,0.0,0.0,7.5,1.36,4.5,216,13,67360.0,1,0.349,140.0,590.0,0,0.0,0,0,0.0,-1,-1,-1,-1,0.0,0.0
2026-05-20T03:00,0.0,0.0,0.0,0.0,9.9,2.1,5.9,267,27,67380.0,1,0.348,130.0,1490.0,0,0.0,1,0,0.0,-1,-1,-1,-1,0.0,0.0
2026-05-20T04:00,0.0,0.0,0.0,0.0,10.2,6.1,11.4,263,96,8400.0,1,0.346,360.0,1950.0,0,0.0,3,0,0.0,-1,-1,-1,-1,0.0,0.0
2026-05-20T05:00,0.1,1.0,0.14,0.0,11.3,6.36,14.1,259,93,67400.0,1,0.347,40.0,2220.0,0,0.0,85,0,0.0,-1,-1,-1,-1,0.0,0.0
2026-05-20T06:00,0.0,0.0,0.0,0.0,12.4,5.26,12.2,258,37,67420.0,1,0.341,60.0,2625.0,0,0.0,1,0,0.0,-1,-1,-1,-1,0.0,0.0
2026-05-20T07:00,0.0,0.0,0.0,0.0,13.3,4.88,10.8,255,58,67440.0,1,0.339,0.0,2805.0,0,0.0,2,0,0.0,-1,-1,-1,-1,0.0,0.0
2026-05-20T08:00,0.3,1.0,0.07,0.0,13.1,4.4,10.3,262,48,67460.0,1,0.339,20.0,2845.0,0,0.0,85,1,0.0,8,0,1,79,0.0,0.6
2026-05-20T09:00,0.1,1.0,0.07,0.0,12.9,3.73,9.4,231,53,67460.0,1,0.34,10.0,3055.0,0,0.0,85,0,0.0,-1,-1,-1,-1,0.0,0.0
2026-05-20T10:00,0.0,0.0,0.0,0.0,12.6,4.7,9.1,199,77,67480.0,1,0.339,0.0,2580.0,0,0.0,2,0,0.0,-1,-1,-1,-1,0.0,0.0
2026-05-20T11:00,0.0,0.0,0.0,0.0,11.4,5.17,9.7,223,13,67460.0,1,0.338,40.0,1720.0,0,0.0,0,0,0.0,-1,-1,-1,-1,0.0,0.0
2026-05-20T12:00,0.0,0.0,0.0,0.0,11.1,3.08,9.1,228,44,67460.0,1,0.328,70.0,900.0,0,0.0,1,0,0.0,-1,-1,-1,-1,0.0,0.0
2026-05-20T13:00,0.0,0.0,0.0,0.0,7.5,3.07,6.7,251,83,67480.0,0,0.328,80.0,265.0,0,0.0,3,0,0.0,-1,-1,-1,-1,0.0,0.0
2026-05-20T14:00,0.0,0.0,0.0,0.0,6.5,0.16,5.1,72,70,67460.0,0,0.328,90.0,10.0,0,0.0,2,0,0.0,-1,-1,-1,-1,0.0,0.0
2026-05-20T15:00,0.0,0.0,0.0,0.0,4.1,1.79,2.8,120,79,65040.0,0,0.329,70.0,50.0,0,0.0,2,0,0.0,-1,-1,-1,-1,0.0,0.0
2026-05-20T16:00,0.0,0.0,0.0,0.0,2.3,2.05,3.2,133,77,25240.0,0,0.329,70.0,50.0,0,0.0,2,0,0.0,-1,-1,-1,-1,0.0,0.0
2026-05-20T17:00,0.0,0.0,0.0,0.0,1.5,0.75,3.3,90,91,37400.0,0,0.33,10.0,30.0,0,0.0,3,0,0.0,-1,-1,-1,-1,0.0,0.0
2026-05-20T18:00,0.0,0.0,0.0,0.0,1.8,3.29,4.7,123,23,50560.0,0,0.295,0.0,90.0,0,0.0,1,0,0.0,-1,-1,-1,-1,0.0,0.0
2026-05-20T19:00,0.0,0.0,0.0,0.0,-0.4,3.53,5.5,128,33,51080.0,0,0.296,0.0,135.0,0,0.0,1,0,0.0,-1,-1,-1,-1,0.0,0.0
2026-05-20T20:00,0.0,0.0,0.0,0.0,-0.6,2.7,5.6,130,38,15460.0,0,0.296,60.0,130.0,0,0.0,1,0,0.0,-1,-1,-1,-1,0.0,0.0
2026-05-20T21:00,0.0,0.0,0.0,0.0,-1.1,1.56,4.3,84,88,51600.0,0,0.297,110.0,60.0,0,0.0,3,0,0.0,-1,-1,-1,-1,0.0,0.0
2026-05-20T22:00,0.0,0.0,0.0,0.0,-0.9,1.57,2.8,81,84,51600.0,0,0.297,130.0,50.0,0,0.0,3,0,0.0,-1,-1,-1,-1,0.0,0.0
2026-05-20T23:00,0.0,0.0,0.0,0.0,-1.2,1.77,2.9,98,16,55120.0,1,0.298,170.0,65.0,0,0.0,0,0,0.0,-1,-1,-1,-1,0.0,0.0
2026-05-21T00:00,0.0,0.0,0.0,0.0,1.9,1.86,3.8,63,30,60600.0,1,0.33,210.0,40.0,0,0.0,1,0,0.0,-1,-1,-1,-1,0.0,0.0
2026-05-21T01:00,0.0,0.0,0.0,0.0,5.2,0.54,3.5,146,59,62560.0,1,0.33,180.0,265.0,0,0.0,2,0,0.0,-1,-1,-1,-1,0.0,0.0
2026-05-21T02:00,0.0,0.0,0.0,0.0,7.4,1.43,4.6,258,61,65120.0,1,0.33,200.0,560.0,0,0.0,2,0,0.0,-1,-1,-1,-1,0.0,0.0
2026-05-21T03:00,0.0,0.0,0.0,0.0,10.0,3.97,8.1,281,72,29760.0,1,0.331,390.0,1355.0,0,0.0,2,0,0.0,-1,-1,-1,-1,0.0,0.0
2026-05-21T04:00,0.0,0.0,0.0,0.0,11.2,5.32,11.3,296,45,67580.0,1,0.332,140.0,2485.0,0,0.0,1,0,0.0,-1,-1,-1,-1,0.0,0.0
2026-05-21T05:00,0.0,0.0,0.0,0.0,12.5,4.96,10.8,292,32,67600.0,1,0.332,20.0,2915.0,0,0.0,1,0,0.0,-1,-1,-1,-1,0.0,0.0
2026-05-21T06:00,0.0,0.0,0.0,0.0,14.3,5.38,10.5,300,59,67620.0,1,0.331,30.0,3685.0,0,0.0,2,0,0.0,-1,-1,-1,-1,0.0,0.0
2026-05-21T07:00,0.0,0.0,0.0,0.0,14.5,5.14,10.9,295,75,67640.0,1,0.328,50.0,3575.0,0,0.0,2,0,0.0,-1,-1,-1,-1,0.0,0.0
2026-05-21T08:00,0.0,0.0,0.0,0.0,15.1,5.2,10.7,288,79,67640.0,1,0.325,70.0,3710.0,0,0.0,2,0,0.0,-1,-1,-1,-1,0.0,0.0
2026-05-21T09:00,0.0,0.0,0.0,0.0,14.9,5.4,11.1,286,56,67640.0,1,0.323,70.0,3715.0,0,0.0,2,0,0.0,-1,-1,-1,-1,0.0,0.0
2026-05-21T10:00,0.0,0.0,0.0,0.0,14.3,4.6,10.6,269,96,67660.0,1,0.321,50.0,3785.0,0,0.0,3,0,0.0,-1,-1,-1,-1,0.0,0.0
2026-05-21T11:00,0.0,0.0,0.0,0.0,13.3,3.52,9.1,264,62,67660.0,1,0.32,20.0,3195.0,0,0.0,2,0,0.0,-1,-1,-1,-1,0.0,0.0
2026-05-21T12:00,0.0,0.0,0.0,0.0,11.4,2.83,6.5,257,24,67660.0,1,0.313,30.0,485.0,0,0.0,1,0,0.0,-1,-1,-1,-1,0.0,0.0
2026-05-21T13:00,0.0,0.0,0.0,0.0,7.6,2.71,4.8,242,6,67660.0,0,0.313,20.0,185.0,0,0.0,0,0,0.0,-1,-1,-1,-1,0.0,0.0
2026-05-21T14:00,0.0,0.0,0.0,0.0,6.1,1.99,4.3,219,0,67660.0,0,0.314,0.0,80.0,0,0.0,0,0,0.0,-1,-1,-1,-1,0.0,0.0
2026-05-21T15:00,0.0,0.0,0.0,0.0,5.5,0.14,3.0,45,0,67680.0,0,0.314,0.0,10.0,0,0.0,0,0,0.0,-1,-1,-1,-1,0.0,0.0
2026-05-21T16:00,0.0,0.0,0.0,0.0,3.9,1.84,3.0,57,0,67660.0,0,0.314,0.0,40.0,0,0.0,0,0,0.0,-1,-1,-1,-1,0.0,0.0
2026-05-21T17:00,0.0,0.0,0.0,0.0,2.6,1.91,3.1,110,0,67660.0,0,0.315,0.0,35.0,0,0.0,0,0,0.0,-1,-1,-1,-1,0.0,0.0
2026-05-21T18:00,0.0,0.0,0.0,0.0,2.1,2.72,4.2,110,35,65240.0,0,0.317,10.0,75.0,0,0.0,1,0,0.0,-1,-1,-1,-1,0.0,0.0
2026-05-21T19:00,0.0,0.0,0.0,0.0,1.5,2.95,4.8,105,0,62700.0,0,0.318,30.0,80.0,0,0.0,0,0,0.0,-1,-1,-1,-1,0.0,0.0
2026-05-21T20:00,0.0,0.0,0.0,0.0,0.7,2.76,4.9,112,77,62700.0,0,0.318,140.0,105.0,0,0.0,2,0,0.0,-1,-1,-1,-1,0.0,0.0
2026-05-21T21:00,0.0,0.0,0.0,0.0,1.4,3.15,5.1,117,96,60760.0,0,0.318,190.0,120.0,0,0.0,3,0,0.0,-1,-1,-1,-1,0.0,0.0
2026-05-21T22:00,0.0,0.0,0.0,0.0,0.9,3.24,5.4,119,20,60760.0,0,0.319,160.0,105.0,0,0.0,1,0,0.0,-1,-1,-1,-1,0.0,0.0
2026-05-21T23:00,0.0,0.0,0.0,0.0,-0.1,2.14,5.2,106,98,58420.0,1,0.319,160.0,65.0,0,0.0,3,0,0.0,-1,-1,-1,-1,0.0,0.0
2026-05-22T00:00,0.0,0.0,0.0,0.0,2.5,2.79,3.6,105,71,58420.0,1,0.321,180.0,60.0,0,0.0,2,0,0.0,-1,-1,-1,-1,0.0,0.0
2026-05-22T01:00,0.0,0.0,0.0,0.0,5.8,1.31,4.5,130,5,27880.0,1,0.321,140.0,225.0,0,0.0,0,0,0.0,-1,-1,-1,-1,0.0,0.0
2026-05-22T02:00,0.0,0.0,0.0,0.0,8.6,0.51,4.1,259,11,65300.0,1,0.32,210.0,745.0,0,0.0,0,0,0.0,-1,-1,-1,-1,0.0,0.0
2026-05-22T03:00,0.0,0.0,0.0,0.0,10.7,1.43,5.3,241,55,65320.0,1,0.319,490.0,1720.0,0,0.0,2,0,0.0,-1,-1,-1,-1,0.0,0.0
2026-05-22T04:00,0.0,0.0,0.0,0.0,12.8,4.56,10.4,257,67,14060.0,1,0.317,380.0,2865.0,0,0.0,2,0,0.0,-1,-1,-1,-1,0.0,0.0
2026-05-22T05:00,0.0,0.0,0.0,0.0,14.4,7.43,14.0,253,95,67800.0,1,0.315,30.0,3045.0,0,0.0,3,0,0.0,-1,-1,-1,-1,0.0,0.0
2026-05-22T06:00,0.0,0.0,0.0,0.0,15.3,7.53,15.1,254,97,67800.0,1,0.313,60.0,3945.0,0,0.0,3,0,0.0,-1,-1,-1,-1,0.0,0.0
2026-05-22T07:00,0.0,0.0,0.0,0.0,15.3,7.2,14.2,250,86,67820.0,1,0.311,40.0,3955.0,0,0.0,3,0,0.0,-1,-1,-1,-1,0.0,0.0
2026-05-22T08:00,0.0,0.0,0.0,0.0,15.8,6.79,13.5,255,95,67820.0,1,0.308,60.0,4075.0,0,0.0,3,0,0.0,-1,-1,-1,-1,0.0,0.0
2026-05-22T09:00,0.0,0.0,0.0,0.0,15.5,7.31,13.8,255,95,67840.0,1,0.306,70.0,4050.0,0,0.0,3,0,0.0,-1,-1,-1,-1,0.0,0.0
2026-05-22T10:00,0.0,0.0,0.0,0.0,15.0,5.62,13.4,249,100,67840.0,1,0.304,100.0,3530.0,0,0.0,3,0,0.0,-1,-1,-1,-1,0.0,0.0
2026-05-22T11:00,0.0,0.0,0.0,0.0,14.2,5.18,10.5,248,76,67840.0,1,0.303,20.0,3400.0,0,0.0,2,0,0.0,-1,-1,-1,-1,0.0,0.0
2026-05-22T12:00,0.0,0.0,0.0,0.0,12.3,4.82,9.5,289,66,67860.0,1,0.299,0.0,990.0,0,0.0,2,0,0.0,-1,-1,-1,-1,0.0,0.0
2026-05-22T13:00,0.0,0.0,0.0,0.0,8.3,2.08,8.0,280,65,67840.0,0,0.299,0.0,135.0,0,0.0,2,0,0.0,-1,-1,-1,-1,0.0,0.0
2026-05-22T14:00,0.0,0.0,0.0,0.0,6.8,1.87,3.2,171,16,67820.0,0,0.3,40.0,125.0,0,0.0,0,0,0.0,-1,-1,-1,-1,0.0,0.0
2026-05-22T15:00,0.0,0.0,0.0,0.0,4.1,2.09,3.9,147,0,62840.0,0,0.3,120.0,130.0,0,0.0,0,0,0.0,-1,-1,-1,-1,0.0,0.0
2026-05-22T16:00,0.0,0.0,0.0,0.0,3.5,2.05,3.3,124,4,62840.0,0,0.301,30.0,80.0,0,0.0,0,0,0.0,-1,-1,-1,-1,0.0,0.0
2026-05-22T17:00,0.0,0.0,0.0,0.0,2.9,2.36,3.9,126,75,62860.0,0,0.301,20.0,85.0,0,0.0,2,0,0.0,-1,-1,-1,-1,0.0,0.0
2026-05-22T18:00,0.0,0.0,0.0,0.0,2.0,1.86,3.8,117,69,60920.0,0,0.291,20.0,60.0,0,0.0,2,0,0.0,-1,-1,-1,-1,0.0,0.0
2026-05-22T19:00,0.0,0.0,0.0,0.0,1.9,2.06,3.4,94,28,60920.0,0,0.291,130.0,65.0,0,0.0,1,0,0.0,-1,-1,-1,-1,0.0,0.0
2026-05-22T20:00,0.0,0.0,0.0,0.0,0.7,3.0,4.9,87,5,58560.0,0,0.292,160.0,70.0,0,0.0,0,0,0.0,-1,-1,-1,-1,0.0,0.0
2026-05-22T21:00,0.0,0.0,0.0,0.0,-0.4,2.76,4.9,95,26,55420.0,0,0.292,110.0,70.0,0,0.0,1,0,0.0,-1,-1,-1,-1,0.0,0.0
2026-05-22T22:00,0.0,0.0,0.0,0.0,-0.4,2.72,4.5,107,5,55440.0,0,0.293,160.0,80.0,0,0.0,0,0,0.0,-1,-1,-1,-1,0.0,0.0
2026-05-22T23:00,0.0,0.0,0.0,0.0,-0.4,2.73,4.5,118,17,4940.0,1,0.293,60.0,90.0,0,0.0,0,0,0.0,-1,-1,-1,-1,0.0,0.0
2026-05-23T00:00,0.0,0.0,0.0,0.0,3.6,4.14,5.8,133,15,6280.0,1,0.312,120.0,240.0,0,0.0,0,0,0.0,-1,-1,-1,-1,0.0,0.0
2026-05-23T01:00,0.0,0.0,0.0,0.0,5.4,4.29,8.3,144,17,12220.0,1,0.312,140.0,620.0,0,0.0,0,0,0.0,-1,-1,-1,-1,0.0,0.0
2026-05-23T02:00,0.0,0.0,0.0,0.0,7.6,3.64,8.3,167,13,13960.0,1,0.312,170.0,850.0,0,0.0,0,0,0.0,-1,-1,-1,-1,0.0,0.0
2026-05-23T03:00,0.0,0.0,0.0,0.0,10.5,4.47,9.9,202,27,15540.0,1,0.311,180.0,1540.0,0,0.0,1,0,0.0,-1,-1,-1,-1,0.0,0.0
2026-05-23T04:00,0.1,1.0,0.0,0.0,11.9,5.77,11.7,222,30,39600.0,1,0.31,150.0,1890.0,0,0.0,51,0,0.0,-1,-1,-1,-1,0.0,0.0
2026-05-23T05:00,0.0,0.0,0.0,0.0,13.8,6.72,12.8,224,29,67960.0,1,0.308,50.0,2485.0,0,0.0,1,0,0.0,-1,-1,-1,-1,0.0,0.0
2026-05-23T06:00,0.0,0.0,0.0,0.0,14.2,6.63,14.7,218,21,67980.0,1,0.306,20.0,2685.0,0,0.0,1,0,0.0,-1,-1,-1,-1,0.0,0.0
2026-05-23T07:00,0.0,0.0,0.0,0.0,14.9,7.54,14.3,213,36,67980.0,1,0.304,0.0,2605.0,0,0.0,1,0,0.0,-1,-1,-1,-1,0.0,0.0
2026-05-23T08:00,0.0,0.0,0.0,0.0,15.0,8.24,15.2,220,29,67980.0,1,0.301,0.0,2595.0,0,0.0,1,0,0.0,-1,-1,-1,-1,0.0,0.0
2026-05-23T09:00,0.0,0.0,0.0,0.0,14.5,8.28,16.3,222,52,68000.0,1,0.299,0.0,2540.0,0,0.0,2,0,0.0,-1,-1,-1,-1,0.0,0.0
2026-05-23T10:00,0.0,0.0,0.0,0.0,13.7,7.5,15.2,214,55,68000.0,1,0.298,0.0,2270.0,0,0.0,2,0,0.0,-1,-1,-1,-1,0.0,0.0
2026-05-23T11:00,0.0,0.0,0.0,0.0,12.8,6.81,13.6,210,46,68020.0,1,0.297,0.0,2285.0,0,0.0,1,0,0.0,-1,-1,-1,-1,0.0,0.0
2026-05-23T12:00,0.0,0.0,0.0,0.0,11.2,4.0,12.0,229,44,68000.0,1,0.296,0.0,430.0,0,0.0,1,0,0.0,-1,-1,-1,-1,0.0,0.0
2026-05-23T13:00,0.0,0.0,0.0,0.0,7.9,2.43,6.6,148,58,65560.0,0,0.296,10.0,115.0,0,0.0,2,0,0.0,-1,-1,-1,-1,0.0,0.0
2026-05-23T14:00,0.0,0.0,0.0,0.0,7.3,2.17,4.8,218,45,65580.0,0,0.296,10.0,525.0,0,0.0,1,0,0.0,-1,-1,-1,-1,0.0,0.0
2026-05-23T15:00,0.3,0.857,0.28,0.0,3.1,2.61,6.5,355,100,3000.0,0,0.3,30.0,240.0,0,0.0,85,0,0.0,-1,-1,-1,-1,0.0,0.0
2026-05-23T16:00,0.3,0.611,1.05,0.01,2.3,0.96,3.9,118,99,2040.0,0,0.305,30.0,30.0,0,0.0,86,1,0.0,9,0,1,60,0.0,0.367
2026-05-23T17:00,0.2,0.5,0.7,0.02,2.1,3.88,6.0,173,100,460.0,0,0.313,50.0,130.0,0,0.0,85,0,0.0,-1,-1,-1,-1,0.0,0.0
2026-05-23T18:00,0.1,0.0,0.28,0.02,1.8,4.68,7.4,157,100,500.0,0,0.315,30.0,215.0,0,0.0,73,0,0.1,-1,-1,-1,-1,0.0,0.0
2026-05-23T19:00,0.1,0.0,0.0,0.02,1.9,1.76,7.3,145,98,1120.0,0,0.32,0.0,170.0,0,0.0,51,0,0.1,-1,-1,-1,-1,0.0,0.0
2026-05-23T20:00,0.0,0.0,0.0,0.02,1.4,1.87,2.8,81,100,700.0,0,0.322,0.0,60.0,0,0.0,3,0,0.0,-1,-1,-1,-1,0.0,0.0
2026-05-23T21:00,0.0,0.0,0.0,0.01,1.1,2.29,3.4,106,99,1520.0,0,0.324,10.0,75.0,0,0.0,3,0,0.0,-1,-1,-1,-1,0.0,0.0
2026-05-23T22:00,0.0,0.0,0.0,0.01,0.4,1.63,3.5,101,88,2740.0,0,0.325,40.0,75.0,0,0.0,3,0,0.0,-1,-1,-1,-1,0.0,0.0
2026-05-23T23:00,0.0,0.0,0.0,0.01,0.0,1.27,2.7,64,78,46940.0,1,0.325,50.0,55.0,0,0.0,2,0,0.0,-1,-1,-1,-1,0.0,0.0
2026-05-24T00:00,0.0,0.0,0.0,0.0,0.6,1.51,3.5,56,100,160.0,1,0.314,70.0,20.0,0,0.0,3,0,0.0,-1,-1,-1,-1,0.0,0.0
2026-05-24T01:00,0.0,0.0,0.0,0.0,3.8,1.05,3.9,31,82,1040.0,1,0.315,190.0,150.0,0,0.0,3,0,0.0,-1,-1,-1,-1,0.0,0.0
2026-05-24T02:00,0.0,0.0,0.0,0.0,5.8,1.63,4.6,225,97,3660.0,1,0.315,100.0,855.0,0,0.0,3,0,0.0,-1,-1,-1,-1,0.0,0.0
2026-05-24T03:00,0.0,0.0,0.0,0.0,6.9,3.08,7.4,216,98,6060.0,1,0.316,110.0,1150.0,0,0.0,3,0,0.0,-1,-1,-1,-1,0.0,0.0
2026-05-24T04:00,0.1,0.0,0.0,0.0,7.1,2.95,7.5,214,88,12580.0,1,0.317,50.0,1250.0,0,0.0,51,0,0.1,-1,-1,-1,-1,0.0,0.0
2026-05-24T05:00,0.1,0.0,0.0,0.0,7.8,2.17,7.3,203,68,10180.0,1,0.317,30.0,1185.0,0,0.0,51,0,0.1,-1,-1,-1,-1,0.0,0.0
2026-05-24T06:00,0.1,0.5,0.07,0.0,8.6,3.0,8.1,180,70,21240.0,1,0.316,0.0,1445.0,0,0.0,85,0,0.0,-1,-1,-1,-1,0.0,0.0
2026-05-24T07:00,0.0,1.0,0.07,0.0,8.9,3.7,8.6,199,41,13320.0,1,0.315,30.0,1420.0,0,0.0,85,0,0.0,-1,-1,-1,-1,0.0,0.0
2026-05-24T08:00,0.1,1.0,0.0,0.0,9.7,3.1,8.9,198,34,22120.0,1,0.314,30.0,1605.0,0,0.0,51,0,0.0,-1,-1,-1,-1,0.0,0.0
2026-05-24T09:00,0.0,0.0,0.0,0.0,10.4,1.98,7.8,214,59,28000.0,1,0.312,10.0,1795.0,0,0.0,2,0,0.0,-1,-1,-1,-1,0.0,0.0
2026-05-24T10:00,0.0,0.0,0.0,0.0,10.2,2.43,6.1,217,72,22660.0,1,0.311,10.0,1700.0,0,0.0,2,0,0.0,-1,-1,-1,-1,0.0,0.0
2026-05-24T11:00,0.0,0.0,0.0,0.0,9.1,1.81,6.1,264,59,19800.0,1,0.311,30.0,1415.0,0,0.0,2,0,0.0,-1,-1,-1,-1,0.0,0.0
2026-05-24T12:00,0.1,1.0,0.0,0.0,7.1,3.32,4.8,225,41,42280.0,1,0.356,0.0,440.0,0,0.0,51,0,0.0,-1,-1,-1,-1,0.0,0.0
2026-05-24T13:00,0.0,0.0,0.0,0.0,4.2,1.4,5.7,178,41,63180.0,0,0.354,20.0,75.0,0,0.0,1,0,0.0,-1,-1,-1,-1,0.0,0.0
2026-05-24T14:00,0.0,0.0,0.0,0.0,3.6,1.57,2.5,149,64,61240.0,0,0.354,0.0,70.0,0,0.0,2,0,0.0,-1,-1,-1,-1,0.0,0.0
2026-05-24T15:00,0.0,0.0,0.0,0.0,3.2,1.61,2.7,154,89,60360.0,0,0.353,30.0,85.0,0,0.0,3,0,0.0,-1,-1,-1,-1,0.0,0.0
2026-05-24T16:00,0.0,0.0,0.0,0.0,2.9,1.5,2.7,150,98,30180.0,0,0.352,60.0,95.0,0,0.0,3,0,0.0,-1,-1,-1,-1,0.0,0.0
2026-05-24T17:00,0.0,0.0,0.0,0.0,3.0,1.46,2.7,121,84,25220.0,0,0.351,60.0,105.0,0,0.0,3,0,0.0,-1,-1,-1,-1,0.0,0.0
2026-05-24T18:00,0.0,0.0,0.0,0.0,3.1,1.05,2.4,87,98,42980.0,0,0.345,80.0,60.0,0,0.0,3,0,0.0,-1,-1,-1,-1,0.0,0.0
2026-05-24T19:00,0.0,0.0,0.0,0.0,1.8,1.35,2.3,92,97,32020.0,0,0.344,120.0,45.0,0,0.0,3,0,0.0,-1,-1,-1,-1,0.0,0.0
2026-05-24T20:00,0.0,0.0,0.0,0.0,1.1,1.29,2.4,103,100,23720.0,0,0.344,140.0,45.0,0,0.0,3,0,0.0,-1,-1,-1,-1,0.0,0.0
2026-05-24T21:00,0.0,0.0,0.0,0.0,1.1,1.01,2.2,99,99,23160.0,0,0.344,150.0,35.0,0,0.0,3,0,0.0,-1,-1,-1,-1,0.0,0.0
2026-05-24T22:00,0.0,0.0,0.0,0.0,0.7,1.39,2.4,105,97,36160.0,0,0.344,160.0,50.0,0,0.0,3,0,0.0,-1,-1,-1,-1,0.0,0.0
2026-05-24T23:00,0.0,0.0,0.0,0.0,0.1,1.3,2.5,86,96,37120.0,1,0.343,140.0,40.0,0,0.0,3,0,0.0,-1,-1,-1,-1,0.0,0.0
2026-05-25T00:00,0.0,0.0,0.0,0.0,1.4,1.81,3.5,84,100,500.0,1,0.348,120.0,105.0,0,0.0,3,0,0.0,-1,-1,-1,-1,0.0,0.0
2026-05-25T01:00,0.0,0.0,0.0,0.0,3.3,1.48,4.3,118,83,5160.0,1,0.347,280.0,240.0,0,0.0,3,0,0.0,-1,-1,-1,-1,0.0,0.0
2026-05-25T02:00,0.0,0.0,0.0,0.0,6.0,2.12,6.5,172,85,23600.0,1,0.346,220.0,750.0,0,0.0,3,0,0.0,-1,-1,-1,-1,0.0,0.0
2026-05-25T03:00,0.0,0.0,0.0,0.0,8.5,3.0,7.9,191,40,18580.0,1,0.344,240.0,1310.0,0,0.0,1,0,0.0,-1,-1,-1,-1,0.0,0.0
2026-05-25T04:00,0.0,0.0,0.0,0.0,10.5,4.02,8.9,201,64,40280.0,1,0.341,270.0,2315.0,0,0.0,2,0,0.0,-1,-1,-1,-1,0.0,0.0
2026-05-25T05:00,0.0,0.0,0.0,0.0,10.7,5.66,11.5,212,56,19800.0,1,0.338,150.0,2115.0,0,0.0,2,0,0.0,-1,-1,-1,-1,0.0,0.0
2026-05-25T06:00,0.1,0.0,0.0,0.0,10.0,5.51,12.3,201,54,16960.0,1,0.336,0.0,1730.0,0,0.0,51,0,0.1,-1,-1,-1,-1,0.0,0.0
2026-05-25T07:00,0.1,0.0,0.0,0.0,10.4,5.19,11.3,208,44,17780.0,1,0.334,0.0,1800.0,0,0.0,51,0,0.1,-1,-1,-1,-1,0.0,0.0
2026-05-25T08:00,0.0,0.0,0.0,0.0,11.4,5.02,10.8,224,65,35380.0,1,0.332,0.0,2160.0,0,0.0,2,0,0.0,-1,-1,-1,-1,0.0,0.0
2026-05-25T09:00,0.0,0.0,0.0,0.0,11.8,5.2,10.3,218,77,60580.0,1,0.33,10.0,2355.0,0,0.0,2,0,0.0,-1,-1,-1,-1,0.0,0.0
2026-05-25T10:00,0.0,0.0,0.0,0.0,10.6,4.92,10.6,218,46,30800.0,1,0.328,10.0,1965.0,0,0.0,1,0,0.0,-1,-1,-1,-1,0.0,0.0
2026-05-25T11:00,0.0,0.0,0.0,0.0,10.1,3.9,9.6,211,70,33440.0,1,0.327,10.0,1940.0,0,0.0,2,0,0.0,-1,-1,-1,-1,0.0,0.0
2026-05-25T12:00,0.0,0.0,0.0,0.0,6.2,0.87,7.6,283,97,6180.0,1,0.319,10.0,425.0,0,0.0,3,0,0.0,-1,-1,-1,-1,0.0,0.0
2026-05-25T13:00,0.2,0.0,0.0,0.0,4.6,1.45,2.9,360,45,19240.0,0,0.321,20.0,215.0,0,0.0,51,0,0.2,-1,-1,-1,-1,0.0,0.0
2026-05-25T14:00,0.0,0.0,0.0,0.0,3.2,0.79,2.4,72,91,31600.0,0,0.321,20.0,60.0,0,0.0,3,0,0.0,-1,-1,-1,-1,0.0,0.0
2026-05-25T15:00,0.0,0.0,0.0,0.0,3.4,1.63,2.8,108,96,13240.0,0,0.322,30.0,200.0,0,0.0,3,0,0.0,-1,-1,-1,-1,0.0,0.0
2026-05-25T16:00,0.1,0.0,0.0,0.0,2.4,2.37,4.7,132,79,3720.0,0,0.322,20.0,210.0,0,0.0,51,0,0.1,-1,-1,-1,-1,0.0,0.0
2026-05-25T17:00,0.0,0.0,0.0,0.0,1.1,0.9,4.2,93,98,1080.0,0,0.322,10.0,95.0,0,0.0,3,0,0.0,-1,-1,-1,-1,0.0,0.0
2026-05-25T18:00,0.0,0.0,0.0,0.0,1.7,1.25,2.5,88,100,640.0,0,0.317,40.0,85.0,0,0.0,3,0,0.0,-1,-1,-1,-1,0.0,0.0
2026-05-25T19:00,0.0,0.0,0.0,0.0,1.1,0.38,2.3,113,100,160.0,0,0.317,30.0,50.0,0,0.0,3,0,0.0,-1,-1,-1,-1,0.0,0.0
2026-05-25T20:00,0.0,0.0,0.0,0.0,0.9,0.15,1.3,180,100,140.0,0,0.317,30.0,75.0,0,0.0,3,0,0.0,-1,-1,-1,-1,0.0,0.0
2026-05-25T21:00,0.0,1.0,0.07,0.0,1.0,1.12,2.5,100,100,180.0,0,0.317,20.0,100.0,0,0.0,85,0,0.0,-1,-1,-1,-1,0.0,0.0
2026-05-25T22:00,0.0,0.0,0.0,0.0,0.9,1.6,3.3,110,100,160.0,0,0.318,30.0,105.0,0,0.0,3,0,0.0,-1,-1,-1,-1,0.0,0.0
2026-05-25T23:00,0.0,0.75,0.28,0.0,1.0,1.25,3.4,143,100,320.0,1,0.318,30.0,120.0,0,0.0,85,0,0.0,-1,-1,-1,-1,0.0,0.0
2026-05-26T00:00,0.0,0.875,0.56,0.0,0.8,1.64,2.8,142,100,480.0,1,0.325,20.0,115.0,0,0.0,85,0,0.0,-1,-1,-1,-1,0.0,0.0
2026-05-26T01:00,0.0,0.5,0.28,0.0,2.4,1.49,4.1,130,100,12860.0,1,0.325,20.0,205.0,0,0.0,85,0,0.0,-1,-1,-1,-1,0.0,0.0
2026-05-26T02:00,0.0,0.0,0.07,0.0,4.0,2.34,6.2,160,91,6800.0,1,0.326,20.0,640.0,0,0.0,71,0,0.0,-1,-1,-1,-1,0.0,0.0
2026-05-26T03:00,0.2,0.667,0.07,0.0,4.7,2.47,7.6,162,98,12880.0,1,0.329,70.0,515.0,0,0.0,85,0,0.0,-1,-1,-1,-1,0.0,0.0
2026-05-26T04:00,0.2,1.0,0.0,0.0,6.1,3.69,9.5,139,71,10520.0,1,0.331,110.0,755.0,0,0.0,51,0,0.0,-1,-1,-1,-1,0.0,0.0
2026-05-26T05:00,0.3,0.667,0.0,0.0,9.0,4.38,10.2,173,67,9560.0,1,0.333,400.0,1535.0,0,0.0,51,1,0.1,10,0,2,26,0.0,0.4
2026-05-26T06:00,0.3,0.667,0.0,0.0,9.2,5.13,12.0,195,76,12040.0,1,0.335,100.0,1615.0,0,0.0,51,1,0.1,10,1,1,26,0.0,0.4
2026-05-26T07:00,0.1,1.0,0.0,0.0,11.3,6.44,12.6,205,65,17300.0,1,0.334,10.0,1835.0,0,0.0,51,0,0.0,-1,-1,-1,-1,0.0,0.0
2026-05-26T08:00,0.1,0.0,0.0,0.0,12.0,7.42,14.0,210,70,15840.0,1,0.332,0.0,1955.0,0,0.0,51,0,0.1,-1,-1,-1,-1,0.0,0.0
2026-05-26T09:00,0.1,0.0,0.0,0.0,11.5,7.31,14.0,207,70,13460.0,1,0.33,10.0,1845.0,0,0.0,51,0,0.1,-1,-1,-1,-1,0.0,0.0
2026-05-26T10:00,0.1,0.0,0.0,0.0,11.7,6.04,13.5,199,23,15220.0,1,0.329,50.0,2055.0,0,0.0,51,0,0.1,-1,-1,-1,-1,0.0,0.0
2026-05-26T11:00,0.1,1.0,0.07,0.0,9.5,5.2,11.6,203,51,11780.0,1,0.329,90.0,1580.0,0,0.0,85,0,0.0,-1,-1,-1,-1,0.0,0.0
2026-05-26T12:00,0.1,0.0,0.0,0.0,9.4,1.23,10.0,328,17,63540.0,1,0.323,240.0,115.0,0,0.0,51,0,0.1,-1,-1,-1,-1,0.0,0.0
2026-05-26T13:00,0.0,0.0,0.0,0.0,5.4,1.45,2.4,94,15,61580.0,0,0.323,220.0,40.0,0,0.0,0,0,0.0,-1,-1,-1,-1,0.0,0.0
2026-05-26T14:00,0.0,0.0,0.0,0.0,4.4,3.02,4.1,19,70,56040.0,0,0.322,200.0,95.0,0,0.0,2,0,0.0,-1,-1,-1,-1,0.0,0.0
2026-05-26T15:00,0.2,0.5,0.0,0.0,2.3,3.32,7.7,7,98,4760.0,0,0.324,20.0,225.0,0,0.0,51,0,0.1,-1,-1,-1,-1,0.0,0.0
2026-05-26T16:00,0.2,0.273,0.63,0.01,2.0,0.63,5.6,108,100,1740.0,0,0.325,0.0,30.0,0,0.0,85,0,0.0,-1,-1,-1,-1,0.0,0.0
2026-05-26T17:00,0.2,0.0,0.7,0.01,1.9,1.67,4.0,139,92,1880.0,0,0.329,0.0,85.0,0,0.0,73,0,0.2,-1,-1,-1,-1,0.0,0.0
2026-05-26T18:00,0.1,0.75,1.05,0.02,1.5,1.19,4.2,195,100,420.0,0,0.322,60.0,120.0,0,0.0,86,0,0.0,-1,-1,-1,-1,0.0,0.0
2026-05-26T19:00,0.2,0.368,1.19,0.03,1.4,1.25,2.7,182,100,580.0,0,0.327,60.0,155.0,0,0.0,86,0,0.0,-1,-1,-1,-1,0.0,0.0
2026-05-26T20:00,0.2,0.0,0.91,0.05,1.3,2.35,3.9,218,100,400.0,0,0.331,10.0,270.0,0,0.0,75,0,0.2,-1,-1,-1,-1,0.0,0.0
2026-05-26T21:00,0.1,0.111,1.19,0.06,1.2,2.82,4.8,213,100,620.0,0,0.334,10.0,255.0,0,0.0,86,0,0.0,-1,-1,-1,-1,0.0,0.0
2026-05-26T22:00,0.1,0.75,0.49,0.06,0.6,1.23,5.0,159,100,480.0,0,0.337,100.0,70.0,0,0.0,85,0,0.0,-1,-1,-1,-1,0.0,0.0
2026-05-26T23:00,0.0,1.0,0.77,0.06,-1.2,0.16,4.2,198,99,980.0,1,0.337,60.0,35.0,0,0.0,85,0,0.0,-1,-1,-1,-1,0.0,0.0
2026-05-27T00:00,0.0,0.941,1.19,0.03,1.2,5.28,3.1,242,99,7220.0,1,0.332,20.0,535.0,0,0.0,86,0,0.0,-1,-1,-1,-1,0.0,0.0
2026-05-27T01:00,0.0,0.0,0.07,0.02,2.6,3.42,9.0,232,97,23360.0,1,0.336,160.0,670.0,0,0.0,71,0,0.0,-1,-1,-1,-1,0.0,0.0
2026-05-27T02:00,0.1,0.0,0.0,0.02,4.3,3.8,7.3,249,38,16240.0,1,0.339,0.0,1055.0,0,0.0,51,0,0.1,-1,-1,-1,-1,0.0,0.0
2026-05-27T03:00,0.0,1.0,0.14,0.02,5.5,3.4,7.6,246,56,7980.0,1,0.344,30.0,1265.0,0,0.0,85,0,0.0,-1,-1,-1,-1,0.0,0.0
2026-05-27T04:00,0.0,1.0,0.14,0.02,6.1,4.32,9.3,229,85,8060.0,1,0.352,10.0,1395.0,0,0.0,85,0,0.0,-1,-1,-1,-1,0.0,0.0
2026-05-27T05:00,0.0,0.5,0.14,0.01,6.5,3.3,9.2,238,25,7140.0,1,0.361,80.0,1205.0,0,0.0,85,0,0.0,-1,-1,-1,-1,0.0,0.0
2026-05-27T06:00,0.1,0.5,0.07,0.01,7.5,2.52,8.0,277,87,7920.0,1,0.372,0.0,1420.0,0,0.0,85,0,0.0,-1,-1,-1,-1,0.0,0.0
2026-05-27T07:00,0.1,0.5,0.07,0.01,7.8,3.01,7.4,276,98,9360.0,1,0.378,0.0,1520.0,0,0.0,85,0,0.0,-1,-1,-1,-1,0.0,0.0
2026-05-27T08:00,0.2,0.5,0.0,0.0,8.2,2.9,7.8,271,100,9580.0,1,0.381,10.0,1535.0,0,0.0,51,0,0.1,-1,-1,-1,-1,0.0,0.0
2026-05-27T09:00,0.3,0.333,0.0,0.0,7.7,1.82,7.3,249,99,8160.0,1,0.382,0.0,1520.0,0,0.0,51,1,0.2,11,0,1,70,0.0,0.2
2026-05-27T10:00,0.2,0.0,0.0,0.0,7.2,2.44,5.5,235,95,7760.0,1,0.381,0.0,1215.0,0,0.0,51,0,0.2,-1,-1,-1,-1,0.0,0.0
2026-05-27T11:00,0.1,0.25,0.21,0.0,5.1,4.15,8.7,269,97,5180.0,1,0.38,0.0,530.0,0,0.0,85,0,0.0,-1,-1,-1,-1,0.0,0.0
2026-05-27T12:00,0.1,0.0,0.07,0.0,3.6,4.07,7.8,302,100,10340.0,1,0.384,30.0,640.0,0,0.0,71,0,0.1,-1,-1,-1,-1,0.0,0.0
2026-05-27T13:00,0.0,0.0,0.07,0.0,3.0,2.87,6.7,319,100,7160.0,0,0.381,10.0,540.0,0,0.0,71,0,0.0,-1,-1,-1,-1,0.0,0.0
2026-05-27T14:00,0.0,0.0,0.21,0.0,2.2,1.15,4.8,5,100,4440.0,0,0.379,10.0,310.0,0,0.0,73,0,0.0,-1,-1,-1,-1,0.0,0.0
2026-05-27T15:00,0.0,0.0,0.35,0.01,1.6,1.15,2.4,18,100,4100.0,0,0.378,40.0,225.0,0,0.0,73,0,0.0,-1,-1,-1,-1,0.0,0.0
2026-05-27T16:00,0.0,0.0,0.35,0.01,1.0,0.97,2.3,102,100,4660.0,0,0.377,60.0,75.0,0,0.0,73,0,0.0,-1,-1,-1,-1,0.0,0.0
2026-05-27T17:00,0.0,0.0,0.28,0.01,0.5,0.75,1.9,4,100,6320.0,0,0.376,30.0,60.0,0,0.0,73,0,0.0,-1,-1,-1,-1,0.0,0.0
2026-05-27T18:00,0.0,0.0,0.14,0.01,0.4,0.66,1.5,171,100,4780.0,0,0.375,10.0,50.0,0,0.0,71,0,0.0,-1,-1,-1,-1,0.0,0.0
2026-05-27T19:00,0.0,0.0,0.21,0.01,-0.2,1.05,2.2,180,100,3160.0,0,0.374,10.0,45.0,0,0.0,73,0,0.0,-1,-1,-1,-1,0.0,0.0
2026-05-27T20:00,0.0,0.0,0.42,0.02,-0.5,0.07,1.6,135,100,1220.0,0,0.373,10.0,10.0,0,0.0,73,0,0.0,-1,-1,-1,-1,0.0,0.0
2026-05-27T21:00,0.0,0.0,0.42,0.03,-0.9,0.0,0.4,270,100,1000.0,0,0.371,10.0,10.0,0,0.0,73,0,0.0,-1,-1,-1,-1,0.0,0.0
2026-05-27T22:00,0.0,0.0,0.42,0.03,-1.2,0.18,0.5,34,100,1280.0,0,0.369,40.0,15.0,0,0.0,73,0,0.0,-1,-1,-1,-1,0.0,0.0
2026-05-27T23:00,0.0,0.625,0.56,0.04,-1.3,0.54,1.4,22,100,3780.0,1,0.368,70.0,25.0,0,0.0,85,0,0.0,-1,-1,-1,-1,0.0,0.0
2026-05-28T00:00,0.0,0.714,0.49,0.02,-0.7,0.84,2.4,253,100,2520.0,1,0.363,30.0,65.0,0,0.0,85,0,0.0,-1,-1,-1,-1,0.0,0.0
2026-05-28T01:00,0.0,0.0,0.07,0.02,0.5,1.38,2.9,226,100,14980.0,1,0.362,70.0,235.0,0,0.0,71,0,0.0,-1,-1,-1,-1,0.0,0.0
2026-05-28T02:00,0.0,0.0,0.07,0.02,1.4,1.53,3.3,212,100,19560.0,1,0.364,90.0,340.0,0,0.0,71,0,0.0,-1,-1,-1,-1,0.0,0.0
2026-05-28T03:00,0.0,1.0,0.07,0.02,2.7,1.03,3.2,203,100,17060.0,1,0.37,30.0,555.0,0,0.0,85,0,0.0,-1,-1,-1,-1,0.0,0.0
2026-05-28T04:00,0.0,1.0,0.07,0.01,3.4,1.51,5.7,188,100,10520.0,1,0.378,50.0,830.0,0,0.0,85,0,0.0,-1,-1,-1,-1,0.0,0.0
2026-05-28T05:00,0.0,1.0,0.14,0.01,4.2,0.76,5.7,172,100,8220.0,1,0.385,40.0,910.0,0,0.0,85,0,0.0,-1,-1,-1,-1,0.0,0.0
2026-05-28T06:00,0.0,1.0,0.14,0.01,3.9,1.01,4.9,110,100,7620.0,1,0.387,0.0,890.0,0,0.0,85,0,0.0,-1,-1,-1,-1,0.0,0.0
2026-05-28T07:00,0.0,1.0,0.14,0.0,4.7,1.36,5.5,82,98,7240.0,1,0.388,0.0,965.0,0,0.0,85,0,0.0,-1,-1,-1,-1,0.0,0.0
2026-05-28T08:00,0.0,0.5,0.14,0.0,6.0,1.72,5.9,54,70,9960.0,1,0.388,0.0,1175.0,0,0.0,85,0,0.0,-1,-1,-1,-1,0.0,0.0
2026-05-28T09:00,0.0,0.5,0.14,0.0,6.3,2.58,6.5,54,79,15080.0,1,0.386,0.0,1285.0,0,0.0,85,0,0.0,-1,-1,-1,-1,0.0,0.0
2026-05-28T10:00,0.0,0.0,0.0,0.0,6.7,3.08,6.9,54,12,36140.0,1,0.385,0.0,1375.0,0,0.0,0,0,0.0,-1,-1,-1,-1,0.0,0.0
2026-05-28T11:00,0.0,0.0,0.0,0.0,6.5,4.33,8.2,54,48,66080.0,1,0.382,0.0,1535.0,0,0.0,1,0,0.0,-1,-1,-1,-1,0.0,0.0
2026-05-28T12:00,0.0,0.0,0.0,0.0,5.6,4.01,8.5,36,57,66480.0,1,0.382,10.0,1065.0,0,0.0,2,0,0.0,-1,-1,-1,-1,0.0,0.0
2026-05-28T13:00,0.0,0.0,0.0,0.0,4.0,3.82,7.1,58,16,63900.0,0,0.38,0.0,500.0,0,0.0,0,0,0.0,-1,-1,-1,-1,0.0,0.0
2026-05-28T14:00,0.0,0.0,0.0,0.0,2.5,4.21,7.1,87,33,61940.0,0,0.378,0.0,310.0,0,0.0,1,0,0.0,-1,-1,-1,-1,0.0,0.0
2026-05-28T15:00,0.0,0.0,0.0,0.0,0.9,3.2,7.0,87,71,59560.0,0,0.376,0.0,245.0,0,0.0,2,0,0.0,-1,-1,-1,-1,0.0,0.0
2026-05-28T16:00,0.0,0.0,0.0,0.0,0.2,2.56,5.4,73,93,59560.0,0,0.375,0.0,160.0,0,0.0,3,0,0.0,-1,-1,-1,-1,0.0,0.0
2026-05-28T17:00,0.0,0.0,0.0,0.0,-0.2,2.8,4.8,63,98,59580.0,0,0.374,0.0,140.0,0,0.0,3,0,0.0,-1,-1,-1,-1,0.0,0.0
2026-05-28T18:00,0.0,0.0,0.0,0.0,-0.4,3.36,5.5,67,97,59580.0,0,0.368,0.0,260.0,0,0.0,3,0,0.0,-1,-1,-1,-1,0.0,0.0
2026-05-28T19:00,0.0,0.0,0.0,0.0,-0.5,3.49,5.9,61,98,55420.0,0,0.367,0.0,290.0,0,0.0,3,0,0.0,-1,-1,-1,-1,0.0,0.0
2026-05-28T20:00,0.0,0.0,0.0,0.0,-0.7,3.13,5.9,61,98,41620.0,0,0.366,0.0,270.0,0,0.0,3,0,0.0,-1,-1,-1,-1,0.0,0.0
2026-05-28T21:00,0.0,0.0,0.0,0.0,-0.5,3.22,5.5,64,99,27060.0,0,0.366,0.0,345.0,0,0.0,3,0,0.0,-1,-1,-1,-1,0.0,0.0
2026-05-28T22:00,0.0,0.0,0.0,0.0,-0.9,2.86,5.6,65,91,50120.0,0,0.365,0.0,305.0,0,0.0,3,0,0.0,-1,-1,-1,-1,0.0,0.0
2026-05-28T23:00,0.0,0.0,0.0,0.0,-1.2,2.86,5.1,74,98,14940.0,1,0.365,0.0,330.0,0,0.0,3,0,0.0,-1,-1,-1,-1,0.0,0.0
2026-05-29T00:00,0.0,0.0,0.07,0.0,0.5,4.63,6.7,83,100,5860.0,1,0.367,10.0,465.0,0,0.0,71,0,0.0,-1,-1,-1,-1,0.0,0.0
2026-05-29T01:00,0.0,0.0,0.21,0.0,1.6,6.1,10.7,90,99,8200.0,1,0.366,10.0,650.0,0,0.0,73,0,0.0,-1,-1,-1,-1,0.0,0.0
2026-05-29T02:00,0.0,0.0,0.07,0.0,3.9,5.54,11.1,103,85,29920.0,1,0.365,0.0,930.0,0,0.0,71,0,0.0,-1,-1,-1,-1,0.0,0.0
2026-05-29T03:00,0.0,1.0,0.07,0.0,5.9,5.23,10.5,126,45,32680.0,1,0.365,0.0,1100.0,0,0.0,85,0,0.0,-1,-1,-1,-1,0.0,0.0
2026-05-29T04:00,0.1,1.0,0.0,0.0,7.2,5.13,10.6,145,52,21420.0,1,0.363,10.0,1265.0,0,0.0,51,0,0.0,-1,-1,-1,-1,0.0,0.0
2026-05-29T05:00,0.1,0.0,0.0,0.0,8.1,4.84,10.6,150,38,12960.0,1,0.362,0.0,1395.0,0,0.0,51,0,0.1,-1,-1,-1,-1,0.0,0.0
2026-05-29T06:00,0.0,0.0,0.07,0.0,8.8,4.99,10.3,153,38,60960.0,1,0.361,0.0,1585.0,0,0.0,71,0,0.0,-1,-1,-1,-1,0.0,0.0
2026-05-29T07:00,0.0,0.0,0.0,0.0,9.6,4.74,10.4,138,16,28500.0,1,0.357,0.0,1740.0,0,0.0,0,0,0.0,-1,-1,-1,-1,0.0,0.0
2026-05-29T08:00,0.1,1.0,0.0,0.0,10.1,4.51,10.2,129,38,31300.0,1,0.355,0.0,1685.0,0,0.0,51,0,0.0,-1,-1,-1,-1,0.0,0.0
2026-05-29T09:00,0.0,0.0,0.0,0.0,10.7,4.75,9.7,143,55,30340.0,1,0.353,0.0,1945.0,0,0.0,2,0,0.0,-1,-1,-1,-1,0.0,0.0
2026-05-29T10:00,0.0,0.0,0.0,0.0,10.3,5.08,10.0,129,66,69120.0,1,0.351,10.0,1945.0,0,0.0,2,0,0.0,-1,-1,-1,-1,0.0,0.0
2026-05-29T11:00,0.0,0.0,0.0,0.0,9.8,5.37,10.0,126,96,69120.0,1,0.35,0.0,1925.0,0,0.0,3,0,0.0,-1,-1,-1,-1,0.0,0.0
2026-05-29T12:00,0.0,0.0,0.0,0.0,9.8,5.49,10.5,132,82,69140.0,1,0.366,10.0,1505.0,0,0.0,3,0,0.0,-1,-1,-1,-1,0.0,0.0
2026-05-29T13:00,0.0,0.0,0.0,0.0,7.0,4.9,9.5,130,24,50920.0,0,0.365,20.0,715.0,0,0.0,1,0,0.0,-1,-1,-1,-1,0.0,0.0
2026-05-29T14:00,0.0,0.0,0.0,0.0,5.0,4.31,8.1,122,93,62120.0,0,0.365,40.0,370.0,0,0.0,3,0,0.0,-1,-1,-1,-1,0.0,0.0
2026-05-29T15:00,0.0,0.0,0.0,0.0,5.4,4.92,8.1,111,24,62140.0,0,0.364,30.0,460.0,0,0.0,1,0,0.0,-1,-1,-1,-1,0.0,0.0
2026-05-29T16:00,0.0,0.0,0.0,0.0,3.6,5.12,8.4,112,69,62140.0,0,0.363,30.0,325.0,0,0.0,2,0,0.0,-1,-1,-1,-1,0.0,0.0
2026-05-29T17:00,0.0,0.0,0.0,0.0,2.6,5.01,8.4,107,98,59760.0,0,0.363,10.0,295.0,0,0.0,3,0,0.0,-1,-1,-1,-1,0.0,0.0
2026-05-29T18:00,0.0,0.0,0.0,0.0,2.3,4.93,8.6,110,100,59760.0,0,0.361,0.0,345.0,0,0.0,3,0,0.0,-1,-1,-1,-1,0.0,0.0
2026-05-29T19:00,0.0,0.0,0.0,0.0,1.7,5.12,8.4,112,100,59760.0,0,0.36,10.0,405.0,0,0.0,3,0,0.0,-1,-1,-1,-1,0.0,0.0
2026-05-29T20:00,0.0,0.0,0.0,0.0,1.7,5.3,8.8,116,98,55900.0,0,0.36,20.0,475.0,0,0.0,3,0,0.0,-1,-1,-1,-1,0.0,0.0
2026-05-29T21:00,0.0,0.0,0.0,0.0,1.5,5.52,9.1,122,92,52080.0,0,0.359,10.0,495.0,0,0.0,3,0,0.0,-1,-1,-1,-1,0.0,0.0
2026-05-29T22:00,0.0,0.0,0.0,0.0,0.7,5.45,9.2,122,80,22680.0,0,0.359,10.0,495.0,0,0.0,3,0,0.0,-1,-1,-1,-1,0.0,0.0
2026-05-29T23:00,0.0,0.0,0.0,0.0,0.4,5.16,9.0,128,58,7340.0,1,0.359,0.0,530.0,0,0.0,2,0,0.0,-1,-1,-1,-1,0.0,0.0
2026-05-30T00:00,0.0,0.0,0.0,0.0,2.9,5.55,9.5,134,65,26960.0,1,0.36,0.0,695.0,0,0.0,2,0,0.0,-1,-1,-1,-1,0.0,0.0
2026-05-30T01:00,0.0,0.0,0.0,0.0,4.8,5.38,9.9,142,84,62200.0,1,0.359,0.0,1140.0,0,0.0,3,0,0.0,-1,-1,-1,-1,0.0,0.0
2026-05-30T02:00,0.0,0.0,0.0,0.0,6.8,5.47,10.7,171,74,64180.0,1,0.357,0.0,1375.0,0,0.0,2,0,0.0,-1,-1,-1,-1,0.0,0.0
2026-05-30T03:00,0.0,0.0,0.0,0.0,8.8,4.79,10.6,194,51,66780.0,1,0.355,10.0,1720.0,0,0.0,2,0,0.0,-1,-1,-1,-1,0.0,0.0
2026-05-30T04:00,0.0,0.0,0.0,0.0,10.9,4.61,9.9,201,56,69260.0,1,0.353,10.0,2225.0,0,0.0,2,0,0.0,-1,-1,-1,-1,0.0,0.0
2026-05-30T05:00,0.0,0.0,0.0,0.0,11.4,5.52,11.1,201,77,41220.0,1,0.35,10.0,1960.0,0,0.0,2,0,0.0,-1,-1,-1,-1,0.0,0.0
2026-05-30T06:00,0.0,0.0,0.0,0.0,11.0,5.69,11.8,200,83,16140.0,1,0.346,10.0,1780.0,0,0.0,3,0,0.0,-1,-1,-1,-1,0.0,0.0
2026-05-30T07:00,0.1,0.0,0.0,0.0,10.1,5.2,11.2,213,54,10080.0,1,0.345,30.0,1600.0,0,0.0,51,0,0.1,-1,-1,-1,-1,0.0,0.0
2026-05-30T08:00,0.3,0.333,0.0,0.0,10.3,5.06,10.8,215,33,6340.0,1,0.346,20.0,1495.0,0,0.0,51,1,0.2,12,0,2,19,0.0,0.2
2026-05-30T09:00,0.3,0.667,0.0,0.0,11.7,4.54,10.4,205,40,23640.0,1,0.346,0.0,1805.0,0,0.0,51,1,0.1,12,1,1,19,0.0,0.4
2026-05-30T10:00,0.0,0.0,0.0,0.0,12.1,5.21,10.2,194,64,37300.0,1,0.345,0.0,1985.0,0,0.0,2,0,0.0,-1,-1,-1,-1,0.0,0.0
2026-05-30T11:00,0.2,1.0,0.0,0.0,11.1,5.68,10.6,186,45,42160.0,1,0.345,10.0,1960.0,0,0.0,51,0,0.0,-1,-1,-1,-1,0.0,0.0
2026-05-30T12:00,0.0,0.0,0.0,0.0,10.4,5.63,10.2,186,12,69340.0,1,0.342,0.0,1155.0,0,0.0,0,0,0.0,-1,-1,-1,-1,0.0,0.0
2026-05-30T13:00,0.0,0.0,0.0,0.0,7.3,4.42,9.5,170,0,66860.0,0,0.342,20.0,315.0,0,0.0,0,0,0.0,-1,-1,-1,-1,0.0,0.0
2026-05-30T14:00,0.0,0.0,0.0,0.0,6.1,3.34,7.4,167,0,64280.0,0,0.342,10.0,200.0,0,0.0,0,0,0.0,-1,-1,-1,-1,0.0,0.0
2026-05-30T15:00,0.0,0.0,0.0,0.0,4.7,2.37,5.6,145,0,64280.0,0,0.342,10.0,95.0,0,0.0,0,0,0.0,-1,-1,-1,-1,0.0,0.0
2026-05-30T16:00,0.0,0.0,0.0,0.0,3.9,2.93,4.7,136,15,64300.0,0,0.342,30.0,100.0,0,0.0,0,0,0.0,-1,-1,-1,-1,0.0,0.0
2026-05-30T17:00,0.0,0.0,0.0,0.0,3.0,2.48,4.8,133,30,64300.0,0,0.342,40.0,80.0,0,0.0,1,0,0.0,-1,-1,-1,-1,0.0,0.0
2026-05-30T18:00,0.0,0.0,0.0,0.0,2.6,2.16,4.0,134,52,64320.0,0,0.34,30.0,50.0,0,0.0,2,0,0.0,-1,-1,-1,-1,0.0,0.0
2026-05-30T19:00,0.0,0.0,0.0,0.0,1.6,2.14,3.6,127,13,62340.0,0,0.341,20.0,45.0,0,0.0,0,0,0.0,-1,-1,-1,-1,0.0,0.0
2026-05-30T20:00,0.0,0.0,0.0,0.0,1.4,2.38,3.9,120,13,62360.0,0,0.341,10.0,55.0,0,0.0,0,0,0.0,-1,-1,-1,-1,0.0,0.0
2026-05-30T21:00,0.0,0.0,0.0,0.0,0.7,2.91,4.7,117,2,59960.0,0,0.341,10.0,70.0,0,0.0,0,0,0.0,-1,-1,-1,-1,0.0,0.0
2026-05-30T22:00,0.0,0.0,0.0,0.0,0.1,3.18,5.1,123,3,59960.0,0,0.341,10.0,80.0,0,0.0,0,0,0.0,-1,-1,-1,-1,0.0,0.0
2026-05-30T23:00,0.0,0.0,0.0,0.0,0.0,3.29,5.3,132,9,59980.0,1,0.341,0.0,90.0,0,0.0,0,0,0.0,-1,-1,-1,-1,0.0,0.0
2026-05-31T00:00,0.0,0.0,0.0,0.0,3.8,4.38,6.2,136,61,62380.0,1,0.341,20.0,205.0,0,0.0,2,0,0.0,-1,-1,-1,-1,0.0,0.0
2026-05-31T01:00,0.0,0.0,0.0,0.0,6.2,3.96,7.5,154,3,64360.0,1,0.34,0.0,665.0,0,0.0,0,0,0.0,-1,-1,-1,-1,0.0,0.0
2026-05-31T02:00,0.0,0.0,0.0,0.0,8.8,3.54,7.8,188,26,66960.0,1,0.339,40.0,1355.0,0,0.0,1,0,0.0,-1,-1,-1,-1,0.0,0.0
2026-05-31T03:00,0.0,0.0,0.0,0.0,10.8,4.7,9.5,218,29,69460.0,1,0.338,10.0,1915.0,0,0.0,1,0,0.0,-1,-1,-1,-1,0.0,0.0
2026-05-31T04:00,0.1,1.0,0.0,0.0,12.2,4.98,10.3,218,91,69460.0,1,0.337,10.0,2100.0,0,0.0,51,0,0.0,-1,-1,-1,-1,0.0,0.0
2026-05-31T05:00,0.3,1.0,0.0,0.0,12.3,5.75,11.2,206,77,69460.0,1,0.337,0.0,2015.0,0,0.0,51,1,0.0,13,0,1,24,0.0,0.6
2026-05-31T06:00,0.2,1.0,0.0,0.0,12.7,5.57,12.0,204,77,69480.0,1,0.338,0.0,2115.0,0,0.0,51,0,0.0,-1,-1,-1,-1,0.0,0.0
2026-05-31T07:00,0.1,1.0,0.0,0.0,13.3,6.0,12.1,217,88,23940.0,1,0.336,0.0,2110.0,0,0.0,51,0,0.0,-1,-1,-1,-1,0.0,0.0
2026-05-31T08:00,0.0,0.0,0.0,0.0,13.8,4.95,11.9,227,80,69520.0,1,0.334,0.0,2255.0,0,0.0,3,0,0.0,-1,-1,-1,-1,0.0,0.0
2026-05-31T09:00,0.0,0.0,0.0,0.0,14.3,5.42,10.2,228,84,69520.0,1,0.332,0.0,2480.0,0,0.0,3,0,0.0,-1,-1,-1,-1,0.0,0.0
2026-05-31T10:00,0.0,0.0,0.0,0.0,13.9,5.05,10.9,216,69,69540.0,1,0.33,0.0,2360.0,0,0.0,2,0,0.0,-1,-1,-1,-1,0.0,0.0
2026-05-31T11:00,0.0,0.0,0.0,0.0,13.3,5.06,9.7,213,84,69540.0,1,0.328,0.0,2455.0,0,0.0,3,0,0.0,-1,-1,-1,-1,0.0,0.0
2026-05-31T12:00,0.0,0.0,0.0,0.0,12.2,3.31,9.4,209,87,69520.0,1,0.332,10.0,970.0,0,0.0,3,0,0.0,-1,-1,-1,-1,0.0,0.0
2026-05-31T13:00,0.0,0.0,0.0,0.0,8.8,2.57,5.7,187,70,69540.0,0,0.332,30.0,165.0,0,0.0,2,0,0.0,-1,-1,-1,-1,0.0,0.0
2026-05-31T14:00,0.0,0.0,0.0,0.0,7.5,2.65,4.7,181,77,69540.0,0,0.332,0.0,145.0,0,0.0,2,0,0.0,-1,-1,-1,-1,0.0,0.0
2026-05-31T15:00,0.0,0.0,0.0,0.0,6.5,2.55,4.3,157,41,69560.0,0,0.332,0.0,100.0,0,0.0,1,0,0.0,-1,-1,-1,-1,0.0,0.0
2026-05-31T16:00,0.0,0.0,0.0,0.0,5.9,3.07,4.9,143,20,67080.0,0,0.332,0.0,120.0,0,0.0,1,0,0.0,-1,-1,-1,-1,0.0,0.0
2026-05-31T17:00,0.0,0.0,0.0,0.0,4.2,2.26,4.9,118,73,67080.0,0,0.332,40.0,80.0,0,0.0,2,0,0.0,-1,-1,-1,-1,0.0,0.0
2026-05-31T18:00,0.0,0.0,0.0,0.0,3.5,2.72,4.5,97,77,64500.0,0,0.332,20.0,70.0,0,0.0,2,0,0.0,-1,-1,-1,-1,0.0,0.0
2026-05-31T19:00,0.0,0.0,0.0,0.0,4.1,3.7,6.1,113,58,64500.0,0,0.332,60.0,275.0,0,0.0,2,0,0.0,-1,-1,-1,-1,0.0,0.0
2026-05-31T20:00,0.0,0.0,0.0,0.0,3.3,3.21,6.2,121,0,62540.0,0,0.332,20.0,215.0,0,0.0,0,0,0.0,-1,-1,-1,-1,0.0,0.0
2026-05-31T21:00,0.0,0.0,0.0,0.0,2.3,2.44,5.3,109,16,62540.0,0,0.332,10.0,105.0,0,0.0,0,0,0.0,-1,-1,-1,-1,0.0,0.0
2026-05-31T22:00,0.0,0.0,0.0,0.0,2.1,2.45,4.1,107,13,62560.0,0,0.332,10.0,95.0,0,0.0,0,0,0.0,-1,-1,-1,-1,0.0,0.0
2026-05-31T23:00,0.0,0.0,0.0,0.0,1.7,2.56,4.2,111,6,60160.0,1,0.332,0.0,85.0,0,0.0,0,0,0.0,-1,-1,-1,-1,0.0,0.0
2026-06-01T00:00,0.0,0.0,0.0,0.0,4.6,3.76,5.8,115,12,62560.0,1,0.333,20.0,180.0,0,0.0,0,0,0.0,-1,-1,-1,-1,0.0,0.0
2026-06-01T01:00,0.0,0.0,0.0,0.0,6.7,4.1,7.8,137,13,62580.0,1,0.333,20.0,400.0,0,0.0,0,0,0.0,-1,-1,-1,-1,0.0,0.0
2026-06-01T02:00,0.0,0.0,0.0,0.0,8.9,3.7,8.2,157,5,64560.0,1,0.332,170.0,820.0,0,0.0,0,0,0.0,-1,-1,-1,-1,0.0,0.0
2026-06-01T03:00,0.0,0.0,0.0,0.0,10.4,2.92,8.4,193,21,20440.0,1,0.33,110.0,1620.0,0,0.0,1,0,0.0,-1,-1,-1,-1,0.0,0.0
2026-06-01T04:00,0.1,1.0,0.0,0.0,11.8,4.33,9.1,216,24,22240.0,1,0.329,10.0,1760.0,0,0.0,51,0,0.0,-1,-1,-1,-1,0.0,0.0
2026-06-01T05:00,0.1,1.0,0.0,0.0,12.5,4.11,9.8,217,41,49040.0,1,0.327,0.0,1940.0,0,0.0,51,0,0.0,-1,-1,-1,-1,0.0,0.0
2026-06-01T06:00,0.3,1.0,0.0,0.0,14.0,4.98,10.2,214,30,69700.0,1,0.326,0.0,2205.0,0,0.0,51,1,0.0,14,0,2,22,0.0,0.6
2026-06-01T07:00,0.3,1.0,0.0,0.0,14.9,6.76,13.0,227,20,69700.0,1,0.326,0.0,2415.0,0,0.0,51,1,0.0,14,1,1,22,0.0,0.6
2026-06-01T08:00,0.0,0.0,0.0,0.0,15.5,6.34,13.1,222,40,69720.0,1,0.323,0.0,2680.0,0,0.0,1,0,0.0,-1,-1,-1,-1,0.0,0.0
2026-06-01T09:00,0.0,0.0,0.0,0.0,15.7,5.64,12.2,217,51,69720.0,1,0.321,10.0,2760.0,0,0.0,2,0,0.0,-1,-1,-1,-1,0.0,0.0
2026-06-01T10:00,0.0,0.0,0.0,0.0,14.2,5.85,11.0,210,70,69720.0,1,0.319,40.0,2075.0,0,0.0,2,0,0.0,-1,-1,-1,-1,0.0,0.0
2026-06-01T11:00,0.1,1.0,0.0,0.0,13.2,6.25,11.1,198,26,69740.0,1,0.318,10.0,1935.0,0,0.0,51,0,0.0,-1,-1,-1,-1,0.0,0.0
2026-06-01T12:00,0.0,0.0,0.0,0.0,12.8,4.34,11.1,218,16,69720.0,1,0.324,40.0,1050.0,0,0.0,0,0,0.0,-1,-1,-1,-1,0.0,0.0
2026-06-01T13:00,0.0,0.0,0.0,0.0,9.1,2.31,7.4,210,1,69740.0,0,0.324,40.0,135.0,0,0.0,0,0,0.0,-1,-1,-1,-1,0.0,0.0
2026-06-01T14:00,0.0,0.0,0.0,0.0,8.0,2.76,4.4,184,5,69740.0,0,0.324,30.0,145.0,0,0.0,0,0,0.0,-1,-1,-1,-1,0.0,0.0
2026-06-01T15:00,0.0,0.0,0.0,0.0,6.9,2.43,5.6,188,34,69740.0,0,0.324,20.0,250.0,0,0.0,1,0,0.0,-1,-1,-1,-1,0.0,0.0
2026-06-01T16:00,0.0,0.0,0.0,0.0,6.4,1.92,4.0,15,3,67260.0,0,0.324,30.0,75.0,0,0.0,0,0,0.0,-1,-1,-1,-1,0.0,0.0
2026-06-01T17:00,0.0,0.0,0.0,0.0,4.6,1.74,4.1,63,4,64680.0,0,0.324,50.0,30.0,0,0.0,0,0,0.0,-1,-1,-1,-1,0.0,0.0
2026-06-01T18:00,0.0,0.0,0.0,0.0,3.3,1.26,2.7,97,55,62700.0,0,0.324,60.0,20.0,0,0.0,2,0,0.0,-1,-1,-1,-1,0.0,0.0
2026-06-01T19:00,0.0,0.0,0.0,0.0,3.3,0.9,2.1,90,84,62700.0,0,0.324,60.0,20.0,0,0.0,3,0,0.0,-1,-1,-1,-1,0.0,0.0
2026-06-01T20:00,0.0,0.0,0.0,0.0,4.0,1.2,2.3,90,74,62720.0,0,0.324,60.0,25.0,0,0.0,2,0,0.0,-1,-1,-1,-1,0.0,0.0
2026-06-01T21:00,0.0,0.0,0.0,0.0,3.3,1.05,2.3,95,80,62720.0,0,0.324,50.0,25.0,0,0.0,3,0,0.0,-1,-1,-1,-1,0.0,0.0
2026-06-01T22:00,0.0,0.0,0.0,0.0,2.6,0.71,1.8,45,30,62740.0,0,0.324,50.0,20.0,0,0.0,1,0,0.0,-1,-1,-1,-1,0.0,0.0
2026-06-01T23:00,0.0,0.0,0.0,0.0,1.1,0.92,1.6,29,13,60340.0,1,0.325,40.0,20.0,0,0.0,0,0,0.0,-1,-1,-1,-1,0.0,0.0
2026-06-02T00:00,0.0,0.0,0.0,0.0,3.0,4.59,2.4,332,9,20580.0,1,0.32,90.0,375.0,0,0.0,0,0,0.0,-1,-1,-1,-1,0.0,0.0
2026-06-02T01:00,0.0,0.0,0.0,0.0,5.3,2.36,7.4,339,11,51000.0,1,0.32,50.0,495.0,0,0.0,0,0,0.0,-1,-1,-1,-1,0.0,0.0
2026-06-02T02:00,0.0,0.0,0.0,0.0,7.7,1.88,5.9,281,48,29900.0,1,0.32,80.0,920.0,0,0.0,1,0,0.0,-1,-1,-1,-1,0.0,0.0
2026-06-02T03:00,0.1,1.0,0.0,0.0,8.8,2.59,6.7,230,96,18400.0,1,0.319,180.0,1275.0,0,0.0,51,0,0.0,-1,-1,-1,-1,0.0,0.0
2026-06-02T04:00,0.1,1.0,0.0,0.0,10.2,3.41,8.3,220,93,18560.0,1,0.319,450.0,1685.0,0,0.0,51,0,0.0,-1,-1,-1,-1,0.0,0.0
2026-06-02T05:00,0.1,1.0,0.0,0.0,11.9,3.81,8.9,232,88,23460.0,1,0.318,490.0,1945.0,0,0.0,51,0,0.0,-1,-1,-1,-1,0.0,0.0
2026-06-02T06:00,0.3,1.0,0.35,0.0,7.3,5.28,9.2,235,30,5020.0,1,0.304,300.0,430.0,0,0.0,85,1,0.0,15,0,4,3,0.445,0.719
2026-06-02T07:00,0.3,0.667,0.0,0.0,12.0,2.25,10.4,287,52,22440.0,1,0.309,460.0,2190.0,0,0.0,51,1,0.1,15,1,3,3,0.445,0.519
2026-06-02T08:00,0.7,0.962,1.33,0.0,7.0,6.61,12.3,286,58,2580.0,1,0.316,80.0,515.0,0,0.0,86,1,0.0,15,2,2,3,0.445,0.696
2026-06-02T09:00,0.4,0.571,0.21,0.0,8.5,1.55,12.7,92,42,45720.0,1,0.324,220.0,220.0,0,0.0,85,1,0.0,15,3,1,3,0.445,0.461
2026-06-02T10:00,0.2,0.5,0.0,0.0,8.5,2.38,6.5,350,59,9380.0,1,0.329,10.0,510.0,0,0.0,51,0,0.1,-1,-1,-1,-1,0.0,0.0
2026-06-02T11:00,0.2,0.0,0.0,0.0,8.8,0.15,6.0,180,81,14200.0,1,0.333,140.0,335.0,0,0.0,51,0,0.2,-1,-1,-1,-1,0.0,0.0
2026-06-02T12:00,0.3,0.857,0.28,0.01,5.4,0.58,3.5,211,88,5120.0,1,0.313,30.0,225.0,0,0.0,85,0,0.0,-1,-1,-1,-1,0.0,0.0
2026-06-02T13:00,0.7,0.571,0.0,0.01,3.8,2.23,4.4,138,100,6540.0,0,0.324,0.0,235.0,0,0.0,53,1,0.3,16,0,5,13,0.559,0.492
2026-06-02T14:00,0.3,0.0,0.0,0.0,3.6,2.16,4.3,77,100,12680.0,0,0.33,10.0,310.0,0,0.0,51,1,0.3,16,1,4,13,0.559,0.149
2026-06-02T15:00,0.1,1.0,0.0,0.0,3.3,2.48,4.4,71,98,9160.0,0,0.333,0.0,335.0,0,0.0,51,0,0.0,16,2,3,13,0.559,0.749
2026-06-02T16:00,0.4,0.75,0.0,0.0,3.1,3.1,5.5,89,100,1460.0,0,0.339,20.0,540.0,0,0.0,51,1,0.1,16,3,2,13,0.559,0.599
2026-06-02T17:00,0.5,0.6,0.0,0.0,2.6,2.61,5.7,85,100,1440.0,0,0.346,10.0,380.0,0,0.0,53,1,0.2,16,4,1,13,0.559,0.509
2026-06-02T18:00,0.2,0.0,0.0,0.0,2.3,3.31,5.0,61,97,1280.0,0,0.342,20.0,460.0,0,0.0,51,0,0.2,-1,-1,-1,-1,0.0,0.0
2026-06-02T19:00,0.1,0.0,0.0,0.0,1.8,3.72,6.4,59,100,15660.0,0,0.344,10.0,535.0,0,0.0,51,0,0.1,-1,-1,-1,-1,0.0,0.0
2026-06-02T20:00,0.1,0.8,0.28,0.01,1.4,3.6,6.4,63,100,8720.0,0,0.344,0.0,470.0,0,0.0,85,0,0.0,-1,-1,-1,-1,0.0,0.0
2026-06-02T21:00,0.0,0.5,0.14,0.01,1.1,3.83,6.3,59,100,17560.0,0,0.344,10.0,435.0,0,0.0,85,0,0.0,-1,-1,-1,-1,0.0,0.0
2026-06-02T22:00,0.0,0.0,0.0,0.0,1.0,4.36,7.0,58,100,37940.0,0,0.344,0.0,420.0,0,0.0,3,0,0.0,-1,-1,-1,-1,0.0,0.0
2026-06-02T23:00,0.0,0.0,0.0,0.0,0.9,4.34,7.2,61,92,54120.0,1,0.344,0.0,385.0,0,0.0,3,0,0.0,-1,-1,-1,-1,0.0,0.0
2026-06-03T00:00,0.0,0.0,0.0,0.0,2.0,4.07,7.5,65,92,22800.0,1,0.348,0.0,455.0,0,0.0,3,0,0.0,-1,-1,-1,-1,0.0,0.0
2026-06-03T01:00,0.0,0.5,0.14,0.0,3.4,3.85,7.7,77,85,4480.0,1,0.347,0.0,600.0,0,0.0,85,0,0.0,-1,-1,-1,-1,0.0,0.0
2026-06-03T02:00,0.0,0.955,1.54,0.01,3.8,2.8,7.7,74,95,4060.0,1,0.346,10.0,730.0,0,0.0,86,0,0.0,-1,-1,-1,-1,0.0,0.0
2026-06-03T03:00,0.0,0.5,0.42,0.01,4.8,3.5,7.4,73,100,6120.0,1,0.351,0.0,750.0,0,0.0,85,0,0.0,-1,-1,-1,-1,0.0,0.0
2026-06-03T04:00,0.1,0.5,0.21,0.01,5.4,3.26,7.8,69,98,3820.0,1,0.358,0.0,830.0,0,0.0,85,0,0.0,-1,-1,-1,-1,0.0,0.0
2026-06-03T05:00,0.2,0.5,0.14,0.01,6.8,3.61,8.0,68,30,17680.0,1,0.366,40.0,980.0,0,0.0,85,0,0.0,-1,-1,-1,-1,0.0,0.0
2026-06-03T06:00,0.0,0.0,0.0,0.01,8.2,3.01,8.1,46,100,18440.0,1,0.371,40.0,1195.0,0,0.0,3,0,0.0,-1,-1,-1,-1,0.0,0.0
2026-06-03T07:00,0.4,0.941,0.91,0.0,6.9,3.73,8.6,50,65,5020.0,1,0.38,160.0,865.0,0,0.0,86,1,0.0,17,0,6,64,0.651,0.738
2026-06-03T08:00,0.3,0.667,0.0,0.01,8.5,2.83,8.4,46,56,15880.0,1,0.385,70.0,1480.0,0,0.0,51,1,0.1,17,1,5,64,0.651,0.574
2026-06-03T09:00,0.1,1.0,0.0,0.01,9.6,2.83,6.8,36,90,20220.0,1,0.386,60.0,1625.0,0,0.0,51,0,0.0,17,2,4,64,0.651,0.774
2026-06-03T10:00,0.5,0.889,0.91,0.0,5.2,3.23,7.0,82,91,3100.0,1,0.39,120.0,340.0,0,0.0,86,1,0.0,17,3,3,64,0.651,0.707
2026-06-03T11:00,0.9,0.792,1.05,0.01,3.6,2.05,7.1,90,98,2800.0,1,0.401,10.0,210.0,0,0.0,86,1,0.0,17,4,2,64,0.651,0.649
2026-06-03T12:00,0.3,0.25,0.07,0.01,5.2,3.14,4.9,68,90,14340.0,1,0.372,60.0,665.0,0,0.0,85,1,0.2,17,5,1,64,0.651,0.324
2026-06-03T13:00,0.1,0.0,0.0,0.0,4.4,1.4,5.1,90,91,17840.0,0,0.372,10.0,345.0,0,0.0,51,0,0.1,-1,-1,-1,-1,0.0,0.0
2026-06-03T14:00,0.0,0.0,0.0,0.0,4.0,1.53,2.7,109,99,19360.0,0,0.371,20.0,305.0,0,0.0,3,0,0.0,-1,-1,-1,-1,0.0,0.0
2026-06-03T15:00,0.1,0.0,0.0,0.0,2.9,1.25,2.7,88,98,18680.0,0,0.37,20.0,115.0,0,0.0,51,0,0.1,-1,-1,-1,-1,0.0,0.0
2026-06-03T16:00,0.0,0.0,0.0,0.0,2.0,1.12,2.1,69,100,27540.0,0,0.369,10.0,60.0,0,0.0,3,0,0.0,-1,-1,-1,-1,0.0,0.0
2026-06-03T17:00,0.1,1.0,0.0,0.0,1.8,1.07,1.9,37,84,12500.0,0,0.368,0.0,65.0,0,0.0,51,0,0.0,-1,-1,-1,-1,0.0,0.0
2026-06-03T18:00,0.1,1.0,0.21,0.01,2.1,0.88,1.7,43,100,6900.0,0,0.368,10.0,90.0,0,0.0,85,0,0.0,-1,-1,-1,-1,0.0,0.0
2026-06-03T19:00,0.1,0.5,0.07,0.01,1.9,1.6,2.4,51,100,9100.0,0,0.368,10.0,180.0,0,0.0,85,0,0.0,-1,-1,-1,-1,0.0,0.0
2026-06-03T20:00,0.0,1.0,0.14,0.01,1.8,1.91,3.1,45,100,7100.0,0,0.367,40.0,215.0,0,0.0,85,0,0.0,-1,-1,-1,-1,0.0,0.0
2026-06-03T21:00,0.0,1.0,0.35,0.01,1.6,1.42,2.9,32,87,6860.0,0,0.366,30.0,205.0,0,0.0,85,0,0.0,-1,-1,-1,-1,0.0,0.0
2026-06-03T22:00,0.0,0.857,0.49,0.01,1.1,1.27,2.2,11,70,6340.0,0,0.365,0.0,160.0,0,0.0,85,0,0.0,-1,-1,-1,-1,0.0,0.0
2026-06-03T23:00,0.0,0.0,0.14,0.01,1.2,2.0,3.1,37,100,17660.0,1,0.365,0.0,185.0,0,0.0,71,0,0.0,-1,-1,-1,-1,0.0,0.0
2026-06-04T00:00,0.0,0.0,0.0,0.02,0.9,2.4,3.6,23,100,3060.0,1,0.367,10.0,190.0,0,0.0,3,0,0.0,-1,-1,-1,-1,0.0,0.0
2026-06-04T01:00,0.0,0.167,0.42,0.02,1.8,1.78,3.9,11,100,5340.0,1,0.368,10.0,270.0,0,0.0,85,0,0.0,-1,-1,-1,-1,0.0,0.0
2026-06-04T02:00,0.0,0.0,0.14,0.02,2.3,1.6,3.3,2,100,12520.0,1,0.371,10.0,300.0,0,0.0,71,0,0.0,-1,-1,-1,-1,0.0,0.0
2026-06-04T03:00,0.0,0.0,0.0,0.02,4.0,2.76,3.8,5,84,33800.0,1,0.375,10.0,470.0,0,0.0,3,0,0.0,-1,-1,-1,-1,0.0,0.0
2026-06-04T04:00,0.0,0.0,0.0,0.01,5.8,3.38,7.6,13,66,32960.0,1,0.381,0.0,695.0,0,0.0,2,0,0.0,-1,-1,-1,-1,0.0,0.0
2026-06-04T05:00,0.0,0.0,0.0,0.01,7.0,3.07,7.9,16,52,16060.0,1,0.386,20.0,985.0,0,0.0,2,0,0.0,-1,-1,-1,-1,0.0,0.0
2026-06-04T06:00,0.1,1.0,0.0,0.0,7.0,2.28,7.5,19,100,13900.0,1,0.39,80.0,955.0,0,0.0,51,0,0.0,-1,-1,-1,-1,0.0,0.0
2026-06-04T07:00,0.1,1.0,0.0,0.0,8.3,0.74,6.6,20,34,12160.0,1,0.39,20.0,1025.0,0,0.0,51,0,0.0,-1,-1,-1,-1,0.0,0.0
2026-06-04T08:00,0.1,0.0,0.0,0.0,9.9,0.97,4.9,339,24,17960.0,1,0.387,80.0,1380.0,0,0.0,51,0,0.1,-1,-1,-1,-1,0.0,0.0
2026-06-04T09:00,0.0,0.0,0.0,0.0,10.7,0.72,5.1,335,39,19080.0,1,0.383,360.0,1625.0,0,0.0,1,0,0.0,-1,-1,-1,-1,0.0,0.0
2026-06-04T10:00,0.0,0.0,0.0,0.0,10.5,1.14,4.5,308,46,19900.0,1,0.38,50.0,1550.0,0,0.0,1,0,0.0,-1,-1,-1,-1,0.0,0.0
2026-06-04T11:00,0.0,0.0,0.0,0.0,10.0,1.18,4.4,324,51,29880.0,1,0.377,100.0,1185.0,0,0.0,2,0,0.0,-1,-1,-1,-1,0.0,0.0
2026-06-04T12:00,0.1,1.0,0.0,0.0,6.9,2.82,5.4,353,46,8180.0,1,0.37,120.0,350.0,0,0.0,51,0,0.0,-1,-1,-1,-1,0.0,0.0
2026-06-04T13:00,0.1,0.0,0.0,0.0,5.8,1.76,4.4,5,52,45360.0,0,0.369,280.0,210.0,0,0.0,51,0,0.1,-1,-1,-1,-1,0.0,0.0
2026-06-04T14:00,0.1,0.0,0.0,0.0,4.5,2.64,4.4,37,43,14340.0,0,0.368,50.0,295.0,0,0.0,51,0,0.1,-1,-1,-1,-1,0.0,0.0
2026-06-04T15:00,0.0,0.0,0.0,0.0,3.3,2.89,5.1,53,19,41920.0,0,0.367,30.0,250.0,0,0.0,0,0,0.0,-1,-1,-1,-1,0.0,0.0
2026-06-04T16:00,0.0,0.0,0.0,0.0,2.3,1.99,5.0,78,32,32680.0,0,0.366,40.0,140.0,0,0.0,1,0,0.0,-1,-1,-1,-1,0.0,0.0
2026-06-04T17:00,0.0,0.0,0.0,0.0,1.7,1.55,3.4,69,39,21680.0,0,0.365,20.0,65.0,0,0.0,1,0,0.0,-1,-1,-1,-1,0.0,0.0
2026-06-04T18:00,0.0,0.0,0.0,0.0,1.0,1.77,2.8,50,13,46880.0,0,0.36,10.0,50.0,0,0.0,0,0,0.0,-1,-1,-1,-1,0.0,0.0
2026-06-04T19:00,0.0,0.0,0.0,0.0,0.2,1.9,3.3,55,9,48800.0,0,0.36,0.0,50.0,0,0.0,0,0,0.0,-1,-1,-1,-1,0.0,0.0
2026-06-04T20:00,0.0,0.0,0.0,0.0,-0.3,1.78,3.4,58,8,38480.0,0,0.359,0.0,50.0,0,0.0,0,0,0.0,-1,-1,-1,-1,0.0,0.0
2026-06-04T21:00,0.0,0.0,0.0,0.0,-0.5,1.8,3.1,71,73,38280.0,0,0.358,0.0,60.0,0,0.0,2,0,0.0,-1,-1,-1,-1,0.0,0.0
2026-06-04T22:00,0.0,0.0,0.0,0.0,0.0,1.93,3.3,80,100,36260.0,0,0.357,0.0,165.0,0,0.0,3,0,0.0,-1,-1,-1,-1,0.0,0.0
2026-06-04T23:00,0.0,0.0,0.0,0.0,1.0,2.15,3.8,93,100,12940.0,1,0.357,0.0,335.0,0,0.0,3,0,0.0,-1,-1,-1,-1,0.0,0.0
2026-06-05T00:00,0.0,0.0,0.0,0.0,1.9,1.69,5.4,71,100,540.0,1,0.356,0.0,200.0,0,0.0,3,0,0.0,-1,-1,-1,-1,0.0,0.0
2026-06-05T01:00,0.0,0.0,0.0,0.0,2.7,1.44,3.8,104,100,900.0,1,0.355,0.0,365.0,0,0.0,3,0,0.0,-1,-1,-1,-1,0.0,0.0
2026-06-05T02:00,0.1,1.0,0.0,0.0,3.7,1.87,4.8,134,100,920.0,1,0.355,0.0,525.0,0,0.0,51,0,0.0,-1,-1,-1,-1,0.0,0.0
2026-06-05T03:00,0.1,1.0,0.0,0.0,4.9,2.27,5.6,140,100,2020.0,1,0.355,0.0,670.0,0,0.0,51,0,0.0,-1,-1,-1,-1,0.0,0.0
2026-06-05T04:00,0.0,0.0,0.0,0.0,6.7,1.68,5.8,153,99,11280.0,1,0.354,0.0,1000.0,0,0.0,3,0,0.0,-1,-1,-1,-1,0.0,0.0
2026-06-05T05:00,0.0,0.0,0.0,0.0,8.8,0.72,5.4,192,73,22620.0,1,0.352,20.0,1195.0,0,0.0,2,0,0.0,-1,-1,-1,-1,0.0,0.0
2026-06-05T06:00,0.0,0.0,0.0,0.0,9.8,0.87,4.8,301,38,67960.0,1,0.346,50.0,1200.0,0,0.0,1,0,0.0,-1,-1,-1,-1,0.0,0.0
2026-06-05T07:00,0.1,1.0,0.0,0.0,11.8,1.25,5.3,233,16,70480.0,1,0.343,0.0,1430.0,0,0.0,51,0,0.0,-1,-1,-1,-1,0.0,0.0
2026-06-05T08:00,0.0,0.0,0.0,0.0,12.8,1.97,6.2,240,41,70480.0,1,0.34,0.0,1810.0,0,0.0,1,0,0.0,-1,-1,-1,-1,0.0,0.0
2026-06-05T09:00,0.0,0.0,0.0,0.0,13.2,1.59,6.2,226,8,30100.0,1,0.337,0.0,1820.0,0,0.0,0,0,0.0,-1,-1,-1,-1,0.0,0.0
2026-06-05T10:00,0.0,0.0,0.0,0.0,13.1,1.33,5.5,200,5,48200.0,1,0.334,20.0,1775.0,0,0.0,0,0,0.0,-1,-1,-1,-1,0.0,0.0
2026-06-05T11:00,0.0,0.0,0.0,0.0,12.6,1.91,4.7,160,7,70500.0,1,0.333,30.0,1540.0,0,0.0,0,0,0.0,-1,-1,-1,-1,0.0,0.0
2026-06-05T12:00,0.0,0.0,0.0,0.0,12.7,1.7,5.0,135,31,70520.0,1,0.327,10.0,250.0,0,0.0,1,0,0.0,-1,-1,-1,-1,0.0,0.0
2026-06-05T13:00,0.0,0.0,0.0,0.0,9.1,1.52,3.0,107,21,70520.0,0,0.327,20.0,60.0,0,0.0,1,0,0.0,-1,-1,-1,-1,0.0,0.0
2026-06-05T14:00,0.0,0.0,0.0,0.0,7.7,1.31,2.3,83,58,70540.0,0,0.327,0.0,30.0,0,0.0,2,0,0.0,-1,-1,-1,-1,0.0,0.0
2026-06-05T15:00,0.0,0.0,0.0,0.0,7.0,2.16,3.4,97,60,70540.0,0,0.327,0.0,50.0,0,0.0,2,0,0.0,-1,-1,-1,-1,0.0,0.0
2026-06-05T16:00,0.0,0.0,0.0,0.0,6.3,2.56,4.2,107,73,68040.0,0,0.327,0.0,110.0,0,0.0,2,0,0.0,-1,-1,-1,-1,0.0,0.0
2026-06-05T17:00,0.0,0.0,0.0,0.0,5.3,2.15,4.3,152,99,65440.0,0,0.327,10.0,85.0,0,0.0,3,0,0.0,-1,-1,-1,-1,0.0,0.0
2026-06-05T18:00,0.0,0.0,0.0,0.0,4.7,0.39,3.6,220,97,65440.0,0,0.326,10.0,20.0,0,0.0,3,0,0.0,-1,-1,-1,-1,0.0,0.0
2026-06-05T19:00,0.0,0.0,0.0,0.0,4.7,0.5,1.1,96,100,65460.0,0,0.326,0.0,20.0,0,0.0,3,0,0.0,-1,-1,-1,-1,0.0,0.0
2026-06-05T20:00,0.0,0.0,0.0,0.0,4.1,0.96,1.6,99,97,65460.0,0,0.326,0.0,30.0,0,0.0,3,0,0.0,-1,-1,-1,-1,0.0,0.0
2026-06-05T21:00,0.0,0.0,0.0,0.0,4.1,1.43,2.3,119,98,21020.0,0,0.326,10.0,55.0,0,0.0,3,0,0.0,-1,-1,-1,-1,0.0,0.0
2026-06-05T22:00,0.1,0.0,0.0,0.0,3.5,1.8,2.8,136,100,9780.0,0,0.327,40.0,70.0,0,0.0,51,0,0.1,-1,-1,-1,-1,0.0,0.0
2026-06-05T23:00,0.1,0.0,0.0,0.0,3.6,3.45,5.4,120,98,20640.0,1,0.328,10.0,180.0,0,0.0,51,0,0.1,-1,-1,-1,-1,0.0,0.0
2026-06-06T00:00,0.0,0.0,0.0,0.0,4.6,3.39,6.7,106,47,25480.0,1,0.332,20.0,175.0,0,0.0,1,0,0.0,-1,-1,-1,-1,0.0,0.0
2026-06-06T01:00,0.0,0.0,0.0,0.0,7.0,3.64,6.9,122,70,61080.0,1,0.331,20.0,375.0,0,0.0,2,0,0.0,-1,-1,-1,-1,0.0,0.0
2026-06-06T02:00,0.0,0.0,0.0,0.0,9.3,2.84,7.4,146,86,63520.0,1,0.33,270.0,775.0,0,0.0,3,0,0.0,-1,-1,-1,-1,0.0,0.0
2026-06-06T03:00,0.0,0.0,0.0,0.0,11.4,1.96,7.5,195,26,17120.0,1,0.329,660.0,1470.0,0,0.0,1,0,0.0,-1,-1,-1,-1,0.0,0.0
2026-06-06T04:00,0.2,1.0,0.0,0.0,12.0,2.33,8.0,211,88,23120.0,1,0.328,120.0,1690.0,0,0.0,51,0,0.0,-1,-1,-1,-1,0.0,0.0
2026-06-06T05:00,1.8,0.885,0.56,0.0,7.1,4.6,11.3,211,77,4080.0,1,0.348,40.0,435.0,0,0.004,85,1,0.0,18,0,5,4,0.915,0.775
2026-06-06T06:00,1.0,0.857,0.28,0.0,9.9,3.69,9.7,205,58,5200.0,1,0.376,650.0,835.0,0,0.0,95,1,0.0,18,1,4,4,0.915,0.758
2026-06-06T07:00,0.4,0.75,0.0,0.0,12.6,4.23,10.7,243,36,11840.0,1,0.378,500.0,1475.0,0,0.0,51,1,0.1,18,2,3,4,0.915,0.694
2026-06-06T08:00,0.1,0.0,0.0,0.0,14.8,5.08,10.3,241,38,23660.0,1,0.375,650.0,2215.0,0,0.0,51,0,0.1,18,3,2,4,0.915,0.244
2026-06-06T09:00,0.4,1.0,0.0,0.0,14.6,4.42,10.7,225,20,26780.0,1,0.376,470.0,1895.0,0,0.0,51,1,0.0,18,4,1,4,0.915,0.844
2026-06-06T10:00,0.0,0.0,0.0,0.0,14.8,4.52,9.6,232,36,36480.0,1,0.373,60.0,2095.0,0,0.0,1,0,0.0,-1,-1,-1,-1,0.0,0.0
2026-06-06T11:00,0.2,1.0,0.0,0.0,12.6,3.97,9.2,175,51,19660.0,1,0.371,440.0,635.0,0,0.0,51,0,0.0,-1,-1,-1,-1,0.0,0.0
2026-06-06T12:00,0.0,0.0,0.0,0.0,13.0,2.69,7.9,198,15,68200.0,1,0.352,30.0,575.0,0,0.0,0,0,0.0,-1,-1,-1,-1,0.0,0.0
2026-06-06T13:00,0.0,0.0,0.0,0.0,10.1,2.62,4.7,193,46,24000.0,0,0.351,40.0,240.0,0,0.0,1,0,0.0,-1,-1,-1,-1,0.0,0.0
2026-06-06T14:00,0.3,1.0,0.0,0.0,7.3,2.03,6.3,196,70,7960.0,0,0.353,130.0,120.0,0,0.0,51,1,0.0,19,0,1,9,0.0,0.6
2026-06-06T15:00,0.1,0.0,0.0,0.0,6.2,3.26,4.8,122,38,58060.0,0,0.353,20.0,55.0,0,0.0,51,0,0.1,-1,-1,-1,-1,0.0,0.0
2026-06-06T16:00,0.2,1.0,0.0,0.0,5.5,2.17,5.8,82,83,55260.0,0,0.354,0.0,85.0,0,0.0,51,0,0.0,-1,-1,-1,-1,0.0,0.0
2026-06-06T17:00,0.0,0.0,0.0,0.0,5.0,2.41,4.9,69,21,36920.0,0,0.353,30.0,85.0,0,0.0,1,0,0.0,-1,-1,-1,-1,0.0,0.0
2026-06-06T18:00,0.0,0.0,0.0,0.0,4.2,3.23,5.1,103,8,57980.0,0,0.342,10.0,105.0,0,0.0,0,0,0.0,-1,-1,-1,-1,0.0,0.0
2026-06-06T19:00,0.0,0.0,0.0,0.0,4.0,3.19,5.3,107,5,57980.0,0,0.341,30.0,125.0,0,0.0,0,0,0.0,-1,-1,-1,-1,0.0,0.0
2026-06-06T20:00,0.0,0.0,0.0,0.0,3.9,2.82,5.3,117,2,61220.0,0,0.341,30.0,155.0,0,0.0,0,0,0.0,-1,-1,-1,-1,0.0,0.0
2026-06-06T21:00,0.0,0.0,0.0,0.0,3.5,2.7,4.7,124,83,61240.0,0,0.341,20.0,140.0,0,0.0,3,0,0.0,-1,-1,-1,-1,0.0,0.0
2026-06-06T22:00,0.0,0.0,0.0,0.0,3.0,1.36,4.6,126,39,61240.0,0,0.341,40.0,75.0,0,0.0,1,0,0.0,-1,-1,-1,-1,0.0,0.0
2026-06-06T23:00,0.1,0.0,0.0,0.0,2.2,0.95,2.4,357,45,10400.0,1,0.341,30.0,45.0,0,0.0,51,0,0.1,-1,-1,-1,-1,0.0,0.0
2026-06-07T00:00,0.3,0.667,0.0,0.0,2.6,1.24,3.3,313,100,480.0,1,0.337,10.0,90.0,0,0.0,51,1,0.1,20,0,4,2,0.348,0.493
2026-06-07T01:00,0.7,0.8,0.91,0.01,2.9,1.06,5.8,199,100,400.0,1,0.347,0.0,145.0,0,0.0,86,1,0.0,20,1,3,2,0.348,0.573
2026-06-07T02:00,0.7,0.0,0.07,0.01,2.9,1.92,4.2,189,100,1020.0,1,0.358,0.0,185.0,0,0.0,71,1,0.7,20,2,2,2,0.348,0.093
2026-06-07T03:00,0.5,0.0,0.0,0.01,4.9,2.73,6.4,220,98,3460.0,1,0.366,0.0,320.0,0,0.0,53,1,0.5,20,3,1,2,0.348,0.093
2026-06-07T04:00,0.0,0.0,0.0,0.0,8.1,2.84,9.2,206,46,18180.0,1,0.367,350.0,1025.0,0,0.0,1,0,0.0,-1,-1,-1,-1,0.0,0.0
2026-06-07T05:00,0.2,1.0,0.0,0.0,11.6,3.55,9.2,219,86,23680.0,1,0.368,460.0,1755.0,0,0.0,51,0,0.0,-1,-1,-1,-1,0.0,0.0
2026-06-07T06:00,0.4,1.0,0.07,0.0,10.6,5.62,10.3,245,75,7100.0,1,0.334,10.0,1070.0,0,0.0,85,1,0.0,21,0,3,16,0.133,0.636
2026-06-07T07:00,0.5,0.8,0.0,0.0,11.9,5.06,12.1,258,62,12420.0,1,0.336,60.0,1465.0,0,0.0,53,1,0.1,21,1,2,16,0.133,0.516
2026-06-07T08:00,0.4,1.0,0.0,0.0,12.3,5.1,10.6,259,68,10020.0,1,0.337,0.0,1745.0,0,0.0,51,1,0.0,21,2,1,16,0.133,0.636
2026-06-07T09:00,0.2,1.0,0.0,0.0,12.8,5.8,11.2,255,30,11180.0,1,0.337,20.0,1660.0,0,0.0,51,0,0.0,-1,-1,-1,-1,0.0,0.0
2026-06-07T10:00,0.1,0.0,0.0,0.0,12.6,5.06,10.9,273,48,18740.0,1,0.335,0.0,1660.0,0,0.0,51,0,0.1,-1,-1,-1,-1,0.0,0.0
2026-06-07T11:00,0.0,0.0,0.0,0.0,12.2,3.99,9.6,285,39,17900.0,1,0.334,0.0,1550.0,0,0.0,1,0,0.0,-1,-1,-1,-1,0.0,0.0
2026-06-07T12:00,0.0,0.0,0.0,0.0,11.5,2.66,7.4,275,28,58820.0,1,0.339,30.0,1210.0,0,0.0,1,0,0.0,-1,-1,-1,-1,0.0,0.0
2026-06-07T13:00,0.0,0.0,0.0,0.0,9.3,0.25,4.4,127,11,68400.0,0,0.338,10.0,15.0,0,0.0,0,0,0.0,-1,-1,-1,-1,0.0,0.0
2026-06-07T14:00,0.0,0.0,0.0,0.0,7.1,1.86,2.8,114,59,63800.0,0,0.338,30.0,55.0,0,0.0,2,0,0.0,-1,-1,-1,-1,0.0,0.0
2026-06-07T15:00,0.0,0.0,0.0,0.0,7.6,3.94,6.2,116,73,63800.0,0,0.337,40.0,165.0,0,0.0,2,0,0.0,-1,-1,-1,-1,0.0,0.0
2026-06-07T16:00,0.0,0.0,0.0,0.0,7.4,3.96,6.4,133,85,63820.0,0,0.337,50.0,165.0,0,0.0,3,0,0.0,-1,-1,-1,-1,0.0,0.0
2026-06-07T17:00,0.0,0.0,0.0,0.0,6.5,3.61,6.4,143,9,61380.0,0,0.336,120.0,135.0,0,0.0,0,0,0.0,-1,-1,-1,-1,0.0,0.0
2026-06-07T18:00,0.0,0.0,0.0,0.0,4.1,2.0,5.6,87,10,58160.0,0,0.331,120.0,55.0,0,0.0,0,0,0.0,-1,-1,-1,-1,0.0,0.0
2026-06-07T19:00,0.0,0.0,0.0,0.0,2.9,2.74,4.6,75,28,49280.0,0,0.331,140.0,65.0,0,0.0,1,0,0.0,-1,-1,-1,-1,0.0,0.0
2026-06-07T20:00,0.0,0.0,0.0,0.0,3.1,2.8,4.8,91,99,5000.0,0,0.33,130.0,120.0,0,0.0,3,0,0.0,-1,-1,-1,-1,0.0,0.0
2026-06-07T21:00,0.0,0.0,0.0,0.0,4.2,2.92,5.1,112,100,2000.0,0,0.33,50.0,185.0,0,0.0,3,0,0.0,-1,-1,-1,-1,0.0,0.0
2026-06-07T22:00,0.0,0.0,0.0,0.0,4.1,2.27,4.9,104,98,7500.0,0,0.33,30.0,175.0,0,0.0,3,0,0.0,-1,-1,-1,-1,0.0,0.0
2026-06-07T23:00,0.0,0.0,0.0,0.0,4.0,1.74,3.8,102,100,12680.0,1,0.33,30.0,155.0,0,0.0,3,0,0.0,-1,-1,-1,-1,0.0,0.0
2026-06-08T00:00,0.1,0.0,0.0,0.0,4.3,2.56,3.9,59,100,6580.0,1,0.332,90.0,190.0,0,0.0,51,0,0.1,-1,-1,-1,-1,0.0,0.0
2026-06-08T01:00,0.4,0.0,0.0,0.0,4.9,1.93,4.7,80,100,7820.0,1,0.336,50.0,290.0,0,0.0,51,1,0.4,22,0,3,8,0.527,0.141
2026-06-08T02:00,1.2,0.882,0.35,0.0,4.5,2.28,5.3,113,100,5520.0,1,0.352,10.0,310.0,0,0.0002,85,1,0.0,22,1,2,8,0.527,0.67
2026-06-08T03:00,0.7,0.667,0.14,0.0,6.6,2.42,6.0,112,94,7100.0,1,0.36,50.0,450.0,0,0.0,85,1,0.1,22,2,1,8,0.527,0.541
2026-06-08T04:00,0.2,0.5,0.0,0.0,8.3,2.49,6.7,150,69,10780.0,1,0.362,350.0,670.0,0,0.0,51,0,0.1,-1,-1,-1,-1,0.0,0.0
2026-06-08T05:00,0.2,0.5,0.0,0.0,10.6,2.33,6.7,155,36,13000.0,1,0.362,700.0,1120.0,0,0.0,51,0,0.1,-1,-1,-1,-1,0.0,0.0
2026-06-08T06:00,0.2,1.0,0.0,0.0,11.0,1.38,6.9,139,29,16960.0,1,0.37,490.0,1280.0,0,0.0,51,0,0.0,-1,-1,-1,-1,0.0,0.0
2026-06-08T07:00,0.1,1.0,0.0,0.0,12.0,1.77,6.2,155,27,13480.0,1,0.366,420.0,1270.0,0,0.0,51,0,0.0,-1,-1,-1,-1,0.0,0.0
2026-06-08T08:00,0.1,1.0,0.0,0.0,12.7,1.7,6.0,178,37,15060.0,1,0.362,430.0,1490.0,0,0.0,51,0,0.0,-1,-1,-1,-1,0.0,0.0
2026-06-08T09:00,0.1,0.0,0.0,0.0,13.3,1.86,5.9,186,18,18120.0,1,0.358,470.0,1665.0,0,0.0,51,0,0.1,-1,-1,-1,-1,0.0,0.0
2026-06-08T10:00,0.0,0.0,0.0,0.0,13.4,1.14,5.8,195,10,33780.0,1,0.355,60.0,1680.0,0,0.0,0,0,0.0,-1,-1,-1,-1,0.0,0.0
2026-06-08T11:00,0.0,0.0,0.0,0.0,12.4,2.8,5.6,161,75,16540.0,1,0.353,70.0,910.0,0,0.0,2,0,0.0,-1,-1,-1,-1,0.0,0.0
2026-06-08T12:00,0.5,0.8,0.0,0.0,10.4,2.59,6.1,80,19,22620.0,1,0.354,90.0,305.0,0,0.0,53,1,0.1,23,0,1,17,0.0,0.48
2026-06-08T13:00,0.0,0.0,0.0,0.0,8.0,3.23,5.1,74,19,61540.0,0,0.353,390.0,255.0,0,0.0,0,0,0.0,-1,-1,-1,-1,0.0,0.0
2026-06-08T14:00,0.0,0.0,0.0,0.0,6.1,3.91,6.6,50,7,56140.0,0,0.351,240.0,210.0,0,0.0,0,0,0.0,-1,-1,-1,-1,0.0,0.0
2026-06-08T15:00,0.0,0.0,0.0,0.0,4.9,3.09,6.5,61,8,54660.0,0,0.35,30.0,165.0,0,0.0,0,0,0.0,-1,-1,-1,-1,0.0,0.0
2026-06-08T16:00,0.0,0.0,0.0,0.0,4.4,3.19,5.2,49,24,54680.0,0,0.349,50.0,130.0,0,0.0,1,0,0.0,-1,-1,-1,-1,0.0,0.0
2026-06-08T17:00,0.0,0.0,0.0,0.0,4.1,3.5,5.9,73,22,54680.0,0,0.349,20.0,160.0,0,0.0,1,0,0.0,-1,-1,-1,-1,0.0,0.0
2026-06-08T18:00,0.0,0.0,0.0,0.0,4.0,3.28,6.0,74,31,52920.0,0,0.342,40.0,135.0,0,0.0,1,0,0.0,-1,-1,-1,-1,0.0,0.0
2026-06-08T19:00,0.0,0.0,0.0,0.0,2.9,2.59,5.4,65,95,49440.0,0,0.342,30.0,60.0,0,0.0,3,0,0.0,-1,-1,-1,-1,0.0,0.0
2026-06-08T20:00,0.0,0.0,0.0,0.0,3.4,2.75,4.7,74,88,54700.0,0,0.341,110.0,65.0,0,0.0,3,0,0.0,-1,-1,-1,-1,0.0,0.0
2026-06-08T21:00,0.0,0.0,0.0,0.0,3.2,2.96,4.8,78,7,27660.0,0,0.34,70.0,90.0,0,0.0,0,0,0.0,-1,-1,-1,-1,0.0,0.0
2026-06-08T22:00,0.0,0.0,0.0,0.0,2.3,2.51,4.9,85,8,20680.0,0,0.34,50.0,85.0,0,0.0,0,0,0.0,-1,-1,-1,-1,0.0,0.0
2026-06-08T23:00,0.0,0.0,0.0,0.0,1.7,1.85,4.1,92,6,36240.0,1,0.339,20.0,60.0,0,0.0,0,0,0.0,-1,-1,-1,-1,0.0,0.0
2026-06-09T00:00,0.0,0.0,0.0,0.0,3.1,2.08,4.0,125,97,440.0,1,0.332,50.0,120.0,0,0.0,3,0,0.0,-1,-1,-1,-1,0.0,0.0
2026-06-09T01:00,0.0,0.0,0.0,0.0,5.2,1.86,4.8,149,68,860.0,1,0.331,10.0,210.0,0,0.0,2,0,0.0,-1,-1,-1,-1,0.0,0.0
2026-06-09T02:00,0.0,0.0,0.0,0.0,8.1,1.86,5.4,185,5,19140.0,1,0.33,230.0,730.0,0,0.0,0,0,0.0,-1,-1,-1,-1,0.0,0.0
2026-06-09T03:00,0.0,0.0,0.0,0.0,10.0,1.28,8.0,211,9,39580.0,1,0.328,470.0,1390.0,0,0.0,0,0,0.0,-1,-1,-1,-1,0.0,0.0
2026-06-09T04:00,0.0,0.0,0.0,0.0,12.3,3.09,8.6,236,13,16040.0,1,0.325,710.0,1735.0,0,0.0,0,0,0.0,-1,-1,-1,-1,0.0,0.0
2026-06-09T05:00,0.1,1.0,0.0,0.0,14.6,4.93,10.4,247,79,32820.0,1,0.323,550.0,2335.0,0,0.0,51,0,0.0,-1,-1,-1,-1,0.0,0.0
2026-06-09T06:00,0.6,1.0,0.14,0.0,13.7,5.43,12.8,244,55,13800.0,1,0.328,140.0,2045.0,0,0.0,85,1,0.0,24,0,1,6,0.0,0.6
2026-06-09T07:00,0.2,0.5,0.0,0.0,14.6,6.69,12.8,245,53,25400.0,1,0.328,190.0,2265.0,0,0.0,51,0,0.1,-1,-1,-1,-1,0.0,0.0
2026-06-09T08:00,0.1,1.0,0.0,0.01,12.3,4.41,12.8,295,63,22760.0,1,0.326,0.0,1690.0,0,0.0,51,0,0.0,-1,-1,-1,-1,0.0,0.0
2026-06-09T09:00,0.1,0.0,0.0,0.0,12.7,3.24,9.2,295,51,14120.0,1,0.324,0.0,1745.0,0,0.0,51,0,0.1,-1,-1,-1,-1,0.0,0.0
2026-06-09T10:00,0.1,0.0,0.0,0.01,13.2,4.26,8.0,267,51,17320.0,1,0.322,10.0,1900.0,0,0.0,51,0,0.1,-1,-1,-1,-1,0.0,0.0
2026-06-09T11:00,0.1,0.0,0.0,0.01,9.1,5.57,10.9,335,75,10020.0,1,0.322,320.0,425.0,0,0.0,51,0,0.1,-1,-1,-1,-1,0.0,0.0
2026-06-09T12:00,0.1,0.0,0.0,0.0,5.2,2.46,9.6,103,100,3800.0,1,0.356,10.0,310.0,0,0.0,51,0,0.1,-1,-1,-1,-1,0.0,0.0
2026-06-09T13:00,1.4,0.667,0.07,0.0,5.1,2.38,4.6,150,92,5800.0,0,0.373,20.0,315.0,0,0.001,85,1,0.4,25,0,6,11,0.53,0.542
2026-06-09T14:00,1.0,0.3,0.0,0.0,4.0,2.73,4.9,188,100,4600.0,0,0.384,10.0,270.0,0,0.0,55,1,0.7,25,1,5,11,0.53,0.321
2026-06-09T15:00,1.1,0.8,0.28,0.0,3.3,1.41,4.9,98,88,7920.0,0,0.394,0.0,125.0,0,0.0,85,1,0.0,25,2,4,11,0.53,0.621
2026-06-09T16:00,0.5,1.0,0.42,0.01,2.2,1.87,3.4,44,100,500.0,0,0.396,30.0,110.0,0,0.0,85,1,0.0,25,3,3,11,0.53,0.741
2026-06-09T17:00,0.4,1.0,0.0,0.01,1.3,2.8,4.6,61,52,1640.0,0,0.395,30.0,80.0,0,0.0,51,1,0.0,25,4,2,11,0.53,0.741
2026-06-09T18:00,0.4,1.0,0.07,0.01,0.5,2.02,4.6,67,100,360.0,0,0.391,0.0,95.0,0,0.0,85,1,0.0,25,5,1,11,0.53,0.741
2026-06-09T19:00,0.0,1.0,2.8,0.01,0.2,1.93,4.9,69,99,460.0,0,0.387,0.0,70.0,0,0.0,86,0,0.0,-1,-1,-1,-1,0.0,0.0
2026-06-09T20:00,0.1,1.0,0.7,0.01,-0.4,1.86,4.3,63,91,860.0,0,0.385,20.0,60.0,0,0.0,85,0,0.0,-1,-1,-1,-1,0.0,0.0
2026-06-09T21:00,0.0,1.0,0.35,0.01,-0.9,1.91,3.3,49,100,420.0,0,0.382,20.0,45.0,0,0.0,85,0,0.0,-1,-1,-1,-1,0.0,0.0
2026-06-09T22:00,0.0,0.8,0.7,0.01,-0.3,1.65,4.3,90,100,1140.0,0,0.38,0.0,55.0,0,0.0,85,0,0.0,-1,-1,-1,-1,0.0,0.0
2026-06-09T23:00,0.0,0.667,0.63,0.01,-0.3,1.29,3.4,103,100,680.0,1,0.377,20.0,45.0,0,0.0,85,0,0.0,-1,-1,-1,-1,0.0,0.0
2026-06-10T00:00,0.0,0.0,0.0,0.0,2.7,1.54,2.1,115,100,2200.0,1,0.346,20.0,160.0,0,0.0,3,0,0.0,-1,-1,-1,-1,0.0,0.0
2026-06-10T01:00,0.1,0.0,0.0,0.0,3.9,2.42,5.2,142,99,940.0,1,0.346,10.0,325.0,0,0.0,51,0,0.1,-1,-1,-1,-1,0.0,0.0
2026-06-10T02:00,0.1,0.0,0.0,0.0,5.1,2.5,5.8,164,100,7920.0,1,0.346,0.0,475.0,0,0.0,51,0,0.1,-1,-1,-1,-1,0.0,0.0
2026-06-10T03:00,0.1,0.0,0.0,0.0,6.3,2.0,5.8,183,98,21440.0,1,0.345,0.0,670.0,0,0.0,51,0,0.1,-1,-1,-1,-1,0.0,0.0
2026-06-10T04:00,0.1,0.0,0.0,0.0,8.4,0.43,7.1,339,92,18600.0,1,0.344,180.0,935.0,0,0.0,51,0,0.1,-1,-1,-1,-1,0.0,0.0
2026-06-10T05:00,0.1,1.0,0.0,0.0,10.0,1.58,7.8,349,98,13660.0,1,0.341,150.0,1310.0,0,0.0,51,0,0.0,-1,-1,-1,-1,0.0,0.0
2026-06-10T06:00,0.9,0.938,0.49,0.0,7.0,3.66,7.6,10,44,5000.0,1,0.357,30.0,395.0,0,0.0,85,1,0.0,26,0,16,3,0.535,0.705
2026-06-10T07:00,1.0,0.636,0.07,0.0,6.2,2.7,8.6,79,88,5580.0,1,0.368,110.0,345.0,0,0.0,85,1,0.3,26,1,15,3,0.535,0.524
2026-06-10T08:00,0.6,0.5,0.0,0.0,9.3,0.92,7.0,29,52,7100.0,1,0.372,520.0,560.0,0,0.0,53,1,0.3,26,2,14,3,0.535,0.443
2026-06-10T09:00,0.4,0.75,0.0,0.0,10.7,1.77,5.7,299,52,5800.0,1,0.373,600.0,1090.0,0,0.0,51,1,0.1,26,3,13,3,0.535,0.593
2026-06-10T10:00,1.3,0.867,0.14,0.0,6.0,1.68,5.5,233,84,4180.0,1,0.383,110.0,365.0,0,0.0041,85,1,0.0,26,4,12,3,0.535,0.663
2026-06-10T11:00,1.4,0.872,1.75,0.0,3.4,0.57,5.6,75,99,260.0,1,0.398,0.0,65.0,0,0.0,86,1,0.0,26,5,11,3,0.535,0.666
2026-06-10T12:00,0.7,0.882,0.7,0.0,6.7,3.56,5.2,340,89,6740.0,1,0.37,10.0,370.0,0,0.0,85,1,0.0,26,6,10,3,0.535,0.672
2026-06-10T13:00,0.9,0.889,0.0,0.0,5.1,3.07,6.4,7,62,6740.0,0,0.379,0.0,295.0,0,0.0,53,1,0.1,26,7,9,3,0.535,0.676
2026-06-10T14:00,1.0,0.75,0.14,0.0,3.1,1.87,5.0,74,100,1480.0,0,0.389,20.0,130.0,0,0.0,85,1,0.1,26,8,8,3,0.535,0.593
2026-06-10T15:00,1.1,0.588,0.42,0.0,2.5,2.16,4.4,46,100,600.0,0,0.398,10.0,125.0,0,0.0001,85,1,0.1,26,9,7,3,0.535,0.495
2026-06-10T16:00,0.5,0.0,0.0,0.0,2.1,1.05,4.3,59,100,780.0,0,0.399,0.0,100.0,0,0.0,53,1,0.5,26,10,6,3,0.535,0.143
2026-06-10T17:00,0.5,0.714,0.14,0.0,2.1,2.1,4.5,93,100,600.0,0,0.399,10.0,155.0,0,0.0,85,1,0.0,26,11,5,3,0.535,0.571
2026-06-10T18:00,0.3,0.8,0.14,0.01,1.7,2.15,4.7,108,100,320.0,0,0.397,10.0,170.0,0,0.0,85,1,0.0,26,12,4,3,0.535,0.623
2026-06-10T19:00,0.3,0.5,0.07,0.01,1.8,1.92,4.2,118,100,780.0,0,0.397,10.0,165.0,0,0.0,85,1,0.1,26,13,3,3,0.535,0.443
2026-06-10T20:00,0.2,0.667,0.07,0.0,1.7,1.38,3.4,134,100,1140.0,0,0.396,10.0,100.0,0,0.0,85,0,0.0,26,14,2,3,0.535,0.543
2026-06-10T21:00,0.3,0.0,0.0,0.0,1.6,1.75,2.9,211,100,360.0,0,0.394,10.0,95.0,0,0.0,51,1,0.3,26,15,1,3,0.535,0.143
2026-06-10T22:00,0.0,0.0,0.84,0.01,1.7,3.25,4.4,269,100,380.0,0,0.393,0.0,255.0,0,0.0,75,0,0.0,-1,-1,-1,-1,0.0,0.0
2026-06-10T23:00,0.0,0.0,1.54,0.01,1.8,3.39,4.3,261,100,320.0,1,0.393,30.0,305.0,0,0.0,75,0,0.0,-1,-1,-1,-1,0.0,0.0
2026-06-11T00:00,0.0,0.0,1.61,0.0,2.0,0.74,2.4,62,100,900.0,1,0.376,10.0,50.0,0,0.0,75,0,0.0,-1,-1,-1,-1,0.0,0.0
2026-06-11T01:00,0.4,0.0,0.63,0.01,2.3,2.48,4.3,19,100,1420.0,1,0.378,10.0,325.0,0,0.0,73,1,0.4,27,0,1,4,0.0,0
2026-06-11T02:00,0.1,0.0,1.12,0.01,2.5,3.85,6.9,1,98,3120.0,1,0.38,0.0,405.0,0,0.0,75,0,0.1,-1,-1,-1,-1,0.0,0.0
2026-06-11T03:00,0.0,0.0,0.14,0.01,4.2,3.06,7.8,356,98,18360.0,1,0.383,0.0,545.0,0,0.0,71,0,0.0,-1,-1,-1,-1,0.0,0.0
2026-06-11T04:00,0.1,0.0,0.0,0.01,5.9,2.42,6.8,297,100,12020.0,1,0.386,0.0,845.0,0,0.0,51,0,0.1,-1,-1,-1,-1,0.0,0.0
2026-06-11T05:00,0.1,1.0,0.0,0.01,7.1,2.89,7.1,280,100,14740.0,1,0.389,0.0,845.0,0,0.0,51,0,0.0,-1,-1,-1,-1,0.0,0.0
2026-06-11T06:00,0.3,0.333,0.0,0.0,7.0,2.61,7.6,274,100,7600.0,1,0.392,0.0,920.0,0,0.0,51,1,0.2,28,0,10,19,0.596,0.359
2026-06-11T07:00,0.5,0.0,0.0,0.0,6.1,3.05,6.9,293,100,6200.0,1,0.395,0.0,675.0,0,0.0,53,1,0.5,28,1,9,19,0.596,0.159
2026-06-11T08:00,0.4,0.5,0.0,0.0,7.7,1.72,7.4,296,90,10680.0,1,0.396,0.0,695.0,0,0.0,51,1,0.2,28,2,8,19,0.596,0.459
2026-06-11T09:00,0.2,0.5,0.0,0.0,9.3,1.5,6.0,323,66,37300.0,1,0.393,0.0,1145.0,0,0.0,51,0,0.1,28,3,7,19,0.596,0.459
2026-06-11T10:00,0.7,1.0,0.0,0.0,8.6,1.7,5.1,50,49,8540.0,1,0.395,180.0,1050.0,0,0.0,53,1,0.0,28,4,6,19,0.596,0.759
2026-06-11T11:00,0.9,0.818,0.14,0.0,6.4,4.63,8.3,64,44,7880.0,1,0.399,30.0,515.0,0,0.0,85,1,0.0,28,5,5,19,0.596,0.65
2026-06-11T12:00,0.1,0.0,0.0,0.0,6.1,4.3,9.6,70,97,7460.0,1,0.37,20.0,315.0,0,0.0,51,0,0.1,28,6,4,19,0.596,0.159
2026-06-11T13:00,1.0,0.8,0.0,0.0,3.7,2.5,7.1,70,99,4420.0,0,0.381,30.0,165.0,0,0.0,55,1,0.2,28,7,3,19,0.596,0.639
2026-06-11T14:00,0.6,0.818,0.35,0.0,2.6,2.46,4.4,77,100,360.0,0,0.386,20.0,190.0,0,0.0,85,1,0.0,28,8,2,19,0.596,0.65
2026-06-11T15:00,0.3,0.818,0.56,0.01,2.0,2.09,4.5,79,100,740.0,0,0.388,30.0,180.0,0,0.0,85,1,0.0,28,9,1,19,0.596,0.65
2026-06-11T16:00,0.1,0.0,0.07,0.01,1.7,2.4,4.3,102,100,6420.0,0,0.388,40.0,190.0,0,0.0,71,0,0.1,-1,-1,-1,-1,0.0,0.0
2026-06-11T17:00,0.0,0.0,0.0,0.01,1.7,1.82,4.1,81,90,400.0,0,0.387,30.0,155.0,0,0.0,3,0,0.0,-1,-1,-1,-1,0.0,0.0
2026-06-11T18:00,0.1,0.0,0.0,0.01,0.9,3.06,4.2,86,89,1840.0,0,0.376,30.0,175.0,0,0.0,51,0,0.1,-1,-1,-1,-1,0.0,0.0
2026-06-11T19:00,0.0,0.0,0.07,0.01,1.0,2.2,5.2,90,100,940.0,0,0.375,20.0,205.0,0,0.0,71,0,0.0,-1,-1,-1,-1,0.0,0.0
2026-06-11T20:00,0.0,0.0,0.07,0.01,1.2,2.1,4.1,38,100,740.0,0,0.375,20.0,200.0,0,0.0,71,0,0.0,-1,-1,-1,-1,0.0,0.0
2026-06-11T21:00,0.0,0.0,0.21,0.01,1.4,2.18,3.8,58,100,4520.0,0,0.374,10.0,195.0,0,0.0,73,0,0.0,-1,-1,-1,-1,0.0,0.0
2026-06-11T22:00,0.0,0.0,0.0,0.01,1.3,1.85,3.7,90,97,16380.0,0,0.373,0.0,165.0,0,0.0,3,0,0.0,-1,-1,-1,-1,0.0,0.0
2026-06-11T23:00,0.0,0.0,0.0,0.01,0.7,1.05,2.9,87,100,2180.0,1,0.372,10.0,85.0,0,0.0,3,0,0.0,-1,-1,-1,-1,0.0,0.0
2026-06-12T00:00,0.0,0.0,0.0,0.0,1.7,1.93,3.4,100,98,1040.0,1,0.366,10.0,120.0,0,0.0,3,0,0.0,-1,-1,-1,-1,0.0,0.0
2026-06-12T01:00,0.0,0.0,0.0,0.0,3.9,2.37,5.0,134,98,2800.0,1,0.365,10.0,350.0,0,0.0,3,0,0.0,-1,-1,-1,-1,0.0,0.0
2026-06-12T02:00,0.0,0.0,0.0,0.0,5.9,3.35,7.0,153,95,26060.0,1,0.364,10.0,615.0,0,0.0,3,0,0.0,-1,-1,-1,-1,0.0,0.0
2026-06-12T03:00,0.1,1.0,0.0,0.0,9.0,4.16,9.5,198,94,18620.0,1,0.362,10.0,1235.0,0,0.0,51,0,0.0,-1,-1,-1,-1,0.0,0.0
2026-06-12T04:00,0.1,1.0,0.0,0.0,11.2,5.64,11.6,235,87,21040.0,1,0.36,10.0,1515.0,0,0.0,51,0,0.0,-1,-1,-1,-1,0.0,0.0
2026-06-12T05:00,0.1,1.0,0.0,0.0,12.5,4.93,11.6,247,85,18800.0,1,0.357,460.0,1875.0,0,0.0,51,0,0.0,-1,-1,-1,-1,0.0,0.0
2026-06-12T06:00,0.1,1.0,0.0,0.0,13.8,4.67,10.4,244,81,31040.0,1,0.356,440.0,2175.0,0,0.0,51,0,0.0,-1,-1,-1,-1,0.0,0.0
2026-06-12T07:00,0.2,0.5,0.0,0.0,14.0,5.92,11.4,240,48,9060.0,1,0.354,350.0,2185.0,0,0.0,51,0,0.1,-1,-1,-1,-1,0.0,0.0
2026-06-12T08:00,0.2,0.5,0.0,0.0,12.8,5.81,11.6,250,65,11520.0,1,0.353,80.0,1885.0,0,0.0,51,0,0.1,-1,-1,-1,-1,0.0,0.0
2026-06-12T09:00,0.1,0.0,0.0,0.0,13.8,6.06,11.4,267,45,22900.0,1,0.35,30.0,1860.0,0,0.0,51,0,0.1,-1,-1,-1,-1,0.0,0.0
2026-06-12T10:00,0.1,1.0,0.0,0.0,12.8,5.64,11.7,260,68,21840.0,1,0.349,50.0,1800.0,0,0.0,51,0,0.0,-1,-1,-1,-1,0.0,0.0
2026-06-12T11:00,1.1,0.938,0.35,0.0,7.6,2.26,10.6,6,84,6220.0,1,0.36,20.0,575.0,0,0.0003,85,1,0.0,29,0,1,18,0.0,0.563
2026-06-12T12:00,0.1,0.0,0.0,0.0,8.4,2.74,6.2,351,65,12660.0,1,0.367,0.0,555.0,0,0.0,51,0,0.1,-1,-1,-1,-1,0.0,0.0
2026-06-12T13:00,0.1,0.0,0.0,0.0,6.4,3.05,5.4,89,16,39480.0,0,0.366,0.0,165.0,0,0.0,51,0,0.1,-1,-1,-1,-1,0.0,0.0
2026-06-12T14:00,0.0,0.0,0.0,0.0,4.8,2.15,5.1,93,67,31940.0,0,0.365,230.0,140.0,0,0.0,2,0,0.0,-1,-1,-1,-1,0.0,0.0
2026-06-12T15:00,0.0,0.0,0.0,0.0,4.4,2.5,4.2,78,45,41040.0,0,0.365,0.0,125.0,0,0.0,1,0,0.0,-1,-1,-1,-1,0.0,0.0
2026-06-12T16:00,0.0,0.0,0.0,0.0,3.6,2.07,4.3,82,41,54920.0,0,0.364,10.0,80.0,0,0.0,1,0,0.0,-1,-1,-1,-1,0.0,0.0
2026-06-12T17:00,0.0,0.0,0.0,0.0,3.4,2.35,4.0,86,77,55380.0,0,0.363,40.0,115.0,0,0.0,2,0,0.0,-1,-1,-1,-1,0.0,0.0
2026-06-12T18:00,0.0,0.0,0.0,0.0,4.4,2.65,4.2,89,86,55400.0,0,0.348,40.0,175.0,0,0.0,3,0,0.0,-1,-1,-1,-1,0.0,0.0
2026-06-12T19:00,0.0,0.0,0.0,0.0,3.9,2.75,4.6,91,38,27540.0,0,0.348,30.0,160.0,0,0.0,1,0,0.0,-1,-1,-1,-1,0.0,0.0
2026-06-12T20:00,0.0,0.0,0.0,0.0,3.1,3.5,5.8,90,14,48000.0,0,0.347,10.0,195.0,0,0.0,0,0,0.0,-1,-1,-1,-1,0.0,0.0
2026-06-12T21:00,0.0,0.0,0.0,0.0,2.8,3.73,6.3,102,6,28020.0,0,0.347,0.0,215.0,0,0.0,0,0,0.0,-1,-1,-1,-1,0.0,0.0
2026-06-12T22:00,0.0,0.0,0.0,0.0,2.5,2.62,6.2,98,20,23360.0,0,0.347,10.0,140.0,0,0.0,1,0,0.0,-1,-1,-1,-1,0.0,0.0
2026-06-12T23:00,0.0,0.0,0.0,0.0,2.8,2.94,4.6,111,74,20900.0,1,0.347,10.0,145.0,0,0.0,2,0,0.0,-1,-1,-1,-1,0.0,0.0
2026-06-13T00:00,0.0,0.0,0.0,0.0,5.5,3.37,6.7,108,63,59120.0,1,0.356,10.0,255.0,0,0.0,2,0,0.0,-1,-1,-1,-1,0.0,0.0
2026-06-13T01:00,0.0,0.0,0.0,0.0,7.4,3.09,6.0,130,30,62400.0,1,0.356,10.0,630.0,0,0.0,1,0,0.0,-1,-1,-1,-1,0.0,0.0
2026-06-13T02:00,0.0,0.0,0.0,0.0,9.5,2.5,6.5,177,45,27880.0,1,0.354,0.0,970.0,0,0.0,1,0,0.0,-1,-1,-1,-1,0.0,0.0
2026-06-13T03:00,0.0,0.0,0.0,0.0,10.9,2.3,8.5,221,27,31300.0,1,0.352,400.0,1550.0,0,0.0,1,0,0.0,-1,-1,-1,-1,0.0,0.0
2026-06-13T04:00,0.1,1.0,0.0,0.0,12.4,3.85,9.1,242,45,29340.0,1,0.35,560.0,1820.0,0,0.0,51,0,0.0,-1,-1,-1,-1,0.0,0.0
2026-06-13T05:00,0.1,1.0,0.0,0.0,14.3,6.7,12.4,247,95,32020.0,1,0.348,510.0,2405.0,0,0.0,51,0,0.0,-1,-1,-1,-1,0.0,0.0
2026-06-13T06:00,1.4,0.95,0.42,0.0,13.3,6.34,12.9,247,37,10280.0,1,0.351,140.0,1940.0,0,0.007,85,1,0.0,30,0,1,21,0.0,0.57
2026-06-13T07:00,0.2,1.0,0.0,0.0,13.4,6.1,13.7,269,55,22040.0,1,0.351,70.0,1945.0,0,0.0,51,0,0.0,-1,-1,-1,-1,0.0,0.0
2026-06-13T08:00,0.1,0.0,0.0,0.0,12.0,5.02,11.9,285,50,14360.0,1,0.349,10.0,1700.0,0,0.0,51,0,0.1,-1,-1,-1,-1,0.0,0.0
2026-06-13T09:00,0.1,0.0,0.0,0.0,12.8,4.67,10.1,286,42,17480.0,1,0.347,0.0,1895.0,0,0.0,51,0,0.1,-1,-1,-1,-1,0.0,0.0
2026-06-13T10:00,0.1,0.0,0.0,0.0,13.3,5.81,10.6,272,28,15500.0,1,0.346,0.0,2030.0,0,0.0,51,0,0.1,-1,-1,-1,-1,0.0,0.0
2026-06-13T11:00,0.1,0.0,0.0,0.0,12.4,4.38,10.7,277,26,14340.0,1,0.345,10.0,1730.0,0,0.0,51,0,0.1,-1,-1,-1,-1,0.0,0.0
2026-06-13T12:00,0.0,0.0,0.0,0.0,8.9,3.99,8.0,34,70,12440.0,1,0.336,520.0,305.0,0,0.0,2,0,0.0,-1,-1,-1,-1,0.0,0.0
2026-06-13T13:00,0.1,0.0,0.0,0.0,7.4,1.82,6.7,98,49,21380.0,0,0.336,590.0,95.0,0,0.0,51,0,0.1,-1,-1,-1,-1,0.0,0.0
2026-06-13T14:00,0.0,0.0,0.0,0.0,6.0,4.92,7.6,125,41,37940.0,0,0.336,400.0,210.0,0,0.0,1,0,0.0,-1,-1,-1,-1,0.0,0.0
2026-06-13T15:00,0.0,0.0,0.0,0.0,4.6,4.11,8.4,111,98,28020.0,0,0.336,10.0,175.0,0,0.0,3,0,0.0,-1,-1,-1,-1,0.0,0.0
2026-06-13T16:00,0.0,0.0,0.0,0.0,4.8,3.94,6.6,116,100,30320.0,0,0.336,20.0,175.0,0,0.0,3,0,0.0,-1,-1,-1,-1,0.0,0.0
2026-06-13T17:00,0.0,0.0,0.0,0.0,4.6,2.3,6.2,77,95,35440.0,0,0.336,40.0,145.0,0,0.0,3,0,0.0,-1,-1,-1,-1,0.0,0.0
2026-06-13T18:00,0.0,0.0,0.0,0.0,4.6,2.75,4.4,61,14,49440.0,0,0.323,50.0,125.0,0,0.0,0,0,0.0,-1,-1,-1,-1,0.0,0.0
2026-06-13T19:00,0.0,0.0,0.0,0.0,3.4,2.56,4.5,78,59,50240.0,0,0.323,30.0,70.0,0,0.0,2,0,0.0,-1,-1,-1,-1,0.0,0.0
2026-06-13T20:00,0.0,0.0,0.0,0.0,1.8,2.82,4.6,83,100,880.0,0,0.323,10.0,50.0,0,0.0,3,0,0.0,-1,-1,-1,-1,0.0,0.0
2026-06-13T21:00,0.0,0.0,0.0,0.0,2.2,3.25,5.4,76,16,940.0,0,0.323,0.0,85.0,0,0.0,0,0,0.0,-1,-1,-1,-1,0.0,0.0
2026-06-13T22:00,0.0,0.0,0.0,0.0,2.4,3.41,5.7,68,49,740.0,0,0.323,30.0,125.0,0,0.0,1,0,0.0,-1,-1,-1,-1,0.0,0.0
2026-06-13T23:00,0.0,0.0,0.0,0.0,2.5,3.15,5.7,72,84,480.0,1,0.323,30.0,135.0,0,0.0,3,0,0.0,-1,-1,-1,-1,0.0,0.0
2026-06-14T00:00,0.0,0.0,0.0,0.0,3.7,3.1,5.7,88,88,300.0,1,0.33,0.0,165.0,0,0.0,3,0,0.0,-1,-1,-1,-1,0.0,0.0
2026-06-14T01:00,0.0,0.0,0.0,0.0,5.5,2.98,6.1,104,87,420.0,1,0.329,80.0,275.0,0,0.0,3,0,0.0,-1,-1,-1,-1,0.0,0.0
2026-06-14T02:00,0.0,0.0,0.0,0.0,8.3,2.78,6.5,120,65,10320.0,1,0.329,350.0,565.0,0,0.0,2,0,0.0,-1,-1,-1,-1,0.0,0.0
2026-06-14T03:00,0.0,0.0,0.0,0.0,10.5,3.19,7.5,138,27,8720.0,1,0.327,600.0,815.0,0,0.0,1,0,0.0,-1,-1,-1,-1,0.0,0.0
2026-06-14T04:00,0.3,1.0,0.0,0.0,9.6,4.4,8.5,182,88,5440.0,1,0.327,850.0,750.0,0,0.0,51,1,0.0,31,0,5,2,0.755,0.801
2026-06-14T05:00,1.3,0.643,0.07,0.0,8.3,0.98,11.5,24,67,20760.0,1,0.342,470.0,205.0,0,0.0176,85,1,0.4,31,1,4,2,0.755,0.587
2026-06-14T06:00,0.4,0.5,0.0,0.0,11.9,0.45,7.3,90,21,13760.0,1,0.347,510.0,1460.0,0,0.0,51,1,0.2,31,2,3,2,0.755,0.501
2026-06-14T07:00,0.2,0.5,0.0,0.0,12.6,1.07,5.6,143,88,5920.0,1,0.345,200.0,1555.0,0,0.0,51,0,0.1,31,3,2,2,0.755,0.501
2026-06-14T08:00,0.8,0.75,0.0,0.0,9.8,1.66,11.3,226,21,44400.0,1,0.351,170.0,370.0,0,0.0,53,1,0.2,31,4,1,2,0.755,0.651
2026-06-14T09:00,0.2,0.5,0.0,0.0,11.0,1.43,6.4,151,44,12020.0,1,0.35,260.0,535.0,0,0.0,51,0,0.1,-1,-1,-1,-1,0.0,0.0
2026-06-14T10:00,0.1,0.0,0.0,0.0,13.0,1.74,7.7,108,60,6480.0,1,0.349,470.0,1640.0,0,0.0,51,0,0.1,-1,-1,-1,-1,0.0,0.0
2026-06-14T11:00,0.3,0.667,0.0,0.0,11.6,1.82,6.9,99,58,9800.0,1,0.35,10.0,845.0,0,0.0,51,1,0.1,32,0,4,15,0.387,0.503
2026-06-14T12:00,0.2,0.0,0.0,0.0,8.2,4.3,4.7,59,70,7120.0,1,0.361,60.0,325.0,0,0.0,51,0,0.2,32,1,3,15,0.387,0.103
2026-06-14T13:00,0.5,0.6,0.0,0.0,6.8,3.94,8.2,61,40,6880.0,0,0.364,100.0,190.0,0,0.0,53,1,0.2,32,2,2,15,0.387,0.463
2026-06-14T14:00,0.3,1.0,0.0,0.0,5.8,3.97,8.6,59,53,8080.0,0,0.367,80.0,225.0,0,0.0,51,1,0.0,32,3,1,15,0.387,0.703
2026-06-14T15:00,0.2,0.5,0.0,0.0,5.4,3.83,6.6,68,29,15900.0,0,0.367,30.0,135.0,0,0.0,51,0,0.1,-1,-1,-1,-1,0.0,0.0
2026-06-14T16:00,0.1,1.0,0.0,0.0,4.5,2.69,6.1,75,55,49720.0,0,0.367,40.0,150.0,0,0.0,51,0,0.0,-1,-1,-1,-1,0.0,0.0
2026-06-14T17:00,0.2,1.0,0.0,0.0,4.8,3.25,5.9,91,42,32300.0,0,0.368,70.0,285.0,0,0.0,51,0,0.0,-1,-1,-1,-1,0.0,0.0
2026-06-14T18:00,0.0,0.0,0.0,0.0,4.4,2.53,5.5,75,23,55240.0,0,0.355,40.0,145.0,0,0.0,1,0,0.0,-1,-1,-1,-1,0.0,0.0
2026-06-14T19:00,0.0,0.0,0.0,0.0,3.4,1.98,4.1,80,9,50400.0,0,0.354,20.0,60.0,0,0.0,0,0,0.0,-1,-1,-1,-1,0.0,0.0
2026-06-14T20:00,0.0,0.0,0.0,0.0,3.4,2.42,4.2,108,4,55760.0,0,0.354,10.0,90.0,0,0.0,0,0,0.0,-1,-1,-1,-1,0.0,0.0
2026-06-14T21:00,0.0,0.0,0.0,0.0,3.5,1.96,4.1,128,18,62760.0,0,0.353,10.0,130.0,0,0.0,0,0,0.0,-1,-1,-1,-1,0.0,0.0
2026-06-14T22:00,0.0,0.0,0.0,0.0,3.7,1.08,3.4,158,5,62760.0,0,0.352,0.0,140.0,0,0.0,0,0,0.0,-1,-1,-1,-1,0.0,0.0
2026-06-14T23:00,0.0,0.0,0.0,0.0,3.0,0.18,2.1,56,20,54820.0,1,0.351,0.0,15.0,0,0.0,1,0,0.0,-1,-1,-1,-1,0.0,0.0
2026-06-15T00:00,0.0,0.0,0.0,0.0,4.8,1.72,3.3,98,39,51080.0,1,0.353,30.0,75.0,0,0.0,1,0,0.0,-1,-1,-1,-1,0.0,0.0
2026-06-15T01:00,0.0,0.0,0.0,0.0,7.2,2.03,4.7,142,13,60140.0,1,0.352,10.0,280.0,0,0.0,0,0,0.0,-1,-1,-1,-1,0.0,0.0
2026-06-15T02:00,0.0,0.0,0.0,0.0,9.5,2.34,7.1,191,11,37180.0,1,0.35,270.0,965.0,0,0.0,0,0,0.0,-1,-1,-1,-1,0.0,0.0
2026-06-15T03:00,0.0,0.0,0.0,0.0,11.8,3.41,8.6,219,27,23100.0,1,0.348,590.0,1520.0,0,0.0,1,0,0.0,-1,-1,-1,-1,0.0,0.0
2026-06-15T04:00,0.1,1.0,0.0,0.0,12.6,4.72,10.3,249,72,34660.0,1,0.345,110.0,1760.0,0,0.0,51,0,0.0,-1,-1,-1,-1,0.0,0.0
2026-06-15T05:00,0.1,1.0,0.0,0.0,14.4,4.76,10.3,249,84,9700.0,1,0.343,660.0,2185.0,0,0.0,51,0,0.0,-1,-1,-1,-1,0.0,0.0
2026-06-15T06:00,0.7,1.0,0.0,0.0,13.9,5.5,10.4,242,39,19900.0,1,0.377,290.0,1950.0,0,0.0,53,1,0.0,33,0,1,3,0.0,0.6
2026-06-15T07:00,0.2,0.5,0.0,0.0,13.8,4.05,11.2,235,34,9580.0,1,0.373,120.0,1740.0,0,0.0,51,0,0.1,-1,-1,-1,-1,0.0,0.0
2026-06-15T08:00,0.1,1.0,0.0,0.0,15.0,3.71,9.1,244,26,22820.0,1,0.369,390.0,2155.0,0,0.0,51,0,0.0,-1,-1,-1,-1,0.0,0.0
2026-06-15T09:00,0.1,1.0,0.0,0.0,15.7,3.63,8.5,262,38,18580.0,1,0.365,510.0,2430.0,0,0.0,51,0,0.0,-1,-1,-1,-1,0.0,0.0
2026-06-15T10:00,0.7,1.0,0.0,0.0,12.5,3.28,8.3,196,33,7760.0,1,0.37,700.0,420.0,0,0.0,53,1,0.0,34,0,1,14,0.0,0.6
2026-06-15T11:00,0.1,1.0,0.0,0.0,13.6,1.33,7.7,160,19,18300.0,1,0.368,990.0,1575.0,0,0.0,51,0,0.0,-1,-1,-1,-1,0.0,0.0
2026-06-15T12:00,0.1,0.0,0.0,0.0,13.7,1.54,4.9,144,46,18440.0,1,0.343,80.0,120.0,0,0.0,51,0,0.1,-1,-1,-1,-1,0.0,0.0
2026-06-15T13:00,0.0,0.0,0.0,0.0,9.2,3.94,6.2,78,57,35540.0,0,0.343,600.0,165.0,0,0.0,2,0,0.0,-1,-1,-1,-1,0.0,0.0
2026-06-15T14:00,0.0,0.0,0.0,0.0,7.5,3.96,7.8,106,38,16580.0,0,0.343,90.0,160.0,0,0.0,1,0,0.0,-1,-1,-1,-1,0.0,0.0
2026-06-15T15:00,0.1,0.0,0.0,0.0,6.2,3.85,6.7,89,48,15200.0,0,0.343,80.0,125.0,0,0.0,51,0,0.1,-1,-1,-1,-1,0.0,0.0
2026-06-15T16:00,0.1,0.0,0.0,0.0,5.3,6.02,9.0,116,30,15360.0,0,0.343,30.0,235.0,0,0.0,51,0,0.1,-1,-1,-1,-1,0.0,0.0
2026-06-15T17:00,0.1,0.0,0.0,0.0,5.5,5.82,10.8,125,38,17360.0,0,0.344,20.0,200.0,0,0.0,51,0,0.1,-1,-1,-1,-1,0.0,0.0
2026-06-15T18:00,0.0,0.0,0.0,0.0,5.8,5.46,9.1,116,30,62920.0,0,0.34,40.0,285.0,0,0.0,1,0,0.0,-1,-1,-1,-1,0.0,0.0
2026-06-15T19:00,0.0,0.0,0.0,0.0,5.0,5.29,8.8,121,2,59640.0,0,0.34,10.0,340.0,0,0.0,0,0,0.0,-1,-1,-1,-1,0.0,0.0
2026-06-15T20:00,0.0,0.0,0.0,0.0,4.3,5.05,8.5,122,2,59660.0,0,0.34,0.0,350.0,0,0.0,0,0,0.0,-1,-1,-1,-1,0.0,0.0
2026-06-15T21:00,0.0,0.0,0.0,0.0,3.7,4.67,8.3,117,9,59660.0,0,0.339,10.0,275.0,0,0.0,0,0,0.0,-1,-1,-1,-1,0.0,0.0
2026-06-15T22:00,0.0,0.0,0.0,0.0,3.2,3.74,7.6,118,4,12020.0,0,0.339,20.0,145.0,0,0.0,0,0,0.0,-1,-1,-1,-1,0.0,0.0
2026-06-15T23:00,0.0,0.0,0.0,0.0,3.0,3.26,5.9,122,2,10680.0,1,0.339,30.0,100.0,0,0.0,0,0,0.0,-1,-1,-1,-1,0.0,0.0
2026-06-16T00:00,0.0,0.0,0.0,0.0,3.8,1.92,5.5,195,70,5920.0,1,0.336,0.0,175.0,0,0.0,2,0,0.0,-1,-1,-1,-1,0.0,0.0
2026-06-16T01:00,0.5,0.4,0.0,0.0,4.8,0.4,4.0,120,84,3420.0,1,0.342,0.0,250.0,0,0.0,53,1,0.3,35,0,1,2,0.0,0.24
2026-06-16T02:00,0.0,0.0,0.0,0.0,6.6,0.43,5.9,291,48,16560.0,1,0.341,170.0,750.0,0,0.0,1,0,0.0,-1,-1,-1,-1,0.0,0.0
2026-06-16T03:00,0.1,1.0,0.0,0.0,9.3,1.73,6.5,224,96,8820.0,1,0.341,100.0,1310.0,0,0.0,51,0,0.0,-1,-1,-1,-1,0.0,0.0
2026-06-16T04:00,1.0,0.833,0.14,0.0,7.6,3.82,9.9,248,38,10280.0,1,0.351,110.0,485.0,0,0.0,85,1,0.0,36,0,4,5,0.861,0.729
2026-06-16T05:00,0.1,1.0,0.0,0.0,11.6,1.7,9.1,242,84,16720.0,1,0.35,640.0,1845.0,0,0.0,51,0,0.0,36,1,3,5,0.861,0.83
2026-06-16T06:00,0.3,1.0,0.0,0.0,11.0,4.1,10.1,250,88,10760.0,1,0.329,490.0,990.0,0,0.0,51,1,0.0,36,2,2,5,0.861,0.83
2026-06-16T07:00,0.4,1.0,0.28,0.0,12.5,4.44,10.3,258,32,13940.0,1,0.335,250.0,1775.0,0,0.0,85,1,0.0,36,3,1,5,0.861,0.83
2026-06-16T08:00,0.1,0.0,0.0,0.0,13.9,4.9,10.3,253,41,11120.0,1,0.333,250.0,2035.0,0,0.0,51,0,0.1,-1,-1,-1,-1,0.0,0.0
2026-06-16T09:00,0.1,1.0,0.0,0.0,13.6,4.81,10.2,243,44,12220.0,1,0.331,50.0,1865.0,0,0.0,51,0,0.0,-1,-1,-1,-1,0.0,0.0
2026-06-16T10:00,0.2,0.5,0.0,0.0,13.3,5.91,11.2,249,44,13760.0,1,0.33,0.0,1915.0,0,0.0,51,0,0.1,-1,-1,-1,-1,0.0,0.0
2026-06-16T11:00,0.1,0.0,0.0,0.0,12.9,5.08,11.1,244,41,13360.0,1,0.329,0.0,1910.0,0,0.0,51,0,0.1,-1,-1,-1,-1,0.0,0.0
2026-06-16T12:00,0.0,0.0,0.0,0.0,7.1,2.0,9.5,177,80,7020.0,1,0.339,10.0,310.0,0,0.0,3,0,0.0,-1,-1,-1,-1,0.0,0.0
2026-06-16T13:00,1.1,0.727,0.0,0.0,4.9,0.85,4.0,69,91,8720.0,0,0.352,10.0,75.0,0,0.0001,55,1,0.3,37,0,1,5,0.0,0.436
2026-06-16T14:00,0.1,0.0,0.0,0.0,4.7,2.06,3.8,113,38,23460.0,0,0.352,50.0,95.0,0,0.0,51,0,0.1,-1,-1,-1,-1,0.0,0.0
2026-06-16T15:00,0.0,0.0,0.0,0.0,4.1,1.82,3.7,81,40,4180.0,0,0.351,70.0,110.0,0,0.0,1,0,0.0,-1,-1,-1,-1,0.0,0.0
2026-06-16T16:00,0.0,0.0,0.0,0.0,3.3,1.55,3.4,69,62,1480.0,0,0.351,100.0,60.0,0,0.0,2,0,0.0,-1,-1,-1,-1,0.0,0.0
2026-06-16T17:00,0.0,0.0,0.0,0.0,2.8,1.4,2.7,55,95,660.0,0,0.35,90.0,45.0,0,0.0,3,0,0.0,-1,-1,-1,-1,0.0,0.0
2026-06-16T18:00,0.0,0.0,0.0,0.0,2.6,2.88,2.8,17,85,1360.0,0,0.336,20.0,100.0,0,0.0,3,0,0.0,-1,-1,-1,-1,0.0,0.0
2026-06-16T19:00,0.4,0.5,0.0,0.0,2.3,2.74,4.9,18,100,1900.0,0,0.341,40.0,75.0,0,0.0,51,1,0.2,38,0,3,9,0.157,0.342
2026-06-16T20:00,0.4,0.0,0.0,0.0,2.5,0.64,4.5,45,100,6300.0,0,0.346,0.0,35.0,0,0.0,51,1,0.4,38,1,2,9,0.157,0.042
2026-06-16T21:00,0.3,0.0,0.0,0.0,2.9,1.71,3.3,165,100,10880.0,0,0.349,10.0,140.0,0,0.0,51,1,0.3,38,2,1,9,0.157,0.042
2026-06-16T22:00,0.1,0.0,0.0,0.0,2.8,2.23,4.2,171,100,3280.0,0,0.349,10.0,180.0,0,0.0,51,0,0.1,-1,-1,-1,-1,0.0,0.0
2026-06-16T23:00,0.0,0.0,0.0,0.0,2.4,1.57,4.1,171,100,1280.0,1,0.348,10.0,105.0,0,0.0,3,0,0.0,-1,-1,-1,-1,0.0,0.0
2026-06-17T00:00,0.0,0.0,0.0,0.0,3.6,1.33,3.1,124,100,140.0,1,0.34,100.0,110.0,0,0.0,3,0,0.0,-1,-1,-1,-1,0.0,0.0
2026-06-17T01:00,0.2,1.0,0.0,0.0,4.3,0.65,5.0,157,100,320.0,1,0.341,110.0,170.0,0,0.0,51,0,0.0,-1,-1,-1,-1,0.0,0.0
2026-06-17T02:00,0.2,1.0,0.0,0.0,5.7,2.12,6.1,227,100,10660.0,1,0.343,140.0,505.0,0,0.0,51,0,0.0,-1,-1,-1,-1,0.0,0.0
2026-06-17T03:00,0.2,1.0,0.0,0.0,8.5,3.19,7.5,256,100,14820.0,1,0.343,230.0,1065.0,0,0.0,51,0,0.0,-1,-1,-1,-1,0.0,0.0
2026-06-17T04:00,0.1,1.0,0.0,0.0,10.3,3.18,7.7,278,98,16200.0,1,0.342,230.0,1395.0,0,0.0,51,0,0.0,-1,-1,-1,-1,0.0,0.0
2026-06-17T05:00,0.1,1.0,0.0,0.0,11.7,2.77,7.5,298,96,18000.0,1,0.34,490.0,1910.0,0,0.0,51,0,0.0,-1,-1,-1,-1,0.0,0.0
2026-06-17T06:00,0.1,1.0,0.0,0.0,10.5,2.65,7.0,314,95,16500.0,1,0.343,150.0,1305.0,0,0.0,51,0,0.0,-1,-1,-1,-1,0.0,0.0
2026-06-17T07:00,0.3,1.0,0.0,0.0,12.3,1.75,6.8,347,63,16280.0,1,0.342,420.0,1890.0,0,0.0,51,1,0.0,39,0,3,26,0.573,0.753
2026-06-17T08:00,0.1,1.0,0.0,0.0,13.2,1.36,5.8,298,92,25840.0,1,0.34,460.0,2080.0,0,0.0,51,0,0.0,39,1,2,26,0.573,0.753
2026-06-17T09:00,0.4,0.75,0.0,0.0,11.3,1.91,5.3,276,78,11600.0,1,0.341,110.0,1085.0,0,0.0,51,1,0.1,39,2,1,26,0.573,0.603
2026-06-17T10:00,0.2,1.0,0.0,0.0,11.3,1.78,5.8,302,56,11040.0,1,0.342,100.0,1400.0,0,0.0,51,0,0.0,-1,-1,-1,-1,0.0,0.0
2026-06-17T11:00,0.2,1.0,0.0,0.0,9.6,2.86,7.8,4,56,17100.0,1,0.342,110.0,605.0,0,0.0,51,0,0.0,-1,-1,-1,-1,0.0,0.0
2026-06-17T12:00,0.0,0.0,0.0,0.0,9.2,1.49,5.8,140,30,65740.0,1,0.337,300.0,265.0,0,0.0,1,0,0.0,-1,-1,-1,-1,0.0,0.0
2026-06-17T13:00,0.0,0.0,0.0,0.0,6.6,1.42,3.2,141,38,60000.0,0,0.336,360.0,75.0,0,0.0,1,0,0.0,-1,-1,-1,-1,0.0,0.0
2026-06-17T14:00,0.0,0.0,0.0,0.0,5.1,1.62,2.8,124,73,56280.0,0,0.336,240.0,55.0,0,0.0,2,0,0.0,-1,-1,-1,-1,0.0,0.0
2026-06-17T15:00,0.0,0.0,0.0,0.0,4.9,1.73,2.9,100,78,60000.0,0,0.336,30.0,60.0,0,0.0,2,0,0.0,-1,-1,-1,-1,0.0,0.0
2026-06-17T16:00,0.0,0.0,0.0,0.0,5.1,2.25,3.8,90,29,60020.0,0,0.335,270.0,95.0,0,0.0,1,0,0.0,-1,-1,-1,-1,0.0,0.0
2026-06-17T17:00,0.0,0.0,0.0,0.0,4.4,2.22,4.0,76,9,56300.0,0,0.335,230.0,85.0,0,0.0,0,0,0.0,-1,-1,-1,-1,0.0,0.0
2026-06-17T18:00,0.0,0.0,0.0,0.0,4.1,1.66,3.8,69,56,56320.0,0,0.325,70.0,50.0,0,0.0,2,0,0.0,-1,-1,-1,-1,0.0,0.0
2026-06-17T19:00,0.0,0.0,0.0,0.0,2.7,2.18,3.7,58,78,50940.0,0,0.325,20.0,45.0,0,0.0,2,0,0.0,-1,-1,-1,-1,0.0,0.0
2026-06-17T20:00,0.0,0.0,0.0,0.0,2.2,2.28,4.1,64,89,40240.0,0,0.325,0.0,50.0,0,0.0,3,0,0.0,-1,-1,-1,-1,0.0,0.0
2026-06-17T21:00,0.0,0.0,0.0,0.0,1.3,2.25,3.9,86,100,760.0,0,0.325,0.0,50.0,0,0.0,3,0,0.0,-1,-1,-1,-1,0.0,0.0
2026-06-17T22:00,0.0,0.0,0.0,0.0,1.5,2.53,4.3,108,100,180.0,0,0.324,0.0,95.0,0,0.0,3,0,0.0,-1,-1,-1,-1,0.0,0.0
2026-06-17T23:00,0.0,0.0,0.0,0.0,1.1,2.74,4.9,111,100,120.0,1,0.324,0.0,145.0,0,0.0,3,0,0.0,-1,-1,-1,-1,0.0,0.0
2026-06-18T00:00,0.0,0.0,0.0,0.0,2.4,2.62,6.0,132,100,120.0,1,0.331,0.0,200.0,0,0.0,3,0,0.0,-1,-1,-1,-1,0.0,0.0
2026-06-18T01:00,0.0,0.0,0.0,0.0,3.9,2.69,5.9,125,100,100.0,1,0.331,0.0,305.0,0,0.0,3,0,0.0,-1,-1,-1,-1,0.0,0.0
2026-06-18T02:00,0.0,0.0,0.0,0.0,4.8,2.62,6.0,121,100,360.0,1,0.33,0.0,430.0,0,0.0,3,0,0.0,-1,-1,-1,-1,0.0,0.0
2026-06-18T03:00,0.0,0.0,0.0,0.0,7.4,2.76,6.8,132,100,2300.0,1,0.329,0.0,680.0,0,0.0,3,0,0.0,-1,-1,-1,-1,0.0,0.0
2026-06-18T04:00,0.0,0.0,0.0,0.0,9.9,2.33,6.8,133,38,9620.0,1,0.326,230.0,885.0,0,0.0,1,0,0.0,-1,-1,-1,-1,0.0,0.0
2026-06-18T05:00,0.0,0.0,0.0,0.0,11.8,1.95,6.8,140,22,14860.0,1,0.323,420.0,1150.0,0,0.0,1,0,0.0,-1,-1,-1,-1,0.0,0.0
2026-06-18T06:00,0.1,1.0,0.0,0.0,11.4,0.89,6.3,164,26,31020.0,1,0.314,360.0,1110.0,0,0.0,51,0,0.0,-1,-1,-1,-1,0.0,0.0
2026-06-18T07:00,0.1,1.0,0.0,0.0,12.7,0.78,4.9,220,30,25320.0,1,0.311,260.0,1375.0,0,0.0,51,0,0.0,-1,-1,-1,-1,0.0,0.0
2026-06-18T08:00,0.1,1.0,0.0,0.0,13.4,1.0,5.1,217,13,14260.0,1,0.309,340.0,1505.0,0,0.0,51,0,0.0,-1,-1,-1,-1,0.0,0.0
2026-06-18T09:00,0.0,0.0,0.0,0.0,13.8,1.28,5.0,201,20,29160.0,1,0.307,480.0,1590.0,0,0.0,1,0,0.0,-1,-1,-1,-1,0.0,0.0
2026-06-18T10:00,0.1,1.0,0.0,0.0,13.3,0.93,4.8,144,43,24040.0,1,0.306,370.0,1270.0,0,0.0,51,0,0.0,-1,-1,-1,-1,0.0,0.0
2026-06-18T11:00,0.1,1.0,0.0,0.0,12.7,1.7,4.2,183,64,8920.0,1,0.305,190.0,1180.0,0,0.0,51,0,0.0,-1,-1,-1,-1,0.0,0.0
2026-06-18T12:00,0.3,0.333,0.0,0.0,11.6,2.89,5.2,189,79,17940.0,1,0.34,20.0,355.0,0,0.0,51,1,0.2,40,0,1,20,0.0,0.2
2026-06-18T13:00,0.0,0.0,0.0,0.0,9.5,1.71,4.9,111,16,45680.0,0,0.339,440.0,150.0,0,0.0,0,0,0.0,-1,-1,-1,-1,0.0,0.0
2026-06-18T14:00,0.0,0.0,0.0,0.0,7.5,2.09,3.8,107,17,63480.0,0,0.338,70.0,115.0,0,0.0,0,0,0.0,-1,-1,-1,-1,0.0,0.0
2026-06-18T15:00,0.0,0.0,0.0,0.0,6.8,2.0,3.5,87,23,63500.0,0,0.338,90.0,70.0,0,0.0,1,0,0.0,-1,-1,-1,-1,0.0,0.0
2026-06-18T16:00,0.0,0.0,0.0,0.0,5.9,2.17,3.5,105,21,63500.0,0,0.338,10.0,85.0,0,0.0,1,0,0.0,-1,-1,-1,-1,0.0,0.0
2026-06-18T17:00,0.0,0.0,0.0,0.0,5.3,2.26,4.0,96,9,58440.0,0,0.337,0.0,85.0,0,0.0,0,0,0.0,-1,-1,-1,-1,0.0,0.0
2026-06-18T18:00,0.0,0.0,0.0,0.0,4.6,1.97,3.8,97,7,56500.0,0,0.328,10.0,60.0,0,0.0,0,0,0.0,-1,-1,-1,-1,0.0,0.0
2026-06-18T19:00,0.0,0.0,0.0,0.0,3.8,1.91,3.4,96,11,56520.0,0,0.328,10.0,60.0,0,0.0,0,0,0.0,-1,-1,-1,-1,0.0,0.0
2026-06-18T20:00,0.0,0.0,0.0,0.0,3.4,1.97,3.3,99,15,50840.0,0,0.328,0.0,50.0,0,0.0,0,0,0.0,-1,-1,-1,-1,0.0,0.0
2026-06-18T21:00,0.0,0.0,0.0,0.0,3.2,1.85,3.3,93,9,56520.0,0,0.328,20.0,50.0,0,0.0,0,0,0.0,-1,-1,-1,-1,0.0,0.0
2026-06-18T22:00,0.0,0.0,0.0,0.0,2.7,1.8,3.1,88,27,51140.0,0,0.328,50.0,50.0,0,0.0,1,0,0.0,-1,-1,-1,-1,0.0,0.0
2026-06-18T23:00,0.0,0.0,0.0,0.0,2.2,1.8,3.1,93,15,14860.0,1,0.327,80.0,50.0,0,0.0,0,0,0.0,-1,-1,-1,-1,0.0,0.0
2026-06-19T00:00,0.0,0.0,0.0,0.0,4.9,3.08,5.3,126,43,33220.0,1,0.339,90.0,170.0,0,0.0,1,0,0.0,-1,-1,-1,-1,0.0,0.0
2026-06-19T01:00,0.0,0.0,0.0,0.0,7.0,3.15,6.4,133,65,31660.0,1,0.339,110.0,295.0,0,0.0,2,0,0.0,-1,-1,-1,-1,0.0,0.0
2026-06-19T02:00,0.2,0.5,0.0,0.0,8.8,2.58,7.2,144,77,28340.0,1,0.338,70.0,615.0,0,0.0,51,0,0.1,-1,-1,-1,-1,0.0,0.0
2026-06-19T03:00,0.1,1.0,0.0,0.0,11.2,2.39,7.0,209,100,19700.0,1,0.337,160.0,1395.0,0,0.0,51,0,0.0,-1,-1,-1,-1,0.0,0.0
2026-06-19T04:00,0.2,1.0,0.0,0.0,12.3,4.17,8.8,256,100,12820.0,1,0.336,210.0,1470.0,0,0.0,51,0,0.0,-1,-1,-1,-1,0.0,0.0
2026-06-19T05:00,0.1,1.0,0.0,0.0,13.8,5.19,10.2,257,80,20120.0,1,0.335,640.0,1865.0,0,0.0,51,0,0.0,-1,-1,-1,-1,0.0,0.0
2026-06-19T06:00,0.1,1.0,0.0,0.0,11.3,4.24,10.5,255,55,13600.0,1,0.344,110.0,1000.0,0,0.0,51,0,0.0,-1,-1,-1,-1,0.0,0.0
2026-06-19T07:00,0.2,1.0,0.0,0.0,11.4,3.66,8.9,310,54,7360.0,1,0.342,80.0,795.0,0,0.0,51,0,0.0,-1,-1,-1,-1,0.0,0.0
2026-06-19T08:00,0.2,1.0,0.0,0.0,12.5,2.04,9.4,121,93,8580.0,1,0.341,860.0,595.0,0,0.0,51,0,0.0,-1,-1,-1,-1,0.0,0.0
2026-06-19T09:00,3.5,0.857,0.0,0.0,8.0,3.78,8.3,246,87,3660.0,1,0.384,60.0,495.0,0,0.0187,81,1,0.5,41,0,2,22,1.061,0.797
2026-06-19T10:00,0.5,0.0,0.0,0.0,10.2,2.35,7.1,142,67,37000.0,1,0.384,500.0,290.0,0,0.0,53,1,0.5,41,1,1,22,1.061,0.283
2026-06-19T11:00,0.1,1.0,0.0,0.0,10.4,1.86,6.1,175,23,10900.0,1,0.38,320.0,465.0,0,0.0,51,0,0.0,-1,-1,-1,-1,0.0,0.0
2026-06-19T12:00,0.0,0.0,0.0,0.0,9.6,2.53,4.9,171,94,41280.0,1,0.358,460.0,325.0,0,0.0,3,0,0.0,-1,-1,-1,-1,0.0,0.0
2026-06-19T13:00,0.0,0.0,0.0,0.0,8.7,1.8,4.7,161,89,24160.0,0,0.357,800.0,210.0,0,0.0,3,0,0.0,-1,-1,-1,-1,0.0,0.0
2026-06-19T14:00,0.0,0.0,0.0,0.0,8.1,1.63,3.5,162,36,58920.0,0,0.356,690.0,155.0,0,0.0,1,0,0.0,-1,-1,-1,-1,0.0,0.0
2026-06-19T15:00,0.0,0.0,0.0,0.0,6.5,0.47,2.8,122,48,60420.0,0,0.355,430.0,25.0,0,0.0,1,0,0.0,-1,-1,-1,-1,0.0,0.0
2026-06-19T16:00,0.0,0.0,0.0,0.0,6.1,0.43,0.9,126,13,21020.0,0,0.355,0.0,30.0,0,0.0,0,0,0.0,-1,-1,-1,-1,0.0,0.0
2026-06-19T17:00,0.0,0.0,0.0,0.0,5.3,1.27,1.8,116,12,38840.0,0,0.354,10.0,50.0,0,0.0,0,0,0.0,-1,-1,-1,-1,0.0,0.0
2026-06-19T18:00,0.0,0.0,0.0,0.0,4.3,1.27,2.7,116,35,11100.0,0,0.346,40.0,40.0,0,0.0,1,0,0.0,-1,-1,-1,-1,0.0,0.0
2026-06-19T19:00,0.1,0.0,0.0,0.0,3.7,1.5,2.6,86,38,5880.0,0,0.346,50.0,40.0,0,0.0,51,0,0.1,-1,-1,-1,-1,0.0,0.0
2026-06-19T20:00,0.0,0.0,0.0,0.0,3.2,1.6,3.2,90,100,460.0,0,0.346,50.0,35.0,0,0.0,3,0,0.0,-1,-1,-1,-1,0.0,0.0
2026-06-19T21:00,0.0,0.0,0.0,0.0,2.3,1.73,3.0,100,100,160.0,0,0.346,40.0,40.0,0,0.0,3,0,0.0,-1,-1,-1,-1,0.0,0.0
2026-06-19T22:00,0.0,0.0,0.0,0.0,1.7,2.37,4.0,108,100,120.0,0,0.345,50.0,50.0,0,0.0,3,0,0.0,-1,-1,-1,-1,0.0,0.0
2026-06-19T23:00,0.0,0.0,0.0,0.0,1.3,2.65,4.9,122,100,100.0,1,0.345,60.0,85.0,0,0.0,3,0,0.0,-1,-1,-1,-1,0.0,0.0
2026-06-20T00:00,0.0,0.0,0.0,0.0,3.4,2.01,5.2,125,100,140.0,1,0.354,140.0,120.0,0,0.0,3,0,0.0,-1,-1,-1,-1,0.0,0.0
2026-06-20T01:00,0.0,0.0,0.0,0.0,4.8,1.99,4.8,129,100,280.0,1,0.353,180.0,200.0,0,0.0,3,0,0.0,-1,-1,-1,-1,0.0,0.0
2026-06-20T02:00,0.0,0.0,0.0,0.0,7.2,1.87,5.3,146,59,860.0,1,0.352,150.0,465.0,0,0.0,2,0,0.0,-1,-1,-1,-1,0.0,0.0
2026-06-20T03:00,0.0,0.0,0.0,0.0,9.5,1.36,5.4,172,52,1260.0,1,0.35,100.0,695.0,0,0.0,2,0,0.0,-1,-1,-1,-1,0.0,0.0
2026-06-20T04:00,0.0,0.0,0.0,0.0,11.8,1.14,6.7,209,27,2640.0,1,0.347,790.0,1025.0,0,0.0,1,0,0.0,-1,-1,-1,-1,0.0,0.0
2026-06-20T05:00,0.1,1.0,0.0,0.0,13.4,0.89,6.8,218,25,13840.0,1,0.344,1280.0,1315.0,0,0.0,51,0,0.0,-1,-1,-1,-1,0.0,0.0
2026-06-20T06:00,0.1,1.0,0.0,0.0,13.7,2.36,6.2,201,84,15640.0,1,0.344,1310.0,1610.0,0,0.0,51,0,0.0,-1,-1,-1,-1,0.0,0.0
2026-06-20T07:00,0.0,0.0,0.0,0.0,14.8,2.69,7.0,235,99,24160.0,1,0.34,1200.0,1975.0,0,0.0,3,0,0.0,-1,-1,-1,-1,0.0,0.0
2026-06-20T08:00,0.1,1.0,0.0,0.0,16.5,3.03,7.4,248,94,39080.0,1,0.337,1130.0,2435.0,0,0.0,51,0,0.0,-1,-1,-1,-1,0.0,0.0
2026-06-20T09:00,2.8,0.933,0.14,0.0,8.8,2.78,11.0,293,100,5860.0,1,0.371,120.0,425.0,0,0.027,85,1,0.0,42,0,1,4,0.0,0.56
2026-06-20T10:00,0.1,0.0,0.0,0.0,10.0,3.13,7.4,97,32,26920.0,1,0.371,650.0,175.0,0,0.0,51,0,0.1,-1,-1,-1,-1,0.0,0.0
2026-06-20T11:00,0.0,0.0,0.0,0.0,12.2,4.55,8.7,144,39,25380.0,1,0.368,700.0,615.0,0,0.0,1,0,0.0,-1,-1,-1,-1,0.0,0.0
2026-06-20T12:00,0.0,0.0,0.0,0.0,10.0,2.31,8.4,95,93,8580.0,1,0.343,930.0,85.0,0,0.0,3,0,0.0,-1,-1,-1,-1,0.0,0.0
2026-06-20T13:00,0.1,0.0,0.0,0.0,9.1,1.94,3.5,134,72,13140.0,0,0.344,770.0,110.0,0,0.0,51,0,0.1,-1,-1,-1,-1,0.0,0.0
2026-06-20T14:00,0.6,0.667,0.0,0.0,7.3,3.32,4.8,106,27,13220.0,0,0.351,30.0,160.0,0,0.0,53,1,0.2,43,0,1,10,0.0,0.4
2026-06-20T15:00,0.0,0.0,0.0,0.0,6.3,1.66,5.7,74,58,20180.0,0,0.35,110.0,70.0,0,0.0,2,0,0.0,-1,-1,-1,-1,0.0,0.0
2026-06-20T16:00,0.1,0.0,0.0,0.0,5.5,2.9,4.3,90,31,14420.0,0,0.352,140.0,95.0,0,0.0,51,0,0.1,-1,-1,-1,-1,0.0,0.0
2026-06-20T17:00,0.0,0.0,0.0,0.0,5.1,3.01,5.1,85,27,16900.0,0,0.351,30.0,150.0,0,0.0,1,0,0.0,-1,-1,-1,-1,0.0,0.0
2026-06-20T18:00,0.0,0.0,0.0,0.0,5.1,2.22,5.0,67,49,5340.0,0,0.339,40.0,80.0,0,0.0,1,0,0.0,-1,-1,-1,-1,0.0,0.0
2026-06-20T19:00,0.0,0.0,0.0,0.0,4.3,2.64,4.7,75,9,13520.0,0,0.339,60.0,75.0,0,0.0,0,0,0.0,-1,-1,-1,-1,0.0,0.0
2026-06-20T20:00,0.0,0.0,0.0,0.0,3.4,2.43,4.3,99,29,440.0,0,0.339,40.0,55.0,0,0.0,1,0,0.0,-1,-1,-1,-1,0.0,0.0
2026-06-20T21:00,0.0,0.0,0.0,0.0,2.6,2.5,4.3,91,100,160.0,0,0.339,30.0,45.0,0,0.0,3,0,0.0,-1,-1,-1,-1,0.0,0.0
2026-06-20T22:00,0.0,0.0,0.0,0.0,1.8,2.52,4.6,82,100,120.0,0,0.339,40.0,45.0,0,0.0,3,0,0.0,-1,-1,-1,-1,0.0,0.0
2026-06-20T23:00,0.0,0.0,0.0,0.0,2.4,2.56,4.8,96,100,140.0,1,0.339,40.0,100.0,0,0.0,3,0,0.0,-1,-1,-1,-1,0.0,0.0
2026-06-21T00:00,0.0,0.0,0.0,0.0,3.7,2.02,5.3,83,100,10680.0,1,0.342,120.0,165.0,0,0.0,3,0,0.0,-1,-1,-1,-1,0.0,0.0
2026-06-21T01:00,0.3,1.0,0.0,0.0,4.6,4.07,7.7,118,91,3020.0,1,0.345,110.0,270.0,0,0.0,51,1,0.0,44,0,3,6,0.25,0.667
2026-06-21T02:00,0.5,0.2,0.0,0.0,5.1,2.64,8.0,119,77,2400.0,1,0.349,60.0,200.0,0,0.0,53,1,0.4,44,1,2,6,0.25,0.187
2026-06-21T03:00,0.4,0.875,0.28,0.0,7.2,2.69,7.7,121,51,49300.0,1,0.354,60.0,265.0,0,0.0,85,1,0.0,44,2,1,6,0.25,0.592
2026-06-21T04:00,0.0,0.0,0.0,0.0,10.0,3.28,9.4,128,42,19360.0,1,0.353,130.0,865.0,0,0.0,1,0,0.0,-1,-1,-1,-1,0.0,0.0
2026-06-21T05:00,0.0,0.0,0.0,0.0,11.8,2.51,9.4,125,17,21760.0,1,0.351,1010.0,1020.0,0,0.0,0,0,0.0,-1,-1,-1,-1,0.0,0.0
2026-06-21T06:00,0.1,1.0,0.0,0.0,12.1,1.15,8.3,182,9,20280.0,1,0.348,1180.0,1270.0,0,0.0,51,0,0.0,-1,-1,-1,-1,0.0,0.0
2026-06-21T07:00,0.1,1.0,0.0,0.0,14.2,2.02,6.9,237,77,19080.0,1,0.344,1320.0,1955.0,0,0.0,51,0,0.0,-1,-1,-1,-1,0.0,0.0
2026-06-21T08:00,0.1,1.0,0.0,0.0,14.8,2.53,7.0,210,98,70200.0,1,0.342,340.0,2170.0,0,0.0,51,0,0.0,-1,-1,-1,-1,0.0,0.0
2026-06-21T09:00,0.1,1.0,0.0,0.0,16.1,3.22,7.3,204,91,51640.0,1,0.339,290.0,2395.0,0,0.0,51,0,0.0,-1,-1,-1,-1,0.0,0.0
2026-06-21T10:00,1.8,1.0,0.0,0.0,10.6,6.95,12.0,211,78,4980.0,1,0.358,650.0,620.0,0,0.065,95,1,0.0,45,0,2,15,0.622,0.766
2026-06-21T11:00,0.7,0.857,0.0,0.0,11.6,1.61,12.7,74,31,18040.0,1,0.365,1000.0,80.0,0,0.0,53,1,0.1,45,1,1,15,0.622,0.68
2026-06-21T12:00,0.0,0.0,0.0,0.0,10.1,5.48,4.0,45,59,9940.0,1,0.356,720.0,280.0,0,0.0,2,0,0.0,-1,-1,-1,-1,0.0,0.0
2026-06-21T13:00,0.1,0.0,0.0,0.0,8.7,4.26,9.1,103,20,19860.0,0,0.356,660.0,190.0,0,0.0,51,0,0.1,-1,-1,-1,-1,0.0,0.0
2026-06-21T14:00,0.1,0.0,0.0,0.0,7.3,5.58,9.3,129,24,13560.0,0,0.356,30.0,240.0,0,0.0,51,0,0.1,-1,-1,-1,-1,0.0,0.0
2026-06-21T15:00,0.1,0.0,0.0,0.0,5.7,5.09,8.8,133,44,17220.0,0,0.355,90.0,260.0,0,0.0,51,0,0.1,-1,-1,-1,-1,0.0,0.0
2026-06-21T16:00,0.0,0.0,0.0,0.0,5.2,2.93,8.2,107,26,25200.0,0,0.355,50.0,200.0,0,0.0,1,0,0.0,-1,-1,-1,-1,0.0,0.0
2026-06-21T17:00,0.0,0.0,0.0,0.0,5.4,4.9,7.6,124,20,57640.0,0,0.354,40.0,265.0,0,0.0,1,0,0.0,-1,-1,-1,-1,0.0,0.0
2026-06-21T18:00,0.0,0.0,0.0,0.0,4.5,4.49,8.6,125,28,57100.0,0,0.346,20.0,235.0,0,0.0,1,0,0.0,-1,-1,-1,-1,0.0,0.0
2026-06-21T19:00,0.0,0.0,0.0,0.0,4.2,3.83,7.2,123,32,57100.0,0,0.345,30.0,225.0,0,0.0,1,0,0.0,-1,-1,-1,-1,0.0,0.0
2026-06-21T20:00,0.0,0.0,0.0,0.0,4.2,3.56,6.2,119,44,57100.0,0,0.345,10.0,220.0,0,0.0,1,0,0.0,-1,-1,-1,-1,0.0,0.0
2026-06-21T21:00,0.0,0.0,0.0,0.0,4.0,3.47,6.1,113,25,22880.0,0,0.345,30.0,215.0,0,0.0,1,0,0.0,-1,-1,-1,-1,0.0,0.0
2026-06-21T22:00,0.0,0.0,0.0,0.0,3.8,3.09,5.7,104,23,3660.0,0,0.344,50.0,170.0,0,0.0,1,0,0.0,-1,-1,-1,-1,0.0,0.0
2026-06-21T23:00,0.0,0.0,0.0,0.0,3.6,3.13,5.0,110,40,2420.0,1,0.344,70.0,145.0,0,0.0,1,0,0.0,-1,-1,-1,-1,0.0,0.0
2026-06-22T00:00,0.0,0.0,0.0,0.0,5.8,3.16,6.3,121,19,60900.0,1,0.354,100.0,165.0,0,0.0,0,0,0.0,-1,-1,-1,-1,0.0,0.0
2026-06-22T01:00,0.0,0.0,0.0,0.0,8.0,2.79,5.9,147,26,62300.0,1,0.354,100.0,525.0,0,0.0,1,0,0.0,-1,-1,-1,-1,0.0,0.0
2026-06-22T02:00,0.0,0.0,0.0,0.0,10.0,1.8,5.9,199,16,35220.0,1,0.352,520.0,695.0,0,0.0,0,0,0.0,-1,-1,-1,-1,0.0,0.0
2026-06-22T03:00,0.7,1.0,0.07,0.0,9.1,5.53,9.7,221,85,4460.0,1,0.358,720.0,615.0,0,0.0,85,1,0.0,46,0,3,9,0.527,0.74
2026-06-22T04:00,1.0,0.8,0.0,0.0,9.5,2.76,12.0,265,61,6180.0,1,0.367,520.0,855.0,0,0.0,55,1,0.2,46,1,2,9,0.527,0.62
2026-06-22T05:00,0.3,0.333,0.0,0.0,11.1,3.78,11.5,208,32,10900.0,1,0.366,770.0,1230.0,0,0.0,51,1,0.2,46,2,1,9,0.527,0.34
2026-06-22T06:00,0.2,0.5,0.0,0.0,13.3,5.21,10.2,243,66,10560.0,1,0.36,110.0,1510.0,0,0.0,51,0,0.1,-1,-1,-1,-1,0.0,0.0
2026-06-22T07:00,0.2,0.5,0.0,0.0,14.3,5.17,11.0,237,24,16680.0,1,0.357,250.0,1710.0,0,0.0,51,0,0.1,-1,-1,-1,-1,0.0,0.0
2026-06-22T08:00,0.0,0.0,0.0,0.0,15.8,5.33,10.9,246,5,32080.0,1,0.353,570.0,2055.0,0,0.0,0,0,0.0,-1,-1,-1,-1,0.0,0.0
2026-06-22T09:00,0.0,0.0,0.0,0.0,16.4,5.23,10.9,255,23,34840.0,1,0.349,550.0,2305.0,0,0.0,1,0,0.0,-1,-1,-1,-1,0.0,0.0
2026-06-22T10:00,0.0,0.0,0.0,0.0,16.3,5.42,10.6,258,7,73940.0,1,0.345,390.0,2340.0,0,0.0,0,0,0.0,-1,-1,-1,-1,0.0,0.0
2026-06-22T11:00,0.1,1.0,0.0,0.0,12.3,6.39,11.9,199,53,11820.0,1,0.344,600.0,850.0,0,0.0,51,0,0.0,-1,-1,-1,-1,0.0,0.0
2026-06-22T12:00,0.0,0.0,0.0,0.0,12.2,3.95,11.2,178,90,10900.0,1,0.333,870.0,625.0,0,0.0,3,0,0.0,-1,-1,-1,-1,0.0,0.0
2026-06-22T13:00,0.1,0.0,0.0,0.0,9.0,5.3,8.9,159,37,21860.0,0,0.333,510.0,265.0,0,0.0,51,0,0.1,-1,-1,-1,-1,0.0,0.0
2026-06-22T14:00,0.1,0.0,0.0,0.0,7.2,3.44,8.5,130,74,20860.0,0,0.333,0.0,180.0,0,0.0,51,0,0.1,-1,-1,-1,-1,0.0,0.0
2026-06-22T15:00,1.1,0.909,0.0,0.0,5.5,3.44,6.4,21,99,3460.0,0,0.347,20.0,145.0,0,0.0003,55,1,0.1,47,0,3,3,0.554,0.693
2026-06-22T16:00,1.1,0.545,0.0,0.0,5.7,2.96,7.5,120,58,5860.0,0,0.36,0.0,285.0,0,0.0,55,1,0.5,47,1,2,3,0.554,0.475
2026-06-22T17:00,0.3,0.0,0.0,0.0,5.3,2.69,6.4,145,50,20680.0,0,0.362,30.0,190.0,0,0.0,51,1,0.3,47,2,1,3,0.554,0.148
2026-06-22T18:00,0.0,0.0,0.0,0.0,4.9,3.15,4.2,136,49,17520.0,0,0.349,0.0,165.0,0,0.0,1,0,0.0,-1,-1,-1,-1,0.0,0.0
2026-06-22T19:00,0.0,0.0,0.0,0.0,4.9,3.31,5.9,142,80,19060.0,0,0.348,0.0,370.0,0,0.0,3,0,0.0,-1,-1,-1,-1,0.0,0.0
2026-06-22T20:00,0.1,0.0,0.0,0.0,4.0,2.62,5.6,125,82,9680.0,0,0.349,0.0,200.0,0,0.0,51,0,0.1,-1,-1,-1,-1,0.0,0.0
2026-06-22T21:00,0.4,0.5,0.0,0.0,3.5,2.03,4.3,128,98,3260.0,0,0.353,20.0,155.0,0,0.0,51,1,0.2,48,0,6,24,0.285,0.376
2026-06-22T22:00,0.7,0.84,1.26,0.0,2.2,1.2,3.8,107,100,720.0,0,0.361,0.0,75.0,0,0.0,86,1,0.0,48,1,5,24,0.285,0.58
2026-06-22T23:00,0.4,0.714,0.7,0.0,1.7,0.92,4.2,49,100,400.0,1,0.368,10.0,50.0,0,0.0,85,1,0.0,48,2,4,24,0.285,0.504
2026-06-23T00:00,0.5,0.625,0.21,0.0,2.5,2.58,2.6,72,100,1180.0,1,0.351,60.0,130.0,0,0.0,85,1,0.0,48,3,3,24,0.285,0.451
2026-06-23T01:00,0.7,0.429,0.0,0.0,3.9,1.35,6.9,68,100,6100.0,1,0.361,0.0,150.0,0,0.0,53,1,0.4,48,4,2,24,0.285,0.333
2026-06-23T02:00,0.4,0.0,0.0,0.0,5.8,0.9,3.6,109,100,15020.0,1,0.365,20.0,345.0,0,0.0,51,1,0.4,48,5,1,24,0.285,0.076
2026-06-23T03:00,0.1,0.0,0.0,0.0,8.5,1.37,7.4,123,94,34560.0,1,0.364,50.0,730.0,0,0.0,51,0,0.1,-1,-1,-1,-1,0.0,0.0
2026-06-23T04:00,0.0,0.0,0.0,0.0,10.4,0.6,7.5,204,98,18620.0,1,0.362,720.0,1205.0,0,0.0,3,0,0.0,-1,-1,-1,-1,0.0,0.0
2026-06-23T05:00,0.1,1.0,0.0,0.0,12.2,1.03,6.1,241,77,17680.0,1,0.36,900.0,1515.0,0,0.0,51,0,0.0,-1,-1,-1,-1,0.0,0.0
2026-06-23T06:00,0.1,1.0,0.0,0.0,12.5,1.8,5.9,272,100,18220.0,1,0.353,180.0,1910.0,0,0.0,51,0,0.0,-1,-1,-1,-1,0.0,0.0
2026-06-23T07:00,0.1,1.0,0.0,0.0,13.9,4.58,9.1,236,41,13820.0,1,0.35,710.0,2010.0,0,0.0,51,0,0.0,-1,-1,-1,-1,0.0,0.0
2026-06-23T08:00,0.1,0.0,0.0,0.0,14.4,2.96,10.0,196,18,13720.0,1,0.346,580.0,2055.0,0,0.0,51,0,0.1,-1,-1,-1,-1,0.0,0.0
2026-06-23T09:00,0.1,1.0,0.0,0.0,14.9,4.33,9.6,187,41,12540.0,1,0.344,720.0,2260.0,0,0.0,51,0,0.0,-1,-1,-1,-1,0.0,0.0
2026-06-23T10:00,0.1,1.0,0.0,0.0,15.1,4.27,9.5,207,41,10400.0,1,0.341,390.0,2200.0,0,0.0,51,0,0.0,-1,-1,-1,-1,0.0,0.0
2026-06-23T11:00,0.1,1.0,0.0,0.0,14.7,5.26,9.5,238,45,74140.0,1,0.34,270.0,2220.0,0,0.0,51,0,0.0,-1,-1,-1,-1,0.0,0.0
2026-06-23T12:00,0.0,0.0,0.0,0.0,14.2,5.17,9.8,213,29,74160.0,1,0.32,120.0,1185.0,0,0.0,1,0,0.0,-1,-1,-1,-1,0.0,0.0
2026-06-23T13:00,0.0,0.0,0.0,0.0,10.7,3.85,8.8,206,33,17100.0,0,0.32,130.0,280.0,0,0.0,1,0,0.0,-1,-1,-1,-1,0.0,0.0
2026-06-23T14:00,0.0,0.0,0.0,0.0,9.7,2.77,6.3,163,7,68960.0,0,0.319,310.0,110.0,0,0.0,0,0,0.0,-1,-1,-1,-1,0.0,0.0
2026-06-23T15:00,0.0,0.0,0.0,0.0,9.1,4.26,7.0,140,51,68980.0,0,0.319,160.0,220.0,0,0.0,2,0,0.0,-1,-1,-1,-1,0.0,0.0
2026-06-23T16:00,0.0,0.0,0.0,0.0,7.1,2.74,6.9,72,92,66960.0,0,0.319,30.0,110.0,0,0.0,3,0,0.0,-1,-1,-1,-1,0.0,0.0
2026-06-23T17:00,0.0,0.0,0.0,0.0,5.3,5.4,8.9,61,58,61240.0,0,0.319,30.0,150.0,0,0.0,2,0,0.0,-1,-1,-1,-1,0.0,0.0
2026-06-23T18:00,0.0,0.0,0.0,0.0,7.0,4.06,8.8,94,88,64520.0,0,0.303,20.0,180.0,0,0.0,3,0,0.0,-1,-1,-1,-1,0.0,0.0
2026-06-23T19:00,0.0,0.0,0.0,0.0,6.5,4.24,6.9,107,35,64520.0,0,0.303,10.0,195.0,0,0.0,1,0,0.0,-1,-1,-1,-1,0.0,0.0
2026-06-23T20:00,0.0,0.0,0.0,0.0,5.0,3.91,6.8,115,72,64540.0,0,0.303,20.0,160.0,0,0.0,2,0,0.0,-1,-1,-1,-1,0.0,0.0
2026-06-23T21:00,0.0,0.0,0.0,0.0,5.3,4.35,6.8,128,77,64540.0,0,0.303,20.0,175.0,0,0.0,2,0,0.0,-1,-1,-1,-1,0.0,0.0
2026-06-23T22:00,0.0,0.0,0.0,0.0,5.4,3.64,6.9,127,49,64560.0,0,0.303,70.0,150.0,0,0.0,1,0,0.0,-1,-1,-1,-1,0.0,0.0
2026-06-23T23:00,0.0,0.0,0.0,0.0,3.7,1.94,5.7,125,0,64560.0,1,0.303,60.0,75.0,0,0.0,0,0,0.0,-1,-1,-1,-1,0.0,0.0
2026-06-24T00:00,0.0,0.0,0.0,0.0,5.8,2.01,5.1,145,5,61300.0,1,0.313,10.0,115.0,0,0.0,0,0,0.0,-1,-1,-1,-1,0.0,0.0
2026-06-24T01:00,0.0,0.0,0.0,0.0,8.3,3.11,6.3,204,10,67040.0,1,0.312,20.0,480.0,0,0.0,0,0,0.0,-1,-1,-1,-1,0.0,0.0
2026-06-24T02:00,0.0,0.0,0.0,0.0,10.4,4.46,10.3,233,29,12500.0,1,0.311,340.0,1510.0,0,0.0,1,0,0.0,-1,-1,-1,-1,0.0,0.0
2026-06-24T03:00,0.3,0.667,0.0,0.0,10.8,5.9,13.9,248,24,13060.0,1,0.311,280.0,1320.0,0,0.0,51,1,0.1,49,0,1,15,0.0,0.4
2026-06-24T04:00,0.1,1.0,0.0,0.0,12.7,6.8,13.4,253,23,19460.0,1,0.309,210.0,1660.0,0,0.0,51,0,0.0,-1,-1,-1,-1,0.0,0.0
2026-06-24T05:00,0.0,0.0,0.0,0.0,13.3,6.26,12.9,262,49,19300.0,1,0.306,80.0,1625.0,0,0.0,1,0,0.0,-1,-1,-1,-1,0.0,0.0
2026-06-24T06:00,0.0,0.0,0.0,0.0,13.2,6.35,12.7,285,47,21920.0,1,0.306,0.0,1800.0,0,0.0,1,0,0.0,-1,-1,-1,-1,0.0,0.0
2026-06-24T07:00,0.0,0.0,0.0,0.0,13.8,5.08,11.8,283,54,15320.0,1,0.303,0.0,1860.0,0,0.0,2,0,0.0,-1,-1,-1,-1,0.0,0.0
2026-06-24T08:00,0.2,0.5,0.0,0.0,14.3,4.03,10.3,287,66,10260.0,1,0.301,70.0,2070.0,0,0.0,51,0,0.1,-1,-1,-1,-1,0.0,0.0
2026-06-24T09:00,0.2,0.5,0.0,0.0,14.8,3.0,8.7,281,51,9600.0,1,0.3,0.0,2295.0,0,0.0,51,0,0.1,-1,-1,-1,-1,0.0,0.0
2026-06-24T10:00,0.2,0.5,0.0,0.0,15.2,3.42,7.1,252,55,46400.0,1,0.3,30.0,2335.0,0,0.0,51,0,0.1,-1,-1,-1,-1,0.0,0.0
2026-06-24T11:00,0.0,0.0,0.0,0.0,14.0,3.75,7.6,224,68,74340.0,1,0.298,0.0,2025.0,0,0.0,2,0,0.0,-1,-1,-1,-1,0.0,0.0
2026-06-24T12:00,0.0,0.0,0.0,0.0,12.8,2.58,6.8,279,68,25920.0,1,0.338,10.0,1635.0,0,0.0,2,0,0.0,-1,-1,-1,-1,0.0,0.0
2026-06-24T13:00,0.1,0.0,0.0,0.0,9.6,4.04,6.3,351,48,12960.0,1,0.338,170.0,275.0,0,0.0,51,0,0.1,-1,-1,-1,-1,0.0,0.0
2026-06-24T14:00,0.1,0.0,0.0,0.0,8.0,4.25,7.2,1,55,19320.0,0,0.338,0.0,235.0,0,0.0,51,0,0.1,-1,-1,-1,-1,0.0,0.0
2026-06-24T15:00,0.1,1.0,0.0,0.0,6.6,2.0,6.7,77,73,16480.0,0,0.339,30.0,110.0,0,0.0,51,0,0.0,-1,-1,-1,-1,0.0,0.0
2026-06-24T16:00,0.0,0.0,0.0,0.0,6.0,2.67,5.0,73,27,25460.0,0,0.338,40.0,130.0,0,0.0,1,0,0.0,-1,-1,-1,-1,0.0,0.0
2026-06-24T17:00,0.0,0.0,0.0,0.0,5.7,1.63,4.4,108,98,21180.0,0,0.338,30.0,125.0,0,0.0,3,0,0.0,-1,-1,-1,-1,0.0,0.0
2026-06-24T18:00,0.1,0.0,0.0,0.0,6.2,2.04,2.7,112,91,11140.0,0,0.329,10.0,305.0,0,0.0,51,0,0.1,-1,-1,-1,-1,0.0,0.0
2026-06-24T19:00,0.3,0.667,0.0,0.0,6.1,2.16,3.7,134,95,11000.0,0,0.331,40.0,300.0,0,0.0,51,1,0.1,50,0,1,4,0.0,0.4
2026-06-24T20:00,0.2,0.5,0.0,0.0,5.7,1.6,3.7,160,100,12580.0,0,0.332,50.0,280.0,0,0.0,51,0,0.1,-1,-1,-1,-1,0.0,0.0
2026-06-24T21:00,0.1,0.0,0.0,0.0,5.3,0.2,2.7,90,100,11640.0,0,0.333,50.0,15.0,0,0.0,51,0,0.1,-1,-1,-1,-1,0.0,0.0
2026-06-24T22:00,0.2,0.0,0.0,0.0,5.2,0.68,1.6,144,100,11160.0,0,0.335,40.0,50.0,0,0.0,51,0,0.2,-1,-1,-1,-1,0.0,0.0
2026-06-24T23:00,0.1,0.0,0.0,0.0,4.3,0.96,1.9,152,100,10180.0,1,0.336,40.0,55.0,0,0.0,51,0,0.1,-1,-1,-1,-1,0.0,0.0
2026-06-25T00:00,0.6,0.667,0.0,0.0,4.2,1.37,2.8,123,100,2500.0,1,0.353,90.0,45.0,0,0.0,53,1,0.2,51,0,2,2,0.129,0.434
2026-06-25T01:00,0.5,0.8,0.0,0.0,6.2,0.21,3.5,135,100,16500.0,1,0.357,50.0,435.0,0,0.0,53,1,0.1,51,1,1,2,0.129,0.514
2026-06-25T02:00,0.1,1.0,0.0,0.0,7.8,0.34,3.4,207,100,19500.0,1,0.356,60.0,715.0,0,0.0,51,0,0.0,-1,-1,-1,-1,0.0,0.0
2026-06-25T03:00,0.1,1.0,0.0,0.0,9.5,1.3,4.6,242,100,11240.0,1,0.354,90.0,1080.0,0,0.0,51,0,0.0,-1,-1,-1,-1,0.0,0.0
2026-06-25T04:00,0.3,0.667,0.0,0.0,10.3,1.3,5.0,272,100,9200.0,1,0.354,50.0,1180.0,0,0.0,51,1,0.1,52,0,3,4,0.846,0.626
2026-06-25T05:00,2.0,0.867,0.7,0.0,7.0,4.83,9.9,347,100,3260.0,1,0.375,100.0,470.0,0,0.0125,85,1,0.0,52,1,2,4,0.846,0.746
2026-06-25T06:00,0.8,0.5,0.0,0.0,10.0,2.4,10.0,337,41,12080.0,1,0.385,450.0,840.0,0,0.0,53,1,0.4,52,2,1,4,0.846,0.525
2026-06-25T07:00,0.2,0.5,0.0,0.0,12.1,1.92,6.8,261,48,13040.0,1,0.382,450.0,1390.0,0,0.0,51,0,0.1,-1,-1,-1,-1,0.0,0.0
2026-06-25T08:00,0.1,1.0,0.0,0.0,12.8,2.21,6.3,276,37,16460.0,1,0.377,480.0,1635.0,0,0.0,51,0,0.0,-1,-1,-1,-1,0.0,0.0
2026-06-25T09:00,0.1,1.0,0.0,0.0,13.0,1.9,6.2,270,30,23480.0,1,0.373,480.0,1585.0,0,0.0,51,0,0.0,-1,-1,-1,-1,0.0,0.0
2026-06-25T10:00,0.2,0.5,0.0,0.0,11.0,3.5,7.1,37,58,14380.0,1,0.371,290.0,390.0,0,0.0,51,0,0.1,-1,-1,-1,-1,0.0,0.0
2026-06-25T11:00,0.3,0.667,0.0,0.0,9.0,2.85,8.3,15,76,4780.0,1,0.37,90.0,550.0,0,0.0,51,1,0.1,53,0,3,20,0.567,0.551
2026-06-25T12:00,1.0,0.6,0.0,0.0,6.1,3.91,7.5,25,98,3640.0,1,0.34,0.0,340.0,0,0.0,55,1,0.4,53,1,2,20,0.567,0.511
2026-06-25T13:00,1.2,0.437,0.28,0.0,6.2,3.59,6.7,98,84,8180.0,1,0.357,0.0,310.0,0,0.0,85,1,0.5,53,2,1,20,0.567,0.413
2026-06-25T14:00,0.1,0.0,0.0,0.0,5.7,2.71,6.2,115,64,17580.0,0,0.358,10.0,230.0,0,0.0,51,0,0.1,-1,-1,-1,-1,0.0,0.0
2026-06-25T15:00,0.0,0.0,0.0,0.0,5.1,1.77,4.7,112,13,22400.0,0,0.357,10.0,185.0,0,0.0,0,0,0.0,-1,-1,-1,-1,0.0,0.0
2026-06-25T16:00,0.0,0.0,0.0,0.0,4.3,1.41,3.3,96,7,36040.0,0,0.356,0.0,65.0,0,0.0,0,0,0.0,-1,-1,-1,-1,0.0,0.0
2026-06-25T17:00,0.0,0.0,0.0,0.0,3.8,1.07,2.4,62,6,46780.0,0,0.355,10.0,30.0,0,0.0,0,0,0.0,-1,-1,-1,-1,0.0,0.0
2026-06-25T18:00,0.0,0.0,0.0,0.0,3.9,1.39,2.5,52,11,49300.0,0,0.344,0.0,35.0,0,0.0,0,0,0.0,-1,-1,-1,-1,0.0,0.0
2026-06-25T19:00,0.0,0.0,0.0,0.0,3.4,1.33,2.5,77,13,51200.0,0,0.343,0.0,35.0,0,0.0,0,0,0.0,-1,-1,-1,-1,0.0,0.0
2026-06-25T20:00,0.0,0.0,0.0,0.0,2.7,1.95,3.2,87,100,800.0,0,0.342,0.0,40.0,0,0.0,3,0,0.0,-1,-1,-1,-1,0.0,0.0
2026-06-25T21:00,0.0,0.0,0.0,0.0,2.6,1.83,3.9,101,100,200.0,0,0.342,0.0,55.0,0,0.0,3,0,0.0,-1,-1,-1,-1,0.0,0.0
2026-06-25T22:00,0.0,0.0,0.0,0.0,3.1,1.97,3.8,120,100,160.0,0,0.341,0.0,100.0,0,0.0,3,0,0.0,-1,-1,-1,-1,0.0,0.0
2026-06-25T23:00,0.0,0.0,0.0,0.0,3.0,1.53,3.6,122,100,140.0,1,0.34,0.0,95.0,0,0.0,3,0,0.0,-1,-1,-1,-1,0.0,0.0
2026-06-26T00:00,0.0,0.0,0.0,0.0,4.4,1.78,3.3,142,100,100.0,1,0.327,0.0,190.0,0,0.0,3,0,0.0,-1,-1,-1,-1,0.0,0.0
2026-06-26T01:00,0.0,0.0,0.0,0.0,4.6,1.74,4.3,129,100,100.0,1,0.326,0.0,160.0,0,0.0,3,0,0.0,-1,-1,-1,-1,0.0,0.0
2026-06-26T02:00,0.1,0.0,0.0,0.0,6.5,3.01,6.3,137,100,700.0,1,0.326,0.0,390.0,0,0.0,51,0,0.1,-1,-1,-1,-1,0.0,0.0
2026-06-26T03:00,0.0,0.0,0.0,0.0,8.7,3.37,7.4,159,96,2900.0,1,0.326,10.0,770.0,0,0.0,3,0,0.0,-1,-1,-1,-1,0.0,0.0
2026-06-26T04:00,0.0,0.0,0.0,0.0,10.9,2.89,7.5,162,44,7600.0,1,0.323,350.0,945.0,0,0.0,1,0,0.0,-1,-1,-1,-1,0.0,0.0
2026-06-26T05:00,0.1,1.0,0.0,0.0,11.9,1.91,7.4,174,100,13800.0,1,0.321,730.0,1215.0,0,0.0,51,0,0.0,-1,-1,-1,-1,0.0,0.0
2026-06-26T06:00,0.1,1.0,0.0,0.0,12.8,1.72,6.2,262,98,25320.0,1,0.319,830.0,1510.0,0,0.0,51,0,0.0,-1,-1,-1,-1,0.0,0.0
2026-06-26T07:00,0.1,1.0,0.0,0.0,11.0,3.36,7.5,205,69,8300.0,1,0.318,60.0,540.0,0,0.0,51,0,0.0,-1,-1,-1,-1,0.0,0.0
2026-06-26T08:00,0.2,0.5,0.0,0.0,13.6,2.91,7.8,221,100,22660.0,1,0.317,990.0,1620.0,0,0.0,51,0,0.1,-1,-1,-1,-1,0.0,0.0
2026-06-26T09:00,0.2,0.5,0.0,0.0,12.4,3.92,7.8,240,99,5540.0,1,0.316,240.0,1010.0,0,0.0,51,0,0.1,-1,-1,-1,-1,0.0,0.0
2026-06-26T10:00,0.5,0.6,0.0,0.0,11.7,1.85,8.5,199,74,43620.0,1,0.319,430.0,695.0,0,0.0,53,1,0.2,54,0,1,2,0.0,0.36
2026-06-26T11:00,0.0,0.0,0.0,0.0,12.2,1.85,5.7,218,100,14900.0,1,0.318,20.0,1000.0,0,0.0,3,0,0.0,-1,-1,-1,-1,0.0,0.0
2026-06-26T12:00,0.2,0.5,0.0,0.0,10.4,2.55,5.2,242,100,6260.0,1,0.339,30.0,430.0,0,0.0,51,0,0.1,-1,-1,-1,-1,0.0,0.0
2026-06-26T13:00,0.5,0.0,0.0,0.0,8.6,1.92,5.6,298,99,10840.0,1,0.343,600.0,170.0,0,0.0,53,1,0.5,55,0,3,13,0.6,0.16
2026-06-26T14:00,0.2,0.5,0.0,0.0,7.5,0.11,3.0,207,100,10500.0,0,0.344,450.0,15.0,0,0.0,51,0,0.1,55,1,2,13,0.6,0.46
2026-06-26T15:00,0.8,0.875,0.0,0.0,6.8,1.35,1.8,129,98,8820.0,0,0.354,10.0,75.0,0,0.0,53,1,0.1,55,2,1,13,0.6,0.685
2026-06-26T16:00,0.1,0.0,0.0,0.0,6.5,2.02,4.4,138,96,12440.0,0,0.354,110.0,195.0,0,0.0,51,0,0.1,-1,-1,-1,-1,0.0,0.0
2026-06-26T17:00,0.1,0.0,0.0,0.0,5.9,0.83,3.2,123,98,16340.0,0,0.354,40.0,50.0,0,0.0,51,0,0.1,-1,-1,-1,-1,0.0,0.0
2026-06-26T18:00,0.0,0.0,0.0,0.0,6.0,0.68,1.3,54,98,17380.0,0,0.35,0.0,40.0,0,0.0,3,0,0.0,-1,-1,-1,-1,0.0,0.0
2026-06-26T19:00,0.0,0.0,0.0,0.0,5.5,1.41,2.3,45,99,1220.0,0,0.349,0.0,50.0,0,0.0,3,0,0.0,-1,-1,-1,-1,0.0,0.0
2026-06-26T20:00,0.0,0.0,0.0,0.0,5.5,1.24,2.6,50,100,860.0,0,0.349,0.0,40.0,0,0.0,3,0,0.0,-1,-1,-1,-1,0.0,0.0
2026-06-26T21:00,0.1,0.0,0.0,0.0,6.0,0.93,2.3,74,99,1840.0,0,0.348,0.0,65.0,0,0.0,51,0,0.1,-1,-1,-1,-1,0.0,0.0
2026-06-26T22:00,0.1,0.0,0.0,0.0,5.8,0.47,1.8,72,98,2480.0,0,0.348,230.0,15.0,0,0.0,51,0,0.1,-1,-1,-1,-1,0.0,0.0
2026-06-26T23:00,0.1,0.0,0.0,0.0,5.8,0.38,1.5,67,100,4260.0,1,0.348,20.0,20.0,0,0.0,51,0,0.1,-1,-1,-1,-1,0.0,0.0
2026-06-27T00:00,0.2,0.5,0.0,0.0,5.9,0.71,1.8,98,100,10980.0,1,0.353,60.0,130.0,0,0.0,51,0,0.1,-1,-1,-1,-1,0.0,0.0
2026-06-27T01:00,0.2,0.5,0.0,0.0,6.9,0.47,2.4,108,100,11580.0,1,0.353,180.0,490.0,0,0.0,51,0,0.1,-1,-1,-1,-1,0.0,0.0
2026-06-27T02:00,0.2,0.5,0.0,0.0,8.4,1.25,4.1,74,100,14340.0,1,0.353,10.0,755.0,0,0.0,51,0,0.1,-1,-1,-1,-1,0.0,0.0
2026-06-27T03:00,0.1,1.0,0.0,0.0,9.6,0.89,4.1,128,100,15580.0,1,0.352,50.0,920.0,0,0.0,51,0,0.0,-1,-1,-1,-1,0.0,0.0
2026-06-27T04:00,0.2,1.0,0.0,0.0,10.8,1.56,4.9,174,100,10500.0,1,0.351,100.0,1110.0,0,0.0,51,0,0.0,-1,-1,-1,-1,0.0,0.0
2026-06-27T05:00,0.4,0.75,0.0,0.0,11.5,2.15,5.3,211,100,5940.0,1,0.352,80.0,1200.0,0,0.0,51,1,0.1,56,0,3,4,0.79,0.661
2026-06-27T06:00,2.7,0.903,0.28,0.0,6.1,4.94,10.9,220,100,2920.0,1,0.38,80.0,350.0,0,0.017,85,1,0.0,56,1,2,4,0.79,0.753
2026-06-27T07:00,1.3,0.385,0.0,0.0,8.1,1.16,8.3,353,87,9900.0,1,0.389,350.0,290.0,0,0.0131,80,1,0.8,56,2,1,4,0.79,0.442
2026-06-27T08:00,0.2,0.5,0.0,0.0,10.5,0.91,4.8,279,84,13620.0,1,0.385,720.0,895.0,0,0.0,51,0,0.1,-1,-1,-1,-1,0.0,0.0
2026-06-27T09:00,0.2,0.5,0.0,0.0,11.7,0.46,4.8,319,55,13640.0,1,0.38,860.0,915.0,0,0.0,51,0,0.1,-1,-1,-1,-1,0.0,0.0
2026-06-27T10:00,0.1,0.0,0.0,0.0,12.2,1.77,5.5,317,62,20580.0,1,0.375,840.0,1255.0,0,0.0,51,0,0.1,-1,-1,-1,-1,0.0,0.0
2026-06-27T11:00,0.1,1.0,0.0,0.0,12.1,0.97,5.2,249,100,13360.0,1,0.372,250.0,1170.0,0,0.0,51,0,0.0,-1,-1,-1,-1,0.0,0.0
2026-06-27T12:00,3.5,0.886,0.0,0.0,8.0,1.6,6.6,182,100,6380.0,1,0.386,80.0,135.0,0,0.025,81,1,0.4,57,0,2,3,0.692,0.716
2026-06-27T13:00,1.2,0.917,0.0,0.0,7.3,0.1,3.4,90,98,18000.0,1,0.397,0.0,10.0,0,0.0,55,1,0.1,57,1,1,3,0.692,0.735
2026-06-27T14:00,0.0,0.0,0.0,0.0,6.3,0.68,1.1,17,98,52800.0,0,0.392,80.0,35.0,0,0.0,3,0,0.0,-1,-1,-1,-1,0.0,0.0
2026-06-27T15:00,0.2,0.5,0.0,0.0,5.9,0.46,2.2,77,99,19900.0,0,0.391,70.0,20.0,0,0.0,51,0,0.1,-1,-1,-1,-1,0.0,0.0
2026-06-27T16:00,0.1,1.0,0.0,0.0,6.0,0.69,2.1,60,100,8520.0,0,0.389,30.0,30.0,0,0.0,51,0,0.0,-1,-1,-1,-1,0.0,0.0
2026-06-27T17:00,0.8,0.625,0.0,0.0,5.4,2.99,4.5,18,100,4600.0,0,0.396,20.0,180.0,0,0.0,53,1,0.3,58,0,4,17,0.297,0.454
2026-06-27T18:00,0.4,0.25,0.0,0.0,6.0,1.28,5.4,141,100,5680.0,0,0.384,50.0,285.0,0,0.0,51,1,0.3,58,1,3,17,0.297,0.229
2026-06-27T19:00,0.6,0.667,0.0,0.0,5.7,1.92,3.3,173,100,5100.0,0,0.389,30.0,290.0,0,0.0,53,1,0.2,58,2,2,17,0.297,0.479
2026-06-27T20:00,0.5,0.4,0.0,0.0,5.2,2.52,4.6,187,100,10860.0,0,0.392,0.0,240.0,0,0.0,53,1,0.3,58,3,1,17,0.297,0.319
2026-06-27T21:00,0.1,0.0,0.0,0.0,5.0,0.79,4.4,162,100,14360.0,0,0.39,10.0,95.0,0,0.0,51,0,0.1,-1,-1,-1,-1,0.0,0.0
2026-06-27T22:00,0.1,0.0,0.0,0.0,4.9,1.35,2.3,2,100,15060.0,0,0.387,20.0,150.0,0,0.0,51,0,0.1,-1,-1,-1,-1,0.0,0.0
2026-06-27T23:00,0.1,0.0,0.0,0.0,4.7,2.74,4.7,15,91,24040.0,1,0.385,10.0,215.0,0,0.0,51,0,0.1,-1,-1,-1,-1,0.0,0.0
2026-06-28T00:00,0.0,0.0,0.0,0.0,4.5,1.6,5.1,32,100,34260.0,1,0.395,0.0,180.0,0,0.0,3,0,0.0,-1,-1,-1,-1,0.0,0.0
2026-06-28T01:00,0.0,0.0,0.0,0.0,5.8,1.8,4.4,46,100,24680.0,1,0.392,0.0,380.0,0,0.0,3,0,0.0,-1,-1,-1,-1,0.0,0.0
2026-06-28T02:00,0.0,0.0,0.0,0.0,6.3,1.41,4.4,63,100,28020.0,1,0.389,0.0,370.0,0,0.0,3,0,0.0,-1,-1,-1,-1,0.0,0.0
2026-06-28T03:00,0.0,0.0,0.0,0.0,8.2,0.89,4.7,16,66,31200.0,1,0.386,150.0,740.0,0,0.0,2,0,0.0,-1,-1,-1,-1,0.0,0.0
2026-06-28T04:00,0.1,1.0,0.0,0.0,10.2,1.96,5.4,15,100,32920.0,1,0.383,460.0,1110.0,0,0.0,51,0,0.0,-1,-1,-1,-1,0.0,0.0
2026-06-28T05:00,0.1,1.0,0.0,0.0,11.8,2.77,7.0,17,88,22120.0,1,0.379,560.0,1430.0,0,0.0,51,0,0.0,-1,-1,-1,-1,0.0,0.0
2026-06-28T06:00,0.1,1.0,0.0,0.0,12.5,2.55,7.0,16,100,36000.0,1,0.376,650.0,1485.0,0,0.0,51,0,0.0,-1,-1,-1,-1,0.0,0.0
2026-06-28T07:00,0.1,1.0,0.0,0.0,12.2,2.47,6.4,36,98,11340.0,1,0.375,140.0,1405.0,0,0.0,51,0,0.0,-1,-1,-1,-1,0.0,0.0
2026-06-28T08:00,0.1,1.0,0.0,0.0,13.1,3.04,6.9,42,39,13140.0,1,0.373,790.0,1380.0,0,0.0,51,0,0.0,-1,-1,-1,-1,0.0,0.0
2026-06-28T09:00,0.1,0.0,0.0,0.0,13.8,2.42,7.1,63,73,21280.0,1,0.37,790.0,1595.0,0,0.0,51,0,0.1,-1,-1,-1,-1,0.0,0.0
2026-06-28T10:00,0.1,0.0,0.0,0.0,13.5,2.9,6.4,88,62,19140.0,1,0.367,90.0,1495.0,0,0.0,51,0,0.1,-1,-1,-1,-1,0.0,0.0
2026-06-28T11:00,0.2,0.5,0.0,0.0,12.3,2.55,6.5,87,74,11280.0,1,0.366,220.0,1095.0,0,0.0,51,0,0.1,-1,-1,-1,-1,0.0,0.0
2026-06-28T12:00,0.2,0.5,0.0,0.0,9.6,4.63,7.5,52,90,12640.0,1,0.367,90.0,390.0,0,0.0,51,0,0.1,-1,-1,-1,-1,0.0,0.0
2026-06-28T13:00,0.0,0.0,0.0,0.0,7.9,2.42,8.1,60,72,34340.0,1,0.367,30.0,165.0,0,0.0,2,0,0.0,-1,-1,-1,-1,0.0,0.0
2026-06-28T14:00,1.5,0.933,0.0,0.0,6.7,3.68,5.5,43,94,5240.0,0,0.384,10.0,280.0,0,0.0006,80,1,0.1,59,0,2,4,0.43,0.675
2026-06-28T15:00,0.8,0.625,0.0,0.0,6.2,4.74,7.7,29,94,8220.0,0,0.392,50.0,225.0,0,0.0,53,1,0.3,59,1,1,4,0.43,0.49
2026-06-28T16:00,0.2,0.0,0.0,0.0,5.7,3.15,7.6,27,100,10120.0,0,0.391,60.0,195.0,0,0.0,51,0,0.2,-1,-1,-1,-1,0.0,0.0
2026-06-28T17:00,0.1,0.0,0.0,0.0,5.5,3.09,5.3,39,91,22020.0,0,0.39,50.0,190.0,0,0.0,51,0,0.1,-1,-1,-1,-1,0.0,0.0
2026-06-28T18:00,0.0,0.0,0.0,0.0,4.7,3.91,5.1,40,79,9500.0,0,0.364,20.0,210.0,0,0.0,2,0,0.0,-1,-1,-1,-1,0.0,0.0
2026-06-28T19:00,0.1,0.0,0.0,0.0,4.4,3.56,6.4,62,79,16080.0,0,0.365,60.0,245.0,0,0.0,51,0,0.1,-1,-1,-1,-1,0.0,0.0
2026-06-28T20:00,0.6,1.0,0.0,0.0,3.3,3.33,6.0,62,94,2460.0,0,0.373,50.0,225.0,0,0.0,53,1,0.0,60,0,5,2,0.517,0.738
2026-06-28T21:00,1.2,0.833,0.42,0.0,2.8,3.3,5.4,39,100,1080.0,0,0.388,60.0,195.0,0,0.0015,85,1,0.0,60,1,4,2,0.517,0.638
2026-06-28T22:00,1.5,0.833,0.63,0.0,2.3,2.19,5.3,63,100,660.0,0,0.407,0.0,175.0,0,0.0,85,1,0.0,60,2,3,2,0.517,0.638
2026-06-28T23:00,1.3,0.68,0.84,0.0,2.2,3.5,5.4,59,100,1820.0,1,0.417,0.0,155.0,0,0.0,86,1,0.0,60,3,2,2,0.517,0.546
2026-06-29T00:00,0.3,0.0,0.0,0.0,4.6,1.69,5.8,56,100,27520.0,1,0.372,10.0,225.0,0,0.0,51,1,0.3,60,4,1,2,0.517,0.138
2026-06-29T01:00,0.0,0.0,0.0,0.0,5.4,1.66,3.8,61,100,21300.0,1,0.371,10.0,320.0,0,0.0,3,0,0.0,-1,-1,-1,-1,0.0,0.0
2026-06-29T02:00,0.1,0.0,0.0,0.0,6.5,1.25,4.0,88,100,13260.0,1,0.371,10.0,310.0,0,0.0,51,0,0.1,-1,-1,-1,-1,0.0,0.0
2026-06-29T03:00,0.3,1.0,0.0,0.0,8.1,0.72,4.0,56,100,10520.0,1,0.372,10.0,620.0,0,0.0,51,1,0.0,61,0,2,3,0.0,0.6
2026-06-29T04:00,0.3,0.667,0.0,0.0,8.4,0.96,3.9,62,91,8260.0,1,0.373,60.0,560.0,0,0.0,51,1,0.1,61,1,1,3,0.0,0.4
2026-06-29T05:00,0.2,1.0,0.0,0.0,11.6,1.11,4.9,36,44,18620.0,1,0.372,710.0,1300.0,0,0.0,51,0,0.0,-1,-1,-1,-1,0.0,0.0
2026-06-29T06:00,0.2,1.0,0.0,0.0,11.4,1.15,4.9,358,100,15720.0,1,0.375,850.0,1425.0,0,0.0,51,0,0.0,-1,-1,-1,-1,0.0,0.0
2026-06-29T07:00,0.2,1.0,0.0,0.0,12.6,2.99,7.0,18,100,26140.0,1,0.372,740.0,1455.0,0,0.0,51,0,0.0,-1,-1,-1,-1,0.0,0.0
2026-06-29T08:00,1.9,0.929,0.63,0.0,8.0,5.12,9.8,25,98,3160.0,1,0.395,20.0,660.0,0,0.0022,85,1,0.0,62,0,2,3,0.319,0.643
2026-06-29T09:00,1.2,0.5,0.0,0.0,9.7,5.05,10.1,64,48,9380.0,1,0.406,360.0,730.0,0,0.009,55,1,0.6,62,1,1,3,0.319,0.385
2026-06-29T10:00,0.2,0.5,0.0,0.0,11.1,4.27,9.9,84,52,13520.0,1,0.402,510.0,960.0,0,0.0,51,0,0.1,-1,-1,-1,-1,0.0,0.0
2026-06-29T11:00,0.1,1.0,0.0,0.0,11.2,3.75,8.4,81,63,16060.0,1,0.398,90.0,1215.0,0,0.0,51,0,0.0,-1,-1,-1,-1,0.0,0.0
2026-06-29T12:00,0.1,1.0,0.0,0.0,8.2,3.54,7.3,121,41,11100.0,1,0.385,20.0,380.0,0,0.0,51,0,0.0,-1,-1,-1,-1,0.0,0.0
2026-06-29T13:00,0.4,0.75,0.0,0.0,7.1,1.0,6.1,37,99,5820.0,1,0.387,50.0,395.0,0,0.0,51,1,0.1,63,0,7,5,0.41,0.559
2026-06-29T14:00,0.5,0.4,0.0,0.0,6.8,1.88,3.3,343,22,9880.0,0,0.39,50.0,145.0,0,0.0,53,1,0.3,63,1,6,5,0.41,0.349
2026-06-29T15:00,0.7,0.857,0.0,0.0,5.6,3.29,5.0,26,100,8420.0,0,0.397,80.0,310.0,0,0.0,53,1,0.1,63,2,5,5,0.41,0.624
2026-06-29T16:00,0.9,0.889,0.0,0.0,5.4,2.82,5.6,83,58,7560.0,0,0.405,20.0,330.0,0,0.0,53,1,0.1,63,3,4,5,0.41,0.643
2026-06-29T17:00,1.4,0.929,0.0,0.0,4.3,1.37,4.6,114,100,6260.0,0,0.416,0.0,110.0,0,0.0,80,1,0.1,63,4,3,5,0.41,0.667
2026-06-29T18:00,1.0,0.769,0.21,0.0,3.9,1.54,2.5,36,100,5980.0,0,0.406,0.0,180.0,0,0.0,85,1,0.0,63,5,2,5,0.41,0.571
2026-06-29T19:00,0.8,0.889,0.07,0.0,3.9,0.73,2.5,16,88,8600.0,0,0.411,10.0,40.0,0,0.0,85,1,0.0,63,6,1,5,0.41,0.643
2026-06-29T20:00,0.2,0.5,0.0,0.0,3.2,0.45,1.3,360,100,15320.0,0,0.408,10.0,25.0,0,0.0,51,0,0.1,-1,-1,-1,-1,0.0,0.0
2026-06-29T21:00,0.0,0.0,0.0,0.0,3.8,0.35,1.7,352,100,29200.0,0,0.403,0.0,45.0,0,0.0,3,0,0.0,-1,-1,-1,-1,0.0,0.0
2026-06-29T22:00,0.0,0.0,0.0,0.0,4.0,0.65,1.1,328,100,22120.0,0,0.4,10.0,60.0,0,0.0,3,0,0.0,-1,-1,-1,-1,0.0,0.0
2026-06-29T23:00,0.0,0.0,0.0,0.0,4.6,1.32,2.2,349,100,21160.0,1,0.398,20.0,160.0,0,0.0,3,0,0.0,-1,-1,-1,-1,0.0,0.0
2026-06-30T00:00,0.1,0.0,0.0,0.0,4.0,3.26,2.8,349,100,4880.0,1,0.374,40.0,315.0,0,0.0,51,0,0.1,-1,-1,-1,-1,0.0,0.0
2026-06-30T01:00,1.1,0.889,0.49,0.0,4.5,2.89,6.2,14,97,7660.0,1,0.389,10.0,360.0,0,0.0001,85,1,0.0,64,0,1,3,0.0,0.533
2026-06-30T02:00,0.2,0.833,0.28,0.0,6.2,1.95,5.3,359,99,31240.0,1,0.391,0.0,630.0,0,0.0,85,0,0.0,-1,-1,-1,-1,0.0,0.0
2026-06-30T03:00,0.1,1.0,0.0,0.0,8.4,1.93,5.9,323,100,21100.0,1,0.391,40.0,1075.0,0,0.0,51,0,0.0,-1,-1,-1,-1,0.0,0.0
2026-06-30T04:00,0.1,1.0,0.0,0.0,9.9,2.02,5.9,318,100,22360.0,1,0.39,40.0,1295.0,0,0.0,51,0,0.0,-1,-1,-1,-1,0.0,0.0
2026-06-30T05:00,0.3,1.0,0.0,0.0,10.1,1.8,5.8,304,41,14960.0,1,0.391,10.0,980.0,0,0.0,51,1,0.0,65,0,3,149,0.446,0.719
2026-06-30T06:00,0.4,0.75,0.0,0.0,10.5,4.07,6.5,315,41,8000.0,1,0.389,250.0,1125.0,0,0.0,51,1,0.1,65,1,2,149,0.446,0.569
2026-06-30T07:00,0.7,0.857,0.0,0.0,11.4,3.65,9.4,324,34,11020.0,1,0.389,160.0,1290.0,0,0.0,53,1,0.1,65,2,1,149,0.446,0.633
2026-06-30T08:00,0.2,1.0,0.0,0.0,12.9,4.48,9.1,321,45,17540.0,1,0.385,10.0,1555.0,0,0.0,51,0,0.0,-1,-1,-1,-1,0.0,0.0
2026-06-30T09:00,0.2,1.0,0.0,0.0,12.9,5.5,10.3,323,43,22260.0,1,0.383,10.0,1555.0,0,0.0,51,0,0.0,-1,-1,-1,-1,0.0,0.0
2026-06-30T10:00,0.0,0.0,0.0,0.0,12.8,5.47,10.8,324,16,47680.0,1,0.379,10.0,1640.0,0,0.0,0,0,0.0,-1,-1,-1,-1,0.0,0.0
2026-06-30T11:00,0.0,0.0,0.0,0.0,13.3,5.5,9.9,341,55,75560.0,1,0.376,0.0,2120.0,0,0.0,2,0,0.0,-1,-1,-1,-1,0.0,0.0
2026-06-30T12:00,0.0,0.0,0.0,0.0,11.9,5.06,10.8,348,47,73020.0,1,0.356,30.0,1610.0,0,0.0,1,0,0.0,-1,-1,-1,-1,0.0,0.0
2026-06-30T13:00,0.0,0.0,0.0,0.0,8.9,6.2,13.3,18,78,73040.0,1,0.355,40.0,615.0,0,0.0,2,0,0.0,-1,-1,-1,-1,0.0,0.0
2026-06-30T14:00,0.0,0.0,0.0,0.0,8.3,3.76,10.0,29,89,73040.0,0,0.355,20.0,580.0,0,0.0,3,0,0.0,-1,-1,-1,-1,0.0,0.0
2026-06-30T15:00,0.0,0.0,0.0,0.0,8.2,4.35,7.1,52,73,73060.0,0,0.354,20.0,1000.0,0,0.0,2,0,0.0,-1,-1,-1,-1,0.0,0.0
2026-06-30T16:00,0.0,0.0,0.0,0.0,6.8,3.43,7.5,46,81,70420.0,0,0.354,10.0,705.0,0,0.0,3,0,0.0,-1,-1,-1,-1,0.0,0.0
2026-06-30T17:00,0.0,0.0,0.0,0.0,5.8,4.16,6.9,35,35,70420.0,0,0.354,0.0,480.0,0,0.0,1,0,0.0,-1,-1,-1,-1,0.0,0.0
2026-06-30T18:00,0.0,0.0,0.0,0.0,4.7,4.03,7.0,37,0,68420.0,0,0.353,10.0,330.0,0,0.0,0,0,0.0,-1,-1,-1,-1,0.0,0.0
2026-06-30T19:00,0.0,0.0,0.0,0.0,2.6,3.6,6.7,29,0,68440.0,0,0.353,0.0,155.0,0,0.0,0,0,0.0,-1,-1,-1,-1,0.0,0.0
2026-06-30T20:00,0.0,0.0,0.0,0.0,1.8,3.24,5.9,27,0,66000.0,0,0.352,0.0,125.0,0,0.0,0,0,0.0,-1,-1,-1,-1,0.0,0.0
2026-06-30T21:00,0.0,0.0,0.0,0.0,1.3,3.24,5.4,29,0,66020.0,0,0.352,0.0,115.0,0,0.0,0,0,0.0,-1,-1,-1,-1,0.0,0.0
2026-06-30T22:00,0.0,0.0,0.0,0.0,0.8,3.11,5.3,33,0,68460.0,0,0.352,0.0,110.0,0,0.0,0,0,0.0,-1,-1,-1,-1,0.0,0.0
2026-06-30T23:00,0.0,0.0,0.0,0.0,0.3,3.43,5.6,37,0,68480.0,1,0.352,0.0,125.0,0,0.0,0,0,0.0,-1,-1,-1,-1,0.0,0.0
2026-07-01T00:00,0.0,0.0,0.0,0.0,3.4,4.48,6.3,22,0,68480.0,1,0.36,0.0,365.0,0,0.0,0,0,0.0,-1,-1,-1,-1,0.0,0.0
2026-07-01T01:00,0.0,0.0,0.0,0.0,5.6,4.05,7.5,29,0,73140.0,1,0.359,0.0,740.0,0,0.0,0,0,0.0,-1,-1,-1,-1,0.0,0.0
2026-07-01T02:00,0.0,0.0,0.0,0.0,7.2,4.48,8.8,39,0,73140.0,1,0.357,0.0,1240.0,0,0.0,0,0,0.0,-1,-1,-1,-1,0.0,0.0
2026-07-01T03:00,0.0,0.0,0.0,0.0,8.6,3.82,8.8,37,0,75700.0,1,0.355,0.0,1725.0,0,0.0,0,0,0.0,-1,-1,-1,-1,0.0,0.0
2026-07-01T04:00,0.0,0.0,0.0,0.0,9.7,3.5,8.2,31,0,75720.0,1,0.351,0.0,1895.0,0,0.0,0,0,0.0,-1,-1,-1,-1,0.0,0.0
2026-07-01T05:00,0.0,0.0,0.0,0.0,10.8,3.11,8.0,24,0,75720.0,1,0.347,0.0,1970.0,0,0.0,0,0,0.0,-1,-1,-1,-1,0.0,0.0
2026-07-01T06:00,0.0,0.0,0.0,0.0,10.5,2.69,7.6,22,19,75740.0,1,0.343,0.0,2025.0,0,0.0,0,0,0.0,-1,-1,-1,-1,0.0,0.0
2026-07-01T07:00,0.0,0.0,0.0,0.0,11.8,2.76,7.2,22,54,75740.0,1,0.339,10.0,2170.0,0,0.0,2,0,0.0,-1,-1,-1,-1,0.0,0.0
2026-07-01T08:00,0.0,0.0,0.0,0.0,12.3,2.88,7.1,20,90,75760.0,1,0.335,20.0,2270.0,0,0.0,3,0,0.0,-1,-1,-1,-1,0.0,0.0
2026-07-01T09:00,0.0,0.0,0.0,0.0,12.8,2.97,7.0,20,78,75760.0,1,0.332,20.0,2465.0,0,0.0,2,0,0.0,-1,-1,-1,-1,0.0,0.0
2026-07-01T10:00,0.0,0.0,0.0,0.0,12.9,3.38,7.0,24,76,75780.0,1,0.329,20.0,2540.0,0,0.0,2,0,0.0,-1,-1,-1,-1,0.0,0.0
2026-07-01T11:00,0.0,0.0,0.0,0.0,12.4,3.58,7.1,28,18,75800.0,1,0.328,10.0,2420.0,0,0.0,0,0,0.0,-1,-1,-1,-1,0.0,0.0
2026-07-01T12:00,0.0,0.0,0.0,0.0,11.6,2.65,6.7,46,1,75780.0,1,0.324,0.0,2290.0,0,0.0,0,0,0.0,-1,-1,-1,-1,0.0,0.0
2026-07-01T13:00,0.0,0.0,0.0,0.0,8.0,1.5,4.3,94,0,75800.0,1,0.324,0.0,60.0,0,0.0,0,0,0.0,-1,-1,-1,-1,0.0,0.0
2026-07-01T14:00,0.0,0.0,0.0,0.0,6.1,1.69,2.6,102,0,73260.0,0,0.324,0.0,35.0,0,0.0,0,0,0.0,-1,-1,-1,-1,0.0,0.0
2026-07-01T15:00,0.0,0.0,0.0,0.0,5.5,2.12,3.5,109,0,73260.0,0,0.325,0.0,55.0,0,0.0,0,0,0.0,-1,-1,-1,-1,0.0,0.0
2026-07-01T16:00,0.0,0.0,0.0,0.0,4.9,1.76,3.5,110,1,73280.0,0,0.325,0.0,45.0,0,0.0,0,0,0.0,-1,-1,-1,-1,0.0,0.0
2026-07-01T17:00,0.0,0.0,0.0,0.0,4.3,1.37,2.7,80,0,73280.0,0,0.325,0.0,35.0,0,0.0,0,0,0.0,-1,-1,-1,-1,0.0,0.0
2026-07-01T18:00,0.0,0.0,0.0,0.0,3.9,1.45,2.4,88,0,73280.0,0,0.33,0.0,35.0,0,0.0,0,0,0.0,-1,-1,-1,-1,0.0,0.0
2026-07-01T19:00,0.0,0.0,0.0,0.0,2.9,0.82,2.4,104,0,73300.0,0,0.33,0.0,25.0,0,0.0,0,0,0.0,-1,-1,-1,-1,0.0,0.0
2026-07-01T20:00,0.0,0.0,0.0,0.0,2.2,0.4,1.5,97,0,70660.0,0,0.33,0.0,15.0,0,0.0,0,0,0.0,-1,-1,-1,-1,0.0,0.0
2026-07-01T21:00,0.0,0.0,0.0,0.0,1.3,0.75,1.3,86,0,70680.0,0,0.33,0.0,25.0,0,0.0,0,0,0.0,-1,-1,-1,-1,0.0,0.0
2026-07-01T22:00,0.0,0.0,0.0,0.0,0.5,0.91,1.6,84,0,70680.0,0,0.331,0.0,25.0,0,0.0,0,0,0.0,-1,-1,-1,-1,0.0,0.0
2026-07-01T23:00,0.0,0.0,0.0,0.0,-0.1,1.15,2.1,88,0,70680.0,1,0.331,0.0,25.0,0,0.0,0,0,0.0,-1,-1,-1,-1,0.0,0.0
2026-07-02T00:00,0.0,0.0,0.0,0.0,2.5,2.3,3.6,88,0,68700.0,1,0.331,0.0,50.0,0,0.0,0,0,0.0,-1,-1,-1,-1,0.0,0.0
2026-07-02T01:00,0.0,0.0,0.0,0.0,5.8,1.05,4.0,115,0,70700.0,1,0.331,0.0,180.0,0,0.0,0,0,0.0,-1,-1,-1,-1,0.0,0.0
2026-07-02T02:00,0.0,0.0,0.0,0.0,8.2,0.38,3.6,157,0,73360.0,1,0.33,0.0,465.0,0,0.0,0,0,0.0,-1,-1,-1,-1,0.0,0.0
2026-07-02T03:00,0.0,0.0,0.0,0.0,10.2,0.57,3.9,255,0,73360.0,1,0.328,0.0,1045.0,0,0.0,0,0,0.0,-1,-1,-1,-1,0.0,0.0
2026-07-02T04:00,0.0,0.0,0.0,0.0,11.7,0.97,4.7,249,0,75920.0,1,0.325,10.0,1740.0,0,0.0,0,0,0.0,-1,-1,-1,-1,0.0,0.0
2026-07-02T05:00,0.0,0.0,0.0,0.0,13.2,0.65,4.7,302,38,75940.0,1,0.321,20.0,2280.0,0,0.0,1,0,0.0,-1,-1,-1,-1,0.0,0.0
2026-07-02T06:00,0.0,0.0,0.0,0.0,13.2,1.4,5.1,360,51,75940.0,1,0.315,30.0,2365.0,0,0.0,2,0,0.0,-1,-1,-1,-1,0.0,0.0
2026-07-02T07:00,0.0,0.0,0.0,0.0,13.9,1.15,5.0,2,71,75960.0,1,0.312,10.0,2390.0,0,0.0,2,0,0.0,-1,-1,-1,-1,0.0,0.0
2026-07-02T08:00,0.0,0.0,0.0,0.0,14.1,1.4,4.9,2,36,75960.0,1,0.309,0.0,2065.0,0,0.0,1,0,0.0,-1,-1,-1,-1,0.0,0.0
2026-07-02T09:00,0.0,0.0,0.0,0.0,14.1,2.07,5.5,8,70,34840.0,1,0.307,0.0,2180.0,0,0.0,2,0,0.0,-1,-1,-1,-1,0.0,0.0
2026-07-02T10:00,0.0,0.0,0.0,0.0,14.0,1.99,5.6,28,38,75980.0,1,0.305,10.0,2020.0,0,0.0,1,0,0.0,-1,-1,-1,-1,0.0,0.0
2026-07-02T11:00,0.0,0.0,0.0,0.0,13.7,2.39,5.2,16,48,75980.0,1,0.303,20.0,2015.0,0,0.0,1,0,0.0,-1,-1,-1,-1,0.0,0.0
2026-07-02T12:00,0.0,0.0,0.0,0.0,13.1,2.39,5.3,26,4,73440.0,1,0.302,50.0,615.0,0,0.0,0,0,0.0,-1,-1,-1,-1,0.0,0.0
2026-07-02T13:00,0.0,0.0,0.0,0.0,9.8,1.52,3.8,44,4,73460.0,1,0.302,100.0,65.0,0,0.0,0,0,0.0,-1,-1,-1,-1,0.0,0.0
2026-07-02T14:00,0.0,0.0,0.0,0.0,8.0,1.35,2.4,92,3,70820.0,0,0.302,0.0,30.0,0,0.0,0,0,0.0,-1,-1,-1,-1,0.0,0.0
2026-07-02T15:00,0.0,0.0,0.0,0.0,6.8,1.84,2.9,123,0,70820.0,0,0.302,0.0,40.0,0,0.0,0,0,0.0,-1,-1,-1,-1,0.0,0.0
2026-07-02T16:00,0.0,0.0,0.0,0.0,6.5,1.39,2.9,116,0,73480.0,0,0.303,0.0,30.0,0,0.0,0,0,0.0,-1,-1,-1,-1,0.0,0.0
2026-07-02T17:00,0.0,0.0,0.0,0.0,5.9,1.36,2.3,82,0,73500.0,0,0.303,0.0,35.0,0,0.0,0,0,0.0,-1,-1,-1,-1,0.0,0.0
2026-07-02T18:00,0.0,0.0,0.0,0.0,5.9,1.81,3.2,84,0,70860.0,0,0.306,0.0,45.0,0,0.0,0,0,0.0,-1,-1,-1,-1,0.0,0.0
2026-07-02T19:00,0.0,0.0,0.0,0.0,4.5,1.71,3.1,95,0,70860.0,0,0.306,0.0,40.0,0,0.0,0,0,0.0,-1,-1,-1,-1,0.0,0.0
2026-07-02T20:00,0.0,0.0,0.0,0.0,3.7,1.21,2.9,66,5,70880.0,0,0.307,0.0,30.0,0,0.0,0,0,0.0,-1,-1,-1,-1,0.0,0.0
2026-07-02T21:00,0.0,0.0,0.0,0.0,3.4,1.31,2.4,72,5,68880.0,0,0.307,0.0,30.0,0,0.0,0,0,0.0,-1,-1,-1,-1,0.0,0.0
2026-07-02T22:00,0.0,0.0,0.0,0.0,2.8,1.31,2.4,83,0,68880.0,0,0.307,0.0,25.0,0,0.0,0,0,0.0,-1,-1,-1,-1,0.0,0.0
2026-07-02T23:00,0.0,0.0,0.0,0.0,2.0,1.41,2.6,82,0,68900.0,1,0.308,0.0,25.0,0,0.0,0,0,0.0,-1,-1,-1,-1,0.0,0.0
2026-07-03T00:00,0.0,0.0,0.0,0.0,4.7,2.31,3.6,96,0,66460.0,1,0.313,0.0,45.0,0,0.0,0,0,0.0,-1,-1,-1,-1,0.0,0.0
2026-07-03T01:00,0.0,0.0,0.0,0.0,8.2,1.15,4.0,124,0,68920.0,1,0.313,20.0,175.0,0,0.0,0,0,0.0,-1,-1,-1,-1,0.0,0.0
2026-07-03T02:00,0.0,0.0,0.0,0.0,10.6,1.03,4.1,151,0,70920.0,1,0.312,80.0,495.0,0,0.0,0,0,0.0,-1,-1,-1,-1,0.0,0.0
2026-07-03T03:00,0.0,0.0,0.0,0.0,12.5,0.92,4.3,135,31,73580.0,1,0.31,120.0,930.0,0,0.0,1,0,0.0,-1,-1,-1,-1,0.0,0.0
2026-07-03T04:00,0.0,0.0,0.0,0.0,13.9,0.81,4.4,79,28,76140.0,1,0.308,30.0,1845.0,0,0.0,1,0,0.0,-1,-1,-1,-1,0.0,0.0
2026-07-03T05:00,0.1,1.0,0.0,0.0,14.5,1.03,4.6,51,52,76140.0,1,0.305,0.0,1895.0,0,0.0,51,0,0.0,-1,-1,-1,-1,0.0,0.0
2026-07-03T06:00,0.2,1.0,0.0,0.0,14.4,1.25,5.6,29,34,76160.0,1,0.298,0.0,1960.0,0,0.0,51,0,0.0,-1,-1,-1,-1,0.0,0.0
2026-07-03T07:00,0.2,1.0,0.0,0.0,14.6,1.13,5.0,49,27,76160.0,1,0.296,0.0,1860.0,0,0.0,51,0,0.0,-1,-1,-1,-1,0.0,0.0
2026-07-03T08:00,0.2,1.0,0.0,0.0,14.8,1.77,5.5,61,26,23120.0,1,0.296,0.0,1835.0,0,0.0,51,0,0.0,-1,-1,-1,-1,0.0,0.0
2026-07-03T09:00,0.2,1.0,0.0,0.0,15.1,2.17,5.9,61,20,11780.0,1,0.295,30.0,1800.0,0,0.0,51,0,0.0,-1,-1,-1,-1,0.0,0.0
2026-07-03T10:00,0.1,0.0,0.0,0.0,15.0,1.38,5.9,77,12,20100.0,1,0.293,80.0,1820.0,0,0.0,51,0,0.1,-1,-1,-1,-1,0.0,0.0
2026-07-03T11:00,0.0,0.0,0.0,0.0,14.6,0.74,4.4,138,21,76200.0,1,0.292,60.0,1605.0,0,0.0,1,0,0.0,-1,-1,-1,-1,0.0,0.0
2026-07-03T12:00,0.0,0.0,0.0,0.0,15.0,0.63,3.3,61,6,41080.0,1,0.281,20.0,95.0,0,0.0,0,0,0.0,-1,-1,-1,-1,0.0,0.0
2026-07-03T13:00,0.0,0.0,0.0,0.0,12.3,0.21,1.1,166,0,73660.0,1,0.282,160.0,15.0,0,0.0,0,0,0.0,-1,-1,-1,-1,0.0,0.0
2026-07-03T14:00,0.0,0.0,0.0,0.0,9.8,1.03,1.6,76,0,73680.0,0,0.282,70.0,35.0,0,0.0,0,0,0.0,-1,-1,-1,-1,0.0,0.0
2026-07-03T15:00,0.0,0.0,0.0,0.0,8.7,1.58,2.8,72,0,71040.0,0,0.282,0.0,35.0,0,0.0,0,0,0.0,-1,-1,-1,-1,0.0,0.0
2026-07-03T16:00,0.0,0.0,0.0,0.0,7.8,1.36,2.8,73,0,73700.0,0,0.283,0.0,25.0,0,0.0,0,0,0.0,-1,-1,-1,-1,0.0,0.0
2026-07-03T17:00,0.0,0.0,0.0,0.0,6.8,1.41,2.7,67,0,71060.0,0,0.283,0.0,25.0,0,0.0,0,0,0.0,-1,-1,-1,-1,0.0,0.0
2026-07-03T18:00,0.0,0.0,0.0,0.0,6.2,1.32,2.7,79,0,71060.0,0,0.283,0.0,25.0,0,0.0,0,0,0.0,-1,-1,-1,-1,0.0,0.0
2026-07-03T19:00,0.0,0.0,0.0,0.0,5.1,1.27,2.3,81,0,71080.0,0,0.283,0.0,25.0,0,0.0,0,0,0.0,-1,-1,-1,-1,0.0,0.0
2026-07-03T20:00,0.0,0.0,0.0,0.0,4.4,1.25,2.5,67,0,69080.0,0,0.284,0.0,20.0,0,0.0,0,0,0.0,-1,-1,-1,-1,0.0,0.0
2026-07-03T21:00,0.0,0.0,0.0,0.0,3.6,1.22,2.6,71,0,69100.0,0,0.284,0.0,20.0,0,0.0,0,0,0.0,-1,-1,-1,-1,0.0,0.0
2026-07-03T22:00,0.0,0.0,0.0,0.0,2.9,1.26,2.5,83,0,66660.0,0,0.284,0.0,20.0,0,0.0,0,0,0.0,-1,-1,-1,-1,0.0,0.0
2026-07-03T23:00,0.0,0.0,0.0,0.0,2.2,1.55,2.9,86,0,66680.0,1,0.285,0.0,30.0,0,0.0,0,0,0.0,-1,-1,-1,-1,0.0,0.0
2026-07-04T00:00,0.0,0.0,0.0,0.0,5.2,2.51,4.1,96,0,69120.0,1,0.285,0.0,45.0,0,0.0,0,0,0.0,-1,-1,-1,-1,0.0,0.0
2026-07-04T01:00,0.0,0.0,0.0,0.0,9.2,1.29,4.2,103,0,71140.0,1,0.285,0.0,195.0,0,0.0,0,0,0.0,-1,-1,-1,-1,0.0,0.0
2026-07-04T02:00,0.0,0.0,0.0,0.0,11.6,1.5,4.5,105,0,73780.0,1,0.284,0.0,645.0,0,0.0,0,0,0.0,-1,-1,-1,-1,0.0,0.0
2026-07-04T03:00,0.0,0.0,0.0,0.0,13.5,2.04,5.7,112,0,73800.0,1,0.282,90.0,1120.0,0,0.0,0,0,0.0,-1,-1,-1,-1,0.0,0.0
2026-07-04T04:00,0.0,0.0,0.0,0.0,14.9,1.65,5.8,104,9,76340.0,1,0.28,150.0,1905.0,0,0.0,0,0,0.0,-1,-1,-1,-1,0.0,0.0
2026-07-04T05:00,0.0,0.0,0.0,0.0,16.0,1.68,5.5,63,14,76360.0,1,0.276,100.0,2035.0,0,0.0,0,0,0.0,-1,-1,-1,-1,0.0,0.0
2026-07-04T06:00,0.0,0.0,0.0,0.0,16.1,1.88,6.6,40,18,33540.0,1,0.271,110.0,2065.0,0,0.0,0,0,0.0,-1,-1,-1,-1,0.0,0.0
2026-07-04T07:00,0.0,0.0,0.0,0.0,16.8,2.19,6.2,66,5,29920.0,1,0.267,160.0,2090.0,0,0.0,0,0,0.0,-1,-1,-1,-1,0.0,0.0
2026-07-04T08:00,0.0,0.0,0.0,0.0,17.4,2.5,6.5,74,22,34100.0,1,0.264,230.0,2095.0,0,0.0,1,0,0.0,-1,-1,-1,-1,0.0,0.0
2026-07-04T09:00,0.0,0.0,0.0,0.0,17.6,2.98,6.8,65,13,33040.0,1,0.261,290.0,2080.0,0,0.0,0,0,0.0,-1,-1,-1,-1,0.0,0.0
2026-07-04T10:00,0.0,0.0,0.0,0.0,17.5,3.4,6.9,64,27,35500.0,1,0.258,50.0,2030.0,0,0.0,1,0,0.0,-1,-1,-1,-1,0.0,0.0
2026-07-04T11:00,0.0,0.0,0.0,0.0,16.3,4.05,7.5,72,8,76400.0,1,0.257,40.0,1770.0,0,0.0,0,0,0.0,-1,-1,-1,-1,0.0,0.0
2026-07-04T12:00,0.0,0.0,0.0,0.0,15.9,2.64,7.4,71,6,76420.0,1,0.249,320.0,765.0,0,0.0,0,0,0.0,-1,-1,-1,-1,0.0,0.0
2026-07-04T13:00,0.0,0.0,0.0,0.0,12.0,2.06,4.4,86,8,73880.0,1,0.25,380.0,110.0,0,0.0,0,0,0.0,-1,-1,-1,-1,0.0,0.0
2026-07-04T14:00,0.0,0.0,0.0,0.0,10.5,2.55,4.3,90,6,73880.0,0,0.25,170.0,120.0,0,0.0,0,0,0.0,-1,-1,-1,-1,0.0,0.0
2026-07-04T15:00,0.0,0.0,0.0,0.0,9.9,2.56,4.4,84,3,73900.0,0,0.25,250.0,125.0,0,0.0,0,0,0.0,-1,-1,-1,-1,0.0,0.0
2026-07-04T16:00,0.0,0.0,0.0,0.0,9.2,2.29,4.3,79,1,73900.0,0,0.25,0.0,80.0,0,0.0,0,0,0.0,-1,-1,-1,-1,0.0,0.0
2026-07-04T17:00,0.0,0.0,0.0,0.0,8.0,2.06,3.9,84,0,71280.0,0,0.251,0.0,50.0,0,0.0,0,0,0.0,-1,-1,-1,-1,0.0,0.0
2026-07-04T18:00,0.0,0.0,0.0,0.0,7.2,1.9,3.5,87,0,71280.0,0,0.249,0.0,40.0,0,0.0,0,0,0.0,-1,-1,-1,-1,0.0,0.0
2026-07-04T19:00,0.0,0.0,0.0,0.0,6.5,1.9,3.3,87,0,71300.0,0,0.25,0.0,40.0,0,0.0,0,0,0.0,-1,-1,-1,-1,0.0,0.0
2026-07-04T20:00,0.0,0.0,0.0,0.0,5.7,2.12,3.7,98,0,69300.0,0,0.25,0.0,45.0,0,0.0,0,0,0.0,-1,-1,-1,-1,0.0,0.0
2026-07-04T21:00,0.0,0.0,0.0,0.0,4.9,2.32,4.0,97,0,69320.0,0,0.25,0.0,50.0,0,0.0,0,0,0.0,-1,-1,-1,-1,0.0,0.0
2026-07-04T22:00,0.0,0.0,0.0,0.0,4.2,2.16,4.0,95,0,66880.0,0,0.25,0.0,50.0,0,0.0,0,0,0.0,-1,-1,-1,-1,0.0,0.0
2026-07-04T23:00,0.0,0.0,0.0,0.0,3.8,2.25,3.8,93,0,66900.0,1,0.251,0.0,50.0,0,0.0,0,0,0.0,-1,-1,-1,-1,0.0,0.0
2026-07-05T00:00,0.0,0.0,0.0,0.0,6.5,3.05,4.4,100,0,69340.0,1,0.254,0.0,70.0,0,0.0,0,0,0.0,-1,-1,-1,-1,0.0,0.0
2026-07-05T01:00,0.0,0.0,0.0,0.0,9.8,2.12,4.9,117,0,71340.0,1,0.254,20.0,180.0,0,0.0,0,0,0.0,-1,-1,-1,-1,0.0,0.0
2026-07-05T02:00,0.0,0.0,0.0,0.0,12.2,2.11,5.4,144,0,71360.0,1,0.253,150.0,485.0,0,0.0,0,0,0.0,-1,-1,-1,-1,0.0,0.0
2026-07-05T03:00,0.0,0.0,0.0,0.0,14.1,1.67,5.6,171,0,74000.0,1,0.251,320.0,925.0,0,0.0,0,0,0.0,-1,-1,-1,-1,0.0,0.0
2026-07-05T04:00,0.0,0.0,0.0,0.0,15.7,0.99,5.3,210,26,39280.0,1,0.249,470.0,1485.0,0,0.0,1,0,0.0,-1,-1,-1,-1,0.0,0.0
2026-07-05T05:00,0.0,0.0,0.0,0.0,16.7,0.51,4.7,241,37,73140.0,1,0.246,510.0,1665.0,0,0.0,1,0,0.0,-1,-1,-1,-1,0.0,0.0
2026-07-05T06:00,0.0,0.0,0.0,0.0,16.7,0.86,4.1,353,11,76580.0,1,0.239,420.0,1910.0,0,0.0,0,0,0.0,-1,-1,-1,-1,0.0,0.0
2026-07-05T07:00,0.0,0.0,0.0,0.0,17.9,1.06,4.9,49,30,76580.0,1,0.235,510.0,2300.0,0,0.0,1,0,0.0,-1,-1,-1,-1,0.0,0.0
2026-07-05T08:00,0.0,0.0,0.0,0.0,18.6,1.96,5.6,71,18,58340.0,1,0.232,830.0,2410.0,0,0.0,0,0,0.0,-1,-1,-1,-1,0.0,0.0
2026-07-05T09:00,0.0,0.0,0.0,0.0,18.6,2.76,6.4,85,23,76600.0,1,0.229,620.0,2255.0,0,0.0,1,0,0.0,-1,-1,-1,-1,0.0,0.0
2026-07-05T10:00,0.0,0.0,0.0,0.0,18.4,3.02,6.7,97,10,69140.0,1,0.227,100.0,2205.0,0,0.0,0,0,0.0,-1,-1,-1,-1,0.0,0.0
2026-07-05T11:00,0.0,0.0,0.0,0.0,17.7,2.95,6.5,105,23,28280.0,1,0.226,60.0,2105.0,0,0.0,1,0,0.0,-1,-1,-1,-1,0.0,0.0
2026-07-05T12:00,0.0,0.0,0.0,0.0,17.0,2.69,5.9,100,24,76620.0,1,0.219,450.0,415.0,0,0.0,1,0,0.0,-1,-1,-1,-1,0.0,0.0
2026-07-05T13:00,0.0,0.0,0.0,0.0,13.6,2.16,4.5,85,12,74100.0,1,0.219,410.0,115.0,0,0.0,0,0,0.0,-1,-1,-1,-1,0.0,0.0
2026-07-05T14:00,0.0,0.0,0.0,0.0,11.9,2.4,4.1,102,4,74100.0,0,0.219,20.0,105.0,0,0.0,0,0,0.0,-1,-1,-1,-1,0.0,0.0
2026-07-05T15:00,0.0,0.0,0.0,0.0,11.0,2.48,4.2,99,2,74120.0,0,0.219,0.0,105.0,0,0.0,0,0,0.0,-1,-1,-1,-1,0.0,0.0
2026-07-05T16:00,0.0,0.0,0.0,0.0,10.1,2.1,4.2,93,2,74120.0,0,0.219,0.0,65.0,0,0.0,0,0,0.0,-1,-1,-1,-1,0.0,0.0
2026-07-05T17:00,0.0,0.0,0.0,0.0,9.1,1.81,3.5,85,5,74140.0,0,0.22,0.0,45.0,0,0.0,0,0,0.0,-1,-1,-1,-1,0.0,0.0
2026-07-05T18:00,0.0,0.0,0.0,0.0,8.8,2.26,3.7,103,7,71500.0,0,0.215,0.0,70.0,0,0.0,0,0,0.0,-1,-1,-1,-1,0.0,0.0
2026-07-05T19:00,0.0,0.0,0.0,0.0,8.0,2.28,3.9,105,1,69520.0,0,0.216,0.0,100.0,0,0.0,0,0,0.0,-1,-1,-1,-1,0.0,0.0
2026-07-05T20:00,0.0,0.0,0.0,0.0,7.6,2.35,3.9,117,0,71520.0,0,0.216,0.0,115.0,0,0.0,0,0,0.0,-1,-1,-1,-1,0.0,0.0
2026-07-05T21:00,0.0,0.0,0.0,0.0,6.9,2.26,3.9,115,0,69520.0,0,0.216,10.0,80.0,0,0.0,0,0,0.0,-1,-1,-1,-1,0.0,0.0
2026-07-05T22:00,0.0,0.0,0.0,0.0,6.0,1.93,3.8,100,0,69540.0,0,0.217,10.0,50.0,0,0.0,0,0,0.0,-1,-1,-1,-1,0.0,0.0
2026-07-05T23:00,0.0,0.0,0.0,0.0,5.2,1.9,3.3,92,0,67120.0,1,0.217,0.0,45.0,0,0.0,0,0,0.0,-1,-1,-1,-1,0.0,0.0
2026-07-06T00:00,0.0,0.0,0.0,0.0,8.0,3.19,4.6,104,1,69560.0,1,0.218,20.0,80.0,0,0.0,0,0,0.0,-1,-1,-1,-1,0.0,0.0
2026-07-06T01:00,0.0,0.0,0.0,0.0,10.9,2.35,5.1,114,0,69560.0,1,0.218,20.0,200.0,0,0.0,0,0,0.0,-1,-1,-1,-1,0.0,0.0
2026-07-06T02:00,0.0,0.0,0.0,0.0,13.2,2.51,5.9,133,8,71580.0,1,0.217,500.0,585.0,0,0.0,0,0,0.0,-1,-1,-1,-1,0.0,0.0
2026-07-06T03:00,0.0,0.0,0.0,0.0,15.2,2.44,6.4,154,33,74220.0,1,0.216,690.0,785.0,0,0.0,1,0,0.0,-1,-1,-1,-1,0.0,0.0
2026-07-06T04:00,0.0,0.0,0.0,0.0,16.7,1.67,6.3,171,23,30840.0,1,0.213,940.0,1870.0,0,0.0,1,0,0.0,-1,-1,-1,-1,0.0,0.0
2026-07-06T05:00,0.0,0.0,0.0,0.0,17.8,1.87,5.8,171,37,23660.0,1,0.211,1130.0,2105.0,0,0.0,1,0,0.0,-1,-1,-1,-1,0.0,0.0
2026-07-06T06:00,0.0,0.0,0.0,0.0,17.6,0.25,6.4,233,9,33720.0,1,0.198,800.0,2165.0,0,0.0,0,0,0.0,-1,-1,-1,-1,0.0,0.0
2026-07-06T07:00,0.0,0.0,0.0,0.0,18.9,0.91,4.7,189,16,44280.0,1,0.195,1170.0,2325.0,0,0.0,0,0,0.0,-1,-1,-1,-1,0.0,0.0
2026-07-06T08:00,0.1,0.0,0.0,0.0,19.1,1.05,4.9,177,30,15180.0,1,0.193,1260.0,2365.0,0,0.0,51,0,0.1,-1,-1,-1,-1,0.0,0.0
2026-07-06T09:00,0.0,0.0,0.0,0.0,19.3,0.55,4.8,85,76,32660.0,1,0.191,1380.0,2455.0,0,0.0,2,0,0.0,-1,-1,-1,-1,0.0,0.0
2026-07-06T10:00,0.0,0.0,0.0,0.0,18.6,2.47,5.2,21,98,56480.0,1,0.19,470.0,2235.0,0,0.0,3,0,0.0,-1,-1,-1,-1,0.0,0.0
2026-07-06T11:00,0.2,0.5,0.0,0.0,16.3,3.05,7.1,67,97,14600.0,1,0.19,230.0,515.0,0,0.0,51,0,0.1,-1,-1,-1,-1,0.0,0.0
2026-07-06T12:00,0.0,0.0,0.0,0.0,13.4,3.0,5.7,210,99,44820.0,1,0.188,2150.0,145.0,0,0.0,3,0,0.0,-1,-1,-1,-1,0.0,0.0
2026-07-06T13:00,0.3,1.0,0.0,0.0,11.4,1.15,6.4,182,99,9760.0,1,0.191,1590.0,140.0,0,0.0,51,1,0.0,66,0,3,13,0.157,0.642
2026-07-06T14:00,0.4,0.5,0.0,0.0,9.8,5.7,9.8,28,100,5800.0,0,0.195,910.0,185.0,0,0.0,51,1,0.2,66,1,2,13,0.157,0.342
2026-07-06T15:00,0.4,0.0,0.0,0.0,10.3,3.36,8.7,93,97,9880.0,0,0.199,1070.0,220.0,0,0.0,51,1,0.4,66,2,1,13,0.157,0.042
2026-07-06T16:00,0.1,0.0,0.0,0.0,9.2,2.85,5.6,92,96,24700.0,0,0.2,690.0,205.0,0,0.0,51,0,0.1,-1,-1,-1,-1,0.0,0.0
2026-07-06T17:00,0.0,0.0,0.0,0.0,8.3,1.93,4.9,59,100,60220.0,0,0.2,390.0,105.0,0,0.0,3,0,0.0,-1,-1,-1,-1,0.0,0.0
2026-07-06T18:00,0.0,0.0,0.0,0.0,8.3,2.42,3.5,68,99,60220.0,0,0.185,260.0,115.0,0,0.0,3,0,0.0,-1,-1,-1,-1,0.0,0.0
2026-07-06T19:00,0.0,0.0,0.0,0.0,7.7,1.83,4.0,73,100,60240.0,0,0.186,230.0,70.0,0,0.0,3,0,0.0,-1,-1,-1,-1,0.0,0.0
2026-07-06T20:00,0.0,0.0,0.0,0.0,7.4,1.75,3.2,90,100,54680.0,0,0.186,20.0,65.0,0,0.0,3,0,0.0,-1,-1,-1,-1,0.0,0.0
2026-07-06T21:00,0.0,0.0,0.0,0.0,7.0,1.75,3.1,77,100,54680.0,0,0.186,20.0,65.0,0,0.0,3,0,0.0,-1,-1,-1,-1,0.0,0.0
2026-07-06T22:00,0.0,0.0,0.0,0.0,6.6,1.79,3.2,72,98,54700.0,0,0.186,20.0,65.0,0,0.0,3,0,0.0,-1,-1,-1,-1,0.0,0.0
2026-07-06T23:00,0.0,0.0,0.0,0.0,6.4,1.79,3.2,72,72,54700.0,1,0.187,10.0,65.0,0,0.0,2,0,0.0,-1,-1,-1,-1,0.0,0.0
2026-07-07T00:00,0.0,0.0,0.0,0.0,8.8,2.0,4.7,91,74,64120.0,1,0.183,40.0,200.0,0,0.0,2,0,0.0,-1,-1,-1,-1,0.0,0.0
2026-07-07T01:00,0.0,0.0,0.0,0.0,10.9,2.44,5.1,67,87,13720.0,1,0.183,910.0,570.0,0,0.0,3,0,0.0,-1,-1,-1,-1,0.0,0.0
2026-07-07T02:00,0.1,1.0,0.0,0.0,12.4,3.65,7.4,71,86,20380.0,1,0.183,990.0,680.0,0,0.0,51,0,0.0,-1,-1,-1,-1,0.0,0.0
2026-07-07T03:00,0.1,1.0,0.0,0.0,13.8,3.37,7.6,105,63,14180.0,1,0.183,1050.0,1050.0,0,0.0,51,0,0.0,-1,-1,-1,-1,0.0,0.0
2026-07-07T04:00,0.2,1.0,0.0,0.0,14.7,2.84,7.5,116,100,12600.0,1,0.184,1390.0,1405.0,0,0.0,95,0,0.0,-1,-1,-1,-1,0.0,0.0
2026-07-07T05:00,2.9,1.0,0.0,0.0,11.4,3.91,8.4,184,89,4840.0,1,0.22,750.0,620.0,0,0.1781,95,1,0.0,67,0,4,2,0.976,0.86
2026-07-07T06:00,1.6,0.812,0.0,0.0,14.7,0.68,9.0,17,100,14400.0,1,0.21,1590.0,1485.0,0,0.1193,96,1,0.3,67,1,3,2,0.976,0.748
2026-07-07T07:00,0.3,0.667,0.0,0.0,14.9,2.81,6.5,51,95,9040.0,1,0.21,1390.0,1225.0,0,0.0,95,1,0.1,67,2,2,2,0.976,0.661
2026-07-07T08:00,0.3,0.667,0.0,0.0,14.1,3.36,8.2,42,99,12980.0,1,0.211,40.0,890.0,0,0.0,51,1,0.1,67,3,1,2,0.976,0.661
2026-07-07T09:00,0.2,1.0,0.0,0.0,13.1,2.42,7.2,68,99,8680.0,1,0.212,590.0,595.0,0,0.0,51,0,0.0,-1,-1,-1,-1,0.0,0.0
2026-07-07T10:00,0.1,0.0,0.0,0.0,13.5,0.56,5.6,117,98,17960.0,1,0.213,790.0,780.0,0,0.0,51,0,0.1,-1,-1,-1,-1,0.0,0.0
2026-07-07T11:00,1.5,0.8,0.0,0.0,12.6,1.26,4.0,97,100,6720.0,1,0.229,580.0,345.0,0,0.0362,80,1,0.3,68,0,1,7,0.0,0.48
2026-07-07T12:00,0.2,0.0,0.0,0.0,14.4,1.52,3.7,46,100,46880.0,1,0.213,500.0,485.0,0,0.0,51,0,0.2,-1,-1,-1,-1,0.0,0.0
2026-07-07T13:00,0.0,0.0,0.0,0.0,11.7,3.08,5.1,126,99,31400.0,1,0.213,610.0,220.0,0,0.0,3,0,0.0,-1,-1,-1,-1,0.0,0.0
2026-07-07T14:00,0.0,0.0,0.0,0.0,10.7,3.08,5.3,144,100,67480.0,0,0.213,420.0,180.0,0,0.0,3,0,0.0,-1,-1,-1,-1,0.0,0.0
2026-07-07T15:00,0.0,0.0,0.0,0.0,9.9,2.0,5.0,112,100,67480.0,0,0.213,420.0,125.0,0,0.0,3,0,0.0,-1,-1,-1,-1,0.0,0.0
2026-07-07T16:00,0.0,0.0,0.0,0.0,9.4,2.21,4.1,118,100,67500.0,0,0.213,50.0,145.0,0,0.0,3,0,0.0,-1,-1,-1,-1,0.0,0.0
2026-07-07T17:00,0.0,0.0,0.0,0.0,9.0,1.84,3.7,103,100,64280.0,0,0.213,30.0,95.0,0,0.0,3,0,0.0,-1,-1,-1,-1,0.0,0.0
2026-07-07T18:00,0.0,0.0,0.0,0.0,9.6,3.05,4.1,113,99,11120.0,0,0.21,740.0,235.0,0,0.0,3,0,0.0,-1,-1,-1,-1,0.0,0.0
2026-07-07T19:00,0.3,1.0,0.0,0.0,8.9,3.12,5.2,112,100,9020.0,0,0.214,0.0,235.0,0,0.0,51,1,0.0,69,0,5,7,0.489,0.73
2026-07-07T20:00,1.1,0.909,0.0,0.0,8.7,2.8,5.2,112,100,7160.0,0,0.229,440.0,195.0,0,0.0055,55,1,0.1,69,1,4,7,0.489,0.676
2026-07-07T21:00,0.7,0.571,0.0,0.0,8.6,2.63,4.6,104,100,5320.0,0,0.238,10.0,160.0,0,0.0,53,1,0.3,69,2,3,7,0.489,0.473
2026-07-07T22:00,0.7,0.714,0.0,0.0,8.2,2.91,4.8,106,100,6200.0,0,0.248,10.0,160.0,0,0.0,53,1,0.2,69,3,2,7,0.489,0.559
2026-07-07T23:00,0.4,0.5,0.0,0.0,7.8,2.89,4.8,104,100,9200.0,1,0.253,0.0,155.0,0,0.0,51,1,0.2,69,4,1,7,0.489,0.43
2026-07-08T00:00,0.1,0.0,0.0,0.0,8.8,3.15,4.9,100,100,44060.0,1,0.218,20.0,210.0,0,0.0,51,0,0.1,-1,-1,-1,-1,0.0,0.0
2026-07-08T01:00,0.0,0.0,0.0,0.0,10.1,3.94,7.1,123,99,55000.0,1,0.218,790.0,375.0,0,0.0,3,0,0.0,-1,-1,-1,-1,0.0,0.0
2026-07-08T02:00,0.0,0.0,0.0,0.0,11.8,3.93,7.9,143,98,64300.0,1,0.217,830.0,630.0,0,0.0,3,0,0.0,-1,-1,-1,-1,0.0,0.0
2026-07-08T03:00,0.0,0.0,0.0,0.0,13.4,3.42,7.9,159,98,21920.0,1,0.216,1110.0,880.0,0,0.0,3,0,0.0,-1,-1,-1,-1,0.0,0.0
2026-07-08T04:00,0.1,1.0,0.0,0.0,14.7,2.62,7.6,167,99,18260.0,1,0.216,1410.0,1310.0,0,0.0,51,0,0.0,-1,-1,-1,-1,0.0,0.0
2026-07-08T05:00,0.1,1.0,0.0,0.0,15.7,1.68,6.5,163,98,15420.0,1,0.215,1380.0,1640.0,0,0.0,51,0,0.0,-1,-1,-1,-1,0.0,0.0
2026-07-08T06:00,0.1,1.0,0.0,0.0,15.8,1.46,5.4,186,100,13540.0,1,0.221,1400.0,1290.0,0,0.0,51,0,0.0,-1,-1,-1,-1,0.0,0.0
2026-07-08T07:00,2.4,0.833,0.0,0.0,11.2,4.44,10.0,149,99,5240.0,1,0.248,0.0,265.0,0,0.0,80,1,0.4,70,0,3,2,1.146,0.806
2026-07-08T08:00,0.4,0.25,0.0,0.0,13.9,1.0,8.7,180,98,10100.0,1,0.251,500.0,985.0,0,0.0,51,1,0.3,70,1,2,2,1.146,0.456
2026-07-08T09:00,0.3,0.333,0.0,0.0,13.6,1.23,6.3,111,98,16680.0,1,0.252,560.0,730.0,0,0.0,51,1,0.2,70,2,1,2,1.146,0.506
2026-07-08T10:00,0.1,1.0,0.0,0.0,13.2,2.41,6.0,56,99,13360.0,1,0.252,280.0,535.0,0,0.0,51,0,0.0,-1,-1,-1,-1,0.0,0.0
2026-07-08T11:00,0.0,0.0,0.0,0.0,13.2,2.34,5.5,50,99,70100.0,1,0.251,690.0,415.0,0,0.0,3,0,0.0,-1,-1,-1,-1,0.0,0.0
2026-07-08T12:00,0.5,0.8,0.0,0.0,14.6,1.13,6.9,41,100,72100.0,1,0.234,120.0,85.0,0,0.0,53,1,0.1,71,0,3,4,0.99,0.744
2026-07-08T13:00,2.5,0.96,0.0,0.0,9.8,3.2,6.6,160,100,4660.0,0,0.266,540.0,230.0,0,0.1013,95,1,0.1,71,1,2,4,0.99,0.84
2026-07-08T14:00,0.5,0.0,0.0,0.0,9.4,2.82,5.2,115,100,13300.0,0,0.272,420.0,95.0,0,0.0,53,1,0.5,71,2,1,4,0.99,0.264
2026-07-08T15:00,0.0,0.0,0.0,0.0,9.0,4.77,7.5,125,100,39940.0,0,0.272,400.0,280.0,0,0.0,3,0,0.0,-1,-1,-1,-1,0.0,0.0
2026-07-08T16:00,0.0,0.0,0.0,0.0,8.8,4.32,8.0,132,100,47020.0,0,0.272,10.0,350.0,0,0.0,3,0,0.0,-1,-1,-1,-1,0.0,0.0
2026-07-08T17:00,0.0,0.0,0.0,0.0,8.3,2.83,7.1,126,100,37800.0,0,0.272,20.0,220.0,0,0.0,3,0,0.0,-1,-1,-1,-1,0.0,0.0
2026-07-08T18:00,0.2,1.0,0.0,0.0,8.2,2.32,5.4,123,100,7160.0,0,0.256,10.0,190.0,0,0.0,51,0,0.0,-1,-1,-1,-1,0.0,0.0
2026-07-08T19:00,0.6,0.5,0.0,0.0,8.4,1.66,3.7,136,100,7740.0,0,0.264,20.0,135.0,0,0.0,53,1,0.3,72,0,4,6,0.182,0.349
2026-07-08T20:00,0.5,0.6,0.0,0.0,8.2,1.72,2.9,144,100,7880.0,0,0.271,10.0,185.0,0,0.0,53,1,0.2,72,1,3,6,0.182,0.409
2026-07-08T21:00,0.4,0.5,0.0,0.0,7.8,2.26,3.9,145,100,6440.0,0,0.277,10.0,170.0,0,0.0,51,1,0.2,72,2,2,6,0.182,0.349
2026-07-08T22:00,0.6,0.833,0.0,0.0,7.3,2.27,4.2,131,98,10440.0,0,0.285,0.0,135.0,0,0.0,53,1,0.1,72,3,1,6,0.182,0.548
2026-07-08T23:00,0.1,0.0,0.0,0.0,6.8,2.02,3.9,113,80,38980.0,1,0.285,0.0,110.0,0,0.0,51,0,0.1,-1,-1,-1,-1,0.0,0.0
2026-07-09T00:00,0.0,0.0,0.0,0.0,7.7,2.86,4.0,123,98,58580.0,1,0.237,0.0,200.0,0,0.0,3,0,0.0,-1,-1,-1,-1,0.0,0.0
2026-07-09T01:00,0.0,0.0,0.0,0.0,9.0,2.72,5.6,134,97,18200.0,1,0.237,10.0,400.0,0,0.0,3,0,0.0,-1,-1,-1,-1,0.0,0.0
2026-07-09T02:00,0.0,0.0,0.0,0.0,10.7,2.39,5.9,151,98,66380.0,1,0.236,0.0,600.0,0,0.0,3,0,0.0,-1,-1,-1,-1,0.0,0.0
2026-07-09T03:00,0.1,1.0,0.0,0.0,12.6,2.28,6.7,171,98,27460.0,1,0.236,790.0,1260.0,0,0.0,51,0,0.0,-1,-1,-1,-1,0.0,0.0
2026-07-09T04:00,0.1,1.0,0.0,0.0,15.0,2.76,7.0,225,100,71540.0,1,0.235,40.0,1640.0,0,0.0,51,0,0.0,-1,-1,-1,-1,0.0,0.0
2026-07-09T05:00,1.5,0.933,0.0,0.0,11.3,5.11,9.3,288,98,4940.0,1,0.251,500.0,425.0,0,0.0312,95,1,0.1,73,0,3,4,0.319,0.645
2026-07-09T06:00,0.8,0.625,0.0,0.0,12.6,4.67,10.4,243,99,4660.0,1,0.272,40.0,920.0,0,0.0,53,1,0.3,73,1,2,4,0.319,0.46
2026-07-09T07:00,1.5,0.867,0.0,0.0,12.2,2.69,9.7,170,98,12080.0,1,0.287,480.0,765.0,0,0.03,95,1,0.2,73,2,1,4,0.319,0.605
2026-07-09T08:00,0.1,0.0,0.0,0.0,14.8,4.32,9.2,198,98,17300.0,1,0.286,590.0,1435.0,0,0.0,51,0,0.1,-1,-1,-1,-1,0.0,0.0
2026-07-09T09:00,0.1,0.0,0.0,0.0,14.9,2.05,9.2,214,100,15260.0,1,0.284,100.0,1455.0,0,0.0,51,0,0.1,-1,-1,-1,-1,0.0,0.0
2026-07-09T10:00,0.2,0.5,0.0,0.0,14.2,0.45,6.0,360,98,14520.0,1,0.284,950.0,575.0,0,0.0,51,0,0.1,-1,-1,-1,-1,0.0,0.0
2026-07-09T11:00,0.2,0.5,0.0,0.0,11.7,4.33,8.0,126,93,8240.0,1,0.285,530.0,315.0,0,0.0,51,0,0.1,-1,-1,-1,-1,0.0,0.0
2026-07-09T12:00,0.3,0.0,0.0,0.0,11.5,2.57,7.8,77,99,28180.0,1,0.278,520.0,100.0,0,0.0,51,1,0.3,74,0,5,12,0.919,0.245
2026-07-09T13:00,0.3,0.667,0.0,0.0,10.1,0.85,4.3,69,100,6080.0,0,0.281,120.0,60.0,0,0.0,51,1,0.1,74,1,4,12,0.919,0.645
2026-07-09T14:00,0.4,0.5,0.0,0.0,9.6,2.66,4.6,102,100,16500.0,0,0.284,220.0,105.0,0,0.0,51,1,0.2,74,2,3,12,0.919,0.545
2026-07-09T15:00,0.0,0.0,0.0,0.0,8.4,1.57,4.4,143,100,11340.0,0,0.284,20.0,185.0,0,0.0,3,0,0.0,74,3,2,12,0.919,0.245
2026-07-09T16:00,1.0,0.9,0.0,0.0,8.1,2.82,5.1,157,100,6680.0,0,0.297,40.0,155.0,0,0.0,55,1,0.1,74,4,1,12,0.919,0.785
2026-07-09T17:00,0.2,0.0,0.0,0.0,8.1,1.6,4.6,148,100,22120.0,0,0.299,30.0,95.0,0,0.0,51,0,0.2,-1,-1,-1,-1,0.0,0.0
2026-07-09T18:00,0.0,0.0,0.0,0.0,7.6,0.78,2.5,105,100,47380.0,0,0.296,0.0,25.0,0,0.0,3,0,0.0,-1,-1,-1,-1,0.0,0.0
2026-07-09T19:00,0.0,0.0,0.0,0.0,8.0,1.08,1.8,158,100,15840.0,0,0.296,50.0,60.0,0,0.0,3,0,0.0,-1,-1,-1,-1,0.0,0.0
2026-07-09T20:00,0.1,0.0,0.0,0.0,8.3,1.9,3.2,182,100,11860.0,0,0.296,90.0,385.0,0,0.0,51,0,0.1,-1,-1,-1,-1,0.0,0.0
2026-07-09T21:00,0.2,0.0,0.0,0.0,8.1,1.68,3.2,163,100,9360.0,0,0.298,10.0,400.0,0,0.0,51,0,0.2,-1,-1,-1,-1,0.0,0.0
2026-07-09T22:00,0.2,0.0,0.0,0.0,7.9,1.73,2.8,147,100,14220.0,0,0.299,0.0,275.0,0,0.0,51,0,0.2,-1,-1,-1,-1,0.0,0.0
2026-07-09T23:00,0.1,0.0,0.0,0.0,7.6,1.59,2.9,139,100,17560.0,1,0.299,0.0,150.0,0,0.0,51,0,0.1,-1,-1,-1,-1,0.0,0.0
2026-07-10T00:00,0.0,0.0,0.0,0.0,8.3,1.25,3.4,151,100,18420.0,1,0.326,20.0,210.0,0,0.0,3,0,0.0,-1,-1,-1,-1,0.0,0.0
2026-07-10T01:00,0.1,0.0,0.0,0.0,9.1,1.56,3.9,173,100,15860.0,1,0.325,90.0,390.0,0,0.0,51,0,0.1,-1,-1,-1,-1,0.0,0.0
2026-07-10T02:00,0.2,0.5,0.0,0.0,9.7,1.86,5.6,211,100,12140.0,1,0.325,220.0,535.0,0,0.0,51,0,0.1,-1,-1,-1,-1,0.0,0.0
2026-07-10T03:00,0.1,1.0,0.0,0.0,11.6,2.6,6.3,232,100,12720.0,1,0.324,300.0,925.0,0,0.0,51,0,0.0,-1,-1,-1,-1,0.0,0.0
2026-07-10T04:00,0.2,1.0,0.0,0.0,12.9,3.13,6.8,214,100,9760.0,1,0.323,30.0,1090.0,0,0.0,51,0,0.0,-1,-1,-1,-1,0.0,0.0
2026-07-10T05:00,0.3,0.667,0.0,0.0,14.0,3.69,7.9,205,100,11000.0,1,0.322,40.0,1310.0,0,0.0,51,1,0.1,75,0,14,6,1.007,0.669
2026-07-10T06:00,0.2,0.5,0.0,0.0,13.7,1.43,7.7,306,100,8840.0,1,0.318,70.0,1250.0,0,0.0,51,0,0.1,75,1,13,6,1.007,0.569
2026-07-10T07:00,2.2,0.818,0.0,0.0,11.2,4.71,9.5,229,90,4000.0,1,0.34,10.0,555.0,0,0.0015,80,1,0.4,75,2,12,6,1.007,0.759
2026-07-10T08:00,0.6,0.0,0.0,0.0,13.1,3.3,9.5,235,88,9640.0,1,0.342,290.0,730.0,0,0.0,53,1,0.6,75,3,11,6,1.007,0.269
2026-07-10T09:00,0.1,0.0,0.0,0.0,14.0,3.5,7.5,272,99,14080.0,1,0.339,470.0,965.0,0,0.0,51,0,0.1,75,4,10,6,1.007,0.269
2026-07-10T10:00,1.5,0.867,0.0,0.0,12.4,3.92,7.8,330,92,10160.0,1,0.351,580.0,445.0,0,0.0362,95,1,0.2,75,5,9,6,1.007,0.789
2026-07-10T11:00,0.9,0.889,0.0,0.0,11.1,0.71,7.5,172,98,6360.0,1,0.358,710.0,110.0,0,0.0,53,1,0.1,75,6,8,6,1.007,0.802
2026-07-10T12:00,2.9,0.828,0.0,0.0,12.7,1.82,4.0,238,99,20920.0,1,0.341,260.0,450.0,0,0.0617,81,1,0.5,75,7,7,6,1.007,0.765
2026-07-10T13:00,0.0,0.0,0.0,0.0,10.2,1.37,3.1,114,95,12440.0,0,0.339,460.0,105.0,0,0.0,3,0,0.0,75,8,6,6,1.007,0.269
2026-07-10T14:00,1.1,0.818,0.0,0.0,9.2,1.17,2.5,329,100,4560.0,0,0.349,100.0,55.0,0,0.0013,55,1,0.2,75,9,5,6,1.007,0.759
2026-07-10T15:00,0.6,0.167,0.0,0.0,8.9,1.36,2.6,118,100,6580.0,0,0.355,350.0,115.0,0,0.0,53,1,0.5,75,10,4,6,1.007,0.369
2026-07-10T16:00,0.6,0.667,0.0,0.0,8.2,1.14,2.4,337,99,8080.0,0,0.36,40.0,35.0,0,0.0,53,1,0.2,75,11,3,6,1.007,0.669
2026-07-10T17:00,0.3,0.333,0.0,0.0,8.1,0.94,2.4,155,100,6500.0,0,0.361,50.0,30.0,0,0.0,51,1,0.2,75,12,2,6,1.007,0.468
2026-07-10T18:00,0.4,0.25,0.0,0.0,7.7,1.62,2.2,34,100,44220.0,0,0.346,50.0,40.0,0,0.0,51,1,0.3,75,13,1,6,1.007,0.419
2026-07-10T19:00,0.0,0.0,0.0,0.0,7.7,0.9,2.6,87,100,44220.0,0,0.344,80.0,40.0,0,0.0,3,0,0.0,-1,-1,-1,-1,0.0,0.0
2026-07-10T20:00,0.0,0.0,0.0,0.0,7.5,0.93,2.1,106,100,43060.0,0,0.342,0.0,35.0,0,0.0,3,0,0.0,-1,-1,-1,-1,0.0,0.0
2026-07-10T21:00,0.0,0.0,0.0,0.0,7.9,0.91,2.0,81,100,44240.0,0,0.34,10.0,40.0,0,0.0,3,0,0.0,-1,-1,-1,-1,0.0,0.0
2026-07-10T22:00,0.0,0.0,0.0,0.0,7.8,0.71,1.8,82,97,5820.0,0,0.339,20.0,45.0,0,0.0,3,0,0.0,-1,-1,-1,-1,0.0,0.0
2026-07-10T23:00,0.0,0.0,0.0,0.0,7.8,1.1,2.0,66,98,2180.0,1,0.337,10.0,75.0,0,0.0,3,0,0.0,-1,-1,-1,-1,0.0,0.0
2026-07-11T00:00,0.0,0.0,0.0,0.0,7.8,0.45,2.8,180,100,5620.0,1,0.365,70.0,130.0,0,0.0,3,0,0.0,-1,-1,-1,-1,0.0,0.0
2026-07-11T01:00,1.7,1.0,0.0,0.0,8.3,0.32,3.0,51,97,5460.0,1,0.383,30.0,175.0,0,0.0026,80,1,0.0,76,0,3,3,0.294,0.678
2026-07-11T02:00,2.2,0.909,0.0,0.0,8.9,1.17,3.5,280,92,4840.0,1,0.402,0.0,375.0,0,0.0,80,1,0.2,76,1,2,3,0.294,0.624
2026-07-11T03:00,1.2,0.667,0.0,0.0,9.1,2.3,5.3,224,64,6500.0,1,0.403,0.0,315.0,0,0.0,55,1,0.4,76,2,1,3,0.294,0.479
2026-07-11T04:00,0.2,0.0,0.0,0.0,10.4,2.74,6.5,201,80,14640.0,1,0.394,20.0,405.0,0,0.0,51,0,0.2,-1,-1,-1,-1,0.0,0.0
2026-07-11T05:00,0.1,0.0,0.0,0.0,12.1,2.13,6.5,189,45,26520.0,1,0.385,260.0,720.0,0,0.0,51,0,0.1,-1,-1,-1,-1,0.0,0.0
2026-07-11T06:00,0.0,0.0,0.0,0.0,13.5,1.41,6.0,186,80,13060.0,1,0.375,870.0,1175.0,0,0.0,3,0,0.0,-1,-1,-1,-1,0.0,0.0
2026-07-11T07:00,0.4,0.75,0.0,0.0,15.1,2.25,6.1,111,100,22740.0,1,0.37,1290.0,1510.0,0,0.0,95,1,0.1,77,0,4,3,0.892,0.688
2026-07-11T08:00,1.8,0.944,0.0,0.0,12.1,3.68,7.6,223,100,3140.0,1,0.386,140.0,750.0,0,0.014,80,1,0.1,77,1,3,3,0.892,0.804
2026-07-11T09:00,3.2,0.625,0.0,0.0,10.6,0.91,8.2,351,99,4080.0,1,0.412,60.0,245.0,0,0.0165,81,1,1.2,77,2,2,3,0.892,0.613
2026-07-11T10:00,0.5,0.0,0.0,0.0,12.2,1.62,3.8,34,77,24540.0,1,0.401,630.0,390.0,0,0.0,53,1,0.5,77,3,1,3,0.892,0.238
2026-07-11T11:00,0.2,0.5,0.0,0.0,12.5,1.1,5.1,60,98,14440.0,1,0.393,40.0,485.0,0,0.0,51,0,0.1,-1,-1,-1,-1,0.0,0.0
2026-07-11T12:00,0.1,1.0,0.0,0.0,11.4,3.48,4.6,141,100,20700.0,1,0.369,600.0,390.0,0,0.0,51,0,0.0,-1,-1,-1,-1,0.0,0.0
2026-07-11T13:00,0.2,0.0,0.0,0.0,9.5,0.96,6.2,152,100,7280.0,0,0.367,330.0,110.0,0,0.0,51,0,0.2,-1,-1,-1,-1,0.0,0.0
2026-07-11T14:00,0.3,0.0,0.0,0.0,9.2,1.08,1.9,68,99,8320.0,0,0.367,320.0,50.0,0,0.0,51,1,0.3,78,0,3,3,1.169,0.312
2026-07-11T15:00,0.2,0.5,0.0,0.0,8.5,2.18,3.3,74,99,8280.0,0,0.366,240.0,140.0,0,0.0,51,0,0.1,78,1,2,3,1.169,0.612
2026-07-11T16:00,1.8,0.944,0.0,0.0,8.1,2.37,3.8,46,100,8140.0,0,0.387,0.0,130.0,0,0.0,80,1,0.1,78,2,1,3,1.169,0.878
2026-07-11T17:00,0.1,0.0,0.0,0.0,7.9,2.9,4.5,54,98,19840.0,0,0.383,30.0,140.0,0,0.0,51,0,0.1,-1,-1,-1,-1,0.0,0.0
2026-07-11T18:00,0.1,0.0,0.0,0.0,8.2,2.83,4.7,73,98,28080.0,0,0.367,90.0,180.0,0,0.0,51,0,0.1,-1,-1,-1,-1,0.0,0.0
2026-07-11T19:00,0.0,0.0,0.0,0.0,7.6,1.55,4.6,90,100,13080.0,0,0.364,40.0,165.0,0,0.0,3,0,0.0,-1,-1,-1,-1,0.0,0.0
2026-07-11T20:00,2.3,0.957,0.0,0.0,7.3,0.2,2.6,90,98,4880.0,0,0.392,20.0,20.0,0,0.0032,80,1,0.1,79,0,2,9,0.995,0.84
2026-07-11T21:00,0.4,0.0,0.0,0.0,7.1,2.46,4.0,66,96,12880.0,0,0.39,0.0,120.0,0,0.0,51,1,0.4,79,1,1,9,0.995,0.265
2026-07-11T22:00,0.1,0.0,0.0,0.0,6.5,2.15,4.0,87,98,19100.0,0,0.385,20.0,120.0,0,0.0,51,0,0.1,-1,-1,-1,-1,0.0,0.0
2026-07-11T23:00,0.0,0.0,0.0,0.0,6.2,2.0,3.5,90,84,29280.0,1,0.38,0.0,110.0,0,0.0,3,0,0.0,-1,-1,-1,-1,0.0,0.0
2026-07-12T00:00,0.0,0.0,0.0,0.0,7.7,1.9,3.7,104,95,9920.0,1,0.342,10.0,95.0,0,0.0,3,0,0.0,-1,-1,-1,-1,0.0,0.0
2026-07-12T01:00,0.0,0.0,0.0,0.0,9.4,1.52,3.9,134,96,26440.0,1,0.341,350.0,320.0,0,0.0,3,0,0.0,-1,-1,-1,-1,0.0,0.0
2026-07-12T02:00,0.1,1.0,0.0,0.0,10.6,1.61,5.1,175,99,21380.0,1,0.34,600.0,720.0,0,0.0,51,0,0.0,-1,-1,-1,-1,0.0,0.0
2026-07-12T03:00,0.1,1.0,0.0,0.0,12.0,1.97,5.5,207,100,15040.0,1,0.339,730.0,945.0,0,0.0,51,0,0.0,-1,-1,-1,-1,0.0,0.0
2026-07-12T04:00,0.1,1.0,0.0,0.0,13.0,1.38,5.5,229,100,21240.0,1,0.337,750.0,1105.0,0,0.0,51,0,0.0,-1,-1,-1,-1,0.0,0.0
2026-07-12T05:00,0.1,1.0,0.0,0.0,13.9,0.95,5.0,273,100,25020.0,1,0.334,820.0,1180.0,0,0.0,51,0,0.0,-1,-1,-1,-1,0.0,0.0
2026-07-12T06:00,0.0,0.0,0.0,0.0,13.1,1.52,4.6,316,100,11840.0,1,0.339,1170.0,760.0,0,0.0,3,0,0.0,-1,-1,-1,-1,0.0,0.0
2026-07-12T07:00,0.9,0.778,0.0,0.0,13.6,0.81,4.7,240,98,9560.0,1,0.346,1070.0,780.0,0,0.0,95,1,0.2,80,0,1,2,0.0,0.467
2026-07-12T08:00,0.1,0.0,0.0,0.0,15.0,1.27,4.3,261,99,25240.0,1,0.343,1400.0,1275.0,0,0.0,51,0,0.1,-1,-1,-1,-1,0.0,0.0
2026-07-12T09:00,0.1,1.0,0.0,0.0,15.1,1.31,5.1,133,98,12700.0,1,0.34,1390.0,965.0,0,0.0,51,0,0.0,-1,-1,-1,-1,0.0,0.0
2026-07-12T10:00,0.5,1.0,0.0,0.0,12.3,4.33,8.0,124,95,5580.0,1,0.342,460.0,510.0,0,0.0,53,1,0.0,81,0,3,12,0.508,0.735
2026-07-12T11:00,0.4,0.25,0.0,0.0,12.7,2.95,8.6,124,98,12300.0,1,0.344,900.0,425.0,0,0.0,51,1,0.3,81,1,2,12,0.508,0.285
2026-07-12T12:00,1.0,0.9,0.0,0.0,11.4,2.4,5.6,135,99,8440.0,1,0.354,310.0,340.0,0,0.0,55,1,0.1,81,2,1,12,0.508,0.675
2026-07-12T13:00,0.1,0.0,0.0,0.0,10.2,3.16,5.0,119,100,18980.0,0,0.353,870.0,340.0,0,0.0,51,0,0.1,-1,-1,-1,-1,0.0,0.0
2026-07-12T14:00,0.1,0.0,0.0,0.0,9.2,1.71,6.1,128,100,19500.0,0,0.352,440.0,210.0,0,0.0,51,0,0.1,-1,-1,-1,-1,0.0,0.0
2026-07-12T15:00,0.1,0.0,0.0,0.0,9.0,1.81,3.0,96,100,9660.0,0,0.351,300.0,160.0,0,0.0,51,0,0.1,-1,-1,-1,-1,0.0,0.0
2026-07-12T16:00,0.2,0.0,0.0,0.0,8.8,3.08,5.0,138,100,9240.0,0,0.352,10.0,245.0,0,0.0,51,0,0.2,-1,-1,-1,-1,0.0,0.0
2026-07-12T17:00,0.1,0.0,0.0,0.0,8.3,3.05,5.1,113,100,26800.0,0,0.351,10.0,215.0,0,0.0,51,0,0.1,-1,-1,-1,-1,0.0,0.0
2026-07-12T18:00,0.0,0.0,0.0,0.0,8.2,3.31,5.1,128,100,61580.0,0,0.34,20.0,190.0,0,0.0,3,0,0.0,-1,-1,-1,-1,0.0,0.0
2026-07-12T19:00,0.0,0.0,0.0,0.0,7.8,2.9,5.3,138,100,46100.0,0,0.339,0.0,165.0,0,0.0,3,0,0.0,-1,-1,-1,-1,0.0,0.0
2026-07-12T20:00,0.0,0.0,0.0,0.0,7.7,2.53,4.9,128,100,52120.0,0,0.338,0.0,135.0,0,0.0,3,0,0.0,-1,-1,-1,-1,0.0,0.0
2026-07-12T21:00,0.0,0.0,0.0,0.0,8.0,2.63,4.4,123,100,61620.0,0,0.337,0.0,145.0,0,0.0,3,0,0.0,-1,-1,-1,-1,0.0,0.0
2026-07-12T22:00,0.0,0.0,0.0,0.0,8.3,2.83,4.5,135,100,65500.0,0,0.336,0.0,165.0,0,0.0,3,0,0.0,-1,-1,-1,-1,0.0,0.0
2026-07-12T23:00,0.0,0.0,0.0,0.0,7.7,2.83,4.5,135,100,65500.0,1,0.335,0.0,145.0,0,0.0,3,0,0.0,-1,-1,-1,-1,0.0,0.0
2026-07-13T00:00,0.0,0.0,0.0,0.0,8.4,3.36,6.0,138,99,10060.0,1,0.346,10.0,265.0,0,0.0,3,0,0.0,-1,-1,-1,-1,0.0,0.0
2026-07-13T01:00,1.4,0.857,0.0,0.0,9.3,3.61,7.6,149,99,5060.0,1,0.36,20.0,680.0,0,0.001,80,1,0.2,82,0,7,3,1.079,0.802
2026-07-13T02:00,0.6,0.333,0.0,0.0,9.7,3.71,7.4,137,100,6820.0,1,0.364,10.0,765.0,0,0.0,53,1,0.4,82,1,6,3,1.079,0.487
2026-07-13T03:00,0.3,0.667,0.0,0.0,11.0,3.02,8.2,192,98,14800.0,1,0.364,420.0,870.0,0,0.0,51,1,0.1,82,2,5,3,1.079,0.688
2026-07-13T04:00,0.3,0.667,0.0,0.0,12.3,2.56,9.1,201,99,8000.0,1,0.363,480.0,1055.0,0,0.0,51,1,0.1,82,3,4,3,1.079,0.688
2026-07-13T05:00,0.2,1.0,0.0,0.0,14.2,2.91,8.5,235,99,15160.0,1,0.36,950.0,1395.0,0,0.0,51,0,0.0,82,4,3,3,1.079,0.888
2026-07-13T06:00,3.5,1.0,0.0,0.0,13.1,4.82,9.9,253,100,8000.0,1,0.377,590.0,895.0,0,0.1844,95,1,0.0,82,5,2,3,1.079,0.888
2026-07-13T07:00,1.3,0.923,0.0,0.0,11.8,4.92,9.9,245,100,7200.0,1,0.387,160.0,480.0,0,0.006,80,1,0.1,82,6,1,3,1.079,0.841
2026-07-13T08:00,0.1,0.0,0.0,0.0,13.9,1.75,9.1,239,99,25800.0,1,0.382,600.0,870.0,0,0.0,51,0,0.1,-1,-1,-1,-1,0.0,0.0
2026-07-13T09:00,0.1,1.0,0.0,0.0,14.6,2.29,6.6,144,95,11520.0,1,0.377,980.0,800.0,0,0.0,51,0,0.0,-1,-1,-1,-1,0.0,0.0
2026-07-13T10:00,0.2,0.5,0.0,0.0,13.7,3.26,7.3,122,90,14200.0,1,0.374,1280.0,335.0,0,0.0,51,0,0.1,-1,-1,-1,-1,0.0,0.0
2026-07-13T11:00,4.0,0.925,0.0,0.0,11.2,2.21,10.3,266,99,2740.0,1,0.416,20.0,275.0,0,0.0075,81,1,0.3,83,0,4,2,0.881,0.79
2026-07-13T12:00,1.1,0.182,0.0,0.0,10.9,2.77,6.1,107,100,7320.0,1,0.374,1080.0,220.0,0,0.0135,55,1,0.9,83,1,3,2,0.881,0.344
2026-07-13T13:00,0.9,0.333,0.0,0.0,10.0,1.74,4.6,141,100,3820.0,0,0.383,840.0,160.0,0,0.0,53,1,0.6,83,2,2,2,0.881,0.435
2026-07-13T14:00,0.9,0.444,0.0,0.0,9.1,3.41,6.7,129,99,18740.0,0,0.389,0.0,150.0,0,0.0,53,1,0.5,83,3,1,2,0.881,0.501
2026-07-13T15:00,0.0,0.0,0.0,0.0,8.5,1.28,5.2,129,99,56140.0,0,0.384,30.0,70.0,0,0.0,3,0,0.0,-1,-1,-1,-1,0.0,0.0
2026-07-13T16:00,0.2,1.0,0.0,0.0,8.1,1.16,3.1,97,99,7440.0,0,0.382,30.0,45.0,0,0.0,51,0,0.0,-1,-1,-1,-1,0.0,0.0
2026-07-13T17:00,0.8,0.875,0.0,0.0,8.5,2.82,4.4,153,100,8500.0,0,0.388,20.0,280.0,0,0.0,53,1,0.1,84,0,3,6,0.157,0.567
2026-07-13T18:00,0.8,1.0,0.0,0.0,8.9,1.57,5.2,149,100,6280.0,0,0.38,100.0,170.0,0,0.0,53,1,0.0,84,1,2,6,0.157,0.642
2026-07-13T19:00,0.6,0.667,0.0,0.0,8.6,1.84,3.0,135,100,9000.0,0,0.383,10.0,150.0,0,0.0,53,1,0.2,84,2,1,6,0.157,0.442
2026-07-13T20:00,0.2,0.0,0.0,0.0,8.4,2.3,3.7,131,100,11960.0,0,0.382,10.0,130.0,0,0.0,51,0,0.2,-1,-1,-1,-1,0.0,0.0
2026-07-13T21:00,0.1,0.0,0.0,0.0,8.2,2.02,3.7,134,100,13500.0,0,0.379,30.0,115.0,0,0.0,51,0,0.1,-1,-1,-1,-1,0.0,0.0
2026-07-13T22:00,0.1,0.0,0.0,0.0,8.1,1.59,3.3,134,100,16220.0,0,0.377,0.0,85.0,0,0.0,51,0,0.1,-1,-1,-1,-1,0.0,0.0
2026-07-13T23:00,0.0,0.0,0.0,0.0,7.6,1.63,2.8,133,91,21980.0,1,0.375,0.0,75.0,0,0.0,3,0,0.0,-1,-1,-1,-1,0.0,0.0
2026-07-14T00:00,0.0,0.0,0.0,0.0,7.7,2.09,3.9,136,99,27200.0,1,0.373,20.0,160.0,0,0.0,3,0,0.0,-1,-1,-1,-1,0.0,0.0
2026-07-14T01:00,0.0,0.0,0.0,0.0,9.0,1.55,4.1,147,99,19700.0,1,0.371,30.0,460.0,0,0.0,3,0,0.0,-1,-1,-1,-1,0.0,0.0
2026-07-14T02:00,0.4,1.0,0.0,0.0,10.1,2.49,5.7,202,100,7840.0,1,0.371,110.0,590.0,0,0.0,51,1,0.0,85,0,1,4,0.0,0.6
2026-07-14T03:00,0.2,0.5,0.0,0.0,12.3,2.75,7.0,217,98,14780.0,1,0.37,420.0,1165.0,0,0.0,51,0,0.1,-1,-1,-1,-1,0.0,0.0
2026-07-14T04:00,0.1,1.0,0.0,0.0,14.0,3.21,7.4,239,95,19000.0,1,0.366,510.0,1395.0,0,0.0,51,0,0.0,-1,-1,-1,-1,0.0,0.0
2026-07-14T05:00,0.1,1.0,0.0,0.0,15.0,3.26,7.4,229,95,73380.0,1,0.362,580.0,1510.0,0,0.0,51,0,0.0,-1,-1,-1,-1,0.0,0.0
2026-07-14T06:00,0.1,1.0,0.0,0.0,14.8,1.26,7.2,236,100,8500.0,1,0.345,40.0,1475.0,0,0.0,51,0,0.0,-1,-1,-1,-1,0.0,0.0
2026-07-14T07:00,3.4,0.941,0.0,0.0,10.9,4.33,8.5,284,90,3780.0,1,0.384,90.0,375.0,0,0.027,81,1,0.2,86,0,2,6,0.99,0.829
2026-07-14T08:00,0.6,0.0,0.0,0.0,12.6,1.46,8.1,84,96,23680.0,1,0.384,410.0,345.0,0,0.0,53,1,0.6,86,1,1,6,0.99,0.264
2026-07-14T09:00,0.2,0.5,0.0,0.0,13.4,1.84,4.7,193,94,8640.0,1,0.38,300.0,740.0,0,0.0,51,0,0.1,-1,-1,-1,-1,0.0,0.0
2026-07-14T10:00,0.2,0.5,0.0,0.0,13.9,3.49,6.9,153,98,9980.0,1,0.377,370.0,845.0,0,0.0,51,0,0.1,-1,-1,-1,-1,0.0,0.0
2026-07-14T11:00,0.2,0.0,0.0,0.0,12.4,3.37,7.9,148,98,24480.0,1,0.374,680.0,330.0,0,0.0,51,0,0.2,-1,-1,-1,-1,0.0,0.0
2026-07-14T12:00,0.0,0.0,0.0,0.0,11.2,3.81,7.3,113,98,33880.0,1,0.38,420.0,170.0,0,0.0,3,0,0.0,-1,-1,-1,-1,0.0,0.0
2026-07-14T13:00,0.0,0.0,0.0,0.0,9.8,3.84,6.6,125,99,62000.0,0,0.376,460.0,215.0,0,0.0,3,0,0.0,-1,-1,-1,-1,0.0,0.0
2026-07-14T14:00,0.0,0.0,0.0,0.0,9.1,1.81,6.2,141,100,7940.0,0,0.374,180.0,190.0,0,0.0,3,0,0.0,-1,-1,-1,-1,0.0,0.0
2026-07-14T15:00,0.8,0.5,0.0,0.0,8.7,1.57,4.1,127,100,7280.0,0,0.379,20.0,65.0,0,0.0,53,1,0.4,87,0,6,3,0.626,0.467
2026-07-14T16:00,0.1,0.0,0.0,0.0,8.2,0.4,2.6,97,99,13100.0,0,0.378,30.0,15.0,0,0.0,51,0,0.1,87,1,5,3,0.626,0.167
2026-07-14T17:00,0.5,1.0,0.0,0.0,8.2,0.3,2.7,81,100,7540.0,0,0.382,30.0,10.0,0,0.0,53,1,0.0,87,2,4,3,0.626,0.767
2026-07-14T18:00,0.3,0.667,0.0,0.0,8.5,1.53,2.9,142,100,5360.0,0,0.382,20.0,75.0,0,0.0,51,1,0.1,87,3,3,3,0.626,0.567
2026-07-14T19:00,0.3,0.667,0.0,0.0,8.5,1.09,3.2,164,100,10420.0,0,0.383,250.0,30.0,0,0.0,51,1,0.1,87,4,2,3,0.626,0.567
2026-07-14T20:00,0.3,0.333,0.0,0.0,8.2,1.25,2.8,196,100,9300.0,0,0.384,10.0,75.0,0,0.0,51,1,0.2,87,5,1,3,0.626,0.367
2026-07-14T21:00,0.2,0.5,0.0,0.0,8.3,0.76,2.5,148,100,10340.0,0,0.384,250.0,50.0,0,0.0,51,0,0.1,-1,-1,-1,-1,0.0,0.0
2026-07-14T22:00,0.1,1.0,0.0,0.0,7.9,1.46,2.3,121,100,18000.0,0,0.382,200.0,70.0,0,0.0,51,0,0.0,-1,-1,-1,-1,0.0,0.0
2026-07-14T23:00,0.0,0.0,0.0,0.0,7.9,1.35,2.7,92,100,12160.0,1,0.379,90.0,75.0,0,0.0,3,0,0.0,-1,-1,-1,-1,0.0,0.0
2026-07-15T00:00,0.3,0.667,0.0,0.0,8.3,1.12,2.4,10,100,3260.0,1,0.422,40.0,80.0,0,0.0,51,1,0.1,88,0,5,2,0.555,0.548
2026-07-15T01:00,1.5,0.0,0.0,0.0,8.5,1.32,2.4,127,100,4080.0,1,0.422,30.0,190.0,0,0.0019,61,1,1.5,88,1,4,2,0.555,0.148
2026-07-15T02:00,1.1,0.182,0.0,0.0,8.7,2.72,5.2,148,100,4240.0,1,0.42,60.0,345.0,0,0.0008,55,1,0.9,88,2,3,2,0.555,0.257
2026-07-15T03:00,0.9,0.556,0.0,0.0,9.4,2.78,5.7,162,100,5700.0,1,0.417,160.0,785.0,0,0.0,53,1,0.4,88,3,2,2,0.555,0.482
2026-07-15T04:00,0.5,0.4,0.0,0.0,10.9,3.97,8.0,199,100,8760.0,1,0.412,140.0,885.0,0,0.0,53,1,0.3,88,4,1,2,0.555,0.388
2026-07-15T05:00,0.2,0.5,0.0,0.0,13.0,3.91,8.7,207,100,13480.0,1,0.406,530.0,1140.0,0,0.0,51,0,0.1,-1,-1,-1,-1,0.0,0.0
2026-07-15T06:00,0.2,0.5,0.0,0.0,12.3,2.48,8.6,223,100,8560.0,1,0.402,370.0,990.0,0,0.0,51,0,0.1,-1,-1,-1,-1,0.0,0.0
2026-07-15T07:00,0.3,0.667,0.0,0.0,13.6,2.33,6.2,205,100,9500.0,1,0.4,580.0,1165.0,0,0.0,51,1,0.1,89,0,1,8,0.0,0.4
2026-07-15T08:00,0.2,1.0,0.0,0.0,14.1,2.38,5.8,221,100,10880.0,1,0.397,80.0,1205.0,0,0.0,51,0,0.0,-1,-1,-1,-1,0.0,0.0
2026-07-15T09:00,0.2,1.0,0.0,0.0,14.1,2.36,5.7,216,97,14240.0,1,0.396,560.0,1025.0,0,0.0,51,0,0.0,-1,-1,-1,-1,0.0,0.0
2026-07-15T10:00,0.1,0.0,0.0,0.0,14.9,1.06,5.8,251,94,29500.0,1,0.392,620.0,1150.0,0,0.0,51,0,0.1,-1,-1,-1,-1,0.0,0.0
2026-07-15T11:00,0.0,0.0,0.0,0.0,13.8,1.46,4.1,344,98,20460.0,1,0.39,640.0,465.0,0,0.0,3,0,0.0,-1,-1,-1,-1,0.0,0.0
2026-07-15T12:00,0.2,0.5,0.0,0.0,11.2,3.18,4.3,173,98,30640.0,1,0.377,280.0,185.0,0,0.0,51,0,0.1,-1,-1,-1,-1,0.0,0.0
2026-07-15T13:00,0.1,0.0,0.0,0.0,10.4,1.46,5.3,232,99,11180.0,0,0.376,550.0,155.0,0,0.0,51,0,0.1,-1,-1,-1,-1,0.0,0.0
2026-07-15T14:00,0.1,0.0,0.0,0.0,9.0,1.9,3.4,183,100,17560.0,0,0.376,620.0,175.0,0,0.0,51,0,0.1,-1,-1,-1,-1,0.0,0.0
2026-07-15T15:00,0.0,0.0,0.0,0.0,8.9,0.36,3.3,146,99,33980.0,0,0.375,630.0,35.0,0,0.0,3,0,0.0,-1,-1,-1,-1,0.0,0.0
2026-07-15T16:00,0.3,1.0,0.0,0.0,8.2,0.6,0.9,360,100,8680.0,0,0.377,380.0,35.0,0,0.0,51,1,0.0,90,0,2,3,0.202,0.654
2026-07-15T17:00,0.4,0.75,0.0,0.0,7.7,0.89,1.8,63,100,11180.0,0,0.381,220.0,30.0,0,0.0,51,1,0.1,90,1,1,3,0.202,0.504
2026-07-15T18:00,0.1,0.0,0.0,0.0,7.8,1.73,2.7,68,100,14380.0,0,0.369,10.0,40.0,0,0.0,51,0,0.1,-1,-1,-1,-1,0.0,0.0
2026-07-15T19:00,0.1,0.0,0.0,0.0,7.8,1.59,3.3,62,100,13660.0,0,0.369,0.0,55.0,0,0.0,51,0,0.1,-1,-1,-1,-1,0.0,0.0
2026-07-15T20:00,0.1,0.0,0.0,0.0,7.3,1.52,2.6,113,100,4640.0,0,0.37,0.0,55.0,0,0.0,51,0,0.1,-1,-1,-1,-1,0.0,0.0
2026-07-15T21:00,0.3,1.0,0.0,0.0,6.9,1.17,2.5,100,100,2320.0,0,0.374,30.0,70.0,0,0.0,51,1,0.0,91,0,2,2,0.354,0.694
2026-07-15T22:00,0.5,0.8,0.0,0.0,7.3,1.15,2.8,72,100,9760.0,0,0.379,20.0,60.0,0,0.0,53,1,0.1,91,1,1,2,0.354,0.574
2026-07-15T23:00,0.1,0.0,0.0,0.0,7.5,1.03,2.2,61,99,14080.0,1,0.38,30.0,60.0,0,0.0,51,0,0.1,-1,-1,-1,-1,0.0,0.0
2026-07-16T00:00,0.1,0.0,0.0,0.0,8.0,0.54,2.0,124,100,8400.0,1,0.399,130.0,80.0,0,0.0,51,0,0.1,-1,-1,-1,-1,0.0,0.0
2026-07-16T01:00,0.3,0.0,0.0,0.0,8.5,1.7,3.5,204,99,9640.0,1,0.399,100.0,250.0,0,0.0,51,1,0.3,92,0,7,3,0.385,0.103
2026-07-16T02:00,0.3,0.667,0.0,0.0,9.3,1.9,4.5,235,99,13260.0,1,0.398,170.0,455.0,0,0.0,51,1,0.1,92,1,6,3,0.385,0.503
2026-07-16T03:00,0.1,1.0,0.0,0.0,10.8,2.34,5.7,228,100,14280.0,1,0.396,270.0,730.0,0,0.0,51,0,0.0,92,2,5,3,0.385,0.703
2026-07-16T04:00,0.3,0.667,0.0,0.0,11.1,2.58,6.1,226,100,7220.0,1,0.395,20.0,740.0,0,0.0,51,1,0.1,92,3,4,3,0.385,0.503
2026-07-16T05:00,0.5,0.6,0.0,0.0,11.0,1.92,6.1,231,100,6680.0,1,0.396,10.0,635.0,0,0.0,53,1,0.2,92,4,3,3,0.385,0.463
2026-07-16T06:00,0.3,0.667,0.0,0.0,11.7,2.06,5.7,264,98,9980.0,1,0.403,460.0,820.0,0,0.0,51,1,0.1,92,5,2,3,0.385,0.503
2026-07-16T07:00,0.3,0.667,0.0,0.0,12.9,0.05,6.4,270,65,12000.0,1,0.399,980.0,765.0,0,0.0,51,1,0.1,92,6,1,3,0.385,0.503
2026-07-16T08:00,0.2,1.0,0.0,0.0,13.8,1.17,4.6,211,80,17460.0,1,0.396,1170.0,1120.0,0,0.0,51,0,0.0,-1,-1,-1,-1,0.0,0.0
2026-07-16T09:00,0.1,1.0,0.0,0.0,14.8,0.99,4.9,120,63,17880.0,1,0.391,970.0,1255.0,0,0.0,51,0,0.0,-1,-1,-1,-1,0.0,0.0
2026-07-16T10:00,0.1,1.0,0.0,0.0,14.7,1.64,4.5,110,88,22940.0,1,0.389,760.0,1370.0,0,0.0,51,0,0.0,-1,-1,-1,-1,0.0,0.0
2026-07-16T11:00,4.8,0.979,0.0,0.0,10.3,3.1,6.3,90,100,3380.0,1,0.423,0.0,475.0,0,0.0,81,1,0.1,93,0,8,7,0.68,0.769
2026-07-16T12:00,1.9,0.316,0.0,0.0,10.1,3.3,6.1,93,98,5520.0,1,0.398,30.0,280.0,0,0.0034,80,1,1.3,93,1,7,7,0.68,0.371
2026-07-16T13:00,1.4,0.714,0.0,0.0,9.3,2.63,5.4,129,99,4460.0,0,0.413,560.0,470.0,0,0.028,80,1,0.4,93,2,6,7,0.68,0.61
2026-07-16T14:00,2.4,0.792,0.0,0.0,9.2,2.18,5.7,99,100,3420.0,0,0.427,80.0,300.0,0,0.014,80,1,0.5,93,3,5,7,0.68,0.656
2026-07-16T15:00,2.0,0.8,0.0,0.0,9.3,2.52,3.7,76,99,4640.0,0,0.426,90.0,315.0,0,0.0112,80,1,0.4,93,4,4,7,0.68,0.661
2026-07-16T16:00,2.0,1.0,0.0,0.0,8.8,2.35,3.9,78,99,5260.0,0,0.429,30.0,270.0,0,0.0037,80,1,0.0,93,5,3,7,0.68,0.781
2026-07-16T17:00,0.9,0.667,0.0,0.0,8.7,2.17,4.1,61,100,8220.0,0,0.423,10.0,200.0,0,0.0,53,1,0.3,93,6,2,7,0.68,0.581
2026-07-16T18:00,0.3,0.333,0.0,0.0,8.5,1.37,3.6,66,99,22760.0,0,0.419,0.0,70.0,0,0.0,51,1,0.2,93,7,1,7,0.68,0.381
2026-07-16T19:00,0.1,1.0,0.0,0.0,8.0,0.96,2.2,51,96,14380.0,0,0.415,0.0,40.0,0,0.0,51,0,0.0,-1,-1,-1,-1,0.0,0.0
2026-07-16T20:00,0.1,0.0,0.0,0.0,7.9,1.16,2.0,115,88,12480.0,0,0.413,10.0,45.0,0,0.0,51,0,0.1,-1,-1,-1,-1,0.0,0.0
2026-07-16T21:00,0.1,0.0,0.0,0.0,7.4,0.65,2.0,148,98,11140.0,0,0.411,10.0,30.0,0,0.0,51,0,0.1,-1,-1,-1,-1,0.0,0.0
2026-07-16T22:00,0.1,0.0,0.0,0.0,6.7,0.76,1.6,122,99,14020.0,0,0.41,0.0,25.0,0,0.0,51,0,0.1,-1,-1,-1,-1,0.0,0.0
2026-07-16T23:00,0.0,0.0,0.0,0.0,6.5,0.46,1.2,49,100,1140.0,1,0.408,0.0,20.0,0,0.0,3,0,0.0,-1,-1,-1,-1,0.0,0.0
2026-07-17T00:00,0.0,0.0,0.0,0.0,8.1,0.5,1.5,276,100,10900.0,1,0.386,40.0,75.0,0,0.0,3,0,0.0,-1,-1,-1,-1,0.0,0.0
2026-07-17T01:00,0.1,0.0,0.0,0.0,8.9,0.72,2.7,214,100,20400.0,1,0.386,30.0,335.0,0,0.0,51,0,0.1,-1,-1,-1,-1,0.0,0.0
2026-07-17T02:00,0.5,0.6,0.0,0.0,10.2,2.14,4.7,339,100,4380.0,1,0.389,40.0,580.0,0,0.0,53,1,0.2,94,0,3,2,0.979,0.621
2026-07-17T03:00,2.2,0.818,0.0,0.0,8.6,2.8,6.0,2,100,4420.0,1,0.413,0.0,225.0,0,0.0,80,1,0.4,94,1,2,2,0.979,0.752
2026-07-17T04:00,0.4,0.0,0.0,0.0,10.7,1.18,5.3,234,100,29360.0,1,0.41,220.0,530.0,0,0.0,51,1,0.4,94,2,1,2,0.979,0.261
2026-07-17T05:00,0.1,1.0,0.0,0.0,11.7,2.42,6.8,297,88,16640.0,1,0.404,560.0,715.0,0,0.0,51,0,0.0,-1,-1,-1,-1,0.0,0.0
2026-07-17T06:00,0.1,1.0,0.0,0.0,13.8,3.22,7.6,348,92,7540.0,1,0.405,30.0,1110.0,0,0.0,51,0,0.0,-1,-1,-1,-1,0.0,0.0
2026-07-17T07:00,1.3,0.769,0.0,0.0,11.5,3.63,9.1,7,64,11080.0,1,0.412,250.0,625.0,0,0.0094,80,1,0.3,95,0,7,92,0.874,0.694
2026-07-17T08:00,0.3,0.667,0.0,0.0,14.9,4.53,9.7,11,84,57120.0,1,0.407,1010.0,1600.0,0,0.0,51,1,0.1,95,1,6,92,0.874,0.633
2026-07-17T09:00,0.2,1.0,0.0,0.0,14.8,4.25,9.3,42,95,69160.0,1,0.403,30.0,1595.0,0,0.0,51,0,0.0,95,2,5,92,0.874,0.833
2026-07-17T10:00,0.5,1.0,0.0,0.0,11.5,3.81,8.8,80,98,5860.0,1,0.403,270.0,625.0,0,0.0,53,1,0.0,95,3,4,92,0.874,0.833
2026-07-17T11:00,0.5,0.6,0.0,0.0,10.7,1.88,8.0,151,98,9920.0,1,0.404,670.0,185.0,0,0.0,53,1,0.2,95,4,3,92,0.874,0.593
2026-07-17T12:00,0.1,0.0,0.0,0.0,11.4,1.61,4.2,196,90,9840.0,1,0.406,390.0,160.0,0,0.0,51,0,0.1,95,5,2,92,0.874,0.233
2026-07-17T13:00,0.3,0.0,0.0,0.0,9.6,1.35,2.7,149,99,10860.0,0,0.405,760.0,85.0,0,0.0,51,1,0.3,95,6,1,92,0.874,0.233
2026-07-17T14:00,0.1,0.0,0.0,0.0,8.8,2.55,4.3,125,95,18460.0,0,0.403,730.0,165.0,0,0.0,51,0,0.1,-1,-1,-1,-1,0.0,0.0
2026-07-17T15:00,0.0,0.0,0.0,0.0,7.6,0.36,4.3,74,100,29800.0,0,0.401,290.0,25.0,0,0.0,3,0,0.0,-1,-1,-1,-1,0.0,0.0
2026-07-17T16:00,0.0,0.0,0.0,0.0,7.9,3.47,5.2,25,99,69400.0,0,0.399,60.0,495.0,0,0.0,3,0,0.0,-1,-1,-1,-1,0.0,0.0
2026-07-17T17:00,0.0,0.0,0.0,0.0,7.2,5.8,9.5,38,88,71820.0,0,0.397,0.0,485.0,0,0.0,3,0,0.0,-1,-1,-1,-1,0.0,0.0
2026-07-17T18:00,0.0,0.0,0.0,0.0,7.4,5.57,9.5,40,99,71800.0,0,0.396,10.0,665.0,0,0.0,3,0,0.0,-1,-1,-1,-1,0.0,0.0
2026-07-17T19:00,0.0,0.0,0.0,0.0,6.7,5.2,9.3,46,97,71800.0,0,0.394,10.0,695.0,0,0.0,3,0,0.0,-1,-1,-1,-1,0.0,0.0
2026-07-17T20:00,0.0,0.0,0.0,0.0,6.3,5.15,8.7,50,46,71800.0,0,0.393,10.0,705.0,0,0.0,1,0,0.0,-1,-1,-1,-1,0.0,0.0
2026-07-17T21:00,0.0,0.0,0.0,0.0,4.4,4.28,8.6,43,20,67720.0,0,0.392,0.0,415.0,0,0.0,1,0,0.0,-1,-1,-1,-1,0.0,0.0
2026-07-17T22:00,0.0,0.0,0.0,0.0,3.3,4.58,7.7,39,18,69380.0,0,0.39,0.0,370.0,0,0.0,0,0,0.0,-1,-1,-1,-1,0.0,0.0
2026-07-17T23:00,0.0,0.0,0.0,0.0,2.3,4.68,7.8,37,56,69380.0,1,0.389,0.0,335.0,0,0.0,2,0,0.0,-1,-1,-1,-1,0.0,0.0
2026-07-18T00:00,0.0,0.0,0.0,0.0,5.0,5.81,8.2,48,30,71780.0,1,0.388,10.0,485.0,0,0.0,1,0,0.0,-1,-1,-1,-1,0.0,0.0
2026-07-18T01:00,0.0,0.0,0.0,0.0,6.4,5.5,10.0,50,73,71780.0,1,0.387,10.0,705.0,0,0.0,2,0,0.0,-1,-1,-1,-1,0.0,0.0
2026-07-18T02:00,0.0,0.0,0.0,0.0,8.1,5.33,10.0,58,73,71780.0,1,0.385,10.0,1075.0,0,0.0,2,0,0.0,-1,-1,-1,-1,0.0,0.0
2026-07-18T03:00,0.0,0.0,0.0,0.0,9.6,4.91,9.9,55,75,73760.0,1,0.382,10.0,1410.0,0,0.0,2,0,0.0,-1,-1,-1,-1,0.0,0.0
2026-07-18T04:00,0.0,0.0,0.0,0.0,10.6,4.24,9.5,44,64,53380.0,1,0.379,10.0,1845.0,0,0.0,2,0,0.0,-1,-1,-1,-1,0.0,0.0
2026-07-18T05:00,0.1,1.0,0.0,0.0,11.9,4.32,8.9,24,82,76400.0,1,0.376,40.0,2060.0,0,0.0,51,0,0.0,-1,-1,-1,-1,0.0,0.0
2026-07-18T06:00,0.0,0.0,0.0,0.0,11.6,4.32,9.0,20,17,76400.0,1,0.374,40.0,2025.0,0,0.0,0,0,0.0,-1,-1,-1,-1,0.0,0.0
2026-07-18T07:00,0.0,0.0,0.0,0.0,12.2,4.23,8.8,23,29,78920.0,1,0.37,30.0,2100.0,0,0.0,1,0,0.0,-1,-1,-1,-1,0.0,0.0
2026-07-18T08:00,0.0,0.0,0.0,0.0,13.1,4.25,8.8,32,96,78920.0,1,0.366,20.0,2225.0,0,0.0,3,0,0.0,-1,-1,-1,-1,0.0,0.0
2026-07-18T09:00,0.0,0.0,0.0,0.0,13.0,4.6,9.0,42,87,78920.0,1,0.363,20.0,2220.0,0,0.0,3,0,0.0,-1,-1,-1,-1,0.0,0.0
2026-07-18T10:00,0.0,0.0,0.0,0.0,12.6,4.57,8.9,49,91,78920.0,1,0.361,0.0,2185.0,0,0.0,3,0,0.0,-1,-1,-1,-1,0.0,0.0
2026-07-18T11:00,0.0,0.0,0.0,0.0,12.4,4.66,8.7,55,12,78920.0,1,0.359,10.0,2030.0,0,0.0,0,0,0.0,-1,-1,-1,-1,0.0,0.0
2026-07-18T12:00,0.0,0.0,0.0,0.0,11.7,3.76,8.2,49,19,76380.0,1,0.36,20.0,1360.0,0,0.0,0,0,0.0,-1,-1,-1,-1,0.0,0.0
2026-07-18T13:00,0.0,0.0,0.0,0.0,9.0,3.09,6.3,50,10,76380.0,0,0.36,10.0,235.0,0,0.0,0,0,0.0,-1,-1,-1,-1,0.0,0.0
2026-07-18T14:00,0.0,0.0,0.0,0.0,7.0,3.22,5.5,46,2,73720.0,0,0.36,0.0,140.0,0,0.0,0,0,0.0,-1,-1,-1,-1,0.0,0.0
2026-07-18T15:00,0.0,0.0,0.0,0.0,5.8,3.37,5.5,41,6,73720.0,0,0.36,0.0,130.0,0,0.0,0,0,0.0,-1,-1,-1,-1,0.0,0.0
2026-07-18T16:00,0.0,0.0,0.0,0.0,5.1,4.72,7.6,39,0,73720.0,0,0.359,0.0,190.0,0,0.0,0,0,0.0,-1,-1,-1,-1,0.0,0.0
2026-07-18T17:00,0.0,0.0,0.0,0.0,4.7,5.24,8.4,42,0,73700.0,0,0.359,0.0,210.0,0,0.0,0,0,0.0,-1,-1,-1,-1,0.0,0.0
2026-07-18T18:00,0.0,0.0,0.0,0.0,4.3,5.15,8.8,40,0,73700.0,0,0.357,0.0,230.0,0,0.0,0,0,0.0,-1,-1,-1,-1,0.0,0.0
2026-07-18T19:00,0.0,0.0,0.0,0.0,3.7,4.82,8.4,41,0,73700.0,0,0.357,0.0,215.0,0,0.0,0,0,0.0,-1,-1,-1,-1,0.0,0.0
2026-07-18T20:00,0.0,0.0,0.0,0.0,3.0,3.96,8.0,44,0,73700.0,0,0.357,0.0,190.0,0,0.0,0,0,0.0,-1,-1,-1,-1,0.0,0.0
2026-07-18T21:00,0.0,0.0,0.0,0.0,2.2,3.05,6.7,49,0,73700.0,0,0.357,0.0,135.0,0,0.0,0,0,0.0,-1,-1,-1,-1,0.0,0.0
2026-07-18T22:00,0.0,0.0,0.0,0.0,1.3,2.65,5.2,54,0,71700.0,0,0.357,0.0,95.0,0,0.0,0,0,0.0,-1,-1,-1,-1,0.0,0.0
2026-07-18T23:00,0.0,0.0,0.0,0.0,0.7,2.44,4.6,62,0,71700.0,1,0.357,0.0,65.0,0,0.0,0,0,0.0,-1,-1,-1,-1,0.0,0.0
2026-07-19T00:00,0.0,0.0,0.0,0.0,3.2,3.21,4.4,59,7,71700.0,1,0.359,0.0,115.0,0,0.0,0,0,0.0,-1,-1,-1,-1,0.0,0.0
2026-07-19T01:00,0.0,0.0,0.0,0.0,6.3,1.83,5.0,79,5,73680.0,1,0.358,0.0,405.0,0,0.0,0,0,0.0,-1,-1,-1,-1,0.0,0.0
2026-07-19T02:00,0.0,0.0,0.0,0.0,8.2,1.88,5.0,101,0,73680.0,1,0.357,0.0,830.0,0,0.0,0,0,0.0,-1,-1,-1,-1,0.0,0.0
2026-07-19T03:00,0.0,0.0,0.0,0.0,10.0,2.26,6.0,96,0,76340.0,1,0.355,20.0,1670.0,0,0.0,0,0,0.0,-1,-1,-1,-1,0.0,0.0
2026-07-19T04:00,0.0,0.0,0.0,0.0,11.8,2.67,6.6,60,52,78880.0,1,0.352,20.0,1990.0,0,0.0,2,0,0.0,-1,-1,-1,-1,0.0,0.0
2026-07-19T05:00,0.0,0.0,0.0,0.0,12.9,2.99,7.2,52,63,78880.0,1,0.348,10.0,2120.0,0,0.0,2,0,0.0,-1,-1,-1,-1,0.0,0.0
2026-07-19T06:00,0.0,0.0,0.0,0.0,12.9,3.54,7.2,48,57,78880.0,1,0.343,20.0,2205.0,0,0.0,2,0,0.0,-1,-1,-1,-1,0.0,0.0
2026-07-19T07:00,0.0,0.0,0.0,0.0,13.5,3.36,7.9,48,69,78880.0,1,0.34,10.0,2250.0,0,0.0,2,0,0.0,-1,-1,-1,-1,0.0,0.0
2026-07-19T08:00,0.0,0.0,0.0,0.0,13.8,3.61,7.8,46,51,78860.0,1,0.336,10.0,2295.0,0,0.0,2,0,0.0,-1,-1,-1,-1,0.0,0.0
2026-07-19T09:00,0.0,0.0,0.0,0.0,13.9,3.06,7.8,52,71,78860.0,1,0.333,10.0,2300.0,0,0.0,2,0,0.0,-1,-1,-1,-1,0.0,0.0
2026-07-19T10:00,0.0,0.0,0.0,0.0,14.0,2.79,6.7,57,90,78860.0,1,0.331,20.0,2380.0,0,0.0,3,0,0.0,-1,-1,-1,-1,0.0,0.0
2026-07-19T11:00,0.0,0.0,0.0,0.0,13.3,3.26,6.2,50,52,78880.0,1,0.329,0.0,2385.0,0,0.0,2,0,0.0,-1,-1,-1,-1,0.0,0.0
2026-07-19T12:00,0.0,0.0,0.0,0.0,12.3,2.78,6.3,52,100,78860.0,1,0.331,30.0,685.0,0,0.0,3,0,0.0,-1,-1,-1,-1,0.0,0.0
2026-07-19T13:00,0.0,0.0,0.0,0.0,10.0,3.49,5.6,66,17,76300.0,0,0.331,30.0,245.0,0,0.0,0,0,0.0,-1,-1,-1,-1,0.0,0.0
2026-07-19T14:00,0.0,0.0,0.0,0.0,8.6,2.67,5.8,82,8,76300.0,0,0.332,0.0,110.0,0,0.0,0,0,0.0,-1,-1,-1,-1,0.0,0.0
2026-07-19T15:00,0.0,0.0,0.0,0.0,6.4,1.9,4.4,104,3,76300.0,0,0.332,0.0,45.0,0,0.0,0,0,0.0,-1,-1,-1,-1,0.0,0.0
2026-07-19T16:00,0.0,0.0,0.0,0.0,5.8,1.82,3.0,82,11,76300.0,0,0.332,0.0,40.0,0,0.0,0,0,0.0,-1,-1,-1,-1,0.0,0.0
2026-07-19T17:00,0.0,0.0,0.0,0.0,5.2,1.85,3.3,71,10,76300.0,0,0.333,0.0,35.0,0,0.0,0,0,0.0,-1,-1,-1,-1,0.0,0.0
2026-07-19T18:00,0.0,0.0,0.0,0.0,4.4,2.06,3.6,72,1,73620.0,0,0.331,0.0,35.0,0,0.0,0,0,0.0,-1,-1,-1,-1,0.0,0.0
2026-07-19T19:00,0.0,0.0,0.0,0.0,3.2,1.68,3.7,73,0,71620.0,0,0.332,0.0,25.0,0,0.0,0,0,0.0,-1,-1,-1,-1,0.0,0.0
2026-07-19T20:00,0.0,0.0,0.0,0.0,2.5,1.23,3.1,69,0,71620.0,0,0.332,0.0,25.0,0,0.0,0,0,0.0,-1,-1,-1,-1,0.0,0.0
2026-07-19T21:00,0.0,0.0,0.0,0.0,2.1,1.04,2.4,73,0,71620.0,0,0.332,0.0,20.0,0,0.0,0,0,0.0,-1,-1,-1,-1,0.0,0.0
2026-07-19T22:00,0.0,0.0,0.0,0.0,1.9,1.06,2.2,82,0,71600.0,0,0.333,0.0,20.0,0,0.0,0,0,0.0,-1,-1,-1,-1,0.0,0.0
2026-07-19T23:00,0.0,0.0,0.0,0.0,1.4,1.11,2.3,72,0,71600.0,0,0.333,0.0,20.0,0,0.0,0,0,0.0,-1,-1,-1,-1,0.0,0.0
2026-07-20T00:00,0.0,0.0,0.0,0.0,3.6,2.3,2.9,86,0,69160.0,1,0.334,0.0,30.0,0,0.0,0,0,0.0,-1,-1,-1,-1,0.0,0.0
2026-07-20T01:00,0.0,0.0,0.0,0.0,7.8,1.31,4.0,130,0,73600.0,1,0.334,40.0,165.0,0,0.0,0,0,0.0,-1,-1,-1,-1,0.0,0.0
2026-07-20T02:00,0.0,0.0,0.0,0.0,10.1,1.38,4.3,131,0,73600.0,1,0.333,150.0,575.0,0,0.0,0,0,0.0,-1,-1,-1,-1,0.0,0.0
2026-07-20T03:00,0.1,1.0,0.0,0.0,11.9,2.18,5.7,106,44,76260.0,1,0.332,140.0,1655.0,0,0.0,51,0,0.0,-1,-1,-1,-1,0.0,0.0
2026-07-20T04:00,0.0,0.0,0.0,0.0,13.1,2.68,6.6,81,20,78820.0,1,0.329,30.0,2065.0,0,0.0,1,0,0.0,-1,-1,-1,-1,0.0,0.0
2026-07-20T05:00,0.0,0.0,0.0,0.0,14.2,3.11,7.3,79,34,78820.0,1,0.326,10.0,2070.0,0,0.0,1,0,0.0,-1,-1,-1,-1,0.0,0.0
2026-07-20T06:00,0.0,0.0,0.0,0.0,14.1,2.91,7.5,78,13,78820.0,1,0.317,30.0,2415.0,0,0.0,0,0,0.0,-1,-1,-1,-1,0.0,0.0
2026-07-20T07:00,0.0,0.0,0.0,0.0,14.8,3.15,7.4,72,58,78840.0,1,0.313,20.0,2365.0,0,0.0,2,0,0.0,-1,-1,-1,-1,0.0,0.0
2026-07-20T08:00,0.0,0.0,0.0,0.0,15.0,3.31,7.5,70,29,78820.0,1,0.309,0.0,2310.0,0,0.0,1,0,0.0,-1,-1,-1,-1,0.0,0.0
2026-07-20T09:00,0.0,0.0,0.0,0.0,15.1,3.23,7.5,49,45,78820.0,1,0.307,0.0,2260.0,0,0.0,1,0,0.0,-1,-1,-1,-1,0.0,0.0
2026-07-20T10:00,0.0,0.0,0.0,0.0,14.5,3.26,7.0,47,45,78820.0,1,0.304,0.0,2085.0,0,0.0,1,0,0.0,-1,-1,-1,-1,0.0,0.0
2026-07-20T11:00,0.0,0.0,0.0,0.0,13.5,3.43,6.7,59,32,34720.0,1,0.303,0.0,1885.0,0,0.0,1,0,0.0,-1,-1,-1,-1,0.0,0.0
2026-07-20T12:00,0.0,0.0,0.0,0.0,13.4,2.78,6.4,23,0,78800.0,1,0.301,130.0,655.0,0,0.0,0,0,0.0,-1,-1,-1,-1,0.0,0.0
2026-07-20T13:00,0.0,0.0,0.0,0.0,9.6,2.79,4.7,36,2,76240.0,0,0.302,60.0,180.0,0,0.0,0,0,0.0,-1,-1,-1,-1,0.0,0.0
2026-07-20T14:00,0.0,0.0,0.0,0.0,8.5,3.71,6.2,43,7,76240.0,0,0.302,10.0,200.0,0,0.0,0,0,0.0,-1,-1,-1,-1,0.0,0.0
2026-07-20T15:00,0.0,0.0,0.0,0.0,7.5,4.07,6.8,46,2,73560.0,0,0.303,20.0,195.0,0,0.0,0,0,0.0,-1,-1,-1,-1,0.0,0.0
2026-07-20T16:00,0.0,0.0,0.0,0.0,7.0,3.78,6.8,62,2,73540.0,0,0.303,10.0,150.0,0,0.0,0,0,0.0,-1,-1,-1,-1,0.0,0.0
2026-07-20T17:00,0.0,0.0,0.0,0.0,6.3,3.0,6.3,64,3,73540.0,0,0.304,10.0,95.0,0,0.0,0,0,0.0,-1,-1,-1,-1,0.0,0.0
2026-07-20T18:00,0.0,0.0,0.0,0.0,6.0,2.89,5.0,76,13,73540.0,0,0.3,10.0,130.0,0,0.0,0,0,0.0,-1,-1,-1,-1,0.0,0.0
2026-07-20T19:00,0.0,0.0,0.0,0.0,4.5,1.91,4.8,70,1,71520.0,0,0.301,0.0,50.0,0,0.0,0,0,0.0,-1,-1,-1,-1,0.0,0.0
2026-07-20T20:00,0.0,0.0,0.0,0.0,3.5,2.07,3.6,70,7,69080.0,0,0.301,0.0,45.0,0,0.0,0,0,0.0,-1,-1,-1,-1,0.0,0.0
2026-07-20T21:00,0.0,0.0,0.0,0.0,2.9,2.23,3.8,81,0,69080.0,0,0.302,0.0,45.0,0,0.0,0,0,0.0,-1,-1,-1,-1,0.0,0.0
2026-07-20T22:00,0.0,0.0,0.0,0.0,2.4,2.0,3.8,87,5,69080.0,0,0.302,0.0,45.0,0,0.0,0,0,0.0,-1,-1,-1,-1,0.0,0.0
2026-07-20T23:00,0.0,0.0,0.0,0.0,1.9,1.71,3.5,83,14,65820.0,0,0.303,0.0,40.0,0,0.0,0,0,0.0,-1,-1,-1,-1,0.0,0.0
2026-07-21T00:00,0.0,0.0,0.0,0.0,4.6,2.52,4.4,98,11,69060.0,1,0.316,40.0,70.0,0,0.0,0,0,0.0,-1,-1,-1,-1,0.0,0.0
2026-07-21T01:00,0.0,0.0,0.0,0.0,7.4,2.04,4.5,107,10,69060.0,1,0.316,40.0,345.0,0,0.0,0,0,0.0,-1,-1,-1,-1,0.0,0.0
2026-07-21T02:00,0.0,0.0,0.0,0.0,9.2,3.49,7.2,115,8,42380.0,1,0.315,350.0,665.0,0,0.0,0,0,0.0,-1,-1,-1,-1,0.0,0.0
2026-07-21T03:00,0.1,1.0,0.0,0.0,10.5,3.89,8.4,118,16,19360.0,1,0.314,620.0,940.0,0,0.0,51,0,0.0,-1,-1,-1,-1,0.0,0.0
2026-07-21T04:00,0.1,1.0,0.0,0.0,12.0,3.62,8.4,123,26,16500.0,1,0.313,990.0,1395.0,0,0.0,51,0,0.0,-1,-1,-1,-1,0.0,0.0
2026-07-21T05:00,0.1,1.0,0.0,0.0,13.3,3.64,8.2,127,34,13920.0,1,0.312,1120.0,1750.0,0,0.0,51,0,0.0,-1,-1,-1,-1,0.0,0.0
2026-07-21T06:00,0.1,1.0,0.0,0.0,13.1,1.92,8.7,118,20,20320.0,1,0.312,1060.0,1780.0,0,0.0,51,0,0.0,-1,-1,-1,-1,0.0,0.0
2026-07-21T07:00,0.1,1.0,0.0,0.0,13.4,3.46,8.1,87,66,8720.0,1,0.309,950.0,1570.0,0,0.0,51,0,0.0,-1,-1,-1,-1,0.0,0.0
2026-07-21T08:00,0.2,0.5,0.0,0.0,14.0,2.33,8.1,81,41,16240.0,1,0.308,590.0,1705.0,0,0.0,51,0,0.1,-1,-1,-1,-1,0.0,0.0
2026-07-21T09:00,0.1,0.0,0.0,0.0,12.8,2.62,6.4,66,70,16640.0,1,0.306,70.0,885.0,0,0.0,51,0,0.1,-1,-1,-1,-1,0.0,0.0
2026-07-21T10:00,1.3,0.812,0.21,0.0,10.5,4.41,10.5,18,92,7000.0,1,0.322,470.0,330.0,0,0.0176,85,1,0.0,96,0,3,19,0.718,0.679
2026-07-21T11:00,0.2,0.0,0.0,0.0,11.7,1.43,8.3,115,49,13240.0,1,0.324,710.0,910.0,0,0.0,51,0,0.2,96,1,2,19,0.718,0.192
2026-07-21T12:00,0.8,0.75,0.0,0.0,11.4,2.16,5.5,40,57,73480.0,1,0.311,320.0,575.0,0,0.0,53,1,0.2,96,2,1,19,0.718,0.642
2026-07-21T13:00,0.0,0.0,0.0,0.0,8.5,1.26,3.4,146,84,34400.0,0,0.311,480.0,75.0,0,0.0,3,0,0.0,-1,-1,-1,-1,0.0,0.0
2026-07-21T14:00,0.1,0.0,0.0,0.0,7.4,1.93,4.3,149,33,31020.0,0,0.312,400.0,185.0,0,0.0,51,0,0.1,-1,-1,-1,-1,0.0,0.0
2026-07-21T15:00,0.0,0.0,0.0,0.0,6.3,1.8,3.2,109,11,65760.0,0,0.312,170.0,90.0,0,0.0,0,0,0.0,-1,-1,-1,-1,0.0,0.0
2026-07-21T16:00,0.0,0.0,0.0,0.0,5.7,1.99,3.5,115,5,65740.0,0,0.313,30.0,95.0,0,0.0,0,0,0.0,-1,-1,-1,-1,0.0,0.0
2026-07-21T17:00,0.0,0.0,0.0,0.0,5.0,1.96,3.5,122,12,65740.0,0,0.313,0.0,105.0,0,0.0,0,0,0.0,-1,-1,-1,-1,0.0,0.0
2026-07-21T18:00,0.0,0.0,0.0,0.0,5.0,2.11,3.4,104,22,61780.0,0,0.298,0.0,105.0,0,0.0,1,0,0.0,-1,-1,-1,-1,0.0,0.0
2026-07-21T19:00,0.0,0.0,0.0,0.0,4.4,2.14,3.7,101,10,61780.0,0,0.299,0.0,95.0,0,0.0,0,0,0.0,-1,-1,-1,-1,0.0,0.0
2026-07-21T20:00,0.0,0.0,0.0,0.0,4.0,2.26,3.8,103,29,59500.0,0,0.3,0.0,100.0,0,0.0,1,0,0.0,-1,-1,-1,-1,0.0,0.0
2026-07-21T21:00,0.0,0.0,0.0,0.0,3.7,2.55,4.2,116,81,54940.0,0,0.3,0.0,135.0,0,0.0,3,0,0.0,-1,-1,-1,-1,0.0,0.0
2026-07-21T22:00,0.0,0.0,0.0,0.0,3.3,2.48,4.3,130,93,56040.0,0,0.301,0.0,155.0,0,0.0,3,0,0.0,-1,-1,-1,-1,0.0,0.0
2026-07-21T23:00,0.0,0.0,0.0,0.0,2.9,2.65,4.4,133,84,4360.0,0,0.301,0.0,160.0,0,0.0,3,0,0.0,-1,-1,-1,-1,0.0,0.0
2026-07-22T00:00,0.0,0.0,0.0,0.0,4.8,3.87,5.5,123,55,44280.0,1,0.31,0.0,325.0,0,0.0,2,0,0.0,-1,-1,-1,-1,0.0,0.0
2026-07-22T01:00,0.0,0.0,0.0,0.0,6.3,3.79,7.4,144,68,6300.0,1,0.309,0.0,525.0,0,0.0,2,0,0.0,-1,-1,-1,-1,0.0,0.0
2026-07-22T02:00,0.0,0.0,0.0,0.0,8.3,3.27,7.4,169,100,21180.0,1,0.309,20.0,800.0,0,0.0,3,0,0.0,-1,-1,-1,-1,0.0,0.0
2026-07-22T03:00,0.0,0.0,0.0,0.0,9.5,2.16,7.1,167,56,29720.0,1,0.308,30.0,915.0,0,0.0,2,0,0.0,-1,-1,-1,-1,0.0,0.0
2026-07-22T04:00,0.1,1.0,0.0,0.0,11.5,1.3,6.1,180,67,18740.0,1,0.307,770.0,1320.0,0,0.0,51,0,0.0,-1,-1,-1,-1,0.0,0.0
2026-07-22T05:00,0.2,1.0,0.0,0.0,12.2,0.74,5.4,208,70,15040.0,1,0.307,810.0,1465.0,0,0.0,51,0,0.0,-1,-1,-1,-1,0.0,0.0
2026-07-22T06:00,0.1,1.0,0.0,0.0,11.9,0.53,4.6,229,96,13660.0,1,0.281,780.0,1595.0,0,0.0,51,0,0.0,-1,-1,-1,-1,0.0,0.0
2026-07-22T07:00,0.2,1.0,0.0,0.0,12.2,1.81,4.5,222,100,12020.0,1,0.281,190.0,1265.0,0,0.0,51,0,0.0,-1,-1,-1,-1,0.0,0.0
2026-07-22T08:00,2.1,0.889,0.42,0.0,8.0,3.4,11.0,229,96,4300.0,1,0.308,220.0,370.0,0,0.0303,85,1,0.0,97,0,2,22,0.962,0.79
2026-07-22T09:00,0.4,0.0,0.0,0.0,9.4,0.79,7.3,342,68,10360.0,1,0.313,610.0,450.0,0,0.0,51,1,0.4,97,1,1,22,0.962,0.256
2026-07-22T10:00,0.1,0.0,0.0,0.0,10.1,2.05,4.5,77,80,22980.0,1,0.314,440.0,455.0,0,0.0,51,0,0.1,-1,-1,-1,-1,0.0,0.0
2026-07-22T11:00,0.0,0.0,0.0,0.0,10.9,3.38,6.8,119,62,49280.0,1,0.314,510.0,625.0,0,0.0,2,0,0.0,-1,-1,-1,-1,0.0,0.0
2026-07-22T12:00,0.0,0.0,0.0,0.0,10.8,3.15,6.7,115,48,35480.0,1,0.341,470.0,625.0,0,0.0,1,0,0.0,-1,-1,-1,-1,0.0,0.0
2026-07-22T13:00,0.0,0.0,0.0,0.0,8.4,2.93,5.9,123,69,68900.0,0,0.34,560.0,270.0,0,0.0,2,0,0.0,-1,-1,-1,-1,0.0,0.0
2026-07-22T14:00,0.0,0.0,0.0,0.0,7.6,2.5,5.0,116,94,64360.0,0,0.34,400.0,190.0,0,0.0,3,0,0.0,-1,-1,-1,-1,0.0,0.0
2026-07-22T15:00,0.0,0.0,0.0,0.0,6.5,3.86,5.9,121,65,13700.0,0,0.339,90.0,310.0,0,0.0,2,0,0.0,-1,-1,-1,-1,0.0,0.0
2026-07-22T16:00,0.1,0.0,0.0,0.0,6.4,3.29,7.4,114,15,20100.0,0,0.34,40.0,245.0,0,0.0,51,0,0.1,-1,-1,-1,-1,0.0,0.0
2026-07-22T17:00,0.0,0.0,0.0,0.0,5.0,2.41,5.3,95,20,24220.0,0,0.339,20.0,150.0,0,0.0,1,0,0.0,-1,-1,-1,-1,0.0,0.0
2026-07-22T18:00,0.0,0.0,0.0,0.0,4.9,2.31,4.3,96,20,49480.0,0,0.323,10.0,135.0,0,0.0,1,0,0.0,-1,-1,-1,-1,0.0,0.0
2026-07-22T19:00,0.0,0.0,0.0,0.0,4.5,1.95,3.8,91,12,59540.0,0,0.323,20.0,100.0,0,0.0,0,0,0.0,-1,-1,-1,-1,0.0,0.0
2026-07-22T20:00,0.0,0.0,0.0,0.0,4.0,2.02,3.4,99,10,52560.0,0,0.323,0.0,85.0,0,0.0,0,0,0.0,-1,-1,-1,-1,0.0,0.0
2026-07-22T21:00,0.0,0.0,0.0,0.0,3.4,2.01,3.4,104,14,54660.0,0,0.323,0.0,90.0,0,0.0,0,0,0.0,-1,-1,-1,-1,0.0,0.0
2026-07-22T22:00,0.0,0.0,0.0,0.0,2.6,2.28,3.8,109,97,320.0,0,0.323,0.0,75.0,0,0.0,3,0,0.0,-1,-1,-1,-1,0.0,0.0
2026-07-22T23:00,0.0,0.0,0.0,0.0,2.0,2.57,4.1,114,97,260.0,0,0.323,0.0,80.0,0,0.0,3,0,0.0,-1,-1,-1,-1,0.0,0.0
2026-07-23T00:00,0.0,0.0,0.0,0.0,4.7,2.76,4.9,125,52,45580.0,1,0.333,0.0,145.0,0,0.0,2,0,0.0,-1,-1,-1,-1,0.0,0.0
2026-07-23T01:00,0.0,0.0,0.0,0.0,6.4,2.06,4.8,151,46,12060.0,1,0.333,0.0,440.0,0,0.0,1,0,0.0,-1,-1,-1,-1,0.0,0.0
2026-07-23T02:00,0.0,0.0,0.0,0.0,8.0,1.86,5.3,211,98,16600.0,1,0.332,20.0,620.0,0,0.0,3,0,0.0,-1,-1,-1,-1,0.0,0.0
2026-07-23T03:00,0.1,0.0,0.0,0.0,9.5,1.41,5.1,225,15,21240.0,1,0.331,10.0,750.0,0,0.0,51,0,0.1,-1,-1,-1,-1,0.0,0.0
2026-07-23T04:00,0.1,1.0,0.0,0.0,11.6,1.36,5.4,234,27,21720.0,1,0.328,720.0,1195.0,0,0.0,51,0,0.0,-1,-1,-1,-1,0.0,0.0
2026-07-23T05:00,0.1,1.0,0.0,0.0,12.7,0.94,5.5,238,26,15540.0,1,0.325,890.0,1355.0,0,0.0,51,0,0.0,-1,-1,-1,-1,0.0,0.0
2026-07-23T06:00,0.1,1.0,0.0,0.0,12.3,0.41,5.1,284,34,15800.0,1,0.32,650.0,1240.0,0,0.0,51,0,0.0,-1,-1,-1,-1,0.0,0.0
2026-07-23T07:00,0.1,1.0,0.0,0.0,13.4,1.1,4.6,114,66,15780.0,1,0.318,510.0,1115.0,0,0.0,51,0,0.0,-1,-1,-1,-1,0.0,0.0
2026-07-23T08:00,1.5,0.938,0.07,0.0,11.4,3.0,6.5,267,77,6480.0,1,0.332,410.0,735.0,0,0.0256,95,1,0.0,98,0,2,18,0.43,0.678
2026-07-23T09:00,0.8,0.5,0.0,0.0,10.5,1.72,8.1,234,76,9500.0,1,0.339,530.0,370.0,0,0.0,53,1,0.4,98,1,1,18,0.43,0.415
2026-07-23T10:00,0.2,0.5,0.0,0.0,11.8,1.39,5.2,201,71,11800.0,1,0.339,590.0,700.0,0,0.0,51,0,0.1,-1,-1,-1,-1,0.0,0.0
2026-07-23T11:00,0.1,0.0,0.0,0.0,12.0,2.1,4.6,102,51,26020.0,1,0.338,540.0,625.0,0,0.0,51,0,0.1,-1,-1,-1,-1,0.0,0.0
2026-07-23T12:00,0.0,0.0,0.0,0.0,11.8,2.84,5.2,66,91,71280.0,1,0.344,950.0,320.0,0,0.0,3,0,0.0,-1,-1,-1,-1,0.0,0.0
2026-07-23T13:00,0.0,0.0,0.0,0.0,9.5,1.69,4.8,124,98,68800.0,0,0.343,880.0,180.0,0,0.0,3,0,0.0,-1,-1,-1,-1,0.0,0.0
2026-07-23T14:00,0.1,1.0,0.0,0.0,8.2,2.13,3.7,129,93,17140.0,0,0.343,20.0,350.0,0,0.0,51,0,0.0,-1,-1,-1,-1,0.0,0.0
2026-07-23T15:00,0.0,0.0,0.0,0.0,7.5,1.1,3.9,93,82,61300.0,0,0.343,30.0,110.0,0,0.0,3,0,0.0,-1,-1,-1,-1,0.0,0.0
2026-07-23T16:00,0.0,0.0,0.0,0.0,6.3,2.24,3.9,114,39,55040.0,0,0.342,60.0,150.0,0,0.0,1,0,0.0,-1,-1,-1,-1,0.0,0.0
2026-07-23T17:00,0.0,0.0,0.0,0.0,5.9,2.06,3.8,96,38,41120.0,0,0.341,110.0,120.0,0,0.0,1,0,0.0,-1,-1,-1,-1,0.0,0.0
2026-07-23T18:00,0.0,0.0,0.0,0.0,6.6,2.37,4.5,97,7,28280.0,0,0.337,50.0,160.0,0,0.0,0,0,0.0,-1,-1,-1,-1,0.0,0.0
2026-07-23T19:00,0.0,0.0,0.0,0.0,5.4,2.33,4.0,118,7,46140.0,0,0.336,0.0,155.0,0,0.0,0,0,0.0,-1,-1,-1,-1,0.0,0.0
2026-07-23T20:00,0.0,0.0,0.0,0.0,5.1,2.46,4.2,119,31,59860.0,0,0.335,0.0,180.0,0,0.0,1,0,0.0,-1,-1,-1,-1,0.0,0.0
2026-07-23T21:00,0.0,0.0,0.0,0.0,4.7,2.58,4.3,112,19,61520.0,0,0.335,0.0,150.0,0,0.0,0,0,0.0,-1,-1,-1,-1,0.0,0.0
2026-07-23T22:00,0.0,0.0,0.0,0.0,3.9,2.21,4.4,115,39,55760.0,0,0.334,0.0,125.0,0,0.0,1,0,0.0,-1,-1,-1,-1,0.0,0.0
2026-07-23T23:00,0.0,0.0,0.0,0.0,3.6,1.9,3.7,108,98,54340.0,0,0.334,0.0,100.0,0,0.0,3,0,0.0,-1,-1,-1,-1,0.0,0.0
2026-07-24T00:00,0.0,0.0,0.0,0.0,5.8,2.56,4.6,111,46,44520.0,1,0.343,0.0,180.0,0,0.0,1,0,0.0,-1,-1,-1,-1,0.0,0.0
2026-07-24T01:00,0.0,0.0,0.0,0.0,7.7,2.09,4.8,136,89,65480.0,1,0.342,20.0,495.0,0,0.0,3,0,0.0,-1,-1,-1,-1,0.0,0.0
2026-07-24T02:00,0.1,1.0,0.0,0.0,8.8,2.82,6.0,174,35,10420.0,1,0.342,170.0,660.0,0,0.0,51,0,0.0,-1,-1,-1,-1,0.0,0.0
2026-07-24T03:00,0.2,1.0,0.0,0.0,9.7,2.81,6.9,175,55,9240.0,1,0.343,310.0,645.0,0,0.0,51,0,0.0,-1,-1,-1,-1,0.0,0.0
2026-07-24T04:00,0.3,0.667,0.0,0.0,11.4,2.49,6.7,165,32,10420.0,1,0.343,690.0,905.0,0,0.0,51,1,0.1,99,0,1,76,0.0,0.4
2026-07-24T05:00,0.1,1.0,0.0,0.0,13.1,1.73,6.5,158,20,18040.0,1,0.34,1090.0,1200.0,0,0.0,51,0,0.0,-1,-1,-1,-1,0.0,0.0
2026-07-24T06:00,0.1,1.0,0.0,0.0,12.2,2.48,5.8,140,26,12560.0,1,0.337,1190.0,850.0,0,0.0,51,0,0.0,-1,-1,-1,-1,0.0,0.0
2026-07-24T07:00,0.2,0.5,0.0,0.0,14.8,1.96,7.0,122,28,13460.0,1,0.334,1210.0,1545.0,0,0.0,51,0,0.1,-1,-1,-1,-1,0.0,0.0
2026-07-24T08:00,0.1,0.0,0.0,0.0,15.7,2.21,6.1,128,43,19120.0,1,0.331,1380.0,1705.0,0,0.0,51,0,0.1,-1,-1,-1,-1,0.0,0.0
2026-07-24T09:00,0.0,0.0,0.0,0.0,15.7,2.85,6.8,128,31,18780.0,1,0.328,1160.0,1730.0,0,0.0,1,0,0.0,-1,-1,-1,-1,0.0,0.0
2026-07-24T10:00,0.0,0.0,0.0,0.0,15.6,2.69,6.7,105,39,19040.0,1,0.325,710.0,1655.0,0,0.0,1,0,0.0,-1,-1,-1,-1,0.0,0.0
2026-07-24T11:00,0.1,0.0,0.0,0.0,14.9,3.96,7.0,94,85,17060.0,1,0.323,560.0,1220.0,0,0.0,51,0,0.1,-1,-1,-1,-1,0.0,0.0
2026-07-24T12:00,0.1,1.0,0.0,0.0,13.6,4.21,11.2,118,54,14800.0,1,0.282,280.0,485.0,0,0.0,51,0,0.0,-1,-1,-1,-1,0.0,0.0
2026-07-24T13:00,0.0,0.0,0.0,0.0,11.3,4.09,7.3,118,37,41380.0,0,0.282,880.0,360.0,0,0.0,1,0,0.0,-1,-1,-1,-1,0.0,0.0
2026-07-24T14:00,0.0,0.0,0.0,0.0,9.6,2.3,6.8,139,42,71180.0,0,0.282,480.0,180.0,0,0.0,1,0,0.0,-1,-1,-1,-1,0.0,0.0
2026-07-24T15:00,0.0,0.0,0.0,0.0,8.6,2.55,4.3,145,32,71180.0,0,0.282,130.0,180.0,0,0.0,1,0,0.0,-1,-1,-1,-1,0.0,0.0
2026-07-24T16:00,0.0,0.0,0.0,0.0,8.0,2.92,4.9,142,30,71180.0,0,0.282,60.0,225.0,0,0.0,1,0,0.0,-1,-1,-1,-1,0.0,0.0
2026-07-24T17:00,0.0,0.0,0.0,0.0,7.2,2.45,4.9,141,27,68680.0,0,0.282,20.0,170.0,0,0.0,1,0,0.0,-1,-1,-1,-1,0.0,0.0
2026-07-24T18:00,0.0,0.0,0.0,0.0,6.9,2.56,4.2,129,37,68680.0,0,0.266,30.0,150.0,0,0.0,1,0,0.0,-1,-1,-1,-1,0.0,0.0
2026-07-24T19:00,0.0,0.0,0.0,0.0,6.3,2.55,4.3,116,4,68680.0,0,0.267,30.0,130.0,0,0.0,0,0,0.0,-1,-1,-1,-1,0.0,0.0
2026-07-24T20:00,0.0,0.0,0.0,0.0,5.8,2.6,4.4,113,12,65400.0,0,0.267,10.0,130.0,0,0.0,0,0,0.0,-1,-1,-1,-1,0.0,0.0
2026-07-24T21:00,0.0,0.0,0.0,0.0,5.1,2.66,4.4,106,28,65380.0,0,0.267,0.0,110.0,1,0.0,1,0,0.0,-1,-1,-1,-1,0.0,0.0
2026-07-24T22:00,0.0,0.0,0.0,0.0,4.6,2.79,4.7,111,35,65380.0,0,0.268,0.0,110.0,1,0.0,1,0,0.0,-1,-1,-1,-1,0.0,0.0
2026-07-24T23:00,0.0,0.0,0.0,0.0,3.9,2.63,4.6,111,49,61400.0,0,0.268,0.0,100.0,1,0.0,1,0,0.0,-1,-1,-1,-1,0.0,0.0
2026-07-25T00:00,0.0,0.0,0.0,0.0,5.6,4.07,5.3,127,95,65380.0,1,0.278,0.0,170.0,1,0.0,3,0,0.0,-1,-1,-1,-1,0.0,0.0
2026-07-25T01:00,0.0,0.0,0.0,0.0,6.8,3.86,7.0,131,95,65360.0,1,0.278,0.0,230.0,1,0.0,3,0,0.0,-1,-1,-1,-1,0.0,0.0
2026-07-25T02:00,0.0,0.0,0.0,0.0,8.8,4.59,8.9,142,98,68660.0,1,0.277,120.0,315.0,0,0.0,3,0,0.0,-1,-1,-1,-1,0.0,0.0
2026-07-25T03:00,0.0,0.0,0.0,0.0,11.5,4.32,9.2,150,96,9700.0,1,0.275,610.0,775.0,0,0.0,3,0,0.0,-1,-1,-1,-1,0.0,0.0
2026-07-25T04:00,0.1,1.0,0.0,0.0,13.3,3.99,9.0,165,45,2620.0,1,0.274,390.0,1055.0,0,0.0,51,0,0.0,-1,-1,-1,-1,0.0,0.0
2026-07-25T05:00,0.0,0.0,0.0,0.0,15.0,3.42,8.7,159,30,4200.0,1,0.271,390.0,1380.0,0,0.0,1,0,0.0,-1,-1,-1,-1,0.0,0.0
2026-07-25T06:00,0.0,0.0,0.0,0.0,15.9,2.62,7.9,154,36,6360.0,1,0.268,370.0,1675.0,0,0.0,1,0,0.0,-1,-1,-1,-1,0.0,0.0
2026-07-25T07:00,0.0,0.0,0.0,0.0,16.7,2.86,7.0,136,36,10860.0,1,0.264,340.0,1880.0,0,0.0,1,0,0.0,-1,-1,-1,-1,0.0,0.0
2026-07-25T08:00,0.0,0.0,0.0,0.0,17.2,2.94,7.1,137,24,78520.0,1,0.26,420.0,1985.0,0,0.0,1,0,0.0,-1,-1,-1,-1,0.0,0.0
2026-07-25T09:00,0.0,0.0,0.0,0.0,17.4,3.25,7.2,143,11,78520.0,1,0.257,370.0,1915.0,0,0.0,0,0,0.0,-1,-1,-1,-1,0.0,0.0
2026-07-25T10:00,0.0,0.0,0.0,0.0,17.1,2.79,7.2,144,20,50320.0,1,0.255,90.0,1960.0,0,0.0,1,0,0.0,-1,-1,-1,-1,0.0,0.0
2026-07-25T11:00,0.0,0.0,0.0,0.0,16.8,2.23,6.2,136,38,78520.0,1,0.253,100.0,1800.0,0,0.0,1,0,0.0,-1,-1,-1,-1,0.0,0.0
2026-07-25T12:00,0.0,0.0,0.0,0.0,15.2,2.15,4.6,72,91,75900.0,1,0.266,90.0,155.0,0,0.0,3,0,0.0,-1,-1,-1,-1,0.0,0.0
2026-07-25T13:00,0.0,0.0,0.0,0.0,12.4,1.93,3.6,69,97,75900.0,0,0.266,50.0,75.0,0,0.0,3,0,0.0,-1,-1,-1,-1,0.0,0.0
2026-07-25T14:00,0.0,0.0,0.0,0.0,11.3,1.81,3.5,84,98,73140.0,0,0.266,10.0,60.0,0,0.0,3,0,0.0,-1,-1,-1,-1,0.0,0.0
2026-07-25T15:00,0.0,0.0,0.0,0.0,10.8,1.8,3.1,88,92,75880.0,0,0.266,30.0,70.0,0,0.0,3,0,0.0,-1,-1,-1,-1,0.0,0.0
2026-07-25T16:00,0.0,0.0,0.0,0.0,9.9,1.7,2.9,87,93,73140.0,0,0.267,30.0,55.0,0,0.0,3,0,0.0,-1,-1,-1,-1,0.0,0.0
2026-07-25T17:00,0.0,0.0,0.0,0.0,9.3,2.12,3.5,117,75,73140.0,0,0.267,20.0,90.0,0,0.0,2,0,0.0,-1,-1,-1,-1,0.0,0.0
2026-07-25T18:00,0.0,0.0,0.0,0.0,9.0,2.75,4.1,109,98,71080.0,0,0.265,0.0,95.0,0,0.0,3,0,0.0,-1,-1,-1,-1,0.0,0.0
2026-07-25T19:00,0.0,0.0,0.0,0.0,7.2,2.65,4.6,101,48,71080.0,0,0.265,0.0,65.0,0,0.0,1,0,0.0,-1,-1,-1,-1,0.0,0.0
2026-07-25T20:00,0.0,0.0,0.0,0.0,6.2,2.44,4.4,105,95,71060.0,0,0.265,0.0,55.0,0,0.0,3,0,0.0,-1,-1,-1,-1,0.0,0.0
2026-07-25T21:00,0.0,0.0,0.0,0.0,5.6,2.05,4.0,103,96,68560.0,0,0.266,0.0,50.0,0,0.0,3,0,0.0,-1,-1,-1,-1,0.0,0.0
2026-07-25T22:00,0.0,0.0,0.0,0.0,5.4,1.7,3.4,90,98,68560.0,0,0.266,0.0,40.0,1,0.0,3,0,0.0,-1,-1,-1,-1,0.0,0.0
2026-07-25T23:00,0.0,0.0,0.0,0.0,5.0,1.72,3.1,82,98,68560.0,0,0.266,0.0,35.0,1,0.0,3,0,0.0,-1,-1,-1,-1,0.0,0.0
2026-07-26T00:00,0.0,0.0,0.0,0.0,6.3,2.07,3.7,105,73,65260.0,1,0.27,20.0,45.0,0,0.0,2,0,0.0,-1,-1,-1,-1,0.0,0.0
2026-07-26T01:00,0.0,0.0,0.0,0.0,9.3,1.61,4.0,116,24,68560.0,1,0.27,10.0,165.0,0,0.0,1,0,0.0,-1,-1,-1,-1,0.0,0.0
2026-07-26T02:00,0.0,0.0,0.0,0.0,11.7,1.81,5.0,138,19,71040.0,1,0.269,340.0,510.0,0,0.0,0,0,0.0,-1,-1,-1,-1,0.0,0.0
2026-07-26T03:00,0.0,0.0,0.0,0.0,13.4,1.39,5.3,154,32,73100.0,1,0.267,650.0,895.0,0,0.0,1,0,0.0,-1,-1,-1,-1,0.0,0.0
2026-07-26T04:00,0.0,0.0,0.0,0.0,14.9,0.18,5.2,214,22,35460.0,1,0.264,990.0,1335.0,0,0.0,1,0,0.0,-1,-1,-1,-1,0.0,0.0
2026-07-26T05:00,0.0,0.0,0.0,0.0,16.1,0.83,4.4,295,19,16460.0,1,0.261,1340.0,1810.0,0,0.0,0,0,0.0,-1,-1,-1,-1,0.0,0.0
2026-07-26T06:00,0.0,0.0,0.0,0.0,16.0,1.72,5.2,324,38,23440.0,1,0.258,820.0,1665.0,0,0.0,1,0,0.0,-1,-1,-1,-1,0.0,0.0
2026-07-26T07:00,0.0,0.0,0.0,0.0,16.9,1.99,5.7,348,43,20320.0,1,0.255,1170.0,1895.0,0,0.0,1,0,0.0,-1,-1,-1,-1,0.0,0.0
2026-07-26T08:00,0.0,0.0,0.0,0.0,17.2,1.54,5.9,347,71,18880.0,1,0.252,1140.0,2045.0,0,0.0,2,0,0.0,-1,-1,-1,-1,0.0,0.0
2026-07-26T09:00,0.0,0.0,0.0,0.0,16.6,1.42,5.1,48,96,24600.0,1,0.25,210.0,1835.0,0,0.0,3,0,0.0,-1,-1,-1,-1,0.0,0.0
2026-07-26T10:00,0.2,0.5,0.0,0.0,15.1,2.91,5.2,61,98,13680.0,1,0.251,440.0,1245.0,0,0.0,51,0,0.1,-1,-1,-1,-1,0.0,0.0
2026-07-26T11:00,0.1,0.0,0.0,0.0,13.7,4.33,8.2,79,98,16740.0,1,0.251,840.0,610.0,0,0.0,51,0,0.1,-1,-1,-1,-1,0.0,0.0
2026-07-26T12:00,0.0,0.0,0.0,0.0,14.3,2.15,7.7,93,98,39680.0,1,0.257,770.0,650.0,0,0.0,3,0,0.0,-1,-1,-1,-1,0.0,0.0
2026-07-26T13:00,0.0,0.0,0.0,0.0,11.6,1.88,4.1,119,90,70020.0,0,0.257,660.0,150.0,0,0.0,3,0,0.0,-1,-1,-1,-1,0.0,0.0
2026-07-26T14:00,0.0,0.0,0.0,0.0,10.5,0.45,3.1,96,96,71000.0,0,0.257,20.0,20.0,0,0.0,3,0,0.0,-1,-1,-1,-1,0.0,0.0
2026-07-26T15:00,0.1,1.0,0.0,0.0,9.6,1.39,2.6,60,98,13300.0,0,0.258,60.0,45.0,0,0.0,51,0,0.0,-1,-1,-1,-1,0.0,0.0
2026-07-26T16:00,0.2,0.5,0.0,0.0,8.3,2.0,3.6,68,99,16680.0,0,0.26,60.0,45.0,0,0.0,51,0,0.1,-1,-1,-1,-1,0.0,0.0
2026-07-26T17:00,0.0,0.0,0.0,0.0,8.6,1.92,3.7,81,99,68480.0,0,0.26,30.0,55.0,0,0.0,3,0,0.0,-1,-1,-1,-1,0.0,0.0
2026-07-26T18:00,0.0,0.0,0.0,0.0,8.6,1.78,3.3,100,99,68480.0,0,0.256,0.0,85.0,0,0.0,3,0,0.0,-1,-1,-1,-1,0.0,0.0
2026-07-26T19:00,0.0,0.0,0.0,0.0,7.8,1.3,3.0,94,100,68480.0,0,0.256,20.0,50.0,0,0.0,3,0,0.0,-1,-1,-1,-1,0.0,0.0
2026-07-26T20:00,0.0,0.0,0.0,0.0,8.0,1.31,2.1,137,99,65160.0,0,0.256,20.0,80.0,0,0.0,3,0,0.0,-1,-1,-1,-1,0.0,0.0
2026-07-26T21:00,0.0,0.0,0.0,0.0,7.3,1.38,2.4,136,78,61160.0,0,0.257,30.0,50.0,0,0.0,2,0,0.0,-1,-1,-1,-1,0.0,0.0
2026-07-26T22:00,0.0,0.0,0.0,0.0,6.1,0.98,2.3,105,95,65160.0,0,0.257,0.0,30.0,0,0.0,3,0,0.0,-1,-1,-1,-1,0.0,0.0
2026-07-26T23:00,0.0,0.0,0.0,0.0,5.8,1.22,2.1,99,100,65160.0,0,0.257,0.0,35.0,0,0.0,3,0,0.0,-1,-1,-1,-1,0.0,0.0
2026-07-27T00:00,0.0,0.0,0.0,0.0,6.9,1.74,3.2,102,99,5220.0,1,0.256,10.0,65.0,0,0.0,3,0,0.0,-1,-1,-1,-1,0.0,0.0
2026-07-27T01:00,0.0,0.0,0.0,0.0,8.8,1.63,4.1,117,99,17580.0,1,0.256,100.0,205.0,0,0.0,3,0,0.0,-1,-1,-1,-1,0.0,0.0
2026-07-27T02:00,0.0,0.0,0.0,0.0,10.6,1.67,4.8,141,99,68460.0,1,0.256,300.0,655.0,0,0.0,3,0,0.0,-1,-1,-1,-1,0.0,0.0
2026-07-27T03:00,0.0,0.0,0.0,0.0,12.4,1.5,5.1,150,90,36480.0,1,0.254,570.0,870.0,0,0.0,3,0,0.0,-1,-1,-1,-1,0.0,0.0
2026-07-27T04:00,0.0,0.0,0.0,0.0,14.1,1.21,5.1,156,24,30500.0,1,0.252,1130.0,1285.0,0,0.0,1,0,0.0,-1,-1,-1,-1,0.0,0.0
2026-07-27T05:00,0.0,0.0,0.0,0.0,15.4,0.69,5.0,150,55,25080.0,1,0.249,1470.0,1715.0,0,0.0,2,0,0.0,-1,-1,-1,-1,0.0,0.0
2026-07-27T06:00,0.0,0.0,0.0,0.0,15.1,0.54,4.6,68,48,27280.0,1,0.245,1390.0,1605.0,0,0.0,1,0,0.0,-1,-1,-1,-1,0.0,0.0
2026-07-27T07:00,0.0,0.0,0.0,0.0,16.2,0.72,4.5,56,83,22520.0,1,0.242,1420.0,1680.0,0,0.0,3,0,0.0,-1,-1,-1,-1,0.0,0.0
2026-07-27T08:00,0.0,0.0,0.0,0.0,15.6,2.38,5.9,120,99,73000.0,1,0.24,1430.0,1590.0,0,0.0,3,0,0.0,-1,-1,-1,-1,0.0,0.0
2026-07-27T09:00,0.3,0.667,0.0,0.0,14.8,4.0,8.0,118,99,7680.0,1,0.241,600.0,1190.0,0,0.0,51,1,0.1,100,0,1,22,0.0,0.4
2026-07-27T10:00,0.2,0.0,0.0,0.0,14.2,2.81,8.1,94,98,49480.0,1,0.241,420.0,1100.0,0,0.0,51,0,0.2,-1,-1,-1,-1,0.0,0.0
2026-07-27T11:00,0.1,0.0,0.0,0.0,14.1,2.6,5.7,120,97,20040.0,1,0.241,30.0,1115.0,0,0.0,51,0,0.1,-1,-1,-1,-1,0.0,0.0
2026-07-27T12:00,0.0,0.0,0.0,0.0,13.2,1.21,6.5,128,100,15440.0,1,0.258,720.0,260.0,0,0.0,3,0,0.0,-1,-1,-1,-1,0.0,0.0
2026-07-27T13:00,0.0,0.0,0.0,0.0,11.9,0.92,2.3,139,100,70920.0,0,0.259,1030.0,60.0,0,0.0,3,0,0.0,-1,-1,-1,-1,0.0,0.0
2026-07-27T14:00,0.0,0.0,0.0,0.0,10.4,1.31,2.2,137,100,68400.0,0,0.259,1130.0,85.0,0,0.0,3,0,0.0,-1,-1,-1,-1,0.0,0.0
2026-07-27T15:00,0.0,0.0,0.0,0.0,9.7,1.35,2.4,121,99,65080.0,0,0.259,970.0,75.0,0,0.0,3,0,0.0,-1,-1,-1,-1,0.0,0.0
2026-07-27T16:00,0.0,0.0,0.0,0.0,9.0,1.46,2.5,96,100,65080.0,0,0.259,690.0,55.0,0,0.0,3,0,0.0,-1,-1,-1,-1,0.0,0.0
2026-07-27T17:00,0.0,0.0,0.0,0.0,8.7,2.03,3.5,100,100,65060.0,0,0.259,20.0,95.0,0,0.0,3,0,0.0,-1,-1,-1,-1,0.0,0.0
2026-07-27T18:00,0.0,0.0,0.0,0.0,8.9,2.06,3.5,113,100,68380.0,0,0.247,20.0,105.0,0,0.0,3,0,0.0,-1,-1,-1,-1,0.0,0.0
2026-07-27T19:00,0.0,0.0,0.0,0.0,8.6,2.07,3.5,105,100,65060.0,0,0.248,0.0,95.0,0,0.0,3,0,0.0,-1,-1,-1,-1,0.0,0.0
2026-07-27T20:00,0.0,0.0,0.0,0.0,7.5,2.17,3.6,105,98,61040.0,0,0.248,70.0,80.0,0,0.0,3,0,0.0,-1,-1,-1,-1,0.0,0.0
2026-07-27T21:00,0.0,0.0,0.0,0.0,6.9,2.25,3.9,107,100,61040.0,0,0.248,0.0,75.0,0,0.0,3,0,0.0,-1,-1,-1,-1,0.0,0.0
2026-07-27T22:00,0.0,0.0,0.0,0.0,6.6,2.12,3.8,109,98,61020.0,0,0.249,0.0,65.0,1,0.0,3,0,0.0,-1,-1,-1,-1,0.0,0.0
2026-07-27T23:00,0.0,0.0,0.0,0.0,6.4,2.21,3.7,103,98,61020.0,0,0.249,0.0,60.0,1,0.0,3,0,0.0,-1,-1,-1,-1,0.0,0.0
2026-07-28T00:00,0.0,0.0,0.0,0.0,7.4,2.87,4.7,113,88,61020.0,1,0.248,0.0,110.0,1,0.0,3,0,0.0,-1,-1,-1,-1,0.0,0.0
2026-07-28T01:00,0.0,0.0,0.0,0.0,9.9,2.05,4.5,146,84,68360.0,1,0.248,180.0,560.0,0,0.0,3,0,0.0,-1,-1,-1,-1,0.0,0.0
2026-07-28T02:00,0.0,0.0,0.0,0.0,12.0,2.56,6.0,201,59,70860.0,1,0.247,260.0,835.0,0,0.0,2,0,0.0,-1,-1,-1,-1,0.0,0.0
2026-07-28T03:00,0.0,0.0,0.0,0.0,13.6,2.02,6.0,210,24,29040.0,1,0.245,720.0,1230.0,0,0.0,1,0,0.0,-1,-1,-1,-1,0.0,0.0
2026-07-28T04:00,0.1,1.0,0.0,0.0,15.1,1.73,5.9,224,58,30560.0,1,0.243,1080.0,1615.0,0,0.0,51,0,0.0,-1,-1,-1,-1,0.0,0.0
2026-07-28T05:00,0.1,1.0,0.0,0.0,16.2,2.0,6.0,217,100,72920.0,1,0.241,1250.0,1875.0,0,0.0,51,0,0.0,-1,-1,-1,-1,0.0,0.0
2026-07-28T06:00,0.1,1.0,0.0,0.0,16.0,2.36,6.0,212,100,69520.0,1,0.231,300.0,1895.0,0,0.0,51,0,0.0,-1,-1,-1,-1,0.0,0.0
2026-07-28T07:00,0.1,0.0,0.0,0.0,16.9,3.0,7.2,206,82,56420.0,1,0.229,1120.0,1940.0,0,0.0,51,0,0.1,-1,-1,-1,-1,0.0,0.0
2026-07-28T08:00,1.8,1.0,0.0,0.0,12.4,4.34,9.1,278,98,4500.0,1,0.247,610.0,705.0,0,0.061,95,1,0.0,101,0,2,3,0.544,0.745
2026-07-28T09:00,0.8,0.375,0.0,0.0,12.9,3.29,9.0,132,97,11820.0,1,0.253,720.0,425.0,0,0.0,53,1,0.5,101,1,1,3,0.544,0.37
2026-07-28T10:00,0.2,0.5,0.0,0.0,13.0,1.91,7.1,147,98,11740.0,1,0.254,790.0,595.0,0,0.0,51,0,0.1,-1,-1,-1,-1,0.0,0.0
2026-07-28T11:00,0.1,0.0,0.0,0.0,12.9,2.49,5.3,142,98,29360.0,1,0.254,760.0,555.0,0,0.0,51,0,0.1,-1,-1,-1,-1,0.0,0.0
2026-07-28T12:00,0.0,0.0,0.0,0.0,12.3,2.22,6.4,216,98,11640.0,1,0.252,1110.0,240.0,0,0.0,3,0,0.0,-1,-1,-1,-1,0.0,0.0
2026-07-28T13:00,0.6,1.0,0.0,0.0,9.1,1.9,5.0,63,100,5920.0,0,0.26,720.0,155.0,0,0.0,53,1,0.0,102,0,3,13,0.606,0.762
2026-07-28T14:00,1.1,0.727,0.0,0.0,8.6,1.93,6.5,111,100,7640.0,0,0.274,40.0,85.0,0,0.0005,55,1,0.3,102,1,2,13,0.606,0.598
2026-07-28T15:00,0.3,0.0,0.0,0.0,8.5,1.15,2.9,146,99,8680.0,0,0.277,420.0,65.0,0,0.0,51,1,0.3,102,2,1,13,0.606,0.162
2026-07-28T16:00,0.1,0.0,0.0,0.0,7.9,1.83,3.0,101,99,15500.0,0,0.279,10.0,60.0,0,0.0,51,0,0.1,-1,-1,-1,-1,0.0,0.0
2026-07-28T17:00,0.0,0.0,0.0,0.0,7.4,1.46,3.0,96,98,53460.0,0,0.28,20.0,45.0,0,0.0,3,0,0.0,-1,-1,-1,-1,0.0,0.0
2026-07-28T18:00,0.0,0.0,0.0,0.0,7.9,1.63,2.7,117,99,14860.0,0,0.27,10.0,70.0,0,0.0,3,0,0.0,-1,-1,-1,-1,0.0,0.0
2026-07-28T19:00,0.1,0.0,0.0,0.0,8.0,1.36,2.8,126,88,21240.0,0,0.271,10.0,60.0,0,0.0,51,0,0.1,-1,-1,-1,-1,0.0,0.0
2026-07-28T20:00,0.0,0.0,0.0,0.0,7.3,1.32,2.4,119,39,64940.0,0,0.271,20.0,45.0,0,0.0,1,0,0.0,-1,-1,-1,-1,0.0,0.0
2026-07-28T21:00,0.0,0.0,0.0,0.0,6.6,1.55,2.7,111,48,60920.0,0,0.271,0.0,50.0,0,0.0,1,0,0.0,-1,-1,-1,-1,0.0,0.0
2026-07-28T22:00,0.0,0.0,0.0,0.0,6.0,1.67,2.7,99,5,55100.0,0,0.27,0.0,50.0,0,0.0,0,0,0.0,-1,-1,-1,-1,0.0,0.0
2026-07-28T23:00,0.0,0.0,0.0,0.0,5.7,2.06,3.5,108,8,55080.0,0,0.27,0.0,75.0,0,0.0,0,0,0.0,-1,-1,-1,-1,0.0,0.0
2026-07-29T00:00,0.0,0.0,0.0,0.0,7.1,3.4,4.4,123,98,60900.0,1,0.242,0.0,170.0,0,0.0,3,0,0.0,-1,-1,-1,-1,0.0,0.0
2026-07-29T01:00,0.0,0.0,0.0,0.0,8.7,3.26,6.2,137,98,64920.0,1,0.242,40.0,310.0,0,0.0,3,0,0.0,-1,-1,-1,-1,0.0,0.0
2026-07-29T02:00,0.0,0.0,0.0,0.0,10.9,3.44,7.3,147,77,68240.0,1,0.241,320.0,560.0,0,0.0,2,0,0.0,-1,-1,-1,-1,0.0,0.0
2026-07-29T03:00,0.0,0.0,0.0,0.0,12.9,3.55,7.9,158,92,3320.0,1,0.24,910.0,1065.0,0,0.0,3,0,0.0,-1,-1,-1,-1,0.0,0.0
2026-07-29T04:00,0.2,1.0,0.0,0.0,14.6,2.16,7.9,146,100,4980.0,1,0.239,1060.0,1500.0,0,0.0,95,0,0.0,-1,-1,-1,-1,0.0,0.0
2026-07-29T05:00,0.4,0.75,0.0,0.0,14.5,1.88,6.3,130,100,5920.0,1,0.241,210.0,1425.0,0,0.0,51,1,0.1,103,0,3,2,1.299,0.796
2026-07-29T06:00,4.5,0.933,0.0,0.0,11.6,1.8,9.0,226,94,5780.0,1,0.288,90.0,830.0,0,0.0394,81,1,0.3,103,1,2,2,1.299,0.906
2026-07-29T07:00,0.5,0.2,0.0,0.0,12.4,3.56,9.6,267,80,12380.0,1,0.291,460.0,670.0,0,0.0,53,1,0.4,103,2,1,2,1.299,0.466
2026-07-29T08:00,0.0,0.0,0.0,0.0,15.4,2.75,7.6,243,87,17560.0,1,0.288,550.0,1500.0,0,0.0,3,0,0.0,-1,-1,-1,-1,0.0,0.0
2026-07-29T09:00,0.1,1.0,0.0,0.0,15.8,2.8,7.8,241,88,16000.0,1,0.286,930.0,1765.0,0,0.0,51,0,0.0,-1,-1,-1,-1,0.0,0.0
2026-07-29T10:00,1.6,0.875,0.0,0.0,11.7,3.91,9.2,199,94,7480.0,1,0.301,40.0,410.0,0,0.003,80,1,0.2,104,0,1,4,0.0,0.525
2026-07-29T11:00,0.1,0.0,0.0,0.0,11.9,2.8,7.7,100,91,68220.0,1,0.301,810.0,210.0,0,0.0,51,0,0.1,-1,-1,-1,-1,0.0,0.0
2026-07-29T12:00,0.0,0.0,0.0,0.0,11.7,4.15,6.5,146,88,31600.0,1,0.266,1100.0,400.0,0,0.0,3,0,0.0,-1,-1,-1,-1,0.0,0.0
2026-07-29T13:00,0.0,0.0,0.0,0.0,9.7,3.32,7.6,113,99,57840.0,0,0.266,960.0,185.0,0,0.0,3,0,0.0,-1,-1,-1,-1,0.0,0.0
2026-07-29T14:00,0.0,0.0,0.0,0.0,9.1,2.34,5.4,110,100,60820.0,0,0.266,70.0,165.0,0,0.0,3,0,0.0,-1,-1,-1,-1,0.0,0.0
2026-07-29T15:00,1.2,1.0,0.0,0.0,8.5,0.29,4.1,149,100,5320.0,0,0.28,10.0,135.0,0,0.0002,55,1,0.0,105,0,2,2,0.057,0.615
2026-07-29T16:00,1.3,0.923,0.0,0.0,8.3,2.16,3.4,50,100,12660.0,0,0.298,70.0,80.0,0,0.0026,80,1,0.1,105,1,1,2,0.057,0.569
2026-07-29T17:00,0.1,0.0,0.0,0.0,7.9,2.33,3.7,105,100,9840.0,0,0.299,40.0,110.0,0,0.0,51,0,0.1,-1,-1,-1,-1,0.0,0.0
2026-07-29T18:00,0.2,0.5,0.0,0.0,8.5,0.83,4.4,155,99,7580.0,0,0.27,550.0,60.0,0,0.0,51,0,0.1,-1,-1,-1,-1,0.0,0.0
2026-07-29T19:00,0.3,0.333,0.0,0.0,7.8,0.16,2.9,342,100,23180.0,0,0.273,30.0,10.0,0,0.0,51,1,0.2,106,0,15,6,0.779,0.407
2026-07-29T20:00,0.9,1.0,0.0,0.0,7.6,1.7,4.3,273,100,5240.0,0,0.286,130.0,180.0,0,0.0,53,1,0.0,106,1,14,6,0.779,0.808
2026-07-29T21:00,0.6,0.667,0.0,0.0,7.6,0.2,4.8,90,100,6700.0,0,0.294,20.0,10.0,0,0.0,53,1,0.2,106,2,13,6,0.779,0.608
2026-07-29T22:00,0.6,0.833,0.0,0.0,7.4,0.94,3.3,115,100,5620.0,0,0.302,20.0,30.0,0,0.0,53,1,0.1,106,3,12,6,0.779,0.707
2026-07-29T23:00,0.7,0.714,0.0,0.0,7.6,1.27,3.4,206,100,7240.0,0,0.311,10.0,65.0,0,0.0,53,1,0.2,106,4,11,6,0.779,0.636
2026-07-30T00:00,0.5,0.6,0.0,0.0,5.7,3.66,2.4,338,100,3100.0,1,0.329,10.0,230.0,0,0.0,53,1,0.2,106,5,10,6,0.779,0.568
2026-07-30T01:00,2.7,0.407,0.0,0.0,5.2,3.33,6.4,334,100,1180.0,1,0.363,50.0,245.0,0,0.0106,81,1,1.6,106,6,9,6,0.779,0.452
2026-07-30T02:00,3.4,0.5,0.0,0.0,4.6,2.21,6.3,342,100,1420.0,1,0.402,60.0,210.0,0,0.018,81,1,1.7,106,7,8,6,0.779,0.508
2026-07-30T03:00,3.3,0.5,0.07,0.0,4.3,1.41,4.5,343,100,260.0,1,0.421,100.0,155.0,0,0.0287,85,1,1.6,106,8,7,6,0.779,0.508
2026-07-30T04:00,3.3,0.514,0.28,0.0,4.0,0.76,3.8,337,100,280.0,1,0.423,90.0,115.0,0,0.0259,85,1,1.4,106,9,6,6,0.779,0.516
2026-07-30T05:00,2.8,0.276,0.07,0.0,5.4,0.35,3.5,270,100,2800.0,1,0.42,0.0,265.0,0,0.0,85,1,2.0,106,10,5,6,0.779,0.373
2026-07-30T06:00,2.5,0.28,0.0,0.0,7.9,1.21,3.0,336,100,4420.0,1,0.421,10.0,615.0,0,0.0019,81,1,1.8,106,11,4,6,0.779,0.376
2026-07-30T07:00,0.9,0.111,0.0,0.0,8.5,1.03,3.6,67,100,5620.0,1,0.41,10.0,425.0,0,0.0,53,1,0.8,106,12,3,6,0.779,0.274
2026-07-30T08:00,0.7,0.429,0.0,0.0,8.8,1.85,4.7,90,99,8900.0,1,0.405,0.0,595.0,0,0.0,53,1,0.4,106,13,2,6,0.779,0.465
2026-07-30T09:00,0.5,0.8,0.0,0.0,9.9,2.06,5.4,94,96,11860.0,1,0.4,10.0,725.0,0,0.0,53,1,0.1,106,14,1,6,0.779,0.688
2026-07-30T10:00,0.1,0.0,0.0,0.0,10.7,3.01,6.5,94,29,23040.0,1,0.392,30.0,650.0,0,0.0,51,0,0.1,-1,-1,-1,-1,0.0,0.0
2026-07-30T11:00,0.0,0.0,0.0,0.0,11.1,2.97,6.6,107,18,52800.0,1,0.386,100.0,760.0,0,0.0,0,0,0.0,-1,-1,-1,-1,0.0,0.0
2026-07-30T12:00,0.0,0.0,0.0,0.0,10.7,2.62,6.1,103,95,20500.0,1,0.375,120.0,620.0,0,0.0,3,0,0.0,-1,-1,-1,-1,0.0,0.0
2026-07-30T13:00,0.0,0.0,0.0,0.0,8.1,1.89,4.4,102,99,64760.0,0,0.371,60.0,140.0,0,0.0,3,0,0.0,-1,-1,-1,-1,0.0,0.0
2026-07-30T14:00,0.0,0.0,0.0,0.0,8.1,2.54,4.2,58,100,38740.0,0,0.367,0.0,215.0,0,0.0,3,0,0.0,-1,-1,-1,-1,0.0,0.0
2026-07-30T15:00,0.2,0.5,0.0,0.0,7.6,2.72,4.5,97,100,7720.0,0,0.365,0.0,275.0,0,0.0,51,0,0.1,-1,-1,-1,-1,0.0,0.0
2026-07-30T16:00,0.4,0.5,0.0,0.0,7.2,2.86,4.7,95,100,7100.0,0,0.367,0.0,290.0,0,0.0,51,1,0.2,107,0,5,9,0.33,0.388
2026-07-30T17:00,0.7,0.714,0.0,0.0,7.3,2.75,5.1,91,100,6960.0,0,0.373,40.0,245.0,0,0.0,53,1,0.2,107,1,4,9,0.33,0.516
2026-07-30T18:00,0.3,0.667,0.0,0.0,6.9,3.29,5.0,99,98,6540.0,0,0.374,20.0,215.0,0,0.0,51,1,0.1,107,2,3,9,0.33,0.488
2026-07-30T19:00,0.5,0.6,0.0,0.0,6.5,4.1,6.6,87,95,16120.0,0,0.376,0.0,220.0,0,0.0,53,1,0.2,107,3,2,9,0.33,0.448
2026-07-30T20:00,0.4,0.75,0.0,0.0,5.7,2.16,6.7,86,95,9960.0,0,0.377,0.0,145.0,0,0.0,51,1,0.1,107,4,1,9,0.33,0.538
2026-07-30T21:00,0.2,1.0,0.0,0.0,5.7,2.61,4.3,73,99,25000.0,0,0.376,0.0,120.0,0,0.0,51,0,0.0,-1,-1,-1,-1,0.0,0.0
2026-07-30T22:00,0.0,0.0,0.0,0.0,5.4,2.38,4.3,82,95,25880.0,0,0.372,0.0,95.0,0,0.0,3,0,0.0,-1,-1,-1,-1,0.0,0.0
2026-07-30T23:00,0.0,0.0,0.0,0.0,5.0,2.47,4.0,82,97,25060.0,0,0.369,0.0,100.0,0,0.0,3,0,0.0,-1,-1,-1,-1,0.0,0.0
2026-07-31T00:00,0.0,0.0,0.0,0.0,6.6,2.83,4.7,103,100,11160.0,1,0.367,20.0,180.0,0,0.0,3,0,0.0,-1,-1,-1,-1,0.0,0.0
2026-07-31T01:00,0.1,0.0,0.0,0.0,7.5,3.05,5.2,120,100,11240.0,1,0.365,170.0,255.0,0,0.0,51,0,0.1,-1,-1,-1,-1,0.0,0.0
2026-07-31T02:00,0.2,0.5,0.0,0.0,9.0,3.68,7.1,136,100,11800.0,1,0.364,470.0,490.0,0,0.0,51,0,0.1,-1,-1,-1,-1,0.0,0.0
2026-07-31T03:00,0.2,0.5,0.0,0.0,10.7,4.16,8.4,151,99,15580.0,1,0.362,670.0,930.0,0,0.0,51,0,0.1,-1,-1,-1,-1,0.0,0.0
2026-07-31T04:00,0.2,1.0,0.0,0.0,12.5,3.94,8.8,168,100,14440.0,1,0.359,700.0,1450.0,0,0.0,51,0,0.0,-1,-1,-1,-1,0.0,0.0
2026-07-31T05:00,0.2,1.0,0.0,0.0,13.6,3.72,8.6,200,100,11620.0,1,0.357,40.0,1565.0,0,0.0,51,0,0.0,-1,-1,-1,-1,0.0,0.0
2026-07-31T06:00,0.7,1.0,0.0,0.0,12.6,4.12,10.3,241,100,9480.0,1,0.365,20.0,980.0,0,0.0,53,1,0.0,108,0,8,89,0.755,0.801
2026-07-31T07:00,2.3,0.783,0.0,0.0,9.2,5.65,13.8,272,99,7220.0,1,0.385,330.0,550.0,0,0.0536,95,1,0.5,108,1,7,89,0.755,0.671
2026-07-31T08:00,0.4,0.75,0.0,0.0,11.4,5.03,10.7,251,91,10140.0,1,0.383,510.0,1080.0,0,0.0,51,1,0.1,108,2,6,89,0.755,0.651
2026-07-31T09:00,0.2,1.0,0.0,0.0,12.7,4.26,10.7,248,87,17940.0,1,0.379,690.0,1280.0,0,0.0,51,0,0.0,108,3,5,89,0.755,0.801
2026-07-31T10:00,2.5,0.96,0.0,0.0,9.9,7.44,13.5,276,100,2560.0,1,0.403,10.0,875.0,0,0.0019,81,1,0.1,108,4,4,89,0.755,0.777
2026-07-31T11:00,1.6,0.5,0.0,0.0,8.6,0.67,13.4,27,100,8120.0,1,0.408,30.0,155.0,0,0.0023,80,1,0.8,108,5,3,89,0.755,0.501
2026-07-31T12:00,1.4,0.929,0.0,0.0,8.2,2.83,3.6,347,100,5700.0,1,0.403,10.0,515.0,0,0.0005,80,1,0.1,108,6,2,89,0.755,0.759
2026-07-31T13:00,0.4,0.75,0.0,0.0,6.9,5.73,9.3,43,100,18840.0,0,0.398,0.0,500.0,0,0.0,51,1,0.1,108,7,1,89,0.755,0.651
2026-07-31T14:00,0.0,0.0,0.0,0.0,5.3,4.71,9.7,43,100,47460.0,0,0.391,0.0,405.0,0,0.0,3,0,0.0,-1,-1,-1,-1,0.0,0.0
2026-07-31T15:00,0.0,0.0,0.0,0.0,4.8,3.8,7.7,39,100,49960.0,0,0.386,0.0,300.0,0,0.0,3,0,0.0,-1,-1,-1,-1,0.0,0.0
2026-07-31T16:00,0.0,0.0,0.0,0.0,4.6,4.1,6.6,20,100,44080.0,0,0.382,0.0,275.0,0,0.0,3,0,0.0,-1,-1,-1,-1,0.0,0.0
2026-07-31T17:00,0.0,0.0,0.0,0.0,4.6,4.15,7.3,15,100,60560.0,0,0.378,0.0,285.0,0,0.0,3,0,0.0,-1,-1,-1,-1,0.0,0.0
2026-07-31T18:00,0.0,0.0,0.0,0.0,4.8,3.75,6.9,19,100,15120.0,0,0.374,10.0,325.0,0,0.0,3,0,0.0,-1,-1,-1,-1,0.0,0.0
2026-07-31T19:00,0.0,0.0,0.0,0.0,4.9,3.63,6.3,15,100,16900.0,0,0.371,10.0,375.0,0,0.0,3,0,0.0,-1,-1,-1,-1,0.0,0.0
2026-07-31T20:00,0.0,0.0,0.0,0.0,4.8,3.19,6.1,35,98,64620.0,0,0.369,0.0,340.0,0,0.0,3,0,0.0,-1,-1,-1,-1,0.0,0.0
2026-07-31T21:00,0.0,0.0,0.0,0.0,4.2,1.8,5.3,34,100,60540.0,0,0.367,0.0,205.0,0,0.0,3,0,0.0,-1,-1,-1,-1,0.0,0.0
2026-07-31T22:00,0.0,0.0,0.0,0.0,4.1,1.1,2.9,355,100,60540.0,0,0.365,0.0,115.0,0,0.0,3,0,0.0,-1,-1,-1,-1,0.0,0.0
2026-07-31T23:00,0.0,0.0,0.0,0.0,4.3,2.1,3.2,342,100,29380.0,0,0.363,0.0,170.0,0,0.0,3,0,0.0,-1,-1,-1,-1,0.0,0.0
2026-08-01T00:00,0.0,0.0,0.0,0.0,5.2,1.65,3.4,346,100,39280.0,1,0.363,10.0,220.0,0,0.0,3,0,0.0,-1,-1,-1,-1,0.0,0.0
2026-08-01T01:00,0.0,0.0,0.0,0.0,6.2,2.25,4.6,356,100,43160.0,1,0.361,0.0,575.0,0,0.0,3,0,0.0,-1,-1,-1,-1,0.0,0.0
2026-08-01T02:00,0.0,0.0,0.0,0.0,7.4,2.31,5.4,6,100,67960.0,1,0.359,0.0,715.0,0,0.0,3,0,0.0,-1,-1,-1,-1,0.0,0.0
2026-08-01T03:00,0.0,0.0,0.0,0.0,8.7,1.9,5.3,346,100,70500.0,1,0.357,0.0,890.0,0,0.0,3,0,0.0,-1,-1,-1,-1,0.0,0.0
2026-08-01T04:00,0.2,1.0,0.0,0.0,9.9,1.88,5.5,318,90,15820.0,1,0.355,30.0,820.0,0,0.0,51,0,0.0,-1,-1,-1,-1,0.0,0.0
2026-08-01T05:00,0.2,1.0,0.0,0.0,11.4,2.1,5.8,322,59,16500.0,1,0.354,40.0,1075.0,0,0.0,51,0,0.0,-1,-1,-1,-1,0.0,0.0
2026-08-01T06:00,0.1,1.0,0.0,0.0,12.1,3.16,6.2,321,83,21980.0,1,0.347,0.0,1245.0,0,0.0,51,0,0.0,-1,-1,-1,-1,0.0,0.0
2026-08-01T07:00,0.1,1.0,0.0,0.0,13.0,3.33,7.6,332,56,26900.0,1,0.344,20.0,1380.0,0,0.0,51,0,0.0,-1,-1,-1,-1,0.0,0.0
2026-08-01T08:00,0.1,0.0,0.0,0.0,13.6,3.65,7.8,335,41,35340.0,1,0.34,0.0,1565.0,0,0.0,51,0,0.1,-1,-1,-1,-1,0.0,0.0
2026-08-01T09:00,0.0,0.0,0.0,0.0,14.2,3.69,7.9,332,45,35080.0,1,0.336,0.0,1720.0,0,0.0,1,0,0.0,-1,-1,-1,-1,0.0,0.0
2026-08-01T10:00,0.0,0.0,0.0,0.0,13.9,3.42,7.7,335,30,51460.0,1,0.333,0.0,1730.0,0,0.0,1,0,0.0,-1,-1,-1,-1,0.0,0.0
2026-08-01T11:00,0.0,0.0,0.0,0.0,13.3,3.32,6.9,344,30,48720.0,1,0.331,0.0,1775.0,0,0.0,1,0,0.0,-1,-1,-1,-1,0.0,0.0
2026-08-01T12:00,0.0,0.0,0.0,0.0,11.8,2.41,6.2,339,18,14160.0,1,0.331,230.0,360.0,0,0.0,0,0,0.0,-1,-1,-1,-1,0.0,0.0
2026-08-01T13:00,0.1,0.0,0.0,0.0,9.9,0.4,3.7,270,18,72580.0,0,0.331,130.0,20.0,0,0.0,51,0,0.1,-1,-1,-1,-1,0.0,0.0
2026-08-01T14:00,0.0,0.0,0.0,0.0,8.4,0.38,0.7,203,51,70460.0,0,0.331,100.0,15.0,0,0.0,2,0,0.0,-1,-1,-1,-1,0.0,0.0
2026-08-01T15:00,0.0,0.0,0.0,0.0,7.3,0.21,0.6,104,80,70460.0,0,0.331,0.0,10.0,0,0.0,3,0,0.0,-1,-1,-1,-1,0.0,0.0
2026-08-01T16:00,0.0,0.0,0.0,0.0,7.1,1.45,2.5,90,100,67900.0,0,0.331,10.0,40.0,0,0.0,3,0,0.0,-1,-1,-1,-1,0.0,0.0
2026-08-01T17:00,0.0,0.0,0.0,0.0,6.9,2.06,3.6,76,9,67900.0,0,0.33,0.0,60.0,0,0.0,0,0,0.0,-1,-1,-1,-1,0.0,0.0
2026-08-01T18:00,0.0,0.0,0.0,0.0,6.7,2.05,3.6,77,47,67880.0,0,0.324,10.0,85.0,0,0.0,1,0,0.0,-1,-1,-1,-1,0.0,0.0
2026-08-01T19:00,0.0,0.0,0.0,0.0,5.0,2.09,3.6,69,54,67880.0,0,0.324,50.0,60.0,0,0.0,2,0,0.0,-1,-1,-1,-1,0.0,0.0
2026-08-01T20:00,0.0,0.0,0.0,0.0,4.0,2.73,4.5,50,41,64500.0,0,0.324,10.0,90.0,0,0.0,1,0,0.0,-1,-1,-1,-1,0.0,0.0
2026-08-01T21:00,0.0,0.0,0.0,0.0,3.9,3.56,5.9,56,4,67880.0,0,0.323,10.0,145.0,0,0.0,0,0,0.0,-1,-1,-1,-1,0.0,0.0
2026-08-01T22:00,0.0,0.0,0.0,0.0,3.5,3.36,6.0,57,4,67860.0,0,0.323,10.0,140.0,0,0.0,0,0,0.0,-1,-1,-1,-1,0.0,0.0
2026-08-01T23:00,0.0,0.0,0.0,0.0,2.9,3.33,5.7,54,6,67860.0,0,0.323,0.0,135.0,0,0.0,0,0,0.0,-1,-1,-1,-1,0.0,0.0
2026-08-02T00:00,0.0,0.0,0.0,0.0,4.6,3.84,5.9,55,55,67860.0,1,0.33,20.0,210.0,0,0.0,2,0,0.0,-1,-1,-1,-1,0.0,0.0
2026-08-02T01:00,0.0,0.0,0.0,0.0,7.0,3.16,6.1,61,1,67860.0,1,0.329,30.0,465.0,0,0.0,0,0,0.0,-1,-1,-1,-1,0.0,0.0
2026-08-02T02:00,0.0,0.0,0.0,0.0,9.0,3.03,6.6,81,3,70420.0,1,0.328,30.0,745.0,0,0.0,0,0,0.0,-1,-1,-1,-1,0.0,0.0
2026-08-02T03:00,0.0,0.0,0.0,0.0,10.8,3.44,7.6,77,44,22740.0,1,0.326,20.0,1135.0,0,0.0,1,0,0.0,-1,-1,-1,-1,0.0,0.0
2026-08-02T04:00,0.2,1.0,0.0,0.0,11.5,3.72,8.0,68,64,13700.0,1,0.325,0.0,1145.0,0,0.0,51,0,0.0,-1,-1,-1,-1,0.0,0.0
2026-08-02T05:00,0.2,1.0,0.0,0.0,12.4,3.63,8.0,56,55,17340.0,1,0.324,30.0,1275.0,0,0.0,51,0,0.0,-1,-1,-1,-1,0.0,0.0
2026-08-02T06:00,0.1,1.0,0.0,0.0,12.9,3.24,8.0,34,27,22000.0,1,0.319,10.0,1490.0,0,0.0,51,0,0.0,-1,-1,-1,-1,0.0,0.0
2026-08-02T07:00,0.0,0.0,0.0,0.0,13.6,3.16,7.5,23,36,21440.0,1,0.315,0.0,1645.0,0,0.0,1,0,0.0,-1,-1,-1,-1,0.0,0.0
2026-08-02T08:00,0.0,0.0,0.0,0.0,13.8,3.31,7.5,25,46,29500.0,1,0.312,0.0,1680.0,0,0.0,1,0,0.0,-1,-1,-1,-1,0.0,0.0
2026-08-02T09:00,0.0,0.0,0.0,0.0,14.2,3.71,7.7,43,26,39160.0,1,0.308,0.0,1795.0,0,0.0,1,0,0.0,-1,-1,-1,-1,0.0,0.0
2026-08-02T10:00,0.0,0.0,0.0,0.0,14.3,3.69,7.9,49,41,53880.0,1,0.306,10.0,1995.0,0,0.0,1,0,0.0,-1,-1,-1,-1,0.0,0.0
2026-08-02T11:00,0.0,0.0,0.0,0.0,13.8,4.36,7.8,42,52,78060.0,1,0.304,0.0,2055.0,0,0.0,2,0,0.0,-1,-1,-1,-1,0.0,0.0
2026-08-02T12:00,0.0,0.0,0.0,0.0,12.8,1.3,7.9,122,59,75340.0,1,0.305,30.0,200.0,0,0.0,2,0,0.0,-1,-1,-1,-1,0.0,0.0
2026-08-02T13:00,0.0,0.0,0.0,0.0,9.9,1.62,2.5,124,9,72500.0,0,0.305,60.0,90.0,0,0.0,0,0,0.0,-1,-1,-1,-1,0.0,0.0
2026-08-02T14:00,0.0,0.0,0.0,0.0,7.8,2.15,3.7,102,13,72500.0,0,0.305,0.0,110.0,0,0.0,0,0,0.0,-1,-1,-1,-1,0.0,0.0
2026-08-02T15:00,0.0,0.0,0.0,0.0,7.3,2.56,4.2,96,94,75340.0,0,0.305,0.0,140.0,0,0.0,3,0,0.0,-1,-1,-1,-1,0.0,0.0
2026-08-02T16:00,0.0,0.0,0.0,0.0,7.3,2.95,5.1,92,84,75340.0,0,0.305,0.0,195.0,0,0.0,3,0,0.0,-1,-1,-1,-1,0.0,0.0
2026-08-02T17:00,0.0,0.0,0.0,0.0,6.4,2.56,5.1,84,8,75340.0,0,0.305,0.0,115.0,0,0.0,0,0,0.0,-1,-1,-1,-1,0.0,0.0
2026-08-02T18:00,0.0,0.0,0.0,0.0,5.6,1.98,4.4,74,26,72480.0,0,0.304,0.0,65.0,0,0.0,1,0,0.0,-1,-1,-1,-1,0.0,0.0
2026-08-02T19:00,0.0,0.0,0.0,0.0,4.3,1.68,3.4,67,83,72480.0,0,0.304,0.0,40.0,0,0.0,3,0,0.0,-1,-1,-1,-1,0.0,0.0
2026-08-02T20:00,0.0,0.0,0.0,0.0,4.1,1.9,3.4,63,97,70360.0,0,0.304,0.0,35.0,0,0.0,3,0,0.0,-1,-1,-1,-1,0.0,0.0
2026-08-02T21:00,0.0,0.0,0.0,0.0,4.3,2.08,3.7,66,100,70340.0,0,0.304,10.0,40.0,0,0.0,3,0,0.0,-1,-1,-1,-1,0.0,0.0
2026-08-02T22:00,0.0,0.0,0.0,0.0,4.2,1.83,3.7,73,100,70340.0,0,0.304,0.0,40.0,0,0.0,3,0,0.0,-1,-1,-1,-1,0.0,0.0
2026-08-02T23:00,0.0,0.0,0.0,0.0,4.0,1.76,3.2,75,92,70340.0,0,0.304,0.0,40.0,0,0.0,3,0,0.0,-1,-1,-1,-1,0.0,0.0
2026-08-03T00:00,0.0,0.0,0.0,0.0,4.4,2.52,3.8,82,95,70340.0,1,0.312,10.0,50.0,0,0.0,3,0,0.0,-1,-1,-1,-1,0.0,0.0
2026-08-03T01:00,0.0,0.0,0.0,0.0,7.8,2.06,4.5,86,97,72460.0,1,0.312,0.0,325.0,0,0.0,3,0,0.0,-1,-1,-1,-1,0.0,0.0
2026-08-03T02:00,0.0,0.0,0.0,0.0,10.0,3.14,6.4,76,97,75300.0,1,0.31,0.0,625.0,0,0.0,3,0,0.0,-1,-1,-1,-1,0.0,0.0
2026-08-03T03:00,0.0,0.0,0.0,0.0,11.9,3.51,7.5,87,16,75300.0,1,0.308,30.0,1120.0,0,0.0,0,0,0.0,-1,-1,-1,-1,0.0,0.0
2026-08-03T04:00,0.0,0.0,0.0,0.0,13.4,3.42,7.7,102,40,75300.0,1,0.305,60.0,1740.0,0,0.0,1,0,0.0,-1,-1,-1,-1,0.0,0.0
2026-08-03T05:00,0.0,0.0,0.0,0.0,14.1,3.64,8.0,108,72,78020.0,1,0.302,10.0,1970.0,0,0.0,2,0,0.0,-1,-1,-1,-1,0.0,0.0
2026-08-03T06:00,0.0,0.0,0.0,0.0,14.4,2.67,8.1,107,97,78020.0,1,0.298,50.0,2420.0,0,0.0,3,0,0.0,-1,-1,-1,-1,0.0,0.0
2026-08-03T07:00,0.0,0.0,0.0,0.0,15.4,2.45,6.8,88,98,78020.0,1,0.294,30.0,2330.0,0,0.0,3,0,0.0,-1,-1,-1,-1,0.0,0.0
2026-08-03T08:00,0.0,0.0,0.0,0.0,15.7,2.65,6.5,54,97,78020.0,1,0.291,40.0,2430.0,0,0.0,3,0,0.0,-1,-1,-1,-1,0.0,0.0
2026-08-03T09:00,0.0,0.0,0.0,0.0,15.6,2.83,6.6,58,82,78020.0,1,0.288,20.0,2315.0,0,0.0,3,0,0.0,-1,-1,-1,-1,0.0,0.0
2026-08-03T10:00,0.0,0.0,0.0,0.0,15.1,2.66,6.4,64,85,78040.0,1,0.286,10.0,2390.0,0,0.0,3,0,0.0,-1,-1,-1,-1,0.0,0.0
2026-08-03T11:00,0.0,0.0,0.0,0.0,14.8,4.29,7.6,56,69,78020.0,1,0.284,0.0,2310.0,0,0.0,2,0,0.0,-1,-1,-1,-1,0.0,0.0
2026-08-03T12:00,0.0,0.0,0.0,0.0,12.4,4.65,8.5,34,73,75280.0,1,0.285,20.0,860.0,0,0.0,2,0,0.0,-1,-1,-1,-1,0.0,0.0
2026-08-03T13:00,0.0,0.0,0.0,0.0,9.7,4.34,7.8,38,64,72420.0,0,0.285,0.0,335.0,0,0.0,2,0,0.0,-1,-1,-1,-1,0.0,0.0
2026-08-03T14:00,0.0,0.0,0.0,0.0,8.5,4.35,7.2,46,30,72420.0,0,0.285,0.0,275.0,0,0.0,1,0,0.0,-1,-1,-1,-1,0.0,0.0
2026-08-03T15:00,0.0,0.0,0.0,0.0,7.5,3.7,7.3,58,2,72420.0,0,0.285,0.0,200.0,0,0.0,0,0,0.0,-1,-1,-1,-1,0.0,0.0
2026-08-03T16:00,0.0,0.0,0.0,0.0,6.6,2.95,6.3,62,1,70280.0,0,0.285,0.0,130.0,0,0.0,0,0,0.0,-1,-1,-1,-1,0.0,0.0
2026-08-03T17:00,0.0,0.0,0.0,0.0,5.7,2.8,5.2,47,6,70280.0,0,0.285,0.0,105.0,0,0.0,0,0,0.0,-1,-1,-1,-1,0.0,0.0
2026-08-03T18:00,0.0,0.0,0.0,0.0,5.8,4.47,6.3,40,35,70280.0,0,0.285,0.0,180.0,0,0.0,1,0,0.0,-1,-1,-1,-1,0.0,0.0
2026-08-03T19:00,0.0,0.0,0.0,0.0,5.5,4.36,7.6,53,22,70260.0,0,0.285,0.0,225.0,0,0.0,1,0,0.0,-1,-1,-1,-1,0.0,0.0
2026-08-03T20:00,0.0,0.0,0.0,0.0,4.6,4.13,7.2,52,46,70260.0,0,0.285,0.0,190.0,0,0.0,1,0,0.0,-1,-1,-1,-1,0.0,0.0
2026-08-03T21:00,0.0,0.0,0.0,0.0,4.0,3.81,6.9,52,61,70260.0,0,0.285,0.0,150.0,0,0.0,2,0,0.0,-1,-1,-1,-1,0.0,0.0
2026-08-03T22:00,0.0,0.0,0.0,0.0,3.4,3.37,6.3,55,53,67680.0,0,0.285,0.0,105.0,0,0.0,2,0,0.0,-1,-1,-1,-1,0.0,0.0
2026-08-03T23:00,0.0,0.0,0.0,0.0,2.7,2.68,5.6,63,24,67660.0,0,0.286,0.0,70.0,0,0.0,1,0,0.0,-1,-1,-1,-1,0.0,0.0
2026-08-04T00:00,0.0,0.0,0.0,0.0,6.1,3.02,4.6,78,72,70260.0,1,0.286,20.0,165.0,0,0.0,2,0,0.0,-1,-1,-1,-1,0.0,0.0
2026-08-04T01:00,0.0,0.0,0.0,0.0,7.4,2.03,4.8,80,73,70240.0,1,0.286,20.0,320.0,0,0.0,2,0,0.0,-1,-1,-1,-1,0.0,0.0
2026-08-04T02:00,0.0,0.0,0.0,0.0,9.2,2.27,5.1,76,59,72380.0,1,0.286,10.0,580.0,0,0.0,2,0,0.0,-1,-1,-1,-1,0.0,0.0
2026-08-04T03:00,0.0,0.0,0.0,0.0,11.4,2.9,6.7,92,38,72380.0,1,0.284,80.0,945.0,0,0.0,1,0,0.0,-1,-1,-1,-1,0.0,0.0
2026-08-04T04:00,0.1,1.0,0.0,0.0,12.6,2.45,6.8,91,52,18400.0,1,0.282,0.0,1240.0,0,0.0,51,0,0.0,-1,-1,-1,-1,0.0,0.0
2026-08-04T05:00,0.1,1.0,0.0,0.0,13.6,2.2,6.4,78,20,17420.0,1,0.281,10.0,1660.0,0,0.0,51,0,0.0,-1,-1,-1,-1,0.0,0.0
2026-08-04T06:00,0.0,0.0,0.0,0.0,13.5,2.33,6.7,45,52,15300.0,1,0.277,10.0,1455.0,0,0.0,2,0,0.0,-1,-1,-1,-1,0.0,0.0
2026-08-04T07:00,0.3,1.0,0.0,0.0,13.4,1.93,6.2,31,50,10120.0,1,0.277,90.0,1415.0,0,0.0,51,1,0.0,109,0,1,-1,0.0,0.6
2026-08-04T08:00,0.2,1.0,0.0,0.0,13.5,2.55,6.3,28,59,13520.0,1,0.277,140.0,1455.0,0,0.0,51,0,0.0,-1,-1,-1,-1,0.0,0.0
2026-08-04T09:00,0.2,0.5,0.0,0.0,13.9,3.11,6.7,44,55,18840.0,1,0.276,80.0,1475.0,0,0.0,51,0,0.1,-1,-1,-1,-1,0.0,0.0
2026-08-04T10:00,0.2,0.5,0.0,0.0,13.7,3.75,7.6,44,20,18100.0,1,0.275,10.0,1435.0,0,0.0,51,0,0.1,-1,-1,-1,-1,0.0,0.0
2026-08-04T11:00,0.1,1.0,0.0,0.0,13.3,3.52,7.5,58,14,75220.0,1,0.275,110.0,1325.0,0,0.0,51,0,0.0,-1,-1,-1,-1,0.0,0.0
2026-08-04T12:00,0.0,0.0,0.0,0.0,12.3,2.8,6.6,55,13,75200.0,1,0.279,170.0,1230.0,0,0.0,0,0,0.0,-1,-1,-1,-1,0.0,0.0
2026-08-04T13:00,0.0,0.0,0.0,0.0,9.6,1.67,4.6,81,13,39580.0,0,0.28,160.0,90.0,0,0.0,0,0,0.0,-1,-1,-1,-1,0.0,0.0
2026-08-04T14:00,0.0,0.0,0.0,0.0,8.3,1.72,2.9,107,1,70200.0,0,0.28,120.0,65.0,0,0.0,0,0,0.0,-1,-1,-1,-1,0.0,0.0
2026-08-04T15:00,0.0,0.0,0.0,0.0,7.1,1.5,2.9,92,0,70200.0,0,0.28,30.0,40.0,0,0.0,0,0,0.0,-1,-1,-1,-1,0.0,0.0
2026-08-04T16:00,0.0,0.0,0.0,0.0,6.7,1.82,3.1,74,3,70200.0,0,0.28,10.0,45.0,0,0.0,0,0,0.0,-1,-1,-1,-1,0.0,0.0
2026-08-04T17:00,0.0,0.0,0.0,0.0,5.6,2.01,3.5,55,3,67600.0,0,0.281,0.0,40.0,0,0.0,0,0,0.0,-1,-1,-1,-1,0.0,0.0
2026-08-04T18:00,0.0,0.0,0.0,0.0,5.3,2.61,4.2,54,2,67600.0,0,0.28,20.0,50.0,0,0.0,0,0,0.0,-1,-1,-1,-1,0.0,0.0
2026-08-04T19:00,0.0,0.0,0.0,0.0,4.5,2.91,5.0,55,0,67580.0,0,0.28,0.0,70.0,0,0.0,0,0,0.0,-1,-1,-1,-1,0.0,0.0
2026-08-04T20:00,0.0,0.0,0.0,0.0,4.3,2.93,5.2,60,0,70180.0,0,0.28,0.0,90.0,0,0.0,0,0,0.0,-1,-1,-1,-1,0.0,0.0
2026-08-04T21:00,0.0,0.0,0.0,0.0,3.8,2.8,5.0,59,0,70180.0,0,0.28,10.0,75.0,0,0.0,0,0,0.0,-1,-1,-1,-1,0.0,0.0
2026-08-04T22:00,0.0,0.0,0.0,0.0,3.4,2.9,5.1,58,0,70160.0,0,0.281,0.0,75.0,0,0.0,0,0,0.0,-1,-1,-1,-1,0.0,0.0
2026-08-04T23:00,0.0,0.0,0.0,0.0,2.8,2.75,5.0,61,0,70160.0,0,0.281,0.0,70.0,0,0.0,0,0,0.0,-1,-1,-1,-1,0.0,0.0
