time_utc,precipitation,rain,showers,snowfall,snowfall_water_equivalent,snow_depth,weather_code,cape,convective_inhibition,boundary_layer_height,temperature_2m,wind_speed_10m,wind_gusts_10m,wind_direction_10m,cloud_cover,visibility,is_day,soil_moisture_0_to_7cm
2026-01-14T00:00,0.0,0.0,0.0,0.0,0.0,0.0,3,0.0,,15.0,-7.1,0.93,6.5,254,88,68520.0,0,0.281
2026-01-14T01:00,0.0,0.0,0.0,0.0,0.0,0.0,2,0.0,,15.0,-5.9,1.14,5.6,255,52,69500.0,1,0.281
2026-01-14T02:00,0.0,0.0,0.0,0.0,0.0,0.0,2,0.0,,65.0,0.2,1.56,6.8,276,70,71580.0,1,0.281
2026-01-14T03:00,0.0,0.0,0.0,0.0,0.0,0.0,1,0.0,,1520.0,4.9,2.97,9.9,324,41,72780.0,1,0.281
2026-01-14T04:00,0.0,0.0,0.0,0.0,0.0,0.0,1,0.0,,1790.0,6.2,3.02,10.7,326,31,72780.0,1,0.281
2026-01-14T05:00,0.0,0.0,0.0,0.0,0.0,0.0,2,0.0,,1930.0,7.3,2.65,10.4,328,73,72760.0,1,0.281
2026-01-14T06:00,0.0,0.0,0.0,0.0,0.0,0.0,1,0.0,0.0,1950.0,6.7,2.58,9.5,338,24,72760.0,1,0.281
2026-01-14T07:00,0.0,0.0,0.0,0.0,0.0,0.0,1,0.0,0.0,2350.0,8.0,2.37,9.1,342,31,72740.0,1,0.281
2026-01-14T08:00,0.0,0.0,0.0,0.0,0.0,0.0,0,0.0,1.0,2595.0,8.2,2.15,8.7,335,9,72740.0,1,0.281
2026-01-14T09:00,0.0,0.0,0.0,0.0,0.0,0.0,0,0.0,4.0,2705.0,8.0,2.17,7.8,345,0,72720.0,1,0.281
2026-01-14T10:00,0.0,0.0,0.0,0.0,0.0,0.0,0,0.0,1.0,190.0,6.4,1.2,7.6,355,0,72720.0,1,0.281
2026-01-14T11:00,0.0,0.0,0.0,0.0,0.0,0.0,0,0.0,1.0,20.0,2.9,0.28,5.2,45,0,72700.0,0,0.281
2026-01-14T12:00,0.0,0.0,0.0,0.0,0.0,0.0,3,0.0,1.0,20.0,3.1,0.18,2.0,304,100,72700.0,0,0.281
2026-01-14T13:00,0.0,0.0,0.0,0.0,0.0,0.0,3,0.0,2.0,15.0,2.6,0.27,2.2,292,100,72680.0,0,0.281
2026-01-14T14:00,0.0,0.0,0.0,0.0,0.0,0.0,3,0.0,2.0,20.0,1.7,0.43,2.2,291,100,71980.0,0,0.281
2026-01-14T15:00,0.0,0.0,0.0,0.0,0.0,0.0,3,0.0,,20.0,0.4,0.66,2.6,279,92,71960.0,0,0.281
2026-01-14T16:00,0.0,0.0,0.0,0.0,0.0,0.0,1,0.0,,20.0,-0.4,0.8,2.7,270,34,71960.0,0,0.281
2026-01-14T17:00,0.0,0.0,0.0,0.0,0.0,0.0,0,0.0,,20.0,-2.2,0.8,2.9,266,11,71440.0,0,0.281
2026-01-14T18:00,0.0,0.0,0.0,0.0,0.0,0.0,1,0.0,5.0,15.0,-3.1,0.45,2.9,243,26,71420.0,0,0.281
2026-01-14T19:00,0.0,0.0,0.0,0.0,0.0,0.0,1,0.0,,15.0,-4.4,0.6,2.7,246,35,71420.0,0,0.281
2026-01-14T20:00,0.0,0.0,0.0,0.0,0.0,0.0,2,0.0,,10.0,-5.4,0.59,2.7,250,55,70700.0,0,0.281
2026-01-14T21:00,0.0,0.0,0.0,0.0,0.0,0.0,2,0.0,,10.0,-5.5,0.6,3.0,246,52,69280.0,0,0.281
2026-01-14T22:00,0.0,0.0,0.0,0.0,0.0,0.0,0,0.0,,10.0,-5.8,0.54,3.3,236,13,69280.0,0,0.281
2026-01-14T23:00,0.0,0.0,0.0,0.0,0.0,0.0,1,0.0,,10.0,-6.4,0.54,3.5,248,26,68280.0,0,0.281
2026-01-15T00:00,0.0,0.0,0.0,0.0,0.0,0.0,1,0.0,,10.0,-7.8,0.49,3.6,246,22,67040.0,0,0.281
2026-01-15T01:00,0.0,0.0,0.0,0.0,0.0,0.0,0,10.0,,10.0,-6.7,0.84,3.1,253,0,67020.0,1,0.281
2026-01-15T02:00,0.0,0.0,0.0,0.0,0.0,0.0,0,0.0,,125.0,-0.0,0.67,3.5,297,13,70640.0,1,0.281
2026-01-15T03:00,0.0,0.0,0.0,0.0,0.0,0.0,2,10.0,,670.0,3.4,0.41,3.9,346,67,71340.0,1,0.281
2026-01-15T04:00,0.0,0.0,0.0,0.0,0.0,0.0,2,0.0,,1290.0,5.8,0.11,4.0,117,60,71340.0,1,0.281
2026-01-15T05:00,0.0,0.0,0.0,0.0,0.0,0.0,0,0.0,,1755.0,7.7,0.7,4.7,201,0,71320.0,1,0.281
2026-01-15T06:00,0.0,0.0,0.0,0.0,0.0,0.0,0,0.0,1.0,3265.0,8.4,0.78,5.5,285,13,71820.0,1,0.281
2026-01-15T07:00,0.0,0.0,0.0,0.0,0.0,0.0,3,90.0,0.0,4070.0,9.7,1.95,6.4,267,100,71820.0,1,0.281
2026-01-15T08:00,0.0,0.0,0.0,0.0,0.0,0.0,3,20.0,2.0,2950.0,8.7,3.06,8.9,281,98,69820.0,1,0.281
2026-01-15T09:00,0.0,0.0,0.0,0.0,0.0,0.0,2,10.0,2.0,2695.0,8.0,3.16,10.5,299,76,71800.0,1,0.281
2026-01-15T10:00,0.0,0.0,0.0,0.0,0.0,0.0,3,40.0,5.0,1070.0,6.8,2.07,9.7,262,95,37520.0,1,0.281
2026-01-15T11:00,0.0,0.0,0.0,0.0,0.0,0.0,1,50.0,21.0,135.0,2.9,1.3,6.6,212,42,66080.0,0,0.281
2026-01-15T12:00,0.0,0.0,0.0,0.0,0.0,0.01,2,70.0,19.0,30.0,2.3,0.72,5.4,236,78,71260.0,0,0.281
2026-01-15T13:00,0.0,0.0,0.0,0.0,0.0,0.01,1,70.0,48.0,45.0,1.2,1.53,6.6,238,42,70540.0,0,0.281
2026-01-15T14:00,0.0,0.0,0.0,0.0,0.0,0.01,3,50.0,52.0,40.0,0.0,1.39,6.1,240,100,70520.0,0,0.281
2026-01-15T15:00,0.0,0.0,0.0,0.0,0.0,0.01,3,50.0,57.0,40.0,0.2,1.23,5.5,243,100,69100.0,0,0.281
2026-01-15T16:00,0.0,0.0,0.0,0.0,0.0,0.01,2,50.0,58.0,40.0,-0.5,1.23,4.6,243,61,69080.0,0,0.281
2026-01-15T17:00,0.0,0.0,0.0,0.0,0.0,0.01,0,50.0,53.0,35.0,-1.8,1.21,4.1,246,1,68080.0,0,0.281
2026-01-15T18:00,0.0,0.0,0.0,0.0,0.0,0.01,0,20.0,53.0,30.0,-4.0,1.26,4.7,263,3,66820.0,0,0.281
2026-01-15T19:00,0.0,0.0,0.0,0.0,0.0,0.01,1,40.0,6.0,25.0,-4.4,1.33,5.3,250,31,66820.0,0,0.281
2026-01-15T20:00,0.0,0.0,0.0,0.0,0.0,0.01,3,30.0,27.0,20.0,-5.0,1.18,5.2,258,85,65400.0,0,0.281
2026-01-15T21:00,0.0,0.0,0.0,0.0,0.0,0.01,1,20.0,21.0,15.0,-5.6,1.21,4.8,263,45,65380.0,0,0.281
2026-01-15T22:00,0.0,0.0,0.0,0.0,0.0,0.01,1,20.0,66.0,15.0,-6.3,1.12,4.8,260,21,65360.0,0,0.281
2026-01-15T23:00,0.0,0.0,0.0,0.0,0.0,0.01,0,40.0,47.0,20.0,-6.8,1.22,5.0,261,9,65360.0,0,0.281
2026-01-16T00:00,0.0,0.0,0.0,0.0,0.0,0.01,0,50.0,66.0,15.0,-8.1,0.92,5.0,257,16,65340.0,0,0.281
2026-01-16T01:00,0.0,0.0,0.0,0.0,0.0,0.01,1,50.0,69.0,15.0,-7.0,1.51,5.2,262,37,65340.0,1,0.281
2026-01-16T02:00,0.0,0.0,0.0,0.0,0.0,0.01,2,40.0,74.0,135.0,-0.9,1.23,5.7,291,68,68980.0,1,0.281
2026-01-16T03:00,0.0,0.0,0.0,0.0,0.0,0.0,0,50.0,77.0,565.0,2.6,1.16,5.8,335,7,70400.0,1,0.281
2026-01-16T04:00,0.0,0.0,0.0,0.0,0.0,0.0,0,50.0,8.0,3415.0,5.3,1.92,7.9,332,5,71620.0,1,0.281
2026-01-16T05:00,0.0,0.0,0.0,0.0,0.0,0.0,1,20.0,0.0,3900.0,6.9,3.34,11.1,321,35,72320.0,1,0.281
2026-01-16T06:00,0.0,0.0,0.0,0.0,0.0,0.0,1,0.0,1.0,3985.0,6.9,3.65,12.0,319,48,72300.0,1,0.281
2026-01-16T07:00,0.0,0.0,0.0,0.0,0.0,0.0,0,0.0,1.0,4045.0,7.6,3.22,12.0,312,5,72300.0,1,0.281
2026-01-16T08:00,0.0,0.0,0.0,0.0,0.0,0.0,2,0.0,1.0,4125.0,7.7,2.73,10.7,310,79,72280.0,1,0.28
2026-01-16T09:00,0.0,0.0,0.0,0.0,0.0,0.0,3,0.0,1.0,4155.0,7.1,2.52,9.1,321,89,72280.0,1,0.28
2026-01-16T10:00,0.0,0.0,0.0,0.0,0.0,0.0,0,0.0,1.0,115.0,5.6,0.43,8.3,324,1,72260.0,1,0.28
2026-01-16T11:00,0.0,0.0,0.0,0.0,0.0,0.0,0,0.0,1.0,50.0,1.2,0.71,4.3,309,0,72260.0,0,0.28
2026-01-16T12:00,0.0,0.0,0.0,0.0,0.0,0.0,0,0.0,1.0,145.0,0.9,1.05,6.2,267,0,72240.0,0,0.28
2026-01-16T13:00,0.0,0.0,0.0,0.0,0.0,0.0,0,0.0,1.0,85.0,-0.1,1.26,7.1,263,0,72220.0,0,0.28
2026-01-16T14:00,0.0,0.0,0.0,0.0,0.0,0.0,0,0.0,1.0,40.0,-0.9,1.18,7.0,234,0,71500.0,0,0.28
2026-01-16T15:00,0.0,0.0,0.0,0.0,0.0,0.0,0,0.0,1.0,30.0,-2.1,1.27,6.0,228,0,71480.0,0,0.28
2026-01-16T16:00,0.0,0.0,0.0,0.0,0.0,0.0,0,0.0,1.0,15.0,-4.2,0.89,4.8,232,0,70960.0,0,0.28
2026-01-16T17:00,0.0,0.0,0.0,0.0,0.0,0.0,0,0.0,1.0,10.0,-5.9,0.81,3.9,227,0,70940.0,0,0.28
2026-01-16T18:00,0.0,0.0,0.0,0.0,0.0,0.0,0,0.0,1.0,10.0,-7.5,0.75,3.9,233,0,70200.0,0,0.28
2026-01-16T19:00,0.0,0.0,0.0,0.0,0.0,0.0,0,0.0,0.0,10.0,-8.1,0.49,3.8,246,0,70180.0,0,0.28
2026-01-16T20:00,0.0,0.0,0.0,0.0,0.0,0.0,0,0.0,0.0,10.0,-8.6,0.49,3.9,246,0,70180.0,0,0.28
2026-01-16T21:00,0.0,0.0,0.0,0.0,0.0,0.0,0,0.0,0.0,10.0,-9.1,0.34,4.0,243,0,68720.0,0,0.28
2026-01-16T22:00,0.0,0.0,0.0,0.0,0.0,0.0,0,0.0,0.0,10.0,-9.5,0.18,4.1,236,0,68720.0,0,0.28
2026-01-16T23:00,0.0,0.0,0.0,0.0,0.0,0.0,0,0.0,0.0,10.0,-9.7,0.27,4.0,248,0,68700.0,0,0.28
2026-01-17T00:00,0.0,0.0,0.0,0.0,0.0,0.0,0,0.0,0.0,10.0,-10.1,0.27,4.1,248,0,68680.0,0,0.28
2026-01-17T01:00,0.0,0.0,0.0,0.0,0.0,0.0,0,0.0,0.0,10.0,-9.0,0.41,4.3,256,0,68660.0,1,0.28
2026-01-17T02:00,0.0,0.0,0.0,0.0,0.0,0.0,0,0.0,0.0,85.0,-1.7,0.18,4.4,236,0,70800.0,1,0.28
2026-01-17T03:00,0.0,0.0,0.0,0.0,0.0,0.0,0,0.0,0.0,420.0,2.3,1.0,4.2,108,0,71300.0,1,0.28
2026-01-17T04:00,0.0,0.0,0.0,0.0,0.0,0.0,0,0.0,0.0,785.0,5.4,1.66,6.1,115,1,71280.0,1,0.28
2026-01-17T05:00,0.0,0.0,0.0,0.0,0.0,0.0,2,0.0,0.0,1620.0,8.3,1.6,7.0,148,52,71980.0,1,0.28
2026-01-17T06:00,0.0,0.0,0.0,0.0,0.0,0.0,0,0.0,0.0,4420.0,9.4,2.15,7.8,208,3,71980.0,1,0.28
2026-01-17T07:00,0.0,0.0,0.0,0.0,0.0,0.0,0,20.0,0.0,5055.0,11.1,5.15,15.0,268,0,71960.0,1,0.28
2026-01-17T08:00,0.0,0.0,0.0,0.0,0.0,0.0,2,0.0,0.0,4265.0,10.5,5.02,16.3,260,50,71940.0,1,0.28
2026-01-17T09:00,0.0,0.0,0.0,0.0,0.0,0.0,2,0.0,0.0,4185.0,9.4,4.19,16.1,262,51,71920.0,1,0.28
2026-01-17T10:00,0.0,0.0,0.0,0.0,0.0,0.0,2,0.0,0.0,3860.0,8.1,2.25,12.8,267,52,71920.0,1,0.28
2026-01-17T11:00,0.0,0.0,0.0,0.0,0.0,0.0,3,10.0,0.0,40.0,3.5,0.54,8.1,214,98,71180.0,0,0.28
2026-01-17T12:00,0.0,0.0,0.0,0.0,0.0,0.0,0,0.0,0.0,35.0,3.5,0.72,4.5,192,12,71160.0,0,0.28
2026-01-17T13:00,0.0,0.0,0.0,0.0,0.0,0.0,0,0.0,0.0,20.0,1.8,0.78,4.8,207,1,71160.0,0,0.28
2026-01-17T14:00,0.0,0.0,0.0,0.0,0.0,0.0,0,0.0,0.0,20.0,0.0,1.13,5.6,225,0,71140.0,0,0.28
2026-01-17T15:00,0.0,0.0,0.0,0.0,0.0,0.0,0,0.0,0.0,25.0,-1.3,1.28,6.3,239,4,70600.0,0,0.28
2026-01-17T16:00,0.0,0.0,0.0,0.0,0.0,0.0,2,0.0,0.0,25.0,-2.5,1.3,6.3,247,53,70580.0,0,0.28
2026-01-17T17:00,0.0,0.0,0.0,0.0,0.0,0.0,1,0.0,0.0,25.0,-3.3,1.14,6.2,255,30,70560.0,0,0.28
2026-01-17T18:00,0.0,0.0,0.0,0.0,0.0,0.0,0,0.0,0.0,15.0,-4.5,0.89,5.5,243,1,69840.0,0,0.28
2026-01-17T19:00,0.0,0.0,0.0,0.0,0.0,0.0,0,0.0,0.0,10.0,-5.5,0.68,4.6,234,0,69820.0,0,0.28
2026-01-17T20:00,0.0,0.0,0.0,0.0,0.0,0.0,0,0.0,0.0,10.0,-6.2,0.72,4.4,236,1,68360.0,0,0.28
2026-01-17T21:00,0.0,0.0,0.0,0.0,0.0,0.0,0,0.0,0.0,10.0,-6.7,0.63,4.3,241,0,68360.0,0,0.28
2026-01-17T22:00,0.0,0.0,0.0,0.0,0.0,0.0,0,0.0,0.0,10.0,-7.3,0.51,4.1,241,0,68340.0,0,0.28
2026-01-17T23:00,0.0,0.0,0.0,0.0,0.0,0.0,0,0.0,0.0,10.0,-7.7,0.54,4.1,248,1,67320.0,0,0.28
2026-01-18T00:00,0.0,0.0,0.0,0.0,0.0,0.0,0,0.0,0.0,10.0,-7.8,0.72,4.8,245,0,67300.0,0,0.28
2026-01-18T01:00,0.0,0.0,0.0,0.0,0.0,0.0,0,0.0,0.0,10.0,-7.1,0.65,5.2,247,0,67280.0,1,0.28
2026-01-18T02:00,0.0,0.0,0.0,0.0,0.0,0.0,0,0.0,0.0,45.0,0.7,0.7,5.4,274,0,70440.0,1,0.28
2026-01-18T03:00,0.0,0.0,0.0,0.0,0.0,0.0,0,0.0,0.0,440.0,5.5,0.47,4.9,32,0,70420.0,1,0.28
2026-01-18T04:00,0.0,0.0,0.0,0.0,0.0,0.0,0,0.0,0.0,1145.0,8.5,0.65,4.7,58,0,70920.0,1,0.28
2026-01-18T05:00,0.0,0.0,0.0,0.0,0.0,0.0,0,60.0,0.0,4555.0,11.8,1.04,4.7,253,0,70900.0,1,0.28
2026-01-18T06:00,0.0,0.0,0.0,0.0,0.0,0.0,0,30.0,0.0,4950.0,11.9,5.28,16.3,260,0,71620.0,1,0.28
2026-01-18T07:00,0.0,0.0,0.0,0.0,0.0,0.0,0,10.0,0.0,4890.0,12.4,6.2,18.9,268,1,71600.0,1,0.28
2026-01-18T08:00,0.0,0.0,0.0,0.0,0.0,0.0,2,40.0,0.0,4615.0,11.8,4.87,19.1,260,69,71580.0,1,0.28
2026-01-18T09:00,0.0,0.0,0.0,0.0,0.0,0.0,3,30.0,0.0,4455.0,11.3,3.99,14.5,262,82,71580.0,1,0.28
2026-01-18T10:00,0.0,0.0,0.0,0.0,0.0,0.0,3,0.0,21.0,2945.0,8.9,1.68,12.0,247,97,71560.0,1,0.28
2026-01-18T11:00,0.0,0.0,0.0,0.0,0.0,0.0,1,0.0,21.0,1345.0,4.9,1.71,8.3,232,37,70820.0,0,0.28
2026-01-18T12:00,0.0,0.0,0.0,0.0,0.0,0.0,2,10.0,21.0,45.0,5.6,0.62,7.8,194,51,70800.0,0,0.28
2026-01-18T13:00,0.0,0.0,0.0,0.0,0.0,0.0,0,0.0,103.0,25.0,4.0,0.6,5.4,185,3,70780.0,0,0.28
2026-01-18T14:00,0.0,0.0,0.0,0.0,0.0,0.0,0,0.0,22.0,25.0,2.6,0.76,5.9,188,1,70780.0,0,0.28
2026-01-18T15:00,0.0,0.0,0.0,0.0,0.0,0.0,0,0.0,22.0,30.0,0.5,1.35,7.7,228,4,70760.0,0,0.28
2026-01-18T16:00,0.0,0.0,0.0,0.0,0.0,0.0,2,0.0,22.0,30.0,-0.5,1.43,8.0,241,72,70220.0,0,0.28
2026-01-18T17:00,0.0,0.0,0.0,0.0,0.0,0.0,1,0.0,22.0,30.0,-0.7,1.27,7.8,244,48,69480.0,0,0.28
2026-01-18T18:00,0.0,0.0,0.0,0.0,0.0,0.0,2,10.0,27.0,30.0,-1.4,1.04,6.9,253,60,69460.0,0,0.28
2026-01-18T19:00,0.0,0.0,0.0,0.0,0.0,0.0,1,10.0,31.0,20.0,-1.6,0.89,5.6,243,27,69440.0,0,0.28
2026-01-18T20:00,0.0,0.0,0.0,0.0,0.0,0.0,0,20.0,46.0,15.0,-2.9,1.01,5.2,250,6,69440.0,0,0.28
2026-01-18T21:00,0.0,0.0,0.0,0.0,0.0,0.0,2,20.0,30.0,20.0,-3.8,1.28,5.7,249,65,67980.0,0,0.28
2026-01-18T22:00,0.0,0.0,0.0,0.0,0.0,0.0,2,0.0,,15.0,-4.4,1.36,6.2,253,59,66960.0,0,0.28
2026-01-18T23:00,0.0,0.0,0.0,0.0,0.0,0.0,0,0.0,,15.0,-4.9,1.25,6.2,247,0,66940.0,0,0.28
2026-01-19T00:00,0.0,0.0,0.0,0.0,0.0,0.0,0,0.0,,15.0,-5.6,1.12,6.3,249,0,66920.0,0,0.28
2026-01-19T01:00,0.0,0.0,0.0,0.0,0.0,0.0,0,0.0,,15.0,-4.8,1.41,6.6,247,0,66900.0,1,0.28
2026-01-19T02:00,0.0,0.0,0.0,0.0,0.0,0.0,0,0.0,,95.0,2.4,1.38,7.1,257,0,69340.0,1,0.28
2026-01-19T03:00,0.0,0.0,0.0,0.0,0.0,0.0,0,0.0,,965.0,5.8,0.89,6.2,243,0,70060.0,1,0.28
2026-01-19T04:00,0.0,0.0,0.0,0.0,0.0,0.0,0,30.0,60.0,2685.0,8.3,1.06,5.7,225,0,70040.0,1,0.28
2026-01-19T05:00,0.0,0.0,0.0,0.0,0.0,0.0,1,60.0,0.0,4370.0,10.7,3.7,10.7,254,22,70560.0,1,0.28
2026-01-19T06:00,0.0,0.0,0.0,0.0,0.0,0.0,1,20.0,0.0,4460.0,10.5,5.35,15.5,271,48,71260.0,1,0.28
2026-01-19T07:00,0.0,0.0,0.0,0.0,0.0,0.0,1,20.0,0.0,3910.0,10.1,5.44,17.8,259,26,70520.0,1,0.279
2026-01-19T08:00,0.0,0.0,0.0,0.0,0.0,0.0,3,60.0,0.0,4270.0,9.8,4.49,17.0,256,99,40240.0,1,0.279
2026-01-19T09:00,0.0,0.0,0.0,0.0,0.0,0.0,3,10.0,,3335.0,8.8,3.6,13.4,270,95,70500.0,1,0.279
2026-01-19T10:00,0.0,0.0,0.0,0.0,0.0,0.0,3,20.0,,3955.0,7.7,3.2,11.1,241,100,70480.0,1,0.279
2026-01-19T11:00,0.0,0.0,0.0,0.0,0.0,0.0,3,0.0,15.0,575.0,3.3,1.72,10.4,216,88,70460.0,0,0.279
2026-01-19T12:00,0.0,0.0,0.0,0.0,0.0,0.0,2,0.0,15.0,295.0,3.4,1.1,8.2,231,59,70440.0,0,0.279
2026-01-19T13:00,0.0,0.0,0.0,0.0,0.0,0.0,0,0.0,43.0,35.0,2.1,0.94,6.7,238,13,69900.0,0,0.279
2026-01-19T14:00,0.0,0.0,0.0,0.0,0.0,0.0,0,10.0,36.0,25.0,0.5,1.1,5.5,240,7,69880.0,0,0.279
2026-01-19T15:00,0.0,0.0,0.0,0.0,0.0,0.0,1,10.0,31.0,20.0,-0.6,1.35,5.7,239,25,69140.0,0,0.279
2026-01-19T16:00,0.0,0.0,0.0,0.0,0.0,0.0,1,20.0,50.0,20.0,-1.6,1.32,5.7,245,23,69120.0,0,0.279
2026-01-19T17:00,0.0,0.0,0.0,0.0,0.0,0.0,0,20.0,46.0,20.0,-2.2,1.47,5.4,252,14,67680.0,0,0.279
2026-01-19T18:00,0.0,0.0,0.0,0.0,0.0,0.0,0,10.0,25.0,30.0,-2.6,1.25,5.4,254,0,67660.0,0,0.279
2026-01-19T19:00,0.0,0.0,0.0,0.0,0.0,0.0,0,0.0,35.0,25.0,-3.0,1.12,4.6,249,0,66620.0,0,0.279
2026-01-19T20:00,0.0,0.0,0.0,0.0,0.0,0.0,0,0.0,65.0,20.0,-4.0,1.01,4.5,243,0,66600.0,0,0.279
2026-01-19T21:00,0.0,0.0,0.0,0.0,0.0,0.0,0,0.0,65.0,20.0,-4.5,1.14,4.4,241,0,65340.0,0,0.279
2026-01-19T22:00,0.0,0.0,0.0,0.0,0.0,0.0,0,0.0,65.0,20.0,-5.2,1.17,4.8,239,0,65320.0,0,0.279
2026-01-19T23:00,0.0,0.0,0.0,0.0,0.0,0.0,0,0.0,65.0,15.0,-5.8,1.05,5.0,239,0,65300.0,0,0.279
2026-01-20T00:00,0.0,0.0,0.0,0.0,0.0,0.0,0,0.0,65.0,15.0,-6.7,1.05,5.0,245,0,63860.0,0,0.279
2026-01-20T01:00,0.0,0.0,0.0,0.0,0.0,0.0,0,0.0,65.0,15.0,-5.8,1.28,5.2,239,0,63840.0,1,0.279
2026-01-20T02:00,0.0,0.0,0.0,0.0,0.0,0.0,0,0.0,65.0,120.0,0.6,1.0,5.6,233,0,67540.0,1,0.279
2026-01-20T03:00,0.0,0.0,0.0,0.0,0.0,0.0,0,0.0,65.0,815.0,4.2,0.36,4.8,124,0,68960.0,1,0.279
2026-01-20T04:00,0.0,0.0,0.0,0.0,0.0,0.0,0,0.0,64.0,1645.0,6.9,0.65,4.8,148,0,69680.0,1,0.279
2026-01-20T05:00,0.0,0.0,0.0,0.0,0.0,0.0,0,0.0,64.0,2685.0,9.5,1.75,6.7,217,0,70200.0,1,0.279
2026-01-20T06:00,0.0,0.0,0.0,0.0,0.0,0.0,0,0.0,64.0,3200.0,10.5,3.26,11.7,238,0,70920.0,1,0.279
2026-01-20T07:00,0.0,0.0,0.0,0.0,0.0,0.0,0,0.0,64.0,3260.0,11.6,3.81,12.1,247,1,70900.0,1,0.279
2026-01-20T08:00,0.0,0.0,0.0,0.0,0.0,0.0,0,0.0,64.0,3010.0,10.9,3.44,12.7,242,0,70160.0,1,0.279
2026-01-20T09:00,0.0,0.0,0.0,0.0,0.0,0.0,0,0.0,64.0,3015.0,10.6,2.8,11.2,220,0,70140.0,1,0.279
2026-01-20T10:00,0.0,0.0,0.0,0.0,0.0,0.0,0,0.0,64.0,1630.0,8.4,2.18,10.3,212,2,69600.0,1,0.279
2026-01-20T11:00,0.0,0.0,0.0,0.0,0.0,0.0,0,0.0,64.0,110.0,4.3,0.8,7.9,176,0,69580.0,0,0.279
2026-01-20T12:00,0.0,0.0,0.0,0.0,0.0,0.0,0,0.0,64.0,20.0,4.4,0.51,5.9,241,8,69560.0,0,0.278
2026-01-20T13:00,0.0,0.0,0.0,0.0,0.0,0.0,3,0.0,64.0,15.0,2.7,0.61,5.5,235,81,69540.0,0,0.278
2026-01-20T14:00,0.0,0.0,0.0,0.0,0.0,0.0,2,0.0,64.0,10.0,1.4,0.54,5.5,248,63,69540.0,0,0.278
2026-01-20T15:00,0.0,0.0,0.0,0.0,0.0,0.0,1,10.0,63.0,20.0,-0.0,1.28,6.9,249,48,68780.0,0,0.278
2026-01-20T16:00,0.0,0.0,0.0,0.0,0.0,0.0,0,0.0,63.0,20.0,-1.1,1.41,7.6,247,10,67320.0,0,0.278
2026-01-20T17:00,0.0,0.0,0.0,0.0,0.0,0.0,0,0.0,63.0,25.0,-1.9,1.5,7.6,255,2,66280.0,0,0.278
2026-01-20T18:00,0.0,0.0,0.0,0.0,0.0,0.0,0,0.0,70.0,35.0,-2.3,1.71,7.6,255,5,66280.0,0,0.278
2026-01-20T19:00,0.0,0.0,0.0,0.0,0.0,0.0,0,10.0,20.0,35.0,-2.4,1.46,7.4,248,0,66260.0,0,0.278
2026-01-20T20:00,0.0,0.0,0.0,0.0,0.0,0.0,0,0.0,26.0,35.0,-2.6,1.37,7.0,246,0,64980.0,0,0.278
2026-01-20T21:00,0.0,0.0,0.0,0.0,0.0,0.0,0,0.0,43.0,30.0,-3.3,1.39,6.3,240,0,64960.0,0,0.278
2026-01-20T22:00,0.0,0.0,0.0,0.0,0.0,0.0,0,0.0,63.0,30.0,-4.1,1.43,6.0,245,0,64940.0,0,0.278
2026-01-20T23:00,0.0,0.0,0.0,0.0,0.0,0.0,0,0.0,62.0,30.0,-4.5,1.54,6.2,241,3,63500.0,0,0.278
2026-01-21T00:00,0.0,0.0,0.0,0.0,0.0,0.0,0,0.0,25.0,25.0,-5.0,1.21,6.2,246,0,64920.0,0,0.278
2026-01-21T01:00,0.0,0.0,0.0,0.0,0.0,0.0,0,0.0,62.0,25.0,-4.0,1.41,5.9,247,0,64900.0,1,0.278
2026-01-21T02:00,0.0,0.0,0.0,0.0,0.0,0.0,0,0.0,62.0,135.0,2.2,1.33,6.4,250,0,67160.0,1,0.278
2026-01-21T03:00,0.0,0.0,0.0,0.0,0.0,0.0,0,0.0,62.0,760.0,5.8,0.72,5.8,245,0,68600.0,1,0.278
2026-01-21T04:00,0.0,0.0,0.0,0.0,0.0,0.0,0,20.0,90.0,1610.0,8.5,0.6,5.4,294,14,69320.0,1,0.278
2026-01-21T05:00,0.0,0.0,0.0,0.0,0.0,0.0,0,50.0,12.0,4200.0,10.8,2.16,7.3,277,14,69840.0,1,0.278
2026-01-21T06:00,0.0,0.0,0.0,0.0,0.0,0.0,0,40.0,0.0,4215.0,11.1,4.76,15.4,274,17,69820.0,1,0.279
2026-01-21T07:00,0.0,0.0,0.0,0.0,0.0,0.0,1,30.0,0.0,3810.0,10.7,4.86,16.8,274,41,69820.0,1,0.278
2026-01-21T08:00,0.0,0.0,0.0,0.0,0.0,0.0,3,60.0,0.0,4145.0,10.7,4.25,15.2,268,98,69800.0,1,0.278
2026-01-21T09:00,0.0,0.0,0.0,0.0,0.0,0.0,3,10.0,2.0,3245.0,9.9,4.0,13.0,270,100,68380.0,1,0.278
2026-01-21T10:00,0.0,0.0,0.0,0.0,0.0,0.0,3,10.0,4.0,2600.0,8.3,2.1,12.2,271,98,49300.0,1,0.278
2026-01-21T11:00,0.0,0.0,0.0,0.0,0.0,0.0,3,0.0,7.0,2480.0,5.1,1.6,7.3,302,100,69760.0,0,0.278
2026-01-21T12:00,0.0,0.0,0.0,0.0,0.0,0.0,0,50.0,16.0,145.0,4.8,0.84,8.2,287,6,69740.0,0,0.278
2026-01-21T13:00,0.0,0.0,0.0,0.0,0.0,0.0,0,10.0,100.0,20.0,2.8,0.7,5.2,249,1,69720.0,0,0.278
2026-01-21T14:00,0.0,0.0,0.0,0.0,0.0,0.0,0,10.0,91.0,20.0,0.8,1.03,4.6,247,0,69720.0,0,0.278
2026-01-21T15:00,0.0,0.0,0.0,0.0,0.0,0.0,0,10.0,59.0,20.0,-0.2,1.45,5.4,243,0,69160.0,0,0.278
2026-01-21T16:00,0.0,0.0,0.0,0.0,0.0,0.0,0,10.0,89.0,20.0,-1.6,1.52,5.8,253,0,68400.0,0,0.278
2026-01-21T17:00,0.0,0.0,0.0,0.0,0.0,0.0,0,30.0,72.0,15.0,-2.5,1.5,6.0,255,0,66940.0,0,0.278
2026-01-21T18:00,0.0,0.0,0.0,0.0,0.0,0.0,0,10.0,34.0,20.0,-3.0,1.42,6.0,252,0,65900.0,0,0.278
2026-01-21T19:00,0.0,0.0,0.0,0.0,0.0,0.0,0,20.0,12.0,20.0,-3.4,1.52,6.3,253,0,65900.0,0,0.278
2026-01-21T20:00,0.0,0.0,0.0,0.0,0.0,0.0,0,0.0,23.0,15.0,-3.6,1.23,6.4,243,0,64600.0,0,0.278
2026-01-21T21:00,0.0,0.0,0.0,0.0,0.0,0.0,0,0.0,27.0,15.0,-4.3,0.9,6.3,251,0,64600.0,0,0.278
2026-01-21T22:00,0.0,0.0,0.0,0.0,0.0,0.0,0,0.0,46.0,15.0,-4.9,0.81,5.5,259,0,64580.0,0,0.278
2026-01-21T23:00,0.0,0.0,0.0,0.0,0.0,0.0,0,0.0,48.0,20.0,-5.3,0.97,4.9,258,0,63120.0,0,0.278
2026-01-22T00:00,0.0,0.0,0.0,0.0,0.0,0.0,0,0.0,53.0,10.0,-6.8,0.73,4.8,254,0,63120.0,0,0.278
2026-01-22T01:00,0.0,0.0,0.0,0.0,0.0,0.0,0,0.0,47.0,10.0,-6.4,1.11,4.5,252,0,63100.0,1,0.278
2026-01-22T02:00,0.0,0.0,0.0,0.0,0.0,0.0,0,0.0,39.0,100.0,1.1,0.66,4.6,261,0,68260.0,1,0.278
2026-01-22T03:00,0.0,0.0,0.0,0.0,0.0,0.0,0,0.0,35.0,625.0,4.9,0.38,3.9,67,0,68980.0,1,0.278
2026-01-22T04:00,0.0,0.0,0.0,0.0,0.0,0.0,0,0.0,0.0,2380.0,7.6,0.5,4.7,354,0,69520.0,1,0.278
2026-01-22T05:00,0.0,0.0,0.0,0.0,0.0,0.0,0,0.0,57.0,3380.0,9.7,2.22,7.9,301,0,70240.0,1,0.278
2026-01-22T06:00,0.0,0.0,0.0,0.0,0.0,0.0,0,0.0,57.0,3395.0,9.7,3.56,13.0,308,0,70240.0,1,0.278
2026-01-22T07:00,0.0,0.0,0.0,0.0,0.0,0.0,0,0.0,57.0,3180.0,10.5,3.56,12.4,299,0,70220.0,1,0.278
2026-01-22T08:00,0.0,0.0,0.0,0.0,0.0,0.0,0,0.0,57.0,3140.0,10.3,3.56,11.7,274,0,70200.0,1,0.277
2026-01-22T09:00,0.0,0.0,0.0,0.0,0.0,0.0,0,0.0,56.0,3070.0,10.0,2.38,11.1,262,0,70180.0,1,0.277
2026-01-22T10:00,0.0,0.0,0.0,0.0,0.0,0.0,0,0.0,56.0,2735.0,8.6,1.35,7.0,255,0,70180.0,1,0.277
2026-01-22T11:00,0.0,0.0,0.0,0.0,0.0,0.0,0,0.0,56.0,35.0,3.6,0.65,4.9,266,0,70160.0,0,0.277
2026-01-22T12:00,0.0,0.0,0.0,0.0,0.0,0.0,0,0.0,56.0,15.0,2.6,0.32,4.7,231,0,70140.0,0,0.277
2026-01-22T13:00,0.0,0.0,0.0,0.0,0.0,0.0,0,0.0,56.0,15.0,0.3,0.86,3.9,234,0,69380.0,0,0.277
2026-01-22T14:00,0.0,0.0,0.0,0.0,0.0,0.0,0,0.0,55.0,15.0,-1.0,1.01,4.5,243,0,69360.0,0,0.277
2026-01-22T15:00,0.0,0.0,0.0,0.0,0.0,0.0,0,0.0,55.0,15.0,-1.9,1.1,4.8,240,0,68820.0,0,0.277
2026-01-22T16:00,0.0,0.0,0.0,0.0,0.0,0.0,0,0.0,55.0,15.0,-2.6,1.1,4.9,246,0,68800.0,0,0.277
2026-01-22T17:00,0.0,0.0,0.0,0.0,0.0,0.0,0,0.0,55.0,15.0,-3.1,0.94,4.8,245,0,68040.0,0,0.277
2026-01-22T18:00,0.0,0.0,0.0,0.0,0.0,0.0,0,0.0,55.0,15.0,-3.6,0.87,4.6,246,0,66580.0,0,0.277
2026-01-22T19:00,0.0,0.0,0.0,0.0,0.0,0.0,0,0.0,54.0,10.0,-3.7,0.67,4.4,243,0,66560.0,0,0.277
2026-01-22T20:00,0.0,0.0,0.0,0.0,0.0,0.0,0,0.0,54.0,10.0,-4.1,0.56,4.0,243,0,66540.0,0,0.277
2026-01-22T21:00,0.0,0.0,0.0,0.0,0.0,0.0,0,0.0,54.0,10.0,-4.7,0.6,3.8,246,0,66520.0,0,0.277
2026-01-22T22:00,0.0,0.0,0.0,0.0,0.0,0.0,0,0.0,54.0,10.0,-5.3,0.6,3.8,246,0,65480.0,0,0.277
2026-01-22T23:00,0.0,0.0,0.0,0.0,0.0,0.0,0,0.0,53.0,10.0,-5.8,0.56,3.8,243,0,65480.0,0,0.277
2026-01-23T00:00,0.0,0.0,0.0,0.0,0.0,0.0,0,0.0,53.0,10.0,-6.6,0.65,3.7,247,0,64180.0,0,0.277
2026-01-23T01:00,0.0,0.0,0.0,0.0,0.0,0.0,0,0.0,53.0,10.0,-5.8,0.98,3.9,255,0,65440.0,1,0.277
2026-01-23T02:00,0.0,0.0,0.0,0.0,0.0,0.0,0,0.0,53.0,130.0,1.5,0.94,4.2,295,0,67900.0,1,0.277
2026-01-23T03:00,0.0,0.0,0.0,0.0,0.0,0.0,0,0.0,52.0,475.0,5.0,0.76,4.7,352,0,68640.0,1,0.277
2026-01-23T04:00,0.0,0.0,0.0,0.0,0.0,0.0,0,0.0,52.0,1000.0,7.7,0.6,4.8,48,0,68620.0,1,0.277
2026-01-23T05:00,0.0,0.0,0.0,0.0,0.0,0.0,0,0.0,52.0,1750.0,9.7,0.78,5.3,75,0,69160.0,1,0.277
2026-01-23T06:00,0.0,0.0,0.0,0.0,0.0,0.0,0,0.0,52.0,2775.0,10.3,1.43,6.2,65,0,69140.0,1,0.277
2026-01-23T07:00,0.0,0.0,0.0,0.0,0.0,0.0,0,0.0,51.0,3060.0,12.1,1.43,6.9,54,0,69120.0,1,0.277
2026-01-23T08:00,0.0,0.0,0.0,0.0,0.0,0.0,0,0.0,51.0,3190.0,12.6,0.71,6.9,45,0,69860.0,1,0.278
2026-01-23T09:00,0.0,0.0,0.0,0.0,0.0,0.0,0,0.0,51.0,3015.0,12.1,1.61,4.9,240,0,69840.0,1,0.278
2026-01-23T10:00,0.0,0.0,0.0,0.0,0.0,0.0,0,0.0,51.0,445.0,9.8,1.89,7.7,238,0,69840.0,1,0.277
2026-01-23T11:00,0.0,0.0,0.0,0.0,0.0,0.0,0,0.0,50.0,35.0,4.3,0.93,6.5,216,0,69820.0,0,0.277
2026-01-23T12:00,0.0,0.0,0.0,0.0,0.0,0.0,0,0.0,50.0,15.0,3.7,0.57,4.5,225,0,69060.0,0,0.277
2026-01-23T13:00,0.0,0.0,0.0,0.0,0.0,0.0,0,0.0,50.0,20.0,1.6,1.28,5.1,231,0,69040.0,0,0.277
2026-01-23T14:00,0.0,0.0,0.0,0.0,0.0,0.0,0,0.0,49.0,15.0,0.1,1.48,5.6,237,0,68480.0,0,0.277
2026-01-23T15:00,0.0,0.0,0.0,0.0,0.0,0.0,0,0.0,49.0,15.0,-1.3,1.47,5.8,235,0,68460.0,0,0.277
2026-01-23T16:00,0.0,0.0,0.0,0.0,0.0,0.0,0,0.0,49.0,15.0,-2.0,1.17,5.8,239,0,67700.0,0,0.277
2026-01-23T17:00,0.0,0.0,0.0,0.0,0.0,0.0,0,0.0,49.0,15.0,-2.3,1.12,5.4,238,0,67680.0,0,0.277
2026-01-23T18:00,0.0,0.0,0.0,0.0,0.0,0.0,0,0.0,48.0,15.0,-2.9,1.16,5.6,245,0,66220.0,0,0.277
2026-01-23T19:00,0.0,0.0,0.0,0.0,0.0,0.0,0,0.0,48.0,15.0,-3.1,1.25,5.7,241,0,66200.0,0,0.277
2026-01-23T20:00,0.0,0.0,0.0,0.0,0.0,0.0,0,0.0,48.0,15.0,-3.5,1.27,5.9,244,0,65160.0,0,0.277
2026-01-23T21:00,0.0,0.0,0.0,0.0,0.0,0.0,0,0.0,47.0,15.0,-3.8,1.19,6.0,248,0,65140.0,0,0.277
2026-01-23T22:00,0.0,0.0,0.0,0.0,0.0,0.0,0,0.0,47.0,15.0,-4.4,1.23,6.4,249,0,65140.0,0,0.277
2026-01-23T23:00,0.0,0.0,0.0,0.0,0.0,0.0,0,0.0,47.0,25.0,-4.7,1.26,6.6,252,0,65120.0,0,0.277
2026-01-24T00:00,0.0,0.0,0.0,0.0,0.0,0.0,0,0.0,46.0,20.0,-5.6,1.12,6.9,249,0,63820.0,0,0.277
2026-01-24T01:00,0.0,0.0,0.0,0.0,0.0,0.0,0,0.0,46.0,20.0,-4.1,1.19,6.7,248,0,65080.0,1,0.277
2026-01-24T02:00,0.0,0.0,0.0,0.0,0.0,0.0,0,0.0,46.0,80.0,2.8,1.0,6.6,270,0,67560.0,1,0.277
2026-01-24T03:00,0.0,0.0,0.0,0.0,0.0,0.0,0,0.0,46.0,635.0,7.1,0.68,5.7,216,0,68300.0,1,0.277
2026-01-24T04:00,0.0,0.0,0.0,0.0,0.0,0.0,0,0.0,45.0,3180.0,10.3,2.0,7.1,183,0,68820.0,1,0.277
2026-01-24T05:00,0.0,0.0,0.0,0.0,0.0,0.0,0,0.0,0.0,3835.0,11.7,3.94,12.7,240,1,69580.0,1,0.277
2026-01-24T06:00,0.0,0.0,0.0,0.0,0.0,0.0,0,0.0,29.0,3865.0,11.5,4.87,14.6,261,1,69560.0,1,0.277
2026-01-24T07:00,0.0,0.0,0.0,0.0,0.0,0.0,0,0.0,5.0,3850.0,11.7,4.67,15.8,257,19,69540.0,1,0.277
2026-01-24T08:00,0.0,0.0,0.0,0.0,0.0,0.0,0,0.0,4.0,3555.0,12.2,3.16,14.8,235,16,69520.0,1,0.277
2026-01-24T09:00,0.0,0.0,0.0,0.0,0.0,0.0,0,0.0,46.0,3775.0,11.5,4.01,13.9,234,4,69520.0,1,0.277
2026-01-24T10:00,0.0,0.0,0.0,0.0,0.0,0.0,0,0.0,43.0,2525.0,9.4,2.65,12.4,238,1,69500.0,1,0.276
2026-01-24T11:00,0.0,0.0,0.0,0.0,0.0,0.0,0,0.0,43.0,120.0,4.6,1.1,9.7,156,1,68720.0,0,0.276
2026-01-24T12:00,0.0,0.0,0.0,0.0,0.0,0.0,0,0.0,43.0,1290.0,5.2,1.36,6.9,186,3,68720.0,0,0.276
2026-01-24T13:00,0.0,0.0,0.0,0.0,0.0,0.0,0,0.0,42.0,85.0,4.6,0.61,7.8,145,3,68700.0,0,0.276
2026-01-24T14:00,0.0,0.0,0.0,0.0,0.0,0.0,0,0.0,42.0,30.0,4.1,0.43,6.1,216,9,68680.0,0,0.276
2026-01-24T15:00,0.0,0.0,0.0,0.0,0.0,0.0,0,0.0,42.0,40.0,1.6,1.47,6.8,252,11,68120.0,0,0.276
2026-01-24T16:00,0.0,0.0,0.0,0.0,0.0,0.0,0,0.0,41.0,35.0,0.2,1.51,7.1,264,9,67360.0,0,0.276
2026-01-24T17:00,0.0,0.0,0.0,0.0,0.0,0.0,0,0.0,41.0,35.0,-0.9,1.36,7.3,262,2,67340.0,0,0.276
2026-01-24T18:00,0.0,0.0,0.0,0.0,0.0,0.0,0,0.0,41.0,35.0,-1.4,1.29,7.1,257,2,65860.0,0,0.276
2026-01-24T19:00,0.0,0.0,0.0,0.0,0.0,0.0,0,0.0,40.0,35.0,-1.7,1.36,7.1,264,2,64820.0,0,0.276
2026-01-24T20:00,0.0,0.0,0.0,0.0,0.0,0.0,0,0.0,40.0,35.0,-2.1,1.19,7.1,255,2,64800.0,0,0.276
2026-01-24T21:00,0.0,0.0,0.0,0.0,0.0,0.0,0,0.0,40.0,35.0,-2.4,1.11,7.2,252,5,64800.0,0,0.276
2026-01-24T22:00,0.0,0.0,0.0,0.0,0.0,0.0,0,0.0,39.0,35.0,-2.7,1.2,7.1,253,5,64780.0,0,0.276
2026-01-24T23:00,0.0,0.0,0.0,0.0,0.0,0.0,0,0.0,39.0,35.0,-3.3,1.25,6.7,254,12,64760.0,0,0.276
2026-01-25T00:00,0.0,0.0,0.0,0.0,0.0,0.0,0,0.0,39.0,25.0,-3.5,1.06,6.2,251,4,64760.0,0,0.276
2026-01-25T01:00,0.0,0.0,0.0,0.0,0.0,0.0,0,0.0,38.0,25.0,-2.6,1.46,6.1,248,5,64740.0,1,0.276
2026-01-25T02:00,0.0,0.0,0.0,0.0,0.0,0.0,0,0.0,38.0,225.0,3.2,1.29,6.4,234,2,67200.0,1,0.276
2026-01-25T03:00,0.0,0.0,0.0,0.0,0.0,0.0,0,0.0,48.0,1605.0,6.0,1.35,5.6,211,13,67200.0,1,0.276
2026-01-25T04:00,0.5,0.0,0.5,0.35,0.5,0.0,85,0.0,4.0,2245.0,7.9,3.1,9.5,255,41,68480.0,1,0.276
2026-01-25T05:00,0.0,0.0,0.0,0.0,0.0,0.0,1,10.0,0.0,3980.0,9.9,4.52,13.4,257,46,68480.0,1,0.276
2026-01-25T06:00,0.0,0.0,0.0,0.0,0.0,0.0,2,0.0,0.0,4320.0,9.5,4.4,13.7,270,58,69220.0,1,0.276
2026-01-25T07:00,0.0,0.0,0.0,0.0,0.0,0.0,2,10.0,0.0,4420.0,10.0,4.93,15.3,264,60,68440.0,1,0.276
2026-01-25T08:00,0.0,0.0,0.0,0.0,0.0,0.0,3,40.0,0.0,4400.0,9.5,3.62,15.0,259,92,68440.0,1,0.275
2026-01-25T09:00,0.0,0.0,0.0,0.0,0.0,0.0,3,0.0,0.0,3900.0,8.8,4.59,14.4,286,98,68420.0,1,0.275
2026-01-25T10:00,0.0,0.0,0.0,0.0,0.0,0.0,2,20.0,0.0,1180.0,5.0,4.17,15.8,313,52,60680.0,1,0.275
2026-01-25T11:00,0.0,0.0,0.0,0.0,0.0,0.0,1,0.0,20.0,540.0,2.0,2.1,13.4,269,22,67840.0,0,0.275
2026-01-25T12:00,0.0,0.0,0.0,0.0,0.0,0.0,1,0.0,1.0,90.0,0.1,1.59,9.6,242,23,67060.0,0,0.275
2026-01-25T13:00,0.0,0.0,0.0,0.0,0.0,0.0,2,0.0,1.0,50.0,-0.5,1.43,8.1,241,51,67040.0,0,0.275
2026-01-25T14:00,0.0,0.0,0.0,0.0,0.0,0.0,0,0.0,1.0,30.0,-0.9,1.14,7.7,247,16,65580.0,0,0.275
2026-01-25T15:00,0.0,0.0,0.0,0.0,0.0,0.0,0,0.0,1.0,20.0,-2.0,0.92,7.2,257,10,67020.0,0,0.275
2026-01-25T16:00,0.0,0.0,0.0,0.0,0.0,0.0,0,0.0,1.0,20.0,-2.4,0.85,6.1,270,13,67000.0,0,0.275
2026-01-25T17:00,0.0,0.0,0.0,0.0,0.0,0.0,0,0.0,1.0,20.0,-3.0,0.95,5.3,267,0,67000.0,0,0.275
2026-01-25T18:00,0.0,0.0,0.0,0.0,0.0,0.0,0,0.0,1.0,15.0,-3.4,0.78,4.4,255,0,66980.0,0,0.275
2026-01-25T19:00,0.0,0.0,0.0,0.0,0.0,0.0,0,0.0,1.0,15.0,-3.9,0.78,3.7,255,0,66960.0,0,0.275
2026-01-25T20:00,0.0,0.0,0.0,0.0,0.0,0.0,0,0.0,1.0,15.0,-4.7,0.78,3.1,255,0,66960.0,0,0.275
2026-01-25T21:00,0.0,0.0,0.0,0.0,0.0,0.0,0,0.0,1.0,15.0,-5.5,0.89,2.8,254,0,65480.0,0,0.275
2026-01-25T22:00,0.0,0.0,0.0,0.0,0.0,0.0,0,0.0,2.0,15.0,-6.2,0.76,2.7,247,0,65460.0,0,0.275
2026-01-25T23:00,0.0,0.0,0.0,0.0,0.0,0.0,0,0.0,2.0,10.0,-6.6,0.49,2.5,246,0,65460.0,0,0.275
2026-01-26T00:00,0.0,0.0,0.0,0.0,0.0,0.0,0,0.0,2.0,10.0,-7.2,0.38,2.0,247,0,61680.0,0,0.275
2026-01-26T01:00,0.0,0.0,0.0,0.0,0.0,0.0,0,0.0,2.0,10.0,-6.1,0.78,2.1,255,7,61660.0,1,0.275
2026-01-26T02:00,0.0,0.0,0.0,0.0,0.0,0.0,3,0.0,2.0,210.0,-1.3,0.72,3.2,326,89,65180.0,1,0.275
2026-01-26T03:00,0.0,0.0,0.0,0.0,0.0,0.0,3,10.0,2.0,640.0,1.9,0.84,4.7,17,100,63560.0,1,0.275
2026-01-26T04:00,0.0,0.0,0.0,0.0,0.0,0.0,3,0.0,2.0,1370.0,4.4,0.32,4.8,39,99,49500.0,1,0.275
2026-01-26T05:00,0.0,0.0,0.0,0.0,0.0,0.0,3,0.0,0.0,2095.0,6.2,0.36,4.9,286,100,66260.0,1,0.275
2026-01-26T06:00,0.0,0.0,0.0,0.0,0.0,0.0,3,30.0,0.0,2640.0,6.6,1.78,7.2,259,98,59700.0,1,0.275
2026-01-26T07:00,0.0,0.0,0.0,0.0,0.0,0.0,3,100.0,0.0,3010.0,7.6,2.9,9.3,270,98,65440.0,1,0.275
2026-01-26T08:00,0.0,0.0,0.0,0.0,0.0,0.0,3,30.0,1.0,2635.0,7.0,3.79,11.9,278,95,68100.0,1,0.275
2026-01-26T09:00,0.0,0.0,0.0,0.0,0.0,0.0,3,0.0,0.0,2505.0,6.1,4.25,13.9,272,98,48820.0,1,0.275
2026-01-26T10:00,0.0,0.0,0.0,0.0,0.0,0.0,3,0.0,1.0,2260.0,5.0,3.45,13.9,289,100,63800.0,1,0.274
2026-01-26T11:00,0.0,0.0,0.0,0.0,0.0,0.0,1,0.0,23.0,1190.0,2.7,1.75,11.2,268,34,67500.0,1,0.274
2026-01-26T12:00,0.0,0.0,0.0,0.0,0.0,0.0,3,0.0,7.0,990.0,1.6,1.37,10.8,260,87,67480.0,0,0.274
2026-01-26T13:00,0.0,0.0,0.0,0.0,0.0,0.0,3,0.0,37.0,885.0,1.9,2.36,11.2,249,99,66700.0,0,0.274
2026-01-26T14:00,0.0,0.0,0.0,0.0,0.0,0.0,0,0.0,46.0,60.0,-0.3,1.12,10.7,243,3,66700.0,0,0.274
2026-01-26T15:00,0.0,0.0,0.0,0.0,0.0,0.0,0,40.0,63.0,40.0,-1.9,1.25,8.0,247,0,65220.0,0,0.274
2026-01-26T16:00,0.0,0.0,0.0,0.0,0.0,0.0,0,30.0,62.0,35.0,-3.0,1.27,8.0,244,5,63580.0,0,0.274
2026-01-26T17:00,0.0,0.0,0.0,0.0,0.0,0.0,0,0.0,75.0,30.0,-4.3,1.3,7.7,242,9,28340.0,0,0.274
2026-01-26T18:00,0.0,0.0,0.0,0.0,0.0,0.0,0,0.0,46.0,30.0,-5.9,1.01,7.4,243,2,26080.0,0,0.274
2026-01-26T19:00,0.0,0.0,0.0,0.0,0.0,0.0,0,0.0,47.0,15.0,-6.7,0.6,6.0,246,1,62840.0,0,0.274
2026-01-26T20:00,0.0,0.0,0.0,0.0,0.0,0.0,0,0.0,5.0,10.0,-7.7,0.29,5.0,239,0,61380.0,0,0.274
2026-01-26T21:00,0.0,0.0,0.0,0.0,0.0,0.0,0,0.0,5.0,10.0,-8.5,0.16,4.2,252,0,61360.0,0,0.274
2026-01-26T22:00,0.0,0.0,0.0,0.0,0.0,0.0,0,0.0,5.0,10.0,-9.2,0.43,4.4,249,0,58440.0,0,0.274
2026-01-26T23:00,0.0,0.0,0.0,0.0,0.0,0.0,0,0.0,5.0,10.0,-9.9,0.34,4.4,243,0,58440.0,0,0.274
2026-01-27T00:00,0.0,0.0,0.0,0.0,0.0,0.0,0,0.0,5.0,10.0,-9.8,0.47,3.9,238,0,58420.0,0,0.274
2026-01-27T01:00,0.0,0.0,0.0,0.0,0.0,0.0,0,0.0,5.0,10.0,-9.1,0.68,4.3,253,0,61320.0,1,0.274
2026-01-27T02:00,0.0,0.0,0.0,0.0,0.0,0.0,0,0.0,5.0,125.0,-1.1,0.46,4.3,257,0,66520.0,1,0.274
2026-01-27T03:00,0.0,0.0,0.0,0.0,0.0,0.0,0,0.0,6.0,540.0,2.4,0.8,4.3,90,0,67280.0,1,0.274
2026-01-27T04:00,0.0,0.0,0.0,0.0,0.0,0.0,0,0.0,6.0,1000.0,5.5,1.02,5.0,101,0,67260.0,1,0.274
2026-01-27T05:00,0.0,0.0,0.0,0.0,0.0,0.0,0,0.0,6.0,1845.0,8.0,0.71,5.3,98,0,67820.0,1,0.274
2026-01-27T06:00,0.0,0.0,0.0,0.0,0.0,0.0,0,0.0,6.0,3775.0,9.8,0.78,5.0,320,0,68560.0,1,0.275
2026-01-27T07:00,0.0,0.0,0.0,0.0,0.0,0.0,0,0.0,6.0,3780.0,10.9,5.15,15.5,269,0,68560.0,1,0.275
2026-01-27T08:00,0.0,0.0,0.0,0.0,0.0,0.0,0,0.0,6.0,3450.0,10.9,4.48,15.9,263,0,68540.0,1,0.275
2026-01-27T09:00,0.0,0.0,0.0,0.0,0.0,0.0,0,0.0,7.0,2775.0,9.6,3.98,14.3,252,0,67760.0,1,0.274
2026-01-27T10:00,0.0,0.0,0.0,0.0,0.0,0.0,0,0.0,7.0,2840.0,8.8,2.25,12.2,233,0,67740.0,1,0.274
2026-01-27T11:00,0.0,0.0,0.0,0.0,0.0,0.0,0,0.0,7.0,45.0,3.9,0.79,6.7,215,0,67720.0,1,0.274
2026-01-27T12:00,0.0,0.0,0.0,0.0,0.0,0.0,0,0.0,7.0,40.0,3.7,0.74,5.7,208,0,67720.0,0,0.274
2026-01-27T13:00,0.0,0.0,0.0,0.0,0.0,0.0,0,0.0,7.0,20.0,2.5,0.63,6.0,209,1,67700.0,0,0.274
2026-01-27T14:00,0.0,0.0,0.0,0.0,0.0,0.0,0,0.0,8.0,20.0,1.4,0.64,5.5,219,0,67680.0,0,0.274
2026-01-27T15:00,0.0,0.0,0.0,0.0,0.0,0.0,0,0.0,8.0,25.0,-0.3,1.28,5.6,239,0,67120.0,0,0.274
2026-01-27T16:00,0.0,0.0,0.0,0.0,0.0,0.0,0,0.0,8.0,20.0,-1.7,1.39,6.1,240,0,66340.0,0,0.274
2026-01-27T17:00,0.0,0.0,0.0,0.0,0.0,0.0,0,0.0,8.0,15.0,-3.0,1.1,6.2,240,0,66320.0,0,0.274
2026-01-27T18:00,0.0,0.0,0.0,0.0,0.0,0.0,0,0.0,8.0,15.0,-3.9,0.96,5.8,242,0,64840.0,0,0.274
2026-01-27T19:00,0.0,0.0,0.0,0.0,0.0,0.0,0,0.0,8.0,10.0,-4.9,0.89,5.3,243,0,64820.0,0,0.274
2026-01-27T20:00,0.0,0.0,0.0,0.0,0.0,0.0,0,0.0,9.0,10.0,-5.8,0.72,5.0,236,0,63780.0,0,0.274
2026-01-27T21:00,0.0,0.0,0.0,0.0,0.0,0.0,0,0.0,9.0,10.0,-6.5,0.58,4.6,239,0,63760.0,0,0.274
2026-01-27T22:00,0.0,0.0,0.0,0.0,0.0,0.0,0,0.0,9.0,10.0,-6.9,0.58,4.4,239,0,63740.0,0,0.274
2026-01-27T23:00,0.0,0.0,0.0,0.0,0.0,0.0,0,0.0,9.0,10.0,-7.5,0.58,4.3,239,0,62440.0,0,0.274
2026-01-28T00:00,0.0,0.0,0.0,0.0,0.0,0.0,0,0.0,9.0,10.0,-7.8,0.56,4.2,243,0,62420.0,0,0.274
2026-01-28T01:00,0.0,0.0,0.0,0.0,0.0,0.0,0,0.0,10.0,10.0,-6.8,0.76,4.3,238,0,63700.0,1,0.274
2026-01-28T02:00,0.0,0.0,0.0,0.0,0.0,0.0,0,0.0,10.0,80.0,1.5,0.65,4.5,270,0,66960.0,1,0.274
2026-01-28T03:00,0.0,0.0,0.0,0.0,0.0,0.0,0,0.0,10.0,625.0,5.8,0.41,4.1,76,0,66960.0,1,0.274
2026-01-28T04:00,0.0,0.0,0.0,0.0,0.0,0.0,0,0.0,10.0,1140.0,8.6,0.67,4.8,117,0,67500.0,1,0.274
2026-01-28T05:00,0.0,0.0,0.0,0.0,0.0,0.0,0,0.0,10.0,1820.0,11.3,1.11,5.5,162,0,67480.0,1,0.275
2026-01-28T06:00,0.0,0.0,0.0,0.0,0.0,0.0,0,0.0,0.0,3865.0,13.0,1.71,7.7,201,0,68240.0,1,0.275
2026-01-28T07:00,0.0,0.0,0.0,0.0,0.0,0.0,0,0.0,11.0,4605.0,14.0,4.08,12.5,220,0,68240.0,1,0.276
2026-01-28T08:00,0.0,0.0,0.0,0.0,0.0,0.0,0,0.0,11.0,3450.0,13.5,4.31,13.6,224,0,68220.0,1,0.276
2026-01-28T09:00,0.0,0.0,0.0,0.0,0.0,0.0,0,0.0,11.0,2405.0,12.1,3.63,13.6,218,0,68200.0,1,0.276
2026-01-28T10:00,0.0,0.0,0.0,0.0,0.0,0.0,0,0.0,11.0,2445.0,10.7,2.51,11.6,215,1,68200.0,1,0.275
2026-01-28T11:00,0.0,0.0,0.0,0.0,0.0,0.0,0,0.0,11.0,1450.0,4.9,1.87,9.7,188,4,67400.0,1,0.275
2026-01-28T12:00,0.0,0.0,0.0,0.0,0.0,0.0,0,0.0,12.0,1545.0,5.6,1.1,9.9,185,9,67380.0,0,0.275
2026-01-28T13:00,0.0,0.0,0.0,0.0,0.0,0.0,1,0.0,12.0,1485.0,4.7,1.48,8.8,213,27,67380.0,0,0.275
2026-01-28T14:00,0.0,0.0,0.0,0.0,0.0,0.0,0,10.0,12.0,1220.0,3.8,1.59,10.0,224,18,66800.0,0,0.275
2026-01-28T15:00,0.0,0.0,0.0,0.0,0.0,0.0,1,0.0,12.0,1110.0,3.2,1.15,9.8,236,30,66780.0,0,0.275
2026-01-28T16:00,0.0,0.0,0.0,0.0,0.0,0.0,0,0.0,12.0,1085.0,2.8,0.68,9.8,253,7,66780.0,0,0.275
2026-01-28T17:00,0.0,0.0,0.0,0.0,0.0,0.0,0,0.0,13.0,40.0,1.4,0.81,8.8,277,2,65980.0,0,0.275
2026-01-28T18:00,0.0,0.0,0.0,0.0,0.0,0.0,0,0.0,13.0,30.0,0.4,0.76,7.6,262,7,65960.0,0,0.275
2026-01-28T19:00,0.0,0.0,0.0,0.0,0.0,0.0,0,0.0,13.0,25.0,-1.3,0.98,7.7,255,15,64500.0,0,0.275
2026-01-28T20:00,0.0,0.0,0.0,0.0,0.0,0.0,0,0.0,13.0,20.0,-2.3,0.98,8.0,255,3,63440.0,0,0.275
2026-01-28T21:00,0.0,0.0,0.0,0.0,0.0,0.0,1,0.0,13.0,15.0,-3.5,0.87,7.9,257,26,62140.0,0,0.275
2026-01-28T22:00,0.0,0.0,0.0,0.0,0.0,0.0,1,0.0,14.0,10.0,-4.7,0.71,7.5,262,21,62120.0,0,0.275
2026-01-28T23:00,0.0,0.0,0.0,0.0,0.0,0.0,1,0.0,14.0,10.0,-5.6,0.41,6.9,256,41,60660.0,0,0.275
2026-01-29T00:00,0.0,0.0,0.0,0.0,0.0,0.0,1,0.0,14.0,10.0,-3.2,0.42,6.6,225,26,63380.0,0,0.275
2026-01-29T01:00,0.0,0.0,0.0,0.0,0.0,0.0,0,0.0,14.0,10.0,-2.7,0.34,6.9,243,7,63360.0,1,0.275
2026-01-29T02:00,0.0,0.0,0.0,0.0,0.0,0.0,0,0.0,14.0,135.0,3.7,0.25,6.2,37,16,65860.0,1,0.275
2026-01-29T03:00,0.0,0.0,0.0,0.0,0.0,0.0,1,0.0,5.0,2290.0,6.3,2.84,8.4,246,41,66620.0,1,0.275
2026-01-29T04:00,0.1,0.0,0.1,0.07,0.1,0.0,85,50.0,0.0,3085.0,7.9,4.0,11.7,254,47,66600.0,1,0.275
2026-01-29T05:00,0.1,0.0,0.1,0.07,0.1,0.0,85,30.0,0.0,3340.0,8.8,5.35,16.5,272,81,62240.0,1,0.275
2026-01-29T06:00,0.0,0.0,0.0,0.0,0.0,0.0,3,10.0,0.0,2565.0,6.8,4.74,16.7,288,91,27780.0,1,0.275
2026-01-29T07:00,0.0,0.0,0.0,0.0,0.0,0.0,3,10.0,0.0,2760.0,7.3,4.16,15.0,286,89,54200.0,1,0.275
2026-01-29T08:00,0.0,0.0,0.0,0.0,0.0,0.0,2,20.0,0.0,3490.0,8.4,4.09,13.1,282,50,67120.0,1,0.275
2026-01-29T09:00,0.0,0.0,0.0,0.0,0.0,0.0,3,10.0,0.0,3615.0,8.2,3.47,12.6,263,89,67100.0,1,0.275
2026-01-29T10:00,0.0,0.0,0.0,0.0,0.0,0.0,1,0.0,16.0,2985.0,6.9,2.95,10.3,244,32,67100.0,1,0.275
2026-01-29T11:00,0.0,0.0,0.0,0.0,0.0,0.0,1,0.0,16.0,210.0,2.7,1.24,8.5,220,20,67080.0,1,0.274
2026-01-29T12:00,0.0,0.0,0.0,0.0,0.0,0.0,0,0.0,17.0,70.0,2.1,0.92,7.0,221,9,67060.0,0,0.274
2026-01-29T13:00,0.0,0.0,0.0,0.0,0.0,0.0,1,0.0,17.0,35.0,0.8,1.1,6.1,219,39,66480.0,0,0.274
2026-01-29T14:00,0.0,0.0,0.0,0.0,0.0,0.0,1,0.0,17.0,30.0,-0.1,1.28,6.6,239,40,66480.0,0,0.274
2026-01-29T15:00,0.0,0.0,0.0,0.0,0.0,0.0,3,0.0,40.0,25.0,-0.9,1.14,6.5,247,84,65680.0,0,0.274
2026-01-29T16:00,0.0,0.0,0.0,0.0,0.0,0.0,0,0.0,45.0,25.0,-1.4,1.17,5.8,250,8,64200.0,0,0.274
2026-01-29T17:00,0.0,0.0,0.0,0.0,0.0,0.0,3,0.0,48.0,25.0,-2.5,1.54,5.6,245,91,63140.0,0,0.274
2026-01-29T18:00,0.0,0.0,0.0,0.0,0.0,0.0,3,0.0,7.0,20.0,-3.5,1.43,5.7,241,100,63140.0,0,0.274
2026-01-29T19:00,0.0,0.0,0.0,0.0,0.0,0.0,3,0.0,10.0,15.0,-3.7,1.48,5.4,246,91,61820.0,0,0.274
2026-01-29T20:00,0.0,0.0,0.0,0.0,0.0,0.0,3,0.0,9.0,15.0,-4.8,1.5,5.5,249,93,60360.0,0,0.274
2026-01-29T21:00,0.0,0.0,0.0,0.0,0.0,0.0,2,0.0,9.0,15.0,-5.5,1.46,5.7,248,73,60340.0,0,0.274
2026-01-29T22:00,0.0,0.0,0.0,0.0,0.0,0.0,3,0.0,1.0,15.0,-5.8,1.1,5.9,246,88,59240.0,0,0.274
2026-01-29T23:00,0.0,0.0,0.0,0.0,0.0,0.0,3,10.0,19.0,15.0,-5.7,0.93,5.6,254,100,46340.0,0,0.274
2026-01-30T00:00,0.1,0.0,0.1,0.07,0.1,0.01,85,0.0,39.0,60.0,-2.9,1.14,6.9,299,100,1940.0,0,0.274
2026-01-30T01:00,1.7,0.0,0.1,1.19,1.7,0.03,86,80.0,4.0,105.0,-2.5,1.26,6.1,236,100,3480.0,1,0.274
2026-01-30T02:00,0.4,0.0,0.1,0.28,0.4,0.03,85,20.0,15.0,110.0,-1.8,0.21,5.8,256,100,10600.0,1,0.274
2026-01-30T03:00,0.1,0.0,0.0,0.07,0.1,0.03,71,120.0,15.0,455.0,0.2,0.74,4.0,110,100,32420.0,1,0.274
2026-01-30T04:00,0.0,0.0,0.0,0.0,0.0,0.03,3,230.0,0.0,2280.0,1.7,0.56,5.7,170,100,48460.0,1,0.274
2026-01-30T05:00,0.1,0.0,0.1,0.07,0.1,0.03,85,120.0,0.0,2980.0,3.0,2.69,8.9,288,98,64900.0,1,0.274
2026-01-30T06:00,0.2,0.0,0.2,0.14,0.2,0.03,85,60.0,0.0,2200.0,1.8,5.1,17.2,297,90,30980.0,1,0.274
2026-01-30T07:00,0.0,0.0,0.0,0.0,0.0,0.03,1,50.0,0.0,2535.0,1.6,4.5,17.3,300,45,61080.0,1,0.274
2026-01-30T08:00,0.0,0.0,0.0,0.0,0.0,0.03,2,0.0,0.0,2530.0,0.9,4.76,17.3,297,63,45060.0,1,0.274
2026-01-30T09:00,0.0,0.0,0.0,0.0,0.0,0.03,0,0.0,0.0,2910.0,1.1,3.87,16.9,294,2,66220.0,1,0.274
2026-01-30T10:00,0.0,0.0,0.0,0.0,0.0,0.03,0,0.0,15.0,2765.0,0.2,2.98,15.0,295,13,66780.0,1,0.274
2026-01-30T11:00,0.0,0.0,0.0,0.0,0.0,0.03,0,0.0,15.0,1340.0,-3.8,1.79,13.0,288,0,66180.0,1,0.274
2026-01-30T12:00,0.0,0.0,0.0,0.0,0.0,0.02,0,0.0,15.0,25.0,-2.0,0.47,9.8,252,4,66180.0,0,0.274
2026-01-30T13:00,0.0,0.0,0.0,0.0,0.0,0.02,0,0.0,15.0,20.0,-4.6,0.93,5.5,234,0,65380.0,0,0.274
2026-01-30T14:00,0.0,0.0,0.0,0.0,0.0,0.02,0,0.0,15.0,15.0,-6.7,1.0,5.2,233,2,63900.0,0,0.274
2026-01-30T15:00,0.0,0.0,0.0,0.0,0.0,0.02,2,0.0,16.0,10.0,-8.9,0.86,4.8,234,52,61540.0,0,0.274
2026-01-30T16:00,0.0,0.0,0.0,0.0,0.0,0.02,1,0.0,16.0,10.0,-10.5,0.86,4.5,234,24,60080.0,0,0.274
2026-01-30T17:00,0.0,0.0,0.0,0.0,0.0,0.02,3,0.0,16.0,10.0,-11.7,0.74,4.9,242,98,54400.0,0,0.274
2026-01-30T18:00,0.0,0.0,0.0,0.0,0.0,0.02,3,0.0,16.0,10.0,-10.5,0.51,4.9,241,100,57120.0,0,0.274
2026-01-30T19:00,0.0,0.0,0.0,0.0,0.0,0.02,3,0.0,16.0,10.0,-11.7,0.43,4.3,234,100,57120.0,0,0.274
2026-01-30T20:00,0.0,0.0,0.0,0.0,0.0,0.02,3,0.0,16.0,10.0,-12.7,0.36,4.3,236,100,57100.0,0,0.274
2026-01-30T21:00,0.0,0.0,0.0,0.0,0.0,0.02,3,0.0,16.0,10.0,-11.0,0.34,4.1,243,100,57080.0,0,0.274
2026-01-30T22:00,0.0,0.0,0.0,0.0,0.0,0.02,3,0.0,16.0,10.0,-10.9,0.4,4.0,240,100,57080.0,0,0.274
2026-01-30T23:00,0.0,0.0,0.0,0.0,0.0,0.02,3,0.0,17.0,10.0,-10.2,0.32,4.0,231,100,57060.0,0,0.274
2026-01-31T00:00,0.0,0.0,0.0,0.0,0.0,0.02,3,10.0,17.0,10.0,-10.3,0.47,3.8,238,95,59960.0,0,0.274
2026-01-31T01:00,0.0,0.0,0.0,0.0,0.0,0.02,3,10.0,17.0,10.0,-10.1,0.39,3.7,230,88,59960.0,1,0.274
2026-01-31T02:00,0.0,0.0,0.0,0.0,0.0,0.02,1,0.0,17.0,90.0,-3.1,0.32,3.7,198,31,65200.0,1,0.274
2026-01-31T03:00,0.0,0.0,0.0,0.0,0.0,0.02,0,0.0,17.0,525.0,0.6,0.67,2.9,103,2,65980.0,1,0.274
2026-01-31T04:00,0.0,0.0,0.0,0.0,0.0,0.02,0,0.0,17.0,1095.0,3.0,0.75,2.0,94,0,65960.0,1,0.274
2026-01-31T05:00,0.0,0.0,0.0,0.0,0.0,0.02,2,0.0,18.0,2745.0,5.2,1.39,5.4,285,68,66520.0,1,0.274
2026-01-31T06:00,0.0,0.0,0.0,0.0,0.0,0.02,1,0.0,0.0,3320.0,6.6,3.95,13.6,271,26,66500.0,1,0.274
2026-01-31T07:00,0.0,0.0,0.0,0.0,0.0,0.01,0,0.0,18.0,3640.0,7.6,5.4,17.5,271,5,66500.0,1,0.274
2026-01-31T08:00,0.0,0.0,0.0,0.0,0.0,0.01,0,0.0,18.0,3460.0,7.4,4.78,17.5,277,6,66480.0,1,0.274
2026-01-31T09:00,0.0,0.0,0.0,0.0,0.0,0.01,0,0.0,18.0,2915.0,6.7,3.35,15.3,261,1,66460.0,1,0.274
2026-01-31T10:00,0.1,0.0,0.1,0.07,0.1,0.01,85,0.0,18.0,2995.0,5.4,3.32,10.5,247,2,65880.0,1,0.274
2026-01-31T11:00,0.1,0.0,0.1,0.07,0.1,0.01,85,10.0,51.0,1160.0,1.7,0.65,9.7,270,2,65860.0,1,0.274
2026-01-31T12:00,0.0,0.0,0.0,0.0,0.0,0.01,0,0.0,19.0,15.0,2.5,0.2,5.8,270,2,48760.0,0,0.274
2026-01-31T13:00,0.0,0.0,0.0,0.0,0.0,0.01,0,0.0,19.0,10.0,1.0,0.07,4.8,225,3,65840.0,0,0.274
2026-01-31T14:00,0.0,0.0,0.0,0.0,0.0,0.01,0,0.0,19.0,25.0,-1.6,1.21,5.7,232,0,65820.0,0,0.274
2026-01-31T15:00,0.0,0.0,0.0,0.0,0.0,0.01,0,0.0,19.0,25.0,-3.3,1.43,6.1,234,9,65020.0,0,0.274
2026-01-31T16:00,0.0,0.0,0.0,0.0,0.0,0.01,3,0.0,20.0,20.0,-5.2,1.32,6.3,241,100,63540.0,0,0.274
2026-01-31T17:00,0.0,0.0,0.0,0.0,0.0,0.01,3,0.0,65.0,15.0,-6.1,0.95,6.1,252,100,62480.0,0,0.274
2026-01-31T18:00,0.0,0.0,0.0,0.0,0.0,0.01,3,0.0,29.0,10.0,-6.5,0.73,5.0,254,100,61180.0,0,0.274
2026-01-31T19:00,0.0,0.0,0.0,0.0,0.0,0.01,3,0.0,42.0,10.0,-7.0,0.65,4.5,238,100,59700.0,0,0.274
2026-01-31T20:00,0.0,0.0,0.0,0.0,0.0,0.01,3,0.0,44.0,10.0,-5.5,0.45,4.2,243,100,59620.0,0,0.274
2026-01-31T21:00,0.0,0.0,0.0,0.0,0.0,0.01,3,0.0,44.0,10.0,-6.1,0.54,3.5,236,94,59680.0,0,0.274
2026-01-31T22:00,0.0,0.0,0.0,0.0,0.0,0.01,3,10.0,50.0,10.0,-7.5,0.6,3.9,246,100,59660.0,0,0.274
2026-01-31T23:00,0.0,0.0,0.0,0.0,0.0,0.01,2,10.0,2.0,10.0,-7.1,0.85,4.3,225,51,56720.0,0,0.274
2026-02-01T00:00,0.0,0.0,0.0,0.0,0.0,0.01,0,10.0,38.0,10.0,-5.5,0.72,4.7,245,0,57100.0,0,0.274
2026-02-01T01:00,0.0,0.0,0.0,0.0,0.0,0.01,0,0.0,22.0,10.0,-6.6,0.92,4.2,241,0,59620.0,1,0.274
2026-02-01T02:00,0.0,0.0,0.0,0.0,0.0,0.01,0,0.0,25.0,90.0,0.8,0.92,4.7,221,0,64880.0,1,0.274
2026-02-01T03:00,0.0,0.0,0.0,0.0,0.0,0.01,0,0.0,29.0,795.0,4.3,0.65,4.2,148,0,64860.0,1,0.274
2026-02-01T04:00,0.2,0.0,0.2,0.14,0.2,0.01,85,0.0,25.0,2510.0,7.1,1.48,5.9,282,25,65640.0,1,0.274
2026-02-01T05:00,0.1,0.0,0.1,0.07,0.1,0.01,85,0.0,22.0,3435.0,8.9,4.71,14.9,282,26,66200.0,1,0.274
2026-02-01T06:00,0.0,0.0,0.0,0.0,0.0,0.01,0,0.0,23.0,3980.0,8.6,5.17,16.5,285,12,66180.0,1,0.274
2026-02-01T07:00,0.0,0.0,0.0,0.0,0.0,0.01,0,0.0,23.0,3515.0,9.2,5.27,16.7,275,13,66180.0,1,0.274
2026-02-01T08:00,0.0,0.0,0.0,0.0,0.0,0.01,1,0.0,23.0,3845.0,9.5,5.07,16.4,275,27,66160.0,1,0.274
2026-02-01T09:00,0.0,0.0,0.0,0.0,0.0,0.01,0,0.0,23.0,3225.0,8.7,4.22,15.4,284,4,66140.0,1,0.274
2026-02-01T10:00,0.0,0.0,0.0,0.0,0.0,0.01,0,0.0,23.0,2665.0,7.3,3.26,13.3,265,16,66140.0,1,0.274
2026-02-01T11:00,0.0,0.0,0.0,0.0,0.0,0.01,0,0.0,24.0,200.0,3.0,1.17,9.6,227,0,65560.0,1,0.274
2026-02-01T12:00,0.0,0.0,0.0,0.0,0.0,0.01,0,0.0,24.0,20.0,2.2,0.43,5.5,216,15,65540.0,0,0.273
2026-02-01T13:00,0.0,0.0,0.0,0.0,0.0,0.01,0,0.0,24.0,20.0,0.9,0.83,4.9,213,2,65520.0,0,0.273
2026-02-01T14:00,0.0,0.0,0.0,0.0,0.0,0.01,0,0.0,24.0,20.0,-0.7,0.99,5.4,225,4,64720.0,0,0.273
2026-02-01T15:00,0.0,0.0,0.0,0.0,0.0,0.01,0,0.0,25.0,20.0,-1.8,1.12,5.5,238,2,63240.0,0,0.273
2026-02-01T16:00,0.0,0.0,0.0,0.0,0.0,0.01,0,0.0,25.0,15.0,-3.2,1.21,5.3,240,2,62180.0,0,0.273
2026-02-01T17:00,0.0,0.0,0.0,0.0,0.0,0.01,0,0.0,25.0,10.0,-4.8,0.83,5.3,237,2,60860.0,0,0.273
2026-02-01T18:00,0.0,0.0,0.0,0.0,0.0,0.01,1,0.0,25.0,10.0,-6.3,0.67,4.7,243,25,59400.0,0,0.273
2026-02-01T19:00,0.0,0.0,0.0,0.0,0.0,0.01,1,0.0,26.0,10.0,-6.5,0.74,4.5,242,24,59380.0,0,0.273
2026-02-01T20:00,0.0,0.0,0.0,0.0,0.0,0.01,1,20.0,26.0,10.0,-7.0,0.81,4.9,240,37,59360.0,0,0.273
2026-02-01T21:00,0.0,0.0,0.0,0.0,0.0,0.01,1,20.0,26.0,10.0,-7.3,0.76,4.9,238,35,59340.0,0,0.273
2026-02-01T22:00,0.0,0.0,0.0,0.0,0.0,0.01,1,0.0,26.0,10.0,-7.6,0.76,4.9,238,23,59340.0,0,0.273
2026-02-01T23:00,0.0,0.0,0.0,0.0,0.0,0.01,0,0.0,27.0,10.0,-7.9,0.83,4.7,245,5,59320.0,0,0.273
2026-02-02T00:00,0.0,0.0,0.0,0.0,0.0,0.01,0,0.0,27.0,10.0,-8.2,0.81,4.9,248,0,59300.0,0,0.273
2026-02-02T01:00,0.0,0.0,0.0,0.0,0.0,0.01,0,0.0,27.0,10.0,-6.6,1.26,5.4,236,0,59300.0,1,0.273
2026-02-02T02:00,0.0,0.0,0.0,0.0,0.0,0.01,0,0.0,27.0,135.0,1.0,1.07,5.8,233,0,63100.0,1,0.273
2026-02-02T03:00,0.0,0.0,0.0,0.0,0.0,0.01,0,0.0,28.0,970.0,4.3,0.8,5.1,180,0,64540.0,1,0.273
2026-02-02T04:00,0.0,0.0,0.0,0.0,0.0,0.01,0,0.0,28.0,1505.0,6.7,1.18,5.8,168,0,65320.0,1,0.273
2026-02-02T05:00,0.0,0.0,0.0,0.0,0.0,0.01,0,0.0,28.0,2090.0,8.8,2.08,7.6,207,4,65320.0,1,0.273
2026-02-02T06:00,0.0,0.0,0.0,0.0,0.0,0.01,0,30.0,17.0,3645.0,9.1,3.19,11.6,221,11,65880.0,1,0.273
2026-02-02T07:00,0.0,0.0,0.0,0.0,0.0,0.01,0,10.0,28.0,3550.0,10.6,4.21,13.3,223,17,65860.0,1,0.273
2026-02-02T08:00,0.0,0.0,0.0,0.0,0.0,0.01,0,0.0,29.0,2645.0,9.8,4.1,14.4,226,11,65840.0,1,0.273
2026-02-02T09:00,0.0,0.0,0.0,0.0,0.0,0.01,0,0.0,29.0,2890.0,9.3,3.7,13.4,232,13,65840.0,1,0.273
2026-02-02T10:00,0.0,0.0,0.0,0.0,0.0,0.01,0,0.0,29.0,1975.0,7.6,3.23,12.1,229,18,65240.0,1,0.273
2026-02-02T11:00,0.0,0.0,0.0,0.0,0.0,0.01,1,0.0,29.0,1160.0,3.0,1.42,10.3,222,23,65240.0,1,0.273
2026-02-02T12:00,0.0,0.0,0.0,0.0,0.0,0.01,1,0.0,30.0,1210.0,3.6,1.22,7.7,251,23,65220.0,0,0.273
2026-02-02T13:00,0.0,0.0,0.0,0.0,0.0,0.01,2,0.0,30.0,1025.0,2.8,0.93,7.4,254,58,64420.0,0,0.273
2026-02-02T14:00,0.0,0.0,0.0,0.0,0.0,0.01,3,0.0,30.0,65.0,1.5,1.32,7.4,261,98,64220.0,0,0.273
2026-02-02T15:00,0.0,0.0,0.0,0.0,0.0,0.01,2,0.0,30.0,40.0,1.1,1.22,7.5,251,75,62920.0,0,0.273
2026-02-02T16:00,0.0,0.0,0.0,0.0,0.0,0.01,1,0.0,31.0,35.0,-0.5,1.41,6.9,247,30,61860.0,0,0.273
2026-02-02T17:00,0.0,0.0,0.0,0.0,0.0,0.01,3,0.0,31.0,35.0,-1.6,1.39,6.9,255,100,61840.0,0,0.273
2026-02-02T18:00,0.0,0.0,0.0,0.0,0.0,0.01,2,0.0,31.0,35.0,-1.9,1.46,6.1,254,51,60520.0,0,0.273
2026-02-02T19:00,0.0,0.0,0.0,0.0,0.0,0.01,1,0.0,31.0,30.0,-2.9,1.41,5.7,243,28,60500.0,0,0.273
2026-02-02T20:00,0.0,0.0,0.0,0.0,0.0,0.01,0,0.0,32.0,30.0,-4.0,1.25,5.7,241,19,60500.0,0,0.273
2026-02-02T21:00,0.0,0.0,0.0,0.0,0.0,0.01,0,0.0,32.0,20.0,-4.7,1.11,5.3,234,13,59020.0,0,0.273
2026-02-02T22:00,0.0,0.0,0.0,0.0,0.0,0.01,0,0.0,32.0,15.0,-5.4,1.0,4.8,233,2,59000.0,0,0.273
2026-02-02T23:00,0.0,0.0,0.0,0.0,0.0,0.01,0,0.0,32.0,15.0,-6.1,0.79,4.6,235,2,59000.0,0,0.273
2026-02-03T00:00,0.0,0.0,0.0,0.0,0.0,0.01,0,0.0,33.0,10.0,-6.6,0.69,4.3,240,9,58980.0,0,0.273
2026-02-03T01:00,0.0,0.0,0.0,0.0,0.0,0.01,0,0.0,33.0,10.0,-5.0,0.96,4.2,231,6,60420.0,1,0.273
2026-02-03T02:00,0.0,0.0,0.0,0.0,0.0,0.01,0,0.0,33.0,210.0,2.1,0.85,4.6,201,2,62780.0,1,0.273
2026-02-03T03:00,0.0,0.0,0.0,0.0,0.0,0.01,0,0.0,33.0,1340.0,5.0,0.9,4.7,161,0,64220.0,1,0.273
2026-02-03T04:00,0.0,0.0,0.0,0.0,0.0,0.01,0,0.0,33.0,1775.0,7.1,1.93,6.3,211,19,65020.0,1,0.273
2026-02-03T05:00,0.0,0.0,0.0,0.0,0.0,0.01,1,0.0,34.0,2210.0,9.1,2.38,8.5,219,34,65000.0,1,0.273
2026-02-03T06:00,0.2,0.0,0.2,0.14,0.2,0.01,85,0.0,34.0,3455.0,9.5,3.94,12.4,240,51,65560.0,1,0.273
2026-02-03T07:00,0.0,0.0,0.0,0.0,0.0,0.01,2,0.0,34.0,3260.0,10.3,4.27,13.4,243,53,65560.0,1,0.273
2026-02-03T08:00,0.0,0.0,0.0,0.0,0.0,0.01,1,0.0,34.0,3260.0,10.0,4.2,13.6,238,39,65540.0,1,0.273
2026-02-03T09:00,0.0,0.0,0.0,0.0,0.0,0.01,1,0.0,35.0,2195.0,8.9,3.76,13.9,234,25,65520.0,1,0.273
2026-02-03T10:00,0.0,0.0,0.0,0.0,0.0,0.01,0,0.0,35.0,1685.0,7.6,2.98,11.8,221,9,64940.0,1,0.273
2026-02-03T11:00,0.0,0.0,0.0,0.0,0.0,0.01,0,0.0,35.0,1120.0,3.2,1.3,9.6,208,3,64920.0,1,0.272
2026-02-03T12:00,0.0,0.0,0.0,0.0,0.0,0.01,1,0.0,35.0,1060.0,3.8,1.01,7.3,237,35,64900.0,0,0.272
2026-02-03T13:00,0.0,0.0,0.0,0.0,0.0,0.01,0,0.0,35.0,75.0,2.4,1.19,7.1,242,9,64900.0,0,0.272
2026-02-03T14:00,0.0,0.0,0.0,0.0,0.0,0.01,0,0.0,36.0,35.0,1.0,1.14,7.1,255,4,64080.0,0,0.272
2026-02-03T15:00,0.0,0.0,0.0,0.0,0.0,0.01,0,0.0,36.0,35.0,-0.5,1.42,6.8,260,9,62600.0,0,0.272
2026-02-03T16:00,0.0,0.0,0.0,0.0,0.0,0.01,0,0.0,36.0,35.0,-1.6,1.49,6.9,256,3,61540.0,0,0.272
2026-02-03T17:00,0.0,0.0,0.0,0.0,0.0,0.01,0,0.0,36.0,35.0,-2.4,1.41,7.1,253,1,60220.0,0,0.272
2026-02-03T18:00,0.0,0.0,0.0,0.0,0.0,0.01,0,0.0,36.0,30.0,-3.4,1.12,7.0,243,1,60200.0,0,0.272
2026-02-03T19:00,0.0,0.0,0.0,0.0,0.0,0.01,0,0.0,37.0,30.0,-3.8,0.99,6.9,240,7,60180.0,0,0.272
2026-02-03T20:00,0.0,0.0,0.0,0.0,0.0,0.01,0,0.0,37.0,30.0,-4.5,1.07,6.6,233,13,60180.0,0,0.272
2026-02-03T21:00,0.0,0.0,0.0,0.0,0.0,0.01,0,0.0,37.0,30.0,-5.3,0.96,6.7,231,9,60160.0,0,0.272
2026-02-03T22:00,0.0,0.0,0.0,0.0,0.0,0.01,0,0.0,37.0,30.0,-5.8,1.03,6.4,231,3,60140.0,0,0.272
2026-02-03T23:00,0.0,0.0,0.0,0.0,0.0,0.01,0,0.0,37.0,20.0,-6.4,0.85,6.4,225,3,60140.0,0,0.272
2026-02-04T00:00,0.0,0.0,0.0,0.0,0.0,0.01,1,0.0,38.0,10.0,-6.1,0.53,6.5,221,29,56660.0,0,0.272
2026-02-04T01:00,0.0,0.0,0.0,0.0,0.0,0.01,0,0.0,38.0,15.0,-4.2,0.96,7.1,208,15,61280.0,1,0.272
2026-02-04T02:00,0.0,0.0,0.0,0.0,0.0,0.01,0,0.0,38.0,165.0,2.0,0.75,7.8,184,1,63920.0,1,0.272
2026-02-04T03:00,0.0,0.0,0.0,0.0,0.0,0.01,0,0.0,38.0,2540.0,5.8,2.1,7.9,198,2,64720.0,1,0.272
2026-02-04T04:00,0.3,0.0,0.3,0.21,0.3,0.01,85,0.0,38.0,2985.0,8.0,3.97,12.8,239,23,64700.0,1,0.272
2026-02-04T05:00,0.2,0.0,0.2,0.14,0.2,0.01,85,0.0,38.0,3150.0,9.1,4.67,14.8,249,41,65260.0,1,0.272
2026-02-04T06:00,0.2,0.0,0.2,0.14,0.2,0.01,85,0.0,1.0,3270.0,8.4,4.69,14.9,256,68,65260.0,1,0.272
2026-02-04T07:00,0.0,0.0,0.0,0.0,0.0,0.01,1,0.0,39.0,3130.0,8.8,3.61,14.2,253,34,65240.0,1,0.272
2026-02-04T08:00,0.0,0.0,0.0,0.0,0.0,0.01,0,10.0,39.0,4235.0,9.5,3.56,11.2,246,16,65220.0,1,0.272
2026-02-04T09:00,0.0,0.0,0.0,0.0,0.0,0.01,1,0.0,39.0,3765.0,9.0,3.73,11.4,238,33,65220.0,1,0.272
2026-02-04T10:00,0.0,0.0,0.0,0.0,0.0,0.01,1,0.0,39.0,2215.0,7.3,3.22,11.1,222,26,65200.0,1,0.272
2026-02-04T11:00,0.0,0.0,0.0,0.0,0.0,0.01,1,0.0,39.0,565.0,3.0,1.43,9.5,209,24,64600.0,1,0.272
2026-02-04T12:00,0.0,0.0,0.0,0.0,0.0,0.01,3,0.0,40.0,95.0,3.1,0.95,8.0,270,91,64600.0,0,0.272
2026-02-04T13:00,0.0,0.0,0.0,0.0,0.0,0.01,3,0.0,40.0,1705.0,2.9,1.47,7.2,252,95,64580.0,0,0.272
2026-02-04T14:00,0.0,0.0,0.0,0.0,0.0,0.01,3,20.0,40.0,1415.0,2.2,1.03,7.3,293,94,64580.0,0,0.272
2026-02-04T15:00,0.0,0.0,0.0,0.0,0.0,0.01,3,10.0,40.0,195.0,1.5,1.23,6.0,297,98,63760.0,0,0.272
2026-02-04T16:00,0.0,0.0,0.0,0.0,0.0,0.01,3,0.0,40.0,215.0,1.7,1.56,6.7,276,100,63740.0,0,0.272
2026-02-04T17:00,0.0,0.0,0.0,0.0,0.0,0.01,3,10.0,7.0,45.0,0.2,1.38,6.7,257,88,62260.0,0,0.272
2026-02-04T18:00,0.0,0.0,0.0,0.0,0.0,0.01,3,0.0,3.0,35.0,-1.4,1.36,7.1,253,95,61180.0,0,0.272
2026-02-04T19:00,0.0,0.0,0.0,0.0,0.0,0.01,1,0.0,40.0,30.0,-2.5,1.73,7.3,248,48,61180.0,0,0.272
2026-02-04T20:00,0.0,0.0,0.0,0.0,0.0,0.01,1,0.0,41.0,20.0,-3.9,1.88,7.7,245,39,59860.0,0,0.272
2026-02-04T21:00,0.0,0.0,0.0,0.0,0.0,0.01,3,20.0,41.0,15.0,-4.8,1.54,7.8,241,99,49480.0,0,0.272
2026-02-04T22:00,0.0,0.0,0.0,0.0,0.0,0.01,3,0.0,1.0,15.0,-4.2,1.39,7.2,240,100,30380.0,0,0.272
2026-02-04T23:00,0.0,0.0,0.0,0.0,0.0,0.01,3,0.0,2.0,15.0,-3.5,1.23,6.3,238,100,33760.0,0,0.272
2026-02-05T00:00,0.0,0.0,0.0,0.0,0.0,0.01,2,0.0,36.0,15.0,-3.9,0.76,5.5,247,57,43660.0,0,0.272
2026-02-05T01:00,0.0,0.0,0.0,0.0,0.0,0.01,3,10.0,42.0,10.0,-3.0,0.47,4.6,238,100,32200.0,1,0.272
2026-02-05T02:00,0.1,0.0,0.0,0.07,0.1,0.01,71,0.0,4.0,430.0,0.0,1.38,5.3,319,100,9920.0,1,0.272
2026-02-05T03:00,0.6,0.0,0.2,0.42,0.6,0.02,85,30.0,9.0,590.0,-0.0,0.59,7.3,250,100,3180.0,1,0.272
2026-02-05T04:00,1.1,0.0,0.5,0.77,1.1,0.03,85,200.0,9.0,595.0,0.7,0.45,6.2,243,100,4740.0,1,0.272
2026-02-05T05:00,0.5,0.0,0.1,0.35,0.5,0.03,85,290.0,0.0,980.0,1.6,1.32,6.5,335,100,6140.0,1,0.272
2026-02-05T06:00,0.4,0.0,0.3,0.28,0.4,0.04,85,60.0,12.0,625.0,0.1,3.15,11.8,312,100,14920.0,1,0.272
2026-02-05T07:00,0.0,0.0,0.0,0.0,0.0,0.04,3,100.0,0.0,2440.0,2.5,2.98,11.5,299,92,44800.0,1,0.272
2026-02-05T08:00,0.1,0.0,0.1,0.07,0.1,0.04,85,30.0,1.0,2645.0,2.6,3.0,10.8,294,66,52540.0,1,0.272
2026-02-05T09:00,0.0,0.0,0.0,0.0,0.0,0.03,2,10.0,2.0,2320.0,2.1,2.94,10.7,291,66,63080.0,1,0.272
2026-02-05T10:00,0.1,0.0,0.1,0.07,0.1,0.03,85,10.0,3.0,2470.0,1.5,2.32,10.5,284,86,64320.0,1,0.272
2026-02-05T11:00,0.0,0.0,0.0,0.0,0.0,0.03,2,50.0,37.0,3305.0,-0.8,1.09,9.3,286,63,64300.0,1,0.272
2026-02-05T12:00,0.0,0.0,0.0,0.0,0.0,0.03,2,50.0,42.0,510.0,-1.0,1.94,6.7,325,78,55640.0,0,0.272
2026-02-05T13:00,0.0,0.0,0.0,0.0,0.0,0.03,1,30.0,75.0,110.0,-3.3,1.05,9.4,301,47,62000.0,0,0.272
2026-02-05T14:00,0.0,0.0,0.0,0.0,0.0,0.03,2,60.0,47.0,40.0,-4.9,1.07,6.4,298,62,60920.0,0,0.272
2026-02-05T15:00,0.0,0.0,0.0,0.0,0.0,0.03,2,90.0,31.0,30.0,-6.1,1.3,6.3,268,52,57180.0,0,0.272
2026-02-05T16:00,0.0,0.0,0.0,0.0,0.0,0.04,0,80.0,44.0,25.0,-6.9,1.32,7.6,245,3,57320.0,0,0.272
2026-02-05T17:00,0.0,0.0,0.0,0.0,0.0,0.04,0,100.0,55.0,10.0,-10.1,0.72,7.4,245,2,57900.0,0,0.272
2026-02-05T18:00,0.0,0.0,0.0,0.0,0.0,0.03,0,40.0,83.0,10.0,-10.1,0.43,5.7,249,1,57980.0,0,0.272
2026-02-05T19:00,0.0,0.0,0.0,0.0,0.0,0.03,0,20.0,98.0,15.0,-11.3,0.76,6.7,259,0,60860.0,0,0.272
2026-02-05T20:00,0.0,0.0,0.0,0.0,0.0,0.03,0,0.0,1.0,15.0,-11.4,0.62,7.1,256,0,61900.0,0,0.272
2026-02-05T21:00,0.0,0.0,0.0,0.0,0.0,0.03,0,0.0,6.0,10.0,-11.4,0.32,7.0,252,0,61900.0,0,0.272
2026-02-05T22:00,0.0,0.0,0.0,0.0,0.0,0.03,0,0.0,1.0,10.0,-11.8,0.27,6.0,248,0,61880.0,0,0.272
2026-02-05T23:00,0.0,0.0,0.0,0.0,0.0,0.03,0,0.0,1.0,10.0,-12.6,0.47,5.2,252,0,61860.0,0,0.272
2026-02-06T00:00,0.0,0.0,0.0,0.0,0.0,0.03,0,0.0,1.0,10.0,-11.1,0.45,5.0,264,0,64140.0,0,0.272
2026-02-06T01:00,0.0,0.0,0.0,0.0,0.0,0.03,0,0.0,1.0,10.0,-11.7,0.34,5.2,243,0,64120.0,1,0.272
2026-02-06T02:00,0.0,0.0,0.0,0.0,0.0,0.03,0,0.0,1.0,110.0,-4.9,0.05,4.9,180,0,64100.0,1,0.272
2026-02-06T03:00,0.0,0.0,0.0,0.0,0.0,0.03,0,0.0,1.0,460.0,-0.8,0.81,4.1,97,0,64680.0,1,0.272
2026-02-06T04:00,0.0,0.0,0.0,0.0,0.0,0.03,0,0.0,1.0,1850.0,1.9,0.71,3.5,82,0,64660.0,1,0.272
2026-02-06T05:00,0.0,0.0,0.0,0.0,0.0,0.03,0,0.0,1.0,2535.0,4.0,0.68,3.2,287,0,65480.0,1,0.272
2026-02-06T06:00,0.0,0.0,0.0,0.0,0.0,0.03,0,0.0,0.0,3170.0,5.5,2.21,6.4,265,0,65460.0,1,0.272
2026-02-06T07:00,0.0,0.0,0.0,0.0,0.0,0.03,0,0.0,1.0,3145.0,4.7,2.83,10.0,262,0,65440.0,1,0.272
2026-02-06T08:00,0.0,0.0,0.0,0.0,0.0,0.03,0,0.0,1.0,3555.0,5.0,2.96,10.7,266,0,65440.0,1,0.271
2026-02-06T09:00,0.0,0.0,0.0,0.0,0.0,0.03,0,0.0,1.0,2955.0,4.4,2.61,10.8,265,0,65420.0,1,0.271
2026-02-06T10:00,0.0,0.0,0.0,0.0,0.0,0.03,0,0.0,1.0,2360.0,2.7,1.84,10.1,257,0,65400.0,1,0.271
2026-02-06T11:00,0.0,0.0,0.0,0.0,0.0,0.03,0,0.0,1.0,25.0,0.4,0.28,7.9,225,0,64580.0,1,0.271
2026-02-06T12:00,0.0,0.0,0.0,0.0,0.0,0.03,1,0.0,1.0,20.0,1.1,0.4,4.1,187,24,64560.0,0,0.271
2026-02-06T13:00,0.0,0.0,0.0,0.0,0.0,0.03,0,0.0,1.0,15.0,-1.9,0.6,4.9,246,0,63980.0,0,0.271
2026-02-06T14:00,0.0,0.0,0.0,0.0,0.0,0.03,0,0.0,1.0,15.0,-4.9,0.78,5.6,243,0,63140.0,0,0.271
2026-02-06T15:00,0.0,0.0,0.0,0.0,0.0,0.03,0,0.0,1.0,15.0,-7.8,1.1,6.0,246,0,61660.0,0,0.271
2026-02-06T16:00,0.0,0.0,0.0,0.0,0.0,0.03,0,0.0,1.0,15.0,-9.3,1.3,6.1,247,0,60580.0,0,0.271
2026-02-06T17:00,0.0,0.0,0.0,0.0,0.0,0.03,0,0.0,1.0,15.0,-10.6,1.19,6.1,248,1,59260.0,0,0.271
2026-02-06T18:00,0.0,0.0,0.0,0.0,0.0,0.03,0,0.0,1.0,10.0,-10.3,0.9,5.9,251,1,59260.0,0,0.271
2026-02-06T19:00,0.0,0.0,0.0,0.0,0.0,0.03,0,0.0,1.0,10.0,-11.7,0.7,5.1,249,5,59240.0,0,0.271
2026-02-06T20:00,0.0,0.0,0.0,0.0,0.0,0.03,1,0.0,1.0,10.0,-12.0,0.63,4.5,252,36,59220.0,0,0.271
2026-02-06T21:00,0.0,0.0,0.0,0.0,0.0,0.03,0,0.0,1.0,10.0,-12.2,0.73,4.1,254,5,59220.0,0,0.271
2026-02-06T22:00,0.0,0.0,0.0,0.0,0.0,0.03,0,0.0,2.0,10.0,-12.5,0.7,3.9,249,15,59200.0,0,0.271
2026-02-06T23:00,0.0,0.0,0.0,0.0,0.0,0.03,1,0.0,2.0,10.0,-12.7,0.49,3.7,246,41,59180.0,0,0.271
2026-02-07T00:00,0.0,0.0,0.0,0.0,0.0,0.03,0,0.0,2.0,10.0,-11.0,0.32,3.3,252,15,59180.0,0,0.271
2026-02-07T01:00,0.0,0.0,0.0,0.0,0.0,0.03,1,0.0,2.0,10.0,-10.9,0.52,3.4,253,48,60480.0,1,0.271
2026-02-07T02:00,0.0,0.0,0.0,0.0,0.0,0.03,2,0.0,2.0,105.0,-2.9,0.18,3.3,304,74,63000.0,1,0.271
2026-02-07T03:00,0.0,0.0,0.0,0.0,0.0,0.03,2,0.0,2.0,405.0,1.4,0.63,2.8,18,79,63800.0,1,0.271
2026-02-07T04:00,0.0,0.0,0.0,0.0,0.0,0.03,3,0.0,2.0,1065.0,3.9,0.89,3.8,52,100,63780.0,1,0.271
2026-02-07T05:00,0.0,0.0,0.0,0.0,0.0,0.03,2,0.0,2.0,1835.0,5.8,0.6,4.0,48,55,64360.0,1,0.271
2026-02-07T06:00,0.0,0.0,0.0,0.0,0.0,0.03,1,10.0,0.0,3100.0,7.4,0.86,3.6,7,30,64340.0,1,0.271
2026-02-07T07:00,0.0,0.0,0.0,0.0,0.0,0.03,3,150.0,0.0,5315.0,7.9,1.12,4.8,297,100,64340.0,1,0.271
2026-02-07T08:00,0.0,0.0,0.0,0.0,0.0,0.03,2,120.0,0.0,5515.0,7.5,3.27,11.0,264,71,64320.0,1,0.271
2026-02-07T09:00,0.0,0.0,0.0,0.0,0.0,0.02,1,0.0,5.0,3675.0,6.3,3.08,12.3,253,20,64300.0,1,0.271
2026-02-07T10:00,0.0,0.0,0.0,0.0,0.0,0.02,0,0.0,9.0,2390.0,4.7,2.47,11.2,238,13,64300.0,1,0.271
2026-02-07T11:00,0.0,0.0,0.0,0.0,0.0,0.02,0,0.0,13.0,545.0,0.5,1.66,9.2,224,10,63700.0,1,0.271
2026-02-07T12:00,0.0,0.0,0.0,0.0,0.0,0.02,0,0.0,17.0,30.0,1.3,0.5,7.3,217,5,63680.0,0,0.271
2026-02-07T13:00,0.0,0.0,0.0,0.0,0.0,0.02,0,0.0,22.0,25.0,-1.2,0.67,4.2,222,7,63660.0,0,0.271
2026-02-07T14:00,0.0,0.0,0.0,0.0,0.0,0.02,3,10.0,26.0,30.0,-3.6,1.32,5.2,233,100,62840.0,0,0.271
2026-02-07T15:00,0.0,0.0,0.0,0.0,0.0,0.02,3,20.0,30.0,30.0,-3.8,1.5,5.8,240,100,61360.0,0,0.271
2026-02-07T16:00,0.0,0.0,0.0,0.0,0.0,0.02,1,10.0,32.0,20.0,-4.2,1.14,5.8,241,26,61340.0,0,0.271
2026-02-07T17:00,0.0,0.0,0.0,0.0,0.0,0.02,3,10.0,34.0,15.0,-6.6,1.05,5.1,245,98,60260.0,0,0.271
2026-02-07T18:00,0.0,0.0,0.0,0.0,0.0,0.02,3,10.0,35.0,15.0,-6.0,0.87,4.7,246,91,58940.0,0,0.271
2026-02-07T19:00,0.0,0.0,0.0,0.0,0.0,0.02,2,10.0,2.0,10.0,-8.3,0.85,4.1,242,72,58940.0,0,0.271
2026-02-07T20:00,0.0,0.0,0.0,0.0,0.0,0.02,0,0.0,2.0,10.0,-9.3,0.89,4.2,232,9,58920.0,0,0.271
2026-02-07T21:00,0.0,0.0,0.0,0.0,0.0,0.02,2,10.0,2.0,10.0,-10.2,0.94,4.4,238,68,57440.0,0,0.271
2026-02-07T22:00,0.0,0.0,0.0,0.0,0.0,0.02,1,10.0,2.0,10.0,-9.9,0.9,4.4,236,36,57440.0,0,0.271
2026-02-07T23:00,0.0,0.0,0.0,0.0,0.0,0.02,2,0.0,2.0,10.0,-10.4,0.83,4.2,237,52,57420.0,0,0.271
2026-02-08T00:00,0.0,0.0,0.0,0.0,0.0,0.02,3,10.0,1.0,15.0,-8.9,0.83,4.1,245,87,58860.0,0,0.271
2026-02-08T01:00,0.0,0.0,0.0,0.0,0.0,0.02,1,0.0,2.0,15.0,-7.6,0.97,4.3,235,21,58860.0,1,0.271
2026-02-08T02:00,0.0,0.0,0.0,0.0,0.0,0.02,1,10.0,2.0,205.0,-1.4,0.79,4.4,235,36,62700.0,1,0.271
2026-02-08T03:00,0.0,0.0,0.0,0.0,0.0,0.02,3,10.0,2.0,1680.0,2.2,0.67,4.1,243,99,62680.0,1,0.271
2026-02-08T04:00,0.0,0.0,0.0,0.0,0.0,0.02,3,0.0,2.0,2425.0,3.9,2.59,7.7,236,85,57180.0,1,0.271
2026-02-08T05:00,0.1,0.0,0.1,0.07,0.1,0.02,85,0.0,1.0,2475.0,5.1,2.64,10.7,243,100,58440.0,1,0.271
2026-02-08T06:00,0.0,0.0,0.0,0.0,0.0,0.02,3,50.0,1.0,2855.0,6.5,3.02,12.3,282,96,63460.0,1,0.271
2026-02-08T07:00,0.6,0.0,0.6,0.42,0.6,0.03,85,10.0,-3.0,2400.0,5.1,3.85,14.3,269,90,63440.0,1,0.271
2026-02-08T08:00,0.0,0.0,0.0,0.0,0.0,0.03,3,100.0,0.0,2895.0,5.7,4.05,14.7,269,97,63440.0,1,0.271
2026-02-08T09:00,0.0,0.0,0.0,0.0,0.0,0.02,3,0.0,40.0,2580.0,4.8,3.8,16.1,272,100,63140.0,1,0.271
2026-02-08T10:00,0.0,0.0,0.0,0.0,0.0,0.02,3,0.0,18.0,1990.0,3.3,3.42,15.1,277,99,46440.0,1,0.271
2026-02-08T11:00,0.0,0.0,0.0,0.0,0.0,0.02,3,20.0,33.0,1450.0,1.7,2.65,13.8,269,98,38660.0,1,0.271
2026-02-08T12:00,0.0,0.0,0.0,0.0,0.0,0.02,3,160.0,5.0,30.0,-0.8,0.18,12.1,214,93,15460.0,0,0.271
2026-02-08T13:00,0.1,0.0,0.0,0.07,0.1,0.02,71,160.0,15.0,30.0,-1.8,0.27,7.7,248,79,40360.0,0,0.271
2026-02-08T14:00,0.0,0.0,0.0,0.0,0.0,0.02,2,150.0,64.0,40.0,-2.8,0.59,5.4,200,55,55020.0,0,0.271
2026-02-08T15:00,0.0,0.0,0.0,0.0,0.0,0.02,2,150.0,84.0,10.0,-4.3,0.11,5.2,243,52,54280.0,0,0.271
2026-02-08T16:00,0.0,0.0,0.0,0.0,0.0,0.02,0,200.0,59.0,15.0,-5.2,0.22,4.2,243,6,54220.0,0,0.271
2026-02-08T17:00,0.0,0.0,0.0,0.0,0.0,0.02,3,190.0,60.0,20.0,-7.3,0.47,4.2,238,80,54100.0,0,0.271
2026-02-08T18:00,0.0,0.0,0.0,0.0,0.0,0.02,1,130.0,68.0,30.0,-7.7,0.94,4.7,245,27,45700.0,0,0.271
2026-02-08T19:00,0.0,0.0,0.0,0.0,0.0,0.02,1,80.0,78.0,30.0,-9.8,0.94,5.2,238,36,28260.0,0,0.271
2026-02-08T20:00,0.0,0.0,0.0,0.0,0.0,0.02,1,40.0,92.0,30.0,-10.8,0.81,5.4,227,30,25460.0,0,0.271
2026-02-08T21:00,0.0,0.0,0.0,0.0,0.0,0.02,1,0.0,67.0,30.0,-11.5,0.67,5.2,228,23,22820.0,0,0.271
2026-02-08T22:00,0.0,0.0,0.0,0.0,0.0,0.02,1,0.0,46.0,30.0,-11.9,0.63,5.1,241,21,13180.0,0,0.271
2026-02-08T23:00,0.0,0.0,0.0,0.0,0.0,0.02,1,0.0,46.0,30.0,-12.4,0.9,5.6,236,45,8900.0,0,0.271
2026-02-09T00:00,0.0,0.0,0.0,0.0,0.0,0.02,0,0.0,45.0,25.0,-11.8,0.9,5.8,236,16,39140.0,0,0.271
2026-02-09T01:00,0.0,0.0,0.0,0.0,0.0,0.02,1,0.0,45.0,30.0,-11.7,0.71,6.1,231,24,26360.0,1,0.271
2026-02-09T02:00,0.0,0.0,0.0,0.0,0.0,0.02,1,0.0,45.0,90.0,-4.2,0.14,6.1,225,20,46920.0,1,0.271
2026-02-09T03:00,0.0,0.0,0.0,0.0,0.0,0.02,0,0.0,45.0,525.0,0.3,0.81,5.4,83,7,61660.0,1,0.271
2026-02-09T04:00,0.0,0.0,0.0,0.0,0.0,0.02,0,0.0,44.0,2210.0,3.7,0.1,5.5,90,2,63180.0,1,0.271
2026-02-09T05:00,0.0,0.0,0.0,0.0,0.0,0.02,0,0.0,44.0,3940.0,6.0,2.66,9.9,266,0,64580.0,1,0.271
2026-02-09T06:00,0.0,0.0,0.0,0.0,0.0,0.02,0,0.0,44.0,3525.0,7.3,5.2,16.1,272,0,64580.0,1,0.271
2026-02-09T07:00,0.0,0.0,0.0,0.0,0.0,0.02,0,0.0,44.0,3970.0,9.0,5.58,18.1,276,0,64560.0,1,0.271
2026-02-09T08:00,0.0,0.0,0.0,0.0,0.0,0.02,0,0.0,43.0,3520.0,8.6,5.05,17.9,272,6,63720.0,1,0.271
2026-02-09T09:00,0.0,0.0,0.0,0.0,0.0,0.02,1,0.0,43.0,3785.0,8.6,4.93,16.2,281,24,64540.0,1,0.271
2026-02-09T10:00,0.0,0.0,0.0,0.0,0.0,0.02,0,0.0,42.0,3280.0,7.6,3.6,15.7,270,9,63700.0,1,0.271
2026-02-09T11:00,0.0,0.0,0.0,0.0,0.0,0.02,0,0.0,42.0,220.0,3.3,1.14,11.2,247,18,63680.0,1,0.271
2026-02-09T12:00,0.0,0.0,0.0,0.0,0.0,0.02,1,0.0,41.0,25.0,2.5,0.6,6.5,204,40,63680.0,0,0.271
2026-02-09T13:00,0.0,0.0,0.0,0.0,0.0,0.02,0,0.0,41.0,25.0,1.2,0.95,5.0,198,19,63660.0,0,0.271
2026-02-09T14:00,0.0,0.0,0.0,0.0,0.0,0.02,1,0.0,40.0,35.0,-0.6,1.52,6.2,226,23,63060.0,0,0.271
2026-02-09T15:00,0.0,0.0,0.0,0.0,0.0,0.02,0,0.0,40.0,30.0,-2.4,1.51,6.3,236,17,62220.0,0,0.271
2026-02-09T16:00,0.0,0.0,0.0,0.0,0.0,0.02,0,0.0,39.0,30.0,-3.9,1.28,6.1,239,10,62220.0,0,0.271
2026-02-09T17:00,0.0,0.0,0.0,0.0,0.0,0.02,0,0.0,39.0,20.0,-5.2,1.05,5.4,239,13,60740.0,0,0.271
2026-02-09T18:00,0.0,0.0,0.0,0.0,0.0,0.02,3,0.0,38.0,15.0,-6.7,0.65,4.4,247,99,59660.0,0,0.271
2026-02-09T19:00,0.0,0.0,0.0,0.0,0.0,0.02,3,0.0,38.0,10.0,-6.3,0.72,3.1,245,87,59640.0,0,0.271
2026-02-09T20:00,0.0,0.0,0.0,0.0,0.0,0.02,1,0.0,37.0,10.0,-7.1,0.51,3.1,241,48,59620.0,0,0.271
2026-02-09T21:00,0.0,0.0,0.0,0.0,0.0,0.02,2,0.0,36.0,10.0,-7.9,0.54,2.9,236,63,58300.0,0,0.271
2026-02-09T22:00,0.0,0.0,0.0,0.0,0.0,0.02,3,0.0,36.0,10.0,-8.0,0.47,3.0,238,86,58280.0,0,0.271
2026-02-09T23:00,0.0,0.0,0.0,0.0,0.0,0.02,3,0.0,35.0,10.0,-7.6,0.29,2.9,239,100,58280.0,0,0.271
2026-02-10T00:00,0.0,0.0,0.0,0.0,0.0,0.02,3,0.0,34.0,10.0,-7.3,0.32,2.7,252,100,44360.0,0,0.271
2026-02-10T01:00,0.0,0.0,0.0,0.0,0.0,0.02,3,10.0,2.0,10.0,-4.8,0.16,2.6,252,100,24440.0,1,0.271
2026-02-10T02:00,0.0,0.0,0.0,0.0,0.0,0.02,3,0.0,33.0,125.0,0.5,0.2,2.5,360,91,58300.0,1,0.271
2026-02-10T03:00,0.0,0.0,0.0,0.0,0.0,0.02,3,10.0,32.0,670.0,4.1,0.56,4.0,27,84,62900.0,1,0.271
2026-02-10T04:00,0.0,0.0,0.0,0.0,0.0,0.02,3,0.0,32.0,1870.0,6.8,0.27,4.4,248,80,62880.0,1,0.271
2026-02-10T05:00,0.0,0.0,0.0,0.0,0.0,0.02,1,0.0,31.0,2520.0,8.7,2.98,9.0,230,48,62880.0,1,0.271
2026-02-10T06:00,0.0,0.0,0.0,0.0,0.0,0.02,2,10.0,4.0,2725.0,8.4,2.92,10.1,239,68,62860.0,1,0.271
2026-02-10T07:00,0.0,0.0,0.0,0.0,0.0,0.02,3,20.0,0.0,2895.0,9.6,3.53,10.5,249,97,62860.0,1,0.271
2026-02-10T08:00,0.0,0.0,0.0,0.0,0.0,0.02,3,10.0,0.0,2725.0,9.1,3.62,11.0,250,91,62840.0,1,0.271
2026-02-10T09:00,0.0,0.0,0.0,0.0,0.0,0.02,2,0.0,2.0,2415.0,8.5,3.45,10.7,253,71,62820.0,1,0.271
2026-02-10T10:00,0.0,0.0,0.0,0.0,0.0,0.02,2,10.0,2.0,1920.0,6.9,3.04,10.2,245,77,62820.0,1,0.271
2026-02-10T11:00,0.0,0.0,0.0,0.0,0.0,0.02,2,0.0,27.0,1190.0,3.5,1.11,8.6,216,58,62800.0,1,0.271
2026-02-10T12:00,0.0,0.0,0.0,0.0,0.0,0.02,0,0.0,40.0,135.0,2.0,0.88,4.9,227,2,61960.0,0,0.271
2026-02-10T13:00,0.0,0.0,0.0,0.0,0.0,0.02,0,0.0,25.0,30.0,1.1,0.6,4.8,246,0,61960.0,0,0.271
2026-02-10T14:00,0.0,0.0,0.0,0.0,0.0,0.02,0,0.0,24.0,35.0,-0.5,1.33,4.6,250,1,60460.0,0,0.271
2026-02-10T15:00,0.0,0.0,0.0,0.0,0.0,0.02,0,0.0,24.0,35.0,-1.4,1.61,5.7,240,1,59380.0,0,0.271
2026-02-10T16:00,0.0,0.0,0.0,0.0,0.0,0.02,2,0.0,23.0,35.0,-2.5,1.43,5.7,241,50,59380.0,0,0.271
2026-02-10T17:00,0.0,0.0,0.0,0.0,0.0,0.02,2,0.0,22.0,35.0,-3.4,1.32,5.3,241,70,59360.0,0,0.271
2026-02-10T18:00,0.0,0.0,0.0,0.0,0.0,0.02,0,20.0,32.0,35.0,-4.4,1.27,4.9,244,3,58040.0,0,0.271
2026-02-10T19:00,0.0,0.0,0.0,0.0,0.0,0.02,0,10.0,21.0,30.0,-5.0,1.19,4.8,242,0,58020.0,0,0.271
2026-02-10T20:00,0.0,0.0,0.0,0.0,0.0,0.02,0,0.0,20.0,30.0,-5.9,1.06,4.5,251,3,58020.0,0,0.271
2026-02-10T21:00,0.0,0.0,0.0,0.0,0.0,0.02,1,0.0,19.0,25.0,-6.7,1.01,4.3,243,42,58000.0,0,0.271
2026-02-10T22:00,0.0,0.0,0.0,0.0,0.0,0.02,0,0.0,18.0,20.0,-7.1,0.87,4.1,246,7,56520.0,0,0.271
2026-02-10T23:00,0.0,0.0,0.0,0.0,0.0,0.02,0,0.0,18.0,15.0,-7.9,0.74,3.8,250,3,43500.0,0,0.271
2026-02-11T00:00,0.0,0.0,0.0,0.0,0.0,0.02,0,0.0,17.0,10.0,-8.7,0.59,3.4,250,2,56500.0,0,0.271
2026-02-11T01:00,0.0,0.0,0.0,0.0,0.0,0.02,0,0.0,16.0,10.0,-6.3,0.72,3.2,258,12,57940.0,1,0.271
2026-02-11T02:00,0.0,0.0,0.0,0.0,0.0,0.02,0,0.0,15.0,205.0,0.3,0.65,3.4,328,8,60320.0,1,0.271
2026-02-11T03:00,0.0,0.0,0.0,0.0,0.0,0.02,2,0.0,15.0,715.0,3.4,0.67,4.4,48,71,61780.0,1,0.271
2026-02-11T04:00,0.0,0.0,0.0,0.0,0.0,0.02,2,0.0,14.0,1240.0,5.7,0.83,5.0,65,70,61780.0,1,0.271
2026-02-11T05:00,0.0,0.0,0.0,0.0,0.0,0.02,2,0.0,13.0,2010.0,8.3,0.2,5.3,90,71,62580.0,1,0.271
2026-02-11T06:00,0.2,0.0,0.2,0.14,0.2,0.02,85,20.0,0.0,2995.0,9.0,2.02,7.2,240,47,63160.0,1,0.271
2026-02-11T07:00,0.0,0.0,0.0,0.0,0.0,0.02,3,50.0,0.0,3260.0,10.4,3.99,11.9,262,91,63160.0,1,0.271
2026-02-11T08:00,0.0,0.0,0.0,0.0,0.0,0.02,3,60.0,0.0,2995.0,9.9,4.43,13.5,276,91,63140.0,1,0.271
2026-02-11T09:00,0.0,0.0,0.0,0.0,0.0,0.02,2,40.0,0.0,3015.0,9.2,3.81,13.3,274,59,63140.0,1,0.27
2026-02-11T10:00,0.0,0.0,0.0,0.0,0.0,0.02,1,10.0,0.0,2720.0,8.2,3.24,11.2,257,38,62520.0,1,0.27
2026-02-11T11:00,0.0,0.0,0.0,0.0,0.0,0.02,0,0.0,0.0,500.0,3.8,1.36,9.1,242,2,62520.0,1,0.27
2026-02-11T12:00,0.0,0.0,0.0,0.0,0.0,0.02,0,0.0,0.0,20.0,2.7,0.35,6.0,270,4,61680.0,0,0.27
2026-02-11T13:00,0.0,0.0,0.0,0.0,0.0,0.02,0,0.0,0.0,30.0,1.5,0.8,5.0,266,5,61660.0,0,0.27
2026-02-11T14:00,0.0,0.0,0.0,0.0,0.0,0.02,0,0.0,0.0,30.0,0.3,0.96,5.0,242,4,61660.0,0,0.27
2026-02-11T15:00,0.0,0.0,0.0,0.0,0.0,0.02,0,0.0,0.0,30.0,-0.9,1.21,4.4,240,3,60160.0,0,0.27
2026-02-11T16:00,0.0,0.0,0.0,0.0,0.0,0.02,0,0.0,0.0,35.0,-1.5,1.34,4.5,243,13,60160.0,0,0.27
2026-02-11T17:00,0.0,0.0,0.0,0.0,0.0,0.02,1,0.0,0.0,30.0,-2.5,1.21,4.5,246,26,59060.0,0,0.27
2026-02-11T18:00,0.0,0.0,0.0,0.0,0.0,0.02,1,0.0,0.0,25.0,-4.2,0.93,4.2,254,20,57740.0,0,0.27
2026-02-11T19:00,0.0,0.0,0.0,0.0,0.0,0.02,1,0.0,0.0,20.0,-4.7,0.95,3.4,252,32,57720.0,0,0.27
2026-02-11T20:00,0.0,0.0,0.0,0.0,0.0,0.02,2,0.0,0.0,15.0,-5.3,0.93,3.5,254,77,57720.0,0,0.27
2026-02-11T21:00,0.0,0.0,0.0,0.0,0.0,0.02,2,0.0,0.0,15.0,-5.3,0.98,3.5,255,66,57700.0,0,0.27
2026-02-11T22:00,0.0,0.0,0.0,0.0,0.0,0.02,3,10.0,0.0,15.0,-6.0,0.95,3.7,252,90,57700.0,0,0.27
2026-02-11T23:00,0.0,0.0,0.0,0.0,0.0,0.02,3,10.0,0.0,15.0,-6.0,0.73,3.6,254,95,57520.0,0,0.27
2026-02-12T00:00,0.0,0.0,0.0,0.0,0.0,0.02,3,0.0,0.0,15.0,-5.8,0.72,3.2,258,92,48260.0,0,0.27
2026-02-12T01:00,0.0,0.0,0.0,0.0,0.0,0.02,3,0.0,0.0,15.0,-3.6,1.36,3.8,264,100,50880.0,1,0.27
2026-02-12T02:00,0.0,0.0,0.0,0.0,0.0,0.02,3,0.0,0.0,175.0,1.0,0.78,4.1,297,100,33440.0,1,0.27
2026-02-12T03:00,0.0,0.0,0.0,0.0,0.0,0.02,3,0.0,0.0,800.0,4.0,0.4,3.8,353,100,51660.0,1,0.27
2026-02-12T04:00,0.0,0.0,0.0,0.0,0.0,0.02,3,0.0,0.0,1730.0,6.0,1.6,5.9,302,95,39840.0,1,0.27
2026-02-12T05:00,0.1,0.0,0.0,0.07,0.1,0.02,71,0.0,0.0,1840.0,6.7,2.93,9.4,293,69,41220.0,1,0.27
2026-02-12T06:00,0.4,0.0,0.4,0.28,0.4,0.02,85,0.0,0.0,2220.0,6.5,3.34,10.8,302,52,52820.0,1,0.27
2026-02-12T07:00,0.0,0.0,0.0,0.0,0.0,0.02,3,10.0,0.0,3355.0,8.6,3.61,11.4,289,91,62880.0,1,0.27
2026-02-12T08:00,0.0,0.0,0.0,0.0,0.0,0.02,3,60.0,0.0,4060.0,9.0,3.77,11.5,276,91,62860.0,1,0.27
2026-02-12T09:00,0.0,0.0,0.0,0.0,0.0,0.02,3,20.0,0.0,3875.0,8.8,3.56,11.4,274,93,62840.0,1,0.27
2026-02-12T10:00,0.0,0.0,0.0,0.0,0.0,0.02,3,10.0,0.0,3425.0,7.6,3.39,10.6,286,100,62840.0,1,0.27
2026-02-12T11:00,0.0,0.0,0.0,0.0,0.0,0.02,2,10.0,0.0,880.0,4.8,2.28,10.1,296,67,52880.0,1,0.27
2026-02-12T12:00,0.0,0.0,0.0,0.0,0.0,0.02,3,90.0,61.0,30.0,2.0,0.56,9.4,243,98,32580.0,0,0.27
2026-02-12T13:00,0.0,0.0,0.0,0.0,0.0,0.02,3,110.0,49.0,40.0,1.1,1.11,5.5,252,99,50900.0,0,0.27
2026-02-12T14:00,0.0,0.0,0.0,0.0,0.0,0.02,3,100.0,71.0,60.0,1.2,1.2,5.6,272,100,52620.0,0,0.27
2026-02-12T15:00,0.0,0.0,0.0,0.0,0.0,0.02,3,50.0,119.0,85.0,1.1,1.19,5.9,285,100,47880.0,0,0.27
2026-02-12T16:00,0.0,0.0,0.0,0.0,0.0,0.02,3,30.0,93.0,75.0,0.6,1.02,5.8,281,100,48880.0,0,0.27
2026-02-12T17:00,0.0,0.0,0.0,0.0,0.0,0.02,3,30.0,98.0,50.0,-0.3,0.85,5.4,267,88,57520.0,0,0.27
2026-02-12T18:00,0.0,0.0,0.0,0.0,0.0,0.02,2,50.0,67.0,20.0,-2.2,0.56,4.3,260,73,57440.0,0,0.27
2026-02-12T19:00,0.0,0.0,0.0,0.0,0.0,0.02,1,60.0,61.0,25.0,-3.3,0.92,4.0,257,31,57440.0,0,0.27
2026-02-12T20:00,0.0,0.0,0.0,0.0,0.0,0.02,2,60.0,38.0,25.0,-4.2,1.02,4.5,259,78,57420.0,0,0.27
2026-02-12T21:00,0.0,0.0,0.0,0.0,0.0,0.02,3,70.0,26.0,25.0,-4.7,0.97,4.8,258,98,53520.0,0,0.27
2026-02-12T22:00,0.0,0.0,0.0,0.0,0.0,0.02,1,50.0,33.0,20.0,-4.6,0.72,4.6,245,24,58720.0,0,0.27
2026-02-12T23:00,0.0,0.0,0.0,0.0,0.0,0.02,0,30.0,37.0,15.0,-5.8,0.54,3.3,248,1,58700.0,0,0.27
2026-02-13T00:00,0.0,0.0,0.0,0.0,0.0,0.02,0,10.0,47.0,10.0,-8.9,0.46,2.8,257,0,55900.0,0,0.27
2026-02-13T01:00,0.0,0.0,0.0,0.0,0.0,0.02,0,0.0,0.0,10.0,-6.1,0.5,3.0,233,0,57360.0,1,0.27
2026-02-13T02:00,0.0,0.0,0.0,0.0,0.0,0.02,0,0.0,2.0,235.0,-0.4,0.35,3.0,82,0,59740.0,1,0.27
2026-02-13T03:00,0.0,0.0,0.0,0.0,0.0,0.02,0,100.0,39.0,870.0,2.6,0.75,4.7,90,3,61200.0,1,0.27
2026-02-13T04:00,0.0,0.0,0.0,0.0,0.0,0.02,2,180.0,0.0,2560.0,5.2,0.6,5.9,24,75,62020.0,1,0.27
2026-02-13T05:00,0.1,0.0,0.1,0.07,0.1,0.02,85,60.0,0.0,4295.0,6.7,2.49,8.6,322,100,62600.0,1,0.27
2026-02-13T06:00,0.1,0.0,0.1,0.07,0.1,0.02,85,40.0,0.0,4320.0,5.9,3.96,12.9,295,98,62600.0,1,0.27
2026-02-13T07:00,0.0,0.0,0.0,0.0,0.0,0.02,3,30.0,0.0,4300.0,6.8,4.73,14.4,277,99,61680.0,1,0.27
2026-02-13T08:00,0.0,0.0,0.0,0.0,0.0,0.02,2,0.0,4.0,3360.0,6.1,4.67,15.3,265,79,62580.0,1,0.27
2026-02-13T09:00,0.0,0.0,0.0,0.0,0.0,0.02,1,0.0,0.0,3465.0,6.2,4.93,14.6,250,36,62560.0,1,0.27
2026-02-13T10:00,0.0,0.0,0.0,0.0,0.0,0.02,0,10.0,0.0,2395.0,4.8,4.03,15.0,240,10,62560.0,1,0.27
2026-02-13T11:00,0.0,0.0,0.0,0.0,0.0,0.02,0,0.0,0.0,640.0,2.7,1.98,12.3,223,3,62540.0,1,0.27
2026-02-13T12:00,0.0,0.0,0.0,0.0,0.0,0.02,0,0.0,45.0,20.0,0.4,0.41,8.1,194,1,61920.0,0,0.27
2026-02-13T13:00,0.0,0.0,0.0,0.0,0.0,0.02,0,0.0,0.0,20.0,-0.5,0.54,3.5,214,2,61920.0,0,0.27
2026-02-13T14:00,0.0,0.0,0.0,0.0,0.0,0.02,0,0.0,0.0,20.0,-1.7,0.81,3.5,223,1,61900.0,0,0.27
2026-02-13T15:00,0.0,0.0,0.0,0.0,0.0,0.02,0,0.0,18.0,20.0,-3.4,1.1,3.9,227,6,61060.0,0,0.27
2026-02-13T16:00,0.0,0.0,0.0,0.0,0.0,0.02,0,0.0,0.0,15.0,-5.1,0.9,4.2,236,2,59580.0,0,0.27
2026-02-13T17:00,0.0,0.0,0.0,0.0,0.0,0.02,3,0.0,0.0,15.0,-6.5,0.96,3.9,223,82,59560.0,0,0.27
2026-02-13T18:00,0.0,0.0,0.0,0.0,0.0,0.02,2,0.0,71.0,10.0,-8.2,0.88,4.3,227,63,58480.0,0,0.27
2026-02-13T19:00,0.0,0.0,0.0,0.0,0.0,0.02,1,0.0,0.0,10.0,-8.3,0.64,4.1,225,23,58460.0,0,0.27
2026-02-13T20:00,0.0,0.0,0.0,0.0,0.0,0.02,3,0.0,0.0,10.0,-8.8,0.57,3.8,232,97,58460.0,0,0.27
2026-02-13T21:00,0.0,0.0,0.0,0.0,0.0,0.02,3,0.0,40.0,10.0,-8.3,0.46,3.8,221,98,58440.0,0,0.27
2026-02-13T22:00,0.0,0.0,0.0,0.0,0.0,0.02,3,0.0,0.0,10.0,-8.1,0.42,3.6,225,100,57380.0,0,0.27
2026-02-13T23:00,0.0,0.0,0.0,0.0,0.0,0.02,3,0.0,0.0,10.0,-6.7,0.28,3.7,225,99,54620.0,0,0.27
2026-02-14T00:00,0.0,0.0,0.0,0.0,0.0,0.02,3,0.0,0.0,10.0,-5.9,0.25,4.2,233,100,60960.0,0,0.27
2026-02-14T01:00,0.0,0.0,0.0,0.0,0.0,0.02,3,10.0,0.0,10.0,-4.8,0.25,3.8,233,99,60940.0,1,0.27
2026-02-14T02:00,0.0,0.0,0.0,0.0,0.0,0.02,3,0.0,0.0,230.0,0.7,0.21,3.9,166,92,61760.0,1,0.27
2026-02-14T03:00,0.0,0.0,0.0,0.0,0.0,0.02,2,0.0,0.0,795.0,3.8,0.9,4.9,87,73,62360.0,1,0.27
2026-02-14T04:00,0.0,0.0,0.0,0.0,0.0,0.02,3,0.0,0.0,2210.0,7.0,1.45,6.3,178,80,62340.0,1,0.27
2026-02-14T05:00,0.0,0.0,0.0,0.0,0.0,0.02,3,0.0,0.0,2535.0,8.7,3.22,10.2,223,100,62320.0,1,0.27
2026-02-14T06:00,0.0,0.0,0.0,0.0,0.0,0.02,3,20.0,2.0,2540.0,7.8,3.33,11.1,237,98,62320.0,1,0.27
2026-02-14T07:00,0.0,0.0,0.0,0.0,0.0,0.02,1,40.0,5.0,2840.0,8.8,3.45,12.3,248,27,62300.0,1,0.269
2026-02-14T08:00,0.0,0.0,0.0,0.0,0.0,0.02,1,50.0,0.0,3140.0,9.4,4.25,13.8,252,49,62300.0,1,0.269
2026-02-14T09:00,0.0,0.0,0.0,0.0,0.0,0.02,3,10.0,33.0,2330.0,8.1,4.43,14.2,250,82,62280.0,1,0.269
2026-02-14T10:00,0.0,0.0,0.0,0.0,0.0,0.02,2,0.0,28.0,1780.0,6.7,3.42,14.2,249,63,61660.0,1,0.269
2026-02-14T11:00,0.0,0.0,0.0,0.0,0.0,0.02,1,0.0,,1315.0,3.7,1.64,10.5,232,21,61660.0,1,0.269
2026-02-14T12:00,0.0,0.0,0.0,0.0,0.0,0.02,3,0.0,27.0,435.0,2.3,1.0,8.1,273,100,48060.0,0,0.269
2026-02-14T13:00,0.0,0.0,0.0,0.0,0.0,0.02,3,0.0,,30.0,1.6,0.32,5.9,309,96,59320.0,0,0.269
2026-02-14T14:00,0.0,0.0,0.0,0.0,0.0,0.02,1,0.0,80.0,20.0,0.1,0.45,4.1,243,38,59320.0,0,0.269
2026-02-14T15:00,0.0,0.0,0.0,0.0,0.0,0.02,1,0.0,83.0,25.0,-1.6,1.01,4.6,237,20,59300.0,0,0.269
2026-02-14T16:00,0.0,0.0,0.0,0.0,0.0,0.02,2,30.0,90.0,30.0,-2.5,1.01,4.5,243,66,58220.0,0,0.269
2026-02-14T17:00,0.0,0.0,0.0,0.0,0.0,0.02,1,0.0,4.0,25.0,-3.6,1.1,4.2,246,32,56880.0,0,0.269
2026-02-14T18:00,0.0,0.0,0.0,0.0,0.0,0.02,3,0.0,4.0,20.0,-5.0,1.03,4.0,247,89,56860.0,0,0.269
2026-02-14T19:00,0.0,0.0,0.0,0.0,0.0,0.02,3,0.0,3.0,15.0,-5.4,0.72,3.9,245,100,56860.0,0,0.269
2026-02-14T20:00,0.0,0.0,0.0,0.0,0.0,0.02,3,0.0,3.0,10.0,-5.7,0.63,3.2,241,100,56840.0,0,0.269
2026-02-14T21:00,0.0,0.0,0.0,0.0,0.0,0.02,3,0.0,3.0,10.0,-5.1,0.51,2.9,241,80,54340.0,0,0.269
2026-02-14T22:00,0.0,0.0,0.0,0.0,0.0,0.02,3,10.0,2.0,10.0,-5.9,0.56,2.8,243,99,52840.0,0,0.269
2026-02-14T23:00,0.0,0.0,0.0,0.0,0.0,0.02,3,10.0,2.0,10.0,-4.8,0.4,2.8,240,100,30240.0,0,0.269
2026-02-15T00:00,0.0,0.0,0.0,0.0,0.0,0.03,3,0.0,2.0,25.0,-3.5,0.79,2.6,215,100,19880.0,0,0.269
2026-02-15T01:00,0.0,0.0,0.0,0.0,0.0,0.03,3,0.0,1.0,20.0,-4.4,0.49,3.4,225,100,42000.0,1,0.269
2026-02-15T02:00,0.0,0.0,0.0,0.0,0.0,0.03,3,0.0,3.0,330.0,0.3,0.16,2.6,162,100,37400.0,1,0.269
2026-02-15T03:00,0.0,0.0,0.0,0.0,0.0,0.03,3,0.0,1.0,775.0,2.5,1.0,3.3,127,100,28560.0,1,0.269
2026-02-15T04:00,0.0,0.0,0.0,0.0,0.0,0.03,3,140.0,0.0,1730.0,4.2,0.55,4.5,95,100,39760.0,1,0.269
2026-02-15T05:00,0.1,0.0,0.1,0.07,0.1,0.03,85,130.0,0.0,2530.0,5.3,0.93,3.0,234,100,40620.0,1,0.269
2026-02-15T06:00,0.1,0.0,0.1,0.07,0.1,0.03,85,30.0,0.0,2830.0,5.9,2.45,6.5,290,98,40000.0,1,0.269
2026-02-15T07:00,0.0,0.0,0.0,0.0,0.0,0.03,3,0.0,3.0,2530.0,5.2,3.38,11.2,289,99,27200.0,1,0.269
2026-02-15T08:00,0.0,0.0,0.0,0.0,0.0,0.03,3,0.0,4.0,2125.0,4.7,2.95,11.9,273,100,29120.0,1,0.269
2026-02-15T09:00,0.0,0.0,0.0,0.0,0.0,0.02,2,0.0,7.0,2245.0,4.9,2.57,10.6,278,77,48360.0,1,0.269
2026-02-15T10:00,0.0,0.0,0.0,0.0,0.0,0.02,2,0.0,9.0,1935.0,3.9,2.47,10.2,284,53,52560.0,1,0.269
2026-02-15T11:00,0.0,0.0,0.0,0.0,0.0,0.02,1,0.0,11.0,375.0,1.3,1.05,9.6,295,20,61300.0,1,0.269
2026-02-15T12:00,0.0,0.0,0.0,0.0,0.0,0.08,3,30.0,42.0,55.0,0.2,0.74,5.3,242,100,60440.0,0,0.269
2026-02-15T13:00,0.0,0.0,0.0,0.0,0.0,0.08,3,30.0,31.0,30.0,-2.3,0.93,4.5,254,100,60420.0,0,0.269
2026-02-15T14:00,0.0,0.0,0.0,0.0,0.0,0.08,3,40.0,35.0,25.0,-3.8,1.05,4.7,245,100,58920.0,0,0.269
2026-02-15T15:00,0.0,0.0,0.0,0.0,0.0,0.08,3,50.0,30.0,25.0,-3.4,0.79,4.7,252,95,57840.0,0,0.269
2026-02-15T16:00,0.0,0.0,0.0,0.0,0.0,0.08,1,40.0,16.0,20.0,-6.2,1.0,4.0,252,48,56500.0,0,0.269
2026-02-15T17:00,0.0,0.0,0.0,0.0,0.0,0.08,0,0.0,20.0,15.0,-9.1,1.04,3.9,235,0,52100.0,0,0.269
2026-02-15T18:00,0.0,0.0,0.0,0.0,0.0,0.08,3,0.0,30.0,10.0,-10.7,0.78,3.5,243,97,52080.0,0,0.269
2026-02-15T19:00,0.0,0.0,0.0,0.0,0.0,0.07,3,0.0,42.0,10.0,-11.0,0.65,3.0,247,84,52060.0,0,0.269
2026-02-15T20:00,0.0,0.0,0.0,0.0,0.0,0.07,3,0.0,,10.0,-11.7,0.78,3.0,243,95,52040.0,0,0.269
2026-02-15T21:00,0.0,0.0,0.0,0.0,0.0,0.07,3,0.0,,10.0,-12.1,0.6,2.9,246,100,54960.0,0,0.269
2026-02-15T22:00,0.0,0.0,0.0,0.0,0.0,0.07,3,10.0,,10.0,-11.6,0.74,2.8,242,98,54940.0,0,0.269
2026-02-15T23:00,0.0,0.0,0.0,0.0,0.0,0.07,3,30.0,2.0,10.0,-10.7,0.6,2.9,246,100,54920.0,0,0.269
2026-02-16T00:00,0.0,0.0,0.0,0.0,0.0,0.07,3,0.0,33.0,10.0,-9.1,0.32,2.6,252,100,27380.0,0,0.269
2026-02-16T01:00,0.0,0.0,0.0,0.0,0.0,0.07,3,0.0,,10.0,-6.9,0.16,1.9,252,100,21820.0,1,0.269
2026-02-16T02:00,0.2,0.0,0.1,0.14,0.2,0.08,85,0.0,,100.0,-2.3,0.22,1.7,297,100,10020.0,1,0.269
2026-02-16T03:00,1.4,0.0,1.3,0.98,1.4,0.09,86,10.0,4.0,240.0,-0.8,0.68,2.9,343,100,8560.0,1,0.269
2026-02-16T04:00,0.7,0.0,0.6,0.49,0.7,0.1,85,0.0,3.0,375.0,0.4,0.9,3.3,90,100,11240.0,1,0.269
2026-02-16T05:00,0.1,0.0,0.0,0.07,0.1,0.1,71,20.0,31.0,1020.0,2.7,0.5,3.0,96,100,28580.0,1,0.269
2026-02-16T06:00,0.0,0.0,0.0,0.0,0.0,0.1,2,120.0,0.0,1795.0,3.5,0.42,3.8,45,77,52080.0,1,0.269
2026-02-16T07:00,0.1,0.0,0.1,0.07,0.1,0.1,85,120.0,0.0,2470.0,5.1,2.87,9.5,293,62,46900.0,1,0.269
2026-02-16T08:00,0.1,0.0,0.1,0.07,0.1,0.09,85,0.0,9.0,2115.0,5.0,3.02,10.9,263,84,60460.0,1,0.269
2026-02-16T09:00,0.0,0.0,0.0,0.0,0.0,0.09,0,0.0,103.0,1650.0,4.6,3.22,12.3,246,9,60880.0,1,0.269
2026-02-16T10:00,0.0,0.0,0.0,0.0,0.0,0.09,0,0.0,104.0,1365.0,3.4,2.48,11.9,236,8,60860.0,1,0.269
2026-02-16T11:00,0.0,0.0,0.0,0.0,0.0,0.09,0,0.0,105.0,155.0,-0.9,1.33,10.3,236,1,60000.0,1,0.269
2026-02-16T12:00,0.0,0.0,0.0,0.0,0.0,0.08,0,40.0,89.0,30.0,-2.5,0.76,7.6,238,19,58520.0,0,0.269
2026-02-16T13:00,0.0,0.0,0.0,0.0,0.0,0.08,0,50.0,86.0,30.0,-5.9,1.21,5.9,240,9,58500.0,0,0.269
2026-02-16T14:00,0.0,0.0,0.0,0.0,0.0,0.08,0,0.0,127.0,25.0,-7.9,1.17,5.5,239,0,56100.0,0,0.269
2026-02-16T15:00,0.0,0.0,0.0,0.0,0.0,0.08,0,20.0,130.0,20.0,-9.7,1.23,4.9,238,0,54640.0,0,0.269
2026-02-16T16:00,0.0,0.0,0.0,0.0,0.0,0.08,0,10.0,71.0,15.0,-11.1,1.01,4.8,243,0,51700.0,0,0.269
2026-02-16T17:00,0.0,0.0,0.0,0.0,0.0,0.08,0,0.0,61.0,10.0,-12.2,0.76,4.5,247,0,48940.0,0,0.269
2026-02-16T18:00,0.0,0.0,0.0,0.0,0.0,0.08,0,10.0,93.0,10.0,-12.7,0.54,4.3,248,14,3200.0,0,0.269
2026-02-16T19:00,0.0,0.0,0.0,0.0,0.0,0.08,1,0.0,0.0,10.0,-14.4,0.6,4.2,246,34,12800.0,0,0.269
2026-02-16T20:00,0.0,0.0,0.0,0.0,0.0,0.08,1,0.0,0.0,10.0,-15.2,0.34,4.2,243,45,21840.0,0,0.269
2026-02-16T21:00,0.0,0.0,0.0,0.0,0.0,0.08,1,0.0,0.0,10.0,-15.7,0.16,4.0,252,48,9820.0,0,0.269
2026-02-16T22:00,0.0,0.0,0.0,0.0,0.0,0.08,2,0.0,0.0,10.0,-16.0,0.22,4.0,243,56,7400.0,0,0.269
2026-02-16T23:00,0.0,0.0,0.0,0.0,0.0,0.08,2,0.0,0.0,10.0,-16.6,0.18,4.0,236,55,16160.0,0,0.269
2026-02-17T00:00,0.0,0.0,0.0,0.0,0.0,0.08,2,0.0,0.0,10.0,-16.0,0.22,3.8,243,51,740.0,0,0.269
2026-02-17T01:00,0.0,0.0,0.0,0.0,0.0,0.08,1,0.0,0.0,10.0,-15.0,0.32,3.9,252,44,33820.0,1,0.269
2026-02-17T02:00,0.0,0.0,0.0,0.0,0.0,0.08,0,0.0,0.0,75.0,-5.3,0.07,3.8,315,0,59720.0,1,0.269
2026-02-17T03:00,0.0,0.0,0.0,0.0,0.0,0.07,0,0.0,0.0,255.0,-0.5,0.73,2.7,74,0,59700.0,1,0.269
2026-02-17T04:00,0.0,0.0,0.0,0.0,0.0,0.07,0,0.0,0.0,490.0,2.5,1.27,3.5,99,0,59680.0,1,0.269
2026-02-17T05:00,0.0,0.0,0.0,0.0,0.0,0.07,0,0.0,0.0,895.0,5.1,1.41,4.7,107,0,60500.0,1,0.269
2026-02-17T06:00,0.0,0.0,0.0,0.0,0.0,0.07,0,0.0,0.0,2145.0,6.8,1.25,4.8,95,13,60480.0,1,0.269
2026-02-17T07:00,0.0,0.0,0.0,0.0,0.0,0.07,3,40.0,0.0,4855.0,7.7,0.74,4.2,228,95,61900.0,1,0.27
2026-02-17T08:00,0.0,0.0,0.0,0.0,0.0,0.07,1,0.0,0.0,3725.0,7.8,3.12,11.0,254,28,61060.0,1,0.271
2026-02-17T09:00,0.0,0.0,0.0,0.0,0.0,0.06,1,0.0,0.0,3890.0,7.5,2.57,11.3,257,24,61880.0,1,0.271
2026-02-17T10:00,0.0,0.0,0.0,0.0,0.0,0.06,0,0.0,0.0,2450.0,5.4,1.81,9.8,246,15,61020.0,1,0.271
2026-02-17T11:00,0.0,0.0,0.0,0.0,0.0,0.06,0,0.0,0.0,430.0,2.7,0.68,7.4,216,12,61000.0,1,0.271
2026-02-17T12:00,0.0,0.0,0.0,0.0,0.0,0.06,2,10.0,0.0,20.0,2.5,0.32,5.0,231,52,60380.0,0,0.27
2026-02-17T13:00,0.0,0.0,0.0,0.0,0.0,0.06,0,0.0,0.0,15.0,0.4,0.29,5.0,211,4,60360.0,0,0.27
2026-02-17T14:00,0.0,0.0,0.0,0.0,0.0,0.06,1,0.0,0.0,30.0,-2.5,1.1,6.0,227,26,59500.0,0,0.27
2026-02-17T15:00,0.0,0.0,0.0,0.0,0.0,0.06,1,0.0,0.0,25.0,-4.4,1.1,6.1,246,27,58020.0,0,0.27
2026-02-17T16:00,0.0,0.0,0.0,0.0,0.0,0.06,0,0.0,0.0,20.0,-5.8,1.21,5.4,240,11,56960.0,0,0.27
2026-02-17T17:00,0.0,0.0,0.0,0.0,0.0,0.06,3,0.0,0.0,15.0,-7.4,0.87,5.4,246,100,55620.0,0,0.27
2026-02-17T18:00,0.0,0.0,0.0,0.0,0.0,0.06,3,0.0,36.0,15.0,-6.6,0.82,4.5,256,100,55600.0,0,0.27
2026-02-17T19:00,0.0,0.0,0.0,0.0,0.0,0.06,3,0.0,0.0,10.0,-7.0,0.68,3.9,253,100,55580.0,0,0.27
2026-02-17T20:00,0.0,0.0,0.0,0.0,0.0,0.06,2,0.0,0.0,10.0,-7.2,0.63,3.6,241,64,55580.0,0,0.27
2026-02-17T21:00,0.0,0.0,0.0,0.0,0.0,0.06,2,0.0,39.0,10.0,-9.2,0.61,3.8,235,73,54100.0,0,0.27
2026-02-17T22:00,0.0,0.0,0.0,0.0,0.0,0.06,3,0.0,0.0,10.0,-9.3,0.47,3.8,238,95,54100.0,0,0.27
2026-02-17T23:00,0.0,0.0,0.0,0.0,0.0,0.06,2,0.0,0.0,10.0,-10.2,0.45,3.4,243,65,54080.0,0,0.27
2026-02-18T00:00,0.0,0.0,0.0,0.0,0.0,0.06,1,0.0,2.0,10.0,-8.4,0.51,3.5,241,21,54060.0,0,0.27
2026-02-18T01:00,0.0,0.0,0.0,0.0,0.0,0.06,1,20.0,0.0,10.0,-8.3,0.4,3.6,240,20,54040.0,1,0.27
2026-02-18T02:00,0.0,0.0,0.0,0.0,0.0,0.06,0,10.0,37.0,95.0,0.4,0.11,3.5,207,11,59280.0,1,0.27
2026-02-18T03:00,0.0,0.0,0.0,0.0,0.0,0.06,1,20.0,35.0,695.0,4.7,0.18,2.2,56,27,59260.0,1,0.27
2026-02-18T04:00,0.0,0.0,0.0,0.0,0.0,0.06,0,0.0,28.0,1490.0,6.5,0.52,3.2,197,0,60080.0,1,0.27
2026-02-18T05:00,0.0,0.0,0.0,0.0,0.0,0.06,1,0.0,31.0,2160.0,7.8,1.31,5.0,227,38,60060.0,1,0.27
2026-02-18T06:00,0.1,0.0,0.1,0.07,0.1,0.06,85,10.0,3.0,2950.0,9.2,3.24,9.1,253,65,60640.0,1,0.273
2026-02-18T07:00,0.0,0.0,0.0,0.0,0.0,0.06,1,10.0,0.0,2965.0,8.7,3.5,12.2,256,42,60620.0,1,0.273
2026-02-18T08:00,0.0,0.0,0.0,0.0,0.0,0.05,2,0.0,17.0,2565.0,8.1,3.64,13.7,257,73,60000.0,1,0.273
2026-02-18T09:00,0.0,0.0,0.0,0.0,0.0,0.05,2,0.0,26.0,2095.0,7.4,3.07,13.0,258,66,59980.0,1,0.273
2026-02-18T10:00,0.0,0.0,0.0,0.0,0.0,0.05,1,0.0,45.0,1710.0,6.0,2.02,11.6,250,45,59980.0,1,0.273
2026-02-18T11:00,0.0,0.0,0.0,0.0,0.0,0.05,0,0.0,56.0,1055.0,3.0,1.0,8.5,233,19,59120.0,1,0.273
2026-02-18T12:00,0.0,0.0,0.0,0.0,0.0,0.05,1,40.0,61.0,100.0,3.5,0.78,6.7,225,49,59940.0,0,0.275
2026-02-18T13:00,0.0,0.0,0.0,0.0,0.0,0.05,2,90.0,115.0,35.0,0.4,1.1,5.5,231,67,59080.0,0,0.275
2026-02-18T14:00,0.0,0.0,0.0,0.0,0.0,0.05,1,20.0,23.0,35.0,-0.3,1.33,6.7,250,45,57620.0,0,0.275
2026-02-18T15:00,0.0,0.0,0.0,0.0,0.0,0.05,2,0.0,19.0,30.0,-1.6,1.05,7.7,273,77,57600.0,0,0.275
2026-02-18T16:00,0.0,0.0,0.0,0.0,0.0,0.05,3,0.0,17.0,25.0,-1.2,0.91,5.7,264,100,57360.0,0,0.275
2026-02-18T17:00,0.0,0.0,0.0,0.0,0.0,0.05,3,0.0,16.0,25.0,-0.9,0.96,4.9,227,99,43120.0,0,0.275
2026-02-18T18:00,0.0,0.0,0.0,0.0,0.0,0.05,3,0.0,14.0,15.0,-1.1,0.56,4.5,243,100,51740.0,0,0.275
2026-02-18T19:00,0.0,0.0,0.0,0.0,0.0,0.05,3,0.0,12.0,15.0,-3.3,0.56,3.0,260,100,56480.0,0,0.275
2026-02-18T20:00,0.0,0.0,0.0,0.0,0.0,0.05,3,0.0,11.0,15.0,-3.8,0.83,2.8,245,100,55160.0,0,0.275
2026-02-18T21:00,0.0,0.0,0.0,0.0,0.0,0.05,3,0.0,9.0,15.0,-4.8,0.78,2.8,255,99,55140.0,0,0.275
2026-02-18T22:00,0.0,0.0,0.0,0.0,0.0,0.05,3,0.0,8.0,15.0,-5.2,0.93,3.5,254,100,55120.0,0,0.275
2026-02-18T23:00,0.0,0.0,0.0,0.0,0.0,0.05,3,0.0,6.0,15.0,-5.1,1.06,3.7,251,96,55100.0,0,0.275
2026-02-19T00:00,0.0,0.0,0.0,0.0,0.0,0.05,3,0.0,5.0,10.0,-4.6,0.74,3.7,250,95,55080.0,0,0.275
2026-02-19T01:00,0.0,0.0,0.0,0.0,0.0,0.05,3,10.0,4.0,15.0,-4.5,0.73,3.1,254,81,55060.0,1,0.275
2026-02-19T02:00,0.0,0.0,0.0,0.0,0.0,0.05,3,10.0,3.0,235.0,2.1,0.54,3.1,326,100,57400.0,1,0.275
2026-02-19T03:00,0.0,0.0,0.0,0.0,0.0,0.05,3,10.0,2.0,1180.0,4.6,1.2,5.3,360,100,58840.0,1,0.275
2026-02-19T04:00,0.0,0.0,0.0,0.0,0.0,0.05,3,0.0,1.0,1710.0,5.9,1.31,5.9,353,96,59640.0,1,0.275
2026-02-19T05:00,0.0,0.0,0.0,0.0,0.0,0.05,3,0.0,0.0,2015.0,6.7,1.36,6.0,354,98,53780.0,1,0.275
2026-02-19T06:00,0.0,0.0,0.0,0.0,0.0,0.05,3,0.0,0.0,2125.0,7.6,1.76,6.0,345,81,45540.0,1,0.275
2026-02-19T07:00,0.0,0.0,0.0,0.0,0.0,0.05,3,0.0,3.0,2145.0,7.2,1.21,6.2,336,92,55780.0,1,0.275
2026-02-19T08:00,0.0,0.0,0.0,0.0,0.0,0.05,3,0.0,0.0,2490.0,7.7,1.75,7.2,357,94,60180.0,1,0.276
2026-02-19T09:00,0.0,0.0,0.0,0.0,0.0,0.05,3,0.0,0.0,2610.0,7.3,1.43,8.1,324,100,60160.0,1,0.276
2026-02-19T10:00,0.0,0.0,0.0,0.0,0.0,0.05,3,0.0,3.0,2475.0,6.2,0.66,6.5,279,100,60140.0,1,0.276
2026-02-19T11:00,0.0,0.0,0.0,0.0,0.0,0.05,3,0.0,35.0,40.0,3.6,0.47,3.0,252,100,59520.0,1,0.276
2026-02-19T12:00,0.0,0.0,0.0,0.0,0.0,0.05,3,50.0,36.0,70.0,1.9,1.49,3.0,230,100,37020.0,0,0.276
2026-02-19T13:00,0.0,0.0,0.0,0.0,0.0,0.05,3,10.0,12.0,40.0,0.1,1.03,4.3,241,100,24580.0,0,0.276
2026-02-19T14:00,0.0,0.0,0.0,0.0,0.0,0.05,3,0.0,21.0,30.0,-0.1,0.58,2.8,239,100,10480.0,0,0.275
2026-02-19T15:00,0.0,0.0,0.0,0.0,0.0,0.05,3,0.0,29.0,35.0,0.2,0.74,2.2,222,100,6980.0,0,0.275
2026-02-19T16:00,0.0,0.0,0.0,0.0,0.0,0.04,3,10.0,31.0,30.0,-0.2,0.36,2.2,196,100,6140.0,0,0.275
2026-02-19T17:00,0.0,0.0,0.0,0.0,0.0,0.04,3,0.0,31.0,30.0,-0.6,0.34,2.7,207,100,6060.0,0,0.275
2026-02-19T18:00,0.0,0.0,0.0,0.0,0.0,0.04,3,0.0,31.0,30.0,-0.6,0.57,2.4,218,91,46220.0,0,0.275
2026-02-19T19:00,0.0,0.0,0.0,0.0,0.0,0.04,3,0.0,14.0,20.0,-2.3,0.32,2.4,231,98,54160.0,0,0.275
2026-02-19T20:00,0.0,0.0,0.0,0.0,0.0,0.04,2,10.0,13.0,15.0,-3.8,0.43,1.7,234,77,53300.0,0,0.275
2026-02-19T21:00,0.0,0.0,0.0,0.0,0.0,0.04,2,10.0,11.0,10.0,-5.6,0.54,2.3,248,68,53280.0,0,0.275
2026-02-19T22:00,0.0,0.0,0.0,0.0,0.0,0.05,2,0.0,10.0,10.0,-6.4,0.54,2.6,248,52,53280.0,0,0.275
2026-02-19T23:00,0.0,0.0,0.0,0.0,0.0,0.05,1,10.0,8.0,10.0,-7.5,0.63,2.9,241,20,53260.0,0,0.275
2026-02-20T00:00,0.0,0.0,0.0,0.0,0.0,0.05,0,0.0,7.0,10.0,-8.1,0.45,3.1,243,7,52080.0,0,0.275
2026-02-20T01:00,0.0,0.0,0.0,0.0,0.0,0.05,0,0.0,5.0,35.0,-5.5,0.99,3.3,225,9,52980.0,1,0.275
2026-02-20T02:00,0.0,0.0,0.0,0.0,0.0,0.05,0,0.0,4.0,205.0,0.8,0.65,3.4,180,11,55920.0,1,0.275
2026-02-20T03:00,0.0,0.0,0.0,0.0,0.0,0.04,0,0.0,3.0,810.0,3.4,1.0,3.7,127,2,55920.0,1,0.275
2026-02-20T04:00,0.0,0.0,0.0,0.0,0.0,0.04,1,50.0,21.0,1465.0,5.4,0.75,3.8,143,26,52940.0,1,0.275
2026-02-20T05:00,0.0,0.0,0.0,0.0,0.0,0.04,2,80.0,6.0,1920.0,6.9,0.72,3.4,205,51,58380.0,1,0.276
2026-02-20T06:00,0.0,0.0,0.0,0.0,0.0,0.04,2,190.0,0.0,2635.0,8.1,1.66,5.2,245,64,58360.0,1,0.283
2026-02-20T07:00,0.0,0.0,0.0,0.0,0.0,0.04,2,180.0,0.0,3060.0,8.0,2.57,8.5,257,74,59160.0,1,0.285
2026-02-20T08:00,0.0,0.0,0.0,0.0,0.0,0.04,3,90.0,0.0,2900.0,8.2,2.9,10.2,273,88,59140.0,1,0.285
2026-02-20T09:00,0.0,0.0,0.0,0.0,0.0,0.04,3,0.0,7.0,2315.0,7.3,3.22,11.6,282,97,59120.0,1,0.285
2026-02-20T10:00,0.0,0.0,0.0,0.0,0.0,0.04,3,0.0,0.0,2025.0,6.3,2.49,11.4,285,100,58900.0,1,0.285
2026-02-20T11:00,0.0,0.0,0.0,0.0,0.0,0.04,2,0.0,38.0,1115.0,3.8,0.9,9.4,251,63,59100.0,1,0.285
2026-02-20T12:00,0.0,0.0,0.0,0.0,0.0,0.04,0,0.0,27.0,15.0,2.3,0.32,5.2,219,7,58240.0,0,0.283
2026-02-20T13:00,0.0,0.0,0.0,0.0,0.0,0.04,0,10.0,33.0,20.0,-1.0,0.99,3.7,229,0,56800.0,0,0.282
2026-02-20T14:00,0.0,0.0,0.0,0.0,0.0,0.04,0,30.0,41.0,15.0,-2.4,0.9,3.7,236,0,55720.0,0,0.282
2026-02-20T15:00,0.0,0.0,0.0,0.0,0.0,0.04,0,20.0,31.0,15.0,-3.6,0.85,3.3,242,0,54420.0,0,0.282
2026-02-20T16:00,0.0,0.0,0.0,0.0,0.0,0.04,0,20.0,35.0,15.0,-4.3,0.83,3.4,245,0,52980.0,0,0.282
2026-02-20T17:00,0.0,0.0,0.0,0.0,0.0,0.04,0,20.0,37.0,15.0,-4.7,0.74,3.3,242,0,52960.0,0,0.282
2026-02-20T18:00,0.0,0.0,0.0,0.0,0.0,0.04,0,0.0,27.0,10.0,-4.3,0.54,3.1,248,1,9900.0,0,0.282
2026-02-20T19:00,0.0,0.0,0.0,0.0,0.0,0.04,0,0.0,55.0,10.0,-5.5,0.34,2.9,243,5,4020.0,0,0.282
2026-02-20T20:00,0.0,0.0,0.0,0.0,0.0,0.04,0,0.0,46.0,10.0,-6.1,0.39,2.5,230,13,2240.0,0,0.282
2026-02-20T21:00,0.0,0.0,0.0,0.0,0.0,0.04,0,0.0,34.0,10.0,-7.6,0.32,2.6,231,14,3280.0,0,0.282
2026-02-20T22:00,0.0,0.0,0.0,0.0,0.0,0.04,0,0.0,10.0,10.0,-8.9,0.25,2.6,233,8,8680.0,0,0.282
2026-02-20T23:00,0.0,0.0,0.0,0.0,0.0,0.04,0,0.0,10.0,10.0,-9.5,0.39,2.6,230,0,52860.0,0,0.282
2026-02-21T00:00,0.0,0.0,0.0,0.0,0.0,0.04,1,0.0,9.0,30.0,-7.8,0.69,2.8,240,23,4360.0,0,0.282
2026-02-21T01:00,0.0,0.0,0.0,0.0,0.0,0.04,1,0.0,9.0,40.0,-6.2,0.78,3.1,220,21,51160.0,1,0.282
2026-02-21T02:00,0.0,0.0,0.0,0.0,0.0,0.04,0,0.0,9.0,250.0,-1.0,0.75,2.9,176,1,55520.0,1,0.282
2026-02-21T03:00,0.0,0.0,0.0,0.0,0.0,0.04,0,0.0,9.0,560.0,2.1,0.87,3.5,121,0,55500.0,1,0.282
2026-02-21T04:00,0.0,0.0,0.0,0.0,0.0,0.04,0,0.0,52.0,885.0,4.5,1.03,4.1,113,0,56540.0,1,0.282
2026-02-21T05:00,0.1,0.0,0.1,0.07,0.1,0.04,85,0.0,16.0,1435.0,6.7,0.62,4.2,76,58,58780.0,1,0.282
2026-02-21T06:00,0.0,0.0,0.0,0.0,0.0,0.03,3,10.0,0.0,2690.0,8.9,1.55,5.2,57,88,59360.0,1,0.286
2026-02-21T07:00,0.0,0.0,0.0,0.0,0.0,0.03,1,40.0,0.0,3520.0,8.6,0.81,6.3,47,49,59340.0,1,0.291
2026-02-21T08:00,0.0,0.0,0.0,0.0,0.0,0.03,3,50.0,0.0,4100.0,8.8,0.72,5.4,34,95,59320.0,1,0.294
2026-02-21T09:00,0.0,0.0,0.0,0.0,0.0,0.03,3,50.0,0.0,4225.0,8.8,0.25,5.0,90,100,59300.0,1,0.296
2026-02-21T10:00,0.0,0.0,0.0,0.0,0.0,0.03,3,20.0,10.0,3025.0,7.6,0.96,4.3,171,99,59300.0,1,0.296
2026-02-21T11:00,0.0,0.0,0.0,0.0,0.0,0.03,3,20.0,2.0,160.0,5.4,0.8,4.7,184,100,59280.0,1,0.296
2026-02-21T12:00,0.0,0.0,0.0,0.0,0.0,0.03,3,10.0,3.0,30.0,4.5,0.51,4.1,209,89,58660.0,0,0.298
2026-02-21T13:00,0.0,0.0,0.0,0.0,0.0,0.03,0,0.0,34.0,20.0,1.5,0.65,2.9,238,13,58640.0,0,0.298
2026-02-21T14:00,0.0,0.0,0.0,0.0,0.0,0.03,0,0.0,25.0,15.0,-1.9,0.89,3.2,243,2,57800.0,0,0.298
2026-02-21T15:00,0.0,0.0,0.0,0.0,0.0,0.03,0,0.0,1.0,15.0,-4.0,0.87,3.2,239,1,56340.0,0,0.298
2026-02-21T16:00,0.0,0.0,0.0,0.0,0.0,0.03,0,0.0,1.0,10.0,-5.2,0.87,3.0,239,0,55280.0,0,0.298
2026-02-21T17:00,0.0,0.0,0.0,0.0,0.0,0.03,0,0.0,1.0,10.0,-5.8,0.82,3.1,232,0,53980.0,0,0.297
2026-02-21T18:00,0.0,0.0,0.0,0.0,0.0,0.03,0,0.0,1.0,10.0,-4.9,0.58,3.1,239,0,53960.0,0,0.297
2026-02-21T19:00,0.0,0.0,0.0,0.0,0.0,0.03,0,0.0,0.0,10.0,-6.3,0.36,2.5,236,3,53940.0,0,0.297
2026-02-21T20:00,0.0,0.0,0.0,0.0,0.0,0.03,0,0.0,0.0,10.0,-6.3,0.29,2.3,239,4,53940.0,0,0.297
2026-02-21T21:00,0.0,0.0,0.0,0.0,0.0,0.03,0,0.0,0.0,10.0,-6.7,0.22,2.1,243,0,53920.0,0,0.297
2026-02-21T22:00,0.0,0.0,0.0,0.0,0.0,0.03,0,0.0,0.0,10.0,-7.6,0.25,2.1,233,0,52480.0,0,0.297
2026-02-21T23:00,0.0,0.0,0.0,0.0,0.0,0.03,0,0.0,0.0,10.0,-8.4,0.18,2.2,236,0,52460.0,0,0.297
2026-02-22T00:00,0.0,0.0,0.0,0.0,0.0,0.03,0,0.0,0.0,10.0,-8.0,0.27,2.3,248,0,52440.0,0,0.297
2026-02-22T01:00,0.0,0.0,0.0,0.0,0.0,0.03,0,0.0,0.0,10.0,-5.6,0.11,2.5,243,0,55140.0,1,0.297
2026-02-22T02:00,0.0,0.0,0.0,0.0,0.0,0.03,0,0.0,0.0,275.0,1.9,0.25,2.0,90,0,57580.0,1,0.297
2026-02-22T03:00,0.0,0.0,0.0,0.0,0.0,0.03,0,0.0,0.0,875.0,4.2,0.45,3.5,90,0,58400.0,1,0.297
2026-02-22T04:00,0.0,0.0,0.0,0.0,0.0,0.03,1,0.0,0.0,1795.0,6.6,0.43,3.6,126,35,58380.0,1,0.297
2026-02-22T05:00,0.0,0.0,0.0,0.0,0.0,0.03,2,0.0,0.0,2550.0,7.7,1.01,3.5,207,66,58960.0,1,0.298
2026-02-22T06:00,0.2,0.0,0.2,0.14,0.2,0.03,85,20.0,0.0,2605.0,8.6,2.66,8.3,229,79,58940.0,1,0.299
2026-02-22T07:00,0.3,0.0,0.3,0.21,0.3,0.03,85,0.0,,2605.0,7.8,2.08,7.4,235,77,58920.0,1,0.299
2026-02-22T08:00,0.2,0.0,0.2,0.14,0.2,0.03,85,30.0,0.0,2825.0,8.0,2.68,8.8,233,67,58900.0,1,0.299
2026-02-22T09:00,0.0,0.0,0.0,0.0,0.0,0.03,3,0.0,4.0,2525.0,7.6,2.22,9.0,234,91,58900.0,1,0.299
2026-02-22T10:00,0.0,0.0,0.0,0.0,0.0,0.03,3,0.0,9.0,2070.0,6.2,2.09,7.8,230,95,58880.0,1,0.298
2026-02-22T11:00,0.0,0.0,0.0,0.0,0.0,0.03,1,0.0,,700.0,3.8,0.7,7.7,201,40,58260.0,1,0.298
2026-02-22T12:00,0.0,0.0,0.0,0.0,0.0,0.03,0,0.0,40.0,20.0,3.1,0.35,4.3,225,19,58240.0,0,0.298
2026-02-22T13:00,0.0,0.0,0.0,0.0,0.0,0.03,0,0.0,57.0,15.0,0.1,0.56,3.7,243,3,57400.0,0,0.298
2026-02-22T14:00,0.0,0.0,0.0,0.0,0.0,0.03,0,0.0,,15.0,-2.0,0.96,4.7,242,3,55960.0,0,0.298
2026-02-22T15:00,0.0,0.0,0.0,0.0,0.0,0.03,3,0.0,131.0,15.0,-3.4,0.85,4.8,242,97,54900.0,0,0.298
2026-02-22T16:00,0.0,0.0,0.0,0.0,0.0,0.03,2,0.0,,20.0,-3.4,1.14,4.9,247,57,54880.0,0,0.298
2026-02-22T17:00,0.0,0.0,0.0,0.0,0.0,0.03,1,10.0,,25.0,-4.2,1.34,5.2,243,45,53580.0,0,0.298
2026-02-22T18:00,0.0,0.0,0.0,0.0,0.0,0.03,2,10.0,70.0,25.0,-2.8,1.21,5.1,246,74,53560.0,0,0.298
2026-02-22T19:00,0.0,0.0,0.0,0.0,0.0,0.03,0,0.0,22.0,30.0,-4.4,1.25,4.8,247,5,53560.0,0,0.298
2026-02-22T20:00,0.0,0.0,0.0,0.0,0.0,0.03,2,0.0,22.0,25.0,-5.0,1.14,4.8,241,52,53540.0,0,0.298
2026-02-22T21:00,0.0,0.0,0.0,0.0,0.0,0.03,3,0.0,44.0,20.0,-5.5,1.01,4.6,237,94,53520.0,0,0.298
2026-02-22T22:00,0.0,0.0,0.0,0.0,0.0,0.03,3,0.0,61.0,15.0,-6.2,0.94,4.4,238,90,52100.0,0,0.298
2026-02-22T23:00,0.0,0.0,0.0,0.0,0.0,0.03,3,0.0,66.0,15.0,-6.0,0.96,4.1,242,99,51780.0,0,0.298
2026-02-23T00:00,0.0,0.0,0.0,0.0,0.0,0.03,3,0.0,69.0,20.0,-4.9,1.09,4.0,254,84,48940.0,0,0.298
2026-02-23T01:00,0.0,0.0,0.0,0.0,0.0,0.03,0,0.0,69.0,35.0,-3.2,1.03,4.2,247,16,54740.0,1,0.298
2026-02-23T02:00,0.0,0.0,0.0,0.0,0.0,0.03,0,0.0,53.0,510.0,2.5,0.72,3.8,236,9,55760.0,1,0.298
2026-02-23T03:00,0.0,0.0,0.0,0.0,0.0,0.03,2,0.0,39.0,1470.0,4.8,0.71,2.8,231,73,57160.0,1,0.298
2026-02-23T04:00,0.0,0.0,0.0,0.0,0.0,0.03,2,30.0,0.0,2305.0,8.2,1.41,6.2,276,53,57960.0,1,0.297
2026-02-23T05:00,0.0,0.0,0.0,0.0,0.0,0.02,2,160.0,0.0,2785.0,9.4,2.49,8.9,285,67,57960.0,1,0.298
2026-02-23T06:00,0.4,0.0,0.4,0.28,0.4,0.03,85,90.0,0.0,2350.0,7.4,2.92,9.7,292,74,40640.0,1,0.299
2026-02-23T07:00,0.5,0.0,0.5,0.35,0.5,0.03,85,70.0,0.0,2495.0,7.1,2.7,9.6,304,81,34640.0,1,0.299
2026-02-23T08:00,0.2,0.0,0.2,0.14,0.2,0.03,85,70.0,0.0,2480.0,7.0,3.02,11.1,304,99,47400.0,1,0.299
2026-02-23T09:00,0.0,0.0,0.0,0.0,0.0,0.03,3,10.0,3.0,2250.0,6.2,2.87,11.3,299,98,40020.0,1,0.298
2026-02-23T10:00,0.0,0.0,0.0,0.0,0.0,0.03,3,0.0,22.0,2320.0,5.4,1.44,10.5,304,96,58220.0,1,0.298
2026-02-23T11:00,0.0,0.0,0.0,0.0,0.0,0.03,2,20.0,24.0,160.0,4.2,0.36,6.3,236,58,57860.0,1,0.298
2026-02-23T12:00,0.2,0.0,0.2,0.14,0.2,0.03,85,0.0,13.0,35.0,2.8,0.57,2.2,225,87,57840.0,0,0.297
2026-02-23T13:00,0.0,0.0,0.0,0.0,0.0,0.03,3,10.0,6.0,20.0,0.8,0.5,2.6,233,96,57000.0,0,0.297
2026-02-23T14:00,0.0,0.0,0.0,0.0,0.0,0.03,3,20.0,20.0,15.0,-0.0,0.32,1.9,252,100,55560.0,0,0.297
2026-02-23T15:00,0.0,0.0,0.0,0.0,0.0,0.03,3,30.0,28.0,15.0,-0.1,0.75,2.3,270,100,55540.0,0,0.297
2026-02-23T16:00,0.0,0.0,0.0,0.0,0.0,0.03,3,40.0,12.0,15.0,-0.2,0.41,2.4,256,100,55520.0,0,0.296
2026-02-23T17:00,0.0,0.0,0.0,0.0,0.0,0.03,3,10.0,12.0,25.0,-1.5,0.76,2.3,259,100,54480.0,0,0.296
2026-02-23T18:00,0.0,0.0,0.0,0.0,0.0,0.03,3,10.0,19.0,30.0,-0.6,0.86,2.5,260,100,51460.0,0,0.296
2026-02-23T19:00,0.0,0.0,0.0,0.0,0.0,0.03,3,10.0,15.0,30.0,-1.7,0.84,2.5,253,100,47560.0,0,0.296
2026-02-23T20:00,0.0,0.0,0.0,0.0,0.0,0.03,3,20.0,14.0,25.0,-2.8,0.54,2.2,248,99,53120.0,0,0.296
2026-02-23T21:00,0.0,0.0,0.0,0.0,0.0,0.03,3,0.0,14.0,15.0,-2.5,0.35,2.0,262,92,45560.0,0,0.296
2026-02-23T22:00,0.0,0.0,0.0,0.0,0.0,0.03,3,0.0,13.0,15.0,-3.7,0.46,2.1,257,96,37380.0,0,0.296
2026-02-23T23:00,0.0,0.0,0.0,0.0,0.0,0.03,0,0.0,13.0,10.0,-3.4,0.38,2.1,247,4,33000.0,0,0.296
2026-02-24T00:00,0.0,0.0,0.0,0.0,0.0,0.03,0,0.0,7.0,10.0,-5.2,0.21,2.1,256,15,46040.0,0,0.296
2026-02-24T01:00,0.0,0.0,0.0,0.0,0.0,0.03,0,0.0,12.0,10.0,-3.9,0.38,2.3,247,3,52620.0,1,0.296
2026-02-24T02:00,0.0,0.0,0.0,0.0,0.0,0.03,0,0.0,11.0,455.0,2.3,0.22,2.0,27,14,54300.0,1,0.296
2026-02-24T03:00,0.0,0.0,0.0,0.0,0.0,0.03,0,0.0,11.0,1145.0,4.5,0.21,2.2,45,6,55340.0,1,0.296
2026-02-24T04:00,0.0,0.0,0.0,0.0,0.0,0.03,0,40.0,21.0,1900.0,6.4,0.21,2.6,166,9,56740.0,1,0.296
2026-02-24T05:00,0.0,0.0,0.0,0.0,0.0,0.03,0,160.0,0.0,2655.0,7.9,1.08,3.6,214,18,57540.0,1,0.299
2026-02-24T06:00,0.0,0.0,0.0,0.0,0.0,0.03,2,40.0,8.0,2855.0,9.0,2.09,6.6,237,52,57540.0,1,0.303
2026-02-24T07:00,0.3,0.0,0.3,0.21,0.3,0.03,85,80.0,0.0,2655.0,8.0,2.45,8.1,250,76,57520.0,1,0.304
2026-02-24T08:00,0.0,0.0,0.0,0.0,0.0,0.03,2,0.0,8.0,2595.0,8.0,2.72,9.7,250,72,58100.0,1,0.303
2026-02-24T09:00,0.0,0.0,0.0,0.0,0.0,0.03,2,0.0,8.0,2815.0,8.0,2.49,9.5,248,76,58080.0,1,0.303
2026-02-24T10:00,0.0,0.0,0.0,0.0,0.0,0.03,2,0.0,0.0,2535.0,6.7,1.97,8.9,243,63,58060.0,1,0.303
2026-02-24T11:00,0.1,0.0,0.1,0.07,0.1,0.03,85,0.0,0.0,325.0,3.7,1.0,7.6,233,21,57440.0,1,0.302
2026-02-24T12:00,0.0,0.0,0.0,0.0,0.0,0.03,0,30.0,51.0,25.0,3.4,0.46,5.1,229,9,57440.0,0,0.299
2026-02-24T13:00,0.0,0.0,0.0,0.0,0.0,0.03,0,0.0,0.0,25.0,0.3,1.03,4.9,247,16,56600.0,0,0.299
2026-02-24T14:00,0.0,0.0,0.0,0.0,0.0,0.03,2,0.0,0.0,20.0,-1.7,1.25,5.3,241,60,55160.0,0,0.299
2026-02-24T15:00,0.0,0.0,0.0,0.0,0.0,0.03,1,0.0,0.0,15.0,-2.7,1.21,5.4,246,38,54120.0,0,0.299
2026-02-24T16:00,0.0,0.0,0.0,0.0,0.0,0.03,2,0.0,38.0,15.0,-3.6,1.23,5.2,243,63,21800.0,0,0.298
2026-02-24T17:00,0.0,0.0,0.0,0.0,0.0,0.03,2,0.0,15.0,20.0,-3.8,1.28,4.8,239,58,7560.0,0,0.298
2026-02-24T18:00,0.0,0.0,0.0,0.0,0.0,0.03,2,0.0,4.0,30.0,-2.6,1.27,5.0,244,62,4260.0,0,0.298
2026-02-24T19:00,0.0,0.0,0.0,0.0,0.0,0.03,2,0.0,1.0,35.0,-4.0,1.25,4.9,233,60,4080.0,0,0.298
2026-02-24T20:00,0.0,0.0,0.0,0.0,0.0,0.03,3,0.0,1.0,35.0,-4.2,1.21,5.0,232,91,8540.0,0,0.298
2026-02-24T21:00,0.0,0.0,0.0,0.0,0.0,0.03,2,0.0,2.0,35.0,-4.0,1.06,4.9,225,70,48600.0,0,0.298
2026-02-24T22:00,0.0,0.0,0.0,0.0,0.0,0.03,2,0.0,7.0,30.0,-4.3,0.92,4.7,229,72,51320.0,0,0.298
2026-02-24T23:00,0.0,0.0,0.0,0.0,0.0,0.03,0,0.0,1.0,30.0,-5.9,0.85,4.4,230,12,24780.0,0,0.298
2026-02-25T00:00,0.0,0.0,0.0,0.0,0.0,0.03,0,0.0,4.0,15.0,-5.8,0.83,4.2,237,16,51300.0,0,0.298
2026-02-25T01:00,0.0,0.0,0.0,0.0,0.0,0.03,1,0.0,0.0,20.0,-3.6,0.78,4.1,230,27,53960.0,1,0.298
2026-02-25T02:00,0.0,0.0,0.0,0.0,0.0,0.03,2,0.0,0.0,620.0,3.0,0.68,3.7,197,62,56380.0,1,0.298
2026-02-25T03:00,0.0,0.0,0.0,0.0,0.0,0.03,3,0.0,40.0,1530.0,4.9,1.11,3.9,162,81,56360.0,1,0.298
2026-02-25T04:00,0.0,0.0,0.0,0.0,0.0,0.03,2,60.0,15.0,2020.0,8.3,1.86,5.6,216,63,57160.0,1,0.298
2026-02-25T05:00,0.2,0.0,0.2,0.14,0.2,0.03,85,180.0,0.0,2370.0,7.4,2.21,8.4,245,74,57140.0,1,0.298
2026-02-25T06:00,0.0,0.0,0.0,0.0,0.0,0.03,3,130.0,0.0,2510.0,8.3,3.37,10.7,263,95,57140.0,1,0.298
2026-02-25T07:00,0.0,0.0,0.0,0.0,0.0,0.03,3,70.0,0.0,2450.0,7.4,2.43,10.3,262,89,57080.0,1,0.298
2026-02-25T08:00,0.0,0.0,0.0,0.0,0.0,0.03,3,0.0,0.0,2650.0,7.8,2.25,9.1,270,91,57700.0,1,0.297
2026-02-25T09:00,0.0,0.0,0.0,0.0,0.0,0.03,3,0.0,0.0,2950.0,9.7,3.35,9.9,279,90,57680.0,1,0.297
2026-02-25T10:00,0.0,0.0,0.0,0.0,0.0,0.03,3,10.0,0.0,2800.0,8.8,3.31,10.1,275,100,57660.0,1,0.297
2026-02-25T11:00,0.0,0.0,0.0,0.0,0.0,0.03,3,0.0,15.0,545.0,5.7,1.4,9.8,268,100,54800.0,1,0.297
2026-02-25T12:00,0.0,0.0,0.0,0.0,0.0,0.03,3,10.0,35.0,30.0,0.5,0.39,5.4,40,94,39740.0,0,0.296
2026-02-25T13:00,0.8,0.0,0.8,0.56,0.8,0.03,85,0.0,35.0,130.0,-0.7,0.55,4.2,355,98,28680.0,0,0.296
2026-02-25T14:00,0.0,0.0,0.0,0.0,0.0,0.03,2,0.0,15.0,35.0,-0.2,0.35,3.4,225,61,16940.0,0,0.296
2026-02-25T15:00,0.0,0.0,0.0,0.0,0.0,0.03,0,20.0,15.0,25.0,-1.9,0.59,3.0,250,18,14420.0,0,0.296
2026-02-25T16:00,0.0,0.0,0.0,0.0,0.0,0.03,2,70.0,4.0,15.0,-2.7,0.4,2.6,240,52,23480.0,0,0.296
2026-02-25T17:00,0.0,0.0,0.0,0.0,0.0,0.03,0,50.0,27.0,15.0,-3.2,0.5,2.8,233,17,48440.0,0,0.295
2026-02-25T18:00,0.0,0.0,0.0,0.0,0.0,0.03,1,0.0,17.0,15.0,-3.1,0.51,3.2,241,26,46080.0,0,0.295
2026-02-25T19:00,0.0,0.0,0.0,0.0,0.0,0.03,3,0.0,8.0,15.0,-4.8,0.76,3.3,238,91,52400.0,0,0.295
2026-02-25T20:00,0.0,0.0,0.0,0.0,0.0,0.03,2,0.0,9.0,15.0,-4.8,0.76,3.4,238,79,52380.0,0,0.295
2026-02-25T21:00,0.0,0.0,0.0,0.0,0.0,0.03,1,0.0,1.0,15.0,-5.8,0.85,3.7,225,36,52360.0,0,0.295
2026-02-25T22:00,0.0,0.0,0.0,0.0,0.0,0.03,2,10.0,2.0,15.0,-6.8,0.76,3.7,238,77,50960.0,0,0.295
2026-02-25T23:00,0.0,0.0,0.0,0.0,0.0,0.03,3,20.0,20.0,15.0,-7.4,0.79,3.7,235,89,50940.0,0,0.295
2026-02-26T00:00,0.0,0.0,0.0,0.0,0.0,0.03,0,20.0,8.0,15.0,-4.9,0.85,3.9,242,16,52320.0,0,0.295
2026-02-26T01:00,0.0,0.0,0.0,0.0,0.0,0.03,1,30.0,41.0,40.0,-3.4,0.81,4.3,227,27,53560.0,1,0.295
2026-02-26T02:00,0.0,0.0,0.0,0.0,0.0,0.03,0,50.0,24.0,540.0,2.4,0.51,4.1,209,13,55980.0,1,0.295
2026-02-26T03:00,0.0,0.0,0.0,0.0,0.0,0.03,2,100.0,8.0,1390.0,4.5,0.45,2.7,186,55,55960.0,1,0.295
2026-02-26T04:00,0.5,0.0,0.5,0.35,0.5,0.03,85,0.0,6.0,2200.0,6.1,2.45,7.3,271,94,56780.0,1,0.295
2026-02-26T05:00,0.7,0.0,0.7,0.49,0.7,0.03,85,60.0,0.0,2915.0,7.0,3.32,11.0,288,76,56760.0,1,0.295
2026-02-26T06:00,0.0,0.0,0.0,0.0,0.0,0.03,1,90.0,0.0,3765.0,8.9,4.23,13.5,296,35,57340.0,1,0.295
2026-02-26T07:00,0.0,0.0,0.0,0.0,0.0,0.03,2,80.0,0.0,4145.0,8.4,3.76,12.9,280,65,57320.0,1,0.295
2026-02-26T08:00,0.0,0.0,0.0,0.0,0.0,0.03,2,80.0,0.0,4305.0,8.3,3.75,12.9,268,55,57300.0,1,0.295
2026-02-26T09:00,0.0,0.0,0.0,0.0,0.0,0.03,1,40.0,0.0,3960.0,7.8,3.59,12.7,261,32,57280.0,1,0.294
2026-02-26T10:00,0.0,0.0,0.0,0.0,0.0,0.03,2,30.0,0.0,3305.0,6.5,2.86,12.4,258,77,57260.0,1,0.294
2026-02-26T11:00,0.0,0.0,0.0,0.0,0.0,0.03,0,0.0,126.0,1030.0,3.0,1.67,11.3,261,4,57260.0,1,0.294
2026-02-26T12:00,0.0,0.0,0.0,0.0,0.0,0.03,0,10.0,50.0,30.0,2.1,0.74,7.7,208,7,56640.0,0,0.293
2026-02-26T13:00,0.0,0.0,0.0,0.0,0.0,0.03,0,0.0,5.0,20.0,-1.2,1.1,4.5,223,0,56620.0,0,0.293
2026-02-26T14:00,0.0,0.0,0.0,0.0,0.0,0.03,0,0.0,5.0,25.0,-2.8,1.63,5.9,220,1,55800.0,0,0.293
2026-02-26T15:00,0.0,0.0,0.0,0.0,0.0,0.03,0,20.0,42.0,15.0,-3.5,1.27,5.9,228,0,54380.0,0,0.293
2026-02-26T16:00,0.0,0.0,0.0,0.0,0.0,0.03,0,0.0,5.0,15.0,-4.1,0.93,4.8,234,0,53340.0,0,0.293
2026-02-26T17:00,0.0,0.0,0.0,0.0,0.0,0.03,0,0.0,5.0,15.0,-4.5,0.92,3.7,225,0,52060.0,0,0.293
2026-02-26T18:00,0.0,0.0,0.0,0.0,0.0,0.03,0,0.0,5.0,15.0,-3.9,0.9,3.7,236,0,50660.0,0,0.292
2026-02-26T19:00,0.0,0.0,0.0,0.0,0.0,0.03,0,0.0,5.0,10.0,-5.6,0.71,3.6,231,0,50640.0,0,0.292
2026-02-26T20:00,0.0,0.0,0.0,0.0,0.0,0.03,0,0.0,5.0,10.0,-6.0,0.75,3.9,233,0,50620.0,0,0.292
2026-02-26T21:00,0.0,0.0,0.0,0.0,0.0,0.03,1,0.0,6.0,10.0,-6.4,0.82,4.2,232,21,50600.0,0,0.292
2026-02-26T22:00,0.0,0.0,0.0,0.0,0.0,0.03,0,0.0,6.0,10.0,-7.1,0.79,4.4,235,0,50600.0,0,0.292
2026-02-26T23:00,0.0,0.0,0.0,0.0,0.0,0.03,0,0.0,6.0,10.0,-7.7,0.72,4.3,236,0,50580.0,0,0.292
2026-02-27T00:00,0.0,0.0,0.0,0.0,0.0,0.03,0,0.0,6.0,15.0,-7.1,1.01,4.5,243,0,51940.0,0,0.292
2026-02-27T01:00,0.0,0.0,0.0,0.0,0.0,0.03,0,0.0,6.0,20.0,-3.9,0.94,4.7,238,0,54220.0,1,0.292
2026-02-27T02:00,0.0,0.0,0.0,0.0,0.0,0.03,0,0.0,6.0,525.0,3.1,0.79,4.5,215,0,55600.0,1,0.292
2026-02-27T03:00,0.0,0.0,0.0,0.0,0.0,0.03,0,0.0,6.0,1335.0,5.1,0.71,4.8,188,0,55580.0,1,0.292
2026-02-27T04:00,0.0,0.0,0.0,0.0,0.0,0.03,0,0.0,6.0,1715.0,7.1,1.64,6.6,211,0,56380.0,1,0.292
2026-02-27T05:00,0.0,0.0,0.0,0.0,0.0,0.03,0,0.0,6.0,2065.0,8.6,2.63,9.5,219,0,56360.0,1,0.293
2026-02-27T06:00,0.0,0.0,0.0,0.0,0.0,0.03,0,10.0,0.0,2485.0,10.7,3.59,10.6,230,1,56360.0,1,0.297
2026-02-27T07:00,0.0,0.0,0.0,0.0,0.0,0.02,0,20.0,2.0,3120.0,12.1,4.58,14.3,236,1,56340.0,1,0.299
2026-02-27T08:00,0.0,0.0,0.0,0.0,0.0,0.02,0,20.0,0.0,3200.0,12.2,4.63,14.8,245,2,56320.0,1,0.3
2026-02-27T09:00,0.0,0.0,0.0,0.0,0.0,0.02,0,0.0,0.0,2935.0,11.8,4.11,14.3,252,7,56900.0,1,0.3
2026-02-27T10:00,0.0,0.0,0.0,0.0,0.0,0.02,3,20.0,0.0,2570.0,9.9,4.45,13.5,237,100,56280.0,1,0.299
2026-02-27T11:00,0.0,0.0,0.0,0.0,0.0,0.02,0,10.0,0.0,1875.0,7.2,1.41,13.3,225,18,56280.0,1,0.299
2026-02-27T12:00,0.0,0.0,0.0,0.0,0.0,0.02,3,10.0,56.0,600.0,5.9,1.06,6.9,229,100,56260.0,0,0.299
2026-02-27T13:00,0.0,0.0,0.0,0.0,0.0,0.02,1,20.0,0.0,1090.0,5.4,0.92,5.8,221,30,55420.0,0,0.298
2026-02-27T14:00,0.0,0.0,0.0,0.0,0.0,0.02,0,0.0,0.0,40.0,2.9,0.89,5.5,254,14,55400.0,0,0.298
2026-02-27T15:00,0.0,0.0,0.0,0.0,0.0,0.02,2,10.0,0.0,35.0,1.4,1.44,5.6,256,78,54000.0,0,0.298
2026-02-27T16:00,0.0,0.0,0.0,0.0,0.0,0.02,1,30.0,4.0,35.0,0.7,1.52,6.5,247,38,52960.0,0,0.298
2026-02-27T17:00,0.0,0.0,0.0,0.0,0.0,0.02,0,0.0,0.0,35.0,-0.7,1.39,6.4,249,0,52940.0,0,0.298
2026-02-27T18:00,0.0,0.0,0.0,0.0,0.0,0.02,0,0.0,0.0,30.0,-2.1,1.21,5.4,246,4,51680.0,0,0.297
2026-02-27T19:00,0.0,0.0,0.0,0.0,0.0,0.02,1,0.0,0.0,30.0,-1.8,1.28,4.5,249,46,51660.0,0,0.297
2026-02-27T20:00,0.0,0.0,0.0,0.0,0.0,0.02,2,0.0,0.0,30.0,-1.8,1.21,4.4,246,57,51640.0,0,0.297
2026-02-27T21:00,0.0,0.0,0.0,0.0,0.0,0.02,0,0.0,0.0,35.0,-1.4,1.19,4.2,248,3,51620.0,0,0.297
2026-02-27T22:00,0.0,0.0,0.0,0.0,0.0,0.02,0,0.0,0.0,30.0,-2.2,1.1,4.3,246,13,51620.0,0,0.297
2026-02-27T23:00,0.0,0.0,0.0,0.0,0.0,0.02,3,10.0,0.0,30.0,-2.5,1.01,4.1,237,100,51600.0,0,0.297
2026-02-28T00:00,0.0,0.0,0.0,0.0,0.0,0.02,0,0.0,0.0,20.0,-3.7,0.98,4.2,246,16,51580.0,1,0.297
2026-02-28T01:00,0.0,0.0,0.0,0.0,0.0,0.02,0,0.0,0.0,30.0,0.6,1.3,4.5,238,9,52820.0,1,0.297
2026-02-28T02:00,0.0,0.0,0.0,0.0,0.0,0.02,0,0.0,0.0,800.0,5.1,0.78,4.4,207,2,55220.0,1,0.297
2026-02-28T03:00,0.0,0.0,0.0,0.0,0.0,0.02,0,0.0,0.0,1660.0,7.3,0.8,4.9,176,0,55200.0,1,0.297
2026-02-28T04:00,0.0,0.0,0.0,0.0,0.0,0.02,2,0.0,0.0,2110.0,9.9,3.55,10.6,231,51,56000.0,1,0.297
2026-02-28T05:00,0.0,0.0,0.0,0.0,0.0,0.02,3,0.0,0.0,2725.0,12.0,4.4,13.1,234,84,55980.0,1,0.297
2026-02-28T06:00,0.0,0.0,0.0,0.0,0.0,0.02,1,0.0,5.0,2510.0,10.8,4.35,14.4,232,21,55960.0,1,0.299
2026-02-28T07:00,0.0,0.0,0.0,0.0,0.0,0.02,0,40.0,3.0,3340.0,12.2,4.52,14.0,235,7,55960.0,1,0.301
2026-02-28T08:00,0.0,0.0,0.0,0.0,0.0,0.02,0,30.0,1.0,2885.0,11.9,4.75,14.7,229,16,55940.0,1,0.302
2026-02-28T09:00,0.0,0.0,0.0,0.0,0.0,0.02,0,20.0,0.0,2080.0,10.4,4.88,16.0,223,16,55920.0,1,0.302
2026-02-28T10:00,0.0,0.0,0.0,0.0,0.0,0.02,1,0.0,0.0,2290.0,9.6,4.58,15.3,230,35,55900.0,1,0.301
2026-02-28T11:00,0.0,0.0,0.0,0.0,0.0,0.02,0,0.0,0.0,1660.0,6.2,1.48,13.8,208,13,55880.0,1,0.3
2026-02-28T12:00,0.0,0.0,0.0,0.0,0.0,0.02,0,0.0,20.0,1320.0,4.6,0.79,7.4,198,8,55060.0,0,0.3
2026-02-28T13:00,0.0,0.0,0.0,0.0,0.0,0.02,2,0.0,0.0,25.0,4.0,0.32,5.4,141,54,55040.0,0,0.3
2026-02-28T14:00,0.0,0.0,0.0,0.0,0.0,0.02,1,0.0,0.0,20.0,2.9,0.35,4.0,225,24,55020.0,0,0.299
2026-02-28T15:00,0.0,0.0,0.0,0.0,0.0,0.02,3,10.0,0.0,30.0,1.0,1.17,5.2,250,84,53620.0,0,0.299
2026-02-28T16:00,0.0,0.0,0.0,0.0,0.0,0.02,2,30.0,3.0,30.0,0.4,1.33,5.7,257,79,52600.0,0,0.299
2026-02-28T17:00,0.0,0.0,0.0,0.0,0.0,0.02,3,40.0,10.0,35.0,-0.1,1.39,6.1,249,100,52580.0,0,0.299
2026-02-28T18:00,0.0,0.0,0.0,0.0,0.0,0.02,3,10.0,12.0,35.0,0.4,1.1,6.2,227,96,35160.0,0,0.298
2026-02-28T19:00,0.0,0.0,0.0,0.0,0.0,0.02,3,0.0,4.0,35.0,0.2,1.04,5.4,253,100,52540.0,0,0.298
2026-02-28T20:00,0.0,0.0,0.0,0.0,0.0,0.02,3,0.0,19.0,35.0,0.1,1.19,4.6,248,99,52540.0,0,0.298
2026-02-28T21:00,0.0,0.0,0.0,0.0,0.0,0.02,3,0.0,12.0,35.0,0.4,1.25,4.5,254,99,52000.0,0,0.298
2026-02-28T22:00,0.0,0.0,0.0,0.0,0.0,0.02,3,10.0,7.0,40.0,0.1,1.49,4.9,256,100,51220.0,0,0.298
2026-02-28T23:00,0.0,0.0,0.0,0.0,0.0,0.02,3,10.0,4.0,40.0,0.3,1.17,5.1,280,100,46740.0,0,0.298
2026-03-01T00:00,0.5,0.0,0.5,0.42,0.6,0.02,85,10.0,2.0,50.0,-0.1,0.85,6.2,270,100,12960.0,1,0.298
2026-03-01T01:00,0.2,0.0,0.1,0.14,0.2,0.02,85,0.0,2.0,120.0,1.7,1.12,5.3,260,100,22540.0,1,0.298
2026-03-01T02:00,0.0,0.0,0.0,0.0,0.0,0.02,3,70.0,12.0,710.0,4.4,0.79,6.2,305,83,39480.0,1,0.298
2026-03-01T03:00,0.0,0.0,0.0,0.0,0.0,0.02,3,10.0,10.0,1955.0,6.9,1.79,7.1,333,91,54260.0,1,0.298
2026-03-01T04:00,0.0,0.0,0.0,0.0,0.0,0.02,3,0.0,0.0,2585.0,9.1,2.26,8.7,342,98,55620.0,1,0.298
2026-03-01T05:00,0.0,0.0,0.0,0.0,0.0,0.02,2,0.0,0.0,2980.0,10.3,1.92,8.5,345,52,56200.0,1,0.298
2026-03-01T06:00,0.0,0.0,0.0,0.0,0.0,0.02,2,0.0,0.0,3570.0,10.1,1.5,8.0,334,58,56180.0,1,0.302
2026-03-01T07:00,0.0,0.0,0.0,0.0,0.0,0.02,3,0.0,0.0,3990.0,11.8,1.36,6.8,306,98,57000.0,1,0.305
2026-03-01T08:00,0.0,0.0,0.0,0.0,0.0,0.01,3,0.0,19.0,4110.0,11.8,1.52,6.5,279,98,56980.0,1,0.306
2026-03-01T09:00,0.0,0.0,0.0,0.0,0.0,0.01,3,0.0,21.0,3915.0,10.9,2.09,6.0,249,100,56960.0,1,0.306
2026-03-01T10:00,0.0,0.0,0.0,0.0,0.0,0.01,3,0.0,22.0,3240.0,9.6,2.69,7.1,235,100,56120.0,1,0.306
2026-03-01T11:00,0.0,0.0,0.0,0.0,0.0,0.01,0,0.0,8.0,210.0,6.7,1.27,7.2,206,7,56100.0,1,0.305
2026-03-01T12:00,0.0,0.0,0.0,0.0,0.0,0.01,0,70.0,29.0,50.0,3.2,0.81,5.5,169,3,54680.0,0,0.304
2026-03-01T13:00,0.0,0.0,0.0,0.0,0.0,0.01,0,40.0,30.0,20.0,2.3,0.47,4.2,198,10,53300.0,0,0.304
2026-03-01T14:00,0.0,0.0,0.0,0.0,0.0,0.01,0,40.0,28.0,15.0,1.2,0.5,2.7,233,5,53280.0,0,0.303
2026-03-01T15:00,0.0,0.0,0.0,0.0,0.0,0.01,0,30.0,31.0,15.0,-0.2,0.72,3.3,236,16,53260.0,0,0.303
2026-03-01T16:00,0.0,0.0,0.0,0.0,0.0,0.01,0,0.0,42.0,15.0,-1.2,0.75,3.4,233,4,52240.0,0,0.303
2026-03-01T17:00,0.0,0.0,0.0,0.0,0.0,0.01,0,10.0,39.0,15.0,-1.7,0.82,3.3,232,1,50960.0,0,0.302
2026-03-01T18:00,0.0,0.0,0.0,0.0,0.0,0.01,0,0.0,6.0,15.0,-2.3,0.79,3.4,235,9,50960.0,0,0.302
2026-03-01T19:00,0.0,0.0,0.0,0.0,0.0,0.01,1,10.0,14.0,15.0,-2.1,0.69,3.3,240,29,49560.0,0,0.302
2026-03-01T20:00,0.0,0.0,0.0,0.0,0.0,0.01,1,20.0,16.0,20.0,-2.0,1.14,3.8,247,27,49560.0,0,0.302
2026-03-01T21:00,0.0,0.0,0.0,0.0,0.0,0.01,1,10.0,2.0,40.0,-1.8,1.43,4.3,241,41,47660.0,0,0.302
2026-03-01T22:00,0.0,0.0,0.0,0.0,0.0,0.01,2,0.0,2.0,55.0,-2.1,1.66,4.7,237,65,3760.0,0,0.302
2026-03-01T23:00,0.0,0.0,0.0,0.0,0.0,0.01,3,20.0,2.0,55.0,-2.7,1.7,5.0,242,98,8280.0,0,0.302
2026-03-02T00:00,0.0,0.0,0.0,0.0,0.0,0.01,2,10.0,20.0,35.0,-2.8,1.41,4.8,243,53,44300.0,1,0.302
2026-03-02T01:00,0.0,0.0,0.0,0.0,0.0,0.01,1,0.0,8.0,50.0,-0.3,1.44,4.7,250,37,50840.0,1,0.302
2026-03-02T02:00,0.0,0.0,0.0,0.0,0.0,0.01,1,10.0,8.0,525.0,4.6,0.35,4.4,270,20,53100.0,1,0.302
2026-03-02T03:00,0.0,0.0,0.0,0.0,0.0,0.01,1,10.0,50.0,1330.0,7.4,0.25,4.5,180,22,54460.0,1,0.302
2026-03-02T04:00,0.1,0.0,0.1,0.07,0.1,0.01,85,0.0,14.0,2250.0,9.6,1.84,6.4,283,85,55260.0,1,0.302
2026-03-02T05:00,0.3,0.0,0.3,0.21,0.3,0.01,85,0.0,3.0,2330.0,10.2,3.33,10.5,278,92,55240.0,1,0.302
2026-03-02T06:00,0.6,0.0,0.6,0.42,0.6,0.02,85,0.0,0.0,2750.0,10.1,3.29,11.5,298,95,55820.0,1,0.302
2026-03-02T07:00,0.0,0.0,0.0,0.0,0.0,0.02,3,50.0,0.0,3400.0,11.4,4.42,13.7,308,87,55800.0,1,0.303
2026-03-02T08:00,0.0,0.0,0.0,0.0,0.0,0.02,3,10.0,0.0,2840.0,10.6,4.97,15.4,310,93,54520.0,1,0.302
2026-03-02T09:00,0.0,0.0,0.0,0.0,0.0,0.02,3,0.0,0.0,2185.0,9.3,3.88,15.3,282,93,32460.0,1,0.302
2026-03-02T10:00,0.0,0.0,0.0,0.0,0.0,0.02,3,0.0,15.0,2325.0,9.0,3.76,11.9,240,96,54380.0,1,0.301
2026-03-02T11:00,0.0,0.0,0.0,0.0,0.0,0.02,2,0.0,58.0,395.0,6.3,1.55,10.7,201,50,55140.0,1,0.301
2026-03-02T12:00,0.0,0.0,0.0,0.0,0.0,0.01,2,70.0,65.0,35.0,3.6,0.57,6.4,165,52,54320.0,0,0.301
2026-03-02T13:00,0.0,0.0,0.0,0.0,0.0,0.01,3,90.0,50.0,30.0,2.4,0.74,3.1,222,100,52940.0,0,0.3
2026-03-02T14:00,0.0,0.0,0.0,0.0,0.0,0.01,3,100.0,42.0,35.0,2.3,0.92,3.5,225,98,52840.0,0,0.3
2026-03-02T15:00,0.0,0.0,0.0,0.0,0.0,0.01,0,100.0,46.0,30.0,1.1,0.99,3.1,229,19,51900.0,0,0.3
2026-03-02T16:00,0.0,0.0,0.0,0.0,0.0,0.01,1,120.0,46.0,30.0,-0.5,0.97,2.8,249,48,50640.0,0,0.3
2026-03-02T17:00,0.0,0.0,0.0,0.0,0.0,0.01,2,150.0,42.0,30.0,-1.1,1.14,3.3,255,70,50620.0,0,0.299
2026-03-02T18:00,0.0,0.0,0.0,0.0,0.0,0.01,3,80.0,38.0,25.0,-1.3,1.03,3.4,256,81,49240.0,0,0.299
2026-03-02T19:00,0.0,0.0,0.0,0.0,0.0,0.01,2,60.0,34.0,20.0,-1.1,1.01,3.4,250,57,49220.0,0,0.299
2026-03-02T20:00,0.0,0.0,0.0,0.0,0.0,0.01,0,20.0,36.0,20.0,-1.7,1.12,3.8,243,1,49220.0,0,0.299
2026-03-02T21:00,0.0,0.0,0.0,0.0,0.0,0.01,0,0.0,39.0,15.0,-2.5,0.95,3.8,252,11,49200.0,0,0.299
2026-03-02T22:00,0.0,0.0,0.0,0.0,0.0,0.01,0,0.0,56.0,15.0,-2.8,0.89,3.3,254,0,49180.0,0,0.299
2026-03-02T23:00,0.0,0.0,0.0,0.0,0.0,0.01,0,0.0,34.0,15.0,-3.2,0.92,3.4,248,1,49160.0,0,0.299
2026-03-03T00:00,0.0,0.0,0.0,0.0,0.0,0.01,0,10.0,57.0,15.0,-4.2,1.14,3.9,247,1,16660.0,1,0.299
2026-03-03T01:00,0.0,0.0,0.0,0.0,0.0,0.01,0,50.0,69.0,50.0,-0.1,1.28,4.3,249,1,50500.0,1,0.299
2026-03-03T02:00,0.0,0.0,0.0,0.0,0.0,0.01,0,80.0,52.0,550.0,4.6,0.25,4.0,217,5,52740.0,1,0.299
2026-03-03T03:00,0.0,0.0,0.0,0.0,0.0,0.01,1,130.0,53.0,1500.0,7.1,0.41,4.4,284,26,54100.0,1,0.299
2026-03-03T04:00,0.0,0.0,0.0,0.0,0.0,0.01,2,220.0,0.0,3280.0,9.5,2.1,7.2,288,79,54880.0,1,0.299
2026-03-03T05:00,0.4,0.0,0.4,0.28,0.4,0.02,85,170.0,0.0,3895.0,10.2,3.51,11.4,303,84,54880.0,1,0.299
2026-03-03T06:00,0.2,0.0,0.2,0.14,0.2,0.02,85,150.0,0.0,4130.0,9.8,4.47,14.7,304,90,55440.0,1,0.299
2026-03-03T07:00,0.0,0.0,0.0,0.0,0.0,0.02,3,70.0,0.0,4205.0,10.8,5.17,16.0,275,91,55440.0,1,0.299
2026-03-03T08:00,0.0,0.0,0.0,0.0,0.0,0.02,3,30.0,0.0,4540.0,10.8,5.32,17.2,265,99,56240.0,1,0.299
2026-03-03T09:00,0.0,0.0,0.0,0.0,0.0,0.02,3,40.0,0.0,4760.0,10.2,5.26,16.2,295,98,56220.0,1,0.298
2026-03-03T10:00,0.0,0.0,0.0,0.0,0.0,0.02,3,30.0,0.0,4695.0,9.3,3.96,16.7,291,95,56220.0,1,0.298
2026-03-03T11:00,0.0,0.0,0.0,0.0,0.0,0.02,3,0.0,3.0,810.0,6.9,1.66,12.4,303,97,56200.0,1,0.297
2026-03-03T12:00,0.0,0.0,0.0,0.0,0.0,0.01,2,10.0,2.0,60.0,3.7,0.74,7.5,250,66,55360.0,0,0.297
2026-03-03T13:00,0.0,0.0,0.0,0.0,0.0,0.01,0,0.0,15.0,25.0,1.8,0.81,5.9,259,7,55340.0,0,0.297
2026-03-03T14:00,0.0,0.0,0.0,0.0,0.0,0.01,0,0.0,14.0,30.0,0.5,1.54,8.0,257,0,55320.0,0,0.297
2026-03-03T15:00,0.0,0.0,0.0,0.0,0.0,0.01,0,0.0,13.0,25.0,0.6,1.16,7.9,263,0,55320.0,0,0.296
2026-03-03T16:00,0.0,0.0,0.0,0.0,0.0,0.01,0,0.0,12.0,20.0,0.4,0.65,7.0,270,0,56120.0,0,0.296
2026-03-03T17:00,0.0,0.0,0.0,0.0,0.0,0.01,0,0.0,11.0,20.0,-0.4,0.59,5.5,250,0,56100.0,0,0.296
2026-03-03T18:00,0.0,0.0,0.0,0.0,0.0,0.01,0,0.0,10.0,15.0,-1.7,0.43,4.2,249,0,55260.0,0,0.296
2026-03-03T19:00,0.0,0.0,0.0,0.0,0.0,0.01,0,0.0,9.0,10.0,-2.2,0.29,3.0,239,0,55260.0,0,0.296
2026-03-03T20:00,0.0,0.0,0.0,0.0,0.0,0.01,0,0.0,8.0,10.0,-2.7,0.18,2.4,236,0,55240.0,0,0.296
2026-03-03T21:00,0.0,0.0,0.0,0.0,0.0,0.01,0,0.0,8.0,10.0,-3.7,0.25,2.4,233,2,55220.0,0,0.296
2026-03-03T22:00,0.0,0.0,0.0,0.0,0.0,0.01,0,0.0,7.0,10.0,-5.2,0.29,2.4,239,1,55200.0,0,0.296
2026-03-03T23:00,0.0,0.0,0.0,0.0,0.0,0.01,1,0.0,6.0,10.0,-6.3,0.57,2.4,225,30,55200.0,0,0.296
2026-03-04T00:00,0.0,0.0,0.0,0.0,0.0,0.01,0,0.0,5.0,10.0,-8.6,0.51,2.6,241,7,53780.0,1,0.296
2026-03-04T01:00,0.0,0.0,0.0,0.0,0.0,0.01,0,0.0,4.0,10.0,-3.0,0.4,3.1,240,2,54580.0,1,0.296
2026-03-04T02:00,0.0,0.0,0.0,0.0,0.0,0.01,1,0.0,4.0,350.0,3.4,0.8,3.7,94,25,55140.0,1,0.296
2026-03-04T03:00,0.0,0.0,0.0,0.0,0.0,0.01,3,0.0,3.0,665.0,6.4,0.9,4.9,90,100,55140.0,1,0.296
2026-03-04T04:00,0.0,0.0,0.0,0.0,0.0,0.01,2,0.0,2.0,1570.0,9.3,0.46,4.8,77,77,55120.0,1,0.296
2026-03-04T05:00,0.0,0.0,0.0,0.0,0.0,0.01,1,0.0,1.0,5320.0,12.4,0.67,4.9,193,26,55920.0,1,0.298
2026-03-04T06:00,0.0,0.0,0.0,0.0,0.0,0.01,3,20.0,0.0,6055.0,13.1,4.49,14.1,302,98,55900.0,1,0.301
2026-03-04T07:00,0.0,0.0,0.0,0.0,0.0,0.01,3,50.0,0.0,6080.0,14.0,6.08,19.6,284,95,55900.0,1,0.301
2026-03-04T08:00,0.0,0.0,0.0,0.0,0.0,0.01,2,20.0,0.0,5450.0,13.4,6.26,20.7,290,73,55880.0,1,0.3
2026-03-04T09:00,0.0,0.0,0.0,0.0,0.0,0.01,3,90.0,0.0,6260.0,12.8,5.81,19.8,278,98,55860.0,1,0.3
2026-03-04T10:00,0.0,0.0,0.0,0.0,0.0,0.01,3,0.0,1.0,3860.0,10.9,4.56,18.0,266,98,55840.0,1,0.299
2026-03-04T11:00,0.0,0.0,0.0,0.0,0.0,0.01,3,10.0,0.0,1140.0,8.4,3.27,15.0,251,100,55840.0,1,0.299
2026-03-04T12:00,0.0,0.0,0.0,0.0,0.0,0.01,3,0.0,0.0,700.0,5.6,1.3,13.7,254,100,55820.0,0,0.297
2026-03-04T13:00,0.0,0.0,0.0,0.0,0.0,0.01,1,10.0,1.0,25.0,6.2,0.5,10.0,264,41,55800.0,0,0.297
2026-03-04T14:00,0.0,0.0,0.0,0.0,0.0,0.01,1,20.0,10.0,10.0,4.5,0.07,6.8,225,41,55780.0,0,0.297
2026-03-04T15:00,0.0,0.0,0.0,0.0,0.0,0.01,2,30.0,7.0,25.0,2.3,1.13,3.5,221,68,55780.0,0,0.297
2026-03-04T16:00,0.0,0.0,0.0,0.0,0.0,0.01,3,30.0,0.0,20.0,1.0,1.2,4.9,222,92,54940.0,0,0.296
2026-03-04T17:00,0.0,0.0,0.0,0.0,0.0,0.01,3,40.0,1.0,15.0,1.1,0.83,4.8,237,86,54920.0,0,0.296
2026-03-04T18:00,0.0,0.0,0.0,0.0,0.0,0.01,2,30.0,2.0,15.0,0.1,0.65,4.0,247,65,54320.0,0,0.296
2026-03-04T19:00,0.0,0.0,0.0,0.0,0.0,0.01,3,40.0,5.0,10.0,-0.8,0.72,3.8,245,100,53500.0,0,0.296
2026-03-04T20:00,0.0,0.0,0.0,0.0,0.0,0.01,3,10.0,-3.0,10.0,-0.9,0.74,4.3,242,98,53480.0,0,0.296
2026-03-04T21:00,0.0,0.0,0.0,0.0,0.0,0.01,3,0.0,-5.0,10.0,-1.5,0.49,4.7,246,98,52120.0,0,0.296
2026-03-04T22:00,0.0,0.0,0.0,0.0,0.0,0.01,2,0.0,-6.0,10.0,-1.2,0.51,4.2,241,77,52100.0,0,0.296
2026-03-04T23:00,0.0,0.0,0.0,0.0,0.0,0.01,3,10.0,-7.0,10.0,-2.5,0.43,3.6,249,93,51080.0,0,0.296
2026-03-05T00:00,0.0,0.0,0.0,0.0,0.0,0.01,3,0.0,-7.0,10.0,-1.3,0.6,3.4,246,100,51060.0,1,0.296
2026-03-05T01:00,0.0,0.0,0.0,0.0,0.0,0.01,3,0.0,-7.0,15.0,1.9,0.61,3.8,261,98,52060.0,1,0.296
2026-03-05T02:00,0.0,0.0,0.0,0.0,0.0,0.01,3,0.0,-7.0,320.0,6.8,0.29,4.1,59,97,54200.0,1,0.295
2026-03-05T03:00,0.0,0.0,0.0,0.0,0.0,0.01,3,10.0,-5.0,830.0,9.4,0.68,4.9,36,100,54180.0,1,0.295
2026-03-05T04:00,0.0,0.0,0.0,0.0,0.0,0.01,3,20.0,-2.0,3490.0,11.2,1.33,6.2,340,99,54760.0,1,0.296
2026-03-05T05:00,0.0,0.0,0.0,0.0,0.0,0.01,3,10.0,2.0,4135.0,13.3,3.7,11.5,300,100,55560.0,1,0.297
2026-03-05T06:00,0.0,0.0,0.0,0.0,0.0,0.01,3,0.0,3.0,4085.0,12.5,4.28,14.3,300,100,55560.0,1,0.297
2026-03-05T07:00,0.0,0.0,0.0,0.0,0.0,0.01,3,60.0,3.0,3335.0,12.5,4.61,14.6,300,98,50080.0,1,0.297
2026-03-05T08:00,0.0,0.0,0.0,0.0,0.0,0.01,3,0.0,0.0,2765.0,11.6,4.51,14.6,280,98,42980.0,1,0.297
2026-03-05T09:00,0.0,0.0,0.0,0.0,0.0,0.01,3,10.0,1.0,3585.0,12.4,3.44,14.5,283,85,54680.0,1,0.296
2026-03-05T10:00,0.0,0.0,0.0,0.0,0.0,0.01,3,50.0,9.0,3280.0,11.8,3.01,11.4,285,80,54680.0,1,0.296
2026-03-05T11:00,0.0,0.0,0.0,0.0,0.0,0.01,3,40.0,9.0,60.0,8.1,0.81,10.4,202,100,54660.0,1,0.296
2026-03-05T12:00,0.0,0.0,0.0,0.0,0.0,0.01,3,0.0,9.0,20.0,5.7,0.47,3.5,198,100,54640.0,0,0.296
2026-03-05T13:00,0.0,0.0,0.0,0.0,0.0,0.01,3,10.0,9.0,15.0,5.0,0.57,3.5,232,100,54620.0,0,0.296
2026-03-05T14:00,0.1,0.0,0.1,0.07,0.1,0.01,85,0.0,9.0,15.0,3.5,0.82,4.7,232,98,54020.0,0,0.295
2026-03-05T15:00,0.0,0.0,0.0,0.0,0.0,0.01,3,10.0,9.0,15.0,2.8,0.71,4.8,231,98,54020.0,0,0.295
2026-03-05T16:00,0.0,0.0,0.0,0.0,0.0,0.01,3,0.0,8.0,10.0,1.5,0.4,4.5,240,86,54000.0,0,0.295
2026-03-05T17:00,0.0,0.0,0.0,0.0,0.0,0.01,3,0.0,123.0,10.0,0.3,0.68,3.4,234,91,53180.0,0,0.295
2026-03-05T18:00,0.0,0.0,0.0,0.0,0.0,0.01,3,0.0,122.0,10.0,0.3,0.47,3.1,238,100,53160.0,0,0.295
2026-03-05T19:00,0.0,0.0,0.0,0.0,0.0,0.01,3,0.0,135.0,10.0,-0.1,0.51,2.8,241,100,51800.0,0,0.294
2026-03-05T20:00,0.0,0.0,0.0,0.0,0.0,0.01,3,10.0,1.0,10.0,-0.3,0.57,3.0,232,100,51780.0,0,0.294
2026-03-05T21:00,0.0,0.0,0.0,0.0,0.0,0.01,3,20.0,1.0,10.0,0.1,0.53,2.8,229,100,51760.0,0,0.294
2026-03-05T22:00,0.0,0.0,0.0,0.0,0.0,0.01,3,20.0,1.0,10.0,0.3,0.16,2.8,252,100,50760.0,0,0.294
2026-03-05T23:00,0.0,0.0,0.0,0.0,0.0,0.01,3,50.0,2.0,10.0,0.8,0.25,2.5,233,94,50740.0,0,0.294
2026-03-06T00:00,0.0,0.0,0.0,0.0,0.0,0.01,0,40.0,5.0,10.0,-0.8,0.57,3.1,225,12,49500.0,1,0.294
2026-03-06T01:00,0.0,0.0,0.0,0.0,0.0,0.01,1,20.0,2.0,10.0,3.4,0.47,3.2,238,30,51720.0,1,0.294
2026-03-06T02:00,0.0,0.0,0.0,0.0,0.0,0.01,3,10.0,4.0,380.0,8.7,0.34,3.3,63,100,53860.0,1,0.294
2026-03-06T03:00,0.0,0.0,0.0,0.0,0.0,0.01,3,0.0,12.0,1015.0,11.5,0.55,4.2,90,100,53840.0,1,0.294
2026-03-06T04:00,0.0,0.0,0.0,0.0,0.0,0.01,3,10.0,17.0,1545.0,13.9,0.52,4.6,107,100,54400.0,1,0.295
2026-03-06T05:00,0.0,0.0,0.0,0.0,0.0,0.01,3,160.0,2.0,3795.0,16.5,0.54,5.4,236,97,54400.0,1,0.297
2026-03-06T06:00,0.0,0.0,0.0,0.0,0.0,0.01,3,20.0,0.0,4145.0,16.3,3.23,11.6,305,100,54380.0,1,0.299
2026-03-06T07:00,0.0,0.0,0.0,0.0,0.0,0.01,3,20.0,1.0,3520.0,15.8,3.83,12.8,282,97,54360.0,1,0.3
2026-03-06T08:00,0.0,0.0,0.0,0.0,0.0,0.01,3,0.0,0.0,3560.0,16.1,3.97,13.0,265,99,54360.0,1,0.3
2026-03-06T09:00,0.0,0.0,0.0,0.0,0.0,0.01,3,10.0,0.0,3730.0,16.1,3.34,12.9,261,98,54340.0,1,0.3
2026-03-06T10:00,0.1,0.0,0.1,0.0,0.0,0.01,51,0.0,10.0,2955.0,14.0,1.17,10.7,260,36,54320.0,1,0.299
2026-03-06T11:00,0.0,0.0,0.0,0.0,0.0,0.01,3,0.0,31.0,70.0,9.3,1.02,5.6,169,91,53720.0,1,0.299
2026-03-06T12:00,0.0,0.0,0.0,0.0,0.0,0.0,3,0.0,49.0,20.0,7.5,0.49,5.6,204,99,52900.0,0,0.298
2026-03-06T13:00,0.0,0.0,0.0,0.0,0.0,0.01,3,30.0,19.0,30.0,7.0,0.83,5.8,237,100,52880.0,0,0.298
2026-03-06T14:00,0.0,0.0,0.0,0.0,0.0,0.01,3,30.0,11.0,30.0,5.5,1.2,6.3,197,98,46720.0,0,0.297
2026-03-06T15:00,0.0,0.0,0.0,0.0,0.0,0.01,3,10.0,2.0,15.0,4.2,0.64,5.4,231,100,50520.0,0,0.297
2026-03-06T16:00,0.0,0.0,0.0,0.0,0.0,0.01,3,20.0,2.0,15.0,3.9,0.78,3.9,255,97,50500.0,0,0.297
2026-03-06T17:00,0.1,0.0,0.1,0.07,0.1,0.01,85,40.0,4.0,25.0,3.6,1.64,6.3,232,98,49260.0,0,0.296
2026-03-06T18:00,0.0,0.0,0.0,0.0,0.0,0.01,3,50.0,29.0,20.0,3.0,1.23,6.4,249,99,49240.0,0,0.296
2026-03-06T19:00,0.0,0.0,0.0,0.0,0.0,0.01,1,80.0,43.0,35.0,3.1,1.6,6.0,231,49,44320.0,0,0.296
2026-03-06T20:00,0.0,0.0,0.0,0.0,0.0,0.01,3,30.0,76.0,30.0,1.9,1.3,6.3,238,96,49220.0,0,0.296
2026-03-06T21:00,0.0,0.0,0.0,0.0,0.0,0.01,3,20.0,3.0,25.0,1.2,1.1,5.3,246,85,49200.0,0,0.295
2026-03-06T22:00,0.0,0.0,0.0,0.0,0.0,0.01,3,10.0,3.0,20.0,1.1,0.94,4.5,245,100,47860.0,0,0.295
2026-03-06T23:00,0.0,0.0,0.0,0.0,0.0,0.01,3,10.0,1.0,20.0,0.8,1.01,4.2,237,100,47840.0,0,0.295
2026-03-07T00:00,0.0,0.0,0.0,0.0,0.0,0.0,3,80.0,134.0,20.0,1.7,0.85,4.0,242,97,47820.0,1,0.295
2026-03-07T01:00,0.0,0.0,0.0,0.0,0.0,0.0,2,70.0,151.0,35.0,5.0,1.12,3.5,249,76,49160.0,1,0.295
2026-03-07T02:00,0.0,0.0,0.0,0.0,0.0,0.0,3,110.0,145.0,520.0,9.8,0.27,3.6,248,87,51360.0,1,0.294
2026-03-07T03:00,0.0,0.0,0.0,0.0,0.0,0.0,3,80.0,82.0,1255.0,12.1,1.27,5.7,349,80,52680.0,1,0.294
2026-03-07T04:00,0.0,0.0,0.0,0.0,0.0,0.0,2,70.0,67.0,1750.0,13.2,2.3,8.9,319,62,52680.0,1,0.295
2026-03-07T05:00,0.0,0.0,0.0,0.0,0.0,0.0,2,70.0,17.0,1860.0,13.8,3.37,10.4,291,71,51660.0,1,0.295
2026-03-07T06:00,0.2,0.0,0.2,0.14,0.2,0.0,85,180.0,0.0,3085.0,15.6,2.51,11.3,283,95,53440.0,1,0.296
2026-03-07T07:00,0.0,0.0,0.0,0.0,0.0,0.0,3,60.0,0.0,2745.0,14.9,2.9,11.7,306,85,53440.0,1,0.296
2026-03-07T08:00,0.0,0.0,0.0,0.0,0.0,0.0,3,10.0,26.0,1725.0,13.7,4.05,14.1,331,90,53420.0,1,0.296
2026-03-07T09:00,0.0,0.0,0.0,0.0,0.0,0.0,3,20.0,0.0,3045.0,14.6,1.38,12.8,347,92,53400.0,1,0.295
2026-03-07T10:00,0.0,0.0,0.0,0.0,0.0,0.0,2,40.0,6.0,1850.0,13.0,1.46,6.2,232,77,53400.0,1,0.295
2026-03-07T11:00,0.0,0.0,0.0,0.0,0.0,0.0,1,0.0,15.0,25.0,10.5,0.27,6.2,202,49,53380.0,1,0.295
2026-03-07T12:00,0.0,0.0,0.0,0.0,0.0,0.01,3,200.0,30.0,95.0,7.7,1.19,3.8,332,91,51220.0,0,0.295
2026-03-07T13:00,0.0,0.0,0.0,0.0,0.0,0.01,3,70.0,26.0,105.0,5.3,1.59,6.2,316,93,49000.0,0,0.295
2026-03-07T14:00,0.0,0.0,0.0,0.0,0.0,0.01,2,110.0,57.0,20.0,4.4,0.41,6.3,256,50,47640.0,0,0.294
2026-03-07T15:00,0.0,0.0,0.0,0.0,0.0,0.01,2,90.0,140.0,10.0,3.4,0.16,2.6,252,76,48960.0,0,0.294
2026-03-07T16:00,0.0,0.0,0.0,0.0,0.0,0.01,1,100.0,155.0,15.0,2.4,0.47,2.3,252,25,48960.0,0,0.294
2026-03-07T17:00,0.0,0.0,0.0,0.0,0.0,0.01,2,50.0,138.0,10.0,1.6,0.34,3.2,243,62,48940.0,0,0.293
2026-03-07T18:00,0.0,0.0,0.0,0.0,0.0,0.01,1,0.0,84.0,15.0,2.3,0.51,2.8,241,48,48920.0,0,0.293
2026-03-07T19:00,0.0,0.0,0.0,0.0,0.0,0.01,1,20.0,52.0,15.0,1.3,0.76,3.2,238,38,48920.0,0,0.293
2026-03-07T20:00,0.0,0.0,0.0,0.0,0.0,0.01,1,20.0,50.0,15.0,0.6,0.97,4.2,235,23,48900.0,0,0.293
2026-03-07T21:00,0.0,0.0,0.0,0.0,0.0,0.01,0,10.0,97.0,15.0,-0.0,0.89,4.2,243,15,47540.0,0,0.292
2026-03-07T22:00,0.0,0.0,0.0,0.0,0.0,0.01,1,40.0,76.0,20.0,-0.3,1.01,4.1,243,37,44840.0,0,0.292
2026-03-07T23:00,0.0,0.0,0.0,0.0,0.0,0.01,1,40.0,84.0,15.0,-0.6,0.87,4.1,246,34,42320.0,0,0.292
2026-03-08T00:00,0.0,0.0,0.0,0.0,0.0,0.01,0,30.0,63.0,15.0,-0.1,0.87,3.8,239,0,47500.0,1,0.292
2026-03-08T01:00,0.0,0.0,0.0,0.0,0.0,0.01,0,30.0,65.0,45.0,4.8,1.14,4.2,232,0,48820.0,1,0.292
2026-03-08T02:00,0.0,0.0,0.0,0.0,0.0,0.01,0,30.0,191.0,575.0,9.0,0.5,3.8,143,16,51020.0,1,0.291
2026-03-08T03:00,0.0,0.0,0.0,0.0,0.0,0.01,0,20.0,228.0,1055.0,11.4,1.12,5.4,117,0,52340.0,1,0.291
2026-03-08T04:00,0.0,0.0,0.0,0.0,0.0,0.0,1,110.0,107.0,1580.0,13.7,0.65,5.7,94,22,52340.0,1,0.292
2026-03-08T05:00,0.0,0.0,0.0,0.0,0.0,0.0,2,410.0,0.0,2955.0,16.1,1.23,6.4,328,59,53120.0,1,0.292
2026-03-08T06:00,0.0,0.0,0.0,0.0,0.0,0.0,3,80.0,0.0,3355.0,15.9,3.41,11.6,267,87,53700.0,1,0.292
2026-03-08T07:00,0.2,0.0,0.2,0.14,0.2,0.0,85,0.0,1.0,2750.0,15.8,4.84,14.8,300,100,53680.0,1,0.292
2026-03-08T08:00,0.1,0.0,0.1,0.07,0.1,0.0,85,0.0,-3.0,730.0,12.3,3.62,14.8,354,100,52280.0,1,0.292
2026-03-08T09:00,0.0,0.0,0.0,0.0,0.0,0.0,3,0.0,0.0,900.0,12.2,1.28,12.2,39,98,52260.0,1,0.292
2026-03-08T10:00,0.0,0.0,0.0,0.0,0.0,0.0,3,70.0,24.0,1460.0,12.6,1.43,5.1,115,100,52680.0,1,0.292
2026-03-08T11:00,0.0,0.0,0.0,0.0,0.0,0.0,3,0.0,24.0,40.0,9.9,0.47,4.7,108,100,52240.0,1,0.292
2026-03-08T12:00,0.0,0.0,0.0,0.0,0.0,0.0,3,260.0,36.0,75.0,6.4,0.72,2.8,65,90,49900.0,0,0.293
2026-03-08T13:00,0.1,0.0,0.1,0.07,0.1,0.0,85,90.0,57.0,50.0,4.4,0.85,3.5,357,98,48660.0,0,0.292
2026-03-08T14:00,0.2,0.0,0.2,0.14,0.2,0.0,85,140.0,5.0,65.0,3.6,1.56,5.5,315,89,47320.0,0,0.292
2026-03-08T15:00,1.6,0.0,1.6,1.12,1.6,0.02,86,0.0,57.0,30.0,2.3,0.21,5.7,194,79,43060.0,0,0.292
2026-03-08T16:00,0.0,0.0,0.0,0.0,0.0,0.02,2,30.0,58.0,25.0,1.6,0.35,3.2,315,65,47300.0,0,0.292
2026-03-08T17:00,0.2,0.0,0.2,0.14,0.2,0.02,85,0.0,15.0,40.0,1.2,0.68,5.0,287,90,41920.0,0,0.292
2026-03-08T18:00,1.3,0.0,1.3,0.91,1.3,0.03,86,0.0,7.0,90.0,1.8,1.18,4.8,282,95,21520.0,0,0.291
2026-03-08T19:00,0.3,0.0,0.0,0.21,0.3,0.03,73,20.0,18.0,65.0,1.2,1.01,5.0,261,98,3820.0,0,0.291
2026-03-08T20:00,0.4,0.0,0.0,0.28,0.4,0.03,73,80.0,3.0,65.0,2.0,0.89,4.0,243,76,14640.0,0,0.291
2026-03-08T21:00,0.1,0.0,0.1,0.07,0.1,0.03,85,80.0,3.0,40.0,0.2,0.81,4.7,248,94,22880.0,0,0.291
2026-03-08T22:00,0.0,0.0,0.0,0.0,0.0,0.03,3,90.0,3.0,25.0,-0.9,0.55,2.6,265,86,41760.0,0,0.29
2026-03-08T23:00,0.0,0.0,0.0,0.0,0.0,0.03,3,60.0,6.0,25.0,-1.5,0.57,2.6,255,96,42020.0,0,0.29
2026-03-09T00:00,0.0,0.0,0.0,0.0,0.0,0.03,3,40.0,8.0,50.0,0.5,0.96,2.3,264,95,5660.0,1,0.29
2026-03-09T01:00,0.0,0.0,0.0,0.0,0.0,0.03,2,20.0,17.0,100.0,2.2,0.85,3.6,270,63,38880.0,1,0.29
2026-03-09T02:00,0.0,0.0,0.0,0.0,0.0,0.03,2,30.0,26.0,690.0,4.9,0.9,3.7,326,52,47620.0,1,0.29
2026-03-09T03:00,0.0,0.0,0.0,0.0,0.0,0.03,2,0.0,18.0,1240.0,6.4,0.7,4.2,4,73,50680.0,1,0.289
2026-03-09T04:00,0.0,0.0,0.0,0.0,0.0,0.02,0,10.0,22.0,1480.0,7.7,0.25,4.0,360,16,52000.0,1,0.291
2026-03-09T05:00,0.0,0.0,0.0,0.0,0.0,0.02,2,40.0,24.0,1620.0,8.8,0.18,2.8,326,74,51980.0,1,0.297
2026-03-09T06:00,0.2,0.0,0.2,0.14,0.2,0.02,85,0.0,7.0,1880.0,10.8,1.41,7.5,337,94,52780.0,1,0.299
2026-03-09T07:00,0.0,0.0,0.0,0.0,0.0,0.02,3,10.0,7.0,2225.0,12.2,3.11,10.4,336,94,48520.0,1,0.302
2026-03-09T08:00,0.0,0.0,0.0,0.0,0.0,0.02,2,0.0,7.0,2210.0,12.0,3.22,11.3,336,69,49440.0,1,0.303
2026-03-09T09:00,0.0,0.0,0.0,0.0,0.0,0.01,2,0.0,7.0,2325.0,12.0,2.72,10.8,343,52,50040.0,1,0.304
2026-03-09T10:00,0.0,0.0,0.0,0.0,0.0,0.01,2,0.0,7.0,2330.0,11.3,1.61,9.2,7,50,53300.0,1,0.306
2026-03-09T11:00,0.0,0.0,0.0,0.0,0.0,0.01,0,0.0,7.0,10.0,9.5,0.05,6.0,180,12,52700.0,1,0.306
2026-03-09T12:00,0.0,0.0,0.0,0.0,0.0,0.01,0,0.0,7.0,35.0,5.2,0.87,2.3,204,2,52680.0,0,0.3
2026-03-09T13:00,0.0,0.0,0.0,0.0,0.0,0.01,2,0.0,8.0,20.0,3.5,0.87,4.0,211,55,51880.0,0,0.3
2026-03-09T14:00,0.0,0.0,0.0,0.0,0.0,0.01,3,10.0,8.0,15.0,2.7,0.61,3.5,235,94,50540.0,0,0.3
2026-03-09T15:00,0.0,0.0,0.0,0.0,0.0,0.01,3,10.0,8.0,15.0,2.7,0.86,2.7,260,100,46160.0,0,0.299
2026-03-09T16:00,0.0,0.0,0.0,0.0,0.0,0.01,2,30.0,14.0,15.0,3.2,0.65,3.2,247,52,44300.0,0,0.299
2026-03-09T17:00,0.0,0.0,0.0,0.0,0.0,0.01,1,40.0,4.0,10.0,0.9,0.34,2.3,243,25,48300.0,0,0.299
2026-03-09T18:00,0.0,0.0,0.0,0.0,0.0,0.01,2,30.0,4.0,15.0,0.8,0.3,2.2,261,52,48280.0,0,0.298
2026-03-09T19:00,0.1,0.0,0.1,0.07,0.1,0.01,85,10.0,17.0,30.0,1.0,0.92,2.5,248,33,49480.0,0,0.298
2026-03-09T20:00,0.0,0.0,0.0,0.0,0.0,0.01,0,0.0,11.0,20.0,0.3,0.85,3.3,225,8,48260.0,0,0.298
2026-03-09T21:00,0.0,0.0,0.0,0.0,0.0,0.01,0,20.0,14.0,10.0,0.4,0.32,2.5,198,0,49460.0,0,0.298
2026-03-09T22:00,0.0,0.0,0.0,0.0,0.0,0.01,0,30.0,38.0,10.0,0.3,0.1,1.7,270,0,49440.0,0,0.297
2026-03-09T23:00,0.0,0.0,0.0,0.0,0.0,0.01,0,30.0,66.0,15.0,0.0,0.27,1.9,248,0,49420.0,0,0.297
2026-03-10T00:00,0.0,0.0,0.0,0.0,0.0,0.01,0,60.0,68.0,10.0,-0.7,0.32,1.5,231,9,48200.0,1,0.297
2026-03-10T01:00,0.0,0.0,0.0,0.0,0.0,0.01,0,40.0,85.0,150.0,3.4,0.46,2.5,221,0,49400.0,1,0.297
2026-03-10T02:00,0.0,0.0,0.0,0.0,0.0,0.01,0,20.0,104.0,430.0,6.2,0.63,4.1,108,0,50360.0,1,0.297
2026-03-10T03:00,0.0,0.0,0.0,0.0,0.0,0.01,0,20.0,90.0,855.0,9.0,0.67,4.9,103,0,51680.0,1,0.296
2026-03-10T04:00,0.0,0.0,0.0,0.0,0.0,0.01,1,90.0,24.0,1645.0,11.4,0.25,5.7,37,24,52460.0,1,0.298
2026-03-10T05:00,0.0,0.0,0.0,0.0,0.0,0.01,1,60.0,2.0,2760.0,13.3,1.31,6.5,353,34,53040.0,1,0.301
2026-03-10T06:00,0.0,0.0,0.0,0.0,0.0,0.01,1,0.0,9.0,2875.0,13.2,2.03,8.0,344,38,53020.0,1,0.305
2026-03-10T07:00,0.1,0.0,0.1,0.07,0.1,0.01,85,0.0,3.0,3620.0,15.7,2.06,8.1,354,83,53820.0,1,0.307
2026-03-10T08:00,0.0,0.0,0.0,0.0,0.0,0.01,2,30.0,0.0,4785.0,16.3,3.02,9.9,331,52,53800.0,1,0.307
2026-03-10T09:00,0.0,0.0,0.0,0.0,0.0,0.01,1,50.0,0.0,4050.0,15.3,3.64,10.6,283,34,52980.0,1,0.307
2026-03-10T10:00,0.0,0.0,0.0,0.0,0.0,0.01,2,20.0,36.0,1030.0,13.3,3.92,11.6,240,56,52960.0,1,0.306
2026-03-10T11:00,0.0,0.0,0.0,0.0,0.0,0.01,2,20.0,37.0,85.0,9.7,1.15,11.3,214,52,52940.0,1,0.306
2026-03-10T12:00,0.0,0.0,0.0,0.0,0.0,0.01,3,0.0,36.0,50.0,7.7,0.97,4.5,235,94,52940.0,0,0.31
2026-03-10T13:00,0.0,0.0,0.0,0.0,0.0,0.01,3,10.0,33.0,15.0,6.2,0.4,5.0,270,95,52340.0,0,0.31
2026-03-10T14:00,0.0,0.0,0.0,0.0,0.0,0.01,3,10.0,26.0,20.0,4.2,1.03,3.6,231,91,51540.0,0,0.309
2026-03-10T15:00,0.0,0.0,0.0,0.0,0.0,0.01,0,30.0,9.0,15.0,2.2,0.99,4.2,240,13,50200.0,0,0.309
2026-03-10T16:00,0.0,0.0,0.0,0.0,0.0,0.01,1,10.0,10.0,10.0,0.3,0.76,3.9,238,30,49200.0,0,0.308
2026-03-10T17:00,0.0,0.0,0.0,0.0,0.0,0.01,2,10.0,2.0,10.0,-0.5,0.69,3.6,240,66,47980.0,0,0.308
2026-03-10T18:00,0.0,0.0,0.0,0.0,0.0,0.01,3,10.0,-2.0,10.0,-0.5,0.6,3.4,246,100,47960.0,0,0.307
2026-03-10T19:00,0.0,0.0,0.0,0.0,0.0,0.01,1,10.0,-3.0,10.0,0.7,0.67,3.0,228,43,47960.0,0,0.307
2026-03-10T20:00,0.0,0.0,0.0,0.0,0.0,0.01,2,10.0,1.0,10.0,-0.0,0.47,3.0,238,55,47940.0,0,0.307
2026-03-10T21:00,0.0,0.0,0.0,0.0,0.0,0.01,0,0.0,2.0,10.0,-0.3,0.46,2.5,229,6,47920.0,0,0.306
2026-03-10T22:00,0.0,0.0,0.0,0.0,0.0,0.01,0,0.0,43.0,10.0,-0.8,0.5,2.8,233,0,47920.0,0,0.306
2026-03-10T23:00,0.0,0.0,0.0,0.0,0.0,0.01,0,0.0,43.0,10.0,-1.2,0.57,3.0,232,0,46580.0,0,0.306
2026-03-11T00:00,0.0,0.0,0.0,0.0,0.0,0.01,0,0.0,43.0,10.0,-1.0,0.64,3.0,231,0,47900.0,1,0.306
2026-03-11T01:00,0.0,0.0,0.0,0.0,0.0,0.01,0,0.0,43.0,40.0,4.9,0.88,3.4,227,0,50060.0,1,0.305
2026-03-11T02:00,0.0,0.0,0.0,0.0,0.0,0.01,0,0.0,43.0,530.0,9.0,0.58,3.7,149,0,51360.0,1,0.305
2026-03-11T03:00,0.0,0.0,0.0,0.0,0.0,0.01,0,30.0,245.0,1050.0,11.5,0.88,5.0,133,0,52160.0,1,0.305
2026-03-11T04:00,0.0,0.0,0.0,0.0,0.0,0.0,0,90.0,190.0,1475.0,13.8,0.94,5.6,122,17,52140.0,1,0.306
2026-03-11T05:00,0.0,0.0,0.0,0.0,0.0,0.0,3,260.0,21.0,2470.0,16.0,0.75,5.9,180,83,52700.0,1,0.306
2026-03-11T06:00,0.0,0.0,0.0,0.0,0.0,0.0,3,60.0,0.0,3895.0,16.5,1.52,5.8,261,98,53500.0,1,0.306
2026-03-11T07:00,0.0,0.0,0.0,0.0,0.0,0.0,3,30.0,0.0,4560.0,17.7,3.25,9.5,272,98,53480.0,1,0.306
2026-03-11T08:00,0.0,0.0,0.0,0.0,0.0,0.0,3,30.0,0.0,4110.0,17.0,4.47,13.8,284,97,53480.0,1,0.305
2026-03-11T09:00,0.0,0.0,0.0,0.0,0.0,0.0,3,0.0,20.0,3030.0,15.8,3.91,13.8,267,99,52660.0,1,0.304
2026-03-11T10:00,0.0,0.0,0.0,0.0,0.0,0.0,3,0.0,22.0,3100.0,15.2,3.08,11.7,257,100,52640.0,1,0.304
2026-03-11T11:00,0.0,0.0,0.0,0.0,0.0,0.0,3,0.0,23.0,1130.0,11.2,1.56,9.2,263,100,52620.0,1,0.303
2026-03-11T12:00,0.0,0.0,0.0,0.0,0.0,0.0,3,0.0,74.0,235.0,9.4,0.9,6.9,273,99,52020.0,0,0.308
2026-03-11T13:00,0.0,0.0,0.0,0.0,0.0,0.0,3,0.0,21.0,15.0,8.1,0.27,5.7,248,100,52020.0,0,0.307
2026-03-11T14:00,0.0,0.0,0.0,0.0,0.0,0.0,1,0.0,145.0,25.0,5.5,1.35,4.7,231,47,51200.0,0,0.307
2026-03-11T15:00,0.0,0.0,0.0,0.0,0.0,0.0,3,0.0,194.0,15.0,2.6,1.21,5.0,240,99,49880.0,0,0.307
2026-03-11T16:00,0.0,0.0,0.0,0.0,0.0,0.0,3,0.0,10.0,15.0,1.6,1.25,4.9,247,100,48880.0,0,0.306
2026-03-11T17:00,0.0,0.0,0.0,0.0,0.0,0.0,3,10.0,13.0,15.0,0.8,1.19,5.1,237,100,47680.0,0,0.306
2026-03-11T18:00,0.0,0.0,0.0,0.0,0.0,0.0,3,10.0,175.0,15.0,1.1,1.11,4.9,234,100,47660.0,0,0.305
2026-03-11T19:00,0.0,0.0,0.0,0.0,0.0,0.0,3,90.0,94.0,15.0,2.1,0.85,4.5,242,98,47640.0,0,0.305
2026-03-11T20:00,0.0,0.0,0.0,0.0,0.0,0.0,3,110.0,70.0,10.0,1.7,0.65,3.4,247,84,47640.0,0,0.305
2026-03-11T21:00,0.0,0.0,0.0,0.0,0.0,0.0,1,120.0,78.0,10.0,1.0,0.51,2.8,241,43,47620.0,0,0.304
2026-03-11T22:00,0.0,0.0,0.0,0.0,0.0,0.0,0,120.0,87.0,10.0,0.2,0.51,2.7,241,0,46300.0,0,0.304
2026-03-11T23:00,0.0,0.0,0.0,0.0,0.0,0.0,0,80.0,118.0,10.0,-0.4,0.51,2.7,241,0,46280.0,0,0.304
2026-03-12T00:00,0.0,0.0,0.0,0.0,0.0,0.0,0,30.0,141.0,15.0,0.3,0.78,2.7,243,0,46280.0,1,0.303
2026-03-12T01:00,0.0,0.0,0.0,0.0,0.0,0.0,0,0.0,150.0,55.0,5.9,1.28,3.9,239,0,48760.0,1,0.303
2026-03-12T02:00,0.0,0.0,0.0,0.0,0.0,0.0,0,10.0,171.0,770.0,9.7,0.75,3.9,217,1,49740.0,1,0.303
2026-03-12T03:00,0.0,0.0,0.0,0.0,0.0,0.0,0,80.0,145.0,1215.0,12.0,0.81,4.9,158,2,51040.0,1,0.302
2026-03-12T04:00,0.0,0.0,0.0,0.0,0.0,0.0,1,110.0,120.0,1605.0,14.2,0.79,5.6,162,21,51820.0,1,0.302
2026-03-12T05:00,0.0,0.0,0.0,0.0,0.0,0.0,2,150.0,32.0,2270.0,15.8,2.12,7.9,223,57,52380.0,1,0.301
2026-03-12T06:00,0.0,0.0,0.0,0.0,0.0,0.0,3,110.0,1.0,3220.0,15.9,3.94,11.9,246,94,52360.0,1,0.3
2026-03-12T07:00,0.0,0.0,0.0,0.0,0.0,0.0,3,30.0,2.0,3470.0,16.8,3.95,12.7,257,100,52360.0,1,0.299
2026-03-12T08:00,0.0,0.0,0.0,0.0,0.0,0.0,2,30.0,9.0,2755.0,14.9,3.74,12.3,262,77,52340.0,1,0.298
2026-03-12T09:00,0.0,0.0,0.0,0.0,0.0,0.0,3,210.0,0.0,3305.0,15.8,2.97,11.5,257,84,51740.0,1,0.297
2026-03-12T10:00,0.0,0.0,0.0,0.0,0.0,0.0,2,10.0,19.0,3300.0,15.2,2.93,10.1,262,66,52320.0,1,0.297
2026-03-12T11:00,0.0,0.0,0.0,0.0,0.0,0.0,2,10.0,39.0,840.0,12.5,1.73,9.0,248,50,51720.0,1,0.296
2026-03-12T12:00,0.0,0.0,0.0,0.0,0.0,0.0,3,10.0,118.0,75.0,7.7,1.82,6.7,189,100,49600.0,0,0.296
2026-03-12T13:00,0.0,0.0,0.0,0.0,0.0,0.0,3,0.0,139.0,45.0,5.7,1.21,6.9,187,83,49580.0,0,0.296
2026-03-12T14:00,0.0,0.0,0.0,0.0,0.0,0.0,3,70.0,103.0,15.0,4.2,0.53,5.2,221,100,48600.0,0,0.295
2026-03-12T15:00,0.0,0.0,0.0,0.0,0.0,0.0,1,0.0,148.0,15.0,2.5,1.06,4.1,229,36,48580.0,0,0.295
2026-03-12T16:00,0.0,0.0,0.0,0.0,0.0,0.0,2,0.0,165.0,15.0,1.4,1.1,4.5,240,70,47380.0,0,0.295
2026-03-12T17:00,0.0,0.0,0.0,0.0,0.0,0.0,0,0.0,6.0,20.0,0.9,1.2,5.0,253,0,47360.0,0,0.295
2026-03-12T18:00,0.0,0.0,0.0,0.0,0.0,0.0,0,0.0,249.0,20.0,1.0,1.04,5.0,235,0,47360.0,0,0.295
2026-03-12T19:00,0.0,0.0,0.0,0.0,0.0,0.0,0,0.0,31.0,20.0,0.6,1.07,4.8,233,0,46040.0,0,0.294
2026-03-12T20:00,0.0,0.0,0.0,0.0,0.0,0.0,0,0.0,50.0,20.0,0.3,0.93,4.5,234,6,46020.0,0,0.294
2026-03-12T21:00,0.0,0.0,0.0,0.0,0.0,0.0,3,0.0,72.0,15.0,0.1,0.82,4.2,232,95,46000.0,0,0.294
2026-03-12T22:00,0.0,0.0,0.0,0.0,0.0,0.0,3,0.0,92.0,15.0,0.1,0.74,4.5,228,99,46000.0,0,0.294
2026-03-12T23:00,0.0,0.0,0.0,0.0,0.0,0.0,3,0.0,106.0,15.0,0.2,0.79,4.7,215,97,45980.0,0,0.294
2026-03-13T00:00,0.0,0.0,0.0,0.0,0.0,0.0,2,0.0,111.0,20.0,3.0,0.75,5.0,184,69,48480.0,1,0.294
2026-03-13T01:00,0.0,0.0,0.0,0.0,0.0,0.0,1,0.0,-4.0,160.0,6.9,1.83,7.4,169,40,49440.0,1,0.293
2026-03-13T02:00,0.0,0.0,0.0,0.0,0.0,0.0,3,0.0,2.0,1565.0,10.0,2.26,7.8,115,85,50720.0,1,0.293
2026-03-13T03:00,0.0,0.0,0.0,0.0,0.0,0.0,2,0.0,134.0,2180.0,12.9,2.18,8.1,196,76,50720.0,1,0.293
2026-03-13T04:00,0.1,0.0,0.1,0.07,0.1,0.0,85,10.0,27.0,2355.0,15.0,2.65,9.6,202,100,51500.0,1,0.293
2026-03-13T05:00,0.0,0.0,0.0,0.0,0.0,0.0,3,40.0,28.0,2435.0,15.0,3.47,10.7,216,99,51480.0,1,0.293
2026-03-13T06:00,0.0,0.0,0.0,0.0,0.0,0.0,3,150.0,0.0,2785.0,15.4,3.13,12.2,205,100,51460.0,1,0.292
2026-03-13T07:00,0.0,0.0,0.0,0.0,0.0,0.0,3,230.0,0.0,3150.0,17.2,4.08,12.9,220,100,51460.0,1,0.291
2026-03-13T08:00,0.0,0.0,0.0,0.0,0.0,0.0,3,60.0,9.0,2625.0,15.8,3.5,13.8,227,99,51440.0,1,0.291
2026-03-13T09:00,0.0,0.0,0.0,0.0,0.0,0.0,3,80.0,13.0,2610.0,15.5,3.81,13.2,218,100,51420.0,1,0.29
2026-03-13T10:00,0.0,0.0,0.0,0.0,0.0,0.0,3,20.0,63.0,2310.0,14.3,3.26,12.6,230,100,51420.0,1,0.29
2026-03-13T11:00,0.0,0.0,0.0,0.0,0.0,0.0,3,10.0,59.0,2010.0,11.5,1.15,9.6,236,100,51400.0,1,0.29
2026-03-13T12:00,0.0,0.0,0.0,0.0,0.0,0.0,3,10.0,85.0,55.0,8.6,0.51,6.2,299,100,48860.0,0,0.29
2026-03-13T13:00,0.0,0.0,0.0,0.0,0.0,0.0,3,0.0,67.0,85.0,7.5,1.51,5.3,264,100,38420.0,0,0.29
2026-03-13T14:00,0.1,0.0,0.1,0.07,0.1,0.0,85,10.0,85.0,220.0,6.1,2.52,8.2,291,100,11300.0,0,0.29
2026-03-13T15:00,1.1,0.0,0.5,0.77,1.1,0.01,85,10.0,96.0,325.0,4.3,2.19,9.7,294,100,1920.0,0,0.29
2026-03-13T16:00,2.4,0.0,0.9,1.68,2.4,0.03,86,0.0,15.0,155.0,3.3,1.1,9.2,294,100,1680.0,0,0.289
2026-03-13T17:00,1.2,0.0,0.0,0.84,1.2,0.04,75,0.0,44.0,35.0,2.4,0.51,7.2,151,100,5980.0,0,0.289
2026-03-13T18:00,0.2,0.0,0.0,0.14,0.2,0.04,71,30.0,77.0,40.0,2.0,0.57,4.0,165,100,10240.0,0,0.289
2026-03-13T19:00,0.1,0.0,0.0,0.07,0.1,0.04,71,120.0,75.0,55.0,1.1,0.97,2.8,159,100,16300.0,0,0.289
2026-03-13T20:00,0.0,0.0,0.0,0.0,0.0,0.04,3,150.0,68.0,25.0,1.2,0.25,3.1,169,100,29040.0,0,0.289
2026-03-13T21:00,0.0,0.0,0.0,0.0,0.0,0.04,3,160.0,74.0,10.0,0.9,0.0,2.4,270,100,30840.0,0,0.289
2026-03-13T22:00,0.0,0.0,0.0,0.0,0.0,0.04,3,190.0,55.0,15.0,0.2,0.22,2.9,243,100,36880.0,0,0.289
2026-03-13T23:00,0.0,0.0,0.0,0.0,0.0,0.04,3,190.0,60.0,10.0,-0.0,0.11,3.1,243,100,37900.0,0,0.288
2026-03-14T00:00,0.0,0.0,0.0,0.0,0.0,0.01,3,300.0,45.0,15.0,1.8,0.25,3.0,270,99,40600.0,1,0.288
2026-03-14T01:00,0.0,0.0,0.0,0.0,0.0,0.01,3,430.0,19.0,170.0,4.4,1.35,4.8,292,100,45660.0,1,0.288
2026-03-14T02:00,0.0,0.0,0.0,0.0,0.0,0.01,1,420.0,15.0,565.0,7.0,0.89,4.9,322,20,46960.0,1,0.288
2026-03-14T03:00,0.0,0.0,0.0,0.0,0.0,0.01,1,440.0,17.0,1120.0,9.7,0.55,5.9,355,45,49100.0,1,0.287
2026-03-14T04:00,0.0,0.0,0.0,0.0,0.0,0.01,3,470.0,0.0,3095.0,12.0,0.85,6.0,3,86,50380.0,1,0.289
2026-03-14T05:00,0.0,0.0,0.0,0.0,0.0,0.01,3,90.0,0.0,3595.0,13.8,1.88,7.4,312,100,51740.0,1,0.291
2026-03-14T06:00,0.1,0.0,0.1,0.07,0.1,0.01,85,0.0,2.0,3365.0,13.1,2.59,9.2,295,98,51720.0,1,0.292
2026-03-14T07:00,0.0,0.0,0.0,0.0,0.0,0.01,3,0.0,0.0,3795.0,14.6,3.05,9.7,280,100,51720.0,1,0.293
2026-03-14T08:00,0.0,0.0,0.0,0.0,0.0,0.0,3,0.0,0.0,3370.0,13.8,3.86,11.7,280,100,51700.0,1,0.294
2026-03-14T09:00,0.0,0.0,0.0,0.0,0.0,0.0,3,0.0,19.0,2910.0,12.8,4.0,12.6,290,100,51680.0,1,0.294
2026-03-14T10:00,0.0,0.0,0.0,0.0,0.0,0.0,3,0.0,23.0,2470.0,11.9,3.07,12.2,294,100,51680.0,1,0.295
2026-03-14T11:00,0.0,0.0,0.0,0.0,0.0,0.0,3,0.0,27.0,635.0,9.8,1.1,8.9,267,100,51660.0,1,0.295
2026-03-14T12:00,0.0,0.0,0.0,0.0,0.0,0.0,3,40.0,34.0,65.0,7.0,0.85,4.0,183,100,50280.0,0,0.291
2026-03-14T13:00,0.0,0.0,0.0,0.0,0.0,0.0,3,20.0,26.0,35.0,5.4,1.17,4.4,227,100,50260.0,0,0.291
2026-03-14T14:00,0.1,0.0,0.1,0.07,0.1,0.0,85,20.0,18.0,25.0,4.6,1.03,3.9,231,100,48920.0,0,0.291
2026-03-14T15:00,0.0,0.0,0.0,0.0,0.0,0.0,3,50.0,22.0,25.0,3.6,1.17,4.1,223,100,48940.0,0,0.29
2026-03-14T16:00,0.0,0.0,0.0,0.0,0.0,0.0,3,80.0,23.0,20.0,2.9,0.89,4.1,232,100,47920.0,0,0.29
2026-03-14T17:00,0.0,0.0,0.0,0.0,0.0,0.0,3,120.0,16.0,20.0,2.7,0.88,3.0,227,100,47940.0,0,0.29
2026-03-14T18:00,0.0,0.0,0.0,0.0,0.0,0.0,3,140.0,18.0,25.0,2.6,1.06,3.9,225,100,46760.0,0,0.29
2026-03-14T19:00,0.0,0.0,0.0,0.0,0.0,0.0,3,90.0,48.0,15.0,1.5,0.88,3.9,227,100,46740.0,0,0.29
2026-03-14T20:00,0.0,0.0,0.0,0.0,0.0,0.0,3,60.0,55.0,15.0,1.0,0.78,3.5,220,100,46720.0,0,0.29
2026-03-14T21:00,0.0,0.0,0.0,0.0,0.0,0.0,3,50.0,65.0,20.0,0.6,0.93,3.5,216,100,45420.0,0,0.29
2026-03-14T22:00,0.0,0.0,0.0,0.0,0.0,0.0,2,30.0,81.0,15.0,0.6,0.64,3.5,225,73,46700.0,0,0.289
2026-03-14T23:00,0.0,0.0,0.0,0.0,0.0,0.0,3,20.0,73.0,20.0,-0.0,0.57,2.5,255,95,45400.0,0,0.289
2026-03-15T00:00,0.0,0.0,0.0,0.0,0.0,0.0,3,130.0,79.0,15.0,2.2,0.25,2.8,233,100,46680.0,1,0.289
2026-03-15T01:00,0.0,0.0,0.0,0.0,0.0,0.0,3,120.0,69.0,85.0,5.5,0.56,2.3,260,100,47860.0,1,0.289
2026-03-15T02:00,0.0,0.0,0.0,0.0,0.0,0.0,3,90.0,58.0,850.0,7.8,0.11,3.2,63,100,48800.0,1,0.289
2026-03-15T03:00,0.0,0.0,0.0,0.0,0.0,0.0,3,160.0,10.0,1595.0,10.0,0.43,4.5,21,100,50080.0,1,0.288
2026-03-15T04:00,0.1,0.0,0.1,0.07,0.1,0.0,85,360.0,0.0,2650.0,11.5,0.73,5.3,344,100,50080.0,1,0.288
2026-03-15T05:00,0.1,0.0,0.1,0.07,0.1,0.0,85,180.0,0.0,2980.0,12.9,1.66,7.0,339,100,43240.0,1,0.289
2026-03-15T06:00,0.0,0.0,0.0,0.0,0.0,0.0,3,0.0,0.0,1190.0,8.7,1.03,7.3,43,100,11920.0,1,0.288
2026-03-15T07:00,0.4,0.0,0.2,0.28,0.4,0.01,85,0.0,6.0,525.0,8.0,2.58,9.0,158,100,11680.0,1,0.288
2026-03-15T08:00,0.1,0.0,0.0,0.07,0.1,0.01,71,20.0,10.0,560.0,7.5,2.72,10.0,160,100,17640.0,1,0.288
2026-03-15T09:00,0.1,0.0,0.0,0.07,0.1,0.01,71,10.0,40.0,500.0,6.7,1.32,8.7,189,100,11280.0,1,0.287
2026-03-15T10:00,0.2,0.0,0.0,0.14,0.2,0.01,71,10.0,22.0,405.0,6.9,0.22,4.5,243,100,8240.0,1,0.287
2026-03-15T11:00,0.1,0.0,0.0,0.07,0.1,0.01,71,20.0,39.0,385.0,5.9,1.36,4.5,174,100,12680.0,1,0.287
2026-03-15T12:00,0.1,0.0,0.0,0.07,0.1,0.01,71,10.0,30.0,50.0,2.7,0.63,4.3,72,100,10740.0,0,0.288
2026-03-15T13:00,1.0,0.0,0.8,0.7,1.0,0.02,85,40.0,12.0,65.0,2.7,0.7,3.0,176,100,9220.0,0,0.288
2026-03-15T14:00,0.4,0.0,0.3,0.28,0.4,0.02,85,0.0,36.0,30.0,1.9,0.2,2.8,180,100,16300.0,0,0.288
2026-03-15T15:00,0.1,0.0,0.0,0.07,0.1,0.02,71,0.0,30.0,30.0,1.3,0.42,2.7,225,99,27580.0,0,0.288
2026-03-15T16:00,0.0,0.0,0.0,0.0,0.0,0.02,3,0.0,34.0,20.0,1.0,0.36,2.8,236,100,30120.0,0,0.288
2026-03-15T17:00,0.0,0.0,0.0,0.0,0.0,0.02,3,10.0,69.0,15.0,0.2,0.22,2.7,243,98,32180.0,0,0.288
2026-03-15T18:00,0.0,0.0,0.0,0.0,0.0,0.02,3,30.0,5.0,20.0,1.4,0.54,2.6,236,100,28900.0,0,0.287
2026-03-15T19:00,0.0,0.0,0.0,0.0,0.0,0.02,3,50.0,0.0,25.0,0.7,0.58,3.4,211,91,28600.0,0,0.287
2026-03-15T20:00,0.0,0.0,0.0,0.0,0.0,0.02,3,20.0,0.0,15.0,-0.5,0.38,3.3,203,91,35340.0,0,0.287
2026-03-15T21:00,0.0,0.0,0.0,0.0,0.0,0.02,3,20.0,58.0,15.0,-1.5,0.36,2.7,214,84,33520.0,0,0.287
2026-03-15T22:00,0.0,0.0,0.0,0.0,0.0,0.02,3,10.0,6.0,20.0,-0.8,0.46,3.1,193,80,27560.0,0,0.287
2026-03-15T23:00,0.0,0.0,0.0,0.0,0.0,0.02,3,20.0,57.0,35.0,-0.2,0.53,3.4,139,99,38640.0,0,0.287
2026-03-16T00:00,0.0,0.0,0.0,0.0,0.0,0.03,3,0.0,3.0,30.0,-2.6,0.71,3.5,231,100,42360.0,1,0.287
2026-03-16T01:00,0.0,0.0,0.0,0.0,0.0,0.03,3,0.0,54.0,65.0,0.3,0.3,3.5,189,100,44240.0,1,0.287
2026-03-16T02:00,0.0,0.0,0.0,0.0,0.0,0.03,3,0.0,53.0,495.0,3.6,1.2,4.5,107,100,47120.0,1,0.287
2026-03-16T03:00,0.0,0.0,0.0,0.0,0.0,0.03,3,0.0,52.0,955.0,5.4,1.24,5.4,104,100,45440.0,1,0.287
2026-03-16T04:00,0.1,0.0,0.1,0.07,0.1,0.03,85,40.0,8.0,1680.0,7.2,1.08,5.2,124,95,39940.0,1,0.286
2026-03-16T05:00,0.1,0.0,0.1,0.07,0.1,0.03,85,110.0,0.0,2440.0,8.5,1.06,5.9,139,91,49760.0,1,0.289
2026-03-16T06:00,0.0,0.0,0.0,0.0,0.0,0.03,2,30.0,10.0,2165.0,9.6,1.6,7.9,180,56,49740.0,1,0.288
2026-03-16T07:00,0.0,0.0,0.0,0.0,0.0,0.03,2,60.0,4.0,2395.0,9.1,1.76,6.0,200,71,50520.0,1,0.291
2026-03-16T08:00,0.5,0.0,0.5,0.35,0.5,0.03,85,30.0,11.0,1995.0,8.0,0.92,8.5,112,94,49720.0,1,0.292
2026-03-16T09:00,0.0,0.0,0.0,0.0,0.0,0.03,3,20.0,14.0,1525.0,7.3,0.84,5.5,197,95,49700.0,1,0.294
2026-03-16T10:00,0.1,0.0,0.1,0.07,0.1,0.03,85,10.0,20.0,1805.0,6.9,0.71,5.8,188,88,44140.0,1,0.296
2026-03-16T11:00,0.0,0.0,0.0,0.0,0.0,0.02,3,40.0,53.0,25.0,5.6,0.22,6.1,117,98,48400.0,1,0.296
2026-03-16T12:00,0.0,0.0,0.0,0.0,0.0,0.03,3,160.0,22.0,40.0,3.0,0.4,5.1,173,97,35480.0,0,0.298
2026-03-16T13:00,0.0,0.0,0.0,0.0,0.0,0.03,3,210.0,20.0,25.0,1.0,0.46,5.5,221,87,40600.0,0,0.298
2026-03-16T14:00,0.0,0.0,0.0,0.0,0.0,0.03,3,160.0,26.0,15.0,-0.4,0.57,5.7,225,98,43460.0,0,0.297
2026-03-16T15:00,0.0,0.0,0.0,0.0,0.0,0.03,3,90.0,52.0,15.0,-0.7,0.5,5.9,233,100,43040.0,0,0.297
2026-03-16T16:00,0.0,0.0,0.0,0.0,0.0,0.03,3,60.0,74.0,15.0,-1.5,0.29,5.8,239,100,41840.0,0,0.297
2026-03-16T17:00,0.0,0.0,0.0,0.0,0.0,0.03,3,60.0,87.0,15.0,-2.1,0.56,5.1,243,83,44900.0,0,0.297
2026-03-16T18:00,0.0,0.0,0.0,0.0,0.0,0.03,1,80.0,21.0,15.0,-1.2,0.41,5.0,256,45,44260.0,0,0.297
2026-03-16T19:00,0.0,0.0,0.0,0.0,0.0,0.03,3,0.0,116.0,15.0,-2.4,0.36,4.6,254,95,40980.0,0,0.297
2026-03-16T20:00,0.0,0.0,0.0,0.0,0.0,0.03,1,0.0,6.0,15.0,-2.0,0.32,4.6,252,48,44020.0,0,0.296
2026-03-16T21:00,0.0,0.0,0.0,0.0,0.0,0.03,3,0.0,68.0,15.0,-3.0,0.69,3.9,240,88,46140.0,0,0.296
2026-03-16T22:00,0.0,0.0,0.0,0.0,0.0,0.03,3,0.0,55.0,10.0,-3.0,0.36,4.3,236,91,46120.0,0,0.296
2026-03-16T23:00,0.0,0.0,0.0,0.0,0.0,0.03,3,0.0,51.0,15.0,-3.4,0.71,4.3,219,100,46120.0,0,0.296
2026-03-17T00:00,0.0,0.0,0.0,0.0,0.0,0.03,3,20.0,31.0,15.0,-0.1,0.14,4.5,225,99,36400.0,1,0.296
2026-03-17T01:00,0.0,0.0,0.0,0.0,0.0,0.03,3,0.0,13.0,270.0,1.6,0.61,3.7,99,100,30360.0,1,0.296
2026-03-17T02:00,0.0,0.0,0.0,0.0,0.0,0.03,3,10.0,2.0,530.0,3.8,1.48,5.0,102,100,39300.0,1,0.296
2026-03-17T03:00,0.0,0.0,0.0,0.0,0.0,0.03,3,80.0,5.0,1315.0,6.0,1.2,6.3,107,99,42280.0,1,0.296
2026-03-17T04:00,0.1,0.0,0.1,0.07,0.1,0.03,85,60.0,3.0,1780.0,7.1,2.12,8.1,133,100,7760.0,1,0.295
2026-03-17T05:00,0.2,0.0,0.0,0.14,0.2,0.03,71,40.0,15.0,1005.0,5.9,1.75,9.6,177,91,33600.0,1,0.295
2026-03-17T06:00,0.0,0.0,0.0,0.0,0.0,0.03,3,200.0,0.0,2965.0,9.3,2.69,11.0,198,100,43520.0,1,0.297
2026-03-17T07:00,0.1,0.0,0.1,0.07,0.1,0.03,85,50.0,1.0,2775.0,8.1,2.85,12.2,218,89,42280.0,1,0.296
2026-03-17T08:00,0.2,0.0,0.2,0.14,0.2,0.03,85,90.0,22.0,2530.0,7.2,3.68,13.3,233,99,34480.0,1,0.296
2026-03-17T09:00,0.0,0.0,0.0,0.0,0.0,0.03,3,50.0,16.0,2480.0,7.1,2.37,13.7,245,97,37280.0,1,0.295
2026-03-17T10:00,0.0,0.0,0.0,0.0,0.0,0.03,3,90.0,24.0,645.0,4.8,1.89,10.1,302,98,28160.0,1,0.295
2026-03-17T11:00,1.2,0.0,1.1,0.84,1.2,0.03,86,80.0,14.0,295.0,1.8,2.01,7.9,341,100,5020.0,1,0.295
2026-03-17T12:00,0.5,0.0,0.0,0.35,0.5,0.04,73,150.0,3.0,70.0,1.6,0.41,6.7,346,100,2640.0,0,0.293
2026-03-17T13:00,3.2,0.0,1.6,2.24,3.2,0.07,86,150.0,9.0,55.0,1.5,0.15,6.1,360,100,1340.0,0,0.293
2026-03-17T14:00,2.0,0.0,0.1,1.4,2.0,0.08,86,120.0,16.0,80.0,0.8,1.3,4.9,196,100,2320.0,0,0.293
2026-03-17T15:00,0.8,0.0,0.0,0.56,0.8,0.09,73,160.0,15.0,100.0,0.5,1.5,6.4,184,100,4780.0,0,0.293
2026-03-17T16:00,0.2,0.0,0.0,0.14,0.2,0.09,71,130.0,38.0,60.0,-0.5,1.17,6.2,170,100,18700.0,0,0.293
2026-03-17T17:00,0.0,0.0,0.0,0.0,0.0,0.09,3,80.0,65.0,60.0,-1.3,1.32,5.7,169,100,35340.0,0,0.293
2026-03-17T18:00,0.0,0.0,0.0,0.0,0.0,0.09,3,80.0,88.0,40.0,-1.4,0.57,5.7,165,98,40260.0,0,0.293
2026-03-17T19:00,0.0,0.0,0.0,0.0,0.0,0.09,3,100.0,64.0,15.0,-2.8,0.25,3.5,217,100,39800.0,0,0.293
2026-03-17T20:00,0.0,0.0,0.0,0.0,0.0,0.09,3,140.0,41.0,20.0,-4.9,0.61,3.7,235,88,40880.0,0,0.293
2026-03-17T21:00,0.0,0.0,0.0,0.0,0.0,0.09,3,130.0,27.0,25.0,-6.7,0.89,4.0,243,80,11340.0,0,0.292
2026-03-17T22:00,0.0,0.0,0.0,0.0,0.0,0.09,2,130.0,31.0,30.0,-7.9,1.03,4.6,241,61,2000.0,0,0.292
2026-03-17T23:00,0.0,0.0,0.0,0.0,0.0,0.09,1,150.0,33.0,30.0,-9.2,0.83,4.6,245,48,30800.0,0,0.292
2026-03-18T00:00,0.0,0.0,0.0,0.0,0.0,0.05,0,230.0,20.0,20.0,-5.2,0.78,4.5,255,17,44240.0,1,0.292
2026-03-18T01:00,0.0,0.0,0.0,0.0,0.0,0.05,0,160.0,26.0,70.0,-2.8,0.93,4.7,254,7,45840.0,1,0.292
2026-03-18T02:00,0.0,0.0,0.0,0.0,0.0,0.04,0,130.0,39.0,395.0,1.5,0.16,4.6,72,2,46960.0,1,0.292
2026-03-18T03:00,0.0,0.0,0.0,0.0,0.0,0.04,0,210.0,32.0,930.0,3.9,0.65,3.8,86,1,47880.0,1,0.292
2026-03-18T04:00,0.0,0.0,0.0,0.0,0.0,0.04,1,150.0,4.0,2535.0,5.8,0.25,3.8,323,28,49880.0,1,0.292
2026-03-18T05:00,0.0,0.0,0.0,0.0,0.0,0.04,1,20.0,0.0,3820.0,7.0,2.35,8.1,274,35,50400.0,1,0.292
2026-03-18T06:00,0.0,0.0,0.0,0.0,0.0,0.04,2,10.0,2.0,3745.0,7.6,3.8,11.4,271,52,50380.0,1,0.292
2026-03-18T07:00,0.4,0.0,0.4,0.28,0.4,0.04,85,0.0,31.0,3010.0,7.0,3.25,12.0,256,49,50380.0,1,0.292
2026-03-18T08:00,0.0,0.0,0.0,0.0,0.0,0.04,0,0.0,62.0,2690.0,6.7,2.89,12.4,240,9,50360.0,1,0.291
2026-03-18T09:00,0.0,0.0,0.0,0.0,0.0,0.04,0,10.0,85.0,2110.0,6.3,2.07,12.4,233,7,49800.0,1,0.291
2026-03-18T10:00,0.0,0.0,0.0,0.0,0.0,0.04,2,10.0,112.0,1670.0,4.8,1.49,8.8,230,62,49780.0,1,0.291
2026-03-18T11:00,0.0,0.0,0.0,0.0,0.0,0.04,0,0.0,160.0,10.0,3.6,0.0,7.4,270,8,49760.0,1,0.291
2026-03-18T12:00,0.0,0.0,0.0,0.0,0.0,0.04,3,0.0,24.0,10.0,3.4,0.11,3.7,333,98,49020.0,0,0.291
2026-03-18T13:00,0.0,0.0,0.0,0.0,0.0,0.04,2,0.0,22.0,15.0,1.1,0.27,4.2,248,50,49000.0,0,0.29
2026-03-18T14:00,0.0,0.0,0.0,0.0,0.0,0.04,3,0.0,21.0,20.0,-1.1,0.6,5.6,222,83,47740.0,0,0.29
2026-03-18T15:00,0.0,0.0,0.0,0.0,0.0,0.04,1,0.0,19.0,20.0,-1.7,0.5,5.8,217,34,46820.0,0,0.29
2026-03-18T16:00,0.0,0.0,0.0,0.0,0.0,0.04,2,0.0,17.0,15.0,-2.6,0.43,5.3,234,55,46800.0,0,0.29
2026-03-18T17:00,0.0,0.0,0.0,0.0,0.0,0.04,1,0.0,16.0,20.0,-3.4,0.65,4.8,247,21,46800.0,0,0.29
2026-03-18T18:00,0.0,0.0,0.0,0.0,0.0,0.04,1,0.0,14.0,20.0,-3.1,0.76,5.5,247,38,45660.0,0,0.29
2026-03-18T19:00,0.0,0.0,0.0,0.0,0.0,0.04,0,0.0,12.0,20.0,-4.8,0.81,5.2,240,13,45640.0,0,0.29
2026-03-18T20:00,0.0,0.0,0.0,0.0,0.0,0.04,0,0.0,4.0,20.0,-5.4,0.78,5.2,243,15,45640.0,0,0.29
2026-03-18T21:00,0.0,0.0,0.0,0.0,0.0,0.04,3,0.0,10.0,20.0,-5.9,0.78,4.8,243,100,44380.0,0,0.29
2026-03-18T22:00,0.0,0.0,0.0,0.0,0.0,0.04,2,10.0,8.0,25.0,-4.7,0.78,4.7,230,71,44380.0,0,0.29
2026-03-18T23:00,0.0,0.0,0.0,0.0,0.0,0.04,1,0.0,7.0,20.0,-5.3,0.6,4.3,228,20,44360.0,0,0.29
2026-03-19T00:00,0.0,0.0,0.0,0.0,0.0,0.04,2,0.0,6.0,25.0,-1.1,0.96,4.3,227,68,31780.0,1,0.29
2026-03-19T01:00,0.0,0.0,0.0,0.0,0.0,0.04,3,0.0,5.0,55.0,0.5,0.67,4.4,228,82,46700.0,1,0.29
2026-03-19T02:00,0.0,0.0,0.0,0.0,0.0,0.04,0,0.0,4.0,905.0,4.4,0.11,3.7,117,10,48820.0,1,0.289
2026-03-19T03:00,0.0,0.0,0.0,0.0,0.0,0.04,0,0.0,3.0,1520.0,5.9,0.43,2.1,144,8,48820.0,1,0.289
2026-03-19T04:00,0.0,0.0,0.0,0.0,0.0,0.04,0,0.0,2.0,1900.0,7.7,1.77,5.9,227,10,49520.0,1,0.289
2026-03-19T05:00,0.0,0.0,0.0,0.0,0.0,0.04,0,40.0,27.0,1920.0,8.4,1.77,7.3,225,8,49520.0,1,0.289
2026-03-19T06:00,0.0,0.0,0.0,0.0,0.0,0.04,0,90.0,9.0,2405.0,9.9,3.2,9.8,236,15,49500.0,1,0.291
2026-03-19T07:00,0.0,0.0,0.0,0.0,0.0,0.03,1,140.0,10.0,2360.0,9.0,2.48,10.3,227,48,49480.0,1,0.293
2026-03-19T08:00,0.0,0.0,0.0,0.0,0.0,0.03,1,40.0,75.0,2230.0,9.2,2.48,11.0,228,30,49480.0,1,0.293
2026-03-19T09:00,0.0,0.0,0.0,0.0,0.0,0.03,1,30.0,73.0,1675.0,8.9,2.1,11.0,232,41,49460.0,1,0.293
2026-03-19T10:00,0.0,0.0,0.0,0.0,0.0,0.03,2,60.0,65.0,1580.0,7.6,1.47,8.8,235,55,49440.0,1,0.292
2026-03-19T11:00,0.0,0.0,0.0,0.0,0.0,0.03,1,30.0,95.0,30.0,5.8,0.29,6.7,301,40,48700.0,1,0.292
2026-03-19T12:00,0.0,0.0,0.0,0.0,0.0,0.03,3,30.0,83.0,10.0,5.6,0.07,3.9,135,91,47480.0,0,0.296
2026-03-19T13:00,0.0,0.0,0.0,0.0,0.0,0.03,3,0.0,75.0,20.0,2.2,0.69,3.9,240,100,47460.0,0,0.296
2026-03-19T14:00,0.0,0.0,0.0,0.0,0.0,0.03,3,0.0,63.0,25.0,1.3,1.1,4.4,240,100,46540.0,0,0.296
2026-03-19T15:00,0.0,0.0,0.0,0.0,0.0,0.03,3,0.0,49.0,20.0,-0.4,0.95,4.5,267,100,45420.0,0,0.296
2026-03-19T16:00,0.2,0.0,0.2,0.14,0.2,0.03,85,0.0,34.0,15.0,-0.3,0.74,4.3,250,99,44200.0,0,0.296
2026-03-19T17:00,0.0,0.0,0.0,0.0,0.0,0.03,3,10.0,21.0,15.0,-1.0,0.67,3.6,257,99,44200.0,0,0.296
2026-03-19T18:00,0.0,0.0,0.0,0.0,0.0,0.03,3,0.0,10.0,15.0,-0.2,0.63,3.9,252,100,44180.0,0,0.295
2026-03-19T19:00,0.0,0.0,0.0,0.0,0.0,0.03,3,10.0,3.0,15.0,-1.2,0.67,3.7,243,80,44180.0,0,0.295
2026-03-19T20:00,0.0,0.0,0.0,0.0,0.0,0.03,1,0.0,16.0,15.0,-2.2,0.78,3.9,230,46,44160.0,0,0.295
2026-03-19T21:00,0.0,0.0,0.0,0.0,0.0,0.03,0,0.0,16.0,10.0,-3.3,0.65,3.9,238,5,44160.0,0,0.295
2026-03-19T22:00,0.0,0.0,0.0,0.0,0.0,0.03,0,0.0,16.0,15.0,-4.2,0.78,3.7,230,14,44140.0,0,0.295
2026-03-19T23:00,0.0,0.0,0.0,0.0,0.0,0.03,1,0.0,16.0,15.0,-4.8,0.75,3.9,233,39,44140.0,0,0.295
2026-03-20T00:00,0.0,0.0,0.0,0.0,0.0,0.03,1,0.0,16.0,15.0,-3.1,0.63,3.8,252,36,44120.0,1,0.295
2026-03-20T01:00,0.0,0.0,0.0,0.0,0.0,0.03,0,0.0,16.0,125.0,1.0,0.1,3.5,180,5,46420.0,1,0.295
2026-03-20T02:00,0.0,0.0,0.0,0.0,0.0,0.03,1,0.0,16.0,695.0,4.2,0.51,2.4,101,44,47300.0,1,0.295
2026-03-20T03:00,0.0,0.0,0.0,0.0,0.0,0.03,0,0.0,16.0,1050.0,5.9,0.73,2.8,106,0,47280.0,1,0.294
2026-03-20T04:00,0.0,0.0,0.0,0.0,0.0,0.03,1,0.0,16.0,1345.0,7.3,0.7,3.6,90,45,48480.0,1,0.294
2026-03-20T05:00,0.0,0.0,0.0,0.0,0.0,0.03,0,30.0,76.0,1720.0,8.7,0.49,3.7,66,3,48460.0,1,0.298
2026-03-20T06:00,0.0,0.0,0.0,0.0,0.0,0.03,0,120.0,2.0,2185.0,11.5,0.83,3.6,123,2,49160.0,1,0.304
2026-03-20T07:00,0.0,0.0,0.0,0.0,0.0,0.02,0,120.0,0.0,2655.0,10.1,1.21,5.0,240,13,49140.0,1,0.309
2026-03-20T08:00,0.0,0.0,0.0,0.0,0.0,0.02,2,60.0,8.0,2425.0,13.6,3.34,9.9,246,55,49140.0,1,0.311
2026-03-20T09:00,0.0,0.0,0.0,0.0,0.0,0.02,3,90.0,24.0,2060.0,13.0,3.14,10.2,239,89,49120.0,1,0.311
2026-03-20T10:00,0.0,0.0,0.0,0.0,0.0,0.02,1,40.0,66.0,1350.0,11.8,2.73,9.4,235,36,49100.0,1,0.31
2026-03-20T11:00,0.0,0.0,0.0,0.0,0.0,0.02,2,10.0,105.0,510.0,8.9,1.03,7.8,241,72,48380.0,1,0.309
2026-03-20T12:00,0.0,0.0,0.0,0.0,0.0,0.02,0,40.0,81.0,30.0,6.7,0.69,4.7,240,19,48380.0,0,0.309
2026-03-20T13:00,0.0,0.0,0.0,0.0,0.0,0.02,3,60.0,95.0,20.0,3.6,1.25,5.3,241,91,47160.0,0,0.309
2026-03-20T14:00,0.0,0.0,0.0,0.0,0.0,0.02,3,40.0,97.0,15.0,1.4,1.23,5.3,249,100,46280.0,0,0.308
2026-03-20T15:00,0.0,0.0,0.0,0.0,0.0,0.02,3,0.0,75.0,15.0,0.5,1.15,5.3,252,99,45180.0,0,0.308
2026-03-20T16:00,0.0,0.0,0.0,0.0,0.0,0.02,3,0.0,73.0,15.0,0.4,1.25,4.9,247,98,43980.0,0,0.308
2026-03-20T17:00,0.0,0.0,0.0,0.0,0.0,0.02,0,0.0,70.0,15.0,-0.0,1.14,4.9,247,9,43960.0,0,0.307
2026-03-20T18:00,0.0,0.0,0.0,0.0,0.0,0.02,0,0.0,67.0,20.0,-1.2,1.12,4.7,249,9,43960.0,0,0.307
2026-03-20T19:00,0.0,0.0,0.0,0.0,0.0,0.02,1,0.0,64.0,15.0,-0.8,1.01,4.6,243,33,43940.0,0,0.307
2026-03-20T20:00,0.0,0.0,0.0,0.0,0.0,0.02,0,0.0,61.0,15.0,-0.9,0.92,4.6,248,8,43940.0,0,0.307
2026-03-20T21:00,0.0,0.0,0.0,0.0,0.0,0.02,1,0.0,58.0,15.0,-1.2,0.87,3.9,239,34,43920.0,0,0.306
2026-03-20T22:00,0.0,0.0,0.0,0.0,0.0,0.02,0,0.0,54.0,15.0,-1.4,0.78,3.5,225,7,43920.0,0,0.306
2026-03-20T23:00,0.0,0.0,0.0,0.0,0.0,0.02,0,0.0,51.0,10.0,-1.8,0.43,3.5,234,0,43900.0,0,0.306
2026-03-21T00:00,0.0,0.0,0.0,0.0,0.0,0.02,2,0.0,48.0,15.0,-0.7,0.64,3.1,231,50,45080.0,1,0.306
2026-03-21T01:00,0.0,0.0,0.0,0.0,0.0,0.02,0,0.0,44.0,170.0,5.2,0.65,3.6,212,12,47020.0,1,0.305
2026-03-21T02:00,0.0,0.0,0.0,0.0,0.0,0.02,0,0.0,41.0,1060.0,8.0,0.99,4.7,139,16,48200.0,1,0.305
2026-03-21T03:00,0.0,0.0,0.0,0.0,0.0,0.02,0,0.0,38.0,1460.0,10.0,1.14,5.6,157,19,48180.0,1,0.305
2026-03-21T04:00,0.0,0.0,0.0,0.0,0.0,0.02,2,0.0,35.0,2030.0,13.2,1.79,6.7,207,67,48500.0,1,0.306
2026-03-21T05:00,0.3,0.0,0.3,0.21,0.3,0.02,85,0.0,32.0,2280.0,14.3,2.33,7.9,225,41,48840.0,1,0.31
2026-03-21T06:00,0.9,0.0,0.9,0.63,0.9,0.02,85,0.0,29.0,2315.0,13.2,2.08,8.8,235,48,48820.0,1,0.314
2026-03-21T07:00,0.6,0.0,0.6,0.42,0.6,0.02,85,0.0,26.0,2370.0,14.4,2.52,8.1,221,66,48820.0,1,0.318
2026-03-21T08:00,0.7,0.0,0.7,0.49,0.7,0.03,85,0.0,24.0,2410.0,10.9,1.91,8.2,225,66,48800.0,1,0.32
2026-03-21T09:00,0.3,0.0,0.3,0.21,0.3,0.02,85,0.0,55.0,2060.0,10.8,2.28,8.8,232,38,48780.0,1,0.322
2026-03-21T10:00,0.0,0.0,0.0,0.0,0.0,0.02,1,10.0,30.0,1700.0,12.7,3.73,11.0,230,30,48780.0,1,0.324
2026-03-21T11:00,0.0,0.0,0.0,0.0,0.0,0.02,0,0.0,1.0,1395.0,10.6,1.56,10.7,230,5,48760.0,1,0.325
2026-03-21T12:00,0.0,0.0,0.0,0.0,0.0,0.03,0,0.0,1.0,165.0,7.3,0.75,6.3,217,0,48740.0,0,0.324
2026-03-21T13:00,0.0,0.0,0.0,0.0,0.0,0.03,0,0.0,0.0,15.0,5.1,0.36,5.4,214,8,48040.0,0,0.323
2026-03-21T14:00,0.0,0.0,0.0,0.0,0.0,0.03,0,0.0,0.0,15.0,2.5,0.58,4.1,239,5,46860.0,0,0.323
2026-03-21T15:00,0.0,0.0,0.0,0.0,0.0,0.03,0,0.0,0.0,20.0,-0.1,1.31,5.0,252,9,45980.0,0,0.322
2026-03-21T16:00,0.0,0.0,0.0,0.0,0.0,0.03,1,0.0,0.0,20.0,-1.6,1.5,5.8,255,20,44920.0,0,0.321
2026-03-21T17:00,0.0,0.0,0.0,0.0,0.0,0.03,1,0.0,0.0,20.0,-2.4,1.36,6.2,253,43,44900.0,0,0.321
2026-03-21T18:00,0.0,0.0,0.0,0.0,0.0,0.03,2,0.0,0.0,15.0,-1.2,0.87,6.1,246,51,43720.0,0,0.32
2026-03-21T19:00,0.0,0.0,0.0,0.0,0.0,0.03,1,0.0,0.0,15.0,-2.4,0.85,5.4,242,34,44880.0,0,0.32
2026-03-21T20:00,0.0,0.0,0.0,0.0,0.0,0.03,3,0.0,0.0,15.0,-2.6,0.83,5.4,237,93,44880.0,0,0.32
2026-03-21T21:00,0.0,0.0,0.0,0.0,0.0,0.03,3,0.0,0.0,15.0,-2.6,0.68,5.3,234,100,44860.0,0,0.319
2026-03-21T22:00,0.0,0.0,0.0,0.0,0.0,0.03,3,0.0,0.0,10.0,-2.5,0.43,4.9,234,100,44860.0,0,0.319
2026-03-21T23:00,0.0,0.0,0.0,0.0,0.0,0.03,3,0.0,0.0,15.0,-1.3,0.6,4.0,222,100,44840.0,0,0.318
2026-03-22T00:00,0.0,0.0,0.0,0.0,0.0,0.03,3,0.0,0.0,15.0,1.8,0.53,4.0,229,99,45880.0,1,0.318
2026-03-22T01:00,0.0,0.0,0.0,0.0,0.0,0.03,3,10.0,0.0,115.0,4.4,0.4,4.2,187,100,46740.0,1,0.318
2026-03-22T02:00,0.0,0.0,0.0,0.0,0.0,0.03,3,0.0,0.0,1035.0,6.4,0.79,4.1,145,99,47880.0,1,0.317
2026-03-22T03:00,0.0,0.0,0.0,0.0,0.0,0.03,3,0.0,0.0,1725.0,8.0,0.92,4.0,193,100,47860.0,1,0.317
2026-03-22T04:00,0.0,0.0,0.0,0.0,0.0,0.03,3,10.0,0.0,2140.0,9.1,0.81,3.8,240,99,48520.0,1,0.318
2026-03-22T05:00,0.0,0.0,0.0,0.0,0.0,0.03,3,190.0,0.0,2600.0,10.5,0.54,2.8,248,98,48520.0,1,0.322
2026-03-22T06:00,0.0,0.0,0.0,0.0,0.0,0.02,3,170.0,0.0,2605.0,13.1,2.42,8.8,240,96,48500.0,1,0.331
2026-03-22T07:00,0.0,0.0,0.0,0.0,0.0,0.02,2,160.0,0.0,2455.0,14.3,2.91,9.2,241,66,48480.0,1,0.334
2026-03-22T08:00,0.0,0.0,0.0,0.0,0.0,0.02,3,190.0,0.0,2820.0,15.2,2.72,9.2,250,83,48480.0,1,0.336
2026-03-22T09:00,0.0,0.0,0.0,0.0,0.0,0.02,3,100.0,1.0,2690.0,14.6,2.89,9.1,242,82,48460.0,1,0.337
2026-03-22T10:00,0.0,0.0,0.0,0.0,0.0,0.02,3,20.0,20.0,2090.0,13.1,3.29,9.7,234,98,48440.0,1,0.338
2026-03-22T11:00,0.0,0.0,0.0,0.0,0.0,0.02,3,20.0,55.0,755.0,10.5,1.43,9.6,241,100,48440.0,1,0.338
2026-03-22T12:00,0.0,0.0,0.0,0.0,0.0,0.02,3,40.0,51.0,85.0,7.2,1.02,6.0,259,95,47760.0,0,0.333
2026-03-22T13:00,0.0,0.0,0.0,0.0,0.0,0.02,3,0.0,59.0,35.0,4.7,1.4,5.6,268,100,46580.0,0,0.333
2026-03-22T14:00,0.0,0.0,0.0,0.0,0.0,0.02,3,0.0,46.0,25.0,3.4,1.43,5.9,258,99,45740.0,0,0.332
2026-03-22T15:00,0.0,0.0,0.0,0.0,0.0,0.02,0,0.0,37.0,15.0,1.8,0.96,6.0,242,5,44680.0,0,0.331
2026-03-22T16:00,0.0,0.0,0.0,0.0,0.0,0.02,0,0.0,2.0,15.0,0.7,0.83,5.3,245,2,30020.0,0,0.33
2026-03-22T17:00,0.0,0.0,0.0,0.0,0.0,0.02,0,0.0,3.0,15.0,-0.0,0.94,4.4,245,4,16360.0,0,0.329
2026-03-22T18:00,0.0,0.0,0.0,0.0,0.0,0.02,1,0.0,3.0,15.0,-0.3,0.72,4.3,245,43,13360.0,0,0.329
2026-03-22T19:00,0.0,0.0,0.0,0.0,0.0,0.02,0,0.0,4.0,15.0,-0.5,0.81,4.4,240,16,14340.0,0,0.328
2026-03-22T20:00,0.0,0.0,0.0,0.0,0.0,0.02,0,0.0,4.0,15.0,-1.1,0.72,4.4,236,6,22200.0,0,0.327
2026-03-22T21:00,0.0,0.0,0.0,0.0,0.0,0.02,1,0.0,5.0,10.0,-1.2,0.64,4.0,231,20,43480.0,0,0.327
2026-03-22T22:00,0.0,0.0,0.0,0.0,0.0,0.02,3,0.0,5.0,10.0,-1.2,0.53,3.8,229,88,44600.0,0,0.326
2026-03-22T23:00,0.0,0.0,0.0,0.0,0.0,0.02,2,0.0,6.0,10.0,-1.0,0.53,3.6,221,56,44600.0,0,0.326
2026-03-23T00:00,0.0,0.0,0.0,0.0,0.0,0.02,0,0.0,6.0,15.0,2.1,0.65,3.8,212,11,45620.0,1,0.326
2026-03-23T01:00,0.0,0.0,0.0,0.0,0.0,0.02,2,0.0,7.0,250.0,6.5,1.02,4.9,169,60,46440.0,1,0.325
2026-03-23T02:00,0.0,0.0,0.0,0.0,0.0,0.02,3,0.0,7.0,1795.0,9.2,1.76,5.7,215,92,47580.0,1,0.324
2026-03-23T03:00,0.0,0.0,0.0,0.0,0.0,0.02,3,0.0,1.0,1945.0,11.1,2.26,8.3,235,85,47560.0,1,0.324
2026-03-23T04:00,0.0,0.0,0.0,0.0,0.0,0.02,3,80.0,0.0,2680.0,13.0,2.42,8.4,243,80,48200.0,1,0.325
2026-03-23T05:00,0.0,0.0,0.0,0.0,0.0,0.02,3,120.0,0.0,2860.0,13.9,3.46,11.1,259,87,48200.0,1,0.327
2026-03-23T06:00,0.0,0.0,0.0,0.0,0.0,0.01,3,70.0,1.0,2395.0,11.9,3.81,11.7,275,80,47520.0,1,0.347
2026-03-23T07:00,0.7,0.0,0.7,0.49,0.7,0.02,85,160.0,0.0,2505.0,12.8,3.02,12.7,277,53,48160.0,1,0.348
2026-03-23T08:00,0.0,0.0,0.0,0.0,0.0,0.02,2,100.0,0.0,2345.0,12.7,4.05,14.4,297,61,48140.0,1,0.347
2026-03-23T09:00,1.7,0.0,1.7,1.19,1.7,0.02,86,0.0,41.0,905.0,7.5,4.68,17.3,311,95,6660.0,1,0.347
2026-03-23T10:00,0.2,0.0,0.0,0.14,0.2,0.02,71,0.0,7.0,590.0,5.5,0.56,15.5,280,96,16920.0,1,0.346
2026-03-23T11:00,0.0,0.0,0.0,0.0,0.0,0.03,2,30.0,50.0,300.0,5.4,0.25,5.0,101,70,45020.0,1,0.345
2026-03-23T12:00,0.0,0.0,0.0,0.0,0.0,0.03,3,160.0,34.0,25.0,4.0,0.27,2.3,158,100,34300.0,0,0.328
2026-03-23T13:00,0.0,0.0,0.0,0.0,0.0,0.03,3,270.0,20.0,50.0,2.5,0.7,2.7,159,97,35260.0,0,0.327
2026-03-23T14:00,0.0,0.0,0.0,0.0,0.0,0.03,3,210.0,10.0,25.0,1.8,0.4,2.7,187,91,43320.0,0,0.326
2026-03-23T15:00,0.0,0.0,0.0,0.0,0.0,0.03,3,150.0,71.0,15.0,0.9,0.32,2.3,219,98,43300.0,0,0.326
2026-03-23T16:00,0.0,0.0,0.0,0.0,0.0,0.03,3,140.0,63.0,15.0,1.5,0.34,2.4,207,87,44420.0,0,0.325
2026-03-23T17:00,0.0,0.0,0.0,0.0,0.0,0.03,0,110.0,77.0,15.0,-0.4,0.36,2.0,214,2,44420.0,0,0.325
2026-03-23T18:00,0.0,0.0,0.0,0.0,0.0,0.03,0,130.0,50.0,15.0,-1.2,0.39,2.2,230,2,44400.0,0,0.324
2026-03-23T19:00,0.0,0.0,0.0,0.0,0.0,0.03,0,100.0,61.0,10.0,-3.0,0.36,2.2,236,0,43260.0,0,0.324
2026-03-23T20:00,0.0,0.0,0.0,0.0,0.0,0.03,0,40.0,58.0,15.0,-3.6,0.45,2.3,243,0,43260.0,0,0.323
2026-03-23T21:00,0.0,0.0,0.0,0.0,0.0,0.03,0,0.0,67.0,20.0,-3.7,0.49,2.3,246,10,10700.0,0,0.323
2026-03-23T22:00,0.0,0.0,0.0,0.0,0.0,0.03,1,0.0,39.0,35.0,-4.5,1.01,3.3,243,34,1560.0,0,0.323
2026-03-23T23:00,0.0,0.0,0.0,0.0,0.0,0.03,1,0.0,22.0,30.0,-5.1,0.74,3.2,242,45,900.0,0,0.322
2026-03-24T00:00,0.0,0.0,0.0,0.0,0.0,0.03,3,0.0,30.0,30.0,-3.1,0.86,2.8,260,88,680.0,1,0.322
2026-03-24T01:00,0.0,0.0,0.0,0.0,0.0,0.03,3,0.0,48.0,100.0,0.7,0.29,2.8,239,93,44340.0,1,0.322
2026-03-24T02:00,0.0,0.0,0.0,0.0,0.0,0.03,2,0.0,35.0,605.0,4.4,0.9,3.9,87,70,45340.0,1,0.321
2026-03-24T03:00,0.0,0.0,0.0,0.0,0.0,0.03,3,0.0,37.0,1205.0,6.4,1.33,5.6,103,82,46140.0,1,0.321
2026-03-24T04:00,0.0,0.0,0.0,0.0,0.0,0.03,1,0.0,39.0,1780.0,8.3,1.48,7.1,152,35,47240.0,1,0.321
2026-03-24T05:00,0.0,0.0,0.0,0.0,0.0,0.03,2,60.0,0.0,2600.0,9.8,1.5,7.3,159,59,42000.0,1,0.325
2026-03-24T06:00,0.0,0.0,0.0,0.0,0.0,0.03,1,10.0,0.0,2810.0,12.2,2.47,7.9,194,26,47860.0,1,0.332
2026-03-24T07:00,0.5,0.0,0.5,0.35,0.5,0.03,85,0.0,1.0,2710.0,10.5,2.09,7.9,222,59,48300.0,1,0.335
2026-03-24T08:00,0.0,0.0,0.0,0.0,0.0,0.03,3,80.0,1.0,2630.0,10.5,1.95,8.3,206,91,47840.0,1,0.337
2026-03-24T09:00,0.0,0.0,0.0,0.0,0.0,0.02,1,70.0,3.0,2580.0,13.2,3.15,9.6,216,48,47820.0,1,0.337
2026-03-24T10:00,0.0,0.0,0.0,0.0,0.0,0.02,1,30.0,45.0,2475.0,12.5,2.71,10.1,196,20,47800.0,1,0.337
2026-03-24T11:00,0.0,0.0,0.0,0.0,0.0,0.02,1,0.0,31.0,1855.0,10.2,1.86,10.3,207,38,47800.0,1,0.336
2026-03-24T12:00,0.0,0.0,0.0,0.0,0.0,0.02,1,0.0,10.0,40.0,6.1,0.35,7.5,172,22,47160.0,0,0.348
2026-03-24T13:00,0.0,0.0,0.0,0.0,0.0,0.02,1,0.0,9.0,10.0,4.9,0.14,5.5,315,40,47140.0,0,0.346
2026-03-24T14:00,0.0,0.0,0.0,0.0,0.0,0.02,1,0.0,5.0,10.0,4.2,0.15,5.0,270,36,47120.0,0,0.345
2026-03-24T15:00,0.0,0.0,0.0,0.0,0.0,0.02,1,0.0,3.0,15.0,3.9,0.3,4.6,81,38,46000.0,0,0.344
2026-03-24T16:00,0.0,0.0,0.0,0.0,0.0,0.02,3,0.0,,15.0,3.2,0.29,4.3,211,89,45980.0,0,0.344
2026-03-24T17:00,0.0,0.0,0.0,0.0,0.0,0.02,3,0.0,,20.0,2.0,0.69,5.2,210,91,45980.0,0,0.343
2026-03-24T18:00,0.0,0.0,0.0,0.0,0.0,0.02,3,0.0,1.0,30.0,2.8,0.72,5.8,205,88,45960.0,0,0.342
2026-03-24T19:00,0.0,0.0,0.0,0.0,0.0,0.02,3,0.0,23.0,20.0,2.0,0.72,5.8,214,98,45960.0,0,0.341
2026-03-24T20:00,0.0,0.0,0.0,0.0,0.0,0.02,3,0.0,23.0,20.0,1.7,0.6,5.6,228,93,45940.0,0,0.341
2026-03-24T21:00,0.0,0.0,0.0,0.0,0.0,0.02,3,0.0,22.0,20.0,1.1,0.79,5.0,235,86,45120.0,0,0.34
2026-03-24T22:00,0.0,0.0,0.0,0.0,0.0,0.02,3,0.0,22.0,15.0,0.2,0.65,4.9,238,95,45120.0,0,0.339
2026-03-24T23:00,0.0,0.0,0.0,0.0,0.0,0.02,3,0.0,21.0,20.0,0.1,0.74,4.7,228,100,45100.0,0,0.339
2026-03-25T00:00,0.0,0.0,0.0,0.0,0.0,0.02,3,0.0,19.0,60.0,2.9,0.96,5.3,189,100,33900.0,1,0.338
2026-03-25T01:00,0.0,0.0,0.0,0.0,0.0,0.02,3,0.0,0.0,280.0,5.4,1.1,5.7,150,100,37280.0,1,0.338
2026-03-25T02:00,0.0,0.0,0.0,0.0,0.0,0.02,1,0.0,0.0,1700.0,7.5,0.81,5.9,133,39,43800.0,1,0.337
2026-03-25T03:00,0.0,0.0,0.0,0.0,0.0,0.02,1,160.0,0.0,2615.0,10.3,1.43,6.2,192,27,46960.0,1,0.336
2026-03-25T04:00,0.1,0.0,0.1,0.07,0.1,0.02,85,150.0,0.0,2710.0,11.5,3.0,10.9,252,66,47560.0,1,0.337
2026-03-25T05:00,0.0,0.0,0.0,0.0,0.0,0.02,3,160.0,0.0,2950.0,12.4,4.37,14.1,264,98,47560.0,1,0.338
2026-03-25T06:00,0.0,0.0,0.0,0.0,0.0,0.02,3,60.0,3.0,2995.0,10.9,4.58,14.9,264,95,47980.0,1,0.338
2026-03-25T07:00,0.0,0.0,0.0,0.0,0.0,0.02,3,110.0,4.0,2600.0,11.7,4.89,17.6,254,98,47520.0,1,0.337
2026-03-25T08:00,0.0,0.0,0.0,0.0,0.0,0.02,3,20.0,6.0,2540.0,11.2,5.51,17.8,273,89,46300.0,1,0.336
2026-03-25T09:00,0.0,0.0,0.0,0.0,0.0,0.02,2,0.0,24.0,2300.0,10.8,5.55,18.2,272,50,47500.0,1,0.335
2026-03-25T10:00,0.0,0.0,0.0,0.0,0.0,0.02,1,10.0,20.0,2290.0,10.0,4.73,17.3,264,40,47480.0,1,0.334
2026-03-25T11:00,0.0,0.0,0.0,0.0,0.0,0.02,0,0.0,6.0,2035.0,8.6,2.92,14.4,257,1,47480.0,1,0.334
2026-03-25T12:00,0.0,0.0,0.0,0.0,0.0,0.02,0,0.0,33.0,595.0,5.2,0.87,9.8,257,1,47460.0,0,0.334
2026-03-25T13:00,0.0,0.0,0.0,0.0,0.0,0.02,0,0.0,36.0,30.0,4.2,0.57,6.3,225,2,46840.0,0,0.333
2026-03-25T14:00,0.0,0.0,0.0,0.0,0.0,0.02,0,20.0,17.0,30.0,3.1,0.86,5.5,216,5,46820.0,0,0.333
2026-03-25T15:00,0.0,0.0,0.0,0.0,0.0,0.02,0,10.0,42.0,25.0,1.7,1.03,5.7,231,5,45720.0,0,0.332
2026-03-25T16:00,0.0,0.0,0.0,0.0,0.0,0.02,0,10.0,59.0,25.0,0.6,1.12,5.4,243,5,44920.0,0,0.332
2026-03-25T17:00,0.0,0.0,0.0,0.0,0.0,0.02,0,0.0,55.0,25.0,0.1,1.15,5.4,252,10,44920.0,0,0.331
2026-03-25T18:00,0.0,0.0,0.0,0.0,0.0,0.02,0,0.0,49.0,25.0,-1.0,1.12,5.3,249,1,43920.0,0,0.331
2026-03-25T19:00,0.0,0.0,0.0,0.0,0.0,0.02,0,0.0,39.0,20.0,-1.0,1.06,5.4,251,10,43920.0,0,0.33
2026-03-25T20:00,0.0,0.0,0.0,0.0,0.0,0.02,2,0.0,31.0,20.0,-1.2,0.91,5.2,264,76,43900.0,0,0.33
2026-03-25T21:00,0.0,0.0,0.0,0.0,0.0,0.02,3,10.0,16.0,15.0,-1.1,0.68,4.1,253,100,43900.0,0,0.33
2026-03-25T22:00,0.0,0.0,0.0,0.0,0.0,0.02,0,0.0,16.0,15.0,-0.4,0.6,3.0,246,9,42820.0,0,0.329
2026-03-25T23:00,0.0,0.0,0.0,0.0,0.0,0.02,0,0.0,13.0,10.0,-1.4,0.32,2.6,231,6,42780.0,0,0.329
2026-03-26T00:00,0.0,0.0,0.0,0.0,0.0,0.02,1,0.0,54.0,15.0,-0.9,0.65,2.6,247,24,42780.0,1,0.329
2026-03-26T01:00,0.0,0.0,0.0,0.0,0.0,0.02,3,10.0,14.0,230.0,4.7,0.78,3.6,230,91,44820.0,1,0.328
2026-03-26T02:00,0.0,0.0,0.0,0.0,0.0,0.02,3,10.0,6.0,1015.0,7.1,1.1,4.5,156,98,46680.0,1,0.328
2026-03-26T03:00,0.0,0.0,0.0,0.0,0.0,0.02,1,10.0,115.0,1405.0,9.4,1.31,5.6,162,42,46660.0,1,0.328
2026-03-26T04:00,0.0,0.0,0.0,0.0,0.0,0.02,0,100.0,15.0,2100.0,11.8,1.55,6.9,178,18,47260.0,1,0.329
2026-03-26T05:00,0.0,0.0,0.0,0.0,0.0,0.01,2,130.0,0.0,3610.0,13.6,2.48,8.3,220,56,47240.0,1,0.333
2026-03-26T06:00,0.2,0.0,0.2,0.14,0.2,0.01,85,40.0,2.0,3015.0,13.1,4.08,12.1,281,98,47660.0,1,0.337
2026-03-26T07:00,0.0,0.0,0.0,0.0,0.0,0.01,2,0.0,28.0,2715.0,13.6,4.62,14.8,286,63,47220.0,1,0.337
2026-03-26T08:00,0.0,0.0,0.0,0.0,0.0,0.01,2,10.0,28.0,2755.0,14.0,4.86,16.0,285,66,47200.0,1,0.337
2026-03-26T09:00,0.0,0.0,0.0,0.0,0.0,0.01,1,10.0,29.0,2560.0,13.3,4.68,15.7,284,41,47200.0,1,0.337
2026-03-26T10:00,0.0,0.0,0.0,0.0,0.0,0.01,1,0.0,17.0,1975.0,11.8,4.14,14.9,278,24,47180.0,1,0.336
2026-03-26T11:00,0.0,0.0,0.0,0.0,0.0,0.01,1,0.0,50.0,1620.0,10.2,2.19,12.6,281,21,46580.0,1,0.336
2026-03-26T12:00,0.0,0.0,0.0,0.0,0.0,0.01,1,0.0,33.0,150.0,7.1,0.81,7.8,281,20,47160.0,0,0.34
2026-03-26T13:00,0.0,0.0,0.0,0.0,0.0,0.01,0,0.0,32.0,20.0,5.6,0.38,5.0,293,3,46540.0,0,0.34
2026-03-26T14:00,0.0,0.0,0.0,0.0,0.0,0.01,0,0.0,29.0,20.0,3.4,0.72,3.1,245,9,45460.0,0,0.339
2026-03-26T15:00,0.0,0.0,0.0,0.0,0.0,0.01,2,0.0,25.0,20.0,1.9,1.32,4.5,241,52,44680.0,0,0.338
2026-03-26T16:00,0.0,0.0,0.0,0.0,0.0,0.01,3,0.0,72.0,15.0,0.8,1.21,4.5,246,91,43700.0,0,0.338
2026-03-26T17:00,0.0,0.0,0.0,0.0,0.0,0.01,3,0.0,66.0,15.0,0.4,1.14,4.4,247,97,43700.0,0,0.337
2026-03-26T18:00,0.0,0.0,0.0,0.0,0.0,0.01,3,0.0,12.0,15.0,-0.3,1.11,4.0,252,100,43680.0,0,0.336
2026-03-26T19:00,0.0,0.0,0.0,0.0,0.0,0.01,3,0.0,54.0,15.0,0.2,0.95,3.9,252,100,42600.0,0,0.336
2026-03-26T20:00,0.0,0.0,0.0,0.0,0.0,0.01,3,0.0,58.0,15.0,-0.2,0.84,3.7,253,100,42600.0,0,0.336
2026-03-26T21:00,0.0,0.0,0.0,0.0,0.0,0.01,3,0.0,40.0,15.0,-0.4,0.63,3.5,252,99,42580.0,0,0.335
2026-03-26T22:00,0.0,0.0,0.0,0.0,0.0,0.01,3,10.0,34.0,10.0,-0.5,0.59,3.0,250,98,42580.0,0,0.335
2026-03-26T23:00,0.0,0.0,0.0,0.0,0.0,0.01,3,0.0,26.0,10.0,-0.3,0.57,2.8,255,95,42580.0,0,0.334
2026-03-27T00:00,0.0,0.0,0.0,0.0,0.0,0.01,3,20.0,19.0,15.0,1.6,0.62,2.6,256,100,39620.0,1,0.334
2026-03-27T01:00,0.2,0.0,0.1,0.14,0.2,0.01,85,20.0,8.0,255.0,5.7,0.82,3.4,256,100,32540.0,1,0.334
2026-03-27T02:00,0.1,0.0,0.0,0.07,0.1,0.01,71,10.0,7.0,945.0,7.7,0.79,4.4,235,100,28000.0,1,0.333
2026-03-27T03:00,0.0,0.0,0.0,0.0,0.0,0.01,3,30.0,4.0,1675.0,9.6,0.51,4.8,281,100,33280.0,1,0.333
2026-03-27T04:00,0.1,0.0,0.1,0.07,0.1,0.01,85,60.0,0.0,2310.0,11.2,1.38,6.2,283,100,36260.0,1,0.334
2026-03-27T05:00,0.1,0.0,0.1,0.07,0.1,0.01,85,40.0,0.0,1650.0,10.5,1.8,6.5,270,100,38580.0,1,0.335
2026-03-27T06:00,0.0,0.0,0.0,0.0,0.0,0.01,3,0.0,3.0,645.0,6.5,2.11,6.5,4,89,12140.0,1,0.338
2026-03-27T07:00,0.1,0.0,0.0,0.07,0.1,0.01,71,70.0,11.0,1045.0,9.0,1.49,8.1,20,96,15920.0,1,0.338
2026-03-27T08:00,0.1,0.0,0.0,0.07,0.1,0.02,71,50.0,2.0,985.0,9.0,1.82,8.8,307,99,17140.0,1,0.338
2026-03-27T09:00,0.0,0.0,0.0,0.0,0.0,0.02,3,100.0,6.0,1960.0,10.0,1.17,8.3,250,100,21180.0,1,0.338
2026-03-27T10:00,0.0,0.0,0.0,0.0,0.0,0.02,3,10.0,4.0,2170.0,10.3,1.15,5.7,270,100,46300.0,1,0.338
2026-03-27T11:00,0.0,0.0,0.0,0.0,0.0,0.02,3,0.0,24.0,195.0,9.1,1.1,3.8,185,100,46860.0,1,0.338
2026-03-27T12:00,0.0,0.0,0.0,0.0,0.0,0.01,3,310.0,20.0,130.0,4.5,1.2,4.7,138,97,30020.0,0,0.334
2026-03-27T13:00,0.0,0.0,0.0,0.0,0.0,0.01,3,270.0,16.0,65.0,3.6,0.92,4.6,151,100,33240.0,0,0.334
2026-03-27T14:00,0.0,0.0,0.0,0.0,0.0,0.01,3,140.0,34.0,45.0,2.7,0.85,3.8,130,100,41820.0,0,0.333
2026-03-27T15:00,0.0,0.0,0.0,0.0,0.0,0.01,3,140.0,36.0,20.0,1.7,0.5,3.7,180,100,39900.0,0,0.333
2026-03-27T16:00,0.0,0.0,0.0,0.0,0.0,0.01,3,90.0,26.0,10.0,1.5,0.11,2.7,243,100,40300.0,0,0.332
2026-03-27T17:00,0.0,0.0,0.0,0.0,0.0,0.01,3,60.0,18.0,10.0,0.8,0.25,1.5,217,100,42400.0,0,0.332
2026-03-27T18:00,0.0,0.0,0.0,0.0,0.0,0.01,3,60.0,14.0,10.0,0.8,0.11,1.8,243,100,42400.0,0,0.332
2026-03-27T19:00,0.0,0.0,0.0,0.0,0.0,0.01,3,60.0,5.0,15.0,0.4,0.36,0.9,254,100,40140.0,0,0.331
2026-03-27T20:00,0.0,0.0,0.0,0.0,0.0,0.01,3,10.0,11.0,15.0,0.6,0.54,1.7,248,100,4980.0,0,0.331
2026-03-27T21:00,0.0,0.0,0.0,0.0,0.0,0.01,3,10.0,1.0,10.0,-0.3,0.46,1.9,229,100,6960.0,0,0.331
2026-03-27T22:00,0.0,0.0,0.0,0.0,0.0,0.02,3,0.0,13.0,10.0,-0.7,0.32,2.0,231,99,13040.0,0,0.33
2026-03-27T23:00,0.0,0.0,0.0,0.0,0.0,0.02,3,0.0,14.0,15.0,-0.5,0.85,2.8,230,98,22040.0,0,0.33
2026-03-28T00:00,0.0,0.0,0.0,0.0,0.0,0.02,3,0.0,0.0,30.0,0.7,0.36,3.1,236,100,22700.0,1,0.33
2026-03-28T01:00,2.4,0.0,2.4,1.68,2.4,0.04,86,0.0,15.0,190.0,2.7,0.27,2.6,292,100,40840.0,1,0.329
2026-03-28T02:00,0.0,0.0,0.0,0.0,0.0,0.04,3,0.0,16.0,675.0,4.9,0.79,3.7,108,100,33460.0,1,0.329
2026-03-28T03:00,0.0,0.0,0.0,0.0,0.0,0.03,3,0.0,16.0,1155.0,6.8,1.22,5.9,125,100,36920.0,1,0.329
2026-03-28T04:00,0.0,0.0,0.0,0.0,0.0,0.03,3,0.0,17.0,1470.0,7.6,1.03,5.5,104,100,36740.0,1,0.328
2026-03-28T05:00,0.0,0.0,0.0,0.0,0.0,0.03,3,10.0,0.0,1605.0,8.1,0.92,5.2,112,100,20180.0,1,0.33
2026-03-28T06:00,0.0,0.0,0.0,0.0,0.0,0.03,3,40.0,21.0,1055.0,8.8,0.27,4.7,112,100,28540.0,1,0.341
2026-03-28T07:00,0.0,0.0,0.0,0.0,0.0,0.03,3,100.0,8.0,2020.0,9.1,0.3,2.5,261,100,43100.0,1,0.345
2026-03-28T08:00,0.0,0.0,0.0,0.0,0.0,0.02,3,20.0,38.0,1715.0,8.9,1.16,7.5,187,100,36980.0,1,0.348
2026-03-28T09:00,0.1,0.0,0.1,0.07,0.1,0.02,85,0.0,8.0,2175.0,9.9,1.95,7.2,220,100,44340.0,1,0.351
2026-03-28T10:00,0.0,0.0,0.0,0.0,0.0,0.02,3,20.0,7.0,2155.0,9.5,1.71,7.3,255,100,46000.0,1,0.353
2026-03-28T11:00,0.0,0.0,0.0,0.0,0.0,0.02,3,0.0,13.0,1795.0,10.4,1.12,7.3,260,100,46000.0,1,0.354
2026-03-28T12:00,0.0,0.0,0.0,0.0,0.0,0.01,3,0.0,16.0,25.0,6.8,0.61,4.6,261,91,44940.0,0,0.344
2026-03-28T13:00,0.0,0.0,0.0,0.0,0.0,0.01,3,0.0,22.0,20.0,4.2,0.92,3.9,248,100,44940.0,0,0.343
2026-03-28T14:00,0.0,0.0,0.0,0.0,0.0,0.01,3,0.0,10.0,15.0,2.3,0.83,3.9,237,96,43260.0,0,0.342
2026-03-28T15:00,0.0,0.0,0.0,0.0,0.0,0.01,2,0.0,10.0,15.0,0.7,0.83,4.0,237,76,42220.0,0,0.342
2026-03-28T16:00,0.0,0.0,0.0,0.0,0.0,0.01,3,0.0,6.0,10.0,0.2,0.74,4.1,250,100,42200.0,0,0.341
2026-03-28T17:00,0.0,0.0,0.0,0.0,0.0,0.01,3,0.0,30.0,15.0,-0.4,0.85,4.1,242,100,42200.0,0,0.34
2026-03-28T18:00,0.0,0.0,0.0,0.0,0.0,0.01,3,10.0,25.0,15.0,-0.3,0.82,4.1,232,99,42180.0,0,0.34
2026-03-28T19:00,0.0,0.0,0.0,0.0,0.0,0.01,3,10.0,25.0,10.0,-0.2,0.69,4.5,240,99,42180.0,0,0.339
2026-03-28T20:00,0.0,0.0,0.0,0.0,0.0,0.01,3,0.0,26.0,15.0,0.2,0.64,4.9,219,97,42160.0,0,0.339
2026-03-28T21:00,0.0,0.0,0.0,0.0,0.0,0.01,3,10.0,26.0,15.0,0.3,0.79,5.3,215,100,42160.0,0,0.338
2026-03-28T22:00,0.0,0.0,0.0,0.0,0.0,0.01,3,0.0,26.0,10.0,0.4,0.47,5.3,238,100,27980.0,0,0.338
2026-03-28T23:00,0.0,0.0,0.0,0.0,0.0,0.01,3,0.0,27.0,15.0,1.9,0.46,4.3,221,100,19380.0,0,0.338
2026-03-29T00:00,0.0,0.0,0.0,0.0,0.0,0.01,3,30.0,6.0,20.0,3.5,0.32,4.2,162,100,11040.0,1,0.337
2026-03-29T01:00,0.6,0.0,0.5,0.42,0.6,0.01,85,20.0,4.0,230.0,5.0,0.96,6.9,321,100,16540.0,1,0.337
2026-03-29T02:00,0.1,0.0,0.0,0.07,0.1,0.01,71,120.0,14.0,1180.0,7.2,1.59,10.0,316,81,32160.0,1,0.336
2026-03-29T03:00,0.1,0.0,0.1,0.07,0.1,0.01,85,240.0,0.0,2255.0,10.0,1.77,9.9,286,40,44440.0,1,0.336
2026-03-29T04:00,0.0,0.0,0.0,0.0,0.0,0.01,3,250.0,0.0,2900.0,12.2,3.45,11.7,280,88,45800.0,1,0.336
2026-03-29T05:00,0.1,0.0,0.1,0.07,0.1,0.01,85,70.0,0.0,2690.0,12.6,4.52,14.4,283,41,46340.0,1,0.336
2026-03-29T06:00,0.1,0.0,0.1,0.07,0.1,0.01,85,0.0,1.0,3265.0,12.9,4.64,15.1,292,16,46720.0,1,0.338
2026-03-29T07:00,0.0,0.0,0.0,0.0,0.0,0.01,1,0.0,3.0,4155.0,15.0,6.34,19.6,300,46,47260.0,1,0.337
2026-03-29T08:00,0.0,0.0,0.0,0.0,0.0,0.01,0,0.0,2.0,3745.0,14.4,6.1,20.1,288,3,46700.0,1,0.337
2026-03-29T09:00,0.0,0.0,0.0,0.0,0.0,0.01,0,0.0,0.0,3780.0,14.0,5.86,19.3,285,17,46680.0,1,0.337
2026-03-29T10:00,0.0,0.0,0.0,0.0,0.0,0.01,1,10.0,0.0,3755.0,12.6,4.97,18.5,260,47,46660.0,1,0.337
2026-03-29T11:00,0.0,0.0,0.0,0.0,0.0,0.01,0,10.0,1.0,1590.0,10.9,2.77,15.1,242,4,46660.0,1,0.338
2026-03-29T12:00,0.0,0.0,0.0,0.0,0.0,0.01,0,10.0,51.0,85.0,6.0,1.48,8.9,208,18,46240.0,0,0.339
2026-03-29T13:00,0.0,0.0,0.0,0.0,0.0,0.01,1,0.0,1.0,40.0,3.7,1.45,7.3,226,42,45700.0,0,0.339
2026-03-29T14:00,0.0,0.0,0.0,0.0,0.0,0.01,3,0.0,0.0,30.0,2.3,1.42,5.8,231,84,44660.0,0,0.338
2026-03-29T15:00,0.0,0.0,0.0,0.0,0.0,0.01,2,0.0,28.0,25.0,1.2,1.38,5.9,226,78,43920.0,0,0.338
2026-03-29T16:00,0.0,0.0,0.0,0.0,0.0,0.01,2,0.0,0.0,20.0,0.3,1.21,5.8,232,65,43000.0,0,0.337
2026-03-29T17:00,0.0,0.0,0.0,0.0,0.0,0.01,1,0.0,0.0,20.0,-0.1,1.12,5.7,238,41,43000.0,0,0.337
2026-03-29T18:00,0.0,0.0,0.0,0.0,0.0,0.01,3,0.0,0.0,30.0,0.1,1.16,5.3,245,90,42980.0,0,0.336
2026-03-29T19:00,0.0,0.0,0.0,0.0,0.0,0.01,2,0.0,0.0,30.0,0.4,1.23,5.6,243,50,42980.0,0,0.336
2026-03-29T20:00,0.0,0.0,0.0,0.0,0.0,0.01,3,0.0,0.0,30.0,0.0,1.05,5.5,239,99,42980.0,0,0.335
2026-03-29T21:00,0.0,0.0,0.0,0.0,0.0,0.01,1,0.0,0.0,30.0,0.1,0.88,5.1,227,31,42960.0,0,0.335
2026-03-29T22:00,0.0,0.0,0.0,0.0,0.0,0.01,3,0.0,0.0,30.0,-0.7,0.96,4.8,231,100,42960.0,0,0.335
2026-03-29T23:00,0.0,0.0,0.0,0.0,0.0,0.01,1,0.0,0.0,30.0,-0.8,1.03,5.1,219,29,42940.0,0,0.334
2026-03-30T00:00,0.0,0.0,0.0,0.0,0.0,0.01,1,0.0,3.0,20.0,1.6,0.92,5.1,225,30,42940.0,1,0.334
2026-03-30T01:00,0.0,0.0,0.0,0.0,0.0,0.01,3,0.0,0.0,285.0,7.1,0.71,5.3,188,100,44540.0,1,0.334
2026-03-30T02:00,0.0,0.0,0.0,0.0,0.0,0.01,3,0.0,0.0,1280.0,9.2,0.89,4.6,164,100,45540.0,1,0.333
2026-03-30T03:00,0.0,0.0,0.0,0.0,0.0,0.01,3,20.0,0.0,1505.0,10.7,1.27,5.6,189,100,43720.0,1,0.333
2026-03-30T04:00,0.1,0.0,0.1,0.07,0.1,0.01,85,0.0,1.0,2045.0,12.0,2.77,8.1,231,47,42700.0,1,0.333
2026-03-30T05:00,0.0,0.0,0.0,0.0,0.0,0.01,1,0.0,0.0,2525.0,14.4,3.74,12.1,240,37,45160.0,1,0.334
2026-03-30T06:00,0.0,0.0,0.0,0.0,0.0,0.01,3,0.0,0.0,2430.0,13.0,4.5,13.9,282,92,33580.0,1,0.335
2026-03-30T07:00,2.8,0.0,2.7,1.96,2.8,0.02,86,0.0,0.0,880.0,8.4,4.4,16.8,343,93,6160.0,1,0.335
2026-03-30T08:00,0.3,0.0,0.1,0.21,0.3,0.02,85,20.0,3.0,695.0,7.3,2.21,14.6,275,89,12980.0,1,0.334
2026-03-30T09:00,0.3,0.0,0.3,0.21,0.3,0.02,85,80.0,30.0,1150.0,10.0,2.09,8.5,253,84,32560.0,1,0.336
2026-03-30T10:00,0.5,0.0,0.5,0.35,0.5,0.03,85,70.0,5.0,530.0,6.8,1.2,8.7,228,79,24620.0,1,0.338
2026-03-30T11:00,0.3,0.0,0.2,0.21,0.3,0.03,85,90.0,71.0,305.0,6.1,0.21,6.5,76,46,43720.0,1,0.338
2026-03-30T12:00,0.1,0.0,0.1,0.07,0.1,0.03,85,440.0,24.0,85.0,3.4,0.29,3.5,59,98,13860.0,0,0.338
2026-03-30T13:00,2.5,0.0,2.5,1.75,2.5,0.05,86,210.0,21.0,85.0,2.0,0.36,5.1,344,66,8580.0,0,0.337
2026-03-30T14:00,0.0,0.0,0.0,0.0,0.0,0.05,1,100.0,35.0,10.0,1.2,0.0,4.0,270,28,12960.0,0,0.337
2026-03-30T15:00,0.0,0.0,0.0,0.0,0.0,0.05,0,210.0,20.0,10.0,-0.3,0.18,3.0,236,18,35740.0,0,0.336
2026-03-30T16:00,0.0,0.0,0.0,0.0,0.0,0.05,1,180.0,23.0,20.0,-1.8,0.67,3.3,243,43,35660.0,0,0.336
2026-03-30T17:00,0.0,0.0,0.0,0.0,0.0,0.05,1,20.0,32.0,20.0,-2.1,0.65,4.0,270,30,34860.0,0,0.336
2026-03-30T18:00,0.0,0.0,0.0,0.0,0.0,0.05,1,30.0,46.0,30.0,-2.1,0.9,5.6,251,42,9460.0,0,0.335
2026-03-30T19:00,0.0,0.0,0.0,0.0,0.0,0.05,2,20.0,51.0,40.0,-2.8,1.07,5.1,259,78,8560.0,0,0.335
2026-03-30T20:00,0.0,0.0,0.0,0.0,0.0,0.05,3,30.0,51.0,35.0,-2.5,0.78,5.2,255,95,2760.0,0,0.335
2026-03-30T21:00,0.0,0.0,0.0,0.0,0.0,0.05,3,40.0,51.0,40.0,-2.4,0.75,5.1,270,82,33200.0,0,0.334
2026-03-30T22:00,0.0,0.0,0.0,0.0,0.0,0.05,2,40.0,33.0,45.0,-2.9,0.87,5.6,283,72,1940.0,0,0.334
2026-03-30T23:00,0.2,0.0,0.2,0.14,0.2,0.05,85,50.0,3.0,125.0,-2.5,1.25,6.9,293,90,740.0,0,0.334
2026-03-31T00:00,0.9,0.0,0.9,0.63,0.9,0.03,85,40.0,2.0,50.0,-1.0,1.9,6.8,252,35,34540.0,1,0.333
2026-03-31T01:00,0.0,0.0,0.0,0.0,0.0,0.03,0,20.0,16.0,250.0,1.8,0.7,6.3,270,3,23060.0,1,0.333
2026-03-31T02:00,0.0,0.0,0.0,0.0,0.0,0.03,0,0.0,18.0,615.0,4.7,0.9,4.6,341,0,43560.0,1,0.333
2026-03-31T03:00,0.0,0.0,0.0,0.0,0.0,0.03,0,0.0,12.0,1160.0,6.4,0.9,5.1,360,12,44260.0,1,0.333
2026-03-31T04:00,0.0,0.0,0.0,0.0,0.0,0.03,1,0.0,29.0,1820.0,7.9,1.06,5.7,352,23,45240.0,1,0.332
2026-03-31T05:00,0.0,0.0,0.0,0.0,0.0,0.03,1,0.0,42.0,2335.0,9.2,0.91,6.0,351,49,45740.0,1,0.336
2026-03-31T06:00,0.0,0.0,0.0,0.0,0.0,0.02,2,0.0,0.0,2770.0,12.4,1.92,5.7,332,61,46100.0,1,0.341
2026-03-31T07:00,0.0,0.0,0.0,0.0,0.0,0.02,0,0.0,24.0,3020.0,14.7,2.06,8.0,311,12,46100.0,1,0.345
2026-03-31T08:00,0.0,0.0,0.0,0.0,0.0,0.02,2,0.0,0.0,3765.0,16.0,3.3,9.5,267,69,46080.0,1,0.347
2026-03-31T09:00,0.0,0.0,0.0,0.0,0.0,0.02,2,0.0,0.0,3595.0,15.6,4.05,11.9,273,62,46080.0,1,0.348
2026-03-31T10:00,0.0,0.0,0.0,0.0,0.0,0.02,0,10.0,0.0,2890.0,13.7,2.7,11.9,259,6,46060.0,1,0.349
2026-03-31T11:00,0.0,0.0,0.0,0.0,0.0,0.02,0,0.0,42.0,540.0,11.7,1.45,7.8,221,0,45680.0,1,0.35
2026-03-31T12:00,0.0,0.0,0.0,0.0,0.0,0.02,0,0.0,30.0,15.0,7.8,0.32,5.1,231,2,45660.0,0,0.35
2026-03-31T13:00,0.0,0.0,0.0,0.0,0.0,0.02,2,0.0,91.0,15.0,5.5,0.41,3.5,256,50,45640.0,0,0.349
2026-03-31T14:00,0.0,0.0,0.0,0.0,0.0,0.02,3,0.0,91.0,15.0,3.1,0.68,2.9,234,97,45120.0,0,0.349
2026-03-31T15:00,0.0,0.0,0.0,0.0,0.0,0.02,3,0.0,91.0,10.0,1.5,0.68,2.7,234,99,44140.0,0,0.348
2026-03-31T16:00,0.0,0.0,0.0,0.0,0.0,0.02,3,0.0,20.0,10.0,0.8,0.69,3.4,240,100,43420.0,0,0.347
2026-03-31T17:00,0.0,0.0,0.0,0.0,0.0,0.02,3,0.0,20.0,10.0,1.3,0.39,3.2,230,100,43420.0,0,0.346
2026-03-31T18:00,0.0,0.0,0.0,0.0,0.0,0.02,3,0.0,67.0,10.0,1.3,0.34,2.5,243,100,42540.0,0,0.346
2026-03-31T19:00,0.0,0.0,0.0,0.0,0.0,0.02,3,10.0,61.0,10.0,2.3,0.35,2.6,225,100,43400.0,0,0.345
2026-03-31T20:00,0.0,0.0,0.0,0.0,0.0,0.02,3,0.0,57.0,10.0,2.5,0.21,2.5,225,100,43380.0,0,0.345
2026-03-31T21:00,0.0,0.0,0.0,0.0,0.0,0.02,3,0.0,52.0,10.0,2.6,0.38,2.2,247,100,43380.0,0,0.344
2026-03-31T22:00,0.0,0.0,0.0,0.0,0.0,0.02,3,0.0,47.0,10.0,3.5,0.16,2.4,252,100,43360.0,0,0.344
2026-03-31T23:00,0.0,0.0,0.0,0.0,0.0,0.02,3,0.0,41.0,10.0,2.9,0.28,2.9,225,97,43360.0,0,0.343
2026-04-01T00:00,0.0,0.0,0.0,0.0,0.0,0.02,3,0.0,20.0,15.0,3.6,0.68,3.6,216,98,42480.0,1,0.343
2026-04-01T01:00,0.0,0.0,0.0,0.0,0.0,0.02,0,0.0,33.0,190.0,8.4,0.51,4.2,191,14,44020.0,1,0.342
2026-04-01T02:00,0.0,0.0,0.0,0.0,0.0,0.01,0,0.0,30.0,1555.0,11.5,1.08,4.8,112,7,44980.0,1,0.341
2026-04-01T03:00,0.5,0.0,0.5,0.35,0.5,0.02,85,0.0,26.0,2180.0,14.1,2.76,8.2,215,23,45480.0,1,0.342
2026-04-01T04:00,0.2,0.0,0.2,0.07,0.1,0.02,85,20.0,1.0,2395.0,15.8,3.3,10.5,231,24,45460.0,1,0.345
2026-04-01T05:00,0.0,0.0,0.0,0.0,0.0,0.01,2,120.0,0.0,2525.0,16.3,3.72,11.8,229,51,45460.0,1,0.348
2026-04-01T06:00,0.0,0.0,0.0,0.0,0.0,0.01,1,170.0,0.0,2855.0,15.8,3.45,12.1,246,35,45440.0,1,0.353
2026-04-01T07:00,0.0,0.0,0.0,0.0,0.0,0.01,1,160.0,0.0,3050.0,17.5,4.12,13.7,237,30,45440.0,1,0.357
2026-04-01T08:00,0.0,0.0,0.0,0.0,0.0,0.01,1,130.0,5.0,2860.0,17.6,3.97,13.7,249,43,45420.0,1,0.359
2026-04-01T09:00,0.0,0.0,0.0,0.0,0.0,0.0,3,70.0,14.0,2445.0,16.3,4.22,15.0,260,84,45420.0,1,0.36
2026-04-01T10:00,0.0,0.0,0.0,0.0,0.0,0.0,2,40.0,15.0,2335.0,15.1,3.7,13.8,261,73,45400.0,1,0.36
2026-04-01T11:00,0.1,0.0,0.1,0.0,0.0,0.0,51,30.0,24.0,1935.0,13.1,1.66,11.5,286,79,45380.0,1,0.36
2026-04-01T12:00,0.0,0.0,0.0,0.0,0.0,0.0,2,80.0,74.0,120.0,9.7,0.75,8.3,323,76,44880.0,0,0.362
2026-04-01T13:00,0.0,0.0,0.0,0.0,0.0,0.0,2,100.0,28.0,25.0,6.7,0.78,4.5,255,63,43900.0,0,0.361
2026-04-01T14:00,0.0,0.0,0.0,0.0,0.0,0.0,2,100.0,45.0,20.0,4.3,1.05,4.6,245,76,43200.0,0,0.36
2026-04-01T15:00,0.0,0.0,0.0,0.0,0.0,0.0,3,100.0,60.0,15.0,3.0,1.16,4.9,245,93,41380.0,0,0.358
2026-04-01T16:00,0.0,0.0,0.0,0.0,0.0,0.0,3,100.0,54.0,15.0,2.0,1.19,5.0,242,94,41380.0,0,0.357
2026-04-01T17:00,0.0,0.0,0.0,0.0,0.0,0.0,3,70.0,49.0,15.0,1.3,0.92,5.0,248,100,39440.0,0,0.356
2026-04-01T18:00,0.0,0.0,0.0,0.0,0.0,0.0,3,80.0,47.0,15.0,1.7,0.78,4.6,243,98,41360.0,0,0.355
2026-04-01T19:00,0.0,0.0,0.0,0.0,0.0,0.0,3,30.0,34.0,10.0,1.9,0.65,4.5,247,100,41340.0,0,0.354
2026-04-01T20:00,0.0,0.0,0.0,0.0,0.0,0.0,3,70.0,31.0,15.0,1.6,0.86,4.5,263,100,41340.0,0,0.354
2026-04-01T21:00,0.0,0.0,0.0,0.0,0.0,0.0,3,100.0,7.0,15.0,2.0,0.85,4.7,267,100,41340.0,0,0.353
2026-04-01T22:00,1.0,0.0,1.0,0.7,1.0,0.01,85,80.0,3.0,50.0,2.1,1.46,6.7,278,100,340.0,0,0.352
2026-04-01T23:00,1.1,0.0,1.1,0.77,1.1,0.01,85,220.0,42.0,30.0,2.7,0.47,6.5,198,100,3200.0,0,0.352
2026-04-02T00:00,0.0,0.0,0.0,0.0,0.0,0.01,3,270.0,23.0,10.0,3.9,0.07,4.2,225,100,26660.0,1,0.363
2026-04-02T01:00,0.1,0.0,0.1,0.07,0.1,0.01,85,230.0,25.0,235.0,6.5,0.25,3.4,217,100,32580.0,1,0.362
2026-04-02T02:00,0.0,0.0,0.0,0.0,0.0,0.01,3,190.0,32.0,525.0,8.5,0.62,3.5,104,100,37100.0,1,0.361
2026-04-02T03:00,0.0,0.0,0.0,0.0,0.0,0.01,3,280.0,29.0,1045.0,10.8,1.15,6.5,2,100,43080.0,1,0.36
2026-04-02T04:00,0.3,0.0,0.3,0.07,0.1,0.01,85,300.0,4.0,2030.0,12.5,2.17,8.6,334,96,43740.0,1,0.361
2026-04-02T05:00,0.4,0.0,0.4,0.21,0.3,0.01,85,90.0,7.0,1965.0,13.0,2.8,12.0,280,70,44680.0,1,0.362
2026-04-02T06:00,0.1,0.0,0.1,0.0,0.0,0.01,51,30.0,48.0,1910.0,11.2,3.71,16.1,313,98,44680.0,1,0.378
2026-04-02T07:00,0.2,0.0,0.2,0.07,0.1,0.01,85,120.0,0.0,2620.0,13.7,4.42,14.9,308,84,45160.0,1,0.377
2026-04-02T08:00,0.2,0.0,0.2,0.07,0.1,0.01,85,90.0,3.0,2570.0,13.6,5.36,17.0,310,78,45140.0,1,0.377
2026-04-02T09:00,0.0,0.0,0.0,0.0,0.0,0.01,2,200.0,0.0,3125.0,14.0,3.03,16.7,329,63,45120.0,1,0.377
2026-04-02T10:00,0.0,0.0,0.0,0.0,0.0,0.0,2,20.0,12.0,3005.0,13.6,4.18,13.6,296,53,45460.0,1,0.376
2026-04-02T11:00,0.0,0.0,0.0,0.0,0.0,0.0,0,0.0,54.0,2965.0,12.4,2.45,13.3,290,7,45460.0,1,0.375
2026-04-02T12:00,0.0,0.0,0.0,0.0,0.0,0.01,2,260.0,43.0,45.0,6.3,0.54,9.0,68,66,43660.0,0,0.376
2026-04-02T13:00,0.0,0.0,0.0,0.0,0.0,0.01,2,100.0,38.0,15.0,5.2,0.14,4.9,225,71,43640.0,0,0.374
2026-04-02T14:00,0.2,0.0,0.2,0.14,0.2,0.01,85,60.0,30.0,60.0,3.4,1.43,6.6,331,35,42960.0,0,0.372
2026-04-02T15:00,0.0,0.0,0.0,0.0,0.0,0.01,1,60.0,56.0,30.0,2.9,0.8,6.4,274,26,42960.0,0,0.37
2026-04-02T16:00,0.0,0.0,0.0,0.0,0.0,0.01,3,90.0,64.0,15.0,1.8,0.67,4.7,257,87,42940.0,0,0.369
2026-04-02T17:00,0.0,0.0,0.0,0.0,0.0,0.01,2,70.0,59.0,15.0,1.1,0.62,4.1,256,63,42940.0,0,0.367
2026-04-02T18:00,0.0,0.0,0.0,0.0,0.0,0.01,1,60.0,48.0,10.0,1.0,0.11,3.8,243,38,42920.0,0,0.366
2026-04-02T19:00,0.0,0.0,0.0,0.0,0.0,0.01,2,30.0,48.0,10.0,0.5,0.3,2.9,261,61,42080.0,0,0.365
2026-04-02T20:00,0.0,0.0,0.0,0.0,0.0,0.01,2,40.0,63.0,20.0,0.2,0.81,3.5,259,55,42080.0,0,0.364
2026-04-02T21:00,0.0,0.0,0.0,0.0,0.0,0.01,1,20.0,61.0,20.0,-0.1,0.84,3.7,253,28,42080.0,0,0.363
2026-04-02T22:00,0.0,0.0,0.0,0.0,0.0,0.01,0,10.0,16.0,15.0,-0.6,0.62,3.6,256,0,42060.0,0,0.362
2026-04-02T23:00,0.0,0.0,0.0,0.0,0.0,0.01,0,0.0,13.0,15.0,-0.7,0.6,3.3,265,1,42060.0,0,0.361
2026-04-03T00:00,0.0,0.0,0.0,0.0,0.0,0.01,0,20.0,10.0,30.0,1.6,0.5,3.4,270,11,42040.0,1,0.36
2026-04-03T01:00,0.0,0.0,0.0,0.0,0.0,0.01,0,30.0,39.0,245.0,4.9,0.88,4.3,313,5,42860.0,1,0.36
2026-04-03T02:00,0.0,0.0,0.0,0.0,0.0,0.01,0,50.0,37.0,535.0,7.9,0.9,5.2,360,2,43520.0,1,0.359
2026-04-03T03:00,0.0,0.0,0.0,0.0,0.0,0.01,2,80.0,54.0,1045.0,10.6,0.95,6.2,360,59,43500.0,1,0.358
2026-04-03T04:00,0.0,0.0,0.0,0.0,0.0,0.01,2,130.0,0.0,2390.0,12.6,2.16,8.9,353,62,44900.0,1,0.358
2026-04-03T05:00,0.1,0.0,0.1,0.07,0.1,0.01,85,30.0,13.0,3115.0,14.5,3.68,12.4,317,40,45240.0,1,0.358
2026-04-03T06:00,0.4,0.0,0.4,0.28,0.4,0.01,85,0.0,0.0,3375.0,14.7,4.42,14.0,322,50,45220.0,1,0.366
2026-04-03T07:00,0.2,0.0,0.2,0.14,0.2,0.01,85,0.0,3.0,3715.0,16.1,4.77,15.5,316,88,45680.0,1,0.366
2026-04-03T08:00,0.0,0.0,0.0,0.0,0.0,0.01,3,30.0,0.0,5385.0,16.6,5.4,17.0,299,99,45660.0,1,0.365
2026-04-03T09:00,0.0,0.0,0.0,0.0,0.0,0.01,2,40.0,0.0,5155.0,15.9,5.44,18.1,289,59,45660.0,1,0.365
2026-04-03T10:00,0.0,0.0,0.0,0.0,0.0,0.0,0,10.0,23.0,4820.0,14.9,4.83,17.1,283,5,45640.0,1,0.365
2026-04-03T11:00,0.0,0.0,0.0,0.0,0.0,0.0,0,0.0,22.0,1775.0,12.5,3.61,15.3,267,12,45160.0,1,0.364
2026-04-03T12:00,0.0,0.0,0.0,0.0,0.0,0.0,0,0.0,22.0,405.0,8.0,1.67,12.9,261,12,45140.0,0,0.369
2026-04-03T13:00,0.0,0.0,0.0,0.0,0.0,0.0,0,0.0,3.0,865.0,7.7,2.4,11.7,270,2,45140.0,0,0.368
2026-04-03T14:00,0.0,0.0,0.0,0.0,0.0,0.0,0,0.0,3.0,90.0,5.8,1.35,11.5,266,0,45120.0,0,0.366
2026-04-03T15:00,0.0,0.0,0.0,0.0,0.0,0.0,0,0.0,3.0,25.0,4.8,0.74,8.1,250,0,45120.0,0,0.365
2026-04-03T16:00,0.0,0.0,0.0,0.0,0.0,0.0,0,0.0,2.0,15.0,2.8,0.75,6.2,233,0,44760.0,0,0.365
2026-04-03T17:00,0.0,0.0,0.0,0.0,0.0,0.0,0,0.0,2.0,10.0,1.3,0.57,5.1,232,0,44760.0,0,0.364
2026-04-03T18:00,0.0,0.0,0.0,0.0,0.0,0.0,0,0.0,14.0,10.0,0.6,0.5,4.2,233,0,44280.0,0,0.363
2026-04-03T19:00,0.0,0.0,0.0,0.0,0.0,0.0,0,0.0,2.0,10.0,-0.4,0.29,4.0,239,0,44260.0,0,0.362
2026-04-03T20:00,0.0,0.0,0.0,0.0,0.0,0.0,0,0.0,2.0,10.0,-0.8,0.36,3.7,236,0,43320.0,0,0.361
2026-04-03T21:00,0.0,0.0,0.0,0.0,0.0,0.0,0,0.0,1.0,10.0,-1.1,0.18,3.5,236,0,43320.0,0,0.361
2026-04-03T22:00,0.0,0.0,0.0,0.0,0.0,0.0,0,0.0,1.0,10.0,-1.3,0.22,3.3,243,0,43300.0,0,0.36
2026-04-03T23:00,0.0,0.0,0.0,0.0,0.0,0.0,1,0.0,1.0,10.0,-1.6,0.22,3.3,243,49,42640.0,0,0.359
2026-04-04T00:00,0.0,0.0,0.0,0.0,0.0,0.0,1,0.0,58.0,10.0,0.6,0.4,3.1,240,36,41820.0,1,0.359
2026-04-04T01:00,0.0,0.0,0.0,0.0,0.0,0.0,2,0.0,1.0,185.0,6.9,0.16,3.3,162,66,44200.0,1,0.358
2026-04-04T02:00,0.0,0.0,0.0,0.0,0.0,0.0,1,0.0,0.0,615.0,10.5,0.76,4.1,113,47,44180.0,1,0.357
2026-04-04T03:00,0.0,0.0,0.0,0.0,0.0,0.0,1,0.0,0.0,1345.0,13.4,0.97,4.9,125,40,44640.0,1,0.356
2026-04-04T04:00,0.0,0.0,0.0,0.0,0.0,0.0,3,140.0,36.0,2330.0,16.1,1.16,5.9,187,84,44620.0,1,0.356
2026-04-04T05:00,0.0,0.0,0.0,0.0,0.0,0.0,2,170.0,0.0,3670.0,18.2,3.6,11.5,272,55,44940.0,1,0.355
2026-04-04T06:00,0.0,0.0,0.0,0.0,0.0,0.0,1,90.0,9.0,3315.0,17.2,4.2,15.3,267,41,44940.0,1,0.354
2026-04-04T07:00,0.1,0.0,0.1,0.07,0.1,0.0,85,40.0,3.0,3070.0,17.5,5.47,17.8,265,76,44920.0,1,0.354
2026-04-04T08:00,0.5,0.0,0.5,0.28,0.4,0.0,85,80.0,0.0,2745.0,16.4,5.01,17.3,279,52,44580.0,1,0.353
2026-04-04T09:00,1.7,0.0,1.7,1.05,1.5,0.0,86,20.0,39.0,2765.0,16.1,2.23,15.1,279,95,44560.0,1,0.356
2026-04-04T10:00,0.6,0.0,0.6,0.35,0.5,0.0,85,10.0,50.0,2040.0,14.3,1.63,13.1,293,100,44560.0,1,0.359
2026-04-04T11:00,0.0,0.0,0.0,0.0,0.0,0.0,3,0.0,21.0,25.0,11.8,0.34,6.6,27,98,44100.0,1,0.361
2026-04-04T12:00,0.0,0.0,0.0,0.0,0.0,0.0,3,70.0,13.0,40.0,8.2,0.46,2.8,167,98,42520.0,0,0.351
2026-04-04T13:00,0.2,0.0,0.2,0.14,0.2,0.0,85,50.0,3.0,45.0,6.5,0.53,7.4,229,78,30720.0,0,0.351
2026-04-04T14:00,0.1,0.0,0.1,0.07,0.1,0.0,85,100.0,77.0,10.0,5.3,0.11,7.4,243,32,41700.0,0,0.351
2026-04-04T15:00,0.0,0.0,0.0,0.0,0.0,0.0,2,140.0,66.0,15.0,3.4,0.36,3.0,254,67,40780.0,0,0.35
2026-04-04T16:00,0.0,0.0,0.0,0.0,0.0,0.0,1,110.0,73.0,15.0,2.4,0.72,3.5,258,45,40780.0,0,0.35
2026-04-04T17:00,0.0,0.0,0.0,0.0,0.0,0.0,1,90.0,84.0,10.0,2.1,0.21,3.5,256,42,40760.0,0,0.35
2026-04-04T18:00,0.0,0.0,0.0,0.0,0.0,0.0,3,80.0,44.0,15.0,3.0,0.5,3.1,264,96,40760.0,0,0.349
2026-04-04T19:00,0.0,0.0,0.0,0.0,0.0,0.0,3,40.0,37.0,25.0,3.0,1.06,4.4,262,92,39580.0,0,0.349
2026-04-04T20:00,0.0,0.0,0.0,0.0,0.0,0.0,0,20.0,23.0,15.0,3.0,0.72,4.3,214,9,35140.0,0,0.349
2026-04-04T21:00,0.0,0.0,0.0,0.0,0.0,0.0,1,20.0,20.0,10.0,2.3,0.32,3.7,231,42,40720.0,0,0.348
2026-04-04T22:00,0.0,0.0,0.0,0.0,0.0,0.0,2,10.0,102.0,15.0,1.6,0.72,3.6,236,57,40720.0,0,0.348
2026-04-04T23:00,0.0,0.0,0.0,0.0,0.0,0.0,2,0.0,115.0,15.0,1.5,0.64,3.6,231,56,40720.0,0,0.348
2026-04-05T00:00,0.0,0.0,0.0,0.0,0.0,0.0,1,20.0,130.0,15.0,3.8,0.53,3.3,221,41,40700.0,1,0.348
2026-04-05T01:00,0.0,0.0,0.0,0.0,0.0,0.0,2,10.0,93.0,240.0,8.5,0.36,3.4,146,66,42400.0,1,0.347
2026-04-05T02:00,0.0,0.0,0.0,0.0,0.0,0.0,1,10.0,136.0,1105.0,11.5,0.65,4.1,113,43,43020.0,1,0.347
2026-04-05T03:00,0.0,0.0,0.0,0.0,0.0,0.0,3,90.0,68.0,1640.0,14.6,0.5,5.1,143,81,43920.0,1,0.346
2026-04-05T04:00,0.0,0.0,0.0,0.0,0.0,0.0,3,380.0,0.0,2105.0,16.5,1.15,5.8,182,100,43900.0,1,0.344
2026-04-05T05:00,0.0,0.0,0.0,0.0,0.0,0.0,3,170.0,0.0,2410.0,17.1,3.6,10.3,241,100,43900.0,1,0.343
2026-04-05T06:00,0.7,0.0,0.7,0.35,0.5,0.0,85,40.0,12.0,1900.0,15.1,2.65,11.2,268,98,43880.0,1,0.341
2026-04-05T07:00,0.0,0.0,0.0,0.0,0.0,0.0,3,20.0,23.0,2245.0,16.5,1.95,8.0,247,87,44320.0,1,0.342
2026-04-05T08:00,0.0,0.0,0.0,0.0,0.0,0.0,2,70.0,15.0,1865.0,16.4,3.71,11.2,224,77,43860.0,1,0.341
2026-04-05T09:00,0.0,0.0,0.0,0.0,0.0,0.0,2,40.0,14.0,2555.0,17.2,1.68,11.4,207,54,44300.0,1,0.341
2026-04-05T10:00,0.0,0.0,0.0,0.0,0.0,0.0,3,40.0,7.0,2110.0,15.9,3.29,10.3,237,87,44280.0,1,0.34
2026-04-05T11:00,0.0,0.0,0.0,0.0,0.0,0.0,3,20.0,31.0,50.0,14.0,0.5,10.3,307,100,43820.0,1,0.34
2026-04-05T12:00,0.0,0.0,0.0,0.0,0.0,0.0,3,0.0,47.0,75.0,5.3,0.16,3.2,162,100,300.0,0,0.357
2026-04-05T13:00,0.1,0.1,0.0,0.0,0.0,0.0,51,30.0,43.0,60.0,5.5,1.6,5.3,184,100,2100.0,0,0.358
2026-04-05T14:00,0.8,0.0,0.6,0.35,0.5,0.01,85,40.0,20.0,40.0,5.2,0.65,5.5,180,100,12980.0,0,0.361
2026-04-05T15:00,0.0,0.0,0.0,0.0,0.0,0.01,3,0.0,30.0,25.0,4.4,0.67,4.0,228,100,25080.0,0,0.36
2026-04-05T16:00,0.1,0.0,0.1,0.07,0.1,0.01,85,30.0,3.0,20.0,4.2,0.5,4.5,233,100,28780.0,0,0.359
2026-04-05T17:00,0.6,0.0,0.6,0.42,0.6,0.01,85,0.0,44.0,15.0,4.0,0.43,4.7,249,91,31400.0,0,0.359
2026-04-05T18:00,0.0,0.0,0.0,0.0,0.0,0.01,3,0.0,34.0,10.0,3.9,0.21,4.4,225,100,27660.0,0,0.358
2026-04-05T19:00,0.0,0.0,0.0,0.0,0.0,0.01,3,20.0,36.0,15.0,3.3,0.65,5.1,247,91,24460.0,0,0.358
2026-04-05T20:00,0.0,0.0,0.0,0.0,0.0,0.01,2,10.0,41.0,10.0,3.0,0.22,5.0,243,75,36120.0,0,0.357
2026-04-05T21:00,0.0,0.0,0.0,0.0,0.0,0.01,3,20.0,3.0,20.0,2.3,0.92,5.5,202,96,12280.0,0,0.356
2026-04-05T22:00,0.1,0.0,0.0,0.07,0.1,0.01,71,60.0,67.0,20.0,2.9,0.81,5.9,202,98,18720.0,0,0.356
2026-04-05T23:00,0.0,0.0,0.0,0.0,0.0,0.01,3,70.0,59.0,10.0,2.8,0.21,5.9,225,97,26780.0,0,0.355
2026-04-06T00:00,0.0,0.0,0.0,0.0,0.0,0.02,3,100.0,8.0,20.0,3.7,0.29,4.4,211,83,14840.0,1,0.353
2026-04-06T01:00,0.1,0.0,0.0,0.07,0.1,0.02,71,110.0,20.0,195.0,6.9,0.78,5.4,105,37,16400.0,1,0.352
2026-04-06T02:00,0.1,0.1,0.0,0.0,0.0,0.02,51,180.0,5.0,790.0,7.4,0.6,6.8,132,27,14460.0,1,0.352
2026-04-06T03:00,0.1,0.1,0.0,0.0,0.0,0.02,51,70.0,3.0,2070.0,8.8,0.82,6.1,194,27,35680.0,1,0.352
2026-04-06T04:00,0.0,0.0,0.0,0.0,0.0,0.02,1,20.0,49.0,2260.0,14.1,2.53,8.6,243,27,44080.0,1,0.353
2026-04-06T05:00,0.0,0.0,0.0,0.0,0.0,0.02,0,10.0,22.0,2270.0,14.9,3.91,12.4,242,13,44080.0,1,0.356
2026-04-06T06:00,0.0,0.0,0.0,0.0,0.0,0.01,1,0.0,25.0,2465.0,13.8,3.89,14.3,250,41,44060.0,1,0.36
2026-04-06T07:00,0.0,0.0,0.0,0.0,0.0,0.01,1,10.0,46.0,2515.0,15.1,4.43,14.2,245,22,44040.0,1,0.364
2026-04-06T08:00,0.0,0.0,0.0,0.0,0.0,0.01,0,80.0,51.0,2165.0,15.0,4.36,16.1,242,6,44040.0,1,0.366
2026-04-06T09:00,0.0,0.0,0.0,0.0,0.0,0.0,0,20.0,52.0,2225.0,14.8,4.05,15.4,241,9,44020.0,1,0.367
2026-04-06T10:00,0.0,0.0,0.0,0.0,0.0,0.0,0,10.0,65.0,2020.0,13.9,3.51,14.2,234,9,44020.0,1,0.367
2026-04-06T11:00,0.0,0.0,0.0,0.0,0.0,0.0,0,0.0,92.0,1335.0,11.8,2.68,11.8,213,9,43580.0,1,0.367
2026-04-06T12:00,0.0,0.0,0.0,0.0,0.0,0.0,2,40.0,89.0,1070.0,8.7,0.78,9.5,225,77,43560.0,0,0.365
2026-04-06T13:00,0.0,0.0,0.0,0.0,0.0,0.0,2,0.0,11.0,50.0,7.3,0.6,6.7,246,66,42660.0,0,0.365
2026-04-06T14:00,0.0,0.0,0.0,0.0,0.0,0.0,3,0.0,29.0,25.0,5.2,0.54,6.4,248,93,42660.0,0,0.364
2026-04-06T15:00,0.0,0.0,0.0,0.0,0.0,0.0,3,0.0,4.0,20.0,3.2,0.95,4.7,252,100,39560.0,0,0.363
2026-04-06T16:00,0.0,0.0,0.0,0.0,0.0,0.0,2,0.0,6.0,25.0,3.6,1.01,5.0,243,67,41260.0,0,0.362
2026-04-06T17:00,0.0,0.0,0.0,0.0,0.0,0.0,3,0.0,11.0,15.0,1.5,0.85,4.9,249,99,40360.0,0,0.361
2026-04-06T18:00,0.0,0.0,0.0,0.0,0.0,0.0,3,0.0,10.0,20.0,1.6,1.03,5.0,247,87,40360.0,0,0.36
2026-04-06T19:00,0.0,0.0,0.0,0.0,0.0,0.0,3,0.0,3.0,15.0,1.6,0.99,5.4,240,99,40360.0,0,0.359
2026-04-06T20:00,0.0,0.0,0.0,0.0,0.0,0.0,3,0.0,8.0,15.0,1.3,0.9,4.9,236,94,40340.0,0,0.358
2026-04-06T21:00,0.0,0.0,0.0,0.0,0.0,0.0,3,0.0,7.0,10.0,0.2,0.64,4.5,231,98,40340.0,0,0.358
2026-04-06T22:00,0.0,0.0,0.0,0.0,0.0,0.0,3,10.0,12.0,10.0,0.3,0.64,4.4,225,100,38080.0,0,0.357
2026-04-06T23:00,0.0,0.0,0.0,0.0,0.0,0.0,3,0.0,12.0,15.0,1.2,0.88,4.6,223,100,40320.0,0,0.356
2026-04-07T00:00,0.0,0.0,0.0,0.0,0.0,0.0,3,0.0,13.0,15.0,2.7,1.11,5.0,216,100,41200.0,1,0.353
2026-04-07T01:00,0.0,0.0,0.0,0.0,0.0,0.0,3,0.0,13.0,310.0,7.8,1.23,5.8,153,100,42540.0,1,0.352
2026-04-07T02:00,0.2,0.0,0.2,0.14,0.2,0.01,85,0.0,13.0,1880.0,10.8,2.11,7.3,166,100,43420.0,1,0.351
2026-04-07T03:00,0.0,0.0,0.0,0.0,0.0,0.01,3,10.0,13.0,2200.0,12.7,2.73,9.0,204,100,43820.0,1,0.35
2026-04-07T04:00,0.0,0.0,0.0,0.0,0.0,0.01,3,20.0,10.0,2195.0,13.6,3.55,10.9,215,98,43820.0,1,0.349
2026-04-07T05:00,0.1,0.0,0.1,0.07,0.1,0.0,85,0.0,13.0,2465.0,15.1,4.28,13.2,224,66,43800.0,1,0.349
2026-04-07T06:00,0.2,0.0,0.2,0.14,0.2,0.0,85,0.0,38.0,2455.0,14.6,4.64,14.2,222,98,44100.0,1,0.346
2026-04-07T07:00,0.1,0.0,0.2,0.07,0.1,0.0,85,0.0,33.0,2425.0,15.7,4.95,15.4,226,100,44080.0,1,0.347
2026-04-07T08:00,0.0,0.0,0.0,0.0,0.0,0.0,3,10.0,46.0,2045.0,15.3,4.46,15.8,226,100,44060.0,1,0.347
2026-04-07T09:00,0.0,0.0,0.0,0.0,0.0,0.0,3,20.0,65.0,1650.0,14.6,4.49,15.4,223,100,43760.0,1,0.347
2026-04-07T10:00,0.0,0.0,0.0,0.0,0.0,0.0,3,0.0,4.0,1425.0,12.8,3.58,14.1,213,100,43000.0,1,0.347
2026-04-07T11:00,0.0,0.0,0.0,0.0,0.0,0.0,3,10.0,3.0,1295.0,11.2,2.3,11.6,204,100,43320.0,1,0.347
2026-04-07T12:00,0.0,0.0,0.0,0.0,0.0,0.0,2,50.0,69.0,850.0,8.4,1.03,8.1,203,64,43300.0,0,0.347
2026-04-07T13:00,0.0,0.0,0.0,0.0,0.0,0.0,3,80.0,53.0,35.0,6.3,0.71,6.2,225,82,41680.0,0,0.347
2026-04-07T14:00,0.0,0.0,0.0,0.0,0.0,0.0,3,50.0,32.0,25.0,4.9,0.67,5.0,243,84,42420.0,0,0.347
2026-04-07T15:00,0.0,0.0,0.0,0.0,0.0,0.0,0,0.0,11.0,30.0,3.6,0.87,4.5,239,15,41820.0,0,0.346
2026-04-07T16:00,0.0,0.0,0.0,0.0,0.0,0.0,0,0.0,0.0,35.0,1.8,1.32,4.7,245,13,41040.0,0,0.346
2026-04-07T17:00,0.0,0.0,0.0,0.0,0.0,0.0,0,0.0,0.0,40.0,1.2,1.46,5.3,248,19,41040.0,0,0.346
2026-04-07T18:00,0.0,0.0,0.0,0.0,0.0,0.0,1,0.0,4.0,35.0,0.8,1.24,6.2,227,32,41040.0,0,0.345
2026-04-07T19:00,0.0,0.0,0.0,0.0,0.0,0.0,1,0.0,0.0,25.0,0.5,0.4,6.7,277,23,41020.0,0,0.345
2026-04-07T20:00,0.0,0.0,0.0,0.0,0.0,0.0,3,0.0,0.0,30.0,-0.1,0.9,4.2,251,93,41020.0,0,0.345
2026-04-07T21:00,0.0,0.0,0.0,0.0,0.0,0.0,3,0.0,0.0,35.0,-0.3,1.19,4.3,242,100,41000.0,0,0.344
2026-04-07T22:00,0.0,0.0,0.0,0.0,0.0,0.0,3,0.0,0.0,30.0,-0.7,1.05,4.3,239,83,41740.0,0,0.344
2026-04-07T23:00,0.0,0.0,0.0,0.0,0.0,0.0,3,0.0,0.0,30.0,-0.9,0.99,3.9,240,86,41740.0,0,0.344
2026-04-08T00:00,0.0,0.0,0.0,0.0,0.0,0.0,3,0.0,0.0,35.0,2.7,1.5,4.0,240,98,42280.0,1,0.343
2026-04-08T01:00,0.0,0.0,0.0,0.0,0.0,0.0,3,0.0,0.0,810.0,6.1,1.21,4.9,232,100,36380.0,1,0.343
2026-04-08T02:00,0.0,0.0,0.0,0.0,0.0,0.0,3,10.0,0.0,1340.0,7.9,1.02,4.6,191,100,31400.0,1,0.342
2026-04-08T03:00,0.0,0.0,0.0,0.0,0.0,0.0,3,10.0,2.0,1565.0,9.3,1.14,5.0,209,100,27400.0,1,0.341
2026-04-08T04:00,0.0,0.0,0.0,0.0,0.0,0.0,3,30.0,2.0,1890.0,10.7,1.52,6.1,224,100,43540.0,1,0.34
2026-04-08T05:00,0.0,0.0,0.0,0.0,0.0,0.0,3,20.0,9.0,2495.0,12.3,2.48,8.1,245,100,43540.0,1,0.339
2026-04-08T06:00,0.2,0.0,0.2,0.14,0.2,0.0,85,70.0,0.0,2720.0,12.1,2.88,10.7,253,86,43520.0,1,0.34
2026-04-08T07:00,0.3,0.0,0.3,0.21,0.3,0.0,85,50.0,0.0,2665.0,13.1,3.37,10.7,255,46,43520.0,1,0.339
2026-04-08T08:00,0.1,0.0,0.1,0.07,0.1,0.0,85,0.0,26.0,2600.0,13.5,3.92,12.0,256,88,43800.0,1,0.338
2026-04-08T09:00,0.0,0.0,0.0,0.0,0.0,0.0,2,0.0,40.0,2390.0,13.0,3.47,12.0,258,73,43780.0,1,0.338
2026-04-08T10:00,0.0,0.0,0.0,0.0,0.0,0.0,3,20.0,46.0,2015.0,12.1,2.74,10.8,261,88,43480.0,1,0.338
2026-04-08T11:00,0.0,0.0,0.0,0.0,0.0,0.0,2,10.0,1.0,1720.0,10.8,2.28,8.8,251,73,43480.0,1,0.338
2026-04-08T12:00,0.0,0.0,0.0,0.0,0.0,0.0,1,0.0,1.0,200.0,7.4,0.64,6.6,231,23,43460.0,0,0.335
2026-04-08T13:00,0.0,0.0,0.0,0.0,0.0,0.0,1,0.0,1.0,25.0,5.7,0.64,3.8,231,34,43040.0,0,0.335
2026-04-08T14:00,0.0,0.0,0.0,0.0,0.0,0.0,0,0.0,1.0,20.0,3.6,0.9,4.0,236,9,42180.0,0,0.335
2026-04-08T15:00,0.0,0.0,0.0,0.0,0.0,0.0,0,0.0,2.0,30.0,1.9,1.4,5.3,235,1,41580.0,0,0.334
2026-04-08T16:00,0.0,0.0,0.0,0.0,0.0,0.0,0,0.0,2.0,30.0,0.9,1.3,5.3,242,0,40840.0,0,0.334
2026-04-08T17:00,0.0,0.0,0.0,0.0,0.0,0.0,0,0.0,2.0,30.0,0.3,1.36,4.9,242,0,40840.0,0,0.334
2026-04-08T18:00,0.0,0.0,0.0,0.0,0.0,0.0,0,0.0,2.0,30.0,-0.3,1.32,4.9,245,5,40820.0,0,0.334
2026-04-08T19:00,0.0,0.0,0.0,0.0,0.0,0.0,0,0.0,3.0,30.0,-0.2,1.3,4.9,242,9,40820.0,0,0.334
2026-04-08T20:00,0.0,0.0,0.0,0.0,0.0,0.0,0,0.0,3.0,25.0,-0.4,1.1,4.8,231,16,40800.0,0,0.334
2026-04-08T21:00,0.0,0.0,0.0,0.0,0.0,0.0,0,0.0,3.0,25.0,-0.6,1.03,4.1,231,2,40800.0,0,0.334
2026-04-08T22:00,0.0,0.0,0.0,0.0,0.0,0.0,0,0.0,3.0,15.0,-0.9,0.61,3.7,235,0,40800.0,0,0.334
2026-04-08T23:00,0.0,0.0,0.0,0.0,0.0,0.0,0,0.0,3.0,10.0,-0.9,0.28,2.6,225,1,40780.0,0,0.334
2026-04-09T00:00,0.0,0.0,0.0,0.0,0.0,0.0,0,0.0,4.0,20.0,2.6,0.92,1.8,229,5,41500.0,1,0.333
2026-04-09T01:00,0.0,0.0,0.0,0.0,0.0,0.0,1,0.0,4.0,865.0,6.5,0.65,3.6,148,46,42080.0,1,0.333
2026-04-09T02:00,0.0,0.0,0.0,0.0,0.0,0.0,2,0.0,4.0,1445.0,8.8,0.94,5.1,155,58,42920.0,1,0.333
2026-04-09T03:00,0.0,0.0,0.0,0.0,0.0,0.0,2,0.0,4.0,1905.0,11.3,1.63,6.3,198,60,43300.0,1,0.332
2026-04-09T04:00,0.0,0.0,0.0,0.0,0.0,0.0,2,0.0,4.0,2115.0,13.1,1.77,7.3,188,59,43280.0,1,0.331
2026-04-09T05:00,0.0,0.0,0.0,0.0,0.0,0.0,3,50.0,7.0,2615.0,14.8,2.38,8.1,202,93,43560.0,1,0.329
2026-04-09T06:00,0.1,0.0,0.1,0.07,0.1,0.0,85,0.0,1.0,2800.0,14.9,2.84,9.7,204,40,43540.0,1,0.328
2026-04-09T07:00,0.3,0.0,0.3,0.21,0.3,0.0,85,0.0,0.0,2890.0,16.0,2.74,8.9,218,30,43540.0,1,0.326
2026-04-09T08:00,0.7,0.0,0.7,0.49,0.7,0.0,85,0.0,3.0,2560.0,15.2,3.91,12.1,231,46,43520.0,1,0.327
2026-04-09T09:00,0.1,0.0,0.1,0.07,0.1,0.0,85,0.0,6.0,2580.0,14.9,3.68,12.1,224,56,43520.0,1,0.327
2026-04-09T10:00,0.0,0.0,0.0,0.0,0.0,0.0,2,0.0,24.0,1955.0,12.9,3.22,10.9,224,60,43220.0,1,0.328
2026-04-09T11:00,0.0,0.0,0.0,0.0,0.0,0.0,3,0.0,23.0,1795.0,11.6,1.49,9.7,228,95,43220.0,1,0.328
2026-04-09T12:00,0.0,0.0,0.0,0.0,0.0,0.0,3,40.0,0.0,1115.0,8.6,0.25,5.3,233,100,27820.0,0,0.333
2026-04-09T13:00,0.0,0.0,0.0,0.0,0.0,0.0,1,30.0,87.0,30.0,7.3,0.46,4.8,319,34,41960.0,0,0.333
2026-04-09T14:00,0.0,0.0,0.0,0.0,0.0,0.0,0,0.0,52.0,25.0,4.3,0.72,3.6,295,10,41380.0,0,0.333
2026-04-09T15:00,0.0,0.0,0.0,0.0,0.0,0.0,2,0.0,37.0,25.0,2.2,1.2,4.4,268,78,41360.0,0,0.333
2026-04-09T16:00,0.0,0.0,0.0,0.0,0.0,0.0,0,0.0,0.0,20.0,1.3,1.11,4.9,252,2,40640.0,0,0.333
2026-04-09T17:00,0.0,0.0,0.0,0.0,0.0,0.0,0,0.0,0.0,15.0,0.3,0.89,4.9,254,0,40620.0,0,0.333
2026-04-09T18:00,0.0,0.0,0.0,0.0,0.0,0.0,0,0.0,32.0,15.0,0.7,0.67,4.1,243,2,40620.0,0,0.332
2026-04-09T19:00,0.0,0.0,0.0,0.0,0.0,0.0,0,0.0,3.0,15.0,-0.1,0.9,4.0,251,0,40620.0,0,0.332
2026-04-09T20:00,0.0,0.0,0.0,0.0,0.0,0.0,1,0.0,2.0,15.0,-0.4,0.94,4.3,245,20,40600.0,0,0.332
2026-04-09T21:00,0.0,0.0,0.0,0.0,0.0,0.0,1,0.0,2.0,15.0,-0.5,0.87,4.2,246,27,40600.0,0,0.332
2026-04-09T22:00,0.0,0.0,0.0,0.0,0.0,0.0,0,0.0,2.0,15.0,-0.6,0.76,3.9,247,16,40580.0,0,0.332
2026-04-09T23:00,0.0,0.0,0.0,0.0,0.0,0.0,1,0.0,1.0,15.0,-0.7,0.6,3.4,246,39,40580.0,0,0.332
2026-04-10T00:00,0.0,0.0,0.0,0.0,0.0,0.0,3,0.0,1.0,20.0,3.7,0.63,2.9,241,100,41280.0,1,0.331
2026-04-10T01:00,0.0,0.0,0.0,0.0,0.0,0.0,3,0.0,1.0,635.0,7.4,0.41,3.2,194,83,42680.0,1,0.33
2026-04-10T02:00,0.0,0.0,0.0,0.0,0.0,0.0,0,0.0,1.0,1890.0,10.0,1.75,5.5,204,18,43060.0,1,0.33
2026-04-10T03:00,0.0,0.0,0.0,0.0,0.0,0.0,2,0.0,7.0,2330.0,12.0,2.15,7.3,205,59,43040.0,1,0.329
2026-04-10T04:00,0.0,0.0,0.0,0.0,0.0,0.0,2,10.0,3.0,2610.0,13.5,2.4,8.0,203,73,43020.0,1,0.328
2026-04-10T05:00,0.0,0.0,0.0,0.0,0.0,0.0,2,20.0,0.0,2710.0,14.5,2.71,8.8,208,62,43020.0,1,0.327
2026-04-10T06:00,0.3,0.0,0.3,0.21,0.3,0.0,85,30.0,0.0,2915.0,14.3,2.67,9.1,193,54,43280.0,1,0.332
2026-04-10T07:00,0.0,0.0,0.0,0.0,0.0,0.0,3,50.0,0.0,3230.0,15.4,3.02,9.8,192,88,43260.0,1,0.332
2026-04-10T08:00,0.0,0.0,0.0,0.0,0.0,0.01,3,60.0,0.0,3275.0,14.8,3.11,9.9,204,94,43260.0,1,0.331
2026-04-10T09:00,0.0,0.0,0.0,0.0,0.0,0.01,2,20.0,0.0,2805.0,13.7,4.14,12.1,228,73,42980.0,1,0.331
2026-04-10T10:00,0.0,0.0,0.0,0.0,0.0,0.01,1,10.0,22.0,1850.0,12.5,4.15,13.5,239,34,42960.0,1,0.331
2026-04-10T11:00,0.0,0.0,0.0,0.0,0.0,0.01,2,10.0,55.0,1615.0,11.1,3.17,12.4,249,57,42960.0,1,0.33
2026-04-10T12:00,0.0,0.0,0.0,0.0,0.0,0.0,1,20.0,27.0,1180.0,7.8,1.24,9.3,256,30,42940.0,0,0.332
2026-04-10T13:00,0.0,0.0,0.0,0.0,0.0,0.0,2,10.0,69.0,35.0,7.0,0.36,6.4,286,67,42560.0,0,0.332
2026-04-10T14:00,0.0,0.0,0.0,0.0,0.0,0.0,2,0.0,41.0,10.0,5.7,0.05,3.9,180,55,42540.0,0,0.332
2026-04-10T15:00,0.0,0.0,0.0,0.0,0.0,0.0,0,0.0,1.0,20.0,3.9,0.5,3.5,233,7,42540.0,0,0.332
2026-04-10T16:00,0.0,0.0,0.0,0.0,0.0,0.0,0,0.0,1.0,30.0,2.2,1.1,4.2,240,4,41700.0,0,0.332
2026-04-10T17:00,0.0,0.0,0.0,0.0,0.0,0.0,0,0.0,1.0,30.0,1.2,1.3,4.6,242,9,41140.0,0,0.332
2026-04-10T18:00,0.0,0.0,0.0,0.0,0.0,0.0,0,0.0,1.0,25.0,0.5,1.37,4.6,237,4,40420.0,0,0.332
2026-04-10T19:00,0.0,0.0,0.0,0.0,0.0,0.0,1,0.0,57.0,25.0,0.2,1.34,4.9,243,21,40420.0,0,0.331
2026-04-10T20:00,0.0,0.0,0.0,0.0,0.0,0.0,0,0.0,47.0,20.0,-0.3,1.12,4.8,243,0,39580.0,0,0.331
2026-04-10T21:00,0.0,0.0,0.0,0.0,0.0,0.0,0,0.0,54.0,20.0,-0.6,1.03,4.1,247,4,39580.0,0,0.331
2026-04-10T22:00,0.0,0.0,0.0,0.0,0.0,0.0,1,0.0,65.0,15.0,-0.8,0.87,3.9,246,28,39580.0,0,0.331
2026-04-10T23:00,0.0,0.0,0.0,0.0,0.0,0.0,1,0.0,5.0,15.0,-0.9,0.76,3.6,238,45,39560.0,0,0.331
2026-04-11T00:00,0.0,0.0,0.0,0.0,0.0,0.0,0,0.0,51.0,35.0,2.8,1.53,3.5,238,14,40360.0,1,0.33
2026-04-11T01:00,0.0,0.0,0.0,0.0,0.0,0.0,0,0.0,35.0,790.0,7.3,1.26,4.4,236,4,41620.0,1,0.33
2026-04-11T02:00,0.2,0.0,0.2,0.14,0.2,0.0,85,0.0,66.0,1475.0,9.6,1.5,5.0,244,42,42420.0,1,0.33
2026-04-11T03:00,0.2,0.0,0.2,0.14,0.2,0.01,85,0.0,7.0,1835.0,11.3,2.3,7.4,269,92,42780.0,1,0.329
2026-04-11T04:00,0.2,0.0,0.2,0.14,0.2,0.01,85,0.0,0.0,2190.0,12.7,2.46,8.3,283,90,42780.0,1,0.328
2026-04-11T05:00,0.0,0.0,0.0,0.0,0.0,0.01,3,0.0,2.0,2580.0,13.9,2.67,8.7,283,97,42760.0,1,0.328
2026-04-11T06:00,0.9,0.0,0.9,0.63,0.9,0.01,85,0.0,6.0,2375.0,12.8,3.3,10.1,280,80,34320.0,1,0.332
2026-04-11T07:00,1.7,0.0,1.7,1.19,1.7,0.02,86,10.0,0.0,2455.0,14.0,3.52,11.0,277,57,39940.0,1,0.334
2026-04-11T08:00,0.9,0.0,0.9,0.56,0.8,0.02,85,20.0,5.0,2490.0,14.1,3.86,11.9,280,31,41600.0,1,0.339
2026-04-11T09:00,0.2,0.0,0.2,0.14,0.2,0.02,85,0.0,12.0,2615.0,14.1,4.5,13.4,272,47,41920.0,1,0.343
2026-04-11T10:00,0.0,0.0,0.0,0.0,0.0,0.02,2,40.0,26.0,1955.0,13.2,4.01,14.0,260,65,42720.0,1,0.346
2026-04-11T11:00,0.0,0.0,0.0,0.0,0.0,0.02,2,30.0,66.0,1355.0,11.7,3.19,12.2,253,55,42700.0,1,0.348
2026-04-11T12:00,0.0,0.0,0.0,0.0,0.0,0.01,1,70.0,51.0,130.0,7.4,1.06,9.4,221,20,42320.0,0,0.347
2026-04-11T13:00,0.0,0.0,0.0,0.0,0.0,0.01,2,50.0,58.0,35.0,4.9,1.21,5.1,240,68,41500.0,0,0.346
2026-04-11T14:00,0.0,0.0,0.0,0.0,0.0,0.01,3,40.0,47.0,25.0,3.6,1.23,4.9,249,91,40940.0,0,0.346
2026-04-11T15:00,0.0,0.0,0.0,0.0,0.0,0.01,3,50.0,47.0,20.0,2.8,1.04,4.9,253,98,40940.0,0,0.345
2026-04-11T16:00,0.0,0.0,0.0,0.0,0.0,0.01,2,60.0,43.0,20.0,2.6,1.01,4.3,250,70,40240.0,0,0.345
2026-04-11T17:00,0.0,0.0,0.0,0.0,0.0,0.01,2,30.0,3.0,15.0,1.1,0.92,3.9,257,65,40220.0,0,0.344
2026-04-11T18:00,0.0,0.0,0.0,0.0,0.0,0.01,1,10.0,51.0,15.0,0.5,0.92,3.6,241,41,39420.0,0,0.344
2026-04-11T19:00,0.0,0.0,0.0,0.0,0.0,0.01,3,0.0,48.0,15.0,0.2,0.82,3.6,232,100,39400.0,0,0.344
2026-04-11T20:00,0.0,0.0,0.0,0.0,0.0,0.01,2,0.0,42.0,15.0,0.1,0.74,3.3,228,50,39400.0,0,0.343
2026-04-11T21:00,0.0,0.0,0.0,0.0,0.0,0.01,3,10.0,45.0,15.0,-0.3,0.85,3.2,230,100,39400.0,0,0.343
2026-04-11T22:00,0.0,0.0,0.0,0.0,0.0,0.01,3,0.0,56.0,10.0,0.6,0.49,3.2,246,100,39380.0,0,0.343
2026-04-11T23:00,0.0,0.0,0.0,0.0,0.0,0.01,3,10.0,59.0,15.0,0.4,0.51,2.0,259,93,39380.0,0,0.342
2026-04-12T00:00,0.0,0.0,0.0,0.0,0.0,0.01,1,0.0,17.0,15.0,2.3,0.83,2.6,245,49,39360.0,1,0.341
2026-04-12T01:00,0.0,0.0,0.0,0.0,0.0,0.01,1,10.0,0.0,425.0,7.4,0.52,3.3,163,20,41400.0,1,0.341
2026-04-12T02:00,0.0,0.0,0.0,0.0,0.0,0.01,0,10.0,36.0,1080.0,10.0,1.23,5.6,111,14,42180.0,1,0.34
2026-04-12T03:00,0.0,0.0,0.0,0.0,0.0,0.01,1,0.0,31.0,1740.0,12.4,1.12,6.5,122,45,42540.0,1,0.339
2026-04-12T04:00,0.0,0.0,0.0,0.0,0.0,0.01,3,0.0,6.0,2370.0,14.2,0.96,6.1,171,85,42780.0,1,0.34
2026-04-12T05:00,0.0,0.0,0.0,0.0,0.0,0.01,2,0.0,0.0,2775.0,15.3,1.44,5.8,194,60,42760.0,1,0.341
2026-04-12T06:00,0.0,0.0,0.0,0.0,0.0,0.01,2,0.0,1.0,2710.0,14.3,1.86,7.5,186,77,42760.0,1,0.344
2026-04-12T07:00,0.6,0.0,0.6,0.42,0.6,0.01,85,0.0,0.0,2580.0,14.9,1.63,7.0,220,89,42740.0,1,0.347
2026-04-12T08:00,0.2,0.0,0.2,0.14,0.2,0.01,85,0.0,0.0,2355.0,13.8,2.18,6.7,254,98,42480.0,1,0.349
2026-04-12T09:00,0.0,0.0,0.0,0.0,0.0,0.01,3,0.0,47.0,2090.0,12.8,2.65,8.3,270,95,42460.0,1,0.351
2026-04-12T10:00,0.0,0.0,0.0,0.0,0.0,0.01,3,20.0,0.0,2450.0,12.9,2.17,8.3,285,92,42460.0,1,0.353
2026-04-12T11:00,0.6,0.0,0.6,0.42,0.6,0.01,85,70.0,83.0,405.0,8.4,1.7,7.9,267,98,40760.0,1,0.353
2026-04-12T12:00,0.1,0.0,0.1,0.07,0.1,0.01,85,0.0,26.0,110.0,4.7,0.64,6.0,51,100,19640.0,0,0.358
2026-04-12T13:00,0.1,0.0,0.1,0.07,0.1,0.02,85,40.0,8.0,225.0,5.0,1.87,5.9,278,100,26900.0,0,0.358
2026-04-12T14:00,0.2,0.0,0.2,0.14,0.2,0.02,85,0.0,21.0,90.0,4.1,1.08,6.2,292,99,22820.0,0,0.357
2026-04-12T15:00,0.0,0.0,0.0,0.0,0.0,0.02,3,10.0,18.0,25.0,3.3,0.6,4.9,265,93,37460.0,0,0.356
2026-04-12T16:00,0.0,0.0,0.0,0.0,0.0,0.02,2,10.0,14.0,15.0,3.1,0.28,3.6,225,74,34480.0,0,0.355
2026-04-12T17:00,0.0,0.0,0.0,0.0,0.0,0.02,3,10.0,10.0,10.0,2.1,0.18,2.2,214,98,33180.0,0,0.354
2026-04-12T18:00,0.0,0.0,0.0,0.0,0.0,0.02,3,30.0,1.0,15.0,1.4,0.35,1.6,188,100,30760.0,0,0.354
2026-04-12T19:00,0.0,0.0,0.0,0.0,0.0,0.02,2,50.0,8.0,20.0,1.2,0.6,2.3,180,79,33700.0,0,0.353
2026-04-12T20:00,0.0,0.0,0.0,0.0,0.0,0.02,3,20.0,2.0,20.0,0.8,0.74,3.1,200,91,19300.0,0,0.352
2026-04-12T21:00,0.0,0.0,0.0,0.0,0.0,0.02,0,0.0,8.0,15.0,0.1,0.6,3.3,204,5,38740.0,0,0.351
2026-04-12T22:00,0.0,0.0,0.0,0.0,0.0,0.02,1,0.0,5.0,10.0,-1.0,0.32,2.9,231,23,37640.0,0,0.351
2026-04-12T23:00,0.0,0.0,0.0,0.0,0.0,0.02,0,0.0,2.0,10.0,-0.7,0.16,2.3,252,6,39200.0,0,0.35
2026-04-13T00:00,0.0,0.0,0.0,0.0,0.0,0.02,2,0.0,1.0,20.0,1.1,0.53,2.8,221,75,39180.0,1,0.344
2026-04-13T01:00,0.0,0.0,0.0,0.0,0.0,0.02,3,0.0,23.0,360.0,5.3,1.12,4.8,117,100,39960.0,1,0.343
2026-04-13T02:00,0.1,0.0,0.1,0.07,0.1,0.02,85,0.0,2.0,1120.0,7.9,1.79,6.9,120,100,38960.0,1,0.343
2026-04-13T03:00,0.4,0.0,0.4,0.28,0.4,0.02,85,20.0,0.0,1485.0,9.9,1.67,7.2,141,100,39700.0,1,0.342
2026-04-13T04:00,0.0,0.0,0.0,0.0,0.0,0.02,3,20.0,0.0,1905.0,11.4,0.96,7.1,137,100,37940.0,1,0.342
2026-04-13T05:00,0.0,0.0,0.0,0.0,0.0,0.02,3,20.0,0.0,2095.0,11.8,0.11,5.7,63,100,33160.0,1,0.344
2026-04-13T06:00,0.0,0.0,0.0,0.0,0.0,0.02,3,10.0,4.0,1790.0,10.4,1.4,4.3,2,100,14480.0,1,0.35
2026-04-13T07:00,0.1,0.0,0.0,0.07,0.1,0.01,71,70.0,1.0,1985.0,11.6,1.06,6.4,352,79,19700.0,1,0.353
2026-04-13T08:00,0.1,0.1,0.0,0.0,0.0,0.01,51,150.0,0.0,2015.0,12.3,2.42,8.9,338,99,24480.0,1,0.356
2026-04-13T09:00,1.4,0.0,1.3,0.98,1.4,0.01,86,20.0,5.0,1055.0,9.3,2.44,11.1,301,100,11660.0,1,0.358
2026-04-13T10:00,0.1,0.0,0.0,0.07,0.1,0.01,71,10.0,4.0,995.0,8.3,2.67,9.0,352,99,29480.0,1,0.36
2026-04-13T11:00,0.1,0.0,0.0,0.07,0.1,0.01,71,10.0,1.0,355.0,6.4,2.47,9.1,284,100,6200.0,1,0.361
2026-04-13T12:00,0.5,0.0,0.0,0.35,0.5,0.02,73,40.0,1.0,90.0,4.2,0.43,6.7,291,100,6940.0,0,0.355
2026-04-13T13:00,1.6,0.0,1.3,1.12,1.6,0.03,86,40.0,5.0,70.0,3.2,0.61,3.5,9,100,7280.0,0,0.354
2026-04-13T14:00,1.0,0.0,0.8,0.7,1.0,0.04,85,20.0,1.0,35.0,3.1,0.11,3.5,243,100,8920.0,0,0.353
2026-04-13T15:00,0.7,0.0,0.5,0.49,0.7,0.04,85,0.0,0.0,35.0,2.8,0.3,2.2,189,100,9920.0,0,0.353
2026-04-13T16:00,0.2,0.0,0.1,0.21,0.3,0.04,85,20.0,2.0,45.0,2.7,0.58,1.9,211,100,4980.0,0,0.352
2026-04-13T17:00,0.6,0.0,0.2,0.42,0.6,0.05,85,0.0,2.0,30.0,2.3,0.32,2.1,231,98,12560.0,0,0.351
2026-04-13T18:00,0.1,0.0,0.1,0.07,0.1,0.05,85,30.0,11.0,20.0,2.7,0.18,2.8,214,50,22860.0,0,0.351
2026-04-13T19:00,0.0,0.0,0.0,0.0,0.0,0.05,3,60.0,3.0,20.0,-0.1,0.57,3.7,225,88,28220.0,0,0.35
2026-04-13T20:00,0.0,0.0,0.0,0.0,0.0,0.05,1,70.0,23.0,15.0,0.3,0.32,4.3,198,27,35360.0,0,0.349
2026-04-13T21:00,0.0,0.0,0.0,0.0,0.0,0.05,0,60.0,20.0,15.0,-1.4,0.39,3.4,230,18,38840.0,0,0.349
2026-04-13T22:00,0.0,0.0,0.0,0.0,0.0,0.05,0,0.0,21.0,10.0,-3.0,0.32,3.6,231,6,38720.0,0,0.348
2026-04-13T23:00,0.0,0.0,0.0,0.0,0.0,0.05,0,0.0,51.0,10.0,-4.7,0.6,3.8,246,9,37180.0,0,0.348
2026-04-14T00:00,0.0,0.0,0.0,0.0,0.0,0.05,3,10.0,39.0,50.0,0.1,1.54,3.9,283,90,3300.0,1,0.349
2026-04-14T01:00,0.0,0.0,0.0,0.0,0.0,0.05,3,10.0,27.0,235.0,2.4,1.19,5.0,327,98,1580.0,1,0.348
2026-04-14T02:00,0.0,0.0,0.0,0.0,0.0,0.05,3,0.0,16.0,600.0,4.4,0.78,4.2,40,97,8680.0,1,0.348
2026-04-14T03:00,0.0,0.0,0.0,0.0,0.0,0.04,3,0.0,2.0,1155.0,5.9,0.3,2.9,90,100,32160.0,1,0.347
2026-04-14T04:00,0.0,0.0,0.0,0.0,0.0,0.04,3,0.0,3.0,1350.0,6.5,0.55,3.0,95,100,27980.0,1,0.347
2026-04-14T05:00,0.3,0.0,0.3,0.21,0.3,0.04,85,10.0,2.0,1390.0,7.6,0.41,3.5,76,100,37200.0,1,0.353
2026-04-14T06:00,0.0,0.0,0.0,0.0,0.0,0.04,3,20.0,1.0,1590.0,9.3,1.49,4.9,70,98,34520.0,1,0.361
2026-04-14T07:00,0.1,0.0,0.1,0.07,0.1,0.03,85,30.0,2.0,1845.0,8.6,0.96,5.5,81,100,25300.0,1,0.367
2026-04-14T08:00,0.0,0.0,0.0,0.0,0.0,0.03,3,40.0,0.0,2160.0,9.3,0.35,5.4,8,100,19880.0,1,0.374
2026-04-14T09:00,0.0,0.0,0.0,0.0,0.0,0.03,3,10.0,14.0,1495.0,8.2,1.21,4.8,322,95,20480.0,1,0.377
2026-04-14T10:00,0.0,0.0,0.0,0.0,0.0,0.03,3,20.0,17.0,1380.0,8.1,1.39,6.5,322,82,40700.0,1,0.379
2026-04-14T11:00,0.0,0.0,0.0,0.0,0.0,0.03,3,40.0,29.0,510.0,6.4,1.32,5.6,349,99,40860.0,1,0.379
2026-04-14T12:00,0.0,0.0,0.0,0.0,0.0,0.02,3,30.0,5.0,190.0,4.3,1.21,5.4,294,99,17200.0,0,0.382
2026-04-14T13:00,0.2,0.0,0.1,0.14,0.2,0.03,85,40.0,3.0,50.0,3.5,0.76,4.6,247,99,7060.0,0,0.379
2026-04-14T14:00,2.3,0.0,2.2,1.61,2.3,0.04,86,10.0,11.0,60.0,3.4,1.21,4.4,232,100,17380.0,0,0.377
2026-04-14T15:00,0.8,0.0,0.7,0.56,0.8,0.05,85,30.0,6.0,35.0,2.3,0.87,4.3,246,100,9300.0,0,0.375
2026-04-14T16:00,0.2,0.0,0.1,0.14,0.2,0.05,85,40.0,20.0,30.0,1.8,0.7,4.4,201,100,10980.0,0,0.373
2026-04-14T17:00,0.1,0.0,0.0,0.07,0.1,0.05,71,50.0,2.0,30.0,1.5,0.82,4.2,194,100,12740.0,0,0.372
2026-04-14T18:00,0.0,0.0,0.0,0.0,0.0,0.05,3,130.0,10.0,10.0,1.9,0.11,3.5,243,100,35160.0,0,0.37
2026-04-14T19:00,0.0,0.0,0.0,0.0,0.0,0.05,3,120.0,9.0,15.0,1.3,0.39,3.5,220,90,31460.0,0,0.369
2026-04-14T20:00,0.0,0.0,0.0,0.0,0.0,0.05,3,170.0,15.0,15.0,-1.3,0.53,4.0,229,100,38860.0,0,0.368
2026-04-14T21:00,0.0,0.0,0.0,0.0,0.0,0.05,3,120.0,17.0,20.0,-0.7,0.63,4.4,241,100,36820.0,0,0.366
2026-04-14T22:00,0.0,0.0,0.0,0.0,0.0,0.05,3,90.0,20.0,30.0,-1.1,0.9,4.8,251,100,36560.0,0,0.365
2026-04-14T23:00,0.3,0.0,0.3,0.21,0.3,0.05,85,100.0,12.0,35.0,-1.3,0.91,4.8,264,100,37320.0,0,0.364
2026-04-15T00:00,0.0,0.0,0.0,0.0,0.0,0.02,3,100.0,3.0,45.0,1.2,1.15,5.2,268,100,34700.0,1,0.361
2026-04-15T01:00,0.3,0.0,0.3,0.21,0.3,0.03,85,60.0,4.0,435.0,3.2,0.85,6.3,273,100,37120.0,1,0.36
2026-04-15T02:00,0.2,0.0,0.2,0.14,0.2,0.03,85,60.0,4.0,675.0,5.1,0.72,4.5,335,100,37740.0,1,0.359
2026-04-15T03:00,0.0,0.0,0.0,0.0,0.0,0.03,3,140.0,4.0,1530.0,6.8,1.01,6.6,351,100,40200.0,1,0.358
2026-04-15T04:00,0.0,0.0,0.0,0.0,0.0,0.03,3,200.0,0.0,2460.0,8.2,1.76,7.6,345,100,41460.0,1,0.357
2026-04-15T05:00,0.1,0.0,0.1,0.07,0.1,0.03,85,110.0,0.0,2545.0,8.9,2.55,9.7,320,100,41780.0,1,0.357
2026-04-15T06:00,0.0,0.0,0.0,0.0,0.0,0.02,3,10.0,0.0,2530.0,10.3,3.43,10.4,317,100,41760.0,1,0.362
2026-04-15T07:00,0.0,0.0,0.0,0.0,0.0,0.02,3,10.0,0.0,3190.0,9.7,3.16,11.5,309,100,41980.0,1,0.364
2026-04-15T08:00,0.0,0.0,0.0,0.0,0.0,0.02,3,10.0,0.0,3305.0,12.5,3.94,12.9,306,100,41980.0,1,0.366
2026-04-15T09:00,0.0,0.0,0.0,0.0,0.0,0.02,3,10.0,0.0,3070.0,12.0,3.57,12.4,307,100,41960.0,1,0.367
2026-04-15T10:00,0.0,0.0,0.0,0.0,0.0,0.02,3,10.0,23.0,2525.0,11.1,3.58,11.3,303,98,41960.0,1,0.368
2026-04-15T11:00,0.0,0.0,0.0,0.0,0.0,0.01,3,10.0,21.0,1450.0,9.5,2.83,11.1,287,100,41940.0,1,0.369
2026-04-15T12:00,0.0,0.0,0.0,0.0,0.0,0.01,3,10.0,19.0,260.0,7.0,0.88,8.5,313,100,41700.0,0,0.369
2026-04-15T13:00,0.0,0.0,0.0,0.0,0.0,0.01,3,0.0,17.0,40.0,5.5,0.96,5.4,264,100,41700.0,0,0.368
2026-04-15T14:00,0.0,0.0,0.0,0.0,0.0,0.01,3,0.0,16.0,20.0,4.3,0.79,4.1,252,97,41360.0,0,0.367
2026-04-15T15:00,0.0,0.0,0.0,0.0,0.0,0.01,3,0.0,14.0,10.0,2.5,0.59,2.9,250,98,41360.0,0,0.366
2026-04-15T16:00,0.0,0.0,0.0,0.0,0.0,0.01,3,0.0,16.0,15.0,1.8,0.97,3.5,258,100,40600.0,0,0.365
2026-04-15T17:00,0.0,0.0,0.0,0.0,0.0,0.01,3,0.0,10.0,15.0,0.9,1.32,4.6,261,98,40080.0,0,0.364
2026-04-15T18:00,0.0,0.0,0.0,0.0,0.0,0.01,1,0.0,6.0,20.0,0.3,1.08,4.9,257,23,40080.0,0,0.363
2026-04-15T19:00,0.0,0.0,0.0,0.0,0.0,0.01,0,0.0,13.0,20.0,0.0,1.07,4.6,259,5,40060.0,0,0.362
2026-04-15T20:00,0.0,0.0,0.0,0.0,0.0,0.01,2,0.0,12.0,15.0,-0.5,0.96,4.5,264,53,40060.0,0,0.361
2026-04-15T21:00,0.0,0.0,0.0,0.0,0.0,0.01,0,0.0,11.0,25.0,-0.6,0.95,4.6,273,14,40040.0,0,0.361
2026-04-15T22:00,0.0,0.0,0.0,0.0,0.0,0.01,2,0.0,10.0,40.0,-0.7,1.1,5.0,273,76,40040.0,0,0.36
2026-04-15T23:00,0.0,0.0,0.0,0.0,0.0,0.01,3,10.0,9.0,40.0,-0.6,1.0,5.0,288,96,40020.0,0,0.359
2026-04-16T00:00,0.0,0.0,0.0,0.0,0.0,0.01,3,10.0,8.0,135.0,2.3,1.48,5.5,315,99,29040.0,1,0.359
2026-04-16T01:00,0.0,0.0,0.0,0.0,0.0,0.01,3,10.0,6.0,430.0,4.9,1.97,7.5,324,98,27660.0,1,0.358
2026-04-16T02:00,0.0,0.0,0.0,0.0,0.0,0.01,0,0.0,5.0,1245.0,6.9,2.51,9.0,329,15,28040.0,1,0.357
2026-04-16T03:00,0.0,0.0,0.0,0.0,0.0,0.01,2,0.0,1.0,1680.0,9.1,2.52,9.5,319,54,30400.0,1,0.356
2026-04-16T04:00,0.3,0.0,0.3,0.21,0.3,0.02,85,0.0,2.0,1970.0,10.4,2.94,10.1,318,71,32400.0,1,0.355
2026-04-16T05:00,0.4,0.0,0.4,0.28,0.4,0.02,85,10.0,2.0,1990.0,10.9,3.5,11.9,318,72,40260.0,1,0.354
2026-04-16T06:00,0.1,0.0,0.1,0.07,0.1,0.02,85,10.0,2.0,2170.0,10.1,3.59,11.9,320,73,41580.0,1,0.353
2026-04-16T07:00,0.1,0.0,0.1,0.07,0.1,0.02,85,0.0,0.0,2320.0,11.4,3.98,13.0,320,95,41580.0,1,0.353
2026-04-16T08:00,0.0,0.0,0.0,0.0,0.0,0.02,2,0.0,21.0,2370.0,11.3,4.18,13.7,323,68,41580.0,1,0.353
2026-04-16T09:00,0.2,0.0,0.2,0.14,0.2,0.02,85,0.0,21.0,2490.0,11.2,3.87,13.6,324,48,41580.0,1,0.353
2026-04-16T10:00,0.1,0.0,0.1,0.07,0.1,0.02,85,0.0,4.0,2570.0,10.8,3.4,12.6,336,46,41580.0,1,0.354
2026-04-16T11:00,0.0,0.0,0.0,0.0,0.0,0.02,1,0.0,4.0,2300.0,9.8,2.69,11.1,318,27,41580.0,1,0.355
2026-04-16T12:00,0.0,0.0,0.0,0.0,0.0,0.01,1,0.0,21.0,35.0,7.1,0.3,8.5,360,21,41580.0,0,0.354
2026-04-16T13:00,0.0,0.0,0.0,0.0,0.0,0.01,0,0.0,33.0,10.0,5.6,0.07,3.7,225,0,41580.0,0,0.354
2026-04-16T14:00,0.0,0.0,0.0,0.0,0.0,0.01,0,0.0,52.0,15.0,3.8,0.28,1.7,225,7,41280.0,0,0.353
2026-04-16T15:00,0.0,0.0,0.0,0.0,0.0,0.01,3,0.0,5.0,10.0,1.7,0.32,1.4,252,100,41280.0,0,0.353
2026-04-16T16:00,0.0,0.0,0.0,0.0,0.0,0.01,3,0.0,12.0,10.0,0.5,0.62,2.6,256,100,40520.0,0,0.353
2026-04-16T17:00,0.0,0.0,0.0,0.0,0.0,0.01,3,0.0,20.0,10.0,-0.0,0.56,3.0,243,93,40020.0,0,0.352
2026-04-16T18:00,0.0,0.0,0.0,0.0,0.0,0.01,2,10.0,14.0,10.0,-0.5,0.54,2.9,236,51,40020.0,0,0.352
2026-04-16T19:00,0.0,0.0,0.0,0.0,0.0,0.01,3,10.0,61.0,10.0,-0.5,0.38,3.0,247,100,40020.0,0,0.351
2026-04-16T20:00,0.0,0.0,0.0,0.0,0.0,0.01,2,10.0,76.0,10.0,0.5,0.16,2.8,252,53,40520.0,0,0.351
2026-04-16T21:00,0.0,0.0,0.0,0.0,0.0,0.01,0,0.0,92.0,10.0,0.1,0.16,2.3,252,5,40520.0,0,0.351
2026-04-16T22:00,0.0,0.0,0.0,0.0,0.0,0.01,0,0.0,106.0,10.0,-0.1,0.15,2.3,270,1,40520.0,0,0.35
2026-04-16T23:00,0.0,0.0,0.0,0.0,0.0,0.01,0,0.0,115.0,20.0,-0.2,0.4,2.7,263,0,40520.0,0,0.35
2026-04-17T00:00,0.0,0.0,0.0,0.0,0.0,0.01,0,0.0,28.0,75.0,2.2,0.27,2.8,248,0,40520.0,1,0.35
2026-04-17T01:00,0.0,0.0,0.0,0.0,0.0,0.01,0,0.0,77.0,275.0,5.6,0.46,3.6,13,0,40520.0,1,0.349
2026-04-17T02:00,0.0,0.0,0.0,0.0,0.0,0.01,0,0.0,60.0,615.0,8.6,0.66,4.4,81,0,41280.0,1,0.349
2026-04-17T03:00,0.0,0.0,0.0,0.0,0.0,0.01,1,0.0,25.0,1245.0,11.3,0.67,4.8,103,41,41280.0,1,0.348
2026-04-17T04:00,0.0,0.0,0.0,0.0,0.0,0.01,3,0.0,21.0,2625.0,14.0,2.93,9.3,330,80,41800.0,1,0.349
2026-04-17T05:00,0.0,0.0,0.0,0.0,0.0,0.01,2,0.0,6.0,3125.0,15.8,4.17,13.0,304,75,41800.0,1,0.35
2026-04-17T06:00,0.0,0.0,0.0,0.0,0.0,0.01,2,0.0,0.0,3160.0,14.9,4.49,14.3,297,63,41800.0,1,0.351
2026-04-17T07:00,0.0,0.0,0.0,0.0,0.0,0.01,2,0.0,22.0,3375.0,16.1,4.72,14.7,302,57,41800.0,1,0.351
2026-04-17T08:00,0.0,0.0,0.0,0.0,0.0,0.01,3,0.0,1.0,3320.0,16.2,4.77,15.1,305,86,41800.0,1,0.352
2026-04-17T09:00,0.0,0.0,0.0,0.0,0.0,0.01,2,0.0,17.0,3690.0,16.1,3.31,14.9,304,78,42100.0,1,0.353
2026-04-17T10:00,0.0,0.0,0.0,0.0,0.0,0.01,2,10.0,30.0,3770.0,15.5,3.29,10.7,314,76,41800.0,1,0.354
2026-04-17T11:00,0.0,0.0,0.0,0.0,0.0,0.01,3,0.0,31.0,945.0,13.7,1.77,11.2,344,96,41800.0,1,0.355
2026-04-17T12:00,0.0,0.0,0.0,0.0,0.0,0.01,3,0.0,71.0,15.0,10.8,0.18,7.1,124,100,41800.0,1,0.357
2026-04-17T13:00,0.0,0.0,0.0,0.0,0.0,0.01,3,0.0,49.0,50.0,8.2,1.21,3.0,246,100,41580.0,0,0.357
2026-04-17T14:00,0.0,0.0,0.0,0.0,0.0,0.01,3,0.0,37.0,35.0,5.8,1.43,5.0,241,100,41280.0,0,0.356
2026-04-17T15:00,0.0,0.0,0.0,0.0,0.0,0.01,3,0.0,29.0,15.0,3.2,0.82,4.5,256,96,40040.0,0,0.356
2026-04-17T16:00,0.0,0.0,0.0,0.0,0.0,0.01,3,40.0,20.0,15.0,2.1,0.74,3.2,250,100,39400.0,0,0.355
2026-04-17T17:00,0.0,0.0,0.0,0.0,0.0,0.01,3,40.0,37.0,10.0,1.6,0.54,3.2,236,99,38660.0,0,0.354
2026-04-17T18:00,0.0,0.0,0.0,0.0,0.0,0.01,0,0.0,45.0,10.0,1.1,0.6,2.7,228,1,38660.0,0,0.354
2026-04-17T19:00,0.0,0.0,0.0,0.0,0.0,0.01,0,0.0,55.0,10.0,0.6,0.39,2.7,230,0,38660.0,0,0.354
2026-04-17T20:00,0.0,0.0,0.0,0.0,0.0,0.01,0,30.0,79.0,10.0,0.7,0.34,2.2,243,2,39400.0,0,0.353
2026-04-17T21:00,0.0,0.0,0.0,0.0,0.0,0.01,0,30.0,84.0,10.0,0.6,0.29,2.1,239,2,39400.0,0,0.353
2026-04-17T22:00,0.0,0.0,0.0,0.0,0.0,0.01,2,30.0,110.0,10.0,0.7,0.27,2.0,248,75,39400.0,0,0.352
2026-04-17T23:00,0.0,0.0,0.0,0.0,0.0,0.01,0,20.0,117.0,10.0,0.9,0.45,1.9,243,5,39400.0,0,0.352
2026-04-18T00:00,0.0,0.0,0.0,0.0,0.0,0.01,3,50.0,136.0,10.0,4.1,0.22,2.1,243,100,39400.0,1,0.363
2026-04-18T01:00,0.0,0.0,0.0,0.0,0.0,0.01,3,0.0,139.0,240.0,8.3,0.59,3.3,20,100,40040.0,1,0.362
2026-04-18T02:00,0.0,0.0,0.0,0.0,0.0,0.01,3,40.0,165.0,590.0,11.3,1.0,5.0,53,100,40520.0,1,0.361
2026-04-18T03:00,0.0,0.0,0.0,0.0,0.0,0.01,3,160.0,117.0,1275.0,13.8,1.0,5.5,90,100,41280.0,1,0.36
2026-04-18T04:00,0.0,0.0,0.0,0.0,0.0,0.0,3,240.0,77.0,1535.0,15.8,1.1,6.0,120,100,41280.0,1,0.36
2026-04-18T05:00,0.0,0.0,0.0,0.0,0.0,0.0,3,550.0,3.0,2370.0,17.8,1.36,6.8,126,100,41580.0,1,0.36
2026-04-18T06:00,0.0,0.0,0.0,0.0,0.0,0.0,3,410.0,0.0,3585.0,17.5,0.95,6.8,108,100,41580.0,1,0.355
2026-04-18T07:00,0.0,0.0,0.0,0.0,0.0,0.0,3,300.0,0.0,3765.0,19.3,1.4,5.2,235,100,41800.0,1,0.355
2026-04-18T08:00,0.0,0.0,0.0,0.0,0.0,0.0,3,0.0,94.0,2780.0,17.2,3.08,9.5,263,100,41800.0,1,0.355
2026-04-18T09:00,0.0,0.0,0.0,0.0,0.0,0.0,3,0.0,80.0,2930.0,18.1,2.47,9.1,256,100,41800.0,1,0.354
2026-04-18T10:00,0.1,0.0,0.1,0.0,0.0,0.0,51,0.0,67.0,2715.0,16.9,3.53,9.7,252,100,41800.0,1,0.354
2026-04-18T11:00,0.0,0.0,0.0,0.0,0.0,0.0,3,10.0,56.0,730.0,14.6,1.9,9.8,270,100,41580.0,1,0.354
2026-04-18T12:00,0.0,0.0,0.0,0.0,0.0,0.0,3,0.0,47.0,25.0,12.3,0.35,6.5,180,100,41580.0,1,0.345
2026-04-18T13:00,0.0,0.0,0.0,0.0,0.0,0.0,3,10.0,44.0,15.0,10.5,0.34,2.0,243,100,41580.0,0,0.345
2026-04-18T14:00,0.0,0.0,0.0,0.0,0.0,0.0,3,10.0,0.0,15.0,8.1,0.7,3.1,249,100,41280.0,0,0.345
2026-04-18T15:00,0.0,0.0,0.0,0.0,0.0,0.0,3,0.0,2.0,15.0,5.8,0.92,3.4,248,87,40540.0,0,0.344
2026-04-18T16:00,0.0,0.0,0.0,0.0,0.0,0.0,3,0.0,19.0,10.0,3.5,0.81,3.6,248,98,40040.0,0,0.344
2026-04-18T17:00,0.0,0.0,0.0,0.0,0.0,0.0,0,0.0,12.0,10.0,2.2,0.6,3.6,246,8,39420.0,0,0.344
2026-04-18T18:00,0.0,0.0,0.0,0.0,0.0,0.0,0,0.0,51.0,10.0,2.0,0.72,3.1,236,10,39420.0,0,0.344
2026-04-18T19:00,0.0,0.0,0.0,0.0,0.0,0.0,0,0.0,31.0,10.0,1.2,0.68,3.4,234,3,39420.0,0,0.344
2026-04-18T20:00,0.0,0.0,0.0,0.0,0.0,0.0,0,0.0,16.0,10.0,0.7,0.51,3.1,241,0,38680.0,0,0.344
2026-04-18T21:00,0.0,0.0,0.0,0.0,0.0,0.0,0,0.0,8.0,10.0,0.4,0.49,2.5,246,0,38680.0,0,0.343
2026-04-18T22:00,0.0,0.0,0.0,0.0,0.0,0.0,0,0.0,18.0,10.0,0.3,0.45,2.5,243,0,38680.0,0,0.343
2026-04-18T23:00,0.0,0.0,0.0,0.0,0.0,0.0,0,0.0,36.0,10.0,0.2,0.43,2.4,234,0,38680.0,1,0.343
2026-04-19T00:00,0.0,0.0,0.0,0.0,0.0,0.0,1,0.0,72.0,50.0,3.8,1.34,2.4,243,23,38680.0,1,0.355
2026-04-19T01:00,0.0,0.0,0.0,0.0,0.0,0.0,0,0.0,60.0,300.0,7.9,0.54,3.5,214,1,39420.0,1,0.354
2026-04-19T02:00,0.0,0.0,0.0,0.0,0.0,0.0,0,10.0,165.0,750.0,10.9,0.27,4.0,158,0,40040.0,1,0.354
2026-04-19T03:00,0.0,0.0,0.0,0.0,0.0,0.0,0,90.0,161.0,1100.0,13.6,0.38,4.7,113,0,40540.0,1,0.352
2026-04-19T04:00,0.0,0.0,0.0,0.0,0.0,0.0,1,240.0,98.0,1490.0,16.0,0.45,5.4,63,22,41280.0,1,0.35
2026-04-19T05:00,0.0,0.0,0.0,0.0,0.0,0.0,1,600.0,10.0,2015.0,18.3,0.72,5.9,56,23,41580.0,1,0.348
2026-04-19T06:00,0.0,0.0,0.0,0.0,0.0,0.0,1,580.0,0.0,3620.0,18.9,0.75,5.9,94,24,41800.0,1,0.343
2026-04-19T07:00,0.0,0.0,0.0,0.0,0.0,0.0,1,610.0,0.0,4470.0,20.8,1.06,6.2,139,44,41800.0,1,0.341
2026-04-19T08:00,0.0,0.0,0.0,0.0,0.0,0.0,2,390.0,0.0,4245.0,20.9,1.3,6.3,203,66,41800.0,1,0.339
2026-04-19T09:00,0.0,0.0,0.0,0.0,0.0,0.0,2,20.0,0.0,3915.0,20.5,2.88,7.9,244,66,42080.0,1,0.338
2026-04-19T10:00,0.0,0.0,0.0,0.0,0.0,0.0,3,0.0,48.0,3465.0,19.1,4.09,11.6,243,81,41800.0,1,0.336
2026-04-19T11:00,0.0,0.0,0.0,0.0,0.0,0.0,1,0.0,33.0,1025.0,16.8,2.89,11.9,252,32,41800.0,1,0.336
2026-04-19T12:00,0.0,0.0,0.0,0.0,0.0,0.0,3,40.0,58.0,210.0,13.7,0.76,9.0,302,80,41580.0,1,0.334
2026-04-19T13:00,0.0,0.0,0.0,0.0,0.0,0.0,2,20.0,76.0,25.0,11.8,0.67,5.0,228,76,41580.0,0,0.334
2026-04-19T14:00,0.0,0.0,0.0,0.0,0.0,0.0,3,0.0,50.0,30.0,9.3,1.32,4.7,241,98,41280.0,0,0.334
2026-04-19T15:00,0.0,0.0,0.0,0.0,0.0,0.0,3,0.0,57.0,15.0,6.7,1.08,4.7,248,100,40540.0,0,0.334
2026-04-19T16:00,0.0,0.0,0.0,0.0,0.0,0.0,3,0.0,63.0,15.0,4.5,1.27,4.6,244,95,40040.0,0,0.334
2026-04-19T17:00,0.0,0.0,0.0,0.0,0.0,0.0,3,0.0,66.0,15.0,3.0,1.16,4.8,245,95,38680.0,0,0.334
2026-04-19T18:00,0.0,0.0,0.0,0.0,0.0,0.0,2,0.0,50.0,15.0,2.7,0.87,4.5,246,73,38680.0,0,0.334
2026-04-19T19:00,0.0,0.0,0.0,0.0,0.0,0.0,3,0.0,63.0,10.0,2.2,0.76,4.0,238,89,38680.0,0,0.334
2026-04-19T20:00,0.0,0.0,0.0,0.0,0.0,0.0,0,0.0,56.0,10.0,1.7,0.79,3.9,235,13,38680.0,0,0.334
2026-04-19T21:00,0.0,0.0,0.0,0.0,0.0,0.0,3,0.0,47.0,10.0,1.4,0.75,3.7,233,94,38680.0,0,0.334
2026-04-19T22:00,0.0,0.0,0.0,0.0,0.0,0.0,3,0.0,37.0,10.0,1.1,0.64,3.4,231,99,38680.0,0,0.334
2026-04-19T23:00,0.0,0.0,0.0,0.0,0.0,0.0,3,0.0,28.0,10.0,1.0,0.65,3.1,238,89,38680.0,1,0.334
2026-04-20T00:00,0.0,0.0,0.0,0.0,0.0,0.0,3,20.0,69.0,15.0,5.2,1.14,3.3,241,87,38680.0,1,0.338
2026-04-20T01:00,0.0,0.0,0.0,0.0,0.0,0.0,1,10.0,20.0,440.0,10.7,0.89,3.7,232,38,40540.0,1,0.338
2026-04-20T02:00,0.0,0.0,0.0,0.0,0.0,0.0,3,70.0,94.0,1310.0,13.4,0.89,4.1,232,92,40540.0,1,0.337
2026-04-20T03:00,0.0,0.0,0.0,0.0,0.0,0.0,3,190.0,31.0,1905.0,15.8,1.42,5.9,212,98,41280.0,1,0.336
2026-04-20T04:00,0.0,0.0,0.0,0.0,0.0,0.0,3,250.0,6.0,2220.0,17.4,2.74,8.9,218,96,41580.0,1,0.334
2026-04-20T05:00,0.0,0.0,0.0,0.0,0.0,0.0,3,350.0,0.0,2775.0,18.6,2.26,9.2,235,98,41580.0,1,0.333
2026-04-20T06:00,0.0,0.0,0.0,0.0,0.0,0.0,3,450.0,0.0,3005.0,18.6,3.51,10.7,237,99,41580.0,1,0.334
2026-04-20T07:00,0.7,0.0,0.7,0.28,0.4,0.0,85,200.0,1.0,2525.0,18.0,2.35,12.3,268,98,41580.0,1,0.336
2026-04-20T08:00,0.0,0.0,0.0,0.0,0.0,0.0,3,40.0,10.0,2445.0,17.5,3.23,11.2,251,99,41580.0,1,0.336
2026-04-20T09:00,0.0,0.0,0.0,0.0,0.0,0.0,2,40.0,47.0,2035.0,16.3,2.14,12.8,281,51,41280.0,1,0.335
2026-04-20T10:00,0.0,0.0,0.0,0.0,0.0,0.0,2,130.0,6.0,2435.0,17.0,2.78,8.7,256,75,41580.0,1,0.335
2026-04-20T11:00,0.0,0.0,0.0,0.0,0.0,0.0,1,90.0,17.0,2020.0,15.4,2.96,9.5,254,20,41280.0,1,0.334
2026-04-20T12:00,0.0,0.0,0.0,0.0,0.0,0.0,2,60.0,26.0,170.0,12.0,0.65,8.9,266,52,41280.0,1,0.344
2026-04-20T13:00,0.0,0.0,0.0,0.0,0.0,0.0,3,40.0,73.0,40.0,10.0,0.76,4.7,238,88,40540.0,0,0.344
2026-04-20T14:00,0.0,0.0,0.0,0.0,0.0,0.0,1,70.0,79.0,30.0,7.8,1.32,5.3,241,40,40040.0,0,0.344
2026-04-20T15:00,0.0,0.0,0.0,0.0,0.0,0.0,1,80.0,72.0,20.0,5.6,1.3,5.4,242,45,39440.0,0,0.344
2026-04-20T16:00,0.0,0.0,0.0,0.0,0.0,0.0,3,150.0,57.0,15.0,3.9,1.25,5.4,241,82,38700.0,0,0.344
2026-04-20T17:00,0.0,0.0,0.0,0.0,0.0,0.0,3,150.0,38.0,15.0,3.1,0.76,5.1,247,99,38700.0,0,0.343
2026-04-20T18:00,0.1,0.0,0.1,0.07,0.1,0.0,85,90.0,37.0,25.0,3.3,1.14,4.3,209,100,38700.0,0,0.341
2026-04-20T19:00,0.0,0.0,0.0,0.0,0.0,0.0,3,170.0,31.0,15.0,3.7,0.72,4.2,236,100,33940.0,0,0.341
2026-04-20T20:00,0.0,0.0,0.0,0.0,0.0,0.0,3,130.0,35.0,15.0,4.0,0.67,3.2,243,98,38700.0,0,0.34
2026-04-20T21:00,0.0,0.0,0.0,0.0,0.0,0.0,3,80.0,33.0,15.0,3.2,0.54,3.1,236,95,38700.0,0,0.34
2026-04-20T22:00,0.0,0.0,0.0,0.0,0.0,0.0,3,50.0,29.0,10.0,2.9,0.5,2.9,233,100,38700.0,0,0.34
2026-04-20T23:00,0.0,0.0,0.0,0.0,0.0,0.0,3,50.0,31.0,10.0,2.7,0.38,2.5,247,100,38700.0,1,0.34
2026-04-21T00:00,0.0,0.0,0.0,0.0,0.0,0.0,3,180.0,22.0,15.0,5.9,0.29,2.9,239,100,31760.0,1,0.334
2026-04-21T01:00,0.0,0.0,0.0,0.0,0.0,0.0,3,270.0,10.0,290.0,8.9,0.18,2.4,146,100,37340.0,1,0.334
2026-04-21T02:00,0.0,0.0,0.0,0.0,0.0,0.0,3,280.0,13.0,610.0,10.8,1.08,5.1,112,100,33220.0,1,0.334
2026-04-21T03:00,0.0,0.0,0.0,0.0,0.0,0.0,1,410.0,3.0,1425.0,13.3,1.73,6.8,123,26,40040.0,1,0.334
2026-04-21T04:00,0.1,0.0,0.1,0.0,0.0,0.0,51,830.0,0.0,2305.0,15.9,2.33,8.9,133,76,40540.0,1,0.333
2026-04-21T05:00,0.2,0.0,0.2,0.0,0.0,0.0,51,570.0,0.0,3080.0,17.2,1.57,8.8,163,78,41580.0,1,0.333
2026-04-21T06:00,0.0,0.0,0.0,0.0,0.0,0.0,3,340.0,0.0,3400.0,16.7,1.25,8.5,209,95,41580.0,1,0.339
2026-04-21T07:00,0.0,0.0,0.0,0.0,0.0,0.0,2,20.0,0.0,3080.0,17.2,2.91,9.0,221,74,41780.0,1,0.338
2026-04-21T08:00,0.2,0.1,0.1,0.0,0.0,0.0,51,0.0,2.0,3010.0,17.6,2.53,8.9,255,66,41780.0,1,0.337
2026-04-21T09:00,0.4,0.0,0.4,0.07,0.1,0.0,85,0.0,8.0,2570.0,16.8,4.08,12.1,247,56,41780.0,1,0.337
2026-04-21T10:00,0.1,0.0,0.1,0.0,0.0,0.0,51,50.0,8.0,2375.0,16.0,3.31,12.2,250,53,41580.0,1,0.337
2026-04-21T11:00,0.4,0.0,0.4,0.07,0.1,0.0,85,30.0,10.0,2190.0,14.6,2.35,9.6,272,48,41580.0,1,0.338
2026-04-21T12:00,0.1,0.0,0.1,0.0,0.0,0.0,51,130.0,11.0,35.0,7.6,0.85,7.4,270,97,36560.0,1,0.339
2026-04-21T13:00,0.7,0.0,0.3,0.35,0.5,0.0,85,190.0,20.0,30.0,6.9,1.03,7.6,231,100,540.0,0,0.341
2026-04-21T14:00,0.3,0.0,0.2,0.14,0.2,0.0,85,230.0,16.0,60.0,6.6,0.76,4.0,191,100,1600.0,0,0.343
2026-04-21T15:00,0.0,0.0,0.0,0.0,0.0,0.0,3,40.0,41.0,30.0,4.8,0.61,2.8,215,100,35440.0,0,0.343
2026-04-21T16:00,0.0,0.0,0.0,0.0,0.0,0.0,3,50.0,61.0,10.0,4.1,0.25,2.4,233,99,35980.0,0,0.343
2026-04-21T17:00,0.0,0.0,0.0,0.0,0.0,0.0,3,100.0,69.0,10.0,2.8,0.46,2.3,221,100,37260.0,0,0.343
2026-04-21T18:00,0.0,0.0,0.0,0.0,0.0,0.0,3,190.0,40.0,10.0,3.0,0.25,2.3,217,94,38700.0,0,0.342
2026-04-21T19:00,0.0,0.0,0.0,0.0,0.0,0.0,3,240.0,32.0,10.0,1.9,0.47,2.9,238,91,38700.0,0,0.342
2026-04-21T20:00,0.0,0.0,0.0,0.0,0.0,0.0,3,260.0,24.0,10.0,1.2,0.27,2.9,248,99,37280.0,0,0.342
2026-04-21T21:00,0.0,0.0,0.0,0.0,0.0,0.0,3,300.0,16.0,15.0,1.0,0.51,3.2,259,100,37280.0,0,0.341
2026-04-21T22:00,0.0,0.0,0.0,0.0,0.0,0.0,3,270.0,23.0,20.0,1.1,0.8,4.1,270,100,33520.0,0,0.341
2026-04-21T23:00,0.0,0.0,0.0,0.0,0.0,0.0,3,150.0,39.0,15.0,0.8,0.57,4.1,255,100,33360.0,1,0.341
2026-04-22T00:00,0.0,0.0,0.0,0.0,0.0,0.0,3,160.0,65.0,15.0,4.2,0.45,3.7,270,100,35980.0,1,0.336
2026-04-22T01:00,0.0,0.0,0.0,0.0,0.0,0.0,3,190.0,38.0,370.0,6.6,1.61,6.4,344,100,38720.0,1,0.336
2026-04-22T02:00,0.0,0.0,0.0,0.0,0.0,0.0,3,260.0,4.0,1400.0,9.4,2.38,11.2,330,100,40060.0,1,0.335
2026-04-22T03:00,0.0,0.0,0.0,0.0,0.0,0.0,0,0.0,5.0,2145.0,11.8,4.25,14.0,330,13,41780.0,1,0.334
2026-04-22T04:00,0.0,0.0,0.0,0.0,0.0,0.0,1,0.0,0.0,2530.0,13.2,4.4,14.9,324,38,41780.0,1,0.332
2026-04-22T05:00,0.0,0.0,0.0,0.0,0.0,0.0,3,0.0,0.0,3025.0,14.3,4.51,15.2,329,100,41780.0,1,0.33
2026-04-22T06:00,0.0,0.0,0.0,0.0,0.0,0.0,3,0.0,0.0,3530.0,13.7,4.68,15.5,330,81,42060.0,1,0.336
2026-04-22T07:00,0.0,0.0,0.0,0.0,0.0,0.0,3,0.0,0.0,3725.0,14.8,4.68,15.8,330,84,42060.0,1,0.334
2026-04-22T08:00,0.0,0.0,0.0,0.0,0.0,0.0,3,10.0,0.0,4340.0,15.6,4.93,16.1,323,100,42060.0,1,0.332
2026-04-22T09:00,0.0,0.0,0.0,0.0,0.0,0.0,3,20.0,0.0,4480.0,15.4,4.69,16.0,324,100,42060.0,1,0.331
2026-04-22T10:00,0.0,0.0,0.0,0.0,0.0,0.0,3,10.0,0.0,4085.0,14.4,4.29,15.0,334,99,42060.0,1,0.329
2026-04-22T11:00,0.0,0.0,0.0,0.0,0.0,0.0,3,10.0,0.0,4110.0,12.9,3.7,13.8,341,99,41780.0,1,0.329
2026-04-22T12:00,0.0,0.0,0.0,0.0,0.0,0.0,3,0.0,1.0,385.0,10.5,0.96,12.2,351,98,41780.0,1,0.327
2026-04-22T13:00,0.0,0.0,0.0,0.0,0.0,0.0,3,0.0,1.0,30.0,9.1,0.38,6.6,293,95,41780.0,0,0.327
2026-04-22T14:00,0.0,0.0,0.0,0.0,0.0,0.0,2,0.0,2.0,25.0,8.1,0.32,4.1,309,68,41780.0,0,0.327
2026-04-22T15:00,0.0,0.0,0.0,0.0,0.0,0.0,2,0.0,2.0,20.0,6.7,0.3,4.1,270,67,41780.0,0,0.326
2026-04-22T16:00,0.0,0.0,0.0,0.0,0.0,0.0,1,0.0,3.0,15.0,5.0,0.3,3.0,270,20,41780.0,0,0.326
2026-04-22T17:00,0.0,0.0,0.0,0.0,0.0,0.0,1,0.0,4.0,15.0,3.1,0.3,2.0,261,21,41780.0,0,0.326
2026-04-22T18:00,0.0,0.0,0.0,0.0,0.0,0.0,0,0.0,5.0,15.0,3.0,0.25,2.8,259,0,41560.0,0,0.326
2026-04-22T19:00,0.0,0.0,0.0,0.0,0.0,0.0,0,0.0,6.0,10.0,1.8,0.3,2.6,270,0,41560.0,0,0.326
2026-04-22T20:00,0.0,0.0,0.0,0.0,0.0,0.0,0,0.0,7.0,10.0,1.3,0.11,2.7,243,0,41560.0,0,0.326
2026-04-22T21:00,0.0,0.0,0.0,0.0,0.0,0.0,0,0.0,9.0,10.0,0.9,0.07,2.8,225,0,41560.0,0,0.326
2026-04-22T22:00,0.0,0.0,0.0,0.0,0.0,0.0,0,0.0,10.0,10.0,0.5,0.22,3.1,243,0,41560.0,0,0.326
2026-04-22T23:00,0.0,0.0,0.0,0.0,0.0,0.0,0,0.0,11.0,10.0,0.2,0.11,3.4,243,0,41280.0,1,0.326
2026-04-23T00:00,0.0,0.0,0.0,0.0,0.0,0.0,0,0.0,13.0,10.0,4.1,0.14,3.7,225,0,41280.0,1,0.341
2026-04-23T01:00,0.0,0.0,0.0,0.0,0.0,0.0,0,0.0,14.0,265.0,7.8,0.3,4.0,90,10,41560.0,1,0.34
2026-04-23T02:00,0.0,0.0,0.0,0.0,0.0,0.0,0,0.0,15.0,710.0,11.0,0.85,5.2,50,2,41780.0,1,0.339
2026-04-23T03:00,0.0,0.0,0.0,0.0,0.0,0.0,1,0.0,17.0,2950.0,14.0,2.21,8.1,335,42,41780.0,1,0.338
2026-04-23T04:00,0.0,0.0,0.0,0.0,0.0,0.0,3,0.0,18.0,3225.0,15.8,4.47,13.7,310,95,42060.0,1,0.336
2026-04-23T05:00,0.0,0.0,0.0,0.0,0.0,0.0,3,10.0,0.0,3290.0,15.7,4.53,15.3,301,99,41760.0,1,0.335
2026-04-23T06:00,0.1,0.0,0.1,0.07,0.1,0.0,85,30.0,3.0,3210.0,15.8,4.47,14.4,304,95,41780.0,1,0.339
2026-04-23T07:00,0.1,0.0,0.1,0.07,0.1,0.0,85,40.0,4.0,3325.0,17.0,4.52,15.0,296,95,42060.0,1,0.337
2026-04-23T08:00,0.1,0.0,0.1,0.0,0.0,0.0,51,100.0,2.0,2755.0,15.9,6.01,19.4,304,99,41760.0,1,0.336
2026-04-23T09:00,0.0,0.0,0.0,0.0,0.0,0.0,3,30.0,3.0,2970.0,15.7,4.41,19.4,296,98,41760.0,1,0.335
2026-04-23T10:00,0.0,0.0,0.0,0.0,0.0,0.0,3,0.0,0.0,2525.0,14.9,4.25,14.9,307,98,41760.0,1,0.334
2026-04-23T11:00,0.0,0.0,0.0,0.0,0.0,0.0,3,0.0,17.0,2750.0,14.4,1.75,13.7,283,100,41760.0,1,0.334
2026-04-23T12:00,0.0,0.0,0.0,0.0,0.0,0.0,3,0.0,19.0,920.0,11.3,2.04,6.3,301,96,41560.0,1,0.331
2026-04-23T13:00,0.0,0.0,0.0,0.0,0.0,0.0,2,10.0,19.0,75.0,9.1,1.2,9.3,272,66,41280.0,0,0.331
2026-04-23T14:00,0.0,0.0,0.0,0.0,0.0,0.0,3,0.0,4.0,30.0,7.2,1.06,5.6,262,84,41280.0,0,0.331
2026-04-23T15:00,0.0,0.0,0.0,0.0,0.0,0.0,3,10.0,3.0,25.0,5.7,0.97,4.6,249,93,40540.0,0,0.331
2026-04-23T16:00,0.0,0.0,0.0,0.0,0.0,0.0,0,0.0,33.0,25.0,3.9,1.08,3.5,257,7,40060.0,0,0.331
2026-04-23T17:00,0.0,0.0,0.0,0.0,0.0,0.0,0,0.0,33.0,15.0,2.2,0.72,3.5,245,0,39460.0,0,0.331
2026-04-23T18:00,0.0,0.0,0.0,0.0,0.0,0.0,0,0.0,2.0,10.0,1.9,0.34,2.8,243,2,39460.0,0,0.331
2026-04-23T19:00,0.0,0.0,0.0,0.0,0.0,0.0,2,0.0,,10.0,1.4,0.49,2.6,246,61,38720.0,0,0.33
2026-04-23T20:00,0.0,0.0,0.0,0.0,0.0,0.0,1,0.0,,10.0,1.4,0.43,2.6,249,41,38720.0,0,0.33
2026-04-23T21:00,0.0,0.0,0.0,0.0,0.0,0.0,1,20.0,,10.0,1.4,0.41,2.5,256,31,38720.0,0,0.33
2026-04-23T22:00,0.0,0.0,0.0,0.0,0.0,0.0,0,0.0,,10.0,1.5,0.36,2.5,254,1,39460.0,0,0.33
2026-04-23T23:00,0.0,0.0,0.0,0.0,0.0,0.0,0,0.0,,10.0,1.7,0.25,2.4,259,0,39460.0,1,0.33
2026-04-24T00:00,0.0,0.0,0.0,0.0,0.0,0.0,0,0.0,,65.0,5.2,0.45,2.6,243,0,39460.0,1,0.344
2026-04-24T01:00,0.0,0.0,0.0,0.0,0.0,0.0,0,0.0,,235.0,8.4,0.43,3.3,54,1,40060.0,1,0.344
2026-04-24T02:00,0.0,0.0,0.0,0.0,0.0,0.0,1,0.0,,505.0,11.5,0.94,5.0,65,25,40540.0,1,0.343
2026-04-24T03:00,0.1,0.0,0.1,0.0,0.0,0.0,51,110.0,50.0,1275.0,14.2,0.94,5.6,32,31,41280.0,1,0.342
2026-04-24T04:00,0.1,0.0,0.1,0.0,0.0,0.0,51,80.0,45.0,2385.0,16.7,1.9,8.0,14,24,41560.0,1,0.341
2026-04-24T05:00,0.0,0.0,0.0,0.0,0.0,0.0,0,470.0,0.0,3080.0,18.9,2.21,9.0,356,14,41560.0,1,0.339
2026-04-24T06:00,0.0,0.0,0.0,0.0,0.0,0.0,1,520.0,0.0,3470.0,18.7,2.76,9.1,355,48,41560.0,1,0.337
2026-04-24T07:00,0.0,0.0,0.0,0.0,0.0,0.0,3,490.0,0.0,3680.0,19.8,2.93,10.4,343,90,41560.0,1,0.335
2026-04-24T08:00,0.0,0.0,0.0,0.0,0.0,0.0,3,50.0,29.0,2240.0,17.3,3.36,13.7,15,95,41560.0,1,0.334
2026-04-24T09:00,0.0,0.0,0.0,0.0,0.0,0.0,3,150.0,0.0,3000.0,18.0,1.17,11.5,10,88,41760.0,1,0.333
2026-04-24T10:00,0.0,0.0,0.0,0.0,0.0,0.0,3,50.0,55.0,675.0,16.7,2.06,8.0,293,97,41560.0,1,0.332
2026-04-24T11:00,0.0,0.0,0.0,0.0,0.0,0.0,3,20.0,3.0,1550.0,16.1,1.1,6.4,336,95,41760.0,1,0.332
2026-04-24T12:00,0.0,0.0,0.0,0.0,0.0,0.0,3,0.0,10.0,45.0,12.9,0.88,6.5,223,83,41560.0,1,0.328
2026-04-24T13:00,0.0,0.0,0.0,0.0,0.0,0.0,1,0.0,4.0,25.0,9.6,0.92,3.0,229,20,41280.0,0,0.328
2026-04-24T14:00,0.0,0.0,0.0,0.0,0.0,0.0,3,0.0,4.0,15.0,6.9,0.89,2.8,232,100,40540.0,0,0.328
2026-04-24T15:00,0.0,0.0,0.0,0.0,0.0,0.0,3,0.0,,10.0,5.3,0.64,2.8,225,100,40060.0,0,0.328
2026-04-24T16:00,0.0,0.0,0.0,0.0,0.0,0.0,3,10.0,12.0,10.0,3.9,0.74,3.5,228,99,40060.0,0,0.328
2026-04-24T17:00,0.0,0.0,0.0,0.0,0.0,0.0,3,30.0,28.0,10.0,3.0,0.36,3.5,236,100,40060.0,0,0.328
2026-04-24T18:00,0.0,0.0,0.0,0.0,0.0,0.0,3,40.0,31.0,10.0,3.9,0.34,2.5,243,100,40060.0,0,0.328
2026-04-24T19:00,0.0,0.0,0.0,0.0,0.0,0.0,3,30.0,44.0,10.0,4.0,0.45,2.4,243,100,40060.0,0,0.328
2026-04-24T20:00,0.0,0.0,0.0,0.0,0.0,0.0,3,0.0,,10.0,4.6,0.36,2.5,254,99,40060.0,0,0.328
2026-04-24T21:00,0.0,0.0,0.0,0.0,0.0,0.0,3,0.0,2.0,10.0,5.3,0.0,2.1,270,100,40060.0,0,0.328
2026-04-24T22:00,0.0,0.0,0.0,0.0,0.0,0.0,2,10.0,3.0,10.0,5.3,0.05,1.7,270,69,40060.0,0,0.328
2026-04-24T23:00,0.0,0.0,0.0,0.0,0.0,0.0,0,0.0,,10.0,4.8,0.05,1.2,270,19,40060.0,1,0.328
2026-04-25T00:00,0.0,0.0,0.0,0.0,0.0,0.0,2,10.0,,10.0,8.0,0.36,2.0,214,62,40060.0,1,0.33
2026-04-25T01:00,0.0,0.0,0.0,0.0,0.0,0.0,1,0.0,,210.0,11.6,0.5,3.3,96,34,40540.0,1,0.33
2026-04-25T02:00,0.0,0.0,0.0,0.0,0.0,0.0,0,50.0,177.0,620.0,14.7,1.1,5.2,90,0,41280.0,1,0.329
2026-04-25T03:00,0.0,0.0,0.0,0.0,0.0,0.0,1,90.0,93.0,1955.0,17.5,1.0,6.1,96,34,41560.0,1,0.328
2026-04-25T04:00,0.0,0.0,0.0,0.0,0.0,0.0,1,480.0,0.0,2770.0,19.6,0.94,6.1,122,40,41560.0,1,0.326
2026-04-25T05:00,0.0,0.0,0.0,0.0,0.0,0.0,3,470.0,0.0,3350.0,20.8,1.8,6.9,183,95,41560.0,1,0.324
2026-04-25T06:00,1.0,0.0,1.0,0.07,0.1,0.0,85,110.0,1.0,2480.0,17.7,2.1,9.2,245,98,41560.0,1,0.327
2026-04-25T07:00,1.1,0.0,1.1,0.42,0.6,0.0,95,550.0,23.0,1390.0,17.5,3.17,10.7,344,87,41280.0,1,0.333
2026-04-25T08:00,0.0,0.0,0.0,0.0,0.0,0.0,3,440.0,15.0,1900.0,18.1,2.01,11.4,14,84,41280.0,1,0.334
2026-04-25T09:00,0.0,0.0,0.0,0.0,0.0,0.0,3,510.0,0.0,2930.0,19.5,1.38,8.2,131,98,41560.0,1,0.334
2026-04-25T10:00,1.2,0.0,1.2,0.35,0.5,0.0,85,480.0,76.0,195.0,16.0,1.3,6.4,247,99,40080.0,1,0.34
2026-04-25T11:00,0.9,0.0,0.9,0.21,0.3,0.0,85,600.0,145.0,150.0,13.5,1.59,4.4,44,100,40080.0,1,0.349
2026-04-25T12:00,0.0,0.0,0.0,0.0,0.0,0.0,3,20.0,21.0,55.0,13.0,0.66,4.1,171,97,40540.0,1,0.308
2026-04-25T13:00,0.0,0.0,0.0,0.0,0.0,0.0,3,40.0,38.0,15.0,11.2,0.11,3.7,63,100,40080.0,0,0.309
2026-04-25T14:00,0.0,0.0,0.0,0.0,0.0,0.0,3,60.0,35.0,40.0,10.1,0.53,2.9,229,95,40080.0,0,0.309
2026-04-25T15:00,0.0,0.0,0.0,0.0,0.0,0.0,3,0.0,17.0,25.0,8.6,0.61,3.3,235,81,40080.0,0,0.309
2026-04-25T16:00,0.0,0.0,0.0,0.0,0.0,0.0,3,0.0,,25.0,6.4,1.07,3.8,233,89,40080.0,0,0.31
2026-04-25T17:00,0.0,0.0,0.0,0.0,0.0,0.0,3,0.0,,20.0,4.8,1.19,4.5,237,100,39480.0,0,0.31
2026-04-25T18:00,0.0,0.0,0.0,0.0,0.0,0.0,3,0.0,77.0,15.0,4.3,1.14,4.3,241,100,38740.0,0,0.31
2026-04-25T19:00,0.0,0.0,0.0,0.0,0.0,0.0,3,0.0,,20.0,3.2,1.45,4.9,243,100,37340.0,0,0.31
2026-04-25T20:00,0.0,0.0,0.0,0.0,0.0,0.0,3,0.0,,15.0,2.4,1.17,4.9,250,100,37340.0,0,0.311
2026-04-25T21:00,0.0,0.0,0.0,0.0,0.0,0.0,3,0.0,,15.0,1.9,0.9,4.3,251,100,37340.0,0,0.311
2026-04-25T22:00,0.0,0.0,0.0,0.0,0.0,0.0,3,0.0,,10.0,1.5,0.65,3.5,238,95,37340.0,0,0.311
2026-04-25T23:00,0.0,0.0,0.0,0.0,0.0,0.0,2,0.0,,10.0,1.6,0.53,2.7,229,66,38760.0,1,0.311
2026-04-26T00:00,0.0,0.0,0.0,0.0,0.0,0.0,3,0.0,2.0,15.0,6.4,0.46,2.3,221,100,38760.0,1,0.309
2026-04-26T01:00,0.0,0.0,0.0,0.0,0.0,0.0,2,0.0,,255.0,9.8,0.41,2.9,76,50,40080.0,1,0.309
2026-04-26T02:00,0.0,0.0,0.0,0.0,0.0,0.0,2,0.0,,1395.0,13.3,0.18,4.2,34,71,40540.0,1,0.309
2026-04-26T03:00,0.0,0.0,0.0,0.0,0.0,0.0,1,10.0,26.0,1610.0,15.0,0.72,5.2,65,41,22540.0,1,0.308
2026-04-26T04:00,0.1,0.1,0.0,0.0,0.0,0.0,51,410.0,0.0,2095.0,16.8,1.0,6.1,84,78,41280.0,1,0.307
2026-04-26T05:00,0.2,0.0,0.2,0.0,0.0,0.0,51,100.0,0.0,2230.0,17.2,1.48,6.7,102,100,41280.0,1,0.307
2026-04-26T06:00,0.7,0.0,0.7,0.28,0.4,0.0,85,50.0,16.0,1630.0,15.1,1.11,7.0,98,99,38420.0,1,0.312
2026-04-26T07:00,0.1,0.0,0.1,0.0,0.0,0.0,51,70.0,38.0,1420.0,15.8,1.6,5.7,32,95,32500.0,1,0.313
2026-04-26T08:00,0.0,0.0,0.0,0.0,0.0,0.0,3,240.0,17.0,935.0,15.5,2.77,11.2,26,82,41280.0,1,0.313
2026-04-26T09:00,1.2,0.0,1.2,0.56,0.8,0.0,85,120.0,13.0,640.0,14.1,0.18,10.2,214,99,40540.0,1,0.316
2026-04-26T10:00,0.2,0.0,0.2,0.07,0.1,0.0,85,50.0,26.0,470.0,13.5,1.24,4.0,220,97,40520.0,1,0.319
2026-04-26T11:00,0.0,0.0,0.0,0.0,0.0,0.0,3,0.0,61.0,260.0,12.9,1.27,5.2,244,99,40540.0,1,0.32
2026-04-26T12:00,0.0,0.0,0.0,0.0,0.0,0.0,3,30.0,35.0,85.0,8.0,1.01,3.4,237,100,36080.0,1,0.318
2026-04-26T13:00,0.2,0.0,0.2,0.0,0.0,0.0,51,240.0,3.0,130.0,7.6,1.59,5.9,257,100,11840.0,0,0.32
2026-04-26T14:00,0.0,0.0,0.0,0.0,0.0,0.0,3,70.0,27.0,65.0,7.1,1.32,5.3,205,99,27020.0,0,0.32
2026-04-26T15:00,0.0,0.0,0.0,0.0,0.0,0.0,3,110.0,5.0,25.0,5.6,0.78,3.6,207,99,36100.0,0,0.321
2026-04-26T16:00,0.0,0.0,0.0,0.0,0.0,0.0,3,20.0,32.0,15.0,5.5,0.3,3.0,189,100,37360.0,0,0.321
2026-04-26T17:00,0.0,0.0,0.0,0.0,0.0,0.0,3,0.0,0.0,10.0,4.9,0.05,2.2,270,100,37360.0,0,0.321
2026-04-26T18:00,0.0,0.0,0.0,0.0,0.0,0.0,3,0.0,0.0,30.0,5.7,0.45,2.6,264,100,37360.0,0,0.314
2026-04-26T19:00,0.0,0.0,0.0,0.0,0.0,0.0,3,0.0,0.0,50.0,4.7,0.91,3.2,276,100,1340.0,0,0.314
2026-04-26T20:00,0.0,0.0,0.0,0.0,0.0,0.0,3,40.0,6.0,30.0,4.7,0.76,3.3,278,100,840.0,0,0.314
2026-04-26T21:00,0.0,0.0,0.0,0.0,0.0,0.0,3,0.0,0.0,15.0,4.2,0.35,2.7,262,86,31980.0,0,0.314
2026-04-26T22:00,0.0,0.0,0.0,0.0,0.0,0.0,3,0.0,10.0,15.0,4.0,0.21,1.5,284,100,6820.0,0,0.314
2026-04-26T23:00,0.0,0.0,0.0,0.0,0.0,0.0,3,0.0,10.0,20.0,3.6,0.22,1.2,207,100,12480.0,1,0.314
2026-04-27T00:00,0.0,0.0,0.0,0.0,0.0,0.0,3,0.0,0.0,20.0,5.9,0.35,3.2,45,100,1800.0,1,0.313
2026-04-27T01:00,0.0,0.0,0.0,0.0,0.0,0.0,3,0.0,11.0,305.0,7.9,0.81,3.9,120,100,27780.0,1,0.313
2026-04-27T02:00,0.0,0.0,0.0,0.0,0.0,0.0,3,0.0,12.0,645.0,10.3,1.12,5.2,111,100,39480.0,1,0.313
2026-04-27T03:00,0.0,0.0,0.0,0.0,0.0,0.0,3,50.0,6.0,990.0,12.6,1.47,6.4,100,100,40080.0,1,0.313
2026-04-27T04:00,0.0,0.0,0.0,0.0,0.0,0.0,3,10.0,1.0,1535.0,15.1,1.75,7.7,90,97,40540.0,1,0.313
2026-04-27T05:00,0.0,0.0,0.0,0.0,0.0,0.0,3,390.0,0.0,2155.0,17.2,1.39,7.8,105,100,40560.0,1,0.312
2026-04-27T06:00,0.2,0.1,0.1,0.0,0.0,0.0,51,30.0,1.0,2040.0,15.8,1.83,7.0,163,100,15120.0,1,0.313
2026-04-27T07:00,0.9,0.0,0.8,0.28,0.4,0.0,85,0.0,0.0,1510.0,14.8,1.35,7.4,268,100,15140.0,1,0.317
2026-04-27T08:00,1.3,0.0,1.3,0.63,0.9,0.0,85,0.0,25.0,725.0,13.3,4.35,13.8,326,100,13720.0,1,0.32
2026-04-27T09:00,2.6,0.0,2.5,1.47,2.1,0.0,86,0.0,7.0,725.0,11.0,2.33,14.1,332,100,11060.0,1,0.328
2026-04-27T10:00,0.3,0.2,0.1,0.0,0.0,0.01,51,0.0,25.0,690.0,10.2,2.69,9.7,329,100,6760.0,1,0.335
2026-04-27T11:00,0.6,0.6,0.0,0.0,0.0,0.01,53,10.0,5.0,395.0,7.8,2.87,9.8,305,100,2520.0,1,0.344
2026-04-27T12:00,1.0,0.4,0.2,0.28,0.4,0.01,85,80.0,6.0,25.0,7.4,0.93,8.9,286,100,9640.0,1,0.343
2026-04-27T13:00,0.7,0.2,0.5,0.0,0.0,0.01,53,90.0,1.0,145.0,6.8,1.35,4.9,292,100,1780.0,0,0.351
2026-04-27T14:00,0.5,0.1,0.3,0.07,0.1,0.01,85,60.0,0.0,140.0,6.5,1.57,5.6,297,100,1900.0,0,0.356
2026-04-27T15:00,2.0,0.4,0.0,1.12,1.6,0.01,75,40.0,0.0,215.0,5.8,2.45,8.8,303,100,340.0,0,0.361
2026-04-27T16:00,5.0,0.3,0.0,3.29,4.7,0.04,75,30.0,2.0,735.0,5.3,3.77,14.6,292,100,1000.0,0,0.363
2026-04-27T17:00,1.7,0.0,0.0,1.19,1.7,0.05,75,10.0,2.0,940.0,4.8,2.69,14.1,301,100,3660.0,0,0.362
2026-04-27T18:00,0.3,0.0,0.0,0.21,0.3,0.06,73,10.0,4.0,580.0,4.5,2.51,11.7,299,100,9100.0,0,0.361
2026-04-27T19:00,0.1,0.0,0.0,0.07,0.1,0.06,71,10.0,5.0,515.0,4.0,2.18,10.2,290,100,10520.0,0,0.359
2026-04-27T20:00,0.1,0.0,0.0,0.07,0.1,0.05,71,20.0,9.0,450.0,3.4,1.68,9.3,300,100,18000.0,0,0.358
2026-04-27T21:00,0.0,0.0,0.0,0.0,0.0,0.05,3,20.0,0.0,155.0,1.6,1.51,8.4,304,99,33360.0,0,0.357
2026-04-27T22:00,0.0,0.0,0.0,0.0,0.0,0.06,3,10.0,0.0,80.0,1.3,1.35,7.5,301,100,24020.0,0,0.355
2026-04-27T23:00,0.0,0.0,0.0,0.0,0.0,0.06,3,10.0,0.0,40.0,0.4,0.92,6.7,292,100,29940.0,1,0.354
2026-04-28T00:00,0.0,0.0,0.0,0.0,0.0,0.04,3,50.0,11.0,120.0,3.5,0.86,5.8,306,97,22840.0,1,0.35
2026-04-28T01:00,0.0,0.0,0.0,0.0,0.0,0.04,0,50.0,1.0,830.0,4.7,1.27,5.6,318,16,29600.0,1,0.349
2026-04-28T02:00,0.1,0.0,0.0,0.07,0.1,0.04,71,20.0,0.0,1245.0,6.2,1.86,7.5,333,27,30680.0,1,0.348
2026-04-28T03:00,0.0,0.0,0.0,0.0,0.0,0.04,1,10.0,,1625.0,7.5,1.95,8.1,347,45,39000.0,1,0.347
2026-04-28T04:00,0.0,0.0,0.0,0.0,0.0,0.04,2,0.0,,1910.0,8.4,1.69,8.1,348,69,41280.0,1,0.347
2026-04-28T05:00,0.0,0.0,0.0,0.0,0.0,0.03,3,10.0,,2125.0,9.1,1.42,7.6,342,80,41540.0,1,0.354
2026-04-28T06:00,0.0,0.0,0.0,0.0,0.0,0.03,2,0.0,0.0,2010.0,10.6,2.57,7.4,327,66,40660.0,1,0.361
2026-04-28T07:00,0.0,0.0,0.0,0.0,0.0,0.02,2,0.0,,2240.0,9.6,1.61,8.3,324,77,41560.0,1,0.368
2026-04-28T08:00,0.0,0.0,0.0,0.0,0.0,0.02,3,0.0,,2570.0,13.3,2.93,9.9,323,82,41560.0,1,0.374
2026-04-28T09:00,0.0,0.0,0.0,0.0,0.0,0.02,1,10.0,22.0,2785.0,13.5,3.45,11.1,321,43,41540.0,1,0.376
2026-04-28T10:00,0.0,0.0,0.0,0.0,0.0,0.01,0,0.0,,2645.0,12.8,3.46,11.4,323,0,41540.0,1,0.377
2026-04-28T11:00,0.0,0.0,0.0,0.0,0.0,0.01,0,0.0,,2075.0,11.1,2.9,11.0,324,0,41740.0,1,0.377
2026-04-28T12:00,0.0,0.0,0.0,0.0,0.0,0.01,0,0.0,13.0,20.0,9.0,0.25,9.1,360,0,41560.0,1,0.375
2026-04-28T13:00,0.0,0.0,0.0,0.0,0.0,0.01,0,0.0,12.0,15.0,7.1,0.18,2.7,214,0,41540.0,0,0.373
2026-04-28T14:00,0.0,0.0,0.0,0.0,0.0,0.01,0,0.0,12.0,15.0,4.7,0.54,1.5,236,0,41280.0,0,0.371
2026-04-28T15:00,0.0,0.0,0.0,0.0,0.0,0.01,0,0.0,18.0,15.0,1.8,0.95,3.0,252,9,40080.0,0,0.369
2026-04-28T16:00,0.0,0.0,0.0,0.0,0.0,0.01,0,0.0,15.0,10.0,-0.0,0.79,3.1,252,12,39500.0,0,0.367
2026-04-28T17:00,0.0,0.0,0.0,0.0,0.0,0.01,3,0.0,16.0,10.0,-0.9,0.38,3.2,247,100,38780.0,0,0.365
2026-04-28T18:00,0.0,0.0,0.0,0.0,0.0,0.01,3,0.0,17.0,10.0,-0.5,0.58,2.7,239,100,38780.0,0,0.364
2026-04-28T19:00,0.0,0.0,0.0,0.0,0.0,0.01,3,0.0,18.0,10.0,0.0,0.18,3.0,236,100,39500.0,0,0.362
2026-04-28T20:00,0.0,0.0,0.0,0.0,0.0,0.01,1,0.0,19.0,10.0,0.4,0.36,2.3,236,22,39500.0,0,0.361
2026-04-28T21:00,0.0,0.0,0.0,0.0,0.0,0.01,3,20.0,20.0,10.0,0.2,0.34,2.4,243,100,40080.0,0,0.36
2026-04-28T22:00,0.0,0.0,0.0,0.0,0.0,0.01,3,20.0,21.0,15.0,2.0,0.5,2.3,264,100,38760.0,0,0.359
2026-04-28T23:00,0.0,0.0,0.0,0.0,0.0,0.01,3,10.0,2.0,25.0,2.5,0.79,3.0,288,100,34600.0,1,0.358
2026-04-29T00:00,0.0,0.0,0.0,0.0,0.0,0.01,3,0.0,22.0,115.0,4.5,1.1,4.6,317,98,20840.0,1,0.358
2026-04-29T01:00,0.0,0.0,0.0,0.0,0.0,0.01,3,20.0,23.0,350.0,6.5,1.17,5.0,340,97,23840.0,1,0.357
2026-04-29T02:00,0.0,0.0,0.0,0.0,0.0,0.01,2,10.0,23.0,820.0,8.9,1.1,5.4,360,70,39740.0,1,0.356
2026-04-29T03:00,0.0,0.0,0.0,0.0,0.0,0.01,0,0.0,24.0,1265.0,10.9,0.9,5.6,357,11,40560.0,1,0.355
2026-04-29T04:00,0.2,0.0,0.2,0.14,0.2,0.01,85,0.0,24.0,1820.0,13.4,1.45,6.3,297,88,41280.0,1,0.355
2026-04-29T05:00,0.1,0.0,0.1,0.07,0.1,0.01,85,0.0,24.0,1860.0,14.3,2.38,8.3,311,77,41540.0,1,0.356
2026-04-29T06:00,0.5,0.0,0.5,0.28,0.4,0.01,85,0.0,0.0,1780.0,13.4,2.94,10.3,310,85,24980.0,1,0.364
2026-04-29T07:00,0.5,0.0,0.5,0.28,0.4,0.01,85,0.0,0.0,1975.0,15.2,3.25,10.9,301,99,41540.0,1,0.367
2026-04-29T08:00,0.6,0.0,0.6,0.28,0.4,0.01,85,0.0,13.0,2160.0,16.0,2.97,11.0,312,95,41540.0,1,0.37
2026-04-29T09:00,0.0,0.0,0.0,0.0,0.0,0.0,3,20.0,20.0,2290.0,16.4,2.3,10.2,319,100,41540.0,1,0.371
2026-04-29T10:00,0.2,0.0,0.2,0.0,0.0,0.0,51,10.0,1.0,2250.0,15.6,2.47,8.2,302,100,41280.0,1,0.372
2026-04-29T11:00,0.0,0.0,0.0,0.0,0.0,0.0,3,0.0,35.0,2010.0,14.5,1.68,7.8,287,100,41540.0,1,0.372
2026-04-29T12:00,0.0,0.0,0.0,0.0,0.0,0.0,3,0.0,50.0,20.0,10.1,0.32,4.5,198,100,40560.0,1,0.359
2026-04-29T13:00,0.0,0.0,0.0,0.0,0.0,0.0,3,0.0,,30.0,7.8,1.14,3.7,203,100,40100.0,0,0.359
2026-04-29T14:00,0.0,0.0,0.0,0.0,0.0,0.0,3,0.0,,15.0,7.2,0.81,3.9,227,100,40100.0,0,0.358
2026-04-29T15:00,0.0,0.0,0.0,0.0,0.0,0.0,3,10.0,24.0,10.0,6.3,0.35,3.0,225,100,40100.0,0,0.357
2026-04-29T16:00,0.0,0.0,0.0,0.0,0.0,0.0,3,0.0,,15.0,4.9,0.71,3.4,219,100,39500.0,0,0.356
2026-04-29T17:00,0.0,0.0,0.0,0.0,0.0,0.0,3,0.0,,15.0,4.0,0.68,3.6,216,100,39500.0,0,0.355
2026-04-29T18:00,0.0,0.0,0.0,0.0,0.0,0.0,3,0.0,4.0,10.0,3.5,0.46,3.4,221,100,39500.0,0,0.355
2026-04-29T19:00,0.0,0.0,0.0,0.0,0.0,0.0,3,0.0,,10.0,3.5,0.53,3.0,221,100,39500.0,0,0.354
2026-04-29T20:00,0.0,0.0,0.0,0.0,0.0,0.0,3,0.0,,10.0,3.0,0.46,3.0,229,100,39500.0,0,0.353
2026-04-29T21:00,0.0,0.0,0.0,0.0,0.0,0.0,3,0.0,,10.0,3.5,0.39,2.7,230,100,30060.0,0,0.352
2026-04-29T22:00,0.0,0.0,0.0,0.0,0.0,0.0,3,0.0,,10.0,4.5,0.07,2.6,225,100,23400.0,0,0.352
2026-04-29T23:00,0.0,0.0,0.0,0.0,0.0,0.0,3,0.0,,10.0,4.3,0.21,2.5,225,100,39340.0,1,0.351
2026-04-30T00:00,0.0,0.0,0.0,0.0,0.0,0.0,3,0.0,0.0,25.0,6.7,0.74,4.2,200,100,39500.0,1,0.361
2026-04-30T01:00,0.0,0.0,0.0,0.0,0.0,0.0,3,0.0,,400.0,10.5,1.63,6.5,130,100,40100.0,1,0.36
2026-04-30T02:00,0.0,0.0,0.0,0.0,0.0,0.0,3,20.0,,1165.0,13.5,2.97,10.2,134,100,40560.0,1,0.359
2026-04-30T03:00,0.0,0.0,0.0,0.0,0.0,0.0,3,10.0,0.0,1870.0,15.8,3.05,10.7,150,93,40560.0,1,0.359
2026-04-30T04:00,0.0,0.0,0.0,0.0,0.0,0.0,3,40.0,2.0,2450.0,17.4,2.73,10.7,172,99,41280.0,1,0.358
2026-04-30T05:00,0.0,0.0,0.0,0.0,0.0,0.0,3,270.0,0.0,3075.0,19.5,3.34,10.5,199,100,41540.0,1,0.357
2026-04-30T06:00,0.6,0.0,0.6,0.07,0.1,0.0,85,40.0,32.0,1980.0,16.9,2.47,13.5,212,100,41280.0,1,0.361
2026-04-30T07:00,0.1,0.0,0.1,0.0,0.0,0.0,51,20.0,19.0,2365.0,19.2,3.96,11.7,226,100,41540.0,1,0.36
2026-04-30T08:00,0.0,0.0,0.0,0.0,0.0,0.0,3,120.0,18.0,2300.0,19.1,3.61,12.6,222,100,41540.0,1,0.358
2026-04-30T09:00,0.0,0.0,0.0,0.0,0.0,0.0,3,90.0,26.0,2340.0,18.8,4.0,13.0,222,99,41540.0,1,0.357
2026-04-30T10:00,0.0,0.0,0.0,0.0,0.0,0.0,3,30.0,42.0,2335.0,17.8,3.43,13.3,217,99,41540.0,1,0.355
2026-04-30T11:00,0.1,0.0,0.1,0.0,0.0,0.0,51,0.0,95.0,2100.0,15.8,3.34,11.7,220,99,41280.0,1,0.354
2026-04-30T12:00,0.0,0.0,0.0,0.0,0.0,0.0,3,0.0,114.0,1715.0,13.6,1.84,10.3,227,95,41280.0,1,0.344
2026-04-30T13:00,0.0,0.0,0.0,0.0,0.0,0.0,3,0.0,,80.0,11.6,0.92,7.6,257,93,41280.0,0,0.344
2026-04-30T14:00,0.0,0.0,0.0,0.0,0.0,0.0,3,0.0,,25.0,9.6,0.96,5.0,264,97,40560.0,0,0.344
2026-04-30T15:00,0.0,0.0,0.0,0.0,0.0,0.0,3,0.0,,20.0,8.0,1.1,5.4,265,92,40100.0,0,0.344
2026-04-30T16:00,0.0,0.0,0.0,0.0,0.0,0.0,3,0.0,,15.0,5.8,1.12,5.9,260,82,38800.0,0,0.343
2026-04-30T17:00,0.0,0.0,0.0,0.0,0.0,0.0,3,0.0,,15.0,4.4,1.24,6.0,256,98,37420.0,0,0.343
2026-04-30T18:00,0.0,0.0,0.0,0.0,0.0,0.0,3,0.0,,15.0,4.2,1.08,6.0,248,91,37420.0,0,0.341
2026-04-30T19:00,0.0,0.0,0.0,0.0,0.0,0.0,3,0.0,,15.0,3.0,1.08,6.0,248,91,37420.0,0,0.34
2026-04-30T20:00,0.0,0.0,0.0,0.0,0.0,0.0,3,0.0,,15.0,3.2,0.72,5.8,236,95,37420.0,0,0.34
2026-04-30T21:00,0.0,0.0,0.0,0.0,0.0,0.0,3,10.0,,10.0,3.3,0.6,4.9,228,97,38800.0,0,0.34
2026-04-30T22:00,0.0,0.0,0.0,0.0,0.0,0.0,3,20.0,6.0,10.0,3.4,0.47,4.3,238,90,38800.0,0,0.34
2026-04-30T23:00,0.0,0.0,0.0,0.0,0.0,0.0,3,30.0,10.0,10.0,3.5,0.25,4.0,233,91,38800.0,1,0.34
2026-05-01T00:00,0.0,0.0,0.0,0.0,0.0,0.0,2,80.0,11.0,70.0,8.6,1.45,4.6,182,52,39520.0,1,0.341
2026-05-01T01:00,0.1,0.0,0.1,0.07,0.1,0.0,85,30.0,16.0,440.0,10.8,1.12,5.8,117,64,40100.0,1,0.34
2026-05-01T02:00,0.0,0.0,0.0,0.0,0.0,0.0,2,130.0,2.0,1765.0,13.4,1.74,7.5,129,78,40100.0,1,0.34
2026-05-01T03:00,0.1,0.0,0.1,0.0,0.0,0.0,51,210.0,0.0,2355.0,15.3,1.55,7.4,182,100,41280.0,1,0.339
2026-05-01T04:00,0.0,0.0,0.0,0.0,0.0,0.0,3,140.0,0.0,2685.0,17.3,3.69,12.0,216,100,41540.0,1,0.338
2026-05-01T05:00,0.0,0.0,0.0,0.0,0.0,0.0,3,120.0,0.0,2650.0,18.1,3.38,12.8,243,100,41540.0,1,0.336
2026-05-01T06:00,0.0,0.0,0.0,0.0,0.0,0.0,3,190.0,0.0,3115.0,18.9,4.09,14.2,243,100,41540.0,1,0.335
2026-05-01T07:00,0.0,0.0,0.0,0.0,0.0,0.0,3,40.0,5.0,2790.0,19.3,4.52,14.2,245,100,41540.0,1,0.333
2026-05-01T08:00,0.0,0.0,0.0,0.0,0.0,0.0,3,50.0,9.0,2605.0,18.9,4.62,14.6,248,100,41540.0,1,0.331
2026-05-01T09:00,0.0,0.0,0.0,0.0,0.0,0.0,3,90.0,0.0,2660.0,18.3,3.63,14.7,255,100,41540.0,1,0.329
2026-05-01T10:00,0.6,0.0,0.6,0.14,0.2,0.0,85,20.0,11.0,2345.0,16.3,2.74,11.5,279,100,41540.0,1,0.333
2026-05-01T11:00,1.6,0.0,1.6,0.84,1.2,0.0,86,0.0,28.0,515.0,9.8,3.45,12.1,360,100,19840.0,1,0.336
2026-05-01T12:00,0.2,0.2,0.0,0.0,0.0,0.0,51,0.0,58.0,550.0,7.2,3.15,12.0,359,100,5600.0,1,0.34
2026-05-01T13:00,0.7,0.2,0.0,0.35,0.5,0.01,73,0.0,136.0,795.0,6.2,3.11,12.0,289,100,2460.0,0,0.343
2026-05-01T14:00,0.9,0.0,0.0,0.63,0.9,0.01,73,0.0,0.0,710.0,5.8,2.85,10.9,281,100,2840.0,0,0.344
2026-05-01T15:00,0.6,0.0,0.0,0.49,0.7,0.01,73,0.0,0.0,490.0,5.4,2.23,9.5,286,100,4800.0,0,0.345
2026-05-01T16:00,0.3,0.0,0.0,0.21,0.3,0.02,73,20.0,2.0,465.0,5.2,1.78,7.5,302,100,5240.0,0,0.347
2026-05-01T17:00,0.3,0.0,0.0,0.21,0.3,0.02,73,30.0,1.0,465.0,4.9,1.52,6.5,333,100,6300.0,0,0.348
2026-05-01T18:00,0.2,0.0,0.0,0.14,0.2,0.02,71,30.0,2.0,255.0,3.9,1.18,6.0,348,100,8520.0,0,0.344
2026-05-01T19:00,0.1,0.0,0.0,0.07,0.1,0.02,71,30.0,3.0,120.0,2.3,0.92,5.8,315,100,11580.0,0,0.344
2026-05-01T20:00,0.0,0.0,0.0,0.0,0.0,0.02,3,30.0,3.0,50.0,1.8,0.51,4.8,299,100,5100.0,0,0.344
2026-05-01T21:00,0.0,0.0,0.0,0.0,0.0,0.02,3,40.0,2.0,50.0,1.6,0.41,3.5,284,100,6300.0,0,0.343
2026-05-01T22:00,0.0,0.0,0.0,0.0,0.0,0.02,3,40.0,2.0,50.0,0.2,0.45,2.8,276,100,540.0,0,0.343
2026-05-01T23:00,0.0,0.0,0.0,0.0,0.0,0.02,3,30.0,4.0,60.0,0.7,0.81,3.7,292,100,200.0,1,0.343
2026-05-02T00:00,0.0,0.0,0.0,0.0,0.0,0.02,3,20.0,1.0,195.0,3.5,1.36,4.4,306,100,11540.0,1,0.348
2026-05-02T01:00,0.2,0.0,0.0,0.14,0.2,0.02,71,40.0,0.0,525.0,5.0,1.82,6.0,323,100,8440.0,1,0.348
2026-05-02T02:00,0.3,0.0,0.1,0.21,0.3,0.02,85,20.0,1.0,925.0,5.5,1.78,6.7,328,100,10020.0,1,0.347
2026-05-02T03:00,0.2,0.0,0.1,0.14,0.2,0.02,85,10.0,0.0,1100.0,6.3,1.5,6.6,334,100,11580.0,1,0.346
2026-05-02T04:00,0.2,0.0,0.1,0.14,0.2,0.02,85,10.0,,1400.0,9.1,1.74,7.0,333,100,16860.0,1,0.349
2026-05-02T05:00,0.0,0.0,0.0,0.0,0.0,0.02,3,10.0,0.0,1845.0,10.5,1.95,7.3,331,100,25720.0,1,0.354
2026-05-02T06:00,0.0,0.0,0.0,0.0,0.0,0.01,3,10.0,0.0,2225.0,10.5,2.53,8.2,330,100,36720.0,1,0.362
2026-05-02T07:00,0.0,0.0,0.0,0.0,0.0,0.01,3,10.0,0.0,2305.0,11.4,2.98,9.8,335,100,40140.0,1,0.365
2026-05-02T08:00,0.0,0.0,0.0,0.0,0.0,0.01,3,10.0,0.0,2275.0,11.6,3.29,10.7,334,100,38380.0,1,0.367
2026-05-02T09:00,0.0,0.0,0.0,0.0,0.0,0.01,3,10.0,4.0,1930.0,11.0,3.39,11.1,329,100,29760.0,1,0.368
2026-05-02T10:00,0.0,0.0,0.0,0.0,0.0,0.01,3,10.0,1.0,2170.0,10.8,2.92,11.0,329,100,41280.0,1,0.368
2026-05-02T11:00,0.0,0.0,0.0,0.0,0.0,0.01,3,10.0,4.0,1890.0,10.1,2.52,9.5,339,100,35340.0,1,0.369
2026-05-02T12:00,0.0,0.0,0.0,0.0,0.0,0.0,3,20.0,1.0,1060.0,7.8,1.12,8.2,339,100,35500.0,1,0.372
2026-05-02T13:00,0.0,0.0,0.0,0.0,0.0,0.0,3,0.0,4.0,460.0,7.0,0.87,5.6,347,100,36220.0,0,0.371
2026-05-02T14:00,0.0,0.0,0.0,0.0,0.0,0.0,3,0.0,0.0,205.0,5.6,1.12,5.0,333,100,37560.0,0,0.37
2026-05-02T15:00,0.0,0.0,0.0,0.0,0.0,0.0,3,0.0,23.0,165.0,4.8,0.97,5.0,325,100,39300.0,0,0.369
2026-05-02T16:00,0.0,0.0,0.0,0.0,0.0,0.0,3,0.0,25.0,75.0,4.3,0.65,4.4,293,100,38340.0,0,0.368
2026-05-02T17:00,0.0,0.0,0.0,0.0,0.0,0.0,3,20.0,0.0,25.0,3.6,0.6,2.9,275,100,38360.0,0,0.367
2026-05-02T18:00,0.0,0.0,0.0,0.0,0.0,0.0,3,70.0,32.0,45.0,3.6,0.38,3.0,293,100,38020.0,0,0.366
2026-05-02T19:00,0.0,0.0,0.0,0.0,0.0,0.0,3,70.0,40.0,85.0,3.2,0.97,3.2,282,100,37140.0,0,0.365
2026-05-02T20:00,0.0,0.0,0.0,0.0,0.0,0.0,3,60.0,48.0,85.0,2.9,1.0,3.3,273,100,37920.0,0,0.364
2026-05-02T21:00,0.0,0.0,0.0,0.0,0.0,0.0,3,70.0,5.0,85.0,2.8,1.0,3.5,276,100,35940.0,0,0.363
2026-05-02T22:00,0.0,0.0,0.0,0.0,0.0,0.0,3,70.0,3.0,85.0,2.6,1.0,3.5,273,100,37580.0,0,0.362
2026-05-02T23:00,0.0,0.0,0.0,0.0,0.0,0.0,3,50.0,4.0,85.0,2.3,1.03,3.5,284,100,38820.0,1,0.361
2026-05-03T00:00,0.0,0.0,0.0,0.0,0.0,0.0,3,30.0,38.0,120.0,4.1,1.11,4.9,306,100,38820.0,1,0.348
2026-05-03T01:00,0.0,0.0,0.0,0.0,0.0,0.0,3,40.0,15.0,525.0,6.3,1.54,5.8,324,99,40100.0,1,0.348
2026-05-03T02:00,0.1,0.0,0.1,0.07,0.1,0.01,85,10.0,0.0,1575.0,8.5,1.43,6.3,331,100,40560.0,1,0.347
2026-05-03T03:00,0.0,0.0,0.0,0.0,0.0,0.01,3,0.0,0.0,2135.0,10.6,1.63,6.9,317,80,41280.0,1,0.346
2026-05-03T04:00,0.0,0.0,0.0,0.0,0.0,0.0,3,50.0,0.0,2855.0,12.1,1.8,7.4,316,97,41540.0,1,0.346
2026-05-03T05:00,0.0,0.0,0.0,0.0,0.0,0.0,3,50.0,0.0,3335.0,13.1,2.23,8.3,326,100,40900.0,1,0.346
2026-05-03T06:00,0.0,0.0,0.0,0.0,0.0,0.0,3,30.0,0.0,3300.0,12.2,3.32,10.5,323,100,41720.0,1,0.346
2026-05-03T07:00,0.0,0.0,0.0,0.0,0.0,0.0,3,30.0,0.0,3420.0,14.1,3.9,12.7,324,97,41720.0,1,0.346
2026-05-03T08:00,0.0,0.0,0.0,0.0,0.0,0.0,2,20.0,0.0,3470.0,14.7,4.21,13.4,313,61,41720.0,1,0.345
2026-05-03T09:00,0.0,0.0,0.0,0.0,0.0,0.0,2,50.0,0.0,3695.0,14.3,4.74,14.9,314,56,41720.0,1,0.344
2026-05-03T10:00,0.0,0.0,0.0,0.0,0.0,0.0,3,40.0,0.0,3630.0,13.3,4.14,14.9,315,98,41720.0,1,0.343
2026-05-03T11:00,0.0,0.0,0.0,0.0,0.0,0.0,3,40.0,11.0,2100.0,11.0,4.42,14.4,344,80,41540.0,1,0.342
2026-05-03T12:00,0.0,0.0,0.0,0.0,0.0,0.0,0,0.0,14.0,900.0,8.7,3.15,14.4,358,12,41300.0,1,0.344
2026-05-03T13:00,0.0,0.0,0.0,0.0,0.0,0.0,0,0.0,12.0,780.0,5.5,1.52,12.1,316,0,41280.0,0,0.343
2026-05-03T14:00,0.0,0.0,0.0,0.0,0.0,0.0,0,0.0,12.0,130.0,4.6,1.39,7.8,285,2,41280.0,0,0.343
2026-05-03T15:00,0.0,0.0,0.0,0.0,0.0,0.0,0,0.0,12.0,75.0,3.5,1.36,6.4,276,5,40560.0,0,0.343
2026-05-03T16:00,0.0,0.0,0.0,0.0,0.0,0.0,0,0.0,12.0,30.0,2.8,0.75,5.5,274,0,40560.0,0,0.343
2026-05-03T17:00,0.0,0.0,0.0,0.0,0.0,0.0,0,0.0,12.0,20.0,2.1,0.55,4.1,275,3,40120.0,0,0.342
2026-05-03T18:00,0.0,0.0,0.0,0.0,0.0,0.0,1,0.0,12.0,20.0,2.1,0.35,3.3,270,27,40120.0,0,0.342
2026-05-03T19:00,0.0,0.0,0.0,0.0,0.0,0.0,2,0.0,12.0,15.0,1.3,0.4,2.5,277,59,40120.0,0,0.342
2026-05-03T20:00,0.0,0.0,0.0,0.0,0.0,0.0,1,0.0,12.0,15.0,0.6,0.32,2.4,288,23,39540.0,0,0.342
2026-05-03T21:00,0.0,0.0,0.0,0.0,0.0,0.0,0,0.0,12.0,15.0,-0.1,0.4,2.3,270,0,39540.0,0,0.342
2026-05-03T22:00,0.0,0.0,0.0,0.0,0.0,0.0,0,0.0,11.0,15.0,-0.6,0.57,2.6,255,0,39540.0,0,0.341
2026-05-03T23:00,0.0,0.0,0.0,0.0,0.0,0.0,0,0.0,11.0,10.0,-0.5,0.21,2.5,256,0,38840.0,1,0.341
2026-05-04T00:00,0.0,0.0,0.0,0.0,0.0,0.0,0,0.0,3.0,125.0,2.8,0.29,2.4,31,0,40120.0,1,0.341
2026-05-04T01:00,0.0,0.0,0.0,0.0,0.0,0.0,0,0.0,11.0,415.0,5.8,0.54,4.0,68,0,40560.0,1,0.341
2026-05-04T02:00,0.0,0.0,0.0,0.0,0.0,0.0,2,0.0,11.0,860.0,8.5,0.96,5.3,96,50,41300.0,1,0.34
2026-05-04T03:00,0.0,0.0,0.0,0.0,0.0,0.0,3,0.0,11.0,1285.0,11.1,1.04,6.0,107,89,41540.0,1,0.338
2026-05-04T04:00,0.0,0.0,0.0,0.0,0.0,0.0,3,0.0,11.0,2125.0,13.3,1.1,6.3,93,89,41700.0,1,0.337
2026-05-04T05:00,0.0,0.0,0.0,0.0,0.0,0.0,3,0.0,11.0,2520.0,15.1,1.31,6.9,83,97,41700.0,1,0.335
2026-05-04T06:00,0.0,0.0,0.0,0.0,0.0,0.0,0,0.0,0.0,2695.0,15.3,1.43,7.3,65,0,41700.0,1,0.332
2026-05-04T07:00,0.0,0.0,0.0,0.0,0.0,0.0,0,0.0,11.0,2875.0,17.1,1.4,7.2,92,0,41700.0,1,0.33
2026-05-04T08:00,0.0,0.0,0.0,0.0,0.0,0.0,0,0.0,10.0,3045.0,17.6,1.14,7.2,113,16,41700.0,1,0.328
2026-05-04T09:00,0.0,0.0,0.0,0.0,0.0,0.0,1,0.0,10.0,3405.0,18.2,1.0,6.5,174,33,41940.0,1,0.326
2026-05-04T10:00,0.0,0.0,0.0,0.0,0.0,0.0,3,0.0,10.0,3310.0,17.4,2.61,7.4,216,82,41940.0,1,0.325
2026-05-04T11:00,0.0,0.0,0.0,0.0,0.0,0.0,3,0.0,10.0,1535.0,15.7,2.44,8.6,239,98,41940.0,1,0.324
2026-05-04T12:00,0.0,0.0,0.0,0.0,0.0,0.0,3,0.0,4.0,155.0,12.6,1.06,7.1,319,84,41700.0,1,0.321
2026-05-04T13:00,0.0,0.0,0.0,0.0,0.0,0.0,2,0.0,10.0,15.0,10.9,0.3,5.7,261,69,41700.0,0,0.321
2026-05-04T14:00,0.0,0.0,0.0,0.0,0.0,0.0,2,0.0,10.0,25.0,8.5,0.96,3.1,227,55,41540.0,0,0.321
2026-05-04T15:00,0.0,0.0,0.0,0.0,0.0,0.0,1,0.0,25.0,15.0,6.2,1.23,4.6,243,21,41300.0,0,0.321
2026-05-04T16:00,0.0,0.0,0.0,0.0,0.0,0.0,3,0.0,10.0,15.0,4.1,1.19,5.0,242,97,40120.0,0,0.321
2026-05-04T17:00,0.0,0.0,0.0,0.0,0.0,0.0,1,0.0,9.0,15.0,2.8,1.05,5.0,245,27,39540.0,0,0.321
2026-05-04T18:00,0.0,0.0,0.0,0.0,0.0,0.0,0,0.0,9.0,15.0,1.8,1.01,4.5,250,0,38840.0,0,0.322
2026-05-04T19:00,0.0,0.0,0.0,0.0,0.0,0.0,0,0.0,9.0,10.0,1.5,0.81,4.0,240,0,38840.0,0,0.322
2026-05-04T20:00,0.0,0.0,0.0,0.0,0.0,0.0,0,0.0,9.0,10.0,1.2,0.76,3.8,238,2,38840.0,0,0.322
2026-05-04T21:00,0.0,0.0,0.0,0.0,0.0,0.0,0,0.0,9.0,10.0,1.1,0.68,3.7,234,0,38840.0,0,0.322
2026-05-04T22:00,0.0,0.0,0.0,0.0,0.0,0.0,0,0.0,9.0,10.0,1.0,0.65,3.6,238,2,38840.0,0,0.322
2026-05-04T23:00,0.0,0.0,0.0,0.0,0.0,0.0,1,0.0,9.0,10.0,1.2,0.64,3.5,231,25,37480.0,1,0.322
2026-05-05T00:00,0.0,0.0,0.0,0.0,0.0,0.0,3,0.0,3.0,35.0,7.2,1.1,4.4,231,95,39540.0,1,0.323
2026-05-05T01:00,0.0,0.0,0.0,0.0,0.0,0.0,3,0.0,8.0,500.0,11.2,0.34,4.1,153,98,40560.0,1,0.323
2026-05-05T02:00,0.0,0.0,0.0,0.0,0.0,0.0,3,0.0,8.0,1740.0,14.1,1.83,6.2,197,97,41300.0,1,0.323
2026-05-05T03:00,0.0,0.0,0.0,0.0,0.0,0.0,3,0.0,3.0,2195.0,16.1,3.08,9.3,216,95,41540.0,1,0.322
2026-05-05T04:00,0.0,0.0,0.0,0.0,0.0,0.0,3,10.0,0.0,2455.0,17.8,4.07,12.0,226,86,41520.0,1,0.32
2026-05-05T05:00,0.1,0.0,0.1,0.0,0.0,0.0,51,0.0,18.0,2120.0,17.7,4.47,13.8,230,59,41520.0,1,0.319
2026-05-05T06:00,0.3,0.0,0.3,0.0,0.0,0.0,51,10.0,28.0,2135.0,18.1,3.54,13.6,226,83,41520.0,1,0.329
2026-05-05T07:00,0.0,0.0,0.0,0.0,0.0,0.0,0,10.0,0.0,2455.0,19.9,4.0,12.6,226,9,41520.0,1,0.327
2026-05-05T08:00,0.0,0.0,0.0,0.0,0.0,0.0,1,0.0,18.0,2405.0,19.9,4.34,13.7,218,30,41520.0,1,0.325
2026-05-05T09:00,0.0,0.0,0.0,0.0,0.0,0.0,1,20.0,13.0,2465.0,19.8,4.45,14.1,215,28,41520.0,1,0.323
2026-05-05T10:00,0.0,0.0,0.0,0.0,0.0,0.0,0,0.0,125.0,2110.0,18.4,4.05,14.2,219,14,41520.0,1,0.322
2026-05-05T11:00,0.0,0.0,0.0,0.0,0.0,0.0,2,0.0,93.0,1725.0,16.5,3.55,12.6,219,70,41520.0,1,0.321
2026-05-05T12:00,0.0,0.0,0.0,0.0,0.0,0.0,0,0.0,81.0,1530.0,13.6,1.52,10.8,226,16,41300.0,1,0.299
2026-05-05T13:00,0.0,0.0,0.0,0.0,0.0,0.0,1,0.0,61.0,1385.0,11.9,0.52,7.5,197,25,41300.0,0,0.3
2026-05-05T14:00,0.0,0.0,0.0,0.0,0.0,0.0,0,0.0,29.0,20.0,10.9,0.16,4.4,162,2,41300.0,0,0.3
2026-05-05T15:00,0.0,0.0,0.0,0.0,0.0,0.0,3,0.0,27.0,30.0,8.6,0.85,4.8,249,96,40580.0,0,0.3
2026-05-05T16:00,0.0,0.0,0.0,0.0,0.0,0.0,3,0.0,6.0,20.0,6.6,1.21,6.0,240,93,40120.0,0,0.3
2026-05-05T17:00,0.0,0.0,0.0,0.0,0.0,0.0,3,0.0,6.0,15.0,5.0,1.1,6.2,246,98,39560.0,0,0.3
2026-05-05T18:00,0.0,0.0,0.0,0.0,0.0,0.0,3,0.0,25.0,15.0,5.2,0.5,5.8,233,100,39560.0,0,0.292
2026-05-05T19:00,0.0,0.0,0.0,0.0,0.0,0.0,3,0.0,6.0,20.0,4.4,0.96,4.4,242,96,38860.0,0,0.293
2026-05-05T20:00,0.0,0.0,0.0,0.0,0.0,0.0,2,0.0,6.0,15.0,3.3,1.05,4.4,245,76,38860.0,0,0.293
2026-05-05T21:00,0.0,0.0,0.0,0.0,0.0,0.0,2,0.0,6.0,15.0,2.3,1.1,4.5,240,77,37500.0,0,0.293
2026-05-05T22:00,0.0,0.0,0.0,0.0,0.0,0.0,2,0.0,6.0,10.0,1.8,0.72,4.4,245,77,37500.0,0,0.293
2026-05-05T23:00,0.0,0.0,0.0,0.0,0.0,0.0,3,0.0,3.0,10.0,2.0,0.6,3.2,246,99,38860.0,1,0.293
2026-05-06T00:00,0.0,0.0,0.0,0.0,0.0,0.0,3,20.0,2.0,30.0,8.8,1.22,3.0,235,97,39560.0,1,0.301
2026-05-06T01:00,0.0,0.0,0.0,0.0,0.0,0.0,3,10.0,2.0,860.0,12.5,1.22,4.3,199,100,22060.0,1,0.301
2026-05-06T02:00,0.0,0.0,0.0,0.0,0.0,0.0,3,20.0,16.0,1645.0,14.1,1.47,5.8,170,94,20820.0,1,0.301
2026-05-06T03:00,0.1,0.0,0.1,0.0,0.0,0.0,51,60.0,1.0,2005.0,15.1,1.25,5.9,164,98,40580.0,1,0.3
2026-05-06T04:00,0.1,0.0,0.1,0.0,0.0,0.0,51,330.0,0.0,2635.0,17.2,1.19,6.1,158,96,41300.0,1,0.3
2026-05-06T05:00,0.8,0.0,0.8,0.35,0.5,0.0,85,0.0,0.0,1080.0,16.3,3.44,9.5,229,98,40120.0,1,0.301
2026-05-06T06:00,0.9,0.0,0.9,0.35,0.5,0.0,85,470.0,12.0,695.0,13.3,1.94,10.7,12,95,40120.0,1,0.307
2026-05-06T07:00,0.7,0.0,0.7,0.07,0.1,0.01,85,170.0,19.0,545.0,12.5,2.96,12.6,5,71,31040.0,1,0.314
2026-05-06T08:00,0.0,0.0,0.0,0.0,0.0,0.01,2,160.0,51.0,915.0,14.7,0.78,10.4,45,73,28040.0,1,0.315
2026-05-06T09:00,0.2,0.0,0.2,0.0,0.0,0.01,51,170.0,8.0,920.0,14.8,3.34,10.5,341,91,40120.0,1,0.317
2026-05-06T10:00,0.0,0.0,0.0,0.0,0.0,0.0,2,200.0,44.0,645.0,14.0,2.5,11.4,334,69,24840.0,1,0.317
2026-05-06T11:00,0.1,0.0,0.1,0.0,0.0,0.0,51,130.0,9.0,595.0,13.5,2.55,8.3,332,45,24940.0,1,0.318
2026-05-06T12:00,0.2,0.0,0.2,0.0,0.0,0.0,51,100.0,81.0,95.0,13.4,1.0,7.9,288,100,41300.0,1,0.298
2026-05-06T13:00,0.0,0.0,0.0,0.0,0.0,0.0,3,10.0,5.0,160.0,10.8,1.71,6.6,328,92,40580.0,0,0.298
2026-05-06T14:00,0.0,0.0,0.0,0.0,0.0,0.0,3,0.0,3.0,200.0,8.8,1.78,8.3,322,81,39560.0,0,0.298
2026-05-06T15:00,0.0,0.0,0.0,0.0,0.0,0.0,0,0.0,3.0,110.0,7.2,1.42,6.8,309,7,38860.0,0,0.298
2026-05-06T16:00,0.0,0.0,0.0,0.0,0.0,0.0,0,0.0,18.0,85.0,5.8,1.34,5.4,297,2,36620.0,0,0.298
2026-05-06T17:00,0.0,0.0,0.0,0.0,0.0,0.0,0,0.0,20.0,35.0,5.1,0.76,4.9,281,2,37060.0,0,0.298
2026-05-06T18:00,0.0,0.0,0.0,0.0,0.0,0.0,0,0.0,20.0,15.0,5.1,0.3,3.3,270,2,37520.0,0,0.299
2026-05-06T19:00,0.0,0.0,0.0,0.0,0.0,0.0,3,0.0,27.0,20.0,4.0,0.65,2.7,270,91,38860.0,0,0.299
2026-05-06T20:00,0.0,0.0,0.0,0.0,0.0,0.0,3,0.0,34.0,20.0,3.5,0.76,2.9,281,85,26340.0,0,0.299
2026-05-06T21:00,0.0,0.0,0.0,0.0,0.0,0.0,3,0.0,3.0,20.0,3.3,0.76,3.1,278,95,6380.0,0,0.299
2026-05-06T22:00,0.0,0.0,0.0,0.0,0.0,0.0,3,0.0,3.0,20.0,3.5,0.65,3.1,266,96,38860.0,0,0.299
2026-05-06T23:00,0.0,0.0,0.0,0.0,0.0,0.0,3,0.0,3.0,20.0,3.6,0.45,3.0,276,100,8100.0,1,0.299
2026-05-07T00:00,0.0,0.0,0.0,0.0,0.0,0.0,2,10.0,3.0,95.0,7.2,0.64,2.4,315,71,37520.0,1,0.291
2026-05-07T01:00,0.0,0.0,0.0,0.0,0.0,0.0,0,0.0,2.0,305.0,9.3,0.98,3.6,345,16,39560.0,1,0.291
2026-05-07T02:00,0.0,0.0,0.0,0.0,0.0,0.0,1,90.0,35.0,1205.0,12.9,0.81,5.0,101,24,30700.0,1,0.291
2026-05-07T03:00,0.0,0.0,0.0,0.0,0.0,0.0,1,60.0,1.0,2385.0,16.2,1.38,6.7,131,24,41300.0,1,0.29
2026-05-07T04:00,0.0,0.0,0.0,0.0,0.0,0.0,2,230.0,0.0,3090.0,18.6,3.97,12.8,222,71,41520.0,1,0.288
2026-05-07T05:00,0.0,0.0,0.0,0.0,0.0,0.0,2,0.0,0.0,2925.0,19.4,3.51,13.5,229,63,41680.0,1,0.287
2026-05-07T06:00,0.7,0.0,0.7,0.07,0.1,0.0,85,0.0,0.0,2640.0,18.0,3.76,13.3,247,58,41520.0,1,0.294
2026-05-07T07:00,0.6,0.0,0.6,0.0,0.0,0.0,53,0.0,0.0,2680.0,18.7,3.4,10.7,240,65,41680.0,1,0.298
2026-05-07T08:00,0.0,0.0,0.0,0.0,0.0,0.0,1,20.0,3.0,2805.0,18.7,2.93,10.2,237,34,41520.0,1,0.296
2026-05-07T09:00,0.2,0.0,0.2,0.0,0.0,0.0,51,20.0,1.0,2880.0,18.5,3.65,10.8,237,30,41520.0,1,0.296
2026-05-07T10:00,0.0,0.0,0.0,0.0,0.0,0.0,0,10.0,25.0,2485.0,17.5,3.8,11.3,237,15,41520.0,1,0.295
2026-05-07T11:00,0.0,0.0,0.0,0.0,0.0,0.0,0,10.0,87.0,2030.0,15.9,3.19,11.0,230,1,41520.0,1,0.294
2026-05-07T12:00,0.0,0.0,0.0,0.0,0.0,0.0,0,10.0,68.0,1665.0,13.4,0.43,9.3,234,9,41520.0,1,0.283
2026-05-07T13:00,0.0,0.0,0.0,0.0,0.0,0.0,0,0.0,87.0,75.0,11.6,0.46,3.8,229,16,41520.0,0,0.283
2026-05-07T14:00,0.0,0.0,0.0,0.0,0.0,0.0,1,0.0,55.0,140.0,9.8,1.2,5.7,228,25,41300.0,0,0.284
2026-05-07T15:00,0.0,0.0,0.0,0.0,0.0,0.0,0,0.0,4.0,50.0,8.4,1.25,5.7,241,19,41300.0,0,0.284
2026-05-07T16:00,0.0,0.0,0.0,0.0,0.0,0.0,1,0.0,3.0,25.0,6.3,1.38,5.6,257,28,40580.0,0,0.284
2026-05-07T17:00,0.0,0.0,0.0,0.0,0.0,0.0,1,0.0,4.0,20.0,4.3,1.18,5.4,258,48,40140.0,0,0.284
2026-05-07T18:00,0.0,0.0,0.0,0.0,0.0,0.0,2,0.0,2.0,15.0,4.5,0.73,5.0,254,78,40140.0,0,0.284
2026-05-07T19:00,0.0,0.0,0.0,0.0,0.0,0.0,2,0.0,2.0,15.0,2.7,0.81,4.6,259,75,39560.0,0,0.285
2026-05-07T20:00,0.0,0.0,0.0,0.0,0.0,0.0,1,0.0,1.0,15.0,2.0,0.92,4.4,257,29,38880.0,0,0.285
2026-05-07T21:00,0.0,0.0,0.0,0.0,0.0,0.0,0,0.0,1.0,15.0,1.3,0.97,4.2,249,15,38880.0,0,0.285
2026-05-07T22:00,0.0,0.0,0.0,0.0,0.0,0.0,1,0.0,0.0,15.0,0.7,0.92,4.2,248,25,38880.0,0,0.285
2026-05-07T23:00,0.0,0.0,0.0,0.0,0.0,0.0,1,0.0,0.0,15.0,0.9,0.78,4.0,243,24,38880.0,1,0.285
2026-05-08T00:00,0.0,0.0,0.0,0.0,0.0,0.0,2,0.0,2.0,40.0,7.4,0.99,4.1,240,62,40140.0,1,0.287
2026-05-08T01:00,0.0,0.0,0.0,0.0,0.0,0.0,2,0.0,3.0,1330.0,10.8,0.63,3.7,252,56,41300.0,1,0.286
2026-05-08T02:00,0.0,0.0,0.0,0.0,0.0,0.0,1,0.0,3.0,1870.0,13.2,1.92,5.9,219,38,41300.0,1,0.286
2026-05-08T03:00,0.0,0.0,0.0,0.0,0.0,0.0,3,0.0,3.0,2025.0,14.8,1.86,6.4,211,81,41520.0,1,0.285
2026-05-08T04:00,0.1,0.0,0.1,0.0,0.0,0.0,51,0.0,0.0,2220.0,15.6,2.21,7.1,232,78,41520.0,1,0.284
2026-05-08T05:00,0.3,0.0,0.3,0.14,0.2,0.0,85,0.0,0.0,2485.0,16.8,2.21,7.8,252,79,41520.0,1,0.284
2026-05-08T06:00,0.2,0.0,0.2,0.0,0.0,0.0,51,30.0,2.0,2510.0,16.2,1.6,8.4,268,71,41520.0,1,0.285
2026-05-08T07:00,0.3,0.0,0.3,0.07,0.1,0.0,85,0.0,0.0,2635.0,17.8,2.39,8.0,254,75,41520.0,1,0.285
2026-05-08T08:00,0.7,0.0,0.7,0.28,0.4,0.0,85,0.0,0.0,2615.0,17.6,2.19,8.0,281,80,41520.0,1,0.286
2026-05-08T09:00,0.0,0.0,0.0,0.0,0.0,0.0,3,20.0,0.0,2640.0,17.1,2.44,7.5,255,91,41680.0,1,0.287
2026-05-08T10:00,0.3,0.0,0.3,0.14,0.2,0.0,85,0.0,35.0,2445.0,15.7,2.65,8.5,317,73,41300.0,1,0.288
2026-05-08T11:00,0.7,0.0,0.7,0.35,0.5,0.0,85,20.0,12.0,685.0,11.5,3.64,12.6,333,73,16680.0,1,0.291
2026-05-08T12:00,0.0,0.0,0.0,0.0,0.0,0.01,2,10.0,41.0,295.0,8.6,2.04,11.7,298,74,25580.0,1,0.254
2026-05-08T13:00,1.2,0.0,1.2,0.77,1.1,0.01,85,0.0,14.0,155.0,6.1,2.05,7.7,269,92,13520.0,0,0.257
2026-05-08T14:00,0.0,0.0,0.0,0.0,0.0,0.01,2,0.0,7.0,85.0,6.0,0.81,6.2,277,64,26500.0,0,0.259
2026-05-08T15:00,0.1,0.0,0.1,0.0,0.0,0.01,51,30.0,7.0,45.0,4.5,0.85,3.8,267,53,25740.0,0,0.259
2026-05-08T16:00,0.1,0.0,0.1,0.0,0.0,0.01,51,30.0,6.0,35.0,4.3,0.9,3.4,251,50,25600.0,0,0.26
2026-05-08T17:00,0.0,0.0,0.0,0.0,0.0,0.01,3,10.0,4.0,20.0,3.7,0.72,3.0,258,98,32820.0,0,0.26
2026-05-08T18:00,0.0,0.0,0.0,0.0,0.0,0.01,3,10.0,10.0,15.0,4.7,0.27,2.8,248,96,38880.0,0,0.26
2026-05-08T19:00,0.0,0.0,0.0,0.0,0.0,0.01,3,20.0,10.0,15.0,3.9,0.36,2.0,254,100,38880.0,0,0.26
2026-05-08T20:00,0.0,0.0,0.0,0.0,0.0,0.01,3,30.0,11.0,20.0,3.9,0.41,1.9,256,100,22800.0,0,0.26
2026-05-08T21:00,0.0,0.0,0.0,0.0,0.0,0.01,3,90.0,6.0,15.0,4.5,0.22,1.8,243,100,19960.0,0,0.261
2026-05-08T22:00,0.1,0.0,0.0,0.07,0.1,0.01,71,100.0,3.0,30.0,4.3,0.14,1.7,225,100,14560.0,0,0.261
2026-05-08T23:00,0.1,0.0,0.0,0.07,0.1,0.01,71,120.0,0.0,60.0,4.6,0.07,1.3,225,100,10200.0,1,0.261
2026-05-09T00:00,0.2,0.0,0.0,0.14,0.2,0.01,71,60.0,0.0,105.0,4.9,0.21,2.5,225,100,4880.0,1,0.3
2026-05-09T01:00,0.3,0.0,0.0,0.21,0.3,0.01,73,30.0,0.0,295.0,6.4,0.46,3.3,131,97,8040.0,1,0.3
2026-05-09T02:00,0.1,0.0,0.0,0.07,0.1,0.01,71,10.0,5.0,535.0,8.4,1.54,5.9,77,93,22600.0,1,0.301
2026-05-09T03:00,0.1,0.0,0.1,0.0,0.0,0.01,51,60.0,6.0,780.0,10.3,1.38,6.3,77,100,13940.0,1,0.304
2026-05-09T04:00,0.1,0.0,0.1,0.0,0.0,0.01,51,60.0,11.0,720.0,10.2,1.59,6.8,28,99,15080.0,1,0.308
2026-05-09T05:00,0.3,0.1,0.2,0.0,0.0,0.01,51,120.0,1.0,690.0,10.7,3.26,10.8,324,99,8300.0,1,0.313
2026-05-09T06:00,0.4,0.3,0.1,0.0,0.0,0.01,51,100.0,12.0,635.0,9.2,1.84,11.2,331,91,9840.0,1,0.319
2026-05-09T07:00,0.1,0.1,0.0,0.0,0.0,0.0,51,80.0,5.0,1305.0,12.7,1.84,8.1,319,80,15740.0,1,0.322
2026-05-09T08:00,0.2,0.1,0.1,0.0,0.0,0.0,51,90.0,2.0,1440.0,13.1,1.7,7.9,313,85,17340.0,1,0.324
2026-05-09T09:00,0.1,0.0,0.1,0.0,0.0,0.01,51,0.0,0.0,1060.0,12.0,2.18,7.2,307,84,15900.0,1,0.325
2026-05-09T10:00,0.6,0.0,0.4,0.28,0.4,0.0,85,20.0,0.0,610.0,10.6,2.75,8.9,268,99,6520.0,1,0.326
2026-05-09T11:00,0.7,0.3,0.3,0.07,0.1,0.02,85,20.0,3.0,300.0,8.4,1.36,8.4,253,93,7540.0,1,0.332
2026-05-09T12:00,0.2,0.1,0.1,0.0,0.0,0.02,51,50.0,4.0,155.0,5.3,1.32,3.5,281,75,18920.0,1,0.36
2026-05-09T13:00,1.5,0.0,1.4,1.05,1.5,0.03,86,30.0,24.0,55.0,3.8,0.71,4.5,262,77,7300.0,0,0.358
2026-05-09T14:00,1.6,0.0,1.5,1.12,1.6,0.04,86,50.0,0.0,40.0,3.8,0.92,3.9,241,94,4740.0,0,0.356
2026-05-09T15:00,1.1,0.0,1.1,0.77,1.1,0.04,85,10.0,0.0,25.0,3.1,0.55,3.2,265,64,2940.0,0,0.354
2026-05-09T16:00,2.9,0.0,2.9,2.03,2.9,0.07,86,0.0,0.0,30.0,1.7,0.85,2.7,230,95,1400.0,0,0.353
2026-05-09T17:00,2.0,0.0,2.0,1.4,2.0,0.08,86,0.0,0.0,25.0,0.8,0.96,2.7,242,99,580.0,0,0.351
2026-05-09T18:00,0.5,0.0,0.4,0.35,0.5,0.08,85,10.0,0.0,30.0,2.4,0.76,2.8,238,100,5780.0,0,0.35
2026-05-09T19:00,0.3,0.0,0.3,0.21,0.3,0.08,85,20.0,0.0,30.0,1.6,0.88,2.6,227,100,23480.0,0,0.348
2026-05-09T20:00,0.6,0.0,0.6,0.42,0.6,0.08,85,40.0,1.0,30.0,1.6,0.85,2.9,220,100,22280.0,0,0.347
2026-05-09T21:00,0.6,0.0,0.6,0.42,0.6,0.08,85,30.0,1.0,30.0,1.0,0.85,2.8,225,100,18620.0,0,0.346
2026-05-09T22:00,0.4,0.0,0.4,0.28,0.4,0.08,85,20.0,8.0,30.0,1.0,0.82,2.9,218,100,13820.0,0,0.345
2026-05-09T23:00,0.4,0.0,0.3,0.28,0.4,0.08,85,0.0,3.0,25.0,0.3,0.67,2.8,228,100,14080.0,1,0.344
2026-05-10T00:00,0.1,0.0,0.0,0.07,0.1,0.04,71,0.0,0.0,40.0,3.1,0.57,2.4,232,47,14120.0,1,0.345
2026-05-10T01:00,0.0,0.0,0.0,0.0,0.0,0.04,3,10.0,0.0,265.0,5.0,0.16,1.7,72,90,16180.0,1,0.344
2026-05-10T02:00,0.0,0.0,0.0,0.0,0.0,0.04,3,0.0,0.0,530.0,6.3,0.73,3.8,16,98,15980.0,1,0.343
2026-05-10T03:00,0.6,0.0,0.6,0.42,0.6,0.04,85,0.0,0.0,510.0,6.5,1.57,6.4,338,79,6620.0,1,0.343
2026-05-10T04:00,0.3,0.0,0.1,0.14,0.2,0.04,85,0.0,0.0,785.0,7.7,1.49,6.8,320,52,14600.0,1,0.348
2026-05-10T05:00,0.0,0.0,0.0,0.0,0.0,0.04,1,0.0,0.0,1175.0,9.1,1.21,6.2,330,39,21020.0,1,0.357
2026-05-10T06:00,0.0,0.0,0.0,0.0,0.0,0.03,1,0.0,0.0,1435.0,11.3,2.47,7.0,339,39,25380.0,1,0.368
2026-05-10T07:00,0.0,0.0,0.0,0.0,0.0,0.02,1,100.0,0.0,1595.0,10.5,1.88,8.3,335,44,25980.0,1,0.377
2026-05-10T08:00,0.1,0.0,0.1,0.0,0.0,0.02,51,40.0,4.0,1530.0,13.8,3.15,10.7,335,59,23400.0,1,0.382
2026-05-10T09:00,0.0,0.0,0.0,0.0,0.0,0.01,3,40.0,1.0,1700.0,14.0,3.39,11.1,329,99,31740.0,1,0.385
2026-05-10T10:00,0.1,0.0,0.1,0.0,0.0,0.01,51,0.0,4.0,1460.0,12.8,3.18,11.1,330,98,41300.0,1,0.386
2026-05-10T11:00,0.0,0.0,0.0,0.0,0.0,0.01,2,0.0,4.0,1455.0,12.1,2.67,10.0,330,72,40580.0,1,0.385
2026-05-10T12:00,0.0,0.0,0.0,0.0,0.0,0.01,3,0.0,4.0,120.0,9.4,0.66,8.4,279,100,28800.0,1,0.375
2026-05-10T13:00,0.0,0.0,0.0,0.0,0.0,0.01,3,0.0,4.0,30.0,6.7,0.98,3.5,255,100,39600.0,0,0.373
2026-05-10T14:00,0.0,0.0,0.0,0.0,0.0,0.01,3,0.0,4.0,20.0,6.1,0.74,3.4,242,100,39600.0,0,0.37
2026-05-10T15:00,0.0,0.0,0.0,0.0,0.0,0.01,3,0.0,4.0,20.0,5.3,0.73,2.8,254,100,38900.0,0,0.368
2026-05-10T16:00,0.0,0.0,0.0,0.0,0.0,0.01,3,0.0,4.0,30.0,5.9,0.96,4.3,276,100,21700.0,0,0.366
2026-05-10T17:00,0.0,0.0,0.0,0.0,0.0,0.01,3,0.0,0.0,45.0,5.4,1.01,4.2,279,100,20680.0,0,0.364
2026-05-10T18:00,0.0,0.0,0.0,0.0,0.0,0.01,3,10.0,2.0,135.0,5.9,0.79,4.4,305,100,10800.0,0,0.355
2026-05-10T19:00,0.1,0.0,0.0,0.07,0.1,0.01,71,10.0,0.0,125.0,5.3,1.01,4.4,290,100,7140.0,0,0.354
2026-05-10T20:00,0.4,0.0,0.1,0.28,0.4,0.01,85,10.0,0.0,95.0,4.8,1.07,4.2,281,100,5020.0,0,0.352
2026-05-10T21:00,0.5,0.0,0.0,0.35,0.5,0.01,73,10.0,0.0,100.0,4.7,1.06,4.1,289,100,3540.0,0,0.351
2026-05-10T22:00,0.6,0.0,0.0,0.42,0.6,0.02,73,0.0,0.0,105.0,4.3,0.87,3.9,294,100,3520.0,0,0.35
2026-05-10T23:00,0.5,0.0,0.0,0.35,0.5,0.02,73,0.0,0.0,105.0,4.2,0.9,3.7,289,100,4780.0,1,0.349
2026-05-11T00:00,0.3,0.0,0.0,0.21,0.3,0.02,73,0.0,0.0,155.0,5.3,1.42,4.3,309,100,4020.0,1,0.36
2026-05-11T01:00,0.5,0.0,0.0,0.35,0.5,0.02,73,0.0,0.0,215.0,5.5,1.45,5.0,314,100,4000.0,1,0.359
2026-05-11T02:00,0.3,0.0,0.0,0.21,0.3,0.02,73,0.0,0.0,375.0,6.3,1.45,5.1,311,100,6800.0,1,0.361
2026-05-11T03:00,0.1,0.1,0.0,0.0,0.0,0.02,51,0.0,0.0,635.0,7.2,1.33,5.4,304,100,12340.0,1,0.363
2026-05-11T04:00,0.1,0.1,0.0,0.0,0.0,0.02,51,0.0,0.0,865.0,10.2,1.25,5.5,323,100,15220.0,1,0.367
2026-05-11T05:00,0.1,0.1,0.0,0.0,0.0,0.01,51,0.0,2.0,1020.0,11.3,0.96,5.3,9,100,14560.0,1,0.371
2026-05-11T06:00,0.1,0.1,0.0,0.0,0.0,0.01,51,0.0,3.0,980.0,10.2,0.97,5.4,12,100,12320.0,1,0.375
2026-05-11T07:00,0.2,0.1,0.1,0.0,0.0,0.01,51,0.0,0.0,925.0,11.6,1.05,5.6,355,100,9040.0,1,0.378
2026-05-11T08:00,0.2,0.2,0.0,0.0,0.0,0.01,51,10.0,0.0,1115.0,12.0,1.31,5.7,320,100,8800.0,1,0.38
2026-05-11T09:00,0.2,0.2,0.0,0.0,0.0,0.0,51,0.0,0.0,1130.0,12.0,2.04,6.6,301,100,12520.0,1,0.381
2026-05-11T10:00,0.1,0.1,0.0,0.0,0.0,0.0,51,20.0,5.0,1185.0,12.2,1.84,7.0,311,100,28340.0,1,0.38
2026-05-11T11:00,0.5,0.0,0.5,0.21,0.3,0.0,85,20.0,1.0,355.0,9.6,1.04,6.3,343,100,11200.0,1,0.379
2026-05-11T12:00,0.5,0.0,0.3,0.14,0.2,0.01,85,30.0,2.0,35.0,6.1,0.27,4.3,22,100,740.0,1,0.394
2026-05-11T13:00,1.9,0.0,1.7,1.12,1.6,0.02,86,30.0,3.0,80.0,5.4,1.41,4.4,315,100,620.0,0,0.393
2026-05-11T14:00,4.2,0.0,4.0,2.87,4.1,0.05,86,30.0,4.0,50.0,4.9,0.57,5.4,308,100,2080.0,0,0.389
2026-05-11T15:00,0.5,0.0,0.2,0.28,0.4,0.05,85,30.0,9.0,35.0,4.6,0.3,5.2,270,100,3840.0,0,0.387
2026-05-11T16:00,0.2,0.0,0.1,0.07,0.1,0.05,85,30.0,10.0,30.0,4.3,0.34,4.2,243,99,16340.0,0,0.384
2026-05-11T17:00,0.0,0.0,0.0,0.0,0.0,0.05,3,0.0,10.0,35.0,4.3,0.57,4.4,232,97,23300.0,0,0.381
2026-05-11T18:00,0.0,0.0,0.0,0.0,0.0,0.05,3,100.0,6.0,20.0,4.3,0.21,4.5,284,100,2520.0,0,0.378
2026-05-11T19:00,1.9,0.0,1.8,1.26,1.8,0.05,86,90.0,5.0,30.0,3.7,0.45,6.8,270,97,1780.0,0,0.376
2026-05-11T20:00,0.3,0.0,0.3,0.21,0.3,0.05,85,20.0,16.0,15.0,4.2,0.21,6.8,194,23,38900.0,0,0.374
2026-05-11T21:00,0.0,0.0,0.0,0.0,0.0,0.05,0,0.0,18.0,15.0,1.6,0.21,3.7,225,12,38920.0,0,0.372
2026-05-11T22:00,0.0,0.0,0.0,0.0,0.0,0.05,0,0.0,21.0,10.0,-0.3,0.11,3.6,243,13,37600.0,0,0.37
2026-05-11T23:00,0.0,0.0,0.0,0.0,0.0,0.05,0,0.0,23.0,10.0,-1.5,0.34,4.0,243,12,36480.0,1,0.369
2026-05-12T00:00,0.0,0.0,0.0,0.0,0.0,0.03,1,70.0,16.0,50.0,4.9,0.36,4.1,236,30,34920.0,1,0.365
2026-05-12T01:00,0.0,0.0,0.0,0.0,0.0,0.03,0,70.0,17.0,350.0,6.3,0.25,4.3,233,6,38920.0,1,0.364
2026-05-12T02:00,0.0,0.0,0.0,0.0,0.0,0.03,0,50.0,15.0,950.0,7.8,0.54,5.6,292,17,40160.0,1,0.363
2026-05-12T03:00,0.1,0.0,0.1,0.07,0.1,0.03,85,0.0,8.0,1395.0,9.6,1.78,7.7,308,29,41300.0,1,0.365
2026-05-12T04:00,0.1,0.0,0.1,0.07,0.1,0.02,85,10.0,10.0,1775.0,11.1,2.13,9.5,311,52,41500.0,1,0.371
2026-05-12T05:00,0.0,0.0,0.0,0.0,0.0,0.02,2,0.0,0.0,2455.0,15.8,3.53,11.5,308,72,41500.0,1,0.378
2026-05-12T06:00,0.0,0.0,0.0,0.0,0.0,0.01,1,0.0,12.0,3010.0,17.0,3.75,11.9,323,34,62360.0,1,0.363
2026-05-12T07:00,0.1,0.0,0.1,0.0,0.0,0.01,51,0.0,1.0,3065.0,17.0,4.43,14.3,332,32,62360.0,1,0.361
2026-05-12T08:00,0.0,0.0,0.0,0.0,0.0,0.01,0,10.0,0.0,3270.0,17.6,4.74,15.4,331,7,62360.0,1,0.359
2026-05-12T09:00,0.0,0.0,0.0,0.0,0.0,0.0,1,10.0,0.0,3280.0,17.6,4.67,15.2,334,30,62360.0,1,0.356
2026-05-12T10:00,0.0,0.0,0.0,0.0,0.0,0.0,1,0.0,1.0,2855.0,16.5,4.57,15.0,337,22,62360.0,1,0.354
2026-05-12T11:00,0.0,0.0,0.0,0.0,0.0,0.0,0,0.0,1.0,2530.0,15.5,3.27,14.5,337,5,62360.0,1,0.352
2026-05-12T12:00,0.0,0.0,0.0,0.0,0.0,0.0,0,0.0,1.0,45.0,12.7,0.32,10.3,18,2,62340.0,1,0.355
2026-05-12T13:00,0.0,0.0,0.0,0.0,0.0,0.0,0,0.0,1.0,10.0,10.1,0.16,3.5,198,1,62340.0,0,0.354
2026-05-12T14:00,0.0,0.0,0.0,0.0,0.0,0.0,0,0.0,1.0,20.0,7.7,0.64,2.3,219,1,62320.0,0,0.353
2026-05-12T15:00,0.0,0.0,0.0,0.0,0.0,0.0,0,0.0,1.0,15.0,5.5,0.85,3.0,230,0,59480.0,0,0.352
2026-05-12T16:00,0.0,0.0,0.0,0.0,0.0,0.0,0,0.0,1.0,10.0,3.5,0.54,3.0,236,0,56320.0,0,0.351
2026-05-12T17:00,0.0,0.0,0.0,0.0,0.0,0.0,0,0.0,1.0,10.0,2.0,0.58,3.1,239,0,54060.0,0,0.35
2026-05-12T18:00,0.0,0.0,0.0,0.0,0.0,0.0,0,0.0,1.0,10.0,1.5,0.47,3.1,238,0,54060.0,0,0.354
2026-05-12T19:00,0.0,0.0,0.0,0.0,0.0,0.0,0,0.0,2.0,10.0,1.3,0.57,2.9,232,0,54060.0,0,0.353
2026-05-12T20:00,0.0,0.0,0.0,0.0,0.0,0.0,0,0.0,2.0,10.0,1.3,0.5,2.6,233,0,54060.0,0,0.352
2026-05-12T21:00,0.0,0.0,0.0,0.0,0.0,0.0,0,0.0,2.0,10.0,1.1,0.32,2.3,231,0,54060.0,0,0.351
2026-05-12T22:00,0.0,0.0,0.0,0.0,0.0,0.0,0,0.0,3.0,10.0,0.8,0.36,2.1,236,0,54060.0,0,0.35
2026-05-12T23:00,0.0,0.0,0.0,0.0,0.0,0.0,0,0.0,3.0,10.0,1.1,0.22,2.1,243,0,54040.0,1,0.349
2026-05-13T00:00,0.0,0.0,0.0,0.0,0.0,0.0,0,0.0,4.0,45.0,7.0,0.43,2.3,234,0,56300.0,1,0.34
2026-05-13T01:00,0.0,0.0,0.0,0.0,0.0,0.0,0,0.0,5.0,430.0,10.2,0.84,4.0,107,0,59460.0,1,0.339
2026-05-13T02:00,0.0,0.0,0.0,0.0,0.0,0.0,0,0.0,5.0,845.0,12.9,1.23,5.4,117,0,62320.0,1,0.338
2026-05-13T03:00,0.0,0.0,0.0,0.0,0.0,0.0,0,0.0,6.0,1310.0,15.5,1.76,7.1,125,0,62320.0,1,0.336
2026-05-13T04:00,0.0,0.0,0.0,0.0,0.0,0.0,0,0.0,7.0,1765.0,17.8,1.97,7.9,144,0,62340.0,1,0.334
2026-05-13T05:00,0.0,0.0,0.0,0.0,0.0,0.0,0,0.0,9.0,2475.0,19.6,2.61,8.8,185,0,62360.0,1,0.331
2026-05-13T06:00,0.0,0.0,0.0,0.0,0.0,0.0,1,0.0,28.0,2735.0,20.6,3.14,10.9,202,20,62360.0,1,0.332
2026-05-13T07:00,0.0,0.0,0.0,0.0,0.0,0.0,2,20.0,3.0,2690.0,20.1,3.3,10.7,219,68,62360.0,1,0.329
2026-05-13T08:00,0.0,0.0,0.0,0.0,0.0,0.0,2,30.0,4.0,2710.0,20.2,3.65,11.3,237,70,62360.0,1,0.326
2026-05-13T09:00,0.0,0.0,0.0,0.0,0.0,0.0,1,40.0,10.0,2605.0,19.6,3.79,11.8,234,23,62340.0,1,0.324
2026-05-13T10:00,0.0,0.0,0.0,0.0,0.0,0.0,0,10.0,61.0,2165.0,18.7,3.47,11.5,229,2,47300.0,1,0.323
2026-05-13T11:00,0.0,0.0,0.0,0.0,0.0,0.0,0,0.0,105.0,1465.0,17.2,3.11,10.6,224,2,62340.0,1,0.322
2026-05-13T12:00,0.0,0.0,0.0,0.0,0.0,0.0,0,20.0,104.0,930.0,14.7,1.59,9.0,229,12,62340.0,1,0.312
2026-05-13T13:00,0.0,0.0,0.0,0.0,0.0,0.0,0,0.0,0.0,70.0,12.3,0.85,6.8,242,7,62320.0,0,0.312
2026-05-13T14:00,0.0,0.0,0.0,0.0,0.0,0.0,0,0.0,0.0,30.0,10.4,1.02,5.4,259,9,62320.0,0,0.311
2026-05-13T15:00,0.0,0.0,0.0,0.0,0.0,0.0,0,0.0,0.0,25.0,8.1,1.19,5.4,255,12,59460.0,0,0.311
2026-05-13T16:00,0.0,0.0,0.0,0.0,0.0,0.0,0,0.0,0.0,20.0,5.7,1.23,4.8,249,16,54040.0,0,0.311
2026-05-13T17:00,0.0,0.0,0.0,0.0,0.0,0.0,2,0.0,0.0,15.0,4.2,1.38,4.8,251,62,51360.0,0,0.311
2026-05-13T18:00,0.0,0.0,0.0,0.0,0.0,0.0,3,0.0,0.0,15.0,4.0,1.14,4.8,255,96,51360.0,0,0.312
2026-05-13T19:00,0.0,0.0,0.0,0.0,0.0,0.0,3,0.0,0.0,20.0,4.8,1.23,4.3,249,95,50960.0,0,0.311
2026-05-13T20:00,0.0,0.0,0.0,0.0,0.0,0.0,3,0.0,0.0,20.0,4.7,0.97,4.3,249,93,21680.0,0,0.311
2026-05-13T21:00,0.0,0.0,0.0,0.0,0.0,0.0,3,10.0,0.0,15.0,4.8,0.74,3.6,250,98,17900.0,0,0.312
2026-05-13T22:00,0.1,0.1,0.0,0.0,0.0,0.0,51,10.0,0.0,10.0,4.9,0.4,2.9,240,96,12160.0,0,0.312
2026-05-13T23:00,0.1,0.1,0.0,0.0,0.0,0.0,51,10.0,0.0,10.0,5.4,0.42,2.6,225,98,18840.0,1,0.312
2026-05-14T00:00,0.0,0.0,0.0,0.0,0.0,0.0,3,0.0,1.0,55.0,8.6,0.55,3.0,270,99,15920.0,1,0.315
2026-05-14T01:00,0.2,0.0,0.1,0.07,0.1,0.0,85,20.0,3.0,490.0,10.7,0.3,3.2,189,97,21880.0,1,0.316
2026-05-14T02:00,0.0,0.0,0.0,0.0,0.0,0.0,3,20.0,3.0,880.0,12.3,0.68,4.0,107,86,26900.0,1,0.316
2026-05-14T03:00,0.0,0.0,0.0,0.0,0.0,0.0,3,0.0,2.0,1730.0,14.4,0.61,4.9,99,83,25000.0,1,0.316
2026-05-14T04:00,0.2,0.0,0.2,0.0,0.0,0.0,51,380.0,0.0,2400.0,16.9,0.86,5.5,187,94,15620.0,1,0.316
2026-05-14T05:00,0.7,0.0,0.6,0.07,0.1,0.0,85,220.0,13.0,465.0,12.1,2.44,8.4,251,80,5200.0,1,0.321
2026-05-14T06:00,0.6,0.0,0.6,0.07,0.1,0.0,85,70.0,7.0,530.0,11.9,3.02,8.8,336,85,5260.0,1,0.302
2026-05-14T07:00,0.3,0.1,0.2,0.0,0.0,0.0,51,50.0,34.0,620.0,13.1,1.52,10.1,67,59,17500.0,1,0.305
2026-05-14T08:00,0.1,0.0,0.1,0.0,0.0,0.0,51,500.0,1.0,2280.0,16.7,0.95,7.1,90,98,10780.0,1,0.305
2026-05-14T09:00,0.3,0.0,0.3,0.0,0.0,0.0,51,170.0,3.0,1525.0,15.8,2.09,7.7,349,72,21660.0,1,0.306
2026-05-14T10:00,0.1,0.0,0.1,0.0,0.0,0.0,51,520.0,2.0,2090.0,16.0,0.67,8.6,42,45,13940.0,1,0.306
2026-05-14T11:00,0.1,0.1,0.0,0.0,0.0,0.0,51,140.0,4.0,300.0,14.0,1.3,5.3,4,55,15420.0,1,0.306
2026-05-14T12:00,0.0,0.0,0.0,0.0,0.0,0.0,3,390.0,2.0,160.0,9.0,1.42,5.5,72,99,5720.0,1,0.291
2026-05-14T13:00,0.2,0.1,0.1,0.0,0.0,0.0,51,50.0,10.0,110.0,8.5,1.36,4.5,188,100,5400.0,0,0.293
2026-05-14T14:00,0.1,0.0,0.1,0.0,0.0,0.0,51,90.0,11.0,15.0,7.7,0.2,4.1,270,42,8280.0,0,0.294
2026-05-14T15:00,0.1,0.1,0.0,0.0,0.0,0.0,51,160.0,4.0,10.0,7.4,0.11,1.8,207,58,20620.0,0,0.296
2026-05-14T16:00,0.1,0.0,0.1,0.0,0.0,0.0,51,140.0,7.0,45.0,6.5,0.73,3.0,196,91,26140.0,0,0.297
2026-05-14T17:00,0.0,0.0,0.0,0.0,0.0,0.0,3,50.0,25.0,35.0,6.4,0.69,3.8,210,82,47280.0,0,0.297
2026-05-14T18:00,0.0,0.0,0.0,0.0,0.0,0.0,3,20.0,39.0,10.0,6.9,0.14,3.5,225,97,18160.0,0,0.293
2026-05-14T19:00,0.1,0.1,0.0,0.0,0.0,0.0,51,10.0,1.0,15.0,6.4,0.2,2.5,180,96,7900.0,0,0.294
2026-05-14T20:00,0.2,0.2,0.0,0.0,0.0,0.0,51,0.0,0.0,20.0,6.3,0.38,3.3,203,89,10280.0,0,0.298
2026-05-14T21:00,0.0,0.0,0.0,0.0,0.0,0.0,3,0.0,4.0,20.0,6.0,0.51,3.3,241,83,41980.0,0,0.298
2026-05-14T22:00,0.0,0.0,0.0,0.0,0.0,0.0,3,10.0,8.0,20.0,5.8,0.53,4.0,229,82,44600.0,0,0.298
2026-05-14T23:00,0.0,0.0,0.0,0.0,0.0,0.0,3,0.0,0.0,20.0,6.1,0.46,4.4,221,97,18880.0,1,0.298
2026-05-15T00:00,0.1,0.1,0.0,0.0,0.0,0.0,51,30.0,0.0,55.0,7.4,0.82,3.9,194,99,5820.0,1,0.29
2026-05-15T01:00,0.9,0.0,0.6,0.49,0.7,0.0,85,0.0,4.0,160.0,6.8,1.11,4.9,162,98,4060.0,1,0.292
2026-05-15T02:00,0.4,0.3,0.0,0.07,0.1,0.0,71,0.0,40.0,435.0,8.4,1.1,4.6,129,99,7520.0,1,0.294
2026-05-15T03:00,0.2,0.2,0.0,0.0,0.0,0.0,51,30.0,48.0,835.0,10.9,1.66,6.0,136,100,14880.0,1,0.297
2026-05-15T04:00,0.1,0.1,0.0,0.0,0.0,0.0,51,140.0,9.0,1595.0,14.1,1.27,6.9,138,100,11780.0,1,0.299
2026-05-15T05:00,0.1,0.0,0.1,0.0,0.0,0.0,51,400.0,0.0,2140.0,16.2,0.78,6.3,220,99,13420.0,1,0.3
2026-05-15T06:00,0.0,0.0,0.0,0.0,0.0,0.0,3,20.0,0.0,2505.0,18.3,2.12,7.4,297,98,62320.0,1,0.301
2026-05-15T07:00,0.0,0.0,0.0,0.0,0.0,0.0,3,10.0,0.0,2885.0,18.8,2.96,10.2,286,98,62340.0,1,0.3
2026-05-15T08:00,0.0,0.0,0.0,0.0,0.0,0.0,3,10.0,0.0,3605.0,19.8,4.06,12.9,300,82,62340.0,1,0.299
2026-05-15T09:00,0.0,0.0,0.0,0.0,0.0,0.0,2,0.0,0.0,3500.0,19.7,4.87,15.5,297,57,62340.0,1,0.298
2026-05-15T10:00,0.0,0.0,0.0,0.0,0.0,0.0,0,0.0,82.0,3050.0,18.9,4.05,15.3,286,8,62340.0,1,0.296
2026-05-15T11:00,0.0,0.0,0.0,0.0,0.0,0.0,0,0.0,44.0,3255.0,18.0,3.29,12.7,300,0,62340.0,1,0.295
2026-05-15T12:00,0.0,0.0,0.0,0.0,0.0,0.0,1,0.0,67.0,410.0,13.9,1.8,10.7,226,31,62320.0,1,0.291
2026-05-15T13:00,0.0,0.0,0.0,0.0,0.0,0.0,0,0.0,165.0,40.0,10.4,1.38,7.0,221,2,62300.0,0,0.291
2026-05-15T14:00,0.0,0.0,0.0,0.0,0.0,0.0,0,0.0,97.0,20.0,8.6,1.0,4.2,233,0,59420.0,0,0.291
2026-05-15T15:00,0.0,0.0,0.0,0.0,0.0,0.0,0,0.0,78.0,15.0,6.8,0.85,3.0,242,2,59420.0,0,0.291
2026-05-15T16:00,0.0,0.0,0.0,0.0,0.0,0.0,0,0.0,63.0,10.0,5.1,0.76,2.7,247,5,56260.0,0,0.291
2026-05-15T17:00,0.0,0.0,0.0,0.0,0.0,0.0,0,0.0,44.0,10.0,3.8,0.49,2.5,246,4,53980.0,0,0.291
2026-05-15T18:00,0.0,0.0,0.0,0.0,0.0,0.0,3,0.0,3.0,10.0,3.2,0.54,2.2,236,80,51300.0,0,0.297
2026-05-15T19:00,0.0,0.0,0.0,0.0,0.0,0.0,2,0.0,3.0,10.0,3.3,0.54,2.4,236,71,53980.0,0,0.297
2026-05-15T20:00,0.0,0.0,0.0,0.0,0.0,0.0,2,0.0,2.0,10.0,3.8,0.28,2.6,225,77,53980.0,0,0.297
2026-05-15T21:00,0.0,0.0,0.0,0.0,0.0,0.0,2,0.0,2.0,10.0,4.4,0.35,3.3,225,74,53980.0,0,0.297
2026-05-15T22:00,0.0,0.0,0.0,0.0,0.0,0.0,3,0.0,0.0,10.0,4.9,0.28,3.4,225,85,56240.0,0,0.297
2026-05-15T23:00,0.0,0.0,0.0,0.0,0.0,0.0,2,0.0,2.0,10.0,5.5,0.36,4.0,214,66,56240.0,1,0.297
2026-05-16T00:00,0.0,0.0,0.0,0.0,0.0,0.0,1,0.0,2.0,110.0,9.1,1.38,4.7,167,23,56240.0,1,0.292
2026-05-16T01:00,0.0,0.0,0.0,0.0,0.0,0.0,1,0.0,2.0,715.0,12.6,1.98,7.6,135,28,59420.0,1,0.292
2026-05-16T02:00,0.0,0.0,0.0,0.0,0.0,0.0,2,20.0,3.0,1695.0,15.1,2.43,8.7,127,60,59420.0,1,0.291
2026-05-16T03:00,0.0,0.0,0.0,0.0,0.0,0.0,2,20.0,3.0,2295.0,17.4,2.08,8.8,156,55,32980.0,1,0.289
2026-05-16T04:00,0.0,0.0,0.0,0.0,0.0,0.0,2,270.0,0.0,3035.0,20.0,2.55,8.8,206,50,18280.0,1,0.288
2026-05-16T05:00,0.1,0.0,0.1,0.0,0.0,0.0,51,150.0,1.0,2725.0,20.4,3.46,12.3,217,31,62320.0,1,0.286
2026-05-16T06:00,0.0,0.0,0.0,0.0,0.0,0.0,2,10.0,11.0,2640.0,21.0,3.98,13.4,245,66,33300.0,1,0.284
2026-05-16T07:00,0.2,0.0,0.2,0.0,0.0,0.0,51,110.0,10.0,2610.0,20.3,4.55,14.3,247,55,19160.0,1,0.283
2026-05-16T08:00,0.0,0.0,0.0,0.0,0.0,0.0,1,20.0,22.0,2660.0,20.9,4.42,14.9,265,31,31560.0,1,0.281
2026-05-16T09:00,0.1,0.0,0.1,0.0,0.0,0.0,51,0.0,13.0,2760.0,19.7,4.66,15.7,273,31,62320.0,1,0.28
2026-05-16T10:00,0.1,0.0,0.1,0.0,0.0,0.0,51,0.0,7.0,1255.0,16.5,3.8,15.2,344,52,14860.0,1,0.28
2026-05-16T11:00,0.9,0.1,0.8,0.0,0.0,0.0,53,170.0,8.0,625.0,11.2,3.26,13.2,342,81,4980.0,1,0.288
2026-05-16T12:00,0.4,0.3,0.1,0.0,0.0,0.0,51,10.0,43.0,390.0,9.0,1.2,11.6,287,100,2040.0,1,0.287
2026-05-16T13:00,1.0,0.1,0.7,0.14,0.2,0.0,85,0.0,47.0,335.0,8.9,1.76,7.2,285,100,4380.0,0,0.297
2026-05-16T14:00,1.1,0.6,0.5,0.0,0.0,0.0,55,10.0,17.0,270.0,8.5,1.08,6.5,326,100,4900.0,0,0.311
2026-05-16T15:00,0.9,0.5,0.4,0.0,0.0,0.0,53,10.0,11.0,215.0,8.1,0.72,4.1,326,100,4760.0,0,0.321
2026-05-16T16:00,0.6,0.4,0.2,0.0,0.0,0.0,53,10.0,7.0,240.0,8.0,0.98,3.6,336,100,2740.0,0,0.329
2026-05-16T17:00,0.7,0.6,0.1,0.0,0.0,0.0,53,20.0,3.0,190.0,7.7,0.68,3.4,324,100,4700.0,0,0.336
2026-05-16T18:00,1.1,0.4,0.7,0.0,0.0,0.0,55,10.0,3.0,170.0,8.0,0.32,2.7,18,100,7740.0,0,0.339
2026-05-16T19:00,0.2,0.2,0.0,0.0,0.0,0.0,51,10.0,1.0,165.0,7.7,0.05,2.2,90,100,11520.0,0,0.34
2026-05-16T20:00,0.1,0.1,0.0,0.0,0.0,0.01,51,0.0,2.0,105.0,7.1,0.43,1.8,126,100,8480.0,0,0.341
2026-05-16T21:00,0.2,0.2,0.0,0.0,0.0,0.01,51,10.0,3.0,140.0,7.0,0.47,2.1,162,100,5140.0,0,0.342
2026-05-16T22:00,0.2,0.2,0.0,0.0,0.0,0.01,51,10.0,2.0,95.0,6.9,0.59,2.0,160,100,6940.0,0,0.343
2026-05-16T23:00,0.1,0.1,0.0,0.0,0.0,0.01,51,10.0,2.0,110.0,7.0,0.52,2.1,163,100,13240.0,1,0.342
2026-05-17T00:00,0.0,0.0,0.0,0.0,0.0,0.0,3,30.0,9.0,165.0,6.8,0.35,2.0,172,100,2740.0,1,0.325
2026-05-17T01:00,0.2,0.0,0.1,0.07,0.1,0.0,85,30.0,17.0,300.0,8.0,0.57,3.4,135,100,12680.0,1,0.325
2026-05-17T02:00,0.0,0.0,0.0,0.0,0.0,0.0,3,30.0,45.0,655.0,10.2,0.58,4.0,121,100,30880.0,1,0.325
2026-05-17T03:00,0.0,0.0,0.0,0.0,0.0,0.0,3,50.0,30.0,845.0,11.8,0.55,4.1,95,100,19980.0,1,0.324
2026-05-17T04:00,0.1,0.1,0.0,0.0,0.0,0.0,51,380.0,0.0,1135.0,14.1,0.66,4.8,99,100,15500.0,1,0.323
2026-05-17T05:00,0.1,0.1,0.0,0.0,0.0,0.0,51,530.0,0.0,1700.0,16.0,1.06,5.7,98,99,26660.0,1,0.321
2026-05-17T06:00,0.1,0.0,0.1,0.0,0.0,0.0,51,580.0,0.0,460.0,16.1,1.86,9.2,96,95,17240.0,1,0.323
2026-05-17T07:00,0.3,0.1,0.2,0.0,0.0,0.0,51,100.0,7.0,1095.0,13.6,1.38,8.6,131,100,5000.0,1,0.323
2026-05-17T08:00,1.1,0.4,0.7,0.0,0.0,0.0,55,340.0,24.0,275.0,10.9,2.88,8.9,326,85,6900.0,1,0.331
2026-05-17T09:00,0.2,0.2,0.0,0.0,0.0,0.0,51,10.0,32.0,350.0,12.4,1.29,9.1,144,73,20200.0,1,0.331
2026-05-17T10:00,0.0,0.0,0.0,0.0,0.0,0.0,2,100.0,33.0,655.0,13.2,1.13,6.1,311,70,8960.0,1,0.33
2026-05-17T11:00,0.4,0.1,0.3,0.0,0.0,0.0,51,10.0,45.0,400.0,12.4,1.15,6.1,270,68,11460.0,1,0.331
2026-05-17T12:00,1.1,0.0,1.1,0.14,0.2,0.0,85,100.0,7.0,250.0,8.6,1.38,4.7,311,100,8400.0,1,0.354
2026-05-17T13:00,0.7,0.0,0.6,0.07,0.1,0.0,85,10.0,43.0,50.0,8.1,0.69,4.7,240,99,4920.0,0,0.359
2026-05-17T14:00,0.2,0.1,0.1,0.0,0.0,0.0,51,10.0,52.0,10.0,8.1,0.07,1.6,225,98,16240.0,0,0.359
2026-05-17T15:00,0.0,0.0,0.0,0.0,0.0,0.0,3,10.0,59.0,15.0,7.8,0.25,0.8,233,99,14480.0,0,0.357
2026-05-17T16:00,0.0,0.0,0.0,0.0,0.0,0.0,3,0.0,11.0,20.0,7.4,0.4,1.0,240,100,10960.0,0,0.356
2026-05-17T17:00,0.5,0.2,0.3,0.0,0.0,0.0,53,10.0,12.0,25.0,7.1,0.69,1.3,240,100,5980.0,0,0.36
2026-05-17T18:00,0.7,0.2,0.5,0.0,0.0,0.0,53,40.0,4.0,100.0,6.8,0.86,2.0,234,100,860.0,0,0.361
2026-05-17T19:00,1.2,0.6,0.0,0.42,0.6,0.0,73,0.0,0.0,60.0,6.2,0.92,2.6,248,100,640.0,0,0.365
2026-05-17T20:00,1.5,0.0,0.5,0.77,1.1,0.01,85,0.0,3.0,50.0,5.8,0.86,2.6,263,100,1820.0,0,0.37
2026-05-17T21:00,1.7,0.0,0.9,0.84,1.2,0.02,86,10.0,2.0,60.0,5.5,0.96,3.0,279,100,780.0,0,0.373
2026-05-17T22:00,2.0,0.0,1.3,1.12,1.6,0.03,86,10.0,2.0,50.0,5.3,0.5,3.0,276,100,620.0,0,0.375
2026-05-17T23:00,1.0,0.0,0.7,0.49,0.7,0.04,85,20.0,2.0,45.0,5.3,0.43,2.4,291,100,520.0,1,0.377
2026-05-18T00:00,1.0,0.0,0.7,0.42,0.6,0.05,85,20.0,2.0,90.0,5.7,0.99,2.8,315,100,4400.0,1,0.369
2026-05-18T01:00,0.1,0.1,0.0,0.0,0.0,0.05,51,10.0,2.0,295.0,6.9,0.78,4.2,320,100,15500.0,1,0.372
2026-05-18T02:00,0.0,0.0,0.0,0.0,0.0,0.04,3,0.0,2.0,540.0,8.2,0.87,4.3,336,100,18940.0,1,0.376
2026-05-18T03:00,0.1,0.0,0.1,0.0,0.0,0.04,51,0.0,3.0,660.0,9.6,0.76,4.4,349,88,10760.0,1,0.383
2026-05-18T04:00,0.1,0.0,0.1,0.0,0.0,0.03,51,10.0,4.0,1010.0,11.1,0.61,4.5,9,55,14120.0,1,0.389
2026-05-18T05:00,0.2,0.1,0.1,0.0,0.0,0.02,51,90.0,0.0,1345.0,12.9,0.11,4.1,27,99,13300.0,1,0.396
2026-05-18T06:00,0.4,0.1,0.3,0.0,0.0,0.02,51,70.0,0.0,1670.0,14.4,0.61,5.1,9,100,11620.0,1,0.411
2026-05-18T07:00,0.4,0.2,0.2,0.0,0.0,0.01,51,50.0,9.0,1010.0,12.6,0.7,4.3,339,66,5580.0,1,0.409
2026-05-18T08:00,0.6,0.3,0.3,0.0,0.0,0.01,53,40.0,5.0,340.0,10.3,2.67,10.3,337,95,6620.0,1,0.408
2026-05-18T09:00,0.1,0.1,0.0,0.0,0.0,0.01,51,360.0,33.0,545.0,12.3,0.71,9.7,51,48,34820.0,1,0.403
2026-05-18T10:00,0.0,0.0,0.0,0.0,0.0,0.0,2,150.0,17.0,680.0,13.2,1.17,5.3,50,70,28980.0,1,0.398
2026-05-18T11:00,0.3,0.1,0.2,0.0,0.0,0.0,51,250.0,6.0,470.0,10.7,2.08,8.1,325,100,5540.0,1,0.396
2026-05-18T12:00,0.2,0.2,0.0,0.0,0.0,0.0,51,310.0,44.0,70.0,8.7,0.81,7.5,223,79,16800.0,1,0.391
2026-05-18T13:00,0.0,0.0,0.0,0.0,0.0,0.0,2,70.0,29.0,25.0,8.0,0.4,4.7,180,73,33440.0,0,0.387
2026-05-18T14:00,0.0,0.0,0.0,0.0,0.0,0.0,3,70.0,20.0,15.0,6.5,0.46,3.3,229,92,38540.0,0,0.384
2026-05-18T15:00,0.0,0.0,0.0,0.0,0.0,0.0,2,300.0,56.0,10.0,5.4,0.1,3.8,270,79,39200.0,0,0.381
2026-05-18T16:00,0.0,0.0,0.0,0.0,0.0,0.0,2,420.0,40.0,15.0,4.1,0.56,4.6,260,60,39200.0,0,0.378
2026-05-18T17:00,0.0,0.0,0.0,0.0,0.0,0.0,1,520.0,25.0,15.0,3.7,0.71,4.8,262,23,36160.0,0,0.375
2026-05-18T18:00,0.0,0.0,0.0,0.0,0.0,0.0,1,500.0,21.0,25.0,4.4,0.56,4.6,260,37,41160.0,0,0.375
2026-05-18T19:00,0.0,0.0,0.0,0.0,0.0,0.0,3,450.0,26.0,20.0,3.9,0.4,4.4,270,100,37860.0,0,0.373
2026-05-18T20:00,0.0,0.0,0.0,0.0,0.0,0.0,3,400.0,32.0,15.0,3.3,0.36,4.0,254,100,16760.0,0,0.37
2026-05-18T21:00,0.0,0.0,0.0,0.0,0.0,0.0,3,100.0,58.0,10.0,3.1,0.4,3.7,263,100,16860.0,0,0.369
2026-05-18T22:00,0.0,0.0,0.0,0.0,0.0,0.0,3,130.0,83.0,15.0,2.8,0.51,3.4,259,100,400.0,0,0.367
2026-05-18T23:00,0.0,0.0,0.0,0.0,0.0,0.0,3,70.0,97.0,15.0,2.8,0.96,3.7,261,100,300.0,1,0.366
2026-05-19T00:00,0.0,0.0,0.0,0.0,0.0,0.0,3,110.0,75.0,180.0,6.0,1.41,4.7,262,100,240.0,1,0.362
2026-05-19T01:00,0.0,0.0,0.0,0.0,0.0,0.0,2,60.0,78.0,360.0,7.8,0.64,5.1,315,66,5020.0,1,0.361
2026-05-19T02:00,0.0,0.0,0.0,0.0,0.0,0.0,1,40.0,57.0,795.0,11.0,0.76,5.1,8,20,16900.0,1,0.359
2026-05-19T03:00,0.0,0.0,0.0,0.0,0.0,0.0,1,240.0,10.0,1545.0,13.7,1.23,7.1,348,20,37700.0,1,0.358
2026-05-19T04:00,0.0,0.0,0.0,0.0,0.0,0.0,1,60.0,17.0,2035.0,16.1,2.27,8.9,327,26,31080.0,1,0.357
2026-05-19T05:00,0.0,0.0,0.0,0.0,0.0,0.0,1,60.0,31.0,2420.0,17.9,2.9,10.4,315,29,21960.0,1,0.355
2026-05-19T06:00,0.0,0.0,0.0,0.0,0.0,0.0,0,100.0,27.0,2480.0,18.9,2.91,10.6,305,16,22020.0,1,0.353
2026-05-19T07:00,0.0,0.0,0.0,0.0,0.0,0.0,2,120.0,15.0,2860.0,19.5,2.8,10.2,297,58,15080.0,1,0.35
2026-05-19T08:00,0.1,0.0,0.1,0.0,0.0,0.0,51,110.0,10.0,2840.0,19.4,2.91,9.8,305,71,11640.0,1,0.348
2026-05-19T09:00,0.1,0.1,0.0,0.0,0.0,0.0,51,0.0,120.0,3050.0,19.1,1.99,9.6,309,43,18600.0,1,0.346
2026-05-19T10:00,0.0,0.0,0.0,0.0,0.0,0.0,2,0.0,126.0,3465.0,19.5,2.18,7.4,323,76,63080.0,1,0.344
2026-05-19T11:00,0.0,0.0,0.0,0.0,0.0,0.0,1,0.0,132.0,2275.0,18.2,3.43,11.5,293,39,63100.0,1,0.343
2026-05-19T12:00,0.0,0.0,0.0,0.0,0.0,0.0,1,0.0,137.0,105.0,15.4,0.68,11.6,324,43,63100.0,1,0.339
2026-05-19T13:00,0.0,0.0,0.0,0.0,0.0,0.0,2,0.0,260.0,10.0,13.2,0.16,5.3,252,50,63120.0,0,0.338
2026-05-19T14:00,0.0,0.0,0.0,0.0,0.0,0.0,1,0.0,56.0,15.0,11.7,0.25,3.2,233,31,63100.0,0,0.338
2026-05-19T15:00,0.0,0.0,0.0,0.0,0.0,0.0,0,0.0,67.0,15.0,8.9,0.94,3.2,238,9,63100.0,0,0.338
2026-05-19T16:00,0.0,0.0,0.0,0.0,0.0,0.0,0,0.0,78.0,15.0,6.8,0.94,3.5,238,5,60240.0,0,0.337
2026-05-19T17:00,0.0,0.0,0.0,0.0,0.0,0.0,0,0.0,90.0,10.0,5.4,0.63,3.4,241,0,60240.0,0,0.337
2026-05-19T18:00,0.0,0.0,0.0,0.0,0.0,0.0,0,0.0,102.0,10.0,4.7,0.45,2.7,243,0,57060.0,0,0.353
2026-05-19T19:00,0.0,0.0,0.0,0.0,0.0,0.0,0,0.0,114.0,10.0,4.1,0.64,2.6,231,0,57080.0,0,0.352
2026-05-19T20:00,0.0,0.0,0.0,0.0,0.0,0.0,0,0.0,125.0,10.0,3.8,0.34,2.6,243,0,54800.0,0,0.351
2026-05-19T21:00,0.0,0.0,0.0,0.0,0.0,0.0,0,0.0,136.0,10.0,3.7,0.22,2.0,243,0,54800.0,0,0.351
2026-05-19T22:00,0.0,0.0,0.0,0.0,0.0,0.0,0,0.0,146.0,10.0,3.5,0.16,2.0,252,0,54820.0,0,0.35
2026-05-19T23:00,0.0,0.0,0.0,0.0,0.0,0.0,0,0.0,155.0,10.0,3.9,0.11,1.9,243,0,54820.0,1,0.35
2026-05-20T00:00,0.0,0.0,0.0,0.0,0.0,0.0,0,0.0,163.0,65.0,8.7,0.38,1.9,203,2,57120.0,1,0.336
2026-05-20T01:00,0.0,0.0,0.0,0.0,0.0,0.0,0,0.0,170.0,315.0,11.8,0.67,3.5,77,0,60340.0,1,0.335
2026-05-20T02:00,0.0,0.0,0.0,0.0,0.0,0.0,0,0.0,174.0,610.0,14.7,1.1,4.8,93,0,63220.0,1,0.334
2026-05-20T03:00,0.0,0.0,0.0,0.0,0.0,0.0,0,130.0,216.0,1155.0,17.5,1.25,5.5,85,0,63240.0,1,0.332
2026-05-20T04:00,0.0,0.0,0.0,0.0,0.0,0.0,1,490.0,73.0,1780.0,20.1,1.05,5.7,90,40,41220.0,1,0.33
2026-05-20T05:00,0.0,0.0,0.0,0.0,0.0,0.0,2,450.0,9.0,2795.0,22.3,1.5,6.6,150,71,18480.0,1,0.327
2026-05-20T06:00,0.0,0.0,0.0,0.0,0.0,0.0,3,390.0,0.0,3525.0,23.0,1.15,8.8,236,82,31660.0,1,0.324
2026-05-20T07:00,0.0,0.0,0.0,0.0,0.0,0.0,2,20.0,0.0,3320.0,22.6,3.06,9.3,259,76,63320.0,1,0.322
2026-05-20T08:00,0.0,0.0,0.0,0.0,0.0,0.0,3,0.0,0.0,2950.0,21.4,3.49,10.5,251,95,11220.0,1,0.32
2026-05-20T09:00,0.1,0.0,0.1,0.0,0.0,0.0,51,10.0,1.0,2755.0,21.3,2.46,10.4,246,98,15500.0,1,0.319
2026-05-20T10:00,0.0,0.0,0.0,0.0,0.0,0.0,3,0.0,4.0,3135.0,21.0,2.75,8.2,269,98,63340.0,1,0.318
2026-05-20T11:00,0.0,0.0,0.0,0.0,0.0,0.0,3,0.0,29.0,3090.0,20.3,1.8,8.7,289,98,63360.0,1,0.317
2026-05-20T12:00,0.0,0.0,0.0,0.0,0.0,0.0,3,80.0,81.0,305.0,16.8,1.05,6.4,3,98,63340.0,1,0.316
2026-05-20T13:00,0.0,0.0,0.0,0.0,0.0,0.0,3,20.0,42.0,215.0,15.1,1.11,6.7,352,98,63360.0,0,0.316
2026-05-20T14:00,0.0,0.0,0.0,0.0,0.0,0.0,3,20.0,3.0,150.0,13.5,1.17,5.5,329,92,63360.0,0,0.316
2026-05-20T15:00,0.0,0.0,0.0,0.0,0.0,0.0,2,10.0,27.0,45.0,12.6,0.59,4.8,290,68,63360.0,0,0.316
2026-05-20T16:00,0.0,0.0,0.0,0.0,0.0,0.0,2,0.0,33.0,20.0,10.5,0.73,2.8,254,71,60500.0,0,0.316
2026-05-20T17:00,0.0,0.0,0.0,0.0,0.0,0.0,1,40.0,3.0,10.0,9.1,0.32,2.8,252,27,60500.0,0,0.316
2026-05-20T18:00,0.0,0.0,0.0,0.0,0.0,0.0,2,40.0,2.0,10.0,8.2,0.36,2.6,254,62,60520.0,0,0.316
2026-05-20T19:00,0.0,0.0,0.0,0.0,0.0,0.0,1,40.0,10.0,15.0,7.2,0.67,2.8,257,24,60540.0,0,0.316
2026-05-20T20:00,0.0,0.0,0.0,0.0,0.0,0.0,0,40.0,11.0,10.0,6.3,0.49,2.8,246,13,57340.0,0,0.316
2026-05-20T21:00,0.0,0.0,0.0,0.0,0.0,0.0,0,40.0,30.0,10.0,5.8,0.18,2.6,236,2,57360.0,0,0.316
2026-05-20T22:00,0.0,0.0,0.0,0.0,0.0,0.0,0,40.0,45.0,15.0,4.9,0.56,2.6,260,11,55080.0,0,0.316
2026-05-20T23:00,0.0,0.0,0.0,0.0,0.0,0.0,0,50.0,41.0,10.0,5.2,0.59,3.0,250,19,55080.0,1,0.316
2026-05-21T00:00,0.0,0.0,0.0,0.0,0.0,0.0,1,70.0,41.0,30.0,10.3,0.2,2.8,270,34,57380.0,1,0.316
2026-05-21T01:00,0.0,0.0,0.0,0.0,0.0,0.0,1,90.0,81.0,380.0,13.7,0.36,2.9,124,33,60600.0,1,0.315
2026-05-21T02:00,0.0,0.0,0.0,0.0,0.0,0.0,3,120.0,90.0,1265.0,16.5,0.51,4.0,101,84,60600.0,1,0.314
2026-05-21T03:00,0.0,0.0,0.0,0.0,0.0,0.0,2,170.0,100.0,1725.0,18.7,0.46,4.2,131,70,56940.0,1,0.313
2026-05-21T04:00,0.0,0.0,0.0,0.0,0.0,0.0,2,240.0,40.0,2100.0,20.7,0.91,5.5,174,58,18740.0,1,0.311
2026-05-21T05:00,0.1,0.1,0.0,0.0,0.0,0.0,51,460.0,0.0,2680.0,21.3,2.71,8.5,218,58,11440.0,1,0.309
2026-05-21T06:00,0.0,0.0,0.0,0.0,0.0,0.0,2,540.0,0.0,4155.0,23.7,1.61,8.5,300,62,20240.0,1,0.307
2026-05-21T07:00,0.0,0.0,0.0,0.0,0.0,0.0,2,320.0,0.0,3545.0,23.4,3.33,10.2,262,71,63560.0,1,0.305
2026-05-21T08:00,0.0,0.0,0.0,0.0,0.0,0.0,2,0.0,0.0,2770.0,22.0,4.77,14.8,275,63,24080.0,1,0.302
2026-05-21T09:00,0.0,0.0,0.0,0.0,0.0,0.0,3,10.0,29.0,2455.0,21.3,4.14,14.7,285,84,10140.0,1,0.301
2026-05-21T10:00,0.3,0.1,0.2,0.0,0.0,0.0,51,130.0,14.0,1920.0,18.3,3.21,15.5,288,55,7960.0,1,0.302
2026-05-21T11:00,0.4,0.2,0.2,0.0,0.0,0.0,51,120.0,11.0,1825.0,16.9,2.9,11.5,314,29,5580.0,1,0.304
2026-05-21T12:00,0.1,0.1,0.0,0.0,0.0,0.0,51,260.0,84.0,10.0,15.0,0.16,10.5,162,28,57520.0,1,0.296
2026-05-21T13:00,0.0,0.0,0.0,0.0,0.0,0.0,0,360.0,107.0,20.0,12.4,0.7,2.8,201,2,55240.0,0,0.296
2026-05-21T14:00,0.0,0.0,0.0,0.0,0.0,0.0,0,360.0,106.0,20.0,11.1,0.89,2.7,207,2,55240.0,0,0.297
2026-05-21T15:00,0.0,0.0,0.0,0.0,0.0,0.0,0,300.0,106.0,15.0,10.0,0.64,2.7,219,2,55260.0,0,0.297
2026-05-21T16:00,0.0,0.0,0.0,0.0,0.0,0.0,0,220.0,97.0,10.0,8.8,0.46,2.3,229,0,55260.0,0,0.297
2026-05-21T17:00,0.0,0.0,0.0,0.0,0.0,0.0,0,140.0,56.0,10.0,7.6,0.57,2.2,232,0,55280.0,0,0.297
2026-05-21T18:00,0.0,0.0,0.0,0.0,0.0,0.0,0,0.0,62.0,10.0,7.3,0.51,2.3,241,0,55280.0,0,0.298
2026-05-21T19:00,0.0,0.0,0.0,0.0,0.0,0.0,0,70.0,114.0,10.0,6.4,0.47,2.2,238,0,55300.0,0,0.298
2026-05-21T20:00,0.0,0.0,0.0,0.0,0.0,0.0,0,80.0,108.0,10.0,5.6,0.47,2.2,238,0,55300.0,0,0.298
2026-05-21T21:00,0.0,0.0,0.0,0.0,0.0,0.0,0,80.0,139.0,10.0,5.0,0.36,2.1,236,0,55320.0,0,0.298
2026-05-21T22:00,0.0,0.0,0.0,0.0,0.0,0.0,0,60.0,166.0,10.0,4.5,0.29,2.0,239,0,55320.0,0,0.298
2026-05-21T23:00,0.0,0.0,0.0,0.0,0.0,0.0,0,0.0,179.0,10.0,4.6,0.34,1.9,243,0,52640.0,1,0.298
2026-05-22T00:00,0.0,0.0,0.0,0.0,0.0,0.0,0,0.0,85.0,35.0,10.1,0.64,2.2,219,0,52640.0,1,0.294
2026-05-22T01:00,0.0,0.0,0.0,0.0,0.0,0.0,0,30.0,362.0,390.0,13.9,0.45,3.2,63,0,57660.0,1,0.293
2026-05-22T02:00,0.0,0.0,0.0,0.0,0.0,0.0,0,160.0,192.0,845.0,16.6,0.9,4.5,71,2,60880.0,1,0.293
2026-05-22T03:00,0.0,0.0,0.0,0.0,0.0,0.0,0,390.0,75.0,1585.0,19.3,0.91,5.0,84,2,63760.0,1,0.291
2026-05-22T04:00,0.0,0.0,0.0,0.0,0.0,0.0,0,480.0,19.0,2035.0,21.8,0.86,5.4,144,5,16960.0,1,0.289
2026-05-22T05:00,0.1,0.1,0.0,0.0,0.0,0.0,51,210.0,9.0,2835.0,23.7,2.25,7.5,201,26,25960.0,1,0.287
2026-05-22T06:00,0.2,0.0,0.2,0.0,0.0,0.0,51,0.0,12.0,2695.0,23.4,2.94,10.7,227,63,63820.0,1,0.291
2026-05-22T07:00,0.2,0.0,0.2,0.0,0.0,0.0,51,0.0,16.0,3065.0,24.0,3.65,10.9,245,66,12200.0,1,0.29
2026-05-22T08:00,0.1,0.0,0.1,0.0,0.0,0.0,51,0.0,20.0,2865.0,23.4,3.57,12.9,248,80,15680.0,1,0.289
2026-05-22T09:00,0.1,0.0,0.1,0.0,0.0,0.0,51,0.0,25.0,2810.0,22.3,2.75,11.1,251,68,63860.0,1,0.288
2026-05-22T10:00,0.2,0.0,0.2,0.0,0.0,0.0,51,0.0,29.0,2750.0,22.2,2.8,10.1,246,81,63880.0,1,0.289
2026-05-22T11:00,0.0,0.0,0.0,0.0,0.0,0.0,1,0.0,32.0,2625.0,21.4,2.04,8.5,248,47,63860.0,1,0.288
2026-05-22T12:00,0.1,0.0,0.1,0.0,0.0,0.0,51,60.0,45.0,245.0,17.6,0.93,6.4,306,27,63860.0,1,0.276
2026-05-22T13:00,0.0,0.0,0.0,0.0,0.0,0.0,3,60.0,55.0,15.0,15.0,0.27,4.9,248,85,63860.0,0,0.277
2026-05-22T14:00,0.0,0.0,0.0,0.0,0.0,0.0,3,30.0,48.0,15.0,13.9,0.46,3.1,229,94,61020.0,0,0.277
2026-05-22T15:00,0.0,0.0,0.0,0.0,0.0,0.0,3,40.0,35.0,20.0,12.3,0.86,4.3,234,98,57820.0,0,0.277
2026-05-22T16:00,0.0,0.0,0.0,0.0,0.0,0.0,3,30.0,33.0,20.0,11.5,1.03,4.6,241,96,33660.0,0,0.277
2026-05-22T17:00,0.1,0.1,0.0,0.0,0.0,0.0,51,10.0,126.0,25.0,10.9,1.08,4.9,236,99,8480.0,0,0.278
2026-05-22T18:00,0.3,0.3,0.0,0.0,0.0,0.0,51,60.0,97.0,35.0,11.3,1.1,5.5,227,98,14200.0,0,0.28
2026-05-22T19:00,0.0,0.0,0.0,0.0,0.0,0.0,3,10.0,17.0,40.0,10.2,1.15,4.5,236,99,29280.0,0,0.28
2026-05-22T20:00,0.0,0.0,0.0,0.0,0.0,0.0,3,0.0,42.0,40.0,9.4,1.2,4.0,228,100,49440.0,0,0.281
2026-05-22T21:00,0.0,0.0,0.0,0.0,0.0,0.0,3,0.0,22.0,30.0,8.9,1.04,3.8,235,100,49440.0,0,0.281
2026-05-22T22:00,0.0,0.0,0.0,0.0,0.0,0.0,3,0.0,44.0,20.0,8.3,0.81,3.2,248,82,45520.0,0,0.281
2026-05-22T23:00,0.0,0.0,0.0,0.0,0.0,0.0,3,10.0,81.0,20.0,7.5,0.81,2.8,240,83,18440.0,1,0.281
2026-05-23T00:00,0.0,0.0,0.0,0.0,0.0,0.0,2,30.0,91.0,60.0,10.8,1.48,3.8,225,78,8140.0,1,0.277
2026-05-23T01:00,0.0,0.0,0.0,0.0,0.0,0.0,1,200.0,47.0,580.0,14.2,0.91,4.3,186,22,55620.0,1,0.277
2026-05-23T02:00,0.0,0.0,0.0,0.0,0.0,0.0,1,240.0,30.0,1205.0,16.9,0.96,5.1,133,22,57940.0,1,0.276
2026-05-23T03:00,0.0,0.0,0.0,0.0,0.0,0.0,1,400.0,0.0,1740.0,19.4,0.71,5.3,141,30,59720.0,1,0.275
2026-05-23T04:00,0.0,0.0,0.0,0.0,0.0,0.0,2,460.0,0.0,2290.0,21.4,1.1,6.0,180,57,20780.0,1,0.273
2026-05-23T05:00,0.0,0.0,0.0,0.0,0.0,0.0,2,50.0,2.0,2605.0,22.7,2.25,7.3,217,58,64060.0,1,0.271
2026-05-23T06:00,0.0,0.0,0.0,0.0,0.0,0.0,3,0.0,3.0,2690.0,23.6,1.86,9.9,216,86,64080.0,1,0.265
2026-05-23T07:00,0.0,0.0,0.0,0.0,0.0,0.0,2,0.0,1.0,2545.0,22.6,2.92,9.0,202,53,19460.0,1,0.263
2026-05-23T08:00,0.0,0.0,0.0,0.0,0.0,0.0,2,0.0,1.0,2745.0,23.4,2.69,9.2,204,53,64100.0,1,0.261
2026-05-23T09:00,0.3,0.0,0.3,0.0,0.0,0.0,51,0.0,6.0,2405.0,22.2,3.68,10.7,227,55,64120.0,1,0.262
2026-05-23T10:00,0.2,0.0,0.2,0.0,0.0,0.0,51,0.0,21.0,2165.0,21.2,2.98,11.9,229,28,64120.0,1,0.262
2026-05-23T11:00,0.1,0.0,0.1,0.0,0.0,0.0,51,10.0,55.0,2055.0,20.9,2.68,9.4,217,2,64140.0,1,0.262
2026-05-23T12:00,0.0,0.0,0.0,0.0,0.0,0.0,0,120.0,59.0,1045.0,19.0,1.66,8.6,245,9,64120.0,1,0.254
2026-05-23T13:00,0.0,0.0,0.0,0.0,0.0,0.0,0,120.0,65.0,35.0,17.1,0.5,7.2,264,0,64140.0,0,0.254
2026-05-23T14:00,0.0,0.0,0.0,0.0,0.0,0.0,0,40.0,136.0,30.0,15.5,0.68,5.0,253,2,64140.0,0,0.254
2026-05-23T15:00,0.0,0.0,0.0,0.0,0.0,0.0,0,0.0,6.0,15.0,14.1,0.29,4.7,239,12,61300.0,0,0.255
2026-05-23T16:00,0.0,0.0,0.0,0.0,0.0,0.0,0,0.0,6.0,20.0,12.0,0.69,4.0,240,2,58080.0,0,0.255
2026-05-23T17:00,0.0,0.0,0.0,0.0,0.0,0.0,0,0.0,7.0,25.0,10.0,1.1,4.8,246,4,55800.0,0,0.255
2026-05-23T18:00,0.0,0.0,0.0,0.0,0.0,0.0,1,0.0,7.0,20.0,9.7,1.05,5.7,245,20,55800.0,0,0.248
2026-05-23T19:00,0.0,0.0,0.0,0.0,0.0,0.0,0,0.0,8.0,20.0,8.5,1.32,5.5,245,15,53100.0,0,0.249
2026-05-23T20:00,0.0,0.0,0.0,0.0,0.0,0.0,2,0.0,8.0,20.0,7.5,1.28,5.7,239,54,49680.0,0,0.249
2026-05-23T21:00,0.0,0.0,0.0,0.0,0.0,0.0,0,0.0,78.0,15.0,7.5,0.83,5.6,237,16,49700.0,0,0.249
2026-05-23T22:00,0.0,0.0,0.0,0.0,0.0,0.0,0,0.0,70.0,10.0,7.0,0.58,5.0,239,13,49700.0,0,0.249
2026-05-23T23:00,0.0,0.0,0.0,0.0,0.0,0.0,0,0.0,39.0,10.0,7.3,0.43,4.8,234,15,53140.0,1,0.249
2026-05-24T00:00,0.0,0.0,0.0,0.0,0.0,0.0,1,0.0,44.0,55.0,13.5,1.12,4.5,212,28,55880.0,1,0.247
2026-05-24T01:00,0.0,0.0,0.0,0.0,0.0,0.0,2,10.0,26.0,1155.0,16.6,1.56,6.0,138,75,61400.0,1,0.247
2026-05-24T02:00,0.0,0.0,0.0,0.0,0.0,0.0,2,0.0,7.0,1595.0,17.9,1.66,6.1,155,58,49900.0,1,0.246
2026-05-24T03:00,0.2,0.0,0.2,0.0,0.0,0.0,51,0.0,0.0,2130.0,20.2,2.78,9.8,210,29,15300.0,1,0.247
2026-05-24T04:00,0.4,0.1,0.3,0.0,0.0,0.0,51,50.0,15.0,2295.0,21.2,3.29,11.7,226,30,22960.0,1,0.248
2026-05-24T05:00,0.5,0.0,0.5,0.0,0.0,0.0,53,180.0,0.0,2330.0,21.0,3.59,11.2,279,48,64320.0,1,0.25
2026-05-24T06:00,2.0,0.1,1.9,0.0,0.0,0.0,80,60.0,11.0,985.0,16.4,4.37,16.6,349,73,4800.0,1,0.268
2026-05-24T07:00,0.9,0.4,0.5,0.0,0.0,0.0,53,190.0,0.0,1030.0,15.7,2.55,14.2,320,66,4180.0,1,0.273
2026-05-24T08:00,0.7,0.3,0.4,0.0,0.0,0.0,53,10.0,11.0,940.0,15.3,2.16,10.0,314,73,6480.0,1,0.278
2026-05-24T09:00,0.4,0.4,0.0,0.0,0.0,0.0,51,0.0,37.0,930.0,16.7,1.44,8.4,236,35,9220.0,1,0.281
2026-05-24T10:00,0.3,0.2,0.1,0.0,0.0,0.0,51,190.0,13.0,585.0,16.0,2.45,7.5,184,51,7460.0,1,0.282
2026-05-24T11:00,0.2,0.2,0.0,0.0,0.0,0.0,51,250.0,14.0,410.0,14.6,0.76,8.0,262,57,18240.0,1,0.283
2026-05-24T12:00,0.0,0.0,0.0,0.0,0.0,0.0,2,0.0,23.0,370.0,13.2,1.0,5.8,183,78,56000.0,1,0.274
2026-05-24T13:00,0.0,0.0,0.0,0.0,0.0,0.0,1,0.0,22.0,80.0,11.2,0.94,4.1,212,29,53300.0,0,0.274
2026-05-24T14:00,0.0,0.0,0.0,0.0,0.0,0.0,1,0.0,46.0,45.0,10.2,0.99,4.2,221,39,49880.0,0,0.273
2026-05-24T15:00,0.0,0.0,0.0,0.0,0.0,0.0,1,20.0,57.0,25.0,9.8,0.85,4.2,220,39,45940.0,0,0.273
2026-05-24T16:00,0.0,0.0,0.0,0.0,0.0,0.0,0,10.0,9.0,30.0,9.3,1.01,4.8,189,19,26500.0,0,0.274
2026-05-24T17:00,0.0,0.0,0.0,0.0,0.0,0.0,2,10.0,5.0,30.0,8.9,0.86,4.5,187,53,34600.0,0,0.274
2026-05-24T18:00,0.0,0.0,0.0,0.0,0.0,0.0,1,0.0,21.0,25.0,9.1,0.62,4.5,194,38,31200.0,0,0.259
2026-05-24T19:00,0.0,0.0,0.0,0.0,0.0,0.0,2,0.0,37.0,15.0,8.5,0.47,4.0,212,55,40680.0,0,0.26
2026-05-24T20:00,0.0,0.0,0.0,0.0,0.0,0.0,2,0.0,37.0,15.0,8.5,0.4,4.0,187,55,36280.0,0,0.26
2026-05-24T21:00,0.0,0.0,0.0,0.0,0.0,0.0,1,0.0,36.0,15.0,8.2,0.36,3.7,214,27,51040.0,0,0.26
2026-05-24T22:00,0.0,0.0,0.0,0.0,0.0,0.0,1,0.0,34.0,15.0,7.6,0.49,3.6,225,41,53400.0,0,0.26
2026-05-24T23:00,0.0,0.0,0.0,0.0,0.0,0.0,0,0.0,33.0,10.0,8.0,0.53,3.5,221,14,53400.0,1,0.26
2026-05-25T00:00,0.0,0.0,0.0,0.0,0.0,0.0,3,0.0,31.0,135.0,11.0,0.96,4.2,171,84,53420.0,1,0.271
2026-05-25T01:00,0.0,0.0,0.0,0.0,0.0,0.0,3,0.0,11.0,570.0,13.0,0.89,4.1,128,88,56140.0,1,0.271
2026-05-25T02:00,0.0,0.0,0.0,0.0,0.0,0.0,1,0.0,29.0,1070.0,15.0,0.81,4.3,120,32,33460.0,1,0.27
2026-05-25T03:00,0.0,0.0,0.0,0.0,0.0,0.0,1,80.0,0.0,1885.0,18.1,0.9,5.5,214,34,20940.0,1,0.269
2026-05-25T04:00,0.7,0.0,0.7,0.0,0.0,0.0,53,40.0,0.0,705.0,17.1,1.27,6.3,281,34,32380.0,1,0.273
2026-05-25T05:00,0.8,0.0,0.8,0.0,0.0,0.0,53,120.0,0.0,2110.0,19.5,1.71,8.1,345,50,11080.0,1,0.28
2026-05-25T06:00,1.1,0.0,1.1,0.0,0.0,0.0,55,40.0,0.0,1985.0,19.4,1.9,7.9,288,39,12440.0,1,0.259
2026-05-25T07:00,0.9,0.1,0.8,0.0,0.0,0.0,53,120.0,0.0,1890.0,19.7,1.51,7.4,304,29,15460.0,1,0.264
2026-05-25T08:00,1.3,0.0,1.3,0.0,0.0,0.0,80,120.0,0.0,2150.0,19.6,1.44,6.8,250,34,64620.0,1,0.274
2026-05-25T09:00,1.4,0.0,1.4,0.0,0.0,0.0,80,70.0,0.0,560.0,19.7,1.24,5.4,227,38,39500.0,1,0.286
2026-05-25T10:00,0.4,0.0,0.4,0.0,0.0,0.0,51,150.0,0.0,2405.0,20.5,1.48,5.5,225,47,36000.0,1,0.288
2026-05-25T11:00,0.1,0.1,0.0,0.0,0.0,0.0,51,0.0,0.0,1830.0,19.7,2.13,7.7,231,9,64680.0,1,0.287
2026-05-25T12:00,0.0,0.0,0.0,0.0,0.0,0.0,1,10.0,0.0,45.0,17.1,0.32,7.3,309,27,64660.0,1,0.265
2026-05-25T13:00,0.0,0.0,0.0,0.0,0.0,0.0,0,0.0,0.0,20.0,14.5,0.4,3.4,277,2,61820.0,0,0.265
2026-05-25T14:00,0.0,0.0,0.0,0.0,0.0,0.0,0,0.0,0.0,20.0,12.4,0.71,3.9,262,4,61820.0,0,0.265
2026-05-25T15:00,0.0,0.0,0.0,0.0,0.0,0.0,0,0.0,0.0,20.0,10.6,0.93,3.8,254,2,58620.0,0,0.265
2026-05-25T16:00,0.0,0.0,0.0,0.0,0.0,0.0,0,0.0,0.0,20.0,9.0,1.01,4.0,250,2,56320.0,0,0.265
2026-05-25T17:00,0.0,0.0,0.0,0.0,0.0,0.0,0,10.0,0.0,15.0,7.6,0.94,4.0,245,5,53600.0,0,0.265
2026-05-25T18:00,0.0,0.0,0.0,0.0,0.0,0.0,0,0.0,0.0,15.0,7.3,0.76,3.9,238,3,53620.0,0,0.258
2026-05-25T19:00,0.0,0.0,0.0,0.0,0.0,0.0,0,0.0,0.0,10.0,6.5,0.74,3.6,242,15,53620.0,0,0.258
2026-05-25T20:00,0.0,0.0,0.0,0.0,0.0,0.0,1,0.0,0.0,10.0,6.2,0.58,3.8,239,37,53640.0,0,0.258
2026-05-25T21:00,0.0,0.0,0.0,0.0,0.0,0.0,1,0.0,0.0,10.0,6.4,0.34,3.7,243,37,53640.0,0,0.258
2026-05-25T22:00,0.0,0.0,0.0,0.0,0.0,0.0,1,0.0,0.0,10.0,6.1,0.5,3.6,233,36,53660.0,0,0.258
2026-05-25T23:00,0.0,0.0,0.0,0.0,0.0,0.0,1,0.0,0.0,10.0,6.5,0.39,3.6,230,34,53680.0,1,0.258
2026-05-26T00:00,0.0,0.0,0.0,0.0,0.0,0.0,0,0.0,0.0,60.0,12.3,0.7,3.2,201,6,58720.0,1,0.254
2026-05-26T01:00,0.0,0.0,0.0,0.0,0.0,0.0,1,0.0,0.0,705.0,15.4,0.92,4.3,119,38,61960.0,1,0.254
2026-05-26T02:00,0.1,0.0,0.1,0.0,0.0,0.0,51,40.0,0.0,1530.0,17.9,1.35,5.6,141,66,36980.0,1,0.254
2026-05-26T03:00,0.4,0.0,0.4,0.0,0.0,0.0,51,110.0,0.0,770.0,18.1,0.85,5.9,140,48,28280.0,1,0.255
2026-05-26T04:00,0.3,0.1,0.2,0.0,0.0,0.0,51,120.0,0.0,2140.0,19.8,1.09,5.4,164,59,61120.0,1,0.256
2026-05-26T05:00,0.1,0.0,0.1,0.0,0.0,0.0,51,0.0,0.0,2595.0,21.9,1.92,7.1,187,59,64880.0,1,0.255
2026-05-26T06:00,0.1,0.0,0.1,0.0,0.0,0.0,51,0.0,7.0,2525.0,22.9,2.55,9.0,196,46,64900.0,1,0.253
2026-05-26T07:00,0.3,0.0,0.3,0.0,0.0,0.0,51,0.0,23.0,2410.0,22.6,2.91,9.4,221,50,64900.0,1,0.253
2026-05-26T08:00,0.0,0.0,0.0,0.0,0.0,0.0,2,20.0,23.0,2715.0,23.7,4.24,12.6,226,54,64920.0,1,0.251
2026-05-26T09:00,0.0,0.0,0.0,0.0,0.0,0.0,2,0.0,23.0,2335.0,23.0,4.22,13.1,229,65,64920.0,1,0.249
2026-05-26T10:00,0.0,0.0,0.0,0.0,0.0,0.0,0,0.0,23.0,1865.0,21.4,4.01,13.1,234,13,64940.0,1,0.248
2026-05-26T11:00,0.0,0.0,0.0,0.0,0.0,0.0,0,0.0,23.0,1395.0,20.6,2.61,12.2,253,16,64960.0,1,0.247
2026-05-26T12:00,0.0,0.0,0.0,0.0,0.0,0.0,0,0.0,23.0,820.0,18.4,1.39,8.3,240,1,64960.0,1,0.23
2026-05-26T13:00,0.0,0.0,0.0,0.0,0.0,0.0,0,0.0,23.0,45.0,15.4,1.23,6.3,249,1,64960.0,0,0.23
2026-05-26T14:00,0.0,0.0,0.0,0.0,0.0,0.0,0,0.0,24.0,45.0,14.0,1.35,6.7,255,4,64960.0,0,0.23
2026-05-26T15:00,0.0,0.0,0.0,0.0,0.0,0.0,0,0.0,24.0,15.0,12.6,0.65,6.3,274,9,62120.0,0,0.23
2026-05-26T16:00,0.0,0.0,0.0,0.0,0.0,0.0,0,0.0,24.0,20.0,10.8,1.0,4.4,264,10,58900.0,0,0.23
2026-05-26T17:00,0.0,0.0,0.0,0.0,0.0,0.0,0,0.0,24.0,20.0,8.9,1.22,4.9,251,9,56600.0,0,0.23
2026-05-26T18:00,0.0,0.0,0.0,0.0,0.0,0.0,0,0.0,24.0,20.0,8.7,0.99,4.9,240,2,56600.0,0,0.221
2026-05-26T19:00,0.0,0.0,0.0,0.0,0.0,0.0,0,0.0,24.0,20.0,7.4,1.14,5.0,241,9,53900.0,0,0.221
2026-05-26T20:00,0.0,0.0,0.0,0.0,0.0,0.0,0,0.0,24.0,20.0,6.3,1.14,5.2,241,9,53900.0,0,0.221
2026-05-26T21:00,0.0,0.0,0.0,0.0,0.0,0.0,0,0.0,24.0,15.0,5.7,1.05,5.3,245,11,50460.0,0,0.221
2026-05-26T22:00,0.0,0.0,0.0,0.0,0.0,0.0,0,0.0,24.0,15.0,5.3,0.81,5.0,240,14,50480.0,0,0.221
2026-05-26T23:00,0.0,0.0,0.0,0.0,0.0,0.0,1,0.0,24.0,15.0,6.1,0.78,4.5,225,33,53940.0,1,0.221
2026-05-27T00:00,0.0,0.0,0.0,0.0,0.0,0.0,0,0.0,24.0,60.0,12.9,1.2,4.5,197,9,58980.0,1,0.222
2026-05-27T01:00,0.0,0.0,0.0,0.0,0.0,0.0,0,0.0,24.0,1870.0,16.2,1.74,6.4,139,13,62240.0,1,0.221
2026-05-27T02:00,0.0,0.0,0.0,0.0,0.0,0.0,0,0.0,24.0,2205.0,18.7,2.6,8.6,183,10,65100.0,1,0.22
2026-05-27T03:00,0.0,0.0,0.0,0.0,0.0,0.0,1,10.0,24.0,2760.0,21.2,3.65,11.0,210,32,65140.0,1,0.219
2026-05-27T04:00,0.0,0.0,0.0,0.0,0.0,0.0,0,0.0,0.0,2575.0,21.9,3.26,11.6,220,9,65140.0,1,0.217
2026-05-27T05:00,0.0,0.0,0.0,0.0,0.0,0.0,0,0.0,24.0,2700.0,23.0,3.25,11.0,225,4,65160.0,1,0.215
2026-05-27T06:00,0.0,0.0,0.0,0.0,0.0,0.0,0,0.0,25.0,2790.0,23.9,3.61,10.5,228,10,65180.0,1,0.211
2026-05-27T07:00,0.0,0.0,0.0,0.0,0.0,0.0,0,0.0,0.0,2880.0,24.3,4.42,13.2,223,9,65180.0,1,0.209
2026-05-27T08:00,0.0,0.0,0.0,0.0,0.0,0.0,0,0.0,0.0,2905.0,24.5,4.24,14.1,224,5,65220.0,1,0.207
2026-05-27T09:00,0.0,0.0,0.0,0.0,0.0,0.0,0,0.0,43.0,2635.0,23.8,4.51,14.0,231,1,65200.0,1,0.205
2026-05-27T10:00,0.0,0.0,0.0,0.0,0.0,0.0,1,0.0,0.0,2585.0,22.8,4.29,13.8,242,23,65220.0,1,0.204
2026-05-27T11:00,0.0,0.0,0.0,0.0,0.0,0.0,2,10.0,38.0,1410.0,20.9,4.33,13.5,251,65,65220.0,1,0.203
2026-05-27T12:00,0.0,0.0,0.0,0.0,0.0,0.0,3,10.0,59.0,1285.0,19.5,3.32,13.1,249,98,65240.0,1,0.195
2026-05-27T13:00,0.0,0.0,0.0,0.0,0.0,0.0,2,10.0,11.0,960.0,16.8,1.67,11.3,261,72,65240.0,0,0.195
2026-05-27T14:00,0.0,0.0,0.0,0.0,0.0,0.0,3,0.0,11.0,75.0,15.5,0.92,6.9,292,95,65240.0,0,0.195
2026-05-27T15:00,0.0,0.0,0.0,0.0,0.0,0.0,3,0.0,10.0,55.0,14.0,1.27,3.9,279,91,62400.0,0,0.195
2026-05-27T16:00,0.0,0.0,0.0,0.0,0.0,0.0,3,10.0,9.0,45.0,12.6,1.67,4.9,261,83,59180.0,0,0.195
2026-05-27T17:00,0.0,0.0,0.0,0.0,0.0,0.0,3,0.0,8.0,30.0,10.9,1.57,4.9,253,92,56860.0,0,0.195
2026-05-27T18:00,0.0,0.0,0.0,0.0,0.0,0.0,3,0.0,1.0,20.0,10.9,1.2,4.6,253,89,56880.0,0,0.186
2026-05-27T19:00,0.0,0.0,0.0,0.0,0.0,0.0,3,0.0,6.0,20.0,10.2,1.55,4.4,249,85,56880.0,0,0.186
2026-05-27T20:00,0.0,0.0,0.0,0.0,0.0,0.0,3,0.0,5.0,20.0,9.8,1.31,4.4,252,97,54180.0,0,0.186
2026-05-27T21:00,0.0,0.0,0.0,0.0,0.0,0.0,3,0.0,4.0,20.0,9.8,1.05,3.9,245,84,54180.0,0,0.186
2026-05-27T22:00,0.0,0.0,0.0,0.0,0.0,0.0,2,0.0,3.0,20.0,9.2,1.07,3.4,242,77,54200.0,0,0.186
2026-05-27T23:00,0.0,0.0,0.0,0.0,0.0,0.0,1,0.0,3.0,20.0,9.2,1.25,3.8,247,45,54200.0,1,0.186
2026-05-28T00:00,0.0,0.0,0.0,0.0,0.0,0.0,0,0.0,2.0,95.0,13.6,1.29,4.0,234,4,56940.0,1,0.186
2026-05-28T01:00,0.0,0.0,0.0,0.0,0.0,0.0,1,0.0,1.0,1235.0,16.4,0.98,4.2,246,23,62520.0,1,0.185
2026-05-28T02:00,0.0,0.0,0.0,0.0,0.0,0.0,0,0.0,1.0,1865.0,18.4,0.59,4.2,200,7,65380.0,1,0.184
2026-05-28T03:00,0.1,0.0,0.1,0.0,0.0,0.0,51,0.0,0.0,2055.0,20.3,2.55,8.3,200,20,65420.0,1,0.183
2026-05-28T04:00,0.1,0.0,0.1,0.0,0.0,0.0,51,0.0,0.0,2165.0,21.2,3.47,11.1,205,18,65420.0,1,0.183
2026-05-28T05:00,0.1,0.0,0.1,0.0,0.0,0.0,51,0.0,0.0,2650.0,23.1,3.93,12.6,222,41,43220.0,1,0.182
2026-05-28T06:00,0.1,0.1,0.0,0.0,0.0,0.0,51,0.0,41.0,2660.0,23.2,4.1,13.6,218,53,18980.0,1,0.174
2026-05-28T07:00,0.0,0.0,0.0,0.0,0.0,0.0,3,0.0,6.0,2660.0,22.4,3.61,13.2,222,82,19480.0,1,0.173
2026-05-28T08:00,0.0,0.0,0.0,0.0,0.0,0.0,2,30.0,20.0,2475.0,22.0,3.19,11.8,230,77,16280.0,1,0.172
2026-05-28T09:00,0.0,0.0,0.0,0.0,0.0,0.0,2,0.0,28.0,2320.0,21.2,3.34,11.6,230,75,16580.0,1,0.171
2026-05-28T10:00,0.0,0.0,0.0,0.0,0.0,0.0,2,0.0,45.0,2140.0,20.5,3.62,10.9,235,69,23040.0,1,0.171
2026-05-28T11:00,0.0,0.0,0.0,0.0,0.0,0.0,2,0.0,7.0,2200.0,20.1,3.36,11.5,247,70,65500.0,1,0.171
2026-05-28T12:00,0.0,0.0,0.0,0.0,0.0,0.0,2,0.0,44.0,1835.0,18.1,1.6,10.0,309,73,65500.0,1,0.191
2026-05-28T13:00,0.0,0.0,0.0,0.0,0.0,0.0,2,0.0,94.0,505.0,14.5,3.58,11.8,348,72,59420.0,0,0.191
2026-05-28T14:00,0.0,0.0,0.0,0.0,0.0,0.0,2,0.0,10.0,280.0,12.2,2.05,11.7,315,62,26420.0,0,0.191
2026-05-28T15:00,0.0,0.0,0.0,0.0,0.0,0.0,2,0.0,5.0,145.0,11.3,1.46,7.4,278,69,23680.0,0,0.191
2026-05-28T16:00,0.0,0.0,0.0,0.0,0.0,0.0,3,0.0,1.0,90.0,10.7,1.25,5.2,272,95,20260.0,0,0.191
2026-05-28T17:00,0.1,0.1,0.0,0.0,0.0,0.0,51,10.0,2.0,210.0,11.2,1.21,5.1,300,98,9760.0,0,0.192
2026-05-28T18:00,0.2,0.2,0.0,0.0,0.0,0.0,51,0.0,16.0,605.0,11.3,1.59,5.2,316,99,9720.0,0,0.184
2026-05-28T19:00,0.2,0.2,0.0,0.0,0.0,0.0,51,10.0,16.0,620.0,10.7,1.64,6.1,322,100,7220.0,0,0.186
2026-05-28T20:00,0.4,0.4,0.0,0.0,0.0,0.0,51,10.0,9.0,555.0,10.2,1.3,5.9,337,100,6920.0,0,0.189
2026-05-28T21:00,0.3,0.3,0.0,0.0,0.0,0.0,51,10.0,0.0,475.0,9.7,1.25,5.2,337,98,9000.0,0,0.193
2026-05-28T22:00,0.2,0.2,0.0,0.0,0.0,0.0,51,10.0,0.0,430.0,9.4,1.3,5.1,332,100,10940.0,0,0.194
2026-05-28T23:00,0.1,0.1,0.0,0.0,0.0,0.0,51,20.0,0.0,365.0,9.2,1.5,4.9,323,100,10860.0,1,0.195
2026-05-29T00:00,0.2,0.1,0.1,0.0,0.0,0.0,51,20.0,0.0,480.0,10.2,1.01,5.5,333,100,9400.0,1,0.222
2026-05-29T01:00,0.2,0.1,0.1,0.0,0.0,0.0,51,120.0,0.0,515.0,10.9,1.03,4.4,321,100,13300.0,1,0.223
2026-05-29T02:00,0.1,0.0,0.1,0.0,0.0,0.0,51,100.0,0.0,780.0,12.5,1.31,5.4,342,100,14360.0,1,0.224
2026-05-29T03:00,0.1,0.0,0.1,0.0,0.0,0.0,51,10.0,0.0,1020.0,14.4,1.38,6.2,341,99,12920.0,1,0.224
2026-05-29T04:00,0.2,0.1,0.1,0.0,0.0,0.0,51,190.0,0.0,1165.0,15.6,1.74,6.7,321,94,8040.0,1,0.224
2026-05-29T05:00,0.3,0.1,0.2,0.0,0.0,0.0,51,230.0,0.0,1425.0,17.1,1.83,7.5,305,69,7820.0,1,0.226
2026-05-29T06:00,0.2,0.1,0.1,0.0,0.0,0.0,51,20.0,1.0,1865.0,19.2,0.96,7.3,43,100,5760.0,1,0.223
2026-05-29T07:00,1.3,0.3,1.0,0.0,0.0,0.0,80,10.0,2.0,350.0,13.4,1.96,6.2,264,66,4420.0,1,0.235
2026-05-29T08:00,0.5,0.1,0.4,0.0,0.0,0.0,53,190.0,2.0,925.0,15.8,1.55,6.9,327,38,11180.0,1,0.238
2026-05-29T09:00,0.3,0.1,0.2,0.0,0.0,0.0,51,40.0,1.0,1165.0,15.7,1.12,8.5,328,95,6200.0,1,0.24
2026-05-29T10:00,0.4,0.1,0.3,0.0,0.0,0.0,51,250.0,0.0,1005.0,15.2,1.05,6.5,301,75,8320.0,1,0.242
2026-05-29T11:00,0.3,0.1,0.2,0.0,0.0,0.0,51,10.0,2.0,585.0,14.1,0.96,5.4,39,99,6940.0,1,0.244
2026-05-29T12:00,0.3,0.2,0.1,0.0,0.0,0.0,51,30.0,6.0,380.0,12.9,0.83,5.0,295,68,4420.0,1,0.232
2026-05-29T13:00,1.7,0.3,1.4,0.0,0.0,0.0,80,20.0,12.0,325.0,11.7,1.25,5.6,344,55,8060.0,0,0.254
2026-05-29T14:00,0.7,0.2,0.5,0.0,0.0,0.0,53,0.0,2.0,85.0,11.1,0.76,5.4,302,51,9280.0,0,0.263
2026-05-29T15:00,0.1,0.1,0.0,0.0,0.0,0.0,51,0.0,2.0,20.0,10.6,0.27,3.5,292,43,16700.0,0,0.264
2026-05-29T16:00,0.0,0.0,0.0,0.0,0.0,0.0,1,10.0,6.0,10.0,9.6,0.18,2.2,236,48,3760.0,0,0.264
2026-05-29T17:00,0.0,0.0,0.0,0.0,0.0,0.0,1,20.0,2.0,15.0,8.6,0.43,1.7,234,45,1600.0,0,0.264
2026-05-29T18:00,0.0,0.0,0.0,0.0,0.0,0.0,2,30.0,5.0,25.0,8.5,0.65,1.8,238,70,1240.0,0,0.262
2026-05-29T19:00,0.0,0.0,0.0,0.0,0.0,0.0,3,30.0,5.0,25.0,8.1,0.58,2.1,239,100,720.0,0,0.261
2026-05-29T20:00,0.0,0.0,0.0,0.0,0.0,0.0,3,10.0,3.0,35.0,8.4,0.88,2.6,227,98,680.0,0,0.261
2026-05-29T21:00,0.0,0.0,0.0,0.0,0.0,0.0,2,10.0,3.0,35.0,7.8,0.71,2.7,225,52,540.0,0,0.261
2026-05-29T22:00,0.0,0.0,0.0,0.0,0.0,0.0,3,0.0,7.0,35.0,7.0,0.85,2.9,230,100,480.0,0,0.26
2026-05-29T23:00,0.0,0.0,0.0,0.0,0.0,0.0,3,0.0,11.0,35.0,7.1,1.25,3.2,241,99,500.0,1,0.26
2026-05-30T00:00,0.0,0.0,0.0,0.0,0.0,0.0,3,20.0,0.0,250.0,10.3,1.05,3.4,205,85,6160.0,1,0.238
2026-05-30T01:00,0.4,0.1,0.3,0.0,0.0,0.0,51,30.0,0.0,460.0,11.6,0.52,3.6,163,99,21380.0,1,0.243
2026-05-30T02:00,0.1,0.1,0.0,0.0,0.0,0.0,51,40.0,0.0,545.0,12.4,0.0,3.3,270,92,13640.0,1,0.243
2026-05-30T03:00,0.1,0.0,0.1,0.0,0.0,0.0,51,10.0,5.0,915.0,14.9,0.64,3.9,321,88,17240.0,1,0.243
2026-05-30T04:00,0.2,0.1,0.1,0.0,0.0,0.0,51,10.0,15.0,980.0,15.4,1.77,6.4,335,88,7820.0,1,0.243
2026-05-30T05:00,0.3,0.1,0.2,0.0,0.0,0.0,51,50.0,5.0,1200.0,16.7,1.1,6.6,355,100,8560.0,1,0.244
2026-05-30T06:00,0.4,0.2,0.2,0.0,0.0,0.0,51,270.0,0.0,1580.0,18.6,0.51,5.4,119,81,7940.0,1,0.243
2026-05-30T07:00,0.3,0.0,0.3,0.0,0.0,0.0,51,240.0,0.0,1905.0,19.9,0.72,6.0,205,71,12100.0,1,0.244
2026-05-30T08:00,0.1,0.1,0.0,0.0,0.0,0.0,51,20.0,2.0,2445.0,22.6,2.34,8.0,200,68,66040.0,1,0.242
2026-05-30T09:00,0.0,0.0,0.0,0.0,0.0,0.0,1,0.0,11.0,2480.0,22.4,2.68,8.8,207,45,66060.0,1,0.24
2026-05-30T10:00,0.0,0.0,0.0,0.0,0.0,0.0,2,0.0,33.0,2230.0,21.8,2.1,8.6,198,57,66060.0,1,0.238
2026-05-30T11:00,0.0,0.0,0.0,0.0,0.0,0.0,1,0.0,,1935.0,21.0,2.19,7.0,191,49,66080.0,1,0.237
2026-05-30T12:00,0.0,0.0,0.0,0.0,0.0,0.0,2,30.0,42.0,450.0,19.4,1.22,6.9,215,73,66060.0,1,0.229
2026-05-30T13:00,0.0,0.0,0.0,0.0,0.0,0.0,3,10.0,10.0,55.0,16.3,1.23,5.4,201,88,66080.0,0,0.228
2026-05-30T14:00,0.0,0.0,0.0,0.0,0.0,0.0,3,0.0,11.0,25.0,14.2,1.24,5.7,220,80,63240.0,0,0.228
2026-05-30T15:00,0.0,0.0,0.0,0.0,0.0,0.0,2,0.0,11.0,20.0,11.7,1.17,5.7,239,67,60000.0,0,0.228
2026-05-30T16:00,0.0,0.0,0.0,0.0,0.0,0.0,2,0.0,11.0,20.0,9.5,1.35,5.4,248,55,54940.0,0,0.228
2026-05-30T17:00,0.0,0.0,0.0,0.0,0.0,0.0,1,0.0,11.0,15.0,8.0,1.31,5.6,252,29,54960.0,0,0.228
2026-05-30T18:00,0.0,0.0,0.0,0.0,0.0,0.0,0,0.0,11.0,15.0,7.5,1.15,5.4,252,2,51500.0,0,0.219
2026-05-30T19:00,0.0,0.0,0.0,0.0,0.0,0.0,0,0.0,56.0,15.0,7.0,1.01,4.8,243,1,51500.0,0,0.219
2026-05-30T20:00,0.0,0.0,0.0,0.0,0.0,0.0,0,0.0,51.0,15.0,6.6,0.74,4.4,242,0,55000.0,0,0.219
2026-05-30T21:00,0.0,0.0,0.0,0.0,0.0,0.0,0,0.0,46.0,10.0,6.2,0.65,4.1,238,2,55000.0,0,0.219
2026-05-30T22:00,0.0,0.0,0.0,0.0,0.0,0.0,0,0.0,40.0,10.0,5.9,0.57,3.9,232,2,55020.0,0,0.219
2026-05-30T23:00,0.0,0.0,0.0,0.0,0.0,0.0,0,0.0,35.0,10.0,6.6,0.47,3.8,238,1,55020.0,1,0.219
2026-05-31T00:00,0.0,0.0,0.0,0.0,0.0,0.0,0,10.0,1.0,35.0,12.8,0.87,3.8,239,0,57780.0,1,0.224
2026-05-31T01:00,0.0,0.0,0.0,0.0,0.0,0.0,0,10.0,24.0,820.0,16.4,0.3,3.5,189,3,63380.0,1,0.223
2026-05-31T02:00,0.3,0.0,0.3,0.0,0.0,0.0,51,20.0,34.0,1295.0,17.5,1.13,5.1,193,47,17100.0,1,0.224
2026-05-31T03:00,0.5,0.1,0.4,0.0,0.0,0.0,53,40.0,16.0,1570.0,19.2,0.45,5.3,207,39,12520.0,1,0.227
2026-05-31T04:00,0.2,0.0,0.2,0.0,0.0,0.0,51,30.0,1.0,2180.0,21.9,0.68,5.4,107,34,11980.0,1,0.227
2026-05-31T05:00,0.2,0.1,0.1,0.0,0.0,0.0,51,90.0,0.0,2665.0,22.9,0.18,5.0,146,42,10720.0,1,0.226
2026-05-31T06:00,0.0,0.0,0.0,0.0,0.0,0.0,3,0.0,0.0,2610.0,24.1,0.7,5.8,176,80,51860.0,1,0.222
2026-05-31T07:00,0.1,0.0,0.1,0.0,0.0,0.0,51,0.0,12.0,2655.0,24.1,1.85,6.7,232,62,66320.0,1,0.22
2026-05-31T08:00,0.1,0.0,0.1,0.0,0.0,0.0,51,20.0,32.0,2880.0,24.9,2.88,9.1,231,76,66320.0,1,0.218
2026-05-31T09:00,0.0,0.0,0.0,0.0,0.0,0.0,2,50.0,4.0,2870.0,25.0,3.23,9.7,229,63,66340.0,1,0.216
2026-05-31T10:00,0.0,0.0,0.0,0.0,0.0,0.0,3,40.0,28.0,2525.0,24.1,3.54,10.3,226,88,50260.0,1,0.214
2026-05-31T11:00,0.0,0.0,0.0,0.0,0.0,0.0,3,60.0,42.0,2190.0,22.6,2.98,10.4,220,84,66360.0,1,0.213
2026-05-31T12:00,0.0,0.0,0.0,0.0,0.0,0.0,2,30.0,105.0,925.0,20.6,2.0,8.6,212,71,66380.0,1,0.21
2026-05-31T13:00,0.0,0.0,0.0,0.0,0.0,0.0,2,20.0,148.0,50.0,17.2,1.23,7.7,201,55,66360.0,0,0.21
2026-05-31T14:00,0.0,0.0,0.0,0.0,0.0,0.0,2,10.0,198.0,25.0,15.0,1.06,5.1,229,59,66380.0,0,0.21
2026-05-31T15:00,0.0,0.0,0.0,0.0,0.0,0.0,0,0.0,,20.0,12.6,1.19,4.3,242,10,60280.0,0,0.21
2026-05-31T16:00,0.0,0.0,0.0,0.0,0.0,0.0,0,0.0,,15.0,10.3,1.27,4.3,244,0,57960.0,0,0.209
2026-05-31T17:00,0.0,0.0,0.0,0.0,0.0,0.0,0,0.0,,15.0,8.8,1.19,4.3,248,0,55240.0,0,0.209
2026-05-31T18:00,0.0,0.0,0.0,0.0,0.0,0.0,0,0.0,32.0,15.0,8.4,1.17,4.0,250,11,55240.0,0,0.206
2026-05-31T19:00,0.0,0.0,0.0,0.0,0.0,0.0,1,0.0,32.0,15.0,7.9,1.3,4.3,247,27,51780.0,0,0.206
2026-05-31T20:00,0.0,0.0,0.0,0.0,0.0,0.0,0,0.0,30.0,15.0,7.4,1.03,4.3,247,8,51800.0,0,0.206
2026-05-31T21:00,0.0,0.0,0.0,0.0,0.0,0.0,0,0.0,28.0,15.0,6.8,0.81,3.8,248,5,51800.0,0,0.206
2026-05-31T22:00,0.0,0.0,0.0,0.0,0.0,0.0,0,0.0,25.0,15.0,6.3,0.72,3.2,245,1,51820.0,0,0.206
2026-05-31T23:00,0.0,0.0,0.0,0.0,0.0,0.0,0,0.0,22.0,10.0,6.9,0.56,2.9,243,0,51820.0,1,0.206
2026-06-01T00:00,0.0,0.0,0.0,0.0,0.0,0.0,0,0.0,18.0,70.0,13.3,0.63,2.8,288,2,58060.0,1,0.206
2026-06-01T01:00,0.0,0.0,0.0,0.0,0.0,0.0,0,0.0,15.0,925.0,16.5,0.2,3.3,360,1,63660.0,1,0.205
2026-06-01T02:00,0.0,0.0,0.0,0.0,0.0,0.0,1,0.0,11.0,1755.0,18.9,0.1,3.9,90,33,63680.0,1,0.204
2026-06-01T03:00,0.1,0.0,0.1,0.0,0.0,0.0,51,0.0,45.0,1750.0,20.1,0.3,4.4,99,41,66540.0,1,0.203
2026-06-01T04:00,0.2,0.0,0.2,0.0,0.0,0.0,51,0.0,0.0,1980.0,21.6,0.65,5.2,23,38,21980.0,1,0.203
2026-06-01T05:00,0.2,0.1,0.1,0.0,0.0,0.0,51,0.0,0.0,2260.0,22.7,0.25,5.1,180,30,8420.0,1,0.203
2026-06-01T06:00,0.3,0.1,0.2,0.0,0.0,0.0,51,40.0,7.0,2255.0,23.9,0.45,5.6,96,31,8120.0,1,0.199
2026-06-01T07:00,0.3,0.2,0.1,0.0,0.0,0.0,51,150.0,2.0,2430.0,23.7,0.5,4.9,233,26,8040.0,1,0.199
2026-06-01T08:00,0.3,0.2,0.1,0.0,0.0,0.0,51,200.0,0.0,2685.0,24.3,1.24,5.3,223,23,8600.0,1,0.199
2026-06-01T09:00,0.2,0.1,0.1,0.0,0.0,0.0,51,100.0,0.0,2690.0,24.4,2.52,7.5,231,24,14980.0,1,0.199
2026-06-01T10:00,0.1,0.0,0.1,0.0,0.0,0.0,51,20.0,16.0,2445.0,23.9,2.81,8.5,231,5,20700.0,1,0.199
2026-06-01T11:00,0.0,0.0,0.0,0.0,0.0,0.0,0,0.0,44.0,2090.0,23.1,2.93,8.9,226,0,66640.0,1,0.198
2026-06-01T12:00,0.0,0.0,0.0,0.0,0.0,0.0,0,110.0,59.0,1480.0,21.0,1.63,8.6,220,0,66660.0,1,0.186
2026-06-01T13:00,0.0,0.0,0.0,0.0,0.0,0.0,0,50.0,115.0,30.0,18.5,0.51,6.3,209,0,66660.0,0,0.185
2026-06-01T14:00,0.0,0.0,0.0,0.0,0.0,0.0,0,0.0,35.0,15.0,16.4,0.57,3.5,218,0,66660.0,0,0.185
2026-06-01T15:00,0.0,0.0,0.0,0.0,0.0,0.0,0,0.0,27.0,15.0,13.6,0.99,3.5,240,0,63840.0,0,0.185
2026-06-01T16:00,0.0,0.0,0.0,0.0,0.0,0.0,0,0.0,13.0,15.0,11.3,1.21,4.1,240,0,58260.0,0,0.185
2026-06-01T17:00,0.0,0.0,0.0,0.0,0.0,0.0,0,0.0,13.0,15.0,9.4,1.37,4.7,246,0,55520.0,0,0.185
2026-06-01T18:00,0.0,0.0,0.0,0.0,0.0,0.0,0,0.0,21.0,15.0,8.9,1.19,4.8,248,0,55520.0,0,0.188
2026-06-01T19:00,0.0,0.0,0.0,0.0,0.0,0.0,0,0.0,111.0,15.0,8.2,1.27,4.9,244,0,55540.0,0,0.188
2026-06-01T20:00,0.0,0.0,0.0,0.0,0.0,0.0,0,0.0,91.0,15.0,7.7,1.17,4.9,239,0,55540.0,0,0.188
2026-06-01T21:00,0.0,0.0,0.0,0.0,0.0,0.0,0,0.0,66.0,15.0,7.3,1.05,4.6,239,1,52080.0,0,0.188
2026-06-01T22:00,0.0,0.0,0.0,0.0,0.0,0.0,0,0.0,40.0,15.0,6.9,0.93,4.2,234,2,52100.0,0,0.188
2026-06-01T23:00,0.0,0.0,0.0,0.0,0.0,0.0,0,0.0,18.0,15.0,7.6,0.76,3.9,238,2,52100.0,1,0.188
2026-06-02T00:00,0.0,0.0,0.0,0.0,0.0,0.0,0,0.0,4.0,120.0,14.3,0.67,3.6,283,16,60680.0,1,0.18
2026-06-02T01:00,0.0,0.0,0.0,0.0,0.0,0.0,0,10.0,0.0,1395.0,16.9,0.1,2.9,180,19,60700.0,1,0.18
2026-06-02T02:00,0.1,0.0,0.1,0.0,0.0,0.0,51,20.0,0.0,1425.0,18.5,0.6,4.8,180,23,12380.0,1,0.18
2026-06-02T03:00,0.2,0.0,0.2,0.0,0.0,0.0,51,30.0,11.0,1735.0,20.2,0.73,5.1,196,33,13560.0,1,0.18
2026-06-02T04:00,0.2,0.0,0.2,0.0,0.0,0.0,51,0.0,0.0,2105.0,22.4,0.78,5.3,255,52,9940.0,1,0.181
2026-06-02T05:00,0.3,0.1,0.2,0.0,0.0,0.0,51,70.0,6.0,2315.0,22.8,1.07,6.0,259,50,8220.0,1,0.182
2026-06-02T06:00,0.2,0.1,0.1,0.0,0.0,0.0,51,110.0,0.0,2485.0,24.0,1.21,6.0,240,30,10380.0,1,0.182
2026-06-02T07:00,0.2,0.1,0.1,0.0,0.0,0.0,51,210.0,0.0,2865.0,25.2,1.76,6.4,215,45,10760.0,1,0.182
2026-06-02T08:00,0.2,0.1,0.1,0.0,0.0,0.0,51,320.0,0.0,3050.0,25.2,3.16,9.7,231,57,10300.0,1,0.181
2026-06-02T09:00,0.2,0.1,0.1,0.0,0.0,0.0,51,250.0,0.0,2870.0,24.7,2.89,10.1,260,34,12340.0,1,0.181
2026-06-02T10:00,0.4,0.0,0.4,0.0,0.0,0.0,51,140.0,24.0,1115.0,18.8,4.89,15.3,340,51,7900.0,1,0.183
2026-06-02T11:00,0.6,0.2,0.4,0.0,0.0,0.0,53,220.0,32.0,605.0,15.7,2.84,16.5,298,20,7500.0,1,0.188
2026-06-02T12:00,0.2,0.2,0.0,0.0,0.0,0.0,51,500.0,18.0,255.0,15.5,1.41,9.2,278,35,9680.0,1,0.166
2026-06-02T13:00,0.2,0.2,0.0,0.0,0.0,0.0,51,20.0,10.0,360.0,12.7,3.36,11.2,327,77,9360.0,0,0.168
2026-06-02T14:00,0.5,0.1,0.4,0.0,0.0,0.0,53,40.0,2.0,370.0,11.8,2.55,11.3,310,76,6340.0,0,0.171
2026-06-02T15:00,1.6,0.2,1.4,0.0,0.0,0.0,80,0.0,14.0,390.0,10.7,2.86,9.3,324,68,6920.0,0,0.191
2026-06-02T16:00,0.3,0.3,0.0,0.0,0.0,0.0,51,0.0,12.0,370.0,10.1,2.25,9.4,323,61,9500.0,0,0.194
2026-06-02T17:00,0.2,0.2,0.0,0.0,0.0,0.0,51,0.0,10.0,305.0,9.4,2.5,7.9,340,90,8820.0,0,0.196
2026-06-02T18:00,0.2,0.2,0.0,0.0,0.0,0.0,51,0.0,8.0,240.0,9.7,1.35,8.1,356,100,6220.0,0,0.188
2026-06-02T19:00,0.7,0.7,0.0,0.0,0.0,0.0,53,0.0,6.0,250.0,9.6,1.7,6.1,2,100,4240.0,0,0.196
2026-06-02T20:00,1.0,1.0,0.0,0.0,0.0,0.0,55,10.0,4.0,415.0,9.6,1.6,6.3,356,100,3960.0,0,0.209
2026-06-02T21:00,0.9,0.9,0.0,0.0,0.0,0.0,53,10.0,2.0,410.0,9.6,1.56,6.4,353,99,5560.0,0,0.221
2026-06-02T22:00,0.3,0.3,0.0,0.0,0.0,0.0,51,20.0,0.0,365.0,9.5,1.52,6.1,337,100,9520.0,0,0.225
2026-06-02T23:00,0.6,0.6,0.0,0.0,0.0,0.0,53,40.0,0.0,440.0,9.5,2.03,6.8,308,100,3580.0,1,0.232
2026-06-03T00:00,1.1,1.0,0.1,0.0,0.0,0.0,55,10.0,0.0,415.0,9.3,2.0,7.2,338,100,6420.0,1,0.289
2026-06-03T01:00,0.4,0.4,0.0,0.0,0.0,0.0,51,20.0,0.0,395.0,9.3,2.22,7.3,329,100,6460.0,1,0.291
2026-06-03T02:00,0.4,0.4,0.0,0.0,0.0,0.0,51,20.0,0.0,440.0,9.5,2.31,7.5,321,100,6440.0,1,0.293
2026-06-03T03:00,0.4,0.4,0.0,0.0,0.0,0.0,51,0.0,0.0,520.0,9.9,2.62,8.3,325,100,7300.0,1,0.295
2026-06-03T04:00,0.3,0.3,0.0,0.0,0.0,0.0,51,10.0,0.0,575.0,10.3,2.82,9.3,333,100,8880.0,1,0.297
2026-06-03T05:00,0.1,0.1,0.0,0.0,0.0,0.0,51,10.0,0.0,1025.0,12.0,2.33,9.0,337,92,21040.0,1,0.296
2026-06-03T06:00,0.1,0.0,0.1,0.0,0.0,0.0,51,20.0,4.0,1090.0,12.6,2.3,8.7,333,100,13840.0,1,0.294
2026-06-03T07:00,0.1,0.1,0.0,0.0,0.0,0.0,51,20.0,0.0,1425.0,14.3,2.21,8.4,342,100,11260.0,1,0.292
2026-06-03T08:00,0.1,0.1,0.0,0.0,0.0,0.0,51,0.0,14.0,1425.0,14.8,2.26,8.8,354,100,30380.0,1,0.291
2026-06-03T09:00,0.0,0.0,0.0,0.0,0.0,0.0,3,10.0,8.0,1495.0,15.6,1.74,8.3,348,100,64360.0,1,0.289
2026-06-03T10:00,0.0,0.0,0.0,0.0,0.0,0.0,3,10.0,7.0,1460.0,15.5,1.7,6.8,346,100,64380.0,1,0.287
2026-06-03T11:00,0.0,0.0,0.0,0.0,0.0,0.0,3,0.0,45.0,1425.0,15.3,1.4,6.5,2,100,64380.0,1,0.285
2026-06-03T12:00,0.0,0.0,0.0,0.0,0.0,0.0,3,0.0,10.0,700.0,14.3,0.57,5.9,218,85,61120.0,1,0.291
2026-06-03T13:00,0.0,0.0,0.0,0.0,0.0,0.0,2,0.0,38.0,25.0,11.8,0.81,2.0,227,77,58800.0,0,0.29
2026-06-03T14:00,0.0,0.0,0.0,0.0,0.0,0.0,2,0.0,35.0,20.0,10.6,0.79,2.0,235,69,58800.0,0,0.289
2026-06-03T15:00,0.0,0.0,0.0,0.0,0.0,0.0,3,0.0,58.0,15.0,9.5,0.58,1.7,239,94,56060.0,0,0.288
2026-06-03T16:00,0.0,0.0,0.0,0.0,0.0,0.0,3,0.0,21.0,15.0,8.9,0.6,1.7,246,99,52580.0,0,0.287
2026-06-03T17:00,0.0,0.0,0.0,0.0,0.0,0.0,3,10.0,104.0,20.0,9.3,0.78,1.8,255,96,52600.0,0,0.286
2026-06-03T18:00,0.0,0.0,0.0,0.0,0.0,0.0,3,0.0,33.0,20.0,9.2,0.74,2.2,250,99,52600.0,0,0.286
2026-06-03T19:00,0.0,0.0,0.0,0.0,0.0,0.0,3,0.0,118.0,45.0,9.5,1.2,4.2,265,99,15080.0,0,0.285
2026-06-03T20:00,0.1,0.1,0.0,0.0,0.0,0.0,51,0.0,106.0,130.0,9.6,1.49,5.2,284,100,11280.0,0,0.285
2026-06-03T21:00,0.2,0.2,0.0,0.0,0.0,0.0,51,20.0,4.0,430.0,9.5,1.37,5.6,303,100,7100.0,0,0.286
2026-06-03T22:00,0.5,0.4,0.1,0.0,0.0,0.0,53,10.0,3.0,380.0,8.8,1.03,5.1,331,100,6520.0,0,0.29
2026-06-03T23:00,0.3,0.3,0.0,0.0,0.0,0.0,51,10.0,2.0,260.0,8.7,1.25,3.9,323,100,10400.0,1,0.292
2026-06-04T00:00,0.1,0.1,0.0,0.0,0.0,0.0,51,10.0,3.0,225.0,8.9,1.3,3.6,344,100,9160.0,1,0.298
2026-06-04T01:00,0.2,0.2,0.0,0.0,0.0,0.0,51,0.0,4.0,295.0,9.3,1.8,5.4,316,100,8540.0,1,0.298
2026-06-04T02:00,0.2,0.2,0.0,0.0,0.0,0.0,51,10.0,0.0,400.0,9.4,2.12,6.5,317,100,8580.0,1,0.299
2026-06-04T03:00,0.3,0.3,0.0,0.0,0.0,0.0,51,10.0,0.0,440.0,9.4,2.44,7.7,317,100,6640.0,1,0.3
2026-06-04T04:00,0.2,0.2,0.0,0.0,0.0,0.0,51,10.0,0.0,620.0,10.9,2.34,8.0,320,100,15840.0,1,0.3
2026-06-04T05:00,0.0,0.0,0.0,0.0,0.0,0.0,3,0.0,4.0,900.0,12.8,2.84,9.4,332,100,40700.0,1,0.299
2026-06-04T06:00,0.0,0.0,0.0,0.0,0.0,0.0,3,0.0,5.0,995.0,13.5,2.82,10.4,335,100,22720.0,1,0.293
2026-06-04T07:00,0.0,0.0,0.0,0.0,0.0,0.0,3,0.0,14.0,960.0,12.9,2.98,10.1,329,98,18040.0,1,0.292
2026-06-04T08:00,0.0,0.0,0.0,0.0,0.0,0.0,3,0.0,53.0,1170.0,14.4,2.62,9.8,325,100,61360.0,1,0.291
2026-06-04T09:00,0.0,0.0,0.0,0.0,0.0,0.0,3,0.0,22.0,1380.0,15.7,2.4,8.7,324,99,61380.0,1,0.288
2026-06-04T10:00,0.0,0.0,0.0,0.0,0.0,0.0,3,0.0,9.0,1390.0,15.7,2.08,7.9,333,98,61400.0,1,0.287
2026-06-04T11:00,0.0,0.0,0.0,0.0,0.0,0.0,3,0.0,7.0,1330.0,15.4,1.79,7.0,337,98,61400.0,1,0.285
2026-06-04T12:00,0.0,0.0,0.0,0.0,0.0,0.0,3,0.0,11.0,95.0,15.8,0.45,5.9,6,89,64700.0,1,0.276
2026-06-04T13:00,0.0,0.0,0.0,0.0,0.0,0.0,2,0.0,12.0,15.0,14.0,0.18,2.8,326,54,64720.0,0,0.276
2026-06-04T14:00,0.0,0.0,0.0,0.0,0.0,0.0,1,0.0,10.0,20.0,12.6,0.32,2.7,288,47,61440.0,0,0.275
2026-06-04T15:00,0.0,0.0,0.0,0.0,0.0,0.0,3,10.0,9.0,15.0,11.4,0.2,2.8,270,100,61460.0,0,0.274
2026-06-04T16:00,0.0,0.0,0.0,0.0,0.0,0.0,2,20.0,2.0,10.0,11.8,0.11,2.2,207,78,61460.0,0,0.274
2026-06-04T17:00,0.0,0.0,0.0,0.0,0.0,0.0,3,0.0,0.0,20.0,11.2,0.18,1.8,214,95,59140.0,0,0.273
2026-06-04T18:00,0.0,0.0,0.0,0.0,0.0,0.0,3,20.0,4.0,35.0,11.0,0.34,1.4,207,100,59140.0,0,0.261
2026-06-04T19:00,0.0,0.0,0.0,0.0,0.0,0.0,3,70.0,0.0,40.0,10.7,0.46,1.3,229,100,59160.0,0,0.26
2026-06-04T20:00,0.1,0.1,0.0,0.0,0.0,0.0,51,30.0,4.0,55.0,10.1,0.71,1.8,231,100,9480.0,0,0.26
2026-06-04T21:00,0.2,0.2,0.0,0.0,0.0,0.0,51,30.0,4.0,70.0,9.8,0.78,1.9,207,100,9640.0,0,0.262
2026-06-04T22:00,0.1,0.1,0.0,0.0,0.0,0.0,51,30.0,1.0,80.0,9.4,0.84,2.8,197,81,12240.0,0,0.262
2026-06-04T23:00,0.1,0.1,0.0,0.0,0.0,0.0,51,10.0,27.0,35.0,9.2,0.42,2.7,225,100,19580.0,1,0.262
2026-06-05T00:00,0.0,0.0,0.0,0.0,0.0,0.0,2,0.0,29.0,120.0,10.2,0.92,2.1,209,66,47840.0,1,0.266
2026-06-05T01:00,0.0,0.0,0.0,0.0,0.0,0.0,3,0.0,42.0,750.0,12.7,0.41,3.7,194,86,59240.0,1,0.265
2026-06-05T02:00,0.0,0.0,0.0,0.0,0.0,0.0,2,20.0,76.0,1160.0,15.1,0.29,4.1,149,53,19740.0,1,0.264
2026-06-05T03:00,0.0,0.0,0.0,0.0,0.0,0.0,1,180.0,0.0,1360.0,16.8,0.63,5.0,72,48,55560.0,1,0.262
2026-06-05T04:00,0.0,0.0,0.0,0.0,0.0,0.0,1,380.0,0.0,1705.0,18.8,0.92,5.8,61,29,19240.0,1,0.26
2026-06-05T05:00,0.0,0.0,0.0,0.0,0.0,0.0,2,480.0,0.0,2060.0,20.4,1.08,6.4,56,50,21240.0,1,0.257
2026-06-05T06:00,0.0,0.0,0.0,0.0,0.0,0.0,3,400.0,0.0,2320.0,21.5,1.82,7.5,37,96,48840.0,1,0.25
2026-06-05T07:00,0.1,0.0,0.1,0.0,0.0,0.0,51,70.0,8.0,1665.0,19.5,1.46,8.1,338,73,8440.0,1,0.248
2026-06-05T08:00,0.2,0.1,0.1,0.0,0.0,0.0,51,20.0,0.0,1835.0,20.5,1.88,7.2,292,17,18960.0,1,0.247
2026-06-05T09:00,0.1,0.0,0.1,0.0,0.0,0.0,51,120.0,2.0,1915.0,20.9,1.38,6.8,316,36,15220.0,1,0.246
2026-06-05T10:00,0.1,0.0,0.1,0.0,0.0,0.0,51,0.0,3.0,1845.0,20.3,1.08,5.8,338,41,8680.0,1,0.245
2026-06-05T11:00,0.2,0.2,0.0,0.0,0.0,0.0,51,0.0,24.0,1585.0,19.3,1.77,5.9,29,20,19300.0,1,0.245
2026-06-05T12:00,0.0,0.0,0.0,0.0,0.0,0.0,0,10.0,43.0,235.0,18.0,1.16,6.2,187,5,67820.0,1,0.228
2026-06-05T13:00,0.0,0.0,0.0,0.0,0.0,0.0,0,100.0,141.0,65.0,13.9,1.48,5.3,204,1,61720.0,0,0.228
2026-06-05T14:00,0.0,0.0,0.0,0.0,0.0,0.0,0,10.0,105.0,25.0,11.6,1.25,5.2,217,0,56640.0,0,0.228
2026-06-05T15:00,0.0,0.0,0.0,0.0,0.0,0.0,0,0.0,133.0,15.0,9.9,0.86,4.5,216,0,56640.0,0,0.228
2026-06-05T16:00,0.0,0.0,0.0,0.0,0.0,0.0,0,0.0,138.0,15.0,9.2,0.75,3.6,217,0,56660.0,0,0.227
2026-06-05T17:00,0.0,0.0,0.0,0.0,0.0,0.0,0,0.0,24.0,15.0,8.8,0.64,3.4,219,1,56660.0,0,0.227
2026-06-05T18:00,0.0,0.0,0.0,0.0,0.0,0.0,0,0.0,32.0,10.0,8.4,0.39,3.0,230,0,56680.0,0,0.229
2026-06-05T19:00,0.0,0.0,0.0,0.0,0.0,0.0,0,0.0,18.0,10.0,8.1,0.51,2.5,209,0,59460.0,0,0.229
2026-06-05T20:00,0.0,0.0,0.0,0.0,0.0,0.0,0,0.0,17.0,10.0,7.6,0.47,2.7,212,0,59480.0,0,0.229
2026-06-05T21:00,0.0,0.0,0.0,0.0,0.0,0.0,0,0.0,17.0,10.0,7.2,0.28,2.5,225,0,56720.0,0,0.229
2026-06-05T22:00,0.0,0.0,0.0,0.0,0.0,0.0,0,0.0,17.0,10.0,6.5,0.32,1.9,231,2,56740.0,0,0.229
2026-06-05T23:00,0.0,0.0,0.0,0.0,0.0,0.0,0,0.0,16.0,10.0,6.9,0.32,2.0,231,8,56740.0,1,0.229
2026-06-06T00:00,0.0,0.0,0.0,0.0,0.0,0.0,0,0.0,16.0,55.0,12.4,0.28,2.4,225,13,59520.0,1,0.228
2026-06-06T01:00,0.0,0.0,0.0,0.0,0.0,0.0,1,0.0,15.0,725.0,15.6,0.56,3.7,117,27,61880.0,1,0.227
2026-06-06T02:00,0.0,0.0,0.0,0.0,0.0,0.0,0,0.0,45.0,1385.0,18.0,0.89,4.9,128,18,65180.0,1,0.226
2026-06-06T03:00,0.0,0.0,0.0,0.0,0.0,0.0,1,0.0,42.0,2145.0,20.7,1.31,5.8,173,41,68020.0,1,0.224
2026-06-06T04:00,0.0,0.0,0.0,0.0,0.0,0.0,3,0.0,102.0,2580.0,22.7,1.32,5.9,191,82,68040.0,1,0.221
2026-06-06T05:00,0.0,0.0,0.0,0.0,0.0,0.0,2,0.0,96.0,2860.0,24.5,1.73,6.2,202,65,68060.0,1,0.219
2026-06-06T06:00,0.0,0.0,0.0,0.0,0.0,0.0,1,0.0,73.0,2705.0,24.7,1.95,8.9,220,45,68080.0,1,0.215
2026-06-06T07:00,0.0,0.0,0.0,0.0,0.0,0.0,1,0.0,21.0,2595.0,24.3,3.15,9.7,213,35,21040.0,1,0.212
2026-06-06T08:00,0.1,0.1,0.0,0.0,0.0,0.0,51,100.0,11.0,2555.0,24.9,2.36,9.7,201,16,16760.0,1,0.21
2026-06-06T09:00,0.2,0.1,0.1,0.0,0.0,0.0,51,140.0,9.0,2420.0,24.3,3.42,10.0,209,39,7560.0,1,0.209
2026-06-06T10:00,0.3,0.1,0.2,0.0,0.0,0.0,51,140.0,27.0,1860.0,23.1,3.2,11.0,219,40,16300.0,1,0.21
2026-06-06T11:00,0.0,0.0,0.0,0.0,0.0,0.0,1,90.0,34.0,1825.0,22.7,2.8,10.0,229,45,68140.0,1,0.209
2026-06-06T12:00,0.0,0.0,0.0,0.0,0.0,0.0,0,0.0,63.0,890.0,21.0,1.61,8.4,210,14,68140.0,1,0.197
2026-06-06T13:00,0.0,0.0,0.0,0.0,0.0,0.0,1,0.0,127.0,60.0,17.4,1.38,6.2,226,25,68140.0,0,0.196
2026-06-06T14:00,0.0,0.0,0.0,0.0,0.0,0.0,0,0.0,70.0,25.0,15.2,1.12,5.3,238,5,65340.0,0,0.196
2026-06-06T15:00,0.0,0.0,0.0,0.0,0.0,0.0,1,0.0,9.0,20.0,12.9,1.34,4.8,243,20,62060.0,0,0.196
2026-06-06T16:00,0.0,0.0,0.0,0.0,0.0,0.0,1,0.0,71.0,20.0,11.0,1.38,4.8,251,34,59720.0,0,0.196
2026-06-06T17:00,0.0,0.0,0.0,0.0,0.0,0.0,2,0.0,75.0,20.0,9.8,1.44,4.9,250,51,56960.0,0,0.196
2026-06-06T18:00,0.0,0.0,0.0,0.0,0.0,0.0,1,0.0,7.0,20.0,10.1,1.48,5.0,246,48,56980.0,0,0.19
2026-06-06T19:00,0.0,0.0,0.0,0.0,0.0,0.0,1,0.0,0.0,20.0,9.2,1.23,4.8,243,23,57000.0,0,0.19
2026-06-06T20:00,0.0,0.0,0.0,0.0,0.0,0.0,0,0.0,0.0,15.0,8.2,1.14,4.4,241,8,57000.0,0,0.19
2026-06-06T21:00,0.0,0.0,0.0,0.0,0.0,0.0,0,0.0,0.0,15.0,7.7,1.03,4.2,241,9,53500.0,0,0.19
2026-06-06T22:00,0.0,0.0,0.0,0.0,0.0,0.0,0,0.0,0.0,15.0,7.3,0.79,4.0,235,16,53520.0,0,0.19
2026-06-06T23:00,0.0,0.0,0.0,0.0,0.0,0.0,0,0.0,0.0,10.0,8.1,0.6,3.5,228,14,57040.0,1,0.189
2026-06-07T00:00,0.0,0.0,0.0,0.0,0.0,0.0,0,0.0,0.0,85.0,14.6,0.92,3.3,229,2,62180.0,1,0.19
2026-06-07T01:00,0.0,0.0,0.0,0.0,0.0,0.0,0,0.0,0.0,1205.0,17.6,0.76,3.9,169,3,65480.0,1,0.189
2026-06-07T02:00,0.0,0.0,0.0,0.0,0.0,0.0,2,0.0,0.0,1810.0,20.3,1.75,6.3,180,62,68300.0,1,0.188
2026-06-07T03:00,0.0,0.0,0.0,0.0,0.0,0.0,1,10.0,16.0,2180.0,22.2,1.94,7.0,198,27,16000.0,1,0.187
2026-06-07T04:00,0.0,0.0,0.0,0.0,0.0,0.0,2,190.0,0.0,2420.0,23.8,2.83,8.8,216,62,25800.0,1,0.186
2026-06-07T05:00,0.1,0.0,0.1,0.0,0.0,0.0,51,240.0,0.0,2425.0,24.1,2.57,9.7,233,38,12180.0,1,0.185
2026-06-07T06:00,0.1,0.1,0.0,0.0,0.0,0.0,51,340.0,0.0,2690.0,25.6,1.64,8.5,258,43,15280.0,1,0.171
2026-06-07T07:00,0.3,0.2,0.1,0.0,0.0,0.0,51,260.0,0.0,2570.0,25.2,2.35,8.3,243,27,8460.0,1,0.171
2026-06-07T08:00,0.2,0.1,0.1,0.0,0.0,0.0,51,270.0,0.0,2730.0,25.9,2.65,9.2,234,23,11600.0,1,0.171
2026-06-07T09:00,0.1,0.0,0.1,0.0,0.0,0.0,51,90.0,0.0,2755.0,25.8,3.12,9.8,238,23,32920.0,1,0.17
2026-06-07T10:00,0.0,0.0,0.0,0.0,0.0,0.0,1,0.0,15.0,2545.0,24.9,3.32,10.4,247,28,9460.0,1,0.169
2026-06-07T11:00,0.1,0.1,0.0,0.0,0.0,0.0,51,0.0,37.0,2335.0,23.5,3.05,10.4,240,31,36560.0,1,0.169
2026-06-07T12:00,0.0,0.0,0.0,0.0,0.0,0.0,0,20.0,6.0,1615.0,20.8,1.75,8.5,257,9,68440.0,1,0.172
2026-06-07T13:00,0.0,0.0,0.0,0.0,0.0,0.0,1,0.0,60.0,145.0,17.7,1.23,6.1,249,22,68440.0,0,0.172
2026-06-07T14:00,0.0,0.0,0.0,0.0,0.0,0.0,0,0.0,194.0,30.0,16.0,1.12,5.2,243,3,65640.0,0,0.171
2026-06-07T15:00,0.0,0.0,0.0,0.0,0.0,0.0,1,0.0,163.0,25.0,13.9,1.12,4.7,249,20,62360.0,0,0.171
2026-06-07T16:00,0.0,0.0,0.0,0.0,0.0,0.0,1,0.0,191.0,20.0,11.8,1.3,4.5,247,22,60020.0,0,0.171
2026-06-07T17:00,0.0,0.0,0.0,0.0,0.0,0.0,1,0.0,3.0,20.0,10.4,1.31,4.6,252,27,57260.0,0,0.171
2026-06-07T18:00,0.0,0.0,0.0,0.0,0.0,0.0,2,0.0,12.0,20.0,10.9,1.49,4.6,250,60,57280.0,0,0.165
2026-06-07T19:00,0.0,0.0,0.0,0.0,0.0,0.0,3,10.0,7.0,20.0,10.2,1.33,4.4,250,99,57280.0,0,0.165
2026-06-07T20:00,0.0,0.0,0.0,0.0,0.0,0.0,3,20.0,16.0,20.0,11.1,1.18,4.4,258,100,12100.0,0,0.165
2026-06-07T21:00,0.5,0.5,0.0,0.0,0.0,0.0,53,30.0,3.0,35.0,11.4,1.25,4.5,272,100,4520.0,0,0.168
2026-06-07T22:00,0.6,0.6,0.0,0.0,0.0,0.0,53,20.0,2.0,25.0,12.2,0.47,4.1,302,100,12120.0,0,0.176
2026-06-07T23:00,0.0,0.0,0.0,0.0,0.0,0.0,3,30.0,11.0,25.0,12.3,0.27,2.4,338,98,27540.0,1,0.177
2026-06-08T00:00,0.0,0.0,0.0,0.0,0.0,0.0,3,0.0,16.0,140.0,15.2,0.65,2.6,247,87,62480.0,1,0.15
2026-06-08T01:00,0.0,0.0,0.0,0.0,0.0,0.0,3,0.0,34.0,1090.0,17.4,0.25,3.0,191,99,65780.0,1,0.149
2026-06-08T02:00,0.0,0.0,0.0,0.0,0.0,0.0,3,10.0,33.0,1550.0,19.8,0.97,5.3,168,100,62840.0,1,0.149
2026-06-08T03:00,0.0,0.0,0.0,0.0,0.0,0.0,2,60.0,15.0,2080.0,22.1,0.82,5.6,194,69,53520.0,1,0.148
2026-06-08T04:00,0.0,0.0,0.0,0.0,0.0,0.0,3,90.0,0.0,2580.0,23.3,0.65,5.6,328,100,57740.0,1,0.147
2026-06-08T05:00,1.4,0.0,1.4,0.0,0.0,0.0,80,80.0,14.0,990.0,18.6,3.72,10.8,259,63,4400.0,1,0.163
2026-06-08T06:00,1.4,0.1,1.3,0.0,0.0,0.0,80,30.0,0.0,2140.0,22.5,1.43,10.0,234,77,34540.0,1,0.19
2026-06-08T07:00,0.2,0.0,0.2,0.0,0.0,0.0,51,310.0,0.0,2210.0,22.9,2.22,8.2,306,58,13620.0,1,0.19
2026-06-08T08:00,0.1,0.0,0.1,0.0,0.0,0.0,51,20.0,19.0,2585.0,23.5,2.57,9.1,327,75,13360.0,1,0.188
2026-06-08T09:00,0.2,0.1,0.1,0.0,0.0,0.0,51,20.0,0.0,2375.0,22.8,2.23,9.4,250,88,31280.0,1,0.189
2026-06-08T10:00,0.1,0.0,0.1,0.0,0.0,0.0,51,10.0,16.0,1640.0,21.8,1.8,7.3,358,100,10100.0,1,0.188
2026-06-08T11:00,1.6,0.1,1.5,0.0,0.0,0.0,80,30.0,10.0,285.0,16.0,0.91,11.0,351,88,3620.0,1,0.204
2026-06-08T12:00,0.8,0.6,0.2,0.0,0.0,0.0,53,110.0,7.0,285.0,14.8,0.86,5.0,234,50,10420.0,1,0.214
2026-06-08T13:00,0.1,0.1,0.0,0.0,0.0,0.0,51,10.0,30.0,25.0,13.5,0.43,2.4,216,100,38760.0,0,0.214
2026-06-08T14:00,0.0,0.0,0.0,0.0,0.0,0.0,1,30.0,3.0,30.0,13.5,0.34,1.6,207,27,11760.0,0,0.214
2026-06-08T15:00,0.1,0.1,0.0,0.0,0.0,0.0,51,270.0,26.0,15.0,12.5,0.22,1.2,243,60,34260.0,0,0.215
2026-06-08T16:00,0.4,0.0,0.4,0.0,0.0,0.0,51,30.0,2.0,35.0,11.5,0.76,2.8,262,99,5860.0,0,0.22
2026-06-08T17:00,0.1,0.1,0.0,0.0,0.0,0.0,51,0.0,23.0,15.0,11.0,0.22,2.8,243,33,19500.0,0,0.221
2026-06-08T18:00,1.0,0.0,1.0,0.0,0.0,0.0,55,0.0,26.0,15.0,11.2,0.29,2.9,301,88,8160.0,0,0.216
2026-06-08T19:00,0.1,0.1,0.0,0.0,0.0,0.0,51,0.0,27.0,20.0,10.9,0.41,1.7,284,91,38060.0,0,0.217
2026-06-08T20:00,0.0,0.0,0.0,0.0,0.0,0.0,2,0.0,5.0,20.0,9.7,0.76,2.6,247,54,2280.0,0,0.217
2026-06-08T21:00,0.0,0.0,0.0,0.0,0.0,0.0,2,10.0,17.0,25.0,9.3,0.93,3.3,234,61,400.0,0,0.217
2026-06-08T22:00,0.0,0.0,0.0,0.0,0.0,0.0,3,10.0,8.0,15.0,8.1,1.01,3.7,237,100,280.0,0,0.217
2026-06-08T23:00,0.0,0.0,0.0,0.0,0.0,0.0,3,0.0,7.0,10.0,7.8,0.81,3.8,223,100,240.0,1,0.217
2026-06-09T00:00,0.0,0.0,0.0,0.0,0.0,0.0,3,50.0,25.0,230.0,11.9,0.3,3.7,171,95,1260.0,1,0.295
2026-06-09T01:00,0.2,0.1,0.1,0.0,0.0,0.0,51,30.0,22.0,310.0,13.4,0.86,3.8,80,100,11180.0,1,0.295
2026-06-09T02:00,0.2,0.1,0.1,0.0,0.0,0.0,51,80.0,10.0,590.0,14.2,1.06,4.1,82,88,10200.0,1,0.295
2026-06-09T03:00,0.1,0.0,0.1,0.0,0.0,0.0,51,10.0,0.0,1005.0,17.1,0.95,5.1,90,65,13000.0,1,0.293
2026-06-09T04:00,0.1,0.0,0.1,0.0,0.0,0.0,51,660.0,0.0,1740.0,19.7,0.98,5.5,66,98,19360.0,1,0.29
2026-06-09T05:00,0.1,0.0,0.1,0.0,0.0,0.0,51,540.0,0.0,1995.0,21.0,0.92,5.2,112,48,16140.0,1,0.288
2026-06-09T06:00,0.1,0.0,0.1,0.0,0.0,0.0,51,690.0,0.0,850.0,19.0,0.21,6.4,225,15,5600.0,1,0.287
2026-06-09T07:00,0.3,0.2,0.1,0.0,0.0,0.0,51,640.0,0.0,1875.0,21.8,0.87,6.3,77,46,9000.0,1,0.285
2026-06-09T08:00,0.8,0.0,0.8,0.0,0.0,0.0,53,20.0,27.0,955.0,18.3,2.96,9.5,5,96,5940.0,1,0.29
2026-06-09T09:00,3.6,0.1,3.5,0.0,0.0,0.0,81,360.0,40.0,255.0,15.1,0.72,11.6,146,40,8520.0,1,0.33
2026-06-09T10:00,0.2,0.2,0.0,0.0,0.0,0.0,51,410.0,14.0,720.0,17.9,1.15,5.8,270,76,5500.0,1,0.327
2026-06-09T11:00,0.5,0.4,0.1,0.0,0.0,0.0,53,360.0,57.0,225.0,16.3,1.5,5.8,210,50,9100.0,1,0.328
2026-06-09T12:00,0.2,0.2,0.0,0.0,0.0,0.0,51,60.0,145.0,105.0,15.6,1.18,6.2,258,19,14500.0,1,0.307
2026-06-09T13:00,0.0,0.0,0.0,0.0,0.0,0.0,0,0.0,74.0,30.0,12.5,1.03,3.5,241,15,27180.0,0,0.306
2026-06-09T14:00,0.1,0.0,0.1,0.0,0.0,0.0,51,50.0,2.0,20.0,11.7,0.87,3.3,246,25,21100.0,0,0.305
2026-06-09T15:00,0.1,0.0,0.1,0.0,0.0,0.0,51,0.0,36.0,10.0,12.2,0.07,3.1,225,30,34620.0,0,0.304
2026-06-09T16:00,1.0,0.0,1.0,0.0,0.0,0.0,55,0.0,15.0,35.0,11.6,0.32,2.0,18,100,8600.0,0,0.315
2026-06-09T17:00,0.4,0.1,0.3,0.0,0.0,0.0,51,180.0,2.0,25.0,11.8,0.21,3.1,284,22,29440.0,0,0.317
2026-06-09T18:00,0.4,0.1,0.3,0.0,0.0,0.0,51,0.0,4.0,15.0,11.1,0.25,3.8,233,22,45200.0,0,0.316
2026-06-09T19:00,0.0,0.0,0.0,0.0,0.0,0.0,1,0.0,4.0,15.0,10.4,0.27,2.9,248,38,45800.0,0,0.314
2026-06-09T20:00,0.0,0.0,0.0,0.0,0.0,0.0,1,0.0,11.0,15.0,10.3,0.25,3.0,233,20,41100.0,0,0.312
2026-06-09T21:00,0.0,0.0,0.0,0.0,0.0,0.0,0,0.0,26.0,15.0,9.7,0.39,3.2,230,11,41660.0,0,0.31
2026-06-09T22:00,0.0,0.0,0.0,0.0,0.0,0.0,0,0.0,17.0,15.0,9.5,0.32,3.2,231,11,44980.0,0,0.308
2026-06-09T23:00,0.0,0.0,0.0,0.0,0.0,0.0,1,0.0,1.0,15.0,9.5,0.4,3.4,240,23,44080.0,1,0.307
2026-06-10T00:00,0.0,0.0,0.0,0.0,0.0,0.0,2,0.0,2.0,170.0,11.3,0.41,3.6,194,67,43260.0,1,0.31
2026-06-10T01:00,0.0,0.0,0.0,0.0,0.0,0.0,2,0.0,33.0,465.0,13.6,0.43,3.8,111,52,57980.0,1,0.307
2026-06-10T02:00,0.0,0.0,0.0,0.0,0.0,0.0,2,80.0,32.0,905.0,16.4,0.72,4.3,65,62,20980.0,1,0.304
2026-06-10T03:00,0.1,0.0,0.1,0.0,0.0,0.0,51,310.0,0.0,1405.0,18.1,0.81,5.1,43,65,7920.0,1,0.302
2026-06-10T04:00,0.2,0.1,0.1,0.0,0.0,0.0,51,60.0,3.0,1910.0,20.4,1.27,5.9,9,99,24480.0,1,0.3
2026-06-10T05:00,0.3,0.1,0.2,0.0,0.0,0.0,51,680.0,0.0,1500.0,19.9,1.82,7.3,328,73,6680.0,1,0.298
2026-06-10T06:00,0.6,0.1,0.5,0.0,0.0,0.0,53,550.0,0.0,1830.0,21.4,1.9,7.8,18,77,19160.0,1,0.33
2026-06-10T07:00,0.2,0.0,0.2,0.0,0.0,0.0,51,60.0,0.0,2220.0,23.1,0.83,7.2,335,95,4920.0,1,0.326
2026-06-10T08:00,2.7,0.1,2.6,0.0,0.0,0.0,81,20.0,35.0,520.0,15.9,2.66,8.8,355,51,7260.0,1,0.351
2026-06-10T09:00,0.3,0.2,0.1,0.0,0.0,0.0,51,50.0,22.0,800.0,17.2,2.55,10.0,315,78,5800.0,1,0.348
2026-06-10T10:00,0.6,0.4,0.2,0.0,0.0,0.0,53,510.0,0.0,850.0,16.6,0.74,9.6,152,52,8980.0,1,0.347
2026-06-10T11:00,1.3,0.1,1.2,0.0,0.0,0.0,80,510.0,3.0,285.0,15.0,1.4,5.4,274,80,4100.0,1,0.357
2026-06-10T12:00,3.0,0.0,3.0,0.0,0.0,0.0,95,630.0,33.0,45.0,14.8,1.16,5.1,173,68,13360.0,1,0.379
2026-06-10T13:00,0.6,0.1,0.5,0.0,0.0,0.0,53,450.0,28.0,20.0,13.7,0.25,3.4,180,48,21200.0,0,0.376
2026-06-10T14:00,0.0,0.0,0.0,0.0,0.0,0.0,1,370.0,22.0,40.0,13.1,0.52,2.3,287,24,16400.0,0,0.368
2026-06-10T15:00,0.0,0.0,0.0,0.0,0.0,0.0,0,320.0,28.0,15.0,12.2,0.25,2.4,259,19,39020.0,0,0.362
2026-06-10T16:00,0.0,0.0,0.0,0.0,0.0,0.0,0,290.0,22.0,20.0,11.5,0.36,2.8,254,11,38460.0,0,0.356
2026-06-10T17:00,0.0,0.0,0.0,0.0,0.0,0.0,3,270.0,15.0,15.0,11.2,0.16,2.8,288,80,19620.0,0,0.352
2026-06-10T18:00,0.2,0.1,0.1,0.0,0.0,0.0,51,190.0,12.0,10.0,11.1,0.07,2.8,225,98,41780.0,0,0.349
2026-06-10T19:00,0.0,0.0,0.0,0.0,0.0,0.0,2,180.0,11.0,20.0,11.3,0.21,3.2,194,52,36020.0,0,0.346
2026-06-10T20:00,0.0,0.0,0.0,0.0,0.0,0.0,0,140.0,11.0,20.0,10.5,0.43,3.7,201,16,37540.0,0,0.342
2026-06-10T21:00,0.0,0.0,0.0,0.0,0.0,0.0,0,0.0,1.0,20.0,9.4,0.58,3.8,211,14,41420.0,0,0.339
2026-06-10T22:00,0.0,0.0,0.0,0.0,0.0,0.0,0,0.0,2.0,15.0,8.4,0.5,4.0,217,9,49460.0,0,0.336
2026-06-10T23:00,0.0,0.0,0.0,0.0,0.0,0.0,0,0.0,1.0,15.0,8.0,0.49,4.0,225,9,53280.0,1,0.333
2026-06-11T00:00,0.0,0.0,0.0,0.0,0.0,0.0,0,0.0,11.0,40.0,12.8,1.01,4.0,200,17,45020.0,1,0.329
2026-06-11T01:00,0.0,0.0,0.0,0.0,0.0,0.0,1,120.0,17.0,465.0,15.0,0.83,4.2,123,24,58280.0,1,0.326
2026-06-11T02:00,0.1,0.0,0.1,0.0,0.0,0.0,51,60.0,33.0,1105.0,17.3,1.31,5.6,140,38,18920.0,1,0.323
2026-06-11T03:00,0.1,0.0,0.1,0.0,0.0,0.0,51,130.0,0.0,2145.0,20.0,1.06,6.2,135,43,17520.0,1,0.32
2026-06-11T04:00,0.2,0.1,0.1,0.0,0.0,0.0,51,140.0,0.0,2330.0,21.4,2.71,9.3,208,65,11160.0,1,0.317
2026-06-11T05:00,0.1,0.0,0.1,0.0,0.0,0.0,51,10.0,1.0,2355.0,22.6,2.98,9.9,209,30,36240.0,1,0.313
2026-06-11T06:00,0.0,0.0,0.0,0.0,0.0,0.0,2,40.0,6.0,2760.0,23.7,4.24,13.8,224,78,14360.0,1,0.303
2026-06-11T07:00,0.1,0.0,0.1,0.0,0.0,0.0,51,200.0,7.0,2380.0,23.0,3.1,14.2,260,51,12440.0,1,0.3
2026-06-11T08:00,0.1,0.0,0.1,0.0,0.0,0.0,51,350.0,0.0,2630.0,23.8,3.74,12.1,258,30,19580.0,1,0.297
2026-06-11T09:00,0.0,0.0,0.0,0.0,0.0,0.0,1,10.0,3.0,2525.0,23.2,3.05,12.3,270,41,23540.0,1,0.293
2026-06-11T10:00,0.1,0.0,0.1,0.0,0.0,0.0,51,50.0,8.0,1180.0,19.9,3.94,12.6,331,52,11880.0,1,0.291
2026-06-11T11:00,0.7,0.2,0.5,0.0,0.0,0.0,53,10.0,14.0,435.0,13.5,1.82,15.0,351,72,5260.0,1,0.295
2026-06-11T12:00,0.4,0.4,0.0,0.0,0.0,0.0,51,360.0,32.0,685.0,16.6,2.81,7.6,4,85,8560.0,1,0.304
2026-06-11T13:00,0.2,0.2,0.0,0.0,0.0,0.0,51,220.0,26.0,115.0,14.2,1.03,9.8,293,49,9880.0,0,0.304
2026-06-11T14:00,0.1,0.1,0.0,0.0,0.0,0.0,51,150.0,29.0,180.0,13.2,1.35,5.7,274,35,11320.0,0,0.304
2026-06-11T15:00,0.1,0.1,0.0,0.0,0.0,0.0,51,20.0,48.0,135.0,12.4,1.22,5.6,279,59,15100.0,0,0.304
2026-06-11T16:00,0.0,0.0,0.0,0.0,0.0,0.0,3,0.0,52.0,115.0,12.2,1.02,5.0,281,83,58480.0,0,0.303
2026-06-11T17:00,0.0,0.0,0.0,0.0,0.0,0.0,3,0.0,6.0,60.0,11.8,0.75,4.1,274,96,38540.0,0,0.302
2026-06-11T18:00,0.0,0.0,0.0,0.0,0.0,0.0,3,0.0,1.0,50.0,12.0,0.4,3.5,277,98,58500.0,0,0.293
2026-06-11T19:00,0.0,0.0,0.0,0.0,0.0,0.0,2,0.0,4.0,45.0,11.5,0.62,3.0,256,77,34180.0,0,0.293
2026-06-11T20:00,0.0,0.0,0.0,0.0,0.0,0.0,3,70.0,0.0,25.0,10.7,0.53,3.1,229,81,34660.0,0,0.292
2026-06-11T21:00,0.0,0.0,0.0,0.0,0.0,0.0,2,60.0,1.0,20.0,10.7,0.39,2.9,220,72,30020.0,0,0.292
2026-06-11T22:00,0.0,0.0,0.0,0.0,0.0,0.0,3,10.0,0.0,15.0,10.5,0.25,2.9,233,94,55020.0,0,0.291
2026-06-11T23:00,0.0,0.0,0.0,0.0,0.0,0.0,3,10.0,0.0,15.0,11.1,0.22,2.8,243,88,55040.0,1,0.29
2026-06-12T00:00,0.0,0.0,0.0,0.0,0.0,0.0,3,20.0,1.0,195.0,11.2,0.65,2.8,328,100,9820.0,1,0.294
2026-06-12T01:00,0.1,0.1,0.0,0.0,0.0,0.0,51,0.0,2.0,245.0,11.8,0.74,3.2,312,99,13460.0,1,0.293
2026-06-12T02:00,0.0,0.0,0.0,0.0,0.0,0.0,3,0.0,3.0,535.0,13.3,0.66,3.2,9,98,17020.0,1,0.293
2026-06-12T03:00,0.2,0.1,0.1,0.0,0.0,0.0,51,10.0,0.0,935.0,16.0,0.78,5.5,45,87,8360.0,1,0.292
2026-06-12T04:00,0.3,0.1,0.2,0.0,0.0,0.0,51,10.0,0.0,1575.0,18.0,1.23,6.0,12,96,8160.0,1,0.292
2026-06-12T05:00,0.5,0.2,0.3,0.0,0.0,0.0,53,600.0,0.0,1915.0,19.5,1.71,6.8,355,70,6180.0,1,0.293
2026-06-12T06:00,0.4,0.1,0.3,0.0,0.0,0.0,51,600.0,0.0,1235.0,18.9,2.11,7.7,7,68,4100.0,1,0.286
2026-06-12T07:00,0.7,0.3,0.4,0.0,0.0,0.0,53,560.0,4.0,765.0,17.7,1.03,8.4,67,69,7740.0,1,0.289
2026-06-12T08:00,0.6,0.3,0.3,0.0,0.0,0.0,53,570.0,0.0,1225.0,18.3,1.84,7.4,347,72,4100.0,1,0.291
2026-06-12T09:00,0.8,0.4,0.4,0.0,0.0,0.0,53,430.0,13.0,440.0,16.3,1.42,8.4,318,78,7680.0,1,0.296
2026-06-12T10:00,0.4,0.2,0.2,0.0,0.0,0.0,51,610.0,4.0,590.0,17.0,2.3,6.7,243,42,5280.0,1,0.297
2026-06-12T11:00,0.3,0.2,0.1,0.0,0.0,0.0,51,350.0,8.0,585.0,15.9,0.97,6.6,55,62,19820.0,1,0.298
2026-06-12T12:00,0.0,0.0,0.0,0.0,0.0,0.0,2,200.0,75.0,155.0,15.5,0.91,4.1,276,59,12340.0,1,0.319
2026-06-12T13:00,0.1,0.1,0.0,0.0,0.0,0.0,51,60.0,143.0,45.0,13.0,1.12,3.7,249,39,20580.0,0,0.318
2026-06-12T14:00,0.0,0.0,0.0,0.0,0.0,0.0,2,10.0,37.0,30.0,12.0,1.04,3.5,253,52,35320.0,0,0.317
2026-06-12T15:00,0.0,0.0,0.0,0.0,0.0,0.0,1,10.0,16.0,20.0,11.3,0.96,3.3,264,44,55240.0,0,0.315
2026-06-12T16:00,0.2,0.0,0.2,0.0,0.0,0.0,51,220.0,3.0,65.0,10.9,1.33,5.4,304,61,9700.0,0,0.315
2026-06-12T17:00,0.3,0.1,0.2,0.0,0.0,0.0,51,0.0,5.0,35.0,11.0,0.82,5.5,284,73,31440.0,0,0.317
2026-06-12T18:00,0.0,0.0,0.0,0.0,0.0,0.0,2,0.0,0.0,30.0,10.9,0.68,3.4,253,63,46040.0,0,0.305
2026-06-12T19:00,0.0,0.0,0.0,0.0,0.0,0.0,3,160.0,5.0,15.0,10.2,0.5,3.1,264,81,24680.0,0,0.304
2026-06-12T20:00,0.3,0.0,0.3,0.0,0.0,0.0,51,0.0,0.0,15.0,10.0,0.3,4.3,270,100,12820.0,0,0.308
2026-06-12T21:00,0.1,0.1,0.0,0.0,0.0,0.0,51,10.0,1.0,10.0,10.3,0.11,2.4,243,95,14020.0,0,0.308
2026-06-12T22:00,0.1,0.1,0.0,0.0,0.0,0.0,51,10.0,1.0,20.0,10.6,0.25,2.6,233,55,19100.0,0,0.308
2026-06-12T23:00,0.0,0.0,0.0,0.0,0.0,0.0,1,0.0,0.0,15.0,10.6,0.18,2.5,236,39,35260.0,1,0.307
2026-06-13T00:00,0.0,0.0,0.0,0.0,0.0,0.0,1,0.0,0.0,205.0,12.6,0.65,2.6,148,48,51240.0,1,0.308
2026-06-13T01:00,0.0,0.0,0.0,0.0,0.0,0.0,1,80.0,4.0,515.0,14.6,0.85,4.1,93,27,52660.0,1,0.306
2026-06-13T02:00,0.1,0.0,0.1,0.0,0.0,0.0,51,40.0,12.0,955.0,17.2,1.19,5.2,105,47,13460.0,1,0.304
2026-06-13T03:00,0.1,0.0,0.1,0.0,0.0,0.0,51,260.0,0.0,1725.0,19.1,1.35,6.6,86,48,22920.0,1,0.302
2026-06-13T04:00,0.1,0.0,0.1,0.0,0.0,0.0,51,40.0,8.0,2005.0,20.6,0.76,6.5,82,99,53520.0,1,0.3
2026-06-13T05:00,0.1,0.0,0.1,0.0,0.0,0.0,51,30.0,12.0,2260.0,22.0,0.1,4.8,90,90,51840.0,1,0.297
2026-06-13T06:00,0.1,0.0,0.1,0.0,0.0,0.0,51,50.0,6.0,2010.0,22.0,1.65,4.7,325,84,7660.0,1,0.291
2026-06-13T07:00,0.3,0.2,0.1,0.0,0.0,0.0,51,50.0,44.0,1915.0,21.8,1.6,7.8,2,55,11980.0,1,0.29
2026-06-13T08:00,0.1,0.0,0.1,0.0,0.0,0.0,51,710.0,0.0,2405.0,23.0,1.17,7.0,43,55,12060.0,1,0.287
2026-06-13T09:00,0.1,0.0,0.1,0.0,0.0,0.0,51,640.0,0.0,2580.0,23.8,0.86,6.2,83,99,46880.0,1,0.285
2026-06-13T10:00,0.0,0.0,0.0,0.0,0.0,0.0,2,20.0,63.0,2070.0,22.3,0.42,5.2,45,66,25600.0,1,0.283
2026-06-13T11:00,0.0,0.0,0.0,0.0,0.0,0.0,2,300.0,22.0,585.0,21.5,1.53,5.3,349,63,70320.0,1,0.281
2026-06-13T12:00,0.0,0.0,0.0,0.0,0.0,0.0,2,10.0,59.0,1200.0,20.9,2.0,6.1,217,59,70340.0,1,0.28
2026-06-13T13:00,0.0,0.0,0.0,0.0,0.0,0.0,1,20.0,92.0,590.0,18.0,1.71,8.4,218,45,70340.0,0,0.279
2026-06-13T14:00,0.0,0.0,0.0,0.0,0.0,0.0,1,0.0,84.0,30.0,16.7,0.67,7.5,207,45,70360.0,0,0.279
2026-06-13T15:00,0.0,0.0,0.0,0.0,0.0,0.0,0,0.0,148.0,20.0,14.6,0.6,4.3,246,8,67580.0,0,0.278
2026-06-13T16:00,0.0,0.0,0.0,0.0,0.0,0.0,0,0.0,25.0,20.0,12.3,0.9,4.1,251,13,64280.0,0,0.278
2026-06-13T17:00,0.0,0.0,0.0,0.0,0.0,0.0,2,0.0,15.0,15.0,10.6,0.94,4.6,245,52,61920.0,0,0.278
2026-06-13T18:00,0.0,0.0,0.0,0.0,0.0,0.0,3,0.0,7.0,15.0,9.7,0.79,4.7,252,84,59140.0,0,0.279
2026-06-13T19:00,0.0,0.0,0.0,0.0,0.0,0.0,3,0.0,1.0,20.0,10.0,0.98,4.5,255,89,24540.0,0,0.278
2026-06-13T20:00,0.0,0.0,0.0,0.0,0.0,0.0,3,10.0,0.0,20.0,10.6,0.78,4.5,255,88,14320.0,0,0.278
2026-06-13T21:00,0.0,0.0,0.0,0.0,0.0,0.0,2,0.0,0.0,15.0,10.3,0.65,3.9,238,56,31900.0,0,0.278
2026-06-13T22:00,0.0,0.0,0.0,0.0,0.0,0.0,1,0.0,0.0,10.0,9.7,0.46,3.6,229,49,55280.0,0,0.278
2026-06-13T23:00,0.0,0.0,0.0,0.0,0.0,0.0,0,0.0,1.0,10.0,10.1,0.32,3.2,231,14,29560.0,1,0.277
2026-06-14T00:00,0.0,0.0,0.0,0.0,0.0,0.0,2,0.0,14.0,130.0,14.4,0.3,3.2,261,54,62020.0,1,0.267
2026-06-14T01:00,0.0,0.0,0.0,0.0,0.0,0.0,1,0.0,29.0,1095.0,16.8,0.25,3.2,360,20,55220.0,1,0.266
2026-06-14T02:00,0.0,0.0,0.0,0.0,0.0,0.0,3,20.0,5.0,1675.0,18.8,0.2,4.0,360,100,58520.0,1,0.264
2026-06-14T03:00,0.0,0.0,0.0,0.0,0.0,0.0,3,60.0,0.0,1580.0,19.4,1.28,5.2,21,100,51960.0,1,0.263
2026-06-14T04:00,0.8,0.1,0.7,0.0,0.0,0.0,53,40.0,3.0,1010.0,18.5,2.34,8.2,16,88,6200.0,1,0.269
2026-06-14T05:00,2.8,0.3,2.5,0.0,0.0,0.0,81,310.0,41.0,360.0,16.7,0.7,8.0,356,46,11040.0,1,0.299
2026-06-14T06:00,0.1,0.1,0.0,0.0,0.0,0.0,51,70.0,12.0,835.0,20.0,2.24,8.1,100,81,15160.0,1,0.279
2026-06-14T07:00,0.6,0.1,0.5,0.0,0.0,0.0,53,190.0,5.0,940.0,18.4,1.9,8.0,35,95,4760.0,1,0.282
2026-06-14T08:00,2.7,0.3,2.4,0.0,0.0,0.0,81,310.0,54.0,215.0,15.4,0.76,7.6,212,61,6460.0,1,0.31
2026-06-14T09:00,0.3,0.3,0.0,0.0,0.0,0.0,51,490.0,18.0,610.0,18.3,0.93,6.3,234,65,6340.0,1,0.31
2026-06-14T10:00,0.3,0.3,0.0,0.0,0.0,0.0,51,610.0,13.0,855.0,18.7,0.25,4.2,79,83,23340.0,1,0.31
2026-06-14T11:00,0.3,0.1,0.2,0.0,0.0,0.0,51,160.0,11.0,290.0,17.7,0.73,4.5,254,43,5300.0,1,0.31
2026-06-14T12:00,0.4,0.3,0.1,0.0,0.0,0.0,51,790.0,33.0,90.0,15.3,1.25,3.2,323,59,7640.0,1,0.328
2026-06-14T13:00,0.3,0.1,0.2,0.0,0.0,0.0,51,590.0,21.0,30.0,14.0,0.21,5.2,225,62,7520.0,0,0.329
2026-06-14T14:00,1.7,0.2,1.5,0.0,0.0,0.0,80,10.0,28.0,105.0,13.3,1.17,4.2,290,55,20020.0,0,0.348
2026-06-14T15:00,0.0,0.0,0.0,0.0,0.0,0.0,1,10.0,25.0,25.0,12.0,0.93,4.1,234,35,27420.0,0,0.345
2026-06-14T16:00,0.0,0.0,0.0,0.0,0.0,0.0,1,20.0,22.0,10.0,10.9,0.34,3.3,243,24,1160.0,0,0.343
2026-06-14T17:00,0.0,0.0,0.0,0.0,0.0,0.0,1,0.0,18.0,10.0,9.9,0.54,2.9,248,35,540.0,0,0.34
2026-06-14T18:00,0.0,0.0,0.0,0.0,0.0,0.0,3,0.0,15.0,10.0,9.7,0.56,3.6,243,100,300.0,0,0.329
2026-06-14T19:00,0.0,0.0,0.0,0.0,0.0,0.0,3,0.0,13.0,10.0,8.9,0.52,3.5,253,100,320.0,0,0.327
2026-06-14T20:00,0.0,0.0,0.0,0.0,0.0,0.0,3,80.0,25.0,10.0,9.4,0.45,3.5,243,100,340.0,0,0.325
2026-06-14T21:00,0.0,0.0,0.0,0.0,0.0,0.0,3,80.0,30.0,10.0,9.2,0.29,3.4,239,100,320.0,0,0.323
2026-06-14T22:00,0.0,0.0,0.0,0.0,0.0,0.0,3,80.0,32.0,10.0,8.3,0.18,3.2,236,100,320.0,0,0.322
2026-06-14T23:00,0.0,0.0,0.0,0.0,0.0,0.0,3,60.0,40.0,10.0,8.6,0.43,3.1,249,100,400.0,1,0.32
2026-06-15T00:00,0.0,0.0,0.0,0.0,0.0,0.0,2,50.0,70.0,50.0,12.5,0.34,3.1,207,56,34120.0,1,0.305
2026-06-15T01:00,0.0,0.0,0.0,0.0,0.0,0.0,0,150.0,23.0,350.0,14.7,0.8,3.8,94,17,51340.0,1,0.304
2026-06-15T02:00,0.0,0.0,0.0,0.0,0.0,0.0,1,180.0,11.0,915.0,18.0,1.17,5.0,121,34,15800.0,1,0.302
2026-06-15T03:00,0.1,0.1,0.0,0.0,0.0,0.0,51,230.0,0.0,1870.0,21.0,1.11,6.4,126,15,28940.0,1,0.299
2026-06-15T04:00,0.0,0.0,0.0,0.0,0.0,0.0,1,320.0,0.0,2400.0,23.6,1.37,6.2,213,34,17880.0,1,0.296
2026-06-15T05:00,0.0,0.0,0.0,0.0,0.0,0.0,1,200.0,0.0,2485.0,24.2,3.18,9.6,233,44,10660.0,1,0.292
2026-06-15T06:00,0.1,0.0,0.1,0.0,0.0,0.0,51,300.0,0.0,2460.0,25.3,1.76,9.8,250,18,12560.0,1,0.288
2026-06-15T07:00,0.2,0.1,0.1,0.0,0.0,0.0,51,210.0,0.0,2485.0,24.8,2.25,7.4,233,5,11120.0,1,0.286
2026-06-15T08:00,0.1,0.0,0.1,0.0,0.0,0.0,51,390.0,0.0,2870.0,26.1,2.21,7.4,252,41,16760.0,1,0.282
2026-06-15T09:00,0.1,0.1,0.0,0.0,0.0,0.0,51,450.0,0.0,2915.0,26.0,2.29,7.4,259,28,18900.0,1,0.279
2026-06-15T10:00,0.0,0.0,0.0,0.0,0.0,0.0,1,290.0,0.0,2860.0,25.4,2.18,7.4,279,32,20540.0,1,0.277
2026-06-15T11:00,0.0,0.0,0.0,0.0,0.0,0.0,1,330.0,41.0,910.0,21.8,2.77,9.9,354,49,19920.0,1,0.275
2026-06-15T12:00,0.1,0.1,0.0,0.0,0.0,0.0,51,410.0,69.0,430.0,20.0,2.31,9.8,5,45,20940.0,1,0.275
2026-06-15T13:00,0.1,0.1,0.0,0.0,0.0,0.0,51,450.0,126.0,85.0,16.2,1.17,7.9,329,15,17660.0,0,0.275
2026-06-15T14:00,0.0,0.0,0.0,0.0,0.0,0.0,0,340.0,150.0,45.0,14.7,1.1,4.5,300,6,62540.0,0,0.275
2026-06-15T15:00,0.0,0.0,0.0,0.0,0.0,0.0,1,170.0,169.0,20.0,13.7,0.55,3.8,270,28,59740.0,0,0.274
2026-06-15T16:00,0.0,0.0,0.0,0.0,0.0,0.0,1,10.0,20.0,15.0,12.8,0.55,3.0,270,37,59760.0,0,0.274
2026-06-15T17:00,0.0,0.0,0.0,0.0,0.0,0.0,0,0.0,99.0,15.0,11.9,0.6,3.4,270,8,59780.0,0,0.274
2026-06-15T18:00,0.0,0.0,0.0,0.0,0.0,0.0,0,0.0,127.0,15.0,11.8,0.36,3.4,254,13,62580.0,0,0.263
2026-06-15T19:00,0.0,0.0,0.0,0.0,0.0,0.0,0,0.0,10.0,15.0,10.9,0.7,3.0,266,11,62600.0,0,0.263
2026-06-15T20:00,0.0,0.0,0.0,0.0,0.0,0.0,0,0.0,0.0,15.0,10.0,0.71,3.2,262,5,59820.0,0,0.263
2026-06-15T21:00,0.0,0.0,0.0,0.0,0.0,0.0,0,0.0,3.0,15.0,9.4,0.61,3.0,261,1,59820.0,0,0.262
2026-06-15T22:00,0.0,0.0,0.0,0.0,0.0,0.0,0,0.0,,15.0,9.2,0.45,2.8,264,5,59840.0,0,0.262
2026-06-15T23:00,0.0,0.0,0.0,0.0,0.0,0.0,1,0.0,,15.0,9.7,0.61,2.3,279,30,1420.0,1,0.262
2026-06-16T00:00,0.0,0.0,0.0,0.0,0.0,0.0,1,0.0,0.0,140.0,14.3,0.57,2.8,345,42,2300.0,1,0.261
2026-06-16T01:00,0.0,0.0,0.0,0.0,0.0,0.0,1,50.0,43.0,415.0,16.4,0.7,3.6,21,49,2300.0,1,0.261
2026-06-16T02:00,0.0,0.0,0.0,0.0,0.0,0.0,1,90.0,10.0,1015.0,18.9,0.47,3.9,72,48,8640.0,1,0.259
2026-06-16T03:00,0.2,0.0,0.2,0.0,0.0,0.0,51,90.0,7.0,1515.0,20.4,0.99,5.1,131,35,12380.0,1,0.259
2026-06-16T04:00,0.2,0.1,0.1,0.0,0.0,0.0,51,110.0,4.0,2065.0,22.8,0.57,5.2,218,39,6300.0,1,0.258
2026-06-16T05:00,0.2,0.1,0.1,0.0,0.0,0.0,51,20.0,0.0,2615.0,24.8,0.59,5.1,250,84,19020.0,1,0.257
2026-06-16T06:00,1.5,0.2,1.3,0.0,0.0,0.0,80,30.0,3.0,2690.0,25.2,2.05,9.9,223,85,7920.0,1,0.25
2026-06-16T07:00,1.1,0.1,1.0,0.0,0.0,0.0,55,830.0,6.0,740.0,21.3,1.41,9.2,73,19,14760.0,1,0.257
2026-06-16T08:00,0.1,0.0,0.1,0.0,0.0,0.0,51,1030.0,0.0,2700.0,24.7,0.46,7.0,49,64,60220.0,1,0.254
2026-06-16T09:00,0.1,0.0,0.1,0.0,0.0,0.0,51,390.0,0.0,2510.0,24.8,2.08,6.5,246,16,71180.0,1,0.253
2026-06-16T10:00,0.0,0.0,0.0,0.0,0.0,0.0,0,110.0,0.0,2625.0,25.1,2.38,8.1,248,8,23260.0,1,0.25
2026-06-16T11:00,0.1,0.0,0.1,0.0,0.0,0.0,51,60.0,14.0,1930.0,23.5,2.46,8.1,276,24,71200.0,1,0.249
2026-06-16T12:00,0.1,0.0,0.1,0.0,0.0,0.0,51,40.0,7.0,440.0,20.6,2.31,7.6,354,53,29340.0,1,0.257
2026-06-16T13:00,0.1,0.0,0.1,0.0,0.0,0.0,51,20.0,113.0,195.0,16.5,1.61,9.7,355,38,18280.0,0,0.257
2026-06-16T14:00,0.0,0.0,0.0,0.0,0.0,0.0,1,40.0,36.0,120.0,14.8,1.3,6.2,298,23,22060.0,0,0.257
2026-06-16T15:00,0.0,0.0,0.0,0.0,0.0,0.0,0,30.0,44.0,55.0,13.6,1.15,4.8,288,10,59900.0,0,0.257
2026-06-16T16:00,0.0,0.0,0.0,0.0,0.0,0.0,0,110.0,131.0,40.0,12.9,1.12,4.6,297,9,43340.0,0,0.257
2026-06-16T17:00,0.0,0.0,0.0,0.0,0.0,0.0,0,310.0,38.0,15.0,12.3,0.5,4.5,276,8,55180.0,0,0.257
2026-06-16T18:00,0.0,0.0,0.0,0.0,0.0,0.0,0,410.0,20.0,15.0,11.9,0.38,3.4,247,1,57600.0,0,0.25
2026-06-16T19:00,0.0,0.0,0.0,0.0,0.0,0.0,0,350.0,20.0,10.0,11.1,0.38,2.7,247,8,59920.0,0,0.25
2026-06-16T20:00,0.0,0.0,0.0,0.0,0.0,0.0,1,0.0,21.0,10.0,10.3,0.47,2.8,252,27,62720.0,0,0.249
2026-06-16T21:00,0.0,0.0,0.0,0.0,0.0,0.0,0,0.0,35.0,10.0,9.8,0.47,2.7,252,9,62720.0,0,0.249
2026-06-16T22:00,0.0,0.0,0.0,0.0,0.0,0.0,0,0.0,3.0,10.0,9.5,0.4,2.7,263,19,59920.0,0,0.249
2026-06-16T23:00,0.0,0.0,0.0,0.0,0.0,0.0,1,0.0,38.0,20.0,10.1,0.66,3.1,279,45,960.0,1,0.249
2026-06-17T00:00,0.0,0.0,0.0,0.0,0.0,0.0,1,0.0,37.0,125.0,13.0,1.0,4.0,307,48,800.0,1,0.252
2026-06-17T01:00,0.0,0.0,0.0,0.0,0.0,0.0,1,0.0,16.0,455.0,15.6,0.43,4.0,21,21,8880.0,1,0.251
2026-06-17T02:00,0.0,0.0,0.0,0.0,0.0,0.0,1,330.0,0.0,1335.0,18.3,0.54,4.4,34,30,15920.0,1,0.25
2026-06-17T03:00,0.1,0.0,0.1,0.0,0.0,0.0,51,150.0,0.0,1780.0,20.6,1.03,5.4,14,100,11160.0,1,0.248
2026-06-17T04:00,0.9,0.1,0.8,0.0,0.0,0.0,53,10.0,11.0,435.0,15.8,2.2,7.9,1,73,3720.0,1,0.257
2026-06-17T05:00,0.9,0.4,0.5,0.0,0.0,0.0,53,570.0,3.0,445.0,17.1,0.72,7.9,192,60,23480.0,1,0.263
2026-06-17T06:00,0.2,0.1,0.1,0.0,0.0,0.0,51,510.0,0.0,2060.0,22.4,1.1,6.8,47,100,9160.0,1,0.26
2026-06-17T07:00,2.0,0.2,1.8,0.0,0.0,0.0,80,160.0,3.0,715.0,16.1,2.73,7.8,296,74,4620.0,1,0.281
2026-06-17T08:00,0.8,0.1,0.7,0.0,0.0,0.0,53,280.0,11.0,895.0,19.0,1.19,8.6,15,48,11180.0,1,0.285
2026-06-17T09:00,0.2,0.1,0.1,0.0,0.0,0.0,51,40.0,9.0,1855.0,21.1,2.16,7.4,318,88,6480.0,1,0.284
2026-06-17T10:00,0.6,0.2,0.4,0.0,0.0,0.0,53,340.0,22.0,615.0,18.1,2.96,10.4,338,38,22580.0,1,0.287
2026-06-17T11:00,0.2,0.0,0.2,0.0,0.0,0.0,51,420.0,13.0,330.0,17.3,1.74,9.4,342,91,4740.0,1,0.287
2026-06-17T12:00,1.1,0.7,0.4,0.0,0.0,0.0,55,540.0,14.0,65.0,17.6,0.92,7.1,311,29,9560.0,1,0.299
2026-06-17T13:00,2.0,0.0,2.0,0.0,0.0,0.0,80,210.0,25.0,65.0,13.8,1.09,5.0,286,74,4700.0,0,0.323
2026-06-17T14:00,0.4,0.4,0.0,0.0,0.0,0.0,51,250.0,36.0,40.0,13.6,0.81,5.4,263,60,20540.0,0,0.326
2026-06-17T15:00,0.6,0.0,0.6,0.0,0.0,0.0,53,30.0,3.0,125.0,12.5,1.12,5.6,249,88,4400.0,0,0.331
2026-06-17T16:00,0.4,0.3,0.1,0.0,0.0,0.0,51,150.0,24.0,10.0,12.7,0.05,5.4,90,38,13680.0,0,0.334
2026-06-17T17:00,0.0,0.0,0.0,0.0,0.0,0.0,1,200.0,7.0,10.0,11.9,0.1,2.2,270,20,33580.0,0,0.332
2026-06-17T18:00,0.0,0.0,0.0,0.0,0.0,0.0,1,10.0,17.0,15.0,11.9,0.07,2.0,225,25,40380.0,0,0.328
2026-06-17T19:00,0.0,0.0,0.0,0.0,0.0,0.0,0,260.0,4.0,10.0,10.8,0.07,1.8,225,19,42400.0,0,0.326
2026-06-17T20:00,0.0,0.0,0.0,0.0,0.0,0.0,1,190.0,5.0,10.0,9.0,0.35,2.7,270,47,8340.0,0,0.324
2026-06-17T21:00,0.0,0.0,0.0,0.0,0.0,0.0,3,170.0,3.0,25.0,9.2,1.21,3.5,277,100,860.0,0,0.322
2026-06-17T22:00,0.0,0.0,0.0,0.0,0.0,0.0,3,80.0,8.0,30.0,9.2,1.06,3.6,289,100,320.0,0,0.32
2026-06-17T23:00,0.0,0.0,0.0,0.0,0.0,0.0,3,0.0,3.0,60.0,9.6,1.5,4.3,296,100,260.0,1,0.319
2026-06-18T00:00,0.0,0.0,0.0,0.0,0.0,0.0,3,20.0,4.0,135.0,10.7,0.81,4.6,313,100,1520.0,1,0.304
2026-06-18T01:00,0.0,0.0,0.0,0.0,0.0,0.0,3,10.0,0.0,310.0,11.9,0.96,4.2,354,100,3480.0,1,0.303
2026-06-18T02:00,0.0,0.0,0.0,0.0,0.0,0.0,3,100.0,0.0,690.0,14.1,1.2,5.1,355,100,20180.0,1,0.302
2026-06-18T03:00,0.1,0.0,0.1,0.0,0.0,0.0,51,100.0,3.0,805.0,15.9,1.21,5.6,353,35,13820.0,1,0.301
2026-06-18T04:00,0.2,0.1,0.1,0.0,0.0,0.0,51,130.0,3.0,1275.0,18.6,1.49,6.8,340,78,12880.0,1,0.299
2026-06-18T05:00,0.0,0.0,0.0,0.0,0.0,0.0,3,350.0,0.0,1665.0,21.0,1.63,7.0,349,95,33660.0,1,0.296
2026-06-18T06:00,0.0,0.0,0.0,0.0,0.0,0.0,3,340.0,0.0,1815.0,21.7,1.94,8.2,342,83,26820.0,1,0.291
2026-06-18T07:00,0.1,0.0,0.1,0.0,0.0,0.0,51,360.0,0.0,2050.0,22.4,2.08,8.8,333,45,10880.0,1,0.288
2026-06-18T08:00,0.1,0.1,0.0,0.0,0.0,0.0,51,440.0,0.0,2275.0,23.1,1.98,8.1,326,63,17200.0,1,0.284
2026-06-18T09:00,0.1,0.1,0.0,0.0,0.0,0.0,51,40.0,18.0,2200.0,22.8,1.63,7.7,297,23,13100.0,1,0.282
2026-06-18T10:00,0.1,0.1,0.0,0.0,0.0,0.0,51,220.0,1.0,1935.0,21.9,0.91,5.9,279,56,13280.0,1,0.28
2026-06-18T11:00,0.2,0.1,0.1,0.0,0.0,0.0,51,220.0,4.0,1395.0,20.9,2.06,4.5,244,27,7700.0,1,0.28
2026-06-18T12:00,0.2,0.1,0.1,0.0,0.0,0.0,51,480.0,90.0,190.0,16.1,2.08,5.4,235,79,7320.0,1,0.275
2026-06-18T13:00,0.2,0.2,0.0,0.0,0.0,0.0,51,410.0,138.0,65.0,14.0,1.48,5.7,246,21,17000.0,0,0.276
2026-06-18T14:00,0.0,0.0,0.0,0.0,0.0,0.0,1,210.0,163.0,35.0,12.5,1.07,3.7,242,29,35960.0,0,0.275
2026-06-18T15:00,0.0,0.0,0.0,0.0,0.0,0.0,0,0.0,102.0,25.0,11.7,0.73,3.1,254,18,23920.0,0,0.275
2026-06-18T16:00,0.0,0.0,0.0,0.0,0.0,0.0,3,0.0,121.0,30.0,11.0,0.99,3.2,221,85,13560.0,0,0.275
2026-06-18T17:00,0.1,0.1,0.0,0.0,0.0,0.0,51,0.0,17.0,25.0,11.6,0.87,3.9,204,51,13860.0,0,0.275
2026-06-18T18:00,0.4,0.2,0.2,0.0,0.0,0.0,51,70.0,45.0,110.0,11.8,0.88,3.8,133,61,8020.0,0,0.279
2026-06-18T19:00,1.6,0.0,1.6,0.0,0.0,0.0,80,20.0,11.0,140.0,11.3,0.79,4.6,145,98,4360.0,0,0.3
2026-06-18T20:00,1.8,0.0,1.8,0.0,0.0,0.0,80,0.0,19.0,150.0,11.1,0.68,3.6,144,72,7360.0,0,0.322
2026-06-18T21:00,0.1,0.0,0.1,0.0,0.0,0.0,51,0.0,2.0,65.0,10.4,0.67,3.0,207,75,30960.0,0,0.322
2026-06-18T22:00,0.0,0.0,0.0,0.0,0.0,0.0,1,0.0,1.0,10.0,9.0,0.43,2.8,234,44,1980.0,0,0.32
2026-06-18T23:00,0.0,0.0,0.0,0.0,0.0,0.0,2,0.0,0.0,15.0,8.7,0.7,2.0,249,55,540.0,1,0.319
2026-06-19T00:00,0.0,0.0,0.0,0.0,0.0,0.0,1,0.0,0.0,55.0,11.3,1.14,3.3,232,44,13320.0,1,0.268
2026-06-19T01:00,0.0,0.0,0.0,0.0,0.0,0.0,2,0.0,19.0,440.0,14.8,0.63,3.6,162,53,57900.0,1,0.268
2026-06-19T02:00,0.0,0.0,0.0,0.0,0.0,0.0,2,250.0,0.0,1090.0,17.9,0.65,5.0,148,57,46200.0,1,0.266
2026-06-19T03:00,0.0,0.0,0.0,0.0,0.0,0.0,3,470.0,0.0,1650.0,20.2,0.57,5.0,135,100,60660.0,1,0.264
2026-06-19T04:00,0.1,0.0,0.1,0.0,0.0,0.0,51,60.0,22.0,1940.0,21.0,0.74,5.0,132,100,68620.0,1,0.262
2026-06-19T05:00,0.0,0.0,0.0,0.0,0.0,0.0,3,110.0,30.0,2230.0,22.6,0.32,4.8,39,100,19820.0,1,0.26
2026-06-19T06:00,0.1,0.0,0.1,0.0,0.0,0.0,51,120.0,22.0,1155.0,21.1,2.11,6.7,36,100,13480.0,1,0.256
2026-06-19T07:00,0.6,0.2,0.4,0.0,0.0,0.0,53,40.0,51.0,1600.0,20.6,0.56,8.0,170,85,5660.0,1,0.26
2026-06-19T08:00,0.4,0.2,0.2,0.0,0.0,0.0,51,290.0,4.0,1405.0,21.1,0.73,5.9,286,93,19920.0,1,0.261
2026-06-19T09:00,0.2,0.1,0.1,0.0,0.0,0.0,51,40.0,45.0,975.0,20.1,2.69,10.0,318,85,5280.0,1,0.26
2026-06-19T10:00,0.4,0.4,0.0,0.0,0.0,0.0,51,10.0,54.0,440.0,18.9,1.61,8.7,244,89,21640.0,1,0.262
2026-06-19T11:00,0.2,0.2,0.0,0.0,0.0,0.0,51,640.0,16.0,440.0,18.8,1.6,5.5,274,49,16580.0,1,0.262
2026-06-19T12:00,0.0,0.0,0.0,0.0,0.0,0.0,3,1530.0,16.0,210.0,16.5,0.98,4.7,336,93,22140.0,1,0.275
2026-06-19T13:00,0.0,0.0,0.0,0.0,0.0,0.0,2,1400.0,11.0,60.0,15.8,0.53,4.7,229,53,44600.0,0,0.275
2026-06-19T14:00,0.2,0.0,0.2,0.0,0.0,0.0,51,1040.0,19.0,25.0,14.6,0.54,2.5,236,76,13980.0,0,0.276
2026-06-19T15:00,0.7,0.4,0.3,0.0,0.0,0.0,53,460.0,20.0,35.0,13.8,0.47,3.2,288,77,6440.0,0,0.284
2026-06-19T16:00,0.3,0.2,0.1,0.0,0.0,0.0,51,0.0,133.0,40.0,13.3,0.35,2.3,172,69,11600.0,0,0.287
2026-06-19T17:00,0.1,0.1,0.0,0.0,0.0,0.0,51,200.0,42.0,15.0,12.4,0.25,2.3,259,23,31620.0,0,0.287
2026-06-19T18:00,0.0,0.0,0.0,0.0,0.0,0.0,1,0.0,29.0,15.0,12.4,0.21,2.4,225,45,28960.0,0,0.281
2026-06-19T19:00,0.0,0.0,0.0,0.0,0.0,0.0,2,310.0,15.0,10.0,11.8,0.11,1.9,243,74,26460.0,0,0.28
2026-06-19T20:00,0.1,0.1,0.0,0.0,0.0,0.0,51,0.0,7.0,10.0,11.2,0.15,2.8,270,78,24440.0,0,0.28
2026-06-19T21:00,0.0,0.0,0.0,0.0,0.0,0.0,3,300.0,5.0,20.0,11.4,0.21,2.0,284,95,1740.0,0,0.28
2026-06-19T22:00,1.2,0.0,1.2,0.0,0.0,0.0,55,220.0,1.0,35.0,11.5,0.4,2.8,330,99,780.0,0,0.295
2026-06-19T23:00,0.9,0.1,0.8,0.0,0.0,0.0,53,0.0,0.0,45.0,11.4,0.45,2.6,297,98,1540.0,1,0.305
2026-06-20T00:00,0.0,0.0,0.0,0.0,0.0,0.0,3,0.0,0.0,25.0,12.3,0.32,2.3,288,84,24160.0,1,0.336
2026-06-20T01:00,0.0,0.0,0.0,0.0,0.0,0.0,1,210.0,3.0,310.0,14.2,0.36,3.0,74,43,32060.0,1,0.333
2026-06-20T02:00,0.0,0.0,0.0,0.0,0.0,0.0,1,250.0,0.0,895.0,17.4,0.75,4.7,90,43,19400.0,1,0.33
2026-06-20T03:00,0.0,0.0,0.0,0.0,0.0,0.0,3,570.0,0.0,1530.0,19.8,0.81,5.1,83,100,65340.0,1,0.326
2026-06-20T04:00,0.3,0.1,0.2,0.0,0.0,0.0,51,280.0,8.0,850.0,18.7,1.12,5.5,58,98,5280.0,1,0.325
2026-06-20T05:00,1.2,0.3,0.9,0.0,0.0,0.0,55,700.0,4.0,435.0,16.7,2.73,8.6,278,64,3980.0,1,0.333
2026-06-20T06:00,0.5,0.2,0.3,0.0,0.0,0.0,53,600.0,15.0,690.0,18.9,1.13,8.1,103,51,32700.0,1,0.332
2026-06-20T07:00,0.3,0.1,0.2,0.0,0.0,0.0,51,990.0,0.0,1610.0,20.3,1.05,6.0,90,100,8560.0,1,0.33
2026-06-20T08:00,1.0,0.2,0.8,0.0,0.0,0.0,55,330.0,13.0,450.0,16.4,3.05,10.5,342,91,5080.0,1,0.334
2026-06-20T09:00,0.3,0.3,0.0,0.0,0.0,0.0,51,500.0,53.0,375.0,18.2,1.57,10.2,197,76,22040.0,1,0.333
2026-06-20T10:00,0.3,0.2,0.1,0.0,0.0,0.0,51,550.0,9.0,430.0,17.7,2.13,6.0,229,88,5500.0,1,0.331
2026-06-20T11:00,0.2,0.1,0.1,0.0,0.0,0.0,51,570.0,30.0,385.0,17.9,0.72,6.1,12,77,21120.0,1,0.33
2026-06-20T12:00,0.1,0.1,0.0,0.0,0.0,0.0,51,860.0,77.0,30.0,17.2,0.53,3.5,221,77,35180.0,1,0.332
2026-06-20T13:00,0.0,0.0,0.0,0.0,0.0,0.0,2,770.0,93.0,15.0,15.0,0.49,2.6,246,66,60140.0,0,0.33
2026-06-20T14:00,0.0,0.0,0.0,0.0,0.0,0.0,1,580.0,103.0,20.0,14.1,0.67,2.7,243,42,21100.0,0,0.328
2026-06-20T15:00,0.0,0.0,0.0,0.0,0.0,0.0,2,520.0,14.0,15.0,13.5,0.35,2.7,262,70,56560.0,0,0.326
2026-06-20T16:00,0.0,0.0,0.0,0.0,0.0,0.0,1,400.0,62.0,15.0,12.8,0.51,3.1,259,48,56580.0,0,0.324
2026-06-20T17:00,0.0,0.0,0.0,0.0,0.0,0.0,2,20.0,142.0,15.0,12.0,0.6,3.3,270,62,60160.0,0,0.323
2026-06-20T18:00,0.0,0.0,0.0,0.0,0.0,0.0,3,0.0,19.0,15.0,12.6,0.52,3.5,253,98,60160.0,0,0.316
2026-06-20T19:00,0.0,0.0,0.0,0.0,0.0,0.0,3,0.0,90.0,15.0,11.2,0.87,3.9,257,99,60160.0,0,0.315
2026-06-20T20:00,0.0,0.0,0.0,0.0,0.0,0.0,3,0.0,10.0,15.0,10.9,0.68,3.9,253,94,60160.0,0,0.313
2026-06-20T21:00,0.0,0.0,0.0,0.0,0.0,0.0,3,0.0,14.0,15.0,10.3,0.68,3.7,253,92,60160.0,0,0.312
2026-06-20T22:00,0.0,0.0,0.0,0.0,0.0,0.0,2,0.0,16.0,15.0,10.4,0.54,3.7,248,70,60160.0,0,0.311
2026-06-20T23:00,0.1,0.1,0.0,0.0,0.0,0.0,51,0.0,4.0,10.0,11.2,0.18,3.7,236,27,17380.0,1,0.311
2026-06-21T00:00,0.0,0.0,0.0,0.0,0.0,0.0,2,10.0,0.0,65.0,13.7,0.39,3.5,220,68,56580.0,1,0.319
2026-06-21T01:00,0.0,0.0,0.0,0.0,0.0,0.0,1,0.0,18.0,370.0,15.3,0.54,3.1,34,25,28280.0,1,0.317
2026-06-21T02:00,0.0,0.0,0.0,0.0,0.0,0.0,2,0.0,8.0,1070.0,18.0,0.46,4.7,347,52,6740.0,1,0.314
2026-06-21T03:00,0.3,0.2,0.1,0.0,0.0,0.0,51,20.0,0.0,1175.0,19.0,1.43,6.2,29,88,19940.0,1,0.314
2026-06-21T04:00,0.2,0.1,0.1,0.0,0.0,0.0,51,60.0,0.0,1670.0,20.5,0.79,6.2,235,92,5160.0,1,0.312
2026-06-21T05:00,1.0,0.1,0.9,0.0,0.0,0.0,55,600.0,4.0,830.0,19.5,0.45,7.4,297,69,9320.0,1,0.318
2026-06-21T06:00,0.7,0.1,0.6,0.0,0.0,0.0,53,660.0,0.0,1300.0,20.8,2.11,7.8,54,75,12700.0,1,0.34
2026-06-21T07:00,4.3,0.1,4.2,0.0,0.0,0.0,81,30.0,18.0,380.0,16.0,0.49,7.6,45,81,7060.0,1,0.382
2026-06-21T08:00,0.2,0.2,0.0,0.0,0.0,0.0,51,80.0,15.0,555.0,17.8,1.05,6.2,335,98,5180.0,1,0.375
2026-06-21T09:00,0.6,0.6,0.0,0.0,0.0,0.0,53,500.0,31.0,315.0,16.5,1.88,6.5,220,77,14480.0,1,0.373
2026-06-21T10:00,0.1,0.1,0.0,0.0,0.0,0.0,51,630.0,16.0,835.0,19.4,0.35,6.1,98,57,12460.0,1,0.366
2026-06-21T11:00,0.1,0.1,0.0,0.0,0.0,0.0,51,650.0,19.0,690.0,19.1,0.71,3.7,8,70,14980.0,1,0.362
2026-06-21T12:00,0.0,0.0,0.0,0.0,0.0,0.0,2,200.0,80.0,85.0,16.8,1.06,3.3,161,77,11120.0,1,0.332
2026-06-21T13:00,0.1,0.1,0.0,0.0,0.0,0.0,51,490.0,15.0,35.0,14.5,0.75,3.2,176,96,60200.0,0,0.33
2026-06-21T14:00,0.0,0.0,0.0,0.0,0.0,0.0,3,410.0,21.0,15.0,14.4,0.21,3.5,194,92,60200.0,0,0.328
2026-06-21T15:00,0.0,0.0,0.0,0.0,0.0,0.0,3,290.0,87.0,10.0,13.9,0.07,2.9,225,81,56620.0,0,0.327
2026-06-21T16:00,0.0,0.0,0.0,0.0,0.0,0.0,3,220.0,82.0,15.0,12.8,0.5,3.2,264,90,56620.0,0,0.325
2026-06-21T17:00,0.0,0.0,0.0,0.0,0.0,0.0,3,60.0,113.0,10.0,12.3,0.34,3.5,243,84,56620.0,0,0.323
2026-06-21T18:00,0.0,0.0,0.0,0.0,0.0,0.0,3,0.0,19.0,15.0,12.1,0.5,3.6,233,98,60220.0,0,0.319
2026-06-21T19:00,0.0,0.0,0.0,0.0,0.0,0.0,3,0.0,20.0,15.0,11.4,0.47,3.5,252,94,60220.0,0,0.318
2026-06-21T20:00,0.3,0.0,0.3,0.0,0.0,0.0,51,10.0,7.0,15.0,11.4,0.63,5.8,252,99,6940.0,0,0.32
2026-06-21T21:00,1.0,0.0,1.0,0.0,0.0,0.0,55,20.0,5.0,15.0,11.5,0.34,5.9,243,96,6560.0,0,0.331
2026-06-21T22:00,0.4,0.1,0.3,0.0,0.0,0.0,51,0.0,6.0,10.0,11.6,0.25,3.7,233,55,21300.0,0,0.335
2026-06-21T23:00,0.0,0.0,0.0,0.0,0.0,0.0,3,10.0,62.0,15.0,10.9,0.46,3.3,229,90,60220.0,1,0.333
2026-06-22T00:00,0.0,0.0,0.0,0.0,0.0,0.0,3,50.0,0.0,65.0,14.3,0.35,3.4,262,95,53480.0,1,0.325
2026-06-22T01:00,0.0,0.0,0.0,0.0,0.0,0.0,3,10.0,37.0,380.0,15.4,0.36,2.6,56,100,18520.0,1,0.323
2026-06-22T02:00,0.2,0.2,0.0,0.0,0.0,0.0,51,10.0,139.0,415.0,15.5,0.58,2.9,59,98,8340.0,1,0.323
2026-06-22T03:00,0.2,0.2,0.0,0.0,0.0,0.0,51,130.0,7.0,1030.0,18.5,1.17,5.6,100,25,15960.0,1,0.322
2026-06-22T04:00,0.0,0.0,0.0,0.0,0.0,0.0,3,50.0,20.0,1940.0,21.3,1.01,5.7,117,90,68860.0,1,0.318
2026-06-22T05:00,0.2,0.1,0.1,0.0,0.0,0.0,51,340.0,0.0,1615.0,21.3,1.66,6.5,187,69,5720.0,1,0.316
2026-06-22T06:00,0.4,0.2,0.2,0.0,0.0,0.0,51,460.0,10.0,635.0,18.6,1.23,6.8,168,59,6040.0,1,0.306
2026-06-22T07:00,0.2,0.1,0.1,0.0,0.0,0.0,51,40.0,9.0,1120.0,21.1,1.77,7.3,45,95,22240.0,1,0.305
2026-06-22T08:00,3.2,0.0,3.2,0.0,0.0,0.0,95,730.0,0.0,610.0,16.8,3.77,11.2,354,94,3780.0,1,0.338
2026-06-22T09:00,0.6,0.2,0.4,0.0,0.0,0.0,53,240.0,96.0,270.0,16.9,0.81,12.8,202,59,9220.0,1,0.34
2026-06-22T10:00,0.2,0.2,0.0,0.0,0.0,0.0,51,400.0,64.0,425.0,18.8,0.65,5.4,247,36,10420.0,1,0.338
2026-06-22T11:00,0.1,0.1,0.0,0.0,0.0,0.0,51,500.0,52.0,510.0,19.2,0.55,3.5,85,52,15060.0,1,0.336
2026-06-22T12:00,0.1,0.0,0.1,0.0,0.0,0.0,51,20.0,138.0,60.0,17.9,0.71,2.8,45,45,65500.0,1,0.332
2026-06-22T13:00,0.0,0.0,0.0,0.0,0.0,0.0,2,0.0,9.0,15.0,15.9,0.22,2.3,333,78,63100.0,0,0.33
2026-06-22T14:00,0.0,0.0,0.0,0.0,0.0,0.0,1,30.0,140.0,10.0,15.0,0.0,2.7,270,43,63100.0,0,0.328
2026-06-22T15:00,0.0,0.0,0.0,0.0,0.0,0.0,2,50.0,148.0,15.0,14.0,0.21,3.6,225,66,63100.0,0,0.327
2026-06-22T16:00,0.0,0.0,0.0,0.0,0.0,0.0,2,0.0,114.0,15.0,13.1,0.25,3.7,259,66,60280.0,0,0.325
2026-06-22T17:00,0.0,0.0,0.0,0.0,0.0,0.0,2,0.0,34.0,15.0,12.0,0.6,3.8,246,67,60280.0,0,0.324
2026-06-22T18:00,0.0,0.0,0.0,0.0,0.0,0.0,2,0.0,33.0,20.0,12.4,0.76,3.9,247,61,63120.0,0,0.313
2026-06-22T19:00,0.0,0.0,0.0,0.0,0.0,0.0,1,0.0,37.0,15.0,11.0,0.92,4.2,248,39,60280.0,0,0.312
2026-06-22T20:00,0.0,0.0,0.0,0.0,0.0,0.0,2,0.0,31.0,15.0,10.1,0.81,4.2,248,55,60280.0,0,0.311
2026-06-22T21:00,0.0,0.0,0.0,0.0,0.0,0.0,2,0.0,18.0,15.0,9.6,0.74,3.9,242,59,60280.0,0,0.31
2026-06-22T22:00,0.0,0.0,0.0,0.0,0.0,0.0,1,0.0,17.0,15.0,9.7,0.58,3.7,239,39,60280.0,0,0.309
2026-06-22T23:00,0.0,0.0,0.0,0.0,0.0,0.0,3,10.0,6.0,15.0,10.7,0.52,3.2,253,91,60300.0,1,0.309
2026-06-23T00:00,0.0,0.0,0.0,0.0,0.0,0.0,2,10.0,7.0,65.0,15.0,0.63,3.2,288,61,63140.0,1,0.308
2026-06-23T01:00,0.0,0.0,0.0,0.0,0.0,0.0,3,10.0,21.0,500.0,17.4,0.45,3.0,6,95,65320.0,1,0.307
2026-06-23T02:00,0.0,0.0,0.0,0.0,0.0,0.0,2,10.0,0.0,1355.0,19.1,0.3,3.7,9,71,9660.0,1,0.305
2026-06-23T03:00,0.0,0.0,0.0,0.0,0.0,0.0,3,360.0,0.0,1630.0,20.0,0.52,4.0,343,82,19300.0,1,0.303
2026-06-23T04:00,0.1,0.0,0.1,0.0,0.0,0.0,51,70.0,2.0,1815.0,21.1,1.6,6.2,20,100,7420.0,1,0.301
2026-06-23T05:00,2.7,0.2,2.5,0.0,0.0,0.0,95,330.0,15.0,450.0,16.0,2.84,11.2,298,65,4480.0,1,0.329
2026-06-23T06:00,0.9,0.1,0.8,0.0,0.0,0.0,53,30.0,18.0,650.0,19.3,1.36,8.7,98,80,7660.0,1,0.331
2026-06-23T07:00,0.9,0.2,0.7,0.0,0.0,0.0,53,650.0,8.0,505.0,17.9,1.85,8.3,182,45,7700.0,1,0.335
2026-06-23T08:00,0.1,0.1,0.0,0.0,0.0,0.0,51,760.0,11.0,1005.0,20.5,0.89,6.4,38,56,9340.0,1,0.332
2026-06-23T09:00,0.4,0.1,0.3,0.0,0.0,0.0,51,590.0,2.0,680.0,18.5,2.94,10.0,339,87,4360.0,1,0.332
2026-06-23T10:00,1.7,0.5,1.2,0.0,0.0,0.0,80,930.0,41.0,170.0,15.7,1.48,10.1,213,20,7740.0,1,0.345
2026-06-23T11:00,0.1,0.1,0.0,0.0,0.0,0.0,51,1300.0,12.0,435.0,17.8,0.16,4.3,162,20,15240.0,1,0.344
2026-06-23T12:00,0.0,0.0,0.0,0.0,0.0,0.0,1,470.0,60.0,10.0,17.8,0.07,2.6,225,46,22300.0,1,0.306
2026-06-23T13:00,0.0,0.0,0.0,0.0,0.0,0.0,1,320.0,89.0,20.0,15.8,0.57,2.2,255,23,32740.0,0,0.306
2026-06-23T14:00,0.0,0.0,0.0,0.0,0.0,0.0,1,210.0,116.0,15.0,14.6,0.5,2.7,233,30,60320.0,0,0.305
2026-06-23T15:00,0.0,0.0,0.0,0.0,0.0,0.0,1,190.0,116.0,15.0,13.6,0.39,2.9,230,20,60340.0,0,0.304
2026-06-23T16:00,0.0,0.0,0.0,0.0,0.0,0.0,0,140.0,116.0,10.0,12.8,0.25,3.0,233,19,60340.0,0,0.303
2026-06-23T17:00,0.0,0.0,0.0,0.0,0.0,0.0,0,0.0,31.0,15.0,12.0,0.49,3.2,246,15,60340.0,0,0.303
2026-06-23T18:00,0.0,0.0,0.0,0.0,0.0,0.0,1,0.0,31.0,15.0,11.8,0.57,3.3,255,20,63180.0,0,0.295
2026-06-23T19:00,0.0,0.0,0.0,0.0,0.0,0.0,1,0.0,26.0,15.0,11.2,0.7,3.9,249,23,63180.0,0,0.294
2026-06-23T20:00,0.0,0.0,0.0,0.0,0.0,0.0,0,0.0,31.0,15.0,10.6,0.5,4.0,233,15,63180.0,0,0.294
2026-06-23T21:00,0.0,0.0,0.0,0.0,0.0,0.0,0,0.0,43.0,15.0,10.1,0.53,3.8,229,4,63200.0,0,0.293
2026-06-23T22:00,0.0,0.0,0.0,0.0,0.0,0.0,0,0.0,59.0,15.0,9.2,0.71,3.6,225,2,63200.0,0,0.293
2026-06-23T23:00,0.0,0.0,0.0,0.0,0.0,0.0,0,0.0,32.0,15.0,9.4,0.57,3.4,232,5,60360.0,1,0.292
2026-06-24T00:00,0.0,0.0,0.0,0.0,0.0,0.0,0,0.0,41.0,125.0,14.3,0.35,3.3,270,17,63200.0,1,0.305
2026-06-24T01:00,0.0,0.0,0.0,0.0,0.0,0.0,0,0.0,104.0,475.0,16.5,0.2,2.9,90,18,65620.0,1,0.303
2026-06-24T02:00,0.0,0.0,0.0,0.0,0.0,0.0,3,10.0,4.0,1755.0,19.0,0.93,4.4,126,99,69020.0,1,0.302
2026-06-24T03:00,0.0,0.0,0.0,0.0,0.0,0.0,1,70.0,32.0,1750.0,21.1,1.04,5.3,163,32,33180.0,1,0.299
2026-06-24T04:00,0.0,0.0,0.0,0.0,0.0,0.0,1,0.0,0.0,2335.0,23.8,1.39,5.9,218,48,50000.0,1,0.296
2026-06-24T05:00,0.0,0.0,0.0,0.0,0.0,0.0,1,380.0,0.0,2405.0,24.2,2.16,7.0,230,28,9880.0,1,0.293
2026-06-24T06:00,0.2,0.1,0.1,0.0,0.0,0.0,51,480.0,0.0,2475.0,25.0,2.05,7.4,257,28,8540.0,1,0.284
2026-06-24T07:00,0.2,0.1,0.1,0.0,0.0,0.0,51,570.0,0.0,2720.0,26.0,2.0,6.9,238,16,14040.0,1,0.281
2026-06-24T08:00,0.1,0.0,0.1,0.0,0.0,0.0,51,630.0,0.0,2805.0,26.7,2.39,7.5,237,23,23460.0,1,0.278
2026-06-24T09:00,0.1,0.1,0.0,0.0,0.0,0.0,51,10.0,57.0,2710.0,26.4,2.97,9.1,226,13,17140.0,1,0.275
2026-06-24T10:00,0.0,0.0,0.0,0.0,0.0,0.0,1,10.0,28.0,2405.0,25.6,3.08,9.0,223,24,16160.0,1,0.273
2026-06-24T11:00,0.1,0.1,0.0,0.0,0.0,0.0,51,110.0,18.0,2325.0,24.7,2.38,9.1,231,24,19940.0,1,0.271
2026-06-24T12:00,0.0,0.0,0.0,0.0,0.0,0.0,1,180.0,32.0,1115.0,22.1,1.61,7.5,330,46,71900.0,1,0.27
2026-06-24T13:00,0.1,0.1,0.0,0.0,0.0,0.0,51,0.0,138.0,350.0,17.4,2.44,12.5,345,63,9480.0,0,0.27
2026-06-24T14:00,0.2,0.2,0.0,0.0,0.0,0.0,51,0.0,144.0,105.0,15.3,1.35,9.5,266,5,16140.0,0,0.271
2026-06-24T15:00,0.0,0.0,0.0,0.0,0.0,0.0,0,10.0,21.0,25.0,14.2,0.89,5.6,254,3,62420.0,0,0.271
2026-06-24T16:00,0.0,0.0,0.0,0.0,0.0,0.0,0,10.0,120.0,15.0,13.6,0.41,3.7,256,9,63240.0,0,0.271
2026-06-24T17:00,0.0,0.0,0.0,0.0,0.0,0.0,1,10.0,131.0,15.0,12.9,0.46,2.4,257,23,63240.0,0,0.271
2026-06-24T18:00,0.0,0.0,0.0,0.0,0.0,0.0,1,10.0,84.0,15.0,12.9,0.4,2.2,263,30,63260.0,0,0.261
2026-06-24T19:00,0.0,0.0,0.0,0.0,0.0,0.0,1,0.0,5.0,20.0,12.3,0.92,3.5,283,30,60400.0,0,0.261
2026-06-24T20:00,0.0,0.0,0.0,0.0,0.0,0.0,1,70.0,35.0,20.0,11.5,0.91,3.5,276,27,29640.0,0,0.261
2026-06-24T21:00,0.0,0.0,0.0,0.0,0.0,0.0,1,0.0,8.0,20.0,11.3,0.9,3.6,273,30,36940.0,0,0.261
2026-06-24T22:00,0.0,0.0,0.0,0.0,0.0,0.0,1,0.0,1.0,25.0,10.9,0.95,3.7,288,44,26740.0,0,0.261
2026-06-24T23:00,0.0,0.0,0.0,0.0,0.0,0.0,2,0.0,7.0,20.0,11.4,0.7,3.6,266,50,49280.0,1,0.261
2026-06-25T00:00,0.0,0.0,0.0,0.0,0.0,0.0,0,0.0,0.0,145.0,14.8,0.85,3.2,310,16,60420.0,1,0.264
2026-06-25T01:00,0.0,0.0,0.0,0.0,0.0,0.0,0,170.0,2.0,890.0,17.1,0.81,4.6,7,2,56580.0,1,0.263
2026-06-25T02:00,0.0,0.0,0.0,0.0,0.0,0.0,1,250.0,0.0,1415.0,19.3,0.66,4.8,9,26,21320.0,1,0.262
2026-06-25T03:00,0.1,0.0,0.1,0.0,0.0,0.0,51,340.0,0.0,1665.0,20.6,1.33,6.0,340,48,8640.0,1,0.261
2026-06-25T04:00,0.3,0.1,0.2,0.0,0.0,0.0,51,390.0,0.0,1895.0,22.0,2.19,7.6,315,78,21360.0,1,0.261
2026-06-25T05:00,0.4,0.2,0.2,0.0,0.0,0.0,51,250.0,0.0,1805.0,21.4,2.66,8.6,304,77,5060.0,1,0.261
2026-06-25T06:00,0.5,0.2,0.3,0.0,0.0,0.0,53,10.0,0.0,785.0,19.0,4.3,9.7,1,75,5540.0,1,0.281
2026-06-25T07:00,0.4,0.3,0.1,0.0,0.0,0.0,51,340.0,8.0,870.0,19.2,1.15,13.4,326,38,7420.0,1,0.281
2026-06-25T08:00,0.2,0.1,0.1,0.0,0.0,0.0,51,690.0,0.0,1650.0,21.9,2.51,8.8,347,75,9180.0,1,0.28
2026-06-25T09:00,0.9,0.2,0.7,0.0,0.0,0.0,53,680.0,0.0,785.0,19.1,2.96,9.3,300,77,4440.0,1,0.285
2026-06-25T10:00,2.9,0.4,2.5,0.0,0.0,0.0,95,690.0,14.0,260.0,16.3,1.42,9.6,228,48,6900.0,1,0.317
2026-06-25T11:00,1.7,0.1,1.6,0.0,0.0,0.0,95,600.0,2.0,420.0,15.8,2.13,7.2,351,59,4580.0,1,0.335
2026-06-25T12:00,0.9,0.2,0.7,0.0,0.0,0.0,53,590.0,15.0,50.0,18.0,0.64,7.0,315,41,41080.0,1,0.338
2026-06-25T13:00,0.2,0.0,0.2,0.0,0.0,0.0,51,610.0,22.0,45.0,15.4,0.74,3.9,298,98,17200.0,0,0.338
2026-06-25T14:00,0.2,0.1,0.1,0.0,0.0,0.0,51,460.0,30.0,55.0,15.2,0.81,4.1,191,59,9920.0,0,0.337
2026-06-25T15:00,2.2,0.1,2.1,0.0,0.0,0.0,80,0.0,8.0,25.0,13.6,0.32,3.1,252,81,5500.0,0,0.363
2026-06-25T16:00,0.3,0.1,0.2,0.0,0.0,0.0,51,10.0,5.0,25.0,13.1,0.61,3.1,235,99,53280.0,0,0.363
2026-06-25T17:00,0.0,0.0,0.0,0.0,0.0,0.0,2,10.0,2.0,10.0,13.8,0.05,2.1,270,53,56860.0,0,0.359
2026-06-25T18:00,0.2,0.0,0.2,0.0,0.0,0.0,51,10.0,1.0,130.0,13.5,1.2,3.3,318,100,11260.0,0,0.355
2026-06-25T19:00,0.6,0.6,0.0,0.0,0.0,0.0,53,20.0,1.0,125.0,13.2,1.03,6.1,299,100,5080.0,0,0.359
2026-06-25T20:00,0.3,0.3,0.0,0.0,0.0,0.0,51,20.0,0.0,70.0,13.6,0.36,4.3,286,66,20180.0,0,0.359
2026-06-25T21:00,0.0,0.0,0.0,0.0,0.0,0.0,2,20.0,0.0,45.0,12.8,0.3,2.5,279,60,20080.0,0,0.356
2026-06-25T22:00,0.0,0.0,0.0,0.0,0.0,0.0,3,10.0,1.0,45.0,13.1,0.15,2.4,270,91,21280.0,0,0.353
2026-06-25T23:00,0.0,0.0,0.0,0.0,0.0,0.0,2,10.0,1.0,60.0,13.3,0.18,1.9,326,64,15860.0,1,0.35
2026-06-26T00:00,0.0,0.0,0.0,0.0,0.0,0.0,3,70.0,7.0,170.0,13.3,0.32,3.2,288,84,4380.0,1,0.357
2026-06-26T01:00,0.0,0.0,0.0,0.0,0.0,0.0,2,240.0,0.0,365.0,14.6,0.62,3.8,346,52,21800.0,1,0.354
2026-06-26T02:00,0.1,0.0,0.1,0.0,0.0,0.0,51,640.0,0.0,1015.0,16.7,0.91,4.8,354,38,17020.0,1,0.351
2026-06-26T03:00,0.1,0.0,0.1,0.0,0.0,0.0,51,520.0,0.0,1275.0,18.9,1.04,5.4,17,52,16280.0,1,0.348
2026-06-26T04:00,0.1,0.0,0.1,0.0,0.0,0.0,51,600.0,0.0,1510.0,20.5,1.57,6.6,31,53,18360.0,1,0.344
2026-06-26T05:00,0.0,0.0,0.0,0.0,0.0,0.0,2,520.0,0.0,1560.0,21.0,1.39,6.9,30,62,16080.0,1,0.341
2026-06-26T06:00,0.1,0.1,0.0,0.0,0.0,0.0,51,690.0,0.0,2015.0,23.3,1.41,8.1,352,17,18640.0,1,0.338
2026-06-26T07:00,0.1,0.0,0.1,0.0,0.0,0.0,51,580.0,0.0,1955.0,23.3,1.13,7.8,315,56,8600.0,1,0.334
2026-06-26T08:00,0.2,0.1,0.1,0.0,0.0,0.0,51,640.0,0.0,2025.0,23.6,1.35,6.1,358,34,17520.0,1,0.331
2026-06-26T09:00,0.0,0.0,0.0,0.0,0.0,0.0,2,430.0,0.0,2005.0,23.7,1.38,6.2,13,67,18400.0,1,0.327
2026-06-26T10:00,0.0,0.0,0.0,0.0,0.0,0.0,3,190.0,2.0,1805.0,22.8,0.9,6.2,270,95,33480.0,1,0.324
2026-06-26T11:00,0.0,0.0,0.0,0.0,0.0,0.0,3,200.0,5.0,680.0,21.8,0.56,3.8,190,98,72080.0,1,0.322
2026-06-26T12:00,0.2,0.2,0.0,0.0,0.0,0.0,51,150.0,0.0,40.0,18.5,0.87,5.1,329,98,6720.0,1,0.344
2026-06-26T13:00,0.9,0.1,0.8,0.0,0.0,0.0,53,100.0,4.0,85.0,16.6,1.47,4.4,190,91,10060.0,0,0.351
2026-06-26T14:00,0.1,0.0,0.1,0.0,0.0,0.0,51,70.0,5.0,65.0,15.6,1.1,6.3,204,98,30120.0,0,0.35
2026-06-26T15:00,0.0,0.0,0.0,0.0,0.0,0.0,3,20.0,5.0,45.0,15.1,0.91,4.0,186,100,60520.0,0,0.348
2026-06-26T16:00,0.0,0.0,0.0,0.0,0.0,0.0,3,10.0,6.0,25.0,15.0,0.35,3.4,225,98,60520.0,0,0.345
2026-06-26T17:00,0.1,0.0,0.1,0.0,0.0,0.0,51,0.0,7.0,35.0,14.0,0.61,1.8,279,97,9780.0,0,0.345
2026-06-26T18:00,1.0,0.1,0.9,0.0,0.0,0.0,55,160.0,28.0,100.0,13.5,0.99,6.2,319,82,5020.0,0,0.356
2026-06-26T19:00,0.7,0.2,0.5,0.0,0.0,0.0,53,30.0,10.0,140.0,12.9,1.15,4.7,270,95,6920.0,0,0.362
2026-06-26T20:00,0.9,0.2,0.7,0.0,0.0,0.0,53,90.0,11.0,80.0,13.1,0.41,4.1,256,86,5460.0,0,0.371
2026-06-26T21:00,1.5,0.3,1.2,0.0,0.0,0.0,80,40.0,1.0,140.0,12.8,0.75,3.8,307,100,4820.0,0,0.385
2026-06-26T22:00,0.6,0.3,0.3,0.0,0.0,0.0,53,20.0,2.0,135.0,12.9,0.83,4.0,295,100,5260.0,0,0.385
2026-06-26T23:00,0.9,0.3,0.6,0.0,0.0,0.0,53,20.0,3.0,140.0,12.9,0.9,4.8,304,100,5140.0,1,0.39
2026-06-27T00:00,0.6,0.2,0.4,0.0,0.0,0.0,53,210.0,1.0,165.0,13.6,0.85,5.7,273,100,5220.0,1,0.371
2026-06-27T01:00,0.3,0.1,0.2,0.0,0.0,0.0,51,270.0,0.0,250.0,13.9,0.81,4.0,338,100,16980.0,1,0.37
2026-06-27T02:00,0.1,0.0,0.1,0.0,0.0,0.0,51,480.0,0.0,710.0,15.8,0.79,4.7,342,97,14220.0,1,0.366
2026-06-27T03:00,0.1,0.0,0.1,0.0,0.0,0.0,51,550.0,0.0,1110.0,17.7,0.79,5.6,342,93,19220.0,1,0.363
2026-06-27T04:00,0.1,0.0,0.1,0.0,0.0,0.0,51,570.0,0.0,1635.0,20.6,1.0,5.6,6,100,14720.0,1,0.359
2026-06-27T05:00,0.7,0.1,0.6,0.0,0.0,0.0,53,290.0,0.0,980.0,17.9,1.73,6.3,10,91,4560.0,1,0.361
2026-06-27T06:00,3.2,0.3,2.9,0.0,0.0,0.0,96,470.0,0.0,1600.0,20.8,2.14,8.6,323,99,50580.0,1,0.379
2026-06-27T07:00,0.1,0.0,0.1,0.0,0.0,0.0,51,0.0,22.0,1565.0,20.8,1.68,7.6,300,83,6980.0,1,0.373
2026-06-27T08:00,3.5,0.2,3.3,0.0,0.0,0.0,81,140.0,6.0,645.0,16.3,3.54,10.2,303,91,3520.0,1,0.404
2026-06-27T09:00,1.2,0.2,1.0,0.0,0.0,0.0,55,260.0,33.0,295.0,16.7,1.26,10.3,146,31,25220.0,1,0.4
2026-06-27T10:00,0.1,0.1,0.0,0.0,0.0,0.0,51,250.0,8.0,655.0,17.7,1.81,6.3,346,84,5300.0,1,0.391
2026-06-27T11:00,0.6,0.5,0.1,0.0,0.0,0.0,53,350.0,7.0,340.0,17.2,0.95,7.4,360,81,7720.0,1,0.387
2026-06-27T12:00,0.4,0.2,0.2,0.0,0.0,0.0,51,530.0,5.0,65.0,15.0,0.64,4.5,315,100,3840.0,1,0.378
2026-06-27T13:00,1.2,0.4,0.8,0.0,0.0,0.0,55,580.0,6.0,185.0,14.6,0.65,3.2,293,100,4160.0,0,0.388
2026-06-27T14:00,0.9,0.7,0.2,0.0,0.0,0.0,53,460.0,5.0,45.0,14.8,0.05,2.4,180,100,4620.0,0,0.392
2026-06-27T15:00,1.6,0.9,0.7,0.0,0.0,0.0,80,100.0,4.0,40.0,14.0,0.5,2.3,84,100,2480.0,0,0.405
2026-06-27T16:00,3.8,1.7,2.1,0.0,0.0,0.0,81,90.0,1.0,40.0,13.7,0.72,2.5,326,100,1880.0,0,0.427
2026-06-27T17:00,4.5,3.5,1.0,0.0,0.0,0.0,81,70.0,7.0,540.0,12.1,1.36,3.9,278,100,1600.0,0,0.427
2026-06-27T18:00,5.3,3.3,2.0,0.0,0.0,0.0,81,10.0,3.0,415.0,10.4,1.11,3.8,288,100,2340.0,0,0.421
2026-06-27T19:00,2.5,2.0,0.5,0.0,0.0,0.0,81,10.0,2.0,300.0,9.9,1.38,4.6,314,100,3340.0,0,0.423
2026-06-27T20:00,1.2,1.2,0.0,0.0,0.0,0.0,55,0.0,0.0,205.0,10.0,0.81,4.4,313,100,4760.0,0,0.418
2026-06-27T21:00,2.5,0.2,2.3,0.0,0.0,0.0,81,10.0,1.0,350.0,10.0,0.83,3.3,295,100,4340.0,0,0.428
2026-06-27T22:00,1.7,0.6,1.1,0.0,0.0,0.0,80,10.0,1.0,270.0,10.0,0.75,3.4,270,100,3300.0,0,0.424
2026-06-27T23:00,1.5,0.9,0.6,0.0,0.0,0.0,80,10.0,59.0,420.0,10.0,0.75,2.7,270,100,4020.0,1,0.424
2026-06-28T00:00,1.5,1.3,0.2,0.0,0.0,0.0,80,20.0,0.0,475.0,10.2,1.21,3.6,322,100,4060.0,1,0.423
2026-06-28T01:00,0.8,0.8,0.0,0.0,0.0,0.0,53,10.0,4.0,280.0,10.5,0.94,4.2,328,100,6700.0,1,0.414
2026-06-28T02:00,0.6,0.3,0.3,0.0,0.0,0.0,53,0.0,3.0,400.0,11.6,0.67,3.5,312,100,6160.0,1,0.41
2026-06-28T03:00,1.4,0.5,0.9,0.0,0.0,0.0,80,10.0,1.0,540.0,12.0,0.63,3.4,252,100,4840.0,1,0.416
2026-06-28T04:00,0.7,0.7,0.0,0.0,0.0,0.0,53,10.0,2.0,435.0,12.5,0.87,2.5,239,100,5840.0,1,0.412
2026-06-28T05:00,0.6,0.5,0.1,0.0,0.0,0.0,53,10.0,0.0,405.0,13.5,0.57,3.5,218,100,5600.0,1,0.408
2026-06-28T06:00,0.5,0.5,0.0,0.0,0.0,0.0,53,10.0,2.0,690.0,14.1,0.66,3.4,171,100,7240.0,1,0.406
2026-06-28T07:00,0.3,0.3,0.0,0.0,0.0,0.0,51,30.0,0.0,640.0,14.9,0.92,4.1,112,99,9180.0,1,0.402
2026-06-28T08:00,0.2,0.2,0.0,0.0,0.0,0.0,51,20.0,0.0,800.0,15.9,0.96,4.5,84,99,10340.0,1,0.399
2026-06-28T09:00,0.1,0.1,0.0,0.0,0.0,0.0,51,10.0,6.0,865.0,16.3,1.01,4.5,99,67,16820.0,1,0.395
2026-06-28T10:00,0.1,0.1,0.0,0.0,0.0,0.0,51,0.0,6.0,825.0,16.9,0.78,4.7,105,70,32580.0,1,0.392
2026-06-28T11:00,0.0,0.0,0.0,0.0,0.0,0.0,2,0.0,7.0,740.0,16.4,0.21,4.1,346,63,12680.0,1,0.389
2026-06-28T12:00,0.2,0.2,0.0,0.0,0.0,0.0,51,20.0,7.0,120.0,14.8,0.61,3.4,351,80,9580.0,1,0.388
2026-06-28T13:00,0.1,0.1,0.0,0.0,0.0,0.0,51,0.0,29.0,210.0,13.8,0.81,3.3,317,95,13240.0,0,0.387
2026-06-28T14:00,0.2,0.1,0.1,0.0,0.0,0.0,51,0.0,23.0,160.0,13.1,0.83,3.6,303,99,8260.0,0,0.386
2026-06-28T15:00,0.4,0.2,0.2,0.0,0.0,0.0,51,10.0,24.0,135.0,12.9,0.74,3.0,298,95,7520.0,0,0.388
2026-06-28T16:00,1.0,0.3,0.7,0.0,0.0,0.0,55,0.0,0.0,180.0,12.1,1.17,4.4,290,100,5300.0,0,0.398
2026-06-28T17:00,0.6,0.5,0.1,0.0,0.0,0.0,53,0.0,1.0,200.0,12.2,0.79,4.3,288,100,6980.0,0,0.401
2026-06-28T18:00,0.3,0.3,0.0,0.0,0.0,0.0,51,20.0,1.0,70.0,12.8,0.36,3.2,286,100,6140.0,0,0.413
2026-06-28T19:00,0.3,0.3,0.0,0.0,0.0,0.0,51,10.0,4.0,70.0,12.1,0.57,2.5,315,100,5400.0,0,0.411
2026-06-28T20:00,0.1,0.1,0.0,0.0,0.0,0.0,51,20.0,0.0,35.0,12.0,0.3,2.5,279,99,5360.0,0,0.407
2026-06-28T21:00,0.0,0.0,0.0,0.0,0.0,0.0,2,20.0,0.0,35.0,11.3,0.65,1.8,247,73,20440.0,0,0.404
2026-06-28T22:00,0.0,0.0,0.0,0.0,0.0,0.0,3,0.0,46.0,35.0,10.9,0.76,1.7,247,99,3580.0,0,0.402
2026-06-28T23:00,0.0,0.0,0.0,0.0,0.0,0.0,3,0.0,0.0,45.0,10.8,0.92,1.8,241,100,1500.0,1,0.399
2026-06-29T00:00,0.0,0.0,0.0,0.0,0.0,0.0,3,20.0,5.0,165.0,12.0,0.7,2.5,270,100,17540.0,1,0.397
2026-06-29T01:00,0.3,0.1,0.2,0.0,0.0,0.0,51,70.0,0.0,175.0,12.5,0.76,3.7,247,100,6680.0,1,0.397
2026-06-29T02:00,1.0,0.7,0.3,0.0,0.0,0.0,55,70.0,0.0,185.0,12.2,1.14,3.3,247,100,2780.0,1,0.406
2026-06-29T03:00,2.3,1.4,0.9,0.0,0.0,0.0,80,50.0,0.0,635.0,12.2,0.63,3.6,331,100,3260.0,1,0.423
2026-06-29T04:00,1.7,1.7,0.0,0.0,0.0,0.0,61,20.0,0.0,630.0,12.3,0.45,3.2,360,100,3480.0,1,0.424
2026-06-29T05:00,1.4,1.4,0.0,0.0,0.0,0.0,61,20.0,0.0,405.0,12.5,0.69,2.8,300,100,3660.0,1,0.424
2026-06-29T06:00,1.2,1.2,0.0,0.0,0.0,0.0,55,10.0,0.0,365.0,11.8,1.66,3.0,339,100,4160.0,1,0.422
2026-06-29T07:00,0.8,0.8,0.0,0.0,0.0,0.0,53,20.0,0.0,470.0,12.5,1.96,6.4,356,100,6900.0,1,0.418
2026-06-29T08:00,0.2,0.2,0.0,0.0,0.0,0.0,51,0.0,0.0,380.0,12.8,1.2,6.4,358,100,13580.0,1,0.414
2026-06-29T09:00,0.1,0.1,0.0,0.0,0.0,0.0,51,0.0,0.0,510.0,13.8,0.5,4.5,6,99,22680.0,1,0.409
2026-06-29T10:00,0.0,0.0,0.0,0.0,0.0,0.0,2,0.0,0.0,650.0,14.9,0.68,3.6,17,73,60700.0,1,0.406
2026-06-29T11:00,0.0,0.0,0.0,0.0,0.0,0.0,2,0.0,2.0,630.0,15.1,0.65,3.8,23,75,63580.0,1,0.403
2026-06-29T12:00,0.0,0.0,0.0,0.0,0.0,0.0,3,20.0,5.0,375.0,14.3,0.81,3.4,353,100,63580.0,1,0.394
2026-06-29T13:00,0.0,0.0,0.0,0.0,0.0,0.0,3,10.0,6.0,175.0,13.3,0.73,3.6,344,100,16140.0,0,0.392
2026-06-29T14:00,0.2,0.2,0.0,0.0,0.0,0.0,51,0.0,19.0,170.0,13.1,0.68,3.8,343,100,6360.0,0,0.392
2026-06-29T15:00,0.6,0.6,0.0,0.0,0.0,0.0,53,30.0,15.0,140.0,12.9,0.67,3.8,318,100,5040.0,0,0.395
2026-06-29T16:00,0.6,0.6,0.0,0.0,0.0,0.0,53,50.0,5.0,130.0,12.6,0.83,4.1,303,100,5860.0,0,0.4
2026-06-29T17:00,0.5,0.5,0.0,0.0,0.0,0.0,53,60.0,9.0,140.0,12.4,0.92,4.5,311,100,5940.0,0,0.403
2026-06-29T18:00,0.6,0.5,0.1,0.0,0.0,0.0,53,30.0,0.0,645.0,11.9,1.4,5.0,325,100,4100.0,0,0.406
2026-06-29T19:00,1.0,1.0,0.0,0.0,0.0,0.0,55,10.0,2.0,300.0,11.3,1.21,5.7,300,100,5160.0,0,0.412
2026-06-29T20:00,0.4,0.4,0.0,0.0,0.0,0.0,51,10.0,3.0,165.0,11.1,0.96,4.5,279,100,10240.0,0,0.41
2026-06-29T21:00,0.1,0.1,0.0,0.0,0.0,0.0,51,0.0,7.0,110.0,11.0,0.75,3.7,266,100,14000.0,0,0.406
2026-06-29T22:00,0.1,0.1,0.0,0.0,0.0,0.0,51,0.0,1.0,85.0,11.0,0.65,3.1,266,100,13780.0,0,0.404
2026-06-29T23:00,0.1,0.1,0.0,0.0,0.0,0.0,51,0.0,1.0,95.0,11.1,0.55,3.0,275,100,20660.0,1,0.401
2026-06-30T00:00,0.0,0.0,0.0,0.0,0.0,0.0,3,70.0,0.0,285.0,11.6,0.82,3.6,322,100,9520.0,1,0.398
2026-06-30T01:00,0.3,0.2,0.1,0.0,0.0,0.0,51,70.0,0.0,275.0,12.0,1.0,4.4,357,100,8060.0,1,0.398
2026-06-30T02:00,0.2,0.2,0.0,0.0,0.0,0.0,51,20.0,4.0,395.0,12.7,1.0,4.4,342,100,10080.0,1,0.397
2026-06-30T03:00,0.2,0.2,0.0,0.0,0.0,0.0,51,40.0,0.0,640.0,13.8,0.65,4.3,328,100,8720.0,1,0.396
2026-06-30T04:00,0.4,0.2,0.2,0.0,0.0,0.0,51,20.0,3.0,520.0,14.1,0.43,3.8,159,100,6480.0,1,0.396
2026-06-30T05:00,0.3,0.3,0.0,0.0,0.0,0.0,51,40.0,3.0,570.0,14.9,0.94,4.8,155,100,15140.0,1,0.395
2026-06-30T06:00,0.0,0.0,0.0,0.0,0.0,0.0,3,10.0,3.0,615.0,15.4,0.94,5.2,122,87,33760.0,1,0.393
2026-06-30T07:00,0.0,0.0,0.0,0.0,0.0,0.0,2,0.0,5.0,955.0,17.6,2.39,8.1,123,52,58440.0,1,0.389
2026-06-30T08:00,0.0,0.0,0.0,0.0,0.0,0.0,1,10.0,8.0,1080.0,18.5,2.25,8.8,111,37,17380.0,1,0.385
2026-06-30T09:00,0.0,0.0,0.0,0.0,0.0,0.0,2,20.0,50.0,1160.0,18.8,2.21,8.0,123,50,15460.0,1,0.382
2026-06-30T10:00,0.1,0.1,0.0,0.0,0.0,0.0,51,30.0,41.0,1005.0,18.6,2.19,8.1,135,37,16900.0,1,0.38
2026-06-30T11:00,0.0,0.0,0.0,0.0,0.0,0.0,2,10.0,18.0,820.0,18.1,1.39,7.6,116,60,29680.0,1,0.378
2026-06-30T12:00,0.0,0.0,0.0,0.0,0.0,0.0,3,10.0,22.0,770.0,16.5,1.48,4.8,123,80,66080.0,1,0.381
2026-06-30T13:00,0.4,0.0,0.4,0.0,0.0,0.0,51,10.0,15.0,25.0,15.0,0.25,5.8,180,83,9800.0,0,0.382
2026-06-30T14:00,0.6,0.4,0.2,0.0,0.0,0.0,53,0.0,9.0,35.0,14.3,0.25,2.9,233,81,7340.0,0,0.386
2026-06-30T15:00,0.9,0.3,0.6,0.0,0.0,0.0,53,0.0,4.0,85.0,13.1,1.03,2.7,309,98,5560.0,0,0.396
2026-06-30T16:00,1.7,0.4,1.3,0.0,0.0,0.0,80,0.0,8.0,345.0,12.5,1.56,6.5,310,99,3640.0,0,0.412
2026-06-30T17:00,0.8,0.5,0.3,0.0,0.0,0.0,53,10.0,0.0,515.0,12.1,1.75,7.1,323,100,5800.0,0,0.413
2026-06-30T18:00,1.7,1.0,0.7,0.0,0.0,0.0,80,20.0,0.0,680.0,11.7,1.89,7.4,328,100,2600.0,0,0.419
2026-06-30T19:00,2.6,2.4,0.2,0.0,0.0,0.0,81,30.0,4.0,490.0,10.7,1.19,7.4,292,100,2680.0,0,0.427
2026-06-30T20:00,1.3,1.3,0.0,0.0,0.0,0.0,61,10.0,1.0,195.0,10.7,0.78,5.3,230,100,7800.0,0,0.422
2026-06-30T21:00,0.1,0.1,0.0,0.0,0.0,0.0,51,20.0,3.0,130.0,10.7,0.57,4.5,285,99,25140.0,0,0.414
2026-06-30T22:00,0.0,0.0,0.0,0.0,0.0,0.0,3,0.0,12.0,115.0,10.5,0.67,5.2,333,80,33980.0,0,0.409
2026-06-30T23:00,0.0,0.0,0.0,0.0,0.0,0.0,1,50.0,17.0,95.0,10.0,0.96,5.9,313,37,40620.0,1,0.406
2026-07-01T00:00,0.0,0.0,0.0,0.0,0.0,0.0,3,160.0,1.0,640.0,11.8,1.46,7.3,308,100,20700.0,1,0.398
2026-07-01T01:00,0.0,0.0,0.0,0.0,0.0,0.0,3,100.0,0.0,1020.0,12.1,2.43,8.4,323,82,21660.0,1,0.396
2026-07-01T02:00,0.0,0.0,0.0,0.0,0.0,0.0,1,0.0,0.0,1450.0,14.3,3.26,10.6,328,42,66120.0,1,0.394
2026-07-01T03:00,0.0,0.0,0.0,0.0,0.0,0.0,2,0.0,0.0,1940.0,16.5,3.33,11.1,332,78,69580.0,1,0.39
2026-07-01T04:00,0.0,0.0,0.0,0.0,0.0,0.0,3,0.0,0.0,2220.0,17.3,3.2,11.2,331,95,72500.0,1,0.386
2026-07-01T05:00,0.0,0.0,0.0,0.0,0.0,0.0,3,0.0,0.0,2455.0,18.9,3.23,11.1,328,94,72500.0,1,0.383
2026-07-01T06:00,0.0,0.0,0.0,0.0,0.0,0.0,3,0.0,0.0,2475.0,19.2,3.09,11.1,333,94,72520.0,1,0.384
2026-07-01T07:00,0.0,0.0,0.0,0.0,0.0,0.0,3,0.0,0.0,2655.0,19.9,3.34,11.1,328,99,72520.0,1,0.38
2026-07-01T08:00,0.0,0.0,0.0,0.0,0.0,0.0,3,0.0,0.0,2595.0,19.4,3.24,11.2,331,98,72540.0,1,0.377
2026-07-01T09:00,0.0,0.0,0.0,0.0,0.0,0.0,3,0.0,0.0,2600.0,19.6,3.21,10.7,339,98,72540.0,1,0.374
2026-07-01T10:00,0.0,0.0,0.0,0.0,0.0,0.0,2,10.0,0.0,2370.0,19.0,3.08,10.4,343,68,72540.0,1,0.372
2026-07-01T11:00,0.0,0.0,0.0,0.0,0.0,0.0,0,10.0,0.0,1885.0,18.4,2.37,10.1,353,11,72540.0,1,0.371
2026-07-01T12:00,0.0,0.0,0.0,0.0,0.0,0.0,2,20.0,2.0,1015.0,17.2,1.55,8.6,2,50,72540.0,1,0.363
2026-07-01T13:00,0.0,0.0,0.0,0.0,0.0,0.0,2,30.0,16.0,415.0,15.1,1.46,7.3,344,66,72540.0,0,0.363
2026-07-01T14:00,0.0,0.0,0.0,0.0,0.0,0.0,1,30.0,30.0,40.0,14.5,0.72,6.9,282,36,72540.0,0,0.363
2026-07-01T15:00,0.0,0.0,0.0,0.0,0.0,0.0,0,20.0,10.0,25.0,13.1,0.72,4.1,258,13,69620.0,0,0.363
2026-07-01T16:00,0.0,0.0,0.0,0.0,0.0,0.0,0,20.0,25.0,15.0,11.5,0.49,3.4,246,0,69640.0,0,0.362
2026-07-01T17:00,0.0,0.0,0.0,0.0,0.0,0.0,0,60.0,66.0,10.0,10.3,0.27,2.4,248,1,66180.0,0,0.362
2026-07-01T18:00,0.0,0.0,0.0,0.0,0.0,0.0,0,70.0,76.0,10.0,10.2,0.27,1.6,248,0,66180.0,0,0.359
2026-07-01T19:00,0.0,0.0,0.0,0.0,0.0,0.0,0,20.0,18.0,10.0,9.2,0.32,1.9,252,1,66180.0,0,0.359
2026-07-01T20:00,0.0,0.0,0.0,0.0,0.0,0.0,0,10.0,29.0,10.0,8.6,0.32,1.8,252,5,66180.0,0,0.358
2026-07-01T21:00,0.0,0.0,0.0,0.0,0.0,0.0,0,10.0,26.0,10.0,8.1,0.22,1.9,243,1,63740.0,0,0.358
2026-07-01T22:00,0.0,0.0,0.0,0.0,0.0,0.0,0,0.0,20.0,10.0,7.5,0.25,1.6,259,0,63740.0,0,0.358
2026-07-01T23:00,0.0,0.0,0.0,0.0,0.0,0.0,0,0.0,1.0,10.0,7.7,0.25,1.7,259,0,63740.0,1,0.358
2026-07-02T00:00,0.0,0.0,0.0,0.0,0.0,0.0,0,0.0,2.0,115.0,10.7,0.11,2.3,243,0,63740.0,1,0.356
2026-07-02T01:00,0.0,0.0,0.0,0.0,0.0,0.0,0,10.0,128.0,305.0,13.2,0.36,3.2,74,0,66200.0,1,0.355
2026-07-02T02:00,0.0,0.0,0.0,0.0,0.0,0.0,0,40.0,72.0,670.0,15.8,0.82,4.5,76,0,69660.0,1,0.353
2026-07-02T03:00,0.0,0.0,0.0,0.0,0.0,0.0,0,70.0,23.0,1105.0,18.1,0.79,4.9,72,0,69660.0,1,0.351
2026-07-02T04:00,0.0,0.0,0.0,0.0,0.0,0.0,0,90.0,0.0,2305.0,19.9,1.03,5.8,43,17,72600.0,1,0.348
2026-07-02T05:00,0.0,0.0,0.0,0.0,0.0,0.0,1,40.0,0.0,2425.0,20.9,2.26,8.3,18,23,72620.0,1,0.344
2026-07-02T06:00,0.0,0.0,0.0,0.0,0.0,0.0,1,20.0,2.0,2715.0,21.6,2.38,9.8,8,20,72620.0,1,0.336
2026-07-02T07:00,0.0,0.0,0.0,0.0,0.0,0.0,1,20.0,0.0,2805.0,21.5,1.78,8.4,11,37,72620.0,1,0.333
2026-07-02T08:00,0.0,0.0,0.0,0.0,0.0,0.0,1,20.0,0.0,2970.0,21.9,1.66,7.3,25,49,72620.0,1,0.33
2026-07-02T09:00,0.0,0.0,0.0,0.0,0.0,0.0,2,10.0,12.0,2965.0,22.1,1.63,6.8,18,52,72620.0,1,0.327
2026-07-02T10:00,0.0,0.0,0.0,0.0,0.0,0.0,1,0.0,14.0,2885.0,22.0,1.65,6.6,3,37,72640.0,1,0.326
2026-07-02T11:00,0.0,0.0,0.0,0.0,0.0,0.0,1,0.0,16.0,2255.0,21.5,1.55,6.5,2,32,72640.0,1,0.324
2026-07-02T12:00,0.0,0.0,0.0,0.0,0.0,0.0,0,0.0,18.0,80.0,20.0,0.76,6.2,212,0,72640.0,1,0.314
2026-07-02T13:00,0.0,0.0,0.0,0.0,0.0,0.0,0,0.0,20.0,25.0,16.5,0.54,1.9,214,0,72620.0,0,0.314
2026-07-02T14:00,0.0,0.0,0.0,0.0,0.0,0.0,0,0.0,22.0,15.0,14.8,0.47,2.0,212,0,72640.0,0,0.314
2026-07-02T15:00,0.0,0.0,0.0,0.0,0.0,0.0,0,0.0,25.0,15.0,13.5,0.46,2.2,221,0,69700.0,0,0.314
2026-07-02T16:00,0.0,0.0,0.0,0.0,0.0,0.0,0,0.0,27.0,10.0,12.4,0.32,2.2,219,0,69720.0,0,0.315
2026-07-02T17:00,0.0,0.0,0.0,0.0,0.0,0.0,0,0.0,29.0,15.0,11.6,0.32,2.6,219,0,69720.0,0,0.315
2026-07-02T18:00,0.0,0.0,0.0,0.0,0.0,0.0,0,0.0,31.0,10.0,11.2,0.21,2.6,225,0,69720.0,0,0.316
2026-07-02T19:00,0.0,0.0,0.0,0.0,0.0,0.0,0,0.0,33.0,10.0,10.6,0.16,1.7,252,0,69720.0,0,0.316
2026-07-02T20:00,0.0,0.0,0.0,0.0,0.0,0.0,0,0.0,36.0,10.0,9.9,0.21,0.9,256,0,69720.0,0,0.316
2026-07-02T21:00,0.0,0.0,0.0,0.0,0.0,0.0,0,0.0,38.0,10.0,9.4,0.16,0.9,252,1,69740.0,0,0.316
2026-07-02T22:00,0.0,0.0,0.0,0.0,0.0,0.0,0,0.0,40.0,10.0,9.2,0.05,0.7,270,0,69740.0,0,0.316
2026-07-02T23:00,0.0,0.0,0.0,0.0,0.0,0.0,0,0.0,42.0,10.0,9.3,0.1,0.6,270,0,69740.0,1,0.317
2026-07-03T00:00,0.0,0.0,0.0,0.0,0.0,0.0,3,30.0,0.0,105.0,12.9,0.15,2.1,270,87,69740.0,1,0.315
2026-07-03T01:00,0.0,0.0,0.0,0.0,0.0,0.0,2,10.0,21.0,195.0,14.4,0.41,2.9,76,71,69740.0,1,0.314
2026-07-03T02:00,0.0,0.0,0.0,0.0,0.0,0.0,0,10.0,51.0,420.0,17.3,0.81,4.2,97,4,69740.0,1,0.313
2026-07-03T03:00,0.0,0.0,0.0,0.0,0.0,0.0,0,30.0,73.0,900.0,20.0,0.82,4.8,104,1,72680.0,1,0.311
2026-07-03T04:00,0.0,0.0,0.0,0.0,0.0,0.0,0,10.0,7.0,1930.0,21.6,0.56,5.1,100,15,72680.0,1,0.308
2026-07-03T05:00,0.0,0.0,0.0,0.0,0.0,0.0,0,0.0,5.0,2200.0,22.8,1.33,5.9,340,16,72700.0,1,0.305
2026-07-03T06:00,0.1,0.0,0.1,0.0,0.0,0.0,51,20.0,12.0,2440.0,23.6,1.96,8.3,19,13,72700.0,1,0.301
2026-07-03T07:00,0.0,0.0,0.0,0.0,0.0,0.0,1,0.0,9.0,2410.0,23.6,2.26,8.4,13,32,72720.0,1,0.298
2026-07-03T08:00,0.0,0.0,0.0,0.0,0.0,0.0,1,0.0,17.0,2385.0,23.5,2.48,9.0,341,32,72720.0,1,0.295
2026-07-03T09:00,0.0,0.0,0.0,0.0,0.0,0.0,1,0.0,34.0,2620.0,23.6,2.66,8.9,326,31,72720.0,1,0.292
2026-07-03T10:00,0.0,0.0,0.0,0.0,0.0,0.0,1,10.0,37.0,2820.0,23.2,3.11,9.9,327,38,72720.0,1,0.29
2026-07-03T11:00,0.0,0.0,0.0,0.0,0.0,0.0,0,0.0,34.0,2435.0,22.1,3.15,10.4,327,16,72720.0,1,0.289
2026-07-03T12:00,0.0,0.0,0.0,0.0,0.0,0.0,1,30.0,28.0,755.0,20.4,2.27,10.2,41,48,72740.0,1,0.281
2026-07-03T13:00,0.0,0.0,0.0,0.0,0.0,0.0,0,20.0,64.0,50.0,17.3,0.66,9.5,81,16,72720.0,0,0.281
2026-07-03T14:00,0.0,0.0,0.0,0.0,0.0,0.0,0,10.0,19.0,30.0,16.2,0.43,4.0,159,16,72720.0,0,0.282
2026-07-03T15:00,0.0,0.0,0.0,0.0,0.0,0.0,0,0.0,151.0,20.0,15.0,0.4,3.1,173,4,69800.0,0,0.282
2026-07-03T16:00,0.0,0.0,0.0,0.0,0.0,0.0,0,0.0,9.0,15.0,13.9,0.38,3.2,203,0,69800.0,0,0.282
2026-07-03T17:00,0.0,0.0,0.0,0.0,0.0,0.0,0,0.0,7.0,15.0,12.8,0.32,3.2,219,0,69800.0,0,0.283
2026-07-03T18:00,0.0,0.0,0.0,0.0,0.0,0.0,0,0.0,8.0,10.0,12.0,0.11,3.1,207,0,66320.0,0,0.282
2026-07-03T19:00,0.0,0.0,0.0,0.0,0.0,0.0,0,0.0,15.0,10.0,11.1,0.05,2.3,270,0,66320.0,0,0.282
2026-07-03T20:00,0.0,0.0,0.0,0.0,0.0,0.0,0,0.0,27.0,10.0,10.3,0.2,1.7,270,0,66340.0,0,0.282
2026-07-03T21:00,0.0,0.0,0.0,0.0,0.0,0.0,0,0.0,41.0,15.0,9.5,0.4,1.3,263,0,63880.0,0,0.283
2026-07-03T22:00,0.0,0.0,0.0,0.0,0.0,0.0,0,0.0,54.0,15.0,8.9,0.51,1.7,259,0,63880.0,0,0.283
2026-07-03T23:00,0.0,0.0,0.0,0.0,0.0,0.0,0,0.0,64.0,15.0,9.0,0.71,2.2,262,0,63880.0,1,0.283
2026-07-04T00:00,0.0,0.0,0.0,0.0,0.0,0.0,0,0.0,32.0,75.0,13.4,0.61,2.8,261,0,66340.0,1,0.282
2026-07-04T01:00,0.0,0.0,0.0,0.0,0.0,0.0,0,0.0,62.0,325.0,16.0,0.43,3.3,36,0,66340.0,1,0.282
2026-07-04T02:00,0.0,0.0,0.0,0.0,0.0,0.0,0,0.0,44.0,850.0,18.2,0.76,4.5,67,0,69820.0,1,0.281
2026-07-04T03:00,0.0,0.0,0.0,0.0,0.0,0.0,0,0.0,80.0,1735.0,20.1,0.9,5.1,71,11,72780.0,1,0.279
2026-07-04T04:00,0.0,0.0,0.0,0.0,0.0,0.0,1,0.0,87.0,1985.0,21.4,1.68,7.1,53,24,72780.0,1,0.277
2026-07-04T05:00,0.0,0.0,0.0,0.0,0.0,0.0,1,0.0,67.0,2015.0,22.2,1.17,7.2,31,34,72780.0,1,0.274
2026-07-04T06:00,0.0,0.0,0.0,0.0,0.0,0.0,1,0.0,45.0,2250.0,23.3,0.91,6.0,276,41,72800.0,1,0.265
2026-07-04T07:00,0.0,0.0,0.0,0.0,0.0,0.0,1,0.0,45.0,2480.0,23.8,1.14,4.7,232,31,72800.0,1,0.262
2026-07-04T08:00,0.0,0.0,0.0,0.0,0.0,0.0,1,0.0,46.0,2645.0,24.5,1.07,4.7,208,33,72800.0,1,0.26
2026-07-04T09:00,0.0,0.0,0.0,0.0,0.0,0.0,1,0.0,39.0,2700.0,24.6,1.4,5.4,184,25,72820.0,1,0.257
2026-07-04T10:00,0.0,0.0,0.0,0.0,0.0,0.0,0,40.0,57.0,2815.0,24.5,2.0,7.1,148,17,72820.0,1,0.256
2026-07-04T11:00,0.0,0.0,0.0,0.0,0.0,0.0,0,20.0,43.0,2615.0,23.7,1.83,7.7,107,4,72820.0,1,0.255
2026-07-04T12:00,0.0,0.0,0.0,0.0,0.0,0.0,0,30.0,144.0,45.0,21.9,0.45,7.4,174,0,72800.0,1,0.242
2026-07-04T13:00,0.0,0.0,0.0,0.0,0.0,0.0,0,10.0,152.0,30.0,18.7,0.75,3.5,184,0,72820.0,0,0.243
2026-07-04T14:00,0.0,0.0,0.0,0.0,0.0,0.0,0,0.0,53.0,55.0,17.3,1.15,5.8,178,1,72820.0,0,0.243
2026-07-04T15:00,0.0,0.0,0.0,0.0,0.0,0.0,0,0.0,48.0,20.0,16.3,0.63,5.7,209,1,72820.0,0,0.243
2026-07-04T16:00,0.0,0.0,0.0,0.0,0.0,0.0,0,0.0,41.0,15.0,14.7,0.58,4.4,211,0,69880.0,0,0.244
2026-07-04T17:00,0.0,0.0,0.0,0.0,0.0,0.0,0,0.0,35.0,15.0,13.7,0.47,4.0,212,0,69880.0,0,0.244
2026-07-04T18:00,0.0,0.0,0.0,0.0,0.0,0.0,0,0.0,117.0,10.0,13.0,0.18,3.7,214,0,69880.0,0,0.247
2026-07-04T19:00,0.0,0.0,0.0,0.0,0.0,0.0,0,0.0,26.0,10.0,12.2,0.25,2.5,233,0,69880.0,0,0.247
2026-07-04T20:00,0.0,0.0,0.0,0.0,0.0,0.0,0,0.0,21.0,10.0,11.5,0.21,2.4,256,0,66400.0,0,0.248
2026-07-04T21:00,0.0,0.0,0.0,0.0,0.0,0.0,0,0.0,16.0,10.0,10.8,0.25,1.9,259,0,66420.0,0,0.248
2026-07-04T22:00,0.0,0.0,0.0,0.0,0.0,0.0,0,0.0,12.0,15.0,10.3,0.41,1.5,256,0,66420.0,0,0.248
2026-07-04T23:00,0.0,0.0,0.0,0.0,0.0,0.0,0,0.0,8.0,15.0,10.7,0.3,1.5,261,0,66420.0,1,0.249
2026-07-05T00:00,0.0,0.0,0.0,0.0,0.0,0.0,0,0.0,5.0,115.0,14.3,0.11,1.7,243,0,66420.0,1,0.247
2026-07-05T01:00,0.0,0.0,0.0,0.0,0.0,0.0,0,0.0,3.0,260.0,16.6,0.6,3.5,42,0,69900.0,1,0.246
2026-07-05T02:00,0.0,0.0,0.0,0.0,0.0,0.0,0,0.0,1.0,515.0,19.3,0.71,4.3,82,0,69920.0,1,0.245
2026-07-05T03:00,0.0,0.0,0.0,0.0,0.0,0.0,0,10.0,84.0,1065.0,21.7,0.91,5.0,96,0,72860.0,1,0.243
2026-07-05T04:00,0.0,0.0,0.0,0.0,0.0,0.0,0,60.0,111.0,1800.0,23.7,0.95,5.7,72,1,72860.0,1,0.241
2026-07-05T05:00,0.0,0.0,0.0,0.0,0.0,0.0,0,100.0,72.0,2005.0,25.1,1.38,6.6,41,4,72880.0,1,0.238
2026-07-05T06:00,0.0,0.0,0.0,0.0,0.0,0.0,0,100.0,55.0,2040.0,25.9,1.66,7.5,44,5,63200.0,1,0.234
2026-07-05T07:00,0.0,0.0,0.0,0.0,0.0,0.0,0,70.0,49.0,2185.0,26.1,1.72,7.4,36,13,34740.0,1,0.231
2026-07-05T08:00,0.0,0.0,0.0,0.0,0.0,0.0,0,10.0,30.0,2320.0,26.6,1.72,7.4,26,7,72900.0,1,0.228
2026-07-05T09:00,0.0,0.0,0.0,0.0,0.0,0.0,0,0.0,118.0,2235.0,26.5,1.54,7.2,25,11,72920.0,1,0.226
2026-07-05T10:00,0.0,0.0,0.0,0.0,0.0,0.0,1,0.0,31.0,2205.0,26.3,1.33,6.3,20,24,72920.0,1,0.224
2026-07-05T11:00,0.0,0.0,0.0,0.0,0.0,0.0,1,0.0,82.0,1920.0,25.6,0.62,5.6,14,34,72920.0,1,0.224
2026-07-05T12:00,0.0,0.0,0.0,0.0,0.0,0.0,2,0.0,21.0,305.0,24.3,0.6,3.6,48,63,72920.0,1,0.219
2026-07-05T13:00,0.0,0.0,0.0,0.0,0.0,0.0,3,0.0,16.0,10.0,22.1,0.1,3.8,270,95,72920.0,0,0.219
2026-07-05T14:00,0.0,0.0,0.0,0.0,0.0,0.0,2,0.0,27.0,10.0,20.8,0.14,2.7,225,51,72920.0,0,0.219
2026-07-05T15:00,0.0,0.0,0.0,0.0,0.0,0.0,0,10.0,8.0,15.0,18.7,0.27,2.6,202,19,72920.0,0,0.22
2026-07-05T16:00,0.0,0.0,0.0,0.0,0.0,0.0,0,10.0,18.0,15.0,16.9,0.43,2.5,216,10,72920.0,0,0.22
2026-07-05T17:00,0.0,0.0,0.0,0.0,0.0,0.0,0,10.0,17.0,15.0,15.5,0.36,2.5,254,11,72920.0,0,0.22
2026-07-05T18:00,0.0,0.0,0.0,0.0,0.0,0.0,3,0.0,1.0,15.0,16.3,0.21,1.6,225,99,72920.0,0,0.22
2026-07-05T19:00,0.0,0.0,0.0,0.0,0.0,0.0,1,10.0,9.0,20.0,16.3,0.3,1.6,270,49,69980.0,0,0.22
2026-07-05T20:00,0.0,0.0,0.0,0.0,0.0,0.0,0,0.0,31.0,15.0,14.9,0.25,1.3,270,15,69980.0,0,0.221
2026-07-05T21:00,0.0,0.0,0.0,0.0,0.0,0.0,0,0.0,29.0,10.0,14.1,0.21,1.0,256,0,69980.0,0,0.221
2026-07-05T22:00,0.0,0.0,0.0,0.0,0.0,0.0,0,0.0,23.0,15.0,13.4,0.3,1.4,270,1,66480.0,0,0.221
2026-07-05T23:00,0.0,0.0,0.0,0.0,0.0,0.0,0,0.0,24.0,20.0,13.0,0.55,2.2,270,3,66500.0,1,0.222
2026-07-06T00:00,0.0,0.0,0.0,0.0,0.0,0.0,1,0.0,35.0,40.0,16.2,0.73,2.2,254,26,66500.0,1,0.219
2026-07-06T01:00,0.0,0.0,0.0,0.0,0.0,0.0,0,0.0,142.0,275.0,19.3,0.4,3.0,60,4,70000.0,1,0.219
2026-07-06T02:00,0.0,0.0,0.0,0.0,0.0,0.0,0,60.0,113.0,650.0,21.8,0.78,4.4,75,17,70000.0,1,0.218
2026-07-06T03:00,0.0,0.0,0.0,0.0,0.0,0.0,0,300.0,35.0,1330.0,23.9,0.83,4.9,65,9,72960.0,1,0.217
2026-07-06T04:00,0.0,0.0,0.0,0.0,0.0,0.0,1,530.0,8.0,2015.0,25.4,1.5,6.7,53,29,24000.0,1,0.214
2026-07-06T05:00,0.0,0.0,0.0,0.0,0.0,0.0,1,440.0,3.0,2180.0,26.1,1.57,6.9,68,27,39320.0,1,0.212
2026-07-06T06:00,0.0,0.0,0.0,0.0,0.0,0.0,2,570.0,0.0,2530.0,27.2,2.4,7.0,359,68,29680.0,1,0.21
2026-07-06T07:00,0.0,0.0,0.0,0.0,0.0,0.0,3,390.0,0.0,2580.0,26.6,2.46,8.6,299,95,25960.0,1,0.208
2026-07-06T08:00,0.9,0.1,0.8,0.0,0.0,0.0,53,720.0,35.0,780.0,20.7,4.62,14.9,347,95,5480.0,1,0.214
2026-07-06T09:00,0.4,0.4,0.0,0.0,0.0,0.0,51,730.0,21.0,965.0,22.4,0.35,15.1,8,97,70020.0,1,0.217
2026-07-06T10:00,0.2,0.1,0.1,0.0,0.0,0.0,51,330.0,21.0,780.0,21.7,1.42,5.7,72,88,18420.0,1,0.217
2026-07-06T11:00,0.0,0.0,0.0,0.0,0.0,0.0,3,20.0,18.0,610.0,21.5,1.52,5.1,136,95,70020.0,1,0.217
2026-07-06T12:00,0.0,0.0,0.0,0.0,0.0,0.0,3,20.0,64.0,30.0,22.0,0.36,4.9,56,96,70020.0,1,0.214
2026-07-06T13:00,0.1,0.0,0.1,0.0,0.0,0.0,51,10.0,76.0,30.0,19.0,0.35,2.4,82,99,14920.0,0,0.215
2026-07-06T14:00,1.2,0.3,0.9,0.0,0.0,0.0,55,130.0,132.0,55.0,16.7,1.1,3.1,240,99,7920.0,0,0.228
2026-07-06T15:00,0.1,0.1,0.0,0.0,0.0,0.0,51,220.0,155.0,35.0,15.8,0.74,4.4,250,99,59900.0,0,0.229
2026-07-06T16:00,0.0,0.0,0.0,0.0,0.0,0.0,3,200.0,144.0,35.0,15.2,0.76,2.2,262,100,61140.0,0,0.229
2026-07-06T17:00,0.0,0.0,0.0,0.0,0.0,0.0,3,90.0,132.0,35.0,14.7,0.95,3.1,273,95,57460.0,0,0.229
2026-07-06T18:00,0.4,0.0,0.4,0.0,0.0,0.0,51,410.0,38.0,90.0,15.2,0.89,4.8,297,100,61160.0,0,0.234
2026-07-06T19:00,0.1,0.1,0.0,0.0,0.0,0.0,51,470.0,32.0,125.0,14.6,1.14,5.0,285,100,7260.0,0,0.235
2026-07-06T20:00,0.5,0.4,0.1,0.0,0.0,0.0,53,380.0,30.0,90.0,14.4,1.03,4.7,293,100,6360.0,0,0.242
2026-07-06T21:00,0.6,0.3,0.3,0.0,0.0,0.0,53,300.0,23.0,60.0,14.2,0.8,4.5,274,99,7480.0,0,0.25
2026-07-06T22:00,0.7,0.0,0.7,0.0,0.0,0.0,53,220.0,18.0,25.0,14.2,0.35,3.4,270,98,7880.0,0,0.26
2026-07-06T23:00,0.7,0.1,0.6,0.0,0.0,0.0,53,260.0,14.0,40.0,14.2,0.47,2.7,288,100,13700.0,1,0.269
2026-07-07T00:00,0.0,0.0,0.0,0.0,0.0,0.0,3,270.0,2.0,145.0,14.6,0.61,3.0,325,100,14980.0,1,0.25
2026-07-07T01:00,0.1,0.0,0.1,0.0,0.0,0.0,51,450.0,0.0,310.0,15.4,0.5,3.3,323,98,13800.0,1,0.25
2026-07-07T02:00,0.1,0.0,0.1,0.0,0.0,0.0,51,810.0,0.0,720.0,17.0,0.85,4.4,360,98,14580.0,1,0.251
2026-07-07T03:00,0.1,0.0,0.1,0.0,0.0,0.0,51,630.0,0.0,900.0,18.7,0.9,4.7,357,92,14420.0,1,0.251
2026-07-07T04:00,0.1,0.1,0.0,0.0,0.0,0.0,51,30.0,75.0,1120.0,21.2,0.86,5.2,7,90,13960.0,1,0.25
2026-07-07T05:00,0.1,0.0,0.1,0.0,0.0,0.0,51,810.0,0.0,1615.0,23.1,1.5,6.6,15,88,19320.0,1,0.248
2026-07-07T06:00,0.0,0.0,0.0,0.0,0.0,0.0,3,900.0,0.0,1500.0,23.8,1.55,7.8,345,95,20600.0,1,0.245
2026-07-07T07:00,0.1,0.1,0.0,0.0,0.0,0.0,51,1030.0,0.0,1985.0,24.5,1.46,7.9,352,83,28860.0,1,0.243
2026-07-07T08:00,0.0,0.0,0.0,0.0,0.0,0.0,3,1200.0,0.0,1945.0,25.0,0.72,6.5,326,80,32220.0,1,0.24
2026-07-07T09:00,0.0,0.0,0.0,0.0,0.0,0.0,3,1120.0,0.0,1910.0,24.5,0.43,4.9,306,88,15560.0,1,0.238
2026-07-07T10:00,0.0,0.0,0.0,0.0,0.0,0.0,3,170.0,25.0,1875.0,24.1,0.96,4.2,223,97,44400.0,1,0.237
2026-07-07T11:00,0.0,0.0,0.0,0.0,0.0,0.0,3,380.0,0.0,950.0,23.4,1.32,3.9,171,100,45760.0,1,0.236
2026-07-07T12:00,2.6,0.0,2.6,0.0,0.0,0.0,95,1010.0,48.0,320.0,17.8,2.67,6.9,159,90,6700.0,1,0.272
2026-07-07T13:00,0.9,0.0,0.9,0.0,0.0,0.0,53,70.0,0.0,80.0,15.9,1.39,9.0,249,77,15680.0,0,0.281
2026-07-07T14:00,0.0,0.0,0.0,0.0,0.0,0.0,3,720.0,68.0,35.0,15.5,0.6,4.1,175,88,19460.0,0,0.281
2026-07-07T15:00,0.0,0.0,0.0,0.0,0.0,0.0,3,540.0,71.0,15.0,15.0,0.32,3.7,231,80,50260.0,0,0.281
2026-07-07T16:00,0.0,0.0,0.0,0.0,0.0,0.0,2,370.0,96.0,15.0,14.5,0.32,2.5,252,76,57520.0,0,0.281
2026-07-07T17:00,0.0,0.0,0.0,0.0,0.0,0.0,1,410.0,47.0,10.0,13.8,0.22,1.7,243,34,57520.0,0,0.28
2026-07-07T18:00,0.0,0.0,0.0,0.0,0.0,0.0,1,490.0,35.0,10.0,14.2,0.16,1.3,252,48,57520.0,0,0.273
2026-07-07T19:00,0.0,0.0,0.0,0.0,0.0,0.0,2,590.0,26.0,10.0,13.7,0.16,1.3,252,73,57180.0,0,0.273
2026-07-07T20:00,0.0,0.0,0.0,0.0,0.0,0.0,3,640.0,18.0,10.0,13.3,0.07,1.1,225,99,57540.0,0,0.272
2026-07-07T21:00,0.0,0.0,0.0,0.0,0.0,0.0,3,630.0,13.0,10.0,11.4,0.11,1.1,243,98,47200.0,0,0.272
2026-07-07T22:00,0.0,0.0,0.0,0.0,0.0,0.0,3,560.0,11.0,10.0,10.6,0.21,1.1,256,98,43900.0,0,0.272
2026-07-07T23:00,0.0,0.0,0.0,0.0,0.0,0.0,3,450.0,10.0,10.0,10.7,0.41,1.4,256,99,35740.0,1,0.272
2026-07-08T00:00,0.0,0.0,0.0,0.0,0.0,0.0,3,0.0,15.0,55.0,13.8,0.67,2.2,243,100,840.0,1,0.266
2026-07-08T01:00,0.0,0.0,0.0,0.0,0.0,0.0,3,180.0,50.0,345.0,15.4,0.4,3.2,150,98,6440.0,1,0.265
2026-07-08T02:00,0.0,0.0,0.0,0.0,0.0,0.0,3,440.0,10.0,655.0,18.4,1.17,5.0,121,98,6320.0,1,0.264
2026-07-08T03:00,0.1,0.1,0.0,0.0,0.0,0.0,51,400.0,15.0,775.0,20.2,1.46,5.9,121,99,9260.0,1,0.263
2026-07-08T04:00,0.2,0.1,0.1,0.0,0.0,0.0,51,730.0,15.0,940.0,21.8,1.28,5.9,129,99,13780.0,1,0.263
2026-07-08T05:00,0.1,0.0,0.1,0.0,0.0,0.0,51,960.0,6.0,1410.0,23.8,1.48,6.6,114,99,19640.0,1,0.261
2026-07-08T06:00,0.0,0.0,0.0,0.0,0.0,0.0,3,980.0,2.0,1620.0,24.9,1.36,7.0,107,98,28760.0,1,0.256
2026-07-08T07:00,0.0,0.0,0.0,0.0,0.0,0.0,0,720.0,3.0,1810.0,25.4,1.77,7.4,112,13,31540.0,1,0.253
2026-07-08T08:00,0.0,0.0,0.0,0.0,0.0,0.0,2,690.0,4.0,1935.0,26.0,1.64,7.2,121,77,73160.0,1,0.25
2026-07-08T09:00,0.0,0.0,0.0,0.0,0.0,0.0,3,550.0,3.0,1980.0,25.8,1.6,7.1,104,87,65640.0,1,0.248
2026-07-08T10:00,0.0,0.0,0.0,0.0,0.0,0.0,3,380.0,2.0,2085.0,25.7,1.04,6.4,35,99,19680.0,1,0.246
2026-07-08T11:00,0.0,0.0,0.0,0.0,0.0,0.0,3,200.0,62.0,340.0,23.2,1.02,4.5,349,98,73180.0,1,0.245
2026-07-08T12:00,0.0,0.0,0.0,0.0,0.0,0.0,3,1840.0,56.0,55.0,20.0,1.19,5.1,248,100,4960.0,1,0.225
2026-07-08T13:00,0.5,0.5,0.0,0.0,0.0,0.0,53,1890.0,91.0,50.0,19.3,0.76,5.0,281,99,10880.0,0,0.231
2026-07-08T14:00,0.1,0.1,0.0,0.0,0.0,0.0,51,1740.0,94.0,20.0,18.3,0.32,3.5,219,98,22720.0,0,0.232
2026-07-08T15:00,0.0,0.0,0.0,0.0,0.0,0.0,3,1080.0,123.0,15.0,17.4,0.43,2.2,234,99,57580.0,0,0.232
2026-07-08T16:00,0.0,0.0,0.0,0.0,0.0,0.0,3,760.0,152.0,15.0,16.8,0.25,2.0,233,99,57580.0,0,0.232
2026-07-08T17:00,0.0,0.0,0.0,0.0,0.0,0.0,3,770.0,150.0,10.0,16.2,0.21,2.2,225,100,57580.0,0,0.232
2026-07-08T18:00,0.0,0.0,0.0,0.0,0.0,0.0,3,630.0,128.0,10.0,16.1,0.18,2.0,236,100,61280.0,0,0.232
2026-07-08T19:00,0.0,0.0,0.0,0.0,0.0,0.0,3,510.0,136.0,15.0,15.6,0.3,1.7,261,100,61280.0,0,0.232
2026-07-08T20:00,0.0,0.0,0.0,0.0,0.0,0.0,3,240.0,160.0,15.0,15.1,0.4,2.2,240,100,61280.0,0,0.233
2026-07-08T21:00,0.0,0.0,0.0,0.0,0.0,0.0,3,40.0,197.0,15.0,14.6,0.43,2.5,249,99,61280.0,0,0.233
2026-07-08T22:00,0.0,0.0,0.0,0.0,0.0,0.0,3,0.0,197.0,15.0,14.1,0.32,2.5,231,98,61280.0,0,0.233
2026-07-08T23:00,0.0,0.0,0.0,0.0,0.0,0.0,3,0.0,56.0,15.0,14.0,0.36,2.4,236,100,61300.0,1,0.233
2026-07-09T00:00,0.0,0.0,0.0,0.0,0.0,0.0,3,0.0,118.0,15.0,16.6,0.64,2.4,225,100,61300.0,1,0.221
2026-07-09T01:00,0.0,0.0,0.0,0.0,0.0,0.0,3,760.0,42.0,130.0,18.8,0.51,2.9,169,100,61300.0,1,0.221
2026-07-09T02:00,0.0,0.0,0.0,0.0,0.0,0.0,3,650.0,14.0,660.0,20.3,0.3,3.2,180,100,66720.0,1,0.221
2026-07-09T03:00,0.0,0.0,0.0,0.0,0.0,0.0,3,710.0,0.0,1650.0,23.1,0.2,4.0,90,98,28720.0,1,0.219
2026-07-09T04:00,0.0,0.0,0.0,0.0,0.0,0.0,3,1100.0,0.0,2230.0,25.0,0.83,5.1,147,100,55060.0,1,0.218
2026-07-09T05:00,0.0,0.0,0.0,0.0,0.0,0.0,3,100.0,1.0,2355.0,25.7,1.65,6.2,182,100,68520.0,1,0.216
2026-07-09T06:00,1.1,0.0,1.1,0.0,0.0,0.0,55,70.0,4.0,1780.0,24.1,1.27,7.9,26,96,5820.0,1,0.215
2026-07-09T07:00,4.1,0.3,3.8,0.0,0.0,0.0,96,1170.0,20.0,360.0,20.2,1.12,8.6,280,88,9000.0,1,0.261
2026-07-09T08:00,0.5,0.0,0.5,0.0,0.0,0.0,53,890.0,32.0,650.0,22.3,1.55,7.2,88,98,14660.0,1,0.263
2026-07-09T09:00,1.3,0.0,1.3,0.0,0.0,0.0,95,530.0,5.0,300.0,19.7,1.86,6.7,36,84,7100.0,1,0.275
2026-07-09T10:00,0.2,0.2,0.0,0.0,0.0,0.0,51,720.0,29.0,325.0,21.8,0.9,5.3,87,93,17660.0,1,0.275
2026-07-09T11:00,0.0,0.0,0.0,0.0,0.0,0.0,3,1010.0,25.0,435.0,22.1,1.23,3.9,102,95,29020.0,1,0.274
2026-07-09T12:00,0.7,0.0,0.7,0.0,0.0,0.0,53,750.0,18.0,165.0,19.9,1.47,3.9,72,88,64260.0,1,0.217
2026-07-09T13:00,0.0,0.0,0.0,0.0,0.0,0.0,3,710.0,19.0,15.0,18.1,0.16,3.1,162,88,64260.0,0,0.217
2026-07-09T14:00,0.0,0.0,0.0,0.0,0.0,0.0,3,520.0,26.0,10.0,17.4,0.07,1.9,315,95,64280.0,0,0.217
2026-07-09T15:00,0.0,0.0,0.0,0.0,0.0,0.0,3,0.0,107.0,15.0,17.4,0.25,2.5,217,100,64280.0,0,0.217
2026-07-09T16:00,0.0,0.0,0.0,0.0,0.0,0.0,3,0.0,101.0,10.0,17.1,0.18,2.6,236,100,64280.0,0,0.217
2026-07-09T17:00,0.0,0.0,0.0,0.0,0.0,0.0,3,0.0,81.0,15.0,16.9,0.29,2.3,239,98,64280.0,0,0.217
2026-07-09T18:00,0.0,0.0,0.0,0.0,0.0,0.0,3,0.0,36.0,15.0,16.7,0.45,2.3,243,100,64280.0,0,0.212
2026-07-09T19:00,0.0,0.0,0.0,0.0,0.0,0.0,3,0.0,29.0,20.0,16.1,0.92,3.4,257,100,64280.0,0,0.212
2026-07-09T20:00,0.1,0.1,0.0,0.0,0.0,0.0,51,10.0,28.0,25.0,15.8,0.9,3.7,267,100,8860.0,0,0.213
2026-07-09T21:00,0.3,0.3,0.0,0.0,0.0,0.0,51,0.0,26.0,25.0,15.3,0.75,3.6,274,100,7300.0,0,0.215
2026-07-09T22:00,0.6,0.3,0.3,0.0,0.0,0.0,53,0.0,22.0,30.0,15.4,0.4,3.3,300,100,6200.0,0,0.221
2026-07-09T23:00,1.2,0.2,1.0,0.0,0.0,0.0,55,30.0,29.0,30.0,15.7,0.05,2.5,360,99,7700.0,1,0.237
2026-07-10T00:00,1.8,0.2,1.6,0.0,0.0,0.0,80,50.0,12.0,55.0,15.4,0.56,2.6,153,100,4400.0,1,0.265
2026-07-10T01:00,0.9,0.5,0.4,0.0,0.0,0.0,53,310.0,2.0,135.0,15.5,0.47,3.0,148,100,5660.0,1,0.276
2026-07-10T02:00,0.4,0.4,0.0,0.0,0.0,0.0,51,220.0,1.0,175.0,15.4,0.36,2.7,124,100,7040.0,1,0.28
2026-07-10T03:00,0.2,0.2,0.0,0.0,0.0,0.0,51,220.0,2.0,190.0,15.6,0.68,2.7,144,100,12580.0,1,0.281
2026-07-10T04:00,0.1,0.0,0.1,0.0,0.0,0.0,51,190.0,2.0,430.0,17.2,0.68,3.6,107,99,9320.0,1,0.282
2026-07-10T05:00,0.3,0.3,0.0,0.0,0.0,0.0,51,0.0,0.0,460.0,17.9,0.85,3.8,93,91,7040.0,1,0.283
2026-07-10T06:00,0.5,0.5,0.0,0.0,0.0,0.0,53,0.0,22.0,390.0,17.1,1.46,5.0,128,84,10760.0,1,0.286
2026-07-10T07:00,0.3,0.2,0.1,0.0,0.0,0.0,51,490.0,13.0,740.0,20.5,0.96,8.1,137,72,5020.0,1,0.285
2026-07-10T08:00,0.5,0.3,0.2,0.0,0.0,0.0,53,490.0,8.0,985.0,22.0,1.3,5.5,94,95,6300.0,1,0.288
2026-07-10T09:00,0.9,0.4,0.5,0.0,0.0,0.0,53,770.0,15.0,400.0,19.5,1.78,7.0,328,99,4960.0,1,0.293
2026-07-10T10:00,0.5,0.5,0.0,0.0,0.0,0.0,53,920.0,15.0,355.0,18.6,2.45,8.1,178,100,8720.0,1,0.296
2026-07-10T11:00,0.1,0.1,0.0,0.0,0.0,0.0,51,1060.0,15.0,325.0,18.7,1.25,7.6,151,99,24520.0,1,0.296
2026-07-10T12:00,0.0,0.0,0.0,0.0,0.0,0.0,3,2070.0,3.0,115.0,18.2,0.52,5.1,107,94,16340.0,1,0.342
2026-07-10T13:00,0.2,0.0,0.2,0.0,0.0,0.0,51,1040.0,5.0,15.0,17.1,0.15,1.6,360,98,13200.0,0,0.343
2026-07-10T14:00,0.1,0.1,0.0,0.0,0.0,0.0,51,860.0,15.0,40.0,15.9,0.56,2.1,190,98,17240.0,0,0.341
2026-07-10T15:00,0.0,0.0,0.0,0.0,0.0,0.0,3,700.0,20.0,25.0,15.5,0.38,2.2,203,99,27620.0,0,0.34
2026-07-10T16:00,0.0,0.0,0.0,0.0,0.0,0.0,3,660.0,4.0,15.0,15.0,0.34,1.8,207,100,50300.0,0,0.338
2026-07-10T17:00,0.3,0.0,0.3,0.0,0.0,0.0,51,580.0,3.0,10.0,14.7,0.14,2.0,225,100,13940.0,0,0.34
2026-07-10T18:00,0.5,0.1,0.4,0.0,0.0,0.0,53,560.0,17.0,10.0,15.4,0.07,1.6,225,100,5640.0,0,0.343
2026-07-10T19:00,0.0,0.0,0.0,0.0,0.0,0.0,3,600.0,9.0,10.0,14.7,0.07,1.7,225,100,7540.0,0,0.34
2026-07-10T20:00,0.0,0.0,0.0,0.0,0.0,0.0,3,510.0,8.0,10.0,13.7,0.21,2.0,225,100,12800.0,0,0.338
2026-07-10T21:00,0.0,0.0,0.0,0.0,0.0,0.0,3,270.0,10.0,20.0,13.1,0.57,2.3,195,100,47100.0,0,0.336
2026-07-10T22:00,0.0,0.0,0.0,0.0,0.0,0.0,3,0.0,7.0,10.0,13.3,0.21,2.4,194,100,20820.0,0,0.334
2026-07-10T23:00,0.0,0.0,0.0,0.0,0.0,0.0,3,0.0,12.0,10.0,13.5,0.07,2.0,225,100,25880.0,1,0.333
2026-07-11T00:00,0.0,0.0,0.0,0.0,0.0,0.0,3,0.0,22.0,35.0,13.8,0.47,2.0,302,97,11620.0,1,0.331
2026-07-11T01:00,0.1,0.1,0.0,0.0,0.0,0.0,51,30.0,4.0,300.0,15.3,0.2,2.7,270,100,8680.0,1,0.331
2026-07-11T02:00,0.3,0.2,0.1,0.0,0.0,0.0,51,50.0,1.0,330.0,16.0,0.35,2.9,135,100,5900.0,1,0.331
2026-07-11T03:00,0.6,0.5,0.1,0.0,0.0,0.0,53,100.0,2.0,270.0,15.8,0.36,3.0,164,100,4760.0,1,0.334
2026-07-11T04:00,0.5,0.2,0.3,0.0,0.0,0.0,53,190.0,1.0,290.0,16.2,0.18,3.0,214,100,8880.0,1,0.337
2026-07-11T05:00,0.2,0.1,0.1,0.0,0.0,0.0,51,330.0,0.0,545.0,17.7,0.45,3.6,360,91,12000.0,1,0.336
2026-07-11T06:00,0.2,0.1,0.1,0.0,0.0,0.0,51,430.0,0.0,610.0,17.6,0.56,4.7,350,99,5520.0,1,0.334
2026-07-11T07:00,0.4,0.2,0.2,0.0,0.0,0.0,51,530.0,0.0,700.0,18.6,0.71,5.2,315,81,9820.0,1,0.335
2026-07-11T08:00,0.1,0.0,0.1,0.0,0.0,0.0,51,580.0,0.0,1440.0,21.4,1.68,7.4,350,88,24320.0,1,0.332
2026-07-11T09:00,0.0,0.0,0.0,0.0,0.0,0.0,2,380.0,0.0,1085.0,21.1,2.35,8.8,1,50,15480.0,1,0.329
2026-07-11T10:00,0.0,0.0,0.0,0.0,0.0,0.0,3,390.0,2.0,1335.0,21.3,0.11,9.0,117,88,33460.0,1,0.326
2026-07-11T11:00,2.5,0.0,2.5,0.0,0.0,0.0,95,680.0,12.0,175.0,17.8,1.42,5.2,222,91,3760.0,1,0.353
2026-07-11T12:00,6.2,0.5,5.7,0.0,0.0,0.0,95,530.0,6.0,115.0,16.2,1.22,3.5,351,99,3080.0,1,0.341
2026-07-11T13:00,2.3,1.1,1.2,0.0,0.0,0.0,80,220.0,34.0,55.0,16.0,0.47,5.1,238,99,4240.0,0,0.368
2026-07-11T14:00,1.3,0.8,0.5,0.0,0.0,0.0,80,330.0,12.0,55.0,15.6,0.45,3.3,63,100,3160.0,0,0.379
2026-07-11T15:00,2.4,0.9,1.5,0.0,0.0,0.0,80,290.0,15.0,95.0,15.7,0.71,3.7,219,100,3320.0,0,0.4
2026-07-11T16:00,2.3,0.6,1.7,0.0,0.0,0.0,80,270.0,7.0,55.0,15.3,0.45,3.3,63,100,3360.0,0,0.411
2026-07-11T17:00,1.1,0.7,0.4,0.0,0.0,0.0,55,200.0,5.0,80.0,14.9,0.56,3.0,27,100,4680.0,0,0.406
2026-07-11T18:00,1.5,0.3,1.2,0.0,0.0,0.0,80,400.0,1.0,90.0,15.1,0.36,3.8,34,100,5560.0,0,0.396
2026-07-11T19:00,0.5,0.3,0.2,0.0,0.0,0.0,53,380.0,1.0,55.0,14.9,0.14,2.5,315,100,6400.0,0,0.392
2026-07-11T20:00,0.4,0.1,0.3,0.0,0.0,0.0,51,80.0,6.0,15.0,14.9,0.05,3.0,270,100,10080.0,0,0.389
2026-07-11T21:00,0.2,0.1,0.1,0.0,0.0,0.0,51,90.0,6.0,20.0,14.6,0.16,2.1,288,100,8680.0,0,0.385
2026-07-11T22:00,0.2,0.1,0.1,0.0,0.0,0.0,51,90.0,3.0,15.0,13.9,0.15,3.0,270,100,10660.0,0,0.381
2026-07-11T23:00,0.1,0.0,0.1,0.0,0.0,0.0,51,80.0,1.0,30.0,14.4,0.16,2.9,252,100,8260.0,1,0.378
2026-07-12T00:00,0.3,0.1,0.2,0.0,0.0,0.0,51,80.0,1.0,120.0,14.5,0.65,2.8,203,100,6640.0,1,0.378
2026-07-12T01:00,0.3,0.3,0.0,0.0,0.0,0.0,51,110.0,1.0,225.0,15.3,0.52,3.4,163,100,9240.0,1,0.375
2026-07-12T02:00,0.1,0.1,0.0,0.0,0.0,0.0,51,70.0,1.0,375.0,16.3,0.67,4.2,132,100,23260.0,1,0.372
2026-07-12T03:00,0.0,0.0,0.0,0.0,0.0,0.0,3,0.0,0.0,630.0,17.7,0.84,4.7,107,94,33560.0,1,0.368
2026-07-12T04:00,0.1,0.1,0.0,0.0,0.0,0.0,51,50.0,3.0,920.0,19.8,1.12,5.6,111,96,13640.0,1,0.363
2026-07-12T05:00,0.2,0.2,0.0,0.0,0.0,0.0,51,80.0,8.0,1080.0,21.2,1.41,6.4,117,95,11640.0,1,0.359
2026-07-12T06:00,0.1,0.0,0.1,0.0,0.0,0.0,51,740.0,0.0,1255.0,22.8,1.76,7.5,85,98,33600.0,1,0.354
2026-07-12T07:00,0.1,0.0,0.1,0.0,0.0,0.0,51,670.0,7.0,1200.0,22.4,1.27,8.2,99,88,14220.0,1,0.35
2026-07-12T08:00,0.1,0.1,0.0,0.0,0.0,0.0,51,610.0,3.0,1385.0,23.3,2.41,7.7,111,75,15680.0,1,0.346
2026-07-12T09:00,0.4,0.2,0.2,0.0,0.0,0.0,51,240.0,40.0,680.0,21.0,2.41,11.2,95,93,10920.0,1,0.346
2026-07-12T10:00,0.2,0.2,0.0,0.0,0.0,0.0,51,660.0,9.0,875.0,20.9,1.35,8.0,105,90,14260.0,1,0.345
2026-07-12T11:00,0.4,0.1,0.3,0.0,0.0,0.0,51,550.0,11.0,770.0,19.9,1.32,6.8,171,95,9720.0,1,0.345
2026-07-12T12:00,0.1,0.1,0.0,0.0,0.0,0.0,51,40.0,23.0,110.0,19.6,1.13,5.7,193,88,64480.0,1,0.349
2026-07-12T13:00,0.0,0.0,0.0,0.0,0.0,0.0,3,50.0,3.0,85.0,17.8,0.94,4.9,205,99,51060.0,0,0.347
2026-07-12T14:00,0.3,0.0,0.3,0.0,0.0,0.0,51,30.0,2.0,70.0,17.3,0.71,4.4,172,99,10120.0,0,0.348
2026-07-12T15:00,0.3,0.2,0.1,0.0,0.0,0.0,51,30.0,9.0,35.0,16.6,0.58,4.2,211,98,10360.0,0,0.349
2026-07-12T16:00,0.6,0.1,0.5,0.0,0.0,0.0,53,290.0,41.0,15.0,15.8,0.27,3.2,202,92,10460.0,0,0.354
2026-07-12T17:00,0.2,0.1,0.1,0.0,0.0,0.0,51,0.0,14.0,25.0,15.2,0.56,3.6,190,77,19180.0,0,0.354
2026-07-12T18:00,0.0,0.0,0.0,0.0,0.0,0.0,2,200.0,43.0,80.0,15.9,0.96,3.8,174,52,59120.0,0,0.346
2026-07-12T19:00,0.0,0.0,0.0,0.0,0.0,0.0,1,90.0,53.0,25.0,14.7,0.5,4.7,180,34,31560.0,0,0.344
2026-07-12T20:00,0.0,0.0,0.0,0.0,0.0,0.0,1,20.0,17.0,30.0,13.9,0.76,3.9,191,27,43740.0,0,0.343
2026-07-12T21:00,0.0,0.0,0.0,0.0,0.0,0.0,1,0.0,16.0,15.0,13.7,0.29,3.9,211,27,49340.0,0,0.342
2026-07-12T22:00,0.0,0.0,0.0,0.0,0.0,0.0,1,0.0,40.0,10.0,12.8,0.25,2.5,217,23,47380.0,0,0.341
2026-07-12T23:00,0.0,0.0,0.0,0.0,0.0,0.0,1,0.0,0.0,10.0,11.4,0.53,3.0,221,44,48560.0,1,0.34
2026-07-13T00:00,0.0,0.0,0.0,0.0,0.0,0.0,1,30.0,46.0,15.0,15.2,0.99,3.1,210,42,34380.0,1,0.342
2026-07-13T01:00,0.0,0.0,0.0,0.0,0.0,0.0,2,510.0,2.0,370.0,17.2,1.03,4.4,151,66,35600.0,1,0.341
2026-07-13T02:00,0.1,0.0,0.1,0.0,0.0,0.0,51,180.0,3.0,830.0,19.5,1.85,6.6,128,70,9400.0,1,0.34
2026-07-13T03:00,0.1,0.1,0.0,0.0,0.0,0.0,51,130.0,14.0,1190.0,21.6,1.77,7.4,133,84,12920.0,1,0.337
2026-07-13T04:00,0.1,0.1,0.0,0.0,0.0,0.0,51,280.0,0.0,1790.0,23.2,1.72,7.2,120,87,16200.0,1,0.335
2026-07-13T05:00,0.0,0.0,0.0,0.0,0.0,0.0,3,630.0,0.0,2150.0,25.2,2.09,7.9,132,88,51520.0,1,0.331
2026-07-13T06:00,0.0,0.0,0.0,0.0,0.0,0.0,2,830.0,0.0,2150.0,25.7,2.14,8.7,127,78,13260.0,1,0.327
2026-07-13T07:00,0.1,0.0,0.1,0.0,0.0,0.0,51,950.0,0.0,2050.0,25.6,2.66,8.9,146,88,10960.0,1,0.324
2026-07-13T08:00,2.0,0.3,1.7,0.0,0.0,0.0,95,1330.0,30.0,410.0,22.3,2.35,9.6,92,91,9360.0,1,0.341
2026-07-13T09:00,0.1,0.1,0.0,0.0,0.0,0.0,51,1250.0,40.0,485.0,23.3,1.5,7.2,64,97,67040.0,1,0.338
2026-07-13T10:00,0.0,0.0,0.0,0.0,0.0,0.0,3,810.0,58.0,435.0,23.0,1.19,5.0,75,98,16880.0,1,0.336
2026-07-13T11:00,0.1,0.1,0.0,0.0,0.0,0.0,51,900.0,57.0,290.0,22.5,0.81,4.0,97,98,36480.0,1,0.335
2026-07-13T12:00,0.1,0.0,0.1,0.0,0.0,0.0,51,1890.0,95.0,15.0,20.1,0.7,3.2,266,99,8080.0,1,0.327
2026-07-13T13:00,0.0,0.0,0.0,0.0,0.0,0.0,3,2370.0,84.0,15.0,19.2,0.27,2.2,248,99,24320.0,0,0.327
2026-07-13T14:00,0.0,0.0,0.0,0.0,0.0,0.0,3,2440.0,76.0,20.0,18.9,0.4,2.4,263,98,53420.0,0,0.326
2026-07-13T15:00,0.0,0.0,0.0,0.0,0.0,0.0,3,2480.0,68.0,25.0,18.6,0.61,2.9,279,100,53420.0,0,0.326
2026-07-13T16:00,0.0,0.0,0.0,0.0,0.0,0.0,3,2070.0,67.0,20.0,17.5,0.55,2.8,265,100,57860.0,0,0.325
2026-07-13T17:00,0.0,0.0,0.0,0.0,0.0,0.0,3,1120.0,88.0,25.0,17.0,0.81,3.1,263,100,61600.0,0,0.324
2026-07-13T18:00,0.0,0.0,0.0,0.0,0.0,0.0,3,390.0,82.0,20.0,16.9,0.79,3.3,252,100,61600.0,0,0.326
2026-07-13T19:00,0.0,0.0,0.0,0.0,0.0,0.0,3,0.0,68.0,30.0,15.5,1.22,3.7,251,99,57860.0,0,0.325
2026-07-13T20:00,0.0,0.0,0.0,0.0,0.0,0.0,3,0.0,23.0,25.0,14.4,1.38,4.2,257,86,53440.0,0,0.324
2026-07-13T21:00,0.0,0.0,0.0,0.0,0.0,0.0,3,0.0,17.0,20.0,12.8,1.2,4.3,253,91,53440.0,0,0.324
2026-07-13T22:00,0.0,0.0,0.0,0.0,0.0,0.0,1,0.0,11.0,15.0,11.7,0.98,4.1,255,30,47400.0,0,0.323
2026-07-13T23:00,0.0,0.0,0.0,0.0,0.0,0.0,2,0.0,6.0,15.0,10.8,0.9,3.5,251,52,36300.0,1,0.323
2026-07-14T00:00,0.0,0.0,0.0,0.0,0.0,0.0,3,0.0,2.0,25.0,15.4,0.95,3.4,252,80,53440.0,1,0.32
2026-07-14T01:00,0.0,0.0,0.0,0.0,0.0,0.0,3,40.0,23.0,405.0,18.4,0.46,2.9,221,91,64580.0,1,0.319
2026-07-14T02:00,0.0,0.0,0.0,0.0,0.0,0.0,3,10.0,3.0,1260.0,20.8,0.27,3.4,158,86,70660.0,1,0.317
2026-07-14T03:00,0.0,0.0,0.0,0.0,0.0,0.0,3,10.0,2.0,1645.0,22.7,0.89,5.0,117,98,70660.0,1,0.315
2026-07-14T04:00,0.1,0.1,0.0,0.0,0.0,0.0,51,10.0,4.0,1730.0,23.9,1.01,5.8,117,95,9720.0,1,0.312
2026-07-14T05:00,0.2,0.2,0.0,0.0,0.0,0.0,51,0.0,7.0,1885.0,24.6,0.49,5.5,135,95,15060.0,1,0.31
2026-07-14T06:00,0.1,0.0,0.1,0.0,0.0,0.0,51,30.0,31.0,1925.0,26.0,0.29,5.0,121,71,11940.0,1,0.301
2026-07-14T07:00,0.1,0.0,0.1,0.0,0.0,0.0,51,20.0,26.0,2015.0,26.1,1.03,5.1,141,55,13360.0,1,0.299
2026-07-14T08:00,0.0,0.0,0.0,0.0,0.0,0.0,2,180.0,6.0,2190.0,26.7,1.3,5.8,148,52,25180.0,1,0.296
2026-07-14T09:00,0.0,0.0,0.0,0.0,0.0,0.0,2,390.0,0.0,2155.0,26.8,1.63,6.0,153,67,73720.0,1,0.293
2026-07-14T10:00,0.0,0.0,0.0,0.0,0.0,0.0,3,270.0,3.0,2100.0,26.1,2.08,7.2,156,80,73740.0,1,0.29
2026-07-14T11:00,0.0,0.0,0.0,0.0,0.0,0.0,3,40.0,10.0,1850.0,25.0,1.35,6.9,129,82,32120.0,1,0.289
2026-07-14T12:00,0.0,0.0,0.0,0.0,0.0,0.0,2,230.0,65.0,160.0,23.0,1.0,5.2,108,75,73740.0,1,0.296
2026-07-14T13:00,0.0,0.0,0.0,0.0,0.0,0.0,3,40.0,127.0,25.0,21.0,0.47,4.4,162,90,70700.0,0,0.296
2026-07-14T14:00,0.0,0.0,0.0,0.0,0.0,0.0,2,0.0,135.0,35.0,19.6,1.01,4.3,200,79,70700.0,0,0.296
2026-07-14T15:00,0.0,0.0,0.0,0.0,0.0,0.0,3,10.0,137.0,20.0,18.3,0.99,4.6,210,91,67140.0,0,0.296
2026-07-14T16:00,0.0,0.0,0.0,0.0,0.0,0.0,3,20.0,178.0,15.0,17.5,0.79,4.4,215,99,67140.0,0,0.296
2026-07-14T17:00,0.0,0.0,0.0,0.0,0.0,0.0,3,0.0,194.0,15.0,16.4,0.92,3.6,221,96,64620.0,0,0.296
2026-07-14T18:00,0.0,0.0,0.0,0.0,0.0,0.0,3,0.0,101.0,15.0,14.9,0.99,3.6,240,88,64640.0,0,0.296
2026-07-14T19:00,0.0,0.0,0.0,0.0,0.0,0.0,3,0.0,128.0,15.0,13.6,0.96,3.6,242,94,61660.0,0,0.296
2026-07-14T20:00,0.0,0.0,0.0,0.0,0.0,0.0,3,0.0,128.0,15.0,12.9,0.85,3.5,242,87,61660.0,0,0.295
2026-07-14T21:00,0.0,0.0,0.0,0.0,0.0,0.0,3,10.0,122.0,15.0,12.3,0.72,3.2,245,86,61680.0,0,0.295
2026-07-14T22:00,0.0,0.0,0.0,0.0,0.0,0.0,3,0.0,15.0,10.0,12.1,0.63,2.9,241,89,61680.0,0,0.295
2026-07-14T23:00,0.0,0.0,0.0,0.0,0.0,0.0,2,0.0,12.0,10.0,12.0,0.54,2.6,236,57,61680.0,1,0.295
2026-07-15T00:00,0.0,0.0,0.0,0.0,0.0,0.0,3,0.0,50.0,25.0,15.9,0.78,2.5,255,96,61680.0,1,0.294
2026-07-15T01:00,0.0,0.0,0.0,0.0,0.0,0.0,3,0.0,10.0,395.0,19.4,0.14,2.5,135,95,67180.0,1,0.294
2026-07-15T02:00,0.0,0.0,0.0,0.0,0.0,0.0,3,10.0,40.0,1270.0,21.5,0.57,3.8,105,84,70740.0,1,0.292
2026-07-15T03:00,0.0,0.0,0.0,0.0,0.0,0.0,3,0.0,18.0,1685.0,23.5,0.85,4.8,140,91,23160.0,1,0.29
2026-07-15T04:00,0.1,0.0,0.1,0.0,0.0,0.0,51,0.0,31.0,1880.0,24.6,0.71,4.9,129,89,20900.0,1,0.287
2026-07-15T05:00,0.1,0.0,0.1,0.0,0.0,0.0,51,0.0,42.0,2060.0,25.8,1.03,5.1,157,88,17240.0,1,0.284
2026-07-15T06:00,0.1,0.1,0.0,0.0,0.0,0.0,51,0.0,2.0,2165.0,26.1,0.29,5.4,301,98,13260.0,1,0.28
2026-07-15T07:00,0.2,0.1,0.1,0.0,0.0,0.0,51,10.0,11.0,2295.0,26.6,1.1,4.8,294,94,11340.0,1,0.279
2026-07-15T08:00,0.2,0.1,0.1,0.0,0.0,0.0,51,20.0,8.0,2265.0,26.4,1.12,4.8,238,81,10900.0,1,0.277
2026-07-15T09:00,0.1,0.0,0.1,0.0,0.0,0.0,51,10.0,12.0,2220.0,26.3,1.31,4.4,227,51,13200.0,1,0.275
2026-07-15T10:00,0.1,0.0,0.1,0.0,0.0,0.0,51,20.0,33.0,2130.0,26.4,1.73,5.1,226,41,11280.0,1,0.274
2026-07-15T11:00,0.1,0.0,0.1,0.0,0.0,0.0,51,150.0,9.0,1975.0,25.5,1.66,5.3,224,16,29860.0,1,0.273
2026-07-15T12:00,0.0,0.0,0.0,0.0,0.0,0.0,0,20.0,12.0,20.0,24.3,0.27,5.0,112,18,70780.0,1,0.269
2026-07-15T13:00,0.0,0.0,0.0,0.0,0.0,0.0,1,10.0,75.0,15.0,21.3,0.38,2.0,203,30,70780.0,0,0.269
2026-07-15T14:00,0.0,0.0,0.0,0.0,0.0,0.0,1,10.0,132.0,25.0,19.4,1.03,3.6,219,35,67220.0,0,0.269
2026-07-15T15:00,0.0,0.0,0.0,0.0,0.0,0.0,1,20.0,182.0,20.0,17.7,1.19,4.2,237,27,67220.0,0,0.269
2026-07-15T16:00,0.0,0.0,0.0,0.0,0.0,0.0,2,10.0,197.0,20.0,15.7,1.44,4.7,236,55,64700.0,0,0.269
2026-07-15T17:00,0.0,0.0,0.0,0.0,0.0,0.0,1,0.0,205.0,15.0,14.5,1.28,4.7,239,39,61720.0,0,0.269
2026-07-15T18:00,0.0,0.0,0.0,0.0,0.0,0.0,2,0.0,180.0,20.0,13.9,1.27,4.2,259,76,61720.0,0,0.269
2026-07-15T19:00,0.0,0.0,0.0,0.0,0.0,0.0,2,0.0,47.0,25.0,13.7,1.51,5.1,262,64,61740.0,0,0.269
2026-07-15T20:00,0.0,0.0,0.0,0.0,0.0,0.0,3,0.0,38.0,20.0,12.7,1.1,5.0,267,98,61740.0,0,0.269
2026-07-15T21:00,0.0,0.0,0.0,0.0,0.0,0.0,3,0.0,28.0,15.0,12.4,0.87,4.5,257,97,61740.0,0,0.269
2026-07-15T22:00,0.0,0.0,0.0,0.0,0.0,0.0,3,0.0,18.0,15.0,11.5,0.87,3.8,257,98,61740.0,0,0.269
2026-07-15T23:00,0.0,0.0,0.0,0.0,0.0,0.0,3,0.0,9.0,15.0,12.2,0.76,3.8,262,100,61740.0,1,0.269
2026-07-16T00:00,0.0,0.0,0.0,0.0,0.0,0.0,3,0.0,39.0,40.0,16.3,1.3,4.5,286,100,61740.0,1,0.265
2026-07-16T01:00,0.0,0.0,0.0,0.0,0.0,0.0,3,20.0,20.0,945.0,19.4,1.8,6.3,314,100,67260.0,1,0.264
2026-07-16T02:00,0.0,0.0,0.0,0.0,0.0,0.0,3,10.0,2.0,1405.0,20.8,2.73,8.6,311,100,67260.0,1,0.263
2026-07-16T03:00,0.0,0.0,0.0,0.0,0.0,0.0,3,20.0,0.0,1280.0,20.7,3.78,11.8,316,99,13580.0,1,0.262
2026-07-16T04:00,0.1,0.1,0.0,0.0,0.0,0.0,51,10.0,6.0,1265.0,20.8,3.93,12.7,311,100,62760.0,1,0.26
2026-07-16T05:00,0.0,0.0,0.0,0.0,0.0,0.0,3,0.0,0.0,1350.0,21.4,3.82,12.7,314,99,70840.0,1,0.259
2026-07-16T06:00,0.0,0.0,0.0,0.0,0.0,0.0,3,0.0,9.0,1225.0,22.3,3.73,12.3,325,99,8980.0,1,0.25
2026-07-16T07:00,0.3,0.1,0.2,0.0,0.0,0.0,51,0.0,5.0,1125.0,21.6,3.22,12.1,334,86,7340.0,1,0.25
2026-07-16T08:00,0.2,0.1,0.1,0.0,0.0,0.0,51,420.0,1.0,1360.0,22.5,2.65,11.1,338,60,14260.0,1,0.25
2026-07-16T09:00,0.1,0.1,0.0,0.0,0.0,0.0,51,360.0,7.0,1245.0,22.9,2.71,10.4,344,66,16400.0,1,0.249
2026-07-16T10:00,0.0,0.0,0.0,0.0,0.0,0.0,2,140.0,11.0,1320.0,23.0,2.26,9.8,332,77,21280.0,1,0.247
2026-07-16T11:00,0.0,0.0,0.0,0.0,0.0,0.0,3,110.0,11.0,365.0,21.7,2.22,7.8,337,98,11140.0,1,0.246
2026-07-16T12:00,0.4,0.0,0.4,0.0,0.0,0.0,51,0.0,35.0,470.0,19.2,1.28,7.3,301,100,64760.0,1,0.273
2026-07-16T13:00,0.0,0.0,0.0,0.0,0.0,0.0,3,10.0,26.0,140.0,17.2,1.16,4.6,295,100,64740.0,0,0.273
2026-07-16T14:00,0.0,0.0,0.0,0.0,0.0,0.0,3,10.0,24.0,100.0,16.6,1.03,4.5,284,100,47200.0,0,0.273
2026-07-16T15:00,0.2,0.0,0.2,0.0,0.0,0.0,51,160.0,34.0,70.0,16.2,0.85,3.8,267,97,12260.0,0,0.274
2026-07-16T16:00,1.8,0.0,1.8,0.0,0.0,0.0,80,150.0,21.0,60.0,15.6,0.79,3.2,215,88,4700.0,0,0.293
2026-07-16T17:00,1.3,0.6,0.7,0.0,0.0,0.0,80,50.0,31.0,30.0,15.1,0.18,3.3,56,92,5740.0,0,0.31
2026-07-16T18:00,0.3,0.3,0.0,0.0,0.0,0.0,51,170.0,21.0,55.0,15.5,0.66,2.0,189,81,10500.0,0,0.306
2026-07-16T19:00,0.3,0.2,0.1,0.0,0.0,0.0,51,70.0,5.0,35.0,14.6,0.25,3.2,143,69,10440.0,0,0.309
2026-07-16T20:00,0.1,0.1,0.0,0.0,0.0,0.0,51,70.0,3.0,25.0,14.2,0.11,2.5,27,73,16180.0,0,0.31
2026-07-16T21:00,0.2,0.0,0.2,0.0,0.0,0.0,51,80.0,1.0,15.0,13.6,0.1,1.8,270,72,10280.0,0,0.311
2026-07-16T22:00,0.2,0.1,0.1,0.0,0.0,0.0,51,80.0,1.0,20.0,13.4,0.18,1.7,214,52,8160.0,0,0.313
2026-07-16T23:00,0.2,0.2,0.0,0.0,0.0,0.0,51,50.0,2.0,20.0,13.3,0.18,1.6,236,35,13260.0,1,0.315
2026-07-17T00:00,0.2,0.1,0.1,0.0,0.0,0.0,51,70.0,1.0,55.0,14.1,0.79,2.7,288,70,540.0,1,0.328
2026-07-17T01:00,0.2,0.1,0.1,0.0,0.0,0.0,51,150.0,7.0,270.0,15.8,0.59,3.6,290,55,10480.0,1,0.328
2026-07-17T02:00,0.0,0.0,0.0,0.0,0.0,0.0,2,270.0,1.0,520.0,17.6,0.4,4.3,277,60,22860.0,1,0.327
2026-07-17T03:00,0.0,0.0,0.0,0.0,0.0,0.0,3,610.0,0.0,1090.0,20.0,0.32,4.7,162,83,17740.0,1,0.325
2026-07-17T04:00,0.0,0.0,0.0,0.0,0.0,0.0,2,530.0,0.0,1355.0,21.8,1.5,6.2,165,74,24000.0,1,0.322
2026-07-17T05:00,0.0,0.0,0.0,0.0,0.0,0.0,1,20.0,18.0,785.0,21.4,2.28,7.9,151,30,20980.0,1,0.319
2026-07-17T06:00,0.0,0.0,0.0,0.0,0.0,0.0,2,310.0,7.0,885.0,22.2,2.41,7.9,77,66,26120.0,1,0.315
2026-07-17T07:00,0.1,0.1,0.0,0.0,0.0,0.0,51,250.0,7.0,975.0,21.6,1.63,7.1,43,84,8480.0,1,0.313
2026-07-17T08:00,0.2,0.2,0.0,0.0,0.0,0.0,51,80.0,34.0,585.0,21.1,1.24,6.4,317,97,10600.0,1,0.311
2026-07-17T09:00,0.2,0.2,0.0,0.0,0.0,0.0,51,400.0,20.0,370.0,20.9,1.64,6.1,250,98,10300.0,1,0.311
2026-07-17T10:00,0.2,0.1,0.1,0.0,0.0,0.0,51,110.0,13.0,650.0,20.6,0.11,4.7,27,99,8260.0,1,0.311
2026-07-17T11:00,0.5,0.4,0.1,0.0,0.0,0.0,53,20.0,4.0,295.0,18.9,1.31,5.6,288,98,6520.0,1,0.313
2026-07-17T12:00,0.7,0.1,0.6,0.0,0.0,0.0,53,1030.0,14.0,105.0,17.5,0.7,4.6,339,100,5660.0,1,0.33
2026-07-17T13:00,1.2,0.4,0.8,0.0,0.0,0.0,95,1410.0,6.0,95.0,17.0,1.24,3.8,256,100,4380.0,0,0.344
2026-07-17T14:00,1.3,0.3,1.0,0.0,0.0,0.0,95,1050.0,2.0,200.0,16.4,1.1,5.2,321,100,2900.0,0,0.358
2026-07-17T15:00,1.9,0.9,1.0,0.0,0.0,0.0,95,850.0,3.0,190.0,16.0,0.96,5.3,298,100,3260.0,0,0.378
2026-07-17T16:00,2.0,1.1,0.9,0.0,0.0,0.0,80,350.0,3.0,305.0,15.3,1.6,7.6,290,100,2340.0,0,0.397
2026-07-17T17:00,2.3,1.7,0.6,0.0,0.0,0.0,80,120.0,5.0,615.0,15.0,2.15,8.8,282,100,3580.0,0,0.411
2026-07-17T18:00,1.1,1.1,0.0,0.0,0.0,0.0,55,70.0,8.0,855.0,14.7,1.88,8.7,287,100,5100.0,0,0.406
2026-07-17T19:00,0.7,0.7,0.0,0.0,0.0,0.0,53,70.0,8.0,710.0,14.2,1.66,8.5,291,100,5920.0,0,0.402
2026-07-17T20:00,0.4,0.4,0.0,0.0,0.0,0.0,51,90.0,7.0,905.0,13.9,2.12,9.9,304,100,10700.0,0,0.396
2026-07-17T21:00,0.1,0.1,0.0,0.0,0.0,0.0,51,80.0,7.0,870.0,13.6,2.66,10.7,310,100,23200.0,0,0.389
2026-07-17T22:00,0.0,0.0,0.0,0.0,0.0,0.0,3,80.0,9.0,680.0,13.5,2.23,10.5,310,100,55260.0,0,0.384
2026-07-17T23:00,0.0,0.0,0.0,0.0,0.0,0.0,3,100.0,9.0,630.0,13.4,1.94,9.4,314,100,16320.0,1,0.38
2026-07-18T00:00,0.1,0.0,0.1,0.0,0.0,0.0,51,180.0,2.0,700.0,13.8,1.81,8.4,332,82,10560.0,1,0.383
2026-07-18T01:00,0.2,0.1,0.1,0.0,0.0,0.0,51,160.0,0.0,1105.0,14.2,1.71,8.3,345,51,9240.0,1,0.38
2026-07-18T02:00,0.3,0.1,0.2,0.0,0.0,0.0,51,90.0,0.0,1070.0,15.0,1.69,8.3,12,100,8700.0,1,0.377
2026-07-18T03:00,0.4,0.4,0.0,0.0,0.0,0.0,51,10.0,0.0,1040.0,14.6,1.96,7.4,345,100,5320.0,1,0.376
2026-07-18T04:00,0.6,0.5,0.1,0.0,0.0,0.0,53,80.0,0.0,800.0,14.1,2.14,8.4,323,89,11200.0,1,0.377
2026-07-18T05:00,0.1,0.1,0.0,0.0,0.0,0.0,51,60.0,0.0,980.0,16.1,2.07,7.9,307,46,20200.0,1,0.373
2026-07-18T06:00,0.0,0.0,0.0,0.0,0.0,0.0,1,60.0,0.0,1360.0,18.2,2.2,8.8,319,27,13900.0,1,0.36
2026-07-18T07:00,0.0,0.0,0.0,0.0,0.0,0.0,1,80.0,0.0,1835.0,18.9,2.51,8.9,329,38,70620.0,1,0.356
2026-07-18T08:00,0.0,0.0,0.0,0.0,0.0,0.0,2,10.0,0.0,2095.0,19.9,2.74,9.4,339,55,73720.0,1,0.352
2026-07-18T09:00,0.0,0.0,0.0,0.0,0.0,0.0,3,20.0,1.0,2260.0,20.2,3.35,11.0,357,98,73700.0,1,0.348
2026-07-18T10:00,0.0,0.0,0.0,0.0,0.0,0.0,3,20.0,4.0,1625.0,18.7,3.42,11.6,12,98,28520.0,1,0.345
2026-07-18T11:00,0.0,0.0,0.0,0.0,0.0,0.0,3,20.0,0.0,1380.0,18.0,1.9,11.3,23,85,70600.0,1,0.344
2026-07-18T12:00,0.0,0.0,0.0,0.0,0.0,0.0,3,20.0,0.0,895.0,17.6,1.26,7.2,34,91,73700.0,1,0.354
2026-07-18T13:00,0.0,0.0,0.0,0.0,0.0,0.0,2,20.0,0.0,50.0,16.8,0.21,6.2,45,77,70600.0,0,0.353
2026-07-18T14:00,0.0,0.0,0.0,0.0,0.0,0.0,1,30.0,1.0,20.0,16.1,0.11,3.7,27,42,70580.0,0,0.352
2026-07-18T15:00,0.0,0.0,0.0,0.0,0.0,0.0,0,20.0,1.0,10.0,14.7,0.05,3.1,360,13,70580.0,0,0.351
2026-07-18T16:00,0.0,0.0,0.0,0.0,0.0,0.0,0,40.0,15.0,10.0,13.0,0.05,2.4,270,1,66980.0,0,0.35
2026-07-18T17:00,0.0,0.0,0.0,0.0,0.0,0.0,0,30.0,16.0,15.0,11.3,0.36,2.0,286,3,64420.0,0,0.348
2026-07-18T18:00,0.0,0.0,0.0,0.0,0.0,0.0,0,20.0,18.0,25.0,10.6,0.4,2.5,300,0,64400.0,0,0.347
2026-07-18T19:00,0.0,0.0,0.0,0.0,0.0,0.0,0,10.0,21.0,20.0,9.5,0.5,2.9,276,0,61400.0,0,0.346
2026-07-18T20:00,0.0,0.0,0.0,0.0,0.0,0.0,0,0.0,23.0,15.0,8.9,0.35,2.7,262,0,61400.0,0,0.346
2026-07-18T21:00,0.0,0.0,0.0,0.0,0.0,0.0,0,0.0,26.0,20.0,8.4,0.45,2.7,264,1,61380.0,0,0.345
2026-07-18T22:00,0.0,0.0,0.0,0.0,0.0,0.0,0,0.0,29.0,20.0,7.8,0.6,2.9,265,2,61380.0,0,0.344
2026-07-18T23:00,0.0,0.0,0.0,0.0,0.0,0.0,0,0.0,31.0,15.0,7.2,0.72,2.9,258,0,57600.0,1,0.343
2026-07-19T00:00,0.0,0.0,0.0,0.0,0.0,0.0,0,10.0,32.0,90.0,11.3,0.94,3.2,295,0,61360.0,1,0.35
2026-07-19T01:00,0.0,0.0,0.0,0.0,0.0,0.0,0,30.0,91.0,295.0,13.9,0.61,3.9,325,5,66920.0,1,0.348
2026-07-19T02:00,0.0,0.0,0.0,0.0,0.0,0.0,0,40.0,30.0,735.0,16.4,0.35,4.1,360,5,70520.0,1,0.345
2026-07-19T03:00,0.0,0.0,0.0,0.0,0.0,0.0,0,20.0,0.0,2170.0,18.3,0.51,4.5,331,13,73620.0,1,0.342
2026-07-19T04:00,0.0,0.0,0.0,0.0,0.0,0.0,2,30.0,0.0,2360.0,19.7,1.01,5.6,333,53,73620.0,1,0.338
2026-07-19T05:00,0.0,0.0,0.0,0.0,0.0,0.0,3,40.0,0.0,2610.0,20.7,1.14,5.9,345,97,73620.0,1,0.335
2026-07-19T06:00,0.0,0.0,0.0,0.0,0.0,0.0,3,0.0,0.0,2635.0,21.1,1.9,6.0,342,99,73620.0,1,0.331
2026-07-19T07:00,0.0,0.0,0.0,0.0,0.0,0.0,3,0.0,0.0,2630.0,21.0,2.04,7.7,338,100,73620.0,1,0.328
2026-07-19T08:00,0.0,0.0,0.0,0.0,0.0,0.0,3,0.0,5.0,2700.0,21.4,2.06,7.8,337,95,73600.0,1,0.325
2026-07-19T09:00,0.0,0.0,0.0,0.0,0.0,0.0,3,0.0,10.0,2680.0,21.5,1.54,7.6,331,100,73600.0,1,0.323
2026-07-19T10:00,0.0,0.0,0.0,0.0,0.0,0.0,3,10.0,3.0,2650.0,20.8,1.12,6.0,350,81,73600.0,1,0.321
2026-07-19T11:00,0.0,0.0,0.0,0.0,0.0,0.0,3,0.0,58.0,2165.0,20.4,0.84,5.2,17,90,73600.0,1,0.32
2026-07-19T12:00,0.0,0.0,0.0,0.0,0.0,0.0,3,0.0,1.0,10.0,19.8,0.05,4.5,180,98,73580.0,1,0.32
2026-07-19T13:00,0.0,0.0,0.0,0.0,0.0,0.0,2,10.0,1.0,15.0,17.9,0.18,2.6,236,70,73580.0,0,0.319
2026-07-19T14:00,0.0,0.0,0.0,0.0,0.0,0.0,1,20.0,2.0,20.0,15.7,0.59,2.8,250,36,70460.0,0,0.319
2026-07-19T15:00,0.0,0.0,0.0,0.0,0.0,0.0,1,30.0,4.0,15.0,13.8,0.73,2.8,254,40,70460.0,0,0.319
2026-07-19T16:00,0.0,0.0,0.0,0.0,0.0,0.0,1,10.0,1.0,15.0,12.5,0.82,2.9,256,31,66820.0,0,0.319
2026-07-19T17:00,0.0,0.0,0.0,0.0,0.0,0.0,0,10.0,1.0,15.0,11.6,0.87,3.2,257,5,66820.0,0,0.318
2026-07-19T18:00,0.0,0.0,0.0,0.0,0.0,0.0,0,30.0,9.0,15.0,12.1,0.52,3.2,253,6,66820.0,0,0.318
2026-07-19T19:00,0.0,0.0,0.0,0.0,0.0,0.0,0,20.0,15.0,15.0,11.4,0.6,2.3,246,0,66800.0,0,0.318
2026-07-19T20:00,0.0,0.0,0.0,0.0,0.0,0.0,0,20.0,2.0,10.0,10.9,0.27,1.9,248,5,66800.0,0,0.318
2026-07-19T21:00,0.0,0.0,0.0,0.0,0.0,0.0,0,20.0,8.0,15.0,10.4,0.3,1.3,261,10,66800.0,0,0.318
2026-07-19T22:00,0.0,0.0,0.0,0.0,0.0,0.0,0,20.0,18.0,20.0,9.9,0.7,2.4,266,15,66800.0,0,0.318
2026-07-19T23:00,0.0,0.0,0.0,0.0,0.0,0.0,1,20.0,14.0,15.0,9.8,0.55,2.5,265,40,66780.0,1,0.317
2026-07-20T00:00,0.0,0.0,0.0,0.0,0.0,0.0,1,10.0,11.0,65.0,14.0,0.51,2.5,241,41,66780.0,1,0.318
2026-07-20T01:00,0.0,0.0,0.0,0.0,0.0,0.0,0,10.0,5.0,200.0,16.0,0.0,2.4,270,11,70400.0,1,0.317
2026-07-20T02:00,0.0,0.0,0.0,0.0,0.0,0.0,0,90.0,64.0,635.0,18.5,0.68,4.2,54,4,70400.0,1,0.315
2026-07-20T03:00,0.0,0.0,0.0,0.0,0.0,0.0,1,40.0,10.0,1685.0,20.5,0.86,5.0,54,26,73500.0,1,0.313
2026-07-20T04:00,0.0,0.0,0.0,0.0,0.0,0.0,1,20.0,10.0,2095.0,21.3,1.57,6.7,68,32,73500.0,1,0.31
2026-07-20T05:00,0.0,0.0,0.0,0.0,0.0,0.0,1,0.0,10.0,2075.0,22.0,1.81,7.4,51,30,73500.0,1,0.307
2026-07-20T06:00,0.1,0.0,0.1,0.0,0.0,0.0,51,0.0,4.0,1960.0,21.6,2.14,8.3,33,21,20200.0,1,0.304
2026-07-20T07:00,0.1,0.1,0.0,0.0,0.0,0.0,51,0.0,0.0,2060.0,22.0,1.35,8.0,51,34,8500.0,1,0.302
2026-07-20T08:00,0.2,0.1,0.1,0.0,0.0,0.0,51,0.0,0.0,2145.0,22.1,1.3,6.5,67,23,12000.0,1,0.3
2026-07-20T09:00,0.1,0.1,0.0,0.0,0.0,0.0,51,40.0,6.0,2095.0,22.2,1.39,6.6,69,43,12020.0,1,0.298
2026-07-20T10:00,0.1,0.1,0.0,0.0,0.0,0.0,51,30.0,18.0,1985.0,21.5,1.17,6.2,70,5,20280.0,1,0.297
2026-07-20T11:00,0.0,0.0,0.0,0.0,0.0,0.0,0,80.0,7.0,2005.0,21.3,1.14,5.3,67,4,52020.0,1,0.296
2026-07-20T12:00,0.0,0.0,0.0,0.0,0.0,0.0,0,160.0,35.0,55.0,18.9,0.72,4.7,65,13,30000.0,1,0.275
2026-07-20T13:00,0.0,0.0,0.0,0.0,0.0,0.0,0,270.0,61.0,20.0,16.8,0.25,3.3,37,13,70340.0,0,0.275
2026-07-20T14:00,0.0,0.0,0.0,0.0,0.0,0.0,1,260.0,94.0,15.0,15.7,0.18,2.4,304,27,66700.0,0,0.275
2026-07-20T15:00,0.0,0.0,0.0,0.0,0.0,0.0,1,20.0,21.0,20.0,14.6,0.4,2.2,270,20,66700.0,0,0.275
2026-07-20T16:00,0.0,0.0,0.0,0.0,0.0,0.0,0,20.0,19.0,20.0,13.5,0.45,2.2,264,7,64120.0,0,0.275
2026-07-20T17:00,0.0,0.0,0.0,0.0,0.0,0.0,1,20.0,17.0,20.0,12.3,0.6,2.3,275,29,64120.0,0,0.276
2026-07-20T18:00,0.0,0.0,0.0,0.0,0.0,0.0,1,10.0,14.0,40.0,12.1,0.76,3.6,259,27,9700.0,0,0.28
2026-07-20T19:00,0.2,0.0,0.2,0.0,0.0,0.0,51,30.0,4.0,15.0,11.6,0.22,3.1,243,34,10000.0,0,0.282
2026-07-20T20:00,0.1,0.1,0.0,0.0,0.0,0.0,51,10.0,12.0,30.0,11.1,0.7,2.2,249,42,16820.0,0,0.282
2026-07-20T21:00,0.1,0.1,0.0,0.0,0.0,0.0,51,0.0,15.0,20.0,10.8,0.3,2.2,270,45,10500.0,0,0.283
2026-07-20T22:00,0.2,0.1,0.1,0.0,0.0,0.0,51,10.0,15.0,15.0,10.8,0.2,1.7,270,41,13480.0,0,0.285
2026-07-20T23:00,0.0,0.0,0.0,0.0,0.0,0.0,1,0.0,10.0,10.0,10.6,0.05,1.4,270,32,34640.0,1,0.285
2026-07-21T00:00,0.0,0.0,0.0,0.0,0.0,0.0,1,0.0,60.0,65.0,12.4,0.5,3.3,233,45,11240.0,1,0.308
2026-07-21T01:00,0.1,0.1,0.0,0.0,0.0,0.0,51,410.0,9.0,285.0,13.6,0.21,2.8,135,30,11640.0,1,0.309
2026-07-21T02:00,0.1,0.0,0.1,0.0,0.0,0.0,51,500.0,1.0,605.0,15.8,0.81,4.7,112,39,19140.0,1,0.309
2026-07-21T03:00,0.1,0.0,0.1,0.0,0.0,0.0,51,390.0,1.0,1085.0,18.1,0.81,5.2,83,14,17120.0,1,0.308
2026-07-21T04:00,0.1,0.0,0.1,0.0,0.0,0.0,51,400.0,0.0,1690.0,19.8,0.6,5.2,95,17,16640.0,1,0.306
2026-07-21T05:00,0.2,0.0,0.2,0.0,0.0,0.0,51,290.0,0.0,1765.0,21.2,1.27,6.3,79,43,11800.0,1,0.303
2026-07-21T06:00,0.1,0.1,0.0,0.0,0.0,0.0,51,100.0,3.0,1795.0,21.1,0.74,6.5,48,29,9160.0,1,0.286
2026-07-21T07:00,0.3,0.2,0.1,0.0,0.0,0.0,51,90.0,2.0,1630.0,20.4,0.4,5.5,360,39,15260.0,1,0.285
2026-07-21T08:00,0.3,0.0,0.3,0.0,0.0,0.0,51,10.0,26.0,1660.0,21.3,1.14,5.5,322,52,8820.0,1,0.285
2026-07-21T09:00,0.3,0.1,0.2,0.0,0.0,0.0,51,100.0,13.0,1580.0,21.0,1.23,5.9,348,41,13520.0,1,0.285
2026-07-21T10:00,0.1,0.0,0.1,0.0,0.0,0.0,51,40.0,27.0,1550.0,20.8,1.32,5.7,11,29,10440.0,1,0.284
2026-07-21T11:00,0.1,0.0,0.1,0.0,0.0,0.0,51,70.0,21.0,1515.0,20.2,1.0,5.7,6,23,13580.0,1,0.284
2026-07-21T12:00,0.1,0.1,0.0,0.0,0.0,0.0,51,60.0,19.0,165.0,17.9,1.66,4.4,147,34,28620.0,1,0.282
2026-07-21T13:00,0.0,0.0,0.0,0.0,0.0,0.0,1,40.0,41.0,205.0,15.5,1.5,6.5,150,38,34100.0,0,0.282
2026-07-21T14:00,0.0,0.0,0.0,0.0,0.0,0.0,1,40.0,37.0,70.0,14.4,0.96,5.9,186,43,63980.0,0,0.282
2026-07-21T15:00,0.0,0.0,0.0,0.0,0.0,0.0,1,40.0,179.0,40.0,13.9,0.68,4.4,197,24,63980.0,0,0.282
2026-07-21T16:00,0.0,0.0,0.0,0.0,0.0,0.0,0,40.0,208.0,20.0,13.1,0.46,3.9,193,5,63960.0,0,0.282
2026-07-21T17:00,0.0,0.0,0.0,0.0,0.0,0.0,0,20.0,247.0,15.0,12.2,0.25,3.4,217,5,60940.0,0,0.282
2026-07-21T18:00,0.0,0.0,0.0,0.0,0.0,0.0,0,10.0,179.0,10.0,11.9,0.14,2.4,225,0,60920.0,0,0.283
2026-07-21T19:00,0.0,0.0,0.0,0.0,0.0,0.0,0,10.0,38.0,10.0,11.0,0.25,1.4,233,2,60920.0,0,0.283
2026-07-21T20:00,0.0,0.0,0.0,0.0,0.0,0.0,0,10.0,12.0,10.0,10.7,0.11,1.4,243,7,60920.0,0,0.283
2026-07-21T21:00,0.0,0.0,0.0,0.0,0.0,0.0,0,0.0,81.0,10.0,10.3,0.05,1.1,270,3,60900.0,0,0.283
2026-07-21T22:00,0.0,0.0,0.0,0.0,0.0,0.0,0,0.0,91.0,10.0,9.8,0.11,1.0,243,4,60900.0,0,0.282
2026-07-21T23:00,0.0,0.0,0.0,0.0,0.0,0.0,0,0.0,59.0,10.0,9.5,0.25,1.6,233,10,60900.0,1,0.282
2026-07-22T00:00,0.0,0.0,0.0,0.0,0.0,0.0,0,0.0,55.0,140.0,13.0,0.43,3.0,234,1,60880.0,1,0.277
2026-07-22T01:00,0.0,0.0,0.0,0.0,0.0,0.0,0,20.0,88.0,465.0,15.1,1.06,4.5,109,3,63920.0,1,0.276
2026-07-22T02:00,0.0,0.0,0.0,0.0,0.0,0.0,0,250.0,14.0,810.0,17.3,1.36,5.7,107,3,49200.0,1,0.275
2026-07-22T03:00,0.2,0.0,0.2,0.0,0.0,0.0,51,270.0,14.0,1055.0,18.9,1.41,5.9,117,38,13060.0,1,0.275
2026-07-22T04:00,0.2,0.0,0.2,0.0,0.0,0.0,51,320.0,12.0,1195.0,20.0,1.7,6.9,104,34,16480.0,1,0.274
2026-07-22T05:00,0.1,0.1,0.0,0.0,0.0,0.0,51,370.0,10.0,1560.0,21.5,1.58,7.3,101,20,13520.0,1,0.272
2026-07-22T06:00,0.1,0.1,0.0,0.0,0.0,0.0,51,110.0,43.0,1630.0,22.2,1.15,7.0,88,21,16860.0,1,0.259
2026-07-22T07:00,0.0,0.0,0.0,0.0,0.0,0.0,1,30.0,34.0,1915.0,22.9,1.19,5.9,105,27,19760.0,1,0.256
2026-07-22T08:00,0.0,0.0,0.0,0.0,0.0,0.0,0,120.0,45.0,2055.0,23.5,1.54,6.6,115,16,26200.0,1,0.253
2026-07-22T09:00,0.0,0.0,0.0,0.0,0.0,0.0,0,130.0,50.0,1980.0,23.6,1.7,6.8,118,15,34500.0,1,0.251
2026-07-22T10:00,0.0,0.0,0.0,0.0,0.0,0.0,0,90.0,80.0,1865.0,23.3,2.1,7.6,118,9,73260.0,1,0.249
2026-07-22T11:00,0.0,0.0,0.0,0.0,0.0,0.0,0,70.0,61.0,1820.0,22.7,1.92,7.5,129,9,73240.0,1,0.247
2026-07-22T12:00,0.0,0.0,0.0,0.0,0.0,0.0,1,10.0,88.0,475.0,20.7,1.21,6.9,120,42,73240.0,1,0.255
2026-07-22T13:00,0.0,0.0,0.0,0.0,0.0,0.0,1,0.0,120.0,50.0,18.8,0.64,5.5,135,32,73220.0,0,0.255
2026-07-22T14:00,0.0,0.0,0.0,0.0,0.0,0.0,1,0.0,141.0,30.0,17.7,0.61,4.5,171,26,73220.0,0,0.255
2026-07-22T15:00,0.0,0.0,0.0,0.0,0.0,0.0,1,0.0,10.0,25.0,16.3,0.59,4.0,200,35,73220.0,0,0.255
2026-07-22T16:00,0.0,0.0,0.0,0.0,0.0,0.0,1,0.0,9.0,20.0,14.8,0.69,3.4,210,45,70060.0,0,0.255
2026-07-22T17:00,0.0,0.0,0.0,0.0,0.0,0.0,2,0.0,7.0,15.0,13.4,0.67,3.4,222,63,66400.0,0,0.256
2026-07-22T18:00,0.0,0.0,0.0,0.0,0.0,0.0,3,10.0,3.0,10.0,13.8,0.32,2.9,231,92,66400.0,0,0.256
2026-07-22T19:00,0.0,0.0,0.0,0.0,0.0,0.0,3,10.0,6.0,10.0,13.2,0.22,1.9,243,97,63800.0,0,0.256
2026-07-22T20:00,0.0,0.0,0.0,0.0,0.0,0.0,3,20.0,6.0,10.0,12.6,0.25,1.0,259,96,63800.0,0,0.256
2026-07-22T21:00,0.0,0.0,0.0,0.0,0.0,0.0,3,30.0,8.0,10.0,12.1,0.32,1.4,252,80,63780.0,0,0.256
2026-07-22T22:00,0.0,0.0,0.0,0.0,0.0,0.0,3,40.0,13.0,10.0,11.4,0.22,1.2,243,86,63780.0,0,0.256
2026-07-22T23:00,0.0,0.0,0.0,0.0,0.0,0.0,3,30.0,14.0,10.0,11.4,0.16,1.2,252,100,63780.0,1,0.256
2026-07-23T00:00,0.0,0.0,0.0,0.0,0.0,0.0,3,30.0,25.0,35.0,13.8,0.3,1.3,81,94,56360.0,1,0.252
2026-07-23T01:00,0.0,0.0,0.0,0.0,0.0,0.0,3,20.0,34.0,305.0,15.3,0.4,2.9,97,91,63760.0,1,0.252
2026-07-23T02:00,0.0,0.0,0.0,0.0,0.0,0.0,2,30.0,33.0,640.0,17.7,0.49,3.9,66,60,66340.0,1,0.251
2026-07-23T03:00,0.0,0.0,0.0,0.0,0.0,0.0,1,490.0,2.0,1305.0,20.2,0.71,4.6,98,40,19000.0,1,0.25
2026-07-23T04:00,0.0,0.0,0.0,0.0,0.0,0.0,1,650.0,0.0,1615.0,21.7,1.23,6.0,111,48,19100.0,1,0.248
2026-07-23T05:00,0.1,0.0,0.1,0.0,0.0,0.0,51,820.0,0.0,1890.0,22.7,1.68,7.0,113,39,15180.0,1,0.246
2026-07-23T06:00,0.1,0.0,0.1,0.0,0.0,0.0,51,820.0,0.0,1515.0,22.2,2.2,9.9,69,57,12580.0,1,0.241
2026-07-23T07:00,0.4,0.2,0.2,0.0,0.0,0.0,51,370.0,11.0,710.0,19.0,3.88,11.3,212,66,8460.0,1,0.243
2026-07-23T08:00,0.3,0.2,0.1,0.0,0.0,0.0,51,500.0,8.0,955.0,19.4,1.62,11.0,261,95,9560.0,1,0.244
2026-07-23T09:00,0.2,0.1,0.1,0.0,0.0,0.0,51,410.0,5.0,1310.0,20.1,0.51,6.1,29,80,11300.0,1,0.244
2026-07-23T10:00,0.1,0.1,0.0,0.0,0.0,0.0,51,380.0,11.0,1150.0,20.4,1.41,5.5,333,88,18680.0,1,0.244
2026-07-23T11:00,0.0,0.0,0.0,0.0,0.0,0.0,3,350.0,11.0,930.0,19.7,1.21,5.7,336,84,66300.0,1,0.243
2026-07-23T12:00,0.2,0.0,0.2,0.0,0.0,0.0,51,80.0,26.0,1430.0,19.5,0.74,4.8,138,72,69960.0,1,0.238
2026-07-23T13:00,0.0,0.0,0.0,0.0,0.0,0.0,3,0.0,53.0,25.0,17.6,0.25,3.9,169,97,69940.0,0,0.238
2026-07-23T14:00,0.0,0.0,0.0,0.0,0.0,0.0,3,80.0,107.0,25.0,16.1,0.46,2.5,221,88,66280.0,0,0.238
2026-07-23T15:00,0.0,0.0,0.0,0.0,0.0,0.0,3,90.0,138.0,10.0,14.9,0.16,2.4,252,95,63680.0,0,0.238
2026-07-23T16:00,0.0,0.0,0.0,0.0,0.0,0.0,3,60.0,148.0,10.0,14.1,0.32,2.5,231,87,63680.0,0,0.238
2026-07-23T17:00,0.0,0.0,0.0,0.0,0.0,0.0,2,0.0,93.0,10.0,12.8,0.27,2.6,248,51,60620.0,0,0.238
2026-07-23T18:00,0.0,0.0,0.0,0.0,0.0,0.0,0,0.0,100.0,10.0,12.4,0.32,2.1,252,9,60620.0,0,0.238
2026-07-23T19:00,0.0,0.0,0.0,0.0,0.0,0.0,0,0.0,112.0,15.0,11.7,0.5,1.8,264,1,60600.0,0,0.238
2026-07-23T20:00,0.0,0.0,0.0,0.0,0.0,0.0,0,0.0,36.0,15.0,11.3,0.35,1.1,262,1,60600.0,0,0.238
2026-07-23T21:00,0.0,0.0,0.0,0.0,0.0,0.0,0,0.0,28.0,10.0,10.5,0.16,1.0,252,0,60600.0,0,0.238
2026-07-23T22:00,0.0,0.0,0.0,0.0,0.0,0.0,0,0.0,19.0,10.0,9.1,0.36,1.1,254,12,4240.0,0,0.238
2026-07-23T23:00,0.0,0.0,0.0,0.0,0.0,0.0,1,0.0,11.0,10.0,8.3,0.76,2.3,259,34,520.0,1,0.238
2026-07-24T00:00,0.0,0.0,0.0,0.0,0.0,0.0,1,0.0,105.0,30.0,11.3,0.46,2.6,283,21,1240.0,1,0.239
2026-07-24T01:00,0.0,0.0,0.0,0.0,0.0,0.0,1,10.0,172.0,425.0,14.1,0.74,3.9,62,42,720.0,1,0.239
2026-07-24T02:00,0.0,0.0,0.0,0.0,0.0,0.0,2,140.0,75.0,835.0,17.0,0.85,4.8,87,51,900.0,1,0.238
2026-07-24T03:00,0.0,0.0,0.0,0.0,0.0,0.0,1,330.0,24.0,1130.0,19.4,1.07,5.7,118,23,3220.0,1,0.236
2026-07-24T04:00,0.0,0.0,0.0,0.0,0.0,0.0,0,590.0,13.0,1325.0,21.1,1.66,7.1,123,9,13960.0,1,0.234
2026-07-24T05:00,0.0,0.0,0.0,0.0,0.0,0.0,0,540.0,14.0,1635.0,22.7,1.77,7.4,115,10,73040.0,1,0.232
2026-07-24T06:00,0.0,0.0,0.0,0.0,0.0,0.0,0,350.0,25.0,1945.0,24.4,2.53,9.0,120,16,73040.0,1,0.226
2026-07-24T07:00,0.0,0.0,0.0,0.0,0.0,0.0,0,190.0,48.0,1970.0,24.9,2.89,10.2,127,17,28520.0,1,0.223
2026-07-24T08:00,0.0,0.0,0.0,0.0,0.0,0.0,0,120.0,57.0,2105.0,25.4,2.94,10.4,133,7,37760.0,1,0.22
2026-07-24T09:00,0.0,0.0,0.0,0.0,0.0,0.0,0,70.0,69.0,2215.0,25.6,2.87,10.3,139,10,36380.0,1,0.218
2026-07-24T10:00,0.0,0.0,0.0,0.0,0.0,0.0,0,50.0,86.0,2200.0,25.2,2.51,9.8,145,15,73020.0,1,0.216
2026-07-24T11:00,0.0,0.0,0.0,0.0,0.0,0.0,0,50.0,89.0,2015.0,24.2,2.3,8.6,153,13,73020.0,1,0.215
2026-07-24T12:00,0.0,0.0,0.0,0.0,0.0,0.0,1,60.0,45.0,165.0,22.6,0.58,8.0,149,44,73020.0,1,0.217
2026-07-24T13:00,0.0,0.0,0.0,0.0,0.0,0.0,1,10.0,111.0,50.0,20.5,0.74,4.8,152,32,73020.0,0,0.217
2026-07-24T14:00,0.0,0.0,0.0,0.0,0.0,0.0,1,0.0,101.0,40.0,19.8,0.47,5.4,148,33,73000.0,0,0.217
2026-07-24T15:00,0.0,0.0,0.0,0.0,0.0,0.0,1,0.0,177.0,25.0,18.6,0.35,4.9,188,24,73000.0,0,0.217
2026-07-24T16:00,0.0,0.0,0.0,0.0,0.0,0.0,0,0.0,79.0,25.0,17.1,0.49,4.8,204,10,73000.0,0,0.217
2026-07-24T17:00,0.0,0.0,0.0,0.0,0.0,0.0,1,0.0,258.0,15.0,15.8,0.25,4.8,217,44,72980.0,0,0.218
2026-07-24T18:00,0.0,0.0,0.0,0.0,0.0,0.0,0,0.0,253.0,10.0,14.0,0.21,4.0,225,8,72980.0,0,0.219
2026-07-24T19:00,0.0,0.0,0.0,0.0,0.0,0.0,0,0.0,293.0,10.0,12.5,0.32,2.8,252,2,69780.0,0,0.219
2026-07-24T20:00,0.0,0.0,0.0,0.0,0.0,0.0,0,0.0,68.0,15.0,11.5,0.54,2.4,248,8,69780.0,0,0.219
2026-07-24T21:00,0.0,0.0,0.0,0.0,0.0,0.0,1,0.0,53.0,10.0,11.1,0.27,2.2,248,27,69780.0,0,0.219
2026-07-24T22:00,0.0,0.0,0.0,0.0,0.0,0.0,2,0.0,36.0,10.0,10.9,0.22,1.7,243,66,69780.0,0,0.219
2026-07-24T23:00,0.0,0.0,0.0,0.0,0.0,0.0,1,0.0,21.0,10.0,11.0,0.25,1.3,259,30,69760.0,1,0.219
2026-07-25T00:00,0.0,0.0,0.0,0.0,0.0,0.0,1,0.0,11.0,50.0,14.4,0.7,1.7,266,25,66080.0,1,0.22
2026-07-25T01:00,0.0,0.0,0.0,0.0,0.0,0.0,0,0.0,226.0,240.0,17.1,0.55,3.3,5,12,69760.0,1,0.22
2026-07-25T02:00,0.0,0.0,0.0,0.0,0.0,0.0,0,10.0,82.0,580.0,19.9,0.49,3.9,66,19,69760.0,1,0.219
2026-07-25T03:00,0.0,0.0,0.0,0.0,0.0,0.0,0,70.0,75.0,1175.0,22.4,0.6,4.4,90,9,72940.0,1,0.217
2026-07-25T04:00,0.0,0.0,0.0,0.0,0.0,0.0,0,210.0,18.0,2070.0,24.5,0.85,5.3,90,9,72940.0,1,0.215
2026-07-25T05:00,0.0,0.0,0.0,0.0,0.0,0.0,1,250.0,3.0,2635.0,25.9,1.15,6.0,95,22,50120.0,1,0.212
2026-07-25T06:00,0.0,0.0,0.0,0.0,0.0,0.0,1,140.0,2.0,2795.0,26.7,1.3,7.1,86,41,35620.0,1,0.208
2026-07-25T07:00,0.1,0.0,0.1,0.0,0.0,0.0,51,210.0,0.0,2995.0,26.8,2.7,9.3,90,25,11080.0,1,0.207
2026-07-25T08:00,0.3,0.1,0.2,0.0,0.0,0.0,51,90.0,28.0,2510.0,25.9,3.04,10.6,115,54,11520.0,1,0.206
2026-07-25T09:00,0.1,0.1,0.0,0.0,0.0,0.0,51,80.0,33.0,2190.0,25.7,3.19,10.6,122,80,18560.0,1,0.205
2026-07-25T10:00,0.0,0.0,0.0,0.0,0.0,0.0,3,90.0,6.0,2660.0,25.8,2.93,10.4,120,98,15120.0,1,0.204
2026-07-25T11:00,0.3,0.1,0.2,0.0,0.0,0.0,51,130.0,3.0,2255.0,23.6,1.38,9.8,49,97,9500.0,1,0.205
2026-07-25T12:00,0.4,0.0,0.4,0.0,0.0,0.0,51,0.0,51.0,645.0,22.0,2.67,6.7,120,78,15220.0,1,0.203
2026-07-25T13:00,0.0,0.0,0.0,0.0,0.0,0.0,3,30.0,206.0,310.0,19.2,1.42,10.0,148,95,72880.0,0,0.203
2026-07-25T14:00,0.0,0.0,0.0,0.0,0.0,0.0,3,10.0,175.0,20.0,18.4,0.32,6.2,162,97,72880.0,0,0.203
2026-07-25T15:00,0.0,0.0,0.0,0.0,0.0,0.0,3,0.0,145.0,20.0,17.4,0.38,3.1,203,98,69680.0,0,0.203
2026-07-25T16:00,0.0,0.0,0.0,0.0,0.0,0.0,3,0.0,144.0,15.0,16.4,0.49,3.0,225,98,69680.0,0,0.203
2026-07-25T17:00,0.0,0.0,0.0,0.0,0.0,0.0,3,0.0,190.0,15.0,15.0,0.78,2.8,225,96,65980.0,0,0.203
2026-07-25T18:00,0.0,0.0,0.0,0.0,0.0,0.0,3,0.0,229.0,15.0,14.9,0.5,2.8,217,94,65980.0,0,0.196
2026-07-25T19:00,0.0,0.0,0.0,0.0,0.0,0.0,3,0.0,231.0,10.0,14.0,0.32,1.8,252,98,65960.0,0,0.196
2026-07-25T20:00,0.0,0.0,0.0,0.0,0.0,0.0,3,0.0,73.0,15.0,13.6,0.57,1.6,255,100,65960.0,0,0.196
2026-07-25T21:00,0.0,0.0,0.0,0.0,0.0,0.0,3,0.0,70.0,20.0,13.7,0.76,2.4,262,100,65960.0,0,0.196
2026-07-25T22:00,0.0,0.0,0.0,0.0,0.0,0.0,3,10.0,18.0,25.0,13.9,0.78,2.6,255,100,65960.0,0,0.196
2026-07-25T23:00,0.0,0.0,0.0,0.0,0.0,0.0,3,10.0,58.0,15.0,14.1,0.34,2.6,243,91,65940.0,1,0.196
2026-07-26T00:00,0.0,0.0,0.0,0.0,0.0,0.0,1,0.0,55.0,20.0,15.8,0.4,2.9,270,20,23120.0,1,0.188
2026-07-26T01:00,0.0,0.0,0.0,0.0,0.0,0.0,0,150.0,51.0,485.0,18.3,0.36,3.3,34,2,29400.0,1,0.188
2026-07-26T02:00,0.0,0.0,0.0,0.0,0.0,0.0,0,280.0,19.0,1160.0,20.4,0.54,4.2,56,5,69620.0,1,0.187
2026-07-26T03:00,0.0,0.0,0.0,0.0,0.0,0.0,0,340.0,8.0,1530.0,22.3,0.74,5.1,70,7,29520.0,1,0.186
2026-07-26T04:00,0.0,0.0,0.0,0.0,0.0,0.0,1,450.0,0.0,2030.0,24.0,0.93,5.6,36,31,11900.0,1,0.184
2026-07-26T05:00,0.2,0.1,0.1,0.0,0.0,0.0,51,410.0,0.0,2125.0,24.6,1.92,7.4,7,44,9560.0,1,0.184
2026-07-26T06:00,0.1,0.0,0.1,0.0,0.0,0.0,51,110.0,41.0,2225.0,25.5,2.09,8.4,327,35,18140.0,1,0.172
2026-07-26T07:00,0.1,0.0,0.1,0.0,0.0,0.0,51,60.0,75.0,2435.0,25.4,1.77,8.3,335,83,13760.0,1,0.171
2026-07-26T08:00,0.2,0.0,0.2,0.0,0.0,0.0,51,530.0,0.0,2280.0,25.6,0.99,7.4,45,88,12060.0,1,0.172
2026-07-26T09:00,0.1,0.1,0.0,0.0,0.0,0.0,51,150.0,11.0,2640.0,25.8,1.74,6.8,63,100,72780.0,1,0.171
2026-07-26T10:00,0.3,0.1,0.2,0.0,0.0,0.0,51,150.0,1.0,1655.0,22.7,1.88,9.4,17,98,12560.0,1,0.173
2026-07-26T11:00,0.0,0.0,0.0,0.0,0.0,0.0,3,50.0,27.0,260.0,21.9,1.35,7.2,202,96,69580.0,1,0.173
2026-07-26T12:00,1.9,0.0,1.9,0.0,0.0,0.0,80,660.0,51.0,90.0,21.6,1.4,3.6,125,73,44640.0,1,0.204
2026-07-26T13:00,0.0,0.0,0.0,0.0,0.0,0.0,2,700.0,85.0,90.0,18.7,1.32,5.3,171,70,65860.0,0,0.204
2026-07-26T14:00,0.0,0.0,0.0,0.0,0.0,0.0,2,60.0,10.0,75.0,17.6,1.17,5.4,140,65,65860.0,0,0.204
2026-07-26T15:00,0.1,0.0,0.1,0.0,0.0,0.0,51,70.0,4.0,45.0,16.5,0.81,6.3,191,63,9680.0,0,0.205
2026-07-26T16:00,0.1,0.1,0.0,0.0,0.0,0.0,51,30.0,16.0,10.0,15.9,0.21,4.2,225,73,24640.0,0,0.206
2026-07-26T17:00,0.0,0.0,0.0,0.0,0.0,0.0,1,20.0,23.0,10.0,15.3,0.11,2.1,243,34,63220.0,0,0.206
2026-07-26T18:00,0.0,0.0,0.0,0.0,0.0,0.0,2,0.0,15.0,10.0,14.8,0.14,1.5,225,63,14700.0,0,0.198
2026-07-26T19:00,0.0,0.0,0.0,0.0,0.0,0.0,2,0.0,19.0,10.0,14.0,0.05,1.3,270,72,62540.0,0,0.198
2026-07-26T20:00,0.0,0.0,0.0,0.0,0.0,0.0,3,0.0,11.0,10.0,13.3,0.21,1.0,256,86,63200.0,0,0.198
2026-07-26T21:00,0.0,0.0,0.0,0.0,0.0,0.0,2,0.0,7.0,10.0,12.7,0.16,1.0,252,69,60120.0,0,0.198
2026-07-26T22:00,0.0,0.0,0.0,0.0,0.0,0.0,2,0.0,5.0,10.0,12.2,0.18,0.7,236,73,60120.0,0,0.198
2026-07-26T23:00,0.0,0.0,0.0,0.0,0.0,0.0,2,0.0,5.0,15.0,12.1,0.47,1.2,238,65,63180.0,1,0.198
2026-07-27T00:00,0.0,0.0,0.0,0.0,0.0,0.0,1,0.0,10.0,15.0,15.3,0.27,1.7,248,30,60100.0,1,0.198
2026-07-27T01:00,0.0,0.0,0.0,0.0,0.0,0.0,2,180.0,53.0,305.0,16.7,0.47,3.3,122,59,60100.0,1,0.198
2026-07-27T02:00,0.0,0.0,0.0,0.0,0.0,0.0,1,390.0,18.0,665.0,19.2,0.97,4.9,125,25,65780.0,1,0.198
2026-07-27T03:00,0.0,0.0,0.0,0.0,0.0,0.0,1,450.0,4.0,1295.0,21.5,0.98,5.2,114,38,22840.0,1,0.196
2026-07-27T04:00,0.1,0.1,0.0,0.0,0.0,0.0,51,390.0,6.0,1480.0,22.4,1.17,5.9,110,38,14120.0,1,0.195
2026-07-27T05:00,0.1,0.1,0.0,0.0,0.0,0.0,51,400.0,2.0,1675.0,23.3,0.89,5.9,142,70,11300.0,1,0.194
2026-07-27T06:00,0.2,0.1,0.1,0.0,0.0,0.0,51,250.0,0.0,1935.0,24.1,0.51,5.3,191,100,28020.0,1,0.193
2026-07-27T07:00,3.9,0.1,3.8,0.0,0.0,0.0,96,1190.0,10.0,185.0,18.6,1.3,5.1,358,92,3220.0,1,0.235
2026-07-27T08:00,1.9,0.7,1.2,0.0,0.0,0.0,80,660.0,41.0,265.0,19.6,0.86,6.6,187,48,13280.0,1,0.254
2026-07-27T09:00,0.0,0.0,0.0,0.0,0.0,0.0,2,340.0,31.0,875.0,22.1,0.63,4.8,198,70,17400.0,1,0.252
2026-07-27T10:00,0.2,0.1,0.1,0.0,0.0,0.0,51,380.0,18.0,960.0,21.9,1.73,6.0,123,59,10580.0,1,0.252
2026-07-27T11:00,0.1,0.1,0.0,0.0,0.0,0.0,51,450.0,46.0,350.0,20.1,2.35,7.3,102,91,10340.0,1,0.252
2026-07-27T12:00,0.3,0.3,0.0,0.0,0.0,0.0,51,890.0,76.0,85.0,19.3,0.89,6.7,117,28,28000.0,1,0.198
2026-07-27T13:00,0.0,0.0,0.0,0.0,0.0,0.0,1,920.0,77.0,15.0,17.7,0.18,3.7,146,31,9040.0,0,0.199
2026-07-27T14:00,0.1,0.1,0.0,0.0,0.0,0.0,51,1110.0,69.0,10.0,17.1,0.0,2.0,270,2,49220.0,0,0.2
2026-07-27T15:00,0.0,0.0,0.0,0.0,0.0,0.0,1,940.0,78.0,20.0,16.0,0.43,1.7,234,38,60020.0,0,0.2
2026-07-27T16:00,0.0,0.0,0.0,0.0,0.0,0.0,1,530.0,88.0,10.0,15.3,0.28,2.1,225,22,63080.0,0,0.2
2026-07-27T17:00,0.0,0.0,0.0,0.0,0.0,0.0,1,520.0,94.0,10.0,14.8,0.11,2.0,243,30,63080.0,0,0.2
2026-07-27T18:00,0.0,0.0,0.0,0.0,0.0,0.0,1,400.0,84.0,10.0,14.6,0.14,1.6,225,34,63080.0,0,0.199
2026-07-27T19:00,0.0,0.0,0.0,0.0,0.0,0.0,1,290.0,91.0,10.0,13.9,0.16,1.6,252,40,63060.0,0,0.199
2026-07-27T20:00,0.0,0.0,0.0,0.0,0.0,0.0,1,210.0,92.0,10.0,13.5,0.11,1.3,243,23,63060.0,0,0.2
2026-07-27T21:00,0.0,0.0,0.0,0.0,0.0,0.0,2,220.0,85.0,10.0,13.1,0.0,1.1,270,61,63060.0,0,0.2
2026-07-27T22:00,0.0,0.0,0.0,0.0,0.0,0.0,2,150.0,99.0,15.0,12.4,0.3,1.2,270,72,63040.0,0,0.2
2026-07-27T23:00,0.0,0.0,0.0,0.0,0.0,0.0,2,0.0,11.0,15.0,11.9,0.35,1.4,270,70,63040.0,1,0.2
2026-07-28T00:00,0.0,0.0,0.0,0.0,0.0,0.0,3,0.0,43.0,75.0,14.6,0.32,2.4,309,80,48620.0,1,0.2
2026-07-28T01:00,0.0,0.0,0.0,0.0,0.0,0.0,2,230.0,45.0,315.0,16.5,0.45,3.4,90,73,58900.0,1,0.2
2026-07-28T02:00,0.0,0.0,0.0,0.0,0.0,0.0,2,470.0,8.0,755.0,18.9,0.82,4.7,104,51,55980.0,1,0.199
2026-07-28T03:00,0.1,0.0,0.1,0.0,0.0,0.0,51,360.0,5.0,1175.0,21.0,1.86,7.2,117,41,18280.0,1,0.199
2026-07-28T04:00,0.1,0.1,0.0,0.0,0.0,0.0,51,430.0,6.0,1335.0,22.2,2.21,8.5,115,20,31300.0,1,0.198
2026-07-28T05:00,0.0,0.0,0.0,0.0,0.0,0.0,1,230.0,7.0,1710.0,23.5,1.94,8.4,108,23,22260.0,1,0.196
2026-07-28T06:00,0.1,0.1,0.0,0.0,0.0,0.0,51,50.0,17.0,1800.0,24.1,1.77,7.9,133,23,12560.0,1,0.186
2026-07-28T07:00,0.1,0.1,0.0,0.0,0.0,0.0,51,40.0,29.0,1950.0,24.5,1.8,7.5,134,19,12060.0,1,0.185
2026-07-28T08:00,0.1,0.0,0.1,0.0,0.0,0.0,51,10.0,83.0,2145.0,25.0,2.1,8.0,115,20,13480.0,1,0.183
2026-07-28T09:00,0.1,0.1,0.0,0.0,0.0,0.0,51,0.0,125.0,2185.0,24.8,1.86,8.3,121,16,72580.0,1,0.182
2026-07-28T10:00,0.0,0.0,0.0,0.0,0.0,0.0,0,0.0,159.0,2350.0,25.1,1.88,7.5,151,16,72580.0,1,0.181
2026-07-28T11:00,0.0,0.0,0.0,0.0,0.0,0.0,1,20.0,171.0,1440.0,23.7,3.18,9.8,173,45,72560.0,1,0.18
2026-07-28T12:00,0.0,0.0,0.0,0.0,0.0,0.0,0,60.0,120.0,300.0,22.4,1.75,10.3,180,2,72540.0,1,0.187
2026-07-28T13:00,0.0,0.0,0.0,0.0,0.0,0.0,0,0.0,171.0,125.0,19.3,1.67,7.4,189,7,72540.0,0,0.187
2026-07-28T14:00,0.0,0.0,0.0,0.0,0.0,0.0,0,0.0,184.0,115.0,18.4,1.65,8.0,180,10,72540.0,0,0.187
2026-07-28T15:00,0.0,0.0,0.0,0.0,0.0,0.0,0,0.0,192.0,110.0,17.6,1.58,8.2,169,8,72540.0,0,0.187
2026-07-28T16:00,0.0,0.0,0.0,0.0,0.0,0.0,0,0.0,129.0,100.0,16.7,1.64,7.8,168,3,72520.0,0,0.187
2026-07-28T17:00,0.0,0.0,0.0,0.0,0.0,0.0,0,0.0,136.0,70.0,15.7,1.48,7.7,168,1,69300.0,0,0.188
2026-07-28T18:00,0.0,0.0,0.0,0.0,0.0,0.0,0,0.0,231.0,50.0,15.5,0.81,6.9,173,13,69280.0,0,0.187
2026-07-28T19:00,0.0,0.0,0.0,0.0,0.0,0.0,0,0.0,48.0,35.0,14.3,0.95,5.0,183,14,69280.0,0,0.188
2026-07-28T20:00,0.0,0.0,0.0,0.0,0.0,0.0,1,0.0,39.0,30.0,13.2,1.08,4.6,193,33,65540.0,0,0.188
2026-07-28T21:00,0.0,0.0,0.0,0.0,0.0,0.0,2,0.0,29.0,25.0,12.3,1.1,4.7,204,69,65540.0,0,0.188
2026-07-28T22:00,0.0,0.0,0.0,0.0,0.0,0.0,2,0.0,94.0,15.0,11.4,0.9,4.6,214,59,62900.0,0,0.188
2026-07-28T23:00,0.0,0.0,0.0,0.0,0.0,0.0,1,0.0,78.0,15.0,10.6,0.57,3.9,225,43,62900.0,1,0.188
2026-07-29T00:00,0.0,0.0,0.0,0.0,0.0,0.0,3,0.0,74.0,30.0,14.5,1.24,3.3,194,81,62900.0,1,0.186
2026-07-29T01:00,0.0,0.0,0.0,0.0,0.0,0.0,2,0.0,70.0,650.0,18.1,1.38,5.1,136,77,65520.0,1,0.185
2026-07-29T02:00,0.0,0.0,0.0,0.0,0.0,0.0,3,10.0,134.0,1340.0,20.2,1.28,5.5,121,80,69240.0,1,0.184
2026-07-29T03:00,0.0,0.0,0.0,0.0,0.0,0.0,2,130.0,0.0,1560.0,21.6,1.23,6.1,111,51,42360.0,1,0.183
2026-07-29T04:00,0.0,0.0,0.0,0.0,0.0,0.0,1,170.0,19.0,1595.0,22.5,1.38,6.1,136,48,21120.0,1,0.182
2026-07-29T05:00,0.0,0.0,0.0,0.0,0.0,0.0,1,270.0,9.0,1690.0,23.7,1.82,7.3,127,36,15600.0,1,0.181
2026-07-29T06:00,0.1,0.1,0.0,0.0,0.0,0.0,51,340.0,7.0,2000.0,25.0,1.69,7.5,124,77,18020.0,1,0.176
2026-07-29T07:00,0.0,0.0,0.0,0.0,0.0,0.0,2,430.0,3.0,2070.0,25.3,1.79,7.3,126,76,18200.0,1,0.175
2026-07-29T08:00,0.0,0.0,0.0,0.0,0.0,0.0,3,480.0,3.0,2160.0,26.1,1.91,7.6,131,88,27000.0,1,0.173
2026-07-29T09:00,0.0,0.0,0.0,0.0,0.0,0.0,2,460.0,10.0,2060.0,26.2,1.84,7.5,133,74,72440.0,1,0.171
2026-07-29T10:00,0.0,0.0,0.0,0.0,0.0,0.0,3,480.0,7.0,2175.0,26.1,1.86,7.0,121,83,36860.0,1,0.17
2026-07-29T11:00,0.0,0.0,0.0,0.0,0.0,0.0,2,410.0,10.0,2015.0,24.9,1.99,7.0,155,72,22000.0,1,0.17
2026-07-29T12:00,0.0,0.0,0.0,0.0,0.0,0.0,1,360.0,68.0,110.0,22.6,1.03,6.4,203,23,72440.0,1,0.165
2026-07-29T13:00,0.0,0.0,0.0,0.0,0.0,0.0,0,20.0,5.0,20.0,20.0,0.72,4.6,205,13,69180.0,0,0.165
2026-07-29T14:00,0.0,0.0,0.0,0.0,0.0,0.0,1,40.0,37.0,40.0,19.0,1.19,5.5,195,24,69180.0,0,0.165
2026-07-29T15:00,0.0,0.0,0.0,0.0,0.0,0.0,1,50.0,18.0,25.0,17.6,1.05,5.6,205,26,65440.0,0,0.165
2026-07-29T16:00,0.0,0.0,0.0,0.0,0.0,0.0,1,40.0,14.0,20.0,16.4,0.97,4.8,215,49,62800.0,0,0.165
2026-07-29T17:00,0.0,0.0,0.0,0.0,0.0,0.0,3,10.0,14.0,20.0,14.9,1.19,4.6,237,94,59700.0,0,0.165
2026-07-29T18:00,0.0,0.0,0.0,0.0,0.0,0.0,3,10.0,6.0,20.0,15.2,1.25,4.7,233,99,59680.0,0,0.162
2026-07-29T19:00,0.0,0.0,0.0,0.0,0.0,0.0,3,10.0,18.0,20.0,13.6,1.12,4.6,238,100,59680.0,0,0.162
2026-07-29T20:00,0.0,0.0,0.0,0.0,0.0,0.0,3,10.0,7.0,15.0,12.9,0.97,4.0,235,100,59680.0,0,0.162
2026-07-29T21:00,0.0,0.0,0.0,0.0,0.0,0.0,3,0.0,22.0,15.0,12.8,0.87,3.7,239,100,59660.0,0,0.162
2026-07-29T22:00,0.0,0.0,0.0,0.0,0.0,0.0,3,0.0,12.0,15.0,13.3,0.78,3.3,243,100,59660.0,0,0.162
2026-07-29T23:00,0.0,0.0,0.0,0.0,0.0,0.0,3,0.0,27.0,15.0,11.8,0.74,3.1,242,99,59660.0,1,0.163
2026-07-30T00:00,0.0,0.0,0.0,0.0,0.0,0.0,3,0.0,1.0,40.0,16.4,1.3,3.1,254,100,59640.0,1,0.161
2026-07-30T01:00,0.0,0.0,0.0,0.0,0.0,0.0,3,0.0,32.0,705.0,19.2,1.26,3.8,252,95,65380.0,1,0.161
2026-07-30T02:00,0.0,0.0,0.0,0.0,0.0,0.0,3,0.0,2.0,1430.0,21.2,1.14,4.1,232,97,69120.0,1,0.16
2026-07-30T03:00,0.0,0.0,0.0,0.0,0.0,0.0,3,60.0,3.0,1875.0,23.1,1.46,5.8,218,82,19160.0,1,0.16
2026-07-30T04:00,0.0,0.0,0.0,0.0,0.0,0.0,3,10.0,1.0,1915.0,23.8,1.03,5.7,194,89,32040.0,1,0.159
2026-07-30T05:00,0.4,0.1,0.3,0.0,0.0,0.0,51,120.0,1.0,2090.0,24.0,0.82,5.3,218,63,9180.0,1,0.16
2026-07-30T06:00,0.5,0.1,0.4,0.0,0.0,0.0,53,10.0,0.0,2260.0,25.9,1.21,5.4,240,40,19280.0,1,0.167
2026-07-30T07:00,0.1,0.1,0.0,0.0,0.0,0.0,51,550.0,0.0,2565.0,26.6,2.34,7.3,250,38,14320.0,1,0.166
2026-07-30T08:00,0.1,0.1,0.0,0.0,0.0,0.0,51,680.0,0.0,2615.0,26.9,2.49,7.7,255,77,28800.0,1,0.165
2026-07-30T09:00,0.0,0.0,0.0,0.0,0.0,0.0,3,680.0,0.0,2540.0,26.7,2.16,7.6,257,85,25160.0,1,0.164
2026-07-30T10:00,0.0,0.0,0.0,0.0,0.0,0.0,3,80.0,2.0,2650.0,26.4,2.11,6.5,274,100,72340.0,1,0.163
2026-07-30T11:00,0.0,0.0,0.0,0.0,0.0,0.0,3,40.0,2.0,795.0,24.8,0.98,6.6,336,100,53880.0,1,0.162
2026-07-30T12:00,0.3,0.0,0.3,0.0,0.0,0.0,95,2020.0,23.0,185.0,18.2,1.3,8.0,203,100,42240.0,1,0.151
2026-07-30T13:00,0.0,0.0,0.0,0.0,0.0,0.0,3,1920.0,14.0,165.0,17.0,2.26,6.3,155,100,49320.0,0,0.151
2026-07-30T14:00,0.0,0.0,0.0,0.0,0.0,0.0,3,980.0,26.0,190.0,16.7,1.68,6.2,113,100,13380.0,0,0.151
2026-07-30T15:00,0.3,0.2,0.1,0.0,0.0,0.0,51,440.0,19.0,180.0,15.8,1.55,5.3,201,100,7060.0,0,0.154
2026-07-30T16:00,0.6,0.3,0.3,0.0,0.0,0.0,53,320.0,22.0,90.0,15.6,0.58,4.9,239,100,6420.0,0,0.158
2026-07-30T17:00,0.4,0.3,0.1,0.0,0.0,0.0,51,690.0,5.0,40.0,15.6,0.36,1.8,304,100,5440.0,0,0.162
2026-07-30T18:00,1.0,0.9,0.1,0.0,0.0,0.0,55,580.0,2.0,25.0,15.0,0.36,1.9,106,100,2880.0,0,0.167
2026-07-30T19:00,2.3,1.6,0.7,0.0,0.0,0.0,80,470.0,2.0,40.0,14.7,0.22,1.8,63,100,2320.0,0,0.197
2026-07-30T20:00,2.5,1.6,0.9,0.0,0.0,0.0,81,200.0,2.0,55.0,14.7,0.55,2.0,95,100,3120.0,0,0.229
2026-07-30T21:00,1.1,0.9,0.2,0.0,0.0,0.0,55,60.0,4.0,90.0,14.3,0.55,2.4,90,100,5040.0,0,0.243
2026-07-30T22:00,0.7,0.7,0.0,0.0,0.0,0.0,53,70.0,2.0,85.0,14.1,0.5,2.0,53,100,5380.0,0,0.251
2026-07-30T23:00,0.8,0.8,0.0,0.0,0.0,0.0,53,80.0,1.0,60.0,13.9,0.28,2.3,45,100,4080.0,1,0.261
2026-07-31T00:00,1.3,1.3,0.0,0.0,0.0,0.0,61,50.0,1.0,175.0,13.6,0.85,2.2,291,100,8580.0,1,0.274
2026-07-31T01:00,0.2,0.1,0.1,0.0,0.0,0.0,51,140.0,0.0,240.0,14.0,0.18,4.0,34,100,9340.0,1,0.275
2026-07-31T02:00,0.1,0.0,0.1,0.0,0.0,0.0,51,400.0,0.0,480.0,14.8,0.64,4.5,51,100,12780.0,1,0.275
2026-07-31T03:00,0.1,0.1,0.0,0.0,0.0,0.0,51,320.0,0.0,630.0,16.2,0.85,5.1,28,100,14680.0,1,0.275
2026-07-31T04:00,0.1,0.0,0.1,0.0,0.0,0.0,51,370.0,0.0,825.0,17.7,0.94,5.4,32,98,19240.0,1,0.274
2026-07-31T05:00,0.1,0.0,0.1,0.0,0.0,0.0,51,570.0,0.0,1480.0,20.3,0.74,5.8,62,45,37520.0,1,0.273
2026-07-31T06:00,0.0,0.0,0.0,0.0,0.0,0.0,3,380.0,0.0,1565.0,21.6,2.01,5.5,356,98,26860.0,1,0.274
2026-07-31T07:00,0.3,0.0,0.3,0.0,0.0,0.0,51,410.0,0.0,1585.0,22.3,0.73,7.7,16,65,6160.0,1,0.273
2026-07-31T08:00,0.3,0.1,0.2,0.0,0.0,0.0,51,540.0,0.0,1545.0,22.3,0.91,5.2,99,80,16020.0,1,0.273
2026-07-31T09:00,0.1,0.1,0.0,0.0,0.0,0.0,51,460.0,0.0,1600.0,22.2,1.76,7.3,95,96,11860.0,1,0.271
2026-07-31T10:00,0.0,0.0,0.0,0.0,0.0,0.0,3,30.0,24.0,1150.0,20.3,1.01,7.1,189,95,65200.0,1,0.271
2026-07-31T11:00,0.1,0.1,0.0,0.0,0.0,0.0,51,340.0,18.0,240.0,19.2,1.5,4.0,255,94,17660.0,1,0.27
2026-07-31T12:00,0.3,0.0,0.3,0.0,0.0,0.0,51,610.0,5.0,35.0,18.1,0.39,3.7,140,84,5060.0,1,0.32
2026-07-31T13:00,2.1,0.5,1.6,0.0,0.0,0.0,95,830.0,8.0,15.0,16.0,0.47,2.2,108,100,4740.0,0,0.343
2026-07-31T14:00,0.8,0.8,0.0,0.0,0.0,0.0,53,1010.0,4.0,90.0,15.7,0.93,3.0,126,100,5220.0,0,0.349
2026-07-31T15:00,0.5,0.5,0.0,0.0,0.0,0.0,53,750.0,9.0,95.0,15.3,0.36,2.9,146,100,7940.0,0,0.351
2026-07-31T16:00,0.2,0.2,0.0,0.0,0.0,0.0,51,370.0,19.0,105.0,14.7,0.64,2.6,135,91,12320.0,0,0.35
2026-07-31T17:00,0.0,0.0,0.0,0.0,0.0,0.0,3,200.0,18.0,80.0,14.2,0.54,2.6,146,100,41820.0,0,0.346
2026-07-31T18:00,0.0,0.0,0.0,0.0,0.0,0.0,3,150.0,10.0,90.0,14.9,0.43,2.7,159,100,26840.0,0,0.341
2026-07-31T19:00,0.0,0.0,0.0,0.0,0.0,0.0,3,110.0,9.0,50.0,14.2,0.27,2.2,158,100,50960.0,0,0.338
2026-07-31T20:00,0.0,0.0,0.0,0.0,0.0,0.0,3,130.0,7.0,80.0,14.3,0.4,1.7,187,100,50940.0,0,0.336
2026-07-31T21:00,0.0,0.0,0.0,0.0,0.0,0.0,3,160.0,6.0,65.0,14.0,0.45,1.7,207,98,12440.0,0,0.333
2026-07-31T22:00,0.0,0.0,0.0,0.0,0.0,0.0,3,170.0,5.0,50.0,13.8,0.3,1.6,180,95,33040.0,0,0.331
2026-07-31T23:00,0.0,0.0,0.0,0.0,0.0,0.0,3,140.0,6.0,20.0,13.3,0.21,1.5,225,95,8120.0,1,0.329
2026-08-01T00:00,0.0,0.0,0.0,0.0,0.0,0.0,3,210.0,1.0,140.0,14.2,0.85,2.7,180,98,4820.0,1,0.349
2026-08-01T01:00,0.1,0.0,0.1,0.0,0.0,0.0,51,530.0,0.0,335.0,15.1,0.64,3.3,135,99,16040.0,1,0.346
2026-08-01T02:00,0.2,0.1,0.1,0.0,0.0,0.0,51,740.0,0.0,565.0,16.3,0.43,3.5,144,100,9560.0,1,0.344
2026-08-01T03:00,0.3,0.1,0.2,0.0,0.0,0.0,51,910.0,0.0,830.0,17.7,0.32,3.8,72,100,7280.0,1,0.343
2026-08-01T04:00,0.5,0.1,0.4,0.0,0.0,0.0,53,810.0,0.0,1075.0,18.7,0.69,4.0,30,100,6160.0,1,0.343
2026-08-01T05:00,1.9,0.3,1.6,0.0,0.0,0.0,95,710.0,0.0,305.0,16.6,1.19,4.6,303,98,3480.0,1,0.358
2026-08-01T06:00,2.6,0.2,2.4,0.0,0.0,0.0,95,820.0,2.0,285.0,16.2,0.51,5.9,151,91,6440.0,1,0.366
2026-08-01T07:00,0.7,0.2,0.5,0.0,0.0,0.0,53,670.0,0.0,1055.0,17.9,3.25,10.4,337,100,3820.0,1,0.365
2026-08-01T08:00,1.7,0.7,1.0,0.0,0.0,0.0,80,90.0,1.0,665.0,15.8,2.65,12.8,317,100,4360.0,1,0.374
2026-08-01T09:00,0.5,0.4,0.1,0.0,0.0,0.0,53,140.0,1.0,530.0,16.1,1.59,10.1,311,100,13680.0,1,0.37
2026-08-01T10:00,0.1,0.1,0.0,0.0,0.0,0.0,51,260.0,3.0,500.0,16.8,1.3,7.7,298,100,17460.0,1,0.365
2026-08-01T11:00,0.1,0.0,0.1,0.0,0.0,0.0,51,550.0,3.0,335.0,16.8,0.5,7.3,354,100,16340.0,1,0.361
2026-08-01T12:00,0.1,0.0,0.1,0.0,0.0,0.0,51,160.0,10.0,55.0,15.3,0.57,5.7,255,100,30980.0,1,0.364
2026-08-01T13:00,0.0,0.0,0.0,0.0,0.0,0.0,3,120.0,20.0,20.0,14.0,0.36,3.2,236,96,50840.0,0,0.36
2026-08-01T14:00,0.0,0.0,0.0,0.0,0.0,0.0,3,90.0,28.0,15.0,13.4,0.29,3.0,239,92,50820.0,0,0.356
2026-08-01T15:00,0.0,0.0,0.0,0.0,0.0,0.0,2,60.0,33.0,10.0,12.7,0.16,2.6,252,51,50820.0,0,0.353
2026-08-01T16:00,0.0,0.0,0.0,0.0,0.0,0.0,1,70.0,24.0,15.0,12.1,0.21,2.4,256,33,46780.0,0,0.35
2026-08-01T17:00,0.0,0.0,0.0,0.0,0.0,0.0,2,90.0,18.0,20.0,11.6,0.61,3.1,261,70,54200.0,0,0.347
2026-08-01T18:00,0.0,0.0,0.0,0.0,0.0,0.0,2,100.0,11.0,35.0,12.4,0.4,3.3,277,55,50800.0,0,0.333
2026-08-01T19:00,0.0,0.0,0.0,0.0,0.0,0.0,2,80.0,12.0,30.0,11.1,0.65,3.6,274,66,50800.0,0,0.331
2026-08-01T20:00,0.0,0.0,0.0,0.0,0.0,0.0,1,40.0,14.0,25.0,10.4,0.8,4.0,270,38,50780.0,0,0.33
2026-08-01T21:00,0.0,0.0,0.0,0.0,0.0,0.0,1,30.0,18.0,15.0,9.0,0.9,4.0,267,47,1220.0,0,0.328
2026-08-01T22:00,0.0,0.0,0.0,0.0,0.0,0.0,2,20.0,1.0,20.0,8.7,1.1,4.5,265,62,520.0,0,0.327
2026-08-01T23:00,0.0,0.0,0.0,0.0,0.0,0.0,1,0.0,1.0,25.0,8.4,1.3,4.6,268,45,400.0,1,0.325
2026-08-02T00:00,0.0,0.0,0.0,0.0,0.0,0.0,3,0.0,2.0,45.0,10.5,1.4,5.2,274,100,220.0,1,0.331
2026-08-02T01:00,0.0,0.0,0.0,0.0,0.0,0.0,1,110.0,7.0,185.0,13.1,1.21,5.3,294,20,2620.0,1,0.329
2026-08-02T02:00,0.1,0.1,0.0,0.0,0.0,0.0,51,20.0,7.0,950.0,15.8,1.88,7.2,335,25,14820.0,1,0.327
2026-08-02T03:00,0.1,0.1,0.0,0.0,0.0,0.0,51,30.0,2.0,1160.0,17.5,1.87,7.3,344,38,10820.0,1,0.325
2026-08-02T04:00,0.2,0.2,0.0,0.0,0.0,0.0,51,10.0,7.0,1330.0,18.6,2.09,7.8,339,33,11180.0,1,0.323
2026-08-02T05:00,0.2,0.1,0.1,0.0,0.0,0.0,51,0.0,6.0,1505.0,20.0,2.27,8.5,338,26,11700.0,1,0.32
2026-08-02T06:00,0.1,0.0,0.1,0.0,0.0,0.0,51,0.0,5.0,1795.0,20.9,2.88,8.7,340,38,17920.0,1,0.316
2026-08-02T07:00,0.0,0.0,0.0,0.0,0.0,0.0,1,0.0,4.0,1935.0,21.1,3.15,10.6,345,28,18340.0,1,0.313
2026-08-02T08:00,0.0,0.0,0.0,0.0,0.0,0.0,0,0.0,3.0,1980.0,21.4,3.51,11.7,349,13,31400.0,1,0.309
2026-08-02T09:00,0.0,0.0,0.0,0.0,0.0,0.0,0,0.0,2.0,1890.0,21.5,3.34,11.7,351,6,72000.0,1,0.305
2026-08-02T10:00,0.0,0.0,0.0,0.0,0.0,0.0,0,0.0,2.0,2045.0,21.4,2.95,11.2,349,4,72000.0,1,0.302
2026-08-02T11:00,0.0,0.0,0.0,0.0,0.0,0.0,0,0.0,1.0,2085.0,20.8,2.56,10.1,339,13,72000.0,1,0.3
2026-08-02T12:00,0.0,0.0,0.0,0.0,0.0,0.0,1,0.0,0.0,1045.0,18.9,1.5,8.9,15,31,71980.0,1,0.298
2026-08-02T13:00,0.0,0.0,0.0,0.0,0.0,0.0,0,0.0,0.0,415.0,16.7,1.39,7.2,345,14,71980.0,0,0.297
2026-08-02T14:00,0.0,0.0,0.0,0.0,0.0,0.0,1,0.0,56.0,70.0,15.8,1.04,6.9,305,49,68680.0,0,0.297
2026-08-02T15:00,0.0,0.0,0.0,0.0,0.0,0.0,2,40.0,3.0,40.0,15.0,0.78,5.6,285,66,68680.0,0,0.296
2026-08-02T16:00,0.0,0.0,0.0,0.0,0.0,0.0,3,50.0,2.0,25.0,14.7,0.47,5.1,288,84,64900.0,0,0.296
2026-08-02T17:00,0.0,0.0,0.0,0.0,0.0,0.0,2,60.0,3.0,35.0,14.1,0.68,3.5,306,61,64880.0,0,0.296
2026-08-02T18:00,0.0,0.0,0.0,0.0,0.0,0.0,2,30.0,15.0,75.0,14.1,0.65,3.5,337,63,64880.0,0,0.295
2026-08-02T19:00,0.0,0.0,0.0,0.0,0.0,0.0,0,30.0,22.0,55.0,13.0,0.74,3.9,318,5,64880.0,0,0.295
2026-08-02T20:00,0.0,0.0,0.0,0.0,0.0,0.0,0,30.0,29.0,40.0,11.0,0.83,4.0,303,11,62200.0,0,0.294
2026-08-02T21:00,0.0,0.0,0.0,0.0,0.0,0.0,2,20.0,34.0,40.0,10.2,0.78,4.0,297,50,59060.0,0,0.294
2026-08-02T22:00,0.0,0.0,0.0,0.0,0.0,0.0,3,10.0,7.0,50.0,9.4,1.11,4.4,306,91,59060.0,0,0.293
2026-08-02T23:00,0.0,0.0,0.0,0.0,0.0,0.0,3,10.0,3.0,50.0,9.0,1.1,4.6,294,82,55140.0,1,0.293
2026-08-03T00:00,0.0,0.0,0.0,0.0,0.0,0.0,2,10.0,1.0,75.0,11.6,1.35,4.6,312,59,59040.0,1,0.29
2026-08-03T01:00,0.0,0.0,0.0,0.0,0.0,0.0,2,10.0,61.0,260.0,13.9,0.96,4.4,321,62,62180.0,1,0.289
2026-08-03T02:00,0.0,0.0,0.0,0.0,0.0,0.0,1,40.0,15.0,825.0,16.7,1.0,5.0,357,27,64840.0,1,0.287
2026-08-03T03:00,0.0,0.0,0.0,0.0,0.0,0.0,3,40.0,10.0,1175.0,18.4,0.65,5.0,58,91,39600.0,1,0.285
2026-08-03T04:00,0.0,0.0,0.0,0.0,0.0,0.0,3,40.0,3.0,1545.0,19.7,1.15,5.9,92,85,25980.0,1,0.283
2026-08-03T05:00,0.0,0.0,0.0,0.0,0.0,0.0,2,10.0,6.0,1690.0,20.3,1.03,5.9,104,76,71920.0,1,0.28
2026-08-03T06:00,0.0,0.0,0.0,0.0,0.0,0.0,2,40.0,0.0,2180.0,21.1,0.05,5.9,90,66,29980.0,1,0.272
2026-08-03T07:00,0.0,0.0,0.0,0.0,0.0,0.0,3,30.0,0.0,2250.0,21.8,1.05,5.3,115,88,49520.0,1,0.269
2026-08-03T08:00,0.0,0.0,0.0,0.0,0.0,0.0,3,30.0,1.0,1790.0,21.0,2.25,8.1,111,92,15960.0,1,0.267
2026-08-03T09:00,0.1,0.1,0.0,0.0,0.0,0.0,51,50.0,23.0,695.0,19.9,2.94,8.9,132,99,21420.0,1,0.265
2026-08-03T10:00,0.0,0.0,0.0,0.0,0.0,0.0,3,10.0,57.0,535.0,19.6,2.5,8.9,143,100,31300.0,1,0.264
2026-08-03T11:00,0.0,0.0,0.0,0.0,0.0,0.0,3,0.0,63.0,310.0,18.8,1.34,7.7,153,95,68580.0,1,0.263
2026-08-03T12:00,0.0,0.0,0.0,0.0,0.0,0.0,3,0.0,37.0,155.0,18.4,0.7,5.1,94,98,71880.0,1,0.272
2026-08-03T13:00,0.0,0.0,0.0,0.0,0.0,0.0,3,0.0,70.0,30.0,16.9,0.32,3.4,129,85,68560.0,0,0.272
2026-08-03T14:00,0.0,0.0,0.0,0.0,0.0,0.0,3,0.0,73.0,15.0,16.0,0.2,2.9,90,81,68560.0,0,0.271
2026-08-03T15:00,0.0,0.0,0.0,0.0,0.0,0.0,3,0.0,58.0,10.0,15.0,0.11,2.6,207,91,68560.0,0,0.271
2026-08-03T16:00,0.0,0.0,0.0,0.0,0.0,0.0,3,0.0,1.0,15.0,13.8,0.27,2.7,248,80,64760.0,0,0.271
2026-08-03T17:00,0.0,0.0,0.0,0.0,0.0,0.0,3,10.0,14.0,15.0,12.6,0.4,2.4,263,89,64760.0,0,0.271
2026-08-03T18:00,0.0,0.0,0.0,0.0,0.0,0.0,3,0.0,3.0,15.0,12.9,0.32,1.6,252,88,64740.0,0,0.271
2026-08-03T19:00,0.0,0.0,0.0,0.0,0.0,0.0,2,0.0,14.0,15.0,11.6,0.51,1.7,259,78,62060.0,0,0.271
2026-08-03T20:00,0.0,0.0,0.0,0.0,0.0,0.0,3,0.0,13.0,15.0,10.9,0.45,1.7,264,97,62060.0,0,0.271
2026-08-03T21:00,0.0,0.0,0.0,0.0,0.0,0.0,3,0.0,11.0,20.0,10.5,0.5,2.2,276,91,62060.0,0,0.271
2026-08-03T22:00,0.0,0.0,0.0,0.0,0.0,0.0,1,0.0,8.0,20.0,9.9,0.56,2.3,280,29,58920.0,0,0.27
2026-08-03T23:00,0.0,0.0,0.0,0.0,0.0,0.0,0,0.0,6.0,25.0,9.3,0.66,2.5,279,5,31560.0,1,0.27
2026-08-04T00:00,0.0,0.0,0.0,0.0,0.0,0.0,0,0.0,14.0,80.0,12.1,1.41,3.4,293,2,58900.0,1,0.27
2026-08-04T01:00,0.0,0.0,0.0,0.0,0.0,0.0,0,10.0,79.0,305.0,15.1,1.31,4.9,317,13,62020.0,1,0.269
2026-08-04T02:00,0.0,0.0,0.0,0.0,0.0,0.0,0,0.0,19.0,865.0,17.6,1.1,5.3,5,2,64700.0,1,0.268
2026-08-04T03:00,0.0,0.0,0.0,0.0,0.0,0.0,0,20.0,10.0,1295.0,19.4,1.74,7.2,51,18,36440.0,1,0.265
2026-08-04T04:00,0.1,0.1,0.0,0.0,0.0,0.0,51,10.0,55.0,1420.0,20.1,1.54,7.6,61,22,19300.0,1,0.263
2026-08-04T05:00,0.2,0.1,0.1,0.0,0.0,0.0,51,20.0,18.0,1570.0,21.5,1.11,6.8,72,24,8460.0,1,0.262
2026-08-04T06:00,0.2,0.1,0.1,0.0,0.0,0.0,51,20.0,10.0,1650.0,21.8,0.65,6.2,86,32,8660.0,1,0.26
2026-08-04T07:00,0.2,0.1,0.1,0.0,0.0,0.0,51,120.0,8.0,1885.0,22.0,0.93,5.5,126,13,13000.0,1,0.259
2026-08-04T08:00,0.1,0.1,0.0,0.0,0.0,0.0,51,20.0,44.0,2190.0,22.8,1.14,6.0,113,23,15900.0,1,0.257
2026-08-04T09:00,0.0,0.0,0.0,0.0,0.0,0.0,1,350.0,0.0,2475.0,23.5,0.78,5.9,135,21,21260.0,1,0.254
2026-08-04T10:00,0.3,0.0,0.3,0.0,0.0,0.0,51,340.0,0.0,1555.0,21.0,3.0,9.8,89,43,9880.0,1,0.255
2026-08-04T11:00,0.3,0.3,0.0,0.0,0.0,0.0,51,200.0,37.0,505.0,18.0,1.9,11.1,60,51,6220.0,1,0.256
2026-08-04T12:00,0.3,0.3,0.0,0.0,0.0,0.0,51,680.0,48.0,135.0,15.4,1.0,6.3,360,95,5260.0,1,0.264
2026-08-04T13:00,0.3,0.2,0.1,0.0,0.0,0.0,51,700.0,65.0,100.0,14.3,1.19,4.4,237,71,17780.0,0,0.267
2026-08-04T14:00,0.0,0.0,0.0,0.0,0.0,0.0,2,650.0,45.0,35.0,14.0,0.21,3.1,315,60,9300.0,0,0.268
2026-08-04T15:00,0.2,0.2,0.0,0.0,0.0,0.0,51,440.0,49.0,40.0,13.3,0.99,2.7,229,14,13360.0,0,0.27
2026-08-04T16:00,0.0,0.0,0.0,0.0,0.0,0.0,1,20.0,53.0,180.0,12.1,1.6,5.9,148,24,14880.0,0,0.271
2026-08-04T17:00,0.1,0.1,0.0,0.0,0.0,0.0,51,300.0,44.0,50.0,12.3,0.38,6.5,157,10,13040.0,0,0.272
2026-08-04T18:00,0.1,0.1,0.0,0.0,0.0,0.0,51,300.0,26.0,55.0,12.1,0.45,3.2,180,16,21700.0,0,0.264
2026-08-04T19:00,0.0,0.0,0.0,0.0,0.0,0.0,0,10.0,66.0,15.0,11.2,0.18,2.6,214,10,20920.0,0,0.264
2026-08-04T20:00,0.0,0.0,0.0,0.0,0.0,0.0,0,20.0,30.0,15.0,10.6,0.22,1.4,243,2,27780.0,0,0.265
2026-08-04T21:00,0.0,0.0,0.0,0.0,0.0,0.0,0,20.0,27.0,10.0,10.0,0.22,0.8,243,6,41180.0,0,0.265
2026-08-04T22:00,0.0,0.0,0.0,0.0,0.0,0.0,0,50.0,11.0,10.0,9.3,0.11,1.0,243,12,41680.0,0,0.264
2026-08-04T23:00,0.0,0.0,0.0,0.0,0.0,0.0,0,50.0,5.0,15.0,8.2,0.32,1.3,252,14,32580.0,1,0.264
