time_utc,precipitation,rain,showers,snowfall,snowfall_water_equivalent,snow_depth,weather_code,cape,convective_inhibition,boundary_layer_height,temperature_2m,wind_speed_10m,wind_gusts_10m,wind_direction_10m,cloud_cover,visibility,is_day,soil_moisture_0_to_7cm
2026-01-14T00:00,0.0,0.0,0.0,0.0,0.0,0.0,3,0.0,,15.0,4.2,0.65,2.0,90,98,180.0,1,0.454
2026-01-14T01:00,0.0,0.0,0.0,0.0,0.0,0.0,3,0.0,,10.0,6.5,0.5,2.4,6,95,6540.0,1,0.454
2026-01-14T02:00,0.0,0.0,0.0,0.0,0.0,0.0,1,0.0,,105.0,10.6,1.44,4.1,340,26,14680.0,1,0.454
2026-01-14T03:00,0.0,0.0,0.0,0.0,0.0,0.0,1,0.0,,265.0,14.1,1.68,5.2,337,23,16060.0,1,0.453
2026-01-14T04:00,0.0,0.0,0.0,0.0,0.0,0.0,0,0.0,,490.0,16.7,1.52,5.2,343,3,17200.0,1,0.452
2026-01-14T05:00,0.0,0.0,0.0,0.0,0.0,0.0,2,0.0,,1125.0,18.9,1.28,5.1,291,66,17200.0,1,0.451
2026-01-14T06:00,0.0,0.0,0.0,0.0,0.0,0.0,3,0.0,,1525.0,19.4,2.32,5.0,263,100,18180.0,1,0.476
2026-01-14T07:00,0.0,0.0,0.0,0.0,0.0,0.0,3,0.0,,1215.0,18.6,3.07,6.5,254,100,17220.0,1,0.475
2026-01-14T08:00,0.0,0.0,0.0,0.0,0.0,0.0,3,0.0,,900.0,17.8,2.72,6.8,257,100,17220.0,1,0.474
2026-01-14T09:00,0.0,0.0,0.0,0.0,0.0,0.0,3,0.0,,185.0,16.6,1.08,5.9,283,98,17220.0,1,0.473
2026-01-14T10:00,0.0,0.0,0.0,0.0,0.0,0.0,3,0.0,,50.0,15.1,0.92,2.6,315,100,16080.0,1,0.472
2026-01-14T11:00,0.0,0.0,0.0,0.0,0.0,0.0,3,0.0,,25.0,14.3,0.72,2.1,282,100,16080.0,0,0.471
2026-01-14T12:00,0.0,0.0,0.0,0.0,0.0,0.0,3,10.0,0.0,15.0,14.1,0.4,1.9,240,100,14700.0,0,0.449
2026-01-14T13:00,0.0,0.0,0.0,0.0,0.0,0.0,3,0.0,3.0,30.0,13.4,0.93,2.1,234,81,14700.0,0,0.449
2026-01-14T14:00,0.0,0.0,0.0,0.0,0.0,0.0,0,0.0,,20.0,11.9,0.72,2.1,295,1,14700.0,0,0.449
2026-01-14T15:00,0.0,0.0,0.0,0.0,0.0,0.0,0,0.0,,20.0,10.2,0.71,2.0,309,2,12660.0,0,0.449
2026-01-14T16:00,0.0,0.0,0.0,0.0,0.0,0.0,0,0.0,,15.0,9.6,0.39,1.9,220,2,11380.0,0,0.449
2026-01-14T17:00,0.0,0.0,0.0,0.0,0.0,0.0,0,0.0,0.0,25.0,8.5,1.2,2.1,185,1,11380.0,0,0.449
2026-01-14T18:00,0.0,0.0,0.0,0.0,0.0,0.0,0,0.0,,15.0,8.6,0.67,2.0,193,2,11380.0,0,0.445
2026-01-14T19:00,0.0,0.0,0.0,0.0,0.0,0.0,0,0.0,,15.0,8.2,0.58,1.3,239,2,11380.0,0,0.445
2026-01-14T20:00,0.0,0.0,0.0,0.0,0.0,0.0,0,0.0,,35.0,7.6,0.67,1.4,283,5,9700.0,0,0.445
2026-01-14T21:00,0.0,0.0,0.0,0.0,0.0,0.0,0,0.0,,65.0,7.2,0.46,1.6,283,2,9700.0,0,0.446
2026-01-14T22:00,0.0,0.0,0.0,0.0,0.0,0.0,0,0.0,,65.0,6.9,0.29,1.2,239,1,9700.0,0,0.446
2026-01-14T23:00,0.0,0.0,0.0,0.0,0.0,0.0,0,0.0,,60.0,6.7,0.32,0.8,198,0,9700.0,0,0.446
2026-01-15T00:00,0.0,0.0,0.0,0.0,0.0,0.0,3,0.0,91.0,75.0,6.4,0.53,1.0,229,100,180.0,1,0.448
2026-01-15T01:00,0.0,0.0,0.0,0.0,0.0,0.0,3,0.0,,100.0,7.8,0.99,3.3,221,98,200.0,1,0.448
2026-01-15T02:00,0.0,0.0,0.0,0.0,0.0,0.0,1,0.0,,140.0,10.0,0.79,3.6,215,23,11400.0,1,0.448
2026-01-15T03:00,0.0,0.0,0.0,0.0,0.0,0.0,0,0.0,,255.0,13.8,0.72,3.9,258,1,16120.0,1,0.447
2026-01-15T04:00,0.0,0.0,0.0,0.0,0.0,0.0,0,0.0,,495.0,16.7,0.57,3.9,322,2,17280.0,1,0.446
2026-01-15T05:00,0.0,0.0,0.0,0.0,0.0,0.0,2,0.0,,980.0,18.5,0.36,3.9,304,55,17280.0,1,0.445
2026-01-15T06:00,0.0,0.0,0.0,0.0,0.0,0.0,3,0.0,22.0,1065.0,18.6,1.95,5.4,312,100,17300.0,1,0.445
2026-01-15T07:00,0.0,0.0,0.0,0.0,0.0,0.0,3,0.0,,1590.0,19.0,1.52,5.6,297,100,18280.0,1,0.444
2026-01-15T08:00,0.0,0.0,0.0,0.0,0.0,0.0,0,0.0,,1210.0,19.1,0.61,4.5,325,16,18280.0,1,0.444
2026-01-15T09:00,0.0,0.0,0.0,0.0,0.0,0.0,0,0.0,,75.0,18.9,0.9,2.6,19,1,18280.0,1,0.443
2026-01-15T10:00,0.0,0.0,0.0,0.0,0.0,0.0,0,0.0,,70.0,15.2,1.74,3.3,51,2,17300.0,1,0.443
2026-01-15T11:00,0.0,0.0,0.0,0.0,0.0,0.0,0,0.0,,70.0,13.5,2.03,4.4,80,5,16160.0,0,0.443
2026-01-15T12:00,0.0,0.0,0.0,0.0,0.0,0.0,0,0.0,141.0,30.0,11.2,1.3,4.2,90,0,14760.0,0,0.442
2026-01-15T13:00,0.0,0.0,0.0,0.0,0.0,0.0,0,0.0,,30.0,10.3,1.32,3.0,99,0,11420.0,0,0.442
2026-01-15T14:00,0.0,0.0,0.0,0.0,0.0,0.0,1,0.0,,20.0,9.3,0.92,2.8,112,27,9720.0,0,0.442
2026-01-15T15:00,0.0,0.0,0.0,0.0,0.0,0.0,2,0.0,0.0,15.0,9.5,0.35,2.2,90,79,9720.0,0,0.442
2026-01-15T16:00,0.0,0.0,0.0,0.0,0.0,0.0,3,10.0,0.0,20.0,9.7,0.8,1.8,94,100,9720.0,0,0.442
2026-01-15T17:00,0.0,0.0,0.0,0.0,0.0,0.0,3,20.0,0.0,15.0,10.5,0.57,1.9,105,100,11420.0,0,0.442
2026-01-15T18:00,0.0,0.0,0.0,0.0,0.0,0.0,2,20.0,0.0,20.0,10.7,0.49,1.6,45,63,11420.0,0,0.443
2026-01-15T19:00,0.0,0.0,0.0,0.0,0.0,0.0,3,10.0,0.0,10.0,9.8,0.07,1.3,135,100,9740.0,0,0.443
2026-01-15T20:00,0.0,0.0,0.0,0.0,0.0,0.0,3,0.0,0.0,10.0,10.4,0.1,1.1,180,100,11440.0,0,0.443
2026-01-15T21:00,0.0,0.0,0.0,0.0,0.0,0.0,3,0.0,0.0,25.0,10.6,0.36,1.1,254,100,11440.0,0,0.443
2026-01-15T22:00,0.0,0.0,0.0,0.0,0.0,0.0,3,10.0,6.0,30.0,10.5,0.46,1.3,229,100,9740.0,0,0.443
2026-01-15T23:00,0.0,0.0,0.0,0.0,0.0,0.0,3,10.0,9.0,40.0,10.3,0.96,2.0,219,100,9740.0,0,0.443
2026-01-16T00:00,0.0,0.0,0.0,0.0,0.0,0.0,3,20.0,20.0,30.0,10.3,0.82,2.6,232,100,9740.0,1,0.44
2026-01-16T01:00,0.0,0.0,0.0,0.0,0.0,0.0,3,20.0,7.0,80.0,11.0,0.9,2.7,236,100,11240.0,1,0.44
2026-01-16T02:00,0.0,0.0,0.0,0.0,0.0,0.0,3,10.0,8.0,125.0,12.2,0.84,3.1,253,84,12740.0,1,0.44
2026-01-16T03:00,0.0,0.0,0.0,0.0,0.0,0.0,2,0.0,0.0,215.0,14.2,0.95,3.9,270,77,14820.0,1,0.44
2026-01-16T04:00,0.0,0.0,0.0,0.0,0.0,0.0,2,0.0,,330.0,16.5,0.76,4.0,293,55,16200.0,1,0.439
2026-01-16T05:00,0.0,0.0,0.0,0.0,0.0,0.0,1,0.0,,510.0,18.4,0.34,3.9,243,41,16220.0,1,0.438
2026-01-16T06:00,0.0,0.0,0.0,0.0,0.0,0.0,1,0.0,1.0,635.0,18.6,0.18,3.5,214,21,16220.0,1,0.453
2026-01-16T07:00,0.0,0.0,0.0,0.0,0.0,0.0,1,0.0,3.0,870.0,20.2,0.67,3.5,257,29,17380.0,1,0.452
2026-01-16T08:00,0.0,0.0,0.0,0.0,0.0,0.0,1,0.0,5.0,990.0,20.5,1.03,3.8,256,30,17380.0,1,0.451
2026-01-16T09:00,0.0,0.0,0.0,0.0,0.0,0.0,2,10.0,8.0,695.0,20.0,0.91,3.5,279,68,17400.0,1,0.45
2026-01-16T10:00,0.0,0.0,0.0,0.0,0.0,0.0,1,10.0,10.0,90.0,17.9,1.3,2.3,293,29,16220.0,1,0.45
2026-01-16T11:00,0.0,0.0,0.0,0.0,0.0,0.0,1,0.0,14.0,75.0,15.7,1.61,3.4,334,33,16240.0,0,0.45
2026-01-16T12:00,0.0,0.0,0.0,0.0,0.0,0.0,2,0.0,7.0,40.0,14.4,0.74,3.3,110,51,11420.0,0,0.431
2026-01-16T13:00,0.0,0.0,0.0,0.0,0.0,0.0,1,0.0,,20.0,13.7,0.42,1.7,135,23,12020.0,0,0.432
2026-01-16T14:00,0.0,0.0,0.0,0.0,0.0,0.0,0,0.0,,15.0,12.6,0.21,1.1,76,9,9420.0,0,0.432
2026-01-16T15:00,0.0,0.0,0.0,0.0,0.0,0.0,1,0.0,39.0,15.0,11.6,0.6,1.4,95,23,9600.0,0,0.432
2026-01-16T16:00,0.0,0.0,0.0,0.0,0.0,0.0,1,0.0,17.0,10.0,11.5,0.22,1.6,117,38,6580.0,0,0.432
2026-01-16T17:00,0.0,0.0,0.0,0.0,0.0,0.0,1,0.0,,10.0,11.4,0.14,1.3,135,33,9140.0,0,0.433
2026-01-16T18:00,0.0,0.0,0.0,0.0,0.0,0.0,2,0.0,42.0,10.0,11.1,0.05,1.2,180,66,6540.0,0,0.427
2026-01-16T19:00,0.0,0.0,0.0,0.0,0.0,0.0,3,0.0,,10.0,11.2,0.05,1.0,180,82,6560.0,0,0.427
2026-01-16T20:00,0.0,0.0,0.0,0.0,0.0,0.0,3,0.0,,15.0,11.2,0.22,1.2,117,100,6560.0,0,0.428
2026-01-16T21:00,0.0,0.0,0.0,0.0,0.0,0.0,3,10.0,56.0,20.0,11.6,0.32,1.5,129,92,6600.0,0,0.428
2026-01-16T22:00,0.0,0.0,0.0,0.0,0.0,0.0,3,0.0,,30.0,11.7,0.67,2.1,117,100,9760.0,0,0.428
2026-01-16T23:00,0.0,0.0,0.0,0.0,0.0,0.0,2,0.0,,190.0,12.0,0.85,2.4,90,73,11480.0,0,0.429
2026-01-17T00:00,0.0,0.0,0.0,0.0,0.0,0.0,3,0.0,12.0,10.0,10.2,0.16,2.4,162,98,1460.0,1,0.425
2026-01-17T01:00,0.0,0.0,0.0,0.0,0.0,0.0,3,0.0,0.0,80.0,12.4,0.27,2.1,68,95,9780.0,1,0.425
2026-01-17T02:00,0.0,0.0,0.0,0.0,0.0,0.0,2,0.0,0.0,505.0,14.6,1.04,3.6,73,61,16260.0,1,0.425
2026-01-17T03:00,0.0,0.0,0.0,0.0,0.0,0.0,1,0.0,0.0,615.0,16.5,1.63,5.0,67,48,17420.0,1,0.424
2026-01-17T04:00,0.0,0.0,0.0,0.0,0.0,0.0,0,0.0,0.0,795.0,18.3,1.41,5.2,63,1,17420.0,1,0.424
2026-01-17T05:00,0.0,0.0,0.0,0.0,0.0,0.0,0,0.0,0.0,1160.0,19.7,0.6,5.0,66,5,18420.0,1,0.423
2026-01-17T06:00,0.0,0.0,0.0,0.0,0.0,0.0,3,0.0,219.0,1540.0,20.0,0.65,3.9,176,100,18420.0,1,0.432
2026-01-17T07:00,0.0,0.0,0.0,0.0,0.0,0.0,3,0.0,0.0,1680.0,20.9,1.1,3.8,204,100,18420.0,1,0.432
2026-01-17T08:00,0.0,0.0,0.0,0.0,0.0,0.0,3,10.0,0.0,1750.0,21.0,1.43,4.1,205,100,18420.0,1,0.431
2026-01-17T09:00,0.0,0.0,0.0,0.0,0.0,0.0,3,10.0,0.0,1650.0,20.5,1.52,4.1,189,100,18420.0,1,0.431
2026-01-17T10:00,0.0,0.0,0.0,0.0,0.0,0.0,3,0.0,0.0,40.0,18.4,0.67,3.3,153,98,17440.0,1,0.431
2026-01-17T11:00,0.0,0.0,0.0,0.0,0.0,0.0,1,0.0,0.0,45.0,16.4,1.25,2.6,106,33,16260.0,0,0.431
2026-01-17T12:00,0.0,0.0,0.0,0.0,0.0,0.0,0,0.0,239.0,30.0,13.8,1.14,4.4,105,10,14880.0,0,0.414
2026-01-17T13:00,0.0,0.0,0.0,0.0,0.0,0.0,0,0.0,0.0,20.0,12.6,0.72,2.5,124,16,12800.0,0,0.414
2026-01-17T14:00,0.0,0.0,0.0,0.0,0.0,0.0,0,0.0,0.0,20.0,11.7,0.87,2.2,103,10,11500.0,0,0.414
2026-01-17T15:00,0.0,0.0,0.0,0.0,0.0,0.0,0,0.0,146.0,15.0,10.8,0.7,2.2,111,10,9780.0,0,0.415
2026-01-17T16:00,0.0,0.0,0.0,0.0,0.0,0.0,0,0.0,0.0,20.0,10.3,0.87,2.2,103,9,9780.0,0,0.415
2026-01-17T17:00,0.0,0.0,0.0,0.0,0.0,0.0,0,0.0,0.0,30.0,10.0,1.1,2.6,95,12,9780.0,0,0.416
2026-01-17T18:00,0.0,0.0,0.0,0.0,0.0,0.0,1,0.0,117.0,35.0,9.9,1.15,2.6,90,23,9780.0,0,0.413
2026-01-17T19:00,0.0,0.0,0.0,0.0,0.0,0.0,1,0.0,3.0,35.0,10.0,1.01,2.7,81,31,9800.0,0,0.413
2026-01-17T20:00,0.0,0.0,0.0,0.0,0.0,0.0,1,0.0,3.0,35.0,9.9,0.95,2.4,93,40,9800.0,0,0.413
2026-01-17T21:00,0.0,0.0,0.0,0.0,0.0,0.0,3,0.0,101.0,45.0,10.0,1.2,2.7,95,95,9800.0,0,0.414
2026-01-17T22:00,0.0,0.0,0.0,0.0,0.0,0.0,3,0.0,4.0,80.0,10.8,1.7,3.5,92,94,11500.0,0,0.414
2026-01-17T23:00,0.0,0.0,0.0,0.0,0.0,0.0,3,0.0,8.0,85.0,10.8,1.55,3.5,86,100,11500.0,0,0.415
2026-01-18T00:00,0.0,0.0,0.0,0.0,0.0,0.0,3,0.0,0.0,95.0,11.2,1.48,3.6,78,100,12800.0,1,0.406
2026-01-18T01:00,0.0,0.0,0.0,0.0,0.0,0.0,3,0.0,138.0,140.0,12.3,1.63,3.9,79,100,14900.0,1,0.406
2026-01-18T02:00,0.0,0.0,0.0,0.0,0.0,0.0,3,0.0,154.0,180.0,13.5,1.79,4.4,72,100,14900.0,1,0.407
2026-01-18T03:00,0.0,0.0,0.0,0.0,0.0,0.0,3,0.0,192.0,225.0,14.9,1.98,4.9,69,98,16300.0,1,0.407
2026-01-18T04:00,0.0,0.0,0.0,0.0,0.0,0.0,2,0.0,187.0,385.0,17.4,2.06,5.6,64,72,16300.0,1,0.407
2026-01-18T05:00,0.0,0.0,0.0,0.0,0.0,0.0,3,0.0,197.0,855.0,20.1,1.87,5.9,82,92,17460.0,1,0.407
2026-01-18T06:00,0.0,0.0,0.0,0.0,0.0,0.0,3,0.0,326.0,1085.0,20.7,2.08,5.6,125,100,17460.0,1,0.417
2026-01-18T07:00,0.1,0.0,0.1,0.0,0.0,0.0,51,20.0,336.0,1175.0,21.9,3.08,7.2,167,49,17460.0,1,0.418
2026-01-18T08:00,0.0,0.0,0.0,0.0,0.0,0.0,1,10.0,346.0,1200.0,22.0,3.12,7.4,131,39,17460.0,1,0.418
2026-01-18T09:00,0.0,0.0,0.0,0.0,0.0,0.0,1,10.0,261.0,425.0,20.7,3.67,7.7,84,20,17480.0,1,0.418
2026-01-18T10:00,0.0,0.0,0.0,0.0,0.0,0.0,1,10.0,107.0,340.0,17.7,4.5,9.5,78,23,16300.0,1,0.418
2026-01-18T11:00,0.0,0.0,0.0,0.0,0.0,0.0,0,20.0,80.0,310.0,16.0,4.7,9.8,88,13,13720.0,0,0.418
2026-01-18T12:00,0.0,0.0,0.0,0.0,0.0,0.0,1,20.0,59.0,315.0,15.8,4.86,10.4,86,33,14900.0,0,0.405
2026-01-18T13:00,0.0,0.0,0.0,0.0,0.0,0.0,0,10.0,43.0,350.0,13.5,5.43,11.4,84,13,14900.0,0,0.406
2026-01-18T14:00,0.0,0.0,0.0,0.0,0.0,0.0,0,20.0,1.0,395.0,11.6,5.46,11.7,82,16,14900.0,0,0.406
2026-01-18T15:00,0.0,0.0,0.0,0.0,0.0,0.0,3,30.0,0.0,405.0,10.0,5.17,11.9,81,100,12820.0,0,0.406
2026-01-18T16:00,0.0,0.0,0.0,0.0,0.0,0.0,3,40.0,0.0,470.0,9.9,3.72,11.4,85,100,14920.0,0,0.406
2026-01-18T17:00,0.0,0.0,0.0,0.0,0.0,0.0,3,40.0,0.0,530.0,8.9,3.67,8.6,79,100,8780.0,0,0.406
2026-01-18T18:00,0.1,0.1,0.0,0.0,0.0,0.0,51,40.0,0.0,550.0,8.2,3.0,8.7,62,100,6460.0,0,0.403
2026-01-18T19:00,0.2,0.2,0.0,0.0,0.0,0.0,51,60.0,0.0,590.0,7.2,3.47,7.6,46,100,4620.0,0,0.404
2026-01-18T20:00,0.4,0.4,0.0,0.0,0.0,0.0,51,40.0,0.0,605.0,6.1,3.61,7.9,48,100,4240.0,0,0.408
2026-01-18T21:00,0.2,0.2,0.0,0.0,0.0,0.0,51,20.0,0.0,610.0,5.5,3.54,8.2,54,100,5960.0,0,0.409
2026-01-18T22:00,0.2,0.2,0.0,0.0,0.0,0.0,51,20.0,0.0,610.0,5.0,3.2,8.3,56,100,4220.0,0,0.411
2026-01-18T23:00,0.6,0.6,0.0,0.0,0.0,0.0,53,40.0,0.0,630.0,4.5,3.04,7.6,57,100,3240.0,0,0.417
2026-01-19T00:00,0.5,0.5,0.0,0.0,0.0,0.0,53,30.0,0.0,590.0,4.1,3.13,8.0,56,100,7580.0,1,0.424
2026-01-19T01:00,0.0,0.0,0.0,0.0,0.0,0.0,3,10.0,0.0,630.0,4.2,4.72,10.0,54,100,8080.0,1,0.424
2026-01-19T02:00,0.0,0.0,0.0,0.0,0.0,0.0,3,30.0,0.0,650.0,4.2,4.36,10.3,53,100,7560.0,1,0.424
2026-01-19T03:00,0.1,0.1,0.0,0.0,0.0,0.0,51,10.0,0.0,640.0,4.2,4.34,9.6,52,100,4360.0,1,0.424
2026-01-19T04:00,0.6,0.6,0.0,0.0,0.0,0.0,53,0.0,0.0,625.0,3.6,3.93,9.6,47,100,5420.0,1,0.429
2026-01-19T05:00,0.1,0.1,0.0,0.0,0.0,0.0,51,10.0,0.0,630.0,3.8,4.58,9.8,51,100,6700.0,1,0.43
2026-01-19T06:00,0.1,0.1,0.0,0.0,0.0,0.0,51,10.0,0.0,620.0,3.2,4.53,10.1,59,100,8060.0,1,0.436
2026-01-19T07:00,0.5,0.5,0.0,0.0,0.0,0.0,53,10.0,0.0,605.0,2.9,4.44,9.9,59,100,2540.0,1,0.441
2026-01-19T08:00,1.1,1.1,0.0,0.0,0.0,0.0,55,0.0,0.0,595.0,2.7,4.04,9.6,56,100,3520.0,1,0.453
2026-01-19T09:00,0.6,0.6,0.0,0.0,0.0,0.0,53,0.0,0.0,620.0,2.4,3.73,8.8,55,100,5220.0,1,0.459
2026-01-19T10:00,0.3,0.3,0.0,0.0,0.0,0.0,51,0.0,0.0,660.0,2.2,3.81,8.4,56,100,2920.0,1,0.461
2026-01-19T11:00,1.1,1.1,0.0,0.0,0.0,0.0,55,30.0,0.0,665.0,1.8,4.41,9.4,61,100,3060.0,0,0.474
2026-01-19T12:00,0.6,0.6,0.0,0.0,0.0,0.0,53,10.0,0.0,670.0,1.2,4.43,10.2,66,100,3980.0,0,0.49
2026-01-19T13:00,0.4,0.4,0.0,0.0,0.0,0.0,51,20.0,0.0,680.0,1.0,3.54,9.9,57,100,3140.0,0,0.491
2026-01-19T14:00,0.9,0.9,0.0,0.0,0.0,0.0,53,50.0,0.0,725.0,0.7,3.59,8.3,58,100,3700.0,0,0.497
2026-01-19T15:00,0.5,0.5,0.0,0.0,0.0,0.0,53,40.0,0.0,755.0,0.3,3.44,9.2,57,100,3840.0,0,0.497
2026-01-19T16:00,0.6,0.6,0.0,0.0,0.0,0.0,53,10.0,0.0,770.0,-0.0,3.39,8.2,59,100,2980.0,0,0.499
2026-01-19T17:00,0.7,0.7,0.0,0.0,0.0,0.0,53,10.0,0.0,810.0,-0.3,3.48,9.0,51,100,3780.0,0,0.501
2026-01-19T18:00,0.4,0.4,0.0,0.0,0.0,0.0,51,20.0,0.0,800.0,-0.4,3.83,8.5,49,100,4240.0,0,0.486
2026-01-19T19:00,0.3,0.3,0.0,0.0,0.0,0.0,51,20.0,0.0,840.0,-0.5,4.07,9.4,45,100,5300.0,0,0.486
2026-01-19T20:00,0.4,0.4,0.0,0.0,0.0,0.0,51,30.0,0.0,835.0,-0.9,3.61,9.4,42,100,3540.0,0,0.487
2026-01-19T21:00,0.6,0.4,0.2,0.0,0.0,0.0,53,30.0,0.0,765.0,-1.0,3.76,8.7,61,100,3740.0,0,0.491
2026-01-19T22:00,0.7,0.7,0.0,0.0,0.0,0.0,53,30.0,0.0,815.0,-1.1,3.72,9.0,48,100,3920.0,0,0.495
2026-01-19T23:00,0.3,0.3,0.0,0.0,0.0,0.0,51,30.0,0.0,850.0,-1.1,3.01,8.4,48,100,3920.0,0,0.494
2026-01-20T00:00,0.6,0.5,0.0,0.07,0.1,0.0,71,40.0,0.0,790.0,-1.4,3.41,8.7,58,100,4380.0,1,0.496
2026-01-20T01:00,0.1,0.1,0.0,0.0,0.0,0.0,51,10.0,0.0,825.0,-1.2,3.9,8.6,54,98,8500.0,1,0.493
2026-01-20T02:00,0.0,0.0,0.0,0.0,0.0,0.0,3,0.0,0.0,840.0,-0.4,4.88,10.7,57,100,14800.0,1,0.49
2026-01-20T03:00,0.0,0.0,0.0,0.0,0.0,0.0,3,0.0,0.0,850.0,0.2,4.83,11.0,56,98,14500.0,1,0.488
2026-01-20T04:00,0.0,0.0,0.0,0.0,0.0,0.0,3,10.0,0.0,905.0,0.7,4.72,10.8,50,100,15780.0,1,0.485
2026-01-20T05:00,0.0,0.0,0.0,0.0,0.0,0.0,3,10.0,,895.0,0.9,4.36,10.7,53,100,7840.0,1,0.483
2026-01-20T06:00,0.1,0.1,0.0,0.0,0.0,0.0,51,0.0,1.0,850.0,-0.1,4.1,10.0,56,95,10040.0,1,0.485
2026-01-20T07:00,0.0,0.0,0.0,0.0,0.0,0.0,3,0.0,,865.0,0.5,4.05,9.1,55,100,15800.0,1,0.484
2026-01-20T08:00,0.0,0.0,0.0,0.0,0.0,0.0,3,0.0,,855.0,0.6,4.27,9.8,57,100,16240.0,1,0.482
2026-01-20T09:00,0.0,0.0,0.0,0.0,0.0,0.0,3,10.0,0.0,875.0,0.5,3.98,9.6,62,100,16360.0,1,0.481
2026-01-20T10:00,0.0,0.0,0.0,0.0,0.0,0.0,3,0.0,,855.0,-0.1,3.28,8.9,69,97,16380.0,1,0.479
2026-01-20T11:00,0.0,0.0,0.0,0.0,0.0,0.0,3,0.0,,835.0,-0.4,3.13,7.3,63,99,16380.0,0,0.478
2026-01-20T12:00,0.0,0.0,0.0,0.0,0.0,0.0,3,0.0,0.0,850.0,-1.2,3.76,7.6,61,100,14780.0,0,0.475
2026-01-20T13:00,0.0,0.0,0.0,0.0,0.0,0.0,3,10.0,0.0,830.0,-1.3,3.86,8.5,59,100,14960.0,0,0.474
2026-01-20T14:00,0.0,0.0,0.0,0.0,0.0,0.0,3,0.0,0.0,835.0,-1.4,3.91,9.0,58,100,11980.0,0,0.474
2026-01-20T15:00,0.0,0.0,0.0,0.0,0.0,0.0,3,0.0,0.0,840.0,-1.5,3.8,8.7,57,100,14820.0,0,0.473
2026-01-20T16:00,0.0,0.0,0.0,0.0,0.0,0.0,3,0.0,6.0,845.0,-1.5,3.81,8.5,52,100,5460.0,0,0.472
2026-01-20T17:00,0.3,0.3,0.0,0.0,0.0,0.0,51,0.0,7.0,835.0,-1.7,3.43,8.4,48,100,2040.0,0,0.474
2026-01-20T18:00,0.3,0.2,0.0,0.07,0.1,0.0,71,20.0,0.0,810.0,-1.8,3.68,7.8,48,100,520.0,0,0.476
2026-01-20T19:00,0.2,0.0,0.0,0.14,0.2,0.0,71,20.0,0.0,810.0,-1.6,2.94,8.4,50,100,1500.0,0,0.475
2026-01-20T20:00,0.2,0.0,0.0,0.14,0.2,0.0,71,10.0,0.0,810.0,-1.7,3.19,7.3,55,100,5380.0,0,0.474
2026-01-20T21:00,0.1,0.0,0.0,0.07,0.1,0.0,71,20.0,0.0,825.0,-1.7,3.22,7.5,57,100,12620.0,0,0.473
2026-01-20T22:00,0.0,0.0,0.0,0.0,0.0,0.0,3,20.0,0.0,835.0,-1.6,2.86,7.2,57,100,12240.0,0,0.473
2026-01-20T23:00,0.0,0.0,0.0,0.0,0.0,0.0,3,20.0,0.0,795.0,-1.7,2.84,7.0,56,100,9340.0,0,0.472
2026-01-21T00:00,0.0,0.0,0.0,0.0,0.0,0.0,3,20.0,0.0,745.0,-2.6,2.71,7.1,65,100,8340.0,1,0.472
2026-01-21T01:00,0.0,0.0,0.0,0.0,0.0,0.0,3,30.0,0.0,785.0,-2.2,3.24,7.3,61,100,10020.0,1,0.471
2026-01-21T02:00,0.0,0.0,0.0,0.0,0.0,0.0,3,20.0,0.0,825.0,-1.8,3.18,7.7,60,100,11820.0,1,0.471
2026-01-21T03:00,0.0,0.0,0.0,0.0,0.0,0.0,3,20.0,0.0,835.0,-1.0,3.57,8.3,59,100,17280.0,1,0.47
2026-01-21T04:00,0.0,0.0,0.0,0.0,0.0,0.0,3,10.0,0.0,860.0,-0.1,3.4,8.3,60,100,17540.0,1,0.469
2026-01-21T05:00,0.0,0.0,0.0,0.0,0.0,0.0,3,10.0,0.0,935.0,1.0,3.58,8.4,60,99,17580.0,1,0.468
2026-01-21T06:00,0.0,0.0,0.0,0.0,0.0,0.0,3,10.0,0.0,980.0,0.8,3.47,8.6,57,99,17580.0,1,0.49
2026-01-21T07:00,0.0,0.0,0.0,0.0,0.0,0.0,3,0.0,0.0,1040.0,1.4,3.41,8.1,55,100,17580.0,1,0.487
2026-01-21T08:00,0.0,0.0,0.0,0.0,0.0,0.0,3,0.0,0.0,1050.0,1.6,3.61,8.2,59,100,17580.0,1,0.485
2026-01-21T09:00,0.0,0.0,0.0,0.0,0.0,0.0,3,0.0,0.0,1030.0,1.2,3.58,8.2,60,100,17580.0,1,0.484
2026-01-21T10:00,0.0,0.0,0.0,0.0,0.0,0.0,3,0.0,0.0,905.0,0.4,3.6,8.0,61,100,17580.0,1,0.482
2026-01-21T11:00,0.0,0.0,0.0,0.0,0.0,0.0,3,10.0,0.0,830.0,-0.2,3.47,7.9,63,100,17580.0,0,0.481
2026-01-21T12:00,0.0,0.0,0.0,0.0,0.0,0.0,3,0.0,0.0,895.0,-0.6,2.97,7.5,63,100,17580.0,0,0.478
2026-01-21T13:00,0.0,0.0,0.0,0.0,0.0,0.0,3,0.0,0.0,845.0,-0.7,2.97,6.8,54,100,18580.0,0,0.477
2026-01-21T14:00,0.0,0.0,0.0,0.0,0.0,0.0,3,0.0,0.0,800.0,-0.9,2.7,6.7,51,100,18580.0,0,0.476
2026-01-21T15:00,0.0,0.0,0.0,0.0,0.0,0.0,3,0.0,0.0,760.0,-0.9,2.44,6.2,44,100,18580.0,0,0.475
2026-01-21T16:00,0.0,0.0,0.0,0.0,0.0,0.0,3,0.0,0.0,730.0,-1.0,2.23,5.6,44,100,18580.0,0,0.475
2026-01-21T17:00,0.0,0.0,0.0,0.0,0.0,0.0,3,0.0,0.0,750.0,-0.9,2.29,5.4,54,100,18580.0,0,0.474
2026-01-21T18:00,0.0,0.0,0.0,0.0,0.0,0.0,3,0.0,0.0,715.0,-1.2,1.74,5.4,63,99,17600.0,0,0.476
2026-01-21T19:00,0.0,0.0,0.0,0.0,0.0,0.0,2,0.0,0.0,695.0,-1.1,1.52,4.1,63,65,17600.0,0,0.475
2026-01-21T20:00,0.0,0.0,0.0,0.0,0.0,0.0,3,0.0,0.0,605.0,-1.2,1.33,3.7,77,100,17600.0,0,0.474
2026-01-21T21:00,0.0,0.0,0.0,0.0,0.0,0.0,3,0.0,0.0,410.0,-1.0,1.3,3.5,90,100,17600.0,0,0.474
2026-01-21T22:00,0.0,0.0,0.0,0.0,0.0,0.0,3,0.0,0.0,335.0,-0.9,1.1,3.2,93,100,17540.0,0,0.473
2026-01-21T23:00,0.0,0.0,0.0,0.0,0.0,0.0,3,0.0,0.0,300.0,-0.8,0.9,2.9,93,100,17480.0,0,0.472
2026-01-22T00:00,0.0,0.0,0.0,0.0,0.0,0.0,3,0.0,0.0,270.0,-1.1,1.19,2.4,118,100,15860.0,1,0.477
2026-01-22T01:00,0.0,0.0,0.0,0.0,0.0,0.0,3,0.0,0.0,325.0,-0.6,1.22,3.6,125,100,16360.0,1,0.476
2026-01-22T02:00,0.0,0.0,0.0,0.0,0.0,0.0,3,0.0,0.0,490.0,0.3,1.04,3.7,125,99,16420.0,1,0.475
2026-01-22T03:00,0.0,0.0,0.0,0.0,0.0,0.0,3,0.0,0.0,625.0,1.7,0.61,4.0,99,100,17600.0,1,0.474
2026-01-22T04:00,0.0,0.0,0.0,0.0,0.0,0.0,3,0.0,0.0,740.0,3.1,0.21,3.6,76,98,17600.0,1,0.473
2026-01-22T05:00,0.0,0.0,0.0,0.0,0.0,0.0,3,0.0,0.0,805.0,4.8,0.4,3.8,97,83,17620.0,1,0.472
2026-01-22T06:00,0.0,0.0,0.0,0.0,0.0,0.0,3,0.0,0.0,1120.0,5.0,0.86,4.8,7,85,17620.0,1,0.486
2026-01-22T07:00,0.0,0.0,0.0,0.0,0.0,0.0,3,0.0,0.0,1145.0,6.1,1.26,4.8,7,88,18620.0,1,0.484
2026-01-22T08:00,0.0,0.0,0.0,0.0,0.0,0.0,0,0.0,0.0,1050.0,6.1,0.68,4.8,36,5,18620.0,1,0.482
2026-01-22T09:00,0.0,0.0,0.0,0.0,0.0,0.0,0,0.0,0.0,485.0,5.6,1.8,4.6,180,1,17620.0,1,0.48
2026-01-22T10:00,0.0,0.0,0.0,0.0,0.0,0.0,0,0.0,0.0,85.0,3.9,0.91,4.7,174,0,17620.0,1,0.479
2026-01-22T11:00,0.0,0.0,0.0,0.0,0.0,0.0,0,0.0,0.0,10.0,2.7,0.21,1.8,104,0,17620.0,0,0.479
2026-01-22T12:00,0.0,0.0,0.0,0.0,0.0,0.0,0,0.0,0.0,70.0,0.7,1.64,4.0,102,0,16440.0,0,0.484
2026-01-22T13:00,0.0,0.0,0.0,0.0,0.0,0.0,0,0.0,0.0,40.0,0.1,1.1,3.5,95,2,15040.0,0,0.483
2026-01-22T14:00,0.0,0.0,0.0,0.0,0.0,0.0,0,0.0,0.0,15.0,-0.9,0.55,2.4,85,0,12960.0,0,0.482
2026-01-22T15:00,0.0,0.0,0.0,0.0,0.0,0.0,0,0.0,0.0,10.0,-1.4,0.15,1.2,90,0,11640.0,0,0.481
2026-01-22T16:00,0.0,0.0,0.0,0.0,0.0,0.0,0,0.0,0.0,10.0,-1.7,0.05,0.6,90,0,9920.0,0,0.48
2026-01-22T17:00,0.0,0.0,0.0,0.0,0.0,0.0,0,0.0,0.0,10.0,-1.7,0.05,0.6,90,0,9920.0,0,0.479
2026-01-22T18:00,0.0,0.0,0.0,0.0,0.0,0.0,0,0.0,0.0,10.0,-1.8,0.05,0.3,90,0,9920.0,0,0.478
2026-01-22T19:00,0.0,0.0,0.0,0.0,0.0,0.0,0,0.0,0.0,15.0,-1.7,0.18,0.5,56,0,6720.0,0,0.478
2026-01-22T20:00,0.0,0.0,0.0,0.0,0.0,0.0,0,0.0,0.0,20.0,-1.9,0.4,0.9,83,0,6720.0,0,0.477
2026-01-22T21:00,0.0,0.0,0.0,0.0,0.0,0.0,0,0.0,0.0,15.0,-1.9,0.2,0.9,90,0,9920.0,0,0.477
2026-01-22T22:00,0.0,0.0,0.0,0.0,0.0,0.0,0,0.0,0.0,15.0,-1.9,0.1,0.5,90,0,6720.0,0,0.476
2026-01-22T23:00,0.0,0.0,0.0,0.0,0.0,0.0,0,0.0,0.0,15.0,-2.0,0.07,0.4,135,0,9920.0,0,0.475
2026-01-23T00:00,0.0,0.0,0.0,0.0,0.0,0.0,0,0.0,0.0,30.0,-1.8,0.16,0.4,342,2,5300.0,1,0.473
2026-01-23T01:00,0.0,0.0,0.0,0.0,0.0,0.0,0,0.0,0.0,150.0,0.4,0.4,2.6,300,1,12980.0,1,0.473
2026-01-23T02:00,0.0,0.0,0.0,0.0,0.0,0.0,0,0.0,0.0,245.0,3.0,0.58,3.5,301,0,16460.0,1,0.472
2026-01-23T03:00,0.0,0.0,0.0,0.0,0.0,0.0,0,0.0,0.0,365.0,5.9,0.64,4.0,321,0,17640.0,1,0.471
2026-01-23T04:00,0.0,0.0,0.0,0.0,0.0,0.0,0,0.0,0.0,590.0,8.4,0.76,4.4,352,0,17640.0,1,0.47
2026-01-23T05:00,0.0,0.0,0.0,0.0,0.0,0.0,0,0.0,0.0,825.0,10.3,0.65,4.5,360,0,18640.0,1,0.469
2026-01-23T06:00,0.0,0.0,0.0,0.0,0.0,0.0,0,0.0,0.0,910.0,10.1,0.39,4.3,320,0,18640.0,1,0.471
2026-01-23T07:00,0.0,0.0,0.0,0.0,0.0,0.0,0,0.0,0.0,905.0,11.4,0.43,3.9,324,0,18640.0,1,0.47
2026-01-23T08:00,0.0,0.0,0.0,0.0,0.0,0.0,0,0.0,0.0,770.0,11.7,0.76,3.7,11,0,18660.0,1,0.469
2026-01-23T09:00,0.0,0.0,0.0,0.0,0.0,0.0,0,0.0,0.0,455.0,11.4,1.41,4.0,45,17,18660.0,1,0.468
2026-01-23T10:00,0.0,0.0,0.0,0.0,0.0,0.0,1,0.0,0.0,55.0,9.0,1.07,3.5,349,30,18660.0,1,0.468
2026-01-23T11:00,0.0,0.0,0.0,0.0,0.0,0.0,0,0.0,0.0,35.0,7.2,1.27,2.5,64,1,17660.0,0,0.467
2026-01-23T12:00,0.0,0.0,0.0,0.0,0.0,0.0,3,0.0,0.0,35.0,6.7,1.0,3.6,72,100,16480.0,0,0.478
2026-01-23T13:00,0.0,0.0,0.0,0.0,0.0,0.0,3,0.0,0.0,30.0,6.3,0.86,2.0,97,91,16480.0,0,0.477
2026-01-23T14:00,0.0,0.0,0.0,0.0,0.0,0.0,3,0.0,0.0,20.0,5.8,0.56,1.8,100,90,15080.0,0,0.477
2026-01-23T15:00,0.0,0.0,0.0,0.0,0.0,0.0,3,0.0,0.0,15.0,5.0,0.4,1.2,83,100,15080.0,0,0.476
2026-01-23T16:00,0.0,0.0,0.0,0.0,0.0,0.0,3,0.0,0.0,15.0,5.0,0.41,0.9,104,100,15080.0,0,0.476
2026-01-23T17:00,0.0,0.0,0.0,0.0,0.0,0.0,3,0.0,0.0,10.0,5.3,0.28,0.9,135,100,15080.0,0,0.475
2026-01-23T18:00,0.0,0.0,0.0,0.0,0.0,0.0,3,0.0,0.0,10.0,5.0,0.16,0.6,18,100,13000.0,0,0.456
2026-01-23T19:00,0.0,0.0,0.0,0.0,0.0,0.0,3,0.0,0.0,45.0,6.0,0.35,1.4,352,100,15080.0,0,0.456
2026-01-23T20:00,0.0,0.0,0.0,0.0,0.0,0.0,3,0.0,0.0,50.0,6.0,0.0,1.2,270,98,15100.0,0,0.456
2026-01-23T21:00,0.0,0.0,0.0,0.0,0.0,0.0,3,0.0,0.0,35.0,5.9,0.22,0.6,207,81,15100.0,0,0.456
2026-01-23T22:00,0.0,0.0,0.0,0.0,0.0,0.0,3,0.0,0.0,20.0,5.5,0.14,0.6,45,97,15100.0,0,0.457
2026-01-23T23:00,0.0,0.0,0.0,0.0,0.0,0.0,3,0.0,0.0,25.0,5.2,0.51,1.0,79,80,15100.0,0,0.457
2026-01-24T00:00,0.0,0.0,0.0,0.0,0.0,0.0,3,0.0,0.0,20.0,4.4,0.79,1.1,72,94,11680.0,1,0.453
2026-01-24T01:00,0.0,0.0,0.0,0.0,0.0,0.0,3,0.0,0.0,205.0,6.3,0.51,2.4,11,89,15100.0,1,0.453
2026-01-24T02:00,0.0,0.0,0.0,0.0,0.0,0.0,2,0.0,0.0,385.0,8.1,0.47,3.0,328,57,16500.0,1,0.453
2026-01-24T03:00,0.0,0.0,0.0,0.0,0.0,0.0,3,0.0,0.0,665.0,10.1,0.11,3.1,333,88,17680.0,1,0.453
2026-01-24T04:00,0.0,0.0,0.0,0.0,0.0,0.0,2,0.0,0.0,905.0,11.7,0.11,3.1,333,75,17680.0,1,0.452
2026-01-24T05:00,0.0,0.0,0.0,0.0,0.0,0.0,3,0.0,0.0,1370.0,13.7,0.75,4.0,180,95,18680.0,1,0.451
2026-01-24T06:00,0.0,0.0,0.0,0.0,0.0,0.0,3,0.0,0.0,1420.0,13.2,2.7,6.6,182,91,18680.0,1,0.477
2026-01-24T07:00,0.0,0.0,0.0,0.0,0.0,0.0,3,0.0,0.0,1465.0,13.6,2.76,7.6,185,100,18680.0,1,0.475
2026-01-24T08:00,0.0,0.0,0.0,0.0,0.0,0.0,3,0.0,0.0,1440.0,14.1,2.75,6.7,183,95,18680.0,1,0.474
2026-01-24T09:00,0.0,0.0,0.0,0.0,0.0,0.0,3,0.0,0.0,1440.0,14.1,2.71,6.6,168,100,18700.0,1,0.473
2026-01-24T10:00,0.0,0.0,0.0,0.0,0.0,0.0,2,0.0,0.0,635.0,13.3,2.02,5.8,147,77,17700.0,1,0.472
2026-01-24T11:00,0.0,0.0,0.0,0.0,0.0,0.0,1,0.0,0.0,60.0,11.5,1.89,4.7,102,34,16520.0,0,0.472
2026-01-24T12:00,0.0,0.0,0.0,0.0,0.0,0.0,3,0.0,0.0,70.0,9.6,1.72,4.2,98,88,15120.0,0,0.476
2026-01-24T13:00,0.0,0.0,0.0,0.0,0.0,0.0,3,0.0,0.0,45.0,8.6,1.62,4.0,99,100,15120.0,0,0.476
2026-01-24T14:00,0.0,0.0,0.0,0.0,0.0,0.0,3,0.0,0.0,65.0,9.0,1.96,4.4,94,100,15120.0,0,0.475
2026-01-24T15:00,0.0,0.0,0.0,0.0,0.0,0.0,3,0.0,0.0,60.0,8.5,1.92,4.2,83,100,15120.0,0,0.474
2026-01-24T16:00,0.0,0.0,0.0,0.0,0.0,0.0,3,0.0,0.0,60.0,8.3,1.95,4.1,89,100,15120.0,0,0.474
2026-01-24T17:00,0.0,0.0,0.0,0.0,0.0,0.0,3,0.0,0.0,65.0,8.1,1.87,4.0,81,100,15120.0,0,0.473
2026-01-24T18:00,0.0,0.0,0.0,0.0,0.0,0.0,3,0.0,0.0,65.0,8.4,1.7,3.8,76,100,15120.0,0,0.473
2026-01-24T19:00,0.0,0.0,0.0,0.0,0.0,0.0,3,0.0,0.0,80.0,8.3,1.94,3.8,72,100,11620.0,0,0.472
2026-01-24T20:00,0.0,0.0,0.0,0.0,0.0,0.0,3,0.0,0.0,100.0,8.0,2.06,4.0,72,100,8580.0,0,0.472
2026-01-24T21:00,0.1,0.1,0.0,0.0,0.0,0.0,51,0.0,0.0,135.0,7.9,2.02,4.0,81,100,6140.0,0,0.473
2026-01-24T22:00,0.2,0.2,0.0,0.0,0.0,0.0,51,0.0,0.0,170.0,7.7,2.1,4.2,90,100,5460.0,0,0.474
2026-01-24T23:00,0.2,0.2,0.0,0.0,0.0,0.0,51,10.0,0.0,210.0,7.5,1.71,4.2,95,100,4760.0,0,0.475
2026-01-25T00:00,0.3,0.3,0.0,0.0,0.0,0.0,51,0.0,0.0,180.0,7.4,1.49,3.6,104,100,7360.0,1,0.481
2026-01-25T01:00,0.1,0.1,0.0,0.0,0.0,0.0,51,0.0,0.0,195.0,7.7,1.07,3.2,101,100,4680.0,1,0.481
2026-01-25T02:00,0.3,0.3,0.0,0.0,0.0,0.0,51,0.0,0.0,225.0,8.2,1.39,2.9,69,100,4320.0,1,0.484
2026-01-25T03:00,0.3,0.3,0.0,0.0,0.0,0.0,51,10.0,0.0,210.0,8.5,1.42,3.2,80,100,5180.0,1,0.485
2026-01-25T04:00,0.2,0.2,0.0,0.0,0.0,0.0,51,10.0,0.0,180.0,9.4,1.25,3.5,67,100,4920.0,1,0.486
2026-01-25T05:00,0.2,0.2,0.0,0.0,0.0,0.0,51,0.0,0.0,145.0,10.0,0.96,3.4,47,100,4820.0,1,0.486
2026-01-25T06:00,0.2,0.2,0.0,0.0,0.0,0.0,51,0.0,0.0,150.0,9.1,0.92,3.1,45,100,5560.0,1,0.498
2026-01-25T07:00,0.1,0.1,0.0,0.0,0.0,0.0,51,0.0,0.0,230.0,10.0,1.25,3.1,53,100,8120.0,1,0.496
2026-01-25T08:00,0.1,0.1,0.0,0.0,0.0,0.0,51,0.0,0.0,240.0,10.2,1.43,3.2,78,100,5060.0,1,0.494
2026-01-25T09:00,0.2,0.2,0.0,0.0,0.0,0.0,51,0.0,0.0,250.0,9.6,1.46,3.3,96,100,5000.0,1,0.494
2026-01-25T10:00,0.2,0.2,0.0,0.0,0.0,0.0,51,0.0,0.0,285.0,9.2,1.3,2.8,92,100,4320.0,1,0.494
2026-01-25T11:00,0.1,0.1,0.0,0.0,0.0,0.0,51,0.0,0.0,330.0,8.9,1.31,2.7,72,100,5640.0,0,0.493
2026-01-25T12:00,0.2,0.2,0.0,0.0,0.0,0.0,51,0.0,0.0,310.0,8.0,1.45,3.5,63,100,6200.0,0,0.497
2026-01-25T13:00,0.2,0.2,0.0,0.0,0.0,0.0,51,0.0,0.0,345.0,7.6,1.56,3.2,50,100,3340.0,0,0.496
2026-01-25T14:00,0.5,0.5,0.0,0.0,0.0,0.0,53,0.0,0.0,370.0,7.4,2.09,4.3,57,100,3540.0,0,0.5
2026-01-25T15:00,0.3,0.3,0.0,0.0,0.0,0.0,51,0.0,2.0,380.0,7.1,2.38,5.0,49,100,4480.0,0,0.501
2026-01-25T16:00,0.2,0.2,0.0,0.0,0.0,0.0,51,0.0,0.0,385.0,6.9,2.12,5.2,47,100,5420.0,0,0.499
2026-01-25T17:00,0.3,0.3,0.0,0.0,0.0,0.0,51,0.0,1.0,410.0,6.8,2.4,5.1,45,100,4180.0,0,0.5
2026-01-25T18:00,0.2,0.2,0.0,0.0,0.0,0.0,51,0.0,2.0,410.0,6.9,2.25,6.0,78,100,6520.0,0,0.5
2026-01-25T19:00,0.1,0.1,0.0,0.0,0.0,0.0,51,0.0,0.0,455.0,6.7,2.4,5.1,59,100,6800.0,0,0.497
2026-01-25T20:00,0.1,0.1,0.0,0.0,0.0,0.0,51,0.0,,445.0,6.5,2.68,5.6,57,100,6200.0,0,0.496
2026-01-25T21:00,0.1,0.1,0.0,0.0,0.0,0.0,51,0.0,0.0,385.0,6.3,2.34,5.5,48,100,6640.0,0,0.494
2026-01-25T22:00,0.1,0.1,0.0,0.0,0.0,0.0,51,0.0,0.0,350.0,6.1,2.44,5.0,67,100,6720.0,0,0.493
2026-01-25T23:00,0.1,0.1,0.0,0.0,0.0,0.0,51,10.0,0.0,335.0,6.0,2.25,5.2,69,100,6200.0,0,0.492
2026-01-26T00:00,0.1,0.1,0.0,0.0,0.0,0.0,51,0.0,0.0,285.0,5.8,1.55,4.6,105,100,5760.0,1,0.494
2026-01-26T01:00,0.1,0.1,0.0,0.0,0.0,0.0,51,0.0,,290.0,6.1,1.91,4.2,85,100,5720.0,1,0.493
2026-01-26T02:00,0.1,0.1,0.0,0.0,0.0,0.0,51,0.0,,340.0,6.4,2.47,5.5,82,100,6720.0,1,0.493
2026-01-26T03:00,0.1,0.1,0.0,0.0,0.0,0.0,51,0.0,,425.0,7.0,2.55,5.9,55,98,9860.0,1,0.491
2026-01-26T04:00,0.0,0.0,0.0,0.0,0.0,0.0,3,0.0,,670.0,9.6,2.64,7.0,53,100,16580.0,1,0.49
2026-01-26T05:00,0.0,0.0,0.0,0.0,0.0,0.0,3,0.0,,910.0,11.0,2.38,6.8,51,100,16580.0,1,0.488
2026-01-26T06:00,0.0,0.0,0.0,0.0,0.0,0.0,3,0.0,,780.0,9.6,1.98,6.3,69,100,16580.0,1,0.519
2026-01-26T07:00,0.0,0.0,0.0,0.0,0.0,0.0,3,0.0,,765.0,9.9,1.93,5.2,80,100,16580.0,1,0.507
2026-01-26T08:00,0.0,0.0,0.0,0.0,0.0,0.0,3,0.0,,875.0,10.7,1.8,5.4,77,97,17760.0,1,0.502
2026-01-26T09:00,0.0,0.0,0.0,0.0,0.0,0.0,3,0.0,,780.0,10.7,1.98,4.9,80,85,17760.0,1,0.499
2026-01-26T10:00,0.0,0.0,0.0,0.0,0.0,0.0,2,0.0,,640.0,9.6,2.66,5.5,85,73,16580.0,1,0.497
2026-01-26T11:00,0.0,0.0,0.0,0.0,0.0,0.0,3,0.0,,360.0,7.7,2.76,6.1,95,100,16600.0,0,0.495
2026-01-26T12:00,0.0,0.0,0.0,0.0,0.0,0.0,3,0.0,0.0,465.0,7.5,2.4,5.8,91,100,15180.0,0,0.491
2026-01-26T13:00,0.0,0.0,0.0,0.0,0.0,0.0,3,0.0,,445.0,7.2,2.21,5.3,86,100,15180.0,0,0.49
2026-01-26T14:00,0.0,0.0,0.0,0.0,0.0,0.0,3,0.0,,425.0,6.9,2.34,5.1,79,87,15180.0,0,0.489
2026-01-26T15:00,0.0,0.0,0.0,0.0,0.0,0.0,1,0.0,,405.0,6.2,1.82,5.0,69,41,15200.0,0,0.488
2026-01-26T16:00,0.0,0.0,0.0,0.0,0.0,0.0,1,0.0,0.0,320.0,4.8,1.12,3.9,69,48,15200.0,0,0.487
2026-01-26T17:00,0.0,0.0,0.0,0.0,0.0,0.0,1,0.0,,230.0,4.2,1.03,2.5,76,38,13100.0,0,0.486
2026-01-26T18:00,0.0,0.0,0.0,0.0,0.0,0.0,1,0.0,0.0,70.0,4.3,0.97,2.3,102,20,13100.0,0,0.486
2026-01-26T19:00,0.0,0.0,0.0,0.0,0.0,0.0,1,0.0,24.0,65.0,4.1,0.8,2.3,94,47,11760.0,0,0.485
2026-01-26T20:00,0.0,0.0,0.0,0.0,0.0,0.0,2,0.0,0.0,65.0,4.1,0.93,2.3,106,51,11760.0,0,0.485
2026-01-26T21:00,0.0,0.0,0.0,0.0,0.0,0.0,2,0.0,0.0,110.0,4.0,1.05,2.8,93,66,13100.0,0,0.484
2026-01-26T22:00,0.0,0.0,0.0,0.0,0.0,0.0,3,0.0,28.0,320.0,4.8,1.16,2.9,97,81,15200.0,0,0.483
2026-01-26T23:00,0.0,0.0,0.0,0.0,0.0,0.0,3,0.0,29.0,380.0,5.1,1.22,3.1,99,98,15200.0,0,0.483
2026-01-27T00:00,0.0,0.0,0.0,0.0,0.0,0.0,3,10.0,31.0,365.0,5.2,0.57,3.2,135,100,15080.0,1,0.482
2026-01-27T01:00,0.0,0.0,0.0,0.0,0.0,0.0,3,10.0,22.0,490.0,6.1,0.45,2.0,63,100,10680.0,1,0.482
2026-01-27T02:00,0.0,0.0,0.0,0.0,0.0,0.0,2,0.0,5.0,585.0,7.1,1.38,3.8,46,52,16620.0,1,0.481
2026-01-27T03:00,0.0,0.0,0.0,0.0,0.0,0.0,2,0.0,0.0,755.0,9.5,2.02,5.9,50,72,17800.0,1,0.48
2026-01-27T04:00,0.0,0.0,0.0,0.0,0.0,0.0,3,0.0,5.0,840.0,10.7,2.09,6.2,44,87,17800.0,1,0.479
2026-01-27T05:00,0.0,0.0,0.0,0.0,0.0,0.0,3,0.0,5.0,900.0,11.2,1.87,6.2,46,90,17800.0,1,0.478
2026-01-27T06:00,0.0,0.0,0.0,0.0,0.0,0.0,3,0.0,5.0,900.0,10.0,1.59,5.7,49,98,16400.0,1,0.477
2026-01-27T07:00,0.0,0.0,0.0,0.0,0.0,0.0,3,0.0,5.0,865.0,10.3,1.33,4.7,70,100,17800.0,1,0.476
2026-01-27T08:00,0.0,0.0,0.0,0.0,0.0,0.0,0,0.0,5.0,875.0,10.8,1.25,4.3,74,2,17800.0,1,0.475
2026-01-27T09:00,0.0,0.0,0.0,0.0,0.0,0.0,0,0.0,4.0,835.0,11.0,1.32,4.5,81,5,17800.0,1,0.474
2026-01-27T10:00,0.0,0.0,0.0,0.0,0.0,0.0,0,0.0,4.0,145.0,8.9,1.13,3.6,77,8,17800.0,1,0.474
2026-01-27T11:00,0.0,0.0,0.0,0.0,0.0,0.0,0,0.0,4.0,85.0,7.6,1.85,3.8,93,8,16620.0,0,0.474
2026-01-27T12:00,0.0,0.0,0.0,0.0,0.0,0.0,0,0.0,4.0,25.0,5.6,0.85,4.0,118,17,15220.0,0,0.473
2026-01-27T13:00,0.0,0.0,0.0,0.0,0.0,0.0,1,0.0,4.0,20.0,4.8,0.7,1.8,86,34,13120.0,0,0.473
2026-01-27T14:00,0.0,0.0,0.0,0.0,0.0,0.0,1,0.0,4.0,15.0,4.2,0.57,1.7,105,36,11780.0,0,0.473
2026-01-27T15:00,0.0,0.0,0.0,0.0,0.0,0.0,0,0.0,4.0,15.0,3.6,0.3,1.3,99,9,10060.0,0,0.472
2026-01-27T16:00,0.0,0.0,0.0,0.0,0.0,0.0,0,0.0,4.0,15.0,2.9,0.47,1.3,108,0,10060.0,0,0.472
2026-01-27T17:00,0.0,0.0,0.0,0.0,0.0,0.0,0,0.0,4.0,10.0,2.6,0.21,1.2,104,0,10060.0,0,0.472
2026-01-27T18:00,0.0,0.0,0.0,0.0,0.0,0.0,0,0.0,4.0,15.0,2.8,0.16,0.8,108,10,6820.0,0,0.472
2026-01-27T19:00,0.0,0.0,0.0,0.0,0.0,0.0,0,0.0,4.0,30.0,2.8,0.57,1.1,52,6,6820.0,0,0.472
2026-01-27T20:00,0.0,0.0,0.0,0.0,0.0,0.0,0,0.0,4.0,25.0,2.4,0.65,1.7,113,5,10060.0,0,0.472
2026-01-27T21:00,0.0,0.0,0.0,0.0,0.0,0.0,0,0.0,4.0,30.0,1.9,0.91,2.0,96,2,6820.0,0,0.472
2026-01-27T22:00,0.0,0.0,0.0,0.0,0.0,0.0,0,0.0,3.0,25.0,1.7,0.61,2.1,81,18,6820.0,0,0.472
2026-01-27T23:00,0.0,0.0,0.0,0.0,0.0,0.0,1,0.0,3.0,40.0,1.2,1.14,2.4,75,21,6820.0,0,0.472
2026-01-28T00:00,0.0,0.0,0.0,0.0,0.0,0.0,3,0.0,3.0,30.0,1.9,0.8,2.4,86,98,200.0,1,0.45
2026-01-28T01:00,0.0,0.0,0.0,0.0,0.0,0.0,3,0.0,3.0,145.0,4.0,0.39,2.7,50,93,10060.0,1,0.451
2026-01-28T02:00,0.0,0.0,0.0,0.0,0.0,0.0,2,0.0,3.0,400.0,6.6,0.3,3.2,270,72,15240.0,1,0.451
2026-01-28T03:00,0.0,0.0,0.0,0.0,0.0,0.0,3,0.0,3.0,665.0,8.8,0.11,3.2,63,100,15240.0,1,0.451
2026-01-28T04:00,0.0,0.0,0.0,0.0,0.0,0.0,3,0.0,3.0,870.0,10.4,0.35,3.5,135,100,16660.0,1,0.451
2026-01-28T05:00,0.0,0.0,0.0,0.0,0.0,0.0,3,0.0,3.0,985.0,11.7,0.47,3.6,122,100,17840.0,1,0.451
2026-01-28T06:00,0.0,0.0,0.0,0.0,0.0,0.0,3,0.0,3.0,1070.0,12.0,0.58,4.0,121,100,17840.0,1,0.485
2026-01-28T07:00,0.0,0.0,0.0,0.0,0.0,0.0,3,0.0,3.0,1065.0,12.6,0.54,3.0,56,100,17840.0,1,0.484
2026-01-28T08:00,0.0,0.0,0.0,0.0,0.0,0.0,3,0.0,3.0,1180.0,13.1,0.67,2.9,42,100,17840.0,1,0.482
2026-01-28T09:00,0.0,0.0,0.0,0.0,0.0,0.0,3,0.0,3.0,830.0,12.6,1.7,3.6,62,100,17840.0,1,0.481
2026-01-28T10:00,0.0,0.0,0.0,0.0,0.0,0.0,3,0.0,2.0,335.0,11.2,2.5,5.1,57,100,16660.0,1,0.481
2026-01-28T11:00,0.0,0.0,0.0,0.0,0.0,0.0,3,0.0,2.0,220.0,10.1,2.44,5.3,64,100,16660.0,0,0.48
2026-01-28T12:00,0.0,0.0,0.0,0.0,0.0,0.0,3,0.0,2.0,180.0,9.1,1.46,5.0,68,100,16660.0,0,0.455
2026-01-28T13:00,0.0,0.0,0.0,0.0,0.0,0.0,3,0.0,2.0,140.0,9.0,1.19,3.0,68,100,15260.0,0,0.455
2026-01-28T14:00,0.0,0.0,0.0,0.0,0.0,0.0,3,0.0,2.0,105.0,8.8,1.15,2.4,92,100,15260.0,0,0.455
2026-01-28T15:00,0.0,0.0,0.0,0.0,0.0,0.0,3,0.0,2.0,80.0,8.8,0.76,2.5,98,100,15260.0,0,0.455
2026-01-28T16:00,0.0,0.0,0.0,0.0,0.0,0.0,3,0.0,2.0,25.0,8.7,0.35,1.9,135,100,15260.0,0,0.456
2026-01-28T17:00,0.0,0.0,0.0,0.0,0.0,0.0,3,0.0,2.0,60.0,8.7,0.67,1.9,138,100,14040.0,0,0.456
2026-01-28T18:00,0.0,0.0,0.0,0.0,0.0,0.0,3,0.0,2.0,385.0,8.5,1.27,3.4,101,100,15260.0,0,0.455
2026-01-28T19:00,0.0,0.0,0.0,0.0,0.0,0.0,3,0.0,2.0,405.0,8.2,2.34,4.9,74,100,15260.0,0,0.455
2026-01-28T20:00,0.0,0.0,0.0,0.0,0.0,0.0,3,0.0,2.0,395.0,7.9,2.23,5.1,81,100,12980.0,0,0.455
2026-01-28T21:00,0.0,0.0,0.0,0.0,0.0,0.0,3,10.0,2.0,395.0,7.6,1.76,4.8,83,100,7900.0,0,0.455
2026-01-28T22:00,0.1,0.1,0.0,0.0,0.0,0.0,51,20.0,1.0,395.0,7.3,2.5,5.2,74,100,7640.0,0,0.456
2026-01-28T23:00,0.2,0.2,0.0,0.0,0.0,0.0,51,20.0,0.0,425.0,7.1,2.39,5.7,70,100,5480.0,0,0.458
2026-01-29T00:00,0.6,0.6,0.0,0.0,0.0,0.0,53,10.0,1.0,390.0,6.3,2.6,4.8,90,100,3600.0,1,0.465
2026-01-29T01:00,0.5,0.5,0.0,0.0,0.0,0.0,53,10.0,1.0,385.0,6.3,2.85,5.8,79,100,3860.0,1,0.471
2026-01-29T02:00,0.5,0.5,0.0,0.0,0.0,0.0,53,10.0,1.0,385.0,6.4,3.59,6.9,69,100,3280.0,1,0.476
2026-01-29T03:00,1.0,1.0,0.0,0.0,0.0,0.0,55,0.0,1.0,405.0,6.8,3.78,7.4,72,100,2780.0,1,0.488
2026-01-29T04:00,1.0,1.0,0.0,0.0,0.0,0.0,55,10.0,1.0,395.0,7.0,3.96,8.1,69,100,3340.0,1,0.498
2026-01-29T05:00,0.6,0.6,0.0,0.0,0.0,0.0,53,10.0,1.0,415.0,7.1,3.88,7.8,68,100,3340.0,1,0.501
2026-01-29T06:00,0.5,0.5,0.0,0.0,0.0,0.0,53,10.0,1.0,415.0,6.6,4.18,8.4,69,100,4920.0,1,0.514
2026-01-29T07:00,0.3,0.3,0.0,0.0,0.0,0.0,51,0.0,1.0,435.0,6.6,3.76,8.3,71,100,4120.0,1,0.508
2026-01-29T08:00,0.5,0.5,0.0,0.0,0.0,0.0,53,0.0,1.0,455.0,6.8,3.98,8.6,63,100,3500.0,1,0.507
2026-01-29T09:00,0.8,0.8,0.0,0.0,0.0,0.0,53,0.0,1.0,525.0,6.6,3.51,8.0,57,100,3260.0,1,0.51
2026-01-29T10:00,0.8,0.8,0.0,0.0,0.0,0.0,53,10.0,1.0,490.0,6.2,3.29,7.2,46,100,3340.0,1,0.511
2026-01-29T11:00,0.6,0.6,0.0,0.0,0.0,0.0,53,10.0,0.0,465.0,6.1,3.24,6.9,52,100,3560.0,0,0.511
2026-01-29T12:00,0.6,0.6,0.0,0.0,0.0,0.0,53,0.0,0.0,405.0,5.6,2.95,6.9,66,100,4840.0,0,0.51
2026-01-29T13:00,0.8,0.8,0.0,0.0,0.0,0.0,53,0.0,0.0,450.0,5.7,2.23,6.1,50,100,2860.0,0,0.514
2026-01-29T14:00,0.8,0.8,0.0,0.0,0.0,0.0,53,0.0,0.0,485.0,5.8,2.31,5.0,39,100,3720.0,0,0.514
2026-01-29T15:00,0.5,0.5,0.0,0.0,0.0,0.0,53,0.0,0.0,500.0,5.6,2.59,5.5,41,100,3420.0,0,0.512
2026-01-29T16:00,0.7,0.7,0.0,0.0,0.0,0.0,53,0.0,0.0,510.0,5.3,2.71,5.9,52,100,3300.0,0,0.514
2026-01-29T17:00,0.7,0.7,0.0,0.0,0.0,0.0,53,0.0,0.0,505.0,5.0,2.56,5.9,59,100,3380.0,0,0.514
2026-01-29T18:00,0.7,0.7,0.0,0.0,0.0,0.0,53,10.0,0.0,505.0,4.8,2.82,6.2,60,100,3420.0,0,0.514
2026-01-29T19:00,0.6,0.6,0.0,0.0,0.0,0.0,53,20.0,0.0,545.0,4.7,2.69,6.1,59,100,4180.0,0,0.514
2026-01-29T20:00,0.3,0.3,0.0,0.0,0.0,0.0,51,20.0,0.0,590.0,4.6,2.63,5.9,57,100,4420.0,0,0.511
2026-01-29T21:00,0.4,0.4,0.0,0.0,0.0,0.0,51,30.0,0.0,610.0,4.5,2.62,5.9,59,100,3760.0,0,0.511
2026-01-29T22:00,0.6,0.6,0.0,0.0,0.0,0.0,53,40.0,0.0,610.0,4.3,2.48,6.0,62,100,3740.0,0,0.513
2026-01-29T23:00,0.6,0.6,0.0,0.0,0.0,0.0,53,30.0,0.0,620.0,4.1,2.93,6.4,60,100,3780.0,0,0.514
2026-01-30T00:00,0.4,0.4,0.0,0.0,0.0,0.0,51,20.0,0.0,590.0,4.0,2.61,6.5,58,100,7120.0,1,0.5
2026-01-30T01:00,0.0,0.0,0.0,0.0,0.0,0.0,3,40.0,0.0,585.0,4.3,3.18,6.9,57,100,9420.0,1,0.499
2026-01-30T02:00,0.0,0.0,0.0,0.0,0.0,0.0,3,10.0,0.0,670.0,4.8,4.07,8.9,58,100,11920.0,1,0.498
2026-01-30T03:00,0.0,0.0,0.0,0.0,0.0,0.0,3,10.0,0.0,695.0,5.1,3.79,8.9,56,100,10340.0,1,0.497
2026-01-30T04:00,0.3,0.3,0.0,0.0,0.0,0.0,51,0.0,0.0,695.0,5.0,3.59,8.3,58,100,5280.0,1,0.498
2026-01-30T05:00,0.1,0.1,0.0,0.0,0.0,0.0,51,0.0,0.0,720.0,5.3,3.76,8.4,54,100,8520.0,1,0.497
2026-01-30T06:00,0.0,0.0,0.0,0.0,0.0,0.0,3,20.0,0.0,770.0,5.4,3.87,8.6,61,100,9000.0,1,0.514
2026-01-30T07:00,0.5,0.5,0.0,0.0,0.0,0.0,53,10.0,0.0,700.0,4.4,3.3,8.2,58,100,3780.0,1,0.512
2026-01-30T08:00,0.6,0.6,0.0,0.0,0.0,0.0,53,10.0,0.0,575.0,4.1,3.74,8.0,62,100,4320.0,1,0.512
2026-01-30T09:00,0.3,0.3,0.0,0.0,0.0,0.0,51,0.0,0.0,610.0,3.9,2.88,7.9,64,100,4860.0,1,0.51
2026-01-30T10:00,0.2,0.2,0.0,0.0,0.0,0.0,51,10.0,0.0,640.0,3.6,2.84,6.5,66,100,5320.0,1,0.509
2026-01-30T11:00,0.1,0.1,0.0,0.0,0.0,0.0,51,20.0,0.0,695.0,3.5,2.93,7.8,67,100,6760.0,0,0.507
2026-01-30T12:00,0.1,0.1,0.0,0.0,0.0,0.0,51,10.0,0.0,675.0,3.2,3.34,6.8,68,100,5200.0,0,0.504
2026-01-30T13:00,0.1,0.1,0.0,0.0,0.0,0.0,51,20.0,0.0,670.0,3.2,3.16,7.7,67,100,6820.0,0,0.503
2026-01-30T14:00,0.0,0.0,0.0,0.0,0.0,0.0,3,0.0,0.0,685.0,3.4,2.47,7.1,58,100,5780.0,0,0.502
2026-01-30T15:00,0.2,0.2,0.0,0.0,0.0,0.0,51,30.0,2.0,635.0,3.2,1.96,5.6,96,96,4840.0,0,0.502
2026-01-30T16:00,2.4,0.0,2.3,1.47,2.1,0.02,86,0.0,0.0,410.0,2.5,1.25,4.7,53,94,5220.0,0,0.504
2026-01-30T17:00,1.9,0.0,1.9,1.19,1.7,0.03,86,0.0,0.0,135.0,1.8,0.27,3.3,22,74,8940.0,0,0.505
2026-01-30T18:00,0.0,0.0,0.0,0.0,0.0,0.03,3,0.0,0.0,395.0,3.1,1.01,2.2,70,91,7920.0,0,0.504
2026-01-30T19:00,0.3,0.0,0.2,0.14,0.2,0.03,85,0.0,0.0,210.0,1.9,0.96,2.6,81,97,8220.0,0,0.504
2026-01-30T20:00,0.0,0.0,0.0,0.0,0.0,0.03,2,0.0,0.0,215.0,2.2,1.46,3.3,96,66,8920.0,0,0.504
2026-01-30T21:00,0.0,0.0,0.0,0.0,0.0,0.02,3,0.0,0.0,100.0,0.6,1.44,3.4,124,100,10100.0,0,0.502
2026-01-30T22:00,0.0,0.0,0.0,0.0,0.0,0.02,3,0.0,0.0,165.0,1.8,1.38,3.4,109,100,6900.0,0,0.503
2026-01-30T23:00,0.0,0.0,0.0,0.0,0.0,0.02,3,0.0,0.0,140.0,2.0,1.33,3.0,103,100,6380.0,0,0.503
2026-01-31T00:00,0.0,0.0,0.0,0.0,0.0,0.02,1,0.0,0.0,40.0,0.6,0.67,2.8,103,39,2260.0,1,0.499
2026-01-31T01:00,0.0,0.0,0.0,0.0,0.0,0.02,1,0.0,0.0,345.0,2.7,1.58,3.7,79,40,9900.0,1,0.498
2026-01-31T02:00,0.0,0.0,0.0,0.0,0.0,0.02,3,0.0,0.0,615.0,3.4,2.09,5.7,69,86,15360.0,1,0.498
2026-01-31T03:00,0.0,0.0,0.0,0.0,0.0,0.01,2,0.0,0.0,840.0,6.7,2.49,6.9,80,75,16760.0,1,0.501
2026-01-31T04:00,0.0,0.0,0.0,0.0,0.0,0.01,3,0.0,0.0,1085.0,8.5,1.03,6.4,51,91,17940.0,1,0.504
2026-01-31T05:00,0.0,0.0,0.0,0.0,0.0,0.01,3,0.0,0.0,1195.0,9.6,0.97,4.5,348,98,17960.0,1,0.507
2026-01-31T06:00,0.0,0.0,0.0,0.0,0.0,0.01,3,0.0,0.0,1080.0,8.8,0.97,4.6,348,99,17960.0,1,0.538
2026-01-31T07:00,0.0,0.0,0.0,0.0,0.0,0.0,3,0.0,0.0,1190.0,10.3,1.74,5.2,18,99,17960.0,1,0.513
2026-01-31T08:00,0.0,0.0,0.0,0.0,0.0,0.0,3,0.0,0.0,1265.0,11.0,2.72,6.6,54,96,18960.0,1,0.511
2026-01-31T09:00,0.0,0.0,0.0,0.0,0.0,0.0,2,0.0,0.0,1195.0,10.6,3.04,7.0,81,52,17960.0,1,0.509
2026-01-31T10:00,0.0,0.0,0.0,0.0,0.0,0.0,2,0.0,0.0,900.0,8.7,3.05,7.2,100,62,17960.0,1,0.507
2026-01-31T11:00,0.0,0.0,0.0,0.0,0.0,0.0,2,0.0,0.0,475.0,7.1,2.31,6.6,96,50,16780.0,0,0.505
2026-01-31T12:00,0.0,0.0,0.0,0.0,0.0,0.0,1,0.0,0.0,455.0,6.6,2.22,5.0,76,28,16780.0,0,0.501
2026-01-31T13:00,0.0,0.0,0.0,0.0,0.0,0.0,0,0.0,0.0,165.0,5.0,1.52,4.8,67,14,15360.0,0,0.5
2026-01-31T14:00,0.0,0.0,0.0,0.0,0.0,0.0,2,0.0,0.0,55.0,3.7,1.0,3.5,18,67,15380.0,0,0.499
2026-01-31T15:00,0.0,0.0,0.0,0.0,0.0,0.0,3,0.0,0.0,55.0,3.6,0.9,2.4,19,89,15380.0,0,0.497
2026-01-31T16:00,0.0,0.0,0.0,0.0,0.0,0.0,1,0.0,0.0,205.0,3.8,1.32,3.2,65,26,15380.0,0,0.496
2026-01-31T17:00,0.0,0.0,0.0,0.0,0.0,0.0,2,0.0,0.0,230.0,3.2,1.5,3.6,75,66,15380.0,0,0.495
2026-01-31T18:00,0.0,0.0,0.0,0.0,0.0,0.0,3,0.0,0.0,160.0,4.0,1.27,3.9,81,100,13080.0,0,0.487
2026-01-31T19:00,0.0,0.0,0.0,0.0,0.0,0.0,3,0.0,0.0,245.0,5.0,1.47,3.5,80,100,11800.0,0,0.487
2026-01-31T20:00,0.0,0.0,0.0,0.0,0.0,0.0,3,0.0,0.0,320.0,5.1,1.15,3.4,92,100,10620.0,0,0.486
2026-01-31T21:00,0.0,0.0,0.0,0.0,0.0,0.0,3,0.0,0.0,370.0,5.0,1.47,3.2,80,98,15380.0,0,0.486
2026-01-31T22:00,0.0,0.0,0.0,0.0,0.0,0.0,3,10.0,0.0,335.0,4.7,1.4,3.1,88,100,15380.0,0,0.486
2026-01-31T23:00,0.0,0.0,0.0,0.0,0.0,0.0,3,10.0,0.0,325.0,4.6,1.4,3.1,86,95,15380.0,0,0.485
2026-02-01T00:00,0.0,0.0,0.0,0.0,0.0,0.0,3,0.0,0.0,70.0,4.4,0.81,3.1,120,100,12080.0,1,0.493
2026-02-01T01:00,0.0,0.0,0.0,0.0,0.0,0.0,3,10.0,0.0,290.0,5.0,0.69,2.2,120,98,13500.0,1,0.492
2026-02-01T02:00,0.0,0.0,0.0,0.0,0.0,0.0,3,10.0,0.0,345.0,5.8,0.45,2.5,63,91,12180.0,1,0.492
2026-02-01T03:00,0.0,0.0,0.0,0.0,0.0,0.0,3,10.0,0.0,510.0,7.2,0.61,3.1,9,91,15880.0,1,0.491
2026-02-01T04:00,0.0,0.0,0.0,0.0,0.0,0.0,3,0.0,0.0,740.0,8.8,0.63,3.7,18,84,16800.0,1,0.49
2026-02-01T05:00,0.0,0.0,0.0,0.0,0.0,0.0,2,0.0,0.0,795.0,9.7,0.62,3.7,346,52,17980.0,1,0.489
2026-02-01T06:00,0.0,0.0,0.0,0.0,0.0,0.0,3,0.0,0.0,1095.0,10.6,0.66,4.2,279,92,18000.0,1,0.511
2026-02-01T07:00,0.0,0.0,0.0,0.0,0.0,0.0,3,0.0,0.0,1090.0,11.2,1.1,4.2,267,97,18000.0,1,0.506
2026-02-01T08:00,0.0,0.0,0.0,0.0,0.0,0.0,3,0.0,0.0,1175.0,11.4,1.1,4.2,270,100,18000.0,1,0.503
2026-02-01T09:00,0.0,0.0,0.0,0.0,0.0,0.0,3,10.0,0.0,1175.0,11.4,1.11,3.7,252,100,18000.0,1,0.5
2026-02-01T10:00,0.0,0.0,0.0,0.0,0.0,0.0,3,10.0,0.0,115.0,10.2,0.92,3.0,202,100,18000.0,1,0.499
2026-02-01T11:00,0.0,0.0,0.0,0.0,0.0,0.0,3,20.0,0.0,60.0,8.8,0.92,1.9,139,84,16820.0,0,0.497
2026-02-01T12:00,0.0,0.0,0.0,0.0,0.0,0.0,3,10.0,0.0,30.0,7.7,0.49,2.0,156,100,16820.0,0,0.495
2026-02-01T13:00,0.0,0.0,0.0,0.0,0.0,0.0,3,10.0,0.0,40.0,7.7,0.56,1.2,10,100,11780.0,0,0.494
2026-02-01T14:00,0.0,0.0,0.0,0.0,0.0,0.0,3,10.0,0.0,65.0,7.7,0.55,1.5,85,99,11900.0,0,0.493
2026-02-01T15:00,0.0,0.0,0.0,0.0,0.0,0.0,3,0.0,0.0,55.0,7.4,0.2,1.5,90,100,15400.0,0,0.492
2026-02-01T16:00,0.0,0.0,0.0,0.0,0.0,0.0,3,10.0,0.0,45.0,7.1,0.21,1.2,284,100,15400.0,0,0.491
2026-02-01T17:00,0.0,0.0,0.0,0.0,0.0,0.0,3,10.0,0.0,55.0,7.0,0.54,1.6,304,100,15420.0,0,0.491
2026-02-01T18:00,0.0,0.0,0.0,0.0,0.0,0.0,3,10.0,0.0,15.0,7.4,0.1,1.5,270,100,15420.0,0,0.484
2026-02-01T19:00,0.0,0.0,0.0,0.0,0.0,0.0,3,10.0,0.0,10.0,7.4,0.1,0.9,180,100,15420.0,0,0.484
2026-02-01T20:00,0.0,0.0,0.0,0.0,0.0,0.0,3,0.0,0.0,10.0,7.1,0.05,0.8,180,100,13300.0,0,0.484
2026-02-01T21:00,0.0,0.0,0.0,0.0,0.0,0.0,3,0.0,0.0,15.0,6.9,0.14,0.8,225,100,13300.0,0,0.483
2026-02-01T22:00,0.0,0.0,0.0,0.0,0.0,0.0,3,0.0,0.0,20.0,6.5,0.32,1.0,162,93,13300.0,0,0.483
2026-02-01T23:00,0.0,0.0,0.0,0.0,0.0,0.0,1,0.0,0.0,40.0,5.9,0.97,2.3,125,33,13300.0,0,0.483
2026-02-02T00:00,0.0,0.0,0.0,0.0,0.0,0.0,1,0.0,0.0,30.0,6.0,0.36,2.6,124,34,13300.0,1,0.479
2026-02-02T01:00,0.0,0.0,0.0,0.0,0.0,0.0,3,0.0,0.0,115.0,7.4,0.36,2.2,124,99,15420.0,1,0.479
2026-02-02T02:00,0.0,0.0,0.0,0.0,0.0,0.0,3,0.0,0.0,325.0,9.2,0.38,2.7,23,100,16840.0,1,0.479
2026-02-02T03:00,0.0,0.0,0.0,0.0,0.0,0.0,3,0.0,0.0,620.0,10.8,0.5,3.1,6,100,18020.0,1,0.478
2026-02-02T04:00,0.0,0.0,0.0,0.0,0.0,0.0,3,0.0,0.0,885.0,11.7,0.81,3.4,47,100,19040.0,1,0.478
2026-02-02T05:00,0.0,0.0,0.0,0.0,0.0,0.0,3,0.0,0.0,1020.0,12.5,1.72,4.7,60,100,19040.0,1,0.477
2026-02-02T06:00,0.0,0.0,0.0,0.0,0.0,0.0,3,0.0,0.0,1055.0,12.4,2.15,6.0,72,100,21220.0,1,0.476
2026-02-02T07:00,0.0,0.0,0.0,0.0,0.0,0.0,3,0.0,0.0,1010.0,12.5,2.31,5.7,68,100,21220.0,1,0.475
2026-02-02T08:00,0.0,0.0,0.0,0.0,0.0,0.0,3,0.0,0.0,1010.0,12.6,2.36,5.7,77,99,21220.0,1,0.475
2026-02-02T09:00,0.0,0.0,0.0,0.0,0.0,0.0,3,0.0,0.0,960.0,12.3,2.76,6.2,78,100,21220.0,1,0.474
2026-02-02T10:00,0.0,0.0,0.0,0.0,0.0,0.0,3,0.0,0.0,740.0,11.4,1.95,6.2,87,100,19040.0,1,0.474
2026-02-02T11:00,0.0,0.0,0.0,0.0,0.0,0.0,3,10.0,0.0,135.0,10.2,1.15,4.2,95,100,19040.0,0,0.474
2026-02-02T12:00,0.0,0.0,0.0,0.0,0.0,0.0,3,10.0,0.0,20.0,9.5,0.27,2.9,68,96,19040.0,0,0.473
2026-02-02T13:00,0.0,0.0,0.0,0.0,0.0,0.0,3,10.0,0.0,15.0,8.9,0.16,1.4,108,100,18040.0,0,0.473
2026-02-02T14:00,0.0,0.0,0.0,0.0,0.0,0.0,3,10.0,0.0,20.0,8.8,0.25,1.1,349,95,18040.0,0,0.473
2026-02-02T15:00,0.0,0.0,0.0,0.0,0.0,0.0,3,0.0,0.0,35.0,8.2,0.76,1.5,352,86,18040.0,0,0.473
2026-02-02T16:00,0.0,0.0,0.0,0.0,0.0,0.0,3,0.0,0.0,35.0,7.8,0.83,2.0,57,95,18040.0,0,0.473
2026-02-02T17:00,0.0,0.0,0.0,0.0,0.0,0.0,3,0.0,0.0,60.0,7.9,0.85,2.2,90,99,18040.0,0,0.473
2026-02-02T18:00,0.0,0.0,0.0,0.0,0.0,0.0,3,0.0,0.0,105.0,8.7,1.0,2.5,72,100,18040.0,0,0.473
2026-02-02T19:00,0.0,0.0,0.0,0.0,0.0,0.0,3,10.0,0.0,60.0,8.8,0.62,2.5,76,100,18040.0,0,0.473
2026-02-02T20:00,0.0,0.0,0.0,0.0,0.0,0.0,3,10.0,0.0,115.0,8.7,1.05,2.5,87,100,18060.0,0,0.473
2026-02-02T21:00,0.0,0.0,0.0,0.0,0.0,0.0,3,10.0,0.0,135.0,8.2,1.13,2.6,77,100,18060.0,0,0.472
2026-02-02T22:00,0.0,0.0,0.0,0.0,0.0,0.0,3,10.0,0.0,200.0,8.3,1.01,2.6,70,100,18060.0,0,0.472
2026-02-02T23:00,0.0,0.0,0.0,0.0,0.0,0.0,3,10.0,0.0,120.0,8.3,0.8,2.3,94,100,18060.0,0,0.472
2026-02-03T00:00,0.0,0.0,0.0,0.0,0.0,0.0,3,10.0,0.0,35.0,8.1,0.4,1.7,187,100,16880.0,1,0.482
2026-02-03T01:00,0.0,0.0,0.0,0.0,0.0,0.0,3,10.0,0.0,325.0,8.6,0.69,2.1,150,100,16880.0,1,0.481
2026-02-03T02:00,0.0,0.0,0.0,0.0,0.0,0.0,3,10.0,0.0,385.0,9.2,0.25,2.4,143,100,16880.0,1,0.481
2026-02-03T03:00,0.0,0.0,0.0,0.0,0.0,0.0,3,10.0,0.0,395.0,9.6,0.11,2.0,27,100,18060.0,1,0.48
2026-02-03T04:00,0.0,0.0,0.0,0.0,0.0,0.0,3,0.0,0.0,480.0,10.2,0.51,2.6,349,100,18060.0,1,0.479
2026-02-03T05:00,0.0,0.0,0.0,0.0,0.0,0.0,3,0.0,0.0,485.0,10.7,0.46,2.8,347,100,18060.0,1,0.479
2026-02-03T06:00,0.0,0.0,0.0,0.0,0.0,0.0,3,0.0,0.0,555.0,11.0,1.09,3.5,16,98,18060.0,1,0.484
2026-02-03T07:00,0.0,0.0,0.0,0.0,0.0,0.0,3,0.0,0.0,690.0,13.0,1.52,4.8,23,100,18080.0,1,0.482
2026-02-03T08:00,0.0,0.0,0.0,0.0,0.0,0.0,3,0.0,0.0,465.0,13.2,1.95,5.0,29,100,18080.0,1,0.481
2026-02-03T09:00,0.0,0.0,0.0,0.0,0.0,0.0,3,0.0,0.0,285.0,13.4,2.1,4.9,28,100,18080.0,1,0.48
2026-02-03T10:00,0.0,0.0,0.0,0.0,0.0,0.0,3,0.0,0.0,195.0,12.6,2.42,4.7,38,100,18080.0,1,0.479
2026-02-03T11:00,0.0,0.0,0.0,0.0,0.0,0.0,3,0.0,0.0,195.0,11.6,2.75,5.4,71,100,18080.0,0,0.479
2026-02-03T12:00,0.0,0.0,0.0,0.0,0.0,0.0,3,10.0,0.0,160.0,9.6,1.0,5.4,87,100,16880.0,0,0.476
2026-02-03T13:00,0.0,0.0,0.0,0.0,0.0,0.0,3,10.0,0.0,80.0,9.3,0.81,2.0,97,100,16900.0,0,0.475
2026-02-03T14:00,0.0,0.0,0.0,0.0,0.0,0.0,2,0.0,0.0,45.0,8.6,0.74,1.9,110,78,15480.0,0,0.475
2026-02-03T15:00,0.0,0.0,0.0,0.0,0.0,0.0,3,0.0,0.0,30.0,7.9,0.7,1.7,86,100,15480.0,0,0.475
2026-02-03T16:00,0.0,0.0,0.0,0.0,0.0,0.0,3,0.0,0.0,50.0,7.9,0.81,1.7,101,98,15480.0,0,0.475
2026-02-03T17:00,0.0,0.0,0.0,0.0,0.0,0.0,3,0.0,0.0,35.0,6.9,0.89,2.0,117,100,13360.0,0,0.474
2026-02-03T18:00,0.0,0.0,0.0,0.0,0.0,0.0,3,0.0,0.0,25.0,8.0,0.67,2.0,103,96,15480.0,0,0.467
2026-02-03T19:00,0.0,0.0,0.0,0.0,0.0,0.0,3,0.0,0.0,20.0,7.2,0.56,1.7,117,91,15480.0,0,0.467
2026-02-03T20:00,0.0,0.0,0.0,0.0,0.0,0.0,2,0.0,0.0,15.0,6.9,0.42,1.6,135,76,15500.0,0,0.467
2026-02-03T21:00,0.0,0.0,0.0,0.0,0.0,0.0,3,0.0,0.0,15.0,7.0,0.25,1.5,169,100,15500.0,0,0.467
2026-02-03T22:00,0.0,0.0,0.0,0.0,0.0,0.0,3,10.0,0.0,30.0,7.7,0.8,2.3,184,100,15500.0,0,0.467
2026-02-03T23:00,0.0,0.0,0.0,0.0,0.0,0.0,3,10.0,0.0,30.0,8.0,0.47,2.4,198,100,15500.0,0,0.467
2026-02-04T00:00,0.0,0.0,0.0,0.0,0.0,0.0,3,0.0,0.0,35.0,6.8,0.1,1.8,90,98,11980.0,1,0.475
2026-02-04T01:00,0.0,0.0,0.0,0.0,0.0,0.0,3,0.0,0.0,150.0,8.4,0.35,2.3,360,99,15500.0,1,0.475
2026-02-04T02:00,0.0,0.0,0.0,0.0,0.0,0.0,3,0.0,0.0,250.0,10.0,0.5,2.9,323,100,15500.0,1,0.474
2026-02-04T03:00,0.0,0.0,0.0,0.0,0.0,0.0,3,0.0,0.0,370.0,11.4,0.43,3.0,339,100,16920.0,1,0.474
2026-02-04T04:00,0.0,0.0,0.0,0.0,0.0,0.0,2,0.0,0.0,420.0,12.6,0.65,3.3,356,79,16920.0,1,0.473
2026-02-04T05:00,0.0,0.0,0.0,0.0,0.0,0.0,3,0.0,0.0,690.0,15.5,0.5,4.0,6,80,18100.0,1,0.472
2026-02-04T06:00,0.0,0.0,0.0,0.0,0.0,0.0,3,0.0,0.0,1080.0,16.5,0.92,4.3,292,100,18100.0,1,0.492
2026-02-04T07:00,0.0,0.0,0.0,0.0,0.0,0.0,3,0.0,0.0,1115.0,17.1,1.21,3.7,204,100,18120.0,1,0.49
2026-02-04T08:00,0.0,0.0,0.0,0.0,0.0,0.0,3,10.0,0.0,1065.0,17.3,1.79,4.5,198,98,18120.0,1,0.488
2026-02-04T09:00,0.0,0.0,0.0,0.0,0.0,0.0,3,10.0,0.0,625.0,17.0,0.74,4.3,118,100,16920.0,1,0.487
2026-02-04T10:00,0.1,0.0,0.1,0.0,0.0,0.0,51,0.0,0.0,245.0,14.8,3.07,5.5,71,100,15520.0,1,0.487
2026-02-04T11:00,0.0,0.0,0.0,0.0,0.0,0.0,3,10.0,0.0,180.0,13.0,3.21,6.5,59,100,12540.0,0,0.486
2026-02-04T12:00,0.0,0.0,0.0,0.0,0.0,0.0,3,10.0,0.0,205.0,11.8,2.23,6.2,74,100,11260.0,0,0.471
2026-02-04T13:00,0.0,0.0,0.0,0.0,0.0,0.0,3,10.0,0.0,245.0,11.5,1.26,4.5,83,100,7160.0,0,0.471
2026-02-04T14:00,0.3,0.3,0.0,0.0,0.0,0.0,51,0.0,0.0,220.0,10.9,0.89,2.6,106,100,6160.0,0,0.473
2026-02-04T15:00,0.1,0.1,0.0,0.0,0.0,0.0,51,0.0,0.0,150.0,10.5,1.06,2.2,109,100,7980.0,0,0.474
2026-02-04T16:00,0.0,0.0,0.0,0.0,0.0,0.0,3,0.0,0.0,90.0,10.2,0.89,2.2,106,100,6760.0,0,0.474
2026-02-04T17:00,0.1,0.1,0.0,0.0,0.0,0.0,51,0.0,0.0,65.0,10.2,0.6,1.9,114,100,6680.0,0,0.475
2026-02-04T18:00,0.1,0.1,0.0,0.0,0.0,0.0,51,0.0,0.0,55.0,10.5,0.36,1.3,34,100,6900.0,0,0.475
2026-02-04T19:00,0.1,0.1,0.0,0.0,0.0,0.0,51,0.0,0.0,35.0,10.5,0.05,0.9,270,100,6240.0,0,0.476
2026-02-04T20:00,0.1,0.1,0.0,0.0,0.0,0.0,51,0.0,0.0,40.0,10.3,0.35,0.9,188,100,7800.0,0,0.477
2026-02-04T21:00,0.0,0.0,0.0,0.0,0.0,0.0,3,0.0,0.0,50.0,10.2,0.32,1.0,231,100,9120.0,0,0.477
2026-02-04T22:00,0.0,0.0,0.0,0.0,0.0,0.0,3,0.0,0.0,50.0,10.2,0.18,0.9,326,100,8960.0,0,0.476
2026-02-04T23:00,0.0,0.0,0.0,0.0,0.0,0.0,3,0.0,0.0,10.0,10.2,0.0,0.8,270,100,8400.0,0,0.476
2026-02-05T00:00,0.0,0.0,0.0,0.0,0.0,0.0,3,0.0,0.0,40.0,9.9,0.95,1.5,162,100,5080.0,1,0.475
2026-02-05T01:00,0.1,0.1,0.0,0.0,0.0,0.0,51,10.0,7.0,60.0,10.2,1.05,2.4,180,100,5120.0,1,0.475
2026-02-05T02:00,0.1,0.1,0.0,0.0,0.0,0.0,51,10.0,0.0,75.0,10.7,0.46,2.6,193,100,4900.0,1,0.476
2026-02-05T03:00,0.2,0.2,0.0,0.0,0.0,0.0,51,10.0,0.0,105.0,10.9,0.41,1.6,346,100,5440.0,1,0.478
2026-02-05T04:00,0.1,0.1,0.0,0.0,0.0,0.0,51,10.0,48.0,210.0,11.8,0.65,2.8,360,100,9420.0,1,0.478
2026-02-05T05:00,0.0,0.0,0.0,0.0,0.0,0.0,3,10.0,59.0,390.0,12.8,0.56,2.8,63,100,13420.0,1,0.478
2026-02-05T06:00,0.0,0.0,0.0,0.0,0.0,0.0,3,0.0,0.0,455.0,12.8,0.81,3.0,112,100,15540.0,1,0.485
2026-02-05T07:00,0.0,0.0,0.0,0.0,0.0,0.0,3,10.0,,585.0,14.1,0.79,3.4,145,100,15540.0,1,0.484
2026-02-05T08:00,0.0,0.0,0.0,0.0,0.0,0.0,3,0.0,,585.0,14.1,0.78,3.2,130,100,15540.0,1,0.483
2026-02-05T09:00,0.0,0.0,0.0,0.0,0.0,0.0,3,0.0,,585.0,14.3,1.04,2.5,73,100,15540.0,1,0.482
2026-02-05T10:00,0.0,0.0,0.0,0.0,0.0,0.0,3,0.0,0.0,370.0,13.9,1.49,2.9,50,100,15560.0,1,0.481
2026-02-05T11:00,0.0,0.0,0.0,0.0,0.0,0.0,3,0.0,0.0,305.0,13.1,2.17,4.3,61,100,15560.0,0,0.481
2026-02-05T12:00,0.0,0.0,0.0,0.0,0.0,0.0,3,0.0,0.0,510.0,12.2,2.48,4.7,71,100,8480.0,0,0.503
2026-02-05T13:00,0.3,0.3,0.0,0.0,0.0,0.0,51,0.0,0.0,435.0,11.6,2.27,5.3,76,100,3460.0,0,0.501
2026-02-05T14:00,0.6,0.6,0.0,0.0,0.0,0.0,53,0.0,0.0,360.0,10.3,2.55,5.3,55,100,4840.0,0,0.505
2026-02-05T15:00,0.2,0.2,0.0,0.0,0.0,0.0,51,0.0,0.0,350.0,10.0,1.68,5.7,67,100,3860.0,0,0.503
2026-02-05T16:00,0.6,0.6,0.0,0.0,0.0,0.0,53,0.0,0.0,385.0,9.8,1.93,4.2,69,100,3900.0,0,0.507
2026-02-05T17:00,0.4,0.4,0.0,0.0,0.0,0.0,51,0.0,59.0,420.0,9.5,2.15,5.0,54,100,4040.0,0,0.507
2026-02-05T18:00,0.5,0.5,0.0,0.0,0.0,0.0,53,10.0,0.0,350.0,9.5,1.26,4.8,72,100,5300.0,0,0.503
2026-02-05T19:00,0.2,0.2,0.0,0.0,0.0,0.0,51,10.0,0.0,380.0,9.3,1.41,3.3,82,100,5940.0,0,0.502
2026-02-05T20:00,0.1,0.1,0.0,0.0,0.0,0.0,51,10.0,0.0,380.0,9.3,1.52,3.8,73,100,7020.0,0,0.5
2026-02-05T21:00,0.1,0.1,0.0,0.0,0.0,0.0,51,20.0,0.0,315.0,9.3,0.83,3.5,65,100,7580.0,0,0.499
2026-02-05T22:00,0.1,0.1,0.0,0.0,0.0,0.0,51,20.0,0.0,35.0,9.5,0.25,2.5,169,100,7000.0,0,0.498
2026-02-05T23:00,0.1,0.1,0.0,0.0,0.0,0.0,51,10.0,3.0,65.0,9.5,0.5,1.8,90,100,7780.0,0,0.497
2026-02-06T00:00,0.0,0.0,0.0,0.0,0.0,0.0,3,10.0,1.0,45.0,9.5,0.32,2.0,51,100,10160.0,1,0.51
2026-02-06T01:00,0.0,0.0,0.0,0.0,0.0,0.0,3,0.0,0.0,195.0,10.5,0.56,2.4,350,100,10320.0,1,0.506
2026-02-06T02:00,0.0,0.0,0.0,0.0,0.0,0.0,3,0.0,0.0,715.0,11.8,1.54,4.1,29,100,15580.0,1,0.503
2026-02-06T03:00,0.0,0.0,0.0,0.0,0.0,0.0,3,0.0,0.0,880.0,13.3,2.5,6.3,64,100,17000.0,1,0.501
2026-02-06T04:00,0.0,0.0,0.0,0.0,0.0,0.0,1,0.0,0.0,1065.0,14.8,2.77,7.2,62,46,18180.0,1,0.499
2026-02-06T05:00,0.0,0.0,0.0,0.0,0.0,0.0,2,0.0,0.0,1310.0,16.4,2.39,7.5,53,60,18180.0,1,0.496
2026-02-06T06:00,0.0,0.0,0.0,0.0,0.0,0.0,3,0.0,0.0,1345.0,15.7,2.2,6.7,60,99,18180.0,1,0.52
2026-02-06T07:00,0.0,0.0,0.0,0.0,0.0,0.0,3,0.0,0.0,1440.0,16.3,2.08,5.9,66,100,19200.0,1,0.499
2026-02-06T08:00,0.0,0.0,0.0,0.0,0.0,0.0,3,0.0,0.0,1455.0,16.3,2.15,5.7,72,100,19200.0,1,0.497
2026-02-06T09:00,0.0,0.0,0.0,0.0,0.0,0.0,3,0.0,0.0,1345.0,15.8,2.45,5.6,91,100,19200.0,1,0.496
2026-02-06T10:00,0.0,0.0,0.0,0.0,0.0,0.0,3,0.0,0.0,870.0,14.9,2.45,5.9,89,100,18200.0,1,0.494
2026-02-06T11:00,0.0,0.0,0.0,0.0,0.0,0.0,3,0.0,0.0,430.0,13.7,2.47,5.3,97,100,18200.0,0,0.493
2026-02-06T12:00,0.0,0.0,0.0,0.0,0.0,0.0,3,0.0,0.0,285.0,12.2,2.02,6.0,113,86,17000.0,0,0.489
2026-02-06T13:00,0.0,0.0,0.0,0.0,0.0,0.0,1,0.0,0.0,365.0,11.1,2.49,5.4,100,20,15600.0,0,0.488
2026-02-06T14:00,0.0,0.0,0.0,0.0,0.0,0.0,0,0.0,0.0,340.0,10.1,2.36,5.5,85,12,15600.0,0,0.488
2026-02-06T15:00,0.0,0.0,0.0,0.0,0.0,0.0,0,0.0,0.0,420.0,9.2,2.75,6.1,87,2,15600.0,0,0.487
2026-02-06T16:00,0.0,0.0,0.0,0.0,0.0,0.0,0,0.0,0.0,425.0,8.6,2.71,6.5,85,1,15600.0,0,0.486
2026-02-06T17:00,0.0,0.0,0.0,0.0,0.0,0.0,0,0.0,0.0,455.0,7.9,2.61,6.1,70,1,13460.0,0,0.486
2026-02-06T18:00,0.0,0.0,0.0,0.0,0.0,0.0,0,0.0,0.0,420.0,8.3,3.72,7.9,59,8,13460.0,0,0.486
2026-02-06T19:00,0.0,0.0,0.0,0.0,0.0,0.0,1,0.0,0.0,495.0,7.8,4.12,8.9,66,27,13460.0,0,0.485
2026-02-06T20:00,0.0,0.0,0.0,0.0,0.0,0.0,3,0.0,0.0,605.0,7.3,4.44,9.7,67,91,13480.0,0,0.485
2026-02-06T21:00,0.0,0.0,0.0,0.0,0.0,0.0,3,0.0,0.0,705.0,7.3,4.59,10.0,65,100,13480.0,0,0.484
2026-02-06T22:00,0.0,0.0,0.0,0.0,0.0,0.0,3,0.0,0.0,780.0,7.2,4.68,10.1,60,100,15600.0,0,0.484
2026-02-06T23:00,0.0,0.0,0.0,0.0,0.0,0.0,3,0.0,0.0,780.0,6.6,4.41,10.6,57,84,15600.0,0,0.483
2026-02-07T00:00,0.0,0.0,0.0,0.0,0.0,0.0,1,0.0,0.0,820.0,6.6,4.02,9.7,58,41,15620.0,1,0.474
2026-02-07T01:00,0.0,0.0,0.0,0.0,0.0,0.0,2,0.0,0.0,795.0,6.6,4.67,10.6,64,64,17020.0,1,0.474
2026-02-07T02:00,0.0,0.0,0.0,0.0,0.0,0.0,3,10.0,0.0,840.0,7.4,5.54,12.2,70,100,8540.0,1,0.473
2026-02-07T03:00,0.1,0.1,0.0,0.0,0.0,0.0,51,0.0,0.0,825.0,7.4,4.78,12.6,70,100,11580.0,1,0.474
2026-02-07T04:00,0.0,0.0,0.0,0.0,0.0,0.0,3,0.0,0.0,905.0,7.7,5.08,11.2,66,100,17040.0,1,0.473
2026-02-07T05:00,0.0,0.0,0.0,0.0,0.0,0.0,3,0.0,0.0,1070.0,9.0,4.38,11.2,55,100,18220.0,1,0.473
2026-02-07T06:00,0.0,0.0,0.0,0.0,0.0,0.0,3,0.0,43.0,965.0,6.9,3.75,9.8,48,100,6460.0,1,0.491
2026-02-07T07:00,0.1,0.1,0.0,0.0,0.0,0.0,51,0.0,291.0,875.0,6.4,4.21,9.4,48,100,10940.0,1,0.491
2026-02-07T08:00,0.0,0.0,0.0,0.0,0.0,0.0,3,0.0,289.0,885.0,6.4,4.09,9.3,51,100,6700.0,1,0.49
2026-02-07T09:00,0.2,0.2,0.0,0.0,0.0,0.0,51,10.0,0.0,865.0,5.8,3.95,9.0,52,100,7200.0,1,0.49
2026-02-07T10:00,0.1,0.1,0.0,0.0,0.0,0.0,51,0.0,272.0,810.0,5.1,4.23,9.5,51,100,12100.0,1,0.49
2026-02-07T11:00,0.0,0.0,0.0,0.0,0.0,0.0,3,0.0,261.0,770.0,4.6,3.71,9.3,47,100,15620.0,0,0.489
2026-02-07T12:00,0.0,0.0,0.0,0.0,0.0,0.0,3,0.0,0.0,725.0,4.4,2.77,8.5,49,100,9300.0,0,0.496
2026-02-07T13:00,0.0,0.0,0.0,0.0,0.0,0.0,2,10.0,242.0,805.0,4.4,2.53,6.4,52,59,9040.0,0,0.495
2026-02-07T14:00,0.0,0.0,0.0,0.0,0.0,0.0,3,0.0,228.0,815.0,4.1,2.94,7.5,58,100,12180.0,0,0.493
2026-02-07T15:00,0.0,0.0,0.0,0.0,0.0,0.0,3,0.0,214.0,830.0,4.4,1.35,6.7,31,100,15640.0,0,0.492
2026-02-07T16:00,0.0,0.0,0.0,0.0,0.0,0.0,3,0.0,202.0,830.0,4.6,1.87,4.8,46,99,14000.0,0,0.491
2026-02-07T17:00,0.2,0.0,0.2,0.07,0.1,0.0,85,0.0,194.0,780.0,4.5,2.44,5.8,44,99,17060.0,0,0.491
2026-02-07T18:00,0.0,0.0,0.0,0.0,0.0,0.0,3,0.0,1.0,585.0,4.2,2.17,6.0,15,100,17060.0,0,0.49
2026-02-07T19:00,0.0,0.0,0.0,0.0,0.0,0.0,3,0.0,-7.0,525.0,4.2,1.52,4.9,9,100,7840.0,0,0.489
2026-02-07T20:00,0.2,0.1,0.0,0.07,0.1,0.0,71,0.0,-9.0,525.0,3.9,1.36,3.9,8,100,4500.0,0,0.489
2026-02-07T21:00,0.2,0.1,0.0,0.07,0.1,0.0,71,0.0,-8.0,660.0,3.8,2.27,5.4,8,99,8120.0,0,0.489
2026-02-07T22:00,0.0,0.0,0.0,0.0,0.0,0.0,3,0.0,-5.0,710.0,3.9,2.27,5.4,22,100,13660.0,0,0.489
2026-02-07T23:00,0.0,0.0,0.0,0.0,0.0,0.0,3,0.0,-1.0,665.0,4.0,2.4,5.6,23,100,16660.0,0,0.488
2026-02-08T00:00,0.0,0.0,0.0,0.0,0.0,0.0,0,0.0,66.0,635.0,4.1,1.74,6.0,12,13,12740.0,1,0.498
2026-02-08T01:00,0.0,0.0,0.0,0.0,0.0,0.0,1,0.0,290.0,795.0,5.1,2.78,6.5,30,39,18260.0,1,0.496
2026-02-08T02:00,0.0,0.0,0.0,0.0,0.0,0.0,0,0.0,286.0,1005.0,6.7,3.65,8.7,49,9,19280.0,1,0.494
2026-02-08T03:00,0.0,0.0,0.0,0.0,0.0,0.0,0,0.0,278.0,1190.0,8.4,3.86,9.5,59,0,21440.0,1,0.492
2026-02-08T04:00,0.0,0.0,0.0,0.0,0.0,0.0,0,0.0,267.0,1260.0,9.6,3.96,9.9,64,6,21780.0,1,0.49
2026-02-08T05:00,0.0,0.0,0.0,0.0,0.0,0.0,0,0.0,255.0,1355.0,10.8,3.62,9.8,66,18,21780.0,1,0.487
2026-02-08T06:00,0.0,0.0,0.0,0.0,0.0,0.0,3,0.0,2.0,1445.0,10.6,3.26,9.3,69,93,21780.0,1,0.506
2026-02-08T07:00,0.0,0.0,0.0,0.0,0.0,0.0,3,0.0,213.0,1420.0,11.0,3.34,8.4,77,91,21780.0,1,0.501
2026-02-08T08:00,0.0,0.0,0.0,0.0,0.0,0.0,1,0.0,199.0,1340.0,10.9,3.37,8.5,84,42,21460.0,1,0.498
2026-02-08T09:00,0.0,0.0,0.0,0.0,0.0,0.0,0,0.0,185.0,1215.0,10.3,3.45,8.3,88,5,21460.0,1,0.496
2026-02-08T10:00,0.0,0.0,0.0,0.0,0.0,0.0,1,0.0,173.0,970.0,9.1,2.4,7.9,89,49,21460.0,1,0.494
2026-02-08T11:00,0.0,0.0,0.0,0.0,0.0,0.0,3,0.0,0.0,325.0,7.9,1.95,5.3,90,96,21460.0,0,0.492
2026-02-08T12:00,0.0,0.0,0.0,0.0,0.0,0.0,2,30.0,1.0,330.0,8.1,1.38,4.8,71,70,19280.0,0,0.484
2026-02-08T13:00,0.0,0.0,0.0,0.0,0.0,0.0,3,20.0,0.0,315.0,6.6,2.45,5.1,51,100,19300.0,0,0.483
2026-02-08T14:00,0.0,0.0,0.0,0.0,0.0,0.0,3,10.0,0.0,465.0,7.1,2.13,5.8,49,100,21460.0,0,0.482
2026-02-08T15:00,0.0,0.0,0.0,0.0,0.0,0.0,3,10.0,0.0,575.0,7.0,2.16,5.1,50,100,21460.0,0,0.482
2026-02-08T16:00,0.0,0.0,0.0,0.0,0.0,0.0,3,0.0,0.0,500.0,6.7,2.25,5.1,58,100,21460.0,0,0.481
2026-02-08T17:00,0.1,0.1,0.0,0.0,0.0,0.0,51,0.0,0.0,415.0,6.3,2.11,4.9,68,100,7420.0,0,0.481
2026-02-08T18:00,0.1,0.1,0.0,0.0,0.0,0.0,51,0.0,47.0,290.0,6.0,1.35,4.3,75,100,7700.0,0,0.482
2026-02-08T19:00,0.3,0.3,0.0,0.0,0.0,0.0,51,20.0,43.0,230.0,5.4,1.24,2.7,76,100,4500.0,0,0.484
2026-02-08T20:00,0.9,0.2,0.5,0.14,0.2,0.0,85,180.0,2.0,150.0,4.6,1.15,4.2,88,100,4260.0,0,0.492
2026-02-08T21:00,0.3,0.3,0.0,0.0,0.0,0.0,51,190.0,8.0,300.0,4.5,1.43,2.9,78,100,4440.0,0,0.494
2026-02-08T22:00,2.9,0.0,2.5,1.61,2.3,0.01,86,40.0,28.0,230.0,3.8,1.07,4.4,79,100,4000.0,0,0.5
2026-02-08T23:00,4.0,0.0,3.5,2.24,3.2,0.03,86,180.0,7.0,180.0,3.1,0.5,3.9,90,100,3580.0,0,0.51
2026-02-09T00:00,0.4,0.4,0.0,0.0,0.0,0.0,51,40.0,0.0,220.0,3.2,0.76,1.4,101,100,3620.0,1,0.506
2026-02-09T01:00,1.0,0.3,0.4,0.21,0.3,0.0,85,20.0,0.0,335.0,3.8,1.68,3.4,80,100,3460.0,1,0.51
2026-02-09T02:00,0.7,0.7,0.0,0.0,0.0,0.0,53,20.0,0.0,320.0,3.8,1.87,3.9,82,100,3780.0,1,0.512
2026-02-09T03:00,0.5,0.5,0.0,0.0,0.0,0.0,53,10.0,0.0,340.0,3.9,1.98,4.3,74,100,5880.0,1,0.511
2026-02-09T04:00,0.1,0.1,0.0,0.0,0.0,0.0,51,10.0,0.0,395.0,4.7,1.75,4.8,77,100,9000.0,1,0.507
2026-02-09T05:00,0.2,0.2,0.0,0.0,0.0,0.0,51,10.0,28.0,445.0,5.3,1.2,4.4,88,100,4320.0,1,0.505
2026-02-09T06:00,0.3,0.3,0.0,0.0,0.0,0.0,51,0.0,40.0,330.0,4.1,1.0,3.7,87,100,5840.0,1,0.558
2026-02-09T07:00,0.1,0.1,0.0,0.0,0.0,0.0,51,0.0,0.0,420.0,5.0,1.48,4.1,114,100,9600.0,1,0.501
2026-02-09T08:00,0.0,0.0,0.0,0.0,0.0,0.0,3,0.0,0.0,445.0,5.5,1.36,4.1,118,100,15700.0,1,0.5
2026-02-09T09:00,0.0,0.0,0.0,0.0,0.0,0.0,3,0.0,0.0,430.0,6.0,1.18,3.8,102,100,15700.0,1,0.499
2026-02-09T10:00,0.0,0.0,0.0,0.0,0.0,0.0,3,0.0,0.0,270.0,6.0,1.39,3.1,60,100,15700.0,1,0.497
2026-02-09T11:00,0.0,0.0,0.0,0.0,0.0,0.0,3,0.0,0.0,175.0,5.7,1.65,3.1,55,99,15700.0,0,0.496
2026-02-09T12:00,0.0,0.0,0.0,0.0,0.0,0.0,3,0.0,0.0,215.0,3.7,1.2,3.0,85,100,11400.0,0,0.51
2026-02-09T13:00,0.0,0.0,0.0,0.0,0.0,0.0,3,0.0,0.0,215.0,3.9,1.37,3.2,24,100,12180.0,0,0.506
2026-02-09T14:00,0.0,0.0,0.0,0.0,0.0,0.0,3,0.0,0.0,190.0,3.9,0.85,3.0,69,100,10680.0,0,0.502
2026-02-09T15:00,0.0,0.0,0.0,0.0,0.0,0.0,3,0.0,0.0,230.0,4.1,0.97,2.3,55,100,9400.0,0,0.5
2026-02-09T16:00,0.0,0.0,0.0,0.0,0.0,0.0,3,0.0,0.0,235.0,4.1,1.03,2.2,61,100,8180.0,0,0.499
2026-02-09T17:00,0.1,0.1,0.0,0.0,0.0,0.0,51,0.0,0.0,240.0,4.3,0.74,2.3,62,100,6920.0,0,0.498
2026-02-09T18:00,0.1,0.1,0.0,0.0,0.0,0.0,51,0.0,113.0,235.0,4.1,0.82,2.2,104,100,7040.0,0,0.502
2026-02-09T19:00,0.1,0.1,0.0,0.0,0.0,0.0,51,0.0,103.0,230.0,4.3,0.43,2.1,69,100,6360.0,0,0.5
2026-02-09T20:00,0.1,0.1,0.0,0.0,0.0,0.0,51,0.0,0.0,195.0,4.3,0.43,1.7,126,100,6000.0,0,0.499
2026-02-09T21:00,0.1,0.1,0.0,0.0,0.0,0.0,51,0.0,0.0,175.0,4.4,0.75,1.9,360,100,5100.0,0,0.499
2026-02-09T22:00,0.2,0.2,0.0,0.0,0.0,0.0,51,0.0,0.0,105.0,4.4,0.49,1.9,24,100,4940.0,0,0.499
2026-02-09T23:00,0.2,0.2,0.0,0.0,0.0,0.0,51,0.0,0.0,50.0,4.6,0.25,1.4,169,100,5100.0,0,0.5
2026-02-10T00:00,0.2,0.2,0.0,0.0,0.0,0.0,51,0.0,0.0,130.0,4.1,1.1,2.3,204,100,6240.0,1,0.502
2026-02-10T01:00,0.1,0.1,0.0,0.0,0.0,0.0,51,0.0,0.0,110.0,4.7,0.47,2.7,238,100,6080.0,1,0.501
2026-02-10T02:00,0.1,0.1,0.0,0.0,0.0,0.0,51,0.0,0.0,200.0,5.5,0.25,2.3,259,100,6900.0,1,0.5
2026-02-10T03:00,0.0,0.0,0.0,0.0,0.0,0.0,3,0.0,0.0,245.0,6.4,0.45,2.6,360,100,9240.0,1,0.499
2026-02-10T04:00,0.0,0.0,0.0,0.0,0.0,0.0,3,0.0,0.0,320.0,7.7,0.57,3.2,15,100,15740.0,1,0.497
2026-02-10T05:00,0.0,0.0,0.0,0.0,0.0,0.0,3,0.0,0.0,620.0,9.9,1.1,3.9,24,87,17160.0,1,0.496
2026-02-10T06:00,0.0,0.0,0.0,0.0,0.0,0.0,3,0.0,0.0,425.0,10.2,1.8,4.5,193,100,17160.0,1,0.518
2026-02-10T07:00,0.0,0.0,0.0,0.0,0.0,0.0,1,0.0,0.0,425.0,12.2,2.47,6.4,188,47,18360.0,1,0.509
2026-02-10T08:00,0.0,0.0,0.0,0.0,0.0,0.0,1,0.0,0.0,530.0,13.5,2.44,7.0,191,27,18360.0,1,0.505
2026-02-10T09:00,0.0,0.0,0.0,0.0,0.0,0.0,1,0.0,0.0,450.0,13.5,1.64,6.3,168,39,18360.0,1,0.502
2026-02-10T10:00,0.0,0.0,0.0,0.0,0.0,0.0,0,0.0,0.0,145.0,12.3,1.71,4.0,75,13,18360.0,1,0.5
2026-02-10T11:00,0.0,0.0,0.0,0.0,0.0,0.0,0,0.0,0.0,65.0,9.5,2.06,4.6,76,19,17160.0,0,0.499
2026-02-10T12:00,0.0,0.0,0.0,0.0,0.0,0.0,0,0.0,0.0,45.0,8.7,1.15,4.1,85,11,13600.0,0,0.488
2026-02-10T13:00,0.0,0.0,0.0,0.0,0.0,0.0,0,0.0,0.0,35.0,6.6,1.43,3.0,102,2,10440.0,0,0.487
2026-02-10T14:00,0.0,0.0,0.0,0.0,0.0,0.0,0,0.0,0.0,25.0,5.1,1.13,2.9,103,0,6540.0,0,0.487
2026-02-10T15:00,0.0,0.0,0.0,0.0,0.0,0.0,0,0.0,0.0,20.0,4.2,0.98,2.4,105,0,2020.0,0,0.486
2026-02-10T16:00,0.0,0.0,0.0,0.0,0.0,0.0,3,0.0,0.0,15.0,3.4,0.81,2.2,101,99,380.0,0,0.486
2026-02-10T17:00,0.0,0.0,0.0,0.0,0.0,0.0,3,0.0,0.0,15.0,3.1,0.6,1.9,114,98,260.0,0,0.486
2026-02-10T18:00,0.0,0.0,0.0,0.0,0.0,0.0,3,0.0,0.0,15.0,4.6,0.34,1.6,117,100,120.0,0,0.476
2026-02-10T19:00,0.0,0.0,0.0,0.0,0.0,0.0,3,0.0,0.0,30.0,4.3,0.22,1.0,153,100,140.0,0,0.476
2026-02-10T20:00,0.0,0.0,0.0,0.0,0.0,0.0,3,0.0,0.0,45.0,4.6,0.4,1.4,150,100,100.0,0,0.476
2026-02-10T21:00,0.0,0.0,0.0,0.0,0.0,0.0,3,0.0,0.0,45.0,4.6,0.2,1.5,180,100,100.0,0,0.476
2026-02-10T22:00,0.0,0.0,0.0,0.0,0.0,0.0,3,0.0,0.0,40.0,4.7,0.11,1.1,153,100,100.0,0,0.476
2026-02-10T23:00,0.0,0.0,0.0,0.0,0.0,0.0,3,0.0,0.0,55.0,4.7,0.21,1.3,135,100,160.0,0,0.476
2026-02-11T00:00,0.0,0.0,0.0,0.0,0.0,0.0,3,0.0,17.0,95.0,4.0,0.22,1.4,27,100,140.0,1,0.481
2026-02-11T01:00,0.0,0.0,0.0,0.0,0.0,0.0,3,0.0,0.0,40.0,4.8,0.35,2.5,270,100,340.0,1,0.481
2026-02-11T02:00,0.0,0.0,0.0,0.0,0.0,0.0,3,0.0,0.0,240.0,7.0,0.49,3.1,24,98,3280.0,1,0.48
2026-02-11T03:00,0.0,0.0,0.0,0.0,0.0,0.0,2,0.0,0.0,560.0,10.7,0.67,3.8,48,60,4900.0,1,0.48
2026-02-11T04:00,0.0,0.0,0.0,0.0,0.0,0.0,3,0.0,0.0,915.0,13.3,0.45,3.9,63,99,13700.0,1,0.479
2026-02-11T05:00,0.0,0.0,0.0,0.0,0.0,0.0,3,0.0,0.0,1340.0,15.1,0.7,4.1,111,100,18380.0,1,0.478
2026-02-11T06:00,0.0,0.0,0.0,0.0,0.0,0.0,3,0.0,0.0,1150.0,13.4,1.2,4.1,132,100,18380.0,1,0.511
2026-02-11T07:00,0.0,0.0,0.0,0.0,0.0,0.0,3,0.0,1.0,1165.0,14.2,1.51,4.7,124,100,18400.0,1,0.505
2026-02-11T08:00,0.0,0.0,0.0,0.0,0.0,0.0,3,0.0,0.0,1065.0,14.1,1.7,4.8,104,98,19400.0,1,0.502
2026-02-11T09:00,0.0,0.0,0.0,0.0,0.0,0.0,3,0.0,0.0,905.0,14.1,1.55,4.7,75,86,19400.0,1,0.499
2026-02-11T10:00,0.0,0.0,0.0,0.0,0.0,0.0,3,0.0,0.0,150.0,13.4,1.35,3.9,42,88,19420.0,1,0.497
2026-02-11T11:00,0.0,0.0,0.0,0.0,0.0,0.0,2,0.0,2.0,80.0,12.0,1.48,3.0,62,65,18400.0,0,0.495
2026-02-11T12:00,0.0,0.0,0.0,0.0,0.0,0.0,3,0.0,0.0,45.0,9.5,1.15,3.0,92,100,17200.0,0,0.475
2026-02-11T13:00,0.0,0.0,0.0,0.0,0.0,0.0,3,0.0,0.0,45.0,10.1,1.02,3.0,101,100,17200.0,0,0.475
2026-02-11T14:00,0.0,0.0,0.0,0.0,0.0,0.0,3,0.0,0.0,35.0,9.8,0.67,2.1,103,100,17200.0,0,0.475
2026-02-11T15:00,0.0,0.0,0.0,0.0,0.0,0.0,3,0.0,0.0,20.0,9.2,0.41,1.5,76,100,15780.0,0,0.475
2026-02-11T16:00,0.0,0.0,0.0,0.0,0.0,0.0,3,0.0,0.0,10.0,8.5,0.07,0.9,135,100,15800.0,0,0.475
2026-02-11T17:00,0.0,0.0,0.0,0.0,0.0,0.0,3,0.0,0.0,10.0,9.0,0.07,0.8,135,100,15800.0,0,0.475
2026-02-11T18:00,0.0,0.0,0.0,0.0,0.0,0.0,3,0.0,0.0,10.0,9.6,0.07,0.7,135,100,15800.0,0,0.475
2026-02-11T19:00,0.0,0.0,0.0,0.0,0.0,0.0,3,0.0,0.0,10.0,9.7,0.05,0.8,90,100,15800.0,0,0.475
2026-02-11T20:00,0.0,0.0,0.0,0.0,0.0,0.0,3,0.0,0.0,10.0,9.5,0.2,0.8,90,100,12580.0,0,0.474
2026-02-11T21:00,0.0,0.0,0.0,0.0,0.0,0.0,3,10.0,0.0,15.0,9.2,0.51,1.2,151,100,9700.0,0,0.475
2026-02-11T22:00,0.0,0.0,0.0,0.0,0.0,0.0,3,10.0,0.0,15.0,8.9,0.47,1.5,198,100,6720.0,0,0.475
2026-02-11T23:00,0.0,0.0,0.0,0.0,0.0,0.0,3,10.0,0.0,20.0,8.8,0.41,1.3,14,99,9520.0,0,0.475
2026-02-12T00:00,0.0,0.0,0.0,0.0,0.0,0.0,3,10.0,0.0,65.0,8.1,0.43,1.4,144,100,5340.0,1,0.496
2026-02-12T01:00,0.2,0.2,0.0,0.0,0.0,0.0,51,10.0,0.0,100.0,8.8,0.29,2.0,121,100,4540.0,1,0.496
2026-02-12T02:00,0.1,0.1,0.0,0.0,0.0,0.0,51,10.0,1.0,135.0,9.3,0.4,2.1,90,100,10260.0,1,0.496
2026-02-12T03:00,0.0,0.0,0.0,0.0,0.0,0.0,3,10.0,3.0,245.0,10.6,0.4,2.6,83,100,12060.0,1,0.494
2026-02-12T04:00,0.0,0.0,0.0,0.0,0.0,0.0,3,0.0,0.0,435.0,12.0,0.34,2.9,153,100,9420.0,1,0.492
2026-02-12T05:00,0.1,0.1,0.0,0.0,0.0,0.0,51,0.0,0.0,300.0,11.9,1.48,4.3,147,100,11380.0,1,0.492
2026-02-12T06:00,0.1,0.1,0.0,0.0,0.0,0.0,51,0.0,0.0,390.0,12.3,1.3,4.6,157,100,6660.0,1,0.501
2026-02-12T07:00,0.2,0.2,0.0,0.0,0.0,0.0,51,0.0,0.0,245.0,11.7,1.04,3.5,125,100,6580.0,1,0.5
2026-02-12T08:00,0.0,0.0,0.0,0.0,0.0,0.0,3,0.0,0.0,290.0,12.4,1.24,3.6,130,98,15220.0,1,0.498
2026-02-12T09:00,0.0,0.0,0.0,0.0,0.0,0.0,3,0.0,0.0,390.0,13.2,1.25,3.9,143,93,15300.0,1,0.496
2026-02-12T10:00,0.0,0.0,0.0,0.0,0.0,0.0,3,0.0,1.0,295.0,12.9,0.9,3.5,124,89,15720.0,1,0.495
2026-02-12T11:00,0.0,0.0,0.0,0.0,0.0,0.0,2,0.0,4.0,35.0,11.2,0.85,1.8,111,78,13680.0,0,0.493
2026-02-12T12:00,0.0,0.0,0.0,0.0,0.0,0.0,2,0.0,0.0,25.0,10.4,0.46,1.6,103,61,13680.0,0,0.478
2026-02-12T13:00,0.0,0.0,0.0,0.0,0.0,0.0,2,0.0,0.0,30.0,9.3,0.74,1.5,118,53,12280.0,0,0.478
2026-02-12T14:00,0.0,0.0,0.0,0.0,0.0,0.0,2,0.0,4.0,10.0,8.9,0.15,1.5,90,73,12280.0,0,0.478
2026-02-12T15:00,0.0,0.0,0.0,0.0,0.0,0.0,2,0.0,0.0,10.0,8.8,0.1,0.9,180,61,12300.0,0,0.478
2026-02-12T16:00,0.0,0.0,0.0,0.0,0.0,0.0,3,0.0,0.0,10.0,8.0,0.16,1.1,252,100,10520.0,0,0.477
2026-02-12T17:00,0.0,0.0,0.0,0.0,0.0,0.0,3,0.0,3.0,10.0,8.2,0.1,1.0,360,100,10520.0,0,0.477
2026-02-12T18:00,0.0,0.0,0.0,0.0,0.0,0.0,0,0.0,1.0,10.0,9.0,0.21,1.4,14,16,10520.0,0,0.477
2026-02-12T19:00,0.0,0.0,0.0,0.0,0.0,0.0,3,0.0,1.0,15.0,7.8,0.36,1.1,214,95,10520.0,0,0.477
2026-02-12T20:00,0.0,0.0,0.0,0.0,0.0,0.0,3,10.0,4.0,20.0,8.9,0.63,1.6,209,100,10520.0,0,0.477
2026-02-12T21:00,0.0,0.0,0.0,0.0,0.0,0.0,3,20.0,0.0,30.0,9.3,0.71,1.6,321,100,10340.0,0,0.476
2026-02-12T22:00,0.0,0.0,0.0,0.0,0.0,0.0,3,10.0,0.0,20.0,9.1,0.45,1.7,264,100,5800.0,0,0.477
2026-02-12T23:00,0.1,0.1,0.0,0.0,0.0,0.0,51,10.0,0.0,20.0,9.1,0.46,1.3,283,100,7440.0,0,0.477
2026-02-13T00:00,0.0,0.0,0.0,0.0,0.0,0.0,3,0.0,0.0,15.0,8.6,0.4,1.3,7,100,7860.0,1,0.48
2026-02-13T01:00,0.0,0.0,0.0,0.0,0.0,0.0,2,0.0,0.0,30.0,9.5,0.15,1.5,180,63,10420.0,1,0.48
2026-02-13T02:00,0.0,0.0,0.0,0.0,0.0,0.0,2,0.0,0.0,170.0,11.9,0.4,2.9,300,75,13700.0,1,0.479
2026-02-13T03:00,0.0,0.0,0.0,0.0,0.0,0.0,3,0.0,0.0,305.0,14.4,0.39,3.2,310,95,15840.0,1,0.479
2026-02-13T04:00,0.0,0.0,0.0,0.0,0.0,0.0,3,0.0,0.0,635.0,16.1,0.96,4.0,223,100,17260.0,1,0.478
2026-02-13T05:00,0.0,0.0,0.0,0.0,0.0,0.0,1,0.0,0.0,720.0,16.5,0.58,4.1,211,35,17280.0,1,0.477
2026-02-13T06:00,0.0,0.0,0.0,0.0,0.0,0.0,2,0.0,12.0,1115.0,18.3,0.62,4.3,194,55,18460.0,1,0.498
2026-02-13T07:00,0.0,0.0,0.0,0.0,0.0,0.0,3,10.0,0.0,1735.0,20.4,0.85,3.7,201,100,19500.0,1,0.494
2026-02-13T08:00,0.0,0.0,0.0,0.0,0.0,0.0,2,0.0,0.0,1790.0,20.5,3.1,6.7,232,66,19500.0,1,0.492
2026-02-13T09:00,0.0,0.0,0.0,0.0,0.0,0.0,2,0.0,0.0,710.0,19.5,4.44,9.8,230,70,19500.0,1,0.49
2026-02-13T10:00,0.0,0.0,0.0,0.0,0.0,0.0,0,0.0,0.0,220.0,17.7,2.1,9.1,198,8,18480.0,1,0.488
2026-02-13T11:00,0.0,0.0,0.0,0.0,0.0,0.0,0,0.0,0.0,35.0,13.7,1.38,4.5,131,5,17280.0,0,0.487
2026-02-13T12:00,0.0,0.0,0.0,0.0,0.0,0.0,0,0.0,5.0,30.0,11.9,1.57,2.6,117,4,15860.0,0,0.47
2026-02-13T13:00,0.0,0.0,0.0,0.0,0.0,0.0,0,0.0,0.0,20.0,10.7,1.22,3.3,109,7,13720.0,0,0.47
2026-02-13T14:00,0.0,0.0,0.0,0.0,0.0,0.0,0,0.0,9.0,15.0,9.9,0.58,2.5,121,5,13720.0,0,0.47
2026-02-13T15:00,0.0,0.0,0.0,0.0,0.0,0.0,0,0.0,10.0,15.0,9.2,0.46,1.6,167,5,12320.0,0,0.47
2026-02-13T16:00,0.0,0.0,0.0,0.0,0.0,0.0,0,0.0,10.0,10.0,8.8,0.18,1.6,56,0,10540.0,0,0.47
2026-02-13T17:00,0.0,0.0,0.0,0.0,0.0,0.0,0,0.0,20.0,15.0,8.3,0.38,1.2,67,0,10540.0,0,0.47
2026-02-13T18:00,0.0,0.0,0.0,0.0,0.0,0.0,0,0.0,1.0,10.0,8.3,0.21,1.5,346,2,10540.0,0,0.47
2026-02-13T19:00,0.0,0.0,0.0,0.0,0.0,0.0,0,0.0,0.0,15.0,8.0,0.39,1.7,40,0,10540.0,0,0.47
2026-02-13T20:00,0.0,0.0,0.0,0.0,0.0,0.0,0,0.0,0.0,10.0,8.0,0.2,1.5,90,0,10540.0,0,0.47
2026-02-13T21:00,0.0,0.0,0.0,0.0,0.0,0.0,0,0.0,0.0,10.0,7.7,0.14,1.5,135,0,10560.0,0,0.47
2026-02-13T22:00,0.0,0.0,0.0,0.0,0.0,0.0,0,0.0,7.0,10.0,7.2,0.05,1.5,90,0,10560.0,0,0.47
2026-02-13T23:00,0.0,0.0,0.0,0.0,0.0,0.0,0,0.0,0.0,10.0,7.0,0.05,1.4,90,0,10560.0,0,0.47
2026-02-14T00:00,0.0,0.0,0.0,0.0,0.0,0.0,0,0.0,25.0,15.0,7.7,0.18,1.3,146,2,10560.0,1,0.47
2026-02-14T01:00,0.0,0.0,0.0,0.0,0.0,0.0,0,0.0,1.0,110.0,10.1,0.5,2.7,217,2,12340.0,1,0.47
2026-02-14T02:00,0.0,0.0,0.0,0.0,0.0,0.0,0,0.0,2.0,190.0,13.1,0.45,3.3,297,1,15880.0,1,0.469
2026-02-14T03:00,0.0,0.0,0.0,0.0,0.0,0.0,0,0.0,5.0,285.0,16.6,0.65,3.9,328,1,17300.0,1,0.469
2026-02-14T04:00,0.0,0.0,0.0,0.0,0.0,0.0,0,0.0,11.0,485.0,19.8,0.68,4.2,343,7,17300.0,1,0.467
2026-02-14T05:00,0.0,0.0,0.0,0.0,0.0,0.0,2,0.0,17.0,940.0,22.6,0.72,4.2,295,55,18520.0,1,0.466
2026-02-14T06:00,0.0,0.0,0.0,0.0,0.0,0.0,3,0.0,43.0,1385.0,23.3,1.66,4.7,205,82,18520.0,1,0.464
2026-02-14T07:00,0.0,0.0,0.0,0.0,0.0,0.0,3,0.0,28.0,1530.0,24.1,3.12,7.4,186,95,19540.0,1,0.463
2026-02-14T08:00,0.0,0.0,0.0,0.0,0.0,0.0,3,0.0,26.0,1500.0,23.9,3.13,7.7,167,91,19540.0,1,0.462
2026-02-14T09:00,0.0,0.0,0.0,0.0,0.0,0.0,2,0.0,26.0,1440.0,23.5,3.02,7.3,161,52,18520.0,1,0.461
2026-02-14T10:00,0.0,0.0,0.0,0.0,0.0,0.0,0,0.0,118.0,260.0,21.4,1.79,6.5,144,16,18520.0,1,0.461
2026-02-14T11:00,0.0,0.0,0.0,0.0,0.0,0.0,0,0.0,82.0,40.0,18.0,1.49,4.0,110,2,17320.0,0,0.461
2026-02-14T12:00,0.0,0.0,0.0,0.0,0.0,0.0,0,0.0,69.0,30.0,16.1,1.55,4.1,105,1,13740.0,0,0.469
2026-02-14T13:00,0.0,0.0,0.0,0.0,0.0,0.0,0,0.0,66.0,55.0,16.4,2.38,5.5,112,5,13740.0,0,0.469
2026-02-14T14:00,0.0,0.0,0.0,0.0,0.0,0.0,0,40.0,62.0,50.0,16.1,1.79,5.4,108,17,13760.0,0,0.469
2026-02-14T15:00,0.0,0.0,0.0,0.0,0.0,0.0,0,10.0,21.0,40.0,15.6,1.31,4.5,108,4,12360.0,0,0.469
2026-02-14T16:00,0.0,0.0,0.0,0.0,0.0,0.0,0,0.0,33.0,30.0,14.8,1.15,3.7,88,0,12360.0,0,0.469
2026-02-14T17:00,0.0,0.0,0.0,0.0,0.0,0.0,0,0.0,10.0,20.0,13.5,0.73,3.3,74,8,10580.0,0,0.469
2026-02-14T18:00,0.0,0.0,0.0,0.0,0.0,0.0,0,0.0,38.0,15.0,13.9,0.54,2.6,68,13,10580.0,0,0.466
2026-02-14T19:00,0.0,0.0,0.0,0.0,0.0,0.0,0,60.0,32.0,15.0,13.7,0.57,2.4,75,12,10380.0,0,0.466
2026-02-14T20:00,0.0,0.0,0.0,0.0,0.0,0.0,0,60.0,63.0,20.0,13.5,0.8,2.8,90,9,8260.0,0,0.466
2026-02-14T21:00,0.0,0.0,0.0,0.0,0.0,0.0,3,90.0,43.0,20.0,13.3,0.9,3.0,87,100,4680.0,0,0.466
2026-02-14T22:00,0.0,0.0,0.0,0.0,0.0,0.0,3,60.0,56.0,35.0,14.9,1.51,3.9,84,100,10580.0,0,0.466
2026-02-14T23:00,0.0,0.0,0.0,0.0,0.0,0.0,3,40.0,70.0,40.0,15.3,1.5,4.2,90,100,7220.0,0,0.466
2026-02-15T00:00,0.0,0.0,0.0,0.0,0.0,0.0,3,40.0,0.0,15.0,14.8,0.3,4.0,9,100,4420.0,1,0.472
2026-02-15T01:00,0.2,0.2,0.0,0.0,0.0,0.0,51,20.0,41.0,35.0,15.2,0.96,2.3,39,100,4620.0,1,0.475
2026-02-15T02:00,0.1,0.1,0.0,0.0,0.0,0.0,51,40.0,3.0,75.0,17.2,1.63,3.8,79,93,6380.0,1,0.475
2026-02-15T03:00,0.1,0.1,0.0,0.0,0.0,0.0,51,50.0,8.0,510.0,20.5,1.92,5.0,152,89,15920.0,1,0.475
2026-02-15T04:00,0.2,0.0,0.2,0.0,0.0,0.0,51,50.0,2.0,845.0,22.6,3.61,8.3,214,71,8560.0,1,0.475
2026-02-15T05:00,0.2,0.1,0.1,0.0,0.0,0.0,51,40.0,13.0,835.0,23.7,3.67,8.7,214,36,8040.0,1,0.476
2026-02-15T06:00,0.2,0.1,0.1,0.0,0.0,0.0,51,50.0,10.0,1065.0,25.2,2.73,8.4,230,32,8180.0,1,0.476
2026-02-15T07:00,0.1,0.1,0.0,0.0,0.0,0.0,51,110.0,18.0,1190.0,26.3,1.42,6.8,212,13,14080.0,1,0.474
2026-02-15T08:00,0.0,0.0,0.0,0.0,0.0,0.0,1,120.0,10.0,1395.0,26.4,0.59,4.7,200,39,13600.0,1,0.473
2026-02-15T09:00,0.0,0.0,0.0,0.0,0.0,0.0,2,110.0,1.0,1535.0,26.3,0.65,3.8,157,74,19580.0,1,0.472
2026-02-15T10:00,0.1,0.1,0.0,0.0,0.0,0.0,51,70.0,82.0,160.0,21.6,3.61,5.6,14,48,8940.0,1,0.472
2026-02-15T11:00,0.0,0.0,0.0,0.0,0.0,0.0,3,70.0,21.0,575.0,18.1,7.0,14.5,62,95,7340.0,0,0.472
2026-02-15T12:00,0.6,0.2,0.4,0.0,0.0,0.0,53,40.0,2.0,565.0,17.9,5.71,15.1,61,49,9260.0,0,0.47
2026-02-15T13:00,0.0,0.0,0.0,0.0,0.0,0.0,1,0.0,11.0,630.0,15.0,7.75,16.8,70,46,11540.0,0,0.47
2026-02-15T14:00,0.0,0.0,0.0,0.0,0.0,0.0,2,0.0,19.0,625.0,12.2,6.67,16.9,72,51,13060.0,0,0.469
2026-02-15T15:00,0.0,0.0,0.0,0.0,0.0,0.0,2,0.0,-3.0,635.0,10.6,5.48,15.5,77,53,14820.0,0,0.469
2026-02-15T16:00,0.0,0.0,0.0,0.0,0.0,0.0,3,0.0,12.0,705.0,9.1,4.54,12.1,62,100,15940.0,0,0.469
2026-02-15T17:00,0.0,0.0,0.0,0.0,0.0,0.0,3,50.0,0.0,710.0,8.1,5.6,13.4,71,100,9860.0,0,0.468
2026-02-15T18:00,0.1,0.1,0.0,0.0,0.0,0.0,51,90.0,0.0,710.0,8.5,5.06,12.7,70,100,3860.0,0,0.464
2026-02-15T19:00,4.2,0.7,3.5,0.0,0.0,0.0,81,0.0,66.0,710.0,7.0,5.19,12.0,64,100,2420.0,0,0.514
2026-02-15T20:00,3.6,3.6,0.0,0.0,0.0,0.0,63,80.0,5.0,765.0,6.3,3.24,10.8,65,100,1800.0,0,0.52
2026-02-15T21:00,1.8,1.8,0.0,0.0,0.0,0.0,61,130.0,0.0,775.0,5.5,3.92,9.1,52,100,3440.0,0,0.515
2026-02-15T22:00,0.4,0.4,0.0,0.0,0.0,0.0,51,80.0,0.0,760.0,5.2,3.36,9.2,53,100,5500.0,0,0.511
2026-02-15T23:00,0.1,0.1,0.0,0.0,0.0,0.0,51,40.0,0.0,790.0,5.2,3.5,7.9,42,100,6520.0,0,0.508
2026-02-16T00:00,0.1,0.1,0.0,0.0,0.0,0.0,51,120.0,0.0,795.0,5.4,3.36,8.6,57,100,5100.0,1,0.495
2026-02-16T01:00,0.1,0.1,0.0,0.0,0.0,0.0,51,90.0,0.0,775.0,5.7,3.81,8.9,56,100,6540.0,1,0.495
2026-02-16T02:00,0.1,0.1,0.0,0.0,0.0,0.0,51,10.0,0.0,800.0,5.7,3.87,8.9,61,100,7880.0,1,0.494
2026-02-16T03:00,0.0,0.0,0.0,0.0,0.0,0.0,3,0.0,0.0,830.0,6.2,4.61,10.3,61,100,14920.0,1,0.493
2026-02-16T04:00,0.0,0.0,0.0,0.0,0.0,0.0,3,0.0,-2.0,840.0,6.7,5.06,11.2,62,100,15640.0,1,0.492
2026-02-16T05:00,0.0,0.0,0.0,0.0,0.0,0.0,3,0.0,-2.0,870.0,7.4,5.09,11.3,60,99,17380.0,1,0.491
2026-02-16T06:00,0.0,0.0,0.0,0.0,0.0,0.0,3,0.0,-2.0,895.0,7.2,4.52,11.7,61,100,17380.0,1,0.508
2026-02-16T07:00,0.0,0.0,0.0,0.0,0.0,0.0,3,0.0,-1.0,900.0,7.3,4.14,10.3,63,100,17380.0,1,0.504
2026-02-16T08:00,0.0,0.0,0.0,0.0,0.0,0.0,3,0.0,-1.0,895.0,7.4,4.43,10.0,65,100,17400.0,1,0.501
2026-02-16T09:00,0.0,0.0,0.0,0.0,0.0,0.0,3,0.0,0.0,890.0,7.2,4.13,10.0,69,100,17400.0,1,0.499
2026-02-16T10:00,0.0,0.0,0.0,0.0,0.0,0.0,3,0.0,-1.0,860.0,6.5,3.7,9.3,71,100,17400.0,1,0.497
2026-02-16T11:00,0.0,0.0,0.0,0.0,0.0,0.0,3,0.0,0.0,845.0,5.9,2.88,8.2,73,100,17400.0,0,0.496
2026-02-16T12:00,0.0,0.0,0.0,0.0,0.0,0.0,3,0.0,0.0,855.0,5.6,3.49,6.6,65,100,17400.0,0,0.503
2026-02-16T13:00,0.0,0.0,0.0,0.0,0.0,0.0,2,0.0,0.0,830.0,5.3,3.45,8.1,68,54,17400.0,0,0.5
2026-02-16T14:00,0.0,0.0,0.0,0.0,0.0,0.0,1,0.0,0.0,755.0,4.4,2.85,7.6,68,38,15980.0,0,0.499
2026-02-16T15:00,0.0,0.0,0.0,0.0,0.0,0.0,2,20.0,25.0,710.0,3.8,2.71,6.4,65,58,15980.0,0,0.497
2026-02-16T16:00,0.0,0.0,0.0,0.0,0.0,0.0,3,0.0,18.0,710.0,3.7,1.88,6.2,50,100,9440.0,0,0.496
2026-02-16T17:00,0.1,0.1,0.0,0.0,0.0,0.0,51,0.0,21.0,720.0,3.8,2.69,6.1,47,98,9040.0,0,0.496
2026-02-16T18:00,0.0,0.0,0.0,0.0,0.0,0.0,3,50.0,0.0,715.0,3.4,2.55,6.4,64,100,11480.0,0,0.497
2026-02-16T19:00,0.0,0.0,0.0,0.0,0.0,0.0,3,30.0,1.0,715.0,3.5,2.96,6.8,71,95,9360.0,0,0.495
2026-02-16T20:00,0.0,0.0,0.0,0.0,0.0,0.0,3,20.0,8.0,665.0,3.4,2.18,6.7,74,99,11160.0,0,0.495
2026-02-16T21:00,0.0,0.0,0.0,0.0,0.0,0.0,3,50.0,0.0,650.0,3.3,2.53,5.8,60,97,12420.0,0,0.494
2026-02-16T22:00,0.0,0.0,0.0,0.0,0.0,0.0,3,10.0,26.0,615.0,3.2,2.23,6.0,56,99,12300.0,0,0.493
2026-02-16T23:00,0.0,0.0,0.0,0.0,0.0,0.0,3,20.0,29.0,520.0,3.0,1.95,5.1,64,98,16000.0,0,0.492
2026-02-17T00:00,0.0,0.0,0.0,0.0,0.0,0.0,3,0.0,16.0,370.0,2.5,1.41,4.5,73,98,11640.0,1,0.499
2026-02-17T01:00,0.0,0.0,0.0,0.0,0.0,0.0,3,10.0,27.0,445.0,3.4,1.53,4.3,58,100,16000.0,1,0.498
2026-02-17T02:00,0.0,0.0,0.0,0.0,0.0,0.0,3,0.0,8.0,515.0,4.5,1.1,4.4,60,80,16000.0,1,0.496
2026-02-17T03:00,0.0,0.0,0.0,0.0,0.0,0.0,2,0.0,8.0,615.0,6.2,1.0,4.2,87,51,17420.0,1,0.495
2026-02-17T04:00,0.0,0.0,0.0,0.0,0.0,0.0,2,0.0,8.0,670.0,7.9,0.98,4.7,66,79,18620.0,1,0.493
2026-02-17T05:00,0.0,0.0,0.0,0.0,0.0,0.0,3,0.0,8.0,720.0,9.2,1.1,4.7,60,82,18620.0,1,0.491
2026-02-17T06:00,0.0,0.0,0.0,0.0,0.0,0.0,3,0.0,8.0,955.0,9.3,1.36,4.7,84,92,18620.0,1,0.508
2026-02-17T07:00,0.0,0.0,0.0,0.0,0.0,0.0,3,0.0,8.0,910.0,10.1,1.71,5.6,122,99,18620.0,1,0.504
2026-02-17T08:00,0.0,0.0,0.0,0.0,0.0,0.0,2,0.0,8.0,840.0,11.1,1.04,5.5,125,62,19640.0,1,0.5
2026-02-17T09:00,0.0,0.0,0.0,0.0,0.0,0.0,0,0.0,7.0,930.0,11.5,0.96,4.1,96,6,19640.0,1,0.498
2026-02-17T10:00,0.0,0.0,0.0,0.0,0.0,0.0,1,0.0,7.0,375.0,10.3,1.42,3.4,100,27,18620.0,1,0.496
2026-02-17T11:00,0.0,0.0,0.0,0.0,0.0,0.0,0,0.0,7.0,185.0,7.9,2.86,5.6,94,8,17440.0,0,0.495
2026-02-17T12:00,0.0,0.0,0.0,0.0,0.0,0.0,3,0.0,6.0,430.0,7.8,0.81,5.7,83,93,17440.0,0,0.487
2026-02-17T13:00,0.0,0.0,0.0,0.0,0.0,0.0,3,0.0,6.0,315.0,7.6,0.54,1.9,68,100,17440.0,0,0.486
2026-02-17T14:00,0.0,0.0,0.0,0.0,0.0,0.0,3,0.0,6.0,145.0,7.5,0.43,1.8,21,100,17440.0,0,0.486
2026-02-17T15:00,0.0,0.0,0.0,0.0,0.0,0.0,3,0.0,5.0,115.0,7.4,0.57,1.4,345,100,17440.0,0,0.485
2026-02-17T16:00,0.0,0.0,0.0,0.0,0.0,0.0,3,0.0,5.0,115.0,7.5,0.61,1.7,305,100,17440.0,0,0.485
2026-02-17T17:00,0.0,0.0,0.0,0.0,0.0,0.0,3,0.0,4.0,60.0,7.1,0.62,1.3,256,100,17440.0,0,0.484
2026-02-17T18:00,0.0,0.0,0.0,0.0,0.0,0.0,3,0.0,4.0,55.0,7.5,0.87,1.7,336,100,16020.0,0,0.478
2026-02-17T19:00,0.0,0.0,0.0,0.0,0.0,0.0,3,10.0,3.0,145.0,7.8,1.0,2.5,357,100,17440.0,0,0.477
2026-02-17T20:00,0.0,0.0,0.0,0.0,0.0,0.0,3,0.0,3.0,20.0,7.7,0.18,2.3,236,100,17440.0,0,0.477
2026-02-17T21:00,0.0,0.0,0.0,0.0,0.0,0.0,3,10.0,2.0,15.0,7.8,0.21,0.9,166,100,17440.0,0,0.477
2026-02-17T22:00,0.0,0.0,0.0,0.0,0.0,0.0,3,0.0,2.0,245.0,7.9,0.89,2.1,63,100,17440.0,0,0.477
2026-02-17T23:00,0.0,0.0,0.0,0.0,0.0,0.0,3,0.0,1.0,330.0,8.0,0.87,2.5,59,100,17440.0,0,0.477
2026-02-18T00:00,0.0,0.0,0.0,0.0,0.0,0.0,3,10.0,1.0,90.0,7.1,0.81,2.7,202,100,8080.0,1,0.475
2026-02-18T01:00,0.1,0.1,0.0,0.0,0.0,0.0,51,20.0,61.0,160.0,7.3,0.11,2.0,63,100,6160.0,1,0.476
2026-02-18T02:00,0.1,0.1,0.0,0.0,0.0,0.0,51,0.0,0.0,325.0,7.9,0.89,3.1,27,100,15580.0,1,0.476
2026-02-18T03:00,0.0,0.0,0.0,0.0,0.0,0.0,3,0.0,-1.0,505.0,9.5,0.2,3.5,270,100,17460.0,1,0.476
2026-02-18T04:00,0.0,0.0,0.0,0.0,0.0,0.0,3,0.0,-1.0,670.0,10.6,0.72,3.5,56,100,17460.0,1,0.476
2026-02-18T05:00,0.0,0.0,0.0,0.0,0.0,0.0,3,0.0,-1.0,775.0,11.7,0.89,3.7,52,100,18660.0,1,0.475
2026-02-18T06:00,0.0,0.0,0.0,0.0,0.0,0.0,3,10.0,-2.0,750.0,10.1,0.0,3.7,270,100,13920.0,1,0.504
2026-02-18T07:00,0.0,0.0,0.0,0.0,0.0,0.0,3,0.0,-2.0,740.0,11.0,0.72,3.1,124,100,17460.0,1,0.501
2026-02-18T08:00,0.0,0.0,0.0,0.0,0.0,0.0,3,0.0,-2.0,690.0,11.3,1.37,3.9,114,91,18660.0,1,0.498
2026-02-18T09:00,0.0,0.0,0.0,0.0,0.0,0.0,3,0.0,-2.0,665.0,11.4,1.48,4.1,114,98,18660.0,1,0.496
2026-02-18T10:00,0.0,0.0,0.0,0.0,0.0,0.0,3,0.0,-3.0,585.0,11.0,1.76,4.0,105,99,18660.0,1,0.494
2026-02-18T11:00,0.0,0.0,0.0,0.0,0.0,0.0,3,0.0,0.0,330.0,10.2,1.28,3.9,111,99,17460.0,0,0.493
2026-02-18T12:00,0.0,0.0,0.0,0.0,0.0,0.0,3,0.0,0.0,55.0,9.3,0.28,3.1,135,100,17460.0,0,0.509
2026-02-18T13:00,0.0,0.0,0.0,0.0,0.0,0.0,3,0.0,0.0,100.0,9.0,0.65,1.5,148,83,17460.0,0,0.505
2026-02-18T14:00,0.0,0.0,0.0,0.0,0.0,0.0,3,0.0,0.0,45.0,8.4,0.56,1.6,117,100,16060.0,0,0.501
2026-02-18T15:00,0.0,0.0,0.0,0.0,0.0,0.0,3,10.0,0.0,380.0,8.7,0.72,1.9,56,100,17480.0,0,0.499
2026-02-18T16:00,0.1,0.1,0.0,0.0,0.0,0.0,51,0.0,0.0,405.0,8.5,1.4,3.0,2,100,6260.0,0,0.498
2026-02-18T17:00,0.4,0.4,0.0,0.0,0.0,0.0,51,0.0,1.0,120.0,7.8,1.1,3.6,275,100,3780.0,0,0.5
2026-02-18T18:00,0.5,0.3,0.2,0.0,0.0,0.0,53,0.0,1.0,30.0,7.6,0.62,2.5,166,95,4760.0,0,0.5
2026-02-18T19:00,0.5,0.1,0.4,0.0,0.0,0.0,53,0.0,1.0,35.0,7.5,0.69,1.2,210,100,6880.0,0,0.504
2026-02-18T20:00,0.0,0.0,0.0,0.0,0.0,0.0,3,0.0,1.0,45.0,7.5,0.64,1.8,219,100,6700.0,0,0.501
2026-02-18T21:00,0.1,0.1,0.0,0.0,0.0,0.0,51,0.0,1.0,30.0,7.6,0.35,2.0,180,100,5120.0,0,0.5
2026-02-18T22:00,0.2,0.2,0.0,0.0,0.0,0.0,51,10.0,7.0,50.0,7.5,0.73,1.5,196,100,3920.0,0,0.501
2026-02-18T23:00,0.2,0.2,0.0,0.0,0.0,0.0,51,10.0,1.0,60.0,7.5,1.03,1.9,219,100,5980.0,0,0.501
2026-02-19T00:00,0.0,0.0,0.0,0.0,0.0,0.0,3,0.0,7.0,75.0,7.4,1.11,2.3,216,100,10580.0,1,0.486
2026-02-19T01:00,0.0,0.0,0.0,0.0,0.0,0.0,3,0.0,14.0,105.0,8.2,0.54,2.4,236,100,12520.0,1,0.486
2026-02-19T02:00,0.0,0.0,0.0,0.0,0.0,0.0,3,0.0,-2.0,275.0,9.3,0.69,3.0,240,99,16080.0,1,0.485
2026-02-19T03:00,0.0,0.0,0.0,0.0,0.0,0.0,3,0.0,0.0,490.0,11.6,0.45,3.5,264,100,17500.0,1,0.484
2026-02-19T04:00,0.0,0.0,0.0,0.0,0.0,0.0,2,0.0,-4.0,680.0,13.1,0.62,3.7,284,77,18680.0,1,0.483
2026-02-19T05:00,0.0,0.0,0.0,0.0,0.0,0.0,0,0.0,-5.0,920.0,15.3,0.52,4.1,287,8,18700.0,1,0.481
2026-02-19T06:00,0.0,0.0,0.0,0.0,0.0,0.0,0,0.0,-6.0,1100.0,15.2,1.16,4.2,205,6,18700.0,1,0.498
2026-02-19T07:00,0.0,0.0,0.0,0.0,0.0,0.0,0,0.0,-7.0,1105.0,16.6,1.51,5.4,172,9,19700.0,1,0.495
2026-02-19T08:00,0.0,0.0,0.0,0.0,0.0,0.0,0,0.0,-7.0,950.0,17.2,1.88,5.5,151,4,19700.0,1,0.492
2026-02-19T09:00,0.0,0.0,0.0,0.0,0.0,0.0,0,0.0,-8.0,590.0,17.3,1.59,5.5,136,2,19700.0,1,0.49
2026-02-19T10:00,0.0,0.0,0.0,0.0,0.0,0.0,0,0.0,-8.0,100.0,15.4,1.15,4.1,175,5,19720.0,1,0.489
2026-02-19T11:00,0.0,0.0,0.0,0.0,0.0,0.0,0,0.0,-9.0,20.0,12.7,0.81,2.1,133,7,18700.0,0,0.488
2026-02-19T12:00,0.0,0.0,0.0,0.0,0.0,0.0,0,0.0,-9.0,25.0,10.3,1.09,2.2,106,9,17500.0,0,0.499
2026-02-19T13:00,0.0,0.0,0.0,0.0,0.0,0.0,1,0.0,-9.0,20.0,8.7,1.02,2.3,101,34,16100.0,0,0.497
2026-02-19T14:00,0.0,0.0,0.0,0.0,0.0,0.0,2,0.0,-9.0,15.0,7.6,0.79,2.0,108,50,12540.0,0,0.495
2026-02-19T15:00,0.0,0.0,0.0,0.0,0.0,0.0,1,0.0,-9.0,20.0,7.1,0.89,1.9,128,31,12540.0,0,0.494
2026-02-19T16:00,0.0,0.0,0.0,0.0,0.0,0.0,2,0.0,-9.0,15.0,7.0,0.35,1.9,98,77,12540.0,0,0.493
2026-02-19T17:00,0.0,0.0,0.0,0.0,0.0,0.0,3,0.0,-9.0,10.0,6.4,0.29,1.0,121,80,12540.0,0,0.492
2026-02-19T18:00,0.0,0.0,0.0,0.0,0.0,0.0,2,0.0,-9.0,10.0,6.6,0.16,1.0,72,62,12540.0,0,0.493
2026-02-19T19:00,0.0,0.0,0.0,0.0,0.0,0.0,2,0.0,-9.0,10.0,6.6,0.05,0.9,90,67,12540.0,0,0.492
2026-02-19T20:00,0.0,0.0,0.0,0.0,0.0,0.0,0,0.0,-9.0,10.0,6.3,0.11,0.8,117,2,12540.0,0,0.491
2026-02-19T21:00,0.0,0.0,0.0,0.0,0.0,0.0,1,0.0,-9.0,10.0,5.9,0.22,1.0,297,34,10760.0,0,0.491
2026-02-19T22:00,0.0,0.0,0.0,0.0,0.0,0.0,3,0.0,-8.0,10.0,5.6,0.21,0.9,225,95,10760.0,0,0.49
2026-02-19T23:00,0.0,0.0,0.0,0.0,0.0,0.0,2,0.0,-8.0,10.0,5.4,0.18,1.0,236,60,10760.0,0,0.489
2026-02-20T00:00,0.0,0.0,0.0,0.0,0.0,0.0,0,0.0,-8.0,25.0,6.0,0.22,0.9,333,4,7380.0,1,0.493
2026-02-20T01:00,0.0,0.0,0.0,0.0,0.0,0.0,0,0.0,-7.0,125.0,8.6,0.4,2.5,360,5,13960.0,1,0.492
2026-02-20T02:00,0.0,0.0,0.0,0.0,0.0,0.0,0,0.0,-7.0,175.0,12.0,0.5,3.4,323,1,16120.0,1,0.491
2026-02-20T03:00,0.0,0.0,0.0,0.0,0.0,0.0,0,0.0,-6.0,295.0,15.7,0.79,4.1,305,0,18720.0,1,0.489
2026-02-20T04:00,0.0,0.0,0.0,0.0,0.0,0.0,0,0.0,-6.0,545.0,18.8,0.82,4.4,322,0,19740.0,1,0.487
2026-02-20T05:00,0.0,0.0,0.0,0.0,0.0,0.0,0,0.0,-5.0,840.0,21.0,0.76,4.4,328,0,19740.0,1,0.485
2026-02-20T06:00,0.0,0.0,0.0,0.0,0.0,0.0,0,0.0,-5.0,1055.0,21.5,0.25,4.3,323,0,19740.0,1,0.503
2026-02-20T07:00,0.0,0.0,0.0,0.0,0.0,0.0,0,0.0,-5.0,1160.0,23.1,0.43,3.4,144,0,21860.0,1,0.498
2026-02-20T08:00,0.0,0.0,0.0,0.0,0.0,0.0,0,0.0,-4.0,1220.0,23.4,0.92,3.7,167,0,21860.0,1,0.495
2026-02-20T09:00,0.0,0.0,0.0,0.0,0.0,0.0,0,0.0,-4.0,1210.0,23.1,1.17,3.6,200,0,21860.0,1,0.493
2026-02-20T10:00,0.0,0.0,0.0,0.0,0.0,0.0,0,0.0,-3.0,60.0,20.3,0.91,2.9,174,0,21860.0,1,0.492
2026-02-20T11:00,0.0,0.0,0.0,0.0,0.0,0.0,0,0.0,-3.0,40.0,16.4,1.81,3.7,138,0,18740.0,0,0.491
2026-02-20T12:00,0.0,0.0,0.0,0.0,0.0,0.0,0,0.0,28.0,30.0,13.8,1.61,4.5,120,5,17540.0,0,0.494
2026-02-20T13:00,0.0,0.0,0.0,0.0,0.0,0.0,0,0.0,-2.0,20.0,12.9,1.33,3.7,103,13,16140.0,0,0.493
2026-02-20T14:00,0.0,0.0,0.0,0.0,0.0,0.0,0,0.0,-1.0,10.0,11.7,0.57,3.1,105,2,16140.0,0,0.491
2026-02-20T15:00,0.0,0.0,0.0,0.0,0.0,0.0,0,0.0,-1.0,10.0,11.2,0.3,2.0,99,1,16140.0,0,0.491
2026-02-20T16:00,0.0,0.0,0.0,0.0,0.0,0.0,0,0.0,-1.0,15.0,11.2,0.47,1.9,32,0,16140.0,0,0.49
2026-02-20T17:00,0.0,0.0,0.0,0.0,0.0,0.0,0,0.0,0.0,10.0,11.3,0.18,1.9,56,0,16140.0,0,0.489
2026-02-20T18:00,0.0,0.0,0.0,0.0,0.0,0.0,0,0.0,55.0,15.0,10.7,0.55,1.8,95,0,16140.0,0,0.509
2026-02-20T19:00,0.0,0.0,0.0,0.0,0.0,0.0,0,0.0,17.0,15.0,9.8,0.52,2.0,107,0,16140.0,0,0.504
2026-02-20T20:00,0.0,0.0,0.0,0.0,0.0,0.0,0,0.0,139.0,10.0,9.3,0.35,2.0,82,0,16140.0,0,0.501
2026-02-20T21:00,0.0,0.0,0.0,0.0,0.0,0.0,0,0.0,107.0,10.0,8.7,0.22,1.8,117,0,14000.0,0,0.499
2026-02-20T22:00,0.0,0.0,0.0,0.0,0.0,0.0,0,0.0,86.0,15.0,8.3,0.41,2.0,104,2,12580.0,0,0.497
2026-02-20T23:00,0.0,0.0,0.0,0.0,0.0,0.0,0,0.0,209.0,15.0,8.2,0.56,2.1,100,8,12580.0,0,0.496
2026-02-21T00:00,0.0,0.0,0.0,0.0,0.0,0.0,1,0.0,187.0,15.0,9.1,0.8,2.2,94,41,12580.0,1,0.516
2026-02-21T01:00,0.0,0.0,0.0,0.0,0.0,0.0,3,190.0,198.0,35.0,12.8,0.32,2.5,39,100,16160.0,1,0.508
2026-02-21T02:00,0.0,0.0,0.0,0.0,0.0,0.0,3,270.0,183.0,100.0,15.3,0.96,3.0,6,96,17560.0,1,0.504
2026-02-21T03:00,0.0,0.0,0.0,0.0,0.0,0.0,3,330.0,181.0,280.0,17.7,1.03,3.6,337,100,17560.0,1,0.501
2026-02-21T04:00,0.0,0.0,0.0,0.0,0.0,0.0,3,370.0,185.0,775.0,20.1,0.87,4.0,301,100,18760.0,1,0.498
2026-02-21T05:00,0.0,0.0,0.0,0.0,0.0,0.0,3,380.0,161.0,1275.0,21.9,2.44,6.1,235,100,18760.0,1,0.495
2026-02-21T06:00,0.0,0.0,0.0,0.0,0.0,0.0,3,260.0,211.0,1415.0,22.4,2.93,7.2,226,100,18760.0,1,0.497
2026-02-21T07:00,0.0,0.0,0.0,0.0,0.0,0.0,3,230.0,225.0,1405.0,22.9,2.69,7.2,223,100,18760.0,1,0.495
2026-02-21T08:00,0.0,0.0,0.0,0.0,0.0,0.0,3,260.0,175.0,1165.0,22.9,1.29,6.2,234,100,18760.0,1,0.493
2026-02-21T09:00,0.0,0.0,0.0,0.0,0.0,0.0,3,270.0,158.0,1095.0,22.9,0.38,3.3,247,100,18760.0,1,0.492
2026-02-21T10:00,0.0,0.0,0.0,0.0,0.0,0.0,3,240.0,186.0,35.0,21.3,0.67,1.3,117,81,18760.0,1,0.491
2026-02-21T11:00,0.0,0.0,0.0,0.0,0.0,0.0,1,160.0,230.0,40.0,18.7,1.56,3.2,130,26,17580.0,0,0.49
2026-02-21T12:00,0.0,0.0,0.0,0.0,0.0,0.0,0,240.0,166.0,30.0,16.9,1.56,3.4,130,10,16180.0,0,0.472
2026-02-21T13:00,0.0,0.0,0.0,0.0,0.0,0.0,1,140.0,181.0,30.0,15.6,1.63,3.6,117,35,14020.0,0,0.472
2026-02-21T14:00,0.0,0.0,0.0,0.0,0.0,0.0,0,0.0,273.0,55.0,15.7,1.69,4.1,124,5,13980.0,0,0.473
2026-02-21T15:00,0.0,0.0,0.0,0.0,0.0,0.0,0,0.0,237.0,25.0,14.2,0.97,3.8,102,5,13960.0,0,0.473
2026-02-21T16:00,0.0,0.0,0.0,0.0,0.0,0.0,0,0.0,244.0,15.0,13.2,0.41,2.3,76,9,12600.0,0,0.473
2026-02-21T17:00,0.0,0.0,0.0,0.0,0.0,0.0,0,0.0,271.0,15.0,12.2,0.52,1.4,107,2,10820.0,0,0.473
2026-02-21T18:00,0.0,0.0,0.0,0.0,0.0,0.0,0,0.0,253.0,15.0,12.1,0.54,1.5,112,6,7420.0,0,0.465
2026-02-21T19:00,0.0,0.0,0.0,0.0,0.0,0.0,0,0.0,274.0,10.0,11.6,0.14,1.2,135,0,7420.0,0,0.465
2026-02-21T20:00,0.0,0.0,0.0,0.0,0.0,0.0,0,0.0,258.0,10.0,11.2,0.0,0.7,270,3,7440.0,0,0.466
2026-02-21T21:00,0.0,0.0,0.0,0.0,0.0,0.0,0,0.0,252.0,10.0,11.5,0.14,0.5,135,17,10820.0,0,0.466
2026-02-21T22:00,0.0,0.0,0.0,0.0,0.0,0.0,1,240.0,199.0,20.0,11.6,0.38,0.9,157,20,10820.0,0,0.467
2026-02-21T23:00,0.0,0.0,0.0,0.0,0.0,0.0,0,220.0,196.0,25.0,11.7,0.29,1.0,211,19,4020.0,0,0.467
2026-02-22T00:00,0.0,0.0,0.0,0.0,0.0,0.0,3,170.0,186.0,45.0,12.3,0.32,0.8,342,100,620.0,1,0.472
2026-02-22T01:00,0.0,0.0,0.0,0.0,0.0,0.0,3,220.0,146.0,30.0,13.1,0.36,2.2,56,100,160.0,1,0.472
2026-02-22T02:00,0.0,0.0,0.0,0.0,0.0,0.0,3,240.0,143.0,105.0,14.9,0.32,2.6,309,100,2520.0,1,0.472
2026-02-22T03:00,0.0,0.0,0.0,0.0,0.0,0.0,3,190.0,181.0,390.0,18.1,0.47,3.5,328,95,6040.0,1,0.472
2026-02-22T04:00,0.0,0.0,0.0,0.0,0.0,0.0,2,320.0,109.0,820.0,21.5,0.72,3.8,78,55,17600.0,1,0.471
2026-02-22T05:00,0.0,0.0,0.0,0.0,0.0,0.0,3,420.0,64.0,1510.0,24.0,1.81,5.1,104,100,18800.0,1,0.47
2026-02-22T06:00,0.0,0.0,0.0,0.0,0.0,0.0,3,380.0,2.0,1325.0,23.8,2.6,6.7,87,100,19800.0,1,0.47
2026-02-22T07:00,0.0,0.0,0.0,0.0,0.0,0.0,3,360.0,1.0,1485.0,24.2,3.35,7.8,93,100,19800.0,1,0.469
2026-02-22T08:00,0.0,0.0,0.0,0.0,0.0,0.0,3,210.0,85.0,1555.0,23.7,3.49,7.9,103,92,19820.0,1,0.468
2026-02-22T09:00,0.0,0.0,0.0,0.0,0.0,0.0,3,190.0,59.0,1530.0,23.8,3.36,8.2,105,95,19820.0,1,0.467
2026-02-22T10:00,0.0,0.0,0.0,0.0,0.0,0.0,1,270.0,31.0,425.0,21.9,2.51,7.3,73,45,18800.0,1,0.467
2026-02-22T11:00,0.0,0.0,0.0,0.0,0.0,0.0,3,250.0,17.0,135.0,19.2,1.93,5.5,73,100,16220.0,0,0.467
2026-02-22T12:00,0.0,0.0,0.0,0.0,0.0,0.0,3,0.0,11.0,65.0,17.9,2.04,4.2,158,86,9580.0,0,0.462
2026-02-22T13:00,0.2,0.0,0.2,0.0,0.0,0.0,51,0.0,12.0,80.0,17.3,1.87,4.7,160,80,12640.0,0,0.465
2026-02-22T14:00,0.1,0.0,0.1,0.0,0.0,0.0,51,0.0,14.0,45.0,16.3,1.32,4.0,61,74,6740.0,0,0.466
2026-02-22T15:00,0.1,0.1,0.0,0.0,0.0,0.0,51,0.0,5.0,30.0,15.4,0.75,3.2,86,79,6580.0,0,0.467
2026-02-22T16:00,0.1,0.1,0.0,0.0,0.0,0.0,51,0.0,5.0,30.0,15.4,0.82,2.4,128,35,5900.0,0,0.468
2026-02-22T17:00,0.1,0.0,0.1,0.0,0.0,0.0,51,180.0,2.0,25.0,14.5,0.76,2.3,101,100,7420.0,0,0.469
2026-02-22T18:00,0.5,0.1,0.4,0.0,0.0,0.0,53,100.0,2.0,55.0,15.2,0.84,2.1,17,100,180.0,0,0.463
2026-02-22T19:00,4.1,0.2,3.9,0.0,0.0,0.0,81,180.0,2.0,60.0,15.1,1.08,5.3,77,100,380.0,0,0.511
2026-02-22T20:00,0.1,0.1,0.0,0.0,0.0,0.0,51,0.0,16.0,60.0,15.0,1.21,3.1,120,100,1660.0,0,0.506
2026-02-22T21:00,9.3,0.2,9.1,0.0,0.0,0.0,82,0.0,31.0,60.0,14.6,1.57,4.5,73,86,4760.0,0,0.52
2026-02-22T22:00,9.8,0.1,9.7,0.0,0.0,0.0,82,140.0,4.0,110.0,14.6,2.15,6.5,89,100,4580.0,0,0.513
2026-02-22T23:00,0.5,0.4,0.1,0.0,0.0,0.0,53,250.0,12.0,135.0,14.9,2.3,4.3,86,100,4680.0,0,0.513
2026-02-23T00:00,0.1,0.0,0.1,0.0,0.0,0.0,51,180.0,0.0,90.0,15.1,1.41,5.4,84,100,5340.0,1,0.511
2026-02-23T01:00,0.0,0.0,0.0,0.0,0.0,0.0,3,200.0,4.0,195.0,16.2,2.52,5.1,76,100,7120.0,1,0.508
2026-02-23T02:00,0.0,0.0,0.0,0.0,0.0,0.0,3,140.0,13.0,235.0,16.8,3.04,6.4,76,100,8060.0,1,0.505
2026-02-23T03:00,0.0,0.0,0.0,0.0,0.0,0.0,3,180.0,41.0,515.0,19.5,2.58,6.9,99,100,8060.0,1,0.503
2026-02-23T04:00,0.1,0.1,0.0,0.0,0.0,0.0,51,220.0,28.0,855.0,21.4,2.93,6.9,143,84,16240.0,1,0.501
2026-02-23T05:00,0.3,0.2,0.1,0.0,0.0,0.0,51,310.0,4.0,985.0,23.2,3.58,8.4,165,100,4840.0,1,0.501
2026-02-23T06:00,0.4,0.2,0.2,0.0,0.0,0.0,51,200.0,4.0,865.0,21.6,1.49,8.3,140,84,17640.0,1,0.516
2026-02-23T07:00,0.1,0.1,0.0,0.0,0.0,0.0,51,270.0,0.0,825.0,23.2,0.78,6.7,45,98,6040.0,1,0.51
2026-02-23T08:00,0.2,0.2,0.0,0.0,0.0,0.0,51,80.0,47.0,320.0,20.4,2.71,6.2,102,45,9360.0,1,0.508
2026-02-23T09:00,0.0,0.0,0.0,0.0,0.0,0.0,3,30.0,89.0,445.0,20.0,3.26,7.8,75,86,8880.0,1,0.506
2026-02-23T10:00,0.8,0.1,0.7,0.0,0.0,0.0,53,180.0,5.0,360.0,17.9,3.22,8.7,66,96,5680.0,1,0.512
2026-02-23T11:00,3.4,0.2,3.2,0.0,0.0,0.0,81,140.0,31.0,310.0,16.6,3.57,8.2,84,82,5700.0,0,0.513
2026-02-23T12:00,0.7,0.7,0.0,0.0,0.0,0.0,53,130.0,12.0,325.0,16.6,3.7,7.3,88,100,1980.0,0,0.499
2026-02-23T13:00,3.9,2.5,1.4,0.0,0.0,0.0,81,170.0,5.0,445.0,15.8,3.0,8.0,66,100,2640.0,0,0.51
2026-02-23T14:00,2.8,1.4,1.4,0.0,0.0,0.0,81,190.0,3.0,405.0,15.0,3.31,6.7,79,100,2940.0,0,0.509
2026-02-23T15:00,1.8,0.5,1.3,0.0,0.0,0.0,80,150.0,5.0,450.0,14.6,2.69,7.8,55,99,6680.0,0,0.509
2026-02-23T16:00,0.6,0.1,0.5,0.0,0.0,0.0,53,120.0,7.0,490.0,14.0,3.33,6.8,54,100,7480.0,0,0.508
2026-02-23T17:00,0.0,0.0,0.0,0.0,0.0,0.0,3,80.0,14.0,520.0,13.0,4.66,9.7,59,100,8140.0,0,0.506
2026-02-23T18:00,0.0,0.0,0.0,0.0,0.0,0.0,3,0.0,33.0,520.0,12.8,5.42,11.8,67,100,7900.0,0,0.496
2026-02-23T19:00,0.0,0.0,0.0,0.0,0.0,0.0,3,0.0,27.0,560.0,11.7,5.88,12.5,71,100,10900.0,0,0.495
2026-02-23T20:00,0.0,0.0,0.0,0.0,0.0,0.0,3,0.0,17.0,565.0,10.2,4.89,13.0,70,100,13760.0,0,0.494
2026-02-23T21:00,0.0,0.0,0.0,0.0,0.0,0.0,3,0.0,18.0,580.0,9.2,4.08,10.8,73,98,16260.0,0,0.493
2026-02-23T22:00,0.0,0.0,0.0,0.0,0.0,0.0,3,0.0,1.0,605.0,8.8,3.43,9.4,74,100,16280.0,0,0.492
2026-02-23T23:00,0.0,0.0,0.0,0.0,0.0,0.0,3,0.0,2.0,595.0,8.6,2.71,8.0,65,100,17660.0,0,0.491
2026-02-24T00:00,0.0,0.0,0.0,0.0,0.0,0.0,3,0.0,0.0,585.0,9.0,2.5,6.6,70,100,17680.0,1,0.495
2026-02-24T01:00,0.0,0.0,0.0,0.0,0.0,0.0,3,0.0,3.0,620.0,9.7,2.84,6.9,64,100,18860.0,1,0.493
2026-02-24T02:00,0.0,0.0,0.0,0.0,0.0,0.0,3,0.0,2.0,640.0,11.0,3.18,7.8,62,100,18860.0,1,0.492
2026-02-24T03:00,0.0,0.0,0.0,0.0,0.0,0.0,3,0.0,2.0,700.0,12.3,3.28,8.1,69,100,18860.0,1,0.49
2026-02-24T04:00,0.0,0.0,0.0,0.0,0.0,0.0,3,0.0,1.0,740.0,13.8,3.35,8.7,70,100,18860.0,1,0.489
2026-02-24T05:00,0.0,0.0,0.0,0.0,0.0,0.0,3,0.0,0.0,805.0,15.3,2.68,8.6,63,99,19880.0,1,0.487
2026-02-24T06:00,0.0,0.0,0.0,0.0,0.0,0.0,3,0.0,0.0,780.0,13.9,2.53,7.6,75,100,18860.0,1,0.485
2026-02-24T07:00,0.0,0.0,0.0,0.0,0.0,0.0,2,0.0,27.0,745.0,15.2,3.05,7.9,72,66,18880.0,1,0.484
2026-02-24T08:00,0.0,0.0,0.0,0.0,0.0,0.0,1,0.0,23.0,720.0,15.4,3.19,8.1,76,23,18880.0,1,0.483
2026-02-24T09:00,0.0,0.0,0.0,0.0,0.0,0.0,0,0.0,19.0,645.0,14.7,3.0,7.9,75,13,18880.0,1,0.482
2026-02-24T10:00,0.0,0.0,0.0,0.0,0.0,0.0,0,0.0,15.0,565.0,13.7,2.47,7.1,83,15,18880.0,1,0.481
2026-02-24T11:00,0.0,0.0,0.0,0.0,0.0,0.0,0,0.0,12.0,135.0,11.7,1.46,5.1,98,4,17680.0,0,0.481
2026-02-24T12:00,0.0,0.0,0.0,0.0,0.0,0.0,0,0.0,8.0,180.0,10.9,1.53,3.4,109,16,16300.0,0,0.481
2026-02-24T13:00,0.0,0.0,0.0,0.0,0.0,0.0,0,0.0,6.0,90.0,9.9,1.11,3.5,108,10,16300.0,0,0.481
2026-02-24T14:00,0.0,0.0,0.0,0.0,0.0,0.0,0,0.0,3.0,50.0,9.1,1.0,2.8,90,5,16300.0,0,0.481
2026-02-24T15:00,0.0,0.0,0.0,0.0,0.0,0.0,2,0.0,2.0,20.0,9.0,0.32,2.6,72,54,16300.0,0,0.481
2026-02-24T16:00,0.0,0.0,0.0,0.0,0.0,0.0,1,0.0,1.0,40.0,8.5,0.81,1.9,30,47,14140.0,0,0.481
2026-02-24T17:00,0.0,0.0,0.0,0.0,0.0,0.0,1,0.0,0.0,120.0,8.2,1.26,2.9,56,39,14140.0,0,0.481
2026-02-24T18:00,0.0,0.0,0.0,0.0,0.0,0.0,3,0.0,0.0,120.0,8.7,0.72,3.4,78,96,16300.0,0,0.481
2026-02-24T19:00,0.0,0.0,0.0,0.0,0.0,0.0,3,0.0,0.0,260.0,9.3,0.98,2.1,75,100,16300.0,0,0.481
2026-02-24T20:00,0.0,0.0,0.0,0.0,0.0,0.0,3,0.0,0.0,340.0,9.8,1.19,3.7,68,95,16300.0,0,0.481
2026-02-24T21:00,0.0,0.0,0.0,0.0,0.0,0.0,3,0.0,11.0,365.0,9.7,1.43,3.9,54,96,16300.0,0,0.481
2026-02-24T22:00,0.0,0.0,0.0,0.0,0.0,0.0,3,50.0,16.0,375.0,9.5,1.27,3.0,81,100,16300.0,0,0.48
2026-02-24T23:00,0.1,0.1,0.0,0.0,0.0,0.0,51,0.0,38.0,360.0,9.4,1.26,2.9,97,100,4360.0,0,0.481
2026-02-25T00:00,12.8,0.8,12.0,0.0,0.0,0.0,82,80.0,0.0,325.0,8.8,1.47,4.8,108,99,3080.0,1,0.504
2026-02-25T01:00,0.4,0.4,0.0,0.0,0.0,0.0,51,190.0,19.0,355.0,9.2,2.54,5.2,80,100,10320.0,1,0.506
2026-02-25T02:00,0.0,0.0,0.0,0.0,0.0,0.0,3,210.0,16.0,435.0,10.4,2.47,6.1,82,100,14160.0,1,0.504
2026-02-25T03:00,0.0,0.0,0.0,0.0,0.0,0.0,3,240.0,0.0,405.0,10.6,2.2,5.9,87,100,7420.0,1,0.502
2026-02-25T04:00,0.0,0.0,0.0,0.0,0.0,0.0,3,200.0,18.0,375.0,11.0,1.77,5.3,82,100,16320.0,1,0.501
2026-02-25T05:00,0.0,0.0,0.0,0.0,0.0,0.0,3,290.0,6.0,595.0,13.3,1.52,5.1,107,100,16320.0,1,0.499
2026-02-25T06:00,0.0,0.0,0.0,0.0,0.0,0.0,3,210.0,40.0,660.0,13.0,1.5,4.8,105,100,16320.0,1,0.519
2026-02-25T07:00,0.0,0.0,0.0,0.0,0.0,0.0,3,130.0,103.0,565.0,13.0,1.86,4.6,96,100,13640.0,1,0.505
2026-02-25T08:00,0.0,0.0,0.0,0.0,0.0,0.0,3,120.0,121.0,490.0,13.1,2.36,5.5,85,100,16320.0,1,0.503
2026-02-25T09:00,0.0,0.0,0.0,0.0,0.0,0.0,3,110.0,111.0,305.0,13.0,2.44,5.7,71,100,16320.0,1,0.501
2026-02-25T10:00,0.0,0.0,0.0,0.0,0.0,0.0,3,10.0,121.0,220.0,12.2,2.59,5.4,62,100,16340.0,1,0.499
2026-02-25T11:00,0.0,0.0,0.0,0.0,0.0,0.0,3,40.0,128.0,185.0,11.6,2.33,5.3,55,100,14180.0,0,0.498
2026-02-25T12:00,0.0,0.0,0.0,0.0,0.0,0.0,3,0.0,105.0,175.0,9.9,2.02,5.0,46,100,12760.0,0,0.493
2026-02-25T13:00,0.0,0.0,0.0,0.0,0.0,0.0,3,0.0,111.0,180.0,9.7,2.35,4.7,63,100,12400.0,0,0.492
2026-02-25T14:00,0.0,0.0,0.0,0.0,0.0,0.0,3,120.0,127.0,170.0,9.6,2.06,4.8,64,100,10000.0,0,0.491
2026-02-25T15:00,0.0,0.0,0.0,0.0,0.0,0.0,3,190.0,99.0,165.0,9.8,1.91,4.3,49,100,9700.0,0,0.491
2026-02-25T16:00,0.0,0.0,0.0,0.0,0.0,0.0,3,210.0,69.0,185.0,9.8,2.12,4.2,71,100,9180.0,0,0.49
2026-02-25T17:00,0.0,0.0,0.0,0.0,0.0,0.0,3,240.0,69.0,195.0,9.9,1.97,4.5,83,100,7600.0,0,0.49
2026-02-25T18:00,0.1,0.1,0.0,0.0,0.0,0.0,51,20.0,4.0,175.0,9.1,1.7,4.0,93,100,7120.0,0,0.49
2026-02-25T19:00,3.2,0.3,2.9,0.0,0.0,0.0,81,170.0,11.0,160.0,9.0,1.33,7.6,110,100,2460.0,0,0.517
2026-02-25T20:00,0.4,0.4,0.0,0.0,0.0,0.0,51,330.0,3.0,115.0,9.1,1.54,3.4,126,100,2440.0,0,0.511
2026-02-25T21:00,0.1,0.1,0.0,0.0,0.0,0.0,51,390.0,0.0,95.0,9.5,1.03,3.4,113,100,2180.0,0,0.508
2026-02-25T22:00,0.0,0.0,0.0,0.0,0.0,0.0,3,430.0,0.0,55.0,9.7,0.71,2.5,129,100,2780.0,0,0.506
2026-02-25T23:00,0.4,0.4,0.0,0.0,0.0,0.0,51,420.0,0.0,35.0,9.8,0.56,2.1,297,100,3300.0,0,0.507
2026-02-26T00:00,1.0,0.4,0.6,0.0,0.0,0.0,55,190.0,0.0,90.0,9.2,0.87,5.3,121,100,2400.0,1,0.512
2026-02-26T01:00,0.5,0.5,0.0,0.0,0.0,0.0,53,10.0,48.0,290.0,9.9,2.5,5.1,78,100,5460.0,1,0.511
2026-02-26T02:00,0.1,0.1,0.0,0.0,0.0,0.0,51,0.0,50.0,380.0,10.9,3.29,6.9,73,100,8940.0,1,0.508
2026-02-26T03:00,0.0,0.0,0.0,0.0,0.0,0.0,3,0.0,22.0,430.0,11.3,3.41,7.9,68,100,7220.0,1,0.505
2026-02-26T04:00,0.0,0.0,0.0,0.0,0.0,0.0,3,0.0,22.0,460.0,12.8,3.18,8.0,62,100,16360.0,1,0.503
2026-02-26T05:00,0.0,0.0,0.0,0.0,0.0,0.0,3,0.0,19.0,605.0,14.4,2.86,7.5,57,99,16360.0,1,0.5
2026-02-26T06:00,0.0,0.0,0.0,0.0,0.0,0.0,3,0.0,27.0,700.0,13.7,2.22,7.1,67,100,17760.0,1,0.511
2026-02-26T07:00,0.0,0.0,0.0,0.0,0.0,0.0,3,0.0,22.0,740.0,14.6,2.61,6.6,70,99,17760.0,1,0.507
2026-02-26T08:00,0.0,0.0,0.0,0.0,0.0,0.0,3,0.0,30.0,800.0,15.5,2.7,6.9,71,100,17760.0,1,0.503
2026-02-26T09:00,0.0,0.0,0.0,0.0,0.0,0.0,2,0.0,32.0,715.0,15.1,3.4,7.6,76,77,17760.0,1,0.501
2026-02-26T10:00,0.0,0.0,0.0,0.0,0.0,0.0,2,0.0,34.0,610.0,14.1,3.62,7.9,79,60,17760.0,1,0.499
2026-02-26T11:00,0.0,0.0,0.0,0.0,0.0,0.0,2,0.0,35.0,560.0,12.5,3.1,7.7,72,54,16380.0,0,0.498
2026-02-26T12:00,0.0,0.0,0.0,0.0,0.0,0.0,3,10.0,14.0,545.0,11.1,3.48,7.1,78,98,14220.0,0,0.488
2026-02-26T13:00,0.0,0.0,0.0,0.0,0.0,0.0,3,30.0,29.0,580.0,10.9,3.48,7.7,72,88,14220.0,0,0.487
2026-02-26T14:00,0.0,0.0,0.0,0.0,0.0,0.0,3,0.0,16.0,585.0,10.3,3.18,7.7,64,80,14220.0,0,0.487
2026-02-26T15:00,0.0,0.0,0.0,0.0,0.0,0.0,3,0.0,37.0,550.0,9.6,1.84,6.9,57,100,14200.0,0,0.487
2026-02-26T16:00,0.0,0.0,0.0,0.0,0.0,0.0,3,10.0,19.0,575.0,9.9,1.86,4.6,54,100,16380.0,0,0.487
2026-02-26T17:00,0.0,0.0,0.0,0.0,0.0,0.0,3,20.0,8.0,585.0,9.8,2.09,4.8,57,100,16380.0,0,0.487
2026-02-26T18:00,0.0,0.0,0.0,0.0,0.0,0.0,3,0.0,27.0,585.0,9.8,1.8,4.8,56,100,14240.0,0,0.486
2026-02-26T19:00,0.0,0.0,0.0,0.0,0.0,0.0,3,0.0,8.0,630.0,9.9,2.02,4.5,57,99,14240.0,0,0.486
2026-02-26T20:00,0.0,0.0,0.0,0.0,0.0,0.0,3,0.0,7.0,610.0,9.5,2.12,4.7,45,100,14240.0,0,0.486
2026-02-26T21:00,0.0,0.0,0.0,0.0,0.0,0.0,3,0.0,16.0,585.0,9.5,2.44,5.4,35,99,14240.0,0,0.486
2026-02-26T22:00,0.0,0.0,0.0,0.0,0.0,0.0,3,0.0,1.0,575.0,9.3,1.91,5.5,45,100,9640.0,0,0.485
2026-02-26T23:00,0.1,0.1,0.0,0.0,0.0,0.0,51,0.0,1.0,585.0,9.5,2.45,5.2,51,100,6060.0,0,0.486
2026-02-27T00:00,0.2,0.2,0.0,0.0,0.0,0.0,51,20.0,3.0,560.0,8.8,2.3,5.7,44,100,3180.0,1,0.508
2026-02-27T01:00,1.1,0.6,0.5,0.0,0.0,0.0,55,40.0,0.0,565.0,9.0,2.35,5.5,52,100,3300.0,1,0.515
2026-02-27T02:00,1.8,0.8,1.0,0.0,0.0,0.0,80,10.0,2.0,590.0,9.2,2.65,5.9,54,100,3560.0,1,0.51
2026-02-27T03:00,1.3,0.8,0.5,0.0,0.0,0.0,80,10.0,0.0,605.0,9.4,2.39,6.1,53,100,3540.0,1,0.508
2026-02-27T04:00,0.8,0.3,0.5,0.0,0.0,0.0,53,10.0,10.0,600.0,9.9,1.99,5.9,62,100,5300.0,1,0.507
2026-02-27T05:00,0.6,0.3,0.3,0.0,0.0,0.0,53,10.0,1.0,665.0,10.7,2.1,6.0,52,100,3480.0,1,0.506
2026-02-27T06:00,1.5,1.1,0.4,0.0,0.0,0.0,80,0.0,0.0,480.0,9.2,2.78,5.6,72,100,2600.0,1,0.521
2026-02-27T07:00,1.2,1.2,0.0,0.0,0.0,0.0,55,0.0,4.0,490.0,9.3,3.11,6.4,66,100,3560.0,1,0.492
2026-02-27T08:00,0.5,0.5,0.0,0.0,0.0,0.0,53,10.0,0.0,510.0,9.5,2.73,6.2,62,100,4060.0,1,0.494
2026-02-27T09:00,0.4,0.4,0.0,0.0,0.0,0.0,51,10.0,5.0,515.0,9.3,2.62,5.6,61,100,5020.0,1,0.495
2026-02-27T10:00,0.1,0.1,0.0,0.0,0.0,0.0,51,0.0,3.0,500.0,9.2,2.82,6.0,60,100,8500.0,1,0.495
2026-02-27T11:00,0.0,0.0,0.0,0.0,0.0,0.0,3,0.0,88.0,480.0,8.9,2.63,5.9,57,100,8400.0,0,0.495
2026-02-27T12:00,0.0,0.0,0.0,0.0,0.0,0.0,3,0.0,88.0,400.0,8.3,1.88,5.4,61,100,5560.0,0,0.499
2026-02-27T13:00,0.1,0.1,0.0,0.0,0.0,0.0,51,0.0,148.0,470.0,8.4,2.08,4.3,60,100,7060.0,0,0.499
2026-02-27T14:00,0.0,0.0,0.0,0.0,0.0,0.0,3,0.0,122.0,485.0,8.4,2.02,4.4,57,100,8880.0,0,0.498
2026-02-27T15:00,0.0,0.0,0.0,0.0,0.0,0.0,3,0.0,92.0,490.0,8.4,2.11,4.7,59,100,9480.0,0,0.497
2026-02-27T16:00,0.0,0.0,0.0,0.0,0.0,0.0,3,0.0,96.0,480.0,8.3,2.06,5.0,61,100,8840.0,0,0.496
2026-02-27T17:00,0.0,0.0,0.0,0.0,0.0,0.0,3,30.0,79.0,470.0,8.3,1.78,4.4,58,100,8060.0,0,0.495
2026-02-27T18:00,0.0,0.0,0.0,0.0,0.0,0.0,3,80.0,43.0,490.0,8.7,2.38,4.4,60,100,8400.0,0,0.494
2026-02-27T19:00,0.0,0.0,0.0,0.0,0.0,0.0,3,170.0,21.0,495.0,8.8,2.38,5.2,60,100,7120.0,0,0.494
2026-02-27T20:00,0.1,0.1,0.0,0.0,0.0,0.0,51,180.0,15.0,500.0,8.8,2.16,5.0,56,100,6500.0,0,0.494
2026-02-27T21:00,0.1,0.1,0.0,0.0,0.0,0.0,51,180.0,20.0,490.0,8.7,2.04,4.5,59,100,7000.0,0,0.494
2026-02-27T22:00,0.0,0.0,0.0,0.0,0.0,0.0,3,160.0,32.0,485.0,8.7,2.09,4.4,57,100,7880.0,0,0.493
2026-02-27T23:00,0.1,0.1,0.0,0.0,0.0,0.0,51,160.0,35.0,465.0,8.7,2.08,4.3,55,100,5580.0,0,0.493
2026-02-28T00:00,0.3,0.3,0.0,0.0,0.0,0.0,51,110.0,41.0,440.0,8.2,1.95,4.5,67,100,6660.0,1,0.496
2026-02-28T01:00,0.1,0.1,0.0,0.0,0.0,0.0,51,90.0,57.0,400.0,8.6,2.75,5.4,63,100,6140.0,1,0.496
2026-02-28T02:00,0.1,0.1,0.0,0.0,0.0,0.0,51,110.0,47.0,440.0,9.2,3.35,7.3,63,100,7080.0,1,0.496
2026-02-28T03:00,0.1,0.1,0.0,0.0,0.0,0.0,51,130.0,25.0,465.0,9.8,3.33,7.3,62,100,7080.0,1,0.495
2026-02-28T04:00,0.1,0.1,0.0,0.0,0.0,0.0,51,170.0,1.0,495.0,10.4,3.24,7.1,63,100,7340.0,1,0.495
2026-02-28T05:00,0.1,0.1,0.0,0.0,0.0,0.0,51,150.0,1.0,510.0,10.7,2.91,7.1,66,100,8280.0,1,0.495
2026-02-28T06:00,0.0,0.0,0.0,0.0,0.0,0.0,3,0.0,12.0,540.0,10.1,2.77,6.8,73,100,10000.0,1,0.532
2026-02-28T07:00,0.0,0.0,0.0,0.0,0.0,0.0,3,0.0,3.0,585.0,10.9,2.92,6.8,68,100,16440.0,1,0.498
2026-02-28T08:00,0.0,0.0,0.0,0.0,0.0,0.0,3,0.0,2.0,555.0,10.6,2.82,6.8,63,100,10640.0,1,0.496
2026-02-28T09:00,0.0,0.0,0.0,0.0,0.0,0.0,3,0.0,7.0,560.0,10.8,2.73,6.2,62,100,11200.0,1,0.496
2026-02-28T10:00,0.0,0.0,0.0,0.0,0.0,0.0,3,0.0,4.0,515.0,10.6,2.48,5.8,62,100,8220.0,1,0.495
2026-02-28T11:00,0.1,0.1,0.0,0.0,0.0,0.0,51,0.0,7.0,485.0,10.2,2.17,5.1,64,100,7860.0,0,0.494
2026-02-28T12:00,0.0,0.0,0.0,0.0,0.0,0.0,3,90.0,10.0,330.0,9.0,1.73,4.9,80,100,8060.0,0,0.492
2026-02-28T13:00,0.1,0.1,0.0,0.0,0.0,0.0,51,110.0,6.0,390.0,8.9,1.85,4.2,71,100,7060.0,0,0.493
2026-02-28T14:00,0.0,0.0,0.0,0.0,0.0,0.0,3,150.0,9.0,420.0,8.9,1.98,4.2,56,100,6940.0,0,0.492
2026-02-28T15:00,0.0,0.0,0.0,0.0,0.0,0.0,3,260.0,1.0,415.0,9.0,2.08,4.5,63,100,7460.0,0,0.492
2026-02-28T16:00,2.5,0.4,2.1,0.0,0.0,0.0,81,250.0,6.0,400.0,9.0,1.76,4.4,55,100,3120.0,0,0.515
2026-02-28T17:00,2.9,0.4,2.5,0.0,0.0,0.0,81,190.0,3.0,405.0,9.0,1.65,5.0,35,100,3460.0,0,0.51
2026-02-28T18:00,0.5,0.5,0.0,0.0,0.0,0.0,53,220.0,4.0,420.0,9.3,1.6,3.6,58,100,3520.0,0,0.509
2026-02-28T19:00,0.3,0.3,0.0,0.0,0.0,0.0,51,160.0,12.0,445.0,9.2,1.66,4.4,57,100,3480.0,0,0.507
2026-02-28T20:00,2.3,0.5,1.8,0.0,0.0,0.0,80,160.0,0.0,405.0,9.2,1.2,3.7,2,100,2620.0,0,0.506
2026-02-28T21:00,0.8,0.8,0.0,0.0,0.0,0.0,53,160.0,0.0,400.0,9.2,1.2,2.7,17,100,4360.0,0,0.505
2026-02-28T22:00,0.2,0.2,0.0,0.0,0.0,0.0,51,120.0,11.0,410.0,9.2,1.49,3.2,50,100,6300.0,0,0.505
2026-02-28T23:00,0.1,0.1,0.0,0.0,0.0,0.0,51,120.0,17.0,430.0,9.3,1.35,3.4,51,100,5540.0,0,0.504
2026-03-01T00:00,0.2,0.2,0.0,0.0,0.0,0.0,51,130.0,3.0,390.0,9.3,1.05,3.7,25,100,3000.0,1,0.504
2026-03-01T01:00,0.8,0.8,0.0,0.0,0.0,0.0,53,130.0,6.0,465.0,9.6,1.67,3.3,51,100,4480.0,1,0.506
2026-03-01T02:00,0.2,0.2,0.0,0.0,0.0,0.0,51,100.0,3.0,445.0,10.4,3.01,6.2,58,100,6020.0,1,0.505
2026-03-01T03:00,0.5,0.1,0.4,0.0,0.0,0.0,53,70.0,0.0,440.0,10.9,2.98,6.8,59,100,4580.0,1,0.505
2026-03-01T04:00,1.0,0.4,0.6,0.0,0.0,0.0,55,10.0,0.0,435.0,11.1,2.44,6.3,59,100,4220.0,1,0.505
2026-03-01T05:00,0.6,0.6,0.0,0.0,0.0,0.0,53,50.0,0.0,455.0,11.7,2.97,6.1,63,100,3860.0,1,0.504
2026-03-01T06:00,0.4,0.4,0.0,0.0,0.0,0.0,51,60.0,0.0,490.0,11.6,2.44,6.6,79,100,6320.0,1,0.523
2026-03-01T07:00,0.2,0.2,0.0,0.0,0.0,0.0,51,30.0,0.0,500.0,12.1,2.68,6.1,76,100,7300.0,1,0.489
2026-03-01T08:00,0.0,0.0,0.0,0.0,0.0,0.0,3,0.0,0.0,550.0,12.4,2.56,6.1,78,99,16480.0,1,0.489
2026-03-01T09:00,0.0,0.0,0.0,0.0,0.0,0.0,3,0.0,0.0,635.0,12.9,2.44,6.4,67,99,16500.0,1,0.489
2026-03-01T10:00,0.0,0.0,0.0,0.0,0.0,0.0,3,0.0,0.0,535.0,12.9,2.35,5.6,86,100,16500.0,1,0.489
2026-03-01T11:00,0.0,0.0,0.0,0.0,0.0,0.0,3,0.0,0.0,345.0,11.7,2.36,5.0,103,100,16500.0,0,0.488
2026-03-01T12:00,0.0,0.0,0.0,0.0,0.0,0.0,3,0.0,0.0,355.0,10.7,2.31,6.5,85,100,14340.0,0,0.49
2026-03-01T13:00,0.0,0.0,0.0,0.0,0.0,0.0,3,0.0,0.0,410.0,10.7,2.44,5.2,64,100,14340.0,0,0.49
2026-03-01T14:00,0.0,0.0,0.0,0.0,0.0,0.0,3,0.0,0.0,480.0,10.5,2.85,6.0,72,84,14340.0,0,0.489
2026-03-01T15:00,0.0,0.0,0.0,0.0,0.0,0.0,3,0.0,0.0,480.0,9.5,2.8,6.4,71,80,14360.0,0,0.489
2026-03-01T16:00,0.0,0.0,0.0,0.0,0.0,0.0,3,20.0,-2.0,465.0,8.6,2.51,6.1,77,100,6260.0,0,0.489
2026-03-01T17:00,0.6,0.6,0.0,0.0,0.0,0.0,53,0.0,-2.0,505.0,8.5,1.39,5.8,105,97,3980.0,0,0.493
2026-03-01T18:00,0.3,0.3,0.0,0.0,0.0,0.0,51,30.0,0.0,535.0,8.5,2.95,6.4,88,99,6640.0,0,0.496
2026-03-01T19:00,1.6,0.1,1.5,0.0,0.0,0.0,80,0.0,-3.0,490.0,8.2,3.38,6.6,71,99,8100.0,0,0.508
2026-03-01T20:00,1.5,0.0,1.5,0.0,0.0,0.0,80,10.0,11.0,440.0,7.6,3.92,8.3,56,91,9620.0,0,0.506
2026-03-01T21:00,0.0,0.0,0.0,0.0,0.0,0.0,3,10.0,-3.0,440.0,7.2,3.09,8.1,65,100,10500.0,0,0.504
2026-03-01T22:00,0.0,0.0,0.0,0.0,0.0,0.0,3,20.0,0.0,490.0,7.2,3.1,6.8,75,100,12860.0,0,0.502
2026-03-01T23:00,0.0,0.0,0.0,0.0,0.0,0.0,3,20.0,-5.0,500.0,7.0,3.24,7.0,73,96,12920.0,0,0.501
2026-03-02T00:00,0.0,0.0,0.0,0.0,0.0,0.0,3,20.0,2.0,495.0,6.8,2.62,7.5,66,98,8960.0,1,0.506
2026-03-02T01:00,0.0,0.0,0.0,0.0,0.0,0.0,2,0.0,-3.0,530.0,7.3,3.18,6.9,66,73,10840.0,1,0.504
2026-03-02T02:00,0.0,0.0,0.0,0.0,0.0,0.0,3,0.0,-3.0,610.0,8.7,4.41,10.0,61,81,16520.0,1,0.502
2026-03-02T03:00,0.0,0.0,0.0,0.0,0.0,0.0,3,10.0,-2.0,740.0,10.6,4.43,10.4,65,95,17900.0,1,0.5
2026-03-02T04:00,0.0,0.0,0.0,0.0,0.0,0.0,3,20.0,0.0,750.0,10.9,4.57,10.9,74,98,13640.0,1,0.498
2026-03-02T05:00,0.0,0.0,0.0,0.0,0.0,0.0,3,0.0,-1.0,950.0,12.8,4.76,11.1,69,93,19080.0,1,0.495
2026-03-02T06:00,0.0,0.0,0.0,0.0,0.0,0.0,3,20.0,12.0,900.0,11.5,4.41,11.3,70,100,17900.0,1,0.521
2026-03-02T07:00,0.0,0.0,0.0,0.0,0.0,0.0,3,30.0,6.0,940.0,12.1,4.41,10.4,65,100,17900.0,1,0.501
2026-03-02T08:00,0.0,0.0,0.0,0.0,0.0,0.0,3,30.0,3.0,900.0,11.4,3.92,10.2,71,100,17920.0,1,0.491
2026-03-02T09:00,0.0,0.0,0.0,0.0,0.0,0.0,3,10.0,7.0,765.0,10.3,3.81,8.9,71,100,17920.0,1,0.49
2026-03-02T10:00,0.0,0.0,0.0,0.0,0.0,0.0,3,30.0,6.0,710.0,9.6,2.85,8.5,68,100,6800.0,1,0.49
2026-03-02T11:00,0.1,0.1,0.0,0.0,0.0,0.0,51,10.0,12.0,740.0,9.2,2.43,6.2,58,100,11580.0,0,0.49
2026-03-02T12:00,0.0,0.0,0.0,0.0,0.0,0.0,3,0.0,2.0,805.0,8.9,2.97,6.6,73,100,16540.0,0,0.496
2026-03-02T13:00,0.0,0.0,0.0,0.0,0.0,0.0,3,0.0,-1.0,790.0,8.8,2.83,6.6,58,100,16540.0,0,0.495
2026-03-02T14:00,0.0,0.0,0.0,0.0,0.0,0.0,3,0.0,-1.0,755.0,8.5,2.39,6.3,57,100,15900.0,0,0.494
2026-03-02T15:00,0.0,0.0,0.0,0.0,0.0,0.0,3,0.0,-1.0,765.0,8.2,2.09,5.4,44,98,16540.0,0,0.493
2026-03-02T16:00,0.0,0.0,0.0,0.0,0.0,0.0,3,0.0,-1.0,755.0,7.9,1.9,5.0,35,80,16540.0,0,0.492
2026-03-02T17:00,0.0,0.0,0.0,0.0,0.0,0.0,1,0.0,-1.0,720.0,7.2,2.2,5.1,41,48,16540.0,0,0.491
2026-03-02T18:00,0.0,0.0,0.0,0.0,0.0,0.0,3,0.0,-1.0,805.0,7.3,2.44,5.2,44,100,16540.0,0,0.491
2026-03-02T19:00,0.0,0.0,0.0,0.0,0.0,0.0,3,0.0,-1.0,800.0,7.4,1.88,5.4,50,100,16540.0,0,0.49
2026-03-02T20:00,0.0,0.0,0.0,0.0,0.0,0.0,3,0.0,-1.0,760.0,7.5,2.48,5.6,48,100,16560.0,0,0.49
2026-03-02T21:00,0.0,0.0,0.0,0.0,0.0,0.0,3,0.0,-1.0,730.0,7.4,2.93,6.8,44,100,16560.0,0,0.489
2026-03-02T22:00,0.0,0.0,0.0,0.0,0.0,0.0,3,0.0,-1.0,685.0,7.4,2.62,6.7,43,100,16560.0,0,0.488
2026-03-02T23:00,0.0,0.0,0.0,0.0,0.0,0.0,2,0.0,-1.0,595.0,7.3,2.39,6.1,29,71,16560.0,0,0.488
2026-03-03T00:00,0.0,0.0,0.0,0.0,0.0,0.0,3,0.0,-1.0,665.0,7.8,2.19,5.2,79,98,16560.0,1,0.487
2026-03-03T01:00,0.0,0.0,0.0,0.0,0.0,0.0,3,0.0,-1.0,775.0,8.6,3.86,8.5,49,100,16560.0,1,0.486
2026-03-03T02:00,0.0,0.0,0.0,0.0,0.0,0.0,3,0.0,-1.0,790.0,9.6,3.89,8.9,47,90,17940.0,1,0.485
2026-03-03T03:00,0.0,0.0,0.0,0.0,0.0,0.0,3,0.0,-1.0,920.0,11.3,3.74,9.2,56,96,17940.0,1,0.484
2026-03-03T04:00,0.0,0.0,0.0,0.0,0.0,0.0,2,0.0,-1.0,1090.0,13.0,3.22,8.9,60,77,19120.0,1,0.483
2026-03-03T05:00,0.0,0.0,0.0,0.0,0.0,0.0,3,0.0,-1.0,1195.0,14.3,3.08,8.4,58,91,19120.0,1,0.481
2026-03-03T06:00,0.0,0.0,0.0,0.0,0.0,0.0,3,0.0,-1.0,1180.0,13.3,2.13,8.0,66,100,19120.0,1,0.491
2026-03-03T07:00,0.0,0.0,0.0,0.0,0.0,0.0,3,0.0,-1.0,1070.0,12.7,1.99,5.4,78,100,8440.0,1,0.49
2026-03-03T08:00,0.0,0.0,0.0,0.0,0.0,0.0,3,0.0,-1.0,1150.0,13.5,2.01,5.6,84,100,19120.0,1,0.489
2026-03-03T09:00,0.0,0.0,0.0,0.0,0.0,0.0,3,0.0,-1.0,1105.0,13.4,2.35,5.8,94,100,19120.0,1,0.487
2026-03-03T10:00,0.0,0.0,0.0,0.0,0.0,0.0,3,0.0,-1.0,900.0,12.6,2.83,6.2,98,100,19120.0,1,0.487
2026-03-03T11:00,0.0,0.0,0.0,0.0,0.0,0.0,0,0.0,-1.0,505.0,11.6,2.58,6.2,112,4,17960.0,0,0.486
2026-03-03T12:00,0.0,0.0,0.0,0.0,0.0,0.0,0,0.0,-1.0,115.0,9.0,1.03,5.4,113,8,14860.0,0,0.498
2026-03-03T13:00,0.0,0.0,0.0,0.0,0.0,0.0,1,0.0,-1.0,20.0,7.7,0.46,2.4,77,27,13820.0,0,0.497
2026-03-03T14:00,0.0,0.0,0.0,0.0,0.0,0.0,1,0.0,-1.0,20.0,7.4,0.49,1.4,66,25,12500.0,0,0.496
2026-03-03T15:00,0.0,0.0,0.0,0.0,0.0,0.0,0,0.0,-1.0,35.0,6.5,0.96,2.1,84,2,10960.0,0,0.495
2026-03-03T16:00,0.0,0.0,0.0,0.0,0.0,0.0,0,0.0,-1.0,25.0,5.9,0.7,2.3,86,0,11060.0,0,0.494
2026-03-03T17:00,0.0,0.0,0.0,0.0,0.0,0.0,0,0.0,0.0,10.0,5.7,0.07,1.8,135,1,7720.0,0,0.493
2026-03-03T18:00,0.0,0.0,0.0,0.0,0.0,0.0,3,0.0,0.0,15.0,5.7,0.15,1.0,90,98,740.0,0,0.489
2026-03-03T19:00,0.0,0.0,0.0,0.0,0.0,0.0,3,0.0,0.0,20.0,5.7,0.25,1.2,101,100,1880.0,0,0.489
2026-03-03T20:00,0.0,0.0,0.0,0.0,0.0,0.0,3,0.0,0.0,30.0,5.3,0.67,1.5,103,100,360.0,0,0.489
2026-03-03T21:00,0.0,0.0,0.0,0.0,0.0,0.0,3,0.0,0.0,25.0,5.1,0.85,2.0,111,100,340.0,0,0.488
2026-03-03T22:00,0.0,0.0,0.0,0.0,0.0,0.0,3,0.0,0.0,20.0,4.6,0.5,2.0,84,100,300.0,0,0.488
2026-03-03T23:00,0.0,0.0,0.0,0.0,0.0,0.0,3,0.0,0.0,30.0,4.4,0.66,1.7,81,100,280.0,0,0.487
2026-03-04T00:00,0.0,0.0,0.0,0.0,0.0,0.0,3,0.0,0.0,35.0,5.6,0.63,2.3,29,99,640.0,1,0.491
2026-03-04T01:00,0.0,0.0,0.0,0.0,0.0,0.0,1,0.0,0.0,220.0,8.4,0.35,2.8,352,38,14440.0,1,0.491
2026-03-04T02:00,0.0,0.0,0.0,0.0,0.0,0.0,1,0.0,0.0,435.0,10.9,0.32,3.3,321,49,16600.0,1,0.49
2026-03-04T03:00,0.0,0.0,0.0,0.0,0.0,0.0,2,0.0,0.0,795.0,13.4,0.39,3.5,50,64,17980.0,1,0.488
2026-03-04T04:00,0.0,0.0,0.0,0.0,0.0,0.0,3,0.0,0.0,1135.0,15.9,0.96,4.5,51,100,19160.0,1,0.486
2026-03-04T05:00,0.0,0.0,0.0,0.0,0.0,0.0,3,0.0,0.0,1350.0,17.3,1.24,4.9,47,100,20160.0,1,0.485
2026-03-04T06:00,0.0,0.0,0.0,0.0,0.0,0.0,2,0.0,0.0,1310.0,16.6,1.03,5.4,43,62,19160.0,1,0.487
2026-03-04T07:00,0.0,0.0,0.0,0.0,0.0,0.0,2,0.0,0.0,1395.0,17.6,0.83,4.4,25,78,20160.0,1,0.485
2026-03-04T08:00,0.0,0.0,0.0,0.0,0.0,0.0,0,0.0,0.0,1360.0,18.1,0.7,4.1,356,14,20160.0,1,0.484
2026-03-04T09:00,0.0,0.0,0.0,0.0,0.0,0.0,0,0.0,0.0,1120.0,18.3,1.25,3.8,5,14,20160.0,1,0.482
2026-03-04T10:00,0.0,0.0,0.0,0.0,0.0,0.0,0,0.0,0.0,205.0,16.9,1.92,4.0,39,11,19160.0,1,0.482
2026-03-04T11:00,0.0,0.0,0.0,0.0,0.0,0.0,0,0.0,0.0,205.0,13.9,3.07,6.2,83,2,18000.0,0,0.481
2026-03-04T12:00,0.0,0.0,0.0,0.0,0.0,0.0,0,0.0,0.0,60.0,11.0,1.56,6.2,96,0,16620.0,0,0.493
2026-03-04T13:00,0.0,0.0,0.0,0.0,0.0,0.0,0,0.0,0.0,50.0,10.0,1.6,3.7,104,0,14480.0,0,0.493
2026-03-04T14:00,0.0,0.0,0.0,0.0,0.0,0.0,0,0.0,0.0,30.0,8.6,1.0,3.6,96,0,13020.0,0,0.492
2026-03-04T15:00,0.0,0.0,0.0,0.0,0.0,0.0,0,0.0,0.0,10.0,8.1,0.18,2.4,124,0,13020.0,0,0.491
2026-03-04T16:00,0.0,0.0,0.0,0.0,0.0,0.0,0,0.0,0.0,10.0,7.7,0.15,0.8,180,0,11220.0,0,0.49
2026-03-04T17:00,0.0,0.0,0.0,0.0,0.0,0.0,0,0.0,0.0,10.0,7.3,0.14,0.8,135,0,11220.0,0,0.49
2026-03-04T18:00,0.0,0.0,0.0,0.0,0.0,0.0,0,0.0,0.0,15.0,7.1,0.51,1.2,101,15,11240.0,0,0.489
2026-03-04T19:00,0.0,0.0,0.0,0.0,0.0,0.0,0,0.0,0.0,25.0,7.0,0.76,2.1,122,2,11240.0,0,0.488
2026-03-04T20:00,0.0,0.0,0.0,0.0,0.0,0.0,1,0.0,0.0,35.0,6.8,0.97,2.3,125,23,13040.0,0,0.488
2026-03-04T21:00,0.0,0.0,0.0,0.0,0.0,0.0,2,0.0,0.0,30.0,6.4,1.02,3.0,101,53,13040.0,0,0.487
2026-03-04T22:00,0.0,0.0,0.0,0.0,0.0,0.0,3,0.0,0.0,25.0,6.1,0.53,2.7,41,100,11240.0,0,0.487
2026-03-04T23:00,0.0,0.0,0.0,0.0,0.0,0.0,0,0.0,0.0,35.0,6.0,0.98,2.3,114,5,11240.0,0,0.486
2026-03-05T00:00,0.0,0.0,0.0,0.0,0.0,0.0,0,0.0,0.0,20.0,7.2,0.87,3.0,121,15,11240.0,1,0.484
2026-03-05T01:00,0.0,0.0,0.0,0.0,0.0,0.0,1,0.0,15.0,340.0,10.4,0.72,3.1,78,22,14500.0,1,0.483
2026-03-05T02:00,0.0,0.0,0.0,0.0,0.0,0.0,1,0.0,32.0,655.0,13.5,2.4,5.8,67,48,18020.0,1,0.483
2026-03-05T03:00,0.0,0.0,0.0,0.0,0.0,0.0,3,0.0,51.0,990.0,15.5,3.62,8.8,55,88,18020.0,1,0.481
2026-03-05T04:00,0.0,0.0,0.0,0.0,0.0,0.0,3,0.0,70.0,1105.0,16.3,3.88,9.4,58,100,19200.0,1,0.48
2026-03-05T05:00,0.0,0.0,0.0,0.0,0.0,0.0,3,0.0,86.0,1130.0,16.7,3.56,9.4,64,97,19200.0,1,0.479
2026-03-05T06:00,0.0,0.0,0.0,0.0,0.0,0.0,3,0.0,67.0,1160.0,16.7,2.68,8.7,63,98,19200.0,1,0.477
2026-03-05T07:00,0.0,0.0,0.0,0.0,0.0,0.0,3,0.0,535.0,1195.0,17.3,3.0,7.3,66,97,19200.0,1,0.476
2026-03-05T08:00,0.0,0.0,0.0,0.0,0.0,0.0,3,190.0,85.0,1380.0,17.3,3.79,8.6,48,100,19200.0,1,0.475
2026-03-05T09:00,0.0,0.0,0.0,0.0,0.0,0.0,3,170.0,79.0,1045.0,16.1,3.79,8.7,42,100,19200.0,1,0.474
2026-03-05T10:00,0.0,0.0,0.0,0.0,0.0,0.0,3,60.0,132.0,635.0,15.1,2.75,8.3,63,87,18020.0,1,0.474
2026-03-05T11:00,0.0,0.0,0.0,0.0,0.0,0.0,1,50.0,121.0,450.0,13.2,2.8,6.0,55,36,18040.0,0,0.474
2026-03-05T12:00,0.0,0.0,0.0,0.0,0.0,0.0,2,90.0,111.0,415.0,13.9,2.66,6.0,64,70,18040.0,0,0.474
2026-03-05T13:00,0.0,0.0,0.0,0.0,0.0,0.0,3,0.0,224.0,410.0,12.7,2.68,5.8,76,100,16660.0,0,0.474
2026-03-05T14:00,0.0,0.0,0.0,0.0,0.0,0.0,3,0.0,188.0,410.0,12.2,2.67,5.8,84,91,16660.0,0,0.474
2026-03-05T15:00,0.0,0.0,0.0,0.0,0.0,0.0,0,0.0,238.0,330.0,11.4,2.21,5.8,77,18,16660.0,0,0.474
2026-03-05T16:00,0.0,0.0,0.0,0.0,0.0,0.0,0,0.0,93.0,220.0,9.8,1.63,4.9,63,10,14520.0,0,0.474
2026-03-05T17:00,0.0,0.0,0.0,0.0,0.0,0.0,0,0.0,67.0,80.0,8.7,0.85,3.9,69,5,14520.0,0,0.474
2026-03-05T18:00,0.0,0.0,0.0,0.0,0.0,0.0,0,0.0,189.0,45.0,9.0,0.86,2.4,97,5,14520.0,0,0.474
2026-03-05T19:00,0.0,0.0,0.0,0.0,0.0,0.0,3,0.0,,40.0,8.6,0.78,2.4,105,93,14520.0,0,0.474
2026-03-05T20:00,0.0,0.0,0.0,0.0,0.0,0.0,1,0.0,,70.0,8.2,1.27,3.2,79,41,13080.0,0,0.474
2026-03-05T21:00,0.0,0.0,0.0,0.0,0.0,0.0,3,0.0,,30.0,7.9,0.56,3.1,117,99,13080.0,0,0.474
2026-03-05T22:00,0.0,0.0,0.0,0.0,0.0,0.0,3,0.0,,30.0,7.5,0.76,2.1,98,98,13080.0,0,0.474
2026-03-05T23:00,0.0,0.0,0.0,0.0,0.0,0.0,3,0.0,,50.0,7.4,1.06,2.5,49,100,13080.0,0,0.474
2026-03-06T00:00,0.0,0.0,0.0,0.0,0.0,0.0,3,0.0,162.0,30.0,8.4,0.84,2.9,107,98,7820.0,1,0.487
2026-03-06T01:00,0.0,0.0,0.0,0.0,0.0,0.0,3,0.0,0.0,235.0,11.1,0.72,2.9,115,100,14540.0,1,0.486
2026-03-06T02:00,0.0,0.0,0.0,0.0,0.0,0.0,3,0.0,111.0,190.0,11.5,0.5,3.0,127,100,14540.0,1,0.485
2026-03-06T03:00,0.9,0.1,0.8,0.0,0.0,0.0,53,30.0,94.0,645.0,12.8,2.11,5.0,86,100,14900.0,1,0.494
2026-03-06T04:00,0.0,0.0,0.0,0.0,0.0,0.0,3,100.0,52.0,670.0,13.6,1.79,5.6,72,100,18060.0,1,0.492
2026-03-06T05:00,0.0,0.0,0.0,0.0,0.0,0.0,3,160.0,57.0,805.0,14.6,2.17,5.9,64,100,18060.0,1,0.49
2026-03-06T06:00,0.0,0.0,0.0,0.0,0.0,0.0,3,310.0,47.0,965.0,14.7,1.92,6.0,97,95,19240.0,1,0.515
2026-03-06T07:00,0.0,0.0,0.0,0.0,0.0,0.0,3,380.0,40.0,1115.0,16.1,1.9,5.8,90,100,19240.0,1,0.507
2026-03-06T08:00,0.0,0.0,0.0,0.0,0.0,0.0,3,410.0,73.0,1075.0,15.9,2.44,5.9,79,100,19240.0,1,0.502
2026-03-06T09:00,0.0,0.0,0.0,0.0,0.0,0.0,3,470.0,109.0,975.0,15.2,2.6,6.0,89,99,19240.0,1,0.499
2026-03-06T10:00,0.0,0.0,0.0,0.0,0.0,0.0,3,310.0,179.0,635.0,14.6,1.76,5.8,75,100,18060.0,1,0.497
2026-03-06T11:00,0.0,0.0,0.0,0.0,0.0,0.0,3,140.0,210.0,450.0,13.7,1.98,3.9,56,100,18060.0,0,0.495
2026-03-06T12:00,0.0,0.0,0.0,0.0,0.0,0.0,3,270.0,162.0,355.0,12.5,1.2,4.2,73,100,16700.0,0,0.482
2026-03-06T13:00,0.0,0.0,0.0,0.0,0.0,0.0,3,280.0,213.0,310.0,12.5,1.53,3.6,79,100,16700.0,0,0.482
2026-03-06T14:00,0.0,0.0,0.0,0.0,0.0,0.0,3,120.0,307.0,345.0,12.4,0.91,3.3,99,100,16700.0,0,0.482
2026-03-06T15:00,0.0,0.0,0.0,0.0,0.0,0.0,3,80.0,322.0,470.0,12.4,1.75,3.6,66,100,16700.0,0,0.481
2026-03-06T16:00,0.0,0.0,0.0,0.0,0.0,0.0,3,30.0,391.0,555.0,12.2,2.84,6.1,56,100,16700.0,0,0.481
2026-03-06T17:00,0.0,0.0,0.0,0.0,0.0,0.0,3,30.0,363.0,460.0,11.8,2.07,6.1,58,100,10040.0,0,0.48
2026-03-06T18:00,0.2,0.2,0.0,0.0,0.0,0.0,51,0.0,282.0,350.0,11.7,1.01,4.5,57,100,5480.0,0,0.467
2026-03-06T19:00,0.2,0.2,0.0,0.0,0.0,0.0,51,30.0,220.0,265.0,11.5,1.5,3.0,92,100,5500.0,0,0.469
2026-03-06T20:00,0.1,0.1,0.0,0.0,0.0,0.0,51,10.0,102.0,410.0,11.2,1.8,3.8,56,100,8100.0,0,0.471
2026-03-06T21:00,0.0,0.0,0.0,0.0,0.0,0.0,3,10.0,89.0,450.0,11.0,1.91,4.2,70,100,9820.0,0,0.471
2026-03-06T22:00,0.1,0.1,0.0,0.0,0.0,0.0,51,80.0,136.0,490.0,10.9,1.96,4.3,75,100,4760.0,0,0.472
2026-03-06T23:00,0.2,0.2,0.0,0.0,0.0,0.0,51,0.0,104.0,480.0,10.4,2.25,5.0,69,100,5420.0,0,0.475
2026-03-07T00:00,0.3,0.3,0.0,0.0,0.0,0.0,51,70.0,0.0,460.0,10.1,1.96,5.0,71,100,5180.0,1,0.475
2026-03-07T01:00,0.5,0.5,0.0,0.0,0.0,0.0,53,10.0,-9.0,470.0,10.4,2.69,5.2,75,100,3420.0,1,0.48
2026-03-07T02:00,0.8,0.8,0.0,0.0,0.0,0.0,53,0.0,-12.0,440.0,10.6,2.83,5.8,69,100,3340.0,1,0.489
2026-03-07T03:00,0.6,0.6,0.0,0.0,0.0,0.0,53,0.0,57.0,445.0,10.8,3.17,6.4,78,100,4560.0,1,0.494
2026-03-07T04:00,0.2,0.2,0.0,0.0,0.0,0.0,51,0.0,-6.0,510.0,12.0,3.52,7.5,75,100,7380.0,1,0.495
2026-03-07T05:00,0.1,0.1,0.0,0.0,0.0,0.0,51,0.0,-2.0,545.0,11.9,2.98,7.9,76,100,6720.0,1,0.494
2026-03-07T06:00,0.4,0.4,0.0,0.0,0.0,0.0,51,10.0,135.0,510.0,10.8,2.85,7.0,79,100,2800.0,1,0.518
2026-03-07T07:00,1.3,1.3,0.0,0.0,0.0,0.0,61,10.0,99.0,535.0,10.9,3.14,6.7,68,100,3400.0,1,0.516
2026-03-07T08:00,0.5,0.5,0.0,0.0,0.0,0.0,53,10.0,120.0,550.0,10.8,3.49,6.9,65,100,6820.0,1,0.511
2026-03-07T09:00,0.0,0.0,0.0,0.0,0.0,0.0,3,10.0,0.0,565.0,10.3,3.38,7.3,61,100,8440.0,1,0.507
2026-03-07T10:00,0.1,0.1,0.0,0.0,0.0,0.0,51,10.0,0.0,530.0,9.8,3.62,7.8,57,100,6780.0,1,0.504
2026-03-07T11:00,1.5,1.5,0.0,0.0,0.0,0.0,61,60.0,132.0,525.0,9.1,3.43,7.7,47,100,1680.0,0,0.519
2026-03-07T12:00,2.8,2.8,0.0,0.0,0.0,0.0,63,80.0,5.0,500.0,8.2,2.85,7.3,38,100,2940.0,0,0.528
2026-03-07T13:00,0.7,0.7,0.0,0.0,0.0,0.0,53,0.0,46.0,485.0,8.0,2.77,6.4,51,100,4540.0,0,0.511
2026-03-07T14:00,1.1,1.1,0.0,0.0,0.0,0.0,55,60.0,81.0,490.0,8.0,2.41,5.9,50,100,2200.0,0,0.514
2026-03-07T15:00,1.3,1.3,0.0,0.0,0.0,0.0,61,0.0,5.0,515.0,8.0,2.35,5.4,52,100,5180.0,0,0.51
2026-03-07T16:00,0.2,0.2,0.0,0.0,0.0,0.0,51,0.0,5.0,495.0,8.1,1.81,5.2,48,100,5320.0,0,0.508
2026-03-07T17:00,0.3,0.3,0.0,0.0,0.0,0.0,51,0.0,5.0,465.0,8.2,1.29,4.1,54,100,4080.0,0,0.508
2026-03-07T18:00,0.5,0.5,0.0,0.0,0.0,0.0,53,0.0,4.0,440.0,8.4,1.6,3.4,51,100,4640.0,0,0.501
2026-03-07T19:00,0.2,0.2,0.0,0.0,0.0,0.0,51,10.0,3.0,425.0,8.3,1.68,3.6,53,100,7320.0,0,0.501
2026-03-07T20:00,0.1,0.1,0.0,0.0,0.0,0.0,51,0.0,2.0,400.0,8.2,1.66,3.9,74,100,7360.0,0,0.5
2026-03-07T21:00,0.0,0.0,0.0,0.0,0.0,0.0,3,0.0,1.0,375.0,8.1,1.52,3.5,81,100,8180.0,0,0.499
2026-03-07T22:00,0.1,0.1,0.0,0.0,0.0,0.0,51,0.0,1.0,375.0,8.0,1.43,3.3,61,100,4460.0,0,0.499
2026-03-07T23:00,0.3,0.3,0.0,0.0,0.0,0.0,51,0.0,0.0,375.0,7.9,1.66,3.5,61,87,6660.0,0,0.501
2026-03-08T00:00,0.0,0.0,0.0,0.0,0.0,0.0,3,0.0,0.0,365.0,7.8,2.04,5.1,68,100,9420.0,1,0.501
2026-03-08T01:00,0.0,0.0,0.0,0.0,0.0,0.0,3,0.0,-1.0,415.0,8.6,2.97,6.2,57,100,11900.0,1,0.499
2026-03-08T02:00,0.0,0.0,0.0,0.0,0.0,0.0,3,0.0,0.0,535.0,9.7,2.83,6.6,54,100,16760.0,1,0.498
2026-03-08T03:00,0.0,0.0,0.0,0.0,0.0,0.0,3,0.0,0.0,625.0,10.8,2.75,6.6,57,100,16780.0,1,0.496
2026-03-08T04:00,0.1,0.1,0.0,0.0,0.0,0.0,51,0.0,1.0,625.0,10.9,2.3,6.6,63,100,4940.0,1,0.496
2026-03-08T05:00,0.5,0.4,0.1,0.0,0.0,0.0,53,0.0,2.0,480.0,10.3,2.59,5.6,71,100,6920.0,1,0.498
2026-03-08T06:00,0.0,0.0,0.0,0.0,0.0,0.0,3,0.0,3.0,320.0,9.3,1.97,5.8,83,100,5800.0,1,0.542
2026-03-08T07:00,0.2,0.2,0.0,0.0,0.0,0.0,51,0.0,5.0,335.0,9.4,2.25,4.8,78,100,5960.0,1,0.496
2026-03-08T08:00,0.1,0.1,0.0,0.0,0.0,0.0,51,0.0,8.0,385.0,9.6,2.15,5.1,72,100,8800.0,1,0.495
2026-03-08T09:00,0.1,0.1,0.0,0.0,0.0,0.0,51,0.0,11.0,360.0,9.6,2.21,4.8,65,100,6420.0,1,0.495
2026-03-08T10:00,0.1,0.1,0.0,0.0,0.0,0.0,51,0.0,15.0,355.0,9.3,2.07,4.8,75,100,8760.0,1,0.495
2026-03-08T11:00,0.0,0.0,0.0,0.0,0.0,0.0,3,10.0,20.0,355.0,9.0,2.22,4.6,59,100,8480.0,0,0.494
2026-03-08T12:00,0.2,0.2,0.0,0.0,0.0,0.0,51,90.0,113.0,315.0,8.4,1.49,5.3,76,100,5580.0,0,0.512
2026-03-08T13:00,0.4,0.4,0.0,0.0,0.0,0.0,51,70.0,96.0,325.0,8.2,1.91,4.0,70,100,3580.0,0,0.507
2026-03-08T14:00,0.6,0.6,0.0,0.0,0.0,0.0,53,60.0,75.0,315.0,8.1,1.71,4.4,75,100,3360.0,0,0.506
2026-03-08T15:00,0.8,0.8,0.0,0.0,0.0,0.0,53,0.0,112.0,215.0,8.2,1.35,3.7,90,100,4460.0,0,0.505
2026-03-08T16:00,0.2,0.2,0.0,0.0,0.0,0.0,51,0.0,117.0,180.0,8.3,1.35,3.2,105,100,3620.0,0,0.505
2026-03-08T17:00,0.8,0.8,0.0,0.0,0.0,0.0,53,0.0,123.0,215.0,8.2,1.26,3.3,108,100,5040.0,0,0.505
2026-03-08T18:00,0.1,0.1,0.0,0.0,0.0,0.0,51,0.0,128.0,195.0,8.5,0.8,3.1,90,100,9220.0,0,0.506
2026-03-08T19:00,0.0,0.0,0.0,0.0,0.0,0.0,3,0.0,134.0,80.0,8.5,0.51,2.3,119,100,8780.0,0,0.503
2026-03-08T20:00,0.0,0.0,0.0,0.0,0.0,0.0,3,0.0,139.0,80.0,8.4,1.18,2.4,126,100,6580.0,0,0.502
2026-03-08T21:00,0.0,0.0,0.0,0.0,0.0,0.0,3,0.0,145.0,105.0,8.3,1.29,3.2,126,100,7060.0,0,0.5
2026-03-08T22:00,0.0,0.0,0.0,0.0,0.0,0.0,3,0.0,150.0,40.0,8.3,0.56,2.9,170,100,6680.0,0,0.5
2026-03-08T23:00,0.0,0.0,0.0,0.0,0.0,0.0,3,10.0,156.0,40.0,8.5,0.53,2.1,41,100,6860.0,1,0.499
2026-03-09T00:00,0.2,0.2,0.0,0.0,0.0,0.0,51,10.0,162.0,595.0,8.9,1.95,3.4,29,100,3100.0,1,0.5
2026-03-09T01:00,0.8,0.8,0.0,0.0,0.0,0.0,53,0.0,167.0,665.0,9.1,1.9,4.9,30,100,4260.0,1,0.506
2026-03-09T02:00,0.4,0.3,0.1,0.0,0.0,0.0,51,10.0,173.0,715.0,9.7,2.14,4.8,37,100,4880.0,1,0.505
2026-03-09T03:00,0.4,0.4,0.0,0.0,0.0,0.0,51,10.0,179.0,720.0,9.7,2.26,5.5,45,100,3800.0,1,0.505
2026-03-09T04:00,0.9,0.9,0.0,0.0,0.0,0.0,53,10.0,185.0,695.0,10.0,2.26,5.4,47,100,3000.0,1,0.505
2026-03-09T05:00,0.7,0.7,0.0,0.0,0.0,0.0,53,20.0,0.0,840.0,10.8,2.62,6.5,50,100,5400.0,1,0.504
2026-03-09T06:00,0.1,0.1,0.0,0.0,0.0,0.0,51,10.0,196.0,1060.0,12.1,4.69,9.1,50,100,11120.0,1,0.503
2026-03-09T07:00,0.0,0.0,0.0,0.0,0.0,0.0,3,0.0,202.0,965.0,11.8,3.32,9.9,53,100,18180.0,1,0.501
2026-03-09T08:00,0.0,0.0,0.0,0.0,0.0,0.0,3,0.0,208.0,1055.0,12.3,3.31,7.8,52,99,18180.0,1,0.499
2026-03-09T09:00,0.0,0.0,0.0,0.0,0.0,0.0,2,0.0,213.0,1095.0,12.5,3.21,8.0,53,75,19360.0,1,0.497
2026-03-09T10:00,0.0,0.0,0.0,0.0,0.0,0.0,1,0.0,219.0,980.0,11.7,2.69,7.5,48,31,18180.0,1,0.496
2026-03-09T11:00,0.0,0.0,0.0,0.0,0.0,0.0,0,0.0,225.0,95.0,8.9,1.3,5.7,62,10,18180.0,0,0.495
2026-03-09T12:00,0.0,0.0,0.0,0.0,0.0,0.0,0,0.0,230.0,35.0,8.3,1.11,3.4,108,17,16780.0,0,0.494
2026-03-09T13:00,0.0,0.0,0.0,0.0,0.0,0.0,0,0.0,236.0,25.0,7.3,1.04,2.8,107,6,13160.0,0,0.493
2026-03-09T14:00,0.0,0.0,0.0,0.0,0.0,0.0,0,0.0,242.0,20.0,6.3,0.75,2.7,86,9,11420.0,0,0.493
2026-03-09T15:00,0.0,0.0,0.0,0.0,0.0,0.0,0,0.0,247.0,20.0,5.6,0.85,2.4,87,9,11420.0,0,0.492
2026-03-09T16:00,0.0,0.0,0.0,0.0,0.0,0.0,3,0.0,253.0,15.0,5.2,0.32,2.3,51,82,7940.0,0,0.491
2026-03-09T17:00,0.0,0.0,0.0,0.0,0.0,0.0,3,0.0,258.0,10.0,4.9,0.1,1.5,90,94,7960.0,0,0.491
2026-03-09T18:00,0.0,0.0,0.0,0.0,0.0,0.0,3,0.0,264.0,15.0,5.5,0.07,1.2,225,100,120.0,0,0.49
2026-03-09T19:00,0.0,0.0,0.0,0.0,0.0,0.0,3,0.0,269.0,40.0,6.0,0.05,1.1,180,100,80.0,0,0.49
2026-03-09T20:00,0.0,0.0,0.0,0.0,0.0,0.0,3,0.0,274.0,55.0,5.8,0.14,1.0,225,100,60.0,0,0.49
2026-03-09T21:00,0.0,0.0,0.0,0.0,0.0,0.0,3,0.0,280.0,55.0,5.9,0.53,1.3,221,100,100.0,0,0.489
2026-03-09T22:00,0.0,0.0,0.0,0.0,0.0,0.0,3,0.0,285.0,75.0,5.8,0.5,2.0,233,100,80.0,0,0.489
2026-03-09T23:00,0.0,0.0,0.0,0.0,0.0,0.0,3,0.0,290.0,105.0,5.9,0.15,1.5,360,100,80.0,1,0.488
2026-03-10T00:00,0.0,0.0,0.0,0.0,0.0,0.0,3,0.0,295.0,105.0,5.5,0.0,1.7,270,100,100.0,1,0.488
2026-03-10T01:00,0.0,0.0,0.0,0.0,0.0,0.0,3,0.0,300.0,115.0,6.9,0.46,3.0,229,100,560.0,1,0.487
2026-03-10T02:00,0.0,0.0,0.0,0.0,0.0,0.0,1,0.0,305.0,275.0,10.2,0.45,3.5,264,20,14700.0,1,0.487
2026-03-10T03:00,0.0,0.0,0.0,0.0,0.0,0.0,0,0.0,310.0,615.0,13.4,0.41,3.9,256,15,18220.0,1,0.485
2026-03-10T04:00,0.0,0.0,0.0,0.0,0.0,0.0,1,0.0,314.0,750.0,15.6,0.5,4.2,276,36,20360.0,1,0.483
2026-03-10T05:00,0.0,0.0,0.0,0.0,0.0,0.0,2,0.0,319.0,870.0,17.5,0.52,4.3,287,55,22320.0,1,0.481
2026-03-10T06:00,0.0,0.0,0.0,0.0,0.0,0.0,2,0.0,323.0,1045.0,17.6,0.86,4.2,280,55,22320.0,1,0.479
2026-03-10T07:00,0.0,0.0,0.0,0.0,0.0,0.0,0,0.0,328.0,1100.0,18.9,0.61,4.5,305,0,22320.0,1,0.477
2026-03-10T08:00,0.0,0.0,0.0,0.0,0.0,0.0,0,0.0,332.0,1195.0,19.4,0.41,4.0,14,0,22320.0,1,0.476
2026-03-10T09:00,0.0,0.0,0.0,0.0,0.0,0.0,0,0.0,336.0,1200.0,19.5,0.62,3.2,76,0,22320.0,1,0.475
2026-03-10T10:00,0.0,0.0,0.0,0.0,0.0,0.0,0,0.0,340.0,35.0,17.8,0.65,2.6,58,0,20380.0,1,0.475
2026-03-10T11:00,0.0,0.0,0.0,0.0,0.0,0.0,0,0.0,344.0,30.0,14.2,0.98,1.8,105,0,20380.0,0,0.475
2026-03-10T12:00,0.0,0.0,0.0,0.0,0.0,0.0,0,0.0,348.0,35.0,11.7,1.55,3.1,123,0,18220.0,0,0.475
2026-03-10T13:00,0.0,0.0,0.0,0.0,0.0,0.0,0,0.0,352.0,30.0,10.5,1.41,3.7,113,0,16880.0,0,0.475
2026-03-10T14:00,0.0,0.0,0.0,0.0,0.0,0.0,0,0.0,355.0,20.0,8.9,0.91,3.2,99,0,14720.0,0,0.475
2026-03-10T15:00,0.0,0.0,0.0,0.0,0.0,0.0,0,0.0,358.0,15.0,7.9,0.59,2.1,110,0,13260.0,0,0.475
2026-03-10T16:00,0.0,0.0,0.0,0.0,0.0,0.0,0,0.0,362.0,10.0,7.4,0.0,1.4,270,0,13260.0,0,0.475
2026-03-10T17:00,0.0,0.0,0.0,0.0,0.0,0.0,0,0.0,365.0,10.0,6.9,0.18,0.7,124,0,11460.0,0,0.476
2026-03-10T18:00,0.0,0.0,0.0,0.0,0.0,0.0,0,0.0,368.0,10.0,6.8,0.21,0.8,104,0,11460.0,0,0.476
2026-03-10T19:00,0.0,0.0,0.0,0.0,0.0,0.0,0,0.0,370.0,10.0,6.7,0.25,0.9,53,0,11460.0,0,0.476
2026-03-10T20:00,0.0,0.0,0.0,0.0,0.0,0.0,0,0.0,373.0,10.0,6.6,0.07,1.1,45,0,11460.0,0,0.476
2026-03-10T21:00,0.0,0.0,0.0,0.0,0.0,0.0,0,0.0,375.0,10.0,6.5,0.07,0.9,135,0,11460.0,0,0.476
2026-03-10T22:00,0.0,0.0,0.0,0.0,0.0,0.0,0,0.0,378.0,15.0,6.6,0.21,0.8,45,0,11480.0,0,0.476
2026-03-10T23:00,0.0,0.0,0.0,0.0,0.0,0.0,0,0.0,380.0,20.0,6.5,0.22,0.9,297,0,11480.0,1,0.476
2026-03-11T00:00,0.0,0.0,0.0,0.0,0.0,0.0,2,0.0,382.0,35.0,7.4,0.15,1.1,90,66,8000.0,1,0.493
2026-03-11T01:00,0.0,0.0,0.0,0.0,0.0,0.0,1,0.0,383.0,140.0,10.4,0.32,2.7,288,41,14740.0,1,0.492
2026-03-11T02:00,0.0,0.0,0.0,0.0,0.0,0.0,1,0.0,385.0,285.0,14.3,0.64,3.7,309,23,18260.0,1,0.49
2026-03-11T03:00,0.0,0.0,0.0,0.0,0.0,0.0,0,0.0,386.0,460.0,17.6,0.74,4.2,312,0,19420.0,1,0.488
2026-03-11T04:00,0.0,0.0,0.0,0.0,0.0,0.0,0,0.0,387.0,665.0,20.3,0.5,4.2,307,0,20400.0,1,0.486
2026-03-11T05:00,0.0,0.0,0.0,0.0,0.0,0.0,0,0.0,388.0,895.0,22.2,0.45,4.0,354,0,20400.0,1,0.483
2026-03-11T06:00,0.0,0.0,0.0,0.0,0.0,0.0,0,0.0,389.0,1035.0,22.5,0.66,4.4,9,0,22340.0,1,0.487
2026-03-11T07:00,0.0,0.0,0.0,0.0,0.0,0.0,0,0.0,390.0,1125.0,23.6,0.74,4.0,48,0,22800.0,1,0.484
2026-03-11T08:00,0.0,0.0,0.0,0.0,0.0,0.0,0,0.0,390.0,1180.0,23.9,1.08,4.0,77,9,22360.0,1,0.481
2026-03-11T09:00,0.0,0.0,0.0,0.0,0.0,0.0,0,0.0,390.0,1180.0,23.7,1.85,4.3,88,2,22360.0,1,0.48
2026-03-11T10:00,0.0,0.0,0.0,0.0,0.0,0.0,0,0.0,30.0,240.0,21.2,2.07,4.3,98,0,20420.0,1,0.479
2026-03-11T11:00,0.0,0.0,0.0,0.0,0.0,0.0,0,0.0,31.0,125.0,18.0,2.66,6.1,95,2,20420.0,0,0.478
2026-03-11T12:00,0.0,0.0,0.0,0.0,0.0,0.0,0,0.0,80.0,45.0,15.3,1.89,5.4,102,16,19420.0,0,0.47
2026-03-11T13:00,0.0,0.0,0.0,0.0,0.0,0.0,0,0.0,32.0,40.0,14.3,1.66,4.2,97,0,18260.0,0,0.47
2026-03-11T14:00,0.0,0.0,0.0,0.0,0.0,0.0,0,0.0,32.0,25.0,12.6,1.15,3.9,108,0,18260.0,0,0.47
2026-03-11T15:00,0.0,0.0,0.0,0.0,0.0,0.0,0,0.0,32.0,15.0,12.1,0.54,3.1,112,0,18280.0,0,0.47
2026-03-11T16:00,0.0,0.0,0.0,0.0,0.0,0.0,0,0.0,33.0,20.0,11.9,0.65,2.5,113,0,18280.0,0,0.47
2026-03-11T17:00,0.0,0.0,0.0,0.0,0.0,0.0,0,0.0,33.0,215.0,11.7,1.72,4.2,82,0,18280.0,0,0.47
2026-03-11T18:00,0.0,0.0,0.0,0.0,0.0,0.0,0,0.0,34.0,280.0,12.1,2.12,5.6,75,0,16920.0,0,0.472
2026-03-11T19:00,0.0,0.0,0.0,0.0,0.0,0.0,0,0.0,34.0,325.0,12.3,2.35,6.0,78,0,14780.0,0,0.471
2026-03-11T20:00,0.0,0.0,0.0,0.0,0.0,0.0,0,0.0,34.0,345.0,11.5,1.71,5.8,83,0,14780.0,0,0.471
2026-03-11T21:00,0.0,0.0,0.0,0.0,0.0,0.0,0,0.0,35.0,310.0,10.5,1.45,4.6,88,0,13320.0,0,0.471
2026-03-11T22:00,0.0,0.0,0.0,0.0,0.0,0.0,0,0.0,35.0,310.0,10.1,1.4,4.0,92,9,13320.0,0,0.471
2026-03-11T23:00,0.0,0.0,0.0,0.0,0.0,0.0,1,0.0,36.0,310.0,10.0,1.0,4.0,84,37,11520.0,1,0.471
2026-03-12T00:00,0.0,0.0,0.0,0.0,0.0,0.0,3,0.0,36.0,465.0,12.3,1.5,3.5,53,85,11520.0,1,0.467
2026-03-12T01:00,0.0,0.0,0.0,0.0,0.0,0.0,1,0.0,36.0,665.0,14.6,4.0,8.8,62,38,14800.0,1,0.467
2026-03-12T02:00,0.0,0.0,0.0,0.0,0.0,0.0,1,0.0,37.0,775.0,16.5,4.82,10.8,73,32,18280.0,1,0.466
2026-03-12T03:00,0.0,0.0,0.0,0.0,0.0,0.0,1,0.0,37.0,975.0,18.0,4.48,10.7,74,31,18300.0,1,0.465
2026-03-12T04:00,0.0,0.0,0.0,0.0,0.0,0.0,1,0.0,38.0,1335.0,20.0,3.96,10.4,80,38,19460.0,1,0.464
2026-03-12T05:00,0.0,0.0,0.0,0.0,0.0,0.0,2,0.0,38.0,1530.0,21.4,3.9,9.5,89,50,20440.0,1,0.462
2026-03-12T06:00,0.0,0.0,0.0,0.0,0.0,0.0,2,0.0,391.0,1700.0,21.7,3.4,9.4,93,63,20440.0,1,0.465
2026-03-12T07:00,0.0,0.0,0.0,0.0,0.0,0.0,1,0.0,39.0,1705.0,22.0,3.52,8.6,75,27,22380.0,1,0.463
2026-03-12T08:00,0.0,0.0,0.0,0.0,0.0,0.0,0,0.0,39.0,1580.0,21.6,4.12,9.5,66,5,20440.0,1,0.461
2026-03-12T09:00,0.0,0.0,0.0,0.0,0.0,0.0,0,0.0,39.0,1335.0,21.0,4.14,9.6,72,0,22380.0,1,0.46
2026-03-12T10:00,0.0,0.0,0.0,0.0,0.0,0.0,0,0.0,40.0,730.0,19.4,2.82,9.2,84,0,20440.0,1,0.459
2026-03-12T11:00,0.0,0.0,0.0,0.0,0.0,0.0,0,0.0,40.0,420.0,16.7,2.38,6.3,75,0,19460.0,0,0.459
2026-03-12T12:00,0.0,0.0,0.0,0.0,0.0,0.0,0,0.0,41.0,460.0,15.6,3.18,7.8,66,0,19460.0,0,0.451
2026-03-12T13:00,0.0,0.0,0.0,0.0,0.0,0.0,0,0.0,41.0,530.0,15.2,4.04,8.9,68,0,19460.0,0,0.451
2026-03-12T14:00,0.0,0.0,0.0,0.0,0.0,0.0,0,0.0,41.0,565.0,14.4,3.61,8.9,73,0,19480.0,0,0.451
2026-03-12T15:00,0.0,0.0,0.0,0.0,0.0,0.0,0,0.0,42.0,515.0,13.6,2.84,8.1,76,0,18320.0,0,0.451
2026-03-12T16:00,0.0,0.0,0.0,0.0,0.0,0.0,0,0.0,42.0,375.0,12.0,1.61,6.6,74,0,18320.0,0,0.451
2026-03-12T17:00,0.0,0.0,0.0,0.0,0.0,0.0,0,0.0,43.0,40.0,11.2,0.46,4.2,49,2,18320.0,0,0.452
2026-03-12T18:00,0.0,0.0,0.0,0.0,0.0,0.0,0,0.0,43.0,30.0,11.1,0.43,2.2,69,1,16960.0,0,0.452
2026-03-12T19:00,0.0,0.0,0.0,0.0,0.0,0.0,0,0.0,43.0,50.0,10.7,0.69,2.4,60,5,16960.0,0,0.452
2026-03-12T20:00,0.0,0.0,0.0,0.0,0.0,0.0,2,0.0,44.0,35.0,10.4,0.46,2.4,77,50,16960.0,0,0.453
2026-03-12T21:00,0.0,0.0,0.0,0.0,0.0,0.0,2,0.0,44.0,20.0,10.0,0.35,2.1,98,72,14820.0,0,0.453
2026-03-12T22:00,0.0,0.0,0.0,0.0,0.0,0.0,2,0.0,44.0,15.0,9.5,0.18,1.8,124,53,14840.0,0,0.453
2026-03-12T23:00,0.0,0.0,0.0,0.0,0.0,0.0,0,0.0,45.0,15.0,8.8,0.22,1.4,63,1,13360.0,1,0.454
2026-03-13T00:00,0.0,0.0,0.0,0.0,0.0,0.0,0,0.0,45.0,20.0,10.0,0.51,1.4,101,0,11560.0,1,0.454
2026-03-13T01:00,0.0,0.0,0.0,0.0,0.0,0.0,0,0.0,46.0,365.0,12.9,0.45,2.8,96,0,16980.0,1,0.454
2026-03-13T02:00,0.0,0.0,0.0,0.0,0.0,0.0,0,0.0,46.0,520.0,15.5,0.68,3.8,73,0,18320.0,1,0.453
2026-03-13T03:00,0.0,0.0,0.0,0.0,0.0,0.0,0,0.0,46.0,825.0,17.8,0.62,4.0,76,0,19500.0,1,0.452
2026-03-13T04:00,0.0,0.0,0.0,0.0,0.0,0.0,0,0.0,47.0,1085.0,19.9,0.59,4.1,70,1,19500.0,1,0.45
2026-03-13T05:00,0.0,0.0,0.0,0.0,0.0,0.0,0,0.0,47.0,1415.0,21.9,0.8,4.4,94,0,20480.0,1,0.448
2026-03-13T06:00,0.0,0.0,0.0,0.0,0.0,0.0,2,0.0,0.0,1940.0,23.3,1.72,5.4,163,63,22400.0,1,0.446
2026-03-13T07:00,0.0,0.0,0.0,0.0,0.0,0.0,1,0.0,48.0,2155.0,23.9,3.0,7.9,180,45,22400.0,1,0.444
2026-03-13T08:00,0.0,0.0,0.0,0.0,0.0,0.0,3,10.0,48.0,2385.0,24.9,0.4,7.5,150,95,22860.0,1,0.443
2026-03-13T09:00,0.0,0.0,0.0,0.0,0.0,0.0,3,0.0,48.0,2630.0,26.2,1.5,3.3,206,100,22860.0,1,0.442
2026-03-13T10:00,0.0,0.0,0.0,0.0,0.0,0.0,3,0.0,49.0,635.0,22.7,3.06,6.4,118,87,22400.0,1,0.442
2026-03-13T11:00,0.0,0.0,0.0,0.0,0.0,0.0,2,0.0,49.0,170.0,18.9,2.9,6.6,88,67,19500.0,0,0.442
2026-03-13T12:00,0.0,0.0,0.0,0.0,0.0,0.0,2,0.0,49.0,70.0,16.6,1.81,6.2,76,68,19500.0,0,0.444
2026-03-13T13:00,0.0,0.0,0.0,0.0,0.0,0.0,3,0.0,50.0,80.0,16.2,1.87,4.3,82,84,18340.0,0,0.444
2026-03-13T14:00,0.0,0.0,0.0,0.0,0.0,0.0,3,0.0,50.0,65.0,15.0,1.95,4.6,87,100,17000.0,0,0.444
2026-03-13T15:00,0.0,0.0,0.0,0.0,0.0,0.0,3,0.0,50.0,45.0,14.4,1.8,4.7,87,100,17000.0,0,0.444
2026-03-13T16:00,0.0,0.0,0.0,0.0,0.0,0.0,3,0.0,51.0,35.0,13.4,1.27,4.2,81,95,17000.0,0,0.445
2026-03-13T17:00,0.0,0.0,0.0,0.0,0.0,0.0,0,0.0,51.0,35.0,12.2,1.25,3.1,85,0,14860.0,0,0.445
2026-03-13T18:00,0.0,0.0,0.0,0.0,0.0,0.0,0,0.0,0.0,40.0,11.7,1.45,2.9,88,14,14860.0,0,0.445
2026-03-13T19:00,0.0,0.0,0.0,0.0,0.0,0.0,1,0.0,52.0,30.0,11.6,1.01,3.2,99,39,14860.0,0,0.445
2026-03-13T20:00,0.0,0.0,0.0,0.0,0.0,0.0,1,0.0,52.0,35.0,11.7,1.03,2.6,104,23,14880.0,0,0.446
2026-03-13T21:00,0.0,0.0,0.0,0.0,0.0,0.0,1,0.0,52.0,50.0,11.4,1.52,3.3,99,47,14880.0,0,0.446
2026-03-13T22:00,0.0,0.0,0.0,0.0,0.0,0.0,1,0.0,53.0,50.0,11.0,1.32,3.4,99,42,14880.0,0,0.446
2026-03-13T23:00,0.0,0.0,0.0,0.0,0.0,0.0,1,0.0,53.0,45.0,10.8,1.18,3.0,102,41,14880.0,1,0.446
2026-03-14T00:00,0.0,0.0,0.0,0.0,0.0,0.0,1,0.0,53.0,70.0,12.8,1.58,3.7,79,22,17020.0,1,0.446
2026-03-14T01:00,0.0,0.0,0.0,0.0,0.0,0.0,1,0.0,54.0,140.0,15.8,1.24,3.6,47,34,18360.0,1,0.446
2026-03-14T02:00,0.0,0.0,0.0,0.0,0.0,0.0,0,0.0,54.0,455.0,19.3,1.63,4.7,50,2,19520.0,1,0.445
2026-03-14T03:00,0.0,0.0,0.0,0.0,0.0,0.0,2,0.0,54.0,1675.0,22.8,1.74,5.2,153,66,20520.0,1,0.444
2026-03-14T04:00,0.0,0.0,0.0,0.0,0.0,0.0,3,10.0,55.0,1990.0,24.5,3.97,9.2,191,100,20520.0,1,0.442
2026-03-14T05:00,0.0,0.0,0.0,0.0,0.0,0.0,3,0.0,55.0,1780.0,23.8,3.8,9.3,182,98,20520.0,1,0.441
2026-03-14T06:00,0.0,0.0,0.0,0.0,0.0,0.0,3,0.0,7.0,1805.0,23.6,3.76,8.8,183,100,20520.0,1,0.44
2026-03-14T07:00,0.0,0.0,0.0,0.0,0.0,0.0,3,0.0,55.0,1780.0,23.9,3.95,9.3,181,100,20520.0,1,0.439
2026-03-14T08:00,0.0,0.0,0.0,0.0,0.0,0.0,3,0.0,56.0,1625.0,23.4,3.05,9.2,178,98,20520.0,1,0.438
2026-03-14T09:00,0.0,0.0,0.0,0.0,0.0,0.0,3,0.0,56.0,1430.0,23.3,2.11,6.6,175,100,20520.0,1,0.438
2026-03-14T10:00,0.0,0.0,0.0,0.0,0.0,0.0,3,0.0,56.0,750.0,22.3,2.09,4.8,147,100,20520.0,1,0.438
2026-03-14T11:00,0.0,0.0,0.0,0.0,0.0,0.0,3,0.0,57.0,545.0,21.1,2.48,5.7,124,100,19540.0,0,0.438
2026-03-14T12:00,0.0,0.0,0.0,0.0,0.0,0.0,3,0.0,19.0,350.0,19.9,2.15,5.5,108,100,19540.0,0,0.438
2026-03-14T13:00,0.0,0.0,0.0,0.0,0.0,0.0,3,0.0,17.0,310.0,19.7,2.15,5.1,108,100,18380.0,0,0.438
2026-03-14T14:00,0.0,0.0,0.0,0.0,0.0,0.0,3,0.0,14.0,290.0,18.9,2.55,5.4,93,100,18380.0,0,0.438
2026-03-14T15:00,0.1,0.0,0.1,0.0,0.0,0.0,51,0.0,10.0,240.0,17.9,2.65,5.7,89,100,5140.0,0,0.439
2026-03-14T16:00,2.7,0.6,2.1,0.0,0.0,0.0,81,0.0,6.0,175.0,16.2,3.11,5.9,66,100,3000.0,0,0.474
2026-03-14T17:00,1.9,1.0,0.9,0.0,0.0,0.0,80,0.0,2.0,325.0,15.4,4.18,8.3,73,100,3000.0,0,0.496
2026-03-14T18:00,1.4,0.8,0.6,0.0,0.0,0.0,80,20.0,5.0,405.0,15.1,4.62,9.9,77,100,3740.0,0,0.5
2026-03-14T19:00,1.2,0.5,0.7,0.0,0.0,0.0,55,20.0,-1.0,455.0,13.1,5.38,11.2,73,100,3980.0,0,0.508
2026-03-14T20:00,0.5,0.4,0.1,0.0,0.0,0.0,53,10.0,-2.0,470.0,11.8,5.86,12.0,75,100,5680.0,0,0.505
2026-03-14T21:00,0.2,0.2,0.0,0.0,0.0,0.0,51,0.0,-3.0,495.0,11.1,5.08,12.0,75,100,5200.0,0,0.501
2026-03-14T22:00,0.4,0.4,0.0,0.0,0.0,0.0,51,0.0,-2.0,545.0,10.3,3.78,10.7,64,100,4040.0,0,0.5
2026-03-14T23:00,0.4,0.4,0.0,0.0,0.0,0.0,51,0.0,-1.0,575.0,10.1,3.24,8.1,52,100,4620.0,1,0.5
2026-03-15T00:00,0.4,0.4,0.0,0.0,0.0,0.0,51,0.0,0.0,590.0,10.0,3.29,6.9,47,100,3200.0,1,0.483
2026-03-15T01:00,0.7,0.7,0.0,0.0,0.0,0.0,53,0.0,3.0,570.0,9.7,3.25,7.2,44,100,4480.0,1,0.489
2026-03-15T02:00,0.3,0.3,0.0,0.0,0.0,0.0,51,0.0,7.0,560.0,9.8,3.16,7.2,49,100,5100.0,1,0.49
2026-03-15T03:00,0.4,0.4,0.0,0.0,0.0,0.0,51,0.0,11.0,545.0,9.5,3.5,7.6,48,100,3640.0,1,0.491
2026-03-15T04:00,0.6,0.6,0.0,0.0,0.0,0.0,53,0.0,16.0,550.0,9.4,3.65,7.6,49,100,3780.0,1,0.495
2026-03-15T05:00,0.7,0.7,0.0,0.0,0.0,0.0,53,0.0,0.0,560.0,9.4,3.55,7.5,50,100,3540.0,1,0.5
2026-03-15T06:00,0.7,0.7,0.0,0.0,0.0,0.0,53,0.0,0.0,530.0,9.2,3.26,7.4,50,100,3500.0,1,0.523
2026-03-15T07:00,0.5,0.5,0.0,0.0,0.0,0.0,53,0.0,23.0,515.0,9.0,3.41,7.3,50,100,4560.0,1,0.502
2026-03-15T08:00,0.4,0.4,0.0,0.0,0.0,0.0,51,20.0,0.0,460.0,8.8,3.08,7.3,44,100,4340.0,1,0.502
2026-03-15T09:00,0.5,0.5,0.0,0.0,0.0,0.0,53,30.0,0.0,460.0,8.8,3.23,6.7,55,100,3880.0,1,0.503
2026-03-15T10:00,0.4,0.4,0.0,0.0,0.0,0.0,51,10.0,0.0,455.0,8.6,3.24,6.9,61,100,5420.0,1,0.503
2026-03-15T11:00,0.1,0.1,0.0,0.0,0.0,0.0,51,0.0,0.0,460.0,8.4,3.19,7.0,58,100,6940.0,0,0.5
2026-03-15T12:00,0.2,0.2,0.0,0.0,0.0,0.0,51,0.0,0.0,450.0,8.2,2.64,6.7,65,100,7220.0,0,0.504
2026-03-15T13:00,0.1,0.1,0.0,0.0,0.0,0.0,51,0.0,0.0,450.0,8.2,2.71,5.9,65,100,7120.0,0,0.501
2026-03-15T14:00,0.1,0.1,0.0,0.0,0.0,0.0,51,10.0,0.0,450.0,8.1,2.74,6.0,59,100,6880.0,0,0.498
2026-03-15T15:00,0.1,0.1,0.0,0.0,0.0,0.0,51,30.0,0.0,445.0,8.0,2.63,6.0,57,100,5180.0,0,0.497
2026-03-15T16:00,0.1,0.1,0.0,0.0,0.0,0.0,51,0.0,2.0,445.0,7.8,2.76,6.0,58,100,6620.0,0,0.496
2026-03-15T17:00,0.2,0.2,0.0,0.0,0.0,0.0,51,20.0,0.0,435.0,7.6,2.78,5.9,60,100,3900.0,0,0.495
2026-03-15T18:00,0.6,0.6,0.0,0.0,0.0,0.0,53,10.0,0.0,395.0,7.8,2.11,5.6,54,100,2660.0,0,0.499
2026-03-15T19:00,1.0,1.0,0.0,0.0,0.0,0.0,55,10.0,22.0,395.0,7.7,2.42,5.0,63,100,4020.0,0,0.507
2026-03-15T20:00,0.3,0.3,0.0,0.0,0.0,0.0,51,0.0,0.0,400.0,7.7,2.21,5.0,52,100,4100.0,0,0.506
2026-03-15T21:00,0.4,0.4,0.0,0.0,0.0,0.0,51,20.0,12.0,395.0,7.6,2.26,5.4,62,100,5180.0,0,0.506
2026-03-15T22:00,0.1,0.1,0.0,0.0,0.0,0.0,51,20.0,1.0,400.0,7.6,2.73,6.0,62,100,7180.0,0,0.503
2026-03-15T23:00,0.1,0.1,0.0,0.0,0.0,0.0,51,0.0,1.0,420.0,7.6,2.24,5.7,61,100,5900.0,1,0.501
2026-03-16T00:00,0.3,0.3,0.0,0.0,0.0,0.0,51,0.0,4.0,375.0,7.6,1.45,5.1,90,100,4120.0,1,0.52
2026-03-16T01:00,0.3,0.3,0.0,0.0,0.0,0.0,51,10.0,24.0,415.0,7.6,2.06,4.7,72,100,5580.0,1,0.503
2026-03-16T02:00,0.2,0.2,0.0,0.0,0.0,0.0,51,0.0,0.0,405.0,8.2,2.63,5.2,57,100,6700.0,1,0.503
2026-03-16T03:00,0.1,0.1,0.0,0.0,0.0,0.0,51,10.0,0.0,420.0,8.9,2.5,6.2,57,100,5880.0,1,0.503
2026-03-16T04:00,0.1,0.1,0.0,0.0,0.0,0.0,51,0.0,71.0,370.0,8.7,2.58,5.8,68,100,6380.0,1,0.502
2026-03-16T05:00,0.1,0.1,0.0,0.0,0.0,0.0,51,10.0,0.0,510.0,9.6,2.48,6.2,62,100,8780.0,1,0.501
2026-03-16T06:00,0.4,0.4,0.0,0.0,0.0,0.0,51,0.0,21.0,505.0,9.3,1.76,5.7,75,100,7640.0,1,0.502
2026-03-16T07:00,0.0,0.0,0.0,0.0,0.0,0.0,3,0.0,0.0,550.0,9.9,2.03,5.0,80,100,17120.0,1,0.5
2026-03-16T08:00,0.0,0.0,0.0,0.0,0.0,0.0,3,0.0,0.0,570.0,10.3,2.47,5.9,82,100,11360.0,1,0.499
2026-03-16T09:00,0.0,0.0,0.0,0.0,0.0,0.0,3,0.0,0.0,555.0,9.9,2.39,5.9,79,100,17120.0,1,0.497
2026-03-16T10:00,0.0,0.0,0.0,0.0,0.0,0.0,3,0.0,0.0,490.0,9.5,2.35,5.4,88,100,7800.0,1,0.496
2026-03-16T11:00,0.1,0.1,0.0,0.0,0.0,0.0,51,10.0,0.0,465.0,9.1,1.8,5.3,90,100,5960.0,0,0.496
2026-03-16T12:00,0.1,0.1,0.0,0.0,0.0,0.0,51,30.0,0.0,375.0,8.1,1.9,4.0,90,100,7600.0,0,0.501
2026-03-16T13:00,0.1,0.1,0.0,0.0,0.0,0.0,51,20.0,1.0,375.0,8.0,1.66,4.1,85,100,6220.0,0,0.5
2026-03-16T14:00,0.2,0.2,0.0,0.0,0.0,0.0,51,30.0,0.0,380.0,8.0,1.92,4.0,83,100,5460.0,0,0.5
2026-03-16T15:00,0.1,0.1,0.0,0.0,0.0,0.0,51,30.0,0.0,395.0,7.9,1.81,4.0,76,100,6060.0,0,0.499
2026-03-16T16:00,0.3,0.3,0.0,0.0,0.0,0.0,51,30.0,0.0,400.0,7.8,1.47,3.8,80,100,4320.0,0,0.501
2026-03-16T17:00,0.2,0.2,0.0,0.0,0.0,0.0,51,40.0,1.0,375.0,7.7,1.59,3.2,66,100,6180.0,0,0.502
2026-03-16T18:00,1.0,0.6,0.4,0.0,0.0,0.0,55,10.0,0.0,380.0,8.0,1.51,3.3,84,100,2700.0,0,0.512
2026-03-16T19:00,0.7,0.6,0.1,0.0,0.0,0.0,53,0.0,0.0,275.0,7.9,1.02,3.3,79,100,4540.0,0,0.51
2026-03-16T20:00,0.5,0.3,0.2,0.0,0.0,0.0,53,40.0,0.0,310.0,7.8,1.39,2.9,69,100,3060.0,0,0.509
2026-03-16T21:00,0.5,0.5,0.0,0.0,0.0,0.0,53,40.0,0.0,295.0,7.8,1.46,3.3,84,100,3600.0,0,0.508
2026-03-16T22:00,0.4,0.4,0.0,0.0,0.0,0.0,51,50.0,0.0,300.0,7.9,1.35,3.3,59,100,4220.0,0,0.508
2026-03-16T23:00,0.5,0.5,0.0,0.0,0.0,0.0,53,40.0,0.0,285.0,7.9,1.31,2.8,72,100,2940.0,1,0.507
2026-03-17T00:00,0.6,0.6,0.0,0.0,0.0,0.0,53,20.0,0.0,255.0,7.5,1.92,3.6,83,100,5320.0,1,0.506
2026-03-17T01:00,0.1,0.1,0.0,0.0,0.0,0.0,51,20.0,0.0,255.0,7.6,2.3,4.3,66,100,6520.0,1,0.505
2026-03-17T02:00,0.2,0.2,0.0,0.0,0.0,0.0,51,20.0,0.0,220.0,8.0,2.15,4.8,62,100,3140.0,1,0.504
2026-03-17T03:00,0.9,0.9,0.0,0.0,0.0,0.0,53,20.0,0.0,225.0,8.3,2.02,4.1,67,100,3740.0,1,0.507
2026-03-17T04:00,0.4,0.4,0.0,0.0,0.0,0.0,51,20.0,0.0,285.0,8.9,1.81,4.0,66,100,5480.0,1,0.506
2026-03-17T05:00,0.1,0.1,0.0,0.0,0.0,0.0,51,0.0,200.0,375.0,10.3,2.19,5.3,63,100,6120.0,1,0.505
2026-03-17T06:00,0.2,0.2,0.0,0.0,0.0,0.0,51,10.0,0.0,600.0,11.8,0.56,5.8,63,100,17120.0,1,0.526
2026-03-17T07:00,0.0,0.0,0.0,0.0,0.0,0.0,3,10.0,0.0,620.0,12.4,1.05,3.2,90,100,17120.0,1,0.505
2026-03-17T08:00,0.0,0.0,0.0,0.0,0.0,0.0,3,10.0,157.0,640.0,12.8,1.54,4.2,65,100,9660.0,1,0.491
2026-03-17T09:00,0.0,0.0,0.0,0.0,0.0,0.0,3,0.0,118.0,540.0,12.4,1.6,4.2,90,100,11660.0,1,0.49
2026-03-17T10:00,0.0,0.0,0.0,0.0,0.0,0.0,3,0.0,87.0,240.0,11.3,2.26,4.8,103,100,13280.0,1,0.49
2026-03-17T11:00,0.0,0.0,0.0,0.0,0.0,0.0,3,0.0,45.0,240.0,10.6,2.1,4.7,102,100,10980.0,0,0.49
2026-03-17T12:00,0.0,0.0,0.0,0.0,0.0,0.0,3,20.0,80.0,105.0,9.4,0.59,4.8,110,100,3980.0,0,0.5
2026-03-17T13:00,0.2,0.2,0.0,0.0,0.0,0.0,51,10.0,19.0,105.0,9.2,0.67,1.3,117,100,5440.0,0,0.501
2026-03-17T14:00,0.1,0.1,0.0,0.0,0.0,0.0,51,10.0,21.0,115.0,9.1,1.03,1.9,104,100,2860.0,0,0.501
2026-03-17T15:00,0.2,0.2,0.0,0.0,0.0,0.0,51,0.0,18.0,195.0,9.1,1.44,3.1,104,100,2120.0,0,0.501
2026-03-17T16:00,0.5,0.5,0.0,0.0,0.0,0.0,53,0.0,16.0,245.0,9.3,0.5,3.2,37,100,4300.0,0,0.506
2026-03-17T17:00,1.2,1.2,0.0,0.0,0.0,0.0,55,10.0,1.0,10.0,9.2,0.18,1.6,146,100,2700.0,0,0.508
2026-03-17T18:00,1.0,1.0,0.0,0.0,0.0,0.0,55,20.0,14.0,170.0,9.2,1.5,3.1,105,100,3580.0,0,0.507
2026-03-17T19:00,0.5,0.5,0.0,0.0,0.0,0.0,53,40.0,0.0,325.0,9.1,0.74,3.9,28,100,2500.0,0,0.506
2026-03-17T20:00,1.8,1.5,0.3,0.0,0.0,0.0,80,100.0,0.0,435.0,9.1,1.22,3.1,19,100,3600.0,0,0.506
2026-03-17T21:00,0.9,0.3,0.6,0.0,0.0,0.0,53,0.0,0.0,70.0,9.3,0.7,3.6,21,100,5080.0,0,0.505
2026-03-17T22:00,0.2,0.2,0.0,0.0,0.0,0.0,51,0.0,0.0,30.0,9.4,0.34,2.8,63,100,3480.0,0,0.505
2026-03-17T23:00,0.3,0.3,0.0,0.0,0.0,0.0,51,0.0,0.0,60.0,9.2,0.91,2.1,96,100,9240.0,1,0.505
2026-03-18T00:00,0.0,0.0,0.0,0.0,0.0,0.0,3,10.0,0.0,300.0,9.6,0.14,3.7,225,100,9220.0,1,0.503
2026-03-18T01:00,0.3,0.3,0.0,0.0,0.0,0.0,51,30.0,0.0,615.0,9.9,0.62,2.3,104,100,5640.0,1,0.504
2026-03-18T02:00,0.1,0.1,0.0,0.0,0.0,0.0,51,30.0,0.0,540.0,10.3,1.22,3.4,71,100,9000.0,1,0.503
2026-03-18T03:00,0.0,0.0,0.0,0.0,0.0,0.0,3,20.0,0.0,615.0,10.9,1.58,4.3,79,97,10980.0,1,0.502
2026-03-18T04:00,0.0,0.0,0.0,0.0,0.0,0.0,3,10.0,71.0,775.0,12.6,2.91,6.7,66,100,18420.0,1,0.5
2026-03-18T05:00,0.0,0.0,0.0,0.0,0.0,0.0,3,10.0,70.0,990.0,14.1,3.17,7.9,74,81,19560.0,1,0.498
2026-03-18T06:00,0.0,0.0,0.0,0.0,0.0,0.0,3,0.0,63.0,1025.0,13.7,2.76,7.8,78,100,18420.0,1,0.517
2026-03-18T07:00,0.0,0.0,0.0,0.0,0.0,0.0,3,0.0,44.0,1080.0,14.3,2.6,7.0,79,100,19560.0,1,0.509
2026-03-18T08:00,0.0,0.0,0.0,0.0,0.0,0.0,3,0.0,19.0,1085.0,14.2,2.45,6.5,73,100,19560.0,1,0.506
2026-03-18T09:00,0.0,0.0,0.0,0.0,0.0,0.0,3,0.0,0.0,1085.0,14.2,2.53,5.9,72,100,19560.0,1,0.503
2026-03-18T10:00,0.0,0.0,0.0,0.0,0.0,0.0,2,0.0,-5.0,1065.0,13.9,2.65,5.9,88,71,19560.0,1,0.501
2026-03-18T11:00,0.0,0.0,0.0,0.0,0.0,0.0,1,0.0,-2.0,435.0,12.4,2.2,5.7,91,23,18420.0,0,0.5
2026-03-18T12:00,0.0,0.0,0.0,0.0,0.0,0.0,1,0.0,0.0,45.0,10.5,0.99,4.8,120,45,17100.0,0,0.489
2026-03-18T13:00,0.0,0.0,0.0,0.0,0.0,0.0,1,0.0,-1.0,20.0,9.6,0.62,2.4,104,39,17100.0,0,0.489
2026-03-18T14:00,0.0,0.0,0.0,0.0,0.0,0.0,2,0.0,-1.0,30.0,8.7,0.98,2.5,75,75,13380.0,0,0.488
2026-03-18T15:00,0.0,0.0,0.0,0.0,0.0,0.0,3,20.0,19.0,20.0,8.6,0.55,2.5,90,100,13460.0,0,0.488
2026-03-18T16:00,0.0,0.0,0.0,0.0,0.0,0.0,3,0.0,19.0,35.0,9.7,0.45,1.6,96,100,13520.0,0,0.487
2026-03-18T17:00,0.0,0.0,0.0,0.0,0.0,0.0,3,40.0,23.0,50.0,9.8,0.63,1.8,29,100,15000.0,0,0.487
2026-03-18T18:00,0.0,0.0,0.0,0.0,0.0,0.0,3,0.0,38.0,45.0,10.3,0.65,2.0,90,100,5560.0,0,0.487
2026-03-18T19:00,0.2,0.2,0.0,0.0,0.0,0.0,51,20.0,4.0,165.0,10.1,1.18,3.1,54,100,7180.0,0,0.488
2026-03-18T20:00,0.3,0.1,0.2,0.0,0.0,0.0,51,40.0,6.0,95.0,10.2,0.72,2.8,56,100,6420.0,0,0.491
2026-03-18T21:00,0.1,0.1,0.0,0.0,0.0,0.0,51,0.0,55.0,175.0,9.9,0.8,2.7,4,80,7280.0,0,0.492
2026-03-18T22:00,0.0,0.0,0.0,0.0,0.0,0.0,2,0.0,6.0,250.0,9.4,1.49,3.2,40,68,13320.0,0,0.492
2026-03-18T23:00,0.0,0.0,0.0,0.0,0.0,0.0,3,140.0,0.0,250.0,9.2,1.38,3.6,71,99,13140.0,1,0.491
2026-03-19T00:00,0.0,0.0,0.0,0.0,0.0,0.0,3,10.0,42.0,290.0,9.4,0.76,3.1,98,98,10100.0,1,0.491
2026-03-19T01:00,0.0,0.0,0.0,0.0,0.0,0.0,3,0.0,45.0,455.0,10.1,0.63,3.2,119,98,14740.0,1,0.491
2026-03-19T02:00,0.0,0.0,0.0,0.0,0.0,0.0,3,10.0,85.0,740.0,12.0,2.41,5.6,69,99,18400.0,1,0.49
2026-03-19T03:00,0.0,0.0,0.0,0.0,0.0,0.0,3,0.0,152.0,835.0,12.8,2.5,5.9,74,100,18400.0,1,0.489
2026-03-19T04:00,0.0,0.0,0.0,0.0,0.0,0.0,3,0.0,39.0,935.0,13.7,2.2,5.9,60,100,18400.0,1,0.488
2026-03-19T05:00,0.0,0.0,0.0,0.0,0.0,0.0,3,50.0,175.0,1005.0,15.0,1.64,5.7,59,100,7160.0,1,0.486
2026-03-19T06:00,0.1,0.1,0.0,0.0,0.0,0.0,51,40.0,283.0,870.0,13.3,1.96,5.2,71,100,18400.0,1,0.508
2026-03-19T07:00,0.0,0.0,0.0,0.0,0.0,0.0,3,10.0,108.0,890.0,13.8,2.42,5.6,60,100,9280.0,1,0.504
2026-03-19T08:00,0.2,0.2,0.0,0.0,0.0,0.0,51,10.0,213.0,795.0,13.4,2.65,6.1,79,100,9320.0,1,0.503
2026-03-19T09:00,0.0,0.0,0.0,0.0,0.0,0.0,3,0.0,122.0,645.0,12.8,2.72,6.2,84,100,17080.0,1,0.501
2026-03-19T10:00,0.0,0.0,0.0,0.0,0.0,0.0,3,120.0,233.0,635.0,12.8,2.66,6.7,86,100,7280.0,1,0.499
2026-03-19T11:00,0.2,0.2,0.0,0.0,0.0,0.0,51,30.0,317.0,500.0,12.1,1.61,6.0,60,100,8000.0,0,0.499
2026-03-19T12:00,0.1,0.1,0.0,0.0,0.0,0.0,51,220.0,0.0,325.0,10.6,1.31,3.4,50,100,9440.0,0,0.489
2026-03-19T13:00,0.1,0.1,0.0,0.0,0.0,0.0,51,110.0,0.0,235.0,10.4,1.16,2.8,65,100,7360.0,0,0.489
2026-03-19T14:00,0.1,0.1,0.0,0.0,0.0,0.0,51,190.0,0.0,335.0,10.4,1.08,2.5,56,100,4240.0,0,0.49
2026-03-19T15:00,0.6,0.6,0.0,0.0,0.0,0.0,53,330.0,0.0,390.0,10.2,1.07,2.8,62,100,3300.0,0,0.496
2026-03-19T16:00,0.7,0.7,0.0,0.0,0.0,0.0,53,360.0,0.0,450.0,10.1,1.52,3.6,49,100,3880.0,0,0.503
2026-03-19T17:00,0.5,0.5,0.0,0.0,0.0,0.0,53,440.0,0.0,425.0,9.9,1.52,4.0,49,100,3160.0,0,0.507
2026-03-19T18:00,1.2,1.2,0.0,0.0,0.0,0.0,55,50.0,63.0,370.0,10.1,1.59,3.8,46,100,3660.0,0,0.515
2026-03-19T19:00,3.0,0.6,2.4,0.0,0.0,0.0,81,30.0,47.0,290.0,10.0,0.96,3.7,51,100,4300.0,0,0.507
2026-03-19T20:00,1.3,0.3,1.0,0.0,0.0,0.0,80,10.0,16.0,85.0,10.0,0.65,2.5,302,100,5000.0,0,0.506
2026-03-19T21:00,0.3,0.3,0.0,0.0,0.0,0.0,51,140.0,0.0,40.0,10.1,0.43,2.5,54,99,6180.0,0,0.506
2026-03-19T22:00,0.1,0.1,0.0,0.0,0.0,0.0,51,10.0,5.0,20.0,10.1,0.29,2.1,121,100,6040.0,0,0.505
2026-03-19T23:00,0.9,0.5,0.4,0.0,0.0,0.0,53,10.0,6.0,20.0,10.2,0.21,1.2,104,100,3400.0,1,0.505
2026-03-20T00:00,0.4,0.4,0.0,0.0,0.0,0.0,51,0.0,0.0,55.0,9.9,0.54,1.8,158,100,6300.0,1,0.504
2026-03-20T01:00,0.0,0.0,0.0,0.0,0.0,0.0,3,0.0,27.0,145.0,10.7,0.6,2.3,156,100,8680.0,1,0.503
2026-03-20T02:00,0.0,0.0,0.0,0.0,0.0,0.0,3,0.0,28.0,355.0,11.8,0.67,2.8,117,100,13760.0,1,0.501
2026-03-20T03:00,0.0,0.0,0.0,0.0,0.0,0.0,3,0.0,29.0,645.0,13.1,0.76,3.4,67,100,17080.0,1,0.5
2026-03-20T04:00,0.1,0.0,0.1,0.0,0.0,0.0,51,10.0,29.0,900.0,14.4,1.1,3.7,3,100,18380.0,1,0.499
2026-03-20T05:00,0.0,0.0,0.0,0.0,0.0,0.0,3,0.0,29.0,1080.0,15.3,1.5,4.2,360,100,18380.0,1,0.497
2026-03-20T06:00,0.0,0.0,0.0,0.0,0.0,0.0,3,10.0,83.0,1100.0,14.9,1.2,4.3,45,100,18360.0,1,0.496
2026-03-20T07:00,0.0,0.0,0.0,0.0,0.0,0.0,3,0.0,10.0,1095.0,15.0,1.32,3.5,79,100,18360.0,1,0.494
2026-03-20T08:00,0.0,0.0,0.0,0.0,0.0,0.0,3,0.0,11.0,835.0,15.2,2.06,4.8,113,100,18360.0,1,0.493
2026-03-20T09:00,0.0,0.0,0.0,0.0,0.0,0.0,3,0.0,132.0,645.0,14.7,2.74,6.1,111,100,18360.0,1,0.492
2026-03-20T10:00,0.0,0.0,0.0,0.0,0.0,0.0,3,0.0,67.0,570.0,13.9,2.64,6.0,105,100,18360.0,1,0.491
2026-03-20T11:00,0.0,0.0,0.0,0.0,0.0,0.0,2,0.0,76.0,435.0,13.0,1.87,5.6,98,72,18360.0,0,0.49
2026-03-20T12:00,0.0,0.0,0.0,0.0,0.0,0.0,3,0.0,83.0,395.0,12.7,1.45,4.1,92,100,17060.0,0,0.49
2026-03-20T13:00,0.0,0.0,0.0,0.0,0.0,0.0,3,0.0,89.0,70.0,11.7,1.01,3.2,99,97,16920.0,0,0.489
2026-03-20T14:00,0.0,0.0,0.0,0.0,0.0,0.0,1,0.0,92.0,30.0,10.3,0.84,2.2,107,29,14980.0,0,0.489
2026-03-20T15:00,0.0,0.0,0.0,0.0,0.0,0.0,3,0.0,92.0,25.0,9.1,0.85,2.0,93,80,13540.0,0,0.488
2026-03-20T16:00,0.0,0.0,0.0,0.0,0.0,0.0,2,0.0,35.0,35.0,8.8,1.05,2.5,85,70,11760.0,0,0.488
2026-03-20T17:00,0.0,0.0,0.0,0.0,0.0,0.0,3,0.0,22.0,25.0,8.6,0.89,2.5,117,85,8300.0,0,0.488
2026-03-20T18:00,0.0,0.0,0.0,0.0,0.0,0.0,3,0.0,20.0,20.0,9.3,0.7,2.1,90,100,8300.0,0,0.487
2026-03-20T19:00,0.0,0.0,0.0,0.0,0.0,0.0,1,0.0,13.0,30.0,9.9,1.11,2.5,98,20,8220.0,0,0.487
2026-03-20T20:00,0.0,0.0,0.0,0.0,0.0,0.0,0,0.0,7.0,15.0,8.5,0.36,2.2,124,10,8260.0,0,0.487
2026-03-20T21:00,0.0,0.0,0.0,0.0,0.0,0.0,0,0.0,64.0,15.0,8.1,0.21,0.9,104,18,8300.0,0,0.486
2026-03-20T22:00,0.0,0.0,0.0,0.0,0.0,0.0,2,0.0,0.0,10.0,8.0,0.15,0.7,90,77,8300.0,0,0.486
2026-03-20T23:00,0.0,0.0,0.0,0.0,0.0,0.0,1,0.0,0.0,10.0,8.1,0.05,0.4,90,31,1780.0,1,0.486
2026-03-21T00:00,0.0,0.0,0.0,0.0,0.0,0.0,3,20.0,19.0,95.0,9.4,0.25,1.7,11,100,8420.0,1,0.504
2026-03-21T01:00,0.0,0.0,0.0,0.0,0.0,0.0,3,10.0,34.0,195.0,11.0,0.18,2.1,34,99,9300.0,1,0.502
2026-03-21T02:00,0.0,0.0,0.0,0.0,0.0,0.0,2,10.0,34.0,500.0,12.4,0.55,2.7,90,74,17060.0,1,0.5
2026-03-21T03:00,0.0,0.0,0.0,0.0,0.0,0.0,3,10.0,20.0,870.0,14.8,1.0,4.1,87,100,18340.0,1,0.498
2026-03-21T04:00,0.0,0.0,0.0,0.0,0.0,0.0,3,10.0,26.0,900.0,15.2,0.65,4.1,94,100,18340.0,1,0.496
2026-03-21T05:00,0.0,0.0,0.0,0.0,0.0,0.0,3,10.0,3.0,1030.0,16.8,0.2,3.1,180,100,19440.0,1,0.494
2026-03-21T06:00,0.0,0.0,0.0,0.0,0.0,0.0,3,0.0,25.0,930.0,15.6,1.0,2.8,84,100,18340.0,1,0.522
2026-03-21T07:00,0.0,0.0,0.0,0.0,0.0,0.0,3,0.0,30.0,1100.0,17.4,1.32,4.2,115,100,19440.0,1,0.501
2026-03-21T08:00,0.0,0.0,0.0,0.0,0.0,0.0,3,0.0,79.0,1130.0,17.9,1.49,4.4,138,100,19440.0,1,0.499
2026-03-21T09:00,0.0,0.0,0.0,0.0,0.0,0.0,3,0.0,44.0,1120.0,18.1,1.45,4.2,139,91,19440.0,1,0.497
2026-03-21T10:00,0.0,0.0,0.0,0.0,0.0,0.0,3,0.0,68.0,900.0,17.4,0.86,3.6,126,100,18340.0,1,0.496
2026-03-21T11:00,0.0,0.0,0.0,0.0,0.0,0.0,3,0.0,93.0,195.0,16.1,1.23,2.6,102,100,18340.0,0,0.495
2026-03-21T12:00,0.0,0.0,0.0,0.0,0.0,0.0,3,20.0,8.0,80.0,13.2,0.64,3.3,45,100,17060.0,0,0.477
2026-03-21T13:00,0.0,0.0,0.0,0.0,0.0,0.0,3,0.0,21.0,125.0,12.8,1.27,2.3,79,100,15000.0,0,0.477
2026-03-21T14:00,0.0,0.0,0.0,0.0,0.0,0.0,3,120.0,17.0,145.0,12.6,1.06,3.0,71,100,15000.0,0,0.477
2026-03-21T15:00,0.0,0.0,0.0,0.0,0.0,0.0,3,170.0,8.0,95.0,12.4,0.6,2.1,95,100,14720.0,0,0.477
2026-03-21T16:00,0.0,0.0,0.0,0.0,0.0,0.0,3,120.0,38.0,20.0,12.3,0.25,1.5,191,100,6520.0,0,0.477
2026-03-21T17:00,0.1,0.1,0.0,0.0,0.0,0.0,51,130.0,42.0,30.0,12.0,0.65,1.8,180,100,7420.0,0,0.478
2026-03-21T18:00,0.1,0.1,0.0,0.0,0.0,0.0,51,40.0,87.0,50.0,12.1,0.97,2.0,192,100,4940.0,0,0.479
2026-03-21T19:00,0.3,0.3,0.0,0.0,0.0,0.0,51,70.0,0.0,40.0,11.8,0.65,2.3,238,100,4720.0,0,0.481
2026-03-21T20:00,0.1,0.1,0.0,0.0,0.0,0.0,51,30.0,2.0,35.0,11.8,0.41,1.9,194,83,7640.0,0,0.482
2026-03-21T21:00,0.0,0.0,0.0,0.0,0.0,0.0,3,10.0,48.0,40.0,11.3,0.82,2.0,194,100,4040.0,0,0.482
2026-03-21T22:00,0.3,0.3,0.0,0.0,0.0,0.0,51,30.0,36.0,35.0,11.6,0.62,2.4,166,100,4600.0,0,0.486
2026-03-21T23:00,0.1,0.1,0.0,0.0,0.0,0.0,51,0.0,0.0,35.0,11.6,0.49,1.6,156,100,8180.0,1,0.486
2026-03-22T00:00,0.0,0.0,0.0,0.0,0.0,0.0,3,30.0,44.0,75.0,11.4,0.86,2.0,216,100,5100.0,1,0.51
2026-03-22T01:00,0.1,0.1,0.0,0.0,0.0,0.0,51,10.0,16.0,95.0,12.1,0.51,2.3,281,100,6580.0,1,0.506
2026-03-22T02:00,0.0,0.0,0.0,0.0,0.0,0.0,3,10.0,13.0,185.0,12.7,0.67,2.6,283,100,7420.0,1,0.503
2026-03-22T03:00,0.1,0.1,0.0,0.0,0.0,0.0,51,10.0,37.0,270.0,13.7,0.4,2.8,240,100,10100.0,1,0.501
2026-03-22T04:00,0.0,0.0,0.0,0.0,0.0,0.0,3,10.0,0.0,345.0,15.0,0.65,3.2,148,98,15000.0,1,0.499
2026-03-22T05:00,0.0,0.0,0.0,0.0,0.0,0.0,2,0.0,14.0,515.0,17.1,1.11,4.4,108,71,17040.0,1,0.496
2026-03-22T06:00,0.0,0.0,0.0,0.0,0.0,0.0,3,0.0,8.0,915.0,18.8,1.14,4.8,128,100,18320.0,1,0.517
2026-03-22T07:00,0.0,0.0,0.0,0.0,0.0,0.0,3,0.0,16.0,990.0,19.8,1.25,4.5,113,100,18320.0,1,0.508
2026-03-22T08:00,0.0,0.0,0.0,0.0,0.0,0.0,3,10.0,17.0,1075.0,20.3,1.95,5.1,119,100,18320.0,1,0.503
2026-03-22T09:00,0.0,0.0,0.0,0.0,0.0,0.0,3,10.0,20.0,885.0,19.0,3.12,6.9,106,100,18320.0,1,0.5
2026-03-22T10:00,0.0,0.0,0.0,0.0,0.0,0.0,3,0.0,0.0,435.0,17.2,3.08,7.2,97,100,17040.0,1,0.498
2026-03-22T11:00,0.1,0.1,0.0,0.0,0.0,0.0,51,20.0,42.0,220.0,15.7,2.5,6.6,78,100,7080.0,0,0.498
2026-03-22T12:00,0.2,0.2,0.0,0.0,0.0,0.0,51,60.0,27.0,170.0,13.9,2.01,5.0,71,100,4260.0,0,0.5
2026-03-22T13:00,0.1,0.1,0.0,0.0,0.0,0.0,51,50.0,85.0,155.0,13.7,1.73,3.9,68,100,6060.0,0,0.499
2026-03-22T14:00,0.0,0.0,0.0,0.0,0.0,0.0,3,50.0,113.0,185.0,13.5,1.79,3.7,67,100,6980.0,0,0.498
2026-03-22T15:00,0.0,0.0,0.0,0.0,0.0,0.0,3,120.0,106.0,150.0,13.4,1.15,3.4,88,100,6300.0,0,0.497
2026-03-22T16:00,0.2,0.2,0.0,0.0,0.0,0.0,51,150.0,70.0,120.0,13.3,1.21,2.7,97,100,3760.0,0,0.498
2026-03-22T17:00,0.4,0.4,0.0,0.0,0.0,0.0,51,170.0,23.0,75.0,13.3,0.98,2.5,105,100,4280.0,0,0.5
2026-03-22T18:00,0.3,0.3,0.0,0.0,0.0,0.0,51,190.0,2.0,40.0,13.3,0.45,2.4,90,100,3280.0,0,0.5
2026-03-22T19:00,4.4,0.6,3.8,0.0,0.0,0.0,81,0.0,0.0,40.0,13.3,0.51,2.7,151,100,3620.0,0,0.515
2026-03-22T20:00,8.5,0.6,7.9,0.0,0.0,0.0,82,120.0,0.0,370.0,13.0,1.39,2.7,75,100,3960.0,0,0.51
2026-03-22T21:00,0.2,0.2,0.0,0.0,0.0,0.0,51,260.0,0.0,310.0,12.7,1.39,3.5,52,100,5440.0,0,0.508
2026-03-22T22:00,1.0,0.4,0.6,0.0,0.0,0.0,55,360.0,0.0,330.0,12.5,1.44,3.2,56,100,5600.0,0,0.507
2026-03-22T23:00,0.5,0.5,0.0,0.0,0.0,0.0,53,260.0,0.0,320.0,12.7,0.65,3.3,356,100,3480.0,1,0.506
2026-03-23T00:00,0.3,0.3,0.0,0.0,0.0,0.0,51,130.0,0.0,235.0,12.9,0.89,4.0,128,100,6000.0,1,0.512
2026-03-23T01:00,0.1,0.1,0.0,0.0,0.0,0.0,51,200.0,0.0,430.0,13.6,2.3,5.0,56,100,5000.0,1,0.503
2026-03-23T02:00,3.0,0.7,2.3,0.0,0.0,0.0,81,130.0,11.0,445.0,14.0,2.54,5.4,54,100,3360.0,1,0.504
2026-03-23T03:00,0.7,0.7,0.0,0.0,0.0,0.0,53,210.0,1.0,465.0,14.2,2.84,5.9,49,100,3580.0,1,0.504
2026-03-23T04:00,7.8,1.1,6.7,0.0,0.0,0.0,82,150.0,0.0,395.0,14.6,1.86,5.7,96,100,2180.0,1,0.504
2026-03-23T05:00,2.0,1.7,0.3,0.0,0.0,0.0,80,0.0,0.0,405.0,14.5,2.05,5.1,91,100,3060.0,1,0.504
2026-03-23T06:00,1.9,0.9,1.0,0.0,0.0,0.0,80,130.0,0.0,335.0,14.2,2.6,5.5,91,100,4060.0,1,0.518
2026-03-23T07:00,0.3,0.3,0.0,0.0,0.0,0.0,51,0.0,3.0,365.0,15.0,2.6,6.0,92,100,7740.0,1,0.503
2026-03-23T08:00,0.0,0.0,0.0,0.0,0.0,0.0,3,0.0,2.0,570.0,15.9,3.08,6.7,73,100,12000.0,1,0.501
2026-03-23T09:00,0.0,0.0,0.0,0.0,0.0,0.0,3,60.0,71.0,570.0,16.0,3.1,6.8,69,100,10260.0,1,0.5
2026-03-23T10:00,0.2,0.1,0.1,0.0,0.0,0.0,51,130.0,2.0,560.0,15.4,2.26,6.7,59,100,5860.0,1,0.5
2026-03-23T11:00,0.7,0.2,0.5,0.0,0.0,0.0,53,0.0,32.0,440.0,14.7,2.11,5.0,54,100,4860.0,0,0.504
2026-03-23T12:00,1.7,0.3,1.4,0.0,0.0,0.0,80,0.0,12.0,165.0,14.5,1.57,4.7,112,100,4200.0,0,0.504
2026-03-23T13:00,0.4,0.4,0.0,0.0,0.0,0.0,51,200.0,0.0,255.0,13.6,1.41,3.6,67,100,4260.0,0,0.504
2026-03-23T14:00,0.4,0.4,0.0,0.0,0.0,0.0,51,170.0,22.0,385.0,13.7,1.94,4.4,55,100,4380.0,0,0.504
2026-03-23T15:00,0.1,0.1,0.0,0.0,0.0,0.0,51,190.0,27.0,410.0,13.6,2.41,5.3,47,100,7740.0,0,0.503
2026-03-23T16:00,0.1,0.1,0.0,0.0,0.0,0.0,51,300.0,8.0,430.0,13.5,2.06,5.7,39,100,5020.0,0,0.503
2026-03-23T17:00,1.9,0.3,1.6,0.0,0.0,0.0,80,230.0,2.0,415.0,13.4,1.61,4.7,36,100,3860.0,0,0.504
2026-03-23T18:00,0.6,0.3,0.3,0.0,0.0,0.0,53,160.0,0.0,410.0,13.3,1.98,4.8,49,100,2760.0,0,0.503
2026-03-23T19:00,0.6,0.5,0.1,0.0,0.0,0.0,53,0.0,8.0,390.0,13.1,1.59,5.0,24,70,7220.0,0,0.503
2026-03-23T20:00,0.0,0.0,0.0,0.0,0.0,0.0,3,0.0,1.0,375.0,12.5,1.57,3.7,53,98,8980.0,0,0.502
2026-03-23T21:00,0.0,0.0,0.0,0.0,0.0,0.0,3,0.0,4.0,330.0,12.7,1.68,4.2,53,97,10820.0,0,0.501
2026-03-23T22:00,0.0,0.0,0.0,0.0,0.0,0.0,3,0.0,16.0,275.0,12.5,1.45,3.9,46,100,11420.0,0,0.5
2026-03-23T23:00,0.0,0.0,0.0,0.0,0.0,0.0,3,0.0,19.0,75.0,12.5,0.82,3.3,52,100,11600.0,1,0.498
2026-03-24T00:00,0.0,0.0,0.0,0.0,0.0,0.0,3,0.0,15.0,260.0,13.5,1.36,2.4,82,100,9640.0,1,0.499
2026-03-24T01:00,0.0,0.0,0.0,0.0,0.0,0.0,3,0.0,15.0,385.0,14.3,1.64,3.6,59,100,9900.0,1,0.498
2026-03-24T02:00,0.0,0.0,0.0,0.0,0.0,0.0,3,0.0,16.0,465.0,15.5,3.05,6.7,60,100,15000.0,1,0.497
2026-03-24T03:00,0.0,0.0,0.0,0.0,0.0,0.0,3,0.0,17.0,560.0,16.0,2.39,6.8,61,100,17020.0,1,0.496
2026-03-24T04:00,0.0,0.0,0.0,0.0,0.0,0.0,3,0.0,17.0,610.0,16.6,2.17,5.6,67,100,17020.0,1,0.494
2026-03-24T05:00,0.0,0.0,0.0,0.0,0.0,0.0,3,0.0,50.0,775.0,18.0,2.22,5.8,59,100,18260.0,1,0.493
2026-03-24T06:00,0.0,0.0,0.0,0.0,0.0,0.0,2,0.0,51.0,890.0,18.0,1.8,6.0,77,60,18260.0,1,0.521
2026-03-24T07:00,0.0,0.0,0.0,0.0,0.0,0.0,2,0.0,97.0,1035.0,19.2,1.12,5.1,69,78,18260.0,1,0.491
2026-03-24T08:00,0.0,0.0,0.0,0.0,0.0,0.0,2,0.0,115.0,1045.0,19.6,0.95,4.2,72,63,19340.0,1,0.49
2026-03-24T09:00,0.0,0.0,0.0,0.0,0.0,0.0,2,0.0,125.0,1115.0,20.0,1.08,3.6,56,59,19340.0,1,0.489
2026-03-24T10:00,0.0,0.0,0.0,0.0,0.0,0.0,1,0.0,6.0,755.0,19.5,1.41,3.4,67,23,19340.0,1,0.488
2026-03-24T11:00,0.0,0.0,0.0,0.0,0.0,0.0,1,0.0,11.0,205.0,17.2,2.42,4.6,83,23,18260.0,0,0.488
2026-03-24T12:00,0.0,0.0,0.0,0.0,0.0,0.0,0,0.0,16.0,125.0,15.5,1.8,5.3,88,4,16520.0,0,0.485
2026-03-24T13:00,0.0,0.0,0.0,0.0,0.0,0.0,0,0.0,37.0,70.0,13.6,1.95,4.3,103,3,13480.0,0,0.484
2026-03-24T14:00,0.0,0.0,0.0,0.0,0.0,0.0,1,0.0,31.0,30.0,12.2,1.14,4.1,113,25,11820.0,0,0.484
2026-03-24T15:00,0.0,0.0,0.0,0.0,0.0,0.0,0,0.0,53.0,35.0,11.8,1.49,2.9,76,3,8380.0,0,0.484
2026-03-24T16:00,0.0,0.0,0.0,0.0,0.0,0.0,0,0.0,5.0,35.0,11.3,1.02,3.7,101,1,11820.0,0,0.484
2026-03-24T17:00,0.0,0.0,0.0,0.0,0.0,0.0,0,0.0,6.0,25.0,10.9,0.73,2.2,106,0,11840.0,0,0.484
2026-03-24T18:00,0.0,0.0,0.0,0.0,0.0,0.0,1,0.0,11.0,25.0,11.7,0.68,1.9,126,36,11820.0,0,0.484
2026-03-24T19:00,0.0,0.0,0.0,0.0,0.0,0.0,2,0.0,2.0,25.0,11.7,0.59,1.9,110,51,11820.0,0,0.483
2026-03-24T20:00,0.0,0.0,0.0,0.0,0.0,0.0,3,0.0,17.0,25.0,11.6,0.43,1.6,111,93,11720.0,0,0.483
2026-03-24T21:00,0.0,0.0,0.0,0.0,0.0,0.0,3,0.0,4.0,15.0,11.6,0.22,1.8,153,80,11780.0,0,0.483
2026-03-24T22:00,0.0,0.0,0.0,0.0,0.0,0.0,3,130.0,0.0,20.0,11.5,0.32,1.2,198,100,11780.0,0,0.483
2026-03-24T23:00,0.0,0.0,0.0,0.0,0.0,0.0,3,170.0,0.0,25.0,12.5,0.47,1.4,122,100,7220.0,1,0.483
2026-03-25T00:00,0.0,0.0,0.0,0.0,0.0,0.0,3,0.0,0.0,40.0,12.8,0.51,3.1,299,100,5540.0,1,0.51
2026-03-25T01:00,1.2,0.1,1.1,0.0,0.0,0.0,55,0.0,8.0,215.0,13.7,0.86,2.6,10,100,8620.0,1,0.511
2026-03-25T02:00,0.0,0.0,0.0,0.0,0.0,0.0,3,0.0,11.0,415.0,15.5,1.19,3.7,68,99,12120.0,1,0.507
2026-03-25T03:00,0.0,0.0,0.0,0.0,0.0,0.0,3,0.0,5.0,655.0,17.0,1.26,4.0,72,93,17000.0,1,0.504
2026-03-25T04:00,0.0,0.0,0.0,0.0,0.0,0.0,3,170.0,18.0,825.0,18.5,1.96,5.3,86,100,18240.0,1,0.501
2026-03-25T05:00,0.0,0.0,0.0,0.0,0.0,0.0,3,300.0,23.0,925.0,19.8,2.12,6.0,109,99,18240.0,1,0.499
2026-03-25T06:00,0.0,0.0,0.0,0.0,0.0,0.0,3,400.0,6.0,785.0,18.1,1.86,6.0,117,100,18240.0,1,0.54
2026-03-25T07:00,0.0,0.0,0.0,0.0,0.0,0.0,3,530.0,15.0,645.0,17.6,1.87,4.8,98,100,17000.0,1,0.493
2026-03-25T08:00,0.0,0.0,0.0,0.0,0.0,0.0,3,570.0,34.0,635.0,17.7,2.35,5.6,91,100,17000.0,1,0.492
2026-03-25T09:00,0.0,0.0,0.0,0.0,0.0,0.0,3,600.0,24.0,495.0,18.0,2.45,6.0,70,100,17000.0,1,0.491
2026-03-25T10:00,0.0,0.0,0.0,0.0,0.0,0.0,3,680.0,10.0,335.0,17.3,2.43,5.6,58,100,10980.0,1,0.49
2026-03-25T11:00,0.1,0.1,0.0,0.0,0.0,0.0,51,520.0,25.0,240.0,16.4,2.19,5.1,63,100,7260.0,0,0.49
2026-03-25T12:00,0.1,0.1,0.0,0.0,0.0,0.0,51,590.0,2.0,365.0,15.1,2.49,4.4,80,100,8040.0,0,0.491
2026-03-25T13:00,0.1,0.1,0.0,0.0,0.0,0.0,51,700.0,1.0,365.0,14.6,1.71,5.1,83,100,4580.0,0,0.491
2026-03-25T14:00,0.7,0.7,0.0,0.0,0.0,0.0,53,680.0,0.0,365.0,13.9,1.82,4.0,69,100,3240.0,0,0.496
2026-03-25T15:00,0.8,0.6,0.2,0.0,0.0,0.0,53,440.0,9.0,255.0,13.7,1.66,3.8,85,98,5880.0,0,0.505
2026-03-25T16:00,0.1,0.1,0.0,0.0,0.0,0.0,51,210.0,30.0,290.0,13.4,0.88,3.5,43,100,8780.0,0,0.503
2026-03-25T17:00,0.6,0.1,0.5,0.0,0.0,0.0,53,400.0,8.0,290.0,13.5,1.1,2.3,51,100,4000.0,0,0.508
2026-03-25T18:00,4.7,0.4,4.3,0.0,0.0,0.0,81,0.0,5.0,270.0,13.9,1.52,4.2,67,98,4280.0,0,0.512
2026-03-25T19:00,0.7,0.2,0.5,0.0,0.0,0.0,53,0.0,6.0,180.0,13.4,1.1,3.5,85,83,6680.0,0,0.509
2026-03-25T20:00,1.4,0.1,1.3,0.0,0.0,0.0,80,150.0,0.0,65.0,13.1,0.8,2.6,94,99,6740.0,0,0.507
2026-03-25T21:00,0.2,0.1,0.1,0.0,0.0,0.0,51,0.0,1.0,60.0,13.1,0.9,2.0,109,91,6960.0,0,0.506
2026-03-25T22:00,0.0,0.0,0.0,0.0,0.0,0.0,2,0.0,14.0,40.0,12.6,0.74,1.9,152,58,10040.0,0,0.504
2026-03-25T23:00,0.0,0.0,0.0,0.0,0.0,0.0,3,60.0,6.0,40.0,12.3,1.08,1.9,167,98,7940.0,1,0.502
2026-03-26T00:00,0.0,0.0,0.0,0.0,0.0,0.0,3,0.0,9.0,55.0,13.1,0.25,2.6,180,91,6600.0,1,0.509
2026-03-26T01:00,0.1,0.1,0.0,0.0,0.0,0.0,51,0.0,3.0,215.0,14.3,0.92,3.1,112,100,10280.0,1,0.503
2026-03-26T02:00,0.1,0.0,0.1,0.0,0.0,0.0,51,10.0,53.0,385.0,15.6,0.87,4.1,121,99,13100.0,1,0.502
2026-03-26T03:00,0.0,0.0,0.0,0.0,0.0,0.0,3,0.0,54.0,535.0,16.5,0.2,3.7,90,100,16880.0,1,0.5
2026-03-26T04:00,0.0,0.0,0.0,0.0,0.0,0.0,3,0.0,21.0,695.0,17.5,0.61,3.1,305,100,16980.0,1,0.498
2026-03-26T05:00,0.0,0.0,0.0,0.0,0.0,0.0,3,0.0,72.0,725.0,18.4,0.82,3.4,218,95,18220.0,1,0.496
2026-03-26T06:00,0.0,0.0,0.0,0.0,0.0,0.0,2,0.0,47.0,600.0,18.2,1.6,5.3,184,55,18220.0,1,0.509
2026-03-26T07:00,0.0,0.0,0.0,0.0,0.0,0.0,1,0.0,132.0,805.0,20.7,1.02,5.4,191,40,18220.0,1,0.504
2026-03-26T08:00,0.0,0.0,0.0,0.0,0.0,0.0,1,0.0,-2.0,805.0,21.5,1.25,4.5,182,45,19260.0,1,0.501
2026-03-26T09:00,0.0,0.0,0.0,0.0,0.0,0.0,1,0.0,0.0,740.0,22.0,1.33,4.3,146,44,19260.0,1,0.499
2026-03-26T10:00,0.0,0.0,0.0,0.0,0.0,0.0,1,0.0,3.0,370.0,21.0,1.64,3.8,78,35,19260.0,1,0.497
2026-03-26T11:00,0.0,0.0,0.0,0.0,0.0,0.0,2,0.0,8.0,160.0,18.2,2.77,5.5,77,54,16980.0,0,0.496
2026-03-26T12:00,0.0,0.0,0.0,0.0,0.0,0.0,3,0.0,10.0,235.0,18.1,2.4,5.5,91,100,16980.0,0,0.483
2026-03-26T13:00,0.0,0.0,0.0,0.0,0.0,0.0,2,0.0,7.0,200.0,17.0,2.57,5.2,83,53,14820.0,0,0.483
2026-03-26T14:00,0.0,0.0,0.0,0.0,0.0,0.0,0,0.0,3.0,115.0,15.8,2.0,5.3,91,13,13440.0,0,0.482
2026-03-26T15:00,0.0,0.0,0.0,0.0,0.0,0.0,0,0.0,1.0,25.0,14.1,0.76,4.3,101,10,11860.0,0,0.482
2026-03-26T16:00,0.0,0.0,0.0,0.0,0.0,0.0,0,0.0,6.0,20.0,13.3,0.51,2.0,119,2,11860.0,0,0.482
2026-03-26T17:00,0.0,0.0,0.0,0.0,0.0,0.0,0,0.0,14.0,10.0,13.0,0.07,1.8,225,11,8440.0,0,0.482
2026-03-26T18:00,0.0,0.0,0.0,0.0,0.0,0.0,0,0.0,61.0,20.0,13.3,0.32,1.4,51,5,11860.0,0,0.482
2026-03-26T19:00,0.0,0.0,0.0,0.0,0.0,0.0,1,0.0,-3.0,55.0,13.0,1.01,2.5,70,41,11860.0,0,0.482
2026-03-26T20:00,0.0,0.0,0.0,0.0,0.0,0.0,3,0.0,19.0,210.0,13.6,1.52,3.7,73,98,11860.0,0,0.482
2026-03-26T21:00,0.1,0.0,0.1,0.0,0.0,0.0,51,0.0,28.0,305.0,14.5,1.79,4.1,72,68,8660.0,0,0.482
2026-03-26T22:00,0.7,0.1,0.6,0.0,0.0,0.0,53,0.0,2.0,270.0,13.7,1.06,4.3,45,87,8980.0,0,0.489
2026-03-26T23:00,0.0,0.0,0.0,0.0,0.0,0.0,3,80.0,5.0,260.0,13.9,1.4,3.2,92,100,12800.0,1,0.488
2026-03-27T00:00,0.0,0.0,0.0,0.0,0.0,0.0,3,10.0,20.0,20.0,14.4,0.21,4.1,194,100,7580.0,1,0.504
2026-03-27T01:00,0.1,0.1,0.0,0.0,0.0,0.0,51,30.0,49.0,220.0,14.9,0.55,2.3,95,100,5660.0,1,0.503
2026-03-27T02:00,0.1,0.1,0.0,0.0,0.0,0.0,51,20.0,26.0,415.0,15.6,1.88,4.5,73,100,8900.0,1,0.502
2026-03-27T03:00,0.0,0.0,0.0,0.0,0.0,0.0,3,0.0,19.0,550.0,16.7,3.34,7.5,60,100,11580.0,1,0.5
2026-03-27T04:00,0.0,0.0,0.0,0.0,0.0,0.0,3,0.0,28.0,615.0,17.1,3.21,7.7,59,87,16780.0,1,0.499
2026-03-27T05:00,0.0,0.0,0.0,0.0,0.0,0.0,2,0.0,13.0,860.0,19.3,3.5,8.5,68,75,18200.0,1,0.496
2026-03-27T06:00,0.0,0.0,0.0,0.0,0.0,0.0,3,0.0,6.0,805.0,17.7,3.07,8.6,66,98,16980.0,1,0.542
2026-03-27T07:00,0.0,0.0,0.0,0.0,0.0,0.0,3,10.0,41.0,890.0,18.8,3.24,7.8,70,100,18200.0,1,0.496
2026-03-27T08:00,0.0,0.0,0.0,0.0,0.0,0.0,3,20.0,40.0,690.0,17.7,2.89,7.8,72,99,10140.0,1,0.495
2026-03-27T09:00,0.0,0.0,0.0,0.0,0.0,0.0,2,0.0,33.0,680.0,17.8,2.68,6.6,63,78,16980.0,1,0.494
2026-03-27T10:00,0.0,0.0,0.0,0.0,0.0,0.0,3,0.0,7.0,690.0,17.6,2.58,6.1,68,93,16980.0,1,0.493
2026-03-27T11:00,0.0,0.0,0.0,0.0,0.0,0.0,3,0.0,27.0,580.0,16.7,1.78,5.5,79,100,16960.0,0,0.492
2026-03-27T12:00,0.0,0.0,0.0,0.0,0.0,0.0,2,0.0,15.0,395.0,14.1,1.77,4.1,74,61,10400.0,0,0.504
2026-03-27T13:00,0.0,0.0,0.0,0.0,0.0,0.0,3,0.0,39.0,70.0,13.3,0.3,3.9,99,95,11520.0,0,0.502
2026-03-27T14:00,0.0,0.0,0.0,0.0,0.0,0.0,3,40.0,48.0,40.0,13.4,0.55,1.7,360,100,11760.0,0,0.501
2026-03-27T15:00,0.2,0.0,0.2,0.0,0.0,0.0,51,0.0,47.0,85.0,13.7,0.4,1.9,7,100,8960.0,0,0.501
2026-03-27T16:00,0.1,0.1,0.0,0.0,0.0,0.0,51,0.0,40.0,95.0,13.7,0.98,2.2,336,100,5140.0,0,0.501
2026-03-27T17:00,0.1,0.1,0.0,0.0,0.0,0.0,51,0.0,50.0,50.0,13.7,0.64,2.2,315,100,6740.0,0,0.5
2026-03-27T18:00,4.8,0.0,4.8,0.0,0.0,0.0,81,0.0,19.0,30.0,13.3,0.5,1.9,323,100,6660.0,0,0.501
2026-03-27T19:00,0.0,0.0,0.0,0.0,0.0,0.0,3,0.0,0.0,35.0,13.3,0.57,1.8,315,100,5280.0,0,0.5
2026-03-27T20:00,0.2,0.2,0.0,0.0,0.0,0.0,51,0.0,16.0,70.0,13.3,0.82,2.2,322,100,4200.0,0,0.501
2026-03-27T21:00,0.8,0.3,0.5,0.0,0.0,0.0,53,40.0,5.0,20.0,13.3,0.25,1.9,270,97,3900.0,0,0.509
2026-03-27T22:00,0.9,0.5,0.4,0.0,0.0,0.0,53,20.0,5.0,40.0,13.2,0.35,1.4,270,100,4740.0,0,0.509
2026-03-27T23:00,0.2,0.2,0.0,0.0,0.0,0.0,51,20.0,6.0,50.0,13.3,0.4,1.3,277,100,11600.0,1,0.507
2026-03-28T00:00,0.2,0.1,0.1,0.0,0.0,0.0,51,0.0,53.0,75.0,13.3,0.9,2.1,214,100,8260.0,1,0.513
2026-03-28T01:00,0.0,0.0,0.0,0.0,0.0,0.0,3,10.0,19.0,95.0,13.8,0.54,2.8,236,100,6080.0,1,0.504
2026-03-28T02:00,0.0,0.0,0.0,0.0,0.0,0.0,3,10.0,3.0,210.0,14.8,0.38,2.4,247,100,10660.0,1,0.503
2026-03-28T03:00,0.0,0.0,0.0,0.0,0.0,0.0,3,0.0,37.0,665.0,16.7,0.92,3.3,13,100,16960.0,1,0.501
2026-03-28T04:00,0.0,0.0,0.0,0.0,0.0,0.0,3,0.0,38.0,855.0,18.1,1.46,4.3,16,100,18180.0,1,0.499
2026-03-28T05:00,0.0,0.0,0.0,0.0,0.0,0.0,3,0.0,40.0,1125.0,20.5,0.71,4.7,352,100,19200.0,1,0.496
2026-03-28T06:00,0.0,0.0,0.0,0.0,0.0,0.0,3,0.0,16.0,1215.0,20.2,0.89,3.8,333,100,19200.0,1,0.528
2026-03-28T07:00,0.0,0.0,0.0,0.0,0.0,0.0,3,10.0,13.0,1205.0,20.3,0.82,2.9,322,100,19200.0,1,0.506
2026-03-28T08:00,0.0,0.0,0.0,0.0,0.0,0.0,3,0.0,76.0,1240.0,20.7,0.46,3.0,319,100,19200.0,1,0.503
2026-03-28T09:00,0.0,0.0,0.0,0.0,0.0,0.0,3,0.0,16.0,950.0,20.8,0.45,2.4,63,100,19200.0,1,0.501
2026-03-28T10:00,0.0,0.0,0.0,0.0,0.0,0.0,3,0.0,41.0,380.0,20.1,1.35,2.8,121,100,18160.0,1,0.499
2026-03-28T11:00,0.0,0.0,0.0,0.0,0.0,0.0,1,0.0,79.0,205.0,18.5,2.15,4.3,93,30,18160.0,0,0.498
2026-03-28T12:00,0.0,0.0,0.0,0.0,0.0,0.0,3,0.0,103.0,50.0,16.0,1.47,4.4,108,95,16960.0,0,0.507
2026-03-28T13:00,0.0,0.0,0.0,0.0,0.0,0.0,3,0.0,99.0,30.0,14.5,1.29,3.0,103,97,13600.0,0,0.505
2026-03-28T14:00,0.0,0.0,0.0,0.0,0.0,0.0,3,0.0,82.0,15.0,13.2,0.7,2.8,94,88,11900.0,0,0.503
2026-03-28T15:00,0.0,0.0,0.0,0.0,0.0,0.0,3,0.0,124.0,10.0,12.6,0.35,1.5,90,98,8480.0,0,0.501
2026-03-28T16:00,0.0,0.0,0.0,0.0,0.0,0.0,3,0.0,39.0,10.0,12.5,0.05,0.8,90,100,8480.0,0,0.5
2026-03-28T17:00,0.2,0.0,0.2,0.0,0.0,0.0,51,0.0,32.0,10.0,12.5,0.25,0.8,101,98,8480.0,0,0.497
2026-03-28T18:00,0.0,0.0,0.0,0.0,0.0,0.0,3,0.0,11.0,10.0,13.8,0.11,1.1,117,100,13600.0,0,0.499
2026-03-28T19:00,1.2,0.0,1.2,0.0,0.0,0.0,55,0.0,27.0,15.0,13.9,0.11,1.6,153,100,13600.0,0,0.5
2026-03-28T20:00,0.4,0.0,0.4,0.0,0.0,0.0,51,0.0,4.0,15.0,13.9,0.11,0.6,117,100,13600.0,0,0.499
2026-03-28T21:00,0.0,0.0,0.0,0.0,0.0,0.0,3,0.0,4.0,15.0,13.8,0.16,0.8,108,100,11820.0,0,0.497
2026-03-28T22:00,0.0,0.0,0.0,0.0,0.0,0.0,3,0.0,28.0,20.0,13.6,0.34,0.7,27,94,7380.0,0,0.496
2026-03-28T23:00,1.4,0.0,1.4,0.0,0.0,0.0,80,0.0,3.0,35.0,14.0,0.79,1.3,145,100,9320.0,1,0.501
2026-03-29T00:00,0.0,0.0,0.0,0.0,0.0,0.0,3,280.0,7.0,45.0,13.3,0.53,2.6,131,99,8060.0,1,0.503
2026-03-29T01:00,0.0,0.0,0.0,0.0,0.0,0.0,3,210.0,22.0,140.0,14.9,0.4,2.4,97,100,11460.0,1,0.502
2026-03-29T02:00,0.0,0.0,0.0,0.0,0.0,0.0,3,210.0,27.0,190.0,15.5,0.76,2.5,79,100,11300.0,1,0.5
2026-03-29T03:00,0.1,0.1,0.0,0.0,0.0,0.0,51,240.0,54.0,375.0,17.3,1.63,4.5,63,100,6940.0,1,0.499
2026-03-29T04:00,0.0,0.0,0.0,0.0,0.0,0.0,3,390.0,33.0,740.0,19.7,1.9,5.3,113,100,16940.0,1,0.497
2026-03-29T05:00,0.0,0.0,0.0,0.0,0.0,0.0,3,250.0,155.0,805.0,20.0,2.96,6.8,127,100,16940.0,1,0.496
2026-03-29T06:00,0.0,0.0,0.0,0.0,0.0,0.0,3,0.0,336.0,800.0,19.2,2.67,7.6,128,100,16940.0,1,0.529
2026-03-29T07:00,0.0,0.0,0.0,0.0,0.0,0.0,3,90.0,182.0,810.0,19.9,2.08,6.4,120,100,5260.0,1,0.492
2026-03-29T08:00,0.4,0.4,0.0,0.0,0.0,0.0,51,260.0,44.0,405.0,18.6,2.75,5.8,57,100,11940.0,1,0.494
2026-03-29T09:00,0.0,0.0,0.0,0.0,0.0,0.0,2,310.0,39.0,375.0,18.6,3.08,6.5,44,70,13720.0,1,0.493
2026-03-29T10:00,0.0,0.0,0.0,0.0,0.0,0.0,3,370.0,17.0,405.0,18.2,2.86,7.0,65,100,14240.0,1,0.492
2026-03-29T11:00,1.8,0.1,1.7,0.0,0.0,0.0,95,430.0,10.0,310.0,16.6,2.45,7.9,94,100,5900.0,0,0.5
2026-03-29T12:00,2.2,0.2,2.0,0.0,0.0,0.0,80,240.0,125.0,245.0,14.4,1.68,9.0,107,100,9240.0,0,0.508
2026-03-29T13:00,0.0,0.0,0.0,0.0,0.0,0.0,3,400.0,83.0,230.0,14.0,1.65,3.5,90,100,9020.0,0,0.505
2026-03-29T14:00,0.0,0.0,0.0,0.0,0.0,0.0,3,530.0,79.0,240.0,14.1,1.74,3.5,117,100,8940.0,0,0.503
2026-03-29T15:00,0.0,0.0,0.0,0.0,0.0,0.0,3,750.0,42.0,190.0,14.1,1.05,3.5,121,100,7000.0,0,0.501
2026-03-29T16:00,0.0,0.0,0.0,0.0,0.0,0.0,3,870.0,23.0,190.0,14.1,0.78,2.3,63,100,6420.0,0,0.5
2026-03-29T17:00,0.1,0.1,0.0,0.0,0.0,0.0,51,990.0,10.0,75.0,14.2,0.45,2.2,27,100,4760.0,0,0.5
2026-03-29T18:00,0.2,0.2,0.0,0.0,0.0,0.0,51,660.0,28.0,30.0,14.8,0.45,2.1,360,100,4200.0,0,0.5
2026-03-29T19:00,0.2,0.2,0.0,0.0,0.0,0.0,51,680.0,10.0,25.0,14.6,0.35,1.7,98,100,5060.0,0,0.501
2026-03-29T20:00,0.1,0.1,0.0,0.0,0.0,0.0,51,680.0,0.0,20.0,14.6,0.38,1.7,247,100,3440.0,0,0.501
2026-03-29T21:00,0.1,0.1,0.0,0.0,0.0,0.0,51,380.0,55.0,45.0,14.6,0.85,2.5,230,100,5940.0,0,0.501
2026-03-29T22:00,0.0,0.0,0.0,0.0,0.0,0.0,3,290.0,47.0,20.0,14.6,0.36,2.5,236,100,7140.0,0,0.5
2026-03-29T23:00,0.0,0.0,0.0,0.0,0.0,0.0,0,0.0,129.0,55.0,14.7,1.33,2.6,167,13,4180.0,1,0.499
2026-03-30T00:00,0.0,0.0,0.0,0.0,0.0,0.0,1,0.0,203.0,60.0,14.6,1.0,2.5,72,30,6460.0,1,0.499
2026-03-30T01:00,0.0,0.0,0.0,0.0,0.0,0.0,3,0.0,176.0,275.0,16.5,2.16,5.1,44,84,13620.0,1,0.498
2026-03-30T02:00,0.0,0.0,0.0,0.0,0.0,0.0,3,0.0,184.0,500.0,18.2,2.42,6.1,52,100,16940.0,1,0.496
2026-03-30T03:00,0.1,0.0,0.1,0.0,0.0,0.0,51,10.0,222.0,810.0,20.3,2.45,6.5,57,100,16920.0,1,0.495
2026-03-30T04:00,0.0,0.0,0.0,0.0,0.0,0.0,3,0.0,267.0,855.0,21.0,2.07,6.3,97,100,18120.0,1,0.493
2026-03-30T05:00,0.0,0.0,0.0,0.0,0.0,0.0,3,0.0,370.0,980.0,21.4,2.4,5.9,94,100,18120.0,1,0.492
2026-03-30T06:00,0.0,0.0,0.0,0.0,0.0,0.0,3,0.0,421.0,900.0,20.3,2.53,6.4,75,95,18120.0,1,0.52
2026-03-30T07:00,0.0,0.0,0.0,0.0,0.0,0.0,3,0.0,482.0,1085.0,21.5,3.94,8.9,66,100,18120.0,1,0.5
2026-03-30T08:00,0.0,0.0,0.0,0.0,0.0,0.0,2,0.0,371.0,915.0,20.7,4.41,10.0,70,66,18120.0,1,0.497
2026-03-30T09:00,0.0,0.0,0.0,0.0,0.0,0.0,2,0.0,401.0,975.0,20.3,4.12,10.1,84,50,18120.0,1,0.495
2026-03-30T10:00,0.0,0.0,0.0,0.0,0.0,0.0,3,0.0,396.0,990.0,19.5,3.98,9.4,83,88,18120.0,1,0.493
2026-03-30T11:00,0.0,0.0,0.0,0.0,0.0,0.0,3,80.0,214.0,850.0,18.4,2.74,8.4,75,100,18120.0,0,0.492
2026-03-30T12:00,0.0,0.0,0.0,0.0,0.0,0.0,3,60.0,239.0,870.0,18.4,2.59,6.0,50,100,18120.0,0,0.479
2026-03-30T13:00,0.1,0.1,0.0,0.0,0.0,0.0,51,20.0,0.0,725.0,17.8,3.99,8.4,68,100,6200.0,0,0.48
2026-03-30T14:00,0.2,0.2,0.0,0.0,0.0,0.0,51,0.0,116.0,700.0,16.1,5.64,11.8,75,79,9000.0,0,0.481
2026-03-30T15:00,0.0,0.0,0.0,0.0,0.0,0.0,3,0.0,182.0,715.0,15.0,5.41,12.2,76,100,12280.0,0,0.481
2026-03-30T16:00,0.0,0.0,0.0,0.0,0.0,0.0,3,0.0,164.0,790.0,14.9,4.36,11.8,81,100,15000.0,0,0.481
2026-03-30T17:00,0.0,0.0,0.0,0.0,0.0,0.0,3,0.0,109.0,760.0,14.7,3.34,9.8,73,100,8040.0,0,0.481
2026-03-30T18:00,2.3,0.3,2.0,0.0,0.0,0.0,80,120.0,0.0,745.0,14.2,2.63,7.4,33,100,1860.0,0,0.509
2026-03-30T19:00,6.0,5.8,0.2,0.0,0.0,0.0,81,10.0,21.0,615.0,13.8,3.95,8.1,360,100,1380.0,0,0.504
2026-03-30T20:00,6.5,5.9,0.6,0.0,0.0,0.0,81,0.0,6.0,790.0,13.5,3.68,9.4,7,100,1300.0,0,0.503
2026-03-30T21:00,7.2,5.8,1.4,0.0,0.0,0.0,81,0.0,2.0,785.0,13.4,2.52,8.1,49,100,1940.0,0,0.503
2026-03-30T22:00,2.0,1.6,0.4,0.0,0.0,0.0,80,0.0,2.0,715.0,13.4,1.7,6.1,43,100,4520.0,0,0.503
2026-03-30T23:00,0.5,0.3,0.2,0.0,0.0,0.0,53,0.0,1.0,655.0,13.3,1.53,4.8,11,77,6620.0,1,0.503
2026-03-31T00:00,0.0,0.0,0.0,0.0,0.0,0.0,3,20.0,3.0,735.0,13.6,1.69,4.9,12,100,10640.0,1,0.499
2026-03-31T01:00,0.0,0.0,0.0,0.0,0.0,0.0,3,20.0,0.0,830.0,14.6,1.76,4.9,355,100,13560.0,1,0.498
2026-03-31T02:00,0.0,0.0,0.0,0.0,0.0,0.0,3,0.0,0.0,810.0,15.7,1.95,4.9,40,100,16920.0,1,0.497
2026-03-31T03:00,0.0,0.0,0.0,0.0,0.0,0.0,3,0.0,-3.0,945.0,16.9,2.44,6.3,31,100,18100.0,1,0.495
2026-03-31T04:00,0.0,0.0,0.0,0.0,0.0,0.0,3,0.0,-4.0,975.0,17.2,1.52,6.0,27,100,19100.0,1,0.494
2026-03-31T05:00,0.0,0.0,0.0,0.0,0.0,0.0,3,0.0,-5.0,1130.0,17.8,1.23,4.3,32,100,19100.0,1,0.492
2026-03-31T06:00,0.0,0.0,0.0,0.0,0.0,0.0,3,0.0,-6.0,1220.0,18.3,1.51,4.8,276,100,19100.0,1,0.5
2026-03-31T07:00,0.0,0.0,0.0,0.0,0.0,0.0,3,0.0,-7.0,1460.0,19.8,1.27,5.0,334,100,19100.0,1,0.498
2026-03-31T08:00,0.0,0.0,0.0,0.0,0.0,0.0,3,0.0,-8.0,1715.0,21.2,1.57,4.3,323,100,19940.0,1,0.495
2026-03-31T09:00,0.0,0.0,0.0,0.0,0.0,0.0,2,0.0,-8.0,1415.0,20.8,1.07,4.2,307,73,19940.0,1,0.494
2026-03-31T10:00,0.0,0.0,0.0,0.0,0.0,0.0,1,0.0,-9.0,20.0,20.2,0.29,2.8,149,35,19100.0,1,0.492
2026-03-31T11:00,0.0,0.0,0.0,0.0,0.0,0.0,0,0.0,-10.0,90.0,17.4,1.56,2.9,97,0,18100.0,0,0.491
2026-03-31T12:00,0.0,0.0,0.0,0.0,0.0,0.0,0,0.0,-10.0,40.0,15.0,1.18,3.7,102,1,16920.0,0,0.484
2026-03-31T13:00,0.0,0.0,0.0,0.0,0.0,0.0,0,0.0,-11.0,20.0,13.3,0.81,2.1,97,0,15000.0,0,0.484
2026-03-31T14:00,0.0,0.0,0.0,0.0,0.0,0.0,0,0.0,-11.0,20.0,12.2,0.85,1.8,111,0,11940.0,0,0.484
2026-03-31T15:00,0.0,0.0,0.0,0.0,0.0,0.0,0,0.0,-12.0,20.0,11.3,0.78,1.8,105,0,8560.0,0,0.483
2026-03-31T16:00,0.0,0.0,0.0,0.0,0.0,0.0,0,0.0,-12.0,15.0,10.8,0.65,1.8,94,0,8560.0,0,0.483
2026-03-31T17:00,0.0,0.0,0.0,0.0,0.0,0.0,0,0.0,-12.0,15.0,10.6,0.54,1.5,112,0,11940.0,0,0.483
2026-03-31T18:00,0.0,0.0,0.0,0.0,0.0,0.0,0,0.0,-13.0,10.0,11.3,0.15,1.2,90,0,11940.0,0,0.483
2026-03-31T19:00,0.0,0.0,0.0,0.0,0.0,0.0,0,0.0,-13.0,10.0,11.0,0.1,0.5,180,12,11940.0,0,0.483
2026-03-31T20:00,0.0,0.0,0.0,0.0,0.0,0.0,1,0.0,-13.0,10.0,10.5,0.21,0.6,194,23,11940.0,0,0.483
2026-03-31T21:00,0.0,0.0,0.0,0.0,0.0,0.0,1,0.0,-13.0,25.0,10.0,0.56,1.1,63,39,8560.0,0,0.483
2026-03-31T22:00,0.0,0.0,0.0,0.0,0.0,0.0,1,0.0,-13.0,15.0,10.0,0.32,1.7,141,40,8560.0,0,0.482
2026-03-31T23:00,0.0,0.0,0.0,0.0,0.0,0.0,3,0.0,-13.0,25.0,10.4,0.32,1.0,219,98,8560.0,1,0.482
2026-04-01T00:00,0.0,0.0,0.0,0.0,0.0,0.0,3,0.0,-13.0,95.0,11.5,1.01,3.2,261,100,260.0,1,0.482
2026-04-01T01:00,0.0,0.0,0.0,0.0,0.0,0.0,3,0.0,-12.0,135.0,13.1,1.07,3.4,332,93,13640.0,1,0.482
2026-04-01T02:00,1.4,0.0,1.4,0.0,0.0,0.0,80,0.0,-12.0,205.0,15.0,0.43,3.9,324,34,13640.0,1,0.496
2026-04-01T03:00,0.0,0.0,0.0,0.0,0.0,0.0,1,0.0,-11.0,455.0,18.7,0.5,3.9,276,27,18080.0,1,0.494
2026-04-01T04:00,0.0,0.0,0.0,0.0,0.0,0.0,3,0.0,-11.0,975.0,21.1,0.72,4.2,65,92,19060.0,1,0.491
2026-04-01T05:00,0.0,0.0,0.0,0.0,0.0,0.0,3,0.0,45.0,1140.0,22.2,1.5,4.9,53,100,19060.0,1,0.489
2026-04-01T06:00,0.0,0.0,0.0,0.0,0.0,0.0,3,0.0,19.0,1210.0,22.5,1.37,5.6,66,100,19060.0,1,0.486
2026-04-01T07:00,0.0,0.0,0.0,0.0,0.0,0.0,3,0.0,30.0,1250.0,22.5,1.63,4.4,50,100,19880.0,1,0.484
2026-04-01T08:00,0.0,0.0,0.0,0.0,0.0,0.0,3,0.0,18.0,1295.0,22.8,2.13,5.3,49,96,19880.0,1,0.482
2026-04-01T09:00,0.0,0.0,0.0,0.0,0.0,0.0,3,0.0,30.0,1180.0,22.5,2.93,6.6,57,100,19880.0,1,0.481
2026-04-01T10:00,0.0,0.0,0.0,0.0,0.0,0.0,3,70.0,10.0,380.0,21.2,2.8,6.6,59,100,19060.0,1,0.479
2026-04-01T11:00,0.0,0.0,0.0,0.0,0.0,0.0,3,0.0,41.0,210.0,19.1,3.04,6.5,76,100,18060.0,1,0.479
2026-04-01T12:00,0.0,0.0,0.0,0.0,0.0,0.0,3,30.0,21.0,70.0,18.3,1.1,6.1,90,100,18060.0,0,0.47
2026-04-01T13:00,0.2,0.0,0.2,0.0,0.0,0.0,51,0.0,29.0,45.0,17.0,1.49,3.3,110,96,16900.0,0,0.472
2026-04-01T14:00,0.3,0.0,0.3,0.0,0.0,0.0,51,40.0,36.0,35.0,16.0,1.37,3.3,123,92,13640.0,0,0.475
2026-04-01T15:00,0.0,0.0,0.0,0.0,0.0,0.0,3,10.0,56.0,15.0,14.9,0.6,3.2,132,91,13640.0,0,0.474
2026-04-01T16:00,0.0,0.0,0.0,0.0,0.0,0.0,3,10.0,31.0,10.0,15.6,0.11,1.8,153,100,13640.0,0,0.474
2026-04-01T17:00,0.2,0.0,0.2,0.0,0.0,0.0,51,0.0,6.0,30.0,15.9,0.65,3.3,203,100,7180.0,0,0.476
2026-04-01T18:00,1.4,0.2,1.2,0.0,0.0,0.0,80,0.0,6.0,50.0,16.3,0.97,3.6,102,93,13480.0,0,0.476
2026-04-01T19:00,0.0,0.0,0.0,0.0,0.0,0.0,3,30.0,35.0,60.0,16.0,1.2,2.8,95,100,13640.0,0,0.475
2026-04-01T20:00,0.0,0.0,0.0,0.0,0.0,0.0,3,10.0,21.0,60.0,15.9,1.03,2.7,113,100,11960.0,0,0.475
2026-04-01T21:00,0.0,0.0,0.0,0.0,0.0,0.0,3,0.0,20.0,90.0,15.7,1.31,3.0,97,100,7420.0,0,0.475
2026-04-01T22:00,0.3,0.3,0.0,0.0,0.0,0.0,51,0.0,16.0,130.0,15.4,1.26,3.1,108,100,3660.0,0,0.479
2026-04-01T23:00,1.0,0.4,0.6,0.0,0.0,0.0,55,0.0,0.0,275.0,15.0,2.08,4.2,80,100,4200.0,1,0.492
2026-04-02T00:00,0.3,0.3,0.0,0.0,0.0,0.0,51,0.0,3.0,345.0,14.7,2.45,4.7,86,100,10480.0,1,0.493
2026-04-02T01:00,0.0,0.0,0.0,0.0,0.0,0.0,3,0.0,2.0,335.0,15.0,2.28,5.1,81,100,7020.0,1,0.492
2026-04-02T02:00,0.3,0.3,0.0,0.0,0.0,0.0,51,10.0,11.0,315.0,15.2,2.14,5.0,79,100,4380.0,1,0.492
2026-04-02T03:00,0.4,0.4,0.0,0.0,0.0,0.0,51,20.0,12.0,330.0,15.5,2.34,5.1,74,100,4040.0,1,0.494
2026-04-02T04:00,0.8,0.8,0.0,0.0,0.0,0.0,53,30.0,147.0,330.0,15.6,2.15,5.0,68,100,3600.0,1,0.5
2026-04-02T05:00,0.6,0.6,0.0,0.0,0.0,0.0,53,10.0,92.0,300.0,15.7,1.94,4.3,72,100,4600.0,1,0.503
2026-04-02T06:00,0.1,0.1,0.0,0.0,0.0,0.0,51,0.0,271.0,325.0,15.0,2.31,4.8,85,100,11640.0,1,0.534
2026-04-02T07:00,0.0,0.0,0.0,0.0,0.0,0.0,3,0.0,64.0,420.0,16.3,2.2,5.7,78,100,15000.0,1,0.507
2026-04-02T08:00,0.0,0.0,0.0,0.0,0.0,0.0,3,10.0,218.0,465.0,16.7,2.15,5.3,68,100,15000.0,1,0.504
2026-04-02T09:00,0.0,0.0,0.0,0.0,0.0,0.0,3,10.0,280.0,435.0,16.4,2.15,5.1,72,100,15000.0,1,0.501
2026-04-02T10:00,0.0,0.0,0.0,0.0,0.0,0.0,3,30.0,0.0,325.0,16.3,2.15,4.7,72,100,8980.0,1,0.499
2026-04-02T11:00,0.1,0.1,0.0,0.0,0.0,0.0,51,50.0,212.0,295.0,15.8,2.08,4.4,66,100,8540.0,1,0.498
2026-04-02T12:00,0.0,0.0,0.0,0.0,0.0,0.0,3,220.0,13.0,315.0,16.1,1.79,4.1,67,100,10680.0,0,0.473
2026-04-02T13:00,0.9,0.1,0.8,0.0,0.0,0.0,53,250.0,25.0,365.0,15.7,2.23,4.8,74,100,7360.0,0,0.483
2026-04-02T14:00,0.7,0.1,0.6,0.0,0.0,0.0,53,430.0,5.0,390.0,15.2,2.42,4.8,72,100,7220.0,0,0.49
2026-04-02T15:00,2.3,0.1,2.2,0.0,0.0,0.0,80,0.0,44.0,420.0,14.8,1.73,5.1,57,100,5080.0,0,0.513
2026-04-02T16:00,2.0,0.2,1.8,0.0,0.0,0.0,95,380.0,8.0,350.0,14.7,1.58,4.4,11,100,5620.0,0,0.506
2026-04-02T17:00,4.7,0.3,4.4,0.0,0.0,0.0,81,230.0,12.0,245.0,14.6,0.66,3.8,351,100,3560.0,0,0.514
2026-04-02T18:00,4.7,0.5,4.2,0.0,0.0,0.0,81,190.0,0.0,55.0,15.7,0.67,1.6,103,100,2360.0,0,0.51
2026-04-02T19:00,2.3,0.8,1.5,0.0,0.0,0.0,80,0.0,8.0,15.0,15.5,0.11,2.2,117,100,4520.0,0,0.508
2026-04-02T20:00,0.1,0.1,0.0,0.0,0.0,0.0,51,0.0,19.0,80.0,15.2,1.84,3.5,167,100,6540.0,0,0.506
2026-04-02T21:00,0.3,0.0,0.3,0.0,0.0,0.0,51,0.0,29.0,45.0,14.9,0.71,3.5,135,100,6440.0,0,0.506
2026-04-02T22:00,0.2,0.1,0.1,0.0,0.0,0.0,51,20.0,34.0,10.0,15.0,0.05,1.0,90,100,5840.0,0,0.505
2026-04-02T23:00,0.0,0.0,0.0,0.0,0.0,0.0,3,0.0,91.0,15.0,15.1,0.16,0.8,198,100,6480.0,1,0.503
2026-04-03T00:00,0.0,0.0,0.0,0.0,0.0,0.0,2,0.0,0.0,85.0,14.9,1.41,3.1,247,62,7720.0,1,0.502
2026-04-03T01:00,0.0,0.0,0.0,0.0,0.0,0.0,3,0.0,71.0,385.0,16.9,1.65,4.6,270,88,10500.0,1,0.5
2026-04-03T02:00,0.0,0.0,0.0,0.0,0.0,0.0,2,0.0,286.0,485.0,18.8,1.71,5.5,275,67,16120.0,1,0.498
2026-04-03T03:00,0.0,0.0,0.0,0.0,0.0,0.0,2,0.0,226.0,795.0,21.1,2.72,7.0,283,60,18020.0,1,0.496
2026-04-03T04:00,0.0,0.0,0.0,0.0,0.0,0.0,3,10.0,168.0,1500.0,23.7,2.96,8.7,292,100,19000.0,1,0.493
2026-04-03T05:00,0.0,0.0,0.0,0.0,0.0,0.0,3,20.0,6.0,1285.0,24.0,1.19,7.5,248,100,19000.0,1,0.49
2026-04-03T06:00,0.0,0.0,0.0,0.0,0.0,0.0,3,10.0,1.0,1770.0,24.7,3.13,4.0,343,100,19800.0,1,0.488
2026-04-03T07:00,0.0,0.0,0.0,0.0,0.0,0.0,3,10.0,232.0,1760.0,24.5,3.03,7.3,347,83,19800.0,1,0.486
2026-04-03T08:00,0.0,0.0,0.0,0.0,0.0,0.0,3,10.0,184.0,1985.0,25.6,2.81,7.5,4,95,19800.0,1,0.484
2026-04-03T09:00,0.0,0.0,0.0,0.0,0.0,0.0,0,0.0,148.0,1275.0,25.0,2.11,6.6,5,14,19800.0,1,0.482
2026-04-03T10:00,0.0,0.0,0.0,0.0,0.0,0.0,2,0.0,261.0,10.0,24.2,0.07,4.5,135,70,19800.0,1,0.482
2026-04-03T11:00,0.0,0.0,0.0,0.0,0.0,0.0,3,0.0,314.0,20.0,20.6,0.66,1.2,171,82,18980.0,1,0.482
2026-04-03T12:00,0.0,0.0,0.0,0.0,0.0,0.0,3,0.0,451.0,25.0,18.8,1.38,1.6,161,98,18020.0,0,0.479
2026-04-03T13:00,0.0,0.0,0.0,0.0,0.0,0.0,3,0.0,530.0,15.0,17.7,0.63,2.5,119,95,18020.0,0,0.479
2026-04-03T14:00,0.0,0.0,0.0,0.0,0.0,0.0,3,0.0,92.0,10.0,16.8,0.05,1.4,90,100,16860.0,0,0.479
2026-04-03T15:00,0.0,0.0,0.0,0.0,0.0,0.0,3,0.0,96.0,10.0,16.1,0.2,0.8,180,100,16860.0,0,0.479
2026-04-03T16:00,0.0,0.0,0.0,0.0,0.0,0.0,3,0.0,132.0,10.0,15.9,0.16,0.8,162,100,16860.0,0,0.479
2026-04-03T17:00,0.0,0.0,0.0,0.0,0.0,0.0,3,0.0,112.0,10.0,15.3,0.16,1.1,108,100,15000.0,0,0.479
2026-04-03T18:00,0.0,0.0,0.0,0.0,0.0,0.0,3,0.0,170.0,35.0,16.6,0.65,1.5,23,100,16860.0,0,0.487
2026-04-03T19:00,0.0,0.0,0.0,0.0,0.0,0.0,3,0.0,68.0,30.0,16.4,0.87,2.2,211,98,15000.0,0,0.486
2026-04-03T20:00,0.0,0.0,0.0,0.0,0.0,0.0,3,0.0,86.0,10.0,15.3,0.11,2.2,27,100,13660.0,0,0.486
2026-04-03T21:00,0.0,0.0,0.0,0.0,0.0,0.0,3,0.0,92.0,10.0,15.4,0.07,1.2,45,100,13660.0,0,0.485
2026-04-03T22:00,0.0,0.0,0.0,0.0,0.0,0.0,3,0.0,74.0,10.0,15.2,0.11,1.1,117,98,13660.0,0,0.485
2026-04-03T23:00,0.0,0.0,0.0,0.0,0.0,0.0,3,0.0,36.0,15.0,15.5,0.32,1.0,39,80,13660.0,1,0.485
2026-04-04T00:00,0.0,0.0,0.0,0.0,0.0,0.0,1,0.0,83.0,45.0,17.0,0.83,1.6,245,40,13660.0,1,0.479
2026-04-04T01:00,0.0,0.0,0.0,0.0,0.0,0.0,0,0.0,70.0,160.0,19.3,0.88,3.4,313,2,16860.0,1,0.478
2026-04-04T02:00,0.0,0.0,0.0,0.0,0.0,0.0,0,50.0,173.0,280.0,22.3,0.79,3.8,288,1,18000.0,1,0.477
2026-04-04T03:00,0.0,0.0,0.0,0.0,0.0,0.0,0,200.0,89.0,665.0,25.1,0.57,4.0,315,0,18960.0,1,0.475
2026-04-04T04:00,0.0,0.0,0.0,0.0,0.0,0.0,0,360.0,32.0,1615.0,27.2,0.75,4.0,360,2,19760.0,1,0.472
2026-04-04T05:00,0.0,0.0,0.0,0.0,0.0,0.0,0,400.0,17.0,2060.0,28.6,0.22,4.1,333,9,19760.0,1,0.469
2026-04-04T06:00,0.0,0.0,0.0,0.0,0.0,0.0,1,120.0,156.0,2190.0,28.9,1.9,4.1,162,22,21300.0,1,0.466
2026-04-04T07:00,0.0,0.0,0.0,0.0,0.0,0.0,0,50.0,240.0,2190.0,29.2,2.01,5.9,153,8,21280.0,1,0.463
2026-04-04T08:00,0.0,0.0,0.0,0.0,0.0,0.0,0,0.0,211.0,2215.0,29.1,1.98,5.5,133,2,21640.0,1,0.461
2026-04-04T09:00,0.0,0.0,0.0,0.0,0.0,0.0,0,10.0,238.0,2220.0,28.7,2.14,5.2,123,9,21280.0,1,0.459
2026-04-04T10:00,0.0,0.0,0.0,0.0,0.0,0.0,0,100.0,240.0,200.0,26.5,1.59,4.8,103,2,19760.0,1,0.459
2026-04-04T11:00,0.0,0.0,0.0,0.0,0.0,0.0,0,20.0,131.0,75.0,23.3,2.15,4.6,91,1,18960.0,1,0.459
2026-04-04T12:00,0.0,0.0,0.0,0.0,0.0,0.0,0,0.0,129.0,40.0,21.2,1.92,4.8,105,0,18960.0,0,0.458
2026-04-04T13:00,0.0,0.0,0.0,0.0,0.0,0.0,0,0.0,133.0,50.0,21.1,2.36,5.1,111,2,18960.0,0,0.459
2026-04-04T14:00,0.0,0.0,0.0,0.0,0.0,0.0,0,0.0,328.0,60.0,20.5,1.96,6.0,109,4,18940.0,0,0.459
2026-04-04T15:00,0.0,0.0,0.0,0.0,0.0,0.0,2,0.0,302.0,25.0,18.7,1.27,4.7,79,61,17980.0,0,0.459
2026-04-04T16:00,0.0,0.0,0.0,0.0,0.0,0.0,3,0.0,275.0,20.0,17.1,1.01,3.5,63,98,16860.0,0,0.459
2026-04-04T17:00,0.0,0.0,0.0,0.0,0.0,0.0,3,260.0,168.0,30.0,16.7,1.13,2.8,49,100,16860.0,0,0.46
2026-04-04T18:00,0.0,0.0,0.0,0.0,0.0,0.0,3,490.0,46.0,45.0,18.2,1.33,3.0,77,100,16860.0,0,0.46
2026-04-04T19:00,0.0,0.0,0.0,0.0,0.0,0.0,3,750.0,19.0,35.0,18.0,1.07,3.2,79,100,16860.0,0,0.46
2026-04-04T20:00,0.0,0.0,0.0,0.0,0.0,0.0,3,630.0,17.0,15.0,18.1,0.36,2.8,56,100,16860.0,0,0.46
2026-04-04T21:00,0.0,0.0,0.0,0.0,0.0,0.0,3,500.0,26.0,25.0,17.7,0.9,2.5,56,100,16840.0,0,0.461
2026-04-04T22:00,0.0,0.0,0.0,0.0,0.0,0.0,3,540.0,10.0,50.0,17.5,1.72,3.5,54,100,16840.0,0,0.461
2026-04-04T23:00,0.0,0.0,0.0,0.0,0.0,0.0,3,390.0,23.0,60.0,18.0,1.71,4.1,111,91,16840.0,1,0.461
2026-04-05T00:00,0.3,0.0,0.3,0.0,0.0,0.0,51,290.0,32.0,35.0,18.1,0.58,3.9,31,88,14780.0,1,0.463
2026-04-05T01:00,0.0,0.0,0.0,0.0,0.0,0.0,3,290.0,10.0,135.0,20.4,0.99,3.1,315,88,16840.0,1,0.463
2026-04-05T02:00,0.3,0.1,0.2,0.0,0.0,0.0,51,220.0,21.0,250.0,21.2,1.47,4.0,325,85,8240.0,1,0.464
2026-04-05T03:00,0.1,0.1,0.0,0.0,0.0,0.0,51,220.0,32.0,480.0,22.8,1.36,4.4,36,52,10440.0,1,0.464
2026-04-05T04:00,0.0,0.0,0.0,0.0,0.0,0.0,2,340.0,9.0,880.0,25.6,0.98,4.6,66,69,18940.0,1,0.462
2026-04-05T05:00,0.0,0.0,0.0,0.0,0.0,0.0,3,310.0,22.0,1475.0,28.3,1.37,5.9,190,100,18920.0,1,0.46
2026-04-05T06:00,0.0,0.0,0.0,0.0,0.0,0.0,3,200.0,0.0,1305.0,26.9,1.25,5.7,233,100,8920.0,1,0.473
2026-04-05T07:00,0.3,0.2,0.1,0.0,0.0,0.0,51,150.0,40.0,450.0,25.1,2.16,4.2,355,100,6000.0,1,0.474
2026-04-05T08:00,0.2,0.2,0.0,0.0,0.0,0.0,51,260.0,36.0,530.0,24.1,2.98,7.5,55,100,6160.0,1,0.475
2026-04-05T09:00,0.1,0.1,0.0,0.0,0.0,0.0,51,220.0,83.0,710.0,24.9,2.97,6.6,70,100,10760.0,1,0.474
2026-04-05T10:00,0.1,0.1,0.0,0.0,0.0,0.0,51,190.0,92.0,660.0,23.5,2.86,6.8,74,98,7900.0,1,0.475
2026-04-05T11:00,0.1,0.1,0.0,0.0,0.0,0.0,51,260.0,77.0,490.0,21.9,2.57,6.0,83,100,10280.0,1,0.474
2026-04-05T12:00,0.1,0.1,0.0,0.0,0.0,0.0,51,120.0,146.0,175.0,19.7,1.55,5.4,92,71,10980.0,0,0.481
2026-04-05T13:00,0.0,0.0,0.0,0.0,0.0,0.0,3,140.0,103.0,135.0,19.2,1.45,3.6,88,96,13380.0,0,0.482
2026-04-05T14:00,0.0,0.0,0.0,0.0,0.0,0.0,3,170.0,85.0,65.0,18.5,1.0,3.4,87,100,13680.0,0,0.482
2026-04-05T15:00,0.0,0.0,0.0,0.0,0.0,0.0,3,170.0,145.0,70.0,19.2,0.76,2.7,113,100,13680.0,0,0.482
2026-04-05T16:00,0.0,0.0,0.0,0.0,0.0,0.0,3,200.0,69.0,15.0,19.3,0.11,2.1,243,100,13680.0,0,0.483
2026-04-05T17:00,0.0,0.0,0.0,0.0,0.0,0.0,3,260.0,21.0,45.0,19.2,0.65,1.6,90,100,10700.0,0,0.483
2026-04-05T18:00,0.1,0.0,0.1,0.0,0.0,0.0,51,180.0,9.0,65.0,19.6,0.5,2.0,90,100,15000.0,0,0.469
2026-04-05T19:00,0.3,0.1,0.2,0.0,0.0,0.0,51,190.0,13.0,190.0,19.6,0.7,1.6,90,100,6100.0,0,0.472
2026-04-05T20:00,1.7,0.1,1.6,0.0,0.0,0.0,80,50.0,26.0,225.0,18.9,2.0,3.7,58,91,9240.0,0,0.493
2026-04-05T21:00,1.8,0.0,1.8,0.0,0.0,0.0,80,0.0,13.0,125.0,18.0,0.98,4.0,75,100,6980.0,0,0.515
2026-04-05T22:00,3.8,0.3,3.5,0.0,0.0,0.0,81,0.0,24.0,120.0,17.9,1.05,2.7,59,100,5360.0,0,0.506
2026-04-05T23:00,2.1,0.3,1.8,0.0,0.0,0.0,80,30.0,31.0,250.0,17.8,1.68,3.3,37,100,4640.0,1,0.506
2026-04-06T00:00,2.2,0.7,1.5,0.0,0.0,0.0,80,0.0,0.0,180.0,18.1,0.97,4.0,35,100,4800.0,1,0.504
2026-04-06T01:00,0.6,0.3,0.3,0.0,0.0,0.0,53,40.0,22.0,455.0,19.0,0.96,3.3,96,100,6780.0,1,0.504
2026-04-06T02:00,0.1,0.0,0.1,0.0,0.0,0.0,51,0.0,12.0,550.0,19.3,0.16,2.9,252,100,7980.0,1,0.503
2026-04-06T03:00,0.4,0.3,0.1,0.0,0.0,0.0,51,120.0,38.0,520.0,20.2,0.9,2.9,56,100,4420.0,1,0.504
2026-04-06T04:00,0.9,0.9,0.0,0.0,0.0,0.0,53,190.0,0.0,485.0,19.8,1.76,3.8,35,100,2760.0,1,0.504
2026-04-06T05:00,1.1,1.1,0.0,0.0,0.0,0.0,55,150.0,0.0,500.0,19.7,1.92,4.6,28,100,3760.0,1,0.504
2026-04-06T06:00,0.4,0.4,0.0,0.0,0.0,0.0,51,10.0,30.0,460.0,19.9,1.9,4.7,55,100,8540.0,1,0.526
2026-04-06T07:00,0.0,0.0,0.0,0.0,0.0,0.0,3,10.0,29.0,710.0,21.5,2.39,5.9,61,100,16740.0,1,0.489
2026-04-06T08:00,0.0,0.0,0.0,0.0,0.0,0.0,3,0.0,58.0,810.0,21.4,2.64,6.0,80,100,16820.0,1,0.488
2026-04-06T09:00,0.0,0.0,0.0,0.0,0.0,0.0,3,0.0,73.0,805.0,21.1,2.8,6.1,74,100,16320.0,1,0.488
2026-04-06T10:00,0.0,0.0,0.0,0.0,0.0,0.0,3,0.0,91.0,750.0,20.4,2.62,6.3,64,100,16820.0,1,0.488
2026-04-06T11:00,0.0,0.0,0.0,0.0,0.0,0.0,3,0.0,153.0,690.0,19.6,3.23,6.9,51,100,16820.0,1,0.488
2026-04-06T12:00,0.0,0.0,0.0,0.0,0.0,0.0,3,0.0,69.0,605.0,18.6,2.95,7.1,51,100,8720.0,0,0.498
2026-04-06T13:00,0.0,0.0,0.0,0.0,0.0,0.0,3,0.0,104.0,580.0,18.3,3.09,6.8,50,100,12800.0,0,0.497
2026-04-06T14:00,0.0,0.0,0.0,0.0,0.0,0.0,3,0.0,209.0,605.0,18.2,2.73,6.8,49,100,15000.0,0,0.496
2026-04-06T15:00,0.0,0.0,0.0,0.0,0.0,0.0,3,0.0,221.0,630.0,18.1,2.4,6.0,54,100,15000.0,0,0.495
2026-04-06T16:00,0.0,0.0,0.0,0.0,0.0,0.0,3,0.0,146.0,605.0,18.0,1.64,5.5,70,99,13680.0,0,0.494
2026-04-06T17:00,0.1,0.0,0.1,0.0,0.0,0.0,51,0.0,6.0,480.0,17.6,0.66,4.0,351,100,8840.0,0,0.494
2026-04-06T18:00,0.1,0.1,0.0,0.0,0.0,0.0,51,10.0,14.0,475.0,17.7,1.26,2.8,34,100,8620.0,0,0.493
2026-04-06T19:00,0.0,0.0,0.0,0.0,0.0,0.0,3,0.0,13.0,470.0,17.6,2.04,4.4,28,100,8420.0,0,0.493
2026-04-06T20:00,0.0,0.0,0.0,0.0,0.0,0.0,2,160.0,9.0,475.0,17.5,1.95,5.2,50,52,9440.0,0,0.492
2026-04-06T21:00,0.4,0.0,0.4,0.0,0.0,0.0,51,0.0,20.0,390.0,16.6,1.24,4.3,43,90,10500.0,0,0.495
2026-04-06T22:00,0.2,0.1,0.1,0.0,0.0,0.0,51,190.0,3.0,285.0,16.6,0.98,3.2,15,100,6460.0,0,0.496
2026-04-06T23:00,0.2,0.2,0.0,0.0,0.0,0.0,51,160.0,13.0,295.0,16.9,1.1,2.7,30,100,4540.0,1,0.498
2026-04-07T00:00,0.2,0.2,0.0,0.0,0.0,0.0,51,330.0,11.0,325.0,16.9,1.79,3.4,54,100,6600.0,1,0.508
2026-04-07T01:00,0.1,0.1,0.0,0.0,0.0,0.0,51,340.0,0.0,340.0,17.7,1.36,4.1,28,100,8220.0,1,0.505
2026-04-07T02:00,0.3,0.3,0.0,0.0,0.0,0.0,51,10.0,79.0,445.0,18.1,1.77,4.1,47,100,4020.0,1,0.505
2026-04-07T03:00,0.2,0.2,0.0,0.0,0.0,0.0,51,10.0,98.0,550.0,19.1,3.56,7.7,66,100,9600.0,1,0.504
2026-04-07T04:00,0.2,0.1,0.1,0.0,0.0,0.0,51,220.0,29.0,830.0,21.5,2.91,8.1,66,100,8500.0,1,0.503
2026-04-07T05:00,0.4,0.4,0.0,0.0,0.0,0.0,51,320.0,11.0,495.0,20.6,1.86,7.2,66,100,5540.0,1,0.504
2026-04-07T06:00,0.2,0.2,0.0,0.0,0.0,0.0,51,370.0,22.0,510.0,19.1,1.47,4.1,100,100,2900.0,1,0.544
2026-04-07T07:00,0.8,0.8,0.0,0.0,0.0,0.0,53,350.0,33.0,495.0,19.1,1.5,3.5,88,100,5780.0,1,0.491
2026-04-07T08:00,0.1,0.1,0.0,0.0,0.0,0.0,51,330.0,63.0,500.0,19.8,2.41,5.7,77,100,10120.0,1,0.492
2026-04-07T09:00,0.0,0.0,0.0,0.0,0.0,0.0,3,10.0,40.0,520.0,19.6,1.9,5.5,87,100,8620.0,1,0.491
2026-04-07T10:00,0.0,0.0,0.0,0.0,0.0,0.0,3,230.0,137.0,520.0,19.4,2.25,5.0,78,100,12320.0,1,0.491
2026-04-07T11:00,0.0,0.0,0.0,0.0,0.0,0.0,3,250.0,149.0,505.0,18.8,1.46,4.9,84,100,12280.0,1,0.491
2026-04-07T12:00,0.0,0.0,0.0,0.0,0.0,0.0,3,460.0,23.0,350.0,18.0,1.1,3.5,66,100,9440.0,0,0.499
2026-04-07T13:00,0.0,0.0,0.0,0.0,0.0,0.0,3,480.0,85.0,290.0,17.7,1.48,3.3,78,100,8080.0,0,0.498
2026-04-07T14:00,0.1,0.1,0.0,0.0,0.0,0.0,51,520.0,97.0,235.0,17.4,0.9,3.4,71,100,6280.0,0,0.497
2026-04-07T15:00,0.1,0.1,0.0,0.0,0.0,0.0,51,200.0,162.0,230.0,17.7,0.5,2.3,37,100,7840.0,0,0.497
2026-04-07T16:00,0.1,0.1,0.0,0.0,0.0,0.0,51,80.0,210.0,270.0,17.5,0.79,2.0,72,100,8280.0,0,0.497
2026-04-07T17:00,0.0,0.0,0.0,0.0,0.0,0.0,3,130.0,189.0,105.0,17.6,0.32,2.1,39,100,8800.0,0,0.496
2026-04-07T18:00,0.0,0.0,0.0,0.0,0.0,0.0,3,750.0,38.0,180.0,17.4,0.81,1.5,83,100,4840.0,0,0.496
2026-04-07T19:00,0.1,0.1,0.0,0.0,0.0,0.0,51,1150.0,8.0,220.0,17.3,1.5,3.1,90,100,6240.0,0,0.497
2026-04-07T20:00,0.3,0.3,0.0,0.0,0.0,0.0,51,1110.0,17.0,220.0,17.2,1.1,3.2,90,100,3600.0,0,0.499
2026-04-07T21:00,0.6,0.6,0.0,0.0,0.0,0.0,53,1210.0,13.0,145.0,17.2,0.73,2.6,106,100,3200.0,0,0.504
2026-04-07T22:00,0.2,0.2,0.0,0.0,0.0,0.0,51,1350.0,17.0,115.0,17.1,0.81,2.6,101,100,5500.0,0,0.505
2026-04-07T23:00,0.1,0.1,0.0,0.0,0.0,0.0,51,1420.0,10.0,80.0,17.1,0.94,2.9,65,100,3660.0,1,0.504
2026-04-08T00:00,0.2,0.2,0.0,0.0,0.0,0.0,51,1420.0,0.0,125.0,17.0,1.42,3.0,80,100,4140.0,1,0.507
2026-04-08T01:00,0.3,0.3,0.0,0.0,0.0,0.0,51,1370.0,17.0,135.0,17.3,1.47,3.7,72,100,4660.0,1,0.505
2026-04-08T02:00,0.1,0.1,0.0,0.0,0.0,0.0,51,1220.0,44.0,125.0,18.0,1.35,3.9,68,100,9680.0,1,0.503
2026-04-08T03:00,0.0,0.0,0.0,0.0,0.0,0.0,3,1110.0,97.0,280.0,19.9,1.16,4.2,115,100,12880.0,1,0.501
2026-04-08T04:00,0.0,0.0,0.0,0.0,0.0,0.0,3,970.0,194.0,630.0,23.0,1.92,5.5,155,100,15000.0,1,0.5
2026-04-08T05:00,0.1,0.0,0.1,0.0,0.0,0.0,51,1140.0,148.0,785.0,25.6,1.79,6.8,207,91,15680.0,1,0.499
2026-04-08T06:00,0.0,0.0,0.0,0.0,0.0,0.0,1,1000.0,154.0,225.0,26.4,0.21,4.9,346,23,17900.0,1,0.529
2026-04-08T07:00,0.0,0.0,0.0,0.0,0.0,0.0,0,1600.0,71.0,1760.0,31.1,2.93,7.1,205,13,18820.0,1,0.505
2026-04-08T08:00,0.0,0.0,0.0,0.0,0.0,0.0,1,1800.0,50.0,1620.0,31.0,5.76,12.7,177,45,18820.0,1,0.501
2026-04-08T09:00,0.0,0.0,0.0,0.0,0.0,0.0,1,1760.0,38.0,1690.0,30.6,4.67,12.9,163,32,18820.0,1,0.498
2026-04-08T10:00,0.0,0.0,0.0,0.0,0.0,0.0,1,1710.0,54.0,195.0,27.2,3.34,10.0,336,24,8260.0,1,0.496
2026-04-08T11:00,0.0,0.0,0.0,0.0,0.0,0.0,2,1380.0,36.0,45.0,23.6,1.49,7.5,50,64,8480.0,1,0.495
2026-04-08T12:00,0.0,0.0,0.0,0.0,0.0,0.0,3,1490.0,187.0,15.0,23.5,0.21,5.2,76,93,15000.0,0,0.485
2026-04-08T13:00,0.0,0.0,0.0,0.0,0.0,0.0,1,1600.0,89.0,15.0,22.6,0.3,3.1,9,31,13700.0,0,0.485
2026-04-08T14:00,0.0,0.0,0.0,0.0,0.0,0.0,0,1590.0,95.0,10.0,22.3,0.2,3.2,360,5,13700.0,0,0.484
2026-04-08T15:00,0.0,0.0,0.0,0.0,0.0,0.0,1,1690.0,76.0,15.0,22.2,0.32,3.5,309,20,7200.0,0,0.484
2026-04-08T16:00,0.0,0.0,0.0,0.0,0.0,0.0,1,1900.0,50.0,35.0,21.4,1.04,4.5,287,20,1320.0,0,0.484
2026-04-08T17:00,0.0,0.0,0.0,0.0,0.0,0.0,1,1870.0,44.0,15.0,21.8,0.43,4.5,306,46,780.0,0,0.484
2026-04-08T18:00,0.0,0.0,0.0,0.0,0.0,0.0,1,1530.0,73.0,975.0,25.2,3.1,6.0,198,23,17880.0,0,0.484
2026-04-08T19:00,0.0,0.0,0.0,0.0,0.0,0.0,0,1530.0,63.0,865.0,26.0,4.7,11.1,215,16,17880.0,0,0.483
2026-04-08T20:00,0.0,0.0,0.0,0.0,0.0,0.0,0,1360.0,43.0,800.0,25.6,5.24,12.0,201,5,17880.0,0,0.483
2026-04-08T21:00,0.0,0.0,0.0,0.0,0.0,0.0,1,1330.0,31.0,750.0,25.3,5.23,12.3,197,20,16800.0,0,0.483
2026-04-08T22:00,0.0,0.0,0.0,0.0,0.0,0.0,2,1350.0,42.0,735.0,25.0,5.11,11.9,203,69,16800.0,0,0.482
2026-04-08T23:00,0.0,0.0,0.0,0.0,0.0,0.0,1,1380.0,46.0,720.0,25.0,4.37,11.8,213,33,16800.0,1,0.482
2026-04-09T00:00,0.0,0.0,0.0,0.0,0.0,0.0,0,1370.0,47.0,870.0,26.8,3.74,10.3,203,0,17880.0,1,0.483
2026-04-09T01:00,0.0,0.0,0.0,0.0,0.0,0.0,0,1850.0,19.0,1385.0,28.7,3.62,9.4,206,4,17880.0,1,0.482
2026-04-09T02:00,0.1,0.0,0.1,0.0,0.0,0.0,51,1840.0,5.0,1805.0,29.8,5.16,11.5,225,27,17880.0,1,0.481
2026-04-09T03:00,0.0,0.0,0.0,0.0,0.0,0.0,1,1850.0,1.0,1790.0,30.2,4.92,14.1,237,35,18800.0,1,0.479
2026-04-09T04:00,0.0,0.0,0.0,0.0,0.0,0.0,1,1330.0,1.0,1880.0,31.1,4.66,13.5,237,30,18800.0,1,0.476
2026-04-09T05:00,0.1,0.1,0.0,0.0,0.0,0.0,51,340.0,0.0,2460.0,33.3,4.64,11.9,246,21,21000.0,1,0.473
2026-04-09T06:00,0.0,0.0,0.0,0.0,0.0,0.0,1,490.0,0.0,2660.0,33.9,4.24,11.3,258,32,21000.0,1,0.457
2026-04-09T07:00,0.0,0.0,0.0,0.0,0.0,0.0,1,450.0,9.0,2710.0,34.1,3.42,9.3,276,27,21320.0,1,0.454
2026-04-09T08:00,0.0,0.0,0.0,0.0,0.0,0.0,3,370.0,36.0,1750.0,33.6,3.61,8.1,301,93,20980.0,1,0.452
2026-04-09T09:00,0.0,0.0,0.0,0.0,0.0,0.0,3,580.0,101.0,510.0,31.8,2.72,8.0,340,100,20980.0,1,0.451
2026-04-09T10:00,0.0,0.0,0.0,0.0,0.0,0.0,3,200.0,55.0,25.0,31.2,0.43,5.7,69,96,20980.0,1,0.451
2026-04-09T11:00,0.0,0.0,0.0,0.0,0.0,0.0,3,150.0,58.0,10.0,29.4,0.11,1.8,117,99,20980.0,1,0.452
2026-04-09T12:00,0.0,0.0,0.0,0.0,0.0,0.0,3,280.0,44.0,190.0,27.5,2.93,5.5,44,84,19540.0,0,0.441
2026-04-09T13:00,0.0,0.0,0.0,0.0,0.0,0.0,2,580.0,165.0,405.0,26.2,3.62,7.6,70,79,18780.0,0,0.442
2026-04-09T14:00,0.0,0.0,0.0,0.0,0.0,0.0,0,670.0,195.0,490.0,25.0,4.55,10.0,82,9,17860.0,0,0.443
2026-04-09T15:00,0.0,0.0,0.0,0.0,0.0,0.0,0,590.0,190.0,375.0,23.4,3.57,9.5,68,10,16780.0,0,0.444
2026-04-09T16:00,0.0,0.0,0.0,0.0,0.0,0.0,1,490.0,78.0,415.0,22.5,3.15,7.7,89,43,15000.0,0,0.445
2026-04-09T17:00,0.0,0.0,0.0,0.0,0.0,0.0,0,730.0,78.0,325.0,21.4,1.53,6.9,109,17,13720.0,0,0.446
2026-04-09T18:00,0.0,0.0,0.0,0.0,0.0,0.0,0,1270.0,117.0,270.0,22.9,1.9,3.6,76,7,15000.0,0,0.436
2026-04-09T19:00,0.0,0.0,0.0,0.0,0.0,0.0,0,1190.0,128.0,255.0,22.4,2.55,5.7,79,2,15000.0,0,0.437
2026-04-09T20:00,0.0,0.0,0.0,0.0,0.0,0.0,1,1370.0,16.0,185.0,21.7,2.01,5.4,84,29,13720.0,0,0.438
2026-04-09T21:00,3.2,0.0,3.2,0.0,0.0,0.0,96,1140.0,6.0,175.0,20.7,1.8,5.4,13,95,7200.0,0,0.478
2026-04-09T22:00,0.1,0.1,0.0,0.0,0.0,0.0,51,1410.0,10.0,125.0,20.2,2.37,6.0,83,37,9140.0,0,0.478
2026-04-09T23:00,0.0,0.0,0.0,0.0,0.0,0.0,3,1670.0,0.0,100.0,20.1,1.75,4.5,87,100,8780.0,1,0.478
2026-04-10T00:00,0.0,0.0,0.0,0.0,0.0,0.0,3,1400.0,29.0,225.0,21.4,1.63,4.4,79,100,13040.0,1,0.444
2026-04-10T01:00,0.0,0.0,0.0,0.0,0.0,0.0,3,1310.0,36.0,295.0,22.1,2.33,5.1,75,100,13720.0,1,0.444
2026-04-10T02:00,0.0,0.0,0.0,0.0,0.0,0.0,3,1220.0,60.0,380.0,22.8,3.26,7.4,69,100,15000.0,1,0.444
2026-04-10T03:00,0.0,0.0,0.0,0.0,0.0,0.0,3,1050.0,30.0,445.0,24.1,1.66,7.3,61,100,13980.0,1,0.444
2026-04-10T04:00,0.0,0.0,0.0,0.0,0.0,0.0,3,940.0,53.0,710.0,25.9,1.68,4.8,67,99,16780.0,1,0.444
2026-04-10T05:00,0.0,0.0,0.0,0.0,0.0,0.0,3,1090.0,17.0,1030.0,28.3,1.3,5.5,92,100,17360.0,1,0.442
2026-04-10T06:00,0.0,0.0,0.0,0.0,0.0,0.0,3,1250.0,9.0,1190.0,29.5,1.78,7.0,79,85,18760.0,1,0.432
2026-04-10T07:00,0.0,0.0,0.0,0.0,0.0,0.0,3,1180.0,12.0,1135.0,30.0,2.73,7.6,76,100,18760.0,1,0.431
2026-04-10T08:00,0.4,0.0,0.4,0.0,0.0,0.0,51,1130.0,36.0,425.0,27.6,3.61,7.8,94,80,16780.0,1,0.433
2026-04-10T09:00,1.0,0.0,1.0,0.0,0.0,0.0,55,820.0,4.0,545.0,26.5,3.37,8.7,78,56,16780.0,1,0.443
2026-04-10T10:00,0.0,0.0,0.0,0.0,0.0,0.0,3,580.0,14.0,595.0,24.0,5.37,11.7,66,83,13220.0,1,0.444
2026-04-10T11:00,2.7,0.0,2.7,0.0,0.0,0.0,95,440.0,19.0,575.0,22.0,2.55,11.8,50,96,7140.0,1,0.477
2026-04-10T12:00,0.1,0.1,0.0,0.0,0.0,0.0,51,310.0,1.0,545.0,21.4,3.15,7.9,72,100,1460.0,0,0.455
2026-04-10T13:00,3.8,3.2,0.6,0.0,0.0,0.0,81,340.0,7.0,685.0,21.0,4.65,9.4,51,83,3540.0,0,0.502
2026-04-10T14:00,0.3,0.3,0.0,0.0,0.0,0.0,51,170.0,41.0,680.0,20.3,4.77,11.6,57,72,8100.0,0,0.501
2026-04-10T15:00,0.0,0.0,0.0,0.0,0.0,0.0,2,0.0,42.0,640.0,19.6,3.09,9.9,34,63,7840.0,0,0.498
2026-04-10T16:00,0.1,0.1,0.0,0.0,0.0,0.0,51,80.0,7.0,505.0,19.1,2.83,7.5,32,67,9300.0,0,0.496
2026-04-10T17:00,0.0,0.0,0.0,0.0,0.0,0.0,3,120.0,6.0,480.0,18.6,2.97,6.5,36,97,6180.0,0,0.494
2026-04-10T18:00,0.2,0.2,0.0,0.0,0.0,0.0,51,30.0,29.0,420.0,18.4,0.81,6.6,349,100,6500.0,0,0.484
2026-04-10T19:00,0.5,0.1,0.4,0.0,0.0,0.0,53,110.0,9.0,530.0,18.6,2.09,4.0,42,100,8420.0,0,0.489
2026-04-10T20:00,5.7,0.0,5.7,0.0,0.0,0.0,81,0.0,14.0,535.0,18.4,1.99,5.8,28,98,5780.0,0,0.52
2026-04-10T21:00,5.1,0.3,4.8,0.0,0.0,0.0,81,160.0,4.0,515.0,18.1,1.43,4.0,36,99,4820.0,0,0.51
2026-04-10T22:00,0.3,0.2,0.1,0.0,0.0,0.0,51,190.0,0.0,410.0,18.1,1.03,3.7,346,100,6600.0,0,0.508
2026-04-10T23:00,0.6,0.3,0.3,0.0,0.0,0.0,53,180.0,5.0,405.0,18.2,0.99,2.9,30,100,4200.0,1,0.507
2026-04-11T00:00,0.3,0.3,0.0,0.0,0.0,0.0,51,270.0,5.0,515.0,18.6,2.08,3.3,30,100,13720.0,1,0.458
2026-04-11T01:00,0.1,0.1,0.0,0.0,0.0,0.0,51,230.0,3.0,465.0,19.3,2.52,6.4,39,100,8640.0,1,0.459
2026-04-11T02:00,0.4,0.2,0.2,0.0,0.0,0.0,51,180.0,5.0,460.0,19.9,1.73,5.5,44,100,5100.0,1,0.462
2026-04-11T03:00,0.4,0.1,0.3,0.0,0.0,0.0,51,190.0,4.0,490.0,20.3,1.56,4.4,50,100,8940.0,1,0.465
2026-04-11T04:00,4.3,0.1,4.2,0.0,0.0,0.0,81,170.0,1.0,545.0,20.9,1.6,4.4,39,100,5920.0,1,0.517
2026-04-11T05:00,4.2,0.2,4.0,0.0,0.0,0.0,81,160.0,19.0,360.0,21.6,1.14,4.8,38,98,5640.0,1,0.503
2026-04-11T06:00,0.2,0.2,0.0,0.0,0.0,0.0,51,150.0,3.0,800.0,21.7,0.99,3.8,60,78,10120.0,1,0.545
2026-04-11T07:00,0.0,0.0,0.0,0.0,0.0,0.0,3,120.0,26.0,960.0,23.1,1.72,4.9,54,100,17820.0,1,0.499
2026-04-11T08:00,0.0,0.0,0.0,0.0,0.0,0.0,3,100.0,48.0,825.0,22.7,2.41,5.6,50,100,17820.0,1,0.497
2026-04-11T09:00,0.0,0.0,0.0,0.0,0.0,0.0,3,0.0,38.0,730.0,22.4,2.45,6.1,51,100,17820.0,1,0.495
2026-04-11T10:00,0.0,0.0,0.0,0.0,0.0,0.0,3,90.0,48.0,755.0,22.6,1.87,5.5,56,100,17820.0,1,0.494
2026-04-11T11:00,0.0,0.0,0.0,0.0,0.0,0.0,3,0.0,84.0,460.0,21.7,1.99,3.9,65,100,16760.0,1,0.493
2026-04-11T12:00,0.1,0.1,0.0,0.0,0.0,0.0,51,70.0,37.0,545.0,20.3,2.56,5.9,73,97,10100.0,0,0.49
2026-04-11T13:00,0.0,0.0,0.0,0.0,0.0,0.0,0,10.0,97.0,535.0,20.1,3.09,6.5,56,9,12160.0,0,0.489
2026-04-11T14:00,0.0,0.0,0.0,0.0,0.0,0.0,0,0.0,117.0,485.0,18.9,2.62,6.5,40,13,13280.0,0,0.487
2026-04-11T15:00,0.0,0.0,0.0,0.0,0.0,0.0,2,0.0,211.0,495.0,18.3,2.11,5.7,76,69,14920.0,0,0.486
2026-04-11T16:00,0.0,0.0,0.0,0.0,0.0,0.0,2,0.0,105.0,485.0,18.5,2.31,5.3,60,72,15000.0,0,0.485
2026-04-11T17:00,0.0,0.0,0.0,0.0,0.0,0.0,1,0.0,20.0,405.0,17.6,1.51,5.1,56,32,14140.0,0,0.484
2026-04-11T18:00,0.0,0.0,0.0,0.0,0.0,0.0,1,0.0,63.0,395.0,18.3,2.39,4.4,57,34,12840.0,0,0.471
2026-04-11T19:00,0.0,0.0,0.0,0.0,0.0,0.0,0,0.0,40.0,355.0,17.8,2.1,5.1,62,17,13340.0,0,0.471
2026-04-11T20:00,0.0,0.0,0.0,0.0,0.0,0.0,3,190.0,8.0,380.0,17.2,2.08,4.7,66,100,12000.0,0,0.471
2026-04-11T21:00,0.0,0.0,0.0,0.0,0.0,0.0,3,170.0,9.0,445.0,17.7,2.26,5.1,59,100,13720.0,0,0.471
2026-04-11T22:00,0.0,0.0,0.0,0.0,0.0,0.0,3,160.0,3.0,455.0,17.6,2.25,5.2,53,98,6400.0,0,0.471
2026-04-11T23:00,0.1,0.1,0.0,0.0,0.0,0.0,51,140.0,10.0,405.0,17.3,2.39,5.0,61,57,10120.0,1,0.471
2026-04-12T00:00,0.0,0.0,0.0,0.0,0.0,0.0,1,100.0,15.0,460.0,18.2,2.68,6.9,57,26,7800.0,1,0.479
2026-04-12T01:00,0.1,0.1,0.0,0.0,0.0,0.0,51,0.0,22.0,630.0,20.1,3.73,8.4,64,97,11260.0,1,0.478
2026-04-12T02:00,0.0,0.0,0.0,0.0,0.0,0.0,3,0.0,27.0,825.0,21.6,3.11,8.5,64,91,17800.0,1,0.477
2026-04-12T03:00,0.0,0.0,0.0,0.0,0.0,0.0,3,0.0,42.0,950.0,23.1,2.66,7.5,78,84,17800.0,1,0.475
2026-04-12T04:00,0.0,0.0,0.0,0.0,0.0,0.0,2,120.0,38.0,975.0,23.4,2.02,7.0,50,63,17800.0,1,0.473
2026-04-12T05:00,0.0,0.0,0.0,0.0,0.0,0.0,3,40.0,130.0,1235.0,25.4,2.1,6.4,52,100,18700.0,1,0.47
2026-04-12T06:00,0.0,0.0,0.0,0.0,0.0,0.0,3,0.0,25.0,1145.0,23.8,2.05,6.1,89,100,17800.0,1,0.491
2026-04-12T07:00,0.0,0.0,0.0,0.0,0.0,0.0,3,0.0,144.0,1170.0,24.0,2.28,5.6,81,100,18700.0,1,0.488
2026-04-12T08:00,0.0,0.0,0.0,0.0,0.0,0.0,3,0.0,47.0,1105.0,23.8,2.56,6.0,84,100,17800.0,1,0.486
2026-04-12T09:00,0.0,0.0,0.0,0.0,0.0,0.0,3,50.0,24.0,1005.0,23.5,2.98,6.9,81,100,17800.0,1,0.484
2026-04-12T10:00,0.0,0.0,0.0,0.0,0.0,0.0,3,40.0,26.0,830.0,22.8,2.61,7.0,86,100,17800.0,1,0.482
2026-04-12T11:00,0.0,0.0,0.0,0.0,0.0,0.0,3,50.0,20.0,495.0,21.9,1.81,5.5,96,100,17800.0,1,0.481
2026-04-12T12:00,0.0,0.0,0.0,0.0,0.0,0.0,3,30.0,29.0,365.0,20.8,2.1,3.8,87,100,16740.0,0,0.489
2026-04-12T13:00,0.0,0.0,0.0,0.0,0.0,0.0,2,0.0,124.0,385.0,20.5,1.95,4.5,90,73,16740.0,0,0.488
2026-04-12T14:00,0.0,0.0,0.0,0.0,0.0,0.0,3,0.0,57.0,265.0,19.2,1.46,4.3,82,84,14820.0,0,0.486
2026-04-12T15:00,0.0,0.0,0.0,0.0,0.0,0.0,3,0.0,70.0,390.0,19.1,1.87,4.4,81,100,13740.0,0,0.485
2026-04-12T16:00,0.0,0.0,0.0,0.0,0.0,0.0,3,30.0,86.0,360.0,19.1,0.81,4.4,83,100,15000.0,0,0.484
2026-04-12T17:00,0.0,0.0,0.0,0.0,0.0,0.0,3,60.0,147.0,430.0,19.2,1.31,3.7,50,91,15000.0,0,0.483
2026-04-12T18:00,0.0,0.0,0.0,0.0,0.0,0.0,3,20.0,220.0,495.0,19.3,1.61,3.3,97,85,15000.0,0,0.479
2026-04-12T19:00,0.0,0.0,0.0,0.0,0.0,0.0,3,0.0,163.0,465.0,18.7,1.21,3.9,66,100,15000.0,0,0.479
2026-04-12T20:00,0.0,0.0,0.0,0.0,0.0,0.0,3,120.0,18.0,445.0,18.5,1.48,3.5,78,100,15000.0,0,0.478
2026-04-12T21:00,0.1,0.1,0.0,0.0,0.0,0.0,51,260.0,6.0,525.0,18.5,1.81,4.2,96,100,5760.0,0,0.478
2026-04-12T22:00,0.9,0.3,0.6,0.0,0.0,0.0,53,180.0,19.0,500.0,18.0,1.36,4.3,96,90,4780.0,0,0.486
2026-04-12T23:00,0.2,0.1,0.1,0.0,0.0,0.0,51,0.0,11.0,465.0,17.9,2.3,4.9,88,84,7760.0,1,0.488
2026-04-13T00:00,0.1,0.1,0.0,0.0,0.0,0.0,51,80.0,8.0,435.0,17.9,1.42,6.4,48,100,4640.0,1,0.497
2026-04-13T01:00,0.6,0.4,0.2,0.0,0.0,0.0,53,0.0,7.0,430.0,18.0,1.67,3.9,51,100,5260.0,1,0.5
2026-04-13T02:00,0.1,0.1,0.0,0.0,0.0,0.0,51,140.0,4.0,470.0,18.8,3.29,6.4,64,100,9480.0,1,0.497
2026-04-13T03:00,1.0,0.3,0.7,0.0,0.0,0.0,55,110.0,6.0,455.0,18.8,1.76,6.9,55,100,3720.0,1,0.505
2026-04-13T04:00,0.6,0.6,0.0,0.0,0.0,0.0,53,100.0,10.0,425.0,19.8,2.39,5.7,61,100,5140.0,1,0.505
2026-04-13T05:00,0.1,0.1,0.0,0.0,0.0,0.0,51,50.0,9.0,535.0,21.0,1.8,5.6,46,100,16740.0,1,0.501
2026-04-13T06:00,0.0,0.0,0.0,0.0,0.0,0.0,3,10.0,14.0,660.0,20.1,2.48,4.8,28,100,16740.0,1,0.516
2026-04-13T07:00,0.0,0.0,0.0,0.0,0.0,0.0,3,0.0,8.0,760.0,20.8,2.8,6.5,43,100,16740.0,1,0.506
2026-04-13T08:00,0.0,0.0,0.0,0.0,0.0,0.0,3,0.0,31.0,835.0,21.3,2.9,7.0,42,100,17780.0,1,0.501
2026-04-13T09:00,0.0,0.0,0.0,0.0,0.0,0.0,3,0.0,43.0,705.0,21.1,2.28,6.6,75,100,17780.0,1,0.498
2026-04-13T10:00,0.0,0.0,0.0,0.0,0.0,0.0,3,0.0,15.0,580.0,20.8,2.45,5.1,90,100,16720.0,1,0.496
2026-04-13T11:00,0.0,0.0,0.0,0.0,0.0,0.0,3,0.0,39.0,465.0,20.1,2.59,5.3,80,100,16720.0,1,0.494
2026-04-13T12:00,0.0,0.0,0.0,0.0,0.0,0.0,1,0.0,32.0,440.0,19.3,3.54,6.2,74,23,15740.0,0,0.487
2026-04-13T13:00,0.0,0.0,0.0,0.0,0.0,0.0,2,0.0,37.0,405.0,17.9,2.69,7.4,68,60,15000.0,0,0.486
2026-04-13T14:00,0.0,0.0,0.0,0.0,0.0,0.0,1,0.0,29.0,360.0,17.5,2.65,5.8,58,36,13680.0,0,0.485
2026-04-13T15:00,0.0,0.0,0.0,0.0,0.0,0.0,3,0.0,21.0,345.0,17.1,2.71,5.8,67,100,13740.0,0,0.485
2026-04-13T16:00,0.0,0.0,0.0,0.0,0.0,0.0,2,0.0,34.0,410.0,17.4,2.37,6.2,65,51,13680.0,0,0.484
2026-04-13T17:00,0.0,0.0,0.0,0.0,0.0,0.0,2,0.0,26.0,390.0,16.4,1.96,5.2,58,60,13380.0,0,0.484
2026-04-13T18:00,0.0,0.0,0.0,0.0,0.0,0.0,0,0.0,6.0,395.0,16.8,2.34,5.4,70,13,11960.0,0,0.472
2026-04-13T19:00,0.0,0.0,0.0,0.0,0.0,0.0,0,0.0,11.0,360.0,16.4,2.46,5.5,63,14,12140.0,0,0.472
2026-04-13T20:00,0.0,0.0,0.0,0.0,0.0,0.0,1,190.0,12.0,350.0,16.1,2.2,5.3,51,26,13300.0,0,0.472
2026-04-13T21:00,0.0,0.0,0.0,0.0,0.0,0.0,3,0.0,4.0,365.0,15.9,2.21,5.1,52,83,13740.0,0,0.472
2026-04-13T22:00,0.0,0.0,0.0,0.0,0.0,0.0,3,0.0,4.0,385.0,16.0,2.32,5.1,37,83,10020.0,0,0.472
2026-04-13T23:00,0.0,0.0,0.0,0.0,0.0,0.0,2,170.0,15.0,415.0,16.2,2.39,5.4,57,73,7320.0,1,0.472
2026-04-14T00:00,0.1,0.1,0.0,0.0,0.0,0.0,51,0.0,11.0,425.0,16.1,1.96,6.6,71,58,9040.0,1,0.487
2026-04-14T01:00,0.0,0.0,0.0,0.0,0.0,0.0,3,0.0,0.0,520.0,18.0,2.96,6.7,71,88,14280.0,1,0.486
2026-04-14T02:00,0.3,0.0,0.3,0.0,0.0,0.0,51,0.0,24.0,665.0,18.9,2.78,7.2,67,88,16720.0,1,0.487
2026-04-14T03:00,0.0,0.0,0.0,0.0,0.0,0.0,3,0.0,10.0,785.0,20.2,2.75,7.1,71,91,11880.0,1,0.485
2026-04-14T04:00,0.0,0.0,0.0,0.0,0.0,0.0,3,0.0,0.0,985.0,21.5,2.12,6.9,63,99,17760.0,1,0.483
2026-04-14T05:00,0.0,0.0,0.0,0.0,0.0,0.0,3,0.0,0.0,1145.0,22.6,1.6,5.8,70,100,17760.0,1,0.481
2026-04-14T06:00,0.0,0.0,0.0,0.0,0.0,0.0,3,0.0,120.0,1140.0,22.1,1.95,4.9,87,100,17760.0,1,0.511
2026-04-14T07:00,0.0,0.0,0.0,0.0,0.0,0.0,3,0.0,12.0,1210.0,22.9,1.82,5.6,74,100,18620.0,1,0.504
2026-04-14T08:00,0.0,0.0,0.0,0.0,0.0,0.0,3,0.0,14.0,1185.0,22.8,2.15,5.4,68,99,18620.0,1,0.499
2026-04-14T09:00,0.0,0.0,0.0,0.0,0.0,0.0,2,0.0,183.0,1100.0,22.6,2.04,5.4,65,72,18620.0,1,0.496
2026-04-14T10:00,0.0,0.0,0.0,0.0,0.0,0.0,3,0.0,19.0,670.0,22.0,1.75,5.1,77,100,17760.0,1,0.493
2026-04-14T11:00,0.0,0.0,0.0,0.0,0.0,0.0,2,0.0,20.0,175.0,20.7,1.55,3.6,94,78,17760.0,1,0.492
2026-04-14T12:00,0.0,0.0,0.0,0.0,0.0,0.0,2,0.0,21.0,595.0,19.4,2.66,4.2,106,55,16720.0,0,0.466
2026-04-14T13:00,0.0,0.0,0.0,0.0,0.0,0.0,0,0.0,20.0,425.0,17.9,2.2,5.7,111,19,14660.0,0,0.466
2026-04-14T14:00,0.0,0.0,0.0,0.0,0.0,0.0,3,0.0,19.0,325.0,17.0,1.81,4.8,84,94,13660.0,0,0.466
2026-04-14T15:00,0.0,0.0,0.0,0.0,0.0,0.0,2,0.0,17.0,355.0,16.8,1.95,5.1,87,68,13760.0,0,0.466
2026-04-14T16:00,0.0,0.0,0.0,0.0,0.0,0.0,3,0.0,15.0,235.0,16.0,0.91,4.3,84,99,12180.0,0,0.466
2026-04-14T17:00,0.0,0.0,0.0,0.0,0.0,0.0,3,0.0,13.0,175.0,15.9,1.03,2.4,23,88,13760.0,0,0.466
2026-04-14T18:00,0.0,0.0,0.0,0.0,0.0,0.0,2,60.0,1.0,195.0,16.6,0.89,2.7,52,72,8360.0,0,0.466
2026-04-14T19:00,0.8,0.1,0.7,0.0,0.0,0.0,53,0.0,10.0,165.0,16.4,0.87,3.1,24,91,6640.0,0,0.474
2026-04-14T20:00,0.6,0.1,0.5,0.0,0.0,0.0,53,120.0,4.0,240.0,16.2,1.0,3.0,96,98,6160.0,0,0.482
2026-04-14T21:00,1.0,0.2,0.8,0.0,0.0,0.0,55,230.0,1.0,280.0,16.3,0.45,2.6,6,92,5060.0,0,0.495
2026-04-14T22:00,1.2,0.2,1.0,0.0,0.0,0.0,55,0.0,31.0,315.0,15.9,1.35,3.0,48,56,6380.0,0,0.506
2026-04-14T23:00,0.1,0.1,0.0,0.0,0.0,0.0,51,0.0,2.0,255.0,15.8,1.7,3.5,76,18,10000.0,1,0.502
2026-04-15T00:00,0.0,0.0,0.0,0.0,0.0,0.0,3,0.0,32.0,440.0,16.3,1.68,5.1,73,100,10940.0,1,0.511
2026-04-15T01:00,0.1,0.1,0.0,0.0,0.0,0.0,51,120.0,35.0,365.0,16.7,2.06,4.6,72,99,8040.0,1,0.507
2026-04-15T02:00,0.0,0.0,0.0,0.0,0.0,0.0,3,70.0,79.0,560.0,18.3,2.23,5.5,70,96,16700.0,1,0.503
2026-04-15T03:00,0.0,0.0,0.0,0.0,0.0,0.0,2,70.0,58.0,770.0,20.4,2.43,6.4,81,69,17740.0,1,0.5
2026-04-15T04:00,0.0,0.0,0.0,0.0,0.0,0.0,3,0.0,14.0,1010.0,22.3,2.1,6.5,89,98,17740.0,1,0.497
2026-04-15T05:00,0.0,0.0,0.0,0.0,0.0,0.0,3,100.0,49.0,1070.0,23.0,2.38,6.4,80,98,17740.0,1,0.493
2026-04-15T06:00,0.0,0.0,0.0,0.0,0.0,0.0,3,140.0,22.0,935.0,21.2,2.12,6.5,98,100,17740.0,1,0.537
2026-04-15T07:00,0.1,0.1,0.0,0.0,0.0,0.0,51,130.0,4.0,745.0,20.3,2.08,5.5,100,95,9540.0,1,0.51
2026-04-15T08:00,0.0,0.0,0.0,0.0,0.0,0.0,3,220.0,10.0,850.0,21.1,1.71,5.6,95,100,12800.0,1,0.506
2026-04-15T09:00,0.0,0.0,0.0,0.0,0.0,0.0,3,110.0,29.0,655.0,20.4,1.7,4.9,93,100,17740.0,1,0.504
2026-04-15T10:00,0.0,0.0,0.0,0.0,0.0,0.0,3,100.0,50.0,565.0,20.2,2.06,4.4,94,100,16700.0,1,0.501
2026-04-15T11:00,0.0,0.0,0.0,0.0,0.0,0.0,3,90.0,96.0,380.0,19.2,1.84,4.7,103,92,16700.0,1,0.5
2026-04-15T12:00,0.0,0.0,0.0,0.0,0.0,0.0,1,0.0,103.0,105.0,16.9,1.3,3.9,113,35,11700.0,0,0.498
2026-04-15T13:00,0.0,0.0,0.0,0.0,0.0,0.0,3,460.0,15.0,130.0,16.3,1.36,3.1,84,100,10820.0,0,0.497
2026-04-15T14:00,0.0,0.0,0.0,0.0,0.0,0.0,3,600.0,21.0,425.0,16.8,2.2,4.4,60,100,11220.0,0,0.496
2026-04-15T15:00,0.0,0.0,0.0,0.0,0.0,0.0,3,580.0,10.0,405.0,16.9,2.55,6.0,55,100,7100.0,0,0.496
2026-04-15T16:00,0.2,0.2,0.0,0.0,0.0,0.0,51,520.0,9.0,350.0,16.8,1.77,5.2,43,100,4720.0,0,0.496
2026-04-15T17:00,6.0,0.4,5.6,0.0,0.0,0.0,95,560.0,0.0,350.0,16.3,1.19,3.7,68,100,4420.0,0,0.51
2026-04-15T18:00,9.4,0.2,9.2,0.0,0.0,0.0,82,200.0,12.0,320.0,16.2,1.4,4.0,55,100,5760.0,0,0.509
2026-04-15T19:00,1.9,0.2,1.7,0.0,0.0,0.0,80,0.0,10.0,305.0,15.8,1.32,3.5,61,100,5740.0,0,0.508
2026-04-15T20:00,0.4,0.2,0.2,0.0,0.0,0.0,51,150.0,11.0,215.0,15.9,0.78,3.0,50,95,6180.0,0,0.508
2026-04-15T21:00,0.1,0.1,0.0,0.0,0.0,0.0,51,0.0,4.0,70.0,15.8,0.89,2.2,106,77,5940.0,0,0.507
2026-04-15T22:00,0.1,0.1,0.0,0.0,0.0,0.0,51,0.0,10.0,35.0,15.6,0.5,2.0,174,98,6500.0,0,0.506
2026-04-15T23:00,0.2,0.2,0.0,0.0,0.0,0.0,51,0.0,0.0,40.0,15.8,0.99,1.9,150,50,6180.0,1,0.505
2026-04-16T00:00,0.0,0.0,0.0,0.0,0.0,0.0,1,0.0,33.0,145.0,16.7,1.28,2.5,231,49,10720.0,1,0.515
2026-04-16T01:00,0.0,0.0,0.0,0.0,0.0,0.0,3,0.0,13.0,440.0,18.5,1.51,4.8,262,98,14940.0,1,0.509
2026-04-16T02:00,0.0,0.0,0.0,0.0,0.0,0.0,2,0.0,20.0,605.0,20.2,0.97,4.6,291,50,16700.0,1,0.506
2026-04-16T03:00,0.0,0.0,0.0,0.0,0.0,0.0,2,0.0,27.0,995.0,23.3,0.99,4.7,319,66,18560.0,1,0.502
2026-04-16T04:00,0.0,0.0,0.0,0.0,0.0,0.0,3,0.0,33.0,1295.0,25.0,1.26,4.7,326,89,18560.0,1,0.498
2026-04-16T05:00,0.0,0.0,0.0,0.0,0.0,0.0,3,10.0,93.0,1615.0,26.4,1.39,4.8,334,100,19260.0,1,0.495
2026-04-16T06:00,0.0,0.0,0.0,0.0,0.0,0.0,3,0.0,59.0,1630.0,26.2,1.05,4.7,295,100,19260.0,1,0.537
2026-04-16T07:00,0.0,0.0,0.0,0.0,0.0,0.0,3,10.0,64.0,1725.0,26.9,0.54,3.8,326,100,19260.0,1,0.51
2026-04-16T08:00,0.0,0.0,0.0,0.0,0.0,0.0,3,0.0,72.0,1030.0,26.2,2.45,5.5,91,100,19260.0,1,0.506
2026-04-16T09:00,0.0,0.0,0.0,0.0,0.0,0.0,3,40.0,110.0,475.0,24.6,3.88,8.1,97,100,18560.0,1,0.503
2026-04-16T10:00,0.0,0.0,0.0,0.0,0.0,0.0,2,40.0,139.0,335.0,23.7,3.0,8.4,87,79,17700.0,1,0.5
2026-04-16T11:00,0.0,0.0,0.0,0.0,0.0,0.0,1,50.0,147.0,205.0,22.1,2.12,6.1,82,27,17700.0,1,0.499
2026-04-16T12:00,0.0,0.0,0.0,0.0,0.0,0.0,2,0.0,217.0,235.0,20.5,2.02,5.4,97,70,16680.0,0,0.48
2026-04-16T13:00,0.0,0.0,0.0,0.0,0.0,0.0,1,0.0,241.0,100.0,19.3,2.01,4.4,86,45,14780.0,0,0.48
2026-04-16T14:00,0.0,0.0,0.0,0.0,0.0,0.0,2,0.0,252.0,70.0,18.6,1.46,4.4,74,70,13760.0,0,0.48
2026-04-16T15:00,0.0,0.0,0.0,0.0,0.0,0.0,1,0.0,29.0,30.0,17.7,0.89,3.5,106,48,13760.0,0,0.48
2026-04-16T16:00,0.0,0.0,0.0,0.0,0.0,0.0,3,0.0,123.0,10.0,17.6,0.15,2.5,180,95,13760.0,0,0.48
2026-04-16T17:00,0.0,0.0,0.0,0.0,0.0,0.0,3,0.0,122.0,15.0,17.4,0.21,1.4,256,100,12200.0,0,0.48
2026-04-16T18:00,0.0,0.0,0.0,0.0,0.0,0.0,2,30.0,27.0,35.0,18.1,0.67,1.6,347,58,13680.0,0,0.48
2026-04-16T19:00,0.0,0.0,0.0,0.0,0.0,0.0,3,20.0,38.0,80.0,17.4,1.21,2.9,30,82,8220.0,0,0.48
2026-04-16T20:00,0.1,0.1,0.0,0.0,0.0,0.0,51,0.0,118.0,195.0,18.2,1.06,3.4,19,64,10420.0,0,0.48
2026-04-16T21:00,0.0,0.0,0.0,0.0,0.0,0.0,2,0.0,57.0,45.0,17.9,0.46,2.9,13,63,12640.0,0,0.48
2026-04-16T22:00,0.0,0.0,0.0,0.0,0.0,0.0,3,0.0,114.0,90.0,17.3,1.05,2.7,360,100,14980.0,0,0.48
2026-04-16T23:00,0.0,0.0,0.0,0.0,0.0,0.0,3,0.0,9.0,130.0,18.3,0.96,3.0,351,99,14980.0,1,0.48
2026-04-17T00:00,0.0,0.0,0.0,0.0,0.0,0.0,3,10.0,4.0,50.0,18.2,0.86,2.8,277,100,13760.0,1,0.479
2026-04-17T01:00,0.1,0.1,0.0,0.0,0.0,0.0,51,0.0,114.0,115.0,18.7,0.61,2.0,35,100,5740.0,1,0.48
2026-04-17T02:00,0.2,0.2,0.0,0.0,0.0,0.0,51,0.0,5.0,445.0,20.1,1.06,3.3,8,100,8920.0,1,0.481
2026-04-17T03:00,0.0,0.0,0.0,0.0,0.0,0.0,3,0.0,2.0,715.0,21.7,1.88,5.2,22,100,16660.0,1,0.48
2026-04-17T04:00,0.0,0.0,0.0,0.0,0.0,0.0,3,10.0,2.0,865.0,21.8,1.68,5.3,17,100,17680.0,1,0.479
2026-04-17T05:00,0.0,0.0,0.0,0.0,0.0,0.0,3,10.0,31.0,1105.0,23.6,2.07,5.9,32,96,18520.0,1,0.477
2026-04-17T06:00,0.0,0.0,0.0,0.0,0.0,0.0,1,0.0,18.0,1040.0,22.3,1.73,5.9,22,25,18520.0,1,0.475
2026-04-17T07:00,0.0,0.0,0.0,0.0,0.0,0.0,2,0.0,71.0,1510.0,24.9,1.7,5.7,24,72,19220.0,1,0.472
2026-04-17T08:00,0.0,0.0,0.0,0.0,0.0,0.0,2,0.0,132.0,1655.0,25.0,1.62,5.3,34,55,19220.0,1,0.47
2026-04-17T09:00,0.0,0.0,0.0,0.0,0.0,0.0,2,0.0,110.0,1555.0,24.6,2.08,4.8,30,54,19220.0,1,0.469
2026-04-17T10:00,0.0,0.0,0.0,0.0,0.0,0.0,0,0.0,124.0,500.0,23.3,2.19,5.3,43,7,18520.0,1,0.469
2026-04-17T11:00,0.0,0.0,0.0,0.0,0.0,0.0,0,0.0,158.0,200.0,20.9,2.45,5.0,73,4,17680.0,1,0.468
2026-04-17T12:00,0.0,0.0,0.0,0.0,0.0,0.0,0,0.0,58.0,65.0,19.5,1.65,5.0,93,2,16660.0,0,0.457
2026-04-17T13:00,0.0,0.0,0.0,0.0,0.0,0.0,0,0.0,133.0,25.0,17.8,0.95,3.4,93,0,14980.0,0,0.458
2026-04-17T14:00,0.0,0.0,0.0,0.0,0.0,0.0,0,0.0,220.0,10.0,17.0,0.21,2.0,135,0,13760.0,0,0.458
2026-04-17T15:00,0.0,0.0,0.0,0.0,0.0,0.0,0,0.0,49.0,10.0,16.3,0.22,0.8,117,1,13760.0,0,0.459
2026-04-17T16:00,0.0,0.0,0.0,0.0,0.0,0.0,0,0.0,45.0,15.0,15.5,0.51,1.3,101,2,12220.0,0,0.459
2026-04-17T17:00,0.0,0.0,0.0,0.0,0.0,0.0,0,0.0,41.0,10.0,15.3,0.15,1.4,90,0,12220.0,0,0.46
2026-04-17T18:00,0.0,0.0,0.0,0.0,0.0,0.0,0,0.0,37.0,10.0,15.4,0.11,0.7,27,4,8980.0,0,0.46
2026-04-17T19:00,0.0,0.0,0.0,0.0,0.0,0.0,0,0.0,32.0,10.0,15.0,0.07,0.5,45,9,8980.0,0,0.46
2026-04-17T20:00,0.0,0.0,0.0,0.0,0.0,0.0,2,0.0,29.0,35.0,14.7,0.36,0.8,214,72,8980.0,0,0.46
2026-04-17T21:00,0.0,0.0,0.0,0.0,0.0,0.0,3,0.0,25.0,55.0,14.2,0.47,1.0,252,99,8980.0,0,0.461
2026-04-17T22:00,0.0,0.0,0.0,0.0,0.0,0.0,3,0.0,21.0,65.0,13.8,0.54,1.5,236,100,5840.0,0,0.461
2026-04-17T23:00,0.0,0.0,0.0,0.0,0.0,0.0,3,0.0,18.0,55.0,14.5,0.8,1.9,176,100,2420.0,1,0.462
2026-04-18T00:00,0.0,0.0,0.0,0.0,0.0,0.0,3,0.0,15.0,95.0,15.8,0.54,2.6,22,99,260.0,1,0.46
2026-04-18T01:00,0.0,0.0,0.0,0.0,0.0,0.0,3,0.0,301.0,170.0,18.4,0.74,3.3,290,100,14980.0,1,0.46
2026-04-18T02:00,0.0,0.0,0.0,0.0,0.0,0.0,3,160.0,46.0,355.0,21.3,0.81,4.1,300,100,16640.0,1,0.459
2026-04-18T03:00,0.0,0.0,0.0,0.0,0.0,0.0,1,150.0,48.0,650.0,23.6,0.65,4.0,328,49,17660.0,1,0.458
2026-04-18T04:00,0.0,0.0,0.0,0.0,0.0,0.0,3,100.0,62.0,1075.0,25.7,0.22,4.0,297,88,18500.0,1,0.455
2026-04-18T05:00,0.0,0.0,0.0,0.0,0.0,0.0,2,80.0,99.0,1395.0,27.4,0.25,3.5,180,59,19180.0,1,0.452
2026-04-18T06:00,0.0,0.0,0.0,0.0,0.0,0.0,1,70.0,127.0,1670.0,27.8,0.6,3.7,204,27,20480.0,1,0.449
2026-04-18T07:00,0.0,0.0,0.0,0.0,0.0,0.0,0,80.0,257.0,1940.0,28.7,0.61,3.7,235,2,20480.0,1,0.447
2026-04-18T08:00,0.0,0.0,0.0,0.0,0.0,0.0,1,60.0,278.0,1955.0,28.9,0.21,3.5,256,21,20480.0,1,0.445
2026-04-18T09:00,0.0,0.0,0.0,0.0,0.0,0.0,0,30.0,328.0,1715.0,28.6,0.67,2.4,132,1,20480.0,1,0.444
2026-04-18T10:00,0.0,0.0,0.0,0.0,0.0,0.0,0,140.0,275.0,175.0,27.2,1.2,2.3,92,0,19160.0,1,0.443
2026-04-18T11:00,0.0,0.0,0.0,0.0,0.0,0.0,0,30.0,545.0,115.0,23.8,2.33,5.1,105,0,18480.0,1,0.443
2026-04-18T12:00,0.0,0.0,0.0,0.0,0.0,0.0,0,220.0,228.0,45.0,21.5,1.51,4.9,98,1,17640.0,0,0.426
2026-04-18T13:00,0.0,0.0,0.0,0.0,0.0,0.0,0,210.0,238.0,35.0,20.4,1.46,3.4,98,5,16640.0,0,0.427
2026-04-18T14:00,0.0,0.0,0.0,0.0,0.0,0.0,0,220.0,198.0,20.0,19.1,0.9,3.3,109,2,14960.0,0,0.428
2026-04-18T15:00,0.0,0.0,0.0,0.0,0.0,0.0,0,240.0,223.0,15.0,18.3,0.65,2.2,122,0,13760.0,0,0.429
2026-04-18T16:00,0.0,0.0,0.0,0.0,0.0,0.0,0,290.0,229.0,10.0,17.9,0.21,1.8,104,0,13760.0,0,0.43
2026-04-18T17:00,0.0,0.0,0.0,0.0,0.0,0.0,0,330.0,233.0,10.0,17.9,0.11,1.1,117,6,13760.0,0,0.43
2026-04-18T18:00,0.0,0.0,0.0,0.0,0.0,0.0,0,280.0,229.0,10.0,17.9,0.25,1.0,101,7,14980.0,0,0.437
2026-04-18T19:00,0.0,0.0,0.0,0.0,0.0,0.0,0,270.0,223.0,10.0,17.6,0.15,1.4,90,1,13760.0,0,0.438
2026-04-18T20:00,0.0,0.0,0.0,0.0,0.0,0.0,0,230.0,240.0,15.0,16.9,0.36,1.4,74,5,13760.0,0,0.438
2026-04-18T21:00,0.0,0.0,0.0,0.0,0.0,0.0,0,0.0,241.0,15.0,16.3,0.51,1.6,101,5,12220.0,0,0.439
2026-04-18T22:00,0.0,0.0,0.0,0.0,0.0,0.0,3,330.0,198.0,15.0,15.9,0.49,1.7,114,100,12220.0,0,0.439
2026-04-18T23:00,0.0,0.0,0.0,0.0,0.0,0.0,3,470.0,190.0,10.0,16.6,0.36,1.6,124,100,12220.0,1,0.44
2026-04-19T00:00,0.0,0.0,0.0,0.0,0.0,0.0,3,500.0,144.0,55.0,19.6,0.36,2.0,344,100,14960.0,1,0.429
2026-04-19T01:00,0.0,0.0,0.0,0.0,0.0,0.0,3,0.0,491.0,190.0,22.7,0.43,2.7,21,100,16620.0,1,0.429
2026-04-19T02:00,0.0,0.0,0.0,0.0,0.0,0.0,3,410.0,165.0,595.0,25.4,0.4,3.1,60,86,17620.0,1,0.428
2026-04-19T03:00,0.0,0.0,0.0,0.0,0.0,0.0,3,930.0,113.0,955.0,27.6,0.56,3.6,100,93,18460.0,1,0.427
2026-04-19T04:00,0.0,0.0,0.0,0.0,0.0,0.0,3,950.0,92.0,1485.0,29.5,1.12,4.2,170,91,18460.0,1,0.425
2026-04-19T05:00,0.0,0.0,0.0,0.0,0.0,0.0,3,1340.0,32.0,1890.0,30.8,2.02,5.6,187,95,19140.0,1,0.423
2026-04-19T06:00,0.0,0.0,0.0,0.0,0.0,0.0,3,1110.0,30.0,1820.0,30.6,2.66,6.0,176,99,17460.0,1,0.42
2026-04-19T07:00,0.0,0.0,0.0,0.0,0.0,0.0,2,1010.0,40.0,1965.0,31.1,2.47,6.6,173,55,19140.0,1,0.418
2026-04-19T08:00,0.0,0.0,0.0,0.0,0.0,0.0,2,690.0,62.0,2010.0,31.3,2.33,6.1,157,70,20420.0,1,0.416
2026-04-19T09:00,0.0,0.0,0.0,0.0,0.0,0.0,3,980.0,35.0,2045.0,30.7,2.15,5.8,149,90,19120.0,1,0.415
2026-04-19T10:00,0.0,0.0,0.0,0.0,0.0,0.0,3,1210.0,35.0,375.0,29.5,1.53,5.1,128,100,19120.0,1,0.415
2026-04-19T11:00,0.0,0.0,0.0,0.0,0.0,0.0,3,940.0,124.0,325.0,27.1,3.08,6.7,110,99,18440.0,1,0.415
2026-04-19T12:00,0.0,0.0,0.0,0.0,0.0,0.0,3,1160.0,56.0,60.0,25.3,2.16,6.6,83,100,17620.0,0,0.38
2026-04-19T13:00,0.0,0.0,0.0,0.0,0.0,0.0,3,960.0,5.0,50.0,24.9,1.64,5.1,102,100,17620.0,0,0.381
2026-04-19T14:00,0.0,0.0,0.0,0.0,0.0,0.0,3,880.0,14.0,75.0,24.4,2.41,5.2,111,100,17620.0,0,0.382
2026-04-19T15:00,0.6,0.0,0.6,0.0,0.0,0.0,53,700.0,8.0,60.0,22.5,2.48,5.6,341,100,13760.0,0,0.389
2026-04-19T16:00,1.1,0.0,1.1,0.0,0.0,0.0,55,1030.0,31.0,70.0,20.4,2.15,10.9,62,100,12220.0,0,0.404
2026-04-19T17:00,0.0,0.0,0.0,0.0,0.0,0.0,3,920.0,13.0,20.0,20.4,0.34,4.3,63,100,12220.0,0,0.405
2026-04-19T18:00,0.0,0.0,0.0,0.0,0.0,0.0,3,790.0,12.0,65.0,19.8,1.43,1.9,306,100,5240.0,0,0.394
2026-04-19T19:00,0.4,0.1,0.3,0.0,0.0,0.0,51,660.0,39.0,90.0,19.7,2.07,6.7,200,100,760.0,0,0.4
2026-04-19T20:00,0.5,0.5,0.0,0.0,0.0,0.0,53,650.0,10.0,225.0,19.9,2.97,5.5,33,100,2860.0,0,0.407
2026-04-19T21:00,1.1,1.1,0.0,0.0,0.0,0.0,55,600.0,22.0,210.0,20.1,1.76,5.9,75,100,2980.0,0,0.423
2026-04-19T22:00,2.0,0.9,1.1,0.0,0.0,0.0,80,520.0,0.0,415.0,19.8,4.32,8.4,77,100,2360.0,0,0.451
2026-04-19T23:00,6.7,5.7,1.0,0.0,0.0,0.0,81,300.0,0.0,660.0,19.6,4.83,10.6,83,100,1120.0,1,0.512
2026-04-20T00:00,9.0,8.9,0.1,0.0,0.0,0.0,82,290.0,0.0,570.0,20.6,3.76,10.4,85,100,1220.0,1,0.512
2026-04-20T01:00,8.8,8.6,0.2,0.0,0.0,0.0,82,170.0,0.0,680.0,20.6,3.36,9.1,115,100,980.0,1,0.51
2026-04-20T02:00,22.1,22.0,0.1,0.0,0.0,0.0,82,90.0,0.0,955.0,19.8,3.3,8.8,3,100,680.0,1,0.511
2026-04-20T03:00,14.1,13.8,0.3,0.0,0.0,0.0,82,20.0,5.0,970.0,16.6,3.88,12.6,22,100,1880.0,1,0.51
2026-04-20T04:00,2.2,1.7,0.5,0.0,0.0,0.0,80,30.0,9.0,920.0,16.2,2.7,9.9,40,100,4040.0,1,0.51
2026-04-20T05:00,0.7,0.5,0.2,0.0,0.0,0.0,53,10.0,2.0,990.0,16.4,3.71,9.4,43,100,4160.0,1,0.51
2026-04-20T06:00,1.0,0.8,0.2,0.0,0.0,0.0,55,30.0,5.0,840.0,14.9,3.97,10.3,48,100,2940.0,1,0.51
2026-04-20T07:00,1.4,1.4,0.0,0.0,0.0,0.0,61,10.0,0.0,800.0,13.9,4.29,10.3,42,100,2120.0,1,0.51
2026-04-20T08:00,2.2,2.2,0.0,0.0,0.0,0.0,61,10.0,36.0,760.0,13.7,3.08,9.4,36,100,3240.0,1,0.51
2026-04-20T09:00,0.4,0.4,0.0,0.0,0.0,0.0,51,10.0,8.0,740.0,13.5,3.71,8.6,46,100,8380.0,1,0.508
2026-04-20T10:00,0.0,0.0,0.0,0.0,0.0,0.0,3,10.0,13.0,755.0,13.3,3.0,8.6,37,100,10420.0,1,0.506
2026-04-20T11:00,0.1,0.1,0.0,0.0,0.0,0.0,51,0.0,27.0,725.0,12.9,3.19,7.5,35,100,5960.0,1,0.504
2026-04-20T12:00,0.2,0.2,0.0,0.0,0.0,0.0,51,0.0,0.0,640.0,13.0,4.15,7.8,59,100,5580.0,0,0.504
2026-04-20T13:00,0.1,0.1,0.0,0.0,0.0,0.0,51,0.0,2.0,650.0,13.0,4.24,9.4,60,100,9300.0,0,0.503
2026-04-20T14:00,0.0,0.0,0.0,0.0,0.0,0.0,3,0.0,8.0,645.0,12.8,3.8,9.1,57,100,10520.0,0,0.501
2026-04-20T15:00,0.0,0.0,0.0,0.0,0.0,0.0,3,0.0,15.0,630.0,12.6,3.3,8.5,51,100,10780.0,0,0.5
2026-04-20T16:00,0.0,0.0,0.0,0.0,0.0,0.0,3,0.0,1.0,625.0,12.5,2.76,7.6,45,100,7920.0,0,0.498
2026-04-20T17:00,0.1,0.1,0.0,0.0,0.0,0.0,51,0.0,46.0,570.0,12.3,2.77,6.6,49,100,6860.0,0,0.498
2026-04-20T18:00,0.1,0.1,0.0,0.0,0.0,0.0,51,0.0,3.0,575.0,12.6,2.75,6.4,61,100,9240.0,0,0.497
2026-04-20T19:00,0.0,0.0,0.0,0.0,0.0,0.0,3,0.0,9.0,575.0,12.5,2.62,6.6,59,100,8840.0,0,0.496
2026-04-20T20:00,0.1,0.1,0.0,0.0,0.0,0.0,51,0.0,20.0,570.0,12.5,2.57,6.0,53,100,8400.0,0,0.496
2026-04-20T21:00,0.1,0.1,0.0,0.0,0.0,0.0,51,0.0,8.0,560.0,12.4,2.42,5.9,63,100,5060.0,0,0.496
2026-04-20T22:00,0.2,0.2,0.0,0.0,0.0,0.0,51,0.0,0.0,520.0,12.4,2.46,5.9,63,100,6300.0,0,0.496
2026-04-20T23:00,0.1,0.1,0.0,0.0,0.0,0.0,51,160.0,7.0,495.0,12.4,1.97,5.5,63,100,7480.0,1,0.496
2026-04-21T00:00,0.1,0.1,0.0,0.0,0.0,0.0,51,0.0,10.0,505.0,12.2,3.12,5.4,58,100,7540.0,1,0.513
2026-04-21T01:00,1.8,0.1,1.7,0.0,0.0,0.0,80,210.0,20.0,460.0,12.5,3.44,8.0,64,100,7580.0,1,0.508
2026-04-21T02:00,0.1,0.1,0.0,0.0,0.0,0.0,51,100.0,17.0,510.0,13.3,3.31,7.6,70,100,6460.0,1,0.506
2026-04-21T03:00,0.1,0.1,0.0,0.0,0.0,0.0,51,90.0,5.0,490.0,13.4,2.95,7.2,66,100,7700.0,1,0.505
2026-04-21T04:00,0.1,0.1,0.0,0.0,0.0,0.0,51,180.0,2.0,485.0,13.7,2.93,6.4,53,100,7800.0,1,0.504
2026-04-21T05:00,0.1,0.1,0.0,0.0,0.0,0.0,51,240.0,0.0,515.0,14.3,2.86,6.4,57,100,8180.0,1,0.502
2026-04-21T06:00,0.1,0.1,0.0,0.0,0.0,0.0,51,0.0,0.0,405.0,13.2,1.82,6.4,69,100,9900.0,1,0.518
2026-04-21T07:00,0.0,0.0,0.0,0.0,0.0,0.0,3,10.0,1.0,380.0,13.5,1.59,4.0,77,100,12580.0,1,0.506
2026-04-21T08:00,0.0,0.0,0.0,0.0,0.0,0.0,3,0.0,2.0,510.0,14.4,1.99,4.8,65,100,16580.0,1,0.504
2026-04-21T09:00,0.0,0.0,0.0,0.0,0.0,0.0,3,0.0,4.0,540.0,14.8,1.97,4.7,63,100,16580.0,1,0.502
2026-04-21T10:00,0.0,0.0,0.0,0.0,0.0,0.0,3,0.0,6.0,340.0,14.3,2.11,4.6,85,100,14940.0,1,0.5
2026-04-21T11:00,0.0,0.0,0.0,0.0,0.0,0.0,3,20.0,14.0,300.0,14.1,2.1,4.6,87,100,14940.0,1,0.499
2026-04-21T12:00,0.4,0.0,0.4,0.0,0.0,0.0,51,70.0,2.0,175.0,13.0,1.74,4.8,139,100,2820.0,0,0.509
2026-04-21T13:00,3.2,1.0,2.2,0.0,0.0,0.0,81,60.0,0.0,145.0,12.7,1.49,4.3,140,100,2920.0,0,0.507
2026-04-21T14:00,2.2,0.6,1.6,0.0,0.0,0.0,80,190.0,0.0,215.0,12.6,1.46,3.0,98,100,4480.0,0,0.507
2026-04-21T15:00,0.1,0.1,0.0,0.0,0.0,0.0,51,70.0,0.0,290.0,12.5,2.05,4.1,77,100,5920.0,0,0.506
2026-04-21T16:00,0.0,0.0,0.0,0.0,0.0,0.0,3,100.0,5.0,335.0,12.6,2.17,4.9,61,100,9180.0,0,0.504
2026-04-21T17:00,0.1,0.1,0.0,0.0,0.0,0.0,51,400.0,0.0,370.0,12.5,1.87,4.7,70,100,4640.0,0,0.503
2026-04-21T18:00,0.2,0.2,0.0,0.0,0.0,0.0,51,160.0,0.0,410.0,12.3,2.73,5.6,66,100,5120.0,0,0.506
2026-04-21T19:00,5.8,0.3,5.5,0.0,0.0,0.0,81,0.0,0.0,370.0,12.2,2.09,5.7,40,100,4520.0,0,0.506
2026-04-21T20:00,5.4,0.6,4.8,0.0,0.0,0.0,81,70.0,0.0,395.0,12.1,1.97,4.8,36,100,3580.0,0,0.505
2026-04-21T21:00,0.8,0.7,0.1,0.0,0.0,0.0,53,40.0,0.0,405.0,11.9,2.89,5.9,62,100,6060.0,0,0.505
2026-04-21T22:00,0.1,0.1,0.0,0.0,0.0,0.0,51,0.0,0.0,430.0,11.9,2.94,6.1,72,100,6340.0,0,0.504
2026-04-21T23:00,0.3,0.3,0.0,0.0,0.0,0.0,51,30.0,1.0,460.0,11.7,2.25,6.2,93,100,5060.0,1,0.505
2026-04-22T00:00,0.1,0.1,0.0,0.0,0.0,0.0,51,20.0,0.0,470.0,12.0,2.83,5.1,69,97,11240.0,1,0.501
2026-04-22T01:00,0.0,0.0,0.0,0.0,0.0,0.0,3,20.0,0.0,520.0,13.4,2.75,6.9,65,97,16560.0,1,0.5
2026-04-22T02:00,0.0,0.0,0.0,0.0,0.0,0.0,3,20.0,72.0,645.0,14.8,1.99,6.5,72,94,16560.0,1,0.498
2026-04-22T03:00,0.4,0.0,0.4,0.0,0.0,0.0,51,0.0,63.0,820.0,16.5,1.66,5.4,83,98,9820.0,1,0.499
2026-04-22T04:00,0.4,0.1,0.3,0.0,0.0,0.0,51,0.0,53.0,860.0,17.0,1.15,5.2,90,100,12100.0,1,0.5
2026-04-22T05:00,0.1,0.0,0.1,0.0,0.0,0.0,51,0.0,6.0,950.0,18.3,1.29,4.8,103,98,17540.0,1,0.498
2026-04-22T06:00,0.0,0.0,0.0,0.0,0.0,0.0,3,0.0,87.0,925.0,17.1,1.07,4.6,127,97,17540.0,1,0.495
2026-04-22T07:00,0.0,0.0,0.0,0.0,0.0,0.0,3,0.0,12.0,980.0,18.5,1.07,4.4,118,100,17540.0,1,0.493
2026-04-22T08:00,0.0,0.0,0.0,0.0,0.0,0.0,3,0.0,14.0,1015.0,18.6,0.9,4.1,124,99,18340.0,1,0.491
2026-04-22T09:00,0.0,0.0,0.0,0.0,0.0,0.0,3,0.0,16.0,960.0,19.1,1.12,3.4,117,97,18340.0,1,0.49
2026-04-22T10:00,0.0,0.0,0.0,0.0,0.0,0.0,1,0.0,19.0,660.0,18.7,1.75,3.9,121,23,18340.0,1,0.489
2026-04-22T11:00,0.0,0.0,0.0,0.0,0.0,0.0,1,0.0,22.0,220.0,16.9,2.13,4.2,114,23,17540.0,1,0.488
2026-04-22T12:00,0.0,0.0,0.0,0.0,0.0,0.0,2,0.0,78.0,200.0,15.2,1.8,4.6,93,75,14940.0,0,0.483
2026-04-22T13:00,0.0,0.0,0.0,0.0,0.0,0.0,3,0.0,20.0,110.0,14.3,1.51,3.5,98,95,13760.0,0,0.483
2026-04-22T14:00,0.0,0.0,0.0,0.0,0.0,0.0,3,0.0,21.0,85.0,14.3,1.28,3.4,111,100,13760.0,0,0.483
2026-04-22T15:00,0.0,0.0,0.0,0.0,0.0,0.0,3,0.0,21.0,130.0,14.4,1.32,3.0,99,100,13760.0,0,0.483
2026-04-22T16:00,0.0,0.0,0.0,0.0,0.0,0.0,3,0.0,21.0,245.0,14.4,1.26,3.1,97,100,13680.0,0,0.483
2026-04-22T17:00,0.0,0.0,0.0,0.0,0.0,0.0,3,0.0,20.0,140.0,14.1,0.95,2.7,93,95,13760.0,0,0.483
2026-04-22T18:00,0.0,0.0,0.0,0.0,0.0,0.0,3,0.0,19.0,90.0,13.2,1.01,2.1,117,100,12160.0,0,0.483
2026-04-22T19:00,0.0,0.0,0.0,0.0,0.0,0.0,3,0.0,17.0,65.0,13.8,0.78,2.4,140,100,11280.0,0,0.482
2026-04-22T20:00,0.0,0.0,0.0,0.0,0.0,0.0,3,0.0,14.0,65.0,13.9,0.64,2.0,135,100,11900.0,0,0.482
2026-04-22T21:00,0.0,0.0,0.0,0.0,0.0,0.0,3,0.0,10.0,40.0,13.6,0.43,1.4,69,100,11720.0,0,0.482
2026-04-22T22:00,0.0,0.0,0.0,0.0,0.0,0.0,3,0.0,6.0,45.0,13.8,0.62,2.0,104,100,8580.0,0,0.482
2026-04-22T23:00,0.1,0.1,0.0,0.0,0.0,0.0,51,0.0,3.0,35.0,14.0,0.36,1.4,74,100,8140.0,1,0.482
2026-04-23T00:00,0.0,0.0,0.0,0.0,0.0,0.0,3,0.0,73.0,195.0,14.0,0.25,1.9,360,100,8880.0,1,0.493
2026-04-23T01:00,0.0,0.0,0.0,0.0,0.0,0.0,3,0.0,0.0,250.0,14.9,0.18,2.1,304,100,13520.0,1,0.492
2026-04-23T02:00,0.0,0.0,0.0,0.0,0.0,0.0,3,0.0,0.0,300.0,15.7,0.14,2.1,135,100,14920.0,1,0.491
2026-04-23T03:00,0.0,0.0,0.0,0.0,0.0,0.0,3,0.0,0.0,575.0,17.6,0.3,2.8,99,100,16540.0,1,0.489
2026-04-23T04:00,0.0,0.0,0.0,0.0,0.0,0.0,3,0.0,0.0,1105.0,20.3,1.15,4.6,72,99,17520.0,1,0.487
2026-04-23T05:00,0.0,0.0,0.0,0.0,0.0,0.0,3,10.0,0.0,1275.0,20.8,1.08,4.6,77,100,18300.0,1,0.485
2026-04-23T06:00,0.0,0.0,0.0,0.0,0.0,0.0,3,0.0,244.0,1305.0,20.5,0.79,4.1,35,100,18300.0,1,0.486
2026-04-23T07:00,0.0,0.0,0.0,0.0,0.0,0.0,3,0.0,3.0,1110.0,21.0,0.72,3.5,65,99,18300.0,1,0.484
2026-04-23T08:00,0.0,0.0,0.0,0.0,0.0,0.0,3,0.0,7.0,1145.0,21.8,0.87,3.6,66,89,18300.0,1,0.482
2026-04-23T09:00,0.0,0.0,0.0,0.0,0.0,0.0,3,0.0,11.0,1125.0,22.0,1.4,4.0,94,100,18960.0,1,0.48
2026-04-23T10:00,0.0,0.0,0.0,0.0,0.0,0.0,3,0.0,16.0,180.0,20.8,1.0,4.0,108,100,18300.0,1,0.479
2026-04-23T11:00,0.0,0.0,0.0,0.0,0.0,0.0,1,0.0,20.0,130.0,19.7,1.55,3.1,75,30,17500.0,1,0.479
2026-04-23T12:00,0.0,0.0,0.0,0.0,0.0,0.0,1,0.0,164.0,60.0,17.8,1.4,3.6,88,47,17500.0,0,0.458
2026-04-23T13:00,0.0,0.0,0.0,0.0,0.0,0.0,1,0.0,831.0,20.0,15.9,0.86,3.0,100,40,16540.0,0,0.459
2026-04-23T14:00,0.0,0.0,0.0,0.0,0.0,0.0,0,0.0,700.0,10.0,14.8,0.25,2.0,127,7,14920.0,0,0.46
2026-04-23T15:00,0.0,0.0,0.0,0.0,0.0,0.0,3,0.0,538.0,10.0,14.0,0.18,1.1,124,83,13760.0,0,0.46
2026-04-23T16:00,0.0,0.0,0.0,0.0,0.0,0.0,3,0.0,371.0,15.0,13.9,0.32,1.0,51,97,13760.0,0,0.461
2026-04-23T17:00,0.0,0.0,0.0,0.0,0.0,0.0,3,0.0,225.0,10.0,13.6,0.07,1.0,135,99,13760.0,0,0.462
2026-04-23T18:00,0.0,0.0,0.0,0.0,0.0,0.0,3,0.0,128.0,10.0,13.8,0.18,0.8,146,95,14920.0,0,0.464
2026-04-23T19:00,0.0,0.0,0.0,0.0,0.0,0.0,3,0.0,84.0,10.0,14.0,0.14,0.8,45,85,14920.0,0,0.464
2026-04-23T20:00,0.0,0.0,0.0,0.0,0.0,0.0,3,0.0,72.0,25.0,13.0,0.7,1.8,86,100,13760.0,0,0.465
2026-04-23T21:00,0.0,0.0,0.0,0.0,0.0,0.0,3,0.0,83.0,25.0,13.0,0.6,2.0,95,99,13760.0,0,0.465
2026-04-23T22:00,0.0,0.0,0.0,0.0,0.0,0.0,0,0.0,103.0,15.0,12.8,0.21,1.8,104,15,13760.0,0,0.465
2026-04-23T23:00,0.0,0.0,0.0,0.0,0.0,0.0,1,0.0,122.0,20.0,13.5,0.41,1.3,166,20,13760.0,1,0.466
2026-04-24T00:00,0.0,0.0,0.0,0.0,0.0,0.0,2,0.0,286.0,105.0,14.7,0.74,2.2,228,58,13760.0,1,0.476
2026-04-24T01:00,0.0,0.0,0.0,0.0,0.0,0.0,1,0.0,124.0,285.0,17.5,0.49,3.3,204,40,16520.0,1,0.475
2026-04-24T02:00,0.0,0.0,0.0,0.0,0.0,0.0,3,0.0,117.0,540.0,19.9,0.6,3.5,318,95,17480.0,1,0.473
2026-04-24T03:00,0.0,0.0,0.0,0.0,0.0,0.0,3,0.0,108.0,710.0,21.3,1.29,5.1,306,100,17480.0,1,0.471
2026-04-24T04:00,0.1,0.0,0.1,0.0,0.0,0.0,51,0.0,100.0,785.0,21.7,1.64,4.8,282,100,17480.0,1,0.47
2026-04-24T05:00,0.3,0.1,0.2,0.0,0.0,0.0,51,0.0,24.0,155.0,19.9,1.44,5.1,236,95,4780.0,1,0.473
2026-04-24T06:00,0.2,0.2,0.0,0.0,0.0,0.0,51,0.0,67.0,935.0,22.6,0.36,5.1,344,1,18280.0,1,0.47
2026-04-24T07:00,0.0,0.0,0.0,0.0,0.0,0.0,0,0.0,41.0,1125.0,24.0,0.76,4.0,278,0,18280.0,1,0.468
2026-04-24T08:00,0.0,0.0,0.0,0.0,0.0,0.0,0,0.0,126.0,1205.0,24.4,0.92,4.1,283,7,18280.0,1,0.466
2026-04-24T09:00,0.0,0.0,0.0,0.0,0.0,0.0,0,0.0,190.0,1070.0,24.4,0.53,3.8,319,8,18260.0,1,0.464
2026-04-24T10:00,0.0,0.0,0.0,0.0,0.0,0.0,0,20.0,91.0,40.0,23.7,0.6,2.6,355,7,18260.0,1,0.463
2026-04-24T11:00,0.0,0.0,0.0,0.0,0.0,0.0,0,10.0,105.0,45.0,20.7,1.25,2.3,74,5,17480.0,1,0.463
2026-04-24T12:00,0.0,0.0,0.0,0.0,0.0,0.0,0,0.0,243.0,25.0,18.6,1.17,3.1,121,5,17480.0,0,0.427
2026-04-24T13:00,0.0,0.0,0.0,0.0,0.0,0.0,0,0.0,156.0,20.0,17.2,1.11,2.8,108,1,14920.0,0,0.429
2026-04-24T14:00,0.0,0.0,0.0,0.0,0.0,0.0,0,0.0,152.0,15.0,15.6,0.9,2.6,109,5,13760.0,0,0.43
2026-04-24T15:00,0.0,0.0,0.0,0.0,0.0,0.0,0,0.0,147.0,15.0,14.7,0.57,2.2,105,3,13760.0,0,0.431
2026-04-24T16:00,0.0,0.0,0.0,0.0,0.0,0.0,0,0.0,35.0,10.0,15.0,0.15,1.3,90,7,13760.0,0,0.432
2026-04-24T17:00,0.0,0.0,0.0,0.0,0.0,0.0,1,0.0,32.0,10.0,14.8,0.11,0.5,153,23,14920.0,0,0.433
2026-04-24T18:00,0.0,0.0,0.0,0.0,0.0,0.0,3,0.0,22.0,10.0,14.8,0.05,0.8,180,100,14920.0,0,0.435
2026-04-24T19:00,0.0,0.0,0.0,0.0,0.0,0.0,3,0.0,28.0,45.0,14.7,0.71,1.5,219,100,14920.0,0,0.436
2026-04-24T20:00,0.0,0.0,0.0,0.0,0.0,0.0,3,0.0,51.0,45.0,14.5,0.39,1.5,320,100,14920.0,0,0.437
2026-04-24T21:00,0.0,0.0,0.0,0.0,0.0,0.0,3,0.0,76.0,25.0,14.1,0.2,1.1,360,100,14920.0,0,0.437
2026-04-24T22:00,0.0,0.0,0.0,0.0,0.0,0.0,3,0.0,82.0,35.0,13.7,0.2,0.7,180,100,13760.0,0,0.438
2026-04-24T23:00,0.0,0.0,0.0,0.0,0.0,0.0,3,0.0,89.0,10.0,14.3,0.05,0.7,180,98,13760.0,1,0.439
2026-04-25T00:00,0.0,0.0,0.0,0.0,0.0,0.0,3,0.0,110.0,105.0,15.4,0.4,2.6,360,100,13760.0,1,0.471
2026-04-25T01:00,0.0,0.0,0.0,0.0,0.0,0.0,3,0.0,126.0,165.0,18.6,0.74,3.5,340,99,16500.0,1,0.47
2026-04-25T02:00,0.0,0.0,0.0,0.0,0.0,0.0,3,0.0,568.0,285.0,22.1,0.4,3.6,330,82,18240.0,1,0.468
2026-04-25T03:00,0.0,0.0,0.0,0.0,0.0,0.0,0,70.0,552.0,565.0,24.9,0.49,3.5,315,6,18880.0,1,0.466
2026-04-25T04:00,0.0,0.0,0.0,0.0,0.0,0.0,2,100.0,440.0,975.0,26.8,0.72,4.0,295,59,18880.0,1,0.462
2026-04-25T05:00,0.0,0.0,0.0,0.0,0.0,0.0,0,100.0,413.0,1250.0,28.0,0.52,4.0,287,1,20100.0,1,0.459
2026-04-25T06:00,0.0,0.0,0.0,0.0,0.0,0.0,0,110.0,352.0,1435.0,28.4,0.52,3.6,287,0,20100.0,1,0.445
2026-04-25T07:00,0.0,0.0,0.0,0.0,0.0,0.0,0,130.0,302.0,1670.0,29.3,0.68,3.5,234,2,20100.0,1,0.442
2026-04-25T08:00,0.0,0.0,0.0,0.0,0.0,0.0,0,60.0,323.0,1710.0,29.5,1.09,3.6,196,4,20100.0,1,0.44
2026-04-25T09:00,0.0,0.0,0.0,0.0,0.0,0.0,1,0.0,207.0,1495.0,29.0,1.52,3.6,163,23,20360.0,1,0.438
2026-04-25T10:00,0.0,0.0,0.0,0.0,0.0,0.0,0,0.0,227.0,140.0,26.9,1.33,3.6,124,0,18880.0,1,0.438
2026-04-25T11:00,0.0,0.0,0.0,0.0,0.0,0.0,0,0.0,352.0,40.0,23.1,1.54,3.5,115,0,18880.0,1,0.438
2026-04-25T12:00,0.0,0.0,0.0,0.0,0.0,0.0,0,0.0,100.0,25.0,20.5,1.37,3.3,114,0,18220.0,0,0.411
2026-04-25T13:00,0.0,0.0,0.0,0.0,0.0,0.0,0,0.0,307.0,20.0,18.9,1.14,3.2,113,0,16500.0,0,0.412
2026-04-25T14:00,0.0,0.0,0.0,0.0,0.0,0.0,0,0.0,356.0,15.0,17.4,0.86,2.9,100,3,16500.0,0,0.413
2026-04-25T15:00,0.0,0.0,0.0,0.0,0.0,0.0,0,0.0,409.0,10.0,16.3,0.6,2.3,114,0,16500.0,0,0.415
2026-04-25T16:00,0.0,0.0,0.0,0.0,0.0,0.0,3,0.0,457.0,10.0,15.8,0.36,1.9,124,93,16500.0,0,0.416
2026-04-25T17:00,0.0,0.0,0.0,0.0,0.0,0.0,3,0.0,491.0,10.0,15.5,0.5,1.8,84,98,16500.0,0,0.417
2026-04-25T18:00,0.0,0.0,0.0,0.0,0.0,0.0,3,0.0,120.0,10.0,15.8,0.41,1.7,104,100,16480.0,0,0.43
2026-04-25T19:00,0.0,0.0,0.0,0.0,0.0,0.0,3,0.0,493.0,10.0,15.3,0.27,1.8,112,100,16480.0,0,0.431
2026-04-25T20:00,0.0,0.0,0.0,0.0,0.0,0.0,1,0.0,461.0,10.0,15.0,0.1,1.7,90,31,16480.0,0,0.431
2026-04-25T21:00,0.0,0.0,0.0,0.0,0.0,0.0,1,0.0,52.0,10.0,14.3,0.36,1.6,106,39,16480.0,0,0.432
2026-04-25T22:00,0.0,0.0,0.0,0.0,0.0,0.0,1,0.0,364.0,10.0,14.1,0.07,1.6,135,26,14900.0,0,0.432
2026-04-25T23:00,0.0,0.0,0.0,0.0,0.0,0.0,3,0.0,314.0,10.0,15.0,0.38,1.4,67,95,14900.0,1,0.433
2026-04-26T00:00,0.0,0.0,0.0,0.0,0.0,0.0,3,0.0,63.0,35.0,17.7,0.5,2.3,6,100,16480.0,1,0.449
2026-04-26T01:00,0.0,0.0,0.0,0.0,0.0,0.0,3,0.0,233.0,115.0,20.6,0.79,3.0,342,100,17440.0,1,0.449
2026-04-26T02:00,0.0,0.0,0.0,0.0,0.0,0.0,3,0.0,193.0,470.0,23.8,0.25,3.1,323,100,18200.0,1,0.448
2026-04-26T03:00,0.0,0.0,0.0,0.0,0.0,0.0,3,0.0,16.0,790.0,26.0,0.32,3.1,252,100,18200.0,1,0.446
2026-04-26T04:00,0.0,0.0,0.0,0.0,0.0,0.0,3,20.0,46.0,1065.0,27.5,1.1,4.2,183,100,18840.0,1,0.444
2026-04-26T05:00,0.0,0.0,0.0,0.0,0.0,0.0,3,150.0,32.0,1390.0,28.9,1.84,5.4,158,100,18840.0,1,0.441
2026-04-26T06:00,0.0,0.0,0.0,0.0,0.0,0.0,3,0.0,18.0,1995.0,30.0,1.9,6.2,162,99,20060.0,1,0.438
2026-04-26T07:00,0.0,0.0,0.0,0.0,0.0,0.0,3,20.0,81.0,1890.0,30.7,3.31,7.5,184,100,20040.0,1,0.436
2026-04-26T08:00,0.0,0.0,0.0,0.0,0.0,0.0,3,170.0,48.0,390.0,27.6,2.25,7.9,86,100,18200.0,1,0.435
2026-04-26T09:00,0.0,0.0,0.0,0.0,0.0,0.0,3,240.0,86.0,230.0,26.0,2.16,5.6,7,100,18200.0,1,0.434
2026-04-26T10:00,0.0,0.0,0.0,0.0,0.0,0.0,3,330.0,104.0,115.0,25.0,0.54,4.4,338,100,17420.0,1,0.434
2026-04-26T11:00,0.0,0.0,0.0,0.0,0.0,0.0,3,310.0,121.0,55.0,23.1,1.1,2.0,47,100,16480.0,1,0.434
2026-04-26T12:00,0.0,0.0,0.0,0.0,0.0,0.0,3,60.0,148.0,75.0,20.9,1.8,2.7,124,100,12260.0,0,0.42
2026-04-26T13:00,0.0,0.0,0.0,0.0,0.0,0.0,3,120.0,120.0,45.0,20.5,1.0,3.8,90,100,9100.0,0,0.42
2026-04-26T14:00,0.0,0.0,0.0,0.0,0.0,0.0,3,110.0,100.0,35.0,19.8,0.75,2.5,90,100,6940.0,0,0.421
2026-04-26T15:00,0.1,0.1,0.0,0.0,0.0,0.0,51,90.0,118.0,40.0,19.6,0.85,2.4,93,100,4740.0,0,0.422
2026-04-26T16:00,0.9,0.2,0.7,0.0,0.0,0.0,53,0.0,59.0,40.0,19.6,0.57,3.4,75,100,4480.0,0,0.433
2026-04-26T17:00,1.8,0.3,1.5,0.0,0.0,0.0,80,100.0,0.0,55.0,19.3,1.7,4.0,87,100,740.0,0,0.458
2026-04-26T18:00,1.5,0.4,1.1,0.0,0.0,0.0,80,270.0,28.0,50.0,19.9,0.95,5.0,90,100,3380.0,0,0.454
2026-04-26T19:00,0.7,0.6,0.1,0.0,0.0,0.0,53,160.0,44.0,60.0,19.8,1.41,4.2,96,100,1840.0,0,0.464
2026-04-26T20:00,0.7,0.6,0.1,0.0,0.0,0.0,53,10.0,4.0,55.0,19.4,1.34,3.6,117,100,880.0,0,0.473
2026-04-26T21:00,0.4,0.3,0.1,0.0,0.0,0.0,51,60.0,0.0,65.0,19.2,2.05,5.2,90,100,4220.0,0,0.477
2026-04-26T22:00,0.5,0.3,0.2,0.0,0.0,0.0,53,60.0,0.0,70.0,19.0,1.8,5.5,93,100,4360.0,0,0.483
2026-04-26T23:00,0.4,0.2,0.2,0.0,0.0,0.0,51,70.0,6.0,60.0,19.3,1.46,5.6,98,86,7380.0,1,0.486
2026-04-27T00:00,0.0,0.0,0.0,0.0,0.0,0.0,3,80.0,7.0,165.0,19.8,2.03,3.2,100,82,7120.0,1,0.497
2026-04-27T01:00,0.2,0.0,0.2,0.0,0.0,0.0,51,30.0,0.0,235.0,21.0,1.9,6.5,72,100,6400.0,1,0.496
2026-04-27T02:00,0.4,0.3,0.1,0.0,0.0,0.0,51,170.0,0.0,360.0,22.3,2.21,7.1,86,100,3700.0,1,0.497
2026-04-27T03:00,1.0,0.8,0.2,0.0,0.0,0.0,55,80.0,0.0,220.0,21.4,1.95,6.3,77,100,2920.0,1,0.504
2026-04-27T04:00,2.0,1.6,0.4,0.0,0.0,0.0,80,180.0,1.0,215.0,21.3,1.6,5.3,70,100,2080.0,1,0.518
2026-04-27T05:00,4.3,2.9,1.4,0.0,0.0,0.0,81,50.0,0.0,155.0,21.2,1.7,4.6,76,100,2140.0,1,0.512
2026-04-27T06:00,1.0,0.6,0.4,0.0,0.0,0.0,55,60.0,2.0,310.0,21.7,1.36,5.1,73,100,8600.0,1,0.534
2026-04-27T07:00,0.0,0.0,0.0,0.0,0.0,0.0,3,90.0,8.0,555.0,23.7,0.66,4.4,99,82,16460.0,1,0.498
2026-04-27T08:00,0.0,0.0,0.0,0.0,0.0,0.0,2,320.0,0.0,720.0,24.7,0.73,5.1,74,74,16460.0,1,0.495
2026-04-27T09:00,0.0,0.0,0.0,0.0,0.0,0.0,3,300.0,0.0,650.0,24.4,1.83,4.9,73,99,16460.0,1,0.493
2026-04-27T10:00,0.0,0.0,0.0,0.0,0.0,0.0,3,130.0,9.0,430.0,23.2,3.35,7.3,89,100,7740.0,1,0.492
2026-04-27T11:00,0.1,0.1,0.0,0.0,0.0,0.0,51,0.0,7.0,335.0,21.3,2.86,7.4,102,99,6640.0,1,0.493
2026-04-27T12:00,0.1,0.1,0.0,0.0,0.0,0.0,51,0.0,8.0,335.0,20.2,2.26,5.8,84,85,6800.0,0,0.512
2026-04-27T13:00,0.0,0.0,0.0,0.0,0.0,0.0,3,0.0,9.0,365.0,19.9,2.26,5.1,96,100,7800.0,0,0.506
2026-04-27T14:00,0.0,0.0,0.0,0.0,0.0,0.0,3,0.0,9.0,355.0,19.4,1.65,4.9,93,100,8440.0,0,0.502
2026-04-27T15:00,0.0,0.0,0.0,0.0,0.0,0.0,3,0.0,0.0,370.0,19.3,1.95,4.2,77,100,8560.0,0,0.5
2026-04-27T16:00,0.0,0.0,0.0,0.0,0.0,0.0,3,0.0,6.0,400.0,19.3,2.22,5.3,82,100,11740.0,0,0.498
2026-04-27T17:00,0.0,0.0,0.0,0.0,0.0,0.0,3,20.0,3.0,350.0,19.3,1.82,4.9,58,100,8280.0,0,0.496
2026-04-27T18:00,0.2,0.0,0.2,0.0,0.0,0.0,51,30.0,4.0,365.0,19.3,2.52,4.4,51,100,11380.0,0,0.497
2026-04-27T19:00,0.1,0.0,0.1,0.0,0.0,0.0,51,0.0,1.0,395.0,19.3,2.65,5.8,58,100,9260.0,0,0.496
2026-04-27T20:00,0.2,0.0,0.2,0.0,0.0,0.0,51,0.0,1.0,410.0,19.1,2.58,5.7,46,100,5880.0,0,0.497
2026-04-27T21:00,0.9,0.3,0.6,0.0,0.0,0.0,53,0.0,1.0,425.0,18.7,2.93,6.3,46,100,4640.0,0,0.504
2026-04-27T22:00,0.1,0.1,0.0,0.0,0.0,0.0,51,0.0,0.0,460.0,18.5,3.56,7.4,56,100,6880.0,0,0.502
2026-04-27T23:00,0.5,0.2,0.3,0.0,0.0,0.0,53,0.0,0.0,505.0,18.3,3.81,7.9,56,100,6460.0,1,0.505
2026-04-28T00:00,0.1,0.1,0.0,0.0,0.0,0.0,51,10.0,0.0,540.0,18.1,3.86,8.4,53,100,3180.0,1,0.512
2026-04-28T01:00,1.3,0.9,0.4,0.0,0.0,0.0,80,0.0,0.0,610.0,18.0,3.44,8.2,62,100,3780.0,1,0.515
2026-04-28T02:00,0.6,0.6,0.0,0.0,0.0,0.0,53,10.0,0.0,620.0,18.3,3.91,8.4,51,100,4660.0,1,0.512
2026-04-28T03:00,0.3,0.3,0.0,0.0,0.0,0.0,51,0.0,18.0,660.0,18.3,3.68,8.8,47,100,4780.0,1,0.51
2026-04-28T04:00,0.3,0.3,0.0,0.0,0.0,0.0,51,10.0,7.0,735.0,19.1,4.75,10.3,49,100,5680.0,1,0.508
2026-04-28T05:00,0.1,0.1,0.0,0.0,0.0,0.0,51,10.0,1.0,855.0,19.8,4.42,10.5,52,100,9380.0,1,0.506
2026-04-28T06:00,0.1,0.0,0.1,0.0,0.0,0.0,51,10.0,1.0,880.0,19.7,4.95,10.8,52,100,14540.0,1,0.516
2026-04-28T07:00,0.0,0.0,0.0,0.0,0.0,0.0,3,10.0,2.0,935.0,19.7,4.76,10.7,50,100,10780.0,1,0.509
2026-04-28T08:00,0.3,0.3,0.0,0.0,0.0,0.0,51,10.0,1.0,915.0,19.2,4.42,11.1,46,100,3660.0,1,0.508
2026-04-28T09:00,1.4,1.4,0.0,0.0,0.0,0.0,61,20.0,3.0,870.0,17.7,3.52,9.4,39,100,2500.0,1,0.516
2026-04-28T10:00,1.3,1.3,0.0,0.0,0.0,0.0,61,20.0,6.0,925.0,17.1,4.39,9.7,49,100,3840.0,1,0.513
2026-04-28T11:00,0.4,0.4,0.0,0.0,0.0,0.0,51,20.0,7.0,970.0,17.0,3.83,10.1,57,100,6080.0,1,0.51
2026-04-28T12:00,0.2,0.1,0.1,0.0,0.0,0.0,51,10.0,7.0,970.0,15.9,4.19,8.6,57,100,4060.0,0,0.507
2026-04-28T13:00,0.5,0.3,0.2,0.0,0.0,0.0,53,40.0,7.0,1160.0,16.1,3.98,10.2,55,100,6280.0,0,0.506
2026-04-28T14:00,0.2,0.2,0.0,0.0,0.0,0.0,51,20.0,10.0,1160.0,15.5,3.44,8.7,41,100,5900.0,0,0.505
2026-04-28T15:00,0.2,0.2,0.0,0.0,0.0,0.0,51,20.0,10.0,1215.0,15.2,2.87,7.5,31,100,6360.0,0,0.504
2026-04-28T16:00,0.1,0.1,0.0,0.0,0.0,0.0,51,20.0,10.0,1240.0,15.1,2.89,6.5,23,100,7760.0,0,0.503
2026-04-28T17:00,0.0,0.0,0.0,0.0,0.0,0.0,3,10.0,8.0,1200.0,14.7,3.39,7.9,37,100,14500.0,0,0.502
2026-04-28T18:00,0.0,0.0,0.0,0.0,0.0,0.0,3,20.0,10.0,1235.0,14.7,2.96,7.6,37,100,16420.0,0,0.497
2026-04-28T19:00,0.0,0.0,0.0,0.0,0.0,0.0,3,10.0,15.0,1250.0,14.9,2.37,6.9,35,100,16420.0,0,0.496
2026-04-28T20:00,0.0,0.0,0.0,0.0,0.0,0.0,3,20.0,21.0,1245.0,15.0,1.36,5.7,8,100,16420.0,0,0.495
2026-04-28T21:00,0.0,0.0,0.0,0.0,0.0,0.0,3,20.0,25.0,1195.0,14.9,1.66,4.3,16,100,6480.0,0,0.495
2026-04-28T22:00,0.2,0.2,0.0,0.0,0.0,0.0,51,10.0,25.0,935.0,14.5,1.76,4.7,15,100,6400.0,0,0.495
2026-04-28T23:00,0.3,0.3,0.0,0.0,0.0,0.0,51,20.0,28.0,455.0,14.3,1.82,4.3,351,100,4740.0,1,0.496
2026-04-29T00:00,0.4,0.4,0.0,0.0,0.0,0.0,51,20.0,10.0,540.0,14.2,1.75,4.5,3,100,4040.0,1,0.504
2026-04-29T01:00,0.4,0.4,0.0,0.0,0.0,0.0,51,40.0,4.0,625.0,14.6,1.82,4.4,351,100,5440.0,1,0.506
2026-04-29T02:00,0.2,0.1,0.1,0.0,0.0,0.0,51,60.0,2.0,1030.0,15.4,1.45,4.5,356,100,10120.0,1,0.505
2026-04-29T03:00,0.1,0.0,0.1,0.0,0.0,0.0,51,10.0,1.0,1230.0,17.3,3.32,7.9,46,37,17340.0,1,0.503
2026-04-29T04:00,0.0,0.0,0.0,0.0,0.0,0.0,3,10.0,11.0,1595.0,19.9,5.0,11.5,59,100,18100.0,1,0.5
2026-04-29T05:00,0.0,0.0,0.0,0.0,0.0,0.0,3,10.0,10.0,1530.0,19.8,4.54,11.4,58,100,18100.0,1,0.497
2026-04-29T06:00,0.0,0.0,0.0,0.0,0.0,0.0,3,20.0,0.0,1625.0,19.2,4.17,10.3,60,100,18720.0,1,0.494
2026-04-29T07:00,0.0,0.0,0.0,0.0,0.0,0.0,3,10.0,0.0,1555.0,19.4,4.14,9.4,60,100,18720.0,1,0.492
2026-04-29T08:00,0.0,0.0,0.0,0.0,0.0,0.0,3,10.0,0.0,1665.0,19.7,3.83,9.3,57,100,18720.0,1,0.49
2026-04-29T09:00,0.0,0.0,0.0,0.0,0.0,0.0,3,10.0,0.0,1625.0,19.8,3.23,8.5,58,98,18720.0,1,0.488
2026-04-29T10:00,0.0,0.0,0.0,0.0,0.0,0.0,0,10.0,0.0,1095.0,19.2,2.18,7.0,70,7,18100.0,1,0.487
2026-04-29T11:00,0.0,0.0,0.0,0.0,0.0,0.0,0,0.0,0.0,100.0,16.8,1.3,4.7,92,1,18100.0,1,0.486
2026-04-29T12:00,0.0,0.0,0.0,0.0,0.0,0.0,0,0.0,10.0,45.0,15.3,1.3,3.4,94,2,17340.0,0,0.486
2026-04-29T13:00,0.0,0.0,0.0,0.0,0.0,0.0,0,0.0,0.0,35.0,14.1,1.19,3.0,118,0,16420.0,0,0.486
2026-04-29T14:00,0.0,0.0,0.0,0.0,0.0,0.0,0,0.0,0.0,20.0,13.1,0.67,2.9,103,0,16400.0,0,0.486
2026-04-29T15:00,0.0,0.0,0.0,0.0,0.0,0.0,0,0.0,0.0,25.0,12.2,0.96,2.5,84,0,14880.0,0,0.485
2026-04-29T16:00,0.0,0.0,0.0,0.0,0.0,0.0,0,0.0,0.0,25.0,11.9,0.7,2.6,90,0,14860.0,0,0.485
2026-04-29T17:00,0.0,0.0,0.0,0.0,0.0,0.0,0,0.0,1.0,25.0,11.2,0.78,2.2,105,3,14860.0,0,0.485
2026-04-29T18:00,0.0,0.0,0.0,0.0,0.0,0.0,0,0.0,11.0,30.0,11.4,0.67,2.1,117,7,14860.0,0,0.497
2026-04-29T19:00,0.0,0.0,0.0,0.0,0.0,0.0,2,0.0,2.0,15.0,11.1,0.25,2.0,79,64,13760.0,0,0.496
2026-04-29T20:00,0.0,0.0,0.0,0.0,0.0,0.0,1,0.0,3.0,15.0,10.6,0.16,1.3,72,45,12280.0,0,0.495
2026-04-29T21:00,0.0,0.0,0.0,0.0,0.0,0.0,2,0.0,4.0,10.0,10.2,0.05,1.1,180,56,12280.0,0,0.494
2026-04-29T22:00,0.0,0.0,0.0,0.0,0.0,0.0,1,0.0,5.0,20.0,9.6,0.32,1.2,39,30,9160.0,0,0.493
2026-04-29T23:00,0.0,0.0,0.0,0.0,0.0,0.0,1,0.0,6.0,15.0,10.8,0.29,1.3,211,23,9160.0,1,0.492
2026-04-30T00:00,0.0,0.0,0.0,0.0,0.0,0.0,2,0.0,6.0,130.0,13.1,0.49,2.3,225,57,13760.0,1,0.509
2026-04-30T01:00,0.0,0.0,0.0,0.0,0.0,0.0,1,0.0,,500.0,16.0,0.2,2.9,270,33,16400.0,1,0.504
2026-04-30T02:00,0.0,0.0,0.0,0.0,0.0,0.0,1,0.0,,785.0,18.2,0.51,3.6,11,29,17320.0,1,0.5
2026-04-30T03:00,0.0,0.0,0.0,0.0,0.0,0.0,3,0.0,,1015.0,20.1,1.11,4.7,36,91,18680.0,1,0.497
2026-04-30T04:00,0.0,0.0,0.0,0.0,0.0,0.0,1,0.0,,1175.0,21.7,1.22,4.9,55,40,18680.0,1,0.493
2026-04-30T05:00,0.0,0.0,0.0,0.0,0.0,0.0,2,0.0,,1300.0,22.9,1.64,5.6,59,50,19840.0,1,0.489
2026-04-30T06:00,0.0,0.0,0.0,0.0,0.0,0.0,3,0.0,1.0,1415.0,23.2,1.48,5.6,66,95,19840.0,1,0.479
2026-04-30T07:00,0.0,0.0,0.0,0.0,0.0,0.0,3,0.0,2.0,1485.0,23.9,1.75,5.4,77,97,19840.0,1,0.476
2026-04-30T08:00,0.0,0.0,0.0,0.0,0.0,0.0,3,0.0,8.0,1455.0,23.8,2.2,5.7,89,92,19840.0,1,0.474
2026-04-30T09:00,0.0,0.0,0.0,0.0,0.0,0.0,3,0.0,18.0,1150.0,23.2,2.4,5.9,91,100,19840.0,1,0.472
2026-04-30T10:00,0.0,0.0,0.0,0.0,0.0,0.0,3,0.0,27.0,325.0,21.7,1.74,5.6,72,100,19840.0,1,0.471
2026-04-30T11:00,0.0,0.0,0.0,0.0,0.0,0.0,3,0.0,36.0,125.0,19.3,1.99,4.3,78,98,18660.0,1,0.47
2026-04-30T12:00,0.0,0.0,0.0,0.0,0.0,0.0,3,0.0,41.0,40.0,16.8,1.46,4.2,106,100,18060.0,0,0.475
2026-04-30T13:00,0.0,0.0,0.0,0.0,0.0,0.0,3,0.0,,30.0,16.5,1.1,3.2,114,95,17300.0,0,0.475
2026-04-30T14:00,0.0,0.0,0.0,0.0,0.0,0.0,1,0.0,,20.0,15.0,0.97,2.6,111,25,16400.0,0,0.474
2026-04-30T15:00,0.0,0.0,0.0,0.0,0.0,0.0,3,0.0,,15.0,13.9,0.65,2.4,113,95,16380.0,0,0.474
2026-04-30T16:00,0.0,0.0,0.0,0.0,0.0,0.0,2,0.0,,10.0,13.7,0.25,1.8,143,72,16380.0,0,0.474
2026-04-30T17:00,0.0,0.0,0.0,0.0,0.0,0.0,1,0.0,,10.0,13.8,0.16,1.2,108,48,16380.0,0,0.474
2026-04-30T18:00,0.0,0.0,0.0,0.0,0.0,0.0,0,0.0,34.0,15.0,13.9,0.35,1.2,98,13,16380.0,0,0.474
2026-04-30T19:00,0.0,0.0,0.0,0.0,0.0,0.0,2,0.0,,10.0,13.8,0.21,1.5,104,67,16380.0,0,0.474
2026-04-30T20:00,0.0,0.0,0.0,0.0,0.0,0.0,3,0.0,,10.0,13.6,0.05,1.2,90,100,16380.0,0,0.474
2026-04-30T21:00,0.0,0.0,0.0,0.0,0.0,0.0,2,0.0,,10.0,13.3,0.11,1.1,117,59,16380.0,0,0.474
2026-04-30T22:00,0.0,0.0,0.0,0.0,0.0,0.0,3,0.0,,15.0,12.9,0.35,1.4,90,98,14860.0,0,0.474
2026-04-30T23:00,0.0,0.0,0.0,0.0,0.0,0.0,3,0.0,,20.0,14.1,1.07,2.3,79,100,14860.0,1,0.474
2026-05-01T00:00,0.0,0.0,0.0,0.0,0.0,0.0,3,0.0,3.0,85.0,16.6,0.93,2.7,54,84,16380.0,1,0.499
2026-05-01T01:00,0.0,0.0,0.0,0.0,0.0,0.0,3,0.0,,480.0,19.7,1.14,3.8,75,98,17300.0,1,0.496
2026-05-01T02:00,0.0,0.0,0.0,0.0,0.0,0.0,3,0.0,,910.0,22.4,1.98,5.6,133,99,18640.0,1,0.492
2026-05-01T03:00,0.0,0.0,0.0,0.0,0.0,0.0,3,0.0,,1095.0,24.1,2.53,6.8,155,100,18640.0,1,0.489
2026-05-01T04:00,0.0,0.0,0.0,0.0,0.0,0.0,3,0.0,,1155.0,25.2,2.77,7.3,146,100,18640.0,1,0.485
2026-05-01T05:00,0.0,0.0,0.0,0.0,0.0,0.0,3,0.0,,1270.0,26.5,3.33,8.2,147,99,18640.0,1,0.481
2026-05-01T06:00,0.0,0.0,0.0,0.0,0.0,0.0,3,0.0,0.0,1875.0,26.9,4.74,9.4,188,100,18640.0,1,0.482
2026-05-01T07:00,0.0,0.0,0.0,0.0,0.0,0.0,3,0.0,21.0,1945.0,27.6,3.96,10.1,176,100,18640.0,1,0.479
2026-05-01T08:00,0.0,0.0,0.0,0.0,0.0,0.0,3,0.0,42.0,1760.0,28.4,3.32,8.8,136,100,18640.0,1,0.477
2026-05-01T09:00,0.0,0.0,0.0,0.0,0.0,0.0,3,0.0,67.0,345.0,27.6,1.64,7.1,110,100,18640.0,1,0.476
2026-05-01T10:00,0.0,0.0,0.0,0.0,0.0,0.0,3,0.0,90.0,680.0,26.3,3.05,6.7,130,100,18020.0,1,0.475
2026-05-01T11:00,0.0,0.0,0.0,0.0,0.0,0.0,3,0.0,107.0,540.0,25.6,3.7,8.2,150,100,18020.0,1,0.474
2026-05-01T12:00,0.0,0.0,0.0,0.0,0.0,0.0,3,0.0,1.0,435.0,24.9,3.13,8.2,155,100,18020.0,0,0.451
2026-05-01T13:00,0.0,0.0,0.0,0.0,0.0,0.0,3,0.0,166.0,645.0,24.2,2.9,7.0,136,100,18020.0,0,0.451
2026-05-01T14:00,0.0,0.0,0.0,0.0,0.0,0.0,3,0.0,161.0,700.0,23.7,3.09,6.9,146,100,18020.0,0,0.451
2026-05-01T15:00,0.0,0.0,0.0,0.0,0.0,0.0,3,0.0,4.0,750.0,23.2,3.42,8.1,168,99,17280.0,0,0.452
2026-05-01T16:00,0.0,0.0,0.0,0.0,0.0,0.0,3,10.0,153.0,775.0,22.9,3.15,8.0,177,99,17280.0,0,0.452
2026-05-01T17:00,0.0,0.0,0.0,0.0,0.0,0.0,3,0.0,12.0,645.0,22.2,2.45,7.5,168,100,17280.0,0,0.452
2026-05-01T18:00,0.0,0.0,0.0,0.0,0.0,0.0,3,0.0,67.0,465.0,21.1,1.57,6.0,149,100,16360.0,0,0.445
2026-05-01T19:00,0.0,0.0,0.0,0.0,0.0,0.0,3,10.0,94.0,485.0,21.6,1.79,4.8,150,100,16360.0,0,0.446
2026-05-01T20:00,0.0,0.0,0.0,0.0,0.0,0.0,3,40.0,91.0,525.0,21.7,2.11,5.6,158,99,16360.0,0,0.446
2026-05-01T21:00,0.0,0.0,0.0,0.0,0.0,0.0,3,50.0,112.0,490.0,21.2,1.27,5.4,154,100,16360.0,0,0.447
2026-05-01T22:00,0.0,0.0,0.0,0.0,0.0,0.0,3,50.0,85.0,400.0,21.1,1.01,4.1,147,100,16360.0,0,0.448
2026-05-01T23:00,0.0,0.0,0.0,0.0,0.0,0.0,3,0.0,77.0,430.0,21.7,1.44,4.1,160,100,16360.0,1,0.448
2026-05-02T00:00,0.0,0.0,0.0,0.0,0.0,0.0,3,30.0,35.0,645.0,22.7,2.13,5.4,210,100,16360.0,1,0.463
2026-05-02T01:00,0.1,0.0,0.1,0.0,0.0,0.0,51,70.0,23.0,925.0,24.2,1.9,6.1,243,100,16360.0,1,0.463
2026-05-02T02:00,0.2,0.2,0.0,0.0,0.0,0.0,51,90.0,1.0,885.0,24.0,3.29,7.5,244,100,6180.0,1,0.464
2026-05-02T03:00,0.2,0.0,0.2,0.0,0.0,0.0,51,240.0,3.0,645.0,23.8,2.46,7.4,246,100,10940.0,1,0.466
2026-05-02T04:00,0.1,0.0,0.1,0.0,0.0,0.0,51,220.0,0.0,925.0,25.0,2.16,6.9,326,100,8040.0,1,0.465
2026-05-02T05:00,0.5,0.5,0.0,0.0,0.0,0.0,53,20.0,4.0,745.0,24.5,1.84,6.9,331,100,3220.0,1,0.469
2026-05-02T06:00,1.3,1.2,0.1,0.0,0.0,0.0,80,30.0,7.0,40.0,22.6,0.66,4.6,261,100,6000.0,1,0.494
2026-05-02T07:00,0.2,0.2,0.0,0.0,0.0,0.0,51,150.0,5.0,235.0,23.3,0.95,3.5,183,100,6960.0,1,0.493
2026-05-02T08:00,0.1,0.0,0.1,0.0,0.0,0.0,51,80.0,5.0,375.0,23.4,0.47,3.3,148,100,13640.0,1,0.492
2026-05-02T09:00,0.0,0.0,0.0,0.0,0.0,0.0,3,110.0,6.0,325.0,23.4,0.89,2.9,142,100,16360.0,1,0.49
2026-05-02T10:00,0.0,0.0,0.0,0.0,0.0,0.0,3,160.0,9.0,130.0,23.1,1.29,2.7,167,100,10500.0,1,0.488
2026-05-02T11:00,0.3,0.3,0.0,0.0,0.0,0.0,51,180.0,17.0,60.0,21.8,0.9,2.6,180,100,4820.0,1,0.489
2026-05-02T12:00,0.3,0.2,0.1,0.0,0.0,0.0,51,60.0,33.0,10.0,20.4,0.11,1.5,63,100,4960.0,0,0.479
2026-05-02T13:00,0.2,0.2,0.0,0.0,0.0,0.0,51,60.0,30.0,10.0,20.2,0.1,1.0,90,100,6100.0,0,0.48
2026-05-02T14:00,0.2,0.2,0.0,0.0,0.0,0.0,51,70.0,21.0,35.0,19.9,0.56,1.2,100,100,5540.0,0,0.481
2026-05-02T15:00,0.1,0.1,0.0,0.0,0.0,0.0,51,90.0,5.0,160.0,19.3,1.21,2.5,83,100,7880.0,0,0.482
2026-05-02T16:00,0.2,0.0,0.2,0.0,0.0,0.0,51,70.0,0.0,250.0,18.9,1.63,4.7,63,100,6260.0,0,0.484
2026-05-02T17:00,0.1,0.1,0.0,0.0,0.0,0.0,51,60.0,1.0,230.0,18.6,1.84,4.9,77,100,6980.0,0,0.484
2026-05-02T18:00,0.1,0.1,0.0,0.0,0.0,0.0,51,80.0,16.0,240.0,18.3,1.66,3.7,85,100,4540.0,0,0.489
2026-05-02T19:00,0.2,0.2,0.0,0.0,0.0,0.0,51,50.0,9.0,225.0,17.9,1.57,3.7,99,100,5560.0,0,0.49
2026-05-02T20:00,0.1,0.1,0.0,0.0,0.0,0.0,51,10.0,2.0,260.0,17.6,1.6,3.5,94,100,7280.0,0,0.49
2026-05-02T21:00,0.0,0.0,0.0,0.0,0.0,0.0,3,30.0,11.0,225.0,17.1,1.46,3.7,82,100,9380.0,0,0.488
2026-05-02T22:00,0.0,0.0,0.0,0.0,0.0,0.0,3,40.0,32.0,60.0,16.8,0.83,3.2,65,100,9200.0,0,0.487
2026-05-02T23:00,0.0,0.0,0.0,0.0,0.0,0.0,3,40.0,38.0,10.0,17.0,0.05,2.3,270,100,9200.0,1,0.486
2026-05-03T00:00,0.0,0.0,0.0,0.0,0.0,0.0,3,110.0,27.0,180.0,17.9,1.05,2.9,295,100,12300.0,1,0.499
2026-05-03T01:00,0.0,0.0,0.0,0.0,0.0,0.0,3,150.0,55.0,140.0,18.1,1.0,3.0,270,100,11400.0,1,0.496
2026-05-03T02:00,0.0,0.0,0.0,0.0,0.0,0.0,3,190.0,43.0,230.0,19.2,0.75,2.9,274,100,8220.0,1,0.494
2026-05-03T03:00,0.0,0.0,0.0,0.0,0.0,0.0,3,280.0,25.0,240.0,20.0,1.01,3.3,243,100,12920.0,1,0.492
2026-05-03T04:00,0.0,0.0,0.0,0.0,0.0,0.0,3,290.0,37.0,185.0,20.5,1.43,4.0,216,100,16340.0,1,0.49
2026-05-03T05:00,0.0,0.0,0.0,0.0,0.0,0.0,3,270.0,22.0,385.0,22.7,0.83,4.3,245,100,17240.0,1,0.487
2026-05-03T06:00,0.0,0.0,0.0,0.0,0.0,0.0,3,100.0,29.0,430.0,21.7,0.66,3.8,279,100,17240.0,1,0.493
2026-05-03T07:00,0.0,0.0,0.0,0.0,0.0,0.0,3,60.0,35.0,345.0,22.3,1.62,4.2,248,100,17960.0,1,0.49
2026-05-03T08:00,0.0,0.0,0.0,0.0,0.0,0.0,3,40.0,56.0,175.0,21.3,1.45,4.3,274,100,17960.0,1,0.488
2026-05-03T09:00,0.0,0.0,0.0,0.0,0.0,0.0,3,10.0,18.0,230.0,21.7,0.43,3.5,291,100,17960.0,1,0.486
2026-05-03T10:00,0.0,0.0,0.0,0.0,0.0,0.0,3,20.0,41.0,80.0,20.9,0.86,1.9,350,100,17220.0,1,0.485
2026-05-03T11:00,0.0,0.0,0.0,0.0,0.0,0.0,3,40.0,38.0,45.0,19.5,0.89,1.8,16,100,16340.0,1,0.484
2026-05-03T12:00,0.0,0.0,0.0,0.0,0.0,0.0,3,150.0,26.0,30.0,19.4,0.55,1.8,95,100,9120.0,0,0.474
2026-05-03T13:00,0.0,0.0,0.0,0.0,0.0,0.0,3,100.0,32.0,25.0,18.7,0.62,1.5,104,100,14380.0,0,0.473
2026-05-03T14:00,0.0,0.0,0.0,0.0,0.0,0.0,3,80.0,38.0,20.0,18.0,0.47,1.1,122,100,13740.0,0,0.473
2026-05-03T15:00,0.0,0.0,0.0,0.0,0.0,0.0,3,40.0,54.0,25.0,17.4,0.69,1.4,150,100,13740.0,0,0.473
2026-05-03T16:00,0.0,0.0,0.0,0.0,0.0,0.0,3,10.0,57.0,15.0,17.1,0.6,1.6,175,100,12320.0,0,0.473
2026-05-03T17:00,0.0,0.0,0.0,0.0,0.0,0.0,3,10.0,46.0,20.0,16.8,0.68,1.6,253,100,12320.0,0,0.472
2026-05-03T18:00,0.0,0.0,0.0,0.0,0.0,0.0,3,150.0,19.0,30.0,17.4,0.67,1.7,207,100,7720.0,0,0.477
2026-05-03T19:00,0.0,0.0,0.0,0.0,0.0,0.0,3,110.0,45.0,20.0,16.9,0.63,1.8,162,98,11360.0,0,0.477
2026-05-03T20:00,0.0,0.0,0.0,0.0,0.0,0.0,2,100.0,47.0,10.0,16.5,0.1,1.5,90,66,12040.0,0,0.476
2026-05-03T21:00,0.0,0.0,0.0,0.0,0.0,0.0,3,110.0,50.0,20.0,15.9,0.51,1.2,151,100,12040.0,0,0.476
2026-05-03T22:00,0.0,0.0,0.0,0.0,0.0,0.0,2,100.0,55.0,15.0,15.8,0.2,1.4,180,56,9180.0,0,0.476
2026-05-03T23:00,0.0,0.0,0.0,0.0,0.0,0.0,0,80.0,64.0,15.0,16.5,0.56,1.2,207,3,9220.0,1,0.475
2026-05-04T00:00,0.0,0.0,0.0,0.0,0.0,0.0,0,50.0,61.0,215.0,17.8,0.67,2.7,257,14,13740.0,1,0.479
2026-05-04T01:00,0.0,0.0,0.0,0.0,0.0,0.0,0,100.0,43.0,295.0,20.1,0.75,3.6,270,4,16320.0,1,0.478
2026-05-04T02:00,0.0,0.0,0.0,0.0,0.0,0.0,0,160.0,13.0,560.0,22.4,0.85,4.1,291,1,17200.0,1,0.476
2026-05-04T03:00,0.0,0.0,0.0,0.0,0.0,0.0,0,140.0,8.0,1025.0,24.2,0.81,4.6,300,4,17940.0,1,0.473
2026-05-04T04:00,0.0,0.0,0.0,0.0,0.0,0.0,0,120.0,5.0,1285.0,25.3,0.4,4.6,277,14,17920.0,1,0.469
2026-05-04T05:00,0.0,0.0,0.0,0.0,0.0,0.0,0,140.0,2.0,1425.0,26.0,0.35,4.1,262,12,18520.0,1,0.466
2026-05-04T06:00,0.0,0.0,0.0,0.0,0.0,0.0,0,140.0,0.0,1615.0,26.0,1.24,4.5,230,13,18520.0,1,0.449
2026-05-04T07:00,0.0,0.0,0.0,0.0,0.0,0.0,1,160.0,0.0,1885.0,26.7,1.38,4.8,257,48,18520.0,1,0.446
2026-05-04T08:00,0.1,0.0,0.1,0.0,0.0,0.0,51,90.0,4.0,1450.0,25.9,2.8,6.6,248,100,18520.0,1,0.445
2026-05-04T09:00,0.1,0.0,0.1,0.0,0.0,0.0,51,180.0,40.0,395.0,23.8,2.49,7.3,232,80,13540.0,1,0.445
2026-05-04T10:00,0.0,0.0,0.0,0.0,0.0,0.0,3,210.0,56.0,185.0,23.2,1.39,5.6,218,100,17200.0,1,0.444
2026-05-04T11:00,0.0,0.0,0.0,0.0,0.0,0.0,3,270.0,61.0,65.0,21.9,0.85,3.1,201,100,16320.0,1,0.444
2026-05-04T12:00,0.0,0.0,0.0,0.0,0.0,0.0,1,30.0,154.0,20.0,19.6,0.62,2.3,104,40,16320.0,0,0.419
2026-05-04T13:00,0.0,0.0,0.0,0.0,0.0,0.0,0,50.0,159.0,20.0,19.3,0.63,1.7,119,9,14820.0,0,0.42
2026-05-04T14:00,0.0,0.0,0.0,0.0,0.0,0.0,1,60.0,189.0,15.0,18.1,0.63,1.8,151,31,13740.0,0,0.421
2026-05-04T15:00,0.0,0.0,0.0,0.0,0.0,0.0,0,110.0,181.0,15.0,18.1,0.0,1.7,270,2,13740.0,0,0.422
2026-05-04T16:00,0.0,0.0,0.0,0.0,0.0,0.0,0,160.0,144.0,25.0,17.7,0.29,1.1,31,0,13740.0,0,0.422
2026-05-04T17:00,0.0,0.0,0.0,0.0,0.0,0.0,0,210.0,120.0,25.0,17.3,0.25,1.1,360,0,13740.0,0,0.423
2026-05-04T18:00,0.0,0.0,0.0,0.0,0.0,0.0,0,220.0,102.0,10.0,17.2,0.05,1.1,180,2,13740.0,0,0.431
2026-05-04T19:00,0.0,0.0,0.0,0.0,0.0,0.0,0,190.0,112.0,15.0,16.7,0.15,1.1,180,16,12320.0,0,0.431
2026-05-04T20:00,0.0,0.0,0.0,0.0,0.0,0.0,1,130.0,120.0,15.0,16.4,0.07,1.1,135,25,12320.0,0,0.432
2026-05-04T21:00,0.0,0.0,0.0,0.0,0.0,0.0,1,80.0,143.0,35.0,16.2,0.16,1.0,72,22,12320.0,0,0.432
2026-05-04T22:00,0.0,0.0,0.0,0.0,0.0,0.0,0,10.0,1.0,40.0,15.7,0.35,1.2,315,18,980.0,0,0.433
2026-05-04T23:00,0.0,0.0,0.0,0.0,0.0,0.0,1,0.0,2.0,55.0,16.5,1.01,2.1,297,28,480.0,1,0.434
2026-05-05T00:00,0.0,0.0,0.0,0.0,0.0,0.0,0,10.0,10.0,110.0,18.2,0.54,2.8,338,18,12320.0,1,0.444
2026-05-05T01:00,0.0,0.0,0.0,0.0,0.0,0.0,0,90.0,86.0,215.0,21.3,0.51,3.2,331,3,16300.0,1,0.443
2026-05-05T02:00,0.0,0.0,0.0,0.0,0.0,0.0,0,150.0,30.0,665.0,24.3,0.45,3.4,270,0,17180.0,1,0.442
2026-05-05T03:00,0.0,0.0,0.0,0.0,0.0,0.0,0,30.0,47.0,1170.0,26.5,1.42,4.8,219,0,18480.0,1,0.439
2026-05-05T04:00,0.0,0.0,0.0,0.0,0.0,0.0,0,0.0,28.0,1505.0,28.1,1.94,5.8,215,0,18480.0,1,0.436
2026-05-05T05:00,0.0,0.0,0.0,0.0,0.0,0.0,0,0.0,113.0,1765.0,29.0,2.09,6.1,213,0,19600.0,1,0.433
2026-05-05T06:00,0.0,0.0,0.0,0.0,0.0,0.0,0,0.0,98.0,1895.0,29.5,1.86,6.1,194,11,19600.0,1,0.415
2026-05-05T07:00,0.0,0.0,0.0,0.0,0.0,0.0,0,0.0,82.0,1895.0,29.9,1.65,5.4,178,15,19580.0,1,0.412
2026-05-05T08:00,0.0,0.0,0.0,0.0,0.0,0.0,0,0.0,147.0,1950.0,30.0,1.38,4.8,167,5,19580.0,1,0.41
2026-05-05T09:00,0.0,0.0,0.0,0.0,0.0,0.0,0,0.0,224.0,1990.0,29.8,1.75,4.0,143,1,19580.0,1,0.409
2026-05-05T10:00,0.0,0.0,0.0,0.0,0.0,0.0,0,0.0,202.0,435.0,28.0,1.99,4.3,115,1,18460.0,1,0.408
2026-05-05T11:00,0.0,0.0,0.0,0.0,0.0,0.0,0,0.0,9.0,190.0,25.2,2.34,5.2,106,0,17880.0,1,0.408
2026-05-05T12:00,0.0,0.0,0.0,0.0,0.0,0.0,0,0.0,24.0,170.0,24.0,2.55,5.5,106,4,17880.0,0,0.423
2026-05-05T13:00,0.0,0.0,0.0,0.0,0.0,0.0,0,0.0,5.0,75.0,23.3,2.0,5.8,112,0,17880.0,0,0.424
2026-05-05T14:00,0.0,0.0,0.0,0.0,0.0,0.0,0,0.0,5.0,145.0,22.9,2.48,6.0,115,1,17880.0,0,0.424
2026-05-05T15:00,0.0,0.0,0.0,0.0,0.0,0.0,0,0.0,5.0,65.0,21.8,1.66,6.0,115,0,17880.0,0,0.424
2026-05-05T16:00,0.0,0.0,0.0,0.0,0.0,0.0,0,0.0,6.0,40.0,20.6,1.25,4.5,106,2,17160.0,0,0.424
2026-05-05T17:00,0.0,0.0,0.0,0.0,0.0,0.0,0,0.0,7.0,25.0,20.0,0.95,3.9,93,0,17160.0,0,0.425
2026-05-05T18:00,0.0,0.0,0.0,0.0,0.0,0.0,1,0.0,3.0,60.0,20.5,1.23,3.4,122,30,17160.0,0,0.425
2026-05-05T19:00,0.0,0.0,0.0,0.0,0.0,0.0,0,0.0,7.0,35.0,19.9,1.03,4.0,113,0,17160.0,0,0.425
2026-05-05T20:00,0.0,0.0,0.0,0.0,0.0,0.0,1,0.0,7.0,30.0,19.4,0.92,3.5,103,21,17160.0,0,0.426
2026-05-05T21:00,0.0,0.0,0.0,0.0,0.0,0.0,1,0.0,8.0,35.0,19.2,1.07,3.4,101,27,16280.0,0,0.426
2026-05-05T22:00,0.0,0.0,0.0,0.0,0.0,0.0,2,0.0,8.0,30.0,19.1,1.05,3.4,95,62,16280.0,0,0.426
2026-05-05T23:00,0.0,0.0,0.0,0.0,0.0,0.0,2,0.0,7.0,35.0,20.4,1.15,3.4,88,63,16280.0,1,0.427
2026-05-06T00:00,0.0,0.0,0.0,0.0,0.0,0.0,3,0.0,57.0,385.0,22.9,1.48,3.6,102,89,17160.0,1,0.427
2026-05-06T01:00,0.0,0.0,0.0,0.0,0.0,0.0,2,10.0,66.0,905.0,25.1,2.12,5.6,137,74,17160.0,1,0.426
2026-05-06T02:00,0.0,0.0,0.0,0.0,0.0,0.0,2,10.0,31.0,1110.0,26.2,2.6,6.6,164,62,17860.0,1,0.425
2026-05-06T03:00,0.0,0.0,0.0,0.0,0.0,0.0,3,20.0,67.0,1485.0,28.2,4.53,9.9,191,100,17860.0,1,0.423
2026-05-06T04:00,0.0,0.0,0.0,0.0,0.0,0.0,3,30.0,60.0,1485.0,28.1,3.75,10.2,181,100,17860.0,1,0.421
2026-05-06T05:00,0.0,0.0,0.0,0.0,0.0,0.0,1,90.0,21.0,1400.0,28.9,3.36,8.3,169,48,4600.0,1,0.419
2026-05-06T06:00,0.2,0.2,0.0,0.0,0.0,0.0,51,50.0,1.0,1365.0,28.9,3.8,9.8,189,73,5280.0,1,0.418
2026-05-06T07:00,0.3,0.3,0.0,0.0,0.0,0.0,51,60.0,0.0,1510.0,29.7,4.15,9.9,193,93,18440.0,1,0.419
2026-05-06T08:00,0.5,0.4,0.1,0.0,0.0,0.0,53,270.0,13.0,1050.0,28.3,3.15,9.9,207,98,6400.0,1,0.421
2026-05-06T09:00,0.1,0.1,0.0,0.0,0.0,0.0,51,280.0,9.0,1335.0,28.2,1.71,6.8,187,95,8380.0,1,0.421
2026-05-06T10:00,0.5,0.1,0.4,0.0,0.0,0.0,53,500.0,28.0,130.0,26.4,1.24,4.7,133,83,12480.0,1,0.426
2026-05-06T11:00,0.0,0.0,0.0,0.0,0.0,0.0,2,450.0,41.0,40.0,25.3,0.78,3.1,105,65,16260.0,1,0.426
2026-05-06T12:00,0.0,0.0,0.0,0.0,0.0,0.0,2,720.0,63.0,50.0,22.9,1.52,2.8,81,68,12240.0,0,0.406
2026-05-06T13:00,0.0,0.0,0.0,0.0,0.0,0.0,2,690.0,62.0,35.0,22.4,1.05,3.0,90,63,9200.0,0,0.407
2026-05-06T14:00,0.0,0.0,0.0,0.0,0.0,0.0,2,610.0,51.0,15.0,21.9,0.46,2.5,77,73,7260.0,0,0.407
2026-05-06T15:00,0.0,0.0,0.0,0.0,0.0,0.0,2,470.0,11.0,15.0,21.7,0.25,1.7,37,67,7620.0,0,0.408
2026-05-06T16:00,0.1,0.1,0.0,0.0,0.0,0.0,51,450.0,5.0,10.0,21.7,0.1,2.3,90,80,4940.0,0,0.409
2026-05-06T17:00,1.0,0.5,0.5,0.0,0.0,0.0,55,110.0,0.0,20.0,21.5,0.22,2.9,333,100,3600.0,0,0.422
2026-05-06T18:00,0.3,0.3,0.0,0.0,0.0,0.0,51,460.0,8.0,30.0,21.3,0.74,3.1,152,87,5600.0,0,0.423
2026-05-06T19:00,0.0,0.0,0.0,0.0,0.0,0.0,0,360.0,8.0,20.0,21.4,0.43,3.1,324,12,8360.0,0,0.424
2026-05-06T20:00,0.0,0.0,0.0,0.0,0.0,0.0,1,330.0,1.0,10.0,21.1,0.1,1.5,90,21,9140.0,0,0.425
2026-05-06T21:00,0.0,0.0,0.0,0.0,0.0,0.0,1,220.0,7.0,25.0,20.9,0.32,0.9,162,23,9060.0,0,0.425
2026-05-06T22:00,0.0,0.0,0.0,0.0,0.0,0.0,2,290.0,15.0,30.0,20.6,0.57,1.5,232,60,1740.0,1,0.426
2026-05-06T23:00,0.1,0.1,0.0,0.0,0.0,0.0,51,60.0,82.0,35.0,21.1,0.36,1.5,254,63,2200.0,1,0.427
2026-05-07T00:00,0.0,0.0,0.0,0.0,0.0,0.0,3,330.0,3.0,120.0,22.4,0.54,2.6,56,88,10060.0,1,0.467
2026-05-07T01:00,0.1,0.0,0.1,0.0,0.0,0.0,51,760.0,0.0,480.0,23.9,1.42,4.6,42,94,10940.0,1,0.467
2026-05-07T02:00,0.8,0.0,0.8,0.0,0.0,0.0,53,350.0,0.0,935.0,24.6,4.88,9.8,46,100,3960.0,1,0.475
2026-05-07T03:00,0.5,0.3,0.2,0.0,0.0,0.0,53,50.0,6.0,765.0,22.3,3.89,12.1,64,97,6020.0,1,0.478
2026-05-07T04:00,0.2,0.2,0.0,0.0,0.0,0.0,51,0.0,0.0,920.0,23.8,5.19,11.9,58,59,5680.0,1,0.477
2026-05-07T05:00,0.2,0.2,0.0,0.0,0.0,0.0,51,10.0,0.0,1175.0,25.7,6.1,14.4,57,100,10000.0,1,0.475
2026-05-07T06:00,0.1,0.1,0.0,0.0,0.0,0.0,51,20.0,1.0,805.0,22.8,5.19,13.4,65,100,7760.0,1,0.473
2026-05-07T07:00,0.1,0.1,0.0,0.0,0.0,0.0,51,30.0,1.0,1000.0,22.0,3.82,10.7,64,100,10420.0,1,0.473
2026-05-07T08:00,0.0,0.0,0.0,0.0,0.0,0.0,3,10.0,3.0,1115.0,22.6,4.27,9.7,63,100,16260.0,1,0.471
2026-05-07T09:00,0.0,0.0,0.0,0.0,0.0,0.0,3,10.0,0.0,1175.0,22.1,4.09,10.5,57,100,17120.0,1,0.47
2026-05-07T10:00,0.0,0.0,0.0,0.0,0.0,0.0,3,10.0,0.0,1205.0,21.8,3.24,9.5,56,100,17120.0,1,0.469
2026-05-07T11:00,0.0,0.0,0.0,0.0,0.0,0.0,3,0.0,0.0,1240.0,21.3,2.7,7.3,51,100,17120.0,1,0.467
2026-05-07T12:00,0.0,0.0,0.0,0.0,0.0,0.0,3,0.0,0.0,1280.0,19.9,2.9,6.2,42,100,17120.0,0,0.5
2026-05-07T13:00,0.0,0.0,0.0,0.0,0.0,0.0,3,0.0,0.0,1325.0,20.1,2.35,6.8,27,100,17120.0,0,0.496
2026-05-07T14:00,0.0,0.0,0.0,0.0,0.0,0.0,3,0.0,0.0,1340.0,20.0,1.94,5.5,12,100,17820.0,0,0.493
2026-05-07T15:00,0.0,0.0,0.0,0.0,0.0,0.0,3,0.0,0.0,1260.0,19.8,2.07,5.0,20,100,17820.0,0,0.491
2026-05-07T16:00,0.0,0.0,0.0,0.0,0.0,0.0,3,0.0,0.0,1110.0,19.5,2.04,5.1,31,100,17820.0,0,0.489
2026-05-07T17:00,0.0,0.0,0.0,0.0,0.0,0.0,3,0.0,0.0,590.0,19.2,1.52,5.0,17,100,17800.0,0,0.487
2026-05-07T18:00,0.0,0.0,0.0,0.0,0.0,0.0,3,0.0,0.0,1065.0,18.9,2.17,4.0,23,100,8580.0,0,0.501
2026-05-07T19:00,0.2,0.2,0.0,0.0,0.0,0.0,51,0.0,0.0,680.0,18.4,2.04,5.5,17,100,6700.0,0,0.499
2026-05-07T20:00,0.1,0.1,0.0,0.0,0.0,0.0,51,0.0,0.0,505.0,17.9,1.36,4.8,6,100,8220.0,0,0.496
2026-05-07T21:00,0.1,0.1,0.0,0.0,0.0,0.0,51,0.0,0.0,535.0,17.7,1.76,4.1,5,100,9920.0,0,0.494
2026-05-07T22:00,1.7,0.1,1.6,0.0,0.0,0.0,80,0.0,0.0,455.0,17.1,2.06,4.6,6,100,6520.0,1,0.509
2026-05-07T23:00,0.2,0.1,0.1,0.0,0.0,0.0,51,10.0,0.0,465.0,17.1,1.95,4.6,1,100,11440.0,1,0.504
2026-05-08T00:00,0.1,0.1,0.0,0.0,0.0,0.0,51,0.0,0.0,720.0,18.8,2.3,5.3,358,100,17100.0,1,0.501
2026-05-08T01:00,0.0,0.0,0.0,0.0,0.0,0.0,3,0.0,0.0,950.0,19.1,2.35,5.6,359,100,17100.0,1,0.497
2026-05-08T02:00,0.0,0.0,0.0,0.0,0.0,0.0,3,0.0,0.0,1295.0,20.2,2.2,5.4,21,100,17800.0,1,0.494
2026-05-08T03:00,0.0,0.0,0.0,0.0,0.0,0.0,3,0.0,0.0,1345.0,20.3,2.63,5.9,33,100,17800.0,1,0.491
2026-05-08T04:00,0.0,0.0,0.0,0.0,0.0,0.0,2,0.0,0.0,1465.0,21.6,3.41,7.8,39,71,18360.0,1,0.488
2026-05-08T05:00,0.0,0.0,0.0,0.0,0.0,0.0,3,0.0,0.0,1495.0,22.3,4.63,10.6,44,100,19440.0,1,0.484
2026-05-08T06:00,0.0,0.0,0.0,0.0,0.0,0.0,3,0.0,0.0,1485.0,21.3,4.35,10.9,46,100,18360.0,1,0.506
2026-05-08T07:00,0.0,0.0,0.0,0.0,0.0,0.0,3,0.0,0.0,1325.0,20.2,4.71,10.5,49,100,19440.0,1,0.5
2026-05-08T08:00,0.0,0.0,0.0,0.0,0.0,0.0,3,0.0,0.0,1215.0,19.9,3.93,10.4,53,100,19440.0,1,0.495
2026-05-08T09:00,0.0,0.0,0.0,0.0,0.0,0.0,3,0.0,0.0,1015.0,18.8,3.12,8.7,50,100,18360.0,1,0.492
2026-05-08T10:00,0.0,0.0,0.0,0.0,0.0,0.0,3,0.0,0.0,980.0,18.3,2.35,7.0,38,100,18360.0,1,0.49
2026-05-08T11:00,0.0,0.0,0.0,0.0,0.0,0.0,3,0.0,0.0,845.0,17.8,1.91,5.1,33,95,17780.0,1,0.488
2026-05-08T12:00,0.0,0.0,0.0,0.0,0.0,0.0,2,0.0,0.0,575.0,17.4,1.94,4.2,35,77,17780.0,0,0.47
2026-05-08T13:00,0.0,0.0,0.0,0.0,0.0,0.0,3,0.0,8.0,255.0,16.0,1.12,4.3,32,100,17780.0,0,0.469
2026-05-08T14:00,0.0,0.0,0.0,0.0,0.0,0.0,1,0.0,13.0,120.0,16.5,0.65,2.8,67,36,17780.0,0,0.469
2026-05-08T15:00,0.0,0.0,0.0,0.0,0.0,0.0,3,0.0,20.0,40.0,15.2,0.51,1.8,79,100,17080.0,0,0.469
2026-05-08T16:00,0.0,0.0,0.0,0.0,0.0,0.0,2,0.0,28.0,10.0,15.1,0.07,1.5,45,70,17080.0,0,0.468
2026-05-08T17:00,0.0,0.0,0.0,0.0,0.0,0.0,3,0.0,34.0,10.0,14.8,0.0,0.7,270,100,16220.0,0,0.468
2026-05-08T18:00,0.0,0.0,0.0,0.0,0.0,0.0,3,0.0,36.0,35.0,16.1,0.15,0.6,180,100,17080.0,0,0.476
2026-05-08T19:00,0.0,0.0,0.0,0.0,0.0,0.0,3,0.0,34.0,60.0,16.0,0.22,0.8,243,100,17080.0,0,0.475
2026-05-08T20:00,0.0,0.0,0.0,0.0,0.0,0.0,3,0.0,30.0,70.0,15.9,0.43,0.9,201,85,17080.0,0,0.474
2026-05-08T21:00,0.0,0.0,0.0,0.0,0.0,0.0,3,0.0,24.0,55.0,15.0,0.51,0.9,169,100,17080.0,0,0.474
2026-05-08T22:00,0.0,0.0,0.0,0.0,0.0,0.0,3,0.0,18.0,20.0,14.8,0.16,0.7,198,98,17080.0,1,0.473
2026-05-08T23:00,0.0,0.0,0.0,0.0,0.0,0.0,3,0.0,12.0,55.0,15.4,0.76,1.5,281,100,16220.0,1,0.473
2026-05-09T00:00,0.0,0.0,0.0,0.0,0.0,0.0,2,0.0,31.0,205.0,16.0,1.24,3.0,230,73,16220.0,1,0.485
2026-05-09T01:00,0.0,0.0,0.0,0.0,0.0,0.0,3,0.0,5.0,455.0,18.1,1.35,4.6,255,94,16220.0,1,0.483
2026-05-09T02:00,0.0,0.0,0.0,0.0,0.0,0.0,3,0.0,1.0,740.0,19.8,0.92,4.6,283,99,17080.0,1,0.48
2026-05-09T03:00,0.0,0.0,0.0,0.0,0.0,0.0,3,0.0,0.0,820.0,20.5,0.95,4.2,270,100,17760.0,1,0.478
2026-05-09T04:00,0.0,0.0,0.0,0.0,0.0,0.0,3,0.0,0.0,875.0,21.2,1.18,4.4,258,100,17760.0,1,0.475
2026-05-09T05:00,0.0,0.0,0.0,0.0,0.0,0.0,3,0.0,0.0,630.0,20.7,1.1,4.4,227,100,17760.0,1,0.473
2026-05-09T06:00,0.0,0.0,0.0,0.0,0.0,0.0,3,0.0,0.0,570.0,20.6,1.42,3.7,212,100,17760.0,1,0.469
2026-05-09T07:00,0.0,0.0,0.0,0.0,0.0,0.0,3,0.0,6.0,650.0,22.0,1.15,4.7,198,86,17760.0,1,0.467
2026-05-09T08:00,0.0,0.0,0.0,0.0,0.0,0.0,3,0.0,15.0,695.0,23.0,1.48,4.6,156,100,18320.0,1,0.465
2026-05-09T09:00,0.0,0.0,0.0,0.0,0.0,0.0,3,0.0,26.0,565.0,23.1,1.24,4.5,137,100,18320.0,1,0.463
2026-05-09T10:00,0.0,0.0,0.0,0.0,0.0,0.0,3,0.0,39.0,195.0,22.5,1.17,3.7,130,100,17760.0,1,0.462
2026-05-09T11:00,0.0,0.0,0.0,0.0,0.0,0.0,1,0.0,53.0,50.0,21.0,0.95,2.3,90,29,17760.0,1,0.462
2026-05-09T12:00,0.0,0.0,0.0,0.0,0.0,0.0,3,0.0,1.0,25.0,19.3,0.85,2.2,93,100,17060.0,0,0.464
2026-05-09T13:00,0.0,0.0,0.0,0.0,0.0,0.0,3,0.0,7.0,30.0,18.7,1.27,2.6,101,100,16200.0,0,0.463
2026-05-09T14:00,0.0,0.0,0.0,0.0,0.0,0.0,3,0.0,6.0,25.0,17.8,1.03,2.6,113,100,16200.0,0,0.463
2026-05-09T15:00,0.0,0.0,0.0,0.0,0.0,0.0,3,0.0,13.0,20.0,17.0,0.72,2.1,115,100,14780.0,0,0.463
2026-05-09T16:00,0.0,0.0,0.0,0.0,0.0,0.0,3,0.0,5.0,25.0,16.8,0.74,1.6,118,100,14780.0,0,0.463
2026-05-09T17:00,0.0,0.0,0.0,0.0,0.0,0.0,3,0.0,6.0,15.0,16.6,0.36,1.6,124,100,14780.0,0,0.463
2026-05-09T18:00,0.0,0.0,0.0,0.0,0.0,0.0,3,0.0,47.0,10.0,17.1,0.16,1.1,342,100,14780.0,0,0.462
2026-05-09T19:00,0.0,0.0,0.0,0.0,0.0,0.0,3,0.0,7.0,15.0,16.7,0.25,1.4,307,100,13740.0,0,0.462
2026-05-09T20:00,0.0,0.0,0.0,0.0,0.0,0.0,3,0.0,9.0,10.0,16.7,0.11,1.0,63,98,13740.0,0,0.462
2026-05-09T21:00,0.0,0.0,0.0,0.0,0.0,0.0,3,0.0,12.0,10.0,16.2,0.14,0.9,45,100,13740.0,0,0.462
2026-05-09T22:00,0.0,0.0,0.0,0.0,0.0,0.0,3,0.0,14.0,10.0,15.9,0.21,1.0,14,100,13740.0,1,0.462
2026-05-09T23:00,0.0,0.0,0.0,0.0,0.0,0.0,3,0.0,16.0,10.0,17.0,0.42,1.0,45,100,13740.0,1,0.461
2026-05-10T00:00,0.0,0.0,0.0,0.0,0.0,0.0,3,0.0,9.0,160.0,18.7,0.45,2.4,276,96,16200.0,1,0.461
2026-05-10T01:00,0.0,0.0,0.0,0.0,0.0,0.0,3,0.0,15.0,225.0,21.0,0.41,3.0,284,100,16200.0,1,0.46
2026-05-10T02:00,0.0,0.0,0.0,0.0,0.0,0.0,3,0.0,12.0,335.0,23.3,0.54,3.3,292,96,17040.0,1,0.458
2026-05-10T03:00,0.0,0.0,0.0,0.0,0.0,0.0,1,0.0,8.0,635.0,25.2,0.82,3.9,308,30,17720.0,1,0.456
2026-05-10T04:00,0.0,0.0,0.0,0.0,0.0,0.0,3,0.0,5.0,1325.0,26.9,0.67,4.1,312,86,18280.0,1,0.453
2026-05-10T05:00,0.0,0.0,0.0,0.0,0.0,0.0,3,0.0,2.0,1600.0,27.8,1.14,4.6,337,98,18280.0,1,0.45
2026-05-10T06:00,0.0,0.0,0.0,0.0,0.0,0.0,3,0.0,10.0,1265.0,27.6,1.28,4.6,339,100,18280.0,1,0.446
2026-05-10T07:00,0.0,0.0,0.0,0.0,0.0,0.0,3,0.0,2.0,1225.0,28.1,1.3,4.2,328,100,18280.0,1,0.444
2026-05-10T08:00,0.0,0.0,0.0,0.0,0.0,0.0,3,0.0,4.0,625.0,27.2,1.26,4.1,263,100,18280.0,1,0.442
2026-05-10T09:00,0.0,0.0,0.0,0.0,0.0,0.0,3,0.0,7.0,590.0,27.3,2.16,4.7,230,95,18280.0,1,0.441
2026-05-10T10:00,0.0,0.0,0.0,0.0,0.0,0.0,3,0.0,118.0,365.0,26.2,1.29,4.8,216,99,17720.0,1,0.44
2026-05-10T11:00,0.0,0.0,0.0,0.0,0.0,0.0,3,0.0,78.0,25.0,24.3,0.65,2.8,180,100,17720.0,1,0.44
2026-05-10T12:00,0.0,0.0,0.0,0.0,0.0,0.0,3,0.0,5.0,20.0,23.3,0.49,1.6,156,100,17720.0,0,0.44
2026-05-10T13:00,0.0,0.0,0.0,0.0,0.0,0.0,3,0.0,12.0,25.0,22.1,0.99,2.1,135,100,17040.0,0,0.44
2026-05-10T14:00,0.0,0.0,0.0,0.0,0.0,0.0,3,0.0,9.0,15.0,20.9,0.62,1.9,166,100,16180.0,0,0.44
2026-05-10T15:00,0.0,0.0,0.0,0.0,0.0,0.0,3,0.0,6.0,15.0,20.0,0.8,1.7,176,100,16180.0,0,0.44
2026-05-10T16:00,0.0,0.0,0.0,0.0,0.0,0.0,3,0.0,2.0,20.0,18.8,1.0,2.2,183,100,14780.0,0,0.44
2026-05-10T17:00,0.0,0.0,0.0,0.0,0.0,0.0,3,0.0,0.0,15.0,18.8,0.59,2.1,160,100,14760.0,0,0.44
2026-05-10T18:00,0.0,0.0,0.0,0.0,0.0,0.0,3,0.0,1.0,10.0,19.2,0.22,1.4,153,100,14780.0,0,0.441
2026-05-10T19:00,0.0,0.0,0.0,0.0,0.0,0.0,3,0.0,30.0,15.0,19.2,0.43,1.2,234,100,14760.0,0,0.441
2026-05-10T20:00,0.0,0.0,0.0,0.0,0.0,0.0,3,0.0,26.0,20.0,18.7,0.72,1.7,192,100,14760.0,0,0.441
2026-05-10T21:00,0.0,0.0,0.0,0.0,0.0,0.0,3,0.0,20.0,15.0,18.5,0.65,1.6,184,100,14760.0,0,0.441
2026-05-10T22:00,0.0,0.0,0.0,0.0,0.0,0.0,3,0.0,14.0,15.0,18.3,0.36,1.6,254,100,13740.0,1,0.441
2026-05-10T23:00,0.0,0.0,0.0,0.0,0.0,0.0,3,0.0,9.0,15.0,19.0,0.87,1.8,257,100,13740.0,1,0.441
2026-05-11T00:00,0.0,0.0,0.0,0.0,0.0,0.0,3,0.0,26.0,130.0,20.7,0.58,2.0,301,100,16180.0,1,0.442
2026-05-11T01:00,0.0,0.0,0.0,0.0,0.0,0.0,3,0.0,5.0,250.0,22.3,0.72,2.9,282,100,16180.0,1,0.441
2026-05-11T02:00,0.0,0.0,0.0,0.0,0.0,0.0,3,0.0,202.0,325.0,23.6,0.76,3.2,247,100,17020.0,1,0.44
2026-05-11T03:00,0.0,0.0,0.0,0.0,0.0,0.0,3,0.0,91.0,490.0,25.6,1.25,4.3,254,100,17700.0,1,0.439
2026-05-11T04:00,0.0,0.0,0.0,0.0,0.0,0.0,3,0.0,49.0,780.0,27.2,1.1,4.8,267,100,17700.0,1,0.437
2026-05-11T05:00,0.0,0.0,0.0,0.0,0.0,0.0,3,0.0,117.0,910.0,27.6,0.99,4.2,240,100,18240.0,1,0.435
2026-05-11T06:00,0.0,0.0,0.0,0.0,0.0,0.0,3,0.0,159.0,1415.0,29.3,1.44,4.9,236,100,18240.0,1,0.432
2026-05-11T07:00,0.0,0.0,0.0,0.0,0.0,0.0,3,0.0,120.0,1320.0,28.6,2.26,5.2,211,100,18240.0,1,0.43
2026-05-11T08:00,0.0,0.0,0.0,0.0,0.0,0.0,3,0.0,54.0,815.0,27.7,3.21,7.3,211,99,18240.0,1,0.428
2026-05-11T09:00,0.0,0.0,0.0,0.0,0.0,0.0,3,0.0,97.0,440.0,26.3,2.69,7.4,202,100,17680.0,1,0.427
2026-05-11T10:00,0.0,0.0,0.0,0.0,0.0,0.0,3,0.0,136.0,275.0,25.0,2.1,5.7,183,100,17000.0,1,0.427
2026-05-11T11:00,0.0,0.0,0.0,0.0,0.0,0.0,3,0.0,198.0,185.0,23.1,1.71,4.4,175,100,17000.0,1,0.426
2026-05-11T12:00,0.0,0.0,0.0,0.0,0.0,0.0,3,0.0,64.0,55.0,22.4,1.54,3.9,151,84,17000.0,0,0.399
2026-05-11T13:00,0.0,0.0,0.0,0.0,0.0,0.0,3,0.0,205.0,45.0,21.6,1.35,3.1,149,89,17000.0,0,0.4
2026-05-11T14:00,0.0,0.0,0.0,0.0,0.0,0.0,3,0.0,103.0,30.0,20.3,1.19,2.9,147,81,17000.0,0,0.401
2026-05-11T15:00,0.0,0.0,0.0,0.0,0.0,0.0,3,0.0,100.0,20.0,19.7,0.85,2.6,140,100,16160.0,0,0.402
2026-05-11T16:00,0.0,0.0,0.0,0.0,0.0,0.0,3,0.0,100.0,20.0,19.2,0.79,2.3,145,100,16160.0,0,0.402
2026-05-11T17:00,0.0,0.0,0.0,0.0,0.0,0.0,3,0.0,79.0,15.0,19.4,0.29,2.2,121,100,16160.0,0,0.403
2026-05-11T18:00,0.0,0.0,0.0,0.0,0.0,0.0,3,0.0,69.0,15.0,20.1,0.56,1.5,117,100,16160.0,0,0.403
2026-05-11T19:00,0.0,0.0,0.0,0.0,0.0,0.0,3,0.0,43.0,15.0,20.0,0.36,2.2,74,100,16160.0,0,0.404
2026-05-11T20:00,0.0,0.0,0.0,0.0,0.0,0.0,3,0.0,28.0,15.0,19.8,0.22,1.1,117,100,16160.0,0,0.405
2026-05-11T21:00,0.0,0.0,0.0,0.0,0.0,0.0,3,0.0,17.0,15.0,19.1,0.51,1.4,169,100,14760.0,0,0.406
2026-05-11T22:00,0.0,0.0,0.0,0.0,0.0,0.0,3,0.0,10.0,10.0,19.4,0.07,1.4,45,100,13120.0,1,0.406
2026-05-11T23:00,0.0,0.0,0.0,0.0,0.0,0.0,3,0.0,7.0,10.0,19.7,0.1,1.0,90,100,9460.0,1,0.407
2026-05-12T00:00,0.1,0.1,0.0,0.0,0.0,0.0,51,0.0,4.0,25.0,20.3,0.65,2.4,203,100,5180.0,1,0.418
2026-05-12T01:00,0.5,0.5,0.0,0.0,0.0,0.0,53,0.0,2.0,45.0,20.4,1.16,2.7,205,100,5380.0,1,0.423
2026-05-12T02:00,1.0,0.2,0.8,0.0,0.0,0.0,55,0.0,1.0,230.0,20.5,2.47,4.9,212,100,5580.0,1,0.434
2026-05-12T03:00,0.4,0.4,0.0,0.0,0.0,0.0,51,0.0,0.0,180.0,20.9,1.77,5.1,188,100,4160.0,1,0.437
2026-05-12T04:00,0.5,0.5,0.0,0.0,0.0,0.0,53,10.0,2.0,175.0,20.6,0.6,4.2,246,100,4180.0,1,0.441
2026-05-12T05:00,0.4,0.4,0.0,0.0,0.0,0.0,51,10.0,10.0,235.0,20.6,0.64,2.9,225,100,5480.0,1,0.445
2026-05-12T06:00,0.1,0.1,0.0,0.0,0.0,0.0,51,20.0,2.0,415.0,20.8,0.52,4.0,287,100,4340.0,1,0.473
2026-05-12T07:00,0.4,0.4,0.0,0.0,0.0,0.0,51,20.0,3.0,560.0,21.2,0.56,3.1,80,100,3380.0,1,0.474
2026-05-12T08:00,0.8,0.8,0.0,0.0,0.0,0.0,53,30.0,6.0,175.0,20.4,0.65,3.2,58,100,4000.0,1,0.478
2026-05-12T09:00,0.2,0.2,0.0,0.0,0.0,0.0,51,20.0,3.0,315.0,20.2,1.32,3.2,81,100,6840.0,1,0.478
2026-05-12T10:00,0.0,0.0,0.0,0.0,0.0,0.0,3,30.0,66.0,370.0,20.5,1.15,3.8,95,99,10100.0,1,0.476
2026-05-12T11:00,0.0,0.0,0.0,0.0,0.0,0.0,3,90.0,0.0,50.0,19.9,0.78,3.1,63,100,9180.0,1,0.474
2026-05-12T12:00,0.5,0.5,0.0,0.0,0.0,0.0,53,70.0,2.0,215.0,18.7,0.91,1.7,81,100,6720.0,0,0.488
2026-05-12T13:00,0.9,0.1,0.8,0.0,0.0,0.0,53,140.0,3.0,105.0,18.8,0.81,1.9,101,64,4180.0,0,0.496
2026-05-12T14:00,0.1,0.1,0.0,0.0,0.0,0.0,51,210.0,0.0,40.0,18.4,0.4,2.0,30,100,7140.0,0,0.491
2026-05-12T15:00,0.3,0.2,0.1,0.0,0.0,0.0,51,170.0,5.0,35.0,18.2,0.21,1.4,315,100,3140.0,0,0.491
2026-05-12T16:00,3.4,0.9,2.5,0.0,0.0,0.0,81,0.0,0.0,170.0,17.9,0.99,5.3,315,100,1580.0,0,0.52
2026-05-12T17:00,13.2,0.6,12.6,0.0,0.0,0.0,95,320.0,0.0,100.0,17.8,0.4,4.8,353,100,1500.0,0,0.513
2026-05-12T18:00,3.5,2.1,1.4,0.0,0.0,0.0,81,0.0,2.0,80.0,17.6,0.74,4.7,250,80,3800.0,0,0.513
2026-05-12T19:00,0.0,0.0,0.0,0.0,0.0,0.0,3,90.0,8.0,25.0,17.5,0.16,1.8,342,100,4040.0,0,0.505
2026-05-12T20:00,0.3,0.3,0.0,0.0,0.0,0.0,51,160.0,7.0,20.0,17.6,0.25,1.5,323,77,2580.0,0,0.504
2026-05-12T21:00,1.0,1.0,0.0,0.0,0.0,0.0,55,150.0,34.0,15.0,17.3,0.07,0.9,225,81,1960.0,0,0.511
2026-05-12T22:00,2.5,1.9,0.6,0.0,0.0,0.0,81,0.0,0.0,60.0,17.1,0.94,1.8,245,76,1720.0,1,0.509
2026-05-12T23:00,2.1,0.3,1.8,0.0,0.0,0.0,80,270.0,10.0,95.0,17.4,1.2,2.6,275,100,3820.0,1,0.509
2026-05-13T00:00,0.1,0.1,0.0,0.0,0.0,0.0,51,0.0,14.0,165.0,18.3,0.74,4.2,312,100,5400.0,1,0.51
2026-05-13T01:00,0.0,0.0,0.0,0.0,0.0,0.0,3,0.0,23.0,140.0,19.2,0.21,2.2,225,88,7940.0,1,0.505
2026-05-13T02:00,0.0,0.0,0.0,0.0,0.0,0.0,3,0.0,46.0,500.0,20.8,0.63,3.2,299,100,9700.0,1,0.501
2026-05-13T03:00,0.0,0.0,0.0,0.0,0.0,0.0,3,0.0,35.0,615.0,21.9,0.38,3.2,293,98,12400.0,1,0.498
2026-05-13T04:00,0.0,0.0,0.0,0.0,0.0,0.0,3,0.0,39.0,830.0,23.7,0.64,3.7,231,100,12400.0,1,0.494
2026-05-13T05:00,0.0,0.0,0.0,0.0,0.0,0.0,3,0.0,12.0,880.0,24.5,1.43,4.5,216,86,13900.0,1,0.491
2026-05-13T06:00,0.0,0.0,0.0,0.0,0.0,0.0,3,0.0,143.0,925.0,24.4,0.66,5.7,261,99,13900.0,1,0.495
2026-05-13T07:00,0.0,0.0,0.0,0.0,0.0,0.0,3,0.0,95.0,750.0,25.0,1.2,4.0,197,82,13900.0,1,0.492
2026-05-13T08:00,0.0,0.0,0.0,0.0,0.0,0.0,1,0.0,133.0,675.0,25.2,1.14,4.4,165,27,13900.0,1,0.489
2026-05-13T09:00,0.0,0.0,0.0,0.0,0.0,0.0,2,0.0,135.0,805.0,25.7,1.25,4.0,157,55,13900.0,1,0.486
2026-05-13T10:00,0.0,0.0,0.0,0.0,0.0,0.0,1,0.0,168.0,460.0,25.2,1.67,4.1,141,34,13900.0,1,0.485
2026-05-13T11:00,0.0,0.0,0.0,0.0,0.0,0.0,0,20.0,252.0,145.0,23.7,1.6,3.9,86,5,12400.0,1,0.484
2026-05-13T12:00,0.0,0.0,0.0,0.0,0.0,0.0,0,260.0,77.0,165.0,22.2,2.0,4.1,91,3,10480.0,0,0.464
2026-05-13T13:00,0.0,0.0,0.0,0.0,0.0,0.0,0,270.0,38.0,85.0,21.1,1.48,4.1,102,9,9020.0,0,0.464
2026-05-13T14:00,0.0,0.0,0.0,0.0,0.0,0.0,0,0.0,73.0,40.0,20.3,1.0,3.3,108,11,7300.0,0,0.464
2026-05-13T15:00,0.0,0.0,0.0,0.0,0.0,0.0,0,0.0,29.0,35.0,19.7,0.86,2.4,100,8,4800.0,0,0.465
2026-05-13T16:00,0.0,0.0,0.0,0.0,0.0,0.0,0,0.0,17.0,20.0,19.3,0.45,2.1,96,15,4800.0,0,0.465
2026-05-13T17:00,0.0,0.0,0.0,0.0,0.0,0.0,0,0.0,16.0,15.0,19.0,0.18,1.1,146,8,4820.0,0,0.465
2026-05-13T18:00,0.0,0.0,0.0,0.0,0.0,0.0,3,40.0,218.0,10.0,19.9,0.11,0.6,117,98,220.0,0,0.458
2026-05-13T19:00,0.0,0.0,0.0,0.0,0.0,0.0,3,0.0,32.0,10.0,19.3,0.07,0.5,135,100,120.0,0,0.459
2026-05-13T20:00,0.0,0.0,0.0,0.0,0.0,0.0,3,0.0,15.0,20.0,19.2,0.28,0.7,45,99,80.0,0,0.459
2026-05-13T21:00,0.0,0.0,0.0,0.0,0.0,0.0,3,0.0,36.0,20.0,19.0,0.43,1.5,69,100,80.0,0,0.46
2026-05-13T22:00,0.0,0.0,0.0,0.0,0.0,0.0,3,0.0,41.0,10.0,18.9,0.16,1.3,162,98,120.0,1,0.46
2026-05-13T23:00,0.0,0.0,0.0,0.0,0.0,0.0,3,0.0,41.0,55.0,19.7,0.51,2.1,169,100,180.0,1,0.46
2026-05-14T00:00,0.0,0.0,0.0,0.0,0.0,0.0,3,360.0,40.0,300.0,21.6,1.23,2.6,78,100,2340.0,1,0.474
2026-05-14T01:00,0.0,0.0,0.0,0.0,0.0,0.0,3,360.0,45.0,535.0,22.9,1.37,3.8,80,100,9160.0,1,0.473
2026-05-14T02:00,0.0,0.0,0.0,0.0,0.0,0.0,3,330.0,47.0,700.0,24.3,1.33,3.8,70,100,8120.0,1,0.473
2026-05-14T03:00,0.0,0.0,0.0,0.0,0.0,0.0,3,320.0,49.0,920.0,26.2,1.18,4.4,78,100,9760.0,1,0.471
2026-05-14T04:00,0.0,0.0,0.0,0.0,0.0,0.0,3,330.0,48.0,1010.0,27.1,1.06,4.2,71,99,13440.0,1,0.469
2026-05-14T05:00,0.0,0.0,0.0,0.0,0.0,0.0,3,340.0,48.0,1190.0,28.0,1.19,4.1,68,100,13880.0,1,0.467
2026-05-14T06:00,0.0,0.0,0.0,0.0,0.0,0.0,3,450.0,5.0,1135.0,27.3,1.87,4.9,70,100,13880.0,1,0.482
2026-05-14T07:00,0.0,0.0,0.0,0.0,0.0,0.0,3,340.0,11.0,1145.0,27.6,2.24,5.9,80,100,13880.0,1,0.48
2026-05-14T08:00,0.0,0.0,0.0,0.0,0.0,0.0,3,350.0,8.0,1045.0,27.2,2.42,5.9,83,98,13880.0,1,0.478
2026-05-14T09:00,0.0,0.0,0.0,0.0,0.0,0.0,3,330.0,4.0,990.0,27.3,2.11,5.9,86,95,13880.0,1,0.476
2026-05-14T10:00,0.1,0.1,0.0,0.0,0.0,0.0,51,540.0,75.0,820.0,26.6,2.31,5.2,95,42,9560.0,1,0.475
2026-05-14T11:00,0.0,0.0,0.0,0.0,0.0,0.0,0,530.0,85.0,125.0,25.2,1.23,4.8,102,9,10480.0,1,0.475
2026-05-14T12:00,0.0,0.0,0.0,0.0,0.0,0.0,1,500.0,12.0,170.0,24.0,1.63,2.9,108,33,10340.0,0,0.456
2026-05-14T13:00,0.0,0.0,0.0,0.0,0.0,0.0,1,450.0,15.0,185.0,23.2,1.75,3.9,93,27,10540.0,0,0.456
2026-05-14T14:00,0.0,0.0,0.0,0.0,0.0,0.0,1,490.0,13.0,315.0,22.8,2.1,4.7,91,45,8920.0,0,0.456
2026-05-14T15:00,0.0,0.0,0.0,0.0,0.0,0.0,3,440.0,4.0,400.0,22.5,2.4,5.4,89,80,7940.0,0,0.457
2026-05-14T16:00,0.4,0.3,0.1,0.0,0.0,0.0,51,450.0,0.0,430.0,22.0,2.36,5.4,95,100,2780.0,0,0.46
2026-05-14T17:00,2.2,1.0,1.2,0.0,0.0,0.0,80,340.0,3.0,360.0,21.5,2.55,5.5,87,95,2260.0,0,0.487
2026-05-14T18:00,2.1,0.4,1.7,0.0,0.0,0.0,80,290.0,1.0,215.0,21.9,1.25,5.7,74,34,4140.0,0,0.494
2026-05-14T19:00,1.3,0.9,0.4,0.0,0.0,0.0,80,220.0,5.0,210.0,21.5,1.22,3.1,99,90,1900.0,0,0.509
2026-05-14T20:00,1.4,0.9,0.5,0.0,0.0,0.0,80,230.0,6.0,160.0,21.4,1.08,3.7,124,84,2760.0,0,0.514
2026-05-14T21:00,0.4,0.4,0.0,0.0,0.0,0.0,51,160.0,17.0,290.0,21.3,0.9,3.0,34,90,2540.0,0,0.51
2026-05-14T22:00,0.7,0.7,0.0,0.0,0.0,0.0,53,170.0,2.0,275.0,21.3,0.9,2.6,34,100,2640.0,1,0.512
2026-05-14T23:00,0.3,0.3,0.0,0.0,0.0,0.0,51,230.0,15.0,430.0,21.7,2.4,4.7,67,100,3720.0,1,0.508
2026-05-15T00:00,0.1,0.1,0.0,0.0,0.0,0.0,51,280.0,0.0,450.0,21.5,2.72,7.0,46,100,2640.0,1,0.502
2026-05-15T01:00,0.9,0.6,0.3,0.0,0.0,0.0,53,230.0,12.0,470.0,21.7,3.0,6.6,64,100,3060.0,1,0.508
2026-05-15T02:00,0.6,0.6,0.0,0.0,0.0,0.0,53,220.0,5.0,535.0,22.3,3.2,7.7,67,99,3880.0,1,0.507
2026-05-15T03:00,0.3,0.3,0.0,0.0,0.0,0.0,51,200.0,21.0,600.0,23.9,3.67,8.4,73,98,3920.0,1,0.504
2026-05-15T04:00,1.4,1.3,0.1,0.0,0.0,0.0,80,180.0,14.0,590.0,24.1,3.68,8.6,72,100,2280.0,1,0.511
2026-05-15T05:00,1.9,1.8,0.1,0.0,0.0,0.0,80,400.0,1.0,510.0,24.3,3.09,7.9,76,100,2320.0,1,0.517
2026-05-15T06:00,1.7,1.4,0.3,0.0,0.0,0.0,80,310.0,0.0,550.0,23.4,2.97,6.5,70,100,2440.0,1,0.538
2026-05-15T07:00,1.2,1.2,0.0,0.0,0.0,0.0,55,310.0,0.0,560.0,23.6,3.51,7.4,73,100,3340.0,1,0.515
2026-05-15T08:00,0.3,0.3,0.0,0.0,0.0,0.0,51,350.0,1.0,550.0,24.2,2.97,7.5,84,55,6040.0,1,0.511
2026-05-15T09:00,0.1,0.1,0.0,0.0,0.0,0.0,51,260.0,2.0,615.0,25.2,3.16,7.2,85,17,8300.0,1,0.507
2026-05-15T10:00,0.1,0.1,0.0,0.0,0.0,0.0,51,170.0,5.0,605.0,25.2,3.27,7.3,84,23,8880.0,1,0.505
2026-05-15T11:00,0.0,0.0,0.0,0.0,0.0,0.0,1,180.0,8.0,585.0,24.3,2.53,7.0,75,26,9460.0,1,0.502
2026-05-15T12:00,0.0,0.0,0.0,0.0,0.0,0.0,0,80.0,6.0,555.0,23.4,2.23,5.5,70,17,9660.0,0,0.496
2026-05-15T13:00,0.0,0.0,0.0,0.0,0.0,0.0,1,30.0,157.0,340.0,22.6,1.51,4.9,84,20,8760.0,0,0.494
2026-05-15T14:00,0.0,0.0,0.0,0.0,0.0,0.0,2,150.0,1.0,70.0,22.1,0.71,3.8,45,56,7680.0,0,0.492
2026-05-15T15:00,0.0,0.0,0.0,0.0,0.0,0.0,1,140.0,6.0,30.0,21.9,0.4,2.4,7,40,7060.0,0,0.491
2026-05-15T16:00,0.0,0.0,0.0,0.0,0.0,0.0,1,0.0,7.0,25.0,21.6,0.32,2.0,18,30,6900.0,0,0.49
2026-05-15T17:00,0.0,0.0,0.0,0.0,0.0,0.0,1,0.0,8.0,35.0,21.2,0.36,2.1,106,37,7160.0,0,0.489
2026-05-15T18:00,0.0,0.0,0.0,0.0,0.0,0.0,1,220.0,4.0,135.0,21.8,1.01,2.2,81,47,7020.0,0,0.48
2026-05-15T19:00,0.0,0.0,0.0,0.0,0.0,0.0,3,270.0,1.0,85.0,21.2,1.1,3.0,114,98,6920.0,0,0.479
2026-05-15T20:00,0.0,0.0,0.0,0.0,0.0,0.0,3,270.0,1.0,185.0,21.6,1.05,3.1,90,96,6080.0,0,0.479
2026-05-15T21:00,0.0,0.0,0.0,0.0,0.0,0.0,2,20.0,146.0,275.0,21.6,1.57,3.7,81,75,7060.0,0,0.479
2026-05-15T22:00,0.0,0.0,0.0,0.0,0.0,0.0,3,10.0,12.0,165.0,21.2,1.04,3.6,107,100,4700.0,1,0.479
2026-05-15T23:00,0.0,0.0,0.0,0.0,0.0,0.0,3,50.0,96.0,320.0,22.3,1.97,4.1,83,100,7260.0,1,0.478
2026-05-16T00:00,0.0,0.0,0.0,0.0,0.0,0.0,3,310.0,3.0,380.0,22.9,2.93,5.4,82,87,4480.0,1,0.495
2026-05-16T01:00,3.5,0.2,3.3,0.0,0.0,0.0,95,480.0,0.0,385.0,23.5,2.7,7.9,87,100,2100.0,1,0.512
2026-05-16T02:00,1.1,0.5,0.6,0.0,0.0,0.0,55,390.0,3.0,350.0,24.3,2.21,7.7,84,79,2800.0,1,0.513
2026-05-16T03:00,0.6,0.5,0.1,0.0,0.0,0.0,53,430.0,2.0,555.0,26.2,2.96,8.4,85,78,4720.0,1,0.51
2026-05-16T04:00,0.2,0.1,0.1,0.0,0.0,0.0,51,780.0,1.0,900.0,28.1,2.52,8.4,111,94,8140.0,1,0.506
2026-05-16T05:00,0.1,0.0,0.1,0.0,0.0,0.0,51,1000.0,0.0,1160.0,29.1,2.28,7.9,113,100,6080.0,1,0.502
2026-05-16T06:00,4.0,0.3,3.7,0.0,0.0,0.0,96,810.0,0.0,1240.0,29.4,2.38,7.5,105,100,13840.0,1,0.539
2026-05-16T07:00,0.5,0.2,0.3,0.0,0.0,0.0,53,640.0,1.0,795.0,28.0,2.5,7.1,106,88,4440.0,1,0.513
2026-05-16T08:00,0.4,0.2,0.2,0.0,0.0,0.0,51,250.0,0.0,620.0,26.7,3.13,7.9,97,100,2760.0,1,0.51
2026-05-16T09:00,2.2,1.0,1.2,0.0,0.0,0.0,80,620.0,4.0,365.0,24.6,2.39,7.9,106,81,2140.0,1,0.51
2026-05-16T10:00,2.4,0.3,2.1,0.0,0.0,0.0,95,610.0,41.0,220.0,24.3,1.12,6.0,69,63,3520.0,1,0.51
2026-05-16T11:00,0.3,0.3,0.0,0.0,0.0,0.0,51,650.0,7.0,235.0,23.8,2.21,4.8,57,80,3120.0,1,0.509
2026-05-16T12:00,0.2,0.2,0.0,0.0,0.0,0.0,51,500.0,0.0,155.0,23.7,1.66,4.6,106,88,1620.0,0,0.51
2026-05-16T13:00,2.1,0.8,1.3,0.0,0.0,0.0,80,250.0,4.0,80.0,23.0,1.15,4.9,124,87,2000.0,0,0.515
2026-05-16T14:00,2.7,0.2,2.5,0.0,0.0,0.0,81,260.0,1.0,60.0,22.4,0.74,4.7,62,99,2820.0,0,0.513
2026-05-16T15:00,1.3,0.5,0.8,0.0,0.0,0.0,80,240.0,9.0,45.0,22.5,0.21,3.9,194,97,2040.0,0,0.497
2026-05-16T16:00,0.5,0.5,0.0,0.0,0.0,0.0,53,310.0,2.0,45.0,22.1,0.67,2.2,63,74,1740.0,0,0.502
2026-05-16T17:00,0.1,0.1,0.0,0.0,0.0,0.0,51,330.0,1.0,45.0,21.8,0.61,2.2,55,100,240.0,0,0.502
2026-05-16T18:00,0.0,0.0,0.0,0.0,0.0,0.0,3,520.0,0.0,90.0,22.3,1.75,2.2,53,90,3340.0,0,0.496
2026-05-16T19:00,0.3,0.3,0.0,0.0,0.0,0.0,51,400.0,5.0,55.0,22.1,0.83,5.9,65,61,2820.0,0,0.499
2026-05-16T20:00,0.3,0.3,0.0,0.0,0.0,0.0,51,380.0,7.0,70.0,21.6,1.42,2.8,58,68,1580.0,0,0.501
2026-05-16T21:00,1.3,0.1,1.2,0.0,0.0,0.0,80,470.0,1.0,85.0,21.4,1.51,5.5,82,100,2580.0,0,0.516
2026-05-16T22:00,0.8,0.1,0.7,0.0,0.0,0.0,53,440.0,4.0,45.0,21.6,0.64,4.6,51,68,3800.0,1,0.502
2026-05-16T23:00,0.0,0.0,0.0,0.0,0.0,0.0,2,450.0,3.0,80.0,22.2,1.35,3.5,75,73,4000.0,1,0.501
2026-05-17T00:00,0.0,0.0,0.0,0.0,0.0,0.0,3,280.0,2.0,550.0,24.1,1.57,3.9,107,84,3500.0,1,0.519
2026-05-17T01:00,0.3,0.2,0.1,0.0,0.0,0.0,51,580.0,4.0,725.0,25.0,2.87,6.7,139,67,5860.0,1,0.513
2026-05-17T02:00,0.2,0.1,0.1,0.0,0.0,0.0,51,1130.0,0.0,935.0,27.3,3.77,9.4,158,66,6880.0,1,0.51
2026-05-17T03:00,0.1,0.0,0.1,0.0,0.0,0.0,51,1170.0,0.0,1180.0,28.7,3.88,10.7,173,66,9880.0,1,0.506
2026-05-17T04:00,0.1,0.0,0.1,0.0,0.0,0.0,51,1180.0,0.0,1295.0,30.0,3.8,10.9,171,88,8540.0,1,0.502
2026-05-17T05:00,0.2,0.1,0.1,0.0,0.0,0.0,51,1220.0,0.0,1420.0,30.4,3.88,10.4,173,100,5800.0,1,0.5
2026-05-17T06:00,0.1,0.0,0.1,0.0,0.0,0.0,51,1090.0,0.0,1475.0,31.1,2.95,10.4,178,100,15340.0,1,0.505
2026-05-17T07:00,0.7,0.1,0.6,0.0,0.0,0.0,53,1180.0,24.0,95.0,27.3,1.36,7.3,298,69,3500.0,1,0.507
2026-05-17T08:00,2.5,0.8,1.7,0.0,0.0,0.0,95,880.0,15.0,515.0,26.5,1.82,5.7,148,77,2940.0,1,0.507
2026-05-17T09:00,0.5,0.5,0.0,0.0,0.0,0.0,53,1690.0,11.0,485.0,26.6,1.44,4.2,76,34,7880.0,1,0.507
2026-05-17T10:00,0.0,0.0,0.0,0.0,0.0,0.0,1,1900.0,3.0,760.0,27.4,2.14,5.0,101,31,6540.0,1,0.505
2026-05-17T11:00,0.1,0.1,0.0,0.0,0.0,0.0,51,1620.0,19.0,415.0,26.7,2.53,5.5,99,42,10520.0,1,0.503
2026-05-17T12:00,0.2,0.1,0.1,0.0,0.0,0.0,51,1480.0,40.0,65.0,25.7,1.8,6.4,88,23,9160.0,0,0.505
2026-05-17T13:00,0.0,0.0,0.0,0.0,0.0,0.0,1,990.0,47.0,55.0,25.0,1.87,4.6,98,35,7360.0,0,0.503
2026-05-17T14:00,0.4,0.4,0.0,0.0,0.0,0.0,51,660.0,36.0,135.0,24.8,1.73,4.5,123,78,2200.0,0,0.504
2026-05-17T15:00,0.7,0.6,0.1,0.0,0.0,0.0,53,260.0,2.0,370.0,24.4,1.52,4.3,117,60,10500.0,0,0.509
2026-05-17T16:00,0.0,0.0,0.0,0.0,0.0,0.0,2,340.0,10.0,485.0,24.3,1.35,4.3,129,59,12400.0,0,0.506
2026-05-17T17:00,0.1,0.0,0.1,0.0,0.0,0.0,51,270.0,1.0,385.0,24.1,1.03,3.8,129,65,6940.0,0,0.505
2026-05-17T18:00,0.4,0.1,0.3,0.0,0.0,0.0,51,350.0,7.0,410.0,24.1,1.0,4.4,273,98,2340.0,0,0.515
2026-05-17T19:00,5.2,0.3,4.9,0.0,0.0,0.0,95,670.0,7.0,45.0,23.3,0.58,5.9,329,94,2320.0,0,0.512
2026-05-17T20:00,1.6,0.3,1.3,0.0,0.0,0.0,80,520.0,0.0,45.0,22.7,0.71,5.2,321,99,2100.0,0,0.511
2026-05-17T21:00,1.4,0.3,1.1,0.0,0.0,0.0,80,630.0,2.0,25.0,22.6,0.65,5.1,32,99,3100.0,0,0.51
2026-05-17T22:00,0.7,0.1,0.6,0.0,0.0,0.0,53,540.0,1.0,50.0,22.6,1.41,5.6,82,98,3100.0,1,0.51
2026-05-17T23:00,0.6,0.1,0.5,0.0,0.0,0.0,53,410.0,0.0,60.0,23.1,1.43,5.7,65,99,3700.0,1,0.509
2026-05-18T00:00,0.3,0.0,0.3,0.0,0.0,0.0,51,430.0,6.0,600.0,25.0,1.91,6.3,137,100,7680.0,1,0.505
2026-05-18T01:00,0.4,0.1,0.3,0.0,0.0,0.0,51,520.0,3.0,565.0,25.0,2.21,6.6,162,100,2700.0,1,0.506
2026-05-18T02:00,0.8,0.5,0.3,0.0,0.0,0.0,53,780.0,5.0,555.0,25.4,1.93,7.2,149,100,3100.0,1,0.51
2026-05-18T03:00,1.4,1.3,0.1,0.0,0.0,0.0,80,1080.0,4.0,605.0,25.6,2.71,6.0,157,100,2280.0,1,0.511
2026-05-18T04:00,1.7,1.6,0.1,0.0,0.0,0.0,80,1090.0,3.0,675.0,25.6,2.56,6.4,163,100,2020.0,1,0.51
2026-05-18T05:00,1.9,1.4,0.5,0.0,0.0,0.0,95,1420.0,1.0,700.0,26.0,2.08,7.2,170,100,2060.0,1,0.509
2026-05-18T06:00,2.0,1.8,0.2,0.0,0.0,0.0,80,1180.0,0.0,1025.0,26.9,2.62,5.7,187,61,5420.0,1,0.517
2026-05-18T07:00,0.2,0.1,0.1,0.0,0.0,0.0,51,1010.0,1.0,1090.0,28.6,4.35,10.8,195,16,7160.0,1,0.505
2026-05-18T08:00,0.1,0.1,0.0,0.0,0.0,0.0,51,800.0,7.0,850.0,29.0,3.86,10.2,201,23,7980.0,1,0.501
2026-05-18T09:00,0.0,0.0,0.0,0.0,0.0,0.0,0,790.0,8.0,860.0,29.6,3.04,8.9,197,13,10020.0,1,0.498
2026-05-18T10:00,0.0,0.0,0.0,0.0,0.0,0.0,0,950.0,17.0,575.0,29.3,2.3,6.9,167,9,12820.0,1,0.496
2026-05-18T11:00,0.0,0.0,0.0,0.0,0.0,0.0,1,1160.0,39.0,200.0,27.7,1.78,4.7,128,28,12440.0,1,0.495
2026-05-18T12:00,0.0,0.0,0.0,0.0,0.0,0.0,3,730.0,56.0,285.0,26.4,1.21,3.8,128,94,12380.0,0,0.497
2026-05-18T13:00,0.0,0.0,0.0,0.0,0.0,0.0,3,770.0,53.0,30.0,25.3,0.63,2.9,72,83,10800.0,0,0.496
2026-05-18T14:00,0.2,0.1,0.1,0.0,0.0,0.0,51,790.0,48.0,20.0,24.7,0.54,1.8,56,65,4700.0,0,0.496
2026-05-18T15:00,0.1,0.1,0.0,0.0,0.0,0.0,51,750.0,17.0,40.0,24.0,1.62,2.6,68,51,4400.0,0,0.496
2026-05-18T16:00,0.9,0.0,0.9,0.0,0.0,0.0,53,540.0,0.0,260.0,23.2,3.46,7.6,70,97,2220.0,0,0.503
2026-05-18T17:00,1.7,0.6,1.1,0.0,0.0,0.0,80,390.0,0.0,295.0,21.9,3.73,8.5,83,97,2440.0,0,0.516
2026-05-18T18:00,0.6,0.6,0.0,0.0,0.0,0.0,53,510.0,0.0,270.0,22.1,1.79,7.6,54,99,2140.0,0,0.511
2026-05-18T19:00,5.6,0.6,5.0,0.0,0.0,0.0,81,300.0,0.0,295.0,21.9,1.52,4.9,49,99,2380.0,0,0.509
2026-05-18T20:00,0.6,0.5,0.1,0.0,0.0,0.0,53,240.0,9.0,315.0,21.4,2.78,5.8,72,100,2680.0,0,0.508
2026-05-18T21:00,0.7,0.7,0.0,0.0,0.0,0.0,53,230.0,6.0,345.0,21.2,1.8,5.8,87,100,2800.0,0,0.508
2026-05-18T22:00,1.9,1.2,0.7,0.0,0.0,0.0,80,300.0,12.0,375.0,20.9,2.36,4.8,77,100,1700.0,1,0.507
2026-05-18T23:00,3.4,3.4,0.0,0.0,0.0,0.0,63,440.0,26.0,370.0,20.4,2.57,5.4,66,100,1600.0,1,0.507
2026-05-19T00:00,2.0,2.0,0.0,0.0,0.0,0.0,61,460.0,7.0,335.0,20.4,2.35,6.0,78,100,1700.0,1,0.507
2026-05-19T01:00,1.7,1.7,0.0,0.0,0.0,0.0,61,430.0,13.0,360.0,20.3,2.82,6.2,84,100,2080.0,1,0.506
2026-05-19T02:00,1.9,1.3,0.6,0.0,0.0,0.0,80,530.0,0.0,440.0,20.9,2.25,7.3,69,100,1500.0,1,0.506
2026-05-19T03:00,4.6,1.6,3.0,0.0,0.0,0.0,95,310.0,0.0,460.0,20.3,3.0,6.0,57,100,1580.0,1,0.506
2026-05-19T04:00,9.1,1.6,7.5,0.0,0.0,0.0,82,140.0,0.0,430.0,20.9,1.86,7.7,31,100,1080.0,1,0.506
2026-05-19T05:00,2.8,1.5,1.3,0.0,0.0,0.0,81,10.0,4.0,415.0,21.2,2.46,6.3,52,60,5520.0,1,0.506
2026-05-19T06:00,0.0,0.0,0.0,0.0,0.0,0.0,3,0.0,10.0,750.0,24.4,2.56,8.7,69,89,12500.0,1,0.503
2026-05-19T07:00,0.0,0.0,0.0,0.0,0.0,0.0,3,0.0,15.0,845.0,24.9,2.66,6.9,64,100,12500.0,1,0.499
2026-05-19T08:00,0.0,0.0,0.0,0.0,0.0,0.0,3,0.0,24.0,610.0,24.1,2.7,6.9,87,83,12500.0,1,0.497
2026-05-19T09:00,0.0,0.0,0.0,0.0,0.0,0.0,1,0.0,0.0,500.0,23.9,3.16,7.4,101,41,12500.0,1,0.494
2026-05-19T10:00,0.0,0.0,0.0,0.0,0.0,0.0,1,0.0,0.0,435.0,23.5,2.95,7.2,79,32,12500.0,1,0.493
2026-05-19T11:00,0.0,0.0,0.0,0.0,0.0,0.0,1,0.0,29.0,395.0,22.7,2.75,6.6,65,22,11800.0,1,0.491
2026-05-19T12:00,0.0,0.0,0.0,0.0,0.0,0.0,1,0.0,31.0,355.0,21.9,2.56,5.6,78,29,9440.0,0,0.493
2026-05-19T13:00,0.0,0.0,0.0,0.0,0.0,0.0,0,0.0,24.0,400.0,21.0,2.9,6.1,79,9,8860.0,0,0.492
2026-05-19T14:00,0.0,0.0,0.0,0.0,0.0,0.0,1,0.0,35.0,365.0,20.3,2.57,6.2,82,34,9060.0,0,0.492
2026-05-19T15:00,0.0,0.0,0.0,0.0,0.0,0.0,1,0.0,21.0,305.0,19.7,1.63,5.4,79,44,7360.0,0,0.491
2026-05-19T16:00,0.0,0.0,0.0,0.0,0.0,0.0,2,0.0,23.0,280.0,19.5,1.25,3.6,92,52,7400.0,0,0.49
2026-05-19T17:00,0.0,0.0,0.0,0.0,0.0,0.0,3,160.0,44.0,215.0,19.2,0.6,2.8,42,85,7420.0,0,0.49
2026-05-19T18:00,0.0,0.0,0.0,0.0,0.0,0.0,3,160.0,47.0,280.0,20.2,1.66,1.4,83,96,7440.0,0,0.49
2026-05-19T19:00,0.0,0.0,0.0,0.0,0.0,0.0,3,190.0,64.0,285.0,19.7,1.98,4.2,69,99,7440.0,0,0.489
2026-05-19T20:00,0.0,0.0,0.0,0.0,0.0,0.0,3,180.0,75.0,275.0,19.6,1.6,4.3,92,100,7380.0,0,0.489
2026-05-19T21:00,0.0,0.0,0.0,0.0,0.0,0.0,3,150.0,135.0,280.0,19.6,1.38,3.7,71,98,7300.0,0,0.488
2026-05-19T22:00,0.0,0.0,0.0,0.0,0.0,0.0,3,0.0,58.0,225.0,18.9,0.76,3.0,82,84,7380.0,1,0.488
2026-05-19T23:00,0.0,0.0,0.0,0.0,0.0,0.0,2,0.0,62.0,240.0,19.8,1.04,2.9,55,62,9200.0,1,0.487
2026-05-20T00:00,0.0,0.0,0.0,0.0,0.0,0.0,3,0.0,97.0,345.0,20.5,0.6,3.3,24,100,9260.0,1,0.487
2026-05-20T01:00,0.0,0.0,0.0,0.0,0.0,0.0,3,0.0,75.0,520.0,22.1,1.22,4.0,81,100,12540.0,1,0.486
2026-05-20T02:00,0.0,0.0,0.0,0.0,0.0,0.0,3,0.0,65.0,695.0,23.9,1.42,4.7,32,100,12540.0,1,0.484
2026-05-20T03:00,0.0,0.0,0.0,0.0,0.0,0.0,3,0.0,49.0,885.0,25.6,1.09,4.8,106,100,14080.0,1,0.482
2026-05-20T04:00,0.0,0.0,0.0,0.0,0.0,0.0,3,0.0,242.0,915.0,25.9,0.92,4.4,77,100,14080.0,1,0.48
2026-05-20T05:00,0.0,0.0,0.0,0.0,0.0,0.0,3,50.0,207.0,1110.0,27.7,1.23,4.5,63,100,14080.0,1,0.478
2026-05-20T06:00,0.0,0.0,0.0,0.0,0.0,0.0,3,10.0,240.0,1065.0,27.1,2.11,5.9,86,100,14080.0,1,0.476
2026-05-20T07:00,0.0,0.0,0.0,0.0,0.0,0.0,3,10.0,237.0,1030.0,26.9,2.41,6.3,85,100,14080.0,1,0.474
2026-05-20T08:00,0.0,0.0,0.0,0.0,0.0,0.0,3,10.0,210.0,990.0,26.6,2.31,6.2,85,99,14100.0,1,0.472
2026-05-20T09:00,0.0,0.0,0.0,0.0,0.0,0.0,1,0.0,227.0,860.0,26.2,2.45,6.0,88,34,14100.0,1,0.471
2026-05-20T10:00,0.0,0.0,0.0,0.0,0.0,0.0,1,0.0,270.0,600.0,25.4,2.8,6.3,93,25,12560.0,1,0.47
2026-05-20T11:00,0.0,0.0,0.0,0.0,0.0,0.0,2,0.0,276.0,330.0,24.2,2.7,6.3,89,67,12560.0,1,0.47
2026-05-20T12:00,0.0,0.0,0.0,0.0,0.0,0.0,3,10.0,260.0,265.0,23.2,1.97,5.6,97,100,10900.0,0,0.472
2026-05-20T13:00,0.0,0.0,0.0,0.0,0.0,0.0,3,20.0,341.0,360.0,23.2,2.21,5.1,95,100,8860.0,0,0.472
2026-05-20T14:00,0.0,0.0,0.0,0.0,0.0,0.0,2,0.0,32.0,300.0,23.0,1.55,4.8,94,51,8940.0,0,0.472
2026-05-20T15:00,0.0,0.0,0.0,0.0,0.0,0.0,2,0.0,105.0,110.0,21.9,1.63,3.6,101,63,7080.0,0,0.472
2026-05-20T16:00,0.0,0.0,0.0,0.0,0.0,0.0,1,40.0,195.0,160.0,22.0,1.7,4.0,90,49,6660.0,0,0.473
2026-05-20T17:00,0.0,0.0,0.0,0.0,0.0,0.0,2,80.0,177.0,100.0,21.5,0.96,3.7,84,60,7220.0,0,0.473
2026-05-20T18:00,0.0,0.0,0.0,0.0,0.0,0.0,1,20.0,133.0,275.0,21.9,2.1,2.3,90,22,7440.0,0,0.473
2026-05-20T19:00,0.0,0.0,0.0,0.0,0.0,0.0,2,10.0,131.0,275.0,21.4,1.9,4.4,92,52,7440.0,0,0.473
2026-05-20T20:00,0.0,0.0,0.0,0.0,0.0,0.0,3,0.0,124.0,295.0,21.2,2.1,4.5,90,82,7320.0,0,0.473
2026-05-20T21:00,0.0,0.0,0.0,0.0,0.0,0.0,3,0.0,126.0,325.0,21.2,2.17,4.7,98,80,7420.0,0,0.473
2026-05-20T22:00,0.0,0.0,0.0,0.0,0.0,0.0,2,0.0,145.0,320.0,21.0,2.05,4.6,87,73,7460.0,1,0.473
2026-05-20T23:00,0.0,0.0,0.0,0.0,0.0,0.0,2,0.0,174.0,345.0,21.6,2.4,5.2,90,65,9180.0,1,0.473
2026-05-21T00:00,0.0,0.0,0.0,0.0,0.0,0.0,3,0.0,201.0,425.0,22.3,2.75,6.2,89,100,9300.0,1,0.473
2026-05-21T01:00,0.0,0.0,0.0,0.0,0.0,0.0,3,10.0,183.0,445.0,22.9,2.65,6.3,92,100,10920.0,1,0.473
2026-05-21T02:00,0.0,0.0,0.0,0.0,0.0,0.0,3,10.0,75.0,515.0,23.7,2.42,6.2,97,99,10920.0,1,0.472
2026-05-21T03:00,0.0,0.0,0.0,0.0,0.0,0.0,3,10.0,121.0,655.0,24.9,2.56,6.4,102,100,12600.0,1,0.471
2026-05-21T04:00,0.0,0.0,0.0,0.0,0.0,0.0,3,10.0,45.0,780.0,26.1,2.55,6.5,88,97,12600.0,1,0.469
2026-05-21T05:00,0.0,0.0,0.0,0.0,0.0,0.0,3,100.0,52.0,1060.0,27.9,2.05,6.7,87,100,8020.0,1,0.467
2026-05-21T06:00,0.0,0.0,0.0,0.0,0.0,0.0,3,20.0,70.0,980.0,27.3,2.41,6.4,96,100,14160.0,1,0.466
2026-05-21T07:00,0.0,0.0,0.0,0.0,0.0,0.0,3,0.0,35.0,725.0,26.7,2.13,5.9,81,83,10760.0,1,0.465
2026-05-21T08:00,0.0,0.0,0.0,0.0,0.0,0.0,3,40.0,70.0,900.0,27.4,2.87,7.0,96,95,14160.0,1,0.463
2026-05-21T09:00,0.0,0.0,0.0,0.0,0.0,0.0,1,70.0,57.0,660.0,26.6,3.22,7.3,84,33,11560.0,1,0.461
2026-05-21T10:00,0.0,0.0,0.0,0.0,0.0,0.0,2,30.0,93.0,490.0,26.1,3.08,7.6,82,56,12620.0,1,0.461
2026-05-21T11:00,0.0,0.0,0.0,0.0,0.0,0.0,1,20.0,165.0,315.0,25.1,2.43,6.8,81,40,12620.0,1,0.46
2026-05-21T12:00,0.0,0.0,0.0,0.0,0.0,0.0,1,30.0,154.0,345.0,24.2,2.41,5.3,95,26,9600.0,0,0.461
2026-05-21T13:00,0.0,0.0,0.0,0.0,0.0,0.0,2,10.0,14.0,325.0,23.7,2.43,5.4,99,59,9320.0,0,0.461
2026-05-21T14:00,0.0,0.0,0.0,0.0,0.0,0.0,2,10.0,4.0,320.0,23.7,2.47,5.5,97,50,9180.0,0,0.461
2026-05-21T15:00,0.0,0.0,0.0,0.0,0.0,0.0,3,210.0,12.0,200.0,23.3,1.82,5.4,99,91,9340.0,0,0.461
2026-05-21T16:00,0.0,0.0,0.0,0.0,0.0,0.0,3,280.0,5.0,145.0,23.4,1.61,4.2,97,100,8460.0,0,0.462
2026-05-21T17:00,0.0,0.0,0.0,0.0,0.0,0.0,3,300.0,0.0,95.0,23.0,1.7,3.6,76,100,5280.0,0,0.462
2026-05-21T18:00,0.1,0.0,0.1,0.0,0.0,0.0,51,460.0,1.0,130.0,22.9,2.16,3.9,83,58,3080.0,0,0.463
2026-05-21T19:00,0.2,0.2,0.0,0.0,0.0,0.0,51,480.0,2.0,110.0,22.4,2.11,4.4,83,41,4360.0,0,0.465
2026-05-21T20:00,0.0,0.0,0.0,0.0,0.0,0.0,3,540.0,0.0,75.0,22.3,1.72,4.6,64,86,3920.0,0,0.466
2026-05-21T21:00,0.0,0.0,0.0,0.0,0.0,0.0,3,700.0,1.0,70.0,22.4,1.79,3.6,63,80,3400.0,0,0.466
2026-05-21T22:00,0.3,0.0,0.3,0.0,0.0,0.0,51,670.0,4.0,65.0,22.1,1.9,5.0,63,100,4840.0,1,0.47
2026-05-21T23:00,0.0,0.0,0.0,0.0,0.0,0.0,3,780.0,16.0,100.0,22.8,2.1,4.2,78,86,4680.0,1,0.47
2026-05-22T00:00,0.0,0.0,0.0,0.0,0.0,0.0,3,760.0,28.0,275.0,23.7,1.83,4.2,101,100,6100.0,1,0.473
2026-05-22T01:00,0.0,0.0,0.0,0.0,0.0,0.0,3,700.0,52.0,325.0,24.3,1.61,4.2,106,100,4480.0,1,0.473
2026-05-22T02:00,0.2,0.2,0.0,0.0,0.0,0.0,51,700.0,37.0,380.0,25.6,0.88,4.2,133,98,2180.0,1,0.474
2026-05-22T03:00,0.2,0.2,0.0,0.0,0.0,0.0,51,1090.0,7.0,360.0,26.8,0.67,3.4,243,45,7040.0,1,0.475
2026-05-22T04:00,0.1,0.0,0.1,0.0,0.0,0.0,51,1660.0,0.0,850.0,29.8,2.02,7.7,247,47,4120.0,1,0.474
2026-05-22T05:00,0.7,0.4,0.3,0.0,0.0,0.0,95,2280.0,0.0,885.0,30.0,1.8,8.2,268,88,4220.0,1,0.477
2026-05-22T06:00,0.7,0.1,0.6,0.0,0.0,0.0,53,1710.0,0.0,890.0,30.3,0.97,7.0,282,23,5960.0,1,0.513
2026-05-22T07:00,0.2,0.1,0.1,0.0,0.0,0.0,51,1780.0,4.0,1050.0,31.6,1.08,5.6,292,28,6600.0,1,0.504
2026-05-22T08:00,0.1,0.0,0.1,0.0,0.0,0.0,51,2010.0,9.0,700.0,32.1,0.67,5.0,347,27,8000.0,1,0.499
2026-05-22T09:00,0.1,0.1,0.0,0.0,0.0,0.0,51,2280.0,17.0,305.0,32.0,1.48,3.9,24,14,8800.0,1,0.495
2026-05-22T10:00,0.0,0.0,0.0,0.0,0.0,0.0,1,2310.0,35.0,225.0,31.1,2.23,4.6,48,42,7700.0,1,0.491
2026-05-22T11:00,0.1,0.1,0.0,0.0,0.0,0.0,51,1950.0,49.0,250.0,28.7,3.41,6.7,87,77,5000.0,1,0.49
2026-05-22T12:00,0.2,0.2,0.0,0.0,0.0,0.0,51,1550.0,67.0,135.0,27.4,2.56,6.7,86,29,9080.0,0,0.484
2026-05-22T13:00,0.0,0.0,0.0,0.0,0.0,0.0,1,1630.0,65.0,120.0,26.2,2.4,5.3,92,41,7100.0,0,0.483
2026-05-22T14:00,0.0,0.0,0.0,0.0,0.0,0.0,1,1600.0,56.0,120.0,25.8,1.96,5.0,84,37,5700.0,0,0.482
2026-05-22T15:00,0.5,0.4,0.1,0.0,0.0,0.0,53,1400.0,28.0,115.0,25.3,2.33,4.4,67,68,2720.0,0,0.485
2026-05-22T16:00,0.9,0.5,0.4,0.0,0.0,0.0,53,1280.0,10.0,115.0,24.7,2.0,5.2,53,84,1660.0,0,0.494
2026-05-22T17:00,3.0,0.6,2.4,0.0,0.0,0.0,96,1410.0,2.0,105.0,24.0,1.54,5.8,61,95,2580.0,0,0.516
2026-05-22T18:00,0.2,0.2,0.0,0.0,0.0,0.0,51,1100.0,12.0,160.0,23.9,1.89,4.7,102,84,2580.0,0,0.51
2026-05-22T19:00,0.9,0.6,0.3,0.0,0.0,0.0,53,1090.0,1.0,205.0,23.7,2.08,5.2,80,82,3620.0,0,0.513
2026-05-22T20:00,0.3,0.2,0.1,0.0,0.0,0.0,51,1040.0,8.0,185.0,23.7,1.39,5.4,105,69,2860.0,0,0.509
2026-05-22T21:00,0.4,0.4,0.0,0.0,0.0,0.0,51,1030.0,0.0,275.0,23.3,2.35,4.8,78,100,2600.0,0,0.508
2026-05-22T22:00,1.1,0.4,0.7,0.0,0.0,0.0,55,910.0,10.0,175.0,23.3,1.43,6.3,78,78,3180.0,1,0.512
2026-05-22T23:00,0.1,0.1,0.0,0.0,0.0,0.0,51,910.0,4.0,245.0,23.6,2.27,4.7,76,95,4480.0,1,0.507
2026-05-23T00:00,0.1,0.1,0.0,0.0,0.0,0.0,51,1050.0,0.0,305.0,24.2,2.6,6.9,89,100,5060.0,1,0.503
2026-05-23T01:00,0.2,0.2,0.0,0.0,0.0,0.0,51,1090.0,1.0,320.0,24.7,2.29,5.7,100,100,3640.0,1,0.502
2026-05-23T02:00,0.6,0.4,0.2,0.0,0.0,0.0,53,1000.0,3.0,405.0,26.1,1.88,6.1,107,97,5480.0,1,0.504
2026-05-23T03:00,0.5,0.4,0.1,0.0,0.0,0.0,53,980.0,2.0,710.0,27.9,2.62,6.8,98,98,4700.0,1,0.503
2026-05-23T04:00,0.1,0.1,0.0,0.0,0.0,0.0,51,1000.0,17.0,760.0,28.9,2.51,6.8,96,98,6260.0,1,0.5
2026-05-23T05:00,0.3,0.3,0.0,0.0,0.0,0.0,51,1590.0,5.0,690.0,29.4,2.38,6.5,82,86,4820.0,1,0.5
2026-05-23T06:00,0.1,0.0,0.1,0.0,0.0,0.0,51,890.0,6.0,790.0,29.8,2.2,7.3,91,91,4540.0,1,0.501
2026-05-23T07:00,0.9,0.1,0.8,0.0,0.0,0.0,95,1350.0,5.0,620.0,28.5,3.55,8.4,140,98,2280.0,1,0.506
2026-05-23T08:00,0.8,0.8,0.0,0.0,0.0,0.0,53,1690.0,21.0,295.0,27.9,1.18,8.2,126,93,7820.0,1,0.507
2026-05-23T09:00,0.0,0.0,0.0,0.0,0.0,0.0,3,1960.0,10.0,555.0,29.1,1.9,5.0,93,98,10740.0,1,0.503
2026-05-23T10:00,0.0,0.0,0.0,0.0,0.0,0.0,3,2330.0,8.0,625.0,29.2,2.26,5.8,96,93,11860.0,1,0.5
2026-05-23T11:00,0.0,0.0,0.0,0.0,0.0,0.0,3,2410.0,19.0,365.0,28.3,2.71,5.6,67,97,11040.0,1,0.498
2026-05-23T12:00,5.8,0.0,5.8,0.0,0.0,0.0,96,1780.0,17.0,235.0,26.7,3.0,5.6,79,95,9020.0,0,0.501
2026-05-23T13:00,0.0,0.0,0.0,0.0,0.0,0.0,3,1770.0,23.0,240.0,25.9,2.33,6.8,55,92,5280.0,0,0.5
2026-05-23T14:00,1.8,0.4,1.4,0.0,0.0,0.0,95,1390.0,6.0,55.0,24.6,1.08,6.2,68,100,2220.0,0,0.515
2026-05-23T15:00,0.5,0.5,0.0,0.0,0.0,0.0,53,1260.0,4.0,190.0,24.7,0.96,3.3,84,91,3100.0,0,0.511
2026-05-23T16:00,0.3,0.3,0.0,0.0,0.0,0.0,51,1210.0,5.0,175.0,24.5,1.35,4.3,92,95,3240.0,0,0.51
2026-05-23T17:00,1.2,0.1,1.1,0.0,0.0,0.0,95,1320.0,0.0,90.0,24.0,0.67,5.3,63,100,2260.0,0,0.509
2026-05-23T18:00,1.5,0.3,1.2,0.0,0.0,0.0,95,1630.0,11.0,110.0,24.4,1.44,5.1,76,99,2600.0,0,0.493
2026-05-23T19:00,0.3,0.3,0.0,0.0,0.0,0.0,51,1710.0,3.0,90.0,24.3,1.38,3.5,77,99,3380.0,0,0.496
2026-05-23T20:00,0.1,0.1,0.0,0.0,0.0,0.0,51,1730.0,2.0,130.0,24.1,2.36,4.6,77,100,2360.0,0,0.497
2026-05-23T21:00,0.0,0.0,0.0,0.0,0.0,0.0,3,1450.0,21.0,90.0,24.1,2.09,4.8,79,100,4940.0,0,0.496
2026-05-23T22:00,0.0,0.0,0.0,0.0,0.0,0.0,3,1310.0,32.0,75.0,24.4,2.01,4.4,76,100,4940.0,1,0.495
2026-05-23T23:00,0.0,0.0,0.0,0.0,0.0,0.0,3,1230.0,29.0,95.0,25.2,2.15,4.5,87,99,2920.0,1,0.494
2026-05-24T00:00,0.0,0.0,0.0,0.0,0.0,0.0,3,1960.0,3.0,155.0,25.0,2.24,4.6,61,98,4540.0,1,0.497
2026-05-24T01:00,0.1,0.1,0.0,0.0,0.0,0.0,51,1850.0,13.0,265.0,26.6,1.6,4.7,92,98,3660.0,1,0.496
2026-05-24T02:00,0.1,0.1,0.0,0.0,0.0,0.0,51,2680.0,1.0,885.0,29.5,2.33,6.2,157,95,6340.0,1,0.495
2026-05-24T03:00,0.1,0.1,0.0,0.0,0.0,0.0,51,2330.0,2.0,1090.0,31.4,3.55,8.8,190,99,5200.0,1,0.493
2026-05-24T04:00,0.3,0.3,0.0,0.0,0.0,0.0,51,2080.0,6.0,1185.0,32.5,4.02,9.5,186,96,5920.0,1,0.491
2026-05-24T05:00,0.2,0.2,0.0,0.0,0.0,0.0,51,2070.0,5.0,1450.0,34.1,4.76,10.9,184,86,10420.0,1,0.489
2026-05-24T06:00,0.0,0.0,0.0,0.0,0.0,0.0,3,1790.0,1.0,1590.0,34.3,3.85,11.1,178,98,9300.0,1,0.486
2026-05-24T07:00,0.1,0.1,0.0,0.0,0.0,0.0,51,1520.0,2.0,1745.0,34.8,4.26,9.5,183,73,8440.0,1,0.483
2026-05-24T08:00,0.1,0.1,0.0,0.0,0.0,0.0,51,1020.0,5.0,1500.0,34.4,4.06,9.7,176,45,6000.0,1,0.48
2026-05-24T09:00,0.2,0.2,0.0,0.0,0.0,0.0,51,1990.0,21.0,1385.0,33.5,3.39,8.9,164,32,15160.0,1,0.48
2026-05-24T10:00,0.0,0.0,0.0,0.0,0.0,0.0,2,2170.0,40.0,775.0,32.7,2.98,7.1,140,50,15880.0,1,0.479
2026-05-24T11:00,0.0,0.0,0.0,0.0,0.0,0.0,1,2290.0,56.0,680.0,31.0,2.82,6.6,143,39,12500.0,1,0.478
2026-05-24T12:00,0.1,0.1,0.0,0.0,0.0,0.0,51,2380.0,63.0,455.0,30.1,3.48,6.7,148,26,8960.0,0,0.479
2026-05-24T13:00,0.1,0.1,0.0,0.0,0.0,0.0,51,2060.0,80.0,535.0,29.4,3.8,9.6,164,47,7920.0,0,0.479
2026-05-24T14:00,0.0,0.0,0.0,0.0,0.0,0.0,1,2050.0,62.0,570.0,28.7,3.11,8.2,150,46,12700.0,0,0.479
2026-05-24T15:00,0.0,0.0,0.0,0.0,0.0,0.0,2,1880.0,73.0,530.0,28.3,1.97,7.0,153,51,12820.0,0,0.479
2026-05-24T16:00,0.0,0.0,0.0,0.0,0.0,0.0,2,1720.0,79.0,525.0,27.7,1.3,5.1,148,55,12820.0,0,0.479
2026-05-24T17:00,0.0,0.0,0.0,0.0,0.0,0.0,2,1700.0,38.0,140.0,27.4,1.03,4.1,113,61,12820.0,0,0.479
2026-05-24T18:00,0.0,0.0,0.0,0.0,0.0,0.0,2,2200.0,44.0,465.0,28.5,1.66,3.8,134,52,12820.0,0,0.479
2026-05-24T19:00,0.0,0.0,0.0,0.0,0.0,0.0,2,2210.0,49.0,105.0,27.5,1.63,4.4,117,62,11000.0,0,0.479
2026-05-24T20:00,0.0,0.0,0.0,0.0,0.0,0.0,2,2120.0,45.0,300.0,27.2,1.61,4.4,120,62,11020.0,0,0.479
2026-05-24T21:00,0.0,0.0,0.0,0.0,0.0,0.0,1,2060.0,34.0,315.0,27.1,1.43,4.3,119,46,11060.0,0,0.479
2026-05-24T22:00,0.0,0.0,0.0,0.0,0.0,0.0,1,1920.0,32.0,440.0,26.9,1.95,4.7,140,45,11040.0,1,0.478
2026-05-24T23:00,0.0,0.0,0.0,0.0,0.0,0.0,1,1960.0,27.0,725.0,28.2,2.53,6.0,165,33,11020.0,1,0.478
2026-05-25T00:00,0.0,0.0,0.0,0.0,0.0,0.0,1,2350.0,2.0,1045.0,29.5,2.82,6.6,173,40,7960.0,1,0.489
2026-05-25T01:00,0.1,0.0,0.1,0.0,0.0,0.0,51,2250.0,0.0,1245.0,30.7,3.83,9.0,197,68,10580.0,1,0.487
2026-05-25T02:00,0.0,0.0,0.0,0.0,0.0,0.0,2,1950.0,1.0,1285.0,32.1,3.64,9.4,212,70,11000.0,1,0.485
2026-05-25T03:00,0.0,0.0,0.0,0.0,0.0,0.0,3,1700.0,2.0,1375.0,33.3,4.02,9.4,215,80,8200.0,1,0.481
2026-05-25T04:00,0.1,0.1,0.0,0.0,0.0,0.0,51,1490.0,4.0,1460.0,34.2,4.08,9.6,220,72,6480.0,1,0.478
2026-05-25T05:00,0.1,0.1,0.0,0.0,0.0,0.0,51,1510.0,7.0,1570.0,35.1,3.89,9.5,217,95,9860.0,1,0.475
2026-05-25T06:00,0.1,0.1,0.0,0.0,0.0,0.0,51,1020.0,13.0,1670.0,35.0,3.52,10.1,212,34,9800.0,1,0.473
2026-05-25T07:00,0.0,0.0,0.0,0.0,0.0,0.0,1,950.0,15.0,1740.0,35.3,3.61,9.3,199,34,14260.0,1,0.469
2026-05-25T08:00,0.0,0.0,0.0,0.0,0.0,0.0,1,900.0,8.0,1955.0,35.7,3.63,8.5,195,40,18480.0,1,0.465
2026-05-25T09:00,0.0,0.0,0.0,0.0,0.0,0.0,2,1090.0,2.0,2080.0,35.2,3.62,8.2,208,77,18480.0,1,0.463
2026-05-25T10:00,0.0,0.0,0.0,0.0,0.0,0.0,1,1460.0,36.0,535.0,33.5,2.38,8.0,188,28,15960.0,1,0.461
2026-05-25T11:00,0.0,0.0,0.0,0.0,0.0,0.0,1,1650.0,70.0,60.0,31.8,1.24,5.3,137,23,15980.0,1,0.461
2026-05-25T12:00,0.0,0.0,0.0,0.0,0.0,0.0,3,1720.0,91.0,50.0,30.6,1.48,3.5,135,80,14440.0,0,0.458
2026-05-25T13:00,0.0,0.0,0.0,0.0,0.0,0.0,3,1740.0,118.0,45.0,29.3,2.02,4.3,123,93,12860.0,0,0.458
2026-05-25T14:00,0.0,0.0,0.0,0.0,0.0,0.0,3,1890.0,134.0,55.0,29.0,1.69,4.7,124,83,12860.0,0,0.459
2026-05-25T15:00,0.0,0.0,0.0,0.0,0.0,0.0,3,1670.0,148.0,50.0,28.3,1.34,4.0,117,96,12880.0,0,0.459
2026-05-25T16:00,0.0,0.0,0.0,0.0,0.0,0.0,3,1410.0,151.0,65.0,28.0,1.26,3.7,124,98,12880.0,0,0.459
2026-05-25T17:00,0.0,0.0,0.0,0.0,0.0,0.0,3,1360.0,88.0,50.0,27.8,1.08,3.6,112,98,12880.0,0,0.46
2026-05-25T18:00,0.0,0.0,0.0,0.0,0.0,0.0,3,2050.0,67.0,105.0,28.3,1.46,3.2,128,98,12880.0,0,0.459
2026-05-25T19:00,0.0,0.0,0.0,0.0,0.0,0.0,3,2050.0,56.0,90.0,27.7,1.45,4.0,139,97,12880.0,0,0.46
2026-05-25T20:00,0.0,0.0,0.0,0.0,0.0,0.0,3,2130.0,49.0,60.0,27.3,1.19,3.8,123,94,12880.0,0,0.46
2026-05-25T21:00,0.0,0.0,0.0,0.0,0.0,0.0,2,2250.0,35.0,40.0,26.9,0.98,3.2,105,70,11160.0,0,0.46
2026-05-25T22:00,0.0,0.0,0.0,0.0,0.0,0.0,1,2310.0,30.0,60.0,26.8,1.6,2.8,86,38,8140.0,1,0.461
2026-05-25T23:00,1.5,0.2,1.3,0.0,0.0,0.0,95,1710.0,9.0,130.0,25.7,2.3,7.4,92,80,2780.0,1,0.476
2026-05-26T00:00,0.1,0.1,0.0,0.0,0.0,0.0,51,2260.0,17.0,160.0,27.5,1.77,6.1,82,82,6940.0,1,0.466
2026-05-26T01:00,0.0,0.0,0.0,0.0,0.0,0.0,3,3110.0,7.0,325.0,29.4,2.39,5.9,70,83,9700.0,1,0.465
2026-05-26T02:00,0.1,0.0,0.1,0.0,0.0,0.0,51,3460.0,2.0,520.0,30.8,2.21,7.0,77,88,7740.0,1,0.464
2026-05-26T03:00,0.2,0.1,0.1,0.0,0.0,0.0,51,3050.0,2.0,480.0,30.1,2.77,7.9,70,92,3460.0,1,0.464
2026-05-26T04:00,1.1,0.6,0.5,0.0,0.0,0.0,95,3030.0,18.0,375.0,29.0,3.31,8.7,65,59,3300.0,1,0.472
2026-05-26T05:00,0.7,0.5,0.2,0.0,0.0,0.0,95,3960.0,0.0,560.0,30.8,3.44,8.8,81,76,4600.0,1,0.475
2026-05-26T06:00,0.2,0.1,0.1,0.0,0.0,0.0,51,3470.0,1.0,720.0,31.9,3.05,8.8,88,71,7580.0,1,0.476
2026-05-26T07:00,0.3,0.2,0.1,0.0,0.0,0.0,51,3590.0,5.0,760.0,32.1,2.57,7.6,103,64,7040.0,1,0.475
2026-05-26T08:00,0.2,0.1,0.1,0.0,0.0,0.0,95,3530.0,1.0,900.0,32.4,2.36,6.6,103,67,4600.0,1,0.473
2026-05-26T09:00,0.7,0.3,0.4,0.0,0.0,0.0,95,2300.0,9.0,305.0,29.3,2.42,6.8,72,91,2220.0,1,0.478
2026-05-26T10:00,1.2,0.7,0.5,0.0,0.0,0.0,95,3040.0,7.0,385.0,28.1,2.46,5.1,66,66,3960.0,1,0.488
2026-05-26T11:00,0.4,0.4,0.0,0.0,0.0,0.0,51,2790.0,2.0,405.0,27.4,1.75,6.1,53,74,3400.0,1,0.49
2026-05-26T12:00,0.8,0.3,0.5,0.0,0.0,0.0,95,2480.0,10.0,450.0,27.0,3.05,4.9,55,93,7220.0,0,0.479
2026-05-26T13:00,0.0,0.0,0.0,0.0,0.0,0.0,3,2220.0,17.0,485.0,26.4,3.07,6.5,68,98,7400.0,0,0.479
2026-05-26T14:00,0.0,0.0,0.0,0.0,0.0,0.0,3,1830.0,15.0,445.0,25.7,3.34,7.1,60,99,5700.0,0,0.478
2026-05-26T15:00,0.1,0.1,0.0,0.0,0.0,0.0,51,1720.0,10.0,495.0,25.2,3.05,6.9,58,100,5440.0,0,0.479
2026-05-26T16:00,0.1,0.1,0.0,0.0,0.0,0.0,51,1730.0,4.0,400.0,24.7,2.41,6.5,69,100,5060.0,0,0.479
2026-05-26T17:00,0.9,0.1,0.8,0.0,0.0,0.0,95,1870.0,1.0,350.0,24.0,1.86,5.4,84,100,3160.0,0,0.488
2026-05-26T18:00,1.3,0.2,1.1,0.0,0.0,0.0,95,1660.0,4.0,350.0,24.6,2.5,5.7,64,99,2560.0,0,0.502
2026-05-26T19:00,0.6,0.6,0.0,0.0,0.0,0.0,53,1240.0,4.0,405.0,24.0,3.0,6.3,75,98,3960.0,0,0.506
2026-05-26T20:00,0.8,0.1,0.7,0.0,0.0,0.0,95,1340.0,1.0,405.0,23.4,2.72,7.6,73,100,2560.0,0,0.511
2026-05-26T21:00,0.8,0.4,0.4,0.0,0.0,0.0,53,1200.0,2.0,430.0,23.2,2.51,5.7,61,100,3100.0,0,0.513
2026-05-26T22:00,0.1,0.1,0.0,0.0,0.0,0.0,51,1090.0,5.0,435.0,23.0,2.7,5.5,71,100,4520.0,1,0.509
2026-05-26T23:00,0.3,0.3,0.0,0.0,0.0,0.0,51,880.0,10.0,415.0,22.9,2.53,6.0,65,100,4160.0,1,0.507
2026-05-27T00:00,0.2,0.2,0.0,0.0,0.0,0.0,51,880.0,12.0,360.0,23.3,2.47,5.3,58,100,5080.0,1,0.513
2026-05-27T01:00,0.1,0.1,0.0,0.0,0.0,0.0,51,780.0,16.0,400.0,23.8,3.18,7.2,64,100,6400.0,1,0.509
2026-05-27T02:00,0.0,0.0,0.0,0.0,0.0,0.0,3,740.0,18.0,475.0,25.0,3.21,7.9,69,100,9280.0,1,0.506
2026-05-27T03:00,0.0,0.0,0.0,0.0,0.0,0.0,3,790.0,4.0,520.0,25.7,3.01,7.4,69,100,10260.0,1,0.503
2026-05-27T04:00,0.0,0.0,0.0,0.0,0.0,0.0,3,830.0,16.0,550.0,26.3,2.84,7.1,64,100,12960.0,1,0.5
2026-05-27T05:00,0.0,0.0,0.0,0.0,0.0,0.0,3,870.0,42.0,750.0,28.6,2.13,7.2,66,100,12980.0,1,0.497
2026-05-27T06:00,0.0,0.0,0.0,0.0,0.0,0.0,3,520.0,39.0,735.0,27.9,2.22,6.0,59,100,12980.0,1,0.501
2026-05-27T07:00,0.0,0.0,0.0,0.0,0.0,0.0,3,600.0,57.0,735.0,28.0,2.0,5.8,58,100,12980.0,1,0.498
2026-05-27T08:00,0.0,0.0,0.0,0.0,0.0,0.0,3,770.0,55.0,825.0,28.8,2.2,5.7,69,100,12980.0,1,0.495
2026-05-27T09:00,0.0,0.0,0.0,0.0,0.0,0.0,3,900.0,44.0,745.0,28.4,2.63,6.3,76,91,12980.0,1,0.493
2026-05-27T10:00,0.0,0.0,0.0,0.0,0.0,0.0,2,990.0,32.0,605.0,27.7,3.08,6.7,70,51,12980.0,1,0.491
2026-05-27T11:00,0.0,0.0,0.0,0.0,0.0,0.0,1,1180.0,25.0,525.0,26.7,3.13,6.8,61,45,12980.0,1,0.49
2026-05-27T12:00,0.0,0.0,0.0,0.0,0.0,0.0,3,1350.0,9.0,390.0,24.9,2.7,6.4,79,100,11240.0,0,0.496
2026-05-27T13:00,0.0,0.0,0.0,0.0,0.0,0.0,3,1410.0,1.0,365.0,24.4,2.42,5.9,68,100,11240.0,0,0.494
2026-05-27T14:00,0.0,0.0,0.0,0.0,0.0,0.0,3,1430.0,0.0,355.0,24.0,2.03,5.2,74,100,10540.0,0,0.493
2026-05-27T15:00,0.3,0.2,0.1,0.0,0.0,0.0,51,1300.0,2.0,370.0,23.6,2.07,4.4,70,100,3900.0,0,0.495
2026-05-27T16:00,0.3,0.3,0.0,0.0,0.0,0.0,51,1190.0,3.0,360.0,23.1,2.15,4.9,78,100,4060.0,0,0.496
2026-05-27T17:00,0.4,0.3,0.1,0.0,0.0,0.0,51,1310.0,0.0,370.0,22.7,2.08,4.4,80,100,5000.0,0,0.498
2026-05-27T18:00,0.1,0.1,0.0,0.0,0.0,0.0,51,1010.0,5.0,415.0,23.5,1.75,4.2,77,100,9620.0,0,0.496
2026-05-27T19:00,0.0,0.0,0.0,0.0,0.0,0.0,3,1070.0,2.0,415.0,22.8,2.17,4.4,71,100,5900.0,0,0.495
2026-05-27T20:00,0.1,0.1,0.0,0.0,0.0,0.0,51,880.0,4.0,415.0,22.6,2.51,5.2,77,100,6560.0,0,0.494
2026-05-27T21:00,0.1,0.1,0.0,0.0,0.0,0.0,51,900.0,9.0,430.0,22.5,2.12,5.3,71,95,3680.0,0,0.494
2026-05-27T22:00,1.8,0.7,1.1,0.0,0.0,0.0,80,820.0,0.0,400.0,22.3,1.27,4.4,101,100,2280.0,1,0.512
2026-05-27T23:00,6.3,0.2,6.1,0.0,0.0,0.0,95,630.0,13.0,390.0,22.2,1.77,4.6,98,92,1740.0,1,0.511
2026-05-28T00:00,5.7,1.0,4.7,0.0,0.0,0.0,95,500.0,8.0,365.0,22.6,2.89,4.6,67,100,2540.0,1,0.505
2026-05-28T01:00,1.8,1.8,0.0,0.0,0.0,0.0,61,490.0,16.0,395.0,23.2,2.69,6.0,68,100,2760.0,1,0.509
2026-05-28T02:00,0.5,0.5,0.0,0.0,0.0,0.0,53,560.0,19.0,485.0,24.2,3.28,7.4,74,100,5960.0,1,0.508
2026-05-28T03:00,0.0,0.0,0.0,0.0,0.0,0.0,3,630.0,23.0,585.0,25.5,2.98,7.6,76,100,13020.0,1,0.505
2026-05-28T04:00,0.0,0.0,0.0,0.0,0.0,0.0,3,620.0,28.0,625.0,26.4,2.57,7.1,82,100,13040.0,1,0.502
2026-05-28T05:00,0.0,0.0,0.0,0.0,0.0,0.0,3,630.0,27.0,700.0,27.3,2.11,6.2,86,100,13040.0,1,0.499
2026-05-28T06:00,0.0,0.0,0.0,0.0,0.0,0.0,3,0.0,27.0,665.0,26.4,1.63,5.6,67,100,13040.0,1,0.505
2026-05-28T07:00,0.0,0.0,0.0,0.0,0.0,0.0,3,0.0,23.0,800.0,27.3,2.27,5.9,57,99,13040.0,1,0.501
2026-05-28T08:00,0.0,0.0,0.0,0.0,0.0,0.0,3,250.0,23.0,935.0,28.3,2.27,6.1,49,100,14640.0,1,0.498
2026-05-28T09:00,0.0,0.0,0.0,0.0,0.0,0.0,3,260.0,26.0,865.0,27.9,2.67,6.3,52,99,14660.0,1,0.495
2026-05-28T10:00,0.0,0.0,0.0,0.0,0.0,0.0,3,290.0,25.0,710.0,27.4,2.93,6.4,67,100,13040.0,1,0.493
2026-05-28T11:00,0.0,0.0,0.0,0.0,0.0,0.0,3,410.0,10.0,540.0,26.6,2.6,6.3,89,100,13040.0,1,0.492
2026-05-28T12:00,0.0,0.0,0.0,0.0,0.0,0.0,3,360.0,7.0,570.0,25.2,2.75,5.5,71,100,13060.0,0,0.488
2026-05-28T13:00,0.1,0.1,0.0,0.0,0.0,0.0,51,390.0,3.0,540.0,24.5,2.74,6.4,72,90,6180.0,0,0.488
2026-05-28T14:00,0.1,0.1,0.0,0.0,0.0,0.0,51,380.0,2.0,515.0,23.8,3.09,6.4,56,100,7020.0,0,0.488
2026-05-28T15:00,0.0,0.0,0.0,0.0,0.0,0.0,3,400.0,2.0,475.0,23.2,2.86,6.7,57,100,7880.0,0,0.488
2026-05-28T16:00,0.0,0.0,0.0,0.0,0.0,0.0,3,320.0,6.0,505.0,23.1,2.51,6.1,67,100,7200.0,0,0.488
2026-05-28T17:00,0.2,0.1,0.1,0.0,0.0,0.0,51,270.0,0.0,505.0,22.7,2.33,5.5,65,100,3720.0,0,0.489
2026-05-28T18:00,0.5,0.2,0.3,0.0,0.0,0.0,53,160.0,6.0,445.0,22.2,2.5,5.1,64,95,4420.0,0,0.491
2026-05-28T19:00,0.1,0.1,0.0,0.0,0.0,0.0,51,120.0,8.0,455.0,21.8,2.42,5.5,60,100,5260.0,0,0.492
2026-05-28T20:00,0.3,0.2,0.1,0.0,0.0,0.0,51,190.0,3.0,515.0,21.7,2.22,5.2,54,100,3220.0,0,0.495
2026-05-28T21:00,1.4,0.1,1.3,0.0,0.0,0.0,80,220.0,5.0,505.0,21.4,2.66,5.5,49,100,2240.0,0,0.511
2026-05-28T22:00,3.4,0.7,2.7,0.0,0.0,0.0,95,340.0,2.0,505.0,21.0,2.55,5.7,47,100,2060.0,1,0.511
2026-05-28T23:00,3.4,1.0,2.4,0.0,0.0,0.0,81,280.0,7.0,540.0,20.6,2.59,5.7,49,100,1660.0,1,0.51
2026-05-29T00:00,5.6,1.7,3.9,0.0,0.0,0.0,81,150.0,0.0,525.0,19.9,2.79,6.5,44,100,2300.0,1,0.505
2026-05-29T01:00,2.3,1.4,0.9,0.0,0.0,0.0,80,190.0,0.0,520.0,19.6,2.77,6.1,41,100,2100.0,1,0.506
2026-05-29T02:00,1.7,1.2,0.5,0.0,0.0,0.0,80,160.0,0.0,510.0,19.5,2.72,6.1,44,100,2780.0,1,0.506
2026-05-29T03:00,1.0,0.6,0.4,0.0,0.0,0.0,55,170.0,0.0,550.0,20.0,2.31,6.2,39,100,2840.0,1,0.506
2026-05-29T04:00,1.5,0.4,1.1,0.0,0.0,0.0,80,110.0,2.0,555.0,20.3,1.96,6.0,38,100,3060.0,1,0.506
2026-05-29T05:00,0.6,0.4,0.2,0.0,0.0,0.0,53,90.0,19.0,590.0,21.1,2.57,6.1,53,100,4820.0,1,0.505
2026-05-29T06:00,0.2,0.2,0.0,0.0,0.0,0.0,51,20.0,5.0,620.0,20.4,3.0,6.3,57,100,5360.0,1,0.507
2026-05-29T07:00,0.1,0.1,0.0,0.0,0.0,0.0,51,10.0,5.0,590.0,20.5,2.82,7.0,63,100,6020.0,1,0.504
2026-05-29T08:00,0.1,0.1,0.0,0.0,0.0,0.0,51,10.0,8.0,625.0,20.7,2.26,6.7,59,100,7420.0,1,0.503
2026-05-29T09:00,0.1,0.1,0.0,0.0,0.0,0.0,51,0.0,0.0,630.0,21.0,2.59,6.1,62,89,9720.0,1,0.501
2026-05-29T10:00,0.0,0.0,0.0,0.0,0.0,0.0,3,0.0,18.0,620.0,21.1,2.44,6.1,79,93,13100.0,1,0.499
2026-05-29T11:00,0.0,0.0,0.0,0.0,0.0,0.0,3,0.0,4.0,345.0,20.2,2.24,5.6,100,100,13120.0,1,0.497
2026-05-29T12:00,0.0,0.0,0.0,0.0,0.0,0.0,3,0.0,10.0,330.0,18.8,2.05,4.9,87,100,4480.0,0,0.498
2026-05-29T13:00,0.1,0.1,0.0,0.0,0.0,0.0,51,30.0,1.0,325.0,18.7,2.25,4.5,90,100,6440.0,0,0.498
2026-05-29T14:00,0.2,0.1,0.1,0.0,0.0,0.0,51,20.0,2.0,345.0,18.5,2.26,4.9,85,100,5060.0,0,0.498
2026-05-29T15:00,0.6,0.4,0.2,0.0,0.0,0.0,53,20.0,1.0,300.0,18.3,1.5,4.6,88,100,3720.0,0,0.502
2026-05-29T16:00,0.6,0.2,0.4,0.0,0.0,0.0,53,20.0,3.0,235.0,18.4,1.17,3.4,100,100,3300.0,0,0.508
2026-05-29T17:00,0.5,0.2,0.3,0.0,0.0,0.0,53,0.0,2.0,75.0,18.4,0.82,2.7,128,100,5560.0,0,0.509
2026-05-29T18:00,0.0,0.0,0.0,0.0,0.0,0.0,3,10.0,6.0,100.0,19.0,0.71,2.1,98,97,7840.0,0,0.507
2026-05-29T19:00,0.0,0.0,0.0,0.0,0.0,0.0,3,10.0,12.0,10.0,18.8,0.1,2.0,180,98,7840.0,0,0.504
2026-05-29T20:00,0.0,0.0,0.0,0.0,0.0,0.0,2,20.0,18.0,35.0,18.6,0.38,1.2,247,61,7500.0,0,0.503
2026-05-29T21:00,0.0,0.0,0.0,0.0,0.0,0.0,2,10.0,17.0,35.0,18.3,0.38,1.2,247,70,5040.0,0,0.501
2026-05-29T22:00,0.0,0.0,0.0,0.0,0.0,0.0,2,0.0,17.0,55.0,18.2,0.3,1.1,279,68,5140.0,1,0.5
2026-05-29T23:00,0.0,0.0,0.0,0.0,0.0,0.0,3,0.0,17.0,120.0,18.8,0.59,2.0,290,100,5160.0,1,0.498
2026-05-30T00:00,0.0,0.0,0.0,0.0,0.0,0.0,3,10.0,17.0,260.0,19.6,0.76,2.9,278,99,7460.0,1,0.499
2026-05-30T01:00,0.0,0.0,0.0,0.0,0.0,0.0,3,0.0,16.0,475.0,20.6,0.72,3.1,282,100,11380.0,1,0.498
2026-05-30T02:00,0.0,0.0,0.0,0.0,0.0,0.0,3,0.0,16.0,765.0,22.1,0.6,3.2,66,100,13160.0,1,0.496
2026-05-30T03:00,0.0,0.0,0.0,0.0,0.0,0.0,3,0.0,16.0,925.0,23.3,1.02,3.8,79,94,14780.0,1,0.494
2026-05-30T04:00,0.0,0.0,0.0,0.0,0.0,0.0,3,0.0,15.0,1210.0,25.7,0.78,4.1,63,100,16360.0,1,0.491
2026-05-30T05:00,0.0,0.0,0.0,0.0,0.0,0.0,3,0.0,15.0,1310.0,26.6,0.75,3.9,90,84,16360.0,1,0.488
2026-05-30T06:00,0.0,0.0,0.0,0.0,0.0,0.0,1,0.0,10.0,1195.0,25.8,1.17,3.7,100,38,16360.0,1,0.486
2026-05-30T07:00,0.0,0.0,0.0,0.0,0.0,0.0,2,0.0,15.0,1265.0,26.4,0.99,4.4,120,54,16360.0,1,0.483
2026-05-30T08:00,0.0,0.0,0.0,0.0,0.0,0.0,3,0.0,14.0,1335.0,26.5,0.6,3.9,138,99,16360.0,1,0.481
2026-05-30T09:00,0.0,0.0,0.0,0.0,0.0,0.0,1,0.0,14.0,1125.0,26.2,0.67,3.1,153,35,16380.0,1,0.479
2026-05-30T10:00,0.0,0.0,0.0,0.0,0.0,0.0,1,0.0,14.0,330.0,26.0,0.65,2.7,184,23,16380.0,1,0.478
2026-05-30T11:00,0.0,0.0,0.0,0.0,0.0,0.0,1,0.0,13.0,10.0,24.9,0.05,2.0,270,27,14800.0,1,0.478
2026-05-30T12:00,0.0,0.0,0.0,0.0,0.0,0.0,0,0.0,57.0,35.0,22.5,1.0,1.5,93,6,13180.0,0,0.469
2026-05-30T13:00,0.0,0.0,0.0,0.0,0.0,0.0,0,0.0,53.0,40.0,21.0,1.56,3.2,96,1,13180.0,0,0.469
2026-05-30T14:00,0.0,0.0,0.0,0.0,0.0,0.0,0,0.0,43.0,50.0,20.2,1.45,3.2,90,1,11400.0,0,0.47
2026-05-30T15:00,0.0,0.0,0.0,0.0,0.0,0.0,0,0.0,31.0,40.0,19.5,1.05,3.1,90,2,11420.0,0,0.47
2026-05-30T16:00,0.0,0.0,0.0,0.0,0.0,0.0,0,0.0,18.0,25.0,18.8,0.66,2.3,99,3,9760.0,0,0.471
2026-05-30T17:00,0.0,0.0,0.0,0.0,0.0,0.0,0,0.0,7.0,15.0,18.3,0.34,1.4,117,4,7880.0,0,0.471
2026-05-30T18:00,0.0,0.0,0.0,0.0,0.0,0.0,0,0.0,0.0,20.0,18.5,0.56,1.0,117,5,7880.0,0,0.476
2026-05-30T19:00,0.0,0.0,0.0,0.0,0.0,0.0,0,0.0,0.0,15.0,18.0,0.49,1.3,114,0,5200.0,0,0.476
2026-05-30T20:00,0.0,0.0,0.0,0.0,0.0,0.0,0,0.0,0.0,10.0,17.7,0.15,1.1,90,0,5200.0,0,0.476
2026-05-30T21:00,0.0,0.0,0.0,0.0,0.0,0.0,0,0.0,2.0,10.0,17.5,0.1,0.5,180,1,4600.0,0,0.476
2026-05-30T22:00,0.0,0.0,0.0,0.0,0.0,0.0,3,0.0,5.0,15.0,17.3,0.22,0.7,243,100,220.0,1,0.477
2026-05-30T23:00,0.0,0.0,0.0,0.0,0.0,0.0,3,0.0,8.0,15.0,18.4,0.2,2.0,270,100,540.0,1,0.477
2026-05-31T00:00,0.0,0.0,0.0,0.0,0.0,0.0,0,0.0,14.0,220.0,21.0,0.45,2.5,333,8,2640.0,1,0.475
2026-05-31T01:00,0.0,0.0,0.0,0.0,0.0,0.0,0,0.0,10.0,475.0,23.2,0.35,3.1,315,0,10280.0,1,0.474
2026-05-31T02:00,0.0,0.0,0.0,0.0,0.0,0.0,0,0.0,8.0,715.0,25.2,0.15,3.2,360,0,14860.0,1,0.472
2026-05-31T03:00,0.0,0.0,0.0,0.0,0.0,0.0,0,0.0,6.0,915.0,26.9,0.36,3.6,16,0,14860.0,1,0.469
2026-05-31T04:00,0.0,0.0,0.0,0.0,0.0,0.0,1,0.0,5.0,1095.0,28.2,0.49,3.8,336,20,16440.0,1,0.466
2026-05-31T05:00,0.0,0.0,0.0,0.0,0.0,0.0,0,0.0,11.0,810.0,29.2,1.75,5.5,336,15,16440.0,1,0.462
2026-05-31T06:00,0.0,0.0,0.0,0.0,0.0,0.0,1,0.0,7.0,445.0,29.0,2.45,7.1,359,36,16440.0,1,0.455
2026-05-31T07:00,0.0,0.0,0.0,0.0,0.0,0.0,1,0.0,1.0,480.0,29.7,1.9,6.4,358,34,19040.0,1,0.453
2026-05-31T08:00,0.0,0.0,0.0,0.0,0.0,0.0,0,0.0,2.0,505.0,30.1,1.75,5.3,358,19,19060.0,1,0.45
2026-05-31T09:00,0.0,0.0,0.0,0.0,0.0,0.0,0,0.0,7.0,420.0,30.0,1.98,4.7,41,19,19060.0,1,0.448
2026-05-31T10:00,0.0,0.0,0.0,0.0,0.0,0.0,1,0.0,252.0,350.0,28.8,2.68,5.6,76,20,16460.0,1,0.448
2026-05-31T11:00,0.0,0.0,0.0,0.0,0.0,0.0,1,0.0,316.0,220.0,26.8,2.06,5.6,104,45,14880.0,1,0.448
2026-05-31T12:00,0.0,0.0,0.0,0.0,0.0,0.0,1,0.0,161.0,55.0,25.5,1.44,4.3,104,48,13240.0,0,0.432
2026-05-31T13:00,0.0,0.0,0.0,0.0,0.0,0.0,0,0.0,201.0,35.0,24.2,1.18,3.3,102,13,13240.0,0,0.433
2026-05-31T14:00,0.0,0.0,0.0,0.0,0.0,0.0,0,0.0,139.0,30.0,23.3,1.01,2.7,99,3,11460.0,0,0.435
2026-05-31T15:00,0.0,0.0,0.0,0.0,0.0,0.0,0,0.0,150.0,25.0,22.6,0.85,2.5,111,0,9800.0,0,0.436
2026-05-31T16:00,0.0,0.0,0.0,0.0,0.0,0.0,0,0.0,139.0,10.0,22.1,0.28,2.0,135,0,7920.0,0,0.437
2026-05-31T17:00,0.0,0.0,0.0,0.0,0.0,0.0,0,0.0,167.0,10.0,21.9,0.11,0.9,153,1,7920.0,0,0.438
2026-05-31T18:00,0.0,0.0,0.0,0.0,0.0,0.0,0,0.0,1.0,10.0,21.9,0.11,0.6,207,1,7920.0,0,0.434
2026-05-31T19:00,0.0,0.0,0.0,0.0,0.0,0.0,0,0.0,6.0,10.0,21.4,0.11,0.5,153,4,7920.0,0,0.435
2026-05-31T20:00,0.0,0.0,0.0,0.0,0.0,0.0,0,0.0,11.0,10.0,21.3,0.07,0.4,135,2,5240.0,0,0.436
2026-05-31T21:00,0.0,0.0,0.0,0.0,0.0,0.0,0,0.0,37.0,10.0,21.1,0.05,0.4,90,2,5240.0,0,0.437
2026-05-31T22:00,0.0,0.0,0.0,0.0,0.0,0.0,0,0.0,140.0,10.0,21.0,0.05,0.5,90,3,5240.0,1,0.438
2026-05-31T23:00,0.0,0.0,0.0,0.0,0.0,0.0,0,0.0,54.0,60.0,22.4,0.42,1.8,315,11,7940.0,1,0.438
2026-06-01T00:00,0.0,0.0,0.0,0.0,0.0,0.0,3,0.0,106.0,190.0,25.0,0.35,2.3,315,83,13280.0,1,0.452
2026-06-01T01:00,0.0,0.0,0.0,0.0,0.0,0.0,3,0.0,77.0,380.0,26.7,0.39,2.9,310,94,14920.0,1,0.451
2026-06-01T02:00,0.0,0.0,0.0,0.0,0.0,0.0,3,0.0,52.0,485.0,28.1,0.16,2.9,18,98,14920.0,1,0.45
2026-06-01T03:00,0.0,0.0,0.0,0.0,0.0,0.0,3,0.0,77.0,775.0,29.4,0.46,3.2,347,100,16520.0,1,0.448
2026-06-01T04:00,0.0,0.0,0.0,0.0,0.0,0.0,3,0.0,8.0,885.0,29.9,0.56,3.3,333,90,16520.0,1,0.446
2026-06-01T05:00,0.0,0.0,0.0,0.0,0.0,0.0,3,10.0,10.0,910.0,30.4,0.85,3.7,332,95,16520.0,1,0.443
2026-06-01T06:00,0.0,0.0,0.0,0.0,0.0,0.0,3,20.0,110.0,1190.0,31.0,0.85,3.9,273,99,16540.0,1,0.45
2026-06-01T07:00,0.0,0.0,0.0,0.0,0.0,0.0,2,110.0,43.0,1370.0,31.2,1.77,4.8,299,55,16540.0,1,0.447
2026-06-01T08:00,0.0,0.0,0.0,0.0,0.0,0.0,2,190.0,14.0,1030.0,30.9,2.57,6.3,333,76,16540.0,1,0.445
2026-06-01T09:00,0.3,0.1,0.2,0.0,0.0,0.0,51,520.0,15.0,410.0,28.6,2.04,6.3,329,70,4700.0,1,0.446
2026-06-01T10:00,0.7,0.3,0.4,0.0,0.0,0.0,53,1490.0,17.0,125.0,27.0,1.6,4.9,284,34,5220.0,1,0.452
2026-06-01T11:00,0.1,0.1,0.0,0.0,0.0,0.0,51,1680.0,23.0,65.0,26.6,1.1,3.8,270,100,7400.0,1,0.453
2026-06-01T12:00,0.0,0.0,0.0,0.0,0.0,0.0,3,370.0,13.0,235.0,26.9,2.02,2.1,300,100,13300.0,0,0.428
2026-06-01T13:00,0.0,0.0,0.0,0.0,0.0,0.0,3,290.0,15.0,155.0,25.9,1.35,4.2,266,98,13320.0,0,0.429
2026-06-01T14:00,0.0,0.0,0.0,0.0,0.0,0.0,3,0.0,32.0,65.0,25.5,0.99,2.8,221,100,13320.0,0,0.429
2026-06-01T15:00,0.0,0.0,0.0,0.0,0.0,0.0,3,210.0,31.0,40.0,25.3,0.61,2.0,189,85,11520.0,0,0.43
2026-06-01T16:00,0.0,0.0,0.0,0.0,0.0,0.0,2,240.0,26.0,45.0,25.0,0.94,2.0,212,77,11500.0,0,0.43
2026-06-01T17:00,0.0,0.0,0.0,0.0,0.0,0.0,1,280.0,21.0,50.0,24.5,0.85,2.0,249,38,11520.0,0,0.431
2026-06-01T18:00,0.0,0.0,0.0,0.0,0.0,0.0,2,0.0,2.0,55.0,24.4,0.94,2.1,245,73,11520.0,0,0.431
2026-06-01T19:00,0.0,0.0,0.0,0.0,0.0,0.0,1,190.0,5.0,55.0,23.9,0.72,2.0,245,41,9860.0,0,0.432
2026-06-01T20:00,0.0,0.0,0.0,0.0,0.0,0.0,3,200.0,5.0,60.0,23.8,0.81,1.8,223,99,9860.0,0,0.432
2026-06-01T21:00,0.0,0.0,0.0,0.0,0.0,0.0,3,240.0,3.0,60.0,23.6,0.65,1.9,203,100,9860.0,0,0.432
2026-06-01T22:00,0.0,0.0,0.0,0.0,0.0,0.0,3,230.0,2.0,55.0,23.8,0.59,1.7,200,100,9860.0,1,0.433
2026-06-01T23:00,0.2,0.1,0.1,0.0,0.0,0.0,51,190.0,0.0,70.0,23.9,0.65,1.9,247,100,4120.0,1,0.435
2026-06-02T00:00,0.3,0.2,0.1,0.0,0.0,0.0,51,0.0,5.0,235.0,24.7,0.96,2.1,261,97,6560.0,1,0.447
2026-06-02T01:00,0.0,0.0,0.0,0.0,0.0,0.0,3,220.0,9.0,335.0,25.7,1.25,3.9,268,100,11540.0,1,0.446
2026-06-02T02:00,0.0,0.0,0.0,0.0,0.0,0.0,3,220.0,11.0,440.0,26.5,0.73,4.0,286,88,8000.0,1,0.445
2026-06-02T03:00,0.1,0.1,0.0,0.0,0.0,0.0,51,140.0,75.0,740.0,28.3,1.03,4.2,284,70,9780.0,1,0.444
2026-06-02T04:00,0.0,0.0,0.0,0.0,0.0,0.0,2,430.0,59.0,930.0,29.5,0.74,4.4,290,56,15000.0,1,0.441
2026-06-02T05:00,0.0,0.0,0.0,0.0,0.0,0.0,3,760.0,21.0,1255.0,31.2,1.0,4.4,252,100,9760.0,1,0.438
2026-06-02T06:00,0.0,0.0,0.0,0.0,0.0,0.0,2,400.0,34.0,945.0,29.9,0.51,4.4,259,77,15020.0,1,0.455
2026-06-02T07:00,0.1,0.1,0.0,0.0,0.0,0.0,51,640.0,7.0,1015.0,30.9,0.96,4.0,231,22,7860.0,1,0.452
2026-06-02T08:00,0.1,0.1,0.0,0.0,0.0,0.0,51,610.0,9.0,1010.0,31.3,1.04,4.0,215,49,6920.0,1,0.45
2026-06-02T09:00,0.1,0.1,0.0,0.0,0.0,0.0,51,560.0,10.0,625.0,30.8,0.57,3.9,255,45,15880.0,1,0.449
2026-06-02T10:00,0.0,0.0,0.0,0.0,0.0,0.0,1,690.0,6.0,270.0,30.6,0.4,2.4,180,48,8460.0,1,0.448
2026-06-02T11:00,0.0,0.0,0.0,0.0,0.0,0.0,1,1410.0,29.0,35.0,28.7,1.19,2.4,118,30,13380.0,1,0.448
2026-06-02T12:00,0.0,0.0,0.0,0.0,0.0,0.0,0,720.0,90.0,75.0,27.7,1.59,2.9,46,12,13380.0,0,0.448
2026-06-02T13:00,0.0,0.0,0.0,0.0,0.0,0.0,1,800.0,70.0,90.0,26.7,1.3,3.1,90,20,13340.0,0,0.447
2026-06-02T14:00,0.0,0.0,0.0,0.0,0.0,0.0,0,750.0,63.0,65.0,25.9,1.2,2.7,92,2,9800.0,0,0.447
2026-06-02T15:00,0.0,0.0,0.0,0.0,0.0,0.0,0,730.0,84.0,35.0,25.0,1.02,2.5,101,5,7940.0,0,0.447
2026-06-02T16:00,0.0,0.0,0.0,0.0,0.0,0.0,1,780.0,82.0,20.0,24.3,0.5,2.2,90,20,5260.0,0,0.447
2026-06-02T17:00,0.0,0.0,0.0,0.0,0.0,0.0,3,860.0,64.0,15.0,24.0,0.34,1.4,63,80,5300.0,0,0.447
2026-06-02T18:00,0.0,0.0,0.0,0.0,0.0,0.0,3,1250.0,53.0,25.0,25.1,0.82,1.3,52,88,5300.0,0,0.446
2026-06-02T19:00,0.1,0.0,0.1,0.0,0.0,0.0,51,1130.0,44.0,20.0,24.5,0.6,1.3,85,95,3440.0,0,0.447
2026-06-02T20:00,4.0,0.2,3.8,0.0,0.0,0.0,95,630.0,5.0,90.0,24.2,2.05,4.5,167,98,2060.0,0,0.496
2026-06-02T21:00,1.2,0.9,0.3,0.0,0.0,0.0,55,510.0,0.0,75.0,24.0,1.15,4.0,252,100,1500.0,0,0.507
2026-06-02T22:00,3.5,0.6,2.9,0.0,0.0,0.0,95,450.0,1.0,65.0,23.9,0.8,3.6,356,100,720.0,1,0.514
2026-06-02T23:00,2.2,0.4,1.8,0.0,0.0,0.0,95,550.0,18.0,70.0,24.1,0.7,4.2,90,98,2380.0,1,0.507
2026-06-03T00:00,0.4,0.4,0.0,0.0,0.0,0.0,51,880.0,1.0,165.0,24.5,1.1,3.0,330,100,3380.0,1,0.507
2026-06-03T01:00,3.5,0.0,3.5,0.0,0.0,0.0,95,890.0,2.0,195.0,24.8,0.36,5.4,304,100,2180.0,1,0.515
2026-06-03T02:00,0.7,0.7,0.0,0.0,0.0,0.0,53,860.0,20.0,145.0,25.0,0.73,3.0,286,100,3260.0,1,0.51
2026-06-03T03:00,0.6,0.2,0.4,0.0,0.0,0.0,53,760.0,17.0,265.0,25.4,1.22,3.7,305,100,2260.0,1,0.51
2026-06-03T04:00,2.7,1.2,1.5,0.0,0.0,0.0,95,1150.0,0.0,135.0,25.1,0.25,5.7,270,100,1720.0,1,0.511
2026-06-03T05:00,1.5,1.0,0.5,0.0,0.0,0.0,80,1210.0,1.0,185.0,25.9,0.82,4.7,194,100,4080.0,1,0.514
2026-06-03T06:00,0.2,0.2,0.0,0.0,0.0,0.0,51,710.0,0.0,335.0,26.4,0.46,3.8,229,99,4720.0,1,0.509
2026-06-03T07:00,0.5,0.3,0.2,0.0,0.0,0.0,53,720.0,0.0,500.0,26.6,0.85,3.5,267,88,5580.0,1,0.508
2026-06-03T08:00,0.2,0.1,0.1,0.0,0.0,0.0,51,590.0,0.0,730.0,28.3,0.57,3.8,345,31,6480.0,1,0.504
2026-06-03T09:00,0.1,0.1,0.0,0.0,0.0,0.0,51,520.0,1.0,655.0,28.4,0.3,3.2,99,46,4960.0,1,0.502
2026-06-03T10:00,0.3,0.3,0.0,0.0,0.0,0.0,51,640.0,8.0,105.0,27.9,0.68,2.7,73,45,6960.0,1,0.501
2026-06-03T11:00,0.1,0.1,0.0,0.0,0.0,0.0,51,540.0,20.0,25.0,27.1,0.58,2.3,31,30,9400.0,1,0.499
2026-06-03T12:00,0.0,0.0,0.0,0.0,0.0,0.0,0,0.0,28.0,20.0,26.1,0.36,1.4,124,18,13440.0,0,0.472
2026-06-03T13:00,0.0,0.0,0.0,0.0,0.0,0.0,0,0.0,30.0,10.0,25.5,0.07,0.9,135,15,13440.0,0,0.472
2026-06-03T14:00,0.0,0.0,0.0,0.0,0.0,0.0,0,0.0,39.0,15.0,24.7,0.16,0.6,342,17,11620.0,0,0.472
2026-06-03T15:00,0.0,0.0,0.0,0.0,0.0,0.0,3,0.0,39.0,25.0,23.9,0.41,1.1,14,83,9940.0,0,0.472
2026-06-03T16:00,0.0,0.0,0.0,0.0,0.0,0.0,3,0.0,36.0,15.0,23.3,0.16,1.1,108,99,8060.0,0,0.472
2026-06-03T17:00,0.0,0.0,0.0,0.0,0.0,0.0,3,0.0,31.0,25.0,22.9,0.47,1.0,162,98,8060.0,0,0.471
2026-06-03T18:00,0.0,0.0,0.0,0.0,0.0,0.0,3,10.0,38.0,25.0,23.1,0.39,1.0,140,100,5340.0,0,0.467
2026-06-03T19:00,0.0,0.0,0.0,0.0,0.0,0.0,3,10.0,80.0,50.0,22.5,0.55,1.4,270,100,5340.0,0,0.467
2026-06-03T20:00,0.0,0.0,0.0,0.0,0.0,0.0,3,0.0,27.0,55.0,22.1,0.68,1.8,287,98,5340.0,0,0.467
2026-06-03T21:00,0.0,0.0,0.0,0.0,0.0,0.0,3,0.0,26.0,55.0,21.8,0.58,1.8,239,100,5340.0,0,0.467
2026-06-03T22:00,0.0,0.0,0.0,0.0,0.0,0.0,3,0.0,12.0,40.0,21.8,0.25,1.6,180,100,5340.0,1,0.467
2026-06-03T23:00,0.0,0.0,0.0,0.0,0.0,0.0,3,0.0,37.0,85.0,23.1,1.0,2.5,177,99,8060.0,1,0.467
2026-06-04T00:00,0.0,0.0,0.0,0.0,0.0,0.0,3,0.0,111.0,200.0,24.4,0.74,2.7,228,100,9980.0,1,0.473
2026-06-04T01:00,0.0,0.0,0.0,0.0,0.0,0.0,3,30.0,90.0,330.0,26.0,0.85,3.4,242,100,13480.0,1,0.472
2026-06-04T02:00,0.0,0.0,0.0,0.0,0.0,0.0,3,30.0,123.0,585.0,27.6,0.92,3.8,283,100,15160.0,1,0.47
2026-06-04T03:00,0.0,0.0,0.0,0.0,0.0,0.0,3,20.0,111.0,910.0,29.1,1.04,4.2,325,100,15160.0,1,0.467
2026-06-04T04:00,0.0,0.0,0.0,0.0,0.0,0.0,3,10.0,13.0,1185.0,29.8,0.94,4.2,328,100,16780.0,1,0.465
2026-06-04T05:00,0.0,0.0,0.0,0.0,0.0,0.0,3,20.0,27.0,1480.0,30.7,0.7,3.5,360,98,16780.0,1,0.462
2026-06-04T06:00,0.0,0.0,0.0,0.0,0.0,0.0,3,40.0,1.0,1670.0,31.4,1.78,3.5,58,100,19440.0,1,0.47
2026-06-04T07:00,0.0,0.0,0.0,0.0,0.0,0.0,3,0.0,28.0,1500.0,31.5,2.73,6.4,64,97,19460.0,1,0.467
2026-06-04T08:00,0.0,0.0,0.0,0.0,0.0,0.0,2,0.0,19.0,1475.0,31.3,2.93,6.9,57,52,19460.0,1,0.464
2026-06-04T09:00,0.0,0.0,0.0,0.0,0.0,0.0,1,60.0,11.0,1415.0,31.2,2.57,6.9,63,25,16800.0,1,0.461
2026-06-04T10:00,0.0,0.0,0.0,0.0,0.0,0.0,1,100.0,4.0,1450.0,30.4,1.79,6.0,72,21,16800.0,1,0.459
2026-06-04T11:00,0.0,0.0,0.0,0.0,0.0,0.0,0,220.0,19.0,150.0,28.6,1.1,4.0,95,12,15180.0,1,0.459
2026-06-04T12:00,0.0,0.0,0.0,0.0,0.0,0.0,3,350.0,33.0,95.0,27.2,1.41,2.8,98,85,13500.0,0,0.434
2026-06-04T13:00,0.0,0.0,0.0,0.0,0.0,0.0,1,230.0,56.0,45.0,26.1,1.05,3.5,87,20,13520.0,0,0.434
2026-06-04T14:00,0.0,0.0,0.0,0.0,0.0,0.0,0,270.0,4.0,30.0,25.2,0.83,2.9,65,11,10280.0,0,0.435
2026-06-04T15:00,0.0,0.0,0.0,0.0,0.0,0.0,0,330.0,13.0,55.0,24.9,0.92,2.4,41,13,11640.0,0,0.435
2026-06-04T16:00,0.0,0.0,0.0,0.0,0.0,0.0,0,240.0,45.0,120.0,24.4,1.17,2.9,43,19,11680.0,0,0.436
2026-06-04T17:00,0.0,0.0,0.0,0.0,0.0,0.0,0,240.0,39.0,10.0,24.0,0.15,3.0,180,1,11700.0,0,0.436
2026-06-04T18:00,0.0,0.0,0.0,0.0,0.0,0.0,0,420.0,32.0,215.0,24.1,1.25,1.3,74,12,11700.0,0,0.434
2026-06-04T19:00,0.0,0.0,0.0,0.0,0.0,0.0,0,460.0,25.0,185.0,23.5,1.15,3.2,72,11,10000.0,0,0.435
2026-06-04T20:00,0.0,0.0,0.0,0.0,0.0,0.0,0,360.0,22.0,110.0,23.0,0.92,3.0,49,2,8100.0,0,0.436
2026-06-04T21:00,0.0,0.0,0.0,0.0,0.0,0.0,0,240.0,21.0,50.0,22.6,0.67,2.7,42,7,8100.0,0,0.436
2026-06-04T22:00,0.0,0.0,0.0,0.0,0.0,0.0,1,180.0,20.0,30.0,22.5,0.39,2.4,50,31,8120.0,1,0.437
2026-06-04T23:00,0.0,0.0,0.0,0.0,0.0,0.0,1,210.0,8.0,145.0,24.0,0.68,2.4,343,49,10020.0,1,0.437
2026-06-05T00:00,0.0,0.0,0.0,0.0,0.0,0.0,1,320.0,0.0,690.0,26.0,2.48,3.0,42,39,5060.0,1,0.439
2026-06-05T01:00,0.3,0.3,0.0,0.0,0.0,0.0,51,260.0,0.0,775.0,26.8,2.71,6.6,62,16,5440.0,1,0.441
2026-06-05T02:00,0.1,0.1,0.0,0.0,0.0,0.0,51,200.0,3.0,875.0,28.4,2.62,6.8,66,17,9240.0,1,0.44
2026-06-05T03:00,0.1,0.1,0.0,0.0,0.0,0.0,51,210.0,6.0,1005.0,29.9,2.4,6.8,67,17,7640.0,1,0.439
2026-06-05T04:00,0.1,0.1,0.0,0.0,0.0,0.0,51,210.0,10.0,1175.0,30.9,2.04,6.5,73,20,8900.0,1,0.436
2026-06-05T05:00,0.1,0.1,0.0,0.0,0.0,0.0,51,170.0,14.0,1335.0,31.8,1.65,5.9,88,26,8960.0,1,0.433
2026-06-05T06:00,0.1,0.1,0.0,0.0,0.0,0.0,51,20.0,20.0,1440.0,32.0,2.11,5.3,83,37,19560.0,1,0.431
2026-06-05T07:00,0.0,0.0,0.0,0.0,0.0,0.0,2,10.0,18.0,1455.0,32.1,2.28,6.0,81,63,19560.0,1,0.427
2026-06-05T08:00,0.0,0.0,0.0,0.0,0.0,0.0,1,0.0,20.0,1450.0,32.0,2.39,6.2,74,23,19560.0,1,0.424
2026-06-05T09:00,0.0,0.0,0.0,0.0,0.0,0.0,1,0.0,13.0,1370.0,31.5,2.49,5.9,80,21,19560.0,1,0.422
2026-06-05T10:00,0.0,0.0,0.0,0.0,0.0,0.0,1,0.0,10.0,875.0,30.5,2.26,5.8,84,41,16900.0,1,0.42
2026-06-05T11:00,0.0,0.0,0.0,0.0,0.0,0.0,2,20.0,58.0,175.0,28.4,1.41,4.9,98,57,15260.0,1,0.42
2026-06-05T12:00,0.0,0.0,0.0,0.0,0.0,0.0,0,370.0,35.0,40.0,27.2,0.98,3.2,105,10,13580.0,0,0.416
2026-06-05T13:00,0.0,0.0,0.0,0.0,0.0,0.0,0,280.0,51.0,30.0,26.1,0.92,2.4,119,7,13580.0,0,0.416
2026-06-05T14:00,0.0,0.0,0.0,0.0,0.0,0.0,0,270.0,64.0,20.0,25.3,0.67,2.4,117,5,11740.0,0,0.417
2026-06-05T15:00,0.0,0.0,0.0,0.0,0.0,0.0,0,340.0,69.0,15.0,24.7,0.4,1.9,83,7,10060.0,0,0.417
2026-06-05T16:00,0.0,0.0,0.0,0.0,0.0,0.0,0,440.0,65.0,10.0,24.4,0.14,1.3,45,19,10060.0,0,0.418
2026-06-05T17:00,0.0,0.0,0.0,0.0,0.0,0.0,0,480.0,53.0,15.0,24.2,0.25,0.8,360,11,8140.0,0,0.418
2026-06-05T18:00,0.0,0.0,0.0,0.0,0.0,0.0,1,550.0,42.0,15.0,24.4,0.27,0.6,112,24,5720.0,0,0.42
2026-06-05T19:00,0.0,0.0,0.0,0.0,0.0,0.0,0,540.0,41.0,15.0,24.1,0.25,0.8,101,14,7400.0,0,0.421
2026-06-05T20:00,0.0,0.0,0.0,0.0,0.0,0.0,0,490.0,41.0,20.0,23.7,0.61,1.1,81,6,7960.0,0,0.421
2026-06-05T21:00,0.0,0.0,0.0,0.0,0.0,0.0,0,420.0,40.0,15.0,23.4,0.22,1.2,117,5,8100.0,0,0.422
2026-06-05T22:00,0.0,0.0,0.0,0.0,0.0,0.0,0,420.0,31.0,10.0,23.1,0.1,0.6,180,1,5420.0,1,0.422
2026-06-05T23:00,0.0,0.0,0.0,0.0,0.0,0.0,0,480.0,28.0,55.0,24.3,0.21,1.5,45,3,8160.0,1,0.422
2026-06-06T00:00,0.0,0.0,0.0,0.0,0.0,0.0,1,1200.0,2.0,250.0,26.5,0.59,2.7,20,28,10080.0,1,0.431
2026-06-06T01:00,0.0,0.0,0.0,0.0,0.0,0.0,1,980.0,0.0,745.0,28.1,0.35,3.0,352,29,8200.0,1,0.43
2026-06-06T02:00,0.1,0.1,0.0,0.0,0.0,0.0,51,900.0,7.0,840.0,29.5,0.43,3.2,306,24,8240.0,1,0.429
2026-06-06T03:00,0.0,0.0,0.0,0.0,0.0,0.0,1,1230.0,10.0,915.0,30.4,0.81,5.0,300,27,11420.0,1,0.427
2026-06-06T04:00,0.0,0.0,0.0,0.0,0.0,0.0,0,1530.0,6.0,1115.0,31.9,0.94,5.5,302,16,8660.0,1,0.424
2026-06-06T05:00,0.1,0.0,0.1,0.0,0.0,0.0,51,1810.0,0.0,1260.0,32.6,0.89,5.4,333,17,9360.0,1,0.421
2026-06-06T06:00,0.1,0.0,0.1,0.0,0.0,0.0,51,2200.0,0.0,1335.0,32.6,0.86,5.1,353,31,8680.0,1,0.417
2026-06-06T07:00,0.4,0.2,0.2,0.0,0.0,0.0,95,1980.0,0.0,1255.0,32.6,1.01,4.9,351,73,7900.0,1,0.417
2026-06-06T08:00,0.1,0.0,0.1,0.0,0.0,0.0,51,1910.0,4.0,850.0,32.2,1.03,4.8,346,80,7960.0,1,0.417
2026-06-06T09:00,0.2,0.2,0.0,0.0,0.0,0.0,51,2140.0,18.0,340.0,31.2,0.94,4.1,335,44,7080.0,1,0.417
2026-06-06T10:00,0.1,0.1,0.0,0.0,0.0,0.0,51,2310.0,15.0,400.0,31.1,0.46,3.1,131,80,15340.0,1,0.417
2026-06-06T11:00,0.0,0.0,0.0,0.0,0.0,0.0,2,2620.0,17.0,30.0,29.8,0.71,2.3,129,77,13580.0,1,0.416
2026-06-06T12:00,0.0,0.0,0.0,0.0,0.0,0.0,2,2630.0,42.0,40.0,28.1,1.1,2.4,114,76,10100.0,0,0.396
2026-06-06T13:00,0.0,0.0,0.0,0.0,0.0,0.0,2,2960.0,47.0,35.0,27.7,1.12,2.7,100,78,5440.0,0,0.396
2026-06-06T14:00,0.0,0.0,0.0,0.0,0.0,0.0,3,3430.0,36.0,35.0,27.6,0.8,2.7,90,100,5440.0,0,0.397
2026-06-06T15:00,0.0,0.0,0.0,0.0,0.0,0.0,3,3680.0,30.0,25.0,27.5,0.56,2.2,117,100,5440.0,0,0.397
2026-06-06T16:00,0.0,0.0,0.0,0.0,0.0,0.0,2,3790.0,27.0,20.0,27.3,0.4,1.8,97,67,5440.0,0,0.398
2026-06-06T17:00,2.0,0.0,2.0,0.0,0.0,0.0,96,2690.0,12.0,90.0,25.9,2.28,5.1,241,84,1560.0,0,0.423
2026-06-06T18:00,10.1,1.0,9.1,0.0,0.0,0.0,96,1920.0,11.0,70.0,25.1,1.35,8.0,195,99,1520.0,0,0.498
2026-06-06T19:00,5.6,0.9,4.7,0.0,0.0,0.0,95,1140.0,30.0,145.0,24.6,2.25,5.4,360,98,1200.0,0,0.517
2026-06-06T20:00,2.8,1.0,1.8,0.0,0.0,0.0,81,860.0,65.0,90.0,24.4,0.81,5.4,97,99,2200.0,0,0.516
2026-06-06T21:00,0.7,0.5,0.2,0.0,0.0,0.0,53,1000.0,8.0,105.0,24.5,1.25,2.9,344,99,3660.0,0,0.513
2026-06-06T22:00,0.8,0.3,0.5,0.0,0.0,0.0,53,960.0,0.0,280.0,24.1,1.57,3.4,107,100,820.0,1,0.514
2026-06-06T23:00,2.4,1.1,1.3,0.0,0.0,0.0,80,630.0,3.0,410.0,24.0,2.83,6.2,77,100,2100.0,1,0.509
2026-06-07T00:00,1.7,1.5,0.2,0.0,0.0,0.0,80,870.0,2.0,240.0,25.0,1.88,6.0,65,100,1680.0,1,0.518
2026-06-07T01:00,2.9,0.9,2.0,0.0,0.0,0.0,95,780.0,0.0,300.0,25.0,2.72,5.7,97,100,2060.0,1,0.507
2026-06-07T02:00,2.3,0.6,1.7,0.0,0.0,0.0,95,710.0,0.0,425.0,25.5,2.75,6.2,91,100,1760.0,1,0.515
2026-06-07T03:00,1.4,0.4,1.0,0.0,0.0,0.0,95,1850.0,0.0,565.0,26.4,3.41,8.2,85,98,2780.0,1,0.513
2026-06-07T04:00,1.1,0.4,0.7,0.0,0.0,0.0,95,1490.0,0.0,600.0,26.4,3.92,9.4,84,99,3040.0,1,0.512
2026-06-07T05:00,1.0,0.5,0.5,0.0,0.0,0.0,55,1050.0,0.0,545.0,26.2,4.06,9.5,80,99,3140.0,1,0.512
2026-06-07T06:00,1.0,0.7,0.3,0.0,0.0,0.0,55,290.0,3.0,640.0,26.4,5.27,9.8,72,100,4060.0,1,0.512
2026-06-07T07:00,0.6,0.6,0.0,0.0,0.0,0.0,53,170.0,0.0,650.0,25.1,5.32,12.1,62,100,3480.0,1,0.512
2026-06-07T08:00,0.6,0.5,0.1,0.0,0.0,0.0,53,160.0,7.0,595.0,24.5,5.28,12.4,71,100,4060.0,1,0.511
2026-06-07T09:00,0.4,0.3,0.1,0.0,0.0,0.0,51,200.0,2.0,805.0,24.4,5.99,13.5,75,100,5400.0,1,0.51
2026-06-07T10:00,0.1,0.0,0.1,0.0,0.0,0.0,51,130.0,6.0,810.0,23.2,6.3,13.6,74,100,6800.0,1,0.508
2026-06-07T11:00,0.1,0.1,0.0,0.0,0.0,0.0,51,110.0,3.0,810.0,22.5,5.29,13.7,68,100,6540.0,1,0.505
2026-06-07T12:00,0.5,0.1,0.4,0.0,0.0,0.0,53,190.0,4.0,670.0,20.8,4.72,11.9,62,100,4020.0,0,0.503
2026-06-07T13:00,0.8,0.4,0.4,0.0,0.0,0.0,53,190.0,3.0,700.0,19.7,5.17,11.2,55,100,2560.0,0,0.509
2026-06-07T14:00,3.0,0.6,2.4,0.0,0.0,0.0,95,320.0,0.0,740.0,18.8,4.44,11.2,50,100,1480.0,0,0.51
2026-06-07T15:00,11.9,4.9,7.0,0.0,0.0,0.0,82,10.0,0.0,750.0,18.3,3.26,9.7,49,100,760.0,0,0.51
2026-06-07T16:00,19.9,9.9,10.0,0.0,0.0,0.0,82,10.0,0.0,760.0,17.7,4.11,9.0,41,100,740.0,0,0.509
2026-06-07T17:00,18.8,9.4,9.4,0.0,0.0,0.0,82,0.0,1.0,710.0,17.0,4.53,10.0,47,100,820.0,0,0.509
2026-06-07T18:00,15.3,7.6,7.7,0.0,0.0,0.0,82,60.0,0.0,720.0,16.8,4.51,10.0,51,100,1780.0,0,0.509
2026-06-07T19:00,2.4,1.1,1.3,0.0,0.0,0.0,80,0.0,0.0,705.0,16.3,4.24,10.0,56,100,2540.0,0,0.509
2026-06-07T20:00,1.0,0.8,0.2,0.0,0.0,0.0,55,30.0,0.0,735.0,16.2,3.74,9.4,56,100,3660.0,0,0.508
2026-06-07T21:00,0.3,0.3,0.0,0.0,0.0,0.0,51,0.0,0.0,785.0,16.3,3.48,8.4,51,100,4100.0,0,0.508
2026-06-07T22:00,0.4,0.4,0.0,0.0,0.0,0.0,51,10.0,0.0,815.0,16.5,2.63,7.6,57,100,4380.0,1,0.508
2026-06-07T23:00,0.1,0.1,0.0,0.0,0.0,0.0,51,10.0,0.0,865.0,16.8,2.51,6.5,61,100,6540.0,1,0.507
2026-06-08T00:00,0.1,0.1,0.0,0.0,0.0,0.0,51,10.0,0.0,880.0,16.9,3.33,6.0,54,100,1900.0,1,0.507
2026-06-08T01:00,1.7,1.5,0.2,0.0,0.0,0.0,80,20.0,0.0,860.0,17.4,2.82,7.4,53,100,2700.0,1,0.507
2026-06-08T02:00,1.2,1.2,0.0,0.0,0.0,0.0,55,30.0,0.0,885.0,18.1,2.77,6.7,51,100,2940.0,1,0.507
2026-06-08T03:00,0.7,0.7,0.0,0.0,0.0,0.0,53,30.0,0.0,965.0,18.8,2.92,7.1,38,100,4880.0,1,0.507
2026-06-08T04:00,0.3,0.2,0.1,0.0,0.0,0.0,51,20.0,10.0,900.0,19.4,3.09,7.6,23,100,5460.0,1,0.507
2026-06-08T05:00,0.2,0.2,0.0,0.0,0.0,0.0,51,10.0,10.0,825.0,19.4,2.8,7.4,10,100,6720.0,1,0.506
2026-06-08T06:00,0.2,0.1,0.1,0.0,0.0,0.0,51,20.0,0.0,895.0,19.5,3.67,7.6,15,100,5800.0,1,0.506
2026-06-08T07:00,0.2,0.2,0.0,0.0,0.0,0.0,51,20.0,0.0,1030.0,19.7,3.24,7.7,25,100,6420.0,1,0.505
2026-06-08T08:00,0.2,0.1,0.1,0.0,0.0,0.0,51,10.0,0.0,1105.0,20.5,4.04,9.6,36,100,8340.0,1,0.504
2026-06-08T09:00,0.1,0.1,0.0,0.0,0.0,0.0,51,10.0,0.0,1010.0,20.0,2.66,9.3,56,100,7840.0,1,0.502
2026-06-08T10:00,0.0,0.0,0.0,0.0,0.0,0.0,3,10.0,2.0,925.0,19.7,1.77,6.1,82,100,9180.0,1,0.5
2026-06-08T11:00,0.0,0.0,0.0,0.0,0.0,0.0,3,10.0,2.0,815.0,19.3,1.67,4.3,99,100,13780.0,1,0.499
2026-06-08T12:00,0.0,0.0,0.0,0.0,0.0,0.0,3,30.0,5.0,95.0,18.7,0.81,3.9,133,100,8340.0,0,0.499
2026-06-08T13:00,0.0,0.0,0.0,0.0,0.0,0.0,3,20.0,5.0,215.0,18.5,1.08,2.6,103,100,9220.0,0,0.497
2026-06-08T14:00,0.0,0.0,0.0,0.0,0.0,0.0,3,10.0,16.0,265.0,18.4,1.29,3.1,77,100,6140.0,0,0.497
2026-06-08T15:00,0.1,0.1,0.0,0.0,0.0,0.0,51,10.0,16.0,215.0,18.2,1.53,3.4,79,99,7720.0,0,0.496
2026-06-08T16:00,0.0,0.0,0.0,0.0,0.0,0.0,3,10.0,17.0,160.0,17.9,1.26,3.5,97,93,10040.0,0,0.495
2026-06-08T17:00,0.0,0.0,0.0,0.0,0.0,0.0,3,0.0,18.0,60.0,17.8,0.99,2.9,135,100,8280.0,0,0.494
2026-06-08T18:00,0.0,0.0,0.0,0.0,0.0,0.0,3,0.0,18.0,210.0,18.1,1.14,2.2,113,95,10220.0,0,0.493
2026-06-08T19:00,0.0,0.0,0.0,0.0,0.0,0.0,2,0.0,19.0,85.0,17.5,1.12,2.6,117,77,10220.0,0,0.493
2026-06-08T20:00,0.0,0.0,0.0,0.0,0.0,0.0,1,0.0,20.0,50.0,17.2,0.9,2.5,146,35,10220.0,0,0.492
2026-06-08T21:00,0.0,0.0,0.0,0.0,0.0,0.0,1,0.0,21.0,30.0,16.4,0.5,2.0,174,34,8300.0,0,0.491
2026-06-08T22:00,0.0,0.0,0.0,0.0,0.0,0.0,2,0.0,21.0,25.0,16.3,0.56,1.5,190,52,8300.0,1,0.491
2026-06-08T23:00,0.0,0.0,0.0,0.0,0.0,0.0,1,0.0,22.0,80.0,17.9,0.71,2.0,188,34,10140.0,1,0.49
2026-06-09T00:00,0.0,0.0,0.0,0.0,0.0,0.0,1,0.0,23.0,345.0,19.6,1.21,2.6,263,27,11940.0,1,0.489
2026-06-09T01:00,0.0,0.0,0.0,0.0,0.0,0.0,1,0.0,23.0,560.0,21.4,0.8,3.8,270,23,13820.0,1,0.487
2026-06-09T02:00,0.0,0.0,0.0,0.0,0.0,0.0,1,10.0,24.0,1160.0,23.7,1.49,5.1,340,30,15560.0,1,0.485
2026-06-09T03:00,0.0,0.0,0.0,0.0,0.0,0.0,0,0.0,25.0,1390.0,25.3,1.91,5.8,355,8,17240.0,1,0.482
2026-06-09T04:00,0.0,0.0,0.0,0.0,0.0,0.0,0,0.0,25.0,1505.0,26.5,1.8,5.8,360,4,19980.0,1,0.479
2026-06-09T05:00,0.0,0.0,0.0,0.0,0.0,0.0,0,0.0,26.0,1655.0,27.5,1.8,5.7,357,3,19980.0,1,0.475
2026-06-09T06:00,0.0,0.0,0.0,0.0,0.0,0.0,0,0.0,27.0,1750.0,27.8,1.66,5.9,7,3,19980.0,1,0.471
2026-06-09T07:00,0.0,0.0,0.0,0.0,0.0,0.0,0,0.0,27.0,1770.0,28.2,1.5,5.2,356,15,19980.0,1,0.468
2026-06-09T08:00,0.0,0.0,0.0,0.0,0.0,0.0,0,0.0,28.0,1755.0,28.3,1.35,4.9,360,7,22440.0,1,0.465
2026-06-09T09:00,0.0,0.0,0.0,0.0,0.0,0.0,1,0.0,29.0,1745.0,28.2,1.31,4.3,353,47,22440.0,1,0.463
2026-06-09T10:00,0.0,0.0,0.0,0.0,0.0,0.0,3,0.0,29.0,1675.0,27.5,1.06,3.6,352,80,20000.0,1,0.462
2026-06-09T11:00,0.0,0.0,0.0,0.0,0.0,0.0,3,0.0,30.0,30.0,25.6,0.65,2.2,32,95,17260.0,1,0.462
2026-06-09T12:00,0.0,0.0,0.0,0.0,0.0,0.0,3,0.0,31.0,15.0,23.5,0.18,2.0,34,97,15580.0,0,0.448
2026-06-09T13:00,0.0,0.0,0.0,0.0,0.0,0.0,3,0.0,31.0,20.0,21.7,0.5,1.2,96,89,13860.0,0,0.449
2026-06-09T14:00,0.0,0.0,0.0,0.0,0.0,0.0,3,0.0,32.0,25.0,20.5,0.7,1.7,86,88,11980.0,0,0.451
2026-06-09T15:00,0.0,0.0,0.0,0.0,0.0,0.0,3,0.0,33.0,20.0,19.6,0.6,1.7,95,88,10260.0,0,0.452
2026-06-09T16:00,0.0,0.0,0.0,0.0,0.0,0.0,3,0.0,33.0,15.0,19.2,0.38,1.5,113,95,10260.0,0,0.453
2026-06-09T17:00,0.0,0.0,0.0,0.0,0.0,0.0,3,0.0,34.0,15.0,19.4,0.22,1.2,153,98,10260.0,0,0.454
2026-06-09T18:00,0.0,0.0,0.0,0.0,0.0,0.0,3,0.0,35.0,30.0,20.5,0.65,0.9,212,98,10260.0,0,0.464
2026-06-09T19:00,0.0,0.0,0.0,0.0,0.0,0.0,3,0.0,35.0,45.0,19.3,0.72,1.2,258,99,10280.0,0,0.465
2026-06-09T20:00,0.0,0.0,0.0,0.0,0.0,0.0,3,0.0,36.0,50.0,18.7,0.51,1.3,241,98,10280.0,0,0.465
2026-06-09T21:00,0.0,0.0,0.0,0.0,0.0,0.0,1,0.0,36.0,50.0,18.3,0.52,1.0,197,34,11980.0,0,0.465
2026-06-09T22:00,0.0,0.0,0.0,0.0,0.0,0.0,3,0.0,37.0,50.0,18.0,0.4,1.0,187,84,13880.0,1,0.466
2026-06-09T23:00,0.0,0.0,0.0,0.0,0.0,0.0,3,0.0,38.0,90.0,19.5,0.96,2.0,227,96,13880.0,1,0.466
2026-06-10T00:00,0.0,0.0,0.0,0.0,0.0,0.0,2,0.0,38.0,150.0,20.6,0.72,2.9,245,51,13900.0,1,0.465
2026-06-10T01:00,0.0,0.0,0.0,0.0,0.0,0.0,1,0.0,39.0,250.0,23.0,0.94,3.8,245,34,15640.0,1,0.464
2026-06-10T02:00,0.0,0.0,0.0,0.0,0.0,0.0,1,0.0,39.0,500.0,25.4,0.82,3.9,256,22,17320.0,1,0.462
2026-06-10T03:00,0.0,0.0,0.0,0.0,0.0,0.0,2,0.0,40.0,1195.0,27.4,0.63,3.9,331,58,17320.0,1,0.46
2026-06-10T04:00,0.0,0.0,0.0,0.0,0.0,0.0,3,0.0,40.0,1540.0,29.0,1.01,4.3,20,96,20080.0,1,0.456
2026-06-10T05:00,0.0,0.0,0.0,0.0,0.0,0.0,3,0.0,41.0,1505.0,29.1,1.2,4.4,48,100,20080.0,1,0.454
2026-06-10T06:00,0.0,0.0,0.0,0.0,0.0,0.0,3,0.0,42.0,1535.0,29.7,1.64,4.2,59,100,22540.0,1,0.453
2026-06-10T07:00,0.0,0.0,0.0,0.0,0.0,0.0,2,0.0,42.0,1175.0,29.0,1.92,4.4,65,70,22540.0,1,0.451
2026-06-10T08:00,0.0,0.0,0.0,0.0,0.0,0.0,3,0.0,42.0,1135.0,29.5,2.65,6.1,54,100,22560.0,1,0.448
2026-06-10T09:00,0.0,0.0,0.0,0.0,0.0,0.0,3,0.0,44.0,605.0,28.5,1.94,6.1,55,100,22560.0,1,0.447
2026-06-10T10:00,0.0,0.0,0.0,0.0,0.0,0.0,3,0.0,43.0,215.0,27.8,0.96,4.2,51,100,20100.0,1,0.446
2026-06-10T11:00,0.0,0.0,0.0,0.0,0.0,0.0,3,0.0,44.0,50.0,26.5,0.94,2.4,65,80,17360.0,1,0.447
2026-06-10T12:00,0.0,0.0,0.0,0.0,0.0,0.0,3,0.0,61.0,50.0,25.2,1.11,2.3,72,98,17360.0,0,0.434
2026-06-10T13:00,0.0,0.0,0.0,0.0,0.0,0.0,3,0.0,45.0,30.0,23.0,0.96,2.6,81,96,15680.0,0,0.435
2026-06-10T14:00,0.0,0.0,0.0,0.0,0.0,0.0,3,0.0,45.0,35.0,22.6,0.86,2.5,80,100,13940.0,0,0.436
2026-06-10T15:00,0.0,0.0,0.0,0.0,0.0,0.0,0,0.0,46.0,15.0,22.9,0.16,2.2,108,16,13940.0,0,0.436
2026-06-10T16:00,0.0,0.0,0.0,0.0,0.0,0.0,1,0.0,46.0,10.0,21.2,0.1,1.0,180,27,13940.0,0,0.437
2026-06-10T17:00,0.0,0.0,0.0,0.0,0.0,0.0,3,0.0,46.0,15.0,20.7,0.16,0.7,198,100,12040.0,0,0.438
2026-06-10T18:00,0.0,0.0,0.0,0.0,0.0,0.0,3,0.0,142.0,25.0,21.3,0.16,0.7,162,100,12040.0,0,0.438
2026-06-10T19:00,0.0,0.0,0.0,0.0,0.0,0.0,3,0.0,47.0,50.0,21.1,0.47,1.5,252,97,13940.0,0,0.439
2026-06-10T20:00,0.0,0.0,0.0,0.0,0.0,0.0,3,0.0,47.0,65.0,20.3,0.94,1.4,245,98,13960.0,0,0.44
2026-06-10T21:00,0.0,0.0,0.0,0.0,0.0,0.0,3,0.0,145.0,65.0,20.6,0.27,1.1,248,98,13960.0,0,0.44
2026-06-10T22:00,0.0,0.0,0.0,0.0,0.0,0.0,3,0.0,161.0,35.0,19.8,0.34,0.9,117,80,13960.0,1,0.441
2026-06-10T23:00,0.0,0.0,0.0,0.0,0.0,0.0,2,0.0,181.0,50.0,21.1,0.75,1.4,184,56,13960.0,1,0.441
2026-06-11T00:00,0.0,0.0,0.0,0.0,0.0,0.0,3,0.0,183.0,120.0,22.3,0.85,2.5,270,81,13960.0,1,0.439
2026-06-11T01:00,0.0,0.0,0.0,0.0,0.0,0.0,3,10.0,150.0,190.0,24.0,0.8,3.4,266,100,15720.0,1,0.438
2026-06-11T02:00,0.0,0.0,0.0,0.0,0.0,0.0,3,10.0,100.0,245.0,25.0,0.97,3.4,249,100,15720.0,1,0.438
2026-06-11T03:00,0.0,0.0,0.0,0.0,0.0,0.0,3,30.0,121.0,405.0,26.9,0.97,3.8,249,86,17420.0,1,0.436
2026-06-11T04:00,0.0,0.0,0.0,0.0,0.0,0.0,3,50.0,59.0,1005.0,28.9,0.46,3.8,193,98,20200.0,1,0.434
2026-06-11T05:00,0.0,0.0,0.0,0.0,0.0,0.0,3,50.0,21.0,1390.0,29.7,0.76,3.6,148,98,20200.0,1,0.431
2026-06-11T06:00,0.0,0.0,0.0,0.0,0.0,0.0,3,50.0,10.0,1580.0,30.3,1.52,4.1,131,98,20200.0,1,0.429
2026-06-11T07:00,0.0,0.0,0.0,0.0,0.0,0.0,3,20.0,12.0,1425.0,30.0,2.66,6.3,118,95,20200.0,1,0.427
2026-06-11T08:00,0.0,0.0,0.0,0.0,0.0,0.0,3,40.0,5.0,1595.0,30.1,3.2,7.4,100,95,20220.0,1,0.424
2026-06-11T09:00,0.0,0.0,0.0,0.0,0.0,0.0,3,40.0,7.0,1265.0,29.3,3.13,7.4,83,84,20220.0,1,0.422
2026-06-11T10:00,0.0,0.0,0.0,0.0,0.0,0.0,3,40.0,3.0,1355.0,28.4,2.44,6.9,75,95,17440.0,1,0.421
2026-06-11T11:00,0.0,0.0,0.0,0.0,0.0,0.0,3,20.0,43.0,495.0,26.3,2.43,5.4,53,94,17460.0,1,0.421
2026-06-11T12:00,0.0,0.0,0.0,0.0,0.0,0.0,3,30.0,55.0,125.0,25.2,1.15,5.3,34,92,15760.0,0,0.41
2026-06-11T13:00,0.0,0.0,0.0,0.0,0.0,0.0,3,0.0,35.0,50.0,23.5,0.83,2.5,25,96,14000.0,0,0.411
2026-06-11T14:00,0.0,0.0,0.0,0.0,0.0,0.0,3,0.0,35.0,15.0,22.7,0.0,1.9,270,92,14000.0,0,0.412
2026-06-11T15:00,0.0,0.0,0.0,0.0,0.0,0.0,3,0.0,34.0,20.0,22.0,0.11,0.8,297,97,14000.0,0,0.413
2026-06-11T16:00,0.0,0.0,0.0,0.0,0.0,0.0,3,0.0,33.0,35.0,21.3,0.22,0.9,297,88,12100.0,0,0.414
2026-06-11T17:00,0.0,0.0,0.0,0.0,0.0,0.0,3,0.0,32.0,60.0,21.2,0.45,1.3,207,88,12100.0,0,0.415
2026-06-11T18:00,0.0,0.0,0.0,0.0,0.0,0.0,3,0.0,30.0,65.0,21.6,0.65,1.4,293,96,10380.0,0,0.419
2026-06-11T19:00,0.0,0.0,0.0,0.0,0.0,0.0,3,0.0,28.0,55.0,20.7,0.28,1.4,225,99,10380.0,0,0.42
2026-06-11T20:00,0.0,0.0,0.0,0.0,0.0,0.0,3,0.0,25.0,65.0,21.2,0.21,1.3,166,100,12100.0,0,0.421
2026-06-11T21:00,0.0,0.0,0.0,0.0,0.0,0.0,3,0.0,22.0,55.0,21.1,0.21,0.9,166,100,12120.0,0,0.421
2026-06-11T22:00,0.0,0.0,0.0,0.0,0.0,0.0,3,0.0,19.0,60.0,21.2,0.85,1.8,201,100,12120.0,1,0.422
2026-06-11T23:00,0.0,0.0,0.0,0.0,0.0,0.0,3,0.0,16.0,75.0,21.5,0.92,2.3,248,84,12120.0,1,0.423
2026-06-12T00:00,0.0,0.0,0.0,0.0,0.0,0.0,3,0.0,13.0,150.0,22.6,0.22,2.6,117,100,12120.0,1,0.418
2026-06-12T01:00,0.0,0.0,0.0,0.0,0.0,0.0,3,0.0,10.0,225.0,23.3,0.35,1.9,352,100,14040.0,1,0.418
2026-06-12T02:00,0.0,0.0,0.0,0.0,0.0,0.0,3,0.0,8.0,325.0,24.4,0.57,2.7,15,100,14040.0,1,0.418
2026-06-12T03:00,0.0,0.0,0.0,0.0,0.0,0.0,3,10.0,5.0,385.0,25.2,1.04,3.1,35,100,15800.0,1,0.418
2026-06-12T04:00,0.0,0.0,0.0,0.0,0.0,0.0,3,10.0,3.0,725.0,26.9,1.22,3.9,35,100,15820.0,1,0.417
2026-06-12T05:00,0.4,0.0,0.4,0.0,0.0,0.0,51,0.0,1.0,415.0,26.1,2.34,5.3,20,98,15820.0,1,0.419
2026-06-12T06:00,0.5,0.0,0.5,0.0,0.0,0.0,53,0.0,21.0,485.0,24.9,2.97,7.0,33,95,15820.0,1,0.414
2026-06-12T07:00,0.0,0.0,0.0,0.0,0.0,0.0,3,0.0,7.0,545.0,25.2,2.82,7.2,60,98,6440.0,1,0.414
2026-06-12T08:00,0.2,0.2,0.0,0.0,0.0,0.0,51,0.0,15.0,735.0,25.3,2.78,6.6,52,100,7560.0,1,0.414
2026-06-12T09:00,0.2,0.2,0.0,0.0,0.0,0.0,51,10.0,5.0,585.0,23.5,2.73,6.5,41,100,4780.0,1,0.416
2026-06-12T10:00,2.5,0.3,2.2,0.0,0.0,0.0,81,10.0,13.0,455.0,22.4,1.61,5.7,26,100,2260.0,1,0.446
2026-06-12T11:00,6.4,1.3,5.1,0.0,0.0,0.0,81,10.0,2.0,500.0,22.0,0.97,3.1,55,100,1600.0,1,0.506
2026-06-12T12:00,3.1,2.2,0.9,0.0,0.0,0.0,81,10.0,1.0,460.0,22.1,1.48,3.8,57,99,2220.0,0,0.472
2026-06-12T13:00,0.9,0.9,0.0,0.0,0.0,0.0,53,10.0,9.0,280.0,21.4,1.27,3.0,48,100,3720.0,0,0.482
2026-06-12T14:00,0.2,0.2,0.0,0.0,0.0,0.0,51,100.0,0.0,60.0,21.4,0.5,2.4,37,100,3360.0,0,0.483
2026-06-12T15:00,0.2,0.2,0.0,0.0,0.0,0.0,51,10.0,0.0,60.0,21.2,0.32,1.4,162,100,4200.0,0,0.484
2026-06-12T16:00,0.4,0.4,0.0,0.0,0.0,0.0,51,10.0,9.0,40.0,20.9,0.21,1.3,346,100,2240.0,0,0.487
2026-06-12T17:00,1.8,1.2,0.6,0.0,0.0,0.0,80,160.0,0.0,60.0,20.8,0.5,3.1,276,100,2140.0,0,0.507
2026-06-12T18:00,1.8,0.7,1.1,0.0,0.0,0.0,80,260.0,0.0,130.0,20.8,0.89,3.8,322,100,2180.0,0,0.512
2026-06-12T19:00,1.5,0.6,0.9,0.0,0.0,0.0,80,280.0,0.0,85.0,20.5,1.03,2.8,313,100,2460.0,0,0.515
2026-06-12T20:00,1.4,0.3,1.1,0.0,0.0,0.0,80,320.0,0.0,55.0,20.3,0.65,2.8,337,100,2500.0,0,0.516
2026-06-12T21:00,1.8,0.4,1.4,0.0,0.0,0.0,80,260.0,0.0,65.0,20.3,0.88,2.3,313,100,1880.0,0,0.52
2026-06-12T22:00,4.9,0.2,4.7,0.0,0.0,0.0,81,230.0,0.0,70.0,20.2,0.96,3.2,231,100,1900.0,1,0.51
2026-06-12T23:00,4.0,0.8,3.2,0.0,0.0,0.0,81,120.0,0.0,60.0,20.3,0.57,3.2,225,100,1980.0,1,0.514
2026-06-13T00:00,3.1,0.4,2.7,0.0,0.0,0.0,81,20.0,1.0,200.0,20.3,0.64,3.5,219,100,3780.0,1,0.509
2026-06-13T01:00,1.7,0.4,1.3,0.0,0.0,0.0,80,50.0,5.0,175.0,20.4,1.13,3.6,229,100,2560.0,1,0.509
2026-06-13T02:00,2.2,0.3,1.9,0.0,0.0,0.0,80,20.0,0.0,345.0,20.7,1.22,4.2,251,100,2080.0,1,0.509
2026-06-13T03:00,1.6,0.6,1.0,0.0,0.0,0.0,80,10.0,23.0,240.0,20.8,1.03,4.0,209,100,2880.0,1,0.509
2026-06-13T04:00,0.3,0.1,0.2,0.0,0.0,0.0,51,0.0,0.0,290.0,22.1,0.61,3.8,235,98,9700.0,1,0.507
2026-06-13T05:00,0.2,0.1,0.1,0.0,0.0,0.0,51,10.0,0.0,845.0,24.3,1.74,5.4,297,99,3780.0,1,0.505
2026-06-13T06:00,0.3,0.3,0.0,0.0,0.0,0.0,51,10.0,0.0,415.0,23.5,1.7,5.4,230,48,14120.0,1,0.503
2026-06-13T07:00,0.0,0.0,0.0,0.0,0.0,0.0,3,20.0,0.0,1235.0,26.1,1.29,5.6,216,80,15900.0,1,0.499
2026-06-13T08:00,0.0,0.0,0.0,0.0,0.0,0.0,2,20.0,0.0,635.0,26.5,1.59,4.8,204,68,15900.0,1,0.496
2026-06-13T09:00,0.0,0.0,0.0,0.0,0.0,0.0,0,10.0,1.0,375.0,26.6,1.35,4.8,211,5,15920.0,1,0.493
2026-06-13T10:00,0.0,0.0,0.0,0.0,0.0,0.0,0,10.0,2.0,270.0,26.9,1.37,3.9,246,3,15920.0,1,0.491
2026-06-13T11:00,0.0,0.0,0.0,0.0,0.0,0.0,0,0.0,27.0,10.0,25.6,0.21,3.3,14,13,14140.0,1,0.49
2026-06-13T12:00,0.0,0.0,0.0,0.0,0.0,0.0,0,0.0,35.0,55.0,23.4,1.26,1.0,83,1,12200.0,0,0.491
2026-06-13T13:00,0.0,0.0,0.0,0.0,0.0,0.0,0,0.0,40.0,45.0,21.7,1.32,3.0,115,5,8520.0,0,0.491
2026-06-13T14:00,0.0,0.0,0.0,0.0,0.0,0.0,0,0.0,51.0,30.0,20.7,1.01,2.8,99,1,5700.0,0,0.49
2026-06-13T15:00,0.0,0.0,0.0,0.0,0.0,0.0,0,0.0,51.0,30.0,20.0,0.92,2.2,103,0,5700.0,0,0.49
2026-06-13T16:00,0.0,0.0,0.0,0.0,0.0,0.0,3,0.0,48.0,25.0,19.4,0.81,2.0,97,100,260.0,0,0.49
2026-06-13T17:00,0.0,0.0,0.0,0.0,0.0,0.0,3,0.0,44.0,15.0,18.9,0.35,2.0,82,100,140.0,0,0.489
2026-06-13T18:00,0.0,0.0,0.0,0.0,0.0,0.0,3,0.0,67.0,10.0,19.4,0.25,0.9,37,100,100.0,0,0.489
2026-06-13T19:00,0.0,0.0,0.0,0.0,0.0,0.0,3,0.0,37.0,25.0,19.4,0.46,1.8,103,100,80.0,0,0.488
2026-06-13T20:00,0.0,0.0,0.0,0.0,0.0,0.0,3,0.0,33.0,30.0,19.4,0.65,2.2,94,100,80.0,0,0.488
2026-06-13T21:00,0.0,0.0,0.0,0.0,0.0,0.0,3,0.0,29.0,20.0,19.4,0.35,2.2,90,100,80.0,0,0.488
2026-06-13T22:00,0.0,0.0,0.0,0.0,0.0,0.0,3,0.0,25.0,15.0,19.5,0.18,1.8,56,100,100.0,1,0.487
2026-06-13T23:00,0.0,0.0,0.0,0.0,0.0,0.0,3,0.0,21.0,125.0,19.9,0.36,2.2,236,100,100.0,1,0.487
2026-06-14T00:00,0.0,0.0,0.0,0.0,0.0,0.0,3,0.0,134.0,190.0,20.8,0.32,2.6,288,100,280.0,1,0.491
2026-06-14T01:00,0.0,0.0,0.0,0.0,0.0,0.0,2,0.0,13.0,350.0,22.5,0.59,3.2,290,67,720.0,1,0.49
2026-06-14T02:00,0.0,0.0,0.0,0.0,0.0,0.0,0,0.0,48.0,420.0,24.8,0.62,3.8,284,19,920.0,1,0.488
2026-06-14T03:00,0.0,0.0,0.0,0.0,0.0,0.0,0,0.0,8.0,645.0,26.9,0.35,3.8,315,2,3160.0,1,0.485
2026-06-14T04:00,0.0,0.0,0.0,0.0,0.0,0.0,0,0.0,2.0,880.0,28.7,0.7,4.0,4,3,8280.0,1,0.481
2026-06-14T05:00,0.0,0.0,0.0,0.0,0.0,0.0,0,0.0,4.0,1085.0,29.9,0.7,4.0,356,4,17720.0,1,0.477
2026-06-14T06:00,0.0,0.0,0.0,0.0,0.0,0.0,0,0.0,27.0,1245.0,30.9,0.81,4.0,79,13,20540.0,1,0.476
2026-06-14T07:00,0.0,0.0,0.0,0.0,0.0,0.0,0,20.0,27.0,1315.0,31.3,1.03,4.1,67,8,17720.0,1,0.472
2026-06-14T08:00,0.0,0.0,0.0,0.0,0.0,0.0,0,50.0,22.0,1260.0,31.4,1.38,4.2,71,0,20560.0,1,0.469
2026-06-14T09:00,0.0,0.0,0.0,0.0,0.0,0.0,0,10.0,27.0,1010.0,31.0,2.34,5.5,74,0,20560.0,1,0.467
2026-06-14T10:00,0.0,0.0,0.0,0.0,0.0,0.0,0,0.0,27.0,645.0,29.8,2.36,5.8,96,0,17740.0,1,0.465
2026-06-14T11:00,0.0,0.0,0.0,0.0,0.0,0.0,0,0.0,66.0,130.0,27.4,1.72,5.1,120,0,16000.0,1,0.465
2026-06-14T12:00,0.0,0.0,0.0,0.0,0.0,0.0,0,10.0,84.0,40.0,25.1,1.26,3.7,108,0,14220.0,0,0.457
2026-06-14T13:00,0.0,0.0,0.0,0.0,0.0,0.0,0,0.0,146.0,30.0,23.6,1.09,3.0,106,14,12280.0,0,0.458
2026-06-14T14:00,0.0,0.0,0.0,0.0,0.0,0.0,3,0.0,162.0,20.0,22.5,0.81,2.8,97,94,8580.0,0,0.458
2026-06-14T15:00,0.0,0.0,0.0,0.0,0.0,0.0,1,0.0,177.0,15.0,23.3,0.16,2.3,72,32,10540.0,0,0.459
2026-06-14T16:00,0.0,0.0,0.0,0.0,0.0,0.0,1,0.0,22.0,15.0,22.6,0.22,1.1,333,24,8580.0,0,0.459
2026-06-14T17:00,0.0,0.0,0.0,0.0,0.0,0.0,2,0.0,15.0,10.0,22.0,0.11,0.9,117,74,8580.0,0,0.46
2026-06-14T18:00,0.0,0.0,0.0,0.0,0.0,0.0,2,0.0,10.0,15.0,22.7,0.16,0.8,198,64,8580.0,0,0.459
2026-06-14T19:00,0.0,0.0,0.0,0.0,0.0,0.0,1,0.0,7.0,10.0,22.4,0.14,1.1,135,40,8580.0,0,0.459
2026-06-14T20:00,0.0,0.0,0.0,0.0,0.0,0.0,1,0.0,5.0,35.0,22.2,0.65,1.7,113,45,10560.0,0,0.46
2026-06-14T21:00,0.0,0.0,0.0,0.0,0.0,0.0,1,0.0,3.0,45.0,21.8,1.01,2.5,99,48,8580.0,0,0.46
2026-06-14T22:00,0.0,0.0,0.0,0.0,0.0,0.0,1,0.0,2.0,70.0,21.7,1.27,3.1,99,47,8580.0,1,0.461
2026-06-14T23:00,0.0,0.0,0.0,0.0,0.0,0.0,0,0.0,1.0,345.0,23.1,2.2,4.6,93,9,10560.0,1,0.461
2026-06-15T00:00,0.0,0.0,0.0,0.0,0.0,0.0,0,0.0,1.0,585.0,24.8,2.1,5.9,62,2,14260.0,1,0.473
2026-06-15T01:00,0.0,0.0,0.0,0.0,0.0,0.0,1,0.0,1.0,880.0,26.3,3.27,7.6,61,28,14260.0,1,0.472
2026-06-15T02:00,0.0,0.0,0.0,0.0,0.0,0.0,1,0.0,2.0,1055.0,27.7,3.22,8.1,60,30,16060.0,1,0.469
2026-06-15T03:00,0.0,0.0,0.0,0.0,0.0,0.0,1,0.0,5.0,1150.0,28.7,2.84,7.8,56,21,17800.0,1,0.466
2026-06-15T04:00,0.0,0.0,0.0,0.0,0.0,0.0,0,0.0,4.0,1245.0,29.5,2.7,7.4,56,15,17820.0,1,0.462
2026-06-15T05:00,0.0,0.0,0.0,0.0,0.0,0.0,0,10.0,6.0,1340.0,30.4,2.3,7.1,66,8,17820.0,1,0.458
2026-06-15T06:00,0.0,0.0,0.0,0.0,0.0,0.0,0,10.0,9.0,1390.0,30.7,2.51,6.5,61,10,17820.0,1,0.455
2026-06-15T07:00,0.0,0.0,0.0,0.0,0.0,0.0,0,10.0,6.0,1460.0,30.9,2.63,6.8,69,9,17820.0,1,0.451
2026-06-15T08:00,0.0,0.0,0.0,0.0,0.0,0.0,0,0.0,5.0,1450.0,30.8,2.7,6.8,79,7,17820.0,1,0.448
2026-06-15T09:00,0.0,0.0,0.0,0.0,0.0,0.0,0,0.0,3.0,1315.0,30.2,2.85,6.7,87,3,17840.0,1,0.446
2026-06-15T10:00,0.0,0.0,0.0,0.0,0.0,0.0,0,0.0,2.0,1125.0,29.5,2.2,6.7,102,0,17840.0,1,0.444
2026-06-15T11:00,0.0,0.0,0.0,0.0,0.0,0.0,0,0.0,18.0,55.0,28.0,0.71,4.6,141,0,16100.0,1,0.444
2026-06-15T12:00,0.0,0.0,0.0,0.0,0.0,0.0,0,20.0,58.0,20.0,26.8,0.4,1.8,120,3,16100.0,0,0.445
2026-06-15T13:00,0.0,0.0,0.0,0.0,0.0,0.0,0,20.0,101.0,30.0,25.3,0.89,2.3,106,7,14300.0,0,0.445
2026-06-15T14:00,0.0,0.0,0.0,0.0,0.0,0.0,0,10.0,87.0,25.0,24.3,0.85,2.5,111,5,12340.0,0,0.445
2026-06-15T15:00,0.0,0.0,0.0,0.0,0.0,0.0,1,10.0,121.0,30.0,23.6,0.9,2.4,87,27,10600.0,0,0.446
2026-06-15T16:00,0.0,0.0,0.0,0.0,0.0,0.0,0,0.0,151.0,35.0,23.3,0.81,2.4,83,9,10600.0,0,0.446
2026-06-15T17:00,0.0,0.0,0.0,0.0,0.0,0.0,0,0.0,174.0,45.0,22.8,0.82,2.2,76,2,10600.0,0,0.447
2026-06-15T18:00,0.0,0.0,0.0,0.0,0.0,0.0,0,0.0,10.0,45.0,23.0,0.78,2.3,105,0,10600.0,0,0.447
2026-06-15T19:00,0.0,0.0,0.0,0.0,0.0,0.0,0,0.0,169.0,35.0,22.2,0.83,2.2,123,2,10600.0,0,0.447
2026-06-15T20:00,0.0,0.0,0.0,0.0,0.0,0.0,0,0.0,142.0,25.0,21.8,0.54,2.2,146,5,10600.0,0,0.447
2026-06-15T21:00,0.0,0.0,0.0,0.0,0.0,0.0,0,0.0,2.0,10.0,21.5,0.1,1.7,180,5,10620.0,0,0.448
2026-06-15T22:00,0.0,0.0,0.0,0.0,0.0,0.0,0,0.0,3.0,10.0,21.2,0.05,1.0,180,8,8640.0,1,0.448
2026-06-15T23:00,0.0,0.0,0.0,0.0,0.0,0.0,0,0.0,7.0,70.0,22.5,0.07,1.3,225,0,8640.0,1,0.448
2026-06-16T00:00,0.0,0.0,0.0,0.0,0.0,0.0,0,0.0,2.0,420.0,24.9,0.66,2.1,81,2,14340.0,1,0.449
2026-06-16T01:00,0.0,0.0,0.0,0.0,0.0,0.0,0,0.0,0.0,705.0,26.6,1.17,4.1,59,1,14340.0,1,0.448
2026-06-16T02:00,0.0,0.0,0.0,0.0,0.0,0.0,1,0.0,0.0,1070.0,28.2,1.55,5.0,69,23,16140.0,1,0.446
2026-06-16T03:00,0.0,0.0,0.0,0.0,0.0,0.0,1,0.0,0.0,1275.0,29.4,1.41,5.0,73,22,17900.0,1,0.443
2026-06-16T04:00,0.0,0.0,0.0,0.0,0.0,0.0,1,0.0,0.0,1460.0,30.4,1.41,4.8,67,27,17920.0,1,0.439
2026-06-16T05:00,0.0,0.0,0.0,0.0,0.0,0.0,0,0.0,0.0,1590.0,31.2,1.41,4.9,63,13,20780.0,1,0.436
2026-06-16T06:00,0.0,0.0,0.0,0.0,0.0,0.0,1,0.0,0.0,1705.0,31.5,1.79,5.0,67,30,20780.0,1,0.431
2026-06-16T07:00,0.0,0.0,0.0,0.0,0.0,0.0,1,0.0,49.0,1660.0,31.6,1.85,5.3,87,35,20780.0,1,0.428
2026-06-16T08:00,0.0,0.0,0.0,0.0,0.0,0.0,1,0.0,59.0,1825.0,31.9,1.8,5.2,93,31,20780.0,1,0.426
2026-06-16T09:00,0.0,0.0,0.0,0.0,0.0,0.0,0,0.0,67.0,1580.0,31.3,2.23,5.2,106,5,20800.0,1,0.423
2026-06-16T10:00,0.0,0.0,0.0,0.0,0.0,0.0,0,0.0,74.0,530.0,30.1,2.22,5.5,104,1,20800.0,1,0.422
2026-06-16T11:00,0.0,0.0,0.0,0.0,0.0,0.0,0,0.0,36.0,190.0,28.1,1.37,4.8,80,9,17940.0,1,0.422
2026-06-16T12:00,0.0,0.0,0.0,0.0,0.0,0.0,0,0.0,68.0,75.0,27.0,1.4,3.3,92,4,16180.0,0,0.398
2026-06-16T13:00,0.0,0.0,0.0,0.0,0.0,0.0,0,0.0,19.0,45.0,25.7,1.22,3.4,99,3,16200.0,0,0.399
2026-06-16T14:00,0.0,0.0,0.0,0.0,0.0,0.0,0,0.0,16.0,30.0,24.7,0.96,3.1,99,2,14380.0,0,0.4
2026-06-16T15:00,0.0,0.0,0.0,0.0,0.0,0.0,0,0.0,122.0,25.0,24.0,0.87,2.5,103,5,14380.0,0,0.401
2026-06-16T16:00,0.0,0.0,0.0,0.0,0.0,0.0,0,0.0,89.0,15.0,23.7,0.27,2.2,112,7,14380.0,0,0.402
2026-06-16T17:00,0.0,0.0,0.0,0.0,0.0,0.0,0,0.0,51.0,10.0,23.4,0.11,1.2,117,15,12420.0,0,0.403
2026-06-16T18:00,0.0,0.0,0.0,0.0,0.0,0.0,0,0.0,22.0,25.0,23.3,0.51,1.1,79,2,12420.0,0,0.409
2026-06-16T19:00,0.0,0.0,0.0,0.0,0.0,0.0,1,0.0,14.0,25.0,22.6,0.65,1.9,113,38,10680.0,0,0.41
2026-06-16T20:00,0.0,0.0,0.0,0.0,0.0,0.0,1,0.0,16.0,15.0,22.3,0.34,1.7,117,49,10680.0,0,0.411
2026-06-16T21:00,0.0,0.0,0.0,0.0,0.0,0.0,1,0.0,17.0,15.0,21.9,0.3,1.2,81,27,8700.0,0,0.411
2026-06-16T22:00,0.0,0.0,0.0,0.0,0.0,0.0,1,0.0,14.0,15.0,21.7,0.16,1.0,108,38,8700.0,1,0.412
2026-06-16T23:00,0.0,0.0,0.0,0.0,0.0,0.0,0,0.0,11.0,75.0,23.2,0.49,1.9,135,2,10680.0,1,0.413
2026-06-17T00:00,0.0,0.0,0.0,0.0,0.0,0.0,1,10.0,23.0,270.0,25.5,0.95,2.7,90,26,14420.0,1,0.412
2026-06-17T01:00,0.0,0.0,0.0,0.0,0.0,0.0,0,20.0,19.0,470.0,27.4,0.9,3.6,71,5,14420.0,1,0.411
2026-06-17T02:00,0.0,0.0,0.0,0.0,0.0,0.0,0,20.0,6.0,900.0,29.1,0.94,4.0,65,18,16240.0,1,0.41
2026-06-17T03:00,0.0,0.0,0.0,0.0,0.0,0.0,1,10.0,1.0,1355.0,30.6,0.79,4.0,72,34,18020.0,1,0.407
2026-06-17T04:00,0.0,0.0,0.0,0.0,0.0,0.0,1,10.0,0.0,1600.0,31.9,0.69,3.9,30,47,18020.0,1,0.405
2026-06-17T05:00,0.0,0.0,0.0,0.0,0.0,0.0,2,60.0,53.0,1700.0,32.6,1.55,5.0,21,73,20900.0,1,0.402
2026-06-17T06:00,0.0,0.0,0.0,0.0,0.0,0.0,3,10.0,68.0,1755.0,32.4,2.58,5.5,32,99,20900.0,1,0.399
2026-06-17T07:00,0.0,0.0,0.0,0.0,0.0,0.0,3,0.0,44.0,1405.0,31.8,2.8,6.7,66,100,18040.0,1,0.397
2026-06-17T08:00,0.0,0.0,0.0,0.0,0.0,0.0,2,0.0,36.0,1105.0,31.0,2.91,6.9,94,61,17820.0,1,0.395
2026-06-17T09:00,0.0,0.0,0.0,0.0,0.0,0.0,2,10.0,13.0,660.0,30.7,2.36,6.8,103,63,18040.0,1,0.394
2026-06-17T10:00,0.0,0.0,0.0,0.0,0.0,0.0,1,110.0,48.0,710.0,30.8,1.9,5.5,87,36,18040.0,1,0.393
2026-06-17T11:00,0.0,0.0,0.0,0.0,0.0,0.0,1,180.0,48.0,240.0,29.4,1.95,4.2,87,38,16280.0,1,0.393
2026-06-17T12:00,0.0,0.0,0.0,0.0,0.0,0.0,3,1030.0,48.0,50.0,27.9,1.23,4.4,78,88,14460.0,0,0.384
2026-06-17T13:00,0.0,0.0,0.0,0.0,0.0,0.0,2,800.0,71.0,50.0,27.3,1.3,3.0,92,64,14460.0,0,0.385
2026-06-17T14:00,0.0,0.0,0.0,0.0,0.0,0.0,1,220.0,99.0,55.0,26.7,1.25,3.3,95,26,14460.0,0,0.386
2026-06-17T15:00,0.0,0.0,0.0,0.0,0.0,0.0,1,50.0,120.0,45.0,26.3,1.06,3.2,98,41,14460.0,0,0.386
2026-06-17T16:00,0.0,0.0,0.0,0.0,0.0,0.0,1,30.0,142.0,35.0,25.8,0.95,2.9,87,28,14480.0,0,0.387
2026-06-17T17:00,0.0,0.0,0.0,0.0,0.0,0.0,3,0.0,132.0,30.0,25.3,0.76,2.6,98,100,14480.0,0,0.388
2026-06-17T18:00,0.0,0.0,0.0,0.0,0.0,0.0,2,280.0,9.0,305.0,26.4,1.26,2.5,108,63,9180.0,0,0.383
2026-06-17T19:00,0.0,0.0,0.0,0.0,0.0,0.0,3,350.0,12.0,175.0,25.6,1.57,3.6,99,96,12500.0,0,0.384
2026-06-17T20:00,0.0,0.0,0.0,0.0,0.0,0.0,2,340.0,21.0,165.0,25.4,2.2,4.6,78,72,10260.0,0,0.385
2026-06-17T21:00,0.0,0.0,0.0,0.0,0.0,0.0,3,460.0,15.0,140.0,24.7,1.6,4.7,76,97,10740.0,0,0.386
2026-06-17T22:00,0.0,0.0,0.0,0.0,0.0,0.0,3,490.0,5.0,110.0,24.6,1.65,3.5,90,99,4740.0,1,0.386
2026-06-17T23:00,0.3,0.2,0.1,0.0,0.0,0.0,51,500.0,4.0,140.0,25.1,1.2,4.6,95,92,4320.0,1,0.39
2026-06-18T00:00,2.5,0.5,2.0,0.0,0.0,0.0,95,860.0,4.0,260.0,26.0,1.56,4.4,83,98,7860.0,1,0.409
2026-06-18T01:00,0.1,0.0,0.1,0.0,0.0,0.0,51,990.0,0.0,540.0,27.3,1.56,5.4,97,95,6480.0,1,0.409
2026-06-18T02:00,0.1,0.0,0.1,0.0,0.0,0.0,51,1480.0,0.0,810.0,28.9,1.91,6.5,137,100,8080.0,1,0.409
2026-06-18T03:00,0.2,0.1,0.1,0.0,0.0,0.0,51,1460.0,0.0,940.0,30.0,1.19,6.6,123,100,7480.0,1,0.409
2026-06-18T04:00,0.2,0.1,0.1,0.0,0.0,0.0,51,1540.0,0.0,1040.0,30.4,1.19,4.8,75,100,5380.0,1,0.41
2026-06-18T05:00,1.2,0.3,0.9,0.0,0.0,0.0,95,1180.0,9.0,410.0,28.2,2.78,6.0,82,98,3080.0,1,0.42
2026-06-18T06:00,3.0,0.2,2.8,0.0,0.0,0.0,95,710.0,2.0,255.0,27.2,1.75,7.3,88,99,1960.0,1,0.497
2026-06-18T07:00,2.5,2.0,0.5,0.0,0.0,0.0,81,1300.0,1.0,470.0,27.5,2.24,5.2,151,99,1700.0,1,0.515
2026-06-18T08:00,2.9,1.7,1.2,0.0,0.0,0.0,95,1300.0,4.0,165.0,26.6,0.43,5.2,54,100,3280.0,1,0.51
2026-06-18T09:00,1.2,0.6,0.6,0.0,0.0,0.0,55,880.0,8.0,185.0,26.3,1.51,3.9,56,100,2280.0,1,0.514
2026-06-18T10:00,1.3,0.7,0.6,0.0,0.0,0.0,80,1010.0,4.0,210.0,26.2,1.26,4.0,97,98,2180.0,1,0.513
2026-06-18T11:00,0.4,0.3,0.1,0.0,0.0,0.0,51,830.0,7.0,170.0,25.9,1.35,3.4,86,99,2660.0,1,0.509
2026-06-18T12:00,2.7,0.1,2.6,0.0,0.0,0.0,95,920.0,0.0,85.0,25.3,0.88,3.7,47,99,2200.0,0,0.51
2026-06-18T13:00,1.1,0.7,0.4,0.0,0.0,0.0,55,860.0,5.0,55.0,25.1,0.61,2.3,81,100,2340.0,0,0.517
2026-06-18T14:00,0.5,0.3,0.2,0.0,0.0,0.0,53,890.0,3.0,55.0,25.1,0.65,2.0,94,99,3120.0,0,0.515
2026-06-18T15:00,0.7,0.1,0.6,0.0,0.0,0.0,53,610.0,2.0,125.0,25.0,0.96,2.8,171,94,4200.0,0,0.515
2026-06-18T16:00,0.1,0.1,0.0,0.0,0.0,0.0,51,550.0,2.0,50.0,24.6,0.71,2.5,172,77,4460.0,0,0.512
2026-06-18T17:00,0.3,0.2,0.1,0.0,0.0,0.0,51,510.0,0.0,185.0,24.3,1.02,3.1,169,91,2740.0,0,0.512
2026-06-18T18:00,0.4,0.4,0.0,0.0,0.0,0.0,51,290.0,4.0,55.0,24.7,1.3,3.1,152,53,4440.0,0,0.512
2026-06-18T19:00,0.0,0.0,0.0,0.0,0.0,0.0,2,250.0,13.0,55.0,24.3,0.93,2.7,144,53,5140.0,0,0.509
2026-06-18T20:00,0.0,0.0,0.0,0.0,0.0,0.0,3,270.0,21.0,45.0,24.3,0.74,2.3,138,90,7520.0,0,0.507
2026-06-18T21:00,0.0,0.0,0.0,0.0,0.0,0.0,1,260.0,29.0,20.0,24.6,0.3,2.0,99,30,7780.0,0,0.504
2026-06-18T22:00,0.0,0.0,0.0,0.0,0.0,0.0,3,250.0,21.0,10.0,24.3,0.07,1.2,45,99,6060.0,1,0.503
2026-06-18T23:00,0.1,0.1,0.0,0.0,0.0,0.0,51,280.0,2.0,70.0,24.6,0.9,2.0,124,100,4020.0,1,0.502
2026-06-19T00:00,0.2,0.1,0.1,0.0,0.0,0.0,51,1070.0,0.0,210.0,25.6,0.87,3.0,211,100,5200.0,1,0.514
2026-06-19T01:00,0.1,0.1,0.0,0.0,0.0,0.0,51,1210.0,0.0,180.0,25.8,0.91,2.9,276,91,5060.0,1,0.51
2026-06-19T02:00,0.4,0.4,0.0,0.0,0.0,0.0,51,1410.0,1.0,355.0,27.4,1.23,4.4,282,98,3720.0,1,0.509
2026-06-19T03:00,0.3,0.1,0.2,0.0,0.0,0.0,51,1670.0,0.0,590.0,28.1,0.88,4.5,313,100,6380.0,1,0.508
2026-06-19T04:00,0.1,0.0,0.1,0.0,0.0,0.0,51,1580.0,2.0,450.0,28.5,0.65,3.7,203,95,8300.0,1,0.506
2026-06-19T05:00,0.1,0.0,0.1,0.0,0.0,0.0,51,2090.0,0.0,1055.0,30.9,0.43,4.8,126,98,8500.0,1,0.501
2026-06-19T06:00,0.1,0.1,0.0,0.0,0.0,0.0,51,1440.0,0.0,1090.0,30.7,0.25,4.3,281,100,6760.0,1,0.507
2026-06-19T07:00,0.1,0.0,0.1,0.0,0.0,0.0,51,1500.0,0.0,1075.0,31.1,0.82,4.4,142,92,9440.0,1,0.504
2026-06-19T08:00,0.2,0.1,0.1,0.0,0.0,0.0,51,1570.0,7.0,665.0,30.5,1.46,4.8,106,100,6180.0,1,0.502
2026-06-19T09:00,0.1,0.1,0.0,0.0,0.0,0.0,51,1850.0,10.0,485.0,30.4,2.22,5.2,76,100,9580.0,1,0.5
2026-06-19T10:00,0.1,0.1,0.0,0.0,0.0,0.0,51,1820.0,10.0,370.0,29.1,1.88,5.8,163,98,7960.0,1,0.498
2026-06-19T11:00,0.1,0.1,0.0,0.0,0.0,0.0,51,1320.0,22.0,190.0,27.6,1.92,5.0,152,90,5760.0,1,0.497
2026-06-19T12:00,0.1,0.1,0.0,0.0,0.0,0.0,51,1810.0,10.0,95.0,27.6,1.37,4.3,123,94,11680.0,0,0.488
2026-06-19T13:00,0.0,0.0,0.0,0.0,0.0,0.0,3,1730.0,18.0,50.0,26.4,1.21,3.0,128,88,8520.0,0,0.488
2026-06-19T14:00,0.0,0.0,0.0,0.0,0.0,0.0,2,1560.0,26.0,30.0,25.7,0.75,2.6,143,67,8300.0,0,0.488
2026-06-19T15:00,0.0,0.0,0.0,0.0,0.0,0.0,1,1470.0,28.0,30.0,25.2,0.72,1.7,115,47,5860.0,0,0.487
2026-06-19T16:00,0.0,0.0,0.0,0.0,0.0,0.0,1,1400.0,34.0,20.0,24.8,0.45,1.7,84,32,4940.0,0,0.487
2026-06-19T17:00,0.0,0.0,0.0,0.0,0.0,0.0,3,1280.0,32.0,30.0,24.6,0.73,1.6,106,100,220.0,0,0.487
2026-06-19T18:00,0.0,0.0,0.0,0.0,0.0,0.0,3,1770.0,19.0,35.0,24.9,1.45,2.0,92,100,120.0,0,0.485
2026-06-19T19:00,0.0,0.0,0.0,0.0,0.0,0.0,3,1620.0,17.0,40.0,24.5,1.31,2.7,97,100,100.0,0,0.485
2026-06-19T20:00,0.0,0.0,0.0,0.0,0.0,0.0,3,1380.0,3.0,95.0,24.3,1.46,3.3,96,100,100.0,0,0.485
2026-06-19T21:00,0.6,0.1,0.5,0.0,0.0,0.0,53,1210.0,2.0,105.0,24.3,1.7,3.5,93,95,680.0,0,0.49
2026-06-19T22:00,2.0,0.6,1.4,0.0,0.0,0.0,95,800.0,0.0,215.0,23.8,2.06,4.0,86,96,1920.0,1,0.512
2026-06-19T23:00,3.6,0.5,3.1,0.0,0.0,0.0,81,60.0,107.0,210.0,23.7,1.52,4.1,9,97,1380.0,1,0.517
2026-06-20T00:00,7.6,2.2,5.4,0.0,0.0,0.0,96,1510.0,0.0,310.0,25.9,1.91,4.1,85,57,3980.0,1,0.51
2026-06-20T01:00,0.8,0.4,0.4,0.0,0.0,0.0,53,970.0,0.0,385.0,26.3,1.95,5.2,90,79,5280.0,1,0.511
2026-06-20T02:00,0.1,0.0,0.1,0.0,0.0,0.0,51,1490.0,0.0,565.0,27.8,2.06,5.7,67,82,8240.0,1,0.507
2026-06-20T03:00,0.1,0.0,0.1,0.0,0.0,0.0,51,1580.0,0.0,840.0,29.3,2.02,5.9,57,100,5040.0,1,0.503
2026-06-20T04:00,0.4,0.1,0.3,0.0,0.0,0.0,51,1350.0,0.0,980.0,30.1,2.17,6.0,75,100,5440.0,1,0.503
2026-06-20T05:00,5.4,0.0,5.4,0.0,0.0,0.0,95,930.0,1.0,355.0,26.5,3.47,8.6,75,99,1900.0,1,0.514
2026-06-20T06:00,2.6,1.7,0.9,0.0,0.0,0.0,81,910.0,3.0,350.0,26.8,1.96,8.3,84,96,2200.0,1,0.515
2026-06-20T07:00,1.0,0.9,0.1,0.0,0.0,0.0,55,1660.0,2.0,625.0,28.1,2.0,5.2,77,77,5420.0,1,0.511
2026-06-20T08:00,0.6,0.2,0.4,0.0,0.0,0.0,53,840.0,3.0,540.0,27.8,3.08,7.0,82,87,2800.0,1,0.511
2026-06-20T09:00,0.7,0.6,0.1,0.0,0.0,0.0,53,1210.0,6.0,345.0,27.0,2.88,7.3,73,78,5220.0,1,0.51
2026-06-20T10:00,0.2,0.2,0.0,0.0,0.0,0.0,51,1030.0,6.0,450.0,27.1,2.8,6.5,80,83,6680.0,1,0.508
2026-06-20T11:00,0.3,0.3,0.0,0.0,0.0,0.0,51,930.0,3.0,460.0,26.1,2.65,6.2,90,94,3380.0,1,0.507
2026-06-20T12:00,0.8,0.5,0.3,0.0,0.0,0.0,53,720.0,2.0,135.0,24.9,1.58,5.6,55,100,2240.0,0,0.501
2026-06-20T13:00,4.7,0.0,4.7,0.0,0.0,0.0,95,540.0,0.0,170.0,24.5,2.04,4.3,59,100,1780.0,0,0.51
2026-06-20T14:00,5.1,0.1,5.0,0.0,0.0,0.0,95,520.0,0.0,155.0,24.4,1.49,4.1,50,100,2280.0,0,0.509
2026-06-20T15:00,1.5,0.0,1.5,0.0,0.0,0.0,95,580.0,0.0,150.0,24.4,1.32,3.0,65,90,2680.0,0,0.509
2026-06-20T16:00,0.6,0.1,0.5,0.0,0.0,0.0,53,450.0,1.0,125.0,24.4,0.67,2.8,77,98,2100.0,0,0.508
2026-06-20T17:00,0.2,0.2,0.0,0.0,0.0,0.0,51,340.0,1.0,115.0,24.4,1.06,2.8,82,100,1440.0,0,0.508
2026-06-20T18:00,0.2,0.2,0.0,0.0,0.0,0.0,51,410.0,2.0,135.0,24.5,1.66,2.6,74,94,3500.0,0,0.501
2026-06-20T19:00,0.7,0.1,0.6,0.0,0.0,0.0,53,330.0,0.0,105.0,24.0,1.67,3.4,81,100,2160.0,0,0.507
2026-06-20T20:00,0.9,0.2,0.7,0.0,0.0,0.0,53,350.0,0.0,205.0,24.1,1.81,3.7,85,100,2640.0,0,0.508
2026-06-20T21:00,0.5,0.2,0.3,0.0,0.0,0.0,53,320.0,4.0,210.0,23.9,1.92,4.0,81,100,3620.0,0,0.508
2026-06-20T22:00,0.3,0.3,0.0,0.0,0.0,0.0,51,300.0,1.0,150.0,23.8,1.61,3.9,83,99,3420.0,1,0.507
2026-06-20T23:00,0.3,0.3,0.0,0.0,0.0,0.0,51,160.0,0.0,150.0,23.9,1.62,3.5,81,98,3540.0,1,0.507
2026-06-21T00:00,0.2,0.2,0.0,0.0,0.0,0.0,51,610.0,1.0,175.0,25.0,1.02,3.6,101,100,4920.0,1,0.503
2026-06-21T01:00,0.1,0.0,0.1,0.0,0.0,0.0,51,900.0,0.0,370.0,25.8,1.03,3.6,119,100,6500.0,1,0.503
2026-06-21T02:00,0.1,0.1,0.0,0.0,0.0,0.0,51,900.0,0.0,200.0,25.6,0.82,3.5,104,100,4400.0,1,0.501
2026-06-21T03:00,0.2,0.2,0.0,0.0,0.0,0.0,51,900.0,0.0,315.0,25.9,1.0,3.2,127,97,6860.0,1,0.501
2026-06-21T04:00,0.1,0.0,0.1,0.0,0.0,0.0,51,1170.0,0.0,635.0,28.8,1.6,5.3,141,98,6320.0,1,0.5
2026-06-21T05:00,0.9,0.5,0.4,0.0,0.0,0.0,53,1110.0,2.0,875.0,30.3,2.18,6.1,164,90,3460.0,1,0.502
2026-06-21T06:00,0.2,0.1,0.1,0.0,0.0,0.0,51,930.0,0.0,1065.0,30.7,1.39,7.2,150,85,11780.0,1,0.497
2026-06-21T07:00,0.0,0.0,0.0,0.0,0.0,0.0,2,1380.0,0.0,1015.0,31.3,2.48,7.5,146,55,4380.0,1,0.493
2026-06-21T08:00,3.4,0.9,2.5,0.0,0.0,0.0,96,1930.0,4.0,470.0,28.0,2.98,8.0,157,75,2820.0,1,0.514
2026-06-21T09:00,2.9,0.7,2.2,0.0,0.0,0.0,96,2180.0,6.0,150.0,27.9,0.96,6.2,39,98,1900.0,1,0.51
2026-06-21T10:00,5.3,0.6,4.7,0.0,0.0,0.0,96,1680.0,10.0,105.0,26.9,1.52,4.9,27,91,3680.0,1,0.509
2026-06-21T11:00,1.1,1.0,0.1,0.0,0.0,0.0,55,2240.0,2.0,60.0,26.4,0.5,4.6,84,97,2200.0,1,0.508
2026-06-21T12:00,1.3,0.8,0.5,0.0,0.0,0.0,95,3700.0,10.0,75.0,27.2,1.18,4.1,54,98,5780.0,0,0.504
2026-06-21T13:00,0.9,0.5,0.4,0.0,0.0,0.0,95,2650.0,8.0,45.0,26.4,0.51,3.8,29,98,2260.0,0,0.504
2026-06-21T14:00,0.5,0.5,0.0,0.0,0.0,0.0,53,2110.0,8.0,55.0,25.9,1.06,3.3,19,94,4100.0,0,0.504
2026-06-21T15:00,1.8,0.1,1.7,0.0,0.0,0.0,96,1690.0,0.0,65.0,25.1,1.46,4.6,354,99,1740.0,0,0.504
2026-06-21T16:00,1.7,0.1,1.6,0.0,0.0,0.0,95,1120.0,10.0,70.0,24.9,1.64,4.5,38,99,3660.0,0,0.505
2026-06-21T17:00,0.2,0.2,0.0,0.0,0.0,0.0,51,1070.0,17.0,45.0,24.9,1.12,3.0,69,95,4360.0,0,0.505
2026-06-21T18:00,1.5,0.0,1.5,0.0,0.0,0.0,95,1190.0,0.0,45.0,25.0,0.62,4.5,76,100,2080.0,0,0.505
2026-06-21T19:00,5.4,0.1,5.3,0.0,0.0,0.0,96,1160.0,0.0,35.0,24.7,0.6,4.4,48,99,2500.0,0,0.505
2026-06-21T20:00,0.9,0.8,0.1,0.0,0.0,0.0,53,1210.0,0.0,25.0,24.8,0.47,2.6,58,100,2540.0,0,0.505
2026-06-21T21:00,1.0,1.0,0.0,0.0,0.0,0.0,55,1210.0,0.0,10.0,24.9,0.16,2.3,342,100,2420.0,0,0.505
2026-06-21T22:00,1.1,1.1,0.0,0.0,0.0,0.0,55,1000.0,0.0,30.0,24.7,0.61,2.3,99,100,2540.0,1,0.505
2026-06-21T23:00,0.9,0.9,0.0,0.0,0.0,0.0,53,1120.0,1.0,40.0,25.1,0.63,2.9,61,99,2520.0,1,0.505
2026-06-22T00:00,1.5,0.7,0.8,0.0,0.0,0.0,95,1240.0,1.0,350.0,26.0,1.3,5.2,242,98,2360.0,1,0.505
2026-06-22T01:00,1.3,0.9,0.4,0.0,0.0,0.0,80,1250.0,7.0,210.0,26.6,0.67,5.3,207,99,3760.0,1,0.505
2026-06-22T02:00,0.4,0.1,0.3,0.0,0.0,0.0,95,1800.0,3.0,385.0,27.4,0.81,4.4,173,100,5000.0,1,0.505
2026-06-22T03:00,0.5,0.0,0.5,0.0,0.0,0.0,95,2630.0,0.0,630.0,28.3,0.74,4.3,118,99,5140.0,1,0.505
2026-06-22T04:00,2.2,0.0,2.2,0.0,0.0,0.0,96,2760.0,0.0,260.0,27.9,0.92,5.6,119,100,3220.0,1,0.505
2026-06-22T05:00,3.1,0.0,3.1,0.0,0.0,0.0,96,2720.0,0.0,230.0,27.7,0.86,5.6,54,99,2360.0,1,0.505
2026-06-22T06:00,3.3,1.1,2.2,0.0,0.0,0.0,96,2220.0,0.0,180.0,26.9,0.14,5.2,225,100,2060.0,1,0.51
2026-06-22T07:00,1.6,0.8,0.8,0.0,0.0,0.0,95,2360.0,2.0,120.0,26.8,0.92,3.8,68,99,3780.0,1,0.504
2026-06-22T08:00,0.3,0.2,0.1,0.0,0.0,0.0,51,2020.0,2.0,185.0,27.2,1.17,4.7,50,99,5060.0,1,0.504
2026-06-22T09:00,1.8,0.0,1.8,0.0,0.0,0.0,96,1840.0,1.0,120.0,26.6,0.91,5.0,84,100,4040.0,1,0.504
2026-06-22T10:00,3.8,0.5,3.3,0.0,0.0,0.0,95,590.0,0.0,340.0,25.4,2.86,5.2,65,100,2940.0,1,0.504
2026-06-22T11:00,0.5,0.4,0.1,0.0,0.0,0.0,53,490.0,0.0,385.0,23.9,4.51,9.1,59,100,3600.0,1,0.504
2026-06-22T12:00,0.4,0.2,0.2,0.0,0.0,0.0,51,520.0,2.0,425.0,23.4,3.52,9.0,55,100,3860.0,0,0.504
2026-06-22T13:00,0.2,0.1,0.1,0.0,0.0,0.0,51,390.0,2.0,415.0,22.3,3.54,7.8,48,100,4440.0,0,0.503
2026-06-22T14:00,0.2,0.2,0.0,0.0,0.0,0.0,51,320.0,2.0,480.0,21.8,3.09,7.3,56,100,4120.0,0,0.503
2026-06-22T15:00,0.3,0.3,0.0,0.0,0.0,0.0,51,270.0,4.0,500.0,21.5,2.84,6.4,62,100,4160.0,0,0.503
2026-06-22T16:00,0.3,0.3,0.0,0.0,0.0,0.0,51,250.0,4.0,505.0,21.1,2.86,6.5,54,100,4440.0,0,0.504
2026-06-22T17:00,0.8,0.2,0.6,0.0,0.0,0.0,53,370.0,2.0,450.0,20.9,2.62,6.1,50,100,3060.0,0,0.504
2026-06-22T18:00,4.9,0.0,4.9,0.0,0.0,0.0,81,200.0,4.0,460.0,21.1,2.62,5.6,61,100,1560.0,0,0.504
2026-06-22T19:00,8.9,0.7,8.2,0.0,0.0,0.0,82,120.0,11.0,395.0,20.5,3.28,6.7,52,100,1620.0,0,0.504
2026-06-22T20:00,1.8,1.3,0.5,0.0,0.0,0.0,80,200.0,7.0,405.0,20.2,2.65,6.7,58,99,3220.0,0,0.504
2026-06-22T21:00,1.8,0.5,1.3,0.0,0.0,0.0,80,280.0,10.0,430.0,20.0,2.64,5.9,61,100,2460.0,0,0.503
2026-06-22T22:00,0.7,0.7,0.0,0.0,0.0,0.0,53,260.0,3.0,425.0,20.0,2.57,5.7,61,100,3520.0,1,0.503
2026-06-22T23:00,1.1,0.1,1.0,0.0,0.0,0.0,55,180.0,2.0,475.0,20.3,2.62,5.9,64,100,2820.0,1,0.503
2026-06-23T00:00,5.6,0.0,5.6,0.0,0.0,0.0,81,50.0,1.0,450.0,20.4,2.27,6.0,49,100,1980.0,1,0.5
2026-06-23T01:00,1.7,0.6,1.1,0.0,0.0,0.0,80,270.0,0.0,460.0,20.5,1.49,5.6,50,100,2040.0,1,0.503
2026-06-23T02:00,3.4,1.6,1.8,0.0,0.0,0.0,81,280.0,2.0,520.0,21.0,1.38,4.1,49,100,1760.0,1,0.503
2026-06-23T03:00,3.3,1.3,2.0,0.0,0.0,0.0,81,260.0,0.0,540.0,21.4,1.86,4.7,66,100,2320.0,1,0.503
2026-06-23T04:00,1.5,1.2,0.3,0.0,0.0,0.0,80,190.0,0.0,430.0,21.9,2.4,5.4,59,100,3000.0,1,0.503
2026-06-23T05:00,0.7,0.7,0.0,0.0,0.0,0.0,53,170.0,1.0,450.0,22.9,2.38,6.9,60,100,4580.0,1,0.503
2026-06-23T06:00,0.3,0.3,0.0,0.0,0.0,0.0,51,10.0,7.0,640.0,23.4,3.02,7.4,66,100,4300.0,1,0.514
2026-06-23T07:00,0.5,0.5,0.0,0.0,0.0,0.0,53,10.0,18.0,505.0,22.9,2.53,6.6,65,100,4040.0,1,0.503
2026-06-23T08:00,0.4,0.4,0.0,0.0,0.0,0.0,51,0.0,7.0,540.0,23.5,2.95,6.8,62,100,4980.0,1,0.503
2026-06-23T09:00,0.2,0.2,0.0,0.0,0.0,0.0,51,0.0,7.0,485.0,23.5,2.23,6.8,70,100,6600.0,1,0.503
2026-06-23T10:00,0.1,0.1,0.0,0.0,0.0,0.0,51,0.0,2.0,420.0,23.2,2.29,5.1,70,100,7260.0,1,0.502
2026-06-23T11:00,0.0,0.0,0.0,0.0,0.0,0.0,3,0.0,10.0,425.0,22.9,2.22,5.0,67,100,9420.0,1,0.5
2026-06-23T12:00,0.0,0.0,0.0,0.0,0.0,0.0,3,30.0,34.0,455.0,22.6,2.11,4.7,76,100,11120.0,0,0.498
2026-06-23T13:00,0.0,0.0,0.0,0.0,0.0,0.0,3,10.0,10.0,460.0,22.1,2.2,4.7,69,100,11120.0,0,0.496
2026-06-23T14:00,0.0,0.0,0.0,0.0,0.0,0.0,3,10.0,8.0,485.0,22.0,2.0,4.7,68,100,9220.0,0,0.495
2026-06-23T15:00,0.0,0.0,0.0,0.0,0.0,0.0,3,10.0,4.0,465.0,21.8,1.7,4.3,66,100,7780.0,0,0.494
2026-06-23T16:00,0.0,0.0,0.0,0.0,0.0,0.0,3,0.0,1.0,400.0,21.6,1.45,3.9,44,97,9320.0,0,0.494
2026-06-23T17:00,0.0,0.0,0.0,0.0,0.0,0.0,3,0.0,6.0,290.0,21.4,0.58,3.3,31,100,10420.0,0,0.493
2026-06-23T18:00,0.0,0.0,0.0,0.0,0.0,0.0,3,0.0,2.0,485.0,22.1,1.48,1.8,57,100,10240.0,0,0.492
2026-06-23T19:00,0.0,0.0,0.0,0.0,0.0,0.0,3,0.0,2.0,465.0,21.7,1.74,3.8,49,100,9800.0,0,0.492
2026-06-23T20:00,0.0,0.0,0.0,0.0,0.0,0.0,3,0.0,31.0,475.0,21.6,1.91,4.3,43,100,9980.0,0,0.491
2026-06-23T21:00,0.0,0.0,0.0,0.0,0.0,0.0,3,0.0,49.0,460.0,21.6,2.13,4.6,51,100,9920.0,0,0.49
2026-06-23T22:00,0.0,0.0,0.0,0.0,0.0,0.0,3,0.0,52.0,470.0,21.5,2.45,5.4,57,100,9780.0,1,0.49
2026-06-23T23:00,0.0,0.0,0.0,0.0,0.0,0.0,3,0.0,66.0,500.0,21.7,1.88,5.5,61,100,11160.0,1,0.489
2026-06-24T00:00,0.0,0.0,0.0,0.0,0.0,0.0,3,0.0,49.0,460.0,21.8,2.72,5.8,58,100,5900.0,1,0.51
2026-06-24T01:00,0.1,0.1,0.0,0.0,0.0,0.0,51,10.0,43.0,480.0,22.1,2.67,6.0,60,100,5880.0,1,0.503
2026-06-24T02:00,0.1,0.1,0.0,0.0,0.0,0.0,51,10.0,14.0,505.0,22.7,3.46,7.6,59,100,5920.0,1,0.502
2026-06-24T03:00,0.2,0.2,0.0,0.0,0.0,0.0,51,20.0,21.0,530.0,23.2,3.26,7.9,54,100,5060.0,1,0.501
2026-06-24T04:00,0.4,0.4,0.0,0.0,0.0,0.0,51,30.0,15.0,515.0,23.2,2.53,7.1,52,100,4880.0,1,0.502
2026-06-24T05:00,0.2,0.2,0.0,0.0,0.0,0.0,51,10.0,2.0,520.0,23.6,2.36,5.7,54,100,7980.0,1,0.502
2026-06-24T06:00,0.0,0.0,0.0,0.0,0.0,0.0,3,10.0,24.0,650.0,24.3,3.14,7.0,53,100,6460.0,1,0.514
2026-06-24T07:00,0.1,0.1,0.0,0.0,0.0,0.0,51,0.0,9.0,515.0,23.8,3.06,7.1,56,98,10020.0,1,0.503
2026-06-24T08:00,0.0,0.0,0.0,0.0,0.0,0.0,2,0.0,18.0,680.0,24.8,3.32,7.8,53,77,15060.0,1,0.5
2026-06-24T09:00,0.0,0.0,0.0,0.0,0.0,0.0,2,0.0,27.0,720.0,25.1,3.18,7.8,62,74,15060.0,1,0.498
2026-06-24T10:00,0.0,0.0,0.0,0.0,0.0,0.0,3,0.0,0.0,665.0,24.6,2.95,7.4,75,91,15080.0,1,0.496
2026-06-24T11:00,0.0,0.0,0.0,0.0,0.0,0.0,2,0.0,13.0,525.0,24.0,2.41,6.5,77,66,15080.0,1,0.494
2026-06-24T12:00,0.0,0.0,0.0,0.0,0.0,0.0,3,0.0,10.0,460.0,23.5,2.38,5.1,80,100,13000.0,0,0.486
2026-06-24T13:00,0.0,0.0,0.0,0.0,0.0,0.0,3,0.0,9.0,425.0,23.1,1.78,5.3,79,100,13000.0,0,0.486
2026-06-24T14:00,0.0,0.0,0.0,0.0,0.0,0.0,3,0.0,8.0,390.0,22.9,1.29,3.9,77,100,8760.0,0,0.485
2026-06-24T15:00,0.1,0.1,0.0,0.0,0.0,0.0,51,0.0,7.0,355.0,22.7,1.26,2.9,56,100,5660.0,0,0.486
2026-06-24T16:00,0.1,0.1,0.0,0.0,0.0,0.0,51,0.0,14.0,325.0,22.5,1.2,2.9,42,100,7660.0,0,0.486
2026-06-24T17:00,0.0,0.0,0.0,0.0,0.0,0.0,1,0.0,8.0,300.0,22.3,1.11,2.9,36,49,10100.0,0,0.486
2026-06-24T18:00,0.0,0.0,0.0,0.0,0.0,0.0,3,10.0,74.0,420.0,22.6,1.67,2.6,39,95,10520.0,0,0.486
2026-06-24T19:00,0.0,0.0,0.0,0.0,0.0,0.0,3,0.0,80.0,355.0,22.0,1.1,3.8,66,100,10140.0,0,0.485
2026-06-24T20:00,0.0,0.0,0.0,0.0,0.0,0.0,3,0.0,70.0,370.0,22.1,1.48,3.4,66,99,10080.0,0,0.485
2026-06-24T21:00,0.0,0.0,0.0,0.0,0.0,0.0,2,0.0,6.0,380.0,22.1,1.42,3.8,58,66,10360.0,0,0.485
2026-06-24T22:00,0.0,0.0,0.0,0.0,0.0,0.0,3,0.0,9.0,310.0,21.7,0.86,3.4,54,95,10560.0,1,0.484
2026-06-24T23:00,0.0,0.0,0.0,0.0,0.0,0.0,3,0.0,3.0,460.0,22.6,1.21,3.3,52,100,11220.0,1,0.484
2026-06-25T00:00,0.0,0.0,0.0,0.0,0.0,0.0,3,10.0,3.0,490.0,23.0,2.49,3.2,52,100,6460.0,1,0.497
2026-06-25T01:00,0.1,0.1,0.0,0.0,0.0,0.0,51,0.0,52.0,510.0,23.4,2.57,5.7,53,100,8060.0,1,0.496
2026-06-25T02:00,0.0,0.0,0.0,0.0,0.0,0.0,3,0.0,47.0,570.0,24.3,2.65,6.1,54,100,10520.0,1,0.494
2026-06-25T03:00,0.0,0.0,0.0,0.0,0.0,0.0,3,0.0,2.0,730.0,25.6,2.49,6.3,52,100,15140.0,1,0.492
2026-06-25T04:00,0.0,0.0,0.0,0.0,0.0,0.0,3,0.0,3.0,860.0,26.7,2.23,6.2,42,100,15140.0,1,0.49
2026-06-25T05:00,0.0,0.0,0.0,0.0,0.0,0.0,3,0.0,0.0,915.0,27.3,2.16,5.7,42,99,17060.0,1,0.488
2026-06-25T06:00,0.0,0.0,0.0,0.0,0.0,0.0,3,10.0,0.0,1040.0,27.9,2.69,5.8,43,99,17080.0,1,0.503
2026-06-25T07:00,0.0,0.0,0.0,0.0,0.0,0.0,3,10.0,70.0,1075.0,28.2,2.26,6.6,55,100,17080.0,1,0.499
2026-06-25T08:00,0.0,0.0,0.0,0.0,0.0,0.0,3,0.0,0.0,1035.0,28.1,2.46,6.1,52,88,17080.0,1,0.495
2026-06-25T09:00,0.0,0.0,0.0,0.0,0.0,0.0,3,0.0,15.0,1130.0,28.5,2.45,6.2,51,95,17080.0,1,0.492
2026-06-25T10:00,0.0,0.0,0.0,0.0,0.0,0.0,1,0.0,21.0,770.0,27.8,2.69,6.0,66,34,17080.0,1,0.49
2026-06-25T11:00,0.0,0.0,0.0,0.0,0.0,0.0,1,10.0,9.0,490.0,26.7,1.96,5.8,75,34,15160.0,1,0.489
2026-06-25T12:00,0.0,0.0,0.0,0.0,0.0,0.0,3,0.0,19.0,340.0,25.7,1.46,4.2,59,92,15180.0,0,0.465
2026-06-25T13:00,0.0,0.0,0.0,0.0,0.0,0.0,1,0.0,32.0,375.0,25.1,1.68,3.8,67,42,15180.0,0,0.466
2026-06-25T14:00,0.0,0.0,0.0,0.0,0.0,0.0,0,0.0,40.0,275.0,24.2,1.52,3.8,67,19,14940.0,0,0.466
2026-06-25T15:00,0.0,0.0,0.0,0.0,0.0,0.0,1,0.0,8.0,245.0,23.6,1.79,4.3,67,20,12960.0,0,0.466
2026-06-25T16:00,0.0,0.0,0.0,0.0,0.0,0.0,0,0.0,8.0,185.0,23.1,1.2,4.3,73,16,12800.0,0,0.467
2026-06-25T17:00,0.0,0.0,0.0,0.0,0.0,0.0,1,0.0,14.0,50.0,22.7,0.66,3.2,81,45,12960.0,0,0.467
2026-06-25T18:00,0.0,0.0,0.0,0.0,0.0,0.0,3,0.0,3.0,215.0,23.6,1.25,2.2,61,98,13100.0,0,0.469
2026-06-25T19:00,0.0,0.0,0.0,0.0,0.0,0.0,3,0.0,0.0,160.0,23.1,1.11,3.2,54,90,11280.0,0,0.469
2026-06-25T20:00,0.0,0.0,0.0,0.0,0.0,0.0,1,0.0,36.0,175.0,22.8,1.13,2.9,49,41,11280.0,0,0.469
2026-06-25T21:00,0.0,0.0,0.0,0.0,0.0,0.0,1,0.0,8.0,170.0,22.2,1.37,3.5,57,22,11300.0,0,0.469
2026-06-25T22:00,0.0,0.0,0.0,0.0,0.0,0.0,1,0.0,16.0,135.0,21.9,1.29,3.5,54,20,9220.0,1,0.469
2026-06-25T23:00,0.0,0.0,0.0,0.0,0.0,0.0,0,0.0,10.0,370.0,23.4,1.9,4.5,35,18,11300.0,1,0.469
2026-06-26T00:00,0.0,0.0,0.0,0.0,0.0,0.0,0,10.0,22.0,785.0,25.2,2.47,5.3,45,19,15220.0,1,0.485
2026-06-26T01:00,0.0,0.0,0.0,0.0,0.0,0.0,3,10.0,16.0,1035.0,26.5,3.79,8.7,56,89,15860.0,1,0.483
2026-06-26T02:00,0.1,0.0,0.1,0.0,0.0,0.0,51,10.0,4.0,870.0,27.2,3.77,9.0,51,95,10600.0,1,0.48
2026-06-26T03:00,0.1,0.0,0.1,0.0,0.0,0.0,51,30.0,0.0,915.0,27.3,3.38,8.8,38,88,10320.0,1,0.479
2026-06-26T04:00,0.1,0.0,0.1,0.0,0.0,0.0,51,20.0,0.0,950.0,28.0,3.51,8.2,36,88,12280.0,1,0.477
2026-06-26T05:00,0.0,0.0,0.0,0.0,0.0,0.0,1,20.0,0.0,1125.0,28.9,3.16,8.5,51,46,17180.0,1,0.474
2026-06-26T06:00,0.0,0.0,0.0,0.0,0.0,0.0,2,20.0,0.0,1330.0,29.2,3.11,7.9,53,67,17020.0,1,0.479
2026-06-26T07:00,0.0,0.0,0.0,0.0,0.0,0.0,3,20.0,0.0,1245.0,28.9,2.9,7.3,48,96,19060.0,1,0.476
2026-06-26T08:00,0.0,0.0,0.0,0.0,0.0,0.0,3,0.0,5.0,1360.0,29.1,2.66,7.0,40,88,19060.0,1,0.473
2026-06-26T09:00,0.0,0.0,0.0,0.0,0.0,0.0,3,0.0,6.0,1250.0,28.9,2.69,6.5,35,86,19060.0,1,0.471
2026-06-26T10:00,0.0,0.0,0.0,0.0,0.0,0.0,3,10.0,11.0,835.0,28.1,2.29,6.0,11,94,17200.0,1,0.47
2026-06-26T11:00,0.0,0.0,0.0,0.0,0.0,0.0,3,20.0,18.0,385.0,27.2,1.57,4.9,9,100,17200.0,1,0.469
2026-06-26T12:00,0.0,0.0,0.0,0.0,0.0,0.0,3,10.0,94.0,105.0,26.1,1.08,3.5,13,98,17200.0,0,0.45
2026-06-26T13:00,0.0,0.0,0.0,0.0,0.0,0.0,3,10.0,13.0,45.0,25.2,0.92,2.7,29,92,17220.0,0,0.45
2026-06-26T14:00,0.0,0.0,0.0,0.0,0.0,0.0,1,0.0,38.0,40.0,24.4,0.83,2.2,57,23,15280.0,0,0.451
2026-06-26T15:00,0.0,0.0,0.0,0.0,0.0,0.0,0,0.0,0.0,35.0,23.6,0.9,2.2,87,16,15280.0,0,0.451
2026-06-26T16:00,0.0,0.0,0.0,0.0,0.0,0.0,0,0.0,0.0,40.0,22.9,0.92,2.2,49,16,13180.0,0,0.452
2026-06-26T17:00,0.0,0.0,0.0,0.0,0.0,0.0,1,0.0,0.0,55.0,22.4,1.03,2.5,43,20,13180.0,0,0.452
2026-06-26T18:00,0.0,0.0,0.0,0.0,0.0,0.0,0,0.0,0.0,95.0,22.7,1.12,2.5,58,13,15300.0,0,0.459
2026-06-26T19:00,0.0,0.0,0.0,0.0,0.0,0.0,0,0.0,1.0,60.0,22.0,1.08,2.9,77,19,15300.0,0,0.459
2026-06-26T20:00,0.0,0.0,0.0,0.0,0.0,0.0,0,0.0,2.0,40.0,21.7,0.68,2.8,54,19,15300.0,0,0.459
2026-06-26T21:00,0.0,0.0,0.0,0.0,0.0,0.0,0,0.0,4.0,30.0,21.4,0.4,2.2,360,14,13200.0,0,0.459
2026-06-26T22:00,0.0,0.0,0.0,0.0,0.0,0.0,1,0.0,8.0,15.0,21.1,0.11,1.6,297,22,13200.0,1,0.46
2026-06-26T23:00,0.0,0.0,0.0,0.0,0.0,0.0,0,0.0,7.0,65.0,22.2,0.36,1.4,254,9,13200.0,1,0.46
2026-06-27T00:00,0.0,0.0,0.0,0.0,0.0,0.0,0,0.0,55.0,270.0,24.3,0.43,2.7,291,13,15320.0,1,0.479
2026-06-27T01:00,0.0,0.0,0.0,0.0,0.0,0.0,0,0.0,1.0,710.0,25.9,0.39,2.9,320,13,17260.0,1,0.477
2026-06-27T02:00,0.0,0.0,0.0,0.0,0.0,0.0,0,0.0,1.0,1065.0,27.2,0.5,3.4,360,2,17260.0,1,0.474
2026-06-27T03:00,0.0,0.0,0.0,0.0,0.0,0.0,0,0.0,55.0,1235.0,28.5,0.89,4.1,27,2,19160.0,1,0.471
2026-06-27T04:00,0.0,0.0,0.0,0.0,0.0,0.0,0,0.0,20.0,1315.0,29.5,1.0,4.4,37,1,19160.0,1,0.467
2026-06-27T05:00,0.0,0.0,0.0,0.0,0.0,0.0,1,0.0,15.0,1400.0,30.4,1.26,4.7,34,27,22240.0,1,0.462
2026-06-27T06:00,0.0,0.0,0.0,0.0,0.0,0.0,3,0.0,18.0,1500.0,30.5,1.46,4.7,52,87,22240.0,1,0.463
2026-06-27T07:00,0.0,0.0,0.0,0.0,0.0,0.0,1,0.0,22.0,1490.0,30.8,1.38,4.8,49,45,22260.0,1,0.459
2026-06-27T08:00,0.0,0.0,0.0,0.0,0.0,0.0,1,0.0,32.0,1225.0,31.1,1.43,4.6,54,20,22260.0,1,0.456
2026-06-27T09:00,0.0,0.0,0.0,0.0,0.0,0.0,3,0.0,38.0,1190.0,31.1,1.77,4.3,47,92,24840.0,1,0.453
2026-06-27T10:00,0.0,0.0,0.0,0.0,0.0,0.0,1,0.0,96.0,695.0,29.9,1.66,4.4,44,20,22280.0,1,0.451
2026-06-27T11:00,0.0,0.0,0.0,0.0,0.0,0.0,0,0.0,31.0,185.0,28.1,1.33,3.7,70,0,17300.0,1,0.45
2026-06-27T12:00,0.0,0.0,0.0,0.0,0.0,0.0,3,0.0,67.0,40.0,26.4,1.15,2.9,85,80,17320.0,0,0.443
2026-06-27T13:00,0.0,0.0,0.0,0.0,0.0,0.0,2,0.0,100.0,30.0,24.8,1.06,2.6,109,70,15360.0,0,0.443
2026-06-27T14:00,0.0,0.0,0.0,0.0,0.0,0.0,3,0.0,153.0,15.0,23.7,0.63,2.4,119,97,13260.0,0,0.443
2026-06-27T15:00,0.0,0.0,0.0,0.0,0.0,0.0,3,0.0,145.0,15.0,23.1,0.45,1.6,96,98,11420.0,0,0.443
2026-06-27T16:00,0.0,0.0,0.0,0.0,0.0,0.0,3,0.0,150.0,15.0,22.8,0.25,1.3,53,84,11420.0,0,0.443
2026-06-27T17:00,0.0,0.0,0.0,0.0,0.0,0.0,3,0.0,157.0,10.0,22.6,0.0,0.8,270,95,11420.0,0,0.444
2026-06-27T18:00,0.0,0.0,0.0,0.0,0.0,0.0,3,0.0,179.0,10.0,22.8,0.1,0.5,90,96,11420.0,0,0.444
2026-06-27T19:00,0.0,0.0,0.0,0.0,0.0,0.0,2,0.0,107.0,15.0,22.5,0.14,0.6,135,57,11420.0,0,0.444
2026-06-27T20:00,0.0,0.0,0.0,0.0,0.0,0.0,2,0.0,123.0,35.0,22.1,0.18,0.5,214,52,11440.0,0,0.444
2026-06-27T21:00,0.0,0.0,0.0,0.0,0.0,0.0,1,0.0,97.0,55.0,21.8,0.36,0.8,304,34,11440.0,0,0.444
2026-06-27T22:00,0.0,0.0,0.0,0.0,0.0,0.0,0,0.0,9.0,55.0,21.5,0.21,0.9,284,18,11440.0,1,0.445
2026-06-27T23:00,0.0,0.0,0.0,0.0,0.0,0.0,1,0.0,118.0,80.0,22.6,0.28,1.5,225,45,11440.0,1,0.445
2026-06-28T00:00,0.0,0.0,0.0,0.0,0.0,0.0,2,0.0,50.0,135.0,24.2,0.51,2.4,299,64,13280.0,1,0.475
2026-06-28T01:00,0.0,0.0,0.0,0.0,0.0,0.0,3,0.0,57.0,225.0,26.3,0.84,3.5,287,97,15420.0,1,0.472
2026-06-28T02:00,0.0,0.0,0.0,0.0,0.0,0.0,3,0.0,44.0,420.0,27.7,0.99,3.8,311,90,17380.0,1,0.47
2026-06-28T03:00,0.0,0.0,0.0,0.0,0.0,0.0,3,0.0,41.0,770.0,29.5,0.81,4.0,330,97,19280.0,1,0.467
2026-06-28T04:00,0.0,0.0,0.0,0.0,0.0,0.0,3,0.0,50.0,1070.0,30.6,1.15,4.4,360,99,19280.0,1,0.463
2026-06-28T05:00,0.0,0.0,0.0,0.0,0.0,0.0,3,0.0,57.0,1275.0,31.1,0.87,4.4,31,99,22380.0,1,0.459
2026-06-28T06:00,0.0,0.0,0.0,0.0,0.0,0.0,3,0.0,0.0,1360.0,31.6,0.69,3.8,30,99,22400.0,1,0.456
2026-06-28T07:00,0.0,0.0,0.0,0.0,0.0,0.0,3,0.0,6.0,1475.0,32.0,0.51,3.2,61,100,22400.0,1,0.452
2026-06-28T08:00,0.0,0.0,0.0,0.0,0.0,0.0,3,0.0,28.0,1360.0,32.1,0.96,3.1,81,97,22400.0,1,0.45
2026-06-28T09:00,0.0,0.0,0.0,0.0,0.0,0.0,3,0.0,22.0,1220.0,32.0,1.75,4.1,92,95,22420.0,1,0.447
2026-06-28T10:00,0.0,0.0,0.0,0.0,0.0,0.0,2,0.0,12.0,660.0,31.0,1.68,4.3,80,66,19320.0,1,0.445
2026-06-28T11:00,0.0,0.0,0.0,0.0,0.0,0.0,3,0.0,81.0,150.0,29.0,1.38,3.6,44,98,17420.0,1,0.445
2026-06-28T12:00,0.0,0.0,0.0,0.0,0.0,0.0,3,10.0,115.0,55.0,27.0,1.33,3.1,20,100,17420.0,0,0.444
2026-06-28T13:00,0.0,0.0,0.0,0.0,0.0,0.0,3,10.0,134.0,45.0,26.1,0.89,2.9,27,100,15460.0,0,0.444
2026-06-28T14:00,0.0,0.0,0.0,0.0,0.0,0.0,3,10.0,162.0,55.0,25.5,0.9,2.2,360,100,15460.0,0,0.444
2026-06-28T15:00,0.0,0.0,0.0,0.0,0.0,0.0,3,0.0,158.0,75.0,25.0,0.99,2.3,319,100,15480.0,0,0.444
2026-06-28T16:00,0.4,0.0,0.4,0.0,0.0,0.0,51,0.0,16.0,55.0,24.7,0.71,2.1,315,100,8140.0,0,0.448
2026-06-28T17:00,0.2,0.2,0.0,0.0,0.0,0.0,51,0.0,2.0,95.0,24.0,1.01,2.3,297,100,5860.0,0,0.449
2026-06-28T18:00,0.1,0.1,0.0,0.0,0.0,0.0,51,0.0,10.0,275.0,24.8,1.62,2.0,338,100,5020.0,0,0.434
2026-06-28T19:00,0.2,0.2,0.0,0.0,0.0,0.0,51,0.0,18.0,130.0,23.6,0.85,3.6,320,100,7400.0,0,0.436
2026-06-28T20:00,0.1,0.1,0.0,0.0,0.0,0.0,51,0.0,2.0,50.0,23.4,0.4,2.1,300,100,5120.0,0,0.437
2026-06-28T21:00,0.6,0.4,0.2,0.0,0.0,0.0,53,0.0,3.0,30.0,23.0,0.43,1.3,234,98,3560.0,0,0.443
2026-06-28T22:00,0.5,0.5,0.0,0.0,0.0,0.0,53,0.0,0.0,50.0,22.5,0.76,1.8,278,98,3960.0,1,0.449
2026-06-28T23:00,0.1,0.1,0.0,0.0,0.0,0.0,51,0.0,2.0,60.0,22.9,0.74,2.0,208,88,6400.0,1,0.45
2026-06-29T00:00,0.0,0.0,0.0,0.0,0.0,0.0,3,0.0,10.0,140.0,23.8,0.9,3.5,267,100,9420.0,1,0.453
2026-06-29T01:00,0.1,0.0,0.1,0.0,0.0,0.0,51,0.0,36.0,225.0,24.9,1.12,3.5,249,95,5200.0,1,0.453
2026-06-29T02:00,0.4,0.4,0.0,0.0,0.0,0.0,51,20.0,17.0,495.0,26.3,0.85,4.2,249,64,4820.0,1,0.455
2026-06-29T03:00,0.3,0.2,0.1,0.0,0.0,0.0,51,20.0,11.0,765.0,28.2,0.56,3.8,80,73,6620.0,1,0.456
2026-06-29T04:00,0.1,0.1,0.0,0.0,0.0,0.0,51,20.0,40.0,980.0,29.5,1.7,5.2,90,98,6920.0,1,0.454
2026-06-29T05:00,0.1,0.1,0.0,0.0,0.0,0.0,51,20.0,55.0,1140.0,29.3,0.96,5.3,43,93,11960.0,1,0.453
2026-06-29T06:00,0.0,0.0,0.0,0.0,0.0,0.0,3,20.0,29.0,1300.0,29.2,2.44,4.8,11,99,6240.0,1,0.458
2026-06-29T07:00,0.8,0.5,0.3,0.0,0.0,0.0,53,10.0,15.0,845.0,26.6,3.8,8.2,347,100,4680.0,1,0.463
2026-06-29T08:00,0.3,0.3,0.0,0.0,0.0,0.0,51,0.0,5.0,615.0,25.8,4.21,9.4,347,100,4860.0,1,0.463
2026-06-29T09:00,0.9,0.5,0.4,0.0,0.0,0.0,53,20.0,0.0,345.0,23.7,2.63,9.3,339,100,2620.0,1,0.469
2026-06-29T10:00,3.2,0.4,2.8,0.0,0.0,0.0,81,20.0,0.0,360.0,23.4,1.77,5.3,335,94,2420.0,1,0.508
2026-06-29T11:00,4.6,0.7,3.9,0.0,0.0,0.0,81,50.0,3.0,330.0,23.2,1.22,3.8,351,100,2400.0,1,0.517
2026-06-29T12:00,2.7,0.6,2.1,0.0,0.0,0.0,81,10.0,19.0,110.0,23.4,0.61,2.3,9,65,9480.0,0,0.499
2026-06-29T13:00,0.0,0.0,0.0,0.0,0.0,0.0,3,0.0,1.0,80.0,22.7,0.81,1.4,300,81,9020.0,0,0.495
2026-06-29T14:00,0.0,0.0,0.0,0.0,0.0,0.0,3,0.0,5.0,140.0,22.0,1.33,2.7,290,99,9340.0,0,0.492
2026-06-29T15:00,0.0,0.0,0.0,0.0,0.0,0.0,3,0.0,0.0,150.0,22.0,0.57,2.5,308,91,11460.0,0,0.489
2026-06-29T16:00,0.0,0.0,0.0,0.0,0.0,0.0,3,0.0,2.0,140.0,21.7,0.58,1.4,301,94,11560.0,0,0.487
2026-06-29T17:00,0.0,0.0,0.0,0.0,0.0,0.0,3,30.0,18.0,35.0,21.4,0.35,1.4,262,95,11580.0,0,0.485
2026-06-29T18:00,0.0,0.0,0.0,0.0,0.0,0.0,3,60.0,8.0,140.0,21.9,0.93,1.1,324,99,9480.0,0,0.473
2026-06-29T19:00,0.1,0.1,0.0,0.0,0.0,0.0,51,90.0,13.0,165.0,21.5,0.79,1.9,305,100,4640.0,0,0.474
2026-06-29T20:00,0.9,0.5,0.4,0.0,0.0,0.0,53,110.0,19.0,175.0,21.2,1.07,2.6,298,100,3580.0,0,0.482
2026-06-29T21:00,0.4,0.4,0.0,0.0,0.0,0.0,51,120.0,1.0,85.0,21.0,0.85,2.2,270,100,5800.0,0,0.485
2026-06-29T22:00,0.0,0.0,0.0,0.0,0.0,0.0,3,190.0,4.0,115.0,20.8,0.81,2.1,281,100,8860.0,1,0.484
2026-06-29T23:00,0.1,0.1,0.0,0.0,0.0,0.0,51,230.0,4.0,130.0,20.8,0.9,2.2,289,100,5760.0,1,0.483
2026-06-30T00:00,0.2,0.2,0.0,0.0,0.0,0.0,51,160.0,7.0,175.0,20.6,0.78,2.8,297,100,6220.0,1,0.501
2026-06-30T01:00,0.5,0.1,0.4,0.0,0.0,0.0,53,250.0,8.0,250.0,21.2,0.93,3.6,254,100,2560.0,1,0.504
2026-06-30T02:00,2.1,0.4,1.7,0.0,0.0,0.0,80,50.0,9.0,165.0,21.6,0.91,4.2,279,98,3820.0,1,0.504
2026-06-30T03:00,0.5,0.2,0.3,0.0,0.0,0.0,53,130.0,7.0,385.0,22.6,1.16,4.1,277,100,6000.0,1,0.505
2026-06-30T04:00,0.1,0.1,0.0,0.0,0.0,0.0,51,90.0,7.0,425.0,23.4,0.55,4.1,265,100,9000.0,1,0.503
2026-06-30T05:00,0.0,0.0,0.0,0.0,0.0,0.0,3,50.0,6.0,675.0,25.5,0.4,3.4,263,100,15620.0,1,0.5
2026-06-30T06:00,0.6,0.1,0.5,0.0,0.0,0.0,53,20.0,14.0,770.0,25.7,0.05,3.8,270,100,2820.0,1,0.504
2026-06-30T07:00,1.5,0.8,0.7,0.0,0.0,0.0,80,20.0,8.0,225.0,24.3,1.63,3.5,247,100,2620.0,1,0.508
2026-06-30T08:00,1.0,1.0,0.0,0.0,0.0,0.0,55,20.0,10.0,315.0,23.9,1.81,4.3,275,100,3680.0,1,0.507
2026-06-30T09:00,0.4,0.4,0.0,0.0,0.0,0.0,51,20.0,0.0,260.0,24.1,1.15,4.2,268,100,4240.0,1,0.506
2026-06-30T10:00,0.4,0.4,0.0,0.0,0.0,0.0,51,20.0,1.0,30.0,23.6,0.11,3.4,207,100,3660.0,1,0.506
2026-06-30T11:00,1.3,0.7,0.6,0.0,0.0,0.0,80,30.0,0.0,65.0,23.4,0.47,1.5,162,100,2660.0,1,0.506
2026-06-30T12:00,0.4,0.4,0.0,0.0,0.0,0.0,51,40.0,0.0,100.0,23.2,1.2,1.4,182,100,3920.0,0,0.499
2026-06-30T13:00,0.4,0.3,0.1,0.0,0.0,0.0,51,30.0,0.0,75.0,22.9,0.9,2.3,183,100,3360.0,0,0.503
2026-06-30T14:00,0.4,0.3,0.1,0.0,0.0,0.0,51,20.0,58.0,80.0,22.7,0.96,2.0,189,100,3640.0,0,0.506
2026-06-30T15:00,0.3,0.3,0.0,0.0,0.0,0.0,51,10.0,66.0,70.0,22.5,0.57,1.9,225,100,3700.0,0,0.505
2026-06-30T16:00,0.3,0.3,0.0,0.0,0.0,0.0,51,10.0,32.0,75.0,22.2,0.45,1.2,264,100,3500.0,0,0.505
2026-06-30T17:00,0.4,0.4,0.0,0.0,0.0,0.0,51,20.0,13.0,75.0,21.9,0.99,2.0,229,100,3480.0,0,0.505
2026-06-30T18:00,0.3,0.3,0.0,0.0,0.0,0.0,51,30.0,21.0,80.0,22.4,0.82,2.6,218,100,3500.0,0,0.504
2026-06-30T19:00,0.3,0.3,0.0,0.0,0.0,0.0,51,30.0,19.0,85.0,21.9,1.27,2.5,244,100,4060.0,0,0.505
2026-06-30T20:00,0.1,0.1,0.0,0.0,0.0,0.0,51,30.0,7.0,80.0,21.5,1.05,2.5,245,100,5300.0,0,0.504
2026-06-30T21:00,0.0,0.0,0.0,0.0,0.0,0.0,3,30.0,12.0,95.0,21.3,0.96,2.5,242,98,5180.0,0,0.502
2026-06-30T22:00,0.1,0.0,0.1,0.0,0.0,0.0,51,30.0,8.0,100.0,21.0,0.99,2.3,229,100,3840.0,1,0.502
2026-06-30T23:00,2.1,0.4,1.7,0.0,0.0,0.0,80,20.0,18.0,120.0,21.0,1.11,2.5,216,100,2040.0,1,0.505
2026-07-01T00:00,2.4,1.3,1.1,0.0,0.0,0.0,80,60.0,11.0,140.0,21.3,0.97,2.6,235,100,2680.0,1,0.506
2026-07-01T01:00,1.0,0.6,0.4,0.0,0.0,0.0,55,50.0,4.0,145.0,21.5,1.07,2.9,217,100,2560.0,1,0.505
2026-07-01T02:00,1.7,0.9,0.8,0.0,0.0,0.0,80,40.0,0.0,190.0,21.8,0.6,4.3,265,100,2060.0,1,0.505
2026-07-01T03:00,1.3,0.7,0.6,0.0,0.0,0.0,80,20.0,6.0,185.0,22.1,0.6,3.9,246,100,3940.0,1,0.504
2026-07-01T04:00,0.2,0.2,0.0,0.0,0.0,0.0,51,0.0,2.0,215.0,22.7,0.76,3.1,169,100,5200.0,1,0.504
2026-07-01T05:00,0.2,0.2,0.0,0.0,0.0,0.0,51,0.0,12.0,375.0,24.7,0.86,4.0,190,100,7400.0,1,0.502
2026-07-01T06:00,0.1,0.1,0.0,0.0,0.0,0.0,51,0.0,29.0,255.0,24.3,0.8,3.9,180,100,6800.0,1,0.512
2026-07-01T07:00,0.1,0.1,0.0,0.0,0.0,0.0,51,0.0,55.0,215.0,24.2,0.74,2.9,200,100,9260.0,1,0.504
2026-07-01T08:00,0.0,0.0,0.0,0.0,0.0,0.0,3,0.0,48.0,225.0,24.5,0.55,2.9,175,98,13580.0,1,0.502
2026-07-01T09:00,0.4,0.0,0.4,0.0,0.0,0.0,51,0.0,48.0,265.0,24.5,0.85,3.2,152,93,11320.0,1,0.502
2026-07-01T10:00,0.1,0.1,0.0,0.0,0.0,0.0,51,0.0,13.0,245.0,24.6,0.72,3.0,168,52,7620.0,1,0.5
2026-07-01T11:00,0.0,0.0,0.0,0.0,0.0,0.0,0,0.0,17.0,100.0,24.4,0.67,2.9,132,9,9300.0,1,0.499
2026-07-01T12:00,0.0,0.0,0.0,0.0,0.0,0.0,1,10.0,78.0,55.0,24.2,0.83,1.8,123,43,11700.0,0,0.497
2026-07-01T13:00,0.0,0.0,0.0,0.0,0.0,0.0,1,30.0,85.0,35.0,23.3,0.84,1.8,107,30,6400.0,0,0.496
2026-07-01T14:00,0.0,0.0,0.0,0.0,0.0,0.0,1,0.0,48.0,40.0,22.8,1.1,2.4,90,29,3640.0,0,0.495
2026-07-01T15:00,0.0,0.0,0.0,0.0,0.0,0.0,2,0.0,31.0,30.0,22.4,0.76,2.3,82,71,1840.0,0,0.494
2026-07-01T16:00,0.0,0.0,0.0,0.0,0.0,0.0,3,140.0,11.0,25.0,22.2,0.57,1.4,105,100,560.0,0,0.493
2026-07-01T17:00,0.0,0.0,0.0,0.0,0.0,0.0,3,150.0,5.0,20.0,22.1,0.45,1.3,90,100,200.0,0,0.493
2026-07-01T18:00,0.0,0.0,0.0,0.0,0.0,0.0,3,530.0,11.0,60.0,23.4,1.11,1.1,82,91,680.0,0,0.492
2026-07-01T19:00,0.1,0.0,0.1,0.0,0.0,0.0,51,360.0,1.0,50.0,22.7,0.81,3.0,97,100,380.0,0,0.492
2026-07-01T20:00,1.8,0.0,1.8,0.0,0.0,0.0,95,420.0,2.0,45.0,22.5,0.55,2.9,95,100,640.0,0,0.511
2026-07-01T21:00,2.1,0.1,2.0,0.0,0.0,0.0,95,540.0,2.0,35.0,22.4,0.29,2.3,31,100,2500.0,0,0.508
2026-07-01T22:00,1.1,1.1,0.0,0.0,0.0,0.0,55,550.0,4.0,35.0,22.4,0.21,1.4,135,99,2400.0,1,0.507
2026-07-01T23:00,0.5,0.5,0.0,0.0,0.0,0.0,53,560.0,3.0,45.0,22.9,0.72,1.9,124,98,3220.0,1,0.506
2026-07-02T00:00,1.3,0.1,1.2,0.0,0.0,0.0,80,460.0,0.0,220.0,24.1,1.1,4.1,150,100,7220.0,1,0.507
2026-07-02T01:00,0.0,0.0,0.0,0.0,0.0,0.0,3,450.0,32.0,205.0,25.2,0.76,2.9,259,100,8800.0,1,0.503
2026-07-02T02:00,0.0,0.0,0.0,0.0,0.0,0.0,3,410.0,30.0,290.0,25.9,0.67,3.1,318,100,8840.0,1,0.502
2026-07-02T03:00,0.0,0.0,0.0,0.0,0.0,0.0,3,740.0,6.0,385.0,26.9,0.65,3.0,328,97,7240.0,1,0.5
2026-07-02T04:00,0.1,0.1,0.0,0.0,0.0,0.0,51,1360.0,1.0,520.0,28.1,0.76,4.9,328,69,9300.0,1,0.498
2026-07-02T05:00,0.2,0.0,0.2,0.0,0.0,0.0,95,2170.0,0.0,970.0,30.5,1.18,5.7,324,97,6880.0,1,0.495
2026-07-02T06:00,0.3,0.1,0.2,0.0,0.0,0.0,51,1710.0,3.0,450.0,28.7,1.61,5.8,334,100,3960.0,1,0.48
2026-07-02T07:00,3.8,1.4,2.4,0.0,0.0,0.0,96,1070.0,3.0,70.0,26.1,0.11,5.2,63,100,2640.0,1,0.51
2026-07-02T08:00,0.7,0.7,0.0,0.0,0.0,0.0,53,1440.0,2.0,180.0,26.4,0.96,3.0,62,98,5080.0,1,0.508
2026-07-02T09:00,0.3,0.3,0.0,0.0,0.0,0.0,51,1510.0,4.0,265.0,27.0,0.84,3.6,73,98,3700.0,1,0.507
2026-07-02T10:00,0.7,0.7,0.0,0.0,0.0,0.0,53,1840.0,2.0,15.0,26.2,0.16,3.0,342,100,3700.0,1,0.506
2026-07-02T11:00,0.2,0.2,0.0,0.0,0.0,0.0,51,2030.0,1.0,40.0,25.9,0.55,1.8,360,87,3960.0,1,0.504
2026-07-02T12:00,0.4,0.1,0.3,0.0,0.0,0.0,95,2580.0,5.0,60.0,26.5,0.55,1.3,90,100,3200.0,0,0.495
2026-07-02T13:00,0.5,0.5,0.0,0.0,0.0,0.0,53,2520.0,4.0,30.0,25.8,0.51,1.4,119,100,3340.0,0,0.5
2026-07-02T14:00,0.4,0.4,0.0,0.0,0.0,0.0,51,2370.0,6.0,30.0,25.4,0.55,1.5,90,100,3440.0,0,0.504
2026-07-02T15:00,0.3,0.3,0.0,0.0,0.0,0.0,51,2260.0,9.0,30.0,25.1,0.59,1.7,110,100,4620.0,0,0.504
2026-07-02T16:00,0.0,0.0,0.0,0.0,0.0,0.0,3,2080.0,16.0,30.0,25.0,0.55,1.9,90,99,6400.0,0,0.503
2026-07-02T17:00,0.0,0.0,0.0,0.0,0.0,0.0,3,2090.0,12.0,20.0,24.7,0.38,1.8,67,100,880.0,0,0.501
2026-07-02T18:00,0.0,0.0,0.0,0.0,0.0,0.0,3,2370.0,11.0,50.0,25.5,1.0,1.8,84,100,540.0,0,0.5
2026-07-02T19:00,0.9,0.6,0.3,0.0,0.0,0.0,95,2230.0,11.0,40.0,24.7,0.66,2.2,81,100,380.0,0,0.504
2026-07-02T20:00,3.2,0.4,2.8,0.0,0.0,0.0,96,1600.0,2.0,20.0,24.4,0.15,3.1,90,100,1160.0,0,0.504
2026-07-02T21:00,2.3,0.4,1.9,0.0,0.0,0.0,95,1380.0,7.0,75.0,24.0,1.5,3.4,26,99,2760.0,0,0.503
2026-07-02T22:00,0.8,0.8,0.0,0.0,0.0,0.0,53,1220.0,3.0,55.0,23.8,1.11,2.9,108,100,2180.0,1,0.503
2026-07-02T23:00,1.5,1.1,0.4,0.0,0.0,0.0,80,780.0,16.0,90.0,24.1,1.25,4.5,293,100,3000.0,1,0.503
2026-07-03T00:00,0.2,0.2,0.0,0.0,0.0,0.0,51,1210.0,12.0,90.0,24.8,0.87,3.7,336,100,5760.0,1,0.501
2026-07-03T01:00,0.0,0.0,0.0,0.0,0.0,0.0,3,1330.0,9.0,230.0,26.1,0.41,3.0,346,100,7500.0,1,0.499
2026-07-03T02:00,0.0,0.0,0.0,0.0,0.0,0.0,3,1990.0,0.0,370.0,27.3,0.28,4.1,45,100,9100.0,1,0.498
2026-07-03T03:00,0.2,0.0,0.2,0.0,0.0,0.0,95,2390.0,0.0,820.0,29.2,0.58,5.6,211,100,10060.0,1,0.497
2026-07-03T04:00,0.2,0.0,0.2,0.0,0.0,0.0,95,2100.0,0.0,1190.0,31.0,1.15,6.3,236,100,8640.0,1,0.495
2026-07-03T05:00,0.1,0.0,0.1,0.0,0.0,0.0,51,2390.0,3.0,440.0,30.9,0.67,5.5,347,92,17960.0,1,0.494
2026-07-03T06:00,3.8,0.0,3.8,0.0,0.0,0.0,96,1340.0,18.0,225.0,26.0,1.51,8.6,172,100,2560.0,1,0.503
2026-07-03T07:00,0.8,0.8,0.0,0.0,0.0,0.0,53,1730.0,17.0,170.0,26.5,0.65,4.7,148,99,6440.0,1,0.505
2026-07-03T08:00,0.0,0.0,0.0,0.0,0.0,0.0,3,1900.0,15.0,315.0,27.8,1.0,3.6,357,100,5460.0,1,0.503
2026-07-03T09:00,0.2,0.2,0.0,0.0,0.0,0.0,51,1850.0,15.0,315.0,27.8,0.11,3.6,243,100,8740.0,1,0.502
2026-07-03T10:00,0.0,0.0,0.0,0.0,0.0,0.0,3,2070.0,4.0,295.0,27.9,0.88,2.7,137,99,11440.0,1,0.5
2026-07-03T11:00,5.3,0.0,5.3,0.0,0.0,0.0,95,680.0,8.0,240.0,25.2,2.53,5.8,153,99,2020.0,1,0.506
2026-07-03T12:00,0.8,0.7,0.1,0.0,0.0,0.0,53,2310.0,9.0,35.0,26.3,0.56,4.9,153,100,9600.0,0,0.478
2026-07-03T13:00,0.4,0.0,0.4,0.0,0.0,0.0,95,2310.0,5.0,50.0,25.9,0.69,1.9,120,100,6640.0,0,0.481
2026-07-03T14:00,0.0,0.0,0.0,0.0,0.0,0.0,3,2090.0,4.0,55.0,25.6,0.82,2.3,76,100,5480.0,0,0.481
2026-07-03T15:00,0.0,0.0,0.0,0.0,0.0,0.0,3,2010.0,3.0,20.0,25.5,0.21,2.2,76,94,5600.0,0,0.481
2026-07-03T16:00,0.3,0.0,0.3,0.0,0.0,0.0,51,1510.0,1.0,20.0,25.3,0.07,2.9,45,99,6800.0,0,0.483
2026-07-03T17:00,0.0,0.0,0.0,0.0,0.0,0.0,3,1140.0,15.0,50.0,24.9,0.56,3.0,333,100,8480.0,0,0.484
2026-07-03T18:00,0.0,0.0,0.0,0.0,0.0,0.0,3,1310.0,4.0,65.0,24.9,0.21,1.8,256,100,4320.0,0,0.483
2026-07-03T19:00,0.2,0.2,0.0,0.0,0.0,0.0,51,1240.0,6.0,55.0,24.6,0.41,1.6,346,100,4380.0,0,0.485
2026-07-03T20:00,0.1,0.1,0.0,0.0,0.0,0.0,51,1260.0,6.0,35.0,24.2,0.46,1.7,347,100,4840.0,0,0.486
2026-07-03T21:00,0.1,0.1,0.0,0.0,0.0,0.0,51,1230.0,4.0,40.0,24.2,0.4,1.6,60,100,4100.0,0,0.486
2026-07-03T22:00,0.0,0.0,0.0,0.0,0.0,0.0,3,1150.0,3.0,65.0,24.2,0.43,1.6,36,100,1880.0,1,0.486
2026-07-03T23:00,0.0,0.0,0.0,0.0,0.0,0.0,3,1140.0,2.0,110.0,24.7,0.6,2.2,90,100,5660.0,1,0.486
2026-07-04T00:00,0.0,0.0,0.0,0.0,0.0,0.0,3,2100.0,0.0,235.0,26.2,0.81,4.2,79,100,1020.0,1,0.481
2026-07-04T01:00,0.1,0.0,0.1,0.0,0.0,0.0,51,1740.0,0.0,740.0,27.0,0.6,4.0,114,99,9040.0,1,0.481
2026-07-04T02:00,0.0,0.0,0.0,0.0,0.0,0.0,3,1270.0,0.0,970.0,28.6,1.09,5.5,196,100,16020.0,1,0.479
2026-07-04T03:00,0.3,0.2,0.1,0.0,0.0,0.0,51,850.0,0.0,1105.0,29.7,1.59,6.4,204,100,3640.0,1,0.479
2026-07-04T04:00,0.7,0.5,0.2,0.0,0.0,0.0,53,660.0,5.0,855.0,29.7,1.58,6.2,169,98,4560.0,1,0.484
2026-07-04T05:00,0.3,0.2,0.1,0.0,0.0,0.0,51,960.0,3.0,955.0,30.8,1.77,6.2,151,97,4880.0,1,0.483
2026-07-04T06:00,0.2,0.1,0.1,0.0,0.0,0.0,51,1380.0,0.0,1475.0,32.1,1.11,6.3,126,80,20060.0,1,0.482
2026-07-04T07:00,0.1,0.1,0.0,0.0,0.0,0.0,51,1280.0,0.0,1160.0,31.5,2.56,7.3,129,65,7880.0,1,0.479
2026-07-04T08:00,0.1,0.0,0.1,0.0,0.0,0.0,51,1110.0,2.0,930.0,30.7,1.57,7.1,63,93,18100.0,1,0.476
2026-07-04T09:00,3.0,0.5,2.5,0.0,0.0,0.0,96,1760.0,9.0,175.0,27.3,1.76,5.2,145,98,2060.0,1,0.508
2026-07-04T10:00,1.4,1.4,0.0,0.0,0.0,0.0,80,2310.0,3.0,165.0,26.8,1.8,3.7,357,98,3360.0,1,0.514
2026-07-04T11:00,0.6,0.6,0.0,0.0,0.0,0.0,53,2310.0,1.0,110.0,26.2,1.06,3.6,41,100,3900.0,1,0.512
2026-07-04T12:00,0.1,0.1,0.0,0.0,0.0,0.0,51,2860.0,12.0,125.0,27.0,1.8,2.1,90,97,6680.0,0,0.507
2026-07-04T13:00,0.0,0.0,0.0,0.0,0.0,0.0,3,2250.0,26.0,75.0,26.2,1.3,3.6,86,95,6700.0,0,0.504
2026-07-04T14:00,0.0,0.0,0.0,0.0,0.0,0.0,3,1920.0,27.0,45.0,25.7,1.0,4.0,72,95,6340.0,0,0.502
2026-07-04T15:00,0.0,0.0,0.0,0.0,0.0,0.0,3,1640.0,25.0,50.0,25.2,1.06,2.6,41,91,6700.0,0,0.501
2026-07-04T16:00,0.0,0.0,0.0,0.0,0.0,0.0,2,1260.0,13.0,40.0,25.0,0.56,2.8,10,78,6700.0,0,0.499
2026-07-04T17:00,0.0,0.0,0.0,0.0,0.0,0.0,3,1270.0,12.0,20.0,24.5,0.4,1.9,30,88,6060.0,0,0.498
2026-07-04T18:00,0.0,0.0,0.0,0.0,0.0,0.0,3,1500.0,10.0,35.0,25.2,0.85,1.9,90,95,4000.0,0,0.497
2026-07-04T19:00,0.1,0.1,0.0,0.0,0.0,0.0,51,1080.0,14.0,60.0,24.8,1.23,3.1,111,84,8300.0,0,0.497
2026-07-04T20:00,0.0,0.0,0.0,0.0,0.0,0.0,2,640.0,31.0,50.0,24.6,0.93,3.4,126,65,9060.0,0,0.496
2026-07-04T21:00,0.0,0.0,0.0,0.0,0.0,0.0,1,450.0,32.0,75.0,24.3,1.14,3.1,128,29,8360.0,0,0.495
2026-07-04T22:00,0.0,0.0,0.0,0.0,0.0,0.0,1,380.0,52.0,30.0,24.1,0.61,3.1,99,47,9280.0,1,0.494
2026-07-04T23:00,0.0,0.0,0.0,0.0,0.0,0.0,1,570.0,32.0,45.0,24.8,0.66,2.6,81,49,9240.0,1,0.494
2026-07-05T00:00,0.0,0.0,0.0,0.0,0.0,0.0,3,1070.0,10.0,350.0,26.4,0.78,2.8,135,91,11980.0,1,0.495
2026-07-05T01:00,0.0,0.0,0.0,0.0,0.0,0.0,3,1280.0,1.0,610.0,27.8,1.47,4.4,170,92,8580.0,1,0.493
2026-07-05T02:00,0.1,0.0,0.1,0.0,0.0,0.0,51,1160.0,0.0,910.0,29.2,1.86,5.2,175,99,8920.0,1,0.492
2026-07-05T03:00,0.1,0.1,0.0,0.0,0.0,0.0,51,820.0,2.0,1195.0,30.4,3.01,7.5,185,95,9800.0,1,0.49
2026-07-05T04:00,0.1,0.1,0.0,0.0,0.0,0.0,51,580.0,11.0,1170.0,31.3,3.32,8.0,187,74,10760.0,1,0.486
2026-07-05T05:00,0.0,0.0,0.0,0.0,0.0,0.0,2,800.0,10.0,1150.0,31.4,3.55,8.8,179,71,8260.0,1,0.483
2026-07-05T06:00,0.3,0.2,0.1,0.0,0.0,0.0,51,900.0,8.0,880.0,30.0,3.3,9.5,162,97,8200.0,1,0.48
2026-07-05T07:00,0.3,0.1,0.2,0.0,0.0,0.0,51,1380.0,7.0,765.0,29.5,2.55,8.6,132,47,6500.0,1,0.48
2026-07-05T08:00,0.1,0.1,0.0,0.0,0.0,0.0,51,1390.0,3.0,960.0,30.2,3.08,8.1,137,38,9300.0,1,0.479
2026-07-05T09:00,0.0,0.0,0.0,0.0,0.0,0.0,2,1330.0,9.0,905.0,29.9,3.25,8.0,135,53,13960.0,1,0.477
2026-07-05T10:00,0.0,0.0,0.0,0.0,0.0,0.0,1,1420.0,6.0,765.0,28.9,3.01,7.6,122,30,11440.0,1,0.476
2026-07-05T11:00,0.0,0.0,0.0,0.0,0.0,0.0,3,1690.0,6.0,740.0,28.2,2.06,6.7,94,93,14100.0,1,0.475
2026-07-05T12:00,0.0,0.0,0.0,0.0,0.0,0.0,3,2190.0,16.0,190.0,26.4,1.93,4.6,100,93,4420.0,0,0.466
2026-07-05T13:00,0.1,0.1,0.0,0.0,0.0,0.0,51,2070.0,12.0,75.0,26.2,1.07,4.6,79,100,8560.0,0,0.467
2026-07-05T14:00,0.0,0.0,0.0,0.0,0.0,0.0,3,1910.0,11.0,35.0,26.0,0.72,3.2,56,100,9760.0,0,0.468
2026-07-05T15:00,0.0,0.0,0.0,0.0,0.0,0.0,3,1790.0,11.0,25.0,25.7,0.54,2.5,34,100,6400.0,0,0.468
2026-07-05T16:00,0.0,0.0,0.0,0.0,0.0,0.0,3,1690.0,10.0,20.0,25.4,0.39,1.8,40,98,6500.0,0,0.469
2026-07-05T17:00,0.0,0.0,0.0,0.0,0.0,0.0,3,1580.0,11.0,20.0,25.2,0.3,1.3,90,100,6640.0,0,0.469
2026-07-05T18:00,0.0,0.0,0.0,0.0,0.0,0.0,3,2110.0,11.0,30.0,25.7,0.57,1.3,52,93,5460.0,0,0.465
2026-07-05T19:00,0.0,0.0,0.0,0.0,0.0,0.0,3,1870.0,11.0,55.0,25.0,0.9,2.0,56,96,5080.0,0,0.466
2026-07-05T20:00,0.1,0.1,0.0,0.0,0.0,0.0,51,1570.0,10.0,130.0,24.9,1.25,2.8,53,100,6180.0,0,0.468
2026-07-05T21:00,0.0,0.0,0.0,0.0,0.0,0.0,3,1440.0,8.0,270.0,24.9,1.81,3.8,51,100,6620.0,0,0.468
2026-07-05T22:00,0.0,0.0,0.0,0.0,0.0,0.0,3,1220.0,10.0,350.0,24.7,2.08,4.8,55,100,6580.0,1,0.468
2026-07-05T23:00,0.0,0.0,0.0,0.0,0.0,0.0,3,1310.0,4.0,345.0,25.0,2.16,4.5,46,100,5720.0,1,0.469
2026-07-06T00:00,0.7,0.2,0.5,0.0,0.0,0.0,53,1400.0,1.0,490.0,25.9,2.63,6.2,33,100,8560.0,1,0.47
2026-07-06T01:00,0.0,0.0,0.0,0.0,0.0,0.0,3,1290.0,0.0,630.0,26.9,2.9,6.7,45,100,6700.0,1,0.47
2026-07-06T02:00,0.2,0.1,0.1,0.0,0.0,0.0,51,740.0,1.0,805.0,27.8,3.22,7.3,57,100,6240.0,1,0.471
2026-07-06T03:00,0.3,0.3,0.0,0.0,0.0,0.0,51,600.0,1.0,760.0,28.5,3.11,7.7,53,98,4300.0,1,0.472
2026-07-06T04:00,0.4,0.3,0.1,0.0,0.0,0.0,51,1330.0,0.0,1145.0,29.7,2.93,7.5,63,79,12800.0,1,0.473
2026-07-06T05:00,0.1,0.0,0.1,0.0,0.0,0.0,51,1190.0,0.0,995.0,30.1,3.68,9.1,59,98,3700.0,1,0.47
2026-07-06T06:00,0.4,0.2,0.2,0.0,0.0,0.0,51,620.0,5.0,780.0,29.0,2.05,8.9,45,90,6820.0,1,0.475
2026-07-06T07:00,0.2,0.1,0.1,0.0,0.0,0.0,51,480.0,8.0,940.0,30.3,1.89,6.4,53,95,9980.0,1,0.473
2026-07-06T08:00,0.1,0.1,0.0,0.0,0.0,0.0,51,500.0,13.0,1025.0,30.6,1.19,5.4,57,94,9400.0,1,0.471
2026-07-06T09:00,0.1,0.1,0.0,0.0,0.0,0.0,51,580.0,17.0,935.0,30.2,1.55,4.2,90,70,11840.0,1,0.469
2026-07-06T10:00,0.0,0.0,0.0,0.0,0.0,0.0,1,720.0,14.0,780.0,29.8,1.84,4.5,103,20,10860.0,1,0.468
2026-07-06T11:00,0.0,0.0,0.0,0.0,0.0,0.0,0,1020.0,22.0,245.0,28.5,1.61,4.5,97,5,13320.0,1,0.467
2026-07-06T12:00,0.0,0.0,0.0,0.0,0.0,0.0,1,1410.0,20.0,95.0,27.5,1.36,3.5,96,37,11700.0,0,0.458
2026-07-06T13:00,0.0,0.0,0.0,0.0,0.0,0.0,0,1270.0,29.0,75.0,26.4,1.42,3.2,108,11,12920.0,0,0.458
2026-07-06T14:00,0.0,0.0,0.0,0.0,0.0,0.0,1,1290.0,40.0,70.0,25.9,1.14,3.3,113,26,11180.0,0,0.459
2026-07-06T15:00,0.0,0.0,0.0,0.0,0.0,0.0,1,1300.0,51.0,30.0,25.5,0.72,2.9,102,32,11640.0,0,0.459
2026-07-06T16:00,0.0,0.0,0.0,0.0,0.0,0.0,1,1280.0,59.0,25.0,25.2,0.68,2.2,107,41,9860.0,0,0.46
2026-07-06T17:00,0.0,0.0,0.0,0.0,0.0,0.0,2,1170.0,44.0,50.0,25.0,0.99,2.8,139,52,9900.0,0,0.46
2026-07-06T18:00,0.0,0.0,0.0,0.0,0.0,0.0,1,1870.0,28.0,65.0,25.6,1.03,2.9,133,29,9060.0,0,0.455
2026-07-06T19:00,0.0,0.0,0.0,0.0,0.0,0.0,1,1700.0,25.0,80.0,25.3,1.06,2.8,135,23,9780.0,0,0.455
2026-07-06T20:00,0.0,0.0,0.0,0.0,0.0,0.0,0,1660.0,33.0,55.0,25.0,1.06,2.9,135,4,9960.0,0,0.456
2026-07-06T21:00,0.0,0.0,0.0,0.0,0.0,0.0,0,1520.0,40.0,50.0,24.7,0.99,2.8,135,5,9980.0,0,0.457
2026-07-06T22:00,0.0,0.0,0.0,0.0,0.0,0.0,0,1310.0,34.0,50.0,24.5,1.03,2.8,141,6,9980.0,1,0.457
2026-07-06T23:00,0.0,0.0,0.0,0.0,0.0,0.0,0,1310.0,54.0,245.0,25.9,1.36,3.4,163,7,12160.0,1,0.458
2026-07-07T00:00,0.0,0.0,0.0,0.0,0.0,0.0,2,1480.0,40.0,565.0,27.6,1.61,4.5,173,63,14080.0,1,0.463
2026-07-07T01:00,0.0,0.0,0.0,0.0,0.0,0.0,1,1650.0,27.0,840.0,29.3,3.09,7.2,205,41,16340.0,1,0.462
2026-07-07T02:00,0.0,0.0,0.0,0.0,0.0,0.0,3,1830.0,17.0,1105.0,30.6,3.05,7.6,212,91,18420.0,1,0.46
2026-07-07T03:00,0.0,0.0,0.0,0.0,0.0,0.0,3,1970.0,12.0,1250.0,31.6,3.0,7.4,206,99,18440.0,1,0.458
2026-07-07T04:00,0.0,0.0,0.0,0.0,0.0,0.0,0,2290.0,7.0,1275.0,32.5,2.92,7.8,202,15,20460.0,1,0.456
2026-07-07T05:00,0.0,0.0,0.0,0.0,0.0,0.0,0,2780.0,1.0,1305.0,33.6,2.29,7.5,196,6,17960.0,1,0.452
2026-07-07T06:00,0.0,0.0,0.0,0.0,0.0,0.0,0,2920.0,0.0,1400.0,34.5,1.05,6.5,185,14,20480.0,1,0.445
2026-07-07T07:00,0.0,0.0,0.0,0.0,0.0,0.0,1,2900.0,0.0,1505.0,34.6,0.97,4.4,159,27,11120.0,1,0.442
2026-07-07T08:00,0.0,0.0,0.0,0.0,0.0,0.0,1,2810.0,0.0,1380.0,34.3,1.86,4.6,153,39,11540.0,1,0.44
2026-07-07T09:00,0.2,0.1,0.1,0.0,0.0,0.0,51,2510.0,43.0,460.0,31.8,2.66,8.6,154,40,8820.0,1,0.44
2026-07-07T10:00,0.0,0.0,0.0,0.0,0.0,0.0,1,3270.0,32.0,335.0,31.7,1.01,6.1,99,30,18480.0,1,0.439
2026-07-07T11:00,0.0,0.0,0.0,0.0,0.0,0.0,1,4040.0,20.0,200.0,30.8,1.36,3.2,98,27,15320.0,1,0.439
2026-07-07T12:00,1.8,0.2,1.6,0.0,0.0,0.0,95,4290.0,36.0,50.0,29.3,1.12,3.4,111,41,10020.0,0,0.417
2026-07-07T13:00,0.0,0.0,0.0,0.0,0.0,0.0,2,3710.0,34.0,105.0,28.1,2.33,4.3,118,65,11160.0,0,0.418
2026-07-07T14:00,0.7,0.5,0.2,0.0,0.0,0.0,53,1420.0,5.0,100.0,26.5,2.06,5.8,113,92,4340.0,0,0.425
2026-07-07T15:00,0.2,0.2,0.0,0.0,0.0,0.0,51,1580.0,83.0,35.0,26.5,0.76,4.1,113,95,7820.0,0,0.427
2026-07-07T16:00,0.0,0.0,0.0,0.0,0.0,0.0,2,1580.0,77.0,45.0,26.1,0.97,2.8,102,61,9220.0,0,0.428
2026-07-07T17:00,0.0,0.0,0.0,0.0,0.0,0.0,0,1420.0,86.0,125.0,25.9,1.12,3.1,148,15,11740.0,0,0.429
2026-07-07T18:00,0.0,0.0,0.0,0.0,0.0,0.0,1,1740.0,32.0,140.0,26.1,1.49,3.6,132,35,11760.0,0,0.427
2026-07-07T19:00,0.0,0.0,0.0,0.0,0.0,0.0,1,1270.0,57.0,255.0,25.5,1.61,3.9,150,23,12000.0,0,0.428
2026-07-07T20:00,0.0,0.0,0.0,0.0,0.0,0.0,0,970.0,76.0,90.0,25.2,0.99,3.8,135,13,12160.0,0,0.429
2026-07-07T21:00,0.0,0.0,0.0,0.0,0.0,0.0,0,870.0,28.0,30.0,24.9,0.65,2.7,94,14,12220.0,0,0.43
2026-07-07T22:00,0.0,0.0,0.0,0.0,0.0,0.0,1,1030.0,7.0,35.0,24.5,1.05,2.3,90,22,10060.0,1,0.43
2026-07-07T23:00,0.0,0.0,0.0,0.0,0.0,0.0,1,1150.0,7.0,90.0,25.5,1.3,3.2,94,27,9100.0,1,0.431
2026-07-08T00:00,0.0,0.0,0.0,0.0,0.0,0.0,2,1020.0,14.0,355.0,26.9,1.24,4.2,130,58,11660.0,1,0.429
2026-07-08T01:00,0.0,0.0,0.0,0.0,0.0,0.0,1,1520.0,1.0,605.0,28.6,1.29,4.1,193,37,9660.0,1,0.428
2026-07-08T02:00,0.0,0.0,0.0,0.0,0.0,0.0,0,1940.0,0.0,930.0,30.1,0.92,4.3,221,16,12520.0,1,0.427
2026-07-08T03:00,0.0,0.0,0.0,0.0,0.0,0.0,2,2330.0,0.0,1075.0,31.4,0.67,3.9,207,52,10280.0,1,0.426
2026-07-08T04:00,0.1,0.0,0.1,0.0,0.0,0.0,51,2630.0,0.0,1205.0,32.4,0.47,3.9,162,55,10780.0,1,0.424
2026-07-08T05:00,0.1,0.0,0.1,0.0,0.0,0.0,95,2860.0,0.0,1425.0,33.4,0.4,3.7,120,66,18560.0,1,0.421
2026-07-08T06:00,0.1,0.0,0.1,0.0,0.0,0.0,95,2810.0,0.0,1630.0,33.7,1.01,4.2,70,100,20620.0,1,0.406
2026-07-08T07:00,0.1,0.1,0.0,0.0,0.0,0.0,51,2360.0,0.0,900.0,32.2,1.81,5.2,132,100,5000.0,1,0.405
2026-07-08T08:00,0.6,0.3,0.3,0.0,0.0,0.0,53,2550.0,8.0,560.0,30.7,1.92,5.6,129,36,6640.0,1,0.41
2026-07-08T09:00,0.1,0.1,0.0,0.0,0.0,0.0,51,2630.0,2.0,945.0,31.8,1.54,5.1,65,19,11400.0,1,0.409
2026-07-08T10:00,0.2,0.0,0.2,0.0,0.0,0.0,95,2550.0,9.0,395.0,30.7,1.44,4.7,76,59,7200.0,1,0.41
2026-07-08T11:00,0.4,0.3,0.1,0.0,0.0,0.0,51,2980.0,21.0,60.0,28.7,1.38,3.5,251,63,6840.0,1,0.413
2026-07-08T12:00,0.0,0.0,0.0,0.0,0.0,0.0,1,2830.0,47.0,45.0,27.2,1.17,3.1,80,26,6780.0,0,0.401
2026-07-08T13:00,0.0,0.0,0.0,0.0,0.0,0.0,0,3000.0,36.0,25.0,26.6,0.72,2.7,102,17,6940.0,0,0.402
2026-07-08T14:00,0.0,0.0,0.0,0.0,0.0,0.0,3,3160.0,23.0,15.0,26.4,0.4,2.3,60,98,500.0,0,0.403
2026-07-08T15:00,0.0,0.0,0.0,0.0,0.0,0.0,3,2910.0,20.0,20.0,26.2,0.51,1.8,79,98,280.0,0,0.404
2026-07-08T16:00,0.0,0.0,0.0,0.0,0.0,0.0,3,2250.0,30.0,25.0,25.8,1.05,2.4,95,97,180.0,0,0.405
2026-07-08T17:00,0.0,0.0,0.0,0.0,0.0,0.0,2,1540.0,52.0,35.0,25.5,1.26,2.9,108,56,420.0,0,0.406
2026-07-08T18:00,0.0,0.0,0.0,0.0,0.0,0.0,0,1600.0,28.0,55.0,25.9,1.43,2.9,126,8,10120.0,0,0.406
2026-07-08T19:00,0.0,0.0,0.0,0.0,0.0,0.0,0,1150.0,38.0,40.0,25.3,0.98,3.1,114,2,10120.0,0,0.407
2026-07-08T20:00,0.0,0.0,0.0,0.0,0.0,0.0,0,950.0,48.0,30.0,24.9,0.74,2.3,110,8,10120.0,0,0.408
2026-07-08T21:00,0.0,0.0,0.0,0.0,0.0,0.0,0,790.0,52.0,30.0,24.5,0.74,1.9,110,13,6960.0,0,0.409
2026-07-08T22:00,0.0,0.0,0.0,0.0,0.0,0.0,0,660.0,20.0,25.0,24.3,0.74,1.9,110,10,6960.0,1,0.409
2026-07-08T23:00,0.0,0.0,0.0,0.0,0.0,0.0,0,780.0,13.0,65.0,25.4,1.01,2.6,110,8,10120.0,1,0.41
2026-07-09T00:00,0.0,0.0,0.0,0.0,0.0,0.0,0,1110.0,21.0,310.0,27.5,0.43,3.1,144,0,14260.0,1,0.413
2026-07-09T01:00,0.0,0.0,0.0,0.0,0.0,0.0,0,1500.0,4.0,615.0,29.1,0.64,3.2,231,1,16560.0,1,0.412
2026-07-09T02:00,0.0,0.0,0.0,0.0,0.0,0.0,1,1510.0,3.0,870.0,30.8,1.17,4.3,230,21,8180.0,1,0.411
2026-07-09T03:00,0.1,0.1,0.0,0.0,0.0,0.0,51,1560.0,3.0,1045.0,31.9,1.19,4.5,213,20,8300.0,1,0.409
2026-07-09T04:00,0.1,0.1,0.0,0.0,0.0,0.0,51,1640.0,2.0,1205.0,33.0,1.3,4.7,180,22,6400.0,1,0.407
2026-07-09T05:00,0.2,0.1,0.1,0.0,0.0,0.0,51,1850.0,0.0,1285.0,33.3,2.18,6.0,164,24,8960.0,1,0.406
2026-07-09T06:00,0.1,0.1,0.0,0.0,0.0,0.0,51,1560.0,6.0,1270.0,33.6,1.97,6.3,150,26,7440.0,1,0.399
2026-07-09T07:00,0.3,0.3,0.0,0.0,0.0,0.0,51,1270.0,12.0,1250.0,33.4,1.68,5.7,153,33,4600.0,1,0.399
2026-07-09T08:00,0.7,0.3,0.4,0.0,0.0,0.0,53,1900.0,7.0,1185.0,33.1,1.79,5.2,144,43,6360.0,1,0.403
2026-07-09T09:00,0.1,0.1,0.0,0.0,0.0,0.0,51,1880.0,4.0,1205.0,33.2,2.02,4.9,120,29,9020.0,1,0.402
2026-07-09T10:00,0.1,0.1,0.0,0.0,0.0,0.0,51,1950.0,6.0,1035.0,32.4,2.55,5.9,132,22,12700.0,1,0.402
2026-07-09T11:00,0.0,0.0,0.0,0.0,0.0,0.0,1,2200.0,19.0,615.0,31.0,2.41,5.6,124,21,18720.0,1,0.401
2026-07-09T12:00,0.0,0.0,0.0,0.0,0.0,0.0,1,2360.0,51.0,180.0,29.6,1.9,5.3,104,25,16520.0,0,0.388
2026-07-09T13:00,0.0,0.0,0.0,0.0,0.0,0.0,1,1910.0,66.0,330.0,29.1,2.28,5.1,119,44,16620.0,0,0.389
2026-07-09T14:00,0.0,0.0,0.0,0.0,0.0,0.0,3,1500.0,75.0,425.0,28.8,2.23,5.3,130,95,16620.0,0,0.389
2026-07-09T15:00,0.0,0.0,0.0,0.0,0.0,0.0,3,1200.0,83.0,380.0,28.3,1.48,5.2,147,99,16620.0,0,0.389
2026-07-09T16:00,0.0,0.0,0.0,0.0,0.0,0.0,2,1050.0,75.0,315.0,27.8,1.14,3.8,157,67,16620.0,0,0.39
2026-07-09T17:00,0.0,0.0,0.0,0.0,0.0,0.0,2,930.0,82.0,300.0,27.4,1.12,3.3,159,76,16640.0,0,0.39
2026-07-09T18:00,0.0,0.0,0.0,0.0,0.0,0.0,2,990.0,56.0,370.0,27.3,1.13,3.2,135,73,16640.0,0,0.389
2026-07-09T19:00,0.0,0.0,0.0,0.0,0.0,0.0,2,860.0,66.0,130.0,26.7,1.22,3.1,125,64,14340.0,0,0.39
2026-07-09T20:00,0.0,0.0,0.0,0.0,0.0,0.0,1,690.0,26.0,75.0,26.1,1.27,3.1,116,48,14340.0,0,0.39
2026-07-09T21:00,0.0,0.0,0.0,0.0,0.0,0.0,0,730.0,5.0,75.0,25.9,1.12,3.1,117,19,12400.0,0,0.39
2026-07-09T22:00,0.0,0.0,0.0,0.0,0.0,0.0,1,660.0,2.0,70.0,25.6,1.1,2.8,114,23,12400.0,1,0.391
2026-07-09T23:00,0.0,0.0,0.0,0.0,0.0,0.0,1,790.0,32.0,310.0,26.6,1.2,3.1,107,20,12400.0,1,0.391
2026-07-10T00:00,0.0,0.0,0.0,0.0,0.0,0.0,0,1120.0,14.0,460.0,28.2,1.06,3.4,135,3,16660.0,1,0.39
2026-07-10T01:00,0.0,0.0,0.0,0.0,0.0,0.0,0,1400.0,0.0,755.0,29.8,1.49,4.3,194,16,7980.0,1,0.389
2026-07-10T02:00,0.2,0.1,0.1,0.0,0.0,0.0,51,1340.0,1.0,930.0,30.8,2.12,5.9,207,22,6980.0,1,0.389
2026-07-10T03:00,0.2,0.2,0.0,0.0,0.0,0.0,51,1320.0,3.0,1065.0,32.1,1.61,5.8,196,27,7100.0,1,0.388
2026-07-10T04:00,0.2,0.2,0.0,0.0,0.0,0.0,51,1370.0,4.0,1205.0,33.1,1.95,5.7,181,34,7180.0,1,0.387
2026-07-10T05:00,0.2,0.2,0.0,0.0,0.0,0.0,51,1430.0,7.0,1270.0,33.9,1.93,5.9,170,21,7940.0,1,0.385
2026-07-10T06:00,0.1,0.1,0.0,0.0,0.0,0.0,51,1590.0,0.0,1450.0,34.2,1.86,6.1,156,12,10940.0,1,0.384
2026-07-10T07:00,0.1,0.1,0.0,0.0,0.0,0.0,51,1820.0,0.0,1440.0,34.3,2.41,6.6,146,5,14240.0,1,0.381
2026-07-10T08:00,0.0,0.0,0.0,0.0,0.0,0.0,0,2130.0,0.0,1535.0,34.4,2.75,7.4,151,11,15240.0,1,0.378
2026-07-10T09:00,0.0,0.0,0.0,0.0,0.0,0.0,1,2370.0,0.0,1420.0,33.9,2.79,7.5,144,26,10860.0,1,0.377
2026-07-10T10:00,0.1,0.0,0.1,0.0,0.0,0.0,51,2220.0,2.0,1280.0,33.2,2.27,6.9,139,43,6720.0,1,0.376
2026-07-10T11:00,0.1,0.1,0.0,0.0,0.0,0.0,51,2430.0,14.0,260.0,31.6,1.34,5.1,117,27,16760.0,1,0.377
2026-07-10T12:00,0.0,0.0,0.0,0.0,0.0,0.0,1,3800.0,28.0,50.0,29.7,1.58,3.5,79,21,12380.0,0,0.371
2026-07-10T13:00,0.0,0.0,0.0,0.0,0.0,0.0,1,2900.0,37.0,60.0,29.2,1.47,3.5,100,20,14420.0,0,0.371
2026-07-10T14:00,0.0,0.0,0.0,0.0,0.0,0.0,0,2170.0,51.0,40.0,28.8,1.19,3.4,112,12,14420.0,0,0.372
2026-07-10T15:00,0.0,0.0,0.0,0.0,0.0,0.0,0,1840.0,67.0,45.0,28.3,1.43,3.3,115,7,14420.0,0,0.372
2026-07-10T16:00,0.0,0.0,0.0,0.0,0.0,0.0,0,1600.0,76.0,45.0,27.9,1.36,3.4,118,5,14420.0,0,0.372
2026-07-10T17:00,0.0,0.0,0.0,0.0,0.0,0.0,0,1470.0,79.0,45.0,27.5,1.19,3.3,112,13,14440.0,0,0.372
2026-07-10T18:00,0.0,0.0,0.0,0.0,0.0,0.0,0,1580.0,55.0,50.0,27.8,1.25,3.0,106,2,14440.0,0,0.372
2026-07-10T19:00,0.0,0.0,0.0,0.0,0.0,0.0,0,1350.0,63.0,45.0,27.0,1.42,3.4,108,2,14440.0,0,0.372
2026-07-10T20:00,0.0,0.0,0.0,0.0,0.0,0.0,0,1150.0,71.0,40.0,26.5,1.24,3.5,104,2,12480.0,0,0.372
2026-07-10T21:00,0.0,0.0,0.0,0.0,0.0,0.0,0,1000.0,75.0,35.0,26.0,1.04,3.1,107,5,12480.0,0,0.373
2026-07-10T22:00,0.0,0.0,0.0,0.0,0.0,0.0,2,920.0,74.0,20.0,25.6,0.65,2.8,94,52,12500.0,1,0.373
2026-07-10T23:00,0.0,0.0,0.0,0.0,0.0,0.0,0,1120.0,60.0,30.0,26.6,0.66,2.2,81,2,10280.0,1,0.373
2026-07-11T00:00,0.0,0.0,0.0,0.0,0.0,0.0,0,1720.0,14.0,340.0,28.9,0.0,2.2,270,4,16640.0,1,0.373
2026-07-11T01:00,0.0,0.0,0.0,0.0,0.0,0.0,1,1710.0,3.0,665.0,30.2,0.35,2.8,278,21,9320.0,1,0.372
2026-07-11T02:00,0.1,0.1,0.0,0.0,0.0,0.0,51,1610.0,3.0,925.0,31.5,0.5,3.2,276,15,10160.0,1,0.371
2026-07-11T03:00,0.1,0.1,0.0,0.0,0.0,0.0,51,1680.0,6.0,1085.0,32.7,0.46,3.4,319,14,8480.0,1,0.369
2026-07-11T04:00,0.1,0.1,0.0,0.0,0.0,0.0,51,1850.0,5.0,1260.0,33.8,0.55,4.3,355,8,10240.0,1,0.368
2026-07-11T05:00,0.1,0.0,0.1,0.0,0.0,0.0,51,2080.0,4.0,1375.0,34.6,0.7,4.3,356,11,10820.0,1,0.365
2026-07-11T06:00,0.1,0.0,0.1,0.0,0.0,0.0,51,2150.0,3.0,1525.0,35.2,0.85,4.4,21,13,11780.0,1,0.356
2026-07-11T07:00,0.0,0.0,0.0,0.0,0.0,0.0,1,2240.0,6.0,1545.0,35.6,1.34,4.7,45,21,12300.0,1,0.353
2026-07-11T08:00,0.1,0.1,0.0,0.0,0.0,0.0,51,2230.0,4.0,1560.0,35.5,2.18,5.6,70,36,6380.0,1,0.351
2026-07-11T09:00,0.3,0.2,0.1,0.0,0.0,0.0,51,1870.0,14.0,1360.0,34.5,2.72,6.2,84,22,18920.0,1,0.352
2026-07-11T10:00,0.0,0.0,0.0,0.0,0.0,0.0,1,2470.0,17.0,745.0,33.4,2.85,6.5,79,30,21080.0,1,0.351
2026-07-11T11:00,0.0,0.0,0.0,0.0,0.0,0.0,1,2730.0,36.0,405.0,31.9,2.3,6.2,88,30,18980.0,1,0.35
2026-07-11T12:00,0.0,0.0,0.0,0.0,0.0,0.0,1,2620.0,53.0,125.0,30.9,1.56,5.0,97,23,19000.0,0,0.331
2026-07-11T13:00,0.0,0.0,0.0,0.0,0.0,0.0,2,2480.0,72.0,45.0,29.4,1.3,3.5,88,60,16840.0,0,0.331
2026-07-11T14:00,0.0,0.0,0.0,0.0,0.0,0.0,2,2410.0,86.0,45.0,28.6,1.16,3.1,83,74,14520.0,0,0.332
2026-07-11T15:00,0.0,0.0,0.0,0.0,0.0,0.0,3,2370.0,89.0,35.0,28.0,0.75,2.6,90,99,12560.0,0,0.332
2026-07-11T16:00,0.0,0.0,0.0,0.0,0.0,0.0,3,2450.0,85.0,15.0,28.0,0.11,1.8,117,98,12560.0,0,0.332
2026-07-11T17:00,0.0,0.0,0.0,0.0,0.0,0.0,2,2510.0,74.0,30.0,27.4,0.35,0.7,270,50,10340.0,0,0.332
2026-07-11T18:00,0.0,0.0,0.0,0.0,0.0,0.0,1,2690.0,52.0,15.0,27.8,0.11,0.7,207,27,12560.0,0,0.332
2026-07-11T19:00,0.0,0.0,0.0,0.0,0.0,0.0,0,2570.0,51.0,15.0,27.2,0.18,0.5,146,9,10340.0,0,0.332
2026-07-11T20:00,0.0,0.0,0.0,0.0,0.0,0.0,1,2490.0,49.0,20.0,27.0,0.15,0.5,180,38,10360.0,0,0.333
2026-07-11T21:00,0.0,0.0,0.0,0.0,0.0,0.0,2,2420.0,45.0,30.0,26.8,0.16,0.5,288,52,10360.0,0,0.333
2026-07-11T22:00,0.0,0.0,0.0,0.0,0.0,0.0,2,2260.0,49.0,45.0,26.6,0.16,0.6,252,52,10360.0,1,0.333
2026-07-11T23:00,0.0,0.0,0.0,0.0,0.0,0.0,1,2210.0,49.0,85.0,27.4,1.06,2.4,199,43,10360.0,1,0.333
2026-07-12T00:00,0.0,0.0,0.0,0.0,0.0,0.0,1,3090.0,14.0,180.0,28.9,0.81,3.0,227,31,12580.0,1,0.336
2026-07-12T01:00,0.0,0.0,0.0,0.0,0.0,0.0,0,2970.0,10.0,390.0,30.6,0.74,3.4,250,2,16900.0,1,0.335
2026-07-12T02:00,0.0,0.0,0.0,0.0,0.0,0.0,0,2790.0,4.0,750.0,32.3,0.73,4.6,254,8,18460.0,1,0.334
2026-07-12T03:00,0.0,0.0,0.0,0.0,0.0,0.0,0,2390.0,6.0,1030.0,33.6,0.67,4.7,283,9,13980.0,1,0.332
2026-07-12T04:00,0.0,0.0,0.0,0.0,0.0,0.0,0,2700.0,3.0,1180.0,34.6,0.42,4.4,315,10,12500.0,1,0.33
2026-07-12T05:00,0.0,0.0,0.0,0.0,0.0,0.0,0,3270.0,0.0,1405.0,35.3,0.28,4.0,315,5,17400.0,1,0.327
2026-07-12T06:00,0.0,0.0,0.0,0.0,0.0,0.0,0,2970.0,0.0,1550.0,36.1,0.94,3.8,25,14,10960.0,1,0.313
2026-07-12T07:00,0.1,0.0,0.1,0.0,0.0,0.0,51,3250.0,0.0,1535.0,36.0,0.85,4.3,69,35,13840.0,1,0.311
2026-07-12T08:00,0.0,0.0,0.0,0.0,0.0,0.0,1,3170.0,0.0,1400.0,35.8,0.6,4.1,48,25,14400.0,1,0.309
2026-07-12T09:00,0.0,0.0,0.0,0.0,0.0,0.0,0,3190.0,0.0,1435.0,35.7,0.82,3.3,52,5,19380.0,1,0.308
2026-07-12T10:00,0.0,0.0,0.0,0.0,0.0,0.0,0,3000.0,3.0,1295.0,35.2,1.26,3.2,83,9,9980.0,1,0.307
2026-07-12T11:00,0.2,0.1,0.1,0.0,0.0,0.0,51,3680.0,26.0,30.0,32.4,1.46,3.0,16,3,12140.0,1,0.308
2026-07-12T12:00,0.4,0.0,0.4,0.0,0.0,0.0,51,4390.0,33.0,30.0,32.5,0.64,3.6,51,6,16960.0,0,0.302
2026-07-12T13:00,0.2,0.0,0.2,0.0,0.0,0.0,51,3930.0,60.0,90.0,30.3,1.43,2.6,324,61,5220.0,0,0.304
2026-07-12T14:00,0.2,0.2,0.0,0.0,0.0,0.0,51,3230.0,88.0,50.0,28.9,1.65,4.0,194,27,9780.0,0,0.305
2026-07-12T15:00,0.0,0.0,0.0,0.0,0.0,0.0,1,2520.0,105.0,120.0,28.4,1.76,3.6,263,23,12560.0,0,0.305
2026-07-12T16:00,0.0,0.0,0.0,0.0,0.0,0.0,1,1880.0,17.0,75.0,27.7,0.43,4.1,306,27,11920.0,0,0.306
2026-07-12T17:00,0.0,0.0,0.0,0.0,0.0,0.0,1,1990.0,27.0,35.0,27.1,0.53,1.6,131,36,10360.0,0,0.306
2026-07-12T18:00,0.0,0.0,0.0,0.0,0.0,0.0,2,1950.0,104.0,35.0,27.3,0.36,1.3,106,73,10420.0,0,0.301
2026-07-12T19:00,0.0,0.0,0.0,0.0,0.0,0.0,2,1920.0,102.0,15.0,26.7,0.21,0.9,135,77,7200.0,0,0.302
2026-07-12T20:00,0.0,0.0,0.0,0.0,0.0,0.0,3,1900.0,101.0,10.0,26.3,0.14,0.9,135,84,7200.0,0,0.302
2026-07-12T21:00,0.0,0.0,0.0,0.0,0.0,0.0,2,1940.0,95.0,10.0,26.0,0.07,0.7,135,58,1280.0,0,0.302
2026-07-12T22:00,0.0,0.0,0.0,0.0,0.0,0.0,3,1810.0,92.0,20.0,25.8,0.32,1.0,198,99,200.0,1,0.302
2026-07-12T23:00,0.0,0.0,0.0,0.0,0.0,0.0,2,1810.0,82.0,15.0,26.4,0.35,1.8,278,64,300.0,1,0.303
2026-07-13T00:00,0.0,0.0,0.0,0.0,0.0,0.0,1,2340.0,55.0,195.0,28.4,0.29,2.7,301,25,4420.0,1,0.327
2026-07-13T01:00,0.0,0.0,0.0,0.0,0.0,0.0,0,2730.0,35.0,330.0,30.3,0.65,3.3,270,13,13620.0,1,0.327
2026-07-13T02:00,0.0,0.0,0.0,0.0,0.0,0.0,0,3070.0,12.0,630.0,32.4,0.68,3.6,287,3,19200.0,1,0.325
2026-07-13T03:00,0.1,0.1,0.0,0.0,0.0,0.0,51,2770.0,4.0,1055.0,34.1,0.92,4.0,257,14,9880.0,1,0.323
2026-07-13T04:00,0.0,0.0,0.0,0.0,0.0,0.0,0,2220.0,8.0,1275.0,35.4,0.92,4.1,241,5,13980.0,1,0.321
2026-07-13T05:00,0.0,0.0,0.0,0.0,0.0,0.0,0,1910.0,13.0,1505.0,36.4,0.78,4.0,230,8,24800.0,1,0.318
2026-07-13T06:00,0.0,0.0,0.0,0.0,0.0,0.0,0,1240.0,23.0,1695.0,37.0,0.05,4.4,360,15,10500.0,1,0.312
2026-07-13T07:00,0.0,0.0,0.0,0.0,0.0,0.0,0,1240.0,19.0,1835.0,37.4,0.43,3.5,216,13,24820.0,1,0.31
2026-07-13T08:00,0.0,0.0,0.0,0.0,0.0,0.0,2,1210.0,21.0,1840.0,37.4,1.31,4.1,198,55,27520.0,1,0.307
2026-07-13T09:00,0.0,0.0,0.0,0.0,0.0,0.0,1,870.0,47.0,1815.0,37.1,1.46,3.9,202,45,24820.0,1,0.306
2026-07-13T10:00,0.0,0.0,0.0,0.0,0.0,0.0,1,1180.0,33.0,430.0,35.8,1.54,3.9,167,38,24840.0,1,0.304
2026-07-13T11:00,0.0,0.0,0.0,0.0,0.0,0.0,1,3040.0,50.0,295.0,33.4,2.22,4.8,126,31,19260.0,1,0.304
2026-07-13T12:00,0.0,0.0,0.0,0.0,0.0,0.0,0,3710.0,74.0,65.0,32.2,1.86,4.9,144,8,17080.0,0,0.274
2026-07-13T13:00,0.0,0.0,0.0,0.0,0.0,0.0,0,3410.0,90.0,50.0,31.3,1.56,4.2,132,3,17080.0,0,0.274
2026-07-13T14:00,0.0,0.0,0.0,0.0,0.0,0.0,0,2900.0,105.0,55.0,30.9,1.35,3.8,141,12,17080.0,0,0.274
2026-07-13T15:00,0.0,0.0,0.0,0.0,0.0,0.0,0,2630.0,113.0,30.0,30.4,0.93,3.5,126,10,17080.0,0,0.274
2026-07-13T16:00,0.0,0.0,0.0,0.0,0.0,0.0,0,2350.0,122.0,30.0,29.8,0.88,2.8,137,10,17100.0,0,0.274
2026-07-13T17:00,0.0,0.0,0.0,0.0,0.0,0.0,0,2130.0,135.0,25.0,29.3,0.64,2.8,141,5,17100.0,0,0.274
2026-07-13T18:00,0.0,0.0,0.0,0.0,0.0,0.0,0,1850.0,118.0,25.0,29.0,0.76,2.4,113,5,17100.0,0,0.277
2026-07-13T19:00,0.0,0.0,0.0,0.0,0.0,0.0,0,1690.0,121.0,25.0,28.3,0.69,2.4,120,0,17100.0,0,0.278
2026-07-13T20:00,0.0,0.0,0.0,0.0,0.0,0.0,0,1540.0,123.0,25.0,28.0,0.76,2.3,122,1,17120.0,0,0.278
2026-07-13T21:00,0.0,0.0,0.0,0.0,0.0,0.0,0,1360.0,125.0,20.0,27.7,0.51,2.3,119,0,14740.0,0,0.278
2026-07-13T22:00,0.0,0.0,0.0,0.0,0.0,0.0,0,1190.0,130.0,15.0,27.0,0.49,1.8,135,0,14760.0,1,0.278
2026-07-13T23:00,0.0,0.0,0.0,0.0,0.0,0.0,0,1220.0,113.0,35.0,27.9,1.13,2.7,139,0,12760.0,1,0.278
2026-07-14T00:00,0.0,0.0,0.0,0.0,0.0,0.0,0,2310.0,34.0,230.0,30.7,0.74,2.9,152,9,17140.0,1,0.281
2026-07-14T01:00,0.0,0.0,0.0,0.0,0.0,0.0,0,2220.0,10.0,935.0,32.5,1.08,3.8,193,15,19340.0,1,0.28
2026-07-14T02:00,0.0,0.0,0.0,0.0,0.0,0.0,0,1900.0,8.0,1130.0,33.9,1.77,5.5,196,1,21480.0,1,0.279
2026-07-14T03:00,0.0,0.0,0.0,0.0,0.0,0.0,0,1660.0,6.0,1360.0,35.0,1.95,6.0,193,3,21480.0,1,0.277
2026-07-14T04:00,0.0,0.0,0.0,0.0,0.0,0.0,1,1510.0,9.0,1610.0,36.0,1.63,6.0,203,22,24960.0,1,0.275
2026-07-14T05:00,0.0,0.0,0.0,0.0,0.0,0.0,1,1580.0,12.0,1680.0,36.7,1.38,5.5,199,23,24980.0,1,0.273
2026-07-14T06:00,0.0,0.0,0.0,0.0,0.0,0.0,1,2220.0,2.0,1830.0,37.5,1.15,5.0,124,38,24980.0,1,0.269
2026-07-14T07:00,0.0,0.0,0.0,0.0,0.0,0.0,1,2400.0,2.0,1850.0,37.7,1.19,4.7,118,23,25000.0,1,0.267
2026-07-14T08:00,0.0,0.0,0.0,0.0,0.0,0.0,1,2230.0,9.0,1790.0,37.5,2.01,5.1,117,38,13360.0,1,0.265
2026-07-14T09:00,0.0,0.0,0.0,0.0,0.0,0.0,1,2540.0,5.0,1720.0,36.8,2.48,5.8,124,30,25000.0,1,0.264
2026-07-14T10:00,0.0,0.0,0.0,0.0,0.0,0.0,0,2440.0,13.0,1400.0,35.7,2.19,5.8,133,13,25020.0,1,0.263
2026-07-14T11:00,0.0,0.0,0.0,0.0,0.0,0.0,0,2640.0,42.0,350.0,33.9,1.81,4.9,138,16,21540.0,1,0.262
2026-07-14T12:00,0.0,0.0,0.0,0.0,0.0,0.0,0,3750.0,58.0,70.0,32.8,1.54,4.2,103,19,19400.0,0,0.246
2026-07-14T13:00,0.0,0.0,0.0,0.0,0.0,0.0,1,3480.0,85.0,45.0,31.4,1.58,3.9,101,23,17200.0,0,0.245
2026-07-14T14:00,0.0,0.0,0.0,0.0,0.0,0.0,0,3470.0,94.0,35.0,30.4,1.3,3.6,94,13,17200.0,0,0.245
2026-07-14T15:00,0.0,0.0,0.0,0.0,0.0,0.0,0,3420.0,89.0,30.0,29.8,0.97,3.1,111,12,14820.0,0,0.246
2026-07-14T16:00,0.0,0.0,0.0,0.0,0.0,0.0,0,3260.0,85.0,20.0,29.4,0.61,2.6,99,18,14820.0,0,0.246
2026-07-14T17:00,0.0,0.0,0.0,0.0,0.0,0.0,0,3280.0,75.0,15.0,28.9,0.25,1.9,79,5,12840.0,0,0.246
2026-07-14T18:00,0.0,0.0,0.0,0.0,0.0,0.0,0,3440.0,47.0,20.0,29.0,0.89,1.4,117,4,10580.0,0,0.241
2026-07-14T19:00,0.0,0.0,0.0,0.0,0.0,0.0,0,3030.0,52.0,20.0,28.3,0.74,2.3,118,3,10580.0,0,0.241
2026-07-14T20:00,0.0,0.0,0.0,0.0,0.0,0.0,0,2970.0,50.0,15.0,28.0,0.45,1.9,117,3,10600.0,0,0.241
2026-07-14T21:00,0.0,0.0,0.0,0.0,0.0,0.0,0,2760.0,48.0,20.0,27.6,0.56,1.8,117,15,9900.0,0,0.241
2026-07-14T22:00,0.0,0.0,0.0,0.0,0.0,0.0,0,2590.0,50.0,20.0,27.3,0.72,1.8,102,16,9900.0,1,0.241
2026-07-14T23:00,0.0,0.0,0.0,0.0,0.0,0.0,1,2710.0,39.0,45.0,28.5,1.3,2.9,86,21,12120.0,1,0.241
2026-07-15T00:00,0.0,0.0,0.0,0.0,0.0,0.0,0,2490.0,31.0,235.0,31.0,0.74,3.1,70,7,17260.0,1,0.243
2026-07-15T01:00,0.0,0.0,0.0,0.0,0.0,0.0,0,2420.0,12.0,680.0,32.6,0.4,2.8,83,0,19480.0,1,0.243
2026-07-15T02:00,0.0,0.0,0.0,0.0,0.0,0.0,1,2490.0,2.0,1045.0,33.8,0.56,3.3,100,39,13660.0,1,0.242
2026-07-15T03:00,0.1,0.0,0.1,0.0,0.0,0.0,51,2550.0,1.0,1255.0,34.8,0.9,4.0,93,23,12060.0,1,0.242
2026-07-15T04:00,0.0,0.0,0.0,0.0,0.0,0.0,0,3050.0,0.0,1515.0,35.6,1.05,4.3,93,17,12080.0,1,0.241
2026-07-15T05:00,0.0,0.0,0.0,0.0,0.0,0.0,0,3140.0,0.0,1705.0,36.2,1.39,4.9,69,6,18020.0,1,0.24
2026-07-15T06:00,0.0,0.0,0.0,0.0,0.0,0.0,0,2570.0,0.0,1665.0,36.8,1.47,5.4,55,13,17780.0,1,0.226
2026-07-15T07:00,0.1,0.1,0.0,0.0,0.0,0.0,51,2540.0,0.0,1795.0,36.9,1.63,5.1,63,10,12320.0,1,0.226
2026-07-15T08:00,0.0,0.0,0.0,0.0,0.0,0.0,0,2550.0,0.0,1840.0,36.8,2.01,5.4,71,9,25180.0,1,0.226
2026-07-15T09:00,0.0,0.0,0.0,0.0,0.0,0.0,0,2160.0,0.0,1620.0,36.4,2.41,5.8,85,10,25180.0,1,0.226
2026-07-15T10:00,0.6,0.1,0.5,0.0,0.0,0.0,53,800.0,32.0,1055.0,34.0,2.58,6.0,112,59,3620.0,1,0.231
2026-07-15T11:00,0.3,0.3,0.0,0.0,0.0,0.0,51,2430.0,33.0,450.0,32.4,2.76,6.4,138,84,19520.0,1,0.233
2026-07-15T12:00,0.0,0.0,0.0,0.0,0.0,0.0,1,5360.0,6.0,15.0,30.1,0.5,5.8,37,46,5560.0,0,0.24
2026-07-15T13:00,0.0,0.0,0.0,0.0,0.0,0.0,2,5270.0,3.0,20.0,29.5,0.43,1.5,111,62,6240.0,0,0.24
2026-07-15T14:00,0.0,0.0,0.0,0.0,0.0,0.0,2,5060.0,4.0,35.0,29.1,0.67,1.7,77,59,6940.0,0,0.24
2026-07-15T15:00,0.0,0.0,0.0,0.0,0.0,0.0,3,4730.0,5.0,25.0,28.7,0.47,1.9,122,99,460.0,0,0.24
2026-07-15T16:00,0.0,0.0,0.0,0.0,0.0,0.0,3,4050.0,7.0,30.0,28.2,0.99,2.4,135,98,200.0,0,0.241
2026-07-15T17:00,0.0,0.0,0.0,0.0,0.0,0.0,3,3280.0,12.0,35.0,27.6,1.1,2.7,133,98,200.0,0,0.241
2026-07-15T18:00,0.0,0.0,0.0,0.0,0.0,0.0,3,3280.0,3.0,35.0,27.6,0.71,2.6,98,100,460.0,0,0.235
2026-07-15T19:00,0.0,0.0,0.0,0.0,0.0,0.0,3,2850.0,5.0,55.0,27.1,1.45,2.8,88,100,300.0,0,0.235
2026-07-15T20:00,0.0,0.0,0.0,0.0,0.0,0.0,3,2460.0,5.0,65.0,26.7,1.51,3.0,98,99,460.0,0,0.235
2026-07-15T21:00,0.0,0.0,0.0,0.0,0.0,0.0,3,2310.0,2.0,60.0,26.5,0.86,3.1,97,80,1560.0,0,0.235
2026-07-15T22:00,0.0,0.0,0.0,0.0,0.0,0.0,3,1590.0,4.0,45.0,26.3,0.59,2.1,110,84,8400.0,1,0.236
2026-07-15T23:00,0.0,0.0,0.0,0.0,0.0,0.0,1,1760.0,0.0,115.0,26.8,0.8,2.3,94,34,6820.0,1,0.236
2026-07-16T00:00,0.0,0.0,0.0,0.0,0.0,0.0,2,1350.0,0.0,430.0,28.0,0.86,3.1,126,54,11900.0,1,0.257
2026-07-16T01:00,0.1,0.1,0.0,0.0,0.0,0.0,51,1430.0,0.0,645.0,29.4,1.03,4.0,157,38,8200.0,1,0.257
2026-07-16T02:00,0.0,0.0,0.0,0.0,0.0,0.0,3,1660.0,0.0,1040.0,31.2,1.0,4.4,180,100,13760.0,1,0.257
2026-07-16T03:00,0.0,0.0,0.0,0.0,0.0,0.0,3,1750.0,0.0,1260.0,32.3,1.44,5.4,194,100,10080.0,1,0.256
2026-07-16T04:00,0.1,0.1,0.0,0.0,0.0,0.0,51,1640.0,0.0,1260.0,32.6,1.64,5.5,192,100,8700.0,1,0.255
2026-07-16T05:00,0.0,0.0,0.0,0.0,0.0,0.0,3,1780.0,0.0,1465.0,33.5,1.71,5.5,187,100,21800.0,1,0.254
2026-07-16T06:00,0.0,0.0,0.0,0.0,0.0,0.0,3,1800.0,0.0,1620.0,34.5,1.22,5.7,161,100,21800.0,1,0.291
2026-07-16T07:00,0.1,0.1,0.0,0.0,0.0,0.0,51,1830.0,0.0,1345.0,33.9,2.63,6.9,141,93,6620.0,1,0.289
2026-07-16T08:00,0.4,0.2,0.2,0.0,0.0,0.0,51,1050.0,6.0,1030.0,33.0,3.41,8.1,158,81,10540.0,1,0.291
2026-07-16T09:00,0.1,0.1,0.0,0.0,0.0,0.0,51,1680.0,11.0,1025.0,33.1,2.97,8.1,160,52,10100.0,1,0.29
2026-07-16T10:00,0.0,0.0,0.0,0.0,0.0,0.0,1,1480.0,7.0,1155.0,33.1,2.5,7.0,154,20,11340.0,1,0.289
2026-07-16T11:00,0.0,0.0,0.0,0.0,0.0,0.0,0,1770.0,11.0,640.0,31.9,1.8,5.7,134,16,19660.0,1,0.288
2026-07-16T12:00,0.0,0.0,0.0,0.0,0.0,0.0,1,2400.0,27.0,85.0,30.3,1.95,4.1,89,24,17440.0,0,0.251
2026-07-16T13:00,0.0,0.0,0.0,0.0,0.0,0.0,1,2140.0,30.0,145.0,29.8,1.75,4.1,103,21,17420.0,0,0.251
2026-07-16T14:00,0.0,0.0,0.0,0.0,0.0,0.0,1,1470.0,38.0,340.0,29.5,1.86,4.1,114,27,17420.0,0,0.251
2026-07-16T15:00,0.0,0.0,0.0,0.0,0.0,0.0,2,910.0,17.0,330.0,28.9,1.79,4.2,120,63,17420.0,0,0.251
2026-07-16T16:00,0.0,0.0,0.0,0.0,0.0,0.0,1,800.0,56.0,495.0,28.6,2.42,5.3,142,39,17400.0,0,0.251
2026-07-16T17:00,0.0,0.0,0.0,0.0,0.0,0.0,1,610.0,61.0,560.0,28.1,2.28,5.8,161,36,17200.0,0,0.251
2026-07-16T18:00,0.0,0.0,0.0,0.0,0.0,0.0,1,500.0,51.0,545.0,28.0,2.15,5.3,162,28,17400.0,0,0.242
2026-07-16T19:00,0.0,0.0,0.0,0.0,0.0,0.0,1,390.0,72.0,455.0,27.3,1.96,4.9,165,39,17240.0,0,0.242
2026-07-16T20:00,0.0,0.0,0.0,0.0,0.0,0.0,2,320.0,81.0,440.0,27.1,1.83,4.7,163,75,14980.0,0,0.242
2026-07-16T21:00,0.0,0.0,0.0,0.0,0.0,0.0,3,210.0,94.0,390.0,26.7,0.9,4.4,161,91,14980.0,0,0.242
2026-07-16T22:00,0.0,0.0,0.0,0.0,0.0,0.0,3,190.0,86.0,295.0,26.4,0.69,2.8,150,95,14960.0,1,0.242
2026-07-16T23:00,0.0,0.0,0.0,0.0,0.0,0.0,3,290.0,34.0,390.0,27.1,1.32,3.3,151,100,14960.0,1,0.242
2026-07-17T00:00,0.0,0.0,0.0,0.0,0.0,0.0,3,690.0,10.0,520.0,28.8,1.64,4.6,160,100,17360.0,1,0.242
2026-07-17T01:00,0.0,0.0,0.0,0.0,0.0,0.0,3,810.0,2.0,765.0,30.3,2.12,5.6,195,100,10100.0,1,0.242
2026-07-17T02:00,0.1,0.1,0.0,0.0,0.0,0.0,51,870.0,1.0,990.0,31.6,2.21,6.2,208,96,10460.0,1,0.242
2026-07-17T03:00,0.0,0.0,0.0,0.0,0.0,0.0,3,850.0,4.0,1130.0,32.9,1.89,6.2,212,94,10600.0,1,0.241
2026-07-17T04:00,0.1,0.1,0.0,0.0,0.0,0.0,51,920.0,7.0,1255.0,34.2,1.57,5.7,207,71,9900.0,1,0.24
2026-07-17T05:00,0.1,0.1,0.0,0.0,0.0,0.0,51,910.0,13.0,1320.0,35.3,1.5,5.3,201,70,7700.0,1,0.24
2026-07-17T06:00,0.2,0.2,0.0,0.0,0.0,0.0,51,700.0,20.0,1295.0,35.3,0.9,5.2,199,98,6340.0,1,0.24
2026-07-17T07:00,0.2,0.1,0.1,0.0,0.0,0.0,51,700.0,16.0,1425.0,35.7,1.5,5.0,180,94,8760.0,1,0.241
2026-07-17T08:00,0.1,0.1,0.0,0.0,0.0,0.0,51,710.0,11.0,1570.0,35.8,1.72,5.6,154,95,12700.0,1,0.241
2026-07-17T09:00,0.0,0.0,0.0,0.0,0.0,0.0,3,750.0,11.0,1530.0,35.3,2.16,5.1,138,100,8680.0,1,0.24
2026-07-17T10:00,0.3,0.1,0.2,0.0,0.0,0.0,51,700.0,4.0,850.0,34.1,1.98,5.6,133,100,4380.0,1,0.242
2026-07-17T11:00,0.2,0.2,0.0,0.0,0.0,0.0,51,1800.0,40.0,175.0,31.7,2.15,4.5,121,100,19540.0,1,0.243
2026-07-17T12:00,0.0,0.0,0.0,0.0,0.0,0.0,2,1220.0,61.0,325.0,31.8,2.48,4.4,130,74,19520.0,0,0.194
2026-07-17T13:00,0.0,0.0,0.0,0.0,0.0,0.0,3,1170.0,74.0,255.0,30.5,2.22,5.2,126,86,19520.0,0,0.194
2026-07-17T14:00,0.0,0.0,0.0,0.0,0.0,0.0,3,1190.0,86.0,135.0,29.9,1.56,4.7,130,90,19520.0,0,0.194
2026-07-17T15:00,0.0,0.0,0.0,0.0,0.0,0.0,3,1140.0,54.0,370.0,29.7,1.73,4.1,136,100,13540.0,0,0.194
2026-07-17T16:00,0.1,0.1,0.0,0.0,0.0,0.0,51,990.0,65.0,460.0,29.2,1.48,4.2,152,99,7180.0,0,0.195
2026-07-17T17:00,0.1,0.1,0.0,0.0,0.0,0.0,51,840.0,62.0,440.0,28.6,1.35,3.6,165,91,11880.0,0,0.196
2026-07-17T18:00,0.0,0.0,0.0,0.0,0.0,0.0,3,890.0,57.0,495.0,29.2,2.15,3.4,155,96,17280.0,0,0.18
2026-07-17T19:00,0.0,0.0,0.0,0.0,0.0,0.0,3,640.0,62.0,460.0,28.2,0.98,4.8,165,100,17260.0,0,0.18
2026-07-17T20:00,0.1,0.1,0.0,0.0,0.0,0.0,51,740.0,4.0,90.0,27.6,0.82,2.7,128,100,6780.0,0,0.181
2026-07-17T21:00,0.2,0.1,0.1,0.0,0.0,0.0,51,820.0,4.0,40.0,27.0,0.68,2.2,107,100,11100.0,0,0.183
2026-07-17T22:00,0.0,0.0,0.0,0.0,0.0,0.0,3,800.0,3.0,70.0,26.6,1.37,2.7,123,99,10360.0,1,0.183
2026-07-17T23:00,0.1,0.1,0.0,0.0,0.0,0.0,51,550.0,3.0,100.0,26.9,0.95,2.8,90,99,6340.0,1,0.184
2026-07-18T00:00,0.1,0.1,0.0,0.0,0.0,0.0,51,980.0,4.0,270.0,28.0,0.99,2.8,135,98,12380.0,1,0.219
2026-07-18T01:00,0.0,0.0,0.0,0.0,0.0,0.0,3,1490.0,1.0,615.0,29.3,0.82,3.5,194,98,12040.0,1,0.219
2026-07-18T02:00,0.0,0.0,0.0,0.0,0.0,0.0,3,2010.0,0.0,940.0,31.3,0.93,4.1,234,99,17240.0,1,0.219
2026-07-18T03:00,0.1,0.0,0.1,0.0,0.0,0.0,51,1990.0,0.0,1155.0,32.8,1.34,5.0,315,94,10260.0,1,0.22
2026-07-18T04:00,0.2,0.0,0.2,0.0,0.0,0.0,95,2090.0,5.0,705.0,32.6,1.89,5.9,307,77,7240.0,1,0.222
2026-07-18T05:00,1.1,0.6,0.5,0.0,0.0,0.0,95,2010.0,23.0,285.0,29.4,3.97,9.2,199,78,2580.0,1,0.231
2026-07-18T06:00,0.9,0.9,0.0,0.0,0.0,0.0,53,2720.0,0.0,800.0,32.5,1.55,9.5,176,86,7980.0,1,0.276
2026-07-18T07:00,0.1,0.1,0.0,0.0,0.0,0.0,51,2540.0,3.0,605.0,31.1,1.43,4.6,36,77,7920.0,1,0.275
2026-07-18T08:00,0.2,0.0,0.2,0.0,0.0,0.0,95,2690.0,0.0,570.0,30.1,1.1,4.9,309,97,5080.0,1,0.276
2026-07-18T09:00,0.5,0.2,0.3,0.0,0.0,0.0,95,2660.0,0.0,595.0,29.9,0.95,4.2,18,100,5540.0,1,0.279
2026-07-18T10:00,0.3,0.1,0.2,0.0,0.0,0.0,95,2150.0,0.0,415.0,29.0,0.96,3.8,28,99,6980.0,1,0.281
2026-07-18T11:00,0.5,0.0,0.5,0.0,0.0,0.0,95,1990.0,3.0,45.0,27.7,0.78,3.3,310,97,4920.0,1,0.285
2026-07-18T12:00,3.0,0.7,2.3,0.0,0.0,0.0,96,2750.0,1.0,60.0,27.2,0.85,2.6,360,98,2800.0,0,0.261
2026-07-18T13:00,3.2,0.7,2.5,0.0,0.0,0.0,96,1340.0,3.0,70.0,26.2,0.81,3.6,7,100,2500.0,0,0.304
2026-07-18T14:00,2.7,0.5,2.2,0.0,0.0,0.0,95,660.0,0.0,50.0,26.4,0.76,1.9,58,100,2380.0,0,0.342
2026-07-18T15:00,2.0,1.1,0.9,0.0,0.0,0.0,80,820.0,2.0,300.0,25.8,1.3,3.0,58,100,3160.0,0,0.369
2026-07-18T16:00,1.9,0.4,1.5,0.0,0.0,0.0,95,850.0,0.0,285.0,25.2,1.74,3.7,49,100,2280.0,0,0.394
2026-07-18T17:00,1.2,1.0,0.2,0.0,0.0,0.0,55,610.0,7.0,175.0,25.1,0.81,3.6,349,100,3400.0,0,0.409
2026-07-18T18:00,0.4,0.4,0.0,0.0,0.0,0.0,51,630.0,1.0,385.0,25.6,1.69,2.0,34,100,3460.0,0,0.398
2026-07-18T19:00,1.2,0.9,0.3,0.0,0.0,0.0,55,400.0,1.0,350.0,25.3,1.61,3.6,36,100,2660.0,0,0.413
2026-07-18T20:00,1.8,1.7,0.1,0.0,0.0,0.0,80,300.0,1.0,500.0,25.2,1.61,3.9,26,100,2220.0,0,0.437
2026-07-18T21:00,1.4,0.8,0.6,0.0,0.0,0.0,80,250.0,0.0,415.0,25.2,1.08,3.8,347,100,3840.0,0,0.454
2026-07-18T22:00,0.3,0.1,0.2,0.0,0.0,0.0,51,370.0,1.0,440.0,25.0,1.56,3.1,353,100,4920.0,1,0.456
2026-07-18T23:00,1.8,0.1,1.7,0.0,0.0,0.0,80,80.0,1.0,455.0,24.8,1.17,3.3,340,100,2920.0,1,0.476
2026-07-19T00:00,2.2,0.5,1.7,0.0,0.0,0.0,80,210.0,0.0,690.0,25.4,1.74,4.1,348,54,8020.0,1,0.473
2026-07-19T01:00,0.2,0.0,0.2,0.0,0.0,0.0,51,150.0,0.0,820.0,26.3,2.89,6.9,18,96,6480.0,1,0.469
2026-07-19T02:00,0.1,0.0,0.1,0.0,0.0,0.0,51,70.0,0.0,940.0,27.2,3.0,7.3,28,99,17120.0,1,0.465
2026-07-19T03:00,0.0,0.0,0.0,0.0,0.0,0.0,3,30.0,0.0,970.0,28.2,2.66,7.0,28,100,19300.0,1,0.46
2026-07-19T04:00,0.0,0.0,0.0,0.0,0.0,0.0,3,30.0,0.0,895.0,28.6,2.23,6.4,40,100,17460.0,1,0.456
2026-07-19T05:00,0.0,0.0,0.0,0.0,0.0,0.0,3,60.0,0.0,1005.0,28.8,2.98,7.0,41,89,19300.0,1,0.451
2026-07-19T06:00,0.1,0.1,0.0,0.0,0.0,0.0,51,50.0,0.0,1030.0,29.1,2.76,7.8,44,100,5540.0,1,0.448
2026-07-19T07:00,0.4,0.4,0.0,0.0,0.0,0.0,51,40.0,2.0,685.0,28.1,2.58,6.5,43,100,4500.0,1,0.447
2026-07-19T08:00,0.5,0.5,0.0,0.0,0.0,0.0,53,70.0,8.0,560.0,27.8,2.19,6.1,79,100,5860.0,1,0.448
2026-07-19T09:00,0.2,0.2,0.0,0.0,0.0,0.0,51,190.0,9.0,490.0,27.9,2.13,5.4,114,100,6760.0,1,0.447
2026-07-19T10:00,0.2,0.2,0.0,0.0,0.0,0.0,51,200.0,11.0,445.0,27.4,2.1,5.3,115,100,7020.0,1,0.445
2026-07-19T11:00,0.1,0.1,0.0,0.0,0.0,0.0,51,200.0,20.0,325.0,26.6,1.5,4.9,111,100,8240.0,1,0.444
2026-07-19T12:00,0.0,0.0,0.0,0.0,0.0,0.0,3,620.0,9.0,235.0,26.0,1.08,3.1,112,94,10160.0,0,0.455
2026-07-19T13:00,0.0,0.0,0.0,0.0,0.0,0.0,3,470.0,10.0,40.0,24.9,0.84,2.5,107,96,10420.0,0,0.453
2026-07-19T14:00,0.0,0.0,0.0,0.0,0.0,0.0,3,420.0,10.0,30.0,24.6,0.76,2.2,101,86,7200.0,0,0.451
2026-07-19T15:00,0.0,0.0,0.0,0.0,0.0,0.0,3,440.0,8.0,20.0,24.2,0.43,2.1,111,84,1240.0,0,0.45
2026-07-19T16:00,0.0,0.0,0.0,0.0,0.0,0.0,3,470.0,5.0,15.0,24.1,0.15,1.4,90,100,540.0,0,0.448
2026-07-19T17:00,0.0,0.0,0.0,0.0,0.0,0.0,2,340.0,10.0,35.0,24.0,0.46,1.1,347,69,560.0,0,0.447
2026-07-19T18:00,0.0,0.0,0.0,0.0,0.0,0.0,1,210.0,9.0,55.0,24.0,0.76,1.3,328,34,7220.0,0,0.443
2026-07-19T19:00,0.0,0.0,0.0,0.0,0.0,0.0,1,100.0,25.0,25.0,23.2,0.56,1.6,333,32,7220.0,0,0.441
2026-07-19T20:00,0.0,0.0,0.0,0.0,0.0,0.0,1,30.0,50.0,20.0,22.8,0.34,1.4,333,38,7220.0,0,0.44
2026-07-19T21:00,0.0,0.0,0.0,0.0,0.0,0.0,3,20.0,77.0,15.0,22.6,0.18,1.2,304,100,1000.0,0,0.439
2026-07-19T22:00,0.0,0.0,0.0,0.0,0.0,0.0,3,40.0,58.0,25.0,22.4,0.22,1.0,243,100,420.0,1,0.438
2026-07-19T23:00,0.0,0.0,0.0,0.0,0.0,0.0,2,50.0,65.0,85.0,23.2,0.65,2.1,266,59,7220.0,1,0.437
2026-07-20T00:00,0.0,0.0,0.0,0.0,0.0,0.0,1,80.0,53.0,200.0,24.6,0.81,3.1,281,39,1700.0,1,0.44
2026-07-20T01:00,0.0,0.0,0.0,0.0,0.0,0.0,0,260.0,21.0,335.0,26.6,0.57,3.2,255,16,6520.0,1,0.438
2026-07-20T02:00,0.0,0.0,0.0,0.0,0.0,0.0,0,310.0,14.0,665.0,28.8,0.25,3.3,270,3,12220.0,1,0.435
2026-07-20T03:00,0.0,0.0,0.0,0.0,0.0,0.0,0,260.0,10.0,995.0,30.4,0.8,3.9,4,12,9740.0,1,0.431
2026-07-20T04:00,0.0,0.0,0.0,0.0,0.0,0.0,0,180.0,14.0,1275.0,31.8,1.03,4.3,23,6,16920.0,1,0.426
2026-07-20T05:00,0.0,0.0,0.0,0.0,0.0,0.0,1,100.0,17.0,1475.0,32.9,1.21,4.5,38,20,24740.0,1,0.421
2026-07-20T06:00,0.0,0.0,0.0,0.0,0.0,0.0,1,10.0,21.0,1720.0,33.4,1.7,5.8,43,38,24740.0,1,0.422
2026-07-20T07:00,0.0,0.0,0.0,0.0,0.0,0.0,0,0.0,10.0,1815.0,33.8,2.04,5.6,59,2,24720.0,1,0.417
2026-07-20T08:00,0.0,0.0,0.0,0.0,0.0,0.0,0,10.0,30.0,1625.0,33.6,2.36,5.8,77,2,24720.0,1,0.412
2026-07-20T09:00,0.0,0.0,0.0,0.0,0.0,0.0,0,20.0,35.0,1340.0,32.8,2.56,6.0,78,2,24720.0,1,0.408
2026-07-20T10:00,0.0,0.0,0.0,0.0,0.0,0.0,0,110.0,24.0,1040.0,31.8,2.12,5.9,75,6,21260.0,1,0.406
2026-07-20T11:00,0.0,0.0,0.0,0.0,0.0,0.0,0,290.0,46.0,150.0,30.1,1.48,4.5,114,9,19120.0,1,0.404
2026-07-20T12:00,0.0,0.0,0.0,0.0,0.0,0.0,0,610.0,70.0,55.0,29.2,1.32,3.2,119,8,19120.0,0,0.392
2026-07-20T13:00,0.0,0.0,0.0,0.0,0.0,0.0,0,390.0,103.0,45.0,28.0,1.41,3.3,107,5,16940.0,0,0.392
2026-07-20T14:00,0.0,0.0,0.0,0.0,0.0,0.0,0,350.0,122.0,30.0,27.0,1.03,3.1,104,5,16920.0,0,0.392
2026-07-20T15:00,0.0,0.0,0.0,0.0,0.0,0.0,0,430.0,127.0,15.0,26.2,0.41,2.5,104,13,14560.0,0,0.391
2026-07-20T16:00,0.0,0.0,0.0,0.0,0.0,0.0,0,570.0,93.0,10.0,25.7,0.14,1.3,135,13,14560.0,0,0.391
2026-07-20T17:00,0.0,0.0,0.0,0.0,0.0,0.0,0,590.0,55.0,20.0,25.0,0.56,1.3,153,3,12580.0,0,0.391
2026-07-20T18:00,0.0,0.0,0.0,0.0,0.0,0.0,0,460.0,72.0,15.0,24.8,0.43,1.3,144,16,10380.0,0,0.393
2026-07-20T19:00,0.0,0.0,0.0,0.0,0.0,0.0,3,440.0,76.0,10.0,24.1,0.07,1.2,135,85,10360.0,0,0.393
2026-07-20T20:00,0.0,0.0,0.0,0.0,0.0,0.0,3,430.0,76.0,15.0,24.1,0.2,0.8,90,80,10360.0,0,0.393
2026-07-20T21:00,0.0,0.0,0.0,0.0,0.0,0.0,3,390.0,74.0,10.0,24.1,0.05,0.8,180,93,10360.0,0,0.393
2026-07-20T22:00,0.0,0.0,0.0,0.0,0.0,0.0,3,290.0,71.0,30.0,23.9,0.11,0.8,153,97,10360.0,0,0.393
2026-07-20T23:00,0.0,0.0,0.0,0.0,0.0,0.0,3,270.0,63.0,40.0,24.6,0.45,1.7,153,83,10360.0,1,0.392
2026-07-21T00:00,0.0,0.0,0.0,0.0,0.0,0.0,3,780.0,29.0,170.0,26.1,0.42,2.0,135,100,12560.0,1,0.391
2026-07-21T01:00,0.0,0.0,0.0,0.0,0.0,0.0,3,740.0,32.0,175.0,26.2,0.21,1.6,284,93,12560.0,1,0.391
2026-07-21T02:00,0.0,0.0,0.0,0.0,0.0,0.0,3,1040.0,12.0,440.0,28.0,0.22,2.4,153,97,16860.0,1,0.39
2026-07-21T03:00,0.0,0.0,0.0,0.0,0.0,0.0,3,1160.0,3.0,760.0,29.5,0.68,3.2,107,99,12240.0,1,0.388
2026-07-21T04:00,0.0,0.0,0.0,0.0,0.0,0.0,3,720.0,6.0,965.0,30.4,1.54,4.6,119,88,19020.0,1,0.386
2026-07-21T05:00,0.0,0.0,0.0,0.0,0.0,0.0,2,570.0,8.0,1065.0,31.2,1.57,4.9,107,59,21140.0,1,0.383
2026-07-21T06:00,0.0,0.0,0.0,0.0,0.0,0.0,3,1260.0,4.0,595.0,29.4,1.51,5.0,172,100,14800.0,1,0.381
2026-07-21T07:00,0.0,0.0,0.0,0.0,0.0,0.0,3,1400.0,4.0,520.0,29.7,1.22,4.3,199,100,16840.0,1,0.379
2026-07-21T08:00,0.0,0.0,0.0,0.0,0.0,0.0,3,1530.0,6.0,415.0,29.5,1.71,4.5,201,100,16840.0,1,0.377
2026-07-21T09:00,0.0,0.0,0.0,0.0,0.0,0.0,3,1430.0,19.0,265.0,29.0,1.74,4.5,207,100,16840.0,1,0.376
2026-07-21T10:00,0.0,0.0,0.0,0.0,0.0,0.0,3,1480.0,25.0,120.0,28.1,1.46,4.2,254,100,16820.0,1,0.376
2026-07-21T11:00,0.0,0.0,0.0,0.0,0.0,0.0,3,1570.0,21.0,130.0,27.9,1.12,3.0,302,100,14480.0,1,0.375
2026-07-21T12:00,0.0,0.0,0.0,0.0,0.0,0.0,1,800.0,40.0,65.0,28.1,1.17,2.0,133,33,16820.0,0,0.35
2026-07-21T13:00,0.0,0.0,0.0,0.0,0.0,0.0,1,700.0,53.0,30.0,26.4,0.97,2.6,125,42,14480.0,0,0.349
2026-07-21T14:00,0.0,0.0,0.0,0.0,0.0,0.0,0,700.0,59.0,30.0,25.6,1.01,2.3,117,16,12500.0,0,0.349
2026-07-21T15:00,0.0,0.0,0.0,0.0,0.0,0.0,2,760.0,56.0,30.0,24.9,0.87,2.3,114,51,10300.0,0,0.349
2026-07-21T16:00,0.0,0.0,0.0,0.0,0.0,0.0,2,740.0,46.0,15.0,24.2,0.43,2.0,126,58,7100.0,0,0.349
2026-07-21T17:00,0.0,0.0,0.0,0.0,0.0,0.0,1,710.0,39.0,10.0,24.0,0.11,1.2,117,28,3460.0,0,0.349
2026-07-21T18:00,0.0,0.0,0.0,0.0,0.0,0.0,3,1220.0,17.0,10.0,24.4,0.21,0.5,104,100,520.0,0,0.344
2026-07-21T19:00,0.0,0.0,0.0,0.0,0.0,0.0,3,1220.0,17.0,15.0,24.4,0.41,1.3,76,100,200.0,0,0.344
2026-07-21T20:00,0.0,0.0,0.0,0.0,0.0,0.0,3,1150.0,19.0,15.0,23.8,0.6,1.7,85,100,100.0,0,0.344
2026-07-21T21:00,0.0,0.0,0.0,0.0,0.0,0.0,3,960.0,18.0,10.0,23.4,0.21,1.7,135,99,100.0,0,0.344
2026-07-21T22:00,0.0,0.0,0.0,0.0,0.0,0.0,3,660.0,25.0,30.0,23.7,0.18,1.3,124,100,80.0,0,0.344
2026-07-21T23:00,0.0,0.0,0.0,0.0,0.0,0.0,3,510.0,28.0,35.0,24.0,0.3,2.0,81,100,100.0,1,0.344
2026-07-22T00:00,0.0,0.0,0.0,0.0,0.0,0.0,1,1330.0,5.0,215.0,26.4,0.4,2.2,97,34,2600.0,1,0.354
2026-07-22T01:00,0.0,0.0,0.0,0.0,0.0,0.0,1,800.0,15.0,415.0,28.2,0.35,2.8,98,22,12700.0,1,0.353
2026-07-22T02:00,0.0,0.0,0.0,0.0,0.0,0.0,1,700.0,8.0,790.0,30.0,0.2,3.0,180,45,16880.0,1,0.351
2026-07-22T03:00,0.0,0.0,0.0,0.0,0.0,0.0,1,510.0,8.0,1055.0,31.4,0.73,3.8,254,21,10840.0,1,0.348
2026-07-22T04:00,0.0,0.0,0.0,0.0,0.0,0.0,0,310.0,18.0,1165.0,32.7,0.47,3.9,238,17,20120.0,1,0.345
2026-07-22T05:00,0.0,0.0,0.0,0.0,0.0,0.0,0,340.0,16.0,1310.0,33.7,0.32,3.5,198,8,24400.0,1,0.341
2026-07-22T06:00,0.0,0.0,0.0,0.0,0.0,0.0,0,0.0,11.0,1595.0,34.0,0.54,3.3,338,4,24400.0,1,0.334
2026-07-22T07:00,0.0,0.0,0.0,0.0,0.0,0.0,0,0.0,13.0,1605.0,34.4,0.79,3.6,342,2,27080.0,1,0.33
2026-07-22T08:00,0.0,0.0,0.0,0.0,0.0,0.0,0,0.0,17.0,1515.0,34.6,0.98,3.6,336,2,27080.0,1,0.327
2026-07-22T09:00,0.0,0.0,0.0,0.0,0.0,0.0,0,0.0,12.0,2100.0,34.8,0.35,3.5,352,3,27080.0,1,0.325
2026-07-22T10:00,0.0,0.0,0.0,0.0,0.0,0.0,0,510.0,34.0,795.0,32.4,3.33,6.7,131,4,20960.0,1,0.323
2026-07-22T11:00,0.0,0.0,0.0,0.0,0.0,0.0,0,1430.0,60.0,445.0,29.3,3.43,9.9,143,2,18860.0,1,0.322
2026-07-22T12:00,0.0,0.0,0.0,0.0,0.0,0.0,0,1810.0,59.0,385.0,29.4,2.29,7.1,126,2,18860.0,0,0.321
2026-07-22T13:00,0.0,0.0,0.0,0.0,0.0,0.0,0,1440.0,94.0,350.0,28.6,2.45,5.8,131,3,16700.0,0,0.321
2026-07-22T14:00,0.0,0.0,0.0,0.0,0.0,0.0,0,1190.0,80.0,245.0,27.5,1.52,5.4,117,2,16680.0,0,0.321
2026-07-22T15:00,0.0,0.0,0.0,0.0,0.0,0.0,0,1240.0,55.0,25.0,26.9,0.55,3.7,95,2,16680.0,0,0.32
2026-07-22T16:00,0.0,0.0,0.0,0.0,0.0,0.0,0,1270.0,47.0,10.0,26.6,0.11,2.1,27,2,14360.0,0,0.32
2026-07-22T17:00,0.0,0.0,0.0,0.0,0.0,0.0,0,1260.0,46.0,15.0,26.0,0.43,1.7,111,1,12400.0,0,0.32
2026-07-22T18:00,0.0,0.0,0.0,0.0,0.0,0.0,0,1540.0,30.0,40.0,26.0,1.06,2.5,109,0,10220.0,0,0.319
2026-07-22T19:00,0.0,0.0,0.0,0.0,0.0,0.0,0,1510.0,34.0,45.0,25.5,1.07,2.8,127,0,10200.0,0,0.319
2026-07-22T20:00,0.0,0.0,0.0,0.0,0.0,0.0,0,1500.0,31.0,45.0,25.3,0.96,2.8,129,2,10200.0,0,0.319
2026-07-22T21:00,0.0,0.0,0.0,0.0,0.0,0.0,0,1480.0,29.0,40.0,25.0,0.93,2.5,126,4,10200.0,0,0.319
2026-07-22T22:00,0.0,0.0,0.0,0.0,0.0,0.0,0,1370.0,28.0,45.0,24.8,1.0,2.6,127,9,10200.0,0,0.319
2026-07-22T23:00,0.0,0.0,0.0,0.0,0.0,0.0,0,1350.0,27.0,150.0,25.9,1.27,3.4,135,10,12380.0,1,0.319
2026-07-23T00:00,0.0,0.0,0.0,0.0,0.0,0.0,0,1400.0,9.0,510.0,27.6,1.37,3.6,170,4,14320.0,1,0.32
2026-07-23T01:00,0.0,0.0,0.0,0.0,0.0,0.0,0,1660.0,0.0,805.0,29.2,2.21,5.7,193,16,13320.0,1,0.319
2026-07-23T02:00,0.1,0.0,0.1,0.0,0.0,0.0,51,1680.0,3.0,995.0,30.4,2.55,6.7,203,16,10540.0,1,0.318
2026-07-23T03:00,0.0,0.0,0.0,0.0,0.0,0.0,0,1660.0,8.0,1080.0,31.7,2.26,6.8,198,14,9020.0,1,0.316
2026-07-23T04:00,0.1,0.1,0.0,0.0,0.0,0.0,51,1580.0,7.0,1220.0,33.0,2.32,6.4,187,16,9200.0,1,0.314
2026-07-23T05:00,0.1,0.1,0.0,0.0,0.0,0.0,51,1520.0,11.0,1360.0,33.8,2.55,6.8,183,15,9760.0,1,0.312
2026-07-23T06:00,0.1,0.1,0.0,0.0,0.0,0.0,51,1290.0,23.0,1460.0,34.1,2.15,6.9,177,29,8120.0,1,0.31
2026-07-23T07:00,0.1,0.1,0.0,0.0,0.0,0.0,51,1300.0,21.0,1545.0,34.3,2.0,6.0,180,16,9560.0,1,0.308
2026-07-23T08:00,0.1,0.1,0.0,0.0,0.0,0.0,51,1550.0,13.0,1585.0,34.3,2.45,6.6,163,21,9940.0,1,0.306
2026-07-23T09:00,0.1,0.1,0.0,0.0,0.0,0.0,51,1500.0,16.0,1455.0,33.8,2.48,6.3,146,16,15860.0,1,0.305
2026-07-23T10:00,0.0,0.0,0.0,0.0,0.0,0.0,1,1630.0,13.0,1380.0,33.2,2.5,5.9,143,25,12000.0,1,0.303
2026-07-23T11:00,0.0,0.0,0.0,0.0,0.0,0.0,1,2170.0,22.0,335.0,31.5,1.6,5.5,129,27,18720.0,1,0.302
2026-07-23T12:00,0.0,0.0,0.0,0.0,0.0,0.0,0,2510.0,47.0,245.0,30.7,1.98,4.0,124,5,18720.0,0,0.287
2026-07-23T13:00,0.0,0.0,0.0,0.0,0.0,0.0,0,2380.0,64.0,95.0,29.7,1.57,4.5,112,10,18720.0,0,0.287
2026-07-23T14:00,0.0,0.0,0.0,0.0,0.0,0.0,0,2240.0,79.0,55.0,28.9,1.42,3.7,108,5,16580.0,0,0.287
2026-07-23T15:00,0.0,0.0,0.0,0.0,0.0,0.0,0,1990.0,86.0,185.0,28.5,1.66,4.0,136,12,16580.0,0,0.287
2026-07-23T16:00,0.0,0.0,0.0,0.0,0.0,0.0,0,1550.0,94.0,355.0,28.2,1.84,4.4,158,13,16560.0,0,0.286
2026-07-23T17:00,0.0,0.0,0.0,0.0,0.0,0.0,0,1160.0,34.0,230.0,27.6,1.32,4.4,155,8,16560.0,0,0.286
2026-07-23T18:00,0.0,0.0,0.0,0.0,0.0,0.0,1,1180.0,13.0,310.0,27.5,1.66,3.8,147,20,16560.0,0,0.285
2026-07-23T19:00,0.0,0.0,0.0,0.0,0.0,0.0,1,1490.0,44.0,290.0,27.0,1.72,4.2,150,20,16560.0,0,0.285
2026-07-23T20:00,0.0,0.0,0.0,0.0,0.0,0.0,0,1490.0,38.0,260.0,26.6,1.44,4.1,160,12,16540.0,0,0.285
2026-07-23T21:00,0.0,0.0,0.0,0.0,0.0,0.0,0,1490.0,41.0,170.0,26.3,1.08,3.7,167,13,14240.0,0,0.285
2026-07-23T22:00,0.0,0.0,0.0,0.0,0.0,0.0,0,1480.0,50.0,105.0,26.1,0.93,3.1,164,13,14220.0,0,0.285
2026-07-23T23:00,0.0,0.0,0.0,0.0,0.0,0.0,0,1640.0,36.0,370.0,27.1,1.05,3.0,175,11,14220.0,1,0.285
2026-07-24T00:00,0.0,0.0,0.0,0.0,0.0,0.0,0,1880.0,11.0,585.0,28.5,1.32,4.0,191,9,16520.0,1,0.281
2026-07-24T01:00,0.1,0.0,0.1,0.0,0.0,0.0,51,2120.0,1.0,870.0,29.9,2.35,6.8,209,23,11340.0,1,0.281
2026-07-24T02:00,0.2,0.0,0.2,0.0,0.0,0.0,95,2250.0,0.0,1050.0,30.8,2.51,7.4,215,55,8480.0,1,0.282
2026-07-24T03:00,0.2,0.0,0.2,0.0,0.0,0.0,95,2440.0,0.0,1210.0,31.6,2.35,7.3,209,52,7460.0,1,0.283
2026-07-24T04:00,0.3,0.1,0.2,0.0,0.0,0.0,95,2630.0,0.0,1370.0,32.7,2.28,7.6,203,55,7960.0,1,0.283
2026-07-24T05:00,0.2,0.1,0.1,0.0,0.0,0.0,95,2650.0,0.0,1455.0,33.1,2.41,7.5,201,57,8140.0,1,0.282
2026-07-24T06:00,0.1,0.0,0.1,0.0,0.0,0.0,51,2040.0,7.0,1280.0,33.5,2.95,8.0,206,66,7040.0,1,0.268
2026-07-24T07:00,0.8,0.2,0.6,0.0,0.0,0.0,95,1580.0,21.0,1250.0,32.8,3.69,8.4,205,83,9540.0,1,0.273
2026-07-24T08:00,0.1,0.0,0.1,0.0,0.0,0.0,51,1890.0,8.0,1300.0,33.0,3.49,8.9,214,74,13520.0,1,0.273
2026-07-24T09:00,1.2,0.1,1.1,0.0,0.0,0.0,95,1260.0,5.0,1005.0,31.3,3.74,8.5,172,85,5640.0,1,0.283
2026-07-24T10:00,0.1,0.1,0.0,0.0,0.0,0.0,51,2040.0,19.0,245.0,30.9,1.28,7.9,39,64,18600.0,1,0.283
2026-07-24T11:00,0.0,0.0,0.0,0.0,0.0,0.0,3,2810.0,34.0,80.0,29.3,0.89,3.4,38,95,15760.0,1,0.283
2026-07-24T12:00,0.0,0.0,0.0,0.0,0.0,0.0,3,3110.0,38.0,15.0,28.6,0.51,2.3,101,100,5480.0,0,0.246
2026-07-24T13:00,0.0,0.0,0.0,0.0,0.0,0.0,3,3340.0,35.0,20.0,28.5,0.47,1.6,122,99,5880.0,0,0.246
2026-07-24T14:00,0.0,0.0,0.0,0.0,0.0,0.0,3,3210.0,42.0,25.0,27.9,0.71,1.9,141,98,3240.0,0,0.246
2026-07-24T15:00,0.0,0.0,0.0,0.0,0.0,0.0,3,2870.0,54.0,30.0,27.3,0.97,2.4,125,91,2540.0,0,0.246
2026-07-24T16:00,0.0,0.0,0.0,0.0,0.0,0.0,3,2600.0,60.0,25.0,27.1,0.79,2.4,108,89,3040.0,0,0.246
2026-07-24T17:00,0.0,0.0,0.0,0.0,0.0,0.0,3,2420.0,63.0,20.0,27.0,0.52,2.2,107,100,3960.0,0,0.246
2026-07-24T18:00,0.0,0.0,0.0,0.0,0.0,0.0,3,2380.0,40.0,40.0,27.7,0.71,1.8,141,99,14140.0,0,0.245
2026-07-24T19:00,0.0,0.0,0.0,0.0,0.0,0.0,3,2050.0,49.0,45.0,27.4,0.71,2.3,188,100,16440.0,0,0.245
2026-07-24T20:00,0.0,0.0,0.0,0.0,0.0,0.0,3,1830.0,64.0,50.0,27.1,0.76,2.3,203,99,16440.0,0,0.245
2026-07-24T21:00,0.0,0.0,0.0,0.0,0.0,0.0,3,1600.0,78.0,60.0,27.0,0.8,2.4,176,100,16420.0,0,0.245
2026-07-24T22:00,0.0,0.0,0.0,0.0,0.0,0.0,3,1390.0,93.0,45.0,26.8,0.78,2.3,153,100,16420.0,0,0.245
2026-07-24T23:00,0.0,0.0,0.0,0.0,0.0,0.0,3,1340.0,88.0,70.0,27.3,1.35,2.8,158,98,16420.0,1,0.245
2026-07-25T00:00,0.0,0.0,0.0,0.0,0.0,0.0,3,1560.0,56.0,395.0,28.7,1.11,3.2,216,98,16420.0,1,0.25
2026-07-25T01:00,0.0,0.0,0.0,0.0,0.0,0.0,3,1760.0,29.0,740.0,30.1,1.74,4.9,231,98,18520.0,1,0.249
2026-07-25T02:00,0.0,0.0,0.0,0.0,0.0,0.0,3,1840.0,18.0,975.0,31.3,1.69,5.1,236,100,18520.0,1,0.249
2026-07-25T03:00,0.0,0.0,0.0,0.0,0.0,0.0,3,1890.0,15.0,1065.0,32.2,1.35,5.1,211,100,20580.0,1,0.248
2026-07-25T04:00,0.0,0.0,0.0,0.0,0.0,0.0,3,1970.0,12.0,1165.0,33.0,1.45,4.8,184,100,20580.0,1,0.246
2026-07-25T05:00,0.0,0.0,0.0,0.0,0.0,0.0,3,1840.0,15.0,1270.0,33.8,1.69,5.2,192,98,20560.0,1,0.245
2026-07-25T06:00,0.0,0.0,0.0,0.0,0.0,0.0,3,1770.0,22.0,1350.0,34.2,1.35,5.7,202,98,20260.0,1,0.236
2026-07-25T07:00,0.0,0.0,0.0,0.0,0.0,0.0,2,1840.0,22.0,1490.0,35.0,1.38,4.7,193,51,23900.0,1,0.235
2026-07-25T08:00,0.0,0.0,0.0,0.0,0.0,0.0,1,1800.0,23.0,1530.0,35.1,1.26,5.2,187,27,23900.0,1,0.234
2026-07-25T09:00,0.0,0.0,0.0,0.0,0.0,0.0,1,1850.0,21.0,1585.0,35.2,0.72,4.1,168,41,23900.0,1,0.233
2026-07-25T10:00,0.0,0.0,0.0,0.0,0.0,0.0,0,1560.0,35.0,1585.0,34.7,1.08,2.9,124,14,23880.0,1,0.233
2026-07-25T11:00,0.0,0.0,0.0,0.0,0.0,0.0,1,2360.0,12.0,305.0,32.9,1.3,3.0,94,30,20540.0,1,0.232
2026-07-25T12:00,0.0,0.0,0.0,0.0,0.0,0.0,1,2790.0,43.0,245.0,31.2,2.47,4.7,82,40,18480.0,0,0.24
2026-07-25T13:00,0.0,0.0,0.0,0.0,0.0,0.0,1,2610.0,87.0,95.0,29.6,2.1,5.1,90,23,16360.0,0,0.24
2026-07-25T14:00,0.0,0.0,0.0,0.0,0.0,0.0,1,2510.0,108.0,50.0,28.3,1.56,4.4,97,43,16340.0,0,0.24
2026-07-25T15:00,0.0,0.0,0.0,0.0,0.0,0.0,2,2500.0,116.0,35.0,27.2,1.27,3.5,101,79,12140.0,0,0.24
2026-07-25T16:00,0.0,0.0,0.0,0.0,0.0,0.0,3,2610.0,109.0,20.0,26.7,0.72,2.8,102,100,9980.0,0,0.24
2026-07-25T17:00,0.0,0.0,0.0,0.0,0.0,0.0,3,2840.0,74.0,10.0,26.4,0.11,1.9,117,95,9980.0,0,0.24
2026-07-25T18:00,0.0,0.0,0.0,0.0,0.0,0.0,3,3020.0,49.0,10.0,26.4,0.34,1.0,297,82,6860.0,0,0.24
2026-07-25T19:00,0.0,0.0,0.0,0.0,0.0,0.0,3,3000.0,36.0,20.0,25.7,0.28,1.2,315,87,6860.0,0,0.24
2026-07-25T20:00,0.0,0.0,0.0,0.0,0.0,0.0,3,2830.0,36.0,20.0,25.5,0.25,1.0,11,89,5840.0,0,0.24
2026-07-25T21:00,0.0,0.0,0.0,0.0,0.0,0.0,3,2520.0,63.0,15.0,25.4,0.2,0.9,90,98,1560.0,0,0.24
2026-07-25T22:00,0.0,0.0,0.0,0.0,0.0,0.0,3,2380.0,64.0,10.0,25.2,0.07,0.8,135,99,800.0,0,0.24
2026-07-25T23:00,0.0,0.0,0.0,0.0,0.0,0.0,1,2370.0,56.0,45.0,26.0,0.05,1.3,180,22,960.0,1,0.24
2026-07-26T00:00,0.0,0.0,0.0,0.0,0.0,0.0,0,3210.0,17.0,185.0,28.6,0.47,2.3,58,1,14020.0,1,0.24
2026-07-26T01:00,0.0,0.0,0.0,0.0,0.0,0.0,0,2980.0,5.0,585.0,30.7,0.45,2.9,360,1,16300.0,1,0.24
2026-07-26T02:00,0.0,0.0,0.0,0.0,0.0,0.0,0,2340.0,4.0,1055.0,32.5,0.29,3.1,31,12,14800.0,1,0.239
2026-07-26T03:00,0.0,0.0,0.0,0.0,0.0,0.0,0,2140.0,10.0,1225.0,33.7,0.45,3.7,96,17,11480.0,1,0.238
2026-07-26T04:00,0.0,0.0,0.0,0.0,0.0,0.0,1,2030.0,17.0,1285.0,34.7,0.67,3.9,103,28,11520.0,1,0.237
2026-07-26T05:00,0.1,0.1,0.0,0.0,0.0,0.0,51,1930.0,17.0,1455.0,35.3,0.96,4.3,96,31,10640.0,1,0.236
2026-07-26T06:00,0.0,0.0,0.0,0.0,0.0,0.0,2,2110.0,7.0,1600.0,36.0,1.98,5.1,74,61,23760.0,1,0.236
2026-07-26T07:00,0.2,0.0,0.2,0.0,0.0,0.0,51,2410.0,1.0,1670.0,35.7,2.33,6.3,80,13,19240.0,1,0.236
2026-07-26T08:00,0.0,0.0,0.0,0.0,0.0,0.0,0,1980.0,8.0,1625.0,35.8,2.65,6.8,90,13,23740.0,1,0.235
2026-07-26T09:00,0.0,0.0,0.0,0.0,0.0,0.0,0,1620.0,26.0,1435.0,35.2,3.12,7.4,96,4,23740.0,1,0.234
2026-07-26T10:00,0.0,0.0,0.0,0.0,0.0,0.0,0,1500.0,37.0,1155.0,34.0,3.26,7.4,86,6,23740.0,1,0.234
2026-07-26T11:00,0.0,0.0,0.0,0.0,0.0,0.0,0,1800.0,54.0,400.0,32.2,2.37,7.3,72,19,20400.0,1,0.233
2026-07-26T12:00,0.0,0.0,0.0,0.0,0.0,0.0,0,1970.0,59.0,340.0,31.7,2.34,5.2,74,2,20400.0,0,0.215
2026-07-26T13:00,0.0,0.0,0.0,0.0,0.0,0.0,0,1790.0,44.0,220.0,30.3,2.25,5.0,73,3,18340.0,0,0.215
2026-07-26T14:00,0.0,0.0,0.0,0.0,0.0,0.0,0,1920.0,30.0,200.0,29.2,2.31,4.9,84,5,16240.0,0,0.215
2026-07-26T15:00,0.0,0.0,0.0,0.0,0.0,0.0,0,2050.0,34.0,185.0,28.5,2.07,4.9,70,2,16240.0,0,0.215
2026-07-26T16:00,0.0,0.0,0.0,0.0,0.0,0.0,0,2020.0,33.0,235.0,28.0,2.17,4.6,71,16,16220.0,0,0.215
2026-07-26T17:00,0.0,0.0,0.0,0.0,0.0,0.0,0,1670.0,58.0,395.0,27.6,2.18,5.0,81,7,16220.0,0,0.215
2026-07-26T18:00,0.0,0.0,0.0,0.0,0.0,0.0,0,1560.0,24.0,405.0,27.5,1.85,4.7,88,0,16220.0,0,0.21
2026-07-26T19:00,0.0,0.0,0.0,0.0,0.0,0.0,0,1480.0,31.0,365.0,26.6,1.59,3.9,77,5,13940.0,0,0.21
2026-07-26T20:00,0.0,0.0,0.0,0.0,0.0,0.0,0,1140.0,58.0,410.0,26.2,1.83,4.0,73,2,13940.0,0,0.21
2026-07-26T21:00,0.0,0.0,0.0,0.0,0.0,0.0,0,740.0,90.0,480.0,25.9,2.1,4.9,65,4,16200.0,0,0.21
2026-07-26T22:00,0.0,0.0,0.0,0.0,0.0,0.0,1,530.0,91.0,515.0,25.4,1.19,4.8,75,27,16200.0,0,0.21
2026-07-26T23:00,0.0,0.0,0.0,0.0,0.0,0.0,3,590.0,53.0,615.0,26.0,1.07,3.1,62,88,16200.0,1,0.21
2026-07-27T00:00,0.0,0.0,0.0,0.0,0.0,0.0,2,870.0,8.0,870.0,27.9,1.9,5.0,60,78,16200.0,1,0.215
2026-07-27T01:00,0.0,0.0,0.0,0.0,0.0,0.0,1,720.0,14.0,1025.0,29.1,2.19,5.9,63,27,17580.0,1,0.215
2026-07-27T02:00,0.0,0.0,0.0,0.0,0.0,0.0,3,650.0,9.0,1225.0,30.4,2.25,6.2,58,88,9180.0,1,0.215
2026-07-27T03:00,0.2,0.2,0.0,0.0,0.0,0.0,51,710.0,8.0,1070.0,30.7,2.47,6.7,54,74,6920.0,1,0.217
2026-07-27T04:00,0.4,0.3,0.1,0.0,0.0,0.0,51,850.0,12.0,1205.0,31.7,2.46,7.0,63,66,5780.0,1,0.22
2026-07-27T05:00,0.3,0.2,0.1,0.0,0.0,0.0,51,980.0,18.0,1275.0,32.8,2.11,6.7,68,22,6020.0,1,0.223
2026-07-27T06:00,0.1,0.1,0.0,0.0,0.0,0.0,51,1030.0,14.0,1360.0,33.5,2.85,6.9,59,29,10580.0,1,0.226
2026-07-27T07:00,0.0,0.0,0.0,0.0,0.0,0.0,0,1120.0,10.0,1425.0,33.4,3.0,8.0,64,7,11800.0,1,0.226
2026-07-27T08:00,0.0,0.0,0.0,0.0,0.0,0.0,0,1170.0,7.0,1465.0,33.4,3.07,7.9,68,6,13480.0,1,0.226
2026-07-27T09:00,0.0,0.0,0.0,0.0,0.0,0.0,0,980.0,14.0,1430.0,33.1,3.18,7.8,68,19,20280.0,1,0.226
2026-07-27T10:00,0.0,0.0,0.0,0.0,0.0,0.0,1,950.0,14.0,1340.0,32.4,3.3,7.7,76,33,20260.0,1,0.226
2026-07-27T11:00,0.0,0.0,0.0,0.0,0.0,0.0,1,990.0,16.0,1140.0,31.0,2.7,7.5,87,20,20260.0,1,0.226
2026-07-27T12:00,0.0,0.0,0.0,0.0,0.0,0.0,1,910.0,28.0,860.0,30.0,2.6,5.9,90,48,18220.0,0,0.217
2026-07-27T13:00,0.0,0.0,0.0,0.0,0.0,0.0,2,880.0,41.0,645.0,29.0,2.4,5.6,90,70,18220.0,0,0.217
2026-07-27T14:00,0.0,0.0,0.0,0.0,0.0,0.0,3,690.0,36.0,625.0,28.3,2.54,5.6,80,95,10900.0,0,0.217
2026-07-27T15:00,0.0,0.0,0.0,0.0,0.0,0.0,3,660.0,36.0,585.0,27.7,2.35,6.0,61,100,9320.0,0,0.217
2026-07-27T16:00,0.0,0.0,0.0,0.0,0.0,0.0,3,590.0,33.0,540.0,27.2,2.0,5.1,77,98,15620.0,0,0.218
2026-07-27T17:00,0.1,0.1,0.0,0.0,0.0,0.0,51,510.0,32.0,405.0,26.3,1.32,4.3,61,95,6740.0,0,0.219
2026-07-27T18:00,0.1,0.1,0.0,0.0,0.0,0.0,51,1700.0,2.0,320.0,26.1,0.94,2.8,32,95,5880.0,0,0.214
2026-07-27T19:00,0.1,0.0,0.1,0.0,0.0,0.0,51,870.0,6.0,75.0,25.5,1.06,2.4,41,97,4920.0,0,0.215
2026-07-27T20:00,0.1,0.1,0.0,0.0,0.0,0.0,51,840.0,6.0,265.0,25.4,0.94,2.3,65,98,7440.0,0,0.215
2026-07-27T21:00,0.0,0.0,0.0,0.0,0.0,0.0,2,750.0,7.0,30.0,25.3,0.66,2.4,81,71,6660.0,0,0.216
2026-07-27T22:00,0.1,0.1,0.0,0.0,0.0,0.0,51,830.0,6.0,10.0,24.7,0.11,1.5,207,99,5480.0,0,0.216
2026-07-27T23:00,0.0,0.0,0.0,0.0,0.0,0.0,3,890.0,4.0,65.0,25.1,0.58,1.8,149,98,7860.0,1,0.217
2026-07-28T00:00,0.0,0.0,0.0,0.0,0.0,0.0,3,910.0,0.0,265.0,25.8,0.53,2.7,139,98,7760.0,1,0.231
2026-07-28T01:00,0.0,0.0,0.0,0.0,0.0,0.0,3,790.0,4.0,400.0,26.7,0.29,2.6,211,99,12400.0,1,0.231
2026-07-28T02:00,0.0,0.0,0.0,0.0,0.0,0.0,3,840.0,8.0,525.0,27.8,0.43,2.9,234,100,15320.0,1,0.231
2026-07-28T03:00,0.0,0.0,0.0,0.0,0.0,0.0,3,950.0,8.0,625.0,28.8,0.57,3.2,195,100,16060.0,1,0.231
2026-07-28T04:00,0.0,0.0,0.0,0.0,0.0,0.0,3,960.0,6.0,825.0,30.2,0.76,3.8,191,100,8660.0,1,0.231
2026-07-28T05:00,0.2,0.1,0.1,0.0,0.0,0.0,51,930.0,4.0,790.0,29.9,1.17,4.0,200,100,4960.0,1,0.232
2026-07-28T06:00,0.2,0.2,0.0,0.0,0.0,0.0,51,1220.0,1.0,1165.0,32.1,1.25,5.6,241,99,15760.0,1,0.226
2026-07-28T07:00,0.0,0.0,0.0,0.0,0.0,0.0,2,1060.0,2.0,1200.0,32.1,0.89,4.3,218,59,7600.0,1,0.226
2026-07-28T08:00,0.3,0.3,0.0,0.0,0.0,0.0,51,1340.0,0.0,1445.0,32.7,1.76,5.7,255,90,7200.0,1,0.229
2026-07-28T09:00,1.5,0.2,1.3,0.0,0.0,0.0,95,1370.0,17.0,355.0,29.0,1.73,5.8,237,94,4080.0,1,0.244
2026-07-28T10:00,0.2,0.2,0.0,0.0,0.0,0.0,51,2070.0,28.0,105.0,28.5,0.99,4.7,49,76,12100.0,1,0.246
2026-07-28T11:00,0.0,0.0,0.0,0.0,0.0,0.0,3,2350.0,19.0,145.0,28.4,1.05,3.1,90,83,10480.0,1,0.246
2026-07-28T12:00,0.1,0.1,0.0,0.0,0.0,0.0,51,1750.0,33.0,65.0,30.2,1.31,2.8,137,98,18100.0,0,0.201
2026-07-28T13:00,0.0,0.0,0.0,0.0,0.0,0.0,1,1750.0,43.0,40.0,29.2,1.01,2.7,171,27,14320.0,0,0.201
2026-07-28T14:00,0.1,0.1,0.0,0.0,0.0,0.0,51,1860.0,44.0,30.0,28.2,0.68,2.5,163,35,8120.0,0,0.202
2026-07-28T15:00,0.0,0.0,0.0,0.0,0.0,0.0,1,2060.0,44.0,20.0,27.7,0.4,2.0,90,48,12960.0,0,0.202
2026-07-28T16:00,0.0,0.0,0.0,0.0,0.0,0.0,2,2260.0,41.0,10.0,27.1,0.05,1.4,90,67,11780.0,0,0.202
2026-07-28T17:00,0.0,0.0,0.0,0.0,0.0,0.0,3,2350.0,40.0,15.0,26.8,0.3,1.5,99,96,9680.0,0,0.202
2026-07-28T18:00,0.0,0.0,0.0,0.0,0.0,0.0,3,2290.0,26.0,65.0,27.5,1.28,2.2,149,100,11660.0,0,0.205
2026-07-28T19:00,0.0,0.0,0.0,0.0,0.0,0.0,3,1780.0,27.0,235.0,27.5,0.97,3.1,159,100,16000.0,0,0.205
2026-07-28T20:00,0.0,0.0,0.0,0.0,0.0,0.0,3,1380.0,33.0,340.0,27.5,1.11,3.1,162,100,16000.0,0,0.205
2026-07-28T21:00,0.0,0.0,0.0,0.0,0.0,0.0,2,1170.0,38.0,285.0,27.2,1.05,3.1,155,79,15980.0,0,0.205
2026-07-28T22:00,0.0,0.0,0.0,0.0,0.0,0.0,3,1050.0,44.0,200.0,26.6,1.04,3.0,145,94,15980.0,0,0.205
2026-07-28T23:00,0.0,0.0,0.0,0.0,0.0,0.0,3,1050.0,44.0,200.0,27.0,1.01,2.8,123,81,15980.0,1,0.205
2026-07-29T00:00,0.0,0.0,0.0,0.0,0.0,0.0,2,1580.0,16.0,500.0,28.6,1.2,2.9,178,79,14600.0,1,0.21
2026-07-29T01:00,0.0,0.0,0.0,0.0,0.0,0.0,3,1500.0,3.0,800.0,30.0,1.79,5.1,210,91,10360.0,1,0.21
2026-07-29T02:00,0.0,0.0,0.0,0.0,0.0,0.0,2,1190.0,4.0,1030.0,31.1,1.81,5.3,222,76,12220.0,1,0.21
2026-07-29T03:00,0.0,0.0,0.0,0.0,0.0,0.0,2,1060.0,3.0,1310.0,32.5,1.91,5.6,225,78,10380.0,1,0.211
2026-07-29T04:00,0.0,0.0,0.0,0.0,0.0,0.0,2,930.0,4.0,1510.0,33.7,1.96,6.6,218,75,23300.0,1,0.211
2026-07-29T05:00,0.0,0.0,0.0,0.0,0.0,0.0,0,930.0,3.0,1745.0,34.9,2.15,6.9,205,7,23300.0,1,0.211
2026-07-29T06:00,0.0,0.0,0.0,0.0,0.0,0.0,0,900.0,2.0,1650.0,35.2,2.68,7.1,166,12,10340.0,1,0.214
2026-07-29T07:00,0.2,0.1,0.1,0.0,0.0,0.0,51,1070.0,2.0,1610.0,34.5,2.89,7.8,143,28,10500.0,1,0.216
2026-07-29T08:00,0.1,0.0,0.1,0.0,0.0,0.0,51,1730.0,0.0,1830.0,34.8,3.07,7.9,150,28,23280.0,1,0.217
2026-07-29T09:00,0.6,0.1,0.5,0.0,0.0,0.0,95,1560.0,20.0,810.0,31.5,3.43,9.8,149,69,7980.0,1,0.222
2026-07-29T10:00,0.1,0.1,0.0,0.0,0.0,0.0,51,1860.0,13.0,890.0,31.3,2.64,7.9,161,48,10540.0,1,0.222
2026-07-29T11:00,0.0,0.0,0.0,0.0,0.0,0.0,2,1770.0,12.0,840.0,30.7,2.33,6.1,155,52,17980.0,1,0.222
2026-07-29T12:00,0.0,0.0,0.0,0.0,0.0,0.0,0,2330.0,32.0,60.0,29.9,1.14,5.2,128,16,15820.0,0,0.214
2026-07-29T13:00,0.0,0.0,0.0,0.0,0.0,0.0,2,2380.0,39.0,85.0,29.3,1.74,3.8,117,54,15920.0,0,0.214
2026-07-29T14:00,0.0,0.0,0.0,0.0,0.0,0.0,2,1440.0,65.0,405.0,29.1,2.4,5.4,135,68,17980.0,0,0.214
2026-07-29T15:00,0.0,0.0,0.0,0.0,0.0,0.0,1,940.0,92.0,310.0,28.5,1.77,5.4,135,34,17980.0,0,0.214
2026-07-29T16:00,0.0,0.0,0.0,0.0,0.0,0.0,1,880.0,57.0,320.0,28.1,1.74,4.3,129,26,15900.0,0,0.214
2026-07-29T17:00,0.0,0.0,0.0,0.0,0.0,0.0,1,870.0,53.0,485.0,27.8,2.04,4.8,144,26,15900.0,0,0.214
2026-07-29T18:00,0.0,0.0,0.0,0.0,0.0,0.0,1,1270.0,38.0,530.0,28.2,2.56,5.1,159,25,15900.0,0,0.215
2026-07-29T19:00,0.0,0.0,0.0,0.0,0.0,0.0,0,1030.0,45.0,470.0,27.2,2.0,5.7,158,17,15880.0,0,0.215
2026-07-29T20:00,0.0,0.0,0.0,0.0,0.0,0.0,0,760.0,48.0,445.0,26.7,1.99,4.9,162,11,15140.0,0,0.215
2026-07-29T21:00,0.0,0.0,0.0,0.0,0.0,0.0,0,570.0,62.0,425.0,26.3,2.06,4.9,166,8,15880.0,0,0.215
2026-07-29T22:00,0.0,0.0,0.0,0.0,0.0,0.0,0,460.0,84.0,395.0,26.0,1.69,4.9,168,16,15880.0,0,0.215
2026-07-29T23:00,0.0,0.0,0.0,0.0,0.0,0.0,0,560.0,58.0,440.0,26.6,1.47,4.2,145,17,15880.0,1,0.215
2026-07-30T00:00,0.0,0.0,0.0,0.0,0.0,0.0,0,920.0,17.0,735.0,28.4,1.85,4.8,161,12,15800.0,1,0.217
2026-07-30T01:00,0.0,0.0,0.0,0.0,0.0,0.0,0,1170.0,3.0,940.0,29.8,2.93,7.3,189,17,12320.0,1,0.217
2026-07-30T02:00,0.0,0.0,0.0,0.0,0.0,0.0,0,1280.0,2.0,1125.0,31.2,2.95,7.8,195,13,13280.0,1,0.217
2026-07-30T03:00,0.0,0.0,0.0,0.0,0.0,0.0,0,1300.0,3.0,1345.0,32.8,3.22,8.3,192,18,9360.0,1,0.217
2026-07-30T04:00,0.1,0.1,0.0,0.0,0.0,0.0,51,1680.0,0.0,1625.0,33.9,3.4,9.3,183,12,19900.0,1,0.218
2026-07-30T05:00,0.0,0.0,0.0,0.0,0.0,0.0,0,1700.0,0.0,1700.0,34.6,3.4,9.3,178,10,19900.0,1,0.218
2026-07-30T06:00,0.0,0.0,0.0,0.0,0.0,0.0,1,1860.0,0.0,1680.0,35.1,3.01,9.0,165,24,7620.0,1,0.218
2026-07-30T07:00,0.6,0.0,0.6,0.0,0.0,0.0,53,820.0,5.0,1225.0,32.4,3.26,9.0,162,66,3580.0,1,0.222
2026-07-30T08:00,0.6,0.3,0.3,0.0,0.0,0.0,53,1830.0,0.0,1465.0,33.3,2.59,8.0,152,44,6860.0,1,0.227
2026-07-30T09:00,0.4,0.0,0.4,0.0,0.0,0.0,95,1280.0,11.0,935.0,32.0,3.62,8.6,131,79,4160.0,1,0.23
2026-07-30T10:00,0.4,0.4,0.0,0.0,0.0,0.0,51,1790.0,24.0,710.0,30.6,2.63,8.3,141,61,6780.0,1,0.234
2026-07-30T11:00,0.1,0.1,0.0,0.0,0.0,0.0,51,2090.0,24.0,770.0,30.0,2.8,6.7,145,63,10080.0,1,0.235
2026-07-30T12:00,0.0,0.0,0.0,0.0,0.0,0.0,3,1490.0,42.0,815.0,30.3,3.3,6.9,141,87,17860.0,0,0.204
2026-07-30T13:00,0.0,0.0,0.0,0.0,0.0,0.0,1,1060.0,53.0,810.0,29.9,3.4,7.6,152,48,17860.0,0,0.204
2026-07-30T14:00,0.0,0.0,0.0,0.0,0.0,0.0,1,760.0,65.0,775.0,29.1,3.12,7.6,158,47,17860.0,0,0.204
2026-07-30T15:00,0.0,0.0,0.0,0.0,0.0,0.0,1,490.0,74.0,775.0,28.5,2.9,7.0,165,29,17860.0,0,0.204
2026-07-30T16:00,0.0,0.0,0.0,0.0,0.0,0.0,0,290.0,95.0,740.0,27.9,2.72,6.7,167,19,17840.0,0,0.204
2026-07-30T17:00,0.0,0.0,0.0,0.0,0.0,0.0,1,210.0,113.0,680.0,27.4,2.35,6.2,176,30,15800.0,0,0.204
2026-07-30T18:00,0.0,0.0,0.0,0.0,0.0,0.0,1,370.0,59.0,690.0,27.6,2.84,5.5,166,34,15780.0,0,0.194
2026-07-30T19:00,0.0,0.0,0.0,0.0,0.0,0.0,1,330.0,70.0,610.0,26.7,2.59,6.5,161,45,15780.0,0,0.194
2026-07-30T20:00,0.0,0.0,0.0,0.0,0.0,0.0,1,320.0,62.0,575.0,26.3,2.27,5.9,166,45,15540.0,0,0.194
2026-07-30T21:00,0.0,0.0,0.0,0.0,0.0,0.0,1,320.0,65.0,545.0,26.1,2.18,5.4,171,32,15500.0,0,0.194
2026-07-30T22:00,0.0,0.0,0.0,0.0,0.0,0.0,2,260.0,82.0,565.0,25.8,1.95,5.2,167,68,13300.0,0,0.194
2026-07-30T23:00,0.0,0.0,0.0,0.0,0.0,0.0,3,270.0,88.0,690.0,26.4,1.81,5.5,166,88,15540.0,1,0.194
2026-07-31T00:00,0.0,0.0,0.0,0.0,0.0,0.0,1,480.0,30.0,850.0,28.0,2.28,5.5,151,27,15760.0,1,0.198
2026-07-31T01:00,0.0,0.0,0.0,0.0,0.0,0.0,1,680.0,2.0,1095.0,29.5,3.88,9.0,187,46,13840.0,1,0.198
2026-07-31T02:00,0.0,0.0,0.0,0.0,0.0,0.0,1,780.0,3.0,1055.0,30.2,3.76,9.3,197,41,6020.0,1,0.198
2026-07-31T03:00,0.2,0.2,0.0,0.0,0.0,0.0,51,620.0,12.0,1230.0,31.9,3.76,10.3,199,30,10220.0,1,0.199
2026-07-31T04:00,0.0,0.0,0.0,0.0,0.0,0.0,1,1360.0,0.0,1480.0,33.3,3.66,9.8,184,24,13680.0,1,0.2
2026-07-31T05:00,0.0,0.0,0.0,0.0,0.0,0.0,2,1600.0,0.0,1710.0,34.2,3.51,9.7,175,52,15220.0,1,0.2
2026-07-31T06:00,0.1,0.0,0.1,0.0,0.0,0.0,51,1660.0,0.0,1890.0,35.0,3.17,9.4,168,100,23000.0,1,0.2
2026-07-31T07:00,0.3,0.2,0.1,0.0,0.0,0.0,51,920.0,7.0,960.0,32.4,3.81,8.9,177,96,4080.0,1,0.203
2026-07-31T08:00,2.0,0.3,1.7,0.0,0.0,0.0,96,1720.0,7.0,980.0,31.4,2.58,9.2,136,95,8740.0,1,0.224
2026-07-31T09:00,0.4,0.0,0.4,0.0,0.0,0.0,51,1060.0,3.0,725.0,30.1,3.24,8.0,163,91,3720.0,1,0.227
2026-07-31T10:00,0.3,0.3,0.0,0.0,0.0,0.0,51,1370.0,16.0,865.0,30.3,2.14,7.2,164,93,9160.0,1,0.229
2026-07-31T11:00,0.0,0.0,0.0,0.0,0.0,0.0,3,1450.0,27.0,675.0,29.7,1.5,5.0,159,98,17760.0,1,0.23
2026-07-31T12:00,0.0,0.0,0.0,0.0,0.0,0.0,3,1540.0,37.0,435.0,29.1,1.76,3.6,125,80,15720.0,0,0.188
2026-07-31T13:00,0.0,0.0,0.0,0.0,0.0,0.0,2,1300.0,46.0,610.0,28.7,1.42,4.0,138,69,15700.0,0,0.188
2026-07-31T14:00,0.0,0.0,0.0,0.0,0.0,0.0,2,880.0,70.0,545.0,28.4,1.78,4.6,142,55,17740.0,0,0.188
2026-07-31T15:00,0.0,0.0,0.0,0.0,0.0,0.0,3,880.0,32.0,405.0,28.1,1.17,4.5,149,83,15700.0,0,0.188
2026-07-31T16:00,0.0,0.0,0.0,0.0,0.0,0.0,2,870.0,35.0,440.0,27.6,1.17,3.5,140,64,15700.0,0,0.188
2026-07-31T17:00,0.0,0.0,0.0,0.0,0.0,0.0,0,760.0,45.0,705.0,27.3,1.27,3.7,171,13,15460.0,0,0.188
2026-07-31T18:00,0.0,0.0,0.0,0.0,0.0,0.0,1,520.0,46.0,735.0,27.8,2.47,4.4,166,21,15680.0,0,0.179
2026-07-31T19:00,0.0,0.0,0.0,0.0,0.0,0.0,2,300.0,91.0,610.0,27.1,2.49,5.9,165,62,15680.0,0,0.18
2026-07-31T20:00,0.0,0.0,0.0,0.0,0.0,0.0,3,400.0,43.0,520.0,26.7,2.39,5.8,160,97,15280.0,0,0.18
2026-07-31T21:00,0.0,0.0,0.0,0.0,0.0,0.0,3,230.0,122.0,470.0,26.3,2.05,5.6,167,94,15220.0,0,0.18
2026-07-31T22:00,0.0,0.0,0.0,0.0,0.0,0.0,3,220.0,89.0,455.0,25.9,1.28,4.9,159,98,15280.0,0,0.18
2026-07-31T23:00,0.0,0.0,0.0,0.0,0.0,0.0,3,240.0,60.0,455.0,26.5,1.27,3.4,132,100,15380.0,1,0.18
2026-08-01T00:00,0.0,0.0,0.0,0.0,0.0,0.0,1,450.0,17.0,745.0,28.2,1.86,4.3,156,20,15460.0,1,0.187
2026-08-01T01:00,0.0,0.0,0.0,0.0,0.0,0.0,3,650.0,0.0,1090.0,29.8,2.95,7.4,191,95,14940.0,1,0.187
2026-08-01T02:00,0.0,0.0,0.0,0.0,0.0,0.0,3,710.0,0.0,1115.0,30.7,3.09,7.8,189,95,6860.0,1,0.187
2026-08-01T03:00,0.2,0.2,0.0,0.0,0.0,0.0,51,740.0,3.0,1290.0,32.1,3.3,8.3,182,81,6120.0,1,0.189
2026-08-01T04:00,0.4,0.4,0.0,0.0,0.0,0.0,51,610.0,7.0,1320.0,32.9,3.11,8.4,176,77,4100.0,1,0.192
2026-08-01T05:00,0.8,0.7,0.1,0.0,0.0,0.0,53,710.0,8.0,1410.0,33.8,2.5,8.0,180,70,4200.0,1,0.198
2026-08-01T06:00,0.3,0.2,0.1,0.0,0.0,0.0,51,810.0,7.0,1510.0,34.7,1.91,7.1,186,90,5260.0,1,0.202
2026-08-01T07:00,0.2,0.0,0.2,0.0,0.0,0.0,95,1160.0,0.0,1715.0,34.8,2.15,6.4,168,94,22840.0,1,0.204
2026-08-01T08:00,0.0,0.0,0.0,0.0,0.0,0.0,3,1250.0,0.0,1745.0,35.0,2.71,7.2,150,99,22840.0,1,0.205
2026-08-01T09:00,0.0,0.0,0.0,0.0,0.0,0.0,3,1180.0,1.0,1640.0,34.4,2.74,7.2,149,83,22840.0,1,0.205
2026-08-01T10:00,0.0,0.0,0.0,0.0,0.0,0.0,3,700.0,23.0,1270.0,33.3,2.87,6.8,130,98,22820.0,1,0.205
2026-08-01T11:00,0.0,0.0,0.0,0.0,0.0,0.0,3,960.0,30.0,755.0,32.1,2.6,6.6,120,98,19620.0,1,0.205
2026-08-01T12:00,0.0,0.0,0.0,0.0,0.0,0.0,2,1580.0,45.0,260.0,30.8,2.5,5.7,106,73,17640.0,0,0.187
2026-08-01T13:00,0.0,0.0,0.0,0.0,0.0,0.0,3,1430.0,55.0,135.0,30.1,1.79,5.1,113,95,17640.0,0,0.187
2026-08-01T14:00,0.0,0.0,0.0,0.0,0.0,0.0,3,1300.0,59.0,380.0,29.7,2.03,4.6,128,98,17620.0,0,0.187
2026-08-01T15:00,0.0,0.0,0.0,0.0,0.0,0.0,3,1100.0,65.0,370.0,29.3,1.78,4.7,122,100,17620.0,0,0.187
2026-08-01T16:00,0.0,0.0,0.0,0.0,0.0,0.0,3,900.0,74.0,135.0,28.6,1.55,4.3,111,98,17620.0,0,0.187
2026-08-01T17:00,0.0,0.0,0.0,0.0,0.0,0.0,3,820.0,71.0,60.0,28.1,1.12,3.8,100,100,15580.0,0,0.187
2026-08-01T18:00,0.0,0.0,0.0,0.0,0.0,0.0,3,1260.0,43.0,65.0,28.5,1.6,3.1,94,99,15580.0,0,0.184
2026-08-01T19:00,0.0,0.0,0.0,0.0,0.0,0.0,3,1180.0,48.0,45.0,27.5,1.61,3.6,95,98,15580.0,0,0.184
2026-08-01T20:00,0.0,0.0,0.0,0.0,0.0,0.0,2,1120.0,47.0,35.0,27.2,1.26,3.6,97,68,15580.0,0,0.184
2026-08-01T21:00,0.0,0.0,0.0,0.0,0.0,0.0,3,1090.0,50.0,35.0,26.7,1.35,3.0,86,84,13380.0,0,0.184
2026-08-01T22:00,0.0,0.0,0.0,0.0,0.0,0.0,3,1030.0,51.0,20.0,26.0,0.62,2.8,104,89,11540.0,0,0.184
2026-08-01T23:00,0.0,0.0,0.0,0.0,0.0,0.0,2,1030.0,41.0,45.0,26.7,1.28,2.9,111,71,13380.0,1,0.184
2026-08-02T00:00,0.0,0.0,0.0,0.0,0.0,0.0,3,540.0,36.0,555.0,29.5,1.41,3.4,157,93,17580.0,1,0.178
2026-08-02T01:00,0.0,0.0,0.0,0.0,0.0,0.0,3,630.0,2.0,1040.0,30.8,1.39,4.5,159,99,15120.0,1,0.178
2026-08-02T02:00,0.1,0.1,0.0,0.0,0.0,0.0,51,690.0,4.0,1165.0,31.8,1.3,4.6,164,98,8420.0,1,0.178
2026-08-02T03:00,0.1,0.1,0.0,0.0,0.0,0.0,51,810.0,4.0,1350.0,33.2,1.33,5.3,167,96,19540.0,1,0.179
2026-08-02T04:00,0.0,0.0,0.0,0.0,0.0,0.0,3,910.0,5.0,1565.0,34.8,1.28,5.5,149,99,22720.0,1,0.179
2026-08-02T05:00,0.0,0.0,0.0,0.0,0.0,0.0,3,840.0,8.0,1665.0,35.5,1.68,5.9,143,97,22720.0,1,0.179
2026-08-02T06:00,0.0,0.0,0.0,0.0,0.0,0.0,3,930.0,1.0,1820.0,36.1,1.83,6.1,116,97,22700.0,1,0.179
2026-08-02T07:00,0.2,0.1,0.1,0.0,0.0,0.0,51,710.0,2.0,1780.0,35.5,2.29,6.4,110,91,8560.0,1,0.18
2026-08-02T08:00,0.1,0.1,0.0,0.0,0.0,0.0,51,920.0,2.0,1770.0,35.3,2.86,7.6,102,83,16780.0,1,0.181
2026-08-02T09:00,0.5,0.4,0.1,0.0,0.0,0.0,53,480.0,25.0,895.0,31.2,5.28,11.2,127,94,2800.0,1,0.185
2026-08-02T10:00,0.5,0.5,0.0,0.0,0.0,0.0,53,1300.0,44.0,340.0,30.1,1.6,11.4,122,92,11120.0,1,0.189
2026-08-02T11:00,0.2,0.2,0.0,0.0,0.0,0.0,51,910.0,29.0,205.0,28.8,1.39,4.8,64,98,4760.0,1,0.191
2026-08-02T12:00,0.2,0.2,0.0,0.0,0.0,0.0,51,1360.0,19.0,535.0,30.9,1.92,3.2,97,99,17520.0,0,0.159
2026-08-02T13:00,0.0,0.0,0.0,0.0,0.0,0.0,3,1810.0,9.0,140.0,29.7,1.65,4.3,93,99,17520.0,0,0.159
2026-08-02T14:00,2.2,0.0,2.2,0.0,0.0,0.0,96,1170.0,7.0,150.0,25.8,3.03,6.3,292,100,2340.0,0,0.185
2026-08-02T15:00,2.7,1.5,1.2,0.0,0.0,0.0,95,1020.0,16.0,85.0,24.8,1.16,6.8,25,100,2180.0,0,0.22
2026-08-02T16:00,1.2,1.1,0.1,0.0,0.0,0.0,55,1150.0,4.0,85.0,24.9,0.7,3.0,266,96,2900.0,0,0.236
2026-08-02T17:00,0.9,0.4,0.5,0.0,0.0,0.0,53,700.0,5.0,220.0,24.3,2.17,5.5,285,100,2900.0,0,0.249
2026-08-02T18:00,0.7,0.7,0.0,0.0,0.0,0.0,53,1080.0,8.0,110.0,24.8,1.03,4.6,284,100,900.0,0,0.243
2026-08-02T19:00,0.2,0.2,0.0,0.0,0.0,0.0,51,830.0,15.0,80.0,24.5,0.68,2.6,253,100,2000.0,0,0.246
2026-08-02T20:00,0.1,0.1,0.0,0.0,0.0,0.0,51,860.0,9.0,75.0,24.5,0.22,1.8,27,100,4700.0,0,0.247
2026-08-02T21:00,0.5,0.0,0.5,0.0,0.0,0.0,53,750.0,0.0,105.0,24.2,0.14,2.4,135,100,2280.0,0,0.254
2026-08-02T22:00,1.5,0.8,0.7,0.0,0.0,0.0,80,630.0,4.0,95.0,24.3,0.56,2.7,100,100,2600.0,0,0.274
2026-08-02T23:00,2.1,0.8,1.3,0.0,0.0,0.0,80,420.0,1.0,120.0,24.0,1.35,3.2,182,100,1760.0,1,0.303
2026-08-03T00:00,2.5,1.3,1.2,0.0,0.0,0.0,81,790.0,11.0,120.0,25.2,0.86,4.0,126,100,3260.0,1,0.23
2026-08-03T01:00,0.8,0.4,0.4,0.0,0.0,0.0,53,980.0,1.0,155.0,25.2,1.3,3.1,74,100,2980.0,1,0.24
2026-08-03T02:00,0.9,0.6,0.3,0.0,0.0,0.0,53,1060.0,1.0,245.0,26.1,1.23,3.8,78,100,2600.0,1,0.248
2026-08-03T03:00,1.6,0.9,0.7,0.0,0.0,0.0,80,1150.0,0.0,225.0,26.0,0.78,3.9,75,100,2160.0,1,0.269
2026-08-03T04:00,2.2,1.0,1.2,0.0,0.0,0.0,95,1600.0,0.0,225.0,26.2,0.54,2.1,68,100,2240.0,1,0.297
2026-08-03T05:00,1.6,0.7,0.9,0.0,0.0,0.0,95,2210.0,0.0,450.0,26.8,0.94,3.8,65,100,2860.0,1,0.316
2026-08-03T06:00,1.1,0.3,0.8,0.0,0.0,0.0,95,2320.0,0.0,340.0,26.5,1.36,4.2,84,100,2700.0,1,0.321
2026-08-03T07:00,1.3,0.5,0.8,0.0,0.0,0.0,95,1400.0,0.0,230.0,26.2,1.01,4.8,99,100,3520.0,1,0.335
2026-08-03T08:00,0.4,0.3,0.1,0.0,0.0,0.0,51,1370.0,2.0,225.0,26.5,1.03,3.8,119,98,4820.0,1,0.339
2026-08-03T09:00,0.1,0.1,0.0,0.0,0.0,0.0,51,1340.0,4.0,335.0,27.3,0.66,3.5,99,100,9220.0,1,0.34
2026-08-03T10:00,0.1,0.1,0.0,0.0,0.0,0.0,51,1110.0,2.0,275.0,27.2,0.36,2.9,106,100,4040.0,1,0.34
2026-08-03T11:00,0.5,0.5,0.0,0.0,0.0,0.0,53,1230.0,7.0,75.0,26.1,1.01,2.6,110,100,4740.0,1,0.344
2026-08-03T12:00,0.6,0.1,0.5,0.0,0.0,0.0,95,2300.0,2.0,50.0,26.3,0.6,2.3,85,100,3500.0,0,0.331
2026-08-03T13:00,0.4,0.1,0.3,0.0,0.0,0.0,95,1840.0,2.0,65.0,26.2,0.57,1.8,75,100,6080.0,0,0.336
2026-08-03T14:00,2.4,0.4,2.0,0.0,0.0,0.0,95,1170.0,4.0,50.0,25.8,0.55,2.0,90,97,3760.0,0,0.37
2026-08-03T15:00,0.4,0.4,0.0,0.0,0.0,0.0,51,1140.0,3.0,40.0,25.5,0.46,1.6,13,91,4120.0,0,0.374
2026-08-03T16:00,1.8,0.5,1.3,0.0,0.0,0.0,95,810.0,2.0,10.0,24.8,0.2,2.1,90,68,2580.0,0,0.398
2026-08-03T17:00,0.5,0.5,0.0,0.0,0.0,0.0,53,770.0,3.0,40.0,24.6,0.7,1.7,266,99,320.0,0,0.404
2026-08-03T18:00,2.1,0.5,1.6,0.0,0.0,0.0,95,1170.0,6.0,60.0,25.0,0.6,4.3,204,99,1420.0,0,0.435
2026-08-03T19:00,1.0,0.1,0.9,0.0,0.0,0.0,55,680.0,0.0,90.0,24.6,1.19,3.4,242,100,2580.0,0,0.448
2026-08-03T20:00,4.3,0.2,4.1,0.0,0.0,0.0,95,670.0,0.0,55.0,24.3,0.27,3.7,158,97,2080.0,0,0.498
2026-08-03T21:00,2.0,0.9,1.1,0.0,0.0,0.0,80,670.0,5.0,125.0,24.0,1.32,2.9,233,98,2560.0,0,0.502
2026-08-03T22:00,0.9,0.9,0.0,0.0,0.0,0.0,53,630.0,0.0,85.0,23.8,0.94,2.8,302,99,1080.0,0,0.497
2026-08-03T23:00,1.8,0.4,1.4,0.0,0.0,0.0,80,510.0,3.0,170.0,23.7,0.86,3.4,234,100,2260.0,1,0.504
2026-08-04T00:00,1.2,0.3,0.9,0.0,0.0,0.0,55,1030.0,0.0,175.0,25.1,0.45,3.4,6,85,3880.0,1,0.432
2026-08-04T01:00,0.4,0.1,0.3,0.0,0.0,0.0,51,1450.0,0.0,310.0,26.0,0.47,4.0,32,49,5300.0,1,0.434
2026-08-04T02:00,0.2,0.0,0.2,0.0,0.0,0.0,51,1630.0,0.0,660.0,28.1,0.0,4.1,270,66,7360.0,1,0.432
2026-08-04T03:00,0.1,0.0,0.1,0.0,0.0,0.0,51,1790.0,0.0,980.0,29.9,0.49,4.5,246,100,7060.0,1,0.429
2026-08-04T04:00,0.1,0.0,0.1,0.0,0.0,0.0,51,1880.0,0.0,1155.0,31.4,0.49,4.5,66,100,11940.0,1,0.425
2026-08-04T05:00,1.5,0.0,1.5,0.0,0.0,0.0,95,1140.0,2.0,510.0,28.5,3.31,7.2,75,100,2540.0,1,0.437
2026-08-04T06:00,7.6,0.9,6.7,0.0,0.0,0.0,96,1230.0,7.0,265.0,26.2,1.76,9.8,110,99,2280.0,1,0.497
2026-08-04T07:00,1.2,1.2,0.0,0.0,0.0,0.0,55,2020.0,4.0,260.0,27.2,0.75,3.8,90,96,3860.0,1,0.493
2026-08-04T08:00,0.5,0.1,0.4,0.0,0.0,0.0,95,2440.0,0.0,515.0,28.5,1.06,4.2,82,94,4720.0,1,0.486
2026-08-04T09:00,2.0,0.0,2.0,0.0,0.0,0.0,96,1590.0,9.0,155.0,27.2,1.07,4.4,118,95,3040.0,1,0.499
2026-08-04T10:00,0.6,0.6,0.0,0.0,0.0,0.0,53,1930.0,2.0,175.0,26.3,1.36,4.1,107,95,4300.0,1,0.49
2026-08-04T11:00,0.4,0.4,0.0,0.0,0.0,0.0,51,1830.0,4.0,185.0,26.2,1.5,3.7,94,96,4560.0,1,0.484
2026-08-04T12:00,3.6,0.0,3.6,0.0,0.0,0.0,96,1970.0,4.0,185.0,26.0,1.92,3.3,65,96,4140.0,0,0.499
2026-08-04T13:00,1.6,0.2,1.4,0.0,0.0,0.0,95,1030.0,0.0,120.0,25.1,1.2,4.2,107,95,2560.0,0,0.502
2026-08-04T14:00,1.2,0.3,0.9,0.0,0.0,0.0,55,1010.0,0.0,140.0,24.4,1.7,3.5,45,100,3240.0,0,0.502
2026-08-04T15:00,2.6,0.4,2.2,0.0,0.0,0.0,95,860.0,0.0,40.0,24.2,0.46,3.5,283,100,1980.0,0,0.507
2026-08-04T16:00,1.7,0.8,0.9,0.0,0.0,0.0,80,850.0,0.0,80.0,23.9,0.68,3.0,306,100,1840.0,0,0.509
2026-08-04T17:00,3.2,0.8,2.4,0.0,0.0,0.0,95,830.0,0.0,135.0,23.7,1.61,4.1,286,100,2000.0,0,0.508
2026-08-04T18:00,0.6,0.6,0.0,0.0,0.0,0.0,53,850.0,0.0,100.0,24.3,0.74,4.5,290,100,2280.0,0,0.496
2026-08-04T19:00,0.4,0.4,0.0,0.0,0.0,0.0,51,830.0,2.0,120.0,24.0,1.17,2.8,290,100,3400.0,0,0.492
2026-08-04T20:00,0.1,0.1,0.0,0.0,0.0,0.0,51,760.0,1.0,130.0,23.7,1.33,3.0,290,100,740.0,0,0.486
2026-08-04T21:00,2.0,0.1,1.9,0.0,0.0,0.0,95,840.0,0.0,15.0,23.2,0.11,3.1,243,100,940.0,0,0.506
2026-08-04T22:00,9.2,1.1,8.1,0.0,0.0,0.0,95,590.0,2.0,90.0,23.1,1.08,3.3,283,91,2220.0,0,0.502
2026-08-04T23:00,1.2,1.2,0.0,0.0,0.0,0.0,55,780.0,0.0,150.0,23.1,1.36,3.6,278,100,2560.0,1,0.505
